-- MySQL dump 10.14  Distrib 5.5.58-MariaDB, for debian-linux-gnu (x86_64)
--
-- Host: localhost    Database: mct
-- ------------------------------------------------------
-- Server version	5.5.58-MariaDB-1ubuntu0.14.04.1

/*!40101 SET @OLD_CHARACTER_SET_CLIENT=@@CHARACTER_SET_CLIENT */;
/*!40101 SET @OLD_CHARACTER_SET_RESULTS=@@CHARACTER_SET_RESULTS */;
/*!40101 SET @OLD_COLLATION_CONNECTION=@@COLLATION_CONNECTION */;
/*!40101 SET NAMES utf8 */;
/*!40103 SET @OLD_TIME_ZONE=@@TIME_ZONE */;
/*!40103 SET TIME_ZONE='+00:00' */;
/*!40014 SET @OLD_UNIQUE_CHECKS=@@UNIQUE_CHECKS, UNIQUE_CHECKS=0 */;
/*!40014 SET @OLD_FOREIGN_KEY_CHECKS=@@FOREIGN_KEY_CHECKS, FOREIGN_KEY_CHECKS=0 */;
/*!40101 SET @OLD_SQL_MODE=@@SQL_MODE, SQL_MODE='NO_AUTO_VALUE_ON_ZERO' */;
/*!40111 SET @OLD_SQL_NOTES=@@SQL_NOTES, SQL_NOTES=0 */;

--
-- Table structure for table `DIVISION`
--

DROP TABLE IF EXISTS `DIVISION`;
/*!40101 SET @saved_cs_client     = @@character_set_client */;
/*!40101 SET character_set_client = utf8 */;
CREATE TABLE `DIVISION` (
  `division` int(11) NOT NULL,
  `wo` tinyint(1) DEFAULT '0',
  PRIMARY KEY (`division`)
) ENGINE=InnoDB DEFAULT CHARSET=utf8;
/*!40101 SET character_set_client = @saved_cs_client */;

--
-- Dumping data for table `DIVISION`
--

LOCK TABLES `DIVISION` WRITE;
/*!40000 ALTER TABLE `DIVISION` DISABLE KEYS */;
/*!40000 ALTER TABLE `DIVISION` ENABLE KEYS */;
UNLOCK TABLES;

--
-- Table structure for table `FIELDS`
--

DROP TABLE IF EXISTS `FIELDS`;
/*!40101 SET @saved_cs_client     = @@character_set_client */;
/*!40101 SET character_set_client = utf8 */;
CREATE TABLE `FIELDS` (
  `operation` int(11) NOT NULL,
  `fields` varchar(45) NOT NULL,
  PRIMARY KEY (`operation`)
) ENGINE=InnoDB DEFAULT CHARSET=utf8;
/*!40101 SET character_set_client = @saved_cs_client */;

--
-- Dumping data for table `FIELDS`
--

LOCK TABLES `FIELDS` WRITE;
/*!40000 ALTER TABLE `FIELDS` DISABLE KEYS */;
INSERT INTO `FIELDS` VALUES (0,'name mem image vcpus disk uuid');
/*!40000 ALTER TABLE `FIELDS` ENABLE KEYS */;
UNLOCK TABLES;

--
-- Table structure for table `PLAYER`
--

DROP TABLE IF EXISTS `PLAYER`;
/*!40101 SET @saved_cs_client     = @@character_set_client */;
/*!40101 SET character_set_client = utf8 */;
CREATE TABLE `PLAYER` (
  `id` int(11) NOT NULL AUTO_INCREMENT,
  `name` varchar(45) NOT NULL,
  `address` varchar(45) NOT NULL,
  `division` int(11) DEFAULT NULL,
  `score` double DEFAULT '0',
  `history` int(11) DEFAULT '0',
  `fairness` double DEFAULT '0',
  `accepts` int(11) DEFAULT '0',
  `rejects` int(11) DEFAULT '0',
  `running` int(11) DEFAULT '0',
  `finished` int(11) DEFAULT '0',
  `problem_del` int(11) DEFAULT '0',
  `vcpus` int(11) DEFAULT '0',
  `memory` bigint(20) DEFAULT '0',
  `local_gb` bigint(20) DEFAULT '0',
  `vcpus_used` bigint(20) DEFAULT '0',
  `memory_used` bigint(20) DEFAULT '0',
  `local_gb_used` bigint(20) DEFAULT '0',
  `max_instance` int(11) DEFAULT '0',
  `token` varchar(45) DEFAULT NULL,
  `suspend` timestamp NULL DEFAULT NULL,
  `enabled` int(11) DEFAULT '0',
  `last_choice` timestamp NOT NULL DEFAULT '2018-01-01 02:00:00',
  `playoff` tinyint(1) DEFAULT '0',
  `cushion` tinyint(1) DEFAULT '0',
  PRIMARY KEY (`id`)
) ENGINE=InnoDB AUTO_INCREMENT=11 DEFAULT CHARSET=utf8;
/*!40101 SET character_set_client = @saved_cs_client */;

--
-- Dumping data for table `PLAYER`
--

LOCK TABLES `PLAYER` WRITE;
/*!40000 ALTER TABLE `PLAYER` DISABLE KEYS */;
INSERT INTO `PLAYER` VALUES (1,'playerVirtual1','192.168.0.200',2,-2.37,0,0.529411764705882,9,14,9,0,0,1023,1047552,10230,12,21504,202,9,'37e414d3ad62b27dfd2d3bb16a71b6862d58dcb6',NULL,1,'2018-03-16 18:29:07',1,0),(2,'playerVirtual2','192.168.0.200',4,-7.67,0,0.5,2,9,0,2,0,1023,1047552,10230,0,0,0,2,'df3894c59698120d914897a352550f42d27ed3d6',NULL,0,'2018-03-16 17:05:12',1,0),(3,'playerVirtual0','192.168.0.200',4,-5,0,0.6,1,5,1,0,0,1023,1047552,10230,1,2048,20,1,'c1232f0190745a2d59e26e47087bf2b63b6bd653',NULL,0,'2018-03-16 16:52:49',1,0),(4,'playerVirtual3','192.168.0.200',1,11.95,49,0.5,9,0,7,2,0,1023,1047552,10230,10,17408,162,9,'a7e381414bc46bc502b1a1651cb85908506c58d2',NULL,1,'2018-03-16 16:50:43',0,0),(5,'playerVirtual4','192.168.0.200',4,-5.67,0,0,5,7,5,0,0,1023,1047552,10230,5,8704,81,5,'a3ab3f5d123ce07516daca27deda7981f2dfaf81',NULL,0,'2018-03-16 17:05:16',1,0),(6,'playerVirtual5','192.168.0.200',4,-1.68,0,0.5,9,7,7,2,0,1023,1047552,10230,7,11264,102,7,'29a807ad4ad859c530a04eed482957e70881c12e',NULL,0,'2018-03-16 20:16:37',1,0),(7,'playerVirtual6','192.168.0.200',4,-0.67,0,0,1,2,0,1,0,1023,1047552,10230,0,0,0,1,'c52a68a5c801620a99bff7e60fa95ed3bd41f9e3',NULL,0,'2018-03-16 18:34:46',1,0),(8,'playerVirtual7','192.168.0.200',2,7.97,13,1,12,0,9,3,0,1023,1047552,10230,10,11264,86,9,'c5af8b72d293fc24b67efbbcd1e8ab2d38685937',NULL,1,'2018-03-16 20:35:53',0,0),(9,'playerVirtual8','192.168.0.200',3,1.66,21,1,3,2,2,1,0,1023,1047552,10230,2,1024,2,2,'430e3ba78d046a31572c07b9e9a3861c759607c5',NULL,1,'2018-03-16 20:35:50',0,0),(10,'playerVirtual9','192.168.0.200',3,3.32,5,0.5,15,0,6,9,0,1023,1047552,10230,8,14848,141,8,'2f483de1486dd3cc7a812abc0939176908e835f7',NULL,1,'2018-03-16 20:33:27',0,0);
/*!40000 ALTER TABLE `PLAYER` ENABLE KEYS */;
UNLOCK TABLES;

--
-- Table structure for table `REQUEST`
--

DROP TABLE IF EXISTS `REQUEST`;
/*!40101 SET @saved_cs_client     = @@character_set_client */;
/*!40101 SET character_set_client = utf8 */;
CREATE TABLE `REQUEST` (
  `id` int(11) NOT NULL AUTO_INCREMENT,
  `player_id` varchar(45) NOT NULL,
  `request_id` varchar(45) NOT NULL,
  `action` int(11) NOT NULL,
  `timestamp_received` timestamp NULL DEFAULT NULL,
  `timestamp_finished` timestamp NULL DEFAULT NULL,
  `status` int(11) NOT NULL,
  PRIMARY KEY (`id`)
) ENGINE=InnoDB AUTO_INCREMENT=440 DEFAULT CHARSET=utf8;
/*!40101 SET character_set_client = @saved_cs_client */;

--
-- Dumping data for table `REQUEST`
--

LOCK TABLES `REQUEST` WRITE;
/*!40000 ALTER TABLE `REQUEST` DISABLE KEYS */;
INSERT INTO `REQUEST` VALUES (1,'playerVirtual2','playerVirtual2_99eb39578c',4,'2018-03-16 16:28:00',NULL,0),(2,'playerVirtual1','playerVirtual1_f110b19d19',4,'2018-03-16 16:28:00',NULL,0),(3,'playerVirtual0','playerVirtual0_fd32216b30',4,'2018-03-16 16:28:00',NULL,0),(4,'playerVirtual2','playerVirtual2_450512000',0,'2018-03-16 16:29:01',NULL,0),(5,'playerVirtual2','playerVirtual2_450512000',0,'2018-03-16 16:29:01',NULL,0),(6,'playerVirtual1','playerVirtual1_1438244924',0,'2018-03-16 16:29:03',NULL,0),(7,'playerVirtual1','playerVirtual1_1438244924',0,'2018-03-16 16:29:04',NULL,0),(8,'playerVirtual0','playerVirtual0_640692267',0,'2018-03-16 16:29:06',NULL,0),(9,'playerVirtual0','playerVirtual0_640692267',0,'2018-03-16 16:29:07',NULL,0),(10,'playerVirtual2','playerVirtual2_9b48aabb8b',3,'2018-03-16 16:30:01',NULL,0),(11,'playerVirtual1','playerVirtual1_d53e0b1f8f',3,'2018-03-16 16:30:03',NULL,0),(12,'playerVirtual0','playerVirtual0_31da3c6b6e',3,'2018-03-16 16:30:07',NULL,0),(13,'playerVirtual2','playerVirtual2_2381571381',0,'2018-03-16 16:31:07',NULL,0),(14,'playerVirtual2','playerVirtual2_2381571381',0,'2018-03-16 16:31:08',NULL,0),(15,'playerVirtual1','playerVirtual1_5297461910',0,'2018-03-16 16:31:09',NULL,0),(16,'playerVirtual1','playerVirtual1_5297461910',0,'2018-03-16 16:31:09',NULL,0),(17,'playerVirtual0','playerVirtual0_2790332778',0,'2018-03-16 16:31:12',NULL,0),(18,'playerVirtual0','playerVirtual0_2790332778',0,'2018-03-16 16:31:12',NULL,0),(19,'playerVirtual2','playerVirtual2_e1e82ea5ce',4,'2018-03-16 16:32:08',NULL,0),(20,'playerVirtual1','playerVirtual1_f7b12b6f16',4,'2018-03-16 16:32:09',NULL,0),(21,'playerVirtual0','playerVirtual0_03f12847fd',4,'2018-03-16 16:32:12',NULL,0),(22,'playerVirtual3','playerVirtual3_1d7b78d571',4,'2018-03-16 16:33:02',NULL,0),(23,'playerVirtual2','playerVirtual2_369721705',0,'2018-03-16 16:33:14',NULL,0),(24,'playerVirtual2','playerVirtual2_369721705',0,'2018-03-16 16:33:14',NULL,0),(25,'playerVirtual1','playerVirtual1_317469422',0,'2018-03-16 16:33:16',NULL,0),(26,'playerVirtual1','playerVirtual1_317469422',0,'2018-03-16 16:33:16',NULL,0),(27,'playerVirtual0','playerVirtual0_6955737',0,'2018-03-16 16:33:19',NULL,0),(28,'playerVirtual0','playerVirtual0_6955737',0,'2018-03-16 16:33:19',NULL,0),(29,'playerVirtual2','playerVirtual2_ff72d5b627',3,'2018-03-16 16:34:14',NULL,0),(30,'playerVirtual3','playerVirtual3_257338104',0,'2018-03-16 16:34:15',NULL,0),(31,'playerVirtual3','playerVirtual3_257338104',0,'2018-03-16 16:34:16',NULL,0),(32,'playerVirtual1','playerVirtual1_504897811a',3,'2018-03-16 16:34:16',NULL,0),(33,'playerVirtual0','playerVirtual0_cd890abe7b',3,'2018-03-16 16:34:19',NULL,0),(34,'playerVirtual3','playerVirtual3_dadc7d7f95',3,'2018-03-16 16:35:16',NULL,0),(35,'playerVirtual2','playerVirtual2_3584940347',0,'2018-03-16 16:35:21',NULL,0),(36,'playerVirtual2','playerVirtual2_3584940347',0,'2018-03-16 16:35:22',NULL,0),(37,'playerVirtual1','playerVirtual1_2433236783',0,'2018-03-16 16:35:22',NULL,0),(38,'playerVirtual1','playerVirtual1_2433236783',0,'2018-03-16 16:35:23',NULL,0),(39,'playerVirtual0','playerVirtual0_3338579772',0,'2018-03-16 16:35:26',NULL,0),(40,'playerVirtual0','playerVirtual0_3338579772',0,'2018-03-16 16:35:27',NULL,0),(41,'playerVirtual3','playerVirtual3_257407216',0,'2018-03-16 16:36:17',NULL,0),(42,'playerVirtual3','playerVirtual3_257407216',0,'2018-03-16 16:36:17',NULL,0),(43,'playerVirtual2','playerVirtual2_273d1a08c2',4,'2018-03-16 16:36:22',NULL,0),(44,'playerVirtual1','playerVirtual1_294f4d32af',4,'2018-03-16 16:36:23',NULL,0),(45,'playerVirtual0','playerVirtual0_bdb908545e',4,'2018-03-16 16:36:27',NULL,0),(46,'playerVirtual3','playerVirtual3_9146b3de11',4,'2018-03-16 16:37:17',NULL,0),(47,'playerVirtual2','playerVirtual2_182859403',0,'2018-03-16 16:37:36',NULL,0),(48,'playerVirtual2','playerVirtual2_182859403',0,'2018-03-16 16:37:36',NULL,0),(49,'playerVirtual1','playerVirtual1_2359368952',0,'2018-03-16 16:37:41',NULL,0),(50,'playerVirtual1','playerVirtual1_2359368952',0,'2018-03-16 16:37:41',NULL,0),(51,'playerVirtual0','playerVirtual0_16917741',0,'2018-03-16 16:37:47',NULL,0),(52,'playerVirtual0','playerVirtual0_16917741',0,'2018-03-16 16:37:48',NULL,0),(53,'playerVirtual4','playerVirtual4_74e93b14de',4,'2018-03-16 16:38:02',NULL,0),(54,'playerVirtual2','playerVirtual2_437e7cf3c6',3,'2018-03-16 16:38:36',NULL,0),(55,'playerVirtual1','playerVirtual1_5c127f890d',3,'2018-03-16 16:38:41',NULL,0),(56,'playerVirtual0','playerVirtual0_f8cecff8f7',3,'2018-03-16 16:38:47',NULL,0),(57,'playerVirtual3','playerVirtual3_2545640208',0,'2018-03-16 16:38:52',NULL,0),(58,'playerVirtual3','playerVirtual3_2545640208',0,'2018-03-16 16:38:53',NULL,0),(59,'playerVirtual4','playerVirtual4_908315',0,'2018-03-16 16:39:40',NULL,0),(60,'playerVirtual4','playerVirtual4_908315',0,'2018-03-16 16:39:40',NULL,0),(61,'playerVirtual3','playerVirtual3_f7d6e29971',3,'2018-03-16 16:39:53',NULL,0),(62,'playerVirtual2','playerVirtual2_539194189',0,'2018-03-16 16:40:07',NULL,0),(63,'playerVirtual2','playerVirtual2_539194189',0,'2018-03-16 16:40:08',NULL,0),(64,'playerVirtual4','playerVirtual4_aa05413f4d',3,'2018-03-16 16:40:40',NULL,0),(65,'playerVirtual1','playerVirtual1_4820204870',0,'2018-03-16 16:40:49',NULL,0),(66,'playerVirtual1','playerVirtual1_4820204870',0,'2018-03-16 16:40:50',NULL,0),(67,'playerVirtual2','playerVirtual2_5f5ddd9747',4,'2018-03-16 16:41:07',NULL,0),(68,'playerVirtual0','playerVirtual0_8058564',0,'2018-03-16 16:41:44',NULL,0),(69,'playerVirtual0','playerVirtual0_8058564',0,'2018-03-16 16:41:44',NULL,0),(70,'playerVirtual1','playerVirtual1_296e176f51',4,'2018-03-16 16:41:50',NULL,0),(71,'playerVirtual3','playerVirtual3_1429160667',0,'2018-03-16 16:42:35',NULL,0),(72,'playerVirtual3','playerVirtual3_1429160667',0,'2018-03-16 16:42:36',NULL,0),(73,'playerVirtual0','playerVirtual0_962585e24e',4,'2018-03-16 16:42:45',NULL,0),(74,'playerVirtual4','playerVirtual4_3338010893',0,'2018-03-16 16:43:21',NULL,0),(75,'playerVirtual4','playerVirtual4_3338010893',0,'2018-03-16 16:43:22',NULL,0),(76,'playerVirtual3','playerVirtual3_b57e41b235',4,'2018-03-16 16:43:36',NULL,0),(77,'playerVirtual2','playerVirtual2_82730999',0,'2018-03-16 16:43:59',NULL,0),(78,'playerVirtual2','playerVirtual2_82730999',0,'2018-03-16 16:44:00',NULL,0),(79,'playerVirtual1','playerVirtual1_351652724',0,'2018-03-16 16:44:16',NULL,0),(80,'playerVirtual0','playerVirtual0_6571218',0,'2018-03-16 16:44:19',NULL,0),(81,'playerVirtual1','playerVirtual1_351652724',0,'2018-03-16 16:44:21',NULL,0),(82,'playerVirtual0','playerVirtual0_6571218',0,'2018-03-16 16:44:21',NULL,0),(83,'playerVirtual4','playerVirtual4_11ef130488',4,'2018-03-16 16:44:23',NULL,0),(84,'playerVirtual2','playerVirtual2_e2098d49cb',3,'2018-03-16 16:44:59',NULL,0),(85,'playerVirtual1','playerVirtual1_bce86a48dc',3,'2018-03-16 16:45:17',NULL,0),(86,'playerVirtual0','playerVirtual0_361db988b3',3,'2018-03-16 16:45:22',NULL,0),(87,'playerVirtual3','playerVirtual3_778566023',0,'2018-03-16 16:45:23',NULL,0),(88,'playerVirtual3','playerVirtual3_778566023',0,'2018-03-16 16:45:24',NULL,0),(89,'playerVirtual4','playerVirtual4_1436344784',0,'2018-03-16 16:46:25',NULL,0),(90,'playerVirtual3','playerVirtual3_3d9383f5bf',3,'2018-03-16 16:46:26',NULL,0),(91,'playerVirtual4','playerVirtual4_1436344784',0,'2018-03-16 16:46:27',NULL,0),(92,'playerVirtual2','playerVirtual2_1339662',0,'2018-03-16 16:46:40',NULL,0),(93,'playerVirtual2','playerVirtual2_1339662',0,'2018-03-16 16:46:41',NULL,0),(94,'playerVirtual4','playerVirtual4_0e72aafea7',3,'2018-03-16 16:47:27',NULL,0),(95,'playerVirtual1','playerVirtual1_317497342',0,'2018-03-16 16:47:28',NULL,0),(96,'playerVirtual1','playerVirtual1_317497342',0,'2018-03-16 16:47:30',NULL,0),(97,'playerVirtual2','playerVirtual2_0ec889fc45',4,'2018-03-16 16:47:41',NULL,0),(98,'playerVirtual0','playerVirtual0_284794223',0,'2018-03-16 16:48:18',NULL,0),(99,'playerVirtual0','playerVirtual0_284794223',0,'2018-03-16 16:48:18',NULL,0),(100,'playerVirtual1','playerVirtual1_d30115e1e7',4,'2018-03-16 16:48:26',NULL,0),(101,'playerVirtual3','playerVirtual3_359920779',0,'2018-03-16 16:49:11',NULL,0),(102,'playerVirtual3','playerVirtual3_359920779',0,'2018-03-16 16:49:11',NULL,0),(103,'playerVirtual0','playerVirtual0_cc74cf28e8',4,'2018-03-16 16:49:18',NULL,0),(104,'playerVirtual4','playerVirtual4_904011',0,'2018-03-16 16:49:56',NULL,0),(105,'playerVirtual4','playerVirtual4_904011',0,'2018-03-16 16:49:57',NULL,0),(106,'playerVirtual3','playerVirtual3_2964ec59df',4,'2018-03-16 16:50:11',NULL,0),(107,'playerVirtual2','playerVirtual2_2904109077',0,'2018-03-16 16:50:34',NULL,0),(108,'playerVirtual2','playerVirtual2_2904109077',0,'2018-03-16 16:50:34',NULL,0),(109,'playerVirtual1','playerVirtual1_257338074',0,'2018-03-16 16:50:43',NULL,0),(110,'playerVirtual1','playerVirtual1_257338074',0,'2018-03-16 16:50:44',NULL,0),(111,'playerVirtual0','playerVirtual0_905614',0,'2018-03-16 16:50:47',NULL,0),(112,'playerVirtual0','playerVirtual0_905614',0,'2018-03-16 16:50:48',NULL,0),(113,'playerVirtual4','playerVirtual4_e732c4ab6a',4,'2018-03-16 16:50:56',NULL,0),(114,'playerVirtual2','playerVirtual2_acc3e08035',3,'2018-03-16 16:51:34',NULL,0),(115,'playerVirtual1','playerVirtual1_d417f99b35',3,'2018-03-16 16:51:43',NULL,0),(116,'playerVirtual0','playerVirtual0_2a77a96bdb',3,'2018-03-16 16:51:48',NULL,0),(117,'playerVirtual3','playerVirtual3_1093460',0,'2018-03-16 16:51:56',NULL,0),(118,'playerVirtual3','playerVirtual3_1093460',0,'2018-03-16 16:51:56',NULL,0),(119,'playerVirtual4','playerVirtual4_6569547',0,'2018-03-16 16:52:49',NULL,0),(120,'playerVirtual4','playerVirtual4_6569547',0,'2018-03-16 16:52:49',NULL,0),(121,'playerVirtual3','playerVirtual3_6ea60f83de',3,'2018-03-16 16:52:56',NULL,0),(122,'playerVirtual2','playerVirtual2_470485660',0,'2018-03-16 16:53:17',NULL,0),(123,'playerVirtual2','playerVirtual2_470485660',0,'2018-03-16 16:53:18',NULL,0),(124,'playerVirtual4','playerVirtual4_b88e732609',3,'2018-03-16 16:53:49',NULL,0),(125,'playerVirtual1','playerVirtual1_30788568',0,'2018-03-16 16:54:06',NULL,0),(126,'playerVirtual1','playerVirtual1_30788568',0,'2018-03-16 16:54:06',NULL,0),(127,'playerVirtual2','playerVirtual2_e01fa1babe',4,'2018-03-16 16:54:18',NULL,0),(128,'playerVirtual0','playerVirtual0_5792765',0,'2018-03-16 16:54:59',NULL,0),(129,'playerVirtual0','playerVirtual0_5792765',0,'2018-03-16 16:54:59',NULL,0),(130,'playerVirtual1','playerVirtual1_0fb98a3fa4',4,'2018-03-16 16:55:06',NULL,0),(131,'playerVirtual3','playerVirtual3_38671842',0,'2018-03-16 16:55:57',NULL,0),(132,'playerVirtual3','playerVirtual3_38671842',0,'2018-03-16 16:55:58',NULL,0),(133,'playerVirtual4','playerVirtual4_400453824',0,'2018-03-16 16:56:44',NULL,0),(134,'playerVirtual4','playerVirtual4_400453824',0,'2018-03-16 16:56:44',NULL,0),(135,'playerVirtual3','playerVirtual3_3127606195',4,'2018-03-16 16:56:58',NULL,0),(136,'playerVirtual2','playerVirtual2_4820318661',0,'2018-03-16 16:57:30',NULL,0),(137,'playerVirtual2','playerVirtual2_4820318661',0,'2018-03-16 16:57:30',NULL,0),(138,'playerVirtual1','playerVirtual1_4819935267',0,'2018-03-16 16:57:40',NULL,0),(139,'playerVirtual1','playerVirtual1_4819935267',0,'2018-03-16 16:57:41',NULL,0),(140,'playerVirtual4','playerVirtual4_8735a18d7c',4,'2018-03-16 16:57:44',NULL,0),(141,'playerVirtual2','playerVirtual2_3b97e82fbb',3,'2018-03-16 16:58:30',NULL,0),(142,'playerVirtual1','playerVirtual1_82544b86e5',3,'2018-03-16 16:58:40',NULL,0),(143,'playerVirtual3','playerVirtual3_6264344062',0,'2018-03-16 16:58:56',NULL,0),(144,'playerVirtual3','playerVirtual3_6264344062',0,'2018-03-16 16:58:56',NULL,0),(145,'playerVirtual3','playerVirtual3_204af45dc7',3,'2018-03-16 16:59:56',NULL,0),(146,'playerVirtual4','playerVirtual4_2378747961',0,'2018-03-16 16:59:59',NULL,0),(147,'playerVirtual4','playerVirtual4_2378747961',0,'2018-03-16 16:59:59',NULL,0),(148,'playerVirtual2','playerVirtual2_5068098508',0,'2018-03-16 17:00:31',NULL,0),(149,'playerVirtual2','playerVirtual2_5068098508',0,'2018-03-16 17:00:31',NULL,0),(150,'playerVirtual4','playerVirtual4_23c86ffe33',3,'2018-03-16 17:00:59',NULL,0),(151,'playerVirtual2','playerVirtual2_4d6c3aa644',4,'2018-03-16 17:01:31',NULL,0),(152,'playerVirtual1','playerVirtual1_2359368952',1,'2018-03-16 17:02:17',NULL,0),(153,'playerVirtual1','playerVirtual1_d11370b856',4,'2018-03-16 17:02:18',NULL,0),(154,'playerVirtual1','playerVirtual1_2359368952',1,'2018-03-16 17:02:18',NULL,0),(155,'playerVirtual3','playerVirtual3_227443932',0,'2018-03-16 17:04:25',NULL,0),(156,'playerVirtual3','playerVirtual3_227443932',0,'2018-03-16 17:04:26',NULL,0),(157,'playerVirtual4','playerVirtual4_1095593',0,'2018-03-16 17:05:12',NULL,0),(158,'playerVirtual4','playerVirtual4_1095593',0,'2018-03-16 17:05:12',NULL,0),(159,'playerVirtual1','playerVirtual1_563574327',0,'2018-03-16 17:05:16',NULL,0),(160,'playerVirtual1','playerVirtual1_563574327',0,'2018-03-16 17:05:16',NULL,0),(161,'playerVirtual3','playerVirtual3_fc10e6260a',4,'2018-03-16 17:05:26',NULL,0),(162,'playerVirtual1','playerVirtual1_ca0644ae6a',3,'2018-03-16 17:06:16',NULL,0),(163,'playerVirtual3','playerVirtual3_765651',0,'2018-03-16 17:07:36',NULL,0),(164,'playerVirtual3','playerVirtual3_765651',0,'2018-03-16 17:07:37',NULL,0),(165,'playerVirtual3','playerVirtual3_4687472feb',3,'2018-03-16 17:08:36',NULL,0),(166,'playerVirtual1','playerVirtual1_5623125514',0,'2018-03-16 17:10:02',NULL,0),(167,'playerVirtual1','playerVirtual1_ab67bfe211',4,'2018-03-16 17:11:02',NULL,0),(168,'playerVirtual3','playerVirtual3_284757920',0,'2018-03-16 17:13:11',NULL,0),(169,'playerVirtual3','playerVirtual3_284757920',0,'2018-03-16 17:13:12',NULL,0),(170,'playerVirtual1','playerVirtual1_272887063',0,'2018-03-16 17:14:04',NULL,0),(171,'playerVirtual3','playerVirtual3_877c35020b',4,'2018-03-16 17:14:11',NULL,0),(172,'playerVirtual1','playerVirtual1_ea62a73d7f',3,'2018-03-16 17:15:04',NULL,0),(173,'playerVirtual3','playerVirtual3_6274355716',0,'2018-03-16 17:16:26',NULL,0),(174,'playerVirtual3','playerVirtual3_6274355716',0,'2018-03-16 17:16:26',NULL,0),(175,'playerVirtual3','playerVirtual3_65de7c44b2',3,'2018-03-16 17:17:26',NULL,0),(176,'playerVirtual1','playerVirtual1_38676294',0,'2018-03-16 17:18:54',NULL,0),(177,'playerVirtual1','playerVirtual1_58c8f57d7a',4,'2018-03-16 17:19:55',NULL,0),(178,'playerVirtual3','playerVirtual3_182859403',0,'2018-03-16 17:23:05',NULL,0),(179,'playerVirtual3','playerVirtual3_182859403',0,'2018-03-16 17:23:06',NULL,0),(180,'playerVirtual3','playerVirtual3_c0bf880c64',4,'2018-03-16 17:24:06',NULL,0),(181,'playerVirtual1','playerVirtual1_4820204870',1,'2018-03-16 17:24:12',NULL,0),(182,'playerVirtual1','playerVirtual1_da5543d01c',3,'2018-03-16 17:24:12',NULL,0),(183,'playerVirtual1','playerVirtual1_4820204870',1,'2018-03-16 17:24:12',NULL,0),(184,'playerVirtual3','playerVirtual3_4820204870',0,'2018-03-16 17:26:35',NULL,0),(185,'playerVirtual3','playerVirtual3_4820204870',0,'2018-03-16 17:26:35',NULL,0),(186,'playerVirtual3','playerVirtual3_5c7228aa09',3,'2018-03-16 17:27:35',NULL,0),(187,'playerVirtual1','playerVirtual1_990694203',0,'2018-03-16 17:28:20',NULL,0),(188,'playerVirtual1','playerVirtual1_f57fb81fc6',4,'2018-03-16 17:29:20',NULL,0),(189,'playerVirtual3','playerVirtual3_d5655468c4',4,'2018-03-16 17:33:14',NULL,0),(190,'playerVirtual1','playerVirtual1_cf3483f645',3,'2018-03-16 17:33:39',NULL,0),(191,'playerVirtual3','playerVirtual3_990694203',0,'2018-03-16 17:36:15',NULL,0),(192,'playerVirtual3','playerVirtual3_990694203',0,'2018-03-16 17:36:15',NULL,0),(193,'playerVirtual3','playerVirtual3_a6811f57fe',3,'2018-03-16 17:37:14',NULL,0),(194,'playerVirtual1','playerVirtual1_6280638724',0,'2018-03-16 17:38:04',NULL,0),(195,'playerVirtual1','playerVirtual1_f322427b88',4,'2018-03-16 17:39:04',NULL,0),(196,'playerVirtual3','playerVirtual3_2414b4ad92',4,'2018-03-16 17:42:53',NULL,0),(197,'playerVirtual1','playerVirtual1_6280643141',0,'2018-03-16 17:43:23',NULL,0),(198,'playerVirtual5','playerVirtual5_20c06d8dfd',4,'2018-03-16 17:43:50',NULL,0),(199,'playerVirtual1','playerVirtual1_16a7be2096',3,'2018-03-16 17:44:23',NULL,0),(200,'playerVirtual3','playerVirtual3_4476462938',0,'2018-03-16 17:46:08',NULL,0),(201,'playerVirtual3','playerVirtual3_4476462938',0,'2018-03-16 17:46:08',NULL,0),(202,'playerVirtual3','playerVirtual3_417b2f0b76',3,'2018-03-16 17:47:08',NULL,0),(203,'playerVirtual1','playerVirtual1_a754e5f549',4,'2018-03-16 17:49:04',NULL,0),(204,'playerVirtual5','playerVirtual5_272887063',0,'2018-03-16 17:51:51',NULL,0),(205,'playerVirtual5','playerVirtual5_ef77a6fa68',3,'2018-03-16 17:52:51',NULL,0),(206,'playerVirtual3','playerVirtual3_6282149131',0,'2018-03-16 17:52:55',NULL,0),(207,'playerVirtual3','playerVirtual3_6282149131',0,'2018-03-16 17:52:56',NULL,0),(208,'playerVirtual1','playerVirtual1_2359368952',0,'2018-03-16 17:53:25',NULL,0),(209,'playerVirtual1','playerVirtual1_73e69bf1a8',3,'2018-03-16 17:53:25',NULL,0),(210,'playerVirtual1','playerVirtual1_2359368952',0,'2018-03-16 17:53:26',NULL,0),(211,'playerVirtual3','playerVirtual3_98a690cfa0',4,'2018-03-16 17:53:55',NULL,0),(212,'playerVirtual5','playerVirtual5_1436323714',0,'2018-03-16 17:54:06',NULL,0),(213,'playerVirtual5','playerVirtual5_c0eeb34f5a',4,'2018-03-16 17:55:06',NULL,0),(214,'playerVirtual3','playerVirtual3_214880781',0,'2018-03-16 17:57:34',NULL,0),(215,'playerVirtual3','playerVirtual3_214880781',0,'2018-03-16 17:57:34',NULL,0),(216,'playerVirtual1','playerVirtual1_682797',0,'2018-03-16 17:58:27',NULL,0),(217,'playerVirtual1','playerVirtual1_682797',0,'2018-03-16 17:58:27',NULL,0),(218,'playerVirtual3','playerVirtual3_e1a7acb9c8',3,'2018-03-16 17:58:34',NULL,0),(219,'playerVirtual1','playerVirtual1_e82cad18e4',4,'2018-03-16 17:59:27',NULL,0),(220,'playerVirtual5','playerVirtual5_1094955',0,'2018-03-16 18:03:18',NULL,0),(221,'playerVirtual1','playerVirtual1_182859403',0,'2018-03-16 18:04:08',NULL,0),(222,'playerVirtual1','playerVirtual1_182859403',0,'2018-03-16 18:04:08',NULL,0),(223,'playerVirtual5','playerVirtual5_d04b453ac9',3,'2018-03-16 18:04:18',NULL,0),(224,'playerVirtual3','playerVirtual3_16914091',0,'2018-03-16 18:04:25',NULL,0),(225,'playerVirtual3','playerVirtual3_16914091',0,'2018-03-16 18:04:25',NULL,0),(226,'playerVirtual1','playerVirtual1_d0e1a366d3',3,'2018-03-16 18:05:08',NULL,0),(227,'playerVirtual3','playerVirtual3_ce583833c9',4,'2018-03-16 18:05:25',NULL,0),(228,'playerVirtual5','playerVirtual5_6641406',0,'2018-03-16 18:05:53',NULL,0),(229,'playerVirtual5','playerVirtual5_aca025bd6c',4,'2018-03-16 18:06:53',NULL,0),(230,'playerVirtual3','playerVirtual3_6955737',0,'2018-03-16 18:09:53',NULL,0),(231,'playerVirtual3','playerVirtual3_6955737',0,'2018-03-16 18:09:53',NULL,0),(232,'playerVirtual1','playerVirtual1_6285257156',0,'2018-03-16 18:10:18',NULL,0),(233,'playerVirtual1','playerVirtual1_6285257156',0,'2018-03-16 18:10:19',NULL,0),(234,'playerVirtual3','playerVirtual3_72efa4d326',3,'2018-03-16 18:10:53',NULL,0),(235,'playerVirtual1','playerVirtual1_656515377b',4,'2018-03-16 18:11:19',NULL,0),(236,'playerVirtual5','playerVirtual5_6955737',0,'2018-03-16 18:15:49',NULL,0),(237,'playerVirtual3','playerVirtual3_ad998afb0e',4,'2018-03-16 18:16:44',NULL,0),(238,'playerVirtual1','playerVirtual1_1438244924',1,'2018-03-16 18:16:46',NULL,0),(239,'playerVirtual1','playerVirtual1_c5cfa52a82',3,'2018-03-16 18:16:46',NULL,0),(240,'playerVirtual1','playerVirtual1_1438244924',1,'2018-03-16 18:16:46',NULL,0),(241,'playerVirtual5','playerVirtual5_b1f5d205b6',3,'2018-03-16 18:16:49',NULL,0),(242,'playerVirtual5','playerVirtual5_2381571381',0,'2018-03-16 18:18:40',NULL,0),(243,'playerVirtual5','playerVirtual5_6fea93e73f',4,'2018-03-16 18:19:41',NULL,0),(244,'playerVirtual3','playerVirtual3_1438244924',0,'2018-03-16 18:21:30',NULL,0),(245,'playerVirtual3','playerVirtual3_1438244924',0,'2018-03-16 18:21:30',NULL,0),(246,'playerVirtual1','playerVirtual1_3338579772',0,'2018-03-16 18:21:57',NULL,0),(247,'playerVirtual1','playerVirtual1_3338579772',0,'2018-03-16 18:21:58',NULL,0),(248,'playerVirtual3','playerVirtual3_3f35e761a2',3,'2018-03-16 18:22:30',NULL,0),(249,'playerVirtual1','playerVirtual1_c5eb1e289f',4,'2018-03-16 18:22:58',NULL,0),(250,'playerVirtual6','playerVirtual6_6c9c81b4db',4,'2018-03-16 18:23:51',NULL,0),(251,'playerVirtual5','playerVirtual5_2378747961',0,'2018-03-16 18:28:39',NULL,0),(252,'playerVirtual5','playerVirtual5_2378747961',0,'2018-03-16 18:28:39',NULL,0),(253,'playerVirtual3','playerVirtual3_6289355687',0,'2018-03-16 18:29:07',NULL,0),(254,'playerVirtual3','playerVirtual3_6289355687',0,'2018-03-16 18:29:07',NULL,0),(255,'playerVirtual1','playerVirtual1_1438244924',0,'2018-03-16 18:29:14',NULL,0),(256,'playerVirtual1','playerVirtual1_0ae23b1eb3',3,'2018-03-16 18:29:14',NULL,0),(257,'playerVirtual1','playerVirtual1_1438244924',0,'2018-03-16 18:29:14',NULL,0),(258,'playerVirtual5','playerVirtual5_3b56c3672f',3,'2018-03-16 18:29:39',NULL,0),(259,'playerVirtual3','playerVirtual3_3fc1f52135',4,'2018-03-16 18:30:07',NULL,0),(260,'playerVirtual5','playerVirtual5_794070039',0,'2018-03-16 18:32:36',NULL,0),(261,'playerVirtual5','playerVirtual5_794070039',0,'2018-03-16 18:32:37',NULL,0),(262,'playerVirtual5','playerVirtual5_eb83c3f37e',4,'2018-03-16 18:33:37',NULL,0),(263,'playerVirtual6','playerVirtual6_6289704471',0,'2018-03-16 18:34:22',NULL,0),(264,'playerVirtual6','playerVirtual6_6289704471',0,'2018-03-16 18:34:23',NULL,0),(265,'playerVirtual1','playerVirtual1_1436344784',0,'2018-03-16 18:34:46',NULL,0),(266,'playerVirtual1','playerVirtual1_1436344784',0,'2018-03-16 18:34:47',NULL,0),(267,'playerVirtual3','playerVirtual3_3d0755b54b',3,'2018-03-16 18:34:58',NULL,0),(268,'playerVirtual6','playerVirtual6_4e93e211b8',3,'2018-03-16 18:35:23',NULL,0),(269,'playerVirtual1','playerVirtual1_e4f65179db',4,'2018-03-16 18:35:46',NULL,0),(270,'playerVirtual6','playerVirtual6_990694203',0,'2018-03-16 18:37:26',NULL,0),(271,'playerVirtual6','playerVirtual6_990694203',0,'2018-03-16 18:37:26',NULL,0),(272,'playerVirtual6','playerVirtual6_0bf2021d37',4,'2018-03-16 18:38:26',NULL,0),(273,'playerVirtual3','playerVirtual3_de0f1950b5',4,'2018-03-16 18:41:47',NULL,0),(274,'playerVirtual5','playerVirtual5_2378747961',1,'2018-03-16 18:43:00',NULL,0),(275,'playerVirtual5','playerVirtual5_71fda3a730',3,'2018-03-16 18:43:01',NULL,0),(276,'playerVirtual5','playerVirtual5_2378747961',1,'2018-03-16 18:43:02',NULL,0),(277,'playerVirtual7','playerVirtual7_0cdfe1d928',4,'2018-03-16 18:43:47',NULL,0),(278,'playerVirtual1','playerVirtual1_6296268057',0,'2018-03-16 18:44:08',NULL,0),(279,'playerVirtual1','playerVirtual1_6296268057',0,'2018-03-16 18:44:08',NULL,0),(280,'playerVirtual1','playerVirtual1_4bf712995e',3,'2018-03-16 18:45:08',NULL,0),(281,'playerVirtual8','playerVirtual8_5ba4aaa9e6',4,'2018-03-16 18:47:09',NULL,0),(282,'playerVirtual5','playerVirtual5_6296865278',0,'2018-03-16 18:47:42',NULL,0),(283,'playerVirtual5','playerVirtual5_6296865278',0,'2018-03-16 18:47:42',NULL,0),(284,'playerVirtual5','playerVirtual5_7d33ed0755',4,'2018-03-16 18:48:42',NULL,0),(285,'playerVirtual3','playerVirtual3_4b30a48e9c',3,'2018-03-16 18:48:49',NULL,0),(286,'playerVirtual6','playerVirtual6_404aaeba2b',3,'2018-03-16 18:48:56',NULL,0),(287,'playerVirtual1','playerVirtual1_182859403',1,'2018-03-16 18:51:53',NULL,0),(288,'playerVirtual1','playerVirtual1_414497d00f',4,'2018-03-16 18:51:54',NULL,0),(289,'playerVirtual1','playerVirtual1_182859403',1,'2018-03-16 18:51:54',NULL,0),(290,'playerVirtual7','playerVirtual7_182859403',0,'2018-03-16 18:57:57',NULL,0),(291,'playerVirtual7','playerVirtual7_182859403',0,'2018-03-16 18:57:58',NULL,0),(292,'playerVirtual3','playerVirtual3_6301942525',0,'2018-03-16 18:58:07',NULL,0),(293,'playerVirtual3','playerVirtual3_6301942525',0,'2018-03-16 18:58:07',NULL,0),(294,'playerVirtual7','playerVirtual7_63f52ffacb',3,'2018-03-16 18:58:58',NULL,0),(295,'playerVirtual3','playerVirtual3_7d15a2e078',4,'2018-03-16 18:59:07',NULL,0),(296,'playerVirtual5','playerVirtual5_990694203',0,'2018-03-16 18:59:57',NULL,0),(297,'playerVirtual5','playerVirtual5_990694203',0,'2018-03-16 18:59:58',NULL,0),(298,'playerVirtual7','playerVirtual7_182859403',1,'2018-03-16 18:59:59',NULL,0),(299,'playerVirtual7','playerVirtual7_0fbfb6470c',4,'2018-03-16 18:59:59',NULL,0),(300,'playerVirtual7','playerVirtual7_182859403',1,'2018-03-16 18:59:59',NULL,0),(301,'playerVirtual5','playerVirtual5_68d9bc713f',3,'2018-03-16 19:00:58',NULL,0),(302,'playerVirtual1','playerVirtual1_5297461910',1,'2018-03-16 19:01:55',NULL,0),(303,'playerVirtual1','playerVirtual1_9676cafb76',3,'2018-03-16 19:01:55',NULL,0),(304,'playerVirtual1','playerVirtual1_5297461910',1,'2018-03-16 19:01:55',NULL,0),(305,'playerVirtual8','playerVirtual8_6264344062',0,'2018-03-16 19:01:57',NULL,0),(306,'playerVirtual8','playerVirtual8_6264344062',0,'2018-03-16 19:01:58',NULL,0),(307,'playerVirtual8','playerVirtual8_a76b16125f',3,'2018-03-16 19:02:57',NULL,0),(308,'playerVirtual5','playerVirtual5_990694203',1,'2018-03-16 19:05:41',NULL,0),(309,'playerVirtual5','playerVirtual5_91ac77e9e0',4,'2018-03-16 19:05:41',NULL,0),(310,'playerVirtual5','playerVirtual5_990694203',1,'2018-03-16 19:05:41',NULL,0),(311,'playerVirtual8','playerVirtual8_182859403',0,'2018-03-16 19:07:02',NULL,0),(312,'playerVirtual8','playerVirtual8_182859403',0,'2018-03-16 19:07:03',NULL,0),(313,'playerVirtual9','playerVirtual9_61605f3114',4,'2018-03-16 19:07:09',NULL,0),(314,'playerVirtual3','playerVirtual3_6289704471',0,'2018-03-16 19:07:53',NULL,0),(315,'playerVirtual3','playerVirtual3_6289704471',0,'2018-03-16 19:07:54',NULL,0),(316,'playerVirtual8','playerVirtual8_1776dc329a',4,'2018-03-16 19:08:02',NULL,0),(317,'playerVirtual3','playerVirtual3_ae3ae8220f',3,'2018-03-16 19:08:54',NULL,0),(318,'playerVirtual1','playerVirtual1_6274355716',0,'2018-03-16 19:10:39',NULL,0),(319,'playerVirtual1','playerVirtual1_6274355716',0,'2018-03-16 19:10:40',NULL,0),(320,'playerVirtual1','playerVirtual1_d275f46bb7',4,'2018-03-16 19:11:40',NULL,0),(321,'playerVirtual7','playerVirtual7_1095593',0,'2018-03-16 19:17:10',NULL,0),(322,'playerVirtual7','playerVirtual7_1095593',0,'2018-03-16 19:17:11',NULL,0),(323,'playerVirtual7','playerVirtual7_c60f89596d',3,'2018-03-16 19:18:10',NULL,0),(324,'playerVirtual3','playerVirtual3_6289704471',1,'2018-03-16 19:19:17',NULL,0),(325,'playerVirtual3','playerVirtual3_b865f5e98f',4,'2018-03-16 19:19:17',NULL,0),(326,'playerVirtual3','playerVirtual3_6289704471',1,'2018-03-16 19:19:17',NULL,0),(327,'playerVirtual7','playerVirtual7_1095593',1,'2018-03-16 19:19:25',NULL,0),(328,'playerVirtual7','playerVirtual7_d36a22cb36',4,'2018-03-16 19:19:25',NULL,0),(329,'playerVirtual7','playerVirtual7_1095593',1,'2018-03-16 19:19:25',NULL,0),(330,'playerVirtual5','playerVirtual5_908315',0,'2018-03-16 19:19:52',NULL,0),(331,'playerVirtual5','playerVirtual5_908315',0,'2018-03-16 19:19:53',NULL,0),(332,'playerVirtual5','playerVirtual5_92c5dd6286',3,'2018-03-16 19:20:53',NULL,0),(333,'playerVirtual1','playerVirtual1_6289704471',0,'2018-03-16 19:23:45',NULL,0),(334,'playerVirtual1','playerVirtual1_6289704471',0,'2018-03-16 19:23:45',NULL,0),(335,'playerVirtual8','playerVirtual8_4246147567',0,'2018-03-16 19:24:27',NULL,0),(336,'playerVirtual8','playerVirtual8_4246147567',0,'2018-03-16 19:24:28',NULL,0),(337,'playerVirtual1','playerVirtual1_89bdc35fe7',3,'2018-03-16 19:24:45',NULL,0),(338,'playerVirtual9','playerVirtual9_539194189',0,'2018-03-16 19:25:09',NULL,0),(339,'playerVirtual9','playerVirtual9_539194189',0,'2018-03-16 19:25:09',NULL,0),(340,'playerVirtual8','playerVirtual8_1d53e75ac5',3,'2018-03-16 19:25:28',NULL,0),(341,'playerVirtual9','playerVirtual9_7e5d1b4734',3,'2018-03-16 19:26:09',NULL,0),(342,'playerVirtual5','playerVirtual5_4246147567',0,'2018-03-16 19:28:01',NULL,0),(343,'playerVirtual5','playerVirtual5_4246147567',0,'2018-03-16 19:28:01',NULL,0),(344,'playerVirtual5','playerVirtual5_8797dd3a70',4,'2018-03-16 19:29:01',NULL,0),(345,'playerVirtual8','playerVirtual8_4246147567',1,'2018-03-16 19:29:32',NULL,0),(346,'playerVirtual8','playerVirtual8_17c9cae2f9',4,'2018-03-16 19:29:32',NULL,0),(347,'playerVirtual8','playerVirtual8_4246147567',1,'2018-03-16 19:29:33',NULL,0),(348,'playerVirtual9','playerVirtual9_4246147567',0,'2018-03-16 19:29:44',NULL,0),(349,'playerVirtual9','playerVirtual9_4246147567',0,'2018-03-16 19:29:44',NULL,0),(350,'playerVirtual3','playerVirtual3_4246147567',0,'2018-03-16 19:29:49',NULL,0),(351,'playerVirtual3','playerVirtual3_4246147567',0,'2018-03-16 19:29:49',NULL,0),(352,'playerVirtual9','playerVirtual9_ef728d918d',4,'2018-03-16 19:30:44',NULL,0),(353,'playerVirtual3','playerVirtual3_74a0bbd825',3,'2018-03-16 19:30:49',NULL,0),(354,'playerVirtual1','playerVirtual1_6315250734',0,'2018-03-16 19:34:06',NULL,0),(355,'playerVirtual1','playerVirtual1_6315250734',0,'2018-03-16 19:34:07',NULL,0),(356,'playerVirtual1','playerVirtual1_0a04621645',4,'2018-03-16 19:35:07',NULL,0),(357,'playerVirtual7','playerVirtual7_4246147567',0,'2018-03-16 19:39:18',NULL,0),(358,'playerVirtual7','playerVirtual7_4246147567',0,'2018-03-16 19:39:18',NULL,0),(359,'playerVirtual7','playerVirtual7_efe74f0cd3',3,'2018-03-16 19:40:18',NULL,0),(360,'playerVirtual3','playerVirtual3_4246147567',1,'2018-03-16 19:41:12',NULL,0),(361,'playerVirtual3','playerVirtual3_9d8d1b99df',4,'2018-03-16 19:41:12',NULL,0),(362,'playerVirtual3','playerVirtual3_4246147567',1,'2018-03-16 19:41:12',NULL,0),(363,'playerVirtual7','playerVirtual7_4246147567',1,'2018-03-16 19:41:32',NULL,0),(364,'playerVirtual7','playerVirtual7_60d79c941b',4,'2018-03-16 19:41:33',NULL,0),(365,'playerVirtual7','playerVirtual7_4246147567',1,'2018-03-16 19:41:33',NULL,0),(366,'playerVirtual5','playerVirtual5_4246147567',1,'2018-03-16 19:43:12',NULL,0),(367,'playerVirtual5','playerVirtual5_7d910e82e4',3,'2018-03-16 19:43:12',NULL,0),(368,'playerVirtual5','playerVirtual5_4246147567',1,'2018-03-16 19:43:13',NULL,0),(369,'playerVirtual8','playerVirtual8_4246147567',0,'2018-03-16 19:47:15',NULL,0),(370,'playerVirtual8','playerVirtual8_98a0e5b508',3,'2018-03-16 19:47:15',NULL,0),(371,'playerVirtual8','playerVirtual8_4246147567',0,'2018-03-16 19:47:15',NULL,0),(372,'playerVirtual1','playerVirtual1_2378747961',0,'2018-03-16 19:47:41',NULL,0),(373,'playerVirtual1','playerVirtual1_2378747961',0,'2018-03-16 19:47:41',NULL,0),(374,'playerVirtual1','playerVirtual1_f365905c6c',3,'2018-03-16 19:48:41',NULL,0),(375,'playerVirtual9','playerVirtual9_37a4c281f3',3,'2018-03-16 19:48:43',NULL,0),(376,'playerVirtual5','playerVirtual5_4246147567',0,'2018-03-16 19:51:02',NULL,0),(377,'playerVirtual5','playerVirtual5_6cc3a89f50',4,'2018-03-16 19:51:02',NULL,0),(378,'playerVirtual5','playerVirtual5_4246147567',0,'2018-03-16 19:51:02',NULL,0),(379,'playerVirtual8','playerVirtual8_4246147567',1,'2018-03-16 19:51:19',NULL,0),(380,'playerVirtual8','playerVirtual8_a6a2413128',4,'2018-03-16 19:51:19',NULL,0),(381,'playerVirtual8','playerVirtual8_4246147567',1,'2018-03-16 19:51:20',NULL,0),(382,'playerVirtual3','playerVirtual3_6316827871',0,'2018-03-16 19:52:45',NULL,0),(383,'playerVirtual3','playerVirtual3_6316827871',0,'2018-03-16 19:52:45',NULL,0),(384,'playerVirtual9','playerVirtual9_4246147567',0,'2018-03-16 19:53:08',NULL,0),(385,'playerVirtual9','playerVirtual9_fb5ec387c0',4,'2018-03-16 19:53:09',NULL,0),(386,'playerVirtual9','playerVirtual9_4246147567',0,'2018-03-16 19:53:09',NULL,0),(387,'playerVirtual3','playerVirtual3_5cabcefc82',3,'2018-03-16 19:53:45',NULL,0),(388,'playerVirtual1','playerVirtual1_990694203',0,'2018-03-16 19:58:31',NULL,0),(389,'playerVirtual1','playerVirtual1_9cca9a14fc',4,'2018-03-16 19:58:31',NULL,0),(390,'playerVirtual1','playerVirtual1_990694203',0,'2018-03-16 19:58:32',NULL,0),(391,'playerVirtual7','playerVirtual7_5068098508',0,'2018-03-16 20:02:17',NULL,0),(392,'playerVirtual7','playerVirtual7_5068098508',0,'2018-03-16 20:02:17',NULL,0),(393,'playerVirtual7','playerVirtual7_5d65535f8e',3,'2018-03-16 20:03:17',NULL,0),(394,'playerVirtual3','playerVirtual3_4246147567',0,'2018-03-16 20:05:04',NULL,0),(395,'playerVirtual3','playerVirtual3_8349a14825',4,'2018-03-16 20:05:04',NULL,0),(396,'playerVirtual3','playerVirtual3_4246147567',0,'2018-03-16 20:05:04',NULL,0),(397,'playerVirtual5','playerVirtual5_4246147567',1,'2018-03-16 20:05:13',NULL,0),(398,'playerVirtual5','playerVirtual5_000e7bcb59',3,'2018-03-16 20:05:13',NULL,0),(399,'playerVirtual5','playerVirtual5_4246147567',1,'2018-03-16 20:05:14',NULL,0),(400,'playerVirtual7','playerVirtual7_4246147567',0,'2018-03-16 20:05:39',NULL,0),(401,'playerVirtual7','playerVirtual7_deaeaf53a5',4,'2018-03-16 20:05:40',NULL,0),(402,'playerVirtual7','playerVirtual7_4246147567',0,'2018-03-16 20:05:40',NULL,0),(403,'playerVirtual8','playerVirtual8_4246147567',0,'2018-03-16 20:09:55',NULL,0),(404,'playerVirtual8','playerVirtual8_31288bbab1',3,'2018-03-16 20:09:55',NULL,0),(405,'playerVirtual8','playerVirtual8_4246147567',0,'2018-03-16 20:09:58',NULL,0),(406,'playerVirtual1','playerVirtual1_61e48aa4fe',3,'2018-03-16 20:11:05',NULL,0),(407,'playerVirtual9','playerVirtual9_7633669103',3,'2018-03-16 20:11:08',NULL,0),(408,'playerVirtual8','playerVirtual8_4246147567',1,'2018-03-16 20:13:57',NULL,0),(409,'playerVirtual8','playerVirtual8_6b314ed40d',4,'2018-03-16 20:13:57',NULL,0),(410,'playerVirtual8','playerVirtual8_4246147567',1,'2018-03-16 20:13:58',NULL,0),(411,'playerVirtual5','playerVirtual5_4246147567',0,'2018-03-16 20:14:21',NULL,0),(412,'playerVirtual5','playerVirtual5_2cff37db8d',4,'2018-03-16 20:14:21',NULL,0),(413,'playerVirtual5','playerVirtual5_4246147567',0,'2018-03-16 20:14:21',NULL,0),(414,'playerVirtual3','playerVirtual3_4246147567',1,'2018-03-16 20:16:37',NULL,0),(415,'playerVirtual3','playerVirtual3_63d48c9712',3,'2018-03-16 20:16:37',NULL,0),(416,'playerVirtual3','playerVirtual3_4246147567',1,'2018-03-16 20:16:37',NULL,0),(417,'playerVirtual9','playerVirtual9_6322213339',0,'2018-03-16 20:16:37',NULL,0),(418,'playerVirtual9','playerVirtual9_6322213339',0,'2018-03-16 20:16:38',NULL,0),(419,'playerVirtual9','playerVirtual9_7e31461c5d',4,'2018-03-16 20:17:37',NULL,0),(420,'playerVirtual1','playerVirtual1_1095593',0,'2018-03-16 20:21:55',NULL,0),(421,'playerVirtual1','playerVirtual1_1095593',0,'2018-03-16 20:21:55',NULL,0),(422,'playerVirtual1','playerVirtual1_5018a1ef7b',4,'2018-03-16 20:22:55',NULL,0),(423,'playerVirtual7','playerVirtual7_4246147567',1,'2018-03-16 20:26:24',NULL,0),(424,'playerVirtual7','playerVirtual7_ffa3c186bc',3,'2018-03-16 20:26:24',NULL,0),(425,'playerVirtual7','playerVirtual7_4246147567',1,'2018-03-16 20:26:24',NULL,0),(426,'playerVirtual3','playerVirtual3_a1ac3247c9',4,'2018-03-16 20:28:04',NULL,0),(427,'playerVirtual5','playerVirtual5_4246147567',1,'2018-03-16 20:28:32',NULL,0),(428,'playerVirtual5','playerVirtual5_1da60c5293',3,'2018-03-16 20:28:32',NULL,0),(429,'playerVirtual5','playerVirtual5_4246147567',1,'2018-03-16 20:28:32',NULL,0),(430,'playerVirtual7','playerVirtual7_4246147567',0,'2018-03-16 20:29:42',NULL,0),(431,'playerVirtual7','playerVirtual7_ea58fcc34b',4,'2018-03-16 20:29:43',NULL,0),(432,'playerVirtual7','playerVirtual7_4246147567',0,'2018-03-16 20:29:46',NULL,0),(433,'playerVirtual8','playerVirtual8_4246147567',0,'2018-03-16 20:33:27',NULL,0),(434,'playerVirtual8','playerVirtual8_02cec093b0',3,'2018-03-16 20:33:27',NULL,0),(435,'playerVirtual8','playerVirtual8_4246147567',0,'2018-03-16 20:33:27',NULL,0),(436,'playerVirtual9','playerVirtual9_359920779',0,'2018-03-16 20:35:50',NULL,0),(437,'playerVirtual9','playerVirtual9_359920779',0,'2018-03-16 20:35:50',NULL,0),(438,'playerVirtual1','playerVirtual1_4246147567',0,'2018-03-16 20:35:53',NULL,0),(439,'playerVirtual1','playerVirtual1_4246147567',0,'2018-03-16 20:35:53',NULL,0);
/*!40000 ALTER TABLE `REQUEST` ENABLE KEYS */;
UNLOCK TABLES;

--
-- Table structure for table `STATUS`
--

DROP TABLE IF EXISTS `STATUS`;
/*!40101 SET @saved_cs_client     = @@character_set_client */;
/*!40101 SET character_set_client = utf8 */;
CREATE TABLE `STATUS` (
  `id` int(11) NOT NULL AUTO_INCREMENT,
  `players` int(11) DEFAULT '0',
  `all_requests` int(11) DEFAULT '0',
  `accepts` int(11) DEFAULT '0',
  `rejects` int(11) DEFAULT '0',
  `fairness` double DEFAULT '0',
  `timestamp` timestamp NULL DEFAULT NULL,
  PRIMARY KEY (`id`)
) ENGINE=InnoDB AUTO_INCREMENT=52 DEFAULT CHARSET=utf8;
/*!40101 SET character_set_client = @saved_cs_client */;

--
-- Dumping data for table `STATUS`
--

LOCK TABLES `STATUS` WRITE;
/*!40000 ALTER TABLE `STATUS` DISABLE KEYS */;
INSERT INTO `STATUS` VALUES (1,0,0,0,0,0,'2018-03-16 16:25:54'),(2,3,3,3,0,1,'2018-03-16 16:30:55'),(3,4,13,13,0,1,'2018-03-16 16:35:55'),(4,5,21,18,3,0.857142857142857,'2018-03-16 16:40:55'),(5,5,28,24,4,0.857142857142857,'2018-03-16 16:45:55'),(6,5,37,26,11,0.702702702702703,'2018-03-16 16:50:55'),(7,5,42,26,16,0.619047619047619,'2018-03-16 16:55:55'),(8,5,49,26,23,0.530612244897959,'2018-03-16 17:00:55'),(9,5,52,26,26,0.5,'2018-03-16 17:05:55'),(10,5,54,26,28,0.481481481481481,'2018-03-16 17:10:55'),(11,5,56,26,30,0.464285714285714,'2018-03-16 17:15:56'),(12,5,58,26,32,0.448275862068966,'2018-03-16 17:20:56'),(13,5,59,26,33,0.440677966101695,'2018-03-16 17:25:56'),(14,5,61,26,35,0.426229508196721,'2018-03-16 17:30:56'),(15,5,61,26,35,0.426229508196721,'2018-03-16 17:35:56'),(16,5,63,26,37,0.412698412698413,'2018-03-16 17:40:56'),(17,6,64,26,38,0.40625,'2018-03-16 17:45:56'),(18,6,65,27,38,0.415384615384615,'2018-03-16 17:50:57'),(19,6,69,29,40,0.420289855072464,'2018-03-16 17:55:57'),(20,6,71,31,40,0.436619718309859,'2018-03-16 18:00:57'),(21,6,75,33,42,0.44,'2018-03-16 18:05:57'),(22,6,77,33,44,0.428571428571429,'2018-03-16 18:10:57'),(23,6,78,33,45,0.423076923076923,'2018-03-16 18:15:57'),(24,6,79,33,46,0.417721518987342,'2018-03-16 18:20:57'),(25,7,81,33,48,0.407407407407407,'2018-03-16 18:25:57'),(26,7,84,34,50,0.404761904761905,'2018-03-16 18:30:58'),(27,7,87,34,53,0.390804597701149,'2018-03-16 18:35:58'),(28,7,88,34,54,0.386363636363636,'2018-03-16 18:40:58'),(29,8,89,35,54,0.393258426966292,'2018-03-16 18:45:58'),(30,9,90,36,54,0.4,'2018-03-16 18:50:58'),(31,9,90,36,54,0.4,'2018-03-16 18:55:58'),(32,9,93,39,54,0.419354838709677,'2018-03-16 19:00:58'),(33,9,94,40,54,0.425531914893617,'2018-03-16 19:05:58'),(34,10,97,43,54,0.443298969072165,'2018-03-16 19:10:59'),(35,10,97,43,54,0.443298969072165,'2018-03-16 19:15:59'),(36,10,99,45,54,0.454545454545455,'2018-03-16 19:20:59'),(37,10,102,48,54,0.470588235294118,'2018-03-16 19:25:59'),(38,10,105,50,55,0.476190476190476,'2018-03-16 19:30:59'),(39,10,106,51,55,0.481132075471698,'2018-03-16 19:35:59'),(40,10,107,52,55,0.485981308411215,'2018-03-16 19:40:59'),(41,10,107,52,55,0.485981308411215,'2018-03-16 19:45:59'),(42,10,109,54,55,0.495412844036697,'2018-03-16 19:51:00'),(43,10,112,56,56,0.5,'2018-03-16 19:56:00'),(44,10,113,57,56,0.504424778761062,'2018-03-16 20:01:00'),(45,10,116,60,56,0.517241379310345,'2018-03-16 20:06:00'),(46,10,117,61,56,0.521367521367521,'2018-03-16 20:11:00'),(47,10,118,62,56,0.525423728813559,'2018-03-16 20:16:00'),(48,10,119,62,57,0.521008403361345,'2018-03-16 20:21:00'),(49,10,120,63,57,0.525,'2018-03-16 20:26:00'),(50,10,121,64,57,0.528925619834711,'2018-03-16 20:31:01'),(51,10,124,66,58,0.532258064516129,'2018-03-16 20:36:01');
/*!40000 ALTER TABLE `STATUS` ENABLE KEYS */;
UNLOCK TABLES;

--
-- Table structure for table `THRESHOLD`
--

DROP TABLE IF EXISTS `THRESHOLD`;
/*!40101 SET @saved_cs_client     = @@character_set_client */;
/*!40101 SET character_set_client = utf8 */;
CREATE TABLE `THRESHOLD` (
  `division` int(11) NOT NULL,
  `botton` double DEFAULT '0',
  `top` double DEFAULT '0',
  PRIMARY KEY (`division`)
) ENGINE=InnoDB DEFAULT CHARSET=utf8;
/*!40101 SET character_set_client = @saved_cs_client */;

--
-- Dumping data for table `THRESHOLD`
--

LOCK TABLES `THRESHOLD` WRITE;
/*!40000 ALTER TABLE `THRESHOLD` DISABLE KEYS */;
INSERT INTO `THRESHOLD` VALUES (1,8.76,20),(2,4.38,8.76),(3,0,4.38);
/*!40000 ALTER TABLE `THRESHOLD` ENABLE KEYS */;
UNLOCK TABLES;

--
-- Table structure for table `VM`
--

DROP TABLE IF EXISTS `VM`;
/*!40101 SET @saved_cs_client     = @@character_set_client */;
/*!40101 SET character_set_client = utf8 */;
CREATE TABLE `VM` (
  `id` int(11) NOT NULL AUTO_INCREMENT,
  `origin_add` varchar(45) NOT NULL,
  `origin_id` varchar(45) NOT NULL,
  `origin_name` varchar(45) NOT NULL,
  `destiny_add` varchar(45) NOT NULL,
  `destiny_name` varchar(45) NOT NULL,
  `destiny_id` varchar(45) NOT NULL,
  `status` tinyint(1) NOT NULL,
  `has_resources` tinyint(1) NOT NULL,
  `vcpus` int(11) NOT NULL,
  `mem` bigint(20) NOT NULL,
  `disk` bigint(20) NOT NULL,
  `timestamp_received` timestamp NULL DEFAULT NULL,
  `timestamp_finished` timestamp NULL DEFAULT NULL,
  PRIMARY KEY (`id`)
) ENGINE=InnoDB AUTO_INCREMENT=125 DEFAULT CHARSET=utf8;
/*!40101 SET character_set_client = @saved_cs_client */;

--
-- Dumping data for table `VM`
--

LOCK TABLES `VM` WRITE;
/*!40000 ALTER TABLE `VM` DISABLE KEYS */;
INSERT INTO `VM` VALUES (1,'192.168.0.200','playerVirtual2_450512000','playerVirtual2','192.168.0.200','playerVirtual1','playerVirtual1_2ec79a7bb0',1,1,1,2048,20,'2018-03-16 16:29:02',NULL),(2,'192.168.0.200','playerVirtual1_1438244924','playerVirtual1','192.168.0.200','playerVirtual2','playerVirtual2_1e66394fad',3,1,1,2048,20,'2018-03-16 16:29:04','2018-03-16 18:16:46'),(3,'192.168.0.200','playerVirtual0_640692267','playerVirtual0','192.168.0.200','playerVirtual1','playerVirtual1_aaa19a79fe',1,1,1,512,1,'2018-03-16 16:29:07',NULL),(4,'192.168.0.200','playerVirtual2_2381571381','playerVirtual2','192.168.0.200','playerVirtual0','playerVirtual0_de6f6ae3b2',1,1,1,2048,20,'2018-03-16 16:31:08',NULL),(5,'192.168.0.200','playerVirtual1_5297461910','playerVirtual1','192.168.0.200','playerVirtual2','playerVirtual2_e48d55cde8',3,1,1,512,1,'2018-03-16 16:31:09','2018-03-16 19:01:55'),(6,'192.168.0.200','playerVirtual0_2790332778','playerVirtual0','192.168.0.200','playerVirtual1','playerVirtual1_e873313d9d',1,1,2,4096,40,'2018-03-16 16:31:12',NULL),(7,'192.168.0.200','playerVirtual2_369721705','playerVirtual2','192.168.0.200','playerVirtual3','playerVirtual3_bebc94af38',1,1,2,4096,40,'2018-03-16 16:33:14',NULL),(8,'192.168.0.200','playerVirtual1_317469422','playerVirtual1','192.168.0.200','playerVirtual3','playerVirtual3_7dfdb947f5',1,1,2,4096,40,'2018-03-16 16:33:16',NULL),(9,'192.168.0.200','playerVirtual0_6955737','playerVirtual0','192.168.0.200','playerVirtual1','playerVirtual1_076619a279',1,1,1,2048,20,'2018-03-16 16:33:19',NULL),(10,'192.168.0.200','playerVirtual3_257338104','playerVirtual3','192.168.0.200','playerVirtual1','playerVirtual1_193ba63935',1,1,2,4096,40,'2018-03-16 16:34:16',NULL),(11,'192.168.0.200','playerVirtual2_3584940347','playerVirtual2','192.168.0.200','playerVirtual3','playerVirtual3_c8dc76971d',1,1,1,512,1,'2018-03-16 16:35:22',NULL),(12,'192.168.0.200','playerVirtual1_2433236783','playerVirtual1','192.168.0.200','playerVirtual3','playerVirtual3_64d375b7ae',1,1,1,2048,20,'2018-03-16 16:35:23',NULL),(13,'192.168.0.200','playerVirtual0_3338579772','playerVirtual0','192.168.0.200','playerVirtual1','playerVirtual1_34bafaf358',1,1,1,2048,20,'2018-03-16 16:35:27',NULL),(14,'192.168.0.200','playerVirtual3_257407216','playerVirtual3','192.168.0.200','playerVirtual1','playerVirtual1_1a11e1659e',1,1,2,4096,40,'2018-03-16 16:36:17',NULL),(15,'192.168.0.200','playerVirtual2_182859403','playerVirtual2','192.168.0.200','playerVirtual0','playerVirtual2_182859403',0,0,1,512,1,'2018-03-16 16:37:36','2018-03-16 16:37:36'),(16,'192.168.0.200','playerVirtual1_2359368952','playerVirtual1','192.168.0.200','playerVirtual3','playerVirtual3_5ce0ac23b2',3,1,1,512,1,'2018-03-16 16:37:41','2018-03-16 17:02:18'),(17,'192.168.0.200','playerVirtual0_16917741','playerVirtual0','192.168.0.200','playerVirtual2','playerVirtual0_16917741',0,0,1,512,1,'2018-03-16 16:37:48','2018-03-16 16:37:48'),(18,'192.168.0.200','playerVirtual3_2545640208','playerVirtual3','192.168.0.200','playerVirtual4','playerVirtual4_48ce83690b',1,1,1,2048,20,'2018-03-16 16:38:53',NULL),(19,'192.168.0.200','playerVirtual4_908315','playerVirtual4','192.168.0.200','playerVirtual0','playerVirtual4_908315',0,0,1,2048,20,'2018-03-16 16:39:40','2018-03-16 16:39:40'),(20,'192.168.0.200','playerVirtual2_539194189','playerVirtual2','192.168.0.200','playerVirtual4','playerVirtual4_3a6617240a',1,1,1,2048,20,'2018-03-16 16:40:08',NULL),(21,'192.168.0.200','playerVirtual1_4820204870','playerVirtual1','192.168.0.200','playerVirtual3','playerVirtual3_7d1dd757f6',3,1,2,4096,40,'2018-03-16 16:40:51','2018-03-16 17:24:12'),(22,'192.168.0.200','playerVirtual0_8058564','playerVirtual0','192.168.0.200','playerVirtual4','playerVirtual4_be99359245',1,1,1,2048,20,'2018-03-16 16:41:44',NULL),(23,'192.168.0.200','playerVirtual3_1429160667','playerVirtual3','192.168.0.200','playerVirtual1','playerVirtual1_946783508d',1,1,1,2048,20,'2018-03-16 16:42:37',NULL),(24,'192.168.0.200','playerVirtual4_3338010893','playerVirtual4','192.168.0.200','playerVirtual2','playerVirtual4_3338010893',0,0,1,512,1,'2018-03-16 16:43:23','2018-03-16 16:43:23'),(25,'192.168.0.200','playerVirtual2_82730999','playerVirtual2','192.168.0.200','playerVirtual4','playerVirtual4_a3605c70c3',1,1,1,512,1,'2018-03-16 16:44:00',NULL),(26,'192.168.0.200','playerVirtual1_351652724','playerVirtual1','192.168.0.200','playerVirtual3','playerVirtual3_ce299584a9',1,1,1,2048,20,'2018-03-16 16:44:21',NULL),(27,'192.168.0.200','playerVirtual0_6571218','playerVirtual0','192.168.0.200','playerVirtual4','playerVirtual4_5f24fbcfa9',1,1,1,2048,20,'2018-03-16 16:44:22',NULL),(28,'192.168.0.200','playerVirtual3_778566023','playerVirtual3','192.168.0.200','playerVirtual1','playerVirtual1_b6edee52d0',1,1,1,512,1,'2018-03-16 16:45:25',NULL),(29,'192.168.0.200','playerVirtual4_1436344784','playerVirtual4','192.168.0.200','playerVirtual0','playerVirtual4_1436344784',0,0,1,2048,20,'2018-03-16 16:46:28','2018-03-16 16:46:28'),(30,'192.168.0.200','playerVirtual2_1339662','playerVirtual2','192.168.0.200','playerVirtual4','playerVirtual2_1339662',0,0,1,2048,20,'2018-03-16 16:46:42','2018-03-16 16:46:42'),(31,'192.168.0.200','playerVirtual1_317497342','playerVirtual1','192.168.0.200','playerVirtual3','playerVirtual3_9afb996134',1,1,1,512,1,'2018-03-16 16:47:30',NULL),(32,'192.168.0.200','playerVirtual0_284794223','playerVirtual0','192.168.0.200','playerVirtual2','playerVirtual0_284794223',0,0,1,2048,20,'2018-03-16 16:48:18','2018-03-16 16:48:18'),(33,'192.168.0.200','playerVirtual3_359920779','playerVirtual3','192.168.0.200','playerVirtual1','playerVirtual3_359920779',0,0,1,512,1,'2018-03-16 16:49:11','2018-03-16 16:49:11'),(34,'192.168.0.200','playerVirtual4_904011','playerVirtual4','192.168.0.200','playerVirtual0','playerVirtual4_904011',0,0,1,2048,20,'2018-03-16 16:49:57','2018-03-16 16:49:57'),(35,'192.168.0.200','playerVirtual2_2904109077','playerVirtual2','192.168.0.200','playerVirtual4','playerVirtual2_2904109077',0,0,1,512,1,'2018-03-16 16:50:34','2018-03-16 16:50:34'),(36,'192.168.0.200','playerVirtual1_257338074','playerVirtual1','192.168.0.200','playerVirtual3','playerVirtual3_61cbacb89e',1,1,2,4096,40,'2018-03-16 16:50:44',NULL),(37,'192.168.0.200','playerVirtual0_905614','playerVirtual0','192.168.0.200','playerVirtual2','playerVirtual0_905614',0,0,1,2048,20,'2018-03-16 16:50:48','2018-03-16 16:50:48'),(38,'192.168.0.200','playerVirtual3_1093460','playerVirtual3','192.168.0.200','playerVirtual1','playerVirtual3_1093460',0,0,1,512,1,'2018-03-16 16:51:56','2018-03-16 16:51:56'),(39,'192.168.0.200','playerVirtual4_6569547','playerVirtual4','192.168.0.200','playerVirtual0','playerVirtual4_6569547',0,0,1,2048,20,'2018-03-16 16:52:49','2018-03-16 16:52:49'),(40,'192.168.0.200','playerVirtual2_470485660','playerVirtual2','192.168.0.200','playerVirtual4','playerVirtual2_470485660',0,0,2,4096,40,'2018-03-16 16:53:18','2018-03-16 16:53:18'),(41,'192.168.0.200','playerVirtual1_30788568','playerVirtual1','192.168.0.200','playerVirtual2','playerVirtual1_30788568',0,0,1,512,1,'2018-03-16 16:54:06','2018-03-16 16:54:06'),(42,'192.168.0.200','playerVirtual0_5792765','playerVirtual0','192.168.0.200','playerVirtual4','playerVirtual0_5792765',0,0,1,512,1,'2018-03-16 16:54:59','2018-03-16 16:54:59'),(43,'192.168.0.200','playerVirtual3_38671842','playerVirtual3','192.168.0.200','playerVirtual1','playerVirtual3_38671842',0,0,1,512,1,'2018-03-16 16:55:58','2018-03-16 16:55:58'),(44,'192.168.0.200','playerVirtual4_400453824','playerVirtual4','192.168.0.200','playerVirtual2','playerVirtual4_400453824',0,0,1,512,1,'2018-03-16 16:56:44','2018-03-16 16:56:44'),(45,'192.168.0.200','playerVirtual2_4820318661','playerVirtual2','192.168.0.200','playerVirtual4','playerVirtual2_4820318661',0,0,2,4096,40,'2018-03-16 16:57:30','2018-03-16 16:57:30'),(46,'192.168.0.200','playerVirtual1_4819935267','playerVirtual1','192.168.0.200','playerVirtual2','playerVirtual1_4819935267',0,0,2,4096,40,'2018-03-16 16:57:41','2018-03-16 16:57:41'),(47,'192.168.0.200','playerVirtual3_6264344062','playerVirtual3','192.168.0.200','playerVirtual1','playerVirtual3_6264344062',0,0,1,512,1,'2018-03-16 16:58:56','2018-03-16 16:58:56'),(48,'192.168.0.200','playerVirtual4_2378747961','playerVirtual4','192.168.0.200','playerVirtual2','playerVirtual4_2378747961',0,0,1,512,1,'2018-03-16 16:59:59','2018-03-16 16:59:59'),(49,'192.168.0.200','playerVirtual2_5068098508','playerVirtual2','192.168.0.200','playerVirtual4','playerVirtual2_5068098508',0,0,1,2048,20,'2018-03-16 17:00:32','2018-03-16 17:00:32'),(50,'192.168.0.200','playerVirtual3_227443932','playerVirtual3','192.168.0.200','playerVirtual1','playerVirtual3_227443932',0,0,1,2048,20,'2018-03-16 17:04:26','2018-03-16 17:04:26'),(51,'192.168.0.200','playerVirtual4_1095593','playerVirtual4','192.168.0.200','playerVirtual2','playerVirtual4_1095593',0,0,1,512,1,'2018-03-16 17:05:12','2018-03-16 17:05:12'),(52,'192.168.0.200','playerVirtual1_563574327','playerVirtual1','192.168.0.200','playerVirtual4','playerVirtual1_563574327',0,0,1,2048,20,'2018-03-16 17:05:16','2018-03-16 17:05:16'),(53,'192.168.0.200','playerVirtual3_765651','playerVirtual3','192.168.0.200','playerVirtual1','playerVirtual3_765651',0,0,1,2048,20,'2018-03-16 17:07:37','2018-03-16 17:07:37'),(54,'192.168.0.200','playerVirtual1_5623125514','playerVirtual1','','','',0,1,0,0,0,'2018-03-16 17:10:02','2018-03-16 17:10:02'),(55,'192.168.0.200','playerVirtual3_284757920','playerVirtual3','192.168.0.200','playerVirtual1','playerVirtual3_284757920',0,0,1,2048,20,'2018-03-16 17:13:12','2018-03-16 17:13:12'),(56,'192.168.0.200','playerVirtual1_272887063','playerVirtual1','','','',0,1,0,0,0,'2018-03-16 17:14:04','2018-03-16 17:14:04'),(57,'192.168.0.200','playerVirtual3_6274355716','playerVirtual3','192.168.0.200','playerVirtual1','playerVirtual3_6274355716',0,0,1,512,1,'2018-03-16 17:16:26','2018-03-16 17:16:26'),(58,'192.168.0.200','playerVirtual1_38676294','playerVirtual1','','','',0,1,0,0,0,'2018-03-16 17:18:54','2018-03-16 17:18:54'),(59,'192.168.0.200','playerVirtual3_182859403','playerVirtual3','192.168.0.200','playerVirtual1','playerVirtual3_182859403',0,0,1,512,1,'2018-03-16 17:23:06','2018-03-16 17:23:06'),(60,'192.168.0.200','playerVirtual3_4820204870','playerVirtual3','192.168.0.200','playerVirtual1','playerVirtual3_4820204870',0,0,2,4096,40,'2018-03-16 17:26:35','2018-03-16 17:26:35'),(61,'192.168.0.200','playerVirtual1_990694203','playerVirtual1','','','',0,1,0,0,0,'2018-03-16 17:28:20','2018-03-16 17:28:20'),(62,'192.168.0.200','playerVirtual3_990694203','playerVirtual3','192.168.0.200','playerVirtual1','playerVirtual3_990694203',0,0,1,2048,20,'2018-03-16 17:36:16','2018-03-16 17:36:16'),(63,'192.168.0.200','playerVirtual1_6280638724','playerVirtual1','','','',0,1,0,0,0,'2018-03-16 17:38:04','2018-03-16 17:38:04'),(64,'192.168.0.200','playerVirtual1_6280643141','playerVirtual1','','','',0,1,0,0,0,'2018-03-16 17:43:24','2018-03-16 17:43:24'),(65,'192.168.0.200','playerVirtual3_4476462938','playerVirtual3','192.168.0.200','playerVirtual5','playerVirtual5_f9791e4598',1,1,1,2048,20,'2018-03-16 17:46:08',NULL),(66,'192.168.0.200','playerVirtual5_272887063','playerVirtual5','','','',0,1,0,0,0,'2018-03-16 17:51:51','2018-03-16 17:51:51'),(67,'192.168.0.200','playerVirtual3_6282149131','playerVirtual3','192.168.0.200','playerVirtual5','playerVirtual5_2c18a3b057',1,1,1,512,1,'2018-03-16 17:52:56',NULL),(68,'192.168.0.200','playerVirtual1_2359368952','playerVirtual1','192.168.0.200','playerVirtual5','playerVirtual5_504fd72d89',1,1,1,512,1,'2018-03-16 17:53:26',NULL),(69,'192.168.0.200','playerVirtual5_1436323714','playerVirtual5','','','',0,1,0,0,0,'2018-03-16 17:54:06','2018-03-16 17:54:06'),(70,'192.168.0.200','playerVirtual3_214880781','playerVirtual3','192.168.0.200','playerVirtual5','playerVirtual5_f4d8057224',1,1,1,2048,20,'2018-03-16 17:57:34',NULL),(71,'192.168.0.200','playerVirtual1_682797','playerVirtual1','192.168.0.200','playerVirtual5','playerVirtual5_55c5842bce',1,1,1,2048,20,'2018-03-16 17:58:27',NULL),(72,'192.168.0.200','playerVirtual5_1094955','playerVirtual5','','','',0,1,0,0,0,'2018-03-16 18:03:18','2018-03-16 18:03:18'),(73,'192.168.0.200','playerVirtual1_182859403','playerVirtual1','192.168.0.200','playerVirtual5','playerVirtual5_535779c51f',3,1,1,512,1,'2018-03-16 18:04:08','2018-03-16 18:51:54'),(74,'192.168.0.200','playerVirtual3_16914091','playerVirtual3','192.168.0.200','playerVirtual5','playerVirtual5_49b4ee2271',1,1,1,2048,20,'2018-03-16 18:04:25',NULL),(75,'192.168.0.200','playerVirtual5_6641406','playerVirtual5','','','',0,1,0,0,0,'2018-03-16 18:05:53','2018-03-16 18:05:53'),(76,'192.168.0.200','playerVirtual3_6955737','playerVirtual3','192.168.0.200','playerVirtual1','playerVirtual3_6955737',0,0,1,2048,20,'2018-03-16 18:09:53','2018-03-16 18:09:53'),(77,'192.168.0.200','playerVirtual1_6285257156','playerVirtual1','192.168.0.200','playerVirtual5','playerVirtual1_6285257156',0,0,1,512,1,'2018-03-16 18:10:19','2018-03-16 18:10:19'),(78,'192.168.0.200','playerVirtual5_6955737','playerVirtual5','','','',0,1,0,0,0,'2018-03-16 18:15:49','2018-03-16 18:15:49'),(79,'192.168.0.200','playerVirtual5_2381571381','playerVirtual5','','','',0,1,0,0,0,'2018-03-16 18:18:41','2018-03-16 18:18:41'),(80,'192.168.0.200','playerVirtual3_1438244924','playerVirtual3','192.168.0.200','playerVirtual1','playerVirtual3_1438244924',0,0,1,2048,20,'2018-03-16 18:21:31','2018-03-16 18:21:31'),(81,'192.168.0.200','playerVirtual1_3338579772','playerVirtual1','192.168.0.200','playerVirtual5','playerVirtual1_3338579772',0,0,1,2048,20,'2018-03-16 18:21:58','2018-03-16 18:21:58'),(82,'192.168.0.200','playerVirtual5_2378747961','playerVirtual5','192.168.0.200','playerVirtual6','playerVirtual6_1d7f03e856',3,1,1,512,1,'2018-03-16 18:28:39','2018-03-16 18:43:02'),(83,'192.168.0.200','playerVirtual3_6289355687','playerVirtual3','192.168.0.200','playerVirtual1','playerVirtual3_6289355687',0,0,1,512,1,'2018-03-16 18:29:07','2018-03-16 18:29:07'),(84,'192.168.0.200','playerVirtual1_1438244924','playerVirtual1','192.168.0.200','playerVirtual5','playerVirtual1_1438244924',0,0,1,2048,20,'2018-03-16 18:29:14','2018-03-16 18:29:14'),(85,'192.168.0.200','playerVirtual5_794070039','playerVirtual5','192.168.0.200','playerVirtual6','playerVirtual5_794070039',0,0,1,512,1,'2018-03-16 18:32:37','2018-03-16 18:32:37'),(86,'192.168.0.200','playerVirtual6_6289704471','playerVirtual6','192.168.0.200','playerVirtual5','playerVirtual6_6289704471',0,0,1,512,1,'2018-03-16 18:34:23','2018-03-16 18:34:23'),(87,'192.168.0.200','playerVirtual1_1436344784','playerVirtual1','192.168.0.200','playerVirtual6','playerVirtual1_1436344784',0,0,1,2048,20,'2018-03-16 18:34:47','2018-03-16 18:34:47'),(88,'192.168.0.200','playerVirtual6_990694203','playerVirtual6','192.168.0.200','playerVirtual5','playerVirtual6_990694203',0,0,1,2048,20,'2018-03-16 18:37:26','2018-03-16 18:37:26'),(89,'192.168.0.200','playerVirtual1_6296268057','playerVirtual1','192.168.0.200','playerVirtual7','playerVirtual7_4d0685bff8',1,1,1,512,1,'2018-03-16 18:44:08',NULL),(90,'192.168.0.200','playerVirtual5_6296865278','playerVirtual5','192.168.0.200','playerVirtual8','playerVirtual8_2bd7199bdc',1,1,1,512,1,'2018-03-16 18:47:42',NULL),(91,'192.168.0.200','playerVirtual7_182859403','playerVirtual7','192.168.0.200','playerVirtual5','playerVirtual5_630b31767c',3,1,1,512,1,'2018-03-16 18:57:58','2018-03-16 18:59:59'),(92,'192.168.0.200','playerVirtual3_6301942525','playerVirtual3','192.168.0.200','playerVirtual7','playerVirtual7_50e49af88c',1,1,1,512,1,'2018-03-16 18:58:07',NULL),(93,'192.168.0.200','playerVirtual5_990694203','playerVirtual5','192.168.0.200','playerVirtual8','playerVirtual8_28cae0d1ba',3,1,1,2048,20,'2018-03-16 18:59:58','2018-03-16 19:05:41'),(94,'192.168.0.200','playerVirtual8_6264344062','playerVirtual8','192.168.0.200','playerVirtual5','playerVirtual5_a04a5f8515',1,1,1,2048,20,'2018-03-16 19:01:58',NULL),(95,'192.168.0.200','playerVirtual8_182859403','playerVirtual8','192.168.0.200','playerVirtual7','playerVirtual7_d284f5d9a9',1,1,1,512,1,'2018-03-16 19:07:03',NULL),(96,'192.168.0.200','playerVirtual3_6289704471','playerVirtual3','192.168.0.200','playerVirtual9','playerVirtual9_a224370feb',3,1,1,2048,20,'2018-03-16 19:07:54','2018-03-16 19:19:17'),(97,'192.168.0.200','playerVirtual1_6274355716','playerVirtual1','192.168.0.200','playerVirtual8','playerVirtual8_e6330517a2',1,1,1,512,1,'2018-03-16 19:10:40',NULL),(98,'192.168.0.200','playerVirtual7_1095593','playerVirtual7','192.168.0.200','playerVirtual9','playerVirtual9_9554df5728',3,1,1,512,1,'2018-03-16 19:17:11','2018-03-16 19:19:25'),(99,'192.168.0.200','playerVirtual5_908315','playerVirtual5','192.168.0.200','playerVirtual7','playerVirtual7_f61e578f47',1,1,1,2048,20,'2018-03-16 19:19:53',NULL),(100,'192.168.0.200','playerVirtual1_6289704471','playerVirtual1','192.168.0.200','playerVirtual9','playerVirtual9_5ec78fccdc',1,1,1,2048,20,'2018-03-16 19:23:45',NULL),(101,'192.168.0.200','playerVirtual8_4246147567','playerVirtual8','192.168.0.200','playerVirtual7','playerVirtual7_8fdef7841c',3,1,2,4096,40,'2018-03-16 19:24:28','2018-03-16 20:13:58'),(102,'192.168.0.200','playerVirtual9_539194189','playerVirtual9','192.168.0.200','playerVirtual7','playerVirtual7_f3a6ce1c81',1,1,1,2048,20,'2018-03-16 19:25:10',NULL),(103,'192.168.0.200','playerVirtual5_4246147567','playerVirtual5','192.168.0.200','playerVirtual9','playerVirtual9_eab8499db1',3,1,2,4096,40,'2018-03-16 19:28:01','2018-03-16 20:28:33'),(104,'192.168.0.200','playerVirtual9_4246147567','playerVirtual9','192.168.0.200','playerVirtual5','playerVirtual9_4246147567',0,0,2,4096,40,'2018-03-16 19:29:44','2018-03-16 19:29:44'),(105,'192.168.0.200','playerVirtual3_4246147567','playerVirtual3','192.168.0.200','playerVirtual7','playerVirtual7_da8f769b76',3,1,2,4096,40,'2018-03-16 19:29:49','2018-03-16 20:16:37'),(106,'192.168.0.200','playerVirtual1_6315250734','playerVirtual1','192.168.0.200','playerVirtual9','playerVirtual9_ccc16ffc27',1,1,1,512,1,'2018-03-16 19:34:07',NULL),(107,'192.168.0.200','playerVirtual7_4246147567','playerVirtual7','192.168.0.200','playerVirtual9','playerVirtual9_ec6f3e958e',3,1,2,4096,40,'2018-03-16 19:39:18','2018-03-16 20:26:24'),(108,'192.168.0.200','playerVirtual8_4246147567','playerVirtual8','192.168.0.200','playerVirtual9','playerVirtual9_d5d78f9707',3,1,2,4096,40,'2018-03-16 19:47:15','2018-03-16 20:13:58'),(109,'192.168.0.200','playerVirtual1_2378747961','playerVirtual1','192.168.0.200','playerVirtual7','playerVirtual7_7a13736120',1,1,1,512,1,'2018-03-16 19:47:41',NULL),(110,'192.168.0.200','playerVirtual5_4246147567','playerVirtual5','192.168.0.200','playerVirtual9','playerVirtual9_0930e877fb',3,1,2,4096,40,'2018-03-16 19:51:02','2018-03-16 20:28:33'),(111,'192.168.0.200','playerVirtual3_6316827871','playerVirtual3','192.168.0.200','playerVirtual7','playerVirtual7_f27fd3e0ee',1,1,1,512,1,'2018-03-16 19:52:45',NULL),(112,'192.168.0.200','playerVirtual9_4246147567','playerVirtual9','192.168.0.200','playerVirtual8','playerVirtual9_4246147567',0,0,2,4096,40,'2018-03-16 19:53:09','2018-03-16 19:53:09'),(113,'192.168.0.200','playerVirtual1_990694203','playerVirtual1','192.168.0.200','playerVirtual9','playerVirtual9_a08489174e',1,1,1,2048,20,'2018-03-16 19:58:32',NULL),(114,'192.168.0.200','playerVirtual7_5068098508','playerVirtual7','192.168.0.200','playerVirtual9','playerVirtual9_6379444c98',1,1,1,2048,20,'2018-03-16 20:02:17',NULL),(115,'192.168.0.200','playerVirtual3_4246147567','playerVirtual3','192.168.0.200','playerVirtual7','playerVirtual7_4bc2013bee',3,1,2,4096,40,'2018-03-16 20:05:05','2018-03-16 20:16:37'),(116,'192.168.0.200','playerVirtual7_4246147567','playerVirtual7','192.168.0.200','playerVirtual9','playerVirtual9_208a91a676',3,1,2,4096,40,'2018-03-16 20:05:40','2018-03-16 20:26:24'),(117,'192.168.0.200','playerVirtual8_4246147567','playerVirtual8','192.168.0.200','playerVirtual9','playerVirtual9_a3d43529b1',3,1,2,4096,40,'2018-03-16 20:09:58','2018-03-16 20:13:58'),(118,'192.168.0.200','playerVirtual5_4246147567','playerVirtual5','192.168.0.200','playerVirtual9','playerVirtual9_d432922db5',3,1,2,4096,40,'2018-03-16 20:14:21','2018-03-16 20:28:33'),(119,'192.168.0.200','playerVirtual9_6322213339','playerVirtual9','192.168.0.200','playerVirtual5','playerVirtual9_6322213339',0,0,1,512,1,'2018-03-16 20:16:38','2018-03-16 20:16:38'),(120,'192.168.0.200','playerVirtual1_1095593','playerVirtual1','192.168.0.200','playerVirtual7','playerVirtual7_529bfe35bc',1,1,1,512,1,'2018-03-16 20:21:56',NULL),(121,'192.168.0.200','playerVirtual7_4246147567','playerVirtual7','192.168.0.200','playerVirtual9','playerVirtual9_0293811aae',1,1,2,4096,40,'2018-03-16 20:29:46',NULL),(122,'192.168.0.200','playerVirtual8_4246147567','playerVirtual8','192.168.0.200','playerVirtual9','playerVirtual9_22fe4e13fb',1,1,2,4096,40,'2018-03-16 20:33:27',NULL),(123,'192.168.0.200','playerVirtual9_359920779','playerVirtual9','192.168.0.200','playerVirtual8','playerVirtual9_359920779',0,0,1,512,1,'2018-03-16 20:35:50','2018-03-16 20:35:50'),(124,'192.168.0.200','playerVirtual1_4246147567','playerVirtual1','192.168.0.200','playerVirtual7','playerVirtual7_3245a64f01',1,1,2,4096,40,'2018-03-16 20:35:53',NULL);
/*!40000 ALTER TABLE `VM` ENABLE KEYS */;
UNLOCK TABLES;
/*!40103 SET TIME_ZONE=@OLD_TIME_ZONE */;

/*!40101 SET SQL_MODE=@OLD_SQL_MODE */;
/*!40014 SET FOREIGN_KEY_CHECKS=@OLD_FOREIGN_KEY_CHECKS */;
/*!40014 SET UNIQUE_CHECKS=@OLD_UNIQUE_CHECKS */;
/*!40101 SET CHARACTER_SET_CLIENT=@OLD_CHARACTER_SET_CLIENT */;
/*!40101 SET CHARACTER_SET_RESULTS=@OLD_CHARACTER_SET_RESULTS */;
/*!40101 SET COLLATION_CONNECTION=@OLD_COLLATION_CONNECTION */;
/*!40111 SET SQL_NOTES=@OLD_SQL_NOTES */;

-- Dump completed on 2018-03-16 17:36:03
