-- MySQL dump 10.14  Distrib 5.5.58-MariaDB, for debian-linux-gnu (x86_64)
--
-- Host: localhost    Database: mct
-- ------------------------------------------------------
-- Server version	5.5.58-MariaDB-1ubuntu0.14.04.1

/*!40101 SET @OLD_CHARACTER_SET_CLIENT=@@CHARACTER_SET_CLIENT */;
/*!40101 SET @OLD_CHARACTER_SET_RESULTS=@@CHARACTER_SET_RESULTS */;
/*!40101 SET @OLD_COLLATION_CONNECTION=@@COLLATION_CONNECTION */;
/*!40101 SET NAMES utf8 */;
/*!40103 SET @OLD_TIME_ZONE=@@TIME_ZONE */;
/*!40103 SET TIME_ZONE='+00:00' */;
/*!40014 SET @OLD_UNIQUE_CHECKS=@@UNIQUE_CHECKS, UNIQUE_CHECKS=0 */;
/*!40014 SET @OLD_FOREIGN_KEY_CHECKS=@@FOREIGN_KEY_CHECKS, FOREIGN_KEY_CHECKS=0 */;
/*!40101 SET @OLD_SQL_MODE=@@SQL_MODE, SQL_MODE='NO_AUTO_VALUE_ON_ZERO' */;
/*!40111 SET @OLD_SQL_NOTES=@@SQL_NOTES, SQL_NOTES=0 */;

--
-- Table structure for table `FIELDS`
--

DROP TABLE IF EXISTS `FIELDS`;
/*!40101 SET @saved_cs_client     = @@character_set_client */;
/*!40101 SET character_set_client = utf8 */;
CREATE TABLE `FIELDS` (
  `operation` int(11) NOT NULL,
  `fields` varchar(45) NOT NULL,
  PRIMARY KEY (`operation`)
) ENGINE=InnoDB DEFAULT CHARSET=utf8;
/*!40101 SET character_set_client = @saved_cs_client */;

--
-- Dumping data for table `FIELDS`
--

LOCK TABLES `FIELDS` WRITE;
/*!40000 ALTER TABLE `FIELDS` DISABLE KEYS */;
INSERT INTO `FIELDS` VALUES (0,'name mem image vcpus disk uuid');
/*!40000 ALTER TABLE `FIELDS` ENABLE KEYS */;
UNLOCK TABLES;

--
-- Table structure for table `PLAYER`
--

DROP TABLE IF EXISTS `PLAYER`;
/*!40101 SET @saved_cs_client     = @@character_set_client */;
/*!40101 SET character_set_client = utf8 */;
CREATE TABLE `PLAYER` (
  `id` int(11) NOT NULL AUTO_INCREMENT,
  `name` varchar(45) NOT NULL,
  `address` varchar(45) NOT NULL,
  `division` int(11) DEFAULT NULL,
  `score` float DEFAULT '0',
  `history` int(11) DEFAULT '0',
  `fairness` float DEFAULT '0',
  `accepts` int(11) DEFAULT '0',
  `rejects` int(11) DEFAULT '0',
  `running` int(11) DEFAULT '0',
  `finished` int(11) DEFAULT '0',
  `problem_del` int(11) DEFAULT '0',
  `vcpus` int(11) DEFAULT '0',
  `memory` bigint(20) DEFAULT '0',
  `local_gb` bigint(20) DEFAULT '0',
  `vcpus_used` bigint(20) DEFAULT '0',
  `memory_used` bigint(20) DEFAULT '0',
  `local_gb_used` bigint(20) DEFAULT '0',
  `max_instance` int(11) DEFAULT '0',
  `token` varchar(45) DEFAULT NULL,
  `suspend` timestamp NULL DEFAULT NULL,
  `enabled` int(11) DEFAULT '0',
  `last_choice` timestamp NOT NULL DEFAULT '2018-01-01 02:00:00',
  `playoff` tinyint(1) DEFAULT '0',
  PRIMARY KEY (`id`)
) ENGINE=InnoDB AUTO_INCREMENT=29 DEFAULT CHARSET=utf8;
/*!40101 SET character_set_client = @saved_cs_client */;

--
-- Dumping data for table `PLAYER`
--

LOCK TABLES `PLAYER` WRITE;
/*!40000 ALTER TABLE `PLAYER` DISABLE KEYS */;
INSERT INTO `PLAYER` VALUES (1,'playerVirtual1','192.168.0.200',4,-2,0,1,1,2,0,1,0,1023,1047552,10230,0,0,0,1,'d3e3c1cdce607971aef17a239d788dc410405b61',NULL,0,'2018-03-02 03:27:20',1),(2,'playerVirtual2','192.168.0.200',1,9.29,30,0.6875,7,0,7,0,0,1023,1047552,10230,11,20992,201,9,'11026e1678ab214a70a504094054d5d918c773fe',NULL,1,'2018-03-02 05:44:09',0),(3,'playerVirtual3','192.168.0.200',3,1.32,28,0.75,2,2,2,0,0,1023,1047552,10230,3,4608,41,2,'09e2a6308959d2f732c45bd3228314b2621f5693',NULL,1,'2018-03-02 05:19:30',0),(4,'playerVirtual4','192.168.0.200',1,9.3,28,0.714286,14,0,8,6,0,1023,1047552,10230,9,13824,123,9,'cac5fa2fe05624beab8652f2dd3b585abdad24f9',NULL,1,'2018-03-02 05:35:00',0),(5,'playerVirtual0','192.168.0.200',4,-10,0,1,0,5,0,0,0,1023,1047552,10230,0,0,0,99,'b78fcd3df5cc6fa6bb1d9898698526289a9ecff7',NULL,0,'2018-03-02 03:38:16',1),(6,'playerVirtual5','192.168.0.200',1,9.96,27,0.833333,8,0,5,3,0,1023,1047552,10230,6,9216,82,5,'2c6ce9b22ffcf6a3054f652ad028077388807f7b',NULL,1,'2018-03-02 05:45:42',0),(7,'playerVirtual6','192.168.0.200',2,7.31,25,1,7,0,7,0,0,1023,1047552,10230,8,10240,84,7,'4eed66421b5736a688c6f83c96a05956219f1af0',NULL,1,'2018-03-02 03:59:35',0),(8,'playerVirtual1610','192.168.0.200',4,-4,0,0,0,2,0,0,0,1023,1047552,10230,0,0,0,99,'d584323f972cdd9bb4ba9b92d81f65cd989ca5a5',NULL,0,'2018-03-02 03:45:38',1),(9,'playerVirtual7','192.168.0.200',3,1.33,24,0,1,0,1,0,0,1023,1047552,10230,1,512,1,1,'7bcb1efc7d3b3f0e4201416a80179af225b3cddf',NULL,1,'2018-03-02 03:45:36',0),(10,'playerVirtual8','192.168.0.200',1,9.3,24,0.777778,12,0,6,6,0,1023,1047552,10230,6,9216,82,9,'4e07d9ce79d88842c693fe286c38e84b9d77cf1e',NULL,1,'2018-03-02 05:25:49',0),(11,'playerVirtual9','192.168.0.200',3,1.33,22,0.625,4,0,2,2,0,1023,1047552,10230,2,4096,40,2,'5bda9c59e489f69c0c79fa8ef931afa20bc6030c',NULL,1,'2018-03-02 04:49:51',0),(12,'playerVirtual1022','192.168.0.200',4,-6,0,0,0,3,0,0,0,1023,1047552,10230,0,0,0,99,'de97cffa77803a07bb09f82e154ff6ca132939fa',NULL,0,'2018-03-02 04:02:15',1),(13,'playerVirtual10','192.168.0.200',2,7.31,21,0.714286,10,0,6,4,0,1023,1047552,10230,6,7680,63,8,'5be0d42f44621c7bab51dcb134c95774ebf514da',NULL,1,'2018-03-02 05:45:52',0),(14,'playerVirtual11','192.168.0.200',3,1.33,20,0.833333,3,0,3,0,0,1023,1047552,10230,3,4608,41,3,'76d0ee341367be072d2abdf5c517b33a8870f9f1',NULL,1,'2018-03-02 04:11:33',0),(15,'playerVirtual1243','192.168.0.200',4,-4,0,0,0,2,0,0,0,1023,1047552,10230,0,0,0,99,'231a6a363af2a9489315a14a4f21717a022f52ca',NULL,0,'2018-03-02 04:12:12',1),(16,'playerVirtual12','192.168.0.200',3,2.66,19,0.5,3,0,3,0,0,1023,1047552,10230,3,3072,22,3,'b0a0299101d2f3e2610ff0239723b4207340721d',NULL,1,'2018-03-02 04:17:53',0),(17,'playerVirtual13','192.168.0.200',2,6.64,18,0.75,7,0,1,6,0,1023,1047552,10230,1,512,1,5,'6acc2458937a947171d408163af47323b2d3b31c',NULL,1,'2018-03-02 05:27:48',0),(18,'playerVirtual1165','192.168.0.200',4,-4,0,0,0,2,0,0,0,1023,1047552,10230,0,0,0,99,'ac2af41fe8e370305a7f62f4579804c2bba25484',NULL,0,'2018-03-02 04:19:36',1),(19,'playerVirtual14','192.168.0.200',2,5.97,17,0.75,6,0,3,3,0,1023,1047552,10230,4,8192,80,5,'b99f4bef2a98200cba6bcdc964331ccb5fe64b53',NULL,1,'2018-03-02 05:46:10',0),(20,'playerVirtual15','192.168.0.200',2,7.3,16,1,6,0,3,3,0,1023,1047552,10230,3,4608,41,5,'2d08d7d34718f6fb63c4ab406378d9751f3ffb14',NULL,1,'2018-03-02 05:48:14',0),(21,'playerVirtual16','192.168.0.200',2,6.64,15,0.333333,5,0,3,2,0,1023,1047552,10230,4,5120,42,3,'084ab1b0b4a9497ee039c941d6dc2851ad3b0b4f',NULL,1,'2018-03-02 05:46:57',0),(22,'playerVirtual1873','192.168.0.200',4,-2,0,0,0,1,0,0,0,1023,1047552,10230,0,0,0,99,'90e235731ba8fcd25cc25845ffc3ec897acc5812',NULL,0,'2018-03-02 04:32:19',1),(23,'playerVirtual17','192.168.0.200',3,1.33,14,0,1,0,1,0,0,1023,1047552,10230,1,512,1,1,'4e4c0ffeb2ffeb91e6998f74f07fc385d33b5108',NULL,1,'2018-03-02 04:36:03',0),(24,'playerVirtual18','192.168.0.200',2,7.96,13,0.5,4,0,0,4,0,1023,1047552,10230,0,0,0,3,'2ba01a3ec3cde293ed1fd56a768aff53b427a6a2',NULL,1,'2018-03-02 05:28:35',0),(25,'playerVirtual19','192.168.0.200',2,5.97,12,0.5,4,0,1,3,0,1023,1047552,10230,2,4096,40,7,'597eb7d8f64883b708d093bc8397e24052d797f3',NULL,1,'2018-03-02 05:44:13',0),(26,'playerVirtual1960','192.168.0.200',4,-4,0,0,0,2,0,0,0,1023,1047552,10230,0,0,0,99,'18a0120cf17c58f98610b0800853d4840f9936df',NULL,0,'2018-03-02 05:07:06',1),(27,'playerVirtual1851','192.168.0.200',4,-8,0,0,0,4,0,0,0,1023,1047552,10230,0,0,0,99,'5e38020ddb56363f2f044fa84138bf87c7cb2ff4',NULL,0,'2018-03-02 05:43:44',1),(28,'playerVirtual1227','192.168.0.200',3,0,0,0,0,0,0,0,0,1023,1047552,10230,0,0,0,99,'6a2cbaa931d3be67ee339a80a47b7b126cb4a4fe',NULL,1,'2018-01-01 02:00:00',0);
/*!40000 ALTER TABLE `PLAYER` ENABLE KEYS */;
UNLOCK TABLES;

--
-- Table structure for table `REQUEST`
--

DROP TABLE IF EXISTS `REQUEST`;
/*!40101 SET @saved_cs_client     = @@character_set_client */;
/*!40101 SET character_set_client = utf8 */;
CREATE TABLE `REQUEST` (
  `id` int(11) NOT NULL AUTO_INCREMENT,
  `player_id` varchar(45) NOT NULL,
  `request_id` varchar(45) NOT NULL,
  `action` int(11) NOT NULL,
  `timestamp_received` timestamp NULL DEFAULT NULL,
  `timestamp_finished` timestamp NULL DEFAULT NULL,
  `status` int(11) NOT NULL,
  PRIMARY KEY (`id`)
) ENGINE=InnoDB AUTO_INCREMENT=597 DEFAULT CHARSET=utf8;
/*!40101 SET character_set_client = @saved_cs_client */;

--
-- Dumping data for table `REQUEST`
--

LOCK TABLES `REQUEST` WRITE;
/*!40000 ALTER TABLE `REQUEST` DISABLE KEYS */;
INSERT INTO `REQUEST` VALUES (1,'playerVirtual1','playerVirtual1_937faa74c2',4,'2018-03-02 03:19:59',NULL,0),(2,'playerVirtual2','playerVirtual2_f271871caf',4,'2018-03-02 03:20:00',NULL,0),(3,'playerVirtual1','playerVirtual1_450512000',0,'2018-03-02 03:21:01',NULL,0),(4,'playerVirtual1','playerVirtual1_450512000',0,'2018-03-02 03:21:02',NULL,0),(5,'playerVirtual2','playerVirtual2_1438244924',0,'2018-03-02 03:21:03',NULL,0),(6,'playerVirtual2','playerVirtual2_1438244924',0,'2018-03-02 03:21:03',NULL,0),(7,'playerVirtual1','playerVirtual1_3ab10a2b42',3,'2018-03-02 03:22:01',NULL,0),(8,'playerVirtual2','playerVirtual2_1a4075f3ff',3,'2018-03-02 03:22:03',NULL,0),(9,'playerVirtual1','playerVirtual1_640692267',0,'2018-03-02 03:23:06',NULL,0),(10,'playerVirtual1','playerVirtual1_640692267',0,'2018-03-02 03:23:07',NULL,0),(11,'playerVirtual2','playerVirtual2_2381571381',0,'2018-03-02 03:23:07',NULL,0),(12,'playerVirtual2','playerVirtual2_2381571381',0,'2018-03-02 03:23:07',NULL,0),(13,'playerVirtual1','playerVirtual1_89f3ce5370',4,'2018-03-02 03:24:07',NULL,0),(14,'playerVirtual2','playerVirtual2_49c67e3c5a',4,'2018-03-02 03:24:08',NULL,0),(15,'playerVirtual3','playerVirtual3_efa9c27ad7',4,'2018-03-02 03:24:57',NULL,0),(16,'playerVirtual1','playerVirtual1_5297461910',0,'2018-03-02 03:25:10',NULL,0),(17,'playerVirtual1','playerVirtual1_5297461910',0,'2018-03-02 03:25:10',NULL,0),(18,'playerVirtual2','playerVirtual2_2790332778',0,'2018-03-02 03:25:15',NULL,0),(19,'playerVirtual2','playerVirtual2_2790332778',0,'2018-03-02 03:25:15',NULL,0),(20,'playerVirtual3','playerVirtual3_369721705',0,'2018-03-02 03:26:09',NULL,0),(21,'playerVirtual3','playerVirtual3_369721705',0,'2018-03-02 03:26:10',NULL,0),(22,'playerVirtual1','playerVirtual1_1039709463',3,'2018-03-02 03:26:10',NULL,0),(23,'playerVirtual2','playerVirtual2_ea036e5d31',3,'2018-03-02 03:26:15',NULL,0),(24,'playerVirtual3','playerVirtual3_5835eb934c',3,'2018-03-02 03:27:09',NULL,0),(25,'playerVirtual1','playerVirtual1_317469422',0,'2018-03-02 03:27:19',NULL,0),(26,'playerVirtual1','playerVirtual1_317469422',0,'2018-03-02 03:27:20',NULL,0),(27,'playerVirtual2','playerVirtual2_6955737',0,'2018-03-02 03:27:20',NULL,0),(28,'playerVirtual2','playerVirtual2_6955737',0,'2018-03-02 03:27:21',NULL,0),(29,'playerVirtual3','playerVirtual3_257338104',0,'2018-03-02 03:28:11',NULL,0),(30,'playerVirtual3','playerVirtual3_257338104',0,'2018-03-02 03:28:11',NULL,0),(31,'playerVirtual1','playerVirtual1_2a5cecb117',4,'2018-03-02 03:28:19',NULL,0),(32,'playerVirtual2','playerVirtual2_962e936c27',4,'2018-03-02 03:28:20',NULL,0),(33,'playerVirtual3','playerVirtual3_dfdc5a6ea4',4,'2018-03-02 03:29:11',NULL,0),(34,'playerVirtual2','playerVirtual2_2433236783',0,'2018-03-02 03:29:29',NULL,0),(35,'playerVirtual2','playerVirtual2_2433236783',0,'2018-03-02 03:29:29',NULL,0),(36,'playerVirtual4','playerVirtual4_09809976e7',4,'2018-03-02 03:29:57',NULL,0),(37,'playerVirtual0','playerVirtual0_227f14635c',4,'2018-03-02 03:30:09',NULL,0),(38,'playerVirtual3','playerVirtual3_3338579772',0,'2018-03-02 03:30:24',NULL,0),(39,'playerVirtual3','playerVirtual3_3338579772',0,'2018-03-02 03:30:24',NULL,0),(40,'playerVirtual2','playerVirtual2_018b0d4915',3,'2018-03-02 03:30:29',NULL,0),(41,'playerVirtual4','playerVirtual4_257407216',0,'2018-03-02 03:31:12',NULL,0),(42,'playerVirtual3','playerVirtual3_0b3412cfaf',3,'2018-03-02 03:31:24',NULL,0),(43,'playerVirtual0','playerVirtual0_182859403',0,'2018-03-02 03:31:31',NULL,0),(44,'playerVirtual2','playerVirtual2_2359368952',0,'2018-03-02 03:31:46',NULL,0),(45,'playerVirtual2','playerVirtual2_2359368952',0,'2018-03-02 03:31:47',NULL,0),(46,'playerVirtual4','playerVirtual4_fae2aaa7eb',3,'2018-03-02 03:32:12',NULL,0),(47,'playerVirtual0','playerVirtual0_5c3ae70e74',3,'2018-03-02 03:32:31',NULL,0),(48,'playerVirtual3','playerVirtual3_16917741',0,'2018-03-02 03:32:39',NULL,0),(49,'playerVirtual3','playerVirtual3_16917741',0,'2018-03-02 03:32:39',NULL,0),(50,'playerVirtual2','playerVirtual2_7c17c5ee6e',4,'2018-03-02 03:32:46',NULL,0),(51,'playerVirtual4','playerVirtual4_2545640208',0,'2018-03-02 03:33:34',NULL,0),(52,'playerVirtual4','playerVirtual4_2545640208',0,'2018-03-02 03:33:35',NULL,0),(53,'playerVirtual3','playerVirtual3_7839e464d8',4,'2018-03-02 03:33:39',NULL,0),(54,'playerVirtual0','playerVirtual0_908315',0,'2018-03-02 03:33:48',NULL,0),(55,'playerVirtual0','playerVirtual0_908315',0,'2018-03-02 03:33:48',NULL,0),(56,'playerVirtual2','playerVirtual2_539194189',0,'2018-03-02 03:34:15',NULL,0),(57,'playerVirtual2','playerVirtual2_539194189',0,'2018-03-02 03:34:15',NULL,0),(58,'playerVirtual4','playerVirtual4_d390a92de4',4,'2018-03-02 03:34:35',NULL,0),(59,'playerVirtual0','playerVirtual0_8c72f7b733',4,'2018-03-02 03:34:47',NULL,0),(60,'playerVirtual5','playerVirtual5_4dcccb5014',4,'2018-03-02 03:34:57',NULL,0),(61,'playerVirtual2','playerVirtual2_0f8d09833d',3,'2018-03-02 03:35:15',NULL,0),(62,'playerVirtual3','playerVirtual3_4820204870',0,'2018-03-02 03:35:51',NULL,0),(63,'playerVirtual3','playerVirtual3_4820204870',0,'2018-03-02 03:35:51',NULL,0),(64,'playerVirtual3','playerVirtual3_ba80b7aba6',3,'2018-03-02 03:36:51',NULL,0),(65,'playerVirtual4','playerVirtual4_8058564',0,'2018-03-02 03:37:29',NULL,0),(66,'playerVirtual4','playerVirtual4_8058564',0,'2018-03-02 03:37:29',NULL,0),(67,'playerVirtual0','playerVirtual0_1429160667',0,'2018-03-02 03:37:49',NULL,0),(68,'playerVirtual0','playerVirtual0_1429160667',0,'2018-03-02 03:37:50',NULL,0),(69,'playerVirtual2','playerVirtual2_82730999',0,'2018-03-02 03:38:09',NULL,0),(70,'playerVirtual2','playerVirtual2_82730999',0,'2018-03-02 03:38:09',NULL,0),(71,'playerVirtual5','playerVirtual5_3338010893',0,'2018-03-02 03:38:16',NULL,0),(72,'playerVirtual5','playerVirtual5_3338010893',0,'2018-03-02 03:38:16',NULL,0),(73,'playerVirtual4','playerVirtual4_d0ff580c38',3,'2018-03-02 03:38:29',NULL,0),(74,'playerVirtual3','playerVirtual3_351652724',0,'2018-03-02 03:39:04',NULL,0),(75,'playerVirtual3','playerVirtual3_351652724',0,'2018-03-02 03:39:04',NULL,0),(76,'playerVirtual2','playerVirtual2_4e25828640',4,'2018-03-02 03:39:09',NULL,0),(77,'playerVirtual5','playerVirtual5_bb71c23180',3,'2018-03-02 03:39:16',NULL,0),(78,'playerVirtual4','playerVirtual4_6571218',0,'2018-03-02 03:39:59',NULL,0),(79,'playerVirtual4','playerVirtual4_6571218',0,'2018-03-02 03:39:59',NULL,0),(80,'playerVirtual6','playerVirtual6_f03295ee8f',4,'2018-03-02 03:40:01',NULL,0),(81,'playerVirtual3','playerVirtual3_aec874193e',4,'2018-03-02 03:40:04',NULL,0),(82,'playerVirtual5','playerVirtual5_1339662',0,'2018-03-02 03:40:29',NULL,0),(83,'playerVirtual5','playerVirtual5_1339662',0,'2018-03-02 03:40:30',NULL,0),(84,'playerVirtual2','playerVirtual2_1436344784',0,'2018-03-02 03:40:46',NULL,0),(85,'playerVirtual2','playerVirtual2_1436344784',0,'2018-03-02 03:40:47',NULL,0),(86,'playerVirtual4','playerVirtual4_af6300aa51',4,'2018-03-02 03:40:59',NULL,0),(87,'playerVirtual5','playerVirtual5_8cfb44fd37',4,'2018-03-02 03:41:30',NULL,0),(88,'playerVirtual2','playerVirtual2_b93d1e940a',3,'2018-03-02 03:41:47',NULL,0),(89,'playerVirtual1610','playerVirtual1610_411e92bb09',4,'2018-03-02 03:42:20',NULL,0),(90,'playerVirtual3','playerVirtual3_284794223',0,'2018-03-02 03:42:24',NULL,0),(91,'playerVirtual3','playerVirtual3_284794223',0,'2018-03-02 03:42:25',NULL,0),(92,'playerVirtual3','playerVirtual3_caeb709e15',3,'2018-03-02 03:43:25',NULL,0),(93,'playerVirtual6','playerVirtual6_317497342',0,'2018-03-02 03:43:33',NULL,0),(94,'playerVirtual4','playerVirtual4_359920779',0,'2018-03-02 03:44:01',NULL,0),(95,'playerVirtual4','playerVirtual4_359920779',0,'2018-03-02 03:44:02',NULL,0),(96,'playerVirtual6','playerVirtual6_13c6eb69cc',3,'2018-03-02 03:44:33',NULL,0),(97,'playerVirtual2','playerVirtual2_2904109077',0,'2018-03-02 03:44:43',NULL,0),(98,'playerVirtual2','playerVirtual2_2904109077',0,'2018-03-02 03:44:43',NULL,0),(99,'playerVirtual5','playerVirtual5_904011',0,'2018-03-02 03:44:49',NULL,0),(100,'playerVirtual5','playerVirtual5_904011',0,'2018-03-02 03:44:49',NULL,0),(101,'playerVirtual7','playerVirtual7_3faa16050e',4,'2018-03-02 03:44:59',NULL,0),(102,'playerVirtual4','playerVirtual4_cede24ae51',3,'2018-03-02 03:45:02',NULL,0),(103,'playerVirtual6','playerVirtual6_1093460',0,'2018-03-02 03:45:35',NULL,0),(104,'playerVirtual6','playerVirtual6_1093460',0,'2018-03-02 03:45:36',NULL,0),(105,'playerVirtual3','playerVirtual3_905614',0,'2018-03-02 03:45:38',NULL,0),(106,'playerVirtual3','playerVirtual3_905614',0,'2018-03-02 03:45:38',NULL,0),(107,'playerVirtual2','playerVirtual2_3a2b42449e',4,'2018-03-02 03:45:43',NULL,0),(108,'playerVirtual5','playerVirtual5_9e03d0b4fb',3,'2018-03-02 03:45:49',NULL,0),(109,'playerVirtual1610','playerVirtual1610_257338074',0,'2018-03-02 03:45:53',NULL,0),(110,'playerVirtual6','playerVirtual6_5ad801cf87',4,'2018-03-02 03:46:36',NULL,0),(111,'playerVirtual4','playerVirtual4_470485660',0,'2018-03-02 03:46:36',NULL,0),(112,'playerVirtual4','playerVirtual4_470485660',0,'2018-03-02 03:46:36',NULL,0),(113,'playerVirtual3','playerVirtual3_f2c8b8a14b',4,'2018-03-02 03:46:38',NULL,0),(114,'playerVirtual1610','playerVirtual1610_8e47091777',3,'2018-03-02 03:46:54',NULL,0),(115,'playerVirtual5','playerVirtual5_5792765',0,'2018-03-02 03:47:11',NULL,0),(116,'playerVirtual5','playerVirtual5_5792765',0,'2018-03-02 03:47:11',NULL,0),(117,'playerVirtual2','playerVirtual2_30788568',0,'2018-03-02 03:47:27',NULL,0),(118,'playerVirtual2','playerVirtual2_30788568',0,'2018-03-02 03:47:27',NULL,0),(119,'playerVirtual4','playerVirtual4_88f48d7925',4,'2018-03-02 03:47:36',NULL,0),(120,'playerVirtual5','playerVirtual5_7a580dc4ac',4,'2018-03-02 03:48:11',NULL,0),(121,'playerVirtual1610','playerVirtual1610_4820318661',0,'2018-03-02 03:48:16',NULL,0),(122,'playerVirtual2','playerVirtual2_0c98a303fb',3,'2018-03-02 03:48:27',NULL,0),(123,'playerVirtual7','playerVirtual7_6569547',0,'2018-03-02 03:48:35',NULL,0),(124,'playerVirtual3','playerVirtual3_400453824',0,'2018-03-02 03:49:12',NULL,0),(125,'playerVirtual3','playerVirtual3_400453824',0,'2018-03-02 03:49:13',NULL,0),(126,'playerVirtual7','playerVirtual7_7374cb04cc',3,'2018-03-02 03:49:35',NULL,0),(127,'playerVirtual8','playerVirtual8_92d55073ea',4,'2018-03-02 03:50:00',NULL,0),(128,'playerVirtual3','playerVirtual3_315bb19e81',3,'2018-03-02 03:50:13',NULL,0),(129,'playerVirtual6','playerVirtual6_38671842',0,'2018-03-02 03:50:21',NULL,0),(130,'playerVirtual6','playerVirtual6_38671842',0,'2018-03-02 03:50:21',NULL,0),(131,'playerVirtual4','playerVirtual4_4819935267',0,'2018-03-02 03:50:59',NULL,0),(132,'playerVirtual4','playerVirtual4_4819935267',0,'2018-03-02 03:50:59',NULL,0),(133,'playerVirtual7','playerVirtual7_5068098508',0,'2018-03-02 03:51:13',NULL,0),(134,'playerVirtual6','playerVirtual6_e9afe1225d',3,'2018-03-02 03:51:21',NULL,0),(135,'playerVirtual2','playerVirtual2_6264344062',0,'2018-03-02 03:51:43',NULL,0),(136,'playerVirtual2','playerVirtual2_6264344062',0,'2018-03-02 03:51:43',NULL,0),(137,'playerVirtual5','playerVirtual5_4820217293',0,'2018-03-02 03:51:49',NULL,0),(138,'playerVirtual5','playerVirtual5_4820217293',0,'2018-03-02 03:51:50',NULL,0),(139,'playerVirtual4','playerVirtual4_c4757a4e23',3,'2018-03-02 03:51:59',NULL,0),(140,'playerVirtual7','playerVirtual7_1c0bda5880',4,'2018-03-02 03:52:13',NULL,0),(141,'playerVirtual2','playerVirtual2_67be13740d',4,'2018-03-02 03:52:43',NULL,0),(142,'playerVirtual5','playerVirtual5_d178d06da4',3,'2018-03-02 03:52:49',NULL,0),(143,'playerVirtual3','playerVirtual3_1095593',0,'2018-03-02 03:54:06',NULL,0),(144,'playerVirtual3','playerVirtual3_1095593',0,'2018-03-02 03:54:06',NULL,0),(145,'playerVirtual6','playerVirtual6_2148750930',0,'2018-03-02 03:54:07',NULL,0),(146,'playerVirtual6','playerVirtual6_2148750930',0,'2018-03-02 03:54:08',NULL,0),(147,'playerVirtual9','playerVirtual9_6d3c5dfbb1',4,'2018-03-02 03:55:00',NULL,0),(148,'playerVirtual3','playerVirtual3_803fcd61cc',4,'2018-03-02 03:55:06',NULL,0),(149,'playerVirtual6','playerVirtual6_02d25f453f',4,'2018-03-02 03:55:08',NULL,0),(150,'playerVirtual1022','playerVirtual1022_fe452726f5',4,'2018-03-02 03:55:08',NULL,0),(151,'playerVirtual4','playerVirtual4_563574327',0,'2018-03-02 03:55:14',NULL,0),(152,'playerVirtual4','playerVirtual4_563574327',0,'2018-03-02 03:55:15',NULL,0),(153,'playerVirtual8','playerVirtual8_227443932',0,'2018-03-02 03:55:28',NULL,0),(154,'playerVirtual8','playerVirtual8_227443932',0,'2018-03-02 03:55:28',NULL,0),(155,'playerVirtual2','playerVirtual2_1ff99ad263',3,'2018-03-02 03:55:39',NULL,0),(156,'playerVirtual5','playerVirtual5_16915963',0,'2018-03-02 03:55:53',NULL,0),(157,'playerVirtual5','playerVirtual5_16915963',0,'2018-03-02 03:55:53',NULL,0),(158,'playerVirtual4','playerVirtual4_8f9584dbdb',4,'2018-03-02 03:56:12',NULL,0),(159,'playerVirtual8','playerVirtual8_51af39ca98',3,'2018-03-02 03:56:28',NULL,0),(160,'playerVirtual5','playerVirtual5_2f8ec99d8a',4,'2018-03-02 03:56:53',NULL,0),(161,'playerVirtual7','playerVirtual7_765651',0,'2018-03-02 03:57:14',NULL,0),(162,'playerVirtual3','playerVirtual3_284757920',0,'2018-03-02 03:57:58',NULL,0),(163,'playerVirtual3','playerVirtual3_284757920',0,'2018-03-02 03:57:59',NULL,0),(164,'playerVirtual7','playerVirtual7_6845fbcdf3',3,'2018-03-02 03:58:14',NULL,0),(165,'playerVirtual3','playerVirtual3_1e02ba8f76',3,'2018-03-02 03:58:59',NULL,0),(166,'playerVirtual6','playerVirtual6_272887063',0,'2018-03-02 03:59:09',NULL,0),(167,'playerVirtual6','playerVirtual6_272887063',0,'2018-03-02 03:59:09',NULL,0),(168,'playerVirtual8','playerVirtual8_4820204870',0,'2018-03-02 03:59:10',NULL,0),(169,'playerVirtual8','playerVirtual8_4820204870',0,'2018-03-02 03:59:10',NULL,0),(170,'playerVirtual2','playerVirtual2_38676294',0,'2018-03-02 03:59:35',NULL,0),(171,'playerVirtual2','playerVirtual2_38676294',0,'2018-03-02 03:59:35',NULL,0),(172,'playerVirtual10','playerVirtual10_6327059eeb',4,'2018-03-02 04:00:01',NULL,0),(173,'playerVirtual6','playerVirtual6_5511aa7803',3,'2018-03-02 04:00:09',NULL,0),(174,'playerVirtual8','playerVirtual8_ee50de4de8',4,'2018-03-02 04:00:10',NULL,0),(175,'playerVirtual2','playerVirtual2_5301ceb9ec',4,'2018-03-02 04:00:35',NULL,0),(176,'playerVirtual9','playerVirtual9_5623125514',0,'2018-03-02 04:00:45',NULL,0),(177,'playerVirtual9','playerVirtual9_5623125514',0,'2018-03-02 04:00:45',NULL,0),(178,'playerVirtual4','playerVirtual4_182859403',0,'2018-03-02 04:00:53',NULL,0),(179,'playerVirtual4','playerVirtual4_182859403',0,'2018-03-02 04:00:53',NULL,0),(180,'playerVirtual1022','playerVirtual1022_6274355716',0,'2018-03-02 04:00:59',NULL,0),(181,'playerVirtual9','playerVirtual9_a1d44f3a21',3,'2018-03-02 04:01:45',NULL,0),(182,'playerVirtual7','playerVirtual7_990694203',0,'2018-03-02 04:01:52',NULL,0),(183,'playerVirtual4','playerVirtual4_3257565df2',3,'2018-03-02 04:01:53',NULL,0),(184,'playerVirtual1022','playerVirtual1022_57cbe57ef5',3,'2018-03-02 04:01:59',NULL,0),(185,'playerVirtual5','playerVirtual5_990694203',0,'2018-03-02 04:02:15',NULL,0),(186,'playerVirtual5','playerVirtual5_990694203',0,'2018-03-02 04:02:15',NULL,0),(187,'playerVirtual7','playerVirtual7_86eab406f0',4,'2018-03-02 04:02:53',NULL,0),(188,'playerVirtual5','playerVirtual5_a467419e73',3,'2018-03-02 04:03:15',NULL,0),(189,'playerVirtual3','playerVirtual3_4820204870',1,'2018-03-02 04:04:14',NULL,0),(190,'playerVirtual3','playerVirtual3_da4dbb60d1',4,'2018-03-02 04:04:14',NULL,0),(191,'playerVirtual3','playerVirtual3_4820204870',1,'2018-03-02 04:04:14',NULL,0),(192,'playerVirtual6','playerVirtual6_6280643141',0,'2018-03-02 04:04:51',NULL,0),(193,'playerVirtual6','playerVirtual6_6280643141',0,'2018-03-02 04:04:52',NULL,0),(194,'playerVirtual11','playerVirtual11_042dd8c5e4',4,'2018-03-02 04:04:56',NULL,0),(195,'playerVirtual9','playerVirtual9_6282149131',0,'2018-03-02 04:05:02',NULL,0),(196,'playerVirtual9','playerVirtual9_6282149131',0,'2018-03-02 04:05:03',NULL,0),(197,'playerVirtual4','playerVirtual4_182859403',1,'2018-03-02 04:05:21',NULL,0),(198,'playerVirtual4','playerVirtual4_7f483dc2d1',4,'2018-03-02 04:05:21',NULL,0),(199,'playerVirtual4','playerVirtual4_182859403',1,'2018-03-02 04:05:21',NULL,0),(200,'playerVirtual2','playerVirtual2_272887063',0,'2018-03-02 04:05:39',NULL,0),(201,'playerVirtual2','playerVirtual2_272887063',0,'2018-03-02 04:05:40',NULL,0),(202,'playerVirtual6','playerVirtual6_f45ee8aeb6',4,'2018-03-02 04:05:52',NULL,0),(203,'playerVirtual9','playerVirtual9_fcc3a8f9d2',4,'2018-03-02 04:06:03',NULL,0),(204,'playerVirtual5','playerVirtual5_facb42ae0f',4,'2018-03-02 04:06:20',NULL,0),(205,'playerVirtual8','playerVirtual8_4476462938',0,'2018-03-02 04:06:22',NULL,0),(206,'playerVirtual8','playerVirtual8_4476462938',0,'2018-03-02 04:06:22',NULL,0),(207,'playerVirtual2','playerVirtual2_92bd3195fe',3,'2018-03-02 04:06:41',NULL,0),(208,'playerVirtual1243','playerVirtual1243_69266f79e2',4,'2018-03-02 04:07:18',NULL,0),(209,'playerVirtual8','playerVirtual8_cacb1356c5',3,'2018-03-02 04:07:22',NULL,0),(210,'playerVirtual10','playerVirtual10_6280638724',0,'2018-03-02 04:07:45',NULL,0),(211,'playerVirtual10','playerVirtual10_6280638724',0,'2018-03-02 04:07:45',NULL,0),(212,'playerVirtual7','playerVirtual7_fb566602de',3,'2018-03-02 04:07:53',NULL,0),(213,'playerVirtual3','playerVirtual3_1436323714',0,'2018-03-02 04:08:13',NULL,0),(214,'playerVirtual3','playerVirtual3_1436323714',0,'2018-03-02 04:08:14',NULL,0),(215,'playerVirtual10','playerVirtual10_921eb98d75',3,'2018-03-02 04:08:45',NULL,0),(216,'playerVirtual3','playerVirtual3_1776c77f31',3,'2018-03-02 04:09:14',NULL,0),(217,'playerVirtual12','playerVirtual12_e9a5cb6217',4,'2018-03-02 04:09:57',NULL,0),(218,'playerVirtual6','playerVirtual6_272887063',1,'2018-03-02 04:10:09',NULL,0),(219,'playerVirtual6','playerVirtual6_8148eb1102',3,'2018-03-02 04:10:09',NULL,0),(220,'playerVirtual6','playerVirtual6_272887063',1,'2018-03-02 04:10:09',NULL,0),(221,'playerVirtual8','playerVirtual8_6285257156',0,'2018-03-02 04:11:01',NULL,0),(222,'playerVirtual8','playerVirtual8_6285257156',0,'2018-03-02 04:11:02',NULL,0),(223,'playerVirtual2','playerVirtual2_182859403',0,'2018-03-02 04:11:18',NULL,0),(224,'playerVirtual2','playerVirtual2_182859403',0,'2018-03-02 04:11:19',NULL,0),(225,'playerVirtual4','playerVirtual4_214880781',0,'2018-03-02 04:11:19',NULL,0),(226,'playerVirtual4','playerVirtual4_214880781',0,'2018-03-02 04:11:19',NULL,0),(227,'playerVirtual10','playerVirtual10_6955737',0,'2018-03-02 04:11:33',NULL,0),(228,'playerVirtual10','playerVirtual10_6955737',0,'2018-03-02 04:11:33',NULL,0),(229,'playerVirtual8','playerVirtual8_75fae3d819',4,'2018-03-02 04:12:01',NULL,0),(230,'playerVirtual9','playerVirtual9_1094955',0,'2018-03-02 04:12:12',NULL,0),(231,'playerVirtual9','playerVirtual9_1094955',0,'2018-03-02 04:12:12',NULL,0),(232,'playerVirtual2','playerVirtual2_f68bc0efd8',4,'2018-03-02 04:12:18',NULL,0),(233,'playerVirtual4','playerVirtual4_57340b58f9',3,'2018-03-02 04:12:19',NULL,0),(234,'playerVirtual10','playerVirtual10_9c37da9134',4,'2018-03-02 04:12:33',NULL,0),(235,'playerVirtual5','playerVirtual5_16914091',0,'2018-03-02 04:12:45',NULL,0),(236,'playerVirtual5','playerVirtual5_16914091',0,'2018-03-02 04:12:45',NULL,0),(237,'playerVirtual7','playerVirtual7_6955737',0,'2018-03-02 04:13:11',NULL,0),(238,'playerVirtual9','playerVirtual9_34aef471a5',3,'2018-03-02 04:13:12',NULL,0),(239,'playerVirtual11','playerVirtual11_682797',0,'2018-03-02 04:13:19',NULL,0),(240,'playerVirtual11','playerVirtual11_682797',0,'2018-03-02 04:13:19',NULL,0),(241,'playerVirtual5','playerVirtual5_2edf9ccebb',3,'2018-03-02 04:13:45',NULL,0),(242,'playerVirtual7','playerVirtual7_5d192d5216',4,'2018-03-02 04:14:11',NULL,0),(243,'playerVirtual11','playerVirtual11_f4526db46b',3,'2018-03-02 04:14:19',NULL,0),(244,'playerVirtual13','playerVirtual13_ac36a98b4b',4,'2018-03-02 04:14:56',NULL,0),(245,'playerVirtual3','playerVirtual3_1438244924',0,'2018-03-02 04:15:52',NULL,0),(246,'playerVirtual3','playerVirtual3_1438244924',0,'2018-03-02 04:15:52',NULL,0),(247,'playerVirtual6','playerVirtual6_2381571381',0,'2018-03-02 04:16:40',NULL,0),(248,'playerVirtual6','playerVirtual6_2381571381',0,'2018-03-02 04:16:40',NULL,0),(249,'playerVirtual3','playerVirtual3_daf55214da',4,'2018-03-02 04:16:52',NULL,0),(250,'playerVirtual6','playerVirtual6_61a490c4b3',4,'2018-03-02 04:17:40',NULL,0),(251,'playerVirtual4','playerVirtual4_6289355687',0,'2018-03-02 04:17:44',NULL,0),(252,'playerVirtual4','playerVirtual4_6289355687',0,'2018-03-02 04:17:45',NULL,0),(253,'playerVirtual11','playerVirtual11_794070039',0,'2018-03-02 04:17:52',NULL,0),(254,'playerVirtual11','playerVirtual11_794070039',0,'2018-03-02 04:17:53',NULL,0),(255,'playerVirtual2','playerVirtual2_78d89a7e79',3,'2018-03-02 04:17:59',NULL,0),(256,'playerVirtual1165','playerVirtual1165_d3c726eb65',4,'2018-03-02 04:18:10',NULL,0),(257,'playerVirtual9','playerVirtual9_6289704471',0,'2018-03-02 04:18:33',NULL,0),(258,'playerVirtual9','playerVirtual9_6289704471',0,'2018-03-02 04:18:34',NULL,0),(259,'playerVirtual4','playerVirtual4_c6a7910841',4,'2018-03-02 04:18:44',NULL,0),(260,'playerVirtual11','playerVirtual11_ed7a31d642',4,'2018-03-02 04:18:53',NULL,0),(261,'playerVirtual5','playerVirtual5_1436344784',0,'2018-03-02 04:19:08',NULL,0),(262,'playerVirtual5','playerVirtual5_1436344784',0,'2018-03-02 04:19:13',NULL,0),(263,'playerVirtual7','playerVirtual7_6ab499fa7f',3,'2018-03-02 04:19:13',NULL,0),(264,'playerVirtual8','playerVirtual8_2378747961',0,'2018-03-02 04:19:13',NULL,0),(265,'playerVirtual8','playerVirtual8_2378747961',0,'2018-03-02 04:19:14',NULL,0),(266,'playerVirtual9','playerVirtual9_499af1820a',4,'2018-03-02 04:19:34',NULL,0),(267,'playerVirtual12','playerVirtual12_3338579772',0,'2018-03-02 04:19:36',NULL,0),(268,'playerVirtual12','playerVirtual12_3338579772',0,'2018-03-02 04:19:36',NULL,0),(269,'playerVirtual14','playerVirtual14_4fcd65719c',4,'2018-03-02 04:19:58',NULL,0),(270,'playerVirtual5','playerVirtual5_376b65dd1a',4,'2018-03-02 04:20:07',NULL,0),(271,'playerVirtual8','playerVirtual8_5b94835eee',3,'2018-03-02 04:20:14',NULL,0),(272,'playerVirtual12','playerVirtual12_57edb93da2',3,'2018-03-02 04:20:36',NULL,0),(273,'playerVirtual3','playerVirtual3_3338579772',1,'2018-03-02 04:20:52',NULL,0),(274,'playerVirtual3','playerVirtual3_ec7e9e606f',3,'2018-03-02 04:20:53',NULL,0),(275,'playerVirtual3','playerVirtual3_3338579772',1,'2018-03-02 04:20:53',NULL,0),(276,'playerVirtual10','playerVirtual10_1438244924',0,'2018-03-02 04:21:16',NULL,0),(277,'playerVirtual10','playerVirtual10_1438244924',0,'2018-03-02 04:21:20',NULL,0),(278,'playerVirtual10','playerVirtual10_b15a1298e4',3,'2018-03-02 04:22:14',NULL,0),(279,'playerVirtual2','playerVirtual2_1438244924',1,'2018-03-02 04:22:56',NULL,0),(280,'playerVirtual2','playerVirtual2_fdbef8a030',4,'2018-03-02 04:22:56',NULL,0),(281,'playerVirtual2','playerVirtual2_1438244924',1,'2018-03-02 04:22:56',NULL,0),(282,'playerVirtual15','playerVirtual15_8af190ccaf',4,'2018-03-02 04:24:58',NULL,0),(283,'playerVirtual6','playerVirtual6_6296268057',0,'2018-03-02 04:25:03',NULL,0),(284,'playerVirtual6','playerVirtual6_6296268057',0,'2018-03-02 04:25:04',NULL,0),(285,'playerVirtual8','playerVirtual8_2378747961',1,'2018-03-02 04:25:20',NULL,0),(286,'playerVirtual8','playerVirtual8_a99bb202c5',4,'2018-03-02 04:25:21',NULL,0),(287,'playerVirtual8','playerVirtual8_2378747961',1,'2018-03-02 04:25:21',NULL,0),(288,'playerVirtual6','playerVirtual6_a16ff44059',3,'2018-03-02 04:26:04',NULL,0),(289,'playerVirtual13','playerVirtual13_990694203',0,'2018-03-02 04:26:32',NULL,0),(290,'playerVirtual13','playerVirtual13_990694203',0,'2018-03-02 04:26:34',NULL,0),(291,'playerVirtual13','playerVirtual13_13edf7b3db',3,'2018-03-02 04:27:29',NULL,0),(292,'playerVirtual3','playerVirtual3_1438244924',1,'2018-03-02 04:28:20',NULL,0),(293,'playerVirtual3','playerVirtual3_b8c5927d4c',4,'2018-03-02 04:28:20',NULL,0),(294,'playerVirtual3','playerVirtual3_1438244924',1,'2018-03-02 04:28:20',NULL,0),(295,'playerVirtual4','playerVirtual4_182859403',0,'2018-03-02 04:28:29',NULL,0),(296,'playerVirtual4','playerVirtual4_0fc99c3d4d',3,'2018-03-02 04:28:29',NULL,0),(297,'playerVirtual4','playerVirtual4_182859403',0,'2018-03-02 04:28:29',NULL,0),(298,'playerVirtual13','playerVirtual13_990694203',1,'2018-03-02 04:28:30',NULL,0),(299,'playerVirtual13','playerVirtual13_adb79a29b7',4,'2018-03-02 04:28:30',NULL,0),(300,'playerVirtual13','playerVirtual13_990694203',1,'2018-03-02 04:28:31',NULL,0),(301,'playerVirtual2','playerVirtual2_7e203b1dea',3,'2018-03-02 04:28:46',NULL,0),(302,'playerVirtual12','playerVirtual12_1095593',0,'2018-03-02 04:29:09',NULL,0),(303,'playerVirtual12','playerVirtual12_1095593',0,'2018-03-02 04:29:10',NULL,0),(304,'playerVirtual16','playerVirtual16_3df9f6e1e4',4,'2018-03-02 04:30:01',NULL,0),(305,'playerVirtual12','playerVirtual12_ab41ff89c9',4,'2018-03-02 04:30:09',NULL,0),(306,'playerVirtual7','playerVirtual7_990694203',0,'2018-03-02 04:30:10',NULL,0),(307,'playerVirtual7','playerVirtual7_30368d6a4a',4,'2018-03-02 04:30:11',NULL,0),(308,'playerVirtual9','playerVirtual9_6301942525',0,'2018-03-02 04:30:32',NULL,0),(309,'playerVirtual9','playerVirtual9_6301942525',0,'2018-03-02 04:30:33',NULL,0),(310,'playerVirtual11','playerVirtual11_6264344062',0,'2018-03-02 04:31:07',NULL,0),(311,'playerVirtual11','playerVirtual11_6264344062',0,'2018-03-02 04:31:07',NULL,0),(312,'playerVirtual9','playerVirtual9_554a2a1933',3,'2018-03-02 04:31:32',NULL,0),(313,'playerVirtual11','playerVirtual11_1e5ca64e61',3,'2018-03-02 04:32:07',NULL,0),(314,'playerVirtual1873','playerVirtual1873_c5b6cafbd8',4,'2018-03-02 04:32:15',NULL,0),(315,'playerVirtual10','playerVirtual10_6274355716',0,'2018-03-02 04:32:19',NULL,0),(316,'playerVirtual10','playerVirtual10_6274355716',0,'2018-03-02 04:32:20',NULL,0),(317,'playerVirtual5','playerVirtual5_6289704471',0,'2018-03-02 04:32:53',NULL,0),(318,'playerVirtual5','playerVirtual5_6289704471',0,'2018-03-02 04:32:54',NULL,0),(319,'playerVirtual3','playerVirtual3_1095593',1,'2018-03-02 04:33:01',NULL,0),(320,'playerVirtual3','playerVirtual3_ec93fe2baa',3,'2018-03-02 04:33:02',NULL,0),(321,'playerVirtual3','playerVirtual3_1095593',1,'2018-03-02 04:33:02',NULL,0),(322,'playerVirtual10','playerVirtual10_cba4a6d5f4',4,'2018-03-02 04:33:20',NULL,0),(323,'playerVirtual5','playerVirtual5_fcd5973e0f',3,'2018-03-02 04:33:54',NULL,0),(324,'playerVirtual4','playerVirtual4_182859403',1,'2018-03-02 04:33:57',NULL,0),(325,'playerVirtual4','playerVirtual4_a1cd7a144d',4,'2018-03-02 04:33:57',NULL,0),(326,'playerVirtual4','playerVirtual4_182859403',1,'2018-03-02 04:33:57',NULL,0),(327,'playerVirtual2','playerVirtual2_6264344062',1,'2018-03-02 04:34:37',NULL,0),(328,'playerVirtual2','playerVirtual2_84387ee074',4,'2018-03-02 04:34:37',NULL,0),(329,'playerVirtual2','playerVirtual2_6264344062',1,'2018-03-02 04:34:37',NULL,0),(330,'playerVirtual17','playerVirtual17_36a5cf3557',4,'2018-03-02 04:34:59',NULL,0),(331,'playerVirtual7','playerVirtual7_3289c649f2',3,'2018-03-02 04:35:11',NULL,0),(332,'playerVirtual14','playerVirtual14_5297461910',0,'2018-03-02 04:36:03',NULL,0),(333,'playerVirtual14','playerVirtual14_5297461910',0,'2018-03-02 04:36:03',NULL,0),(334,'playerVirtual14','playerVirtual14_5ab5eb28cd',3,'2018-03-02 04:37:05',NULL,0),(335,'playerVirtual6','playerVirtual6_539194189',0,'2018-03-02 04:37:40',NULL,0),(336,'playerVirtual6','playerVirtual6_539194189',0,'2018-03-02 04:37:40',NULL,0),(337,'playerVirtual9','playerVirtual9_55a6daa0c9',4,'2018-03-02 04:37:56',NULL,0),(338,'playerVirtual6','playerVirtual6_ed1ebbce25',4,'2018-03-02 04:38:40',NULL,0),(339,'playerVirtual8','playerVirtual8_908315',0,'2018-03-02 04:39:10',NULL,0),(340,'playerVirtual8','playerVirtual8_908315',0,'2018-03-02 04:39:13',NULL,0),(341,'playerVirtual5','playerVirtual5_904011',1,'2018-03-02 04:39:13',NULL,0),(342,'playerVirtual5','playerVirtual5_5f672b2fe7',4,'2018-03-02 04:39:13',NULL,0),(343,'playerVirtual5','playerVirtual5_904011',1,'2018-03-02 04:39:14',NULL,0),(344,'playerVirtual18','playerVirtual18_13b8b43ef2',4,'2018-03-02 04:40:01',NULL,0),(345,'playerVirtual12','playerVirtual12_1095593',1,'2018-03-02 04:40:02',NULL,0),(346,'playerVirtual12','playerVirtual12_d2a2721782',3,'2018-03-02 04:40:02',NULL,0),(347,'playerVirtual12','playerVirtual12_1095593',1,'2018-03-02 04:40:02',NULL,0),(348,'playerVirtual8','playerVirtual8_4aa0334ac7',3,'2018-03-02 04:40:07',NULL,0),(349,'playerVirtual2','playerVirtual2_1436344784',1,'2018-03-02 04:40:33',NULL,0),(350,'playerVirtual2','playerVirtual2_da3d0ef62d',3,'2018-03-02 04:40:33',NULL,0),(351,'playerVirtual2','playerVirtual2_1436344784',1,'2018-03-02 04:40:34',NULL,0),(352,'playerVirtual11','playerVirtual11_4246147567',0,'2018-03-02 04:40:48',NULL,0),(353,'playerVirtual11','playerVirtual11_4246147567',0,'2018-03-02 04:40:48',NULL,0),(354,'playerVirtual11','playerVirtual11_2b8be528c8',4,'2018-03-02 04:41:48',NULL,0),(355,'playerVirtual15','playerVirtual15_182859403',0,'2018-03-02 04:42:50',NULL,0),(356,'playerVirtual15','playerVirtual15_182859403',0,'2018-03-02 04:42:50',NULL,0),(357,'playerVirtual14','playerVirtual14_2378747961',0,'2018-03-02 04:42:55',NULL,0),(358,'playerVirtual14','playerVirtual14_2378747961',0,'2018-03-02 04:42:55',NULL,0),(359,'playerVirtual15','playerVirtual15_83461d9718',3,'2018-03-02 04:43:50',NULL,0),(360,'playerVirtual14','playerVirtual14_e387a39609',4,'2018-03-02 04:43:55',NULL,0),(361,'playerVirtual10','playerVirtual10_6315250734',0,'2018-03-02 04:44:41',NULL,0),(362,'playerVirtual10','playerVirtual10_6315250734',0,'2018-03-02 04:44:41',NULL,0),(363,'playerVirtual19','playerVirtual19_8d13ac0f36',4,'2018-03-02 04:44:59',NULL,0),(364,'playerVirtual10','playerVirtual10_eac5516bfe',3,'2018-03-02 04:45:41',NULL,0),(365,'playerVirtual7','playerVirtual7_336cad4f7b',4,'2018-03-02 04:47:47',NULL,0),(366,'playerVirtual13','playerVirtual13_4246147567',0,'2018-03-02 04:48:00',NULL,0),(367,'playerVirtual13','playerVirtual13_4246147567',0,'2018-03-02 04:48:00',NULL,0),(368,'playerVirtual15','playerVirtual15_4246147567',0,'2018-03-02 04:48:39',NULL,0),(369,'playerVirtual15','playerVirtual15_4246147567',0,'2018-03-02 04:48:43',NULL,0),(370,'playerVirtual8','playerVirtual8_4246147567',0,'2018-03-02 04:48:46',NULL,0),(371,'playerVirtual8','playerVirtual8_4246147567',0,'2018-03-02 04:48:46',NULL,0),(372,'playerVirtual13','playerVirtual13_266c10661a',3,'2018-03-02 04:49:00',NULL,0),(373,'playerVirtual6','playerVirtual6_5068098508',0,'2018-03-02 04:49:03',NULL,0),(374,'playerVirtual6','playerVirtual6_5068098508',0,'2018-03-02 04:49:03',NULL,0),(375,'playerVirtual15','playerVirtual15_55231d56c3',4,'2018-03-02 04:49:37',NULL,0),(376,'playerVirtual3','playerVirtual3_4246147567',0,'2018-03-02 04:49:43',NULL,0),(377,'playerVirtual3','playerVirtual3_4246147567',0,'2018-03-02 04:49:46',NULL,0),(378,'playerVirtual2','playerVirtual2_182859403',1,'2018-03-02 04:49:46',NULL,0),(379,'playerVirtual2','playerVirtual2_125c82adce',4,'2018-03-02 04:49:46',NULL,0),(380,'playerVirtual2','playerVirtual2_182859403',1,'2018-03-02 04:49:46',NULL,0),(381,'playerVirtual8','playerVirtual8_b0635d00f2',4,'2018-03-02 04:49:47',NULL,0),(382,'playerVirtual16','playerVirtual16_6289704471',0,'2018-03-02 04:49:51',NULL,0),(383,'playerVirtual16','playerVirtual16_6289704471',0,'2018-03-02 04:49:52',NULL,0),(384,'playerVirtual13','playerVirtual13_4246147567',1,'2018-03-02 04:50:01',NULL,0),(385,'playerVirtual13','playerVirtual13_5b686e07a9',4,'2018-03-02 04:50:02',NULL,0),(386,'playerVirtual13','playerVirtual13_4246147567',1,'2018-03-02 04:50:02',NULL,0),(387,'playerVirtual6','playerVirtual6_b29f0b2520',3,'2018-03-02 04:50:03',NULL,0),(388,'playerVirtual4','playerVirtual4_4246147567',0,'2018-03-02 04:50:03',NULL,0),(389,'playerVirtual4','playerVirtual4_4246147567',0,'2018-03-02 04:50:03',NULL,0),(390,'playerVirtual3','playerVirtual3_25aeaf9da4',4,'2018-03-02 04:50:40',NULL,0),(391,'playerVirtual16','playerVirtual16_e3daebb119',3,'2018-03-02 04:50:51',NULL,0),(392,'playerVirtual4','playerVirtual4_96d1873266',3,'2018-03-02 04:51:03',NULL,0),(393,'playerVirtual12','playerVirtual12_990694203',0,'2018-03-02 04:52:32',NULL,0),(394,'playerVirtual12','playerVirtual12_990694203',0,'2018-03-02 04:52:33',NULL,0),(395,'playerVirtual5','playerVirtual5_6289704471',1,'2018-03-02 04:53:00',NULL,0),(396,'playerVirtual5','playerVirtual5_2c4437ce68',3,'2018-03-02 04:53:00',NULL,0),(397,'playerVirtual5','playerVirtual5_6289704471',1,'2018-03-02 04:53:01',NULL,0),(398,'playerVirtual9','playerVirtual9_6316827871',0,'2018-03-02 04:53:28',NULL,0),(399,'playerVirtual9','playerVirtual9_6316827871',0,'2018-03-02 04:53:28',NULL,0),(400,'playerVirtual12','playerVirtual12_75ed14e6e1',4,'2018-03-02 04:53:32',NULL,0),(401,'playerVirtual11','playerVirtual11_4246147567',1,'2018-03-02 04:54:02',NULL,0),(402,'playerVirtual11','playerVirtual11_aea4dc29e1',3,'2018-03-02 04:54:03',NULL,0),(403,'playerVirtual11','playerVirtual11_4246147567',1,'2018-03-02 04:54:03',NULL,0),(404,'playerVirtual1960','playerVirtual1960_7c024b291d',4,'2018-03-02 04:54:28',NULL,0),(405,'playerVirtual9','playerVirtual9_fa06791dcf',3,'2018-03-02 04:54:28',NULL,0),(406,'playerVirtual16','playerVirtual16_359920779',0,'2018-03-02 04:54:44',NULL,0),(407,'playerVirtual16','playerVirtual16_359920779',0,'2018-03-02 04:54:44',NULL,0),(408,'playerVirtual3','playerVirtual3_4246147567',1,'2018-03-02 04:55:22',NULL,0),(409,'playerVirtual3','playerVirtual3_d26736172a',3,'2018-03-02 04:55:22',NULL,0),(410,'playerVirtual3','playerVirtual3_4246147567',1,'2018-03-02 04:55:22',NULL,0),(411,'playerVirtual16','playerVirtual16_965c7bae24',4,'2018-03-02 04:55:44',NULL,0),(412,'playerVirtual17','playerVirtual17_4246147567',0,'2018-03-02 04:55:47',NULL,0),(413,'playerVirtual4','playerVirtual4_4246147567',1,'2018-03-02 04:56:29',NULL,0),(414,'playerVirtual4','playerVirtual4_85e80d9815',4,'2018-03-02 04:56:29',NULL,0),(415,'playerVirtual4','playerVirtual4_4246147567',1,'2018-03-02 04:56:29',NULL,0),(416,'playerVirtual17','playerVirtual17_dda7dd8f58',3,'2018-03-02 04:56:47',NULL,0),(417,'playerVirtual10','playerVirtual10_4246147567',0,'2018-03-02 04:57:39',NULL,0),(418,'playerVirtual10','playerVirtual10_4246147567',0,'2018-03-02 04:57:39',NULL,0),(419,'playerVirtual17','playerVirtual17_674ec5108d',4,'2018-03-02 04:57:48',NULL,0),(420,'playerVirtual7','playerVirtual7_1095593',0,'2018-03-02 04:58:37',NULL,0),(421,'playerVirtual10','playerVirtual10_762152d0a0',4,'2018-03-02 04:58:39',NULL,0),(422,'playerVirtual2','playerVirtual2_cd7d3146df',3,'2018-03-02 04:59:17',NULL,0),(423,'playerVirtual7','playerVirtual7_ef3a7d2184',3,'2018-03-02 04:59:37',NULL,0),(424,'playerVirtual14','playerVirtual14_4246147567',0,'2018-03-02 05:00:55',NULL,0),(425,'playerVirtual14','playerVirtual14_4246147567',0,'2018-03-02 05:00:55',NULL,0),(426,'playerVirtual18','playerVirtual18_4246147567',0,'2018-03-02 05:01:02',NULL,0),(427,'playerVirtual18','playerVirtual18_4246147567',0,'2018-03-02 05:01:02',NULL,0),(428,'playerVirtual14','playerVirtual14_9a089fe847',3,'2018-03-02 05:01:55',NULL,0),(429,'playerVirtual18','playerVirtual18_b7d90ac5cd',3,'2018-03-02 05:02:02',NULL,0),(430,'playerVirtual5','playerVirtual5_4246147567',0,'2018-03-02 05:03:01',NULL,0),(431,'playerVirtual5','playerVirtual5_4246147567',0,'2018-03-02 05:03:02',NULL,0),(432,'playerVirtual18','playerVirtual18_4246147567',1,'2018-03-02 05:03:03',NULL,0),(433,'playerVirtual18','playerVirtual18_fec9632e35',4,'2018-03-02 05:03:03',NULL,0),(434,'playerVirtual18','playerVirtual18_4246147567',1,'2018-03-02 05:03:04',NULL,0),(435,'playerVirtual6','playerVirtual6_4246147567',0,'2018-03-02 05:03:14',NULL,0),(436,'playerVirtual6','playerVirtual6_4246147567',0,'2018-03-02 05:03:14',NULL,0),(437,'playerVirtual9','playerVirtual9_4246147567',0,'2018-03-02 05:03:27',NULL,0),(438,'playerVirtual12','playerVirtual12_990694203',1,'2018-03-02 05:03:29',NULL,0),(439,'playerVirtual12','playerVirtual12_5bee4592fa',3,'2018-03-02 05:03:30',NULL,0),(440,'playerVirtual9','playerVirtual9_4246147567',0,'2018-03-02 05:03:34',NULL,0),(441,'playerVirtual12','playerVirtual12_990694203',1,'2018-03-02 05:03:34',NULL,0),(442,'playerVirtual8','playerVirtual8_4246147567',1,'2018-03-02 05:03:34',NULL,0),(443,'playerVirtual8','playerVirtual8_dd4269c656',3,'2018-03-02 05:03:34',NULL,0),(444,'playerVirtual8','playerVirtual8_4246147567',1,'2018-03-02 05:03:35',NULL,0),(445,'playerVirtual5','playerVirtual5_62bde71e25',4,'2018-03-02 05:04:01',NULL,0),(446,'playerVirtual6','playerVirtual6_1a6854b61e',4,'2018-03-02 05:04:14',NULL,0),(447,'playerVirtual9','playerVirtual9_30c3875d27',4,'2018-03-02 05:04:25',NULL,0),(448,'playerVirtual11','playerVirtual11_4246147567',0,'2018-03-02 05:05:49',NULL,0),(449,'playerVirtual11','playerVirtual11_a1f2928c96',4,'2018-03-02 05:05:49',NULL,0),(450,'playerVirtual11','playerVirtual11_4246147567',0,'2018-03-02 05:05:50',NULL,0),(451,'playerVirtual19','playerVirtual19_4246147567',0,'2018-03-02 05:07:06',NULL,0),(452,'playerVirtual19','playerVirtual19_4246147567',0,'2018-03-02 05:07:06',NULL,0),(453,'playerVirtual15','playerVirtual15_4246147567',1,'2018-03-02 05:07:28',NULL,0),(454,'playerVirtual15','playerVirtual15_3e6d56034b',3,'2018-03-02 05:07:28',NULL,0),(455,'playerVirtual15','playerVirtual15_4246147567',1,'2018-03-02 05:07:28',NULL,0),(456,'playerVirtual14','playerVirtual14_4246147567',1,'2018-03-02 05:07:47',NULL,0),(457,'playerVirtual14','playerVirtual14_30ec21e559',4,'2018-03-02 05:07:47',NULL,0),(458,'playerVirtual14','playerVirtual14_4246147567',1,'2018-03-02 05:07:48',NULL,0),(459,'playerVirtual19','playerVirtual19_fec8cd1ccf',3,'2018-03-02 05:08:06',NULL,0),(460,'playerVirtual19','playerVirtual19_58373f18e5',4,'2018-03-02 05:09:07',NULL,0),(461,'playerVirtual10','playerVirtual10_4246147567',1,'2018-03-02 05:10:00',NULL,0),(462,'playerVirtual10','playerVirtual10_4fa465d3ff',3,'2018-03-02 05:10:00',NULL,0),(463,'playerVirtual10','playerVirtual10_4246147567',1,'2018-03-02 05:10:00',NULL,0),(464,'playerVirtual13','playerVirtual13_6322213339',0,'2018-03-02 05:12:30',NULL,0),(465,'playerVirtual13','playerVirtual13_6322213339',0,'2018-03-02 05:12:30',NULL,0),(466,'playerVirtual13','playerVirtual13_1b26f21969',3,'2018-03-02 05:13:30',NULL,0),(467,'playerVirtual4','playerVirtual4_359920779',1,'2018-03-02 05:14:06',NULL,0),(468,'playerVirtual4','playerVirtual4_6f7fee9b2f',3,'2018-03-02 05:14:06',NULL,0),(469,'playerVirtual4','playerVirtual4_359920779',1,'2018-03-02 05:14:10',NULL,0),(470,'playerVirtual7','playerVirtual7_6335261139',0,'2018-03-02 05:14:30',NULL,0),(471,'playerVirtual6','playerVirtual6_4246147567',1,'2018-03-02 05:14:37',NULL,0),(472,'playerVirtual6','playerVirtual6_e90d92273e',3,'2018-03-02 05:14:37',NULL,0),(473,'playerVirtual6','playerVirtual6_4246147567',1,'2018-03-02 05:14:37',NULL,0),(474,'playerVirtual2','playerVirtual2_4246147567',0,'2018-03-02 05:15:17',NULL,0),(475,'playerVirtual2','playerVirtual2_4246147567',0,'2018-03-02 05:15:17',NULL,0),(476,'playerVirtual3','playerVirtual3_4246147567',0,'2018-03-02 05:15:20',NULL,0),(477,'playerVirtual3','playerVirtual3_feb3b50389',4,'2018-03-02 05:15:20',NULL,0),(478,'playerVirtual3','playerVirtual3_4246147567',0,'2018-03-02 05:15:21',NULL,0),(479,'playerVirtual7','playerVirtual7_8962d65ec7',4,'2018-03-02 05:15:30',NULL,0),(480,'playerVirtual8','playerVirtual8_4246147567',0,'2018-03-02 05:15:57',NULL,0),(481,'playerVirtual8','playerVirtual8_a09ae0a21c',4,'2018-03-02 05:15:58',NULL,0),(482,'playerVirtual8','playerVirtual8_4246147567',0,'2018-03-02 05:15:58',NULL,0),(483,'playerVirtual15','playerVirtual15_4246147567',0,'2018-03-02 05:16:02',NULL,0),(484,'playerVirtual15','playerVirtual15_d9d30a74b4',4,'2018-03-02 05:16:02',NULL,0),(485,'playerVirtual15','playerVirtual15_4246147567',0,'2018-03-02 05:16:02',NULL,0),(486,'playerVirtual2','playerVirtual2_e4370ccfdd',4,'2018-03-02 05:16:17',NULL,0),(487,'playerVirtual16','playerVirtual16_4246147567',0,'2018-03-02 05:16:43',NULL,0),(488,'playerVirtual16','playerVirtual16_4246147567',0,'2018-03-02 05:16:44',NULL,0),(489,'playerVirtual16','playerVirtual16_6971203b9f',3,'2018-03-02 05:17:44',NULL,0),(490,'playerVirtual5','playerVirtual5_4246147567',1,'2018-03-02 05:17:48',NULL,0),(491,'playerVirtual5','playerVirtual5_6661bf1de3',3,'2018-03-02 05:17:48',NULL,0),(492,'playerVirtual5','playerVirtual5_4246147567',1,'2018-03-02 05:17:49',NULL,0),(493,'playerVirtual11','playerVirtual11_4246147567',1,'2018-03-02 05:18:04',NULL,0),(494,'playerVirtual11','playerVirtual11_0b0dbec9ca',3,'2018-03-02 05:18:04',NULL,0),(495,'playerVirtual11','playerVirtual11_4246147567',1,'2018-03-02 05:18:04',NULL,0),(496,'playerVirtual13','playerVirtual13_4246147567',0,'2018-03-02 05:18:23',NULL,0),(497,'playerVirtual13','playerVirtual13_c341401f90',4,'2018-03-02 05:18:24',NULL,0),(498,'playerVirtual13','playerVirtual13_4246147567',0,'2018-03-02 05:18:24',NULL,0),(499,'playerVirtual12','playerVirtual12_4246147567',0,'2018-03-02 05:19:30',NULL,0),(500,'playerVirtual12','playerVirtual12_4246147567',0,'2018-03-02 05:19:31',NULL,0),(501,'playerVirtual1851','playerVirtual1851_ce2763f5a6',4,'2018-03-02 05:19:44',NULL,0),(502,'playerVirtual9','playerVirtual9_4246147567',1,'2018-03-02 05:19:58',NULL,0),(503,'playerVirtual9','playerVirtual9_6148c9b663',3,'2018-03-02 05:19:58',NULL,0),(504,'playerVirtual9','playerVirtual9_4246147567',1,'2018-03-02 05:19:58',NULL,0),(505,'playerVirtual3','playerVirtual3_4246147567',1,'2018-03-02 05:20:02',NULL,0),(506,'playerVirtual3','playerVirtual3_75a5d4e502',3,'2018-03-02 05:20:02',NULL,0),(507,'playerVirtual3','playerVirtual3_4246147567',1,'2018-03-02 05:20:02',NULL,0),(508,'playerVirtual12','playerVirtual12_6008c863bb',4,'2018-03-02 05:20:31',NULL,0),(509,'playerVirtual16','playerVirtual16_4246147567',1,'2018-03-02 05:21:36',NULL,0),(510,'playerVirtual16','playerVirtual16_4d65ee5c98',4,'2018-03-02 05:21:36',NULL,0),(511,'playerVirtual16','playerVirtual16_4246147567',1,'2018-03-02 05:21:36',NULL,0),(512,'playerVirtual17','playerVirtual17_4246147567',0,'2018-03-02 05:21:53',NULL,0),(513,'playerVirtual17','playerVirtual17_6f2420893e',3,'2018-03-02 05:21:53',NULL,0),(514,'playerVirtual17','playerVirtual17_2de0979625',4,'2018-03-02 05:22:54',NULL,0),(515,'playerVirtual4','playerVirtual4_6344084916',0,'2018-03-02 05:24:05',NULL,0),(516,'playerVirtual4','playerVirtual4_6344084916',0,'2018-03-02 05:24:06',NULL,0),(517,'playerVirtual4','playerVirtual4_8b8907cf14',4,'2018-03-02 05:25:06',NULL,0),(518,'playerVirtual10','playerVirtual10_4246147567',0,'2018-03-02 05:25:49',NULL,0),(519,'playerVirtual10','playerVirtual10_38e5102b03',4,'2018-03-02 05:25:49',NULL,0),(520,'playerVirtual2','playerVirtual2_4246147567',1,'2018-03-02 05:25:49',NULL,0),(521,'playerVirtual2','playerVirtual2_8175ddcab1',3,'2018-03-02 05:25:49',NULL,0),(522,'playerVirtual10','playerVirtual10_4246147567',0,'2018-03-02 05:25:50',NULL,0),(523,'playerVirtual2','playerVirtual2_4246147567',1,'2018-03-02 05:25:50',NULL,0),(524,'playerVirtual18','playerVirtual18_4246147567',0,'2018-03-02 05:27:48',NULL,0),(525,'playerVirtual18','playerVirtual18_2b470b043d',3,'2018-03-02 05:27:48',NULL,0),(526,'playerVirtual18','playerVirtual18_4246147567',0,'2018-03-02 05:27:52',NULL,0),(527,'playerVirtual7','playerVirtual7_4246147567',0,'2018-03-02 05:28:24',NULL,0),(528,'playerVirtual14','playerVirtual14_4246147567',0,'2018-03-02 05:28:35',NULL,0),(529,'playerVirtual14','playerVirtual14_aae9c55ed9',3,'2018-03-02 05:28:35',NULL,0),(530,'playerVirtual14','playerVirtual14_4246147567',0,'2018-03-02 05:28:35',NULL,0),(531,'playerVirtual5','playerVirtual5_1436344784',1,'2018-03-02 05:28:45',NULL,0),(532,'playerVirtual5','playerVirtual5_4a495c62f2',4,'2018-03-02 05:28:45',NULL,0),(533,'playerVirtual5','playerVirtual5_1436344784',1,'2018-03-02 05:28:45',NULL,0),(534,'playerVirtual18','playerVirtual18_4246147567',1,'2018-03-02 05:28:48',NULL,0),(535,'playerVirtual18','playerVirtual18_b019e36f72',4,'2018-03-02 05:28:49',NULL,0),(536,'playerVirtual18','playerVirtual18_4246147567',1,'2018-03-02 05:28:49',NULL,0),(537,'playerVirtual6','playerVirtual6_5068098508',1,'2018-03-02 05:28:58',NULL,0),(538,'playerVirtual6','playerVirtual6_b2daac17a1',4,'2018-03-02 05:28:59',NULL,0),(539,'playerVirtual6','playerVirtual6_5068098508',1,'2018-03-02 05:29:01',NULL,0),(540,'playerVirtual7','playerVirtual7_fc5b70f8ae',3,'2018-03-02 05:29:25',NULL,0),(541,'playerVirtual8','playerVirtual8_4246147567',1,'2018-03-02 05:29:44',NULL,0),(542,'playerVirtual8','playerVirtual8_005d71f687',3,'2018-03-02 05:29:44',NULL,0),(543,'playerVirtual8','playerVirtual8_4246147567',1,'2018-03-02 05:29:44',NULL,0),(544,'playerVirtual12','playerVirtual12_11a75dab85',3,'2018-03-02 05:30:24',NULL,0),(545,'playerVirtual9','playerVirtual9_4246147567',0,'2018-03-02 05:32:38',NULL,0),(546,'playerVirtual9','playerVirtual9_38c10214c6',4,'2018-03-02 05:32:39',NULL,0),(547,'playerVirtual9','playerVirtual9_4246147567',0,'2018-03-02 05:32:39',NULL,0),(548,'playerVirtual11','playerVirtual11_990694203',0,'2018-03-02 05:33:36',NULL,0),(549,'playerVirtual11','playerVirtual11_990694203',0,'2018-03-02 05:33:37',NULL,0),(550,'playerVirtual15','playerVirtual15_4246147567',1,'2018-03-02 05:33:53',NULL,0),(551,'playerVirtual15','playerVirtual15_6f7e57698f',3,'2018-03-02 05:33:53',NULL,0),(552,'playerVirtual15','playerVirtual15_4246147567',1,'2018-03-02 05:33:53',NULL,0),(553,'playerVirtual14','playerVirtual14_4246147567',1,'2018-03-02 05:34:26',NULL,0),(554,'playerVirtual14','playerVirtual14_d9fdc1c903',4,'2018-03-02 05:34:26',NULL,0),(555,'playerVirtual14','playerVirtual14_4246147567',1,'2018-03-02 05:34:27',NULL,0),(556,'playerVirtual11','playerVirtual11_af06920b8c',4,'2018-03-02 05:34:36',NULL,0),(557,'playerVirtual19','playerVirtual19_4246147567',0,'2018-03-02 05:35:00',NULL,0),(558,'playerVirtual19','playerVirtual19_aa048101a6',3,'2018-03-02 05:35:00',NULL,0),(559,'playerVirtual19','playerVirtual19_4246147567',0,'2018-03-02 05:35:00',NULL,0),(560,'playerVirtual19','playerVirtual19_55158c7604',4,'2018-03-02 05:36:01',NULL,0),(561,'playerVirtual10','playerVirtual10_4246147567',1,'2018-03-02 05:37:06',NULL,0),(562,'playerVirtual10','playerVirtual10_dc521927ba',3,'2018-03-02 05:37:07',NULL,0),(563,'playerVirtual10','playerVirtual10_4246147567',1,'2018-03-02 05:37:07',NULL,0),(564,'playerVirtual13','playerVirtual13_4246147567',1,'2018-03-02 05:40:49',NULL,0),(565,'playerVirtual13','playerVirtual13_8465335c88',3,'2018-03-02 05:40:49',NULL,0),(566,'playerVirtual13','playerVirtual13_4246147567',1,'2018-03-02 05:40:49',NULL,0),(567,'playerVirtual3','playerVirtual3_272887063',0,'2018-03-02 05:43:44',NULL,0),(568,'playerVirtual3','playerVirtual3_272887063',0,'2018-03-02 05:43:46',NULL,0),(569,'playerVirtual4','playerVirtual4_6566788',0,'2018-03-02 05:44:09',NULL,0),(570,'playerVirtual4','playerVirtual4_6566788',0,'2018-03-02 05:44:10',NULL,0),(571,'playerVirtual6','playerVirtual6_4246147567',0,'2018-03-02 05:44:12',NULL,0),(572,'playerVirtual6','playerVirtual6_fcb689b9a6',3,'2018-03-02 05:44:13',NULL,0),(573,'playerVirtual6','playerVirtual6_4246147567',0,'2018-03-02 05:44:13',NULL,0),(574,'playerVirtual7','playerVirtual7_8f369e6f09',4,'2018-03-02 05:44:18',NULL,0),(575,'playerVirtual2','playerVirtual2_272887063',1,'2018-03-02 05:44:37',NULL,0),(576,'playerVirtual2','playerVirtual2_606e75659a',4,'2018-03-02 05:44:37',NULL,0),(577,'playerVirtual2','playerVirtual2_272887063',1,'2018-03-02 05:44:38',NULL,0),(578,'playerVirtual3','playerVirtual3_3c8c72c9ab',4,'2018-03-02 05:44:45',NULL,0),(579,'playerVirtual4','playerVirtual4_6ba6de1b00',3,'2018-03-02 05:45:09',NULL,0),(580,'playerVirtual8','playerVirtual8_6566788',0,'2018-03-02 05:45:42',NULL,0),(581,'playerVirtual8','playerVirtual8_6566788',0,'2018-03-02 05:45:43',NULL,0),(582,'playerVirtual15','playerVirtual15_16917741',0,'2018-03-02 05:45:52',NULL,0),(583,'playerVirtual15','playerVirtual15_16917741',0,'2018-03-02 05:45:52',NULL,0),(584,'playerVirtual16','playerVirtual16_4246147567',0,'2018-03-02 05:46:10',NULL,0),(585,'playerVirtual16','playerVirtual16_ae03058b05',3,'2018-03-02 05:46:10',NULL,0),(586,'playerVirtual16','playerVirtual16_4246147567',0,'2018-03-02 05:46:10',NULL,0),(587,'playerVirtual8','playerVirtual8_335a5cfe2b',4,'2018-03-02 05:46:43',NULL,0),(588,'playerVirtual11','playerVirtual11_725a8645d8',3,'2018-03-02 05:46:54',NULL,0),(589,'playerVirtual15','playerVirtual15_ae4eca2f60',4,'2018-03-02 05:46:55',NULL,0),(590,'playerVirtual5','playerVirtual5_4246147567',0,'2018-03-02 05:46:56',NULL,0),(591,'playerVirtual5','playerVirtual5_27366b4141',3,'2018-03-02 05:46:57',NULL,0),(592,'playerVirtual5','playerVirtual5_4246147567',0,'2018-03-02 05:46:57',NULL,0),(593,'playerVirtual9','playerVirtual9_23ec339abe',3,'2018-03-02 05:48:11',NULL,0),(594,'playerVirtual13','playerVirtual13_3338579772',0,'2018-03-02 05:48:14',NULL,0),(595,'playerVirtual13','playerVirtual13_3338579772',0,'2018-03-02 05:48:14',NULL,0),(596,'playerVirtual1227','playerVirtual1227_4d01a86a1d',4,'2018-03-02 05:48:53',NULL,0);
/*!40000 ALTER TABLE `REQUEST` ENABLE KEYS */;
UNLOCK TABLES;

--
-- Table structure for table `STATUS`
--

DROP TABLE IF EXISTS `STATUS`;
/*!40101 SET @saved_cs_client     = @@character_set_client */;
/*!40101 SET character_set_client = utf8 */;
CREATE TABLE `STATUS` (
  `id` int(11) NOT NULL AUTO_INCREMENT,
  `players` int(11) DEFAULT '0',
  `all_requests` int(11) DEFAULT '0',
  `accepts` int(11) DEFAULT '0',
  `rejects` int(11) DEFAULT '0',
  `fairness` float DEFAULT '0',
  `timestamp` timestamp NULL DEFAULT NULL,
  PRIMARY KEY (`id`)
) ENGINE=InnoDB AUTO_INCREMENT=32 DEFAULT CHARSET=utf8;
/*!40101 SET character_set_client = @saved_cs_client */;

--
-- Dumping data for table `STATUS`
--

LOCK TABLES `STATUS` WRITE;
/*!40000 ALTER TABLE `STATUS` DISABLE KEYS */;
INSERT INTO `STATUS` VALUES (1,0,0,0,0,0,'2018-03-02 03:18:44'),(2,2,4,3,1,0.75,'2018-03-02 03:23:44'),(3,3,10,8,2,0.8,'2018-03-02 03:28:44'),(4,5,15,10,5,0.666667,'2018-03-02 03:33:45'),(5,6,22,14,8,0.636364,'2018-03-02 03:38:45'),(6,8,27,18,9,0.666667,'2018-03-02 03:43:45'),(7,9,35,25,10,0.714286,'2018-03-02 03:48:45'),(8,10,40,30,10,0.75,'2018-03-02 03:53:45'),(9,12,46,35,11,0.76087,'2018-03-02 03:58:45'),(10,13,52,39,13,0.75,'2018-03-02 04:03:45'),(11,15,58,43,15,0.741379,'2018-03-02 04:08:46'),(12,16,65,49,16,0.753846,'2018-03-02 04:13:46'),(13,18,70,53,17,0.757143,'2018-03-02 04:18:46'),(14,19,74,56,18,0.756757,'2018-03-02 04:23:46'),(15,20,77,58,19,0.753247,'2018-03-02 04:28:46'),(16,22,82,62,20,0.756098,'2018-03-02 04:33:46'),(17,23,84,64,20,0.761905,'2018-03-02 04:38:46'),(18,24,88,68,20,0.772727,'2018-03-02 04:43:46'),(19,25,92,72,20,0.782609,'2018-03-02 04:48:47'),(20,26,98,77,21,0.785714,'2018-03-02 04:53:47'),(21,26,100,77,23,0.77,'2018-03-02 04:58:47'),(22,26,105,81,24,0.771429,'2018-03-02 05:03:47'),(23,26,107,82,25,0.766355,'2018-03-02 05:08:47'),(24,26,108,83,25,0.768519,'2018-03-02 05:13:48'),(25,27,114,89,25,0.780702,'2018-03-02 05:18:48'),(26,27,115,88,27,0.765217,'2018-03-02 05:23:48'),(27,27,119,91,28,0.764706,'2018-03-02 05:28:48'),(28,27,121,91,30,0.752066,'2018-03-02 05:33:48'),(29,27,122,91,31,0.745902,'2018-03-02 05:38:48'),(30,27,123,92,31,0.747967,'2018-03-02 05:43:48'),(31,28,130,99,31,0.761538,'2018-03-02 05:48:48');
/*!40000 ALTER TABLE `STATUS` ENABLE KEYS */;
UNLOCK TABLES;

--
-- Table structure for table `THRESHOLD`
--

DROP TABLE IF EXISTS `THRESHOLD`;
/*!40101 SET @saved_cs_client     = @@character_set_client */;
/*!40101 SET character_set_client = utf8 */;
CREATE TABLE `THRESHOLD` (
  `division` int(11) NOT NULL,
  `botton` float DEFAULT '0',
  `top` float DEFAULT '0',
  PRIMARY KEY (`division`)
) ENGINE=InnoDB DEFAULT CHARSET=utf8;
/*!40101 SET character_set_client = @saved_cs_client */;

--
-- Dumping data for table `THRESHOLD`
--

LOCK TABLES `THRESHOLD` WRITE;
/*!40000 ALTER TABLE `THRESHOLD` DISABLE KEYS */;
INSERT INTO `THRESHOLD` VALUES (1,8.76,20),(2,4.38,8.76),(3,0,4.38);
/*!40000 ALTER TABLE `THRESHOLD` ENABLE KEYS */;
UNLOCK TABLES;

--
-- Table structure for table `VM`
--

DROP TABLE IF EXISTS `VM`;
/*!40101 SET @saved_cs_client     = @@character_set_client */;
/*!40101 SET character_set_client = utf8 */;
CREATE TABLE `VM` (
  `id` int(11) NOT NULL AUTO_INCREMENT,
  `origin_add` varchar(45) NOT NULL,
  `origin_id` varchar(45) NOT NULL,
  `origin_name` varchar(45) NOT NULL,
  `destiny_add` varchar(45) NOT NULL,
  `destiny_name` varchar(45) NOT NULL,
  `destiny_id` varchar(45) NOT NULL,
  `status` tinyint(1) NOT NULL,
  `has_resources` tinyint(1) NOT NULL,
  `vcpus` int(11) NOT NULL,
  `mem` bigint(20) NOT NULL,
  `disk` bigint(20) NOT NULL,
  `timestamp_received` timestamp NULL DEFAULT NULL,
  `timestamp_finished` timestamp NULL DEFAULT NULL,
  PRIMARY KEY (`id`)
) ENGINE=InnoDB AUTO_INCREMENT=131 DEFAULT CHARSET=utf8;
/*!40101 SET character_set_client = @saved_cs_client */;

--
-- Dumping data for table `VM`
--

LOCK TABLES `VM` WRITE;
/*!40000 ALTER TABLE `VM` DISABLE KEYS */;
INSERT INTO `VM` VALUES (1,'192.168.0.200','playerVirtual1_450512000','playerVirtual1','192.168.0.200','playerVirtual2','playerVirtual2_91184a737b',1,1,1,2048,20,'2018-03-02 03:21:02',NULL),(2,'192.168.0.200','playerVirtual2_1438244924','playerVirtual2','192.168.0.200','playerVirtual1','playerVirtual1_46d3f4c4c0',3,1,1,2048,20,'2018-03-02 03:21:03','2018-03-02 04:22:57'),(3,'192.168.0.200','playerVirtual1_640692267','playerVirtual1','192.168.0.200','playerVirtual2','playerVirtual2_d800fc0a8b',1,1,1,512,1,'2018-03-02 03:23:07',NULL),(4,'192.168.0.200','playerVirtual2_2381571381','playerVirtual2','192.168.0.200','playerVirtual1','playerVirtual2_2381571381',0,0,1,2048,20,'2018-03-02 03:23:07','2018-03-02 03:23:07'),(5,'192.168.0.200','playerVirtual1_5297461910','playerVirtual1','192.168.0.200','playerVirtual3','playerVirtual3_b37a3dc49a',1,1,1,512,1,'2018-03-02 03:25:10',NULL),(6,'192.168.0.200','playerVirtual2_2790332778','playerVirtual2','192.168.0.200','playerVirtual3','playerVirtual3_3b4c84837e',1,1,2,4096,40,'2018-03-02 03:25:15',NULL),(7,'192.168.0.200','playerVirtual3_369721705','playerVirtual3','192.168.0.200','playerVirtual2','playerVirtual2_09d438aa8e',1,1,2,4096,40,'2018-03-02 03:26:10',NULL),(8,'192.168.0.200','playerVirtual1_317469422','playerVirtual1','192.168.0.200','playerVirtual2','playerVirtual2_e1766a1498',1,1,2,4096,40,'2018-03-02 03:27:20',NULL),(9,'192.168.0.200','playerVirtual2_6955737','playerVirtual2','192.168.0.200','playerVirtual1','playerVirtual2_6955737',0,0,1,2048,20,'2018-03-02 03:27:21','2018-03-02 03:27:21'),(10,'192.168.0.200','playerVirtual3_257338104','playerVirtual3','192.168.0.200','playerVirtual2','playerVirtual2_96a0556e55',1,1,2,4096,40,'2018-03-02 03:28:11',NULL),(11,'192.168.0.200','playerVirtual2_2433236783','playerVirtual2','192.168.0.200','playerVirtual3','playerVirtual2_2433236783',0,0,1,2048,20,'2018-03-02 03:29:29','2018-03-02 03:29:29'),(12,'192.168.0.200','playerVirtual3_3338579772','playerVirtual3','192.168.0.200','playerVirtual4','playerVirtual4_71369b9d89',3,1,1,2048,20,'2018-03-02 03:30:24','2018-03-02 04:20:53'),(13,'192.168.0.200','playerVirtual2_2359368952','playerVirtual2','192.168.0.200','playerVirtual0','playerVirtual2_2359368952',0,1,1,512,1,'2018-03-02 03:31:47','2018-03-02 03:31:47'),(14,'192.168.0.200','playerVirtual3_16917741','playerVirtual3','192.168.0.200','playerVirtual4','playerVirtual4_f3261eeabb',1,1,1,512,1,'2018-03-02 03:32:39',NULL),(15,'192.168.0.200','playerVirtual4_2545640208','playerVirtual4','192.168.0.200','playerVirtual0','playerVirtual4_2545640208',0,1,1,2048,20,'2018-03-02 03:33:35','2018-03-02 03:33:35'),(16,'192.168.0.200','playerVirtual0_908315','playerVirtual0','192.168.0.200','playerVirtual4','playerVirtual4_f76b26380b',1,1,1,2048,20,'2018-03-02 03:33:48',NULL),(17,'192.168.0.200','playerVirtual2_539194189','playerVirtual2','192.168.0.200','playerVirtual0','playerVirtual2_539194189',0,1,1,2048,20,'2018-03-02 03:34:15','2018-03-02 03:34:15'),(18,'192.168.0.200','playerVirtual3_4820204870','playerVirtual3','192.168.0.200','playerVirtual5','playerVirtual5_80e0f73b6e',3,1,2,4096,40,'2018-03-02 03:35:52','2018-03-02 04:04:14'),(19,'192.168.0.200','playerVirtual4_8058564','playerVirtual4','192.168.0.200','playerVirtual0','playerVirtual4_8058564',0,1,1,2048,20,'2018-03-02 03:37:29','2018-03-02 03:37:29'),(20,'192.168.0.200','playerVirtual0_1429160667','playerVirtual0','192.168.0.200','playerVirtual4','playerVirtual4_09c6df9c80',1,1,1,2048,20,'2018-03-02 03:37:50',NULL),(21,'192.168.0.200','playerVirtual2_82730999','playerVirtual2','192.168.0.200','playerVirtual5','playerVirtual5_1957ea09f4',1,1,1,512,1,'2018-03-02 03:38:09',NULL),(22,'192.168.0.200','playerVirtual5_3338010893','playerVirtual5','192.168.0.200','playerVirtual0','playerVirtual5_3338010893',0,1,1,512,1,'2018-03-02 03:38:16','2018-03-02 03:38:16'),(23,'192.168.0.200','playerVirtual3_351652724','playerVirtual3','192.168.0.200','playerVirtual4','playerVirtual4_9671079d26',1,1,1,2048,20,'2018-03-02 03:39:04',NULL),(24,'192.168.0.200','playerVirtual4_6571218','playerVirtual4','192.168.0.200','playerVirtual5','playerVirtual5_5644fbac5b',1,1,1,2048,20,'2018-03-02 03:40:00',NULL),(25,'192.168.0.200','playerVirtual5_1339662','playerVirtual5','192.168.0.200','playerVirtual6','playerVirtual6_eb93e1d7c3',1,1,1,2048,20,'2018-03-02 03:40:30',NULL),(26,'192.168.0.200','playerVirtual2_1436344784','playerVirtual2','192.168.0.200','playerVirtual4','playerVirtual4_717b337f0b',3,1,1,2048,20,'2018-03-02 03:40:47','2018-03-02 04:40:34'),(27,'192.168.0.200','playerVirtual3_284794223','playerVirtual3','192.168.0.200','playerVirtual1610','playerVirtual3_284794223',0,1,1,2048,20,'2018-03-02 03:42:25','2018-03-02 03:42:25'),(28,'192.168.0.200','playerVirtual4_359920779','playerVirtual4','192.168.0.200','playerVirtual5','playerVirtual5_aba91da1dc',3,1,1,512,1,'2018-03-02 03:44:02','2018-03-02 05:14:10'),(29,'192.168.0.200','playerVirtual2_2904109077','playerVirtual2','192.168.0.200','playerVirtual6','playerVirtual6_edb2848f5d',1,1,1,512,1,'2018-03-02 03:44:44',NULL),(30,'192.168.0.200','playerVirtual5_904011','playerVirtual5','192.168.0.200','playerVirtual4','playerVirtual4_5bd9998c81',3,1,1,2048,20,'2018-03-02 03:44:50','2018-03-02 04:39:14'),(31,'192.168.0.200','playerVirtual6_1093460','playerVirtual6','192.168.0.200','playerVirtual7','playerVirtual7_10acca4edd',1,1,1,512,1,'2018-03-02 03:45:36',NULL),(32,'192.168.0.200','playerVirtual3_905614','playerVirtual3','192.168.0.200','playerVirtual1610','playerVirtual3_905614',0,1,1,2048,20,'2018-03-02 03:45:38','2018-03-02 03:45:38'),(33,'192.168.0.200','playerVirtual4_470485660','playerVirtual4','192.168.0.200','playerVirtual5','playerVirtual5_91c6bcbfbe',1,1,2,4096,40,'2018-03-02 03:46:37',NULL),(34,'192.168.0.200','playerVirtual5_5792765','playerVirtual5','192.168.0.200','playerVirtual6','playerVirtual6_fb6ceec89f',1,1,1,512,1,'2018-03-02 03:47:11',NULL),(35,'192.168.0.200','playerVirtual2_30788568','playerVirtual2','192.168.0.200','playerVirtual4','playerVirtual4_17bfab85a7',1,1,1,512,1,'2018-03-02 03:47:27',NULL),(36,'192.168.0.200','playerVirtual3_400453824','playerVirtual3','192.168.0.200','playerVirtual6','playerVirtual6_687ebc1ee9',1,1,1,512,1,'2018-03-02 03:49:13',NULL),(37,'192.168.0.200','playerVirtual6_38671842','playerVirtual6','192.168.0.200','playerVirtual8','playerVirtual8_70a07fbfe2',1,1,1,512,1,'2018-03-02 03:50:21',NULL),(38,'192.168.0.200','playerVirtual4_4819935267','playerVirtual4','192.168.0.200','playerVirtual6','playerVirtual6_81527fd417',1,1,2,4096,40,'2018-03-02 03:50:59',NULL),(39,'192.168.0.200','playerVirtual2_6264344062','playerVirtual2','192.168.0.200','playerVirtual4','playerVirtual4_dc337c034e',3,1,1,512,1,'2018-03-02 03:51:43','2018-03-02 04:34:37'),(40,'192.168.0.200','playerVirtual5_4820217293','playerVirtual5','192.168.0.200','playerVirtual2','playerVirtual2_5bd5d7f8b8',1,1,2,4096,40,'2018-03-02 03:51:50',NULL),(41,'192.168.0.200','playerVirtual3_1095593','playerVirtual3','192.168.0.200','playerVirtual8','playerVirtual8_94081d910f',3,1,1,512,1,'2018-03-02 03:54:06','2018-03-02 04:33:02'),(42,'192.168.0.200','playerVirtual6_2148750930','playerVirtual6','192.168.0.200','playerVirtual8','playerVirtual8_76b9a6998f',1,1,1,2048,20,'2018-03-02 03:54:08',NULL),(43,'192.168.0.200','playerVirtual4_563574327','playerVirtual4','192.168.0.200','playerVirtual9','playerVirtual9_f2a351baca',1,1,1,2048,20,'2018-03-02 03:55:15',NULL),(44,'192.168.0.200','playerVirtual8_227443932','playerVirtual8','192.168.0.200','playerVirtual1022','playerVirtual8_227443932',0,1,1,2048,20,'2018-03-02 03:55:28','2018-03-02 03:55:28'),(45,'192.168.0.200','playerVirtual5_16915963','playerVirtual5','192.168.0.200','playerVirtual6','playerVirtual6_71a743b6f7',1,1,1,2048,20,'2018-03-02 03:55:53',NULL),(46,'192.168.0.200','playerVirtual3_284757920','playerVirtual3','192.168.0.200','playerVirtual8','playerVirtual8_2b9b1b0489',1,1,1,2048,20,'2018-03-02 03:57:59',NULL),(47,'192.168.0.200','playerVirtual6_272887063','playerVirtual6','192.168.0.200','playerVirtual9','playerVirtual9_04e4961985',3,1,1,2048,20,'2018-03-02 03:59:09','2018-03-02 04:10:09'),(48,'192.168.0.200','playerVirtual8_4820204870','playerVirtual8','192.168.0.200','playerVirtual1022','playerVirtual8_4820204870',0,1,2,4096,40,'2018-03-02 03:59:10','2018-03-02 03:59:10'),(49,'192.168.0.200','playerVirtual2_38676294','playerVirtual2','192.168.0.200','playerVirtual6','playerVirtual6_f3f920bf35',1,1,1,512,1,'2018-03-02 03:59:35',NULL),(50,'192.168.0.200','playerVirtual9_5623125514','playerVirtual9','192.168.0.200','playerVirtual10','playerVirtual10_3dac18f304',1,1,1,2048,20,'2018-03-02 04:00:45',NULL),(51,'192.168.0.200','playerVirtual4_182859403','playerVirtual4','192.168.0.200','playerVirtual8','playerVirtual8_2b6c1cab12',3,1,1,512,1,'2018-03-02 04:00:53','2018-03-02 04:33:57'),(52,'192.168.0.200','playerVirtual5_990694203','playerVirtual5','192.168.0.200','playerVirtual1022','playerVirtual5_990694203',0,1,1,2048,20,'2018-03-02 04:02:15','2018-03-02 04:02:15'),(53,'192.168.0.200','playerVirtual6_6280643141','playerVirtual6','192.168.0.200','playerVirtual5','playerVirtual5_e56e60f35c',1,1,1,512,1,'2018-03-02 04:04:52',NULL),(54,'192.168.0.200','playerVirtual9_6282149131','playerVirtual9','192.168.0.200','playerVirtual11','playerVirtual11_a374e0ce40',1,1,1,512,1,'2018-03-02 04:05:03',NULL),(55,'192.168.0.200','playerVirtual2_272887063','playerVirtual2','192.168.0.200','playerVirtual10','playerVirtual10_a4d86021f1',3,1,1,2048,20,'2018-03-02 04:05:40','2018-03-02 05:44:38'),(56,'192.168.0.200','playerVirtual8_4476462938','playerVirtual8','192.168.0.200','playerVirtual11','playerVirtual11_b755e614c6',1,1,1,2048,20,'2018-03-02 04:06:22',NULL),(57,'192.168.0.200','playerVirtual10_6280638724','playerVirtual10','192.168.0.200','playerVirtual1243','playerVirtual10_6280638724',0,1,1,512,1,'2018-03-02 04:07:45','2018-03-02 04:07:45'),(58,'192.168.0.200','playerVirtual3_1436323714','playerVirtual3','192.168.0.200','playerVirtual8','playerVirtual8_bc816ea3f8',1,1,1,2048,20,'2018-03-02 04:08:14',NULL),(59,'192.168.0.200','playerVirtual8_6285257156','playerVirtual8','192.168.0.200','playerVirtual12','playerVirtual12_ee40a02aab',1,1,1,512,1,'2018-03-02 04:11:02',NULL),(60,'192.168.0.200','playerVirtual2_182859403','playerVirtual2','192.168.0.200','playerVirtual9','playerVirtual9_2dc0c4c03d',3,1,1,512,1,'2018-03-02 04:11:19','2018-03-02 04:49:46'),(61,'192.168.0.200','playerVirtual4_214880781','playerVirtual4','192.168.0.200','playerVirtual10','playerVirtual10_798cc00b45',1,1,1,2048,20,'2018-03-02 04:11:19',NULL),(62,'192.168.0.200','playerVirtual10_6955737','playerVirtual10','192.168.0.200','playerVirtual11','playerVirtual11_e99441c3a4',1,1,1,2048,20,'2018-03-02 04:11:33',NULL),(63,'192.168.0.200','playerVirtual9_1094955','playerVirtual9','192.168.0.200','playerVirtual1243','playerVirtual9_1094955',0,1,1,512,1,'2018-03-02 04:12:12','2018-03-02 04:12:12'),(64,'192.168.0.200','playerVirtual5_16914091','playerVirtual5','192.168.0.200','playerVirtual8','playerVirtual8_49c53a7536',1,1,1,2048,20,'2018-03-02 04:12:45',NULL),(65,'192.168.0.200','playerVirtual11_682797','playerVirtual11','192.168.0.200','playerVirtual12','playerVirtual12_2730b912ec',1,1,1,2048,20,'2018-03-02 04:13:19',NULL),(66,'192.168.0.200','playerVirtual3_1438244924','playerVirtual3','192.168.0.200','playerVirtual13','playerVirtual13_46a43e1ed2',3,1,1,2048,20,'2018-03-02 04:15:52','2018-03-02 04:28:20'),(67,'192.168.0.200','playerVirtual6_2381571381','playerVirtual6','192.168.0.200','playerVirtual10','playerVirtual10_5d6896da4a',1,1,1,2048,20,'2018-03-02 04:16:40',NULL),(68,'192.168.0.200','playerVirtual4_6289355687','playerVirtual4','192.168.0.200','playerVirtual8','playerVirtual8_9f5249e357',1,1,1,512,1,'2018-03-02 04:17:45',NULL),(69,'192.168.0.200','playerVirtual11_794070039','playerVirtual11','192.168.0.200','playerVirtual12','playerVirtual12_7821db4fb5',1,1,1,512,1,'2018-03-02 04:17:53',NULL),(70,'192.168.0.200','playerVirtual9_6289704471','playerVirtual9','192.168.0.200','playerVirtual1165','playerVirtual9_6289704471',0,1,1,512,1,'2018-03-02 04:18:34','2018-03-02 04:18:34'),(71,'192.168.0.200','playerVirtual5_1436344784','playerVirtual5','192.168.0.200','playerVirtual13','playerVirtual13_0e91decaa6',3,1,1,2048,20,'2018-03-02 04:19:13','2018-03-02 05:28:45'),(72,'192.168.0.200','playerVirtual8_2378747961','playerVirtual8','192.168.0.200','playerVirtual10','playerVirtual10_bb6bcb4bb4',3,1,1,512,1,'2018-03-02 04:19:14','2018-03-02 04:25:21'),(73,'192.168.0.200','playerVirtual12_3338579772','playerVirtual12','192.168.0.200','playerVirtual1165','playerVirtual12_3338579772',0,1,1,2048,20,'2018-03-02 04:19:36','2018-03-02 04:19:36'),(74,'192.168.0.200','playerVirtual10_1438244924','playerVirtual10','192.168.0.200','playerVirtual14','playerVirtual14_89e0739fb2',1,1,1,2048,20,'2018-03-02 04:21:20',NULL),(75,'192.168.0.200','playerVirtual6_6296268057','playerVirtual6','192.168.0.200','playerVirtual15','playerVirtual15_fff48e4da6',1,1,1,512,1,'2018-03-02 04:25:04',NULL),(76,'192.168.0.200','playerVirtual13_990694203','playerVirtual13','192.168.0.200','playerVirtual4','playerVirtual4_68b128a0d5',3,1,1,2048,20,'2018-03-02 04:26:34','2018-03-02 04:28:31'),(77,'192.168.0.200','playerVirtual4_182859403','playerVirtual4','192.168.0.200','playerVirtual13','playerVirtual13_4e63ffeb1e',3,1,1,512,1,'2018-03-02 04:28:29','2018-03-02 04:33:57'),(78,'192.168.0.200','playerVirtual12_1095593','playerVirtual12','192.168.0.200','playerVirtual10','playerVirtual10_504424f0e6',3,1,1,512,1,'2018-03-02 04:29:10','2018-03-02 04:40:02'),(79,'192.168.0.200','playerVirtual9_6301942525','playerVirtual9','192.168.0.200','playerVirtual16','playerVirtual16_137c4705ae',1,1,1,512,1,'2018-03-02 04:30:33',NULL),(80,'192.168.0.200','playerVirtual11_6264344062','playerVirtual11','192.168.0.200','playerVirtual14','playerVirtual14_4bd038f02d',1,1,1,2048,20,'2018-03-02 04:31:07',NULL),(81,'192.168.0.200','playerVirtual10_6274355716','playerVirtual10','192.168.0.200','playerVirtual1873','playerVirtual10_6274355716',0,1,1,512,1,'2018-03-02 04:32:20','2018-03-02 04:32:20'),(82,'192.168.0.200','playerVirtual5_6289704471','playerVirtual5','192.168.0.200','playerVirtual8','playerVirtual8_fc7156d03a',3,1,1,2048,20,'2018-03-02 04:32:54','2018-03-02 04:53:01'),(83,'192.168.0.200','playerVirtual14_5297461910','playerVirtual14','192.168.0.200','playerVirtual17','playerVirtual17_4e45d0cf8a',1,1,1,512,1,'2018-03-02 04:36:03',NULL),(84,'192.168.0.200','playerVirtual6_539194189','playerVirtual6','192.168.0.200','playerVirtual15','playerVirtual15_d11c91b966',1,1,1,2048,20,'2018-03-02 04:37:41',NULL),(85,'192.168.0.200','playerVirtual8_908315','playerVirtual8','192.168.0.200','playerVirtual4','playerVirtual4_95d28d8513',1,1,1,2048,20,'2018-03-02 04:39:13',NULL),(86,'192.168.0.200','playerVirtual11_4246147567','playerVirtual11','192.168.0.200','playerVirtual18','playerVirtual18_a63bedd3b2',3,1,2,4096,40,'2018-03-02 04:40:48','2018-03-02 05:18:04'),(87,'192.168.0.200','playerVirtual15_182859403','playerVirtual15','192.168.0.200','playerVirtual13','playerVirtual13_06ac9028b6',1,1,1,512,1,'2018-03-02 04:42:50',NULL),(88,'192.168.0.200','playerVirtual14_2378747961','playerVirtual14','192.168.0.200','playerVirtual10','playerVirtual10_54a0103ee3',1,1,1,512,1,'2018-03-02 04:42:55',NULL),(89,'192.168.0.200','playerVirtual10_6315250734','playerVirtual10','192.168.0.200','playerVirtual16','playerVirtual16_12d3ff254c',1,1,1,512,1,'2018-03-02 04:44:41',NULL),(90,'192.168.0.200','playerVirtual13_4246147567','playerVirtual13','192.168.0.200','playerVirtual19','playerVirtual19_fd9c012fc1',3,1,2,4096,40,'2018-03-02 04:48:00','2018-03-02 05:40:49'),(91,'192.168.0.200','playerVirtual15_4246147567','playerVirtual15','192.168.0.200','playerVirtual14','playerVirtual14_9ed1c5e77d',3,1,2,4096,40,'2018-03-02 04:48:43','2018-03-02 05:33:53'),(92,'192.168.0.200','playerVirtual8_4246147567','playerVirtual8','192.168.0.200','playerVirtual15','playerVirtual15_621c066e3e',3,1,2,4096,40,'2018-03-02 04:48:46','2018-03-02 05:29:44'),(93,'192.168.0.200','playerVirtual6_5068098508','playerVirtual6','192.168.0.200','playerVirtual8','playerVirtual8_554ee0f780',3,1,1,2048,20,'2018-03-02 04:49:03','2018-03-02 05:29:01'),(94,'192.168.0.200','playerVirtual3_4246147567','playerVirtual3','192.168.0.200','playerVirtual4','playerVirtual4_13ac34c202',3,1,2,4096,40,'2018-03-02 04:49:46','2018-03-02 05:20:02'),(95,'192.168.0.200','playerVirtual16_6289704471','playerVirtual16','192.168.0.200','playerVirtual9','playerVirtual9_3ff6da4217',1,1,1,2048,20,'2018-03-02 04:49:52',NULL),(96,'192.168.0.200','playerVirtual4_4246147567','playerVirtual4','192.168.0.200','playerVirtual18','playerVirtual18_2fe64715fb',3,1,2,4096,40,'2018-03-02 04:50:04','2018-03-02 04:56:29'),(97,'192.168.0.200','playerVirtual12_990694203','playerVirtual12','192.168.0.200','playerVirtual13','playerVirtual13_8b51a9afd2',3,1,1,2048,20,'2018-03-02 04:52:33','2018-03-02 05:03:34'),(98,'192.168.0.200','playerVirtual9_6316827871','playerVirtual9','192.168.0.200','playerVirtual10','playerVirtual10_7f499f1420',1,1,1,512,1,'2018-03-02 04:53:29',NULL),(99,'192.168.0.200','playerVirtual16_359920779','playerVirtual16','192.168.0.200','playerVirtual1960','playerVirtual16_359920779',0,1,1,512,1,'2018-03-02 04:54:44','2018-03-02 04:54:44'),(100,'192.168.0.200','playerVirtual10_4246147567','playerVirtual10','192.168.0.200','playerVirtual16','playerVirtual16_0b42d8e80f',3,1,2,4096,40,'2018-03-02 04:57:39','2018-03-02 05:37:07'),(101,'192.168.0.200','playerVirtual14_4246147567','playerVirtual14','192.168.0.200','playerVirtual19','playerVirtual19_3e83709e2b',3,1,2,4096,40,'2018-03-02 05:00:56','2018-03-02 05:34:27'),(102,'192.168.0.200','playerVirtual18_4246147567','playerVirtual18','192.168.0.200','playerVirtual14','playerVirtual14_3a994af4b8',3,1,2,4096,40,'2018-03-02 05:01:02','2018-03-02 05:28:49'),(103,'192.168.0.200','playerVirtual5_4246147567','playerVirtual5','192.168.0.200','playerVirtual15','playerVirtual15_dca9142579',3,1,2,4096,40,'2018-03-02 05:03:02','2018-03-02 05:17:49'),(104,'192.168.0.200','playerVirtual6_4246147567','playerVirtual6','192.168.0.200','playerVirtual8','playerVirtual8_5b3e3fab0e',3,1,2,4096,40,'2018-03-02 05:03:15','2018-03-02 05:14:37'),(105,'192.168.0.200','playerVirtual9_4246147567','playerVirtual9','192.168.0.200','playerVirtual18','playerVirtual18_2da81d1f2a',3,1,2,4096,40,'2018-03-02 05:03:34','2018-03-02 05:19:58'),(106,'192.168.0.200','playerVirtual11_4246147567','playerVirtual11','192.168.0.200','playerVirtual13','playerVirtual13_633cb1e43f',3,1,2,4096,40,'2018-03-02 05:05:50','2018-03-02 05:18:04'),(107,'192.168.0.200','playerVirtual19_4246147567','playerVirtual19','192.168.0.200','playerVirtual1960','playerVirtual19_4246147567',0,1,2,4096,40,'2018-03-02 05:07:06','2018-03-02 05:07:06'),(108,'192.168.0.200','playerVirtual13_6322213339','playerVirtual13','192.168.0.200','playerVirtual4','playerVirtual4_daac99de6c',1,1,1,512,1,'2018-03-02 05:12:30',NULL),(109,'192.168.0.200','playerVirtual2_4246147567','playerVirtual2','192.168.0.200','playerVirtual5','playerVirtual5_f3f829d484',3,1,2,4096,40,'2018-03-02 05:15:18','2018-03-02 05:25:50'),(110,'192.168.0.200','playerVirtual3_4246147567','playerVirtual3','192.168.0.200','playerVirtual19','playerVirtual19_71141da7a6',3,1,2,4096,40,'2018-03-02 05:15:21','2018-03-02 05:20:02'),(111,'192.168.0.200','playerVirtual8_4246147567','playerVirtual8','192.168.0.200','playerVirtual10','playerVirtual10_d2a34e1da6',3,1,2,4096,40,'2018-03-02 05:15:58','2018-03-02 05:29:44'),(112,'192.168.0.200','playerVirtual15_4246147567','playerVirtual15','192.168.0.200','playerVirtual16','playerVirtual16_7045d3b3a4',3,1,2,4096,40,'2018-03-02 05:16:02','2018-03-02 05:33:53'),(113,'192.168.0.200','playerVirtual16_4246147567','playerVirtual16','192.168.0.200','playerVirtual14','playerVirtual14_7e9ce89811',3,1,2,4096,40,'2018-03-02 05:16:44','2018-03-02 05:21:36'),(114,'192.168.0.200','playerVirtual13_4246147567','playerVirtual13','192.168.0.200','playerVirtual15','playerVirtual15_cf60599c99',3,1,2,4096,40,'2018-03-02 05:18:24','2018-03-02 05:40:49'),(115,'192.168.0.200','playerVirtual12_4246147567','playerVirtual12','192.168.0.200','playerVirtual3','playerVirtual12_4246147567',0,0,2,4096,40,'2018-03-02 05:19:31','2018-03-02 05:19:31'),(116,'192.168.0.200','playerVirtual4_6344084916','playerVirtual4','192.168.0.200','playerVirtual1851','playerVirtual4_6344084916',0,1,1,512,1,'2018-03-02 05:24:06','2018-03-02 05:24:06'),(117,'192.168.0.200','playerVirtual10_4246147567','playerVirtual10','192.168.0.200','playerVirtual8','playerVirtual8_e8ed62e4c8',3,1,2,4096,40,'2018-03-02 05:25:50','2018-03-02 05:37:07'),(118,'192.168.0.200','playerVirtual18_4246147567','playerVirtual18','192.168.0.200','playerVirtual13','playerVirtual13_cd27e15e96',3,1,2,4096,40,'2018-03-02 05:27:52','2018-03-02 05:28:49'),(119,'192.168.0.200','playerVirtual14_4246147567','playerVirtual14','192.168.0.200','playerVirtual18','playerVirtual18_fadda310df',3,1,2,4096,40,'2018-03-02 05:28:35','2018-03-02 05:34:27'),(120,'192.168.0.200','playerVirtual9_4246147567','playerVirtual9','192.168.0.200','playerVirtual1851','playerVirtual9_4246147567',0,1,2,4096,40,'2018-03-02 05:32:39','2018-03-02 05:32:39'),(121,'192.168.0.200','playerVirtual11_990694203','playerVirtual11','192.168.0.200','playerVirtual1851','playerVirtual11_990694203',0,1,1,2048,20,'2018-03-02 05:33:37','2018-03-02 05:33:37'),(122,'192.168.0.200','playerVirtual19_4246147567','playerVirtual19','192.168.0.200','playerVirtual4','playerVirtual4_d04a94c64c',1,1,2,4096,40,'2018-03-02 05:35:00',NULL),(123,'192.168.0.200','playerVirtual3_272887063','playerVirtual3','192.168.0.200','playerVirtual1851','playerVirtual3_272887063',0,1,1,2048,20,'2018-03-02 05:43:46','2018-03-02 05:43:46'),(124,'192.168.0.200','playerVirtual4_6566788','playerVirtual4','192.168.0.200','playerVirtual2','playerVirtual2_54a088f82c',1,1,1,2048,20,'2018-03-02 05:44:10',NULL),(125,'192.168.0.200','playerVirtual6_4246147567','playerVirtual6','192.168.0.200','playerVirtual19','playerVirtual19_b4059ccc2d',1,1,2,4096,40,'2018-03-02 05:44:13',NULL),(126,'192.168.0.200','playerVirtual8_6566788','playerVirtual8','192.168.0.200','playerVirtual5','playerVirtual5_a20b9ba0a4',1,1,1,2048,20,'2018-03-02 05:45:43',NULL),(127,'192.168.0.200','playerVirtual15_16917741','playerVirtual15','192.168.0.200','playerVirtual10','playerVirtual10_ac03de4ad3',1,1,1,512,1,'2018-03-02 05:45:52',NULL),(128,'192.168.0.200','playerVirtual16_4246147567','playerVirtual16','192.168.0.200','playerVirtual14','playerVirtual14_513ce8dbc3',1,1,2,4096,40,'2018-03-02 05:46:10',NULL),(129,'192.168.0.200','playerVirtual5_4246147567','playerVirtual5','192.168.0.200','playerVirtual16','playerVirtual16_daa7b5bd4a',1,1,2,4096,40,'2018-03-02 05:46:57',NULL),(130,'192.168.0.200','playerVirtual13_3338579772','playerVirtual13','192.168.0.200','playerVirtual15','playerVirtual15_27b2449a66',1,1,1,2048,20,'2018-03-02 05:48:14',NULL);
/*!40000 ALTER TABLE `VM` ENABLE KEYS */;
UNLOCK TABLES;
/*!40103 SET TIME_ZONE=@OLD_TIME_ZONE */;

/*!40101 SET SQL_MODE=@OLD_SQL_MODE */;
/*!40014 SET FOREIGN_KEY_CHECKS=@OLD_FOREIGN_KEY_CHECKS */;
/*!40014 SET UNIQUE_CHECKS=@OLD_UNIQUE_CHECKS */;
/*!40101 SET CHARACTER_SET_CLIENT=@OLD_CHARACTER_SET_CLIENT */;
/*!40101 SET CHARACTER_SET_RESULTS=@OLD_CHARACTER_SET_RESULTS */;
/*!40101 SET COLLATION_CONNECTION=@OLD_COLLATION_CONNECTION */;
/*!40111 SET SQL_NOTES=@OLD_SQL_NOTES */;

-- Dump completed on 2018-03-02  2:48:54
