-- MySQL dump 10.14  Distrib 5.5.56-MariaDB, for Linux (x86_64)
--
-- Host: localhost    Database: mct
-- ------------------------------------------------------
-- Server version	5.5.56-MariaDB

/*!40101 SET @OLD_CHARACTER_SET_CLIENT=@@CHARACTER_SET_CLIENT */;
/*!40101 SET @OLD_CHARACTER_SET_RESULTS=@@CHARACTER_SET_RESULTS */;
/*!40101 SET @OLD_COLLATION_CONNECTION=@@COLLATION_CONNECTION */;
/*!40101 SET NAMES utf8 */;
/*!40103 SET @OLD_TIME_ZONE=@@TIME_ZONE */;
/*!40103 SET TIME_ZONE='+00:00' */;
/*!40014 SET @OLD_UNIQUE_CHECKS=@@UNIQUE_CHECKS, UNIQUE_CHECKS=0 */;
/*!40014 SET @OLD_FOREIGN_KEY_CHECKS=@@FOREIGN_KEY_CHECKS, FOREIGN_KEY_CHECKS=0 */;
/*!40101 SET @OLD_SQL_MODE=@@SQL_MODE, SQL_MODE='NO_AUTO_VALUE_ON_ZERO' */;
/*!40111 SET @OLD_SQL_NOTES=@@SQL_NOTES, SQL_NOTES=0 */;

--
-- Table structure for table `FIELDS`
--

DROP TABLE IF EXISTS `FIELDS`;
/*!40101 SET @saved_cs_client     = @@character_set_client */;
/*!40101 SET character_set_client = utf8 */;
CREATE TABLE `FIELDS` (
  `operation` int(11) NOT NULL,
  `fields` varchar(45) NOT NULL,
  PRIMARY KEY (`operation`)
) ENGINE=InnoDB DEFAULT CHARSET=utf8;
/*!40101 SET character_set_client = @saved_cs_client */;

--
-- Dumping data for table `FIELDS`
--

LOCK TABLES `FIELDS` WRITE;
/*!40000 ALTER TABLE `FIELDS` DISABLE KEYS */;
INSERT INTO `FIELDS` VALUES (0,'name mem image vcpus disk uuid');
/*!40000 ALTER TABLE `FIELDS` ENABLE KEYS */;
UNLOCK TABLES;

--
-- Table structure for table `PLAYER`
--

DROP TABLE IF EXISTS `PLAYER`;
/*!40101 SET @saved_cs_client     = @@character_set_client */;
/*!40101 SET character_set_client = utf8 */;
CREATE TABLE `PLAYER` (
  `id` int(11) NOT NULL AUTO_INCREMENT,
  `name` varchar(45) NOT NULL,
  `address` varchar(45) NOT NULL,
  `division` int(11) DEFAULT NULL,
  `score` float DEFAULT '0',
  `history` int(11) DEFAULT '0',
  `fairness` float DEFAULT '0',
  `accepts` int(11) DEFAULT '0',
  `rejects` int(11) DEFAULT '0',
  `running` int(11) DEFAULT '0',
  `finished` int(11) DEFAULT '0',
  `problem_del` int(11) DEFAULT '0',
  `vcpus` int(11) DEFAULT '0',
  `memory` bigint(20) DEFAULT '0',
  `local_gb` bigint(20) DEFAULT '0',
  `vcpus_used` bigint(20) DEFAULT '0',
  `memory_used` bigint(20) DEFAULT '0',
  `local_gb_used` bigint(20) DEFAULT '0',
  `max_instance` int(11) DEFAULT '0',
  `token` varchar(45) DEFAULT NULL,
  `suspend` timestamp NULL DEFAULT NULL,
  `enabled` int(11) DEFAULT '0',
  `last_choice` timestamp NOT NULL DEFAULT '2018-01-01 05:00:00',
  `playoff` tinyint(1) DEFAULT '0',
  PRIMARY KEY (`id`)
) ENGINE=InnoDB AUTO_INCREMENT=99 DEFAULT CHARSET=utf8;
/*!40101 SET character_set_client = @saved_cs_client */;

--
-- Dumping data for table `PLAYER`
--

LOCK TABLES `PLAYER` WRITE;
/*!40000 ALTER TABLE `PLAYER` DISABLE KEYS */;
INSERT INTO `PLAYER` VALUES (1,'playerVirtual0','192.168.0.200',1,6.31,53,0.25,4,0,2,2,0,1023,1047552,10230,2,4096,40,4,'f89860b4fb4cc0fa5faab5904ba5d2869cf493d4',NULL,1,'2018-02-08 22:25:52',0),(2,'playerVirtual1','192.168.0.200',1,6.64,51,0.375,4,0,2,2,0,1023,1047552,10230,3,6144,60,9,'792400f9feb538a71d23de0fa216d0e7f5a827b8',NULL,1,'2018-02-08 22:25:37',0),(3,'playerVirtual2','192.168.0.200',1,8.3,52,0.428571,5,0,2,3,0,1023,1047552,10230,3,6144,60,4,'29beec2653774cf09a2ac96592b20da4527ab6c7',NULL,1,'2018-02-09 00:27:58',0),(4,'playerVirtual4','192.168.0.200',1,5.65,53,0.375,4,0,1,3,0,1023,1047552,10230,1,2048,20,6,'9ccf1105150b8d2e0ce97af661f3ad5f69418ebd',NULL,1,'2018-02-08 22:26:34',0),(5,'playerVirtual3','192.168.0.200',1,5.97,46,0.625,5,0,2,3,0,1023,1047552,10230,3,7680,79,6,'6cdad527e15424b767016ed4831b6a99ce5cfc71',NULL,1,'2018-02-09 00:46:21',0),(6,'playerVirtual5','192.168.0.200',1,7.64,52,0.666667,5,0,2,3,0,1023,1047552,10230,2,2560,21,6,'27d248712e71d122552161783fec675b64eb884b',NULL,1,'2018-02-09 00:52:08',0),(7,'playerVirtual6','192.168.0.200',1,7.63,53,0.75,4,0,2,2,0,1023,1047552,10230,4,8192,80,2,'114bf225c302e97e937b154d8e721369838ee22d',NULL,1,'2018-02-09 01:12:41',0),(8,'playerVirtual8','192.168.0.200',2,3.32,100,0.222222,2,0,1,1,0,1023,1047552,10230,1,2048,20,1,'8b7323acc55efdb861b8789ef7c9e379ba3f1bee',NULL,1,'2018-02-09 00:26:00',0),(9,'playerVirtual9','192.168.0.200',1,7.97,52,0.375,5,0,5,0,0,1023,1047552,10230,6,9216,82,5,'522e7bafca10a35dc4d8a5a3bf83943dec898b85',NULL,1,'2018-02-09 00:57:29',0),(10,'playerVirtual7','192.168.0.200',2,4.65,19,0.333333,5,0,4,1,0,1023,1047552,10230,4,3584,23,6,'486694a542ae799555dab2f09d6bd244745b690e',NULL,1,'2018-02-09 01:04:39',0),(11,'playerVirtual10','192.168.0.200',3,2.64,92,0.333333,3,3,1,2,0,1023,1047552,10230,2,4096,40,99,'f0cf8d527870292d1a5741bf36517f9ce6557918',NULL,1,'2018-02-09 01:06:16',0),(12,'playerVirtual13','192.168.0.200',4,-2.34,0,0.8,1,4,0,1,0,1023,1047552,10230,0,0,0,99,'7bb1ac3d1a67ce01fdbc86a1906fb4d0e8abb5da',NULL,0,'2018-02-08 22:26:12',1),(13,'playerVirtual11','192.168.0.200',3,2.31,98,0.571429,3,3,3,0,0,1023,1047552,10230,4,8192,80,99,'2d92acfad663fa672bbc314c1e9a1faa6f524aca',NULL,1,'2018-02-09 01:22:10',0),(14,'playerVirtual12','192.168.0.200',4,-2,0,1,0,2,0,0,0,1023,1047552,10230,0,0,0,99,'c78d7a0754c427fd739b4abbcc0d146cbf08ef5c',NULL,0,'2018-02-08 22:14:32',1),(15,'playerVirtual14','192.168.0.200',4,-0.34,0,0.5,1,2,1,0,0,1023,1047552,10230,1,2048,20,99,'3206c7813118e1d2ea29e2a605238a159958a9e6',NULL,0,'2018-02-08 22:15:40',1),(16,'playerVirtual16','192.168.0.200',4,-0.67,0,0,1,2,0,1,0,1023,1047552,10230,0,0,0,99,'0970b9a46da705022a890094fc9906365ce66ecf',NULL,0,'2018-02-08 22:15:41',1),(17,'playerVirtual15','192.168.0.200',4,-0.67,0,1,1,2,1,0,0,1023,1047552,10230,1,512,1,99,'155f7900eea4e41ddb0545eb73034e2f7c3a5a63',NULL,0,'2018-02-08 22:19:58',1),(18,'playerVirtual17','192.168.0.200',4,-2,0,1,0,2,0,0,0,1023,1047552,10230,0,0,0,99,'984616305604406d87330707e97e21812212cef2',NULL,0,'2018-02-08 22:15:12',1),(19,'playerVirtual18','192.168.0.200',4,-2,0,0,0,2,0,0,0,1023,1047552,10230,0,0,0,99,'57785a5c9cdb76c401279d76d9aae96bd19e79dd',NULL,0,'2018-02-08 22:21:23',1),(20,'playerVirtual20','192.168.0.200',4,-1,0,0,0,1,0,0,0,1023,1047552,10230,0,0,0,99,'f6267591e7ee7cddc9f213ce38dc595b1348037f',NULL,0,'2018-02-08 22:17:18',1),(21,'playerVirtual19','192.168.0.200',4,-1,0,0,0,1,0,0,0,1023,1047552,10230,0,0,0,99,'029d92481f925d16cabf3eddc3c0dfa7e9a44b5a',NULL,0,'2018-02-08 22:17:30',1),(22,'playerVirtual21','192.168.0.200',4,-1,0,0,0,1,0,0,0,1023,1047552,10230,0,0,0,99,'3e9bc5889e0345381df6e55798c6f2998cc3b2cf',NULL,0,'2018-02-08 22:17:44',1),(23,'playerVirtual22','192.168.0.200',4,-1,0,0,0,1,0,0,0,1023,1047552,10230,0,0,0,99,'73a6c0691aa00a6af9f27855b783bb1b21069b44',NULL,0,'2018-02-08 22:24:43',1),(24,'playerVirtual24','192.168.0.200',4,-1,0,0,0,1,0,0,0,1023,1047552,10230,0,0,0,99,'17ff91152f34a0867f38f6334aebd40e630b98ea',NULL,0,'2018-02-08 22:24:48',1),(25,'playerVirtual23','192.168.0.200',4,-1,0,0,0,1,0,0,0,1023,1047552,10230,0,0,0,99,'169da863e722f69cf42923bbfc9ddfb07f48e6a0',NULL,0,'2018-02-08 22:24:48',1),(26,'playerVirtual25','192.168.0.200',4,-1,0,0,0,1,0,0,0,1023,1047552,10230,0,0,0,99,'d8426925c447a46d9f51d111880dd2ff6bdbb00a',NULL,0,'2018-02-08 22:24:58',1),(27,'playerVirtual26','192.168.0.200',4,-1,0,0,0,1,0,0,0,1023,1047552,10230,0,0,0,99,'1d098a1db719a4877fea9954e292ad8b3426545f',NULL,0,'2018-02-08 22:27:50',1),(28,'playerVirtual27','192.168.0.200',4,-1,0,0,0,1,0,0,0,1023,1047552,10230,0,0,0,99,'c9481f1aa7228de5c9f3b6e7dd188d3903975b19',NULL,0,'2018-02-08 22:27:59',1),(29,'playerVirtual28','192.168.0.200',4,-1,0,0,0,1,0,0,0,1023,1047552,10230,0,0,0,99,'8d130be94425cb5e5cd19c89682586fe7417e007',NULL,0,'2018-02-08 22:29:04',1),(30,'playerVirtual29','192.168.0.200',4,-1,0,0,0,1,0,0,0,1023,1047552,10230,0,0,0,99,'d616fdd31e665ef72279c5b994d1e1876863ccbb',NULL,0,'2018-02-08 22:32:19',1),(31,'playerVirtual30','192.168.0.200',4,-1,0,0,0,1,0,0,0,1023,1047552,10230,0,0,0,99,'c50796b7d4a31f52e2185d740330a107e7272d2c',NULL,0,'2018-02-08 22:34:52',1),(32,'playerVirtual31','192.168.0.200',4,-1,0,0,0,1,0,0,0,1023,1047552,10230,0,0,0,99,'edb94b1774bed829f43a0b0aa8a47e71065b8c90',NULL,0,'2018-02-08 22:40:51',1),(33,'playerVirtual33','192.168.0.200',4,-1,0,0,0,1,0,0,0,1023,1047552,10230,0,0,0,99,'e6db9f95f2eef067e0824ec9e775343cff3f4e24',NULL,0,'2018-02-08 22:41:06',1),(34,'playerVirtual32','192.168.0.200',4,-1,0,0,0,1,0,0,0,1023,1047552,10230,0,0,0,99,'a42aea7d053688d45784320e2076fbb4dd97edaa',NULL,0,'2018-02-08 22:42:10',1),(35,'playerVirtual34','192.168.0.200',4,-1,0,0,0,1,0,0,0,1023,1047552,10230,0,0,0,99,'f652bfcae07b8da4a9c11820635739fa3edd552f',NULL,0,'2018-02-08 22:42:26',1),(36,'playerVirtual35','192.168.0.200',4,-1,0,0,0,1,0,0,0,1023,1047552,10230,0,0,0,99,'6a366a03123843f27439ac3bbe2963e169f20cb5',NULL,0,'2018-02-08 22:47:22',1),(37,'playerVirtual36','192.168.0.200',4,-1,0,0,0,1,0,0,0,1023,1047552,10230,0,0,0,99,'474a77003047aa82fa3b3580bcba1e4aeca9a8a2',NULL,0,'2018-02-08 22:47:50',1),(38,'playerVirtual37','192.168.0.200',4,-1,0,0,0,1,0,0,0,1023,1047552,10230,0,0,0,99,'5673e450cf5c812c792ee36e75dc2d32edb84acd',NULL,0,'2018-02-08 22:48:19',1),(39,'playerVirtual38','192.168.0.200',4,-1,0,0,0,1,0,0,0,1023,1047552,10230,0,0,0,99,'690e0c75e8fa0655057309b6b80e67eb9169a6a5',NULL,0,'2018-02-08 22:51:20',1),(40,'playerVirtual39','192.168.0.200',4,-1,0,0,0,1,0,0,0,1023,1047552,10230,0,0,0,99,'7c8b4276eb2d79550207e4f7b080d8f6f4022e7b',NULL,0,'2018-02-08 22:52:27',1),(41,'playerVirtual41','192.168.0.200',4,-1,0,0,0,1,0,0,0,1023,1047552,10230,0,0,0,99,'ec049eab4cc60a26dffe46296ba3b52434e14738',NULL,0,'2018-02-08 22:52:34',1),(42,'playerVirtual40','192.168.0.200',4,-1,0,0,0,1,0,0,0,1023,1047552,10230,0,0,0,99,'63d2496e422f2755b73fe7e153c3b41f1153f9a4',NULL,0,'2018-02-08 22:52:42',1),(43,'playerVirtual42','192.168.0.200',4,-1,0,0,0,1,0,0,0,1023,1047552,10230,0,0,0,99,'2a390e54c9c57800945bd99dc32c989fbf1a45e9',NULL,0,'2018-02-08 22:56:15',1),(44,'playerVirtual43','192.168.0.200',4,-1,0,0,0,1,0,0,0,1023,1047552,10230,0,0,0,99,'4fc0bb756bd23562b936aff38761003318fbf041',NULL,0,'2018-02-08 22:57:24',1),(45,'playerVirtual45','192.168.0.200',4,-1,0,0,0,1,0,0,0,1023,1047552,10230,0,0,0,99,'e4a66fcab52381adc22347de564aaf9c602d9b10',NULL,0,'2018-02-08 22:58:52',1),(46,'playerVirtual44','192.168.0.200',4,-1,0,0,0,1,0,0,0,1023,1047552,10230,0,0,0,99,'c3009a5b48a63941ce01c28a0e727fcdeebfb08f',NULL,0,'2018-02-08 22:59:17',1),(47,'playerVirtual46','192.168.0.200',4,-1,0,0,0,1,0,0,0,1023,1047552,10230,0,0,0,99,'445662a867d5063220e5f7f4dd00ebfb3f0693f0',NULL,0,'2018-02-08 22:59:29',1),(48,'playerVirtual47','192.168.0.200',4,-1,0,0,0,1,0,0,0,1023,1047552,10230,0,0,0,99,'428d80c0d26c93d60b27dad7181a934d17ba20c4',NULL,0,'2018-02-08 22:59:37',1),(49,'playerVirtual48','192.168.0.200',4,-1,0,0,0,1,0,0,0,1023,1047552,10230,0,0,0,99,'d594b4c3656e42dbbc949cd12b2248c951b0c6e1',NULL,0,'2018-02-08 23:01:51',1),(50,'playerVirtual49','192.168.0.200',4,-1,0,0,0,1,0,0,0,1023,1047552,10230,0,0,0,99,'4a1f4bd43bf028977be530dfb1ea58080d260a95',NULL,0,'2018-02-08 23:05:06',1),(51,'playerVirtual50','192.168.0.200',4,-1,0,0,0,1,0,0,0,1023,1047552,10230,0,0,0,99,'4961b1d3e4500eff42e7147f4c9d205f8e971e67',NULL,0,'2018-02-08 23:05:20',1),(52,'playerVirtual51','192.168.0.200',4,-1,0,0,0,1,0,0,0,1023,1047552,10230,0,0,0,99,'f62416fd2a141e7d1f20d828c367a0d35a2215d3',NULL,0,'2018-02-08 23:05:34',1),(53,'playerVirtual53','192.168.0.200',4,-1,0,0,0,1,0,0,0,1023,1047552,10230,0,0,0,99,'f8ca7a1cc972b902427f1678b0d203a4d28a9375',NULL,0,'2018-02-08 23:05:47',1),(54,'playerVirtual52','192.168.0.200',4,-1,0,0,0,1,0,0,0,1023,1047552,10230,0,0,0,99,'189dd544edad42ea704738c1af228aef89148d5f',NULL,0,'2018-02-08 23:09:43',1),(55,'playerVirtual54','192.168.0.200',4,-1,0,0,0,1,0,0,0,1023,1047552,10230,0,0,0,99,'8d151074116ac7f5173396335ea64050529bd4e2',NULL,0,'2018-02-08 23:10:03',1),(56,'playerVirtual57','192.168.0.200',4,-1,0,0,0,1,0,0,0,1023,1047552,10230,0,0,0,99,'b69d3eb29403215a460f3a8731137134706cecf4',NULL,0,'2018-02-08 23:12:30',1),(57,'playerVirtual55','192.168.0.200',4,-1,0,0,0,1,0,0,0,1023,1047552,10230,0,0,0,99,'072b70ea83fa209a92a519aa9ebb9e582a7c0e96',NULL,0,'2018-02-08 23:13:50',1),(58,'playerVirtual56','192.168.0.200',4,-1,0,0,0,1,0,0,0,1023,1047552,10230,0,0,0,99,'809e2df488b3f5ad174360c7318616401211064b',NULL,0,'2018-02-08 23:13:58',1),(59,'playerVirtual58','192.168.0.200',4,-1,0,0,0,1,0,0,0,1023,1047552,10230,0,0,0,99,'7ea7bc91304accd31895d766c178f33ea08aef0c',NULL,0,'2018-02-08 23:13:58',1),(60,'playerVirtual59','192.168.0.200',4,-1,0,0,0,1,0,0,0,1023,1047552,10230,0,0,0,99,'eebf3bf97e6cd000d808c479d6fcb12990b073ab',NULL,0,'2018-02-08 23:14:13',1),(61,'playerVirtual60','192.168.0.200',4,-1,0,0,0,1,0,0,0,1023,1047552,10230,0,0,0,99,'1eb77669f32fe60e53729ce4ca3616519134cbf0',NULL,0,'2018-02-08 23:18:38',1),(62,'playerVirtual61','192.168.0.200',4,-1,0,0,0,1,0,0,0,1023,1047552,10230,0,0,0,99,'b43b502109cbb01297736076b07d2391c42ed024',NULL,0,'2018-02-08 23:19:27',1),(63,'playerVirtual62','192.168.0.200',4,-1,0,0,0,1,0,0,0,1023,1047552,10230,0,0,0,99,'1df3d4505bea7ebbeb64063186b6b05994b52fce',NULL,0,'2018-02-08 23:20:29',1),(64,'playerVirtual63','192.168.0.200',4,-1,0,0,0,1,0,0,0,1023,1047552,10230,0,0,0,99,'a25514b7dc9a31e32aae28014b48a7ee1e714f17',NULL,0,'2018-02-08 23:20:31',1),(65,'playerVirtual64','192.168.0.200',4,-1,0,0,0,1,0,0,0,1023,1047552,10230,0,0,0,99,'0bc265afa762121762caebd13a10c78d0c4999c7',NULL,0,'2018-02-08 23:23:17',1),(66,'playerVirtual65','192.168.0.200',4,-1,0,0,0,1,0,0,0,1023,1047552,10230,0,0,0,99,'346bfb356c3a72ae5d24e03ad632322408c7eff1',NULL,0,'2018-02-08 23:26:36',1),(67,'playerVirtual66','192.168.0.200',4,-1,0,0,0,1,0,0,0,1023,1047552,10230,0,0,0,99,'9b35e07521190ccb6d1eed5cbd724a8007960dfe',NULL,0,'2018-02-08 23:35:08',1),(68,'playerVirtual67','192.168.0.200',4,-1,0,0,0,1,0,0,0,1023,1047552,10230,0,0,0,99,'24d3a9b97ba66f608a0f5787f36ae464916c0ee5',NULL,0,'2018-02-08 23:36:08',1),(69,'playerVirtual68','192.168.0.200',4,-1,0,0,0,1,0,0,0,1023,1047552,10230,0,0,0,99,'1d288322c5e9c538482d47b192bbde29e769fbe7',NULL,0,'2018-02-08 23:38:52',1),(70,'playerVirtual69','192.168.0.200',4,-1,0,0,0,1,0,0,0,1023,1047552,10230,0,0,0,99,'daabe0715d4a59826d76a56a2a4406d3505347da',NULL,0,'2018-02-08 23:39:22',1),(71,'playerVirtual70','192.168.0.200',4,-1,0,0,0,1,0,0,0,1023,1047552,10230,0,0,0,99,'592406bfa760ba6aa72595ba1c7a91f916df84e2',NULL,0,'2018-02-08 23:48:26',1),(72,'playerVirtual71','192.168.0.200',4,-1,0,0,0,1,0,0,0,1023,1047552,10230,0,0,0,99,'df70af66e3897c54013ccd463cad59531f0b44a0',NULL,0,'2018-02-08 23:49:45',1),(73,'playerVirtual72','192.168.0.200',4,-1,0,0,0,1,0,0,0,1023,1047552,10230,0,0,0,99,'a40d7f279e70d72c343b3c9e72fcb6880f18d9e5',NULL,0,'2018-02-08 23:50:30',1),(74,'playerVirtual73','192.168.0.200',4,-2,0,0,0,2,0,0,0,1023,1047552,10230,0,0,0,99,'a8998a73b6dfe129d11a938be07cf6f7adc9cd99',NULL,0,'2018-02-09 00:29:25',1),(75,'playerVirtual75','192.168.0.200',4,-1,0,0,0,1,0,0,0,1023,1047552,10230,0,0,0,99,'ae624890cbfc4a8ea28a77b2e93890dd198b445b',NULL,0,'2018-02-08 23:55:08',1),(76,'playerVirtual77','192.168.0.200',4,-1,0,0,0,1,0,0,0,1023,1047552,10230,0,0,0,99,'372f3f1834c742900f43392f7950118fa3dd8600',NULL,0,'2018-02-08 23:55:21',1),(77,'playerVirtual74','192.168.0.200',4,-2,0,0,0,2,0,0,0,1023,1047552,10230,0,0,0,99,'36f10fa8aae5fdecbb38f7d280647cad14fff8f4',NULL,0,'2018-02-09 00:29:32',1),(78,'playerVirtual76','192.168.0.200',4,-2,0,0,0,2,0,0,0,1023,1047552,10230,0,0,0,99,'454860b5f1d652d045529b770b6abb82f1f2e26a',NULL,0,'2018-02-09 00:35:36',1),(79,'playerVirtual79','192.168.0.200',4,-2,0,0,0,2,0,0,0,1023,1047552,10230,0,0,0,99,'4b9d1b7005772c4c8c2ff32192ef944fa9780c1e',NULL,0,'2018-02-09 00:35:37',1),(80,'playerVirtual81','192.168.0.200',4,-2,0,0.5,0,2,0,0,0,1023,1047552,10230,0,0,0,99,'91543cca3cc3bc5315a511ba62083ace067d8552',NULL,0,'2018-02-09 00:35:43',1),(81,'playerVirtual78','192.168.0.200',4,-2,0,0,0,2,0,0,0,1023,1047552,10230,0,0,0,99,'67dae9ca4dc68e4e1b0a41500d05fb7eb9c1808f',NULL,0,'2018-02-09 00:35:57',1),(82,'playerVirtual80','192.168.0.200',3,0.99,69,0,1,1,1,0,0,1023,1047552,10230,2,4096,40,99,'45173a7f5099ffc93be8e78162e1be7ee20c6639',NULL,1,'2018-02-09 00:38:06',0),(83,'playerVirtual83','192.168.0.200',4,-2,0,0,0,2,0,0,0,1023,1047552,10230,0,0,0,99,'e1aadfe28d37b4c09fe14ab755764d881ee08dbc',NULL,0,'2018-02-09 00:38:10',1),(84,'playerVirtual85','192.168.0.200',4,-2,0,0,0,2,0,0,0,1023,1047552,10230,0,0,0,99,'cf39d3a081ac21ecc7093ff778e9a7ac84554ecf',NULL,0,'2018-02-09 00:42:20',1),(85,'playerVirtual82','192.168.0.200',4,-2,0,0,0,2,0,0,0,1023,1047552,10230,0,0,0,99,'ea4d64e0d6a823291514822cdc3e971e27296437',NULL,0,'2018-02-09 00:42:29',1),(86,'playerVirtual84','192.168.0.200',4,-2,0,0,0,2,0,0,0,1023,1047552,10230,0,0,0,99,'3b0eb08ab6bf4d9ae1c0d26beb039481bdb531aa',NULL,0,'2018-02-09 00:42:42',1),(87,'playerVirtual87','192.168.0.200',4,-1,0,0,0,1,0,0,0,1023,1047552,10230,0,0,0,99,'6eaf1f3a44b0082e360772e07de6b94be11a044b',NULL,0,'2018-02-09 00:09:17',1),(88,'playerVirtual89','192.168.0.200',4,-2,0,0,0,2,0,0,0,1023,1047552,10230,0,0,0,99,'de5c52cf52a39aae2a10034a12b7d66b8552e241',NULL,0,'2018-02-09 00:45:49',1),(89,'playerVirtual86','192.168.0.200',4,-2,0,0,0,2,0,0,0,1023,1047552,10230,0,0,0,99,'896aafb13f1dc74c269b86a56fac62493cec2cc6',NULL,0,'2018-02-09 00:45:59',1),(90,'playerVirtual88','192.168.0.200',4,-1,0,0,0,1,0,0,0,1023,1047552,10230,0,0,0,99,'b8b7d5e518b753405543c8014776c5b2540cb544',NULL,0,'2018-02-09 00:15:42',1),(91,'playerVirtual91','192.168.0.200',4,-1,0,0,0,1,0,0,0,1023,1047552,10230,0,0,0,99,'f5a099e2a7c91239c024582c6fe55448d050305b',NULL,0,'2018-02-09 00:15:53',1),(92,'playerVirtual92','192.168.0.200',4,-1,0,0,0,1,0,0,0,1023,1047552,10230,0,0,0,99,'39847138aec3371ecdad4311c5de37a38730d823',NULL,0,'2018-02-09 00:16:04',1),(93,'playerVirtual90','192.168.0.200',4,-1,0,0,0,1,0,0,0,1023,1047552,10230,0,0,0,99,'a2108b66cd66e8cd32909ed64ed0f36e4ebd03f3',NULL,0,'2018-02-09 00:20:44',1),(94,'playerVirtual93','192.168.0.200',4,-1,0,0,0,1,0,0,0,1023,1047552,10230,0,0,0,99,'69c2c09efc7971068b16435c17eee0a9fd68818e',NULL,0,'2018-02-09 00:21:58',1),(95,'playerVirtual97','192.168.0.200',4,-1,0,0,0,1,0,0,0,1023,1047552,10230,0,0,0,99,'2f5b15726e1733b7e0050ab96c18184d3ce9bdf2',NULL,0,'2018-02-09 00:22:13',1),(96,'playerVirtual94','192.168.0.200',4,-1,0,0,0,1,0,0,0,1023,1047552,10230,0,0,0,99,'2d023d56a9f0066947e2f5c1a4f6ed058d737376',NULL,0,'2018-02-09 00:22:26',1),(97,'playerVirtual95','192.168.0.200',4,-1,0,0,0,1,0,0,0,1023,1047552,10230,0,0,0,99,'ab048cdf0deac84cd15056f295264b1232d57303',NULL,0,'2018-02-09 00:25:20',1),(98,'playerVirtual96','192.168.0.200',4,-1,0,0,0,1,0,0,0,1023,1047552,10230,0,0,0,99,'d95f026a274ac0fc789e0733a16237b989c89df9',NULL,0,'2018-02-09 00:25:28',1);
/*!40000 ALTER TABLE `PLAYER` ENABLE KEYS */;
UNLOCK TABLES;

--
-- Table structure for table `REQUEST`
--

DROP TABLE IF EXISTS `REQUEST`;
/*!40101 SET @saved_cs_client     = @@character_set_client */;
/*!40101 SET character_set_client = utf8 */;
CREATE TABLE `REQUEST` (
  `id` int(11) NOT NULL AUTO_INCREMENT,
  `player_id` varchar(45) NOT NULL,
  `request_id` varchar(45) NOT NULL,
  `action` int(11) NOT NULL,
  `timestamp_received` timestamp NULL DEFAULT NULL,
  `timestamp_finished` timestamp NULL DEFAULT NULL,
  `status` int(11) NOT NULL,
  PRIMARY KEY (`id`)
) ENGINE=InnoDB AUTO_INCREMENT=722 DEFAULT CHARSET=utf8;
/*!40101 SET character_set_client = @saved_cs_client */;

--
-- Dumping data for table `REQUEST`
--

LOCK TABLES `REQUEST` WRITE;
/*!40000 ALTER TABLE `REQUEST` DISABLE KEYS */;
INSERT INTO `REQUEST` VALUES (1,'playerVirtual0','playerVirtual0_f6ef91ff09',4,'2018-02-08 22:06:54',NULL,0),(2,'playerVirtual1','playerVirtual1_0cf4c20400',4,'2018-02-08 22:06:54',NULL,0),(3,'playerVirtual2','playerVirtual2_0cf4c20400',4,'2018-02-08 22:06:54',NULL,0),(4,'playerVirtual4','playerVirtual4_321a42e1b7',4,'2018-02-08 22:06:54',NULL,0),(5,'playerVirtual3','playerVirtual3_59bf2ea08e',4,'2018-02-08 22:06:54',NULL,0),(6,'playerVirtual5','playerVirtual5_4210fa7a39',4,'2018-02-08 22:06:54',NULL,0),(7,'playerVirtual6','playerVirtual6_e29e700561',4,'2018-02-08 22:06:54',NULL,0),(8,'playerVirtual8','playerVirtual8_4f29bc1a35',4,'2018-02-08 22:06:54',NULL,0),(9,'playerVirtual9','playerVirtual9_fbf5d2acfa',4,'2018-02-08 22:06:54',NULL,0),(10,'playerVirtual7','playerVirtual7_8f74378465',4,'2018-02-08 22:06:54',NULL,0),(11,'playerVirtual10','playerVirtual10_024c63a8f6',4,'2018-02-08 22:07:11',NULL,0),(12,'playerVirtual13','playerVirtual13_a9e56854f6',4,'2018-02-08 22:07:11',NULL,0),(13,'playerVirtual11','playerVirtual11_803c3735a7',4,'2018-02-08 22:07:11',NULL,0),(14,'playerVirtual12','playerVirtual12_b3ba4510bb',4,'2018-02-08 22:07:11',NULL,0),(15,'playerVirtual0','playerVirtual0_450512000',0,'2018-02-08 22:07:55',NULL,0),(16,'playerVirtual0','playerVirtual0_450512000',0,'2018-02-08 22:07:55',NULL,0),(17,'playerVirtual1','playerVirtual1_1438244924',0,'2018-02-08 22:07:57',NULL,0),(18,'playerVirtual1','playerVirtual1_1438244924',0,'2018-02-08 22:07:57',NULL,0),(19,'playerVirtual2','playerVirtual2_640692267',0,'2018-02-08 22:08:00',NULL,0),(20,'playerVirtual2','playerVirtual2_640692267',0,'2018-02-08 22:08:00',NULL,0),(21,'playerVirtual4','playerVirtual4_2381571381',0,'2018-02-08 22:08:01',NULL,0),(22,'playerVirtual4','playerVirtual4_2381571381',0,'2018-02-08 22:08:01',NULL,0),(23,'playerVirtual3','playerVirtual3_5297461910',0,'2018-02-08 22:08:02',NULL,0),(24,'playerVirtual3','playerVirtual3_5297461910',0,'2018-02-08 22:08:02',NULL,0),(25,'playerVirtual6','playerVirtual6_2790332778',0,'2018-02-08 22:08:05',NULL,0),(26,'playerVirtual6','playerVirtual6_2790332778',0,'2018-02-08 22:08:05',NULL,0),(27,'playerVirtual5','playerVirtual5_369721705',0,'2018-02-08 22:08:06',NULL,0),(28,'playerVirtual8','playerVirtual8_317469422',0,'2018-02-08 22:08:06',NULL,0),(29,'playerVirtual5','playerVirtual5_369721705',0,'2018-02-08 22:08:06',NULL,0),(30,'playerVirtual9','playerVirtual9_6955737',0,'2018-02-08 22:08:06',NULL,0),(31,'playerVirtual8','playerVirtual8_317469422',0,'2018-02-08 22:08:06',NULL,0),(32,'playerVirtual9','playerVirtual9_6955737',0,'2018-02-08 22:08:06',NULL,0),(33,'playerVirtual7','playerVirtual7_257338104',0,'2018-02-08 22:08:07',NULL,0),(34,'playerVirtual7','playerVirtual7_257338104',0,'2018-02-08 22:08:07',NULL,0),(35,'playerVirtual10','playerVirtual10_3584940347',0,'2018-02-08 22:08:24',NULL,0),(36,'playerVirtual10','playerVirtual10_3584940347',0,'2018-02-08 22:08:24',NULL,0),(37,'playerVirtual13','playerVirtual13_2433236783',0,'2018-02-08 22:08:24',NULL,0),(38,'playerVirtual13','playerVirtual13_2433236783',0,'2018-02-08 22:08:24',NULL,0),(39,'playerVirtual11','playerVirtual11_3338579772',0,'2018-02-08 22:08:25',NULL,0),(40,'playerVirtual12','playerVirtual12_257407216',0,'2018-02-08 22:08:25',NULL,0),(41,'playerVirtual11','playerVirtual11_3338579772',0,'2018-02-08 22:08:25',NULL,0),(42,'playerVirtual12','playerVirtual12_257407216',0,'2018-02-08 22:08:26',NULL,0),(43,'playerVirtual0','playerVirtual0_c546af5e56',3,'2018-02-08 22:08:55',NULL,0),(44,'playerVirtual1','playerVirtual1_fc02ace1c6',3,'2018-02-08 22:08:57',NULL,0),(45,'playerVirtual2','playerVirtual2_a16fdb45e3',3,'2018-02-08 22:09:00',NULL,0),(46,'playerVirtual4','playerVirtual4_781adfd8fa',3,'2018-02-08 22:09:01',NULL,0),(47,'playerVirtual3','playerVirtual3_458c8e6259',3,'2018-02-08 22:09:02',NULL,0),(48,'playerVirtual6','playerVirtual6_c594b6153d',3,'2018-02-08 22:09:05',NULL,0),(49,'playerVirtual5','playerVirtual5_9169d987da',3,'2018-02-08 22:09:06',NULL,0),(50,'playerVirtual8','playerVirtual8_d73cb2571b',3,'2018-02-08 22:09:06',NULL,0),(51,'playerVirtual9','playerVirtual9_8497573056',3,'2018-02-08 22:09:06',NULL,0),(52,'playerVirtual7','playerVirtual7_2f7e50f3b3',3,'2018-02-08 22:09:07',NULL,0),(53,'playerVirtual10','playerVirtual10_4f48e03a66',3,'2018-02-08 22:09:24',NULL,0),(54,'playerVirtual13','playerVirtual13_6c7996e46c',3,'2018-02-08 22:09:24',NULL,0),(55,'playerVirtual11','playerVirtual11_3de943289b',3,'2018-02-08 22:09:25',NULL,0),(56,'playerVirtual12','playerVirtual12_d0d52e5384',3,'2018-02-08 22:09:26',NULL,0),(57,'playerVirtual0','playerVirtual0_182859403',0,'2018-02-08 22:10:15',NULL,0),(58,'playerVirtual0','playerVirtual0_182859403',0,'2018-02-08 22:10:15',NULL,0),(59,'playerVirtual1','playerVirtual1_2359368952',0,'2018-02-08 22:10:18',NULL,0),(60,'playerVirtual1','playerVirtual1_2359368952',0,'2018-02-08 22:10:18',NULL,0),(61,'playerVirtual2','playerVirtual2_16917741',0,'2018-02-08 22:10:21',NULL,0),(62,'playerVirtual2','playerVirtual2_16917741',0,'2018-02-08 22:10:21',NULL,0),(63,'playerVirtual4','playerVirtual4_2545640208',0,'2018-02-08 22:10:30',NULL,0),(64,'playerVirtual4','playerVirtual4_2545640208',0,'2018-02-08 22:10:30',NULL,0),(65,'playerVirtual3','playerVirtual3_908315',0,'2018-02-08 22:10:31',NULL,0),(66,'playerVirtual3','playerVirtual3_908315',0,'2018-02-08 22:10:31',NULL,0),(67,'playerVirtual6','playerVirtual6_539194189',0,'2018-02-08 22:10:39',NULL,0),(68,'playerVirtual6','playerVirtual6_539194189',0,'2018-02-08 22:10:39',NULL,0),(69,'playerVirtual0','playerVirtual0_9e0bec5843',4,'2018-02-08 22:11:15',NULL,0),(70,'playerVirtual1','playerVirtual1_66eff8d00c',4,'2018-02-08 22:11:18',NULL,0),(71,'playerVirtual5','playerVirtual5_4820204870',0,'2018-02-08 22:11:20',NULL,0),(72,'playerVirtual5','playerVirtual5_4820204870',0,'2018-02-08 22:11:20',NULL,0),(73,'playerVirtual2','playerVirtual2_8efd154814',4,'2018-02-08 22:11:21',NULL,0),(74,'playerVirtual4','playerVirtual4_c31f609d7c',4,'2018-02-08 22:11:30',NULL,0),(75,'playerVirtual3','playerVirtual3_ccacbd4640',4,'2018-02-08 22:11:31',NULL,0),(76,'playerVirtual6','playerVirtual6_942d9360b0',4,'2018-02-08 22:11:39',NULL,0),(77,'playerVirtual14','playerVirtual14_60afe67cd0',4,'2018-02-08 22:12:07',NULL,0),(78,'playerVirtual16','playerVirtual16_56ba78a82c',4,'2018-02-08 22:12:07',NULL,0),(79,'playerVirtual15','playerVirtual15_56ba78a82c',4,'2018-02-08 22:12:07',NULL,0),(80,'playerVirtual17','playerVirtual17_f424a1189b',4,'2018-02-08 22:12:07',NULL,0),(81,'playerVirtual8','playerVirtual8_8058564',0,'2018-02-08 22:12:10',NULL,0),(82,'playerVirtual8','playerVirtual8_8058564',0,'2018-02-08 22:12:10',NULL,0),(83,'playerVirtual9','playerVirtual9_1429160667',0,'2018-02-08 22:12:11',NULL,0),(84,'playerVirtual9','playerVirtual9_1429160667',0,'2018-02-08 22:12:11',NULL,0),(85,'playerVirtual7','playerVirtual7_3338010893',0,'2018-02-08 22:12:12',NULL,0),(86,'playerVirtual7','playerVirtual7_3338010893',0,'2018-02-08 22:12:12',NULL,0),(87,'playerVirtual5','playerVirtual5_cc871dfeda',4,'2018-02-08 22:12:20',NULL,0),(88,'playerVirtual10','playerVirtual10_82730999',0,'2018-02-08 22:12:33',NULL,0),(89,'playerVirtual10','playerVirtual10_82730999',0,'2018-02-08 22:12:34',NULL,0),(90,'playerVirtual13','playerVirtual13_351652724',0,'2018-02-08 22:12:36',NULL,0),(91,'playerVirtual11','playerVirtual11_6571218',0,'2018-02-08 22:12:36',NULL,0),(92,'playerVirtual13','playerVirtual13_351652724',0,'2018-02-08 22:12:36',NULL,0),(93,'playerVirtual11','playerVirtual11_6571218',0,'2018-02-08 22:12:36',NULL,0),(94,'playerVirtual12','playerVirtual12_778566023',0,'2018-02-08 22:12:38',NULL,0),(95,'playerVirtual12','playerVirtual12_778566023',0,'2018-02-08 22:12:38',NULL,0),(96,'playerVirtual8','playerVirtual8_abf56fd020',4,'2018-02-08 22:13:10',NULL,0),(97,'playerVirtual9','playerVirtual9_0c927b4dd4',4,'2018-02-08 22:13:11',NULL,0),(98,'playerVirtual7','playerVirtual7_40a370ebe1',4,'2018-02-08 22:13:12',NULL,0),(99,'playerVirtual10','playerVirtual10_ee2b0aa668',4,'2018-02-08 22:13:34',NULL,0),(100,'playerVirtual13','playerVirtual13_e3ffcfb965',4,'2018-02-08 22:13:36',NULL,0),(101,'playerVirtual11','playerVirtual11_23b4087602',4,'2018-02-08 22:13:36',NULL,0),(102,'playerVirtual12','playerVirtual12_f11f262348',4,'2018-02-08 22:13:38',NULL,0),(103,'playerVirtual0','playerVirtual0_1436344784',0,'2018-02-08 22:14:25',NULL,0),(104,'playerVirtual0','playerVirtual0_1436344784',0,'2018-02-08 22:14:25',NULL,0),(105,'playerVirtual1','playerVirtual1_1339662',0,'2018-02-08 22:14:28',NULL,0),(106,'playerVirtual1','playerVirtual1_1339662',0,'2018-02-08 22:14:28',NULL,0),(107,'playerVirtual2','playerVirtual2_317497342',0,'2018-02-08 22:14:32',NULL,0),(108,'playerVirtual2','playerVirtual2_317497342',0,'2018-02-08 22:14:32',NULL,0),(109,'playerVirtual4','playerVirtual4_284794223',0,'2018-02-08 22:14:33',NULL,0),(110,'playerVirtual4','playerVirtual4_284794223',0,'2018-02-08 22:14:33',NULL,0),(111,'playerVirtual3','playerVirtual3_359920779',0,'2018-02-08 22:14:34',NULL,0),(112,'playerVirtual3','playerVirtual3_359920779',0,'2018-02-08 22:14:34',NULL,0),(113,'playerVirtual6','playerVirtual6_904011',0,'2018-02-08 22:14:37',NULL,0),(114,'playerVirtual6','playerVirtual6_904011',0,'2018-02-08 22:14:38',NULL,0),(115,'playerVirtual5','playerVirtual5_6569547',0,'2018-02-08 22:14:42',NULL,0),(116,'playerVirtual5','playerVirtual5_6569547',0,'2018-02-08 22:14:42',NULL,0),(117,'playerVirtual8','playerVirtual8_470485660',0,'2018-02-08 22:14:43',NULL,0),(118,'playerVirtual8','playerVirtual8_470485660',0,'2018-02-08 22:14:43',NULL,0),(119,'playerVirtual9','playerVirtual9_30788568',0,'2018-02-08 22:14:46',NULL,0),(120,'playerVirtual9','playerVirtual9_30788568',0,'2018-02-08 22:14:46',NULL,0),(121,'playerVirtual7','playerVirtual7_5792765',0,'2018-02-08 22:14:48',NULL,0),(122,'playerVirtual7','playerVirtual7_5792765',0,'2018-02-08 22:14:48',NULL,0),(123,'playerVirtual10','playerVirtual10_38671842',0,'2018-02-08 22:15:12',NULL,0),(124,'playerVirtual10','playerVirtual10_38671842',0,'2018-02-08 22:15:12',NULL,0),(125,'playerVirtual13','playerVirtual13_400453824',0,'2018-02-08 22:15:12',NULL,0),(126,'playerVirtual13','playerVirtual13_400453824',0,'2018-02-08 22:15:12',NULL,0),(127,'playerVirtual11','playerVirtual11_4820318661',0,'2018-02-08 22:15:21',NULL,0),(128,'playerVirtual11','playerVirtual11_4820318661',0,'2018-02-08 22:15:21',NULL,0),(129,'playerVirtual12','playerVirtual12_4819935267',0,'2018-02-08 22:15:22',NULL,0),(130,'playerVirtual12','playerVirtual12_4819935267',0,'2018-02-08 22:15:22',NULL,0),(131,'playerVirtual0','playerVirtual0_b23eca4299',3,'2018-02-08 22:15:25',NULL,0),(132,'playerVirtual1','playerVirtual1_57868a5b13',3,'2018-02-08 22:15:28',NULL,0),(133,'playerVirtual2','playerVirtual2_b8adf8c0ba',3,'2018-02-08 22:15:32',NULL,0),(134,'playerVirtual4','playerVirtual4_243adc938a',3,'2018-02-08 22:15:33',NULL,0),(135,'playerVirtual3','playerVirtual3_3f55a789d8',3,'2018-02-08 22:15:34',NULL,0),(136,'playerVirtual6','playerVirtual6_58428292a4',3,'2018-02-08 22:15:38',NULL,0),(137,'playerVirtual14','playerVirtual14_2904109077',0,'2018-02-08 22:15:40',NULL,0),(138,'playerVirtual14','playerVirtual14_2904109077',0,'2018-02-08 22:15:40',NULL,0),(139,'playerVirtual16','playerVirtual16_257338074',0,'2018-02-08 22:15:40',NULL,0),(140,'playerVirtual16','playerVirtual16_257338074',0,'2018-02-08 22:15:40',NULL,0),(141,'playerVirtual15','playerVirtual15_905614',0,'2018-02-08 22:15:40',NULL,0),(142,'playerVirtual15','playerVirtual15_905614',0,'2018-02-08 22:15:40',NULL,0),(143,'playerVirtual17','playerVirtual17_1093460',0,'2018-02-08 22:15:41',NULL,0),(144,'playerVirtual17','playerVirtual17_1093460',0,'2018-02-08 22:15:41',NULL,0),(145,'playerVirtual5','playerVirtual5_cebd0fcb42',3,'2018-02-08 22:15:42',NULL,0),(146,'playerVirtual8','playerVirtual8_509bd7585c',3,'2018-02-08 22:15:43',NULL,0),(147,'playerVirtual9','playerVirtual9_0db95ed668',3,'2018-02-08 22:15:46',NULL,0),(148,'playerVirtual7','playerVirtual7_a6d0525908',3,'2018-02-08 22:15:48',NULL,0),(149,'playerVirtual10','playerVirtual10_eb16c106d7',3,'2018-02-08 22:16:12',NULL,0),(150,'playerVirtual13','playerVirtual13_e60f978691',3,'2018-02-08 22:16:12',NULL,0),(151,'playerVirtual11','playerVirtual11_f4afdd80f6',3,'2018-02-08 22:16:21',NULL,0),(152,'playerVirtual14','playerVirtual14_2131a4fd1f',3,'2018-02-08 22:16:40',NULL,0),(153,'playerVirtual16','playerVirtual16_0f9fdf3d97',3,'2018-02-08 22:16:40',NULL,0),(154,'playerVirtual15','playerVirtual15_1b359fb84f',3,'2018-02-08 22:16:40',NULL,0),(155,'playerVirtual17','playerVirtual17_e46b852fc0',3,'2018-02-08 22:16:41',NULL,0),(156,'playerVirtual18','playerVirtual18_5811f7fb38',4,'2018-02-08 22:17:04',NULL,0),(157,'playerVirtual20','playerVirtual20_47c4f228a1',4,'2018-02-08 22:17:04',NULL,0),(158,'playerVirtual19','playerVirtual19_0ce4b08bb8',4,'2018-02-08 22:17:05',NULL,0),(159,'playerVirtual21','playerVirtual21_4bc451ebcf',4,'2018-02-08 22:17:05',NULL,0),(160,'playerVirtual0','playerVirtual0_4820217293',0,'2018-02-08 22:17:14',NULL,0),(161,'playerVirtual0','playerVirtual0_4820217293',0,'2018-02-08 22:17:15',NULL,0),(162,'playerVirtual1','playerVirtual1_6264344062',0,'2018-02-08 22:17:18',NULL,0),(163,'playerVirtual1','playerVirtual1_6264344062',0,'2018-02-08 22:17:18',NULL,0),(164,'playerVirtual2','playerVirtual2_2378747961',0,'2018-02-08 22:17:30',NULL,0),(165,'playerVirtual2','playerVirtual2_2378747961',0,'2018-02-08 22:17:31',NULL,0),(166,'playerVirtual4','playerVirtual4_5068098508',0,'2018-02-08 22:17:44',NULL,0),(167,'playerVirtual4','playerVirtual4_5068098508',0,'2018-02-08 22:17:44',NULL,0),(168,'playerVirtual0','playerVirtual0_d3586320cf',4,'2018-02-08 22:18:15',NULL,0),(169,'playerVirtual1','playerVirtual1_76bcd058e5',4,'2018-02-08 22:18:18',NULL,0),(170,'playerVirtual2','playerVirtual2_e6b844c3e7',4,'2018-02-08 22:18:31',NULL,0),(171,'playerVirtual4','playerVirtual4_879c57fe50',4,'2018-02-08 22:18:44',NULL,0),(172,'playerVirtual3','playerVirtual3_227443932',0,'2018-02-08 22:18:59',NULL,0),(173,'playerVirtual3','playerVirtual3_227443932',0,'2018-02-08 22:18:59',NULL,0),(174,'playerVirtual6','playerVirtual6_1095593',0,'2018-02-08 22:19:07',NULL,0),(175,'playerVirtual6','playerVirtual6_1095593',0,'2018-02-08 22:19:07',NULL,0),(176,'playerVirtual5','playerVirtual5_2148750930',0,'2018-02-08 22:19:52',NULL,0),(177,'playerVirtual5','playerVirtual5_2148750930',0,'2018-02-08 22:19:52',NULL,0),(178,'playerVirtual14','playerVirtual14_38676294',0,'2018-02-08 22:19:58',NULL,0),(179,'playerVirtual14','playerVirtual14_38676294',0,'2018-02-08 22:19:58',NULL,0),(180,'playerVirtual3','playerVirtual3_81431a9e10',4,'2018-02-08 22:19:59',NULL,0),(181,'playerVirtual6','playerVirtual6_fc2fda1b80',4,'2018-02-08 22:20:07',NULL,0),(182,'playerVirtual8','playerVirtual8_563574327',0,'2018-02-08 22:20:46',NULL,0),(183,'playerVirtual8','playerVirtual8_563574327',0,'2018-02-08 22:20:46',NULL,0),(184,'playerVirtual9','playerVirtual9_765651',0,'2018-02-08 22:20:50',NULL,0),(185,'playerVirtual9','playerVirtual9_765651',0,'2018-02-08 22:20:50',NULL,0),(186,'playerVirtual5','playerVirtual5_6671f1a9b7',4,'2018-02-08 22:20:52',NULL,0),(187,'playerVirtual7','playerVirtual7_16915963',0,'2018-02-08 22:20:54',NULL,0),(188,'playerVirtual7','playerVirtual7_16915963',0,'2018-02-08 22:20:54',NULL,0),(189,'playerVirtual10','playerVirtual10_5623125514',0,'2018-02-08 22:21:18',NULL,0),(190,'playerVirtual10','playerVirtual10_5623125514',0,'2018-02-08 22:21:18',NULL,0),(191,'playerVirtual13','playerVirtual13_284757920',0,'2018-02-08 22:21:21',NULL,0),(192,'playerVirtual13','playerVirtual13_284757920',0,'2018-02-08 22:21:21',NULL,0),(193,'playerVirtual11','playerVirtual11_272887063',0,'2018-02-08 22:21:23',NULL,0),(194,'playerVirtual11','playerVirtual11_272887063',0,'2018-02-08 22:21:23',NULL,0),(195,'playerVirtual8','playerVirtual8_cd716b0361',4,'2018-02-08 22:21:46',NULL,0),(196,'playerVirtual9','playerVirtual9_5bd998a9ff',4,'2018-02-08 22:21:50',NULL,0),(197,'playerVirtual7','playerVirtual7_7991049060',4,'2018-02-08 22:21:54',NULL,0),(198,'playerVirtual22','playerVirtual22_edc9aed6b1',4,'2018-02-08 22:22:03',NULL,0),(199,'playerVirtual24','playerVirtual24_b490c26289',4,'2018-02-08 22:22:03',NULL,0),(200,'playerVirtual23','playerVirtual23_b7b541c6ca',4,'2018-02-08 22:22:03',NULL,0),(201,'playerVirtual25','playerVirtual25_8b0ba76607',4,'2018-02-08 22:22:03',NULL,0),(202,'playerVirtual10','playerVirtual10_d7a65fcef7',4,'2018-02-08 22:22:18',NULL,0),(203,'playerVirtual13','playerVirtual13_33db28467a',4,'2018-02-08 22:22:21',NULL,0),(204,'playerVirtual11','playerVirtual11_387750962d',4,'2018-02-08 22:22:23',NULL,0),(205,'playerVirtual1','playerVirtual1_2359368952',1,'2018-02-08 22:22:40',NULL,0),(206,'playerVirtual1','playerVirtual1_7720b872b3',3,'2018-02-08 22:22:40',NULL,0),(207,'playerVirtual1','playerVirtual1_2359368952',1,'2018-02-08 22:22:40',NULL,0),(208,'playerVirtual0','playerVirtual0_b06b3424ab',3,'2018-02-08 22:23:34',NULL,0),(209,'playerVirtual20','playerVirtual20_990694203',0,'2018-02-08 22:24:43',NULL,0),(210,'playerVirtual20','playerVirtual20_990694203',0,'2018-02-08 22:24:43',NULL,0),(211,'playerVirtual18','playerVirtual18_6280638724',0,'2018-02-08 22:24:48',NULL,0),(212,'playerVirtual18','playerVirtual18_6280638724',0,'2018-02-08 22:24:48',NULL,0),(213,'playerVirtual19','playerVirtual19_6280643141',0,'2018-02-08 22:24:48',NULL,0),(214,'playerVirtual19','playerVirtual19_6280643141',0,'2018-02-08 22:24:48',NULL,0),(215,'playerVirtual5','playerVirtual5_4820204870',1,'2018-02-08 22:24:49',NULL,0),(216,'playerVirtual5','playerVirtual5_e25700cd4e',3,'2018-02-08 22:24:49',NULL,0),(217,'playerVirtual5','playerVirtual5_4820204870',1,'2018-02-08 22:24:49',NULL,0),(218,'playerVirtual21','playerVirtual21_4476462938',0,'2018-02-08 22:24:58',NULL,0),(219,'playerVirtual21','playerVirtual21_4476462938',0,'2018-02-08 22:24:58',NULL,0),(220,'playerVirtual2','playerVirtual2_272887063',0,'2018-02-08 22:25:33',NULL,0),(221,'playerVirtual2','playerVirtual2_272887063',0,'2018-02-08 22:25:33',NULL,0),(222,'playerVirtual4','playerVirtual4_6282149131',0,'2018-02-08 22:25:35',NULL,0),(223,'playerVirtual4','playerVirtual4_6282149131',0,'2018-02-08 22:25:35',NULL,0),(224,'playerVirtual3','playerVirtual3_2359368952',0,'2018-02-08 22:25:37',NULL,0),(225,'playerVirtual3','playerVirtual3_2359368952',0,'2018-02-08 22:25:37',NULL,0),(226,'playerVirtual6','playerVirtual6_1436323714',0,'2018-02-08 22:25:52',NULL,0),(227,'playerVirtual6','playerVirtual6_1436323714',0,'2018-02-08 22:25:52',NULL,0),(228,'playerVirtual8','playerVirtual8_16914091',0,'2018-02-08 22:26:12',NULL,0),(229,'playerVirtual8','playerVirtual8_16914091',0,'2018-02-08 22:26:12',NULL,0),(230,'playerVirtual11','playerVirtual11_9cc0a978ac',3,'2018-02-08 22:26:21',NULL,0),(231,'playerVirtual9','playerVirtual9_182859403',0,'2018-02-08 22:26:28',NULL,0),(232,'playerVirtual9','playerVirtual9_182859403',0,'2018-02-08 22:26:28',NULL,0),(233,'playerVirtual2','playerVirtual2_5a7f804513',3,'2018-02-08 22:26:33',NULL,0),(234,'playerVirtual7','playerVirtual7_6641406',0,'2018-02-08 22:26:34',NULL,0),(235,'playerVirtual7','playerVirtual7_6641406',0,'2018-02-08 22:26:34',NULL,0),(236,'playerVirtual4','playerVirtual4_79e72c68fe',3,'2018-02-08 22:26:35',NULL,0),(237,'playerVirtual3','playerVirtual3_650f3bce92',3,'2018-02-08 22:26:37',NULL,0),(238,'playerVirtual6','playerVirtual6_39eddd952b',3,'2018-02-08 22:26:52',NULL,0),(239,'playerVirtual26','playerVirtual26_77267b1f20',4,'2018-02-08 22:27:05',NULL,0),(240,'playerVirtual27','playerVirtual27_fae0b076c2',4,'2018-02-08 22:27:05',NULL,0),(241,'playerVirtual28','playerVirtual28_58430cef6d',4,'2018-02-08 22:27:05',NULL,0),(242,'playerVirtual29','playerVirtual29_4c7943dc21',4,'2018-02-08 22:27:05',NULL,0),(243,'playerVirtual8','playerVirtual8_705d776967',3,'2018-02-08 22:27:12',NULL,0),(244,'playerVirtual9','playerVirtual9_f657e10dec',3,'2018-02-08 22:27:28',NULL,0),(245,'playerVirtual7','playerVirtual7_df297b9c54',3,'2018-02-08 22:27:34',NULL,0),(246,'playerVirtual10','playerVirtual10_3338579772',0,'2018-02-08 22:27:50',NULL,0),(247,'playerVirtual10','playerVirtual10_3338579772',0,'2018-02-08 22:27:50',NULL,0),(248,'playerVirtual13','playerVirtual13_2381571381',0,'2018-02-08 22:27:59',NULL,0),(249,'playerVirtual13','playerVirtual13_2381571381',0,'2018-02-08 22:27:59',NULL,0),(250,'playerVirtual10','playerVirtual10_d43becdc11',3,'2018-02-08 22:28:50',NULL,0),(251,'playerVirtual1','playerVirtual1_1438244924',1,'2018-02-08 22:28:55',NULL,0),(252,'playerVirtual1','playerVirtual1_6cb0c19633',4,'2018-02-08 22:28:55',NULL,0),(253,'playerVirtual1','playerVirtual1_1438244924',1,'2018-02-08 22:28:55',NULL,0),(254,'playerVirtual13','playerVirtual13_f2148b662c',3,'2018-02-08 22:29:00',NULL,0),(255,'playerVirtual0','playerVirtual0_2378747961',0,'2018-02-08 22:29:04',NULL,0),(256,'playerVirtual0','playerVirtual0_2378747961',0,'2018-02-08 22:29:04',NULL,0),(257,'playerVirtual0','playerVirtual0_90f63ecc64',4,'2018-02-08 22:30:04',NULL,0),(258,'playerVirtual2','playerVirtual2_46d096c6ab',4,'2018-02-08 22:30:19',NULL,0),(259,'playerVirtual4','playerVirtual4_2381571381',1,'2018-02-08 22:30:31',NULL,0),(260,'playerVirtual4','playerVirtual4_1db0659b0b',4,'2018-02-08 22:30:31',NULL,0),(261,'playerVirtual4','playerVirtual4_2381571381',1,'2018-02-08 22:30:31',NULL,0),(262,'playerVirtual30','playerVirtual30_881c8c2446',4,'2018-02-08 22:32:07',NULL,0),(263,'playerVirtual31','playerVirtual31_cf48ae8901',4,'2018-02-08 22:32:07',NULL,0),(264,'playerVirtual33','playerVirtual33_45d91fca9d',4,'2018-02-08 22:32:07',NULL,0),(265,'playerVirtual32','playerVirtual32_a282d7837f',4,'2018-02-08 22:32:07',NULL,0),(266,'playerVirtual5','playerVirtual5_1438244924',0,'2018-02-08 22:32:19',NULL,0),(267,'playerVirtual5','playerVirtual5_1438244924',0,'2018-02-08 22:32:19',NULL,0),(268,'playerVirtual11','playerVirtual11_3338579772',1,'2018-02-08 22:33:02',NULL,0),(269,'playerVirtual11','playerVirtual11_de499270ff',4,'2018-02-08 22:33:02',NULL,0),(270,'playerVirtual11','playerVirtual11_3338579772',1,'2018-02-08 22:33:02',NULL,0),(271,'playerVirtual9','playerVirtual9_6955737',1,'2018-02-08 22:33:09',NULL,0),(272,'playerVirtual9','playerVirtual9_41d41f29bf',4,'2018-02-08 22:33:09',NULL,0),(273,'playerVirtual9','playerVirtual9_6955737',1,'2018-02-08 22:33:09',NULL,0),(274,'playerVirtual6','playerVirtual6_1095593',1,'2018-02-08 22:33:15',NULL,0),(275,'playerVirtual6','playerVirtual6_5665be261c',4,'2018-02-08 22:33:15',NULL,0),(276,'playerVirtual6','playerVirtual6_1095593',1,'2018-02-08 22:33:16',NULL,0),(277,'playerVirtual5','playerVirtual5_d5f9f65ce2',4,'2018-02-08 22:33:19',NULL,0),(278,'playerVirtual1','playerVirtual1_a00769d0b7',3,'2018-02-08 22:34:20',NULL,0),(279,'playerVirtual3','playerVirtual3_6296268057',0,'2018-02-08 22:34:52',NULL,0),(280,'playerVirtual3','playerVirtual3_6296268057',0,'2018-02-08 22:34:52',NULL,0),(281,'playerVirtual3','playerVirtual3_99c03840fb',4,'2018-02-08 22:35:52',NULL,0),(282,'playerVirtual0','playerVirtual0_d8c1db2541',3,'2018-02-08 22:36:20',NULL,0),(283,'playerVirtual34','playerVirtual34_c94b06fe81',4,'2018-02-08 22:37:10',NULL,0),(284,'playerVirtual35','playerVirtual35_c58c973f98',4,'2018-02-08 22:37:10',NULL,0),(285,'playerVirtual36','playerVirtual36_dfdd6ee4ad',4,'2018-02-08 22:37:10',NULL,0),(286,'playerVirtual37','playerVirtual37_a6b8d36f97',4,'2018-02-08 22:37:10',NULL,0),(287,'playerVirtual8','playerVirtual8_6289704471',0,'2018-02-08 22:40:51',NULL,0),(288,'playerVirtual8','playerVirtual8_6289704471',0,'2018-02-08 22:40:51',NULL,0),(289,'playerVirtual7','playerVirtual7_1095593',0,'2018-02-08 22:41:06',NULL,0),(290,'playerVirtual7','playerVirtual7_1095593',0,'2018-02-08 22:41:06',NULL,0),(291,'playerVirtual8','playerVirtual8_c672e1ff20',4,'2018-02-08 22:41:51',NULL,0),(292,'playerVirtual38','playerVirtual38_52891ea76e',4,'2018-02-08 22:42:06',NULL,0),(293,'playerVirtual39','playerVirtual39_53606508ce',4,'2018-02-08 22:42:06',NULL,0),(294,'playerVirtual41','playerVirtual41_bac7df10e8',4,'2018-02-08 22:42:06',NULL,0),(295,'playerVirtual40','playerVirtual40_bac7df10e8',4,'2018-02-08 22:42:06',NULL,0),(296,'playerVirtual7','playerVirtual7_4bf35a3c74',4,'2018-02-08 22:42:06',NULL,0),(297,'playerVirtual10','playerVirtual10_182859403',0,'2018-02-08 22:42:10',NULL,0),(298,'playerVirtual10','playerVirtual10_182859403',0,'2018-02-08 22:42:10',NULL,0),(299,'playerVirtual0','playerVirtual0_6ae5fe5b2f',4,'2018-02-08 22:42:22',NULL,0),(300,'playerVirtual29','playerVirtual29_6301942525',0,'2018-02-08 22:42:26',NULL,0),(301,'playerVirtual29','playerVirtual29_6301942525',0,'2018-02-08 22:42:26',NULL,0),(302,'playerVirtual9','playerVirtual9_182859403',1,'2018-02-08 22:42:37',NULL,0),(303,'playerVirtual9','playerVirtual9_a8c976f11e',3,'2018-02-08 22:42:37',NULL,0),(304,'playerVirtual9','playerVirtual9_182859403',1,'2018-02-08 22:42:37',NULL,0),(305,'playerVirtual10','playerVirtual10_cc77191284',4,'2018-02-08 22:43:10',NULL,0),(306,'playerVirtual29','playerVirtual29_a3f59660f2',3,'2018-02-08 22:43:26',NULL,0),(307,'playerVirtual3','playerVirtual3_908315',1,'2018-02-08 22:43:53',NULL,0),(308,'playerVirtual3','playerVirtual3_ba0514652e',3,'2018-02-08 22:43:53',NULL,0),(309,'playerVirtual3','playerVirtual3_908315',1,'2018-02-08 22:43:53',NULL,0),(310,'playerVirtual4','playerVirtual4_75bf151551',3,'2018-02-08 22:44:11',NULL,0),(311,'playerVirtual6','playerVirtual6_904011',1,'2018-02-08 22:44:58',NULL,0),(312,'playerVirtual6','playerVirtual6_5ad43f6176',3,'2018-02-08 22:44:58',NULL,0),(313,'playerVirtual6','playerVirtual6_904011',1,'2018-02-08 22:44:58',NULL,0),(314,'playerVirtual44','playerVirtual44_d902bcf4fb',4,'2018-02-08 22:46:11',NULL,0),(315,'playerVirtual7','playerVirtual7_36975f0cea',3,'2018-02-08 22:47:02',NULL,0),(316,'playerVirtual42','playerVirtual42_08061b7b75',4,'2018-02-08 22:47:11',NULL,0),(317,'playerVirtual43','playerVirtual43_37869e239e',4,'2018-02-08 22:47:11',NULL,0),(318,'playerVirtual45','playerVirtual45_0f7d1ecd6b',4,'2018-02-08 22:47:11',NULL,0),(319,'playerVirtual8','playerVirtual8_9db8f055c7',3,'2018-02-08 22:47:22',NULL,0),(320,'playerVirtual2','playerVirtual2_6289704471',0,'2018-02-08 22:47:22',NULL,0),(321,'playerVirtual2','playerVirtual2_6289704471',0,'2018-02-08 22:47:22',NULL,0),(322,'playerVirtual5','playerVirtual5_4246147567',0,'2018-02-08 22:47:50',NULL,0),(323,'playerVirtual5','playerVirtual5_4246147567',0,'2018-02-08 22:47:50',NULL,0),(324,'playerVirtual11','playerVirtual11_5068098508',0,'2018-02-08 22:48:19',NULL,0),(325,'playerVirtual11','playerVirtual11_5068098508',0,'2018-02-08 22:48:19',NULL,0),(326,'playerVirtual2','playerVirtual2_30a2c83f1e',3,'2018-02-08 22:48:22',NULL,0),(327,'playerVirtual5','playerVirtual5_d3da2a9142',3,'2018-02-08 22:48:50',NULL,0),(328,'playerVirtual11','playerVirtual11_f5c1071f93',3,'2018-02-08 22:49:19',NULL,0),(329,'playerVirtual49','playerVirtual49_d6bb7ce98e',4,'2018-02-08 22:51:12',NULL,0),(330,'playerVirtual1','playerVirtual1_4246147567',0,'2018-02-08 22:51:20',NULL,0),(331,'playerVirtual1','playerVirtual1_4246147567',0,'2018-02-08 22:51:20',NULL,0),(332,'playerVirtual6','playerVirtual6_539194189',1,'2018-02-08 22:51:56',NULL,0),(333,'playerVirtual6','playerVirtual6_4705a345ce',4,'2018-02-08 22:51:56',NULL,0),(334,'playerVirtual6','playerVirtual6_539194189',1,'2018-02-08 22:51:56',NULL,0),(335,'playerVirtual46','playerVirtual46_972b056053',4,'2018-02-08 22:52:12',NULL,0),(336,'playerVirtual47','playerVirtual47_609bb91104',4,'2018-02-08 22:52:12',NULL,0),(337,'playerVirtual48','playerVirtual48_587a654358',4,'2018-02-08 22:52:12',NULL,0),(338,'playerVirtual1','playerVirtual1_b1e168dcbe',4,'2018-02-08 22:52:20',NULL,0),(339,'playerVirtual31','playerVirtual31_4246147567',0,'2018-02-08 22:52:27',NULL,0),(340,'playerVirtual31','playerVirtual31_4246147567',0,'2018-02-08 22:52:27',NULL,0),(341,'playerVirtual33','playerVirtual33_6315250734',0,'2018-02-08 22:52:34',NULL,0),(342,'playerVirtual33','playerVirtual33_6315250734',0,'2018-02-08 22:52:34',NULL,0),(343,'playerVirtual3','playerVirtual3_5297461910',1,'2018-02-08 22:52:39',NULL,0),(344,'playerVirtual3','playerVirtual3_0fefa5191a',4,'2018-02-08 22:52:39',NULL,0),(345,'playerVirtual3','playerVirtual3_5297461910',1,'2018-02-08 22:52:39',NULL,0),(346,'playerVirtual32','playerVirtual32_4246147567',0,'2018-02-08 22:52:42',NULL,0),(347,'playerVirtual32','playerVirtual32_4246147567',0,'2018-02-08 22:52:42',NULL,0),(348,'playerVirtual31','playerVirtual31_56b64c08ab',3,'2018-02-08 22:53:27',NULL,0),(349,'playerVirtual33','playerVirtual33_aa44d4c3be',3,'2018-02-08 22:53:34',NULL,0),(350,'playerVirtual32','playerVirtual32_097f1c5b69',3,'2018-02-08 22:53:42',NULL,0),(351,'playerVirtual31','playerVirtual31_2b9f8c2aa6',4,'2018-02-08 22:54:28',NULL,0),(352,'playerVirtual32','playerVirtual32_b52cd2ba21',4,'2018-02-08 22:54:43',NULL,0),(353,'playerVirtual52','playerVirtual52_6ffbd68e2b',4,'2018-02-08 22:56:09',NULL,0),(354,'playerVirtual10','playerVirtual10_4246147567',0,'2018-02-08 22:56:15',NULL,0),(355,'playerVirtual10','playerVirtual10_4246147567',0,'2018-02-08 22:56:15',NULL,0),(356,'playerVirtual5','playerVirtual5_388248e188',4,'2018-02-08 22:56:20',NULL,0),(357,'playerVirtual50','playerVirtual50_63f4f183f2',4,'2018-02-08 22:57:09',NULL,0),(358,'playerVirtual51','playerVirtual51_3020944f8d',4,'2018-02-08 22:57:09',NULL,0),(359,'playerVirtual53','playerVirtual53_009ca82973',4,'2018-02-08 22:57:09',NULL,0),(360,'playerVirtual10','playerVirtual10_ab2c64a3eb',3,'2018-02-08 22:57:15',NULL,0),(361,'playerVirtual4','playerVirtual4_4246147567',0,'2018-02-08 22:57:24',NULL,0),(362,'playerVirtual4','playerVirtual4_4246147567',0,'2018-02-08 22:57:24',NULL,0),(363,'playerVirtual1','playerVirtual1_278a6ac462',3,'2018-02-08 22:57:45',NULL,0),(364,'playerVirtual4','playerVirtual4_fea610d998',4,'2018-02-08 22:58:24',NULL,0),(365,'playerVirtual11','playerVirtual11_f60b5db1c3',4,'2018-02-08 22:58:42',NULL,0),(366,'playerVirtual9','playerVirtual9_4246147567',0,'2018-02-08 22:58:52',NULL,0),(367,'playerVirtual9','playerVirtual9_4246147567',0,'2018-02-08 22:58:52',NULL,0),(368,'playerVirtual35','playerVirtual35_4246147567',0,'2018-02-08 22:59:17',NULL,0),(369,'playerVirtual35','playerVirtual35_4246147567',0,'2018-02-08 22:59:17',NULL,0),(370,'playerVirtual36','playerVirtual36_4246147567',0,'2018-02-08 22:59:29',NULL,0),(371,'playerVirtual36','playerVirtual36_4246147567',0,'2018-02-08 22:59:29',NULL,0),(372,'playerVirtual37','playerVirtual37_1095593',0,'2018-02-08 22:59:37',NULL,0),(373,'playerVirtual37','playerVirtual37_1095593',0,'2018-02-08 22:59:37',NULL,0),(374,'playerVirtual2','playerVirtual2_272887063',1,'2018-02-08 22:59:39',NULL,0),(375,'playerVirtual2','playerVirtual2_5905ae5329',4,'2018-02-08 22:59:39',NULL,0),(376,'playerVirtual2','playerVirtual2_272887063',1,'2018-02-08 22:59:39',NULL,0),(377,'playerVirtual9','playerVirtual9_9b947ee087',4,'2018-02-08 22:59:52',NULL,0),(378,'playerVirtual35','playerVirtual35_09469e9c39',3,'2018-02-08 23:00:17',NULL,0),(379,'playerVirtual36','playerVirtual36_a80378543c',3,'2018-02-08 23:00:29',NULL,0),(380,'playerVirtual37','playerVirtual37_3f476f52e9',3,'2018-02-08 23:00:37',NULL,0),(381,'playerVirtual54','playerVirtual54_702e6792a2',4,'2018-02-08 23:01:09',NULL,0),(382,'playerVirtual35','playerVirtual35_d5871e6344',4,'2018-02-08 23:01:18',NULL,0),(383,'playerVirtual36','playerVirtual36_0430afbd80',4,'2018-02-08 23:01:31',NULL,0),(384,'playerVirtual0','playerVirtual0_4246147567',0,'2018-02-08 23:01:51',NULL,0),(385,'playerVirtual0','playerVirtual0_4246147567',0,'2018-02-08 23:01:51',NULL,0),(386,'playerVirtual57','playerVirtual57_69a82f0659',4,'2018-02-08 23:02:09',NULL,0),(387,'playerVirtual55','playerVirtual55_12ad02f126',4,'2018-02-08 23:02:09',NULL,0),(388,'playerVirtual56','playerVirtual56_c7c7cda6ab',4,'2018-02-08 23:02:09',NULL,0),(389,'playerVirtual0','playerVirtual0_5d5fb54558',3,'2018-02-08 23:02:51',NULL,0),(390,'playerVirtual38','playerVirtual38_4246147567',0,'2018-02-08 23:05:06',NULL,0),(391,'playerVirtual38','playerVirtual38_4246147567',0,'2018-02-08 23:05:06',NULL,0),(392,'playerVirtual39','playerVirtual39_4246147567',0,'2018-02-08 23:05:20',NULL,0),(393,'playerVirtual39','playerVirtual39_4246147567',0,'2018-02-08 23:05:20',NULL,0),(394,'playerVirtual41','playerVirtual41_4246147567',0,'2018-02-08 23:05:34',NULL,0),(395,'playerVirtual41','playerVirtual41_4246147567',0,'2018-02-08 23:05:34',NULL,0),(396,'playerVirtual40','playerVirtual40_4246147567',0,'2018-02-08 23:05:47',NULL,0),(397,'playerVirtual40','playerVirtual40_4246147567',0,'2018-02-08 23:05:47',NULL,0),(398,'playerVirtual38','playerVirtual38_e594676eec',3,'2018-02-08 23:06:06',NULL,0),(399,'playerVirtual39','playerVirtual39_619827fe56',3,'2018-02-08 23:06:20',NULL,0),(400,'playerVirtual41','playerVirtual41_9192d50a79',3,'2018-02-08 23:06:34',NULL,0),(401,'playerVirtual40','playerVirtual40_e7df64fb2c',3,'2018-02-08 23:06:47',NULL,0),(402,'playerVirtual3','playerVirtual3_359920779',1,'2018-02-08 23:06:52',NULL,0),(403,'playerVirtual3','playerVirtual3_b6c9bfdf58',3,'2018-02-08 23:06:52',NULL,0),(404,'playerVirtual3','playerVirtual3_359920779',1,'2018-02-08 23:06:52',NULL,0),(405,'playerVirtual58','playerVirtual58_fce35393cf',4,'2018-02-08 23:07:07',NULL,0),(406,'playerVirtual59','playerVirtual59_d9746eb2e7',4,'2018-02-08 23:07:07',NULL,0),(407,'playerVirtual60','playerVirtual60_bcc55f423f',4,'2018-02-08 23:07:07',NULL,0),(408,'playerVirtual61','playerVirtual61_8b0e72f5b4',4,'2018-02-08 23:07:07',NULL,0),(409,'playerVirtual38','playerVirtual38_3094e66a8f',4,'2018-02-08 23:07:07',NULL,0),(410,'playerVirtual39','playerVirtual39_4aab1b446a',4,'2018-02-08 23:07:21',NULL,0),(411,'playerVirtual41','playerVirtual41_ffe68fcd93',4,'2018-02-08 23:07:35',NULL,0),(412,'playerVirtual40','playerVirtual40_e38d61b778',4,'2018-02-08 23:07:48',NULL,0),(413,'playerVirtual0','playerVirtual0_93fab73971',4,'2018-02-08 23:08:53',NULL,0),(414,'playerVirtual9','playerVirtual9_f0241c2f67',3,'2018-02-08 23:09:21',NULL,0),(415,'playerVirtual7','playerVirtual7_6344084916',0,'2018-02-08 23:09:43',NULL,0),(416,'playerVirtual7','playerVirtual7_6344084916',0,'2018-02-08 23:09:43',NULL,0),(417,'playerVirtual8','playerVirtual8_4246147567',0,'2018-02-08 23:10:03',NULL,0),(418,'playerVirtual8','playerVirtual8_4246147567',0,'2018-02-08 23:10:03',NULL,0),(419,'playerVirtual10','playerVirtual10_d37ce4fe3a',4,'2018-02-08 23:10:34',NULL,0),(420,'playerVirtual7','playerVirtual7_925f11828a',4,'2018-02-08 23:10:43',NULL,0),(421,'playerVirtual8','playerVirtual8_6de9f42210',4,'2018-02-08 23:11:03',NULL,0),(422,'playerVirtual4','playerVirtual4_75832785b2',3,'2018-02-08 23:12:03',NULL,0),(423,'playerVirtual62','playerVirtual62_a00cb44766',4,'2018-02-08 23:12:04',NULL,0),(424,'playerVirtual63','playerVirtual63_97c7510398',4,'2018-02-08 23:12:04',NULL,0),(425,'playerVirtual64','playerVirtual64_f9b49d1d0c',4,'2018-02-08 23:12:04',NULL,0),(426,'playerVirtual65','playerVirtual65_19f97cd3d9',4,'2018-02-08 23:12:04',NULL,0),(427,'playerVirtual44','playerVirtual44_4246147567',0,'2018-02-08 23:12:30',NULL,0),(428,'playerVirtual44','playerVirtual44_4246147567',0,'2018-02-08 23:12:30',NULL,0),(429,'playerVirtual44','playerVirtual44_928de9254a',3,'2018-02-08 23:13:30',NULL,0),(430,'playerVirtual6','playerVirtual6_4246147567',0,'2018-02-08 23:13:50',NULL,0),(431,'playerVirtual6','playerVirtual6_4246147567',0,'2018-02-08 23:13:50',NULL,0),(432,'playerVirtual42','playerVirtual42_4246147567',0,'2018-02-08 23:13:58',NULL,0),(433,'playerVirtual42','playerVirtual42_4246147567',0,'2018-02-08 23:13:58',NULL,0),(434,'playerVirtual43','playerVirtual43_990694203',0,'2018-02-08 23:13:58',NULL,0),(435,'playerVirtual43','playerVirtual43_990694203',0,'2018-02-08 23:13:58',NULL,0),(436,'playerVirtual45','playerVirtual45_4246147567',0,'2018-02-08 23:14:13',NULL,0),(437,'playerVirtual45','playerVirtual45_4246147567',0,'2018-02-08 23:14:13',NULL,0),(438,'playerVirtual44','playerVirtual44_a8bcaf8cc5',4,'2018-02-08 23:14:31',NULL,0),(439,'playerVirtual6','playerVirtual6_0c98ed2e0a',3,'2018-02-08 23:14:50',NULL,0),(440,'playerVirtual42','playerVirtual42_4a3bf3ce6f',3,'2018-02-08 23:14:58',NULL,0),(441,'playerVirtual43','playerVirtual43_4c8744fcb7',3,'2018-02-08 23:14:58',NULL,0),(442,'playerVirtual45','playerVirtual45_8a37d2e389',3,'2018-02-08 23:15:13',NULL,0),(443,'playerVirtual8','playerVirtual8_78b7e128ad',3,'2018-02-08 23:16:35',NULL,0),(444,'playerVirtual67','playerVirtual67_58b4f0c48d',4,'2018-02-08 23:17:12',NULL,0),(445,'playerVirtual66','playerVirtual66_58b4f0c48d',4,'2018-02-08 23:17:12',NULL,0),(446,'playerVirtual68','playerVirtual68_a1c111b6fb',4,'2018-02-08 23:17:12',NULL,0),(447,'playerVirtual69','playerVirtual69_31a4ae170c',4,'2018-02-08 23:17:12',NULL,0),(448,'playerVirtual2','playerVirtual2_16917741',1,'2018-02-08 23:17:30',NULL,0),(449,'playerVirtual2','playerVirtual2_ea344cf8ba',3,'2018-02-08 23:17:30',NULL,0),(450,'playerVirtual2','playerVirtual2_16917741',1,'2018-02-08 23:17:30',NULL,0),(451,'playerVirtual49','playerVirtual49_4246147567',0,'2018-02-08 23:18:38',NULL,0),(452,'playerVirtual49','playerVirtual49_4246147567',0,'2018-02-08 23:18:38',NULL,0),(453,'playerVirtual5','playerVirtual5_1436344784',0,'2018-02-08 23:19:27',NULL,0),(454,'playerVirtual5','playerVirtual5_1436344784',0,'2018-02-08 23:19:27',NULL,0),(455,'playerVirtual49','playerVirtual49_a7d42dd022',3,'2018-02-08 23:19:38',NULL,0),(456,'playerVirtual7','playerVirtual7_aa0fef79be',3,'2018-02-08 23:19:50',NULL,0),(457,'playerVirtual5','playerVirtual5_10c3e452bb',3,'2018-02-08 23:20:27',NULL,0),(458,'playerVirtual48','playerVirtual48_82730999',0,'2018-02-08 23:20:29',NULL,0),(459,'playerVirtual48','playerVirtual48_82730999',0,'2018-02-08 23:20:29',NULL,0),(460,'playerVirtual11','playerVirtual11_4246147567',0,'2018-02-08 23:20:31',NULL,0),(461,'playerVirtual11','playerVirtual11_4246147567',0,'2018-02-08 23:20:31',NULL,0),(462,'playerVirtual11','playerVirtual11_a84b27fd70',3,'2018-02-08 23:21:31',NULL,0),(463,'playerVirtual6','playerVirtual6_52d19344b2',4,'2018-02-08 23:21:49',NULL,0),(464,'playerVirtual70','playerVirtual70_c8f693d51e',4,'2018-02-08 23:22:12',NULL,0),(465,'playerVirtual71','playerVirtual71_09bb19f4af',4,'2018-02-08 23:22:12',NULL,0),(466,'playerVirtual72','playerVirtual72_d72bc39dda',4,'2018-02-08 23:22:12',NULL,0),(467,'playerVirtual73','playerVirtual73_d72bc39dda',4,'2018-02-08 23:22:12',NULL,0),(468,'playerVirtual1','playerVirtual1_4246147567',0,'2018-02-08 23:23:17',NULL,0),(469,'playerVirtual1','playerVirtual1_bbc65fac46',4,'2018-02-08 23:23:17',NULL,0),(470,'playerVirtual1','playerVirtual1_4246147567',0,'2018-02-08 23:23:17',NULL,0),(471,'playerVirtual75','playerVirtual75_c326fb29d7',4,'2018-02-08 23:26:07',NULL,0),(472,'playerVirtual10','playerVirtual10_cf185cdba3',3,'2018-02-08 23:26:29',NULL,0),(473,'playerVirtual3','playerVirtual3_4246147567',0,'2018-02-08 23:26:36',NULL,0),(474,'playerVirtual3','playerVirtual3_4246147567',0,'2018-02-08 23:26:36',NULL,0),(475,'playerVirtual77','playerVirtual77_de37f666d8',4,'2018-02-08 23:27:07',NULL,0),(476,'playerVirtual74','playerVirtual74_8821051165',4,'2018-02-08 23:27:07',NULL,0),(477,'playerVirtual76','playerVirtual76_a06a4f8979',4,'2018-02-08 23:27:07',NULL,0),(478,'playerVirtual3','playerVirtual3_93421c994b',4,'2018-02-08 23:27:37',NULL,0),(479,'playerVirtual1','playerVirtual1_8e29a6e906',3,'2018-02-08 23:28:43',NULL,0),(480,'playerVirtual5','playerVirtual5_6cf5e8a648',4,'2018-02-08 23:28:43',NULL,0),(481,'playerVirtual11','playerVirtual11_988d3c3614',4,'2018-02-08 23:30:54',NULL,0),(482,'playerVirtual79','playerVirtual79_e41f788cd4',4,'2018-02-08 23:32:08',NULL,0),(483,'playerVirtual81','playerVirtual81_8c5c64e526',4,'2018-02-08 23:32:08',NULL,0),(484,'playerVirtual78','playerVirtual78_41568e2945',4,'2018-02-08 23:32:08',NULL,0),(485,'playerVirtual80','playerVirtual80_4f41f602af',4,'2018-02-08 23:32:08',NULL,0),(486,'playerVirtual4','playerVirtual4_4246147567',0,'2018-02-08 23:35:08',NULL,0),(487,'playerVirtual4','playerVirtual4_0638bcc4bb',4,'2018-02-08 23:35:08',NULL,0),(488,'playerVirtual4','playerVirtual4_4246147567',0,'2018-02-08 23:35:08',NULL,0),(489,'playerVirtual9','playerVirtual9_4246147567',0,'2018-02-08 23:36:08',NULL,0),(490,'playerVirtual9','playerVirtual9_3cc2724e22',4,'2018-02-08 23:36:08',NULL,0),(491,'playerVirtual9','playerVirtual9_4246147567',0,'2018-02-08 23:36:08',NULL,0),(492,'playerVirtual83','playerVirtual83_aaf98b443d',4,'2018-02-08 23:36:10',NULL,0),(493,'playerVirtual85','playerVirtual85_2e307beade',4,'2018-02-08 23:37:10',NULL,0),(494,'playerVirtual82','playerVirtual82_dcb16435ad',4,'2018-02-08 23:37:10',NULL,0),(495,'playerVirtual84','playerVirtual84_7a7024a7a5',4,'2018-02-08 23:37:10',NULL,0),(496,'playerVirtual0','playerVirtual0_4246147567',0,'2018-02-08 23:38:52',NULL,0),(497,'playerVirtual0','playerVirtual0_b526e51596',3,'2018-02-08 23:38:52',NULL,0),(498,'playerVirtual0','playerVirtual0_4246147567',0,'2018-02-08 23:38:52',NULL,0),(499,'playerVirtual2','playerVirtual2_5297461910',0,'2018-02-08 23:39:22',NULL,0),(500,'playerVirtual2','playerVirtual2_5297461910',0,'2018-02-08 23:39:22',NULL,0),(501,'playerVirtual2','playerVirtual2_a9b4cda59e',4,'2018-02-08 23:40:22',NULL,0),(502,'playerVirtual10','playerVirtual10_bd668f9a3c',4,'2018-02-08 23:40:27',NULL,0),(503,'playerVirtual3','playerVirtual3_4192515901',3,'2018-02-08 23:41:50',NULL,0),(504,'playerVirtual87','playerVirtual87_8cb625d47e',4,'2018-02-08 23:42:10',NULL,0),(505,'playerVirtual89','playerVirtual89_8cb625d47e',4,'2018-02-08 23:42:10',NULL,0),(506,'playerVirtual86','playerVirtual86_f6832afc69',4,'2018-02-08 23:42:10',NULL,0),(507,'playerVirtual88','playerVirtual88_f6832afc69',4,'2018-02-08 23:42:10',NULL,0),(508,'playerVirtual0','playerVirtual0_cbdbd764cc',4,'2018-02-08 23:44:54',NULL,0),(509,'playerVirtual9','playerVirtual9_63ecf872df',3,'2018-02-08 23:45:36',NULL,0),(510,'playerVirtual91','playerVirtual91_9d079e9ece',4,'2018-02-08 23:47:06',NULL,0),(511,'playerVirtual92','playerVirtual92_8bfa857b0e',4,'2018-02-08 23:47:06',NULL,0),(512,'playerVirtual90','playerVirtual90_b2e1b38e0c',4,'2018-02-08 23:47:06',NULL,0),(513,'playerVirtual93','playerVirtual93_a5ccd6b279',4,'2018-02-08 23:47:06',NULL,0),(514,'playerVirtual65','playerVirtual65_16917741',0,'2018-02-08 23:48:26',NULL,0),(515,'playerVirtual65','playerVirtual65_16917741',0,'2018-02-08 23:48:26',NULL,0),(516,'playerVirtual4','playerVirtual4_26f1469f4f',3,'2018-02-08 23:48:47',NULL,0),(517,'playerVirtual65','playerVirtual65_7275804fc9',3,'2018-02-08 23:49:26',NULL,0),(518,'playerVirtual8','playerVirtual8_4246147567',0,'2018-02-08 23:49:45',NULL,0),(519,'playerVirtual8','playerVirtual8_e53d402c4e',4,'2018-02-08 23:49:45',NULL,0),(520,'playerVirtual8','playerVirtual8_4246147567',0,'2018-02-08 23:49:45',NULL,0),(521,'playerVirtual7','playerVirtual7_4246147567',0,'2018-02-08 23:50:30',NULL,0),(522,'playerVirtual7','playerVirtual7_4246147567',0,'2018-02-08 23:50:30',NULL,0),(523,'playerVirtual7','playerVirtual7_bb3b65e9c8',4,'2018-02-08 23:51:30',NULL,0),(524,'playerVirtual97','playerVirtual97_9e253aa3cc',4,'2018-02-08 23:52:06',NULL,0),(525,'playerVirtual94','playerVirtual94_e4a2adcf40',4,'2018-02-08 23:52:06',NULL,0),(526,'playerVirtual95','playerVirtual95_be1049f8cc',4,'2018-02-08 23:52:06',NULL,0),(527,'playerVirtual96','playerVirtual96_a6fa569ff1',4,'2018-02-08 23:52:06',NULL,0),(528,'playerVirtual67','playerVirtual67_539194189',0,'2018-02-08 23:55:04',NULL,0),(529,'playerVirtual67','playerVirtual67_539194189',0,'2018-02-08 23:55:04',NULL,0),(530,'playerVirtual66','playerVirtual66_4246147567',0,'2018-02-08 23:55:08',NULL,0),(531,'playerVirtual66','playerVirtual66_4246147567',0,'2018-02-08 23:55:08',NULL,0),(532,'playerVirtual8','playerVirtual8_8fcf3ec8ff',3,'2018-02-08 23:55:16',NULL,0),(533,'playerVirtual68','playerVirtual68_4246147567',0,'2018-02-08 23:55:21',NULL,0),(534,'playerVirtual68','playerVirtual68_4246147567',0,'2018-02-08 23:55:21',NULL,0),(535,'playerVirtual69','playerVirtual69_4246147567',0,'2018-02-08 23:55:36',NULL,0),(536,'playerVirtual69','playerVirtual69_4246147567',0,'2018-02-08 23:55:36',NULL,0),(537,'playerVirtual6','playerVirtual6_4246147567',0,'2018-02-08 23:55:58',NULL,0),(538,'playerVirtual6','playerVirtual6_154a085bf1',3,'2018-02-08 23:55:58',NULL,0),(539,'playerVirtual6','playerVirtual6_4246147567',0,'2018-02-08 23:55:58',NULL,0),(540,'playerVirtual67','playerVirtual67_36a2fd7cd6',3,'2018-02-08 23:56:04',NULL,0),(541,'playerVirtual68','playerVirtual68_717157be2b',3,'2018-02-08 23:56:21',NULL,0),(542,'playerVirtual69','playerVirtual69_0624d98de7',3,'2018-02-08 23:56:36',NULL,0),(543,'playerVirtual5','playerVirtual5_2148750930',1,'2018-02-08 23:57:09',NULL,0),(544,'playerVirtual5','playerVirtual5_f7475fbf2e',3,'2018-02-08 23:57:09',NULL,0),(545,'playerVirtual5','playerVirtual5_2148750930',1,'2018-02-08 23:57:09',NULL,0),(546,'playerVirtual68','playerVirtual68_fb545537e8',4,'2018-02-08 23:57:22',NULL,0),(547,'playerVirtual11','playerVirtual11_4820318661',1,'2018-02-08 23:57:27',NULL,0),(548,'playerVirtual11','playerVirtual11_56dbbefe99',3,'2018-02-08 23:57:27',NULL,0),(549,'playerVirtual11','playerVirtual11_4820318661',1,'2018-02-08 23:57:28',NULL,0),(550,'playerVirtual69','playerVirtual69_7a7c81546c',4,'2018-02-08 23:57:37',NULL,0),(551,'playerVirtual7','playerVirtual7_5323c68ae4',3,'2018-02-09 00:00:36',NULL,0),(552,'playerVirtual2','playerVirtual2_812b0c3e6d',3,'2018-02-09 00:01:39',NULL,0),(553,'playerVirtual6','playerVirtual6_5166ce19e7',4,'2018-02-09 00:02:56',NULL,0),(554,'playerVirtual70','playerVirtual70_4246147567',0,'2018-02-09 00:03:00',NULL,0),(555,'playerVirtual70','playerVirtual70_4246147567',0,'2018-02-09 00:03:00',NULL,0),(556,'playerVirtual71','playerVirtual71_990694203',0,'2018-02-09 00:03:05',NULL,0),(557,'playerVirtual71','playerVirtual71_990694203',0,'2018-02-09 00:03:05',NULL,0),(558,'playerVirtual72','playerVirtual72_4246147567',0,'2018-02-09 00:03:17',NULL,0),(559,'playerVirtual72','playerVirtual72_4246147567',0,'2018-02-09 00:03:17',NULL,0),(560,'playerVirtual73','playerVirtual73_359920779',0,'2018-02-09 00:03:23',NULL,0),(561,'playerVirtual73','playerVirtual73_359920779',0,'2018-02-09 00:03:23',NULL,0),(562,'playerVirtual70','playerVirtual70_03dfe0bb78',3,'2018-02-09 00:04:00',NULL,0),(563,'playerVirtual71','playerVirtual71_e3524e7b47',3,'2018-02-09 00:04:05',NULL,0),(564,'playerVirtual72','playerVirtual72_da808826db',3,'2018-02-09 00:04:17',NULL,0),(565,'playerVirtual73','playerVirtual73_40ca62825d',3,'2018-02-09 00:04:23',NULL,0),(566,'playerVirtual67','playerVirtual67_8bd2196e44',4,'2018-02-09 00:04:33',NULL,0),(567,'playerVirtual70','playerVirtual70_34cc5a8fba',4,'2018-02-09 00:05:01',NULL,0),(568,'playerVirtual71','playerVirtual71_e992fc6bee',4,'2018-02-09 00:05:06',NULL,0),(569,'playerVirtual72','playerVirtual72_823ab790dc',4,'2018-02-09 00:05:18',NULL,0),(570,'playerVirtual1','playerVirtual1_6289704471',0,'2018-02-09 00:07:14',NULL,0),(571,'playerVirtual1','playerVirtual1_6289704471',0,'2018-02-09 00:07:14',NULL,0),(572,'playerVirtual75','playerVirtual75_4246147567',0,'2018-02-09 00:07:50',NULL,0),(573,'playerVirtual75','playerVirtual75_4246147567',0,'2018-02-09 00:07:50',NULL,0),(574,'playerVirtual1','playerVirtual1_b4097ecb43',4,'2018-02-09 00:08:14',NULL,0),(575,'playerVirtual75','playerVirtual75_8ccc77acac',3,'2018-02-09 00:08:50',NULL,0),(576,'playerVirtual77','playerVirtual77_6391421427',0,'2018-02-09 00:08:53',NULL,0),(577,'playerVirtual77','playerVirtual77_6391421427',0,'2018-02-09 00:08:53',NULL,0),(578,'playerVirtual74','playerVirtual74_4246147567',0,'2018-02-09 00:09:04',NULL,0),(579,'playerVirtual74','playerVirtual74_4246147567',0,'2018-02-09 00:09:04',NULL,0),(580,'playerVirtual76','playerVirtual76_4246147567',0,'2018-02-09 00:09:17',NULL,0),(581,'playerVirtual76','playerVirtual76_4246147567',0,'2018-02-09 00:09:17',NULL,0),(582,'playerVirtual75','playerVirtual75_7f616e1a3d',4,'2018-02-09 00:09:51',NULL,0),(583,'playerVirtual77','playerVirtual77_3bc561d3c9',3,'2018-02-09 00:09:53',NULL,0),(584,'playerVirtual74','playerVirtual74_94cf49d31a',3,'2018-02-09 00:10:04',NULL,0),(585,'playerVirtual76','playerVirtual76_91e574705f',3,'2018-02-09 00:10:17',NULL,0),(586,'playerVirtual74','playerVirtual74_ad9cec8719',4,'2018-02-09 00:11:05',NULL,0),(587,'playerVirtual76','playerVirtual76_ff8fd672d9',4,'2018-02-09 00:11:18',NULL,0),(588,'playerVirtual3','playerVirtual3_2359368952',1,'2018-02-09 00:13:02',NULL,0),(589,'playerVirtual3','playerVirtual3_c8ccc8da28',4,'2018-02-09 00:13:02',NULL,0),(590,'playerVirtual3','playerVirtual3_2359368952',1,'2018-02-09 00:13:02',NULL,0),(591,'playerVirtual10','playerVirtual10_990694203',0,'2018-02-09 00:13:03',NULL,0),(592,'playerVirtual10','playerVirtual10_990694203',0,'2018-02-09 00:13:04',NULL,0),(593,'playerVirtual10','playerVirtual10_4115639c32',3,'2018-02-09 00:14:04',NULL,0),(594,'playerVirtual79','playerVirtual79_4246147567',0,'2018-02-09 00:15:36',NULL,0),(595,'playerVirtual79','playerVirtual79_4246147567',0,'2018-02-09 00:15:36',NULL,0),(596,'playerVirtual81','playerVirtual81_6400066596',0,'2018-02-09 00:15:42',NULL,0),(597,'playerVirtual81','playerVirtual81_6400066596',0,'2018-02-09 00:15:42',NULL,0),(598,'playerVirtual78','playerVirtual78_4246147567',0,'2018-02-09 00:15:53',NULL,0),(599,'playerVirtual78','playerVirtual78_4246147567',0,'2018-02-09 00:15:53',NULL,0),(600,'playerVirtual1','playerVirtual1_a14e207aca',3,'2018-02-09 00:15:53',NULL,0),(601,'playerVirtual80','playerVirtual80_6401302061',0,'2018-02-09 00:16:04',NULL,0),(602,'playerVirtual80','playerVirtual80_6401302061',0,'2018-02-09 00:16:04',NULL,0),(603,'playerVirtual79','playerVirtual79_1db2183417',3,'2018-02-09 00:16:36',NULL,0),(604,'playerVirtual81','playerVirtual81_f252888b2c',3,'2018-02-09 00:16:42',NULL,0),(605,'playerVirtual78','playerVirtual78_d9d30724e3',3,'2018-02-09 00:16:53',NULL,0),(606,'playerVirtual80','playerVirtual80_3a6433354d',3,'2018-02-09 00:17:04',NULL,0),(607,'playerVirtual79','playerVirtual79_e56eae9530',4,'2018-02-09 00:17:37',NULL,0),(608,'playerVirtual78','playerVirtual78_61fff2f422',4,'2018-02-09 00:17:54',NULL,0),(609,'playerVirtual83','playerVirtual83_4246147567',0,'2018-02-09 00:20:44',NULL,0),(610,'playerVirtual83','playerVirtual83_4246147567',0,'2018-02-09 00:20:44',NULL,0),(611,'playerVirtual73','playerVirtual73_2cf5593a14',4,'2018-02-09 00:21:07',NULL,0),(612,'playerVirtual83','playerVirtual83_ebdcde3f1c',3,'2018-02-09 00:21:44',NULL,0),(613,'playerVirtual85','playerVirtual85_4246147567',0,'2018-02-09 00:21:58',NULL,0),(614,'playerVirtual85','playerVirtual85_4246147567',0,'2018-02-09 00:21:58',NULL,0),(615,'playerVirtual82','playerVirtual82_4246147567',0,'2018-02-09 00:22:13',NULL,0),(616,'playerVirtual82','playerVirtual82_4246147567',0,'2018-02-09 00:22:13',NULL,0),(617,'playerVirtual84','playerVirtual84_4246147567',0,'2018-02-09 00:22:26',NULL,0),(618,'playerVirtual84','playerVirtual84_4246147567',0,'2018-02-09 00:22:26',NULL,0),(619,'playerVirtual83','playerVirtual83_443b6e514e',4,'2018-02-09 00:22:45',NULL,0),(620,'playerVirtual85','playerVirtual85_e5f64b48a8',3,'2018-02-09 00:22:58',NULL,0),(621,'playerVirtual82','playerVirtual82_379fa138de',3,'2018-02-09 00:23:13',NULL,0),(622,'playerVirtual84','playerVirtual84_c1615d9b62',3,'2018-02-09 00:23:26',NULL,0),(623,'playerVirtual85','playerVirtual85_c2d7c41d14',4,'2018-02-09 00:23:59',NULL,0),(624,'playerVirtual82','playerVirtual82_9a464facbe',4,'2018-02-09 00:24:15',NULL,0),(625,'playerVirtual84','playerVirtual84_8ab3d997f7',4,'2018-02-09 00:24:28',NULL,0),(626,'playerVirtual2','playerVirtual2_640692267',1,'2018-02-09 00:25:17',NULL,0),(627,'playerVirtual2','playerVirtual2_5e82715776',4,'2018-02-09 00:25:17',NULL,0),(628,'playerVirtual2','playerVirtual2_640692267',1,'2018-02-09 00:25:17',NULL,0),(629,'playerVirtual4','playerVirtual4_4246147567',0,'2018-02-09 00:25:20',NULL,0),(630,'playerVirtual4','playerVirtual4_e489dd186d',4,'2018-02-09 00:25:20',NULL,0),(631,'playerVirtual4','playerVirtual4_4246147567',0,'2018-02-09 00:25:21',NULL,0),(632,'playerVirtual9','playerVirtual9_4246147567',0,'2018-02-09 00:25:28',NULL,0),(633,'playerVirtual9','playerVirtual9_bec4174943',4,'2018-02-09 00:25:28',NULL,0),(634,'playerVirtual9','playerVirtual9_4246147567',0,'2018-02-09 00:25:28',NULL,0),(635,'playerVirtual5','playerVirtual5_1438244924',0,'2018-02-09 00:26:00',NULL,0),(636,'playerVirtual5','playerVirtual5_cf922279c0',4,'2018-02-09 00:26:00',NULL,0),(637,'playerVirtual5','playerVirtual5_1438244924',0,'2018-02-09 00:26:00',NULL,0),(638,'playerVirtual0','playerVirtual0_4246147567',0,'2018-02-09 00:27:58',NULL,0),(639,'playerVirtual0','playerVirtual0_8cb18a8189',3,'2018-02-09 00:27:58',NULL,0),(640,'playerVirtual0','playerVirtual0_4246147567',0,'2018-02-09 00:27:58',NULL,0),(641,'playerVirtual10','playerVirtual10_3bbbfcc3d5',4,'2018-02-09 00:28:02',NULL,0),(642,'playerVirtual11','playerVirtual11_6571218',1,'2018-02-09 00:28:43',NULL,0),(643,'playerVirtual11','playerVirtual11_c42471dc4b',4,'2018-02-09 00:28:43',NULL,0),(644,'playerVirtual11','playerVirtual11_6571218',1,'2018-02-09 00:28:43',NULL,0),(645,'playerVirtual87','playerVirtual87_4246147567',0,'2018-02-09 00:28:58',NULL,0),(646,'playerVirtual87','playerVirtual87_4246147567',0,'2018-02-09 00:28:58',NULL,0),(647,'playerVirtual89','playerVirtual89_4246147567',0,'2018-02-09 00:29:11',NULL,0),(648,'playerVirtual89','playerVirtual89_4246147567',0,'2018-02-09 00:29:12',NULL,0),(649,'playerVirtual86','playerVirtual86_4246147567',0,'2018-02-09 00:29:25',NULL,0),(650,'playerVirtual86','playerVirtual86_4246147567',0,'2018-02-09 00:29:25',NULL,0),(651,'playerVirtual88','playerVirtual88_6280643141',0,'2018-02-09 00:29:32',NULL,0),(652,'playerVirtual88','playerVirtual88_6280643141',0,'2018-02-09 00:29:32',NULL,0),(653,'playerVirtual87','playerVirtual87_b5741ed32c',3,'2018-02-09 00:29:59',NULL,0),(654,'playerVirtual89','playerVirtual89_efc6a8d3ba',3,'2018-02-09 00:30:12',NULL,0),(655,'playerVirtual86','playerVirtual86_df40a3ed8c',3,'2018-02-09 00:30:25',NULL,0),(656,'playerVirtual88','playerVirtual88_1b1a3378e8',3,'2018-02-09 00:30:32',NULL,0),(657,'playerVirtual87','playerVirtual87_bc2129d713',4,'2018-02-09 00:31:00',NULL,0),(658,'playerVirtual89','playerVirtual89_7115a9e491',4,'2018-02-09 00:31:13',NULL,0),(659,'playerVirtual86','playerVirtual86_e2a7fde9ea',4,'2018-02-09 00:31:26',NULL,0),(660,'playerVirtual0','playerVirtual0_d6eb8eb020',4,'2018-02-09 00:34:01',NULL,0),(661,'playerVirtual9','playerVirtual9_5814f054c3',3,'2018-02-09 00:34:56',NULL,0),(662,'playerVirtual91','playerVirtual91_6415978528',0,'2018-02-09 00:35:36',NULL,0),(663,'playerVirtual91','playerVirtual91_6415978528',0,'2018-02-09 00:35:36',NULL,0),(664,'playerVirtual92','playerVirtual92_6415979192',0,'2018-02-09 00:35:37',NULL,0),(665,'playerVirtual92','playerVirtual92_6415979192',0,'2018-02-09 00:35:37',NULL,0),(666,'playerVirtual90','playerVirtual90_4246147567',0,'2018-02-09 00:35:43',NULL,0),(667,'playerVirtual90','playerVirtual90_4246147567',0,'2018-02-09 00:35:43',NULL,0),(668,'playerVirtual93','playerVirtual93_4246147567',0,'2018-02-09 00:35:57',NULL,0),(669,'playerVirtual93','playerVirtual93_4246147567',0,'2018-02-09 00:35:57',NULL,0),(670,'playerVirtual91','playerVirtual91_d973e79f68',3,'2018-02-09 00:36:36',NULL,0),(671,'playerVirtual92','playerVirtual92_d32633f3d6',3,'2018-02-09 00:36:37',NULL,0),(672,'playerVirtual90','playerVirtual90_3bcbb2a72c',3,'2018-02-09 00:36:43',NULL,0),(673,'playerVirtual93','playerVirtual93_1d60727207',3,'2018-02-09 00:36:57',NULL,0),(674,'playerVirtual81','playerVirtual81_4246147567',0,'2018-02-09 00:38:06',NULL,0),(675,'playerVirtual81','playerVirtual81_4246147567',0,'2018-02-09 00:38:06',NULL,0),(676,'playerVirtual80','playerVirtual80_990694203',0,'2018-02-09 00:38:10',NULL,0),(677,'playerVirtual80','playerVirtual80_990694203',0,'2018-02-09 00:38:10',NULL,0),(678,'playerVirtual4','playerVirtual4_5e2baf9447',3,'2018-02-09 00:39:00',NULL,0),(679,'playerVirtual81','playerVirtual81_5e613d3096',4,'2018-02-09 00:39:06',NULL,0),(680,'playerVirtual80','playerVirtual80_ab459e4ce1',4,'2018-02-09 00:39:10',NULL,0),(681,'playerVirtual97','playerVirtual97_331141765',0,'2018-02-09 00:42:20',NULL,0),(682,'playerVirtual97','playerVirtual97_331141765',0,'2018-02-09 00:42:20',NULL,0),(683,'playerVirtual94','playerVirtual94_4246147567',0,'2018-02-09 00:42:29',NULL,0),(684,'playerVirtual94','playerVirtual94_4246147567',0,'2018-02-09 00:42:29',NULL,0),(685,'playerVirtual95','playerVirtual95_4246147567',0,'2018-02-09 00:42:42',NULL,0),(686,'playerVirtual95','playerVirtual95_4246147567',0,'2018-02-09 00:42:42',NULL,0),(687,'playerVirtual97','playerVirtual97_ff45b497fb',3,'2018-02-09 00:43:21',NULL,0),(688,'playerVirtual94','playerVirtual94_b92806c8a1',3,'2018-02-09 00:43:29',NULL,0),(689,'playerVirtual95','playerVirtual95_1b3d565c74',3,'2018-02-09 00:43:42',NULL,0),(690,'playerVirtual3','playerVirtual3_359920779',0,'2018-02-09 00:45:49',NULL,0),(691,'playerVirtual3','playerVirtual3_750124c408',3,'2018-02-09 00:45:49',NULL,0),(692,'playerVirtual3','playerVirtual3_359920779',0,'2018-02-09 00:45:49',NULL,0),(693,'playerVirtual96','playerVirtual96_5792765',0,'2018-02-09 00:45:59',NULL,0),(694,'playerVirtual96','playerVirtual96_5792765',0,'2018-02-09 00:45:59',NULL,0),(695,'playerVirtual8','playerVirtual8_6289704471',0,'2018-02-09 00:46:21',NULL,0),(696,'playerVirtual8','playerVirtual8_b974032001',4,'2018-02-09 00:46:21',NULL,0),(697,'playerVirtual8','playerVirtual8_6289704471',0,'2018-02-09 00:46:21',NULL,0),(698,'playerVirtual96','playerVirtual96_ff2e3eae1c',3,'2018-02-09 00:46:59',NULL,0),(699,'playerVirtual88','playerVirtual88_3a945bff88',4,'2018-02-09 00:49:16',NULL,0),(700,'playerVirtual7','playerVirtual7_6453653899',0,'2018-02-09 00:52:08',NULL,0),(701,'playerVirtual7','playerVirtual7_6453653899',0,'2018-02-09 00:52:08',NULL,0),(702,'playerVirtual7','playerVirtual7_d0f7170624',4,'2018-02-09 00:53:08',NULL,0),(703,'playerVirtual6','playerVirtual6_6457070948',0,'2018-02-09 00:57:29',NULL,0),(704,'playerVirtual6','playerVirtual6_6457070948',0,'2018-02-09 00:57:29',NULL,0),(705,'playerVirtual6','playerVirtual6_ba2ceb7b1c',3,'2018-02-09 00:58:29',NULL,0),(706,'playerVirtual2','playerVirtual2_b07af54ce7',3,'2018-02-09 01:00:17',NULL,0),(707,'playerVirtual5','playerVirtual5_2378747961',0,'2018-02-09 01:04:39',NULL,0),(708,'playerVirtual5','playerVirtual5_2378747961',0,'2018-02-09 01:04:39',NULL,0),(709,'playerVirtual5','playerVirtual5_b90cb11c50',3,'2018-02-09 01:05:39',NULL,0),(710,'playerVirtual11','playerVirtual11_4246147567',0,'2018-02-09 01:06:16',NULL,0),(711,'playerVirtual11','playerVirtual11_f4ae6ccb38',3,'2018-02-09 01:06:16',NULL,0),(712,'playerVirtual11','playerVirtual11_4246147567',0,'2018-02-09 01:06:16',NULL,0),(713,'playerVirtual1','playerVirtual1_4246147567',0,'2018-02-09 01:12:41',NULL,0),(714,'playerVirtual1','playerVirtual1_f847d3c5a0',4,'2018-02-09 01:12:41',NULL,0),(715,'playerVirtual1','playerVirtual1_4246147567',0,'2018-02-09 01:12:41',NULL,0),(716,'playerVirtual10','playerVirtual10_4246147567',0,'2018-02-09 01:22:10',NULL,0),(717,'playerVirtual10','playerVirtual10_9c4d7b5be6',3,'2018-02-09 01:22:10',NULL,0),(718,'playerVirtual10','playerVirtual10_4246147567',0,'2018-02-09 01:22:10',NULL,0),(719,'playerVirtual0','playerVirtual0_450512000',1,'2018-02-09 01:31:02',NULL,0),(720,'playerVirtual0','playerVirtual0_0c80e4ffc9',3,'2018-02-09 01:31:02',NULL,0),(721,'playerVirtual0','playerVirtual0_450512000',1,'2018-02-09 01:31:02',NULL,0);
/*!40000 ALTER TABLE `REQUEST` ENABLE KEYS */;
UNLOCK TABLES;

--
-- Table structure for table `STATUS`
--

DROP TABLE IF EXISTS `STATUS`;
/*!40101 SET @saved_cs_client     = @@character_set_client */;
/*!40101 SET character_set_client = utf8 */;
CREATE TABLE `STATUS` (
  `id` int(11) NOT NULL AUTO_INCREMENT,
  `players` int(11) DEFAULT '0',
  `all_requests` int(11) DEFAULT '0',
  `accepts` int(11) DEFAULT '0',
  `rejects` int(11) DEFAULT '0',
  `fairness` float DEFAULT '0',
  `timestamp` timestamp NULL DEFAULT NULL,
  PRIMARY KEY (`id`)
) ENGINE=InnoDB AUTO_INCREMENT=102 DEFAULT CHARSET=utf8;
/*!40101 SET character_set_client = @saved_cs_client */;

--
-- Dumping data for table `STATUS`
--

LOCK TABLES `STATUS` WRITE;
/*!40000 ALTER TABLE `STATUS` DISABLE KEYS */;
INSERT INTO `STATUS` VALUES (1,0,0,0,0,0,'2018-02-08 22:05:26'),(2,14,17,15,2,0.882353,'2018-02-08 22:10:26'),(3,18,42,29,13,0.690476,'2018-02-08 22:15:27'),(4,22,54,35,19,0.648148,'2018-02-08 22:20:27'),(5,26,64,39,25,0.609375,'2018-02-08 22:25:27'),(6,30,74,44,30,0.594595,'2018-02-08 22:30:27'),(7,34,76,44,32,0.578947,'2018-02-08 22:35:27'),(8,38,76,44,32,0.578947,'2018-02-08 22:40:27'),(9,42,80,44,36,0.55,'2018-02-08 22:45:27'),(10,46,83,44,39,0.53012,'2018-02-08 22:50:27'),(11,50,87,44,43,0.505747,'2018-02-08 22:55:27'),(12,54,93,44,49,0.473118,'2018-02-08 23:00:27'),(13,58,96,44,52,0.458333,'2018-02-08 23:05:27'),(14,62,100,44,56,0.44,'2018-02-08 23:10:27'),(15,66,105,44,61,0.419048,'2018-02-08 23:15:27'),(16,70,107,44,63,0.411215,'2018-02-08 23:20:28'),(17,74,110,44,66,0.4,'2018-02-08 23:25:28'),(18,78,111,44,67,0.396396,'2018-02-08 23:30:28'),(19,82,112,44,68,0.392857,'2018-02-08 23:35:28'),(20,86,115,44,71,0.382609,'2018-02-08 23:40:28'),(21,90,115,44,71,0.382609,'2018-02-08 23:45:28'),(22,94,117,44,73,0.376068,'2018-02-08 23:50:28'),(23,98,121,44,77,0.363636,'2018-02-08 23:55:28'),(24,98,123,44,79,0.357724,'2018-02-09 00:00:28'),(25,98,127,44,83,0.346457,'2018-02-09 00:05:28'),(26,98,132,44,88,0.333333,'2018-02-09 00:10:28'),(27,98,133,44,89,0.330827,'2018-02-09 00:15:28'),(28,98,137,44,93,0.321168,'2018-02-09 00:20:28'),(29,98,143,44,99,0.307692,'2018-02-09 00:25:28'),(30,98,149,46,103,0.308725,'2018-02-09 00:30:29'),(31,98,149,46,103,0.308725,'2018-02-09 00:35:29'),(32,98,155,47,108,0.303226,'2018-02-09 00:40:29'),(33,98,158,47,111,0.297468,'2018-02-09 00:45:29'),(34,98,161,48,113,0.298137,'2018-02-09 00:50:29'),(35,98,162,49,113,0.302469,'2018-02-09 00:55:29'),(36,98,163,50,113,0.306748,'2018-02-09 01:00:29'),(37,98,164,51,113,0.310976,'2018-02-09 01:05:29'),(38,98,165,52,113,0.315152,'2018-02-09 01:10:29'),(39,98,166,53,113,0.319277,'2018-02-09 01:15:29'),(40,98,166,53,113,0.319277,'2018-02-09 01:20:30'),(41,98,167,54,113,0.323353,'2018-02-09 01:25:30'),(42,98,167,54,113,0.323353,'2018-02-09 01:30:30'),(43,98,167,54,113,0.323353,'2018-02-09 01:35:30'),(44,98,167,54,113,0.323353,'2018-02-09 01:40:30'),(45,98,167,54,113,0.323353,'2018-02-09 01:45:30'),(46,98,167,54,113,0.323353,'2018-02-09 01:50:30'),(47,98,167,54,113,0.323353,'2018-02-09 01:55:30'),(48,98,167,54,113,0.323353,'2018-02-09 02:00:30'),(49,98,167,54,113,0.323353,'2018-02-09 02:05:31'),(50,98,167,54,113,0.323353,'2018-02-09 02:10:31'),(51,98,167,54,113,0.323353,'2018-02-09 02:15:31'),(52,98,167,54,113,0.323353,'2018-02-09 02:20:31'),(53,98,167,54,113,0.323353,'2018-02-09 02:25:31'),(54,98,167,54,113,0.323353,'2018-02-09 02:30:31'),(55,98,167,54,113,0.323353,'2018-02-09 02:35:31'),(56,98,167,54,113,0.323353,'2018-02-09 02:40:31'),(57,98,167,54,113,0.323353,'2018-02-09 02:45:31'),(58,98,167,54,113,0.323353,'2018-02-09 02:50:31'),(59,98,167,54,113,0.323353,'2018-02-09 02:55:31'),(60,98,167,54,113,0.323353,'2018-02-09 03:00:32'),(61,98,167,54,113,0.323353,'2018-02-09 03:05:32'),(62,98,167,54,113,0.323353,'2018-02-09 03:10:32'),(63,98,167,54,113,0.323353,'2018-02-09 03:15:32'),(64,98,167,54,113,0.323353,'2018-02-09 03:20:32'),(65,98,167,54,113,0.323353,'2018-02-09 03:25:32'),(66,98,167,54,113,0.323353,'2018-02-09 03:30:32'),(67,98,167,54,113,0.323353,'2018-02-09 03:35:32'),(68,98,167,54,113,0.323353,'2018-02-09 03:40:33'),(69,98,167,54,113,0.323353,'2018-02-09 03:45:33'),(70,98,167,54,113,0.323353,'2018-02-09 03:50:33'),(71,98,167,54,113,0.323353,'2018-02-09 03:55:33'),(72,98,167,54,113,0.323353,'2018-02-09 04:00:33'),(73,98,167,54,113,0.323353,'2018-02-09 04:05:33'),(74,98,167,54,113,0.323353,'2018-02-09 04:10:33'),(75,98,167,54,113,0.323353,'2018-02-09 04:15:33'),(76,98,167,54,113,0.323353,'2018-02-09 04:20:33'),(77,98,167,54,113,0.323353,'2018-02-09 04:25:33'),(78,98,167,54,113,0.323353,'2018-02-09 04:30:34'),(79,98,167,54,113,0.323353,'2018-02-09 04:35:34'),(80,98,167,54,113,0.323353,'2018-02-09 04:40:34'),(81,98,167,54,113,0.323353,'2018-02-09 04:45:34'),(82,98,167,54,113,0.323353,'2018-02-09 04:50:34'),(83,98,167,54,113,0.323353,'2018-02-09 04:55:34'),(84,98,167,54,113,0.323353,'2018-02-09 05:00:34'),(85,98,167,54,113,0.323353,'2018-02-09 05:05:34'),(86,98,167,54,113,0.323353,'2018-02-09 05:10:34'),(87,98,167,54,113,0.323353,'2018-02-09 05:15:34'),(88,98,167,54,113,0.323353,'2018-02-09 05:20:35'),(89,98,167,54,113,0.323353,'2018-02-09 05:25:35'),(90,98,167,54,113,0.323353,'2018-02-09 05:30:35'),(91,98,167,54,113,0.323353,'2018-02-09 05:35:35'),(92,98,167,54,113,0.323353,'2018-02-09 05:40:35'),(93,98,167,54,113,0.323353,'2018-02-09 05:45:35'),(94,98,167,54,113,0.323353,'2018-02-09 05:50:35'),(95,98,167,54,113,0.323353,'2018-02-09 05:55:35'),(96,98,167,54,113,0.323353,'2018-02-09 06:00:36'),(97,98,167,54,113,0.323353,'2018-02-09 06:05:36'),(98,98,167,54,113,0.323353,'2018-02-09 06:10:36'),(99,98,167,54,113,0.323353,'2018-02-09 06:15:36'),(100,98,167,54,113,0.323353,'2018-02-09 06:20:36'),(101,98,167,54,113,0.323353,'2018-02-09 06:25:36');
/*!40000 ALTER TABLE `STATUS` ENABLE KEYS */;
UNLOCK TABLES;

--
-- Table structure for table `THRESHOLD`
--

DROP TABLE IF EXISTS `THRESHOLD`;
/*!40101 SET @saved_cs_client     = @@character_set_client */;
/*!40101 SET character_set_client = utf8 */;
CREATE TABLE `THRESHOLD` (
  `division` int(11) NOT NULL,
  `botton` float DEFAULT '0',
  `top` float DEFAULT '0',
  PRIMARY KEY (`division`)
) ENGINE=InnoDB DEFAULT CHARSET=utf8;
/*!40101 SET character_set_client = @saved_cs_client */;

--
-- Dumping data for table `THRESHOLD`
--

LOCK TABLES `THRESHOLD` WRITE;
/*!40000 ALTER TABLE `THRESHOLD` DISABLE KEYS */;
INSERT INTO `THRESHOLD` VALUES (1,5.28,8),(2,2.64,5.28),(3,0,2.64);
/*!40000 ALTER TABLE `THRESHOLD` ENABLE KEYS */;
UNLOCK TABLES;

--
-- Table structure for table `VM`
--

DROP TABLE IF EXISTS `VM`;
/*!40101 SET @saved_cs_client     = @@character_set_client */;
/*!40101 SET character_set_client = utf8 */;
CREATE TABLE `VM` (
  `id` int(11) NOT NULL AUTO_INCREMENT,
  `origin_add` varchar(45) NOT NULL,
  `origin_id` varchar(45) NOT NULL,
  `origin_name` varchar(45) NOT NULL,
  `destiny_add` varchar(45) NOT NULL,
  `destiny_name` varchar(45) NOT NULL,
  `destiny_id` varchar(45) NOT NULL,
  `status` tinyint(1) NOT NULL,
  `vcpus` int(11) NOT NULL,
  `mem` bigint(20) NOT NULL,
  `disk` bigint(20) NOT NULL,
  `timestamp_received` timestamp NULL DEFAULT NULL,
  `timestamp_finished` timestamp NULL DEFAULT NULL,
  PRIMARY KEY (`id`)
) ENGINE=InnoDB AUTO_INCREMENT=168 DEFAULT CHARSET=utf8;
/*!40101 SET character_set_client = @saved_cs_client */;

--
-- Dumping data for table `VM`
--

LOCK TABLES `VM` WRITE;
/*!40000 ALTER TABLE `VM` DISABLE KEYS */;
INSERT INTO `VM` VALUES (1,'192.168.0.200','playerVirtual0_450512000','playerVirtual0','192.168.0.200','playerVirtual1','playerVirtual1_d6dd19015b',3,1,2048,20,'2018-02-08 22:07:55','2018-02-09 01:31:02'),(2,'192.168.0.200','playerVirtual1_1438244924','playerVirtual1','192.168.0.200','playerVirtual0','playerVirtual0_d534691486',3,1,2048,20,'2018-02-08 22:07:57','2018-02-08 22:28:55'),(3,'192.168.0.200','playerVirtual2_640692267','playerVirtual2','192.168.0.200','playerVirtual4','playerVirtual4_f4ae6449d6',3,1,512,1,'2018-02-08 22:08:00','2018-02-09 00:25:17'),(4,'192.168.0.200','playerVirtual4_2381571381','playerVirtual4','192.168.0.200','playerVirtual2','playerVirtual2_899310f0b0',3,1,2048,20,'2018-02-08 22:08:01','2018-02-08 22:30:31'),(5,'192.168.0.200','playerVirtual3_5297461910','playerVirtual3','192.168.0.200','playerVirtual5','playerVirtual5_4b31185109',3,1,512,1,'2018-02-08 22:08:02','2018-02-08 22:52:39'),(6,'192.168.0.200','playerVirtual6_2790332778','playerVirtual6','192.168.0.200','playerVirtual3','playerVirtual3_7b4cb1ff30',1,2,4096,40,'2018-02-08 22:08:05',NULL),(7,'192.168.0.200','playerVirtual5_369721705','playerVirtual5','192.168.0.200','playerVirtual6','playerVirtual6_a003d78496',1,2,4096,40,'2018-02-08 22:08:06',NULL),(8,'192.168.0.200','playerVirtual8_317469422','playerVirtual8','192.168.0.200','playerVirtual9','playerVirtual9_a74c01f5b1',1,2,4096,40,'2018-02-08 22:08:06',NULL),(9,'192.168.0.200','playerVirtual9_6955737','playerVirtual9','192.168.0.200','playerVirtual8','playerVirtual8_b9e3cd3512',3,1,2048,20,'2018-02-08 22:08:06','2018-02-08 22:33:09'),(10,'192.168.0.200','playerVirtual7_257338104','playerVirtual7','192.168.0.200','playerVirtual10','playerVirtual7_257338104',0,2,4096,40,'2018-02-08 22:08:07','2018-02-08 22:08:07'),(11,'192.168.0.200','playerVirtual10_3584940347','playerVirtual10','192.168.0.200','playerVirtual7','playerVirtual7_db99b88ad9',1,1,512,1,'2018-02-08 22:08:24',NULL),(12,'192.168.0.200','playerVirtual13_2433236783','playerVirtual13','192.168.0.200','playerVirtual11','playerVirtual11_6df94dadb9',1,1,2048,20,'2018-02-08 22:08:24',NULL),(13,'192.168.0.200','playerVirtual11_3338579772','playerVirtual11','192.168.0.200','playerVirtual13','playerVirtual13_3d9054a9d7',3,1,2048,20,'2018-02-08 22:08:25','2018-02-08 22:33:02'),(14,'192.168.0.200','playerVirtual12_257407216','playerVirtual12','192.168.0.200','playerVirtual1','playerVirtual1_a08dad6507',1,2,4096,40,'2018-02-08 22:08:26',NULL),(15,'192.168.0.200','playerVirtual0_182859403','playerVirtual0','192.168.0.200','playerVirtual12','playerVirtual0_182859403',0,1,512,1,'2018-02-08 22:10:15','2018-02-08 22:10:15'),(16,'192.168.0.200','playerVirtual1_2359368952','playerVirtual1','192.168.0.200','playerVirtual0','playerVirtual0_f71357b567',3,1,512,1,'2018-02-08 22:10:18','2018-02-08 22:22:40'),(17,'192.168.0.200','playerVirtual2_16917741','playerVirtual2','192.168.0.200','playerVirtual4','playerVirtual4_e634c05a48',3,1,512,1,'2018-02-08 22:10:21','2018-02-08 23:17:30'),(18,'192.168.0.200','playerVirtual4_2545640208','playerVirtual4','192.168.0.200','playerVirtual2','playerVirtual2_db484b4f39',1,1,2048,20,'2018-02-08 22:10:30',NULL),(19,'192.168.0.200','playerVirtual3_908315','playerVirtual3','192.168.0.200','playerVirtual5','playerVirtual5_4035d44ce0',3,1,2048,20,'2018-02-08 22:10:31','2018-02-08 22:43:53'),(20,'192.168.0.200','playerVirtual6_539194189','playerVirtual6','192.168.0.200','playerVirtual3','playerVirtual3_b8e951be3d',3,1,2048,20,'2018-02-08 22:10:39','2018-02-08 22:51:56'),(21,'192.168.0.200','playerVirtual5_4820204870','playerVirtual5','192.168.0.200','playerVirtual6','playerVirtual6_ec05e651ea',3,2,4096,40,'2018-02-08 22:11:20','2018-02-08 22:24:49'),(22,'192.168.0.200','playerVirtual8_8058564','playerVirtual8','192.168.0.200','playerVirtual14','playerVirtual8_8058564',0,1,2048,20,'2018-02-08 22:12:10','2018-02-08 22:12:10'),(23,'192.168.0.200','playerVirtual9_1429160667','playerVirtual9','192.168.0.200','playerVirtual16','playerVirtual9_1429160667',0,1,2048,20,'2018-02-08 22:12:11','2018-02-08 22:12:11'),(24,'192.168.0.200','playerVirtual7_3338010893','playerVirtual7','192.168.0.200','playerVirtual15','playerVirtual7_3338010893',0,1,512,1,'2018-02-08 22:12:12','2018-02-08 22:12:12'),(25,'192.168.0.200','playerVirtual10_82730999','playerVirtual10','192.168.0.200','playerVirtual17','playerVirtual10_82730999',0,1,512,1,'2018-02-08 22:12:34','2018-02-08 22:12:34'),(26,'192.168.0.200','playerVirtual13_351652724','playerVirtual13','192.168.0.200','playerVirtual9','playerVirtual9_cff97b84df',1,1,2048,20,'2018-02-08 22:12:36',NULL),(27,'192.168.0.200','playerVirtual11_6571218','playerVirtual11','192.168.0.200','playerVirtual10','playerVirtual10_2c45db7b48',3,1,2048,20,'2018-02-08 22:12:36','2018-02-09 00:28:43'),(28,'192.168.0.200','playerVirtual12_778566023','playerVirtual12','192.168.0.200','playerVirtual7','playerVirtual7_c21c5726c1',1,1,512,1,'2018-02-08 22:12:38',NULL),(29,'192.168.0.200','playerVirtual0_1436344784','playerVirtual0','192.168.0.200','playerVirtual11','playerVirtual0_1436344784',0,1,2048,20,'2018-02-08 22:14:25','2018-02-08 22:14:25'),(30,'192.168.0.200','playerVirtual1_1339662','playerVirtual1','192.168.0.200','playerVirtual13','playerVirtual1_1339662',0,1,2048,20,'2018-02-08 22:14:28','2018-02-08 22:14:28'),(31,'192.168.0.200','playerVirtual2_317497342','playerVirtual2','192.168.0.200','playerVirtual12','playerVirtual2_317497342',0,1,512,1,'2018-02-08 22:14:32','2018-02-08 22:14:32'),(32,'192.168.0.200','playerVirtual4_284794223','playerVirtual4','192.168.0.200','playerVirtual1','playerVirtual1_e32445c84f',1,1,2048,20,'2018-02-08 22:14:33',NULL),(33,'192.168.0.200','playerVirtual3_359920779','playerVirtual3','192.168.0.200','playerVirtual2','playerVirtual2_a955545f18',3,1,512,1,'2018-02-08 22:14:34','2018-02-08 23:06:52'),(34,'192.168.0.200','playerVirtual6_904011','playerVirtual6','192.168.0.200','playerVirtual5','playerVirtual5_57895675b8',3,1,2048,20,'2018-02-08 22:14:38','2018-02-08 22:44:58'),(35,'192.168.0.200','playerVirtual5_6569547','playerVirtual5','192.168.0.200','playerVirtual3','playerVirtual3_f5a262aa33',1,1,2048,20,'2018-02-08 22:14:42',NULL),(36,'192.168.0.200','playerVirtual8_470485660','playerVirtual8','192.168.0.200','playerVirtual14','playerVirtual8_470485660',0,2,4096,40,'2018-02-08 22:14:43','2018-02-08 22:14:43'),(37,'192.168.0.200','playerVirtual9_30788568','playerVirtual9','192.168.0.200','playerVirtual16','playerVirtual9_30788568',0,1,512,1,'2018-02-08 22:14:46','2018-02-08 22:14:46'),(38,'192.168.0.200','playerVirtual7_5792765','playerVirtual7','192.168.0.200','playerVirtual15','playerVirtual7_5792765',0,1,512,1,'2018-02-08 22:14:48','2018-02-08 22:14:48'),(39,'192.168.0.200','playerVirtual10_38671842','playerVirtual10','192.168.0.200','playerVirtual17','playerVirtual10_38671842',0,1,512,1,'2018-02-08 22:15:12','2018-02-08 22:15:12'),(40,'192.168.0.200','playerVirtual13_400453824','playerVirtual13','192.168.0.200','playerVirtual9','playerVirtual9_d9dbbd0703',1,1,512,1,'2018-02-08 22:15:12',NULL),(41,'192.168.0.200','playerVirtual11_4820318661','playerVirtual11','192.168.0.200','playerVirtual10','playerVirtual10_5a6b98378f',3,2,4096,40,'2018-02-08 22:15:21','2018-02-08 23:57:28'),(42,'192.168.0.200','playerVirtual12_4819935267','playerVirtual12','192.168.0.200','playerVirtual7','playerVirtual7_f61b5da6db',2,2,4096,40,'2018-02-08 22:15:22','2018-02-09 01:06:27'),(43,'192.168.0.200','playerVirtual14_2904109077','playerVirtual14','192.168.0.200','playerVirtual11','playerVirtual14_2904109077',0,1,512,1,'2018-02-08 22:15:40','2018-02-08 22:15:40'),(44,'192.168.0.200','playerVirtual16_257338074','playerVirtual16','192.168.0.200','playerVirtual13','playerVirtual16_257338074',0,2,4096,40,'2018-02-08 22:15:40','2018-02-08 22:15:40'),(45,'192.168.0.200','playerVirtual15_905614','playerVirtual15','192.168.0.200','playerVirtual14','playerVirtual14_0c70f3b108',1,1,2048,20,'2018-02-08 22:15:40',NULL),(46,'192.168.0.200','playerVirtual17_1093460','playerVirtual17','192.168.0.200','playerVirtual16','playerVirtual16_5da405b107',2,1,512,1,'2018-02-08 22:15:41','2018-02-09 00:42:19'),(47,'192.168.0.200','playerVirtual0_4820217293','playerVirtual0','192.168.0.200','playerVirtual18','playerVirtual0_4820217293',0,2,4096,40,'2018-02-08 22:17:15','2018-02-08 22:17:15'),(48,'192.168.0.200','playerVirtual1_6264344062','playerVirtual1','192.168.0.200','playerVirtual20','playerVirtual1_6264344062',0,1,512,1,'2018-02-08 22:17:18','2018-02-08 22:17:18'),(49,'192.168.0.200','playerVirtual2_2378747961','playerVirtual2','192.168.0.200','playerVirtual19','playerVirtual2_2378747961',0,1,512,1,'2018-02-08 22:17:31','2018-02-08 22:17:31'),(50,'192.168.0.200','playerVirtual4_5068098508','playerVirtual4','192.168.0.200','playerVirtual21','playerVirtual4_5068098508',0,1,2048,20,'2018-02-08 22:17:44','2018-02-08 22:17:44'),(51,'192.168.0.200','playerVirtual3_227443932','playerVirtual3','192.168.0.200','playerVirtual0','playerVirtual0_be2ee063de',1,1,2048,20,'2018-02-08 22:18:59',NULL),(52,'192.168.0.200','playerVirtual6_1095593','playerVirtual6','192.168.0.200','playerVirtual4','playerVirtual4_2cee869de8',3,1,512,1,'2018-02-08 22:19:07','2018-02-08 22:33:16'),(53,'192.168.0.200','playerVirtual5_2148750930','playerVirtual5','192.168.0.200','playerVirtual2','playerVirtual2_1661ff1ff3',3,1,2048,20,'2018-02-08 22:19:52','2018-02-08 23:57:09'),(54,'192.168.0.200','playerVirtual14_38676294','playerVirtual14','192.168.0.200','playerVirtual15','playerVirtual15_eadc7a6360',1,1,512,1,'2018-02-08 22:19:58',NULL),(55,'192.168.0.200','playerVirtual8_563574327','playerVirtual8','192.168.0.200','playerVirtual13','playerVirtual8_563574327',0,1,2048,20,'2018-02-08 22:20:46','2018-02-08 22:20:46'),(56,'192.168.0.200','playerVirtual9_765651','playerVirtual9','192.168.0.200','playerVirtual5','playerVirtual5_3745a9468a',1,1,2048,20,'2018-02-08 22:20:50',NULL),(57,'192.168.0.200','playerVirtual7_16915963','playerVirtual7','192.168.0.200','playerVirtual9','playerVirtual9_2db393395a',1,1,2048,20,'2018-02-08 22:20:54',NULL),(58,'192.168.0.200','playerVirtual10_5623125514','playerVirtual10','192.168.0.200','playerVirtual7','playerVirtual7_6b984576ca',1,1,2048,20,'2018-02-08 22:21:18',NULL),(59,'192.168.0.200','playerVirtual13_284757920','playerVirtual13','192.168.0.200','playerVirtual11','playerVirtual11_2104561e33',1,1,2048,20,'2018-02-08 22:21:21',NULL),(60,'192.168.0.200','playerVirtual11_272887063','playerVirtual11','192.168.0.200','playerVirtual18','playerVirtual11_272887063',0,1,2048,20,'2018-02-08 22:21:23','2018-02-08 22:21:23'),(61,'192.168.0.200','playerVirtual20_990694203','playerVirtual20','192.168.0.200','playerVirtual22','playerVirtual20_990694203',0,1,2048,20,'2018-02-08 22:24:43','2018-02-08 22:24:43'),(62,'192.168.0.200','playerVirtual18_6280638724','playerVirtual18','192.168.0.200','playerVirtual24','playerVirtual18_6280638724',0,1,512,1,'2018-02-08 22:24:48','2018-02-08 22:24:48'),(63,'192.168.0.200','playerVirtual19_6280643141','playerVirtual19','192.168.0.200','playerVirtual23','playerVirtual19_6280643141',0,1,512,1,'2018-02-08 22:24:48','2018-02-08 22:24:48'),(64,'192.168.0.200','playerVirtual21_4476462938','playerVirtual21','192.168.0.200','playerVirtual25','playerVirtual21_4476462938',0,1,2048,20,'2018-02-08 22:24:58','2018-02-08 22:24:58'),(65,'192.168.0.200','playerVirtual2_272887063','playerVirtual2','192.168.0.200','playerVirtual6','playerVirtual6_c1d5f16a96',3,1,2048,20,'2018-02-08 22:25:33','2018-02-08 22:59:39'),(66,'192.168.0.200','playerVirtual4_6282149131','playerVirtual4','192.168.0.200','playerVirtual10','playerVirtual4_6282149131',0,1,512,1,'2018-02-08 22:25:35','2018-02-08 22:25:35'),(67,'192.168.0.200','playerVirtual3_2359368952','playerVirtual3','192.168.0.200','playerVirtual1','playerVirtual1_17ac251e99',3,1,512,1,'2018-02-08 22:25:37','2018-02-09 00:13:02'),(68,'192.168.0.200','playerVirtual6_1436323714','playerVirtual6','192.168.0.200','playerVirtual0','playerVirtual0_584460ede5',1,1,2048,20,'2018-02-08 22:25:52',NULL),(69,'192.168.0.200','playerVirtual8_16914091','playerVirtual8','192.168.0.200','playerVirtual13','playerVirtual8_16914091',0,1,2048,20,'2018-02-08 22:26:12','2018-02-08 22:26:12'),(70,'192.168.0.200','playerVirtual9_182859403','playerVirtual9','192.168.0.200','playerVirtual3','playerVirtual3_fa4a69e8f7',2,1,512,1,'2018-02-08 22:26:28','2018-02-08 22:42:38'),(71,'192.168.0.200','playerVirtual7_6641406','playerVirtual7','192.168.0.200','playerVirtual4','playerVirtual4_0a0c3d2b91',1,1,2048,20,'2018-02-08 22:26:34',NULL),(72,'192.168.0.200','playerVirtual10_3338579772','playerVirtual10','192.168.0.200','playerVirtual26','playerVirtual10_3338579772',0,1,2048,20,'2018-02-08 22:27:50','2018-02-08 22:27:50'),(73,'192.168.0.200','playerVirtual13_2381571381','playerVirtual13','192.168.0.200','playerVirtual27','playerVirtual13_2381571381',0,1,2048,20,'2018-02-08 22:27:59','2018-02-08 22:27:59'),(74,'192.168.0.200','playerVirtual0_2378747961','playerVirtual0','192.168.0.200','playerVirtual28','playerVirtual0_2378747961',0,1,512,1,'2018-02-08 22:29:04','2018-02-08 22:29:04'),(75,'192.168.0.200','playerVirtual5_1438244924','playerVirtual5','192.168.0.200','playerVirtual29','playerVirtual5_1438244924',0,1,2048,20,'2018-02-08 22:32:19','2018-02-08 22:32:19'),(76,'192.168.0.200','playerVirtual3_6296268057','playerVirtual3','192.168.0.200','playerVirtual30','playerVirtual3_6296268057',0,1,512,1,'2018-02-08 22:34:52','2018-02-08 22:34:52'),(77,'192.168.0.200','playerVirtual8_6289704471','playerVirtual8','192.168.0.200','playerVirtual31','playerVirtual8_6289704471',0,1,2048,20,'2018-02-08 22:40:51','2018-02-08 22:40:51'),(78,'192.168.0.200','playerVirtual7_1095593','playerVirtual7','192.168.0.200','playerVirtual33','playerVirtual7_1095593',0,1,512,1,'2018-02-08 22:41:06','2018-02-08 22:41:06'),(79,'192.168.0.200','playerVirtual10_182859403','playerVirtual10','192.168.0.200','playerVirtual32','playerVirtual10_182859403',0,1,512,1,'2018-02-08 22:42:10','2018-02-08 22:42:10'),(80,'192.168.0.200','playerVirtual29_6301942525','playerVirtual29','192.168.0.200','playerVirtual34','playerVirtual29_6301942525',0,1,512,1,'2018-02-08 22:42:26','2018-02-08 22:42:26'),(81,'192.168.0.200','playerVirtual2_6289704471','playerVirtual2','192.168.0.200','playerVirtual35','playerVirtual2_6289704471',0,1,2048,20,'2018-02-08 22:47:22','2018-02-08 22:47:22'),(82,'192.168.0.200','playerVirtual5_4246147567','playerVirtual5','192.168.0.200','playerVirtual36','playerVirtual5_4246147567',0,2,4096,40,'2018-02-08 22:47:50','2018-02-08 22:47:50'),(83,'192.168.0.200','playerVirtual11_5068098508','playerVirtual11','192.168.0.200','playerVirtual37','playerVirtual11_5068098508',0,1,2048,20,'2018-02-08 22:48:19','2018-02-08 22:48:19'),(84,'192.168.0.200','playerVirtual1_4246147567','playerVirtual1','192.168.0.200','playerVirtual38','playerVirtual1_4246147567',0,2,4096,40,'2018-02-08 22:51:20','2018-02-08 22:51:20'),(85,'192.168.0.200','playerVirtual31_4246147567','playerVirtual31','192.168.0.200','playerVirtual39','playerVirtual31_4246147567',0,2,4096,40,'2018-02-08 22:52:27','2018-02-08 22:52:27'),(86,'192.168.0.200','playerVirtual33_6315250734','playerVirtual33','192.168.0.200','playerVirtual41','playerVirtual33_6315250734',0,1,512,1,'2018-02-08 22:52:34','2018-02-08 22:52:34'),(87,'192.168.0.200','playerVirtual32_4246147567','playerVirtual32','192.168.0.200','playerVirtual40','playerVirtual32_4246147567',0,2,4096,40,'2018-02-08 22:52:42','2018-02-08 22:52:42'),(88,'192.168.0.200','playerVirtual10_4246147567','playerVirtual10','192.168.0.200','playerVirtual42','playerVirtual10_4246147567',0,2,4096,40,'2018-02-08 22:56:15','2018-02-08 22:56:15'),(89,'192.168.0.200','playerVirtual4_4246147567','playerVirtual4','192.168.0.200','playerVirtual43','playerVirtual4_4246147567',0,2,4096,40,'2018-02-08 22:57:24','2018-02-08 22:57:24'),(90,'192.168.0.200','playerVirtual9_4246147567','playerVirtual9','192.168.0.200','playerVirtual45','playerVirtual9_4246147567',0,2,4096,40,'2018-02-08 22:58:52','2018-02-08 22:58:52'),(91,'192.168.0.200','playerVirtual35_4246147567','playerVirtual35','192.168.0.200','playerVirtual44','playerVirtual35_4246147567',0,2,4096,40,'2018-02-08 22:59:17','2018-02-08 22:59:17'),(92,'192.168.0.200','playerVirtual36_4246147567','playerVirtual36','192.168.0.200','playerVirtual46','playerVirtual36_4246147567',0,2,4096,40,'2018-02-08 22:59:29','2018-02-08 22:59:29'),(93,'192.168.0.200','playerVirtual37_1095593','playerVirtual37','192.168.0.200','playerVirtual47','playerVirtual37_1095593',0,1,512,1,'2018-02-08 22:59:37','2018-02-08 22:59:37'),(94,'192.168.0.200','playerVirtual0_4246147567','playerVirtual0','192.168.0.200','playerVirtual48','playerVirtual0_4246147567',0,2,4096,40,'2018-02-08 23:01:51','2018-02-08 23:01:51'),(95,'192.168.0.200','playerVirtual38_4246147567','playerVirtual38','192.168.0.200','playerVirtual49','playerVirtual38_4246147567',0,2,4096,40,'2018-02-08 23:05:06','2018-02-08 23:05:06'),(96,'192.168.0.200','playerVirtual39_4246147567','playerVirtual39','192.168.0.200','playerVirtual50','playerVirtual39_4246147567',0,2,4096,40,'2018-02-08 23:05:20','2018-02-08 23:05:20'),(97,'192.168.0.200','playerVirtual41_4246147567','playerVirtual41','192.168.0.200','playerVirtual51','playerVirtual41_4246147567',0,2,4096,40,'2018-02-08 23:05:34','2018-02-08 23:05:34'),(98,'192.168.0.200','playerVirtual40_4246147567','playerVirtual40','192.168.0.200','playerVirtual53','playerVirtual40_4246147567',0,2,4096,40,'2018-02-08 23:05:47','2018-02-08 23:05:47'),(99,'192.168.0.200','playerVirtual7_6344084916','playerVirtual7','192.168.0.200','playerVirtual52','playerVirtual7_6344084916',0,1,512,1,'2018-02-08 23:09:43','2018-02-08 23:09:43'),(100,'192.168.0.200','playerVirtual8_4246147567','playerVirtual8','192.168.0.200','playerVirtual54','playerVirtual8_4246147567',0,2,4096,40,'2018-02-08 23:10:03','2018-02-08 23:10:03'),(101,'192.168.0.200','playerVirtual44_4246147567','playerVirtual44','192.168.0.200','playerVirtual57','playerVirtual44_4246147567',0,2,4096,40,'2018-02-08 23:12:30','2018-02-08 23:12:30'),(102,'192.168.0.200','playerVirtual6_4246147567','playerVirtual6','192.168.0.200','playerVirtual55','playerVirtual6_4246147567',0,2,4096,40,'2018-02-08 23:13:50','2018-02-08 23:13:50'),(103,'192.168.0.200','playerVirtual42_4246147567','playerVirtual42','192.168.0.200','playerVirtual56','playerVirtual42_4246147567',0,2,4096,40,'2018-02-08 23:13:58','2018-02-08 23:13:58'),(104,'192.168.0.200','playerVirtual43_990694203','playerVirtual43','192.168.0.200','playerVirtual58','playerVirtual43_990694203',0,1,2048,20,'2018-02-08 23:13:58','2018-02-08 23:13:58'),(105,'192.168.0.200','playerVirtual45_4246147567','playerVirtual45','192.168.0.200','playerVirtual59','playerVirtual45_4246147567',0,2,4096,40,'2018-02-08 23:14:13','2018-02-08 23:14:13'),(106,'192.168.0.200','playerVirtual49_4246147567','playerVirtual49','192.168.0.200','playerVirtual60','playerVirtual49_4246147567',0,2,4096,40,'2018-02-08 23:18:38','2018-02-08 23:18:38'),(107,'192.168.0.200','playerVirtual5_1436344784','playerVirtual5','192.168.0.200','playerVirtual61','playerVirtual5_1436344784',0,1,2048,20,'2018-02-08 23:19:27','2018-02-08 23:19:27'),(108,'192.168.0.200','playerVirtual48_82730999','playerVirtual48','192.168.0.200','playerVirtual62','playerVirtual48_82730999',0,1,512,1,'2018-02-08 23:20:29','2018-02-08 23:20:29'),(109,'192.168.0.200','playerVirtual11_4246147567','playerVirtual11','192.168.0.200','playerVirtual63','playerVirtual11_4246147567',0,2,4096,40,'2018-02-08 23:20:31','2018-02-08 23:20:31'),(110,'192.168.0.200','playerVirtual1_4246147567','playerVirtual1','192.168.0.200','playerVirtual64','playerVirtual1_4246147567',0,2,4096,40,'2018-02-08 23:23:17','2018-02-08 23:23:17'),(111,'192.168.0.200','playerVirtual3_4246147567','playerVirtual3','192.168.0.200','playerVirtual65','playerVirtual3_4246147567',0,2,4096,40,'2018-02-08 23:26:37','2018-02-08 23:26:37'),(112,'192.168.0.200','playerVirtual4_4246147567','playerVirtual4','192.168.0.200','playerVirtual66','playerVirtual4_4246147567',0,2,4096,40,'2018-02-08 23:35:08','2018-02-08 23:35:08'),(113,'192.168.0.200','playerVirtual9_4246147567','playerVirtual9','192.168.0.200','playerVirtual67','playerVirtual9_4246147567',0,2,4096,40,'2018-02-08 23:36:08','2018-02-08 23:36:08'),(114,'192.168.0.200','playerVirtual0_4246147567','playerVirtual0','192.168.0.200','playerVirtual68','playerVirtual0_4246147567',0,2,4096,40,'2018-02-08 23:38:52','2018-02-08 23:38:52'),(115,'192.168.0.200','playerVirtual2_5297461910','playerVirtual2','192.168.0.200','playerVirtual69','playerVirtual2_5297461910',0,1,512,1,'2018-02-08 23:39:22','2018-02-08 23:39:22'),(116,'192.168.0.200','playerVirtual65_16917741','playerVirtual65','192.168.0.200','playerVirtual70','playerVirtual65_16917741',0,1,512,1,'2018-02-08 23:48:26','2018-02-08 23:48:26'),(117,'192.168.0.200','playerVirtual8_4246147567','playerVirtual8','192.168.0.200','playerVirtual71','playerVirtual8_4246147567',0,2,4096,40,'2018-02-08 23:49:45','2018-02-08 23:49:45'),(118,'192.168.0.200','playerVirtual7_4246147567','playerVirtual7','192.168.0.200','playerVirtual72','playerVirtual7_4246147567',0,2,4096,40,'2018-02-08 23:50:30','2018-02-08 23:50:30'),(119,'192.168.0.200','playerVirtual67_539194189','playerVirtual67','192.168.0.200','playerVirtual73','playerVirtual67_539194189',0,1,2048,20,'2018-02-08 23:55:04','2018-02-08 23:55:04'),(120,'192.168.0.200','playerVirtual66_4246147567','playerVirtual66','192.168.0.200','playerVirtual75','playerVirtual66_4246147567',0,2,4096,40,'2018-02-08 23:55:08','2018-02-08 23:55:08'),(121,'192.168.0.200','playerVirtual68_4246147567','playerVirtual68','192.168.0.200','playerVirtual77','playerVirtual68_4246147567',0,2,4096,40,'2018-02-08 23:55:21','2018-02-08 23:55:21'),(122,'192.168.0.200','playerVirtual69_4246147567','playerVirtual69','192.168.0.200','playerVirtual74','playerVirtual69_4246147567',0,2,4096,40,'2018-02-08 23:55:36','2018-02-08 23:55:36'),(123,'192.168.0.200','playerVirtual6_4246147567','playerVirtual6','192.168.0.200','playerVirtual76','playerVirtual6_4246147567',0,2,4096,40,'2018-02-08 23:55:58','2018-02-08 23:55:58'),(124,'192.168.0.200','playerVirtual70_4246147567','playerVirtual70','192.168.0.200','playerVirtual79','playerVirtual70_4246147567',0,2,4096,40,'2018-02-09 00:03:00','2018-02-09 00:03:00'),(125,'192.168.0.200','playerVirtual71_990694203','playerVirtual71','192.168.0.200','playerVirtual81','playerVirtual71_990694203',0,1,2048,20,'2018-02-09 00:03:05','2018-02-09 00:03:05'),(126,'192.168.0.200','playerVirtual72_4246147567','playerVirtual72','192.168.0.200','playerVirtual78','playerVirtual72_4246147567',0,2,4096,40,'2018-02-09 00:03:17','2018-02-09 00:03:17'),(127,'192.168.0.200','playerVirtual73_359920779','playerVirtual73','192.168.0.200','playerVirtual80','playerVirtual73_359920779',0,1,512,1,'2018-02-09 00:03:23','2018-02-09 00:03:23'),(128,'192.168.0.200','playerVirtual1_6289704471','playerVirtual1','192.168.0.200','playerVirtual83','playerVirtual1_6289704471',0,1,2048,20,'2018-02-09 00:07:14','2018-02-09 00:07:14'),(129,'192.168.0.200','playerVirtual75_4246147567','playerVirtual75','192.168.0.200','playerVirtual85','playerVirtual75_4246147567',0,2,4096,40,'2018-02-09 00:07:50','2018-02-09 00:07:50'),(130,'192.168.0.200','playerVirtual77_6391421427','playerVirtual77','192.168.0.200','playerVirtual82','playerVirtual77_6391421427',0,1,512,1,'2018-02-09 00:08:53','2018-02-09 00:08:53'),(131,'192.168.0.200','playerVirtual74_4246147567','playerVirtual74','192.168.0.200','playerVirtual84','playerVirtual74_4246147567',0,2,4096,40,'2018-02-09 00:09:04','2018-02-09 00:09:04'),(132,'192.168.0.200','playerVirtual76_4246147567','playerVirtual76','192.168.0.200','playerVirtual87','playerVirtual76_4246147567',0,2,4096,40,'2018-02-09 00:09:17','2018-02-09 00:09:17'),(133,'192.168.0.200','playerVirtual10_990694203','playerVirtual10','192.168.0.200','playerVirtual89','playerVirtual10_990694203',0,1,2048,20,'2018-02-09 00:13:04','2018-02-09 00:13:04'),(134,'192.168.0.200','playerVirtual79_4246147567','playerVirtual79','192.168.0.200','playerVirtual86','playerVirtual79_4246147567',0,2,4096,40,'2018-02-09 00:15:36','2018-02-09 00:15:36'),(135,'192.168.0.200','playerVirtual81_6400066596','playerVirtual81','192.168.0.200','playerVirtual88','playerVirtual81_6400066596',0,1,512,1,'2018-02-09 00:15:42','2018-02-09 00:15:42'),(136,'192.168.0.200','playerVirtual78_4246147567','playerVirtual78','192.168.0.200','playerVirtual91','playerVirtual78_4246147567',0,2,4096,40,'2018-02-09 00:15:53','2018-02-09 00:15:53'),(137,'192.168.0.200','playerVirtual80_6401302061','playerVirtual80','192.168.0.200','playerVirtual92','playerVirtual80_6401302061',0,1,512,1,'2018-02-09 00:16:04','2018-02-09 00:16:04'),(138,'192.168.0.200','playerVirtual83_4246147567','playerVirtual83','192.168.0.200','playerVirtual90','playerVirtual83_4246147567',0,2,4096,40,'2018-02-09 00:20:44','2018-02-09 00:20:44'),(139,'192.168.0.200','playerVirtual85_4246147567','playerVirtual85','192.168.0.200','playerVirtual93','playerVirtual85_4246147567',0,2,4096,40,'2018-02-09 00:21:58','2018-02-09 00:21:58'),(140,'192.168.0.200','playerVirtual82_4246147567','playerVirtual82','192.168.0.200','playerVirtual97','playerVirtual82_4246147567',0,2,4096,40,'2018-02-09 00:22:13','2018-02-09 00:22:13'),(141,'192.168.0.200','playerVirtual84_4246147567','playerVirtual84','192.168.0.200','playerVirtual94','playerVirtual84_4246147567',0,2,4096,40,'2018-02-09 00:22:26','2018-02-09 00:22:26'),(142,'192.168.0.200','playerVirtual4_4246147567','playerVirtual4','192.168.0.200','playerVirtual95','playerVirtual4_4246147567',0,2,4096,40,'2018-02-09 00:25:21','2018-02-09 00:25:21'),(143,'192.168.0.200','playerVirtual9_4246147567','playerVirtual9','192.168.0.200','playerVirtual96','playerVirtual9_4246147567',0,2,4096,40,'2018-02-09 00:25:28','2018-02-09 00:25:28'),(144,'192.168.0.200','playerVirtual5_1438244924','playerVirtual5','192.168.0.200','playerVirtual8','playerVirtual8_985ef506e1',1,1,2048,20,'2018-02-09 00:26:00',NULL),(145,'192.168.0.200','playerVirtual0_4246147567','playerVirtual0','192.168.0.200','playerVirtual2','playerVirtual2_e538c4d921',1,2,4096,40,'2018-02-09 00:27:58',NULL),(146,'192.168.0.200','playerVirtual87_4246147567','playerVirtual87','192.168.0.200','playerVirtual11','playerVirtual87_4246147567',0,2,4096,40,'2018-02-09 00:28:58','2018-02-09 00:28:58'),(147,'192.168.0.200','playerVirtual89_4246147567','playerVirtual89','192.168.0.200','playerVirtual10','playerVirtual89_4246147567',0,2,4096,40,'2018-02-09 00:29:12','2018-02-09 00:29:12'),(148,'192.168.0.200','playerVirtual86_4246147567','playerVirtual86','192.168.0.200','playerVirtual73','playerVirtual86_4246147567',0,2,4096,40,'2018-02-09 00:29:25','2018-02-09 00:29:25'),(149,'192.168.0.200','playerVirtual88_6280643141','playerVirtual88','192.168.0.200','playerVirtual74','playerVirtual88_6280643141',0,1,512,1,'2018-02-09 00:29:32','2018-02-09 00:29:32'),(150,'192.168.0.200','playerVirtual91_6415978528','playerVirtual91','192.168.0.200','playerVirtual76','playerVirtual91_6415978528',0,1,512,1,'2018-02-09 00:35:36','2018-02-09 00:35:36'),(151,'192.168.0.200','playerVirtual92_6415979192','playerVirtual92','192.168.0.200','playerVirtual79','playerVirtual92_6415979192',0,1,512,1,'2018-02-09 00:35:37','2018-02-09 00:35:37'),(152,'192.168.0.200','playerVirtual90_4246147567','playerVirtual90','192.168.0.200','playerVirtual81','playerVirtual90_4246147567',0,2,4096,40,'2018-02-09 00:35:43','2018-02-09 00:35:43'),(153,'192.168.0.200','playerVirtual93_4246147567','playerVirtual93','192.168.0.200','playerVirtual78','playerVirtual93_4246147567',0,2,4096,40,'2018-02-09 00:35:57','2018-02-09 00:35:57'),(154,'192.168.0.200','playerVirtual81_4246147567','playerVirtual81','192.168.0.200','playerVirtual80','playerVirtual80_9fadbb172e',1,2,4096,40,'2018-02-09 00:38:06',NULL),(155,'192.168.0.200','playerVirtual80_990694203','playerVirtual80','192.168.0.200','playerVirtual83','playerVirtual80_990694203',0,1,2048,20,'2018-02-09 00:38:10','2018-02-09 00:38:10'),(156,'192.168.0.200','playerVirtual97_331141765','playerVirtual97','192.168.0.200','playerVirtual85','playerVirtual97_331141765',0,1,512,1,'2018-02-09 00:42:20','2018-02-09 00:42:20'),(157,'192.168.0.200','playerVirtual94_4246147567','playerVirtual94','192.168.0.200','playerVirtual82','playerVirtual94_4246147567',0,2,4096,40,'2018-02-09 00:42:29','2018-02-09 00:42:29'),(158,'192.168.0.200','playerVirtual95_4246147567','playerVirtual95','192.168.0.200','playerVirtual84','playerVirtual95_4246147567',0,2,4096,40,'2018-02-09 00:42:42','2018-02-09 00:42:42'),(159,'192.168.0.200','playerVirtual3_359920779','playerVirtual3','192.168.0.200','playerVirtual89','playerVirtual3_359920779',0,1,512,1,'2018-02-09 00:45:49','2018-02-09 00:45:49'),(160,'192.168.0.200','playerVirtual96_5792765','playerVirtual96','192.168.0.200','playerVirtual86','playerVirtual96_5792765',0,1,512,1,'2018-02-09 00:45:59','2018-02-09 00:45:59'),(161,'192.168.0.200','playerVirtual8_6289704471','playerVirtual8','192.168.0.200','playerVirtual3','playerVirtual3_7e10f7b482',1,1,2048,20,'2018-02-09 00:46:21',NULL),(162,'192.168.0.200','playerVirtual7_6453653899','playerVirtual7','192.168.0.200','playerVirtual5','playerVirtual5_d9e4b2d450',1,1,512,1,'2018-02-09 00:52:08',NULL),(163,'192.168.0.200','playerVirtual6_6457070948','playerVirtual6','192.168.0.200','playerVirtual9','playerVirtual9_edea050f6a',1,1,512,1,'2018-02-09 00:57:29',NULL),(164,'192.168.0.200','playerVirtual5_2378747961','playerVirtual5','192.168.0.200','playerVirtual7','playerVirtual7_e786097379',1,1,512,1,'2018-02-09 01:04:39',NULL),(165,'192.168.0.200','playerVirtual11_4246147567','playerVirtual11','192.168.0.200','playerVirtual10','playerVirtual10_8db74c778a',1,2,4096,40,'2018-02-09 01:06:16',NULL),(166,'192.168.0.200','playerVirtual1_4246147567','playerVirtual1','192.168.0.200','playerVirtual6','playerVirtual6_49a2b03ac1',1,2,4096,40,'2018-02-09 01:12:41',NULL),(167,'192.168.0.200','playerVirtual10_4246147567','playerVirtual10','192.168.0.200','playerVirtual11','playerVirtual11_ab87a60a9b',1,2,4096,40,'2018-02-09 01:22:10',NULL);
/*!40000 ALTER TABLE `VM` ENABLE KEYS */;
UNLOCK TABLES;
/*!40103 SET TIME_ZONE=@OLD_TIME_ZONE */;

/*!40101 SET SQL_MODE=@OLD_SQL_MODE */;
/*!40014 SET FOREIGN_KEY_CHECKS=@OLD_FOREIGN_KEY_CHECKS */;
/*!40014 SET UNIQUE_CHECKS=@OLD_UNIQUE_CHECKS */;
/*!40101 SET CHARACTER_SET_CLIENT=@OLD_CHARACTER_SET_CLIENT */;
/*!40101 SET CHARACTER_SET_RESULTS=@OLD_CHARACTER_SET_RESULTS */;
/*!40101 SET COLLATION_CONNECTION=@OLD_COLLATION_CONNECTION */;
/*!40111 SET SQL_NOTES=@OLD_SQL_NOTES */;

-- Dump completed on 2018-02-09  1:25:53
