-- MySQL dump 10.14  Distrib 5.5.58-MariaDB, for debian-linux-gnu (x86_64)
--
-- Host: localhost    Database: mct
-- ------------------------------------------------------
-- Server version	5.5.58-MariaDB-1ubuntu0.14.04.1

/*!40101 SET @OLD_CHARACTER_SET_CLIENT=@@CHARACTER_SET_CLIENT */;
/*!40101 SET @OLD_CHARACTER_SET_RESULTS=@@CHARACTER_SET_RESULTS */;
/*!40101 SET @OLD_COLLATION_CONNECTION=@@COLLATION_CONNECTION */;
/*!40101 SET NAMES utf8 */;
/*!40103 SET @OLD_TIME_ZONE=@@TIME_ZONE */;
/*!40103 SET TIME_ZONE='+00:00' */;
/*!40014 SET @OLD_UNIQUE_CHECKS=@@UNIQUE_CHECKS, UNIQUE_CHECKS=0 */;
/*!40014 SET @OLD_FOREIGN_KEY_CHECKS=@@FOREIGN_KEY_CHECKS, FOREIGN_KEY_CHECKS=0 */;
/*!40101 SET @OLD_SQL_MODE=@@SQL_MODE, SQL_MODE='NO_AUTO_VALUE_ON_ZERO' */;
/*!40111 SET @OLD_SQL_NOTES=@@SQL_NOTES, SQL_NOTES=0 */;

--
-- Table structure for table `FIELDS`
--

DROP TABLE IF EXISTS `FIELDS`;
/*!40101 SET @saved_cs_client     = @@character_set_client */;
/*!40101 SET character_set_client = utf8 */;
CREATE TABLE `FIELDS` (
  `operation` int(11) NOT NULL,
  `fields` varchar(45) NOT NULL,
  PRIMARY KEY (`operation`)
) ENGINE=InnoDB DEFAULT CHARSET=utf8;
/*!40101 SET character_set_client = @saved_cs_client */;

--
-- Dumping data for table `FIELDS`
--

LOCK TABLES `FIELDS` WRITE;
/*!40000 ALTER TABLE `FIELDS` DISABLE KEYS */;
INSERT INTO `FIELDS` VALUES (0,'name mem image vcpus disk uuid');
/*!40000 ALTER TABLE `FIELDS` ENABLE KEYS */;
UNLOCK TABLES;

--
-- Table structure for table `PLAYER`
--

DROP TABLE IF EXISTS `PLAYER`;
/*!40101 SET @saved_cs_client     = @@character_set_client */;
/*!40101 SET character_set_client = utf8 */;
CREATE TABLE `PLAYER` (
  `id` int(11) NOT NULL AUTO_INCREMENT,
  `name` varchar(45) NOT NULL,
  `address` varchar(45) NOT NULL,
  `division` int(11) DEFAULT NULL,
  `score` float DEFAULT '0',
  `history` int(11) DEFAULT '0',
  `fairness` float DEFAULT '0',
  `accepts` int(11) DEFAULT '0',
  `rejects` int(11) DEFAULT '0',
  `running` int(11) DEFAULT '0',
  `finished` int(11) DEFAULT '0',
  `problem_del` int(11) DEFAULT '0',
  `vcpus` int(11) DEFAULT '0',
  `memory` bigint(20) DEFAULT '0',
  `local_gb` bigint(20) DEFAULT '0',
  `vcpus_used` bigint(20) DEFAULT '0',
  `memory_used` bigint(20) DEFAULT '0',
  `local_gb_used` bigint(20) DEFAULT '0',
  `max_instance` int(11) DEFAULT '0',
  `token` varchar(45) DEFAULT NULL,
  `suspend` timestamp NULL DEFAULT NULL,
  `enabled` int(11) DEFAULT '0',
  `last_choice` timestamp NOT NULL DEFAULT '2018-01-01 02:00:00',
  `playoff` tinyint(1) DEFAULT '0',
  PRIMARY KEY (`id`)
) ENGINE=InnoDB AUTO_INCREMENT=28 DEFAULT CHARSET=utf8;
/*!40101 SET character_set_client = @saved_cs_client */;

--
-- Dumping data for table `PLAYER`
--

LOCK TABLES `PLAYER` WRITE;
/*!40000 ALTER TABLE `PLAYER` DISABLE KEYS */;
INSERT INTO `PLAYER` VALUES (1,'playerVirtual1','192.168.0.200',4,-2,0,1,1,2,0,1,0,1023,1047552,10230,0,0,0,1,'edee6259128b284af8b01bb84f6dcbfa5ef23e4b',NULL,0,'2018-02-27 21:52:56',1),(2,'playerVirtual2','192.168.0.200',1,11.28,30,0.625,7,0,6,1,0,1023,1047552,10230,10,18944,181,9,'1c4e0882764a83a51f914f347c6d9b61173d50fd',NULL,1,'2018-02-27 23:41:01',0),(3,'playerVirtual3','192.168.0.200',3,1.32,28,0.866667,2,2,2,0,0,1023,1047552,10230,3,4608,41,2,'c96affa50baf9f235ba6c7408dadce0829f20eba',NULL,1,'2018-02-28 00:03:42',0),(4,'playerVirtual4','192.168.0.200',1,9.97,27,0.769231,13,0,8,5,0,1023,1047552,10230,8,7168,46,9,'5ab4b6d2ca62aa58c3507c73dcbb5e26760dc406',NULL,1,'2018-02-28 00:11:17',0),(5,'playerVirtual0','192.168.0.200',4,-6,0,0,0,3,0,0,0,1023,1047552,10230,0,0,0,99,'59942880f13152955db3f39f77737d31ea197583',NULL,0,'2018-02-27 22:03:06',1),(6,'playerVirtual5','192.168.0.200',2,6.64,26,0.8,9,0,5,4,0,1023,1047552,10230,5,5632,43,5,'763650c9488014f608380f499a8f06114335b9e8',NULL,1,'2018-02-28 00:11:45',0),(7,'playerVirtual6','192.168.0.200',2,8.63,25,1,10,0,6,4,0,1023,1047552,10230,8,16384,160,7,'9eb53d16cdb2331301caf405b310fd882d39165e',NULL,1,'2018-02-27 23:57:26',0),(8,'playerVirtual1804','192.168.0.200',4,-6,0,0,0,3,0,0,0,1023,1047552,10230,0,0,0,99,'cfd10aa0de0d34f9cdc9f12f85875a8e4f453af3',NULL,0,'2018-02-27 22:13:01',1),(9,'playerVirtual7','192.168.0.200',3,1.33,24,0,1,0,1,0,0,1023,1047552,10230,1,512,1,1,'04ed3e5a3dcb8abe99128946710a03772240cb5d',NULL,1,'2018-02-27 22:11:09',0),(10,'playerVirtual8','192.168.0.200',1,9.3,23,0.875,10,0,6,4,0,1023,1047552,10230,8,13312,122,9,'bec1fc8dc0ee2bb4ed552d034db6c04e027e202e',NULL,1,'2018-02-28 00:11:19',0),(11,'playerVirtual9','192.168.0.200',2,6.64,22,0.75,5,0,2,3,0,1023,1047552,10230,2,2560,21,2,'d4f13cb0a70e49a1176c1b250113f1490904aa0c',NULL,1,'2018-02-27 23:44:29',0),(12,'playerVirtual1271','192.168.0.200',4,-6,0,0,0,3,0,0,0,1023,1047552,10230,0,0,0,99,'0d5adc9b1345d6596cec00dee46c9a9ef9fbe100',NULL,0,'2018-02-27 22:27:48',1),(13,'playerVirtual10','192.168.0.200',3,3.99,21,0.714286,8,0,8,0,0,1023,1047552,10230,8,11776,103,8,'020de18f3519571395705953c90f4446aa37d68c',NULL,1,'2018-02-27 23:19:00',0),(14,'playerVirtual11','192.168.0.200',3,1.99,20,0.833333,5,0,1,4,0,1023,1047552,10230,1,2048,20,3,'d5db0087763418b6a1ac13c3f861c73ff6a346c0',NULL,1,'2018-02-28 00:10:38',0),(15,'playerVirtual1937','192.168.0.200',4,-4,0,0,0,2,0,0,0,1023,1047552,10230,0,0,0,99,'7cfc034d21e23ebfa3ddd1ca8e61ac647eb288a7',NULL,0,'2018-02-27 22:37:44',1),(16,'playerVirtual12','192.168.0.200',2,6.64,19,1,6,0,3,3,0,1023,1047552,10230,3,4608,41,3,'016ad52b7b7b5531d6e3f8559bfccd0c15a43413',NULL,1,'2018-02-28 00:03:55',0),(17,'playerVirtual13','192.168.0.200',2,7.31,18,0.75,6,0,2,4,0,1023,1047552,10230,2,1024,2,5,'b3e14ec110beade96af88786272a03a195c34e19',NULL,1,'2018-02-27 23:57:08',0),(18,'playerVirtual1368','192.168.0.200',4,-2,0,0,0,1,0,0,0,1023,1047552,10230,0,0,0,99,'cdaff5b34e238730a5f49b081adc965784bcfe83',NULL,0,'2018-02-27 22:44:05',1),(19,'playerVirtual14','192.168.0.200',2,6.64,17,0.75,5,0,4,1,0,1023,1047552,10230,5,7168,62,5,'a036f0a46622dc172723d4bb6051b2f1093cb5c6',NULL,1,'2018-02-28 00:00:23',0),(20,'playerVirtual15','192.168.0.200',2,5.31,16,1,5,0,3,2,0,1023,1047552,10230,5,8704,81,5,'36f9407e33fa71449c25d169690c12215a3dd7e2',NULL,1,'2018-02-28 00:12:13',0),(21,'playerVirtual16','192.168.0.200',3,3.99,15,0.5,3,0,3,0,0,1023,1047552,10230,3,1536,3,3,'5de1adc8bdb0579e13941b887565823e26a531d7',NULL,1,'2018-02-27 23:38:07',0),(22,'playerVirtual1239','192.168.0.200',4,-2,0,0,0,1,0,0,0,1023,1047552,10230,0,0,0,99,'81cf8de4e313c2358629b7ced2c20b1716535b12',NULL,0,'2018-02-27 23:01:36',1),(23,'playerVirtual17','192.168.0.200',3,0,14,0,1,0,1,0,0,1023,1047552,10230,1,2048,20,1,'782ecac41aafee27f413e15911755d2a575550fa',NULL,1,'2018-02-27 23:03:13',0),(24,'playerVirtual18','192.168.0.200',2,5.97,13,0,4,0,1,3,0,1023,1047552,10230,2,4096,40,3,'b7dfb1a63ca56cfc03b2e328e25d7ed492ad6b02',NULL,1,'2018-02-28 00:10:27',0),(25,'playerVirtual19','192.168.0.200',2,5.97,12,1,4,0,1,3,0,1023,1047552,10230,1,2048,20,7,'fd02998778c9473f61c6a79f359e5b0d608f95f7',NULL,1,'2018-02-28 00:13:54',0),(26,'playerVirtual1691','192.168.0.200',4,-2,0,0,0,1,0,0,0,1023,1047552,10230,0,0,0,99,'7ebe2968b990759b6aa0c5301988a5570df009d4',NULL,0,'2018-02-27 23:21:07',1),(27,'playerVirtual1909','192.168.0.200',4,-2,0,0,0,1,0,0,0,1023,1047552,10230,0,0,0,99,'24d526c5dfa1ff47df395bcd4108e0e159e1ef96',NULL,0,'2018-02-27 23:47:09',1);
/*!40000 ALTER TABLE `PLAYER` ENABLE KEYS */;
UNLOCK TABLES;

--
-- Table structure for table `REQUEST`
--

DROP TABLE IF EXISTS `REQUEST`;
/*!40101 SET @saved_cs_client     = @@character_set_client */;
/*!40101 SET character_set_client = utf8 */;
CREATE TABLE `REQUEST` (
  `id` int(11) NOT NULL AUTO_INCREMENT,
  `player_id` varchar(45) NOT NULL,
  `request_id` varchar(45) NOT NULL,
  `action` int(11) NOT NULL,
  `timestamp_received` timestamp NULL DEFAULT NULL,
  `timestamp_finished` timestamp NULL DEFAULT NULL,
  `status` int(11) NOT NULL,
  PRIMARY KEY (`id`)
) ENGINE=InnoDB AUTO_INCREMENT=591 DEFAULT CHARSET=utf8;
/*!40101 SET character_set_client = @saved_cs_client */;

--
-- Dumping data for table `REQUEST`
--

LOCK TABLES `REQUEST` WRITE;
/*!40000 ALTER TABLE `REQUEST` DISABLE KEYS */;
INSERT INTO `REQUEST` VALUES (1,'playerVirtual1','playerVirtual1_2621f14b9d',4,'2018-02-27 21:45:35',NULL,0),(2,'playerVirtual2','playerVirtual2_442a577429',4,'2018-02-27 21:45:35',NULL,0),(3,'playerVirtual1','playerVirtual1_450512000',0,'2018-02-27 21:46:36',NULL,0),(4,'playerVirtual1','playerVirtual1_450512000',0,'2018-02-27 21:46:37',NULL,0),(5,'playerVirtual2','playerVirtual2_1438244924',0,'2018-02-27 21:46:38',NULL,0),(6,'playerVirtual2','playerVirtual2_1438244924',0,'2018-02-27 21:46:39',NULL,0),(7,'playerVirtual1','playerVirtual1_c976cd6c0f',3,'2018-02-27 21:47:36',NULL,0),(8,'playerVirtual2','playerVirtual2_fa9803b1bb',3,'2018-02-27 21:47:39',NULL,0),(9,'playerVirtual1','playerVirtual1_640692267',0,'2018-02-27 21:48:42',NULL,0),(10,'playerVirtual1','playerVirtual1_640692267',0,'2018-02-27 21:48:42',NULL,0),(11,'playerVirtual2','playerVirtual2_2381571381',0,'2018-02-27 21:48:43',NULL,0),(12,'playerVirtual2','playerVirtual2_2381571381',0,'2018-02-27 21:48:43',NULL,0),(13,'playerVirtual1','playerVirtual1_22e19fce08',4,'2018-02-27 21:49:42',NULL,0),(14,'playerVirtual2','playerVirtual2_eef625bfe1',4,'2018-02-27 21:49:43',NULL,0),(15,'playerVirtual3','playerVirtual3_1d8ff9b139',4,'2018-02-27 21:50:33',NULL,0),(16,'playerVirtual1','playerVirtual1_5297461910',0,'2018-02-27 21:50:45',NULL,0),(17,'playerVirtual1','playerVirtual1_5297461910',0,'2018-02-27 21:50:45',NULL,0),(18,'playerVirtual2','playerVirtual2_2790332778',0,'2018-02-27 21:50:50',NULL,0),(19,'playerVirtual2','playerVirtual2_2790332778',0,'2018-02-27 21:50:50',NULL,0),(20,'playerVirtual1','playerVirtual1_090eeea12c',3,'2018-02-27 21:51:45',NULL,0),(21,'playerVirtual3','playerVirtual3_369721705',0,'2018-02-27 21:51:45',NULL,0),(22,'playerVirtual3','playerVirtual3_369721705',0,'2018-02-27 21:51:46',NULL,0),(23,'playerVirtual2','playerVirtual2_335797af93',3,'2018-02-27 21:51:50',NULL,0),(24,'playerVirtual3','playerVirtual3_045af6b7da',3,'2018-02-27 21:52:45',NULL,0),(25,'playerVirtual1','playerVirtual1_317469422',0,'2018-02-27 21:52:54',NULL,0),(26,'playerVirtual1','playerVirtual1_317469422',0,'2018-02-27 21:52:55',NULL,0),(27,'playerVirtual2','playerVirtual2_6955737',0,'2018-02-27 21:52:56',NULL,0),(28,'playerVirtual2','playerVirtual2_6955737',0,'2018-02-27 21:52:56',NULL,0),(29,'playerVirtual3','playerVirtual3_257338104',0,'2018-02-27 21:53:47',NULL,0),(30,'playerVirtual3','playerVirtual3_257338104',0,'2018-02-27 21:53:47',NULL,0),(31,'playerVirtual1','playerVirtual1_33a0ae8f69',4,'2018-02-27 21:53:55',NULL,0),(32,'playerVirtual2','playerVirtual2_c03f48c2a1',4,'2018-02-27 21:53:56',NULL,0),(33,'playerVirtual3','playerVirtual3_900d4b8a57',4,'2018-02-27 21:54:47',NULL,0),(34,'playerVirtual2','playerVirtual2_2433236783',0,'2018-02-27 21:55:04',NULL,0),(35,'playerVirtual2','playerVirtual2_2433236783',0,'2018-02-27 21:55:05',NULL,0),(36,'playerVirtual4','playerVirtual4_11349ce809',4,'2018-02-27 21:55:35',NULL,0),(37,'playerVirtual0','playerVirtual0_45504abbfe',4,'2018-02-27 21:55:42',NULL,0),(38,'playerVirtual3','playerVirtual3_3338579772',0,'2018-02-27 21:56:00',NULL,0),(39,'playerVirtual3','playerVirtual3_3338579772',0,'2018-02-27 21:56:00',NULL,0),(40,'playerVirtual2','playerVirtual2_26fb2a7d32',3,'2018-02-27 21:56:05',NULL,0),(41,'playerVirtual4','playerVirtual4_257407216',0,'2018-02-27 21:56:49',NULL,0),(42,'playerVirtual3','playerVirtual3_e9c462e27d',3,'2018-02-27 21:57:00',NULL,0),(43,'playerVirtual0','playerVirtual0_182859403',0,'2018-02-27 21:57:03',NULL,0),(44,'playerVirtual2','playerVirtual2_2359368952',0,'2018-02-27 21:57:21',NULL,0),(45,'playerVirtual2','playerVirtual2_2359368952',0,'2018-02-27 21:57:21',NULL,0),(46,'playerVirtual4','playerVirtual4_c24bbd6af6',3,'2018-02-27 21:57:49',NULL,0),(47,'playerVirtual0','playerVirtual0_9cbbd96b48',3,'2018-02-27 21:58:03',NULL,0),(48,'playerVirtual3','playerVirtual3_16917741',0,'2018-02-27 21:58:15',NULL,0),(49,'playerVirtual3','playerVirtual3_16917741',0,'2018-02-27 21:58:15',NULL,0),(50,'playerVirtual2','playerVirtual2_2aaac441d5',4,'2018-02-27 21:58:21',NULL,0),(51,'playerVirtual4','playerVirtual4_2545640208',0,'2018-02-27 21:59:12',NULL,0),(52,'playerVirtual4','playerVirtual4_2545640208',0,'2018-02-27 21:59:12',NULL,0),(53,'playerVirtual3','playerVirtual3_27a9c99271',4,'2018-02-27 21:59:15',NULL,0),(54,'playerVirtual0','playerVirtual0_908315',0,'2018-02-27 21:59:19',NULL,0),(55,'playerVirtual2','playerVirtual2_539194189',0,'2018-02-27 21:59:50',NULL,0),(56,'playerVirtual2','playerVirtual2_539194189',0,'2018-02-27 21:59:51',NULL,0),(57,'playerVirtual4','playerVirtual4_d9380844c8',4,'2018-02-27 22:00:12',NULL,0),(58,'playerVirtual0','playerVirtual0_84f92e42e8',4,'2018-02-27 22:00:20',NULL,0),(59,'playerVirtual5','playerVirtual5_e3b0d88839',4,'2018-02-27 22:00:31',NULL,0),(60,'playerVirtual2','playerVirtual2_bf84b1d8dd',3,'2018-02-27 22:00:50',NULL,0),(61,'playerVirtual3','playerVirtual3_4820204870',0,'2018-02-27 22:01:27',NULL,0),(62,'playerVirtual3','playerVirtual3_4820204870',0,'2018-02-27 22:01:28',NULL,0),(63,'playerVirtual3','playerVirtual3_a772bdc5c9',3,'2018-02-27 22:02:27',NULL,0),(64,'playerVirtual4','playerVirtual4_8058564',0,'2018-02-27 22:03:06',NULL,0),(65,'playerVirtual4','playerVirtual4_8058564',0,'2018-02-27 22:03:06',NULL,0),(66,'playerVirtual0','playerVirtual0_1429160667',0,'2018-02-27 22:03:21',NULL,0),(67,'playerVirtual2','playerVirtual2_82730999',0,'2018-02-27 22:03:44',NULL,0),(68,'playerVirtual2','playerVirtual2_82730999',0,'2018-02-27 22:03:44',NULL,0),(69,'playerVirtual5','playerVirtual5_3338010893',0,'2018-02-27 22:03:49',NULL,0),(70,'playerVirtual4','playerVirtual4_eeb25eb029',3,'2018-02-27 22:04:06',NULL,0),(71,'playerVirtual0','playerVirtual0_f3fbc33418',3,'2018-02-27 22:04:21',NULL,0),(72,'playerVirtual3','playerVirtual3_351652724',0,'2018-02-27 22:04:40',NULL,0),(73,'playerVirtual3','playerVirtual3_351652724',0,'2018-02-27 22:04:40',NULL,0),(74,'playerVirtual2','playerVirtual2_c7eb5f3316',4,'2018-02-27 22:04:44',NULL,0),(75,'playerVirtual5','playerVirtual5_51655fc6f3',3,'2018-02-27 22:04:49',NULL,0),(76,'playerVirtual6','playerVirtual6_7b666a2f8f',4,'2018-02-27 22:05:34',NULL,0),(77,'playerVirtual4','playerVirtual4_6571218',0,'2018-02-27 22:05:36',NULL,0),(78,'playerVirtual4','playerVirtual4_6571218',0,'2018-02-27 22:05:37',NULL,0),(79,'playerVirtual3','playerVirtual3_374d81aef6',4,'2018-02-27 22:05:40',NULL,0),(80,'playerVirtual5','playerVirtual5_1339662',0,'2018-02-27 22:06:03',NULL,0),(81,'playerVirtual5','playerVirtual5_1339662',0,'2018-02-27 22:06:03',NULL,0),(82,'playerVirtual2','playerVirtual2_1436344784',0,'2018-02-27 22:06:21',NULL,0),(83,'playerVirtual2','playerVirtual2_1436344784',0,'2018-02-27 22:06:22',NULL,0),(84,'playerVirtual4','playerVirtual4_470bedf322',4,'2018-02-27 22:06:37',NULL,0),(85,'playerVirtual5','playerVirtual5_e9d079a8b6',4,'2018-02-27 22:07:03',NULL,0),(86,'playerVirtual2','playerVirtual2_d23c9a87d1',3,'2018-02-27 22:07:21',NULL,0),(87,'playerVirtual1804','playerVirtual1804_504cee4cff',4,'2018-02-27 22:07:52',NULL,0),(88,'playerVirtual3','playerVirtual3_284794223',0,'2018-02-27 22:08:00',NULL,0),(89,'playerVirtual3','playerVirtual3_284794223',0,'2018-02-27 22:08:01',NULL,0),(90,'playerVirtual3','playerVirtual3_0e02d505e3',3,'2018-02-27 22:09:00',NULL,0),(91,'playerVirtual6','playerVirtual6_317497342',0,'2018-02-27 22:09:06',NULL,0),(92,'playerVirtual4','playerVirtual4_359920779',0,'2018-02-27 22:09:39',NULL,0),(93,'playerVirtual4','playerVirtual4_359920779',0,'2018-02-27 22:09:39',NULL,0),(94,'playerVirtual6','playerVirtual6_724c66c705',3,'2018-02-27 22:10:06',NULL,0),(95,'playerVirtual2','playerVirtual2_2904109077',0,'2018-02-27 22:10:18',NULL,0),(96,'playerVirtual2','playerVirtual2_2904109077',0,'2018-02-27 22:10:18',NULL,0),(97,'playerVirtual5','playerVirtual5_904011',0,'2018-02-27 22:10:22',NULL,0),(98,'playerVirtual5','playerVirtual5_904011',0,'2018-02-27 22:10:23',NULL,0),(99,'playerVirtual7','playerVirtual7_add44cdb2d',4,'2018-02-27 22:10:34',NULL,0),(100,'playerVirtual4','playerVirtual4_c0114e195a',3,'2018-02-27 22:10:39',NULL,0),(101,'playerVirtual6','playerVirtual6_1093460',0,'2018-02-27 22:11:09',NULL,0),(102,'playerVirtual6','playerVirtual6_1093460',0,'2018-02-27 22:11:09',NULL,0),(103,'playerVirtual3','playerVirtual3_905614',0,'2018-02-27 22:11:14',NULL,0),(104,'playerVirtual3','playerVirtual3_905614',0,'2018-02-27 22:11:14',NULL,0),(105,'playerVirtual2','playerVirtual2_464d3934da',4,'2018-02-27 22:11:18',NULL,0),(106,'playerVirtual5','playerVirtual5_cf3171564c',3,'2018-02-27 22:11:22',NULL,0),(107,'playerVirtual1804','playerVirtual1804_257338074',0,'2018-02-27 22:11:25',NULL,0),(108,'playerVirtual6','playerVirtual6_2b9c0901dd',4,'2018-02-27 22:12:09',NULL,0),(109,'playerVirtual4','playerVirtual4_470485660',0,'2018-02-27 22:12:13',NULL,0),(110,'playerVirtual4','playerVirtual4_470485660',0,'2018-02-27 22:12:13',NULL,0),(111,'playerVirtual3','playerVirtual3_e31829c9aa',4,'2018-02-27 22:12:14',NULL,0),(112,'playerVirtual1804','playerVirtual1804_adc07cc1de',3,'2018-02-27 22:12:25',NULL,0),(113,'playerVirtual5','playerVirtual5_5792765',0,'2018-02-27 22:12:44',NULL,0),(114,'playerVirtual5','playerVirtual5_5792765',0,'2018-02-27 22:12:44',NULL,0),(115,'playerVirtual2','playerVirtual2_30788568',0,'2018-02-27 22:13:01',NULL,0),(116,'playerVirtual2','playerVirtual2_30788568',0,'2018-02-27 22:13:02',NULL,0),(117,'playerVirtual4','playerVirtual4_469ded0128',4,'2018-02-27 22:13:13',NULL,0),(118,'playerVirtual5','playerVirtual5_095a2a14cd',4,'2018-02-27 22:13:44',NULL,0),(119,'playerVirtual1804','playerVirtual1804_4820318661',0,'2018-02-27 22:13:47',NULL,0),(120,'playerVirtual2','playerVirtual2_8cc88b4daa',3,'2018-02-27 22:14:01',NULL,0),(121,'playerVirtual7','playerVirtual7_6569547',0,'2018-02-27 22:14:09',NULL,0),(122,'playerVirtual3','playerVirtual3_400453824',0,'2018-02-27 22:14:48',NULL,0),(123,'playerVirtual3','playerVirtual3_400453824',0,'2018-02-27 22:14:48',NULL,0),(124,'playerVirtual7','playerVirtual7_5fce32cf57',3,'2018-02-27 22:15:09',NULL,0),(125,'playerVirtual8','playerVirtual8_b5e2ab5f2b',4,'2018-02-27 22:15:34',NULL,0),(126,'playerVirtual3','playerVirtual3_beda41f7de',3,'2018-02-27 22:15:48',NULL,0),(127,'playerVirtual6','playerVirtual6_38671842',0,'2018-02-27 22:15:54',NULL,0),(128,'playerVirtual6','playerVirtual6_38671842',0,'2018-02-27 22:15:54',NULL,0),(129,'playerVirtual4','playerVirtual4_4819935267',0,'2018-02-27 22:16:36',NULL,0),(130,'playerVirtual4','playerVirtual4_4819935267',0,'2018-02-27 22:16:36',NULL,0),(131,'playerVirtual7','playerVirtual7_5068098508',0,'2018-02-27 22:16:47',NULL,0),(132,'playerVirtual6','playerVirtual6_427b809bc0',3,'2018-02-27 22:16:54',NULL,0),(133,'playerVirtual2','playerVirtual2_6264344062',0,'2018-02-27 22:17:18',NULL,0),(134,'playerVirtual2','playerVirtual2_6264344062',0,'2018-02-27 22:17:18',NULL,0),(135,'playerVirtual5','playerVirtual5_4820217293',0,'2018-02-27 22:17:22',NULL,0),(136,'playerVirtual5','playerVirtual5_4820217293',0,'2018-02-27 22:17:23',NULL,0),(137,'playerVirtual4','playerVirtual4_cccb612f01',3,'2018-02-27 22:17:36',NULL,0),(138,'playerVirtual7','playerVirtual7_3ba95b2469',4,'2018-02-27 22:17:47',NULL,0),(139,'playerVirtual2','playerVirtual2_29cd22f650',4,'2018-02-27 22:18:18',NULL,0),(140,'playerVirtual5','playerVirtual5_a49c9c251f',3,'2018-02-27 22:18:22',NULL,0),(141,'playerVirtual6','playerVirtual6_2148750930',0,'2018-02-27 22:19:41',NULL,0),(142,'playerVirtual6','playerVirtual6_2148750930',0,'2018-02-27 22:19:41',NULL,0),(143,'playerVirtual3','playerVirtual3_1095593',0,'2018-02-27 22:19:42',NULL,0),(144,'playerVirtual3','playerVirtual3_1095593',0,'2018-02-27 22:19:42',NULL,0),(145,'playerVirtual9','playerVirtual9_9e17cf0e69',4,'2018-02-27 22:20:32',NULL,0),(146,'playerVirtual1271','playerVirtual1271_cbc00663ca',4,'2018-02-27 22:20:40',NULL,0),(147,'playerVirtual6','playerVirtual6_471782262a',4,'2018-02-27 22:20:41',NULL,0),(148,'playerVirtual3','playerVirtual3_7d4ddda39b',4,'2018-02-27 22:20:42',NULL,0),(149,'playerVirtual4','playerVirtual4_563574327',0,'2018-02-27 22:20:50',NULL,0),(150,'playerVirtual4','playerVirtual4_563574327',0,'2018-02-27 22:20:50',NULL,0),(151,'playerVirtual8','playerVirtual8_227443932',0,'2018-02-27 22:21:01',NULL,0),(152,'playerVirtual8','playerVirtual8_227443932',0,'2018-02-27 22:21:01',NULL,0),(153,'playerVirtual2','playerVirtual2_32af11d1d0',3,'2018-02-27 22:21:13',NULL,0),(154,'playerVirtual5','playerVirtual5_16915963',0,'2018-02-27 22:21:26',NULL,0),(155,'playerVirtual5','playerVirtual5_16915963',0,'2018-02-27 22:21:26',NULL,0),(156,'playerVirtual4','playerVirtual4_37930fdc8a',4,'2018-02-27 22:21:51',NULL,0),(157,'playerVirtual8','playerVirtual8_3649e7d9ba',3,'2018-02-27 22:22:01',NULL,0),(158,'playerVirtual5','playerVirtual5_8d5b5c9815',4,'2018-02-27 22:22:26',NULL,0),(159,'playerVirtual7','playerVirtual7_765651',0,'2018-02-27 22:22:48',NULL,0),(160,'playerVirtual3','playerVirtual3_6274355716',0,'2018-02-27 22:23:39',NULL,0),(161,'playerVirtual3','playerVirtual3_6274355716',0,'2018-02-27 22:23:39',NULL,0),(162,'playerVirtual7','playerVirtual7_455ed51924',3,'2018-02-27 22:23:48',NULL,0),(163,'playerVirtual3','playerVirtual3_34a844f6e1',3,'2018-02-27 22:24:39',NULL,0),(164,'playerVirtual6','playerVirtual6_272887063',0,'2018-02-27 22:24:42',NULL,0),(165,'playerVirtual6','playerVirtual6_272887063',0,'2018-02-27 22:24:43',NULL,0),(166,'playerVirtual8','playerVirtual8_4820204870',0,'2018-02-27 22:24:43',NULL,0),(167,'playerVirtual8','playerVirtual8_4820204870',0,'2018-02-27 22:24:43',NULL,0),(168,'playerVirtual2','playerVirtual2_38676294',0,'2018-02-27 22:25:10',NULL,0),(169,'playerVirtual2','playerVirtual2_38676294',0,'2018-02-27 22:25:10',NULL,0),(170,'playerVirtual10','playerVirtual10_c8fb50c071',4,'2018-02-27 22:25:37',NULL,0),(171,'playerVirtual6','playerVirtual6_eb19edd982',3,'2018-02-27 22:25:42',NULL,0),(172,'playerVirtual8','playerVirtual8_3ca59bebc7',4,'2018-02-27 22:25:43',NULL,0),(173,'playerVirtual2','playerVirtual2_2d38285d3b',4,'2018-02-27 22:26:10',NULL,0),(174,'playerVirtual9','playerVirtual9_5623125514',0,'2018-02-27 22:26:17',NULL,0),(175,'playerVirtual9','playerVirtual9_5623125514',0,'2018-02-27 22:26:17',NULL,0),(176,'playerVirtual1271','playerVirtual1271_284757920',0,'2018-02-27 22:26:25',NULL,0),(177,'playerVirtual4','playerVirtual4_182859403',0,'2018-02-27 22:26:30',NULL,0),(178,'playerVirtual4','playerVirtual4_182859403',0,'2018-02-27 22:26:30',NULL,0),(179,'playerVirtual9','playerVirtual9_afe41dda18',3,'2018-02-27 22:27:17',NULL,0),(180,'playerVirtual1271','playerVirtual1271_73813903eb',3,'2018-02-27 22:27:25',NULL,0),(181,'playerVirtual7','playerVirtual7_990694203',0,'2018-02-27 22:27:26',NULL,0),(182,'playerVirtual4','playerVirtual4_dd9e68b391',3,'2018-02-27 22:27:30',NULL,0),(183,'playerVirtual5','playerVirtual5_990694203',0,'2018-02-27 22:27:48',NULL,0),(184,'playerVirtual5','playerVirtual5_990694203',0,'2018-02-27 22:27:48',NULL,0),(185,'playerVirtual7','playerVirtual7_e0e485c65a',4,'2018-02-27 22:28:26',NULL,0),(186,'playerVirtual5','playerVirtual5_c6c2bbed34',3,'2018-02-27 22:28:48',NULL,0),(187,'playerVirtual3','playerVirtual3_4820204870',1,'2018-02-27 22:29:50',NULL,0),(188,'playerVirtual3','playerVirtual3_54f14132a0',4,'2018-02-27 22:29:50',NULL,0),(189,'playerVirtual3','playerVirtual3_4820204870',1,'2018-02-27 22:29:50',NULL,0),(190,'playerVirtual6','playerVirtual6_6280643141',0,'2018-02-27 22:30:25',NULL,0),(191,'playerVirtual6','playerVirtual6_6280643141',0,'2018-02-27 22:30:25',NULL,0),(192,'playerVirtual9','playerVirtual9_6282149131',0,'2018-02-27 22:30:34',NULL,0),(193,'playerVirtual9','playerVirtual9_6282149131',0,'2018-02-27 22:30:34',NULL,0),(194,'playerVirtual11','playerVirtual11_1293ce8ba7',4,'2018-02-27 22:30:37',NULL,0),(195,'playerVirtual4','playerVirtual4_182859403',1,'2018-02-27 22:30:58',NULL,0),(196,'playerVirtual4','playerVirtual4_bb4f98cfaf',4,'2018-02-27 22:30:58',NULL,0),(197,'playerVirtual4','playerVirtual4_182859403',1,'2018-02-27 22:30:59',NULL,0),(198,'playerVirtual2','playerVirtual2_272887063',0,'2018-02-27 22:31:14',NULL,0),(199,'playerVirtual2','playerVirtual2_272887063',0,'2018-02-27 22:31:15',NULL,0),(200,'playerVirtual6','playerVirtual6_2525a73427',4,'2018-02-27 22:31:25',NULL,0),(201,'playerVirtual9','playerVirtual9_3b8893d323',4,'2018-02-27 22:31:34',NULL,0),(202,'playerVirtual5','playerVirtual5_281a7e517f',4,'2018-02-27 22:31:53',NULL,0),(203,'playerVirtual8','playerVirtual8_4476462938',0,'2018-02-27 22:31:55',NULL,0),(204,'playerVirtual8','playerVirtual8_4476462938',0,'2018-02-27 22:31:56',NULL,0),(205,'playerVirtual2','playerVirtual2_a5bbbfe779',3,'2018-02-27 22:32:15',NULL,0),(206,'playerVirtual1937','playerVirtual1937_fce568923e',4,'2018-02-27 22:32:50',NULL,0),(207,'playerVirtual8','playerVirtual8_643141c4bb',3,'2018-02-27 22:32:55',NULL,0),(208,'playerVirtual10','playerVirtual10_6280638724',0,'2018-02-27 22:33:21',NULL,0),(209,'playerVirtual10','playerVirtual10_6280638724',0,'2018-02-27 22:33:21',NULL,0),(210,'playerVirtual7','playerVirtual7_f5146ec7ca',3,'2018-02-27 22:33:27',NULL,0),(211,'playerVirtual3','playerVirtual3_1436323714',0,'2018-02-27 22:33:54',NULL,0),(212,'playerVirtual3','playerVirtual3_1436323714',0,'2018-02-27 22:33:54',NULL,0),(213,'playerVirtual10','playerVirtual10_9d03603303',3,'2018-02-27 22:34:21',NULL,0),(214,'playerVirtual3','playerVirtual3_9994548919',3,'2018-02-27 22:34:54',NULL,0),(215,'playerVirtual12','playerVirtual12_1800155007',4,'2018-02-27 22:35:32',NULL,0),(216,'playerVirtual6','playerVirtual6_272887063',1,'2018-02-27 22:35:42',NULL,0),(217,'playerVirtual6','playerVirtual6_c947415ecc',3,'2018-02-27 22:35:42',NULL,0),(218,'playerVirtual6','playerVirtual6_272887063',1,'2018-02-27 22:35:43',NULL,0),(219,'playerVirtual8','playerVirtual8_6285257156',0,'2018-02-27 22:36:35',NULL,0),(220,'playerVirtual8','playerVirtual8_6285257156',0,'2018-02-27 22:36:35',NULL,0),(221,'playerVirtual2','playerVirtual2_182859403',0,'2018-02-27 22:36:53',NULL,0),(222,'playerVirtual2','playerVirtual2_182859403',0,'2018-02-27 22:36:53',NULL,0),(223,'playerVirtual4','playerVirtual4_214880781',0,'2018-02-27 22:36:56',NULL,0),(224,'playerVirtual4','playerVirtual4_214880781',0,'2018-02-27 22:36:56',NULL,0),(225,'playerVirtual10','playerVirtual10_6955737',0,'2018-02-27 22:37:08',NULL,0),(226,'playerVirtual10','playerVirtual10_6955737',0,'2018-02-27 22:37:09',NULL,0),(227,'playerVirtual8','playerVirtual8_7991be13f6',4,'2018-02-27 22:37:35',NULL,0),(228,'playerVirtual9','playerVirtual9_1094955',0,'2018-02-27 22:37:44',NULL,0),(229,'playerVirtual9','playerVirtual9_1094955',0,'2018-02-27 22:37:44',NULL,0),(230,'playerVirtual2','playerVirtual2_89848db0dc',4,'2018-02-27 22:37:53',NULL,0),(231,'playerVirtual4','playerVirtual4_ebb87b95e3',3,'2018-02-27 22:37:56',NULL,0),(232,'playerVirtual10','playerVirtual10_25ee84e061',4,'2018-02-27 22:38:09',NULL,0),(233,'playerVirtual5','playerVirtual5_16914091',0,'2018-02-27 22:38:18',NULL,0),(234,'playerVirtual5','playerVirtual5_16914091',0,'2018-02-27 22:38:18',NULL,0),(235,'playerVirtual9','playerVirtual9_127139be94',3,'2018-02-27 22:38:44',NULL,0),(236,'playerVirtual7','playerVirtual7_6955737',0,'2018-02-27 22:38:45',NULL,0),(237,'playerVirtual11','playerVirtual11_682797',0,'2018-02-27 22:39:00',NULL,0),(238,'playerVirtual11','playerVirtual11_682797',0,'2018-02-27 22:39:00',NULL,0),(239,'playerVirtual5','playerVirtual5_e91888a2d2',3,'2018-02-27 22:39:18',NULL,0),(240,'playerVirtual7','playerVirtual7_ceac795460',4,'2018-02-27 22:39:45',NULL,0),(241,'playerVirtual11','playerVirtual11_aadf7d0c34',3,'2018-02-27 22:40:00',NULL,0),(242,'playerVirtual13','playerVirtual13_07a6fabf7c',4,'2018-02-27 22:40:35',NULL,0),(243,'playerVirtual3','playerVirtual3_1438244924',0,'2018-02-27 22:41:28',NULL,0),(244,'playerVirtual3','playerVirtual3_1438244924',0,'2018-02-27 22:41:28',NULL,0),(245,'playerVirtual6','playerVirtual6_2381571381',0,'2018-02-27 22:42:13',NULL,0),(246,'playerVirtual6','playerVirtual6_2381571381',0,'2018-02-27 22:42:13',NULL,0),(247,'playerVirtual3','playerVirtual3_1fcdb0ddb0',4,'2018-02-27 22:42:28',NULL,0),(248,'playerVirtual6','playerVirtual6_df6fd7229d',4,'2018-02-27 22:43:13',NULL,0),(249,'playerVirtual4','playerVirtual4_6289355687',0,'2018-02-27 22:43:21',NULL,0),(250,'playerVirtual4','playerVirtual4_6289355687',0,'2018-02-27 22:43:22',NULL,0),(251,'playerVirtual11','playerVirtual11_794070039',0,'2018-02-27 22:43:34',NULL,0),(252,'playerVirtual2','playerVirtual2_213bc8f78f',3,'2018-02-27 22:43:34',NULL,0),(253,'playerVirtual11','playerVirtual11_794070039',0,'2018-02-27 22:43:35',NULL,0),(254,'playerVirtual1368','playerVirtual1368_e8938ccd1d',4,'2018-02-27 22:43:44',NULL,0),(255,'playerVirtual9','playerVirtual9_6289704471',0,'2018-02-27 22:44:05',NULL,0),(256,'playerVirtual9','playerVirtual9_6289704471',0,'2018-02-27 22:44:06',NULL,0),(257,'playerVirtual4','playerVirtual4_203f2aea02',4,'2018-02-27 22:44:22',NULL,0),(258,'playerVirtual11','playerVirtual11_1c87cfd6f9',4,'2018-02-27 22:44:34',NULL,0),(259,'playerVirtual5','playerVirtual5_1436344784',0,'2018-02-27 22:44:42',NULL,0),(260,'playerVirtual5','playerVirtual5_1436344784',0,'2018-02-27 22:44:44',NULL,0),(261,'playerVirtual8','playerVirtual8_2378747961',0,'2018-02-27 22:44:45',NULL,0),(262,'playerVirtual8','playerVirtual8_2378747961',0,'2018-02-27 22:44:45',NULL,0),(263,'playerVirtual7','playerVirtual7_a5a869db5a',3,'2018-02-27 22:44:46',NULL,0),(264,'playerVirtual9','playerVirtual9_726eeb8bf0',4,'2018-02-27 22:45:06',NULL,0),(265,'playerVirtual12','playerVirtual12_3338579772',0,'2018-02-27 22:45:11',NULL,0),(266,'playerVirtual12','playerVirtual12_3338579772',0,'2018-02-27 22:45:11',NULL,0),(267,'playerVirtual14','playerVirtual14_c5922846b1',4,'2018-02-27 22:45:31',NULL,0),(268,'playerVirtual5','playerVirtual5_6469e60f19',4,'2018-02-27 22:45:42',NULL,0),(269,'playerVirtual8','playerVirtual8_9dbaecaf78',3,'2018-02-27 22:45:47',NULL,0),(270,'playerVirtual12','playerVirtual12_3b1a9f8098',3,'2018-02-27 22:46:11',NULL,0),(271,'playerVirtual3','playerVirtual3_3338579772',1,'2018-02-27 22:46:33',NULL,0),(272,'playerVirtual3','playerVirtual3_52eebfa660',3,'2018-02-27 22:46:33',NULL,0),(273,'playerVirtual3','playerVirtual3_3338579772',1,'2018-02-27 22:46:33',NULL,0),(274,'playerVirtual10','playerVirtual10_1438244924',0,'2018-02-27 22:46:49',NULL,0),(275,'playerVirtual10','playerVirtual10_1438244924',0,'2018-02-27 22:46:50',NULL,0),(276,'playerVirtual10','playerVirtual10_9942e75c60',3,'2018-02-27 22:47:52',NULL,0),(277,'playerVirtual2','playerVirtual2_1438244924',1,'2018-02-27 22:48:31',NULL,0),(278,'playerVirtual2','playerVirtual2_601105e463',4,'2018-02-27 22:48:31',NULL,0),(279,'playerVirtual2','playerVirtual2_1438244924',1,'2018-02-27 22:48:31',NULL,0),(280,'playerVirtual6','playerVirtual6_6296268057',0,'2018-02-27 22:50:36',NULL,0),(281,'playerVirtual6','playerVirtual6_6296268057',0,'2018-02-27 22:50:37',NULL,0),(282,'playerVirtual15','playerVirtual15_dbce5a4f6b',4,'2018-02-27 22:50:37',NULL,0),(283,'playerVirtual8','playerVirtual8_2378747961',1,'2018-02-27 22:50:55',NULL,0),(284,'playerVirtual8','playerVirtual8_54c4d98868',4,'2018-02-27 22:50:55',NULL,0),(285,'playerVirtual8','playerVirtual8_2378747961',1,'2018-02-27 22:50:59',NULL,0),(286,'playerVirtual6','playerVirtual6_f36a797a8f',3,'2018-02-27 22:51:37',NULL,0),(287,'playerVirtual13','playerVirtual13_990694203',0,'2018-02-27 22:52:09',NULL,0),(288,'playerVirtual13','playerVirtual13_990694203',0,'2018-02-27 22:52:09',NULL,0),(289,'playerVirtual13','playerVirtual13_6fbd459035',3,'2018-02-27 22:53:09',NULL,0),(290,'playerVirtual3','playerVirtual3_1438244924',1,'2018-02-27 22:53:56',NULL,0),(291,'playerVirtual3','playerVirtual3_f8c1c21268',4,'2018-02-27 22:53:56',NULL,0),(292,'playerVirtual3','playerVirtual3_1438244924',1,'2018-02-27 22:53:56',NULL,0),(293,'playerVirtual4','playerVirtual4_182859403',0,'2018-02-27 22:54:08',NULL,0),(294,'playerVirtual4','playerVirtual4_2b5ed21331',3,'2018-02-27 22:54:09',NULL,0),(295,'playerVirtual4','playerVirtual4_182859403',0,'2018-02-27 22:54:09',NULL,0),(296,'playerVirtual13','playerVirtual13_990694203',1,'2018-02-27 22:54:10',NULL,0),(297,'playerVirtual13','playerVirtual13_44006971df',4,'2018-02-27 22:54:10',NULL,0),(298,'playerVirtual13','playerVirtual13_990694203',1,'2018-02-27 22:54:11',NULL,0),(299,'playerVirtual2','playerVirtual2_2089dc66c1',3,'2018-02-27 22:54:21',NULL,0),(300,'playerVirtual12','playerVirtual12_1095593',0,'2018-02-27 22:54:45',NULL,0),(301,'playerVirtual12','playerVirtual12_1095593',0,'2018-02-27 22:54:45',NULL,0),(302,'playerVirtual16','playerVirtual16_e21361df0a',4,'2018-02-27 22:55:33',NULL,0),(303,'playerVirtual7','playerVirtual7_990694203',0,'2018-02-27 22:55:44',NULL,0),(304,'playerVirtual7','playerVirtual7_d20a5e20ac',4,'2018-02-27 22:55:44',NULL,0),(305,'playerVirtual12','playerVirtual12_86cf1a9009',4,'2018-02-27 22:55:45',NULL,0),(306,'playerVirtual9','playerVirtual9_6301942525',0,'2018-02-27 22:56:04',NULL,0),(307,'playerVirtual9','playerVirtual9_6301942525',0,'2018-02-27 22:56:04',NULL,0),(308,'playerVirtual11','playerVirtual11_6264344062',0,'2018-02-27 22:56:48',NULL,0),(309,'playerVirtual11','playerVirtual11_6264344062',0,'2018-02-27 22:56:48',NULL,0),(310,'playerVirtual9','playerVirtual9_abfb54e8af',3,'2018-02-27 22:57:04',NULL,0),(311,'playerVirtual11','playerVirtual11_4a607dfe76',3,'2018-02-27 22:57:48',NULL,0),(312,'playerVirtual10','playerVirtual10_6274355716',0,'2018-02-27 22:57:55',NULL,0),(313,'playerVirtual10','playerVirtual10_6274355716',0,'2018-02-27 22:57:55',NULL,0),(314,'playerVirtual5','playerVirtual5_6289704471',0,'2018-02-27 22:58:23',NULL,0),(315,'playerVirtual5','playerVirtual5_6289704471',0,'2018-02-27 22:58:24',NULL,0),(316,'playerVirtual3','playerVirtual3_1095593',1,'2018-02-27 22:58:42',NULL,0),(317,'playerVirtual3','playerVirtual3_d239ee7a3f',3,'2018-02-27 22:58:42',NULL,0),(318,'playerVirtual3','playerVirtual3_1095593',1,'2018-02-27 22:58:42',NULL,0),(319,'playerVirtual1239','playerVirtual1239_05575b04c9',4,'2018-02-27 22:58:53',NULL,0),(320,'playerVirtual10','playerVirtual10_9bf9b01f0b',4,'2018-02-27 22:58:55',NULL,0),(321,'playerVirtual5','playerVirtual5_5daa42bc98',3,'2018-02-27 22:59:24',NULL,0),(322,'playerVirtual4','playerVirtual4_182859403',1,'2018-02-27 22:59:32',NULL,0),(323,'playerVirtual4','playerVirtual4_3d8a6f323b',4,'2018-02-27 22:59:32',NULL,0),(324,'playerVirtual4','playerVirtual4_182859403',1,'2018-02-27 22:59:32',NULL,0),(325,'playerVirtual2','playerVirtual2_6264344062',1,'2018-02-27 23:00:12',NULL,0),(326,'playerVirtual2','playerVirtual2_96f9f55350',4,'2018-02-27 23:00:12',NULL,0),(327,'playerVirtual2','playerVirtual2_6264344062',1,'2018-02-27 23:00:12',NULL,0),(328,'playerVirtual17','playerVirtual17_213751d265',4,'2018-02-27 23:00:33',NULL,0),(329,'playerVirtual7','playerVirtual7_f0933c7260',3,'2018-02-27 23:00:45',NULL,0),(330,'playerVirtual14','playerVirtual14_5297461910',0,'2018-02-27 23:01:36',NULL,0),(331,'playerVirtual14','playerVirtual14_5297461910',0,'2018-02-27 23:01:36',NULL,0),(332,'playerVirtual14','playerVirtual14_3601d4a19f',3,'2018-02-27 23:02:36',NULL,0),(333,'playerVirtual6','playerVirtual6_539194189',0,'2018-02-27 23:03:13',NULL,0),(334,'playerVirtual6','playerVirtual6_539194189',0,'2018-02-27 23:03:13',NULL,0),(335,'playerVirtual9','playerVirtual9_39ce901d5b',4,'2018-02-27 23:03:27',NULL,0),(336,'playerVirtual6','playerVirtual6_2a4daf353c',4,'2018-02-27 23:04:13',NULL,0),(337,'playerVirtual8','playerVirtual8_908315',0,'2018-02-27 23:04:40',NULL,0),(338,'playerVirtual8','playerVirtual8_908315',0,'2018-02-27 23:04:41',NULL,0),(339,'playerVirtual5','playerVirtual5_9186ae3c44',4,'2018-02-27 23:04:46',NULL,0),(340,'playerVirtual18','playerVirtual18_924771833c',4,'2018-02-27 23:05:34',NULL,0),(341,'playerVirtual12','playerVirtual12_1095593',1,'2018-02-27 23:05:40',NULL,0),(342,'playerVirtual12','playerVirtual12_dd0805b500',3,'2018-02-27 23:05:40',NULL,0),(343,'playerVirtual12','playerVirtual12_1095593',1,'2018-02-27 23:05:43',NULL,0),(344,'playerVirtual8','playerVirtual8_6567b566ff',3,'2018-02-27 23:05:43',NULL,0),(345,'playerVirtual2','playerVirtual2_1436344784',1,'2018-02-27 23:06:08',NULL,0),(346,'playerVirtual2','playerVirtual2_0425b27331',3,'2018-02-27 23:06:08',NULL,0),(347,'playerVirtual2','playerVirtual2_1436344784',1,'2018-02-27 23:06:09',NULL,0),(348,'playerVirtual11','playerVirtual11_4246147567',0,'2018-02-27 23:06:29',NULL,0),(349,'playerVirtual11','playerVirtual11_4246147567',0,'2018-02-27 23:06:29',NULL,0),(350,'playerVirtual11','playerVirtual11_b9036ebf07',4,'2018-02-27 23:07:29',NULL,0),(351,'playerVirtual3','playerVirtual3_6274355716',1,'2018-02-27 23:07:48',NULL,0),(352,'playerVirtual3','playerVirtual3_87daf89d3f',4,'2018-02-27 23:07:49',NULL,0),(353,'playerVirtual3','playerVirtual3_6274355716',1,'2018-02-27 23:07:49',NULL,0),(354,'playerVirtual14','playerVirtual14_4246147567',0,'2018-02-27 23:08:19',NULL,0),(355,'playerVirtual14','playerVirtual14_4246147567',0,'2018-02-27 23:08:19',NULL,0),(356,'playerVirtual15','playerVirtual15_182859403',0,'2018-02-27 23:08:29',NULL,0),(357,'playerVirtual14','playerVirtual14_d7962b8cde',4,'2018-02-27 23:09:19',NULL,0),(358,'playerVirtual15','playerVirtual15_42b61036ac',3,'2018-02-27 23:09:29',NULL,0),(359,'playerVirtual10','playerVirtual10_4246147567',0,'2018-02-27 23:10:09',NULL,0),(360,'playerVirtual10','playerVirtual10_4246147567',0,'2018-02-27 23:10:10',NULL,0),(361,'playerVirtual19','playerVirtual19_221ecfe0ed',4,'2018-02-27 23:10:37',NULL,0),(362,'playerVirtual10','playerVirtual10_5f47b345c8',3,'2018-02-27 23:11:09',NULL,0),(363,'playerVirtual7','playerVirtual7_bb6e2a14dd',4,'2018-02-27 23:13:20',NULL,0),(364,'playerVirtual13','playerVirtual13_4246147567',0,'2018-02-27 23:13:40',NULL,0),(365,'playerVirtual13','playerVirtual13_4246147567',0,'2018-02-27 23:13:40',NULL,0),(366,'playerVirtual15','playerVirtual15_4246147567',0,'2018-02-27 23:14:16',NULL,0),(367,'playerVirtual15','playerVirtual15_4246147567',0,'2018-02-27 23:14:16',NULL,0),(368,'playerVirtual8','playerVirtual8_990694203',0,'2018-02-27 23:14:17',NULL,0),(369,'playerVirtual8','playerVirtual8_990694203',0,'2018-02-27 23:14:17',NULL,0),(370,'playerVirtual6','playerVirtual6_6316827871',0,'2018-02-27 23:14:33',NULL,0),(371,'playerVirtual6','playerVirtual6_6316827871',0,'2018-02-27 23:14:33',NULL,0),(372,'playerVirtual13','playerVirtual13_525c929478',3,'2018-02-27 23:14:40',NULL,0),(373,'playerVirtual15','playerVirtual15_43db1ca4ea',4,'2018-02-27 23:15:16',NULL,0),(374,'playerVirtual8','playerVirtual8_b775a1a091',4,'2018-02-27 23:15:17',NULL,0),(375,'playerVirtual2','playerVirtual2_182859403',1,'2018-02-27 23:15:21',NULL,0),(376,'playerVirtual2','playerVirtual2_db58084af6',4,'2018-02-27 23:15:21',NULL,0),(377,'playerVirtual2','playerVirtual2_182859403',1,'2018-02-27 23:15:21',NULL,0),(378,'playerVirtual16','playerVirtual16_6289704471',0,'2018-02-27 23:15:24',NULL,0),(379,'playerVirtual6','playerVirtual6_ea0f696866',3,'2018-02-27 23:15:33',NULL,0),(380,'playerVirtual4','playerVirtual4_6315250734',0,'2018-02-27 23:15:33',NULL,0),(381,'playerVirtual4','playerVirtual4_6315250734',0,'2018-02-27 23:15:34',NULL,0),(382,'playerVirtual13','playerVirtual13_4246147567',1,'2018-02-27 23:15:41',NULL,0),(383,'playerVirtual13','playerVirtual13_2a285f72b0',4,'2018-02-27 23:15:42',NULL,0),(384,'playerVirtual13','playerVirtual13_4246147567',1,'2018-02-27 23:15:42',NULL,0),(385,'playerVirtual16','playerVirtual16_bd307ed9b0',3,'2018-02-27 23:16:24',NULL,0),(386,'playerVirtual4','playerVirtual4_2191039fdc',3,'2018-02-27 23:16:33',NULL,0),(387,'playerVirtual12','playerVirtual12_4246147567',0,'2018-02-27 23:17:46',NULL,0),(388,'playerVirtual12','playerVirtual12_4246147567',0,'2018-02-27 23:17:46',NULL,0),(389,'playerVirtual5','playerVirtual5_6289704471',1,'2018-02-27 23:18:33',NULL,0),(390,'playerVirtual5','playerVirtual5_c7f42fdcf9',3,'2018-02-27 23:18:34',NULL,0),(391,'playerVirtual5','playerVirtual5_6289704471',1,'2018-02-27 23:18:34',NULL,0),(392,'playerVirtual12','playerVirtual12_389dd22bf6',4,'2018-02-27 23:18:46',NULL,0),(393,'playerVirtual9','playerVirtual9_2378747961',0,'2018-02-27 23:19:00',NULL,0),(394,'playerVirtual9','playerVirtual9_2378747961',0,'2018-02-27 23:19:00',NULL,0),(395,'playerVirtual11','playerVirtual11_4246147567',1,'2018-02-27 23:19:43',NULL,0),(396,'playerVirtual11','playerVirtual11_e642a71c0b',3,'2018-02-27 23:19:43',NULL,0),(397,'playerVirtual11','playerVirtual11_4246147567',1,'2018-02-27 23:19:43',NULL,0),(398,'playerVirtual9','playerVirtual9_b1b05e6fd0',3,'2018-02-27 23:20:00',NULL,0),(399,'playerVirtual16','playerVirtual16_6322213339',0,'2018-02-27 23:20:03',NULL,0),(400,'playerVirtual16','playerVirtual16_6322213339',0,'2018-02-27 23:20:04',NULL,0),(401,'playerVirtual16','playerVirtual16_775b650cac',4,'2018-02-27 23:21:03',NULL,0),(402,'playerVirtual1691','playerVirtual1691_513de55ca9',4,'2018-02-27 23:21:06',NULL,0),(403,'playerVirtual17','playerVirtual17_4246147567',0,'2018-02-27 23:21:07',NULL,0),(404,'playerVirtual3','playerVirtual3_4246147567',0,'2018-02-27 23:21:07',NULL,0),(405,'playerVirtual3','playerVirtual3_4246147567',0,'2018-02-27 23:21:08',NULL,0),(406,'playerVirtual10','playerVirtual10_4246147567',1,'2018-02-27 23:21:15',NULL,0),(407,'playerVirtual10','playerVirtual10_85060fc91f',4,'2018-02-27 23:21:15',NULL,0),(408,'playerVirtual10','playerVirtual10_4246147567',1,'2018-02-27 23:21:15',NULL,0),(409,'playerVirtual17','playerVirtual17_4780db5e60',3,'2018-02-27 23:22:07',NULL,0),(410,'playerVirtual3','playerVirtual3_cce3c90761',3,'2018-02-27 23:22:07',NULL,0),(411,'playerVirtual17','playerVirtual17_3402b028e0',4,'2018-02-27 23:23:08',NULL,0),(412,'playerVirtual4','playerVirtual4_359920779',1,'2018-02-27 23:23:35',NULL,0),(413,'playerVirtual4','playerVirtual4_090ada04bd',4,'2018-02-27 23:23:35',NULL,0),(414,'playerVirtual4','playerVirtual4_359920779',1,'2018-02-27 23:23:36',NULL,0),(415,'playerVirtual7','playerVirtual7_4246147567',0,'2018-02-27 23:23:51',NULL,0),(416,'playerVirtual2','playerVirtual2_539194189',1,'2018-02-27 23:24:49',NULL,0),(417,'playerVirtual2','playerVirtual2_3cb446ec25',3,'2018-02-27 23:24:50',NULL,0),(418,'playerVirtual2','playerVirtual2_539194189',1,'2018-02-27 23:24:50',NULL,0),(419,'playerVirtual7','playerVirtual7_f59e2f45bc',3,'2018-02-27 23:24:52',NULL,0),(420,'playerVirtual14','playerVirtual14_4246147567',1,'2018-02-27 23:25:23',NULL,0),(421,'playerVirtual14','playerVirtual14_c7573bedc7',3,'2018-02-27 23:25:23',NULL,0),(422,'playerVirtual14','playerVirtual14_4246147567',1,'2018-02-27 23:25:24',NULL,0),(423,'playerVirtual18','playerVirtual18_5068098508',0,'2018-02-27 23:26:33',NULL,0),(424,'playerVirtual18','playerVirtual18_a6fb0361f9',3,'2018-02-27 23:27:33',NULL,0),(425,'playerVirtual9','playerVirtual9_4246147567',0,'2018-02-27 23:28:15',NULL,0),(426,'playerVirtual9','playerVirtual9_4246147567',0,'2018-02-27 23:28:16',NULL,0),(427,'playerVirtual5','playerVirtual5_4246147567',0,'2018-02-27 23:28:20',NULL,0),(428,'playerVirtual5','playerVirtual5_4246147567',0,'2018-02-27 23:28:20',NULL,0),(429,'playerVirtual6','playerVirtual6_4246147567',0,'2018-02-27 23:28:32',NULL,0),(430,'playerVirtual6','playerVirtual6_4246147567',0,'2018-02-27 23:28:33',NULL,0),(431,'playerVirtual12','playerVirtual12_4246147567',1,'2018-02-27 23:28:39',NULL,0),(432,'playerVirtual12','playerVirtual12_eead2528c1',3,'2018-02-27 23:28:39',NULL,0),(433,'playerVirtual12','playerVirtual12_4246147567',1,'2018-02-27 23:28:39',NULL,0),(434,'playerVirtual8','playerVirtual8_990694203',1,'2018-02-27 23:29:05',NULL,0),(435,'playerVirtual8','playerVirtual8_6513ddec81',3,'2018-02-27 23:29:05',NULL,0),(436,'playerVirtual8','playerVirtual8_990694203',1,'2018-02-27 23:29:05',NULL,0),(437,'playerVirtual9','playerVirtual9_8196cb06f3',4,'2018-02-27 23:29:16',NULL,0),(438,'playerVirtual5','playerVirtual5_b32f550495',4,'2018-02-27 23:29:20',NULL,0),(439,'playerVirtual6','playerVirtual6_16fb0ccb46',4,'2018-02-27 23:29:32',NULL,0),(440,'playerVirtual11','playerVirtual11_359920779',0,'2018-02-27 23:31:11',NULL,0),(441,'playerVirtual11','playerVirtual11_359920779',0,'2018-02-27 23:31:11',NULL,0),(442,'playerVirtual3','playerVirtual3_d7e10842a3',4,'2018-02-27 23:31:12',NULL,0),(443,'playerVirtual18','playerVirtual18_276ba1bb24',4,'2018-02-27 23:31:16',NULL,0),(444,'playerVirtual11','playerVirtual11_fea92d4015',4,'2018-02-27 23:32:11',NULL,0),(445,'playerVirtual19','playerVirtual19_4246147567',0,'2018-02-27 23:32:29',NULL,0),(446,'playerVirtual15','playerVirtual15_4246147567',1,'2018-02-27 23:33:07',NULL,0),(447,'playerVirtual15','playerVirtual15_8a0b730666',3,'2018-02-27 23:33:07',NULL,0),(448,'playerVirtual15','playerVirtual15_4246147567',1,'2018-02-27 23:33:08',NULL,0),(449,'playerVirtual19','playerVirtual19_8db98276e6',3,'2018-02-27 23:33:29',NULL,0),(450,'playerVirtual19','playerVirtual19_3a1518787c',4,'2018-02-27 23:34:30',NULL,0),(451,'playerVirtual14','playerVirtual14_4246147567',0,'2018-02-27 23:34:50',NULL,0),(452,'playerVirtual14','playerVirtual14_b46cb5e540',4,'2018-02-27 23:34:50',NULL,0),(453,'playerVirtual14','playerVirtual14_4246147567',0,'2018-02-27 23:34:50',NULL,0),(454,'playerVirtual10','playerVirtual10_4246147567',0,'2018-02-27 23:35:37',NULL,0),(455,'playerVirtual10','playerVirtual10_c73c4553ed',3,'2018-02-27 23:35:37',NULL,0),(456,'playerVirtual10','playerVirtual10_4246147567',0,'2018-02-27 23:35:38',NULL,0),(457,'playerVirtual7','playerVirtual7_2c00c7aaf2',4,'2018-02-27 23:37:27',NULL,0),(458,'playerVirtual13','playerVirtual13_1095593',0,'2018-02-27 23:38:07',NULL,0),(459,'playerVirtual13','playerVirtual13_1095593',0,'2018-02-27 23:38:07',NULL,0),(460,'playerVirtual13','playerVirtual13_320b835682',3,'2018-02-27 23:39:07',NULL,0),(461,'playerVirtual6','playerVirtual6_4246147567',1,'2018-02-27 23:39:52',NULL,0),(462,'playerVirtual6','playerVirtual6_2efb2bcf60',3,'2018-02-27 23:39:52',NULL,0),(463,'playerVirtual6','playerVirtual6_4246147567',1,'2018-02-27 23:39:52',NULL,0),(464,'playerVirtual2','playerVirtual2_4246147567',0,'2018-02-27 23:40:27',NULL,0),(465,'playerVirtual2','playerVirtual2_4246147567',0,'2018-02-27 23:40:27',NULL,0),(466,'playerVirtual8','playerVirtual8_4246147567',0,'2018-02-27 23:41:01',NULL,0),(467,'playerVirtual8','playerVirtual8_4246147567',0,'2018-02-27 23:41:02',NULL,0),(468,'playerVirtual16','playerVirtual16_4246147567',0,'2018-02-27 23:41:28',NULL,0),(469,'playerVirtual4','playerVirtual4_4246147567',0,'2018-02-27 23:41:29',NULL,0),(470,'playerVirtual2','playerVirtual2_0edfc2a08d',4,'2018-02-27 23:41:31',NULL,0),(471,'playerVirtual16','playerVirtual16_4246147567',0,'2018-02-27 23:41:31',NULL,0),(472,'playerVirtual4','playerVirtual4_4246147567',0,'2018-02-27 23:41:31',NULL,0),(473,'playerVirtual15','playerVirtual15_4246147567',0,'2018-02-27 23:41:55',NULL,0),(474,'playerVirtual15','playerVirtual15_fb31a30d3a',4,'2018-02-27 23:41:55',NULL,0),(475,'playerVirtual15','playerVirtual15_4246147567',0,'2018-02-27 23:41:55',NULL,0),(476,'playerVirtual8','playerVirtual8_1b9e83d22b',4,'2018-02-27 23:42:01',NULL,0),(477,'playerVirtual16','playerVirtual16_c60a78d204',3,'2018-02-27 23:42:25',NULL,0),(478,'playerVirtual4','playerVirtual4_1d5751e368',3,'2018-02-27 23:42:27',NULL,0),(479,'playerVirtual5','playerVirtual5_4246147567',1,'2018-02-27 23:43:07',NULL,0),(480,'playerVirtual5','playerVirtual5_1a5a8780aa',3,'2018-02-27 23:43:07',NULL,0),(481,'playerVirtual5','playerVirtual5_4246147567',1,'2018-02-27 23:43:08',NULL,0),(482,'playerVirtual13','playerVirtual13_4246147567',0,'2018-02-27 23:44:01',NULL,0),(483,'playerVirtual13','playerVirtual13_f9720ee150',4,'2018-02-27 23:44:01',NULL,0),(484,'playerVirtual13','playerVirtual13_4246147567',0,'2018-02-27 23:44:01',NULL,0),(485,'playerVirtual12','playerVirtual12_6335261139',0,'2018-02-27 23:44:29',NULL,0),(486,'playerVirtual12','playerVirtual12_6335261139',0,'2018-02-27 23:44:29',NULL,0),(487,'playerVirtual9','playerVirtual9_4246147567',1,'2018-02-27 23:44:48',NULL,0),(488,'playerVirtual9','playerVirtual9_ead8cafd49',3,'2018-02-27 23:44:48',NULL,0),(489,'playerVirtual9','playerVirtual9_4246147567',1,'2018-02-27 23:44:48',NULL,0),(490,'playerVirtual12','playerVirtual12_39f277d869',4,'2018-02-27 23:45:30',NULL,0),(491,'playerVirtual10','playerVirtual10_4246147567',1,'2018-02-27 23:45:43',NULL,0),(492,'playerVirtual10','playerVirtual10_efce8aad40',4,'2018-02-27 23:45:44',NULL,0),(493,'playerVirtual10','playerVirtual10_4246147567',1,'2018-02-27 23:45:44',NULL,0),(494,'playerVirtual16','playerVirtual16_4246147567',1,'2018-02-27 23:46:04',NULL,0),(495,'playerVirtual16','playerVirtual16_9388d5ae0c',4,'2018-02-27 23:46:04',NULL,0),(496,'playerVirtual16','playerVirtual16_4246147567',1,'2018-02-27 23:46:05',NULL,0),(497,'playerVirtual1909','playerVirtual1909_f02a9a2c9c',4,'2018-02-27 23:46:26',NULL,0),(498,'playerVirtual17','playerVirtual17_4246147567',0,'2018-02-27 23:46:48',NULL,0),(499,'playerVirtual17','playerVirtual17_8afc4b22db',3,'2018-02-27 23:46:48',NULL,0),(500,'playerVirtual11','playerVirtual11_4246147567',0,'2018-02-27 23:47:08',NULL,0),(501,'playerVirtual11','playerVirtual11_2c519d47cc',3,'2018-02-27 23:47:09',NULL,0),(502,'playerVirtual11','playerVirtual11_4246147567',0,'2018-02-27 23:47:09',NULL,0),(503,'playerVirtual17','playerVirtual17_1c935e56e2',4,'2018-02-27 23:47:50',NULL,0),(504,'playerVirtual3','playerVirtual3_4246147567',0,'2018-02-27 23:48:05',NULL,0),(505,'playerVirtual3','playerVirtual3_c3d4af6855',3,'2018-02-27 23:48:05',NULL,0),(506,'playerVirtual3','playerVirtual3_4246147567',0,'2018-02-27 23:48:06',NULL,0),(507,'playerVirtual4','playerVirtual4_4246147567',1,'2018-02-27 23:49:24',NULL,0),(508,'playerVirtual4','playerVirtual4_9a843ab6f0',4,'2018-02-27 23:49:24',NULL,0),(509,'playerVirtual4','playerVirtual4_4246147567',1,'2018-02-27 23:49:24',NULL,0),(510,'playerVirtual14','playerVirtual14_4246147567',1,'2018-02-27 23:50:57',NULL,0),(511,'playerVirtual14','playerVirtual14_2d425f725c',3,'2018-02-27 23:50:58',NULL,0),(512,'playerVirtual2','playerVirtual2_4246147567',1,'2018-02-27 23:50:58',NULL,0),(513,'playerVirtual2','playerVirtual2_e84de613b6',3,'2018-02-27 23:50:59',NULL,0),(514,'playerVirtual14','playerVirtual14_4246147567',1,'2018-02-27 23:51:02',NULL,0),(515,'playerVirtual2','playerVirtual2_4246147567',1,'2018-02-27 23:51:02',NULL,0),(516,'playerVirtual7','playerVirtual7_4246147567',0,'2018-02-27 23:52:00',NULL,0),(517,'playerVirtual7','playerVirtual7_1bf9719f16',3,'2018-02-27 23:52:01',NULL,0),(518,'playerVirtual18','playerVirtual18_4246147567',0,'2018-02-27 23:53:44',NULL,0),(519,'playerVirtual18','playerVirtual18_4246147567',0,'2018-02-27 23:53:45',NULL,0),(520,'playerVirtual5','playerVirtual5_1436344784',1,'2018-02-27 23:54:06',NULL,0),(521,'playerVirtual5','playerVirtual5_eabe17b9ec',4,'2018-02-27 23:54:07',NULL,0),(522,'playerVirtual5','playerVirtual5_1436344784',1,'2018-02-27 23:54:12',NULL,0),(523,'playerVirtual18','playerVirtual18_cfeac65c7f',3,'2018-02-27 23:54:44',NULL,0),(524,'playerVirtual8','playerVirtual8_4246147567',1,'2018-02-27 23:55:49',NULL,0),(525,'playerVirtual8','playerVirtual8_9d3a1fbb11',3,'2018-02-27 23:55:49',NULL,0),(526,'playerVirtual8','playerVirtual8_4246147567',1,'2018-02-27 23:55:49',NULL,0),(527,'playerVirtual9','playerVirtual9_4246147567',0,'2018-02-27 23:57:03',NULL,0),(528,'playerVirtual9','playerVirtual9_2e83d3a644',4,'2018-02-27 23:57:03',NULL,0),(529,'playerVirtual9','playerVirtual9_4246147567',0,'2018-02-27 23:57:03',NULL,0),(530,'playerVirtual6','playerVirtual6_6344084916',0,'2018-02-27 23:57:08',NULL,0),(531,'playerVirtual6','playerVirtual6_6344084916',0,'2018-02-27 23:57:09',NULL,0),(532,'playerVirtual3','playerVirtual3_a45c6cfa74',4,'2018-02-27 23:57:10',NULL,0),(533,'playerVirtual12','playerVirtual12_990694203',0,'2018-02-27 23:57:26',NULL,0),(534,'playerVirtual12','playerVirtual12_990694203',0,'2018-02-27 23:57:26',NULL,0),(535,'playerVirtual6','playerVirtual6_f274136c99',4,'2018-02-27 23:58:09',NULL,0),(536,'playerVirtual12','playerVirtual12_e66450cb85',3,'2018-02-27 23:58:26',NULL,0),(537,'playerVirtual18','playerVirtual18_4246147567',1,'2018-02-27 23:58:27',NULL,0),(538,'playerVirtual18','playerVirtual18_fb1f7cf661',4,'2018-02-27 23:58:27',NULL,0),(539,'playerVirtual18','playerVirtual18_4246147567',1,'2018-02-27 23:58:27',NULL,0),(540,'playerVirtual11','playerVirtual11_86b289c17b',4,'2018-02-27 23:58:36',NULL,0),(541,'playerVirtual15','playerVirtual15_4246147567',1,'2018-02-27 23:59:46',NULL,0),(542,'playerVirtual15','playerVirtual15_6e31a1187b',3,'2018-02-27 23:59:46',NULL,0),(543,'playerVirtual15','playerVirtual15_4246147567',1,'2018-02-27 23:59:47',NULL,0),(544,'playerVirtual19','playerVirtual19_4246147567',0,'2018-02-28 00:00:23',NULL,0),(545,'playerVirtual19','playerVirtual19_2ab1c3beea',3,'2018-02-28 00:00:24',NULL,0),(546,'playerVirtual19','playerVirtual19_4246147567',0,'2018-02-28 00:00:28',NULL,0),(547,'playerVirtual19','playerVirtual19_71ab116032',4,'2018-02-28 00:01:24',NULL,0),(548,'playerVirtual10','playerVirtual10_4246147567',0,'2018-02-28 00:03:42',NULL,0),(549,'playerVirtual10','playerVirtual10_af185296c8',3,'2018-02-28 00:03:42',NULL,0),(550,'playerVirtual10','playerVirtual10_4246147567',0,'2018-02-28 00:03:42',NULL,0),(551,'playerVirtual14','playerVirtual14_6566788',0,'2018-02-28 00:03:55',NULL,0),(552,'playerVirtual14','playerVirtual14_6566788',0,'2018-02-28 00:03:55',NULL,0),(553,'playerVirtual7','playerVirtual7_7ac36fd200',4,'2018-02-28 00:04:33',NULL,0),(554,'playerVirtual14','playerVirtual14_233d210f14',4,'2018-02-28 00:04:55',NULL,0),(555,'playerVirtual13','playerVirtual13_4246147567',1,'2018-02-28 00:06:26',NULL,0),(556,'playerVirtual13','playerVirtual13_8dfb4611bf',3,'2018-02-28 00:06:26',NULL,0),(557,'playerVirtual13','playerVirtual13_4246147567',1,'2018-02-28 00:06:26',NULL,0),(558,'playerVirtual2','playerVirtual2_272887063',1,'2018-02-28 00:09:46',NULL,0),(559,'playerVirtual2','playerVirtual2_531e621750',4,'2018-02-28 00:09:47',NULL,0),(560,'playerVirtual2','playerVirtual2_272887063',1,'2018-02-28 00:09:47',NULL,0),(561,'playerVirtual6','playerVirtual6_4246147567',0,'2018-02-28 00:10:27',NULL,0),(562,'playerVirtual6','playerVirtual6_57d7071cb9',3,'2018-02-28 00:10:27',NULL,0),(563,'playerVirtual6','playerVirtual6_4246147567',0,'2018-02-28 00:10:27',NULL,0),(564,'playerVirtual16','playerVirtual16_4246147567',0,'2018-02-28 00:10:38',NULL,0),(565,'playerVirtual16','playerVirtual16_1f30c1cae6',3,'2018-02-28 00:10:38',NULL,0),(566,'playerVirtual16','playerVirtual16_4246147567',0,'2018-02-28 00:10:38',NULL,0),(567,'playerVirtual8','playerVirtual8_82730999',0,'2018-02-28 00:11:17',NULL,0),(568,'playerVirtual8','playerVirtual8_82730999',0,'2018-02-28 00:11:18',NULL,0),(569,'playerVirtual4','playerVirtual4_4246147567',0,'2018-02-28 00:11:19',NULL,0),(570,'playerVirtual4','playerVirtual4_923b1a3820',3,'2018-02-28 00:11:19',NULL,0),(571,'playerVirtual4','playerVirtual4_4246147567',0,'2018-02-28 00:11:19',NULL,0),(572,'playerVirtual15','playerVirtual15_16917741',0,'2018-02-28 00:11:45',NULL,0),(573,'playerVirtual15','playerVirtual15_16917741',0,'2018-02-28 00:11:45',NULL,0),(574,'playerVirtual5','playerVirtual5_4246147567',0,'2018-02-28 00:12:12',NULL,0),(575,'playerVirtual5','playerVirtual5_f41da4506a',3,'2018-02-28 00:12:13',NULL,0),(576,'playerVirtual5','playerVirtual5_4246147567',0,'2018-02-28 00:12:13',NULL,0),(577,'playerVirtual8','playerVirtual8_19493b7992',4,'2018-02-28 00:12:18',NULL,0),(578,'playerVirtual9','playerVirtual9_4246147567',1,'2018-02-28 00:12:35',NULL,0),(579,'playerVirtual9','playerVirtual9_9f9ba6fe01',3,'2018-02-28 00:12:35',NULL,0),(580,'playerVirtual9','playerVirtual9_4246147567',1,'2018-02-28 00:12:36',NULL,0),(581,'playerVirtual15','playerVirtual15_c52482626d',4,'2018-02-28 00:12:45',NULL,0),(582,'playerVirtual10','playerVirtual10_f13ced367e',4,'2018-02-28 00:13:44',NULL,0),(583,'playerVirtual13','playerVirtual13_3338579772',0,'2018-02-28 00:13:54',NULL,0),(584,'playerVirtual13','playerVirtual13_3338579772',0,'2018-02-28 00:13:54',NULL,0),(585,'playerVirtual16','playerVirtual16_4246147567',1,'2018-02-28 00:14:17',NULL,0),(586,'playerVirtual12','playerVirtual12_990694203',1,'2018-02-28 00:14:17',NULL,0),(587,'playerVirtual16','playerVirtual16_4246147567',1,'2018-02-28 00:14:18',NULL,0),(588,'playerVirtual16','playerVirtual16_f6bfae6067',4,'2018-02-28 00:14:18',NULL,0),(589,'playerVirtual12','playerVirtual12_057832707b',4,'2018-02-28 00:14:18',NULL,0),(590,'playerVirtual12','playerVirtual12_990694203',1,'2018-02-28 00:14:18',NULL,0);
/*!40000 ALTER TABLE `REQUEST` ENABLE KEYS */;
UNLOCK TABLES;

--
-- Table structure for table `STATUS`
--

DROP TABLE IF EXISTS `STATUS`;
/*!40101 SET @saved_cs_client     = @@character_set_client */;
/*!40101 SET character_set_client = utf8 */;
CREATE TABLE `STATUS` (
  `id` int(11) NOT NULL AUTO_INCREMENT,
  `players` int(11) DEFAULT '0',
  `all_requests` int(11) DEFAULT '0',
  `accepts` int(11) DEFAULT '0',
  `rejects` int(11) DEFAULT '0',
  `fairness` float DEFAULT '0',
  `timestamp` timestamp NULL DEFAULT NULL,
  PRIMARY KEY (`id`)
) ENGINE=InnoDB AUTO_INCREMENT=32 DEFAULT CHARSET=utf8;
/*!40101 SET character_set_client = @saved_cs_client */;

--
-- Dumping data for table `STATUS`
--

LOCK TABLES `STATUS` WRITE;
/*!40000 ALTER TABLE `STATUS` DISABLE KEYS */;
INSERT INTO `STATUS` VALUES (1,0,0,0,0,0,'2018-02-27 21:44:24'),(2,2,4,3,1,0.75,'2018-02-27 21:49:24'),(3,3,10,8,2,0.8,'2018-02-27 21:54:24'),(4,5,15,10,5,0.666667,'2018-02-27 21:59:25'),(5,6,19,13,6,0.684211,'2018-02-27 22:04:25'),(6,8,24,17,7,0.708333,'2018-02-27 22:09:25'),(7,9,32,23,9,0.71875,'2018-02-27 22:14:25'),(8,10,37,28,9,0.756757,'2018-02-27 22:19:25'),(9,12,43,33,10,0.767442,'2018-02-27 22:24:25'),(10,13,49,37,12,0.755102,'2018-02-27 22:29:25'),(11,15,55,41,14,0.745455,'2018-02-27 22:34:26'),(12,16,62,47,15,0.758065,'2018-02-27 22:39:26'),(13,18,67,51,16,0.761194,'2018-02-27 22:44:26'),(14,19,71,55,16,0.774648,'2018-02-27 22:49:26'),(15,20,74,57,17,0.77027,'2018-02-27 22:54:26'),(16,22,79,62,17,0.78481,'2018-02-27 22:59:26'),(17,23,81,63,18,0.777778,'2018-02-27 23:04:26'),(18,24,84,66,18,0.785714,'2018-02-27 23:09:26'),(19,25,88,70,18,0.795455,'2018-02-27 23:14:27'),(20,25,92,73,19,0.793478,'2018-02-27 23:19:27'),(21,26,94,74,20,0.787234,'2018-02-27 23:24:27'),(22,26,97,77,20,0.793814,'2018-02-27 23:29:27'),(23,26,98,78,20,0.795918,'2018-02-27 23:34:27'),(24,26,101,81,20,0.80198,'2018-02-27 23:39:27'),(25,26,107,87,20,0.813084,'2018-02-27 23:44:27'),(26,27,110,88,22,0.8,'2018-02-27 23:49:28'),(27,27,111,89,22,0.801802,'2018-02-27 23:54:28'),(28,27,114,91,23,0.798246,'2018-02-27 23:59:28'),(29,27,117,93,24,0.794872,'2018-02-28 00:04:28'),(30,27,117,94,23,0.803419,'2018-02-28 00:09:28'),(31,27,124,101,23,0.814516,'2018-02-28 00:14:28');
/*!40000 ALTER TABLE `STATUS` ENABLE KEYS */;
UNLOCK TABLES;

--
-- Table structure for table `THRESHOLD`
--

DROP TABLE IF EXISTS `THRESHOLD`;
/*!40101 SET @saved_cs_client     = @@character_set_client */;
/*!40101 SET character_set_client = utf8 */;
CREATE TABLE `THRESHOLD` (
  `division` int(11) NOT NULL,
  `botton` float DEFAULT '0',
  `top` float DEFAULT '0',
  PRIMARY KEY (`division`)
) ENGINE=InnoDB DEFAULT CHARSET=utf8;
/*!40101 SET character_set_client = @saved_cs_client */;

--
-- Dumping data for table `THRESHOLD`
--

LOCK TABLES `THRESHOLD` WRITE;
/*!40000 ALTER TABLE `THRESHOLD` DISABLE KEYS */;
INSERT INTO `THRESHOLD` VALUES (1,8.76,20),(2,4.38,8.76),(3,0,4.38);
/*!40000 ALTER TABLE `THRESHOLD` ENABLE KEYS */;
UNLOCK TABLES;

--
-- Table structure for table `VM`
--

DROP TABLE IF EXISTS `VM`;
/*!40101 SET @saved_cs_client     = @@character_set_client */;
/*!40101 SET character_set_client = utf8 */;
CREATE TABLE `VM` (
  `id` int(11) NOT NULL AUTO_INCREMENT,
  `origin_add` varchar(45) NOT NULL,
  `origin_id` varchar(45) NOT NULL,
  `origin_name` varchar(45) NOT NULL,
  `destiny_add` varchar(45) NOT NULL,
  `destiny_name` varchar(45) NOT NULL,
  `destiny_id` varchar(45) NOT NULL,
  `status` tinyint(1) NOT NULL,
  `has_resources` tinyint(1) NOT NULL,
  `vcpus` int(11) NOT NULL,
  `mem` bigint(20) NOT NULL,
  `disk` bigint(20) NOT NULL,
  `timestamp_received` timestamp NULL DEFAULT NULL,
  `timestamp_finished` timestamp NULL DEFAULT NULL,
  PRIMARY KEY (`id`)
) ENGINE=InnoDB AUTO_INCREMENT=125 DEFAULT CHARSET=utf8;
/*!40101 SET character_set_client = @saved_cs_client */;

--
-- Dumping data for table `VM`
--

LOCK TABLES `VM` WRITE;
/*!40000 ALTER TABLE `VM` DISABLE KEYS */;
INSERT INTO `VM` VALUES (1,'192.168.0.200','playerVirtual1_450512000','playerVirtual1','192.168.0.200','playerVirtual2','playerVirtual2_b18c1e801e',1,1,1,2048,20,'2018-02-27 21:46:37',NULL),(2,'192.168.0.200','playerVirtual2_1438244924','playerVirtual2','192.168.0.200','playerVirtual1','playerVirtual1_1f1041138c',3,1,1,2048,20,'2018-02-27 21:46:39','2018-02-27 22:48:31'),(3,'192.168.0.200','playerVirtual1_640692267','playerVirtual1','192.168.0.200','playerVirtual2','playerVirtual2_c781647c5b',1,1,1,512,1,'2018-02-27 21:48:42',NULL),(4,'192.168.0.200','playerVirtual2_2381571381','playerVirtual2','192.168.0.200','playerVirtual1','playerVirtual2_2381571381',0,0,1,2048,20,'2018-02-27 21:48:43','2018-02-27 21:48:43'),(5,'192.168.0.200','playerVirtual1_5297461910','playerVirtual1','192.168.0.200','playerVirtual3','playerVirtual3_2dde283d54',1,1,1,512,1,'2018-02-27 21:50:45',NULL),(6,'192.168.0.200','playerVirtual2_2790332778','playerVirtual2','192.168.0.200','playerVirtual3','playerVirtual3_d265476b73',1,1,2,4096,40,'2018-02-27 21:50:51',NULL),(7,'192.168.0.200','playerVirtual3_369721705','playerVirtual3','192.168.0.200','playerVirtual2','playerVirtual2_a187eba069',1,1,2,4096,40,'2018-02-27 21:51:46',NULL),(8,'192.168.0.200','playerVirtual1_317469422','playerVirtual1','192.168.0.200','playerVirtual2','playerVirtual2_b2be5d2f15',1,1,2,4096,40,'2018-02-27 21:52:55',NULL),(9,'192.168.0.200','playerVirtual2_6955737','playerVirtual2','192.168.0.200','playerVirtual1','playerVirtual2_6955737',0,0,1,2048,20,'2018-02-27 21:52:56','2018-02-27 21:52:56'),(10,'192.168.0.200','playerVirtual3_257338104','playerVirtual3','192.168.0.200','playerVirtual2','playerVirtual2_fc52d227cb',1,1,2,4096,40,'2018-02-27 21:53:47',NULL),(11,'192.168.0.200','playerVirtual2_2433236783','playerVirtual2','192.168.0.200','playerVirtual3','playerVirtual2_2433236783',0,0,1,2048,20,'2018-02-27 21:55:05','2018-02-27 21:55:05'),(12,'192.168.0.200','playerVirtual3_3338579772','playerVirtual3','192.168.0.200','playerVirtual4','playerVirtual4_556789d9aa',3,1,1,2048,20,'2018-02-27 21:56:00','2018-02-27 22:46:33'),(13,'192.168.0.200','playerVirtual2_2359368952','playerVirtual2','192.168.0.200','playerVirtual0','playerVirtual2_2359368952',0,1,1,512,1,'2018-02-27 21:57:21','2018-02-27 21:57:21'),(14,'192.168.0.200','playerVirtual3_16917741','playerVirtual3','192.168.0.200','playerVirtual4','playerVirtual4_322029fc6c',1,1,1,512,1,'2018-02-27 21:58:15',NULL),(15,'192.168.0.200','playerVirtual4_2545640208','playerVirtual4','192.168.0.200','playerVirtual0','playerVirtual4_2545640208',0,1,1,2048,20,'2018-02-27 21:59:12','2018-02-27 21:59:12'),(16,'192.168.0.200','playerVirtual2_539194189','playerVirtual2','192.168.0.200','playerVirtual4','playerVirtual4_da4ab46f05',3,1,1,2048,20,'2018-02-27 21:59:51','2018-02-27 23:24:50'),(17,'192.168.0.200','playerVirtual3_4820204870','playerVirtual3','192.168.0.200','playerVirtual5','playerVirtual5_92ed74c3d0',3,1,2,4096,40,'2018-02-27 22:01:28','2018-02-27 22:29:50'),(18,'192.168.0.200','playerVirtual4_8058564','playerVirtual4','192.168.0.200','playerVirtual0','playerVirtual4_8058564',0,1,1,2048,20,'2018-02-27 22:03:06','2018-02-27 22:03:06'),(19,'192.168.0.200','playerVirtual2_82730999','playerVirtual2','192.168.0.200','playerVirtual4','playerVirtual4_e6aa0dd383',1,1,1,512,1,'2018-02-27 22:03:44',NULL),(20,'192.168.0.200','playerVirtual3_351652724','playerVirtual3','192.168.0.200','playerVirtual5','playerVirtual5_58ed3d9677',1,1,1,2048,20,'2018-02-27 22:04:40',NULL),(21,'192.168.0.200','playerVirtual4_6571218','playerVirtual4','192.168.0.200','playerVirtual6','playerVirtual6_34c18f70d0',1,1,1,2048,20,'2018-02-27 22:05:37',NULL),(22,'192.168.0.200','playerVirtual5_1339662','playerVirtual5','192.168.0.200','playerVirtual4','playerVirtual4_a6e7c94d20',1,1,1,2048,20,'2018-02-27 22:06:03',NULL),(23,'192.168.0.200','playerVirtual2_1436344784','playerVirtual2','192.168.0.200','playerVirtual5','playerVirtual5_dca86cd963',3,1,1,2048,20,'2018-02-27 22:06:22','2018-02-27 23:06:09'),(24,'192.168.0.200','playerVirtual3_284794223','playerVirtual3','192.168.0.200','playerVirtual1804','playerVirtual3_284794223',0,1,1,2048,20,'2018-02-27 22:08:01','2018-02-27 22:08:01'),(25,'192.168.0.200','playerVirtual4_359920779','playerVirtual4','192.168.0.200','playerVirtual6','playerVirtual6_53b82f5494',3,1,1,512,1,'2018-02-27 22:09:39','2018-02-27 23:23:36'),(26,'192.168.0.200','playerVirtual2_2904109077','playerVirtual2','192.168.0.200','playerVirtual4','playerVirtual4_8e373c839d',1,1,1,512,1,'2018-02-27 22:10:18',NULL),(27,'192.168.0.200','playerVirtual5_904011','playerVirtual5','192.168.0.200','playerVirtual1804','playerVirtual5_904011',0,1,1,2048,20,'2018-02-27 22:10:23','2018-02-27 22:10:23'),(28,'192.168.0.200','playerVirtual6_1093460','playerVirtual6','192.168.0.200','playerVirtual7','playerVirtual7_3a39167911',1,1,1,512,1,'2018-02-27 22:11:09',NULL),(29,'192.168.0.200','playerVirtual3_905614','playerVirtual3','192.168.0.200','playerVirtual5','playerVirtual5_d9b4700ee4',1,1,1,2048,20,'2018-02-27 22:11:14',NULL),(30,'192.168.0.200','playerVirtual4_470485660','playerVirtual4','192.168.0.200','playerVirtual6','playerVirtual6_ecfd282cc8',1,1,2,4096,40,'2018-02-27 22:12:14',NULL),(31,'192.168.0.200','playerVirtual5_5792765','playerVirtual5','192.168.0.200','playerVirtual4','playerVirtual4_0d981dac8f',1,1,1,512,1,'2018-02-27 22:12:44',NULL),(32,'192.168.0.200','playerVirtual2_30788568','playerVirtual2','192.168.0.200','playerVirtual1804','playerVirtual2_30788568',0,1,1,512,1,'2018-02-27 22:13:02','2018-02-27 22:13:02'),(33,'192.168.0.200','playerVirtual3_400453824','playerVirtual3','192.168.0.200','playerVirtual5','playerVirtual5_b016747db2',1,1,1,512,1,'2018-02-27 22:14:48',NULL),(34,'192.168.0.200','playerVirtual6_38671842','playerVirtual6','192.168.0.200','playerVirtual8','playerVirtual8_9af108ee03',1,1,1,512,1,'2018-02-27 22:15:55',NULL),(35,'192.168.0.200','playerVirtual4_4819935267','playerVirtual4','192.168.0.200','playerVirtual2','playerVirtual2_67be7a613a',1,1,2,4096,40,'2018-02-27 22:16:36',NULL),(36,'192.168.0.200','playerVirtual2_6264344062','playerVirtual2','192.168.0.200','playerVirtual6','playerVirtual6_62f5abef13',3,1,1,512,1,'2018-02-27 22:17:18','2018-02-27 23:00:12'),(37,'192.168.0.200','playerVirtual5_4820217293','playerVirtual5','192.168.0.200','playerVirtual8','playerVirtual8_5fdaa70bba',1,1,2,4096,40,'2018-02-27 22:17:23',NULL),(38,'192.168.0.200','playerVirtual6_2148750930','playerVirtual6','192.168.0.200','playerVirtual4','playerVirtual4_271dd3666b',1,1,1,2048,20,'2018-02-27 22:19:41',NULL),(39,'192.168.0.200','playerVirtual3_1095593','playerVirtual3','192.168.0.200','playerVirtual8','playerVirtual8_797f52b913',3,1,1,512,1,'2018-02-27 22:19:42','2018-02-27 22:58:42'),(40,'192.168.0.200','playerVirtual4_563574327','playerVirtual4','192.168.0.200','playerVirtual9','playerVirtual9_0a9e17e505',1,1,1,2048,20,'2018-02-27 22:20:50',NULL),(41,'192.168.0.200','playerVirtual8_227443932','playerVirtual8','192.168.0.200','playerVirtual1271','playerVirtual8_227443932',0,1,1,2048,20,'2018-02-27 22:21:01','2018-02-27 22:21:01'),(42,'192.168.0.200','playerVirtual5_16915963','playerVirtual5','192.168.0.200','playerVirtual8','playerVirtual8_8c0a01f256',1,1,1,2048,20,'2018-02-27 22:21:26',NULL),(43,'192.168.0.200','playerVirtual3_6274355716','playerVirtual3','192.168.0.200','playerVirtual9','playerVirtual9_b97d45017b',3,1,1,512,1,'2018-02-27 22:23:39','2018-02-27 23:07:49'),(44,'192.168.0.200','playerVirtual6_272887063','playerVirtual6','192.168.0.200','playerVirtual4','playerVirtual4_61e5dd577f',3,1,1,2048,20,'2018-02-27 22:24:43','2018-02-27 22:35:43'),(45,'192.168.0.200','playerVirtual8_4820204870','playerVirtual8','192.168.0.200','playerVirtual6','playerVirtual6_de4c78465f',1,1,2,4096,40,'2018-02-27 22:24:43',NULL),(46,'192.168.0.200','playerVirtual2_38676294','playerVirtual2','192.168.0.200','playerVirtual1271','playerVirtual2_38676294',0,1,1,512,1,'2018-02-27 22:25:10','2018-02-27 22:25:10'),(47,'192.168.0.200','playerVirtual9_5623125514','playerVirtual9','192.168.0.200','playerVirtual10','playerVirtual10_4bd4bf9084',1,1,1,2048,20,'2018-02-27 22:26:17',NULL),(48,'192.168.0.200','playerVirtual4_182859403','playerVirtual4','192.168.0.200','playerVirtual8','playerVirtual8_90b9b9e28d',3,1,1,512,1,'2018-02-27 22:26:30','2018-02-27 22:59:32'),(49,'192.168.0.200','playerVirtual5_990694203','playerVirtual5','192.168.0.200','playerVirtual1271','playerVirtual5_990694203',0,1,1,2048,20,'2018-02-27 22:27:49','2018-02-27 22:27:49'),(50,'192.168.0.200','playerVirtual6_6280643141','playerVirtual6','192.168.0.200','playerVirtual5','playerVirtual5_aeedc78c3b',1,1,1,512,1,'2018-02-27 22:30:25',NULL),(51,'192.168.0.200','playerVirtual9_6282149131','playerVirtual9','192.168.0.200','playerVirtual10','playerVirtual10_ffabf072e2',1,1,1,512,1,'2018-02-27 22:30:35',NULL),(52,'192.168.0.200','playerVirtual2_272887063','playerVirtual2','192.168.0.200','playerVirtual11','playerVirtual11_4ea46906ff',3,1,1,2048,20,'2018-02-27 22:31:15','2018-02-28 00:09:47'),(53,'192.168.0.200','playerVirtual8_4476462938','playerVirtual8','192.168.0.200','playerVirtual6','playerVirtual6_84df5ea425',1,1,1,2048,20,'2018-02-27 22:31:56',NULL),(54,'192.168.0.200','playerVirtual10_6280638724','playerVirtual10','192.168.0.200','playerVirtual1937','playerVirtual10_6280638724',0,1,1,512,1,'2018-02-27 22:33:21','2018-02-27 22:33:21'),(55,'192.168.0.200','playerVirtual3_1436323714','playerVirtual3','192.168.0.200','playerVirtual10','playerVirtual10_7d33c4f1e2',1,1,1,2048,20,'2018-02-27 22:33:54',NULL),(56,'192.168.0.200','playerVirtual8_6285257156','playerVirtual8','192.168.0.200','playerVirtual12','playerVirtual12_e69ec6af6d',1,1,1,512,1,'2018-02-27 22:36:35',NULL),(57,'192.168.0.200','playerVirtual2_182859403','playerVirtual2','192.168.0.200','playerVirtual4','playerVirtual4_93558fda72',3,1,1,512,1,'2018-02-27 22:36:53','2018-02-27 23:15:21'),(58,'192.168.0.200','playerVirtual4_214880781','playerVirtual4','192.168.0.200','playerVirtual8','playerVirtual8_69e26e2cb4',1,1,1,2048,20,'2018-02-27 22:36:56',NULL),(59,'192.168.0.200','playerVirtual10_6955737','playerVirtual10','192.168.0.200','playerVirtual11','playerVirtual11_cc758954e4',1,1,1,2048,20,'2018-02-27 22:37:09',NULL),(60,'192.168.0.200','playerVirtual9_1094955','playerVirtual9','192.168.0.200','playerVirtual1937','playerVirtual9_1094955',0,1,1,512,1,'2018-02-27 22:37:44','2018-02-27 22:37:44'),(61,'192.168.0.200','playerVirtual5_16914091','playerVirtual5','192.168.0.200','playerVirtual6','playerVirtual6_216884d6b6',1,1,1,2048,20,'2018-02-27 22:38:18',NULL),(62,'192.168.0.200','playerVirtual11_682797','playerVirtual11','192.168.0.200','playerVirtual10','playerVirtual10_57830db289',1,1,1,2048,20,'2018-02-27 22:39:00',NULL),(63,'192.168.0.200','playerVirtual3_1438244924','playerVirtual3','192.168.0.200','playerVirtual13','playerVirtual13_443c4c1fcc',3,1,1,2048,20,'2018-02-27 22:41:28','2018-02-27 22:53:56'),(64,'192.168.0.200','playerVirtual6_2381571381','playerVirtual6','192.168.0.200','playerVirtual12','playerVirtual12_fe6d2e4765',1,1,1,2048,20,'2018-02-27 22:42:13',NULL),(65,'192.168.0.200','playerVirtual4_6289355687','playerVirtual4','192.168.0.200','playerVirtual8','playerVirtual8_0d8e1755f8',1,1,1,512,1,'2018-02-27 22:43:22',NULL),(66,'192.168.0.200','playerVirtual11_794070039','playerVirtual11','192.168.0.200','playerVirtual10','playerVirtual10_5d218f0bdb',1,1,1,512,1,'2018-02-27 22:43:35',NULL),(67,'192.168.0.200','playerVirtual9_6289704471','playerVirtual9','192.168.0.200','playerVirtual1368','playerVirtual9_6289704471',0,1,1,512,1,'2018-02-27 22:44:06','2018-02-27 22:44:06'),(68,'192.168.0.200','playerVirtual5_1436344784','playerVirtual5','192.168.0.200','playerVirtual11','playerVirtual11_31fe7d50a8',3,1,1,2048,20,'2018-02-27 22:44:44','2018-02-27 23:54:12'),(69,'192.168.0.200','playerVirtual8_2378747961','playerVirtual8','192.168.0.200','playerVirtual13','playerVirtual13_10a1bb9a56',3,1,1,512,1,'2018-02-27 22:44:46','2018-02-27 22:50:59'),(70,'192.168.0.200','playerVirtual12_3338579772','playerVirtual12','192.168.0.200','playerVirtual10','playerVirtual10_ba6c0cae6c',1,1,1,2048,20,'2018-02-27 22:45:11',NULL),(71,'192.168.0.200','playerVirtual10_1438244924','playerVirtual10','192.168.0.200','playerVirtual14','playerVirtual14_220356252a',1,1,1,2048,20,'2018-02-27 22:46:50',NULL),(72,'192.168.0.200','playerVirtual6_6296268057','playerVirtual6','192.168.0.200','playerVirtual4','playerVirtual4_4e86fe81b1',1,1,1,512,1,'2018-02-27 22:50:37',NULL),(73,'192.168.0.200','playerVirtual13_990694203','playerVirtual13','192.168.0.200','playerVirtual15','playerVirtual15_e5458dfe21',3,1,1,2048,20,'2018-02-27 22:52:09','2018-02-27 22:54:11'),(74,'192.168.0.200','playerVirtual4_182859403','playerVirtual4','192.168.0.200','playerVirtual12','playerVirtual12_1ccdef88b4',3,1,1,512,1,'2018-02-27 22:54:09','2018-02-27 22:59:32'),(75,'192.168.0.200','playerVirtual12_1095593','playerVirtual12','192.168.0.200','playerVirtual13','playerVirtual13_5cc8b0a200',3,1,1,512,1,'2018-02-27 22:54:45','2018-02-27 23:05:43'),(76,'192.168.0.200','playerVirtual9_6301942525','playerVirtual9','192.168.0.200','playerVirtual16','playerVirtual16_89c063cb9d',1,1,1,512,1,'2018-02-27 22:56:04',NULL),(77,'192.168.0.200','playerVirtual11_6264344062','playerVirtual11','192.168.0.200','playerVirtual10','playerVirtual10_e29e38b5d7',1,1,1,2048,20,'2018-02-27 22:56:48',NULL),(78,'192.168.0.200','playerVirtual10_6274355716','playerVirtual10','192.168.0.200','playerVirtual14','playerVirtual14_19aa014704',1,1,1,512,1,'2018-02-27 22:57:55',NULL),(79,'192.168.0.200','playerVirtual5_6289704471','playerVirtual5','192.168.0.200','playerVirtual8','playerVirtual8_8ef0abebc6',3,1,1,2048,20,'2018-02-27 22:58:24','2018-02-27 23:18:34'),(80,'192.168.0.200','playerVirtual14_5297461910','playerVirtual14','192.168.0.200','playerVirtual1239','playerVirtual14_5297461910',0,1,1,512,1,'2018-02-27 23:01:36','2018-02-27 23:01:36'),(81,'192.168.0.200','playerVirtual6_539194189','playerVirtual6','192.168.0.200','playerVirtual17','playerVirtual17_1222dd750f',1,1,1,2048,20,'2018-02-27 23:03:14',NULL),(82,'192.168.0.200','playerVirtual8_908315','playerVirtual8','192.168.0.200','playerVirtual6','playerVirtual6_604d99ef27',1,1,1,2048,20,'2018-02-27 23:04:41',NULL),(83,'192.168.0.200','playerVirtual11_4246147567','playerVirtual11','192.168.0.200','playerVirtual18','playerVirtual18_51e5cac3ae',3,1,2,4096,40,'2018-02-27 23:06:29','2018-02-27 23:19:44'),(84,'192.168.0.200','playerVirtual14_4246147567','playerVirtual14','192.168.0.200','playerVirtual9','playerVirtual9_d89e719f67',3,1,2,4096,40,'2018-02-27 23:08:19','2018-02-27 23:51:02'),(85,'192.168.0.200','playerVirtual10_4246147567','playerVirtual10','192.168.0.200','playerVirtual15','playerVirtual15_64af54bfe2',3,1,2,4096,40,'2018-02-27 23:10:10','2018-02-27 23:45:44'),(86,'192.168.0.200','playerVirtual13_4246147567','playerVirtual13','192.168.0.200','playerVirtual19','playerVirtual19_cfa8b82dc6',3,1,2,4096,40,'2018-02-27 23:13:40','2018-02-28 00:06:27'),(87,'192.168.0.200','playerVirtual15_4246147567','playerVirtual15','192.168.0.200','playerVirtual12','playerVirtual12_845746dd4e',3,1,2,4096,40,'2018-02-27 23:14:16','2018-02-27 23:59:47'),(88,'192.168.0.200','playerVirtual8_990694203','playerVirtual8','192.168.0.200','playerVirtual5','playerVirtual5_a7e33e88e2',3,1,1,2048,20,'2018-02-27 23:14:17','2018-02-27 23:29:05'),(89,'192.168.0.200','playerVirtual6_6316827871','playerVirtual6','192.168.0.200','playerVirtual13','playerVirtual13_e95d27ed28',1,1,1,512,1,'2018-02-27 23:14:33',NULL),(90,'192.168.0.200','playerVirtual4_6315250734','playerVirtual4','192.168.0.200','playerVirtual16','playerVirtual16_97529c4c5f',1,1,1,512,1,'2018-02-27 23:15:34',NULL),(91,'192.168.0.200','playerVirtual12_4246147567','playerVirtual12','192.168.0.200','playerVirtual4','playerVirtual4_ccd121f84f',3,1,2,4096,40,'2018-02-27 23:17:46','2018-02-27 23:28:39'),(92,'192.168.0.200','playerVirtual9_2378747961','playerVirtual9','192.168.0.200','playerVirtual10','playerVirtual10_d0fcf24435',1,1,1,512,1,'2018-02-27 23:19:00',NULL),(93,'192.168.0.200','playerVirtual16_6322213339','playerVirtual16','192.168.0.200','playerVirtual14','playerVirtual14_8f3d771bc2',1,1,1,512,1,'2018-02-27 23:20:04',NULL),(94,'192.168.0.200','playerVirtual3_4246147567','playerVirtual3','192.168.0.200','playerVirtual1691','playerVirtual3_4246147567',0,1,2,4096,40,'2018-02-27 23:21:08','2018-02-27 23:21:08'),(95,'192.168.0.200','playerVirtual9_4246147567','playerVirtual9','192.168.0.200','playerVirtual18','playerVirtual18_c123571f64',3,1,2,4096,40,'2018-02-27 23:28:16','2018-02-28 00:12:36'),(96,'192.168.0.200','playerVirtual5_4246147567','playerVirtual5','192.168.0.200','playerVirtual8','playerVirtual8_f1a1943d8c',3,1,2,4096,40,'2018-02-27 23:28:20','2018-02-27 23:43:08'),(97,'192.168.0.200','playerVirtual6_4246147567','playerVirtual6','192.168.0.200','playerVirtual9','playerVirtual9_72bc7931ae',3,1,2,4096,40,'2018-02-27 23:28:33','2018-02-27 23:39:52'),(98,'192.168.0.200','playerVirtual11_359920779','playerVirtual11','192.168.0.200','playerVirtual15','playerVirtual15_fbf480a78f',1,1,1,512,1,'2018-02-27 23:31:11',NULL),(99,'192.168.0.200','playerVirtual14_4246147567','playerVirtual14','192.168.0.200','playerVirtual19','playerVirtual19_ce6b1eb1bc',3,1,2,4096,40,'2018-02-27 23:34:50','2018-02-27 23:51:02'),(100,'192.168.0.200','playerVirtual10_4246147567','playerVirtual10','192.168.0.200','playerVirtual13','playerVirtual13_1c984080ed',3,1,2,4096,40,'2018-02-27 23:35:38','2018-02-27 23:45:44'),(101,'192.168.0.200','playerVirtual13_1095593','playerVirtual13','192.168.0.200','playerVirtual16','playerVirtual16_e58ca25340',1,1,1,512,1,'2018-02-27 23:38:07',NULL),(102,'192.168.0.200','playerVirtual2_4246147567','playerVirtual2','192.168.0.200','playerVirtual6','playerVirtual6_a57d939af1',3,1,2,4096,40,'2018-02-27 23:40:27','2018-02-27 23:51:02'),(103,'192.168.0.200','playerVirtual8_4246147567','playerVirtual8','192.168.0.200','playerVirtual2','playerVirtual2_a4f2a49103',3,1,2,4096,40,'2018-02-27 23:41:02','2018-02-27 23:55:49'),(104,'192.168.0.200','playerVirtual16_4246147567','playerVirtual16','192.168.0.200','playerVirtual14','playerVirtual14_22a8db1493',3,1,2,4096,40,'2018-02-27 23:41:31','2018-02-28 00:14:18'),(105,'192.168.0.200','playerVirtual4_4246147567','playerVirtual4','192.168.0.200','playerVirtual12','playerVirtual12_3d23c1c007',3,1,2,4096,40,'2018-02-27 23:41:31','2018-02-27 23:49:24'),(106,'192.168.0.200','playerVirtual15_4246147567','playerVirtual15','192.168.0.200','playerVirtual18','playerVirtual18_ef12f36309',3,1,2,4096,40,'2018-02-27 23:41:55','2018-02-27 23:59:47'),(107,'192.168.0.200','playerVirtual13_4246147567','playerVirtual13','192.168.0.200','playerVirtual5','playerVirtual5_5732c2e116',3,1,2,4096,40,'2018-02-27 23:44:01','2018-02-28 00:06:27'),(108,'192.168.0.200','playerVirtual12_6335261139','playerVirtual12','192.168.0.200','playerVirtual9','playerVirtual9_0e847696bc',1,1,1,512,1,'2018-02-27 23:44:30',NULL),(109,'192.168.0.200','playerVirtual11_4246147567','playerVirtual11','192.168.0.200','playerVirtual1909','playerVirtual11_4246147567',0,1,2,4096,40,'2018-02-27 23:47:09','2018-02-27 23:47:09'),(110,'192.168.0.200','playerVirtual3_4246147567','playerVirtual3','192.168.0.200','playerVirtual15','playerVirtual15_805d07ac2a',1,1,2,4096,40,'2018-02-27 23:48:06',NULL),(111,'192.168.0.200','playerVirtual18_4246147567','playerVirtual18','192.168.0.200','playerVirtual19','playerVirtual19_b3361e168c',3,1,2,4096,40,'2018-02-27 23:53:45','2018-02-27 23:58:27'),(112,'192.168.0.200','playerVirtual9_4246147567','playerVirtual9','192.168.0.200','playerVirtual11','playerVirtual11_2137659495',3,1,2,4096,40,'2018-02-27 23:57:03','2018-02-28 00:12:36'),(113,'192.168.0.200','playerVirtual6_6344084916','playerVirtual6','192.168.0.200','playerVirtual13','playerVirtual13_e4bc953680',1,1,1,512,1,'2018-02-27 23:57:09',NULL),(114,'192.168.0.200','playerVirtual12_990694203','playerVirtual12','192.168.0.200','playerVirtual6','playerVirtual6_7cb63161f1',3,1,1,2048,20,'2018-02-27 23:57:26','2018-02-28 00:14:18'),(115,'192.168.0.200','playerVirtual19_4246147567','playerVirtual19','192.168.0.200','playerVirtual14','playerVirtual14_4a58dbfb29',1,1,2,4096,40,'2018-02-28 00:00:28',NULL),(116,'192.168.0.200','playerVirtual10_4246147567','playerVirtual10','192.168.0.200','playerVirtual3','playerVirtual10_4246147567',0,0,2,4096,40,'2018-02-28 00:03:42','2018-02-28 00:03:42'),(117,'192.168.0.200','playerVirtual14_6566788','playerVirtual14','192.168.0.200','playerVirtual12','playerVirtual12_d93d8a1d91',1,1,1,2048,20,'2018-02-28 00:03:55',NULL),(118,'192.168.0.200','playerVirtual6_4246147567','playerVirtual6','192.168.0.200','playerVirtual18','playerVirtual18_018e77dc05',1,1,2,4096,40,'2018-02-28 00:10:28',NULL),(119,'192.168.0.200','playerVirtual16_4246147567','playerVirtual16','192.168.0.200','playerVirtual11','playerVirtual11_87d46afef5',3,1,2,4096,40,'2018-02-28 00:10:39','2018-02-28 00:14:18'),(120,'192.168.0.200','playerVirtual8_82730999','playerVirtual8','192.168.0.200','playerVirtual4','playerVirtual4_18f909d597',1,1,1,512,1,'2018-02-28 00:11:18',NULL),(121,'192.168.0.200','playerVirtual4_4246147567','playerVirtual4','192.168.0.200','playerVirtual8','playerVirtual8_84127b14e8',1,1,2,4096,40,'2018-02-28 00:11:19',NULL),(122,'192.168.0.200','playerVirtual15_16917741','playerVirtual15','192.168.0.200','playerVirtual5','playerVirtual5_744e907356',1,1,1,512,1,'2018-02-28 00:11:45',NULL),(123,'192.168.0.200','playerVirtual5_4246147567','playerVirtual5','192.168.0.200','playerVirtual15','playerVirtual15_689dbdd79a',1,1,2,4096,40,'2018-02-28 00:12:13',NULL),(124,'192.168.0.200','playerVirtual13_3338579772','playerVirtual13','192.168.0.200','playerVirtual19','playerVirtual19_4f4f8d4932',1,1,1,2048,20,'2018-02-28 00:13:54',NULL);
/*!40000 ALTER TABLE `VM` ENABLE KEYS */;
UNLOCK TABLES;
/*!40103 SET TIME_ZONE=@OLD_TIME_ZONE */;

/*!40101 SET SQL_MODE=@OLD_SQL_MODE */;
/*!40014 SET FOREIGN_KEY_CHECKS=@OLD_FOREIGN_KEY_CHECKS */;
/*!40014 SET UNIQUE_CHECKS=@OLD_UNIQUE_CHECKS */;
/*!40101 SET CHARACTER_SET_CLIENT=@OLD_CHARACTER_SET_CLIENT */;
/*!40101 SET CHARACTER_SET_RESULTS=@OLD_CHARACTER_SET_RESULTS */;
/*!40101 SET COLLATION_CONNECTION=@OLD_COLLATION_CONNECTION */;
/*!40111 SET SQL_NOTES=@OLD_SQL_NOTES */;

-- Dump completed on 2018-02-27 21:14:28
