-- MySQL dump 10.14  Distrib 5.5.58-MariaDB, for debian-linux-gnu (x86_64)
--
-- Host: localhost    Database: mct
-- ------------------------------------------------------
-- Server version	5.5.58-MariaDB-1ubuntu0.14.04.1

/*!40101 SET @OLD_CHARACTER_SET_CLIENT=@@CHARACTER_SET_CLIENT */;
/*!40101 SET @OLD_CHARACTER_SET_RESULTS=@@CHARACTER_SET_RESULTS */;
/*!40101 SET @OLD_COLLATION_CONNECTION=@@COLLATION_CONNECTION */;
/*!40101 SET NAMES utf8 */;
/*!40103 SET @OLD_TIME_ZONE=@@TIME_ZONE */;
/*!40103 SET TIME_ZONE='+00:00' */;
/*!40014 SET @OLD_UNIQUE_CHECKS=@@UNIQUE_CHECKS, UNIQUE_CHECKS=0 */;
/*!40014 SET @OLD_FOREIGN_KEY_CHECKS=@@FOREIGN_KEY_CHECKS, FOREIGN_KEY_CHECKS=0 */;
/*!40101 SET @OLD_SQL_MODE=@@SQL_MODE, SQL_MODE='NO_AUTO_VALUE_ON_ZERO' */;
/*!40111 SET @OLD_SQL_NOTES=@@SQL_NOTES, SQL_NOTES=0 */;

--
-- Table structure for table `FIELDS`
--

DROP TABLE IF EXISTS `FIELDS`;
/*!40101 SET @saved_cs_client     = @@character_set_client */;
/*!40101 SET character_set_client = utf8 */;
CREATE TABLE `FIELDS` (
  `operation` int(11) NOT NULL,
  `fields` varchar(45) NOT NULL,
  PRIMARY KEY (`operation`)
) ENGINE=InnoDB DEFAULT CHARSET=utf8;
/*!40101 SET character_set_client = @saved_cs_client */;

--
-- Dumping data for table `FIELDS`
--

LOCK TABLES `FIELDS` WRITE;
/*!40000 ALTER TABLE `FIELDS` DISABLE KEYS */;
INSERT INTO `FIELDS` VALUES (0,'name mem image vcpus disk uuid');
/*!40000 ALTER TABLE `FIELDS` ENABLE KEYS */;
UNLOCK TABLES;

--
-- Table structure for table `PLAYER`
--

DROP TABLE IF EXISTS `PLAYER`;
/*!40101 SET @saved_cs_client     = @@character_set_client */;
/*!40101 SET character_set_client = utf8 */;
CREATE TABLE `PLAYER` (
  `id` int(11) NOT NULL AUTO_INCREMENT,
  `name` varchar(45) NOT NULL,
  `address` varchar(45) NOT NULL,
  `division` int(11) DEFAULT NULL,
  `score` float DEFAULT '0',
  `history` int(11) DEFAULT '0',
  `fairness` float DEFAULT '0',
  `accepts` int(11) DEFAULT '0',
  `rejects` int(11) DEFAULT '0',
  `running` int(11) DEFAULT '0',
  `finished` int(11) DEFAULT '0',
  `problem_del` int(11) DEFAULT '0',
  `vcpus` int(11) DEFAULT '0',
  `memory` bigint(20) DEFAULT '0',
  `local_gb` bigint(20) DEFAULT '0',
  `vcpus_used` bigint(20) DEFAULT '0',
  `memory_used` bigint(20) DEFAULT '0',
  `local_gb_used` bigint(20) DEFAULT '0',
  `max_instance` int(11) DEFAULT '0',
  `token` varchar(45) DEFAULT NULL,
  `suspend` timestamp NULL DEFAULT NULL,
  `enabled` int(11) DEFAULT '0',
  `last_choice` timestamp NOT NULL DEFAULT '2018-01-01 02:00:00',
  `playoff` tinyint(1) DEFAULT '0',
  PRIMARY KEY (`id`)
) ENGINE=InnoDB AUTO_INCREMENT=20 DEFAULT CHARSET=utf8;
/*!40101 SET character_set_client = @saved_cs_client */;

--
-- Dumping data for table `PLAYER`
--

LOCK TABLES `PLAYER` WRITE;
/*!40000 ALTER TABLE `PLAYER` DISABLE KEYS */;
INSERT INTO `PLAYER` VALUES (1,'playerVirtual2','192.168.0.200',1,9.29,30,0.75,9,0,9,0,0,1023,1047552,10230,13,25088,241,9,'16597e345cf42611273f84c6c4c2d01f0cc53ca9',NULL,1,'2018-02-20 23:25:28',0),(2,'playerVirtual0','192.168.0.200',4,-8,0,1,0,4,0,0,0,1023,1047552,10230,0,0,0,6,'59b2c62f63120d89e392207d75ad33e662ede012',NULL,0,'2018-02-20 22:55:52',1),(3,'playerVirtual4','192.168.0.200',1,11.96,28,0.647059,12,0,9,3,0,1023,1047552,10230,11,16384,144,9,'201a8acf8187368002f4eba268a5af9857168df0',NULL,1,'2018-02-21 01:10:21',0),(4,'playerVirtual1619','192.168.0.200',4,-6,0,1,0,3,0,0,0,1023,1047552,10230,0,0,0,6,'5cf367eafe6ce96bc9f581f155d76f1ee7c1db77',NULL,0,'2018-02-20 23:07:08',1),(5,'playerVirtual5','192.168.0.200',3,1.66,27,0.571429,5,1,5,0,0,1023,1047552,10230,5,7168,62,5,'9d1833fd1de7de5dd60d7b301bf38d2c77a8668f',NULL,1,'2018-02-20 23:42:48',0),(6,'playerVirtual6','192.168.0.200',1,9.3,26,0.923077,9,0,7,2,0,1023,1047552,10230,8,10240,84,7,'9f9fa8f83a84643087c6f226ce27d1c8ec850a94',NULL,1,'2018-02-21 00:54:11',0),(7,'playerVirtual1169','192.168.0.200',4,-14,0,1,0,7,0,0,0,1023,1047552,10230,0,0,0,6,'e6efb1e20488ba0b7cf3549f94dbedcf96cf8816',NULL,0,'2018-02-20 23:25:24',1),(8,'playerVirtual8','192.168.0.200',1,11.3,24,0.5,13,0,7,6,0,1023,1047552,10230,7,8192,64,9,'414dee2d6f26f2d6ca812d9c973cfbb4105208bd',NULL,1,'2018-02-21 01:01:19',0),(9,'playerVirtual10','192.168.0.200',2,8.64,22,0.666667,10,0,8,2,0,1023,1047552,10230,9,12288,104,8,'28ca5c1c4026708a9a0f90be2165f2411cba2bd8',NULL,1,'2018-02-21 00:10:07',0),(10,'playerVirtual1643','192.168.0.200',4,-8,0,0.5,0,4,0,0,0,1023,1047552,10230,0,0,0,6,'4bb2bbd51f424e4d36a747fc285bc9b6915a3439',NULL,0,'2018-02-20 23:40:59',1),(11,'playerVirtual13','192.168.0.200',3,3.99,19,0.714286,6,0,5,1,0,1023,1047552,10230,5,7168,62,5,'46ed2dcd8e4747bbe893ab79a8e92340c401533c',NULL,1,'2018-02-21 00:20:38',0),(12,'playerVirtual14','192.168.0.200',3,1.33,18,0.666667,7,0,5,2,0,1023,1047552,10230,5,8704,81,5,'bab1b63d9ae5dc345dea6a9e70611815eb081f4d',NULL,1,'2018-02-21 00:26:17',0),(13,'playerVirtual1373','192.168.0.200',4,-4,0,0,0,2,0,0,0,1023,1047552,10230,0,0,0,6,'51c47c4a13a56198b7e7804efd701afa585e42be',NULL,0,'2018-02-20 23:58:10',1),(14,'playerVirtual15','192.168.0.200',3,2.66,17,0.5,5,0,5,0,0,1023,1047552,10230,5,7168,62,5,'5271bcfb584269967e9d7b6526803b97334b94a9',NULL,1,'2018-02-21 00:22:25',0),(15,'playerVirtual1329','192.168.0.200',4,-4,0,1,0,2,0,0,0,1023,1047552,10230,0,0,0,6,'b89a5227ae099769a7fece86c1a13ad477e651b0',NULL,0,'2018-02-21 00:22:08',1),(16,'playerVirtual19','192.168.0.200',1,10.63,14,0,7,0,5,2,0,1023,1047552,10230,6,6144,44,7,'018dddd19682daabd41208f5ee2928a0320b576a',NULL,1,'2018-02-21 01:16:53',0),(17,'playerVirtual1055','192.168.0.200',4,-10,0,0,0,5,0,0,0,1023,1047552,10230,0,0,0,6,'4ff5f4050db676932800f46566b21f705cd11000',NULL,0,'2018-02-21 00:36:56',1),(18,'playerVirtual1328','192.168.0.200',4,-14,0,0,0,7,0,0,0,1023,1047552,10230,0,0,0,6,'42a3770d393018eafabd9ec7114f0908cc79a7fa',NULL,0,'2018-02-21 01:02:05',1),(19,'playerVirtual1438','192.168.0.200',3,0,1,0,0,0,0,0,0,1023,1047552,10230,0,0,0,6,'7e01294dc86a3f0513018c6b6c2796b7be4200ab',NULL,1,'2018-01-01 02:00:00',0);
/*!40000 ALTER TABLE `PLAYER` ENABLE KEYS */;
UNLOCK TABLES;

--
-- Table structure for table `REQUEST`
--

DROP TABLE IF EXISTS `REQUEST`;
/*!40101 SET @saved_cs_client     = @@character_set_client */;
/*!40101 SET character_set_client = utf8 */;
CREATE TABLE `REQUEST` (
  `id` int(11) NOT NULL AUTO_INCREMENT,
  `player_id` varchar(45) NOT NULL,
  `request_id` varchar(45) NOT NULL,
  `action` int(11) NOT NULL,
  `timestamp_received` timestamp NULL DEFAULT NULL,
  `timestamp_finished` timestamp NULL DEFAULT NULL,
  `status` int(11) NOT NULL,
  PRIMARY KEY (`id`)
) ENGINE=InnoDB AUTO_INCREMENT=449 DEFAULT CHARSET=utf8;
/*!40101 SET character_set_client = @saved_cs_client */;

--
-- Dumping data for table `REQUEST`
--

LOCK TABLES `REQUEST` WRITE;
/*!40000 ALTER TABLE `REQUEST` DISABLE KEYS */;
INSERT INTO `REQUEST` VALUES (1,'playerVirtual2','playerVirtual2_bfd0e0dea1',4,'2018-02-20 22:48:32',NULL,0),(2,'playerVirtual0','playerVirtual0_d091e18737',4,'2018-02-20 22:48:32',NULL,0),(3,'playerVirtual2','playerVirtual2_450512000',0,'2018-02-20 22:49:33',NULL,0),(4,'playerVirtual2','playerVirtual2_450512000',0,'2018-02-20 22:49:34',NULL,0),(5,'playerVirtual0','playerVirtual0_1438244924',0,'2018-02-20 22:49:36',NULL,0),(6,'playerVirtual0','playerVirtual0_1438244924',0,'2018-02-20 22:49:36',NULL,0),(7,'playerVirtual2','playerVirtual2_c9f4da78ec',3,'2018-02-20 22:50:34',NULL,0),(8,'playerVirtual0','playerVirtual0_faa181f79e',3,'2018-02-20 22:50:36',NULL,0),(9,'playerVirtual2','playerVirtual2_640692267',0,'2018-02-20 22:51:39',NULL,0),(10,'playerVirtual2','playerVirtual2_640692267',0,'2018-02-20 22:51:39',NULL,0),(11,'playerVirtual0','playerVirtual0_2381571381',0,'2018-02-20 22:51:40',NULL,0),(12,'playerVirtual0','playerVirtual0_2381571381',0,'2018-02-20 22:51:40',NULL,0),(13,'playerVirtual2','playerVirtual2_dbdea631cd',4,'2018-02-20 22:52:39',NULL,0),(14,'playerVirtual0','playerVirtual0_78406cc18e',4,'2018-02-20 22:52:40',NULL,0),(15,'playerVirtual2','playerVirtual2_5297461910',0,'2018-02-20 22:53:43',NULL,0),(16,'playerVirtual2','playerVirtual2_5297461910',0,'2018-02-20 22:53:43',NULL,0),(17,'playerVirtual0','playerVirtual0_2790332778',0,'2018-02-20 22:53:47',NULL,0),(18,'playerVirtual0','playerVirtual0_2790332778',0,'2018-02-20 22:53:48',NULL,0),(19,'playerVirtual2','playerVirtual2_c7b1271368',3,'2018-02-20 22:54:43',NULL,0),(20,'playerVirtual0','playerVirtual0_2bb785fe83',3,'2018-02-20 22:54:48',NULL,0),(21,'playerVirtual2','playerVirtual2_369721705',0,'2018-02-20 22:55:52',NULL,0),(22,'playerVirtual2','playerVirtual2_369721705',0,'2018-02-20 22:55:52',NULL,0),(23,'playerVirtual0','playerVirtual0_317469422',0,'2018-02-20 22:55:53',NULL,0),(24,'playerVirtual0','playerVirtual0_317469422',0,'2018-02-20 22:55:53',NULL,0),(25,'playerVirtual2','playerVirtual2_164ed2eb1a',4,'2018-02-20 22:56:52',NULL,0),(26,'playerVirtual0','playerVirtual0_3d78194c52',4,'2018-02-20 22:56:53',NULL,0),(27,'playerVirtual2','playerVirtual2_6955737',0,'2018-02-20 22:57:55',NULL,0),(28,'playerVirtual4','playerVirtual4_e3d69671ab',4,'2018-02-20 22:58:27',NULL,0),(29,'playerVirtual2','playerVirtual2_96a624b152',3,'2018-02-20 22:58:55',NULL,0),(30,'playerVirtual4','playerVirtual4_3584940347',0,'2018-02-20 22:59:40',NULL,0),(31,'playerVirtual4','playerVirtual4_3584940347',0,'2018-02-20 22:59:41',NULL,0),(32,'playerVirtual2','playerVirtual2_2433236783',0,'2018-02-20 23:00:06',NULL,0),(33,'playerVirtual2','playerVirtual2_2433236783',0,'2018-02-20 23:00:06',NULL,0),(34,'playerVirtual1619','playerVirtual1619_ff2263641f',4,'2018-02-20 23:00:06',NULL,0),(35,'playerVirtual4','playerVirtual4_7963e63f13',3,'2018-02-20 23:00:40',NULL,0),(36,'playerVirtual2','playerVirtual2_d5737deb92',4,'2018-02-20 23:01:06',NULL,0),(37,'playerVirtual1619','playerVirtual1619_3338579772',0,'2018-02-20 23:01:21',NULL,0),(38,'playerVirtual1619','playerVirtual1619_3338579772',0,'2018-02-20 23:01:21',NULL,0),(39,'playerVirtual4','playerVirtual4_257407216',0,'2018-02-20 23:01:41',NULL,0),(40,'playerVirtual4','playerVirtual4_257407216',0,'2018-02-20 23:01:42',NULL,0),(41,'playerVirtual2','playerVirtual2_182859403',0,'2018-02-20 23:02:17',NULL,0),(42,'playerVirtual2','playerVirtual2_182859403',0,'2018-02-20 23:02:18',NULL,0),(43,'playerVirtual1619','playerVirtual1619_751c1be0bb',3,'2018-02-20 23:02:21',NULL,0),(44,'playerVirtual4','playerVirtual4_c12075348f',4,'2018-02-20 23:02:41',NULL,0),(45,'playerVirtual2','playerVirtual2_93df823966',3,'2018-02-20 23:03:17',NULL,0),(46,'playerVirtual1619','playerVirtual1619_2359368952',0,'2018-02-20 23:03:31',NULL,0),(47,'playerVirtual1619','playerVirtual1619_2359368952',0,'2018-02-20 23:03:31',NULL,0),(48,'playerVirtual5','playerVirtual5_ae950eb145',4,'2018-02-20 23:03:32',NULL,0),(49,'playerVirtual4','playerVirtual4_16917741',0,'2018-02-20 23:04:08',NULL,0),(50,'playerVirtual4','playerVirtual4_16917741',0,'2018-02-20 23:04:08',NULL,0),(51,'playerVirtual1619','playerVirtual1619_df29410dcd',4,'2018-02-20 23:04:31',NULL,0),(52,'playerVirtual2','playerVirtual2_2545640208',0,'2018-02-20 23:04:43',NULL,0),(53,'playerVirtual2','playerVirtual2_2545640208',0,'2018-02-20 23:04:43',NULL,0),(54,'playerVirtual4','playerVirtual4_560b85ee6f',3,'2018-02-20 23:05:08',NULL,0),(55,'playerVirtual5','playerVirtual5_908315',0,'2018-02-20 23:05:09',NULL,0),(56,'playerVirtual5','playerVirtual5_908315',0,'2018-02-20 23:05:09',NULL,0),(57,'playerVirtual2','playerVirtual2_1d7516ceb5',4,'2018-02-20 23:05:43',NULL,0),(58,'playerVirtual1619','playerVirtual1619_539194189',0,'2018-02-20 23:06:06',NULL,0),(59,'playerVirtual1619','playerVirtual1619_539194189',0,'2018-02-20 23:06:07',NULL,0),(60,'playerVirtual5','playerVirtual5_37e2d82d7d',3,'2018-02-20 23:06:09',NULL,0),(61,'playerVirtual1619','playerVirtual1619_a213cb9fa0',3,'2018-02-20 23:07:06',NULL,0),(62,'playerVirtual4','playerVirtual4_4820204870',0,'2018-02-20 23:07:08',NULL,0),(63,'playerVirtual4','playerVirtual4_4820204870',0,'2018-02-20 23:07:08',NULL,0),(64,'playerVirtual4','playerVirtual4_e8b3b78f3b',4,'2018-02-20 23:08:08',NULL,0),(65,'playerVirtual6','playerVirtual6_8e614c141e',4,'2018-02-20 23:08:32',NULL,0),(66,'playerVirtual2','playerVirtual2_8058564',0,'2018-02-20 23:08:34',NULL,0),(67,'playerVirtual2','playerVirtual2_8058564',0,'2018-02-20 23:08:35',NULL,0),(68,'playerVirtual5','playerVirtual5_1429160667',0,'2018-02-20 23:08:50',NULL,0),(69,'playerVirtual5','playerVirtual5_1429160667',0,'2018-02-20 23:08:50',NULL,0),(70,'playerVirtual2','playerVirtual2_04c0771ee7',3,'2018-02-20 23:09:34',NULL,0),(71,'playerVirtual5','playerVirtual5_d4c87430ae',4,'2018-02-20 23:09:50',NULL,0),(72,'playerVirtual4','playerVirtual4_82730999',0,'2018-02-20 23:10:31',NULL,0),(73,'playerVirtual4','playerVirtual4_82730999',0,'2018-02-20 23:10:31',NULL,0),(74,'playerVirtual2','playerVirtual2_6571218',0,'2018-02-20 23:11:08',NULL,0),(75,'playerVirtual2','playerVirtual2_6571218',0,'2018-02-20 23:11:08',NULL,0),(76,'playerVirtual4','playerVirtual4_990421fabc',3,'2018-02-20 23:11:31',NULL,0),(77,'playerVirtual5','playerVirtual5_778566023',0,'2018-02-20 23:11:36',NULL,0),(78,'playerVirtual5','playerVirtual5_778566023',0,'2018-02-20 23:11:37',NULL,0),(79,'playerVirtual6','playerVirtual6_351652724',0,'2018-02-20 23:11:57',NULL,0),(80,'playerVirtual6','playerVirtual6_351652724',0,'2018-02-20 23:11:57',NULL,0),(81,'playerVirtual1169','playerVirtual1169_82dccbfa7f',4,'2018-02-20 23:11:58',NULL,0),(82,'playerVirtual2','playerVirtual2_f93e43112e',4,'2018-02-20 23:12:08',NULL,0),(83,'playerVirtual5','playerVirtual5_f4928ed577',3,'2018-02-20 23:12:37',NULL,0),(84,'playerVirtual6','playerVirtual6_845672c7cf',3,'2018-02-20 23:12:57',NULL,0),(85,'playerVirtual4','playerVirtual4_1436344784',0,'2018-02-20 23:13:39',NULL,0),(86,'playerVirtual4','playerVirtual4_1436344784',0,'2018-02-20 23:13:40',NULL,0),(87,'playerVirtual6','playerVirtual6_359920779',0,'2018-02-20 23:14:05',NULL,0),(88,'playerVirtual6','playerVirtual6_359920779',0,'2018-02-20 23:14:06',NULL,0),(89,'playerVirtual4','playerVirtual4_f17af90819',4,'2018-02-20 23:14:39',NULL,0),(90,'playerVirtual6','playerVirtual6_da5c9a3949',4,'2018-02-20 23:15:05',NULL,0),(91,'playerVirtual2','playerVirtual2_317497342',0,'2018-02-20 23:15:08',NULL,0),(92,'playerVirtual2','playerVirtual2_317497342',0,'2018-02-20 23:15:08',NULL,0),(93,'playerVirtual5','playerVirtual5_284794223',0,'2018-02-20 23:15:23',NULL,0),(94,'playerVirtual5','playerVirtual5_284794223',0,'2018-02-20 23:15:23',NULL,0),(95,'playerVirtual1169','playerVirtual1169_1339662',0,'2018-02-20 23:15:30',NULL,0),(96,'playerVirtual1169','playerVirtual1169_1339662',0,'2018-02-20 23:15:30',NULL,0),(97,'playerVirtual2','playerVirtual2_42b077850e',3,'2018-02-20 23:16:08',NULL,0),(98,'playerVirtual5','playerVirtual5_2554760d6e',4,'2018-02-20 23:16:23',NULL,0),(99,'playerVirtual1169','playerVirtual1169_df94743075',3,'2018-02-20 23:16:30',NULL,0),(100,'playerVirtual4','playerVirtual4_904011',0,'2018-02-20 23:17:04',NULL,0),(101,'playerVirtual4','playerVirtual4_904011',0,'2018-02-20 23:17:05',NULL,0),(102,'playerVirtual1169','playerVirtual1169_1093460',0,'2018-02-20 23:17:33',NULL,0),(103,'playerVirtual1169','playerVirtual1169_1093460',0,'2018-02-20 23:17:34',NULL,0),(104,'playerVirtual2','playerVirtual2_257338074',0,'2018-02-20 23:17:42',NULL,0),(105,'playerVirtual2','playerVirtual2_257338074',0,'2018-02-20 23:17:42',NULL,0),(106,'playerVirtual4','playerVirtual4_4039e5ab51',3,'2018-02-20 23:18:05',NULL,0),(107,'playerVirtual5','playerVirtual5_905614',0,'2018-02-20 23:18:10',NULL,0),(108,'playerVirtual5','playerVirtual5_905614',0,'2018-02-20 23:18:11',NULL,0),(109,'playerVirtual8','playerVirtual8_0a14af1706',4,'2018-02-20 23:18:29',NULL,0),(110,'playerVirtual6','playerVirtual6_2904109077',0,'2018-02-20 23:18:32',NULL,0),(111,'playerVirtual6','playerVirtual6_2904109077',0,'2018-02-20 23:18:32',NULL,0),(112,'playerVirtual1169','playerVirtual1169_d4a854f740',4,'2018-02-20 23:18:34',NULL,0),(113,'playerVirtual2','playerVirtual2_1db6dc97ca',4,'2018-02-20 23:18:42',NULL,0),(114,'playerVirtual5','playerVirtual5_62870ae251',3,'2018-02-20 23:19:11',NULL,0),(115,'playerVirtual6','playerVirtual6_364b46f7c5',3,'2018-02-20 23:19:33',NULL,0),(116,'playerVirtual4','playerVirtual4_6569547',0,'2018-02-20 23:20:16',NULL,0),(117,'playerVirtual4','playerVirtual4_6569547',0,'2018-02-20 23:20:17',NULL,0),(118,'playerVirtual6','playerVirtual6_400453824',0,'2018-02-20 23:20:54',NULL,0),(119,'playerVirtual6','playerVirtual6_400453824',0,'2018-02-20 23:20:54',NULL,0),(120,'playerVirtual4','playerVirtual4_e08e9e56c3',4,'2018-02-20 23:21:17',NULL,0),(121,'playerVirtual2','playerVirtual2_5792765',0,'2018-02-20 23:21:48',NULL,0),(122,'playerVirtual2','playerVirtual2_5792765',0,'2018-02-20 23:21:49',NULL,0),(123,'playerVirtual6','playerVirtual6_ca79411401',4,'2018-02-20 23:21:54',NULL,0),(124,'playerVirtual8','playerVirtual8_470485660',0,'2018-02-20 23:22:05',NULL,0),(125,'playerVirtual8','playerVirtual8_470485660',0,'2018-02-20 23:22:05',NULL,0),(126,'playerVirtual1169','playerVirtual1169_30788568',0,'2018-02-20 23:22:10',NULL,0),(127,'playerVirtual1169','playerVirtual1169_30788568',0,'2018-02-20 23:22:10',NULL,0),(128,'playerVirtual5','playerVirtual5_38671842',0,'2018-02-20 23:22:11',NULL,0),(129,'playerVirtual5','playerVirtual5_38671842',0,'2018-02-20 23:22:11',NULL,0),(130,'playerVirtual2','playerVirtual2_1824b6c0aa',3,'2018-02-20 23:22:49',NULL,0),(131,'playerVirtual8','playerVirtual8_2b724f94c2',3,'2018-02-20 23:23:05',NULL,0),(132,'playerVirtual1169','playerVirtual1169_901f194a9d',3,'2018-02-20 23:23:10',NULL,0),(133,'playerVirtual5','playerVirtual5_9dfadaee24',4,'2018-02-20 23:23:11',NULL,0),(134,'playerVirtual4','playerVirtual4_4820318661',0,'2018-02-20 23:24:01',NULL,0),(135,'playerVirtual4','playerVirtual4_4820318661',0,'2018-02-20 23:24:02',NULL,0),(136,'playerVirtual8','playerVirtual8_6264344062',0,'2018-02-20 23:24:28',NULL,0),(137,'playerVirtual8','playerVirtual8_6264344062',0,'2018-02-20 23:24:29',NULL,0),(138,'playerVirtual2','playerVirtual2_4820217293',0,'2018-02-20 23:24:45',NULL,0),(139,'playerVirtual1169','playerVirtual1169_2378747961',0,'2018-02-20 23:24:45',NULL,0),(140,'playerVirtual2','playerVirtual2_4820217293',0,'2018-02-20 23:24:46',NULL,0),(141,'playerVirtual1169','playerVirtual1169_2378747961',0,'2018-02-20 23:24:46',NULL,0),(142,'playerVirtual4','playerVirtual4_7f82ef7f0a',3,'2018-02-20 23:25:02',NULL,0),(143,'playerVirtual5','playerVirtual5_5068098508',0,'2018-02-20 23:25:24',NULL,0),(144,'playerVirtual5','playerVirtual5_5068098508',0,'2018-02-20 23:25:25',NULL,0),(145,'playerVirtual6','playerVirtual6_4819935267',0,'2018-02-20 23:25:28',NULL,0),(146,'playerVirtual6','playerVirtual6_4819935267',0,'2018-02-20 23:25:28',NULL,0),(147,'playerVirtual8','playerVirtual8_802a4b3070',4,'2018-02-20 23:25:29',NULL,0),(148,'playerVirtual2','playerVirtual2_8fb637002c',4,'2018-02-20 23:25:44',NULL,0),(149,'playerVirtual1169','playerVirtual1169_1496ffa065',4,'2018-02-20 23:25:47',NULL,0),(150,'playerVirtual5','playerVirtual5_414809bd1f',3,'2018-02-20 23:26:25',NULL,0),(151,'playerVirtual6','playerVirtual6_bc1fdb15cb',3,'2018-02-20 23:26:28',NULL,0),(152,'playerVirtual10','playerVirtual10_fb44c6add0',4,'2018-02-20 23:28:28',NULL,0),(153,'playerVirtual4','playerVirtual4_227443932',0,'2018-02-20 23:28:45',NULL,0),(154,'playerVirtual4','playerVirtual4_227443932',0,'2018-02-20 23:28:45',NULL,0),(155,'playerVirtual6','playerVirtual6_16915963',0,'2018-02-20 23:29:36',NULL,0),(156,'playerVirtual6','playerVirtual6_16915963',0,'2018-02-20 23:29:36',NULL,0),(157,'playerVirtual4','playerVirtual4_1d5dc80deb',4,'2018-02-20 23:29:45',NULL,0),(158,'playerVirtual2','playerVirtual2_2148750930',0,'2018-02-20 23:30:20',NULL,0),(159,'playerVirtual2','playerVirtual2_2148750930',0,'2018-02-20 23:30:21',NULL,0),(160,'playerVirtual8','playerVirtual8_1095593',0,'2018-02-20 23:30:33',NULL,0),(161,'playerVirtual8','playerVirtual8_1095593',0,'2018-02-20 23:30:33',NULL,0),(162,'playerVirtual6','playerVirtual6_209d148481',4,'2018-02-20 23:30:36',NULL,0),(163,'playerVirtual5','playerVirtual5_765651',0,'2018-02-20 23:30:50',NULL,0),(164,'playerVirtual5','playerVirtual5_765651',0,'2018-02-20 23:30:51',NULL,0),(165,'playerVirtual2','playerVirtual2_8ef537ac9c',3,'2018-02-20 23:31:21',NULL,0),(166,'playerVirtual8','playerVirtual8_740e5e2941',3,'2018-02-20 23:31:33',NULL,0),(167,'playerVirtual5','playerVirtual5_2f7057c9d5',4,'2018-02-20 23:31:50',NULL,0),(168,'playerVirtual1643','playerVirtual1643_644db94392',4,'2018-02-20 23:32:47',NULL,0),(169,'playerVirtual4','playerVirtual4_284757920',0,'2018-02-20 23:32:48',NULL,0),(170,'playerVirtual4','playerVirtual4_284757920',0,'2018-02-20 23:32:48',NULL,0),(171,'playerVirtual8','playerVirtual8_38676294',0,'2018-02-20 23:33:21',NULL,0),(172,'playerVirtual8','playerVirtual8_38676294',0,'2018-02-20 23:33:21',NULL,0),(173,'playerVirtual2','playerVirtual2_6274355716',0,'2018-02-20 23:33:33',NULL,0),(174,'playerVirtual2','playerVirtual2_6274355716',0,'2018-02-20 23:33:33',NULL,0),(175,'playerVirtual4','playerVirtual4_95dae86be8',3,'2018-02-20 23:33:48',NULL,0),(176,'playerVirtual10','playerVirtual10_5623125514',0,'2018-02-20 23:34:13',NULL,0),(177,'playerVirtual10','playerVirtual10_5623125514',0,'2018-02-20 23:34:13',NULL,0),(178,'playerVirtual6','playerVirtual6_272887063',0,'2018-02-20 23:34:16',NULL,0),(179,'playerVirtual6','playerVirtual6_272887063',0,'2018-02-20 23:34:17',NULL,0),(180,'playerVirtual8','playerVirtual8_872736c7cd',4,'2018-02-20 23:34:21',NULL,0),(181,'playerVirtual2','playerVirtual2_7ff8be9f31',4,'2018-02-20 23:34:33',NULL,0),(182,'playerVirtual10','playerVirtual10_3be635ba79',3,'2018-02-20 23:35:13',NULL,0),(183,'playerVirtual6','playerVirtual6_bdfa7db63c',3,'2018-02-20 23:35:17',NULL,0),(184,'playerVirtual5','playerVirtual5_182859403',0,'2018-02-20 23:35:18',NULL,0),(185,'playerVirtual5','playerVirtual5_182859403',0,'2018-02-20 23:35:19',NULL,0),(186,'playerVirtual5','playerVirtual5_be859cd043',3,'2018-02-20 23:36:18',NULL,0),(187,'playerVirtual10','playerVirtual10_990694203',0,'2018-02-20 23:38:09',NULL,0),(188,'playerVirtual10','playerVirtual10_990694203',0,'2018-02-20 23:38:13',NULL,0),(189,'playerVirtual4','playerVirtual4_fffe970fb9',4,'2018-02-20 23:38:53',NULL,0),(190,'playerVirtual10','playerVirtual10_efcc147ba4',4,'2018-02-20 23:39:08',NULL,0),(191,'playerVirtual2','playerVirtual2_182859403',1,'2018-02-20 23:39:29',NULL,0),(192,'playerVirtual2','playerVirtual2_50761b3cad',3,'2018-02-20 23:39:30',NULL,0),(193,'playerVirtual2','playerVirtual2_182859403',1,'2018-02-20 23:39:30',NULL,0),(194,'playerVirtual1643','playerVirtual1643_4820204870',0,'2018-02-20 23:39:55',NULL,0),(195,'playerVirtual1643','playerVirtual1643_4820204870',0,'2018-02-20 23:39:56',NULL,0),(196,'playerVirtual6','playerVirtual6_6280638724',0,'2018-02-20 23:40:20',NULL,0),(197,'playerVirtual6','playerVirtual6_6280638724',0,'2018-02-20 23:40:20',NULL,0),(198,'playerVirtual1643','playerVirtual1643_2936be95e5',3,'2018-02-20 23:40:56',NULL,0),(199,'playerVirtual5','playerVirtual5_182859403',1,'2018-02-20 23:40:59',NULL,0),(200,'playerVirtual5','playerVirtual5_787c03c8a8',4,'2018-02-20 23:40:59',NULL,0),(201,'playerVirtual5','playerVirtual5_182859403',1,'2018-02-20 23:40:59',NULL,0),(202,'playerVirtual8','playerVirtual8_990694203',0,'2018-02-20 23:40:59',NULL,0),(203,'playerVirtual8','playerVirtual8_990694203',0,'2018-02-20 23:41:00',NULL,0),(204,'playerVirtual6','playerVirtual6_0aa2b43cd5',4,'2018-02-20 23:41:21',NULL,0),(205,'playerVirtual8','playerVirtual8_5fcabaafb3',3,'2018-02-20 23:41:59',NULL,0),(206,'playerVirtual4','playerVirtual4_6280643141',0,'2018-02-20 23:42:31',NULL,0),(207,'playerVirtual4','playerVirtual4_6280643141',0,'2018-02-20 23:42:32',NULL,0),(208,'playerVirtual1643','playerVirtual1643_272887063',0,'2018-02-20 23:42:48',NULL,0),(209,'playerVirtual1643','playerVirtual1643_272887063',0,'2018-02-20 23:42:48',NULL,0),(210,'playerVirtual2','playerVirtual2_4476462938',0,'2018-02-20 23:43:27',NULL,0),(211,'playerVirtual13','playerVirtual13_b162d8b2bf',4,'2018-02-20 23:43:28',NULL,0),(212,'playerVirtual2','playerVirtual2_4476462938',0,'2018-02-20 23:43:28',NULL,0),(213,'playerVirtual4','playerVirtual4_5031128fe4',3,'2018-02-20 23:43:32',NULL,0),(214,'playerVirtual8','playerVirtual8_514c61b9da',4,'2018-02-20 23:43:48',NULL,0),(215,'playerVirtual1643','playerVirtual1643_5d91fdcfdb',4,'2018-02-20 23:43:48',NULL,0),(216,'playerVirtual2','playerVirtual2_3be177f97f',4,'2018-02-20 23:44:30',NULL,0),(217,'playerVirtual10','playerVirtual10_a368ebe30a',3,'2018-02-20 23:44:52',NULL,0),(218,'playerVirtual6','playerVirtual6_272887063',1,'2018-02-20 23:45:17',NULL,0),(219,'playerVirtual6','playerVirtual6_8adb07ee2a',3,'2018-02-20 23:45:17',NULL,0),(220,'playerVirtual6','playerVirtual6_272887063',1,'2018-02-20 23:45:17',NULL,0),(221,'playerVirtual5','playerVirtual5_6282149131',0,'2018-02-20 23:45:20',NULL,0),(222,'playerVirtual5','playerVirtual5_6282149131',0,'2018-02-20 23:45:21',NULL,0),(223,'playerVirtual5','playerVirtual5_85c1eb23ff',3,'2018-02-20 23:46:20',NULL,0),(224,'playerVirtual14','playerVirtual14_6ea0599da7',4,'2018-02-20 23:48:34',NULL,0),(225,'playerVirtual10','playerVirtual10_16914091',0,'2018-02-20 23:48:40',NULL,0),(226,'playerVirtual10','playerVirtual10_16914091',0,'2018-02-20 23:48:41',NULL,0),(227,'playerVirtual4','playerVirtual4_1436323714',0,'2018-02-20 23:49:08',NULL,0),(228,'playerVirtual4','playerVirtual4_1436323714',0,'2018-02-20 23:49:08',NULL,0),(229,'playerVirtual10','playerVirtual10_88bab36f49',4,'2018-02-20 23:49:41',NULL,0),(230,'playerVirtual2','playerVirtual2_1094955',0,'2018-02-20 23:49:56',NULL,0),(231,'playerVirtual2','playerVirtual2_1094955',0,'2018-02-20 23:49:57',NULL,0),(232,'playerVirtual4','playerVirtual4_cd2ce82cd4',4,'2018-02-20 23:50:08',NULL,0),(233,'playerVirtual2','playerVirtual2_86dbfcde1f',3,'2018-02-20 23:50:57',NULL,0),(234,'playerVirtual6','playerVirtual6_182859403',0,'2018-02-20 23:51:03',NULL,0),(235,'playerVirtual6','playerVirtual6_182859403',0,'2018-02-20 23:51:03',NULL,0),(236,'playerVirtual8','playerVirtual8_682797',0,'2018-02-20 23:51:22',NULL,0),(237,'playerVirtual8','playerVirtual8_682797',0,'2018-02-20 23:51:22',NULL,0),(238,'playerVirtual13','playerVirtual13_2359368952',0,'2018-02-20 23:51:30',NULL,0),(239,'playerVirtual13','playerVirtual13_2359368952',0,'2018-02-20 23:51:31',NULL,0),(240,'playerVirtual5','playerVirtual5_6641406',0,'2018-02-20 23:51:48',NULL,0),(241,'playerVirtual5','playerVirtual5_6641406',0,'2018-02-20 23:51:49',NULL,0),(242,'playerVirtual6','playerVirtual6_be357c7515',4,'2018-02-20 23:52:03',NULL,0),(243,'playerVirtual8','playerVirtual8_88d34b825c',3,'2018-02-20 23:52:22',NULL,0),(244,'playerVirtual13','playerVirtual13_75c22c87f5',3,'2018-02-20 23:52:30',NULL,0),(245,'playerVirtual5','playerVirtual5_a1be841e26',4,'2018-02-20 23:52:49',NULL,0),(246,'playerVirtual1373','playerVirtual1373_6ef7858186',4,'2018-02-20 23:53:25',NULL,0),(247,'playerVirtual15','playerVirtual15_6650e825cc',4,'2018-02-20 23:53:33',NULL,0),(248,'playerVirtual4','playerVirtual4_6955737',0,'2018-02-20 23:55:02',NULL,0),(249,'playerVirtual4','playerVirtual4_6955737',0,'2018-02-20 23:55:03',NULL,0),(250,'playerVirtual13','playerVirtual13_2381571381',0,'2018-02-20 23:55:16',NULL,0),(251,'playerVirtual13','playerVirtual13_2381571381',0,'2018-02-20 23:55:16',NULL,0),(252,'playerVirtual8','playerVirtual8_3338579772',0,'2018-02-20 23:55:26',NULL,0),(253,'playerVirtual8','playerVirtual8_3338579772',0,'2018-02-20 23:55:27',NULL,0),(254,'playerVirtual2','playerVirtual2_c0e150e05b',4,'2018-02-20 23:55:46',NULL,0),(255,'playerVirtual4','playerVirtual4_6d8f88a6c6',3,'2018-02-20 23:56:03',NULL,0),(256,'playerVirtual10','playerVirtual10_6955737',0,'2018-02-20 23:56:11',NULL,0),(257,'playerVirtual10','playerVirtual10_6955737',0,'2018-02-20 23:56:11',NULL,0),(258,'playerVirtual13','playerVirtual13_81b5ea3169',4,'2018-02-20 23:56:16',NULL,0),(259,'playerVirtual8','playerVirtual8_c93367ec43',4,'2018-02-20 23:56:27',NULL,0),(260,'playerVirtual6','playerVirtual6_1438244924',0,'2018-02-20 23:56:55',NULL,0),(261,'playerVirtual6','playerVirtual6_1438244924',0,'2018-02-20 23:56:55',NULL,0),(262,'playerVirtual10','playerVirtual10_5959aab0e1',3,'2018-02-20 23:57:11',NULL,0),(263,'playerVirtual14','playerVirtual14_6285257156',0,'2018-02-20 23:57:25',NULL,0),(264,'playerVirtual14','playerVirtual14_6285257156',0,'2018-02-20 23:57:26',NULL,0),(265,'playerVirtual6','playerVirtual6_c7bbb38b91',3,'2018-02-20 23:57:55',NULL,0),(266,'playerVirtual5','playerVirtual5_2378747961',0,'2018-02-20 23:58:10',NULL,0),(267,'playerVirtual5','playerVirtual5_2378747961',0,'2018-02-20 23:58:11',NULL,0),(268,'playerVirtual14','playerVirtual14_ed950827e9',3,'2018-02-20 23:58:25',NULL,0),(269,'playerVirtual5','playerVirtual5_6250a88ba5',3,'2018-02-20 23:59:11',NULL,0),(270,'playerVirtual10','playerVirtual10_6955737',1,'2018-02-21 00:00:56',NULL,0),(271,'playerVirtual10','playerVirtual10_173f5725d7',4,'2018-02-21 00:00:57',NULL,0),(272,'playerVirtual10','playerVirtual10_6955737',1,'2018-02-21 00:00:57',NULL,0),(273,'playerVirtual14','playerVirtual14_794070039',0,'2018-02-21 00:01:30',NULL,0),(274,'playerVirtual14','playerVirtual14_794070039',0,'2018-02-21 00:01:30',NULL,0),(275,'playerVirtual2','playerVirtual2_6289704471',0,'2018-02-21 00:02:27',NULL,0),(276,'playerVirtual2','playerVirtual2_6289704471',0,'2018-02-21 00:02:28',NULL,0),(277,'playerVirtual14','playerVirtual14_b133913e64',4,'2018-02-21 00:02:30',NULL,0),(278,'playerVirtual4','playerVirtual4_fd0df5292b',4,'2018-02-21 00:02:55',NULL,0),(279,'playerVirtual2','playerVirtual2_c0c3c7ba30',3,'2018-02-21 00:03:28',NULL,0),(280,'playerVirtual15','playerVirtual15_1438244924',0,'2018-02-21 00:04:01',NULL,0),(281,'playerVirtual15','playerVirtual15_1438244924',0,'2018-02-21 00:04:01',NULL,0),(282,'playerVirtual6','playerVirtual6_1438244924',1,'2018-02-21 00:04:31',NULL,0),(283,'playerVirtual6','playerVirtual6_8fb2927803',4,'2018-02-21 00:04:31',NULL,0),(284,'playerVirtual6','playerVirtual6_1438244924',1,'2018-02-21 00:04:31',NULL,0),(285,'playerVirtual15','playerVirtual15_3e0e38e393',3,'2018-02-21 00:05:01',NULL,0),(286,'playerVirtual8','playerVirtual8_a3484aa6c2',3,'2018-02-21 00:05:03',NULL,0),(287,'playerVirtual13','playerVirtual13_1436344784',0,'2018-02-21 00:05:17',NULL,0),(288,'playerVirtual13','playerVirtual13_1436344784',0,'2018-02-21 00:05:18',NULL,0),(289,'playerVirtual1329','playerVirtual1329_263407e24a',4,'2018-02-21 00:05:50',NULL,0),(290,'playerVirtual5','playerVirtual5_3136ac40ef',4,'2018-02-21 00:06:05',NULL,0),(291,'playerVirtual13','playerVirtual13_ee8c0f2415',3,'2018-02-21 00:06:17',NULL,0),(292,'playerVirtual8','playerVirtual8_1095593',1,'2018-02-21 00:08:38',NULL,0),(293,'playerVirtual8','playerVirtual8_d26ba8cfac',4,'2018-02-21 00:08:38',NULL,0),(294,'playerVirtual8','playerVirtual8_1095593',1,'2018-02-21 00:08:42',NULL,0),(295,'playerVirtual15','playerVirtual15_182859403',0,'2018-02-21 00:09:44',NULL,0),(296,'playerVirtual15','playerVirtual15_182859403',0,'2018-02-21 00:09:44',NULL,0),(297,'playerVirtual10','playerVirtual10_990694203',0,'2018-02-21 00:09:45',NULL,0),(298,'playerVirtual10','playerVirtual10_574ac916b4',3,'2018-02-21 00:09:45',NULL,0),(299,'playerVirtual10','playerVirtual10_990694203',0,'2018-02-21 00:09:45',NULL,0),(300,'playerVirtual4','playerVirtual4_6296865278',0,'2018-02-21 00:10:07',NULL,0),(301,'playerVirtual4','playerVirtual4_6296865278',0,'2018-02-21 00:10:08',NULL,0),(302,'playerVirtual2','playerVirtual2_6274355716',1,'2018-02-21 00:10:37',NULL,0),(303,'playerVirtual2','playerVirtual2_5d833bba52',4,'2018-02-21 00:10:37',NULL,0),(304,'playerVirtual2','playerVirtual2_6274355716',1,'2018-02-21 00:10:37',NULL,0),(305,'playerVirtual15','playerVirtual15_80a53d7538',4,'2018-02-21 00:10:47',NULL,0),(306,'playerVirtual4','playerVirtual4_5014862c2f',3,'2018-02-21 00:11:07',NULL,0),(307,'playerVirtual6','playerVirtual6_182859403',1,'2018-02-21 00:13:04',NULL,0),(308,'playerVirtual6','playerVirtual6_520fe30b3d',3,'2018-02-21 00:13:04',NULL,0),(309,'playerVirtual6','playerVirtual6_182859403',1,'2018-02-21 00:13:04',NULL,0),(310,'playerVirtual14','playerVirtual14_6296268057',0,'2018-02-21 00:13:19',NULL,0),(311,'playerVirtual14','playerVirtual14_6296268057',0,'2018-02-21 00:13:20',NULL,0),(312,'playerVirtual10','playerVirtual10_86846634bf',4,'2018-02-21 00:13:30',NULL,0),(313,'playerVirtual19','playerVirtual19_8b2bf21c61',4,'2018-02-21 00:13:34',NULL,0),(314,'playerVirtual13','playerVirtual13_6301942525',0,'2018-02-21 00:13:36',NULL,0),(315,'playerVirtual13','playerVirtual13_6301942525',0,'2018-02-21 00:13:36',NULL,0),(316,'playerVirtual14','playerVirtual14_ba0d149f3a',3,'2018-02-21 00:14:20',NULL,0),(317,'playerVirtual13','playerVirtual13_b362524fc7',4,'2018-02-21 00:14:36',NULL,0),(318,'playerVirtual5','playerVirtual5_990694203',0,'2018-02-21 00:15:09',NULL,0),(319,'playerVirtual5','playerVirtual5_990694203',0,'2018-02-21 00:15:10',NULL,0),(320,'playerVirtual5','playerVirtual5_f07baab006',3,'2018-02-21 00:16:10',NULL,0),(321,'playerVirtual2','playerVirtual2_e16b128328',3,'2018-02-21 00:20:18',NULL,0),(322,'playerVirtual1329','playerVirtual1329_6264344062',0,'2018-02-21 00:20:38',NULL,0),(323,'playerVirtual1329','playerVirtual1329_6264344062',0,'2018-02-21 00:20:38',NULL,0),(324,'playerVirtual15','playerVirtual15_57f6c11558',3,'2018-02-21 00:21:11',NULL,0),(325,'playerVirtual1329','playerVirtual1329_1cb043fbd9',3,'2018-02-21 00:21:38',NULL,0),(326,'playerVirtual4','playerVirtual4_6289704471',0,'2018-02-21 00:22:00',NULL,0),(327,'playerVirtual4','playerVirtual4_6289704471',0,'2018-02-21 00:22:00',NULL,0),(328,'playerVirtual8','playerVirtual8_5297461910',0,'2018-02-21 00:22:08',NULL,0),(329,'playerVirtual8','playerVirtual8_5297461910',0,'2018-02-21 00:22:08',NULL,0),(330,'playerVirtual14','playerVirtual14_908315',0,'2018-02-21 00:22:25',NULL,0),(331,'playerVirtual14','playerVirtual14_908315',0,'2018-02-21 00:22:26',NULL,0),(332,'playerVirtual6','playerVirtual6_1095593',0,'2018-02-21 00:22:43',NULL,0),(333,'playerVirtual6','playerVirtual6_1095593',0,'2018-02-21 00:22:43',NULL,0),(334,'playerVirtual4','playerVirtual4_d2448ed2cb',4,'2018-02-21 00:23:00',NULL,0),(335,'playerVirtual5','playerVirtual5_990694203',1,'2018-02-21 00:23:04',NULL,0),(336,'playerVirtual5','playerVirtual5_89e215c8d6',4,'2018-02-21 00:23:04',NULL,0),(337,'playerVirtual5','playerVirtual5_990694203',1,'2018-02-21 00:23:04',NULL,0),(338,'playerVirtual8','playerVirtual8_a500861f3d',3,'2018-02-21 00:23:08',NULL,0),(339,'playerVirtual14','playerVirtual14_eee8c2f347',4,'2018-02-21 00:23:28',NULL,0),(340,'playerVirtual6','playerVirtual6_9eb6400d7e',4,'2018-02-21 00:23:43',NULL,0),(341,'playerVirtual13','playerVirtual13_539194189',0,'2018-02-21 00:26:17',NULL,0),(342,'playerVirtual13','playerVirtual13_539194189',0,'2018-02-21 00:26:17',NULL,0),(343,'playerVirtual13','playerVirtual13_798b5043c7',3,'2018-02-21 00:27:17',NULL,0),(344,'playerVirtual2','playerVirtual2_6289704471',1,'2018-02-21 00:27:59',NULL,0),(345,'playerVirtual2','playerVirtual2_2c96a3e30f',4,'2018-02-21 00:27:59',NULL,0),(346,'playerVirtual2','playerVirtual2_6289704471',1,'2018-02-21 00:27:59',NULL,0),(347,'playerVirtual10','playerVirtual10_6274355716',0,'2018-02-21 00:28:31',NULL,0),(348,'playerVirtual10','playerVirtual10_6274355716',0,'2018-02-21 00:28:31',NULL,0),(349,'playerVirtual10','playerVirtual10_c1665ef76b',3,'2018-02-21 00:29:31',NULL,0),(350,'playerVirtual1055','playerVirtual1055_515858efbb',4,'2018-02-21 00:29:48',NULL,0),(351,'playerVirtual4','playerVirtual4_904011',1,'2018-02-21 00:30:13',NULL,0),(352,'playerVirtual4','playerVirtual4_40e4627f1c',3,'2018-02-21 00:30:14',NULL,0),(353,'playerVirtual4','playerVirtual4_904011',1,'2018-02-21 00:30:14',NULL,0),(354,'playerVirtual8','playerVirtual8_4246147567',0,'2018-02-21 00:30:30',NULL,0),(355,'playerVirtual8','playerVirtual8_4246147567',0,'2018-02-21 00:30:31',NULL,0),(356,'playerVirtual15','playerVirtual15_4246147567',0,'2018-02-21 00:31:14',NULL,0),(357,'playerVirtual15','playerVirtual15_4246147567',0,'2018-02-21 00:31:14',NULL,0),(358,'playerVirtual19','playerVirtual19_182859403',0,'2018-02-21 00:31:26',NULL,0),(359,'playerVirtual19','playerVirtual19_182859403',0,'2018-02-21 00:31:27',NULL,0),(360,'playerVirtual8','playerVirtual8_409353848b',4,'2018-02-21 00:31:31',NULL,0),(361,'playerVirtual15','playerVirtual15_5033502c76',4,'2018-02-21 00:32:14',NULL,0),(362,'playerVirtual5','playerVirtual5_908315',1,'2018-02-21 00:32:25',NULL,0),(363,'playerVirtual5','playerVirtual5_81426115cf',3,'2018-02-21 00:32:26',NULL,0),(364,'playerVirtual5','playerVirtual5_908315',1,'2018-02-21 00:32:26',NULL,0),(365,'playerVirtual19','playerVirtual19_d9073cc153',3,'2018-02-21 00:32:26',NULL,0),(366,'playerVirtual6','playerVirtual6_1095593',1,'2018-02-21 00:32:30',NULL,0),(367,'playerVirtual6','playerVirtual6_3a2e37ba01',3,'2018-02-21 00:32:30',NULL,0),(368,'playerVirtual6','playerVirtual6_1095593',1,'2018-02-21 00:32:30',NULL,0),(369,'playerVirtual10','playerVirtual10_4246147567',0,'2018-02-21 00:36:06',NULL,0),(370,'playerVirtual10','playerVirtual10_4246147567',0,'2018-02-21 00:36:12',NULL,0),(371,'playerVirtual14','playerVirtual14_4246147567',0,'2018-02-21 00:36:28',NULL,0),(372,'playerVirtual14','playerVirtual14_4246147567',0,'2018-02-21 00:36:28',NULL,0),(373,'playerVirtual19','playerVirtual19_2378747961',0,'2018-02-21 00:36:31',NULL,0),(374,'playerVirtual19','playerVirtual19_2378747961',0,'2018-02-21 00:36:31',NULL,0),(375,'playerVirtual13','playerVirtual13_4246147567',0,'2018-02-21 00:36:56',NULL,0),(376,'playerVirtual13','playerVirtual13_4246147567',0,'2018-02-21 00:36:56',NULL,0),(377,'playerVirtual10','playerVirtual10_27489cd0cd',4,'2018-02-21 00:37:05',NULL,0),(378,'playerVirtual14','playerVirtual14_19aa7de9d7',3,'2018-02-21 00:37:28',NULL,0),(379,'playerVirtual19','playerVirtual19_19b3a72ffa',4,'2018-02-21 00:37:31',NULL,0),(380,'playerVirtual13','playerVirtual13_781f378f2d',4,'2018-02-21 00:37:56',NULL,0),(381,'playerVirtual5','playerVirtual5_50ad225ecf',4,'2018-02-21 00:40:40',NULL,0),(382,'playerVirtual2','playerVirtual2_6315250734',0,'2018-02-21 00:41:41',NULL,0),(383,'playerVirtual2','playerVirtual2_6315250734',0,'2018-02-21 00:41:42',NULL,0),(384,'playerVirtual4','playerVirtual4_6289704471',1,'2018-02-21 00:42:10',NULL,0),(385,'playerVirtual4','playerVirtual4_e646c0cfbb',4,'2018-02-21 00:42:10',NULL,0),(386,'playerVirtual4','playerVirtual4_6289704471',1,'2018-02-21 00:42:10',NULL,0),(387,'playerVirtual15','playerVirtual15_4246147567',1,'2018-02-21 00:42:41',NULL,0),(388,'playerVirtual15','playerVirtual15_af5f9c24ea',3,'2018-02-21 00:42:41',NULL,0),(389,'playerVirtual15','playerVirtual15_4246147567',1,'2018-02-21 00:42:41',NULL,0),(390,'playerVirtual8','playerVirtual8_7facc3fe67',3,'2018-02-21 00:45:03',NULL,0),(391,'playerVirtual14','playerVirtual14_860221e4bc',4,'2018-02-21 00:45:33',NULL,0),(392,'playerVirtual6','playerVirtual6_6316827871',0,'2018-02-21 00:45:43',NULL,0),(393,'playerVirtual6','playerVirtual6_6316827871',0,'2018-02-21 00:45:47',NULL,0),(394,'playerVirtual6','playerVirtual6_478b117159',4,'2018-02-21 00:46:39',NULL,0),(395,'playerVirtual13','playerVirtual13_3f42f4f562',3,'2018-02-21 00:49:37',NULL,0),(396,'playerVirtual10','playerVirtual10_4246147567',1,'2018-02-21 00:52:08',NULL,0),(397,'playerVirtual10','playerVirtual10_a677c22204',3,'2018-02-21 00:52:08',NULL,0),(398,'playerVirtual10','playerVirtual10_4246147567',1,'2018-02-21 00:52:08',NULL,0),(399,'playerVirtual1328','playerVirtual1328_2dd676e165',4,'2018-02-21 00:52:34',NULL,0),(400,'playerVirtual4','playerVirtual4_990694203',0,'2018-02-21 00:52:36',NULL,0),(401,'playerVirtual4','playerVirtual4_990694203',0,'2018-02-21 00:52:37',NULL,0),(402,'playerVirtual4','playerVirtual4_6bbd1138d9',3,'2018-02-21 00:53:37',NULL,0),(403,'playerVirtual8','playerVirtual8_4246147567',0,'2018-02-21 00:54:11',NULL,0),(404,'playerVirtual8','playerVirtual8_8ebd3bad07',4,'2018-02-21 00:54:12',NULL,0),(405,'playerVirtual8','playerVirtual8_4246147567',0,'2018-02-21 00:54:16',NULL,0),(406,'playerVirtual5','playerVirtual5_4246147567',0,'2018-02-21 00:54:26',NULL,0),(407,'playerVirtual5','playerVirtual5_4246147567',0,'2018-02-21 00:54:27',NULL,0),(408,'playerVirtual15','playerVirtual15_4246147567',0,'2018-02-21 00:54:39',NULL,0),(409,'playerVirtual15','playerVirtual15_e0edbbabd1',4,'2018-02-21 00:54:39',NULL,0),(410,'playerVirtual15','playerVirtual15_4246147567',0,'2018-02-21 00:54:39',NULL,0),(411,'playerVirtual19','playerVirtual19_5068098508',0,'2018-02-21 00:55:25',NULL,0),(412,'playerVirtual19','playerVirtual19_5068098508',0,'2018-02-21 00:55:26',NULL,0),(413,'playerVirtual5','playerVirtual5_93939c9c6b',3,'2018-02-21 00:55:27',NULL,0),(414,'playerVirtual19','playerVirtual19_79cfd0ecb5',3,'2018-02-21 00:56:26',NULL,0),(415,'playerVirtual6','playerVirtual6_359920779',1,'2018-02-21 00:56:30',NULL,0),(416,'playerVirtual6','playerVirtual6_897e5bbf18',3,'2018-02-21 00:56:30',NULL,0),(417,'playerVirtual6','playerVirtual6_359920779',1,'2018-02-21 00:56:30',NULL,0),(418,'playerVirtual14','playerVirtual14_4246147567',0,'2018-02-21 01:00:20',NULL,0),(419,'playerVirtual14','playerVirtual14_27ca8d551d',3,'2018-02-21 01:00:20',NULL,0),(420,'playerVirtual14','playerVirtual14_4246147567',0,'2018-02-21 01:00:20',NULL,0),(421,'playerVirtual10','playerVirtual10_1095593',0,'2018-02-21 01:00:34',NULL,0),(422,'playerVirtual10','playerVirtual10_1095593',0,'2018-02-21 01:00:38',NULL,0),(423,'playerVirtual13','playerVirtual13_4246147567',0,'2018-02-21 01:01:02',NULL,0),(424,'playerVirtual13','playerVirtual13_eea3f17fdc',4,'2018-02-21 01:01:03',NULL,0),(425,'playerVirtual13','playerVirtual13_4246147567',0,'2018-02-21 01:01:03',NULL,0),(426,'playerVirtual2','playerVirtual2_4246147567',0,'2018-02-21 01:01:19',NULL,0),(427,'playerVirtual2','playerVirtual2_4246147567',0,'2018-02-21 01:01:19',NULL,0),(428,'playerVirtual10','playerVirtual10_e8b2133f09',4,'2018-02-21 01:01:31',NULL,0),(429,'playerVirtual19','playerVirtual19_4246147567',0,'2018-02-21 01:02:05',NULL,0),(430,'playerVirtual19','playerVirtual19_4246147567',0,'2018-02-21 01:02:05',NULL,0),(431,'playerVirtual2','playerVirtual2_fa7c962e8a',4,'2018-02-21 01:02:19',NULL,0),(432,'playerVirtual19','playerVirtual19_8a7e6bed4e',4,'2018-02-21 01:03:05',NULL,0),(433,'playerVirtual5','playerVirtual5_4faa156a15',4,'2018-02-21 01:03:44',NULL,0),(434,'playerVirtual15','playerVirtual15_cce3a8f8fb',3,'2018-02-21 01:05:06',NULL,0),(435,'playerVirtual4','playerVirtual4_31f1a641c1',4,'2018-02-21 01:05:34',NULL,0),(436,'playerVirtual8','playerVirtual8_375f82ffa3',3,'2018-02-21 01:07:40',NULL,0),(437,'playerVirtual14','playerVirtual14_0dd456aaa2',4,'2018-02-21 01:08:25',NULL,0),(438,'playerVirtual6','playerVirtual6_359920779',0,'2018-02-21 01:10:21',NULL,0),(439,'playerVirtual6','playerVirtual6_ca7b0e874c',4,'2018-02-21 01:10:21',NULL,0),(440,'playerVirtual6','playerVirtual6_359920779',0,'2018-02-21 01:10:21',NULL,0),(441,'playerVirtual13','playerVirtual13_56c1196b24',3,'2018-02-21 01:12:44',NULL,0),(442,'playerVirtual2','playerVirtual2_4246147567',1,'2018-02-21 01:16:01',NULL,0),(443,'playerVirtual2','playerVirtual2_bb2d6609d4',3,'2018-02-21 01:16:01',NULL,0),(444,'playerVirtual2','playerVirtual2_4246147567',1,'2018-02-21 01:16:01',NULL,0),(445,'playerVirtual10','playerVirtual10_4246147567',0,'2018-02-21 01:16:53',NULL,0),(446,'playerVirtual10','playerVirtual10_96967d34be',3,'2018-02-21 01:16:53',NULL,0),(447,'playerVirtual10','playerVirtual10_4246147567',0,'2018-02-21 01:16:54',NULL,0),(448,'playerVirtual1438','playerVirtual1438_2c4f51ea0b',4,'2018-02-21 01:17:08',NULL,0);
/*!40000 ALTER TABLE `REQUEST` ENABLE KEYS */;
UNLOCK TABLES;

--
-- Table structure for table `STATUS`
--

DROP TABLE IF EXISTS `STATUS`;
/*!40101 SET @saved_cs_client     = @@character_set_client */;
/*!40101 SET character_set_client = utf8 */;
CREATE TABLE `STATUS` (
  `id` int(11) NOT NULL AUTO_INCREMENT,
  `players` int(11) DEFAULT '0',
  `all_requests` int(11) DEFAULT '0',
  `accepts` int(11) DEFAULT '0',
  `rejects` int(11) DEFAULT '0',
  `fairness` float DEFAULT '0',
  `timestamp` timestamp NULL DEFAULT NULL,
  PRIMARY KEY (`id`)
) ENGINE=InnoDB AUTO_INCREMENT=32 DEFAULT CHARSET=utf8;
/*!40101 SET character_set_client = @saved_cs_client */;

--
-- Dumping data for table `STATUS`
--

LOCK TABLES `STATUS` WRITE;
/*!40000 ALTER TABLE `STATUS` DISABLE KEYS */;
INSERT INTO `STATUS` VALUES (1,0,0,0,0,0,'2018-02-20 22:47:13'),(2,2,4,2,2,0.5,'2018-02-20 22:52:13'),(3,2,8,4,4,0.5,'2018-02-20 22:57:14'),(4,4,12,7,5,0.583333,'2018-02-20 23:02:14'),(5,5,19,12,7,0.631579,'2018-02-20 23:07:14'),(6,7,25,18,7,0.72,'2018-02-20 23:12:14'),(7,7,31,22,9,0.709677,'2018-02-20 23:17:14'),(8,8,41,29,12,0.707317,'2018-02-20 23:22:14'),(9,8,47,33,14,0.702128,'2018-02-20 23:27:14'),(10,10,52,38,14,0.730769,'2018-02-20 23:32:14'),(11,10,58,42,16,0.724138,'2018-02-20 23:37:15'),(12,10,62,43,19,0.693548,'2018-02-20 23:42:15'),(13,11,66,46,20,0.69697,'2018-02-20 23:47:15'),(14,12,73,53,20,0.726027,'2018-02-20 23:52:15'),(15,14,78,57,21,0.730769,'2018-02-20 23:57:15'),(16,14,81,58,23,0.716049,'2018-02-21 00:02:15'),(17,15,84,61,23,0.72619,'2018-02-21 00:07:15'),(18,15,87,63,24,0.724138,'2018-02-21 00:12:16'),(19,16,90,66,24,0.733333,'2018-02-21 00:17:16'),(20,16,93,68,25,0.731183,'2018-02-21 00:22:16'),(21,16,96,71,25,0.739583,'2018-02-21 00:27:16'),(22,17,100,73,27,0.73,'2018-02-21 00:32:16'),(23,17,104,74,30,0.711538,'2018-02-21 00:37:16'),(24,17,105,75,30,0.714286,'2018-02-21 00:42:17'),(25,17,106,76,30,0.716981,'2018-02-21 00:47:17'),(26,18,106,76,30,0.716981,'2018-02-21 00:52:17'),(27,18,111,77,34,0.693694,'2018-02-21 00:57:17'),(28,18,116,79,37,0.681035,'2018-02-21 01:02:17'),(29,18,116,79,37,0.681035,'2018-02-21 01:07:17'),(30,18,117,80,37,0.683761,'2018-02-21 01:12:17'),(31,19,118,81,37,0.686441,'2018-02-21 01:17:17');
/*!40000 ALTER TABLE `STATUS` ENABLE KEYS */;
UNLOCK TABLES;

--
-- Table structure for table `THRESHOLD`
--

DROP TABLE IF EXISTS `THRESHOLD`;
/*!40101 SET @saved_cs_client     = @@character_set_client */;
/*!40101 SET character_set_client = utf8 */;
CREATE TABLE `THRESHOLD` (
  `division` int(11) NOT NULL,
  `botton` float DEFAULT '0',
  `top` float DEFAULT '0',
  PRIMARY KEY (`division`)
) ENGINE=InnoDB DEFAULT CHARSET=utf8;
/*!40101 SET character_set_client = @saved_cs_client */;

--
-- Dumping data for table `THRESHOLD`
--

LOCK TABLES `THRESHOLD` WRITE;
/*!40000 ALTER TABLE `THRESHOLD` DISABLE KEYS */;
INSERT INTO `THRESHOLD` VALUES (1,8.76,20),(2,4.38,8.76),(3,0,4.38);
/*!40000 ALTER TABLE `THRESHOLD` ENABLE KEYS */;
UNLOCK TABLES;

--
-- Table structure for table `VM`
--

DROP TABLE IF EXISTS `VM`;
/*!40101 SET @saved_cs_client     = @@character_set_client */;
/*!40101 SET character_set_client = utf8 */;
CREATE TABLE `VM` (
  `id` int(11) NOT NULL AUTO_INCREMENT,
  `origin_add` varchar(45) NOT NULL,
  `origin_id` varchar(45) NOT NULL,
  `origin_name` varchar(45) NOT NULL,
  `destiny_add` varchar(45) NOT NULL,
  `destiny_name` varchar(45) NOT NULL,
  `destiny_id` varchar(45) NOT NULL,
  `status` tinyint(1) NOT NULL,
  `has_resources` tinyint(1) NOT NULL,
  `vcpus` int(11) NOT NULL,
  `mem` bigint(20) NOT NULL,
  `disk` bigint(20) NOT NULL,
  `timestamp_received` timestamp NULL DEFAULT NULL,
  `timestamp_finished` timestamp NULL DEFAULT NULL,
  PRIMARY KEY (`id`)
) ENGINE=InnoDB AUTO_INCREMENT=119 DEFAULT CHARSET=utf8;
/*!40101 SET character_set_client = @saved_cs_client */;

--
-- Dumping data for table `VM`
--

LOCK TABLES `VM` WRITE;
/*!40000 ALTER TABLE `VM` DISABLE KEYS */;
INSERT INTO `VM` VALUES (1,'192.168.0.200','playerVirtual2_450512000','playerVirtual2','192.168.0.200','playerVirtual0','playerVirtual2_450512000',0,1,1,2048,20,'2018-02-20 22:49:34','2018-02-20 22:49:34'),(2,'192.168.0.200','playerVirtual0_1438244924','playerVirtual0','192.168.0.200','playerVirtual2','playerVirtual2_63538c933e',1,1,1,2048,20,'2018-02-20 22:49:36',NULL),(3,'192.168.0.200','playerVirtual2_640692267','playerVirtual2','192.168.0.200','playerVirtual0','playerVirtual2_640692267',0,1,1,512,1,'2018-02-20 22:51:39','2018-02-20 22:51:39'),(4,'192.168.0.200','playerVirtual0_2381571381','playerVirtual0','192.168.0.200','playerVirtual2','playerVirtual2_54ea9da42d',1,1,1,2048,20,'2018-02-20 22:51:41',NULL),(5,'192.168.0.200','playerVirtual2_5297461910','playerVirtual2','192.168.0.200','playerVirtual0','playerVirtual2_5297461910',0,1,1,512,1,'2018-02-20 22:53:43','2018-02-20 22:53:43'),(6,'192.168.0.200','playerVirtual0_2790332778','playerVirtual0','192.168.0.200','playerVirtual2','playerVirtual2_0c3543432f',1,1,2,4096,40,'2018-02-20 22:53:48',NULL),(7,'192.168.0.200','playerVirtual2_369721705','playerVirtual2','192.168.0.200','playerVirtual0','playerVirtual2_369721705',0,1,2,4096,40,'2018-02-20 22:55:52','2018-02-20 22:55:52'),(8,'192.168.0.200','playerVirtual0_317469422','playerVirtual0','192.168.0.200','playerVirtual2','playerVirtual2_fa632a3032',1,1,2,4096,40,'2018-02-20 22:55:53',NULL),(9,'192.168.0.200','playerVirtual4_3584940347','playerVirtual4','192.168.0.200','playerVirtual2','playerVirtual2_16bb6396ac',1,1,1,512,1,'2018-02-20 22:59:41',NULL),(10,'192.168.0.200','playerVirtual2_2433236783','playerVirtual2','192.168.0.200','playerVirtual4','playerVirtual4_5c32c83f4c',1,1,1,2048,20,'2018-02-20 23:00:06',NULL),(11,'192.168.0.200','playerVirtual1619_3338579772','playerVirtual1619','192.168.0.200','playerVirtual2','playerVirtual2_26eb0fbfb9',1,1,1,2048,20,'2018-02-20 23:01:21',NULL),(12,'192.168.0.200','playerVirtual4_257407216','playerVirtual4','192.168.0.200','playerVirtual1619','playerVirtual4_257407216',0,1,2,4096,40,'2018-02-20 23:01:42','2018-02-20 23:01:42'),(13,'192.168.0.200','playerVirtual2_182859403','playerVirtual2','192.168.0.200','playerVirtual4','playerVirtual4_0481d667fa',3,1,1,512,1,'2018-02-20 23:02:18','2018-02-20 23:39:30'),(14,'192.168.0.200','playerVirtual1619_2359368952','playerVirtual1619','192.168.0.200','playerVirtual4','playerVirtual4_4eea74d00f',1,1,1,512,1,'2018-02-20 23:03:32',NULL),(15,'192.168.0.200','playerVirtual4_16917741','playerVirtual4','192.168.0.200','playerVirtual5','playerVirtual5_4cf42cfd54',1,1,1,512,1,'2018-02-20 23:04:08',NULL),(16,'192.168.0.200','playerVirtual2_2545640208','playerVirtual2','192.168.0.200','playerVirtual1619','playerVirtual2_2545640208',0,1,1,2048,20,'2018-02-20 23:04:43','2018-02-20 23:04:43'),(17,'192.168.0.200','playerVirtual5_908315','playerVirtual5','192.168.0.200','playerVirtual4','playerVirtual4_bb8fdda427',3,1,1,2048,20,'2018-02-20 23:05:10','2018-02-21 00:32:26'),(18,'192.168.0.200','playerVirtual1619_539194189','playerVirtual1619','192.168.0.200','playerVirtual5','playerVirtual5_e5e6bcdb3e',1,1,1,2048,20,'2018-02-20 23:06:07',NULL),(19,'192.168.0.200','playerVirtual4_4820204870','playerVirtual4','192.168.0.200','playerVirtual1619','playerVirtual4_4820204870',0,1,2,4096,40,'2018-02-20 23:07:09','2018-02-20 23:07:09'),(20,'192.168.0.200','playerVirtual2_8058564','playerVirtual2','192.168.0.200','playerVirtual6','playerVirtual6_5a4f0806bb',1,1,1,2048,20,'2018-02-20 23:08:35',NULL),(21,'192.168.0.200','playerVirtual5_1429160667','playerVirtual5','192.168.0.200','playerVirtual4','playerVirtual4_35b8876e48',1,1,1,2048,20,'2018-02-20 23:08:50',NULL),(22,'192.168.0.200','playerVirtual4_82730999','playerVirtual4','192.168.0.200','playerVirtual5','playerVirtual5_6c1cfe8a5a',1,1,1,512,1,'2018-02-20 23:10:31',NULL),(23,'192.168.0.200','playerVirtual2_6571218','playerVirtual2','192.168.0.200','playerVirtual6','playerVirtual6_33ffa27901',1,1,1,2048,20,'2018-02-20 23:11:08',NULL),(24,'192.168.0.200','playerVirtual5_778566023','playerVirtual5','192.168.0.200','playerVirtual4','playerVirtual4_a0c9fec719',1,1,1,512,1,'2018-02-20 23:11:37',NULL),(25,'192.168.0.200','playerVirtual6_351652724','playerVirtual6','192.168.0.200','playerVirtual5','playerVirtual5_25ef5720b9',1,1,1,2048,20,'2018-02-20 23:11:57',NULL),(26,'192.168.0.200','playerVirtual4_1436344784','playerVirtual4','192.168.0.200','playerVirtual1169','playerVirtual4_1436344784',0,1,1,2048,20,'2018-02-20 23:13:40','2018-02-20 23:13:40'),(27,'192.168.0.200','playerVirtual6_359920779','playerVirtual6','192.168.0.200','playerVirtual4','playerVirtual4_b420bd60ed',3,1,1,512,1,'2018-02-20 23:14:06','2018-02-21 00:56:30'),(28,'192.168.0.200','playerVirtual2_317497342','playerVirtual2','192.168.0.200','playerVirtual6','playerVirtual6_7f46f5b9d5',1,1,1,512,1,'2018-02-20 23:15:08',NULL),(29,'192.168.0.200','playerVirtual5_284794223','playerVirtual5','192.168.0.200','playerVirtual1169','playerVirtual5_284794223',0,1,1,2048,20,'2018-02-20 23:15:23','2018-02-20 23:15:23'),(30,'192.168.0.200','playerVirtual1169_1339662','playerVirtual1169','192.168.0.200','playerVirtual5','playerVirtual5_dbc7dacaeb',1,1,1,2048,20,'2018-02-20 23:15:30',NULL),(31,'192.168.0.200','playerVirtual4_904011','playerVirtual4','192.168.0.200','playerVirtual6','playerVirtual6_819ade2f8a',3,1,1,2048,20,'2018-02-20 23:17:05','2018-02-21 00:30:14'),(32,'192.168.0.200','playerVirtual1169_1093460','playerVirtual1169','192.168.0.200','playerVirtual6','playerVirtual6_62f3857998',1,1,1,512,1,'2018-02-20 23:17:34',NULL),(33,'192.168.0.200','playerVirtual2_257338074','playerVirtual2','192.168.0.200','playerVirtual4','playerVirtual4_3a2034a819',1,1,2,4096,40,'2018-02-20 23:17:42',NULL),(34,'192.168.0.200','playerVirtual5_905614','playerVirtual5','192.168.0.200','playerVirtual1169','playerVirtual5_905614',0,1,1,2048,20,'2018-02-20 23:18:11','2018-02-20 23:18:11'),(35,'192.168.0.200','playerVirtual6_2904109077','playerVirtual6','192.168.0.200','playerVirtual8','playerVirtual8_14fee59104',1,1,1,512,1,'2018-02-20 23:18:33',NULL),(36,'192.168.0.200','playerVirtual4_6569547','playerVirtual4','192.168.0.200','playerVirtual2','playerVirtual2_1d64083cf0',1,1,1,2048,20,'2018-02-20 23:20:17',NULL),(37,'192.168.0.200','playerVirtual6_400453824','playerVirtual6','192.168.0.200','playerVirtual1169','playerVirtual6_400453824',0,1,1,512,1,'2018-02-20 23:20:54','2018-02-20 23:20:54'),(38,'192.168.0.200','playerVirtual2_5792765','playerVirtual2','192.168.0.200','playerVirtual6','playerVirtual6_300f3dd452',1,1,1,512,1,'2018-02-20 23:21:49',NULL),(39,'192.168.0.200','playerVirtual8_470485660','playerVirtual8','192.168.0.200','playerVirtual1169','playerVirtual8_470485660',0,1,2,4096,40,'2018-02-20 23:22:05','2018-02-20 23:22:05'),(40,'192.168.0.200','playerVirtual1169_30788568','playerVirtual1169','192.168.0.200','playerVirtual8','playerVirtual8_041ca35a75',1,1,1,512,1,'2018-02-20 23:22:10',NULL),(41,'192.168.0.200','playerVirtual5_38671842','playerVirtual5','192.168.0.200','playerVirtual6','playerVirtual6_c2134e3310',1,1,1,512,1,'2018-02-20 23:22:11',NULL),(42,'192.168.0.200','playerVirtual4_4820318661','playerVirtual4','192.168.0.200','playerVirtual2','playerVirtual2_f7fdf63341',1,1,2,4096,40,'2018-02-20 23:24:02',NULL),(43,'192.168.0.200','playerVirtual8_6264344062','playerVirtual8','192.168.0.200','playerVirtual1169','playerVirtual8_6264344062',0,1,1,512,1,'2018-02-20 23:24:29','2018-02-20 23:24:29'),(44,'192.168.0.200','playerVirtual2_4820217293','playerVirtual2','192.168.0.200','playerVirtual4','playerVirtual4_17f261b446',1,1,2,4096,40,'2018-02-20 23:24:46',NULL),(45,'192.168.0.200','playerVirtual1169_2378747961','playerVirtual1169','192.168.0.200','playerVirtual8','playerVirtual8_c8ff9cb478',1,1,1,512,1,'2018-02-20 23:24:46',NULL),(46,'192.168.0.200','playerVirtual5_5068098508','playerVirtual5','192.168.0.200','playerVirtual1169','playerVirtual5_5068098508',0,1,1,2048,20,'2018-02-20 23:25:25','2018-02-20 23:25:25'),(47,'192.168.0.200','playerVirtual6_4819935267','playerVirtual6','192.168.0.200','playerVirtual2','playerVirtual2_9a2a75767a',1,1,2,4096,40,'2018-02-20 23:25:29',NULL),(48,'192.168.0.200','playerVirtual4_227443932','playerVirtual4','192.168.0.200','playerVirtual10','playerVirtual10_c2b7b3ad09',1,1,1,2048,20,'2018-02-20 23:28:46',NULL),(49,'192.168.0.200','playerVirtual6_16915963','playerVirtual6','192.168.0.200','playerVirtual8','playerVirtual8_18f4d85115',1,1,1,2048,20,'2018-02-20 23:29:36',NULL),(50,'192.168.0.200','playerVirtual2_2148750930','playerVirtual2','192.168.0.200','playerVirtual10','playerVirtual10_ddd1fea61d',1,1,1,2048,20,'2018-02-20 23:30:21',NULL),(51,'192.168.0.200','playerVirtual8_1095593','playerVirtual8','192.168.0.200','playerVirtual10','playerVirtual10_8c73ab2ee8',3,1,1,512,1,'2018-02-20 23:30:34','2018-02-21 00:08:42'),(52,'192.168.0.200','playerVirtual5_765651','playerVirtual5','192.168.0.200','playerVirtual8','playerVirtual8_f6e40718eb',1,1,1,2048,20,'2018-02-20 23:30:51',NULL),(53,'192.168.0.200','playerVirtual4_284757920','playerVirtual4','192.168.0.200','playerVirtual1643','playerVirtual4_284757920',0,1,1,2048,20,'2018-02-20 23:32:48','2018-02-20 23:32:48'),(54,'192.168.0.200','playerVirtual8_38676294','playerVirtual8','192.168.0.200','playerVirtual10','playerVirtual10_fec6d7ec8c',1,1,1,512,1,'2018-02-20 23:33:21',NULL),(55,'192.168.0.200','playerVirtual2_6274355716','playerVirtual2','192.168.0.200','playerVirtual8','playerVirtual8_a42c8174de',3,1,1,512,1,'2018-02-20 23:33:34','2018-02-21 00:10:37'),(56,'192.168.0.200','playerVirtual10_5623125514','playerVirtual10','192.168.0.200','playerVirtual1643','playerVirtual10_5623125514',0,1,1,2048,20,'2018-02-20 23:34:13','2018-02-20 23:34:13'),(57,'192.168.0.200','playerVirtual6_272887063','playerVirtual6','192.168.0.200','playerVirtual10','playerVirtual10_99f83111d8',3,1,1,2048,20,'2018-02-20 23:34:18','2018-02-20 23:45:17'),(58,'192.168.0.200','playerVirtual5_182859403','playerVirtual5','192.168.0.200','playerVirtual8','playerVirtual8_6a31fdc0d4',3,1,1,512,1,'2018-02-20 23:35:19','2018-02-20 23:40:59'),(59,'192.168.0.200','playerVirtual10_990694203','playerVirtual10','192.168.0.200','playerVirtual1643','playerVirtual10_990694203',0,1,1,2048,20,'2018-02-20 23:38:13','2018-02-20 23:38:13'),(60,'192.168.0.200','playerVirtual1643_4820204870','playerVirtual1643','192.168.0.200','playerVirtual10','playerVirtual10_a70f7644bd',1,1,2,4096,40,'2018-02-20 23:39:56',NULL),(61,'192.168.0.200','playerVirtual6_6280638724','playerVirtual6','192.168.0.200','playerVirtual8','playerVirtual8_48eac22bbe',1,1,1,512,1,'2018-02-20 23:40:21',NULL),(62,'192.168.0.200','playerVirtual8_990694203','playerVirtual8','192.168.0.200','playerVirtual1643','playerVirtual8_990694203',0,1,1,2048,20,'2018-02-20 23:41:00','2018-02-20 23:41:00'),(63,'192.168.0.200','playerVirtual4_6280643141','playerVirtual4','192.168.0.200','playerVirtual10','playerVirtual10_9e70dcb70d',1,1,1,512,1,'2018-02-20 23:42:32',NULL),(64,'192.168.0.200','playerVirtual1643_272887063','playerVirtual1643','192.168.0.200','playerVirtual5','playerVirtual1643_272887063',0,0,1,2048,20,'2018-02-20 23:42:48','2018-02-20 23:42:48'),(65,'192.168.0.200','playerVirtual2_4476462938','playerVirtual2','192.168.0.200','playerVirtual4','playerVirtual4_54a6d9c3b4',1,1,1,2048,20,'2018-02-20 23:43:28',NULL),(66,'192.168.0.200','playerVirtual5_6282149131','playerVirtual5','192.168.0.200','playerVirtual13','playerVirtual13_3bc1480e4e',1,1,1,512,1,'2018-02-20 23:45:21',NULL),(67,'192.168.0.200','playerVirtual10_16914091','playerVirtual10','192.168.0.200','playerVirtual14','playerVirtual14_16a4a53fa2',1,1,1,2048,20,'2018-02-20 23:48:41',NULL),(68,'192.168.0.200','playerVirtual4_1436323714','playerVirtual4','192.168.0.200','playerVirtual8','playerVirtual8_30eec54597',1,1,1,2048,20,'2018-02-20 23:49:08',NULL),(69,'192.168.0.200','playerVirtual2_1094955','playerVirtual2','192.168.0.200','playerVirtual10','playerVirtual10_03a9426be7',1,1,1,512,1,'2018-02-20 23:49:57',NULL),(70,'192.168.0.200','playerVirtual6_182859403','playerVirtual6','192.168.0.200','playerVirtual13','playerVirtual13_16b235a466',3,1,1,512,1,'2018-02-20 23:51:03','2018-02-21 00:13:04'),(71,'192.168.0.200','playerVirtual8_682797','playerVirtual8','192.168.0.200','playerVirtual14','playerVirtual14_88b49dc3f3',1,1,1,2048,20,'2018-02-20 23:51:22',NULL),(72,'192.168.0.200','playerVirtual13_2359368952','playerVirtual13','192.168.0.200','playerVirtual14','playerVirtual14_b992b03cfb',1,1,1,512,1,'2018-02-20 23:51:31',NULL),(73,'192.168.0.200','playerVirtual5_6641406','playerVirtual5','192.168.0.200','playerVirtual13','playerVirtual13_5f417e88d5',1,1,1,2048,20,'2018-02-20 23:51:49',NULL),(74,'192.168.0.200','playerVirtual4_6955737','playerVirtual4','192.168.0.200','playerVirtual1373','playerVirtual4_6955737',0,1,1,2048,20,'2018-02-20 23:55:03','2018-02-20 23:55:03'),(75,'192.168.0.200','playerVirtual13_2381571381','playerVirtual13','192.168.0.200','playerVirtual15','playerVirtual15_2bddf845d1',1,1,1,2048,20,'2018-02-20 23:55:16',NULL),(76,'192.168.0.200','playerVirtual8_3338579772','playerVirtual8','192.168.0.200','playerVirtual10','playerVirtual10_ead9772293',1,1,1,2048,20,'2018-02-20 23:55:27',NULL),(77,'192.168.0.200','playerVirtual10_6955737','playerVirtual10','192.168.0.200','playerVirtual8','playerVirtual8_660992f399',3,1,1,2048,20,'2018-02-20 23:56:11','2018-02-21 00:00:57'),(78,'192.168.0.200','playerVirtual6_1438244924','playerVirtual6','192.168.0.200','playerVirtual14','playerVirtual14_0d716f634e',3,1,1,2048,20,'2018-02-20 23:56:55','2018-02-21 00:04:31'),(79,'192.168.0.200','playerVirtual14_6285257156','playerVirtual14','192.168.0.200','playerVirtual13','playerVirtual13_84acb29b2b',1,1,1,512,1,'2018-02-20 23:57:26',NULL),(80,'192.168.0.200','playerVirtual5_2378747961','playerVirtual5','192.168.0.200','playerVirtual1373','playerVirtual5_2378747961',0,1,1,512,1,'2018-02-20 23:58:11','2018-02-20 23:58:11'),(81,'192.168.0.200','playerVirtual14_794070039','playerVirtual14','192.168.0.200','playerVirtual15','playerVirtual15_dc5d16cc9b',1,1,1,512,1,'2018-02-21 00:01:30',NULL),(82,'192.168.0.200','playerVirtual2_6289704471','playerVirtual2','192.168.0.200','playerVirtual8','playerVirtual8_de9e7a433d',3,1,1,512,1,'2018-02-21 00:02:28','2018-02-21 00:27:59'),(83,'192.168.0.200','playerVirtual15_1438244924','playerVirtual15','192.168.0.200','playerVirtual14','playerVirtual14_064b2b82af',1,1,1,2048,20,'2018-02-21 00:04:01',NULL),(84,'192.168.0.200','playerVirtual13_1436344784','playerVirtual13','192.168.0.200','playerVirtual15','playerVirtual15_0ea7b956f0',1,1,1,2048,20,'2018-02-21 00:05:18',NULL),(85,'192.168.0.200','playerVirtual15_182859403','playerVirtual15','192.168.0.200','playerVirtual1329','playerVirtual15_182859403',0,1,1,512,1,'2018-02-21 00:09:44','2018-02-21 00:09:44'),(86,'192.168.0.200','playerVirtual10_990694203','playerVirtual10','192.168.0.200','playerVirtual13','playerVirtual13_5af3f0977c',1,1,1,2048,20,'2018-02-21 00:09:45',NULL),(87,'192.168.0.200','playerVirtual4_6296865278','playerVirtual4','192.168.0.200','playerVirtual10','playerVirtual10_6dce5e8da2',1,1,1,512,1,'2018-02-21 00:10:08',NULL),(88,'192.168.0.200','playerVirtual14_6296268057','playerVirtual14','192.168.0.200','playerVirtual15','playerVirtual15_c8a7e44a6e',1,1,1,512,1,'2018-02-21 00:13:20',NULL),(89,'192.168.0.200','playerVirtual13_6301942525','playerVirtual13','192.168.0.200','playerVirtual19','playerVirtual19_e48f116239',1,1,1,512,1,'2018-02-21 00:13:36',NULL),(90,'192.168.0.200','playerVirtual5_990694203','playerVirtual5','192.168.0.200','playerVirtual14','playerVirtual14_d3f42ec7f7',3,1,1,2048,20,'2018-02-21 00:15:10','2018-02-21 00:23:05'),(91,'192.168.0.200','playerVirtual1329_6264344062','playerVirtual1329','192.168.0.200','playerVirtual13','playerVirtual13_6b9b2d6c6d',1,1,1,2048,20,'2018-02-21 00:20:39',NULL),(92,'192.168.0.200','playerVirtual4_6289704471','playerVirtual4','192.168.0.200','playerVirtual8','playerVirtual8_e612f62a11',3,1,1,2048,20,'2018-02-21 00:22:00','2018-02-21 00:42:10'),(93,'192.168.0.200','playerVirtual8_5297461910','playerVirtual8','192.168.0.200','playerVirtual1329','playerVirtual8_5297461910',0,1,1,512,1,'2018-02-21 00:22:08','2018-02-21 00:22:08'),(94,'192.168.0.200','playerVirtual14_908315','playerVirtual14','192.168.0.200','playerVirtual15','playerVirtual15_47079096f8',1,1,1,2048,20,'2018-02-21 00:22:26',NULL),(95,'192.168.0.200','playerVirtual6_1095593','playerVirtual6','192.168.0.200','playerVirtual19','playerVirtual19_cc57eca0fd',3,1,1,512,1,'2018-02-21 00:22:44','2018-02-21 00:32:30'),(96,'192.168.0.200','playerVirtual13_539194189','playerVirtual13','192.168.0.200','playerVirtual14','playerVirtual14_12ca84739e',1,1,1,2048,20,'2018-02-21 00:26:18',NULL),(97,'192.168.0.200','playerVirtual10_6274355716','playerVirtual10','192.168.0.200','playerVirtual19','playerVirtual19_c0c2148dcf',1,1,1,512,1,'2018-02-21 00:28:31',NULL),(98,'192.168.0.200','playerVirtual8_4246147567','playerVirtual8','192.168.0.200','playerVirtual1055','playerVirtual8_4246147567',0,1,2,4096,40,'2018-02-21 00:30:31','2018-02-21 00:30:31'),(99,'192.168.0.200','playerVirtual15_4246147567','playerVirtual15','192.168.0.200','playerVirtual19','playerVirtual19_ba56e72344',3,1,2,4096,40,'2018-02-21 00:31:14','2018-02-21 00:42:42'),(100,'192.168.0.200','playerVirtual19_182859403','playerVirtual19','192.168.0.200','playerVirtual1055','playerVirtual19_182859403',0,1,1,512,1,'2018-02-21 00:31:27','2018-02-21 00:31:27'),(101,'192.168.0.200','playerVirtual10_4246147567','playerVirtual10','192.168.0.200','playerVirtual6','playerVirtual6_b82f7af910',3,1,2,4096,40,'2018-02-21 00:36:12','2018-02-21 00:52:08'),(102,'192.168.0.200','playerVirtual14_4246147567','playerVirtual14','192.168.0.200','playerVirtual1055','playerVirtual14_4246147567',0,1,2,4096,40,'2018-02-21 00:36:28','2018-02-21 00:36:28'),(103,'192.168.0.200','playerVirtual19_2378747961','playerVirtual19','192.168.0.200','playerVirtual1055','playerVirtual19_2378747961',0,1,1,512,1,'2018-02-21 00:36:31','2018-02-21 00:36:31'),(104,'192.168.0.200','playerVirtual13_4246147567','playerVirtual13','192.168.0.200','playerVirtual1055','playerVirtual13_4246147567',0,1,2,4096,40,'2018-02-21 00:36:56','2018-02-21 00:36:56'),(105,'192.168.0.200','playerVirtual2_6315250734','playerVirtual2','192.168.0.200','playerVirtual4','playerVirtual4_9f2a211f29',1,1,1,512,1,'2018-02-21 00:41:42',NULL),(106,'192.168.0.200','playerVirtual6_6316827871','playerVirtual6','192.168.0.200','playerVirtual19','playerVirtual19_c9e4d6ae2e',1,1,1,512,1,'2018-02-21 00:45:47',NULL),(107,'192.168.0.200','playerVirtual4_990694203','playerVirtual4','192.168.0.200','playerVirtual1328','playerVirtual4_990694203',0,1,1,2048,20,'2018-02-21 00:52:37','2018-02-21 00:52:37'),(108,'192.168.0.200','playerVirtual8_4246147567','playerVirtual8','192.168.0.200','playerVirtual6','playerVirtual6_7a67c947eb',1,1,2,4096,40,'2018-02-21 00:54:16',NULL),(109,'192.168.0.200','playerVirtual5_4246147567','playerVirtual5','192.168.0.200','playerVirtual1328','playerVirtual5_4246147567',0,1,2,4096,40,'2018-02-21 00:54:27','2018-02-21 00:54:27'),(110,'192.168.0.200','playerVirtual15_4246147567','playerVirtual15','192.168.0.200','playerVirtual1328','playerVirtual15_4246147567',0,1,2,4096,40,'2018-02-21 00:54:39','2018-02-21 00:54:39'),(111,'192.168.0.200','playerVirtual19_5068098508','playerVirtual19','192.168.0.200','playerVirtual1328','playerVirtual19_5068098508',0,1,1,2048,20,'2018-02-21 00:55:26','2018-02-21 00:55:26'),(112,'192.168.0.200','playerVirtual14_4246147567','playerVirtual14','192.168.0.200','playerVirtual1328','playerVirtual14_4246147567',0,1,2,4096,40,'2018-02-21 01:00:20','2018-02-21 01:00:20'),(113,'192.168.0.200','playerVirtual10_1095593','playerVirtual10','192.168.0.200','playerVirtual19','playerVirtual19_74b4d6b480',1,1,1,512,1,'2018-02-21 01:00:38',NULL),(114,'192.168.0.200','playerVirtual13_4246147567','playerVirtual13','192.168.0.200','playerVirtual1328','playerVirtual13_4246147567',0,1,2,4096,40,'2018-02-21 01:01:03','2018-02-21 01:01:03'),(115,'192.168.0.200','playerVirtual2_4246147567','playerVirtual2','192.168.0.200','playerVirtual8','playerVirtual8_84140e4784',3,1,2,4096,40,'2018-02-21 01:01:19','2018-02-21 01:16:01'),(116,'192.168.0.200','playerVirtual19_4246147567','playerVirtual19','192.168.0.200','playerVirtual1328','playerVirtual19_4246147567',0,1,2,4096,40,'2018-02-21 01:02:06','2018-02-21 01:02:06'),(117,'192.168.0.200','playerVirtual6_359920779','playerVirtual6','192.168.0.200','playerVirtual4','playerVirtual4_7351251a75',1,1,1,512,1,'2018-02-21 01:10:21',NULL),(118,'192.168.0.200','playerVirtual10_4246147567','playerVirtual10','192.168.0.200','playerVirtual19','playerVirtual19_400824610e',1,1,2,4096,40,'2018-02-21 01:16:54',NULL);
/*!40000 ALTER TABLE `VM` ENABLE KEYS */;
UNLOCK TABLES;
/*!40103 SET TIME_ZONE=@OLD_TIME_ZONE */;

/*!40101 SET SQL_MODE=@OLD_SQL_MODE */;
/*!40014 SET FOREIGN_KEY_CHECKS=@OLD_FOREIGN_KEY_CHECKS */;
/*!40014 SET UNIQUE_CHECKS=@OLD_UNIQUE_CHECKS */;
/*!40101 SET CHARACTER_SET_CLIENT=@OLD_CHARACTER_SET_CLIENT */;
/*!40101 SET CHARACTER_SET_RESULTS=@OLD_CHARACTER_SET_RESULTS */;
/*!40101 SET COLLATION_CONNECTION=@OLD_COLLATION_CONNECTION */;
/*!40111 SET SQL_NOTES=@OLD_SQL_NOTES */;

-- Dump completed on 2018-02-20 22:17:24
