-- MySQL dump 10.14  Distrib 5.5.58-MariaDB, for debian-linux-gnu (x86_64)
--
-- Host: localhost    Database: mct
-- ------------------------------------------------------
-- Server version	5.5.58-MariaDB-1ubuntu0.14.04.1

/*!40101 SET @OLD_CHARACTER_SET_CLIENT=@@CHARACTER_SET_CLIENT */;
/*!40101 SET @OLD_CHARACTER_SET_RESULTS=@@CHARACTER_SET_RESULTS */;
/*!40101 SET @OLD_COLLATION_CONNECTION=@@COLLATION_CONNECTION */;
/*!40101 SET NAMES utf8 */;
/*!40103 SET @OLD_TIME_ZONE=@@TIME_ZONE */;
/*!40103 SET TIME_ZONE='+00:00' */;
/*!40014 SET @OLD_UNIQUE_CHECKS=@@UNIQUE_CHECKS, UNIQUE_CHECKS=0 */;
/*!40014 SET @OLD_FOREIGN_KEY_CHECKS=@@FOREIGN_KEY_CHECKS, FOREIGN_KEY_CHECKS=0 */;
/*!40101 SET @OLD_SQL_MODE=@@SQL_MODE, SQL_MODE='NO_AUTO_VALUE_ON_ZERO' */;
/*!40111 SET @OLD_SQL_NOTES=@@SQL_NOTES, SQL_NOTES=0 */;

--
-- Table structure for table `FIELDS`
--

DROP TABLE IF EXISTS `FIELDS`;
/*!40101 SET @saved_cs_client     = @@character_set_client */;
/*!40101 SET character_set_client = utf8 */;
CREATE TABLE `FIELDS` (
  `operation` int(11) NOT NULL,
  `fields` varchar(45) NOT NULL,
  PRIMARY KEY (`operation`)
) ENGINE=InnoDB DEFAULT CHARSET=utf8;
/*!40101 SET character_set_client = @saved_cs_client */;

--
-- Dumping data for table `FIELDS`
--

LOCK TABLES `FIELDS` WRITE;
/*!40000 ALTER TABLE `FIELDS` DISABLE KEYS */;
INSERT INTO `FIELDS` VALUES (0,'name mem image vcpus disk uuid');
/*!40000 ALTER TABLE `FIELDS` ENABLE KEYS */;
UNLOCK TABLES;

--
-- Table structure for table `PLAYER`
--

DROP TABLE IF EXISTS `PLAYER`;
/*!40101 SET @saved_cs_client     = @@character_set_client */;
/*!40101 SET character_set_client = utf8 */;
CREATE TABLE `PLAYER` (
  `id` int(11) NOT NULL AUTO_INCREMENT,
  `name` varchar(45) NOT NULL,
  `address` varchar(45) NOT NULL,
  `division` int(11) DEFAULT NULL,
  `score` float DEFAULT '0',
  `history` int(11) DEFAULT '0',
  `fairness` float DEFAULT '0',
  `accepts` int(11) DEFAULT '0',
  `rejects` int(11) DEFAULT '0',
  `running` int(11) DEFAULT '0',
  `finished` int(11) DEFAULT '0',
  `problem_del` int(11) DEFAULT '0',
  `vcpus` int(11) DEFAULT '0',
  `memory` bigint(20) DEFAULT '0',
  `local_gb` bigint(20) DEFAULT '0',
  `vcpus_used` bigint(20) DEFAULT '0',
  `memory_used` bigint(20) DEFAULT '0',
  `local_gb_used` bigint(20) DEFAULT '0',
  `max_instance` int(11) DEFAULT '0',
  `token` varchar(45) DEFAULT NULL,
  `suspend` timestamp NULL DEFAULT NULL,
  `enabled` int(11) DEFAULT '0',
  `last_choice` timestamp NOT NULL DEFAULT '2018-01-01 02:00:00',
  `playoff` tinyint(1) DEFAULT '0',
  PRIMARY KEY (`id`)
) ENGINE=InnoDB AUTO_INCREMENT=21 DEFAULT CHARSET=utf8;
/*!40101 SET character_set_client = @saved_cs_client */;

--
-- Dumping data for table `PLAYER`
--

LOCK TABLES `PLAYER` WRITE;
/*!40000 ALTER TABLE `PLAYER` DISABLE KEYS */;
INSERT INTO `PLAYER` VALUES (1,'playerVirtual1','192.168.0.200',3,7.97,29,1,10,0,5,5,0,1023,1047552,10230,6,9216,82,99,'4fd1beb10853e5655ad69541f6ea6cafcb2a754c',NULL,1,'2018-02-12 00:43:19',0),(2,'playerVirtual11','192.168.0.200',3,9.3,29,1,10,0,7,3,0,1023,1047552,10230,8,11776,103,99,'e60ab9d24a554d0b911bad6e352d4de5b1e8f900',NULL,1,'2018-02-12 00:43:29',0),(3,'playerVirtual4','192.168.0.200',3,11.29,29,0.909091,10,0,7,3,0,1023,1047552,10230,9,12288,104,99,'51b6b50f0e43f75ab55c64a4bb88b458a5bba3ff',NULL,1,'2018-02-12 00:43:46',0),(4,'playerVirtual8','192.168.0.200',3,9.3,29,1,9,0,5,4,0,1023,1047552,10230,5,5632,43,99,'8c98a72fe48d2032d4aaf1c6e535816636323176',NULL,1,'2018-02-12 00:15:52',0),(5,'playerVirtual2','192.168.0.200',3,11.95,29,0.75,9,0,6,3,0,1023,1047552,10230,8,11776,103,99,'d44ea643ca6636e4b7c13bf9d346f41ba6661f28',NULL,1,'2018-02-12 00:16:47',0),(6,'playerVirtual13','192.168.0.200',3,12.61,29,1,9,0,2,7,0,1023,1047552,10230,4,8192,80,99,'82c9cd218631d2ec417823c84dc10153ba4503b9',NULL,1,'2018-02-12 00:17:53',0),(7,'playerVirtual3','192.168.0.200',3,12.61,29,0.888889,9,0,5,4,0,1023,1047552,10230,7,11264,102,99,'7f821be6766b55dc3dfd2ca23f6cfcfdb19a6274',NULL,1,'2018-02-12 00:19:06',0),(8,'playerVirtual6','192.168.0.200',3,8.63,29,1,9,0,4,5,0,1023,1047552,10230,5,8704,81,99,'d26b60295eb4b95ef667bc36f92ac614ebbc38b0',NULL,1,'2018-02-12 00:23:08',0),(9,'playerVirtual15','192.168.0.200',3,9.29,29,0.875,9,0,3,6,0,1023,1047552,10230,4,8192,80,99,'8ecc50964484efae57f6c39320853e740bcda455',NULL,1,'2018-02-12 00:23:15',0),(10,'playerVirtual17','192.168.0.200',3,7.97,29,1,9,0,1,8,0,1023,1047552,10230,1,512,1,99,'2a4b42e8820be3d27198ff328d60644f7e690bf6',NULL,1,'2018-02-12 00:20:24',0),(11,'playerVirtual19','192.168.0.200',3,8.63,29,1,9,0,4,5,0,1023,1047552,10230,3,4608,41,99,'4cc1659d1765093d1f14e00d08d5e49bf847fe36',NULL,1,'2018-02-12 00:26:32',0),(12,'playerVirtual5','192.168.0.200',3,13.28,29,1,9,0,6,3,0,1023,1047552,10230,7,8192,64,99,'7f3e789b397b38bbed7f1d4af3b6abbb0cbe290d',NULL,1,'2018-02-12 00:27:08',0),(13,'playerVirtual9','192.168.0.200',3,4.97,29,1,9,0,3,6,0,1023,1047552,10230,4,8192,80,99,'11a654b09b8742fbea93900e22413f528b61743c',NULL,1,'2018-02-12 00:27:20',0),(14,'playerVirtual7','192.168.0.200',3,5.32,29,1,9,0,6,3,0,1023,1047552,10230,6,7680,63,99,'d8bcfbc855445a1e9dd90d24f36e2e82c7794495',NULL,1,'2018-02-12 00:27:13',0),(15,'playerVirtual14','192.168.0.200',3,8.63,29,1,9,0,6,3,0,1023,1047552,10230,7,12800,121,99,'fbbf144b17b116c4e45305377c9f430662471419',NULL,1,'2018-02-12 00:31:14',0),(16,'playerVirtual12','192.168.0.200',3,13.28,29,1,9,0,3,6,0,1023,1047552,10230,3,3072,22,99,'1d4cfd95785187c2e839ed19bedd73edf8a3d106',NULL,1,'2018-02-12 00:28:26',0),(17,'playerVirtual0','192.168.0.200',3,11.95,29,1,9,0,5,4,0,1023,1047552,10230,6,9216,82,99,'54c6d6de410322cf859767ccb3055f16cb651e6b',NULL,1,'2018-02-12 00:32:24',0),(18,'playerVirtual16','192.168.0.200',3,11.29,29,1,9,0,4,5,0,1023,1047552,10230,4,5120,42,99,'889557eaec7b7da14361348bc335a77dca8fd6fc',NULL,1,'2018-02-12 00:33:27',0),(19,'playerVirtual18','192.168.0.200',3,9.29,29,1,9,0,2,7,0,1023,1047552,10230,4,8192,80,99,'9b01666ac763a63293669fb9d1e3a12aaec28de6',NULL,1,'2018-02-12 00:39:21',0),(20,'playerVirtual10','192.168.0.200',3,9.96,29,1,9,0,4,5,0,1023,1047552,10230,5,8704,81,99,'e7f54b0de247513337c684bef511008c84003345',NULL,1,'2018-02-12 00:41:03',0);
/*!40000 ALTER TABLE `PLAYER` ENABLE KEYS */;
UNLOCK TABLES;

--
-- Table structure for table `REQUEST`
--

DROP TABLE IF EXISTS `REQUEST`;
/*!40101 SET @saved_cs_client     = @@character_set_client */;
/*!40101 SET character_set_client = utf8 */;
CREATE TABLE `REQUEST` (
  `id` int(11) NOT NULL AUTO_INCREMENT,
  `player_id` varchar(45) NOT NULL,
  `request_id` varchar(45) NOT NULL,
  `action` int(11) NOT NULL,
  `timestamp_received` timestamp NULL DEFAULT NULL,
  `timestamp_finished` timestamp NULL DEFAULT NULL,
  `status` int(11) NOT NULL,
  PRIMARY KEY (`id`)
) ENGINE=InnoDB AUTO_INCREMENT=849 DEFAULT CHARSET=utf8;
/*!40101 SET character_set_client = @saved_cs_client */;

--
-- Dumping data for table `REQUEST`
--

LOCK TABLES `REQUEST` WRITE;
/*!40000 ALTER TABLE `REQUEST` DISABLE KEYS */;
INSERT INTO `REQUEST` VALUES (1,'playerVirtual1','playerVirtual1_72a023ca37',4,'2018-02-11 22:18:58',NULL,0),(2,'playerVirtual11','playerVirtual11_1486b56d73',4,'2018-02-11 22:18:59',NULL,0),(3,'playerVirtual4','playerVirtual4_22c42c6709',4,'2018-02-11 22:18:59',NULL,0),(4,'playerVirtual8','playerVirtual8_25592ef148',4,'2018-02-11 22:18:59',NULL,0),(5,'playerVirtual2','playerVirtual2_808a963fc5',4,'2018-02-11 22:18:59',NULL,0),(6,'playerVirtual13','playerVirtual13_8059657d2b',4,'2018-02-11 22:18:59',NULL,0),(7,'playerVirtual3','playerVirtual3_7128a2010e',4,'2018-02-11 22:19:00',NULL,0),(8,'playerVirtual6','playerVirtual6_85ed868197',4,'2018-02-11 22:19:00',NULL,0),(9,'playerVirtual15','playerVirtual15_8c353db128',4,'2018-02-11 22:19:00',NULL,0),(10,'playerVirtual17','playerVirtual17_2aad7bfb50',4,'2018-02-11 22:19:00',NULL,0),(11,'playerVirtual19','playerVirtual19_0546edc4b6',4,'2018-02-11 22:19:01',NULL,0),(12,'playerVirtual5','playerVirtual5_276162e846',4,'2018-02-11 22:19:01',NULL,0),(13,'playerVirtual9','playerVirtual9_4c23aa152f',4,'2018-02-11 22:19:01',NULL,0),(14,'playerVirtual7','playerVirtual7_e3d55a9ea7',4,'2018-02-11 22:19:01',NULL,0),(15,'playerVirtual14','playerVirtual14_28f273243c',4,'2018-02-11 22:19:01',NULL,0),(16,'playerVirtual12','playerVirtual12_95821275da',4,'2018-02-11 22:19:02',NULL,0),(17,'playerVirtual0','playerVirtual0_2981988b50',4,'2018-02-11 22:19:02',NULL,0),(18,'playerVirtual16','playerVirtual16_19960361b0',4,'2018-02-11 22:19:02',NULL,0),(19,'playerVirtual18','playerVirtual18_78f07d008a',4,'2018-02-11 22:19:02',NULL,0),(20,'playerVirtual10','playerVirtual10_0f2a4bcdcd',4,'2018-02-11 22:19:02',NULL,0),(21,'playerVirtual1','playerVirtual1_450512000',0,'2018-02-11 22:20:00',NULL,0),(22,'playerVirtual1','playerVirtual1_450512000',0,'2018-02-11 22:20:00',NULL,0),(23,'playerVirtual11','playerVirtual11_1438244924',0,'2018-02-11 22:20:02',NULL,0),(24,'playerVirtual11','playerVirtual11_1438244924',0,'2018-02-11 22:20:02',NULL,0),(25,'playerVirtual4','playerVirtual4_640692267',0,'2018-02-11 22:20:05',NULL,0),(26,'playerVirtual4','playerVirtual4_640692267',0,'2018-02-11 22:20:05',NULL,0),(27,'playerVirtual8','playerVirtual8_2381571381',0,'2018-02-11 22:20:06',NULL,0),(28,'playerVirtual8','playerVirtual8_2381571381',0,'2018-02-11 22:20:06',NULL,0),(29,'playerVirtual2','playerVirtual2_5297461910',0,'2018-02-11 22:20:07',NULL,0),(30,'playerVirtual2','playerVirtual2_5297461910',0,'2018-02-11 22:20:07',NULL,0),(31,'playerVirtual13','playerVirtual13_2790332778',0,'2018-02-11 22:20:10',NULL,0),(32,'playerVirtual13','playerVirtual13_2790332778',0,'2018-02-11 22:20:11',NULL,0),(33,'playerVirtual3','playerVirtual3_369721705',0,'2018-02-11 22:20:11',NULL,0),(34,'playerVirtual3','playerVirtual3_369721705',0,'2018-02-11 22:20:12',NULL,0),(35,'playerVirtual6','playerVirtual6_317469422',0,'2018-02-11 22:20:12',NULL,0),(36,'playerVirtual15','playerVirtual15_6955737',0,'2018-02-11 22:20:12',NULL,0),(37,'playerVirtual6','playerVirtual6_317469422',0,'2018-02-11 22:20:12',NULL,0),(38,'playerVirtual15','playerVirtual15_6955737',0,'2018-02-11 22:20:13',NULL,0),(39,'playerVirtual17','playerVirtual17_257338104',0,'2018-02-11 22:20:13',NULL,0),(40,'playerVirtual19','playerVirtual19_3584940347',0,'2018-02-11 22:20:13',NULL,0),(41,'playerVirtual5','playerVirtual5_2433236783',0,'2018-02-11 22:20:14',NULL,0),(42,'playerVirtual17','playerVirtual17_257338104',0,'2018-02-11 22:20:14',NULL,0),(43,'playerVirtual19','playerVirtual19_3584940347',0,'2018-02-11 22:20:14',NULL,0),(44,'playerVirtual5','playerVirtual5_2433236783',0,'2018-02-11 22:20:14',NULL,0),(45,'playerVirtual9','playerVirtual9_3338579772',0,'2018-02-11 22:20:15',NULL,0),(46,'playerVirtual7','playerVirtual7_257407216',0,'2018-02-11 22:20:15',NULL,0),(47,'playerVirtual9','playerVirtual9_3338579772',0,'2018-02-11 22:20:15',NULL,0),(48,'playerVirtual7','playerVirtual7_257407216',0,'2018-02-11 22:20:15',NULL,0),(49,'playerVirtual14','playerVirtual14_182859403',0,'2018-02-11 22:20:22',NULL,0),(50,'playerVirtual14','playerVirtual14_182859403',0,'2018-02-11 22:20:22',NULL,0),(51,'playerVirtual12','playerVirtual12_2359368952',0,'2018-02-11 22:20:25',NULL,0),(52,'playerVirtual12','playerVirtual12_2359368952',0,'2018-02-11 22:20:26',NULL,0),(53,'playerVirtual0','playerVirtual0_16917741',0,'2018-02-11 22:20:28',NULL,0),(54,'playerVirtual0','playerVirtual0_16917741',0,'2018-02-11 22:20:28',NULL,0),(55,'playerVirtual16','playerVirtual16_2545640208',0,'2018-02-11 22:20:37',NULL,0),(56,'playerVirtual16','playerVirtual16_2545640208',0,'2018-02-11 22:20:38',NULL,0),(57,'playerVirtual18','playerVirtual18_908315',0,'2018-02-11 22:20:39',NULL,0),(58,'playerVirtual18','playerVirtual18_908315',0,'2018-02-11 22:20:39',NULL,0),(59,'playerVirtual10','playerVirtual10_539194189',0,'2018-02-11 22:20:47',NULL,0),(60,'playerVirtual10','playerVirtual10_539194189',0,'2018-02-11 22:20:47',NULL,0),(61,'playerVirtual1','playerVirtual1_19ae2b7ddb',3,'2018-02-11 22:21:00',NULL,0),(62,'playerVirtual11','playerVirtual11_e82aad3d9e',3,'2018-02-11 22:21:02',NULL,0),(63,'playerVirtual4','playerVirtual4_d245b98e12',3,'2018-02-11 22:21:05',NULL,0),(64,'playerVirtual8','playerVirtual8_beac73a0c2',3,'2018-02-11 22:21:06',NULL,0),(65,'playerVirtual2','playerVirtual2_c75d89ddac',3,'2018-02-11 22:21:07',NULL,0),(66,'playerVirtual13','playerVirtual13_f2682fe181',3,'2018-02-11 22:21:11',NULL,0),(67,'playerVirtual3','playerVirtual3_94408c130b',3,'2018-02-11 22:21:12',NULL,0),(68,'playerVirtual6','playerVirtual6_ada785dad6',3,'2018-02-11 22:21:12',NULL,0),(69,'playerVirtual15','playerVirtual15_4a1a66b7f9',3,'2018-02-11 22:21:12',NULL,0),(70,'playerVirtual17','playerVirtual17_cfa68d87f3',3,'2018-02-11 22:21:13',NULL,0),(71,'playerVirtual19','playerVirtual19_826fa1fd1b',3,'2018-02-11 22:21:14',NULL,0),(72,'playerVirtual5','playerVirtual5_e96ddd4d00',3,'2018-02-11 22:21:14',NULL,0),(73,'playerVirtual9','playerVirtual9_d4c8a110f3',3,'2018-02-11 22:21:15',NULL,0),(74,'playerVirtual7','playerVirtual7_1bca492147',3,'2018-02-11 22:21:15',NULL,0),(75,'playerVirtual14','playerVirtual14_df0b00e326',3,'2018-02-11 22:21:22',NULL,0),(76,'playerVirtual12','playerVirtual12_30502243c3',3,'2018-02-11 22:21:25',NULL,0),(77,'playerVirtual0','playerVirtual0_a6ca8f9d55',3,'2018-02-11 22:21:28',NULL,0),(78,'playerVirtual16','playerVirtual16_3a9d87de07',3,'2018-02-11 22:21:38',NULL,0),(79,'playerVirtual18','playerVirtual18_e07835cf79',3,'2018-02-11 22:21:39',NULL,0),(80,'playerVirtual10','playerVirtual10_e3ea0114e0',3,'2018-02-11 22:21:47',NULL,0),(81,'playerVirtual1','playerVirtual1_4820204870',0,'2018-02-11 22:23:25',NULL,0),(82,'playerVirtual1','playerVirtual1_4820204870',0,'2018-02-11 22:23:26',NULL,0),(83,'playerVirtual11','playerVirtual11_8058564',0,'2018-02-11 22:24:15',NULL,0),(84,'playerVirtual11','playerVirtual11_8058564',0,'2018-02-11 22:24:16',NULL,0),(85,'playerVirtual4','playerVirtual4_1429160667',0,'2018-02-11 22:24:17',NULL,0),(86,'playerVirtual4','playerVirtual4_1429160667',0,'2018-02-11 22:24:17',NULL,0),(87,'playerVirtual8','playerVirtual8_3338010893',0,'2018-02-11 22:24:18',NULL,0),(88,'playerVirtual8','playerVirtual8_3338010893',0,'2018-02-11 22:24:18',NULL,0),(89,'playerVirtual2','playerVirtual2_82730999',0,'2018-02-11 22:24:22',NULL,0),(90,'playerVirtual2','playerVirtual2_82730999',0,'2018-02-11 22:24:22',NULL,0),(91,'playerVirtual3','playerVirtual3_6571218',0,'2018-02-11 22:24:24',NULL,0),(92,'playerVirtual13','playerVirtual13_351652724',0,'2018-02-11 22:24:24',NULL,0),(93,'playerVirtual3','playerVirtual3_6571218',0,'2018-02-11 22:24:24',NULL,0),(94,'playerVirtual13','playerVirtual13_351652724',0,'2018-02-11 22:24:25',NULL,0),(95,'playerVirtual1','playerVirtual1_099e594e7f',4,'2018-02-11 22:24:26',NULL,0),(96,'playerVirtual6','playerVirtual6_778566023',0,'2018-02-11 22:24:26',NULL,0),(97,'playerVirtual6','playerVirtual6_778566023',0,'2018-02-11 22:24:27',NULL,0),(98,'playerVirtual15','playerVirtual15_1436344784',0,'2018-02-11 22:24:31',NULL,0),(99,'playerVirtual15','playerVirtual15_1436344784',0,'2018-02-11 22:24:31',NULL,0),(100,'playerVirtual17','playerVirtual17_1339662',0,'2018-02-11 22:24:32',NULL,0),(101,'playerVirtual17','playerVirtual17_1339662',0,'2018-02-11 22:24:32',NULL,0),(102,'playerVirtual19','playerVirtual19_317497342',0,'2018-02-11 22:24:33',NULL,0),(103,'playerVirtual5','playerVirtual5_284794223',0,'2018-02-11 22:24:33',NULL,0),(104,'playerVirtual9','playerVirtual9_359920779',0,'2018-02-11 22:24:33',NULL,0),(105,'playerVirtual19','playerVirtual19_317497342',0,'2018-02-11 22:24:33',NULL,0),(106,'playerVirtual7','playerVirtual7_904011',0,'2018-02-11 22:24:34',NULL,0),(107,'playerVirtual5','playerVirtual5_284794223',0,'2018-02-11 22:24:34',NULL,0),(108,'playerVirtual9','playerVirtual9_359920779',0,'2018-02-11 22:24:34',NULL,0),(109,'playerVirtual7','playerVirtual7_904011',0,'2018-02-11 22:24:35',NULL,0),(110,'playerVirtual14','playerVirtual14_2904109077',0,'2018-02-11 22:24:35',NULL,0),(111,'playerVirtual12','playerVirtual12_257338074',0,'2018-02-11 22:24:35',NULL,0),(112,'playerVirtual0','playerVirtual0_905614',0,'2018-02-11 22:24:35',NULL,0),(113,'playerVirtual14','playerVirtual14_2904109077',0,'2018-02-11 22:24:36',NULL,0),(114,'playerVirtual12','playerVirtual12_257338074',0,'2018-02-11 22:24:36',NULL,0),(115,'playerVirtual0','playerVirtual0_905614',0,'2018-02-11 22:24:37',NULL,0),(116,'playerVirtual16','playerVirtual16_1093460',0,'2018-02-11 22:24:37',NULL,0),(117,'playerVirtual18','playerVirtual18_6569547',0,'2018-02-11 22:24:37',NULL,0),(118,'playerVirtual16','playerVirtual16_1093460',0,'2018-02-11 22:24:37',NULL,0),(119,'playerVirtual18','playerVirtual18_6569547',0,'2018-02-11 22:24:38',NULL,0),(120,'playerVirtual10','playerVirtual10_470485660',0,'2018-02-11 22:24:38',NULL,0),(121,'playerVirtual10','playerVirtual10_470485660',0,'2018-02-11 22:24:39',NULL,0),(122,'playerVirtual11','playerVirtual11_59b9909778',4,'2018-02-11 22:25:15',NULL,0),(123,'playerVirtual4','playerVirtual4_f46a88579c',4,'2018-02-11 22:25:17',NULL,0),(124,'playerVirtual8','playerVirtual8_c49a168c65',4,'2018-02-11 22:25:18',NULL,0),(125,'playerVirtual2','playerVirtual2_1782108f07',4,'2018-02-11 22:25:22',NULL,0),(126,'playerVirtual3','playerVirtual3_c712f1f3b3',4,'2018-02-11 22:25:24',NULL,0),(127,'playerVirtual13','playerVirtual13_b47d6d42d8',4,'2018-02-11 22:25:24',NULL,0),(128,'playerVirtual6','playerVirtual6_57a5137022',4,'2018-02-11 22:25:27',NULL,0),(129,'playerVirtual15','playerVirtual15_3f0e463a65',4,'2018-02-11 22:25:31',NULL,0),(130,'playerVirtual17','playerVirtual17_c4e84f5255',4,'2018-02-11 22:25:32',NULL,0),(131,'playerVirtual19','playerVirtual19_712ed848d5',4,'2018-02-11 22:25:33',NULL,0),(132,'playerVirtual5','playerVirtual5_9d7e96fa45',4,'2018-02-11 22:25:33',NULL,0),(133,'playerVirtual9','playerVirtual9_512e21bf9d',4,'2018-02-11 22:25:34',NULL,0),(134,'playerVirtual7','playerVirtual7_fb10fa8a25',4,'2018-02-11 22:25:34',NULL,0),(135,'playerVirtual14','playerVirtual14_015848faa7',4,'2018-02-11 22:25:35',NULL,0),(136,'playerVirtual12','playerVirtual12_8715c3c2c5',4,'2018-02-11 22:25:35',NULL,0),(137,'playerVirtual0','playerVirtual0_070caadf04',4,'2018-02-11 22:25:35',NULL,0),(138,'playerVirtual16','playerVirtual16_63089da1ad',4,'2018-02-11 22:25:36',NULL,0),(139,'playerVirtual18','playerVirtual18_3d1e8f5925',4,'2018-02-11 22:25:37',NULL,0),(140,'playerVirtual10','playerVirtual10_d21e643d6c',4,'2018-02-11 22:25:39',NULL,0),(141,'playerVirtual1','playerVirtual1_30788568',0,'2018-02-11 22:26:40',NULL,0),(142,'playerVirtual1','playerVirtual1_30788568',0,'2018-02-11 22:26:41',NULL,0),(143,'playerVirtual11','playerVirtual11_5792765',0,'2018-02-11 22:26:43',NULL,0),(144,'playerVirtual11','playerVirtual11_5792765',0,'2018-02-11 22:26:43',NULL,0),(145,'playerVirtual4','playerVirtual4_38671842',0,'2018-02-11 22:26:54',NULL,0),(146,'playerVirtual8','playerVirtual8_400453824',0,'2018-02-11 22:26:54',NULL,0),(147,'playerVirtual4','playerVirtual4_38671842',0,'2018-02-11 22:26:55',NULL,0),(148,'playerVirtual8','playerVirtual8_400453824',0,'2018-02-11 22:26:55',NULL,0),(149,'playerVirtual2','playerVirtual2_4820318661',0,'2018-02-11 22:27:03',NULL,0),(150,'playerVirtual2','playerVirtual2_4820318661',0,'2018-02-11 22:27:04',NULL,0),(151,'playerVirtual3','playerVirtual3_4819935267',0,'2018-02-11 22:27:08',NULL,0),(152,'playerVirtual3','playerVirtual3_4819935267',0,'2018-02-11 22:27:09',NULL,0),(153,'playerVirtual13','playerVirtual13_4820217293',0,'2018-02-11 22:27:11',NULL,0),(154,'playerVirtual13','playerVirtual13_4820217293',0,'2018-02-11 22:27:11',NULL,0),(155,'playerVirtual6','playerVirtual6_6264344062',0,'2018-02-11 22:27:12',NULL,0),(156,'playerVirtual6','playerVirtual6_6264344062',0,'2018-02-11 22:27:12',NULL,0),(157,'playerVirtual15','playerVirtual15_2378747961',0,'2018-02-11 22:27:22',NULL,0),(158,'playerVirtual15','playerVirtual15_2378747961',0,'2018-02-11 22:27:23',NULL,0),(159,'playerVirtual17','playerVirtual17_5068098508',0,'2018-02-11 22:27:27',NULL,0),(160,'playerVirtual17','playerVirtual17_5068098508',0,'2018-02-11 22:27:27',NULL,0),(161,'playerVirtual1','playerVirtual1_424b9fec5d',3,'2018-02-11 22:27:40',NULL,0),(162,'playerVirtual11','playerVirtual11_b2a5bde869',3,'2018-02-11 22:27:43',NULL,0),(163,'playerVirtual4','playerVirtual4_67d96e05b4',3,'2018-02-11 22:27:56',NULL,0),(164,'playerVirtual8','playerVirtual8_56c8f51a51',3,'2018-02-11 22:27:57',NULL,0),(165,'playerVirtual2','playerVirtual2_b00da096ce',3,'2018-02-11 22:28:03',NULL,0),(166,'playerVirtual3','playerVirtual3_f072020e63',3,'2018-02-11 22:28:09',NULL,0),(167,'playerVirtual13','playerVirtual13_f99e685adb',3,'2018-02-11 22:28:11',NULL,0),(168,'playerVirtual6','playerVirtual6_f65174cc5e',3,'2018-02-11 22:28:12',NULL,0),(169,'playerVirtual15','playerVirtual15_c45595e758',3,'2018-02-11 22:28:23',NULL,0),(170,'playerVirtual17','playerVirtual17_1e0e610812',3,'2018-02-11 22:28:27',NULL,0),(171,'playerVirtual12','playerVirtual12_2359368952',1,'2018-02-11 22:28:37',NULL,0),(172,'playerVirtual12','playerVirtual12_4478103401',3,'2018-02-11 22:28:38',NULL,0),(173,'playerVirtual12','playerVirtual12_2359368952',1,'2018-02-11 22:28:38',NULL,0),(174,'playerVirtual19','playerVirtual19_227443932',0,'2018-02-11 22:28:41',NULL,0),(175,'playerVirtual5','playerVirtual5_1095593',0,'2018-02-11 22:28:42',NULL,0),(176,'playerVirtual19','playerVirtual19_227443932',0,'2018-02-11 22:28:42',NULL,0),(177,'playerVirtual5','playerVirtual5_1095593',0,'2018-02-11 22:28:42',NULL,0),(178,'playerVirtual9','playerVirtual9_2148750930',0,'2018-02-11 22:28:47',NULL,0),(179,'playerVirtual9','playerVirtual9_2148750930',0,'2018-02-11 22:28:47',NULL,0),(180,'playerVirtual7','playerVirtual7_563574327',0,'2018-02-11 22:28:51',NULL,0),(181,'playerVirtual7','playerVirtual7_563574327',0,'2018-02-11 22:28:51',NULL,0),(182,'playerVirtual14','playerVirtual14_765651',0,'2018-02-11 22:29:01',NULL,0),(183,'playerVirtual14','playerVirtual14_765651',0,'2018-02-11 22:29:02',NULL,0),(184,'playerVirtual0','playerVirtual0_16915963',0,'2018-02-11 22:29:11',NULL,0),(185,'playerVirtual0','playerVirtual0_16915963',0,'2018-02-11 22:29:11',NULL,0),(186,'playerVirtual16','playerVirtual16_5623125514',0,'2018-02-11 22:29:23',NULL,0),(187,'playerVirtual16','playerVirtual16_5623125514',0,'2018-02-11 22:29:23',NULL,0),(188,'playerVirtual18','playerVirtual18_284757920',0,'2018-02-11 22:29:25',NULL,0),(189,'playerVirtual18','playerVirtual18_284757920',0,'2018-02-11 22:29:25',NULL,0),(190,'playerVirtual10','playerVirtual10_272887063',0,'2018-02-11 22:29:35',NULL,0),(191,'playerVirtual10','playerVirtual10_272887063',0,'2018-02-11 22:29:35',NULL,0),(192,'playerVirtual19','playerVirtual19_578fe2693d',3,'2018-02-11 22:29:42',NULL,0),(193,'playerVirtual5','playerVirtual5_ca8b407b80',3,'2018-02-11 22:29:42',NULL,0),(194,'playerVirtual9','playerVirtual9_299485a9f4',3,'2018-02-11 22:29:47',NULL,0),(195,'playerVirtual7','playerVirtual7_45eb1d6e74',3,'2018-02-11 22:29:51',NULL,0),(196,'playerVirtual14','playerVirtual14_0d50e22d0f',3,'2018-02-11 22:30:04',NULL,0),(197,'playerVirtual0','playerVirtual0_10a1df3e12',3,'2018-02-11 22:30:11',NULL,0),(198,'playerVirtual16','playerVirtual16_3fcd26db8c',3,'2018-02-11 22:30:23',NULL,0),(199,'playerVirtual18','playerVirtual18_88dac0fc41',3,'2018-02-11 22:30:25',NULL,0),(200,'playerVirtual10','playerVirtual10_5cf4ec8c7d',3,'2018-02-11 22:30:35',NULL,0),(201,'playerVirtual1','playerVirtual1_6274355716',0,'2018-02-11 22:32:17',NULL,0),(202,'playerVirtual1','playerVirtual1_6274355716',0,'2018-02-11 22:32:17',NULL,0),(203,'playerVirtual11','playerVirtual11_38676294',0,'2018-02-11 22:33:09',NULL,0),(204,'playerVirtual11','playerVirtual11_38676294',0,'2018-02-11 22:33:13',NULL,0),(205,'playerVirtual1','playerVirtual1_4023a60475',4,'2018-02-11 22:33:17',NULL,0),(206,'playerVirtual14','playerVirtual14_182859403',1,'2018-02-11 22:33:44',NULL,0),(207,'playerVirtual14','playerVirtual14_eda31136ad',4,'2018-02-11 22:33:44',NULL,0),(208,'playerVirtual14','playerVirtual14_182859403',1,'2018-02-11 22:33:44',NULL,0),(209,'playerVirtual11','playerVirtual11_28a3bb61a2',4,'2018-02-11 22:34:08',NULL,0),(210,'playerVirtual4','playerVirtual4_182859403',0,'2018-02-11 22:34:12',NULL,0),(211,'playerVirtual4','playerVirtual4_182859403',0,'2018-02-11 22:34:16',NULL,0),(212,'playerVirtual8','playerVirtual8_4820204870',0,'2018-02-11 22:34:27',NULL,0),(213,'playerVirtual8','playerVirtual8_4820204870',0,'2018-02-11 22:34:27',NULL,0),(214,'playerVirtual12','playerVirtual12_6282149131',0,'2018-02-11 22:34:37',NULL,0),(215,'playerVirtual12','playerVirtual12_6282149131',0,'2018-02-11 22:34:37',NULL,0),(216,'playerVirtual2','playerVirtual2_990694203',0,'2018-02-11 22:34:48',NULL,0),(217,'playerVirtual2','playerVirtual2_990694203',0,'2018-02-11 22:34:48',NULL,0),(218,'playerVirtual3','playerVirtual3_990694203',0,'2018-02-11 22:35:03',NULL,0),(219,'playerVirtual3','playerVirtual3_990694203',0,'2018-02-11 22:35:03',NULL,0),(220,'playerVirtual13','playerVirtual13_6280638724',0,'2018-02-11 22:35:08',NULL,0),(221,'playerVirtual13','playerVirtual13_6280638724',0,'2018-02-11 22:35:09',NULL,0),(222,'playerVirtual6','playerVirtual6_6280643141',0,'2018-02-11 22:35:10',NULL,0),(223,'playerVirtual6','playerVirtual6_6280643141',0,'2018-02-11 22:35:11',NULL,0),(224,'playerVirtual4','playerVirtual4_7a02aca5c5',4,'2018-02-11 22:35:11',NULL,0),(225,'playerVirtual15','playerVirtual15_4476462938',0,'2018-02-11 22:35:25',NULL,0),(226,'playerVirtual15','playerVirtual15_4476462938',0,'2018-02-11 22:35:25',NULL,0),(227,'playerVirtual8','playerVirtual8_f294e427d4',4,'2018-02-11 22:35:27',NULL,0),(228,'playerVirtual17','playerVirtual17_272887063',0,'2018-02-11 22:35:33',NULL,0),(229,'playerVirtual17','playerVirtual17_272887063',0,'2018-02-11 22:35:33',NULL,0),(230,'playerVirtual19','playerVirtual19_2359368952',0,'2018-02-11 22:35:36',NULL,0),(231,'playerVirtual19','playerVirtual19_2359368952',0,'2018-02-11 22:35:36',NULL,0),(232,'playerVirtual12','playerVirtual12_aa78d12fda',4,'2018-02-11 22:35:37',NULL,0),(233,'playerVirtual10','playerVirtual10_272887063',1,'2018-02-11 22:35:39',NULL,0),(234,'playerVirtual10','playerVirtual10_f141dbc239',4,'2018-02-11 22:35:39',NULL,0),(235,'playerVirtual10','playerVirtual10_272887063',1,'2018-02-11 22:35:39',NULL,0),(236,'playerVirtual5','playerVirtual5_1436323714',0,'2018-02-11 22:35:48',NULL,0),(237,'playerVirtual2','playerVirtual2_5743dae1af',4,'2018-02-11 22:35:48',NULL,0),(238,'playerVirtual5','playerVirtual5_1436323714',0,'2018-02-11 22:35:49',NULL,0),(239,'playerVirtual9','playerVirtual9_682797',0,'2018-02-11 22:35:57',NULL,0),(240,'playerVirtual9','playerVirtual9_682797',0,'2018-02-11 22:35:57',NULL,0),(241,'playerVirtual7','playerVirtual7_214880781',0,'2018-02-11 22:36:00',NULL,0),(242,'playerVirtual7','playerVirtual7_214880781',0,'2018-02-11 22:36:00',NULL,0),(243,'playerVirtual0','playerVirtual0_1094955',0,'2018-02-11 22:36:02',NULL,0),(244,'playerVirtual0','playerVirtual0_1094955',0,'2018-02-11 22:36:03',NULL,0),(245,'playerVirtual3','playerVirtual3_55361cdf4e',4,'2018-02-11 22:36:03',NULL,0),(246,'playerVirtual16','playerVirtual16_16914091',0,'2018-02-11 22:36:06',NULL,0),(247,'playerVirtual16','playerVirtual16_16914091',0,'2018-02-11 22:36:07',NULL,0),(248,'playerVirtual13','playerVirtual13_25235e8945',4,'2018-02-11 22:36:09',NULL,0),(249,'playerVirtual6','playerVirtual6_9f1c29e991',4,'2018-02-11 22:36:11',NULL,0),(250,'playerVirtual18','playerVirtual18_182859403',0,'2018-02-11 22:36:24',NULL,0),(251,'playerVirtual18','playerVirtual18_182859403',0,'2018-02-11 22:36:28',NULL,0),(252,'playerVirtual15','playerVirtual15_d5ff2ef053',4,'2018-02-11 22:36:28',NULL,0),(253,'playerVirtual17','playerVirtual17_3858dfec7c',4,'2018-02-11 22:36:33',NULL,0),(254,'playerVirtual19','playerVirtual19_3f117671b3',4,'2018-02-11 22:36:36',NULL,0),(255,'playerVirtual1','playerVirtual1_4820204870',1,'2018-02-11 22:36:48',NULL,0),(256,'playerVirtual5','playerVirtual5_62c6a0f54c',4,'2018-02-11 22:36:49',NULL,0),(257,'playerVirtual1','playerVirtual1_143d7150ce',3,'2018-02-11 22:36:49',NULL,0),(258,'playerVirtual1','playerVirtual1_4820204870',1,'2018-02-11 22:36:49',NULL,0),(259,'playerVirtual9','playerVirtual9_9a2ee59164',4,'2018-02-11 22:36:57',NULL,0),(260,'playerVirtual7','playerVirtual7_b186d53581',4,'2018-02-11 22:37:00',NULL,0),(261,'playerVirtual4','playerVirtual4_182859403',1,'2018-02-11 22:37:02',NULL,0),(262,'playerVirtual4','playerVirtual4_61b28f8fba',3,'2018-02-11 22:37:02',NULL,0),(263,'playerVirtual4','playerVirtual4_182859403',1,'2018-02-11 22:37:02',NULL,0),(264,'playerVirtual0','playerVirtual0_225935990f',4,'2018-02-11 22:37:03',NULL,0),(265,'playerVirtual16','playerVirtual16_bbc392085e',4,'2018-02-11 22:37:06',NULL,0),(266,'playerVirtual18','playerVirtual18_841e7b87ab',4,'2018-02-11 22:37:20',NULL,0),(267,'playerVirtual2','playerVirtual2_990694203',1,'2018-02-11 22:37:31',NULL,0),(268,'playerVirtual2','playerVirtual2_e9792c1ca2',3,'2018-02-11 22:37:32',NULL,0),(269,'playerVirtual2','playerVirtual2_990694203',1,'2018-02-11 22:37:32',NULL,0),(270,'playerVirtual3','playerVirtual3_990694203',1,'2018-02-11 22:37:48',NULL,0),(271,'playerVirtual3','playerVirtual3_746aee716c',3,'2018-02-11 22:37:48',NULL,0),(272,'playerVirtual3','playerVirtual3_990694203',1,'2018-02-11 22:37:48',NULL,0),(273,'playerVirtual11','playerVirtual11_6285257156',0,'2018-02-11 22:38:36',NULL,0),(274,'playerVirtual11','playerVirtual11_6285257156',0,'2018-02-11 22:38:36',NULL,0),(275,'playerVirtual8','playerVirtual8_6955737',0,'2018-02-11 22:39:13',NULL,0),(276,'playerVirtual8','playerVirtual8_6955737',0,'2018-02-11 22:39:14',NULL,0),(277,'playerVirtual11','playerVirtual11_c3474298e4',3,'2018-02-11 22:39:39',NULL,0),(278,'playerVirtual15','playerVirtual15_6955737',1,'2018-02-11 22:39:42',NULL,0),(279,'playerVirtual15','playerVirtual15_f69df0ff93',3,'2018-02-11 22:39:42',NULL,0),(280,'playerVirtual15','playerVirtual15_6955737',1,'2018-02-11 22:39:42',NULL,0),(281,'playerVirtual14','playerVirtual14_6641406',0,'2018-02-11 22:39:48',NULL,0),(282,'playerVirtual14','playerVirtual14_6641406',0,'2018-02-11 22:39:48',NULL,0),(283,'playerVirtual13','playerVirtual13_3338579772',0,'2018-02-11 22:39:50',NULL,0),(284,'playerVirtual13','playerVirtual13_3338579772',0,'2018-02-11 22:39:51',NULL,0),(285,'playerVirtual6','playerVirtual6_2381571381',0,'2018-02-11 22:40:00',NULL,0),(286,'playerVirtual6','playerVirtual6_2381571381',0,'2018-02-11 22:40:01',NULL,0),(287,'playerVirtual12','playerVirtual12_6955737',0,'2018-02-11 22:40:08',NULL,0),(288,'playerVirtual12','playerVirtual12_6955737',0,'2018-02-11 22:40:09',NULL,0),(289,'playerVirtual8','playerVirtual8_317885c3d3',3,'2018-02-11 22:40:14',NULL,0),(290,'playerVirtual17','playerVirtual17_2378747961',0,'2018-02-11 22:40:17',NULL,0),(291,'playerVirtual17','playerVirtual17_2378747961',0,'2018-02-11 22:40:18',NULL,0),(292,'playerVirtual14','playerVirtual14_4a40a28d6f',3,'2018-02-11 22:40:48',NULL,0),(293,'playerVirtual13','playerVirtual13_56609884b5',3,'2018-02-11 22:40:50',NULL,0),(294,'playerVirtual6','playerVirtual6_a393f62d5e',3,'2018-02-11 22:41:00',NULL,0),(295,'playerVirtual12','playerVirtual12_7a1b3ecc99',3,'2018-02-11 22:41:09',NULL,0),(296,'playerVirtual10','playerVirtual10_1438244924',0,'2018-02-11 22:41:13',NULL,0),(297,'playerVirtual10','playerVirtual10_1438244924',0,'2018-02-11 22:41:14',NULL,0),(298,'playerVirtual17','playerVirtual17_05d4caec03',3,'2018-02-11 22:41:17',NULL,0),(299,'playerVirtual9','playerVirtual9_3338579772',1,'2018-02-11 22:41:26',NULL,0),(300,'playerVirtual9','playerVirtual9_9eed5af24a',3,'2018-02-11 22:41:26',NULL,0),(301,'playerVirtual9','playerVirtual9_3338579772',1,'2018-02-11 22:41:27',NULL,0),(302,'playerVirtual19','playerVirtual19_6289355687',0,'2018-02-11 22:42:05',NULL,0),(303,'playerVirtual19','playerVirtual19_6289355687',0,'2018-02-11 22:42:05',NULL,0),(304,'playerVirtual5','playerVirtual5_1438244924',0,'2018-02-11 22:42:10',NULL,0),(305,'playerVirtual5','playerVirtual5_1438244924',0,'2018-02-11 22:42:10',NULL,0),(306,'playerVirtual10','playerVirtual10_af5cde1af2',3,'2018-02-11 22:42:13',NULL,0),(307,'playerVirtual7','playerVirtual7_1436344784',0,'2018-02-11 22:42:38',NULL,0),(308,'playerVirtual7','playerVirtual7_1436344784',0,'2018-02-11 22:42:39',NULL,0),(309,'playerVirtual19','playerVirtual19_42c467afca',3,'2018-02-11 22:43:05',NULL,0),(310,'playerVirtual5','playerVirtual5_87081e1c6b',3,'2018-02-11 22:43:10',NULL,0),(311,'playerVirtual7','playerVirtual7_ec34ccab12',3,'2018-02-11 22:43:39',NULL,0),(312,'playerVirtual0','playerVirtual0_990694203',0,'2018-02-11 22:43:45',NULL,0),(313,'playerVirtual0','playerVirtual0_990694203',0,'2018-02-11 22:43:45',NULL,0),(314,'playerVirtual0','playerVirtual0_e0d03d13f8',3,'2018-02-11 22:44:45',NULL,0),(315,'playerVirtual1','playerVirtual1_6289704471',0,'2018-02-11 22:44:48',NULL,0),(316,'playerVirtual1','playerVirtual1_6289704471',0,'2018-02-11 22:44:49',NULL,0),(317,'playerVirtual16','playerVirtual16_6296268057',0,'2018-02-11 22:45:17',NULL,0),(318,'playerVirtual16','playerVirtual16_6296268057',0,'2018-02-11 22:45:17',NULL,0),(319,'playerVirtual18','playerVirtual18_6296865278',0,'2018-02-11 22:45:30',NULL,0),(320,'playerVirtual18','playerVirtual18_6296865278',0,'2018-02-11 22:45:30',NULL,0),(321,'playerVirtual11','playerVirtual11_1438244924',1,'2018-02-11 22:45:46',NULL,0),(322,'playerVirtual11','playerVirtual11_3f0f1c372a',4,'2018-02-11 22:45:46',NULL,0),(323,'playerVirtual11','playerVirtual11_1438244924',1,'2018-02-11 22:45:46',NULL,0),(324,'playerVirtual1','playerVirtual1_22df90be9f',4,'2018-02-11 22:45:48',NULL,0),(325,'playerVirtual16','playerVirtual16_dbc1691cd8',3,'2018-02-11 22:46:17',NULL,0),(326,'playerVirtual18','playerVirtual18_0096d19423',3,'2018-02-11 22:46:30',NULL,0),(327,'playerVirtual8','playerVirtual8_6955737',1,'2018-02-11 22:46:46',NULL,0),(328,'playerVirtual8','playerVirtual8_c79e5a6c19',4,'2018-02-11 22:46:46',NULL,0),(329,'playerVirtual8','playerVirtual8_6955737',1,'2018-02-11 22:46:47',NULL,0),(330,'playerVirtual4','playerVirtual4_794070039',0,'2018-02-11 22:47:11',NULL,0),(331,'playerVirtual4','playerVirtual4_794070039',0,'2018-02-11 22:47:11',NULL,0),(332,'playerVirtual15','playerVirtual15_2378747961',1,'2018-02-11 22:47:14',NULL,0),(333,'playerVirtual15','playerVirtual15_d601e991a6',4,'2018-02-11 22:47:14',NULL,0),(334,'playerVirtual15','playerVirtual15_2378747961',1,'2018-02-11 22:47:15',NULL,0),(335,'playerVirtual10','playerVirtual10_1438244924',1,'2018-02-11 22:48:11',NULL,0),(336,'playerVirtual10','playerVirtual10_b92e0285fc',4,'2018-02-11 22:48:11',NULL,0),(337,'playerVirtual4','playerVirtual4_87e1ddabf6',4,'2018-02-11 22:48:11',NULL,0),(338,'playerVirtual10','playerVirtual10_1438244924',1,'2018-02-11 22:48:16',NULL,0),(339,'playerVirtual6','playerVirtual6_6264344062',1,'2018-02-11 22:48:52',NULL,0),(340,'playerVirtual6','playerVirtual6_545ee59d8b',4,'2018-02-11 22:48:52',NULL,0),(341,'playerVirtual6','playerVirtual6_6264344062',1,'2018-02-11 22:48:52',NULL,0),(342,'playerVirtual17','playerVirtual17_2378747961',1,'2018-02-11 22:49:52',NULL,0),(343,'playerVirtual17','playerVirtual17_c284d4f767',4,'2018-02-11 22:49:52',NULL,0),(344,'playerVirtual17','playerVirtual17_2378747961',1,'2018-02-11 22:49:52',NULL,0),(345,'playerVirtual5','playerVirtual5_1095593',1,'2018-02-11 22:49:58',NULL,0),(346,'playerVirtual5','playerVirtual5_0a7682e6d7',4,'2018-02-11 22:49:58',NULL,0),(347,'playerVirtual5','playerVirtual5_1095593',1,'2018-02-11 22:49:58',NULL,0),(348,'playerVirtual0','playerVirtual0_990694203',1,'2018-02-11 22:50:36',NULL,0),(349,'playerVirtual0','playerVirtual0_3bb4fba7c7',4,'2018-02-11 22:50:37',NULL,0),(350,'playerVirtual0','playerVirtual0_990694203',1,'2018-02-11 22:50:37',NULL,0),(351,'playerVirtual14','playerVirtual14_990694203',0,'2018-02-11 22:50:43',NULL,0),(352,'playerVirtual14','playerVirtual14_990694203',0,'2018-02-11 22:50:43',NULL,0),(353,'playerVirtual2','playerVirtual2_182859403',0,'2018-02-11 22:50:59',NULL,0),(354,'playerVirtual2','playerVirtual2_182859403',0,'2018-02-11 22:50:59',NULL,0),(355,'playerVirtual8','playerVirtual8_2381571381',1,'2018-02-11 22:51:01',NULL,0),(356,'playerVirtual8','playerVirtual8_fddc286eca',3,'2018-02-11 22:51:02',NULL,0),(357,'playerVirtual8','playerVirtual8_2381571381',1,'2018-02-11 22:51:02',NULL,0),(358,'playerVirtual15','playerVirtual15_1436344784',1,'2018-02-11 22:51:29',NULL,0),(359,'playerVirtual15','playerVirtual15_ff29d7b735',3,'2018-02-11 22:51:29',NULL,0),(360,'playerVirtual15','playerVirtual15_1436344784',1,'2018-02-11 22:51:29',NULL,0),(361,'playerVirtual1','playerVirtual1_6274355716',1,'2018-02-11 22:51:40',NULL,0),(362,'playerVirtual1','playerVirtual1_366cb66c18',3,'2018-02-11 22:51:40',NULL,0),(363,'playerVirtual1','playerVirtual1_6274355716',1,'2018-02-11 22:51:40',NULL,0),(364,'playerVirtual14','playerVirtual14_78b7ac1699',4,'2018-02-11 22:51:43',NULL,0),(365,'playerVirtual3','playerVirtual3_6264344062',0,'2018-02-11 22:51:51',NULL,0),(366,'playerVirtual3','playerVirtual3_6264344062',0,'2018-02-11 22:51:52',NULL,0),(367,'playerVirtual2','playerVirtual2_575c3a9ef6',4,'2018-02-11 22:51:59',NULL,0),(368,'playerVirtual3','playerVirtual3_05b0fc290a',4,'2018-02-11 22:52:52',NULL,0),(369,'playerVirtual13','playerVirtual13_6301942525',0,'2018-02-11 22:53:33',NULL,0),(370,'playerVirtual18','playerVirtual18_182859403',1,'2018-02-11 22:53:33',NULL,0),(371,'playerVirtual18','playerVirtual18_e905936d6c',4,'2018-02-11 22:53:33',NULL,0),(372,'playerVirtual13','playerVirtual13_6301942525',0,'2018-02-11 22:53:37',NULL,0),(373,'playerVirtual18','playerVirtual18_182859403',1,'2018-02-11 22:53:37',NULL,0),(374,'playerVirtual2','playerVirtual2_182859403',1,'2018-02-11 22:53:41',NULL,0),(375,'playerVirtual2','playerVirtual2_f0b750c173',3,'2018-02-11 22:53:41',NULL,0),(376,'playerVirtual2','playerVirtual2_182859403',1,'2018-02-11 22:53:41',NULL,0),(377,'playerVirtual12','playerVirtual12_5297461910',0,'2018-02-11 22:53:42',NULL,0),(378,'playerVirtual12','playerVirtual12_5297461910',0,'2018-02-11 22:53:42',NULL,0),(379,'playerVirtual13','playerVirtual13_090b95e163',4,'2018-02-11 22:54:29',NULL,0),(380,'playerVirtual12','playerVirtual12_73ec49da0c',4,'2018-02-11 22:54:42',NULL,0),(381,'playerVirtual9','playerVirtual9_6289704471',0,'2018-02-11 22:55:02',NULL,0),(382,'playerVirtual9','playerVirtual9_6289704471',0,'2018-02-11 22:55:02',NULL,0),(383,'playerVirtual19','playerVirtual19_1095593',0,'2018-02-11 22:55:48',NULL,0),(384,'playerVirtual19','playerVirtual19_1095593',0,'2018-02-11 22:55:49',NULL,0),(385,'playerVirtual9','playerVirtual9_93883fa525',4,'2018-02-11 22:56:02',NULL,0),(386,'playerVirtual7','playerVirtual7_904011',1,'2018-02-11 22:56:06',NULL,0),(387,'playerVirtual7','playerVirtual7_312ac262d1',4,'2018-02-11 22:56:06',NULL,0),(388,'playerVirtual7','playerVirtual7_904011',1,'2018-02-11 22:56:06',NULL,0),(389,'playerVirtual19','playerVirtual19_1ee7d848e0',4,'2018-02-11 22:56:50',NULL,0),(390,'playerVirtual4','playerVirtual4_908315',0,'2018-02-11 22:56:58',NULL,0),(391,'playerVirtual4','playerVirtual4_908315',0,'2018-02-11 22:56:58',NULL,0),(392,'playerVirtual16','playerVirtual16_182859403',0,'2018-02-11 22:56:59',NULL,0),(393,'playerVirtual16','playerVirtual16_182859403',0,'2018-02-11 22:56:59',NULL,0),(394,'playerVirtual14','playerVirtual14_990694203',1,'2018-02-11 22:57:51',NULL,0),(395,'playerVirtual14','playerVirtual14_70be92c608',3,'2018-02-11 22:57:51',NULL,0),(396,'playerVirtual14','playerVirtual14_990694203',1,'2018-02-11 22:57:54',NULL,0),(397,'playerVirtual4','playerVirtual4_4c98323223',3,'2018-02-11 22:57:58',NULL,0),(398,'playerVirtual16','playerVirtual16_6239ce4b4f',4,'2018-02-11 22:57:59',NULL,0),(399,'playerVirtual11','playerVirtual11_6274355716',0,'2018-02-11 22:58:22',NULL,0),(400,'playerVirtual11','playerVirtual11_6274355716',0,'2018-02-11 22:58:22',NULL,0),(401,'playerVirtual17','playerVirtual17_5068098508',1,'2018-02-11 22:58:56',NULL,0),(402,'playerVirtual17','playerVirtual17_1b64f38894',3,'2018-02-11 22:58:57',NULL,0),(403,'playerVirtual17','playerVirtual17_5068098508',1,'2018-02-11 22:58:59',NULL,0),(404,'playerVirtual11','playerVirtual11_da584fcb44',3,'2018-02-11 22:59:22',NULL,0),(405,'playerVirtual6','playerVirtual6_539194189',0,'2018-02-11 23:00:04',NULL,0),(406,'playerVirtual6','playerVirtual6_539194189',0,'2018-02-11 23:00:04',NULL,0),(407,'playerVirtual3','playerVirtual3_4246147567',0,'2018-02-11 23:00:08',NULL,0),(408,'playerVirtual3','playerVirtual3_4246147567',0,'2018-02-11 23:00:08',NULL,0),(409,'playerVirtual10','playerVirtual10_539194189',1,'2018-02-11 23:00:55',NULL,0),(410,'playerVirtual10','playerVirtual10_6ea94dcf79',3,'2018-02-11 23:00:55',NULL,0),(411,'playerVirtual10','playerVirtual10_539194189',1,'2018-02-11 23:00:55',NULL,0),(412,'playerVirtual6','playerVirtual6_9759027ba7',3,'2018-02-11 23:01:04',NULL,0),(413,'playerVirtual3','playerVirtual3_a071afa936',3,'2018-02-11 23:01:08',NULL,0),(414,'playerVirtual9','playerVirtual9_6289704471',1,'2018-02-11 23:01:37',NULL,0),(415,'playerVirtual9','playerVirtual9_0485594661',3,'2018-02-11 23:01:37',NULL,0),(416,'playerVirtual9','playerVirtual9_6289704471',1,'2018-02-11 23:01:37',NULL,0),(417,'playerVirtual19','playerVirtual19_1095593',1,'2018-02-11 23:02:31',NULL,0),(418,'playerVirtual19','playerVirtual19_ce038076ee',3,'2018-02-11 23:02:31',NULL,0),(419,'playerVirtual19','playerVirtual19_1095593',1,'2018-02-11 23:02:31',NULL,0),(420,'playerVirtual18','playerVirtual18_908315',1,'2018-02-11 23:02:46',NULL,0),(421,'playerVirtual18','playerVirtual18_21a7b0419d',3,'2018-02-11 23:02:46',NULL,0),(422,'playerVirtual18','playerVirtual18_908315',1,'2018-02-11 23:02:46',NULL,0),(423,'playerVirtual1','playerVirtual1_6289704471',1,'2018-02-11 23:03:14',NULL,0),(424,'playerVirtual1','playerVirtual1_36364fcd92',4,'2018-02-11 23:03:15',NULL,0),(425,'playerVirtual1','playerVirtual1_6289704471',1,'2018-02-11 23:03:17',NULL,0),(426,'playerVirtual13','playerVirtual13_6315250734',0,'2018-02-11 23:03:18',NULL,0),(427,'playerVirtual13','playerVirtual13_6315250734',0,'2018-02-11 23:03:18',NULL,0),(428,'playerVirtual5','playerVirtual5_4246147567',0,'2018-02-11 23:03:40',NULL,0),(429,'playerVirtual5','playerVirtual5_4246147567',0,'2018-02-11 23:03:41',NULL,0),(430,'playerVirtual12','playerVirtual12_4246147567',0,'2018-02-11 23:03:43',NULL,0),(431,'playerVirtual12','playerVirtual12_4246147567',0,'2018-02-11 23:03:43',NULL,0),(432,'playerVirtual13','playerVirtual13_a81a043630',3,'2018-02-11 23:04:20',NULL,0),(433,'playerVirtual5','playerVirtual5_c834fd4b9d',3,'2018-02-11 23:04:40',NULL,0),(434,'playerVirtual12','playerVirtual12_564a2de1a9',3,'2018-02-11 23:04:43',NULL,0),(435,'playerVirtual7','playerVirtual7_4246147567',0,'2018-02-11 23:05:25',NULL,0),(436,'playerVirtual7','playerVirtual7_4246147567',0,'2018-02-11 23:05:26',NULL,0),(437,'playerVirtual0','playerVirtual0_6289704471',0,'2018-02-11 23:05:35',NULL,0),(438,'playerVirtual0','playerVirtual0_6289704471',0,'2018-02-11 23:05:36',NULL,0),(439,'playerVirtual7','playerVirtual7_ad2ad57bda',3,'2018-02-11 23:06:29',NULL,0),(440,'playerVirtual0','playerVirtual0_7e3aaa6b16',3,'2018-02-11 23:06:35',NULL,0),(441,'playerVirtual8','playerVirtual8_4246147567',0,'2018-02-11 23:07:41',NULL,0),(442,'playerVirtual8','playerVirtual8_4246147567',0,'2018-02-11 23:07:41',NULL,0),(443,'playerVirtual15','playerVirtual15_4246147567',0,'2018-02-11 23:08:23',NULL,0),(444,'playerVirtual15','playerVirtual15_4246147567',0,'2018-02-11 23:08:23',NULL,0),(445,'playerVirtual8','playerVirtual8_397aa4a782',4,'2018-02-11 23:08:41',NULL,0),(446,'playerVirtual2','playerVirtual2_5297461910',1,'2018-02-11 23:08:45',NULL,0),(447,'playerVirtual2','playerVirtual2_bfbc0842cb',4,'2018-02-11 23:08:46',NULL,0),(448,'playerVirtual2','playerVirtual2_5297461910',1,'2018-02-11 23:08:46',NULL,0),(449,'playerVirtual11','playerVirtual11_990694203',0,'2018-02-11 23:09:09',NULL,0),(450,'playerVirtual11','playerVirtual11_990694203',0,'2018-02-11 23:09:10',NULL,0),(451,'playerVirtual16','playerVirtual16_5068098508',0,'2018-02-11 23:09:16',NULL,0),(452,'playerVirtual16','playerVirtual16_5068098508',0,'2018-02-11 23:09:17',NULL,0),(453,'playerVirtual15','playerVirtual15_bf4eb40dba',4,'2018-02-11 23:09:23',NULL,0),(454,'playerVirtual11','playerVirtual11_57003a381c',4,'2018-02-11 23:10:09',NULL,0),(455,'playerVirtual16','playerVirtual16_27e0b12289',3,'2018-02-11 23:10:16',NULL,0),(456,'playerVirtual10','playerVirtual10_4246147567',0,'2018-02-11 23:10:32',NULL,0),(457,'playerVirtual10','playerVirtual10_4246147567',0,'2018-02-11 23:10:32',NULL,0),(458,'playerVirtual4','playerVirtual4_6316827871',0,'2018-02-11 23:11:03',NULL,0),(459,'playerVirtual4','playerVirtual4_6316827871',0,'2018-02-11 23:11:04',NULL,0),(460,'playerVirtual5','playerVirtual5_4246147567',1,'2018-02-11 23:11:28',NULL,0),(461,'playerVirtual5','playerVirtual5_f6817825a2',4,'2018-02-11 23:11:28',NULL,0),(462,'playerVirtual5','playerVirtual5_4246147567',1,'2018-02-11 23:11:28',NULL,0),(463,'playerVirtual10','playerVirtual10_fb2a971a96',4,'2018-02-11 23:11:32',NULL,0),(464,'playerVirtual17','playerVirtual17_4246147567',0,'2018-02-11 23:11:53',NULL,0),(465,'playerVirtual17','playerVirtual17_4246147567',0,'2018-02-11 23:11:53',NULL,0),(466,'playerVirtual4','playerVirtual4_9f999701d6',4,'2018-02-11 23:12:04',NULL,0),(467,'playerVirtual6','playerVirtual6_4246147567',0,'2018-02-11 23:12:30',NULL,0),(468,'playerVirtual6','playerVirtual6_4246147567',0,'2018-02-11 23:12:30',NULL,0),(469,'playerVirtual17','playerVirtual17_dd54552bec',4,'2018-02-11 23:12:57',NULL,0),(470,'playerVirtual8','playerVirtual8_4246147567',1,'2018-02-11 23:12:57',NULL,0),(471,'playerVirtual8','playerVirtual8_b78bae7360',3,'2018-02-11 23:12:57',NULL,0),(472,'playerVirtual8','playerVirtual8_4246147567',1,'2018-02-11 23:12:58',NULL,0),(473,'playerVirtual6','playerVirtual6_6c0d046e03',4,'2018-02-11 23:13:30',NULL,0),(474,'playerVirtual15','playerVirtual15_4246147567',1,'2018-02-11 23:13:37',NULL,0),(475,'playerVirtual15','playerVirtual15_b6a7283e6d',3,'2018-02-11 23:13:37',NULL,0),(476,'playerVirtual15','playerVirtual15_4246147567',1,'2018-02-11 23:13:37',NULL,0),(477,'playerVirtual14','playerVirtual14_2378747961',0,'2018-02-11 23:13:39',NULL,0),(478,'playerVirtual14','playerVirtual14_2378747961',0,'2018-02-11 23:13:39',NULL,0),(479,'playerVirtual14','playerVirtual14_7d70f394d5',4,'2018-02-11 23:14:39',NULL,0),(480,'playerVirtual1','playerVirtual1_1095593',0,'2018-02-11 23:15:06',NULL,0),(481,'playerVirtual1','playerVirtual1_1095593',0,'2018-02-11 23:15:07',NULL,0),(482,'playerVirtual0','playerVirtual0_4246147567',0,'2018-02-11 23:15:11',NULL,0),(483,'playerVirtual0','playerVirtual0_4246147567',0,'2018-02-11 23:15:11',NULL,0),(484,'playerVirtual3','playerVirtual3_4246147567',1,'2018-02-11 23:15:12',NULL,0),(485,'playerVirtual3','playerVirtual3_ca32f11480',4,'2018-02-11 23:15:12',NULL,0),(486,'playerVirtual3','playerVirtual3_4246147567',1,'2018-02-11 23:15:12',NULL,0),(487,'playerVirtual1','playerVirtual1_a80a5b3e1a',3,'2018-02-11 23:16:11',NULL,0),(488,'playerVirtual0','playerVirtual0_4b8c704bda',4,'2018-02-11 23:16:12',NULL,0),(489,'playerVirtual18','playerVirtual18_4246147567',0,'2018-02-11 23:16:48',NULL,0),(490,'playerVirtual18','playerVirtual18_4246147567',0,'2018-02-11 23:16:49',NULL,0),(491,'playerVirtual12','playerVirtual12_4246147567',1,'2018-02-11 23:17:17',NULL,0),(492,'playerVirtual12','playerVirtual12_02ad262c30',4,'2018-02-11 23:17:18',NULL,0),(493,'playerVirtual12','playerVirtual12_4246147567',1,'2018-02-11 23:17:18',NULL,0),(494,'playerVirtual2','playerVirtual2_359920779',0,'2018-02-11 23:17:23',NULL,0),(495,'playerVirtual2','playerVirtual2_359920779',0,'2018-02-11 23:17:24',NULL,0),(496,'playerVirtual18','playerVirtual18_2a86c02a91',4,'2018-02-11 23:17:49',NULL,0),(497,'playerVirtual2','playerVirtual2_a1e1290d4d',3,'2018-02-11 23:18:23',NULL,0),(498,'playerVirtual7','playerVirtual7_4246147567',1,'2018-02-11 23:18:53',NULL,0),(499,'playerVirtual7','playerVirtual7_dbe5ddda5e',4,'2018-02-11 23:18:53',NULL,0),(500,'playerVirtual7','playerVirtual7_4246147567',1,'2018-02-11 23:18:53',NULL,0),(501,'playerVirtual9','playerVirtual9_4246147567',0,'2018-02-11 23:18:54',NULL,0),(502,'playerVirtual9','playerVirtual9_4246147567',0,'2018-02-11 23:18:55',NULL,0),(503,'playerVirtual13','playerVirtual13_6322213339',0,'2018-02-11 23:18:58',NULL,0),(504,'playerVirtual13','playerVirtual13_6322213339',0,'2018-02-11 23:18:59',NULL,0),(505,'playerVirtual9','playerVirtual9_e4942938b2',4,'2018-02-11 23:19:55',NULL,0),(506,'playerVirtual19','playerVirtual19_4246147567',0,'2018-02-11 23:19:55',NULL,0),(507,'playerVirtual19','playerVirtual19_4246147567',0,'2018-02-11 23:19:56',NULL,0),(508,'playerVirtual13','playerVirtual13_8244905254',4,'2018-02-11 23:19:58',NULL,0),(509,'playerVirtual19','playerVirtual19_101d7c703f',4,'2018-02-11 23:20:56',NULL,0),(510,'playerVirtual17','playerVirtual17_4246147567',1,'2018-02-11 23:21:55',NULL,0),(511,'playerVirtual17','playerVirtual17_d49e688fb1',3,'2018-02-11 23:21:55',NULL,0),(512,'playerVirtual17','playerVirtual17_4246147567',1,'2018-02-11 23:21:55',NULL,0),(513,'playerVirtual11','playerVirtual11_990694203',1,'2018-02-11 23:22:46',NULL,0),(514,'playerVirtual11','playerVirtual11_5129bc2b8a',3,'2018-02-11 23:22:46',NULL,0),(515,'playerVirtual11','playerVirtual11_990694203',1,'2018-02-11 23:22:46',NULL,0),(516,'playerVirtual16','playerVirtual16_4246147567',0,'2018-02-11 23:22:47',NULL,0),(517,'playerVirtual16','playerVirtual16_4246147567',0,'2018-02-11 23:22:47',NULL,0),(518,'playerVirtual4','playerVirtual4_4246147567',0,'2018-02-11 23:23:12',NULL,0),(519,'playerVirtual4','playerVirtual4_4246147567',0,'2018-02-11 23:23:12',NULL,0),(520,'playerVirtual14','playerVirtual14_4246147567',0,'2018-02-11 23:23:44',NULL,0),(521,'playerVirtual14','playerVirtual14_4246147567',0,'2018-02-11 23:23:47',NULL,0),(522,'playerVirtual16','playerVirtual16_96aa26ab76',4,'2018-02-11 23:23:48',NULL,0),(523,'playerVirtual4','playerVirtual4_50a8f3d88c',3,'2018-02-11 23:24:12',NULL,0),(524,'playerVirtual10','playerVirtual10_4246147567',1,'2018-02-11 23:24:19',NULL,0),(525,'playerVirtual10','playerVirtual10_52df822ce1',3,'2018-02-11 23:24:20',NULL,0),(526,'playerVirtual10','playerVirtual10_4246147567',1,'2018-02-11 23:24:20',NULL,0),(527,'playerVirtual6','playerVirtual6_4246147567',1,'2018-02-11 23:24:39',NULL,0),(528,'playerVirtual6','playerVirtual6_29a75921e8',3,'2018-02-11 23:24:39',NULL,0),(529,'playerVirtual6','playerVirtual6_4246147567',1,'2018-02-11 23:24:39',NULL,0),(530,'playerVirtual14','playerVirtual14_9b1c31de76',3,'2018-02-11 23:24:40',NULL,0),(531,'playerVirtual9','playerVirtual9_4246147567',1,'2018-02-11 23:25:29',NULL,0),(532,'playerVirtual9','playerVirtual9_fb921e0c7c',3,'2018-02-11 23:25:29',NULL,0),(533,'playerVirtual9','playerVirtual9_4246147567',1,'2018-02-11 23:25:29',NULL,0),(534,'playerVirtual3','playerVirtual3_4246147567',0,'2018-02-11 23:26:13',NULL,0),(535,'playerVirtual3','playerVirtual3_32751bf9d0',3,'2018-02-11 23:26:14',NULL,0),(536,'playerVirtual3','playerVirtual3_4246147567',0,'2018-02-11 23:26:14',NULL,0),(537,'playerVirtual19','playerVirtual19_4246147567',1,'2018-02-11 23:26:38',NULL,0),(538,'playerVirtual19','playerVirtual19_46a15293db',3,'2018-02-11 23:26:38',NULL,0),(539,'playerVirtual19','playerVirtual19_4246147567',1,'2018-02-11 23:26:38',NULL,0),(540,'playerVirtual18','playerVirtual18_4246147567',1,'2018-02-11 23:27:05',NULL,0),(541,'playerVirtual18','playerVirtual18_3403c2e1ac',3,'2018-02-11 23:27:05',NULL,0),(542,'playerVirtual18','playerVirtual18_4246147567',1,'2018-02-11 23:27:05',NULL,0),(543,'playerVirtual5','playerVirtual5_4246147567',0,'2018-02-11 23:28:41',NULL,0),(544,'playerVirtual5','playerVirtual5_b85a5c84c9',3,'2018-02-11 23:28:42',NULL,0),(545,'playerVirtual5','playerVirtual5_4246147567',0,'2018-02-11 23:28:42',NULL,0),(546,'playerVirtual1','playerVirtual1_4246147567',0,'2018-02-11 23:29:42',NULL,0),(547,'playerVirtual1','playerVirtual1_4246147567',0,'2018-02-11 23:29:42',NULL,0),(548,'playerVirtual12','playerVirtual12_6335261139',0,'2018-02-11 23:30:26',NULL,0),(549,'playerVirtual12','playerVirtual12_6335261139',0,'2018-02-11 23:30:26',NULL,0),(550,'playerVirtual1','playerVirtual1_b787aa0542',4,'2018-02-11 23:30:42',NULL,0),(551,'playerVirtual0','playerVirtual0_4246147567',1,'2018-02-11 23:31:10',NULL,0),(552,'playerVirtual0','playerVirtual0_3886461aa2',3,'2018-02-11 23:31:11',NULL,0),(553,'playerVirtual7','playerVirtual7_1436344784',1,'2018-02-11 23:31:11',NULL,0),(554,'playerVirtual7','playerVirtual7_9fbeb03db4',3,'2018-02-11 23:31:12',NULL,0),(555,'playerVirtual0','playerVirtual0_4246147567',1,'2018-02-11 23:31:16',NULL,0),(556,'playerVirtual7','playerVirtual7_1436344784',1,'2018-02-11 23:31:18',NULL,0),(557,'playerVirtual13','playerVirtual13_4246147567',0,'2018-02-11 23:31:20',NULL,0),(558,'playerVirtual13','playerVirtual13_4246147567',0,'2018-02-11 23:31:23',NULL,0),(559,'playerVirtual12','playerVirtual12_0d4377df84',3,'2018-02-11 23:31:26',NULL,0),(560,'playerVirtual13','playerVirtual13_be4e39afb3',3,'2018-02-11 23:32:20',NULL,0),(561,'playerVirtual8','playerVirtual8_4246147567',0,'2018-02-11 23:33:09',NULL,0),(562,'playerVirtual8','playerVirtual8_774e2e24e6',4,'2018-02-11 23:33:09',NULL,0),(563,'playerVirtual8','playerVirtual8_4246147567',0,'2018-02-11 23:33:10',NULL,0),(564,'playerVirtual15','playerVirtual15_4246147567',0,'2018-02-11 23:34:03',NULL,0),(565,'playerVirtual15','playerVirtual15_2d4dd6a2c4',4,'2018-02-11 23:34:03',NULL,0),(566,'playerVirtual15','playerVirtual15_4246147567',0,'2018-02-11 23:34:03',NULL,0),(567,'playerVirtual16','playerVirtual16_4246147567',1,'2018-02-11 23:35:04',NULL,0),(568,'playerVirtual16','playerVirtual16_e731e807b0',3,'2018-02-11 23:35:04',NULL,0),(569,'playerVirtual16','playerVirtual16_4246147567',1,'2018-02-11 23:35:05',NULL,0),(570,'playerVirtual5','playerVirtual5_4246147567',1,'2018-02-11 23:35:29',NULL,0),(571,'playerVirtual5','playerVirtual5_d5278b4116',4,'2018-02-11 23:35:29',NULL,0),(572,'playerVirtual5','playerVirtual5_4246147567',1,'2018-02-11 23:35:30',NULL,0),(573,'playerVirtual2','playerVirtual2_4246147567',0,'2018-02-11 23:35:33',NULL,0),(574,'playerVirtual2','playerVirtual2_4246147567',0,'2018-02-11 23:35:41',NULL,0),(575,'playerVirtual2','playerVirtual2_2449361c1a',4,'2018-02-11 23:36:30',NULL,0),(576,'playerVirtual11','playerVirtual11_4246147567',0,'2018-02-11 23:36:35',NULL,0),(577,'playerVirtual11','playerVirtual11_4246147567',0,'2018-02-11 23:36:39',NULL,0),(578,'playerVirtual4','playerVirtual4_4246147567',1,'2018-02-11 23:37:17',NULL,0),(579,'playerVirtual4','playerVirtual4_ce1caa3448',4,'2018-02-11 23:37:17',NULL,0),(580,'playerVirtual4','playerVirtual4_4246147567',1,'2018-02-11 23:37:18',NULL,0),(581,'playerVirtual8','playerVirtual8_4246147567',1,'2018-02-11 23:37:25',NULL,0),(582,'playerVirtual8','playerVirtual8_eb021fe854',3,'2018-02-11 23:37:25',NULL,0),(583,'playerVirtual8','playerVirtual8_4246147567',1,'2018-02-11 23:37:25',NULL,0),(584,'playerVirtual11','playerVirtual11_ae0c4a36ed',4,'2018-02-11 23:37:35',NULL,0),(585,'playerVirtual10','playerVirtual10_4246147567',0,'2018-02-11 23:38:11',NULL,0),(586,'playerVirtual10','playerVirtual10_483a522f2b',4,'2018-02-11 23:38:11',NULL,0),(587,'playerVirtual10','playerVirtual10_4246147567',0,'2018-02-11 23:38:12',NULL,0),(588,'playerVirtual15','playerVirtual15_4246147567',1,'2018-02-11 23:38:17',NULL,0),(589,'playerVirtual15','playerVirtual15_0ef3b22e74',3,'2018-02-11 23:38:17',NULL,0),(590,'playerVirtual15','playerVirtual15_4246147567',1,'2018-02-11 23:38:18',NULL,0),(591,'playerVirtual17','playerVirtual17_4246147567',0,'2018-02-11 23:39:04',NULL,0),(592,'playerVirtual17','playerVirtual17_4341ba449c',4,'2018-02-11 23:39:04',NULL,0),(593,'playerVirtual17','playerVirtual17_4246147567',0,'2018-02-11 23:39:05',NULL,0),(594,'playerVirtual3','playerVirtual3_4246147567',1,'2018-02-11 23:40:17',NULL,0),(595,'playerVirtual3','playerVirtual3_093463132f',4,'2018-02-11 23:40:17',NULL,0),(596,'playerVirtual3','playerVirtual3_4246147567',1,'2018-02-11 23:40:17',NULL,0),(597,'playerVirtual6','playerVirtual6_4246147567',0,'2018-02-11 23:40:23',NULL,0),(598,'playerVirtual6','playerVirtual6_77a1b44902',4,'2018-02-11 23:40:23',NULL,0),(599,'playerVirtual6','playerVirtual6_4246147567',0,'2018-02-11 23:40:24',NULL,0),(600,'playerVirtual14','playerVirtual14_4246147567',1,'2018-02-11 23:40:31',NULL,0),(601,'playerVirtual14','playerVirtual14_a7d16baf6e',4,'2018-02-11 23:40:31',NULL,0),(602,'playerVirtual14','playerVirtual14_4246147567',1,'2018-02-11 23:40:32',NULL,0),(603,'playerVirtual1','playerVirtual1_4246147567',1,'2018-02-11 23:42:37',NULL,0),(604,'playerVirtual1','playerVirtual1_a7d7c87c31',3,'2018-02-11 23:42:37',NULL,0),(605,'playerVirtual1','playerVirtual1_4246147567',1,'2018-02-11 23:42:38',NULL,0),(606,'playerVirtual9','playerVirtual9_359920779',1,'2018-02-11 23:42:54',NULL,0),(607,'playerVirtual9','playerVirtual9_a5e247df7b',4,'2018-02-11 23:42:54',NULL,0),(608,'playerVirtual9','playerVirtual9_359920779',1,'2018-02-11 23:42:54',NULL,0),(609,'playerVirtual0','playerVirtual0_6344084916',0,'2018-02-11 23:43:47',NULL,0),(610,'playerVirtual0','playerVirtual0_6344084916',0,'2018-02-11 23:43:47',NULL,0),(611,'playerVirtual0','playerVirtual0_cd0d66a837',4,'2018-02-11 23:44:47',NULL,0),(612,'playerVirtual2','playerVirtual2_4246147567',1,'2018-02-11 23:45:07',NULL,0),(613,'playerVirtual18','playerVirtual18_4246147567',0,'2018-02-11 23:45:08',NULL,0),(614,'playerVirtual2','playerVirtual2_58e230ff62',3,'2018-02-11 23:45:08',NULL,0),(615,'playerVirtual2','playerVirtual2_4246147567',1,'2018-02-11 23:45:08',NULL,0),(616,'playerVirtual18','playerVirtual18_85cc6ab0ee',4,'2018-02-11 23:45:08',NULL,0),(617,'playerVirtual18','playerVirtual18_4246147567',0,'2018-02-11 23:45:08',NULL,0),(618,'playerVirtual12','playerVirtual12_990694203',0,'2018-02-11 23:46:04',NULL,0),(619,'playerVirtual12','playerVirtual12_990694203',0,'2018-02-11 23:46:04',NULL,0),(620,'playerVirtual7','playerVirtual7_4246147567',0,'2018-02-11 23:46:40',NULL,0),(621,'playerVirtual7','playerVirtual7_28d0d0049e',4,'2018-02-11 23:46:41',NULL,0),(622,'playerVirtual7','playerVirtual7_4246147567',0,'2018-02-11 23:46:41',NULL,0),(623,'playerVirtual13','playerVirtual13_4246147567',1,'2018-02-11 23:46:56',NULL,0),(624,'playerVirtual13','playerVirtual13_af4037750e',4,'2018-02-11 23:46:57',NULL,0),(625,'playerVirtual13','playerVirtual13_4246147567',1,'2018-02-11 23:46:57',NULL,0),(626,'playerVirtual12','playerVirtual12_c3b18a3c4b',4,'2018-02-11 23:47:04',NULL,0),(627,'playerVirtual19','playerVirtual19_4246147567',0,'2018-02-11 23:48:01',NULL,0),(628,'playerVirtual19','playerVirtual19_a39a4eb153',4,'2018-02-11 23:48:02',NULL,0),(629,'playerVirtual19','playerVirtual19_4246147567',0,'2018-02-11 23:48:02',NULL,0),(630,'playerVirtual17','playerVirtual17_4246147567',1,'2018-02-11 23:48:06',NULL,0),(631,'playerVirtual17','playerVirtual17_3a876745c9',3,'2018-02-11 23:48:06',NULL,0),(632,'playerVirtual17','playerVirtual17_4246147567',1,'2018-02-11 23:48:06',NULL,0),(633,'playerVirtual16','playerVirtual16_5068098508',1,'2018-02-11 23:48:28',NULL,0),(634,'playerVirtual16','playerVirtual16_2de931ed51',4,'2018-02-11 23:48:28',NULL,0),(635,'playerVirtual16','playerVirtual16_5068098508',1,'2018-02-11 23:48:28',NULL,0),(636,'playerVirtual11','playerVirtual11_4246147567',1,'2018-02-11 23:50:11',NULL,0),(637,'playerVirtual11','playerVirtual11_7915e0e280',3,'2018-02-11 23:50:11',NULL,0),(638,'playerVirtual11','playerVirtual11_4246147567',1,'2018-02-11 23:50:11',NULL,0),(639,'playerVirtual10','playerVirtual10_4246147567',1,'2018-02-11 23:50:59',NULL,0),(640,'playerVirtual10','playerVirtual10_16ff3d8df8',3,'2018-02-11 23:50:59',NULL,0),(641,'playerVirtual10','playerVirtual10_4246147567',1,'2018-02-11 23:50:59',NULL,0),(642,'playerVirtual6','playerVirtual6_4246147567',1,'2018-02-11 23:51:32',NULL,0),(643,'playerVirtual6','playerVirtual6_b4bf5d6e36',3,'2018-02-11 23:51:32',NULL,0),(644,'playerVirtual6','playerVirtual6_4246147567',1,'2018-02-11 23:51:32',NULL,0),(645,'playerVirtual4','playerVirtual4_4246147567',0,'2018-02-11 23:52:25',NULL,0),(646,'playerVirtual4','playerVirtual4_bc753f277b',3,'2018-02-11 23:52:25',NULL,0),(647,'playerVirtual4','playerVirtual4_4246147567',0,'2018-02-11 23:52:25',NULL,0),(648,'playerVirtual19','playerVirtual19_4246147567',1,'2018-02-11 23:53:44',NULL,0),(649,'playerVirtual19','playerVirtual19_e7be89226f',3,'2018-02-11 23:53:44',NULL,0),(650,'playerVirtual19','playerVirtual19_4246147567',1,'2018-02-11 23:53:44',NULL,0),(651,'playerVirtual14','playerVirtual14_6566788',0,'2018-02-11 23:53:45',NULL,0),(652,'playerVirtual14','playerVirtual14_6566788',0,'2018-02-11 23:53:45',NULL,0),(653,'playerVirtual18','playerVirtual18_4246147567',1,'2018-02-11 23:54:24',NULL,0),(654,'playerVirtual18','playerVirtual18_dff88596ec',3,'2018-02-11 23:54:24',NULL,0),(655,'playerVirtual18','playerVirtual18_4246147567',1,'2018-02-11 23:54:24',NULL,0),(656,'playerVirtual9','playerVirtual9_82730999',0,'2018-02-11 23:54:45',NULL,0),(657,'playerVirtual14','playerVirtual14_4aecadd5eb',3,'2018-02-11 23:54:45',NULL,0),(658,'playerVirtual9','playerVirtual9_82730999',0,'2018-02-11 23:54:45',NULL,0),(659,'playerVirtual3','playerVirtual3_4246147567',0,'2018-02-11 23:55:09',NULL,0),(660,'playerVirtual3','playerVirtual3_0b3846051e',3,'2018-02-11 23:55:09',NULL,0),(661,'playerVirtual3','playerVirtual3_4246147567',0,'2018-02-11 23:55:09',NULL,0),(662,'playerVirtual9','playerVirtual9_64b028631c',3,'2018-02-11 23:55:45',NULL,0),(663,'playerVirtual5','playerVirtual5_4246147567',0,'2018-02-11 23:56:42',NULL,0),(664,'playerVirtual5','playerVirtual5_28aa907169',3,'2018-02-11 23:56:43',NULL,0),(665,'playerVirtual5','playerVirtual5_4246147567',0,'2018-02-11 23:56:43',NULL,0),(666,'playerVirtual7','playerVirtual7_4246147567',1,'2018-02-11 23:58:57',NULL,0),(667,'playerVirtual7','playerVirtual7_1736d38590',3,'2018-02-11 23:58:57',NULL,0),(668,'playerVirtual7','playerVirtual7_4246147567',1,'2018-02-11 23:58:57',NULL,0),(669,'playerVirtual1','playerVirtual1_4246147567',0,'2018-02-11 23:59:47',NULL,0),(670,'playerVirtual1','playerVirtual1_9899c69562',4,'2018-02-11 23:59:47',NULL,0),(671,'playerVirtual1','playerVirtual1_4246147567',0,'2018-02-11 23:59:47',NULL,0),(672,'playerVirtual12','playerVirtual12_990694203',1,'2018-02-12 00:00:14',NULL,0),(673,'playerVirtual12','playerVirtual12_2c2820877f',3,'2018-02-12 00:00:14',NULL,0),(674,'playerVirtual12','playerVirtual12_990694203',1,'2018-02-12 00:00:14',NULL,0),(675,'playerVirtual0','playerVirtual0_16917741',1,'2018-02-12 00:01:18',NULL,0),(676,'playerVirtual0','playerVirtual0_35d94c065d',3,'2018-02-12 00:01:18',NULL,0),(677,'playerVirtual0','playerVirtual0_16917741',1,'2018-02-12 00:01:18',NULL,0),(678,'playerVirtual8','playerVirtual8_272887063',0,'2018-02-12 00:01:34',NULL,0),(679,'playerVirtual8','playerVirtual8_272887063',0,'2018-02-12 00:01:38',NULL,0),(680,'playerVirtual13','playerVirtual13_4246147567',0,'2018-02-12 00:01:51',NULL,0),(681,'playerVirtual13','playerVirtual13_8b6468a7a8',3,'2018-02-12 00:01:51',NULL,0),(682,'playerVirtual13','playerVirtual13_4246147567',0,'2018-02-12 00:01:52',NULL,0),(683,'playerVirtual15','playerVirtual15_4246147567',0,'2018-02-12 00:02:29',NULL,0),(684,'playerVirtual15','playerVirtual15_9b917ff1a2',4,'2018-02-12 00:02:29',NULL,0),(685,'playerVirtual15','playerVirtual15_4246147567',0,'2018-02-12 00:02:30',NULL,0),(686,'playerVirtual8','playerVirtual8_ea2839cc2f',4,'2018-02-12 00:02:30',NULL,0),(687,'playerVirtual5','playerVirtual5_4246147567',1,'2018-02-12 00:03:30',NULL,0),(688,'playerVirtual5','playerVirtual5_50a94c7a3d',4,'2018-02-12 00:03:30',NULL,0),(689,'playerVirtual5','playerVirtual5_4246147567',1,'2018-02-12 00:03:30',NULL,0),(690,'playerVirtual16','playerVirtual16_6566788',0,'2018-02-12 00:04:53',NULL,0),(691,'playerVirtual16','playerVirtual16_6566788',0,'2018-02-12 00:04:53',NULL,0),(692,'playerVirtual4','playerVirtual4_4246147567',1,'2018-02-12 00:05:30',NULL,0),(693,'playerVirtual4','playerVirtual4_bca5fc9431',4,'2018-02-12 00:05:30',NULL,0),(694,'playerVirtual4','playerVirtual4_4246147567',1,'2018-02-12 00:05:30',NULL,0),(695,'playerVirtual2','playerVirtual2_82730999',1,'2018-02-12 00:05:44',NULL,0),(696,'playerVirtual2','playerVirtual2_70404b5949',4,'2018-02-12 00:05:44',NULL,0),(697,'playerVirtual2','playerVirtual2_82730999',1,'2018-02-12 00:05:44',NULL,0),(698,'playerVirtual16','playerVirtual16_2eaa9c9504',3,'2018-02-12 00:05:53',NULL,0),(699,'playerVirtual15','playerVirtual15_4246147567',1,'2018-02-12 00:06:44',NULL,0),(700,'playerVirtual15','playerVirtual15_992377e6be',3,'2018-02-12 00:06:44',NULL,0),(701,'playerVirtual15','playerVirtual15_4246147567',1,'2018-02-12 00:06:44',NULL,0),(702,'playerVirtual11','playerVirtual11_4246147567',0,'2018-02-12 00:07:23',NULL,0),(703,'playerVirtual11','playerVirtual11_31629201d4',4,'2018-02-12 00:07:24',NULL,0),(704,'playerVirtual11','playerVirtual11_4246147567',0,'2018-02-12 00:07:24',NULL,0),(705,'playerVirtual17','playerVirtual17_272887063',1,'2018-02-12 00:07:24',NULL,0),(706,'playerVirtual17','playerVirtual17_2c4f89000f',4,'2018-02-12 00:07:24',NULL,0),(707,'playerVirtual17','playerVirtual17_272887063',1,'2018-02-12 00:07:25',NULL,0),(708,'playerVirtual10','playerVirtual10_16917741',0,'2018-02-12 00:08:05',NULL,0),(709,'playerVirtual10','playerVirtual10_16917741',0,'2018-02-12 00:08:07',NULL,0),(710,'playerVirtual8','playerVirtual8_4246147567',0,'2018-02-12 00:08:54',NULL,0),(711,'playerVirtual8','playerVirtual8_26dc18b047',3,'2018-02-12 00:08:54',NULL,0),(712,'playerVirtual8','playerVirtual8_4246147567',0,'2018-02-12 00:08:54',NULL,0),(713,'playerVirtual10','playerVirtual10_a59d03427c',4,'2018-02-12 00:09:03',NULL,0),(714,'playerVirtual3','playerVirtual3_4246147567',1,'2018-02-12 00:09:13',NULL,0),(715,'playerVirtual3','playerVirtual3_573e3d3c38',4,'2018-02-12 00:09:13',NULL,0),(716,'playerVirtual3','playerVirtual3_4246147567',1,'2018-02-12 00:09:14',NULL,0),(717,'playerVirtual6','playerVirtual6_4820150269',0,'2018-02-12 00:10:16',NULL,0),(718,'playerVirtual6','playerVirtual6_4820150269',0,'2018-02-12 00:10:17',NULL,0),(719,'playerVirtual14','playerVirtual14_2378747961',1,'2018-02-12 00:10:38',NULL,0),(720,'playerVirtual14','playerVirtual14_08532ff87a',4,'2018-02-12 00:10:38',NULL,0),(721,'playerVirtual14','playerVirtual14_2378747961',1,'2018-02-12 00:10:38',NULL,0),(722,'playerVirtual6','playerVirtual6_75e5443b85',4,'2018-02-12 00:11:18',NULL,0),(723,'playerVirtual1','playerVirtual1_4246147567',1,'2018-02-12 00:11:42',NULL,0),(724,'playerVirtual1','playerVirtual1_15a98e524c',3,'2018-02-12 00:11:42',NULL,0),(725,'playerVirtual1','playerVirtual1_4246147567',1,'2018-02-12 00:11:43',NULL,0),(726,'playerVirtual9','playerVirtual9_5297461910',0,'2018-02-12 00:13:51',NULL,0),(727,'playerVirtual9','playerVirtual9_5297461910',0,'2018-02-12 00:13:51',NULL,0),(728,'playerVirtual9','playerVirtual9_77ff3f55af',4,'2018-02-12 00:14:51',NULL,0),(729,'playerVirtual18','playerVirtual18_3338579772',0,'2018-02-12 00:15:01',NULL,0),(730,'playerVirtual18','playerVirtual18_3338579772',0,'2018-02-12 00:15:01',NULL,0),(731,'playerVirtual0','playerVirtual0_4246147567',0,'2018-02-12 00:15:02',NULL,0),(732,'playerVirtual0','playerVirtual0_fb009a1506',4,'2018-02-12 00:15:02',NULL,0),(733,'playerVirtual0','playerVirtual0_4246147567',0,'2018-02-12 00:15:02',NULL,0),(734,'playerVirtual2','playerVirtual2_4246147567',0,'2018-02-12 00:15:52',NULL,0),(735,'playerVirtual2','playerVirtual2_1d42024c3c',3,'2018-02-12 00:15:52',NULL,0),(736,'playerVirtual2','playerVirtual2_4246147567',0,'2018-02-12 00:15:52',NULL,0),(737,'playerVirtual18','playerVirtual18_f4f59ddb61',4,'2018-02-12 00:16:01',NULL,0),(738,'playerVirtual13','playerVirtual13_4246147567',1,'2018-02-12 00:16:32',NULL,0),(739,'playerVirtual13','playerVirtual13_9bf91c21ba',4,'2018-02-12 00:16:32',NULL,0),(740,'playerVirtual13','playerVirtual13_4246147567',1,'2018-02-12 00:16:32',NULL,0),(741,'playerVirtual12','playerVirtual12_5297461910',1,'2018-02-12 00:16:45',NULL,0),(742,'playerVirtual12','playerVirtual12_fa1637c561',4,'2018-02-12 00:16:45',NULL,0),(743,'playerVirtual7','playerVirtual7_4246147567',0,'2018-02-12 00:16:47',NULL,0),(744,'playerVirtual7','playerVirtual7_c929943a55',4,'2018-02-12 00:16:47',NULL,0),(745,'playerVirtual12','playerVirtual12_5297461910',1,'2018-02-12 00:16:47',NULL,0),(746,'playerVirtual7','playerVirtual7_4246147567',0,'2018-02-12 00:16:47',NULL,0),(747,'playerVirtual19','playerVirtual19_4820150269',0,'2018-02-12 00:17:53',NULL,0),(748,'playerVirtual19','playerVirtual19_4820150269',0,'2018-02-12 00:17:54',NULL,0),(749,'playerVirtual19','playerVirtual19_2d0232ad17',4,'2018-02-12 00:18:56',NULL,0),(750,'playerVirtual17','playerVirtual17_6280643141',0,'2018-02-12 00:19:06',NULL,0),(751,'playerVirtual17','playerVirtual17_6280643141',0,'2018-02-12 00:19:06',NULL,0),(752,'playerVirtual11','playerVirtual11_4246147567',1,'2018-02-12 00:20:01',NULL,0),(753,'playerVirtual11','playerVirtual11_d0b2318927',3,'2018-02-12 00:20:01',NULL,0),(754,'playerVirtual11','playerVirtual11_4246147567',1,'2018-02-12 00:20:01',NULL,0),(755,'playerVirtual17','playerVirtual17_5d955b74c2',3,'2018-02-12 00:20:06',NULL,0),(756,'playerVirtual16','playerVirtual16_990694203',0,'2018-02-12 00:20:24',NULL,0),(757,'playerVirtual16','playerVirtual16_990694203',0,'2018-02-12 00:20:24',NULL,0),(758,'playerVirtual16','playerVirtual16_d0321b7097',4,'2018-02-12 00:21:24',NULL,0),(759,'playerVirtual6','playerVirtual6_4820150269',1,'2018-02-12 00:22:24',NULL,0),(760,'playerVirtual6','playerVirtual6_367d9d8c74',3,'2018-02-12 00:22:24',NULL,0),(761,'playerVirtual6','playerVirtual6_4820150269',1,'2018-02-12 00:22:24',NULL,0),(762,'playerVirtual4','playerVirtual4_5068098508',0,'2018-02-12 00:23:08',NULL,0),(763,'playerVirtual10','playerVirtual10_4246147567',0,'2018-02-12 00:23:15',NULL,0),(764,'playerVirtual10','playerVirtual10_b19658b900',3,'2018-02-12 00:23:15',NULL,0),(765,'playerVirtual4','playerVirtual4_5068098508',0,'2018-02-12 00:23:16',NULL,0),(766,'playerVirtual10','playerVirtual10_4246147567',0,'2018-02-12 00:23:17',NULL,0),(767,'playerVirtual4','playerVirtual4_5483e05d51',3,'2018-02-12 00:24:06',NULL,0),(768,'playerVirtual14','playerVirtual14_6566788',1,'2018-02-12 00:24:28',NULL,0),(769,'playerVirtual14','playerVirtual14_6ddc36992a',3,'2018-02-12 00:24:28',NULL,0),(770,'playerVirtual14','playerVirtual14_6566788',1,'2018-02-12 00:24:28',NULL,0),(771,'playerVirtual3','playerVirtual3_1438244924',0,'2018-02-12 00:26:32',NULL,0),(772,'playerVirtual3','playerVirtual3_1438244924',0,'2018-02-12 00:26:32',NULL,0),(773,'playerVirtual19','playerVirtual19_4246147567',0,'2018-02-12 00:27:08',NULL,0),(774,'playerVirtual19','playerVirtual19_1d80c16bbc',3,'2018-02-12 00:27:08',NULL,0),(775,'playerVirtual19','playerVirtual19_4246147567',0,'2018-02-12 00:27:08',NULL,0),(776,'playerVirtual18','playerVirtual18_5792765',0,'2018-02-12 00:27:13',NULL,0),(777,'playerVirtual18','playerVirtual18_5792765',0,'2018-02-12 00:27:14',NULL,0),(778,'playerVirtual5','playerVirtual5_1436344784',0,'2018-02-12 00:27:20',NULL,0),(779,'playerVirtual5','playerVirtual5_1436344784',0,'2018-02-12 00:27:21',NULL,0),(780,'playerVirtual3','playerVirtual3_f9772c5f96',3,'2018-02-12 00:27:34',NULL,0),(781,'playerVirtual18','playerVirtual18_8dd955c3b3',3,'2018-02-12 00:28:14',NULL,0),(782,'playerVirtual5','playerVirtual5_e41d1b0288',3,'2018-02-12 00:28:21',NULL,0),(783,'playerVirtual9','playerVirtual9_4246147567',0,'2018-02-12 00:28:26',NULL,0),(784,'playerVirtual9','playerVirtual9_52ca445570',3,'2018-02-12 00:28:26',NULL,0),(785,'playerVirtual9','playerVirtual9_4246147567',0,'2018-02-12 00:28:27',NULL,0),(786,'playerVirtual7','playerVirtual7_4246147567',1,'2018-02-12 00:28:58',NULL,0),(787,'playerVirtual7','playerVirtual7_72002c865e',3,'2018-02-12 00:28:58',NULL,0),(788,'playerVirtual7','playerVirtual7_4246147567',1,'2018-02-12 00:28:59',NULL,0),(789,'playerVirtual1','playerVirtual1_4246147567',0,'2018-02-12 00:31:14',NULL,0),(790,'playerVirtual1','playerVirtual1_8887d0d9b0',4,'2018-02-12 00:31:14',NULL,0),(791,'playerVirtual1','playerVirtual1_4246147567',0,'2018-02-12 00:31:14',NULL,0),(792,'playerVirtual0','playerVirtual0_4246147567',1,'2018-02-12 00:31:32',NULL,0),(793,'playerVirtual0','playerVirtual0_6773d010b9',3,'2018-02-12 00:31:33',NULL,0),(794,'playerVirtual0','playerVirtual0_4246147567',1,'2018-02-12 00:31:33',NULL,0),(795,'playerVirtual13','playerVirtual13_3338579772',1,'2018-02-12 00:31:44',NULL,0),(796,'playerVirtual13','playerVirtual13_92c1537b44',3,'2018-02-12 00:31:44',NULL,0),(797,'playerVirtual13','playerVirtual13_3338579772',1,'2018-02-12 00:31:45',NULL,0),(798,'playerVirtual12','playerVirtual12_4246147567',0,'2018-02-12 00:32:24',NULL,0),(799,'playerVirtual12','playerVirtual12_0d84ec64a3',3,'2018-02-12 00:32:25',NULL,0),(800,'playerVirtual12','playerVirtual12_4246147567',0,'2018-02-12 00:32:25',NULL,0),(801,'playerVirtual8','playerVirtual8_4246147567',1,'2018-02-12 00:33:03',NULL,0),(802,'playerVirtual8','playerVirtual8_29f557d246',4,'2018-02-12 00:33:04',NULL,0),(803,'playerVirtual8','playerVirtual8_4246147567',1,'2018-02-12 00:33:04',NULL,0),(804,'playerVirtual15','playerVirtual15_4246147567',0,'2018-02-12 00:33:27',NULL,0),(805,'playerVirtual15','playerVirtual15_96396d3a0c',4,'2018-02-12 00:33:27',NULL,0),(806,'playerVirtual15','playerVirtual15_4246147567',0,'2018-02-12 00:33:28',NULL,0),(807,'playerVirtual5','playerVirtual5_1438244924',1,'2018-02-12 00:35:53',NULL,0),(808,'playerVirtual5','playerVirtual5_1cba9d7a83',4,'2018-02-12 00:35:53',NULL,0),(809,'playerVirtual5','playerVirtual5_1438244924',1,'2018-02-12 00:35:53',NULL,0),(810,'playerVirtual2','playerVirtual2_4246147567',1,'2018-02-12 00:36:28',NULL,0),(811,'playerVirtual2','playerVirtual2_a524220a49',4,'2018-02-12 00:36:28',NULL,0),(812,'playerVirtual2','playerVirtual2_4246147567',1,'2018-02-12 00:36:29',NULL,0),(813,'playerVirtual15','playerVirtual15_4246147567',1,'2018-02-12 00:37:42',NULL,0),(814,'playerVirtual15','playerVirtual15_aabc5728e7',3,'2018-02-12 00:37:42',NULL,0),(815,'playerVirtual15','playerVirtual15_4246147567',1,'2018-02-12 00:37:42',NULL,0),(816,'playerVirtual16','playerVirtual16_990694203',1,'2018-02-12 00:37:47',NULL,0),(817,'playerVirtual16','playerVirtual16_f80e845429',3,'2018-02-12 00:37:47',NULL,0),(818,'playerVirtual16','playerVirtual16_990694203',1,'2018-02-12 00:37:47',NULL,0),(819,'playerVirtual11','playerVirtual11_5792765',1,'2018-02-12 00:39:12',NULL,0),(820,'playerVirtual11','playerVirtual11_8da3fb08fd',4,'2018-02-12 00:39:12',NULL,0),(821,'playerVirtual11','playerVirtual11_5792765',1,'2018-02-12 00:39:12',NULL,0),(822,'playerVirtual4','playerVirtual4_4246147567',0,'2018-02-12 00:39:21',NULL,0),(823,'playerVirtual4','playerVirtual4_3e8feb72e4',4,'2018-02-12 00:39:22',NULL,0),(824,'playerVirtual4','playerVirtual4_4246147567',0,'2018-02-12 00:39:22',NULL,0),(825,'playerVirtual10','playerVirtual10_4246147567',1,'2018-02-12 00:40:13',NULL,0),(826,'playerVirtual10','playerVirtual10_87feba0236',4,'2018-02-12 00:40:13',NULL,0),(827,'playerVirtual10','playerVirtual10_4246147567',1,'2018-02-12 00:40:14',NULL,0),(828,'playerVirtual17','playerVirtual17_4246147567',0,'2018-02-12 00:41:03',NULL,0),(829,'playerVirtual17','playerVirtual17_b751a00729',4,'2018-02-12 00:41:03',NULL,0),(830,'playerVirtual17','playerVirtual17_4246147567',0,'2018-02-12 00:41:03',NULL,0),(831,'playerVirtual6','playerVirtual6_6280643141',1,'2018-02-12 00:41:26',NULL,0),(832,'playerVirtual6','playerVirtual6_fc0ff1af2f',4,'2018-02-12 00:41:26',NULL,0),(833,'playerVirtual6','playerVirtual6_6280643141',1,'2018-02-12 00:41:27',NULL,0),(834,'playerVirtual1','playerVirtual1_4246147567',1,'2018-02-12 00:43:09',NULL,0),(835,'playerVirtual1','playerVirtual1_32e252c4ea',3,'2018-02-12 00:43:09',NULL,0),(836,'playerVirtual1','playerVirtual1_4246147567',1,'2018-02-12 00:43:10',NULL,0),(837,'playerVirtual8','playerVirtual8_4246147567',0,'2018-02-12 00:43:19',NULL,0),(838,'playerVirtual8','playerVirtual8_030972a344',3,'2018-02-12 00:43:19',NULL,0),(839,'playerVirtual8','playerVirtual8_4246147567',0,'2018-02-12 00:43:20',NULL,0),(840,'playerVirtual3','playerVirtual3_4246147567',0,'2018-02-12 00:43:28',NULL,0),(841,'playerVirtual3','playerVirtual3_2ea4fbbf17',4,'2018-02-12 00:43:29',NULL,0),(842,'playerVirtual3','playerVirtual3_4246147567',0,'2018-02-12 00:43:29',NULL,0),(843,'playerVirtual14','playerVirtual14_4246147567',0,'2018-02-12 00:43:46',NULL,0),(844,'playerVirtual14','playerVirtual14_0c4579b3a0',4,'2018-02-12 00:43:47',NULL,0),(845,'playerVirtual14','playerVirtual14_4246147567',0,'2018-02-12 00:43:54',NULL,0),(846,'playerVirtual9','playerVirtual9_4246147567',1,'2018-02-12 00:46:32',NULL,0),(847,'playerVirtual9','playerVirtual9_fbd0458ab5',4,'2018-02-12 00:46:32',NULL,0),(848,'playerVirtual9','playerVirtual9_4246147567',1,'2018-02-12 00:46:32',NULL,0);
/*!40000 ALTER TABLE `REQUEST` ENABLE KEYS */;
UNLOCK TABLES;

--
-- Table structure for table `STATUS`
--

DROP TABLE IF EXISTS `STATUS`;
/*!40101 SET @saved_cs_client     = @@character_set_client */;
/*!40101 SET character_set_client = utf8 */;
CREATE TABLE `STATUS` (
  `id` int(11) NOT NULL AUTO_INCREMENT,
  `players` int(11) DEFAULT '0',
  `all_requests` int(11) DEFAULT '0',
  `accepts` int(11) DEFAULT '0',
  `rejects` int(11) DEFAULT '0',
  `fairness` float DEFAULT '0',
  `timestamp` timestamp NULL DEFAULT NULL,
  PRIMARY KEY (`id`)
) ENGINE=InnoDB AUTO_INCREMENT=32 DEFAULT CHARSET=utf8;
/*!40101 SET character_set_client = @saved_cs_client */;

--
-- Dumping data for table `STATUS`
--

LOCK TABLES `STATUS` WRITE;
/*!40000 ALTER TABLE `STATUS` DISABLE KEYS */;
INSERT INTO `STATUS` VALUES (1,0,0,0,0,0,'2018-02-11 22:17:49'),(2,20,20,20,0,1,'2018-02-11 22:22:49'),(3,20,50,50,0,1,'2018-02-11 22:27:49'),(4,20,60,60,0,1,'2018-02-11 22:32:50'),(5,20,77,74,3,0.961039,'2018-02-11 22:37:50'),(6,20,88,85,3,0.965909,'2018-02-11 22:42:50'),(7,20,93,90,3,0.967742,'2018-02-11 22:47:50'),(8,20,96,93,3,0.96875,'2018-02-11 22:52:50'),(9,20,102,98,4,0.960784,'2018-02-11 22:57:50'),(10,20,105,101,4,0.961905,'2018-02-11 23:02:51'),(11,20,111,107,4,0.963964,'2018-02-11 23:07:51'),(12,20,118,114,4,0.966102,'2018-02-11 23:12:51'),(13,20,123,119,4,0.96748,'2018-02-11 23:17:51'),(14,20,127,123,4,0.968504,'2018-02-11 23:22:51'),(15,20,130,126,4,0.969231,'2018-02-11 23:27:51'),(16,20,134,130,4,0.970149,'2018-02-11 23:32:51'),(17,20,138,133,5,0.963768,'2018-02-11 23:37:51'),(18,20,141,135,6,0.957447,'2018-02-11 23:42:51'),(19,20,145,139,6,0.958621,'2018-02-11 23:47:52'),(20,20,147,141,6,0.959184,'2018-02-11 23:52:52'),(21,20,151,145,6,0.960265,'2018-02-11 23:57:52'),(22,20,155,149,6,0.96129,'2018-02-12 00:02:52'),(23,20,157,151,6,0.961783,'2018-02-12 00:07:52'),(24,20,160,154,6,0.9625,'2018-02-12 00:12:52'),(25,20,165,159,6,0.963636,'2018-02-12 00:17:53'),(26,20,168,162,6,0.964286,'2018-02-12 00:22:53'),(27,20,174,168,6,0.965517,'2018-02-12 00:27:53'),(28,20,177,171,6,0.966102,'2018-02-12 00:32:53'),(29,20,178,173,5,0.97191,'2018-02-12 00:37:53'),(30,20,180,175,5,0.972222,'2018-02-12 00:42:53'),(31,20,183,178,5,0.972678,'2018-02-12 00:47:54');
/*!40000 ALTER TABLE `STATUS` ENABLE KEYS */;
UNLOCK TABLES;

--
-- Table structure for table `THRESHOLD`
--

DROP TABLE IF EXISTS `THRESHOLD`;
/*!40101 SET @saved_cs_client     = @@character_set_client */;
/*!40101 SET character_set_client = utf8 */;
CREATE TABLE `THRESHOLD` (
  `division` int(11) NOT NULL,
  `botton` float DEFAULT '0',
  `top` float DEFAULT '0',
  PRIMARY KEY (`division`)
) ENGINE=InnoDB DEFAULT CHARSET=utf8;
/*!40101 SET character_set_client = @saved_cs_client */;

--
-- Dumping data for table `THRESHOLD`
--

LOCK TABLES `THRESHOLD` WRITE;
/*!40000 ALTER TABLE `THRESHOLD` DISABLE KEYS */;
INSERT INTO `THRESHOLD` VALUES (1,5.28,8),(2,2.64,5.28),(3,0,2.64);
/*!40000 ALTER TABLE `THRESHOLD` ENABLE KEYS */;
UNLOCK TABLES;

--
-- Table structure for table `VM`
--

DROP TABLE IF EXISTS `VM`;
/*!40101 SET @saved_cs_client     = @@character_set_client */;
/*!40101 SET character_set_client = utf8 */;
CREATE TABLE `VM` (
  `id` int(11) NOT NULL AUTO_INCREMENT,
  `origin_add` varchar(45) NOT NULL,
  `origin_id` varchar(45) NOT NULL,
  `origin_name` varchar(45) NOT NULL,
  `destiny_add` varchar(45) NOT NULL,
  `destiny_name` varchar(45) NOT NULL,
  `destiny_id` varchar(45) NOT NULL,
  `status` tinyint(1) NOT NULL,
  `vcpus` int(11) NOT NULL,
  `mem` bigint(20) NOT NULL,
  `disk` bigint(20) NOT NULL,
  `timestamp_received` timestamp NULL DEFAULT NULL,
  `timestamp_finished` timestamp NULL DEFAULT NULL,
  PRIMARY KEY (`id`)
) ENGINE=InnoDB AUTO_INCREMENT=184 DEFAULT CHARSET=utf8;
/*!40101 SET character_set_client = @saved_cs_client */;

--
-- Dumping data for table `VM`
--

LOCK TABLES `VM` WRITE;
/*!40000 ALTER TABLE `VM` DISABLE KEYS */;
INSERT INTO `VM` VALUES (1,'192.168.0.200','playerVirtual1_450512000','playerVirtual1','192.168.0.200','playerVirtual11','playerVirtual11_101840c36b',1,1,2048,20,'2018-02-11 22:20:00',NULL),(2,'192.168.0.200','playerVirtual11_1438244924','playerVirtual11','192.168.0.200','playerVirtual1','playerVirtual1_4147019a31',3,1,2048,20,'2018-02-11 22:20:02','2018-02-11 22:45:46'),(3,'192.168.0.200','playerVirtual4_640692267','playerVirtual4','192.168.0.200','playerVirtual8','playerVirtual8_8fc646d487',1,1,512,1,'2018-02-11 22:20:05',NULL),(4,'192.168.0.200','playerVirtual8_2381571381','playerVirtual8','192.168.0.200','playerVirtual4','playerVirtual4_d095808741',3,1,2048,20,'2018-02-11 22:20:06','2018-02-11 22:51:02'),(5,'192.168.0.200','playerVirtual2_5297461910','playerVirtual2','192.168.0.200','playerVirtual13','playerVirtual13_fc30b07958',3,1,512,1,'2018-02-11 22:20:08','2018-02-11 23:08:46'),(6,'192.168.0.200','playerVirtual13_2790332778','playerVirtual13','192.168.0.200','playerVirtual2','playerVirtual2_57037acef6',1,2,4096,40,'2018-02-11 22:20:11',NULL),(7,'192.168.0.200','playerVirtual3_369721705','playerVirtual3','192.168.0.200','playerVirtual6','playerVirtual6_cf89fc2bf3',1,2,4096,40,'2018-02-11 22:20:12',NULL),(8,'192.168.0.200','playerVirtual6_317469422','playerVirtual6','192.168.0.200','playerVirtual3','playerVirtual3_8407183251',1,2,4096,40,'2018-02-11 22:20:12',NULL),(9,'192.168.0.200','playerVirtual15_6955737','playerVirtual15','192.168.0.200','playerVirtual17','playerVirtual17_8348cc6085',3,1,2048,20,'2018-02-11 22:20:13','2018-02-11 22:39:42'),(10,'192.168.0.200','playerVirtual17_257338104','playerVirtual17','192.168.0.200','playerVirtual15','playerVirtual15_c640beb071',1,2,4096,40,'2018-02-11 22:20:14',NULL),(11,'192.168.0.200','playerVirtual19_3584940347','playerVirtual19','192.168.0.200','playerVirtual5','playerVirtual5_59eb7b0942',1,1,512,1,'2018-02-11 22:20:14',NULL),(12,'192.168.0.200','playerVirtual5_2433236783','playerVirtual5','192.168.0.200','playerVirtual19','playerVirtual19_f4dbeb2723',1,1,2048,20,'2018-02-11 22:20:14',NULL),(13,'192.168.0.200','playerVirtual9_3338579772','playerVirtual9','192.168.0.200','playerVirtual7','playerVirtual7_a70cd46c83',3,1,2048,20,'2018-02-11 22:20:15','2018-02-11 22:41:27'),(14,'192.168.0.200','playerVirtual7_257407216','playerVirtual7','192.168.0.200','playerVirtual9','playerVirtual9_9ba90f6893',1,2,4096,40,'2018-02-11 22:20:15',NULL),(15,'192.168.0.200','playerVirtual14_182859403','playerVirtual14','192.168.0.200','playerVirtual12','playerVirtual12_308bccceab',3,1,512,1,'2018-02-11 22:20:22','2018-02-11 22:33:44'),(16,'192.168.0.200','playerVirtual12_2359368952','playerVirtual12','192.168.0.200','playerVirtual14','playerVirtual14_dc1234244d',3,1,512,1,'2018-02-11 22:20:26','2018-02-11 22:28:38'),(17,'192.168.0.200','playerVirtual0_16917741','playerVirtual0','192.168.0.200','playerVirtual16','playerVirtual16_59df85205d',3,1,512,1,'2018-02-11 22:20:29','2018-02-12 00:01:18'),(18,'192.168.0.200','playerVirtual16_2545640208','playerVirtual16','192.168.0.200','playerVirtual0','playerVirtual0_d018d74a5b',1,1,2048,20,'2018-02-11 22:20:38',NULL),(19,'192.168.0.200','playerVirtual18_908315','playerVirtual18','192.168.0.200','playerVirtual10','playerVirtual10_4bfac98c50',3,1,2048,20,'2018-02-11 22:20:39','2018-02-11 23:02:46'),(20,'192.168.0.200','playerVirtual10_539194189','playerVirtual10','192.168.0.200','playerVirtual18','playerVirtual18_9fedd74202',3,1,2048,20,'2018-02-11 22:20:47','2018-02-11 23:00:55'),(21,'192.168.0.200','playerVirtual1_4820204870','playerVirtual1','192.168.0.200','playerVirtual11','playerVirtual11_d1fff2f928',3,2,4096,40,'2018-02-11 22:23:26','2018-02-11 22:36:49'),(22,'192.168.0.200','playerVirtual11_8058564','playerVirtual11','192.168.0.200','playerVirtual1','playerVirtual1_db3156ac4c',1,1,2048,20,'2018-02-11 22:24:16',NULL),(23,'192.168.0.200','playerVirtual4_1429160667','playerVirtual4','192.168.0.200','playerVirtual8','playerVirtual8_932fba55a0',1,1,2048,20,'2018-02-11 22:24:17',NULL),(24,'192.168.0.200','playerVirtual8_3338010893','playerVirtual8','192.168.0.200','playerVirtual4','playerVirtual4_d9502a6189',1,1,512,1,'2018-02-11 22:24:18',NULL),(25,'192.168.0.200','playerVirtual2_82730999','playerVirtual2','192.168.0.200','playerVirtual13','playerVirtual13_5c7de19ed0',3,1,512,1,'2018-02-11 22:24:22','2018-02-12 00:05:45'),(26,'192.168.0.200','playerVirtual3_6571218','playerVirtual3','192.168.0.200','playerVirtual2','playerVirtual2_07d277b18d',1,1,2048,20,'2018-02-11 22:24:24',NULL),(27,'192.168.0.200','playerVirtual13_351652724','playerVirtual13','192.168.0.200','playerVirtual3','playerVirtual3_84233273df',1,1,2048,20,'2018-02-11 22:24:25',NULL),(28,'192.168.0.200','playerVirtual6_778566023','playerVirtual6','192.168.0.200','playerVirtual17','playerVirtual17_f9a0deb630',1,1,512,1,'2018-02-11 22:24:27',NULL),(29,'192.168.0.200','playerVirtual15_1436344784','playerVirtual15','192.168.0.200','playerVirtual6','playerVirtual6_cbd5c02f60',3,1,2048,20,'2018-02-11 22:24:31','2018-02-11 22:51:29'),(30,'192.168.0.200','playerVirtual17_1339662','playerVirtual17','192.168.0.200','playerVirtual15','playerVirtual15_23cc626bed',1,1,2048,20,'2018-02-11 22:24:32',NULL),(31,'192.168.0.200','playerVirtual19_317497342','playerVirtual19','192.168.0.200','playerVirtual5','playerVirtual5_2309a85106',1,1,512,1,'2018-02-11 22:24:34',NULL),(32,'192.168.0.200','playerVirtual5_284794223','playerVirtual5','192.168.0.200','playerVirtual19','playerVirtual19_c9c87897bf',1,1,2048,20,'2018-02-11 22:24:34',NULL),(33,'192.168.0.200','playerVirtual9_359920779','playerVirtual9','192.168.0.200','playerVirtual7','playerVirtual7_8a2b91816c',3,1,512,1,'2018-02-11 22:24:35','2018-02-11 23:42:55'),(34,'192.168.0.200','playerVirtual7_904011','playerVirtual7','192.168.0.200','playerVirtual9','playerVirtual9_f02c6822dc',3,1,2048,20,'2018-02-11 22:24:35','2018-02-11 22:56:06'),(35,'192.168.0.200','playerVirtual14_2904109077','playerVirtual14','192.168.0.200','playerVirtual12','playerVirtual12_7ae9e0722b',1,1,512,1,'2018-02-11 22:24:36',NULL),(36,'192.168.0.200','playerVirtual12_257338074','playerVirtual12','192.168.0.200','playerVirtual14','playerVirtual14_c4f112fc36',1,2,4096,40,'2018-02-11 22:24:36',NULL),(37,'192.168.0.200','playerVirtual0_905614','playerVirtual0','192.168.0.200','playerVirtual16','playerVirtual16_32b1b5ba56',1,1,2048,20,'2018-02-11 22:24:37',NULL),(38,'192.168.0.200','playerVirtual16_1093460','playerVirtual16','192.168.0.200','playerVirtual0','playerVirtual0_42b78fed5d',1,1,512,1,'2018-02-11 22:24:37',NULL),(39,'192.168.0.200','playerVirtual18_6569547','playerVirtual18','192.168.0.200','playerVirtual10','playerVirtual10_97a0b9bffc',1,1,2048,20,'2018-02-11 22:24:38',NULL),(40,'192.168.0.200','playerVirtual10_470485660','playerVirtual10','192.168.0.200','playerVirtual18','playerVirtual18_760b7ba55f',1,2,4096,40,'2018-02-11 22:24:39',NULL),(41,'192.168.0.200','playerVirtual1_30788568','playerVirtual1','192.168.0.200','playerVirtual11','playerVirtual11_35e2095c76',1,1,512,1,'2018-02-11 22:26:41',NULL),(42,'192.168.0.200','playerVirtual11_5792765','playerVirtual11','192.168.0.200','playerVirtual1','playerVirtual1_8f998b2ada',3,1,512,1,'2018-02-11 22:26:43','2018-02-12 00:39:12'),(43,'192.168.0.200','playerVirtual4_38671842','playerVirtual4','192.168.0.200','playerVirtual8','playerVirtual8_cc28156557',1,1,512,1,'2018-02-11 22:26:55',NULL),(44,'192.168.0.200','playerVirtual8_400453824','playerVirtual8','192.168.0.200','playerVirtual4','playerVirtual4_5fbb51968b',1,1,512,1,'2018-02-11 22:26:55',NULL),(45,'192.168.0.200','playerVirtual2_4820318661','playerVirtual2','192.168.0.200','playerVirtual13','playerVirtual13_ce206e02b1',1,2,4096,40,'2018-02-11 22:27:04',NULL),(46,'192.168.0.200','playerVirtual3_4819935267','playerVirtual3','192.168.0.200','playerVirtual2','playerVirtual2_69ef7f0f81',1,2,4096,40,'2018-02-11 22:27:09',NULL),(47,'192.168.0.200','playerVirtual13_4820217293','playerVirtual13','192.168.0.200','playerVirtual3','playerVirtual3_b0d291c4a8',1,2,4096,40,'2018-02-11 22:27:11',NULL),(48,'192.168.0.200','playerVirtual6_6264344062','playerVirtual6','192.168.0.200','playerVirtual17','playerVirtual17_849130b85d',3,1,512,1,'2018-02-11 22:27:12','2018-02-11 22:48:52'),(49,'192.168.0.200','playerVirtual15_2378747961','playerVirtual15','192.168.0.200','playerVirtual6','playerVirtual6_36f8530176',3,1,512,1,'2018-02-11 22:27:23','2018-02-11 22:47:15'),(50,'192.168.0.200','playerVirtual17_5068098508','playerVirtual17','192.168.0.200','playerVirtual15','playerVirtual15_11fb9fef2a',3,1,2048,20,'2018-02-11 22:27:27','2018-02-11 22:58:59'),(51,'192.168.0.200','playerVirtual19_227443932','playerVirtual19','192.168.0.200','playerVirtual5','playerVirtual5_b9fc940806',1,1,2048,20,'2018-02-11 22:28:42',NULL),(52,'192.168.0.200','playerVirtual5_1095593','playerVirtual5','192.168.0.200','playerVirtual19','playerVirtual19_7f5e3bf5b0',3,1,512,1,'2018-02-11 22:28:42','2018-02-11 22:49:58'),(53,'192.168.0.200','playerVirtual9_2148750930','playerVirtual9','192.168.0.200','playerVirtual7','playerVirtual7_8a1fa36321',1,1,2048,20,'2018-02-11 22:28:47',NULL),(54,'192.168.0.200','playerVirtual7_563574327','playerVirtual7','192.168.0.200','playerVirtual9','playerVirtual9_0429b4730e',1,1,2048,20,'2018-02-11 22:28:51',NULL),(55,'192.168.0.200','playerVirtual14_765651','playerVirtual14','192.168.0.200','playerVirtual12','playerVirtual12_767f36f293',1,1,2048,20,'2018-02-11 22:29:02',NULL),(56,'192.168.0.200','playerVirtual0_16915963','playerVirtual0','192.168.0.200','playerVirtual14','playerVirtual14_f7b627791d',1,1,2048,20,'2018-02-11 22:29:11',NULL),(57,'192.168.0.200','playerVirtual16_5623125514','playerVirtual16','192.168.0.200','playerVirtual0','playerVirtual0_618bb27b57',1,1,2048,20,'2018-02-11 22:29:23',NULL),(58,'192.168.0.200','playerVirtual18_284757920','playerVirtual18','192.168.0.200','playerVirtual16','playerVirtual16_1af2915e0a',1,1,2048,20,'2018-02-11 22:29:25',NULL),(59,'192.168.0.200','playerVirtual10_272887063','playerVirtual10','192.168.0.200','playerVirtual18','playerVirtual18_88a67f03cc',3,1,2048,20,'2018-02-11 22:29:35','2018-02-11 22:35:39'),(60,'192.168.0.200','playerVirtual1_6274355716','playerVirtual1','192.168.0.200','playerVirtual10','playerVirtual10_6a510d8c7d',3,1,512,1,'2018-02-11 22:32:17','2018-02-11 22:51:40'),(61,'192.168.0.200','playerVirtual11_38676294','playerVirtual11','192.168.0.200','playerVirtual1','playerVirtual1_f906f3539d',1,1,512,1,'2018-02-11 22:33:14',NULL),(62,'192.168.0.200','playerVirtual4_182859403','playerVirtual4','192.168.0.200','playerVirtual11','playerVirtual11_c1f5aa84f0',3,1,512,1,'2018-02-11 22:34:16','2018-02-11 22:37:02'),(63,'192.168.0.200','playerVirtual8_4820204870','playerVirtual8','192.168.0.200','playerVirtual4','playerVirtual4_bc2c6c8585',1,2,4096,40,'2018-02-11 22:34:27',NULL),(64,'192.168.0.200','playerVirtual12_6282149131','playerVirtual12','192.168.0.200','playerVirtual8','playerVirtual8_53b4a0f04c',1,1,512,1,'2018-02-11 22:34:37',NULL),(65,'192.168.0.200','playerVirtual2_990694203','playerVirtual2','192.168.0.200','playerVirtual13','playerVirtual13_a8e881a843',3,1,2048,20,'2018-02-11 22:34:49','2018-02-11 22:37:32'),(66,'192.168.0.200','playerVirtual3_990694203','playerVirtual3','192.168.0.200','playerVirtual2','playerVirtual2_f4b4e69800',3,1,2048,20,'2018-02-11 22:35:04','2018-02-11 22:37:48'),(67,'192.168.0.200','playerVirtual13_6280638724','playerVirtual13','192.168.0.200','playerVirtual3','playerVirtual3_fbe9b38d55',1,1,512,1,'2018-02-11 22:35:09',NULL),(68,'192.168.0.200','playerVirtual6_6280643141','playerVirtual6','192.168.0.200','playerVirtual17','playerVirtual17_007df75701',3,1,512,1,'2018-02-11 22:35:11','2018-02-12 00:41:27'),(69,'192.168.0.200','playerVirtual15_4476462938','playerVirtual15','192.168.0.200','playerVirtual6','playerVirtual6_faa876376f',1,1,2048,20,'2018-02-11 22:35:26',NULL),(70,'192.168.0.200','playerVirtual17_272887063','playerVirtual17','192.168.0.200','playerVirtual15','playerVirtual15_674c000ab1',3,1,2048,20,'2018-02-11 22:35:33','2018-02-12 00:07:25'),(71,'192.168.0.200','playerVirtual19_2359368952','playerVirtual19','192.168.0.200','playerVirtual5','playerVirtual5_d386f62bac',1,1,512,1,'2018-02-11 22:35:36',NULL),(72,'192.168.0.200','playerVirtual5_1436323714','playerVirtual5','192.168.0.200','playerVirtual19','playerVirtual19_e31de7e9e8',1,1,2048,20,'2018-02-11 22:35:49',NULL),(73,'192.168.0.200','playerVirtual9_682797','playerVirtual9','192.168.0.200','playerVirtual7','playerVirtual7_c2bfb52049',1,1,2048,20,'2018-02-11 22:35:57',NULL),(74,'192.168.0.200','playerVirtual7_214880781','playerVirtual7','192.168.0.200','playerVirtual9','playerVirtual9_68fd3a3bfb',1,1,2048,20,'2018-02-11 22:36:00',NULL),(75,'192.168.0.200','playerVirtual0_1094955','playerVirtual0','192.168.0.200','playerVirtual12','playerVirtual12_f03222d1c9',1,1,512,1,'2018-02-11 22:36:03',NULL),(76,'192.168.0.200','playerVirtual16_16914091','playerVirtual16','192.168.0.200','playerVirtual14','playerVirtual14_75e6ef5f6c',1,1,2048,20,'2018-02-11 22:36:07',NULL),(77,'192.168.0.200','playerVirtual18_182859403','playerVirtual18','192.168.0.200','playerVirtual0','playerVirtual0_acc467f3b7',3,1,512,1,'2018-02-11 22:36:28','2018-02-11 22:53:38'),(78,'192.168.0.200','playerVirtual11_6285257156','playerVirtual11','192.168.0.200','playerVirtual16','playerVirtual16_959f301443',1,1,512,1,'2018-02-11 22:38:36',NULL),(79,'192.168.0.200','playerVirtual8_6955737','playerVirtual8','192.168.0.200','playerVirtual18','playerVirtual18_531f14dacf',3,1,2048,20,'2018-02-11 22:39:14','2018-02-11 22:46:47'),(80,'192.168.0.200','playerVirtual14_6641406','playerVirtual14','192.168.0.200','playerVirtual10','playerVirtual10_d547c51502',1,1,2048,20,'2018-02-11 22:39:49',NULL),(81,'192.168.0.200','playerVirtual13_3338579772','playerVirtual13','192.168.0.200','playerVirtual1','playerVirtual1_61d76febe5',3,1,2048,20,'2018-02-11 22:39:51','2018-02-12 00:31:45'),(82,'192.168.0.200','playerVirtual6_2381571381','playerVirtual6','192.168.0.200','playerVirtual11','playerVirtual11_38a3b8e8f2',1,1,2048,20,'2018-02-11 22:40:01',NULL),(83,'192.168.0.200','playerVirtual12_6955737','playerVirtual12','192.168.0.200','playerVirtual4','playerVirtual4_ead7b8a5a8',1,1,2048,20,'2018-02-11 22:40:09',NULL),(84,'192.168.0.200','playerVirtual17_2378747961','playerVirtual17','192.168.0.200','playerVirtual8','playerVirtual8_7f6a259adf',3,1,512,1,'2018-02-11 22:40:18','2018-02-11 22:49:52'),(85,'192.168.0.200','playerVirtual10_1438244924','playerVirtual10','192.168.0.200','playerVirtual13','playerVirtual13_3ea316f2aa',3,1,2048,20,'2018-02-11 22:41:14','2018-02-11 22:48:16'),(86,'192.168.0.200','playerVirtual19_6289355687','playerVirtual19','192.168.0.200','playerVirtual2','playerVirtual2_4d2c549f72',1,1,512,1,'2018-02-11 22:42:05',NULL),(87,'192.168.0.200','playerVirtual5_1438244924','playerVirtual5','192.168.0.200','playerVirtual3','playerVirtual3_ca365f047f',3,1,2048,20,'2018-02-11 22:42:11','2018-02-12 00:35:54'),(88,'192.168.0.200','playerVirtual7_1436344784','playerVirtual7','192.168.0.200','playerVirtual17','playerVirtual17_83281b01a0',3,1,2048,20,'2018-02-11 22:42:39','2018-02-11 23:31:18'),(89,'192.168.0.200','playerVirtual0_990694203','playerVirtual0','192.168.0.200','playerVirtual6','playerVirtual6_44a5df6bca',3,1,2048,20,'2018-02-11 22:43:45','2018-02-11 22:50:37'),(90,'192.168.0.200','playerVirtual1_6289704471','playerVirtual1','192.168.0.200','playerVirtual15','playerVirtual15_dec1bfa365',3,1,512,1,'2018-02-11 22:44:49','2018-02-11 23:03:17'),(91,'192.168.0.200','playerVirtual16_6296268057','playerVirtual16','192.168.0.200','playerVirtual5','playerVirtual5_b00c543086',1,1,512,1,'2018-02-11 22:45:17',NULL),(92,'192.168.0.200','playerVirtual18_6296865278','playerVirtual18','192.168.0.200','playerVirtual19','playerVirtual19_56282e3352',1,1,512,1,'2018-02-11 22:45:30',NULL),(93,'192.168.0.200','playerVirtual4_794070039','playerVirtual4','192.168.0.200','playerVirtual7','playerVirtual7_a3bfb1bffc',1,1,512,1,'2018-02-11 22:47:11',NULL),(94,'192.168.0.200','playerVirtual14_990694203','playerVirtual14','192.168.0.200','playerVirtual9','playerVirtual9_94984da5e2',3,1,2048,20,'2018-02-11 22:50:43','2018-02-11 22:57:55'),(95,'192.168.0.200','playerVirtual2_182859403','playerVirtual2','192.168.0.200','playerVirtual12','playerVirtual12_b1a5278ae8',3,1,512,1,'2018-02-11 22:50:59','2018-02-11 22:53:41'),(96,'192.168.0.200','playerVirtual3_6264344062','playerVirtual3','192.168.0.200','playerVirtual14','playerVirtual14_dc79318e56',1,1,2048,20,'2018-02-11 22:51:52',NULL),(97,'192.168.0.200','playerVirtual13_6301942525','playerVirtual13','192.168.0.200','playerVirtual0','playerVirtual0_922c193a0c',1,1,512,1,'2018-02-11 22:53:37',NULL),(98,'192.168.0.200','playerVirtual12_5297461910','playerVirtual12','192.168.0.200','playerVirtual16','playerVirtual16_45853c8985',3,1,512,1,'2018-02-11 22:53:42','2018-02-12 00:16:47'),(99,'192.168.0.200','playerVirtual9_6289704471','playerVirtual9','192.168.0.200','playerVirtual18','playerVirtual18_7534e4d96c',3,1,2048,20,'2018-02-11 22:55:03','2018-02-11 23:01:37'),(100,'192.168.0.200','playerVirtual19_1095593','playerVirtual19','192.168.0.200','playerVirtual10','playerVirtual10_d15faec411',3,1,512,1,'2018-02-11 22:55:49','2018-02-11 23:02:31'),(101,'192.168.0.200','playerVirtual4_908315','playerVirtual4','192.168.0.200','playerVirtual1','playerVirtual1_0680712439',1,1,2048,20,'2018-02-11 22:56:58',NULL),(102,'192.168.0.200','playerVirtual16_182859403','playerVirtual16','192.168.0.200','playerVirtual11','playerVirtual11_1845ff8304',1,1,512,1,'2018-02-11 22:56:59',NULL),(103,'192.168.0.200','playerVirtual11_6274355716','playerVirtual11','192.168.0.200','playerVirtual4','playerVirtual4_6916504256',1,1,512,1,'2018-02-11 22:58:22',NULL),(104,'192.168.0.200','playerVirtual6_539194189','playerVirtual6','192.168.0.200','playerVirtual8','playerVirtual8_cfa36d9888',1,1,2048,20,'2018-02-11 23:00:04',NULL),(105,'192.168.0.200','playerVirtual3_4246147567','playerVirtual3','192.168.0.200','playerVirtual13','playerVirtual13_fb4522ca92',3,2,4096,40,'2018-02-11 23:00:09','2018-02-12 00:09:14'),(106,'192.168.0.200','playerVirtual13_6315250734','playerVirtual13','192.168.0.200','playerVirtual2','playerVirtual2_c404b2658c',1,1,512,1,'2018-02-11 23:03:18',NULL),(107,'192.168.0.200','playerVirtual5_4246147567','playerVirtual5','192.168.0.200','playerVirtual3','playerVirtual3_af7d0a781e',3,2,4096,40,'2018-02-11 23:03:41','2018-02-12 00:03:30'),(108,'192.168.0.200','playerVirtual12_4246147567','playerVirtual12','192.168.0.200','playerVirtual17','playerVirtual17_dd0f7fe4cf',3,2,4096,40,'2018-02-11 23:03:43','2018-02-11 23:17:18'),(109,'192.168.0.200','playerVirtual7_4246147567','playerVirtual7','192.168.0.200','playerVirtual6','playerVirtual6_363af0f117',3,2,4096,40,'2018-02-11 23:05:26','2018-02-12 00:28:59'),(110,'192.168.0.200','playerVirtual0_6289704471','playerVirtual0','192.168.0.200','playerVirtual15','playerVirtual15_9683f9aa34',1,1,2048,20,'2018-02-11 23:05:36',NULL),(111,'192.168.0.200','playerVirtual8_4246147567','playerVirtual8','192.168.0.200','playerVirtual5','playerVirtual5_dc0afad718',3,2,4096,40,'2018-02-11 23:07:41','2018-02-12 00:33:04'),(112,'192.168.0.200','playerVirtual15_4246147567','playerVirtual15','192.168.0.200','playerVirtual19','playerVirtual19_8b51dd5335',3,2,4096,40,'2018-02-11 23:08:23','2018-02-12 00:37:42'),(113,'192.168.0.200','playerVirtual11_990694203','playerVirtual11','192.168.0.200','playerVirtual7','playerVirtual7_9d0c998536',3,1,2048,20,'2018-02-11 23:09:10','2018-02-11 23:22:46'),(114,'192.168.0.200','playerVirtual16_5068098508','playerVirtual16','192.168.0.200','playerVirtual9','playerVirtual9_af77e35e87',2,1,2048,20,'2018-02-11 23:09:17','2018-02-11 23:48:38'),(115,'192.168.0.200','playerVirtual10_4246147567','playerVirtual10','192.168.0.200','playerVirtual12','playerVirtual12_08a3c0a990',3,2,4096,40,'2018-02-11 23:10:32','2018-02-12 00:40:14'),(116,'192.168.0.200','playerVirtual4_6316827871','playerVirtual4','192.168.0.200','playerVirtual14','playerVirtual14_917558ce73',1,1,512,1,'2018-02-11 23:11:04',NULL),(117,'192.168.0.200','playerVirtual17_4246147567','playerVirtual17','192.168.0.200','playerVirtual0','playerVirtual0_2398c03891',3,2,4096,40,'2018-02-11 23:11:54','2018-02-11 23:48:06'),(118,'192.168.0.200','playerVirtual6_4246147567','playerVirtual6','192.168.0.200','playerVirtual16','playerVirtual16_8d74a2058e',3,2,4096,40,'2018-02-11 23:12:30','2018-02-11 23:51:32'),(119,'192.168.0.200','playerVirtual14_2378747961','playerVirtual14','192.168.0.200','playerVirtual18','playerVirtual18_0607e10244',3,1,512,1,'2018-02-11 23:13:39','2018-02-12 00:10:38'),(120,'192.168.0.200','playerVirtual1_1095593','playerVirtual1','192.168.0.200','playerVirtual10','playerVirtual10_9305f3010a',1,1,512,1,'2018-02-11 23:15:07',NULL),(121,'192.168.0.200','playerVirtual0_4246147567','playerVirtual0','192.168.0.200','playerVirtual1','playerVirtual1_4f0c4ccc10',3,2,4096,40,'2018-02-11 23:15:11','2018-02-12 00:31:33'),(122,'192.168.0.200','playerVirtual18_4246147567','playerVirtual18','192.168.0.200','playerVirtual11','playerVirtual11_deb80c3015',3,2,4096,40,'2018-02-11 23:16:49','2018-02-11 23:54:24'),(123,'192.168.0.200','playerVirtual2_359920779','playerVirtual2','192.168.0.200','playerVirtual4','playerVirtual4_90bf1f8def',1,1,512,1,'2018-02-11 23:17:24',NULL),(124,'192.168.0.200','playerVirtual9_4246147567','playerVirtual9','192.168.0.200','playerVirtual8','playerVirtual8_d572bfbcde',3,2,4096,40,'2018-02-11 23:18:55','2018-02-12 00:46:32'),(125,'192.168.0.200','playerVirtual13_6322213339','playerVirtual13','192.168.0.200','playerVirtual2','playerVirtual2_a6ad85967c',1,1,512,1,'2018-02-11 23:18:59',NULL),(126,'192.168.0.200','playerVirtual19_4246147567','playerVirtual19','192.168.0.200','playerVirtual13','playerVirtual13_ed9a3af0be',3,2,4096,40,'2018-02-11 23:19:56','2018-02-11 23:53:44'),(127,'192.168.0.200','playerVirtual16_4246147567','playerVirtual16','192.168.0.200','playerVirtual3','playerVirtual3_943179c862',3,2,4096,40,'2018-02-11 23:22:47','2018-02-11 23:35:05'),(128,'192.168.0.200','playerVirtual4_4246147567','playerVirtual4','192.168.0.200','playerVirtual17','playerVirtual17_30e826216d',3,2,4096,40,'2018-02-11 23:23:12','2018-02-12 00:05:31'),(129,'192.168.0.200','playerVirtual14_4246147567','playerVirtual14','192.168.0.200','playerVirtual6','playerVirtual6_4f60c79f6f',3,2,4096,40,'2018-02-11 23:23:47','2018-02-11 23:40:32'),(130,'192.168.0.200','playerVirtual3_4246147567','playerVirtual3','192.168.0.200','playerVirtual15','playerVirtual15_0c731b3ec6',3,2,4096,40,'2018-02-11 23:26:14','2018-02-12 00:09:14'),(131,'192.168.0.200','playerVirtual5_4246147567','playerVirtual5','192.168.0.200','playerVirtual19','playerVirtual19_e6c00f5169',3,2,4096,40,'2018-02-11 23:28:42','2018-02-12 00:03:30'),(132,'192.168.0.200','playerVirtual1_4246147567','playerVirtual1','192.168.0.200','playerVirtual5','playerVirtual5_b7b1cbd6a1',3,2,4096,40,'2018-02-11 23:29:42','2018-02-12 00:43:10'),(133,'192.168.0.200','playerVirtual12_6335261139','playerVirtual12','192.168.0.200','playerVirtual7','playerVirtual7_5c3a4d17e0',1,1,512,1,'2018-02-11 23:30:26',NULL),(134,'192.168.0.200','playerVirtual13_4246147567','playerVirtual13','192.168.0.200','playerVirtual9','playerVirtual9_a7fd672a8b',3,2,4096,40,'2018-02-11 23:31:23','2018-02-12 00:16:32'),(135,'192.168.0.200','playerVirtual8_4246147567','playerVirtual8','192.168.0.200','playerVirtual12','playerVirtual12_c2166520bd',3,2,4096,40,'2018-02-11 23:33:10','2018-02-12 00:33:04'),(136,'192.168.0.200','playerVirtual15_4246147567','playerVirtual15','192.168.0.200','playerVirtual14','playerVirtual14_99aa119002',3,2,4096,40,'2018-02-11 23:34:03','2018-02-12 00:37:42'),(137,'192.168.0.200','playerVirtual2_4246147567','playerVirtual2','192.168.0.200','playerVirtual0','playerVirtual0_c97f226986',3,2,4096,40,'2018-02-11 23:35:41','2018-02-12 00:36:29'),(138,'192.168.0.200','playerVirtual11_4246147567','playerVirtual11','192.168.0.200','playerVirtual16','playerVirtual16_b97e66217c',3,2,4096,40,'2018-02-11 23:36:39','2018-02-12 00:20:01'),(139,'192.168.0.200','playerVirtual10_4246147567','playerVirtual10','192.168.0.200','playerVirtual18','playerVirtual18_5cdc8ed0a5',3,2,4096,40,'2018-02-11 23:38:12','2018-02-12 00:40:14'),(140,'192.168.0.200','playerVirtual17_4246147567','playerVirtual17','192.168.0.200','playerVirtual10','playerVirtual10_c73e2550a9',3,2,4096,40,'2018-02-11 23:39:05','2018-02-11 23:48:06'),(141,'192.168.0.200','playerVirtual6_4246147567','playerVirtual6','192.168.0.200','playerVirtual1','playerVirtual1_d9f671b6b0',3,2,4096,40,'2018-02-11 23:40:24','2018-02-11 23:51:32'),(142,'192.168.0.200','playerVirtual0_6344084916','playerVirtual0','192.168.0.200','playerVirtual11','playerVirtual11_418a89c93c',1,1,512,1,'2018-02-11 23:43:48',NULL),(143,'192.168.0.200','playerVirtual18_4246147567','playerVirtual18','192.168.0.200','playerVirtual4','playerVirtual4_f45ad26f25',3,2,4096,40,'2018-02-11 23:45:08','2018-02-11 23:54:24'),(144,'192.168.0.200','playerVirtual12_990694203','playerVirtual12','192.168.0.200','playerVirtual8','playerVirtual8_9243e50fbe',3,1,2048,20,'2018-02-11 23:46:04','2018-02-12 00:00:14'),(145,'192.168.0.200','playerVirtual7_4246147567','playerVirtual7','192.168.0.200','playerVirtual2','playerVirtual2_b0353ff54f',3,2,4096,40,'2018-02-11 23:46:41','2018-02-12 00:28:59'),(146,'192.168.0.200','playerVirtual19_4246147567','playerVirtual19','192.168.0.200','playerVirtual13','playerVirtual13_6b5348d321',3,2,4096,40,'2018-02-11 23:48:02','2018-02-11 23:53:44'),(147,'192.168.0.200','playerVirtual4_4246147567','playerVirtual4','192.168.0.200','playerVirtual3','playerVirtual3_f74452baca',3,2,4096,40,'2018-02-11 23:52:25','2018-02-12 00:05:31'),(148,'192.168.0.200','playerVirtual14_6566788','playerVirtual14','192.168.0.200','playerVirtual17','playerVirtual17_4ba188db5a',3,1,2048,20,'2018-02-11 23:53:45','2018-02-12 00:24:29'),(149,'192.168.0.200','playerVirtual9_82730999','playerVirtual9','192.168.0.200','playerVirtual6','playerVirtual6_63c7eb6950',1,1,512,1,'2018-02-11 23:54:46',NULL),(150,'192.168.0.200','playerVirtual3_4246147567','playerVirtual3','192.168.0.200','playerVirtual15','playerVirtual15_5e04fb81d1',3,2,4096,40,'2018-02-11 23:55:09','2018-02-12 00:09:14'),(151,'192.168.0.200','playerVirtual5_4246147567','playerVirtual5','192.168.0.200','playerVirtual19','playerVirtual19_ce5c8107cf',3,2,4096,40,'2018-02-11 23:56:43','2018-02-12 00:03:30'),(152,'192.168.0.200','playerVirtual1_4246147567','playerVirtual1','192.168.0.200','playerVirtual5','playerVirtual5_b40fea8534',3,2,4096,40,'2018-02-11 23:59:47','2018-02-12 00:43:10'),(153,'192.168.0.200','playerVirtual8_272887063','playerVirtual8','192.168.0.200','playerVirtual7','playerVirtual7_9e1cfba913',1,1,2048,20,'2018-02-12 00:01:38',NULL),(154,'192.168.0.200','playerVirtual13_4246147567','playerVirtual13','192.168.0.200','playerVirtual9','playerVirtual9_065d677425',3,2,4096,40,'2018-02-12 00:01:52','2018-02-12 00:16:32'),(155,'192.168.0.200','playerVirtual15_4246147567','playerVirtual15','192.168.0.200','playerVirtual12','playerVirtual12_192c90b2f5',3,2,4096,40,'2018-02-12 00:02:30','2018-02-12 00:37:42'),(156,'192.168.0.200','playerVirtual16_6566788','playerVirtual16','192.168.0.200','playerVirtual14','playerVirtual14_a6bf94ca06',1,1,2048,20,'2018-02-12 00:04:53',NULL),(157,'192.168.0.200','playerVirtual11_4246147567','playerVirtual11','192.168.0.200','playerVirtual0','playerVirtual0_f987bb6710',3,2,4096,40,'2018-02-12 00:07:24','2018-02-12 00:20:01'),(158,'192.168.0.200','playerVirtual10_16917741','playerVirtual10','192.168.0.200','playerVirtual16','playerVirtual16_b8a4e6a485',1,1,512,1,'2018-02-12 00:08:08',NULL),(159,'192.168.0.200','playerVirtual8_4246147567','playerVirtual8','192.168.0.200','playerVirtual18','playerVirtual18_621b34cf56',3,2,4096,40,'2018-02-12 00:08:54','2018-02-12 00:33:04'),(160,'192.168.0.200','playerVirtual6_4820150269','playerVirtual6','192.168.0.200','playerVirtual10','playerVirtual10_ee17abaaf1',3,2,4096,40,'2018-02-12 00:10:17','2018-02-12 00:22:24'),(161,'192.168.0.200','playerVirtual9_5297461910','playerVirtual9','192.168.0.200','playerVirtual1','playerVirtual1_cae7745fa0',1,1,512,1,'2018-02-12 00:13:51',NULL),(162,'192.168.0.200','playerVirtual18_3338579772','playerVirtual18','192.168.0.200','playerVirtual11','playerVirtual11_9f0809de0c',1,1,2048,20,'2018-02-12 00:15:01',NULL),(163,'192.168.0.200','playerVirtual0_4246147567','playerVirtual0','192.168.0.200','playerVirtual4','playerVirtual4_bd8da994f6',3,2,4096,40,'2018-02-12 00:15:02','2018-02-12 00:31:33'),(164,'192.168.0.200','playerVirtual2_4246147567','playerVirtual2','192.168.0.200','playerVirtual8','playerVirtual8_0a4e3ba160',3,2,4096,40,'2018-02-12 00:15:52','2018-02-12 00:36:29'),(165,'192.168.0.200','playerVirtual7_4246147567','playerVirtual7','192.168.0.200','playerVirtual2','playerVirtual2_618e07c481',3,2,4096,40,'2018-02-12 00:16:47','2018-02-12 00:28:59'),(166,'192.168.0.200','playerVirtual19_4820150269','playerVirtual19','192.168.0.200','playerVirtual13','playerVirtual13_c54873375c',1,2,4096,40,'2018-02-12 00:17:54',NULL),(167,'192.168.0.200','playerVirtual17_6280643141','playerVirtual17','192.168.0.200','playerVirtual3','playerVirtual3_5570f251c0',1,1,512,1,'2018-02-12 00:19:06',NULL),(168,'192.168.0.200','playerVirtual16_990694203','playerVirtual16','192.168.0.200','playerVirtual17','playerVirtual17_70f6f4c6ca',3,1,2048,20,'2018-02-12 00:20:24','2018-02-12 00:37:47'),(169,'192.168.0.200','playerVirtual4_5068098508','playerVirtual4','192.168.0.200','playerVirtual6','playerVirtual6_697c514501',1,1,2048,20,'2018-02-12 00:23:16',NULL),(170,'192.168.0.200','playerVirtual10_4246147567','playerVirtual10','192.168.0.200','playerVirtual15','playerVirtual15_4a62ee91dd',3,2,4096,40,'2018-02-12 00:23:17','2018-02-12 00:40:14'),(171,'192.168.0.200','playerVirtual3_1438244924','playerVirtual3','192.168.0.200','playerVirtual19','playerVirtual19_121e85f19b',1,1,2048,20,'2018-02-12 00:26:32',NULL),(172,'192.168.0.200','playerVirtual19_4246147567','playerVirtual19','192.168.0.200','playerVirtual5','playerVirtual5_7ab4d93786',1,2,4096,40,'2018-02-12 00:27:09',NULL),(173,'192.168.0.200','playerVirtual18_5792765','playerVirtual18','192.168.0.200','playerVirtual7','playerVirtual7_4dd2b637a9',1,1,512,1,'2018-02-12 00:27:14',NULL),(174,'192.168.0.200','playerVirtual5_1436344784','playerVirtual5','192.168.0.200','playerVirtual9','playerVirtual9_3cca9b66e1',1,1,2048,20,'2018-02-12 00:27:21',NULL),(175,'192.168.0.200','playerVirtual9_4246147567','playerVirtual9','192.168.0.200','playerVirtual12','playerVirtual12_02edd7ad45',3,2,4096,40,'2018-02-12 00:28:27','2018-02-12 00:46:32'),(176,'192.168.0.200','playerVirtual1_4246147567','playerVirtual1','192.168.0.200','playerVirtual14','playerVirtual14_ac800b42af',3,2,4096,40,'2018-02-12 00:31:14','2018-02-12 00:43:10'),(177,'192.168.0.200','playerVirtual12_4246147567','playerVirtual12','192.168.0.200','playerVirtual0','playerVirtual0_864b0c2719',1,2,4096,40,'2018-02-12 00:32:25',NULL),(178,'192.168.0.200','playerVirtual15_4246147567','playerVirtual15','192.168.0.200','playerVirtual16','playerVirtual16_052df9512d',3,2,4096,40,'2018-02-12 00:33:28','2018-02-12 00:37:42'),(179,'192.168.0.200','playerVirtual4_4246147567','playerVirtual4','192.168.0.200','playerVirtual18','playerVirtual18_60bfe5d868',1,2,4096,40,'2018-02-12 00:39:22',NULL),(180,'192.168.0.200','playerVirtual17_4246147567','playerVirtual17','192.168.0.200','playerVirtual10','playerVirtual10_b69abc9937',1,2,4096,40,'2018-02-12 00:41:03',NULL),(181,'192.168.0.200','playerVirtual8_4246147567','playerVirtual8','192.168.0.200','playerVirtual1','playerVirtual1_c6899ae577',1,2,4096,40,'2018-02-12 00:43:20',NULL),(182,'192.168.0.200','playerVirtual3_4246147567','playerVirtual3','192.168.0.200','playerVirtual11','playerVirtual11_0774685b40',1,2,4096,40,'2018-02-12 00:43:29',NULL),(183,'192.168.0.200','playerVirtual14_4246147567','playerVirtual14','192.168.0.200','playerVirtual4','playerVirtual4_8f658ddc40',1,2,4096,40,'2018-02-12 00:43:54',NULL);
/*!40000 ALTER TABLE `VM` ENABLE KEYS */;
UNLOCK TABLES;
/*!40103 SET TIME_ZONE=@OLD_TIME_ZONE */;

/*!40101 SET SQL_MODE=@OLD_SQL_MODE */;
/*!40014 SET FOREIGN_KEY_CHECKS=@OLD_FOREIGN_KEY_CHECKS */;
/*!40014 SET UNIQUE_CHECKS=@OLD_UNIQUE_CHECKS */;
/*!40101 SET CHARACTER_SET_CLIENT=@OLD_CHARACTER_SET_CLIENT */;
/*!40101 SET CHARACTER_SET_RESULTS=@OLD_CHARACTER_SET_RESULTS */;
/*!40101 SET COLLATION_CONNECTION=@OLD_COLLATION_CONNECTION */;
/*!40111 SET SQL_NOTES=@OLD_SQL_NOTES */;

-- Dump completed on 2018-02-11 22:47:58
