-- MySQL dump 10.14  Distrib 5.5.58-MariaDB, for debian-linux-gnu (x86_64)
--
-- Host: localhost    Database: mct
-- ------------------------------------------------------
-- Server version	5.5.58-MariaDB-1ubuntu0.14.04.1

/*!40101 SET @OLD_CHARACTER_SET_CLIENT=@@CHARACTER_SET_CLIENT */;
/*!40101 SET @OLD_CHARACTER_SET_RESULTS=@@CHARACTER_SET_RESULTS */;
/*!40101 SET @OLD_COLLATION_CONNECTION=@@COLLATION_CONNECTION */;
/*!40101 SET NAMES utf8 */;
/*!40103 SET @OLD_TIME_ZONE=@@TIME_ZONE */;
/*!40103 SET TIME_ZONE='+00:00' */;
/*!40014 SET @OLD_UNIQUE_CHECKS=@@UNIQUE_CHECKS, UNIQUE_CHECKS=0 */;
/*!40014 SET @OLD_FOREIGN_KEY_CHECKS=@@FOREIGN_KEY_CHECKS, FOREIGN_KEY_CHECKS=0 */;
/*!40101 SET @OLD_SQL_MODE=@@SQL_MODE, SQL_MODE='NO_AUTO_VALUE_ON_ZERO' */;
/*!40111 SET @OLD_SQL_NOTES=@@SQL_NOTES, SQL_NOTES=0 */;

--
-- Table structure for table `FIELDS`
--

DROP TABLE IF EXISTS `FIELDS`;
/*!40101 SET @saved_cs_client     = @@character_set_client */;
/*!40101 SET character_set_client = utf8 */;
CREATE TABLE `FIELDS` (
  `operation` int(11) NOT NULL,
  `fields` varchar(45) NOT NULL,
  PRIMARY KEY (`operation`)
) ENGINE=InnoDB DEFAULT CHARSET=utf8;
/*!40101 SET character_set_client = @saved_cs_client */;

--
-- Dumping data for table `FIELDS`
--

LOCK TABLES `FIELDS` WRITE;
/*!40000 ALTER TABLE `FIELDS` DISABLE KEYS */;
INSERT INTO `FIELDS` VALUES (0,'name mem image vcpus disk uuid');
/*!40000 ALTER TABLE `FIELDS` ENABLE KEYS */;
UNLOCK TABLES;

--
-- Table structure for table `PLAYER`
--

DROP TABLE IF EXISTS `PLAYER`;
/*!40101 SET @saved_cs_client     = @@character_set_client */;
/*!40101 SET character_set_client = utf8 */;
CREATE TABLE `PLAYER` (
  `id` int(11) NOT NULL AUTO_INCREMENT,
  `name` varchar(45) NOT NULL,
  `address` varchar(45) NOT NULL,
  `division` int(11) DEFAULT NULL,
  `score` float DEFAULT '0',
  `history` int(11) DEFAULT '0',
  `fairness` float DEFAULT '0',
  `accepts` int(11) DEFAULT '0',
  `rejects` int(11) DEFAULT '0',
  `running` int(11) DEFAULT '0',
  `finished` int(11) DEFAULT '0',
  `problem_del` int(11) DEFAULT '0',
  `vcpus` int(11) DEFAULT '0',
  `memory` bigint(20) DEFAULT '0',
  `local_gb` bigint(20) DEFAULT '0',
  `vcpus_used` bigint(20) DEFAULT '0',
  `memory_used` bigint(20) DEFAULT '0',
  `local_gb_used` bigint(20) DEFAULT '0',
  `max_instance` int(11) DEFAULT '0',
  `token` varchar(45) DEFAULT NULL,
  `suspend` timestamp NULL DEFAULT NULL,
  `enabled` int(11) DEFAULT '0',
  `last_choice` timestamp NOT NULL DEFAULT '2018-01-01 02:00:00',
  `playoff` tinyint(1) DEFAULT '0',
  PRIMARY KEY (`id`)
) ENGINE=InnoDB AUTO_INCREMENT=29 DEFAULT CHARSET=utf8;
/*!40101 SET character_set_client = @saved_cs_client */;

--
-- Dumping data for table `PLAYER`
--

LOCK TABLES `PLAYER` WRITE;
/*!40000 ALTER TABLE `PLAYER` DISABLE KEYS */;
INSERT INTO `PLAYER` VALUES (1,'playerVirtual1','192.168.0.200',4,-2,0,1,1,2,0,1,0,1023,1047552,10230,0,0,0,1,'91a270cd3c29f1ca155120abf465e95c077b2f69',NULL,0,'2018-03-05 03:34:53',1),(2,'playerVirtual2','192.168.0.200',1,11.28,29,0.625,8,0,7,1,0,1023,1047552,10230,11,19456,182,9,'ccaa319c8b2d17c4f51eadad311a6077f5b64e0d',NULL,1,'2018-03-05 05:53:20',0),(3,'playerVirtual3','192.168.0.200',3,2.32,28,0.866667,2,1,2,0,0,1023,1047552,10230,3,4608,41,2,'b135d4b4eda83ae77ba86a723b938ffa13058355',NULL,1,'2018-03-05 03:37:02',0),(4,'playerVirtual4','192.168.0.200',1,10.63,27,0.769231,13,0,6,7,0,1023,1047552,10230,6,6144,44,9,'0d3e79a37a0684cf4a3732024d4f17c714b2f0db',NULL,1,'2018-03-05 05:35:29',0),(5,'playerVirtual0','192.168.0.200',4,-6,0,0,0,3,0,0,0,1023,1047552,10230,0,0,0,99,'4dd99f2d329f14eff2f0ec60f1679f11095f4396',NULL,0,'2018-03-05 03:45:05',1),(6,'playerVirtual5','192.168.0.200',2,6.64,26,0.8,9,0,5,4,0,1023,1047552,10230,5,7168,62,5,'aef449ee788ba067458370336f51ded3c7a5d176',NULL,1,'2018-03-05 05:52:58',0),(7,'playerVirtual6','192.168.0.200',1,10.62,25,1,10,0,5,5,0,1023,1047552,10230,7,14336,140,7,'854271efe813c4ab4364b2046be95ab82454eaf2',NULL,1,'2018-03-05 05:45:34',0),(8,'playerVirtual1628','192.168.0.200',4,-6,0,0,0,3,0,0,0,1023,1047552,10230,0,0,0,99,'58fd43e51bcdc2ce8c4194096d9d5c1a02306c4b',NULL,0,'2018-03-05 03:54:59',1),(9,'playerVirtual7','192.168.0.200',3,1.33,24,0,1,0,1,0,0,1023,1047552,10230,1,512,1,1,'cc30e923c0abe94a8fc7af2bde725800b92c5870',NULL,1,'2018-03-05 03:53:07',0),(10,'playerVirtual8','192.168.0.200',1,9.97,23,0.875,10,0,7,3,0,1023,1047552,10230,9,13824,123,9,'b2651a43156d6041ad3de0344db786c0f675de4f',NULL,1,'2018-03-05 05:52:26',0),(11,'playerVirtual9','192.168.0.200',2,6.64,22,0.875,5,0,2,3,0,1023,1047552,10230,2,2560,21,2,'2efd2270cbf6fda907be61a179976116e84b301f',NULL,1,'2018-03-05 05:39:07',0),(12,'playerVirtual1412','192.168.0.200',4,-6,0,0,0,3,0,0,0,1023,1047552,10230,0,0,0,99,'ccb73090ac1fe3c800b3c745b75efa98217d84f2',NULL,0,'2018-03-05 04:09:57',1),(13,'playerVirtual10','192.168.0.200',2,5.98,21,0.714286,9,0,8,1,0,1023,1047552,10230,9,13824,123,8,'1c2fb592622fb43c0b78aa50f0de5b6d1bd3c6bd',NULL,1,'2018-03-05 05:53:21',0),(14,'playerVirtual11','192.168.0.200',3,1.33,20,0.833333,3,0,3,0,0,1023,1047552,10230,3,4608,41,3,'16388b5d7b124fc68ca49d34e5322905d42e7769',NULL,1,'2018-03-05 04:24:11',0),(15,'playerVirtual1879','192.168.0.200',4,-4,0,0,0,2,0,0,0,1023,1047552,10230,0,0,0,99,'e827ee87bedb074fe335ee7aa17fef38be6674f0',NULL,0,'2018-03-05 04:19:04',1),(16,'playerVirtual12','192.168.0.200',2,6.64,19,1,7,0,3,4,0,1023,1047552,10230,3,4608,41,3,'9ed1ffcce3e5b1b78a123ed42969805741bab875',NULL,1,'2018-03-05 05:45:55',0),(17,'playerVirtual13','192.168.0.200',2,4.65,18,0.75,6,0,1,5,0,1023,1047552,10230,1,512,1,5,'ef9c12bc8e336a3ff970896dae3716f1cfa1f1b1',NULL,1,'2018-03-05 05:39:29',0),(18,'playerVirtual1656','192.168.0.200',4,-2,0,0,0,1,0,0,0,1023,1047552,10230,0,0,0,99,'46c354768ba49ce8ab150ec5a735c6f3ce48da27',NULL,0,'2018-03-05 04:26:05',1),(19,'playerVirtual14','192.168.0.200',2,4.65,17,0.75,5,0,4,1,0,1023,1047552,10230,4,3584,23,5,'c37c753c5aee2c0fa63f42e50ea3e581e1e3c6c0',NULL,1,'2018-03-05 05:53:42',0),(20,'playerVirtual15','192.168.0.200',2,6.64,16,1,4,0,2,2,0,1023,1047552,10230,2,1024,2,5,'83517cfd62700d2b55cd00ae52b3286b50593295',NULL,1,'2018-03-05 05:39:02',0),(21,'playerVirtual16','192.168.0.200',2,6.64,15,0.5,4,0,3,1,0,1023,1047552,10230,4,5120,42,3,'86a0080ce61642f9d2dcac1ec20a2693a2f393ec',NULL,1,'2018-03-05 05:42:25',0),(22,'playerVirtual1531','192.168.0.200',4,-2,0,0,0,1,0,0,0,1023,1047552,10230,0,0,0,99,'a119bf918ffbd38a1b337889c1b0c18c6f30d584',NULL,0,'2018-03-05 04:43:36',1),(23,'playerVirtual17','192.168.0.200',3,0,14,0,1,0,1,0,0,1023,1047552,10230,1,2048,20,1,'cbdb6fd63abaeb7acd17585372961a9cd157eda2',NULL,1,'2018-03-05 04:45:11',0),(24,'playerVirtual18','192.168.0.200',2,5.31,13,0,4,0,2,2,0,1023,1047552,10230,3,4608,41,3,'a983f5451fe421d0546fd77a8a0282f456ce94a6',NULL,1,'2018-03-05 05:54:24',0),(25,'playerVirtual19','192.168.0.200',2,5.97,12,1,4,0,2,2,0,1023,1047552,10230,3,6144,60,7,'cd54a1deb2464d1f8b4cd41d96805b113c856e54',NULL,1,'2018-03-05 05:55:56',0),(26,'playerVirtual1703','192.168.0.200',4,-2,0,0,0,1,0,0,0,1023,1047552,10230,0,0,0,99,'80e7144b65504bc80a8c8511b1dfa590dae3e42d',NULL,0,'2018-03-05 05:03:09',1),(27,'playerVirtual1899','192.168.0.200',4,-2,0,0,0,1,0,0,0,1023,1047552,10230,0,0,0,99,'65a36a493e4e8678abca82e919f5a39e2b66f5cd',NULL,0,'2018-03-05 05:29:02',1),(28,'playerVirtual1757','192.168.0.200',3,0,0,0,0,0,0,0,0,0,0,0,0,0,0,0,'98d884176cb8aed8573a2afa530926602a654070',NULL,1,'2018-01-01 02:00:00',0);
/*!40000 ALTER TABLE `PLAYER` ENABLE KEYS */;
UNLOCK TABLES;

--
-- Table structure for table `REQUEST`
--

DROP TABLE IF EXISTS `REQUEST`;
/*!40101 SET @saved_cs_client     = @@character_set_client */;
/*!40101 SET character_set_client = utf8 */;
CREATE TABLE `REQUEST` (
  `id` int(11) NOT NULL AUTO_INCREMENT,
  `player_id` varchar(45) NOT NULL,
  `request_id` varchar(45) NOT NULL,
  `action` int(11) NOT NULL,
  `timestamp_received` timestamp NULL DEFAULT NULL,
  `timestamp_finished` timestamp NULL DEFAULT NULL,
  `status` int(11) NOT NULL,
  PRIMARY KEY (`id`)
) ENGINE=InnoDB AUTO_INCREMENT=590 DEFAULT CHARSET=utf8;
/*!40101 SET character_set_client = @saved_cs_client */;

--
-- Dumping data for table `REQUEST`
--

LOCK TABLES `REQUEST` WRITE;
/*!40000 ALTER TABLE `REQUEST` DISABLE KEYS */;
INSERT INTO `REQUEST` VALUES (1,'playerVirtual1','playerVirtual1_b4cd2d9a9d',4,'2018-03-05 03:27:32',NULL,0),(2,'playerVirtual2','playerVirtual2_9c262bb4c9',4,'2018-03-05 03:27:32',NULL,0),(3,'playerVirtual1','playerVirtual1_450512000',0,'2018-03-05 03:28:33',NULL,0),(4,'playerVirtual1','playerVirtual1_450512000',0,'2018-03-05 03:28:34',NULL,0),(5,'playerVirtual2','playerVirtual2_1438244924',0,'2018-03-05 03:28:35',NULL,0),(6,'playerVirtual2','playerVirtual2_1438244924',0,'2018-03-05 03:28:36',NULL,0),(7,'playerVirtual1','playerVirtual1_308e392a65',3,'2018-03-05 03:29:33',NULL,0),(8,'playerVirtual2','playerVirtual2_a181ad2378',3,'2018-03-05 03:29:36',NULL,0),(9,'playerVirtual1','playerVirtual1_640692267',0,'2018-03-05 03:30:39',NULL,0),(10,'playerVirtual1','playerVirtual1_640692267',0,'2018-03-05 03:30:39',NULL,0),(11,'playerVirtual2','playerVirtual2_2381571381',0,'2018-03-05 03:30:40',NULL,0),(12,'playerVirtual2','playerVirtual2_2381571381',0,'2018-03-05 03:30:40',NULL,0),(13,'playerVirtual1','playerVirtual1_c514389b30',4,'2018-03-05 03:31:39',NULL,0),(14,'playerVirtual2','playerVirtual2_52211dc0b2',4,'2018-03-05 03:31:40',NULL,0),(15,'playerVirtual3','playerVirtual3_ffdbfdbba3',4,'2018-03-05 03:32:35',NULL,0),(16,'playerVirtual1','playerVirtual1_5297461910',0,'2018-03-05 03:32:42',NULL,0),(17,'playerVirtual1','playerVirtual1_5297461910',0,'2018-03-05 03:32:42',NULL,0),(18,'playerVirtual2','playerVirtual2_2790332778',0,'2018-03-05 03:32:47',NULL,0),(19,'playerVirtual2','playerVirtual2_2790332778',0,'2018-03-05 03:32:48',NULL,0),(20,'playerVirtual1','playerVirtual1_5a4ce6ddcb',3,'2018-03-05 03:33:42',NULL,0),(21,'playerVirtual3','playerVirtual3_369721705',0,'2018-03-05 03:33:47',NULL,0),(22,'playerVirtual3','playerVirtual3_369721705',0,'2018-03-05 03:33:47',NULL,0),(23,'playerVirtual2','playerVirtual2_e7d9ed0cf9',3,'2018-03-05 03:33:47',NULL,0),(24,'playerVirtual3','playerVirtual3_deafa37a2c',3,'2018-03-05 03:34:47',NULL,0),(25,'playerVirtual1','playerVirtual1_317469422',0,'2018-03-05 03:34:52',NULL,0),(26,'playerVirtual1','playerVirtual1_317469422',0,'2018-03-05 03:34:52',NULL,0),(27,'playerVirtual2','playerVirtual2_6955737',0,'2018-03-05 03:34:53',NULL,0),(28,'playerVirtual2','playerVirtual2_6955737',0,'2018-03-05 03:34:53',NULL,0),(29,'playerVirtual3','playerVirtual3_257338104',0,'2018-03-05 03:35:48',NULL,0),(30,'playerVirtual3','playerVirtual3_257338104',0,'2018-03-05 03:35:49',NULL,0),(31,'playerVirtual1','playerVirtual1_8d1d5202ba',4,'2018-03-05 03:35:52',NULL,0),(32,'playerVirtual2','playerVirtual2_d9ff5996bf',4,'2018-03-05 03:35:53',NULL,0),(33,'playerVirtual3','playerVirtual3_602051a728',4,'2018-03-05 03:36:49',NULL,0),(34,'playerVirtual2','playerVirtual2_2433236783',0,'2018-03-05 03:37:01',NULL,0),(35,'playerVirtual2','playerVirtual2_2433236783',0,'2018-03-05 03:37:02',NULL,0),(36,'playerVirtual4','playerVirtual4_57f329b1af',4,'2018-03-05 03:37:34',NULL,0),(37,'playerVirtual0','playerVirtual0_2d37ebc9c1',4,'2018-03-05 03:37:35',NULL,0),(38,'playerVirtual2','playerVirtual2_c6b7528d36',3,'2018-03-05 03:38:02',NULL,0),(39,'playerVirtual3','playerVirtual3_3338579772',0,'2018-03-05 03:38:02',NULL,0),(40,'playerVirtual3','playerVirtual3_3338579772',0,'2018-03-05 03:38:02',NULL,0),(41,'playerVirtual4','playerVirtual4_257407216',0,'2018-03-05 03:38:48',NULL,0),(42,'playerVirtual0','playerVirtual0_182859403',0,'2018-03-05 03:38:56',NULL,0),(43,'playerVirtual3','playerVirtual3_eef8704084',3,'2018-03-05 03:39:02',NULL,0),(44,'playerVirtual2','playerVirtual2_2359368952',0,'2018-03-05 03:39:18',NULL,0),(45,'playerVirtual2','playerVirtual2_2359368952',0,'2018-03-05 03:39:18',NULL,0),(46,'playerVirtual4','playerVirtual4_6fec573a7e',3,'2018-03-05 03:39:48',NULL,0),(47,'playerVirtual0','playerVirtual0_daa07b9943',3,'2018-03-05 03:39:56',NULL,0),(48,'playerVirtual3','playerVirtual3_16917741',0,'2018-03-05 03:40:16',NULL,0),(49,'playerVirtual3','playerVirtual3_16917741',0,'2018-03-05 03:40:17',NULL,0),(50,'playerVirtual2','playerVirtual2_0c1d65c043',4,'2018-03-05 03:40:18',NULL,0),(51,'playerVirtual4','playerVirtual4_2545640208',0,'2018-03-05 03:41:11',NULL,0),(52,'playerVirtual4','playerVirtual4_2545640208',0,'2018-03-05 03:41:11',NULL,0),(53,'playerVirtual0','playerVirtual0_908315',0,'2018-03-05 03:41:12',NULL,0),(54,'playerVirtual3','playerVirtual3_7ee92949fb',4,'2018-03-05 03:41:16',NULL,0),(55,'playerVirtual2','playerVirtual2_539194189',0,'2018-03-05 03:41:47',NULL,0),(56,'playerVirtual2','playerVirtual2_539194189',0,'2018-03-05 03:41:48',NULL,0),(57,'playerVirtual4','playerVirtual4_8878395ddf',4,'2018-03-05 03:42:11',NULL,0),(58,'playerVirtual0','playerVirtual0_9d39258125',4,'2018-03-05 03:42:12',NULL,0),(59,'playerVirtual5','playerVirtual5_92c851e1f9',4,'2018-03-05 03:42:39',NULL,0),(60,'playerVirtual2','playerVirtual2_1a3fc353af',3,'2018-03-05 03:42:47',NULL,0),(61,'playerVirtual3','playerVirtual3_4820204870',0,'2018-03-05 03:43:29',NULL,0),(62,'playerVirtual3','playerVirtual3_4820204870',0,'2018-03-05 03:43:29',NULL,0),(63,'playerVirtual3','playerVirtual3_115e04914c',3,'2018-03-05 03:44:29',NULL,0),(64,'playerVirtual4','playerVirtual4_8058564',0,'2018-03-05 03:45:05',NULL,0),(65,'playerVirtual4','playerVirtual4_8058564',0,'2018-03-05 03:45:05',NULL,0),(66,'playerVirtual0','playerVirtual0_1429160667',0,'2018-03-05 03:45:14',NULL,0),(67,'playerVirtual2','playerVirtual2_82730999',0,'2018-03-05 03:45:41',NULL,0),(68,'playerVirtual2','playerVirtual2_82730999',0,'2018-03-05 03:45:41',NULL,0),(69,'playerVirtual5','playerVirtual5_3338010893',0,'2018-03-05 03:45:57',NULL,0),(70,'playerVirtual4','playerVirtual4_2f5d590a26',3,'2018-03-05 03:46:05',NULL,0),(71,'playerVirtual0','playerVirtual0_e6eb4dab83',3,'2018-03-05 03:46:14',NULL,0),(72,'playerVirtual2','playerVirtual2_126cd5a855',4,'2018-03-05 03:46:41',NULL,0),(73,'playerVirtual3','playerVirtual3_351652724',0,'2018-03-05 03:46:41',NULL,0),(74,'playerVirtual3','playerVirtual3_351652724',0,'2018-03-05 03:46:42',NULL,0),(75,'playerVirtual5','playerVirtual5_c3649c258d',3,'2018-03-05 03:46:58',NULL,0),(76,'playerVirtual6','playerVirtual6_8d4217d29f',4,'2018-03-05 03:47:32',NULL,0),(77,'playerVirtual4','playerVirtual4_6571218',0,'2018-03-05 03:47:36',NULL,0),(78,'playerVirtual4','playerVirtual4_6571218',0,'2018-03-05 03:47:36',NULL,0),(79,'playerVirtual3','playerVirtual3_af380f93af',4,'2018-03-05 03:47:41',NULL,0),(80,'playerVirtual5','playerVirtual5_1339662',0,'2018-03-05 03:48:11',NULL,0),(81,'playerVirtual5','playerVirtual5_1339662',0,'2018-03-05 03:48:11',NULL,0),(82,'playerVirtual2','playerVirtual2_1436344784',0,'2018-03-05 03:48:18',NULL,0),(83,'playerVirtual2','playerVirtual2_1436344784',0,'2018-03-05 03:48:19',NULL,0),(84,'playerVirtual4','playerVirtual4_d16b4b4fe7',4,'2018-03-05 03:48:36',NULL,0),(85,'playerVirtual5','playerVirtual5_0a60a60ecf',4,'2018-03-05 03:49:11',NULL,0),(86,'playerVirtual2','playerVirtual2_4b94bb2959',3,'2018-03-05 03:49:19',NULL,0),(87,'playerVirtual1628','playerVirtual1628_713a217928',4,'2018-03-05 03:49:47',NULL,0),(88,'playerVirtual3','playerVirtual3_284794223',0,'2018-03-05 03:50:02',NULL,0),(89,'playerVirtual3','playerVirtual3_284794223',0,'2018-03-05 03:50:02',NULL,0),(90,'playerVirtual3','playerVirtual3_6a4822b86d',3,'2018-03-05 03:51:02',NULL,0),(91,'playerVirtual6','playerVirtual6_317497342',0,'2018-03-05 03:51:05',NULL,0),(92,'playerVirtual4','playerVirtual4_359920779',0,'2018-03-05 03:51:38',NULL,0),(93,'playerVirtual4','playerVirtual4_359920779',0,'2018-03-05 03:51:38',NULL,0),(94,'playerVirtual6','playerVirtual6_3f3215c2d6',3,'2018-03-05 03:52:05',NULL,0),(95,'playerVirtual2','playerVirtual2_2904109077',0,'2018-03-05 03:52:15',NULL,0),(96,'playerVirtual2','playerVirtual2_2904109077',0,'2018-03-05 03:52:15',NULL,0),(97,'playerVirtual5','playerVirtual5_904011',0,'2018-03-05 03:52:31',NULL,0),(98,'playerVirtual5','playerVirtual5_904011',0,'2018-03-05 03:52:33',NULL,0),(99,'playerVirtual7','playerVirtual7_f01646eaeb',4,'2018-03-05 03:52:36',NULL,0),(100,'playerVirtual4','playerVirtual4_e568b01ba0',3,'2018-03-05 03:52:38',NULL,0),(101,'playerVirtual6','playerVirtual6_1093460',0,'2018-03-05 03:53:07',NULL,0),(102,'playerVirtual6','playerVirtual6_1093460',0,'2018-03-05 03:53:07',NULL,0),(103,'playerVirtual3','playerVirtual3_905614',0,'2018-03-05 03:53:15',NULL,0),(104,'playerVirtual2','playerVirtual2_c866978ff7',4,'2018-03-05 03:53:15',NULL,0),(105,'playerVirtual3','playerVirtual3_905614',0,'2018-03-05 03:53:16',NULL,0),(106,'playerVirtual1628','playerVirtual1628_257338074',0,'2018-03-05 03:53:20',NULL,0),(107,'playerVirtual5','playerVirtual5_be34f88c4e',3,'2018-03-05 03:53:31',NULL,0),(108,'playerVirtual6','playerVirtual6_03dffd4f7b',4,'2018-03-05 03:54:07',NULL,0),(109,'playerVirtual4','playerVirtual4_470485660',0,'2018-03-05 03:54:13',NULL,0),(110,'playerVirtual4','playerVirtual4_470485660',0,'2018-03-05 03:54:13',NULL,0),(111,'playerVirtual3','playerVirtual3_21b2c2bc3f',4,'2018-03-05 03:54:15',NULL,0),(112,'playerVirtual1628','playerVirtual1628_0ee6946275',3,'2018-03-05 03:54:20',NULL,0),(113,'playerVirtual5','playerVirtual5_5792765',0,'2018-03-05 03:54:52',NULL,0),(114,'playerVirtual5','playerVirtual5_5792765',0,'2018-03-05 03:54:52',NULL,0),(115,'playerVirtual2','playerVirtual2_30788568',0,'2018-03-05 03:54:59',NULL,0),(116,'playerVirtual2','playerVirtual2_30788568',0,'2018-03-05 03:54:59',NULL,0),(117,'playerVirtual4','playerVirtual4_2a6cc86fe4',4,'2018-03-05 03:55:13',NULL,0),(118,'playerVirtual1628','playerVirtual1628_4820318661',0,'2018-03-05 03:55:43',NULL,0),(119,'playerVirtual5','playerVirtual5_e14b8eaef2',4,'2018-03-05 03:55:52',NULL,0),(120,'playerVirtual2','playerVirtual2_4237fcc9ff',3,'2018-03-05 03:55:59',NULL,0),(121,'playerVirtual7','playerVirtual7_6569547',0,'2018-03-05 03:56:12',NULL,0),(122,'playerVirtual3','playerVirtual3_400453824',0,'2018-03-05 03:56:50',NULL,0),(123,'playerVirtual3','playerVirtual3_400453824',0,'2018-03-05 03:56:50',NULL,0),(124,'playerVirtual7','playerVirtual7_50712c0ff9',3,'2018-03-05 03:57:12',NULL,0),(125,'playerVirtual8','playerVirtual8_0179643895',4,'2018-03-05 03:57:33',NULL,0),(126,'playerVirtual3','playerVirtual3_7389eea26d',3,'2018-03-05 03:57:50',NULL,0),(127,'playerVirtual6','playerVirtual6_38671842',0,'2018-03-05 03:57:53',NULL,0),(128,'playerVirtual6','playerVirtual6_38671842',0,'2018-03-05 03:57:53',NULL,0),(129,'playerVirtual4','playerVirtual4_4819935267',0,'2018-03-05 03:58:35',NULL,0),(130,'playerVirtual4','playerVirtual4_4819935267',0,'2018-03-05 03:58:36',NULL,0),(131,'playerVirtual7','playerVirtual7_5068098508',0,'2018-03-05 03:58:50',NULL,0),(132,'playerVirtual6','playerVirtual6_9ee6af88be',3,'2018-03-05 03:58:53',NULL,0),(133,'playerVirtual2','playerVirtual2_6264344062',0,'2018-03-05 03:59:15',NULL,0),(134,'playerVirtual2','playerVirtual2_6264344062',0,'2018-03-05 03:59:16',NULL,0),(135,'playerVirtual5','playerVirtual5_4820217293',0,'2018-03-05 03:59:30',NULL,0),(136,'playerVirtual5','playerVirtual5_4820217293',0,'2018-03-05 03:59:31',NULL,0),(137,'playerVirtual4','playerVirtual4_37ac63e567',3,'2018-03-05 03:59:35',NULL,0),(138,'playerVirtual7','playerVirtual7_e2672e547a',4,'2018-03-05 03:59:50',NULL,0),(139,'playerVirtual2','playerVirtual2_4d9cd19d8a',4,'2018-03-05 04:00:15',NULL,0),(140,'playerVirtual5','playerVirtual5_9b87cf98d0',3,'2018-03-05 04:00:30',NULL,0),(141,'playerVirtual6','playerVirtual6_2148750930',0,'2018-03-05 04:01:39',NULL,0),(142,'playerVirtual6','playerVirtual6_2148750930',0,'2018-03-05 04:01:39',NULL,0),(143,'playerVirtual3','playerVirtual3_1095593',0,'2018-03-05 04:01:44',NULL,0),(144,'playerVirtual3','playerVirtual3_1095593',0,'2018-03-05 04:01:46',NULL,0),(145,'playerVirtual9','playerVirtual9_80e27b4ad2',4,'2018-03-05 04:02:31',NULL,0),(146,'playerVirtual1412','playerVirtual1412_7ad5b4df8c',4,'2018-03-05 04:02:32',NULL,0),(147,'playerVirtual6','playerVirtual6_9d03470e0a',4,'2018-03-05 04:02:39',NULL,0),(148,'playerVirtual3','playerVirtual3_a9d4f6b2b4',4,'2018-03-05 04:02:43',NULL,0),(149,'playerVirtual4','playerVirtual4_563574327',0,'2018-03-05 04:02:49',NULL,0),(150,'playerVirtual4','playerVirtual4_563574327',0,'2018-03-05 04:02:49',NULL,0),(151,'playerVirtual8','playerVirtual8_227443932',0,'2018-03-05 04:03:01',NULL,0),(152,'playerVirtual8','playerVirtual8_227443932',0,'2018-03-05 04:03:01',NULL,0),(153,'playerVirtual2','playerVirtual2_ee39b3a06a',3,'2018-03-05 04:03:11',NULL,0),(154,'playerVirtual5','playerVirtual5_16915963',0,'2018-03-05 04:03:34',NULL,0),(155,'playerVirtual5','playerVirtual5_16915963',0,'2018-03-05 04:03:34',NULL,0),(156,'playerVirtual4','playerVirtual4_ee716b8d67',4,'2018-03-05 04:03:51',NULL,0),(157,'playerVirtual8','playerVirtual8_2e88d22a73',3,'2018-03-05 04:04:01',NULL,0),(158,'playerVirtual5','playerVirtual5_afcee3e93a',4,'2018-03-05 04:04:34',NULL,0),(159,'playerVirtual7','playerVirtual7_765651',0,'2018-03-05 04:04:52',NULL,0),(160,'playerVirtual3','playerVirtual3_6274355716',0,'2018-03-05 04:05:41',NULL,0),(161,'playerVirtual3','playerVirtual3_6274355716',0,'2018-03-05 04:05:41',NULL,0),(162,'playerVirtual7','playerVirtual7_dad649bc31',3,'2018-03-05 04:05:52',NULL,0),(163,'playerVirtual6','playerVirtual6_272887063',0,'2018-03-05 04:06:41',NULL,0),(164,'playerVirtual3','playerVirtual3_5d1a3e384d',3,'2018-03-05 04:06:41',NULL,0),(165,'playerVirtual6','playerVirtual6_272887063',0,'2018-03-05 04:06:41',NULL,0),(166,'playerVirtual8','playerVirtual8_4820204870',0,'2018-03-05 04:06:42',NULL,0),(167,'playerVirtual8','playerVirtual8_4820204870',0,'2018-03-05 04:06:43',NULL,0),(168,'playerVirtual2','playerVirtual2_38676294',0,'2018-03-05 04:07:07',NULL,0),(169,'playerVirtual2','playerVirtual2_38676294',0,'2018-03-05 04:07:07',NULL,0),(170,'playerVirtual10','playerVirtual10_4df6a2920e',4,'2018-03-05 04:07:33',NULL,0),(171,'playerVirtual6','playerVirtual6_06dcaefd65',3,'2018-03-05 04:07:41',NULL,0),(172,'playerVirtual8','playerVirtual8_f5d6286434',4,'2018-03-05 04:07:43',NULL,0),(173,'playerVirtual2','playerVirtual2_ca6af81cf5',4,'2018-03-05 04:08:07',NULL,0),(174,'playerVirtual9','playerVirtual9_5623125514',0,'2018-03-05 04:08:16',NULL,0),(175,'playerVirtual9','playerVirtual9_5623125514',0,'2018-03-05 04:08:16',NULL,0),(176,'playerVirtual1412','playerVirtual1412_284757920',0,'2018-03-05 04:08:17',NULL,0),(177,'playerVirtual4','playerVirtual4_182859403',0,'2018-03-05 04:08:29',NULL,0),(178,'playerVirtual4','playerVirtual4_182859403',0,'2018-03-05 04:08:30',NULL,0),(179,'playerVirtual9','playerVirtual9_284c70954d',3,'2018-03-05 04:09:16',NULL,0),(180,'playerVirtual1412','playerVirtual1412_3b24799652',3,'2018-03-05 04:09:17',NULL,0),(181,'playerVirtual7','playerVirtual7_990694203',0,'2018-03-05 04:09:29',NULL,0),(182,'playerVirtual4','playerVirtual4_a40ab5caa4',3,'2018-03-05 04:09:30',NULL,0),(183,'playerVirtual5','playerVirtual5_990694203',0,'2018-03-05 04:09:57',NULL,0),(184,'playerVirtual5','playerVirtual5_990694203',0,'2018-03-05 04:09:57',NULL,0),(185,'playerVirtual7','playerVirtual7_742e020181',4,'2018-03-05 04:10:29',NULL,0),(186,'playerVirtual5','playerVirtual5_7cb9b87791',3,'2018-03-05 04:10:57',NULL,0),(187,'playerVirtual3','playerVirtual3_4820204870',1,'2018-03-05 04:11:51',NULL,0),(188,'playerVirtual3','playerVirtual3_75fbe88b87',4,'2018-03-05 04:11:51',NULL,0),(189,'playerVirtual3','playerVirtual3_4820204870',1,'2018-03-05 04:11:52',NULL,0),(190,'playerVirtual6','playerVirtual6_6280643141',0,'2018-03-05 04:12:23',NULL,0),(191,'playerVirtual6','playerVirtual6_6280643141',0,'2018-03-05 04:12:24',NULL,0),(192,'playerVirtual11','playerVirtual11_05ad25dcf2',4,'2018-03-05 04:12:31',NULL,0),(193,'playerVirtual9','playerVirtual9_6282149131',0,'2018-03-05 04:12:33',NULL,0),(194,'playerVirtual9','playerVirtual9_6282149131',0,'2018-03-05 04:12:34',NULL,0),(195,'playerVirtual4','playerVirtual4_182859403',1,'2018-03-05 04:12:58',NULL,0),(196,'playerVirtual4','playerVirtual4_a89b74f7e8',4,'2018-03-05 04:12:58',NULL,0),(197,'playerVirtual4','playerVirtual4_182859403',1,'2018-03-05 04:12:58',NULL,0),(198,'playerVirtual2','playerVirtual2_272887063',0,'2018-03-05 04:13:11',NULL,0),(199,'playerVirtual2','playerVirtual2_272887063',0,'2018-03-05 04:13:12',NULL,0),(200,'playerVirtual6','playerVirtual6_e9c1d23ede',4,'2018-03-05 04:13:23',NULL,0),(201,'playerVirtual9','playerVirtual9_d54bc8e10b',4,'2018-03-05 04:13:34',NULL,0),(202,'playerVirtual8','playerVirtual8_4476462938',0,'2018-03-05 04:13:55',NULL,0),(203,'playerVirtual8','playerVirtual8_4476462938',0,'2018-03-05 04:13:55',NULL,0),(204,'playerVirtual5','playerVirtual5_161bb620bc',4,'2018-03-05 04:14:01',NULL,0),(205,'playerVirtual2','playerVirtual2_d53218c99f',3,'2018-03-05 04:14:12',NULL,0),(206,'playerVirtual1879','playerVirtual1879_61e875c122',4,'2018-03-05 04:14:39',NULL,0),(207,'playerVirtual8','playerVirtual8_1e41fcfad0',3,'2018-03-05 04:14:55',NULL,0),(208,'playerVirtual10','playerVirtual10_6280638724',0,'2018-03-05 04:15:17',NULL,0),(209,'playerVirtual10','playerVirtual10_6280638724',0,'2018-03-05 04:15:17',NULL,0),(210,'playerVirtual7','playerVirtual7_729db02fcd',3,'2018-03-05 04:15:29',NULL,0),(211,'playerVirtual3','playerVirtual3_1436323714',0,'2018-03-05 04:15:56',NULL,0),(212,'playerVirtual3','playerVirtual3_1436323714',0,'2018-03-05 04:15:56',NULL,0),(213,'playerVirtual10','playerVirtual10_514883374d',3,'2018-03-05 04:16:17',NULL,0),(214,'playerVirtual3','playerVirtual3_98b1dbaf2b',3,'2018-03-05 04:16:56',NULL,0),(215,'playerVirtual12','playerVirtual12_1b310d1169',4,'2018-03-05 04:17:34',NULL,0),(216,'playerVirtual6','playerVirtual6_272887063',1,'2018-03-05 04:17:41',NULL,0),(217,'playerVirtual6','playerVirtual6_e69dcee212',3,'2018-03-05 04:17:41',NULL,0),(218,'playerVirtual6','playerVirtual6_272887063',1,'2018-03-05 04:17:41',NULL,0),(219,'playerVirtual8','playerVirtual8_6285257156',0,'2018-03-05 04:18:34',NULL,0),(220,'playerVirtual8','playerVirtual8_6285257156',0,'2018-03-05 04:18:35',NULL,0),(221,'playerVirtual2','playerVirtual2_182859403',0,'2018-03-05 04:18:50',NULL,0),(222,'playerVirtual2','playerVirtual2_182859403',0,'2018-03-05 04:18:50',NULL,0),(223,'playerVirtual4','playerVirtual4_214880781',0,'2018-03-05 04:18:55',NULL,0),(224,'playerVirtual4','playerVirtual4_214880781',0,'2018-03-05 04:18:56',NULL,0),(225,'playerVirtual10','playerVirtual10_6955737',0,'2018-03-05 04:19:04',NULL,0),(226,'playerVirtual10','playerVirtual10_6955737',0,'2018-03-05 04:19:04',NULL,0),(227,'playerVirtual8','playerVirtual8_689ddf9ecf',4,'2018-03-05 04:19:35',NULL,0),(228,'playerVirtual9','playerVirtual9_1094955',0,'2018-03-05 04:19:43',NULL,0),(229,'playerVirtual9','playerVirtual9_1094955',0,'2018-03-05 04:19:43',NULL,0),(230,'playerVirtual2','playerVirtual2_363c22e46e',4,'2018-03-05 04:19:50',NULL,0),(231,'playerVirtual4','playerVirtual4_eb5a8c705a',3,'2018-03-05 04:19:55',NULL,0),(232,'playerVirtual10','playerVirtual10_2dd336a0f3',4,'2018-03-05 04:20:04',NULL,0),(233,'playerVirtual5','playerVirtual5_16914091',0,'2018-03-05 04:20:27',NULL,0),(234,'playerVirtual5','playerVirtual5_16914091',0,'2018-03-05 04:20:27',NULL,0),(235,'playerVirtual9','playerVirtual9_a1427fb626',3,'2018-03-05 04:20:43',NULL,0),(236,'playerVirtual7','playerVirtual7_6955737',0,'2018-03-05 04:20:48',NULL,0),(237,'playerVirtual11','playerVirtual11_682797',0,'2018-03-05 04:20:53',NULL,0),(238,'playerVirtual11','playerVirtual11_682797',0,'2018-03-05 04:20:54',NULL,0),(239,'playerVirtual5','playerVirtual5_f2f4417942',3,'2018-03-05 04:21:30',NULL,0),(240,'playerVirtual7','playerVirtual7_a1c78cee64',4,'2018-03-05 04:21:48',NULL,0),(241,'playerVirtual11','playerVirtual11_133beeb32a',3,'2018-03-05 04:21:54',NULL,0),(242,'playerVirtual13','playerVirtual13_43acaaf7e1',4,'2018-03-05 04:22:36',NULL,0),(243,'playerVirtual3','playerVirtual3_1438244924',0,'2018-03-05 04:23:30',NULL,0),(244,'playerVirtual3','playerVirtual3_1438244924',0,'2018-03-05 04:23:33',NULL,0),(245,'playerVirtual6','playerVirtual6_2381571381',0,'2018-03-05 04:24:11',NULL,0),(246,'playerVirtual6','playerVirtual6_2381571381',0,'2018-03-05 04:24:11',NULL,0),(247,'playerVirtual3','playerVirtual3_d10ecbfd1b',4,'2018-03-05 04:24:30',NULL,0),(248,'playerVirtual6','playerVirtual6_945021e179',4,'2018-03-05 04:25:11',NULL,0),(249,'playerVirtual4','playerVirtual4_6289355687',0,'2018-03-05 04:25:21',NULL,0),(250,'playerVirtual4','playerVirtual4_6289355687',0,'2018-03-05 04:25:21',NULL,0),(251,'playerVirtual11','playerVirtual11_794070039',0,'2018-03-05 04:25:27',NULL,0),(252,'playerVirtual11','playerVirtual11_794070039',0,'2018-03-05 04:25:27',NULL,0),(253,'playerVirtual2','playerVirtual2_e044204626',3,'2018-03-05 04:25:31',NULL,0),(254,'playerVirtual1656','playerVirtual1656_be6f931088',4,'2018-03-05 04:25:31',NULL,0),(255,'playerVirtual9','playerVirtual9_6289704471',0,'2018-03-05 04:26:05',NULL,0),(256,'playerVirtual9','playerVirtual9_6289704471',0,'2018-03-05 04:26:05',NULL,0),(257,'playerVirtual4','playerVirtual4_b87f1e1aed',4,'2018-03-05 04:26:21',NULL,0),(258,'playerVirtual11','playerVirtual11_5132b609a6',4,'2018-03-05 04:26:27',NULL,0),(259,'playerVirtual8','playerVirtual8_2378747961',0,'2018-03-05 04:26:45',NULL,0),(260,'playerVirtual8','playerVirtual8_2378747961',0,'2018-03-05 04:26:45',NULL,0),(261,'playerVirtual7','playerVirtual7_d468525b94',3,'2018-03-05 04:26:48',NULL,0),(262,'playerVirtual5','playerVirtual5_1436344784',0,'2018-03-05 04:26:48',NULL,0),(263,'playerVirtual5','playerVirtual5_1436344784',0,'2018-03-05 04:26:49',NULL,0),(264,'playerVirtual9','playerVirtual9_47869b6149',4,'2018-03-05 04:27:05',NULL,0),(265,'playerVirtual12','playerVirtual12_3338579772',0,'2018-03-05 04:27:12',NULL,0),(266,'playerVirtual12','playerVirtual12_3338579772',0,'2018-03-05 04:27:13',NULL,0),(267,'playerVirtual14','playerVirtual14_5f6c18cf95',4,'2018-03-05 04:27:31',NULL,0),(268,'playerVirtual8','playerVirtual8_51d3a5035f',3,'2018-03-05 04:27:48',NULL,0),(269,'playerVirtual5','playerVirtual5_c1a531c022',4,'2018-03-05 04:27:49',NULL,0),(270,'playerVirtual12','playerVirtual12_167f9b2361',3,'2018-03-05 04:28:13',NULL,0),(271,'playerVirtual3','playerVirtual3_3338579772',1,'2018-03-05 04:28:35',NULL,0),(272,'playerVirtual3','playerVirtual3_e114ab20a3',3,'2018-03-05 04:28:35',NULL,0),(273,'playerVirtual3','playerVirtual3_3338579772',1,'2018-03-05 04:28:35',NULL,0),(274,'playerVirtual10','playerVirtual10_1438244924',0,'2018-03-05 04:28:48',NULL,0),(275,'playerVirtual10','playerVirtual10_1438244924',0,'2018-03-05 04:28:51',NULL,0),(276,'playerVirtual10','playerVirtual10_dcd4670aef',3,'2018-03-05 04:29:45',NULL,0),(277,'playerVirtual2','playerVirtual2_1438244924',1,'2018-03-05 04:30:28',NULL,0),(278,'playerVirtual2','playerVirtual2_bef7b4e26e',4,'2018-03-05 04:30:28',NULL,0),(279,'playerVirtual2','playerVirtual2_1438244924',1,'2018-03-05 04:30:29',NULL,0),(280,'playerVirtual15','playerVirtual15_5ef7e5867f',4,'2018-03-05 04:32:33',NULL,0),(281,'playerVirtual6','playerVirtual6_6296268057',0,'2018-03-05 04:32:35',NULL,0),(282,'playerVirtual6','playerVirtual6_6296268057',0,'2018-03-05 04:32:35',NULL,0),(283,'playerVirtual8','playerVirtual8_2378747961',1,'2018-03-05 04:32:54',NULL,0),(284,'playerVirtual8','playerVirtual8_34be027ec6',4,'2018-03-05 04:32:54',NULL,0),(285,'playerVirtual8','playerVirtual8_2378747961',1,'2018-03-05 04:32:54',NULL,0),(286,'playerVirtual6','playerVirtual6_27a3d319e2',3,'2018-03-05 04:33:35',NULL,0),(287,'playerVirtual13','playerVirtual13_990694203',0,'2018-03-05 04:34:10',NULL,0),(288,'playerVirtual13','playerVirtual13_990694203',0,'2018-03-05 04:34:11',NULL,0),(289,'playerVirtual13','playerVirtual13_b864bd7bb2',3,'2018-03-05 04:35:11',NULL,0),(290,'playerVirtual3','playerVirtual3_1438244924',1,'2018-03-05 04:35:57',NULL,0),(291,'playerVirtual3','playerVirtual3_373eceff7b',4,'2018-03-05 04:35:58',NULL,0),(292,'playerVirtual3','playerVirtual3_1438244924',1,'2018-03-05 04:35:58',NULL,0),(293,'playerVirtual4','playerVirtual4_182859403',0,'2018-03-05 04:36:08',NULL,0),(294,'playerVirtual4','playerVirtual4_3e7cf04983',3,'2018-03-05 04:36:09',NULL,0),(295,'playerVirtual4','playerVirtual4_182859403',0,'2018-03-05 04:36:11',NULL,0),(296,'playerVirtual13','playerVirtual13_990694203',1,'2018-03-05 04:36:12',NULL,0),(297,'playerVirtual13','playerVirtual13_0032964c89',4,'2018-03-05 04:36:13',NULL,0),(298,'playerVirtual13','playerVirtual13_990694203',1,'2018-03-05 04:36:13',NULL,0),(299,'playerVirtual2','playerVirtual2_f20709fdce',3,'2018-03-05 04:36:19',NULL,0),(300,'playerVirtual12','playerVirtual12_1095593',0,'2018-03-05 04:36:46',NULL,0),(301,'playerVirtual12','playerVirtual12_1095593',0,'2018-03-05 04:36:47',NULL,0),(302,'playerVirtual16','playerVirtual16_eb7aa2e1f5',4,'2018-03-05 04:37:33',NULL,0),(303,'playerVirtual12','playerVirtual12_46d48d0547',4,'2018-03-05 04:37:46',NULL,0),(304,'playerVirtual7','playerVirtual7_990694203',0,'2018-03-05 04:37:47',NULL,0),(305,'playerVirtual7','playerVirtual7_30434bf0d3',4,'2018-03-05 04:37:47',NULL,0),(306,'playerVirtual9','playerVirtual9_6301942525',0,'2018-03-05 04:38:03',NULL,0),(307,'playerVirtual9','playerVirtual9_6301942525',0,'2018-03-05 04:38:03',NULL,0),(308,'playerVirtual11','playerVirtual11_6264344062',0,'2018-03-05 04:38:42',NULL,0),(309,'playerVirtual11','playerVirtual11_6264344062',0,'2018-03-05 04:38:42',NULL,0),(310,'playerVirtual9','playerVirtual9_7c17e478be',3,'2018-03-05 04:39:03',NULL,0),(311,'playerVirtual11','playerVirtual11_ffb6ed3814',3,'2018-03-05 04:39:42',NULL,0),(312,'playerVirtual10','playerVirtual10_6274355716',0,'2018-03-05 04:39:51',NULL,0),(313,'playerVirtual10','playerVirtual10_6274355716',0,'2018-03-05 04:39:51',NULL,0),(314,'playerVirtual5','playerVirtual5_6289704471',0,'2018-03-05 04:40:33',NULL,0),(315,'playerVirtual5','playerVirtual5_6289704471',0,'2018-03-05 04:40:33',NULL,0),(316,'playerVirtual1531','playerVirtual1531_ec584551d3',4,'2018-03-05 04:40:40',NULL,0),(317,'playerVirtual3','playerVirtual3_1095593',1,'2018-03-05 04:40:44',NULL,0),(318,'playerVirtual3','playerVirtual3_1ab551fb19',3,'2018-03-05 04:40:44',NULL,0),(319,'playerVirtual3','playerVirtual3_1095593',1,'2018-03-05 04:40:44',NULL,0),(320,'playerVirtual10','playerVirtual10_12714c48d7',4,'2018-03-05 04:40:51',NULL,0),(321,'playerVirtual4','playerVirtual4_182859403',1,'2018-03-05 04:41:31',NULL,0),(322,'playerVirtual4','playerVirtual4_68abada126',4,'2018-03-05 04:41:31',NULL,0),(323,'playerVirtual4','playerVirtual4_182859403',1,'2018-03-05 04:41:31',NULL,0),(324,'playerVirtual5','playerVirtual5_14a3a4894a',3,'2018-03-05 04:41:33',NULL,0),(325,'playerVirtual2','playerVirtual2_6264344062',1,'2018-03-05 04:42:09',NULL,0),(326,'playerVirtual2','playerVirtual2_3ed92afbbc',4,'2018-03-05 04:42:09',NULL,0),(327,'playerVirtual2','playerVirtual2_6264344062',1,'2018-03-05 04:42:09',NULL,0),(328,'playerVirtual17','playerVirtual17_f5aa4242b9',4,'2018-03-05 04:42:37',NULL,0),(329,'playerVirtual7','playerVirtual7_50d2d811aa',3,'2018-03-05 04:42:47',NULL,0),(330,'playerVirtual14','playerVirtual14_5297461910',0,'2018-03-05 04:43:36',NULL,0),(331,'playerVirtual14','playerVirtual14_5297461910',0,'2018-03-05 04:43:36',NULL,0),(332,'playerVirtual14','playerVirtual14_053569bc4c',3,'2018-03-05 04:44:36',NULL,0),(333,'playerVirtual6','playerVirtual6_539194189',0,'2018-03-05 04:45:11',NULL,0),(334,'playerVirtual6','playerVirtual6_539194189',0,'2018-03-05 04:45:12',NULL,0),(335,'playerVirtual9','playerVirtual9_638d617435',4,'2018-03-05 04:45:27',NULL,0),(336,'playerVirtual6','playerVirtual6_dd2406f436',4,'2018-03-05 04:46:12',NULL,0),(337,'playerVirtual8','playerVirtual8_908315',0,'2018-03-05 04:46:42',NULL,0),(338,'playerVirtual8','playerVirtual8_908315',0,'2018-03-05 04:46:42',NULL,0),(339,'playerVirtual5','playerVirtual5_9297918a0f',4,'2018-03-05 04:46:55',NULL,0),(340,'playerVirtual18','playerVirtual18_26b7c8686c',4,'2018-03-05 04:47:31',NULL,0),(341,'playerVirtual12','playerVirtual12_1095593',1,'2018-03-05 04:47:39',NULL,0),(342,'playerVirtual12','playerVirtual12_f5f7b30ac2',3,'2018-03-05 04:47:39',NULL,0),(343,'playerVirtual12','playerVirtual12_1095593',1,'2018-03-05 04:47:41',NULL,0),(344,'playerVirtual8','playerVirtual8_787bacc779',3,'2018-03-05 04:47:44',NULL,0),(345,'playerVirtual2','playerVirtual2_1436344784',1,'2018-03-05 04:48:05',NULL,0),(346,'playerVirtual2','playerVirtual2_d1e67fa675',3,'2018-03-05 04:48:06',NULL,0),(347,'playerVirtual2','playerVirtual2_1436344784',1,'2018-03-05 04:48:06',NULL,0),(348,'playerVirtual11','playerVirtual11_4246147567',0,'2018-03-05 04:48:22',NULL,0),(349,'playerVirtual11','playerVirtual11_4246147567',0,'2018-03-05 04:48:23',NULL,0),(350,'playerVirtual11','playerVirtual11_214b184326',4,'2018-03-05 04:49:23',NULL,0),(351,'playerVirtual3','playerVirtual3_6274355716',1,'2018-03-05 04:49:51',NULL,0),(352,'playerVirtual3','playerVirtual3_bff0a2f54d',4,'2018-03-05 04:49:51',NULL,0),(353,'playerVirtual3','playerVirtual3_6274355716',1,'2018-03-05 04:49:53',NULL,0),(354,'playerVirtual14','playerVirtual14_4246147567',0,'2018-03-05 04:50:19',NULL,0),(355,'playerVirtual14','playerVirtual14_4246147567',0,'2018-03-05 04:50:20',NULL,0),(356,'playerVirtual15','playerVirtual15_182859403',0,'2018-03-05 04:50:25',NULL,0),(357,'playerVirtual14','playerVirtual14_50ca7c83d3',4,'2018-03-05 04:51:20',NULL,0),(358,'playerVirtual15','playerVirtual15_6dae9dee07',3,'2018-03-05 04:51:25',NULL,0),(359,'playerVirtual10','playerVirtual10_4246147567',0,'2018-03-05 04:52:05',NULL,0),(360,'playerVirtual10','playerVirtual10_4246147567',0,'2018-03-05 04:52:05',NULL,0),(361,'playerVirtual19','playerVirtual19_2f57ab26ed',4,'2018-03-05 04:52:39',NULL,0),(362,'playerVirtual10','playerVirtual10_9ff423ed1e',3,'2018-03-05 04:53:05',NULL,0),(363,'playerVirtual7','playerVirtual7_412470cdf1',4,'2018-03-05 04:55:23',NULL,0),(364,'playerVirtual13','playerVirtual13_4246147567',0,'2018-03-05 04:55:42',NULL,0),(365,'playerVirtual13','playerVirtual13_4246147567',0,'2018-03-05 04:55:42',NULL,0),(366,'playerVirtual15','playerVirtual15_4246147567',0,'2018-03-05 04:56:12',NULL,0),(367,'playerVirtual15','playerVirtual15_4246147567',0,'2018-03-05 04:56:12',NULL,0),(368,'playerVirtual8','playerVirtual8_990694203',0,'2018-03-05 04:56:17',NULL,0),(369,'playerVirtual8','playerVirtual8_990694203',0,'2018-03-05 04:56:17',NULL,0),(370,'playerVirtual6','playerVirtual6_6316827871',0,'2018-03-05 04:56:31',NULL,0),(371,'playerVirtual6','playerVirtual6_6316827871',0,'2018-03-05 04:56:31',NULL,0),(372,'playerVirtual13','playerVirtual13_544c84d96a',3,'2018-03-05 04:56:42',NULL,0),(373,'playerVirtual15','playerVirtual15_a33c2e1913',4,'2018-03-05 04:57:16',NULL,0),(374,'playerVirtual8','playerVirtual8_931f735cd6',4,'2018-03-05 04:57:17',NULL,0),(375,'playerVirtual2','playerVirtual2_182859403',1,'2018-03-05 04:57:18',NULL,0),(376,'playerVirtual2','playerVirtual2_601b97e187',4,'2018-03-05 04:57:18',NULL,0),(377,'playerVirtual2','playerVirtual2_182859403',1,'2018-03-05 04:57:18',NULL,0),(378,'playerVirtual16','playerVirtual16_6289704471',0,'2018-03-05 04:57:23',NULL,0),(379,'playerVirtual6','playerVirtual6_e6dadb35c8',3,'2018-03-05 04:57:31',NULL,0),(380,'playerVirtual4','playerVirtual4_6315250734',0,'2018-03-05 04:57:33',NULL,0),(381,'playerVirtual4','playerVirtual4_6315250734',0,'2018-03-05 04:57:33',NULL,0),(382,'playerVirtual13','playerVirtual13_4246147567',1,'2018-03-05 04:57:43',NULL,0),(383,'playerVirtual13','playerVirtual13_55e2d857b7',4,'2018-03-05 04:57:44',NULL,0),(384,'playerVirtual13','playerVirtual13_4246147567',1,'2018-03-05 04:57:44',NULL,0),(385,'playerVirtual16','playerVirtual16_d229091af4',3,'2018-03-05 04:58:23',NULL,0),(386,'playerVirtual4','playerVirtual4_4fc0424ecd',3,'2018-03-05 04:58:33',NULL,0),(387,'playerVirtual12','playerVirtual12_4246147567',0,'2018-03-05 04:59:47',NULL,0),(388,'playerVirtual12','playerVirtual12_4246147567',0,'2018-03-05 04:59:47',NULL,0),(389,'playerVirtual5','playerVirtual5_6289704471',1,'2018-03-05 05:00:42',NULL,0),(390,'playerVirtual5','playerVirtual5_8f769770d1',3,'2018-03-05 05:00:43',NULL,0),(391,'playerVirtual5','playerVirtual5_6289704471',1,'2018-03-05 05:00:43',NULL,0),(392,'playerVirtual12','playerVirtual12_a7fef85030',4,'2018-03-05 05:00:47',NULL,0),(393,'playerVirtual9','playerVirtual9_2378747961',0,'2018-03-05 05:00:59',NULL,0),(394,'playerVirtual9','playerVirtual9_2378747961',0,'2018-03-05 05:00:59',NULL,0),(395,'playerVirtual11','playerVirtual11_4246147567',1,'2018-03-05 05:01:37',NULL,0),(396,'playerVirtual11','playerVirtual11_de133efbfe',3,'2018-03-05 05:01:37',NULL,0),(397,'playerVirtual11','playerVirtual11_4246147567',1,'2018-03-05 05:01:37',NULL,0),(398,'playerVirtual9','playerVirtual9_00e7fa003f',3,'2018-03-05 05:01:59',NULL,0),(399,'playerVirtual16','playerVirtual16_6322213339',0,'2018-03-05 05:02:03',NULL,0),(400,'playerVirtual16','playerVirtual16_6322213339',0,'2018-03-05 05:02:03',NULL,0),(401,'playerVirtual1703','playerVirtual1703_778597f3e6',4,'2018-03-05 05:02:53',NULL,0),(402,'playerVirtual16','playerVirtual16_6c5c9f3664',4,'2018-03-05 05:03:03',NULL,0),(403,'playerVirtual3','playerVirtual3_4246147567',0,'2018-03-05 05:03:09',NULL,0),(404,'playerVirtual3','playerVirtual3_4246147567',0,'2018-03-05 05:03:10',NULL,0),(405,'playerVirtual10','playerVirtual10_4246147567',1,'2018-03-05 05:03:11',NULL,0),(406,'playerVirtual10','playerVirtual10_dc1b288658',4,'2018-03-05 05:03:11',NULL,0),(407,'playerVirtual17','playerVirtual17_4246147567',0,'2018-03-05 05:03:11',NULL,0),(408,'playerVirtual10','playerVirtual10_4246147567',1,'2018-03-05 05:03:11',NULL,0),(409,'playerVirtual3','playerVirtual3_49676a6fb7',3,'2018-03-05 05:04:09',NULL,0),(410,'playerVirtual17','playerVirtual17_ac766ecd69',3,'2018-03-05 05:04:11',NULL,0),(411,'playerVirtual17','playerVirtual17_db4ec0b348',4,'2018-03-05 05:05:12',NULL,0),(412,'playerVirtual4','playerVirtual4_359920779',1,'2018-03-05 05:05:31',NULL,0),(413,'playerVirtual4','playerVirtual4_2dd4d3373b',4,'2018-03-05 05:05:31',NULL,0),(414,'playerVirtual4','playerVirtual4_359920779',1,'2018-03-05 05:05:31',NULL,0),(415,'playerVirtual7','playerVirtual7_4246147567',0,'2018-03-05 05:05:54',NULL,0),(416,'playerVirtual2','playerVirtual2_539194189',1,'2018-03-05 05:06:47',NULL,0),(417,'playerVirtual2','playerVirtual2_a7f3df5409',3,'2018-03-05 05:06:47',NULL,0),(418,'playerVirtual2','playerVirtual2_539194189',1,'2018-03-05 05:06:47',NULL,0),(419,'playerVirtual7','playerVirtual7_7b79aa7ef5',3,'2018-03-05 05:06:55',NULL,0),(420,'playerVirtual14','playerVirtual14_4246147567',1,'2018-03-05 05:07:24',NULL,0),(421,'playerVirtual14','playerVirtual14_61bc02697a',3,'2018-03-05 05:07:24',NULL,0),(422,'playerVirtual14','playerVirtual14_4246147567',1,'2018-03-05 05:07:24',NULL,0),(423,'playerVirtual18','playerVirtual18_5068098508',0,'2018-03-05 05:08:31',NULL,0),(424,'playerVirtual18','playerVirtual18_c6da495f25',3,'2018-03-05 05:09:31',NULL,0),(425,'playerVirtual9','playerVirtual9_4246147567',0,'2018-03-05 05:10:15',NULL,0),(426,'playerVirtual9','playerVirtual9_4246147567',0,'2018-03-05 05:10:15',NULL,0),(427,'playerVirtual5','playerVirtual5_4246147567',0,'2018-03-05 05:10:29',NULL,0),(428,'playerVirtual5','playerVirtual5_4246147567',0,'2018-03-05 05:10:30',NULL,0),(429,'playerVirtual6','playerVirtual6_4246147567',0,'2018-03-05 05:10:31',NULL,0),(430,'playerVirtual6','playerVirtual6_4246147567',0,'2018-03-05 05:10:31',NULL,0),(431,'playerVirtual12','playerVirtual12_4246147567',1,'2018-03-05 05:10:40',NULL,0),(432,'playerVirtual12','playerVirtual12_4666f3652f',3,'2018-03-05 05:10:40',NULL,0),(433,'playerVirtual12','playerVirtual12_4246147567',1,'2018-03-05 05:10:40',NULL,0),(434,'playerVirtual8','playerVirtual8_990694203',1,'2018-03-05 05:11:04',NULL,0),(435,'playerVirtual8','playerVirtual8_c18ad5731a',3,'2018-03-05 05:11:05',NULL,0),(436,'playerVirtual8','playerVirtual8_990694203',1,'2018-03-05 05:11:05',NULL,0),(437,'playerVirtual9','playerVirtual9_a8b436572c',4,'2018-03-05 05:11:15',NULL,0),(438,'playerVirtual5','playerVirtual5_b3f3afa24c',4,'2018-03-05 05:11:29',NULL,0),(439,'playerVirtual6','playerVirtual6_ced4b8be74',4,'2018-03-05 05:11:31',NULL,0),(440,'playerVirtual11','playerVirtual11_359920779',0,'2018-03-05 05:13:06',NULL,0),(441,'playerVirtual11','playerVirtual11_359920779',0,'2018-03-05 05:13:06',NULL,0),(442,'playerVirtual18','playerVirtual18_a7975c70d9',4,'2018-03-05 05:13:14',NULL,0),(443,'playerVirtual3','playerVirtual3_dc6ebc56ff',4,'2018-03-05 05:13:14',NULL,0),(444,'playerVirtual11','playerVirtual11_26592ee37d',4,'2018-03-05 05:14:07',NULL,0),(445,'playerVirtual19','playerVirtual19_4246147567',0,'2018-03-05 05:14:31',NULL,0),(446,'playerVirtual15','playerVirtual15_4246147567',1,'2018-03-05 05:15:03',NULL,0),(447,'playerVirtual15','playerVirtual15_38bab03b73',3,'2018-03-05 05:15:04',NULL,0),(448,'playerVirtual15','playerVirtual15_4246147567',1,'2018-03-05 05:15:04',NULL,0),(449,'playerVirtual19','playerVirtual19_f4f37fca1f',3,'2018-03-05 05:15:31',NULL,0),(450,'playerVirtual19','playerVirtual19_2a8aaf0b3d',4,'2018-03-05 05:16:33',NULL,0),(451,'playerVirtual14','playerVirtual14_4246147567',0,'2018-03-05 05:16:50',NULL,0),(452,'playerVirtual14','playerVirtual14_0b27ba7ce4',4,'2018-03-05 05:16:50',NULL,0),(453,'playerVirtual14','playerVirtual14_4246147567',0,'2018-03-05 05:16:51',NULL,0),(454,'playerVirtual10','playerVirtual10_4246147567',0,'2018-03-05 05:17:33',NULL,0),(455,'playerVirtual10','playerVirtual10_3e469d9de2',3,'2018-03-05 05:17:33',NULL,0),(456,'playerVirtual10','playerVirtual10_4246147567',0,'2018-03-05 05:17:34',NULL,0),(457,'playerVirtual7','playerVirtual7_5abb8dd3c6',4,'2018-03-05 05:19:30',NULL,0),(458,'playerVirtual13','playerVirtual13_1095593',0,'2018-03-05 05:20:09',NULL,0),(459,'playerVirtual13','playerVirtual13_1095593',0,'2018-03-05 05:20:10',NULL,0),(460,'playerVirtual13','playerVirtual13_9e18168981',3,'2018-03-05 05:21:09',NULL,0),(461,'playerVirtual6','playerVirtual6_4246147567',1,'2018-03-05 05:21:50',NULL,0),(462,'playerVirtual6','playerVirtual6_a741a0c187',3,'2018-03-05 05:21:50',NULL,0),(463,'playerVirtual6','playerVirtual6_4246147567',1,'2018-03-05 05:21:50',NULL,0),(464,'playerVirtual2','playerVirtual2_4246147567',0,'2018-03-05 05:22:24',NULL,0),(465,'playerVirtual2','playerVirtual2_4246147567',0,'2018-03-05 05:22:24',NULL,0),(466,'playerVirtual8','playerVirtual8_4246147567',0,'2018-03-05 05:23:01',NULL,0),(467,'playerVirtual8','playerVirtual8_4246147567',0,'2018-03-05 05:23:02',NULL,0),(468,'playerVirtual2','playerVirtual2_3b9fe1d630',4,'2018-03-05 05:23:24',NULL,0),(469,'playerVirtual4','playerVirtual4_4246147567',0,'2018-03-05 05:23:25',NULL,0),(470,'playerVirtual4','playerVirtual4_4246147567',0,'2018-03-05 05:23:25',NULL,0),(471,'playerVirtual16','playerVirtual16_4246147567',0,'2018-03-05 05:23:40',NULL,0),(472,'playerVirtual16','playerVirtual16_4246147567',0,'2018-03-05 05:23:41',NULL,0),(473,'playerVirtual15','playerVirtual15_4246147567',0,'2018-03-05 05:23:51',NULL,0),(474,'playerVirtual15','playerVirtual15_fc9ff6b2c7',4,'2018-03-05 05:23:52',NULL,0),(475,'playerVirtual15','playerVirtual15_4246147567',0,'2018-03-05 05:23:52',NULL,0),(476,'playerVirtual8','playerVirtual8_e3cce428e8',4,'2018-03-05 05:24:02',NULL,0),(477,'playerVirtual4','playerVirtual4_5ff024b4dd',3,'2018-03-05 05:24:25',NULL,0),(478,'playerVirtual16','playerVirtual16_1cf6eee342',3,'2018-03-05 05:24:40',NULL,0),(479,'playerVirtual5','playerVirtual5_4246147567',1,'2018-03-05 05:25:17',NULL,0),(480,'playerVirtual5','playerVirtual5_8e2034af43',3,'2018-03-05 05:25:17',NULL,0),(481,'playerVirtual5','playerVirtual5_4246147567',1,'2018-03-05 05:25:17',NULL,0),(482,'playerVirtual13','playerVirtual13_4246147567',0,'2018-03-05 05:26:03',NULL,0),(483,'playerVirtual13','playerVirtual13_677637dde3',4,'2018-03-05 05:26:03',NULL,0),(484,'playerVirtual13','playerVirtual13_4246147567',0,'2018-03-05 05:26:03',NULL,0),(485,'playerVirtual12','playerVirtual12_6335261139',0,'2018-03-05 05:26:30',NULL,0),(486,'playerVirtual12','playerVirtual12_6335261139',0,'2018-03-05 05:26:31',NULL,0),(487,'playerVirtual9','playerVirtual9_4246147567',1,'2018-03-05 05:26:50',NULL,0),(488,'playerVirtual9','playerVirtual9_dd423b09d5',3,'2018-03-05 05:26:50',NULL,0),(489,'playerVirtual9','playerVirtual9_4246147567',1,'2018-03-05 05:26:53',NULL,0),(490,'playerVirtual12','playerVirtual12_8880d2699a',4,'2018-03-05 05:27:31',NULL,0),(491,'playerVirtual10','playerVirtual10_4246147567',1,'2018-03-05 05:27:39',NULL,0),(492,'playerVirtual10','playerVirtual10_e71e3b0ca6',4,'2018-03-05 05:27:39',NULL,0),(493,'playerVirtual10','playerVirtual10_4246147567',1,'2018-03-05 05:27:39',NULL,0),(494,'playerVirtual1899','playerVirtual1899_fd791f6821',4,'2018-03-05 05:27:59',NULL,0),(495,'playerVirtual16','playerVirtual16_4246147567',1,'2018-03-05 05:28:17',NULL,0),(496,'playerVirtual16','playerVirtual16_6fba5cb160',4,'2018-03-05 05:28:17',NULL,0),(497,'playerVirtual16','playerVirtual16_4246147567',1,'2018-03-05 05:28:17',NULL,0),(498,'playerVirtual17','playerVirtual17_4246147567',0,'2018-03-05 05:28:54',NULL,0),(499,'playerVirtual17','playerVirtual17_a1ff48e3bc',3,'2018-03-05 05:28:55',NULL,0),(500,'playerVirtual11','playerVirtual11_4246147567',0,'2018-03-05 05:29:02',NULL,0),(501,'playerVirtual11','playerVirtual11_7dea5e8fbc',3,'2018-03-05 05:29:02',NULL,0),(502,'playerVirtual11','playerVirtual11_4246147567',0,'2018-03-05 05:29:03',NULL,0),(503,'playerVirtual17','playerVirtual17_965bc3d90a',4,'2018-03-05 05:29:53',NULL,0),(504,'playerVirtual3','playerVirtual3_4246147567',0,'2018-03-05 05:30:20',NULL,0),(505,'playerVirtual3','playerVirtual3_7c24e32c25',3,'2018-03-05 05:30:20',NULL,0),(506,'playerVirtual3','playerVirtual3_4246147567',0,'2018-03-05 05:30:21',NULL,0),(507,'playerVirtual4','playerVirtual4_4246147567',1,'2018-03-05 05:31:23',NULL,0),(508,'playerVirtual4','playerVirtual4_00b5f7f527',4,'2018-03-05 05:31:23',NULL,0),(509,'playerVirtual4','playerVirtual4_4246147567',1,'2018-03-05 05:31:23',NULL,0),(510,'playerVirtual2','playerVirtual2_4246147567',1,'2018-03-05 05:32:52',NULL,0),(511,'playerVirtual2','playerVirtual2_b9e5e668d5',3,'2018-03-05 05:32:52',NULL,0),(512,'playerVirtual2','playerVirtual2_4246147567',1,'2018-03-05 05:32:53',NULL,0),(513,'playerVirtual14','playerVirtual14_4246147567',1,'2018-03-05 05:32:55',NULL,0),(514,'playerVirtual14','playerVirtual14_4b9cbcaa9e',3,'2018-03-05 05:32:55',NULL,0),(515,'playerVirtual14','playerVirtual14_4246147567',1,'2018-03-05 05:32:55',NULL,0),(516,'playerVirtual7','playerVirtual7_4246147567',0,'2018-03-05 05:34:00',NULL,0),(517,'playerVirtual7','playerVirtual7_28820ed46c',3,'2018-03-05 05:34:01',NULL,0),(518,'playerVirtual18','playerVirtual18_4246147567',0,'2018-03-05 05:35:29',NULL,0),(519,'playerVirtual18','playerVirtual18_4246147567',0,'2018-03-05 05:35:29',NULL,0),(520,'playerVirtual5','playerVirtual5_1436344784',1,'2018-03-05 05:36:13',NULL,0),(521,'playerVirtual5','playerVirtual5_86043cd3d1',4,'2018-03-05 05:36:13',NULL,0),(522,'playerVirtual5','playerVirtual5_1436344784',1,'2018-03-05 05:36:14',NULL,0),(523,'playerVirtual18','playerVirtual18_8bf8344494',3,'2018-03-05 05:36:29',NULL,0),(524,'playerVirtual8','playerVirtual8_4246147567',1,'2018-03-05 05:37:49',NULL,0),(525,'playerVirtual8','playerVirtual8_121b70deac',3,'2018-03-05 05:37:49',NULL,0),(526,'playerVirtual8','playerVirtual8_4246147567',1,'2018-03-05 05:37:49',NULL,0),(527,'playerVirtual9','playerVirtual9_4246147567',0,'2018-03-05 05:39:02',NULL,0),(528,'playerVirtual9','playerVirtual9_7c3a31c751',4,'2018-03-05 05:39:02',NULL,0),(529,'playerVirtual9','playerVirtual9_4246147567',0,'2018-03-05 05:39:02',NULL,0),(530,'playerVirtual6','playerVirtual6_6344084916',0,'2018-03-05 05:39:07',NULL,0),(531,'playerVirtual6','playerVirtual6_6344084916',0,'2018-03-05 05:39:07',NULL,0),(532,'playerVirtual3','playerVirtual3_555bb56ca4',4,'2018-03-05 05:39:25',NULL,0),(533,'playerVirtual12','playerVirtual12_990694203',0,'2018-03-05 05:39:29',NULL,0),(534,'playerVirtual12','playerVirtual12_990694203',0,'2018-03-05 05:39:34',NULL,0),(535,'playerVirtual6','playerVirtual6_f536c0a36b',4,'2018-03-05 05:40:07',NULL,0),(536,'playerVirtual18','playerVirtual18_4246147567',1,'2018-03-05 05:40:12',NULL,0),(537,'playerVirtual18','playerVirtual18_dfcf356734',4,'2018-03-05 05:40:12',NULL,0),(538,'playerVirtual18','playerVirtual18_4246147567',1,'2018-03-05 05:40:12',NULL,0),(539,'playerVirtual12','playerVirtual12_c9be12cc34',3,'2018-03-05 05:40:27',NULL,0),(540,'playerVirtual11','playerVirtual11_2b23b79207',4,'2018-03-05 05:40:31',NULL,0),(541,'playerVirtual15','playerVirtual15_4246147567',1,'2018-03-05 05:41:43',NULL,0),(542,'playerVirtual15','playerVirtual15_c1be8f4b17',3,'2018-03-05 05:41:43',NULL,0),(543,'playerVirtual15','playerVirtual15_4246147567',1,'2018-03-05 05:41:43',NULL,0),(544,'playerVirtual19','playerVirtual19_4246147567',0,'2018-03-05 05:42:25',NULL,0),(545,'playerVirtual19','playerVirtual19_8421225f7d',3,'2018-03-05 05:42:25',NULL,0),(546,'playerVirtual19','playerVirtual19_4246147567',0,'2018-03-05 05:42:25',NULL,0),(547,'playerVirtual19','playerVirtual19_4a17aff485',4,'2018-03-05 05:43:26',NULL,0),(548,'playerVirtual10','playerVirtual10_4246147567',0,'2018-03-05 05:45:34',NULL,0),(549,'playerVirtual10','playerVirtual10_95720c5e95',3,'2018-03-05 05:45:34',NULL,0),(550,'playerVirtual10','playerVirtual10_4246147567',0,'2018-03-05 05:45:35',NULL,0),(551,'playerVirtual14','playerVirtual14_6566788',0,'2018-03-05 05:45:55',NULL,0),(552,'playerVirtual14','playerVirtual14_6566788',0,'2018-03-05 05:45:56',NULL,0),(553,'playerVirtual7','playerVirtual7_b5af9d3b7b',4,'2018-03-05 05:46:36',NULL,0),(554,'playerVirtual14','playerVirtual14_1f51c9eabf',4,'2018-03-05 05:46:58',NULL,0),(555,'playerVirtual13','playerVirtual13_4246147567',1,'2018-03-05 05:48:28',NULL,0),(556,'playerVirtual13','playerVirtual13_fe0dc86d37',3,'2018-03-05 05:48:29',NULL,0),(557,'playerVirtual13','playerVirtual13_4246147567',1,'2018-03-05 05:48:29',NULL,0),(558,'playerVirtual2','playerVirtual2_272887063',1,'2018-03-05 05:51:44',NULL,0),(559,'playerVirtual2','playerVirtual2_af625db273',4,'2018-03-05 05:51:44',NULL,0),(560,'playerVirtual2','playerVirtual2_272887063',1,'2018-03-05 05:51:44',NULL,0),(561,'playerVirtual6','playerVirtual6_4246147567',0,'2018-03-05 05:52:26',NULL,0),(562,'playerVirtual6','playerVirtual6_522258e3ea',3,'2018-03-05 05:52:26',NULL,0),(563,'playerVirtual6','playerVirtual6_4246147567',0,'2018-03-05 05:52:26',NULL,0),(564,'playerVirtual16','playerVirtual16_272887063',0,'2018-03-05 05:52:58',NULL,0),(565,'playerVirtual16','playerVirtual16_272887063',0,'2018-03-05 05:52:59',NULL,0),(566,'playerVirtual8','playerVirtual8_82730999',0,'2018-03-05 05:53:20',NULL,0),(567,'playerVirtual4','playerVirtual4_4246147567',0,'2018-03-05 05:53:21',NULL,0),(568,'playerVirtual4','playerVirtual4_0e632fe8ca',3,'2018-03-05 05:53:21',NULL,0),(569,'playerVirtual8','playerVirtual8_82730999',0,'2018-03-05 05:53:22',NULL,0),(570,'playerVirtual4','playerVirtual4_4246147567',0,'2018-03-05 05:53:22',NULL,0),(571,'playerVirtual15','playerVirtual15_16917741',0,'2018-03-05 05:53:41',NULL,0),(572,'playerVirtual15','playerVirtual15_16917741',0,'2018-03-05 05:53:42',NULL,0),(573,'playerVirtual16','playerVirtual16_05770d466c',3,'2018-03-05 05:53:59',NULL,0),(574,'playerVirtual8','playerVirtual8_861ffc035b',4,'2018-03-05 05:54:19',NULL,0),(575,'playerVirtual5','playerVirtual5_4246147567',0,'2018-03-05 05:54:24',NULL,0),(576,'playerVirtual5','playerVirtual5_17f1db7ca5',3,'2018-03-05 05:54:25',NULL,0),(577,'playerVirtual5','playerVirtual5_4246147567',0,'2018-03-05 05:54:26',NULL,0),(578,'playerVirtual9','playerVirtual9_4246147567',1,'2018-03-05 05:54:34',NULL,0),(579,'playerVirtual9','playerVirtual9_b63190bc51',3,'2018-03-05 05:54:35',NULL,0),(580,'playerVirtual9','playerVirtual9_4246147567',1,'2018-03-05 05:54:35',NULL,0),(581,'playerVirtual15','playerVirtual15_e41376b585',4,'2018-03-05 05:54:42',NULL,0),(582,'playerVirtual10','playerVirtual10_4246147567',1,'2018-03-05 05:55:39',NULL,0),(583,'playerVirtual10','playerVirtual10_4b507ef384',4,'2018-03-05 05:55:40',NULL,0),(584,'playerVirtual10','playerVirtual10_4246147567',1,'2018-03-05 05:55:40',NULL,0),(585,'playerVirtual13','playerVirtual13_3338579772',0,'2018-03-05 05:55:56',NULL,0),(586,'playerVirtual13','playerVirtual13_3338579772',0,'2018-03-05 05:55:57',NULL,0),(587,'playerVirtual12','playerVirtual12_990694203',1,'2018-03-05 05:56:18',NULL,0),(588,'playerVirtual12','playerVirtual12_3d131549a7',4,'2018-03-05 05:56:19',NULL,0),(589,'playerVirtual12','playerVirtual12_990694203',1,'2018-03-05 05:56:19',NULL,0);
/*!40000 ALTER TABLE `REQUEST` ENABLE KEYS */;
UNLOCK TABLES;

--
-- Table structure for table `STATUS`
--

DROP TABLE IF EXISTS `STATUS`;
/*!40101 SET @saved_cs_client     = @@character_set_client */;
/*!40101 SET character_set_client = utf8 */;
CREATE TABLE `STATUS` (
  `id` int(11) NOT NULL AUTO_INCREMENT,
  `players` int(11) DEFAULT '0',
  `all_requests` int(11) DEFAULT '0',
  `accepts` int(11) DEFAULT '0',
  `rejects` int(11) DEFAULT '0',
  `fairness` float DEFAULT '0',
  `timestamp` timestamp NULL DEFAULT NULL,
  PRIMARY KEY (`id`)
) ENGINE=InnoDB AUTO_INCREMENT=32 DEFAULT CHARSET=utf8;
/*!40101 SET character_set_client = @saved_cs_client */;

--
-- Dumping data for table `STATUS`
--

LOCK TABLES `STATUS` WRITE;
/*!40000 ALTER TABLE `STATUS` DISABLE KEYS */;
INSERT INTO `STATUS` VALUES (1,0,0,0,0,0,'2018-03-05 03:26:22'),(2,2,4,3,1,0.75,'2018-03-05 03:31:23'),(3,3,10,8,2,0.8,'2018-03-05 03:36:23'),(4,5,15,10,5,0.666667,'2018-03-05 03:41:23'),(5,6,19,13,6,0.684211,'2018-03-05 03:46:23'),(6,8,24,17,7,0.708333,'2018-03-05 03:51:23'),(7,9,32,23,9,0.71875,'2018-03-05 03:56:23'),(8,10,37,28,9,0.756757,'2018-03-05 04:01:23'),(9,12,43,33,10,0.767442,'2018-03-05 04:06:24'),(10,13,49,37,12,0.755102,'2018-03-05 04:11:24'),(11,15,55,41,14,0.745455,'2018-03-05 04:16:24'),(12,16,62,47,15,0.758065,'2018-03-05 04:21:24'),(13,18,67,51,16,0.761194,'2018-03-05 04:26:24'),(14,19,71,55,16,0.774648,'2018-03-05 04:31:24'),(15,20,74,57,17,0.77027,'2018-03-05 04:36:24'),(16,22,79,62,17,0.78481,'2018-03-05 04:41:24'),(17,23,81,63,18,0.777778,'2018-03-05 04:46:24'),(18,24,84,66,18,0.785714,'2018-03-05 04:51:24'),(19,25,88,70,18,0.795455,'2018-03-05 04:56:25'),(20,25,92,73,19,0.793478,'2018-03-05 05:01:25'),(21,26,94,74,20,0.787234,'2018-03-05 05:06:25'),(22,26,97,77,20,0.793814,'2018-03-05 05:11:25'),(23,26,98,78,20,0.795918,'2018-03-05 05:16:25'),(24,26,101,81,20,0.80198,'2018-03-05 05:21:25'),(25,26,107,87,20,0.813084,'2018-03-05 05:26:25'),(26,27,110,88,22,0.8,'2018-03-05 05:31:26'),(27,27,111,89,22,0.801802,'2018-03-05 05:36:26'),(28,27,114,91,23,0.798246,'2018-03-05 05:41:26'),(29,27,117,94,23,0.803419,'2018-03-05 05:46:26'),(30,27,117,95,22,0.811966,'2018-03-05 05:51:26'),(31,28,124,102,22,0.822581,'2018-03-05 05:56:26');
/*!40000 ALTER TABLE `STATUS` ENABLE KEYS */;
UNLOCK TABLES;

--
-- Table structure for table `THRESHOLD`
--

DROP TABLE IF EXISTS `THRESHOLD`;
/*!40101 SET @saved_cs_client     = @@character_set_client */;
/*!40101 SET character_set_client = utf8 */;
CREATE TABLE `THRESHOLD` (
  `division` int(11) NOT NULL,
  `botton` float DEFAULT '0',
  `top` float DEFAULT '0',
  PRIMARY KEY (`division`)
) ENGINE=InnoDB DEFAULT CHARSET=utf8;
/*!40101 SET character_set_client = @saved_cs_client */;

--
-- Dumping data for table `THRESHOLD`
--

LOCK TABLES `THRESHOLD` WRITE;
/*!40000 ALTER TABLE `THRESHOLD` DISABLE KEYS */;
INSERT INTO `THRESHOLD` VALUES (1,8.76,20),(2,4.38,8.76),(3,0,4.38);
/*!40000 ALTER TABLE `THRESHOLD` ENABLE KEYS */;
UNLOCK TABLES;

--
-- Table structure for table `VM`
--

DROP TABLE IF EXISTS `VM`;
/*!40101 SET @saved_cs_client     = @@character_set_client */;
/*!40101 SET character_set_client = utf8 */;
CREATE TABLE `VM` (
  `id` int(11) NOT NULL AUTO_INCREMENT,
  `origin_add` varchar(45) NOT NULL,
  `origin_id` varchar(45) NOT NULL,
  `origin_name` varchar(45) NOT NULL,
  `destiny_add` varchar(45) NOT NULL,
  `destiny_name` varchar(45) NOT NULL,
  `destiny_id` varchar(45) NOT NULL,
  `status` tinyint(1) NOT NULL,
  `has_resources` tinyint(1) NOT NULL,
  `vcpus` int(11) NOT NULL,
  `mem` bigint(20) NOT NULL,
  `disk` bigint(20) NOT NULL,
  `timestamp_received` timestamp NULL DEFAULT NULL,
  `timestamp_finished` timestamp NULL DEFAULT NULL,
  PRIMARY KEY (`id`)
) ENGINE=InnoDB AUTO_INCREMENT=125 DEFAULT CHARSET=utf8;
/*!40101 SET character_set_client = @saved_cs_client */;

--
-- Dumping data for table `VM`
--

LOCK TABLES `VM` WRITE;
/*!40000 ALTER TABLE `VM` DISABLE KEYS */;
INSERT INTO `VM` VALUES (1,'192.168.0.200','playerVirtual1_450512000','playerVirtual1','192.168.0.200','playerVirtual2','playerVirtual2_d8dbca7d42',1,1,1,2048,20,'2018-03-05 03:28:34',NULL),(2,'192.168.0.200','playerVirtual2_1438244924','playerVirtual2','192.168.0.200','playerVirtual1','playerVirtual1_edb0f83b7f',3,1,1,2048,20,'2018-03-05 03:28:36','2018-03-05 04:30:29'),(3,'192.168.0.200','playerVirtual1_640692267','playerVirtual1','192.168.0.200','playerVirtual2','playerVirtual2_1b4f567045',1,1,1,512,1,'2018-03-05 03:30:39',NULL),(4,'192.168.0.200','playerVirtual2_2381571381','playerVirtual2','192.168.0.200','playerVirtual1','playerVirtual2_2381571381',0,0,1,2048,20,'2018-03-05 03:30:40','2018-03-05 03:30:40'),(5,'192.168.0.200','playerVirtual1_5297461910','playerVirtual1','192.168.0.200','playerVirtual3','playerVirtual3_1b1b9a3310',1,1,1,512,1,'2018-03-05 03:32:43',NULL),(6,'192.168.0.200','playerVirtual2_2790332778','playerVirtual2','192.168.0.200','playerVirtual3','playerVirtual3_4f732a7ea1',1,1,2,4096,40,'2018-03-05 03:32:48',NULL),(7,'192.168.0.200','playerVirtual3_369721705','playerVirtual3','192.168.0.200','playerVirtual2','playerVirtual2_2c2d010a22',1,1,2,4096,40,'2018-03-05 03:33:47',NULL),(8,'192.168.0.200','playerVirtual1_317469422','playerVirtual1','192.168.0.200','playerVirtual2','playerVirtual2_cc64fc9a79',1,1,2,4096,40,'2018-03-05 03:34:52',NULL),(9,'192.168.0.200','playerVirtual2_6955737','playerVirtual2','192.168.0.200','playerVirtual1','playerVirtual2_6955737',0,0,1,2048,20,'2018-03-05 03:34:53','2018-03-05 03:34:53'),(10,'192.168.0.200','playerVirtual3_257338104','playerVirtual3','192.168.0.200','playerVirtual2','playerVirtual2_9cd45cb538',1,1,2,4096,40,'2018-03-05 03:35:49',NULL),(11,'192.168.0.200','playerVirtual2_2433236783','playerVirtual2','192.168.0.200','playerVirtual3','playerVirtual2_2433236783',0,0,1,2048,20,'2018-03-05 03:37:02','2018-03-05 03:37:02'),(12,'192.168.0.200','playerVirtual3_3338579772','playerVirtual3','192.168.0.200','playerVirtual4','playerVirtual4_bd9168cc46',3,1,1,2048,20,'2018-03-05 03:38:02','2018-03-05 04:28:35'),(13,'192.168.0.200','playerVirtual2_2359368952','playerVirtual2','192.168.0.200','playerVirtual0','playerVirtual2_2359368952',0,1,1,512,1,'2018-03-05 03:39:18','2018-03-05 03:39:18'),(14,'192.168.0.200','playerVirtual3_16917741','playerVirtual3','192.168.0.200','playerVirtual4','playerVirtual4_b90bb00228',1,1,1,512,1,'2018-03-05 03:40:17',NULL),(15,'192.168.0.200','playerVirtual4_2545640208','playerVirtual4','192.168.0.200','playerVirtual0','playerVirtual4_2545640208',0,1,1,2048,20,'2018-03-05 03:41:11','2018-03-05 03:41:11'),(16,'192.168.0.200','playerVirtual2_539194189','playerVirtual2','192.168.0.200','playerVirtual4','playerVirtual4_0024b780a6',3,1,1,2048,20,'2018-03-05 03:41:48','2018-03-05 05:06:47'),(17,'192.168.0.200','playerVirtual3_4820204870','playerVirtual3','192.168.0.200','playerVirtual5','playerVirtual5_f32c536e8b',3,1,2,4096,40,'2018-03-05 03:43:29','2018-03-05 04:11:52'),(18,'192.168.0.200','playerVirtual4_8058564','playerVirtual4','192.168.0.200','playerVirtual0','playerVirtual4_8058564',0,1,1,2048,20,'2018-03-05 03:45:05','2018-03-05 03:45:05'),(19,'192.168.0.200','playerVirtual2_82730999','playerVirtual2','192.168.0.200','playerVirtual4','playerVirtual4_a38cbca727',1,1,1,512,1,'2018-03-05 03:45:41',NULL),(20,'192.168.0.200','playerVirtual3_351652724','playerVirtual3','192.168.0.200','playerVirtual5','playerVirtual5_bc1ac6db50',1,1,1,2048,20,'2018-03-05 03:46:42',NULL),(21,'192.168.0.200','playerVirtual4_6571218','playerVirtual4','192.168.0.200','playerVirtual6','playerVirtual6_1348e479c8',1,1,1,2048,20,'2018-03-05 03:47:36',NULL),(22,'192.168.0.200','playerVirtual5_1339662','playerVirtual5','192.168.0.200','playerVirtual4','playerVirtual4_bae4c94ec0',1,1,1,2048,20,'2018-03-05 03:48:11',NULL),(23,'192.168.0.200','playerVirtual2_1436344784','playerVirtual2','192.168.0.200','playerVirtual5','playerVirtual5_da5dee0752',3,1,1,2048,20,'2018-03-05 03:48:19','2018-03-05 04:48:06'),(24,'192.168.0.200','playerVirtual3_284794223','playerVirtual3','192.168.0.200','playerVirtual1628','playerVirtual3_284794223',0,1,1,2048,20,'2018-03-05 03:50:02','2018-03-05 03:50:02'),(25,'192.168.0.200','playerVirtual4_359920779','playerVirtual4','192.168.0.200','playerVirtual6','playerVirtual6_e0bdfa29c9',3,1,1,512,1,'2018-03-05 03:51:38','2018-03-05 05:05:31'),(26,'192.168.0.200','playerVirtual2_2904109077','playerVirtual2','192.168.0.200','playerVirtual4','playerVirtual4_40bb57a01a',1,1,1,512,1,'2018-03-05 03:52:15',NULL),(27,'192.168.0.200','playerVirtual5_904011','playerVirtual5','192.168.0.200','playerVirtual1628','playerVirtual5_904011',0,1,1,2048,20,'2018-03-05 03:52:33','2018-03-05 03:52:33'),(28,'192.168.0.200','playerVirtual6_1093460','playerVirtual6','192.168.0.200','playerVirtual7','playerVirtual7_dd835de53a',1,1,1,512,1,'2018-03-05 03:53:08',NULL),(29,'192.168.0.200','playerVirtual3_905614','playerVirtual3','192.168.0.200','playerVirtual5','playerVirtual5_447775ee4a',1,1,1,2048,20,'2018-03-05 03:53:16',NULL),(30,'192.168.0.200','playerVirtual4_470485660','playerVirtual4','192.168.0.200','playerVirtual6','playerVirtual6_d2b702dafd',1,1,2,4096,40,'2018-03-05 03:54:13',NULL),(31,'192.168.0.200','playerVirtual5_5792765','playerVirtual5','192.168.0.200','playerVirtual4','playerVirtual4_4e726fa926',1,1,1,512,1,'2018-03-05 03:54:52',NULL),(32,'192.168.0.200','playerVirtual2_30788568','playerVirtual2','192.168.0.200','playerVirtual1628','playerVirtual2_30788568',0,1,1,512,1,'2018-03-05 03:54:59','2018-03-05 03:54:59'),(33,'192.168.0.200','playerVirtual3_400453824','playerVirtual3','192.168.0.200','playerVirtual5','playerVirtual5_ef7c147045',1,1,1,512,1,'2018-03-05 03:56:50',NULL),(34,'192.168.0.200','playerVirtual6_38671842','playerVirtual6','192.168.0.200','playerVirtual8','playerVirtual8_30c02d8b80',1,1,1,512,1,'2018-03-05 03:57:53',NULL),(35,'192.168.0.200','playerVirtual4_4819935267','playerVirtual4','192.168.0.200','playerVirtual2','playerVirtual2_06ab2bc951',1,1,2,4096,40,'2018-03-05 03:58:36',NULL),(36,'192.168.0.200','playerVirtual2_6264344062','playerVirtual2','192.168.0.200','playerVirtual6','playerVirtual6_5d9ff0856e',3,1,1,512,1,'2018-03-05 03:59:16','2018-03-05 04:42:09'),(37,'192.168.0.200','playerVirtual5_4820217293','playerVirtual5','192.168.0.200','playerVirtual8','playerVirtual8_dc9ee09988',1,1,2,4096,40,'2018-03-05 03:59:31',NULL),(38,'192.168.0.200','playerVirtual6_2148750930','playerVirtual6','192.168.0.200','playerVirtual4','playerVirtual4_f51c21dfdf',1,1,1,2048,20,'2018-03-05 04:01:40',NULL),(39,'192.168.0.200','playerVirtual3_1095593','playerVirtual3','192.168.0.200','playerVirtual8','playerVirtual8_eb75513393',3,1,1,512,1,'2018-03-05 04:01:46','2018-03-05 04:40:44'),(40,'192.168.0.200','playerVirtual4_563574327','playerVirtual4','192.168.0.200','playerVirtual9','playerVirtual9_a9d364dbba',1,1,1,2048,20,'2018-03-05 04:02:49',NULL),(41,'192.168.0.200','playerVirtual8_227443932','playerVirtual8','192.168.0.200','playerVirtual1412','playerVirtual8_227443932',0,1,1,2048,20,'2018-03-05 04:03:01','2018-03-05 04:03:01'),(42,'192.168.0.200','playerVirtual5_16915963','playerVirtual5','192.168.0.200','playerVirtual8','playerVirtual8_43e639e3ea',1,1,1,2048,20,'2018-03-05 04:03:34',NULL),(43,'192.168.0.200','playerVirtual3_6274355716','playerVirtual3','192.168.0.200','playerVirtual9','playerVirtual9_484a939911',3,1,1,512,1,'2018-03-05 04:05:41','2018-03-05 04:49:53'),(44,'192.168.0.200','playerVirtual6_272887063','playerVirtual6','192.168.0.200','playerVirtual4','playerVirtual4_da20d16476',3,1,1,2048,20,'2018-03-05 04:06:41','2018-03-05 04:17:41'),(45,'192.168.0.200','playerVirtual8_4820204870','playerVirtual8','192.168.0.200','playerVirtual6','playerVirtual6_ccf098fb3b',1,1,2,4096,40,'2018-03-05 04:06:43',NULL),(46,'192.168.0.200','playerVirtual2_38676294','playerVirtual2','192.168.0.200','playerVirtual1412','playerVirtual2_38676294',0,1,1,512,1,'2018-03-05 04:07:07','2018-03-05 04:07:07'),(47,'192.168.0.200','playerVirtual9_5623125514','playerVirtual9','192.168.0.200','playerVirtual10','playerVirtual10_51cb7a1f1a',1,1,1,2048,20,'2018-03-05 04:08:16',NULL),(48,'192.168.0.200','playerVirtual4_182859403','playerVirtual4','192.168.0.200','playerVirtual8','playerVirtual8_65b3d09e16',3,1,1,512,1,'2018-03-05 04:08:30','2018-03-05 04:41:31'),(49,'192.168.0.200','playerVirtual5_990694203','playerVirtual5','192.168.0.200','playerVirtual1412','playerVirtual5_990694203',0,1,1,2048,20,'2018-03-05 04:09:57','2018-03-05 04:09:57'),(50,'192.168.0.200','playerVirtual6_6280643141','playerVirtual6','192.168.0.200','playerVirtual5','playerVirtual5_9ae7dfd5cd',1,1,1,512,1,'2018-03-05 04:12:24',NULL),(51,'192.168.0.200','playerVirtual9_6282149131','playerVirtual9','192.168.0.200','playerVirtual11','playerVirtual11_e579b63e3f',1,1,1,512,1,'2018-03-05 04:12:34',NULL),(52,'192.168.0.200','playerVirtual2_272887063','playerVirtual2','192.168.0.200','playerVirtual6','playerVirtual6_5a61ad539f',3,1,1,2048,20,'2018-03-05 04:13:12','2018-03-05 05:51:45'),(53,'192.168.0.200','playerVirtual8_4476462938','playerVirtual8','192.168.0.200','playerVirtual10','playerVirtual10_784c3b9753',1,1,1,2048,20,'2018-03-05 04:13:55',NULL),(54,'192.168.0.200','playerVirtual10_6280638724','playerVirtual10','192.168.0.200','playerVirtual1879','playerVirtual10_6280638724',0,1,1,512,1,'2018-03-05 04:15:17','2018-03-05 04:15:17'),(55,'192.168.0.200','playerVirtual3_1436323714','playerVirtual3','192.168.0.200','playerVirtual11','playerVirtual11_c98e1984fa',1,1,1,2048,20,'2018-03-05 04:15:56',NULL),(56,'192.168.0.200','playerVirtual8_6285257156','playerVirtual8','192.168.0.200','playerVirtual12','playerVirtual12_929a306115',1,1,1,512,1,'2018-03-05 04:18:35',NULL),(57,'192.168.0.200','playerVirtual2_182859403','playerVirtual2','192.168.0.200','playerVirtual4','playerVirtual4_33f79fd0e7',3,1,1,512,1,'2018-03-05 04:18:51','2018-03-05 04:57:18'),(58,'192.168.0.200','playerVirtual4_214880781','playerVirtual4','192.168.0.200','playerVirtual8','playerVirtual8_b5e8595cd8',1,1,1,2048,20,'2018-03-05 04:18:56',NULL),(59,'192.168.0.200','playerVirtual10_6955737','playerVirtual10','192.168.0.200','playerVirtual1879','playerVirtual10_6955737',0,1,1,2048,20,'2018-03-05 04:19:05','2018-03-05 04:19:05'),(60,'192.168.0.200','playerVirtual9_1094955','playerVirtual9','192.168.0.200','playerVirtual10','playerVirtual10_ed2af6f72a',1,1,1,512,1,'2018-03-05 04:19:43',NULL),(61,'192.168.0.200','playerVirtual5_16914091','playerVirtual5','192.168.0.200','playerVirtual6','playerVirtual6_01dd608266',1,1,1,2048,20,'2018-03-05 04:20:27',NULL),(62,'192.168.0.200','playerVirtual11_682797','playerVirtual11','192.168.0.200','playerVirtual12','playerVirtual12_ed2332a865',1,1,1,2048,20,'2018-03-05 04:20:54',NULL),(63,'192.168.0.200','playerVirtual3_1438244924','playerVirtual3','192.168.0.200','playerVirtual13','playerVirtual13_ea103b4525',3,1,1,2048,20,'2018-03-05 04:23:33','2018-03-05 04:35:58'),(64,'192.168.0.200','playerVirtual6_2381571381','playerVirtual6','192.168.0.200','playerVirtual11','playerVirtual11_5995174b7b',1,1,1,2048,20,'2018-03-05 04:24:12',NULL),(65,'192.168.0.200','playerVirtual4_6289355687','playerVirtual4','192.168.0.200','playerVirtual8','playerVirtual8_8448862896',1,1,1,512,1,'2018-03-05 04:25:21',NULL),(66,'192.168.0.200','playerVirtual11_794070039','playerVirtual11','192.168.0.200','playerVirtual10','playerVirtual10_d9e4871050',1,1,1,512,1,'2018-03-05 04:25:27',NULL),(67,'192.168.0.200','playerVirtual9_6289704471','playerVirtual9','192.168.0.200','playerVirtual1656','playerVirtual9_6289704471',0,1,1,512,1,'2018-03-05 04:26:05','2018-03-05 04:26:05'),(68,'192.168.0.200','playerVirtual8_2378747961','playerVirtual8','192.168.0.200','playerVirtual12','playerVirtual12_cbb8259d6d',3,1,1,512,1,'2018-03-05 04:26:45','2018-03-05 04:32:54'),(69,'192.168.0.200','playerVirtual5_1436344784','playerVirtual5','192.168.0.200','playerVirtual13','playerVirtual13_6764807e9e',3,1,1,2048,20,'2018-03-05 04:26:49','2018-03-05 05:36:14'),(70,'192.168.0.200','playerVirtual12_3338579772','playerVirtual12','192.168.0.200','playerVirtual10','playerVirtual10_b8a87f1b1c',1,1,1,2048,20,'2018-03-05 04:27:13',NULL),(71,'192.168.0.200','playerVirtual10_1438244924','playerVirtual10','192.168.0.200','playerVirtual14','playerVirtual14_5634414156',1,1,1,2048,20,'2018-03-05 04:28:51',NULL),(72,'192.168.0.200','playerVirtual6_6296268057','playerVirtual6','192.168.0.200','playerVirtual15','playerVirtual15_112de83f21',1,1,1,512,1,'2018-03-05 04:32:35',NULL),(73,'192.168.0.200','playerVirtual13_990694203','playerVirtual13','192.168.0.200','playerVirtual12','playerVirtual12_1e3c3ecc04',3,1,1,2048,20,'2018-03-05 04:34:11','2018-03-05 04:36:13'),(74,'192.168.0.200','playerVirtual4_182859403','playerVirtual4','192.168.0.200','playerVirtual8','playerVirtual8_2b15972a52',3,1,1,512,1,'2018-03-05 04:36:12','2018-03-05 04:41:31'),(75,'192.168.0.200','playerVirtual12_1095593','playerVirtual12','192.168.0.200','playerVirtual13','playerVirtual13_2e943a2dd9',3,1,1,512,1,'2018-03-05 04:36:47','2018-03-05 04:47:41'),(76,'192.168.0.200','playerVirtual9_6301942525','playerVirtual9','192.168.0.200','playerVirtual16','playerVirtual16_0b55f93177',1,1,1,512,1,'2018-03-05 04:38:04',NULL),(77,'192.168.0.200','playerVirtual11_6264344062','playerVirtual11','192.168.0.200','playerVirtual10','playerVirtual10_d92e88b8af',1,1,1,2048,20,'2018-03-05 04:38:42',NULL),(78,'192.168.0.200','playerVirtual10_6274355716','playerVirtual10','192.168.0.200','playerVirtual14','playerVirtual14_55af30e376',1,1,1,512,1,'2018-03-05 04:39:51',NULL),(79,'192.168.0.200','playerVirtual5_6289704471','playerVirtual5','192.168.0.200','playerVirtual4','playerVirtual4_886d00f842',3,1,1,2048,20,'2018-03-05 04:40:33','2018-03-05 05:00:43'),(80,'192.168.0.200','playerVirtual14_5297461910','playerVirtual14','192.168.0.200','playerVirtual1531','playerVirtual14_5297461910',0,1,1,512,1,'2018-03-05 04:43:36','2018-03-05 04:43:36'),(81,'192.168.0.200','playerVirtual6_539194189','playerVirtual6','192.168.0.200','playerVirtual17','playerVirtual17_d834fc54de',1,1,1,2048,20,'2018-03-05 04:45:12',NULL),(82,'192.168.0.200','playerVirtual8_908315','playerVirtual8','192.168.0.200','playerVirtual6','playerVirtual6_1854e877f0',1,1,1,2048,20,'2018-03-05 04:46:42',NULL),(83,'192.168.0.200','playerVirtual11_4246147567','playerVirtual11','192.168.0.200','playerVirtual18','playerVirtual18_1583cc53ed',3,1,2,4096,40,'2018-03-05 04:48:23','2018-03-05 05:01:37'),(84,'192.168.0.200','playerVirtual14_4246147567','playerVirtual14','192.168.0.200','playerVirtual9','playerVirtual9_4d687dfc8f',3,1,2,4096,40,'2018-03-05 04:50:20','2018-03-05 05:32:55'),(85,'192.168.0.200','playerVirtual10_4246147567','playerVirtual10','192.168.0.200','playerVirtual15','playerVirtual15_4793399023',3,1,2,4096,40,'2018-03-05 04:52:05','2018-03-05 05:55:40'),(86,'192.168.0.200','playerVirtual13_4246147567','playerVirtual13','192.168.0.200','playerVirtual19','playerVirtual19_80080f027b',3,1,2,4096,40,'2018-03-05 04:55:42','2018-03-05 05:48:29'),(87,'192.168.0.200','playerVirtual15_4246147567','playerVirtual15','192.168.0.200','playerVirtual12','playerVirtual12_4393e1a388',3,1,2,4096,40,'2018-03-05 04:56:12','2018-03-05 05:41:43'),(88,'192.168.0.200','playerVirtual8_990694203','playerVirtual8','192.168.0.200','playerVirtual5','playerVirtual5_7099913080',3,1,1,2048,20,'2018-03-05 04:56:17','2018-03-05 05:11:05'),(89,'192.168.0.200','playerVirtual6_6316827871','playerVirtual6','192.168.0.200','playerVirtual8','playerVirtual8_4f47635efb',1,1,1,512,1,'2018-03-05 04:56:31',NULL),(90,'192.168.0.200','playerVirtual4_6315250734','playerVirtual4','192.168.0.200','playerVirtual13','playerVirtual13_82e38196ce',1,1,1,512,1,'2018-03-05 04:57:33',NULL),(91,'192.168.0.200','playerVirtual12_4246147567','playerVirtual12','192.168.0.200','playerVirtual16','playerVirtual16_cb01c25942',3,1,2,4096,40,'2018-03-05 04:59:48','2018-03-05 05:10:40'),(92,'192.168.0.200','playerVirtual9_2378747961','playerVirtual9','192.168.0.200','playerVirtual10','playerVirtual10_18c57d6759',1,1,1,512,1,'2018-03-05 05:00:59',NULL),(93,'192.168.0.200','playerVirtual16_6322213339','playerVirtual16','192.168.0.200','playerVirtual14','playerVirtual14_1e8a69f612',1,1,1,512,1,'2018-03-05 05:02:03',NULL),(94,'192.168.0.200','playerVirtual3_4246147567','playerVirtual3','192.168.0.200','playerVirtual1703','playerVirtual3_4246147567',0,1,2,4096,40,'2018-03-05 05:03:10','2018-03-05 05:03:10'),(95,'192.168.0.200','playerVirtual9_4246147567','playerVirtual9','192.168.0.200','playerVirtual18','playerVirtual18_264b2e6d9c',3,1,2,4096,40,'2018-03-05 05:10:15','2018-03-05 05:54:35'),(96,'192.168.0.200','playerVirtual5_4246147567','playerVirtual5','192.168.0.200','playerVirtual4','playerVirtual4_ce63dcd89e',3,1,2,4096,40,'2018-03-05 05:10:30','2018-03-05 05:25:17'),(97,'192.168.0.200','playerVirtual6_4246147567','playerVirtual6','192.168.0.200','playerVirtual9','playerVirtual9_90084b90bc',3,1,2,4096,40,'2018-03-05 05:10:31','2018-03-05 05:21:51'),(98,'192.168.0.200','playerVirtual11_359920779','playerVirtual11','192.168.0.200','playerVirtual15','playerVirtual15_e582c2ddc3',1,1,1,512,1,'2018-03-05 05:13:06',NULL),(99,'192.168.0.200','playerVirtual14_4246147567','playerVirtual14','192.168.0.200','playerVirtual19','playerVirtual19_65e9477005',3,1,2,4096,40,'2018-03-05 05:16:51','2018-03-05 05:32:55'),(100,'192.168.0.200','playerVirtual10_4246147567','playerVirtual10','192.168.0.200','playerVirtual13','playerVirtual13_1c5e3adc5d',3,1,2,4096,40,'2018-03-05 05:17:34','2018-03-05 05:55:40'),(101,'192.168.0.200','playerVirtual13_1095593','playerVirtual13','192.168.0.200','playerVirtual16','playerVirtual16_54ba90db42',1,1,1,512,1,'2018-03-05 05:20:10',NULL),(102,'192.168.0.200','playerVirtual2_4246147567','playerVirtual2','192.168.0.200','playerVirtual6','playerVirtual6_24576c48a7',3,1,2,4096,40,'2018-03-05 05:22:24','2018-03-05 05:32:53'),(103,'192.168.0.200','playerVirtual8_4246147567','playerVirtual8','192.168.0.200','playerVirtual2','playerVirtual2_4ead9cad25',3,1,2,4096,40,'2018-03-05 05:23:02','2018-03-05 05:37:49'),(104,'192.168.0.200','playerVirtual4_4246147567','playerVirtual4','192.168.0.200','playerVirtual12','playerVirtual12_dc784c0757',3,1,2,4096,40,'2018-03-05 05:23:25','2018-03-05 05:31:24'),(105,'192.168.0.200','playerVirtual16_4246147567','playerVirtual16','192.168.0.200','playerVirtual5','playerVirtual5_d06c2dfee6',3,1,2,4096,40,'2018-03-05 05:23:41','2018-03-05 05:28:17'),(106,'192.168.0.200','playerVirtual15_4246147567','playerVirtual15','192.168.0.200','playerVirtual10','playerVirtual10_05c2928e4b',3,1,2,4096,40,'2018-03-05 05:23:52','2018-03-05 05:41:43'),(107,'192.168.0.200','playerVirtual13_4246147567','playerVirtual13','192.168.0.200','playerVirtual14','playerVirtual14_1ccfc7ac60',3,1,2,4096,40,'2018-03-05 05:26:03','2018-03-05 05:48:29'),(108,'192.168.0.200','playerVirtual12_6335261139','playerVirtual12','192.168.0.200','playerVirtual18','playerVirtual18_c86a5d8ef2',1,1,1,512,1,'2018-03-05 05:26:31',NULL),(109,'192.168.0.200','playerVirtual11_4246147567','playerVirtual11','192.168.0.200','playerVirtual1899','playerVirtual11_4246147567',0,1,2,4096,40,'2018-03-05 05:29:03','2018-03-05 05:29:03'),(110,'192.168.0.200','playerVirtual3_4246147567','playerVirtual3','192.168.0.200','playerVirtual19','playerVirtual19_1c06b24d56',1,1,2,4096,40,'2018-03-05 05:30:21',NULL),(111,'192.168.0.200','playerVirtual18_4246147567','playerVirtual18','192.168.0.200','playerVirtual4','playerVirtual4_cecaf9deb2',3,1,2,4096,40,'2018-03-05 05:35:29','2018-03-05 05:40:12'),(112,'192.168.0.200','playerVirtual9_4246147567','playerVirtual9','192.168.0.200','playerVirtual15','playerVirtual15_5e50c66e79',3,1,2,4096,40,'2018-03-05 05:39:02','2018-03-05 05:54:35'),(113,'192.168.0.200','playerVirtual6_6344084916','playerVirtual6','192.168.0.200','playerVirtual9','playerVirtual9_d167ae752e',1,1,1,512,1,'2018-03-05 05:39:07',NULL),(114,'192.168.0.200','playerVirtual12_990694203','playerVirtual12','192.168.0.200','playerVirtual13','playerVirtual13_2677dea024',3,1,1,2048,20,'2018-03-05 05:39:34','2018-03-05 05:56:19'),(115,'192.168.0.200','playerVirtual19_4246147567','playerVirtual19','192.168.0.200','playerVirtual16','playerVirtual16_66a728b9b3',1,1,2,4096,40,'2018-03-05 05:42:25',NULL),(116,'192.168.0.200','playerVirtual10_4246147567','playerVirtual10','192.168.0.200','playerVirtual6','playerVirtual6_dc137c9bde',3,1,2,4096,40,'2018-03-05 05:45:35','2018-03-05 05:55:40'),(117,'192.168.0.200','playerVirtual14_6566788','playerVirtual14','192.168.0.200','playerVirtual12','playerVirtual12_eafe120e23',1,1,1,2048,20,'2018-03-05 05:45:56',NULL),(118,'192.168.0.200','playerVirtual6_4246147567','playerVirtual6','192.168.0.200','playerVirtual8','playerVirtual8_b2e48eaf4d',1,1,2,4096,40,'2018-03-05 05:52:26',NULL),(119,'192.168.0.200','playerVirtual16_272887063','playerVirtual16','192.168.0.200','playerVirtual5','playerVirtual5_9bf73657d5',1,1,1,2048,20,'2018-03-05 05:52:59',NULL),(120,'192.168.0.200','playerVirtual8_82730999','playerVirtual8','192.168.0.200','playerVirtual2','playerVirtual2_4bf8b23177',1,1,1,512,1,'2018-03-05 05:53:22',NULL),(121,'192.168.0.200','playerVirtual4_4246147567','playerVirtual4','192.168.0.200','playerVirtual10','playerVirtual10_eeaa7008bb',1,1,2,4096,40,'2018-03-05 05:53:22',NULL),(122,'192.168.0.200','playerVirtual15_16917741','playerVirtual15','192.168.0.200','playerVirtual14','playerVirtual14_2a7a8f1877',1,1,1,512,1,'2018-03-05 05:53:42',NULL),(123,'192.168.0.200','playerVirtual5_4246147567','playerVirtual5','192.168.0.200','playerVirtual18','playerVirtual18_a3f0aa9a34',1,1,2,4096,40,'2018-03-05 05:54:26',NULL),(124,'192.168.0.200','playerVirtual13_3338579772','playerVirtual13','192.168.0.200','playerVirtual19','playerVirtual19_69f2ee4864',1,1,1,2048,20,'2018-03-05 05:55:57',NULL);
/*!40000 ALTER TABLE `VM` ENABLE KEYS */;
UNLOCK TABLES;
/*!40103 SET TIME_ZONE=@OLD_TIME_ZONE */;

/*!40101 SET SQL_MODE=@OLD_SQL_MODE */;
/*!40014 SET FOREIGN_KEY_CHECKS=@OLD_FOREIGN_KEY_CHECKS */;
/*!40014 SET UNIQUE_CHECKS=@OLD_UNIQUE_CHECKS */;
/*!40101 SET CHARACTER_SET_CLIENT=@OLD_CHARACTER_SET_CLIENT */;
/*!40101 SET CHARACTER_SET_RESULTS=@OLD_CHARACTER_SET_RESULTS */;
/*!40101 SET COLLATION_CONNECTION=@OLD_COLLATION_CONNECTION */;
/*!40111 SET SQL_NOTES=@OLD_SQL_NOTES */;

-- Dump completed on 2018-03-05  2:56:29
