-- MySQL dump 10.14  Distrib 5.5.58-MariaDB, for debian-linux-gnu (x86_64)
--
-- Host: localhost    Database: mct
-- ------------------------------------------------------
-- Server version	5.5.58-MariaDB-1ubuntu0.14.04.1

/*!40101 SET @OLD_CHARACTER_SET_CLIENT=@@CHARACTER_SET_CLIENT */;
/*!40101 SET @OLD_CHARACTER_SET_RESULTS=@@CHARACTER_SET_RESULTS */;
/*!40101 SET @OLD_COLLATION_CONNECTION=@@COLLATION_CONNECTION */;
/*!40101 SET NAMES utf8 */;
/*!40103 SET @OLD_TIME_ZONE=@@TIME_ZONE */;
/*!40103 SET TIME_ZONE='+00:00' */;
/*!40014 SET @OLD_UNIQUE_CHECKS=@@UNIQUE_CHECKS, UNIQUE_CHECKS=0 */;
/*!40014 SET @OLD_FOREIGN_KEY_CHECKS=@@FOREIGN_KEY_CHECKS, FOREIGN_KEY_CHECKS=0 */;
/*!40101 SET @OLD_SQL_MODE=@@SQL_MODE, SQL_MODE='NO_AUTO_VALUE_ON_ZERO' */;
/*!40111 SET @OLD_SQL_NOTES=@@SQL_NOTES, SQL_NOTES=0 */;

--
-- Table structure for table `FIELDS`
--

DROP TABLE IF EXISTS `FIELDS`;
/*!40101 SET @saved_cs_client     = @@character_set_client */;
/*!40101 SET character_set_client = utf8 */;
CREATE TABLE `FIELDS` (
  `operation` int(11) NOT NULL,
  `fields` varchar(45) NOT NULL,
  PRIMARY KEY (`operation`)
) ENGINE=InnoDB DEFAULT CHARSET=utf8;
/*!40101 SET character_set_client = @saved_cs_client */;

--
-- Dumping data for table `FIELDS`
--

LOCK TABLES `FIELDS` WRITE;
/*!40000 ALTER TABLE `FIELDS` DISABLE KEYS */;
INSERT INTO `FIELDS` VALUES (0,'name mem image vcpus disk uuid');
/*!40000 ALTER TABLE `FIELDS` ENABLE KEYS */;
UNLOCK TABLES;

--
-- Table structure for table `PLAYER`
--

DROP TABLE IF EXISTS `PLAYER`;
/*!40101 SET @saved_cs_client     = @@character_set_client */;
/*!40101 SET character_set_client = utf8 */;
CREATE TABLE `PLAYER` (
  `id` int(11) NOT NULL AUTO_INCREMENT,
  `name` varchar(45) NOT NULL,
  `address` varchar(45) NOT NULL,
  `division` int(11) DEFAULT NULL,
  `score` float DEFAULT '0',
  `history` int(11) DEFAULT '0',
  `fairness` float DEFAULT '0',
  `accepts` int(11) DEFAULT '0',
  `rejects` int(11) DEFAULT '0',
  `running` int(11) DEFAULT '0',
  `finished` int(11) DEFAULT '0',
  `problem_del` int(11) DEFAULT '0',
  `vcpus` int(11) DEFAULT '0',
  `memory` bigint(20) DEFAULT '0',
  `local_gb` bigint(20) DEFAULT '0',
  `vcpus_used` bigint(20) DEFAULT '0',
  `memory_used` bigint(20) DEFAULT '0',
  `local_gb_used` bigint(20) DEFAULT '0',
  `max_instance` int(11) DEFAULT '0',
  `token` varchar(45) DEFAULT NULL,
  `suspend` timestamp NULL DEFAULT NULL,
  `enabled` int(11) DEFAULT '0',
  `last_choice` timestamp NOT NULL DEFAULT '2018-01-01 02:00:00',
  `playoff` tinyint(1) DEFAULT '0',
  PRIMARY KEY (`id`)
) ENGINE=InnoDB AUTO_INCREMENT=26 DEFAULT CHARSET=utf8;
/*!40101 SET character_set_client = @saved_cs_client */;

--
-- Dumping data for table `PLAYER`
--

LOCK TABLES `PLAYER` WRITE;
/*!40000 ALTER TABLE `PLAYER` DISABLE KEYS */;
INSERT INTO `PLAYER` VALUES (1,'playerVirtual2','192.168.0.200',2,7.97,30,0.777778,9,0,9,0,0,1023,1047552,10230,11,17920,163,9,'c031462f7985d1a3d67ec1428a3b74c3dae7221e',NULL,1,'2018-02-20 08:36:05',0),(2,'playerVirtual0','192.168.0.200',4,-8,0,1,0,4,0,0,0,1023,1047552,10230,0,0,0,3,'633005002911429700840a5ca333de8f51c2d30b',NULL,0,'2018-02-20 08:13:30',1),(3,'playerVirtual3','192.168.0.200',2,4.64,29,0.625,4,2,2,2,0,1023,1047552,10230,3,4608,41,2,'13d7bb302b373325a23855770c48b0bbe95ef21c',NULL,1,'2018-02-20 09:47:52',0),(4,'playerVirtual4','192.168.0.200',1,12.62,28,0.642857,13,0,7,6,0,1023,1047552,10230,9,15360,142,9,'d71cd93e2bfe4ab247ff6f4b2fca3ac9f82a170b',NULL,1,'2018-02-20 10:01:02',0),(5,'playerVirtual1123','192.168.0.200',4,-6,0,1,0,3,0,0,0,1023,1047552,10230,0,0,0,3,'03b14f75107947aa77af35448a200bad009f4a8e',NULL,0,'2018-02-20 08:22:44',1),(6,'playerVirtual5','192.168.0.200',3,2.66,26,0.769231,6,0,5,1,0,1023,1047552,10230,5,7168,62,5,'d1dc09a0f5d7667b49a6a5ee6ebbcf865af1c2d3',NULL,1,'2018-02-20 09:33:06',0),(7,'playerVirtual6','192.168.0.200',1,9.97,26,0.916667,9,0,7,2,0,1023,1047552,10230,8,8704,65,7,'696452f755e16c62c94330b25d63775829ba05d7',NULL,1,'2018-02-20 09:38:20',0),(8,'playerVirtual1848','192.168.0.200',4,-6,0,1,0,3,0,0,0,1023,1047552,10230,0,0,0,3,'2a3f20e8cee51f2534565b52387d73a9dea75c20',NULL,0,'2018-02-20 08:32:22',1),(9,'playerVirtual8','192.168.0.200',1,11.29,24,0.777778,10,0,8,2,0,1023,1047552,10230,11,17920,163,9,'3a4bb529bae4ef50cc40b4a2c5688cc3eb3a03e4',NULL,1,'2018-02-20 09:53:18',0),(10,'playerVirtual1793','192.168.0.200',4,-12,0,0.5,0,6,0,0,0,1023,1047552,10230,0,0,0,3,'9ccd774d9b833a4761cd795a31e9258d070d9377',NULL,0,'2018-02-20 08:51:46',1),(11,'playerVirtual9','192.168.0.200',3,-1,17,0.666667,2,1,2,0,0,1023,1047552,10230,2,4096,40,2,'ef238dda969357e4aedbb89ac5d2e843130352e5',NULL,1,'2018-02-20 10:14:50',1),(12,'playerVirtual10','192.168.0.200',2,5.97,18,1,12,0,7,5,0,1023,1047552,10230,8,13312,122,8,'d1dee5f31d178d129a31e571130710d670f549b0',NULL,1,'2018-02-20 10:29:21',0),(13,'playerVirtual11','192.168.0.200',2,2.64,6,0.666667,9,1,2,7,0,1023,1047552,10230,3,4608,41,3,'531f067ab245a38642cfed3f79c3e1e4c7efca5f',NULL,1,'2018-02-20 10:33:41',1),(14,'playerVirtual12','192.168.0.200',3,1.66,19,0.6,4,1,3,1,0,1023,1047552,10230,3,4608,41,3,'38beff05ff27b75787e617b6372b1c87830eefc0',NULL,1,'2018-02-20 10:27:49',0),(15,'playerVirtual1173','192.168.0.200',4,-4,0,0,0,2,0,0,0,1023,1047552,10230,0,0,0,3,'8416e040da331c69697c3f086c095da6f23e48e7',NULL,0,'2018-02-20 09:02:43',1),(16,'playerVirtual13','192.168.0.200',3,3.32,18,1,6,0,5,1,0,1023,1047552,10230,6,10752,101,5,'3b4ad3ec0a3a5fba1b4f4ea7d68b92ccf98a8820',NULL,1,'2018-02-20 10:21:56',0),(17,'playerVirtual14','192.168.0.200',2,8.63,18,0.25,6,0,3,3,0,1023,1047552,10230,3,3072,22,5,'83ebae7a7088f747f1857c5809188d44b907e8c4',NULL,1,'2018-02-20 10:17:59',0),(18,'playerVirtual1380','192.168.0.200',4,-4,0,0,0,2,0,0,0,1023,1047552,10230,0,0,0,3,'557e1418fe78bd9efa4595d13cf9a580b98b0ecd',NULL,0,'2018-02-20 09:21:30',1),(19,'playerVirtual15','192.168.0.200',2,8.63,17,0,5,0,1,4,0,1023,1047552,10230,1,512,1,5,'db1b8372527321f234cb3b1c4e4eabfdb5e1c39d',NULL,1,'2018-02-20 10:11:40',0),(20,'playerVirtual16','192.168.0.200',4,-0.01,0,1,2,0,-1,3,0,1023,1047552,10230,-1,-2048,-20,3,'44c0cabd3077427923cfe3e2c2a0d24965eb261e',NULL,0,'2018-02-20 09:34:45',1),(21,'playerVirtual18','192.168.0.200',2,7.96,14,0.5,5,0,1,4,0,1023,1047552,10230,2,4096,40,3,'2a09a60069fedbdadcb1773ba2218899a03087b7',NULL,1,'2018-02-20 10:22:43',0),(22,'playerVirtual1719','192.168.0.200',4,-2,0,0,0,1,0,0,0,1023,1047552,10230,0,0,0,3,'9263b549a120a8f9e6ebbc524e5b469d1c804367',NULL,0,'2018-02-20 09:28:47',1),(23,'playerVirtual19','192.168.0.200',2,8.63,13,0.666667,6,0,3,3,0,1023,1047552,10230,3,3072,22,7,'70e607a555c251afa8018b7b797eaa31b260055b',NULL,1,'2018-02-20 10:30:28',0),(24,'playerVirtual1627','192.168.0.200',4,-4,0,0,0,2,0,0,0,1023,1047552,10230,0,0,0,3,'9674cf746ee65199c073648253a0b9acbd73a2ad',NULL,0,'2018-02-20 10:00:13',1),(25,'playerVirtual1839','192.168.0.200',4,-2,0,0,0,1,0,0,0,1023,1047552,10230,0,0,0,3,'77331f75f06e6bf99bd0053df59733fca76d4f6f',NULL,0,'2018-02-20 10:17:22',1);
/*!40000 ALTER TABLE `PLAYER` ENABLE KEYS */;
UNLOCK TABLES;

--
-- Table structure for table `REQUEST`
--

DROP TABLE IF EXISTS `REQUEST`;
/*!40101 SET @saved_cs_client     = @@character_set_client */;
/*!40101 SET character_set_client = utf8 */;
CREATE TABLE `REQUEST` (
  `id` int(11) NOT NULL AUTO_INCREMENT,
  `player_id` varchar(45) NOT NULL,
  `request_id` varchar(45) NOT NULL,
  `action` int(11) NOT NULL,
  `timestamp_received` timestamp NULL DEFAULT NULL,
  `timestamp_finished` timestamp NULL DEFAULT NULL,
  `status` int(11) NOT NULL,
  PRIMARY KEY (`id`)
) ENGINE=InnoDB AUTO_INCREMENT=573 DEFAULT CHARSET=utf8;
/*!40101 SET character_set_client = @saved_cs_client */;

--
-- Dumping data for table `REQUEST`
--

LOCK TABLES `REQUEST` WRITE;
/*!40000 ALTER TABLE `REQUEST` DISABLE KEYS */;
INSERT INTO `REQUEST` VALUES (1,'playerVirtual2','playerVirtual2_633560160a',4,'2018-02-20 08:05:12',NULL,0),(2,'playerVirtual0','playerVirtual0_d7b1d956df',4,'2018-02-20 08:05:12',NULL,0),(3,'playerVirtual2','playerVirtual2_450512000',0,'2018-02-20 08:06:13',NULL,0),(4,'playerVirtual2','playerVirtual2_450512000',0,'2018-02-20 08:06:13',NULL,0),(5,'playerVirtual0','playerVirtual0_1438244924',0,'2018-02-20 08:06:15',NULL,0),(6,'playerVirtual0','playerVirtual0_1438244924',0,'2018-02-20 08:06:16',NULL,0),(7,'playerVirtual2','playerVirtual2_603e1a3452',3,'2018-02-20 08:07:13',NULL,0),(8,'playerVirtual0','playerVirtual0_15bbf81cf3',3,'2018-02-20 08:07:15',NULL,0),(9,'playerVirtual2','playerVirtual2_640692267',0,'2018-02-20 08:08:18',NULL,0),(10,'playerVirtual2','playerVirtual2_640692267',0,'2018-02-20 08:08:19',NULL,0),(11,'playerVirtual0','playerVirtual0_2381571381',0,'2018-02-20 08:08:20',NULL,0),(12,'playerVirtual0','playerVirtual0_2381571381',0,'2018-02-20 08:08:20',NULL,0),(13,'playerVirtual2','playerVirtual2_286d7fed8b',4,'2018-02-20 08:09:19',NULL,0),(14,'playerVirtual0','playerVirtual0_bb0bbbd3b4',4,'2018-02-20 08:09:20',NULL,0),(15,'playerVirtual3','playerVirtual3_028495fc26',4,'2018-02-20 08:10:16',NULL,0),(16,'playerVirtual2','playerVirtual2_5297461910',0,'2018-02-20 08:10:22',NULL,0),(17,'playerVirtual2','playerVirtual2_5297461910',0,'2018-02-20 08:10:22',NULL,0),(18,'playerVirtual0','playerVirtual0_2790332778',0,'2018-02-20 08:10:27',NULL,0),(19,'playerVirtual0','playerVirtual0_2790332778',0,'2018-02-20 08:10:27',NULL,0),(20,'playerVirtual2','playerVirtual2_3fe7064ea8',3,'2018-02-20 08:11:22',NULL,0),(21,'playerVirtual0','playerVirtual0_e6b468cf55',3,'2018-02-20 08:11:27',NULL,0),(22,'playerVirtual3','playerVirtual3_369721705',0,'2018-02-20 08:11:28',NULL,0),(23,'playerVirtual3','playerVirtual3_369721705',0,'2018-02-20 08:11:28',NULL,0),(24,'playerVirtual3','playerVirtual3_390a8b1032',3,'2018-02-20 08:12:28',NULL,0),(25,'playerVirtual2','playerVirtual2_317469422',0,'2018-02-20 08:12:32',NULL,0),(26,'playerVirtual2','playerVirtual2_317469422',0,'2018-02-20 08:12:32',NULL,0),(27,'playerVirtual0','playerVirtual0_6955737',0,'2018-02-20 08:12:32',NULL,0),(28,'playerVirtual0','playerVirtual0_6955737',0,'2018-02-20 08:12:33',NULL,0),(29,'playerVirtual3','playerVirtual3_257338104',0,'2018-02-20 08:13:29',NULL,0),(30,'playerVirtual3','playerVirtual3_257338104',0,'2018-02-20 08:13:30',NULL,0),(31,'playerVirtual2','playerVirtual2_d1431f1e1a',4,'2018-02-20 08:13:32',NULL,0),(32,'playerVirtual0','playerVirtual0_2008054fef',4,'2018-02-20 08:13:33',NULL,0),(33,'playerVirtual3','playerVirtual3_e83419798b',4,'2018-02-20 08:14:30',NULL,0),(34,'playerVirtual2','playerVirtual2_3584940347',0,'2018-02-20 08:14:36',NULL,0),(35,'playerVirtual2','playerVirtual2_3584940347',0,'2018-02-20 08:14:36',NULL,0),(36,'playerVirtual4','playerVirtual4_4e8f4cc95e',4,'2018-02-20 08:15:13',NULL,0),(37,'playerVirtual2','playerVirtual2_acf2e3f119',3,'2018-02-20 08:15:36',NULL,0),(38,'playerVirtual3','playerVirtual3_3338579772',0,'2018-02-20 08:15:43',NULL,0),(39,'playerVirtual3','playerVirtual3_3338579772',0,'2018-02-20 08:15:43',NULL,0),(40,'playerVirtual4','playerVirtual4_257407216',0,'2018-02-20 08:16:27',NULL,0),(41,'playerVirtual4','playerVirtual4_257407216',0,'2018-02-20 08:16:27',NULL,0),(42,'playerVirtual3','playerVirtual3_d61ee00398',3,'2018-02-20 08:16:43',NULL,0),(43,'playerVirtual1123','playerVirtual1123_fde5c29842',4,'2018-02-20 08:16:44',NULL,0),(44,'playerVirtual2','playerVirtual2_182859403',0,'2018-02-20 08:16:53',NULL,0),(45,'playerVirtual2','playerVirtual2_182859403',0,'2018-02-20 08:16:54',NULL,0),(46,'playerVirtual4','playerVirtual4_4d66b2a2ba',3,'2018-02-20 08:17:27',NULL,0),(47,'playerVirtual2','playerVirtual2_62d24feeb2',4,'2018-02-20 08:17:54',NULL,0),(48,'playerVirtual3','playerVirtual3_2359368952',0,'2018-02-20 08:17:54',NULL,0),(49,'playerVirtual3','playerVirtual3_2359368952',0,'2018-02-20 08:17:55',NULL,0),(50,'playerVirtual1123','playerVirtual1123_16917741',0,'2018-02-20 08:18:11',NULL,0),(51,'playerVirtual1123','playerVirtual1123_16917741',0,'2018-02-20 08:18:12',NULL,0),(52,'playerVirtual4','playerVirtual4_2545640208',0,'2018-02-20 08:18:49',NULL,0),(53,'playerVirtual4','playerVirtual4_2545640208',0,'2018-02-20 08:18:51',NULL,0),(54,'playerVirtual3','playerVirtual3_3c5aa40ae6',4,'2018-02-20 08:18:54',NULL,0),(55,'playerVirtual1123','playerVirtual1123_8742eaac05',3,'2018-02-20 08:19:12',NULL,0),(56,'playerVirtual2','playerVirtual2_908315',0,'2018-02-20 08:19:14',NULL,0),(57,'playerVirtual2','playerVirtual2_908315',0,'2018-02-20 08:19:14',NULL,0),(58,'playerVirtual4','playerVirtual4_6cfd009332',4,'2018-02-20 08:19:50',NULL,0),(59,'playerVirtual5','playerVirtual5_60db1a8276',4,'2018-02-20 08:20:14',NULL,0),(60,'playerVirtual2','playerVirtual2_bb2d1c2e8d',3,'2018-02-20 08:20:14',NULL,0),(61,'playerVirtual3','playerVirtual3_539194189',0,'2018-02-20 08:20:29',NULL,0),(62,'playerVirtual3','playerVirtual3_539194189',0,'2018-02-20 08:20:29',NULL,0),(63,'playerVirtual1123','playerVirtual1123_4820204870',0,'2018-02-20 08:21:11',NULL,0),(64,'playerVirtual1123','playerVirtual1123_4820204870',0,'2018-02-20 08:21:11',NULL,0),(65,'playerVirtual3','playerVirtual3_73a969ab31',3,'2018-02-20 08:21:29',NULL,0),(66,'playerVirtual1123','playerVirtual1123_0659a20930',4,'2018-02-20 08:22:11',NULL,0),(67,'playerVirtual4','playerVirtual4_8058564',0,'2018-02-20 08:22:44',NULL,0),(68,'playerVirtual4','playerVirtual4_8058564',0,'2018-02-20 08:22:44',NULL,0),(69,'playerVirtual2','playerVirtual2_3338010893',0,'2018-02-20 08:23:12',NULL,0),(70,'playerVirtual2','playerVirtual2_3338010893',0,'2018-02-20 08:23:13',NULL,0),(71,'playerVirtual5','playerVirtual5_1429160667',0,'2018-02-20 08:23:31',NULL,0),(72,'playerVirtual5','playerVirtual5_1429160667',0,'2018-02-20 08:23:32',NULL,0),(73,'playerVirtual4','playerVirtual4_0c171eb771',3,'2018-02-20 08:23:44',NULL,0),(74,'playerVirtual2','playerVirtual2_53f8e76ee3',4,'2018-02-20 08:24:13',NULL,0),(75,'playerVirtual3','playerVirtual3_82730999',0,'2018-02-20 08:24:17',NULL,0),(76,'playerVirtual3','playerVirtual3_82730999',0,'2018-02-20 08:24:18',NULL,0),(77,'playerVirtual5','playerVirtual5_e0f2613d15',3,'2018-02-20 08:24:32',NULL,0),(78,'playerVirtual6','playerVirtual6_68cbfa43c1',4,'2018-02-20 08:25:11',NULL,0),(79,'playerVirtual4','playerVirtual4_6571218',0,'2018-02-20 08:25:14',NULL,0),(80,'playerVirtual4','playerVirtual4_6571218',0,'2018-02-20 08:25:15',NULL,0),(81,'playerVirtual3','playerVirtual3_aa5241d8c0',4,'2018-02-20 08:25:18',NULL,0),(82,'playerVirtual2','playerVirtual2_778566023',0,'2018-02-20 08:25:41',NULL,0),(83,'playerVirtual2','playerVirtual2_778566023',0,'2018-02-20 08:25:41',NULL,0),(84,'playerVirtual5','playerVirtual5_1436344784',0,'2018-02-20 08:25:45',NULL,0),(85,'playerVirtual5','playerVirtual5_1436344784',0,'2018-02-20 08:25:45',NULL,0),(86,'playerVirtual4','playerVirtual4_0786208805',4,'2018-02-20 08:26:14',NULL,0),(87,'playerVirtual2','playerVirtual2_824ae88c0e',3,'2018-02-20 08:26:41',NULL,0),(88,'playerVirtual1848','playerVirtual1848_b22dd5257d',4,'2018-02-20 08:26:41',NULL,0),(89,'playerVirtual5','playerVirtual5_64f4893ff1',4,'2018-02-20 08:26:45',NULL,0),(90,'playerVirtual3','playerVirtual3_317497342',0,'2018-02-20 08:27:02',NULL,0),(91,'playerVirtual3','playerVirtual3_317497342',0,'2018-02-20 08:27:02',NULL,0),(92,'playerVirtual3','playerVirtual3_4aef45cf48',3,'2018-02-20 08:28:02',NULL,0),(93,'playerVirtual6','playerVirtual6_1339662',0,'2018-02-20 08:28:42',NULL,0),(94,'playerVirtual6','playerVirtual6_1339662',0,'2018-02-20 08:28:43',NULL,0),(95,'playerVirtual4','playerVirtual4_284794223',0,'2018-02-20 08:29:17',NULL,0),(96,'playerVirtual4','playerVirtual4_284794223',0,'2018-02-20 08:29:17',NULL,0),(97,'playerVirtual6','playerVirtual6_7c8eec6faf',3,'2018-02-20 08:29:43',NULL,0),(98,'playerVirtual2','playerVirtual2_359920779',0,'2018-02-20 08:29:45',NULL,0),(99,'playerVirtual2','playerVirtual2_359920779',0,'2018-02-20 08:29:46',NULL,0),(100,'playerVirtual5','playerVirtual5_2904109077',0,'2018-02-20 08:30:05',NULL,0),(101,'playerVirtual5','playerVirtual5_2904109077',0,'2018-02-20 08:30:06',NULL,0),(102,'playerVirtual1848','playerVirtual1848_904011',0,'2018-02-20 08:30:14',NULL,0),(103,'playerVirtual1848','playerVirtual1848_904011',0,'2018-02-20 08:30:14',NULL,0),(104,'playerVirtual4','playerVirtual4_a3ad7ae6d6',3,'2018-02-20 08:30:17',NULL,0),(105,'playerVirtual6','playerVirtual6_905614',0,'2018-02-20 08:30:45',NULL,0),(106,'playerVirtual6','playerVirtual6_905614',0,'2018-02-20 08:30:45',NULL,0),(107,'playerVirtual2','playerVirtual2_79a6d9e19d',4,'2018-02-20 08:30:46',NULL,0),(108,'playerVirtual3','playerVirtual3_257338074',0,'2018-02-20 08:30:51',NULL,0),(109,'playerVirtual3','playerVirtual3_257338074',0,'2018-02-20 08:30:51',NULL,0),(110,'playerVirtual5','playerVirtual5_371ec1b30b',3,'2018-02-20 08:31:06',NULL,0),(111,'playerVirtual1848','playerVirtual1848_931dc954c1',3,'2018-02-20 08:31:14',NULL,0),(112,'playerVirtual6','playerVirtual6_2ed94df4b3',4,'2018-02-20 08:31:45',NULL,0),(113,'playerVirtual4','playerVirtual4_1093460',0,'2018-02-20 08:31:49',NULL,0),(114,'playerVirtual4','playerVirtual4_1093460',0,'2018-02-20 08:31:50',NULL,0),(115,'playerVirtual3','playerVirtual3_71014bb0be',4,'2018-02-20 08:31:51',NULL,0),(116,'playerVirtual2','playerVirtual2_6569547',0,'2018-02-20 08:32:17',NULL,0),(117,'playerVirtual2','playerVirtual2_6569547',0,'2018-02-20 08:32:17',NULL,0),(118,'playerVirtual1848','playerVirtual1848_30788568',0,'2018-02-20 08:32:21',NULL,0),(119,'playerVirtual1848','playerVirtual1848_30788568',0,'2018-02-20 08:32:22',NULL,0),(120,'playerVirtual5','playerVirtual5_470485660',0,'2018-02-20 08:32:22',NULL,0),(121,'playerVirtual5','playerVirtual5_470485660',0,'2018-02-20 08:32:22',NULL,0),(122,'playerVirtual4','playerVirtual4_78bfd6cca3',4,'2018-02-20 08:32:50',NULL,0),(123,'playerVirtual2','playerVirtual2_0aff4caf93',3,'2018-02-20 08:33:17',NULL,0),(124,'playerVirtual1848','playerVirtual1848_b330a3d45a',4,'2018-02-20 08:33:22',NULL,0),(125,'playerVirtual5','playerVirtual5_d83521f186',4,'2018-02-20 08:33:22',NULL,0),(126,'playerVirtual3','playerVirtual3_38671842',0,'2018-02-20 08:33:50',NULL,0),(127,'playerVirtual3','playerVirtual3_38671842',0,'2018-02-20 08:33:50',NULL,0),(128,'playerVirtual3','playerVirtual3_a01c1aa2d5',3,'2018-02-20 08:34:50',NULL,0),(129,'playerVirtual8','playerVirtual8_8f8c69037f',4,'2018-02-20 08:35:08',NULL,0),(130,'playerVirtual6','playerVirtual6_5792765',0,'2018-02-20 08:35:24',NULL,0),(131,'playerVirtual6','playerVirtual6_5792765',0,'2018-02-20 08:35:24',NULL,0),(132,'playerVirtual4','playerVirtual4_400453824',0,'2018-02-20 08:36:05',NULL,0),(133,'playerVirtual4','playerVirtual4_400453824',0,'2018-02-20 08:36:05',NULL,0),(134,'playerVirtual6','playerVirtual6_a7c3a2e455',3,'2018-02-20 08:36:24',NULL,0),(135,'playerVirtual2','playerVirtual2_4820318661',0,'2018-02-20 08:36:41',NULL,0),(136,'playerVirtual2','playerVirtual2_4820318661',0,'2018-02-20 08:36:42',NULL,0),(137,'playerVirtual4','playerVirtual4_d34254f278',3,'2018-02-20 08:37:05',NULL,0),(138,'playerVirtual5','playerVirtual5_4820217293',0,'2018-02-20 08:37:05',NULL,0),(139,'playerVirtual5','playerVirtual5_4820217293',0,'2018-02-20 08:37:06',NULL,0),(140,'playerVirtual2','playerVirtual2_4cc7b71147',4,'2018-02-20 08:37:42',NULL,0),(141,'playerVirtual3','playerVirtual3_6264344062',0,'2018-02-20 08:37:51',NULL,0),(142,'playerVirtual3','playerVirtual3_6264344062',0,'2018-02-20 08:37:51',NULL,0),(143,'playerVirtual6','playerVirtual6_5068098508',0,'2018-02-20 08:37:59',NULL,0),(144,'playerVirtual6','playerVirtual6_5068098508',0,'2018-02-20 08:37:59',NULL,0),(145,'playerVirtual5','playerVirtual5_90e8504006',3,'2018-02-20 08:38:05',NULL,0),(146,'playerVirtual3','playerVirtual3_23a00a1901',4,'2018-02-20 08:38:51',NULL,0),(147,'playerVirtual6','playerVirtual6_df7e6eccef',4,'2018-02-20 08:38:59',NULL,0),(148,'playerVirtual1793','playerVirtual1793_5ad7540745',4,'2018-02-20 08:39:15',NULL,0),(149,'playerVirtual8','playerVirtual8_2378747961',0,'2018-02-20 08:39:17',NULL,0),(150,'playerVirtual8','playerVirtual8_2378747961',0,'2018-02-20 08:39:18',NULL,0),(151,'playerVirtual9','playerVirtual9_e2fb4d3296',4,'2018-02-20 08:40:09',NULL,0),(152,'playerVirtual4','playerVirtual4_227443932',0,'2018-02-20 08:40:17',NULL,0),(153,'playerVirtual8','playerVirtual8_71dc0a98e9',3,'2018-02-20 08:40:18',NULL,0),(154,'playerVirtual4','playerVirtual4_227443932',0,'2018-02-20 08:40:18',NULL,0),(155,'playerVirtual2','playerVirtual2_1095593',0,'2018-02-20 08:40:45',NULL,0),(156,'playerVirtual2','playerVirtual2_1095593',0,'2018-02-20 08:40:45',NULL,0),(157,'playerVirtual5','playerVirtual5_2148750930',0,'2018-02-20 08:40:54',NULL,0),(158,'playerVirtual5','playerVirtual5_2148750930',0,'2018-02-20 08:40:54',NULL,0),(159,'playerVirtual4','playerVirtual4_edcf3a67ee',4,'2018-02-20 08:41:18',NULL,0),(160,'playerVirtual2','playerVirtual2_064e2b39d0',3,'2018-02-20 08:41:45',NULL,0),(161,'playerVirtual5','playerVirtual5_977fb23a4f',4,'2018-02-20 08:41:54',NULL,0),(162,'playerVirtual3','playerVirtual3_2359368952',1,'2018-02-20 08:42:02',NULL,0),(163,'playerVirtual3','playerVirtual3_f44bebc08c',3,'2018-02-20 08:42:02',NULL,0),(164,'playerVirtual3','playerVirtual3_2359368952',1,'2018-02-20 08:42:02',NULL,0),(165,'playerVirtual8','playerVirtual8_5623125514',0,'2018-02-20 08:42:53',NULL,0),(166,'playerVirtual8','playerVirtual8_5623125514',0,'2018-02-20 08:42:53',NULL,0),(167,'playerVirtual8','playerVirtual8_1728ef01d6',4,'2018-02-20 08:43:53',NULL,0),(168,'playerVirtual6','playerVirtual6_563574327',0,'2018-02-20 08:44:00',NULL,0),(169,'playerVirtual6','playerVirtual6_563574327',0,'2018-02-20 08:44:00',NULL,0),(170,'playerVirtual4','playerVirtual4_284757920',0,'2018-02-20 08:44:51',NULL,0),(171,'playerVirtual4','playerVirtual4_284757920',0,'2018-02-20 08:44:51',NULL,0),(172,'playerVirtual1793','playerVirtual1793_765651',0,'2018-02-20 08:44:54',NULL,0),(173,'playerVirtual1793','playerVirtual1793_765651',0,'2018-02-20 08:44:54',NULL,0),(174,'playerVirtual6','playerVirtual6_0c9b957204',3,'2018-02-20 08:45:00',NULL,0),(175,'playerVirtual10','playerVirtual10_01369666be',4,'2018-02-20 08:45:10',NULL,0),(176,'playerVirtual2','playerVirtual2_272887063',0,'2018-02-20 08:45:30',NULL,0),(177,'playerVirtual2','playerVirtual2_272887063',0,'2018-02-20 08:45:30',NULL,0),(178,'playerVirtual3','playerVirtual3_38676294',0,'2018-02-20 08:45:43',NULL,0),(179,'playerVirtual3','playerVirtual3_38676294',0,'2018-02-20 08:45:43',NULL,0),(180,'playerVirtual9','playerVirtual9_16915963',0,'2018-02-20 08:45:51',NULL,0),(181,'playerVirtual9','playerVirtual9_16915963',0,'2018-02-20 08:45:51',NULL,0),(182,'playerVirtual4','playerVirtual4_2dd87d14f8',3,'2018-02-20 08:45:51',NULL,0),(183,'playerVirtual1793','playerVirtual1793_50d8c12673',3,'2018-02-20 08:45:54',NULL,0),(184,'playerVirtual5','playerVirtual5_6274355716',0,'2018-02-20 08:45:56',NULL,0),(185,'playerVirtual5','playerVirtual5_6274355716',0,'2018-02-20 08:45:57',NULL,0),(186,'playerVirtual2','playerVirtual2_1c2981a5a9',4,'2018-02-20 08:46:30',NULL,0),(187,'playerVirtual3','playerVirtual3_7fdbbb36f8',4,'2018-02-20 08:46:43',NULL,0),(188,'playerVirtual9','playerVirtual9_94b63ce6b6',3,'2018-02-20 08:46:51',NULL,0),(189,'playerVirtual5','playerVirtual5_90268bb916',3,'2018-02-20 08:46:56',NULL,0),(190,'playerVirtual6','playerVirtual6_4820204870',0,'2018-02-20 08:48:08',NULL,0),(191,'playerVirtual6','playerVirtual6_4820204870',0,'2018-02-20 08:48:08',NULL,0),(192,'playerVirtual1793','playerVirtual1793_6280638724',0,'2018-02-20 08:49:00',NULL,0),(193,'playerVirtual1793','playerVirtual1793_6280638724',0,'2018-02-20 08:49:00',NULL,0),(194,'playerVirtual6','playerVirtual6_4125e41f1d',4,'2018-02-20 08:49:08',NULL,0),(195,'playerVirtual8','playerVirtual8_182859403',0,'2018-02-20 08:49:12',NULL,0),(196,'playerVirtual8','playerVirtual8_182859403',0,'2018-02-20 08:49:12',NULL,0),(197,'playerVirtual2','playerVirtual2_3b159cea81',3,'2018-02-20 08:49:54',NULL,0),(198,'playerVirtual1793','playerVirtual1793_d212395eb3',4,'2018-02-20 08:50:00',NULL,0),(199,'playerVirtual9','playerVirtual9_4476462938',0,'2018-02-20 08:50:03',NULL,0),(200,'playerVirtual9','playerVirtual9_4476462938',0,'2018-02-20 08:50:04',NULL,0),(201,'playerVirtual8','playerVirtual8_57c2a8bc52',3,'2018-02-20 08:50:12',NULL,0),(202,'playerVirtual11','playerVirtual11_41eeff4c5d',4,'2018-02-20 08:50:13',NULL,0),(203,'playerVirtual4','playerVirtual4_990694203',0,'2018-02-20 08:50:57',NULL,0),(204,'playerVirtual4','playerVirtual4_990694203',0,'2018-02-20 08:50:57',NULL,0),(205,'playerVirtual9','playerVirtual9_482e3d534a',4,'2018-02-20 08:51:04',NULL,0),(206,'playerVirtual3','playerVirtual3_6280643141',0,'2018-02-20 08:51:46',NULL,0),(207,'playerVirtual3','playerVirtual3_6280643141',0,'2018-02-20 08:51:46',NULL,0),(208,'playerVirtual5','playerVirtual5_272887063',0,'2018-02-20 08:51:57',NULL,0),(209,'playerVirtual4','playerVirtual4_c985fe50c3',4,'2018-02-20 08:51:57',NULL,0),(210,'playerVirtual5','playerVirtual5_272887063',0,'2018-02-20 08:51:57',NULL,0),(211,'playerVirtual10','playerVirtual10_990694203',0,'2018-02-20 08:52:35',NULL,0),(212,'playerVirtual10','playerVirtual10_990694203',0,'2018-02-20 08:52:35',NULL,0),(213,'playerVirtual3','playerVirtual3_71c9980ca0',3,'2018-02-20 08:52:46',NULL,0),(214,'playerVirtual5','playerVirtual5_5b8374a6f7',4,'2018-02-20 08:52:57',NULL,0),(215,'playerVirtual8','playerVirtual8_05912ce78c',4,'2018-02-20 08:53:02',NULL,0),(216,'playerVirtual10','playerVirtual10_508d63a6ae',3,'2018-02-20 08:53:35',NULL,0),(217,'playerVirtual10','playerVirtual10_990694203',1,'2018-02-20 08:54:37',NULL,0),(218,'playerVirtual10','playerVirtual10_85b8757c59',4,'2018-02-20 08:54:37',NULL,0),(219,'playerVirtual10','playerVirtual10_990694203',1,'2018-02-20 08:54:37',NULL,0),(220,'playerVirtual6','playerVirtual6_6282149131',0,'2018-02-20 08:55:04',NULL,0),(221,'playerVirtual6','playerVirtual6_6282149131',0,'2018-02-20 08:55:04',NULL,0),(222,'playerVirtual12','playerVirtual12_9cd75cb865',4,'2018-02-20 08:55:14',NULL,0),(223,'playerVirtual2','playerVirtual2_272887063',1,'2018-02-20 08:55:30',NULL,0),(224,'playerVirtual2','playerVirtual2_7bf76f9b15',4,'2018-02-20 08:55:30',NULL,0),(225,'playerVirtual2','playerVirtual2_272887063',1,'2018-02-20 08:55:30',NULL,0),(226,'playerVirtual4','playerVirtual4_990694203',1,'2018-02-20 08:55:30',NULL,0),(227,'playerVirtual4','playerVirtual4_617152eba0',3,'2018-02-20 08:55:30',NULL,0),(228,'playerVirtual4','playerVirtual4_990694203',1,'2018-02-20 08:55:31',NULL,0),(229,'playerVirtual6','playerVirtual6_4acce1f71d',3,'2018-02-20 08:56:04',NULL,0),(230,'playerVirtual3','playerVirtual3_214880781',0,'2018-02-20 08:57:09',NULL,0),(231,'playerVirtual3','playerVirtual3_214880781',0,'2018-02-20 08:57:09',NULL,0),(232,'playerVirtual9','playerVirtual9_682797',0,'2018-02-20 08:57:14',NULL,0),(233,'playerVirtual9','playerVirtual9_682797',0,'2018-02-20 08:57:14',NULL,0),(234,'playerVirtual5','playerVirtual5_1094955',0,'2018-02-20 08:57:24',NULL,0),(235,'playerVirtual5','playerVirtual5_1094955',0,'2018-02-20 08:57:24',NULL,0),(236,'playerVirtual1173','playerVirtual1173_b7897eacd8',4,'2018-02-20 08:58:01',NULL,0),(237,'playerVirtual3','playerVirtual3_35440496b1',4,'2018-02-20 08:58:12',NULL,0),(238,'playerVirtual9','playerVirtual9_48d99327c4',3,'2018-02-20 08:58:14',NULL,0),(239,'playerVirtual5','playerVirtual5_8c8ff79925',3,'2018-02-20 08:58:24',NULL,0),(240,'playerVirtual11','playerVirtual11_1436323714',0,'2018-02-20 08:58:28',NULL,0),(241,'playerVirtual11','playerVirtual11_1436323714',0,'2018-02-20 08:58:28',NULL,0),(242,'playerVirtual11','playerVirtual11_7bd30d1ff4',3,'2018-02-20 08:59:28',NULL,0),(243,'playerVirtual8','playerVirtual8_16914091',0,'2018-02-20 08:59:42',NULL,0),(244,'playerVirtual8','playerVirtual8_16914091',0,'2018-02-20 08:59:42',NULL,0),(245,'playerVirtual2','playerVirtual2_6285257156',0,'2018-02-20 08:59:46',NULL,0),(246,'playerVirtual2','playerVirtual2_6285257156',0,'2018-02-20 08:59:46',NULL,0),(247,'playerVirtual13','playerVirtual13_8bd2b01839',4,'2018-02-20 09:00:10',NULL,0),(248,'playerVirtual6','playerVirtual6_6955737',0,'2018-02-20 09:00:39',NULL,0),(249,'playerVirtual6','playerVirtual6_6955737',0,'2018-02-20 09:00:40',NULL,0),(250,'playerVirtual8','playerVirtual8_387edb9b5d',3,'2018-02-20 09:00:42',NULL,0),(251,'playerVirtual2','playerVirtual2_c0dc5b73f6',3,'2018-02-20 09:00:46',NULL,0),(252,'playerVirtual6','playerVirtual6_82cd9367ed',4,'2018-02-20 09:01:40',NULL,0),(253,'playerVirtual11','playerVirtual11_2378747961',0,'2018-02-20 09:02:04',NULL,0),(254,'playerVirtual11','playerVirtual11_2378747961',0,'2018-02-20 09:02:04',NULL,0),(255,'playerVirtual4','playerVirtual4_6955737',0,'2018-02-20 09:02:16',NULL,0),(256,'playerVirtual4','playerVirtual4_6955737',0,'2018-02-20 09:02:16',NULL,0),(257,'playerVirtual9','playerVirtual9_3338579772',0,'2018-02-20 09:02:43',NULL,0),(258,'playerVirtual9','playerVirtual9_3338579772',0,'2018-02-20 09:02:43',NULL,0),(259,'playerVirtual11','playerVirtual11_9ccc0d4eea',4,'2018-02-20 09:03:04',NULL,0),(260,'playerVirtual4','playerVirtual4_ead887876c',4,'2018-02-20 09:03:16',NULL,0),(261,'playerVirtual10','playerVirtual10_182859403',0,'2018-02-20 09:03:18',NULL,0),(262,'playerVirtual10','playerVirtual10_182859403',0,'2018-02-20 09:03:18',NULL,0),(263,'playerVirtual9','playerVirtual9_0be2e708fd',4,'2018-02-20 09:03:43',NULL,0),(264,'playerVirtual12','playerVirtual12_6641406',0,'2018-02-20 09:04:01',NULL,0),(265,'playerVirtual12','playerVirtual12_6641406',0,'2018-02-20 09:04:01',NULL,0),(266,'playerVirtual10','playerVirtual10_c2558a7627',3,'2018-02-20 09:04:18',NULL,0),(267,'playerVirtual3','playerVirtual3_3338579772',1,'2018-02-20 09:04:28',NULL,0),(268,'playerVirtual3','playerVirtual3_6386de6fc0',3,'2018-02-20 09:04:28',NULL,0),(269,'playerVirtual3','playerVirtual3_3338579772',1,'2018-02-20 09:04:32',NULL,0),(270,'playerVirtual5','playerVirtual5_2381571381',0,'2018-02-20 09:04:43',NULL,0),(271,'playerVirtual5','playerVirtual5_2381571381',0,'2018-02-20 09:04:43',NULL,0),(272,'playerVirtual8','playerVirtual8_e448c9bb9e',4,'2018-02-20 09:04:51',NULL,0),(273,'playerVirtual12','playerVirtual12_39fd9c8a0d',3,'2018-02-20 09:05:01',NULL,0),(274,'playerVirtual14','playerVirtual14_f03b5a5cf7',4,'2018-02-20 09:05:13',NULL,0),(275,'playerVirtual5','playerVirtual5_a91c131377',4,'2018-02-20 09:05:43',NULL,0),(276,'playerVirtual4','playerVirtual4_6955737',1,'2018-02-20 09:06:49',NULL,0),(277,'playerVirtual4','playerVirtual4_43bb7451fa',3,'2018-02-20 09:06:49',NULL,0),(278,'playerVirtual4','playerVirtual4_6955737',1,'2018-02-20 09:06:49',NULL,0),(279,'playerVirtual2','playerVirtual2_1438244924',0,'2018-02-20 09:07:58',NULL,0),(280,'playerVirtual2','playerVirtual2_1438244924',0,'2018-02-20 09:07:58',NULL,0),(281,'playerVirtual10','playerVirtual10_990694203',0,'2018-02-20 09:08:11',NULL,0),(282,'playerVirtual10','playerVirtual10_467c91898d',4,'2018-02-20 09:08:11',NULL,0),(283,'playerVirtual10','playerVirtual10_990694203',0,'2018-02-20 09:08:11',NULL,0),(284,'playerVirtual6','playerVirtual6_6289704471',0,'2018-02-20 09:08:33',NULL,0),(285,'playerVirtual6','playerVirtual6_6289704471',0,'2018-02-20 09:08:33',NULL,0),(286,'playerVirtual2','playerVirtual2_3c8d778945',4,'2018-02-20 09:08:58',NULL,0),(287,'playerVirtual6','playerVirtual6_0147c67111',3,'2018-02-20 09:09:33',NULL,0),(288,'playerVirtual1380','playerVirtual1380_c4952a4ed8',4,'2018-02-20 09:09:45',NULL,0),(289,'playerVirtual3','playerVirtual3_6264344062',1,'2018-02-20 09:09:50',NULL,0),(290,'playerVirtual3','playerVirtual3_4b3af4d812',4,'2018-02-20 09:09:50',NULL,0),(291,'playerVirtual3','playerVirtual3_6264344062',1,'2018-02-20 09:09:50',NULL,0),(292,'playerVirtual15','playerVirtual15_a823d6c669',4,'2018-02-20 09:10:09',NULL,0),(293,'playerVirtual12','playerVirtual12_6296865278',0,'2018-02-20 09:10:20',NULL,0),(294,'playerVirtual12','playerVirtual12_6296865278',0,'2018-02-20 09:10:20',NULL,0),(295,'playerVirtual13','playerVirtual13_6289355687',0,'2018-02-20 09:10:33',NULL,0),(296,'playerVirtual13','playerVirtual13_6289355687',0,'2018-02-20 09:10:33',NULL,0),(297,'playerVirtual9','playerVirtual9_794070039',0,'2018-02-20 09:11:10',NULL,0),(298,'playerVirtual9','playerVirtual9_794070039',0,'2018-02-20 09:11:10',NULL,0),(299,'playerVirtual5','playerVirtual5_1436344784',1,'2018-02-20 09:11:11',NULL,0),(300,'playerVirtual5','playerVirtual5_de26a43fcb',3,'2018-02-20 09:11:11',NULL,0),(301,'playerVirtual5','playerVirtual5_1436344784',1,'2018-02-20 09:11:11',NULL,0),(302,'playerVirtual12','playerVirtual12_be1960fc7f',4,'2018-02-20 09:11:20',NULL,0),(303,'playerVirtual13','playerVirtual13_5d82def2c6',3,'2018-02-20 09:11:33',NULL,0),(304,'playerVirtual9','playerVirtual9_97d56ab839',3,'2018-02-20 09:12:10',NULL,0),(305,'playerVirtual11','playerVirtual11_1436344784',0,'2018-02-20 09:12:15',NULL,0),(306,'playerVirtual11','playerVirtual11_1436344784',0,'2018-02-20 09:12:15',NULL,0),(307,'playerVirtual11','playerVirtual11_3fc720bba5',3,'2018-02-20 09:13:15',NULL,0),(308,'playerVirtual2','playerVirtual2_1095593',1,'2018-02-20 09:13:59',NULL,0),(309,'playerVirtual2','playerVirtual2_a4be5e5df6',3,'2018-02-20 09:13:59',NULL,0),(310,'playerVirtual2','playerVirtual2_1095593',1,'2018-02-20 09:14:01',NULL,0),(311,'playerVirtual8','playerVirtual8_6296268057',0,'2018-02-20 09:14:36',NULL,0),(312,'playerVirtual8','playerVirtual8_6296268057',0,'2018-02-20 09:14:36',NULL,0),(313,'playerVirtual16','playerVirtual16_8eaf346a28',4,'2018-02-20 09:15:11',NULL,0),(314,'playerVirtual8','playerVirtual8_e5086c08e3',3,'2018-02-20 09:15:36',NULL,0),(315,'playerVirtual11','playerVirtual11_2378747961',1,'2018-02-20 09:16:22',NULL,0),(316,'playerVirtual11','playerVirtual11_d1f9b564f8',4,'2018-02-20 09:16:23',NULL,0),(317,'playerVirtual11','playerVirtual11_2378747961',1,'2018-02-20 09:16:23',NULL,0),(318,'playerVirtual10','playerVirtual10_990694203',1,'2018-02-20 09:16:52',NULL,0),(319,'playerVirtual10','playerVirtual10_c9130e5c08',3,'2018-02-20 09:16:53',NULL,0),(320,'playerVirtual10','playerVirtual10_990694203',1,'2018-02-20 09:16:53',NULL,0),(321,'playerVirtual6','playerVirtual6_990694203',0,'2018-02-20 09:18:39',NULL,0),(322,'playerVirtual6','playerVirtual6_990694203',0,'2018-02-20 09:18:39',NULL,0),(323,'playerVirtual4','playerVirtual4_6264344062',0,'2018-02-20 09:19:04',NULL,0),(324,'playerVirtual4','playerVirtual4_6264344062',0,'2018-02-20 09:19:04',NULL,0),(325,'playerVirtual14','playerVirtual14_182859403',0,'2018-02-20 09:19:23',NULL,0),(326,'playerVirtual14','playerVirtual14_182859403',0,'2018-02-20 09:19:24',NULL,0),(327,'playerVirtual5','playerVirtual5_09920ce83d',4,'2018-02-20 09:19:34',NULL,0),(328,'playerVirtual6','playerVirtual6_8cf14ac837',4,'2018-02-20 09:19:39',NULL,0),(329,'playerVirtual13','playerVirtual13_6274355716',0,'2018-02-20 09:19:57',NULL,0),(330,'playerVirtual13','playerVirtual13_6274355716',0,'2018-02-20 09:19:57',NULL,0),(331,'playerVirtual4','playerVirtual4_648670e50d',4,'2018-02-20 09:20:04',NULL,0),(332,'playerVirtual14','playerVirtual14_a3f282885f',3,'2018-02-20 09:20:23',NULL,0),(333,'playerVirtual13','playerVirtual13_12e4453460',4,'2018-02-20 09:20:57',NULL,0),(334,'playerVirtual14','playerVirtual14_182859403',1,'2018-02-20 09:21:25',NULL,0),(335,'playerVirtual14','playerVirtual14_f19a11c187',4,'2018-02-20 09:21:25',NULL,0),(336,'playerVirtual14','playerVirtual14_182859403',1,'2018-02-20 09:21:25',NULL,0),(337,'playerVirtual3','playerVirtual3_5297461910',0,'2018-02-20 09:21:30',NULL,0),(338,'playerVirtual3','playerVirtual3_5297461910',0,'2018-02-20 09:21:30',NULL,0),(339,'playerVirtual3','playerVirtual3_b1377de4a5',3,'2018-02-20 09:22:30',NULL,0),(340,'playerVirtual10','playerVirtual10_182859403',1,'2018-02-20 09:23:20',NULL,0),(341,'playerVirtual10','playerVirtual10_2e680453fb',4,'2018-02-20 09:23:20',NULL,0),(342,'playerVirtual10','playerVirtual10_182859403',1,'2018-02-20 09:23:21',NULL,0),(343,'playerVirtual9','playerVirtual9_182859403',0,'2018-02-20 09:23:35',NULL,0),(344,'playerVirtual9','playerVirtual9_182859403',0,'2018-02-20 09:23:35',NULL,0),(345,'playerVirtual12','playerVirtual12_1095593',0,'2018-02-20 09:24:13',NULL,0),(346,'playerVirtual12','playerVirtual12_1095593',0,'2018-02-20 09:24:14',NULL,0),(347,'playerVirtual9','playerVirtual9_632491abd2',4,'2018-02-20 09:24:35',NULL,0),(348,'playerVirtual8','playerVirtual8_539194189',0,'2018-02-20 09:24:51',NULL,0),(349,'playerVirtual8','playerVirtual8_539194189',0,'2018-02-20 09:24:52',NULL,0),(350,'playerVirtual18','playerVirtual18_06d8279e36',4,'2018-02-20 09:25:11',NULL,0),(351,'playerVirtual12','playerVirtual12_652c445fe7',3,'2018-02-20 09:25:13',NULL,0),(352,'playerVirtual2','playerVirtual2_908315',1,'2018-02-20 09:25:14',NULL,0),(353,'playerVirtual2','playerVirtual2_b2060e155d',4,'2018-02-20 09:25:15',NULL,0),(354,'playerVirtual2','playerVirtual2_908315',1,'2018-02-20 09:25:15',NULL,0),(355,'playerVirtual8','playerVirtual8_bf1c66409e',4,'2018-02-20 09:25:51',NULL,0),(356,'playerVirtual6','playerVirtual6_990694203',1,'2018-02-20 09:26:32',NULL,0),(357,'playerVirtual6','playerVirtual6_624d8a8d96',3,'2018-02-20 09:26:33',NULL,0),(358,'playerVirtual6','playerVirtual6_990694203',1,'2018-02-20 09:26:33',NULL,0),(359,'playerVirtual1719','playerVirtual1719_8cf5e95ebf',4,'2018-02-20 09:27:03',NULL,0),(360,'playerVirtual15','playerVirtual15_6289704471',0,'2018-02-20 09:27:14',NULL,0),(361,'playerVirtual15','playerVirtual15_6289704471',0,'2018-02-20 09:27:15',NULL,0),(362,'playerVirtual15','playerVirtual15_0771b34fc6',3,'2018-02-20 09:28:15',NULL,0),(363,'playerVirtual4','playerVirtual4_4246147567',0,'2018-02-20 09:28:47',NULL,0),(364,'playerVirtual4','playerVirtual4_4246147567',0,'2018-02-20 09:28:49',NULL,0),(365,'playerVirtual3','playerVirtual3_539194189',1,'2018-02-20 09:29:31',NULL,0),(366,'playerVirtual3','playerVirtual3_7f0bdc60ad',4,'2018-02-20 09:29:32',NULL,0),(367,'playerVirtual3','playerVirtual3_539194189',1,'2018-02-20 09:29:32',NULL,0),(368,'playerVirtual4','playerVirtual4_54eb6ca2d5',3,'2018-02-20 09:29:47',NULL,0),(369,'playerVirtual19','playerVirtual19_ebdff3cd81',4,'2018-02-20 09:30:14',NULL,0),(370,'playerVirtual15','playerVirtual15_6289704471',1,'2018-02-20 09:30:20',NULL,0),(371,'playerVirtual15','playerVirtual15_28da78217c',4,'2018-02-20 09:30:20',NULL,0),(372,'playerVirtual15','playerVirtual15_6289704471',1,'2018-02-20 09:30:20',NULL,0),(373,'playerVirtual2','playerVirtual2_5297461910',1,'2018-02-20 09:30:43',NULL,0),(374,'playerVirtual2','playerVirtual2_e518dd7f42',3,'2018-02-20 09:30:43',NULL,0),(375,'playerVirtual2','playerVirtual2_5297461910',1,'2018-02-20 09:30:43',NULL,0),(376,'playerVirtual12','playerVirtual12_1095593',1,'2018-02-20 09:30:46',NULL,0),(377,'playerVirtual12','playerVirtual12_223d3fef7e',4,'2018-02-20 09:30:46',NULL,0),(378,'playerVirtual12','playerVirtual12_1095593',1,'2018-02-20 09:30:46',NULL,0),(379,'playerVirtual5','playerVirtual5_6289704471',0,'2018-02-20 09:32:01',NULL,0),(380,'playerVirtual5','playerVirtual5_6289704471',0,'2018-02-20 09:32:01',NULL,0),(381,'playerVirtual5','playerVirtual5_36f00039b2',3,'2018-02-20 09:33:02',NULL,0),(382,'playerVirtual16','playerVirtual16_908315',0,'2018-02-20 09:33:06',NULL,0),(383,'playerVirtual16','playerVirtual16_908315',0,'2018-02-20 09:33:07',NULL,0),(384,'playerVirtual13','playerVirtual13_4246147567',0,'2018-02-20 09:33:41',NULL,0),(385,'playerVirtual13','playerVirtual13_4246147567',0,'2018-02-20 09:33:41',NULL,0),(386,'playerVirtual11','playerVirtual11_4246147567',0,'2018-02-20 09:33:45',NULL,0),(387,'playerVirtual11','playerVirtual11_4246147567',0,'2018-02-20 09:33:46',NULL,0),(388,'playerVirtual16','playerVirtual16_dc0b9e49ad',3,'2018-02-20 09:34:06',NULL,0),(389,'playerVirtual13','playerVirtual13_3e7a437abd',3,'2018-02-20 09:34:41',NULL,0),(390,'playerVirtual9','playerVirtual9_4246147567',0,'2018-02-20 09:34:45',NULL,0),(391,'playerVirtual9','playerVirtual9_4246147567',0,'2018-02-20 09:34:45',NULL,0),(392,'playerVirtual11','playerVirtual11_188d63d365',3,'2018-02-20 09:34:45',NULL,0),(393,'playerVirtual9','playerVirtual9_7864b5a84e',3,'2018-02-20 09:35:45',NULL,0),(394,'playerVirtual6','playerVirtual6_6289704471',1,'2018-02-20 09:37:01',NULL,0),(395,'playerVirtual6','playerVirtual6_8855dcb7ec',4,'2018-02-20 09:37:01',NULL,0),(396,'playerVirtual6','playerVirtual6_6289704471',1,'2018-02-20 09:37:01',NULL,0),(397,'playerVirtual11','playerVirtual11_4246147567',1,'2018-02-20 09:37:53',NULL,0),(398,'playerVirtual11','playerVirtual11_c92174c63d',4,'2018-02-20 09:37:53',NULL,0),(399,'playerVirtual11','playerVirtual11_4246147567',1,'2018-02-20 09:37:53',NULL,0),(400,'playerVirtual10','playerVirtual10_6315250734',0,'2018-02-20 09:38:20',NULL,0),(401,'playerVirtual10','playerVirtual10_6315250734',0,'2018-02-20 09:38:20',NULL,0),(402,'playerVirtual8','playerVirtual8_2378747961',0,'2018-02-20 09:38:32',NULL,0),(403,'playerVirtual8','playerVirtual8_7f30e148ce',3,'2018-02-20 09:38:32',NULL,0),(404,'playerVirtual8','playerVirtual8_2378747961',0,'2018-02-20 09:38:32',NULL,0),(405,'playerVirtual16','playerVirtual16_4246147567',0,'2018-02-20 09:39:23',NULL,0),(406,'playerVirtual10','playerVirtual10_9fcda964e9',3,'2018-02-20 09:39:24',NULL,0),(407,'playerVirtual16','playerVirtual16_4246147567',0,'2018-02-20 09:39:25',NULL,0),(408,'playerVirtual16','playerVirtual16_485060463f',4,'2018-02-20 09:40:21',NULL,0),(409,'playerVirtual14','playerVirtual14_4246147567',0,'2018-02-20 09:41:44',NULL,0),(410,'playerVirtual14','playerVirtual14_4246147567',0,'2018-02-20 09:41:45',NULL,0),(411,'playerVirtual4','playerVirtual4_b560d58989',4,'2018-02-20 09:41:59',NULL,0),(412,'playerVirtual14','playerVirtual14_eac613dd6c',3,'2018-02-20 09:42:45',NULL,0),(413,'playerVirtual13','playerVirtual13_4246147567',1,'2018-02-20 09:43:05',NULL,0),(414,'playerVirtual13','playerVirtual13_c395957b87',4,'2018-02-20 09:43:05',NULL,0),(415,'playerVirtual13','playerVirtual13_4246147567',1,'2018-02-20 09:43:05',NULL,0),(416,'playerVirtual5','playerVirtual5_4246147567',0,'2018-02-20 09:43:27',NULL,0),(417,'playerVirtual5','playerVirtual5_4246147567',0,'2018-02-20 09:43:27',NULL,0),(418,'playerVirtual14','playerVirtual14_4246147567',1,'2018-02-20 09:43:46',NULL,0),(419,'playerVirtual14','playerVirtual14_8cadc0ae90',4,'2018-02-20 09:43:46',NULL,0),(420,'playerVirtual14','playerVirtual14_4246147567',1,'2018-02-20 09:43:46',NULL,0),(421,'playerVirtual6','playerVirtual6_5068098508',1,'2018-02-20 09:44:08',NULL,0),(422,'playerVirtual6','playerVirtual6_1e9c1b8db3',3,'2018-02-20 09:44:08',NULL,0),(423,'playerVirtual6','playerVirtual6_5068098508',1,'2018-02-20 09:44:09',NULL,0),(424,'playerVirtual5','playerVirtual5_a752185b5b',4,'2018-02-20 09:44:27',NULL,0),(425,'playerVirtual3','playerVirtual3_5068098508',0,'2018-02-20 09:44:29',NULL,0),(426,'playerVirtual3','playerVirtual3_5068098508',0,'2018-02-20 09:44:29',NULL,0),(427,'playerVirtual3','playerVirtual3_af7870266e',3,'2018-02-20 09:45:29',NULL,0),(428,'playerVirtual18','playerVirtual18_4246147567',0,'2018-02-20 09:45:58',NULL,0),(429,'playerVirtual18','playerVirtual18_4246147567',0,'2018-02-20 09:45:59',NULL,0),(430,'playerVirtual18','playerVirtual18_3a0b8c4842',3,'2018-02-20 09:46:58',NULL,0),(431,'playerVirtual9','playerVirtual9_4246147567',1,'2018-02-20 09:47:09',NULL,0),(432,'playerVirtual9','playerVirtual9_583ffe0212',4,'2018-02-20 09:47:09',NULL,0),(433,'playerVirtual9','playerVirtual9_4246147567',1,'2018-02-20 09:47:09',NULL,0),(434,'playerVirtual2','playerVirtual2_4246147567',0,'2018-02-20 09:47:39',NULL,0),(435,'playerVirtual2','playerVirtual2_4246147567',0,'2018-02-20 09:47:40',NULL,0),(436,'playerVirtual10','playerVirtual10_6322213339',0,'2018-02-20 09:47:52',NULL,0),(437,'playerVirtual12','playerVirtual12_4246147567',0,'2018-02-20 09:47:52',NULL,0),(438,'playerVirtual10','playerVirtual10_6322213339',0,'2018-02-20 09:47:53',NULL,0),(439,'playerVirtual12','playerVirtual12_4246147567',0,'2018-02-20 09:47:53',NULL,0),(440,'playerVirtual18','playerVirtual18_4246147567',1,'2018-02-20 09:48:00',NULL,0),(441,'playerVirtual18','playerVirtual18_59927b8484',4,'2018-02-20 09:48:00',NULL,0),(442,'playerVirtual18','playerVirtual18_4246147567',1,'2018-02-20 09:48:00',NULL,0),(443,'playerVirtual2','playerVirtual2_f979bffcea',4,'2018-02-20 09:48:40',NULL,0),(444,'playerVirtual10','playerVirtual10_7a22a87ea7',4,'2018-02-20 09:48:53',NULL,0),(445,'playerVirtual12','playerVirtual12_236f26b697',3,'2018-02-20 09:48:55',NULL,0),(446,'playerVirtual8','playerVirtual8_1095593',0,'2018-02-20 09:49:18',NULL,0),(447,'playerVirtual8','playerVirtual8_1095593',0,'2018-02-20 09:49:18',NULL,0),(448,'playerVirtual1627','playerVirtual1627_7d9c942e44',4,'2018-02-20 09:50:02',NULL,0),(449,'playerVirtual8','playerVirtual8_0d7cdab705',4,'2018-02-20 09:50:18',NULL,0),(450,'playerVirtual15','playerVirtual15_990694203',0,'2018-02-20 09:50:38',NULL,0),(451,'playerVirtual15','playerVirtual15_990694203',0,'2018-02-20 09:50:38',NULL,0),(452,'playerVirtual19','playerVirtual19_4246147567',0,'2018-02-20 09:51:15',NULL,0),(453,'playerVirtual19','playerVirtual19_4246147567',0,'2018-02-20 09:51:15',NULL,0),(454,'playerVirtual15','playerVirtual15_0269c42fcb',3,'2018-02-20 09:51:38',NULL,0),(455,'playerVirtual19','playerVirtual19_8abf9abe32',3,'2018-02-20 09:52:15',NULL,0),(456,'playerVirtual19','playerVirtual19_4246147567',1,'2018-02-20 09:53:16',NULL,0),(457,'playerVirtual19','playerVirtual19_ee0435bc68',4,'2018-02-20 09:53:17',NULL,0),(458,'playerVirtual19','playerVirtual19_4246147567',1,'2018-02-20 09:53:17',NULL,0),(459,'playerVirtual4','playerVirtual4_4246147567',0,'2018-02-20 09:53:18',NULL,0),(460,'playerVirtual4','playerVirtual4_b757fe2f48',3,'2018-02-20 09:53:19',NULL,0),(461,'playerVirtual4','playerVirtual4_4246147567',0,'2018-02-20 09:53:19',NULL,0),(462,'playerVirtual15','playerVirtual15_cda40eec9b',4,'2018-02-20 09:53:44',NULL,0),(463,'playerVirtual2','playerVirtual2_4246147567',1,'2018-02-20 09:54:12',NULL,0),(464,'playerVirtual2','playerVirtual2_dcdefdf081',3,'2018-02-20 09:54:12',NULL,0),(465,'playerVirtual2','playerVirtual2_4246147567',1,'2018-02-20 09:54:16',NULL,0),(466,'playerVirtual12','playerVirtual12_4246147567',1,'2018-02-20 09:54:24',NULL,0),(467,'playerVirtual12','playerVirtual12_91406b43e1',4,'2018-02-20 09:54:24',NULL,0),(468,'playerVirtual12','playerVirtual12_4246147567',1,'2018-02-20 09:54:24',NULL,0),(469,'playerVirtual3','playerVirtual3_4246147567',0,'2018-02-20 09:54:46',NULL,0),(470,'playerVirtual3','playerVirtual3_4246147567',0,'2018-02-20 09:54:46',NULL,0),(471,'playerVirtual3','playerVirtual3_12103ef8f0',4,'2018-02-20 09:55:46',NULL,0),(472,'playerVirtual5','playerVirtual5_4246147567',1,'2018-02-20 09:56:53',NULL,0),(473,'playerVirtual5','playerVirtual5_d6fd960cd2',3,'2018-02-20 09:56:53',NULL,0),(474,'playerVirtual5','playerVirtual5_4246147567',1,'2018-02-20 09:56:54',NULL,0),(475,'playerVirtual11','playerVirtual11_4246147567',0,'2018-02-20 09:58:04',NULL,0),(476,'playerVirtual11','playerVirtual11_980a627429',3,'2018-02-20 09:58:04',NULL,0),(477,'playerVirtual11','playerVirtual11_4246147567',0,'2018-02-20 09:58:04',NULL,0),(478,'playerVirtual13','playerVirtual13_359920779',0,'2018-02-20 09:58:27',NULL,0),(479,'playerVirtual13','playerVirtual13_359920779',0,'2018-02-20 09:58:30',NULL,0),(480,'playerVirtual13','playerVirtual13_f9fc72316d',3,'2018-02-20 09:59:23',NULL,0),(481,'playerVirtual9','playerVirtual9_4246147567',0,'2018-02-20 10:00:13',NULL,0),(482,'playerVirtual9','playerVirtual9_6925a341ee',3,'2018-02-20 10:00:13',NULL,0),(483,'playerVirtual9','playerVirtual9_4246147567',0,'2018-02-20 10:00:13',NULL,0),(484,'playerVirtual6','playerVirtual6_4246147567',0,'2018-02-20 10:01:02',NULL,0),(485,'playerVirtual6','playerVirtual6_4246147567',0,'2018-02-20 10:01:03',NULL,0),(486,'playerVirtual11','playerVirtual11_4246147567',1,'2018-02-20 10:01:11',NULL,0),(487,'playerVirtual11','playerVirtual11_4641d3a53e',4,'2018-02-20 10:01:12',NULL,0),(488,'playerVirtual11','playerVirtual11_4246147567',1,'2018-02-20 10:01:12',NULL,0),(489,'playerVirtual6','playerVirtual6_9d20c7ac07',4,'2018-02-20 10:02:02',NULL,0),(490,'playerVirtual8','playerVirtual8_4246147567',0,'2018-02-20 10:05:03',NULL,0),(491,'playerVirtual8','playerVirtual8_4246147567',0,'2018-02-20 10:05:04',NULL,0),(492,'playerVirtual10','playerVirtual10_4246147567',0,'2018-02-20 10:05:13',NULL,0),(493,'playerVirtual10','playerVirtual10_4246147567',0,'2018-02-20 10:05:13',NULL,0),(494,'playerVirtual4','playerVirtual4_68c708c71a',4,'2018-02-20 10:05:33',NULL,0),(495,'playerVirtual8','playerVirtual8_d7950010e9',3,'2018-02-20 10:06:03',NULL,0),(496,'playerVirtual10','playerVirtual10_53559868db',3,'2018-02-20 10:06:13',NULL,0),(497,'playerVirtual14','playerVirtual14_4246147567',0,'2018-02-20 10:06:33',NULL,0),(498,'playerVirtual14','playerVirtual14_69f4944246',3,'2018-02-20 10:06:34',NULL,0),(499,'playerVirtual14','playerVirtual14_4246147567',0,'2018-02-20 10:06:34',NULL,0),(500,'playerVirtual14','playerVirtual14_214f1dd9e8',4,'2018-02-20 10:07:35',NULL,0),(501,'playerVirtual6','playerVirtual6_4246147567',1,'2018-02-20 10:09:09',NULL,0),(502,'playerVirtual6','playerVirtual6_179a1b0d76',3,'2018-02-20 10:09:10',NULL,0),(503,'playerVirtual6','playerVirtual6_4246147567',1,'2018-02-20 10:09:10',NULL,0),(504,'playerVirtual5','playerVirtual5_4246147567',0,'2018-02-20 10:10:38',NULL,0),(505,'playerVirtual5','playerVirtual5_da0e84ee98',4,'2018-02-20 10:10:38',NULL,0),(506,'playerVirtual5','playerVirtual5_4246147567',0,'2018-02-20 10:10:38',NULL,0),(507,'playerVirtual3','playerVirtual3_4246147567',1,'2018-02-20 10:10:43',NULL,0),(508,'playerVirtual3','playerVirtual3_e1515a3d98',3,'2018-02-20 10:10:43',NULL,0),(509,'playerVirtual3','playerVirtual3_4246147567',1,'2018-02-20 10:10:43',NULL,0),(510,'playerVirtual13','playerVirtual13_4246147567',0,'2018-02-20 10:10:44',NULL,0),(511,'playerVirtual13','playerVirtual13_04780ebfaf',4,'2018-02-20 10:10:44',NULL,0),(512,'playerVirtual13','playerVirtual13_4246147567',0,'2018-02-20 10:10:44',NULL,0),(513,'playerVirtual9','playerVirtual9_b639bbeb15',4,'2018-02-20 10:11:37',NULL,0),(514,'playerVirtual18','playerVirtual18_4246147567',0,'2018-02-20 10:11:40',NULL,0),(515,'playerVirtual2','playerVirtual2_359920779',1,'2018-02-20 10:11:40',NULL,0),(516,'playerVirtual18','playerVirtual18_4246147567',0,'2018-02-20 10:11:40',NULL,0),(517,'playerVirtual18','playerVirtual18_32a43ad25a',3,'2018-02-20 10:11:40',NULL,0),(518,'playerVirtual2','playerVirtual2_359920779',1,'2018-02-20 10:11:40',NULL,0),(519,'playerVirtual2','playerVirtual2_d7268dfbca',4,'2018-02-20 10:11:40',NULL,0),(520,'playerVirtual18','playerVirtual18_4246147567',1,'2018-02-20 10:12:41',NULL,0),(521,'playerVirtual18','playerVirtual18_959ba6cde5',4,'2018-02-20 10:12:41',NULL,0),(522,'playerVirtual18','playerVirtual18_4246147567',1,'2018-02-20 10:12:42',NULL,0),(523,'playerVirtual10','playerVirtual10_4246147567',1,'2018-02-20 10:14:42',NULL,0),(524,'playerVirtual10','playerVirtual10_feb50ec8e4',4,'2018-02-20 10:14:43',NULL,0),(525,'playerVirtual10','playerVirtual10_4246147567',1,'2018-02-20 10:14:43',NULL,0),(526,'playerVirtual12','playerVirtual12_4246147567',0,'2018-02-20 10:14:49',NULL,0),(527,'playerVirtual12','playerVirtual12_635a7016de',3,'2018-02-20 10:14:50',NULL,0),(528,'playerVirtual12','playerVirtual12_4246147567',0,'2018-02-20 10:14:50',NULL,0),(529,'playerVirtual1839','playerVirtual1839_1774fce0a0',4,'2018-02-20 10:15:13',NULL,0),(530,'playerVirtual8','playerVirtual8_4246147567',1,'2018-02-20 10:16:49',NULL,0),(531,'playerVirtual8','playerVirtual8_1143c28a7e',4,'2018-02-20 10:16:49',NULL,0),(532,'playerVirtual8','playerVirtual8_4246147567',1,'2018-02-20 10:16:50',NULL,0),(533,'playerVirtual15','playerVirtual15_4246147567',0,'2018-02-20 10:17:22',NULL,0),(534,'playerVirtual15','playerVirtual15_4246147567',0,'2018-02-20 10:17:22',NULL,0),(535,'playerVirtual19','playerVirtual19_6335261139',0,'2018-02-20 10:17:59',NULL,0),(536,'playerVirtual19','playerVirtual19_6335261139',0,'2018-02-20 10:17:59',NULL,0),(537,'playerVirtual15','playerVirtual15_6dbc92a63c',3,'2018-02-20 10:18:22',NULL,0),(538,'playerVirtual19','playerVirtual19_1ced46fc26',3,'2018-02-20 10:18:59',NULL,0),(539,'playerVirtual4','playerVirtual4_71d75ab1fc',3,'2018-02-20 10:20:11',NULL,0),(540,'playerVirtual12','playerVirtual12_2d4262f672',4,'2018-02-20 10:20:22',NULL,0),(541,'playerVirtual3','playerVirtual3_5068098508',1,'2018-02-20 10:20:27',NULL,0),(542,'playerVirtual3','playerVirtual3_a1cd02ce40',4,'2018-02-20 10:20:27',NULL,0),(543,'playerVirtual3','playerVirtual3_5068098508',1,'2018-02-20 10:20:27',NULL,0),(544,'playerVirtual15','playerVirtual15_dddbd2d3b6',4,'2018-02-20 10:20:28',NULL,0),(545,'playerVirtual2','playerVirtual2_4246147567',0,'2018-02-20 10:21:56',NULL,0),(546,'playerVirtual2','playerVirtual2_6d39e33bf8',3,'2018-02-20 10:21:56',NULL,0),(547,'playerVirtual2','playerVirtual2_4246147567',0,'2018-02-20 10:21:56',NULL,0),(548,'playerVirtual19','playerVirtual19_4246147567',0,'2018-02-20 10:22:43',NULL,0),(549,'playerVirtual19','playerVirtual19_f4e1191b32',4,'2018-02-20 10:22:43',NULL,0),(550,'playerVirtual19','playerVirtual19_4246147567',0,'2018-02-20 10:22:43',NULL,0),(551,'playerVirtual11','playerVirtual11_1436344784',1,'2018-02-20 10:22:48',NULL,0),(552,'playerVirtual11','playerVirtual11_9aca65b068',3,'2018-02-20 10:22:48',NULL,0),(553,'playerVirtual11','playerVirtual11_1436344784',1,'2018-02-20 10:22:48',NULL,0),(554,'playerVirtual5','playerVirtual5_4246147567',1,'2018-02-20 10:23:04',NULL,0),(555,'playerVirtual5','playerVirtual5_463e490aa0',3,'2018-02-20 10:23:04',NULL,0),(556,'playerVirtual5','playerVirtual5_4246147567',1,'2018-02-20 10:23:04',NULL,0),(557,'playerVirtual13','playerVirtual13_4246147567',1,'2018-02-20 10:26:06',NULL,0),(558,'playerVirtual13','playerVirtual13_7b35f5346d',3,'2018-02-20 10:26:06',NULL,0),(559,'playerVirtual13','playerVirtual13_4246147567',1,'2018-02-20 10:26:09',NULL,0),(560,'playerVirtual9','playerVirtual9_6344084916',0,'2018-02-20 10:27:49',NULL,0),(561,'playerVirtual9','playerVirtual9_6344084916',0,'2018-02-20 10:27:49',NULL,0),(562,'playerVirtual9','playerVirtual9_0892055ea0',3,'2018-02-20 10:28:49',NULL,0),(563,'playerVirtual6','playerVirtual6_4246147567',0,'2018-02-20 10:29:21',NULL,0),(564,'playerVirtual6','playerVirtual6_14f3cf2295',4,'2018-02-20 10:29:21',NULL,0),(565,'playerVirtual6','playerVirtual6_4246147567',0,'2018-02-20 10:29:22',NULL,0),(566,'playerVirtual11','playerVirtual11_82730999',0,'2018-02-20 10:30:28',NULL,0),(567,'playerVirtual11','playerVirtual11_82730999',0,'2018-02-20 10:30:28',NULL,0),(568,'playerVirtual11','playerVirtual11_3209c5e386',4,'2018-02-20 10:31:28',NULL,0),(569,'playerVirtual4','playerVirtual4_a4cd7022a6',4,'2018-02-20 10:32:28',NULL,0),(570,'playerVirtual14','playerVirtual14_4246147567',0,'2018-02-20 10:33:40',NULL,0),(571,'playerVirtual14','playerVirtual14_f9f45d5051',3,'2018-02-20 10:33:41',NULL,0),(572,'playerVirtual14','playerVirtual14_4246147567',0,'2018-02-20 10:33:41',NULL,0);
/*!40000 ALTER TABLE `REQUEST` ENABLE KEYS */;
UNLOCK TABLES;

--
-- Table structure for table `STATUS`
--

DROP TABLE IF EXISTS `STATUS`;
/*!40101 SET @saved_cs_client     = @@character_set_client */;
/*!40101 SET character_set_client = utf8 */;
CREATE TABLE `STATUS` (
  `id` int(11) NOT NULL AUTO_INCREMENT,
  `players` int(11) DEFAULT '0',
  `all_requests` int(11) DEFAULT '0',
  `accepts` int(11) DEFAULT '0',
  `rejects` int(11) DEFAULT '0',
  `fairness` float DEFAULT '0',
  `timestamp` timestamp NULL DEFAULT NULL,
  PRIMARY KEY (`id`)
) ENGINE=InnoDB AUTO_INCREMENT=32 DEFAULT CHARSET=utf8;
/*!40101 SET character_set_client = @saved_cs_client */;

--
-- Dumping data for table `STATUS`
--

LOCK TABLES `STATUS` WRITE;
/*!40000 ALTER TABLE `STATUS` DISABLE KEYS */;
INSERT INTO `STATUS` VALUES (1,0,0,0,0,0,'2018-02-20 08:03:56'),(2,2,4,2,2,0.5,'2018-02-20 08:08:56'),(3,3,10,6,4,0.6,'2018-02-20 08:13:56'),(4,5,17,10,7,0.588235,'2018-02-20 08:18:56'),(5,6,23,15,8,0.652174,'2018-02-20 08:23:56'),(6,8,29,20,9,0.689655,'2018-02-20 08:28:57'),(7,8,40,29,11,0.725,'2018-02-20 08:33:57'),(8,10,46,35,11,0.76087,'2018-02-20 08:38:57'),(9,11,51,38,13,0.745098,'2018-02-20 08:43:57'),(10,12,59,43,16,0.728814,'2018-02-20 08:48:57'),(11,13,66,48,18,0.727273,'2018-02-20 08:53:57'),(12,15,71,50,21,0.704225,'2018-02-20 08:58:57'),(13,16,78,56,22,0.717949,'2018-02-20 09:03:58'),(14,18,83,60,23,0.722892,'2018-02-20 09:08:58'),(15,19,87,63,24,0.724138,'2018-02-20 09:13:58'),(16,20,89,66,23,0.741573,'2018-02-20 09:18:58'),(17,20,94,69,25,0.734043,'2018-02-20 09:23:58'),(18,22,98,72,26,0.734694,'2018-02-20 09:28:58'),(19,23,102,75,27,0.735294,'2018-02-20 09:33:58'),(20,23,105,77,28,0.733333,'2018-02-20 09:38:58'),(21,23,108,79,29,0.731481,'2018-02-20 09:43:59'),(22,23,113,83,30,0.734513,'2018-02-20 09:48:59'),(23,24,117,85,32,0.726496,'2018-02-20 09:53:59'),(24,24,120,88,32,0.733333,'2018-02-20 09:58:59'),(25,24,122,89,33,0.729508,'2018-02-20 10:03:59'),(26,24,125,91,34,0.728,'2018-02-20 10:08:59'),(27,24,128,94,34,0.734375,'2018-02-20 10:13:59'),(28,25,131,95,36,0.725191,'2018-02-20 10:19:00'),(29,25,133,97,36,0.729323,'2018-02-20 10:24:00'),(30,25,134,97,37,0.723881,'2018-02-20 10:29:00'),(31,25,137,100,37,0.729927,'2018-02-20 10:34:00');
/*!40000 ALTER TABLE `STATUS` ENABLE KEYS */;
UNLOCK TABLES;

--
-- Table structure for table `THRESHOLD`
--

DROP TABLE IF EXISTS `THRESHOLD`;
/*!40101 SET @saved_cs_client     = @@character_set_client */;
/*!40101 SET character_set_client = utf8 */;
CREATE TABLE `THRESHOLD` (
  `division` int(11) NOT NULL,
  `botton` float DEFAULT '0',
  `top` float DEFAULT '0',
  PRIMARY KEY (`division`)
) ENGINE=InnoDB DEFAULT CHARSET=utf8;
/*!40101 SET character_set_client = @saved_cs_client */;

--
-- Dumping data for table `THRESHOLD`
--

LOCK TABLES `THRESHOLD` WRITE;
/*!40000 ALTER TABLE `THRESHOLD` DISABLE KEYS */;
INSERT INTO `THRESHOLD` VALUES (1,8.76,20),(2,4.38,8.76),(3,0,4.38);
/*!40000 ALTER TABLE `THRESHOLD` ENABLE KEYS */;
UNLOCK TABLES;

--
-- Table structure for table `VM`
--

DROP TABLE IF EXISTS `VM`;
/*!40101 SET @saved_cs_client     = @@character_set_client */;
/*!40101 SET character_set_client = utf8 */;
CREATE TABLE `VM` (
  `id` int(11) NOT NULL AUTO_INCREMENT,
  `origin_add` varchar(45) NOT NULL,
  `origin_id` varchar(45) NOT NULL,
  `origin_name` varchar(45) NOT NULL,
  `destiny_add` varchar(45) NOT NULL,
  `destiny_name` varchar(45) NOT NULL,
  `destiny_id` varchar(45) NOT NULL,
  `status` tinyint(1) NOT NULL,
  `has_resources` tinyint(1) NOT NULL,
  `vcpus` int(11) NOT NULL,
  `mem` bigint(20) NOT NULL,
  `disk` bigint(20) NOT NULL,
  `timestamp_received` timestamp NULL DEFAULT NULL,
  `timestamp_finished` timestamp NULL DEFAULT NULL,
  PRIMARY KEY (`id`)
) ENGINE=InnoDB AUTO_INCREMENT=138 DEFAULT CHARSET=utf8;
/*!40101 SET character_set_client = @saved_cs_client */;

--
-- Dumping data for table `VM`
--

LOCK TABLES `VM` WRITE;
/*!40000 ALTER TABLE `VM` DISABLE KEYS */;
INSERT INTO `VM` VALUES (1,'192.168.0.200','playerVirtual2_450512000','playerVirtual2','192.168.0.200','playerVirtual0','playerVirtual2_450512000',0,1,1,2048,20,'2018-02-20 08:06:13','2018-02-20 08:06:13'),(2,'192.168.0.200','playerVirtual0_1438244924','playerVirtual0','192.168.0.200','playerVirtual2','playerVirtual2_572526ee25',1,1,1,2048,20,'2018-02-20 08:06:16',NULL),(3,'192.168.0.200','playerVirtual2_640692267','playerVirtual2','192.168.0.200','playerVirtual0','playerVirtual2_640692267',0,1,1,512,1,'2018-02-20 08:08:19','2018-02-20 08:08:19'),(4,'192.168.0.200','playerVirtual0_2381571381','playerVirtual0','192.168.0.200','playerVirtual2','playerVirtual2_d0338b4082',1,1,1,2048,20,'2018-02-20 08:08:20',NULL),(5,'192.168.0.200','playerVirtual2_5297461910','playerVirtual2','192.168.0.200','playerVirtual3','playerVirtual3_ae744fbf1a',3,1,1,512,1,'2018-02-20 08:10:22','2018-02-20 09:30:43'),(6,'192.168.0.200','playerVirtual0_2790332778','playerVirtual0','192.168.0.200','playerVirtual2','playerVirtual2_1b49900588',1,1,2,4096,40,'2018-02-20 08:10:27',NULL),(7,'192.168.0.200','playerVirtual3_369721705','playerVirtual3','192.168.0.200','playerVirtual0','playerVirtual3_369721705',0,1,2,4096,40,'2018-02-20 08:11:28','2018-02-20 08:11:28'),(8,'192.168.0.200','playerVirtual2_317469422','playerVirtual2','192.168.0.200','playerVirtual3','playerVirtual3_ab35321f6a',1,1,2,4096,40,'2018-02-20 08:12:32',NULL),(9,'192.168.0.200','playerVirtual0_6955737','playerVirtual0','192.168.0.200','playerVirtual2','playerVirtual2_664b48ef2c',1,1,1,2048,20,'2018-02-20 08:12:33',NULL),(10,'192.168.0.200','playerVirtual3_257338104','playerVirtual3','192.168.0.200','playerVirtual0','playerVirtual3_257338104',0,1,2,4096,40,'2018-02-20 08:13:30','2018-02-20 08:13:30'),(11,'192.168.0.200','playerVirtual2_3584940347','playerVirtual2','192.168.0.200','playerVirtual3','playerVirtual2_3584940347',0,0,1,512,1,'2018-02-20 08:14:36','2018-02-20 08:14:36'),(12,'192.168.0.200','playerVirtual3_3338579772','playerVirtual3','192.168.0.200','playerVirtual4','playerVirtual4_4f2a3ed959',3,1,1,2048,20,'2018-02-20 08:15:43','2018-02-20 09:04:32'),(13,'192.168.0.200','playerVirtual4_257407216','playerVirtual4','192.168.0.200','playerVirtual2','playerVirtual2_04b1e43dd2',1,1,2,4096,40,'2018-02-20 08:16:27',NULL),(14,'192.168.0.200','playerVirtual2_182859403','playerVirtual2','192.168.0.200','playerVirtual1123','playerVirtual2_182859403',0,1,1,512,1,'2018-02-20 08:16:54','2018-02-20 08:16:54'),(15,'192.168.0.200','playerVirtual3_2359368952','playerVirtual3','192.168.0.200','playerVirtual4','playerVirtual4_7ae744e1db',3,1,1,512,1,'2018-02-20 08:17:55','2018-02-20 08:42:02'),(16,'192.168.0.200','playerVirtual1123_16917741','playerVirtual1123','192.168.0.200','playerVirtual2','playerVirtual2_eb09ff5d6a',1,1,1,512,1,'2018-02-20 08:18:12',NULL),(17,'192.168.0.200','playerVirtual4_2545640208','playerVirtual4','192.168.0.200','playerVirtual1123','playerVirtual4_2545640208',0,1,1,2048,20,'2018-02-20 08:18:51','2018-02-20 08:18:51'),(18,'192.168.0.200','playerVirtual2_908315','playerVirtual2','192.168.0.200','playerVirtual4','playerVirtual4_e0727fd718',3,1,1,2048,20,'2018-02-20 08:19:14','2018-02-20 09:25:15'),(19,'192.168.0.200','playerVirtual3_539194189','playerVirtual3','192.168.0.200','playerVirtual5','playerVirtual5_6925abc1da',3,1,1,2048,20,'2018-02-20 08:20:29','2018-02-20 09:29:32'),(20,'192.168.0.200','playerVirtual1123_4820204870','playerVirtual1123','192.168.0.200','playerVirtual4','playerVirtual4_57bb868cc5',1,1,2,4096,40,'2018-02-20 08:21:11',NULL),(21,'192.168.0.200','playerVirtual4_8058564','playerVirtual4','192.168.0.200','playerVirtual1123','playerVirtual4_8058564',0,1,1,2048,20,'2018-02-20 08:22:44','2018-02-20 08:22:44'),(22,'192.168.0.200','playerVirtual2_3338010893','playerVirtual2','192.168.0.200','playerVirtual5','playerVirtual5_6f4007bee5',1,1,1,512,1,'2018-02-20 08:23:13',NULL),(23,'192.168.0.200','playerVirtual5_1429160667','playerVirtual5','192.168.0.200','playerVirtual4','playerVirtual4_a8269ff715',1,1,1,2048,20,'2018-02-20 08:23:32',NULL),(24,'192.168.0.200','playerVirtual3_82730999','playerVirtual3','192.168.0.200','playerVirtual5','playerVirtual5_e7e0349a80',1,1,1,512,1,'2018-02-20 08:24:18',NULL),(25,'192.168.0.200','playerVirtual4_6571218','playerVirtual4','192.168.0.200','playerVirtual6','playerVirtual6_16f2b201b7',1,1,1,2048,20,'2018-02-20 08:25:15',NULL),(26,'192.168.0.200','playerVirtual2_778566023','playerVirtual2','192.168.0.200','playerVirtual4','playerVirtual4_0eea26f7c5',1,1,1,512,1,'2018-02-20 08:25:41',NULL),(27,'192.168.0.200','playerVirtual5_1436344784','playerVirtual5','192.168.0.200','playerVirtual6','playerVirtual6_a5301b9866',3,1,1,2048,20,'2018-02-20 08:25:45','2018-02-20 09:11:11'),(28,'192.168.0.200','playerVirtual3_317497342','playerVirtual3','192.168.0.200','playerVirtual1848','playerVirtual3_317497342',0,1,1,512,1,'2018-02-20 08:27:02','2018-02-20 08:27:02'),(29,'192.168.0.200','playerVirtual6_1339662','playerVirtual6','192.168.0.200','playerVirtual5','playerVirtual5_ba67a25eb1',1,1,1,2048,20,'2018-02-20 08:28:43',NULL),(30,'192.168.0.200','playerVirtual4_284794223','playerVirtual4','192.168.0.200','playerVirtual2','playerVirtual2_c08370dad0',1,1,1,2048,20,'2018-02-20 08:29:17',NULL),(31,'192.168.0.200','playerVirtual2_359920779','playerVirtual2','192.168.0.200','playerVirtual4','playerVirtual4_685e3a0ea8',3,1,1,512,1,'2018-02-20 08:29:46','2018-02-20 10:11:40'),(32,'192.168.0.200','playerVirtual5_2904109077','playerVirtual5','192.168.0.200','playerVirtual6','playerVirtual6_b3d5b6b8ad',1,1,1,512,1,'2018-02-20 08:30:06',NULL),(33,'192.168.0.200','playerVirtual1848_904011','playerVirtual1848','192.168.0.200','playerVirtual5','playerVirtual5_f7fdcf84b3',1,1,1,2048,20,'2018-02-20 08:30:15',NULL),(34,'192.168.0.200','playerVirtual6_905614','playerVirtual6','192.168.0.200','playerVirtual1848','playerVirtual6_905614',0,1,1,2048,20,'2018-02-20 08:30:45','2018-02-20 08:30:45'),(35,'192.168.0.200','playerVirtual3_257338074','playerVirtual3','192.168.0.200','playerVirtual6','playerVirtual6_c2da65c610',1,1,2,4096,40,'2018-02-20 08:30:52',NULL),(36,'192.168.0.200','playerVirtual4_1093460','playerVirtual4','192.168.0.200','playerVirtual2','playerVirtual2_7d5b878d99',1,1,1,512,1,'2018-02-20 08:31:50',NULL),(37,'192.168.0.200','playerVirtual2_6569547','playerVirtual2','192.168.0.200','playerVirtual4','playerVirtual4_9867059025',1,1,1,2048,20,'2018-02-20 08:32:17',NULL),(38,'192.168.0.200','playerVirtual1848_30788568','playerVirtual1848','192.168.0.200','playerVirtual6','playerVirtual6_af58c0b107',1,1,1,512,1,'2018-02-20 08:32:22',NULL),(39,'192.168.0.200','playerVirtual5_470485660','playerVirtual5','192.168.0.200','playerVirtual1848','playerVirtual5_470485660',0,1,2,4096,40,'2018-02-20 08:32:22','2018-02-20 08:32:22'),(40,'192.168.0.200','playerVirtual3_38671842','playerVirtual3','192.168.0.200','playerVirtual6','playerVirtual6_a8e6353cbe',1,1,1,512,1,'2018-02-20 08:33:50',NULL),(41,'192.168.0.200','playerVirtual6_5792765','playerVirtual6','192.168.0.200','playerVirtual8','playerVirtual8_e732ae30a8',1,1,1,512,1,'2018-02-20 08:35:24',NULL),(42,'192.168.0.200','playerVirtual4_400453824','playerVirtual4','192.168.0.200','playerVirtual2','playerVirtual2_457c811711',1,1,1,512,1,'2018-02-20 08:36:05',NULL),(43,'192.168.0.200','playerVirtual2_4820318661','playerVirtual2','192.168.0.200','playerVirtual4','playerVirtual4_fcbf713bba',1,1,2,4096,40,'2018-02-20 08:36:42',NULL),(44,'192.168.0.200','playerVirtual5_4820217293','playerVirtual5','192.168.0.200','playerVirtual8','playerVirtual8_4e4cc57d36',1,1,2,4096,40,'2018-02-20 08:37:06',NULL),(45,'192.168.0.200','playerVirtual3_6264344062','playerVirtual3','192.168.0.200','playerVirtual8','playerVirtual8_4e4c3077d0',3,1,1,512,1,'2018-02-20 08:37:52','2018-02-20 09:09:51'),(46,'192.168.0.200','playerVirtual6_5068098508','playerVirtual6','192.168.0.200','playerVirtual8','playerVirtual8_c013ed2c96',3,1,1,2048,20,'2018-02-20 08:38:00','2018-02-20 09:44:09'),(47,'192.168.0.200','playerVirtual8_2378747961','playerVirtual8','192.168.0.200','playerVirtual1793','playerVirtual8_2378747961',0,1,1,512,1,'2018-02-20 08:39:18','2018-02-20 08:39:18'),(48,'192.168.0.200','playerVirtual4_227443932','playerVirtual4','192.168.0.200','playerVirtual9','playerVirtual9_21a9dd43c3',1,1,1,2048,20,'2018-02-20 08:40:18',NULL),(49,'192.168.0.200','playerVirtual2_1095593','playerVirtual2','192.168.0.200','playerVirtual6','playerVirtual6_5c8e852624',3,1,1,512,1,'2018-02-20 08:40:45','2018-02-20 09:14:02'),(50,'192.168.0.200','playerVirtual5_2148750930','playerVirtual5','192.168.0.200','playerVirtual1793','playerVirtual5_2148750930',0,1,1,2048,20,'2018-02-20 08:40:54','2018-02-20 08:40:54'),(51,'192.168.0.200','playerVirtual8_5623125514','playerVirtual8','192.168.0.200','playerVirtual4','playerVirtual4_bccbc8708f',1,1,1,2048,20,'2018-02-20 08:42:53',NULL),(52,'192.168.0.200','playerVirtual6_563574327','playerVirtual6','192.168.0.200','playerVirtual8','playerVirtual8_cebad002d8',1,1,1,2048,20,'2018-02-20 08:44:00',NULL),(53,'192.168.0.200','playerVirtual4_284757920','playerVirtual4','192.168.0.200','playerVirtual9','playerVirtual9_67718fcc80',1,1,1,2048,20,'2018-02-20 08:44:51',NULL),(54,'192.168.0.200','playerVirtual1793_765651','playerVirtual1793','192.168.0.200','playerVirtual3','playerVirtual1793_765651',0,0,1,2048,20,'2018-02-20 08:44:54','2018-02-20 08:44:54'),(55,'192.168.0.200','playerVirtual2_272887063','playerVirtual2','192.168.0.200','playerVirtual10','playerVirtual10_7f08982279',3,1,1,2048,20,'2018-02-20 08:45:30','2018-02-20 08:55:30'),(56,'192.168.0.200','playerVirtual3_38676294','playerVirtual3','192.168.0.200','playerVirtual1793','playerVirtual3_38676294',0,1,1,512,1,'2018-02-20 08:45:43','2018-02-20 08:45:43'),(57,'192.168.0.200','playerVirtual9_16915963','playerVirtual9','192.168.0.200','playerVirtual10','playerVirtual10_e63579a153',1,1,1,2048,20,'2018-02-20 08:45:51',NULL),(58,'192.168.0.200','playerVirtual5_6274355716','playerVirtual5','192.168.0.200','playerVirtual1793','playerVirtual5_6274355716',0,1,1,512,1,'2018-02-20 08:45:57','2018-02-20 08:45:57'),(59,'192.168.0.200','playerVirtual6_4820204870','playerVirtual6','192.168.0.200','playerVirtual8','playerVirtual8_c6233348b5',1,1,2,4096,40,'2018-02-20 08:48:09',NULL),(60,'192.168.0.200','playerVirtual1793_6280638724','playerVirtual1793','192.168.0.200','playerVirtual10','playerVirtual10_e9113f28ac',1,1,1,512,1,'2018-02-20 08:49:00',NULL),(61,'192.168.0.200','playerVirtual8_182859403','playerVirtual8','192.168.0.200','playerVirtual1793','playerVirtual8_182859403',0,1,1,512,1,'2018-02-20 08:49:12','2018-02-20 08:49:12'),(62,'192.168.0.200','playerVirtual9_4476462938','playerVirtual9','192.168.0.200','playerVirtual10','playerVirtual10_c2161b4156',1,1,1,2048,20,'2018-02-20 08:50:04',NULL),(63,'192.168.0.200','playerVirtual4_990694203','playerVirtual4','192.168.0.200','playerVirtual11','playerVirtual11_c12431330e',3,1,1,2048,20,'2018-02-20 08:50:57','2018-02-20 08:55:31'),(64,'192.168.0.200','playerVirtual3_6280643141','playerVirtual3','192.168.0.200','playerVirtual1793','playerVirtual3_6280643141',0,1,1,512,1,'2018-02-20 08:51:46','2018-02-20 08:51:46'),(65,'192.168.0.200','playerVirtual5_272887063','playerVirtual5','192.168.0.200','playerVirtual10','playerVirtual10_73798ebd65',1,1,1,2048,20,'2018-02-20 08:51:57',NULL),(66,'192.168.0.200','playerVirtual10_990694203','playerVirtual10','192.168.0.200','playerVirtual11','playerVirtual11_5ee6bca897',3,1,1,2048,20,'2018-02-20 08:52:36','2018-02-20 09:16:53'),(67,'192.168.0.200','playerVirtual6_6282149131','playerVirtual6','192.168.0.200','playerVirtual8','playerVirtual8_23450ccf45',1,1,1,512,1,'2018-02-20 08:55:04',NULL),(68,'192.168.0.200','playerVirtual3_214880781','playerVirtual3','192.168.0.200','playerVirtual12','playerVirtual12_6fa1c92d76',1,1,1,2048,20,'2018-02-20 08:57:09',NULL),(69,'192.168.0.200','playerVirtual9_682797','playerVirtual9','192.168.0.200','playerVirtual10','playerVirtual10_d64e6bfe1d',1,1,1,2048,20,'2018-02-20 08:57:14',NULL),(70,'192.168.0.200','playerVirtual5_1094955','playerVirtual5','192.168.0.200','playerVirtual11','playerVirtual11_6b58c0ef1d',1,1,1,512,1,'2018-02-20 08:57:24',NULL),(71,'192.168.0.200','playerVirtual11_1436323714','playerVirtual11','192.168.0.200','playerVirtual1173','playerVirtual11_1436323714',0,1,1,2048,20,'2018-02-20 08:58:28','2018-02-20 08:58:28'),(72,'192.168.0.200','playerVirtual8_16914091','playerVirtual8','192.168.0.200','playerVirtual12','playerVirtual12_53abd5cd47',1,1,1,2048,20,'2018-02-20 08:59:42',NULL),(73,'192.168.0.200','playerVirtual2_6285257156','playerVirtual2','192.168.0.200','playerVirtual8','playerVirtual8_09d3363f81',1,1,1,512,1,'2018-02-20 08:59:47',NULL),(74,'192.168.0.200','playerVirtual6_6955737','playerVirtual6','192.168.0.200','playerVirtual13','playerVirtual13_2214ef0a57',1,1,1,2048,20,'2018-02-20 09:00:40',NULL),(75,'192.168.0.200','playerVirtual11_2378747961','playerVirtual11','192.168.0.200','playerVirtual10','playerVirtual10_2b5286321b',3,1,1,512,1,'2018-02-20 09:02:04','2018-02-20 09:16:23'),(76,'192.168.0.200','playerVirtual4_6955737','playerVirtual4','192.168.0.200','playerVirtual11','playerVirtual11_10d3dd94dc',3,1,1,2048,20,'2018-02-20 09:02:16','2018-02-20 09:06:50'),(77,'192.168.0.200','playerVirtual9_3338579772','playerVirtual9','192.168.0.200','playerVirtual1173','playerVirtual9_3338579772',0,1,1,2048,20,'2018-02-20 09:02:43','2018-02-20 09:02:43'),(78,'192.168.0.200','playerVirtual10_182859403','playerVirtual10','192.168.0.200','playerVirtual12','playerVirtual12_dc248781ef',3,1,1,512,1,'2018-02-20 09:03:19','2018-02-20 09:23:21'),(79,'192.168.0.200','playerVirtual12_6641406','playerVirtual12','192.168.0.200','playerVirtual13','playerVirtual13_16d49d206d',1,1,1,2048,20,'2018-02-20 09:04:01',NULL),(80,'192.168.0.200','playerVirtual5_2381571381','playerVirtual5','192.168.0.200','playerVirtual10','playerVirtual10_ecfa01d3df',1,1,1,2048,20,'2018-02-20 09:04:44',NULL),(81,'192.168.0.200','playerVirtual2_1438244924','playerVirtual2','192.168.0.200','playerVirtual14','playerVirtual14_5896051a60',1,1,1,2048,20,'2018-02-20 09:07:58',NULL),(82,'192.168.0.200','playerVirtual10_990694203','playerVirtual10','192.168.0.200','playerVirtual11','playerVirtual11_1831ac8e10',3,1,1,2048,20,'2018-02-20 09:08:11','2018-02-20 09:16:53'),(83,'192.168.0.200','playerVirtual6_6289704471','playerVirtual6','192.168.0.200','playerVirtual4','playerVirtual4_813ff60878',3,1,1,512,1,'2018-02-20 09:08:33','2018-02-20 09:37:01'),(84,'192.168.0.200','playerVirtual12_6296865278','playerVirtual12','192.168.0.200','playerVirtual1380','playerVirtual12_6296865278',0,1,1,512,1,'2018-02-20 09:10:20','2018-02-20 09:10:20'),(85,'192.168.0.200','playerVirtual13_6289355687','playerVirtual13','192.168.0.200','playerVirtual15','playerVirtual15_b84299e83a',1,1,1,512,1,'2018-02-20 09:10:33',NULL),(86,'192.168.0.200','playerVirtual9_794070039','playerVirtual9','192.168.0.200','playerVirtual13','playerVirtual13_239580a44b',1,1,1,512,1,'2018-02-20 09:11:10',NULL),(87,'192.168.0.200','playerVirtual11_1436344784','playerVirtual11','192.168.0.200','playerVirtual10','playerVirtual10_a21c8a4c82',2,1,1,2048,20,'2018-02-20 09:12:15','2018-02-20 10:22:56'),(88,'192.168.0.200','playerVirtual8_6296268057','playerVirtual8','192.168.0.200','playerVirtual6','playerVirtual6_69e6203018',1,1,1,512,1,'2018-02-20 09:14:36',NULL),(89,'192.168.0.200','playerVirtual6_990694203','playerVirtual6','192.168.0.200','playerVirtual16','playerVirtual16_c67664b0a8',2,1,1,2048,20,'2018-02-20 09:18:39','2018-02-20 09:26:43'),(90,'192.168.0.200','playerVirtual4_6264344062','playerVirtual4','192.168.0.200','playerVirtual8','playerVirtual8_7ca04e830e',1,1,1,2048,20,'2018-02-20 09:19:04',NULL),(91,'192.168.0.200','playerVirtual14_182859403','playerVirtual14','192.168.0.200','playerVirtual11','playerVirtual11_dafb229dfd',3,1,1,512,1,'2018-02-20 09:19:24','2018-02-20 09:21:25'),(92,'192.168.0.200','playerVirtual13_6274355716','playerVirtual13','192.168.0.200','playerVirtual14','playerVirtual14_712827493f',1,1,1,512,1,'2018-02-20 09:19:57',NULL),(93,'192.168.0.200','playerVirtual3_5297461910','playerVirtual3','192.168.0.200','playerVirtual1380','playerVirtual3_5297461910',0,1,1,512,1,'2018-02-20 09:21:30','2018-02-20 09:21:30'),(94,'192.168.0.200','playerVirtual9_182859403','playerVirtual9','192.168.0.200','playerVirtual12','playerVirtual12_a2e6d34e01',1,1,1,512,1,'2018-02-20 09:23:35',NULL),(95,'192.168.0.200','playerVirtual12_1095593','playerVirtual12','192.168.0.200','playerVirtual15','playerVirtual15_33c9729453',3,1,1,512,1,'2018-02-20 09:24:14','2018-02-20 09:30:46'),(96,'192.168.0.200','playerVirtual8_539194189','playerVirtual8','192.168.0.200','playerVirtual13','playerVirtual13_206bc1328a',1,1,1,2048,20,'2018-02-20 09:24:52',NULL),(97,'192.168.0.200','playerVirtual15_6289704471','playerVirtual15','192.168.0.200','playerVirtual18','playerVirtual18_df4b0ba15c',3,1,1,2048,20,'2018-02-20 09:27:15','2018-02-20 09:30:20'),(98,'192.168.0.200','playerVirtual4_4246147567','playerVirtual4','192.168.0.200','playerVirtual1719','playerVirtual4_4246147567',0,1,2,4096,40,'2018-02-20 09:28:49','2018-02-20 09:28:49'),(99,'192.168.0.200','playerVirtual5_6289704471','playerVirtual5','192.168.0.200','playerVirtual19','playerVirtual19_15aa4cd890',1,1,1,2048,20,'2018-02-20 09:32:01',NULL),(100,'192.168.0.200','playerVirtual16_908315','playerVirtual16','192.168.0.200','playerVirtual5','playerVirtual5_5ea3de6e74',1,1,1,2048,20,'2018-02-20 09:33:07',NULL),(101,'192.168.0.200','playerVirtual13_4246147567','playerVirtual13','192.168.0.200','playerVirtual3','playerVirtual3_efa69bed86',3,1,2,4096,40,'2018-02-20 09:33:41','2018-02-20 10:26:09'),(102,'192.168.0.200','playerVirtual11_4246147567','playerVirtual11','192.168.0.200','playerVirtual10','playerVirtual10_a0da727011',3,1,2,4096,40,'2018-02-20 09:33:46','2018-02-20 10:01:12'),(103,'192.168.0.200','playerVirtual9_4246147567','playerVirtual9','192.168.0.200','playerVirtual16','playerVirtual16_4f92a0c01e',3,1,2,4096,40,'2018-02-20 09:34:45','2018-02-20 09:47:09'),(104,'192.168.0.200','playerVirtual10_6315250734','playerVirtual10','192.168.0.200','playerVirtual6','playerVirtual6_e59121146d',1,1,1,512,1,'2018-02-20 09:38:20',NULL),(105,'192.168.0.200','playerVirtual8_2378747961','playerVirtual8','192.168.0.200','playerVirtual4','playerVirtual4_ebfffa5d17',1,1,1,512,1,'2018-02-20 09:38:32',NULL),(106,'192.168.0.200','playerVirtual16_4246147567','playerVirtual16','192.168.0.200','playerVirtual11','playerVirtual11_ebdfd412ed',2,1,2,4096,40,'2018-02-20 09:39:25','2018-02-20 09:58:29'),(107,'192.168.0.200','playerVirtual14_4246147567','playerVirtual14','192.168.0.200','playerVirtual15','playerVirtual15_47da27179a',3,1,2,4096,40,'2018-02-20 09:41:45','2018-02-20 09:43:46'),(108,'192.168.0.200','playerVirtual5_4246147567','playerVirtual5','192.168.0.200','playerVirtual14','playerVirtual14_933533335e',3,1,2,4096,40,'2018-02-20 09:43:27','2018-02-20 10:23:05'),(109,'192.168.0.200','playerVirtual3_5068098508','playerVirtual3','192.168.0.200','playerVirtual13','playerVirtual13_61cdc94ee8',3,1,1,2048,20,'2018-02-20 09:44:30','2018-02-20 10:20:27'),(110,'192.168.0.200','playerVirtual18_4246147567','playerVirtual18','192.168.0.200','playerVirtual19','playerVirtual19_cd7e2763e1',3,1,2,4096,40,'2018-02-20 09:45:59','2018-02-20 10:12:42'),(111,'192.168.0.200','playerVirtual2_4246147567','playerVirtual2','192.168.0.200','playerVirtual18','playerVirtual18_a4edc86f03',3,1,2,4096,40,'2018-02-20 09:47:40','2018-02-20 09:54:16'),(112,'192.168.0.200','playerVirtual10_6322213339','playerVirtual10','192.168.0.200','playerVirtual3','playerVirtual3_2b952cd0ef',1,1,1,512,1,'2018-02-20 09:47:53',NULL),(113,'192.168.0.200','playerVirtual12_4246147567','playerVirtual12','192.168.0.200','playerVirtual14','playerVirtual14_61a66110f8',3,1,2,4096,40,'2018-02-20 09:47:53','2018-02-20 09:54:24'),(114,'192.168.0.200','playerVirtual8_1095593','playerVirtual8','192.168.0.200','playerVirtual10','playerVirtual10_8380b945fb',1,1,1,512,1,'2018-02-20 09:49:18',NULL),(115,'192.168.0.200','playerVirtual15_990694203','playerVirtual15','192.168.0.200','playerVirtual1627','playerVirtual15_990694203',0,1,1,2048,20,'2018-02-20 09:50:38','2018-02-20 09:50:38'),(116,'192.168.0.200','playerVirtual19_4246147567','playerVirtual19','192.168.0.200','playerVirtual18','playerVirtual18_5c6ebe8234',3,1,2,4096,40,'2018-02-20 09:51:15','2018-02-20 09:53:17'),(117,'192.168.0.200','playerVirtual4_4246147567','playerVirtual4','192.168.0.200','playerVirtual8','playerVirtual8_7414055f07',1,1,2,4096,40,'2018-02-20 09:53:19',NULL),(118,'192.168.0.200','playerVirtual3_4246147567','playerVirtual3','192.168.0.200','playerVirtual11','playerVirtual11_1f8bff7ce0',3,1,2,4096,40,'2018-02-20 09:54:46','2018-02-20 10:10:43'),(119,'192.168.0.200','playerVirtual11_4246147567','playerVirtual11','192.168.0.200','playerVirtual15','playerVirtual15_b2d6c2de12',3,1,2,4096,40,'2018-02-20 09:58:05','2018-02-20 10:01:12'),(120,'192.168.0.200','playerVirtual13_359920779','playerVirtual13','192.168.0.200','playerVirtual19','playerVirtual19_05f50c7c3d',1,1,1,512,1,'2018-02-20 09:58:31',NULL),(121,'192.168.0.200','playerVirtual9_4246147567','playerVirtual9','192.168.0.200','playerVirtual1627','playerVirtual9_4246147567',0,1,2,4096,40,'2018-02-20 10:00:13','2018-02-20 10:00:13'),(122,'192.168.0.200','playerVirtual6_4246147567','playerVirtual6','192.168.0.200','playerVirtual4','playerVirtual4_7459ba74d5',3,1,2,4096,40,'2018-02-20 10:01:03','2018-02-20 10:09:10'),(123,'192.168.0.200','playerVirtual8_4246147567','playerVirtual8','192.168.0.200','playerVirtual14','playerVirtual14_518bba60be',3,1,2,4096,40,'2018-02-20 10:05:04','2018-02-20 10:16:50'),(124,'192.168.0.200','playerVirtual10_4246147567','playerVirtual10','192.168.0.200','playerVirtual18','playerVirtual18_3c7df32c43',3,1,2,4096,40,'2018-02-20 10:05:13','2018-02-20 10:14:43'),(125,'192.168.0.200','playerVirtual14_4246147567','playerVirtual14','192.168.0.200','playerVirtual11','playerVirtual14_4246147567',0,1,2,4096,40,'2018-02-20 10:06:34','2018-02-20 10:06:34'),(126,'192.168.0.200','playerVirtual5_4246147567','playerVirtual5','192.168.0.200','playerVirtual19','playerVirtual19_e18e16d24d',3,1,2,4096,40,'2018-02-20 10:10:38','2018-02-20 10:23:05'),(127,'192.168.0.200','playerVirtual13_4246147567','playerVirtual13','192.168.0.200','playerVirtual19','playerVirtual19_0a72c244d2',3,1,2,4096,40,'2018-02-20 10:10:45','2018-02-20 10:26:09'),(128,'192.168.0.200','playerVirtual18_4246147567','playerVirtual18','192.168.0.200','playerVirtual15','playerVirtual15_346ebb1576',3,1,2,4096,40,'2018-02-20 10:11:40','2018-02-20 10:12:42'),(129,'192.168.0.200','playerVirtual12_4246147567','playerVirtual12','192.168.0.200','playerVirtual9','playerVirtual12_4246147567',0,0,2,4096,40,'2018-02-20 10:14:50','2018-02-20 10:14:50'),(130,'192.168.0.200','playerVirtual15_4246147567','playerVirtual15','192.168.0.200','playerVirtual1839','playerVirtual15_4246147567',0,1,2,4096,40,'2018-02-20 10:17:22','2018-02-20 10:17:22'),(131,'192.168.0.200','playerVirtual19_6335261139','playerVirtual19','192.168.0.200','playerVirtual14','playerVirtual14_86f1c3ce25',1,1,1,512,1,'2018-02-20 10:17:59',NULL),(132,'192.168.0.200','playerVirtual2_4246147567','playerVirtual2','192.168.0.200','playerVirtual13','playerVirtual13_f83f2ee8ee',1,1,2,4096,40,'2018-02-20 10:21:56',NULL),(133,'192.168.0.200','playerVirtual19_4246147567','playerVirtual19','192.168.0.200','playerVirtual18','playerVirtual18_7285adb5e7',1,1,2,4096,40,'2018-02-20 10:22:43',NULL),(134,'192.168.0.200','playerVirtual9_6344084916','playerVirtual9','192.168.0.200','playerVirtual12','playerVirtual9_6344084916',0,0,1,512,1,'2018-02-20 10:27:49','2018-02-20 10:27:49'),(135,'192.168.0.200','playerVirtual6_4246147567','playerVirtual6','192.168.0.200','playerVirtual10','playerVirtual10_814fd2f460',1,1,2,4096,40,'2018-02-20 10:29:22',NULL),(136,'192.168.0.200','playerVirtual11_82730999','playerVirtual11','192.168.0.200','playerVirtual19','playerVirtual19_38e98a9bac',1,1,1,512,1,'2018-02-20 10:30:28',NULL),(137,'192.168.0.200','playerVirtual14_4246147567','playerVirtual14','192.168.0.200','playerVirtual11','playerVirtual11_b73b801b9c',1,1,2,4096,40,'2018-02-20 10:33:41',NULL);
/*!40000 ALTER TABLE `VM` ENABLE KEYS */;
UNLOCK TABLES;
/*!40103 SET TIME_ZONE=@OLD_TIME_ZONE */;

/*!40101 SET SQL_MODE=@OLD_SQL_MODE */;
/*!40014 SET FOREIGN_KEY_CHECKS=@OLD_FOREIGN_KEY_CHECKS */;
/*!40014 SET UNIQUE_CHECKS=@OLD_UNIQUE_CHECKS */;
/*!40101 SET CHARACTER_SET_CLIENT=@OLD_CHARACTER_SET_CLIENT */;
/*!40101 SET CHARACTER_SET_RESULTS=@OLD_CHARACTER_SET_RESULTS */;
/*!40101 SET COLLATION_CONNECTION=@OLD_COLLATION_CONNECTION */;
/*!40111 SET SQL_NOTES=@OLD_SQL_NOTES */;

-- Dump completed on 2018-02-20  7:34:06
