-- MySQL dump 10.14  Distrib 5.5.58-MariaDB, for debian-linux-gnu (x86_64)
--
-- Host: localhost    Database: mct
-- ------------------------------------------------------
-- Server version	5.5.58-MariaDB-1ubuntu0.14.04.1

/*!40101 SET @OLD_CHARACTER_SET_CLIENT=@@CHARACTER_SET_CLIENT */;
/*!40101 SET @OLD_CHARACTER_SET_RESULTS=@@CHARACTER_SET_RESULTS */;
/*!40101 SET @OLD_COLLATION_CONNECTION=@@COLLATION_CONNECTION */;
/*!40101 SET NAMES utf8 */;
/*!40103 SET @OLD_TIME_ZONE=@@TIME_ZONE */;
/*!40103 SET TIME_ZONE='+00:00' */;
/*!40014 SET @OLD_UNIQUE_CHECKS=@@UNIQUE_CHECKS, UNIQUE_CHECKS=0 */;
/*!40014 SET @OLD_FOREIGN_KEY_CHECKS=@@FOREIGN_KEY_CHECKS, FOREIGN_KEY_CHECKS=0 */;
/*!40101 SET @OLD_SQL_MODE=@@SQL_MODE, SQL_MODE='NO_AUTO_VALUE_ON_ZERO' */;
/*!40111 SET @OLD_SQL_NOTES=@@SQL_NOTES, SQL_NOTES=0 */;

--
-- Table structure for table `DIVISION`
--

DROP TABLE IF EXISTS `DIVISION`;
/*!40101 SET @saved_cs_client     = @@character_set_client */;
/*!40101 SET character_set_client = utf8 */;
CREATE TABLE `DIVISION` (
  `division` int(11) NOT NULL,
  `wo` tinyint(1) DEFAULT '0',
  PRIMARY KEY (`division`)
) ENGINE=InnoDB DEFAULT CHARSET=utf8;
/*!40101 SET character_set_client = @saved_cs_client */;

--
-- Dumping data for table `DIVISION`
--

LOCK TABLES `DIVISION` WRITE;
/*!40000 ALTER TABLE `DIVISION` DISABLE KEYS */;
/*!40000 ALTER TABLE `DIVISION` ENABLE KEYS */;
UNLOCK TABLES;

--
-- Table structure for table `FIELDS`
--

DROP TABLE IF EXISTS `FIELDS`;
/*!40101 SET @saved_cs_client     = @@character_set_client */;
/*!40101 SET character_set_client = utf8 */;
CREATE TABLE `FIELDS` (
  `operation` int(11) NOT NULL,
  `fields` varchar(45) NOT NULL,
  PRIMARY KEY (`operation`)
) ENGINE=InnoDB DEFAULT CHARSET=utf8;
/*!40101 SET character_set_client = @saved_cs_client */;

--
-- Dumping data for table `FIELDS`
--

LOCK TABLES `FIELDS` WRITE;
/*!40000 ALTER TABLE `FIELDS` DISABLE KEYS */;
INSERT INTO `FIELDS` VALUES (0,'name mem image vcpus disk uuid');
/*!40000 ALTER TABLE `FIELDS` ENABLE KEYS */;
UNLOCK TABLES;

--
-- Table structure for table `PLAYER`
--

DROP TABLE IF EXISTS `PLAYER`;
/*!40101 SET @saved_cs_client     = @@character_set_client */;
/*!40101 SET character_set_client = utf8 */;
CREATE TABLE `PLAYER` (
  `id` int(11) NOT NULL AUTO_INCREMENT,
  `name` varchar(45) NOT NULL,
  `address` varchar(45) NOT NULL,
  `division` int(11) DEFAULT NULL,
  `score` double DEFAULT '0',
  `history` int(11) DEFAULT '0',
  `fairness` double DEFAULT '0',
  `accepts` int(11) DEFAULT '0',
  `rejects` int(11) DEFAULT '0',
  `running` int(11) DEFAULT '0',
  `finished` int(11) DEFAULT '0',
  `problem_del` int(11) DEFAULT '0',
  `vcpus` int(11) DEFAULT '0',
  `memory` bigint(20) DEFAULT '0',
  `local_gb` bigint(20) DEFAULT '0',
  `vcpus_used` bigint(20) DEFAULT '0',
  `memory_used` bigint(20) DEFAULT '0',
  `local_gb_used` bigint(20) DEFAULT '0',
  `max_instance` int(11) DEFAULT '0',
  `token` varchar(45) DEFAULT NULL,
  `suspend` timestamp NULL DEFAULT NULL,
  `enabled` int(11) DEFAULT '0',
  `last_choice` timestamp NOT NULL DEFAULT '2018-01-01 02:00:00',
  `playoff` tinyint(1) DEFAULT '0',
  `cushion` tinyint(1) DEFAULT '0',
  PRIMARY KEY (`id`)
) ENGINE=InnoDB AUTO_INCREMENT=11 DEFAULT CHARSET=utf8;
/*!40101 SET character_set_client = @saved_cs_client */;

--
-- Dumping data for table `PLAYER`
--

LOCK TABLES `PLAYER` WRITE;
/*!40000 ALTER TABLE `PLAYER` DISABLE KEYS */;
INSERT INTO `PLAYER` VALUES (1,'playerVirtual1','192.168.0.200',1,19.26,49,1,22,0,12,10,0,1023,1047552,10230,14,19456,166,99,'b039eb3734e3acd96c15aa7efb4505b871b9c7bb',NULL,1,'2018-03-15 19:55:33',0,0),(2,'playerVirtual2','192.168.0.200',1,22.58,49,1,20,0,15,5,0,1023,1047552,10230,19,31232,285,99,'dfa9c26dd9e48d39f072e5179a35d8db65fb8fd5',NULL,1,'2018-03-15 19:56:26',0,0),(3,'playerVirtual0','192.168.0.200',1,19.26,49,1,21,0,11,10,0,1023,1047552,10230,14,22528,204,99,'a52ddc44a5a72e72477dbb4caba7abe9b80214ea',NULL,1,'2018-03-15 19:57:39',0,0),(4,'playerVirtual3','192.168.0.200',1,21.91,48,1,21,0,13,8,0,1023,1047552,10230,17,24064,207,99,'b375c1ddc9841f85162a8613c630b294cee1e969',NULL,1,'2018-03-15 20:02:49',0,0),(5,'playerVirtual4','192.168.0.200',1,13.96,48,0.545454545454545,19,0,13,6,0,1023,1047552,10230,13,17408,146,99,'a2ec4f65a82febf18ec394ab64cb030289cb6943',NULL,1,'2018-03-15 19:52:04',0,0),(6,'playerVirtual5','192.168.0.200',1,12.62,38,0.7,11,0,6,5,0,1023,1047552,10230,6,6144,44,99,'1083363f09a8dd222cfa394f9b0562be29d33e36',NULL,1,'2018-03-15 19:54:37',0,0),(7,'playerVirtual6','192.168.0.200',1,9.29,29,0.8,6,0,1,5,0,1023,1047552,10230,1,512,1,99,'975c7e224d56de737d5eaffb19d7d47b50706d6e',NULL,1,'2018-03-15 19:49:33',0,0),(8,'playerVirtual7','192.168.0.200',1,9.95,25,1,6,0,1,5,0,1023,1047552,10230,1,2048,20,99,'1f75729c9b6fb614d345813f616adfa1b92878d0',NULL,1,'2018-03-15 19:45:53',0,0),(9,'playerVirtual8','192.168.0.200',1,11.94,25,1,6,0,0,6,0,1023,1047552,10230,0,0,0,99,'b4b18718079c2b36c7ef299118bc070669debe9c',NULL,1,'2018-03-15 19:58:29',0,0),(10,'playerVirtual9','192.168.0.200',2,7.96,21,1,5,0,1,4,0,1023,1047552,10230,1,2048,20,99,'914d863fdfd915a005a1e28fa87121148f05800d',NULL,1,'2018-03-15 20:13:01',0,0);
/*!40000 ALTER TABLE `PLAYER` ENABLE KEYS */;
UNLOCK TABLES;

--
-- Table structure for table `REQUEST`
--

DROP TABLE IF EXISTS `REQUEST`;
/*!40101 SET @saved_cs_client     = @@character_set_client */;
/*!40101 SET character_set_client = utf8 */;
CREATE TABLE `REQUEST` (
  `id` int(11) NOT NULL AUTO_INCREMENT,
  `player_id` varchar(45) NOT NULL,
  `request_id` varchar(45) NOT NULL,
  `action` int(11) NOT NULL,
  `timestamp_received` timestamp NULL DEFAULT NULL,
  `timestamp_finished` timestamp NULL DEFAULT NULL,
  `status` int(11) NOT NULL,
  PRIMARY KEY (`id`)
) ENGINE=InnoDB AUTO_INCREMENT=643 DEFAULT CHARSET=utf8;
/*!40101 SET character_set_client = @saved_cs_client */;

--
-- Dumping data for table `REQUEST`
--

LOCK TABLES `REQUEST` WRITE;
/*!40000 ALTER TABLE `REQUEST` DISABLE KEYS */;
INSERT INTO `REQUEST` VALUES (1,'playerVirtual1','playerVirtual1_7dab19b7cc',4,'2018-03-15 16:04:21',NULL,0),(2,'playerVirtual2','playerVirtual2_50c78dfebe',4,'2018-03-15 16:04:21',NULL,0),(3,'playerVirtual0','playerVirtual0_a647b48ed9',4,'2018-03-15 16:04:21',NULL,0),(4,'playerVirtual1','playerVirtual1_450512000',0,'2018-03-15 16:05:22',NULL,0),(5,'playerVirtual1','playerVirtual1_450512000',0,'2018-03-15 16:05:22',NULL,0),(6,'playerVirtual2','playerVirtual2_1438244924',0,'2018-03-15 16:05:24',NULL,0),(7,'playerVirtual2','playerVirtual2_1438244924',0,'2018-03-15 16:05:24',NULL,0),(8,'playerVirtual0','playerVirtual0_640692267',0,'2018-03-15 16:05:27',NULL,0),(9,'playerVirtual0','playerVirtual0_640692267',0,'2018-03-15 16:05:27',NULL,0),(10,'playerVirtual1','playerVirtual1_0e375a5485',3,'2018-03-15 16:06:22',NULL,0),(11,'playerVirtual2','playerVirtual2_a87c6370eb',3,'2018-03-15 16:06:24',NULL,0),(12,'playerVirtual0','playerVirtual0_c21052b178',3,'2018-03-15 16:06:27',NULL,0),(13,'playerVirtual1','playerVirtual1_2381571381',0,'2018-03-15 16:07:28',NULL,0),(14,'playerVirtual1','playerVirtual1_2381571381',0,'2018-03-15 16:07:29',NULL,0),(15,'playerVirtual2','playerVirtual2_5297461910',0,'2018-03-15 16:07:29',NULL,0),(16,'playerVirtual2','playerVirtual2_5297461910',0,'2018-03-15 16:07:30',NULL,0),(17,'playerVirtual0','playerVirtual0_2790332778',0,'2018-03-15 16:07:33',NULL,0),(18,'playerVirtual0','playerVirtual0_2790332778',0,'2018-03-15 16:07:33',NULL,0),(19,'playerVirtual1','playerVirtual1_0b72b436f4',4,'2018-03-15 16:08:29',NULL,0),(20,'playerVirtual2','playerVirtual2_80e8b36143',4,'2018-03-15 16:08:30',NULL,0),(21,'playerVirtual0','playerVirtual0_cc5a2042e6',4,'2018-03-15 16:08:33',NULL,0),(22,'playerVirtual3','playerVirtual3_fd0f930e99',4,'2018-03-15 16:09:21',NULL,0),(23,'playerVirtual1','playerVirtual1_369721705',0,'2018-03-15 16:09:35',NULL,0),(24,'playerVirtual1','playerVirtual1_369721705',0,'2018-03-15 16:09:35',NULL,0),(25,'playerVirtual2','playerVirtual2_317469422',0,'2018-03-15 16:09:37',NULL,0),(26,'playerVirtual2','playerVirtual2_317469422',0,'2018-03-15 16:09:37',NULL,0),(27,'playerVirtual0','playerVirtual0_6955737',0,'2018-03-15 16:09:40',NULL,0),(28,'playerVirtual0','playerVirtual0_6955737',0,'2018-03-15 16:09:40',NULL,0),(29,'playerVirtual3','playerVirtual3_257338104',0,'2018-03-15 16:10:35',NULL,0),(30,'playerVirtual3','playerVirtual3_257338104',0,'2018-03-15 16:10:35',NULL,0),(31,'playerVirtual1','playerVirtual1_eccb0ebd1e',3,'2018-03-15 16:10:35',NULL,0),(32,'playerVirtual2','playerVirtual2_623712fa5d',3,'2018-03-15 16:10:37',NULL,0),(33,'playerVirtual0','playerVirtual0_6c298c3434',3,'2018-03-15 16:10:40',NULL,0),(34,'playerVirtual3','playerVirtual3_7c54020199',3,'2018-03-15 16:11:35',NULL,0),(35,'playerVirtual1','playerVirtual1_3584940347',0,'2018-03-15 16:11:42',NULL,0),(36,'playerVirtual1','playerVirtual1_3584940347',0,'2018-03-15 16:11:43',NULL,0),(37,'playerVirtual2','playerVirtual2_2433236783',0,'2018-03-15 16:11:43',NULL,0),(38,'playerVirtual2','playerVirtual2_2433236783',0,'2018-03-15 16:11:44',NULL,0),(39,'playerVirtual0','playerVirtual0_3338579772',0,'2018-03-15 16:11:47',NULL,0),(40,'playerVirtual0','playerVirtual0_3338579772',0,'2018-03-15 16:11:48',NULL,0),(41,'playerVirtual3','playerVirtual3_257407216',0,'2018-03-15 16:12:36',NULL,0),(42,'playerVirtual3','playerVirtual3_257407216',0,'2018-03-15 16:12:37',NULL,0),(43,'playerVirtual1','playerVirtual1_c38a2f2328',4,'2018-03-15 16:12:43',NULL,0),(44,'playerVirtual2','playerVirtual2_aa80351ee1',4,'2018-03-15 16:12:43',NULL,0),(45,'playerVirtual0','playerVirtual0_8dd81b0107',4,'2018-03-15 16:12:48',NULL,0),(46,'playerVirtual3','playerVirtual3_3afcd17152',4,'2018-03-15 16:13:36',NULL,0),(47,'playerVirtual1','playerVirtual1_182859403',0,'2018-03-15 16:13:57',NULL,0),(48,'playerVirtual1','playerVirtual1_182859403',0,'2018-03-15 16:13:57',NULL,0),(49,'playerVirtual2','playerVirtual2_2359368952',0,'2018-03-15 16:14:02',NULL,0),(50,'playerVirtual2','playerVirtual2_2359368952',0,'2018-03-15 16:14:02',NULL,0),(51,'playerVirtual0','playerVirtual0_16917741',0,'2018-03-15 16:14:08',NULL,0),(52,'playerVirtual0','playerVirtual0_16917741',0,'2018-03-15 16:14:08',NULL,0),(53,'playerVirtual4','playerVirtual4_2edcf51a48',4,'2018-03-15 16:14:20',NULL,0),(54,'playerVirtual1','playerVirtual1_97f9ee9f98',3,'2018-03-15 16:14:57',NULL,0),(55,'playerVirtual2','playerVirtual2_74481c8e69',3,'2018-03-15 16:15:02',NULL,0),(56,'playerVirtual0','playerVirtual0_b528862324',3,'2018-03-15 16:15:08',NULL,0),(57,'playerVirtual3','playerVirtual3_2545640208',0,'2018-03-15 16:15:12',NULL,0),(58,'playerVirtual3','playerVirtual3_2545640208',0,'2018-03-15 16:15:12',NULL,0),(59,'playerVirtual4','playerVirtual4_908315',0,'2018-03-15 16:15:57',NULL,0),(60,'playerVirtual4','playerVirtual4_908315',0,'2018-03-15 16:15:57',NULL,0),(61,'playerVirtual3','playerVirtual3_3329254faa',3,'2018-03-15 16:16:12',NULL,0),(62,'playerVirtual1','playerVirtual1_539194189',0,'2018-03-15 16:16:28',NULL,0),(63,'playerVirtual1','playerVirtual1_539194189',0,'2018-03-15 16:16:29',NULL,0),(64,'playerVirtual4','playerVirtual4_2e1a643730',3,'2018-03-15 16:16:57',NULL,0),(65,'playerVirtual2','playerVirtual2_4820204870',0,'2018-03-15 16:17:10',NULL,0),(66,'playerVirtual2','playerVirtual2_4820204870',0,'2018-03-15 16:17:10',NULL,0),(67,'playerVirtual1','playerVirtual1_9833de1936',4,'2018-03-15 16:17:29',NULL,0),(68,'playerVirtual0','playerVirtual0_8058564',0,'2018-03-15 16:18:04',NULL,0),(69,'playerVirtual0','playerVirtual0_8058564',0,'2018-03-15 16:18:05',NULL,0),(70,'playerVirtual2','playerVirtual2_a9a2fe6cae',4,'2018-03-15 16:18:10',NULL,0),(71,'playerVirtual3','playerVirtual3_1429160667',0,'2018-03-15 16:18:54',NULL,0),(72,'playerVirtual3','playerVirtual3_1429160667',0,'2018-03-15 16:18:54',NULL,0),(73,'playerVirtual0','playerVirtual0_0927637693',4,'2018-03-15 16:19:05',NULL,0),(74,'playerVirtual4','playerVirtual4_3338010893',0,'2018-03-15 16:19:39',NULL,0),(75,'playerVirtual4','playerVirtual4_3338010893',0,'2018-03-15 16:19:39',NULL,0),(76,'playerVirtual3','playerVirtual3_12b9b32ee1',4,'2018-03-15 16:19:54',NULL,0),(77,'playerVirtual1','playerVirtual1_82730999',0,'2018-03-15 16:20:22',NULL,0),(78,'playerVirtual1','playerVirtual1_82730999',0,'2018-03-15 16:20:23',NULL,0),(79,'playerVirtual2','playerVirtual2_351652724',0,'2018-03-15 16:20:27',NULL,0),(80,'playerVirtual2','playerVirtual2_351652724',0,'2018-03-15 16:20:27',NULL,0),(81,'playerVirtual0','playerVirtual0_6571218',0,'2018-03-15 16:20:33',NULL,0),(82,'playerVirtual0','playerVirtual0_6571218',0,'2018-03-15 16:20:33',NULL,0),(83,'playerVirtual4','playerVirtual4_adbf8295e7',4,'2018-03-15 16:20:39',NULL,0),(84,'playerVirtual1','playerVirtual1_b5341fec08',3,'2018-03-15 16:21:22',NULL,0),(85,'playerVirtual2','playerVirtual2_9b38598ddc',3,'2018-03-15 16:21:27',NULL,0),(86,'playerVirtual0','playerVirtual0_acefd005c3',3,'2018-03-15 16:21:33',NULL,0),(87,'playerVirtual3','playerVirtual3_778566023',0,'2018-03-15 16:21:39',NULL,0),(88,'playerVirtual3','playerVirtual3_778566023',0,'2018-03-15 16:21:39',NULL,0),(89,'playerVirtual4','playerVirtual4_1436344784',0,'2018-03-15 16:22:28',NULL,0),(90,'playerVirtual4','playerVirtual4_1436344784',0,'2018-03-15 16:22:28',NULL,0),(91,'playerVirtual3','playerVirtual3_67dedbceb9',3,'2018-03-15 16:22:39',NULL,0),(92,'playerVirtual1','playerVirtual1_1339662',0,'2018-03-15 16:23:01',NULL,0),(93,'playerVirtual1','playerVirtual1_1339662',0,'2018-03-15 16:23:01',NULL,0),(94,'playerVirtual4','playerVirtual4_68744547aa',3,'2018-03-15 16:23:28',NULL,0),(95,'playerVirtual2','playerVirtual2_317497342',0,'2018-03-15 16:23:43',NULL,0),(96,'playerVirtual2','playerVirtual2_317497342',0,'2018-03-15 16:23:43',NULL,0),(97,'playerVirtual1','playerVirtual1_2ed9822979',4,'2018-03-15 16:24:01',NULL,0),(98,'playerVirtual0','playerVirtual0_284794223',0,'2018-03-15 16:24:37',NULL,0),(99,'playerVirtual0','playerVirtual0_284794223',0,'2018-03-15 16:24:38',NULL,0),(100,'playerVirtual2','playerVirtual2_5e69cc9732',4,'2018-03-15 16:24:44',NULL,0),(101,'playerVirtual3','playerVirtual3_359920779',0,'2018-03-15 16:25:28',NULL,0),(102,'playerVirtual3','playerVirtual3_359920779',0,'2018-03-15 16:25:31',NULL,0),(103,'playerVirtual0','playerVirtual0_5939195dac',4,'2018-03-15 16:25:38',NULL,0),(104,'playerVirtual4','playerVirtual4_904011',0,'2018-03-15 16:26:12',NULL,0),(105,'playerVirtual3','playerVirtual3_984eb8b511',4,'2018-03-15 16:26:27',NULL,0),(106,'playerVirtual1','playerVirtual1_2904109077',0,'2018-03-15 16:26:54',NULL,0),(107,'playerVirtual1','playerVirtual1_2904109077',0,'2018-03-15 16:26:55',NULL,0),(108,'playerVirtual2','playerVirtual2_257338074',0,'2018-03-15 16:27:01',NULL,0),(109,'playerVirtual2','playerVirtual2_257338074',0,'2018-03-15 16:27:01',NULL,0),(110,'playerVirtual0','playerVirtual0_905614',0,'2018-03-15 16:27:07',NULL,0),(111,'playerVirtual0','playerVirtual0_905614',0,'2018-03-15 16:27:07',NULL,0),(112,'playerVirtual4','playerVirtual4_c7f1a1d449',4,'2018-03-15 16:27:12',NULL,0),(113,'playerVirtual1','playerVirtual1_12f1e5b315',3,'2018-03-15 16:27:55',NULL,0),(114,'playerVirtual2','playerVirtual2_a509b0946f',3,'2018-03-15 16:28:01',NULL,0),(115,'playerVirtual0','playerVirtual0_44da956ed7',3,'2018-03-15 16:28:07',NULL,0),(116,'playerVirtual3','playerVirtual3_1093460',0,'2018-03-15 16:28:14',NULL,0),(117,'playerVirtual3','playerVirtual3_1093460',0,'2018-03-15 16:28:14',NULL,0),(118,'playerVirtual4','playerVirtual4_6569547',0,'2018-03-15 16:29:04',NULL,0),(119,'playerVirtual3','playerVirtual3_32dd06ceb7',3,'2018-03-15 16:29:14',NULL,0),(120,'playerVirtual1','playerVirtual1_470485660',0,'2018-03-15 16:29:39',NULL,0),(121,'playerVirtual1','playerVirtual1_470485660',0,'2018-03-15 16:29:41',NULL,0),(122,'playerVirtual4','playerVirtual4_5471cea53f',3,'2018-03-15 16:30:04',NULL,0),(123,'playerVirtual2','playerVirtual2_30788568',0,'2018-03-15 16:30:23',NULL,0),(124,'playerVirtual2','playerVirtual2_30788568',0,'2018-03-15 16:30:24',NULL,0),(125,'playerVirtual1','playerVirtual1_7ed5f435a3',4,'2018-03-15 16:30:39',NULL,0),(126,'playerVirtual0','playerVirtual0_5792765',0,'2018-03-15 16:31:18',NULL,0),(127,'playerVirtual0','playerVirtual0_5792765',0,'2018-03-15 16:31:19',NULL,0),(128,'playerVirtual2','playerVirtual2_4281ff9603',4,'2018-03-15 16:31:24',NULL,0),(129,'playerVirtual3','playerVirtual3_38671842',0,'2018-03-15 16:32:15',NULL,0),(130,'playerVirtual3','playerVirtual3_38671842',0,'2018-03-15 16:32:15',NULL,0),(131,'playerVirtual0','playerVirtual0_f708f59585',4,'2018-03-15 16:32:19',NULL,0),(132,'playerVirtual4','playerVirtual4_400453824',0,'2018-03-15 16:33:00',NULL,0),(133,'playerVirtual3','playerVirtual3_3325169013',4,'2018-03-15 16:33:15',NULL,0),(134,'playerVirtual1','playerVirtual1_4820318661',0,'2018-03-15 16:33:51',NULL,0),(135,'playerVirtual1','playerVirtual1_4820318661',0,'2018-03-15 16:33:51',NULL,0),(136,'playerVirtual2','playerVirtual2_4819935267',0,'2018-03-15 16:33:58',NULL,0),(137,'playerVirtual2','playerVirtual2_4819935267',0,'2018-03-15 16:33:58',NULL,0),(138,'playerVirtual4','playerVirtual4_ea6683ec65',4,'2018-03-15 16:34:00',NULL,0),(139,'playerVirtual0','playerVirtual0_4820217293',0,'2018-03-15 16:34:07',NULL,0),(140,'playerVirtual0','playerVirtual0_4820217293',0,'2018-03-15 16:34:07',NULL,0),(141,'playerVirtual1','playerVirtual1_075285cc1f',3,'2018-03-15 16:34:53',NULL,0),(142,'playerVirtual2','playerVirtual2_98bf5b6fa2',3,'2018-03-15 16:34:58',NULL,0),(143,'playerVirtual0','playerVirtual0_f06d2be38d',3,'2018-03-15 16:35:07',NULL,0),(144,'playerVirtual3','playerVirtual3_6264344062',0,'2018-03-15 16:35:13',NULL,0),(145,'playerVirtual3','playerVirtual3_6264344062',0,'2018-03-15 16:35:14',NULL,0),(146,'playerVirtual3','playerVirtual3_f07bf0f57e',3,'2018-03-15 16:36:14',NULL,0),(147,'playerVirtual4','playerVirtual4_2378747961',0,'2018-03-15 16:36:14',NULL,0),(148,'playerVirtual1','playerVirtual1_5068098508',0,'2018-03-15 16:36:52',NULL,0),(149,'playerVirtual1','playerVirtual1_5068098508',0,'2018-03-15 16:36:52',NULL,0),(150,'playerVirtual4','playerVirtual4_2e1927df23',3,'2018-03-15 16:37:14',NULL,0),(151,'playerVirtual1','playerVirtual1_1766903499',4,'2018-03-15 16:37:52',NULL,0),(152,'playerVirtual2','playerVirtual2_2359368952',1,'2018-03-15 16:38:35',NULL,0),(153,'playerVirtual2','playerVirtual2_05767b639c',4,'2018-03-15 16:38:36',NULL,0),(154,'playerVirtual2','playerVirtual2_2359368952',1,'2018-03-15 16:38:36',NULL,0),(155,'playerVirtual0','playerVirtual0_227443932',0,'2018-03-15 16:39:46',NULL,0),(156,'playerVirtual0','playerVirtual0_227443932',0,'2018-03-15 16:39:47',NULL,0),(157,'playerVirtual3','playerVirtual3_1095593',0,'2018-03-15 16:40:43',NULL,0),(158,'playerVirtual3','playerVirtual3_1095593',0,'2018-03-15 16:40:43',NULL,0),(159,'playerVirtual0','playerVirtual0_ba9ac1c496',4,'2018-03-15 16:40:47',NULL,0),(160,'playerVirtual4','playerVirtual4_2148750930',0,'2018-03-15 16:41:31',NULL,0),(161,'playerVirtual2','playerVirtual2_765651',0,'2018-03-15 16:41:37',NULL,0),(162,'playerVirtual2','playerVirtual2_765651',0,'2018-03-15 16:41:37',NULL,0),(163,'playerVirtual3','playerVirtual3_ed8b2ef05b',4,'2018-03-15 16:41:43',NULL,0),(164,'playerVirtual1','playerVirtual1_563574327',0,'2018-03-15 16:42:26',NULL,0),(165,'playerVirtual1','playerVirtual1_563574327',0,'2018-03-15 16:42:27',NULL,0),(166,'playerVirtual4','playerVirtual4_565492f998',4,'2018-03-15 16:42:32',NULL,0),(167,'playerVirtual2','playerVirtual2_d7af005ff6',3,'2018-03-15 16:42:37',NULL,0),(168,'playerVirtual0','playerVirtual0_16915963',0,'2018-03-15 16:42:49',NULL,0),(169,'playerVirtual0','playerVirtual0_16915963',0,'2018-03-15 16:42:49',NULL,0),(170,'playerVirtual1','playerVirtual1_53272eeddd',3,'2018-03-15 16:43:27',NULL,0),(171,'playerVirtual0','playerVirtual0_3c003057f8',3,'2018-03-15 16:43:49',NULL,0),(172,'playerVirtual3','playerVirtual3_5623125514',0,'2018-03-15 16:43:58',NULL,0),(173,'playerVirtual3','playerVirtual3_5623125514',0,'2018-03-15 16:43:59',NULL,0),(174,'playerVirtual3','playerVirtual3_f6e8ee246a',3,'2018-03-15 16:44:59',NULL,0),(175,'playerVirtual4','playerVirtual4_284757920',0,'2018-03-15 16:45:00',NULL,0),(176,'playerVirtual1','playerVirtual1_6274355716',0,'2018-03-15 16:45:43',NULL,0),(177,'playerVirtual1','playerVirtual1_6274355716',0,'2018-03-15 16:45:43',NULL,0),(178,'playerVirtual4','playerVirtual4_e304590ea4',3,'2018-03-15 16:46:00',NULL,0),(179,'playerVirtual2','playerVirtual2_272887063',0,'2018-03-15 16:46:26',NULL,0),(180,'playerVirtual2','playerVirtual2_272887063',0,'2018-03-15 16:46:28',NULL,0),(181,'playerVirtual1','playerVirtual1_62e270dfe0',4,'2018-03-15 16:46:43',NULL,0),(182,'playerVirtual2','playerVirtual2_383460c975',4,'2018-03-15 16:47:24',NULL,0),(183,'playerVirtual0','playerVirtual0_38676294',0,'2018-03-15 16:48:39',NULL,0),(184,'playerVirtual0','playerVirtual0_38676294',0,'2018-03-15 16:48:39',NULL,0),(185,'playerVirtual0','playerVirtual0_b08bb14a92',4,'2018-03-15 16:49:39',NULL,0),(186,'playerVirtual3','playerVirtual3_182859403',0,'2018-03-15 16:50:39',NULL,0),(187,'playerVirtual3','playerVirtual3_182859403',0,'2018-03-15 16:50:41',NULL,0),(188,'playerVirtual1','playerVirtual1_182859403',1,'2018-03-15 16:51:35',NULL,0),(189,'playerVirtual1','playerVirtual1_16fa1e6897',3,'2018-03-15 16:51:35',NULL,0),(190,'playerVirtual1','playerVirtual1_182859403',1,'2018-03-15 16:51:36',NULL,0),(191,'playerVirtual3','playerVirtual3_e2b32c60bd',4,'2018-03-15 16:51:39',NULL,0),(192,'playerVirtual4','playerVirtual4_4820204870',0,'2018-03-15 16:51:43',NULL,0),(193,'playerVirtual2','playerVirtual2_4820204870',1,'2018-03-15 16:51:45',NULL,0),(194,'playerVirtual2','playerVirtual2_7ca7103710',3,'2018-03-15 16:51:45',NULL,0),(195,'playerVirtual2','playerVirtual2_4820204870',1,'2018-03-15 16:51:45',NULL,0),(196,'playerVirtual4','playerVirtual4_b0ba661b31',4,'2018-03-15 16:52:43',NULL,0),(197,'playerVirtual0','playerVirtual0_990694203',0,'2018-03-15 16:53:15',NULL,0),(198,'playerVirtual0','playerVirtual0_990694203',0,'2018-03-15 16:53:16',NULL,0),(199,'playerVirtual3','playerVirtual3_182859403',1,'2018-03-15 16:54:07',NULL,0),(200,'playerVirtual3','playerVirtual3_26b27a7b7b',3,'2018-03-15 16:54:08',NULL,0),(201,'playerVirtual3','playerVirtual3_182859403',1,'2018-03-15 16:54:08',NULL,0),(202,'playerVirtual0','playerVirtual0_693b783f27',3,'2018-03-15 16:54:16',NULL,0),(203,'playerVirtual1','playerVirtual1_990694203',0,'2018-03-15 16:55:22',NULL,0),(204,'playerVirtual1','playerVirtual1_990694203',0,'2018-03-15 16:55:22',NULL,0),(205,'playerVirtual4','playerVirtual4_6280643141',0,'2018-03-15 16:55:44',NULL,0),(206,'playerVirtual2','playerVirtual2_6280638724',0,'2018-03-15 16:56:07',NULL,0),(207,'playerVirtual2','playerVirtual2_6280638724',0,'2018-03-15 16:56:08',NULL,0),(208,'playerVirtual1','playerVirtual1_a18bb5d2d7',4,'2018-03-15 16:56:22',NULL,0),(209,'playerVirtual4','playerVirtual4_2476a932cf',3,'2018-03-15 16:56:44',NULL,0),(210,'playerVirtual2','playerVirtual2_0390347d61',4,'2018-03-15 16:57:08',NULL,0),(211,'playerVirtual0','playerVirtual0_990694203',1,'2018-03-15 16:59:06',NULL,0),(212,'playerVirtual0','playerVirtual0_c922d901c2',4,'2018-03-15 16:59:07',NULL,0),(213,'playerVirtual0','playerVirtual0_990694203',1,'2018-03-15 16:59:07',NULL,0),(214,'playerVirtual3','playerVirtual3_4476462938',0,'2018-03-15 17:00:31',NULL,0),(215,'playerVirtual3','playerVirtual3_4476462938',0,'2018-03-15 17:00:31',NULL,0),(216,'playerVirtual1','playerVirtual1_990694203',1,'2018-03-15 17:01:14',NULL,0),(217,'playerVirtual1','playerVirtual1_26dd6381c4',3,'2018-03-15 17:01:14',NULL,0),(218,'playerVirtual1','playerVirtual1_990694203',1,'2018-03-15 17:01:14',NULL,0),(219,'playerVirtual3','playerVirtual3_06e5793d0e',4,'2018-03-15 17:01:31',NULL,0),(220,'playerVirtual2','playerVirtual2_272887063',1,'2018-03-15 17:01:45',NULL,0),(221,'playerVirtual2','playerVirtual2_3666a1e25a',3,'2018-03-15 17:01:45',NULL,0),(222,'playerVirtual2','playerVirtual2_272887063',1,'2018-03-15 17:01:45',NULL,0),(223,'playerVirtual4','playerVirtual4_272887063',0,'2018-03-15 17:02:41',NULL,0),(224,'playerVirtual0','playerVirtual0_6282149131',0,'2018-03-15 17:03:19',NULL,0),(225,'playerVirtual0','playerVirtual0_6282149131',0,'2018-03-15 17:03:19',NULL,0),(226,'playerVirtual4','playerVirtual4_e6034f3231',4,'2018-03-15 17:03:42',NULL,0),(227,'playerVirtual0','playerVirtual0_039e87f47f',3,'2018-03-15 17:04:20',NULL,0),(228,'playerVirtual3','playerVirtual3_1436323714',0,'2018-03-15 17:04:23',NULL,0),(229,'playerVirtual3','playerVirtual3_1436323714',0,'2018-03-15 17:04:23',NULL,0),(230,'playerVirtual3','playerVirtual3_f6c738bc4f',3,'2018-03-15 17:05:25',NULL,0),(231,'playerVirtual1','playerVirtual1_2359368952',0,'2018-03-15 17:05:26',NULL,0),(232,'playerVirtual1','playerVirtual1_2359368952',0,'2018-03-15 17:05:26',NULL,0),(233,'playerVirtual1','playerVirtual1_a5a2639d2a',4,'2018-03-15 17:06:27',NULL,0),(234,'playerVirtual2','playerVirtual2_682797',0,'2018-03-15 17:06:30',NULL,0),(235,'playerVirtual2','playerVirtual2_682797',0,'2018-03-15 17:06:31',NULL,0),(236,'playerVirtual4','playerVirtual4_214880781',0,'2018-03-15 17:07:10',NULL,0),(237,'playerVirtual2','playerVirtual2_ccf9b6d08a',4,'2018-03-15 17:07:33',NULL,0),(238,'playerVirtual4','playerVirtual4_70dad53af3',3,'2018-03-15 17:08:10',NULL,0),(239,'playerVirtual0','playerVirtual0_1094955',0,'2018-03-15 17:09:36',NULL,0),(240,'playerVirtual0','playerVirtual0_1094955',0,'2018-03-15 17:09:39',NULL,0),(241,'playerVirtual0','playerVirtual0_cbe8d720a2',4,'2018-03-15 17:10:33',NULL,0),(242,'playerVirtual5','playerVirtual5_a636f68906',4,'2018-03-15 17:10:43',NULL,0),(243,'playerVirtual1','playerVirtual1_182859403',0,'2018-03-15 17:11:57',NULL,0),(244,'playerVirtual1','playerVirtual1_70f15ff67e',3,'2018-03-15 17:11:57',NULL,0),(245,'playerVirtual1','playerVirtual1_182859403',0,'2018-03-15 17:11:58',NULL,0),(246,'playerVirtual3','playerVirtual3_16914091',0,'2018-03-15 17:12:01',NULL,0),(247,'playerVirtual3','playerVirtual3_16914091',0,'2018-03-15 17:12:02',NULL,0),(248,'playerVirtual2','playerVirtual2_6641406',0,'2018-03-15 17:12:32',NULL,0),(249,'playerVirtual2','playerVirtual2_6641406',0,'2018-03-15 17:12:32',NULL,0),(250,'playerVirtual3','playerVirtual3_bee8d15b11',4,'2018-03-15 17:13:01',NULL,0),(251,'playerVirtual2','playerVirtual2_188745608a',3,'2018-03-15 17:13:32',NULL,0),(252,'playerVirtual4','playerVirtual4_6285257156',0,'2018-03-15 17:14:33',NULL,0),(253,'playerVirtual4','playerVirtual4_6285257156',0,'2018-03-15 17:14:34',NULL,0),(254,'playerVirtual4','playerVirtual4_1474e9b3aa',4,'2018-03-15 17:15:34',NULL,0),(255,'playerVirtual0','playerVirtual0_6955737',1,'2018-03-15 17:15:36',NULL,0),(256,'playerVirtual0','playerVirtual0_4769898604',3,'2018-03-15 17:15:37',NULL,0),(257,'playerVirtual0','playerVirtual0_6955737',1,'2018-03-15 17:15:37',NULL,0),(258,'playerVirtual1','playerVirtual1_6955737',0,'2018-03-15 17:16:55',NULL,0),(259,'playerVirtual1','playerVirtual1_6955737',0,'2018-03-15 17:16:56',NULL,0),(260,'playerVirtual3','playerVirtual3_1438244924',0,'2018-03-15 17:17:04',NULL,0),(261,'playerVirtual3','playerVirtual3_1438244924',0,'2018-03-15 17:17:06',NULL,0),(262,'playerVirtual1','playerVirtual1_ee3934c660',4,'2018-03-15 17:17:56',NULL,0),(263,'playerVirtual3','playerVirtual3_9f3e94a80a',3,'2018-03-15 17:18:03',NULL,0),(264,'playerVirtual2','playerVirtual2_1438244924',1,'2018-03-15 17:19:12',NULL,0),(265,'playerVirtual2','playerVirtual2_57f98260e5',4,'2018-03-15 17:19:12',NULL,0),(266,'playerVirtual2','playerVirtual2_1438244924',1,'2018-03-15 17:19:14',NULL,0),(267,'playerVirtual4','playerVirtual4_3338579772',0,'2018-03-15 17:19:49',NULL,0),(268,'playerVirtual4','playerVirtual4_3338579772',0,'2018-03-15 17:19:49',NULL,0),(269,'playerVirtual5','playerVirtual5_6955737',0,'2018-03-15 17:20:00',NULL,0),(270,'playerVirtual4','playerVirtual4_d9e0c29883',3,'2018-03-15 17:20:49',NULL,0),(271,'playerVirtual5','playerVirtual5_f5fa17e087',3,'2018-03-15 17:21:00',NULL,0),(272,'playerVirtual0','playerVirtual0_3338579772',1,'2018-03-15 17:21:14',NULL,0),(273,'playerVirtual0','playerVirtual0_93c086fba3',4,'2018-03-15 17:21:15',NULL,0),(274,'playerVirtual0','playerVirtual0_3338579772',1,'2018-03-15 17:21:20',NULL,0),(275,'playerVirtual5','playerVirtual5_4d61ff024a',4,'2018-03-15 17:22:01',NULL,0),(276,'playerVirtual1','playerVirtual1_2381571381',1,'2018-03-15 17:23:45',NULL,0),(277,'playerVirtual1','playerVirtual1_933ed5eb5d',3,'2018-03-15 17:23:45',NULL,0),(278,'playerVirtual1','playerVirtual1_2381571381',1,'2018-03-15 17:23:45',NULL,0),(279,'playerVirtual2','playerVirtual2_2378747961',0,'2018-03-15 17:24:22',NULL,0),(280,'playerVirtual2','playerVirtual2_2378747961',0,'2018-03-15 17:24:27',NULL,0),(281,'playerVirtual3','playerVirtual3_2381571381',0,'2018-03-15 17:24:49',NULL,0),(282,'playerVirtual3','playerVirtual3_2381571381',0,'2018-03-15 17:24:49',NULL,0),(283,'playerVirtual2','playerVirtual2_d5feefb248',3,'2018-03-15 17:25:22',NULL,0),(284,'playerVirtual3','playerVirtual3_213331e475',4,'2018-03-15 17:25:49',NULL,0),(285,'playerVirtual0','playerVirtual0_6289355687',0,'2018-03-15 17:27:00',NULL,0),(286,'playerVirtual0','playerVirtual0_6289355687',0,'2018-03-15 17:27:00',NULL,0),(287,'playerVirtual4','playerVirtual4_8f806096ed',4,'2018-03-15 17:27:23',NULL,0),(288,'playerVirtual0','playerVirtual0_d31772ad87',3,'2018-03-15 17:28:00',NULL,0),(289,'playerVirtual1','playerVirtual1_6289704471',0,'2018-03-15 17:29:27',NULL,0),(290,'playerVirtual1','playerVirtual1_6289704471',0,'2018-03-15 17:29:27',NULL,0),(291,'playerVirtual1','playerVirtual1_09f86003d7',4,'2018-03-15 17:30:27',NULL,0),(292,'playerVirtual3','playerVirtual3_1438244924',1,'2018-03-15 17:30:29',NULL,0),(293,'playerVirtual3','playerVirtual3_c87dc28af9',3,'2018-03-15 17:30:29',NULL,0),(294,'playerVirtual3','playerVirtual3_1438244924',1,'2018-03-15 17:30:29',NULL,0),(295,'playerVirtual2','playerVirtual2_1436344784',0,'2018-03-15 17:31:56',NULL,0),(296,'playerVirtual2','playerVirtual2_1436344784',0,'2018-03-15 17:31:57',NULL,0),(297,'playerVirtual5','playerVirtual5_1438244924',0,'2018-03-15 17:32:29',NULL,0),(298,'playerVirtual4','playerVirtual4_1436344784',1,'2018-03-15 17:32:36',NULL,0),(299,'playerVirtual4','playerVirtual4_af971a0a9c',3,'2018-03-15 17:32:36',NULL,0),(300,'playerVirtual4','playerVirtual4_1436344784',1,'2018-03-15 17:32:36',NULL,0),(301,'playerVirtual2','playerVirtual2_26a11d1c36',4,'2018-03-15 17:32:59',NULL,0),(302,'playerVirtual5','playerVirtual5_521fcb41ff',3,'2018-03-15 17:33:29',NULL,0),(303,'playerVirtual0','playerVirtual0_794070039',0,'2018-03-15 17:34:08',NULL,0),(304,'playerVirtual0','playerVirtual0_794070039',0,'2018-03-15 17:34:09',NULL,0),(305,'playerVirtual0','playerVirtual0_e912ddf053',4,'2018-03-15 17:35:09',NULL,0),(306,'playerVirtual5','playerVirtual5_6296865278',0,'2018-03-15 17:37:06',NULL,0),(307,'playerVirtual1','playerVirtual1_990694203',0,'2018-03-15 17:37:19',NULL,0),(308,'playerVirtual1','playerVirtual1_8a1e36f876',3,'2018-03-15 17:37:19',NULL,0),(309,'playerVirtual1','playerVirtual1_990694203',0,'2018-03-15 17:37:20',NULL,0),(310,'playerVirtual3','playerVirtual3_6264344062',1,'2018-03-15 17:37:30',NULL,0),(311,'playerVirtual3','playerVirtual3_02f27b8ee8',4,'2018-03-15 17:37:30',NULL,0),(312,'playerVirtual3','playerVirtual3_6264344062',1,'2018-03-15 17:37:30',NULL,0),(313,'playerVirtual5','playerVirtual5_9cb7552b4a',4,'2018-03-15 17:38:06',NULL,0),(314,'playerVirtual2','playerVirtual2_2378747961',1,'2018-03-15 17:38:41',NULL,0),(315,'playerVirtual2','playerVirtual2_91ad41ae7d',3,'2018-03-15 17:38:41',NULL,0),(316,'playerVirtual2','playerVirtual2_2378747961',1,'2018-03-15 17:38:42',NULL,0),(317,'playerVirtual4','playerVirtual4_6296268057',0,'2018-03-15 17:41:16',NULL,0),(318,'playerVirtual4','playerVirtual4_6296268057',0,'2018-03-15 17:41:17',NULL,0),(319,'playerVirtual4','playerVirtual4_c30e9f23ff',4,'2018-03-15 17:42:17',NULL,0),(320,'playerVirtual3','playerVirtual3_1095593',1,'2018-03-15 17:42:37',NULL,0),(321,'playerVirtual3','playerVirtual3_c8ae41bb05',3,'2018-03-15 17:42:38',NULL,0),(322,'playerVirtual3','playerVirtual3_1095593',1,'2018-03-15 17:42:38',NULL,0),(323,'playerVirtual1','playerVirtual1_990694203',1,'2018-03-15 17:43:01',NULL,0),(324,'playerVirtual1','playerVirtual1_b580a1fe7a',4,'2018-03-15 17:43:01',NULL,0),(325,'playerVirtual1','playerVirtual1_990694203',1,'2018-03-15 17:43:01',NULL,0),(326,'playerVirtual0','playerVirtual0_182859403',0,'2018-03-15 17:44:10',NULL,0),(327,'playerVirtual0','playerVirtual0_182859403',0,'2018-03-15 17:44:10',NULL,0),(328,'playerVirtual0','playerVirtual0_ab0bd8057f',3,'2018-03-15 17:45:10',NULL,0),(329,'playerVirtual2','playerVirtual2_990694203',0,'2018-03-15 17:48:58',NULL,0),(330,'playerVirtual2','playerVirtual2_990694203',0,'2018-03-15 17:48:59',NULL,0),(331,'playerVirtual4','playerVirtual4_908315',1,'2018-03-15 17:49:52',NULL,0),(332,'playerVirtual4','playerVirtual4_678bb9fe01',3,'2018-03-15 17:49:52',NULL,0),(333,'playerVirtual4','playerVirtual4_908315',1,'2018-03-15 17:49:53',NULL,0),(334,'playerVirtual2','playerVirtual2_63e26a75d3',4,'2018-03-15 17:49:58',NULL,0),(335,'playerVirtual5','playerVirtual5_6264344062',0,'2018-03-15 17:50:17',NULL,0),(336,'playerVirtual5','playerVirtual5_6264344062',0,'2018-03-15 17:50:17',NULL,0),(337,'playerVirtual6','playerVirtual6_5510c8e6ac',4,'2018-03-15 17:50:38',NULL,0),(338,'playerVirtual1','playerVirtual1_6274355716',1,'2018-03-15 17:51:10',NULL,0),(339,'playerVirtual1','playerVirtual1_c9c6dc7854',3,'2018-03-15 17:51:10',NULL,0),(340,'playerVirtual1','playerVirtual1_6274355716',1,'2018-03-15 17:51:10',NULL,0),(341,'playerVirtual5','playerVirtual5_ea4902c015',3,'2018-03-15 17:51:17',NULL,0),(342,'playerVirtual0','playerVirtual0_182859403',1,'2018-03-15 17:51:19',NULL,0),(343,'playerVirtual0','playerVirtual0_4f3e2d51ac',4,'2018-03-15 17:51:19',NULL,0),(344,'playerVirtual0','playerVirtual0_182859403',1,'2018-03-15 17:51:19',NULL,0),(345,'playerVirtual3','playerVirtual3_6301942525',0,'2018-03-15 17:53:50',NULL,0),(346,'playerVirtual3','playerVirtual3_6301942525',0,'2018-03-15 17:53:50',NULL,0),(347,'playerVirtual3','playerVirtual3_0ae0974788',4,'2018-03-15 17:54:50',NULL,0),(348,'playerVirtual2','playerVirtual2_990694203',1,'2018-03-15 17:55:40',NULL,0),(349,'playerVirtual2','playerVirtual2_ca88322fb8',3,'2018-03-15 17:55:40',NULL,0),(350,'playerVirtual2','playerVirtual2_990694203',1,'2018-03-15 17:55:41',NULL,0),(351,'playerVirtual5','playerVirtual5_1095593',0,'2018-03-15 17:57:18',NULL,0),(352,'playerVirtual5','playerVirtual5_1095593',0,'2018-03-15 17:57:18',NULL,0),(353,'playerVirtual1','playerVirtual1_182859403',1,'2018-03-15 17:58:10',NULL,0),(354,'playerVirtual1','playerVirtual1_7a96d0aa59',4,'2018-03-15 17:58:10',NULL,0),(355,'playerVirtual1','playerVirtual1_182859403',1,'2018-03-15 17:58:10',NULL,0),(356,'playerVirtual5','playerVirtual5_e61cbf836a',4,'2018-03-15 17:58:18',NULL,0),(357,'playerVirtual4','playerVirtual4_5297461910',0,'2018-03-15 17:59:22',NULL,0),(358,'playerVirtual4','playerVirtual4_5297461910',0,'2018-03-15 17:59:22',NULL,0),(359,'playerVirtual4','playerVirtual4_614d0c5dc5',4,'2018-03-15 18:00:22',NULL,0),(360,'playerVirtual3','playerVirtual3_182859403',0,'2018-03-15 18:02:30',NULL,0),(361,'playerVirtual3','playerVirtual3_c608f3a7da',3,'2018-03-15 18:02:30',NULL,0),(362,'playerVirtual3','playerVirtual3_182859403',0,'2018-03-15 18:02:30',NULL,0),(363,'playerVirtual0','playerVirtual0_6274355716',0,'2018-03-15 18:03:56',NULL,0),(364,'playerVirtual0','playerVirtual0_6274355716',0,'2018-03-15 18:03:57',NULL,0),(365,'playerVirtual0','playerVirtual0_5bb62dc9bd',3,'2018-03-15 18:04:56',NULL,0),(366,'playerVirtual2','playerVirtual2_5297461910',1,'2018-03-15 18:06:42',NULL,0),(367,'playerVirtual2','playerVirtual2_87d60771c0',4,'2018-03-15 18:06:42',NULL,0),(368,'playerVirtual2','playerVirtual2_5297461910',1,'2018-03-15 18:06:42',NULL,0),(369,'playerVirtual6','playerVirtual6_6289704471',0,'2018-03-15 18:07:43',NULL,0),(370,'playerVirtual1','playerVirtual1_6289704471',1,'2018-03-15 18:08:32',NULL,0),(371,'playerVirtual1','playerVirtual1_8d776de973',3,'2018-03-15 18:08:32',NULL,0),(372,'playerVirtual1','playerVirtual1_6289704471',1,'2018-03-15 18:08:33',NULL,0),(373,'playerVirtual6','playerVirtual6_f5a0d1d16c',3,'2018-03-15 18:08:43',NULL,0),(374,'playerVirtual4','playerVirtual4_bc2a0e1a64',3,'2018-03-15 18:08:58',NULL,0),(375,'playerVirtual7','playerVirtual7_bb90903ad0',4,'2018-03-15 18:10:37',NULL,0),(376,'playerVirtual5','playerVirtual5_1095593',1,'2018-03-15 18:10:43',NULL,0),(377,'playerVirtual5','playerVirtual5_60069be717',3,'2018-03-15 18:10:43',NULL,0),(378,'playerVirtual5','playerVirtual5_1095593',1,'2018-03-15 18:10:43',NULL,0),(379,'playerVirtual6','playerVirtual6_136b374aa3',4,'2018-03-15 18:10:48',NULL,0),(380,'playerVirtual0','playerVirtual0_539194189',0,'2018-03-15 18:11:19',NULL,0),(381,'playerVirtual0','playerVirtual0_539194189',0,'2018-03-15 18:11:19',NULL,0),(382,'playerVirtual0','playerVirtual0_947722eb01',4,'2018-03-15 18:12:22',NULL,0),(383,'playerVirtual3','playerVirtual3_908315',0,'2018-03-15 18:13:45',NULL,0),(384,'playerVirtual3','playerVirtual3_908315',0,'2018-03-15 18:13:46',NULL,0),(385,'playerVirtual8','playerVirtual8_4255d92d0f',4,'2018-03-15 18:14:01',NULL,0),(386,'playerVirtual3','playerVirtual3_5ee242b603',4,'2018-03-15 18:14:45',NULL,0),(387,'playerVirtual1','playerVirtual1_5068098508',1,'2018-03-15 18:15:46',NULL,0),(388,'playerVirtual1','playerVirtual1_20ae30dddc',4,'2018-03-15 18:15:46',NULL,0),(389,'playerVirtual1','playerVirtual1_5068098508',1,'2018-03-15 18:15:46',NULL,0),(390,'playerVirtual2','playerVirtual2_4246147567',0,'2018-03-15 18:16:10',NULL,0),(391,'playerVirtual2','playerVirtual2_4246147567',0,'2018-03-15 18:16:11',NULL,0),(392,'playerVirtual2','playerVirtual2_16f9f7990c',3,'2018-03-15 18:17:10',NULL,0),(393,'playerVirtual5','playerVirtual5_4246147567',0,'2018-03-15 18:19:26',NULL,0),(394,'playerVirtual5','playerVirtual5_4246147567',0,'2018-03-15 18:19:26',NULL,0),(395,'playerVirtual5','playerVirtual5_46e67ebe16',4,'2018-03-15 18:20:26',NULL,0),(396,'playerVirtual4','playerVirtual4_6289704471',0,'2018-03-15 18:21:12',NULL,0),(397,'playerVirtual4','playerVirtual4_6289704471',0,'2018-03-15 18:21:12',NULL,0),(398,'playerVirtual4','playerVirtual4_49507a54e2',4,'2018-03-15 18:22:12',NULL,0),(399,'playerVirtual3','playerVirtual3_4246147567',0,'2018-03-15 18:25:17',NULL,0),(400,'playerVirtual3','playerVirtual3_4246147567',0,'2018-03-15 18:25:17',NULL,0),(401,'playerVirtual3','playerVirtual3_5bb44befc2',3,'2018-03-15 18:26:17',NULL,0),(402,'playerVirtual1','playerVirtual1_539194189',1,'2018-03-15 18:27:17',NULL,0),(403,'playerVirtual1','playerVirtual1_9f499326f4',3,'2018-03-15 18:27:17',NULL,0),(404,'playerVirtual1','playerVirtual1_539194189',1,'2018-03-15 18:27:18',NULL,0),(405,'playerVirtual0','playerVirtual0_6315250734',0,'2018-03-15 18:27:23',NULL,0),(406,'playerVirtual0','playerVirtual0_6315250734',0,'2018-03-15 18:27:24',NULL,0),(407,'playerVirtual2','playerVirtual2_4246147567',1,'2018-03-15 18:28:13',NULL,0),(408,'playerVirtual2','playerVirtual2_c1678745cb',4,'2018-03-15 18:28:13',NULL,0),(409,'playerVirtual2','playerVirtual2_4246147567',1,'2018-03-15 18:28:18',NULL,0),(410,'playerVirtual0','playerVirtual0_949c507743',3,'2018-03-15 18:28:23',NULL,0),(411,'playerVirtual6','playerVirtual6_4246147567',0,'2018-03-15 18:30:03',NULL,0),(412,'playerVirtual6','playerVirtual6_4246147567',0,'2018-03-15 18:30:03',NULL,0),(413,'playerVirtual7','playerVirtual7_4246147567',0,'2018-03-15 18:30:32',NULL,0),(414,'playerVirtual7','playerVirtual7_4246147567',0,'2018-03-15 18:30:32',NULL,0),(415,'playerVirtual6','playerVirtual6_9b2b755dfc',3,'2018-03-15 18:31:03',NULL,0),(416,'playerVirtual7','playerVirtual7_67392e1e89',3,'2018-03-15 18:31:33',NULL,0),(417,'playerVirtual4','playerVirtual4_2378747961',0,'2018-03-15 18:31:54',NULL,0),(418,'playerVirtual4','playerVirtual4_26df507921',3,'2018-03-15 18:31:54',NULL,0),(419,'playerVirtual4','playerVirtual4_2378747961',0,'2018-03-15 18:31:55',NULL,0),(420,'playerVirtual7','playerVirtual7_4246147567',1,'2018-03-15 18:32:37',NULL,0),(421,'playerVirtual7','playerVirtual7_d1c167ee28',4,'2018-03-15 18:32:38',NULL,0),(422,'playerVirtual7','playerVirtual7_4246147567',1,'2018-03-15 18:32:38',NULL,0),(423,'playerVirtual5','playerVirtual5_4246147567',1,'2018-03-15 18:32:50',NULL,0),(424,'playerVirtual5','playerVirtual5_23eed01f69',3,'2018-03-15 18:32:51',NULL,0),(425,'playerVirtual5','playerVirtual5_4246147567',1,'2018-03-15 18:32:51',NULL,0),(426,'playerVirtual6','playerVirtual6_4246147567',1,'2018-03-15 18:33:08',NULL,0),(427,'playerVirtual6','playerVirtual6_34dc7bf1a7',4,'2018-03-15 18:33:08',NULL,0),(428,'playerVirtual6','playerVirtual6_4246147567',1,'2018-03-15 18:33:09',NULL,0),(429,'playerVirtual9','playerVirtual9_6714eb2f8e',4,'2018-03-15 18:33:59',NULL,0),(430,'playerVirtual8','playerVirtual8_4246147567',0,'2018-03-15 18:34:35',NULL,0),(431,'playerVirtual8','playerVirtual8_4246147567',0,'2018-03-15 18:34:35',NULL,0),(432,'playerVirtual0','playerVirtual0_4246147567',0,'2018-03-15 18:35:20',NULL,0),(433,'playerVirtual0','playerVirtual0_4246147567',0,'2018-03-15 18:35:20',NULL,0),(434,'playerVirtual8','playerVirtual8_c8c1c9c00e',3,'2018-03-15 18:35:35',NULL,0),(435,'playerVirtual0','playerVirtual0_adfc2b221a',4,'2018-03-15 18:36:20',NULL,0),(436,'playerVirtual8','playerVirtual8_4246147567',1,'2018-03-15 18:36:36',NULL,0),(437,'playerVirtual8','playerVirtual8_c52bfdd7b4',4,'2018-03-15 18:36:37',NULL,0),(438,'playerVirtual8','playerVirtual8_4246147567',1,'2018-03-15 18:36:37',NULL,0),(439,'playerVirtual3','playerVirtual3_4246147567',1,'2018-03-15 18:37:32',NULL,0),(440,'playerVirtual3','playerVirtual3_3904cc1f27',4,'2018-03-15 18:37:32',NULL,0),(441,'playerVirtual3','playerVirtual3_4246147567',1,'2018-03-15 18:37:33',NULL,0),(442,'playerVirtual1','playerVirtual1_6316827871',0,'2018-03-15 18:37:42',NULL,0),(443,'playerVirtual1','playerVirtual1_6316827871',0,'2018-03-15 18:37:42',NULL,0),(444,'playerVirtual1','playerVirtual1_de45d32b25',4,'2018-03-15 18:38:42',NULL,0),(445,'playerVirtual2','playerVirtual2_5068098508',0,'2018-03-15 18:39:09',NULL,0),(446,'playerVirtual2','playerVirtual2_5068098508',0,'2018-03-15 18:39:10',NULL,0),(447,'playerVirtual2','playerVirtual2_c635bcc33a',3,'2018-03-15 18:40:09',NULL,0),(448,'playerVirtual5','playerVirtual5_4246147567',0,'2018-03-15 18:43:04',NULL,0),(449,'playerVirtual5','playerVirtual5_0c34d2def6',4,'2018-03-15 18:43:04',NULL,0),(450,'playerVirtual5','playerVirtual5_4246147567',0,'2018-03-15 18:43:04',NULL,0),(451,'playerVirtual4','playerVirtual4_990694203',0,'2018-03-15 18:44:35',NULL,0),(452,'playerVirtual4','playerVirtual4_990694203',0,'2018-03-15 18:44:35',NULL,0),(453,'playerVirtual4','playerVirtual4_b35aab091d',4,'2018-03-15 18:45:35',NULL,0),(454,'playerVirtual3','playerVirtual3_359920779',1,'2018-03-15 18:49:17',NULL,0),(455,'playerVirtual3','playerVirtual3_4e1b213662',3,'2018-03-15 18:49:17',NULL,0),(456,'playerVirtual3','playerVirtual3_359920779',1,'2018-03-15 18:49:17',NULL,0),(457,'playerVirtual0','playerVirtual0_4246147567',1,'2018-03-15 18:51:24',NULL,0),(458,'playerVirtual0','playerVirtual0_1fbcb3e67b',3,'2018-03-15 18:51:24',NULL,0),(459,'playerVirtual0','playerVirtual0_4246147567',1,'2018-03-15 18:51:25',NULL,0),(460,'playerVirtual1','playerVirtual1_1095593',0,'2018-03-15 18:51:39',NULL,0),(461,'playerVirtual1','playerVirtual1_1095593',0,'2018-03-15 18:51:40',NULL,0),(462,'playerVirtual1','playerVirtual1_02496c2903',3,'2018-03-15 18:52:39',NULL,0),(463,'playerVirtual2','playerVirtual2_6322213339',0,'2018-03-15 18:52:41',NULL,0),(464,'playerVirtual2','playerVirtual2_6322213339',0,'2018-03-15 18:52:41',NULL,0),(465,'playerVirtual2','playerVirtual2_947201fb93',4,'2018-03-15 18:53:41',NULL,0),(466,'playerVirtual6','playerVirtual6_4246147567',0,'2018-03-15 18:53:58',NULL,0),(467,'playerVirtual6','playerVirtual6_abf34e0108',3,'2018-03-15 18:53:58',NULL,0),(468,'playerVirtual7','playerVirtual7_4246147567',0,'2018-03-15 18:54:01',NULL,0),(469,'playerVirtual7','playerVirtual7_2157224877',3,'2018-03-15 18:54:01',NULL,0),(470,'playerVirtual6','playerVirtual6_4246147567',0,'2018-03-15 18:54:01',NULL,0),(471,'playerVirtual7','playerVirtual7_4246147567',0,'2018-03-15 18:54:01',NULL,0),(472,'playerVirtual7','playerVirtual7_4246147567',1,'2018-03-15 18:55:03',NULL,0),(473,'playerVirtual7','playerVirtual7_e9e7e612fc',4,'2018-03-15 18:55:03',NULL,0),(474,'playerVirtual7','playerVirtual7_4246147567',1,'2018-03-15 18:55:06',NULL,0),(475,'playerVirtual4','playerVirtual4_990694203',1,'2018-03-15 18:55:18',NULL,0),(476,'playerVirtual4','playerVirtual4_98163aa696',3,'2018-03-15 18:55:19',NULL,0),(477,'playerVirtual4','playerVirtual4_990694203',1,'2018-03-15 18:55:19',NULL,0),(478,'playerVirtual5','playerVirtual5_4246147567',1,'2018-03-15 18:55:28',NULL,0),(479,'playerVirtual5','playerVirtual5_f96ffc07bb',3,'2018-03-15 18:55:28',NULL,0),(480,'playerVirtual5','playerVirtual5_4246147567',1,'2018-03-15 18:55:29',NULL,0),(481,'playerVirtual6','playerVirtual6_4246147567',1,'2018-03-15 18:56:02',NULL,0),(482,'playerVirtual6','playerVirtual6_3d09dad0fd',4,'2018-03-15 18:56:03',NULL,0),(483,'playerVirtual6','playerVirtual6_4246147567',1,'2018-03-15 18:56:08',NULL,0),(484,'playerVirtual9','playerVirtual9_4246147567',0,'2018-03-15 18:56:10',NULL,0),(485,'playerVirtual9','playerVirtual9_4246147567',0,'2018-03-15 18:56:11',NULL,0),(486,'playerVirtual9','playerVirtual9_bafaa3356a',3,'2018-03-15 18:57:10',NULL,0),(487,'playerVirtual9','playerVirtual9_4246147567',1,'2018-03-15 18:58:10',NULL,0),(488,'playerVirtual9','playerVirtual9_4063fa0f6b',4,'2018-03-15 18:58:10',NULL,0),(489,'playerVirtual9','playerVirtual9_4246147567',1,'2018-03-15 18:58:15',NULL,0),(490,'playerVirtual8','playerVirtual8_4246147567',0,'2018-03-15 18:58:55',NULL,0),(491,'playerVirtual8','playerVirtual8_064e4dd383',3,'2018-03-15 18:58:55',NULL,0),(492,'playerVirtual8','playerVirtual8_4246147567',0,'2018-03-15 18:58:55',NULL,0),(493,'playerVirtual8','playerVirtual8_4246147567',1,'2018-03-15 18:59:56',NULL,0),(494,'playerVirtual8','playerVirtual8_44350ec882',4,'2018-03-15 18:59:56',NULL,0),(495,'playerVirtual8','playerVirtual8_4246147567',1,'2018-03-15 18:59:57',NULL,0),(496,'playerVirtual0','playerVirtual0_359920779',0,'2018-03-15 19:00:02',NULL,0),(497,'playerVirtual0','playerVirtual0_359920779',0,'2018-03-15 19:00:02',NULL,0),(498,'playerVirtual0','playerVirtual0_b7da7a7485',4,'2018-03-15 19:01:02',NULL,0),(499,'playerVirtual3','playerVirtual3_4246147567',0,'2018-03-15 19:01:06',NULL,0),(500,'playerVirtual3','playerVirtual3_e31c688ed7',4,'2018-03-15 19:01:06',NULL,0),(501,'playerVirtual3','playerVirtual3_4246147567',0,'2018-03-15 19:01:07',NULL,0),(502,'playerVirtual1','playerVirtual1_4246147567',0,'2018-03-15 19:03:32',NULL,0),(503,'playerVirtual1','playerVirtual1_4246147567',0,'2018-03-15 19:03:38',NULL,0),(504,'playerVirtual1','playerVirtual1_52518c7a2c',4,'2018-03-15 19:04:30',NULL,0),(505,'playerVirtual2','playerVirtual2_4246147567',0,'2018-03-15 19:05:10',NULL,0),(506,'playerVirtual2','playerVirtual2_5fbd0f2e12',3,'2018-03-15 19:05:11',NULL,0),(507,'playerVirtual2','playerVirtual2_4246147567',0,'2018-03-15 19:05:11',NULL,0),(508,'playerVirtual5','playerVirtual5_4246147567',0,'2018-03-15 19:07:44',NULL,0),(509,'playerVirtual5','playerVirtual5_6c553418b1',4,'2018-03-15 19:07:44',NULL,0),(510,'playerVirtual5','playerVirtual5_4246147567',0,'2018-03-15 19:07:44',NULL,0),(511,'playerVirtual4','playerVirtual4_4246147567',0,'2018-03-15 19:10:05',NULL,0),(512,'playerVirtual4','playerVirtual4_4246147567',0,'2018-03-15 19:10:06',NULL,0),(513,'playerVirtual4','playerVirtual4_a7f1f45648',4,'2018-03-15 19:11:06',NULL,0),(514,'playerVirtual3','playerVirtual3_4246147567',1,'2018-03-15 19:12:51',NULL,0),(515,'playerVirtual3','playerVirtual3_72e7e194a5',3,'2018-03-15 19:12:51',NULL,0),(516,'playerVirtual3','playerVirtual3_4246147567',1,'2018-03-15 19:12:51',NULL,0),(517,'playerVirtual1','playerVirtual1_4246147567',1,'2018-03-15 19:17:30',NULL,0),(518,'playerVirtual1','playerVirtual1_03ea01ed4c',3,'2018-03-15 19:17:30',NULL,0),(519,'playerVirtual1','playerVirtual1_4246147567',1,'2018-03-15 19:17:36',NULL,0),(520,'playerVirtual2','playerVirtual2_4246147567',1,'2018-03-15 19:17:42',NULL,0),(521,'playerVirtual2','playerVirtual2_333a8914ab',4,'2018-03-15 19:17:42',NULL,0),(522,'playerVirtual2','playerVirtual2_4246147567',1,'2018-03-15 19:17:42',NULL,0),(523,'playerVirtual0','playerVirtual0_6335261139',0,'2018-03-15 19:18:07',NULL,0),(524,'playerVirtual0','playerVirtual0_6335261139',0,'2018-03-15 19:18:07',NULL,0),(525,'playerVirtual7','playerVirtual7_4246147567',0,'2018-03-15 19:18:13',NULL,0),(526,'playerVirtual7','playerVirtual7_9a04cd4026',3,'2018-03-15 19:18:13',NULL,0),(527,'playerVirtual7','playerVirtual7_4246147567',0,'2018-03-15 19:18:13',NULL,0),(528,'playerVirtual6','playerVirtual6_4246147567',0,'2018-03-15 19:18:47',NULL,0),(529,'playerVirtual6','playerVirtual6_40d35ef9cd',3,'2018-03-15 19:18:47',NULL,0),(530,'playerVirtual6','playerVirtual6_4246147567',0,'2018-03-15 19:18:47',NULL,0),(531,'playerVirtual0','playerVirtual0_cee515b2ab',3,'2018-03-15 19:19:07',NULL,0),(532,'playerVirtual7','playerVirtual7_4246147567',1,'2018-03-15 19:19:14',NULL,0),(533,'playerVirtual7','playerVirtual7_d8bf33600b',4,'2018-03-15 19:19:15',NULL,0),(534,'playerVirtual7','playerVirtual7_4246147567',1,'2018-03-15 19:19:15',NULL,0),(535,'playerVirtual5','playerVirtual5_4246147567',1,'2018-03-15 19:20:08',NULL,0),(536,'playerVirtual5','playerVirtual5_1c3510328e',3,'2018-03-15 19:20:09',NULL,0),(537,'playerVirtual5','playerVirtual5_4246147567',1,'2018-03-15 19:20:09',NULL,0),(538,'playerVirtual4','playerVirtual4_4246147567',1,'2018-03-15 19:20:50',NULL,0),(539,'playerVirtual4','playerVirtual4_5190a0c8ec',3,'2018-03-15 19:20:50',NULL,0),(540,'playerVirtual4','playerVirtual4_4246147567',1,'2018-03-15 19:20:50',NULL,0),(541,'playerVirtual6','playerVirtual6_4246147567',1,'2018-03-15 19:20:52',NULL,0),(542,'playerVirtual6','playerVirtual6_024fa7967a',4,'2018-03-15 19:20:52',NULL,0),(543,'playerVirtual6','playerVirtual6_4246147567',1,'2018-03-15 19:20:53',NULL,0),(544,'playerVirtual9','playerVirtual9_4246147567',0,'2018-03-15 19:22:13',NULL,0),(545,'playerVirtual9','playerVirtual9_522f559065',3,'2018-03-15 19:22:13',NULL,0),(546,'playerVirtual9','playerVirtual9_4246147567',0,'2018-03-15 19:22:13',NULL,0),(547,'playerVirtual9','playerVirtual9_4246147567',1,'2018-03-15 19:23:14',NULL,0),(548,'playerVirtual9','playerVirtual9_cccd1bd810',4,'2018-03-15 19:23:14',NULL,0),(549,'playerVirtual9','playerVirtual9_4246147567',1,'2018-03-15 19:23:15',NULL,0),(550,'playerVirtual8','playerVirtual8_4246147567',0,'2018-03-15 19:24:27',NULL,0),(551,'playerVirtual8','playerVirtual8_2934109cd6',3,'2018-03-15 19:24:27',NULL,0),(552,'playerVirtual8','playerVirtual8_4246147567',0,'2018-03-15 19:24:27',NULL,0),(553,'playerVirtual8','playerVirtual8_4246147567',1,'2018-03-15 19:25:28',NULL,0),(554,'playerVirtual8','playerVirtual8_a2e4b4c152',4,'2018-03-15 19:25:28',NULL,0),(555,'playerVirtual8','playerVirtual8_4246147567',1,'2018-03-15 19:25:29',NULL,0),(556,'playerVirtual3','playerVirtual3_4246147567',0,'2018-03-15 19:26:50',NULL,0),(557,'playerVirtual3','playerVirtual3_81b8208f29',4,'2018-03-15 19:26:50',NULL,0),(558,'playerVirtual3','playerVirtual3_4246147567',0,'2018-03-15 19:26:51',NULL,0),(559,'playerVirtual0','playerVirtual0_4246147567',0,'2018-03-15 19:28:16',NULL,0),(560,'playerVirtual0','playerVirtual0_19117826cc',4,'2018-03-15 19:28:16',NULL,0),(561,'playerVirtual0','playerVirtual0_4246147567',0,'2018-03-15 19:28:20',NULL,0),(562,'playerVirtual2','playerVirtual2_5068098508',1,'2018-03-15 19:29:51',NULL,0),(563,'playerVirtual2','playerVirtual2_51d5794ba7',3,'2018-03-15 19:29:52',NULL,0),(564,'playerVirtual2','playerVirtual2_5068098508',1,'2018-03-15 19:29:52',NULL,0),(565,'playerVirtual1','playerVirtual1_4246147567',0,'2018-03-15 19:30:29',NULL,0),(566,'playerVirtual1','playerVirtual1_e53301590c',4,'2018-03-15 19:30:29',NULL,0),(567,'playerVirtual1','playerVirtual1_4246147567',0,'2018-03-15 19:30:29',NULL,0),(568,'playerVirtual5','playerVirtual5_4246147567',0,'2018-03-15 19:34:23',NULL,0),(569,'playerVirtual5','playerVirtual5_b7ad793226',4,'2018-03-15 19:34:23',NULL,0),(570,'playerVirtual5','playerVirtual5_4246147567',0,'2018-03-15 19:34:24',NULL,0),(571,'playerVirtual4','playerVirtual4_4246147567',0,'2018-03-15 19:37:59',NULL,0),(572,'playerVirtual4','playerVirtual4_576a7be7e8',4,'2018-03-15 19:37:59',NULL,0),(573,'playerVirtual4','playerVirtual4_4246147567',0,'2018-03-15 19:37:59',NULL,0),(574,'playerVirtual3','playerVirtual3_4246147567',1,'2018-03-15 19:38:34',NULL,0),(575,'playerVirtual3','playerVirtual3_5d3729482a',3,'2018-03-15 19:38:35',NULL,0),(576,'playerVirtual3','playerVirtual3_4246147567',1,'2018-03-15 19:38:35',NULL,0),(577,'playerVirtual2','playerVirtual2_1436344784',1,'2018-03-15 19:42:26',NULL,0),(578,'playerVirtual2','playerVirtual2_d575660bbb',4,'2018-03-15 19:42:26',NULL,0),(579,'playerVirtual2','playerVirtual2_1436344784',1,'2018-03-15 19:42:26',NULL,0),(580,'playerVirtual1','playerVirtual1_4246147567',1,'2018-03-15 19:43:25',NULL,0),(581,'playerVirtual1','playerVirtual1_0277154589',3,'2018-03-15 19:43:25',NULL,0),(582,'playerVirtual1','playerVirtual1_4246147567',1,'2018-03-15 19:43:26',NULL,0),(583,'playerVirtual7','playerVirtual7_4246147567',0,'2018-03-15 19:44:39',NULL,0),(584,'playerVirtual7','playerVirtual7_02461a23f6',3,'2018-03-15 19:44:39',NULL,0),(585,'playerVirtual7','playerVirtual7_4246147567',0,'2018-03-15 19:44:39',NULL,0),(586,'playerVirtual0','playerVirtual0_4246147567',1,'2018-03-15 19:45:18',NULL,0),(587,'playerVirtual0','playerVirtual0_73e770ff4d',3,'2018-03-15 19:45:18',NULL,0),(588,'playerVirtual0','playerVirtual0_4246147567',1,'2018-03-15 19:45:18',NULL,0),(589,'playerVirtual7','playerVirtual7_4246147567',1,'2018-03-15 19:45:40',NULL,0),(590,'playerVirtual7','playerVirtual7_ba5e694b52',4,'2018-03-15 19:45:41',NULL,0),(591,'playerVirtual7','playerVirtual7_4246147567',1,'2018-03-15 19:45:41',NULL,0),(592,'playerVirtual6','playerVirtual6_4246147567',0,'2018-03-15 19:45:53',NULL,0),(593,'playerVirtual6','playerVirtual6_8ff2ce7b78',3,'2018-03-15 19:45:53',NULL,0),(594,'playerVirtual6','playerVirtual6_4246147567',0,'2018-03-15 19:45:53',NULL,0),(595,'playerVirtual5','playerVirtual5_4246147567',1,'2018-03-15 19:46:48',NULL,0),(596,'playerVirtual5','playerVirtual5_98dcfbd239',3,'2018-03-15 19:46:48',NULL,0),(597,'playerVirtual5','playerVirtual5_4246147567',1,'2018-03-15 19:46:48',NULL,0),(598,'playerVirtual4','playerVirtual4_4246147567',1,'2018-03-15 19:47:40',NULL,0),(599,'playerVirtual4','playerVirtual4_7083e25825',3,'2018-03-15 19:47:40',NULL,0),(600,'playerVirtual4','playerVirtual4_4246147567',1,'2018-03-15 19:47:40',NULL,0),(601,'playerVirtual6','playerVirtual6_4246147567',1,'2018-03-15 19:47:58',NULL,0),(602,'playerVirtual6','playerVirtual6_26a591fdf4',4,'2018-03-15 19:47:59',NULL,0),(603,'playerVirtual6','playerVirtual6_4246147567',1,'2018-03-15 19:47:59',NULL,0),(604,'playerVirtual9','playerVirtual9_4246147567',0,'2018-03-15 19:49:33',NULL,0),(605,'playerVirtual9','playerVirtual9_2df684e041',3,'2018-03-15 19:49:33',NULL,0),(606,'playerVirtual9','playerVirtual9_4246147567',0,'2018-03-15 19:49:33',NULL,0),(607,'playerVirtual9','playerVirtual9_4246147567',1,'2018-03-15 19:50:34',NULL,0),(608,'playerVirtual9','playerVirtual9_08961ae33f',4,'2018-03-15 19:50:34',NULL,0),(609,'playerVirtual9','playerVirtual9_4246147567',1,'2018-03-15 19:50:34',NULL,0),(610,'playerVirtual8','playerVirtual8_6344084916',0,'2018-03-15 19:52:04',NULL,0),(611,'playerVirtual8','playerVirtual8_6344084916',0,'2018-03-15 19:52:04',NULL,0),(612,'playerVirtual8','playerVirtual8_e09c247877',3,'2018-03-15 19:53:04',NULL,0),(613,'playerVirtual3','playerVirtual3_4246147567',0,'2018-03-15 19:54:37',NULL,0),(614,'playerVirtual3','playerVirtual3_c9bc6f76e0',4,'2018-03-15 19:54:37',NULL,0),(615,'playerVirtual3','playerVirtual3_4246147567',0,'2018-03-15 19:54:37',NULL,0),(616,'playerVirtual8','playerVirtual8_4246147567',0,'2018-03-15 19:55:33',NULL,0),(617,'playerVirtual8','playerVirtual8_5353c59533',4,'2018-03-15 19:55:33',NULL,0),(618,'playerVirtual8','playerVirtual8_4246147567',0,'2018-03-15 19:55:34',NULL,0),(619,'playerVirtual0','playerVirtual0_4246147567',0,'2018-03-15 19:56:25',NULL,0),(620,'playerVirtual0','playerVirtual0_457c1beef3',4,'2018-03-15 19:56:26',NULL,0),(621,'playerVirtual0','playerVirtual0_4246147567',0,'2018-03-15 19:56:26',NULL,0),(622,'playerVirtual2','playerVirtual2_990694203',0,'2018-03-15 19:57:39',NULL,0),(623,'playerVirtual2','playerVirtual2_08d20e9595',3,'2018-03-15 19:57:39',NULL,0),(624,'playerVirtual2','playerVirtual2_990694203',0,'2018-03-15 19:57:39',NULL,0),(625,'playerVirtual1','playerVirtual1_4246147567',0,'2018-03-15 19:58:29',NULL,0),(626,'playerVirtual1','playerVirtual1_eafaf6f75e',4,'2018-03-15 19:58:29',NULL,0),(627,'playerVirtual1','playerVirtual1_4246147567',0,'2018-03-15 19:58:29',NULL,0),(628,'playerVirtual5','playerVirtual5_4246147567',0,'2018-03-15 20:02:49',NULL,0),(629,'playerVirtual5','playerVirtual5_abc0370fb0',4,'2018-03-15 20:02:49',NULL,0),(630,'playerVirtual5','playerVirtual5_4246147567',0,'2018-03-15 20:02:49',NULL,0),(631,'playerVirtual4','playerVirtual4_c9efaa3b8e',4,'2018-03-15 20:06:16',NULL,0),(632,'playerVirtual3','playerVirtual3_4246147567',1,'2018-03-15 20:06:21',NULL,0),(633,'playerVirtual3','playerVirtual3_262f7a0c97',3,'2018-03-15 20:06:22',NULL,0),(634,'playerVirtual3','playerVirtual3_4246147567',1,'2018-03-15 20:06:22',NULL,0),(635,'playerVirtual2','playerVirtual2_990694203',1,'2018-03-15 20:10:14',NULL,0),(636,'playerVirtual2','playerVirtual2_c14123f517',4,'2018-03-15 20:10:14',NULL,0),(637,'playerVirtual2','playerVirtual2_990694203',1,'2018-03-15 20:10:14',NULL,0),(638,'playerVirtual1','playerVirtual1_4246147567',1,'2018-03-15 20:11:26',NULL,0),(639,'playerVirtual1','playerVirtual1_62d32a38d1',3,'2018-03-15 20:11:27',NULL,0),(640,'playerVirtual1','playerVirtual1_4246147567',1,'2018-03-15 20:11:27',NULL,0),(641,'playerVirtual7','playerVirtual7_272887063',0,'2018-03-15 20:13:01',NULL,0),(642,'playerVirtual7','playerVirtual7_272887063',0,'2018-03-15 20:13:02',NULL,0);
/*!40000 ALTER TABLE `REQUEST` ENABLE KEYS */;
UNLOCK TABLES;

--
-- Table structure for table `STATUS`
--

DROP TABLE IF EXISTS `STATUS`;
/*!40101 SET @saved_cs_client     = @@character_set_client */;
/*!40101 SET character_set_client = utf8 */;
CREATE TABLE `STATUS` (
  `id` int(11) NOT NULL AUTO_INCREMENT,
  `players` int(11) DEFAULT '0',
  `all_requests` int(11) DEFAULT '0',
  `accepts` int(11) DEFAULT '0',
  `rejects` int(11) DEFAULT '0',
  `fairness` double DEFAULT '0',
  `timestamp` timestamp NULL DEFAULT NULL,
  PRIMARY KEY (`id`)
) ENGINE=InnoDB AUTO_INCREMENT=52 DEFAULT CHARSET=utf8;
/*!40101 SET character_set_client = @saved_cs_client */;

--
-- Dumping data for table `STATUS`
--

LOCK TABLES `STATUS` WRITE;
/*!40000 ALTER TABLE `STATUS` DISABLE KEYS */;
INSERT INTO `STATUS` VALUES (1,0,0,0,0,0,'2018-03-15 16:03:09'),(2,3,6,6,0,1,'2018-03-15 16:08:09'),(3,4,14,14,0,1,'2018-03-15 16:13:09'),(4,5,22,22,0,1,'2018-03-15 16:18:09'),(5,5,30,30,0,1,'2018-03-15 16:23:09'),(6,5,37,36,1,0.972972972972973,'2018-03-15 16:28:09'),(7,5,44,41,3,0.931818181818182,'2018-03-15 16:33:09'),(8,5,50,46,4,0.92,'2018-03-15 16:38:09'),(9,5,56,51,5,0.910714285714286,'2018-03-15 16:43:09'),(10,5,60,54,6,0.9,'2018-03-15 16:48:10'),(11,5,63,56,7,0.888888888888889,'2018-03-15 16:53:10'),(12,5,67,59,8,0.880597014925373,'2018-03-15 16:58:10'),(13,5,69,60,9,0.869565217391304,'2018-03-15 17:03:10'),(14,5,74,64,10,0.864864864864865,'2018-03-15 17:08:10'),(15,6,78,68,10,0.871794871794872,'2018-03-15 17:13:10'),(16,6,81,71,10,0.876543209876543,'2018-03-15 17:18:10'),(17,6,83,72,11,0.867469879518072,'2018-03-15 17:23:11'),(18,6,86,75,11,0.872093023255814,'2018-03-15 17:28:11'),(19,6,89,77,12,0.865168539325843,'2018-03-15 17:33:11'),(20,6,92,79,13,0.858695652173913,'2018-03-15 17:38:11'),(21,6,93,80,13,0.860215053763441,'2018-03-15 17:43:11'),(22,6,94,81,13,0.861702127659574,'2018-03-15 17:48:11'),(23,7,96,83,13,0.864583333333333,'2018-03-15 17:53:12'),(24,7,98,85,13,0.86734693877551,'2018-03-15 17:58:12'),(25,7,100,87,13,0.87,'2018-03-15 18:03:12'),(26,7,102,88,14,0.862745098039216,'2018-03-15 18:08:12'),(27,9,103,89,14,0.864077669902913,'2018-03-15 18:13:12'),(28,9,105,91,14,0.866666666666667,'2018-03-15 18:18:12'),(29,9,107,93,14,0.869158878504673,'2018-03-15 18:23:12'),(30,9,109,95,14,0.871559633027523,'2018-03-15 18:28:12'),(31,10,112,98,14,0.875,'2018-03-15 18:33:12'),(32,10,115,101,14,0.878260869565217,'2018-03-15 18:38:13'),(33,10,117,103,14,0.88034188034188,'2018-03-15 18:43:13'),(34,10,118,104,14,0.88135593220339,'2018-03-15 18:48:13'),(35,10,120,106,14,0.883333333333333,'2018-03-15 18:53:13'),(36,10,123,109,14,0.886178861788618,'2018-03-15 18:58:13'),(37,10,126,112,14,0.888888888888889,'2018-03-15 19:03:13'),(38,10,129,115,14,0.891472868217054,'2018-03-15 19:08:13'),(39,10,130,116,14,0.892307692307692,'2018-03-15 19:13:13'),(40,10,132,118,14,0.893939393939394,'2018-03-15 19:18:14'),(41,10,134,120,14,0.895522388059702,'2018-03-15 19:23:14'),(42,10,136,122,14,0.897058823529412,'2018-03-15 19:28:14'),(43,10,138,124,14,0.898550724637681,'2018-03-15 19:33:14'),(44,10,140,126,14,0.9,'2018-03-15 19:38:14'),(45,10,140,126,14,0.9,'2018-03-15 19:43:14'),(46,10,142,128,14,0.901408450704225,'2018-03-15 19:48:15'),(47,10,144,130,14,0.902777777777778,'2018-03-15 19:53:15'),(48,10,148,134,14,0.905405405405405,'2018-03-15 19:58:15'),(49,10,150,136,14,0.906666666666667,'2018-03-15 20:03:15'),(50,10,150,136,14,0.906666666666667,'2018-03-15 20:08:15'),(51,10,151,137,14,0.907284768211921,'2018-03-15 20:13:15');
/*!40000 ALTER TABLE `STATUS` ENABLE KEYS */;
UNLOCK TABLES;

--
-- Table structure for table `THRESHOLD`
--

DROP TABLE IF EXISTS `THRESHOLD`;
/*!40101 SET @saved_cs_client     = @@character_set_client */;
/*!40101 SET character_set_client = utf8 */;
CREATE TABLE `THRESHOLD` (
  `division` int(11) NOT NULL,
  `botton` double DEFAULT '0',
  `top` double DEFAULT '0',
  PRIMARY KEY (`division`)
) ENGINE=InnoDB DEFAULT CHARSET=utf8;
/*!40101 SET character_set_client = @saved_cs_client */;

--
-- Dumping data for table `THRESHOLD`
--

LOCK TABLES `THRESHOLD` WRITE;
/*!40000 ALTER TABLE `THRESHOLD` DISABLE KEYS */;
INSERT INTO `THRESHOLD` VALUES (1,8.76,20),(2,4.38,8.76),(3,0,4.38);
/*!40000 ALTER TABLE `THRESHOLD` ENABLE KEYS */;
UNLOCK TABLES;

--
-- Table structure for table `VM`
--

DROP TABLE IF EXISTS `VM`;
/*!40101 SET @saved_cs_client     = @@character_set_client */;
/*!40101 SET character_set_client = utf8 */;
CREATE TABLE `VM` (
  `id` int(11) NOT NULL AUTO_INCREMENT,
  `origin_add` varchar(45) NOT NULL,
  `origin_id` varchar(45) NOT NULL,
  `origin_name` varchar(45) NOT NULL,
  `destiny_add` varchar(45) NOT NULL,
  `destiny_name` varchar(45) NOT NULL,
  `destiny_id` varchar(45) NOT NULL,
  `status` tinyint(1) NOT NULL,
  `has_resources` tinyint(1) NOT NULL,
  `vcpus` int(11) NOT NULL,
  `mem` bigint(20) NOT NULL,
  `disk` bigint(20) NOT NULL,
  `timestamp_received` timestamp NULL DEFAULT NULL,
  `timestamp_finished` timestamp NULL DEFAULT NULL,
  PRIMARY KEY (`id`)
) ENGINE=InnoDB AUTO_INCREMENT=152 DEFAULT CHARSET=utf8;
/*!40101 SET character_set_client = @saved_cs_client */;

--
-- Dumping data for table `VM`
--

LOCK TABLES `VM` WRITE;
/*!40000 ALTER TABLE `VM` DISABLE KEYS */;
INSERT INTO `VM` VALUES (1,'192.168.0.200','playerVirtual1_450512000','playerVirtual1','192.168.0.200','playerVirtual2','playerVirtual2_f222e9f39c',1,1,1,2048,20,'2018-03-15 16:05:22',NULL),(2,'192.168.0.200','playerVirtual2_1438244924','playerVirtual2','192.168.0.200','playerVirtual1','playerVirtual1_3d9827dec4',3,1,1,2048,20,'2018-03-15 16:05:24','2018-03-15 17:19:14'),(3,'192.168.0.200','playerVirtual0_640692267','playerVirtual0','192.168.0.200','playerVirtual2','playerVirtual2_1659553836',1,1,1,512,1,'2018-03-15 16:05:28',NULL),(4,'192.168.0.200','playerVirtual1_2381571381','playerVirtual1','192.168.0.200','playerVirtual0','playerVirtual0_ec8fbeb9a9',3,1,1,2048,20,'2018-03-15 16:07:29','2018-03-15 17:23:46'),(5,'192.168.0.200','playerVirtual2_5297461910','playerVirtual2','192.168.0.200','playerVirtual1','playerVirtual1_acb26087aa',3,1,1,512,1,'2018-03-15 16:07:30','2018-03-15 18:06:42'),(6,'192.168.0.200','playerVirtual0_2790332778','playerVirtual0','192.168.0.200','playerVirtual2','playerVirtual2_db73f56b32',1,1,2,4096,40,'2018-03-15 16:07:33',NULL),(7,'192.168.0.200','playerVirtual1_369721705','playerVirtual1','192.168.0.200','playerVirtual3','playerVirtual3_0dd9b3e8ec',1,1,2,4096,40,'2018-03-15 16:09:35',NULL),(8,'192.168.0.200','playerVirtual2_317469422','playerVirtual2','192.168.0.200','playerVirtual0','playerVirtual0_240a1951f9',1,1,2,4096,40,'2018-03-15 16:09:37',NULL),(9,'192.168.0.200','playerVirtual0_6955737','playerVirtual0','192.168.0.200','playerVirtual1','playerVirtual1_0998d9c8f0',3,1,1,2048,20,'2018-03-15 16:09:40','2018-03-15 17:15:37'),(10,'192.168.0.200','playerVirtual3_257338104','playerVirtual3','192.168.0.200','playerVirtual2','playerVirtual2_d2ebd53144',1,1,2,4096,40,'2018-03-15 16:10:35',NULL),(11,'192.168.0.200','playerVirtual1_3584940347','playerVirtual1','192.168.0.200','playerVirtual3','playerVirtual3_e96a8b3ad7',1,1,1,512,1,'2018-03-15 16:11:43',NULL),(12,'192.168.0.200','playerVirtual2_2433236783','playerVirtual2','192.168.0.200','playerVirtual0','playerVirtual0_65472dbb70',1,1,1,2048,20,'2018-03-15 16:11:44',NULL),(13,'192.168.0.200','playerVirtual0_3338579772','playerVirtual0','192.168.0.200','playerVirtual1','playerVirtual1_5c8d679cab',3,1,1,2048,20,'2018-03-15 16:11:48','2018-03-15 17:21:20'),(14,'192.168.0.200','playerVirtual3_257407216','playerVirtual3','192.168.0.200','playerVirtual2','playerVirtual2_e852a7f775',1,1,2,4096,40,'2018-03-15 16:12:37',NULL),(15,'192.168.0.200','playerVirtual1_182859403','playerVirtual1','192.168.0.200','playerVirtual3','playerVirtual3_7274475abc',3,1,1,512,1,'2018-03-15 16:13:57','2018-03-15 17:58:10'),(16,'192.168.0.200','playerVirtual2_2359368952','playerVirtual2','192.168.0.200','playerVirtual0','playerVirtual0_e89c6b3a37',3,1,1,512,1,'2018-03-15 16:14:02','2018-03-15 16:38:36'),(17,'192.168.0.200','playerVirtual0_16917741','playerVirtual0','192.168.0.200','playerVirtual1','playerVirtual1_034efae8cf',1,1,1,512,1,'2018-03-15 16:14:08',NULL),(18,'192.168.0.200','playerVirtual3_2545640208','playerVirtual3','192.168.0.200','playerVirtual4','playerVirtual4_cb5044463f',1,1,1,2048,20,'2018-03-15 16:15:12',NULL),(19,'192.168.0.200','playerVirtual4_908315','playerVirtual4','192.168.0.200','playerVirtual3','playerVirtual3_730974aa1b',2,1,1,2048,20,'2018-03-15 16:15:58','2018-03-15 17:49:56'),(20,'192.168.0.200','playerVirtual1_539194189','playerVirtual1','192.168.0.200','playerVirtual0','playerVirtual0_6c9ad21b57',3,1,1,2048,20,'2018-03-15 16:16:29','2018-03-15 18:27:18'),(21,'192.168.0.200','playerVirtual2_4820204870','playerVirtual2','192.168.0.200','playerVirtual1','playerVirtual1_97c2a49770',3,1,2,4096,40,'2018-03-15 16:17:11','2018-03-15 16:51:45'),(22,'192.168.0.200','playerVirtual0_8058564','playerVirtual0','192.168.0.200','playerVirtual4','playerVirtual4_73d0d0cc5e',1,1,1,2048,20,'2018-03-15 16:18:05',NULL),(23,'192.168.0.200','playerVirtual3_1429160667','playerVirtual3','192.168.0.200','playerVirtual2','playerVirtual2_a173037f42',1,1,1,2048,20,'2018-03-15 16:18:55',NULL),(24,'192.168.0.200','playerVirtual4_3338010893','playerVirtual4','192.168.0.200','playerVirtual0','playerVirtual0_e7969a5a1c',1,1,1,512,1,'2018-03-15 16:19:39',NULL),(25,'192.168.0.200','playerVirtual1_82730999','playerVirtual1','192.168.0.200','playerVirtual3','playerVirtual3_af91ccf145',1,1,1,512,1,'2018-03-15 16:20:23',NULL),(26,'192.168.0.200','playerVirtual2_351652724','playerVirtual2','192.168.0.200','playerVirtual1','playerVirtual1_97414b7233',1,1,1,2048,20,'2018-03-15 16:20:27',NULL),(27,'192.168.0.200','playerVirtual0_6571218','playerVirtual0','192.168.0.200','playerVirtual4','playerVirtual4_b47efdcd41',1,1,1,2048,20,'2018-03-15 16:20:33',NULL),(28,'192.168.0.200','playerVirtual3_778566023','playerVirtual3','192.168.0.200','playerVirtual2','playerVirtual2_ea15c191e5',1,1,1,512,1,'2018-03-15 16:21:39',NULL),(29,'192.168.0.200','playerVirtual4_1436344784','playerVirtual4','192.168.0.200','playerVirtual0','playerVirtual0_d376774201',3,1,1,2048,20,'2018-03-15 16:22:29','2018-03-15 17:32:37'),(30,'192.168.0.200','playerVirtual1_1339662','playerVirtual1','192.168.0.200','playerVirtual3','playerVirtual3_eae9c2ba2c',1,1,1,2048,20,'2018-03-15 16:23:01',NULL),(31,'192.168.0.200','playerVirtual2_317497342','playerVirtual2','192.168.0.200','playerVirtual1','playerVirtual1_afaa12a7ef',1,1,1,512,1,'2018-03-15 16:23:44',NULL),(32,'192.168.0.200','playerVirtual0_284794223','playerVirtual0','192.168.0.200','playerVirtual4','playerVirtual4_68eb021085',1,1,1,2048,20,'2018-03-15 16:24:38',NULL),(33,'192.168.0.200','playerVirtual3_359920779','playerVirtual3','192.168.0.200','playerVirtual2','playerVirtual2_540c583a6f',3,1,1,512,1,'2018-03-15 16:25:31','2018-03-15 18:49:17'),(34,'192.168.0.200','playerVirtual4_904011','playerVirtual4','','','',0,1,0,0,0,'2018-03-15 16:26:12','2018-03-15 16:26:12'),(35,'192.168.0.200','playerVirtual1_2904109077','playerVirtual1','192.168.0.200','playerVirtual0','playerVirtual0_eb108d0888',1,1,1,512,1,'2018-03-15 16:26:55',NULL),(36,'192.168.0.200','playerVirtual2_257338074','playerVirtual2','192.168.0.200','playerVirtual3','playerVirtual3_4bba007b25',1,1,2,4096,40,'2018-03-15 16:27:01',NULL),(37,'192.168.0.200','playerVirtual0_905614','playerVirtual0','192.168.0.200','playerVirtual1','playerVirtual1_bbeaa5840f',1,1,1,2048,20,'2018-03-15 16:27:07',NULL),(38,'192.168.0.200','playerVirtual3_1093460','playerVirtual3','192.168.0.200','playerVirtual4','playerVirtual4_e084aebe6c',1,1,1,512,1,'2018-03-15 16:28:14',NULL),(39,'192.168.0.200','playerVirtual4_6569547','playerVirtual4','','','',0,1,0,0,0,'2018-03-15 16:29:04','2018-03-15 16:29:04'),(40,'192.168.0.200','playerVirtual1_470485660','playerVirtual1','192.168.0.200','playerVirtual0','playerVirtual0_62e5028df0',1,1,2,4096,40,'2018-03-15 16:29:41',NULL),(41,'192.168.0.200','playerVirtual2_30788568','playerVirtual2','192.168.0.200','playerVirtual3','playerVirtual3_11d1253fac',1,1,1,512,1,'2018-03-15 16:30:24',NULL),(42,'192.168.0.200','playerVirtual0_5792765','playerVirtual0','192.168.0.200','playerVirtual1','playerVirtual1_b082afae71',1,1,1,512,1,'2018-03-15 16:31:19',NULL),(43,'192.168.0.200','playerVirtual3_38671842','playerVirtual3','192.168.0.200','playerVirtual4','playerVirtual4_53808bbfd7',1,1,1,512,1,'2018-03-15 16:32:16',NULL),(44,'192.168.0.200','playerVirtual4_400453824','playerVirtual4','','','',0,1,0,0,0,'2018-03-15 16:33:00','2018-03-15 16:33:00'),(45,'192.168.0.200','playerVirtual1_4820318661','playerVirtual1','192.168.0.200','playerVirtual0','playerVirtual0_9cd321cd12',1,1,2,4096,40,'2018-03-15 16:33:51',NULL),(46,'192.168.0.200','playerVirtual2_4819935267','playerVirtual2','192.168.0.200','playerVirtual3','playerVirtual3_771da068c1',1,1,2,4096,40,'2018-03-15 16:33:58',NULL),(47,'192.168.0.200','playerVirtual0_4820217293','playerVirtual0','192.168.0.200','playerVirtual1','playerVirtual1_be9e431be5',1,1,2,4096,40,'2018-03-15 16:34:07',NULL),(48,'192.168.0.200','playerVirtual3_6264344062','playerVirtual3','192.168.0.200','playerVirtual2','playerVirtual2_004a160153',3,1,1,512,1,'2018-03-15 16:35:14','2018-03-15 17:37:30'),(49,'192.168.0.200','playerVirtual4_2378747961','playerVirtual4','','','',0,1,0,0,0,'2018-03-15 16:36:14','2018-03-15 16:36:14'),(50,'192.168.0.200','playerVirtual1_5068098508','playerVirtual1','192.168.0.200','playerVirtual4','playerVirtual4_2fb4bd4c88',3,1,1,2048,20,'2018-03-15 16:36:52','2018-03-15 18:15:46'),(51,'192.168.0.200','playerVirtual0_227443932','playerVirtual0','192.168.0.200','playerVirtual3','playerVirtual3_f865542ff6',1,1,1,2048,20,'2018-03-15 16:39:47',NULL),(52,'192.168.0.200','playerVirtual3_1095593','playerVirtual3','192.168.0.200','playerVirtual0','playerVirtual0_77b993a463',3,1,1,512,1,'2018-03-15 16:40:43','2018-03-15 17:42:38'),(53,'192.168.0.200','playerVirtual4_2148750930','playerVirtual4','','','',0,1,0,0,0,'2018-03-15 16:41:32','2018-03-15 16:41:32'),(54,'192.168.0.200','playerVirtual2_765651','playerVirtual2','192.168.0.200','playerVirtual1','playerVirtual1_ace4148bd3',1,1,1,2048,20,'2018-03-15 16:41:37',NULL),(55,'192.168.0.200','playerVirtual1_563574327','playerVirtual1','192.168.0.200','playerVirtual2','playerVirtual2_9781982cda',1,1,1,2048,20,'2018-03-15 16:42:27',NULL),(56,'192.168.0.200','playerVirtual0_16915963','playerVirtual0','192.168.0.200','playerVirtual4','playerVirtual4_c7ac0316d2',1,1,1,2048,20,'2018-03-15 16:42:50',NULL),(57,'192.168.0.200','playerVirtual3_5623125514','playerVirtual3','192.168.0.200','playerVirtual0','playerVirtual0_34a73c0e58',1,1,1,2048,20,'2018-03-15 16:43:59',NULL),(58,'192.168.0.200','playerVirtual4_284757920','playerVirtual4','','','',0,1,0,0,0,'2018-03-15 16:45:00','2018-03-15 16:45:00'),(59,'192.168.0.200','playerVirtual1_6274355716','playerVirtual1','192.168.0.200','playerVirtual3','playerVirtual3_ff1b64a03a',3,1,1,512,1,'2018-03-15 16:45:43','2018-03-15 17:51:11'),(60,'192.168.0.200','playerVirtual2_272887063','playerVirtual2','192.168.0.200','playerVirtual1','playerVirtual1_da00087827',3,1,1,2048,20,'2018-03-15 16:46:28','2018-03-15 17:01:45'),(61,'192.168.0.200','playerVirtual0_38676294','playerVirtual0','192.168.0.200','playerVirtual2','playerVirtual2_b1464ad1c5',1,1,1,512,1,'2018-03-15 16:48:39',NULL),(62,'192.168.0.200','playerVirtual3_182859403','playerVirtual3','192.168.0.200','playerVirtual4','playerVirtual4_b10c6aa355',3,1,1,512,1,'2018-03-15 16:50:41','2018-03-15 16:54:08'),(63,'192.168.0.200','playerVirtual4_4820204870','playerVirtual4','','','',0,1,0,0,0,'2018-03-15 16:51:44','2018-03-15 16:51:44'),(64,'192.168.0.200','playerVirtual0_990694203','playerVirtual0','192.168.0.200','playerVirtual3','playerVirtual3_b4c043a70e',3,1,1,2048,20,'2018-03-15 16:53:16','2018-03-15 16:59:07'),(65,'192.168.0.200','playerVirtual1_990694203','playerVirtual1','192.168.0.200','playerVirtual0','playerVirtual0_196654f9ab',3,1,1,2048,20,'2018-03-15 16:55:22','2018-03-15 17:43:01'),(66,'192.168.0.200','playerVirtual4_6280643141','playerVirtual4','','','',0,1,0,0,0,'2018-03-15 16:55:44','2018-03-15 16:55:44'),(67,'192.168.0.200','playerVirtual2_6280638724','playerVirtual2','192.168.0.200','playerVirtual1','playerVirtual1_cdc08bfd9a',1,1,1,512,1,'2018-03-15 16:56:08',NULL),(68,'192.168.0.200','playerVirtual3_4476462938','playerVirtual3','192.168.0.200','playerVirtual2','playerVirtual2_8031fd6d4e',1,1,1,2048,20,'2018-03-15 17:00:31',NULL),(69,'192.168.0.200','playerVirtual4_272887063','playerVirtual4','','','',0,1,0,0,0,'2018-03-15 17:02:42','2018-03-15 17:02:42'),(70,'192.168.0.200','playerVirtual0_6282149131','playerVirtual0','192.168.0.200','playerVirtual4','playerVirtual4_f47c94c481',1,1,1,512,1,'2018-03-15 17:03:19',NULL),(71,'192.168.0.200','playerVirtual3_1436323714','playerVirtual3','192.168.0.200','playerVirtual0','playerVirtual0_0099bf69df',1,1,1,2048,20,'2018-03-15 17:04:24',NULL),(72,'192.168.0.200','playerVirtual1_2359368952','playerVirtual1','192.168.0.200','playerVirtual3','playerVirtual3_43e8bf708f',1,1,1,512,1,'2018-03-15 17:05:26',NULL),(73,'192.168.0.200','playerVirtual2_682797','playerVirtual2','192.168.0.200','playerVirtual1','playerVirtual1_13a12a08c6',1,1,1,2048,20,'2018-03-15 17:06:31',NULL),(74,'192.168.0.200','playerVirtual4_214880781','playerVirtual4','','','',0,1,0,0,0,'2018-03-15 17:07:10','2018-03-15 17:07:10'),(75,'192.168.0.200','playerVirtual0_1094955','playerVirtual0','192.168.0.200','playerVirtual2','playerVirtual2_f3ccbc4124',1,1,1,512,1,'2018-03-15 17:09:39',NULL),(76,'192.168.0.200','playerVirtual1_182859403','playerVirtual1','192.168.0.200','playerVirtual5','playerVirtual5_0573486cba',3,1,1,512,1,'2018-03-15 17:11:58','2018-03-15 17:58:10'),(77,'192.168.0.200','playerVirtual3_16914091','playerVirtual3','192.168.0.200','playerVirtual4','playerVirtual4_b435ce9016',1,1,1,2048,20,'2018-03-15 17:12:02',NULL),(78,'192.168.0.200','playerVirtual2_6641406','playerVirtual2','192.168.0.200','playerVirtual0','playerVirtual0_0cf4d1c14e',1,1,1,2048,20,'2018-03-15 17:12:32',NULL),(79,'192.168.0.200','playerVirtual4_6285257156','playerVirtual4','192.168.0.200','playerVirtual5','playerVirtual5_dbe4e2908f',1,1,1,512,1,'2018-03-15 17:14:34',NULL),(80,'192.168.0.200','playerVirtual1_6955737','playerVirtual1','192.168.0.200','playerVirtual3','playerVirtual3_b94c4000d2',1,1,1,2048,20,'2018-03-15 17:16:56',NULL),(81,'192.168.0.200','playerVirtual3_1438244924','playerVirtual3','192.168.0.200','playerVirtual1','playerVirtual1_8b3fda806a',3,1,1,2048,20,'2018-03-15 17:17:06','2018-03-15 17:30:29'),(82,'192.168.0.200','playerVirtual4_3338579772','playerVirtual4','192.168.0.200','playerVirtual5','playerVirtual5_6f97b28b67',1,1,1,2048,20,'2018-03-15 17:19:50',NULL),(83,'192.168.0.200','playerVirtual5_6955737','playerVirtual5','','','',0,1,0,0,0,'2018-03-15 17:20:00','2018-03-15 17:20:00'),(84,'192.168.0.200','playerVirtual2_2378747961','playerVirtual2','192.168.0.200','playerVirtual4','playerVirtual4_e939c33f27',3,1,1,512,1,'2018-03-15 17:24:27','2018-03-15 17:38:42'),(85,'192.168.0.200','playerVirtual3_2381571381','playerVirtual3','192.168.0.200','playerVirtual2','playerVirtual2_1d39995635',1,1,1,2048,20,'2018-03-15 17:24:50',NULL),(86,'192.168.0.200','playerVirtual0_6289355687','playerVirtual0','192.168.0.200','playerVirtual3','playerVirtual3_bda0f2a27f',1,1,1,512,1,'2018-03-15 17:27:00',NULL),(87,'192.168.0.200','playerVirtual1_6289704471','playerVirtual1','192.168.0.200','playerVirtual0','playerVirtual0_d0ae586db8',3,1,1,512,1,'2018-03-15 17:29:27','2018-03-15 18:08:33'),(88,'192.168.0.200','playerVirtual2_1436344784','playerVirtual2','192.168.0.200','playerVirtual1','playerVirtual1_ee73d226de',3,1,1,2048,20,'2018-03-15 17:31:57','2018-03-15 19:42:26'),(89,'192.168.0.200','playerVirtual5_1438244924','playerVirtual5','','','',0,1,0,0,0,'2018-03-15 17:32:29','2018-03-15 17:32:29'),(90,'192.168.0.200','playerVirtual0_794070039','playerVirtual0','192.168.0.200','playerVirtual5','playerVirtual5_d47b5ee818',1,1,1,512,1,'2018-03-15 17:34:09',NULL),(91,'192.168.0.200','playerVirtual5_6296865278','playerVirtual5','','','',0,1,0,0,0,'2018-03-15 17:37:06','2018-03-15 17:37:06'),(92,'192.168.0.200','playerVirtual1_990694203','playerVirtual1','192.168.0.200','playerVirtual4','playerVirtual4_6c519930b7',3,1,1,2048,20,'2018-03-15 17:37:20','2018-03-15 17:43:01'),(93,'192.168.0.200','playerVirtual4_6296268057','playerVirtual4','192.168.0.200','playerVirtual5','playerVirtual5_720178f865',1,1,1,512,1,'2018-03-15 17:41:17',NULL),(94,'192.168.0.200','playerVirtual0_182859403','playerVirtual0','192.168.0.200','playerVirtual2','playerVirtual2_12a22a2716',3,1,1,512,1,'2018-03-15 17:44:10','2018-03-15 17:51:19'),(95,'192.168.0.200','playerVirtual2_990694203','playerVirtual2','192.168.0.200','playerVirtual3','playerVirtual3_77dc0f4e15',3,1,1,2048,20,'2018-03-15 17:48:59','2018-03-15 20:10:15'),(96,'192.168.0.200','playerVirtual5_6264344062','playerVirtual5','192.168.0.200','playerVirtual4','playerVirtual4_bb66306dba',1,1,1,2048,20,'2018-03-15 17:50:17',NULL),(97,'192.168.0.200','playerVirtual3_6301942525','playerVirtual3','192.168.0.200','playerVirtual6','playerVirtual6_9998836e8c',1,1,1,512,1,'2018-03-15 17:53:51',NULL),(98,'192.168.0.200','playerVirtual5_1095593','playerVirtual5','192.168.0.200','playerVirtual4','playerVirtual4_b26cbf6604',3,1,1,512,1,'2018-03-15 17:57:19','2018-03-15 18:10:43'),(99,'192.168.0.200','playerVirtual4_5297461910','playerVirtual4','192.168.0.200','playerVirtual5','playerVirtual5_44cdef42f9',1,1,1,512,1,'2018-03-15 17:59:22',NULL),(100,'192.168.0.200','playerVirtual3_182859403','playerVirtual3','192.168.0.200','playerVirtual0','playerVirtual0_55783777eb',1,1,1,512,1,'2018-03-15 18:02:30',NULL),(101,'192.168.0.200','playerVirtual0_6274355716','playerVirtual0','192.168.0.200','playerVirtual1','playerVirtual1_77c48a1330',1,1,1,512,1,'2018-03-15 18:03:57',NULL),(102,'192.168.0.200','playerVirtual6_6289704471','playerVirtual6','','','',0,1,0,0,0,'2018-03-15 18:07:43','2018-03-15 18:07:43'),(103,'192.168.0.200','playerVirtual0_539194189','playerVirtual0','192.168.0.200','playerVirtual7','playerVirtual7_1380ae88bc',1,1,1,2048,20,'2018-03-15 18:11:19',NULL),(104,'192.168.0.200','playerVirtual3_908315','playerVirtual3','192.168.0.200','playerVirtual2','playerVirtual2_071ddf6cab',1,1,1,2048,20,'2018-03-15 18:13:46',NULL),(105,'192.168.0.200','playerVirtual2_4246147567','playerVirtual2','192.168.0.200','playerVirtual8','playerVirtual8_daa67507f2',3,1,2,4096,40,'2018-03-15 18:16:11','2018-03-15 19:17:42'),(106,'192.168.0.200','playerVirtual5_4246147567','playerVirtual5','192.168.0.200','playerVirtual6','playerVirtual6_07f5c5125c',3,1,2,4096,40,'2018-03-15 18:19:26','2018-03-15 19:46:48'),(107,'192.168.0.200','playerVirtual4_6289704471','playerVirtual4','192.168.0.200','playerVirtual5','playerVirtual5_ff853ea9c2',1,1,1,2048,20,'2018-03-15 18:21:12',NULL),(108,'192.168.0.200','playerVirtual3_4246147567','playerVirtual3','192.168.0.200','playerVirtual4','playerVirtual4_2a7b75e853',3,1,2,4096,40,'2018-03-15 18:25:17','2018-03-15 20:06:22'),(109,'192.168.0.200','playerVirtual0_6315250734','playerVirtual0','192.168.0.200','playerVirtual3','playerVirtual3_b63f6d63fe',1,1,1,512,1,'2018-03-15 18:27:24',NULL),(110,'192.168.0.200','playerVirtual6_4246147567','playerVirtual6','192.168.0.200','playerVirtual7','playerVirtual7_2ca0b38094',3,1,2,4096,40,'2018-03-15 18:30:03','2018-03-15 19:47:59'),(111,'192.168.0.200','playerVirtual7_4246147567','playerVirtual7','192.168.0.200','playerVirtual8','playerVirtual8_2cc9cf605f',3,1,2,4096,40,'2018-03-15 18:30:32','2018-03-15 19:45:41'),(112,'192.168.0.200','playerVirtual4_2378747961','playerVirtual4','192.168.0.200','playerVirtual0','playerVirtual0_e84744b5af',1,1,1,512,1,'2018-03-15 18:31:55',NULL),(113,'192.168.0.200','playerVirtual8_4246147567','playerVirtual8','192.168.0.200','playerVirtual9','playerVirtual9_22ae9d69fd',3,1,2,4096,40,'2018-03-15 18:34:35','2018-03-15 19:25:29'),(114,'192.168.0.200','playerVirtual0_4246147567','playerVirtual0','192.168.0.200','playerVirtual1','playerVirtual1_7730f8f4b3',3,1,2,4096,40,'2018-03-15 18:35:20','2018-03-15 19:45:18'),(115,'192.168.0.200','playerVirtual1_6316827871','playerVirtual1','192.168.0.200','playerVirtual2','playerVirtual2_a7547bfa58',1,1,1,512,1,'2018-03-15 18:37:42',NULL),(116,'192.168.0.200','playerVirtual2_5068098508','playerVirtual2','192.168.0.200','playerVirtual6','playerVirtual6_73f8f3b74e',3,1,1,2048,20,'2018-03-15 18:39:10','2018-03-15 19:29:52'),(117,'192.168.0.200','playerVirtual5_4246147567','playerVirtual5','192.168.0.200','playerVirtual7','playerVirtual7_8b21efe41b',3,1,2,4096,40,'2018-03-15 18:43:04','2018-03-15 19:46:48'),(118,'192.168.0.200','playerVirtual4_990694203','playerVirtual4','192.168.0.200','playerVirtual5','playerVirtual5_29bf36a2d1',3,1,1,2048,20,'2018-03-15 18:44:35','2018-03-15 18:55:19'),(119,'192.168.0.200','playerVirtual1_1095593','playerVirtual1','192.168.0.200','playerVirtual4','playerVirtual4_dd82875b73',1,1,1,512,1,'2018-03-15 18:51:40',NULL),(120,'192.168.0.200','playerVirtual2_6322213339','playerVirtual2','192.168.0.200','playerVirtual3','playerVirtual3_47fcffcfbf',1,1,1,512,1,'2018-03-15 18:52:41',NULL),(121,'192.168.0.200','playerVirtual6_4246147567','playerVirtual6','192.168.0.200','playerVirtual8','playerVirtual8_eedac83ec9',3,1,2,4096,40,'2018-03-15 18:54:01','2018-03-15 19:47:59'),(122,'192.168.0.200','playerVirtual7_4246147567','playerVirtual7','192.168.0.200','playerVirtual9','playerVirtual9_998d919870',3,1,2,4096,40,'2018-03-15 18:54:01','2018-03-15 19:45:41'),(123,'192.168.0.200','playerVirtual9_4246147567','playerVirtual9','192.168.0.200','playerVirtual6','playerVirtual6_bb86c9dc8a',3,1,2,4096,40,'2018-03-15 18:56:11','2018-03-15 19:50:34'),(124,'192.168.0.200','playerVirtual8_4246147567','playerVirtual8','192.168.0.200','playerVirtual7','playerVirtual7_94a1f943a5',3,1,2,4096,40,'2018-03-15 18:58:55','2018-03-15 19:25:29'),(125,'192.168.0.200','playerVirtual0_359920779','playerVirtual0','192.168.0.200','playerVirtual1','playerVirtual1_c6fc7c14e1',1,1,1,512,1,'2018-03-15 19:00:02',NULL),(126,'192.168.0.200','playerVirtual3_4246147567','playerVirtual3','192.168.0.200','playerVirtual0','playerVirtual0_b9856cfff7',3,1,2,4096,40,'2018-03-15 19:01:07','2018-03-15 20:06:22'),(127,'192.168.0.200','playerVirtual1_4246147567','playerVirtual1','192.168.0.200','playerVirtual2','playerVirtual2_1f3e84e83b',3,1,2,4096,40,'2018-03-15 19:03:38','2018-03-15 20:11:27'),(128,'192.168.0.200','playerVirtual2_4246147567','playerVirtual2','192.168.0.200','playerVirtual5','playerVirtual5_eb02c218f7',3,1,2,4096,40,'2018-03-15 19:05:11','2018-03-15 19:17:42'),(129,'192.168.0.200','playerVirtual5_4246147567','playerVirtual5','192.168.0.200','playerVirtual8','playerVirtual8_c323128f99',3,1,2,4096,40,'2018-03-15 19:07:45','2018-03-15 19:46:48'),(130,'192.168.0.200','playerVirtual4_4246147567','playerVirtual4','192.168.0.200','playerVirtual3','playerVirtual3_5b549a9ec1',3,1,2,4096,40,'2018-03-15 19:10:06','2018-03-15 19:47:40'),(131,'192.168.0.200','playerVirtual0_6335261139','playerVirtual0','192.168.0.200','playerVirtual4','playerVirtual4_fc2bd05304',1,1,1,512,1,'2018-03-15 19:18:08',NULL),(132,'192.168.0.200','playerVirtual7_4246147567','playerVirtual7','192.168.0.200','playerVirtual9','playerVirtual9_89e76ec5a0',3,1,2,4096,40,'2018-03-15 19:18:13','2018-03-15 19:45:41'),(133,'192.168.0.200','playerVirtual6_4246147567','playerVirtual6','192.168.0.200','playerVirtual7','playerVirtual7_66008085ca',3,1,2,4096,40,'2018-03-15 19:18:47','2018-03-15 19:47:59'),(134,'192.168.0.200','playerVirtual9_4246147567','playerVirtual9','192.168.0.200','playerVirtual6','playerVirtual6_e4184ca313',3,1,2,4096,40,'2018-03-15 19:22:13','2018-03-15 19:50:34'),(135,'192.168.0.200','playerVirtual8_4246147567','playerVirtual8','192.168.0.200','playerVirtual5','playerVirtual5_55114cb096',3,1,2,4096,40,'2018-03-15 19:24:27','2018-03-15 19:25:29'),(136,'192.168.0.200','playerVirtual3_4246147567','playerVirtual3','192.168.0.200','playerVirtual1','playerVirtual1_48e6e3dbcd',3,1,2,4096,40,'2018-03-15 19:26:51','2018-03-15 20:06:22'),(137,'192.168.0.200','playerVirtual0_4246147567','playerVirtual0','192.168.0.200','playerVirtual2','playerVirtual2_de6e3084fa',3,1,2,4096,40,'2018-03-15 19:28:20','2018-03-15 19:45:18'),(138,'192.168.0.200','playerVirtual1_4246147567','playerVirtual1','192.168.0.200','playerVirtual0','playerVirtual0_3ffc743fae',3,1,2,4096,40,'2018-03-15 19:30:29','2018-03-15 20:11:27'),(139,'192.168.0.200','playerVirtual5_4246147567','playerVirtual5','192.168.0.200','playerVirtual8','playerVirtual8_414c5185ae',3,1,2,4096,40,'2018-03-15 19:34:24','2018-03-15 19:46:48'),(140,'192.168.0.200','playerVirtual4_4246147567','playerVirtual4','192.168.0.200','playerVirtual3','playerVirtual3_307d0fd8d9',3,1,2,4096,40,'2018-03-15 19:37:59','2018-03-15 19:47:40'),(141,'192.168.0.200','playerVirtual7_4246147567','playerVirtual7','192.168.0.200','playerVirtual9','playerVirtual9_e7c75db442',3,1,2,4096,40,'2018-03-15 19:44:40','2018-03-15 19:45:41'),(142,'192.168.0.200','playerVirtual6_4246147567','playerVirtual6','192.168.0.200','playerVirtual7','playerVirtual7_3bbe205ed8',3,1,2,4096,40,'2018-03-15 19:45:53','2018-03-15 19:47:59'),(143,'192.168.0.200','playerVirtual9_4246147567','playerVirtual9','192.168.0.200','playerVirtual6','playerVirtual6_e2a76cb380',3,1,2,4096,40,'2018-03-15 19:49:33','2018-03-15 19:50:34'),(144,'192.168.0.200','playerVirtual8_6344084916','playerVirtual8','192.168.0.200','playerVirtual4','playerVirtual4_12d528a5ff',1,1,1,512,1,'2018-03-15 19:52:04',NULL),(145,'192.168.0.200','playerVirtual3_4246147567','playerVirtual3','192.168.0.200','playerVirtual5','playerVirtual5_c22019529d',3,1,2,4096,40,'2018-03-15 19:54:37','2018-03-15 20:06:22'),(146,'192.168.0.200','playerVirtual8_4246147567','playerVirtual8','192.168.0.200','playerVirtual1','playerVirtual1_620ccc6b86',1,1,2,4096,40,'2018-03-15 19:55:34',NULL),(147,'192.168.0.200','playerVirtual0_4246147567','playerVirtual0','192.168.0.200','playerVirtual2','playerVirtual2_0dd334e460',1,1,2,4096,40,'2018-03-15 19:56:26',NULL),(148,'192.168.0.200','playerVirtual2_990694203','playerVirtual2','192.168.0.200','playerVirtual0','playerVirtual0_e6df92551d',3,1,1,2048,20,'2018-03-15 19:57:39','2018-03-15 20:10:15'),(149,'192.168.0.200','playerVirtual1_4246147567','playerVirtual1','192.168.0.200','playerVirtual8','playerVirtual8_dfdb738452',3,1,2,4096,40,'2018-03-15 19:58:29','2018-03-15 20:11:27'),(150,'192.168.0.200','playerVirtual5_4246147567','playerVirtual5','192.168.0.200','playerVirtual3','playerVirtual3_29b591563c',1,1,2,4096,40,'2018-03-15 20:02:50',NULL),(151,'192.168.0.200','playerVirtual7_272887063','playerVirtual7','192.168.0.200','playerVirtual9','playerVirtual9_72cb51bb10',1,1,1,2048,20,'2018-03-15 20:13:02',NULL);
/*!40000 ALTER TABLE `VM` ENABLE KEYS */;
UNLOCK TABLES;
/*!40103 SET TIME_ZONE=@OLD_TIME_ZONE */;

/*!40101 SET SQL_MODE=@OLD_SQL_MODE */;
/*!40014 SET FOREIGN_KEY_CHECKS=@OLD_FOREIGN_KEY_CHECKS */;
/*!40014 SET UNIQUE_CHECKS=@OLD_UNIQUE_CHECKS */;
/*!40101 SET CHARACTER_SET_CLIENT=@OLD_CHARACTER_SET_CLIENT */;
/*!40101 SET CHARACTER_SET_RESULTS=@OLD_CHARACTER_SET_RESULTS */;
/*!40101 SET COLLATION_CONNECTION=@OLD_COLLATION_CONNECTION */;
/*!40111 SET SQL_NOTES=@OLD_SQL_NOTES */;

-- Dump completed on 2018-03-15 17:13:19
