-- MySQL dump 10.14  Distrib 5.5.58-MariaDB, for debian-linux-gnu (x86_64)
--
-- Host: localhost    Database: mct
-- ------------------------------------------------------
-- Server version	5.5.58-MariaDB-1ubuntu0.14.04.1

/*!40101 SET @OLD_CHARACTER_SET_CLIENT=@@CHARACTER_SET_CLIENT */;
/*!40101 SET @OLD_CHARACTER_SET_RESULTS=@@CHARACTER_SET_RESULTS */;
/*!40101 SET @OLD_COLLATION_CONNECTION=@@COLLATION_CONNECTION */;
/*!40101 SET NAMES utf8 */;
/*!40103 SET @OLD_TIME_ZONE=@@TIME_ZONE */;
/*!40103 SET TIME_ZONE='+00:00' */;
/*!40014 SET @OLD_UNIQUE_CHECKS=@@UNIQUE_CHECKS, UNIQUE_CHECKS=0 */;
/*!40014 SET @OLD_FOREIGN_KEY_CHECKS=@@FOREIGN_KEY_CHECKS, FOREIGN_KEY_CHECKS=0 */;
/*!40101 SET @OLD_SQL_MODE=@@SQL_MODE, SQL_MODE='NO_AUTO_VALUE_ON_ZERO' */;
/*!40111 SET @OLD_SQL_NOTES=@@SQL_NOTES, SQL_NOTES=0 */;

--
-- Table structure for table `FIELDS`
--

DROP TABLE IF EXISTS `FIELDS`;
/*!40101 SET @saved_cs_client     = @@character_set_client */;
/*!40101 SET character_set_client = utf8 */;
CREATE TABLE `FIELDS` (
  `operation` int(11) NOT NULL,
  `fields` varchar(45) NOT NULL,
  PRIMARY KEY (`operation`)
) ENGINE=InnoDB DEFAULT CHARSET=utf8;
/*!40101 SET character_set_client = @saved_cs_client */;

--
-- Dumping data for table `FIELDS`
--

LOCK TABLES `FIELDS` WRITE;
/*!40000 ALTER TABLE `FIELDS` DISABLE KEYS */;
INSERT INTO `FIELDS` VALUES (0,'name mem image vcpus disk uuid');
/*!40000 ALTER TABLE `FIELDS` ENABLE KEYS */;
UNLOCK TABLES;

--
-- Table structure for table `PLAYER`
--

DROP TABLE IF EXISTS `PLAYER`;
/*!40101 SET @saved_cs_client     = @@character_set_client */;
/*!40101 SET character_set_client = utf8 */;
CREATE TABLE `PLAYER` (
  `id` int(11) NOT NULL AUTO_INCREMENT,
  `name` varchar(45) NOT NULL,
  `address` varchar(45) NOT NULL,
  `division` int(11) DEFAULT NULL,
  `score` float DEFAULT '0',
  `history` int(11) DEFAULT '0',
  `fairness` float DEFAULT '0',
  `accepts` int(11) DEFAULT '0',
  `rejects` int(11) DEFAULT '0',
  `running` int(11) DEFAULT '0',
  `finished` int(11) DEFAULT '0',
  `problem_del` int(11) DEFAULT '0',
  `vcpus` int(11) DEFAULT '0',
  `memory` bigint(20) DEFAULT '0',
  `local_gb` bigint(20) DEFAULT '0',
  `vcpus_used` bigint(20) DEFAULT '0',
  `memory_used` bigint(20) DEFAULT '0',
  `local_gb_used` bigint(20) DEFAULT '0',
  `max_instance` int(11) DEFAULT '0',
  `token` varchar(45) DEFAULT NULL,
  `suspend` timestamp NULL DEFAULT NULL,
  `enabled` int(11) DEFAULT '0',
  `last_choice` timestamp NOT NULL DEFAULT '2018-01-01 02:00:00',
  `playoff` tinyint(1) DEFAULT '0',
  PRIMARY KEY (`id`)
) ENGINE=InnoDB AUTO_INCREMENT=27 DEFAULT CHARSET=utf8;
/*!40101 SET character_set_client = @saved_cs_client */;

--
-- Dumping data for table `PLAYER`
--

LOCK TABLES `PLAYER` WRITE;
/*!40000 ALTER TABLE `PLAYER` DISABLE KEYS */;
INSERT INTO `PLAYER` VALUES (1,'playerVirtual1','192.168.0.200',4,-2,0,1,1,2,0,1,0,1023,1047552,10230,0,0,0,1,'21d2496c4eda25c0d62f88e30e9a8f1270488dc6',NULL,0,'2018-03-05 00:05:11',1),(2,'playerVirtual2','192.168.0.200',1,10.62,29,0.6875,8,0,8,0,0,1023,1047552,10230,13,23552,222,9,'f68ea355e0606c8b1c15fb21ae809891431954ed',NULL,1,'2018-03-05 02:26:05',0),(3,'playerVirtual3','192.168.0.200',3,1.32,28,0.866667,2,2,2,0,0,1023,1047552,10230,3,4608,41,2,'03c186ed18d5afbef90667e2c65b4f8505276cc3',NULL,1,'2018-03-05 02:05:58',0),(4,'playerVirtual4','192.168.0.200',1,10.63,27,0.615385,12,0,7,5,0,1023,1047552,10230,7,8192,64,9,'90684980406836fb09e9d1994b7f50b94a6111c4',NULL,1,'2018-03-05 01:53:25',0),(5,'playerVirtual0','192.168.0.200',4,-6,0,0,0,3,0,0,0,1023,1047552,10230,0,0,0,99,'a61140811da5cccf9c0dd482f4c6fa528bb4af1f',NULL,0,'2018-03-05 00:15:22',1),(6,'playerVirtual5','192.168.0.200',2,5.98,26,0.818182,7,0,5,2,0,1023,1047552,10230,5,5632,43,5,'4465d1cf8f5efbb7c08e7b000d9220fbfcaca8a5',NULL,1,'2018-03-05 01:27:17',0),(7,'playerVirtual6','192.168.0.200',1,9.96,25,1,10,0,6,4,0,1023,1047552,10230,8,14848,141,7,'8ef097759050e41ac979eb34b2fc230433c20217',NULL,1,'2018-03-05 02:23:30',0),(8,'playerVirtual1057','192.168.0.200',4,-6,0,0,0,3,0,0,0,1023,1047552,10230,0,0,0,99,'28d507cc61e74b080e2d21641ae3dbcb7dbdadb3',NULL,0,'2018-03-05 00:25:16',1),(9,'playerVirtual7','192.168.0.200',3,1.33,24,0,1,0,1,0,0,1023,1047552,10230,1,512,1,1,'43bce382a36563770e645cbc9ab82ab117d6b59d',NULL,1,'2018-03-05 00:23:27',0),(10,'playerVirtual8','192.168.0.200',1,9.97,23,1,10,0,7,3,0,1023,1047552,10230,9,13824,123,9,'3c726731dcefa15965fe7e2936d1f72f6280ad18',NULL,1,'2018-03-05 02:22:18',0),(11,'playerVirtual1184','192.168.0.200',4,-6,0,0,0,3,0,0,0,1023,1047552,10230,0,0,0,99,'fcf2e170105eb0b9be6ce673980cc52e992a452e',NULL,0,'2018-03-05 00:40:07',1),(12,'playerVirtual9','192.168.0.200',3,1.33,22,0.875,2,0,2,0,0,1023,1047552,10230,2,2560,21,2,'0e21eae8b55b65da7ad913082e46a1a293432f40',NULL,1,'2018-03-05 00:37:25',0),(13,'playerVirtual10','192.168.0.200',1,9.96,21,0.6,9,0,5,4,0,1023,1047552,10230,5,5632,43,8,'c0eee60770cf67b7d6514c23e91a687fcc6b75fb',NULL,1,'2018-03-05 02:13:37',0),(14,'playerVirtual11','192.168.0.200',3,0,20,0.8,3,0,3,0,0,1023,1047552,10230,3,6144,60,3,'795058f826825a8bdbaf75f9c3aeedc2e9f017e8',NULL,1,'2018-03-05 00:52:35',0),(15,'playerVirtual1489','192.168.0.200',4,-6,0,0,0,3,0,0,0,1023,1047552,10230,0,0,0,99,'87ec2bc7742e2440b6dead7cac89d0edc938cf97',NULL,0,'2018-03-05 00:51:06',1),(16,'playerVirtual12','192.168.0.200',2,6.64,19,1,6,0,3,3,0,1023,1047552,10230,3,4608,41,3,'0e478600250cc376ee90dd7acd0e9a5a0fa2b6f2',NULL,1,'2018-03-05 01:58:24',0),(17,'playerVirtual13','192.168.0.200',1,9.3,18,0.75,6,0,3,3,0,1023,1047552,10230,3,1536,3,5,'6da941c805443402f001d886c9c172d9a277528d',NULL,1,'2018-03-05 02:12:20',0),(18,'playerVirtual1793','192.168.0.200',4,-2,0,0,0,1,0,0,0,1023,1047552,10230,0,0,0,99,'94a154cf5d8e1409c138fd23d2a12dc4cd38afa7',NULL,0,'2018-03-05 00:56:26',1),(19,'playerVirtual14','192.168.0.200',3,3.32,17,0.25,8,0,4,4,0,1023,1047552,10230,6,10752,101,5,'e1f2fc478139d0ebe84166d0080f28daeac7de30',NULL,1,'2018-03-05 02:23:45',0),(20,'playerVirtual15','192.168.0.200',2,7.3,16,0.333333,5,0,2,3,0,1023,1047552,10230,2,2560,21,5,'7eb2f51f8e8dde6ca597ade8ae60808af063c6d4',NULL,1,'2018-03-05 02:05:58',0),(21,'playerVirtual16','192.168.0.200',2,7.3,15,0.666667,5,0,1,4,0,1023,1047552,10230,1,2048,20,3,'379e9e926e8774dc0461407deb9a16a8f5d3518b',NULL,1,'2018-03-05 02:09:26',0),(22,'playerVirtual1835','192.168.0.200',4,-4,0,0,0,2,0,0,0,1023,1047552,10230,0,0,0,99,'bb5c6fe99123918b395688512d2134357d4b7150',NULL,0,'2018-03-05 01:20:49',1),(23,'playerVirtual17','192.168.0.200',3,1.33,14,0,1,0,1,0,0,1023,1047552,10230,1,512,1,1,'d529a53e523a62089061c2832b8acbff5e4168d2',NULL,1,'2018-03-05 01:13:13',0),(24,'playerVirtual18','192.168.0.200',2,3.97,8,0,5,0,0,5,0,1023,1047552,10230,0,0,0,3,'353f75c6093a310244a2146146f412d371deda5b',NULL,1,'2018-03-05 02:22:50',1),(25,'playerVirtual19','192.168.0.200',2,7.96,12,0.5,4,0,0,4,0,1023,1047552,10230,0,0,0,7,'b8eaead20bf12faf1e6e1412e3477615c96cc50b',NULL,1,'2018-03-05 02:19:13',0),(26,'playerVirtual1088','192.168.0.200',4,-4,0,0,0,2,0,0,0,1023,1047552,10230,0,0,0,99,'c4a45f62d56be287d74621f3485e8263d07fc753',NULL,0,'2018-03-05 01:53:45',1);
/*!40000 ALTER TABLE `PLAYER` ENABLE KEYS */;
UNLOCK TABLES;

--
-- Table structure for table `REQUEST`
--

DROP TABLE IF EXISTS `REQUEST`;
/*!40101 SET @saved_cs_client     = @@character_set_client */;
/*!40101 SET character_set_client = utf8 */;
CREATE TABLE `REQUEST` (
  `id` int(11) NOT NULL AUTO_INCREMENT,
  `player_id` varchar(45) NOT NULL,
  `request_id` varchar(45) NOT NULL,
  `action` int(11) NOT NULL,
  `timestamp_received` timestamp NULL DEFAULT NULL,
  `timestamp_finished` timestamp NULL DEFAULT NULL,
  `status` int(11) NOT NULL,
  PRIMARY KEY (`id`)
) ENGINE=InnoDB AUTO_INCREMENT=595 DEFAULT CHARSET=utf8;
/*!40101 SET character_set_client = @saved_cs_client */;

--
-- Dumping data for table `REQUEST`
--

LOCK TABLES `REQUEST` WRITE;
/*!40000 ALTER TABLE `REQUEST` DISABLE KEYS */;
INSERT INTO `REQUEST` VALUES (1,'playerVirtual1','playerVirtual1_a08fc833e3',4,'2018-03-04 23:57:50',NULL,0),(2,'playerVirtual2','playerVirtual2_8ff21643cf',4,'2018-03-04 23:57:50',NULL,0),(3,'playerVirtual1','playerVirtual1_450512000',0,'2018-03-04 23:58:51',NULL,0),(4,'playerVirtual1','playerVirtual1_450512000',0,'2018-03-04 23:58:52',NULL,0),(5,'playerVirtual2','playerVirtual2_1438244924',0,'2018-03-04 23:58:54',NULL,0),(6,'playerVirtual2','playerVirtual2_1438244924',0,'2018-03-04 23:58:54',NULL,0),(7,'playerVirtual1','playerVirtual1_5022fbef86',3,'2018-03-04 23:59:51',NULL,0),(8,'playerVirtual2','playerVirtual2_11e1df1090',3,'2018-03-04 23:59:54',NULL,0),(9,'playerVirtual1','playerVirtual1_640692267',0,'2018-03-05 00:00:57',NULL,0),(10,'playerVirtual1','playerVirtual1_640692267',0,'2018-03-05 00:00:57',NULL,0),(11,'playerVirtual2','playerVirtual2_2381571381',0,'2018-03-05 00:00:58',NULL,0),(12,'playerVirtual2','playerVirtual2_2381571381',0,'2018-03-05 00:00:58',NULL,0),(13,'playerVirtual1','playerVirtual1_a765456bfe',4,'2018-03-05 00:01:57',NULL,0),(14,'playerVirtual2','playerVirtual2_6cd0316fd5',4,'2018-03-05 00:01:58',NULL,0),(15,'playerVirtual3','playerVirtual3_a9297c284a',4,'2018-03-05 00:02:48',NULL,0),(16,'playerVirtual1','playerVirtual1_5297461910',0,'2018-03-05 00:03:00',NULL,0),(17,'playerVirtual1','playerVirtual1_5297461910',0,'2018-03-05 00:03:00',NULL,0),(18,'playerVirtual2','playerVirtual2_2790332778',0,'2018-03-05 00:03:05',NULL,0),(19,'playerVirtual2','playerVirtual2_2790332778',0,'2018-03-05 00:03:06',NULL,0),(20,'playerVirtual3','playerVirtual3_369721705',0,'2018-03-05 00:04:00',NULL,0),(21,'playerVirtual3','playerVirtual3_369721705',0,'2018-03-05 00:04:00',NULL,0),(22,'playerVirtual1','playerVirtual1_c2d947df1b',3,'2018-03-05 00:04:00',NULL,0),(23,'playerVirtual2','playerVirtual2_ba40cd30b7',3,'2018-03-05 00:04:05',NULL,0),(24,'playerVirtual3','playerVirtual3_252d4492c7',3,'2018-03-05 00:05:00',NULL,0),(25,'playerVirtual1','playerVirtual1_317469422',0,'2018-03-05 00:05:09',NULL,0),(26,'playerVirtual1','playerVirtual1_317469422',0,'2018-03-05 00:05:10',NULL,0),(27,'playerVirtual2','playerVirtual2_6955737',0,'2018-03-05 00:05:11',NULL,0),(28,'playerVirtual2','playerVirtual2_6955737',0,'2018-03-05 00:05:11',NULL,0),(29,'playerVirtual3','playerVirtual3_257338104',0,'2018-03-05 00:06:01',NULL,0),(30,'playerVirtual3','playerVirtual3_257338104',0,'2018-03-05 00:06:02',NULL,0),(31,'playerVirtual1','playerVirtual1_704f2dfa75',4,'2018-03-05 00:06:10',NULL,0),(32,'playerVirtual2','playerVirtual2_9b1cd0a38b',4,'2018-03-05 00:06:11',NULL,0),(33,'playerVirtual3','playerVirtual3_80fa9e3bb1',4,'2018-03-05 00:07:01',NULL,0),(34,'playerVirtual2','playerVirtual2_2433236783',0,'2018-03-05 00:07:19',NULL,0),(35,'playerVirtual2','playerVirtual2_2433236783',0,'2018-03-05 00:07:19',NULL,0),(36,'playerVirtual4','playerVirtual4_fd87627318',4,'2018-03-05 00:07:51',NULL,0),(37,'playerVirtual0','playerVirtual0_8ffed629a2',4,'2018-03-05 00:08:04',NULL,0),(38,'playerVirtual3','playerVirtual3_3338579772',0,'2018-03-05 00:08:15',NULL,0),(39,'playerVirtual3','playerVirtual3_3338579772',0,'2018-03-05 00:08:15',NULL,0),(40,'playerVirtual2','playerVirtual2_f6deadc73a',3,'2018-03-05 00:08:19',NULL,0),(41,'playerVirtual4','playerVirtual4_257407216',0,'2018-03-05 00:09:05',NULL,0),(42,'playerVirtual3','playerVirtual3_06716966d5',3,'2018-03-05 00:09:15',NULL,0),(43,'playerVirtual0','playerVirtual0_182859403',0,'2018-03-05 00:09:25',NULL,0),(44,'playerVirtual2','playerVirtual2_2359368952',0,'2018-03-05 00:09:35',NULL,0),(45,'playerVirtual2','playerVirtual2_2359368952',0,'2018-03-05 00:09:36',NULL,0),(46,'playerVirtual4','playerVirtual4_b5c097818d',3,'2018-03-05 00:10:05',NULL,0),(47,'playerVirtual0','playerVirtual0_e8912319dd',3,'2018-03-05 00:10:25',NULL,0),(48,'playerVirtual3','playerVirtual3_16917741',0,'2018-03-05 00:10:29',NULL,0),(49,'playerVirtual3','playerVirtual3_16917741',0,'2018-03-05 00:10:29',NULL,0),(50,'playerVirtual2','playerVirtual2_d5f76ba6d0',4,'2018-03-05 00:10:36',NULL,0),(51,'playerVirtual4','playerVirtual4_2545640208',0,'2018-03-05 00:11:27',NULL,0),(52,'playerVirtual4','playerVirtual4_2545640208',0,'2018-03-05 00:11:28',NULL,0),(53,'playerVirtual3','playerVirtual3_5323107fa3',4,'2018-03-05 00:11:29',NULL,0),(54,'playerVirtual0','playerVirtual0_908315',0,'2018-03-05 00:11:41',NULL,0),(55,'playerVirtual2','playerVirtual2_539194189',0,'2018-03-05 00:12:05',NULL,0),(56,'playerVirtual2','playerVirtual2_539194189',0,'2018-03-05 00:12:05',NULL,0),(57,'playerVirtual4','playerVirtual4_c2da4427ba',4,'2018-03-05 00:12:27',NULL,0),(58,'playerVirtual0','playerVirtual0_8dc7feb664',4,'2018-03-05 00:12:42',NULL,0),(59,'playerVirtual5','playerVirtual5_c263eab156',4,'2018-03-05 00:12:50',NULL,0),(60,'playerVirtual2','playerVirtual2_9d72c31cab',3,'2018-03-05 00:13:05',NULL,0),(61,'playerVirtual3','playerVirtual3_4820204870',0,'2018-03-05 00:13:41',NULL,0),(62,'playerVirtual3','playerVirtual3_4820204870',0,'2018-03-05 00:13:42',NULL,0),(63,'playerVirtual3','playerVirtual3_fc5f0a8870',3,'2018-03-05 00:14:42',NULL,0),(64,'playerVirtual4','playerVirtual4_8058564',0,'2018-03-05 00:15:22',NULL,0),(65,'playerVirtual4','playerVirtual4_8058564',0,'2018-03-05 00:15:22',NULL,0),(66,'playerVirtual0','playerVirtual0_1429160667',0,'2018-03-05 00:15:43',NULL,0),(67,'playerVirtual2','playerVirtual2_82730999',0,'2018-03-05 00:15:59',NULL,0),(68,'playerVirtual2','playerVirtual2_82730999',0,'2018-03-05 00:15:59',NULL,0),(69,'playerVirtual5','playerVirtual5_3338010893',0,'2018-03-05 00:16:08',NULL,0),(70,'playerVirtual4','playerVirtual4_3b63cb0220',3,'2018-03-05 00:16:22',NULL,0),(71,'playerVirtual3','playerVirtual3_351652724',0,'2018-03-05 00:16:54',NULL,0),(72,'playerVirtual3','playerVirtual3_351652724',0,'2018-03-05 00:16:54',NULL,0),(73,'playerVirtual2','playerVirtual2_68f077731f',4,'2018-03-05 00:16:59',NULL,0),(74,'playerVirtual5','playerVirtual5_31ccfc1b13',3,'2018-03-05 00:17:08',NULL,0),(75,'playerVirtual6','playerVirtual6_8427470f99',4,'2018-03-05 00:17:52',NULL,0),(76,'playerVirtual4','playerVirtual4_6571218',0,'2018-03-05 00:17:52',NULL,0),(77,'playerVirtual4','playerVirtual4_6571218',0,'2018-03-05 00:17:53',NULL,0),(78,'playerVirtual3','playerVirtual3_6bf1b67cff',4,'2018-03-05 00:17:54',NULL,0),(79,'playerVirtual5','playerVirtual5_1339662',0,'2018-03-05 00:18:22',NULL,0),(80,'playerVirtual5','playerVirtual5_1339662',0,'2018-03-05 00:18:22',NULL,0),(81,'playerVirtual2','playerVirtual2_1436344784',0,'2018-03-05 00:18:36',NULL,0),(82,'playerVirtual2','playerVirtual2_1436344784',0,'2018-03-05 00:18:36',NULL,0),(83,'playerVirtual4','playerVirtual4_ea0922f475',4,'2018-03-05 00:18:52',NULL,0),(84,'playerVirtual5','playerVirtual5_7e07b38404',4,'2018-03-05 00:19:22',NULL,0),(85,'playerVirtual2','playerVirtual2_0c8fafef90',3,'2018-03-05 00:19:36',NULL,0),(86,'playerVirtual1057','playerVirtual1057_70a5ec793e',4,'2018-03-05 00:20:11',NULL,0),(87,'playerVirtual3','playerVirtual3_284794223',0,'2018-03-05 00:20:14',NULL,0),(88,'playerVirtual3','playerVirtual3_284794223',0,'2018-03-05 00:20:15',NULL,0),(89,'playerVirtual3','playerVirtual3_17e699fac0',3,'2018-03-05 00:21:14',NULL,0),(90,'playerVirtual6','playerVirtual6_317497342',0,'2018-03-05 00:21:24',NULL,0),(91,'playerVirtual4','playerVirtual4_359920779',0,'2018-03-05 00:21:55',NULL,0),(92,'playerVirtual4','playerVirtual4_359920779',0,'2018-03-05 00:21:55',NULL,0),(93,'playerVirtual6','playerVirtual6_b65e8d0378',3,'2018-03-05 00:22:24',NULL,0),(94,'playerVirtual2','playerVirtual2_2904109077',0,'2018-03-05 00:22:33',NULL,0),(95,'playerVirtual2','playerVirtual2_2904109077',0,'2018-03-05 00:22:33',NULL,0),(96,'playerVirtual5','playerVirtual5_904011',0,'2018-03-05 00:22:41',NULL,0),(97,'playerVirtual5','playerVirtual5_904011',0,'2018-03-05 00:22:42',NULL,0),(98,'playerVirtual7','playerVirtual7_83496edef1',4,'2018-03-05 00:22:48',NULL,0),(99,'playerVirtual4','playerVirtual4_3e1eccf00e',3,'2018-03-05 00:22:55',NULL,0),(100,'playerVirtual6','playerVirtual6_1093460',0,'2018-03-05 00:23:27',NULL,0),(101,'playerVirtual6','playerVirtual6_1093460',0,'2018-03-05 00:23:27',NULL,0),(102,'playerVirtual3','playerVirtual3_905614',0,'2018-03-05 00:23:28',NULL,0),(103,'playerVirtual3','playerVirtual3_905614',0,'2018-03-05 00:23:28',NULL,0),(104,'playerVirtual2','playerVirtual2_d1356bf6ef',4,'2018-03-05 00:23:33',NULL,0),(105,'playerVirtual5','playerVirtual5_d12a339030',3,'2018-03-05 00:23:42',NULL,0),(106,'playerVirtual1057','playerVirtual1057_257338074',0,'2018-03-05 00:23:44',NULL,0),(107,'playerVirtual6','playerVirtual6_a0d241bf29',4,'2018-03-05 00:24:27',NULL,0),(108,'playerVirtual3','playerVirtual3_14902da05d',4,'2018-03-05 00:24:28',NULL,0),(109,'playerVirtual4','playerVirtual4_470485660',0,'2018-03-05 00:24:29',NULL,0),(110,'playerVirtual4','playerVirtual4_470485660',0,'2018-03-05 00:24:30',NULL,0),(111,'playerVirtual1057','playerVirtual1057_18e0fffe00',3,'2018-03-05 00:24:44',NULL,0),(112,'playerVirtual5','playerVirtual5_5792765',0,'2018-03-05 00:25:03',NULL,0),(113,'playerVirtual5','playerVirtual5_5792765',0,'2018-03-05 00:25:03',NULL,0),(114,'playerVirtual2','playerVirtual2_30788568',0,'2018-03-05 00:25:16',NULL,0),(115,'playerVirtual2','playerVirtual2_30788568',0,'2018-03-05 00:25:16',NULL,0),(116,'playerVirtual4','playerVirtual4_9b50c525e0',4,'2018-03-05 00:25:29',NULL,0),(117,'playerVirtual5','playerVirtual5_13ef89b6e0',4,'2018-03-05 00:26:03',NULL,0),(118,'playerVirtual1057','playerVirtual1057_4820318661',0,'2018-03-05 00:26:07',NULL,0),(119,'playerVirtual2','playerVirtual2_e63ed76fd9',3,'2018-03-05 00:26:16',NULL,0),(120,'playerVirtual7','playerVirtual7_6569547',0,'2018-03-05 00:26:23',NULL,0),(121,'playerVirtual3','playerVirtual3_400453824',0,'2018-03-05 00:27:02',NULL,0),(122,'playerVirtual3','playerVirtual3_400453824',0,'2018-03-05 00:27:03',NULL,0),(123,'playerVirtual7','playerVirtual7_0c584a70d1',3,'2018-03-05 00:27:23',NULL,0),(124,'playerVirtual8','playerVirtual8_bf6e847428',4,'2018-03-05 00:27:50',NULL,0),(125,'playerVirtual3','playerVirtual3_8b70885227',3,'2018-03-05 00:28:02',NULL,0),(126,'playerVirtual6','playerVirtual6_38671842',0,'2018-03-05 00:28:13',NULL,0),(127,'playerVirtual6','playerVirtual6_38671842',0,'2018-03-05 00:28:13',NULL,0),(128,'playerVirtual4','playerVirtual4_4819935267',0,'2018-03-05 00:28:52',NULL,0),(129,'playerVirtual4','playerVirtual4_4819935267',0,'2018-03-05 00:28:52',NULL,0),(130,'playerVirtual7','playerVirtual7_5068098508',0,'2018-03-05 00:29:03',NULL,0),(131,'playerVirtual6','playerVirtual6_4ce9a6f8df',3,'2018-03-05 00:29:13',NULL,0),(132,'playerVirtual2','playerVirtual2_6264344062',0,'2018-03-05 00:29:33',NULL,0),(133,'playerVirtual2','playerVirtual2_6264344062',0,'2018-03-05 00:29:33',NULL,0),(134,'playerVirtual5','playerVirtual5_4820217293',0,'2018-03-05 00:29:41',NULL,0),(135,'playerVirtual5','playerVirtual5_4820217293',0,'2018-03-05 00:29:42',NULL,0),(136,'playerVirtual4','playerVirtual4_5eb634e69b',3,'2018-03-05 00:29:52',NULL,0),(137,'playerVirtual7','playerVirtual7_23648a0b42',4,'2018-03-05 00:30:03',NULL,0),(138,'playerVirtual2','playerVirtual2_ef5d91d7f9',4,'2018-03-05 00:30:33',NULL,0),(139,'playerVirtual5','playerVirtual5_16bfb2dd5d',3,'2018-03-05 00:30:41',NULL,0),(140,'playerVirtual3','playerVirtual3_1095593',0,'2018-03-05 00:31:56',NULL,0),(141,'playerVirtual3','playerVirtual3_1095593',0,'2018-03-05 00:31:56',NULL,0),(142,'playerVirtual6','playerVirtual6_2148750930',0,'2018-03-05 00:31:59',NULL,0),(143,'playerVirtual6','playerVirtual6_2148750930',0,'2018-03-05 00:32:00',NULL,0),(144,'playerVirtual1184','playerVirtual1184_4027a6974d',4,'2018-03-05 00:32:55',NULL,0),(145,'playerVirtual9','playerVirtual9_6e2cbf0cd8',4,'2018-03-05 00:32:55',NULL,0),(146,'playerVirtual3','playerVirtual3_eef2324269',4,'2018-03-05 00:32:56',NULL,0),(147,'playerVirtual6','playerVirtual6_c8589e7fd9',4,'2018-03-05 00:32:59',NULL,0),(148,'playerVirtual4','playerVirtual4_563574327',0,'2018-03-05 00:33:05',NULL,0),(149,'playerVirtual4','playerVirtual4_563574327',0,'2018-03-05 00:33:05',NULL,0),(150,'playerVirtual8','playerVirtual8_227443932',0,'2018-03-05 00:33:18',NULL,0),(151,'playerVirtual8','playerVirtual8_227443932',0,'2018-03-05 00:33:18',NULL,0),(152,'playerVirtual2','playerVirtual2_186c520303',3,'2018-03-05 00:33:28',NULL,0),(153,'playerVirtual5','playerVirtual5_16915963',0,'2018-03-05 00:33:45',NULL,0),(154,'playerVirtual5','playerVirtual5_16915963',0,'2018-03-05 00:33:45',NULL,0),(155,'playerVirtual4','playerVirtual4_624f629c2b',4,'2018-03-05 00:34:05',NULL,0),(156,'playerVirtual8','playerVirtual8_3461f01903',3,'2018-03-05 00:34:18',NULL,0),(157,'playerVirtual5','playerVirtual5_5cea259389',4,'2018-03-05 00:34:45',NULL,0),(158,'playerVirtual7','playerVirtual7_765651',0,'2018-03-05 00:35:02',NULL,0),(159,'playerVirtual3','playerVirtual3_272887063',0,'2018-03-05 00:35:50',NULL,0),(160,'playerVirtual3','playerVirtual3_272887063',0,'2018-03-05 00:35:50',NULL,0),(161,'playerVirtual7','playerVirtual7_7aca65d2c7',3,'2018-03-05 00:36:03',NULL,0),(162,'playerVirtual3','playerVirtual3_6faeda19cd',3,'2018-03-05 00:36:50',NULL,0),(163,'playerVirtual8','playerVirtual8_4820204870',0,'2018-03-05 00:36:59',NULL,0),(164,'playerVirtual8','playerVirtual8_4820204870',0,'2018-03-05 00:37:00',NULL,0),(165,'playerVirtual6','playerVirtual6_6274355716',0,'2018-03-05 00:37:04',NULL,0),(166,'playerVirtual6','playerVirtual6_6274355716',0,'2018-03-05 00:37:04',NULL,0),(167,'playerVirtual2','playerVirtual2_38676294',0,'2018-03-05 00:37:25',NULL,0),(168,'playerVirtual2','playerVirtual2_38676294',0,'2018-03-05 00:37:25',NULL,0),(169,'playerVirtual10','playerVirtual10_868120a9d6',4,'2018-03-05 00:37:51',NULL,0),(170,'playerVirtual8','playerVirtual8_c192a0081a',4,'2018-03-05 00:38:00',NULL,0),(171,'playerVirtual6','playerVirtual6_023d4b25a7',3,'2018-03-05 00:38:04',NULL,0),(172,'playerVirtual2','playerVirtual2_ffa934165b',4,'2018-03-05 00:38:25',NULL,0),(173,'playerVirtual1184','playerVirtual1184_5623125514',0,'2018-03-05 00:38:39',NULL,0),(174,'playerVirtual9','playerVirtual9_284757920',0,'2018-03-05 00:38:41',NULL,0),(175,'playerVirtual9','playerVirtual9_284757920',0,'2018-03-05 00:38:41',NULL,0),(176,'playerVirtual4','playerVirtual4_182859403',0,'2018-03-05 00:38:46',NULL,0),(177,'playerVirtual4','playerVirtual4_182859403',0,'2018-03-05 00:38:47',NULL,0),(178,'playerVirtual1184','playerVirtual1184_56d5440432',3,'2018-03-05 00:39:39',NULL,0),(179,'playerVirtual9','playerVirtual9_9a90901ecf',3,'2018-03-05 00:39:41',NULL,0),(180,'playerVirtual7','playerVirtual7_990694203',0,'2018-03-05 00:39:41',NULL,0),(181,'playerVirtual4','playerVirtual4_bf0063fdcd',3,'2018-03-05 00:39:46',NULL,0),(182,'playerVirtual5','playerVirtual5_990694203',0,'2018-03-05 00:40:07',NULL,0),(183,'playerVirtual5','playerVirtual5_990694203',0,'2018-03-05 00:40:07',NULL,0),(184,'playerVirtual7','playerVirtual7_f3eac000b5',4,'2018-03-05 00:40:41',NULL,0),(185,'playerVirtual5','playerVirtual5_1fb34bf5f6',3,'2018-03-05 00:41:07',NULL,0),(186,'playerVirtual3','playerVirtual3_4820204870',1,'2018-03-05 00:42:04',NULL,0),(187,'playerVirtual3','playerVirtual3_1bda5a5650',4,'2018-03-05 00:42:04',NULL,0),(188,'playerVirtual3','playerVirtual3_4820204870',1,'2018-03-05 00:42:04',NULL,0),(189,'playerVirtual11','playerVirtual11_f78527ff85',4,'2018-03-05 00:42:51',NULL,0),(190,'playerVirtual6','playerVirtual6_4476462938',0,'2018-03-05 00:42:53',NULL,0),(191,'playerVirtual6','playerVirtual6_4476462938',0,'2018-03-05 00:42:54',NULL,0),(192,'playerVirtual9','playerVirtual9_2359368952',0,'2018-03-05 00:42:58',NULL,0),(193,'playerVirtual9','playerVirtual9_2359368952',0,'2018-03-05 00:42:59',NULL,0),(194,'playerVirtual4','playerVirtual4_182859403',1,'2018-03-05 00:43:14',NULL,0),(195,'playerVirtual4','playerVirtual4_3a994edc81',4,'2018-03-05 00:43:15',NULL,0),(196,'playerVirtual4','playerVirtual4_182859403',1,'2018-03-05 00:43:15',NULL,0),(197,'playerVirtual2','playerVirtual2_272887063',0,'2018-03-05 00:43:31',NULL,0),(198,'playerVirtual2','playerVirtual2_272887063',0,'2018-03-05 00:43:31',NULL,0),(199,'playerVirtual6','playerVirtual6_9dffd67576',4,'2018-03-05 00:43:53',NULL,0),(200,'playerVirtual9','playerVirtual9_49f7852c60',4,'2018-03-05 00:43:59',NULL,0),(201,'playerVirtual8','playerVirtual8_6280643141',0,'2018-03-05 00:44:02',NULL,0),(202,'playerVirtual8','playerVirtual8_6280643141',0,'2018-03-05 00:44:02',NULL,0),(203,'playerVirtual5','playerVirtual5_83d2fbaec6',4,'2018-03-05 00:44:12',NULL,0),(204,'playerVirtual2','playerVirtual2_d69140a727',3,'2018-03-05 00:44:31',NULL,0),(205,'playerVirtual8','playerVirtual8_d14a7509f7',3,'2018-03-05 00:45:02',NULL,0),(206,'playerVirtual1489','playerVirtual1489_d57ab79ed1',4,'2018-03-05 00:45:04',NULL,0),(207,'playerVirtual10','playerVirtual10_6280638724',0,'2018-03-05 00:45:36',NULL,0),(208,'playerVirtual10','playerVirtual10_6280638724',0,'2018-03-05 00:45:36',NULL,0),(209,'playerVirtual7','playerVirtual7_86cc282ad5',3,'2018-03-05 00:45:41',NULL,0),(210,'playerVirtual3','playerVirtual3_77060384e9',3,'2018-03-05 00:45:50',NULL,0),(211,'playerVirtual10','playerVirtual10_509b788635',3,'2018-03-05 00:46:36',NULL,0),(212,'playerVirtual12','playerVirtual12_23bd78152c',4,'2018-03-05 00:47:48',NULL,0),(213,'playerVirtual6','playerVirtual6_214880781',0,'2018-03-05 00:48:30',NULL,0),(214,'playerVirtual6','playerVirtual6_214880781',0,'2018-03-05 00:48:30',NULL,0),(215,'playerVirtual8','playerVirtual8_6641406',0,'2018-03-05 00:48:46',NULL,0),(216,'playerVirtual8','playerVirtual8_6641406',0,'2018-03-05 00:48:47',NULL,0),(217,'playerVirtual2','playerVirtual2_182859403',0,'2018-03-05 00:49:08',NULL,0),(218,'playerVirtual2','playerVirtual2_182859403',0,'2018-03-05 00:49:08',NULL,0),(219,'playerVirtual4','playerVirtual4_682797',0,'2018-03-05 00:49:09',NULL,0),(220,'playerVirtual4','playerVirtual4_682797',0,'2018-03-05 00:49:09',NULL,0),(221,'playerVirtual10','playerVirtual10_1438244924',0,'2018-03-05 00:49:29',NULL,0),(222,'playerVirtual10','playerVirtual10_1438244924',0,'2018-03-05 00:49:29',NULL,0),(223,'playerVirtual6','playerVirtual6_ed1e24f909',3,'2018-03-05 00:49:30',NULL,0),(224,'playerVirtual8','playerVirtual8_33e8d2d091',4,'2018-03-05 00:49:47',NULL,0),(225,'playerVirtual9','playerVirtual9_1094955',0,'2018-03-05 00:50:08',NULL,0),(226,'playerVirtual2','playerVirtual2_cdd910f108',4,'2018-03-05 00:50:08',NULL,0),(227,'playerVirtual9','playerVirtual9_1094955',0,'2018-03-05 00:50:08',NULL,0),(228,'playerVirtual4','playerVirtual4_585947954b',3,'2018-03-05 00:50:09',NULL,0),(229,'playerVirtual10','playerVirtual10_d7ae4639ee',4,'2018-03-05 00:50:29',NULL,0),(230,'playerVirtual5','playerVirtual5_16914091',0,'2018-03-05 00:50:37',NULL,0),(231,'playerVirtual5','playerVirtual5_16914091',0,'2018-03-05 00:50:37',NULL,0),(232,'playerVirtual7','playerVirtual7_6955737',0,'2018-03-05 00:51:00',NULL,0),(233,'playerVirtual11','playerVirtual11_1436323714',0,'2018-03-05 00:51:06',NULL,0),(234,'playerVirtual11','playerVirtual11_1436323714',0,'2018-03-05 00:51:07',NULL,0),(235,'playerVirtual9','playerVirtual9_9a5cddabaf',3,'2018-03-05 00:51:08',NULL,0),(236,'playerVirtual5','playerVirtual5_6940bff5f4',3,'2018-03-05 00:51:37',NULL,0),(237,'playerVirtual7','playerVirtual7_9f671ee710',4,'2018-03-05 00:52:00',NULL,0),(238,'playerVirtual11','playerVirtual11_a8c92404f6',3,'2018-03-05 00:52:06',NULL,0),(239,'playerVirtual3','playerVirtual3_6955737',0,'2018-03-05 00:52:35',NULL,0),(240,'playerVirtual3','playerVirtual3_6955737',0,'2018-03-05 00:52:35',NULL,0),(241,'playerVirtual13','playerVirtual13_53e6a684ca',4,'2018-03-05 00:52:52',NULL,0),(242,'playerVirtual3','playerVirtual3_39e5fc4575',4,'2018-03-05 00:53:35',NULL,0),(243,'playerVirtual4','playerVirtual4_6289355687',0,'2018-03-05 00:55:38',NULL,0),(244,'playerVirtual4','playerVirtual4_6289355687',0,'2018-03-05 00:55:38',NULL,0),(245,'playerVirtual11','playerVirtual11_1436344784',0,'2018-03-05 00:55:39',NULL,0),(246,'playerVirtual11','playerVirtual11_1436344784',0,'2018-03-05 00:55:39',NULL,0),(247,'playerVirtual6','playerVirtual6_2381571381',0,'2018-03-05 00:55:41',NULL,0),(248,'playerVirtual6','playerVirtual6_2381571381',0,'2018-03-05 00:55:42',NULL,0),(249,'playerVirtual2','playerVirtual2_ffb47f07fb',3,'2018-03-05 00:55:48',NULL,0),(250,'playerVirtual1793','playerVirtual1793_3b6f0bb43e',4,'2018-03-05 00:56:00',NULL,0),(251,'playerVirtual9','playerVirtual9_1438244924',0,'2018-03-05 00:56:26',NULL,0),(252,'playerVirtual9','playerVirtual9_1438244924',0,'2018-03-05 00:56:27',NULL,0),(253,'playerVirtual4','playerVirtual4_dd3f673262',4,'2018-03-05 00:56:38',NULL,0),(254,'playerVirtual11','playerVirtual11_593e814aa7',4,'2018-03-05 00:56:39',NULL,0),(255,'playerVirtual6','playerVirtual6_dc808cfd78',4,'2018-03-05 00:56:42',NULL,0),(256,'playerVirtual5','playerVirtual5_6289704471',0,'2018-03-05 00:56:42',NULL,0),(257,'playerVirtual5','playerVirtual5_6289704471',0,'2018-03-05 00:56:43',NULL,0),(258,'playerVirtual8','playerVirtual8_2378747961',0,'2018-03-05 00:56:52',NULL,0),(259,'playerVirtual8','playerVirtual8_2378747961',0,'2018-03-05 00:56:52',NULL,0),(260,'playerVirtual7','playerVirtual7_9e951467e6',3,'2018-03-05 00:57:03',NULL,0),(261,'playerVirtual9','playerVirtual9_a160b77936',4,'2018-03-05 00:57:27',NULL,0),(262,'playerVirtual12','playerVirtual12_3338579772',0,'2018-03-05 00:57:27',NULL,0),(263,'playerVirtual12','playerVirtual12_3338579772',0,'2018-03-05 00:57:27',NULL,0),(264,'playerVirtual3','playerVirtual3_3338579772',1,'2018-03-05 00:57:29',NULL,0),(265,'playerVirtual3','playerVirtual3_a7fdb942f8',3,'2018-03-05 00:57:29',NULL,0),(266,'playerVirtual3','playerVirtual3_3338579772',1,'2018-03-05 00:57:30',NULL,0),(267,'playerVirtual5','playerVirtual5_8d45cb79cc',4,'2018-03-05 00:57:43',NULL,0),(268,'playerVirtual8','playerVirtual8_7c3593657c',3,'2018-03-05 00:57:52',NULL,0),(269,'playerVirtual14','playerVirtual14_e4b0fa7fb2',4,'2018-03-05 00:57:52',NULL,0),(270,'playerVirtual12','playerVirtual12_86e8827288',3,'2018-03-05 00:58:27',NULL,0),(271,'playerVirtual10','playerVirtual10_e5b99620a1',3,'2018-03-05 00:59:03',NULL,0),(272,'playerVirtual2','playerVirtual2_1438244924',1,'2018-03-05 01:00:45',NULL,0),(273,'playerVirtual2','playerVirtual2_a56dccba34',4,'2018-03-05 01:00:46',NULL,0),(274,'playerVirtual2','playerVirtual2_1438244924',1,'2018-03-05 01:00:46',NULL,0),(275,'playerVirtual15','playerVirtual15_809a336333',4,'2018-03-05 01:02:54',NULL,0),(276,'playerVirtual8','playerVirtual8_2378747961',1,'2018-03-05 01:03:06',NULL,0),(277,'playerVirtual8','playerVirtual8_ab53eb7971',4,'2018-03-05 01:03:06',NULL,0),(278,'playerVirtual8','playerVirtual8_2378747961',1,'2018-03-05 01:03:06',NULL,0),(279,'playerVirtual13','playerVirtual13_794070039',0,'2018-03-05 01:03:45',NULL,0),(280,'playerVirtual13','playerVirtual13_794070039',0,'2018-03-05 01:03:46',NULL,0),(281,'playerVirtual6','playerVirtual6_6274355716',1,'2018-03-05 01:04:23',NULL,0),(282,'playerVirtual6','playerVirtual6_fce95f8a96',3,'2018-03-05 01:04:24',NULL,0),(283,'playerVirtual6','playerVirtual6_6274355716',1,'2018-03-05 01:04:27',NULL,0),(284,'playerVirtual13','playerVirtual13_673ac999b5',3,'2018-03-05 01:04:45',NULL,0),(285,'playerVirtual4','playerVirtual4_6296268057',0,'2018-03-05 01:05:03',NULL,0),(286,'playerVirtual4','playerVirtual4_6296268057',0,'2018-03-05 01:05:03',NULL,0),(287,'playerVirtual3','playerVirtual3_1095593',1,'2018-03-05 01:05:44',NULL,0),(288,'playerVirtual3','playerVirtual3_ec16c86cce',4,'2018-03-05 01:05:44',NULL,0),(289,'playerVirtual3','playerVirtual3_1095593',1,'2018-03-05 01:05:44',NULL,0),(290,'playerVirtual12','playerVirtual12_5297461910',0,'2018-03-05 01:05:53',NULL,0),(291,'playerVirtual12','playerVirtual12_5297461910',0,'2018-03-05 01:05:54',NULL,0),(292,'playerVirtual4','playerVirtual4_be88a5b115',3,'2018-03-05 01:06:03',NULL,0),(293,'playerVirtual2','playerVirtual2_b510591b12',3,'2018-03-05 01:06:36',NULL,0),(294,'playerVirtual12','playerVirtual12_ffeac92db5',4,'2018-03-05 01:06:54',NULL,0),(295,'playerVirtual7','playerVirtual7_182859403',0,'2018-03-05 01:07:10',NULL,0),(296,'playerVirtual11','playerVirtual11_6296865278',0,'2018-03-05 01:07:11',NULL,0),(297,'playerVirtual11','playerVirtual11_6296865278',0,'2018-03-05 01:07:12',NULL,0),(298,'playerVirtual16','playerVirtual16_9c3ce02597',4,'2018-03-05 01:07:51',NULL,0),(299,'playerVirtual9','playerVirtual9_6264344062',0,'2018-03-05 01:07:56',NULL,0),(300,'playerVirtual9','playerVirtual9_6264344062',0,'2018-03-05 01:07:56',NULL,0),(301,'playerVirtual7','playerVirtual7_8c9ecaefd6',4,'2018-03-05 01:08:10',NULL,0),(302,'playerVirtual11','playerVirtual11_164c7c0f99',3,'2018-03-05 01:08:11',NULL,0),(303,'playerVirtual10','playerVirtual10_6289704471',0,'2018-03-05 01:08:37',NULL,0),(304,'playerVirtual5','playerVirtual5_990694203',0,'2018-03-05 01:08:39',NULL,0),(305,'playerVirtual5','playerVirtual5_e64f9e72d4',3,'2018-03-05 01:08:40',NULL,0),(306,'playerVirtual10','playerVirtual10_6289704471',0,'2018-03-05 01:08:40',NULL,0),(307,'playerVirtual5','playerVirtual5_990694203',0,'2018-03-05 01:08:40',NULL,0),(308,'playerVirtual9','playerVirtual9_4d5e7d6a80',3,'2018-03-05 01:08:56',NULL,0),(309,'playerVirtual10','playerVirtual10_e4cbea027f',4,'2018-03-05 01:09:35',NULL,0),(310,'playerVirtual1835','playerVirtual1835_1b3cc5d8dc',4,'2018-03-05 01:09:42',NULL,0),(311,'playerVirtual2','playerVirtual2_6264344062',1,'2018-03-05 01:12:27',NULL,0),(312,'playerVirtual2','playerVirtual2_d7d45b6cc7',4,'2018-03-05 01:12:27',NULL,0),(313,'playerVirtual2','playerVirtual2_6264344062',1,'2018-03-05 01:12:27',NULL,0),(314,'playerVirtual13','playerVirtual13_908315',0,'2018-03-05 01:12:47',NULL,0),(315,'playerVirtual17','playerVirtual17_913cf9ad13',4,'2018-03-05 01:12:50',NULL,0),(316,'playerVirtual13','playerVirtual13_908315',0,'2018-03-05 01:12:52',NULL,0),(317,'playerVirtual7','playerVirtual7_0fee75d5f3',3,'2018-03-05 01:13:10',NULL,0),(318,'playerVirtual14','playerVirtual14_6301942525',0,'2018-03-05 01:13:13',NULL,0),(319,'playerVirtual14','playerVirtual14_6301942525',0,'2018-03-05 01:13:13',NULL,0),(320,'playerVirtual5','playerVirtual5_1b91574cef',4,'2018-03-05 01:13:42',NULL,0),(321,'playerVirtual13','playerVirtual13_cc98330115',4,'2018-03-05 01:13:45',NULL,0),(322,'playerVirtual14','playerVirtual14_0a885570b6',3,'2018-03-05 01:14:13',NULL,0),(323,'playerVirtual6','playerVirtual6_182859403',0,'2018-03-05 01:15:34',NULL,0),(324,'playerVirtual6','playerVirtual6_182859403',0,'2018-03-05 01:15:34',NULL,0),(325,'playerVirtual3','playerVirtual3_539194189',0,'2018-03-05 01:16:29',NULL,0),(326,'playerVirtual3','playerVirtual3_539194189',0,'2018-03-05 01:16:30',NULL,0),(327,'playerVirtual6','playerVirtual6_52bb3941dd',4,'2018-03-05 01:16:34',NULL,0),(328,'playerVirtual8','playerVirtual8_6274355716',0,'2018-03-05 01:16:38',NULL,0),(329,'playerVirtual8','playerVirtual8_6274355716',0,'2018-03-05 01:16:38',NULL,0),(330,'playerVirtual3','playerVirtual3_f1d25cc0dd',3,'2018-03-05 01:17:29',NULL,0),(331,'playerVirtual8','playerVirtual8_b1d0c16584',3,'2018-03-05 01:17:38',NULL,0),(332,'playerVirtual18','playerVirtual18_61a14b6f32',4,'2018-03-05 01:17:51',NULL,0),(333,'playerVirtual4','playerVirtual4_4246147567',0,'2018-03-05 01:18:08',NULL,0),(334,'playerVirtual4','playerVirtual4_4246147567',0,'2018-03-05 01:18:08',NULL,0),(335,'playerVirtual2','playerVirtual2_1436344784',1,'2018-03-05 01:18:23',NULL,0),(336,'playerVirtual2','playerVirtual2_7a5d3e2ea1',3,'2018-03-05 01:18:23',NULL,0),(337,'playerVirtual2','playerVirtual2_1436344784',1,'2018-03-05 01:18:23',NULL,0),(338,'playerVirtual11','playerVirtual11_4246147567',0,'2018-03-05 01:18:47',NULL,0),(339,'playerVirtual11','playerVirtual11_4246147567',0,'2018-03-05 01:18:47',NULL,0),(340,'playerVirtual4','playerVirtual4_cf16f8748a',4,'2018-03-05 01:19:11',NULL,0),(341,'playerVirtual10','playerVirtual10_6289704471',1,'2018-03-05 01:19:13',NULL,0),(342,'playerVirtual10','playerVirtual10_bdcdd34da9',3,'2018-03-05 01:19:13',NULL,0),(343,'playerVirtual10','playerVirtual10_6289704471',1,'2018-03-05 01:19:13',NULL,0),(344,'playerVirtual9','playerVirtual9_4246147567',0,'2018-03-05 01:19:47',NULL,0),(345,'playerVirtual9','playerVirtual9_4246147567',0,'2018-03-05 01:19:47',NULL,0),(346,'playerVirtual11','playerVirtual11_75302825a2',4,'2018-03-05 01:19:47',NULL,0),(347,'playerVirtual15','playerVirtual15_1095593',0,'2018-03-05 01:20:06',NULL,0),(348,'playerVirtual15','playerVirtual15_1095593',0,'2018-03-05 01:20:07',NULL,0),(349,'playerVirtual12','playerVirtual12_6289704471',0,'2018-03-05 01:20:17',NULL,0),(350,'playerVirtual12','playerVirtual12_6289704471',0,'2018-03-05 01:20:18',NULL,0),(351,'playerVirtual9','playerVirtual9_93fd7958c8',4,'2018-03-05 01:20:47',NULL,0),(352,'playerVirtual14','playerVirtual14_2378747961',0,'2018-03-05 01:20:49',NULL,0),(353,'playerVirtual14','playerVirtual14_2378747961',0,'2018-03-05 01:20:50',NULL,0),(354,'playerVirtual15','playerVirtual15_291e9bc8d6',3,'2018-03-05 01:21:06',NULL,0),(355,'playerVirtual12','playerVirtual12_ccb9f71888',3,'2018-03-05 01:21:19',NULL,0),(356,'playerVirtual14','playerVirtual14_e9c039a7b9',4,'2018-03-05 01:21:50',NULL,0),(357,'playerVirtual15','playerVirtual15_1095593',1,'2018-03-05 01:22:22',NULL,0),(358,'playerVirtual15','playerVirtual15_07e12a386c',4,'2018-03-05 01:22:22',NULL,0),(359,'playerVirtual15','playerVirtual15_1095593',1,'2018-03-05 01:22:23',NULL,0),(360,'playerVirtual19','playerVirtual19_7b6550c875',4,'2018-03-05 01:22:57',NULL,0),(361,'playerVirtual7','playerVirtual7_add35493a7',4,'2018-03-05 01:25:46',NULL,0),(362,'playerVirtual5','playerVirtual5_6289704471',1,'2018-03-05 01:25:58',NULL,0),(363,'playerVirtual5','playerVirtual5_048e0ce5c1',3,'2018-03-05 01:25:58',NULL,0),(364,'playerVirtual5','playerVirtual5_6289704471',1,'2018-03-05 01:25:58',NULL,0),(365,'playerVirtual8','playerVirtual8_4246147567',0,'2018-03-05 01:26:07',NULL,0),(366,'playerVirtual8','playerVirtual8_4246147567',0,'2018-03-05 01:26:07',NULL,0),(367,'playerVirtual8','playerVirtual8_5533ec4c80',4,'2018-03-05 01:27:07',NULL,0),(368,'playerVirtual6','playerVirtual6_6316827871',0,'2018-03-05 01:27:17',NULL,0),(369,'playerVirtual6','playerVirtual6_6316827871',0,'2018-03-05 01:27:18',NULL,0),(370,'playerVirtual13','playerVirtual13_4246147567',0,'2018-03-05 01:27:35',NULL,0),(371,'playerVirtual4','playerVirtual4_4246147567',1,'2018-03-05 01:27:37',NULL,0),(372,'playerVirtual4','playerVirtual4_5042d5caaf',3,'2018-03-05 01:27:37',NULL,0),(373,'playerVirtual2','playerVirtual2_182859403',1,'2018-03-05 01:27:39',NULL,0),(374,'playerVirtual2','playerVirtual2_e5c7d2c91f',4,'2018-03-05 01:27:39',NULL,0),(375,'playerVirtual13','playerVirtual13_4246147567',0,'2018-03-05 01:27:40',NULL,0),(376,'playerVirtual4','playerVirtual4_4246147567',1,'2018-03-05 01:27:41',NULL,0),(377,'playerVirtual2','playerVirtual2_182859403',1,'2018-03-05 01:27:41',NULL,0),(378,'playerVirtual16','playerVirtual16_4246147567',0,'2018-03-05 01:27:46',NULL,0),(379,'playerVirtual16','playerVirtual16_4246147567',0,'2018-03-05 01:27:46',NULL,0),(380,'playerVirtual6','playerVirtual6_3e155ce26b',3,'2018-03-05 01:28:17',NULL,0),(381,'playerVirtual13','playerVirtual13_e6d0ecb936',3,'2018-03-05 01:28:33',NULL,0),(382,'playerVirtual3','playerVirtual3_5068098508',0,'2018-03-05 01:28:44',NULL,0),(383,'playerVirtual3','playerVirtual3_5068098508',0,'2018-03-05 01:28:45',NULL,0),(384,'playerVirtual16','playerVirtual16_c789e955cc',3,'2018-03-05 01:28:46',NULL,0),(385,'playerVirtual3','playerVirtual3_e7f270c02f',4,'2018-03-05 01:29:46',NULL,0),(386,'playerVirtual16','playerVirtual16_4246147567',1,'2018-03-05 01:29:48',NULL,0),(387,'playerVirtual16','playerVirtual16_b65d75be5e',4,'2018-03-05 01:29:48',NULL,0),(388,'playerVirtual16','playerVirtual16_4246147567',1,'2018-03-05 01:29:48',NULL,0),(389,'playerVirtual11','playerVirtual11_4246147567',1,'2018-03-05 01:30:19',NULL,0),(390,'playerVirtual11','playerVirtual11_37938fcac6',3,'2018-03-05 01:30:20',NULL,0),(391,'playerVirtual11','playerVirtual11_4246147567',1,'2018-03-05 01:30:20',NULL,0),(392,'playerVirtual12','playerVirtual12_4246147567',0,'2018-03-05 01:30:32',NULL,0),(393,'playerVirtual12','playerVirtual12_4246147567',0,'2018-03-05 01:30:32',NULL,0),(394,'playerVirtual9','playerVirtual9_4246147567',1,'2018-03-05 01:31:16',NULL,0),(395,'playerVirtual9','playerVirtual9_ad71bb3c7d',3,'2018-03-05 01:31:17',NULL,0),(396,'playerVirtual9','playerVirtual9_4246147567',1,'2018-03-05 01:31:17',NULL,0),(397,'playerVirtual12','playerVirtual12_c16568a218',4,'2018-03-05 01:31:32',NULL,0),(398,'playerVirtual5','playerVirtual5_33f4d45399',4,'2018-03-05 01:31:50',NULL,0),(399,'playerVirtual10','playerVirtual10_4246147567',0,'2018-03-05 01:31:59',NULL,0),(400,'playerVirtual10','playerVirtual10_4246147567',0,'2018-03-05 01:32:00',NULL,0),(401,'playerVirtual1088','playerVirtual1088_ab42d3fa99',4,'2018-03-05 01:32:16',NULL,0),(402,'playerVirtual10','playerVirtual10_737794ffc7',4,'2018-03-05 01:33:00',NULL,0),(403,'playerVirtual17','playerVirtual17_4246147567',0,'2018-03-05 01:33:22',NULL,0),(404,'playerVirtual17','playerVirtual17_fda1b0bee5',3,'2018-03-05 01:34:22',NULL,0),(405,'playerVirtual17','playerVirtual17_5e2a340b81',4,'2018-03-05 01:35:23',NULL,0),(406,'playerVirtual13','playerVirtual13_4246147567',1,'2018-03-05 01:36:32',NULL,0),(407,'playerVirtual13','playerVirtual13_4857e233f6',4,'2018-03-05 01:36:32',NULL,0),(408,'playerVirtual13','playerVirtual13_4246147567',1,'2018-03-05 01:36:33',NULL,0),(409,'playerVirtual7','playerVirtual7_1095593',0,'2018-03-05 01:36:37',NULL,0),(410,'playerVirtual2','playerVirtual2_539194189',1,'2018-03-05 01:37:07',NULL,0),(411,'playerVirtual2','playerVirtual2_ef06e2f090',3,'2018-03-05 01:37:08',NULL,0),(412,'playerVirtual2','playerVirtual2_539194189',1,'2018-03-05 01:37:12',NULL,0),(413,'playerVirtual7','playerVirtual7_8873fd097a',3,'2018-03-05 01:37:37',NULL,0),(414,'playerVirtual14','playerVirtual14_4246147567',0,'2018-03-05 01:38:05',NULL,0),(415,'playerVirtual14','playerVirtual14_4246147567',0,'2018-03-05 01:38:05',NULL,0),(416,'playerVirtual14','playerVirtual14_b70f546e59',3,'2018-03-05 01:39:05',NULL,0),(417,'playerVirtual18','playerVirtual18_990694203',0,'2018-03-05 01:39:17',NULL,0),(418,'playerVirtual18','playerVirtual18_990694203',0,'2018-03-05 01:39:18',NULL,0),(419,'playerVirtual18','playerVirtual18_7995eb9be1',3,'2018-03-05 01:40:16',NULL,0),(420,'playerVirtual8','playerVirtual8_4246147567',1,'2018-03-05 01:40:39',NULL,0),(421,'playerVirtual8','playerVirtual8_e89460cb23',3,'2018-03-05 01:40:39',NULL,0),(422,'playerVirtual8','playerVirtual8_4246147567',1,'2018-03-05 01:40:39',NULL,0),(423,'playerVirtual6','playerVirtual6_6322213339',0,'2018-03-05 01:41:03',NULL,0),(424,'playerVirtual6','playerVirtual6_6322213339',0,'2018-03-05 01:41:03',NULL,0),(425,'playerVirtual18','playerVirtual18_990694203',1,'2018-03-05 01:41:15',NULL,0),(426,'playerVirtual18','playerVirtual18_99dbb86871',4,'2018-03-05 01:41:16',NULL,0),(427,'playerVirtual18','playerVirtual18_990694203',1,'2018-03-05 01:41:16',NULL,0),(428,'playerVirtual6','playerVirtual6_c7accf3194',4,'2018-03-05 01:42:03',NULL,0),(429,'playerVirtual3','playerVirtual3_4246147567',0,'2018-03-05 01:42:04',NULL,0),(430,'playerVirtual3','playerVirtual3_4246147567',0,'2018-03-05 01:42:04',NULL,0),(431,'playerVirtual4','playerVirtual4_359920779',1,'2018-03-05 01:42:08',NULL,0),(432,'playerVirtual4','playerVirtual4_9e9e370966',4,'2018-03-05 01:42:08',NULL,0),(433,'playerVirtual4','playerVirtual4_359920779',1,'2018-03-05 01:42:08',NULL,0),(434,'playerVirtual10','playerVirtual10_4246147567',1,'2018-03-05 01:42:38',NULL,0),(435,'playerVirtual10','playerVirtual10_69638f32ed',3,'2018-03-05 01:42:38',NULL,0),(436,'playerVirtual10','playerVirtual10_4246147567',1,'2018-03-05 01:42:38',NULL,0),(437,'playerVirtual3','playerVirtual3_a50eda636a',3,'2018-03-05 01:43:04',NULL,0),(438,'playerVirtual11','playerVirtual11_4246147567',0,'2018-03-05 01:43:35',NULL,0),(439,'playerVirtual11','playerVirtual11_492c8c86a7',4,'2018-03-05 01:43:35',NULL,0),(440,'playerVirtual11','playerVirtual11_4246147567',0,'2018-03-05 01:43:35',NULL,0),(441,'playerVirtual15','playerVirtual15_4246147567',0,'2018-03-05 01:44:13',NULL,0),(442,'playerVirtual15','playerVirtual15_4246147567',0,'2018-03-05 01:44:14',NULL,0),(443,'playerVirtual9','playerVirtual9_4246147567',0,'2018-03-05 01:44:48',NULL,0),(444,'playerVirtual9','playerVirtual9_49ab5f4ff6',4,'2018-03-05 01:44:48',NULL,0),(445,'playerVirtual9','playerVirtual9_4246147567',0,'2018-03-05 01:44:48',NULL,0),(446,'playerVirtual12','playerVirtual12_4246147567',1,'2018-03-05 01:44:55',NULL,0),(447,'playerVirtual12','playerVirtual12_b0ebbb1b48',3,'2018-03-05 01:44:55',NULL,0),(448,'playerVirtual12','playerVirtual12_4246147567',1,'2018-03-05 01:44:56',NULL,0),(449,'playerVirtual15','playerVirtual15_e93ae60252',3,'2018-03-05 01:45:13',NULL,0),(450,'playerVirtual19','playerVirtual19_4246147567',0,'2018-03-05 01:45:17',NULL,0),(451,'playerVirtual19','playerVirtual19_4246147567',0,'2018-03-05 01:45:17',NULL,0),(452,'playerVirtual14','playerVirtual14_af6a725ebf',4,'2018-03-05 01:45:41',NULL,0),(453,'playerVirtual19','playerVirtual19_24aa56e4e5',3,'2018-03-05 01:46:17',NULL,0),(454,'playerVirtual15','playerVirtual15_4246147567',1,'2018-03-05 01:46:28',NULL,0),(455,'playerVirtual15','playerVirtual15_ee7e2797ba',4,'2018-03-05 01:46:28',NULL,0),(456,'playerVirtual15','playerVirtual15_4246147567',1,'2018-03-05 01:46:28',NULL,0),(457,'playerVirtual19','playerVirtual19_4246147567',1,'2018-03-05 01:47:18',NULL,0),(458,'playerVirtual19','playerVirtual19_bd216d1fc4',4,'2018-03-05 01:47:18',NULL,0),(459,'playerVirtual19','playerVirtual19_4246147567',1,'2018-03-05 01:47:19',NULL,0),(460,'playerVirtual5','playerVirtual5_4246147567',0,'2018-03-05 01:50:12',NULL,0),(461,'playerVirtual5','playerVirtual5_4246147567',0,'2018-03-05 01:50:13',NULL,0),(462,'playerVirtual5','playerVirtual5_116872fe4d',3,'2018-03-05 01:51:12',NULL,0),(463,'playerVirtual7','playerVirtual7_4246147567',0,'2018-03-05 01:52:17',NULL,0),(464,'playerVirtual16','playerVirtual16_359920779',0,'2018-03-05 01:52:29',NULL,0),(465,'playerVirtual16','playerVirtual16_359920779',0,'2018-03-05 01:52:29',NULL,0),(466,'playerVirtual2','playerVirtual2_4246147567',0,'2018-03-05 01:52:41',NULL,0),(467,'playerVirtual2','playerVirtual2_4246147567',0,'2018-03-05 01:52:42',NULL,0),(468,'playerVirtual8','playerVirtual8_6335261139',0,'2018-03-05 01:52:50',NULL,0),(469,'playerVirtual8','playerVirtual8_6335261139',0,'2018-03-05 01:52:50',NULL,0),(470,'playerVirtual7','playerVirtual7_369b6fb9f4',4,'2018-03-05 01:53:17',NULL,0),(471,'playerVirtual13','playerVirtual13_4246147567',0,'2018-03-05 01:53:25',NULL,0),(472,'playerVirtual13','playerVirtual13_48472b00c9',3,'2018-03-05 01:53:25',NULL,0),(473,'playerVirtual13','playerVirtual13_4246147567',0,'2018-03-05 01:53:25',NULL,0),(474,'playerVirtual16','playerVirtual16_8f67dd80d3',3,'2018-03-05 01:53:29',NULL,0),(475,'playerVirtual2','playerVirtual2_dd7b690575',4,'2018-03-05 01:53:41',NULL,0),(476,'playerVirtual4','playerVirtual4_4246147567',0,'2018-03-05 01:53:45',NULL,0),(477,'playerVirtual4','playerVirtual4_8828ee5b6b',3,'2018-03-05 01:53:45',NULL,0),(478,'playerVirtual4','playerVirtual4_4246147567',0,'2018-03-05 01:53:45',NULL,0),(479,'playerVirtual8','playerVirtual8_ce8f9b5ebd',4,'2018-03-05 01:53:50',NULL,0),(480,'playerVirtual11','playerVirtual11_4246147567',1,'2018-03-05 01:54:07',NULL,0),(481,'playerVirtual11','playerVirtual11_fbb5c4c9a3',3,'2018-03-05 01:54:08',NULL,0),(482,'playerVirtual11','playerVirtual11_4246147567',1,'2018-03-05 01:54:08',NULL,0),(483,'playerVirtual3','playerVirtual3_4246147567',1,'2018-03-05 01:54:17',NULL,0),(484,'playerVirtual3','playerVirtual3_c960f51f56',4,'2018-03-05 01:54:17',NULL,0),(485,'playerVirtual3','playerVirtual3_4246147567',1,'2018-03-05 01:54:18',NULL,0),(486,'playerVirtual6','playerVirtual6_4246147567',0,'2018-03-05 01:55:15',NULL,0),(487,'playerVirtual6','playerVirtual6_4246147567',0,'2018-03-05 01:55:16',NULL,0),(488,'playerVirtual9','playerVirtual9_4246147567',1,'2018-03-05 01:55:17',NULL,0),(489,'playerVirtual9','playerVirtual9_30bd4044b0',3,'2018-03-05 01:55:18',NULL,0),(490,'playerVirtual9','playerVirtual9_4246147567',1,'2018-03-05 01:55:18',NULL,0),(491,'playerVirtual1088','playerVirtual1088_4246147567',0,'2018-03-05 01:55:45',NULL,0),(492,'playerVirtual6','playerVirtual6_3b22d26f6a',3,'2018-03-05 01:56:16',NULL,0),(493,'playerVirtual1088','playerVirtual1088_aa23d87c82',3,'2018-03-05 01:56:45',NULL,0),(494,'playerVirtual5','playerVirtual5_4246147567',1,'2018-03-05 01:57:02',NULL,0),(495,'playerVirtual5','playerVirtual5_3cda0714a2',4,'2018-03-05 01:57:02',NULL,0),(496,'playerVirtual5','playerVirtual5_4246147567',1,'2018-03-05 01:57:02',NULL,0),(497,'playerVirtual12','playerVirtual12_4246147567',0,'2018-03-05 01:58:11',NULL,0),(498,'playerVirtual12','playerVirtual12_fe549e008f',4,'2018-03-05 01:58:11',NULL,0),(499,'playerVirtual12','playerVirtual12_4246147567',0,'2018-03-05 01:58:11',NULL,0),(500,'playerVirtual16','playerVirtual16_6344084916',0,'2018-03-05 01:58:24',NULL,0),(501,'playerVirtual16','playerVirtual16_6344084916',0,'2018-03-05 01:58:24',NULL,0),(502,'playerVirtual17','playerVirtual17_4246147567',0,'2018-03-05 01:59:03',NULL,0),(503,'playerVirtual17','playerVirtual17_5e5d94b1e7',3,'2018-03-05 01:59:03',NULL,0),(504,'playerVirtual16','playerVirtual16_f8ad4ff117',4,'2018-03-05 01:59:24',NULL,0),(505,'playerVirtual10','playerVirtual10_4246147567',0,'2018-03-05 01:59:25',NULL,0),(506,'playerVirtual10','playerVirtual10_fc8692fae1',4,'2018-03-05 01:59:25',NULL,0),(507,'playerVirtual10','playerVirtual10_4246147567',0,'2018-03-05 01:59:25',NULL,0),(508,'playerVirtual17','playerVirtual17_ae9a8c157d',4,'2018-03-05 02:00:04',NULL,0),(509,'playerVirtual13','playerVirtual13_4246147567',1,'2018-03-05 02:01:26',NULL,0),(510,'playerVirtual13','playerVirtual13_385d41ffbd',4,'2018-03-05 02:01:26',NULL,0),(511,'playerVirtual13','playerVirtual13_4246147567',1,'2018-03-05 02:01:32',NULL,0),(512,'playerVirtual2','playerVirtual2_4246147567',1,'2018-03-05 02:03:10',NULL,0),(513,'playerVirtual2','playerVirtual2_5d93cdf849',3,'2018-03-05 02:03:10',NULL,0),(514,'playerVirtual2','playerVirtual2_4246147567',1,'2018-03-05 02:03:10',NULL,0),(515,'playerVirtual7','playerVirtual7_b8485f9ad5',3,'2018-03-05 02:04:08',NULL,0),(516,'playerVirtual14','playerVirtual14_4246147567',0,'2018-03-05 02:05:58',NULL,0),(517,'playerVirtual18','playerVirtual18_4246147567',0,'2018-03-05 02:05:58',NULL,0),(518,'playerVirtual14','playerVirtual14_0a6547e000',3,'2018-03-05 02:05:58',NULL,0),(519,'playerVirtual14','playerVirtual14_4246147567',0,'2018-03-05 02:05:58',NULL,0),(520,'playerVirtual18','playerVirtual18_4246147567',0,'2018-03-05 02:05:59',NULL,0),(521,'playerVirtual18','playerVirtual18_53ea496fd7',3,'2018-03-05 02:06:58',NULL,0),(522,'playerVirtual3','playerVirtual3_5068098508',1,'2018-03-05 02:07:45',NULL,0),(523,'playerVirtual3','playerVirtual3_5b9f97586f',3,'2018-03-05 02:07:45',NULL,0),(524,'playerVirtual3','playerVirtual3_5068098508',1,'2018-03-05 02:07:46',NULL,0),(525,'playerVirtual18','playerVirtual18_4246147567',1,'2018-03-05 02:08:00',NULL,0),(526,'playerVirtual18','playerVirtual18_5214943c3b',4,'2018-03-05 02:08:00',NULL,0),(527,'playerVirtual18','playerVirtual18_4246147567',1,'2018-03-05 02:08:00',NULL,0),(528,'playerVirtual11','playerVirtual11_1436344784',1,'2018-03-05 02:08:19',NULL,0),(529,'playerVirtual11','playerVirtual11_8825f38114',4,'2018-03-05 02:08:19',NULL,0),(530,'playerVirtual11','playerVirtual11_1436344784',1,'2018-03-05 02:08:19',NULL,0),(531,'playerVirtual4','playerVirtual4_612c95df47',4,'2018-03-05 02:08:20',NULL,0),(532,'playerVirtual6','playerVirtual6_4246147567',1,'2018-03-05 02:09:01',NULL,0),(533,'playerVirtual6','playerVirtual6_886dbe0982',4,'2018-03-05 02:09:01',NULL,0),(534,'playerVirtual6','playerVirtual6_4246147567',1,'2018-03-05 02:09:01',NULL,0),(535,'playerVirtual10','playerVirtual10_4246147567',1,'2018-03-05 02:09:03',NULL,0),(536,'playerVirtual10','playerVirtual10_bd2089f30d',3,'2018-03-05 02:09:03',NULL,0),(537,'playerVirtual10','playerVirtual10_4246147567',1,'2018-03-05 02:09:03',NULL,0),(538,'playerVirtual8','playerVirtual8_4246147567',0,'2018-03-05 02:09:26',NULL,0),(539,'playerVirtual8','playerVirtual8_6841b139c5',3,'2018-03-05 02:09:26',NULL,0),(540,'playerVirtual8','playerVirtual8_4246147567',0,'2018-03-05 02:09:27',NULL,0),(541,'playerVirtual12','playerVirtual12_4246147567',1,'2018-03-05 02:11:34',NULL,0),(542,'playerVirtual12','playerVirtual12_f77bd95f3b',3,'2018-03-05 02:11:34',NULL,0),(543,'playerVirtual12','playerVirtual12_4246147567',1,'2018-03-05 02:11:35',NULL,0),(544,'playerVirtual15','playerVirtual15_4246147567',0,'2018-03-05 02:12:20',NULL,0),(545,'playerVirtual15','playerVirtual15_93ddbe1316',3,'2018-03-05 02:12:20',NULL,0),(546,'playerVirtual15','playerVirtual15_4246147567',0,'2018-03-05 02:12:20',NULL,0),(547,'playerVirtual14','playerVirtual14_bee07609ac',4,'2018-03-05 02:12:35',NULL,0),(548,'playerVirtual9','playerVirtual9_990694203',0,'2018-03-05 02:12:35',NULL,0),(549,'playerVirtual9','playerVirtual9_990694203',0,'2018-03-05 02:12:36',NULL,0),(550,'playerVirtual15','playerVirtual15_4246147567',1,'2018-03-05 02:13:34',NULL,0),(551,'playerVirtual15','playerVirtual15_17bfdf0b86',4,'2018-03-05 02:13:34',NULL,0),(552,'playerVirtual15','playerVirtual15_4246147567',1,'2018-03-05 02:13:34',NULL,0),(553,'playerVirtual9','playerVirtual9_9e04695829',4,'2018-03-05 02:13:35',NULL,0),(554,'playerVirtual19','playerVirtual19_4246147567',0,'2018-03-05 02:13:37',NULL,0),(555,'playerVirtual19','playerVirtual19_45789b6342',3,'2018-03-05 02:13:37',NULL,0),(556,'playerVirtual19','playerVirtual19_4246147567',0,'2018-03-05 02:13:37',NULL,0),(557,'playerVirtual19','playerVirtual19_4246147567',1,'2018-03-05 02:14:38',NULL,0),(558,'playerVirtual19','playerVirtual19_912818ed27',4,'2018-03-05 02:14:38',NULL,0),(559,'playerVirtual19','playerVirtual19_4246147567',1,'2018-03-05 02:14:39',NULL,0),(560,'playerVirtual5','playerVirtual5_4246147567',0,'2018-03-05 02:19:13',NULL,0),(561,'playerVirtual5','playerVirtual5_32bffafe5f',3,'2018-03-05 02:19:14',NULL,0),(562,'playerVirtual5','playerVirtual5_4246147567',0,'2018-03-05 02:19:14',NULL,0),(563,'playerVirtual8','playerVirtual8_4246147567',1,'2018-03-05 02:21:39',NULL,0),(564,'playerVirtual8','playerVirtual8_b4ce5fa3b3',4,'2018-03-05 02:21:39',NULL,0),(565,'playerVirtual8','playerVirtual8_4246147567',1,'2018-03-05 02:21:40',NULL,0),(566,'playerVirtual2','playerVirtual2_272887063',1,'2018-03-05 02:22:01',NULL,0),(567,'playerVirtual2','playerVirtual2_58f9151556',4,'2018-03-05 02:22:02',NULL,0),(568,'playerVirtual2','playerVirtual2_272887063',1,'2018-03-05 02:22:03',NULL,0),(569,'playerVirtual13','playerVirtual13_4246147567',0,'2018-03-05 02:22:18',NULL,0),(570,'playerVirtual13','playerVirtual13_4ae94f5c6d',3,'2018-03-05 02:22:18',NULL,0),(571,'playerVirtual13','playerVirtual13_4246147567',0,'2018-03-05 02:22:18',NULL,0),(572,'playerVirtual7','playerVirtual7_6566788',0,'2018-03-05 02:22:22',NULL,0),(573,'playerVirtual16','playerVirtual16_272887063',0,'2018-03-05 02:22:50',NULL,0),(574,'playerVirtual16','playerVirtual16_272887063',0,'2018-03-05 02:22:51',NULL,0),(575,'playerVirtual7','playerVirtual7_92310f04ac',4,'2018-03-05 02:23:22',NULL,0),(576,'playerVirtual3','playerVirtual3_4246147567',0,'2018-03-05 02:23:22',NULL,0),(577,'playerVirtual3','playerVirtual3_111651530d',4,'2018-03-05 02:23:23',NULL,0),(578,'playerVirtual3','playerVirtual3_4246147567',0,'2018-03-05 02:23:23',NULL,0),(579,'playerVirtual4','playerVirtual4_6566788',0,'2018-03-05 02:23:30',NULL,0),(580,'playerVirtual4','playerVirtual4_6566788',0,'2018-03-05 02:23:30',NULL,0),(581,'playerVirtual11','playerVirtual11_4246147567',0,'2018-03-05 02:23:45',NULL,0),(582,'playerVirtual11','playerVirtual11_7c28dede05',3,'2018-03-05 02:23:45',NULL,0),(583,'playerVirtual11','playerVirtual11_4246147567',0,'2018-03-05 02:23:46',NULL,0),(584,'playerVirtual16','playerVirtual16_e15c757549',3,'2018-03-05 02:23:50',NULL,0),(585,'playerVirtual9','playerVirtual9_990694203',1,'2018-03-05 02:24:05',NULL,0),(586,'playerVirtual9','playerVirtual9_6efa5957d8',3,'2018-03-05 02:24:06',NULL,0),(587,'playerVirtual9','playerVirtual9_990694203',1,'2018-03-05 02:24:06',NULL,0),(588,'playerVirtual4','playerVirtual4_9cfc25c9a1',3,'2018-03-05 02:24:30',NULL,0),(589,'playerVirtual5','playerVirtual5_4246147567',1,'2018-03-05 02:25:03',NULL,0),(590,'playerVirtual5','playerVirtual5_19f1103f18',4,'2018-03-05 02:25:03',NULL,0),(591,'playerVirtual5','playerVirtual5_4246147567',1,'2018-03-05 02:25:03',NULL,0),(592,'playerVirtual6','playerVirtual6_4246147567',0,'2018-03-05 02:26:05',NULL,0),(593,'playerVirtual6','playerVirtual6_e97fa8a2ca',3,'2018-03-05 02:26:05',NULL,0),(594,'playerVirtual6','playerVirtual6_4246147567',0,'2018-03-05 02:26:05',NULL,0);
/*!40000 ALTER TABLE `REQUEST` ENABLE KEYS */;
UNLOCK TABLES;

--
-- Table structure for table `STATUS`
--

DROP TABLE IF EXISTS `STATUS`;
/*!40101 SET @saved_cs_client     = @@character_set_client */;
/*!40101 SET character_set_client = utf8 */;
CREATE TABLE `STATUS` (
  `id` int(11) NOT NULL AUTO_INCREMENT,
  `players` int(11) DEFAULT '0',
  `all_requests` int(11) DEFAULT '0',
  `accepts` int(11) DEFAULT '0',
  `rejects` int(11) DEFAULT '0',
  `fairness` float DEFAULT '0',
  `timestamp` timestamp NULL DEFAULT NULL,
  PRIMARY KEY (`id`)
) ENGINE=InnoDB AUTO_INCREMENT=32 DEFAULT CHARSET=utf8;
/*!40101 SET character_set_client = @saved_cs_client */;

--
-- Dumping data for table `STATUS`
--

LOCK TABLES `STATUS` WRITE;
/*!40000 ALTER TABLE `STATUS` DISABLE KEYS */;
INSERT INTO `STATUS` VALUES (1,0,0,0,0,0,'2018-03-04 23:56:40'),(2,2,4,3,1,0.75,'2018-03-05 00:01:40'),(3,3,10,8,2,0.8,'2018-03-05 00:06:40'),(4,5,15,10,5,0.666667,'2018-03-05 00:11:40'),(5,6,19,13,6,0.684211,'2018-03-05 00:16:41'),(6,8,24,17,7,0.708333,'2018-03-05 00:21:41'),(7,9,32,23,9,0.71875,'2018-03-05 00:26:41'),(8,10,37,28,9,0.756757,'2018-03-05 00:31:41'),(9,12,43,32,11,0.744186,'2018-03-05 00:36:41'),(10,13,49,37,12,0.755102,'2018-03-05 00:41:41'),(11,15,54,40,14,0.740741,'2018-03-05 00:46:41'),(12,16,62,46,16,0.741935,'2018-03-05 00:51:41'),(13,18,67,50,17,0.746269,'2018-03-05 00:56:42'),(14,19,70,53,17,0.757143,'2018-03-05 01:01:42'),(15,20,73,56,17,0.767123,'2018-03-05 01:06:42'),(16,22,77,60,17,0.779221,'2018-03-05 01:11:42'),(17,23,82,64,18,0.780488,'2018-03-05 01:16:42'),(18,24,88,69,19,0.784091,'2018-03-05 01:21:42'),(19,25,89,69,20,0.775281,'2018-03-05 01:26:42'),(20,26,94,73,21,0.776596,'2018-03-05 01:31:42'),(21,26,95,74,21,0.778947,'2018-03-05 01:36:43'),(22,26,98,75,23,0.765306,'2018-03-05 01:41:43'),(23,26,103,79,24,0.76699,'2018-03-05 01:46:43'),(24,26,104,79,25,0.759615,'2018-03-05 01:51:43'),(25,26,110,84,26,0.763636,'2018-03-05 01:56:43'),(26,26,113,87,26,0.769912,'2018-03-05 02:01:43'),(27,26,115,88,27,0.765217,'2018-03-05 02:06:43'),(28,26,116,88,28,0.758621,'2018-03-05 02:11:44'),(29,26,119,91,28,0.764706,'2018-03-05 02:16:44'),(30,26,120,92,28,0.766667,'2018-03-05 02:21:44'),(31,26,126,97,29,0.769841,'2018-03-05 02:26:44');
/*!40000 ALTER TABLE `STATUS` ENABLE KEYS */;
UNLOCK TABLES;

--
-- Table structure for table `THRESHOLD`
--

DROP TABLE IF EXISTS `THRESHOLD`;
/*!40101 SET @saved_cs_client     = @@character_set_client */;
/*!40101 SET character_set_client = utf8 */;
CREATE TABLE `THRESHOLD` (
  `division` int(11) NOT NULL,
  `botton` float DEFAULT '0',
  `top` float DEFAULT '0',
  PRIMARY KEY (`division`)
) ENGINE=InnoDB DEFAULT CHARSET=utf8;
/*!40101 SET character_set_client = @saved_cs_client */;

--
-- Dumping data for table `THRESHOLD`
--

LOCK TABLES `THRESHOLD` WRITE;
/*!40000 ALTER TABLE `THRESHOLD` DISABLE KEYS */;
INSERT INTO `THRESHOLD` VALUES (1,8.76,20),(2,4.38,8.76),(3,0,4.38);
/*!40000 ALTER TABLE `THRESHOLD` ENABLE KEYS */;
UNLOCK TABLES;

--
-- Table structure for table `VM`
--

DROP TABLE IF EXISTS `VM`;
/*!40101 SET @saved_cs_client     = @@character_set_client */;
/*!40101 SET character_set_client = utf8 */;
CREATE TABLE `VM` (
  `id` int(11) NOT NULL AUTO_INCREMENT,
  `origin_add` varchar(45) NOT NULL,
  `origin_id` varchar(45) NOT NULL,
  `origin_name` varchar(45) NOT NULL,
  `destiny_add` varchar(45) NOT NULL,
  `destiny_name` varchar(45) NOT NULL,
  `destiny_id` varchar(45) NOT NULL,
  `status` tinyint(1) NOT NULL,
  `has_resources` tinyint(1) NOT NULL,
  `vcpus` int(11) NOT NULL,
  `mem` bigint(20) NOT NULL,
  `disk` bigint(20) NOT NULL,
  `timestamp_received` timestamp NULL DEFAULT NULL,
  `timestamp_finished` timestamp NULL DEFAULT NULL,
  PRIMARY KEY (`id`)
) ENGINE=InnoDB AUTO_INCREMENT=127 DEFAULT CHARSET=utf8;
/*!40101 SET character_set_client = @saved_cs_client */;

--
-- Dumping data for table `VM`
--

LOCK TABLES `VM` WRITE;
/*!40000 ALTER TABLE `VM` DISABLE KEYS */;
INSERT INTO `VM` VALUES (1,'192.168.0.200','playerVirtual1_450512000','playerVirtual1','192.168.0.200','playerVirtual2','playerVirtual2_226744ab76',1,1,1,2048,20,'2018-03-04 23:58:52',NULL),(2,'192.168.0.200','playerVirtual2_1438244924','playerVirtual2','192.168.0.200','playerVirtual1','playerVirtual1_66abf4dc91',3,1,1,2048,20,'2018-03-04 23:58:54','2018-03-05 01:00:46'),(3,'192.168.0.200','playerVirtual1_640692267','playerVirtual1','192.168.0.200','playerVirtual2','playerVirtual2_14632d454f',1,1,1,512,1,'2018-03-05 00:00:57',NULL),(4,'192.168.0.200','playerVirtual2_2381571381','playerVirtual2','192.168.0.200','playerVirtual1','playerVirtual2_2381571381',0,0,1,2048,20,'2018-03-05 00:00:58','2018-03-05 00:00:58'),(5,'192.168.0.200','playerVirtual1_5297461910','playerVirtual1','192.168.0.200','playerVirtual3','playerVirtual3_ef0aa662ff',1,1,1,512,1,'2018-03-05 00:03:00',NULL),(6,'192.168.0.200','playerVirtual2_2790332778','playerVirtual2','192.168.0.200','playerVirtual3','playerVirtual3_ed2fc10fe4',1,1,2,4096,40,'2018-03-05 00:03:06',NULL),(7,'192.168.0.200','playerVirtual3_369721705','playerVirtual3','192.168.0.200','playerVirtual2','playerVirtual2_4712bfedad',1,1,2,4096,40,'2018-03-05 00:04:00',NULL),(8,'192.168.0.200','playerVirtual1_317469422','playerVirtual1','192.168.0.200','playerVirtual2','playerVirtual2_d8e9a6efc4',1,1,2,4096,40,'2018-03-05 00:05:10',NULL),(9,'192.168.0.200','playerVirtual2_6955737','playerVirtual2','192.168.0.200','playerVirtual1','playerVirtual2_6955737',0,0,1,2048,20,'2018-03-05 00:05:11','2018-03-05 00:05:11'),(10,'192.168.0.200','playerVirtual3_257338104','playerVirtual3','192.168.0.200','playerVirtual2','playerVirtual2_4e7e30b00a',1,1,2,4096,40,'2018-03-05 00:06:02',NULL),(11,'192.168.0.200','playerVirtual2_2433236783','playerVirtual2','192.168.0.200','playerVirtual3','playerVirtual2_2433236783',0,0,1,2048,20,'2018-03-05 00:07:19','2018-03-05 00:07:19'),(12,'192.168.0.200','playerVirtual3_3338579772','playerVirtual3','192.168.0.200','playerVirtual4','playerVirtual4_abbfea2130',3,1,1,2048,20,'2018-03-05 00:08:15','2018-03-05 00:57:30'),(13,'192.168.0.200','playerVirtual2_2359368952','playerVirtual2','192.168.0.200','playerVirtual0','playerVirtual2_2359368952',0,1,1,512,1,'2018-03-05 00:09:36','2018-03-05 00:09:36'),(14,'192.168.0.200','playerVirtual3_16917741','playerVirtual3','192.168.0.200','playerVirtual4','playerVirtual4_1258ebd16c',1,1,1,512,1,'2018-03-05 00:10:29',NULL),(15,'192.168.0.200','playerVirtual4_2545640208','playerVirtual4','192.168.0.200','playerVirtual0','playerVirtual4_2545640208',0,1,1,2048,20,'2018-03-05 00:11:28','2018-03-05 00:11:28'),(16,'192.168.0.200','playerVirtual2_539194189','playerVirtual2','192.168.0.200','playerVirtual4','playerVirtual4_1a17716dfc',3,1,1,2048,20,'2018-03-05 00:12:05','2018-03-05 01:37:12'),(17,'192.168.0.200','playerVirtual3_4820204870','playerVirtual3','192.168.0.200','playerVirtual5','playerVirtual5_3f93602e0a',3,1,2,4096,40,'2018-03-05 00:13:42','2018-03-05 00:42:04'),(18,'192.168.0.200','playerVirtual4_8058564','playerVirtual4','192.168.0.200','playerVirtual0','playerVirtual4_8058564',0,1,1,2048,20,'2018-03-05 00:15:22','2018-03-05 00:15:22'),(19,'192.168.0.200','playerVirtual2_82730999','playerVirtual2','192.168.0.200','playerVirtual4','playerVirtual4_2871b0ba9b',1,1,1,512,1,'2018-03-05 00:15:59',NULL),(20,'192.168.0.200','playerVirtual3_351652724','playerVirtual3','192.168.0.200','playerVirtual5','playerVirtual5_b8eecf5938',1,1,1,2048,20,'2018-03-05 00:16:54',NULL),(21,'192.168.0.200','playerVirtual4_6571218','playerVirtual4','192.168.0.200','playerVirtual6','playerVirtual6_267e0f0288',1,1,1,2048,20,'2018-03-05 00:17:53',NULL),(22,'192.168.0.200','playerVirtual5_1339662','playerVirtual5','192.168.0.200','playerVirtual4','playerVirtual4_b7e4ae81e2',1,1,1,2048,20,'2018-03-05 00:18:22',NULL),(23,'192.168.0.200','playerVirtual2_1436344784','playerVirtual2','192.168.0.200','playerVirtual5','playerVirtual5_2db15e0d3e',3,1,1,2048,20,'2018-03-05 00:18:37','2018-03-05 01:18:24'),(24,'192.168.0.200','playerVirtual3_284794223','playerVirtual3','192.168.0.200','playerVirtual1057','playerVirtual3_284794223',0,1,1,2048,20,'2018-03-05 00:20:15','2018-03-05 00:20:15'),(25,'192.168.0.200','playerVirtual4_359920779','playerVirtual4','192.168.0.200','playerVirtual6','playerVirtual6_2ad5b63c62',3,1,1,512,1,'2018-03-05 00:21:55','2018-03-05 01:42:09'),(26,'192.168.0.200','playerVirtual2_2904109077','playerVirtual2','192.168.0.200','playerVirtual4','playerVirtual4_c31b093744',1,1,1,512,1,'2018-03-05 00:22:33',NULL),(27,'192.168.0.200','playerVirtual5_904011','playerVirtual5','192.168.0.200','playerVirtual1057','playerVirtual5_904011',0,1,1,2048,20,'2018-03-05 00:22:42','2018-03-05 00:22:42'),(28,'192.168.0.200','playerVirtual6_1093460','playerVirtual6','192.168.0.200','playerVirtual7','playerVirtual7_02821d7298',1,1,1,512,1,'2018-03-05 00:23:28',NULL),(29,'192.168.0.200','playerVirtual3_905614','playerVirtual3','192.168.0.200','playerVirtual5','playerVirtual5_4408db514a',1,1,1,2048,20,'2018-03-05 00:23:28',NULL),(30,'192.168.0.200','playerVirtual4_470485660','playerVirtual4','192.168.0.200','playerVirtual6','playerVirtual6_5b18fefe2e',1,1,2,4096,40,'2018-03-05 00:24:30',NULL),(31,'192.168.0.200','playerVirtual5_5792765','playerVirtual5','192.168.0.200','playerVirtual4','playerVirtual4_5dbfd1f129',1,1,1,512,1,'2018-03-05 00:25:03',NULL),(32,'192.168.0.200','playerVirtual2_30788568','playerVirtual2','192.168.0.200','playerVirtual1057','playerVirtual2_30788568',0,1,1,512,1,'2018-03-05 00:25:16','2018-03-05 00:25:16'),(33,'192.168.0.200','playerVirtual3_400453824','playerVirtual3','192.168.0.200','playerVirtual5','playerVirtual5_45390f70f7',1,1,1,512,1,'2018-03-05 00:27:03',NULL),(34,'192.168.0.200','playerVirtual6_38671842','playerVirtual6','192.168.0.200','playerVirtual8','playerVirtual8_1c39e49592',1,1,1,512,1,'2018-03-05 00:28:13',NULL),(35,'192.168.0.200','playerVirtual4_4819935267','playerVirtual4','192.168.0.200','playerVirtual2','playerVirtual2_865464ae7d',1,1,2,4096,40,'2018-03-05 00:28:52',NULL),(36,'192.168.0.200','playerVirtual2_6264344062','playerVirtual2','192.168.0.200','playerVirtual6','playerVirtual6_81388ebebe',3,1,1,512,1,'2018-03-05 00:29:33','2018-03-05 01:12:27'),(37,'192.168.0.200','playerVirtual5_4820217293','playerVirtual5','192.168.0.200','playerVirtual8','playerVirtual8_06c25f3e9f',1,1,2,4096,40,'2018-03-05 00:29:42',NULL),(38,'192.168.0.200','playerVirtual3_1095593','playerVirtual3','192.168.0.200','playerVirtual8','playerVirtual8_61b1707b50',3,1,1,512,1,'2018-03-05 00:31:56','2018-03-05 01:05:44'),(39,'192.168.0.200','playerVirtual6_2148750930','playerVirtual6','192.168.0.200','playerVirtual4','playerVirtual4_1de6d43077',1,1,1,2048,20,'2018-03-05 00:32:00',NULL),(40,'192.168.0.200','playerVirtual4_563574327','playerVirtual4','192.168.0.200','playerVirtual1184','playerVirtual4_563574327',0,1,1,2048,20,'2018-03-05 00:33:05','2018-03-05 00:33:05'),(41,'192.168.0.200','playerVirtual8_227443932','playerVirtual8','192.168.0.200','playerVirtual9','playerVirtual9_c4210c3d92',1,1,1,2048,20,'2018-03-05 00:33:19',NULL),(42,'192.168.0.200','playerVirtual5_16915963','playerVirtual5','192.168.0.200','playerVirtual8','playerVirtual8_eb9003ea89',1,1,1,2048,20,'2018-03-05 00:33:45',NULL),(43,'192.168.0.200','playerVirtual3_272887063','playerVirtual3','192.168.0.200','playerVirtual1184','playerVirtual3_272887063',0,1,1,2048,20,'2018-03-05 00:35:51','2018-03-05 00:35:51'),(44,'192.168.0.200','playerVirtual8_4820204870','playerVirtual8','192.168.0.200','playerVirtual6','playerVirtual6_8daa74a278',1,1,2,4096,40,'2018-03-05 00:37:00',NULL),(45,'192.168.0.200','playerVirtual6_6274355716','playerVirtual6','192.168.0.200','playerVirtual4','playerVirtual4_a2beda16b5',3,1,1,512,1,'2018-03-05 00:37:04','2018-03-05 01:04:27'),(46,'192.168.0.200','playerVirtual2_38676294','playerVirtual2','192.168.0.200','playerVirtual9','playerVirtual9_08161324b7',1,1,1,512,1,'2018-03-05 00:37:25',NULL),(47,'192.168.0.200','playerVirtual9_284757920','playerVirtual9','192.168.0.200','playerVirtual10','playerVirtual10_fd61a0c4c9',1,1,1,2048,20,'2018-03-05 00:38:41',NULL),(48,'192.168.0.200','playerVirtual4_182859403','playerVirtual4','192.168.0.200','playerVirtual8','playerVirtual8_67aaabf9e9',3,1,1,512,1,'2018-03-05 00:38:47','2018-03-05 00:43:15'),(49,'192.168.0.200','playerVirtual5_990694203','playerVirtual5','192.168.0.200','playerVirtual1184','playerVirtual5_990694203',0,1,1,2048,20,'2018-03-05 00:40:08','2018-03-05 00:40:08'),(50,'192.168.0.200','playerVirtual6_4476462938','playerVirtual6','192.168.0.200','playerVirtual11','playerVirtual11_49498ba9ee',1,1,1,2048,20,'2018-03-05 00:42:54',NULL),(51,'192.168.0.200','playerVirtual9_2359368952','playerVirtual9','192.168.0.200','playerVirtual5','playerVirtual5_036f1cfb7d',1,1,1,512,1,'2018-03-05 00:42:59',NULL),(52,'192.168.0.200','playerVirtual2_272887063','playerVirtual2','192.168.0.200','playerVirtual6','playerVirtual6_ad940cecdc',3,1,1,2048,20,'2018-03-05 00:43:32','2018-03-05 02:22:03'),(53,'192.168.0.200','playerVirtual8_6280643141','playerVirtual8','192.168.0.200','playerVirtual10','playerVirtual10_2f453c5119',1,1,1,512,1,'2018-03-05 00:44:02',NULL),(54,'192.168.0.200','playerVirtual10_6280638724','playerVirtual10','192.168.0.200','playerVirtual1489','playerVirtual10_6280638724',0,1,1,512,1,'2018-03-05 00:45:36','2018-03-05 00:45:36'),(55,'192.168.0.200','playerVirtual6_214880781','playerVirtual6','192.168.0.200','playerVirtual12','playerVirtual12_6f7bac7d46',1,1,1,2048,20,'2018-03-05 00:48:30',NULL),(56,'192.168.0.200','playerVirtual8_6641406','playerVirtual8','192.168.0.200','playerVirtual11','playerVirtual11_1a9f214844',1,1,1,2048,20,'2018-03-05 00:48:47',NULL),(57,'192.168.0.200','playerVirtual2_182859403','playerVirtual2','192.168.0.200','playerVirtual8','playerVirtual8_fcc19ef6ce',3,1,1,512,1,'2018-03-05 00:49:08','2018-03-05 01:27:41'),(58,'192.168.0.200','playerVirtual4_682797','playerVirtual4','192.168.0.200','playerVirtual6','playerVirtual6_b0807685da',1,1,1,2048,20,'2018-03-05 00:49:09',NULL),(59,'192.168.0.200','playerVirtual10_1438244924','playerVirtual10','192.168.0.200','playerVirtual1489','playerVirtual10_1438244924',0,1,1,2048,20,'2018-03-05 00:49:30','2018-03-05 00:49:30'),(60,'192.168.0.200','playerVirtual9_1094955','playerVirtual9','192.168.0.200','playerVirtual10','playerVirtual10_2e3a39c9ab',1,1,1,512,1,'2018-03-05 00:50:08',NULL),(61,'192.168.0.200','playerVirtual5_16914091','playerVirtual5','192.168.0.200','playerVirtual12','playerVirtual12_fc69a9621a',1,1,1,2048,20,'2018-03-05 00:50:37',NULL),(62,'192.168.0.200','playerVirtual11_1436323714','playerVirtual11','192.168.0.200','playerVirtual1489','playerVirtual11_1436323714',0,1,1,2048,20,'2018-03-05 00:51:07','2018-03-05 00:51:07'),(63,'192.168.0.200','playerVirtual3_6955737','playerVirtual3','192.168.0.200','playerVirtual11','playerVirtual11_51c9f48979',1,1,1,2048,20,'2018-03-05 00:52:35',NULL),(64,'192.168.0.200','playerVirtual4_6289355687','playerVirtual4','192.168.0.200','playerVirtual13','playerVirtual13_20da23dab3',1,1,1,512,1,'2018-03-05 00:55:38',NULL),(65,'192.168.0.200','playerVirtual11_1436344784','playerVirtual11','192.168.0.200','playerVirtual10','playerVirtual10_c321a3d4a8',3,1,1,2048,20,'2018-03-05 00:55:39','2018-03-05 02:08:19'),(66,'192.168.0.200','playerVirtual6_2381571381','playerVirtual6','192.168.0.200','playerVirtual8','playerVirtual8_8101747e1e',1,1,1,2048,20,'2018-03-05 00:55:42',NULL),(67,'192.168.0.200','playerVirtual9_1438244924','playerVirtual9','192.168.0.200','playerVirtual1793','playerVirtual9_1438244924',0,1,1,2048,20,'2018-03-05 00:56:27','2018-03-05 00:56:27'),(68,'192.168.0.200','playerVirtual5_6289704471','playerVirtual5','192.168.0.200','playerVirtual12','playerVirtual12_03dc482647',3,1,1,512,1,'2018-03-05 00:56:43','2018-03-05 01:25:58'),(69,'192.168.0.200','playerVirtual8_2378747961','playerVirtual8','192.168.0.200','playerVirtual13','playerVirtual13_727cf170a2',3,1,1,512,1,'2018-03-05 00:56:52','2018-03-05 01:03:06'),(70,'192.168.0.200','playerVirtual12_3338579772','playerVirtual12','192.168.0.200','playerVirtual10','playerVirtual10_8219415402',1,1,1,2048,20,'2018-03-05 00:57:27',NULL),(71,'192.168.0.200','playerVirtual13_794070039','playerVirtual13','192.168.0.200','playerVirtual14','playerVirtual14_9ea7891bae',1,1,1,512,1,'2018-03-05 01:03:46',NULL),(72,'192.168.0.200','playerVirtual4_6296268057','playerVirtual4','192.168.0.200','playerVirtual15','playerVirtual15_60d0f87015',1,1,1,512,1,'2018-03-05 01:05:04',NULL),(73,'192.168.0.200','playerVirtual12_5297461910','playerVirtual12','192.168.0.200','playerVirtual13','playerVirtual13_6b578b65ea',1,1,1,512,1,'2018-03-05 01:05:54',NULL),(74,'192.168.0.200','playerVirtual11_6296865278','playerVirtual11','192.168.0.200','playerVirtual10','playerVirtual10_8426549d9b',1,1,1,512,1,'2018-03-05 01:07:12',NULL),(75,'192.168.0.200','playerVirtual9_6264344062','playerVirtual9','192.168.0.200','playerVirtual16','playerVirtual16_bff3418b7d',1,1,1,2048,20,'2018-03-05 01:07:56',NULL),(76,'192.168.0.200','playerVirtual10_6289704471','playerVirtual10','192.168.0.200','playerVirtual14','playerVirtual14_734ca73314',3,1,1,2048,20,'2018-03-05 01:08:40','2018-03-05 01:19:13'),(77,'192.168.0.200','playerVirtual5_990694203','playerVirtual5','192.168.0.200','playerVirtual4','playerVirtual4_13ee5d4b8c',1,1,1,2048,20,'2018-03-05 01:08:40',NULL),(78,'192.168.0.200','playerVirtual13_908315','playerVirtual13','192.168.0.200','playerVirtual1835','playerVirtual13_908315',0,1,1,2048,20,'2018-03-05 01:12:52','2018-03-05 01:12:52'),(79,'192.168.0.200','playerVirtual14_6301942525','playerVirtual14','192.168.0.200','playerVirtual17','playerVirtual17_1252a39077',1,1,1,512,1,'2018-03-05 01:13:13',NULL),(80,'192.168.0.200','playerVirtual6_182859403','playerVirtual6','192.168.0.200','playerVirtual8','playerVirtual8_3b09f16257',1,1,1,512,1,'2018-03-05 01:15:34',NULL),(81,'192.168.0.200','playerVirtual3_539194189','playerVirtual3','192.168.0.200','playerVirtual15','playerVirtual15_aff6e17b05',1,1,1,2048,20,'2018-03-05 01:16:30',NULL),(82,'192.168.0.200','playerVirtual8_6274355716','playerVirtual8','192.168.0.200','playerVirtual6','playerVirtual6_923dfa6d3f',1,1,1,512,1,'2018-03-05 01:16:39',NULL),(83,'192.168.0.200','playerVirtual4_4246147567','playerVirtual4','192.168.0.200','playerVirtual18','playerVirtual18_fb009dba91',3,1,2,4096,40,'2018-03-05 01:18:08','2018-03-05 01:27:41'),(84,'192.168.0.200','playerVirtual11_4246147567','playerVirtual11','192.168.0.200','playerVirtual13','playerVirtual13_a28cf75747',3,1,2,4096,40,'2018-03-05 01:18:47','2018-03-05 01:54:08'),(85,'192.168.0.200','playerVirtual9_4246147567','playerVirtual9','192.168.0.200','playerVirtual10','playerVirtual10_cd6159a939',3,1,2,4096,40,'2018-03-05 01:19:47','2018-03-05 01:55:18'),(86,'192.168.0.200','playerVirtual15_1095593','playerVirtual15','192.168.0.200','playerVirtual16','playerVirtual16_b3b1046652',3,1,1,512,1,'2018-03-05 01:20:07','2018-03-05 01:22:23'),(87,'192.168.0.200','playerVirtual12_6289704471','playerVirtual12','192.168.0.200','playerVirtual14','playerVirtual14_8d37ba5295',1,1,1,2048,20,'2018-03-05 01:20:18',NULL),(88,'192.168.0.200','playerVirtual14_2378747961','playerVirtual14','192.168.0.200','playerVirtual1835','playerVirtual14_2378747961',0,1,1,512,1,'2018-03-05 01:20:50','2018-03-05 01:20:50'),(89,'192.168.0.200','playerVirtual8_4246147567','playerVirtual8','192.168.0.200','playerVirtual19','playerVirtual19_e53cda4d14',3,1,2,4096,40,'2018-03-05 01:26:07','2018-03-05 02:21:40'),(90,'192.168.0.200','playerVirtual6_6316827871','playerVirtual6','192.168.0.200','playerVirtual5','playerVirtual5_c04aeb398f',1,1,1,512,1,'2018-03-05 01:27:18',NULL),(91,'192.168.0.200','playerVirtual13_4246147567','playerVirtual13','192.168.0.200','playerVirtual12','playerVirtual12_fc5a4036f3',3,1,2,4096,40,'2018-03-05 01:27:40','2018-03-05 02:01:32'),(92,'192.168.0.200','playerVirtual16_4246147567','playerVirtual16','192.168.0.200','playerVirtual15','playerVirtual15_cf0d6f0a5f',3,1,2,4096,40,'2018-03-05 01:27:46','2018-03-05 01:29:48'),(93,'192.168.0.200','playerVirtual3_5068098508','playerVirtual3','192.168.0.200','playerVirtual18','playerVirtual18_dcb4f1ba49',2,1,1,2048,20,'2018-03-05 01:28:45','2018-03-05 02:07:53'),(94,'192.168.0.200','playerVirtual12_4246147567','playerVirtual12','192.168.0.200','playerVirtual16','playerVirtual16_a5a6a53c36',3,1,2,4096,40,'2018-03-05 01:30:32','2018-03-05 02:11:35'),(95,'192.168.0.200','playerVirtual10_4246147567','playerVirtual10','192.168.0.200','playerVirtual4','playerVirtual4_045c19b946',3,1,2,4096,40,'2018-03-05 01:32:00','2018-03-05 02:09:04'),(96,'192.168.0.200','playerVirtual14_4246147567','playerVirtual14','192.168.0.200','playerVirtual1088','playerVirtual14_4246147567',0,1,2,4096,40,'2018-03-05 01:38:05','2018-03-05 01:38:05'),(97,'192.168.0.200','playerVirtual18_990694203','playerVirtual18','192.168.0.200','playerVirtual14','playerVirtual14_893fb74690',3,1,1,2048,20,'2018-03-05 01:39:18','2018-03-05 01:41:16'),(98,'192.168.0.200','playerVirtual6_6322213339','playerVirtual6','192.168.0.200','playerVirtual8','playerVirtual8_4896d64187',1,1,1,512,1,'2018-03-05 01:41:03',NULL),(99,'192.168.0.200','playerVirtual3_4246147567','playerVirtual3','192.168.0.200','playerVirtual19','playerVirtual19_64e01472b7',3,1,2,4096,40,'2018-03-05 01:42:04','2018-03-05 01:54:18'),(100,'192.168.0.200','playerVirtual11_4246147567','playerVirtual11','192.168.0.200','playerVirtual12','playerVirtual12_7549f0bf6e',3,1,2,4096,40,'2018-03-05 01:43:35','2018-03-05 01:54:08'),(101,'192.168.0.200','playerVirtual15_4246147567','playerVirtual15','192.168.0.200','playerVirtual18','playerVirtual18_be8c08efbf',3,1,2,4096,40,'2018-03-05 01:44:14','2018-03-05 02:13:34'),(102,'192.168.0.200','playerVirtual9_4246147567','playerVirtual9','192.168.0.200','playerVirtual15','playerVirtual15_1e825a6edb',3,1,2,4096,40,'2018-03-05 01:44:48','2018-03-05 01:55:18'),(103,'192.168.0.200','playerVirtual19_4246147567','playerVirtual19','192.168.0.200','playerVirtual16','playerVirtual16_3ab1ed2adb',3,1,2,4096,40,'2018-03-05 01:45:17','2018-03-05 02:14:39'),(104,'192.168.0.200','playerVirtual5_4246147567','playerVirtual5','192.168.0.200','playerVirtual6','playerVirtual6_88fbfc0669',3,1,2,4096,40,'2018-03-05 01:50:13','2018-03-05 02:25:03'),(105,'192.168.0.200','playerVirtual16_359920779','playerVirtual16','192.168.0.200','playerVirtual13','playerVirtual13_b12e1d0d6d',1,1,1,512,1,'2018-03-05 01:52:29',NULL),(106,'192.168.0.200','playerVirtual2_4246147567','playerVirtual2','192.168.0.200','playerVirtual10','playerVirtual10_946a0d72de',3,1,2,4096,40,'2018-03-05 01:52:42','2018-03-05 02:03:10'),(107,'192.168.0.200','playerVirtual8_6335261139','playerVirtual8','192.168.0.200','playerVirtual2','playerVirtual2_e87f8f73d3',1,1,1,512,1,'2018-03-05 01:52:50',NULL),(108,'192.168.0.200','playerVirtual13_4246147567','playerVirtual13','192.168.0.200','playerVirtual4','playerVirtual4_ca7a365160',3,1,2,4096,40,'2018-03-05 01:53:25','2018-03-05 02:01:32'),(109,'192.168.0.200','playerVirtual4_4246147567','playerVirtual4','192.168.0.200','playerVirtual1088','playerVirtual4_4246147567',0,1,2,4096,40,'2018-03-05 01:53:45','2018-03-05 01:53:45'),(110,'192.168.0.200','playerVirtual6_4246147567','playerVirtual6','192.168.0.200','playerVirtual14','playerVirtual14_5e38a49a59',3,1,2,4096,40,'2018-03-05 01:55:16','2018-03-05 02:09:01'),(111,'192.168.0.200','playerVirtual12_4246147567','playerVirtual12','192.168.0.200','playerVirtual19','playerVirtual19_aaf9b1c81a',3,1,2,4096,40,'2018-03-05 01:58:11','2018-03-05 02:11:35'),(112,'192.168.0.200','playerVirtual16_6344084916','playerVirtual16','192.168.0.200','playerVirtual12','playerVirtual12_5d61667fe8',1,1,1,512,1,'2018-03-05 01:58:24',NULL),(113,'192.168.0.200','playerVirtual10_4246147567','playerVirtual10','192.168.0.200','playerVirtual18','playerVirtual18_aaca3ca68f',3,1,2,4096,40,'2018-03-05 01:59:25','2018-03-05 02:09:04'),(114,'192.168.0.200','playerVirtual14_4246147567','playerVirtual14','192.168.0.200','playerVirtual3','playerVirtual14_4246147567',0,0,2,4096,40,'2018-03-05 02:05:59','2018-03-05 02:05:59'),(115,'192.168.0.200','playerVirtual18_4246147567','playerVirtual18','192.168.0.200','playerVirtual15','playerVirtual15_c4f399a41f',3,1,2,4096,40,'2018-03-05 02:05:59','2018-03-05 02:08:00'),(116,'192.168.0.200','playerVirtual8_4246147567','playerVirtual8','192.168.0.200','playerVirtual16','playerVirtual16_9e4e75e06c',3,1,2,4096,40,'2018-03-05 02:09:27','2018-03-05 02:21:40'),(117,'192.168.0.200','playerVirtual15_4246147567','playerVirtual15','192.168.0.200','playerVirtual13','playerVirtual13_bc427a71f9',3,1,2,4096,40,'2018-03-05 02:12:20','2018-03-05 02:13:34'),(118,'192.168.0.200','playerVirtual9_990694203','playerVirtual9','192.168.0.200','playerVirtual14','playerVirtual14_db828ec914',3,1,1,2048,20,'2018-03-05 02:12:36','2018-03-05 02:24:06'),(119,'192.168.0.200','playerVirtual19_4246147567','playerVirtual19','192.168.0.200','playerVirtual10','playerVirtual10_389fa22af3',3,1,2,4096,40,'2018-03-05 02:13:37','2018-03-05 02:14:39'),(120,'192.168.0.200','playerVirtual5_4246147567','playerVirtual5','192.168.0.200','playerVirtual19','playerVirtual19_7ba236bfc8',3,1,2,4096,40,'2018-03-05 02:19:14','2018-03-05 02:25:03'),(121,'192.168.0.200','playerVirtual13_4246147567','playerVirtual13','192.168.0.200','playerVirtual8','playerVirtual8_dbd86c12d9',1,1,2,4096,40,'2018-03-05 02:22:18',NULL),(122,'192.168.0.200','playerVirtual16_272887063','playerVirtual16','192.168.0.200','playerVirtual18','playerVirtual18_827a30226a',1,1,1,2048,20,'2018-03-05 02:22:51',NULL),(123,'192.168.0.200','playerVirtual3_4246147567','playerVirtual3','192.168.0.200','playerVirtual14','playerVirtual14_726a3cfc31',1,1,2,4096,40,'2018-03-05 02:23:23',NULL),(124,'192.168.0.200','playerVirtual4_6566788','playerVirtual4','192.168.0.200','playerVirtual6','playerVirtual6_43359a5de8',1,1,1,2048,20,'2018-03-05 02:23:31',NULL),(125,'192.168.0.200','playerVirtual11_4246147567','playerVirtual11','192.168.0.200','playerVirtual14','playerVirtual14_1f8316896f',1,1,2,4096,40,'2018-03-05 02:23:46',NULL),(126,'192.168.0.200','playerVirtual6_4246147567','playerVirtual6','192.168.0.200','playerVirtual2','playerVirtual2_d2920d063c',1,1,2,4096,40,'2018-03-05 02:26:05',NULL);
/*!40000 ALTER TABLE `VM` ENABLE KEYS */;
UNLOCK TABLES;
/*!40103 SET TIME_ZONE=@OLD_TIME_ZONE */;

/*!40101 SET SQL_MODE=@OLD_SQL_MODE */;
/*!40014 SET FOREIGN_KEY_CHECKS=@OLD_FOREIGN_KEY_CHECKS */;
/*!40014 SET UNIQUE_CHECKS=@OLD_UNIQUE_CHECKS */;
/*!40101 SET CHARACTER_SET_CLIENT=@OLD_CHARACTER_SET_CLIENT */;
/*!40101 SET CHARACTER_SET_RESULTS=@OLD_CHARACTER_SET_RESULTS */;
/*!40101 SET COLLATION_CONNECTION=@OLD_COLLATION_CONNECTION */;
/*!40111 SET SQL_NOTES=@OLD_SQL_NOTES */;

-- Dump completed on 2018-03-04 23:26:47
