-- MySQL dump 10.14  Distrib 5.5.58-MariaDB, for debian-linux-gnu (x86_64)
--
-- Host: localhost    Database: mct
-- ------------------------------------------------------
-- Server version	5.5.58-MariaDB-1ubuntu0.14.04.1

/*!40101 SET @OLD_CHARACTER_SET_CLIENT=@@CHARACTER_SET_CLIENT */;
/*!40101 SET @OLD_CHARACTER_SET_RESULTS=@@CHARACTER_SET_RESULTS */;
/*!40101 SET @OLD_COLLATION_CONNECTION=@@COLLATION_CONNECTION */;
/*!40101 SET NAMES utf8 */;
/*!40103 SET @OLD_TIME_ZONE=@@TIME_ZONE */;
/*!40103 SET TIME_ZONE='+00:00' */;
/*!40014 SET @OLD_UNIQUE_CHECKS=@@UNIQUE_CHECKS, UNIQUE_CHECKS=0 */;
/*!40014 SET @OLD_FOREIGN_KEY_CHECKS=@@FOREIGN_KEY_CHECKS, FOREIGN_KEY_CHECKS=0 */;
/*!40101 SET @OLD_SQL_MODE=@@SQL_MODE, SQL_MODE='NO_AUTO_VALUE_ON_ZERO' */;
/*!40111 SET @OLD_SQL_NOTES=@@SQL_NOTES, SQL_NOTES=0 */;

--
-- Table structure for table `FIELDS`
--

DROP TABLE IF EXISTS `FIELDS`;
/*!40101 SET @saved_cs_client     = @@character_set_client */;
/*!40101 SET character_set_client = utf8 */;
CREATE TABLE `FIELDS` (
  `operation` int(11) NOT NULL,
  `fields` varchar(45) NOT NULL,
  PRIMARY KEY (`operation`)
) ENGINE=InnoDB DEFAULT CHARSET=utf8;
/*!40101 SET character_set_client = @saved_cs_client */;

--
-- Dumping data for table `FIELDS`
--

LOCK TABLES `FIELDS` WRITE;
/*!40000 ALTER TABLE `FIELDS` DISABLE KEYS */;
INSERT INTO `FIELDS` VALUES (0,'name mem image vcpus disk uuid');
/*!40000 ALTER TABLE `FIELDS` ENABLE KEYS */;
UNLOCK TABLES;

--
-- Table structure for table `PLAYER`
--

DROP TABLE IF EXISTS `PLAYER`;
/*!40101 SET @saved_cs_client     = @@character_set_client */;
/*!40101 SET character_set_client = utf8 */;
CREATE TABLE `PLAYER` (
  `id` int(11) NOT NULL AUTO_INCREMENT,
  `name` varchar(45) NOT NULL,
  `address` varchar(45) NOT NULL,
  `division` int(11) DEFAULT NULL,
  `score` float DEFAULT '0',
  `history` int(11) DEFAULT '0',
  `fairness` float DEFAULT '0',
  `accepts` int(11) DEFAULT '0',
  `rejects` int(11) DEFAULT '0',
  `running` int(11) DEFAULT '0',
  `finished` int(11) DEFAULT '0',
  `problem_del` int(11) DEFAULT '0',
  `vcpus` int(11) DEFAULT '0',
  `memory` bigint(20) DEFAULT '0',
  `local_gb` bigint(20) DEFAULT '0',
  `vcpus_used` bigint(20) DEFAULT '0',
  `memory_used` bigint(20) DEFAULT '0',
  `local_gb_used` bigint(20) DEFAULT '0',
  `max_instance` int(11) DEFAULT '0',
  `token` varchar(45) DEFAULT NULL,
  `suspend` timestamp NULL DEFAULT NULL,
  `enabled` int(11) DEFAULT '0',
  `last_choice` timestamp NOT NULL DEFAULT '2018-01-01 02:00:00',
  `playoff` tinyint(1) DEFAULT '0',
  PRIMARY KEY (`id`)
) ENGINE=InnoDB AUTO_INCREMENT=15 DEFAULT CHARSET=utf8;
/*!40101 SET character_set_client = @saved_cs_client */;

--
-- Dumping data for table `PLAYER`
--

LOCK TABLES `PLAYER` WRITE;
/*!40000 ALTER TABLE `PLAYER` DISABLE KEYS */;
INSERT INTO `PLAYER` VALUES (1,'playerVirtual2','192.168.0.200',2,4.64,30,0.636364,9,2,9,0,0,1023,1047552,10230,11,19456,182,9,'6e66bfb73a1a1ad2453f01e158d64cb56f46f6d6',NULL,1,'2018-02-21 10:05:51',0),(2,'playerVirtual0','192.168.0.200',4,-8,0,1,0,4,0,0,0,1023,1047552,10230,0,0,0,8,'64d7dcded3d7a511513cacf5c28fb597c3d27a2c',NULL,0,'2018-02-21 07:49:03',1),(3,'playerVirtual4','192.168.0.200',2,7.64,27,0.631579,12,1,9,3,0,1023,1047552,10230,9,12288,104,9,'0697c5505af5c28c3b3d756ef4af25cbd8d72271',NULL,1,'2018-02-21 09:02:00',0),(4,'playerVirtual1358','192.168.0.200',4,-6,0,1,0,3,0,0,0,1023,1047552,10230,0,0,0,8,'f210e5dff96adcceda0c450f3bf611abc182b707',NULL,0,'2018-02-21 07:59:41',1),(5,'playerVirtual6','192.168.0.200',2,4.98,25,0.428571,7,1,7,0,0,1023,1047552,10230,8,11776,103,7,'66c94160876206a4480ef8bd1e1fb80dbd0a914a',NULL,1,'2018-02-21 09:01:01',0),(6,'playerVirtual1471','192.168.0.200',4,-14,0,1,0,7,0,0,0,1023,1047552,10230,0,0,0,8,'fac794bba34c4f2a65bbb700580391a7db2b2d5e',NULL,0,'2018-02-21 08:18:09',1),(7,'playerVirtual8','192.168.0.200',1,11.3,24,0.466667,13,0,6,7,0,1023,1047552,10230,6,7680,63,9,'268b57d12963f49f1ce6cc84d2441a4324680e19',NULL,1,'2018-02-21 09:50:10',0),(8,'playerVirtual10','192.168.0.200',1,9.63,22,0.363636,12,1,8,4,0,1023,1047552,10230,10,17408,162,8,'a52308678f4b613b45667b0b0e1abfeb8174e004',NULL,1,'2018-02-21 09:42:36',0),(9,'playerVirtual1699','192.168.0.200',4,-12,0,1,0,6,0,0,0,1023,1047552,10230,0,0,0,8,'75fde46a574b517677641bb8d63c4e124d946474',NULL,0,'2018-02-21 08:40:05',1),(10,'playerVirtual1064','192.168.0.200',4,-12,0,0,0,6,0,0,0,1023,1047552,10230,0,0,0,8,'96d39b9aee375df109259317b82cb2e2c74d5880',NULL,0,'2018-02-21 08:59:00',1),(11,'playerVirtual19','192.168.0.200',2,8.64,13,0,8,0,7,1,0,1023,1047552,10230,8,10240,84,7,'14e5cbc653ceb026a80f7c116b6b55c2be9c17ab',NULL,1,'2018-02-21 10:05:03',0),(12,'playerVirtual1956','192.168.0.200',4,-4,0,1,0,2,0,0,0,1023,1047552,10230,0,0,0,8,'6483a0b1c037ea48f4021b2579fd279b8283fba0',NULL,0,'2018-02-21 09:18:15',1),(13,'playerVirtual1801','192.168.0.200',4,-4,0,0,0,2,0,0,0,1023,1047552,10230,0,0,0,8,'981a4ea4c83d4b56876a5f4a7f34359556f28377',NULL,0,'2018-02-21 09:35:15',1),(14,'playerVirtual1898','192.168.0.200',4,-8,0,0,0,4,0,0,0,1023,1047552,10230,0,0,0,8,'242f90a104f56e017192eb37bfda0e4a408a87aa',NULL,0,'2018-02-21 10:02:43',1);
/*!40000 ALTER TABLE `PLAYER` ENABLE KEYS */;
UNLOCK TABLES;

--
-- Table structure for table `REQUEST`
--

DROP TABLE IF EXISTS `REQUEST`;
/*!40101 SET @saved_cs_client     = @@character_set_client */;
/*!40101 SET character_set_client = utf8 */;
CREATE TABLE `REQUEST` (
  `id` int(11) NOT NULL AUTO_INCREMENT,
  `player_id` varchar(45) NOT NULL,
  `request_id` varchar(45) NOT NULL,
  `action` int(11) NOT NULL,
  `timestamp_received` timestamp NULL DEFAULT NULL,
  `timestamp_finished` timestamp NULL DEFAULT NULL,
  `status` int(11) NOT NULL,
  PRIMARY KEY (`id`)
) ENGINE=InnoDB AUTO_INCREMENT=379 DEFAULT CHARSET=utf8;
/*!40101 SET character_set_client = @saved_cs_client */;

--
-- Dumping data for table `REQUEST`
--

LOCK TABLES `REQUEST` WRITE;
/*!40000 ALTER TABLE `REQUEST` DISABLE KEYS */;
INSERT INTO `REQUEST` VALUES (1,'playerVirtual2','playerVirtual2_aae7088913',4,'2018-02-21 07:41:43',NULL,0),(2,'playerVirtual0','playerVirtual0_f62ac8a94f',4,'2018-02-21 07:41:44',NULL,0),(3,'playerVirtual2','playerVirtual2_450512000',0,'2018-02-21 07:42:44',NULL,0),(4,'playerVirtual2','playerVirtual2_450512000',0,'2018-02-21 07:42:45',NULL,0),(5,'playerVirtual0','playerVirtual0_1438244924',0,'2018-02-21 07:42:47',NULL,0),(6,'playerVirtual0','playerVirtual0_1438244924',0,'2018-02-21 07:42:47',NULL,0),(7,'playerVirtual2','playerVirtual2_7190757010',3,'2018-02-21 07:43:45',NULL,0),(8,'playerVirtual0','playerVirtual0_c87df873a6',3,'2018-02-21 07:43:47',NULL,0),(9,'playerVirtual2','playerVirtual2_640692267',0,'2018-02-21 07:44:50',NULL,0),(10,'playerVirtual2','playerVirtual2_640692267',0,'2018-02-21 07:44:50',NULL,0),(11,'playerVirtual0','playerVirtual0_2381571381',0,'2018-02-21 07:44:52',NULL,0),(12,'playerVirtual0','playerVirtual0_2381571381',0,'2018-02-21 07:44:52',NULL,0),(13,'playerVirtual2','playerVirtual2_69d3aaf832',4,'2018-02-21 07:45:50',NULL,0),(14,'playerVirtual0','playerVirtual0_f72cf2e6c6',4,'2018-02-21 07:45:52',NULL,0),(15,'playerVirtual2','playerVirtual2_5297461910',0,'2018-02-21 07:46:53',NULL,0),(16,'playerVirtual2','playerVirtual2_5297461910',0,'2018-02-21 07:46:54',NULL,0),(17,'playerVirtual0','playerVirtual0_2790332778',0,'2018-02-21 07:46:59',NULL,0),(18,'playerVirtual0','playerVirtual0_2790332778',0,'2018-02-21 07:46:59',NULL,0),(19,'playerVirtual2','playerVirtual2_fd12160f22',3,'2018-02-21 07:47:54',NULL,0),(20,'playerVirtual0','playerVirtual0_1528ea2b26',3,'2018-02-21 07:47:59',NULL,0),(21,'playerVirtual2','playerVirtual2_369721705',0,'2018-02-21 07:49:03',NULL,0),(22,'playerVirtual2','playerVirtual2_369721705',0,'2018-02-21 07:49:03',NULL,0),(23,'playerVirtual0','playerVirtual0_317469422',0,'2018-02-21 07:49:05',NULL,0),(24,'playerVirtual0','playerVirtual0_317469422',0,'2018-02-21 07:49:05',NULL,0),(25,'playerVirtual2','playerVirtual2_68bac8949c',4,'2018-02-21 07:50:03',NULL,0),(26,'playerVirtual0','playerVirtual0_317fd6d26d',4,'2018-02-21 07:50:05',NULL,0),(27,'playerVirtual2','playerVirtual2_6955737',0,'2018-02-21 07:51:06',NULL,0),(28,'playerVirtual4','playerVirtual4_d0f9708ac4',4,'2018-02-21 07:51:40',NULL,0),(29,'playerVirtual2','playerVirtual2_a8c7cb674d',3,'2018-02-21 07:52:06',NULL,0),(30,'playerVirtual4','playerVirtual4_3584940347',0,'2018-02-21 07:52:53',NULL,0),(31,'playerVirtual4','playerVirtual4_3584940347',0,'2018-02-21 07:52:54',NULL,0),(32,'playerVirtual2','playerVirtual2_2433236783',0,'2018-02-21 07:53:17',NULL,0),(33,'playerVirtual2','playerVirtual2_2433236783',0,'2018-02-21 07:53:17',NULL,0),(34,'playerVirtual1358','playerVirtual1358_314d562a08',4,'2018-02-21 07:53:18',NULL,0),(35,'playerVirtual4','playerVirtual4_409b62c667',3,'2018-02-21 07:53:54',NULL,0),(36,'playerVirtual2','playerVirtual2_c737642f02',4,'2018-02-21 07:54:17',NULL,0),(37,'playerVirtual1358','playerVirtual1358_3338579772',0,'2018-02-21 07:54:33',NULL,0),(38,'playerVirtual1358','playerVirtual1358_3338579772',0,'2018-02-21 07:54:33',NULL,0),(39,'playerVirtual4','playerVirtual4_257407216',0,'2018-02-21 07:54:55',NULL,0),(40,'playerVirtual4','playerVirtual4_257407216',0,'2018-02-21 07:54:55',NULL,0),(41,'playerVirtual2','playerVirtual2_182859403',0,'2018-02-21 07:55:28',NULL,0),(42,'playerVirtual2','playerVirtual2_182859403',0,'2018-02-21 07:55:28',NULL,0),(43,'playerVirtual1358','playerVirtual1358_33c053cb5d',3,'2018-02-21 07:55:33',NULL,0),(44,'playerVirtual4','playerVirtual4_545b9a0a2e',4,'2018-02-21 07:55:55',NULL,0),(45,'playerVirtual2','playerVirtual2_907925f1b3',3,'2018-02-21 07:56:28',NULL,0),(46,'playerVirtual1358','playerVirtual1358_2359368952',0,'2018-02-21 07:56:43',NULL,0),(47,'playerVirtual1358','playerVirtual1358_2359368952',0,'2018-02-21 07:56:44',NULL,0),(48,'playerVirtual4','playerVirtual4_16917741',0,'2018-02-21 07:57:22',NULL,0),(49,'playerVirtual4','playerVirtual4_16917741',0,'2018-02-21 07:57:22',NULL,0),(50,'playerVirtual1358','playerVirtual1358_b5f976fad6',4,'2018-02-21 07:57:44',NULL,0),(51,'playerVirtual2','playerVirtual2_2545640208',0,'2018-02-21 07:57:54',NULL,0),(52,'playerVirtual2','playerVirtual2_2545640208',0,'2018-02-21 07:57:54',NULL,0),(53,'playerVirtual4','playerVirtual4_cecfcf8f47',3,'2018-02-21 07:58:22',NULL,0),(54,'playerVirtual2','playerVirtual2_242676b83a',4,'2018-02-21 07:58:54',NULL,0),(55,'playerVirtual1358','playerVirtual1358_908315',0,'2018-02-21 07:59:11',NULL,0),(56,'playerVirtual1358','playerVirtual1358_908315',0,'2018-02-21 07:59:11',NULL,0),(57,'playerVirtual4','playerVirtual4_539194189',0,'2018-02-21 07:59:41',NULL,0),(58,'playerVirtual4','playerVirtual4_539194189',0,'2018-02-21 07:59:41',NULL,0),(59,'playerVirtual1358','playerVirtual1358_bcec62df65',3,'2018-02-21 08:00:11',NULL,0),(60,'playerVirtual4','playerVirtual4_747719ef61',4,'2018-02-21 08:00:41',NULL,0),(61,'playerVirtual2','playerVirtual2_4820204870',0,'2018-02-21 08:00:56',NULL,0),(62,'playerVirtual2','playerVirtual2_4820204870',0,'2018-02-21 08:00:56',NULL,0),(63,'playerVirtual6','playerVirtual6_c773833f67',4,'2018-02-21 08:01:41',NULL,0),(64,'playerVirtual2','playerVirtual2_af97f4e3d3',3,'2018-02-21 08:01:56',NULL,0),(65,'playerVirtual4','playerVirtual4_1429160667',0,'2018-02-21 08:03:40',NULL,0),(66,'playerVirtual4','playerVirtual4_1429160667',0,'2018-02-21 08:03:40',NULL,0),(67,'playerVirtual2','playerVirtual2_82730999',0,'2018-02-21 08:04:17',NULL,0),(68,'playerVirtual2','playerVirtual2_82730999',0,'2018-02-21 08:04:18',NULL,0),(69,'playerVirtual4','playerVirtual4_7ec1728bf1',3,'2018-02-21 08:04:40',NULL,0),(70,'playerVirtual6','playerVirtual6_3338010893',0,'2018-02-21 08:04:59',NULL,0),(71,'playerVirtual6','playerVirtual6_3338010893',0,'2018-02-21 08:04:59',NULL,0),(72,'playerVirtual1471','playerVirtual1471_affd302c4c',4,'2018-02-21 08:05:02',NULL,0),(73,'playerVirtual2','playerVirtual2_2f5ceeef65',4,'2018-02-21 08:05:17',NULL,0),(74,'playerVirtual6','playerVirtual6_9e2b9fb1d0',3,'2018-02-21 08:05:59',NULL,0),(75,'playerVirtual4','playerVirtual4_351652724',0,'2018-02-21 08:06:06',NULL,0),(76,'playerVirtual4','playerVirtual4_351652724',0,'2018-02-21 08:06:06',NULL,0),(77,'playerVirtual4','playerVirtual4_2b8f4bb2b4',4,'2018-02-21 08:07:06',NULL,0),(78,'playerVirtual6','playerVirtual6_1436344784',0,'2018-02-21 08:07:11',NULL,0),(79,'playerVirtual6','playerVirtual6_1436344784',0,'2018-02-21 08:07:12',NULL,0),(80,'playerVirtual2','playerVirtual2_778566023',0,'2018-02-21 08:07:23',NULL,0),(81,'playerVirtual2','playerVirtual2_778566023',0,'2018-02-21 08:07:23',NULL,0),(82,'playerVirtual6','playerVirtual6_2b9b41ca4a',4,'2018-02-21 08:08:12',NULL,0),(83,'playerVirtual2','playerVirtual2_3b3210a1e7',3,'2018-02-21 08:08:23',NULL,0),(84,'playerVirtual1471','playerVirtual1471_6571218',0,'2018-02-21 08:08:26',NULL,0),(85,'playerVirtual1471','playerVirtual1471_6571218',0,'2018-02-21 08:08:26',NULL,0),(86,'playerVirtual1471','playerVirtual1471_ff14e22c4d',3,'2018-02-21 08:09:26',NULL,0),(87,'playerVirtual4','playerVirtual4_1339662',0,'2018-02-21 08:10:12',NULL,0),(88,'playerVirtual4','playerVirtual4_1339662',0,'2018-02-21 08:10:12',NULL,0),(89,'playerVirtual1471','playerVirtual1471_359920779',0,'2018-02-21 08:10:35',NULL,0),(90,'playerVirtual1471','playerVirtual1471_359920779',0,'2018-02-21 08:10:36',NULL,0),(91,'playerVirtual2','playerVirtual2_284794223',0,'2018-02-21 08:10:50',NULL,0),(92,'playerVirtual2','playerVirtual2_284794223',0,'2018-02-21 08:10:50',NULL,0),(93,'playerVirtual4','playerVirtual4_e9e78f21fb',3,'2018-02-21 08:11:12',NULL,0),(94,'playerVirtual6','playerVirtual6_317497342',0,'2018-02-21 08:11:32',NULL,0),(95,'playerVirtual6','playerVirtual6_317497342',0,'2018-02-21 08:11:32',NULL,0),(96,'playerVirtual1471','playerVirtual1471_566d860ca2',4,'2018-02-21 08:11:35',NULL,0),(97,'playerVirtual8','playerVirtual8_e8c7a6ed4f',4,'2018-02-21 08:11:40',NULL,0),(98,'playerVirtual2','playerVirtual2_f9e166e092',4,'2018-02-21 08:11:50',NULL,0),(99,'playerVirtual6','playerVirtual6_84e1bcb95b',3,'2018-02-21 08:12:32',NULL,0),(100,'playerVirtual4','playerVirtual4_904011',0,'2018-02-21 08:12:39',NULL,0),(101,'playerVirtual4','playerVirtual4_904011',0,'2018-02-21 08:12:40',NULL,0),(102,'playerVirtual4','playerVirtual4_f08d129840',4,'2018-02-21 08:13:39',NULL,0),(103,'playerVirtual6','playerVirtual6_1093460',0,'2018-02-21 08:13:46',NULL,0),(104,'playerVirtual6','playerVirtual6_1093460',0,'2018-02-21 08:13:46',NULL,0),(105,'playerVirtual2','playerVirtual2_905614',0,'2018-02-21 08:13:57',NULL,0),(106,'playerVirtual2','playerVirtual2_905614',0,'2018-02-21 08:13:57',NULL,0),(107,'playerVirtual6','playerVirtual6_b65d475d3f',4,'2018-02-21 08:14:46',NULL,0),(108,'playerVirtual2','playerVirtual2_ecde924b89',3,'2018-02-21 08:14:57',NULL,0),(109,'playerVirtual1471','playerVirtual1471_2904109077',0,'2018-02-21 08:15:00',NULL,0),(110,'playerVirtual1471','playerVirtual1471_2904109077',0,'2018-02-21 08:15:00',NULL,0),(111,'playerVirtual8','playerVirtual8_257338074',0,'2018-02-21 08:15:13',NULL,0),(112,'playerVirtual8','playerVirtual8_257338074',0,'2018-02-21 08:15:14',NULL,0),(113,'playerVirtual1471','playerVirtual1471_72f85b7b87',3,'2018-02-21 08:16:00',NULL,0),(114,'playerVirtual8','playerVirtual8_f80b72d34e',3,'2018-02-21 08:16:14',NULL,0),(115,'playerVirtual4','playerVirtual4_6569547',0,'2018-02-21 08:16:48',NULL,0),(116,'playerVirtual4','playerVirtual4_6569547',0,'2018-02-21 08:16:48',NULL,0),(117,'playerVirtual1471','playerVirtual1471_5792765',0,'2018-02-21 08:17:16',NULL,0),(118,'playerVirtual1471','playerVirtual1471_5792765',0,'2018-02-21 08:17:16',NULL,0),(119,'playerVirtual8','playerVirtual8_38671842',0,'2018-02-21 08:17:28',NULL,0),(120,'playerVirtual8','playerVirtual8_38671842',0,'2018-02-21 08:17:28',NULL,0),(121,'playerVirtual2','playerVirtual2_30788568',0,'2018-02-21 08:17:30',NULL,0),(122,'playerVirtual2','playerVirtual2_30788568',0,'2018-02-21 08:17:30',NULL,0),(123,'playerVirtual4','playerVirtual4_4d71bd78f9',3,'2018-02-21 08:17:48',NULL,0),(124,'playerVirtual6','playerVirtual6_470485660',0,'2018-02-21 08:18:09',NULL,0),(125,'playerVirtual6','playerVirtual6_470485660',0,'2018-02-21 08:18:09',NULL,0),(126,'playerVirtual1471','playerVirtual1471_80de28c58f',4,'2018-02-21 08:18:16',NULL,0),(127,'playerVirtual8','playerVirtual8_95ce81a50d',4,'2018-02-21 08:18:28',NULL,0),(128,'playerVirtual2','playerVirtual2_d7a395832c',4,'2018-02-21 08:18:30',NULL,0),(129,'playerVirtual6','playerVirtual6_bc21a3e71a',3,'2018-02-21 08:19:09',NULL,0),(130,'playerVirtual4','playerVirtual4_400453824',0,'2018-02-21 08:19:27',NULL,0),(131,'playerVirtual4','playerVirtual4_400453824',0,'2018-02-21 08:19:28',NULL,0),(132,'playerVirtual4','playerVirtual4_bdf6f460c8',4,'2018-02-21 08:20:28',NULL,0),(133,'playerVirtual6','playerVirtual6_6264344062',0,'2018-02-21 08:20:46',NULL,0),(134,'playerVirtual6','playerVirtual6_6264344062',0,'2018-02-21 08:20:46',NULL,0),(135,'playerVirtual2','playerVirtual2_4820217293',0,'2018-02-21 08:20:57',NULL,0),(136,'playerVirtual2','playerVirtual2_4820217293',0,'2018-02-21 08:20:57',NULL,0),(137,'playerVirtual10','playerVirtual10_5e9bee85bf',4,'2018-02-21 08:21:39',NULL,0),(138,'playerVirtual6','playerVirtual6_ceb4f0a84f',4,'2018-02-21 08:21:46',NULL,0),(139,'playerVirtual2','playerVirtual2_47745a061a',3,'2018-02-21 08:21:57',NULL,0),(140,'playerVirtual8','playerVirtual8_4819935267',0,'2018-02-21 08:22:10',NULL,0),(141,'playerVirtual8','playerVirtual8_4819935267',0,'2018-02-21 08:22:11',NULL,0),(142,'playerVirtual8','playerVirtual8_83ca93a8e3',3,'2018-02-21 08:23:11',NULL,0),(143,'playerVirtual4','playerVirtual4_2378747961',0,'2018-02-21 08:23:58',NULL,0),(144,'playerVirtual4','playerVirtual4_2378747961',0,'2018-02-21 08:23:58',NULL,0),(145,'playerVirtual1699','playerVirtual1699_e36c34bccd',4,'2018-02-21 08:24:00',NULL,0),(146,'playerVirtual4','playerVirtual4_7d0b668539',3,'2018-02-21 08:24:58',NULL,0),(147,'playerVirtual10','playerVirtual10_5068098508',0,'2018-02-21 08:25:53',NULL,0),(148,'playerVirtual10','playerVirtual10_5068098508',0,'2018-02-21 08:25:53',NULL,0),(149,'playerVirtual2','playerVirtual2_1095593',0,'2018-02-21 08:25:59',NULL,0),(150,'playerVirtual2','playerVirtual2_1095593',0,'2018-02-21 08:25:59',NULL,0),(151,'playerVirtual8','playerVirtual8_2148750930',0,'2018-02-21 08:26:00',NULL,0),(152,'playerVirtual8','playerVirtual8_2148750930',0,'2018-02-21 08:26:00',NULL,0),(153,'playerVirtual6','playerVirtual6_227443932',0,'2018-02-21 08:26:37',NULL,0),(154,'playerVirtual6','playerVirtual6_227443932',0,'2018-02-21 08:26:37',NULL,0),(155,'playerVirtual10','playerVirtual10_4f60e501be',3,'2018-02-21 08:26:53',NULL,0),(156,'playerVirtual2','playerVirtual2_3a8cf43760',4,'2018-02-21 08:27:00',NULL,0),(157,'playerVirtual8','playerVirtual8_8830c50cc2',4,'2018-02-21 08:27:02',NULL,0),(158,'playerVirtual6','playerVirtual6_f639d370b5',3,'2018-02-21 08:27:37',NULL,0),(159,'playerVirtual4','playerVirtual4_765651',0,'2018-02-21 08:28:06',NULL,0),(160,'playerVirtual4','playerVirtual4_765651',0,'2018-02-21 08:28:07',NULL,0),(161,'playerVirtual4','playerVirtual4_50cb69dd6b',4,'2018-02-21 08:29:07',NULL,0),(162,'playerVirtual10','playerVirtual10_16915963',0,'2018-02-21 08:29:21',NULL,0),(163,'playerVirtual10','playerVirtual10_16915963',0,'2018-02-21 08:29:22',NULL,0),(164,'playerVirtual6','playerVirtual6_272887063',0,'2018-02-21 08:29:34',NULL,0),(165,'playerVirtual6','playerVirtual6_272887063',0,'2018-02-21 08:29:34',NULL,0),(166,'playerVirtual1699','playerVirtual1699_563574327',0,'2018-02-21 08:29:36',NULL,0),(167,'playerVirtual1699','playerVirtual1699_563574327',0,'2018-02-21 08:29:36',NULL,0),(168,'playerVirtual2','playerVirtual2_5623125514',0,'2018-02-21 08:29:42',NULL,0),(169,'playerVirtual2','playerVirtual2_5623125514',0,'2018-02-21 08:29:42',NULL,0),(170,'playerVirtual10','playerVirtual10_087ab882a6',4,'2018-02-21 08:30:22',NULL,0),(171,'playerVirtual6','playerVirtual6_16e71d6ed6',4,'2018-02-21 08:30:34',NULL,0),(172,'playerVirtual1699','playerVirtual1699_04e204e2ce',3,'2018-02-21 08:30:36',NULL,0),(173,'playerVirtual2','playerVirtual2_ac542f2823',3,'2018-02-21 08:30:42',NULL,0),(174,'playerVirtual8','playerVirtual8_284757920',0,'2018-02-21 08:30:57',NULL,0),(175,'playerVirtual8','playerVirtual8_284757920',0,'2018-02-21 08:30:57',NULL,0),(176,'playerVirtual8','playerVirtual8_fe710fda55',3,'2018-02-21 08:31:57',NULL,0),(177,'playerVirtual4','playerVirtual4_6274355716',0,'2018-02-21 08:32:49',NULL,0),(178,'playerVirtual4','playerVirtual4_6274355716',0,'2018-02-21 08:32:49',NULL,0),(179,'playerVirtual1699','playerVirtual1699_4820204870',0,'2018-02-21 08:33:10',NULL,0),(180,'playerVirtual1699','playerVirtual1699_4820204870',0,'2018-02-21 08:33:10',NULL,0),(181,'playerVirtual4','playerVirtual4_f79aba0b3c',3,'2018-02-21 08:33:49',NULL,0),(182,'playerVirtual1699','playerVirtual1699_492b4ef4d7',4,'2018-02-21 08:34:10',NULL,0),(183,'playerVirtual10','playerVirtual10_38676294',0,'2018-02-21 08:34:45',NULL,0),(184,'playerVirtual10','playerVirtual10_38676294',0,'2018-02-21 08:34:45',NULL,0),(185,'playerVirtual2','playerVirtual2_182859403',1,'2018-02-21 08:35:07',NULL,0),(186,'playerVirtual2','playerVirtual2_db28f0ede7',4,'2018-02-21 08:35:08',NULL,0),(187,'playerVirtual2','playerVirtual2_182859403',1,'2018-02-21 08:35:08',NULL,0),(188,'playerVirtual10','playerVirtual10_1751ff213e',3,'2018-02-21 08:35:45',NULL,0),(189,'playerVirtual8','playerVirtual8_990694203',0,'2018-02-21 08:36:26',NULL,0),(190,'playerVirtual8','playerVirtual8_990694203',0,'2018-02-21 08:36:27',NULL,0),(191,'playerVirtual6','playerVirtual6_182859403',0,'2018-02-21 08:36:31',NULL,0),(192,'playerVirtual6','playerVirtual6_182859403',0,'2018-02-21 08:36:31',NULL,0),(193,'playerVirtual8','playerVirtual8_9d930da1fe',4,'2018-02-21 08:37:26',NULL,0),(194,'playerVirtual6','playerVirtual6_09056584ef',3,'2018-02-21 08:37:31',NULL,0),(195,'playerVirtual4','playerVirtual4_990694203',0,'2018-02-21 08:38:45',NULL,0),(196,'playerVirtual4','playerVirtual4_990694203',0,'2018-02-21 08:38:46',NULL,0),(197,'playerVirtual2','playerVirtual2_4820204870',1,'2018-02-21 08:38:50',NULL,0),(198,'playerVirtual2','playerVirtual2_7b11ce5ebd',3,'2018-02-21 08:38:50',NULL,0),(199,'playerVirtual2','playerVirtual2_4820204870',1,'2018-02-21 08:38:50',NULL,0),(200,'playerVirtual6','playerVirtual6_182859403',1,'2018-02-21 08:39:43',NULL,0),(201,'playerVirtual6','playerVirtual6_ea944a211f',4,'2018-02-21 08:39:43',NULL,0),(202,'playerVirtual6','playerVirtual6_182859403',1,'2018-02-21 08:39:43',NULL,0),(203,'playerVirtual4','playerVirtual4_fae0a076b9',4,'2018-02-21 08:39:46',NULL,0),(204,'playerVirtual10','playerVirtual10_6280643141',0,'2018-02-21 08:40:05',NULL,0),(205,'playerVirtual10','playerVirtual10_6280643141',0,'2018-02-21 08:40:06',NULL,0),(206,'playerVirtual1699','playerVirtual1699_6280638724',0,'2018-02-21 08:40:20',NULL,0),(207,'playerVirtual10','playerVirtual10_f88b25fef3',4,'2018-02-21 08:41:06',NULL,0),(208,'playerVirtual8','playerVirtual8_990694203',1,'2018-02-21 08:41:24',NULL,0),(209,'playerVirtual8','playerVirtual8_abcbc0a6c4',3,'2018-02-21 08:41:24',NULL,0),(210,'playerVirtual8','playerVirtual8_990694203',1,'2018-02-21 08:41:24',NULL,0),(211,'playerVirtual4','playerVirtual4_990694203',1,'2018-02-21 08:43:28',NULL,0),(212,'playerVirtual4','playerVirtual4_02677e7de1',3,'2018-02-21 08:43:28',NULL,0),(213,'playerVirtual4','playerVirtual4_990694203',1,'2018-02-21 08:43:28',NULL,0),(214,'playerVirtual2','playerVirtual2_4476462938',0,'2018-02-21 08:44:01',NULL,0),(215,'playerVirtual2','playerVirtual2_4476462938',0,'2018-02-21 08:44:02',NULL,0),(216,'playerVirtual2','playerVirtual2_695ac8eaeb',4,'2018-02-21 08:45:01',NULL,0),(217,'playerVirtual10','playerVirtual10_272887063',0,'2018-02-21 08:45:46',NULL,0),(218,'playerVirtual10','playerVirtual10_272887063',0,'2018-02-21 08:45:46',NULL,0),(219,'playerVirtual1064','playerVirtual1064_b6170b30dd',4,'2018-02-21 08:46:15',NULL,0),(220,'playerVirtual8','playerVirtual8_2359368952',0,'2018-02-21 08:46:29',NULL,0),(221,'playerVirtual8','playerVirtual8_2359368952',0,'2018-02-21 08:46:29',NULL,0),(222,'playerVirtual6','playerVirtual6_272887063',1,'2018-02-21 08:46:30',NULL,0),(223,'playerVirtual6','playerVirtual6_50a77bec9f',3,'2018-02-21 08:46:31',NULL,0),(224,'playerVirtual6','playerVirtual6_272887063',1,'2018-02-21 08:46:31',NULL,0),(225,'playerVirtual10','playerVirtual10_5decd3863d',3,'2018-02-21 08:46:46',NULL,0),(226,'playerVirtual8','playerVirtual8_a015749ee9',4,'2018-02-21 08:47:29',NULL,0),(227,'playerVirtual4','playerVirtual4_1436323714',0,'2018-02-21 08:49:00',NULL,0),(228,'playerVirtual4','playerVirtual4_1436323714',0,'2018-02-21 08:49:01',NULL,0),(229,'playerVirtual6','playerVirtual6_1094955',0,'2018-02-21 08:49:10',NULL,0),(230,'playerVirtual6','playerVirtual6_1094955',0,'2018-02-21 08:49:10',NULL,0),(231,'playerVirtual2','playerVirtual2_682797',0,'2018-02-21 08:49:13',NULL,0),(232,'playerVirtual2','playerVirtual2_682797',0,'2018-02-21 08:49:13',NULL,0),(233,'playerVirtual4','playerVirtual4_8cfe4c8540',4,'2018-02-21 08:50:01',NULL,0),(234,'playerVirtual6','playerVirtual6_5f5fe9cca0',4,'2018-02-21 08:50:10',NULL,0),(235,'playerVirtual2','playerVirtual2_bb12550b68',3,'2018-02-21 08:50:13',NULL,0),(236,'playerVirtual10','playerVirtual10_16914091',0,'2018-02-21 08:51:35',NULL,0),(237,'playerVirtual10','playerVirtual10_16914091',0,'2018-02-21 08:51:36',NULL,0),(238,'playerVirtual8','playerVirtual8_182859403',0,'2018-02-21 08:52:06',NULL,0),(239,'playerVirtual8','playerVirtual8_182859403',0,'2018-02-21 08:52:07',NULL,0),(240,'playerVirtual10','playerVirtual10_72e46a5266',4,'2018-02-21 08:52:36',NULL,0),(241,'playerVirtual8','playerVirtual8_4d69b8823a',3,'2018-02-21 08:53:07',NULL,0),(242,'playerVirtual4','playerVirtual4_6641406',0,'2018-02-21 08:54:15',NULL,0),(243,'playerVirtual4','playerVirtual4_6641406',0,'2018-02-21 08:54:15',NULL,0),(244,'playerVirtual1064','playerVirtual1064_214880781',0,'2018-02-21 08:54:41',NULL,0),(245,'playerVirtual4','playerVirtual4_9cc79f95c3',3,'2018-02-21 08:55:15',NULL,0),(246,'playerVirtual1064','playerVirtual1064_34083bbb8d',3,'2018-02-21 08:55:41',NULL,0),(247,'playerVirtual2','playerVirtual2_c9c035aaa0',4,'2018-02-21 08:56:20',NULL,0),(248,'playerVirtual6','playerVirtual6_6285257156',0,'2018-02-21 08:57:22',NULL,0),(249,'playerVirtual6','playerVirtual6_6285257156',0,'2018-02-21 08:57:23',NULL,0),(250,'playerVirtual1064','playerVirtual1064_3338579772',0,'2018-02-21 08:57:55',NULL,0),(251,'playerVirtual10','playerVirtual10_6955737',0,'2018-02-21 08:58:05',NULL,0),(252,'playerVirtual10','playerVirtual10_6955737',0,'2018-02-21 08:58:05',NULL,0),(253,'playerVirtual6','playerVirtual6_21e7c8fba7',3,'2018-02-21 08:58:22',NULL,0),(254,'playerVirtual1064','playerVirtual1064_09b87f61c9',4,'2018-02-21 08:58:55',NULL,0),(255,'playerVirtual8','playerVirtual8_6955737',0,'2018-02-21 08:59:00',NULL,0),(256,'playerVirtual8','playerVirtual8_6955737',0,'2018-02-21 08:59:00',NULL,0),(257,'playerVirtual10','playerVirtual10_0f5b9150b9',3,'2018-02-21 08:59:05',NULL,0),(258,'playerVirtual8','playerVirtual8_a24ac02b73',4,'2018-02-21 09:00:00',NULL,0),(259,'playerVirtual2','playerVirtual2_2381571381',0,'2018-02-21 09:01:01',NULL,0),(260,'playerVirtual2','playerVirtual2_2381571381',0,'2018-02-21 09:01:01',NULL,0),(261,'playerVirtual4','playerVirtual4_1438244924',0,'2018-02-21 09:01:38',NULL,0),(262,'playerVirtual4','playerVirtual4_1438244924',0,'2018-02-21 09:01:39',NULL,0),(263,'playerVirtual6','playerVirtual6_2378747961',0,'2018-02-21 09:02:00',NULL,0),(264,'playerVirtual6','playerVirtual6_2378747961',0,'2018-02-21 09:02:00',NULL,0),(265,'playerVirtual2','playerVirtual2_7fe933b35d',3,'2018-02-21 09:02:01',NULL,0),(266,'playerVirtual4','playerVirtual4_9c7afeda0e',4,'2018-02-21 09:02:39',NULL,0),(267,'playerVirtual6','playerVirtual6_8d029beec4',4,'2018-02-21 09:03:00',NULL,0),(268,'playerVirtual10','playerVirtual10_041bd4323e',4,'2018-02-21 09:03:54',NULL,0),(269,'playerVirtual8','playerVirtual8_1438244924',0,'2018-02-21 09:05:35',NULL,0),(270,'playerVirtual8','playerVirtual8_1438244924',0,'2018-02-21 09:05:35',NULL,0),(271,'playerVirtual8','playerVirtual8_f8ff01630b',3,'2018-02-21 09:06:35',NULL,0),(272,'playerVirtual19','playerVirtual19_43e7b85eca',4,'2018-02-21 09:06:41',NULL,0),(273,'playerVirtual4','playerVirtual4_2378747961',1,'2018-02-21 09:07:04',NULL,0),(274,'playerVirtual4','playerVirtual4_267fce12f2',3,'2018-02-21 09:07:04',NULL,0),(275,'playerVirtual4','playerVirtual4_2378747961',1,'2018-02-21 09:07:04',NULL,0),(276,'playerVirtual2','playerVirtual2_6289704471',0,'2018-02-21 09:08:51',NULL,0),(277,'playerVirtual2','playerVirtual2_6289704471',0,'2018-02-21 09:08:51',NULL,0),(278,'playerVirtual2','playerVirtual2_e938d150e5',4,'2018-02-21 09:09:51',NULL,0),(279,'playerVirtual1956','playerVirtual1956_061cf22b4e',4,'2018-02-21 09:10:09',NULL,0),(280,'playerVirtual10','playerVirtual10_1436344784',0,'2018-02-21 09:10:52',NULL,0),(281,'playerVirtual10','playerVirtual10_1436344784',0,'2018-02-21 09:10:52',NULL,0),(282,'playerVirtual6','playerVirtual6_6264344062',1,'2018-02-21 09:11:03',NULL,0),(283,'playerVirtual6','playerVirtual6_d81f1135ce',3,'2018-02-21 09:11:04',NULL,0),(284,'playerVirtual6','playerVirtual6_6264344062',1,'2018-02-21 09:11:04',NULL,0),(285,'playerVirtual10','playerVirtual10_000cfcf99d',3,'2018-02-21 09:11:52',NULL,0),(286,'playerVirtual8','playerVirtual8_794070039',0,'2018-02-21 09:12:56',NULL,0),(287,'playerVirtual8','playerVirtual8_794070039',0,'2018-02-21 09:12:56',NULL,0),(288,'playerVirtual8','playerVirtual8_fc7bb74d74',4,'2018-02-21 09:13:56',NULL,0),(289,'playerVirtual4','playerVirtual4_98e7cfafe2',4,'2018-02-21 09:14:06',NULL,0),(290,'playerVirtual6','playerVirtual6_b715448124',4,'2018-02-21 09:14:48',NULL,0),(291,'playerVirtual2','playerVirtual2_1095593',1,'2018-02-21 09:15:09',NULL,0),(292,'playerVirtual2','playerVirtual2_90c98c11dc',3,'2018-02-21 09:15:10',NULL,0),(293,'playerVirtual2','playerVirtual2_1095593',1,'2018-02-21 09:15:10',NULL,0),(294,'playerVirtual19','playerVirtual19_990694203',0,'2018-02-21 09:18:15',NULL,0),(295,'playerVirtual19','playerVirtual19_990694203',0,'2018-02-21 09:18:15',NULL,0),(296,'playerVirtual10','playerVirtual10_6296865278',0,'2018-02-21 09:19:01',NULL,0),(297,'playerVirtual10','playerVirtual10_6296865278',0,'2018-02-21 09:19:01',NULL,0),(298,'playerVirtual19','playerVirtual19_a69cc5cb18',3,'2018-02-21 09:19:15',NULL,0),(299,'playerVirtual10','playerVirtual10_ddafdddfb3',4,'2018-02-21 09:20:02',NULL,0),(300,'playerVirtual19','playerVirtual19_787b36fbbd',4,'2018-02-21 09:20:16',NULL,0),(301,'playerVirtual4','playerVirtual4_6274355716',1,'2018-02-21 09:20:55',NULL,0),(302,'playerVirtual4','playerVirtual4_708bce99ce',3,'2018-02-21 09:20:55',NULL,0),(303,'playerVirtual4','playerVirtual4_6274355716',1,'2018-02-21 09:20:55',NULL,0),(304,'playerVirtual8','playerVirtual8_182859403',1,'2018-02-21 09:22:44',NULL,0),(305,'playerVirtual8','playerVirtual8_be9cecd5d4',3,'2018-02-21 09:22:44',NULL,0),(306,'playerVirtual8','playerVirtual8_182859403',1,'2018-02-21 09:22:44',NULL,0),(307,'playerVirtual1956','playerVirtual1956_6296268057',0,'2018-02-21 09:23:03',NULL,0),(308,'playerVirtual1956','playerVirtual1956_6296268057',0,'2018-02-21 09:23:04',NULL,0),(309,'playerVirtual6','playerVirtual6_05ee08cdd7',3,'2018-02-21 09:23:22',NULL,0),(310,'playerVirtual1956','playerVirtual1956_83da97dccd',3,'2018-02-21 09:24:04',NULL,0),(311,'playerVirtual2','playerVirtual2_182859403',0,'2018-02-21 09:25:01',NULL,0),(312,'playerVirtual2','playerVirtual2_c2aeec3861',4,'2018-02-21 09:25:01',NULL,0),(313,'playerVirtual2','playerVirtual2_182859403',0,'2018-02-21 09:25:02',NULL,0),(314,'playerVirtual10','playerVirtual10_6264344062',0,'2018-02-21 09:28:40',NULL,0),(315,'playerVirtual10','playerVirtual10_6264344062',0,'2018-02-21 09:28:40',NULL,0),(316,'playerVirtual10','playerVirtual10_a47a3351d0',3,'2018-02-21 09:29:40',NULL,0),(317,'playerVirtual2','playerVirtual2_182859403',1,'2018-02-21 09:30:19',NULL,0),(318,'playerVirtual2','playerVirtual2_c5a4d3a0ae',3,'2018-02-21 09:30:19',NULL,0),(319,'playerVirtual2','playerVirtual2_182859403',1,'2018-02-21 09:30:20',NULL,0),(320,'playerVirtual4','playerVirtual4_6301942525',0,'2018-02-21 09:30:28',NULL,0),(321,'playerVirtual4','playerVirtual4_6301942525',0,'2018-02-21 09:30:28',NULL,0),(322,'playerVirtual8','playerVirtual8_5297461910',0,'2018-02-21 09:31:01',NULL,0),(323,'playerVirtual8','playerVirtual8_5297461910',0,'2018-02-21 09:31:01',NULL,0),(324,'playerVirtual4','playerVirtual4_20e1c9eb85',4,'2018-02-21 09:31:28',NULL,0),(325,'playerVirtual1801','playerVirtual1801_414e960bba',4,'2018-02-21 09:31:29',NULL,0),(326,'playerVirtual8','playerVirtual8_074690da18',4,'2018-02-21 09:32:01',NULL,0),(327,'playerVirtual6','playerVirtual6_6289704471',0,'2018-02-21 09:32:51',NULL,0),(328,'playerVirtual6','playerVirtual6_6289704471',0,'2018-02-21 09:32:52',NULL,0),(329,'playerVirtual6','playerVirtual6_e55f2f3529',4,'2018-02-21 09:33:52',NULL,0),(330,'playerVirtual19','playerVirtual19_990694203',0,'2018-02-21 09:35:15',NULL,0),(331,'playerVirtual19','playerVirtual19_b276894f50',3,'2018-02-21 09:35:15',NULL,0),(332,'playerVirtual19','playerVirtual19_990694203',0,'2018-02-21 09:35:15',NULL,0),(333,'playerVirtual19','playerVirtual19_a86b425880',4,'2018-02-21 09:36:16',NULL,0),(334,'playerVirtual10','playerVirtual10_d08702aa5a',4,'2018-02-21 09:38:35',NULL,0),(335,'playerVirtual4','playerVirtual4_904011',1,'2018-02-21 09:40:01',NULL,0),(336,'playerVirtual4','playerVirtual4_181d40da89',3,'2018-02-21 09:40:01',NULL,0),(337,'playerVirtual4','playerVirtual4_904011',1,'2018-02-21 09:40:01',NULL,0),(338,'playerVirtual2','playerVirtual2_cd55170d68',4,'2018-02-21 09:41:48',NULL,0),(339,'playerVirtual8','playerVirtual8_182859403',0,'2018-02-21 09:42:36',NULL,0),(340,'playerVirtual8','playerVirtual8_224aa04bce',3,'2018-02-21 09:42:36',NULL,0),(341,'playerVirtual8','playerVirtual8_182859403',0,'2018-02-21 09:42:36',NULL,0),(342,'playerVirtual6','playerVirtual6_908315',0,'2018-02-21 09:43:17',NULL,0),(343,'playerVirtual6','playerVirtual6_908315',0,'2018-02-21 09:43:17',NULL,0),(344,'playerVirtual6','playerVirtual6_a456f775ff',3,'2018-02-21 09:44:17',NULL,0),(345,'playerVirtual2','playerVirtual2_6289704471',1,'2018-02-21 09:47:41',NULL,0),(346,'playerVirtual2','playerVirtual2_01963c2046',3,'2018-02-21 09:47:41',NULL,0),(347,'playerVirtual2','playerVirtual2_6289704471',1,'2018-02-21 09:47:41',NULL,0),(348,'playerVirtual4','playerVirtual4_494f73ff32',4,'2018-02-21 09:50:09',NULL,0),(349,'playerVirtual10','playerVirtual10_4246147567',0,'2018-02-21 09:50:10',NULL,0),(350,'playerVirtual10','playerVirtual10_4246147567',0,'2018-02-21 09:50:10',NULL,0),(351,'playerVirtual10','playerVirtual10_077d1949ae',3,'2018-02-21 09:51:10',NULL,0),(352,'playerVirtual1898','playerVirtual1898_2c5214d867',4,'2018-02-21 09:51:19',NULL,0),(353,'playerVirtual8','playerVirtual8_6289704471',0,'2018-02-21 09:52:51',NULL,0),(354,'playerVirtual8','playerVirtual8_6289704471',0,'2018-02-21 09:52:52',NULL,0),(355,'playerVirtual8','playerVirtual8_89522552db',4,'2018-02-21 09:53:52',NULL,0),(356,'playerVirtual6','playerVirtual6_cb41964587',4,'2018-02-21 09:54:01',NULL,0),(357,'playerVirtual19','playerVirtual19_539194189',0,'2018-02-21 09:54:15',NULL,0),(358,'playerVirtual19','playerVirtual19_539194189',0,'2018-02-21 09:54:16',NULL,0),(359,'playerVirtual19','playerVirtual19_68adcf8e4a',3,'2018-02-21 09:55:16',NULL,0),(360,'playerVirtual19','playerVirtual19_4246147567',0,'2018-02-21 09:59:03',NULL,0),(361,'playerVirtual19','playerVirtual19_4246147567',0,'2018-02-21 09:59:03',NULL,0),(362,'playerVirtual19','playerVirtual19_56d18c93ff',4,'2018-02-21 10:00:03',NULL,0),(363,'playerVirtual10','playerVirtual10_4246147567',1,'2018-02-21 10:00:05',NULL,0),(364,'playerVirtual10','playerVirtual10_a493851e28',4,'2018-02-21 10:00:05',NULL,0),(365,'playerVirtual10','playerVirtual10_4246147567',1,'2018-02-21 10:00:06',NULL,0),(366,'playerVirtual4','playerVirtual4_4246147567',0,'2018-02-21 10:01:10',NULL,0),(367,'playerVirtual4','playerVirtual4_4246147567',0,'2018-02-21 10:01:11',NULL,0),(368,'playerVirtual4','playerVirtual4_9e95dfd796',3,'2018-02-21 10:02:11',NULL,0),(369,'playerVirtual2','playerVirtual2_4246147567',0,'2018-02-21 10:02:43',NULL,0),(370,'playerVirtual2','playerVirtual2_4246147567',0,'2018-02-21 10:02:43',NULL,0),(371,'playerVirtual2','playerVirtual2_88c7c94998',4,'2018-02-21 10:03:43',NULL,0),(372,'playerVirtual8','playerVirtual8_6315250734',0,'2018-02-21 10:05:03',NULL,0),(373,'playerVirtual8','playerVirtual8_6315250734',0,'2018-02-21 10:05:03',NULL,0),(374,'playerVirtual6','playerVirtual6_4246147567',0,'2018-02-21 10:05:51',NULL,0),(375,'playerVirtual6','playerVirtual6_4246147567',0,'2018-02-21 10:05:53',NULL,0),(376,'playerVirtual8','playerVirtual8_07ab407f11',3,'2018-02-21 10:06:03',NULL,0),(377,'playerVirtual6','playerVirtual6_4c6e579b5a',3,'2018-02-21 10:06:51',NULL,0),(378,'playerVirtual2','playerVirtual2_34a5236d76',3,'2018-02-21 10:09:36',NULL,0);
/*!40000 ALTER TABLE `REQUEST` ENABLE KEYS */;
UNLOCK TABLES;

--
-- Table structure for table `STATUS`
--

DROP TABLE IF EXISTS `STATUS`;
/*!40101 SET @saved_cs_client     = @@character_set_client */;
/*!40101 SET character_set_client = utf8 */;
CREATE TABLE `STATUS` (
  `id` int(11) NOT NULL AUTO_INCREMENT,
  `players` int(11) DEFAULT '0',
  `all_requests` int(11) DEFAULT '0',
  `accepts` int(11) DEFAULT '0',
  `rejects` int(11) DEFAULT '0',
  `fairness` float DEFAULT '0',
  `timestamp` timestamp NULL DEFAULT NULL,
  PRIMARY KEY (`id`)
) ENGINE=InnoDB AUTO_INCREMENT=32 DEFAULT CHARSET=utf8;
/*!40101 SET character_set_client = @saved_cs_client */;

--
-- Dumping data for table `STATUS`
--

LOCK TABLES `STATUS` WRITE;
/*!40000 ALTER TABLE `STATUS` DISABLE KEYS */;
INSERT INTO `STATUS` VALUES (1,0,0,0,0,0,'2018-02-21 07:40:22'),(2,2,4,2,2,0.5,'2018-02-21 07:45:22'),(3,2,8,4,4,0.5,'2018-02-21 07:50:22'),(4,4,12,7,5,0.583333,'2018-02-21 07:55:22'),(5,4,18,11,7,0.611111,'2018-02-21 08:00:22'),(6,6,22,15,7,0.681818,'2018-02-21 08:05:23'),(7,6,27,18,9,0.666667,'2018-02-21 08:10:23'),(8,7,35,23,12,0.657143,'2018-02-21 08:15:23'),(9,7,41,27,14,0.658537,'2018-02-21 08:20:23'),(10,9,45,31,14,0.688889,'2018-02-21 08:25:23'),(11,9,54,36,18,0.666667,'2018-02-21 08:30:23'),(12,9,58,39,19,0.672414,'2018-02-21 08:35:23'),(13,9,62,41,21,0.66129,'2018-02-21 08:40:23'),(14,10,63,40,23,0.634921,'2018-02-21 08:45:24'),(15,10,68,44,24,0.647059,'2018-02-21 08:50:24'),(16,10,71,45,26,0.633803,'2018-02-21 08:55:24'),(17,10,74,45,29,0.608108,'2018-02-21 09:00:24'),(18,10,77,45,32,0.584416,'2018-02-21 09:05:24'),(19,12,79,46,33,0.582278,'2018-02-21 09:10:24'),(20,12,81,47,34,0.580247,'2018-02-21 09:15:24'),(21,12,83,48,35,0.578313,'2018-02-21 09:20:24'),(22,12,85,50,35,0.588235,'2018-02-21 09:25:25'),(23,12,86,50,36,0.581395,'2018-02-21 09:30:25'),(24,13,90,52,38,0.577778,'2018-02-21 09:35:25'),(25,13,90,52,38,0.577778,'2018-02-21 09:40:25'),(26,13,92,54,38,0.586957,'2018-02-21 09:45:25'),(27,14,93,55,38,0.591398,'2018-02-21 09:50:25'),(28,14,95,55,40,0.578947,'2018-02-21 09:55:25'),(29,14,96,55,41,0.572917,'2018-02-21 10:00:25'),(30,14,99,57,42,0.575758,'2018-02-21 10:05:26'),(31,14,100,57,43,0.57,'2018-02-21 10:10:26');
/*!40000 ALTER TABLE `STATUS` ENABLE KEYS */;
UNLOCK TABLES;

--
-- Table structure for table `THRESHOLD`
--

DROP TABLE IF EXISTS `THRESHOLD`;
/*!40101 SET @saved_cs_client     = @@character_set_client */;
/*!40101 SET character_set_client = utf8 */;
CREATE TABLE `THRESHOLD` (
  `division` int(11) NOT NULL,
  `botton` float DEFAULT '0',
  `top` float DEFAULT '0',
  PRIMARY KEY (`division`)
) ENGINE=InnoDB DEFAULT CHARSET=utf8;
/*!40101 SET character_set_client = @saved_cs_client */;

--
-- Dumping data for table `THRESHOLD`
--

LOCK TABLES `THRESHOLD` WRITE;
/*!40000 ALTER TABLE `THRESHOLD` DISABLE KEYS */;
INSERT INTO `THRESHOLD` VALUES (1,8.76,20),(2,4.38,8.76),(3,0,4.38);
/*!40000 ALTER TABLE `THRESHOLD` ENABLE KEYS */;
UNLOCK TABLES;

--
-- Table structure for table `VM`
--

DROP TABLE IF EXISTS `VM`;
/*!40101 SET @saved_cs_client     = @@character_set_client */;
/*!40101 SET character_set_client = utf8 */;
CREATE TABLE `VM` (
  `id` int(11) NOT NULL AUTO_INCREMENT,
  `origin_add` varchar(45) NOT NULL,
  `origin_id` varchar(45) NOT NULL,
  `origin_name` varchar(45) NOT NULL,
  `destiny_add` varchar(45) NOT NULL,
  `destiny_name` varchar(45) NOT NULL,
  `destiny_id` varchar(45) NOT NULL,
  `status` tinyint(1) NOT NULL,
  `has_resources` tinyint(1) NOT NULL,
  `vcpus` int(11) NOT NULL,
  `mem` bigint(20) NOT NULL,
  `disk` bigint(20) NOT NULL,
  `timestamp_received` timestamp NULL DEFAULT NULL,
  `timestamp_finished` timestamp NULL DEFAULT NULL,
  PRIMARY KEY (`id`)
) ENGINE=InnoDB AUTO_INCREMENT=101 DEFAULT CHARSET=utf8;
/*!40101 SET character_set_client = @saved_cs_client */;

--
-- Dumping data for table `VM`
--

LOCK TABLES `VM` WRITE;
/*!40000 ALTER TABLE `VM` DISABLE KEYS */;
INSERT INTO `VM` VALUES (1,'192.168.0.200','playerVirtual2_450512000','playerVirtual2','192.168.0.200','playerVirtual0','playerVirtual2_450512000',0,1,1,2048,20,'2018-02-21 07:42:45','2018-02-21 07:42:45'),(2,'192.168.0.200','playerVirtual0_1438244924','playerVirtual0','192.168.0.200','playerVirtual2','playerVirtual2_1dde6c0a79',1,1,1,2048,20,'2018-02-21 07:42:48',NULL),(3,'192.168.0.200','playerVirtual2_640692267','playerVirtual2','192.168.0.200','playerVirtual0','playerVirtual2_640692267',0,1,1,512,1,'2018-02-21 07:44:50','2018-02-21 07:44:50'),(4,'192.168.0.200','playerVirtual0_2381571381','playerVirtual0','192.168.0.200','playerVirtual2','playerVirtual2_5d24112240',1,1,1,2048,20,'2018-02-21 07:44:52',NULL),(5,'192.168.0.200','playerVirtual2_5297461910','playerVirtual2','192.168.0.200','playerVirtual0','playerVirtual2_5297461910',0,1,1,512,1,'2018-02-21 07:46:54','2018-02-21 07:46:54'),(6,'192.168.0.200','playerVirtual0_2790332778','playerVirtual0','192.168.0.200','playerVirtual2','playerVirtual2_d7c4a84818',1,1,2,4096,40,'2018-02-21 07:47:00',NULL),(7,'192.168.0.200','playerVirtual2_369721705','playerVirtual2','192.168.0.200','playerVirtual0','playerVirtual2_369721705',0,1,2,4096,40,'2018-02-21 07:49:03','2018-02-21 07:49:03'),(8,'192.168.0.200','playerVirtual0_317469422','playerVirtual0','192.168.0.200','playerVirtual2','playerVirtual2_60ad4b81b5',1,1,2,4096,40,'2018-02-21 07:49:05',NULL),(9,'192.168.0.200','playerVirtual4_3584940347','playerVirtual4','192.168.0.200','playerVirtual2','playerVirtual2_8ca7e47885',1,1,1,512,1,'2018-02-21 07:52:54',NULL),(10,'192.168.0.200','playerVirtual2_2433236783','playerVirtual2','192.168.0.200','playerVirtual4','playerVirtual4_f6b6604d60',1,1,1,2048,20,'2018-02-21 07:53:17',NULL),(11,'192.168.0.200','playerVirtual1358_3338579772','playerVirtual1358','192.168.0.200','playerVirtual2','playerVirtual2_55e964606b',1,1,1,2048,20,'2018-02-21 07:54:33',NULL),(12,'192.168.0.200','playerVirtual4_257407216','playerVirtual4','192.168.0.200','playerVirtual1358','playerVirtual4_257407216',0,1,2,4096,40,'2018-02-21 07:54:55','2018-02-21 07:54:55'),(13,'192.168.0.200','playerVirtual2_182859403','playerVirtual2','192.168.0.200','playerVirtual4','playerVirtual4_5db26d6a93',3,1,1,512,1,'2018-02-21 07:55:29','2018-02-21 09:30:20'),(14,'192.168.0.200','playerVirtual1358_2359368952','playerVirtual1358','192.168.0.200','playerVirtual4','playerVirtual4_b4f6422dab',1,1,1,512,1,'2018-02-21 07:56:44',NULL),(15,'192.168.0.200','playerVirtual4_16917741','playerVirtual4','192.168.0.200','playerVirtual1358','playerVirtual4_16917741',0,1,1,512,1,'2018-02-21 07:57:22','2018-02-21 07:57:22'),(16,'192.168.0.200','playerVirtual2_2545640208','playerVirtual2','192.168.0.200','playerVirtual4','playerVirtual4_92cd89b99e',1,1,1,2048,20,'2018-02-21 07:57:54',NULL),(17,'192.168.0.200','playerVirtual1358_908315','playerVirtual1358','192.168.0.200','playerVirtual4','playerVirtual4_947265eeab',1,1,1,2048,20,'2018-02-21 07:59:11',NULL),(18,'192.168.0.200','playerVirtual4_539194189','playerVirtual4','192.168.0.200','playerVirtual1358','playerVirtual4_539194189',0,1,1,2048,20,'2018-02-21 07:59:41','2018-02-21 07:59:41'),(19,'192.168.0.200','playerVirtual2_4820204870','playerVirtual2','192.168.0.200','playerVirtual4','playerVirtual4_aee6032b06',3,1,2,4096,40,'2018-02-21 08:00:56','2018-02-21 08:38:50'),(20,'192.168.0.200','playerVirtual4_1429160667','playerVirtual4','192.168.0.200','playerVirtual6','playerVirtual6_aa725c497b',1,1,1,2048,20,'2018-02-21 08:03:40',NULL),(21,'192.168.0.200','playerVirtual2_82730999','playerVirtual2','192.168.0.200','playerVirtual4','playerVirtual4_cf7f2239b4',1,1,1,512,1,'2018-02-21 08:04:18',NULL),(22,'192.168.0.200','playerVirtual6_3338010893','playerVirtual6','192.168.0.200','playerVirtual4','playerVirtual4_ad1dbe44a5',1,1,1,512,1,'2018-02-21 08:04:59',NULL),(23,'192.168.0.200','playerVirtual4_351652724','playerVirtual4','192.168.0.200','playerVirtual1471','playerVirtual4_351652724',0,1,1,2048,20,'2018-02-21 08:06:07','2018-02-21 08:06:07'),(24,'192.168.0.200','playerVirtual6_1436344784','playerVirtual6','192.168.0.200','playerVirtual1471','playerVirtual6_1436344784',0,1,1,2048,20,'2018-02-21 08:07:12','2018-02-21 08:07:12'),(25,'192.168.0.200','playerVirtual2_778566023','playerVirtual2','192.168.0.200','playerVirtual6','playerVirtual6_de05bde07d',1,1,1,512,1,'2018-02-21 08:07:23',NULL),(26,'192.168.0.200','playerVirtual1471_6571218','playerVirtual1471','192.168.0.200','playerVirtual6','playerVirtual6_7955dddf95',1,1,1,2048,20,'2018-02-21 08:08:26',NULL),(27,'192.168.0.200','playerVirtual4_1339662','playerVirtual4','192.168.0.200','playerVirtual2','playerVirtual2_6f017658cf',1,1,1,2048,20,'2018-02-21 08:10:12',NULL),(28,'192.168.0.200','playerVirtual1471_359920779','playerVirtual1471','192.168.0.200','playerVirtual6','playerVirtual6_f7f8d4c37d',1,1,1,512,1,'2018-02-21 08:10:36',NULL),(29,'192.168.0.200','playerVirtual2_284794223','playerVirtual2','192.168.0.200','playerVirtual4','playerVirtual4_03fe984cc5',1,1,1,2048,20,'2018-02-21 08:10:51',NULL),(30,'192.168.0.200','playerVirtual6_317497342','playerVirtual6','192.168.0.200','playerVirtual1471','playerVirtual6_317497342',0,1,1,512,1,'2018-02-21 08:11:32','2018-02-21 08:11:32'),(31,'192.168.0.200','playerVirtual4_904011','playerVirtual4','192.168.0.200','playerVirtual8','playerVirtual8_b6a59a1856',3,1,1,2048,20,'2018-02-21 08:12:40','2018-02-21 09:40:01'),(32,'192.168.0.200','playerVirtual6_1093460','playerVirtual6','192.168.0.200','playerVirtual1471','playerVirtual6_1093460',0,1,1,512,1,'2018-02-21 08:13:47','2018-02-21 08:13:47'),(33,'192.168.0.200','playerVirtual2_905614','playerVirtual2','192.168.0.200','playerVirtual6','playerVirtual6_36c2a47922',1,1,1,2048,20,'2018-02-21 08:13:57',NULL),(34,'192.168.0.200','playerVirtual1471_2904109077','playerVirtual1471','192.168.0.200','playerVirtual8','playerVirtual8_67ce8bfdc1',1,1,1,512,1,'2018-02-21 08:15:00',NULL),(35,'192.168.0.200','playerVirtual8_257338074','playerVirtual8','192.168.0.200','playerVirtual1471','playerVirtual8_257338074',0,1,2,4096,40,'2018-02-21 08:15:14','2018-02-21 08:15:14'),(36,'192.168.0.200','playerVirtual4_6569547','playerVirtual4','192.168.0.200','playerVirtual2','playerVirtual2_17d912c588',1,1,1,2048,20,'2018-02-21 08:16:48',NULL),(37,'192.168.0.200','playerVirtual1471_5792765','playerVirtual1471','192.168.0.200','playerVirtual6','playerVirtual6_a64c67bdff',1,1,1,512,1,'2018-02-21 08:17:16',NULL),(38,'192.168.0.200','playerVirtual8_38671842','playerVirtual8','192.168.0.200','playerVirtual1471','playerVirtual8_38671842',0,1,1,512,1,'2018-02-21 08:17:28','2018-02-21 08:17:28'),(39,'192.168.0.200','playerVirtual2_30788568','playerVirtual2','192.168.0.200','playerVirtual8','playerVirtual8_f964b9863c',1,1,1,512,1,'2018-02-21 08:17:31',NULL),(40,'192.168.0.200','playerVirtual6_470485660','playerVirtual6','192.168.0.200','playerVirtual1471','playerVirtual6_470485660',0,1,2,4096,40,'2018-02-21 08:18:09','2018-02-21 08:18:09'),(41,'192.168.0.200','playerVirtual4_400453824','playerVirtual4','192.168.0.200','playerVirtual2','playerVirtual2_d8fca8c2e2',1,1,1,512,1,'2018-02-21 08:19:28',NULL),(42,'192.168.0.200','playerVirtual6_6264344062','playerVirtual6','192.168.0.200','playerVirtual8','playerVirtual8_64b48dc1aa',3,1,1,512,1,'2018-02-21 08:20:47','2018-02-21 09:11:04'),(43,'192.168.0.200','playerVirtual2_4820217293','playerVirtual2','192.168.0.200','playerVirtual6','playerVirtual6_1309a790fe',1,1,2,4096,40,'2018-02-21 08:20:57',NULL),(44,'192.168.0.200','playerVirtual8_4819935267','playerVirtual8','192.168.0.200','playerVirtual10','playerVirtual10_b3cf5a30f3',1,1,2,4096,40,'2018-02-21 08:22:11',NULL),(45,'192.168.0.200','playerVirtual4_2378747961','playerVirtual4','192.168.0.200','playerVirtual8','playerVirtual8_cce3b0213e',3,1,1,512,1,'2018-02-21 08:23:58','2018-02-21 09:07:05'),(46,'192.168.0.200','playerVirtual10_5068098508','playerVirtual10','192.168.0.200','playerVirtual1699','playerVirtual10_5068098508',0,1,1,2048,20,'2018-02-21 08:25:53','2018-02-21 08:25:53'),(47,'192.168.0.200','playerVirtual2_1095593','playerVirtual2','192.168.0.200','playerVirtual10','playerVirtual10_0368776081',3,1,1,512,1,'2018-02-21 08:26:00','2018-02-21 09:15:10'),(48,'192.168.0.200','playerVirtual8_2148750930','playerVirtual8','192.168.0.200','playerVirtual1699','playerVirtual8_2148750930',0,1,1,2048,20,'2018-02-21 08:26:00','2018-02-21 08:26:00'),(49,'192.168.0.200','playerVirtual6_227443932','playerVirtual6','192.168.0.200','playerVirtual8','playerVirtual8_103c053252',1,1,1,2048,20,'2018-02-21 08:26:37',NULL),(50,'192.168.0.200','playerVirtual4_765651','playerVirtual4','192.168.0.200','playerVirtual10','playerVirtual10_a00394a642',1,1,1,2048,20,'2018-02-21 08:28:07',NULL),(51,'192.168.0.200','playerVirtual10_16915963','playerVirtual10','192.168.0.200','playerVirtual1699','playerVirtual10_16915963',0,1,1,2048,20,'2018-02-21 08:29:22','2018-02-21 08:29:22'),(52,'192.168.0.200','playerVirtual6_272887063','playerVirtual6','192.168.0.200','playerVirtual8','playerVirtual8_680248fb64',3,1,1,2048,20,'2018-02-21 08:29:34','2018-02-21 08:46:31'),(53,'192.168.0.200','playerVirtual1699_563574327','playerVirtual1699','192.168.0.200','playerVirtual10','playerVirtual10_9a7abe82ab',1,1,1,2048,20,'2018-02-21 08:29:37',NULL),(54,'192.168.0.200','playerVirtual2_5623125514','playerVirtual2','192.168.0.200','playerVirtual1699','playerVirtual2_5623125514',0,1,1,2048,20,'2018-02-21 08:29:42','2018-02-21 08:29:42'),(55,'192.168.0.200','playerVirtual8_284757920','playerVirtual8','192.168.0.200','playerVirtual10','playerVirtual10_27ca3f9ba4',1,1,1,2048,20,'2018-02-21 08:30:57',NULL),(56,'192.168.0.200','playerVirtual4_6274355716','playerVirtual4','192.168.0.200','playerVirtual8','playerVirtual8_f3b39f2934',3,1,1,512,1,'2018-02-21 08:32:49','2018-02-21 09:20:55'),(57,'192.168.0.200','playerVirtual1699_4820204870','playerVirtual1699','192.168.0.200','playerVirtual10','playerVirtual10_f2a0375c63',1,1,2,4096,40,'2018-02-21 08:33:10',NULL),(58,'192.168.0.200','playerVirtual10_38676294','playerVirtual10','192.168.0.200','playerVirtual1699','playerVirtual10_38676294',0,1,1,512,1,'2018-02-21 08:34:45','2018-02-21 08:34:45'),(59,'192.168.0.200','playerVirtual8_990694203','playerVirtual8','192.168.0.200','playerVirtual4','playerVirtual4_1db976b24f',3,1,1,2048,20,'2018-02-21 08:36:27','2018-02-21 08:41:24'),(60,'192.168.0.200','playerVirtual6_182859403','playerVirtual6','192.168.0.200','playerVirtual8','playerVirtual8_9b32545280',3,1,1,512,1,'2018-02-21 08:36:31','2018-02-21 08:39:43'),(61,'192.168.0.200','playerVirtual4_990694203','playerVirtual4','192.168.0.200','playerVirtual10','playerVirtual10_dd48d00379',3,1,1,2048,20,'2018-02-21 08:38:46','2018-02-21 08:43:28'),(62,'192.168.0.200','playerVirtual10_6280643141','playerVirtual10','192.168.0.200','playerVirtual1699','playerVirtual10_6280643141',0,1,1,512,1,'2018-02-21 08:40:06','2018-02-21 08:40:06'),(63,'192.168.0.200','playerVirtual2_4476462938','playerVirtual2','192.168.0.200','playerVirtual4','playerVirtual4_06d5b9d4c9',1,1,1,2048,20,'2018-02-21 08:44:02',NULL),(64,'192.168.0.200','playerVirtual10_272887063','playerVirtual10','192.168.0.200','playerVirtual8','playerVirtual8_70a0b68c46',1,1,1,2048,20,'2018-02-21 08:45:46',NULL),(65,'192.168.0.200','playerVirtual8_2359368952','playerVirtual8','192.168.0.200','playerVirtual1064','playerVirtual8_2359368952',0,1,1,512,1,'2018-02-21 08:46:30','2018-02-21 08:46:30'),(66,'192.168.0.200','playerVirtual4_1436323714','playerVirtual4','192.168.0.200','playerVirtual10','playerVirtual10_6c0e1548e9',1,1,1,2048,20,'2018-02-21 08:49:01',NULL),(67,'192.168.0.200','playerVirtual6_1094955','playerVirtual6','192.168.0.200','playerVirtual4','playerVirtual4_20a0e999ce',1,1,1,512,1,'2018-02-21 08:49:10',NULL),(68,'192.168.0.200','playerVirtual2_682797','playerVirtual2','192.168.0.200','playerVirtual8','playerVirtual8_0deb83d77e',1,1,1,2048,20,'2018-02-21 08:49:13',NULL),(69,'192.168.0.200','playerVirtual10_16914091','playerVirtual10','192.168.0.200','playerVirtual1064','playerVirtual10_16914091',0,1,1,2048,20,'2018-02-21 08:51:36','2018-02-21 08:51:36'),(70,'192.168.0.200','playerVirtual8_182859403','playerVirtual8','192.168.0.200','playerVirtual10','playerVirtual10_45d8e10502',3,1,1,512,1,'2018-02-21 08:52:07','2018-02-21 09:22:44'),(71,'192.168.0.200','playerVirtual4_6641406','playerVirtual4','192.168.0.200','playerVirtual1064','playerVirtual4_6641406',0,1,1,2048,20,'2018-02-21 08:54:15','2018-02-21 08:54:15'),(72,'192.168.0.200','playerVirtual6_6285257156','playerVirtual6','192.168.0.200','playerVirtual1064','playerVirtual6_6285257156',0,1,1,512,1,'2018-02-21 08:57:23','2018-02-21 08:57:23'),(73,'192.168.0.200','playerVirtual10_6955737','playerVirtual10','192.168.0.200','playerVirtual1064','playerVirtual10_6955737',0,1,1,2048,20,'2018-02-21 08:58:05','2018-02-21 08:58:05'),(74,'192.168.0.200','playerVirtual8_6955737','playerVirtual8','192.168.0.200','playerVirtual1064','playerVirtual8_6955737',0,1,1,2048,20,'2018-02-21 08:59:00','2018-02-21 08:59:00'),(75,'192.168.0.200','playerVirtual2_2381571381','playerVirtual2','192.168.0.200','playerVirtual6','playerVirtual2_2381571381',0,0,1,2048,20,'2018-02-21 09:01:01','2018-02-21 09:01:01'),(76,'192.168.0.200','playerVirtual4_1438244924','playerVirtual4','192.168.0.200','playerVirtual2','playerVirtual4_1438244924',0,0,1,2048,20,'2018-02-21 09:01:39','2018-02-21 09:01:39'),(77,'192.168.0.200','playerVirtual6_2378747961','playerVirtual6','192.168.0.200','playerVirtual4','playerVirtual6_2378747961',0,0,1,512,1,'2018-02-21 09:02:00','2018-02-21 09:02:00'),(78,'192.168.0.200','playerVirtual8_1438244924','playerVirtual8','192.168.0.200','playerVirtual10','playerVirtual8_1438244924',0,0,1,2048,20,'2018-02-21 09:05:35','2018-02-21 09:05:35'),(79,'192.168.0.200','playerVirtual2_6289704471','playerVirtual2','192.168.0.200','playerVirtual19','playerVirtual19_bc23a8a85c',3,1,1,512,1,'2018-02-21 09:08:51','2018-02-21 09:47:41'),(80,'192.168.0.200','playerVirtual10_1436344784','playerVirtual10','192.168.0.200','playerVirtual1956','playerVirtual10_1436344784',0,1,1,2048,20,'2018-02-21 09:10:52','2018-02-21 09:10:52'),(81,'192.168.0.200','playerVirtual8_794070039','playerVirtual8','192.168.0.200','playerVirtual19','playerVirtual19_5b2ae84202',1,1,1,512,1,'2018-02-21 09:12:57',NULL),(82,'192.168.0.200','playerVirtual19_990694203','playerVirtual19','192.168.0.200','playerVirtual1956','playerVirtual19_990694203',0,1,1,2048,20,'2018-02-21 09:18:15','2018-02-21 09:18:15'),(83,'192.168.0.200','playerVirtual10_6296865278','playerVirtual10','192.168.0.200','playerVirtual8','playerVirtual8_f784948ce1',1,1,1,512,1,'2018-02-21 09:19:02',NULL),(84,'192.168.0.200','playerVirtual1956_6296268057','playerVirtual1956','192.168.0.200','playerVirtual19','playerVirtual19_cf31726b1e',1,1,1,512,1,'2018-02-21 09:23:04',NULL),(85,'192.168.0.200','playerVirtual2_182859403','playerVirtual2','192.168.0.200','playerVirtual10','playerVirtual10_5dec41efc5',3,1,1,512,1,'2018-02-21 09:25:02','2018-02-21 09:30:20'),(86,'192.168.0.200','playerVirtual10_6264344062','playerVirtual10','192.168.0.200','playerVirtual19','playerVirtual19_5f5957bca9',1,1,1,2048,20,'2018-02-21 09:28:40',NULL),(87,'192.168.0.200','playerVirtual4_6301942525','playerVirtual4','192.168.0.200','playerVirtual10','playerVirtual10_528d66fef6',1,1,1,512,1,'2018-02-21 09:30:28',NULL),(88,'192.168.0.200','playerVirtual8_5297461910','playerVirtual8','192.168.0.200','playerVirtual19','playerVirtual19_33e581fda0',1,1,1,512,1,'2018-02-21 09:31:02',NULL),(89,'192.168.0.200','playerVirtual6_6289704471','playerVirtual6','192.168.0.200','playerVirtual1801','playerVirtual6_6289704471',0,1,1,2048,20,'2018-02-21 09:32:52','2018-02-21 09:32:52'),(90,'192.168.0.200','playerVirtual19_990694203','playerVirtual19','192.168.0.200','playerVirtual1801','playerVirtual19_990694203',0,1,1,2048,20,'2018-02-21 09:35:15','2018-02-21 09:35:15'),(91,'192.168.0.200','playerVirtual8_182859403','playerVirtual8','192.168.0.200','playerVirtual10','playerVirtual10_0409154960',1,1,1,512,1,'2018-02-21 09:42:36',NULL),(92,'192.168.0.200','playerVirtual6_908315','playerVirtual6','192.168.0.200','playerVirtual19','playerVirtual19_ab43b02492',1,1,1,2048,20,'2018-02-21 09:43:17',NULL),(93,'192.168.0.200','playerVirtual10_4246147567','playerVirtual10','192.168.0.200','playerVirtual8','playerVirtual8_76a5d3906d',3,1,2,4096,40,'2018-02-21 09:50:10','2018-02-21 10:00:06'),(94,'192.168.0.200','playerVirtual8_6289704471','playerVirtual8','192.168.0.200','playerVirtual1898','playerVirtual8_6289704471',0,1,1,2048,20,'2018-02-21 09:52:52','2018-02-21 09:52:52'),(95,'192.168.0.200','playerVirtual19_539194189','playerVirtual19','192.168.0.200','playerVirtual1898','playerVirtual19_539194189',0,1,1,2048,20,'2018-02-21 09:54:16','2018-02-21 09:54:16'),(96,'192.168.0.200','playerVirtual19_4246147567','playerVirtual19','192.168.0.200','playerVirtual1898','playerVirtual19_4246147567',0,1,2,4096,40,'2018-02-21 09:59:03','2018-02-21 09:59:03'),(97,'192.168.0.200','playerVirtual4_4246147567','playerVirtual4','192.168.0.200','playerVirtual19','playerVirtual19_19fd5f93a9',1,1,2,4096,40,'2018-02-21 10:01:11',NULL),(98,'192.168.0.200','playerVirtual2_4246147567','playerVirtual2','192.168.0.200','playerVirtual1898','playerVirtual2_4246147567',0,1,2,4096,40,'2018-02-21 10:02:43','2018-02-21 10:02:43'),(99,'192.168.0.200','playerVirtual8_6315250734','playerVirtual8','192.168.0.200','playerVirtual19','playerVirtual19_ee9df20146',1,1,1,512,1,'2018-02-21 10:05:03',NULL),(100,'192.168.0.200','playerVirtual6_4246147567','playerVirtual6','192.168.0.200','playerVirtual2','playerVirtual6_4246147567',0,0,2,4096,40,'2018-02-21 10:05:53','2018-02-21 10:05:53');
/*!40000 ALTER TABLE `VM` ENABLE KEYS */;
UNLOCK TABLES;
/*!40103 SET TIME_ZONE=@OLD_TIME_ZONE */;

/*!40101 SET SQL_MODE=@OLD_SQL_MODE */;
/*!40014 SET FOREIGN_KEY_CHECKS=@OLD_FOREIGN_KEY_CHECKS */;
/*!40014 SET UNIQUE_CHECKS=@OLD_UNIQUE_CHECKS */;
/*!40101 SET CHARACTER_SET_CLIENT=@OLD_CHARACTER_SET_CLIENT */;
/*!40101 SET CHARACTER_SET_RESULTS=@OLD_CHARACTER_SET_RESULTS */;
/*!40101 SET COLLATION_CONNECTION=@OLD_COLLATION_CONNECTION */;
/*!40111 SET SQL_NOTES=@OLD_SQL_NOTES */;

-- Dump completed on 2018-02-21  7:10:31
