-- MySQL dump 10.14  Distrib 5.5.58-MariaDB, for debian-linux-gnu (x86_64)
--
-- Host: localhost    Database: mct
-- ------------------------------------------------------
-- Server version	5.5.58-MariaDB-1ubuntu0.14.04.1

/*!40101 SET @OLD_CHARACTER_SET_CLIENT=@@CHARACTER_SET_CLIENT */;
/*!40101 SET @OLD_CHARACTER_SET_RESULTS=@@CHARACTER_SET_RESULTS */;
/*!40101 SET @OLD_COLLATION_CONNECTION=@@COLLATION_CONNECTION */;
/*!40101 SET NAMES utf8 */;
/*!40103 SET @OLD_TIME_ZONE=@@TIME_ZONE */;
/*!40103 SET TIME_ZONE='+00:00' */;
/*!40014 SET @OLD_UNIQUE_CHECKS=@@UNIQUE_CHECKS, UNIQUE_CHECKS=0 */;
/*!40014 SET @OLD_FOREIGN_KEY_CHECKS=@@FOREIGN_KEY_CHECKS, FOREIGN_KEY_CHECKS=0 */;
/*!40101 SET @OLD_SQL_MODE=@@SQL_MODE, SQL_MODE='NO_AUTO_VALUE_ON_ZERO' */;
/*!40111 SET @OLD_SQL_NOTES=@@SQL_NOTES, SQL_NOTES=0 */;

--
-- Table structure for table `DIVISION`
--

DROP TABLE IF EXISTS `DIVISION`;
/*!40101 SET @saved_cs_client     = @@character_set_client */;
/*!40101 SET character_set_client = utf8 */;
CREATE TABLE `DIVISION` (
  `division` int(11) NOT NULL,
  `wo` tinyint(1) DEFAULT '0',
  PRIMARY KEY (`division`)
) ENGINE=InnoDB DEFAULT CHARSET=utf8;
/*!40101 SET character_set_client = @saved_cs_client */;

--
-- Dumping data for table `DIVISION`
--

LOCK TABLES `DIVISION` WRITE;
/*!40000 ALTER TABLE `DIVISION` DISABLE KEYS */;
/*!40000 ALTER TABLE `DIVISION` ENABLE KEYS */;
UNLOCK TABLES;

--
-- Table structure for table `FIELDS`
--

DROP TABLE IF EXISTS `FIELDS`;
/*!40101 SET @saved_cs_client     = @@character_set_client */;
/*!40101 SET character_set_client = utf8 */;
CREATE TABLE `FIELDS` (
  `operation` int(11) NOT NULL,
  `fields` varchar(45) NOT NULL,
  PRIMARY KEY (`operation`)
) ENGINE=InnoDB DEFAULT CHARSET=utf8;
/*!40101 SET character_set_client = @saved_cs_client */;

--
-- Dumping data for table `FIELDS`
--

LOCK TABLES `FIELDS` WRITE;
/*!40000 ALTER TABLE `FIELDS` DISABLE KEYS */;
INSERT INTO `FIELDS` VALUES (0,'name mem image vcpus disk uuid');
/*!40000 ALTER TABLE `FIELDS` ENABLE KEYS */;
UNLOCK TABLES;

--
-- Table structure for table `PLAYER`
--

DROP TABLE IF EXISTS `PLAYER`;
/*!40101 SET @saved_cs_client     = @@character_set_client */;
/*!40101 SET character_set_client = utf8 */;
CREATE TABLE `PLAYER` (
  `id` int(11) NOT NULL AUTO_INCREMENT,
  `name` varchar(45) NOT NULL,
  `address` varchar(45) NOT NULL,
  `division` int(11) DEFAULT NULL,
  `score` double DEFAULT '0',
  `history` int(11) DEFAULT '0',
  `fairness` double DEFAULT '0',
  `accepts` int(11) DEFAULT '0',
  `rejects` int(11) DEFAULT '0',
  `running` int(11) DEFAULT '0',
  `finished` int(11) DEFAULT '0',
  `problem_del` int(11) DEFAULT '0',
  `vcpus` int(11) DEFAULT '0',
  `memory` bigint(20) DEFAULT '0',
  `local_gb` bigint(20) DEFAULT '0',
  `vcpus_used` bigint(20) DEFAULT '0',
  `memory_used` bigint(20) DEFAULT '0',
  `local_gb_used` bigint(20) DEFAULT '0',
  `max_instance` int(11) DEFAULT '0',
  `token` varchar(45) DEFAULT NULL,
  `suspend` timestamp NULL DEFAULT NULL,
  `enabled` int(11) DEFAULT '0',
  `last_choice` timestamp NOT NULL DEFAULT '2018-01-01 02:00:00',
  `playoff` tinyint(1) DEFAULT '0',
  `cushion` tinyint(1) DEFAULT '0',
  PRIMARY KEY (`id`)
) ENGINE=InnoDB AUTO_INCREMENT=11 DEFAULT CHARSET=utf8;
/*!40101 SET character_set_client = @saved_cs_client */;

--
-- Dumping data for table `PLAYER`
--

LOCK TABLES `PLAYER` WRITE;
/*!40000 ALTER TABLE `PLAYER` DISABLE KEYS */;
INSERT INTO `PLAYER` VALUES (1,'playerVirtual1','192.168.0.200',1,11.28,49,0.6,8,0,7,1,0,1023,1047552,10230,11,20992,201,9,'53ab3c959904f79e44f627e00881a46a0e819747',NULL,1,'2018-03-17 00:36:56',0,0),(2,'playerVirtual2','192.168.0.200',4,-10.67,0,0.5,2,12,2,0,0,1023,1047552,10230,2,2560,21,2,'097a36b7e9d6155439a770e8c0e7ae5d5cf176b8',NULL,0,'2018-03-16 21:25:33',1,0),(3,'playerVirtual0','192.168.0.200',4,-7,0,0.461538461538462,1,7,0,1,0,1023,1047552,10230,0,0,0,1,'ec5e8a986729d12360f253d7eafde62ff789d414',NULL,0,'2018-03-16 21:23:28',1,0),(4,'playerVirtual3','192.168.0.200',4,-4.71,0,0.363636363636364,11,16,9,2,0,1023,1047552,10230,12,21504,202,9,'ef62ed4c7ece51bd4d923fcf95068b3ca7562b19',NULL,0,'2018-03-16 22:48:28',1,0),(5,'playerVirtual4','192.168.0.200',4,-5.67,0,0.125,5,7,4,1,0,1023,1047552,10230,4,6656,61,5,'8271cdba2090fe0e3ecd37d7e27687b0e5af28bc',NULL,0,'2018-03-16 21:24:22',1,0),(6,'playerVirtual5','192.168.0.200',3,-0.68,17,0.307692307692308,7,7,7,0,0,1023,1047552,10230,7,8192,64,7,'931d1cd69b538bdd9d6389faef69bca6992e04b7',NULL,1,'2018-03-17 00:51:44',1,0),(7,'playerVirtual6','192.168.0.200',4,-1.67,0,0.4,2,3,1,1,0,1023,1047552,10230,1,2048,20,1,'b0e08c305ea41ceb269f8438184d7044a0b55a13',NULL,0,'2018-03-17 00:08:42',1,0),(8,'playerVirtual7','192.168.0.200',2,8.64,22,0.5,10,0,6,4,0,1023,1047552,10230,6,4608,25,9,'7046caccaee59c9afdf4ed68058926175bbe49d6',NULL,1,'2018-03-17 00:45:09',0,0),(9,'playerVirtual8','192.168.0.200',3,-0.67,13,0.6,2,3,2,0,0,1023,1047552,10230,2,2560,21,2,'818e9d1240b58dbb2b00362d4987d0b06d94fa47',NULL,1,'2018-03-17 00:52:20',1,0),(10,'playerVirtual9','192.168.0.200',1,10.62,18,1,7,0,3,4,0,1023,1047552,10230,3,3072,22,8,'edf69a09ed7489fe990f331a6b16992b4f9f5e26',NULL,1,'2018-03-17 00:20:40',0,0);
/*!40000 ALTER TABLE `PLAYER` ENABLE KEYS */;
UNLOCK TABLES;

--
-- Table structure for table `REQUEST`
--

DROP TABLE IF EXISTS `REQUEST`;
/*!40101 SET @saved_cs_client     = @@character_set_client */;
/*!40101 SET character_set_client = utf8 */;
CREATE TABLE `REQUEST` (
  `id` int(11) NOT NULL AUTO_INCREMENT,
  `player_id` varchar(45) NOT NULL,
  `request_id` varchar(45) NOT NULL,
  `action` int(11) NOT NULL,
  `timestamp_received` timestamp NULL DEFAULT NULL,
  `timestamp_finished` timestamp NULL DEFAULT NULL,
  `status` int(11) NOT NULL,
  PRIMARY KEY (`id`)
) ENGINE=InnoDB AUTO_INCREMENT=420 DEFAULT CHARSET=utf8;
/*!40101 SET character_set_client = @saved_cs_client */;

--
-- Dumping data for table `REQUEST`
--

LOCK TABLES `REQUEST` WRITE;
/*!40000 ALTER TABLE `REQUEST` DISABLE KEYS */;
INSERT INTO `REQUEST` VALUES (1,'playerVirtual1','playerVirtual1_a1b0fae680',4,'2018-03-16 20:47:04',NULL,0),(2,'playerVirtual2','playerVirtual2_c5c29df688',4,'2018-03-16 20:47:05',NULL,0),(3,'playerVirtual0','playerVirtual0_96aa0a122c',4,'2018-03-16 20:47:05',NULL,0),(4,'playerVirtual1','playerVirtual1_450512000',0,'2018-03-16 20:48:05',NULL,0),(5,'playerVirtual1','playerVirtual1_450512000',0,'2018-03-16 20:48:06',NULL,0),(6,'playerVirtual2','playerVirtual2_1438244924',0,'2018-03-16 20:48:08',NULL,0),(7,'playerVirtual2','playerVirtual2_1438244924',0,'2018-03-16 20:48:08',NULL,0),(8,'playerVirtual0','playerVirtual0_640692267',0,'2018-03-16 20:48:11',NULL,0),(9,'playerVirtual0','playerVirtual0_640692267',0,'2018-03-16 20:48:11',NULL,0),(10,'playerVirtual1','playerVirtual1_86cbe9d953',3,'2018-03-16 20:49:06',NULL,0),(11,'playerVirtual2','playerVirtual2_0d420ffde2',3,'2018-03-16 20:49:08',NULL,0),(12,'playerVirtual0','playerVirtual0_feb27efea2',3,'2018-03-16 20:49:11',NULL,0),(13,'playerVirtual1','playerVirtual1_2381571381',0,'2018-03-16 20:50:12',NULL,0),(14,'playerVirtual1','playerVirtual1_2381571381',0,'2018-03-16 20:50:12',NULL,0),(15,'playerVirtual2','playerVirtual2_5297461910',0,'2018-03-16 20:50:13',NULL,0),(16,'playerVirtual2','playerVirtual2_5297461910',0,'2018-03-16 20:50:14',NULL,0),(17,'playerVirtual0','playerVirtual0_2790332778',0,'2018-03-16 20:50:17',NULL,0),(18,'playerVirtual0','playerVirtual0_2790332778',0,'2018-03-16 20:50:17',NULL,0),(19,'playerVirtual1','playerVirtual1_0fc7dacd19',4,'2018-03-16 20:51:12',NULL,0),(20,'playerVirtual2','playerVirtual2_13a4970b53',4,'2018-03-16 20:51:14',NULL,0),(21,'playerVirtual0','playerVirtual0_92f44f100b',4,'2018-03-16 20:51:17',NULL,0),(22,'playerVirtual3','playerVirtual3_bf83c0f0df',4,'2018-03-16 20:52:06',NULL,0),(23,'playerVirtual1','playerVirtual1_369721705',0,'2018-03-16 20:52:18',NULL,0),(24,'playerVirtual1','playerVirtual1_369721705',0,'2018-03-16 20:52:19',NULL,0),(25,'playerVirtual2','playerVirtual2_317469422',0,'2018-03-16 20:52:21',NULL,0),(26,'playerVirtual2','playerVirtual2_317469422',0,'2018-03-16 20:52:22',NULL,0),(27,'playerVirtual0','playerVirtual0_6955737',0,'2018-03-16 20:52:24',NULL,0),(28,'playerVirtual0','playerVirtual0_6955737',0,'2018-03-16 20:52:24',NULL,0),(29,'playerVirtual1','playerVirtual1_0714dd13d8',3,'2018-03-16 20:53:18',NULL,0),(30,'playerVirtual3','playerVirtual3_257338104',0,'2018-03-16 20:53:20',NULL,0),(31,'playerVirtual3','playerVirtual3_257338104',0,'2018-03-16 20:53:20',NULL,0),(32,'playerVirtual2','playerVirtual2_cd601617b7',3,'2018-03-16 20:53:21',NULL,0),(33,'playerVirtual0','playerVirtual0_0cecd67fb5',3,'2018-03-16 20:53:24',NULL,0),(34,'playerVirtual3','playerVirtual3_b60d87c892',3,'2018-03-16 20:54:20',NULL,0),(35,'playerVirtual1','playerVirtual1_3584940347',0,'2018-03-16 20:54:26',NULL,0),(36,'playerVirtual1','playerVirtual1_3584940347',0,'2018-03-16 20:54:26',NULL,0),(37,'playerVirtual2','playerVirtual2_2433236783',0,'2018-03-16 20:54:27',NULL,0),(38,'playerVirtual2','playerVirtual2_2433236783',0,'2018-03-16 20:54:28',NULL,0),(39,'playerVirtual0','playerVirtual0_3338579772',0,'2018-03-16 20:54:32',NULL,0),(40,'playerVirtual0','playerVirtual0_3338579772',0,'2018-03-16 20:54:32',NULL,0),(41,'playerVirtual3','playerVirtual3_257407216',0,'2018-03-16 20:55:21',NULL,0),(42,'playerVirtual3','playerVirtual3_257407216',0,'2018-03-16 20:55:22',NULL,0),(43,'playerVirtual1','playerVirtual1_ad87695980',4,'2018-03-16 20:55:26',NULL,0),(44,'playerVirtual2','playerVirtual2_60c0841521',4,'2018-03-16 20:55:28',NULL,0),(45,'playerVirtual0','playerVirtual0_dde1e5e721',4,'2018-03-16 20:55:32',NULL,0),(46,'playerVirtual3','playerVirtual3_8136c36108',4,'2018-03-16 20:56:21',NULL,0),(47,'playerVirtual1','playerVirtual1_182859403',0,'2018-03-16 20:56:40',NULL,0),(48,'playerVirtual1','playerVirtual1_182859403',0,'2018-03-16 20:56:41',NULL,0),(49,'playerVirtual2','playerVirtual2_2359368952',0,'2018-03-16 20:56:46',NULL,0),(50,'playerVirtual2','playerVirtual2_2359368952',0,'2018-03-16 20:56:47',NULL,0),(51,'playerVirtual0','playerVirtual0_16917741',0,'2018-03-16 20:56:52',NULL,0),(52,'playerVirtual0','playerVirtual0_16917741',0,'2018-03-16 20:56:53',NULL,0),(53,'playerVirtual4','playerVirtual4_f6658cc4c4',4,'2018-03-16 20:57:07',NULL,0),(54,'playerVirtual1','playerVirtual1_ec8703889e',3,'2018-03-16 20:57:40',NULL,0),(55,'playerVirtual2','playerVirtual2_a6ece0fbde',3,'2018-03-16 20:57:46',NULL,0),(56,'playerVirtual0','playerVirtual0_55981126bc',3,'2018-03-16 20:57:52',NULL,0),(57,'playerVirtual3','playerVirtual3_2545640208',0,'2018-03-16 20:57:57',NULL,0),(58,'playerVirtual3','playerVirtual3_2545640208',0,'2018-03-16 20:57:57',NULL,0),(59,'playerVirtual4','playerVirtual4_908315',0,'2018-03-16 20:58:44',NULL,0),(60,'playerVirtual4','playerVirtual4_908315',0,'2018-03-16 20:58:45',NULL,0),(61,'playerVirtual3','playerVirtual3_123eae52d3',3,'2018-03-16 20:58:57',NULL,0),(62,'playerVirtual1','playerVirtual1_539194189',0,'2018-03-16 20:59:12',NULL,0),(63,'playerVirtual1','playerVirtual1_539194189',0,'2018-03-16 20:59:12',NULL,0),(64,'playerVirtual4','playerVirtual4_e40ca92688',3,'2018-03-16 20:59:45',NULL,0),(65,'playerVirtual2','playerVirtual2_4820204870',0,'2018-03-16 20:59:54',NULL,0),(66,'playerVirtual2','playerVirtual2_4820204870',0,'2018-03-16 20:59:55',NULL,0),(67,'playerVirtual1','playerVirtual1_90af0c800b',4,'2018-03-16 21:00:12',NULL,0),(68,'playerVirtual0','playerVirtual0_8058564',0,'2018-03-16 21:00:49',NULL,0),(69,'playerVirtual0','playerVirtual0_8058564',0,'2018-03-16 21:00:49',NULL,0),(70,'playerVirtual2','playerVirtual2_00eb361466',4,'2018-03-16 21:00:55',NULL,0),(71,'playerVirtual3','playerVirtual3_1429160667',0,'2018-03-16 21:01:39',NULL,0),(72,'playerVirtual3','playerVirtual3_1429160667',0,'2018-03-16 21:01:40',NULL,0),(73,'playerVirtual0','playerVirtual0_926834222c',4,'2018-03-16 21:01:49',NULL,0),(74,'playerVirtual4','playerVirtual4_3338010893',0,'2018-03-16 21:02:26',NULL,0),(75,'playerVirtual4','playerVirtual4_3338010893',0,'2018-03-16 21:02:26',NULL,0),(76,'playerVirtual3','playerVirtual3_aee89c9e07',4,'2018-03-16 21:02:40',NULL,0),(77,'playerVirtual1','playerVirtual1_82730999',0,'2018-03-16 21:03:03',NULL,0),(78,'playerVirtual1','playerVirtual1_82730999',0,'2018-03-16 21:03:04',NULL,0),(79,'playerVirtual2','playerVirtual2_351652724',0,'2018-03-16 21:03:11',NULL,0),(80,'playerVirtual2','playerVirtual2_351652724',0,'2018-03-16 21:03:11',NULL,0),(81,'playerVirtual0','playerVirtual0_6571218',0,'2018-03-16 21:03:17',NULL,0),(82,'playerVirtual0','playerVirtual0_6571218',0,'2018-03-16 21:03:17',NULL,0),(83,'playerVirtual4','playerVirtual4_61f8790365',4,'2018-03-16 21:03:26',NULL,0),(84,'playerVirtual1','playerVirtual1_d09236efcf',3,'2018-03-16 21:04:03',NULL,0),(85,'playerVirtual2','playerVirtual2_f03788a9d6',3,'2018-03-16 21:04:11',NULL,0),(86,'playerVirtual0','playerVirtual0_7f3aca776d',3,'2018-03-16 21:04:17',NULL,0),(87,'playerVirtual3','playerVirtual3_778566023',0,'2018-03-16 21:04:24',NULL,0),(88,'playerVirtual3','playerVirtual3_778566023',0,'2018-03-16 21:04:24',NULL,0),(89,'playerVirtual4','playerVirtual4_1436344784',0,'2018-03-16 21:05:16',NULL,0),(90,'playerVirtual4','playerVirtual4_1436344784',0,'2018-03-16 21:05:16',NULL,0),(91,'playerVirtual3','playerVirtual3_dc85540bd4',3,'2018-03-16 21:05:24',NULL,0),(92,'playerVirtual1','playerVirtual1_1339662',0,'2018-03-16 21:05:44',NULL,0),(93,'playerVirtual1','playerVirtual1_1339662',0,'2018-03-16 21:05:44',NULL,0),(94,'playerVirtual4','playerVirtual4_4d291c6573',3,'2018-03-16 21:06:16',NULL,0),(95,'playerVirtual2','playerVirtual2_317497342',0,'2018-03-16 21:06:28',NULL,0),(96,'playerVirtual2','playerVirtual2_317497342',0,'2018-03-16 21:06:28',NULL,0),(97,'playerVirtual1','playerVirtual1_96585527da',4,'2018-03-16 21:06:44',NULL,0),(98,'playerVirtual0','playerVirtual0_284794223',0,'2018-03-16 21:07:22',NULL,0),(99,'playerVirtual0','playerVirtual0_284794223',0,'2018-03-16 21:07:22',NULL,0),(100,'playerVirtual2','playerVirtual2_78c10f04e7',4,'2018-03-16 21:07:28',NULL,0),(101,'playerVirtual3','playerVirtual3_359920779',0,'2018-03-16 21:08:12',NULL,0),(102,'playerVirtual3','playerVirtual3_359920779',0,'2018-03-16 21:08:13',NULL,0),(103,'playerVirtual0','playerVirtual0_f5c7d7ece1',4,'2018-03-16 21:08:22',NULL,0),(104,'playerVirtual4','playerVirtual4_904011',0,'2018-03-16 21:08:59',NULL,0),(105,'playerVirtual4','playerVirtual4_904011',0,'2018-03-16 21:09:00',NULL,0),(106,'playerVirtual3','playerVirtual3_0ca27758bf',4,'2018-03-16 21:09:13',NULL,0),(107,'playerVirtual1','playerVirtual1_2904109077',0,'2018-03-16 21:09:37',NULL,0),(108,'playerVirtual1','playerVirtual1_2904109077',0,'2018-03-16 21:09:37',NULL,0),(109,'playerVirtual2','playerVirtual2_257338074',0,'2018-03-16 21:09:46',NULL,0),(110,'playerVirtual2','playerVirtual2_257338074',0,'2018-03-16 21:09:46',NULL,0),(111,'playerVirtual0','playerVirtual0_905614',0,'2018-03-16 21:09:51',NULL,0),(112,'playerVirtual0','playerVirtual0_905614',0,'2018-03-16 21:09:51',NULL,0),(113,'playerVirtual4','playerVirtual4_e7b43c5991',4,'2018-03-16 21:09:59',NULL,0),(114,'playerVirtual1','playerVirtual1_00fa2fdbee',3,'2018-03-16 21:10:37',NULL,0),(115,'playerVirtual2','playerVirtual2_d1d97c2eef',3,'2018-03-16 21:10:46',NULL,0),(116,'playerVirtual0','playerVirtual0_eb3f8646cb',3,'2018-03-16 21:10:51',NULL,0),(117,'playerVirtual3','playerVirtual3_1093460',0,'2018-03-16 21:10:59',NULL,0),(118,'playerVirtual3','playerVirtual3_1093460',0,'2018-03-16 21:10:59',NULL,0),(119,'playerVirtual4','playerVirtual4_6569547',0,'2018-03-16 21:11:52',NULL,0),(120,'playerVirtual4','playerVirtual4_6569547',0,'2018-03-16 21:11:52',NULL,0),(121,'playerVirtual3','playerVirtual3_f5554b8638',3,'2018-03-16 21:11:59',NULL,0),(122,'playerVirtual1','playerVirtual1_470485660',0,'2018-03-16 21:12:21',NULL,0),(123,'playerVirtual1','playerVirtual1_470485660',0,'2018-03-16 21:12:21',NULL,0),(124,'playerVirtual4','playerVirtual4_6670ae7239',3,'2018-03-16 21:12:52',NULL,0),(125,'playerVirtual2','playerVirtual2_30788568',0,'2018-03-16 21:13:09',NULL,0),(126,'playerVirtual2','playerVirtual2_30788568',0,'2018-03-16 21:13:10',NULL,0),(127,'playerVirtual1','playerVirtual1_b492312f06',4,'2018-03-16 21:13:21',NULL,0),(128,'playerVirtual0','playerVirtual0_5792765',0,'2018-03-16 21:14:03',NULL,0),(129,'playerVirtual0','playerVirtual0_5792765',0,'2018-03-16 21:14:03',NULL,0),(130,'playerVirtual2','playerVirtual2_40db68411a',4,'2018-03-16 21:14:09',NULL,0),(131,'playerVirtual3','playerVirtual3_38671842',0,'2018-03-16 21:15:00',NULL,0),(132,'playerVirtual3','playerVirtual3_38671842',0,'2018-03-16 21:15:00',NULL,0),(133,'playerVirtual0','playerVirtual0_71621c02ed',4,'2018-03-16 21:15:03',NULL,0),(134,'playerVirtual4','playerVirtual4_400453824',0,'2018-03-16 21:15:47',NULL,0),(135,'playerVirtual4','playerVirtual4_400453824',0,'2018-03-16 21:15:47',NULL,0),(136,'playerVirtual3','playerVirtual3_8635d92b2b',4,'2018-03-16 21:16:00',NULL,0),(137,'playerVirtual1','playerVirtual1_4820318661',0,'2018-03-16 21:16:33',NULL,0),(138,'playerVirtual1','playerVirtual1_4820318661',0,'2018-03-16 21:16:34',NULL,0),(139,'playerVirtual2','playerVirtual2_4819935267',0,'2018-03-16 21:16:43',NULL,0),(140,'playerVirtual2','playerVirtual2_4819935267',0,'2018-03-16 21:16:43',NULL,0),(141,'playerVirtual4','playerVirtual4_97b3255e07',4,'2018-03-16 21:16:47',NULL,0),(142,'playerVirtual0','playerVirtual0_4820217293',0,'2018-03-16 21:16:51',NULL,0),(143,'playerVirtual0','playerVirtual0_4820217293',0,'2018-03-16 21:16:51',NULL,0),(144,'playerVirtual1','playerVirtual1_93f7f57939',3,'2018-03-16 21:17:34',NULL,0),(145,'playerVirtual2','playerVirtual2_a32373042a',3,'2018-03-16 21:17:43',NULL,0),(146,'playerVirtual0','playerVirtual0_9d920dcb87',3,'2018-03-16 21:17:51',NULL,0),(147,'playerVirtual3','playerVirtual3_6264344062',0,'2018-03-16 21:17:59',NULL,0),(148,'playerVirtual3','playerVirtual3_6264344062',0,'2018-03-16 21:17:59',NULL,0),(149,'playerVirtual3','playerVirtual3_b158615c75',3,'2018-03-16 21:18:59',NULL,0),(150,'playerVirtual4','playerVirtual4_2378747961',0,'2018-03-16 21:19:02',NULL,0),(151,'playerVirtual4','playerVirtual4_2378747961',0,'2018-03-16 21:19:02',NULL,0),(152,'playerVirtual1','playerVirtual1_5068098508',0,'2018-03-16 21:19:35',NULL,0),(153,'playerVirtual1','playerVirtual1_5068098508',0,'2018-03-16 21:19:36',NULL,0),(154,'playerVirtual4','playerVirtual4_c7d0f5eb23',3,'2018-03-16 21:20:02',NULL,0),(155,'playerVirtual1','playerVirtual1_5399ec1284',4,'2018-03-16 21:20:35',NULL,0),(156,'playerVirtual2','playerVirtual2_2359368952',1,'2018-03-16 21:21:21',NULL,0),(157,'playerVirtual2','playerVirtual2_65b4a292e1',4,'2018-03-16 21:21:22',NULL,0),(158,'playerVirtual2','playerVirtual2_2359368952',1,'2018-03-16 21:21:22',NULL,0),(159,'playerVirtual0','playerVirtual0_227443932',0,'2018-03-16 21:22:31',NULL,0),(160,'playerVirtual0','playerVirtual0_227443932',0,'2018-03-16 21:22:31',NULL,0),(161,'playerVirtual3','playerVirtual3_1095593',0,'2018-03-16 21:23:28',NULL,0),(162,'playerVirtual3','playerVirtual3_1095593',0,'2018-03-16 21:23:28',NULL,0),(163,'playerVirtual0','playerVirtual0_a4e0c2eef0',4,'2018-03-16 21:23:31',NULL,0),(164,'playerVirtual4','playerVirtual4_2148750930',0,'2018-03-16 21:24:19',NULL,0),(165,'playerVirtual4','playerVirtual4_2148750930',0,'2018-03-16 21:24:20',NULL,0),(166,'playerVirtual2','playerVirtual2_765651',0,'2018-03-16 21:24:22',NULL,0),(167,'playerVirtual2','playerVirtual2_765651',0,'2018-03-16 21:24:22',NULL,0),(168,'playerVirtual3','playerVirtual3_6bddd32d19',4,'2018-03-16 21:24:28',NULL,0),(169,'playerVirtual1','playerVirtual1_563574327',0,'2018-03-16 21:25:10',NULL,0),(170,'playerVirtual1','playerVirtual1_563574327',0,'2018-03-16 21:25:10',NULL,0),(171,'playerVirtual4','playerVirtual4_23855bb8e1',4,'2018-03-16 21:25:19',NULL,0),(172,'playerVirtual2','playerVirtual2_614b66ffc3',3,'2018-03-16 21:25:22',NULL,0),(173,'playerVirtual0','playerVirtual0_16915963',0,'2018-03-16 21:25:33',NULL,0),(174,'playerVirtual0','playerVirtual0_16915963',0,'2018-03-16 21:25:34',NULL,0),(175,'playerVirtual1','playerVirtual1_a6a09b4ca2',3,'2018-03-16 21:26:10',NULL,0),(176,'playerVirtual3','playerVirtual3_5623125514',0,'2018-03-16 21:26:44',NULL,0),(177,'playerVirtual3','playerVirtual3_148ddf76d2',3,'2018-03-16 21:27:44',NULL,0),(178,'playerVirtual1','playerVirtual1_6274355716',0,'2018-03-16 21:28:26',NULL,0),(179,'playerVirtual1','playerVirtual1_6274355716',0,'2018-03-16 21:28:27',NULL,0),(180,'playerVirtual1','playerVirtual1_3415341c27',4,'2018-03-16 21:29:27',NULL,0),(181,'playerVirtual3','playerVirtual3_182859403',0,'2018-03-16 21:33:22',NULL,0),(182,'playerVirtual1','playerVirtual1_182859403',1,'2018-03-16 21:34:19',NULL,0),(183,'playerVirtual1','playerVirtual1_b558e6f400',3,'2018-03-16 21:34:19',NULL,0),(184,'playerVirtual1','playerVirtual1_182859403',1,'2018-03-16 21:34:19',NULL,0),(185,'playerVirtual3','playerVirtual3_c53d906d5b',4,'2018-03-16 21:34:22',NULL,0),(186,'playerVirtual3','playerVirtual3_1fa8f49ead',3,'2018-03-16 21:36:53',NULL,0),(187,'playerVirtual1','playerVirtual1_4820204870',0,'2018-03-16 21:37:35',NULL,0),(188,'playerVirtual1','playerVirtual1_4820204870',0,'2018-03-16 21:37:37',NULL,0),(189,'playerVirtual1','playerVirtual1_e874084758',4,'2018-03-16 21:38:36',NULL,0),(190,'playerVirtual3','playerVirtual3_990694203',0,'2018-03-16 21:42:49',NULL,0),(191,'playerVirtual3','playerVirtual3_d007a81ce5',4,'2018-03-16 21:43:49',NULL,0),(192,'playerVirtual1','playerVirtual1_990694203',0,'2018-03-16 21:43:58',NULL,0),(193,'playerVirtual1','playerVirtual1_990694203',0,'2018-03-16 21:43:59',NULL,0),(194,'playerVirtual1','playerVirtual1_8f192549b5',3,'2018-03-16 21:44:58',NULL,0),(195,'playerVirtual3','playerVirtual3_678e92a543',3,'2018-03-16 21:46:19',NULL,0),(196,'playerVirtual1','playerVirtual1_44718cad1a',4,'2018-03-16 21:48:15',NULL,0),(197,'playerVirtual3','playerVirtual3_6280638724',0,'2018-03-16 21:52:32',NULL,0),(198,'playerVirtual3','playerVirtual3_bf715ff0bf',4,'2018-03-16 21:53:32',NULL,0),(199,'playerVirtual1','playerVirtual1_6280643141',0,'2018-03-16 21:53:42',NULL,0),(200,'playerVirtual1','playerVirtual1_6280643141',0,'2018-03-16 21:53:42',NULL,0),(201,'playerVirtual1','playerVirtual1_ff1deb092d',3,'2018-03-16 21:54:42',NULL,0),(202,'playerVirtual3','playerVirtual3_4476462938',0,'2018-03-16 21:56:13',NULL,0),(203,'playerVirtual3','playerVirtual3_4834f9e077',3,'2018-03-16 21:57:13',NULL,0),(204,'playerVirtual1','playerVirtual1_272887063',0,'2018-03-16 21:58:15',NULL,0),(205,'playerVirtual1','playerVirtual1_272887063',0,'2018-03-16 21:58:16',NULL,0),(206,'playerVirtual1','playerVirtual1_e8fe42108c',4,'2018-03-16 21:59:16',NULL,0),(207,'playerVirtual5','playerVirtual5_1858ca8de5',4,'2018-03-16 22:03:19',NULL,0),(208,'playerVirtual3','playerVirtual3_6282149131',0,'2018-03-16 22:03:34',NULL,0),(209,'playerVirtual3','playerVirtual3_6282149131',0,'2018-03-16 22:03:34',NULL,0),(210,'playerVirtual3','playerVirtual3_0bd2014983',4,'2018-03-16 22:04:34',NULL,0),(211,'playerVirtual1','playerVirtual1_2359368952',0,'2018-03-16 22:04:45',NULL,0),(212,'playerVirtual1','playerVirtual1_2359368952',0,'2018-03-16 22:04:45',NULL,0),(213,'playerVirtual1','playerVirtual1_30b8f70fdc',3,'2018-03-16 22:05:45',NULL,0),(214,'playerVirtual3','playerVirtual3_682797',0,'2018-03-16 22:07:36',NULL,0),(215,'playerVirtual3','playerVirtual3_682797',0,'2018-03-16 22:07:37',NULL,0),(216,'playerVirtual3','playerVirtual3_c662c5d1d6',3,'2018-03-16 22:08:37',NULL,0),(217,'playerVirtual1','playerVirtual1_214880781',0,'2018-03-16 22:09:41',NULL,0),(218,'playerVirtual1','playerVirtual1_214880781',0,'2018-03-16 22:09:42',NULL,0),(219,'playerVirtual1','playerVirtual1_070318ecf7',4,'2018-03-16 22:10:42',NULL,0),(220,'playerVirtual5','playerVirtual5_1436323714',0,'2018-03-16 22:11:33',NULL,0),(221,'playerVirtual5','playerVirtual5_1436323714',0,'2018-03-16 22:11:34',NULL,0),(222,'playerVirtual5','playerVirtual5_a5eb152e92',3,'2018-03-16 22:12:34',NULL,0),(223,'playerVirtual5','playerVirtual5_182859403',0,'2018-03-16 22:14:02',NULL,0),(224,'playerVirtual5','playerVirtual5_182859403',0,'2018-03-16 22:14:02',NULL,0),(225,'playerVirtual3','playerVirtual3_1094955',0,'2018-03-16 22:15:01',NULL,0),(226,'playerVirtual3','playerVirtual3_1094955',0,'2018-03-16 22:15:01',NULL,0),(227,'playerVirtual5','playerVirtual5_21705c7f5e',4,'2018-03-16 22:15:02',NULL,0),(228,'playerVirtual3','playerVirtual3_68a9bd2cd6',4,'2018-03-16 22:16:01',NULL,0),(229,'playerVirtual1','playerVirtual1_16914091',0,'2018-03-16 22:16:15',NULL,0),(230,'playerVirtual1','playerVirtual1_16914091',0,'2018-03-16 22:16:15',NULL,0),(231,'playerVirtual1','playerVirtual1_8604c86067',3,'2018-03-16 22:17:15',NULL,0),(232,'playerVirtual3','playerVirtual3_6285257156',0,'2018-03-16 22:19:28',NULL,0),(233,'playerVirtual3','playerVirtual3_6285257156',0,'2018-03-16 22:19:29',NULL,0),(234,'playerVirtual3','playerVirtual3_b2dbe32e38',3,'2018-03-16 22:20:28',NULL,0),(235,'playerVirtual1','playerVirtual1_6955737',0,'2018-03-16 22:22:00',NULL,0),(236,'playerVirtual1','playerVirtual1_6955737',0,'2018-03-16 22:22:01',NULL,0),(237,'playerVirtual1','playerVirtual1_e0a488c3da',4,'2018-03-16 22:23:01',NULL,0),(238,'playerVirtual5','playerVirtual5_6641406',0,'2018-03-16 22:23:20',NULL,0),(239,'playerVirtual5','playerVirtual5_6641406',0,'2018-03-16 22:23:21',NULL,0),(240,'playerVirtual5','playerVirtual5_5d3b56de12',3,'2018-03-16 22:24:20',NULL,0),(241,'playerVirtual5','playerVirtual5_1438244924',0,'2018-03-16 22:26:40',NULL,0),(242,'playerVirtual5','playerVirtual5_1438244924',0,'2018-03-16 22:26:40',NULL,0),(243,'playerVirtual3','playerVirtual3_6955737',0,'2018-03-16 22:27:32',NULL,0),(244,'playerVirtual5','playerVirtual5_7338f03cba',4,'2018-03-16 22:27:40',NULL,0),(245,'playerVirtual3','playerVirtual3_ab12ddb2fc',4,'2018-03-16 22:28:32',NULL,0),(246,'playerVirtual1','playerVirtual1_6896631500',3,'2018-03-16 22:28:34',NULL,0),(247,'playerVirtual3','playerVirtual3_2381571381',0,'2018-03-16 22:32:16',NULL,0),(248,'playerVirtual3','playerVirtual3_e7719c8762',3,'2018-03-16 22:33:16',NULL,0),(249,'playerVirtual1','playerVirtual1_2381571381',1,'2018-03-16 22:33:48',NULL,0),(250,'playerVirtual1','playerVirtual1_f37be43772',4,'2018-03-16 22:33:48',NULL,0),(251,'playerVirtual1','playerVirtual1_2381571381',1,'2018-03-16 22:33:48',NULL,0),(252,'playerVirtual5','playerVirtual5_3338579772',0,'2018-03-16 22:36:00',NULL,0),(253,'playerVirtual5','playerVirtual5_3338579772',0,'2018-03-16 22:36:00',NULL,0),(254,'playerVirtual5','playerVirtual5_1b55af69a0',3,'2018-03-16 22:37:00',NULL,0),(255,'playerVirtual1','playerVirtual1_6289355687',0,'2018-03-16 22:39:56',NULL,0),(256,'playerVirtual1','playerVirtual1_6289355687',0,'2018-03-16 22:39:57',NULL,0),(257,'playerVirtual5','playerVirtual5_c506d13e06',4,'2018-03-16 22:40:08',NULL,0),(258,'playerVirtual3','playerVirtual3_2378747961',0,'2018-03-16 22:40:22',NULL,0),(259,'playerVirtual1','playerVirtual1_aed0cc4b69',3,'2018-03-16 22:40:57',NULL,0),(260,'playerVirtual3','playerVirtual3_be0657d8e5',4,'2018-03-16 22:41:22',NULL,0),(261,'playerVirtual6','playerVirtual6_0cddb618f2',4,'2018-03-16 22:43:24',NULL,0),(262,'playerVirtual3','playerVirtual3_976e1c6860',3,'2018-03-16 22:45:57',NULL,0),(263,'playerVirtual1','playerVirtual1_6289704471',0,'2018-03-16 22:46:19',NULL,0),(264,'playerVirtual1','playerVirtual1_6289704471',0,'2018-03-16 22:46:19',NULL,0),(265,'playerVirtual1','playerVirtual1_8970923b5f',4,'2018-03-16 22:47:19',NULL,0),(266,'playerVirtual5','playerVirtual5_1438244924',0,'2018-03-16 22:48:28',NULL,0),(267,'playerVirtual5','playerVirtual5_38feb7a38a',3,'2018-03-16 22:48:28',NULL,0),(268,'playerVirtual5','playerVirtual5_1438244924',0,'2018-03-16 22:48:30',NULL,0),(269,'playerVirtual5','playerVirtual5_6296268057',0,'2018-03-16 22:54:02',NULL,0),(270,'playerVirtual5','playerVirtual5_6296268057',0,'2018-03-16 22:54:02',NULL,0),(271,'playerVirtual6','playerVirtual6_1436344784',0,'2018-03-16 22:54:11',NULL,0),(272,'playerVirtual1','playerVirtual1_990694203',0,'2018-03-16 22:54:30',NULL,0),(273,'playerVirtual1','playerVirtual1_67dafc4f84',3,'2018-03-16 22:54:31',NULL,0),(274,'playerVirtual1','playerVirtual1_990694203',0,'2018-03-16 22:54:31',NULL,0),(275,'playerVirtual5','playerVirtual5_a887da9a2a',4,'2018-03-16 22:55:02',NULL,0),(276,'playerVirtual6','playerVirtual6_f304821196',3,'2018-03-16 22:55:12',NULL,0),(277,'playerVirtual6','playerVirtual6_182859403',0,'2018-03-16 22:59:35',NULL,0),(278,'playerVirtual1','playerVirtual1_26069bd10c',4,'2018-03-16 22:59:53',NULL,0),(279,'playerVirtual6','playerVirtual6_c6053ca43a',4,'2018-03-16 23:00:35',NULL,0),(280,'playerVirtual7','playerVirtual7_19e9f0a953',4,'2018-03-16 23:03:16',NULL,0),(281,'playerVirtual5','playerVirtual5_6296865278',0,'2018-03-16 23:03:32',NULL,0),(282,'playerVirtual5','playerVirtual5_6296865278',0,'2018-03-16 23:03:33',NULL,0),(283,'playerVirtual5','playerVirtual5_5904c39866',3,'2018-03-16 23:04:32',NULL,0),(284,'playerVirtual8','playerVirtual8_5465c49862',4,'2018-03-16 23:06:35',NULL,0),(285,'playerVirtual1','playerVirtual1_80df81062f',3,'2018-03-16 23:08:21',NULL,0),(286,'playerVirtual5','playerVirtual5_bbf06ea2a8',4,'2018-03-16 23:11:11',NULL,0),(287,'playerVirtual6','playerVirtual6_0741df85e2',3,'2018-03-16 23:11:21',NULL,0),(288,'playerVirtual1','playerVirtual1_6301942525',0,'2018-03-16 23:16:13',NULL,0),(289,'playerVirtual1','playerVirtual1_6301942525',0,'2018-03-16 23:16:13',NULL,0),(290,'playerVirtual1','playerVirtual1_48b39ea1bc',4,'2018-03-16 23:17:13',NULL,0),(291,'playerVirtual7','playerVirtual7_6264344062',0,'2018-03-16 23:18:04',NULL,0),(292,'playerVirtual7','playerVirtual7_6264344062',0,'2018-03-16 23:18:04',NULL,0),(293,'playerVirtual6','playerVirtual6_6289704471',0,'2018-03-16 23:18:40',NULL,0),(294,'playerVirtual6','playerVirtual6_6289704471',0,'2018-03-16 23:18:40',NULL,0),(295,'playerVirtual7','playerVirtual7_be40363c07',3,'2018-03-16 23:19:04',NULL,0),(296,'playerVirtual6','playerVirtual6_8f19f7a6db',4,'2018-03-16 23:19:40',NULL,0),(297,'playerVirtual8','playerVirtual8_990694203',0,'2018-03-16 23:21:34',NULL,0),(298,'playerVirtual8','playerVirtual8_990694203',0,'2018-03-16 23:21:34',NULL,0),(299,'playerVirtual5','playerVirtual5_5297461910',0,'2018-03-16 23:21:37',NULL,0),(300,'playerVirtual5','playerVirtual5_5297461910',0,'2018-03-16 23:21:37',NULL,0),(301,'playerVirtual7','playerVirtual7_1095593',0,'2018-03-16 23:22:30',NULL,0),(302,'playerVirtual7','playerVirtual7_1095593',0,'2018-03-16 23:22:32',NULL,0),(303,'playerVirtual8','playerVirtual8_2e0a200645',3,'2018-03-16 23:22:34',NULL,0),(304,'playerVirtual5','playerVirtual5_0b4c8bd8fa',3,'2018-03-16 23:22:37',NULL,0),(305,'playerVirtual7','playerVirtual7_ef76bd53d9',4,'2018-03-16 23:23:28',NULL,0),(306,'playerVirtual8','playerVirtual8_990694203',1,'2018-03-16 23:23:35',NULL,0),(307,'playerVirtual8','playerVirtual8_b32d79b1c5',4,'2018-03-16 23:23:35',NULL,0),(308,'playerVirtual8','playerVirtual8_990694203',1,'2018-03-16 23:23:36',NULL,0),(309,'playerVirtual9','playerVirtual9_a7ff7ba946',4,'2018-03-16 23:26:41',NULL,0),(310,'playerVirtual1','playerVirtual1_6289704471',1,'2018-03-16 23:26:43',NULL,0),(311,'playerVirtual1','playerVirtual1_4ea9b03526',3,'2018-03-16 23:26:43',NULL,0),(312,'playerVirtual1','playerVirtual1_6289704471',1,'2018-03-16 23:26:44',NULL,0),(313,'playerVirtual5','playerVirtual5_182859403',0,'2018-03-16 23:31:03',NULL,0),(314,'playerVirtual5','playerVirtual5_f8495bbf6b',4,'2018-03-16 23:31:03',NULL,0),(315,'playerVirtual5','playerVirtual5_182859403',0,'2018-03-16 23:31:03',NULL,0),(316,'playerVirtual6','playerVirtual6_6274355716',0,'2018-03-16 23:31:07',NULL,0),(317,'playerVirtual6','playerVirtual6_6274355716',0,'2018-03-16 23:31:08',NULL,0),(318,'playerVirtual6','playerVirtual6_8976ba7d71',3,'2018-03-16 23:32:07',NULL,0),(319,'playerVirtual1','playerVirtual1_7c75c17b2a',4,'2018-03-16 23:34:49',NULL,0),(320,'playerVirtual7','playerVirtual7_3b592df1c5',3,'2018-03-16 23:38:30',NULL,0),(321,'playerVirtual6','playerVirtual6_6289704471',1,'2018-03-16 23:39:50',NULL,0),(322,'playerVirtual6','playerVirtual6_48f4aa0558',4,'2018-03-16 23:39:50',NULL,0),(323,'playerVirtual6','playerVirtual6_6289704471',1,'2018-03-16 23:39:50',NULL,0),(324,'playerVirtual8','playerVirtual8_908315',0,'2018-03-16 23:41:30',NULL,0),(325,'playerVirtual8','playerVirtual8_908315',0,'2018-03-16 23:41:30',NULL,0),(326,'playerVirtual8','playerVirtual8_8c71fe45a1',3,'2018-03-16 23:42:30',NULL,0),(327,'playerVirtual5','playerVirtual5_4246147567',0,'2018-03-16 23:43:07',NULL,0),(328,'playerVirtual5','playerVirtual5_4246147567',0,'2018-03-16 23:43:07',NULL,0),(329,'playerVirtual5','playerVirtual5_4c7130a8cb',3,'2018-03-16 23:44:07',NULL,0),(330,'playerVirtual7','playerVirtual7_6289704471',0,'2018-03-16 23:44:18',NULL,0),(331,'playerVirtual7','playerVirtual7_6289704471',0,'2018-03-16 23:44:18',NULL,0),(332,'playerVirtual9','playerVirtual9_539194189',0,'2018-03-16 23:44:39',NULL,0),(333,'playerVirtual9','playerVirtual9_539194189',0,'2018-03-16 23:44:39',NULL,0),(334,'playerVirtual7','playerVirtual7_98396cb3d4',4,'2018-03-16 23:45:18',NULL,0),(335,'playerVirtual1','playerVirtual1_539194189',1,'2018-03-16 23:45:24',NULL,0),(336,'playerVirtual1','playerVirtual1_65de105309',3,'2018-03-16 23:45:24',NULL,0),(337,'playerVirtual1','playerVirtual1_539194189',1,'2018-03-16 23:45:24',NULL,0),(338,'playerVirtual9','playerVirtual9_7ca304785f',3,'2018-03-16 23:45:39',NULL,0),(339,'playerVirtual8','playerVirtual8_4246147567',0,'2018-03-16 23:45:43',NULL,0),(340,'playerVirtual8','playerVirtual8_4246147567',0,'2018-03-16 23:45:44',NULL,0),(341,'playerVirtual8','playerVirtual8_6e2dc818c0',4,'2018-03-16 23:46:44',NULL,0),(342,'playerVirtual9','playerVirtual9_4246147567',0,'2018-03-16 23:49:14',NULL,0),(343,'playerVirtual9','playerVirtual9_4246147567',0,'2018-03-16 23:49:14',NULL,0),(344,'playerVirtual9','playerVirtual9_66fd8c2d6c',4,'2018-03-16 23:50:14',NULL,0),(345,'playerVirtual5','playerVirtual5_4246147567',1,'2018-03-16 23:52:34',NULL,0),(346,'playerVirtual5','playerVirtual5_60cf3fbd92',4,'2018-03-16 23:52:34',NULL,0),(347,'playerVirtual5','playerVirtual5_4246147567',1,'2018-03-16 23:52:34',NULL,0),(348,'playerVirtual6','playerVirtual6_4246147567',0,'2018-03-16 23:53:02',NULL,0),(349,'playerVirtual6','playerVirtual6_4246147567',0,'2018-03-16 23:53:03',NULL,0),(350,'playerVirtual6','playerVirtual6_f23002aa95',3,'2018-03-16 23:54:02',NULL,0),(351,'playerVirtual1','playerVirtual1_6315250734',0,'2018-03-16 23:56:15',NULL,0),(352,'playerVirtual1','playerVirtual1_6315250734',0,'2018-03-16 23:56:16',NULL,0),(353,'playerVirtual1','playerVirtual1_52f4cd2dd3',4,'2018-03-16 23:57:15',NULL,0),(354,'playerVirtual7','playerVirtual7_4246147567',0,'2018-03-17 00:00:51',NULL,0),(355,'playerVirtual7','playerVirtual7_4246147567',0,'2018-03-17 00:00:52',NULL,0),(356,'playerVirtual6','playerVirtual6_13ef703a35',4,'2018-03-17 00:01:45',NULL,0),(357,'playerVirtual7','playerVirtual7_4798b78a12',3,'2018-03-17 00:01:52',NULL,0),(358,'playerVirtual8','playerVirtual8_4246147567',1,'2018-03-17 00:04:38',NULL,0),(359,'playerVirtual8','playerVirtual8_9466878379',3,'2018-03-17 00:04:38',NULL,0),(360,'playerVirtual8','playerVirtual8_4246147567',1,'2018-03-17 00:04:38',NULL,0),(361,'playerVirtual5','playerVirtual5_4246147567',0,'2018-03-17 00:05:54',NULL,0),(362,'playerVirtual5','playerVirtual5_8831868427',3,'2018-03-17 00:05:54',NULL,0),(363,'playerVirtual5','playerVirtual5_4246147567',0,'2018-03-17 00:05:54',NULL,0),(364,'playerVirtual7','playerVirtual7_4246147567',1,'2018-03-17 00:07:38',NULL,0),(365,'playerVirtual7','playerVirtual7_7196f87cca',4,'2018-03-17 00:07:38',NULL,0),(366,'playerVirtual7','playerVirtual7_4246147567',1,'2018-03-17 00:07:38',NULL,0),(367,'playerVirtual9','playerVirtual9_4246147567',1,'2018-03-17 00:08:13',NULL,0),(368,'playerVirtual9','playerVirtual9_ceddb1af18',3,'2018-03-17 00:08:13',NULL,0),(369,'playerVirtual9','playerVirtual9_4246147567',1,'2018-03-17 00:08:13',NULL,0),(370,'playerVirtual1','playerVirtual1_2378747961',0,'2018-03-17 00:08:20',NULL,0),(371,'playerVirtual1','playerVirtual1_2378747961',0,'2018-03-17 00:08:20',NULL,0),(372,'playerVirtual8','playerVirtual8_5068098508',0,'2018-03-17 00:08:42',NULL,0),(373,'playerVirtual8','playerVirtual8_5068098508',0,'2018-03-17 00:08:43',NULL,0),(374,'playerVirtual1','playerVirtual1_e2767cc0a7',3,'2018-03-17 00:09:20',NULL,0),(375,'playerVirtual8','playerVirtual8_71218a20ab',4,'2018-03-17 00:09:43',NULL,0),(376,'playerVirtual9','playerVirtual9_990694203',0,'2018-03-17 00:12:37',NULL,0),(377,'playerVirtual9','playerVirtual9_990694203',0,'2018-03-17 00:12:37',NULL,0),(378,'playerVirtual9','playerVirtual9_5821b21e73',4,'2018-03-17 00:13:37',NULL,0),(379,'playerVirtual5','playerVirtual5_094bd00160',4,'2018-03-17 00:14:21',NULL,0),(380,'playerVirtual1','playerVirtual1_4246147567',0,'2018-03-17 00:20:40',NULL,0),(381,'playerVirtual1','playerVirtual1_4246147567',0,'2018-03-17 00:20:40',NULL,0),(382,'playerVirtual1','playerVirtual1_5c7f156d44',4,'2018-03-17 00:21:40',NULL,0),(383,'playerVirtual7','playerVirtual7_4246147567',0,'2018-03-17 00:23:51',NULL,0),(384,'playerVirtual7','playerVirtual7_20e5203a3d',3,'2018-03-17 00:23:51',NULL,0),(385,'playerVirtual7','playerVirtual7_4246147567',0,'2018-03-17 00:23:51',NULL,0),(386,'playerVirtual8','playerVirtual8_4246147567',0,'2018-03-17 00:28:16',NULL,0),(387,'playerVirtual8','playerVirtual8_8549e761e2',3,'2018-03-17 00:28:16',NULL,0),(388,'playerVirtual8','playerVirtual8_4246147567',0,'2018-03-17 00:28:16',NULL,0),(389,'playerVirtual5','playerVirtual5_4246147567',0,'2018-03-17 00:28:46',NULL,0),(390,'playerVirtual5','playerVirtual5_ee3036f90a',3,'2018-03-17 00:28:46',NULL,0),(391,'playerVirtual5','playerVirtual5_4246147567',0,'2018-03-17 00:28:46',NULL,0),(392,'playerVirtual7','playerVirtual7_d61b7a3692',4,'2018-03-17 00:29:39',NULL,0),(393,'playerVirtual9','playerVirtual9_990694203',1,'2018-03-17 00:31:37',NULL,0),(394,'playerVirtual9','playerVirtual9_bad42e834f',3,'2018-03-17 00:31:37',NULL,0),(395,'playerVirtual9','playerVirtual9_990694203',1,'2018-03-17 00:31:37',NULL,0),(396,'playerVirtual8','playerVirtual8_5bdac16056',4,'2018-03-17 00:32:20',NULL,0),(397,'playerVirtual1','playerVirtual1_4246147567',1,'2018-03-17 00:32:45',NULL,0),(398,'playerVirtual1','playerVirtual1_60986921f8',3,'2018-03-17 00:32:45',NULL,0),(399,'playerVirtual1','playerVirtual1_4246147567',1,'2018-03-17 00:32:45',NULL,0),(400,'playerVirtual9','playerVirtual9_4246147567',0,'2018-03-17 00:36:56',NULL,0),(401,'playerVirtual9','playerVirtual9_eae8b5e329',4,'2018-03-17 00:36:56',NULL,0),(402,'playerVirtual9','playerVirtual9_4246147567',0,'2018-03-17 00:36:56',NULL,0),(403,'playerVirtual5','playerVirtual5_eecf555f74',4,'2018-03-17 00:37:13',NULL,0),(404,'playerVirtual1','playerVirtual1_6322213339',0,'2018-03-17 00:45:09',NULL,0),(405,'playerVirtual1','playerVirtual1_6322213339',0,'2018-03-17 00:45:10',NULL,0),(406,'playerVirtual1','playerVirtual1_a484a86bd0',4,'2018-03-17 00:46:09',NULL,0),(407,'playerVirtual7','playerVirtual7_4246147567',0,'2018-03-17 00:46:57',NULL,0),(408,'playerVirtual7','playerVirtual7_27d08635bd',3,'2018-03-17 00:46:58',NULL,0),(409,'playerVirtual7','playerVirtual7_4246147567',0,'2018-03-17 00:46:58',NULL,0),(410,'playerVirtual8','playerVirtual8_1095593',0,'2018-03-17 00:51:44',NULL,0),(411,'playerVirtual8','playerVirtual8_1095593',0,'2018-03-17 00:51:45',NULL,0),(412,'playerVirtual5','playerVirtual5_4246147567',0,'2018-03-17 00:52:20',NULL,0),(413,'playerVirtual5','playerVirtual5_bf7f218b4b',3,'2018-03-17 00:52:20',NULL,0),(414,'playerVirtual5','playerVirtual5_4246147567',0,'2018-03-17 00:52:20',NULL,0),(415,'playerVirtual8','playerVirtual8_77e9764df4',3,'2018-03-17 00:52:43',NULL,0),(416,'playerVirtual7','playerVirtual7_5b97ab12c9',4,'2018-03-17 00:52:47',NULL,0),(417,'playerVirtual9','playerVirtual9_4246147567',1,'2018-03-17 00:54:56',NULL,0),(418,'playerVirtual9','playerVirtual9_e2d8ffed26',3,'2018-03-17 00:54:56',NULL,0),(419,'playerVirtual9','playerVirtual9_4246147567',1,'2018-03-17 00:54:56',NULL,0);
/*!40000 ALTER TABLE `REQUEST` ENABLE KEYS */;
UNLOCK TABLES;

--
-- Table structure for table `STATUS`
--

DROP TABLE IF EXISTS `STATUS`;
/*!40101 SET @saved_cs_client     = @@character_set_client */;
/*!40101 SET character_set_client = utf8 */;
CREATE TABLE `STATUS` (
  `id` int(11) NOT NULL AUTO_INCREMENT,
  `players` int(11) DEFAULT '0',
  `all_requests` int(11) DEFAULT '0',
  `accepts` int(11) DEFAULT '0',
  `rejects` int(11) DEFAULT '0',
  `fairness` double DEFAULT '0',
  `timestamp` timestamp NULL DEFAULT NULL,
  PRIMARY KEY (`id`)
) ENGINE=InnoDB AUTO_INCREMENT=52 DEFAULT CHARSET=utf8;
/*!40101 SET character_set_client = @saved_cs_client */;

--
-- Dumping data for table `STATUS`
--

LOCK TABLES `STATUS` WRITE;
/*!40000 ALTER TABLE `STATUS` DISABLE KEYS */;
INSERT INTO `STATUS` VALUES (1,0,0,0,0,0,'2018-03-16 20:45:51'),(2,3,6,6,0,1,'2018-03-16 20:50:51'),(3,4,14,14,0,1,'2018-03-16 20:55:52'),(4,5,22,22,0,1,'2018-03-16 21:00:52'),(5,5,30,24,6,0.8,'2018-03-16 21:05:52'),(6,5,37,24,13,0.648648648648649,'2018-03-16 21:10:52'),(7,5,44,24,20,0.545454545454545,'2018-03-16 21:15:52'),(8,5,50,24,26,0.48,'2018-03-16 21:20:52'),(9,5,56,25,31,0.446428571428571,'2018-03-16 21:25:52'),(10,5,58,25,33,0.431034482758621,'2018-03-16 21:30:53'),(11,5,59,25,34,0.423728813559322,'2018-03-16 21:35:53'),(12,5,60,26,34,0.433333333333333,'2018-03-16 21:40:53'),(13,5,62,26,36,0.419354838709677,'2018-03-16 21:45:53'),(14,5,62,26,36,0.419354838709677,'2018-03-16 21:50:53'),(15,5,64,26,38,0.40625,'2018-03-16 21:55:53'),(16,5,66,26,40,0.393939393939394,'2018-03-16 22:00:53'),(17,6,68,28,40,0.411764705882353,'2018-03-16 22:05:54'),(18,6,70,30,40,0.428571428571429,'2018-03-16 22:10:54'),(19,6,73,31,42,0.424657534246575,'2018-03-16 22:15:54'),(20,6,75,33,42,0.44,'2018-03-16 22:20:54'),(21,6,77,33,44,0.428571428571429,'2018-03-16 22:25:54'),(22,6,79,33,46,0.417721518987342,'2018-03-16 22:30:54'),(23,6,80,33,47,0.4125,'2018-03-16 22:35:54'),(24,6,83,33,50,0.397590361445783,'2018-03-16 22:40:55'),(25,7,83,33,50,0.397590361445783,'2018-03-16 22:45:55'),(26,7,85,34,51,0.4,'2018-03-16 22:50:55'),(27,7,88,34,54,0.386363636363636,'2018-03-16 22:55:55'),(28,7,89,34,55,0.382022471910112,'2018-03-16 23:00:55'),(29,9,90,35,55,0.388888888888889,'2018-03-16 23:05:55'),(30,9,90,35,55,0.388888888888889,'2018-03-16 23:10:55'),(31,9,90,35,55,0.388888888888889,'2018-03-16 23:15:56'),(32,9,93,38,55,0.408602150537634,'2018-03-16 23:20:56'),(33,10,96,40,56,0.416666666666667,'2018-03-16 23:25:56'),(34,10,96,40,56,0.416666666666667,'2018-03-16 23:30:56'),(35,10,98,42,56,0.428571428571429,'2018-03-16 23:35:56'),(36,10,98,42,56,0.428571428571429,'2018-03-16 23:40:56'),(37,10,103,47,56,0.456310679611651,'2018-03-16 23:45:56'),(38,10,104,48,56,0.461538461538462,'2018-03-16 23:50:57'),(39,10,105,48,57,0.457142857142857,'2018-03-16 23:55:57'),(40,10,107,50,57,0.467289719626168,'2018-03-17 00:00:57'),(41,10,108,50,58,0.462962962962963,'2018-03-17 00:05:57'),(42,10,110,51,59,0.463636363636364,'2018-03-17 00:10:57'),(43,10,111,52,59,0.468468468468468,'2018-03-17 00:15:57'),(44,10,112,53,59,0.473214285714286,'2018-03-17 00:20:57'),(45,10,113,53,60,0.469026548672566,'2018-03-17 00:25:57'),(46,10,115,53,62,0.460869565217391,'2018-03-17 00:30:58'),(47,10,115,53,62,0.460869565217391,'2018-03-17 00:35:58'),(48,10,116,54,62,0.46551724137931,'2018-03-17 00:40:58'),(49,10,117,55,62,0.47008547008547,'2018-03-17 00:45:58'),(50,10,118,55,63,0.466101694915254,'2018-03-17 00:50:58'),(51,10,120,55,65,0.458333333333333,'2018-03-17 00:55:58');
/*!40000 ALTER TABLE `STATUS` ENABLE KEYS */;
UNLOCK TABLES;

--
-- Table structure for table `THRESHOLD`
--

DROP TABLE IF EXISTS `THRESHOLD`;
/*!40101 SET @saved_cs_client     = @@character_set_client */;
/*!40101 SET character_set_client = utf8 */;
CREATE TABLE `THRESHOLD` (
  `division` int(11) NOT NULL,
  `botton` double DEFAULT '0',
  `top` double DEFAULT '0',
  PRIMARY KEY (`division`)
) ENGINE=InnoDB DEFAULT CHARSET=utf8;
/*!40101 SET character_set_client = @saved_cs_client */;

--
-- Dumping data for table `THRESHOLD`
--

LOCK TABLES `THRESHOLD` WRITE;
/*!40000 ALTER TABLE `THRESHOLD` DISABLE KEYS */;
INSERT INTO `THRESHOLD` VALUES (1,8.76,20),(2,4.38,8.76),(3,0,4.38);
/*!40000 ALTER TABLE `THRESHOLD` ENABLE KEYS */;
UNLOCK TABLES;

--
-- Table structure for table `VM`
--

DROP TABLE IF EXISTS `VM`;
/*!40101 SET @saved_cs_client     = @@character_set_client */;
/*!40101 SET character_set_client = utf8 */;
CREATE TABLE `VM` (
  `id` int(11) NOT NULL AUTO_INCREMENT,
  `origin_add` varchar(45) NOT NULL,
  `origin_id` varchar(45) NOT NULL,
  `origin_name` varchar(45) NOT NULL,
  `destiny_add` varchar(45) NOT NULL,
  `destiny_name` varchar(45) NOT NULL,
  `destiny_id` varchar(45) NOT NULL,
  `status` tinyint(1) NOT NULL,
  `has_resources` tinyint(1) NOT NULL,
  `vcpus` int(11) NOT NULL,
  `mem` bigint(20) NOT NULL,
  `disk` bigint(20) NOT NULL,
  `timestamp_received` timestamp NULL DEFAULT NULL,
  `timestamp_finished` timestamp NULL DEFAULT NULL,
  PRIMARY KEY (`id`)
) ENGINE=InnoDB AUTO_INCREMENT=121 DEFAULT CHARSET=utf8;
/*!40101 SET character_set_client = @saved_cs_client */;

--
-- Dumping data for table `VM`
--

LOCK TABLES `VM` WRITE;
/*!40000 ALTER TABLE `VM` DISABLE KEYS */;
INSERT INTO `VM` VALUES (1,'192.168.0.200','playerVirtual1_450512000','playerVirtual1','192.168.0.200','playerVirtual2','playerVirtual2_9a69a84f7f',1,1,1,2048,20,'2018-03-16 20:48:06',NULL),(2,'192.168.0.200','playerVirtual2_1438244924','playerVirtual2','192.168.0.200','playerVirtual1','playerVirtual1_07f5a5c6fc',1,1,1,2048,20,'2018-03-16 20:48:08',NULL),(3,'192.168.0.200','playerVirtual0_640692267','playerVirtual0','192.168.0.200','playerVirtual2','playerVirtual2_1c907a4d02',1,1,1,512,1,'2018-03-16 20:48:12',NULL),(4,'192.168.0.200','playerVirtual1_2381571381','playerVirtual1','192.168.0.200','playerVirtual0','playerVirtual0_30b89c662a',3,1,1,2048,20,'2018-03-16 20:50:13','2018-03-16 22:33:48'),(5,'192.168.0.200','playerVirtual2_5297461910','playerVirtual2','192.168.0.200','playerVirtual1','playerVirtual1_279aa9b95b',1,1,1,512,1,'2018-03-16 20:50:14',NULL),(6,'192.168.0.200','playerVirtual0_2790332778','playerVirtual0','192.168.0.200','playerVirtual1','playerVirtual1_99d709abfc',1,1,2,4096,40,'2018-03-16 20:50:17',NULL),(7,'192.168.0.200','playerVirtual1_369721705','playerVirtual1','192.168.0.200','playerVirtual3','playerVirtual3_0ed9ec4314',1,1,2,4096,40,'2018-03-16 20:52:19',NULL),(8,'192.168.0.200','playerVirtual2_317469422','playerVirtual2','192.168.0.200','playerVirtual1','playerVirtual1_f5257780ff',1,1,2,4096,40,'2018-03-16 20:52:22',NULL),(9,'192.168.0.200','playerVirtual0_6955737','playerVirtual0','192.168.0.200','playerVirtual3','playerVirtual3_82f6f61fd5',1,1,1,2048,20,'2018-03-16 20:52:24',NULL),(10,'192.168.0.200','playerVirtual3_257338104','playerVirtual3','192.168.0.200','playerVirtual1','playerVirtual1_da4c59a9cd',1,1,2,4096,40,'2018-03-16 20:53:20',NULL),(11,'192.168.0.200','playerVirtual1_3584940347','playerVirtual1','192.168.0.200','playerVirtual3','playerVirtual3_47b84396b3',1,1,1,512,1,'2018-03-16 20:54:26',NULL),(12,'192.168.0.200','playerVirtual2_2433236783','playerVirtual2','192.168.0.200','playerVirtual1','playerVirtual1_cfb1f2def0',1,1,1,2048,20,'2018-03-16 20:54:28',NULL),(13,'192.168.0.200','playerVirtual0_3338579772','playerVirtual0','192.168.0.200','playerVirtual3','playerVirtual3_a66bf8cb17',1,1,1,2048,20,'2018-03-16 20:54:32',NULL),(14,'192.168.0.200','playerVirtual3_257407216','playerVirtual3','192.168.0.200','playerVirtual1','playerVirtual1_6f3bfca092',1,1,2,4096,40,'2018-03-16 20:55:22',NULL),(15,'192.168.0.200','playerVirtual1_182859403','playerVirtual1','192.168.0.200','playerVirtual3','playerVirtual3_3872b409f8',3,1,1,512,1,'2018-03-16 20:56:41','2018-03-16 21:34:19'),(16,'192.168.0.200','playerVirtual2_2359368952','playerVirtual2','192.168.0.200','playerVirtual3','playerVirtual3_a3081cc20a',3,1,1,512,1,'2018-03-16 20:56:47','2018-03-16 21:21:22'),(17,'192.168.0.200','playerVirtual0_16917741','playerVirtual0','192.168.0.200','playerVirtual3','playerVirtual3_a8c6e609df',1,1,1,512,1,'2018-03-16 20:56:53',NULL),(18,'192.168.0.200','playerVirtual3_2545640208','playerVirtual3','192.168.0.200','playerVirtual4','playerVirtual4_0274cc2b93',1,1,1,2048,20,'2018-03-16 20:57:57',NULL),(19,'192.168.0.200','playerVirtual4_908315','playerVirtual4','192.168.0.200','playerVirtual3','playerVirtual3_dfa3254fd2',1,1,1,2048,20,'2018-03-16 20:58:45',NULL),(20,'192.168.0.200','playerVirtual1_539194189','playerVirtual1','192.168.0.200','playerVirtual4','playerVirtual4_9212053aa3',3,1,1,2048,20,'2018-03-16 20:59:12','2018-03-16 23:45:24'),(21,'192.168.0.200','playerVirtual2_4820204870','playerVirtual2','192.168.0.200','playerVirtual3','playerVirtual3_fc4e7f257d',1,1,2,4096,40,'2018-03-16 20:59:55',NULL),(22,'192.168.0.200','playerVirtual0_8058564','playerVirtual0','192.168.0.200','playerVirtual4','playerVirtual4_b18f73b54e',1,1,1,2048,20,'2018-03-16 21:00:49',NULL),(23,'192.168.0.200','playerVirtual3_1429160667','playerVirtual3','192.168.0.200','playerVirtual4','playerVirtual4_d012d05543',1,1,1,2048,20,'2018-03-16 21:01:40',NULL),(24,'192.168.0.200','playerVirtual4_3338010893','playerVirtual4','192.168.0.200','playerVirtual2','playerVirtual4_3338010893',0,0,1,512,1,'2018-03-16 21:02:26','2018-03-16 21:02:26'),(25,'192.168.0.200','playerVirtual1_82730999','playerVirtual1','192.168.0.200','playerVirtual4','playerVirtual4_29ca07d307',1,1,1,512,1,'2018-03-16 21:03:04',NULL),(26,'192.168.0.200','playerVirtual2_351652724','playerVirtual2','192.168.0.200','playerVirtual0','playerVirtual2_351652724',0,0,1,2048,20,'2018-03-16 21:03:11','2018-03-16 21:03:11'),(27,'192.168.0.200','playerVirtual0_6571218','playerVirtual0','192.168.0.200','playerVirtual2','playerVirtual0_6571218',0,0,1,2048,20,'2018-03-16 21:03:17','2018-03-16 21:03:17'),(28,'192.168.0.200','playerVirtual3_778566023','playerVirtual3','192.168.0.200','playerVirtual4','playerVirtual3_778566023',0,0,1,512,1,'2018-03-16 21:04:24','2018-03-16 21:04:24'),(29,'192.168.0.200','playerVirtual4_1436344784','playerVirtual4','192.168.0.200','playerVirtual0','playerVirtual4_1436344784',0,0,1,2048,20,'2018-03-16 21:05:16','2018-03-16 21:05:16'),(30,'192.168.0.200','playerVirtual1_1339662','playerVirtual1','192.168.0.200','playerVirtual3','playerVirtual1_1339662',0,0,1,2048,20,'2018-03-16 21:05:44','2018-03-16 21:05:44'),(31,'192.168.0.200','playerVirtual2_317497342','playerVirtual2','192.168.0.200','playerVirtual4','playerVirtual2_317497342',0,0,1,512,1,'2018-03-16 21:06:28','2018-03-16 21:06:28'),(32,'192.168.0.200','playerVirtual0_284794223','playerVirtual0','192.168.0.200','playerVirtual2','playerVirtual0_284794223',0,0,1,2048,20,'2018-03-16 21:07:22','2018-03-16 21:07:22'),(33,'192.168.0.200','playerVirtual3_359920779','playerVirtual3','192.168.0.200','playerVirtual0','playerVirtual3_359920779',0,0,1,512,1,'2018-03-16 21:08:13','2018-03-16 21:08:13'),(34,'192.168.0.200','playerVirtual4_904011','playerVirtual4','192.168.0.200','playerVirtual2','playerVirtual4_904011',0,0,1,2048,20,'2018-03-16 21:09:00','2018-03-16 21:09:00'),(35,'192.168.0.200','playerVirtual1_2904109077','playerVirtual1','192.168.0.200','playerVirtual3','playerVirtual1_2904109077',0,0,1,512,1,'2018-03-16 21:09:37','2018-03-16 21:09:37'),(36,'192.168.0.200','playerVirtual2_257338074','playerVirtual2','192.168.0.200','playerVirtual4','playerVirtual2_257338074',0,0,2,4096,40,'2018-03-16 21:09:46','2018-03-16 21:09:46'),(37,'192.168.0.200','playerVirtual0_905614','playerVirtual0','192.168.0.200','playerVirtual2','playerVirtual0_905614',0,0,1,2048,20,'2018-03-16 21:09:51','2018-03-16 21:09:51'),(38,'192.168.0.200','playerVirtual3_1093460','playerVirtual3','192.168.0.200','playerVirtual0','playerVirtual3_1093460',0,0,1,512,1,'2018-03-16 21:10:59','2018-03-16 21:10:59'),(39,'192.168.0.200','playerVirtual4_6569547','playerVirtual4','192.168.0.200','playerVirtual2','playerVirtual4_6569547',0,0,1,2048,20,'2018-03-16 21:11:52','2018-03-16 21:11:52'),(40,'192.168.0.200','playerVirtual1_470485660','playerVirtual1','192.168.0.200','playerVirtual3','playerVirtual1_470485660',0,0,2,4096,40,'2018-03-16 21:12:21','2018-03-16 21:12:21'),(41,'192.168.0.200','playerVirtual2_30788568','playerVirtual2','192.168.0.200','playerVirtual4','playerVirtual2_30788568',0,0,1,512,1,'2018-03-16 21:13:10','2018-03-16 21:13:10'),(42,'192.168.0.200','playerVirtual0_5792765','playerVirtual0','192.168.0.200','playerVirtual2','playerVirtual0_5792765',0,0,1,512,1,'2018-03-16 21:14:03','2018-03-16 21:14:03'),(43,'192.168.0.200','playerVirtual3_38671842','playerVirtual3','192.168.0.200','playerVirtual0','playerVirtual3_38671842',0,0,1,512,1,'2018-03-16 21:15:01','2018-03-16 21:15:01'),(44,'192.168.0.200','playerVirtual4_400453824','playerVirtual4','192.168.0.200','playerVirtual2','playerVirtual4_400453824',0,0,1,512,1,'2018-03-16 21:15:48','2018-03-16 21:15:48'),(45,'192.168.0.200','playerVirtual1_4820318661','playerVirtual1','192.168.0.200','playerVirtual3','playerVirtual1_4820318661',0,0,2,4096,40,'2018-03-16 21:16:34','2018-03-16 21:16:34'),(46,'192.168.0.200','playerVirtual2_4819935267','playerVirtual2','192.168.0.200','playerVirtual4','playerVirtual2_4819935267',0,0,2,4096,40,'2018-03-16 21:16:43','2018-03-16 21:16:43'),(47,'192.168.0.200','playerVirtual0_4820217293','playerVirtual0','192.168.0.200','playerVirtual2','playerVirtual0_4820217293',0,0,2,4096,40,'2018-03-16 21:16:52','2018-03-16 21:16:52'),(48,'192.168.0.200','playerVirtual3_6264344062','playerVirtual3','192.168.0.200','playerVirtual0','playerVirtual3_6264344062',0,0,1,512,1,'2018-03-16 21:17:59','2018-03-16 21:17:59'),(49,'192.168.0.200','playerVirtual4_2378747961','playerVirtual4','192.168.0.200','playerVirtual2','playerVirtual4_2378747961',0,0,1,512,1,'2018-03-16 21:19:03','2018-03-16 21:19:03'),(50,'192.168.0.200','playerVirtual1_5068098508','playerVirtual1','192.168.0.200','playerVirtual3','playerVirtual1_5068098508',0,0,1,2048,20,'2018-03-16 21:19:36','2018-03-16 21:19:36'),(51,'192.168.0.200','playerVirtual0_227443932','playerVirtual0','192.168.0.200','playerVirtual4','playerVirtual0_227443932',0,0,1,2048,20,'2018-03-16 21:22:31','2018-03-16 21:22:31'),(52,'192.168.0.200','playerVirtual3_1095593','playerVirtual3','192.168.0.200','playerVirtual0','playerVirtual3_1095593',0,0,1,512,1,'2018-03-16 21:23:28','2018-03-16 21:23:28'),(53,'192.168.0.200','playerVirtual4_2148750930','playerVirtual4','192.168.0.200','playerVirtual2','playerVirtual4_2148750930',0,0,1,2048,20,'2018-03-16 21:24:20','2018-03-16 21:24:20'),(54,'192.168.0.200','playerVirtual2_765651','playerVirtual2','192.168.0.200','playerVirtual4','playerVirtual2_765651',0,0,1,2048,20,'2018-03-16 21:24:22','2018-03-16 21:24:22'),(55,'192.168.0.200','playerVirtual1_563574327','playerVirtual1','192.168.0.200','playerVirtual3','playerVirtual3_22bdadbb63',1,1,1,2048,20,'2018-03-16 21:25:10',NULL),(56,'192.168.0.200','playerVirtual0_16915963','playerVirtual0','192.168.0.200','playerVirtual2','playerVirtual0_16915963',0,0,1,2048,20,'2018-03-16 21:25:34','2018-03-16 21:25:34'),(57,'192.168.0.200','playerVirtual3_5623125514','playerVirtual3','','','',0,1,0,0,0,'2018-03-16 21:26:44','2018-03-16 21:26:44'),(58,'192.168.0.200','playerVirtual1_6274355716','playerVirtual1','192.168.0.200','playerVirtual3','playerVirtual1_6274355716',0,0,1,512,1,'2018-03-16 21:28:27','2018-03-16 21:28:27'),(59,'192.168.0.200','playerVirtual3_182859403','playerVirtual3','','','',0,1,0,0,0,'2018-03-16 21:33:22','2018-03-16 21:33:22'),(60,'192.168.0.200','playerVirtual1_4820204870','playerVirtual1','192.168.0.200','playerVirtual3','playerVirtual3_7c015a39bd',1,1,2,4096,40,'2018-03-16 21:37:37',NULL),(61,'192.168.0.200','playerVirtual3_990694203','playerVirtual3','','','',0,1,0,0,0,'2018-03-16 21:42:49','2018-03-16 21:42:49'),(62,'192.168.0.200','playerVirtual1_990694203','playerVirtual1','192.168.0.200','playerVirtual3','playerVirtual1_990694203',0,0,1,2048,20,'2018-03-16 21:43:59','2018-03-16 21:43:59'),(63,'192.168.0.200','playerVirtual3_6280638724','playerVirtual3','','','',0,1,0,0,0,'2018-03-16 21:52:32','2018-03-16 21:52:32'),(64,'192.168.0.200','playerVirtual1_6280643141','playerVirtual1','192.168.0.200','playerVirtual3','playerVirtual1_6280643141',0,0,1,512,1,'2018-03-16 21:53:42','2018-03-16 21:53:42'),(65,'192.168.0.200','playerVirtual3_4476462938','playerVirtual3','','','',0,1,0,0,0,'2018-03-16 21:56:13','2018-03-16 21:56:13'),(66,'192.168.0.200','playerVirtual1_272887063','playerVirtual1','192.168.0.200','playerVirtual3','playerVirtual1_272887063',0,0,1,2048,20,'2018-03-16 21:58:16','2018-03-16 21:58:16'),(67,'192.168.0.200','playerVirtual3_6282149131','playerVirtual3','192.168.0.200','playerVirtual5','playerVirtual5_3bf7aa0cf0',1,1,1,512,1,'2018-03-16 22:03:34',NULL),(68,'192.168.0.200','playerVirtual1_2359368952','playerVirtual1','192.168.0.200','playerVirtual5','playerVirtual5_531e5a1942',1,1,1,512,1,'2018-03-16 22:04:45',NULL),(69,'192.168.0.200','playerVirtual3_682797','playerVirtual3','192.168.0.200','playerVirtual5','playerVirtual5_217a7cb78d',1,1,1,2048,20,'2018-03-16 22:07:37',NULL),(70,'192.168.0.200','playerVirtual1_214880781','playerVirtual1','192.168.0.200','playerVirtual5','playerVirtual5_1132bdc299',1,1,1,2048,20,'2018-03-16 22:09:42',NULL),(71,'192.168.0.200','playerVirtual5_1436323714','playerVirtual5','192.168.0.200','playerVirtual3','playerVirtual5_1436323714',0,0,1,2048,20,'2018-03-16 22:11:34','2018-03-16 22:11:34'),(72,'192.168.0.200','playerVirtual5_182859403','playerVirtual5','192.168.0.200','playerVirtual3','playerVirtual5_182859403',0,0,1,512,1,'2018-03-16 22:14:02','2018-03-16 22:14:02'),(73,'192.168.0.200','playerVirtual3_1094955','playerVirtual3','192.168.0.200','playerVirtual5','playerVirtual5_cde4fcec17',1,1,1,512,1,'2018-03-16 22:15:01',NULL),(74,'192.168.0.200','playerVirtual1_16914091','playerVirtual1','192.168.0.200','playerVirtual5','playerVirtual5_d3aa861a71',1,1,1,2048,20,'2018-03-16 22:16:15',NULL),(75,'192.168.0.200','playerVirtual3_6285257156','playerVirtual3','192.168.0.200','playerVirtual5','playerVirtual5_9985d0b033',1,1,1,512,1,'2018-03-16 22:19:29',NULL),(76,'192.168.0.200','playerVirtual1_6955737','playerVirtual1','192.168.0.200','playerVirtual3','playerVirtual1_6955737',0,0,1,2048,20,'2018-03-16 22:22:01','2018-03-16 22:22:01'),(77,'192.168.0.200','playerVirtual5_6641406','playerVirtual5','192.168.0.200','playerVirtual3','playerVirtual5_6641406',0,0,1,2048,20,'2018-03-16 22:23:21','2018-03-16 22:23:21'),(78,'192.168.0.200','playerVirtual5_1438244924','playerVirtual5','192.168.0.200','playerVirtual3','playerVirtual5_1438244924',0,0,1,2048,20,'2018-03-16 22:26:40','2018-03-16 22:26:40'),(79,'192.168.0.200','playerVirtual3_6955737','playerVirtual3','','','',0,1,0,0,0,'2018-03-16 22:27:32','2018-03-16 22:27:32'),(80,'192.168.0.200','playerVirtual3_2381571381','playerVirtual3','','','',0,1,0,0,0,'2018-03-16 22:32:16','2018-03-16 22:32:16'),(81,'192.168.0.200','playerVirtual5_3338579772','playerVirtual5','192.168.0.200','playerVirtual3','playerVirtual5_3338579772',0,0,1,2048,20,'2018-03-16 22:36:00','2018-03-16 22:36:00'),(82,'192.168.0.200','playerVirtual1_6289355687','playerVirtual1','192.168.0.200','playerVirtual5','playerVirtual1_6289355687',0,0,1,512,1,'2018-03-16 22:39:57','2018-03-16 22:39:57'),(83,'192.168.0.200','playerVirtual3_2378747961','playerVirtual3','','','',0,1,0,0,0,'2018-03-16 22:40:22','2018-03-16 22:40:22'),(84,'192.168.0.200','playerVirtual1_6289704471','playerVirtual1','192.168.0.200','playerVirtual6','playerVirtual6_9f4773aa11',3,1,1,512,1,'2018-03-16 22:46:19','2018-03-16 23:26:44'),(85,'192.168.0.200','playerVirtual5_1438244924','playerVirtual5','192.168.0.200','playerVirtual3','playerVirtual5_1438244924',0,0,1,2048,20,'2018-03-16 22:48:31','2018-03-16 22:48:31'),(86,'192.168.0.200','playerVirtual5_6296268057','playerVirtual5','192.168.0.200','playerVirtual6','playerVirtual5_6296268057',0,0,1,512,1,'2018-03-16 22:54:02','2018-03-16 22:54:02'),(87,'192.168.0.200','playerVirtual6_1436344784','playerVirtual6','','','',0,1,0,0,0,'2018-03-16 22:54:11','2018-03-16 22:54:11'),(88,'192.168.0.200','playerVirtual1_990694203','playerVirtual1','192.168.0.200','playerVirtual5','playerVirtual1_990694203',0,0,1,2048,20,'2018-03-16 22:54:31','2018-03-16 22:54:31'),(89,'192.168.0.200','playerVirtual6_182859403','playerVirtual6','','','',0,1,0,0,0,'2018-03-16 22:59:35','2018-03-16 22:59:35'),(90,'192.168.0.200','playerVirtual5_6296865278','playerVirtual5','192.168.0.200','playerVirtual7','playerVirtual7_e0ec4fac09',1,1,1,512,1,'2018-03-16 23:03:33',NULL),(91,'192.168.0.200','playerVirtual1_6301942525','playerVirtual1','192.168.0.200','playerVirtual8','playerVirtual8_1d91d6a8fc',1,1,1,512,1,'2018-03-16 23:16:13',NULL),(92,'192.168.0.200','playerVirtual7_6264344062','playerVirtual7','192.168.0.200','playerVirtual8','playerVirtual8_c49c8d134a',1,1,1,2048,20,'2018-03-16 23:18:04',NULL),(93,'192.168.0.200','playerVirtual6_6289704471','playerVirtual6','192.168.0.200','playerVirtual7','playerVirtual7_1f996e91b3',3,1,1,2048,20,'2018-03-16 23:18:40','2018-03-16 23:39:50'),(94,'192.168.0.200','playerVirtual8_990694203','playerVirtual8','192.168.0.200','playerVirtual7','playerVirtual7_5ffb927f43',3,1,1,2048,20,'2018-03-16 23:21:34','2018-03-16 23:23:36'),(95,'192.168.0.200','playerVirtual5_5297461910','playerVirtual5','192.168.0.200','playerVirtual7','playerVirtual7_e57d575e29',1,1,1,512,1,'2018-03-16 23:21:37',NULL),(96,'192.168.0.200','playerVirtual7_1095593','playerVirtual7','192.168.0.200','playerVirtual6','playerVirtual7_1095593',0,0,1,512,1,'2018-03-16 23:22:32','2018-03-16 23:22:32'),(97,'192.168.0.200','playerVirtual5_182859403','playerVirtual5','192.168.0.200','playerVirtual9','playerVirtual9_42bc48db72',1,1,1,512,1,'2018-03-16 23:31:03',NULL),(98,'192.168.0.200','playerVirtual6_6274355716','playerVirtual6','192.168.0.200','playerVirtual7','playerVirtual7_0ce5a52137',1,1,1,512,1,'2018-03-16 23:31:08',NULL),(99,'192.168.0.200','playerVirtual8_908315','playerVirtual8','192.168.0.200','playerVirtual6','playerVirtual6_fce32a74f0',1,1,1,2048,20,'2018-03-16 23:41:30',NULL),(100,'192.168.0.200','playerVirtual5_4246147567','playerVirtual5','192.168.0.200','playerVirtual9','playerVirtual9_39a6eded17',3,1,2,4096,40,'2018-03-16 23:43:07','2018-03-16 23:52:34'),(101,'192.168.0.200','playerVirtual7_6289704471','playerVirtual7','192.168.0.200','playerVirtual9','playerVirtual9_68968ee046',1,1,1,2048,20,'2018-03-16 23:44:18',NULL),(102,'192.168.0.200','playerVirtual9_539194189','playerVirtual9','192.168.0.200','playerVirtual7','playerVirtual7_c3010116d0',1,1,1,2048,20,'2018-03-16 23:44:39',NULL),(103,'192.168.0.200','playerVirtual8_4246147567','playerVirtual8','192.168.0.200','playerVirtual9','playerVirtual9_c33caf42a4',3,1,2,4096,40,'2018-03-16 23:45:44','2018-03-17 00:04:38'),(104,'192.168.0.200','playerVirtual9_4246147567','playerVirtual9','192.168.0.200','playerVirtual7','playerVirtual7_4509315778',3,1,2,4096,40,'2018-03-16 23:49:14','2018-03-17 00:54:56'),(105,'192.168.0.200','playerVirtual6_4246147567','playerVirtual6','192.168.0.200','playerVirtual5','playerVirtual6_4246147567',0,0,2,4096,40,'2018-03-16 23:53:03','2018-03-16 23:53:03'),(106,'192.168.0.200','playerVirtual1_6315250734','playerVirtual1','192.168.0.200','playerVirtual9','playerVirtual9_4ad7267e7a',1,1,1,512,1,'2018-03-16 23:56:16',NULL),(107,'192.168.0.200','playerVirtual7_4246147567','playerVirtual7','192.168.0.200','playerVirtual9','playerVirtual9_d31cb7c31e',3,1,2,4096,40,'2018-03-17 00:00:52','2018-03-17 00:07:38'),(108,'192.168.0.200','playerVirtual5_4246147567','playerVirtual5','192.168.0.200','playerVirtual8','playerVirtual5_4246147567',0,0,2,4096,40,'2018-03-17 00:05:54','2018-03-17 00:05:54'),(109,'192.168.0.200','playerVirtual1_2378747961','playerVirtual1','192.168.0.200','playerVirtual7','playerVirtual7_c9f80bf6d2',1,1,1,512,1,'2018-03-17 00:08:20',NULL),(110,'192.168.0.200','playerVirtual8_5068098508','playerVirtual8','192.168.0.200','playerVirtual6','playerVirtual8_5068098508',0,0,1,2048,20,'2018-03-17 00:08:43','2018-03-17 00:08:43'),(111,'192.168.0.200','playerVirtual9_990694203','playerVirtual9','192.168.0.200','playerVirtual7','playerVirtual7_937e1a9a96',3,1,1,2048,20,'2018-03-17 00:12:37','2018-03-17 00:31:37'),(112,'192.168.0.200','playerVirtual1_4246147567','playerVirtual1','192.168.0.200','playerVirtual9','playerVirtual9_d21ce8b999',3,1,2,4096,40,'2018-03-17 00:20:41','2018-03-17 00:32:45'),(113,'192.168.0.200','playerVirtual7_4246147567','playerVirtual7','192.168.0.200','playerVirtual5','playerVirtual7_4246147567',0,0,2,4096,40,'2018-03-17 00:23:51','2018-03-17 00:23:51'),(114,'192.168.0.200','playerVirtual8_4246147567','playerVirtual8','192.168.0.200','playerVirtual5','playerVirtual8_4246147567',0,0,2,4096,40,'2018-03-17 00:28:16','2018-03-17 00:28:16'),(115,'192.168.0.200','playerVirtual5_4246147567','playerVirtual5','192.168.0.200','playerVirtual8','playerVirtual5_4246147567',0,0,2,4096,40,'2018-03-17 00:28:46','2018-03-17 00:28:46'),(116,'192.168.0.200','playerVirtual9_4246147567','playerVirtual9','192.168.0.200','playerVirtual1','playerVirtual1_270141f7ee',3,1,2,4096,40,'2018-03-17 00:36:56','2018-03-17 00:54:56'),(117,'192.168.0.200','playerVirtual1_6322213339','playerVirtual1','192.168.0.200','playerVirtual7','playerVirtual7_9d9a4b2eaa',1,1,1,512,1,'2018-03-17 00:45:10',NULL),(118,'192.168.0.200','playerVirtual7_4246147567','playerVirtual7','192.168.0.200','playerVirtual5','playerVirtual7_4246147567',0,0,2,4096,40,'2018-03-17 00:46:58','2018-03-17 00:46:58'),(119,'192.168.0.200','playerVirtual8_1095593','playerVirtual8','192.168.0.200','playerVirtual5','playerVirtual8_1095593',0,0,1,512,1,'2018-03-17 00:51:45','2018-03-17 00:51:45'),(120,'192.168.0.200','playerVirtual5_4246147567','playerVirtual5','192.168.0.200','playerVirtual8','playerVirtual5_4246147567',0,0,2,4096,40,'2018-03-17 00:52:20','2018-03-17 00:52:20');
/*!40000 ALTER TABLE `VM` ENABLE KEYS */;
UNLOCK TABLES;
/*!40103 SET TIME_ZONE=@OLD_TIME_ZONE */;

/*!40101 SET SQL_MODE=@OLD_SQL_MODE */;
/*!40014 SET FOREIGN_KEY_CHECKS=@OLD_FOREIGN_KEY_CHECKS */;
/*!40014 SET UNIQUE_CHECKS=@OLD_UNIQUE_CHECKS */;
/*!40101 SET CHARACTER_SET_CLIENT=@OLD_CHARACTER_SET_CLIENT */;
/*!40101 SET CHARACTER_SET_RESULTS=@OLD_CHARACTER_SET_RESULTS */;
/*!40101 SET COLLATION_CONNECTION=@OLD_COLLATION_CONNECTION */;
/*!40111 SET SQL_NOTES=@OLD_SQL_NOTES */;

-- Dump completed on 2018-03-16 21:56:00
