-- MySQL dump 10.14  Distrib 5.5.58-MariaDB, for debian-linux-gnu (x86_64)
--
-- Host: localhost    Database: mct
-- ------------------------------------------------------
-- Server version	5.5.58-MariaDB-1ubuntu0.14.04.1

/*!40101 SET @OLD_CHARACTER_SET_CLIENT=@@CHARACTER_SET_CLIENT */;
/*!40101 SET @OLD_CHARACTER_SET_RESULTS=@@CHARACTER_SET_RESULTS */;
/*!40101 SET @OLD_COLLATION_CONNECTION=@@COLLATION_CONNECTION */;
/*!40101 SET NAMES utf8 */;
/*!40103 SET @OLD_TIME_ZONE=@@TIME_ZONE */;
/*!40103 SET TIME_ZONE='+00:00' */;
/*!40014 SET @OLD_UNIQUE_CHECKS=@@UNIQUE_CHECKS, UNIQUE_CHECKS=0 */;
/*!40014 SET @OLD_FOREIGN_KEY_CHECKS=@@FOREIGN_KEY_CHECKS, FOREIGN_KEY_CHECKS=0 */;
/*!40101 SET @OLD_SQL_MODE=@@SQL_MODE, SQL_MODE='NO_AUTO_VALUE_ON_ZERO' */;
/*!40111 SET @OLD_SQL_NOTES=@@SQL_NOTES, SQL_NOTES=0 */;

--
-- Table structure for table `FIELDS`
--

DROP TABLE IF EXISTS `FIELDS`;
/*!40101 SET @saved_cs_client     = @@character_set_client */;
/*!40101 SET character_set_client = utf8 */;
CREATE TABLE `FIELDS` (
  `operation` int(11) NOT NULL,
  `fields` varchar(45) NOT NULL,
  PRIMARY KEY (`operation`)
) ENGINE=InnoDB DEFAULT CHARSET=utf8;
/*!40101 SET character_set_client = @saved_cs_client */;

--
-- Dumping data for table `FIELDS`
--

LOCK TABLES `FIELDS` WRITE;
/*!40000 ALTER TABLE `FIELDS` DISABLE KEYS */;
INSERT INTO `FIELDS` VALUES (0,'name mem image vcpus disk uuid');
/*!40000 ALTER TABLE `FIELDS` ENABLE KEYS */;
UNLOCK TABLES;

--
-- Table structure for table `PLAYER`
--

DROP TABLE IF EXISTS `PLAYER`;
/*!40101 SET @saved_cs_client     = @@character_set_client */;
/*!40101 SET character_set_client = utf8 */;
CREATE TABLE `PLAYER` (
  `id` int(11) NOT NULL AUTO_INCREMENT,
  `name` varchar(45) NOT NULL,
  `address` varchar(45) NOT NULL,
  `division` int(11) DEFAULT NULL,
  `score` float DEFAULT '0',
  `history` int(11) DEFAULT '0',
  `fairness` float DEFAULT '0',
  `accepts` int(11) DEFAULT '0',
  `rejects` int(11) DEFAULT '0',
  `running` int(11) DEFAULT '0',
  `finished` int(11) DEFAULT '0',
  `problem_del` int(11) DEFAULT '0',
  `vcpus` int(11) DEFAULT '0',
  `memory` bigint(20) DEFAULT '0',
  `local_gb` bigint(20) DEFAULT '0',
  `vcpus_used` bigint(20) DEFAULT '0',
  `memory_used` bigint(20) DEFAULT '0',
  `local_gb_used` bigint(20) DEFAULT '0',
  `max_instance` int(11) DEFAULT '0',
  `token` varchar(45) DEFAULT NULL,
  `suspend` timestamp NULL DEFAULT NULL,
  `enabled` int(11) DEFAULT '0',
  `last_choice` timestamp NOT NULL DEFAULT '2018-01-01 02:00:00',
  `playoff` tinyint(1) DEFAULT '0',
  PRIMARY KEY (`id`)
) ENGINE=InnoDB AUTO_INCREMENT=28 DEFAULT CHARSET=utf8;
/*!40101 SET character_set_client = @saved_cs_client */;

--
-- Dumping data for table `PLAYER`
--

LOCK TABLES `PLAYER` WRITE;
/*!40000 ALTER TABLE `PLAYER` DISABLE KEYS */;
INSERT INTO `PLAYER` VALUES (1,'playerVirtual1','192.168.0.200',4,-2,0,1,1,2,0,1,0,1023,1047552,10230,0,0,0,1,'8190a54df43856de2d9102dcdbcf30f8681d6aa6',NULL,0,'2018-02-28 01:11:52',1),(2,'playerVirtual2','192.168.0.200',1,10.62,29,0.6875,8,0,8,0,0,1023,1047552,10230,12,21504,202,9,'fe0143354715b39396ea71c181f03365149e9b3c',NULL,1,'2018-02-28 03:30:06',0),(3,'playerVirtual3','192.168.0.200',3,1.32,28,0.933333,2,2,2,0,0,1023,1047552,10230,3,4608,41,2,'d7aef555f6a1d9d9654f1c8b41834d99193176dd',NULL,1,'2018-02-28 03:16:44',0),(4,'playerVirtual4','192.168.0.200',2,6.65,27,0.692308,11,0,9,2,0,1023,1047552,10230,9,10752,85,9,'e447d44e44142b97eb1a5dd6249acf648050de13',NULL,1,'2018-02-28 02:46:36',0),(5,'playerVirtual0','192.168.0.200',4,-10,0,1,2,3,0,2,0,1023,1047552,10230,0,0,0,99,'8903d6415d41a3adf15394fb291e4058a0954679',NULL,0,'2018-02-28 01:22:54',1),(6,'playerVirtual5','192.168.0.200',1,9.96,26,0.75,8,0,5,3,0,1023,1047552,10230,6,7680,63,5,'e01415de52d4e84d882750817cee3a02d1d596ce',NULL,1,'2018-02-28 02:53:29',0),(7,'playerVirtual6','192.168.0.200',1,9.3,25,1,9,0,7,2,0,1023,1047552,10230,9,15360,142,7,'5bc796859f6d05a1251d75dbe53f9b8135cb1663',NULL,1,'2018-02-28 02:47:33',0),(8,'playerVirtual1420','192.168.0.200',4,-6,0,1,2,1,0,2,0,1023,1047552,10230,0,0,0,99,'4a09c2c029bd6b5da08157e0201b4ee8e101c891',NULL,0,'2018-02-28 01:31:07',1),(9,'playerVirtual7','192.168.0.200',3,1.33,24,0,1,0,1,0,0,1023,1047552,10230,1,512,1,1,'6dbb7965c3e7b76b17277bebdb0a2f7e064ce1bf',NULL,1,'2018-02-28 01:30:05',0),(10,'playerVirtual8','192.168.0.200',1,13.95,23,0.777778,12,0,6,6,0,1023,1047552,10230,7,11264,102,9,'cdae4b88d605297a8cc5da6b00a7526b668797ee',NULL,1,'2018-02-28 03:16:34',0),(11,'playerVirtual9','192.168.0.200',3,1.33,22,0.625,4,0,2,2,0,1023,1047552,10230,2,4096,40,2,'ed64c7bed8c3eb3882cab0367b861cbd381b9793',NULL,1,'2018-02-28 02:34:27',0),(12,'playerVirtual1543','192.168.0.200',4,-6,0,1,2,1,0,2,0,1023,1047552,10230,0,0,0,99,'326145c80fb813fc2687d805b7e662bec872aabd',NULL,0,'2018-02-28 01:46:53',1),(13,'playerVirtual10','192.168.0.200',3,3.99,21,0.714286,12,0,8,4,0,1023,1047552,10230,9,15360,142,8,'8f635a0b7437580ab540a35a353fc01f1475a075',NULL,1,'2018-02-28 03:30:00',0),(14,'playerVirtual11','192.168.0.200',3,1.33,20,0.5,3,0,3,0,0,1023,1047552,10230,3,4608,41,3,'ad74a0080b9f8d957f8388deb5f774dd48cb8832',NULL,1,'2018-02-28 01:56:04',0),(15,'playerVirtual1931','192.168.0.200',4,-4,0,0,2,0,0,2,0,1023,1047552,10230,0,0,0,99,'1e9a14de362da26ffafb3dff01151510f4b68d5c',NULL,0,'2018-02-28 01:56:44',1),(16,'playerVirtual12','192.168.0.200',3,2.66,19,0.75,3,0,3,0,0,1023,1047552,10230,3,3072,22,3,'b949cb2e4690712b8e8e774fde13ea6959fe355c',NULL,1,'2018-02-28 02:02:27',0),(17,'playerVirtual13','192.168.0.200',2,8.63,18,0.75,7,0,1,6,0,1023,1047552,10230,1,512,1,5,'195b02569479ded357f836f365d7280b6ab46810',NULL,1,'2018-02-28 03:12:41',0),(18,'playerVirtual1375','192.168.0.200',4,-6,0,1,2,1,0,2,0,1023,1047552,10230,0,0,0,99,'af7e140a71dbe67e5a9eae9689c110cb6965a905',NULL,0,'2018-02-28 02:15:42',1),(19,'playerVirtual14','192.168.0.200',2,7.3,17,0.666667,6,0,3,3,0,1023,1047552,10230,3,3072,22,5,'8ccbf38d085b06ca70846afd46e80466d8503e2b',NULL,1,'2018-02-28 03:30:17',0),(20,'playerVirtual15','192.168.0.200',2,7.31,16,1,6,0,5,1,0,1023,1047552,10230,5,2560,5,5,'919e2761e77d5f74a9d0f03c67429eecbd53fa6f',NULL,1,'2018-02-28 03:32:57',0),(21,'playerVirtual16','192.168.0.200',1,9.29,15,1,5,0,1,4,0,1023,1047552,10230,1,512,1,3,'91f2b576d18ed7449a46ab4785f961881d580e7d',NULL,1,'2018-02-28 03:19:37',0),(22,'playerVirtual17','192.168.0.200',3,1.33,14,0,1,0,1,0,0,1023,1047552,10230,1,512,1,1,'88aa6c91ee4e3259af944b089ce8e6060cda7bb6',NULL,1,'2018-02-28 02:20:42',0),(23,'playerVirtual18','192.168.0.200',2,7.3,13,0,4,0,1,3,0,1023,1047552,10230,1,512,1,3,'ef354c97df66ee12900268e06daeda2c9b401a06',NULL,1,'2018-02-28 03:16:29',0),(24,'playerVirtual1692','192.168.0.200',4,-2,0,0,1,0,0,1,0,1023,1047552,10230,0,0,0,99,'aa0143d817f89eff94df3201d50cd65985443586',NULL,0,'2018-02-28 02:27:23',1),(25,'playerVirtual19','192.168.0.200',2,7.96,12,0.5,6,0,1,5,0,1023,1047552,10230,1,512,1,7,'4ee46185b48bf1ddadb816065b7b44b2ed806961',NULL,1,'2018-02-28 03:30:54',0),(26,'playerVirtual1792','192.168.0.200',4,-2,0,0,1,0,0,1,0,1023,1047552,10230,0,0,0,99,'54cdd56c364ee2940951f8acc8e2691702d055af',NULL,0,'2018-02-28 02:50:23',1),(27,'playerVirtual1562','192.168.0.200',3,-4,0,0,2,0,0,2,0,1023,1047552,10230,0,0,0,99,'95bae469312cb764e2d5bba6cb49121c7868ee94',NULL,1,'2018-02-28 03:22:40',1);
/*!40000 ALTER TABLE `PLAYER` ENABLE KEYS */;
UNLOCK TABLES;

--
-- Table structure for table `REQUEST`
--

DROP TABLE IF EXISTS `REQUEST`;
/*!40101 SET @saved_cs_client     = @@character_set_client */;
/*!40101 SET character_set_client = utf8 */;
CREATE TABLE `REQUEST` (
  `id` int(11) NOT NULL AUTO_INCREMENT,
  `player_id` varchar(45) NOT NULL,
  `request_id` varchar(45) NOT NULL,
  `action` int(11) NOT NULL,
  `timestamp_received` timestamp NULL DEFAULT NULL,
  `timestamp_finished` timestamp NULL DEFAULT NULL,
  `status` int(11) NOT NULL,
  PRIMARY KEY (`id`)
) ENGINE=InnoDB AUTO_INCREMENT=598 DEFAULT CHARSET=utf8;
/*!40101 SET character_set_client = @saved_cs_client */;

--
-- Dumping data for table `REQUEST`
--

LOCK TABLES `REQUEST` WRITE;
/*!40000 ALTER TABLE `REQUEST` DISABLE KEYS */;
INSERT INTO `REQUEST` VALUES (1,'playerVirtual1','playerVirtual1_6068e380a3',4,'2018-02-28 01:04:31',NULL,0),(2,'playerVirtual2','playerVirtual2_afd44e836e',4,'2018-02-28 01:04:32',NULL,0),(3,'playerVirtual1','playerVirtual1_450512000',0,'2018-02-28 01:05:33',NULL,0),(4,'playerVirtual1','playerVirtual1_450512000',0,'2018-02-28 01:05:33',NULL,0),(5,'playerVirtual2','playerVirtual2_1438244924',0,'2018-02-28 01:05:35',NULL,0),(6,'playerVirtual2','playerVirtual2_1438244924',0,'2018-02-28 01:05:36',NULL,0),(7,'playerVirtual1','playerVirtual1_9f493b9315',3,'2018-02-28 01:06:33',NULL,0),(8,'playerVirtual2','playerVirtual2_e84ae99934',3,'2018-02-28 01:06:35',NULL,0),(9,'playerVirtual1','playerVirtual1_640692267',0,'2018-02-28 01:07:38',NULL,0),(10,'playerVirtual1','playerVirtual1_640692267',0,'2018-02-28 01:07:38',NULL,0),(11,'playerVirtual2','playerVirtual2_2381571381',0,'2018-02-28 01:07:39',NULL,0),(12,'playerVirtual2','playerVirtual2_2381571381',0,'2018-02-28 01:07:39',NULL,0),(13,'playerVirtual1','playerVirtual1_3d52829e29',4,'2018-02-28 01:08:38',NULL,0),(14,'playerVirtual2','playerVirtual2_124a7ba57e',4,'2018-02-28 01:08:39',NULL,0),(15,'playerVirtual3','playerVirtual3_3f93e8d938',4,'2018-02-28 01:09:33',NULL,0),(16,'playerVirtual1','playerVirtual1_5297461910',0,'2018-02-28 01:09:41',NULL,0),(17,'playerVirtual1','playerVirtual1_5297461910',0,'2018-02-28 01:09:42',NULL,0),(18,'playerVirtual2','playerVirtual2_2790332778',0,'2018-02-28 01:09:46',NULL,0),(19,'playerVirtual2','playerVirtual2_2790332778',0,'2018-02-28 01:09:47',NULL,0),(20,'playerVirtual1','playerVirtual1_41c79fdea3',3,'2018-02-28 01:10:42',NULL,0),(21,'playerVirtual3','playerVirtual3_369721705',0,'2018-02-28 01:10:45',NULL,0),(22,'playerVirtual3','playerVirtual3_369721705',0,'2018-02-28 01:10:45',NULL,0),(23,'playerVirtual2','playerVirtual2_31c80f4333',3,'2018-02-28 01:10:47',NULL,0),(24,'playerVirtual3','playerVirtual3_6faed649f2',3,'2018-02-28 01:11:45',NULL,0),(25,'playerVirtual1','playerVirtual1_317469422',0,'2018-02-28 01:11:51',NULL,0),(26,'playerVirtual1','playerVirtual1_317469422',0,'2018-02-28 01:11:51',NULL,0),(27,'playerVirtual2','playerVirtual2_6955737',0,'2018-02-28 01:11:52',NULL,0),(28,'playerVirtual2','playerVirtual2_6955737',0,'2018-02-28 01:11:52',NULL,0),(29,'playerVirtual3','playerVirtual3_257338104',0,'2018-02-28 01:12:46',NULL,0),(30,'playerVirtual3','playerVirtual3_257338104',0,'2018-02-28 01:12:47',NULL,0),(31,'playerVirtual1','playerVirtual1_0d3d6a09cc',4,'2018-02-28 01:12:51',NULL,0),(32,'playerVirtual2','playerVirtual2_17fad43c0a',4,'2018-02-28 01:12:52',NULL,0),(33,'playerVirtual3','playerVirtual3_7abf5296bf',4,'2018-02-28 01:13:46',NULL,0),(34,'playerVirtual2','playerVirtual2_2433236783',0,'2018-02-28 01:14:00',NULL,0),(35,'playerVirtual2','playerVirtual2_2433236783',0,'2018-02-28 01:14:01',NULL,0),(36,'playerVirtual4','playerVirtual4_a94510ad51',4,'2018-02-28 01:14:29',NULL,0),(37,'playerVirtual0','playerVirtual0_9f56208c6f',4,'2018-02-28 01:14:38',NULL,0),(38,'playerVirtual3','playerVirtual3_3338579772',0,'2018-02-28 01:15:00',NULL,0),(39,'playerVirtual3','playerVirtual3_3338579772',0,'2018-02-28 01:15:00',NULL,0),(40,'playerVirtual2','playerVirtual2_c6f69eca66',3,'2018-02-28 01:15:01',NULL,0),(41,'playerVirtual4','playerVirtual4_257407216',0,'2018-02-28 01:15:43',NULL,0),(42,'playerVirtual0','playerVirtual0_182859403',0,'2018-02-28 01:15:59',NULL,0),(43,'playerVirtual3','playerVirtual3_f56eaf2799',3,'2018-02-28 01:16:00',NULL,0),(44,'playerVirtual2','playerVirtual2_2359368952',0,'2018-02-28 01:16:17',NULL,0),(45,'playerVirtual2','playerVirtual2_2359368952',0,'2018-02-28 01:16:17',NULL,0),(46,'playerVirtual4','playerVirtual4_4566144d9f',3,'2018-02-28 01:16:43',NULL,0),(47,'playerVirtual0','playerVirtual0_3cafd251ca',3,'2018-02-28 01:16:59',NULL,0),(48,'playerVirtual3','playerVirtual3_16917741',0,'2018-02-28 01:17:14',NULL,0),(49,'playerVirtual3','playerVirtual3_16917741',0,'2018-02-28 01:17:14',NULL,0),(50,'playerVirtual2','playerVirtual2_3fa55e36ea',4,'2018-02-28 01:17:17',NULL,0),(51,'playerVirtual4','playerVirtual4_2545640208',0,'2018-02-28 01:18:06',NULL,0),(52,'playerVirtual4','playerVirtual4_2545640208',0,'2018-02-28 01:18:06',NULL,0),(53,'playerVirtual3','playerVirtual3_5799195c81',4,'2018-02-28 01:18:14',NULL,0),(54,'playerVirtual0','playerVirtual0_908315',0,'2018-02-28 01:18:16',NULL,0),(55,'playerVirtual0','playerVirtual0_908315',0,'2018-02-28 01:18:16',NULL,0),(56,'playerVirtual2','playerVirtual2_539194189',0,'2018-02-28 01:18:46',NULL,0),(57,'playerVirtual2','playerVirtual2_539194189',0,'2018-02-28 01:18:47',NULL,0),(58,'playerVirtual4','playerVirtual4_43b573de95',4,'2018-02-28 01:19:06',NULL,0),(59,'playerVirtual0','playerVirtual0_0caae92a93',4,'2018-02-28 01:19:16',NULL,0),(60,'playerVirtual5','playerVirtual5_ebf2db2f4c',4,'2018-02-28 01:19:35',NULL,0),(61,'playerVirtual2','playerVirtual2_dc0ae9159c',3,'2018-02-28 01:19:47',NULL,0),(62,'playerVirtual3','playerVirtual3_4820204870',0,'2018-02-28 01:20:27',NULL,0),(63,'playerVirtual3','playerVirtual3_4820204870',0,'2018-02-28 01:20:28',NULL,0),(64,'playerVirtual3','playerVirtual3_7c35ed7dca',3,'2018-02-28 01:21:27',NULL,0),(65,'playerVirtual4','playerVirtual4_8058564',0,'2018-02-28 01:22:00',NULL,0),(66,'playerVirtual4','playerVirtual4_8058564',0,'2018-02-28 01:22:00',NULL,0),(67,'playerVirtual0','playerVirtual0_1429160667',0,'2018-02-28 01:22:17',NULL,0),(68,'playerVirtual0','playerVirtual0_1429160667',0,'2018-02-28 01:22:17',NULL,0),(69,'playerVirtual2','playerVirtual2_82730999',0,'2018-02-28 01:22:40',NULL,0),(70,'playerVirtual2','playerVirtual2_82730999',0,'2018-02-28 01:22:40',NULL,0),(71,'playerVirtual5','playerVirtual5_3338010893',0,'2018-02-28 01:22:54',NULL,0),(72,'playerVirtual5','playerVirtual5_3338010893',0,'2018-02-28 01:22:54',NULL,0),(73,'playerVirtual4','playerVirtual4_70c4f6a69c',3,'2018-02-28 01:23:00',NULL,0),(74,'playerVirtual0','playerVirtual0_f01eff162c',3,'2018-02-28 01:23:17',NULL,0),(75,'playerVirtual3','playerVirtual3_351652724',0,'2018-02-28 01:23:39',NULL,0),(76,'playerVirtual3','playerVirtual3_351652724',0,'2018-02-28 01:23:39',NULL,0),(77,'playerVirtual2','playerVirtual2_842a503092',4,'2018-02-28 01:23:40',NULL,0),(78,'playerVirtual5','playerVirtual5_1adb43995e',3,'2018-02-28 01:23:54',NULL,0),(79,'playerVirtual6','playerVirtual6_c44f030f5f',4,'2018-02-28 01:24:31',NULL,0),(80,'playerVirtual4','playerVirtual4_6571218',0,'2018-02-28 01:24:31',NULL,0),(81,'playerVirtual4','playerVirtual4_6571218',0,'2018-02-28 01:24:31',NULL,0),(82,'playerVirtual3','playerVirtual3_03bdb315ca',4,'2018-02-28 01:24:39',NULL,0),(83,'playerVirtual5','playerVirtual5_1339662',0,'2018-02-28 01:25:07',NULL,0),(84,'playerVirtual5','playerVirtual5_1339662',0,'2018-02-28 01:25:08',NULL,0),(85,'playerVirtual2','playerVirtual2_1436344784',0,'2018-02-28 01:25:17',NULL,0),(86,'playerVirtual2','playerVirtual2_1436344784',0,'2018-02-28 01:25:18',NULL,0),(87,'playerVirtual4','playerVirtual4_8ba8b0b8ad',4,'2018-02-28 01:25:31',NULL,0),(88,'playerVirtual5','playerVirtual5_f18fad0958',4,'2018-02-28 01:26:08',NULL,0),(89,'playerVirtual2','playerVirtual2_f521268e9b',3,'2018-02-28 01:26:17',NULL,0),(90,'playerVirtual1420','playerVirtual1420_92f0941d6e',4,'2018-02-28 01:26:47',NULL,0),(91,'playerVirtual3','playerVirtual3_284794223',0,'2018-02-28 01:26:59',NULL,0),(92,'playerVirtual3','playerVirtual3_284794223',0,'2018-02-28 01:27:00',NULL,0),(93,'playerVirtual3','playerVirtual3_3eca8cfd99',3,'2018-02-28 01:28:00',NULL,0),(94,'playerVirtual6','playerVirtual6_317497342',0,'2018-02-28 01:28:03',NULL,0),(95,'playerVirtual4','playerVirtual4_359920779',0,'2018-02-28 01:28:33',NULL,0),(96,'playerVirtual4','playerVirtual4_359920779',0,'2018-02-28 01:28:35',NULL,0),(97,'playerVirtual6','playerVirtual6_369692b652',3,'2018-02-28 01:29:03',NULL,0),(98,'playerVirtual2','playerVirtual2_2904109077',0,'2018-02-28 01:29:14',NULL,0),(99,'playerVirtual2','playerVirtual2_2904109077',0,'2018-02-28 01:29:14',NULL,0),(100,'playerVirtual5','playerVirtual5_904011',0,'2018-02-28 01:29:27',NULL,0),(101,'playerVirtual5','playerVirtual5_904011',0,'2018-02-28 01:29:27',NULL,0),(102,'playerVirtual7','playerVirtual7_cee5538b51',4,'2018-02-28 01:29:32',NULL,0),(103,'playerVirtual4','playerVirtual4_edb864de69',3,'2018-02-28 01:29:33',NULL,0),(104,'playerVirtual6','playerVirtual6_1093460',0,'2018-02-28 01:30:05',NULL,0),(105,'playerVirtual6','playerVirtual6_1093460',0,'2018-02-28 01:30:05',NULL,0),(106,'playerVirtual3','playerVirtual3_905614',0,'2018-02-28 01:30:13',NULL,0),(107,'playerVirtual3','playerVirtual3_905614',0,'2018-02-28 01:30:13',NULL,0),(108,'playerVirtual2','playerVirtual2_f960f453d7',4,'2018-02-28 01:30:14',NULL,0),(109,'playerVirtual1420','playerVirtual1420_257338074',0,'2018-02-28 01:30:20',NULL,0),(110,'playerVirtual1420','playerVirtual1420_257338074',0,'2018-02-28 01:30:21',NULL,0),(111,'playerVirtual5','playerVirtual5_b3e9aa760c',3,'2018-02-28 01:30:27',NULL,0),(112,'playerVirtual6','playerVirtual6_52ff35a521',4,'2018-02-28 01:31:05',NULL,0),(113,'playerVirtual4','playerVirtual4_470485660',0,'2018-02-28 01:31:07',NULL,0),(114,'playerVirtual4','playerVirtual4_470485660',0,'2018-02-28 01:31:07',NULL,0),(115,'playerVirtual3','playerVirtual3_1f185979c5',4,'2018-02-28 01:31:13',NULL,0),(116,'playerVirtual1420','playerVirtual1420_3e67458529',3,'2018-02-28 01:31:20',NULL,0),(117,'playerVirtual5','playerVirtual5_5792765',0,'2018-02-28 01:31:48',NULL,0),(118,'playerVirtual5','playerVirtual5_5792765',0,'2018-02-28 01:31:49',NULL,0),(119,'playerVirtual2','playerVirtual2_30788568',0,'2018-02-28 01:31:57',NULL,0),(120,'playerVirtual2','playerVirtual2_30788568',0,'2018-02-28 01:31:58',NULL,0),(121,'playerVirtual4','playerVirtual4_e7472734d1',4,'2018-02-28 01:32:08',NULL,0),(122,'playerVirtual1420','playerVirtual1420_4820318661',0,'2018-02-28 01:32:43',NULL,0),(123,'playerVirtual1420','playerVirtual1420_4820318661',0,'2018-02-28 01:32:43',NULL,0),(124,'playerVirtual5','playerVirtual5_cc563af202',4,'2018-02-28 01:32:48',NULL,0),(125,'playerVirtual2','playerVirtual2_16cc6e9dc2',3,'2018-02-28 01:32:57',NULL,0),(126,'playerVirtual7','playerVirtual7_6569547',0,'2018-02-28 01:33:08',NULL,0),(127,'playerVirtual3','playerVirtual3_400453824',0,'2018-02-28 01:33:47',NULL,0),(128,'playerVirtual3','playerVirtual3_400453824',0,'2018-02-28 01:33:48',NULL,0),(129,'playerVirtual7','playerVirtual7_a74240aef9',3,'2018-02-28 01:34:08',NULL,0),(130,'playerVirtual8','playerVirtual8_1799bd0c80',4,'2018-02-28 01:34:33',NULL,0),(131,'playerVirtual3','playerVirtual3_8e34c27a31',3,'2018-02-28 01:34:48',NULL,0),(132,'playerVirtual6','playerVirtual6_38671842',0,'2018-02-28 01:34:51',NULL,0),(133,'playerVirtual6','playerVirtual6_38671842',0,'2018-02-28 01:34:51',NULL,0),(134,'playerVirtual4','playerVirtual4_4819935267',0,'2018-02-28 01:35:30',NULL,0),(135,'playerVirtual4','playerVirtual4_4819935267',0,'2018-02-28 01:35:30',NULL,0),(136,'playerVirtual7','playerVirtual7_5068098508',0,'2018-02-28 01:35:46',NULL,0),(137,'playerVirtual6','playerVirtual6_e4d2becb0f',3,'2018-02-28 01:35:51',NULL,0),(138,'playerVirtual2','playerVirtual2_6264344062',0,'2018-02-28 01:36:14',NULL,0),(139,'playerVirtual2','playerVirtual2_6264344062',0,'2018-02-28 01:36:14',NULL,0),(140,'playerVirtual5','playerVirtual5_4820217293',0,'2018-02-28 01:36:27',NULL,0),(141,'playerVirtual5','playerVirtual5_4820217293',0,'2018-02-28 01:36:27',NULL,0),(142,'playerVirtual4','playerVirtual4_42fc15756d',3,'2018-02-28 01:36:30',NULL,0),(143,'playerVirtual7','playerVirtual7_ffc65acbca',4,'2018-02-28 01:36:48',NULL,0),(144,'playerVirtual2','playerVirtual2_df21c401dd',4,'2018-02-28 01:37:14',NULL,0),(145,'playerVirtual5','playerVirtual5_58cd8ba360',3,'2018-02-28 01:37:27',NULL,0),(146,'playerVirtual6','playerVirtual6_2148750930',0,'2018-02-28 01:38:37',NULL,0),(147,'playerVirtual6','playerVirtual6_2148750930',0,'2018-02-28 01:38:38',NULL,0),(148,'playerVirtual3','playerVirtual3_1095593',0,'2018-02-28 01:38:41',NULL,0),(149,'playerVirtual3','playerVirtual3_1095593',0,'2018-02-28 01:38:41',NULL,0),(150,'playerVirtual9','playerVirtual9_d1b842a078',4,'2018-02-28 01:39:32',NULL,0),(151,'playerVirtual1543','playerVirtual1543_751a6d308d',4,'2018-02-28 01:39:33',NULL,0),(152,'playerVirtual6','playerVirtual6_2955c0b4a0',4,'2018-02-28 01:39:37',NULL,0),(153,'playerVirtual3','playerVirtual3_16a9af2386',4,'2018-02-28 01:39:41',NULL,0),(154,'playerVirtual4','playerVirtual4_563574327',0,'2018-02-28 01:39:44',NULL,0),(155,'playerVirtual4','playerVirtual4_563574327',0,'2018-02-28 01:39:44',NULL,0),(156,'playerVirtual8','playerVirtual8_227443932',0,'2018-02-28 01:40:01',NULL,0),(157,'playerVirtual8','playerVirtual8_227443932',0,'2018-02-28 01:40:01',NULL,0),(158,'playerVirtual2','playerVirtual2_ab33350f0b',3,'2018-02-28 01:40:09',NULL,0),(159,'playerVirtual5','playerVirtual5_16915963',0,'2018-02-28 01:40:30',NULL,0),(160,'playerVirtual5','playerVirtual5_16915963',0,'2018-02-28 01:40:31',NULL,0),(161,'playerVirtual4','playerVirtual4_a1c063f7a9',4,'2018-02-28 01:40:44',NULL,0),(162,'playerVirtual8','playerVirtual8_fe20a9358e',3,'2018-02-28 01:41:01',NULL,0),(163,'playerVirtual5','playerVirtual5_5aee9968e8',4,'2018-02-28 01:41:30',NULL,0),(164,'playerVirtual7','playerVirtual7_765651',0,'2018-02-28 01:41:47',NULL,0),(165,'playerVirtual3','playerVirtual3_6274355716',0,'2018-02-28 01:42:39',NULL,0),(166,'playerVirtual3','playerVirtual3_6274355716',0,'2018-02-28 01:42:39',NULL,0),(167,'playerVirtual7','playerVirtual7_d5d8267d2b',3,'2018-02-28 01:42:47',NULL,0),(168,'playerVirtual6','playerVirtual6_272887063',0,'2018-02-28 01:43:39',NULL,0),(169,'playerVirtual3','playerVirtual3_e5326b16cd',3,'2018-02-28 01:43:39',NULL,0),(170,'playerVirtual6','playerVirtual6_272887063',0,'2018-02-28 01:43:39',NULL,0),(171,'playerVirtual8','playerVirtual8_4820204870',0,'2018-02-28 01:43:42',NULL,0),(172,'playerVirtual8','playerVirtual8_4820204870',0,'2018-02-28 01:43:43',NULL,0),(173,'playerVirtual2','playerVirtual2_38676294',0,'2018-02-28 01:44:06',NULL,0),(174,'playerVirtual2','playerVirtual2_38676294',0,'2018-02-28 01:44:06',NULL,0),(175,'playerVirtual10','playerVirtual10_7cb951a475',4,'2018-02-28 01:44:32',NULL,0),(176,'playerVirtual6','playerVirtual6_bd7678f7aa',3,'2018-02-28 01:44:39',NULL,0),(177,'playerVirtual8','playerVirtual8_482cdd2e97',4,'2018-02-28 01:44:43',NULL,0),(178,'playerVirtual2','playerVirtual2_f9fe45c2fb',4,'2018-02-28 01:45:06',NULL,0),(179,'playerVirtual9','playerVirtual9_5623125514',0,'2018-02-28 01:45:17',NULL,0),(180,'playerVirtual9','playerVirtual9_5623125514',0,'2018-02-28 01:45:17',NULL,0),(181,'playerVirtual1543','playerVirtual1543_284757920',0,'2018-02-28 01:45:18',NULL,0),(182,'playerVirtual1543','playerVirtual1543_284757920',0,'2018-02-28 01:45:19',NULL,0),(183,'playerVirtual4','playerVirtual4_182859403',0,'2018-02-28 01:45:24',NULL,0),(184,'playerVirtual4','playerVirtual4_182859403',0,'2018-02-28 01:45:24',NULL,0),(185,'playerVirtual9','playerVirtual9_b8c3ea53ae',3,'2018-02-28 01:46:17',NULL,0),(186,'playerVirtual1543','playerVirtual1543_743ad8a492',3,'2018-02-28 01:46:18',NULL,0),(187,'playerVirtual4','playerVirtual4_5c748bbc79',3,'2018-02-28 01:46:24',NULL,0),(188,'playerVirtual7','playerVirtual7_990694203',0,'2018-02-28 01:46:26',NULL,0),(189,'playerVirtual5','playerVirtual5_990694203',0,'2018-02-28 01:46:53',NULL,0),(190,'playerVirtual5','playerVirtual5_990694203',0,'2018-02-28 01:46:53',NULL,0),(191,'playerVirtual7','playerVirtual7_317fe76f24',4,'2018-02-28 01:47:26',NULL,0),(192,'playerVirtual5','playerVirtual5_3d7feb6e3a',3,'2018-02-28 01:47:53',NULL,0),(193,'playerVirtual3','playerVirtual3_4820204870',1,'2018-02-28 01:48:49',NULL,0),(194,'playerVirtual3','playerVirtual3_85093a7ad2',4,'2018-02-28 01:48:49',NULL,0),(195,'playerVirtual3','playerVirtual3_4820204870',1,'2018-02-28 01:48:50',NULL,0),(196,'playerVirtual6','playerVirtual6_6280643141',0,'2018-02-28 01:49:21',NULL,0),(197,'playerVirtual6','playerVirtual6_6280643141',0,'2018-02-28 01:49:22',NULL,0),(198,'playerVirtual11','playerVirtual11_d175e13bab',4,'2018-02-28 01:49:30',NULL,0),(199,'playerVirtual9','playerVirtual9_6282149131',0,'2018-02-28 01:49:35',NULL,0),(200,'playerVirtual9','playerVirtual9_6282149131',0,'2018-02-28 01:49:35',NULL,0),(201,'playerVirtual4','playerVirtual4_182859403',1,'2018-02-28 01:49:52',NULL,0),(202,'playerVirtual4','playerVirtual4_1807455a2e',4,'2018-02-28 01:49:53',NULL,0),(203,'playerVirtual4','playerVirtual4_182859403',1,'2018-02-28 01:49:53',NULL,0),(204,'playerVirtual2','playerVirtual2_272887063',0,'2018-02-28 01:50:11',NULL,0),(205,'playerVirtual2','playerVirtual2_272887063',0,'2018-02-28 01:50:14',NULL,0),(206,'playerVirtual6','playerVirtual6_0c7eb78884',4,'2018-02-28 01:50:22',NULL,0),(207,'playerVirtual9','playerVirtual9_28ddae2218',4,'2018-02-28 01:50:35',NULL,0),(208,'playerVirtual8','playerVirtual8_4476462938',0,'2018-02-28 01:50:55',NULL,0),(209,'playerVirtual8','playerVirtual8_4476462938',0,'2018-02-28 01:50:55',NULL,0),(210,'playerVirtual5','playerVirtual5_29d90fa609',4,'2018-02-28 01:50:57',NULL,0),(211,'playerVirtual2','playerVirtual2_2b6c586f22',3,'2018-02-28 01:51:11',NULL,0),(212,'playerVirtual1931','playerVirtual1931_4a7a2ee6fc',4,'2018-02-28 01:51:36',NULL,0),(213,'playerVirtual8','playerVirtual8_4a0565036f',3,'2018-02-28 01:51:55',NULL,0),(214,'playerVirtual10','playerVirtual10_6280638724',0,'2018-02-28 01:52:18',NULL,0),(215,'playerVirtual10','playerVirtual10_6280638724',0,'2018-02-28 01:52:21',NULL,0),(216,'playerVirtual7','playerVirtual7_653ef75bed',3,'2018-02-28 01:52:26',NULL,0),(217,'playerVirtual3','playerVirtual3_1436323714',0,'2018-02-28 01:52:54',NULL,0),(218,'playerVirtual3','playerVirtual3_1436323714',0,'2018-02-28 01:52:54',NULL,0),(219,'playerVirtual10','playerVirtual10_c94157a0d5',3,'2018-02-28 01:53:16',NULL,0),(220,'playerVirtual3','playerVirtual3_99eaf53525',3,'2018-02-28 01:53:54',NULL,0),(221,'playerVirtual12','playerVirtual12_bad74c841a',4,'2018-02-28 01:54:36',NULL,0),(222,'playerVirtual6','playerVirtual6_272887063',1,'2018-02-28 01:54:39',NULL,0),(223,'playerVirtual6','playerVirtual6_0f6e1f0b81',3,'2018-02-28 01:54:39',NULL,0),(224,'playerVirtual6','playerVirtual6_272887063',1,'2018-02-28 01:54:39',NULL,0),(225,'playerVirtual8','playerVirtual8_6285257156',0,'2018-02-28 01:55:35',NULL,0),(226,'playerVirtual8','playerVirtual8_6285257156',0,'2018-02-28 01:55:35',NULL,0),(227,'playerVirtual2','playerVirtual2_182859403',0,'2018-02-28 01:55:49',NULL,0),(228,'playerVirtual2','playerVirtual2_182859403',0,'2018-02-28 01:55:49',NULL,0),(229,'playerVirtual4','playerVirtual4_214880781',0,'2018-02-28 01:55:50',NULL,0),(230,'playerVirtual4','playerVirtual4_214880781',0,'2018-02-28 01:55:50',NULL,0),(231,'playerVirtual10','playerVirtual10_6955737',0,'2018-02-28 01:56:04',NULL,0),(232,'playerVirtual10','playerVirtual10_6955737',0,'2018-02-28 01:56:04',NULL,0),(233,'playerVirtual8','playerVirtual8_9eeb6bd048',4,'2018-02-28 01:56:35',NULL,0),(234,'playerVirtual9','playerVirtual9_1094955',0,'2018-02-28 01:56:44',NULL,0),(235,'playerVirtual9','playerVirtual9_1094955',0,'2018-02-28 01:56:45',NULL,0),(236,'playerVirtual2','playerVirtual2_7f05b2c00d',4,'2018-02-28 01:56:49',NULL,0),(237,'playerVirtual4','playerVirtual4_0c36ac8eab',3,'2018-02-28 01:56:50',NULL,0),(238,'playerVirtual10','playerVirtual10_acb3a0bd2d',4,'2018-02-28 01:57:04',NULL,0),(239,'playerVirtual5','playerVirtual5_16914091',0,'2018-02-28 01:57:23',NULL,0),(240,'playerVirtual5','playerVirtual5_16914091',0,'2018-02-28 01:57:23',NULL,0),(241,'playerVirtual9','playerVirtual9_d534637733',3,'2018-02-28 01:57:44',NULL,0),(242,'playerVirtual7','playerVirtual7_6955737',0,'2018-02-28 01:57:45',NULL,0),(243,'playerVirtual11','playerVirtual11_682797',0,'2018-02-28 01:57:53',NULL,0),(244,'playerVirtual11','playerVirtual11_682797',0,'2018-02-28 01:57:54',NULL,0),(245,'playerVirtual5','playerVirtual5_bdfae39879',3,'2018-02-28 01:58:23',NULL,0),(246,'playerVirtual7','playerVirtual7_905d4a8596',4,'2018-02-28 01:58:45',NULL,0),(247,'playerVirtual11','playerVirtual11_f09aaf3d01',3,'2018-02-28 01:58:53',NULL,0),(248,'playerVirtual13','playerVirtual13_5bdfcf1198',4,'2018-02-28 01:59:37',NULL,0),(249,'playerVirtual3','playerVirtual3_1438244924',0,'2018-02-28 02:00:27',NULL,0),(250,'playerVirtual3','playerVirtual3_1438244924',0,'2018-02-28 02:00:28',NULL,0),(251,'playerVirtual6','playerVirtual6_2381571381',0,'2018-02-28 02:01:09',NULL,0),(252,'playerVirtual6','playerVirtual6_2381571381',0,'2018-02-28 02:01:10',NULL,0),(253,'playerVirtual3','playerVirtual3_2eb17aa469',4,'2018-02-28 02:01:27',NULL,0),(254,'playerVirtual6','playerVirtual6_ab9e84b82d',4,'2018-02-28 02:02:10',NULL,0),(255,'playerVirtual4','playerVirtual4_6289355687',0,'2018-02-28 02:02:16',NULL,0),(256,'playerVirtual4','playerVirtual4_6289355687',0,'2018-02-28 02:02:16',NULL,0),(257,'playerVirtual11','playerVirtual11_794070039',0,'2018-02-28 02:02:27',NULL,0),(258,'playerVirtual11','playerVirtual11_794070039',0,'2018-02-28 02:02:27',NULL,0),(259,'playerVirtual2','playerVirtual2_bf4bec8779',3,'2018-02-28 02:02:29',NULL,0),(260,'playerVirtual1375','playerVirtual1375_020afab18a',4,'2018-02-28 02:02:33',NULL,0),(261,'playerVirtual9','playerVirtual9_6289704471',0,'2018-02-28 02:03:06',NULL,0),(262,'playerVirtual9','playerVirtual9_6289704471',0,'2018-02-28 02:03:06',NULL,0),(263,'playerVirtual4','playerVirtual4_e0ebdac015',4,'2018-02-28 02:03:16',NULL,0),(264,'playerVirtual11','playerVirtual11_e02915faec',4,'2018-02-28 02:03:27',NULL,0),(265,'playerVirtual5','playerVirtual5_1436344784',0,'2018-02-28 02:03:45',NULL,0),(266,'playerVirtual7','playerVirtual7_4a6cce797b',3,'2018-02-28 02:03:47',NULL,0),(267,'playerVirtual8','playerVirtual8_2378747961',0,'2018-02-28 02:03:48',NULL,0),(268,'playerVirtual5','playerVirtual5_1436344784',0,'2018-02-28 02:03:49',NULL,0),(269,'playerVirtual8','playerVirtual8_2378747961',0,'2018-02-28 02:03:53',NULL,0),(270,'playerVirtual9','playerVirtual9_f2b0341498',4,'2018-02-28 02:04:06',NULL,0),(271,'playerVirtual12','playerVirtual12_3338579772',0,'2018-02-28 02:04:15',NULL,0),(272,'playerVirtual12','playerVirtual12_3338579772',0,'2018-02-28 02:04:15',NULL,0),(273,'playerVirtual14','playerVirtual14_83aa9d657a',4,'2018-02-28 02:04:35',NULL,0),(274,'playerVirtual5','playerVirtual5_5bc39e048e',4,'2018-02-28 02:04:45',NULL,0),(275,'playerVirtual8','playerVirtual8_8b5b64a18a',3,'2018-02-28 02:04:45',NULL,0),(276,'playerVirtual12','playerVirtual12_205af7e6a5',3,'2018-02-28 02:05:15',NULL,0),(277,'playerVirtual3','playerVirtual3_3338579772',1,'2018-02-28 02:05:33',NULL,0),(278,'playerVirtual3','playerVirtual3_4da3e72d43',3,'2018-02-28 02:05:33',NULL,0),(279,'playerVirtual3','playerVirtual3_3338579772',1,'2018-02-28 02:05:33',NULL,0),(280,'playerVirtual10','playerVirtual10_1438244924',0,'2018-02-28 02:05:44',NULL,0),(281,'playerVirtual10','playerVirtual10_1438244924',0,'2018-02-28 02:05:45',NULL,0),(282,'playerVirtual10','playerVirtual10_683a8697a9',3,'2018-02-28 02:06:44',NULL,0),(283,'playerVirtual2','playerVirtual2_1438244924',1,'2018-02-28 02:07:27',NULL,0),(284,'playerVirtual2','playerVirtual2_d8bef89ee7',4,'2018-02-28 02:07:27',NULL,0),(285,'playerVirtual2','playerVirtual2_1438244924',1,'2018-02-28 02:07:27',NULL,0),(286,'playerVirtual15','playerVirtual15_21162f4aa6',4,'2018-02-28 02:09:31',NULL,0),(287,'playerVirtual6','playerVirtual6_6296268057',0,'2018-02-28 02:09:33',NULL,0),(288,'playerVirtual6','playerVirtual6_6296268057',0,'2018-02-28 02:09:34',NULL,0),(289,'playerVirtual8','playerVirtual8_2378747961',1,'2018-02-28 02:09:54',NULL,0),(290,'playerVirtual8','playerVirtual8_aee077e27c',4,'2018-02-28 02:09:54',NULL,0),(291,'playerVirtual8','playerVirtual8_2378747961',1,'2018-02-28 02:09:54',NULL,0),(292,'playerVirtual6','playerVirtual6_7e30e87558',3,'2018-02-28 02:10:33',NULL,0),(293,'playerVirtual13','playerVirtual13_990694203',0,'2018-02-28 02:11:11',NULL,0),(294,'playerVirtual13','playerVirtual13_990694203',0,'2018-02-28 02:11:13',NULL,0),(295,'playerVirtual13','playerVirtual13_8b68fcb65c',3,'2018-02-28 02:12:10',NULL,0),(296,'playerVirtual3','playerVirtual3_1438244924',1,'2018-02-28 02:12:55',NULL,0),(297,'playerVirtual3','playerVirtual3_21c233f707',4,'2018-02-28 02:12:56',NULL,0),(298,'playerVirtual3','playerVirtual3_1438244924',1,'2018-02-28 02:12:56',NULL,0),(299,'playerVirtual4','playerVirtual4_182859403',0,'2018-02-28 02:13:00',NULL,0),(300,'playerVirtual4','playerVirtual4_e3f2793f29',3,'2018-02-28 02:13:00',NULL,0),(301,'playerVirtual4','playerVirtual4_182859403',0,'2018-02-28 02:13:01',NULL,0),(302,'playerVirtual13','playerVirtual13_990694203',1,'2018-02-28 02:13:10',NULL,0),(303,'playerVirtual13','playerVirtual13_364890491d',4,'2018-02-28 02:13:11',NULL,0),(304,'playerVirtual13','playerVirtual13_990694203',1,'2018-02-28 02:13:11',NULL,0),(305,'playerVirtual2','playerVirtual2_66692ce4cb',3,'2018-02-28 02:13:19',NULL,0),(306,'playerVirtual12','playerVirtual12_1095593',0,'2018-02-28 02:13:49',NULL,0),(307,'playerVirtual12','playerVirtual12_1095593',0,'2018-02-28 02:13:49',NULL,0),(308,'playerVirtual16','playerVirtual16_6eb4c9f14c',4,'2018-02-28 02:14:36',NULL,0),(309,'playerVirtual7','playerVirtual7_990694203',0,'2018-02-28 02:14:43',NULL,0),(310,'playerVirtual7','playerVirtual7_47f591408d',4,'2018-02-28 02:14:44',NULL,0),(311,'playerVirtual12','playerVirtual12_984af5313a',4,'2018-02-28 02:14:49',NULL,0),(312,'playerVirtual9','playerVirtual9_6301942525',0,'2018-02-28 02:15:05',NULL,0),(313,'playerVirtual9','playerVirtual9_6301942525',0,'2018-02-28 02:15:05',NULL,0),(314,'playerVirtual1375','playerVirtual1375_6296865278',0,'2018-02-28 02:15:38',NULL,0),(315,'playerVirtual1375','playerVirtual1375_6296865278',0,'2018-02-28 02:15:38',NULL,0),(316,'playerVirtual11','playerVirtual11_6264344062',0,'2018-02-28 02:15:41',NULL,0),(317,'playerVirtual11','playerVirtual11_6264344062',0,'2018-02-28 02:15:42',NULL,0),(318,'playerVirtual9','playerVirtual9_d6e5a088db',3,'2018-02-28 02:16:05',NULL,0),(319,'playerVirtual1375','playerVirtual1375_eed3c971f4',3,'2018-02-28 02:16:38',NULL,0),(320,'playerVirtual11','playerVirtual11_bd7e59fa95',3,'2018-02-28 02:16:42',NULL,0),(321,'playerVirtual10','playerVirtual10_6274355716',0,'2018-02-28 02:16:50',NULL,0),(322,'playerVirtual10','playerVirtual10_6274355716',0,'2018-02-28 02:16:50',NULL,0),(323,'playerVirtual5','playerVirtual5_6289704471',0,'2018-02-28 02:17:30',NULL,0),(324,'playerVirtual5','playerVirtual5_6289704471',0,'2018-02-28 02:17:32',NULL,0),(325,'playerVirtual3','playerVirtual3_1095593',1,'2018-02-28 02:17:42',NULL,0),(326,'playerVirtual3','playerVirtual3_7c865533b6',3,'2018-02-28 02:17:42',NULL,0),(327,'playerVirtual3','playerVirtual3_1095593',1,'2018-02-28 02:17:42',NULL,0),(328,'playerVirtual10','playerVirtual10_f9af659c6c',4,'2018-02-28 02:17:50',NULL,0),(329,'playerVirtual4','playerVirtual4_182859403',1,'2018-02-28 02:18:26',NULL,0),(330,'playerVirtual4','playerVirtual4_7dd28cfd98',4,'2018-02-28 02:18:26',NULL,0),(331,'playerVirtual4','playerVirtual4_182859403',1,'2018-02-28 02:18:26',NULL,0),(332,'playerVirtual5','playerVirtual5_4f3d3d8b42',3,'2018-02-28 02:18:30',NULL,0),(333,'playerVirtual2','playerVirtual2_6264344062',1,'2018-02-28 02:19:08',NULL,0),(334,'playerVirtual2','playerVirtual2_1353f43860',4,'2018-02-28 02:19:08',NULL,0),(335,'playerVirtual2','playerVirtual2_6264344062',1,'2018-02-28 02:19:08',NULL,0),(336,'playerVirtual17','playerVirtual17_a3464c02ac',4,'2018-02-28 02:19:36',NULL,0),(337,'playerVirtual7','playerVirtual7_59d17dc753',3,'2018-02-28 02:19:44',NULL,0),(338,'playerVirtual14','playerVirtual14_5297461910',0,'2018-02-28 02:20:42',NULL,0),(339,'playerVirtual14','playerVirtual14_5297461910',0,'2018-02-28 02:20:42',NULL,0),(340,'playerVirtual14','playerVirtual14_d8fbed18f3',3,'2018-02-28 02:21:42',NULL,0),(341,'playerVirtual6','playerVirtual6_539194189',0,'2018-02-28 02:22:10',NULL,0),(342,'playerVirtual6','playerVirtual6_539194189',0,'2018-02-28 02:22:10',NULL,0),(343,'playerVirtual9','playerVirtual9_d98a0b468d',4,'2018-02-28 02:22:28',NULL,0),(344,'playerVirtual6','playerVirtual6_41d8a74d78',4,'2018-02-28 02:23:10',NULL,0),(345,'playerVirtual8','playerVirtual8_908315',0,'2018-02-28 02:23:40',NULL,0),(346,'playerVirtual8','playerVirtual8_908315',0,'2018-02-28 02:23:41',NULL,0),(347,'playerVirtual5','playerVirtual5_c2ae1fd4e1',4,'2018-02-28 02:23:51',NULL,0),(348,'playerVirtual18','playerVirtual18_0c9b9c16f8',4,'2018-02-28 02:24:30',NULL,0),(349,'playerVirtual8','playerVirtual8_4fdb91ab67',3,'2018-02-28 02:24:41',NULL,0),(350,'playerVirtual12','playerVirtual12_1095593',1,'2018-02-28 02:24:41',NULL,0),(351,'playerVirtual12','playerVirtual12_93f7ef06ef',3,'2018-02-28 02:24:41',NULL,0),(352,'playerVirtual12','playerVirtual12_1095593',1,'2018-02-28 02:24:41',NULL,0),(353,'playerVirtual2','playerVirtual2_1436344784',1,'2018-02-28 02:25:05',NULL,0),(354,'playerVirtual2','playerVirtual2_82688c6937',3,'2018-02-28 02:25:05',NULL,0),(355,'playerVirtual2','playerVirtual2_1436344784',1,'2018-02-28 02:25:05',NULL,0),(356,'playerVirtual11','playerVirtual11_4246147567',0,'2018-02-28 02:25:35',NULL,0),(357,'playerVirtual11','playerVirtual11_4246147567',0,'2018-02-28 02:25:36',NULL,0),(358,'playerVirtual1692','playerVirtual1692_61bb5d18c7',4,'2018-02-28 02:26:33',NULL,0),(359,'playerVirtual11','playerVirtual11_0bf057d443',4,'2018-02-28 02:26:35',NULL,0),(360,'playerVirtual3','playerVirtual3_6274355716',1,'2018-02-28 02:26:46',NULL,0),(361,'playerVirtual3','playerVirtual3_5edb9c9cbf',4,'2018-02-28 02:26:47',NULL,0),(362,'playerVirtual3','playerVirtual3_6274355716',1,'2018-02-28 02:26:47',NULL,0),(363,'playerVirtual14','playerVirtual14_4246147567',0,'2018-02-28 02:27:22',NULL,0),(364,'playerVirtual14','playerVirtual14_4246147567',0,'2018-02-28 02:27:23',NULL,0),(365,'playerVirtual15','playerVirtual15_182859403',0,'2018-02-28 02:27:24',NULL,0),(366,'playerVirtual15','playerVirtual15_182859403',0,'2018-02-28 02:27:24',NULL,0),(367,'playerVirtual14','playerVirtual14_501d3eb85c',4,'2018-02-28 02:28:23',NULL,0),(368,'playerVirtual15','playerVirtual15_8fa3c922f8',3,'2018-02-28 02:28:24',NULL,0),(369,'playerVirtual10','playerVirtual10_4246147567',0,'2018-02-28 02:29:08',NULL,0),(370,'playerVirtual10','playerVirtual10_4246147567',0,'2018-02-28 02:29:08',NULL,0),(371,'playerVirtual19','playerVirtual19_f5fc8ead5b',4,'2018-02-28 02:29:35',NULL,0),(372,'playerVirtual10','playerVirtual10_04c5e946ad',3,'2018-02-28 02:30:08',NULL,0),(373,'playerVirtual7','playerVirtual7_ffa2414269',4,'2018-02-28 02:32:19',NULL,0),(374,'playerVirtual13','playerVirtual13_4246147567',0,'2018-02-28 02:32:40',NULL,0),(375,'playerVirtual13','playerVirtual13_4246147567',0,'2018-02-28 02:32:41',NULL,0),(376,'playerVirtual8','playerVirtual8_4246147567',0,'2018-02-28 02:32:55',NULL,0),(377,'playerVirtual8','playerVirtual8_4246147567',0,'2018-02-28 02:32:55',NULL,0),(378,'playerVirtual15','playerVirtual15_4246147567',0,'2018-02-28 02:33:24',NULL,0),(379,'playerVirtual15','playerVirtual15_4246147567',0,'2018-02-28 02:33:24',NULL,0),(380,'playerVirtual6','playerVirtual6_6316827871',0,'2018-02-28 02:33:29',NULL,0),(381,'playerVirtual6','playerVirtual6_6316827871',0,'2018-02-28 02:33:30',NULL,0),(382,'playerVirtual13','playerVirtual13_1c8763119b',3,'2018-02-28 02:33:40',NULL,0),(383,'playerVirtual8','playerVirtual8_3d250c014b',4,'2018-02-28 02:33:55',NULL,0),(384,'playerVirtual2','playerVirtual2_182859403',1,'2018-02-28 02:34:20',NULL,0),(385,'playerVirtual2','playerVirtual2_f512cdb944',4,'2018-02-28 02:34:20',NULL,0),(386,'playerVirtual2','playerVirtual2_182859403',1,'2018-02-28 02:34:26',NULL,0),(387,'playerVirtual15','playerVirtual15_3c38967c55',4,'2018-02-28 02:34:26',NULL,0),(388,'playerVirtual16','playerVirtual16_6289704471',0,'2018-02-28 02:34:27',NULL,0),(389,'playerVirtual16','playerVirtual16_6289704471',0,'2018-02-28 02:34:27',NULL,0),(390,'playerVirtual4','playerVirtual4_6315250734',0,'2018-02-28 02:34:27',NULL,0),(391,'playerVirtual4','playerVirtual4_6315250734',0,'2018-02-28 02:34:28',NULL,0),(392,'playerVirtual6','playerVirtual6_b81089ecc4',3,'2018-02-28 02:34:30',NULL,0),(393,'playerVirtual13','playerVirtual13_4246147567',1,'2018-02-28 02:34:42',NULL,0),(394,'playerVirtual13','playerVirtual13_02a25a70e8',4,'2018-02-28 02:34:42',NULL,0),(395,'playerVirtual13','playerVirtual13_4246147567',1,'2018-02-28 02:34:42',NULL,0),(396,'playerVirtual16','playerVirtual16_7f52711d8e',3,'2018-02-28 02:35:28',NULL,0),(397,'playerVirtual4','playerVirtual4_5e3e6c5b75',3,'2018-02-28 02:35:28',NULL,0),(398,'playerVirtual12','playerVirtual12_990694203',0,'2018-02-28 02:37:12',NULL,0),(399,'playerVirtual12','playerVirtual12_990694203',0,'2018-02-28 02:37:12',NULL,0),(400,'playerVirtual5','playerVirtual5_6289704471',1,'2018-02-28 02:37:38',NULL,0),(401,'playerVirtual5','playerVirtual5_b60057b117',3,'2018-02-28 02:37:38',NULL,0),(402,'playerVirtual5','playerVirtual5_6289704471',1,'2018-02-28 02:37:38',NULL,0),(403,'playerVirtual9','playerVirtual9_2378747961',0,'2018-02-28 02:38:01',NULL,0),(404,'playerVirtual9','playerVirtual9_2378747961',0,'2018-02-28 02:38:01',NULL,0),(405,'playerVirtual12','playerVirtual12_7c6d36f6d2',4,'2018-02-28 02:38:12',NULL,0),(406,'playerVirtual11','playerVirtual11_4246147567',1,'2018-02-28 02:38:50',NULL,0),(407,'playerVirtual11','playerVirtual11_740d5ed462',3,'2018-02-28 02:38:50',NULL,0),(408,'playerVirtual11','playerVirtual11_4246147567',1,'2018-02-28 02:38:50',NULL,0),(409,'playerVirtual9','playerVirtual9_a98ea663ce',3,'2018-02-28 02:39:01',NULL,0),(410,'playerVirtual16','playerVirtual16_4246147567',0,'2018-02-28 02:39:11',NULL,0),(411,'playerVirtual16','playerVirtual16_4246147567',0,'2018-02-28 02:39:12',NULL,0),(412,'playerVirtual17','playerVirtual17_4246147567',0,'2018-02-28 02:40:08',NULL,0),(413,'playerVirtual10','playerVirtual10_4246147567',1,'2018-02-28 02:40:10',NULL,0),(414,'playerVirtual10','playerVirtual10_6d93f22333',4,'2018-02-28 02:40:10',NULL,0),(415,'playerVirtual10','playerVirtual10_4246147567',1,'2018-02-28 02:40:11',NULL,0),(416,'playerVirtual16','playerVirtual16_62148b69dd',4,'2018-02-28 02:40:11',NULL,0),(417,'playerVirtual3','playerVirtual3_4246147567',0,'2018-02-28 02:40:20',NULL,0),(418,'playerVirtual3','playerVirtual3_4246147567',0,'2018-02-28 02:40:21',NULL,0),(419,'playerVirtual17','playerVirtual17_e22f1103d1',3,'2018-02-28 02:41:08',NULL,0),(420,'playerVirtual3','playerVirtual3_7133723dd5',3,'2018-02-28 02:41:20',NULL,0),(421,'playerVirtual17','playerVirtual17_7bfa0e4b30',4,'2018-02-28 02:42:10',NULL,0),(422,'playerVirtual4','playerVirtual4_359920779',1,'2018-02-28 02:42:26',NULL,0),(423,'playerVirtual4','playerVirtual4_e7cd07a88c',4,'2018-02-28 02:42:26',NULL,0),(424,'playerVirtual4','playerVirtual4_359920779',1,'2018-02-28 02:42:26',NULL,0),(425,'playerVirtual7','playerVirtual7_4246147567',0,'2018-02-28 02:43:03',NULL,0),(426,'playerVirtual2','playerVirtual2_d901280211',3,'2018-02-28 02:43:46',NULL,0),(427,'playerVirtual7','playerVirtual7_c92098322c',3,'2018-02-28 02:44:03',NULL,0),(428,'playerVirtual14','playerVirtual14_06443147bb',3,'2018-02-28 02:44:27',NULL,0),(429,'playerVirtual18','playerVirtual18_5068098508',0,'2018-02-28 02:45:30',NULL,0),(430,'playerVirtual18','playerVirtual18_5068098508',0,'2018-02-28 02:45:30',NULL,0),(431,'playerVirtual18','playerVirtual18_13f485b496',3,'2018-02-28 02:46:30',NULL,0),(432,'playerVirtual6','playerVirtual6_1095593',0,'2018-02-28 02:46:36',NULL,0),(433,'playerVirtual6','playerVirtual6_1095593',0,'2018-02-28 02:46:37',NULL,0),(434,'playerVirtual9','playerVirtual9_4246147567',0,'2018-02-28 02:47:30',NULL,0),(435,'playerVirtual9','playerVirtual9_4246147567',0,'2018-02-28 02:47:30',NULL,0),(436,'playerVirtual5','playerVirtual5_359920779',0,'2018-02-28 02:47:33',NULL,0),(437,'playerVirtual5','playerVirtual5_359920779',0,'2018-02-28 02:47:33',NULL,0),(438,'playerVirtual6','playerVirtual6_16305da9e3',4,'2018-02-28 02:47:36',NULL,0),(439,'playerVirtual8','playerVirtual8_4246147567',1,'2018-02-28 02:47:41',NULL,0),(440,'playerVirtual8','playerVirtual8_4dbb1cc979',3,'2018-02-28 02:47:42',NULL,0),(441,'playerVirtual8','playerVirtual8_4246147567',1,'2018-02-28 02:47:42',NULL,0),(442,'playerVirtual12','playerVirtual12_990694203',1,'2018-02-28 02:48:09',NULL,0),(443,'playerVirtual12','playerVirtual12_be98d5af47',3,'2018-02-28 02:48:09',NULL,0),(444,'playerVirtual12','playerVirtual12_990694203',1,'2018-02-28 02:48:12',NULL,0),(445,'playerVirtual9','playerVirtual9_2f53fc979d',4,'2018-02-28 02:48:30',NULL,0),(446,'playerVirtual5','playerVirtual5_e36b69545b',4,'2018-02-28 02:48:33',NULL,0),(447,'playerVirtual1792','playerVirtual1792_8166ebaa68',4,'2018-02-28 02:50:05',NULL,0),(448,'playerVirtual18','playerVirtual18_5068098508',1,'2018-02-28 02:50:15',NULL,0),(449,'playerVirtual18','playerVirtual18_45772993dd',4,'2018-02-28 02:50:16',NULL,0),(450,'playerVirtual18','playerVirtual18_5068098508',1,'2018-02-28 02:50:19',NULL,0),(451,'playerVirtual11','playerVirtual11_4246147567',0,'2018-02-28 02:50:23',NULL,0),(452,'playerVirtual11','playerVirtual11_67dff149ab',4,'2018-02-28 02:50:23',NULL,0),(453,'playerVirtual11','playerVirtual11_4246147567',0,'2018-02-28 02:50:23',NULL,0),(454,'playerVirtual3','playerVirtual3_4246147567',1,'2018-02-28 02:50:25',NULL,0),(455,'playerVirtual3','playerVirtual3_3bf5690093',4,'2018-02-28 02:50:25',NULL,0),(456,'playerVirtual3','playerVirtual3_4246147567',1,'2018-02-28 02:50:25',NULL,0),(457,'playerVirtual19','playerVirtual19_4246147567',0,'2018-02-28 02:51:42',NULL,0),(458,'playerVirtual19','playerVirtual19_4246147567',0,'2018-02-28 02:51:42',NULL,0),(459,'playerVirtual15','playerVirtual15_4246147567',1,'2018-02-28 02:52:16',NULL,0),(460,'playerVirtual15','playerVirtual15_1daa2dd055',3,'2018-02-28 02:52:16',NULL,0),(461,'playerVirtual15','playerVirtual15_4246147567',1,'2018-02-28 02:52:16',NULL,0),(462,'playerVirtual19','playerVirtual19_5a5f29a380',3,'2018-02-28 02:52:42',NULL,0),(463,'playerVirtual14','playerVirtual14_4246147567',0,'2018-02-28 02:53:29',NULL,0),(464,'playerVirtual14','playerVirtual14_9a6ce4ef39',4,'2018-02-28 02:53:29',NULL,0),(465,'playerVirtual14','playerVirtual14_4246147567',0,'2018-02-28 02:53:30',NULL,0),(466,'playerVirtual19','playerVirtual19_4246147567',1,'2018-02-28 02:53:44',NULL,0),(467,'playerVirtual19','playerVirtual19_9c8f8d392f',4,'2018-02-28 02:53:44',NULL,0),(468,'playerVirtual19','playerVirtual19_4246147567',1,'2018-02-28 02:53:44',NULL,0),(469,'playerVirtual10','playerVirtual10_4246147567',0,'2018-02-28 02:54:19',NULL,0),(470,'playerVirtual10','playerVirtual10_8e11fe4c14',3,'2018-02-28 02:54:19',NULL,0),(471,'playerVirtual10','playerVirtual10_4246147567',0,'2018-02-28 02:54:19',NULL,0),(472,'playerVirtual7','playerVirtual7_9da8d04090',4,'2018-02-28 02:56:40',NULL,0),(473,'playerVirtual13','playerVirtual13_6322213339',0,'2018-02-28 02:57:10',NULL,0),(474,'playerVirtual13','playerVirtual13_6322213339',0,'2018-02-28 02:57:10',NULL,0),(475,'playerVirtual13','playerVirtual13_86674e6c82',3,'2018-02-28 02:58:10',NULL,0),(476,'playerVirtual2','playerVirtual2_4246147567',0,'2018-02-28 02:59:09',NULL,0),(477,'playerVirtual2','playerVirtual2_4246147567',0,'2018-02-28 02:59:10',NULL,0),(478,'playerVirtual8','playerVirtual8_6335261139',0,'2018-02-28 02:59:38',NULL,0),(479,'playerVirtual8','playerVirtual8_6335261139',0,'2018-02-28 02:59:39',NULL,0),(480,'playerVirtual16','playerVirtual16_4246147567',1,'2018-02-28 03:00:01',NULL,0),(481,'playerVirtual6','playerVirtual6_4246147567',0,'2018-02-28 03:00:01',NULL,0),(482,'playerVirtual16','playerVirtual16_8eae2d39df',3,'2018-02-28 03:00:01',NULL,0),(483,'playerVirtual16','playerVirtual16_4246147567',1,'2018-02-28 03:00:01',NULL,0),(484,'playerVirtual6','playerVirtual6_4246147567',0,'2018-02-28 03:00:02',NULL,0),(485,'playerVirtual4','playerVirtual4_4246147567',0,'2018-02-28 03:00:07',NULL,0),(486,'playerVirtual4','playerVirtual4_4246147567',0,'2018-02-28 03:00:08',NULL,0),(487,'playerVirtual2','playerVirtual2_28d4d79495',4,'2018-02-28 03:00:10',NULL,0),(488,'playerVirtual8','playerVirtual8_68aa38417c',4,'2018-02-28 03:00:39',NULL,0),(489,'playerVirtual6','playerVirtual6_2ff3caefa3',3,'2018-02-28 03:01:01',NULL,0),(490,'playerVirtual15','playerVirtual15_4246147567',0,'2018-02-28 03:01:03',NULL,0),(491,'playerVirtual15','playerVirtual15_426bb45f11',4,'2018-02-28 03:01:04',NULL,0),(492,'playerVirtual15','playerVirtual15_4246147567',0,'2018-02-28 03:01:04',NULL,0),(493,'playerVirtual4','playerVirtual4_4093dba722',3,'2018-02-28 03:01:08',NULL,0),(494,'playerVirtual11','playerVirtual11_265e780636',3,'2018-02-28 03:02:38',NULL,0),(495,'playerVirtual13','playerVirtual13_4246147567',0,'2018-02-28 03:03:02',NULL,0),(496,'playerVirtual13','playerVirtual13_703de2f37e',4,'2018-02-28 03:03:02',NULL,0),(497,'playerVirtual13','playerVirtual13_4246147567',0,'2018-02-28 03:03:03',NULL,0),(498,'playerVirtual5','playerVirtual5_1436344784',1,'2018-02-28 03:03:22',NULL,0),(499,'playerVirtual5','playerVirtual5_dba5678718',3,'2018-02-28 03:03:23',NULL,0),(500,'playerVirtual5','playerVirtual5_1436344784',1,'2018-02-28 03:03:23',NULL,0),(501,'playerVirtual12','playerVirtual12_4246147567',0,'2018-02-28 03:03:56',NULL,0),(502,'playerVirtual12','playerVirtual12_4246147567',0,'2018-02-28 03:03:56',NULL,0),(503,'playerVirtual9','playerVirtual9_4246147567',1,'2018-02-28 03:04:06',NULL,0),(504,'playerVirtual9','playerVirtual9_422572fff5',3,'2018-02-28 03:04:07',NULL,0),(505,'playerVirtual9','playerVirtual9_4246147567',1,'2018-02-28 03:04:08',NULL,0),(506,'playerVirtual10','playerVirtual10_4246147567',1,'2018-02-28 03:04:24',NULL,0),(507,'playerVirtual10','playerVirtual10_91008ffc68',4,'2018-02-28 03:04:24',NULL,0),(508,'playerVirtual10','playerVirtual10_4246147567',1,'2018-02-28 03:04:24',NULL,0),(509,'playerVirtual12','playerVirtual12_348706626e',4,'2018-02-28 03:04:56',NULL,0),(510,'playerVirtual17','playerVirtual17_4246147567',0,'2018-02-28 03:05:37',NULL,0),(511,'playerVirtual17','playerVirtual17_f37440ae3f',3,'2018-02-28 03:05:37',NULL,0),(512,'playerVirtual17','playerVirtual17_55fbb48ef8',4,'2018-02-28 03:06:38',NULL,0),(513,'playerVirtual3','playerVirtual3_4246147567',0,'2018-02-28 03:07:45',NULL,0),(514,'playerVirtual3','playerVirtual3_3860f6f126',3,'2018-02-28 03:07:46',NULL,0),(515,'playerVirtual3','playerVirtual3_4246147567',0,'2018-02-28 03:07:46',NULL,0),(516,'playerVirtual16','playerVirtual16_6344084916',0,'2018-02-28 03:07:48',NULL,0),(517,'playerVirtual16','playerVirtual16_6344084916',0,'2018-02-28 03:07:48',NULL,0),(518,'playerVirtual4','playerVirtual4_4246147567',1,'2018-02-28 03:08:06',NULL,0),(519,'playerVirtual4','playerVirtual4_5dc3f7d79f',4,'2018-02-28 03:08:06',NULL,0),(520,'playerVirtual4','playerVirtual4_4246147567',1,'2018-02-28 03:08:06',NULL,0),(521,'playerVirtual16','playerVirtual16_58dffc9cae',4,'2018-02-28 03:08:48',NULL,0),(522,'playerVirtual14','playerVirtual14_0a29b9ba3f',3,'2018-02-28 03:09:32',NULL,0),(523,'playerVirtual2','playerVirtual2_4246147567',1,'2018-02-28 03:09:38',NULL,0),(524,'playerVirtual2','playerVirtual2_0343297f06',3,'2018-02-28 03:09:38',NULL,0),(525,'playerVirtual2','playerVirtual2_4246147567',1,'2018-02-28 03:09:38',NULL,0),(526,'playerVirtual7','playerVirtual7_4246147567',0,'2018-02-28 03:11:09',NULL,0),(527,'playerVirtual7','playerVirtual7_244fc3e91a',3,'2018-02-28 03:11:09',NULL,0),(528,'playerVirtual18','playerVirtual18_4246147567',0,'2018-02-28 03:12:41',NULL,0),(529,'playerVirtual18','playerVirtual18_4246147567',0,'2018-02-28 03:12:41',NULL,0),(530,'playerVirtual18','playerVirtual18_2ef4225194',3,'2018-02-28 03:13:41',NULL,0),(531,'playerVirtual6','playerVirtual6_4246147567',1,'2018-02-28 03:14:07',NULL,0),(532,'playerVirtual6','playerVirtual6_436339e5ad',4,'2018-02-28 03:14:08',NULL,0),(533,'playerVirtual6','playerVirtual6_4246147567',1,'2018-02-28 03:14:08',NULL,0),(534,'playerVirtual12','playerVirtual12_4246147567',1,'2018-02-28 03:14:49',NULL,0),(535,'playerVirtual12','playerVirtual12_9db0c94bb7',3,'2018-02-28 03:14:50',NULL,0),(536,'playerVirtual12','playerVirtual12_4246147567',1,'2018-02-28 03:14:50',NULL,0),(537,'playerVirtual8','playerVirtual8_4246147567',0,'2018-02-28 03:16:29',NULL,0),(538,'playerVirtual8','playerVirtual8_46685dd151',3,'2018-02-28 03:16:29',NULL,0),(539,'playerVirtual8','playerVirtual8_4246147567',0,'2018-02-28 03:16:30',NULL,0),(540,'playerVirtual5','playerVirtual5_4246147567',0,'2018-02-28 03:16:34',NULL,0),(541,'playerVirtual5','playerVirtual5_4246147567',0,'2018-02-28 03:16:34',NULL,0),(542,'playerVirtual9','playerVirtual9_4246147567',0,'2018-02-28 03:16:44',NULL,0),(543,'playerVirtual9','playerVirtual9_945c7fb9e1',4,'2018-02-28 03:16:45',NULL,0),(544,'playerVirtual9','playerVirtual9_4246147567',0,'2018-02-28 03:16:49',NULL,0),(545,'playerVirtual3','playerVirtual3_4246147567',1,'2018-02-28 03:16:52',NULL,0),(546,'playerVirtual3','playerVirtual3_c8ebad631a',4,'2018-02-28 03:16:52',NULL,0),(547,'playerVirtual3','playerVirtual3_4246147567',1,'2018-02-28 03:16:53',NULL,0),(548,'playerVirtual1562','playerVirtual1562_baa3a0863e',4,'2018-02-28 03:17:08',NULL,0),(549,'playerVirtual18','playerVirtual18_4246147567',1,'2018-02-28 03:17:23',NULL,0),(550,'playerVirtual18','playerVirtual18_6d178341ec',4,'2018-02-28 03:17:23',NULL,0),(551,'playerVirtual18','playerVirtual18_4246147567',1,'2018-02-28 03:17:24',NULL,0),(552,'playerVirtual5','playerVirtual5_c31dfb6293',4,'2018-02-28 03:17:34',NULL,0),(553,'playerVirtual11','playerVirtual11_990694203',0,'2018-02-28 03:18:10',NULL,0),(554,'playerVirtual11','playerVirtual11_990694203',0,'2018-02-28 03:18:10',NULL,0),(555,'playerVirtual15','playerVirtual15_4246147567',1,'2018-02-28 03:18:59',NULL,0),(556,'playerVirtual15','playerVirtual15_2df4a400d5',3,'2018-02-28 03:18:59',NULL,0),(557,'playerVirtual15','playerVirtual15_4246147567',1,'2018-02-28 03:19:00',NULL,0),(558,'playerVirtual11','playerVirtual11_7731c82201',4,'2018-02-28 03:19:10',NULL,0),(559,'playerVirtual19','playerVirtual19_4246147567',0,'2018-02-28 03:19:36',NULL,0),(560,'playerVirtual19','playerVirtual19_b2664626c2',3,'2018-02-28 03:19:37',NULL,0),(561,'playerVirtual19','playerVirtual19_4246147567',0,'2018-02-28 03:19:37',NULL,0),(562,'playerVirtual19','playerVirtual19_4246147567',1,'2018-02-28 03:20:38',NULL,0),(563,'playerVirtual19','playerVirtual19_25edb9d36c',4,'2018-02-28 03:20:38',NULL,0),(564,'playerVirtual19','playerVirtual19_4246147567',1,'2018-02-28 03:20:38',NULL,0),(565,'playerVirtual14','playerVirtual14_78cc397f7c',4,'2018-02-28 03:22:33',NULL,0),(566,'playerVirtual10','playerVirtual10_272887063',0,'2018-02-28 03:22:40',NULL,0),(567,'playerVirtual10','playerVirtual10_272887063',0,'2018-02-28 03:22:40',NULL,0),(568,'playerVirtual10','playerVirtual10_195654a1f8',3,'2018-02-28 03:23:40',NULL,0),(569,'playerVirtual7','playerVirtual7_543f9970f4',4,'2018-02-28 03:23:44',NULL,0),(570,'playerVirtual13','playerVirtual13_4246147567',1,'2018-02-28 03:25:30',NULL,0),(571,'playerVirtual13','playerVirtual13_677676f660',3,'2018-02-28 03:25:30',NULL,0),(572,'playerVirtual13','playerVirtual13_4246147567',1,'2018-02-28 03:25:30',NULL,0),(573,'playerVirtual8','playerVirtual8_4246147567',1,'2018-02-28 03:28:29',NULL,0),(574,'playerVirtual8','playerVirtual8_6ccfcb0c7e',4,'2018-02-28 03:28:29',NULL,0),(575,'playerVirtual8','playerVirtual8_4246147567',1,'2018-02-28 03:28:32',NULL,0),(576,'playerVirtual2','playerVirtual2_272887063',1,'2018-02-28 03:28:32',NULL,0),(577,'playerVirtual2','playerVirtual2_fdb1f3e45f',4,'2018-02-28 03:28:33',NULL,0),(578,'playerVirtual2','playerVirtual2_272887063',1,'2018-02-28 03:28:33',NULL,0),(579,'playerVirtual4','playerVirtual4_4246147567',0,'2018-02-28 03:30:00',NULL,0),(580,'playerVirtual4','playerVirtual4_0eb72b818b',3,'2018-02-28 03:30:01',NULL,0),(581,'playerVirtual4','playerVirtual4_4246147567',0,'2018-02-28 03:30:01',NULL,0),(582,'playerVirtual16','playerVirtual16_6566788',0,'2018-02-28 03:30:06',NULL,0),(583,'playerVirtual16','playerVirtual16_6566788',0,'2018-02-28 03:30:07',NULL,0),(584,'playerVirtual6','playerVirtual6_82730999',0,'2018-02-28 03:30:17',NULL,0),(585,'playerVirtual6','playerVirtual6_82730999',0,'2018-02-28 03:30:18',NULL,0),(586,'playerVirtual15','playerVirtual15_16917741',0,'2018-02-28 03:30:53',NULL,0),(587,'playerVirtual15','playerVirtual15_16917741',0,'2018-02-28 03:30:54',NULL,0),(588,'playerVirtual16','playerVirtual16_b7e0f9f615',3,'2018-02-28 03:31:07',NULL,0),(589,'playerVirtual6','playerVirtual6_f072d1ffa8',3,'2018-02-28 03:31:17',NULL,0),(590,'playerVirtual11','playerVirtual11_97ca8b720d',3,'2018-02-28 03:31:26',NULL,0),(591,'playerVirtual15','playerVirtual15_18f37ad1ee',4,'2018-02-28 03:31:54',NULL,0),(592,'playerVirtual9','playerVirtual9_f63ba68a9a',3,'2018-02-28 03:32:15',NULL,0),(593,'playerVirtual5','playerVirtual5_4246147567',1,'2018-02-28 03:32:23',NULL,0),(594,'playerVirtual5','playerVirtual5_306b560d57',3,'2018-02-28 03:32:24',NULL,0),(595,'playerVirtual5','playerVirtual5_4246147567',1,'2018-02-28 03:32:24',NULL,0),(596,'playerVirtual13','playerVirtual13_5297461910',0,'2018-02-28 03:32:57',NULL,0),(597,'playerVirtual13','playerVirtual13_5297461910',0,'2018-02-28 03:32:58',NULL,0);
/*!40000 ALTER TABLE `REQUEST` ENABLE KEYS */;
UNLOCK TABLES;

--
-- Table structure for table `STATUS`
--

DROP TABLE IF EXISTS `STATUS`;
/*!40101 SET @saved_cs_client     = @@character_set_client */;
/*!40101 SET character_set_client = utf8 */;
CREATE TABLE `STATUS` (
  `id` int(11) NOT NULL AUTO_INCREMENT,
  `players` int(11) DEFAULT '0',
  `all_requests` int(11) DEFAULT '0',
  `accepts` int(11) DEFAULT '0',
  `rejects` int(11) DEFAULT '0',
  `fairness` float DEFAULT '0',
  `timestamp` timestamp NULL DEFAULT NULL,
  PRIMARY KEY (`id`)
) ENGINE=InnoDB AUTO_INCREMENT=32 DEFAULT CHARSET=utf8;
/*!40101 SET character_set_client = @saved_cs_client */;

--
-- Dumping data for table `STATUS`
--

LOCK TABLES `STATUS` WRITE;
/*!40000 ALTER TABLE `STATUS` DISABLE KEYS */;
INSERT INTO `STATUS` VALUES (1,0,0,0,0,0,'2018-02-28 01:03:22'),(2,2,4,3,1,0.75,'2018-02-28 01:08:22'),(3,3,10,8,2,0.8,'2018-02-28 01:13:23'),(4,5,16,12,4,0.75,'2018-02-28 01:18:23'),(5,6,22,14,8,0.636364,'2018-02-28 01:23:23'),(6,8,27,18,9,0.666667,'2018-02-28 01:28:23'),(7,9,37,26,11,0.702703,'2018-02-28 01:33:23'),(8,10,42,31,11,0.738095,'2018-02-28 01:38:23'),(9,12,48,36,12,0.75,'2018-02-28 01:43:23'),(10,13,55,41,14,0.745455,'2018-02-28 01:48:24'),(11,15,61,45,16,0.737705,'2018-02-28 01:53:24'),(12,16,68,51,17,0.75,'2018-02-28 01:58:24'),(13,18,73,56,17,0.767123,'2018-02-28 02:03:24'),(14,19,77,58,19,0.753247,'2018-02-28 02:08:24'),(15,20,80,60,20,0.75,'2018-02-28 02:13:24'),(16,21,86,65,21,0.755814,'2018-02-28 02:18:24'),(17,22,88,67,21,0.761364,'2018-02-28 02:23:24'),(18,24,92,70,22,0.76087,'2018-02-28 02:28:25'),(19,25,96,74,22,0.770833,'2018-02-28 02:33:25'),(20,25,101,78,23,0.772277,'2018-02-28 02:38:25'),(21,25,103,80,23,0.776699,'2018-02-28 02:43:25'),(22,25,107,84,23,0.785047,'2018-02-28 02:48:25'),(23,26,109,84,25,0.770642,'2018-02-28 02:53:25'),(24,26,112,86,26,0.767857,'2018-02-28 02:58:25'),(25,26,118,92,26,0.779661,'2018-02-28 03:03:26'),(26,26,121,95,26,0.785124,'2018-02-28 03:08:26'),(27,26,122,96,26,0.786885,'2018-02-28 03:13:26'),(28,27,126,98,28,0.777778,'2018-02-28 03:18:26'),(29,27,128,98,30,0.765625,'2018-02-28 03:23:26'),(30,27,128,99,29,0.773438,'2018-02-28 03:28:26'),(31,27,133,104,29,0.781955,'2018-02-28 03:33:26');
/*!40000 ALTER TABLE `STATUS` ENABLE KEYS */;
UNLOCK TABLES;

--
-- Table structure for table `THRESHOLD`
--

DROP TABLE IF EXISTS `THRESHOLD`;
/*!40101 SET @saved_cs_client     = @@character_set_client */;
/*!40101 SET character_set_client = utf8 */;
CREATE TABLE `THRESHOLD` (
  `division` int(11) NOT NULL,
  `botton` float DEFAULT '0',
  `top` float DEFAULT '0',
  PRIMARY KEY (`division`)
) ENGINE=InnoDB DEFAULT CHARSET=utf8;
/*!40101 SET character_set_client = @saved_cs_client */;

--
-- Dumping data for table `THRESHOLD`
--

LOCK TABLES `THRESHOLD` WRITE;
/*!40000 ALTER TABLE `THRESHOLD` DISABLE KEYS */;
INSERT INTO `THRESHOLD` VALUES (1,8.76,20),(2,4.38,8.76),(3,0,4.38);
/*!40000 ALTER TABLE `THRESHOLD` ENABLE KEYS */;
UNLOCK TABLES;

--
-- Table structure for table `VM`
--

DROP TABLE IF EXISTS `VM`;
/*!40101 SET @saved_cs_client     = @@character_set_client */;
/*!40101 SET character_set_client = utf8 */;
CREATE TABLE `VM` (
  `id` int(11) NOT NULL AUTO_INCREMENT,
  `origin_add` varchar(45) NOT NULL,
  `origin_id` varchar(45) NOT NULL,
  `origin_name` varchar(45) NOT NULL,
  `destiny_add` varchar(45) NOT NULL,
  `destiny_name` varchar(45) NOT NULL,
  `destiny_id` varchar(45) NOT NULL,
  `status` tinyint(1) NOT NULL,
  `has_resources` tinyint(1) NOT NULL,
  `vcpus` int(11) NOT NULL,
  `mem` bigint(20) NOT NULL,
  `disk` bigint(20) NOT NULL,
  `timestamp_received` timestamp NULL DEFAULT NULL,
  `timestamp_finished` timestamp NULL DEFAULT NULL,
  PRIMARY KEY (`id`)
) ENGINE=InnoDB AUTO_INCREMENT=134 DEFAULT CHARSET=utf8;
/*!40101 SET character_set_client = @saved_cs_client */;

--
-- Dumping data for table `VM`
--

LOCK TABLES `VM` WRITE;
/*!40000 ALTER TABLE `VM` DISABLE KEYS */;
INSERT INTO `VM` VALUES (1,'192.168.0.200','playerVirtual1_450512000','playerVirtual1','192.168.0.200','playerVirtual2','playerVirtual2_8f93935617',1,1,1,2048,20,'2018-02-28 01:05:33',NULL),(2,'192.168.0.200','playerVirtual2_1438244924','playerVirtual2','192.168.0.200','playerVirtual1','playerVirtual1_ad9dbfada7',3,1,1,2048,20,'2018-02-28 01:05:36','2018-02-28 02:07:27'),(3,'192.168.0.200','playerVirtual1_640692267','playerVirtual1','192.168.0.200','playerVirtual2','playerVirtual2_5595e45dd6',1,1,1,512,1,'2018-02-28 01:07:38',NULL),(4,'192.168.0.200','playerVirtual2_2381571381','playerVirtual2','192.168.0.200','playerVirtual1','playerVirtual2_2381571381',0,0,1,2048,20,'2018-02-28 01:07:39','2018-02-28 01:07:39'),(5,'192.168.0.200','playerVirtual1_5297461910','playerVirtual1','192.168.0.200','playerVirtual3','playerVirtual3_0045eb14cf',1,1,1,512,1,'2018-02-28 01:09:42',NULL),(6,'192.168.0.200','playerVirtual2_2790332778','playerVirtual2','192.168.0.200','playerVirtual3','playerVirtual3_079e8eafa2',1,1,2,4096,40,'2018-02-28 01:09:47',NULL),(7,'192.168.0.200','playerVirtual3_369721705','playerVirtual3','192.168.0.200','playerVirtual2','playerVirtual2_d46c7d3fcc',1,1,2,4096,40,'2018-02-28 01:10:45',NULL),(8,'192.168.0.200','playerVirtual1_317469422','playerVirtual1','192.168.0.200','playerVirtual2','playerVirtual2_1ae665d5b9',1,1,2,4096,40,'2018-02-28 01:11:51',NULL),(9,'192.168.0.200','playerVirtual2_6955737','playerVirtual2','192.168.0.200','playerVirtual1','playerVirtual2_6955737',0,0,1,2048,20,'2018-02-28 01:11:52','2018-02-28 01:11:52'),(10,'192.168.0.200','playerVirtual3_257338104','playerVirtual3','192.168.0.200','playerVirtual2','playerVirtual2_93b1cc0da4',1,1,2,4096,40,'2018-02-28 01:12:47',NULL),(11,'192.168.0.200','playerVirtual2_2433236783','playerVirtual2','192.168.0.200','playerVirtual3','playerVirtual2_2433236783',0,0,1,2048,20,'2018-02-28 01:14:01','2018-02-28 01:14:01'),(12,'192.168.0.200','playerVirtual3_3338579772','playerVirtual3','192.168.0.200','playerVirtual4','playerVirtual4_405b025e20',3,1,1,2048,20,'2018-02-28 01:15:00','2018-02-28 02:05:33'),(13,'192.168.0.200','playerVirtual2_2359368952','playerVirtual2','192.168.0.200','playerVirtual0','playerVirtual0_698e313154',2,1,1,512,1,'2018-02-28 01:16:17','2018-02-28 01:16:25'),(14,'192.168.0.200','playerVirtual3_16917741','playerVirtual3','192.168.0.200','playerVirtual4','playerVirtual4_d6807d6814',1,1,1,512,1,'2018-02-28 01:17:14',NULL),(15,'192.168.0.200','playerVirtual4_2545640208','playerVirtual4','192.168.0.200','playerVirtual0','playerVirtual0_25e7547c52',2,1,1,2048,20,'2018-02-28 01:18:06','2018-02-28 01:18:26'),(16,'192.168.0.200','playerVirtual0_908315','playerVirtual0','192.168.0.200','playerVirtual4','playerVirtual4_9abb633fc3',1,1,1,2048,20,'2018-02-28 01:18:16',NULL),(17,'192.168.0.200','playerVirtual2_539194189','playerVirtual2','192.168.0.200','playerVirtual0','playerVirtual2_539194189',0,1,1,2048,20,'2018-02-28 01:18:47','2018-02-28 01:18:47'),(18,'192.168.0.200','playerVirtual3_4820204870','playerVirtual3','192.168.0.200','playerVirtual5','playerVirtual5_412ff6b160',3,1,2,4096,40,'2018-02-28 01:20:28','2018-02-28 01:48:50'),(19,'192.168.0.200','playerVirtual4_8058564','playerVirtual4','192.168.0.200','playerVirtual0','playerVirtual4_8058564',0,1,1,2048,20,'2018-02-28 01:22:00','2018-02-28 01:22:00'),(20,'192.168.0.200','playerVirtual0_1429160667','playerVirtual0','192.168.0.200','playerVirtual4','playerVirtual4_cbb7f8c689',1,1,1,2048,20,'2018-02-28 01:22:17',NULL),(21,'192.168.0.200','playerVirtual2_82730999','playerVirtual2','192.168.0.200','playerVirtual5','playerVirtual5_baff1644ed',1,1,1,512,1,'2018-02-28 01:22:40',NULL),(22,'192.168.0.200','playerVirtual5_3338010893','playerVirtual5','192.168.0.200','playerVirtual0','playerVirtual5_3338010893',0,1,1,512,1,'2018-02-28 01:22:54','2018-02-28 01:22:54'),(23,'192.168.0.200','playerVirtual3_351652724','playerVirtual3','192.168.0.200','playerVirtual4','playerVirtual4_24bbdd4e9a',1,1,1,2048,20,'2018-02-28 01:23:39',NULL),(24,'192.168.0.200','playerVirtual4_6571218','playerVirtual4','192.168.0.200','playerVirtual6','playerVirtual6_5fcc50aced',1,1,1,2048,20,'2018-02-28 01:24:31',NULL),(25,'192.168.0.200','playerVirtual5_1339662','playerVirtual5','192.168.0.200','playerVirtual4','playerVirtual4_1c07289ab6',1,1,1,2048,20,'2018-02-28 01:25:08',NULL),(26,'192.168.0.200','playerVirtual2_1436344784','playerVirtual2','192.168.0.200','playerVirtual5','playerVirtual5_f6b330911a',3,1,1,2048,20,'2018-02-28 01:25:18','2018-02-28 02:25:05'),(27,'192.168.0.200','playerVirtual3_284794223','playerVirtual3','192.168.0.200','playerVirtual1420','playerVirtual1420_075cb1252d',2,1,1,2048,20,'2018-02-28 01:27:00','2018-02-28 01:27:34'),(28,'192.168.0.200','playerVirtual4_359920779','playerVirtual4','192.168.0.200','playerVirtual6','playerVirtual6_9409d8e42a',3,1,1,512,1,'2018-02-28 01:28:35','2018-02-28 02:42:26'),(29,'192.168.0.200','playerVirtual2_2904109077','playerVirtual2','192.168.0.200','playerVirtual4','playerVirtual4_55964fd39f',1,1,1,512,1,'2018-02-28 01:29:14',NULL),(30,'192.168.0.200','playerVirtual5_904011','playerVirtual5','192.168.0.200','playerVirtual1420','playerVirtual1420_480ffdcabe',2,1,1,2048,20,'2018-02-28 01:29:27','2018-02-28 01:29:37'),(31,'192.168.0.200','playerVirtual6_1093460','playerVirtual6','192.168.0.200','playerVirtual7','playerVirtual7_a91d630b15',1,1,1,512,1,'2018-02-28 01:30:05',NULL),(32,'192.168.0.200','playerVirtual3_905614','playerVirtual3','192.168.0.200','playerVirtual5','playerVirtual5_217aece6cc',1,1,1,2048,20,'2018-02-28 01:30:13',NULL),(33,'192.168.0.200','playerVirtual1420_257338074','playerVirtual1420','192.168.0.200','playerVirtual6','playerVirtual6_22c47190f9',1,1,2,4096,40,'2018-02-28 01:30:21',NULL),(34,'192.168.0.200','playerVirtual4_470485660','playerVirtual4','192.168.0.200','playerVirtual1420','playerVirtual4_470485660',0,1,2,4096,40,'2018-02-28 01:31:08','2018-02-28 01:31:08'),(35,'192.168.0.200','playerVirtual5_5792765','playerVirtual5','192.168.0.200','playerVirtual4','playerVirtual4_46d27ac44e',1,1,1,512,1,'2018-02-28 01:31:49',NULL),(36,'192.168.0.200','playerVirtual2_30788568','playerVirtual2','192.168.0.200','playerVirtual5','playerVirtual5_edb3ba7108',1,1,1,512,1,'2018-02-28 01:31:58',NULL),(37,'192.168.0.200','playerVirtual1420_4820318661','playerVirtual1420','192.168.0.200','playerVirtual6','playerVirtual6_3efc44ecba',1,1,2,4096,40,'2018-02-28 01:32:43',NULL),(38,'192.168.0.200','playerVirtual3_400453824','playerVirtual3','192.168.0.200','playerVirtual4','playerVirtual4_15daf72304',1,1,1,512,1,'2018-02-28 01:33:48',NULL),(39,'192.168.0.200','playerVirtual6_38671842','playerVirtual6','192.168.0.200','playerVirtual8','playerVirtual8_c35f57dfe0',1,1,1,512,1,'2018-02-28 01:34:51',NULL),(40,'192.168.0.200','playerVirtual4_4819935267','playerVirtual4','192.168.0.200','playerVirtual8','playerVirtual8_cf8f73f578',1,1,2,4096,40,'2018-02-28 01:35:30',NULL),(41,'192.168.0.200','playerVirtual2_6264344062','playerVirtual2','192.168.0.200','playerVirtual6','playerVirtual6_255ee067bb',3,1,1,512,1,'2018-02-28 01:36:14','2018-02-28 02:19:09'),(42,'192.168.0.200','playerVirtual5_4820217293','playerVirtual5','192.168.0.200','playerVirtual2','playerVirtual2_a6e6f3417d',1,1,2,4096,40,'2018-02-28 01:36:27',NULL),(43,'192.168.0.200','playerVirtual6_2148750930','playerVirtual6','192.168.0.200','playerVirtual8','playerVirtual8_f440a72d4c',1,1,1,2048,20,'2018-02-28 01:38:38',NULL),(44,'192.168.0.200','playerVirtual3_1095593','playerVirtual3','192.168.0.200','playerVirtual8','playerVirtual8_b74459b856',3,1,1,512,1,'2018-02-28 01:38:41','2018-02-28 02:17:42'),(45,'192.168.0.200','playerVirtual4_563574327','playerVirtual4','192.168.0.200','playerVirtual9','playerVirtual9_a138444a19',1,1,1,2048,20,'2018-02-28 01:39:44',NULL),(46,'192.168.0.200','playerVirtual8_227443932','playerVirtual8','192.168.0.200','playerVirtual1543','playerVirtual1543_3232ff86ad',2,1,1,2048,20,'2018-02-28 01:40:01','2018-02-28 01:40:56'),(47,'192.168.0.200','playerVirtual5_16915963','playerVirtual5','192.168.0.200','playerVirtual6','playerVirtual6_3311328115',1,1,1,2048,20,'2018-02-28 01:40:31',NULL),(48,'192.168.0.200','playerVirtual3_6274355716','playerVirtual3','192.168.0.200','playerVirtual8','playerVirtual8_cbafca0511',3,1,1,512,1,'2018-02-28 01:42:39','2018-02-28 02:26:47'),(49,'192.168.0.200','playerVirtual6_272887063','playerVirtual6','192.168.0.200','playerVirtual9','playerVirtual9_530b68ddb1',3,1,1,2048,20,'2018-02-28 01:43:39','2018-02-28 01:54:39'),(50,'192.168.0.200','playerVirtual8_4820204870','playerVirtual8','192.168.0.200','playerVirtual1543','playerVirtual1543_a3f34e970f',2,1,2,4096,40,'2018-02-28 01:43:43','2018-02-28 01:44:02'),(51,'192.168.0.200','playerVirtual2_38676294','playerVirtual2','192.168.0.200','playerVirtual6','playerVirtual6_70f5649bba',1,1,1,512,1,'2018-02-28 01:44:06',NULL),(52,'192.168.0.200','playerVirtual9_5623125514','playerVirtual9','192.168.0.200','playerVirtual10','playerVirtual10_fca242b879',1,1,1,2048,20,'2018-02-28 01:45:17',NULL),(53,'192.168.0.200','playerVirtual1543_284757920','playerVirtual1543','192.168.0.200','playerVirtual10','playerVirtual10_af25a66276',1,1,1,2048,20,'2018-02-28 01:45:19',NULL),(54,'192.168.0.200','playerVirtual4_182859403','playerVirtual4','192.168.0.200','playerVirtual8','playerVirtual8_7a2de9ab09',3,1,1,512,1,'2018-02-28 01:45:24','2018-02-28 02:18:26'),(55,'192.168.0.200','playerVirtual5_990694203','playerVirtual5','192.168.0.200','playerVirtual1543','playerVirtual5_990694203',0,1,1,2048,20,'2018-02-28 01:46:53','2018-02-28 01:46:53'),(56,'192.168.0.200','playerVirtual6_6280643141','playerVirtual6','192.168.0.200','playerVirtual5','playerVirtual5_f2fd13cb10',1,1,1,512,1,'2018-02-28 01:49:22',NULL),(57,'192.168.0.200','playerVirtual9_6282149131','playerVirtual9','192.168.0.200','playerVirtual11','playerVirtual11_03471fa6bc',1,1,1,512,1,'2018-02-28 01:49:35',NULL),(58,'192.168.0.200','playerVirtual2_272887063','playerVirtual2','192.168.0.200','playerVirtual10','playerVirtual10_1fa0883904',3,1,1,2048,20,'2018-02-28 01:50:14','2018-02-28 03:28:33'),(59,'192.168.0.200','playerVirtual8_4476462938','playerVirtual8','192.168.0.200','playerVirtual11','playerVirtual11_7b61c1d459',1,1,1,2048,20,'2018-02-28 01:50:55',NULL),(60,'192.168.0.200','playerVirtual10_6280638724','playerVirtual10','192.168.0.200','playerVirtual1931','playerVirtual1931_de4db2bbb6',2,1,1,512,1,'2018-02-28 01:52:21','2018-02-28 01:53:23'),(61,'192.168.0.200','playerVirtual3_1436323714','playerVirtual3','192.168.0.200','playerVirtual10','playerVirtual10_8a3fe63d4b',1,1,1,2048,20,'2018-02-28 01:52:54',NULL),(62,'192.168.0.200','playerVirtual8_6285257156','playerVirtual8','192.168.0.200','playerVirtual12','playerVirtual12_b826516509',1,1,1,512,1,'2018-02-28 01:55:35',NULL),(63,'192.168.0.200','playerVirtual2_182859403','playerVirtual2','192.168.0.200','playerVirtual9','playerVirtual9_134e3a61b0',3,1,1,512,1,'2018-02-28 01:55:49','2018-02-28 02:34:26'),(64,'192.168.0.200','playerVirtual4_214880781','playerVirtual4','192.168.0.200','playerVirtual8','playerVirtual8_52e9f67178',1,1,1,2048,20,'2018-02-28 01:55:50',NULL),(65,'192.168.0.200','playerVirtual10_6955737','playerVirtual10','192.168.0.200','playerVirtual11','playerVirtual11_b2eea0ccd2',1,1,1,2048,20,'2018-02-28 01:56:04',NULL),(66,'192.168.0.200','playerVirtual9_1094955','playerVirtual9','192.168.0.200','playerVirtual1931','playerVirtual1931_85b1010b2c',2,1,1,512,1,'2018-02-28 01:56:45','2018-02-28 01:57:34'),(67,'192.168.0.200','playerVirtual5_16914091','playerVirtual5','192.168.0.200','playerVirtual10','playerVirtual10_2de23cd680',1,1,1,2048,20,'2018-02-28 01:57:23',NULL),(68,'192.168.0.200','playerVirtual11_682797','playerVirtual11','192.168.0.200','playerVirtual12','playerVirtual12_a26374fc2c',1,1,1,2048,20,'2018-02-28 01:57:54',NULL),(69,'192.168.0.200','playerVirtual3_1438244924','playerVirtual3','192.168.0.200','playerVirtual13','playerVirtual13_56b0e63c2a',3,1,1,2048,20,'2018-02-28 02:00:28','2018-02-28 02:12:56'),(70,'192.168.0.200','playerVirtual6_2381571381','playerVirtual6','192.168.0.200','playerVirtual8','playerVirtual8_b545d7dcf2',1,1,1,2048,20,'2018-02-28 02:01:10',NULL),(71,'192.168.0.200','playerVirtual4_6289355687','playerVirtual4','192.168.0.200','playerVirtual10','playerVirtual10_7dc84f95c4',1,1,1,512,1,'2018-02-28 02:02:16',NULL),(72,'192.168.0.200','playerVirtual11_794070039','playerVirtual11','192.168.0.200','playerVirtual12','playerVirtual12_12e1b983b3',1,1,1,512,1,'2018-02-28 02:02:27',NULL),(73,'192.168.0.200','playerVirtual9_6289704471','playerVirtual9','192.168.0.200','playerVirtual1375','playerVirtual1375_48256c18fd',2,1,1,512,1,'2018-02-28 02:03:06','2018-02-28 02:03:53'),(74,'192.168.0.200','playerVirtual5_1436344784','playerVirtual5','192.168.0.200','playerVirtual13','playerVirtual13_8e76ab2e11',3,1,1,2048,20,'2018-02-28 02:03:49','2018-02-28 03:03:23'),(75,'192.168.0.200','playerVirtual8_2378747961','playerVirtual8','192.168.0.200','playerVirtual10','playerVirtual10_f5d6a6c9ff',3,1,1,512,1,'2018-02-28 02:03:53','2018-02-28 02:09:54'),(76,'192.168.0.200','playerVirtual12_3338579772','playerVirtual12','192.168.0.200','playerVirtual1375','playerVirtual1375_cfeab25039',2,1,1,2048,20,'2018-02-28 02:04:15','2018-02-28 02:04:55'),(77,'192.168.0.200','playerVirtual10_1438244924','playerVirtual10','192.168.0.200','playerVirtual14','playerVirtual14_b99e087072',1,1,1,2048,20,'2018-02-28 02:05:45',NULL),(78,'192.168.0.200','playerVirtual6_6296268057','playerVirtual6','192.168.0.200','playerVirtual15','playerVirtual15_fe652ceb81',1,1,1,512,1,'2018-02-28 02:09:34',NULL),(79,'192.168.0.200','playerVirtual13_990694203','playerVirtual13','192.168.0.200','playerVirtual10','playerVirtual10_5f8f4e18b6',3,1,1,2048,20,'2018-02-28 02:11:13','2018-02-28 02:13:11'),(80,'192.168.0.200','playerVirtual4_182859403','playerVirtual4','192.168.0.200','playerVirtual8','playerVirtual8_869d9f0006',3,1,1,512,1,'2018-02-28 02:13:01','2018-02-28 02:18:26'),(81,'192.168.0.200','playerVirtual12_1095593','playerVirtual12','192.168.0.200','playerVirtual13','playerVirtual13_4473b96cbe',3,1,1,512,1,'2018-02-28 02:13:49','2018-02-28 02:24:42'),(82,'192.168.0.200','playerVirtual9_6301942525','playerVirtual9','192.168.0.200','playerVirtual16','playerVirtual16_2c7b78eed5',1,1,1,512,1,'2018-02-28 02:15:05',NULL),(83,'192.168.0.200','playerVirtual1375_6296865278','playerVirtual1375','192.168.0.200','playerVirtual14','playerVirtual14_813cd8ada7',1,1,1,512,1,'2018-02-28 02:15:38',NULL),(84,'192.168.0.200','playerVirtual11_6264344062','playerVirtual11','192.168.0.200','playerVirtual1375','playerVirtual11_6264344062',0,1,1,2048,20,'2018-02-28 02:15:42','2018-02-28 02:15:42'),(85,'192.168.0.200','playerVirtual10_6274355716','playerVirtual10','192.168.0.200','playerVirtual15','playerVirtual15_8ea9420c30',1,1,1,512,1,'2018-02-28 02:16:50',NULL),(86,'192.168.0.200','playerVirtual5_6289704471','playerVirtual5','192.168.0.200','playerVirtual4','playerVirtual4_9a261e5b85',3,1,1,2048,20,'2018-02-28 02:17:32','2018-02-28 02:37:38'),(87,'192.168.0.200','playerVirtual14_5297461910','playerVirtual14','192.168.0.200','playerVirtual17','playerVirtual17_8201035518',1,1,1,512,1,'2018-02-28 02:20:42',NULL),(88,'192.168.0.200','playerVirtual6_539194189','playerVirtual6','192.168.0.200','playerVirtual10','playerVirtual10_6aea34d36c',1,1,1,2048,20,'2018-02-28 02:22:10',NULL),(89,'192.168.0.200','playerVirtual8_908315','playerVirtual8','192.168.0.200','playerVirtual6','playerVirtual6_bbf32e149a',1,1,1,2048,20,'2018-02-28 02:23:41',NULL),(90,'192.168.0.200','playerVirtual11_4246147567','playerVirtual11','192.168.0.200','playerVirtual18','playerVirtual18_79eb064387',3,1,2,4096,40,'2018-02-28 02:25:36','2018-02-28 02:38:50'),(91,'192.168.0.200','playerVirtual14_4246147567','playerVirtual14','192.168.0.200','playerVirtual1692','playerVirtual1692_9bbf612ba0',2,1,2,4096,40,'2018-02-28 02:27:23','2018-02-28 02:28:04'),(92,'192.168.0.200','playerVirtual15_182859403','playerVirtual15','192.168.0.200','playerVirtual13','playerVirtual13_dbf8bf778f',1,1,1,512,1,'2018-02-28 02:27:24',NULL),(93,'192.168.0.200','playerVirtual10_4246147567','playerVirtual10','192.168.0.200','playerVirtual16','playerVirtual16_60e75ab9e0',3,1,2,4096,40,'2018-02-28 02:29:08','2018-02-28 03:04:24'),(94,'192.168.0.200','playerVirtual13_4246147567','playerVirtual13','192.168.0.200','playerVirtual19','playerVirtual19_30c0a9b091',3,1,2,4096,40,'2018-02-28 02:32:41','2018-02-28 03:25:30'),(95,'192.168.0.200','playerVirtual8_4246147567','playerVirtual8','192.168.0.200','playerVirtual5','playerVirtual5_78b1a00063',3,1,2,4096,40,'2018-02-28 02:32:55','2018-02-28 03:28:32'),(96,'192.168.0.200','playerVirtual15_4246147567','playerVirtual15','192.168.0.200','playerVirtual14','playerVirtual14_a7eca28888',3,1,2,4096,40,'2018-02-28 02:33:24','2018-02-28 03:19:00'),(97,'192.168.0.200','playerVirtual6_6316827871','playerVirtual6','192.168.0.200','playerVirtual8','playerVirtual8_28e1598f4c',1,1,1,512,1,'2018-02-28 02:33:30',NULL),(98,'192.168.0.200','playerVirtual16_6289704471','playerVirtual16','192.168.0.200','playerVirtual9','playerVirtual9_e661f34e2b',1,1,1,2048,20,'2018-02-28 02:34:27',NULL),(99,'192.168.0.200','playerVirtual4_6315250734','playerVirtual4','192.168.0.200','playerVirtual15','playerVirtual15_de62c73d46',1,1,1,512,1,'2018-02-28 02:34:28',NULL),(100,'192.168.0.200','playerVirtual12_990694203','playerVirtual12','192.168.0.200','playerVirtual10','playerVirtual10_f91126aa82',3,1,1,2048,20,'2018-02-28 02:37:12','2018-02-28 02:48:12'),(101,'192.168.0.200','playerVirtual9_2378747961','playerVirtual9','192.168.0.200','playerVirtual18','playerVirtual18_9d0bf350d3',1,1,1,512,1,'2018-02-28 02:38:01',NULL),(102,'192.168.0.200','playerVirtual16_4246147567','playerVirtual16','192.168.0.200','playerVirtual13','playerVirtual13_d0abab45b6',3,1,2,4096,40,'2018-02-28 02:39:12','2018-02-28 03:00:02'),(103,'192.168.0.200','playerVirtual3_4246147567','playerVirtual3','192.168.0.200','playerVirtual16','playerVirtual16_fbdb657f84',3,1,2,4096,40,'2018-02-28 02:40:21','2018-02-28 03:16:53'),(104,'192.168.0.200','playerVirtual18_5068098508','playerVirtual18','192.168.0.200','playerVirtual19','playerVirtual19_fcfcf8d5d8',3,1,1,2048,20,'2018-02-28 02:45:30','2018-02-28 02:50:19'),(105,'192.168.0.200','playerVirtual6_1095593','playerVirtual6','192.168.0.200','playerVirtual4','playerVirtual4_4954f2b203',1,1,1,512,1,'2018-02-28 02:46:37',NULL),(106,'192.168.0.200','playerVirtual9_4246147567','playerVirtual9','192.168.0.200','playerVirtual14','playerVirtual14_c9fd497b7f',3,1,2,4096,40,'2018-02-28 02:47:30','2018-02-28 03:04:08'),(107,'192.168.0.200','playerVirtual5_359920779','playerVirtual5','192.168.0.200','playerVirtual6','playerVirtual6_1a3418a66e',1,1,1,512,1,'2018-02-28 02:47:33',NULL),(108,'192.168.0.200','playerVirtual11_4246147567','playerVirtual11','192.168.0.200','playerVirtual1792','playerVirtual1792_6db5ee691c',2,1,2,4096,40,'2018-02-28 02:50:24','2018-02-28 02:51:22'),(109,'192.168.0.200','playerVirtual19_4246147567','playerVirtual19','192.168.0.200','playerVirtual15','playerVirtual15_991596681a',3,1,2,4096,40,'2018-02-28 02:51:43','2018-02-28 03:20:38'),(110,'192.168.0.200','playerVirtual14_4246147567','playerVirtual14','192.168.0.200','playerVirtual5','playerVirtual5_77c40d2144',1,1,2,4096,40,'2018-02-28 02:53:30',NULL),(111,'192.168.0.200','playerVirtual10_4246147567','playerVirtual10','192.168.0.200','playerVirtual18','playerVirtual18_42be7f022f',3,1,2,4096,40,'2018-02-28 02:54:19','2018-02-28 03:04:24'),(112,'192.168.0.200','playerVirtual13_6322213339','playerVirtual13','192.168.0.200','playerVirtual10','playerVirtual10_a114f929b7',1,1,1,512,1,'2018-02-28 02:57:11',NULL),(113,'192.168.0.200','playerVirtual2_4246147567','playerVirtual2','192.168.0.200','playerVirtual8','playerVirtual8_bfcd1e2a68',3,1,2,4096,40,'2018-02-28 02:59:10','2018-02-28 03:09:38'),(114,'192.168.0.200','playerVirtual8_6335261139','playerVirtual8','192.168.0.200','playerVirtual2','playerVirtual2_c0c8e79616',1,1,1,512,1,'2018-02-28 02:59:39',NULL),(115,'192.168.0.200','playerVirtual6_4246147567','playerVirtual6','192.168.0.200','playerVirtual13','playerVirtual13_4ded379820',3,1,2,4096,40,'2018-02-28 03:00:02','2018-02-28 03:14:08'),(116,'192.168.0.200','playerVirtual4_4246147567','playerVirtual4','192.168.0.200','playerVirtual16','playerVirtual16_b36faf6ac8',3,1,2,4096,40,'2018-02-28 03:00:08','2018-02-28 03:08:06'),(117,'192.168.0.200','playerVirtual15_4246147567','playerVirtual15','192.168.0.200','playerVirtual19','playerVirtual19_fcb97001bc',3,1,2,4096,40,'2018-02-28 03:01:04','2018-02-28 03:19:00'),(118,'192.168.0.200','playerVirtual13_4246147567','playerVirtual13','192.168.0.200','playerVirtual14','playerVirtual14_a5d88f3aa1',3,1,2,4096,40,'2018-02-28 03:03:03','2018-02-28 03:25:30'),(119,'192.168.0.200','playerVirtual12_4246147567','playerVirtual12','192.168.0.200','playerVirtual19','playerVirtual19_3a13433532',3,1,2,4096,40,'2018-02-28 03:03:56','2018-02-28 03:14:50'),(120,'192.168.0.200','playerVirtual3_4246147567','playerVirtual3','192.168.0.200','playerVirtual19','playerVirtual19_e990b6b8fd',3,1,2,4096,40,'2018-02-28 03:07:46','2018-02-28 03:16:53'),(121,'192.168.0.200','playerVirtual16_6344084916','playerVirtual16','192.168.0.200','playerVirtual15','playerVirtual15_603cfca5f6',1,1,1,512,1,'2018-02-28 03:07:48',NULL),(122,'192.168.0.200','playerVirtual18_4246147567','playerVirtual18','192.168.0.200','playerVirtual13','playerVirtual13_ac72c2368e',3,1,2,4096,40,'2018-02-28 03:12:41','2018-02-28 03:17:24'),(123,'192.168.0.200','playerVirtual8_4246147567','playerVirtual8','192.168.0.200','playerVirtual18','playerVirtual18_4512546ded',3,1,2,4096,40,'2018-02-28 03:16:30','2018-02-28 03:28:32'),(124,'192.168.0.200','playerVirtual5_4246147567','playerVirtual5','192.168.0.200','playerVirtual8','playerVirtual8_10ff3e63fb',3,1,2,4096,40,'2018-02-28 03:16:34','2018-02-28 03:32:24'),(125,'192.168.0.200','playerVirtual9_4246147567','playerVirtual9','192.168.0.200','playerVirtual3','playerVirtual9_4246147567',0,0,2,4096,40,'2018-02-28 03:16:49','2018-02-28 03:16:49'),(126,'192.168.0.200','playerVirtual11_990694203','playerVirtual11','192.168.0.200','playerVirtual1562','playerVirtual1562_16761bd52d',2,1,1,2048,20,'2018-02-28 03:18:11','2018-02-28 03:18:59'),(127,'192.168.0.200','playerVirtual19_4246147567','playerVirtual19','192.168.0.200','playerVirtual16','playerVirtual16_af5b4ff5b3',3,1,2,4096,40,'2018-02-28 03:19:37','2018-02-28 03:20:38'),(128,'192.168.0.200','playerVirtual10_272887063','playerVirtual10','192.168.0.200','playerVirtual1562','playerVirtual1562_32e4889a80',2,1,1,2048,20,'2018-02-28 03:22:40','2018-02-28 03:23:13'),(129,'192.168.0.200','playerVirtual4_4246147567','playerVirtual4','192.168.0.200','playerVirtual10','playerVirtual10_daf36dbc1b',1,1,2,4096,40,'2018-02-28 03:30:01',NULL),(130,'192.168.0.200','playerVirtual16_6566788','playerVirtual16','192.168.0.200','playerVirtual2','playerVirtual2_aed6d0a66e',1,1,1,2048,20,'2018-02-28 03:30:07',NULL),(131,'192.168.0.200','playerVirtual6_82730999','playerVirtual6','192.168.0.200','playerVirtual14','playerVirtual14_90ec116e0c',1,1,1,512,1,'2018-02-28 03:30:18',NULL),(132,'192.168.0.200','playerVirtual15_16917741','playerVirtual15','192.168.0.200','playerVirtual19','playerVirtual19_18aa6faf4a',1,1,1,512,1,'2018-02-28 03:30:54',NULL),(133,'192.168.0.200','playerVirtual13_5297461910','playerVirtual13','192.168.0.200','playerVirtual15','playerVirtual15_94980b4669',1,1,1,512,1,'2018-02-28 03:32:58',NULL);
/*!40000 ALTER TABLE `VM` ENABLE KEYS */;
UNLOCK TABLES;
/*!40103 SET TIME_ZONE=@OLD_TIME_ZONE */;

/*!40101 SET SQL_MODE=@OLD_SQL_MODE */;
/*!40014 SET FOREIGN_KEY_CHECKS=@OLD_FOREIGN_KEY_CHECKS */;
/*!40014 SET UNIQUE_CHECKS=@OLD_UNIQUE_CHECKS */;
/*!40101 SET CHARACTER_SET_CLIENT=@OLD_CHARACTER_SET_CLIENT */;
/*!40101 SET CHARACTER_SET_RESULTS=@OLD_CHARACTER_SET_RESULTS */;
/*!40101 SET COLLATION_CONNECTION=@OLD_COLLATION_CONNECTION */;
/*!40111 SET SQL_NOTES=@OLD_SQL_NOTES */;

-- Dump completed on 2018-02-28  0:33:27
