-- MySQL dump 10.14  Distrib 5.5.58-MariaDB, for debian-linux-gnu (x86_64)
--
-- Host: localhost    Database: mct
-- ------------------------------------------------------
-- Server version	5.5.58-MariaDB-1ubuntu0.14.04.1

/*!40101 SET @OLD_CHARACTER_SET_CLIENT=@@CHARACTER_SET_CLIENT */;
/*!40101 SET @OLD_CHARACTER_SET_RESULTS=@@CHARACTER_SET_RESULTS */;
/*!40101 SET @OLD_COLLATION_CONNECTION=@@COLLATION_CONNECTION */;
/*!40101 SET NAMES utf8 */;
/*!40103 SET @OLD_TIME_ZONE=@@TIME_ZONE */;
/*!40103 SET TIME_ZONE='+00:00' */;
/*!40014 SET @OLD_UNIQUE_CHECKS=@@UNIQUE_CHECKS, UNIQUE_CHECKS=0 */;
/*!40014 SET @OLD_FOREIGN_KEY_CHECKS=@@FOREIGN_KEY_CHECKS, FOREIGN_KEY_CHECKS=0 */;
/*!40101 SET @OLD_SQL_MODE=@@SQL_MODE, SQL_MODE='NO_AUTO_VALUE_ON_ZERO' */;
/*!40111 SET @OLD_SQL_NOTES=@@SQL_NOTES, SQL_NOTES=0 */;

--
-- Table structure for table `FIELDS`
--

DROP TABLE IF EXISTS `FIELDS`;
/*!40101 SET @saved_cs_client     = @@character_set_client */;
/*!40101 SET character_set_client = utf8 */;
CREATE TABLE `FIELDS` (
  `operation` int(11) NOT NULL,
  `fields` varchar(45) NOT NULL,
  PRIMARY KEY (`operation`)
) ENGINE=InnoDB DEFAULT CHARSET=utf8;
/*!40101 SET character_set_client = @saved_cs_client */;

--
-- Dumping data for table `FIELDS`
--

LOCK TABLES `FIELDS` WRITE;
/*!40000 ALTER TABLE `FIELDS` DISABLE KEYS */;
INSERT INTO `FIELDS` VALUES (0,'name mem image vcpus disk uuid');
/*!40000 ALTER TABLE `FIELDS` ENABLE KEYS */;
UNLOCK TABLES;

--
-- Table structure for table `PLAYER`
--

DROP TABLE IF EXISTS `PLAYER`;
/*!40101 SET @saved_cs_client     = @@character_set_client */;
/*!40101 SET character_set_client = utf8 */;
CREATE TABLE `PLAYER` (
  `id` int(11) NOT NULL AUTO_INCREMENT,
  `name` varchar(45) NOT NULL,
  `address` varchar(45) NOT NULL,
  `division` int(11) DEFAULT NULL,
  `score` float DEFAULT '0',
  `history` int(11) DEFAULT '0',
  `fairness` float DEFAULT '0',
  `accepts` int(11) DEFAULT '0',
  `rejects` int(11) DEFAULT '0',
  `running` int(11) DEFAULT '0',
  `finished` int(11) DEFAULT '0',
  `problem_del` int(11) DEFAULT '0',
  `vcpus` int(11) DEFAULT '0',
  `memory` bigint(20) DEFAULT '0',
  `local_gb` bigint(20) DEFAULT '0',
  `vcpus_used` bigint(20) DEFAULT '0',
  `memory_used` bigint(20) DEFAULT '0',
  `local_gb_used` bigint(20) DEFAULT '0',
  `max_instance` int(11) DEFAULT '0',
  `token` varchar(45) DEFAULT NULL,
  `suspend` timestamp NULL DEFAULT NULL,
  `enabled` int(11) DEFAULT '0',
  `last_choice` timestamp NOT NULL DEFAULT '2018-01-01 02:00:00',
  `playoff` tinyint(1) DEFAULT '0',
  PRIMARY KEY (`id`)
) ENGINE=InnoDB AUTO_INCREMENT=29 DEFAULT CHARSET=utf8;
/*!40101 SET character_set_client = @saved_cs_client */;

--
-- Dumping data for table `PLAYER`
--

LOCK TABLES `PLAYER` WRITE;
/*!40000 ALTER TABLE `PLAYER` DISABLE KEYS */;
INSERT INTO `PLAYER` VALUES (1,'playerVirtual1','192.168.0.200',4,-2,0,1,1,2,0,1,0,1023,1047552,10230,0,0,0,1,'09f70f0617b2a6eb94edd63a586122123e753681',NULL,0,'2018-03-04 21:02:21',1),(2,'playerVirtual2','192.168.0.200',1,11.95,29,0.625,13,0,9,4,0,1023,1047552,10230,12,21504,202,9,'dae60442ab116d4f8046b1c2bfacd36ebd6a9561',NULL,1,'2018-03-04 23:06:35',0),(3,'playerVirtual3','192.168.0.200',3,1.32,28,0.866667,2,2,2,0,0,1023,1047552,10230,3,4608,41,2,'b5b295e6404bd4394813f5948d6078782bb649e3',NULL,1,'2018-03-04 23:06:36',0),(4,'playerVirtual4','192.168.0.200',2,6.65,27,0.692308,11,0,9,2,0,1023,1047552,10230,9,12288,104,9,'37950a73010f3cedda6d28b8264432936048011c',NULL,1,'2018-03-04 22:14:08',0),(5,'playerVirtual0','192.168.0.200',4,-10,0,1,0,5,0,0,0,1023,1047552,10230,0,0,0,99,'ac2940296aa055f25a9456352f139b2ebc241c16',NULL,0,'2018-03-04 21:13:25',1),(6,'playerVirtual5','192.168.0.200',1,9.96,26,0.727273,9,0,4,5,0,1023,1047552,10230,4,3584,23,5,'5d4140b2c2323c7828d5d310070a3c76f1ee6117',NULL,1,'2018-03-04 23:13:05',0),(7,'playerVirtual6','192.168.0.200',1,11.29,25,1,10,0,6,4,0,1023,1047552,10230,8,13312,122,7,'ee5523f741c9301477167dbbe734f7afb5462ae4',NULL,1,'2018-03-04 23:20:45',0),(8,'playerVirtual1374','192.168.0.200',4,-6,0,0,0,3,0,0,0,1023,1047552,10230,0,0,0,99,'8e7f31eff9c781e367fcc3fa53d416071804cc6c',NULL,0,'2018-03-04 21:22:27',1),(9,'playerVirtual7','192.168.0.200',3,0.33,24,0,1,1,1,0,0,1023,1047552,10230,1,512,1,1,'d2b3712e5db230bd81592b260deb8597d9cb43db',NULL,1,'2018-03-04 23:06:56',0),(10,'playerVirtual8','192.168.0.200',1,9.3,23,0.875,10,0,5,5,0,1023,1047552,10230,7,11264,102,9,'7f8c5a25ac39c1ff613685e6482f6457dd13f2eb',NULL,1,'2018-03-04 23:19:54',0),(11,'playerVirtual1864','192.168.0.200',4,-4,0,0,0,2,0,0,0,1023,1047552,10230,0,0,0,99,'edc8362b539661aa6295b6493d00cb42cbfd70cc',NULL,0,'2018-03-04 21:34:10',1),(12,'playerVirtual9','192.168.0.200',3,1.33,22,0.875,2,0,2,0,0,1023,1047552,10230,2,2560,21,2,'7ae7405eee4f867bde07567cddb2acaa24aa8838',NULL,1,'2018-03-04 21:34:36',0),(13,'playerVirtual10','192.168.0.200',1,9.96,21,0.714286,9,0,3,6,0,1023,1047552,10230,4,6656,61,8,'ca195f9118660079f1532bff61bf83a012ffe87f',NULL,1,'2018-03-04 23:21:48',0),(14,'playerVirtual11','192.168.0.200',3,1.33,20,0.666667,3,0,3,0,0,1023,1047552,10230,3,4608,41,3,'a15c22150a8aef426a6c5ef1a295b3890d2c6cbb',NULL,1,'2018-03-04 21:51:40',0),(15,'playerVirtual1242','192.168.0.200',4,-4,0,0,0,2,0,0,0,1023,1047552,10230,0,0,0,99,'b3103641192d392beae6467f15ec8a174866319b',NULL,0,'2018-03-04 21:46:34',1),(16,'playerVirtual12','192.168.0.200',3,3.99,19,0.8,4,0,3,1,0,1023,1047552,10230,3,3072,22,3,'9ea284cbc5b6482c08d9b009f29b7ec096f9a012',NULL,1,'2018-03-04 22:17:57',0),(17,'playerVirtual13','192.168.0.200',2,5.97,18,0.75,8,0,5,3,0,1023,1047552,10230,6,10752,101,5,'1e605fde02227036d9799788857fb5632846a1c6',NULL,1,'2018-03-04 23:21:13',0),(18,'playerVirtual1812','192.168.0.200',4,-2,0,0,0,1,0,0,0,1023,1047552,10230,0,0,0,99,'a5b3dd1eb2da8491f337223820afd22c6ba5e939',NULL,0,'2018-03-04 21:53:00',1),(19,'playerVirtual14','192.168.0.200',2,5.98,17,0.75,6,0,5,1,0,1023,1047552,10230,5,5632,43,5,'b4e4016a1b29f57f0c965840bbcbd982892b8f58',NULL,1,'2018-03-04 23:20:27',0),(20,'playerVirtual15','192.168.0.200',2,7.3,16,1,6,0,2,4,0,1023,1047552,10230,2,2560,21,5,'8986b6e90fa774f4d1203ef06671f2dc47e4c6c8',NULL,1,'2018-03-04 23:23:23',0),(21,'playerVirtual16','192.168.0.200',2,6.64,15,0.666667,6,0,3,3,0,1023,1047552,10230,4,5120,42,3,'3a1bd6ea50385e0a6e8375ed2fa747e8587fd2db',NULL,1,'2018-03-04 23:20:51',0),(22,'playerVirtual1738','192.168.0.200',4,-2,0,0,0,1,0,0,0,1023,1047552,10230,0,0,0,99,'78679de4a2a5b31279216cc4b69a674327fe3c6e',NULL,0,'2018-03-04 22:11:09',1),(23,'playerVirtual17','192.168.0.200',3,0,14,0,1,0,1,0,0,1023,1047552,10230,1,2048,20,1,'c44ca7017eb1d498deb8e09f53a2aad03eb2166b',NULL,1,'2018-03-04 22:12:40',0),(24,'playerVirtual18','192.168.0.200',2,7.96,13,0,4,0,0,4,0,1023,1047552,10230,0,0,0,3,'dfc2d871c8f80d3f58d417a966cdc69b90197d8d',NULL,1,'2018-03-04 23:09:51',0),(25,'playerVirtual19','192.168.0.200',2,4.65,12,0.5,4,0,3,1,0,1023,1047552,10230,3,3072,22,7,'ed0b73acaeea5ac6a5a3a52ea59b12e0c1ac93ba',NULL,1,'2018-03-04 23:13:27',0),(26,'playerVirtual1014','192.168.0.200',4,-2,0,0,0,1,0,0,0,1023,1047552,10230,0,0,0,99,'7726ae4686ef36a6a6db0f84e527463f022d11df',NULL,0,'2018-03-04 22:30:38',1),(27,'playerVirtual1173','192.168.0.200',4,-2,0,0,0,1,0,0,0,1023,1047552,10230,0,0,0,99,'181339e3b38a6543de48578340680e060f8f3a4e',NULL,0,'2018-03-04 22:56:35',1),(28,'playerVirtual1384','192.168.0.200',3,0,0,0,0,0,0,0,0,0,0,0,0,0,0,0,'c25b774936e7aa5bf97dac79f500dc971d4431a8',NULL,1,'2018-01-01 02:00:00',0);
/*!40000 ALTER TABLE `PLAYER` ENABLE KEYS */;
UNLOCK TABLES;

--
-- Table structure for table `REQUEST`
--

DROP TABLE IF EXISTS `REQUEST`;
/*!40101 SET @saved_cs_client     = @@character_set_client */;
/*!40101 SET character_set_client = utf8 */;
CREATE TABLE `REQUEST` (
  `id` int(11) NOT NULL AUTO_INCREMENT,
  `player_id` varchar(45) NOT NULL,
  `request_id` varchar(45) NOT NULL,
  `action` int(11) NOT NULL,
  `timestamp_received` timestamp NULL DEFAULT NULL,
  `timestamp_finished` timestamp NULL DEFAULT NULL,
  `status` int(11) NOT NULL,
  PRIMARY KEY (`id`)
) ENGINE=InnoDB AUTO_INCREMENT=601 DEFAULT CHARSET=utf8;
/*!40101 SET character_set_client = @saved_cs_client */;

--
-- Dumping data for table `REQUEST`
--

LOCK TABLES `REQUEST` WRITE;
/*!40000 ALTER TABLE `REQUEST` DISABLE KEYS */;
INSERT INTO `REQUEST` VALUES (1,'playerVirtual1','playerVirtual1_7dfdfcabde',4,'2018-03-04 20:55:01',NULL,0),(2,'playerVirtual2','playerVirtual2_82e8375005',4,'2018-03-04 20:55:01',NULL,0),(3,'playerVirtual1','playerVirtual1_450512000',0,'2018-03-04 20:56:02',NULL,0),(4,'playerVirtual1','playerVirtual1_450512000',0,'2018-03-04 20:56:02',NULL,0),(5,'playerVirtual2','playerVirtual2_1438244924',0,'2018-03-04 20:56:04',NULL,0),(6,'playerVirtual2','playerVirtual2_1438244924',0,'2018-03-04 20:56:04',NULL,0),(7,'playerVirtual1','playerVirtual1_2ac52eb9b0',3,'2018-03-04 20:57:02',NULL,0),(8,'playerVirtual2','playerVirtual2_3ffe85f2fe',3,'2018-03-04 20:57:04',NULL,0),(9,'playerVirtual1','playerVirtual1_640692267',0,'2018-03-04 20:58:07',NULL,0),(10,'playerVirtual1','playerVirtual1_640692267',0,'2018-03-04 20:58:08',NULL,0),(11,'playerVirtual2','playerVirtual2_2381571381',0,'2018-03-04 20:58:08',NULL,0),(12,'playerVirtual2','playerVirtual2_2381571381',0,'2018-03-04 20:58:09',NULL,0),(13,'playerVirtual1','playerVirtual1_3b704b892c',4,'2018-03-04 20:59:07',NULL,0),(14,'playerVirtual2','playerVirtual2_0b79a0dad5',4,'2018-03-04 20:59:09',NULL,0),(15,'playerVirtual3','playerVirtual3_33dda0bb48',4,'2018-03-04 21:00:04',NULL,0),(16,'playerVirtual1','playerVirtual1_5297461910',0,'2018-03-04 21:00:11',NULL,0),(17,'playerVirtual1','playerVirtual1_5297461910',0,'2018-03-04 21:00:11',NULL,0),(18,'playerVirtual2','playerVirtual2_2790332778',0,'2018-03-04 21:00:16',NULL,0),(19,'playerVirtual2','playerVirtual2_2790332778',0,'2018-03-04 21:00:16',NULL,0),(20,'playerVirtual1','playerVirtual1_c64f495d72',3,'2018-03-04 21:01:11',NULL,0),(21,'playerVirtual2','playerVirtual2_39b77e0866',3,'2018-03-04 21:01:16',NULL,0),(22,'playerVirtual3','playerVirtual3_369721705',0,'2018-03-04 21:01:17',NULL,0),(23,'playerVirtual3','playerVirtual3_369721705',0,'2018-03-04 21:01:17',NULL,0),(24,'playerVirtual3','playerVirtual3_33e1455607',3,'2018-03-04 21:02:17',NULL,0),(25,'playerVirtual1','playerVirtual1_317469422',0,'2018-03-04 21:02:20',NULL,0),(26,'playerVirtual1','playerVirtual1_317469422',0,'2018-03-04 21:02:20',NULL,0),(27,'playerVirtual2','playerVirtual2_6955737',0,'2018-03-04 21:02:21',NULL,0),(28,'playerVirtual2','playerVirtual2_6955737',0,'2018-03-04 21:02:21',NULL,0),(29,'playerVirtual3','playerVirtual3_257338104',0,'2018-03-04 21:03:18',NULL,0),(30,'playerVirtual3','playerVirtual3_257338104',0,'2018-03-04 21:03:18',NULL,0),(31,'playerVirtual1','playerVirtual1_b936ffd162',4,'2018-03-04 21:03:20',NULL,0),(32,'playerVirtual2','playerVirtual2_95928bdeb3',4,'2018-03-04 21:03:21',NULL,0),(33,'playerVirtual3','playerVirtual3_603f3a34e7',4,'2018-03-04 21:04:18',NULL,0),(34,'playerVirtual2','playerVirtual2_2433236783',0,'2018-03-04 21:04:30',NULL,0),(35,'playerVirtual2','playerVirtual2_2433236783',0,'2018-03-04 21:04:30',NULL,0),(36,'playerVirtual4','playerVirtual4_04437d6c53',4,'2018-03-04 21:05:06',NULL,0),(37,'playerVirtual0','playerVirtual0_3de2de94f6',4,'2018-03-04 21:05:06',NULL,0),(38,'playerVirtual2','playerVirtual2_2c3f8a26ba',3,'2018-03-04 21:05:30',NULL,0),(39,'playerVirtual3','playerVirtual3_3338579772',0,'2018-03-04 21:05:31',NULL,0),(40,'playerVirtual3','playerVirtual3_3338579772',0,'2018-03-04 21:05:32',NULL,0),(41,'playerVirtual4','playerVirtual4_257407216',0,'2018-03-04 21:06:20',NULL,0),(42,'playerVirtual0','playerVirtual0_182859403',0,'2018-03-04 21:06:27',NULL,0),(43,'playerVirtual3','playerVirtual3_ac9d153666',3,'2018-03-04 21:06:32',NULL,0),(44,'playerVirtual2','playerVirtual2_2359368952',0,'2018-03-04 21:06:46',NULL,0),(45,'playerVirtual2','playerVirtual2_2359368952',0,'2018-03-04 21:06:46',NULL,0),(46,'playerVirtual4','playerVirtual4_301c8ad966',3,'2018-03-04 21:07:20',NULL,0),(47,'playerVirtual0','playerVirtual0_4adbfd4692',3,'2018-03-04 21:07:27',NULL,0),(48,'playerVirtual3','playerVirtual3_16917741',0,'2018-03-04 21:07:46',NULL,0),(49,'playerVirtual3','playerVirtual3_16917741',0,'2018-03-04 21:07:46',NULL,0),(50,'playerVirtual2','playerVirtual2_8f3e739d40',4,'2018-03-04 21:07:46',NULL,0),(51,'playerVirtual4','playerVirtual4_2545640208',0,'2018-03-04 21:08:42',NULL,0),(52,'playerVirtual4','playerVirtual4_2545640208',0,'2018-03-04 21:08:43',NULL,0),(53,'playerVirtual0','playerVirtual0_908315',0,'2018-03-04 21:08:43',NULL,0),(54,'playerVirtual0','playerVirtual0_908315',0,'2018-03-04 21:08:44',NULL,0),(55,'playerVirtual3','playerVirtual3_b2fa1bd297',4,'2018-03-04 21:08:46',NULL,0),(56,'playerVirtual2','playerVirtual2_539194189',0,'2018-03-04 21:09:15',NULL,0),(57,'playerVirtual2','playerVirtual2_539194189',0,'2018-03-04 21:09:16',NULL,0),(58,'playerVirtual4','playerVirtual4_4d37e996f4',4,'2018-03-04 21:09:43',NULL,0),(59,'playerVirtual0','playerVirtual0_296960690e',4,'2018-03-04 21:09:44',NULL,0),(60,'playerVirtual5','playerVirtual5_830e83ff0a',4,'2018-03-04 21:10:06',NULL,0),(61,'playerVirtual2','playerVirtual2_d9a9a15da5',3,'2018-03-04 21:10:16',NULL,0),(62,'playerVirtual3','playerVirtual3_4820204870',0,'2018-03-04 21:10:58',NULL,0),(63,'playerVirtual3','playerVirtual3_4820204870',0,'2018-03-04 21:10:59',NULL,0),(64,'playerVirtual3','playerVirtual3_82ee67064e',3,'2018-03-04 21:11:58',NULL,0),(65,'playerVirtual4','playerVirtual4_8058564',0,'2018-03-04 21:12:37',NULL,0),(66,'playerVirtual4','playerVirtual4_8058564',0,'2018-03-04 21:12:37',NULL,0),(67,'playerVirtual0','playerVirtual0_1429160667',0,'2018-03-04 21:12:45',NULL,0),(68,'playerVirtual0','playerVirtual0_1429160667',0,'2018-03-04 21:12:45',NULL,0),(69,'playerVirtual2','playerVirtual2_82730999',0,'2018-03-04 21:13:09',NULL,0),(70,'playerVirtual2','playerVirtual2_82730999',0,'2018-03-04 21:13:09',NULL,0),(71,'playerVirtual5','playerVirtual5_3338010893',0,'2018-03-04 21:13:24',NULL,0),(72,'playerVirtual5','playerVirtual5_3338010893',0,'2018-03-04 21:13:25',NULL,0),(73,'playerVirtual4','playerVirtual4_a0e201acbf',3,'2018-03-04 21:13:37',NULL,0),(74,'playerVirtual0','playerVirtual0_9e76733f8d',3,'2018-03-04 21:13:45',NULL,0),(75,'playerVirtual2','playerVirtual2_73a935a986',4,'2018-03-04 21:14:09',NULL,0),(76,'playerVirtual3','playerVirtual3_351652724',0,'2018-03-04 21:14:11',NULL,0),(77,'playerVirtual3','playerVirtual3_351652724',0,'2018-03-04 21:14:11',NULL,0),(78,'playerVirtual5','playerVirtual5_9c15d1ee80',3,'2018-03-04 21:14:25',NULL,0),(79,'playerVirtual6','playerVirtual6_42fde89d18',4,'2018-03-04 21:15:00',NULL,0),(80,'playerVirtual4','playerVirtual4_6571218',0,'2018-03-04 21:15:07',NULL,0),(81,'playerVirtual4','playerVirtual4_6571218',0,'2018-03-04 21:15:08',NULL,0),(82,'playerVirtual3','playerVirtual3_a4c0bce1aa',4,'2018-03-04 21:15:11',NULL,0),(83,'playerVirtual5','playerVirtual5_1339662',0,'2018-03-04 21:15:38',NULL,0),(84,'playerVirtual5','playerVirtual5_1339662',0,'2018-03-04 21:15:38',NULL,0),(85,'playerVirtual2','playerVirtual2_1436344784',0,'2018-03-04 21:15:46',NULL,0),(86,'playerVirtual2','playerVirtual2_1436344784',0,'2018-03-04 21:15:47',NULL,0),(87,'playerVirtual4','playerVirtual4_a4276ee45a',4,'2018-03-04 21:16:07',NULL,0),(88,'playerVirtual5','playerVirtual5_a9f9c7f8a1',4,'2018-03-04 21:16:38',NULL,0),(89,'playerVirtual2','playerVirtual2_062f08cc2c',3,'2018-03-04 21:16:46',NULL,0),(90,'playerVirtual1374','playerVirtual1374_8a605b0dda',4,'2018-03-04 21:17:16',NULL,0),(91,'playerVirtual3','playerVirtual3_284794223',0,'2018-03-04 21:17:31',NULL,0),(92,'playerVirtual3','playerVirtual3_284794223',0,'2018-03-04 21:17:31',NULL,0),(93,'playerVirtual3','playerVirtual3_9d55d7804f',3,'2018-03-04 21:18:31',NULL,0),(94,'playerVirtual6','playerVirtual6_317497342',0,'2018-03-04 21:18:33',NULL,0),(95,'playerVirtual4','playerVirtual4_359920779',0,'2018-03-04 21:19:10',NULL,0),(96,'playerVirtual4','playerVirtual4_359920779',0,'2018-03-04 21:19:10',NULL,0),(97,'playerVirtual6','playerVirtual6_d5f25e830e',3,'2018-03-04 21:19:33',NULL,0),(98,'playerVirtual2','playerVirtual2_2904109077',0,'2018-03-04 21:19:43',NULL,0),(99,'playerVirtual2','playerVirtual2_2904109077',0,'2018-03-04 21:19:44',NULL,0),(100,'playerVirtual5','playerVirtual5_904011',0,'2018-03-04 21:19:57',NULL,0),(101,'playerVirtual5','playerVirtual5_904011',0,'2018-03-04 21:19:58',NULL,0),(102,'playerVirtual7','playerVirtual7_02a94d1534',4,'2018-03-04 21:20:03',NULL,0),(103,'playerVirtual4','playerVirtual4_ac8f620337',3,'2018-03-04 21:20:10',NULL,0),(104,'playerVirtual6','playerVirtual6_1093460',0,'2018-03-04 21:20:35',NULL,0),(105,'playerVirtual6','playerVirtual6_1093460',0,'2018-03-04 21:20:35',NULL,0),(106,'playerVirtual2','playerVirtual2_99a1da9604',4,'2018-03-04 21:20:43',NULL,0),(107,'playerVirtual3','playerVirtual3_905614',0,'2018-03-04 21:20:44',NULL,0),(108,'playerVirtual3','playerVirtual3_905614',0,'2018-03-04 21:20:45',NULL,0),(109,'playerVirtual1374','playerVirtual1374_257338074',0,'2018-03-04 21:20:50',NULL,0),(110,'playerVirtual5','playerVirtual5_af0c274406',3,'2018-03-04 21:20:57',NULL,0),(111,'playerVirtual6','playerVirtual6_b5d50686a3',4,'2018-03-04 21:21:35',NULL,0),(112,'playerVirtual4','playerVirtual4_470485660',0,'2018-03-04 21:21:44',NULL,0),(113,'playerVirtual3','playerVirtual3_3526c3fc43',4,'2018-03-04 21:21:45',NULL,0),(114,'playerVirtual4','playerVirtual4_470485660',0,'2018-03-04 21:21:45',NULL,0),(115,'playerVirtual1374','playerVirtual1374_ecbfca9f41',3,'2018-03-04 21:21:50',NULL,0),(116,'playerVirtual5','playerVirtual5_5792765',0,'2018-03-04 21:22:19',NULL,0),(117,'playerVirtual5','playerVirtual5_5792765',0,'2018-03-04 21:22:19',NULL,0),(118,'playerVirtual2','playerVirtual2_30788568',0,'2018-03-04 21:22:27',NULL,0),(119,'playerVirtual2','playerVirtual2_30788568',0,'2018-03-04 21:22:27',NULL,0),(120,'playerVirtual4','playerVirtual4_db0665a218',4,'2018-03-04 21:22:45',NULL,0),(121,'playerVirtual1374','playerVirtual1374_4820318661',0,'2018-03-04 21:23:12',NULL,0),(122,'playerVirtual5','playerVirtual5_a8da36d8a2',4,'2018-03-04 21:23:19',NULL,0),(123,'playerVirtual2','playerVirtual2_ffb9fcc175',3,'2018-03-04 21:23:27',NULL,0),(124,'playerVirtual7','playerVirtual7_6569547',0,'2018-03-04 21:23:38',NULL,0),(125,'playerVirtual3','playerVirtual3_400453824',0,'2018-03-04 21:24:19',NULL,0),(126,'playerVirtual3','playerVirtual3_400453824',0,'2018-03-04 21:24:19',NULL,0),(127,'playerVirtual7','playerVirtual7_fe79d4f59e',3,'2018-03-04 21:24:38',NULL,0),(128,'playerVirtual8','playerVirtual8_c1d0ff7a86',4,'2018-03-04 21:25:00',NULL,0),(129,'playerVirtual3','playerVirtual3_0ab230541b',3,'2018-03-04 21:25:19',NULL,0),(130,'playerVirtual6','playerVirtual6_38671842',0,'2018-03-04 21:25:21',NULL,0),(131,'playerVirtual6','playerVirtual6_38671842',0,'2018-03-04 21:25:21',NULL,0),(132,'playerVirtual4','playerVirtual4_4819935267',0,'2018-03-04 21:26:07',NULL,0),(133,'playerVirtual4','playerVirtual4_4819935267',0,'2018-03-04 21:26:07',NULL,0),(134,'playerVirtual7','playerVirtual7_5068098508',0,'2018-03-04 21:26:16',NULL,0),(135,'playerVirtual6','playerVirtual6_e5bdce551b',3,'2018-03-04 21:26:21',NULL,0),(136,'playerVirtual2','playerVirtual2_6264344062',0,'2018-03-04 21:26:43',NULL,0),(137,'playerVirtual2','playerVirtual2_6264344062',0,'2018-03-04 21:26:44',NULL,0),(138,'playerVirtual5','playerVirtual5_4820217293',0,'2018-03-04 21:26:57',NULL,0),(139,'playerVirtual5','playerVirtual5_4820217293',0,'2018-03-04 21:26:57',NULL,0),(140,'playerVirtual4','playerVirtual4_8b02ae18e9',3,'2018-03-04 21:27:07',NULL,0),(141,'playerVirtual7','playerVirtual7_d2379c57a9',4,'2018-03-04 21:27:17',NULL,0),(142,'playerVirtual2','playerVirtual2_b605923ba7',4,'2018-03-04 21:27:44',NULL,0),(143,'playerVirtual5','playerVirtual5_3dade76456',3,'2018-03-04 21:27:57',NULL,0),(144,'playerVirtual6','playerVirtual6_2148750930',0,'2018-03-04 21:29:07',NULL,0),(145,'playerVirtual6','playerVirtual6_2148750930',0,'2018-03-04 21:29:08',NULL,0),(146,'playerVirtual3','playerVirtual3_1095593',0,'2018-03-04 21:29:13',NULL,0),(147,'playerVirtual3','playerVirtual3_1095593',0,'2018-03-04 21:29:13',NULL,0),(148,'playerVirtual1864','playerVirtual1864_3986c85be9',4,'2018-03-04 21:30:03',NULL,0),(149,'playerVirtual9','playerVirtual9_8de0606d16',4,'2018-03-04 21:30:03',NULL,0),(150,'playerVirtual6','playerVirtual6_bfadba8bda',4,'2018-03-04 21:30:07',NULL,0),(151,'playerVirtual3','playerVirtual3_91998e6b14',4,'2018-03-04 21:30:13',NULL,0),(152,'playerVirtual4','playerVirtual4_563574327',0,'2018-03-04 21:30:22',NULL,0),(153,'playerVirtual4','playerVirtual4_563574327',0,'2018-03-04 21:30:22',NULL,0),(154,'playerVirtual8','playerVirtual8_227443932',0,'2018-03-04 21:30:28',NULL,0),(155,'playerVirtual8','playerVirtual8_227443932',0,'2018-03-04 21:30:28',NULL,0),(156,'playerVirtual2','playerVirtual2_1fa3a76d7f',3,'2018-03-04 21:30:39',NULL,0),(157,'playerVirtual5','playerVirtual5_16915963',0,'2018-03-04 21:31:01',NULL,0),(158,'playerVirtual5','playerVirtual5_16915963',0,'2018-03-04 21:31:01',NULL,0),(159,'playerVirtual4','playerVirtual4_2c7ccf8d3f',4,'2018-03-04 21:31:22',NULL,0),(160,'playerVirtual8','playerVirtual8_55e5dc68ad',3,'2018-03-04 21:31:28',NULL,0),(161,'playerVirtual5','playerVirtual5_7010147592',4,'2018-03-04 21:32:01',NULL,0),(162,'playerVirtual7','playerVirtual7_765651',0,'2018-03-04 21:32:17',NULL,0),(163,'playerVirtual3','playerVirtual3_6274355716',0,'2018-03-04 21:33:10',NULL,0),(164,'playerVirtual3','playerVirtual3_6274355716',0,'2018-03-04 21:33:11',NULL,0),(165,'playerVirtual7','playerVirtual7_998a957f5a',3,'2018-03-04 21:33:17',NULL,0),(166,'playerVirtual6','playerVirtual6_272887063',0,'2018-03-04 21:34:09',NULL,0),(167,'playerVirtual6','playerVirtual6_272887063',0,'2018-03-04 21:34:09',NULL,0),(168,'playerVirtual8','playerVirtual8_4820204870',0,'2018-03-04 21:34:10',NULL,0),(169,'playerVirtual8','playerVirtual8_4820204870',0,'2018-03-04 21:34:10',NULL,0),(170,'playerVirtual3','playerVirtual3_3f557f6cb2',3,'2018-03-04 21:34:10',NULL,0),(171,'playerVirtual2','playerVirtual2_38676294',0,'2018-03-04 21:34:35',NULL,0),(172,'playerVirtual2','playerVirtual2_38676294',0,'2018-03-04 21:34:36',NULL,0),(173,'playerVirtual10','playerVirtual10_2b6fd9e423',4,'2018-03-04 21:35:03',NULL,0),(174,'playerVirtual6','playerVirtual6_78bc8d927e',3,'2018-03-04 21:35:09',NULL,0),(175,'playerVirtual8','playerVirtual8_3f6486eafd',4,'2018-03-04 21:35:10',NULL,0),(176,'playerVirtual2','playerVirtual2_7ee1c4d0aa',4,'2018-03-04 21:35:36',NULL,0),(177,'playerVirtual1864','playerVirtual1864_5623125514',0,'2018-03-04 21:35:48',NULL,0),(178,'playerVirtual9','playerVirtual9_284757920',0,'2018-03-04 21:35:49',NULL,0),(179,'playerVirtual9','playerVirtual9_284757920',0,'2018-03-04 21:35:49',NULL,0),(180,'playerVirtual4','playerVirtual4_182859403',0,'2018-03-04 21:36:01',NULL,0),(181,'playerVirtual4','playerVirtual4_182859403',0,'2018-03-04 21:36:02',NULL,0),(182,'playerVirtual1864','playerVirtual1864_4632986ffa',3,'2018-03-04 21:36:48',NULL,0),(183,'playerVirtual9','playerVirtual9_212be073bb',3,'2018-03-04 21:36:49',NULL,0),(184,'playerVirtual7','playerVirtual7_990694203',0,'2018-03-04 21:36:56',NULL,0),(185,'playerVirtual4','playerVirtual4_4cac48e18c',3,'2018-03-04 21:37:02',NULL,0),(186,'playerVirtual5','playerVirtual5_990694203',0,'2018-03-04 21:37:23',NULL,0),(187,'playerVirtual5','playerVirtual5_990694203',0,'2018-03-04 21:37:24',NULL,0),(188,'playerVirtual7','playerVirtual7_3d004c9ecb',4,'2018-03-04 21:37:56',NULL,0),(189,'playerVirtual5','playerVirtual5_e555ee3bfa',3,'2018-03-04 21:38:24',NULL,0),(190,'playerVirtual3','playerVirtual3_4820204870',1,'2018-03-04 21:39:21',NULL,0),(191,'playerVirtual3','playerVirtual3_4955aa419a',4,'2018-03-04 21:39:21',NULL,0),(192,'playerVirtual3','playerVirtual3_4820204870',1,'2018-03-04 21:39:21',NULL,0),(193,'playerVirtual6','playerVirtual6_6280643141',0,'2018-03-04 21:39:51',NULL,0),(194,'playerVirtual6','playerVirtual6_6280643141',0,'2018-03-04 21:39:52',NULL,0),(195,'playerVirtual11','playerVirtual11_3bbd4d388f',4,'2018-03-04 21:40:03',NULL,0),(196,'playerVirtual9','playerVirtual9_2359368952',0,'2018-03-04 21:40:07',NULL,0),(197,'playerVirtual9','playerVirtual9_2359368952',0,'2018-03-04 21:40:07',NULL,0),(198,'playerVirtual4','playerVirtual4_182859403',1,'2018-03-04 21:40:30',NULL,0),(199,'playerVirtual4','playerVirtual4_a1e30758e2',4,'2018-03-04 21:40:31',NULL,0),(200,'playerVirtual4','playerVirtual4_182859403',1,'2018-03-04 21:40:31',NULL,0),(201,'playerVirtual2','playerVirtual2_272887063',0,'2018-03-04 21:40:42',NULL,0),(202,'playerVirtual2','playerVirtual2_272887063',0,'2018-03-04 21:40:44',NULL,0),(203,'playerVirtual6','playerVirtual6_83bbec01ad',4,'2018-03-04 21:40:51',NULL,0),(204,'playerVirtual9','playerVirtual9_fe6bfd05c0',4,'2018-03-04 21:41:07',NULL,0),(205,'playerVirtual8','playerVirtual8_4476462938',0,'2018-03-04 21:41:22',NULL,0),(206,'playerVirtual8','playerVirtual8_4476462938',0,'2018-03-04 21:41:23',NULL,0),(207,'playerVirtual5','playerVirtual5_990694203',1,'2018-03-04 21:41:28',NULL,0),(208,'playerVirtual5','playerVirtual5_f965c0e410',4,'2018-03-04 21:41:28',NULL,0),(209,'playerVirtual5','playerVirtual5_990694203',1,'2018-03-04 21:41:28',NULL,0),(210,'playerVirtual2','playerVirtual2_235895d9e3',3,'2018-03-04 21:41:40',NULL,0),(211,'playerVirtual1242','playerVirtual1242_1e909d54a7',4,'2018-03-04 21:42:06',NULL,0),(212,'playerVirtual8','playerVirtual8_aa89cad608',3,'2018-03-04 21:42:22',NULL,0),(213,'playerVirtual10','playerVirtual10_6280638724',0,'2018-03-04 21:42:49',NULL,0),(214,'playerVirtual10','playerVirtual10_6280638724',0,'2018-03-04 21:42:49',NULL,0),(215,'playerVirtual7','playerVirtual7_27bb07a339',3,'2018-03-04 21:42:56',NULL,0),(216,'playerVirtual3','playerVirtual3_1436323714',0,'2018-03-04 21:43:25',NULL,0),(217,'playerVirtual3','playerVirtual3_1436323714',0,'2018-03-04 21:43:26',NULL,0),(218,'playerVirtual10','playerVirtual10_c15256cb4b',3,'2018-03-04 21:43:49',NULL,0),(219,'playerVirtual3','playerVirtual3_e3fdf268cb',3,'2018-03-04 21:44:25',NULL,0),(220,'playerVirtual12','playerVirtual12_d690417332',4,'2018-03-04 21:45:01',NULL,0),(221,'playerVirtual6','playerVirtual6_272887063',1,'2018-03-04 21:45:09',NULL,0),(222,'playerVirtual6','playerVirtual6_d3c2a07d51',3,'2018-03-04 21:45:09',NULL,0),(223,'playerVirtual6','playerVirtual6_272887063',1,'2018-03-04 21:45:09',NULL,0),(224,'playerVirtual8','playerVirtual8_6285257156',0,'2018-03-04 21:46:02',NULL,0),(225,'playerVirtual8','playerVirtual8_6285257156',0,'2018-03-04 21:46:02',NULL,0),(226,'playerVirtual2','playerVirtual2_182859403',0,'2018-03-04 21:46:19',NULL,0),(227,'playerVirtual2','playerVirtual2_182859403',0,'2018-03-04 21:46:19',NULL,0),(228,'playerVirtual4','playerVirtual4_214880781',0,'2018-03-04 21:46:28',NULL,0),(229,'playerVirtual4','playerVirtual4_214880781',0,'2018-03-04 21:46:28',NULL,0),(230,'playerVirtual10','playerVirtual10_6955737',0,'2018-03-04 21:46:34',NULL,0),(231,'playerVirtual10','playerVirtual10_6955737',0,'2018-03-04 21:46:34',NULL,0),(232,'playerVirtual8','playerVirtual8_87fa143255',4,'2018-03-04 21:47:02',NULL,0),(233,'playerVirtual9','playerVirtual9_1094955',0,'2018-03-04 21:47:16',NULL,0),(234,'playerVirtual9','playerVirtual9_1094955',0,'2018-03-04 21:47:17',NULL,0),(235,'playerVirtual2','playerVirtual2_b778d6b8a7',4,'2018-03-04 21:47:19',NULL,0),(236,'playerVirtual4','playerVirtual4_8f466842f7',3,'2018-03-04 21:47:28',NULL,0),(237,'playerVirtual10','playerVirtual10_380984b89c',4,'2018-03-04 21:47:34',NULL,0),(238,'playerVirtual5','playerVirtual5_16914091',0,'2018-03-04 21:47:53',NULL,0),(239,'playerVirtual5','playerVirtual5_16914091',0,'2018-03-04 21:47:54',NULL,0),(240,'playerVirtual7','playerVirtual7_6955737',0,'2018-03-04 21:48:15',NULL,0),(241,'playerVirtual9','playerVirtual9_83fc294f4c',3,'2018-03-04 21:48:16',NULL,0),(242,'playerVirtual11','playerVirtual11_682797',0,'2018-03-04 21:48:26',NULL,0),(243,'playerVirtual11','playerVirtual11_682797',0,'2018-03-04 21:48:26',NULL,0),(244,'playerVirtual5','playerVirtual5_b4e8ca67c1',3,'2018-03-04 21:48:54',NULL,0),(245,'playerVirtual7','playerVirtual7_9723154f57',4,'2018-03-04 21:49:15',NULL,0),(246,'playerVirtual11','playerVirtual11_5ba911d7f3',3,'2018-03-04 21:49:26',NULL,0),(247,'playerVirtual13','playerVirtual13_4734c008ce',4,'2018-03-04 21:50:06',NULL,0),(248,'playerVirtual3','playerVirtual3_1438244924',0,'2018-03-04 21:50:59',NULL,0),(249,'playerVirtual3','playerVirtual3_1438244924',0,'2018-03-04 21:50:59',NULL,0),(250,'playerVirtual6','playerVirtual6_2381571381',0,'2018-03-04 21:51:39',NULL,0),(251,'playerVirtual6','playerVirtual6_2381571381',0,'2018-03-04 21:51:40',NULL,0),(252,'playerVirtual3','playerVirtual3_f0129f998a',4,'2018-03-04 21:51:59',NULL,0),(253,'playerVirtual6','playerVirtual6_89b7d8845f',4,'2018-03-04 21:52:40',NULL,0),(254,'playerVirtual4','playerVirtual4_6289355687',0,'2018-03-04 21:52:53',NULL,0),(255,'playerVirtual4','playerVirtual4_6289355687',0,'2018-03-04 21:52:54',NULL,0),(256,'playerVirtual1812','playerVirtual1812_7d9995db80',4,'2018-03-04 21:52:56',NULL,0),(257,'playerVirtual2','playerVirtual2_36aad06e36',3,'2018-03-04 21:52:59',NULL,0),(258,'playerVirtual11','playerVirtual11_794070039',0,'2018-03-04 21:52:59',NULL,0),(259,'playerVirtual11','playerVirtual11_794070039',0,'2018-03-04 21:53:00',NULL,0),(260,'playerVirtual9','playerVirtual9_6289704471',0,'2018-03-04 21:53:38',NULL,0),(261,'playerVirtual9','playerVirtual9_6289704471',0,'2018-03-04 21:53:38',NULL,0),(262,'playerVirtual4','playerVirtual4_67cdfd7c99',4,'2018-03-04 21:53:54',NULL,0),(263,'playerVirtual11','playerVirtual11_89694f4b32',4,'2018-03-04 21:54:00',NULL,0),(264,'playerVirtual8','playerVirtual8_2378747961',0,'2018-03-04 21:54:14',NULL,0),(265,'playerVirtual5','playerVirtual5_1436344784',0,'2018-03-04 21:54:17',NULL,0),(266,'playerVirtual7','playerVirtual7_f5972d716e',3,'2018-03-04 21:54:18',NULL,0),(267,'playerVirtual8','playerVirtual8_2378747961',0,'2018-03-04 21:54:19',NULL,0),(268,'playerVirtual5','playerVirtual5_1436344784',0,'2018-03-04 21:54:19',NULL,0),(269,'playerVirtual9','playerVirtual9_ad80e65b0f',4,'2018-03-04 21:54:38',NULL,0),(270,'playerVirtual12','playerVirtual12_3338579772',0,'2018-03-04 21:54:39',NULL,0),(271,'playerVirtual12','playerVirtual12_3338579772',0,'2018-03-04 21:54:40',NULL,0),(272,'playerVirtual14','playerVirtual14_bafc1b5d63',4,'2018-03-04 21:55:03',NULL,0),(273,'playerVirtual8','playerVirtual8_2c5721e24d',3,'2018-03-04 21:55:13',NULL,0),(274,'playerVirtual5','playerVirtual5_01d12417a8',4,'2018-03-04 21:55:17',NULL,0),(275,'playerVirtual12','playerVirtual12_b2e9776fda',3,'2018-03-04 21:55:40',NULL,0),(276,'playerVirtual3','playerVirtual3_3338579772',1,'2018-03-04 21:56:04',NULL,0),(277,'playerVirtual3','playerVirtual3_23830d4146',3,'2018-03-04 21:56:04',NULL,0),(278,'playerVirtual3','playerVirtual3_3338579772',1,'2018-03-04 21:56:05',NULL,0),(279,'playerVirtual10','playerVirtual10_1438244924',0,'2018-03-04 21:56:15',NULL,0),(280,'playerVirtual10','playerVirtual10_1438244924',0,'2018-03-04 21:56:15',NULL,0),(281,'playerVirtual10','playerVirtual10_64401c928a',3,'2018-03-04 21:57:15',NULL,0),(282,'playerVirtual2','playerVirtual2_1438244924',1,'2018-03-04 21:57:56',NULL,0),(283,'playerVirtual2','playerVirtual2_a85f8ab232',4,'2018-03-04 21:57:57',NULL,0),(284,'playerVirtual2','playerVirtual2_1438244924',1,'2018-03-04 21:57:57',NULL,0),(285,'playerVirtual6','playerVirtual6_6296268057',0,'2018-03-04 22:00:03',NULL,0),(286,'playerVirtual6','playerVirtual6_6296268057',0,'2018-03-04 22:00:03',NULL,0),(287,'playerVirtual15','playerVirtual15_36899f37e3',4,'2018-03-04 22:00:05',NULL,0),(288,'playerVirtual8','playerVirtual8_2378747961',1,'2018-03-04 22:00:21',NULL,0),(289,'playerVirtual8','playerVirtual8_e6762ba6e2',4,'2018-03-04 22:00:21',NULL,0),(290,'playerVirtual8','playerVirtual8_2378747961',1,'2018-03-04 22:00:21',NULL,0),(291,'playerVirtual6','playerVirtual6_ccd02bdad4',3,'2018-03-04 22:01:03',NULL,0),(292,'playerVirtual13','playerVirtual13_990694203',0,'2018-03-04 22:01:41',NULL,0),(293,'playerVirtual13','playerVirtual13_990694203',0,'2018-03-04 22:01:41',NULL,0),(294,'playerVirtual13','playerVirtual13_99f1a0d455',3,'2018-03-04 22:02:41',NULL,0),(295,'playerVirtual3','playerVirtual3_1438244924',1,'2018-03-04 22:03:27',NULL,0),(296,'playerVirtual3','playerVirtual3_130ec45f5a',4,'2018-03-04 22:03:27',NULL,0),(297,'playerVirtual3','playerVirtual3_1438244924',1,'2018-03-04 22:03:27',NULL,0),(298,'playerVirtual4','playerVirtual4_182859403',0,'2018-03-04 22:03:38',NULL,0),(299,'playerVirtual4','playerVirtual4_6816415710',3,'2018-03-04 22:03:38',NULL,0),(300,'playerVirtual4','playerVirtual4_182859403',0,'2018-03-04 22:03:39',NULL,0),(301,'playerVirtual13','playerVirtual13_990694203',1,'2018-03-04 22:03:40',NULL,0),(302,'playerVirtual13','playerVirtual13_19cb65456e',4,'2018-03-04 22:03:41',NULL,0),(303,'playerVirtual13','playerVirtual13_990694203',1,'2018-03-04 22:03:45',NULL,0),(304,'playerVirtual2','playerVirtual2_565ef52f15',3,'2018-03-04 22:03:49',NULL,0),(305,'playerVirtual12','playerVirtual12_1095593',0,'2018-03-04 22:04:13',NULL,0),(306,'playerVirtual12','playerVirtual12_1095593',0,'2018-03-04 22:04:14',NULL,0),(307,'playerVirtual16','playerVirtual16_788981d532',4,'2018-03-04 22:05:01',NULL,0),(308,'playerVirtual12','playerVirtual12_c7c27d4603',4,'2018-03-04 22:05:14',NULL,0),(309,'playerVirtual7','playerVirtual7_990694203',0,'2018-03-04 22:05:14',NULL,0),(310,'playerVirtual7','playerVirtual7_6462cfd584',4,'2018-03-04 22:05:14',NULL,0),(311,'playerVirtual9','playerVirtual9_6301942525',0,'2018-03-04 22:05:37',NULL,0),(312,'playerVirtual9','playerVirtual9_6301942525',0,'2018-03-04 22:05:37',NULL,0),(313,'playerVirtual11','playerVirtual11_6264344062',0,'2018-03-04 22:06:14',NULL,0),(314,'playerVirtual11','playerVirtual11_6264344062',0,'2018-03-04 22:06:14',NULL,0),(315,'playerVirtual9','playerVirtual9_de75783d23',3,'2018-03-04 22:06:37',NULL,0),(316,'playerVirtual11','playerVirtual11_e2ac6863ce',3,'2018-03-04 22:07:14',NULL,0),(317,'playerVirtual10','playerVirtual10_6274355716',0,'2018-03-04 22:07:21',NULL,0),(318,'playerVirtual10','playerVirtual10_6274355716',0,'2018-03-04 22:07:21',NULL,0),(319,'playerVirtual5','playerVirtual5_6289704471',0,'2018-03-04 22:08:00',NULL,0),(320,'playerVirtual5','playerVirtual5_6289704471',0,'2018-03-04 22:08:00',NULL,0),(321,'playerVirtual1738','playerVirtual1738_80fe1f2d19',4,'2018-03-04 22:08:07',NULL,0),(322,'playerVirtual3','playerVirtual3_1095593',1,'2018-03-04 22:08:13',NULL,0),(323,'playerVirtual3','playerVirtual3_0df1376882',3,'2018-03-04 22:08:13',NULL,0),(324,'playerVirtual3','playerVirtual3_1095593',1,'2018-03-04 22:08:13',NULL,0),(325,'playerVirtual10','playerVirtual10_3d00d0204e',4,'2018-03-04 22:08:21',NULL,0),(326,'playerVirtual5','playerVirtual5_cd1aad6f72',3,'2018-03-04 22:09:01',NULL,0),(327,'playerVirtual4','playerVirtual4_182859403',1,'2018-03-04 22:09:04',NULL,0),(328,'playerVirtual4','playerVirtual4_bc0b8c6699',4,'2018-03-04 22:09:04',NULL,0),(329,'playerVirtual4','playerVirtual4_182859403',1,'2018-03-04 22:09:05',NULL,0),(330,'playerVirtual2','playerVirtual2_6264344062',1,'2018-03-04 22:09:37',NULL,0),(331,'playerVirtual2','playerVirtual2_b6cfd063bd',4,'2018-03-04 22:09:37',NULL,0),(332,'playerVirtual2','playerVirtual2_6264344062',1,'2018-03-04 22:09:38',NULL,0),(333,'playerVirtual17','playerVirtual17_1fec6411c1',4,'2018-03-04 22:10:08',NULL,0),(334,'playerVirtual7','playerVirtual7_d39cf308d5',3,'2018-03-04 22:10:14',NULL,0),(335,'playerVirtual14','playerVirtual14_5297461910',0,'2018-03-04 22:11:09',NULL,0),(336,'playerVirtual14','playerVirtual14_5297461910',0,'2018-03-04 22:11:09',NULL,0),(337,'playerVirtual14','playerVirtual14_19f803e542',3,'2018-03-04 22:12:11',NULL,0),(338,'playerVirtual6','playerVirtual6_539194189',0,'2018-03-04 22:12:40',NULL,0),(339,'playerVirtual6','playerVirtual6_539194189',0,'2018-03-04 22:12:40',NULL,0),(340,'playerVirtual9','playerVirtual9_6289704471',1,'2018-03-04 22:13:00',NULL,0),(341,'playerVirtual9','playerVirtual9_4730e4662d',4,'2018-03-04 22:13:00',NULL,0),(342,'playerVirtual9','playerVirtual9_6289704471',1,'2018-03-04 22:13:01',NULL,0),(343,'playerVirtual6','playerVirtual6_e3b5fd110f',4,'2018-03-04 22:13:40',NULL,0),(344,'playerVirtual8','playerVirtual8_908315',0,'2018-03-04 22:14:08',NULL,0),(345,'playerVirtual8','playerVirtual8_908315',0,'2018-03-04 22:14:08',NULL,0),(346,'playerVirtual5','playerVirtual5_15d226835c',4,'2018-03-04 22:14:22',NULL,0),(347,'playerVirtual18','playerVirtual18_2954981040',4,'2018-03-04 22:15:06',NULL,0),(348,'playerVirtual12','playerVirtual12_1095593',1,'2018-03-04 22:15:06',NULL,0),(349,'playerVirtual12','playerVirtual12_4db76616a3',3,'2018-03-04 22:15:06',NULL,0),(350,'playerVirtual12','playerVirtual12_1095593',1,'2018-03-04 22:15:06',NULL,0),(351,'playerVirtual8','playerVirtual8_4abce2f3a5',3,'2018-03-04 22:15:08',NULL,0),(352,'playerVirtual2','playerVirtual2_1436344784',1,'2018-03-04 22:15:34',NULL,0),(353,'playerVirtual2','playerVirtual2_5ebb55c238',3,'2018-03-04 22:15:34',NULL,0),(354,'playerVirtual2','playerVirtual2_1436344784',1,'2018-03-04 22:15:34',NULL,0),(355,'playerVirtual11','playerVirtual11_4246147567',0,'2018-03-04 22:15:54',NULL,0),(356,'playerVirtual11','playerVirtual11_4246147567',0,'2018-03-04 22:15:55',NULL,0),(357,'playerVirtual11','playerVirtual11_d5f45ae818',4,'2018-03-04 22:16:55',NULL,0),(358,'playerVirtual3','playerVirtual3_6274355716',1,'2018-03-04 22:17:18',NULL,0),(359,'playerVirtual3','playerVirtual3_60f702fe1e',4,'2018-03-04 22:17:18',NULL,0),(360,'playerVirtual3','playerVirtual3_6274355716',1,'2018-03-04 22:17:18',NULL,0),(361,'playerVirtual14','playerVirtual14_4246147567',0,'2018-03-04 22:17:51',NULL,0),(362,'playerVirtual14','playerVirtual14_4246147567',0,'2018-03-04 22:17:51',NULL,0),(363,'playerVirtual15','playerVirtual15_182859403',0,'2018-03-04 22:17:57',NULL,0),(364,'playerVirtual15','playerVirtual15_182859403',0,'2018-03-04 22:17:58',NULL,0),(365,'playerVirtual14','playerVirtual14_e531213f1f',4,'2018-03-04 22:18:51',NULL,0),(366,'playerVirtual15','playerVirtual15_d26bec038a',3,'2018-03-04 22:18:57',NULL,0),(367,'playerVirtual10','playerVirtual10_4246147567',0,'2018-03-04 22:19:36',NULL,0),(368,'playerVirtual10','playerVirtual10_4246147567',0,'2018-03-04 22:19:36',NULL,0),(369,'playerVirtual19','playerVirtual19_6b29b0d52e',4,'2018-03-04 22:20:03',NULL,0),(370,'playerVirtual10','playerVirtual10_d7be1c2b65',3,'2018-03-04 22:20:38',NULL,0),(371,'playerVirtual7','playerVirtual7_903430cd6d',4,'2018-03-04 22:22:50',NULL,0),(372,'playerVirtual13','playerVirtual13_4246147567',0,'2018-03-04 22:23:09',NULL,0),(373,'playerVirtual13','playerVirtual13_4246147567',0,'2018-03-04 22:23:10',NULL,0),(374,'playerVirtual15','playerVirtual15_4246147567',0,'2018-03-04 22:23:47',NULL,0),(375,'playerVirtual8','playerVirtual8_990694203',0,'2018-03-04 22:23:47',NULL,0),(376,'playerVirtual15','playerVirtual15_4246147567',0,'2018-03-04 22:23:51',NULL,0),(377,'playerVirtual8','playerVirtual8_990694203',0,'2018-03-04 22:23:51',NULL,0),(378,'playerVirtual6','playerVirtual6_6316827871',0,'2018-03-04 22:23:59',NULL,0),(379,'playerVirtual6','playerVirtual6_6316827871',0,'2018-03-04 22:24:00',NULL,0),(380,'playerVirtual13','playerVirtual13_b5a6202e93',3,'2018-03-04 22:24:09',NULL,0),(381,'playerVirtual15','playerVirtual15_cc00d4dd66',4,'2018-03-04 22:24:44',NULL,0),(382,'playerVirtual8','playerVirtual8_0d673b8e7f',4,'2018-03-04 22:24:44',NULL,0),(383,'playerVirtual2','playerVirtual2_182859403',1,'2018-03-04 22:24:49',NULL,0),(384,'playerVirtual2','playerVirtual2_9117c9c1da',4,'2018-03-04 22:24:49',NULL,0),(385,'playerVirtual2','playerVirtual2_182859403',1,'2018-03-04 22:24:54',NULL,0),(386,'playerVirtual16','playerVirtual16_6289704471',0,'2018-03-04 22:24:55',NULL,0),(387,'playerVirtual16','playerVirtual16_6289704471',0,'2018-03-04 22:24:55',NULL,0),(388,'playerVirtual6','playerVirtual6_0286e4086c',3,'2018-03-04 22:25:00',NULL,0),(389,'playerVirtual4','playerVirtual4_6315250734',0,'2018-03-04 22:25:05',NULL,0),(390,'playerVirtual4','playerVirtual4_6315250734',0,'2018-03-04 22:25:06',NULL,0),(391,'playerVirtual13','playerVirtual13_4246147567',1,'2018-03-04 22:25:11',NULL,0),(392,'playerVirtual13','playerVirtual13_a6ac9d4240',4,'2018-03-04 22:25:11',NULL,0),(393,'playerVirtual13','playerVirtual13_4246147567',1,'2018-03-04 22:25:11',NULL,0),(394,'playerVirtual16','playerVirtual16_60ec76d7e1',3,'2018-03-04 22:25:55',NULL,0),(395,'playerVirtual4','playerVirtual4_f16d65ecab',3,'2018-03-04 22:26:06',NULL,0),(396,'playerVirtual12','playerVirtual12_4246147567',0,'2018-03-04 22:27:15',NULL,0),(397,'playerVirtual12','playerVirtual12_4246147567',0,'2018-03-04 22:27:16',NULL,0),(398,'playerVirtual5','playerVirtual5_6289704471',1,'2018-03-04 22:28:09',NULL,0),(399,'playerVirtual5','playerVirtual5_41b4ab80cd',3,'2018-03-04 22:28:09',NULL,0),(400,'playerVirtual5','playerVirtual5_6289704471',1,'2018-03-04 22:28:09',NULL,0),(401,'playerVirtual12','playerVirtual12_a7acced6ab',4,'2018-03-04 22:28:16',NULL,0),(402,'playerVirtual9','playerVirtual9_2378747961',0,'2018-03-04 22:28:33',NULL,0),(403,'playerVirtual9','playerVirtual9_2378747961',0,'2018-03-04 22:28:33',NULL,0),(404,'playerVirtual11','playerVirtual11_4246147567',1,'2018-03-04 22:29:09',NULL,0),(405,'playerVirtual11','playerVirtual11_0a55884a89',3,'2018-03-04 22:29:09',NULL,0),(406,'playerVirtual11','playerVirtual11_4246147567',1,'2018-03-04 22:29:09',NULL,0),(407,'playerVirtual16','playerVirtual16_6322213339',0,'2018-03-04 22:29:31',NULL,0),(408,'playerVirtual16','playerVirtual16_6322213339',0,'2018-03-04 22:29:32',NULL,0),(409,'playerVirtual9','playerVirtual9_691fd2bcdd',3,'2018-03-04 22:29:33',NULL,0),(410,'playerVirtual1014','playerVirtual1014_d16586d61b',4,'2018-03-04 22:30:23',NULL,0),(411,'playerVirtual16','playerVirtual16_ef8a0bfbe0',4,'2018-03-04 22:30:31',NULL,0),(412,'playerVirtual3','playerVirtual3_4246147567',0,'2018-03-04 22:30:38',NULL,0),(413,'playerVirtual3','playerVirtual3_4246147567',0,'2018-03-04 22:30:39',NULL,0),(414,'playerVirtual17','playerVirtual17_4246147567',0,'2018-03-04 22:30:39',NULL,0),(415,'playerVirtual10','playerVirtual10_4246147567',1,'2018-03-04 22:30:41',NULL,0),(416,'playerVirtual10','playerVirtual10_3603cb992f',4,'2018-03-04 22:30:41',NULL,0),(417,'playerVirtual10','playerVirtual10_4246147567',1,'2018-03-04 22:30:41',NULL,0),(418,'playerVirtual3','playerVirtual3_d42b228fce',3,'2018-03-04 22:31:38',NULL,0),(419,'playerVirtual17','playerVirtual17_01968b0317',3,'2018-03-04 22:31:39',NULL,0),(420,'playerVirtual17','playerVirtual17_69d3930fe1',4,'2018-03-04 22:32:40',NULL,0),(421,'playerVirtual4','playerVirtual4_359920779',1,'2018-03-04 22:33:04',NULL,0),(422,'playerVirtual4','playerVirtual4_791b46e41d',4,'2018-03-04 22:33:04',NULL,0),(423,'playerVirtual4','playerVirtual4_359920779',1,'2018-03-04 22:33:04',NULL,0),(424,'playerVirtual7','playerVirtual7_4246147567',0,'2018-03-04 22:33:22',NULL,0),(425,'playerVirtual2','playerVirtual2_25adf405af',3,'2018-03-04 22:34:15',NULL,0),(426,'playerVirtual7','playerVirtual7_5de8ed1dd9',3,'2018-03-04 22:34:25',NULL,0),(427,'playerVirtual14','playerVirtual14_4246147567',1,'2018-03-04 22:34:55',NULL,0),(428,'playerVirtual14','playerVirtual14_3a15ecf49c',3,'2018-03-04 22:34:55',NULL,0),(429,'playerVirtual14','playerVirtual14_4246147567',1,'2018-03-04 22:34:55',NULL,0),(430,'playerVirtual18','playerVirtual18_5068098508',0,'2018-03-04 22:36:05',NULL,0),(431,'playerVirtual18','playerVirtual18_5068098508',0,'2018-03-04 22:36:06',NULL,0),(432,'playerVirtual18','playerVirtual18_e08d031a4c',3,'2018-03-04 22:37:05',NULL,0),(433,'playerVirtual9','playerVirtual9_4246147567',0,'2018-03-04 22:37:49',NULL,0),(434,'playerVirtual9','playerVirtual9_4246147567',0,'2018-03-04 22:37:49',NULL,0),(435,'playerVirtual5','playerVirtual5_4246147567',0,'2018-03-04 22:37:56',NULL,0),(436,'playerVirtual5','playerVirtual5_4246147567',0,'2018-03-04 22:37:56',NULL,0),(437,'playerVirtual6','playerVirtual6_4246147567',0,'2018-03-04 22:37:59',NULL,0),(438,'playerVirtual6','playerVirtual6_4246147567',0,'2018-03-04 22:37:59',NULL,0),(439,'playerVirtual12','playerVirtual12_4246147567',1,'2018-03-04 22:38:08',NULL,0),(440,'playerVirtual12','playerVirtual12_45ab2cfd47',3,'2018-03-04 22:38:09',NULL,0),(441,'playerVirtual12','playerVirtual12_4246147567',1,'2018-03-04 22:38:09',NULL,0),(442,'playerVirtual8','playerVirtual8_990694203',1,'2018-03-04 22:38:33',NULL,0),(443,'playerVirtual8','playerVirtual8_9f300ff5da',3,'2018-03-04 22:38:34',NULL,0),(444,'playerVirtual8','playerVirtual8_990694203',1,'2018-03-04 22:38:38',NULL,0),(445,'playerVirtual9','playerVirtual9_a6fc259069',4,'2018-03-04 22:38:49',NULL,0),(446,'playerVirtual5','playerVirtual5_67b3125a2f',4,'2018-03-04 22:38:56',NULL,0),(447,'playerVirtual6','playerVirtual6_e733840c20',4,'2018-03-04 22:38:59',NULL,0),(448,'playerVirtual11','playerVirtual11_359920779',0,'2018-03-04 22:40:36',NULL,0),(449,'playerVirtual11','playerVirtual11_359920779',0,'2018-03-04 22:40:37',NULL,0),(450,'playerVirtual3','playerVirtual3_a683daedea',4,'2018-03-04 22:40:46',NULL,0),(451,'playerVirtual18','playerVirtual18_5068098508',1,'2018-03-04 22:40:48',NULL,0),(452,'playerVirtual18','playerVirtual18_282a557f72',4,'2018-03-04 22:40:49',NULL,0),(453,'playerVirtual18','playerVirtual18_5068098508',1,'2018-03-04 22:40:49',NULL,0),(454,'playerVirtual11','playerVirtual11_ffce067edc',4,'2018-03-04 22:41:37',NULL,0),(455,'playerVirtual19','playerVirtual19_4246147567',0,'2018-03-04 22:41:56',NULL,0),(456,'playerVirtual19','playerVirtual19_4246147567',0,'2018-03-04 22:41:56',NULL,0),(457,'playerVirtual15','playerVirtual15_4246147567',1,'2018-03-04 22:42:35',NULL,0),(458,'playerVirtual15','playerVirtual15_766f9417e3',3,'2018-03-04 22:42:35',NULL,0),(459,'playerVirtual15','playerVirtual15_4246147567',1,'2018-03-04 22:42:36',NULL,0),(460,'playerVirtual19','playerVirtual19_1c90886d48',3,'2018-03-04 22:42:56',NULL,0),(461,'playerVirtual19','playerVirtual19_4246147567',1,'2018-03-04 22:43:58',NULL,0),(462,'playerVirtual19','playerVirtual19_b2ecf0ab7e',4,'2018-03-04 22:43:58',NULL,0),(463,'playerVirtual19','playerVirtual19_4246147567',1,'2018-03-04 22:43:58',NULL,0),(464,'playerVirtual14','playerVirtual14_4246147567',0,'2018-03-04 22:44:22',NULL,0),(465,'playerVirtual14','playerVirtual14_ee67e1a6ee',4,'2018-03-04 22:44:22',NULL,0),(466,'playerVirtual14','playerVirtual14_4246147567',0,'2018-03-04 22:44:23',NULL,0),(467,'playerVirtual10','playerVirtual10_4246147567',0,'2018-03-04 22:45:04',NULL,0),(468,'playerVirtual10','playerVirtual10_2b228bec43',3,'2018-03-04 22:45:04',NULL,0),(469,'playerVirtual10','playerVirtual10_4246147567',0,'2018-03-04 22:45:04',NULL,0),(470,'playerVirtual7','playerVirtual7_286fcbc667',4,'2018-03-04 22:46:57',NULL,0),(471,'playerVirtual13','playerVirtual13_1095593',0,'2018-03-04 22:47:36',NULL,0),(472,'playerVirtual13','playerVirtual13_1095593',0,'2018-03-04 22:47:37',NULL,0),(473,'playerVirtual13','playerVirtual13_34707c460d',3,'2018-03-04 22:48:37',NULL,0),(474,'playerVirtual6','playerVirtual6_4246147567',1,'2018-03-04 22:49:18',NULL,0),(475,'playerVirtual6','playerVirtual6_6f2d2dc15d',3,'2018-03-04 22:49:19',NULL,0),(476,'playerVirtual6','playerVirtual6_4246147567',1,'2018-03-04 22:49:19',NULL,0),(477,'playerVirtual2','playerVirtual2_4246147567',0,'2018-03-04 22:49:51',NULL,0),(478,'playerVirtual2','playerVirtual2_4246147567',0,'2018-03-04 22:49:52',NULL,0),(479,'playerVirtual8','playerVirtual8_4246147567',0,'2018-03-04 22:50:28',NULL,0),(480,'playerVirtual8','playerVirtual8_4246147567',0,'2018-03-04 22:50:29',NULL,0),(481,'playerVirtual2','playerVirtual2_ba649a1879',4,'2018-03-04 22:50:52',NULL,0),(482,'playerVirtual4','playerVirtual4_4246147567',0,'2018-03-04 22:50:58',NULL,0),(483,'playerVirtual4','playerVirtual4_4246147567',0,'2018-03-04 22:50:58',NULL,0),(484,'playerVirtual16','playerVirtual16_4246147567',0,'2018-03-04 22:51:06',NULL,0),(485,'playerVirtual16','playerVirtual16_4246147567',0,'2018-03-04 22:51:06',NULL,0),(486,'playerVirtual15','playerVirtual15_4246147567',0,'2018-03-04 22:51:24',NULL,0),(487,'playerVirtual15','playerVirtual15_6ecf05f381',4,'2018-03-04 22:51:25',NULL,0),(488,'playerVirtual15','playerVirtual15_4246147567',0,'2018-03-04 22:51:25',NULL,0),(489,'playerVirtual8','playerVirtual8_fee16dacdb',4,'2018-03-04 22:51:29',NULL,0),(490,'playerVirtual4','playerVirtual4_e42be2c1ba',3,'2018-03-04 22:51:58',NULL,0),(491,'playerVirtual16','playerVirtual16_4dd7084102',3,'2018-03-04 22:52:06',NULL,0),(492,'playerVirtual5','playerVirtual5_4246147567',1,'2018-03-04 22:52:43',NULL,0),(493,'playerVirtual5','playerVirtual5_af5ded1c18',3,'2018-03-04 22:52:43',NULL,0),(494,'playerVirtual5','playerVirtual5_4246147567',1,'2018-03-04 22:52:44',NULL,0),(495,'playerVirtual13','playerVirtual13_4246147567',0,'2018-03-04 22:53:32',NULL,0),(496,'playerVirtual13','playerVirtual13_ecd25aaf3c',4,'2018-03-04 22:53:32',NULL,0),(497,'playerVirtual13','playerVirtual13_4246147567',0,'2018-03-04 22:53:33',NULL,0),(498,'playerVirtual12','playerVirtual12_6335261139',0,'2018-03-04 22:53:59',NULL,0),(499,'playerVirtual12','playerVirtual12_6335261139',0,'2018-03-04 22:54:00',NULL,0),(500,'playerVirtual9','playerVirtual9_4246147567',1,'2018-03-04 22:54:21',NULL,0),(501,'playerVirtual9','playerVirtual9_69c47c8bd4',3,'2018-03-04 22:54:21',NULL,0),(502,'playerVirtual9','playerVirtual9_4246147567',1,'2018-03-04 22:54:22',NULL,0),(503,'playerVirtual12','playerVirtual12_cc999261ea',4,'2018-03-04 22:54:59',NULL,0),(504,'playerVirtual10','playerVirtual10_4246147567',1,'2018-03-04 22:55:09',NULL,0),(505,'playerVirtual10','playerVirtual10_0b75da0569',4,'2018-03-04 22:55:09',NULL,0),(506,'playerVirtual10','playerVirtual10_4246147567',1,'2018-03-04 22:55:10',NULL,0),(507,'playerVirtual1173','playerVirtual1173_81fb2f8968',4,'2018-03-04 22:55:26',NULL,0),(508,'playerVirtual16','playerVirtual16_4246147567',1,'2018-03-04 22:55:45',NULL,0),(509,'playerVirtual16','playerVirtual16_08e38b5028',4,'2018-03-04 22:55:45',NULL,0),(510,'playerVirtual16','playerVirtual16_4246147567',1,'2018-03-04 22:55:46',NULL,0),(511,'playerVirtual17','playerVirtual17_4246147567',0,'2018-03-04 22:56:20',NULL,0),(512,'playerVirtual17','playerVirtual17_613eb38540',3,'2018-03-04 22:56:20',NULL,0),(513,'playerVirtual11','playerVirtual11_4246147567',0,'2018-03-04 22:56:34',NULL,0),(514,'playerVirtual11','playerVirtual11_fa18282f37',3,'2018-03-04 22:56:35',NULL,0),(515,'playerVirtual11','playerVirtual11_4246147567',0,'2018-03-04 22:56:38',NULL,0),(516,'playerVirtual17','playerVirtual17_92e3e838fe',4,'2018-03-04 22:57:21',NULL,0),(517,'playerVirtual3','playerVirtual3_4246147567',0,'2018-03-04 22:57:36',NULL,0),(518,'playerVirtual3','playerVirtual3_cb5cfe039b',3,'2018-03-04 22:57:37',NULL,0),(519,'playerVirtual3','playerVirtual3_4246147567',0,'2018-03-04 22:57:37',NULL,0),(520,'playerVirtual4','playerVirtual4_4246147567',1,'2018-03-04 22:58:56',NULL,0),(521,'playerVirtual4','playerVirtual4_f2ff8df787',4,'2018-03-04 22:58:56',NULL,0),(522,'playerVirtual4','playerVirtual4_4246147567',1,'2018-03-04 22:58:57',NULL,0),(523,'playerVirtual2','playerVirtual2_4246147567',1,'2018-03-04 23:00:20',NULL,0),(524,'playerVirtual2','playerVirtual2_3027741622',3,'2018-03-04 23:00:20',NULL,0),(525,'playerVirtual2','playerVirtual2_4246147567',1,'2018-03-04 23:00:20',NULL,0),(526,'playerVirtual14','playerVirtual14_4246147567',1,'2018-03-04 23:00:26',NULL,0),(527,'playerVirtual14','playerVirtual14_3ce7e87520',3,'2018-03-04 23:00:26',NULL,0),(528,'playerVirtual14','playerVirtual14_4246147567',1,'2018-03-04 23:00:27',NULL,0),(529,'playerVirtual7','playerVirtual7_4246147567',0,'2018-03-04 23:01:28',NULL,0),(530,'playerVirtual7','playerVirtual7_94d8266b23',3,'2018-03-04 23:01:28',NULL,0),(531,'playerVirtual18','playerVirtual18_4246147567',0,'2018-03-04 23:03:17',NULL,0),(532,'playerVirtual18','playerVirtual18_4246147567',0,'2018-03-04 23:03:17',NULL,0),(533,'playerVirtual5','playerVirtual5_1436344784',1,'2018-03-04 23:03:40',NULL,0),(534,'playerVirtual5','playerVirtual5_9b431d123a',4,'2018-03-04 23:03:40',NULL,0),(535,'playerVirtual5','playerVirtual5_1436344784',1,'2018-03-04 23:03:40',NULL,0),(536,'playerVirtual18','playerVirtual18_8f1b93c55c',3,'2018-03-04 23:04:17',NULL,0),(537,'playerVirtual8','playerVirtual8_4246147567',1,'2018-03-04 23:05:16',NULL,0),(538,'playerVirtual8','playerVirtual8_0a9fed40de',3,'2018-03-04 23:05:16',NULL,0),(539,'playerVirtual8','playerVirtual8_4246147567',1,'2018-03-04 23:05:16',NULL,0),(540,'playerVirtual6','playerVirtual6_6344084916',0,'2018-03-04 23:06:35',NULL,0),(541,'playerVirtual6','playerVirtual6_6344084916',0,'2018-03-04 23:06:36',NULL,0),(542,'playerVirtual9','playerVirtual9_4246147567',0,'2018-03-04 23:06:36',NULL,0),(543,'playerVirtual9','playerVirtual9_02c27360f1',4,'2018-03-04 23:06:36',NULL,0),(544,'playerVirtual9','playerVirtual9_4246147567',0,'2018-03-04 23:06:36',NULL,0),(545,'playerVirtual3','playerVirtual3_b642b10b19',4,'2018-03-04 23:06:41',NULL,0),(546,'playerVirtual12','playerVirtual12_990694203',0,'2018-03-04 23:06:56',NULL,0),(547,'playerVirtual12','playerVirtual12_990694203',0,'2018-03-04 23:06:56',NULL,0),(548,'playerVirtual6','playerVirtual6_5c8ed8220d',4,'2018-03-04 23:07:35',NULL,0),(549,'playerVirtual12','playerVirtual12_5930cfa9cf',3,'2018-03-04 23:07:56',NULL,0),(550,'playerVirtual18','playerVirtual18_4246147567',1,'2018-03-04 23:07:59',NULL,0),(551,'playerVirtual18','playerVirtual18_d4d8219951',4,'2018-03-04 23:07:59',NULL,0),(552,'playerVirtual18','playerVirtual18_4246147567',1,'2018-03-04 23:08:00',NULL,0),(553,'playerVirtual11','playerVirtual11_aa537aed02',4,'2018-03-04 23:08:02',NULL,0),(554,'playerVirtual15','playerVirtual15_4246147567',1,'2018-03-04 23:09:14',NULL,0),(555,'playerVirtual15','playerVirtual15_d99b87e070',3,'2018-03-04 23:09:15',NULL,0),(556,'playerVirtual15','playerVirtual15_4246147567',1,'2018-03-04 23:09:15',NULL,0),(557,'playerVirtual19','playerVirtual19_4246147567',0,'2018-03-04 23:09:50',NULL,0),(558,'playerVirtual19','playerVirtual19_a591561a97',3,'2018-03-04 23:09:51',NULL,0),(559,'playerVirtual19','playerVirtual19_4246147567',0,'2018-03-04 23:09:51',NULL,0),(560,'playerVirtual19','playerVirtual19_4246147567',1,'2018-03-04 23:10:52',NULL,0),(561,'playerVirtual19','playerVirtual19_89bd55d692',4,'2018-03-04 23:10:52',NULL,0),(562,'playerVirtual19','playerVirtual19_4246147567',1,'2018-03-04 23:10:52',NULL,0),(563,'playerVirtual10','playerVirtual10_4246147567',0,'2018-03-04 23:13:05',NULL,0),(564,'playerVirtual10','playerVirtual10_0f623cb1dd',3,'2018-03-04 23:13:05',NULL,0),(565,'playerVirtual10','playerVirtual10_4246147567',0,'2018-03-04 23:13:05',NULL,0),(566,'playerVirtual14','playerVirtual14_6566788',0,'2018-03-04 23:13:27',NULL,0),(567,'playerVirtual14','playerVirtual14_6566788',0,'2018-03-04 23:13:27',NULL,0),(568,'playerVirtual7','playerVirtual7_ceb24ce4bc',4,'2018-03-04 23:14:04',NULL,0),(569,'playerVirtual14','playerVirtual14_9eff7e2c51',4,'2018-03-04 23:14:27',NULL,0),(570,'playerVirtual13','playerVirtual13_4246147567',1,'2018-03-04 23:15:56',NULL,0),(571,'playerVirtual13','playerVirtual13_6f17a51e2c',3,'2018-03-04 23:15:56',NULL,0),(572,'playerVirtual13','playerVirtual13_4246147567',1,'2018-03-04 23:15:56',NULL,0),(573,'playerVirtual2','playerVirtual2_272887063',1,'2018-03-04 23:19:12',NULL,0),(574,'playerVirtual2','playerVirtual2_c054862106',4,'2018-03-04 23:19:12',NULL,0),(575,'playerVirtual2','playerVirtual2_272887063',1,'2018-03-04 23:19:12',NULL,0),(576,'playerVirtual6','playerVirtual6_4246147567',0,'2018-03-04 23:19:54',NULL,0),(577,'playerVirtual6','playerVirtual6_14799c066f',3,'2018-03-04 23:19:54',NULL,0),(578,'playerVirtual6','playerVirtual6_4246147567',0,'2018-03-04 23:19:54',NULL,0),(579,'playerVirtual16','playerVirtual16_272887063',0,'2018-03-04 23:20:27',NULL,0),(580,'playerVirtual16','playerVirtual16_272887063',0,'2018-03-04 23:20:27',NULL,0),(581,'playerVirtual8','playerVirtual8_82730999',0,'2018-03-04 23:20:45',NULL,0),(582,'playerVirtual8','playerVirtual8_82730999',0,'2018-03-04 23:20:45',NULL,0),(583,'playerVirtual4','playerVirtual4_4246147567',0,'2018-03-04 23:20:51',NULL,0),(584,'playerVirtual4','playerVirtual4_55f2d33eaf',3,'2018-03-04 23:20:51',NULL,0),(585,'playerVirtual4','playerVirtual4_4246147567',0,'2018-03-04 23:20:51',NULL,0),(586,'playerVirtual15','playerVirtual15_16917741',0,'2018-03-04 23:21:13',NULL,0),(587,'playerVirtual15','playerVirtual15_16917741',0,'2018-03-04 23:21:14',NULL,0),(588,'playerVirtual16','playerVirtual16_2659c6b59d',3,'2018-03-04 23:21:27',NULL,0),(589,'playerVirtual8','playerVirtual8_6eafd561ce',4,'2018-03-04 23:21:45',NULL,0),(590,'playerVirtual5','playerVirtual5_4246147567',0,'2018-03-04 23:21:48',NULL,0),(591,'playerVirtual5','playerVirtual5_24c4168080',3,'2018-03-04 23:21:48',NULL,0),(592,'playerVirtual5','playerVirtual5_4246147567',0,'2018-03-04 23:21:49',NULL,0),(593,'playerVirtual9','playerVirtual9_5ab71d1121',3,'2018-03-04 23:22:12',NULL,0),(594,'playerVirtual15','playerVirtual15_e4f90839ad',4,'2018-03-04 23:22:14',NULL,0),(595,'playerVirtual10','playerVirtual10_4246147567',1,'2018-03-04 23:23:13',NULL,0),(596,'playerVirtual10','playerVirtual10_cfa35aa20f',4,'2018-03-04 23:23:14',NULL,0),(597,'playerVirtual10','playerVirtual10_4246147567',1,'2018-03-04 23:23:16',NULL,0),(598,'playerVirtual13','playerVirtual13_3338579772',0,'2018-03-04 23:23:23',NULL,0),(599,'playerVirtual13','playerVirtual13_3338579772',0,'2018-03-04 23:23:24',NULL,0),(600,'playerVirtual12','playerVirtual12_ebf7ab3eba',4,'2018-03-04 23:23:47',NULL,0);
/*!40000 ALTER TABLE `REQUEST` ENABLE KEYS */;
UNLOCK TABLES;

--
-- Table structure for table `STATUS`
--

DROP TABLE IF EXISTS `STATUS`;
/*!40101 SET @saved_cs_client     = @@character_set_client */;
/*!40101 SET character_set_client = utf8 */;
CREATE TABLE `STATUS` (
  `id` int(11) NOT NULL AUTO_INCREMENT,
  `players` int(11) DEFAULT '0',
  `all_requests` int(11) DEFAULT '0',
  `accepts` int(11) DEFAULT '0',
  `rejects` int(11) DEFAULT '0',
  `fairness` float DEFAULT '0',
  `timestamp` timestamp NULL DEFAULT NULL,
  PRIMARY KEY (`id`)
) ENGINE=InnoDB AUTO_INCREMENT=32 DEFAULT CHARSET=utf8;
/*!40101 SET character_set_client = @saved_cs_client */;

--
-- Dumping data for table `STATUS`
--

LOCK TABLES `STATUS` WRITE;
/*!40000 ALTER TABLE `STATUS` DISABLE KEYS */;
INSERT INTO `STATUS` VALUES (1,0,0,0,0,0,'2018-03-04 20:53:51'),(2,2,4,3,1,0.75,'2018-03-04 20:58:51'),(3,3,10,8,2,0.8,'2018-03-04 21:03:51'),(4,5,16,11,5,0.6875,'2018-03-04 21:08:52'),(5,6,22,14,8,0.636364,'2018-03-04 21:13:52'),(6,8,27,18,9,0.666667,'2018-03-04 21:18:52'),(7,9,35,24,11,0.685714,'2018-03-04 21:23:52'),(8,10,40,29,11,0.725,'2018-03-04 21:28:52'),(9,12,46,34,12,0.73913,'2018-03-04 21:33:52'),(10,13,52,39,13,0.75,'2018-03-04 21:38:52'),(11,15,58,42,16,0.724138,'2018-03-04 21:43:52'),(12,16,65,48,17,0.738462,'2018-03-04 21:48:53'),(13,18,70,52,18,0.742857,'2018-03-04 21:53:53'),(14,19,74,56,18,0.756757,'2018-03-04 21:58:53'),(15,20,77,58,19,0.753247,'2018-03-04 22:03:53'),(16,22,82,63,19,0.768293,'2018-03-04 22:08:53'),(17,23,84,64,20,0.761905,'2018-03-04 22:13:53'),(18,24,88,68,20,0.772727,'2018-03-04 22:18:53'),(19,25,92,72,20,0.782609,'2018-03-04 22:23:53'),(20,25,97,76,21,0.783505,'2018-03-04 22:28:54'),(21,26,99,77,22,0.777778,'2018-03-04 22:33:54'),(22,26,103,81,22,0.786408,'2018-03-04 22:38:54'),(23,26,105,82,23,0.780952,'2018-03-04 22:43:54'),(24,26,108,84,24,0.777778,'2018-03-04 22:48:54'),(25,26,114,90,24,0.789474,'2018-03-04 22:53:54'),(26,27,117,91,26,0.777778,'2018-03-04 22:58:54'),(27,27,118,92,26,0.779661,'2018-03-04 23:03:55'),(28,27,121,92,29,0.760331,'2018-03-04 23:08:55'),(29,27,124,95,29,0.766129,'2018-03-04 23:13:55'),(30,27,124,96,28,0.774194,'2018-03-04 23:18:55'),(31,28,131,103,28,0.78626,'2018-03-04 23:23:55');
/*!40000 ALTER TABLE `STATUS` ENABLE KEYS */;
UNLOCK TABLES;

--
-- Table structure for table `THRESHOLD`
--

DROP TABLE IF EXISTS `THRESHOLD`;
/*!40101 SET @saved_cs_client     = @@character_set_client */;
/*!40101 SET character_set_client = utf8 */;
CREATE TABLE `THRESHOLD` (
  `division` int(11) NOT NULL,
  `botton` float DEFAULT '0',
  `top` float DEFAULT '0',
  PRIMARY KEY (`division`)
) ENGINE=InnoDB DEFAULT CHARSET=utf8;
/*!40101 SET character_set_client = @saved_cs_client */;

--
-- Dumping data for table `THRESHOLD`
--

LOCK TABLES `THRESHOLD` WRITE;
/*!40000 ALTER TABLE `THRESHOLD` DISABLE KEYS */;
INSERT INTO `THRESHOLD` VALUES (1,8.76,20),(2,4.38,8.76),(3,0,4.38);
/*!40000 ALTER TABLE `THRESHOLD` ENABLE KEYS */;
UNLOCK TABLES;

--
-- Table structure for table `VM`
--

DROP TABLE IF EXISTS `VM`;
/*!40101 SET @saved_cs_client     = @@character_set_client */;
/*!40101 SET character_set_client = utf8 */;
CREATE TABLE `VM` (
  `id` int(11) NOT NULL AUTO_INCREMENT,
  `origin_add` varchar(45) NOT NULL,
  `origin_id` varchar(45) NOT NULL,
  `origin_name` varchar(45) NOT NULL,
  `destiny_add` varchar(45) NOT NULL,
  `destiny_name` varchar(45) NOT NULL,
  `destiny_id` varchar(45) NOT NULL,
  `status` tinyint(1) NOT NULL,
  `has_resources` tinyint(1) NOT NULL,
  `vcpus` int(11) NOT NULL,
  `mem` bigint(20) NOT NULL,
  `disk` bigint(20) NOT NULL,
  `timestamp_received` timestamp NULL DEFAULT NULL,
  `timestamp_finished` timestamp NULL DEFAULT NULL,
  PRIMARY KEY (`id`)
) ENGINE=InnoDB AUTO_INCREMENT=132 DEFAULT CHARSET=utf8;
/*!40101 SET character_set_client = @saved_cs_client */;

--
-- Dumping data for table `VM`
--

LOCK TABLES `VM` WRITE;
/*!40000 ALTER TABLE `VM` DISABLE KEYS */;
INSERT INTO `VM` VALUES (1,'192.168.0.200','playerVirtual1_450512000','playerVirtual1','192.168.0.200','playerVirtual2','playerVirtual2_b0c6aaafe4',1,1,1,2048,20,'2018-03-04 20:56:02',NULL),(2,'192.168.0.200','playerVirtual2_1438244924','playerVirtual2','192.168.0.200','playerVirtual1','playerVirtual1_4ad5ed1dbf',3,1,1,2048,20,'2018-03-04 20:56:04','2018-03-04 21:57:57'),(3,'192.168.0.200','playerVirtual1_640692267','playerVirtual1','192.168.0.200','playerVirtual2','playerVirtual2_09865d835f',1,1,1,512,1,'2018-03-04 20:58:08',NULL),(4,'192.168.0.200','playerVirtual2_2381571381','playerVirtual2','192.168.0.200','playerVirtual1','playerVirtual2_2381571381',0,0,1,2048,20,'2018-03-04 20:58:09','2018-03-04 20:58:09'),(5,'192.168.0.200','playerVirtual1_5297461910','playerVirtual1','192.168.0.200','playerVirtual3','playerVirtual3_440e61325b',1,1,1,512,1,'2018-03-04 21:00:11',NULL),(6,'192.168.0.200','playerVirtual2_2790332778','playerVirtual2','192.168.0.200','playerVirtual3','playerVirtual3_2c19f8abe4',1,1,2,4096,40,'2018-03-04 21:00:16',NULL),(7,'192.168.0.200','playerVirtual3_369721705','playerVirtual3','192.168.0.200','playerVirtual2','playerVirtual2_5aabc0615c',1,1,2,4096,40,'2018-03-04 21:01:17',NULL),(8,'192.168.0.200','playerVirtual1_317469422','playerVirtual1','192.168.0.200','playerVirtual2','playerVirtual2_61ec074d34',1,1,2,4096,40,'2018-03-04 21:02:20',NULL),(9,'192.168.0.200','playerVirtual2_6955737','playerVirtual2','192.168.0.200','playerVirtual1','playerVirtual2_6955737',0,0,1,2048,20,'2018-03-04 21:02:22','2018-03-04 21:02:22'),(10,'192.168.0.200','playerVirtual3_257338104','playerVirtual3','192.168.0.200','playerVirtual2','playerVirtual2_bf4c2fd997',1,1,2,4096,40,'2018-03-04 21:03:18',NULL),(11,'192.168.0.200','playerVirtual2_2433236783','playerVirtual2','192.168.0.200','playerVirtual3','playerVirtual2_2433236783',0,0,1,2048,20,'2018-03-04 21:04:30','2018-03-04 21:04:30'),(12,'192.168.0.200','playerVirtual3_3338579772','playerVirtual3','192.168.0.200','playerVirtual4','playerVirtual4_06528b519c',3,1,1,2048,20,'2018-03-04 21:05:32','2018-03-04 21:56:05'),(13,'192.168.0.200','playerVirtual2_2359368952','playerVirtual2','192.168.0.200','playerVirtual0','playerVirtual2_2359368952',0,1,1,512,1,'2018-03-04 21:06:46','2018-03-04 21:06:46'),(14,'192.168.0.200','playerVirtual3_16917741','playerVirtual3','192.168.0.200','playerVirtual4','playerVirtual4_44f7aa427b',1,1,1,512,1,'2018-03-04 21:07:46',NULL),(15,'192.168.0.200','playerVirtual4_2545640208','playerVirtual4','192.168.0.200','playerVirtual0','playerVirtual4_2545640208',0,1,1,2048,20,'2018-03-04 21:08:43','2018-03-04 21:08:43'),(16,'192.168.0.200','playerVirtual0_908315','playerVirtual0','192.168.0.200','playerVirtual4','playerVirtual4_33cc3740fc',1,1,1,2048,20,'2018-03-04 21:08:44',NULL),(17,'192.168.0.200','playerVirtual2_539194189','playerVirtual2','192.168.0.200','playerVirtual0','playerVirtual2_539194189',0,1,1,2048,20,'2018-03-04 21:09:16','2018-03-04 21:09:16'),(18,'192.168.0.200','playerVirtual3_4820204870','playerVirtual3','192.168.0.200','playerVirtual5','playerVirtual5_a20ab27e9a',3,1,2,4096,40,'2018-03-04 21:10:59','2018-03-04 21:39:21'),(19,'192.168.0.200','playerVirtual4_8058564','playerVirtual4','192.168.0.200','playerVirtual0','playerVirtual4_8058564',0,1,1,2048,20,'2018-03-04 21:12:37','2018-03-04 21:12:37'),(20,'192.168.0.200','playerVirtual0_1429160667','playerVirtual0','192.168.0.200','playerVirtual4','playerVirtual4_8268be0b08',1,1,1,2048,20,'2018-03-04 21:12:45',NULL),(21,'192.168.0.200','playerVirtual2_82730999','playerVirtual2','192.168.0.200','playerVirtual5','playerVirtual5_3d48feed88',1,1,1,512,1,'2018-03-04 21:13:09',NULL),(22,'192.168.0.200','playerVirtual5_3338010893','playerVirtual5','192.168.0.200','playerVirtual0','playerVirtual5_3338010893',0,1,1,512,1,'2018-03-04 21:13:25','2018-03-04 21:13:25'),(23,'192.168.0.200','playerVirtual3_351652724','playerVirtual3','192.168.0.200','playerVirtual4','playerVirtual4_180b1bbcec',1,1,1,2048,20,'2018-03-04 21:14:11',NULL),(24,'192.168.0.200','playerVirtual4_6571218','playerVirtual4','192.168.0.200','playerVirtual6','playerVirtual6_99571b3611',1,1,1,2048,20,'2018-03-04 21:15:08',NULL),(25,'192.168.0.200','playerVirtual5_1339662','playerVirtual5','192.168.0.200','playerVirtual4','playerVirtual4_972499c841',1,1,1,2048,20,'2018-03-04 21:15:38',NULL),(26,'192.168.0.200','playerVirtual2_1436344784','playerVirtual2','192.168.0.200','playerVirtual5','playerVirtual5_ff28d16db7',3,1,1,2048,20,'2018-03-04 21:15:47','2018-03-04 22:15:34'),(27,'192.168.0.200','playerVirtual3_284794223','playerVirtual3','192.168.0.200','playerVirtual1374','playerVirtual3_284794223',0,1,1,2048,20,'2018-03-04 21:17:31','2018-03-04 21:17:31'),(28,'192.168.0.200','playerVirtual4_359920779','playerVirtual4','192.168.0.200','playerVirtual6','playerVirtual6_5265ccd7b9',3,1,1,512,1,'2018-03-04 21:19:10','2018-03-04 22:33:04'),(29,'192.168.0.200','playerVirtual2_2904109077','playerVirtual2','192.168.0.200','playerVirtual4','playerVirtual4_c8ec6f95ce',1,1,1,512,1,'2018-03-04 21:19:44',NULL),(30,'192.168.0.200','playerVirtual5_904011','playerVirtual5','192.168.0.200','playerVirtual1374','playerVirtual5_904011',0,1,1,2048,20,'2018-03-04 21:19:58','2018-03-04 21:19:58'),(31,'192.168.0.200','playerVirtual6_1093460','playerVirtual6','192.168.0.200','playerVirtual7','playerVirtual7_90f2f66d3c',1,1,1,512,1,'2018-03-04 21:20:36',NULL),(32,'192.168.0.200','playerVirtual3_905614','playerVirtual3','192.168.0.200','playerVirtual5','playerVirtual5_94bbb01f41',1,1,1,2048,20,'2018-03-04 21:20:45',NULL),(33,'192.168.0.200','playerVirtual4_470485660','playerVirtual4','192.168.0.200','playerVirtual6','playerVirtual6_594475fb0a',1,1,2,4096,40,'2018-03-04 21:21:45',NULL),(34,'192.168.0.200','playerVirtual5_5792765','playerVirtual5','192.168.0.200','playerVirtual4','playerVirtual4_38f4efc40e',1,1,1,512,1,'2018-03-04 21:22:19',NULL),(35,'192.168.0.200','playerVirtual2_30788568','playerVirtual2','192.168.0.200','playerVirtual1374','playerVirtual2_30788568',0,1,1,512,1,'2018-03-04 21:22:27','2018-03-04 21:22:27'),(36,'192.168.0.200','playerVirtual3_400453824','playerVirtual3','192.168.0.200','playerVirtual5','playerVirtual5_21db12d481',1,1,1,512,1,'2018-03-04 21:24:20',NULL),(37,'192.168.0.200','playerVirtual6_38671842','playerVirtual6','192.168.0.200','playerVirtual8','playerVirtual8_7e4d3dc10a',1,1,1,512,1,'2018-03-04 21:25:21',NULL),(38,'192.168.0.200','playerVirtual4_4819935267','playerVirtual4','192.168.0.200','playerVirtual6','playerVirtual6_0f14892a7a',1,1,2,4096,40,'2018-03-04 21:26:07',NULL),(39,'192.168.0.200','playerVirtual2_6264344062','playerVirtual2','192.168.0.200','playerVirtual4','playerVirtual4_bcab603965',3,1,1,512,1,'2018-03-04 21:26:44','2018-03-04 22:09:38'),(40,'192.168.0.200','playerVirtual5_4820217293','playerVirtual5','192.168.0.200','playerVirtual8','playerVirtual8_9b067d9421',1,1,2,4096,40,'2018-03-04 21:26:58',NULL),(41,'192.168.0.200','playerVirtual6_2148750930','playerVirtual6','192.168.0.200','playerVirtual2','playerVirtual2_24d640ae03',1,1,1,2048,20,'2018-03-04 21:29:08',NULL),(42,'192.168.0.200','playerVirtual3_1095593','playerVirtual3','192.168.0.200','playerVirtual8','playerVirtual8_1a0811a191',3,1,1,512,1,'2018-03-04 21:29:13','2018-03-04 22:08:14'),(43,'192.168.0.200','playerVirtual4_563574327','playerVirtual4','192.168.0.200','playerVirtual1864','playerVirtual4_563574327',0,1,1,2048,20,'2018-03-04 21:30:22','2018-03-04 21:30:22'),(44,'192.168.0.200','playerVirtual8_227443932','playerVirtual8','192.168.0.200','playerVirtual9','playerVirtual9_b5820796b7',1,1,1,2048,20,'2018-03-04 21:30:28',NULL),(45,'192.168.0.200','playerVirtual5_16915963','playerVirtual5','192.168.0.200','playerVirtual6','playerVirtual6_0361aee7b5',1,1,1,2048,20,'2018-03-04 21:31:01',NULL),(46,'192.168.0.200','playerVirtual3_6274355716','playerVirtual3','192.168.0.200','playerVirtual8','playerVirtual8_e694c0650d',3,1,1,512,1,'2018-03-04 21:33:11','2018-03-04 22:17:18'),(47,'192.168.0.200','playerVirtual6_272887063','playerVirtual6','192.168.0.200','playerVirtual2','playerVirtual2_6ded17ecab',3,1,1,2048,20,'2018-03-04 21:34:09','2018-03-04 21:45:09'),(48,'192.168.0.200','playerVirtual8_4820204870','playerVirtual8','192.168.0.200','playerVirtual1864','playerVirtual8_4820204870',0,1,2,4096,40,'2018-03-04 21:34:10','2018-03-04 21:34:10'),(49,'192.168.0.200','playerVirtual2_38676294','playerVirtual2','192.168.0.200','playerVirtual9','playerVirtual9_d7d120b31e',1,1,1,512,1,'2018-03-04 21:34:36',NULL),(50,'192.168.0.200','playerVirtual9_284757920','playerVirtual9','192.168.0.200','playerVirtual10','playerVirtual10_370ca5c300',1,1,1,2048,20,'2018-03-04 21:35:49',NULL),(51,'192.168.0.200','playerVirtual4_182859403','playerVirtual4','192.168.0.200','playerVirtual6','playerVirtual6_c4417bd2d5',3,1,1,512,1,'2018-03-04 21:36:02','2018-03-04 22:09:05'),(52,'192.168.0.200','playerVirtual5_990694203','playerVirtual5','192.168.0.200','playerVirtual8','playerVirtual8_1b96ffbe3d',3,1,1,2048,20,'2018-03-04 21:37:24','2018-03-04 21:41:28'),(53,'192.168.0.200','playerVirtual6_6280643141','playerVirtual6','192.168.0.200','playerVirtual5','playerVirtual5_5d82d7f832',1,1,1,512,1,'2018-03-04 21:39:52',NULL),(54,'192.168.0.200','playerVirtual9_2359368952','playerVirtual9','192.168.0.200','playerVirtual11','playerVirtual11_41912944c9',1,1,1,512,1,'2018-03-04 21:40:07',NULL),(55,'192.168.0.200','playerVirtual2_272887063','playerVirtual2','192.168.0.200','playerVirtual10','playerVirtual10_dbb20072c8',3,1,1,2048,20,'2018-03-04 21:40:44','2018-03-04 23:19:12'),(56,'192.168.0.200','playerVirtual8_4476462938','playerVirtual8','192.168.0.200','playerVirtual2','playerVirtual2_89b78a56ff',1,1,1,2048,20,'2018-03-04 21:41:23',NULL),(57,'192.168.0.200','playerVirtual10_6280638724','playerVirtual10','192.168.0.200','playerVirtual1242','playerVirtual10_6280638724',0,1,1,512,1,'2018-03-04 21:42:49','2018-03-04 21:42:49'),(58,'192.168.0.200','playerVirtual3_1436323714','playerVirtual3','192.168.0.200','playerVirtual11','playerVirtual11_0ea98dee31',1,1,1,2048,20,'2018-03-04 21:43:26',NULL),(59,'192.168.0.200','playerVirtual8_6285257156','playerVirtual8','192.168.0.200','playerVirtual12','playerVirtual12_21ce9875ee',1,1,1,512,1,'2018-03-04 21:46:02',NULL),(60,'192.168.0.200','playerVirtual2_182859403','playerVirtual2','192.168.0.200','playerVirtual6','playerVirtual6_84ee4191f3',3,1,1,512,1,'2018-03-04 21:46:19','2018-03-04 22:24:55'),(61,'192.168.0.200','playerVirtual4_214880781','playerVirtual4','192.168.0.200','playerVirtual8','playerVirtual8_b503ca7f40',1,1,1,2048,20,'2018-03-04 21:46:28',NULL),(62,'192.168.0.200','playerVirtual10_6955737','playerVirtual10','192.168.0.200','playerVirtual1242','playerVirtual10_6955737',0,1,1,2048,20,'2018-03-04 21:46:34','2018-03-04 21:46:34'),(63,'192.168.0.200','playerVirtual9_1094955','playerVirtual9','192.168.0.200','playerVirtual10','playerVirtual10_8505212cc0',1,1,1,512,1,'2018-03-04 21:47:17',NULL),(64,'192.168.0.200','playerVirtual5_16914091','playerVirtual5','192.168.0.200','playerVirtual2','playerVirtual2_a9d915fc99',1,1,1,2048,20,'2018-03-04 21:47:54',NULL),(65,'192.168.0.200','playerVirtual11_682797','playerVirtual11','192.168.0.200','playerVirtual12','playerVirtual12_8c04b9e3c2',1,1,1,2048,20,'2018-03-04 21:48:26',NULL),(66,'192.168.0.200','playerVirtual3_1438244924','playerVirtual3','192.168.0.200','playerVirtual13','playerVirtual13_ceed2b53c4',3,1,1,2048,20,'2018-03-04 21:50:59','2018-03-04 22:03:27'),(67,'192.168.0.200','playerVirtual6_2381571381','playerVirtual6','192.168.0.200','playerVirtual11','playerVirtual11_2680a96605',1,1,1,2048,20,'2018-03-04 21:51:40',NULL),(68,'192.168.0.200','playerVirtual4_6289355687','playerVirtual4','192.168.0.200','playerVirtual6','playerVirtual6_56848b242a',1,1,1,512,1,'2018-03-04 21:52:54',NULL),(69,'192.168.0.200','playerVirtual11_794070039','playerVirtual11','192.168.0.200','playerVirtual1812','playerVirtual11_794070039',0,1,1,512,1,'2018-03-04 21:53:00','2018-03-04 21:53:00'),(70,'192.168.0.200','playerVirtual9_6289704471','playerVirtual9','192.168.0.200','playerVirtual10','playerVirtual10_a9e693cfbe',3,1,1,512,1,'2018-03-04 21:53:39','2018-03-04 22:13:01'),(71,'192.168.0.200','playerVirtual8_2378747961','playerVirtual8','192.168.0.200','playerVirtual2','playerVirtual2_b1d6fbe0be',3,1,1,512,1,'2018-03-04 21:54:19','2018-03-04 22:00:22'),(72,'192.168.0.200','playerVirtual5_1436344784','playerVirtual5','192.168.0.200','playerVirtual8','playerVirtual8_1bc52bd2b8',3,1,1,2048,20,'2018-03-04 21:54:19','2018-03-04 23:03:40'),(73,'192.168.0.200','playerVirtual12_3338579772','playerVirtual12','192.168.0.200','playerVirtual13','playerVirtual13_23630a7b2b',1,1,1,2048,20,'2018-03-04 21:54:40',NULL),(74,'192.168.0.200','playerVirtual10_1438244924','playerVirtual10','192.168.0.200','playerVirtual14','playerVirtual14_0c900468e5',1,1,1,2048,20,'2018-03-04 21:56:15',NULL),(75,'192.168.0.200','playerVirtual6_6296268057','playerVirtual6','192.168.0.200','playerVirtual4','playerVirtual4_e41d60dd50',1,1,1,512,1,'2018-03-04 22:00:04',NULL),(76,'192.168.0.200','playerVirtual13_990694203','playerVirtual13','192.168.0.200','playerVirtual15','playerVirtual15_5d8f1908e8',3,1,1,2048,20,'2018-03-04 22:01:41','2018-03-04 22:03:45'),(77,'192.168.0.200','playerVirtual4_182859403','playerVirtual4','192.168.0.200','playerVirtual12','playerVirtual12_bacf09bd4d',3,1,1,512,1,'2018-03-04 22:03:39','2018-03-04 22:09:05'),(78,'192.168.0.200','playerVirtual12_1095593','playerVirtual12','192.168.0.200','playerVirtual10','playerVirtual10_477eb98eb4',3,1,1,512,1,'2018-03-04 22:04:14','2018-03-04 22:15:07'),(79,'192.168.0.200','playerVirtual9_6301942525','playerVirtual9','192.168.0.200','playerVirtual16','playerVirtual16_47c081ba9b',1,1,1,512,1,'2018-03-04 22:05:37',NULL),(80,'192.168.0.200','playerVirtual11_6264344062','playerVirtual11','192.168.0.200','playerVirtual13','playerVirtual13_970e3df40a',1,1,1,2048,20,'2018-03-04 22:06:14',NULL),(81,'192.168.0.200','playerVirtual10_6274355716','playerVirtual10','192.168.0.200','playerVirtual14','playerVirtual14_891d215904',1,1,1,512,1,'2018-03-04 22:07:21',NULL),(82,'192.168.0.200','playerVirtual5_6289704471','playerVirtual5','192.168.0.200','playerVirtual2','playerVirtual2_64f3da3ff9',3,1,1,2048,20,'2018-03-04 22:08:00','2018-03-04 22:28:09'),(83,'192.168.0.200','playerVirtual14_5297461910','playerVirtual14','192.168.0.200','playerVirtual1738','playerVirtual14_5297461910',0,1,1,512,1,'2018-03-04 22:11:10','2018-03-04 22:11:10'),(84,'192.168.0.200','playerVirtual6_539194189','playerVirtual6','192.168.0.200','playerVirtual17','playerVirtual17_b3e4811587',1,1,1,2048,20,'2018-03-04 22:12:40',NULL),(85,'192.168.0.200','playerVirtual8_908315','playerVirtual8','192.168.0.200','playerVirtual4','playerVirtual4_a5e2db096c',1,1,1,2048,20,'2018-03-04 22:14:08',NULL),(86,'192.168.0.200','playerVirtual11_4246147567','playerVirtual11','192.168.0.200','playerVirtual18','playerVirtual18_3c1088514c',3,1,2,4096,40,'2018-03-04 22:15:55','2018-03-04 22:29:09'),(87,'192.168.0.200','playerVirtual14_4246147567','playerVirtual14','192.168.0.200','playerVirtual15','playerVirtual15_2710858cba',3,1,2,4096,40,'2018-03-04 22:17:51','2018-03-04 23:00:27'),(88,'192.168.0.200','playerVirtual15_182859403','playerVirtual15','192.168.0.200','playerVirtual12','playerVirtual12_56230d1958',1,1,1,512,1,'2018-03-04 22:17:58',NULL),(89,'192.168.0.200','playerVirtual10_4246147567','playerVirtual10','192.168.0.200','playerVirtual16','playerVirtual16_a4ada2b83b',3,1,2,4096,40,'2018-03-04 22:19:36','2018-03-04 23:23:16'),(90,'192.168.0.200','playerVirtual13_4246147567','playerVirtual13','192.168.0.200','playerVirtual19','playerVirtual19_cefd738d77',3,1,2,4096,40,'2018-03-04 22:23:10','2018-03-04 23:15:56'),(91,'192.168.0.200','playerVirtual15_4246147567','playerVirtual15','192.168.0.200','playerVirtual10','playerVirtual10_e127ebc150',3,1,2,4096,40,'2018-03-04 22:23:51','2018-03-04 23:09:15'),(92,'192.168.0.200','playerVirtual8_990694203','playerVirtual8','192.168.0.200','playerVirtual5','playerVirtual5_93ce891ca9',3,1,1,2048,20,'2018-03-04 22:23:51','2018-03-04 22:38:38'),(93,'192.168.0.200','playerVirtual6_6316827871','playerVirtual6','192.168.0.200','playerVirtual8','playerVirtual8_c208db3bf5',1,1,1,512,1,'2018-03-04 22:24:00',NULL),(94,'192.168.0.200','playerVirtual16_6289704471','playerVirtual16','192.168.0.200','playerVirtual13','playerVirtual13_c19f83405c',1,1,1,2048,20,'2018-03-04 22:24:55',NULL),(95,'192.168.0.200','playerVirtual4_6315250734','playerVirtual4','192.168.0.200','playerVirtual14','playerVirtual14_1c998b3d63',1,1,1,512,1,'2018-03-04 22:25:06',NULL),(96,'192.168.0.200','playerVirtual12_4246147567','playerVirtual12','192.168.0.200','playerVirtual18','playerVirtual18_bb87aa2e97',3,1,2,4096,40,'2018-03-04 22:27:16','2018-03-04 22:38:09'),(97,'192.168.0.200','playerVirtual9_2378747961','playerVirtual9','192.168.0.200','playerVirtual15','playerVirtual15_6d8655eab5',1,1,1,512,1,'2018-03-04 22:28:33',NULL),(98,'192.168.0.200','playerVirtual16_6322213339','playerVirtual16','192.168.0.200','playerVirtual19','playerVirtual19_d9cf8e4edf',1,1,1,512,1,'2018-03-04 22:29:32',NULL),(99,'192.168.0.200','playerVirtual3_4246147567','playerVirtual3','192.168.0.200','playerVirtual1014','playerVirtual3_4246147567',0,1,2,4096,40,'2018-03-04 22:30:39','2018-03-04 22:30:39'),(100,'192.168.0.200','playerVirtual18_5068098508','playerVirtual18','192.168.0.200','playerVirtual16','playerVirtual16_cd0761a6f3',3,1,1,2048,20,'2018-03-04 22:36:06','2018-03-04 22:40:49'),(101,'192.168.0.200','playerVirtual9_4246147567','playerVirtual9','192.168.0.200','playerVirtual13','playerVirtual13_4ee16a21d6',3,1,2,4096,40,'2018-03-04 22:37:49','2018-03-04 22:54:22'),(102,'192.168.0.200','playerVirtual5_4246147567','playerVirtual5','192.168.0.200','playerVirtual2','playerVirtual2_80687d568c',3,1,2,4096,40,'2018-03-04 22:37:56','2018-03-04 22:52:44'),(103,'192.168.0.200','playerVirtual6_4246147567','playerVirtual6','192.168.0.200','playerVirtual10','playerVirtual10_d5b614fab3',3,1,2,4096,40,'2018-03-04 22:37:59','2018-03-04 22:49:19'),(104,'192.168.0.200','playerVirtual11_359920779','playerVirtual11','192.168.0.200','playerVirtual14','playerVirtual14_6aef95f646',1,1,1,512,1,'2018-03-04 22:40:37',NULL),(105,'192.168.0.200','playerVirtual19_4246147567','playerVirtual19','192.168.0.200','playerVirtual18','playerVirtual18_0fe06f45e8',3,1,2,4096,40,'2018-03-04 22:41:57','2018-03-04 23:10:52'),(106,'192.168.0.200','playerVirtual14_4246147567','playerVirtual14','192.168.0.200','playerVirtual15','playerVirtual15_ef452be650',3,1,2,4096,40,'2018-03-04 22:44:23','2018-03-04 23:00:27'),(107,'192.168.0.200','playerVirtual10_4246147567','playerVirtual10','192.168.0.200','playerVirtual5','playerVirtual5_104b48e819',3,1,2,4096,40,'2018-03-04 22:45:04','2018-03-04 23:23:16'),(108,'192.168.0.200','playerVirtual13_1095593','playerVirtual13','192.168.0.200','playerVirtual19','playerVirtual19_4d0f83758e',1,1,1,512,1,'2018-03-04 22:47:37',NULL),(109,'192.168.0.200','playerVirtual2_4246147567','playerVirtual2','192.168.0.200','playerVirtual6','playerVirtual6_8c35661655',3,1,2,4096,40,'2018-03-04 22:49:52','2018-03-04 23:00:21'),(110,'192.168.0.200','playerVirtual8_4246147567','playerVirtual8','192.168.0.200','playerVirtual16','playerVirtual16_5b30eab2e0',3,1,2,4096,40,'2018-03-04 22:50:29','2018-03-04 23:05:17'),(111,'192.168.0.200','playerVirtual4_4246147567','playerVirtual4','192.168.0.200','playerVirtual8','playerVirtual8_898ce719f3',3,1,2,4096,40,'2018-03-04 22:50:58','2018-03-04 22:58:57'),(112,'192.168.0.200','playerVirtual16_4246147567','playerVirtual16','192.168.0.200','playerVirtual13','playerVirtual13_113802a479',3,1,2,4096,40,'2018-03-04 22:51:06','2018-03-04 22:55:46'),(113,'192.168.0.200','playerVirtual15_4246147567','playerVirtual15','192.168.0.200','playerVirtual10','playerVirtual10_fc6d7370b9',3,1,2,4096,40,'2018-03-04 22:51:25','2018-03-04 23:09:15'),(114,'192.168.0.200','playerVirtual13_4246147567','playerVirtual13','192.168.0.200','playerVirtual14','playerVirtual14_cc849a7acc',3,1,2,4096,40,'2018-03-04 22:53:33','2018-03-04 23:15:56'),(115,'192.168.0.200','playerVirtual12_6335261139','playerVirtual12','192.168.0.200','playerVirtual16','playerVirtual16_756e05d176',1,1,1,512,1,'2018-03-04 22:54:00',NULL),(116,'192.168.0.200','playerVirtual11_4246147567','playerVirtual11','192.168.0.200','playerVirtual1173','playerVirtual11_4246147567',0,1,2,4096,40,'2018-03-04 22:56:38','2018-03-04 22:56:38'),(117,'192.168.0.200','playerVirtual3_4246147567','playerVirtual3','192.168.0.200','playerVirtual13','playerVirtual13_3dea8ce42c',1,1,2,4096,40,'2018-03-04 22:57:37',NULL),(118,'192.168.0.200','playerVirtual18_4246147567','playerVirtual18','192.168.0.200','playerVirtual15','playerVirtual15_1dc86017a4',3,1,2,4096,40,'2018-03-04 23:03:17','2018-03-04 23:08:00'),(119,'192.168.0.200','playerVirtual6_6344084916','playerVirtual6','192.168.0.200','playerVirtual2','playerVirtual2_628a09bf55',1,1,1,512,1,'2018-03-04 23:06:36',NULL),(120,'192.168.0.200','playerVirtual9_4246147567','playerVirtual9','192.168.0.200','playerVirtual3','playerVirtual9_4246147567',0,0,2,4096,40,'2018-03-04 23:06:37','2018-03-04 23:06:37'),(121,'192.168.0.200','playerVirtual12_990694203','playerVirtual12','192.168.0.200','playerVirtual7','playerVirtual12_990694203',0,0,1,2048,20,'2018-03-04 23:06:56','2018-03-04 23:06:56'),(122,'192.168.0.200','playerVirtual19_4246147567','playerVirtual19','192.168.0.200','playerVirtual18','playerVirtual18_9ab31d51cd',3,1,2,4096,40,'2018-03-04 23:09:51','2018-03-04 23:10:52'),(123,'192.168.0.200','playerVirtual10_4246147567','playerVirtual10','192.168.0.200','playerVirtual5','playerVirtual5_f8da91774d',3,1,2,4096,40,'2018-03-04 23:13:06','2018-03-04 23:23:16'),(124,'192.168.0.200','playerVirtual14_6566788','playerVirtual14','192.168.0.200','playerVirtual19','playerVirtual19_d82a71f67c',1,1,1,2048,20,'2018-03-04 23:13:28',NULL),(125,'192.168.0.200','playerVirtual6_4246147567','playerVirtual6','192.168.0.200','playerVirtual8','playerVirtual8_ea19ad23fb',1,1,2,4096,40,'2018-03-04 23:19:54',NULL),(126,'192.168.0.200','playerVirtual16_272887063','playerVirtual16','192.168.0.200','playerVirtual14','playerVirtual14_c3bd09da5c',1,1,1,2048,20,'2018-03-04 23:20:27',NULL),(127,'192.168.0.200','playerVirtual8_82730999','playerVirtual8','192.168.0.200','playerVirtual6','playerVirtual6_89f9bfe0e9',1,1,1,512,1,'2018-03-04 23:20:45',NULL),(128,'192.168.0.200','playerVirtual4_4246147567','playerVirtual4','192.168.0.200','playerVirtual16','playerVirtual16_11de416be3',1,1,2,4096,40,'2018-03-04 23:20:51',NULL),(129,'192.168.0.200','playerVirtual15_16917741','playerVirtual15','192.168.0.200','playerVirtual13','playerVirtual13_5073953f5c',1,1,1,512,1,'2018-03-04 23:21:14',NULL),(130,'192.168.0.200','playerVirtual5_4246147567','playerVirtual5','192.168.0.200','playerVirtual10','playerVirtual10_c918526017',1,1,2,4096,40,'2018-03-04 23:21:49',NULL),(131,'192.168.0.200','playerVirtual13_3338579772','playerVirtual13','192.168.0.200','playerVirtual15','playerVirtual15_4e6e509123',1,1,1,2048,20,'2018-03-04 23:23:24',NULL);
/*!40000 ALTER TABLE `VM` ENABLE KEYS */;
UNLOCK TABLES;
/*!40103 SET TIME_ZONE=@OLD_TIME_ZONE */;

/*!40101 SET SQL_MODE=@OLD_SQL_MODE */;
/*!40014 SET FOREIGN_KEY_CHECKS=@OLD_FOREIGN_KEY_CHECKS */;
/*!40014 SET UNIQUE_CHECKS=@OLD_UNIQUE_CHECKS */;
/*!40101 SET CHARACTER_SET_CLIENT=@OLD_CHARACTER_SET_CLIENT */;
/*!40101 SET CHARACTER_SET_RESULTS=@OLD_CHARACTER_SET_RESULTS */;
/*!40101 SET COLLATION_CONNECTION=@OLD_COLLATION_CONNECTION */;
/*!40111 SET SQL_NOTES=@OLD_SQL_NOTES */;

-- Dump completed on 2018-03-04 20:23:57
