-- MySQL dump 10.14  Distrib 5.5.56-MariaDB, for Linux (x86_64)
--
-- Host: localhost    Database: mct
-- ------------------------------------------------------
-- Server version	5.5.56-MariaDB

/*!40101 SET @OLD_CHARACTER_SET_CLIENT=@@CHARACTER_SET_CLIENT */;
/*!40101 SET @OLD_CHARACTER_SET_RESULTS=@@CHARACTER_SET_RESULTS */;
/*!40101 SET @OLD_COLLATION_CONNECTION=@@COLLATION_CONNECTION */;
/*!40101 SET NAMES utf8 */;
/*!40103 SET @OLD_TIME_ZONE=@@TIME_ZONE */;
/*!40103 SET TIME_ZONE='+00:00' */;
/*!40014 SET @OLD_UNIQUE_CHECKS=@@UNIQUE_CHECKS, UNIQUE_CHECKS=0 */;
/*!40014 SET @OLD_FOREIGN_KEY_CHECKS=@@FOREIGN_KEY_CHECKS, FOREIGN_KEY_CHECKS=0 */;
/*!40101 SET @OLD_SQL_MODE=@@SQL_MODE, SQL_MODE='NO_AUTO_VALUE_ON_ZERO' */;
/*!40111 SET @OLD_SQL_NOTES=@@SQL_NOTES, SQL_NOTES=0 */;

--
-- Table structure for table `FIELDS`
--

DROP TABLE IF EXISTS `FIELDS`;
/*!40101 SET @saved_cs_client     = @@character_set_client */;
/*!40101 SET character_set_client = utf8 */;
CREATE TABLE `FIELDS` (
  `operation` int(11) NOT NULL,
  `fields` varchar(45) NOT NULL,
  PRIMARY KEY (`operation`)
) ENGINE=InnoDB DEFAULT CHARSET=utf8;
/*!40101 SET character_set_client = @saved_cs_client */;

--
-- Dumping data for table `FIELDS`
--

LOCK TABLES `FIELDS` WRITE;
/*!40000 ALTER TABLE `FIELDS` DISABLE KEYS */;
INSERT INTO `FIELDS` VALUES (0,'name mem image vcpus disk uuid');
/*!40000 ALTER TABLE `FIELDS` ENABLE KEYS */;
UNLOCK TABLES;

--
-- Table structure for table `PLAYER`
--

DROP TABLE IF EXISTS `PLAYER`;
/*!40101 SET @saved_cs_client     = @@character_set_client */;
/*!40101 SET character_set_client = utf8 */;
CREATE TABLE `PLAYER` (
  `id` int(11) NOT NULL AUTO_INCREMENT,
  `name` varchar(45) NOT NULL,
  `address` varchar(45) NOT NULL,
  `division` int(11) DEFAULT NULL,
  `score` float DEFAULT '0',
  `history` int(11) DEFAULT '0',
  `fairness` float DEFAULT '0',
  `accepts` int(11) DEFAULT '0',
  `rejects` int(11) DEFAULT '0',
  `running` int(11) DEFAULT '0',
  `finished` int(11) DEFAULT '0',
  `problem_del` int(11) DEFAULT '0',
  `vcpus` int(11) DEFAULT '0',
  `memory` bigint(20) DEFAULT '0',
  `local_gb` bigint(20) DEFAULT '0',
  `vcpus_used` bigint(20) DEFAULT '0',
  `memory_used` bigint(20) DEFAULT '0',
  `local_gb_used` bigint(20) DEFAULT '0',
  `max_instance` int(11) DEFAULT '0',
  `token` varchar(45) DEFAULT NULL,
  `suspend` timestamp NULL DEFAULT NULL,
  `enabled` int(11) DEFAULT '0',
  `last_choice` timestamp NOT NULL DEFAULT '2018-01-01 05:00:00',
  `playoff` tinyint(1) DEFAULT '0',
  PRIMARY KEY (`id`)
) ENGINE=InnoDB AUTO_INCREMENT=99 DEFAULT CHARSET=utf8;
/*!40101 SET character_set_client = @saved_cs_client */;

--
-- Dumping data for table `PLAYER`
--

LOCK TABLES `PLAYER` WRITE;
/*!40000 ALTER TABLE `PLAYER` DISABLE KEYS */;
INSERT INTO `PLAYER` VALUES (1,'playerVirtual0','192.168.0.200',1,5.31,38,0.166667,5,0,3,2,0,1023,1047552,10230,4,6656,61,4,'58b0ee83800429c503f78e17743c3cca4a11dc11',NULL,1,'2018-02-09 18:57:34',0),(2,'playerVirtual1','192.168.0.200',2,2.66,38,0.5,5,0,2,3,0,1023,1047552,10230,2,2560,21,9,'424ace04531e28033ca476cdb75c6271b2b794cb',NULL,1,'2018-02-09 19:02:22',0),(3,'playerVirtual4','192.168.0.200',2,4.65,38,0.571429,4,0,2,2,0,1023,1047552,10230,2,2560,21,6,'3d4c5015acff757200610025875da9c7b84f2e5d',NULL,1,'2018-02-09 18:23:51',0),(4,'playerVirtual3','192.168.0.200',1,6.64,38,0.333333,5,0,3,2,0,1023,1047552,10230,5,8704,81,6,'db5b1ab903eb8ac9b682d69ac23dd326cd8e074c',NULL,1,'2018-02-09 19:35:20',0),(5,'playerVirtual5','192.168.0.200',2,4.65,38,0.5,4,0,2,2,0,1023,1047552,10230,3,6144,60,6,'1244cd3605fe6d05bde538cc07ed45d81f6af6fc',NULL,1,'2018-02-09 18:23:29',0),(6,'playerVirtual2','192.168.0.200',1,5.31,38,0.166667,5,0,4,1,0,1023,1047552,10230,5,8704,81,4,'fa8bceb211abc5946f57884a8e02e01079b06d88',NULL,1,'2018-02-09 19:16:02',0),(7,'playerVirtual7','192.168.0.200',1,5.31,38,0.428571,4,0,2,2,0,1023,1047552,10230,4,8192,80,6,'834f4c93fbe5dccd8ade5e4ca98d4f75051565c8',NULL,1,'2018-02-09 18:26:25',0),(8,'playerVirtual6','192.168.0.200',1,5.97,38,0.571429,4,0,2,2,0,1023,1047552,10230,4,8192,80,2,'40f2a7a80cfa8cf36277e0a02508145983a9dd60',NULL,1,'2018-02-09 18:33:55',0),(9,'playerVirtual8','192.168.0.200',3,1.33,38,0.166667,2,0,1,1,0,1023,1047552,10230,1,512,1,1,'9453bf43bd59dbea84a88aa073a3a91c06441335',NULL,1,'2018-02-09 17:13:38',0),(10,'playerVirtual9','192.168.0.200',1,6.64,38,0.428571,4,0,3,1,0,1023,1047552,10230,5,8704,81,5,'f008fbbad6062019302c094633c1187aa6528db6',NULL,1,'2018-02-09 18:26:48',0),(11,'playerVirtual10','192.168.0.200',4,-0.01,0,0.75,1,2,1,0,0,1023,1047552,10230,2,4096,40,99,'1bb5b8d46719e9915716cd246b0b13467683ae50',NULL,0,'2018-02-09 17:14:09',1),(12,'playerVirtual11','192.168.0.200',4,-2,0,1,0,2,0,0,0,1023,1047552,10230,0,0,0,99,'4e46c1976a50c3a4d2b6bcbbbf5cb85221e2a478',NULL,0,'2018-02-09 17:01:24',1),(13,'playerVirtual12','192.168.0.200',4,-0.67,0,0.75,1,2,0,1,0,1023,1047552,10230,0,0,0,99,'d12e837f579bcd14d1b07bf9b6f4430d034918e7',NULL,0,'2018-02-09 17:14:35',1),(14,'playerVirtual13','192.168.0.200',4,-0.67,0,0.5,1,2,1,0,0,1023,1047552,10230,1,512,1,99,'fdc8d0ecb7538b309617b699135702f31ee94e79',NULL,0,'2018-02-09 17:14:42',1),(15,'playerVirtual14','192.168.0.200',4,-1.67,0,0.5,1,3,0,1,0,1023,1047552,10230,0,0,0,99,'19535e5cba5e4764d892f735aa42a079e34e79ba',NULL,0,'2018-02-09 18:36:21',1),(16,'playerVirtual15','192.168.0.200',4,-0.67,0,0.4,1,2,0,1,0,1023,1047552,10230,0,0,0,99,'b0e690d30e55d6750e3cdd2c4d6d1842354ed137',NULL,0,'2018-02-09 17:14:44',1),(17,'playerVirtual16','192.168.0.200',4,-1,0,0.666667,1,1,1,0,0,1023,1047552,10230,1,2048,20,99,'58e7ffd7ac7e733a54c9fc94c8879b1361b3cfd0',NULL,0,'2018-02-09 17:02:40',1),(18,'playerVirtual17','192.168.0.200',3,1.32,38,0.285714,3,2,1,2,0,1023,1047552,10230,2,4096,40,99,'a516aec64f430a51611b59ab408adca4612a418c',NULL,1,'2018-02-09 18:55:27',0),(19,'playerVirtual18','192.168.0.200',4,-2,0,0,0,2,0,0,0,1023,1047552,10230,0,0,0,99,'62eb03f4ab56c5f7283f3124f3fa594c34aa58a7',NULL,0,'2018-02-09 17:03:48',1),(20,'playerVirtual19','192.168.0.200',4,-1.67,0,0.4,1,3,1,0,0,1023,1047552,10230,1,512,1,99,'77c46da4a394930456464a6c2deb29d71fe7a85a',NULL,0,'2018-02-09 18:52:21',1),(21,'playerVirtual21','192.168.0.200',3,0.98,27,0.4,2,3,1,1,0,1023,1047552,10230,2,4096,40,99,'8620f07fa756aaa39fa2fa0c0dea092433fed926',NULL,1,'2018-02-09 19:27:53',0),(22,'playerVirtual20','192.168.0.200',3,1.98,17,0.2,2,2,2,0,0,1023,1047552,10230,4,8192,80,99,'28f01ecc6a47117a8b30edf0d676d6c66ffbbf06',NULL,1,'2018-02-09 19:00:47',0),(23,'playerVirtual22','192.168.0.200',4,-2,0,1,0,2,0,0,0,1023,1047552,10230,0,0,0,99,'b4d5ba4987ef64b4754a1ed4f21521e8b49205b5',NULL,0,'2018-02-09 17:04:33',1),(24,'playerVirtual23','192.168.0.200',4,-2,0,1,0,2,0,0,0,1023,1047552,10230,0,0,0,99,'d0556b996ddee9df3ba91000d16b59265f6c22a2',NULL,0,'2018-02-09 17:04:41',1),(25,'playerVirtual24','192.168.0.200',4,-2,0,1,0,2,0,0,0,1023,1047552,10230,0,0,0,99,'0c6f5145b2e0802a43c5212825c3532272f8cef3',NULL,0,'2018-02-09 17:04:48',1),(26,'playerVirtual25','192.168.0.200',4,-2,0,0,0,2,0,0,0,1023,1047552,10230,0,0,0,99,'1b43b0203e3858ec45ec91fd6d5d72bbeab504ca',NULL,0,'2018-02-09 17:04:59',1),(27,'playerVirtual26','192.168.0.200',4,-1,0,0,0,1,0,0,0,1023,1047552,10230,0,0,0,99,'9df044927f703c946445d2714b6bc922cb0127fe',NULL,0,'2018-02-09 17:04:05',1),(28,'playerVirtual27','192.168.0.200',4,-1,0,0,0,1,0,0,0,1023,1047552,10230,0,0,0,99,'0d7250eececca489a55e3fb763ff0c2c44a21ba0',NULL,0,'2018-02-09 17:04:29',1),(29,'playerVirtual28','192.168.0.200',4,-1,0,0,0,1,0,0,0,1023,1047552,10230,0,0,0,99,'27e07de90142ba3d9e3b11b128d131d2b4f3b861',NULL,0,'2018-02-09 17:05:26',1),(30,'playerVirtual29','192.168.0.200',4,-1,0,0,0,1,0,0,0,1023,1047552,10230,0,0,0,99,'3d81916a7c27c345fb43683054d5b8f7056ec8f1',NULL,0,'2018-02-09 17:05:37',1),(31,'playerVirtual30','192.168.0.200',4,-1,0,0,0,1,0,0,0,1023,1047552,10230,0,0,0,99,'4df89c61e615171c7d86b23e33f68d6691e5b120',NULL,0,'2018-02-09 17:07:21',1),(32,'playerVirtual31','192.168.0.200',4,-1,0,0,0,1,0,0,0,1023,1047552,10230,0,0,0,99,'ee7aac53ebf95fe384a1c7e8509def0285ea5974',NULL,0,'2018-02-09 17:08:59',1),(33,'playerVirtual32','192.168.0.200',4,-1,0,0,0,1,0,0,0,1023,1047552,10230,0,0,0,99,'e5fa69fbc3fe792bb9de2c4b206721dd86d8f517',NULL,0,'2018-02-09 17:09:51',1),(34,'playerVirtual33','192.168.0.200',4,-1,0,0,0,1,0,0,0,1023,1047552,10230,0,0,0,99,'ac43d22a4cba58cc5f5d4748f2266df7085d2b5c',NULL,0,'2018-02-09 17:10:05',1),(35,'playerVirtual34','192.168.0.200',4,-1,0,0,0,1,0,0,0,1023,1047552,10230,0,0,0,99,'fa8fe90790daab32a1e8d3dab1142a888ee4f7d9',NULL,0,'2018-02-09 17:10:11',1),(36,'playerVirtual35','192.168.0.200',4,-1,0,0,0,1,0,0,0,1023,1047552,10230,0,0,0,99,'af9b77b19e78f3306712cf50d89d8b5b98926432',NULL,0,'2018-02-09 17:10:20',1),(37,'playerVirtual36','192.168.0.200',4,-1,0,0,0,1,0,0,0,1023,1047552,10230,0,0,0,99,'d744ebc9f9eef6fa854a7512c136627b7fd80c96',NULL,0,'2018-02-09 17:10:25',1),(38,'playerVirtual37','192.168.0.200',4,-1,0,0,0,1,0,0,0,1023,1047552,10230,0,0,0,99,'84d3ff380ff05618be8561ada32623d61b529608',NULL,0,'2018-02-09 17:10:31',1),(39,'playerVirtual38','192.168.0.200',4,-1,0,0,0,1,0,0,0,1023,1047552,10230,0,0,0,99,'202cec35c37637790b29df2b24db864acb761640',NULL,0,'2018-02-09 17:10:54',1),(40,'playerVirtual39','192.168.0.200',4,-1,0,0,0,1,0,0,0,1023,1047552,10230,0,0,0,99,'c7d22532acbf2420f470bfe4d00dd5aa47b55d87',NULL,0,'2018-02-09 17:12:04',1),(41,'playerVirtual40','192.168.0.200',4,-1,0,0,0,1,0,0,0,1023,1047552,10230,0,0,0,99,'7a690daf8e13370bb630ef6abd1e2f886a6fece9',NULL,0,'2018-02-09 17:12:05',1),(42,'playerVirtual41','192.168.0.200',4,-1,0,0,0,1,0,0,0,1023,1047552,10230,0,0,0,99,'00d446afd4e12a08117c2bf7b889f651d9644229',NULL,0,'2018-02-09 17:13:03',1),(43,'playerVirtual42','192.168.0.200',4,-1,0,0,0,1,0,0,0,1023,1047552,10230,0,0,0,99,'f8b9bd62fc7e8f62e82dacd896b1748e8023c04c',NULL,0,'2018-02-09 17:15:16',1),(44,'playerVirtual44','192.168.0.200',4,-1,0,0,0,1,0,0,0,1023,1047552,10230,0,0,0,99,'4cfd0d342683d6b7408ab55df0a98a95e15418ca',NULL,0,'2018-02-09 17:16:48',1),(45,'playerVirtual43','192.168.0.200',4,-1,0,0,0,1,0,0,0,1023,1047552,10230,0,0,0,99,'1a53622669cdd279b2c356c0838cd41bda27e91c',NULL,0,'2018-02-09 17:19:51',1),(46,'playerVirtual45','192.168.0.200',4,-1,0,0,0,1,0,0,0,1023,1047552,10230,0,0,0,99,'6f4a7b1cd00eca9b998f25eee80605a040b5fee7',NULL,0,'2018-02-09 17:26:15',1),(47,'playerVirtual46','192.168.0.200',4,-1,0,0,0,1,0,0,0,1023,1047552,10230,0,0,0,99,'9636f295810a1e9f2cba4f0f841359b2e1391c4d',NULL,0,'2018-02-09 17:26:42',1),(48,'playerVirtual48','192.168.0.200',4,-1,0,0,0,1,0,0,0,1023,1047552,10230,0,0,0,99,'71d1c9241a547e9252177f75fc0f4f1c52295012',NULL,0,'2018-02-09 17:26:56',1),(49,'playerVirtual49','192.168.0.200',4,-1,0,0,0,1,0,0,0,1023,1047552,10230,0,0,0,99,'9aecd13e4b74dd4db3f2e820cdea26b26d65386b',NULL,0,'2018-02-09 17:27:08',1),(50,'playerVirtual47','192.168.0.200',4,-1,0,0,0,1,0,0,0,1023,1047552,10230,0,0,0,99,'17dcb3e3dcbb46bb0ca203c59e69ca7de43ef2cd',NULL,0,'2018-02-09 17:28:25',1),(51,'playerVirtual50','192.168.0.200',4,-1,0,0,0,1,0,0,0,1023,1047552,10230,0,0,0,99,'73e998df01f76900ba9986201bf9f49dfe803341',NULL,0,'2018-02-09 17:30:20',1),(52,'playerVirtual51','192.168.0.200',4,-1,0,0,0,1,0,0,0,1023,1047552,10230,0,0,0,99,'3b1f1b34617dafa4af05c10cad1de22b9287438d',NULL,0,'2018-02-09 17:31:29',1),(53,'playerVirtual52','192.168.0.200',4,-1,0,0,0,1,0,0,0,1023,1047552,10230,0,0,0,99,'2fb88ff4d14460b09da6b1fbc901bd494bd5e025',NULL,0,'2018-02-09 17:36:32',1),(54,'playerVirtual53','192.168.0.200',4,-1,0,0,0,1,0,0,0,1023,1047552,10230,0,0,0,99,'91d5f788da3b1a48f87004a83624d862de05a16f',NULL,0,'2018-02-09 17:36:46',1),(55,'playerVirtual54','192.168.0.200',4,-1,0,0,0,1,0,0,0,1023,1047552,10230,0,0,0,99,'77256d133ec06d509853ea99feb6c41a96ba9384',NULL,0,'2018-02-09 17:37:00',1),(56,'playerVirtual55','192.168.0.200',4,-1,0,0,0,1,0,0,0,1023,1047552,10230,0,0,0,99,'8fcae3999d0e1d129569c2acf06cc5c6e4eb6527',NULL,0,'2018-02-09 17:37:15',1),(57,'playerVirtual57','192.168.0.200',4,-1,0,0,0,1,0,0,0,1023,1047552,10230,0,0,0,99,'227cdb2b2e0cfde56e22585a0eb74074f8be19f4',NULL,0,'2018-02-09 17:37:28',1),(58,'playerVirtual56','192.168.0.200',4,-1,0,0,0,1,0,0,0,1023,1047552,10230,0,0,0,99,'512a8497f5986e05610d6ad20a4ca8f7332f9c59',NULL,0,'2018-02-09 17:37:35',1),(59,'playerVirtual58','192.168.0.200',4,-1,0,0,0,1,0,0,0,1023,1047552,10230,0,0,0,99,'9d2feb77d4893791ddeee676fbc2012fbc385e9a',NULL,0,'2018-02-09 17:38:12',1),(60,'playerVirtual59','192.168.0.200',4,-1,0,0,0,1,0,0,0,1023,1047552,10230,0,0,0,99,'f8a097da903295145e376eecf21e212215a52ba8',NULL,0,'2018-02-09 17:39:08',1),(61,'playerVirtual60','192.168.0.200',4,-1,0,0,0,1,0,0,0,1023,1047552,10230,0,0,0,99,'d68a9dce516ab0079834b65b0425c8ad746d6543',NULL,0,'2018-02-09 17:39:27',1),(62,'playerVirtual61','192.168.0.200',4,-1,0,0,0,1,0,0,0,1023,1047552,10230,0,0,0,99,'d81799491ca9dfb55b7e5a2036c0f313534cd521',NULL,0,'2018-02-09 17:39:54',1),(63,'playerVirtual62','192.168.0.200',4,-1,0,0,0,1,0,0,0,1023,1047552,10230,0,0,0,99,'d953872c27953b83333ba184851eed48c3c669de',NULL,0,'2018-02-09 17:42:52',1),(64,'playerVirtual63','192.168.0.200',4,-1,0,0,0,1,0,0,0,1023,1047552,10230,0,0,0,99,'c67fa88832072ab3d5e911c324f7c826039c2724',NULL,0,'2018-02-09 17:43:00',1),(65,'playerVirtual64','192.168.0.200',4,-1,0,0,0,1,0,0,0,1023,1047552,10230,0,0,0,99,'39ac6c344f703412a7c089ce349a703a793e13e7',NULL,0,'2018-02-09 17:43:22',1),(66,'playerVirtual65','192.168.0.200',4,-1,0,0,0,1,0,0,0,1023,1047552,10230,0,0,0,99,'8b4a98e17fdeb6a24f59362b3cddc8da106860a1',NULL,0,'2018-02-09 17:43:35',1),(67,'playerVirtual66','192.168.0.200',4,-1,0,0,0,1,0,0,0,1023,1047552,10230,0,0,0,99,'1b34c906e79c6bf6fe33422b09e6d812a11a6310',NULL,0,'2018-02-09 17:43:48',1),(68,'playerVirtual67','192.168.0.200',4,-1,0,0,0,1,0,0,0,1023,1047552,10230,0,0,0,99,'294a680480c0a98748d960379d13248a280e679c',NULL,0,'2018-02-09 17:44:48',1),(69,'playerVirtual68','192.168.0.200',4,-1,0,0,0,1,0,0,0,1023,1047552,10230,0,0,0,99,'09cf60613e8e89792612ddb0c9369f47b88f6ae3',NULL,0,'2018-02-09 17:45:03',1),(70,'playerVirtual69','192.168.0.200',4,-1,0,0,0,1,0,0,0,1023,1047552,10230,0,0,0,99,'d57e1c8d93fae0f92e094dc3421f086e288d71a0',NULL,0,'2018-02-09 17:45:16',1),(71,'playerVirtual70','192.168.0.200',4,-1,0,0,0,1,0,0,0,1023,1047552,10230,0,0,0,99,'497905bea3d48214aa29a4105e78ab71369b5de3',NULL,0,'2018-02-09 17:45:31',1),(72,'playerVirtual71','192.168.0.200',4,-1,0,0,0,1,0,0,0,1023,1047552,10230,0,0,0,99,'bc86bc68fb71420f443e1be1ae14e0afee0e41c4',NULL,0,'2018-02-09 17:45:45',1),(73,'playerVirtual72','192.168.0.200',4,-1,0,0,0,1,0,0,0,1023,1047552,10230,0,0,0,99,'47815b1ba254f2c8f6c5c9127ec424815548289e',NULL,0,'2018-02-09 17:46:00',1),(74,'playerVirtual73','192.168.0.200',4,-2,0,0,0,2,0,0,0,1023,1047552,10230,0,0,0,99,'a3f88431068ed41bbef32c648726a1d2f2304f70',NULL,0,'2018-02-09 18:16:57',1),(75,'playerVirtual74','192.168.0.200',4,-1,0,0,0,1,0,0,0,1023,1047552,10230,0,0,0,99,'fd7597431fd187fb86850aae0e90c670653e838e',NULL,0,'2018-02-09 17:50:52',1),(76,'playerVirtual75','192.168.0.200',4,-1,0,0,0,1,0,0,0,1023,1047552,10230,0,0,0,99,'dd09337fb963a413e41154c6be3f550f7ef8d8e7',NULL,0,'2018-02-09 17:53:15',1),(77,'playerVirtual76','192.168.0.200',4,-1,0,0,0,1,0,0,0,1023,1047552,10230,0,0,0,99,'ee06e6108c5488ac502489ae8e73df1fd01d6fb1',NULL,0,'2018-02-09 17:53:15',1),(78,'playerVirtual77','192.168.0.200',4,-1,0,0,0,1,0,0,0,1023,1047552,10230,0,0,0,99,'5fcc6c1f1a4d846f8bec0f625728b1fd14d9d9cd',NULL,0,'2018-02-09 17:53:27',1),(79,'playerVirtual78','192.168.0.200',4,-1,0,0,0,1,0,0,0,1023,1047552,10230,0,0,0,99,'848fad3b7d49cb27c2a843f918789e5767242c8a',NULL,0,'2018-02-09 17:53:46',1),(80,'playerVirtual79','192.168.0.200',4,-2,0,0,0,2,0,0,0,1023,1047552,10230,0,0,0,99,'8564d96dfb637d41bba885f3a9148b774cd048c5',NULL,0,'2018-02-09 18:17:12',1),(81,'playerVirtual80','192.168.0.200',4,-2,0,0,0,2,0,0,0,1023,1047552,10230,0,0,0,99,'c4237b894d522268dad285df3627d2cd1c76feab',NULL,0,'2018-02-09 18:17:14',1),(82,'playerVirtual81','192.168.0.200',4,-2,0,0,0,2,0,0,0,1023,1047552,10230,0,0,0,99,'8bd58e8cf4aa8b8c7289e2adf80558175dc2a0cb',NULL,0,'2018-02-09 18:17:28',1),(83,'playerVirtual87','192.168.0.200',4,-2,0,0,0,2,0,0,0,1023,1047552,10230,0,0,0,99,'7e58f0bc227397269d8de7b62d3159ef2ffae32b',NULL,0,'2018-02-09 18:18:10',1),(84,'playerVirtual88','192.168.0.200',4,-2,0,0,0,2,0,0,0,1023,1047552,10230,0,0,0,99,'49badd80e68132dc9c4fc648e9840244ceba0c0c',NULL,0,'2018-02-09 18:21:57',1),(85,'playerVirtual83','192.168.0.200',4,-2,0,0,0,2,0,0,0,1023,1047552,10230,0,0,0,99,'99ec875b7c6bf723958bb3552410ac04e9a18816',NULL,0,'2018-02-09 18:22:58',1),(86,'playerVirtual85','192.168.0.200',4,-2,0,0,0,2,0,0,0,1023,1047552,10230,0,0,0,99,'8bb08dde31b519639b929084c8d2cdf906a88d62',NULL,0,'2018-02-09 18:24:54',1),(87,'playerVirtual89','192.168.0.200',4,-2,0,0,0,2,0,0,0,1023,1047552,10230,0,0,0,99,'276fb16837b48c92f2b265e6bc803bd62874baf2',NULL,0,'2018-02-09 18:25:09',1),(88,'playerVirtual82','192.168.0.200',4,-2,0,0,0,2,0,0,0,1023,1047552,10230,0,0,0,99,'fbae420595a4b4019bfdc64d9e60eebd44738fe3',NULL,0,'2018-02-09 18:25:23',1),(89,'playerVirtual84','192.168.0.200',4,-2,0,0,0,2,0,0,0,1023,1047552,10230,0,0,0,99,'71b3e3af8da7c8ebc1f87d1e6fd34e0d063dfcd9',NULL,0,'2018-02-09 18:25:37',1),(90,'playerVirtual86','192.168.0.200',4,-2,0,0,0,2,0,0,0,1023,1047552,10230,0,0,0,99,'0d8f40a3d7e14fbdc4df2f9445ed38511fcb6e88',NULL,0,'2018-02-09 18:25:52',1),(91,'playerVirtual92','192.168.0.200',4,-1,0,0,0,1,0,0,0,1023,1047552,10230,0,0,0,99,'d6c955e5c9779e1d75f0659fe3a4be7c75e61b98',NULL,0,'2018-02-09 18:02:00',1),(92,'playerVirtual97','192.168.0.200',4,-1,0,0,0,1,0,0,0,1023,1047552,10230,0,0,0,99,'acf11503524a504f74511398b6a0aa77518a2b07',NULL,0,'2018-02-09 18:03:16',1),(93,'playerVirtual93','192.168.0.200',4,-2,0,0,0,2,0,0,0,1023,1047552,10230,0,0,0,99,'0c03e73972b894899311e8431b58e08c51e025b2',NULL,0,'2018-02-09 18:27:07',1),(94,'playerVirtual90','192.168.0.200',4,-2,0,0,0,2,0,0,0,1023,1047552,10230,0,0,0,99,'3be856eb2538b4d74ee16cf8b437a379575885ff',NULL,0,'2018-02-09 18:31:14',1),(95,'playerVirtual94','192.168.0.200',4,-1,0,0,0,1,0,0,0,1023,1047552,10230,0,0,0,99,'e758cb43b252ba07e64b9b1691ad40f60fffb784',NULL,0,'2018-02-09 18:07:54',1),(96,'playerVirtual95','192.168.0.200',4,-1,0,0,0,1,0,0,0,1023,1047552,10230,0,0,0,99,'ba7ab5b9479cad5de986ee9242b6015e0d16097e',NULL,0,'2018-02-09 18:08:08',1),(97,'playerVirtual91','192.168.0.200',4,-1,0,0,0,1,0,0,0,1023,1047552,10230,0,0,0,99,'6a5d985a84123d3d3ee385a468727e09af5eae67',NULL,0,'2018-02-09 18:08:23',1),(98,'playerVirtual96','192.168.0.200',4,-1,0,0,0,1,0,0,0,1023,1047552,10230,0,0,0,99,'5d8394961647d751b9c92c82187da80b6c1ea079',NULL,0,'2018-02-09 18:08:34',1);
/*!40000 ALTER TABLE `PLAYER` ENABLE KEYS */;
UNLOCK TABLES;

--
-- Table structure for table `REQUEST`
--

DROP TABLE IF EXISTS `REQUEST`;
/*!40101 SET @saved_cs_client     = @@character_set_client */;
/*!40101 SET character_set_client = utf8 */;
CREATE TABLE `REQUEST` (
  `id` int(11) NOT NULL AUTO_INCREMENT,
  `player_id` varchar(45) NOT NULL,
  `request_id` varchar(45) NOT NULL,
  `action` int(11) NOT NULL,
  `timestamp_received` timestamp NULL DEFAULT NULL,
  `timestamp_finished` timestamp NULL DEFAULT NULL,
  `status` int(11) NOT NULL,
  PRIMARY KEY (`id`)
) ENGINE=InnoDB AUTO_INCREMENT=759 DEFAULT CHARSET=utf8;
/*!40101 SET character_set_client = @saved_cs_client */;

--
-- Dumping data for table `REQUEST`
--

LOCK TABLES `REQUEST` WRITE;
/*!40000 ALTER TABLE `REQUEST` DISABLE KEYS */;
INSERT INTO `REQUEST` VALUES (1,'playerVirtual9','playerVirtual9_15ad950968',4,'2018-02-09 16:53:50',NULL,0),(2,'playerVirtual10','playerVirtual10_f6b94b70b4',4,'2018-02-09 16:54:09',NULL,0),(3,'playerVirtual11','playerVirtual11_99038c4981',4,'2018-02-09 16:54:09',NULL,0),(4,'playerVirtual14','playerVirtual14_993e22b620',4,'2018-02-09 16:54:09',NULL,0),(5,'playerVirtual13','playerVirtual13_fb74359b53',4,'2018-02-09 16:54:09',NULL,0),(6,'playerVirtual12','playerVirtual12_e40d80b1b6',4,'2018-02-09 16:54:09',NULL,0),(7,'playerVirtual15','playerVirtual15_5dc90d8d19',4,'2018-02-09 16:54:09',NULL,0),(8,'playerVirtual0','playerVirtual0_6ba9a93639',4,'2018-02-09 16:54:49',NULL,0),(9,'playerVirtual1','playerVirtual1_66d60bda46',4,'2018-02-09 16:54:49',NULL,0),(10,'playerVirtual4','playerVirtual4_1623cd51f9',4,'2018-02-09 16:54:49',NULL,0),(11,'playerVirtual3','playerVirtual3_453f50ef98',4,'2018-02-09 16:54:49',NULL,0),(12,'playerVirtual5','playerVirtual5_f4bbf4dace',4,'2018-02-09 16:54:50',NULL,0),(13,'playerVirtual2','playerVirtual2_db45b98540',4,'2018-02-09 16:54:50',NULL,0),(14,'playerVirtual7','playerVirtual7_33b84dbcf0',4,'2018-02-09 16:54:50',NULL,0),(15,'playerVirtual6','playerVirtual6_1962cc7323',4,'2018-02-09 16:54:50',NULL,0),(16,'playerVirtual8','playerVirtual8_d66083c141',4,'2018-02-09 16:54:50',NULL,0),(17,'playerVirtual9','playerVirtual9_450512000',0,'2018-02-09 16:54:51',NULL,0),(18,'playerVirtual9','playerVirtual9_450512000',0,'2018-02-09 16:54:51',NULL,0),(19,'playerVirtual16','playerVirtual16_f30022ce23',4,'2018-02-09 16:55:09',NULL,0),(20,'playerVirtual17','playerVirtual17_8d33b5d1c6',4,'2018-02-09 16:55:09',NULL,0),(21,'playerVirtual11','playerVirtual11_1438244924',0,'2018-02-09 16:55:12',NULL,0),(22,'playerVirtual11','playerVirtual11_1438244924',0,'2018-02-09 16:55:12',NULL,0),(23,'playerVirtual10','playerVirtual10_640692267',0,'2018-02-09 16:55:15',NULL,0),(24,'playerVirtual10','playerVirtual10_640692267',0,'2018-02-09 16:55:15',NULL,0),(25,'playerVirtual14','playerVirtual14_2381571381',0,'2018-02-09 16:55:16',NULL,0),(26,'playerVirtual14','playerVirtual14_2381571381',0,'2018-02-09 16:55:16',NULL,0),(27,'playerVirtual13','playerVirtual13_5297461910',0,'2018-02-09 16:55:17',NULL,0),(28,'playerVirtual13','playerVirtual13_5297461910',0,'2018-02-09 16:55:17',NULL,0),(29,'playerVirtual12','playerVirtual12_2790332778',0,'2018-02-09 16:55:20',NULL,0),(30,'playerVirtual12','playerVirtual12_2790332778',0,'2018-02-09 16:55:20',NULL,0),(31,'playerVirtual15','playerVirtual15_369721705',0,'2018-02-09 16:55:21',NULL,0),(32,'playerVirtual15','playerVirtual15_369721705',0,'2018-02-09 16:55:21',NULL,0),(33,'playerVirtual9','playerVirtual9_f76e7aee77',3,'2018-02-09 16:55:51',NULL,0),(34,'playerVirtual0','playerVirtual0_317469422',0,'2018-02-09 16:56:01',NULL,0),(35,'playerVirtual1','playerVirtual1_6955737',0,'2018-02-09 16:56:02',NULL,0),(36,'playerVirtual0','playerVirtual0_317469422',0,'2018-02-09 16:56:02',NULL,0),(37,'playerVirtual1','playerVirtual1_6955737',0,'2018-02-09 16:56:02',NULL,0),(38,'playerVirtual4','playerVirtual4_257338104',0,'2018-02-09 16:56:03',NULL,0),(39,'playerVirtual3','playerVirtual3_3584940347',0,'2018-02-09 16:56:03',NULL,0),(40,'playerVirtual4','playerVirtual4_257338104',0,'2018-02-09 16:56:03',NULL,0),(41,'playerVirtual5','playerVirtual5_2433236783',0,'2018-02-09 16:56:03',NULL,0),(42,'playerVirtual3','playerVirtual3_3584940347',0,'2018-02-09 16:56:03',NULL,0),(43,'playerVirtual5','playerVirtual5_2433236783',0,'2018-02-09 16:56:03',NULL,0),(44,'playerVirtual2','playerVirtual2_3338579772',0,'2018-02-09 16:56:04',NULL,0),(45,'playerVirtual7','playerVirtual7_257407216',0,'2018-02-09 16:56:04',NULL,0),(46,'playerVirtual2','playerVirtual2_3338579772',0,'2018-02-09 16:56:04',NULL,0),(47,'playerVirtual7','playerVirtual7_257407216',0,'2018-02-09 16:56:04',NULL,0),(48,'playerVirtual6','playerVirtual6_182859403',0,'2018-02-09 16:56:11',NULL,0),(49,'playerVirtual6','playerVirtual6_182859403',0,'2018-02-09 16:56:11',NULL,0),(50,'playerVirtual11','playerVirtual11_ead09ff992',3,'2018-02-09 16:56:12',NULL,0),(51,'playerVirtual8','playerVirtual8_2359368952',0,'2018-02-09 16:56:14',NULL,0),(52,'playerVirtual8','playerVirtual8_2359368952',0,'2018-02-09 16:56:14',NULL,0),(53,'playerVirtual10','playerVirtual10_1e039811fa',3,'2018-02-09 16:56:15',NULL,0),(54,'playerVirtual14','playerVirtual14_572c04659c',3,'2018-02-09 16:56:16',NULL,0),(55,'playerVirtual13','playerVirtual13_6381018c8e',3,'2018-02-09 16:56:17',NULL,0),(56,'playerVirtual12','playerVirtual12_4941b83f42',3,'2018-02-09 16:56:20',NULL,0),(57,'playerVirtual15','playerVirtual15_3444ba3b5b',3,'2018-02-09 16:56:21',NULL,0),(58,'playerVirtual16','playerVirtual16_16917741',0,'2018-02-09 16:56:36',NULL,0),(59,'playerVirtual16','playerVirtual16_16917741',0,'2018-02-09 16:56:36',NULL,0),(60,'playerVirtual17','playerVirtual17_2545640208',0,'2018-02-09 16:56:45',NULL,0),(61,'playerVirtual17','playerVirtual17_2545640208',0,'2018-02-09 16:56:45',NULL,0),(62,'playerVirtual0','playerVirtual0_f03d39d782',3,'2018-02-09 16:57:02',NULL,0),(63,'playerVirtual1','playerVirtual1_f03d39d782',3,'2018-02-09 16:57:02',NULL,0),(64,'playerVirtual4','playerVirtual4_dff0d613cc',3,'2018-02-09 16:57:03',NULL,0),(65,'playerVirtual3','playerVirtual3_3e73a4e8e7',3,'2018-02-09 16:57:03',NULL,0),(66,'playerVirtual5','playerVirtual5_6bd184818f',3,'2018-02-09 16:57:03',NULL,0),(67,'playerVirtual2','playerVirtual2_f495ba0ab2',3,'2018-02-09 16:57:04',NULL,0),(68,'playerVirtual7','playerVirtual7_00a1e04bbb',3,'2018-02-09 16:57:04',NULL,0),(69,'playerVirtual6','playerVirtual6_41b38c8563',3,'2018-02-09 16:57:11',NULL,0),(70,'playerVirtual8','playerVirtual8_bc45362729',3,'2018-02-09 16:57:14',NULL,0),(71,'playerVirtual9','playerVirtual9_908315',0,'2018-02-09 16:57:27',NULL,0),(72,'playerVirtual9','playerVirtual9_908315',0,'2018-02-09 16:57:27',NULL,0),(73,'playerVirtual16','playerVirtual16_5b23dd7738',3,'2018-02-09 16:57:36',NULL,0),(74,'playerVirtual17','playerVirtual17_d509ce0d73',3,'2018-02-09 16:57:45',NULL,0),(75,'playerVirtual11','playerVirtual11_539194189',0,'2018-02-09 16:57:54',NULL,0),(76,'playerVirtual11','playerVirtual11_539194189',0,'2018-02-09 16:57:54',NULL,0),(77,'playerVirtual9','playerVirtual9_d9d56b68df',4,'2018-02-09 16:58:27',NULL,0),(78,'playerVirtual10','playerVirtual10_4820204870',0,'2018-02-09 16:58:35',NULL,0),(79,'playerVirtual10','playerVirtual10_4820204870',0,'2018-02-09 16:58:35',NULL,0),(80,'playerVirtual11','playerVirtual11_9f6b9ab003',4,'2018-02-09 16:58:54',NULL,0),(81,'playerVirtual18','playerVirtual18_1429692c27',4,'2018-02-09 16:59:05',NULL,0),(82,'playerVirtual19','playerVirtual19_c1443d8b6b',4,'2018-02-09 16:59:05',NULL,0),(83,'playerVirtual14','playerVirtual14_8058564',0,'2018-02-09 16:59:25',NULL,0),(84,'playerVirtual14','playerVirtual14_8058564',0,'2018-02-09 16:59:25',NULL,0),(85,'playerVirtual13','playerVirtual13_1429160667',0,'2018-02-09 16:59:26',NULL,0),(86,'playerVirtual13','playerVirtual13_1429160667',0,'2018-02-09 16:59:26',NULL,0),(87,'playerVirtual12','playerVirtual12_3338010893',0,'2018-02-09 16:59:27',NULL,0),(88,'playerVirtual12','playerVirtual12_3338010893',0,'2018-02-09 16:59:27',NULL,0),(89,'playerVirtual15','playerVirtual15_82730999',0,'2018-02-09 16:59:31',NULL,0),(90,'playerVirtual15','playerVirtual15_82730999',0,'2018-02-09 16:59:31',NULL,0),(91,'playerVirtual10','playerVirtual10_fb61b7735f',4,'2018-02-09 16:59:35',NULL,0),(92,'playerVirtual20','playerVirtual20_52ebb68152',4,'2018-02-09 17:00:05',NULL,0),(93,'playerVirtual21','playerVirtual21_82ec5ce924',4,'2018-02-09 17:00:05',NULL,0),(94,'playerVirtual22','playerVirtual22_68284b4259',4,'2018-02-09 17:00:05',NULL,0),(95,'playerVirtual23','playerVirtual23_ef8efb9e77',4,'2018-02-09 17:00:05',NULL,0),(96,'playerVirtual24','playerVirtual24_a9e4782dde',4,'2018-02-09 17:00:05',NULL,0),(97,'playerVirtual25','playerVirtual25_8b67bac2ba',4,'2018-02-09 17:00:05',NULL,0),(98,'playerVirtual1','playerVirtual1_351652724',0,'2018-02-09 17:00:14',NULL,0),(99,'playerVirtual1','playerVirtual1_351652724',0,'2018-02-09 17:00:14',NULL,0),(100,'playerVirtual0','playerVirtual0_6571218',0,'2018-02-09 17:00:14',NULL,0),(101,'playerVirtual0','playerVirtual0_6571218',0,'2018-02-09 17:00:14',NULL,0),(102,'playerVirtual4','playerVirtual4_778566023',0,'2018-02-09 17:00:16',NULL,0),(103,'playerVirtual4','playerVirtual4_778566023',0,'2018-02-09 17:00:16',NULL,0),(104,'playerVirtual3','playerVirtual3_1436344784',0,'2018-02-09 17:00:20',NULL,0),(105,'playerVirtual3','playerVirtual3_1436344784',0,'2018-02-09 17:00:20',NULL,0),(106,'playerVirtual5','playerVirtual5_1339662',0,'2018-02-09 17:00:21',NULL,0),(107,'playerVirtual5','playerVirtual5_1339662',0,'2018-02-09 17:00:21',NULL,0),(108,'playerVirtual2','playerVirtual2_317497342',0,'2018-02-09 17:00:22',NULL,0),(109,'playerVirtual7','playerVirtual7_284794223',0,'2018-02-09 17:00:22',NULL,0),(110,'playerVirtual2','playerVirtual2_317497342',0,'2018-02-09 17:00:22',NULL,0),(111,'playerVirtual6','playerVirtual6_359920779',0,'2018-02-09 17:00:22',NULL,0),(112,'playerVirtual7','playerVirtual7_284794223',0,'2018-02-09 17:00:22',NULL,0),(113,'playerVirtual8','playerVirtual8_904011',0,'2018-02-09 17:00:22',NULL,0),(114,'playerVirtual6','playerVirtual6_359920779',0,'2018-02-09 17:00:22',NULL,0),(115,'playerVirtual8','playerVirtual8_904011',0,'2018-02-09 17:00:22',NULL,0),(116,'playerVirtual14','playerVirtual14_5876c579e8',4,'2018-02-09 17:00:25',NULL,0),(117,'playerVirtual13','playerVirtual13_1c80c851c6',4,'2018-02-09 17:00:26',NULL,0),(118,'playerVirtual12','playerVirtual12_6d5b5badb6',4,'2018-02-09 17:00:27',NULL,0),(119,'playerVirtual15','playerVirtual15_7891d87b93',4,'2018-02-09 17:00:31',NULL,0),(120,'playerVirtual16','playerVirtual16_2904109077',0,'2018-02-09 17:00:42',NULL,0),(121,'playerVirtual16','playerVirtual16_2904109077',0,'2018-02-09 17:00:42',NULL,0),(122,'playerVirtual17','playerVirtual17_257338074',0,'2018-02-09 17:00:42',NULL,0),(123,'playerVirtual17','playerVirtual17_257338074',0,'2018-02-09 17:00:42',NULL,0),(124,'playerVirtual1','playerVirtual1_09d3c380bb',4,'2018-02-09 17:01:14',NULL,0),(125,'playerVirtual0','playerVirtual0_431093b151',4,'2018-02-09 17:01:14',NULL,0),(126,'playerVirtual4','playerVirtual4_3cb4016489',4,'2018-02-09 17:01:16',NULL,0),(127,'playerVirtual3','playerVirtual3_d7657d60f4',4,'2018-02-09 17:01:20',NULL,0),(128,'playerVirtual5','playerVirtual5_d5392b3202',4,'2018-02-09 17:01:21',NULL,0),(129,'playerVirtual2','playerVirtual2_072712daf3',4,'2018-02-09 17:01:22',NULL,0),(130,'playerVirtual7','playerVirtual7_4776eeb2cc',4,'2018-02-09 17:01:22',NULL,0),(131,'playerVirtual6','playerVirtual6_38627f711d',4,'2018-02-09 17:01:22',NULL,0),(132,'playerVirtual8','playerVirtual8_0f6f650add',4,'2018-02-09 17:01:22',NULL,0),(133,'playerVirtual9','playerVirtual9_905614',0,'2018-02-09 17:01:24',NULL,0),(134,'playerVirtual9','playerVirtual9_905614',0,'2018-02-09 17:01:24',NULL,0),(135,'playerVirtual16','playerVirtual16_e35301945a',4,'2018-02-09 17:01:42',NULL,0),(136,'playerVirtual17','playerVirtual17_113cd1cf15',4,'2018-02-09 17:01:42',NULL,0),(137,'playerVirtual11','playerVirtual11_1093460',0,'2018-02-09 17:01:46',NULL,0),(138,'playerVirtual11','playerVirtual11_1093460',0,'2018-02-09 17:01:46',NULL,0),(139,'playerVirtual10','playerVirtual10_30788568',0,'2018-02-09 17:01:54',NULL,0),(140,'playerVirtual10','playerVirtual10_30788568',0,'2018-02-09 17:01:54',NULL,0),(141,'playerVirtual14','playerVirtual14_6264344062',0,'2018-02-09 17:02:15',NULL,0),(142,'playerVirtual14','playerVirtual14_6264344062',0,'2018-02-09 17:02:15',NULL,0),(143,'playerVirtual9','playerVirtual9_64f6789588',3,'2018-02-09 17:02:24',NULL,0),(144,'playerVirtual13','playerVirtual13_2378747961',0,'2018-02-09 17:02:26',NULL,0),(145,'playerVirtual13','playerVirtual13_2378747961',0,'2018-02-09 17:02:26',NULL,0),(146,'playerVirtual12','playerVirtual12_5068098508',0,'2018-02-09 17:02:33',NULL,0),(147,'playerVirtual12','playerVirtual12_5068098508',0,'2018-02-09 17:02:33',NULL,0),(148,'playerVirtual18','playerVirtual18_6569547',0,'2018-02-09 17:02:40',NULL,0),(149,'playerVirtual18','playerVirtual18_6569547',0,'2018-02-09 17:02:41',NULL,0),(150,'playerVirtual19','playerVirtual19_470485660',0,'2018-02-09 17:02:41',NULL,0),(151,'playerVirtual19','playerVirtual19_470485660',0,'2018-02-09 17:02:41',NULL,0),(152,'playerVirtual11','playerVirtual11_18ab46383a',3,'2018-02-09 17:02:46',NULL,0),(153,'playerVirtual10','playerVirtual10_c9c9f58e71',3,'2018-02-09 17:02:54',NULL,0),(154,'playerVirtual14','playerVirtual14_c73ff7b603',3,'2018-02-09 17:03:15',NULL,0),(155,'playerVirtual13','playerVirtual13_112df81d29',3,'2018-02-09 17:03:26',NULL,0),(156,'playerVirtual12','playerVirtual12_ef5618ae83',3,'2018-02-09 17:03:33',NULL,0),(157,'playerVirtual18','playerVirtual18_2e4d1de3fd',3,'2018-02-09 17:03:40',NULL,0),(158,'playerVirtual19','playerVirtual19_ff4c1e622a',3,'2018-02-09 17:03:41',NULL,0),(159,'playerVirtual20','playerVirtual20_5792765',0,'2018-02-09 17:03:45',NULL,0),(160,'playerVirtual20','playerVirtual20_5792765',0,'2018-02-09 17:03:45',NULL,0),(161,'playerVirtual15','playerVirtual15_227443932',0,'2018-02-09 17:03:48',NULL,0),(162,'playerVirtual15','playerVirtual15_227443932',0,'2018-02-09 17:03:48',NULL,0),(163,'playerVirtual21','playerVirtual21_38671842',0,'2018-02-09 17:03:52',NULL,0),(164,'playerVirtual21','playerVirtual21_38671842',0,'2018-02-09 17:03:52',NULL,0),(165,'playerVirtual22','playerVirtual22_400453824',0,'2018-02-09 17:03:53',NULL,0),(166,'playerVirtual22','playerVirtual22_400453824',0,'2018-02-09 17:03:53',NULL,0),(167,'playerVirtual23','playerVirtual23_4820318661',0,'2018-02-09 17:04:01',NULL,0),(168,'playerVirtual23','playerVirtual23_4820318661',0,'2018-02-09 17:04:01',NULL,0),(169,'playerVirtual24','playerVirtual24_4819935267',0,'2018-02-09 17:04:02',NULL,0),(170,'playerVirtual24','playerVirtual24_4819935267',0,'2018-02-09 17:04:02',NULL,0),(171,'playerVirtual26','playerVirtual26_60b990a7b2',4,'2018-02-09 17:04:04',NULL,0),(172,'playerVirtual27','playerVirtual27_3bd94c43ff',4,'2018-02-09 17:04:04',NULL,0),(173,'playerVirtual25','playerVirtual25_4820217293',0,'2018-02-09 17:04:05',NULL,0),(174,'playerVirtual25','playerVirtual25_4820217293',0,'2018-02-09 17:04:05',NULL,0),(175,'playerVirtual8','playerVirtual8_21ab1ef78f',3,'2018-02-09 17:04:26',NULL,0),(176,'playerVirtual1','playerVirtual1_1095593',0,'2018-02-09 17:04:29',NULL,0),(177,'playerVirtual1','playerVirtual1_1095593',0,'2018-02-09 17:04:29',NULL,0),(178,'playerVirtual0','playerVirtual0_2148750930',0,'2018-02-09 17:04:33',NULL,0),(179,'playerVirtual0','playerVirtual0_2148750930',0,'2018-02-09 17:04:33',NULL,0),(180,'playerVirtual4','playerVirtual4_563574327',0,'2018-02-09 17:04:38',NULL,0),(181,'playerVirtual4','playerVirtual4_563574327',0,'2018-02-09 17:04:38',NULL,0),(182,'playerVirtual3','playerVirtual3_765651',0,'2018-02-09 17:04:41',NULL,0),(183,'playerVirtual3','playerVirtual3_765651',0,'2018-02-09 17:04:42',NULL,0),(184,'playerVirtual5','playerVirtual5_16915963',0,'2018-02-09 17:04:44',NULL,0),(185,'playerVirtual5','playerVirtual5_16915963',0,'2018-02-09 17:04:44',NULL,0),(186,'playerVirtual20','playerVirtual20_4083419f42',3,'2018-02-09 17:04:45',NULL,0),(187,'playerVirtual2','playerVirtual2_5623125514',0,'2018-02-09 17:04:48',NULL,0),(188,'playerVirtual2','playerVirtual2_5623125514',0,'2018-02-09 17:04:48',NULL,0),(189,'playerVirtual15','playerVirtual15_6eaeb7ef65',3,'2018-02-09 17:04:48',NULL,0),(190,'playerVirtual7','playerVirtual7_284757920',0,'2018-02-09 17:04:49',NULL,0),(191,'playerVirtual7','playerVirtual7_284757920',0,'2018-02-09 17:04:49',NULL,0),(192,'playerVirtual21','playerVirtual21_194b66f6ab',3,'2018-02-09 17:04:52',NULL,0),(193,'playerVirtual22','playerVirtual22_1f86aee5f1',3,'2018-02-09 17:04:53',NULL,0),(194,'playerVirtual6','playerVirtual6_272887063',0,'2018-02-09 17:04:58',NULL,0),(195,'playerVirtual6','playerVirtual6_272887063',0,'2018-02-09 17:04:59',NULL,0),(196,'playerVirtual23','playerVirtual23_a72917a143',3,'2018-02-09 17:05:01',NULL,0),(197,'playerVirtual24','playerVirtual24_5136c2f83c',3,'2018-02-09 17:05:02',NULL,0),(198,'playerVirtual28','playerVirtual28_ced89a9e24',4,'2018-02-09 17:05:04',NULL,0),(199,'playerVirtual29','playerVirtual29_c63b9b9bdf',4,'2018-02-09 17:05:04',NULL,0),(200,'playerVirtual30','playerVirtual30_144e9c04fe',4,'2018-02-09 17:05:04',NULL,0),(201,'playerVirtual31','playerVirtual31_9bb434fbd1',4,'2018-02-09 17:05:04',NULL,0),(202,'playerVirtual32','playerVirtual32_7835ce5a77',4,'2018-02-09 17:05:04',NULL,0),(203,'playerVirtual33','playerVirtual33_ddcf3aaece',4,'2018-02-09 17:05:04',NULL,0),(204,'playerVirtual25','playerVirtual25_4cc97cec0c',3,'2018-02-09 17:05:05',NULL,0),(205,'playerVirtual16','playerVirtual16_6274355716',0,'2018-02-09 17:05:26',NULL,0),(206,'playerVirtual16','playerVirtual16_6274355716',0,'2018-02-09 17:05:26',NULL,0),(207,'playerVirtual1','playerVirtual1_da4819a945',3,'2018-02-09 17:05:29',NULL,0),(208,'playerVirtual0','playerVirtual0_564bcfb6a3',3,'2018-02-09 17:05:33',NULL,0),(209,'playerVirtual17','playerVirtual17_38676294',0,'2018-02-09 17:05:37',NULL,0),(210,'playerVirtual17','playerVirtual17_38676294',0,'2018-02-09 17:05:37',NULL,0),(211,'playerVirtual4','playerVirtual4_59cd88533e',3,'2018-02-09 17:05:38',NULL,0),(212,'playerVirtual3','playerVirtual3_ff4ea99915',3,'2018-02-09 17:05:41',NULL,0),(213,'playerVirtual5','playerVirtual5_f6615daea3',3,'2018-02-09 17:05:44',NULL,0),(214,'playerVirtual2','playerVirtual2_0267ff4972',3,'2018-02-09 17:05:48',NULL,0),(215,'playerVirtual7','playerVirtual7_aade921343',3,'2018-02-09 17:05:49',NULL,0),(216,'playerVirtual6','playerVirtual6_60af224f57',3,'2018-02-09 17:05:59',NULL,0),(217,'playerVirtual16','playerVirtual16_90a370907a',3,'2018-02-09 17:06:26',NULL,0),(218,'playerVirtual17','playerVirtual17_3e65dfca5f',3,'2018-02-09 17:06:37',NULL,0),(219,'playerVirtual9','playerVirtual9_182859403',0,'2018-02-09 17:07:21',NULL,0),(220,'playerVirtual9','playerVirtual9_182859403',0,'2018-02-09 17:07:21',NULL,0),(221,'playerVirtual9','playerVirtual9_34cadd591c',4,'2018-02-09 17:08:21',NULL,0),(222,'playerVirtual10','playerVirtual10_4820204870',1,'2018-02-09 17:08:43',NULL,0),(223,'playerVirtual10','playerVirtual10_1bdefa12bc',4,'2018-02-09 17:08:43',NULL,0),(224,'playerVirtual10','playerVirtual10_4820204870',1,'2018-02-09 17:08:43',NULL,0),(225,'playerVirtual19','playerVirtual19_4476462938',0,'2018-02-09 17:08:59',NULL,0),(226,'playerVirtual19','playerVirtual19_4476462938',0,'2018-02-09 17:08:59',NULL,0),(227,'playerVirtual6','playerVirtual6_0aae6fb785',4,'2018-02-09 17:09:31',NULL,0),(228,'playerVirtual14','playerVirtual14_990694203',0,'2018-02-09 17:09:51',NULL,0),(229,'playerVirtual14','playerVirtual14_990694203',0,'2018-02-09 17:09:51',NULL,0),(230,'playerVirtual19','playerVirtual19_28e9e9509d',4,'2018-02-09 17:09:59',NULL,0),(231,'playerVirtual34','playerVirtual34_d15bc4a01c',4,'2018-02-09 17:10:04',NULL,0),(232,'playerVirtual35','playerVirtual35_681f3aa8e5',4,'2018-02-09 17:10:04',NULL,0),(233,'playerVirtual36','playerVirtual36_41fe16d4f1',4,'2018-02-09 17:10:04',NULL,0),(234,'playerVirtual37','playerVirtual37_04e6949c7c',4,'2018-02-09 17:10:04',NULL,0),(235,'playerVirtual38','playerVirtual38_36ac93c156',4,'2018-02-09 17:10:04',NULL,0),(236,'playerVirtual39','playerVirtual39_27640b31b2',4,'2018-02-09 17:10:04',NULL,0),(237,'playerVirtual40','playerVirtual40_ef76134b37',4,'2018-02-09 17:10:04',NULL,0),(238,'playerVirtual41','playerVirtual41_0f8efd9dc8',4,'2018-02-09 17:10:04',NULL,0),(239,'playerVirtual13','playerVirtual13_990694203',0,'2018-02-09 17:10:05',NULL,0),(240,'playerVirtual13','playerVirtual13_990694203',0,'2018-02-09 17:10:05',NULL,0),(241,'playerVirtual12','playerVirtual12_6280638724',0,'2018-02-09 17:10:11',NULL,0),(242,'playerVirtual12','playerVirtual12_6280638724',0,'2018-02-09 17:10:11',NULL,0),(243,'playerVirtual20','playerVirtual20_1436323714',0,'2018-02-09 17:10:20',NULL,0),(244,'playerVirtual20','playerVirtual20_1436323714',0,'2018-02-09 17:10:20',NULL,0),(245,'playerVirtual8','playerVirtual8_2359368952',0,'2018-02-09 17:10:25',NULL,0),(246,'playerVirtual8','playerVirtual8_bbf8ca9547',4,'2018-02-09 17:10:25',NULL,0),(247,'playerVirtual8','playerVirtual8_2359368952',0,'2018-02-09 17:10:25',NULL,0),(248,'playerVirtual21','playerVirtual21_214880781',0,'2018-02-09 17:10:31',NULL,0),(249,'playerVirtual21','playerVirtual21_214880781',0,'2018-02-09 17:10:31',NULL,0),(250,'playerVirtual14','playerVirtual14_81adeb920f',4,'2018-02-09 17:10:51',NULL,0),(251,'playerVirtual15','playerVirtual15_682797',0,'2018-02-09 17:10:54',NULL,0),(252,'playerVirtual15','playerVirtual15_682797',0,'2018-02-09 17:10:54',NULL,0),(253,'playerVirtual13','playerVirtual13_d1bea9390e',4,'2018-02-09 17:11:05',NULL,0),(254,'playerVirtual12','playerVirtual12_51a1ae6db7',4,'2018-02-09 17:11:11',NULL,0),(255,'playerVirtual20','playerVirtual20_da2d2395c0',4,'2018-02-09 17:11:20',NULL,0),(256,'playerVirtual21','playerVirtual21_6eb18685c6',4,'2018-02-09 17:11:31',NULL,0),(257,'playerVirtual9','playerVirtual9_aae8848603',3,'2018-02-09 17:11:33',NULL,0),(258,'playerVirtual15','playerVirtual15_2e7a1c624a',4,'2018-02-09 17:11:54',NULL,0),(259,'playerVirtual26','playerVirtual26_272887063',0,'2018-02-09 17:12:04',NULL,0),(260,'playerVirtual26','playerVirtual26_272887063',0,'2018-02-09 17:12:04',NULL,0),(261,'playerVirtual27','playerVirtual27_6282149131',0,'2018-02-09 17:12:05',NULL,0),(262,'playerVirtual27','playerVirtual27_6282149131',0,'2018-02-09 17:12:05',NULL,0),(263,'playerVirtual1','playerVirtual1_6955737',1,'2018-02-09 17:12:32',NULL,0),(264,'playerVirtual1','playerVirtual1_a0b5745527',4,'2018-02-09 17:12:32',NULL,0),(265,'playerVirtual1','playerVirtual1_6955737',1,'2018-02-09 17:12:32',NULL,0),(266,'playerVirtual14','playerVirtual14_7dc370976c',3,'2018-02-09 17:12:42',NULL,0),(267,'playerVirtual2','playerVirtual2_f70ccb8165',4,'2018-02-09 17:13:01',NULL,0),(268,'playerVirtual0','playerVirtual0_2378747961',0,'2018-02-09 17:13:03',NULL,0),(269,'playerVirtual0','playerVirtual0_2378747961',0,'2018-02-09 17:13:04',NULL,0),(270,'playerVirtual26','playerVirtual26_900987e65c',3,'2018-02-09 17:13:04',NULL,0),(271,'playerVirtual13','playerVirtual13_440863408b',3,'2018-02-09 17:13:05',NULL,0),(272,'playerVirtual27','playerVirtual27_ddc5e873b5',3,'2018-02-09 17:13:05',NULL,0),(273,'playerVirtual4','playerVirtual4_6289355687',0,'2018-02-09 17:13:38',NULL,0),(274,'playerVirtual4','playerVirtual4_6289355687',0,'2018-02-09 17:13:39',NULL,0),(275,'playerVirtual3','playerVirtual3_1438244924',0,'2018-02-09 17:13:48',NULL,0),(276,'playerVirtual3','playerVirtual3_1438244924',0,'2018-02-09 17:13:48',NULL,0),(277,'playerVirtual5','playerVirtual5_6289704471',0,'2018-02-09 17:13:52',NULL,0),(278,'playerVirtual5','playerVirtual5_6289704471',0,'2018-02-09 17:13:52',NULL,0),(279,'playerVirtual0','playerVirtual0_107cc0723d',4,'2018-02-09 17:14:04',NULL,0),(280,'playerVirtual7','playerVirtual7_1436344784',0,'2018-02-09 17:14:09',NULL,0),(281,'playerVirtual7','playerVirtual7_1436344784',0,'2018-02-09 17:14:09',NULL,0),(282,'playerVirtual31','playerVirtual31_6955737',0,'2018-02-09 17:14:35',NULL,0),(283,'playerVirtual31','playerVirtual31_6955737',0,'2018-02-09 17:14:35',NULL,0),(284,'playerVirtual4','playerVirtual4_85a4063f5a',4,'2018-02-09 17:14:39',NULL,0),(285,'playerVirtual32','playerVirtual32_1438244924',0,'2018-02-09 17:14:42',NULL,0),(286,'playerVirtual32','playerVirtual32_1438244924',0,'2018-02-09 17:14:42',NULL,0),(287,'playerVirtual33','playerVirtual33_3338579772',0,'2018-02-09 17:14:43',NULL,0),(288,'playerVirtual33','playerVirtual33_3338579772',0,'2018-02-09 17:14:44',NULL,0),(289,'playerVirtual3','playerVirtual3_50d1a33834',4,'2018-02-09 17:14:48',NULL,0),(290,'playerVirtual5','playerVirtual5_f9cedd94b2',4,'2018-02-09 17:14:52',NULL,0),(291,'playerVirtual6','playerVirtual6_46238c3915',3,'2018-02-09 17:14:58',NULL,0),(292,'playerVirtual42','playerVirtual42_d938933fd8',4,'2018-02-09 17:15:07',NULL,0),(293,'playerVirtual44','playerVirtual44_12bf3f282b',4,'2018-02-09 17:15:07',NULL,0),(294,'playerVirtual45','playerVirtual45_17ec40ce60',4,'2018-02-09 17:15:07',NULL,0),(295,'playerVirtual43','playerVirtual43_17ec40ce60',4,'2018-02-09 17:15:07',NULL,0),(296,'playerVirtual46','playerVirtual46_e69bd36ccc',4,'2018-02-09 17:15:07',NULL,0),(297,'playerVirtual48','playerVirtual48_6e88a66220',4,'2018-02-09 17:15:07',NULL,0),(298,'playerVirtual49','playerVirtual49_40eb06a6a3',4,'2018-02-09 17:15:07',NULL,0),(299,'playerVirtual47','playerVirtual47_4dc73863c6',4,'2018-02-09 17:15:07',NULL,0),(300,'playerVirtual7','playerVirtual7_8bcb446d76',4,'2018-02-09 17:15:09',NULL,0),(301,'playerVirtual17','playerVirtual17_990694203',0,'2018-02-09 17:15:16',NULL,0),(302,'playerVirtual17','playerVirtual17_990694203',0,'2018-02-09 17:15:16',NULL,0),(303,'playerVirtual31','playerVirtual31_f2740eb140',3,'2018-02-09 17:15:35',NULL,0),(304,'playerVirtual32','playerVirtual32_a0c0bfa99b',3,'2018-02-09 17:15:42',NULL,0),(305,'playerVirtual33','playerVirtual33_8cd73d0216',3,'2018-02-09 17:15:44',NULL,0),(306,'playerVirtual17','playerVirtual17_31f49db5f6',4,'2018-02-09 17:16:16',NULL,0),(307,'playerVirtual10','playerVirtual10_6296268057',0,'2018-02-09 17:16:48',NULL,0),(308,'playerVirtual10','playerVirtual10_6296268057',0,'2018-02-09 17:16:48',NULL,0),(309,'playerVirtual32','playerVirtual32_25cffd5715',4,'2018-02-09 17:17:33',NULL,0),(310,'playerVirtual1','playerVirtual1_ea9b5bfda0',3,'2018-02-09 17:17:38',NULL,0),(311,'playerVirtual10','playerVirtual10_2e003c81ab',3,'2018-02-09 17:17:48',NULL,0),(312,'playerVirtual3','playerVirtual3_24d55f9fe1',3,'2018-02-09 17:18:28',NULL,0),(313,'playerVirtual0','playerVirtual0_b966d0ad4b',3,'2018-02-09 17:18:52',NULL,0),(314,'playerVirtual50','playerVirtual50_ea1d6f1519',4,'2018-02-09 17:19:04',NULL,0),(315,'playerVirtual51','playerVirtual51_bcd5fff8b7',4,'2018-02-09 17:19:04',NULL,0),(316,'playerVirtual19','playerVirtual19_182859403',0,'2018-02-09 17:19:51',NULL,0),(317,'playerVirtual19','playerVirtual19_182859403',0,'2018-02-09 17:19:51',NULL,0),(318,'playerVirtual52','playerVirtual52_444db9f360',4,'2018-02-09 17:20:04',NULL,0),(319,'playerVirtual53','playerVirtual53_d1dac59175',4,'2018-02-09 17:20:04',NULL,0),(320,'playerVirtual54','playerVirtual54_2e5b721245',4,'2018-02-09 17:20:04',NULL,0),(321,'playerVirtual55','playerVirtual55_fcd6644f4a',4,'2018-02-09 17:20:04',NULL,0),(322,'playerVirtual57','playerVirtual57_8184a128f2',4,'2018-02-09 17:20:04',NULL,0),(323,'playerVirtual56','playerVirtual56_d6679c9674',4,'2018-02-09 17:20:04',NULL,0),(324,'playerVirtual17','playerVirtual17_6990b04888',3,'2018-02-09 17:20:10',NULL,0),(325,'playerVirtual19','playerVirtual19_4b9e68af9c',3,'2018-02-09 17:20:51',NULL,0),(326,'playerVirtual14','playerVirtual14_2381571381',1,'2018-02-09 17:21:38',NULL,0),(327,'playerVirtual14','playerVirtual14_95a10fa6b0',4,'2018-02-09 17:21:38',NULL,0),(328,'playerVirtual14','playerVirtual14_2381571381',1,'2018-02-09 17:21:38',NULL,0),(329,'playerVirtual13','playerVirtual13_2378747961',1,'2018-02-09 17:21:53',NULL,0),(330,'playerVirtual13','playerVirtual13_9d7a411cd4',4,'2018-02-09 17:21:53',NULL,0),(331,'playerVirtual13','playerVirtual13_2378747961',1,'2018-02-09 17:21:53',NULL,0),(332,'playerVirtual12','playerVirtual12_5068098508',1,'2018-02-09 17:22:09',NULL,0),(333,'playerVirtual12','playerVirtual12_8c561a1189',3,'2018-02-09 17:22:09',NULL,0),(334,'playerVirtual12','playerVirtual12_5068098508',1,'2018-02-09 17:22:09',NULL,0),(335,'playerVirtual8','playerVirtual8_904011',1,'2018-02-09 17:22:31',NULL,0),(336,'playerVirtual8','playerVirtual8_453877aeed',3,'2018-02-09 17:22:31',NULL,0),(337,'playerVirtual8','playerVirtual8_904011',1,'2018-02-09 17:22:31',NULL,0),(338,'playerVirtual5','playerVirtual5_6289704471',1,'2018-02-09 17:24:06',NULL,0),(339,'playerVirtual5','playerVirtual5_a85d8f5227',3,'2018-02-09 17:24:06',NULL,0),(340,'playerVirtual5','playerVirtual5_6289704471',1,'2018-02-09 17:24:06',NULL,0),(341,'playerVirtual14','playerVirtual14_6264344062',1,'2018-02-09 17:24:22',NULL,0),(342,'playerVirtual14','playerVirtual14_153a06c1cc',3,'2018-02-09 17:24:22',NULL,0),(343,'playerVirtual14','playerVirtual14_6264344062',1,'2018-02-09 17:24:22',NULL,0),(344,'playerVirtual9','playerVirtual9_908315',1,'2018-02-09 17:24:36',NULL,0),(345,'playerVirtual9','playerVirtual9_70242794b2',4,'2018-02-09 17:24:36',NULL,0),(346,'playerVirtual9','playerVirtual9_908315',1,'2018-02-09 17:24:36',NULL,0),(347,'playerVirtual58','playerVirtual58_c77a471ad4',4,'2018-02-09 17:25:10',NULL,0),(348,'playerVirtual59','playerVirtual59_bf20de47c9',4,'2018-02-09 17:25:10',NULL,0),(349,'playerVirtual60','playerVirtual60_c00f9a8bbb',4,'2018-02-09 17:25:10',NULL,0),(350,'playerVirtual61','playerVirtual61_be242e63bb',4,'2018-02-09 17:25:10',NULL,0),(351,'playerVirtual62','playerVirtual62_72a810d1ef',4,'2018-02-09 17:25:10',NULL,0),(352,'playerVirtual63','playerVirtual63_75f4e622bd',4,'2018-02-09 17:25:10',NULL,0),(353,'playerVirtual64','playerVirtual64_e17a5d0254',4,'2018-02-09 17:25:10',NULL,0),(354,'playerVirtual65','playerVirtual65_c005d14cd6',4,'2018-02-09 17:25:10',NULL,0),(355,'playerVirtual19','playerVirtual19_57f1394148',4,'2018-02-09 17:26:08',NULL,0),(356,'playerVirtual20','playerVirtual20_4246147567',0,'2018-02-09 17:26:15',NULL,0),(357,'playerVirtual20','playerVirtual20_4246147567',0,'2018-02-09 17:26:15',NULL,0),(358,'playerVirtual21','playerVirtual21_6289704471',0,'2018-02-09 17:26:42',NULL,0),(359,'playerVirtual21','playerVirtual21_6289704471',0,'2018-02-09 17:26:42',NULL,0),(360,'playerVirtual15','playerVirtual15_4246147567',0,'2018-02-09 17:26:56',NULL,0),(361,'playerVirtual15','playerVirtual15_4246147567',0,'2018-02-09 17:26:56',NULL,0),(362,'playerVirtual2','playerVirtual2_4246147567',0,'2018-02-09 17:27:08',NULL,0),(363,'playerVirtual2','playerVirtual2_4246147567',0,'2018-02-09 17:27:08',NULL,0),(364,'playerVirtual20','playerVirtual20_1180cc5e51',3,'2018-02-09 17:27:15',NULL,0),(365,'playerVirtual21','playerVirtual21_d907ee9e8e',3,'2018-02-09 17:27:42',NULL,0),(366,'playerVirtual15','playerVirtual15_a0d1439466',3,'2018-02-09 17:27:56',NULL,0),(367,'playerVirtual2','playerVirtual2_f0232d20b6',3,'2018-02-09 17:28:08',NULL,0),(368,'playerVirtual4','playerVirtual4_4246147567',0,'2018-02-09 17:28:25',NULL,0),(369,'playerVirtual4','playerVirtual4_4246147567',0,'2018-02-09 17:28:25',NULL,0),(370,'playerVirtual4','playerVirtual4_3040cb73c3',3,'2018-02-09 17:29:25',NULL,0),(371,'playerVirtual13','playerVirtual13_5297461910',1,'2018-02-09 17:29:51',NULL,0),(372,'playerVirtual13','playerVirtual13_d0e2eb24e1',3,'2018-02-09 17:29:51',NULL,0),(373,'playerVirtual13','playerVirtual13_5297461910',1,'2018-02-09 17:29:52',NULL,0),(374,'playerVirtual66','playerVirtual66_43bf14e198',4,'2018-02-09 17:30:04',NULL,0),(375,'playerVirtual67','playerVirtual67_44d6f59a6e',4,'2018-02-09 17:30:04',NULL,0),(376,'playerVirtual68','playerVirtual68_cc14a25382',4,'2018-02-09 17:30:04',NULL,0),(377,'playerVirtual69','playerVirtual69_3fdc301c97',4,'2018-02-09 17:30:04',NULL,0),(378,'playerVirtual70','playerVirtual70_71f8bedfa8',4,'2018-02-09 17:30:04',NULL,0),(379,'playerVirtual71','playerVirtual71_4c3843fd8f',4,'2018-02-09 17:30:04',NULL,0),(380,'playerVirtual72','playerVirtual72_4fba3b6ff2',4,'2018-02-09 17:30:04',NULL,0),(381,'playerVirtual73','playerVirtual73_9324e19e1a',4,'2018-02-09 17:30:04',NULL,0),(382,'playerVirtual7','playerVirtual7_6322213339',0,'2018-02-09 17:30:20',NULL,0),(383,'playerVirtual7','playerVirtual7_6322213339',0,'2018-02-09 17:30:20',NULL,0),(384,'playerVirtual7','playerVirtual7_e2e35a8175',3,'2018-02-09 17:31:20',NULL,0),(385,'playerVirtual6','playerVirtual6_5068098508',0,'2018-02-09 17:31:29',NULL,0),(386,'playerVirtual6','playerVirtual6_5068098508',0,'2018-02-09 17:31:29',NULL,0),(387,'playerVirtual6','playerVirtual6_23ab3a3f58',4,'2018-02-09 17:32:29',NULL,0),(388,'playerVirtual20','playerVirtual20_f81ade4b07',4,'2018-02-09 17:32:49',NULL,0),(389,'playerVirtual74','playerVirtual74_72a0badf6c',4,'2018-02-09 17:35:09',NULL,0),(390,'playerVirtual75','playerVirtual75_ec09f9a7e9',4,'2018-02-09 17:35:09',NULL,0),(391,'playerVirtual76','playerVirtual76_ec09f9a7e9',4,'2018-02-09 17:35:09',NULL,0),(392,'playerVirtual77','playerVirtual77_152399baad',4,'2018-02-09 17:35:10',NULL,0),(393,'playerVirtual78','playerVirtual78_5facd12d3b',4,'2018-02-09 17:35:10',NULL,0),(394,'playerVirtual79','playerVirtual79_110581bbe1',4,'2018-02-09 17:35:10',NULL,0),(395,'playerVirtual80','playerVirtual80_5a46612c2f',4,'2018-02-09 17:35:10',NULL,0),(396,'playerVirtual81','playerVirtual81_7589515846',4,'2018-02-09 17:35:10',NULL,0),(397,'playerVirtual2','playerVirtual2_4392edf69d',4,'2018-02-09 17:35:20',NULL,0),(398,'playerVirtual45','playerVirtual45_4246147567',0,'2018-02-09 17:36:32',NULL,0),(399,'playerVirtual45','playerVirtual45_4246147567',0,'2018-02-09 17:36:32',NULL,0),(400,'playerVirtual1','playerVirtual1_4246147567',0,'2018-02-09 17:36:46',NULL,0),(401,'playerVirtual1','playerVirtual1_4246147567',0,'2018-02-09 17:36:46',NULL,0),(402,'playerVirtual46','playerVirtual46_4246147567',0,'2018-02-09 17:37:00',NULL,0),(403,'playerVirtual46','playerVirtual46_4246147567',0,'2018-02-09 17:37:00',NULL,0),(404,'playerVirtual48','playerVirtual48_4246147567',0,'2018-02-09 17:37:15',NULL,0),(405,'playerVirtual48','playerVirtual48_4246147567',0,'2018-02-09 17:37:15',NULL,0),(406,'playerVirtual4','playerVirtual4_532c29c5e4',4,'2018-02-09 17:37:25',NULL,0),(407,'playerVirtual49','playerVirtual49_4246147567',0,'2018-02-09 17:37:28',NULL,0),(408,'playerVirtual49','playerVirtual49_4246147567',0,'2018-02-09 17:37:28',NULL,0),(409,'playerVirtual45','playerVirtual45_0afd5ee105',3,'2018-02-09 17:37:32',NULL,0),(410,'playerVirtual47','playerVirtual47_1095593',0,'2018-02-09 17:37:35',NULL,0),(411,'playerVirtual47','playerVirtual47_1095593',0,'2018-02-09 17:37:35',NULL,0),(412,'playerVirtual1','playerVirtual1_7e1b8f0ed9',4,'2018-02-09 17:37:46',NULL,0),(413,'playerVirtual46','playerVirtual46_40d337f664',3,'2018-02-09 17:38:00',NULL,0),(414,'playerVirtual8','playerVirtual8_990694203',0,'2018-02-09 17:38:12',NULL,0),(415,'playerVirtual8','playerVirtual8_990694203',0,'2018-02-09 17:38:12',NULL,0),(416,'playerVirtual48','playerVirtual48_d163d99c1e',3,'2018-02-09 17:38:15',NULL,0),(417,'playerVirtual49','playerVirtual49_abd5f49d85',3,'2018-02-09 17:38:28',NULL,0),(418,'playerVirtual45','playerVirtual45_b866822d78',4,'2018-02-09 17:38:33',NULL,0),(419,'playerVirtual47','playerVirtual47_ab9c80a4d9',3,'2018-02-09 17:38:35',NULL,0),(420,'playerVirtual6','playerVirtual6_359920779',1,'2018-02-09 17:38:58',NULL,0),(421,'playerVirtual6','playerVirtual6_073289fa2a',3,'2018-02-09 17:38:58',NULL,0),(422,'playerVirtual6','playerVirtual6_359920779',1,'2018-02-09 17:38:58',NULL,0),(423,'playerVirtual46','playerVirtual46_cd13c2fd23',4,'2018-02-09 17:39:01',NULL,0),(424,'playerVirtual0','playerVirtual0_4246147567',0,'2018-02-09 17:39:08',NULL,0),(425,'playerVirtual0','playerVirtual0_4246147567',0,'2018-02-09 17:39:08',NULL,0),(426,'playerVirtual8','playerVirtual8_dd2eeb3d42',4,'2018-02-09 17:39:12',NULL,0),(427,'playerVirtual48','playerVirtual48_ff34f52878',4,'2018-02-09 17:39:17',NULL,0),(428,'playerVirtual3','playerVirtual3_4246147567',0,'2018-02-09 17:39:27',NULL,0),(429,'playerVirtual3','playerVirtual3_4246147567',0,'2018-02-09 17:39:27',NULL,0),(430,'playerVirtual49','playerVirtual49_ea0a06df49',4,'2018-02-09 17:39:29',NULL,0),(431,'playerVirtual9','playerVirtual9_272887063',0,'2018-02-09 17:39:54',NULL,0),(432,'playerVirtual9','playerVirtual9_272887063',0,'2018-02-09 17:39:54',NULL,0),(433,'playerVirtual87','playerVirtual87_d50a1acde7',4,'2018-02-09 17:40:04',NULL,0),(434,'playerVirtual88','playerVirtual88_aed99435b5',4,'2018-02-09 17:40:05',NULL,0),(435,'playerVirtual83','playerVirtual83_fec389298a',4,'2018-02-09 17:40:05',NULL,0),(436,'playerVirtual85','playerVirtual85_98d49d83e1',4,'2018-02-09 17:40:05',NULL,0),(437,'playerVirtual89','playerVirtual89_59eec48967',4,'2018-02-09 17:40:05',NULL,0),(438,'playerVirtual84','playerVirtual84_5d73a40679',4,'2018-02-09 17:40:05',NULL,0),(439,'playerVirtual82','playerVirtual82_5d73a40679',4,'2018-02-09 17:40:05',NULL,0),(440,'playerVirtual86','playerVirtual86_5e785f95e2',4,'2018-02-09 17:40:05',NULL,0),(441,'playerVirtual0','playerVirtual0_b08731e566',4,'2018-02-09 17:40:08',NULL,0),(442,'playerVirtual3','playerVirtual3_f865274148',4,'2018-02-09 17:40:27',NULL,0),(443,'playerVirtual9','playerVirtual9_e4475bcb1a',3,'2018-02-09 17:40:54',NULL,0),(444,'playerVirtual7','playerVirtual7_2916c2a110',4,'2018-02-09 17:40:54',NULL,0),(445,'playerVirtual1','playerVirtual1_9e0f22c1a2',3,'2018-02-09 17:42:51',NULL,0),(446,'playerVirtual5','playerVirtual5_4246147567',0,'2018-02-09 17:42:52',NULL,0),(447,'playerVirtual5','playerVirtual5_4246147567',0,'2018-02-09 17:42:52',NULL,0),(448,'playerVirtual21','playerVirtual21_4246147567',0,'2018-02-09 17:43:00',NULL,0),(449,'playerVirtual21','playerVirtual21_4246147567',0,'2018-02-09 17:43:00',NULL,0),(450,'playerVirtual17','playerVirtual17_4246147567',0,'2018-02-09 17:43:22',NULL,0),(451,'playerVirtual17','playerVirtual17_4246147567',0,'2018-02-09 17:43:22',NULL,0),(452,'playerVirtual50','playerVirtual50_4246147567',0,'2018-02-09 17:43:35',NULL,0),(453,'playerVirtual50','playerVirtual50_4246147567',0,'2018-02-09 17:43:35',NULL,0),(454,'playerVirtual51','playerVirtual51_6335261139',0,'2018-02-09 17:43:48',NULL,0),(455,'playerVirtual51','playerVirtual51_6335261139',0,'2018-02-09 17:43:48',NULL,0),(456,'playerVirtual5','playerVirtual5_7fafc6508d',4,'2018-02-09 17:43:53',NULL,0),(457,'playerVirtual21','playerVirtual21_142cc3e326',4,'2018-02-09 17:44:00',NULL,0),(458,'playerVirtual3','playerVirtual3_e966d194a8',3,'2018-02-09 17:44:07',NULL,0),(459,'playerVirtual96','playerVirtual96_02b7d15b95',4,'2018-02-09 17:44:11',NULL,0),(460,'playerVirtual17','playerVirtual17_3e3bffc5ec',4,'2018-02-09 17:44:22',NULL,0),(461,'playerVirtual50','playerVirtual50_642639a61b',3,'2018-02-09 17:44:35',NULL,0),(462,'playerVirtual51','playerVirtual51_2797d68612',3,'2018-02-09 17:44:48',NULL,0),(463,'playerVirtual52','playerVirtual52_4246147567',0,'2018-02-09 17:44:48',NULL,0),(464,'playerVirtual52','playerVirtual52_4246147567',0,'2018-02-09 17:44:48',NULL,0),(465,'playerVirtual0','playerVirtual0_8c0bc4511f',3,'2018-02-09 17:45:00',NULL,0),(466,'playerVirtual53','playerVirtual53_4246147567',0,'2018-02-09 17:45:03',NULL,0),(467,'playerVirtual53','playerVirtual53_4246147567',0,'2018-02-09 17:45:03',NULL,0),(468,'playerVirtual92','playerVirtual92_c9685cf322',4,'2018-02-09 17:45:11',NULL,0),(469,'playerVirtual97','playerVirtual97_2f19af05d8',4,'2018-02-09 17:45:11',NULL,0),(470,'playerVirtual93','playerVirtual93_d9d76f9d1c',4,'2018-02-09 17:45:11',NULL,0),(471,'playerVirtual90','playerVirtual90_808d14ebcd',4,'2018-02-09 17:45:11',NULL,0),(472,'playerVirtual94','playerVirtual94_a102944139',4,'2018-02-09 17:45:11',NULL,0),(473,'playerVirtual95','playerVirtual95_e0d25179bd',4,'2018-02-09 17:45:11',NULL,0),(474,'playerVirtual91','playerVirtual91_eec214f886',4,'2018-02-09 17:45:11',NULL,0),(475,'playerVirtual55','playerVirtual55_4246147567',0,'2018-02-09 17:45:16',NULL,0),(476,'playerVirtual55','playerVirtual55_4246147567',0,'2018-02-09 17:45:16',NULL,0),(477,'playerVirtual54','playerVirtual54_4246147567',0,'2018-02-09 17:45:31',NULL,0),(478,'playerVirtual54','playerVirtual54_4246147567',0,'2018-02-09 17:45:31',NULL,0),(479,'playerVirtual50','playerVirtual50_36bd8c7713',4,'2018-02-09 17:45:36',NULL,0),(480,'playerVirtual57','playerVirtual57_4246147567',0,'2018-02-09 17:45:45',NULL,0),(481,'playerVirtual57','playerVirtual57_4246147567',0,'2018-02-09 17:45:45',NULL,0),(482,'playerVirtual52','playerVirtual52_44bf483d20',3,'2018-02-09 17:45:48',NULL,0),(483,'playerVirtual56','playerVirtual56_4246147567',0,'2018-02-09 17:46:00',NULL,0),(484,'playerVirtual56','playerVirtual56_4246147567',0,'2018-02-09 17:46:00',NULL,0),(485,'playerVirtual53','playerVirtual53_04f7a50118',3,'2018-02-09 17:46:03',NULL,0),(486,'playerVirtual55','playerVirtual55_69d091be5d',3,'2018-02-09 17:46:16',NULL,0),(487,'playerVirtual54','playerVirtual54_1414ecd940',3,'2018-02-09 17:46:31',NULL,0),(488,'playerVirtual57','playerVirtual57_18e4988c2f',3,'2018-02-09 17:46:45',NULL,0),(489,'playerVirtual52','playerVirtual52_21a6e95cda',4,'2018-02-09 17:46:49',NULL,0),(490,'playerVirtual56','playerVirtual56_9f06fdba9d',3,'2018-02-09 17:47:00',NULL,0),(491,'playerVirtual53','playerVirtual53_620e2d619e',4,'2018-02-09 17:47:04',NULL,0),(492,'playerVirtual55','playerVirtual55_4bb9cbf462',4,'2018-02-09 17:47:17',NULL,0),(493,'playerVirtual54','playerVirtual54_9f3ea975b2',4,'2018-02-09 17:47:32',NULL,0),(494,'playerVirtual57','playerVirtual57_9cbeb00d20',4,'2018-02-09 17:47:46',NULL,0),(495,'playerVirtual56','playerVirtual56_2892314255',4,'2018-02-09 17:48:01',NULL,0),(496,'playerVirtual17','playerVirtual17_a68cd57639',3,'2018-02-09 17:48:16',NULL,0),(497,'playerVirtual14','playerVirtual14_4246147567',0,'2018-02-09 17:49:51',NULL,0),(498,'playerVirtual14','playerVirtual14_4246147567',0,'2018-02-09 17:49:51',NULL,0),(499,'playerVirtual14','playerVirtual14_a9ce881891',4,'2018-02-09 17:50:51',NULL,0),(500,'playerVirtual19','playerVirtual19_4246147567',0,'2018-02-09 17:50:52',NULL,0),(501,'playerVirtual19','playerVirtual19_4246147567',0,'2018-02-09 17:50:52',NULL,0),(502,'playerVirtual8','playerVirtual8_caa713288f',3,'2018-02-09 17:51:19',NULL,0),(503,'playerVirtual19','playerVirtual19_73ce69659e',3,'2018-02-09 17:51:52',NULL,0),(504,'playerVirtual5','playerVirtual5_f0defd7b7c',3,'2018-02-09 17:53:07',NULL,0),(505,'playerVirtual58','playerVirtual58_6566788',0,'2018-02-09 17:53:15',NULL,0),(506,'playerVirtual58','playerVirtual58_6566788',0,'2018-02-09 17:53:15',NULL,0),(507,'playerVirtual59','playerVirtual59_4246147567',0,'2018-02-09 17:53:15',NULL,0),(508,'playerVirtual59','playerVirtual59_4246147567',0,'2018-02-09 17:53:15',NULL,0),(509,'playerVirtual60','playerVirtual60_82730999',0,'2018-02-09 17:53:27',NULL,0),(510,'playerVirtual60','playerVirtual60_82730999',0,'2018-02-09 17:53:27',NULL,0),(511,'playerVirtual14','playerVirtual14_0b98379d18',3,'2018-02-09 17:53:35',NULL,0),(512,'playerVirtual61','playerVirtual61_4246147567',0,'2018-02-09 17:53:46',NULL,0),(513,'playerVirtual61','playerVirtual61_4246147567',0,'2018-02-09 17:53:46',NULL,0),(514,'playerVirtual62','playerVirtual62_6566788',0,'2018-02-09 17:53:57',NULL,0),(515,'playerVirtual62','playerVirtual62_6566788',0,'2018-02-09 17:53:57',NULL,0),(516,'playerVirtual63','playerVirtual63_4246147567',0,'2018-02-09 17:54:02',NULL,0),(517,'playerVirtual63','playerVirtual63_4246147567',0,'2018-02-09 17:54:02',NULL,0),(518,'playerVirtual64','playerVirtual64_16917741',0,'2018-02-09 17:54:03',NULL,0),(519,'playerVirtual64','playerVirtual64_16917741',0,'2018-02-09 17:54:03',NULL,0),(520,'playerVirtual65','playerVirtual65_4820150269',0,'2018-02-09 17:54:05',NULL,0),(521,'playerVirtual65','playerVirtual65_4820150269',0,'2018-02-09 17:54:05',NULL,0),(522,'playerVirtual59','playerVirtual59_4359213dcc',3,'2018-02-09 17:54:15',NULL,0),(523,'playerVirtual60','playerVirtual60_843c3f8682',3,'2018-02-09 17:54:27',NULL,0),(524,'playerVirtual61','playerVirtual61_e9a1116681',3,'2018-02-09 17:54:47',NULL,0),(525,'playerVirtual62','playerVirtual62_a1f330ac7f',3,'2018-02-09 17:54:57',NULL,0),(526,'playerVirtual63','playerVirtual63_5e9b4172fe',3,'2018-02-09 17:55:02',NULL,0),(527,'playerVirtual64','playerVirtual64_26ef54dcd0',3,'2018-02-09 17:55:03',NULL,0),(528,'playerVirtual65','playerVirtual65_796eebe8ec',3,'2018-02-09 17:55:05',NULL,0),(529,'playerVirtual59','playerVirtual59_65eb14784c',4,'2018-02-09 17:55:16',NULL,0),(530,'playerVirtual61','playerVirtual61_503021f76c',4,'2018-02-09 17:55:48',NULL,0),(531,'playerVirtual63','playerVirtual63_3c60697c3f',4,'2018-02-09 17:56:03',NULL,0),(532,'playerVirtual65','playerVirtual65_ac3b8c999a',4,'2018-02-09 17:56:06',NULL,0),(533,'playerVirtual19','playerVirtual19_8725c29246',4,'2018-02-09 17:57:09',NULL,0),(534,'playerVirtual6','playerVirtual6_d90faf1a68',4,'2018-02-09 17:57:10',NULL,0),(535,'playerVirtual20','playerVirtual20_5792765',1,'2018-02-09 17:59:03',NULL,0),(536,'playerVirtual20','playerVirtual20_3c6d273929',3,'2018-02-09 17:59:03',NULL,0),(537,'playerVirtual20','playerVirtual20_5792765',1,'2018-02-09 17:59:03',NULL,0),(538,'playerVirtual21','playerVirtual21_d2cf48e921',3,'2018-02-09 17:59:11',NULL,0),(539,'playerVirtual64','playerVirtual64_a84b2d007b',4,'2018-02-09 17:59:30',NULL,0),(540,'playerVirtual66','playerVirtual66_1438244924',0,'2018-02-09 18:00:27',NULL,0),(541,'playerVirtual66','playerVirtual66_1438244924',0,'2018-02-09 18:00:27',NULL,0),(542,'playerVirtual67','playerVirtual67_4246147567',0,'2018-02-09 18:00:31',NULL,0),(543,'playerVirtual67','playerVirtual67_4246147567',0,'2018-02-09 18:00:32',NULL,0),(544,'playerVirtual68','playerVirtual68_4246147567',0,'2018-02-09 18:00:46',NULL,0),(545,'playerVirtual68','playerVirtual68_4246147567',0,'2018-02-09 18:00:46',NULL,0),(546,'playerVirtual69','playerVirtual69_5792765',0,'2018-02-09 18:00:55',NULL,0),(547,'playerVirtual69','playerVirtual69_5792765',0,'2018-02-09 18:00:55',NULL,0),(548,'playerVirtual70','playerVirtual70_4246147567',0,'2018-02-09 18:01:17',NULL,0),(549,'playerVirtual70','playerVirtual70_4246147567',0,'2018-02-09 18:01:17',NULL,0),(550,'playerVirtual66','playerVirtual66_35c4771803',3,'2018-02-09 18:01:27',NULL,0),(551,'playerVirtual71','playerVirtual71_4246147567',0,'2018-02-09 18:01:31',NULL,0),(552,'playerVirtual71','playerVirtual71_4246147567',0,'2018-02-09 18:01:31',NULL,0),(553,'playerVirtual67','playerVirtual67_466d2c4d4a',3,'2018-02-09 18:01:32',NULL,0),(554,'playerVirtual72','playerVirtual72_4246147567',0,'2018-02-09 18:01:46',NULL,0),(555,'playerVirtual72','playerVirtual72_4246147567',0,'2018-02-09 18:01:46',NULL,0),(556,'playerVirtual68','playerVirtual68_1ffac25e52',3,'2018-02-09 18:01:46',NULL,0),(557,'playerVirtual69','playerVirtual69_644e3cd338',3,'2018-02-09 18:01:55',NULL,0),(558,'playerVirtual73','playerVirtual73_4246147567',0,'2018-02-09 18:02:00',NULL,0),(559,'playerVirtual73','playerVirtual73_4246147567',0,'2018-02-09 18:02:00',NULL,0),(560,'playerVirtual70','playerVirtual70_c529e64606',3,'2018-02-09 18:02:17',NULL,0),(561,'playerVirtual71','playerVirtual71_8ffb672a16',3,'2018-02-09 18:02:31',NULL,0),(562,'playerVirtual67','playerVirtual67_bdf54a0a6b',4,'2018-02-09 18:02:33',NULL,0),(563,'playerVirtual72','playerVirtual72_2af40f017d',3,'2018-02-09 18:02:46',NULL,0),(564,'playerVirtual68','playerVirtual68_5c27d5cc14',4,'2018-02-09 18:02:47',NULL,0),(565,'playerVirtual73','playerVirtual73_981dec7bd5',3,'2018-02-09 18:03:00',NULL,0),(566,'playerVirtual2','playerVirtual2_2378747961',0,'2018-02-09 18:03:16',NULL,0),(567,'playerVirtual2','playerVirtual2_2378747961',0,'2018-02-09 18:03:16',NULL,0),(568,'playerVirtual70','playerVirtual70_0831cb8c39',4,'2018-02-09 18:03:18',NULL,0),(569,'playerVirtual71','playerVirtual71_50b878d3ad',4,'2018-02-09 18:03:33',NULL,0),(570,'playerVirtual72','playerVirtual72_b5b12fab52',4,'2018-02-09 18:03:47',NULL,0),(571,'playerVirtual73','playerVirtual73_d36a4cbd00',4,'2018-02-09 18:04:01',NULL,0),(572,'playerVirtual9','playerVirtual9_4246147567',0,'2018-02-09 18:04:05',NULL,0),(573,'playerVirtual9','playerVirtual9_4246147567',0,'2018-02-09 18:04:05',NULL,0),(574,'playerVirtual2','playerVirtual2_68940d5f88',3,'2018-02-09 18:04:16',NULL,0),(575,'playerVirtual9','playerVirtual9_1736c1bc80',4,'2018-02-09 18:05:05',NULL,0),(576,'playerVirtual4','playerVirtual4_904011',0,'2018-02-09 18:05:09',NULL,0),(577,'playerVirtual4','playerVirtual4_904011',0,'2018-02-09 18:05:09',NULL,0),(578,'playerVirtual4','playerVirtual4_e27e3e28cf',3,'2018-02-09 18:06:09',NULL,0),(579,'playerVirtual74','playerVirtual74_4246147567',0,'2018-02-09 18:07:54',NULL,0),(580,'playerVirtual74','playerVirtual74_4246147567',0,'2018-02-09 18:07:54',NULL,0),(581,'playerVirtual76','playerVirtual76_4246147567',0,'2018-02-09 18:08:08',NULL,0),(582,'playerVirtual76','playerVirtual76_4246147567',0,'2018-02-09 18:08:08',NULL,0),(583,'playerVirtual75','playerVirtual75_4246147567',0,'2018-02-09 18:08:23',NULL,0),(584,'playerVirtual75','playerVirtual75_4246147567',0,'2018-02-09 18:08:23',NULL,0),(585,'playerVirtual77','playerVirtual77_990694203',0,'2018-02-09 18:08:34',NULL,0),(586,'playerVirtual77','playerVirtual77_990694203',0,'2018-02-09 18:08:34',NULL,0),(587,'playerVirtual78','playerVirtual78_4246147567',0,'2018-02-09 18:08:37',NULL,0),(588,'playerVirtual78','playerVirtual78_4246147567',0,'2018-02-09 18:08:37',NULL,0),(589,'playerVirtual79','playerVirtual79_4246147567',0,'2018-02-09 18:08:52',NULL,0),(590,'playerVirtual79','playerVirtual79_4246147567',0,'2018-02-09 18:08:52',NULL,0),(591,'playerVirtual74','playerVirtual74_70f4ae92f6',3,'2018-02-09 18:08:54',NULL,0),(592,'playerVirtual81','playerVirtual81_4246147567',0,'2018-02-09 18:09:07',NULL,0),(593,'playerVirtual81','playerVirtual81_4246147567',0,'2018-02-09 18:09:07',NULL,0),(594,'playerVirtual76','playerVirtual76_a8b3cab3a3',3,'2018-02-09 18:09:08',NULL,0),(595,'playerVirtual80','playerVirtual80_4246147567',0,'2018-02-09 18:09:21',NULL,0),(596,'playerVirtual80','playerVirtual80_4246147567',0,'2018-02-09 18:09:21',NULL,0),(597,'playerVirtual75','playerVirtual75_f12f6e11ff',3,'2018-02-09 18:09:23',NULL,0),(598,'playerVirtual77','playerVirtual77_b9a94d361a',3,'2018-02-09 18:09:34',NULL,0),(599,'playerVirtual78','playerVirtual78_67c6efb6da',3,'2018-02-09 18:09:38',NULL,0),(600,'playerVirtual79','playerVirtual79_e8d6e0ac82',3,'2018-02-09 18:09:52',NULL,0),(601,'playerVirtual7','playerVirtual7_794070039',0,'2018-02-09 18:09:53',NULL,0),(602,'playerVirtual7','playerVirtual7_794070039',0,'2018-02-09 18:09:53',NULL,0),(603,'playerVirtual74','playerVirtual74_00f4f8a0d5',4,'2018-02-09 18:09:55',NULL,0),(604,'playerVirtual81','playerVirtual81_0fc17fd107',3,'2018-02-09 18:10:07',NULL,0),(605,'playerVirtual76','playerVirtual76_a8d0fe49c5',4,'2018-02-09 18:10:09',NULL,0),(606,'playerVirtual80','playerVirtual80_bb72a8731f',3,'2018-02-09 18:10:21',NULL,0),(607,'playerVirtual75','playerVirtual75_406262b208',4,'2018-02-09 18:10:24',NULL,0),(608,'playerVirtual77','playerVirtual77_08962a4e86',4,'2018-02-09 18:10:35',NULL,0),(609,'playerVirtual78','playerVirtual78_4246147567',1,'2018-02-09 18:10:39',NULL,0),(610,'playerVirtual78','playerVirtual78_a6283217aa',4,'2018-02-09 18:10:39',NULL,0),(611,'playerVirtual78','playerVirtual78_4246147567',1,'2018-02-09 18:10:39',NULL,0),(612,'playerVirtual7','playerVirtual7_c9bfa84d8b',3,'2018-02-09 18:10:53',NULL,0),(613,'playerVirtual79','playerVirtual79_b54623f16a',4,'2018-02-09 18:10:53',NULL,0),(614,'playerVirtual81','playerVirtual81_5f0f8c0375',4,'2018-02-09 18:11:08',NULL,0),(615,'playerVirtual80','playerVirtual80_4246147567',1,'2018-02-09 18:11:22',NULL,0),(616,'playerVirtual80','playerVirtual80_85e9a4cd8f',4,'2018-02-09 18:11:22',NULL,0),(617,'playerVirtual80','playerVirtual80_4246147567',1,'2018-02-09 18:11:22',NULL,0),(618,'playerVirtual3','playerVirtual3_1438244924',1,'2018-02-09 18:11:50',NULL,0),(619,'playerVirtual3','playerVirtual3_d562d3209f',4,'2018-02-09 18:11:50',NULL,0),(620,'playerVirtual3','playerVirtual3_1438244924',1,'2018-02-09 18:11:50',NULL,0),(621,'playerVirtual87','playerVirtual87_6370662053',0,'2018-02-09 18:16:22',NULL,0),(622,'playerVirtual87','playerVirtual87_6370662053',0,'2018-02-09 18:16:23',NULL,0),(623,'playerVirtual88','playerVirtual88_16917741',0,'2018-02-09 18:16:24',NULL,0),(624,'playerVirtual88','playerVirtual88_16917741',0,'2018-02-09 18:16:24',NULL,0),(625,'playerVirtual83','playerVirtual83_4246147567',0,'2018-02-09 18:16:29',NULL,0),(626,'playerVirtual83','playerVirtual83_4246147567',0,'2018-02-09 18:16:29',NULL,0),(627,'playerVirtual85','playerVirtual85_4246147567',0,'2018-02-09 18:16:43',NULL,0),(628,'playerVirtual85','playerVirtual85_4246147567',0,'2018-02-09 18:16:43',NULL,0),(629,'playerVirtual0','playerVirtual0_020e7cef5d',4,'2018-02-09 18:16:53',NULL,0),(630,'playerVirtual89','playerVirtual89_4246147567',0,'2018-02-09 18:16:57',NULL,0),(631,'playerVirtual89','playerVirtual89_4246147567',0,'2018-02-09 18:16:57',NULL,0),(632,'playerVirtual1','playerVirtual1_4246147567',0,'2018-02-09 18:17:07',NULL,0),(633,'playerVirtual1','playerVirtual1_55c18b2162',4,'2018-02-09 18:17:07',NULL,0),(634,'playerVirtual1','playerVirtual1_4246147567',0,'2018-02-09 18:17:07',NULL,0),(635,'playerVirtual84','playerVirtual84_4246147567',0,'2018-02-09 18:17:12',NULL,0),(636,'playerVirtual84','playerVirtual84_4246147567',0,'2018-02-09 18:17:12',NULL,0),(637,'playerVirtual82','playerVirtual82_990694203',0,'2018-02-09 18:17:14',NULL,0),(638,'playerVirtual82','playerVirtual82_990694203',0,'2018-02-09 18:17:14',NULL,0),(639,'playerVirtual87','playerVirtual87_4d57cc76fc',3,'2018-02-09 18:17:23',NULL,0),(640,'playerVirtual88','playerVirtual88_a286890d0b',3,'2018-02-09 18:17:24',NULL,0),(641,'playerVirtual86','playerVirtual86_4246147567',0,'2018-02-09 18:17:27',NULL,0),(642,'playerVirtual86','playerVirtual86_4246147567',0,'2018-02-09 18:17:28',NULL,0),(643,'playerVirtual83','playerVirtual83_6efaa7e704',3,'2018-02-09 18:17:29',NULL,0),(644,'playerVirtual85','playerVirtual85_0a00223a31',3,'2018-02-09 18:17:43',NULL,0),(645,'playerVirtual89','playerVirtual89_4d834dc35e',3,'2018-02-09 18:17:57',NULL,0),(646,'playerVirtual20','playerVirtual20_6402941427',0,'2018-02-09 18:18:10',NULL,0),(647,'playerVirtual20','playerVirtual20_6402941427',0,'2018-02-09 18:18:10',NULL,0),(648,'playerVirtual84','playerVirtual84_bad0ecfc5c',3,'2018-02-09 18:18:12',NULL,0),(649,'playerVirtual82','playerVirtual82_011ce94ddc',3,'2018-02-09 18:18:14',NULL,0),(650,'playerVirtual86','playerVirtual86_2df1c28d43',3,'2018-02-09 18:18:28',NULL,0),(651,'playerVirtual83','playerVirtual83_13f15c62be',4,'2018-02-09 18:18:30',NULL,0),(652,'playerVirtual85','playerVirtual85_4246147567',1,'2018-02-09 18:18:44',NULL,0),(653,'playerVirtual85','playerVirtual85_e0dda8d6aa',4,'2018-02-09 18:18:44',NULL,0),(654,'playerVirtual85','playerVirtual85_4246147567',1,'2018-02-09 18:18:44',NULL,0),(655,'playerVirtual89','playerVirtual89_cdf49843fb',4,'2018-02-09 18:18:58',NULL,0),(656,'playerVirtual20','playerVirtual20_58771dd486',4,'2018-02-09 18:19:10',NULL,0),(657,'playerVirtual84','playerVirtual84_8e1bbcaa83',4,'2018-02-09 18:19:13',NULL,0),(658,'playerVirtual82','playerVirtual82_c813b11f01',4,'2018-02-09 18:19:15',NULL,0),(659,'playerVirtual86','playerVirtual86_58db6bbabf',4,'2018-02-09 18:19:29',NULL,0),(660,'playerVirtual9','playerVirtual9_afca41a7ca',3,'2018-02-09 18:20:22',NULL,0),(661,'playerVirtual8','playerVirtual8_6391421427',0,'2018-02-09 18:21:57',NULL,0),(662,'playerVirtual8','playerVirtual8_6391421427',0,'2018-02-09 18:21:57',NULL,0),(663,'playerVirtual1','playerVirtual1_d5962156be',3,'2018-02-09 18:22:12',NULL,0),(664,'playerVirtual8','playerVirtual8_4cf5099825',4,'2018-02-09 18:22:57',NULL,0),(665,'playerVirtual96','playerVirtual96_4246147567',0,'2018-02-09 18:22:58',NULL,0),(666,'playerVirtual96','playerVirtual96_4246147567',0,'2018-02-09 18:22:58',NULL,0),(667,'playerVirtual2','playerVirtual2_4246147567',0,'2018-02-09 18:23:29',NULL,0),(668,'playerVirtual2','playerVirtual2_92326c7054',4,'2018-02-09 18:23:29',NULL,0),(669,'playerVirtual2','playerVirtual2_4246147567',0,'2018-02-09 18:23:30',NULL,0),(670,'playerVirtual6','playerVirtual6_6401302061',0,'2018-02-09 18:23:51',NULL,0),(671,'playerVirtual6','playerVirtual6_6401302061',0,'2018-02-09 18:23:51',NULL,0),(672,'playerVirtual96','playerVirtual96_d422159b2e',3,'2018-02-09 18:23:58',NULL,0),(673,'playerVirtual6','playerVirtual6_d18ea60dde',3,'2018-02-09 18:24:51',NULL,0),(674,'playerVirtual93','playerVirtual93_4246147567',0,'2018-02-09 18:24:54',NULL,0),(675,'playerVirtual93','playerVirtual93_4246147567',0,'2018-02-09 18:24:54',NULL,0),(676,'playerVirtual96','playerVirtual96_8e6121c01b',4,'2018-02-09 18:24:59',NULL,0),(677,'playerVirtual94','playerVirtual94_4246147567',0,'2018-02-09 18:25:09',NULL,0),(678,'playerVirtual94','playerVirtual94_4246147567',0,'2018-02-09 18:25:09',NULL,0),(679,'playerVirtual90','playerVirtual90_4246147567',0,'2018-02-09 18:25:23',NULL,0),(680,'playerVirtual90','playerVirtual90_4246147567',0,'2018-02-09 18:25:23',NULL,0),(681,'playerVirtual95','playerVirtual95_4246147567',0,'2018-02-09 18:25:37',NULL,0),(682,'playerVirtual95','playerVirtual95_4246147567',0,'2018-02-09 18:25:37',NULL,0),(683,'playerVirtual91','playerVirtual91_4246147567',0,'2018-02-09 18:25:52',NULL,0),(684,'playerVirtual91','playerVirtual91_4246147567',0,'2018-02-09 18:25:52',NULL,0),(685,'playerVirtual93','playerVirtual93_7e42371c58',3,'2018-02-09 18:25:54',NULL,0),(686,'playerVirtual94','playerVirtual94_bf9607eb45',3,'2018-02-09 18:26:09',NULL,0),(687,'playerVirtual90','playerVirtual90_5bc9ed0882',3,'2018-02-09 18:26:23',NULL,0),(688,'playerVirtual4','playerVirtual4_4246147567',0,'2018-02-09 18:26:25',NULL,0),(689,'playerVirtual4','playerVirtual4_fb7f9c619e',4,'2018-02-09 18:26:25',NULL,0),(690,'playerVirtual4','playerVirtual4_4246147567',0,'2018-02-09 18:26:25',NULL,0),(691,'playerVirtual95','playerVirtual95_f2f85e18c2',3,'2018-02-09 18:26:37',NULL,0),(692,'playerVirtual5','playerVirtual5_4246147567',0,'2018-02-09 18:26:48',NULL,0),(693,'playerVirtual5','playerVirtual5_0c0b598866',4,'2018-02-09 18:26:48',NULL,0),(694,'playerVirtual5','playerVirtual5_4246147567',0,'2018-02-09 18:26:48',NULL,0),(695,'playerVirtual91','playerVirtual91_2492d56ab5',3,'2018-02-09 18:26:52',NULL,0),(696,'playerVirtual88','playerVirtual88_38a69b6b77',4,'2018-02-09 18:26:52',NULL,0),(697,'playerVirtual93','playerVirtual93_9e419af6a5',4,'2018-02-09 18:26:55',NULL,0),(698,'playerVirtual17','playerVirtual17_6391293459',0,'2018-02-09 18:27:07',NULL,0),(699,'playerVirtual17','playerVirtual17_6391293459',0,'2018-02-09 18:27:07',NULL,0),(700,'playerVirtual21','playerVirtual21_77ac115c33',4,'2018-02-09 18:27:09',NULL,0),(701,'playerVirtual94','playerVirtual94_2fbf6546b2',4,'2018-02-09 18:27:10',NULL,0),(702,'playerVirtual90','playerVirtual90_e2d227e183',4,'2018-02-09 18:27:24',NULL,0),(703,'playerVirtual95','playerVirtual95_b02fa00e70',4,'2018-02-09 18:27:38',NULL,0),(704,'playerVirtual91','playerVirtual91_3fc0507c15',4,'2018-02-09 18:27:53',NULL,0),(705,'playerVirtual17','playerVirtual17_2ed52c5fd7',4,'2018-02-09 18:28:07',NULL,0),(706,'playerVirtual7','playerVirtual7_4246147567',0,'2018-02-09 18:31:14',NULL,0),(707,'playerVirtual7','playerVirtual7_4246147567',0,'2018-02-09 18:31:14',NULL,0),(708,'playerVirtual7','playerVirtual7_c8cd180061',4,'2018-02-09 18:32:14',NULL,0),(709,'playerVirtual3','playerVirtual3_4246147567',0,'2018-02-09 18:33:55',NULL,0),(710,'playerVirtual3','playerVirtual3_b32fb34b61',3,'2018-02-09 18:33:55',NULL,0),(711,'playerVirtual3','playerVirtual3_4246147567',0,'2018-02-09 18:33:55',NULL,0),(712,'playerVirtual14','playerVirtual14_4246147567',0,'2018-02-09 18:34:13',NULL,0),(713,'playerVirtual14','playerVirtual14_857d4a89e6',4,'2018-02-09 18:34:13',NULL,0),(714,'playerVirtual14','playerVirtual14_4246147567',0,'2018-02-09 18:34:13',NULL,0),(715,'playerVirtual5','playerVirtual5_1a20deabce',3,'2018-02-09 18:36:03',NULL,0),(716,'playerVirtual0','playerVirtual0_4246147567',0,'2018-02-09 18:36:21',NULL,0),(717,'playerVirtual0','playerVirtual0_135effe9dc',3,'2018-02-09 18:36:21',NULL,0),(718,'playerVirtual0','playerVirtual0_4246147567',0,'2018-02-09 18:36:21',NULL,0),(719,'playerVirtual19','playerVirtual19_4246147567',0,'2018-02-09 18:36:35',NULL,0),(720,'playerVirtual19','playerVirtual19_205cae76a0',3,'2018-02-09 18:36:35',NULL,0),(721,'playerVirtual19','playerVirtual19_4246147567',0,'2018-02-09 18:36:35',NULL,0),(722,'playerVirtual14','playerVirtual14_b24aa2b359',3,'2018-02-09 18:36:57',NULL,0),(723,'playerVirtual8','playerVirtual8_250d818cfb',3,'2018-02-09 18:37:45',NULL,0),(724,'playerVirtual19','playerVirtual19_a979c2f384',4,'2018-02-09 18:41:52',NULL,0),(725,'playerVirtual2','playerVirtual2_d8a56c9076',3,'2018-02-09 18:51:25',NULL,0),(726,'playerVirtual17','playerVirtual17_450512000',0,'2018-02-09 18:52:21',NULL,0),(727,'playerVirtual17','playerVirtual17_450512000',0,'2018-02-09 18:52:21',NULL,0),(728,'playerVirtual17','playerVirtual17_7c5446f603',3,'2018-02-09 18:53:21',NULL,0),(729,'playerVirtual4','playerVirtual4_5ce09d3d65',3,'2018-02-09 18:54:08',NULL,0),(730,'playerVirtual20','playerVirtual20_6566788',0,'2018-02-09 18:55:27',NULL,0),(731,'playerVirtual20','playerVirtual20_6566788',0,'2018-02-09 18:55:27',NULL,0),(732,'playerVirtual20','playerVirtual20_34db6ba4c4',3,'2018-02-09 18:56:27',NULL,0),(733,'playerVirtual6','playerVirtual6_640692267',0,'2018-02-09 18:57:34',NULL,0),(734,'playerVirtual6','playerVirtual6_640692267',0,'2018-02-09 18:57:34',NULL,0),(735,'playerVirtual6','playerVirtual6_1c70dec608',4,'2018-02-09 18:58:34',NULL,0),(736,'playerVirtual21','playerVirtual21_4246147567',0,'2018-02-09 19:00:47',NULL,0),(737,'playerVirtual21','playerVirtual21_889c23d206',3,'2018-02-09 19:00:47',NULL,0),(738,'playerVirtual21','playerVirtual21_4246147567',0,'2018-02-09 19:00:47',NULL,0),(739,'playerVirtual7','playerVirtual7_585cfd8209',3,'2018-02-09 19:01:12',NULL,0),(740,'playerVirtual3','playerVirtual3_3f89269e15',4,'2018-02-09 19:01:37',NULL,0),(741,'playerVirtual9','playerVirtual9_1438244924',0,'2018-02-09 19:02:22',NULL,0),(742,'playerVirtual9','playerVirtual9_1438244924',0,'2018-02-09 19:02:22',NULL,0),(743,'playerVirtual9','playerVirtual9_5ef4fe0636',4,'2018-02-09 19:03:22',NULL,0),(744,'playerVirtual0','playerVirtual0_f7412c50ac',4,'2018-02-09 19:08:14',NULL,0),(745,'playerVirtual20','playerVirtual20_08ee064243',4,'2018-02-09 19:15:37',NULL,0),(746,'playerVirtual1','playerVirtual1_5297461910',0,'2018-02-09 19:16:02',NULL,0),(747,'playerVirtual1','playerVirtual1_5297461910',0,'2018-02-09 19:16:02',NULL,0),(748,'playerVirtual4','playerVirtual4_b6a495a969',4,'2018-02-09 19:16:53',NULL,0),(749,'playerVirtual1','playerVirtual1_d99a0c44b1',4,'2018-02-09 19:17:03',NULL,0),(750,'playerVirtual2','playerVirtual2_0fc0bf2130',4,'2018-02-09 19:24:38',NULL,0),(751,'playerVirtual8','playerVirtual8_4246147567',0,'2018-02-09 19:27:53',NULL,0),(752,'playerVirtual8','playerVirtual8_4246147567',0,'2018-02-09 19:27:53',NULL,0),(753,'playerVirtual8','playerVirtual8_c8ec794cdb',4,'2018-02-09 19:28:53',NULL,0),(754,'playerVirtual5','playerVirtual5_cc7ae625be',4,'2018-02-09 19:31:15',NULL,0),(755,'playerVirtual17','playerVirtual17_bfddf679be',4,'2018-02-09 19:34:12',NULL,0),(756,'playerVirtual6','playerVirtual6_4246147567',0,'2018-02-09 19:35:20',NULL,0),(757,'playerVirtual6','playerVirtual6_4246147567',0,'2018-02-09 19:35:20',NULL,0),(758,'playerVirtual6','playerVirtual6_135fc96039',3,'2018-02-09 19:36:20',NULL,0);
/*!40000 ALTER TABLE `REQUEST` ENABLE KEYS */;
UNLOCK TABLES;

--
-- Table structure for table `STATUS`
--

DROP TABLE IF EXISTS `STATUS`;
/*!40101 SET @saved_cs_client     = @@character_set_client */;
/*!40101 SET character_set_client = utf8 */;
CREATE TABLE `STATUS` (
  `id` int(11) NOT NULL AUTO_INCREMENT,
  `players` int(11) DEFAULT '0',
  `all_requests` int(11) DEFAULT '0',
  `accepts` int(11) DEFAULT '0',
  `rejects` int(11) DEFAULT '0',
  `fairness` float DEFAULT '0',
  `timestamp` timestamp NULL DEFAULT NULL,
  PRIMARY KEY (`id`)
) ENGINE=InnoDB AUTO_INCREMENT=41 DEFAULT CHARSET=utf8;
/*!40101 SET character_set_client = @saved_cs_client */;

--
-- Dumping data for table `STATUS`
--

LOCK TABLES `STATUS` WRITE;
/*!40000 ALTER TABLE `STATUS` DISABLE KEYS */;
INSERT INTO `STATUS` VALUES (1,0,0,0,0,0,'2018-02-09 16:53:42'),(2,18,21,15,6,0.714286,'2018-02-09 16:58:42'),(3,26,44,28,16,0.636364,'2018-02-09 17:03:42'),(4,34,62,36,26,0.580645,'2018-02-09 17:08:42'),(5,42,74,37,37,0.5,'2018-02-09 17:13:42'),(6,50,82,39,43,0.47561,'2018-02-09 17:18:42'),(7,58,83,39,44,0.46988,'2018-02-09 17:23:42'),(8,66,88,39,49,0.443182,'2018-02-09 17:28:42'),(9,74,90,39,51,0.433333,'2018-02-09 17:33:42'),(10,82,97,39,58,0.402062,'2018-02-09 17:38:43'),(11,90,104,39,65,0.375,'2018-02-09 17:43:43'),(12,98,111,39,72,0.351351,'2018-02-09 17:48:43'),(13,98,116,39,77,0.336207,'2018-02-09 17:53:43'),(14,98,121,39,82,0.322314,'2018-02-09 17:58:43'),(15,98,130,39,91,0.3,'2018-02-09 18:03:43'),(16,98,137,40,97,0.291971,'2018-02-09 18:08:43'),(17,98,141,40,101,0.283688,'2018-02-09 18:13:43'),(18,98,151,42,109,0.278146,'2018-02-09 18:18:43'),(19,98,154,42,112,0.272727,'2018-02-09 18:23:43'),(20,98,163,45,118,0.276074,'2018-02-09 18:28:43'),(21,98,164,45,119,0.27439,'2018-02-09 18:33:43'),(22,98,168,48,120,0.285714,'2018-02-09 18:38:44'),(23,98,168,48,120,0.285714,'2018-02-09 18:43:44'),(24,98,168,48,120,0.285714,'2018-02-09 18:48:44'),(25,98,169,48,121,0.284024,'2018-02-09 18:53:44'),(26,98,171,49,122,0.28655,'2018-02-09 18:58:44'),(27,98,173,51,122,0.294798,'2018-02-09 19:03:44'),(28,98,173,51,122,0.294798,'2018-02-09 19:08:44'),(29,98,173,51,122,0.294798,'2018-02-09 19:13:44'),(30,98,174,52,122,0.298851,'2018-02-09 19:18:44'),(31,98,174,52,122,0.298851,'2018-02-09 19:23:44'),(32,98,175,52,123,0.297143,'2018-02-09 19:28:44'),(33,98,175,52,123,0.297143,'2018-02-09 19:33:45'),(34,98,176,53,123,0.301136,'2018-02-09 19:38:45'),(35,98,176,53,123,0.301136,'2018-02-09 19:43:45'),(36,98,176,53,123,0.301136,'2018-02-09 19:48:45'),(37,98,176,53,123,0.301136,'2018-02-09 19:53:45'),(38,98,176,53,123,0.301136,'2018-02-09 19:58:45'),(39,98,176,53,123,0.301136,'2018-02-09 20:03:45'),(40,98,176,53,123,0.301136,'2018-02-09 20:08:45');
/*!40000 ALTER TABLE `STATUS` ENABLE KEYS */;
UNLOCK TABLES;

--
-- Table structure for table `THRESHOLD`
--

DROP TABLE IF EXISTS `THRESHOLD`;
/*!40101 SET @saved_cs_client     = @@character_set_client */;
/*!40101 SET character_set_client = utf8 */;
CREATE TABLE `THRESHOLD` (
  `division` int(11) NOT NULL,
  `botton` float DEFAULT '0',
  `top` float DEFAULT '0',
  PRIMARY KEY (`division`)
) ENGINE=InnoDB DEFAULT CHARSET=utf8;
/*!40101 SET character_set_client = @saved_cs_client */;

--
-- Dumping data for table `THRESHOLD`
--

LOCK TABLES `THRESHOLD` WRITE;
/*!40000 ALTER TABLE `THRESHOLD` DISABLE KEYS */;
INSERT INTO `THRESHOLD` VALUES (1,5.28,8),(2,2.64,5.28),(3,0,2.64);
/*!40000 ALTER TABLE `THRESHOLD` ENABLE KEYS */;
UNLOCK TABLES;

--
-- Table structure for table `VM`
--

DROP TABLE IF EXISTS `VM`;
/*!40101 SET @saved_cs_client     = @@character_set_client */;
/*!40101 SET character_set_client = utf8 */;
CREATE TABLE `VM` (
  `id` int(11) NOT NULL AUTO_INCREMENT,
  `origin_add` varchar(45) NOT NULL,
  `origin_id` varchar(45) NOT NULL,
  `origin_name` varchar(45) NOT NULL,
  `destiny_add` varchar(45) NOT NULL,
  `destiny_name` varchar(45) NOT NULL,
  `destiny_id` varchar(45) NOT NULL,
  `status` tinyint(1) NOT NULL,
  `vcpus` int(11) NOT NULL,
  `mem` bigint(20) NOT NULL,
  `disk` bigint(20) NOT NULL,
  `timestamp_received` timestamp NULL DEFAULT NULL,
  `timestamp_finished` timestamp NULL DEFAULT NULL,
  PRIMARY KEY (`id`)
) ENGINE=InnoDB AUTO_INCREMENT=177 DEFAULT CHARSET=utf8;
/*!40101 SET character_set_client = @saved_cs_client */;

--
-- Dumping data for table `VM`
--

LOCK TABLES `VM` WRITE;
/*!40000 ALTER TABLE `VM` DISABLE KEYS */;
INSERT INTO `VM` VALUES (1,'192.168.0.200','playerVirtual9_450512000','playerVirtual9','192.168.0.200','playerVirtual0','playerVirtual0_d6a821a6ab',1,1,2048,20,'2018-02-09 16:54:51',NULL),(2,'192.168.0.200','playerVirtual11_1438244924','playerVirtual11','192.168.0.200','playerVirtual1','playerVirtual1_aff53c1ba8',2,1,2048,20,'2018-02-09 16:55:12','2018-02-09 17:13:45'),(3,'192.168.0.200','playerVirtual10_640692267','playerVirtual10','192.168.0.200','playerVirtual4','playerVirtual4_f933bc4310',2,1,512,1,'2018-02-09 16:55:15','2018-02-09 18:57:20'),(4,'192.168.0.200','playerVirtual14_2381571381','playerVirtual14','192.168.0.200','playerVirtual3','playerVirtual3_59b1f5c8a5',3,1,2048,20,'2018-02-09 16:55:16','2018-02-09 17:21:38'),(5,'192.168.0.200','playerVirtual13_5297461910','playerVirtual13','192.168.0.200','playerVirtual5','playerVirtual5_1a6324b5a4',3,1,512,1,'2018-02-09 16:55:17','2018-02-09 17:29:52'),(6,'192.168.0.200','playerVirtual12_2790332778','playerVirtual12','192.168.0.200','playerVirtual2','playerVirtual2_f489651f16',1,2,4096,40,'2018-02-09 16:55:20',NULL),(7,'192.168.0.200','playerVirtual15_369721705','playerVirtual15','192.168.0.200','playerVirtual7','playerVirtual7_d46543e3ea',1,2,4096,40,'2018-02-09 16:55:21',NULL),(8,'192.168.0.200','playerVirtual0_317469422','playerVirtual0','192.168.0.200','playerVirtual6','playerVirtual6_e01604489e',1,2,4096,40,'2018-02-09 16:56:02',NULL),(9,'192.168.0.200','playerVirtual1_6955737','playerVirtual1','192.168.0.200','playerVirtual8','playerVirtual8_ec9eea3ae3',3,1,2048,20,'2018-02-09 16:56:02','2018-02-09 17:12:32'),(10,'192.168.0.200','playerVirtual4_257338104','playerVirtual4','192.168.0.200','playerVirtual9','playerVirtual9_27e086afce',1,2,4096,40,'2018-02-09 16:56:03',NULL),(11,'192.168.0.200','playerVirtual3_3584940347','playerVirtual3','192.168.0.200','playerVirtual10','playerVirtual3_3584940347',0,1,512,1,'2018-02-09 16:56:03','2018-02-09 16:56:03'),(12,'192.168.0.200','playerVirtual5_2433236783','playerVirtual5','192.168.0.200','playerVirtual11','playerVirtual5_2433236783',0,1,2048,20,'2018-02-09 16:56:03','2018-02-09 16:56:03'),(13,'192.168.0.200','playerVirtual2_3338579772','playerVirtual2','192.168.0.200','playerVirtual12','playerVirtual2_3338579772',0,1,2048,20,'2018-02-09 16:56:04','2018-02-09 16:56:04'),(14,'192.168.0.200','playerVirtual7_257407216','playerVirtual7','192.168.0.200','playerVirtual13','playerVirtual7_257407216',0,2,4096,40,'2018-02-09 16:56:04','2018-02-09 16:56:04'),(15,'192.168.0.200','playerVirtual6_182859403','playerVirtual6','192.168.0.200','playerVirtual14','playerVirtual6_182859403',0,1,512,1,'2018-02-09 16:56:11','2018-02-09 16:56:11'),(16,'192.168.0.200','playerVirtual8_2359368952','playerVirtual8','192.168.0.200','playerVirtual15','playerVirtual8_2359368952',0,1,512,1,'2018-02-09 16:56:14','2018-02-09 16:56:14'),(17,'192.168.0.200','playerVirtual16_16917741','playerVirtual16','192.168.0.200','playerVirtual17','playerVirtual17_54e442332c',2,1,512,1,'2018-02-09 16:56:36','2018-02-09 17:49:58'),(18,'192.168.0.200','playerVirtual17_2545640208','playerVirtual17','192.168.0.200','playerVirtual16','playerVirtual16_94f2fa342f',1,1,2048,20,'2018-02-09 16:56:45',NULL),(19,'192.168.0.200','playerVirtual9_908315','playerVirtual9','192.168.0.200','playerVirtual0','playerVirtual0_825793b7d7',3,1,2048,20,'2018-02-09 16:57:27','2018-02-09 17:24:36'),(20,'192.168.0.200','playerVirtual11_539194189','playerVirtual11','192.168.0.200','playerVirtual1','playerVirtual1_556bcd2b18',2,1,2048,20,'2018-02-09 16:57:54','2018-02-09 17:26:50'),(21,'192.168.0.200','playerVirtual10_4820204870','playerVirtual10','192.168.0.200','playerVirtual4','playerVirtual4_54e06e5aa9',3,2,4096,40,'2018-02-09 16:58:35','2018-02-09 17:08:43'),(22,'192.168.0.200','playerVirtual14_8058564','playerVirtual14','192.168.0.200','playerVirtual18','playerVirtual14_8058564',0,1,2048,20,'2018-02-09 16:59:25','2018-02-09 16:59:25'),(23,'192.168.0.200','playerVirtual13_1429160667','playerVirtual13','192.168.0.200','playerVirtual19','playerVirtual13_1429160667',0,1,2048,20,'2018-02-09 16:59:26','2018-02-09 16:59:26'),(24,'192.168.0.200','playerVirtual12_3338010893','playerVirtual12','192.168.0.200','playerVirtual3','playerVirtual3_0714dda070',2,1,512,1,'2018-02-09 16:59:27','2018-02-09 19:26:30'),(25,'192.168.0.200','playerVirtual15_82730999','playerVirtual15','192.168.0.200','playerVirtual5','playerVirtual5_a27efdde74',2,1,512,1,'2018-02-09 16:59:31','2018-02-09 17:58:00'),(26,'192.168.0.200','playerVirtual1_351652724','playerVirtual1','192.168.0.200','playerVirtual21','playerVirtual1_351652724',0,1,2048,20,'2018-02-09 17:00:14','2018-02-09 17:00:14'),(27,'192.168.0.200','playerVirtual0_6571218','playerVirtual0','192.168.0.200','playerVirtual20','playerVirtual0_6571218',0,1,2048,20,'2018-02-09 17:00:14','2018-02-09 17:00:14'),(28,'192.168.0.200','playerVirtual4_778566023','playerVirtual4','192.168.0.200','playerVirtual22','playerVirtual4_778566023',0,1,512,1,'2018-02-09 17:00:16','2018-02-09 17:00:16'),(29,'192.168.0.200','playerVirtual3_1436344784','playerVirtual3','192.168.0.200','playerVirtual23','playerVirtual3_1436344784',0,1,2048,20,'2018-02-09 17:00:20','2018-02-09 17:00:20'),(30,'192.168.0.200','playerVirtual5_1339662','playerVirtual5','192.168.0.200','playerVirtual24','playerVirtual5_1339662',0,1,2048,20,'2018-02-09 17:00:21','2018-02-09 17:00:21'),(31,'192.168.0.200','playerVirtual2_317497342','playerVirtual2','192.168.0.200','playerVirtual25','playerVirtual2_317497342',0,1,512,1,'2018-02-09 17:00:22','2018-02-09 17:00:22'),(32,'192.168.0.200','playerVirtual7_284794223','playerVirtual7','192.168.0.200','playerVirtual2','playerVirtual2_7b83ab5b2c',1,1,2048,20,'2018-02-09 17:00:22',NULL),(33,'192.168.0.200','playerVirtual6_359920779','playerVirtual6','192.168.0.200','playerVirtual7','playerVirtual7_9a28aaa969',3,1,512,1,'2018-02-09 17:00:22','2018-02-09 17:38:58'),(34,'192.168.0.200','playerVirtual8_904011','playerVirtual8','192.168.0.200','playerVirtual6','playerVirtual6_a6bab25f85',3,1,2048,20,'2018-02-09 17:00:22','2018-02-09 17:22:31'),(35,'192.168.0.200','playerVirtual16_2904109077','playerVirtual16','192.168.0.200','playerVirtual9','playerVirtual9_f20b483c84',1,1,512,1,'2018-02-09 17:00:42',NULL),(36,'192.168.0.200','playerVirtual17_257338074','playerVirtual17','192.168.0.200','playerVirtual10','playerVirtual10_e48f70f87d',1,2,4096,40,'2018-02-09 17:00:42',NULL),(37,'192.168.0.200','playerVirtual9_905614','playerVirtual9','192.168.0.200','playerVirtual11','playerVirtual9_905614',0,1,2048,20,'2018-02-09 17:01:24','2018-02-09 17:01:24'),(38,'192.168.0.200','playerVirtual11_1093460','playerVirtual11','192.168.0.200','playerVirtual12','playerVirtual12_053a3ec701',2,1,512,1,'2018-02-09 17:01:46','2018-02-09 18:57:20'),(39,'192.168.0.200','playerVirtual10_30788568','playerVirtual10','192.168.0.200','playerVirtual13','playerVirtual13_b552101785',1,1,512,1,'2018-02-09 17:01:54',NULL),(40,'192.168.0.200','playerVirtual14_6264344062','playerVirtual14','192.168.0.200','playerVirtual15','playerVirtual15_bca1a592cd',3,1,512,1,'2018-02-09 17:02:15','2018-02-09 17:24:22'),(41,'192.168.0.200','playerVirtual13_2378747961','playerVirtual13','192.168.0.200','playerVirtual14','playerVirtual14_f026b30772',3,1,512,1,'2018-02-09 17:02:26','2018-02-09 17:21:53'),(42,'192.168.0.200','playerVirtual12_5068098508','playerVirtual12','192.168.0.200','playerVirtual17','playerVirtual17_47e80759b8',3,1,2048,20,'2018-02-09 17:02:33','2018-02-09 17:22:09'),(43,'192.168.0.200','playerVirtual18_6569547','playerVirtual18','192.168.0.200','playerVirtual16','playerVirtual18_6569547',0,1,2048,20,'2018-02-09 17:02:41','2018-02-09 17:02:41'),(44,'192.168.0.200','playerVirtual19_470485660','playerVirtual19','192.168.0.200','playerVirtual0','playerVirtual0_34692fa0b8',1,2,4096,40,'2018-02-09 17:02:41',NULL),(45,'192.168.0.200','playerVirtual20_5792765','playerVirtual20','192.168.0.200','playerVirtual1','playerVirtual1_198f8cb7dc',3,1,512,1,'2018-02-09 17:03:45','2018-02-09 17:59:03'),(46,'192.168.0.200','playerVirtual15_227443932','playerVirtual15','192.168.0.200','playerVirtual18','playerVirtual15_227443932',0,1,2048,20,'2018-02-09 17:03:48','2018-02-09 17:03:48'),(47,'192.168.0.200','playerVirtual21_38671842','playerVirtual21','192.168.0.200','playerVirtual19','playerVirtual19_0ed713941f',1,1,512,1,'2018-02-09 17:03:52',NULL),(48,'192.168.0.200','playerVirtual22_400453824','playerVirtual22','192.168.0.200','playerVirtual3','playerVirtual3_5fb8dc2e6b',1,1,512,1,'2018-02-09 17:03:53',NULL),(49,'192.168.0.200','playerVirtual23_4820318661','playerVirtual23','192.168.0.200','playerVirtual21','playerVirtual21_1b2e76e983',2,2,4096,40,'2018-02-09 17:04:01','2018-02-09 18:17:06'),(50,'192.168.0.200','playerVirtual24_4819935267','playerVirtual24','192.168.0.200','playerVirtual20','playerVirtual20_42b04eceab',1,2,4096,40,'2018-02-09 17:04:02',NULL),(51,'192.168.0.200','playerVirtual25_4820217293','playerVirtual25','192.168.0.200','playerVirtual26','playerVirtual25_4820217293',0,2,4096,40,'2018-02-09 17:04:05','2018-02-09 17:04:05'),(52,'192.168.0.200','playerVirtual1_1095593','playerVirtual1','192.168.0.200','playerVirtual27','playerVirtual1_1095593',0,1,512,1,'2018-02-09 17:04:29','2018-02-09 17:04:29'),(53,'192.168.0.200','playerVirtual0_2148750930','playerVirtual0','192.168.0.200','playerVirtual22','playerVirtual0_2148750930',0,1,2048,20,'2018-02-09 17:04:33','2018-02-09 17:04:33'),(54,'192.168.0.200','playerVirtual4_563574327','playerVirtual4','192.168.0.200','playerVirtual5','playerVirtual5_006e93cf71',1,1,2048,20,'2018-02-09 17:04:38',NULL),(55,'192.168.0.200','playerVirtual3_765651','playerVirtual3','192.168.0.200','playerVirtual23','playerVirtual3_765651',0,1,2048,20,'2018-02-09 17:04:42','2018-02-09 17:04:42'),(56,'192.168.0.200','playerVirtual5_16915963','playerVirtual5','192.168.0.200','playerVirtual4','playerVirtual4_92e6cb4546',1,1,2048,20,'2018-02-09 17:04:44',NULL),(57,'192.168.0.200','playerVirtual2_5623125514','playerVirtual2','192.168.0.200','playerVirtual24','playerVirtual2_5623125514',0,1,2048,20,'2018-02-09 17:04:48','2018-02-09 17:04:48'),(58,'192.168.0.200','playerVirtual7_284757920','playerVirtual7','192.168.0.200','playerVirtual2','playerVirtual2_90284ec972',1,1,2048,20,'2018-02-09 17:04:49',NULL),(59,'192.168.0.200','playerVirtual6_272887063','playerVirtual6','192.168.0.200','playerVirtual25','playerVirtual6_272887063',0,1,2048,20,'2018-02-09 17:04:59','2018-02-09 17:04:59'),(60,'192.168.0.200','playerVirtual16_6274355716','playerVirtual16','192.168.0.200','playerVirtual28','playerVirtual16_6274355716',0,1,512,1,'2018-02-09 17:05:26','2018-02-09 17:05:26'),(61,'192.168.0.200','playerVirtual17_38676294','playerVirtual17','192.168.0.200','playerVirtual29','playerVirtual17_38676294',0,1,512,1,'2018-02-09 17:05:37','2018-02-09 17:05:37'),(62,'192.168.0.200','playerVirtual9_182859403','playerVirtual9','192.168.0.200','playerVirtual30','playerVirtual9_182859403',0,1,512,1,'2018-02-09 17:07:21','2018-02-09 17:07:21'),(63,'192.168.0.200','playerVirtual19_4476462938','playerVirtual19','192.168.0.200','playerVirtual31','playerVirtual19_4476462938',0,1,2048,20,'2018-02-09 17:08:59','2018-02-09 17:08:59'),(64,'192.168.0.200','playerVirtual14_990694203','playerVirtual14','192.168.0.200','playerVirtual32','playerVirtual14_990694203',0,1,2048,20,'2018-02-09 17:09:51','2018-02-09 17:09:51'),(65,'192.168.0.200','playerVirtual13_990694203','playerVirtual13','192.168.0.200','playerVirtual33','playerVirtual13_990694203',0,1,2048,20,'2018-02-09 17:10:05','2018-02-09 17:10:05'),(66,'192.168.0.200','playerVirtual12_6280638724','playerVirtual12','192.168.0.200','playerVirtual34','playerVirtual12_6280638724',0,1,512,1,'2018-02-09 17:10:11','2018-02-09 17:10:11'),(67,'192.168.0.200','playerVirtual20_1436323714','playerVirtual20','192.168.0.200','playerVirtual35','playerVirtual20_1436323714',0,1,2048,20,'2018-02-09 17:10:20','2018-02-09 17:10:20'),(68,'192.168.0.200','playerVirtual8_2359368952','playerVirtual8','192.168.0.200','playerVirtual36','playerVirtual8_2359368952',0,1,512,1,'2018-02-09 17:10:25','2018-02-09 17:10:25'),(69,'192.168.0.200','playerVirtual21_214880781','playerVirtual21','192.168.0.200','playerVirtual37','playerVirtual21_214880781',0,1,2048,20,'2018-02-09 17:10:31','2018-02-09 17:10:31'),(70,'192.168.0.200','playerVirtual15_682797','playerVirtual15','192.168.0.200','playerVirtual38','playerVirtual15_682797',0,1,2048,20,'2018-02-09 17:10:54','2018-02-09 17:10:54'),(71,'192.168.0.200','playerVirtual26_272887063','playerVirtual26','192.168.0.200','playerVirtual39','playerVirtual26_272887063',0,1,2048,20,'2018-02-09 17:12:04','2018-02-09 17:12:04'),(72,'192.168.0.200','playerVirtual27_6282149131','playerVirtual27','192.168.0.200','playerVirtual40','playerVirtual27_6282149131',0,1,512,1,'2018-02-09 17:12:06','2018-02-09 17:12:06'),(73,'192.168.0.200','playerVirtual0_2378747961','playerVirtual0','192.168.0.200','playerVirtual41','playerVirtual0_2378747961',0,1,512,1,'2018-02-09 17:13:04','2018-02-09 17:13:04'),(74,'192.168.0.200','playerVirtual4_6289355687','playerVirtual4','192.168.0.200','playerVirtual8','playerVirtual8_cb37986ef7',1,1,512,1,'2018-02-09 17:13:39',NULL),(75,'192.168.0.200','playerVirtual3_1438244924','playerVirtual3','192.168.0.200','playerVirtual7','playerVirtual7_8b9703dd4b',3,1,2048,20,'2018-02-09 17:13:48','2018-02-09 18:11:50'),(76,'192.168.0.200','playerVirtual5_6289704471','playerVirtual5','192.168.0.200','playerVirtual9','playerVirtual9_91e20695b2',3,1,512,1,'2018-02-09 17:13:52','2018-02-09 17:24:06'),(77,'192.168.0.200','playerVirtual7_1436344784','playerVirtual7','192.168.0.200','playerVirtual10','playerVirtual7_1436344784',0,1,2048,20,'2018-02-09 17:14:09','2018-02-09 17:14:09'),(78,'192.168.0.200','playerVirtual31_6955737','playerVirtual31','192.168.0.200','playerVirtual12','playerVirtual31_6955737',0,1,2048,20,'2018-02-09 17:14:35','2018-02-09 17:14:35'),(79,'192.168.0.200','playerVirtual32_1438244924','playerVirtual32','192.168.0.200','playerVirtual13','playerVirtual32_1438244924',0,1,2048,20,'2018-02-09 17:14:42','2018-02-09 17:14:42'),(80,'192.168.0.200','playerVirtual33_3338579772','playerVirtual33','192.168.0.200','playerVirtual15','playerVirtual33_3338579772',0,1,2048,20,'2018-02-09 17:14:44','2018-02-09 17:14:44'),(81,'192.168.0.200','playerVirtual17_990694203','playerVirtual17','192.168.0.200','playerVirtual42','playerVirtual17_990694203',0,1,2048,20,'2018-02-09 17:15:16','2018-02-09 17:15:16'),(82,'192.168.0.200','playerVirtual10_6296268057','playerVirtual10','192.168.0.200','playerVirtual44','playerVirtual10_6296268057',0,1,512,1,'2018-02-09 17:16:48','2018-02-09 17:16:48'),(83,'192.168.0.200','playerVirtual19_182859403','playerVirtual19','192.168.0.200','playerVirtual43','playerVirtual19_182859403',0,1,512,1,'2018-02-09 17:19:51','2018-02-09 17:19:51'),(84,'192.168.0.200','playerVirtual20_4246147567','playerVirtual20','192.168.0.200','playerVirtual45','playerVirtual20_4246147567',0,2,4096,40,'2018-02-09 17:26:15','2018-02-09 17:26:15'),(85,'192.168.0.200','playerVirtual21_6289704471','playerVirtual21','192.168.0.200','playerVirtual46','playerVirtual21_6289704471',0,1,2048,20,'2018-02-09 17:26:42','2018-02-09 17:26:42'),(86,'192.168.0.200','playerVirtual15_4246147567','playerVirtual15','192.168.0.200','playerVirtual48','playerVirtual15_4246147567',0,2,4096,40,'2018-02-09 17:26:56','2018-02-09 17:26:56'),(87,'192.168.0.200','playerVirtual2_4246147567','playerVirtual2','192.168.0.200','playerVirtual49','playerVirtual2_4246147567',0,2,4096,40,'2018-02-09 17:27:08','2018-02-09 17:27:08'),(88,'192.168.0.200','playerVirtual4_4246147567','playerVirtual4','192.168.0.200','playerVirtual47','playerVirtual4_4246147567',0,2,4096,40,'2018-02-09 17:28:25','2018-02-09 17:28:25'),(89,'192.168.0.200','playerVirtual7_6322213339','playerVirtual7','192.168.0.200','playerVirtual50','playerVirtual7_6322213339',0,1,512,1,'2018-02-09 17:30:20','2018-02-09 17:30:20'),(90,'192.168.0.200','playerVirtual6_5068098508','playerVirtual6','192.168.0.200','playerVirtual51','playerVirtual6_5068098508',0,1,2048,20,'2018-02-09 17:31:29','2018-02-09 17:31:29'),(91,'192.168.0.200','playerVirtual45_4246147567','playerVirtual45','192.168.0.200','playerVirtual52','playerVirtual45_4246147567',0,2,4096,40,'2018-02-09 17:36:32','2018-02-09 17:36:32'),(92,'192.168.0.200','playerVirtual1_4246147567','playerVirtual1','192.168.0.200','playerVirtual53','playerVirtual1_4246147567',0,2,4096,40,'2018-02-09 17:36:46','2018-02-09 17:36:46'),(93,'192.168.0.200','playerVirtual46_4246147567','playerVirtual46','192.168.0.200','playerVirtual54','playerVirtual46_4246147567',0,2,4096,40,'2018-02-09 17:37:00','2018-02-09 17:37:00'),(94,'192.168.0.200','playerVirtual48_4246147567','playerVirtual48','192.168.0.200','playerVirtual55','playerVirtual48_4246147567',0,2,4096,40,'2018-02-09 17:37:15','2018-02-09 17:37:15'),(95,'192.168.0.200','playerVirtual49_4246147567','playerVirtual49','192.168.0.200','playerVirtual57','playerVirtual49_4246147567',0,2,4096,40,'2018-02-09 17:37:28','2018-02-09 17:37:28'),(96,'192.168.0.200','playerVirtual47_1095593','playerVirtual47','192.168.0.200','playerVirtual56','playerVirtual47_1095593',0,1,512,1,'2018-02-09 17:37:35','2018-02-09 17:37:35'),(97,'192.168.0.200','playerVirtual8_990694203','playerVirtual8','192.168.0.200','playerVirtual58','playerVirtual8_990694203',0,1,2048,20,'2018-02-09 17:38:12','2018-02-09 17:38:12'),(98,'192.168.0.200','playerVirtual0_4246147567','playerVirtual0','192.168.0.200','playerVirtual59','playerVirtual0_4246147567',0,2,4096,40,'2018-02-09 17:39:08','2018-02-09 17:39:08'),(99,'192.168.0.200','playerVirtual3_4246147567','playerVirtual3','192.168.0.200','playerVirtual60','playerVirtual3_4246147567',0,2,4096,40,'2018-02-09 17:39:27','2018-02-09 17:39:27'),(100,'192.168.0.200','playerVirtual9_272887063','playerVirtual9','192.168.0.200','playerVirtual61','playerVirtual9_272887063',0,1,2048,20,'2018-02-09 17:39:54','2018-02-09 17:39:54'),(101,'192.168.0.200','playerVirtual5_4246147567','playerVirtual5','192.168.0.200','playerVirtual62','playerVirtual5_4246147567',0,2,4096,40,'2018-02-09 17:42:52','2018-02-09 17:42:52'),(102,'192.168.0.200','playerVirtual21_4246147567','playerVirtual21','192.168.0.200','playerVirtual63','playerVirtual21_4246147567',0,2,4096,40,'2018-02-09 17:43:00','2018-02-09 17:43:00'),(103,'192.168.0.200','playerVirtual17_4246147567','playerVirtual17','192.168.0.200','playerVirtual64','playerVirtual17_4246147567',0,2,4096,40,'2018-02-09 17:43:22','2018-02-09 17:43:22'),(104,'192.168.0.200','playerVirtual50_4246147567','playerVirtual50','192.168.0.200','playerVirtual65','playerVirtual50_4246147567',0,2,4096,40,'2018-02-09 17:43:35','2018-02-09 17:43:35'),(105,'192.168.0.200','playerVirtual51_6335261139','playerVirtual51','192.168.0.200','playerVirtual66','playerVirtual51_6335261139',0,1,512,1,'2018-02-09 17:43:48','2018-02-09 17:43:48'),(106,'192.168.0.200','playerVirtual52_4246147567','playerVirtual52','192.168.0.200','playerVirtual67','playerVirtual52_4246147567',0,2,4096,40,'2018-02-09 17:44:48','2018-02-09 17:44:48'),(107,'192.168.0.200','playerVirtual53_4246147567','playerVirtual53','192.168.0.200','playerVirtual68','playerVirtual53_4246147567',0,2,4096,40,'2018-02-09 17:45:03','2018-02-09 17:45:03'),(108,'192.168.0.200','playerVirtual55_4246147567','playerVirtual55','192.168.0.200','playerVirtual69','playerVirtual55_4246147567',0,2,4096,40,'2018-02-09 17:45:16','2018-02-09 17:45:16'),(109,'192.168.0.200','playerVirtual54_4246147567','playerVirtual54','192.168.0.200','playerVirtual70','playerVirtual54_4246147567',0,2,4096,40,'2018-02-09 17:45:31','2018-02-09 17:45:31'),(110,'192.168.0.200','playerVirtual57_4246147567','playerVirtual57','192.168.0.200','playerVirtual71','playerVirtual57_4246147567',0,2,4096,40,'2018-02-09 17:45:45','2018-02-09 17:45:45'),(111,'192.168.0.200','playerVirtual56_4246147567','playerVirtual56','192.168.0.200','playerVirtual72','playerVirtual56_4246147567',0,2,4096,40,'2018-02-09 17:46:00','2018-02-09 17:46:00'),(112,'192.168.0.200','playerVirtual14_4246147567','playerVirtual14','192.168.0.200','playerVirtual73','playerVirtual14_4246147567',0,2,4096,40,'2018-02-09 17:49:51','2018-02-09 17:49:51'),(113,'192.168.0.200','playerVirtual19_4246147567','playerVirtual19','192.168.0.200','playerVirtual74','playerVirtual19_4246147567',0,2,4096,40,'2018-02-09 17:50:52','2018-02-09 17:50:52'),(114,'192.168.0.200','playerVirtual58_6566788','playerVirtual58','192.168.0.200','playerVirtual75','playerVirtual58_6566788',0,1,2048,20,'2018-02-09 17:53:15','2018-02-09 17:53:15'),(115,'192.168.0.200','playerVirtual59_4246147567','playerVirtual59','192.168.0.200','playerVirtual76','playerVirtual59_4246147567',0,2,4096,40,'2018-02-09 17:53:15','2018-02-09 17:53:15'),(116,'192.168.0.200','playerVirtual60_82730999','playerVirtual60','192.168.0.200','playerVirtual77','playerVirtual60_82730999',0,1,512,1,'2018-02-09 17:53:27','2018-02-09 17:53:27'),(117,'192.168.0.200','playerVirtual61_4246147567','playerVirtual61','192.168.0.200','playerVirtual78','playerVirtual61_4246147567',0,2,4096,40,'2018-02-09 17:53:47','2018-02-09 17:53:47'),(118,'192.168.0.200','playerVirtual62_6566788','playerVirtual62','192.168.0.200','playerVirtual79','playerVirtual62_6566788',0,1,2048,20,'2018-02-09 17:53:57','2018-02-09 17:53:57'),(119,'192.168.0.200','playerVirtual63_4246147567','playerVirtual63','192.168.0.200','playerVirtual80','playerVirtual63_4246147567',0,2,4096,40,'2018-02-09 17:54:02','2018-02-09 17:54:02'),(120,'192.168.0.200','playerVirtual64_16917741','playerVirtual64','192.168.0.200','playerVirtual81','playerVirtual64_16917741',0,1,512,1,'2018-02-09 17:54:03','2018-02-09 17:54:03'),(121,'192.168.0.200','playerVirtual65_4820150269','playerVirtual65','192.168.0.200','playerVirtual87','playerVirtual65_4820150269',0,2,4096,40,'2018-02-09 17:54:05','2018-02-09 17:54:05'),(122,'192.168.0.200','playerVirtual66_1438244924','playerVirtual66','192.168.0.200','playerVirtual88','playerVirtual66_1438244924',0,1,2048,20,'2018-02-09 18:00:27','2018-02-09 18:00:27'),(123,'192.168.0.200','playerVirtual67_4246147567','playerVirtual67','192.168.0.200','playerVirtual83','playerVirtual67_4246147567',0,2,4096,40,'2018-02-09 18:00:32','2018-02-09 18:00:32'),(124,'192.168.0.200','playerVirtual68_4246147567','playerVirtual68','192.168.0.200','playerVirtual85','playerVirtual68_4246147567',0,2,4096,40,'2018-02-09 18:00:46','2018-02-09 18:00:46'),(125,'192.168.0.200','playerVirtual69_5792765','playerVirtual69','192.168.0.200','playerVirtual89','playerVirtual69_5792765',0,1,512,1,'2018-02-09 18:00:55','2018-02-09 18:00:55'),(126,'192.168.0.200','playerVirtual70_4246147567','playerVirtual70','192.168.0.200','playerVirtual82','playerVirtual70_4246147567',0,2,4096,40,'2018-02-09 18:01:17','2018-02-09 18:01:17'),(127,'192.168.0.200','playerVirtual71_4246147567','playerVirtual71','192.168.0.200','playerVirtual84','playerVirtual71_4246147567',0,2,4096,40,'2018-02-09 18:01:31','2018-02-09 18:01:31'),(128,'192.168.0.200','playerVirtual72_4246147567','playerVirtual72','192.168.0.200','playerVirtual86','playerVirtual72_4246147567',0,2,4096,40,'2018-02-09 18:01:46','2018-02-09 18:01:46'),(129,'192.168.0.200','playerVirtual73_4246147567','playerVirtual73','192.168.0.200','playerVirtual92','playerVirtual73_4246147567',0,2,4096,40,'2018-02-09 18:02:00','2018-02-09 18:02:00'),(130,'192.168.0.200','playerVirtual2_2378747961','playerVirtual2','192.168.0.200','playerVirtual97','playerVirtual2_2378747961',0,1,512,1,'2018-02-09 18:03:16','2018-02-09 18:03:16'),(131,'192.168.0.200','playerVirtual9_4246147567','playerVirtual9','192.168.0.200','playerVirtual93','playerVirtual9_4246147567',0,2,4096,40,'2018-02-09 18:04:05','2018-02-09 18:04:05'),(132,'192.168.0.200','playerVirtual4_904011','playerVirtual4','192.168.0.200','playerVirtual90','playerVirtual4_904011',0,1,2048,20,'2018-02-09 18:05:09','2018-02-09 18:05:09'),(133,'192.168.0.200','playerVirtual74_4246147567','playerVirtual74','192.168.0.200','playerVirtual94','playerVirtual74_4246147567',0,2,4096,40,'2018-02-09 18:07:54','2018-02-09 18:07:54'),(134,'192.168.0.200','playerVirtual76_4246147567','playerVirtual76','192.168.0.200','playerVirtual95','playerVirtual76_4246147567',0,2,4096,40,'2018-02-09 18:08:08','2018-02-09 18:08:08'),(135,'192.168.0.200','playerVirtual75_4246147567','playerVirtual75','192.168.0.200','playerVirtual91','playerVirtual75_4246147567',0,2,4096,40,'2018-02-09 18:08:23','2018-02-09 18:08:23'),(136,'192.168.0.200','playerVirtual77_990694203','playerVirtual77','192.168.0.200','playerVirtual96','playerVirtual77_990694203',0,1,2048,20,'2018-02-09 18:08:34','2018-02-09 18:08:34'),(137,'192.168.0.200','playerVirtual78_4246147567','playerVirtual78','192.168.0.200','playerVirtual6','playerVirtual6_5eac1fb11c',3,2,4096,40,'2018-02-09 18:08:38','2018-02-09 18:10:39'),(138,'192.168.0.200','playerVirtual79_4246147567','playerVirtual79','192.168.0.200','playerVirtual14','playerVirtual79_4246147567',0,2,4096,40,'2018-02-09 18:08:52','2018-02-09 18:08:52'),(139,'192.168.0.200','playerVirtual81_4246147567','playerVirtual81','192.168.0.200','playerVirtual17','playerVirtual81_4246147567',0,2,4096,40,'2018-02-09 18:09:07','2018-02-09 18:09:07'),(140,'192.168.0.200','playerVirtual80_4246147567','playerVirtual80','192.168.0.200','playerVirtual0','playerVirtual0_a68d50ecbc',3,2,4096,40,'2018-02-09 18:09:21','2018-02-09 18:11:22'),(141,'192.168.0.200','playerVirtual7_794070039','playerVirtual7','192.168.0.200','playerVirtual1','playerVirtual1_9712e9cae2',1,1,512,1,'2018-02-09 18:09:53',NULL),(142,'192.168.0.200','playerVirtual87_6370662053','playerVirtual87','192.168.0.200','playerVirtual19','playerVirtual87_6370662053',0,1,512,1,'2018-02-09 18:16:23','2018-02-09 18:16:23'),(143,'192.168.0.200','playerVirtual88_16917741','playerVirtual88','192.168.0.200','playerVirtual21','playerVirtual88_16917741',0,1,512,1,'2018-02-09 18:16:24','2018-02-09 18:16:24'),(144,'192.168.0.200','playerVirtual83_4246147567','playerVirtual83','192.168.0.200','playerVirtual20','playerVirtual83_4246147567',0,2,4096,40,'2018-02-09 18:16:29','2018-02-09 18:16:29'),(145,'192.168.0.200','playerVirtual85_4246147567','playerVirtual85','192.168.0.200','playerVirtual2','playerVirtual2_98732667df',3,2,4096,40,'2018-02-09 18:16:43','2018-02-09 18:18:44'),(146,'192.168.0.200','playerVirtual89_4246147567','playerVirtual89','192.168.0.200','playerVirtual73','playerVirtual89_4246147567',0,2,4096,40,'2018-02-09 18:16:57','2018-02-09 18:16:57'),(147,'192.168.0.200','playerVirtual1_4246147567','playerVirtual1','192.168.0.200','playerVirtual3','playerVirtual3_5ec10d7777',1,2,4096,40,'2018-02-09 18:17:07',NULL),(148,'192.168.0.200','playerVirtual84_4246147567','playerVirtual84','192.168.0.200','playerVirtual79','playerVirtual84_4246147567',0,2,4096,40,'2018-02-09 18:17:12','2018-02-09 18:17:12'),(149,'192.168.0.200','playerVirtual82_990694203','playerVirtual82','192.168.0.200','playerVirtual80','playerVirtual82_990694203',0,1,2048,20,'2018-02-09 18:17:14','2018-02-09 18:17:14'),(150,'192.168.0.200','playerVirtual86_4246147567','playerVirtual86','192.168.0.200','playerVirtual81','playerVirtual86_4246147567',0,2,4096,40,'2018-02-09 18:17:28','2018-02-09 18:17:28'),(151,'192.168.0.200','playerVirtual20_6402941427','playerVirtual20','192.168.0.200','playerVirtual87','playerVirtual20_6402941427',0,1,512,1,'2018-02-09 18:18:10','2018-02-09 18:18:10'),(152,'192.168.0.200','playerVirtual8_6391421427','playerVirtual8','192.168.0.200','playerVirtual88','playerVirtual8_6391421427',0,1,512,1,'2018-02-09 18:21:57','2018-02-09 18:21:57'),(153,'192.168.0.200','playerVirtual96_4246147567','playerVirtual96','192.168.0.200','playerVirtual83','playerVirtual96_4246147567',0,2,4096,40,'2018-02-09 18:22:58','2018-02-09 18:22:58'),(154,'192.168.0.200','playerVirtual2_4246147567','playerVirtual2','192.168.0.200','playerVirtual5','playerVirtual5_f4c03d2ff0',1,2,4096,40,'2018-02-09 18:23:30',NULL),(155,'192.168.0.200','playerVirtual6_6401302061','playerVirtual6','192.168.0.200','playerVirtual4','playerVirtual4_c8cc3bff4e',1,1,512,1,'2018-02-09 18:23:51',NULL),(156,'192.168.0.200','playerVirtual93_4246147567','playerVirtual93','192.168.0.200','playerVirtual85','playerVirtual93_4246147567',0,2,4096,40,'2018-02-09 18:24:54','2018-02-09 18:24:54'),(157,'192.168.0.200','playerVirtual94_4246147567','playerVirtual94','192.168.0.200','playerVirtual89','playerVirtual94_4246147567',0,2,4096,40,'2018-02-09 18:25:09','2018-02-09 18:25:09'),(158,'192.168.0.200','playerVirtual90_4246147567','playerVirtual90','192.168.0.200','playerVirtual82','playerVirtual90_4246147567',0,2,4096,40,'2018-02-09 18:25:23','2018-02-09 18:25:23'),(159,'192.168.0.200','playerVirtual95_4246147567','playerVirtual95','192.168.0.200','playerVirtual84','playerVirtual95_4246147567',0,2,4096,40,'2018-02-09 18:25:37','2018-02-09 18:25:37'),(160,'192.168.0.200','playerVirtual91_4246147567','playerVirtual91','192.168.0.200','playerVirtual86','playerVirtual91_4246147567',0,2,4096,40,'2018-02-09 18:25:52','2018-02-09 18:25:52'),(161,'192.168.0.200','playerVirtual4_4246147567','playerVirtual4','192.168.0.200','playerVirtual7','playerVirtual7_d623da3de7',1,2,4096,40,'2018-02-09 18:26:25',NULL),(162,'192.168.0.200','playerVirtual5_4246147567','playerVirtual5','192.168.0.200','playerVirtual9','playerVirtual9_f99297b41b',1,2,4096,40,'2018-02-09 18:26:48',NULL),(163,'192.168.0.200','playerVirtual17_6391293459','playerVirtual17','192.168.0.200','playerVirtual93','playerVirtual17_6391293459',0,1,512,1,'2018-02-09 18:27:07','2018-02-09 18:27:07'),(164,'192.168.0.200','playerVirtual7_4246147567','playerVirtual7','192.168.0.200','playerVirtual90','playerVirtual7_4246147567',0,2,4096,40,'2018-02-09 18:31:14','2018-02-09 18:31:14'),(165,'192.168.0.200','playerVirtual3_4246147567','playerVirtual3','192.168.0.200','playerVirtual6','playerVirtual6_04a65b04af',1,2,4096,40,'2018-02-09 18:33:55',NULL),(166,'192.168.0.200','playerVirtual14_4246147567','playerVirtual14','192.168.0.200','playerVirtual17','playerVirtual17_496efb0578',1,2,4096,40,'2018-02-09 18:34:13',NULL),(167,'192.168.0.200','playerVirtual0_4246147567','playerVirtual0','192.168.0.200','playerVirtual14','playerVirtual0_4246147567',0,2,4096,40,'2018-02-09 18:36:21','2018-02-09 18:36:21'),(168,'192.168.0.200','playerVirtual19_4246147567','playerVirtual19','192.168.0.200','playerVirtual21','playerVirtual21_8d9103a6ab',1,2,4096,40,'2018-02-09 18:36:35',NULL),(169,'192.168.0.200','playerVirtual17_450512000','playerVirtual17','192.168.0.200','playerVirtual19','playerVirtual17_450512000',0,1,2048,20,'2018-02-09 18:52:21','2018-02-09 18:52:21'),(170,'192.168.0.200','playerVirtual20_6566788','playerVirtual20','192.168.0.200','playerVirtual17','playerVirtual20_6566788',0,1,2048,20,'2018-02-09 18:55:27','2018-02-09 18:55:27'),(171,'192.168.0.200','playerVirtual6_640692267','playerVirtual6','192.168.0.200','playerVirtual0','playerVirtual0_ba6794ba1d',1,1,512,1,'2018-02-09 18:57:34',NULL),(172,'192.168.0.200','playerVirtual21_4246147567','playerVirtual21','192.168.0.200','playerVirtual20','playerVirtual20_7c444970df',1,2,4096,40,'2018-02-09 19:00:47',NULL),(173,'192.168.0.200','playerVirtual9_1438244924','playerVirtual9','192.168.0.200','playerVirtual1','playerVirtual1_0237c45882',1,1,2048,20,'2018-02-09 19:02:22',NULL),(174,'192.168.0.200','playerVirtual1_5297461910','playerVirtual1','192.168.0.200','playerVirtual2','playerVirtual2_3ef0ac6d43',1,1,512,1,'2018-02-09 19:16:02',NULL),(175,'192.168.0.200','playerVirtual8_4246147567','playerVirtual8','192.168.0.200','playerVirtual21','playerVirtual8_4246147567',0,2,4096,40,'2018-02-09 19:27:53','2018-02-09 19:27:53'),(176,'192.168.0.200','playerVirtual6_4246147567','playerVirtual6','192.168.0.200','playerVirtual3','playerVirtual3_4fbdec4f72',1,2,4096,40,'2018-02-09 19:35:20',NULL);
/*!40000 ALTER TABLE `VM` ENABLE KEYS */;
UNLOCK TABLES;
/*!40103 SET TIME_ZONE=@OLD_TIME_ZONE */;

/*!40101 SET SQL_MODE=@OLD_SQL_MODE */;
/*!40014 SET FOREIGN_KEY_CHECKS=@OLD_FOREIGN_KEY_CHECKS */;
/*!40014 SET UNIQUE_CHECKS=@OLD_UNIQUE_CHECKS */;
/*!40101 SET CHARACTER_SET_CLIENT=@OLD_CHARACTER_SET_CLIENT */;
/*!40101 SET CHARACTER_SET_RESULTS=@OLD_CHARACTER_SET_RESULTS */;
/*!40101 SET COLLATION_CONNECTION=@OLD_COLLATION_CONNECTION */;
/*!40111 SET SQL_NOTES=@OLD_SQL_NOTES */;

-- Dump completed on 2018-02-09 15:08:49
