-- MySQL dump 10.14  Distrib 5.5.58-MariaDB, for debian-linux-gnu (x86_64)
--
-- Host: localhost    Database: mct
-- ------------------------------------------------------
-- Server version	5.5.58-MariaDB-1ubuntu0.14.04.1

/*!40101 SET @OLD_CHARACTER_SET_CLIENT=@@CHARACTER_SET_CLIENT */;
/*!40101 SET @OLD_CHARACTER_SET_RESULTS=@@CHARACTER_SET_RESULTS */;
/*!40101 SET @OLD_COLLATION_CONNECTION=@@COLLATION_CONNECTION */;
/*!40101 SET NAMES utf8 */;
/*!40103 SET @OLD_TIME_ZONE=@@TIME_ZONE */;
/*!40103 SET TIME_ZONE='+00:00' */;
/*!40014 SET @OLD_UNIQUE_CHECKS=@@UNIQUE_CHECKS, UNIQUE_CHECKS=0 */;
/*!40014 SET @OLD_FOREIGN_KEY_CHECKS=@@FOREIGN_KEY_CHECKS, FOREIGN_KEY_CHECKS=0 */;
/*!40101 SET @OLD_SQL_MODE=@@SQL_MODE, SQL_MODE='NO_AUTO_VALUE_ON_ZERO' */;
/*!40111 SET @OLD_SQL_NOTES=@@SQL_NOTES, SQL_NOTES=0 */;

--
-- Table structure for table `FIELDS`
--

DROP TABLE IF EXISTS `FIELDS`;
/*!40101 SET @saved_cs_client     = @@character_set_client */;
/*!40101 SET character_set_client = utf8 */;
CREATE TABLE `FIELDS` (
  `operation` int(11) NOT NULL,
  `fields` varchar(45) NOT NULL,
  PRIMARY KEY (`operation`)
) ENGINE=InnoDB DEFAULT CHARSET=utf8;
/*!40101 SET character_set_client = @saved_cs_client */;

--
-- Dumping data for table `FIELDS`
--

LOCK TABLES `FIELDS` WRITE;
/*!40000 ALTER TABLE `FIELDS` DISABLE KEYS */;
INSERT INTO `FIELDS` VALUES (0,'name mem image vcpus disk uuid');
/*!40000 ALTER TABLE `FIELDS` ENABLE KEYS */;
UNLOCK TABLES;

--
-- Table structure for table `PLAYER`
--

DROP TABLE IF EXISTS `PLAYER`;
/*!40101 SET @saved_cs_client     = @@character_set_client */;
/*!40101 SET character_set_client = utf8 */;
CREATE TABLE `PLAYER` (
  `id` int(11) NOT NULL AUTO_INCREMENT,
  `name` varchar(45) NOT NULL,
  `address` varchar(45) NOT NULL,
  `division` int(11) DEFAULT NULL,
  `score` float DEFAULT '0',
  `history` int(11) DEFAULT '0',
  `fairness` float DEFAULT '0',
  `accepts` int(11) DEFAULT '0',
  `rejects` int(11) DEFAULT '0',
  `running` int(11) DEFAULT '0',
  `finished` int(11) DEFAULT '0',
  `problem_del` int(11) DEFAULT '0',
  `vcpus` int(11) DEFAULT '0',
  `memory` bigint(20) DEFAULT '0',
  `local_gb` bigint(20) DEFAULT '0',
  `vcpus_used` bigint(20) DEFAULT '0',
  `memory_used` bigint(20) DEFAULT '0',
  `local_gb_used` bigint(20) DEFAULT '0',
  `max_instance` int(11) DEFAULT '0',
  `token` varchar(45) DEFAULT NULL,
  `suspend` timestamp NULL DEFAULT NULL,
  `enabled` int(11) DEFAULT '0',
  `last_choice` timestamp NOT NULL DEFAULT '2018-01-01 02:00:00',
  `playoff` tinyint(1) DEFAULT '0',
  PRIMARY KEY (`id`)
) ENGINE=InnoDB AUTO_INCREMENT=28 DEFAULT CHARSET=utf8;
/*!40101 SET character_set_client = @saved_cs_client */;

--
-- Dumping data for table `PLAYER`
--

LOCK TABLES `PLAYER` WRITE;
/*!40000 ALTER TABLE `PLAYER` DISABLE KEYS */;
INSERT INTO `PLAYER` VALUES (1,'playerVirtual1','192.168.0.200',4,-2,0,1,1,2,0,1,0,1023,1047552,10230,0,0,0,1,'8358ea21925c72c8d7cca04566081228ccd30893',NULL,0,'2018-03-03 13:18:07',1),(2,'playerVirtual2','192.168.0.200',1,13.94,30,0.705882,9,0,7,2,0,1023,1047552,10230,10,15872,143,9,'eea9593b44fa94e37a0b93746e6c0fc4be6ade63',NULL,1,'2018-03-03 15:33:05',0),(3,'playerVirtual3','192.168.0.200',3,2.32,29,0.933333,2,1,2,0,0,1023,1047552,10230,3,4608,41,2,'435383c7bff8e64e59aea87f231b2a79e71eabf5',NULL,1,'2018-03-03 13:20:16',0),(4,'playerVirtual4','192.168.0.200',1,9.3,28,0.583333,12,0,7,5,0,1023,1047552,10230,8,10240,84,9,'2a3556a1f1e9b05650570e45f2ba944dd3246455',NULL,1,'2018-03-03 15:18:32',0),(5,'playerVirtual0','192.168.0.200',4,-8,0,1,0,4,0,0,0,1023,1047552,10230,0,0,0,99,'4934ea50602fc4821933d3055597a38f57f24839',NULL,0,'2018-03-03 13:29:03',1),(6,'playerVirtual5','192.168.0.200',2,6.64,27,0.75,7,0,4,3,0,1023,1047552,10230,5,8704,81,5,'4147e083b2d60646c1687cea43d0340e97b93d6e',NULL,1,'2018-03-03 15:21:13',0),(7,'playerVirtual6','192.168.0.200',1,11.29,27,0.8,9,0,6,3,0,1023,1047552,10230,8,11776,103,7,'15bb0b60a4a08068e2a14582a74f872dd3b6b654',NULL,1,'2018-03-03 15:23:57',0),(8,'playerVirtual1590','192.168.0.200',4,-4,0,0,0,2,0,0,0,1023,1047552,10230,0,0,0,99,'dc0de16b78c33a08d89696bd2819147019ea0a5b',NULL,0,'2018-03-03 13:37:32',1),(9,'playerVirtual7','192.168.0.200',3,0,25,0,1,0,1,0,0,1023,1047552,10230,1,2048,20,1,'3e1425ac24b48f20222a6ec2c3113773addea932',NULL,1,'2018-03-03 13:36:29',0),(10,'playerVirtual8','192.168.0.200',2,5.3,14,0.5,10,0,5,5,0,1023,1047552,10230,7,15872,159,9,'d30e1f37db4e9340a521f840b18a99bbdcf977cc',NULL,1,'2018-03-03 15:10:45',0),(11,'playerVirtual1985','192.168.0.200',4,-8,0,0,0,4,0,0,0,1023,1047552,10230,0,0,0,99,'70d32bc082f64816a2f44453f386de439d85fcb9',NULL,0,'2018-03-03 13:49:55',1),(12,'playerVirtual9','192.168.0.200',3,2.66,23,0.714286,4,0,2,2,0,1023,1047552,10230,2,2560,21,2,'6ebb5fc4d424834e2ca20b8c9732885647506dbb',NULL,1,'2018-03-03 14:51:26',0),(13,'playerVirtual10','192.168.0.200',2,6.64,22,0.833333,8,0,4,4,0,1023,1047552,10230,4,6656,61,8,'7a616d29fbff7adaf743d114ca02d43e82b4c102',NULL,1,'2018-03-03 15:16:39',0),(14,'playerVirtual1161','192.168.0.200',4,-8,0,0,0,4,0,0,0,1023,1047552,10230,0,0,0,99,'2fa17b96b3e22361d81d0037053c9b0d024a4458',NULL,0,'2018-03-03 14:08:10',1),(15,'playerVirtual11','192.168.0.200',3,2.66,21,0.6,4,0,3,1,0,1023,1047552,10230,3,3072,22,3,'249d98b636c1231f4662485403016cd0ce41fabb',NULL,1,'2018-03-03 14:18:43',0),(16,'playerVirtual12','192.168.0.200',3,3.99,20,1,4,0,3,1,0,1023,1047552,10230,3,3072,22,3,'271e5ef7b6987fdc71ed2e0cf9829e5806a023d3',NULL,1,'2018-03-03 14:42:10',0),(17,'playerVirtual13','192.168.0.200',2,6.64,19,1,6,0,5,1,0,1023,1047552,10230,7,12800,121,5,'0b2657ecaa61eb884145352d0f72fb0731cdc412',NULL,1,'2018-03-03 15:26:27',0),(18,'playerVirtual14','192.168.0.200',2,5.31,18,1,4,0,2,2,0,1023,1047552,10230,3,4608,41,5,'5083f1be71644175157a2326eecb539ccab12b0d',NULL,1,'2018-03-03 15:23:05',0),(19,'playerVirtual15','192.168.0.200',2,4.65,17,1,4,0,2,2,0,1023,1047552,10230,2,2560,21,5,'3da9b07933be9b47d69eff9e5511abc6a152c8fd',NULL,1,'2018-03-03 15:28:32',0),(20,'playerVirtual1205','192.168.0.200',4,-2,0,0,0,1,0,0,0,1023,1047552,10230,0,0,0,99,'317458d55070b03776bb07f487968607075cc095',NULL,0,'2018-03-03 14:21:27',1),(21,'playerVirtual16','192.168.0.200',3,3.98,16,0,4,0,1,3,0,1023,1047552,10230,2,4096,40,3,'1a681e40d1384c3018ac915a58c854fbd2c5391b',NULL,1,'2018-03-03 15:37:01',0),(22,'playerVirtual17','192.168.0.200',3,0,15,0,1,0,1,0,0,1023,1047552,10230,1,2048,20,1,'50fc1d5df0d49908c1db2600a8ef1e2cc78ac2c9',NULL,1,'2018-03-03 14:29:34',0),(23,'playerVirtual18','192.168.0.200',2,5.31,14,1,4,0,2,2,0,1023,1047552,10230,2,1024,2,3,'d482ddd6f36f72bfe669d1a6b3670502f0c9694e',NULL,1,'2018-03-03 15:37:22',0),(24,'playerVirtual19','192.168.0.200',2,5.97,13,1,3,0,0,3,0,1023,1047552,10230,0,0,0,7,'f02445d0ac00737d87989cddf05a3e343b8ea1ea',NULL,1,'2018-03-03 15:11:27',0),(25,'playerVirtual1553','192.168.0.200',4,-2,0,0,0,1,0,0,0,1023,1047552,10230,0,0,0,99,'0cccedfe7aedd645e2bc83401f43e7fbd07c9afc',NULL,0,'2018-03-03 14:43:02',1),(26,'playerVirtual1848','192.168.0.200',4,-2,0,0,0,1,0,0,0,1023,1047552,10230,0,0,0,99,'b18bb10131474c4015d92ba4c55d0256a901c141',NULL,0,'2018-03-03 15:07:12',1),(27,'playerVirtual1655','192.168.0.200',3,0,1,0,0,2,0,0,0,1023,1047552,10230,0,0,0,99,'c7a5aad07e0a6bb8d2d19343716488774109983f',NULL,1,'2018-03-03 15:39:13',0);
/*!40000 ALTER TABLE `PLAYER` ENABLE KEYS */;
UNLOCK TABLES;

--
-- Table structure for table `REQUEST`
--

DROP TABLE IF EXISTS `REQUEST`;
/*!40101 SET @saved_cs_client     = @@character_set_client */;
/*!40101 SET character_set_client = utf8 */;
CREATE TABLE `REQUEST` (
  `id` int(11) NOT NULL AUTO_INCREMENT,
  `player_id` varchar(45) NOT NULL,
  `request_id` varchar(45) NOT NULL,
  `action` int(11) NOT NULL,
  `timestamp_received` timestamp NULL DEFAULT NULL,
  `timestamp_finished` timestamp NULL DEFAULT NULL,
  `status` int(11) NOT NULL,
  PRIMARY KEY (`id`)
) ENGINE=InnoDB AUTO_INCREMENT=576 DEFAULT CHARSET=utf8;
/*!40101 SET character_set_client = @saved_cs_client */;

--
-- Dumping data for table `REQUEST`
--

LOCK TABLES `REQUEST` WRITE;
/*!40000 ALTER TABLE `REQUEST` DISABLE KEYS */;
INSERT INTO `REQUEST` VALUES (1,'playerVirtual1','playerVirtual1_f305332300',4,'2018-03-03 13:10:47',NULL,0),(2,'playerVirtual2','playerVirtual2_5cbce62978',4,'2018-03-03 13:10:47',NULL,0),(3,'playerVirtual1','playerVirtual1_450512000',0,'2018-03-03 13:11:48',NULL,0),(4,'playerVirtual1','playerVirtual1_450512000',0,'2018-03-03 13:11:48',NULL,0),(5,'playerVirtual2','playerVirtual2_1438244924',0,'2018-03-03 13:11:50',NULL,0),(6,'playerVirtual2','playerVirtual2_1438244924',0,'2018-03-03 13:11:50',NULL,0),(7,'playerVirtual1','playerVirtual1_eb579af930',3,'2018-03-03 13:12:48',NULL,0),(8,'playerVirtual2','playerVirtual2_5458924d24',3,'2018-03-03 13:12:50',NULL,0),(9,'playerVirtual1','playerVirtual1_640692267',0,'2018-03-03 13:13:53',NULL,0),(10,'playerVirtual1','playerVirtual1_640692267',0,'2018-03-03 13:13:54',NULL,0),(11,'playerVirtual2','playerVirtual2_2381571381',0,'2018-03-03 13:13:54',NULL,0),(12,'playerVirtual2','playerVirtual2_2381571381',0,'2018-03-03 13:13:55',NULL,0),(13,'playerVirtual1','playerVirtual1_35f4eee23c',4,'2018-03-03 13:14:54',NULL,0),(14,'playerVirtual2','playerVirtual2_c8e9406f70',4,'2018-03-03 13:14:55',NULL,0),(15,'playerVirtual3','playerVirtual3_486e41083e',4,'2018-03-03 13:15:49',NULL,0),(16,'playerVirtual1','playerVirtual1_5297461910',0,'2018-03-03 13:15:57',NULL,0),(17,'playerVirtual1','playerVirtual1_5297461910',0,'2018-03-03 13:15:57',NULL,0),(18,'playerVirtual2','playerVirtual2_2790332778',0,'2018-03-03 13:16:02',NULL,0),(19,'playerVirtual2','playerVirtual2_2790332778',0,'2018-03-03 13:16:02',NULL,0),(20,'playerVirtual1','playerVirtual1_62fcb230ae',3,'2018-03-03 13:16:57',NULL,0),(21,'playerVirtual3','playerVirtual3_369721705',0,'2018-03-03 13:17:01',NULL,0),(22,'playerVirtual3','playerVirtual3_369721705',0,'2018-03-03 13:17:01',NULL,0),(23,'playerVirtual2','playerVirtual2_507fc39396',3,'2018-03-03 13:17:02',NULL,0),(24,'playerVirtual3','playerVirtual3_4a6788dac8',3,'2018-03-03 13:18:01',NULL,0),(25,'playerVirtual1','playerVirtual1_317469422',0,'2018-03-03 13:18:06',NULL,0),(26,'playerVirtual1','playerVirtual1_317469422',0,'2018-03-03 13:18:07',NULL,0),(27,'playerVirtual2','playerVirtual2_6955737',0,'2018-03-03 13:18:07',NULL,0),(28,'playerVirtual2','playerVirtual2_6955737',0,'2018-03-03 13:18:07',NULL,0),(29,'playerVirtual3','playerVirtual3_257338104',0,'2018-03-03 13:19:03',NULL,0),(30,'playerVirtual3','playerVirtual3_257338104',0,'2018-03-03 13:19:03',NULL,0),(31,'playerVirtual1','playerVirtual1_c193ddc29c',4,'2018-03-03 13:19:07',NULL,0),(32,'playerVirtual2','playerVirtual2_7145934fd5',4,'2018-03-03 13:19:07',NULL,0),(33,'playerVirtual3','playerVirtual3_9b033b2299',4,'2018-03-03 13:20:03',NULL,0),(34,'playerVirtual1','playerVirtual1_3584940347',0,'2018-03-03 13:20:11',NULL,0),(35,'playerVirtual1','playerVirtual1_3584940347',0,'2018-03-03 13:20:11',NULL,0),(36,'playerVirtual2','playerVirtual2_2433236783',0,'2018-03-03 13:20:15',NULL,0),(37,'playerVirtual2','playerVirtual2_2433236783',0,'2018-03-03 13:20:16',NULL,0),(38,'playerVirtual4','playerVirtual4_386f4540f2',4,'2018-03-03 13:20:47',NULL,0),(39,'playerVirtual2','playerVirtual2_b19f0f2653',3,'2018-03-03 13:21:16',NULL,0),(40,'playerVirtual3','playerVirtual3_3338579772',0,'2018-03-03 13:21:16',NULL,0),(41,'playerVirtual3','playerVirtual3_3338579772',0,'2018-03-03 13:21:16',NULL,0),(42,'playerVirtual0','playerVirtual0_0814e1629c',4,'2018-03-03 13:21:31',NULL,0),(43,'playerVirtual4','playerVirtual4_257407216',0,'2018-03-03 13:22:01',NULL,0),(44,'playerVirtual3','playerVirtual3_c284105c07',3,'2018-03-03 13:22:16',NULL,0),(45,'playerVirtual2','playerVirtual2_2359368952',0,'2018-03-03 13:22:33',NULL,0),(46,'playerVirtual2','playerVirtual2_2359368952',0,'2018-03-03 13:22:33',NULL,0),(47,'playerVirtual0','playerVirtual0_16917741',0,'2018-03-03 13:22:58',NULL,0),(48,'playerVirtual4','playerVirtual4_4becf5de16',3,'2018-03-03 13:23:01',NULL,0),(49,'playerVirtual2','playerVirtual2_7ccc37ffcf',4,'2018-03-03 13:23:33',NULL,0),(50,'playerVirtual3','playerVirtual3_2545640208',0,'2018-03-03 13:23:40',NULL,0),(51,'playerVirtual3','playerVirtual3_2545640208',0,'2018-03-03 13:23:40',NULL,0),(52,'playerVirtual0','playerVirtual0_ab0eff220e',3,'2018-03-03 13:23:58',NULL,0),(53,'playerVirtual4','playerVirtual4_908315',0,'2018-03-03 13:24:25',NULL,0),(54,'playerVirtual4','playerVirtual4_908315',0,'2018-03-03 13:24:25',NULL,0),(55,'playerVirtual3','playerVirtual3_a17ee5cd15',4,'2018-03-03 13:24:40',NULL,0),(56,'playerVirtual2','playerVirtual2_539194189',0,'2018-03-03 13:25:02',NULL,0),(57,'playerVirtual2','playerVirtual2_539194189',0,'2018-03-03 13:25:02',NULL,0),(58,'playerVirtual4','playerVirtual4_dcbae6c0f0',4,'2018-03-03 13:25:25',NULL,0),(59,'playerVirtual5','playerVirtual5_381c1c8e9f',4,'2018-03-03 13:25:44',NULL,0),(60,'playerVirtual0','playerVirtual0_4820204870',0,'2018-03-03 13:25:57',NULL,0),(61,'playerVirtual0','playerVirtual0_4820204870',0,'2018-03-03 13:25:58',NULL,0),(62,'playerVirtual2','playerVirtual2_955cfd2524',3,'2018-03-03 13:26:02',NULL,0),(63,'playerVirtual0','playerVirtual0_5c4fabadf4',4,'2018-03-03 13:26:57',NULL,0),(64,'playerVirtual3','playerVirtual3_8058564',0,'2018-03-03 13:27:33',NULL,0),(65,'playerVirtual3','playerVirtual3_8058564',0,'2018-03-03 13:27:33',NULL,0),(66,'playerVirtual4','playerVirtual4_1429160667',0,'2018-03-03 13:28:19',NULL,0),(67,'playerVirtual4','playerVirtual4_1429160667',0,'2018-03-03 13:28:20',NULL,0),(68,'playerVirtual3','playerVirtual3_14a32fbceb',3,'2018-03-03 13:28:33',NULL,0),(69,'playerVirtual2','playerVirtual2_82730999',0,'2018-03-03 13:28:55',NULL,0),(70,'playerVirtual2','playerVirtual2_82730999',0,'2018-03-03 13:28:55',NULL,0),(71,'playerVirtual5','playerVirtual5_3338010893',0,'2018-03-03 13:29:03',NULL,0),(72,'playerVirtual5','playerVirtual5_3338010893',0,'2018-03-03 13:29:03',NULL,0),(73,'playerVirtual4','playerVirtual4_678f30dbf8',3,'2018-03-03 13:29:19',NULL,0),(74,'playerVirtual0','playerVirtual0_351652724',0,'2018-03-03 13:29:23',NULL,0),(75,'playerVirtual0','playerVirtual0_351652724',0,'2018-03-03 13:29:23',NULL,0),(76,'playerVirtual2','playerVirtual2_89171016e5',4,'2018-03-03 13:29:55',NULL,0),(77,'playerVirtual5','playerVirtual5_fe97a5a4d3',3,'2018-03-03 13:30:03',NULL,0),(78,'playerVirtual3','playerVirtual3_6571218',0,'2018-03-03 13:30:04',NULL,0),(79,'playerVirtual3','playerVirtual3_6571218',0,'2018-03-03 13:30:05',NULL,0),(80,'playerVirtual4','playerVirtual4_778566023',0,'2018-03-03 13:30:52',NULL,0),(81,'playerVirtual4','playerVirtual4_778566023',0,'2018-03-03 13:30:52',NULL,0),(82,'playerVirtual6','playerVirtual6_187a067c3a',4,'2018-03-03 13:30:52',NULL,0),(83,'playerVirtual3','playerVirtual3_4b410fe93f',4,'2018-03-03 13:31:05',NULL,0),(84,'playerVirtual5','playerVirtual5_1339662',0,'2018-03-03 13:31:16',NULL,0),(85,'playerVirtual5','playerVirtual5_1339662',0,'2018-03-03 13:31:16',NULL,0),(86,'playerVirtual2','playerVirtual2_1436344784',0,'2018-03-03 13:31:32',NULL,0),(87,'playerVirtual2','playerVirtual2_1436344784',0,'2018-03-03 13:31:33',NULL,0),(88,'playerVirtual4','playerVirtual4_98fc7e90c8',4,'2018-03-03 13:31:52',NULL,0),(89,'playerVirtual5','playerVirtual5_7b5fa05e5f',4,'2018-03-03 13:32:16',NULL,0),(90,'playerVirtual2','playerVirtual2_04398cade6',3,'2018-03-03 13:32:33',NULL,0),(91,'playerVirtual3','playerVirtual3_359920779',0,'2018-03-03 13:34:06',NULL,0),(92,'playerVirtual3','playerVirtual3_359920779',0,'2018-03-03 13:34:06',NULL,0),(93,'playerVirtual6','playerVirtual6_284794223',0,'2018-03-03 13:34:25',NULL,0),(94,'playerVirtual1590','playerVirtual1590_b7e385b3a6',4,'2018-03-03 13:34:34',NULL,0),(95,'playerVirtual4','playerVirtual4_904011',0,'2018-03-03 13:34:52',NULL,0),(96,'playerVirtual4','playerVirtual4_904011',0,'2018-03-03 13:34:53',NULL,0),(97,'playerVirtual3','playerVirtual3_2f1ddaa85a',3,'2018-03-03 13:35:06',NULL,0),(98,'playerVirtual6','playerVirtual6_c8186f0a4a',3,'2018-03-03 13:35:25',NULL,0),(99,'playerVirtual2','playerVirtual2_257338074',0,'2018-03-03 13:35:29',NULL,0),(100,'playerVirtual2','playerVirtual2_257338074',0,'2018-03-03 13:35:29',NULL,0),(101,'playerVirtual5','playerVirtual5_2904109077',0,'2018-03-03 13:35:36',NULL,0),(102,'playerVirtual5','playerVirtual5_2904109077',0,'2018-03-03 13:35:37',NULL,0),(103,'playerVirtual7','playerVirtual7_dc57bcdd8d',4,'2018-03-03 13:35:46',NULL,0),(104,'playerVirtual4','playerVirtual4_3483660ec0',3,'2018-03-03 13:35:52',NULL,0),(105,'playerVirtual6','playerVirtual6_6569547',0,'2018-03-03 13:36:29',NULL,0),(106,'playerVirtual6','playerVirtual6_6569547',0,'2018-03-03 13:36:29',NULL,0),(107,'playerVirtual2','playerVirtual2_e458f24bb9',4,'2018-03-03 13:36:29',NULL,0),(108,'playerVirtual5','playerVirtual5_96e45fa609',3,'2018-03-03 13:36:37',NULL,0),(109,'playerVirtual3','playerVirtual3_1093460',0,'2018-03-03 13:36:39',NULL,0),(110,'playerVirtual3','playerVirtual3_1093460',0,'2018-03-03 13:36:40',NULL,0),(111,'playerVirtual6','playerVirtual6_ada2c35469',4,'2018-03-03 13:37:29',NULL,0),(112,'playerVirtual4','playerVirtual4_30788568',0,'2018-03-03 13:37:32',NULL,0),(113,'playerVirtual4','playerVirtual4_30788568',0,'2018-03-03 13:37:32',NULL,0),(114,'playerVirtual3','playerVirtual3_0cf868c938',4,'2018-03-03 13:37:40',NULL,0),(115,'playerVirtual5','playerVirtual5_38671842',0,'2018-03-03 13:38:04',NULL,0),(116,'playerVirtual5','playerVirtual5_38671842',0,'2018-03-03 13:38:05',NULL,0),(117,'playerVirtual1590','playerVirtual1590_905614',0,'2018-03-03 13:38:07',NULL,0),(118,'playerVirtual2','playerVirtual2_5792765',0,'2018-03-03 13:38:13',NULL,0),(119,'playerVirtual2','playerVirtual2_5792765',0,'2018-03-03 13:38:14',NULL,0),(120,'playerVirtual4','playerVirtual4_5e17403513',4,'2018-03-03 13:38:32',NULL,0),(121,'playerVirtual5','playerVirtual5_6d1400fe9d',4,'2018-03-03 13:39:05',NULL,0),(122,'playerVirtual1590','playerVirtual1590_248b8cbd99',3,'2018-03-03 13:39:07',NULL,0),(123,'playerVirtual2','playerVirtual2_b937d5a172',3,'2018-03-03 13:39:14',NULL,0),(124,'playerVirtual7','playerVirtual7_470485660',0,'2018-03-03 13:39:21',NULL,0),(125,'playerVirtual7','playerVirtual7_66dd8ffda4',3,'2018-03-03 13:40:22',NULL,0),(126,'playerVirtual8','playerVirtual8_e26699ca40',4,'2018-03-03 13:40:45',NULL,0),(127,'playerVirtual3','playerVirtual3_4820318661',0,'2018-03-03 13:41:02',NULL,0),(128,'playerVirtual3','playerVirtual3_4820318661',0,'2018-03-03 13:41:02',NULL,0),(129,'playerVirtual6','playerVirtual6_400453824',0,'2018-03-03 13:41:14',NULL,0),(130,'playerVirtual6','playerVirtual6_400453824',0,'2018-03-03 13:41:14',NULL,0),(131,'playerVirtual4','playerVirtual4_4819935267',0,'2018-03-03 13:41:49',NULL,0),(132,'playerVirtual4','playerVirtual4_4819935267',0,'2018-03-03 13:41:50',NULL,0),(133,'playerVirtual7','playerVirtual7_5068098508',0,'2018-03-03 13:41:59',NULL,0),(134,'playerVirtual3','playerVirtual3_920338d63d',3,'2018-03-03 13:42:02',NULL,0),(135,'playerVirtual6','playerVirtual6_7f301b6306',3,'2018-03-03 13:42:14',NULL,0),(136,'playerVirtual1985','playerVirtual1985_1065360ea4',4,'2018-03-03 13:42:35',NULL,0),(137,'playerVirtual5','playerVirtual5_4820217293',0,'2018-03-03 13:42:37',NULL,0),(138,'playerVirtual5','playerVirtual5_4820217293',0,'2018-03-03 13:42:37',NULL,0),(139,'playerVirtual2','playerVirtual2_2378747961',0,'2018-03-03 13:42:39',NULL,0),(140,'playerVirtual2','playerVirtual2_2378747961',0,'2018-03-03 13:42:39',NULL,0),(141,'playerVirtual4','playerVirtual4_fd88bd1801',3,'2018-03-03 13:42:49',NULL,0),(142,'playerVirtual7','playerVirtual7_a35802ddf4',4,'2018-03-03 13:42:59',NULL,0),(143,'playerVirtual5','playerVirtual5_2cffa226ca',3,'2018-03-03 13:43:37',NULL,0),(144,'playerVirtual2','playerVirtual2_284ee66c13',4,'2018-03-03 13:43:39',NULL,0),(145,'playerVirtual6','playerVirtual6_2148750930',0,'2018-03-03 13:45:02',NULL,0),(146,'playerVirtual6','playerVirtual6_2148750930',0,'2018-03-03 13:45:03',NULL,0),(147,'playerVirtual3','playerVirtual3_1095593',0,'2018-03-03 13:45:07',NULL,0),(148,'playerVirtual3','playerVirtual3_1095593',0,'2018-03-03 13:45:08',NULL,0),(149,'playerVirtual9','playerVirtual9_74600e9925',4,'2018-03-03 13:45:51',NULL,0),(150,'playerVirtual6','playerVirtual6_b615132596',4,'2018-03-03 13:46:03',NULL,0),(151,'playerVirtual3','playerVirtual3_30e7c97341',4,'2018-03-03 13:46:08',NULL,0),(152,'playerVirtual4','playerVirtual4_765651',0,'2018-03-03 13:46:11',NULL,0),(153,'playerVirtual4','playerVirtual4_765651',0,'2018-03-03 13:46:11',NULL,0),(154,'playerVirtual8','playerVirtual8_227443932',0,'2018-03-03 13:46:13',NULL,0),(155,'playerVirtual8','playerVirtual8_227443932',0,'2018-03-03 13:46:13',NULL,0),(156,'playerVirtual2','playerVirtual2_006dad10cf',3,'2018-03-03 13:46:25',NULL,0),(157,'playerVirtual5','playerVirtual5_5623125514',0,'2018-03-03 13:46:49',NULL,0),(158,'playerVirtual5','playerVirtual5_5623125514',0,'2018-03-03 13:46:50',NULL,0),(159,'playerVirtual4','playerVirtual4_7099861fdb',4,'2018-03-03 13:47:11',NULL,0),(160,'playerVirtual8','playerVirtual8_4ea56e1f27',3,'2018-03-03 13:47:13',NULL,0),(161,'playerVirtual5','playerVirtual5_5196b6b7d6',4,'2018-03-03 13:47:50',NULL,0),(162,'playerVirtual7','playerVirtual7_16915963',0,'2018-03-03 13:48:05',NULL,0),(163,'playerVirtual1985','playerVirtual1985_563574327',0,'2018-03-03 13:48:11',NULL,0),(164,'playerVirtual7','playerVirtual7_aaf3d0b297',3,'2018-03-03 13:49:04',NULL,0),(165,'playerVirtual1985','playerVirtual1985_084a6d9791',3,'2018-03-03 13:49:11',NULL,0),(166,'playerVirtual3','playerVirtual3_6274355716',0,'2018-03-03 13:49:53',NULL,0),(167,'playerVirtual3','playerVirtual3_6274355716',0,'2018-03-03 13:49:53',NULL,0),(168,'playerVirtual8','playerVirtual8_4820204870',0,'2018-03-03 13:49:55',NULL,0),(169,'playerVirtual8','playerVirtual8_4820204870',0,'2018-03-03 13:49:55',NULL,0),(170,'playerVirtual6','playerVirtual6_272887063',0,'2018-03-03 13:50:02',NULL,0),(171,'playerVirtual6','playerVirtual6_272887063',0,'2018-03-03 13:50:02',NULL,0),(172,'playerVirtual2','playerVirtual2_38676294',0,'2018-03-03 13:50:31',NULL,0),(173,'playerVirtual2','playerVirtual2_38676294',0,'2018-03-03 13:50:31',NULL,0),(174,'playerVirtual10','playerVirtual10_57c81ac90f',4,'2018-03-03 13:50:48',NULL,0),(175,'playerVirtual3','playerVirtual3_cdb9e06cc5',3,'2018-03-03 13:50:53',NULL,0),(176,'playerVirtual8','playerVirtual8_c51a42c521',4,'2018-03-03 13:50:55',NULL,0),(177,'playerVirtual6','playerVirtual6_ec48e045b2',3,'2018-03-03 13:51:02',NULL,0),(178,'playerVirtual2','playerVirtual2_024835ca54',4,'2018-03-03 13:51:31',NULL,0),(179,'playerVirtual9','playerVirtual9_284757920',0,'2018-03-03 13:51:37',NULL,0),(180,'playerVirtual9','playerVirtual9_284757920',0,'2018-03-03 13:51:37',NULL,0),(181,'playerVirtual4','playerVirtual4_182859403',0,'2018-03-03 13:51:43',NULL,0),(182,'playerVirtual4','playerVirtual4_182859403',0,'2018-03-03 13:51:44',NULL,0),(183,'playerVirtual9','playerVirtual9_4a6afbd426',3,'2018-03-03 13:52:37',NULL,0),(184,'playerVirtual7','playerVirtual7_990694203',0,'2018-03-03 13:52:38',NULL,0),(185,'playerVirtual4','playerVirtual4_3b930c6762',3,'2018-03-03 13:52:43',NULL,0),(186,'playerVirtual5','playerVirtual5_990694203',0,'2018-03-03 13:53:03',NULL,0),(187,'playerVirtual5','playerVirtual5_990694203',0,'2018-03-03 13:53:03',NULL,0),(188,'playerVirtual7','playerVirtual7_cd2e8e34f1',4,'2018-03-03 13:53:38',NULL,0),(189,'playerVirtual5','playerVirtual5_ec1116c1c9',3,'2018-03-03 13:54:03',NULL,0),(190,'playerVirtual1161','playerVirtual1161_434944fd02',4,'2018-03-03 13:54:21',NULL,0),(191,'playerVirtual11','playerVirtual11_746283d89c',4,'2018-03-03 13:55:45',NULL,0),(192,'playerVirtual9','playerVirtual9_2359368952',0,'2018-03-03 13:55:54',NULL,0),(193,'playerVirtual9','playerVirtual9_2359368952',0,'2018-03-03 13:55:54',NULL,0),(194,'playerVirtual6','playerVirtual6_272887063',1,'2018-03-03 13:56:01',NULL,0),(195,'playerVirtual6','playerVirtual6_9028257824',4,'2018-03-03 13:56:02',NULL,0),(196,'playerVirtual6','playerVirtual6_272887063',1,'2018-03-03 13:56:02',NULL,0),(197,'playerVirtual3','playerVirtual3_4476462938',0,'2018-03-03 13:56:02',NULL,0),(198,'playerVirtual3','playerVirtual3_4476462938',0,'2018-03-03 13:56:03',NULL,0),(199,'playerVirtual4','playerVirtual4_182859403',1,'2018-03-03 13:56:20',NULL,0),(200,'playerVirtual4','playerVirtual4_8888fb5746',4,'2018-03-03 13:56:20',NULL,0),(201,'playerVirtual4','playerVirtual4_182859403',1,'2018-03-03 13:56:20',NULL,0),(202,'playerVirtual2','playerVirtual2_6282149131',0,'2018-03-03 13:56:27',NULL,0),(203,'playerVirtual2','playerVirtual2_6282149131',0,'2018-03-03 13:56:28',NULL,0),(204,'playerVirtual9','playerVirtual9_166669ce07',4,'2018-03-03 13:56:54',NULL,0),(205,'playerVirtual3','playerVirtual3_f2f1112674',4,'2018-03-03 13:57:02',NULL,0),(206,'playerVirtual8','playerVirtual8_272887063',0,'2018-03-03 13:57:14',NULL,0),(207,'playerVirtual8','playerVirtual8_272887063',0,'2018-03-03 13:57:15',NULL,0),(208,'playerVirtual5','playerVirtual5_990694203',1,'2018-03-03 13:57:17',NULL,0),(209,'playerVirtual5','playerVirtual5_aad3daf62d',4,'2018-03-03 13:57:17',NULL,0),(210,'playerVirtual5','playerVirtual5_990694203',1,'2018-03-03 13:57:17',NULL,0),(211,'playerVirtual2','playerVirtual2_0e9a7a3796',3,'2018-03-03 13:57:28',NULL,0),(212,'playerVirtual8','playerVirtual8_65f51a48d1',3,'2018-03-03 13:58:15',NULL,0),(213,'playerVirtual10','playerVirtual10_6280643141',0,'2018-03-03 13:58:32',NULL,0),(214,'playerVirtual10','playerVirtual10_6280643141',0,'2018-03-03 13:58:32',NULL,0),(215,'playerVirtual7','playerVirtual7_49d5565155',3,'2018-03-03 13:58:43',NULL,0),(216,'playerVirtual10','playerVirtual10_cd246b846a',3,'2018-03-03 13:59:33',NULL,0),(217,'playerVirtual6','playerVirtual6_214880781',0,'2018-03-03 14:00:28',NULL,0),(218,'playerVirtual6','playerVirtual6_214880781',0,'2018-03-03 14:00:28',NULL,0),(219,'playerVirtual12','playerVirtual12_dbbe82b926',4,'2018-03-03 14:00:45',NULL,0),(220,'playerVirtual6','playerVirtual6_430d6b885a',3,'2018-03-03 14:01:28',NULL,0),(221,'playerVirtual3','playerVirtual3_182859403',0,'2018-03-03 14:01:38',NULL,0),(222,'playerVirtual3','playerVirtual3_182859403',0,'2018-03-03 14:01:38',NULL,0),(223,'playerVirtual4','playerVirtual4_1094955',0,'2018-03-03 14:02:11',NULL,0),(224,'playerVirtual4','playerVirtual4_1094955',0,'2018-03-03 14:02:11',NULL,0),(225,'playerVirtual8','playerVirtual8_6955737',0,'2018-03-03 14:02:14',NULL,0),(226,'playerVirtual8','playerVirtual8_6955737',0,'2018-03-03 14:02:14',NULL,0),(227,'playerVirtual2','playerVirtual2_6285257156',0,'2018-03-03 14:02:23',NULL,0),(228,'playerVirtual2','playerVirtual2_6285257156',0,'2018-03-03 14:02:23',NULL,0),(229,'playerVirtual10','playerVirtual10_1438244924',0,'2018-03-03 14:02:26',NULL,0),(230,'playerVirtual10','playerVirtual10_1438244924',0,'2018-03-03 14:02:27',NULL,0),(231,'playerVirtual1161','playerVirtual1161_1436323714',0,'2018-03-03 14:02:39',NULL,0),(232,'playerVirtual3','playerVirtual3_b51921b5f2',3,'2018-03-03 14:02:39',NULL,0),(233,'playerVirtual9','playerVirtual9_16914091',0,'2018-03-03 14:03:07',NULL,0),(234,'playerVirtual9','playerVirtual9_16914091',0,'2018-03-03 14:03:07',NULL,0),(235,'playerVirtual4','playerVirtual4_f5405d25e1',3,'2018-03-03 14:03:11',NULL,0),(236,'playerVirtual8','playerVirtual8_e3b5764ba6',4,'2018-03-03 14:03:14',NULL,0),(237,'playerVirtual2','playerVirtual2_dde2eefb6a',4,'2018-03-03 14:03:23',NULL,0),(238,'playerVirtual10','playerVirtual10_cf6175154c',4,'2018-03-03 14:03:27',NULL,0),(239,'playerVirtual1161','playerVirtual1161_a2161738ba',3,'2018-03-03 14:03:37',NULL,0),(240,'playerVirtual5','playerVirtual5_6641406',0,'2018-03-03 14:03:50',NULL,0),(241,'playerVirtual5','playerVirtual5_6641406',0,'2018-03-03 14:03:50',NULL,0),(242,'playerVirtual9','playerVirtual9_58982ee1b9',3,'2018-03-03 14:04:07',NULL,0),(243,'playerVirtual11','playerVirtual11_682797',0,'2018-03-03 14:04:08',NULL,0),(244,'playerVirtual11','playerVirtual11_682797',0,'2018-03-03 14:04:08',NULL,0),(245,'playerVirtual7','playerVirtual7_6955737',0,'2018-03-03 14:04:09',NULL,0),(246,'playerVirtual5','playerVirtual5_6f9c93af3c',3,'2018-03-03 14:04:50',NULL,0),(247,'playerVirtual11','playerVirtual11_ce88eb9c17',3,'2018-03-03 14:05:08',NULL,0),(248,'playerVirtual7','playerVirtual7_06ce2bc939',4,'2018-03-03 14:05:09',NULL,0),(249,'playerVirtual13','playerVirtual13_3aea6fffbb',4,'2018-03-03 14:05:50',NULL,0),(250,'playerVirtual1161','playerVirtual1161_1438244924',0,'2018-03-03 14:06:52',NULL,0),(251,'playerVirtual6','playerVirtual6_2381571381',0,'2018-03-03 14:07:51',NULL,0),(252,'playerVirtual1161','playerVirtual1161_f4973e164b',4,'2018-03-03 14:07:53',NULL,0),(253,'playerVirtual6','playerVirtual6_2381571381',0,'2018-03-03 14:07:55',NULL,0),(254,'playerVirtual4','playerVirtual4_2378747961',0,'2018-03-03 14:08:10',NULL,0),(255,'playerVirtual4','playerVirtual4_2378747961',0,'2018-03-03 14:08:10',NULL,0),(256,'playerVirtual3','playerVirtual3_3338579772',1,'2018-03-03 14:08:41',NULL,0),(257,'playerVirtual3','playerVirtual3_7b33646a58',4,'2018-03-03 14:08:42',NULL,0),(258,'playerVirtual3','playerVirtual3_3338579772',1,'2018-03-03 14:08:42',NULL,0),(259,'playerVirtual11','playerVirtual11_794070039',0,'2018-03-03 14:08:43',NULL,0),(260,'playerVirtual11','playerVirtual11_794070039',0,'2018-03-03 14:08:43',NULL,0),(261,'playerVirtual2','playerVirtual2_507133c14c',3,'2018-03-03 14:08:46',NULL,0),(262,'playerVirtual6','playerVirtual6_de5f24ab1f',4,'2018-03-03 14:08:50',NULL,0),(263,'playerVirtual4','playerVirtual4_8680ff677a',4,'2018-03-03 14:09:10',NULL,0),(264,'playerVirtual9','playerVirtual9_6289704471',0,'2018-03-03 14:09:25',NULL,0),(265,'playerVirtual9','playerVirtual9_6289704471',0,'2018-03-03 14:09:26',NULL,0),(266,'playerVirtual8','playerVirtual8_6955737',1,'2018-03-03 14:09:33',NULL,0),(267,'playerVirtual8','playerVirtual8_3057e973c5',3,'2018-03-03 14:09:34',NULL,0),(268,'playerVirtual8','playerVirtual8_6955737',1,'2018-03-03 14:09:34',NULL,0),(269,'playerVirtual11','playerVirtual11_59efc9d57b',4,'2018-03-03 14:09:42',NULL,0),(270,'playerVirtual5','playerVirtual5_1436344784',0,'2018-03-03 14:10:04',NULL,0),(271,'playerVirtual5','playerVirtual5_1436344784',0,'2018-03-03 14:10:04',NULL,0),(272,'playerVirtual12','playerVirtual12_3338579772',0,'2018-03-03 14:10:24',NULL,0),(273,'playerVirtual12','playerVirtual12_3338579772',0,'2018-03-03 14:10:24',NULL,0),(274,'playerVirtual9','playerVirtual9_369f47023a',4,'2018-03-03 14:10:25',NULL,0),(275,'playerVirtual14','playerVirtual14_560549e09b',4,'2018-03-03 14:10:47',NULL,0),(276,'playerVirtual5','playerVirtual5_dcea446c61',4,'2018-03-03 14:11:05',NULL,0),(277,'playerVirtual12','playerVirtual12_2ef82902d0',3,'2018-03-03 14:11:24',NULL,0),(278,'playerVirtual10','playerVirtual10_6289355687',0,'2018-03-03 14:11:55',NULL,0),(279,'playerVirtual10','playerVirtual10_6289355687',0,'2018-03-03 14:11:55',NULL,0),(280,'playerVirtual7','playerVirtual7_990694203',0,'2018-03-03 14:12:17',NULL,0),(281,'playerVirtual7','playerVirtual7_061db2c192',3,'2018-03-03 14:12:17',NULL,0),(282,'playerVirtual10','playerVirtual10_c43e88e415',3,'2018-03-03 14:12:55',NULL,0),(283,'playerVirtual2','playerVirtual2_1438244924',1,'2018-03-03 14:14:01',NULL,0),(284,'playerVirtual2','playerVirtual2_740840061f',4,'2018-03-03 14:14:01',NULL,0),(285,'playerVirtual2','playerVirtual2_1438244924',1,'2018-03-03 14:14:01',NULL,0),(286,'playerVirtual3','playerVirtual3_1095593',1,'2018-03-03 14:14:46',NULL,0),(287,'playerVirtual3','playerVirtual3_f7e997c6a7',3,'2018-03-03 14:14:46',NULL,0),(288,'playerVirtual3','playerVirtual3_1095593',1,'2018-03-03 14:14:46',NULL,0),(289,'playerVirtual15','playerVirtual15_83afc17964',4,'2018-03-03 14:15:46',NULL,0),(290,'playerVirtual10','playerVirtual10_1438244924',1,'2018-03-03 14:15:54',NULL,0),(291,'playerVirtual10','playerVirtual10_77daf7f7e0',4,'2018-03-03 14:15:55',NULL,0),(292,'playerVirtual10','playerVirtual10_1438244924',1,'2018-03-03 14:15:55',NULL,0),(293,'playerVirtual4','playerVirtual4_a007eaa571',3,'2018-03-03 14:16:30',NULL,0),(294,'playerVirtual6','playerVirtual6_182859403',0,'2018-03-03 14:17:38',NULL,0),(295,'playerVirtual6','playerVirtual6_182859403',0,'2018-03-03 14:17:38',NULL,0),(296,'playerVirtual7','playerVirtual7_9f9c6d91c1',4,'2018-03-03 14:17:43',NULL,0),(297,'playerVirtual6','playerVirtual6_bc3fe7c97c',3,'2018-03-03 14:18:38',NULL,0),(298,'playerVirtual13','playerVirtual13_6296268057',0,'2018-03-03 14:18:43',NULL,0),(299,'playerVirtual13','playerVirtual13_6296268057',0,'2018-03-03 14:18:43',NULL,0),(300,'playerVirtual8','playerVirtual8_6264344062',0,'2018-03-03 14:19:02',NULL,0),(301,'playerVirtual8','playerVirtual8_6264344062',0,'2018-03-03 14:19:02',NULL,0),(302,'playerVirtual2','playerVirtual2_ca40919100',3,'2018-03-03 14:19:34',NULL,0),(303,'playerVirtual13','playerVirtual13_51003b8601',3,'2018-03-03 14:19:43',NULL,0),(304,'playerVirtual12','playerVirtual12_1095593',0,'2018-03-03 14:19:57',NULL,0),(305,'playerVirtual12','playerVirtual12_1095593',0,'2018-03-03 14:19:58',NULL,0),(306,'playerVirtual8','playerVirtual8_51217fe4f0',4,'2018-03-03 14:20:02',NULL,0),(307,'playerVirtual1205','playerVirtual1205_e6b7beb327',4,'2018-03-03 14:20:51',NULL,0),(308,'playerVirtual16','playerVirtual16_30c891f3c1',4,'2018-03-03 14:20:51',NULL,0),(309,'playerVirtual12','playerVirtual12_4d9a22c08c',4,'2018-03-03 14:20:58',NULL,0),(310,'playerVirtual9','playerVirtual9_6301942525',0,'2018-03-03 14:21:27',NULL,0),(311,'playerVirtual9','playerVirtual9_6301942525',0,'2018-03-03 14:21:31',NULL,0),(312,'playerVirtual11','playerVirtual11_990694203',0,'2018-03-03 14:22:07',NULL,0),(313,'playerVirtual11','playerVirtual11_990694203',0,'2018-03-03 14:22:08',NULL,0),(314,'playerVirtual9','playerVirtual9_b8b2c2ddc0',3,'2018-03-03 14:22:27',NULL,0),(315,'playerVirtual3','playerVirtual3_6274355716',1,'2018-03-03 14:22:35',NULL,0),(316,'playerVirtual3','playerVirtual3_88d64a9be3',4,'2018-03-03 14:22:35',NULL,0),(317,'playerVirtual3','playerVirtual3_6274355716',1,'2018-03-03 14:22:38',NULL,0),(318,'playerVirtual11','playerVirtual11_f186a851b4',3,'2018-03-03 14:23:07',NULL,0),(319,'playerVirtual5','playerVirtual5_6289704471',0,'2018-03-03 14:23:55',NULL,0),(320,'playerVirtual5','playerVirtual5_6289704471',0,'2018-03-03 14:23:56',NULL,0),(321,'playerVirtual2','playerVirtual2_2378747961',1,'2018-03-03 14:24:49',NULL,0),(322,'playerVirtual2','playerVirtual2_43a271da37',4,'2018-03-03 14:24:50',NULL,0),(323,'playerVirtual2','playerVirtual2_2378747961',1,'2018-03-03 14:24:50',NULL,0),(324,'playerVirtual5','playerVirtual5_98446536fb',3,'2018-03-03 14:24:56',NULL,0),(325,'playerVirtual6','playerVirtual6_182859403',1,'2018-03-03 14:24:59',NULL,0),(326,'playerVirtual6','playerVirtual6_bb31d87aed',4,'2018-03-03 14:25:00',NULL,0),(327,'playerVirtual6','playerVirtual6_182859403',1,'2018-03-03 14:25:00',NULL,0),(328,'playerVirtual4','playerVirtual4_72fd47828c',4,'2018-03-03 14:25:26',NULL,0),(329,'playerVirtual13','playerVirtual13_908315',0,'2018-03-03 14:25:47',NULL,0),(330,'playerVirtual13','playerVirtual13_908315',0,'2018-03-03 14:25:47',NULL,0),(331,'playerVirtual17','playerVirtual17_269bd56082',4,'2018-03-03 14:25:51',NULL,0),(332,'playerVirtual11','playerVirtual11_990694203',1,'2018-03-03 14:26:41',NULL,0),(333,'playerVirtual11','playerVirtual11_6da8b81a9c',4,'2018-03-03 14:26:41',NULL,0),(334,'playerVirtual11','playerVirtual11_990694203',1,'2018-03-03 14:26:41',NULL,0),(335,'playerVirtual13','playerVirtual13_4363f15441',4,'2018-03-03 14:26:47',NULL,0),(336,'playerVirtual14','playerVirtual14_5297461910',0,'2018-03-03 14:26:52',NULL,0),(337,'playerVirtual14','playerVirtual14_871aca8dbf',3,'2018-03-03 14:27:53',NULL,0),(338,'playerVirtual9','playerVirtual9_6289704471',1,'2018-03-03 14:28:47',NULL,0),(339,'playerVirtual9','playerVirtual9_f71b9c7572',4,'2018-03-03 14:28:47',NULL,0),(340,'playerVirtual9','playerVirtual9_6289704471',1,'2018-03-03 14:28:48',NULL,0),(341,'playerVirtual8','playerVirtual8_539194189',0,'2018-03-03 14:29:34',NULL,0),(342,'playerVirtual8','playerVirtual8_539194189',0,'2018-03-03 14:29:34',NULL,0),(343,'playerVirtual7','playerVirtual7_7d027c48f6',3,'2018-03-03 14:29:55',NULL,0),(344,'playerVirtual3','playerVirtual3_182859403',1,'2018-03-03 14:29:57',NULL,0),(345,'playerVirtual3','playerVirtual3_e74f8b44d3',3,'2018-03-03 14:29:57',NULL,0),(346,'playerVirtual3','playerVirtual3_182859403',1,'2018-03-03 14:29:59',NULL,0),(347,'playerVirtual8','playerVirtual8_b97c0aa587',3,'2018-03-03 14:30:34',NULL,0),(348,'playerVirtual18','playerVirtual18_5b3ac9c32a',4,'2018-03-03 14:30:46',NULL,0),(349,'playerVirtual12','playerVirtual12_1095593',1,'2018-03-03 14:30:50',NULL,0),(350,'playerVirtual12','playerVirtual12_6123b33a2b',3,'2018-03-03 14:30:50',NULL,0),(351,'playerVirtual12','playerVirtual12_1095593',1,'2018-03-03 14:30:50',NULL,0),(352,'playerVirtual5','playerVirtual5_6289704471',1,'2018-03-03 14:31:14',NULL,0),(353,'playerVirtual5','playerVirtual5_c7c3aab1e9',4,'2018-03-03 14:31:14',NULL,0),(354,'playerVirtual5','playerVirtual5_6289704471',1,'2018-03-03 14:31:14',NULL,0),(355,'playerVirtual2','playerVirtual2_1436344784',1,'2018-03-03 14:31:21',NULL,0),(356,'playerVirtual2','playerVirtual2_26e15a9693',3,'2018-03-03 14:31:21',NULL,0),(357,'playerVirtual2','playerVirtual2_1436344784',1,'2018-03-03 14:31:21',NULL,0),(358,'playerVirtual10','playerVirtual10_182859403',0,'2018-03-03 14:31:47',NULL,0),(359,'playerVirtual10','playerVirtual10_182859403',0,'2018-03-03 14:31:47',NULL,0),(360,'playerVirtual10','playerVirtual10_5b81a1e333',3,'2018-03-03 14:32:47',NULL,0),(361,'playerVirtual14','playerVirtual14_4246147567',0,'2018-03-03 14:33:21',NULL,0),(362,'playerVirtual15','playerVirtual15_6274355716',0,'2018-03-03 14:33:32',NULL,0),(363,'playerVirtual14','playerVirtual14_1ce094e633',4,'2018-03-03 14:34:22',NULL,0),(364,'playerVirtual15','playerVirtual15_4789c325df',3,'2018-03-03 14:34:32',NULL,0),(365,'playerVirtual4','playerVirtual4_de5b757deb',3,'2018-03-03 14:34:35',NULL,0),(366,'playerVirtual19','playerVirtual19_43cb88dc50',4,'2018-03-03 14:35:47',NULL,0),(367,'playerVirtual10','playerVirtual10_4246147567',0,'2018-03-03 14:39:33',NULL,0),(368,'playerVirtual10','playerVirtual10_4246147567',0,'2018-03-03 14:39:33',NULL,0),(369,'playerVirtual6','playerVirtual6_4246147567',0,'2018-03-03 14:39:34',NULL,0),(370,'playerVirtual6','playerVirtual6_4246147567',0,'2018-03-03 14:39:34',NULL,0),(371,'playerVirtual15','playerVirtual15_4246147567',0,'2018-03-03 14:39:39',NULL,0),(372,'playerVirtual7','playerVirtual7_2378747961',0,'2018-03-03 14:39:39',NULL,0),(373,'playerVirtual10','playerVirtual10_839d042d48',4,'2018-03-03 14:40:33',NULL,0),(374,'playerVirtual6','playerVirtual6_66ec846efc',3,'2018-03-03 14:40:34',NULL,0),(375,'playerVirtual15','playerVirtual15_a3215d9c1c',4,'2018-03-03 14:40:39',NULL,0),(376,'playerVirtual7','playerVirtual7_fd9595f942',4,'2018-03-03 14:40:39',NULL,0),(377,'playerVirtual16','playerVirtual16_6289704471',0,'2018-03-03 14:40:42',NULL,0),(378,'playerVirtual16','playerVirtual16_9f39a0031a',3,'2018-03-03 14:41:42',NULL,0),(379,'playerVirtual13','playerVirtual13_6315250734',0,'2018-03-03 14:42:10',NULL,0),(380,'playerVirtual13','playerVirtual13_6315250734',0,'2018-03-03 14:42:10',NULL,0),(381,'playerVirtual1553','playerVirtual1553_fb51757ccc',4,'2018-03-03 14:42:24',NULL,0),(382,'playerVirtual8','playerVirtual8_5068098508',0,'2018-03-03 14:43:01',NULL,0),(383,'playerVirtual8','playerVirtual8_5068098508',0,'2018-03-03 14:43:02',NULL,0),(384,'playerVirtual13','playerVirtual13_9b018749d1',3,'2018-03-03 14:43:10',NULL,0),(385,'playerVirtual12','playerVirtual12_990694203',0,'2018-03-03 14:43:20',NULL,0),(386,'playerVirtual12','playerVirtual12_990694203',0,'2018-03-03 14:43:21',NULL,0),(387,'playerVirtual2','playerVirtual2_539194189',1,'2018-03-03 14:43:34',NULL,0),(388,'playerVirtual2','playerVirtual2_70c1676a79',4,'2018-03-03 14:43:34',NULL,0),(389,'playerVirtual2','playerVirtual2_539194189',1,'2018-03-03 14:43:38',NULL,0),(390,'playerVirtual8','playerVirtual8_c57c159f9a',4,'2018-03-03 14:44:02',NULL,0),(391,'playerVirtual9','playerVirtual9_4246147567',0,'2018-03-03 14:44:14',NULL,0),(392,'playerVirtual9','playerVirtual9_4246147567',0,'2018-03-03 14:44:14',NULL,0),(393,'playerVirtual12','playerVirtual12_e3b7f8b936',4,'2018-03-03 14:44:20',NULL,0),(394,'playerVirtual11','playerVirtual11_4246147567',0,'2018-03-03 14:44:27',NULL,0),(395,'playerVirtual11','playerVirtual11_4246147567',0,'2018-03-03 14:44:28',NULL,0),(396,'playerVirtual3','playerVirtual3_6316827871',0,'2018-03-03 14:44:29',NULL,0),(397,'playerVirtual3','playerVirtual3_6316827871',0,'2018-03-03 14:44:29',NULL,0),(398,'playerVirtual9','playerVirtual9_949e1368d1',3,'2018-03-03 14:45:14',NULL,0),(399,'playerVirtual16','playerVirtual16_6322213339',0,'2018-03-03 14:45:21',NULL,0),(400,'playerVirtual11','playerVirtual11_f33629820e',3,'2018-03-03 14:45:28',NULL,0),(401,'playerVirtual3','playerVirtual3_590aee4656',4,'2018-03-03 14:45:29',NULL,0),(402,'playerVirtual17','playerVirtual17_4246147567',0,'2018-03-03 14:45:59',NULL,0),(403,'playerVirtual16','playerVirtual16_a9e30fcf10',4,'2018-03-03 14:46:21',NULL,0),(404,'playerVirtual6','playerVirtual6_4246147567',1,'2018-03-03 14:46:55',NULL,0),(405,'playerVirtual6','playerVirtual6_5a385fdee0',4,'2018-03-03 14:46:55',NULL,0),(406,'playerVirtual6','playerVirtual6_4246147567',1,'2018-03-03 14:46:55',NULL,0),(407,'playerVirtual17','playerVirtual17_2b424152f9',3,'2018-03-03 14:46:59',NULL,0),(408,'playerVirtual5','playerVirtual5_4246147567',0,'2018-03-03 14:47:21',NULL,0),(409,'playerVirtual5','playerVirtual5_4246147567',0,'2018-03-03 14:47:21',NULL,0),(410,'playerVirtual17','playerVirtual17_c36a605a59',4,'2018-03-03 14:48:00',NULL,0),(411,'playerVirtual5','playerVirtual5_a31960957e',3,'2018-03-03 14:48:21',NULL,0),(412,'playerVirtual4','playerVirtual4_4246147567',0,'2018-03-03 14:48:33',NULL,0),(413,'playerVirtual4','playerVirtual4_4246147567',0,'2018-03-03 14:48:34',NULL,0),(414,'playerVirtual11','playerVirtual11_4246147567',1,'2018-03-03 14:49:01',NULL,0),(415,'playerVirtual11','playerVirtual11_3c71525275',4,'2018-03-03 14:49:01',NULL,0),(416,'playerVirtual11','playerVirtual11_4246147567',1,'2018-03-03 14:49:01',NULL,0),(417,'playerVirtual4','playerVirtual4_f576d58762',4,'2018-03-03 14:49:33',NULL,0),(418,'playerVirtual14','playerVirtual14_32d25812ae',3,'2018-03-03 14:50:26',NULL,0),(419,'playerVirtual13','playerVirtual13_359920779',0,'2018-03-03 14:51:26',NULL,0),(420,'playerVirtual13','playerVirtual13_359920779',0,'2018-03-03 14:51:27',NULL,0),(421,'playerVirtual9','playerVirtual9_4246147567',1,'2018-03-03 14:51:34',NULL,0),(422,'playerVirtual9','playerVirtual9_ae18071064',4,'2018-03-03 14:51:35',NULL,0),(423,'playerVirtual9','playerVirtual9_4246147567',1,'2018-03-03 14:51:35',NULL,0),(424,'playerVirtual18','playerVirtual18_4246147567',0,'2018-03-03 14:51:47',NULL,0),(425,'playerVirtual13','playerVirtual13_cee0e39bc3',4,'2018-03-03 14:52:26',NULL,0),(426,'playerVirtual18','playerVirtual18_addf501dd4',3,'2018-03-03 14:52:47',NULL,0),(427,'playerVirtual18','playerVirtual18_53c5bf1d12',4,'2018-03-03 14:53:48',NULL,0),(428,'playerVirtual3','playerVirtual3_359920779',1,'2018-03-03 14:53:55',NULL,0),(429,'playerVirtual3','playerVirtual3_39b8006c7a',3,'2018-03-03 14:53:55',NULL,0),(430,'playerVirtual3','playerVirtual3_359920779',1,'2018-03-03 14:53:55',NULL,0),(431,'playerVirtual12','playerVirtual12_990694203',1,'2018-03-03 14:54:14',NULL,0),(432,'playerVirtual12','playerVirtual12_71d086b828',3,'2018-03-03 14:54:14',NULL,0),(433,'playerVirtual12','playerVirtual12_990694203',1,'2018-03-03 14:54:14',NULL,0),(434,'playerVirtual7','playerVirtual7_1095593',0,'2018-03-03 14:54:19',NULL,0),(435,'playerVirtual5','playerVirtual5_4246147567',1,'2018-03-03 14:54:39',NULL,0),(436,'playerVirtual5','playerVirtual5_be722bcd48',4,'2018-03-03 14:54:39',NULL,0),(437,'playerVirtual5','playerVirtual5_4246147567',1,'2018-03-03 14:54:39',NULL,0),(438,'playerVirtual2','playerVirtual2_4246147567',0,'2018-03-03 14:55:12',NULL,0),(439,'playerVirtual2','playerVirtual2_4246147567',0,'2018-03-03 14:55:13',NULL,0),(440,'playerVirtual7','playerVirtual7_c75596094d',3,'2018-03-03 14:55:19',NULL,0),(441,'playerVirtual8','playerVirtual8_4246147567',0,'2018-03-03 14:55:35',NULL,0),(442,'playerVirtual8','playerVirtual8_4246147567',0,'2018-03-03 14:55:35',NULL,0),(443,'playerVirtual2','playerVirtual2_6e69c8e4bb',3,'2018-03-03 14:56:12',NULL,0),(444,'playerVirtual10','playerVirtual10_4246147567',1,'2018-03-03 14:56:25',NULL,0),(445,'playerVirtual10','playerVirtual10_a9a979eba8',3,'2018-03-03 14:56:25',NULL,0),(446,'playerVirtual10','playerVirtual10_4246147567',1,'2018-03-03 14:56:25',NULL,0),(447,'playerVirtual8','playerVirtual8_773393d09c',3,'2018-03-03 14:56:35',NULL,0),(448,'playerVirtual19','playerVirtual19_4246147567',0,'2018-03-03 14:58:07',NULL,0),(449,'playerVirtual15','playerVirtual15_612313e4c8',3,'2018-03-03 14:58:24',NULL,0),(450,'playerVirtual4','playerVirtual4_4246147567',1,'2018-03-03 14:58:42',NULL,0),(451,'playerVirtual4','playerVirtual4_57111d27b3',3,'2018-03-03 14:58:43',NULL,0),(452,'playerVirtual4','playerVirtual4_4246147567',1,'2018-03-03 14:58:43',NULL,0),(453,'playerVirtual19','playerVirtual19_8a1e3074b2',3,'2018-03-03 14:59:07',NULL,0),(454,'playerVirtual14','playerVirtual14_4246147567',0,'2018-03-03 14:59:27',NULL,0),(455,'playerVirtual14','playerVirtual14_0975f4468f',4,'2018-03-03 14:59:27',NULL,0),(456,'playerVirtual14','playerVirtual14_4246147567',0,'2018-03-03 14:59:27',NULL,0),(457,'playerVirtual19','playerVirtual19_4fe260d27f',4,'2018-03-03 15:00:08',NULL,0),(458,'playerVirtual6','playerVirtual6_4246147567',0,'2018-03-03 15:05:02',NULL,0),(459,'playerVirtual6','playerVirtual6_b2764bd045',3,'2018-03-03 15:05:02',NULL,0),(460,'playerVirtual6','playerVirtual6_4246147567',0,'2018-03-03 15:05:02',NULL,0),(461,'playerVirtual16','playerVirtual16_4246147567',0,'2018-03-03 15:06:56',NULL,0),(462,'playerVirtual16','playerVirtual16_4246147567',0,'2018-03-03 15:06:56',NULL,0),(463,'playerVirtual1848','playerVirtual1848_3fe5e6290d',4,'2018-03-03 15:07:02',NULL,0),(464,'playerVirtual10','playerVirtual10_4246147567',0,'2018-03-03 15:07:12',NULL,0),(465,'playerVirtual10','playerVirtual10_bf95e896e3',4,'2018-03-03 15:07:12',NULL,0),(466,'playerVirtual10','playerVirtual10_4246147567',0,'2018-03-03 15:07:12',NULL,0),(467,'playerVirtual15','playerVirtual15_4246147567',0,'2018-03-03 15:07:32',NULL,0),(468,'playerVirtual15','playerVirtual15_4915bb367a',4,'2018-03-03 15:07:32',NULL,0),(469,'playerVirtual15','playerVirtual15_4246147567',0,'2018-03-03 15:07:32',NULL,0),(470,'playerVirtual16','playerVirtual16_08d45934d2',3,'2018-03-03 15:07:56',NULL,0),(471,'playerVirtual7','playerVirtual7_4246147567',0,'2018-03-03 15:08:04',NULL,0),(472,'playerVirtual2','playerVirtual2_4246147567',1,'2018-03-03 15:08:19',NULL,0),(473,'playerVirtual2','playerVirtual2_1cf60e2244',4,'2018-03-03 15:08:19',NULL,0),(474,'playerVirtual2','playerVirtual2_4246147567',1,'2018-03-03 15:08:19',NULL,0),(475,'playerVirtual8','playerVirtual8_4246147567',1,'2018-03-03 15:09:03',NULL,0),(476,'playerVirtual8','playerVirtual8_f60b0cba8c',4,'2018-03-03 15:09:03',NULL,0),(477,'playerVirtual8','playerVirtual8_4246147567',1,'2018-03-03 15:09:03',NULL,0),(478,'playerVirtual7','playerVirtual7_181c22a18e',4,'2018-03-03 15:09:05',NULL,0),(479,'playerVirtual13','playerVirtual13_6335261139',0,'2018-03-03 15:09:55',NULL,0),(480,'playerVirtual13','playerVirtual13_6335261139',0,'2018-03-03 15:09:56',NULL,0),(481,'playerVirtual11','playerVirtual11_4246147567',0,'2018-03-03 15:10:20',NULL,0),(482,'playerVirtual11','playerVirtual11_46101eaf33',3,'2018-03-03 15:10:20',NULL,0),(483,'playerVirtual11','playerVirtual11_4246147567',0,'2018-03-03 15:10:20',NULL,0),(484,'playerVirtual12','playerVirtual12_4246147567',0,'2018-03-03 15:10:31',NULL,0),(485,'playerVirtual12','playerVirtual12_4246147567',0,'2018-03-03 15:10:32',NULL,0),(486,'playerVirtual9','playerVirtual9_4246147567',0,'2018-03-03 15:10:45',NULL,0),(487,'playerVirtual9','playerVirtual9_36b6d85e50',3,'2018-03-03 15:10:45',NULL,0),(488,'playerVirtual9','playerVirtual9_4246147567',0,'2018-03-03 15:10:45',NULL,0),(489,'playerVirtual13','playerVirtual13_1abdee1e94',3,'2018-03-03 15:10:56',NULL,0),(490,'playerVirtual6','playerVirtual6_4246147567',1,'2018-03-03 15:11:23',NULL,0),(491,'playerVirtual6','playerVirtual6_6ab737dd3f',4,'2018-03-03 15:11:23',NULL,0),(492,'playerVirtual6','playerVirtual6_4246147567',1,'2018-03-03 15:11:23',NULL,0),(493,'playerVirtual3','playerVirtual3_4246147567',0,'2018-03-03 15:11:27',NULL,0),(494,'playerVirtual3','playerVirtual3_4246147567',0,'2018-03-03 15:11:27',NULL,0),(495,'playerVirtual12','playerVirtual12_6d6b368911',4,'2018-03-03 15:11:31',NULL,0),(496,'playerVirtual16','playerVirtual16_4246147567',1,'2018-03-03 15:11:35',NULL,0),(497,'playerVirtual16','playerVirtual16_7a62eb61f0',4,'2018-03-03 15:11:35',NULL,0),(498,'playerVirtual16','playerVirtual16_4246147567',1,'2018-03-03 15:11:36',NULL,0),(499,'playerVirtual17','playerVirtual17_4246147567',0,'2018-03-03 15:11:40',NULL,0),(500,'playerVirtual17','playerVirtual17_917fbe59dd',3,'2018-03-03 15:11:40',NULL,0),(501,'playerVirtual3','playerVirtual3_afacc3eb7b',4,'2018-03-03 15:12:27',NULL,0),(502,'playerVirtual17','playerVirtual17_5ddce9da60',4,'2018-03-03 15:12:41',NULL,0),(503,'playerVirtual5','playerVirtual5_1436344784',1,'2018-03-03 15:13:06',NULL,0),(504,'playerVirtual5','playerVirtual5_8b1d2f7534',3,'2018-03-03 15:13:06',NULL,0),(505,'playerVirtual5','playerVirtual5_1436344784',1,'2018-03-03 15:13:06',NULL,0),(506,'playerVirtual11','playerVirtual11_4246147567',1,'2018-03-03 15:13:53',NULL,0),(507,'playerVirtual11','playerVirtual11_44658908a0',4,'2018-03-03 15:13:53',NULL,0),(508,'playerVirtual11','playerVirtual11_4246147567',1,'2018-03-03 15:13:54',NULL,0),(509,'playerVirtual14','playerVirtual14_3bae8bfb0c',3,'2018-03-03 15:15:31',NULL,0),(510,'playerVirtual4','playerVirtual4_4246147567',0,'2018-03-03 15:16:39',NULL,0),(511,'playerVirtual4','playerVirtual4_b7055acaaa',4,'2018-03-03 15:16:39',NULL,0),(512,'playerVirtual4','playerVirtual4_4246147567',0,'2018-03-03 15:16:39',NULL,0),(513,'playerVirtual9','playerVirtual9_4246147567',1,'2018-03-03 15:17:06',NULL,0),(514,'playerVirtual9','playerVirtual9_1b870fbde8',4,'2018-03-03 15:17:06',NULL,0),(515,'playerVirtual9','playerVirtual9_4246147567',1,'2018-03-03 15:17:06',NULL,0),(516,'playerVirtual18','playerVirtual18_4246147567',0,'2018-03-03 15:18:32',NULL,0),(517,'playerVirtual18','playerVirtual18_2b0455029e',3,'2018-03-03 15:18:32',NULL,0),(518,'playerVirtual18','playerVirtual18_4246147567',0,'2018-03-03 15:18:32',NULL,0),(519,'playerVirtual18','playerVirtual18_999ac988c5',4,'2018-03-03 15:19:33',NULL,0),(520,'playerVirtual3','playerVirtual3_4246147567',1,'2018-03-03 15:20:53',NULL,0),(521,'playerVirtual3','playerVirtual3_f8e3fef088',3,'2018-03-03 15:20:54',NULL,0),(522,'playerVirtual3','playerVirtual3_4246147567',1,'2018-03-03 15:20:54',NULL,0),(523,'playerVirtual13','playerVirtual13_990694203',0,'2018-03-03 15:21:13',NULL,0),(524,'playerVirtual13','playerVirtual13_990694203',0,'2018-03-03 15:21:14',NULL,0),(525,'playerVirtual8','playerVirtual8_795a3a63c6',3,'2018-03-03 15:21:16',NULL,0),(526,'playerVirtual12','playerVirtual12_4246147567',1,'2018-03-03 15:21:28',NULL,0),(527,'playerVirtual12','playerVirtual12_bcaed08776',3,'2018-03-03 15:21:28',NULL,0),(528,'playerVirtual12','playerVirtual12_4246147567',1,'2018-03-03 15:21:31',NULL,0),(529,'playerVirtual13','playerVirtual13_f46ac0c268',4,'2018-03-03 15:22:14',NULL,0),(530,'playerVirtual7','playerVirtual7_7b6b041aac',3,'2018-03-03 15:22:44',NULL,0),(531,'playerVirtual10','playerVirtual10_f7b63f2ddb',3,'2018-03-03 15:23:05',NULL,0),(532,'playerVirtual5','playerVirtual5_4246147567',0,'2018-03-03 15:23:05',NULL,0),(533,'playerVirtual5','playerVirtual5_37ae58273f',4,'2018-03-03 15:23:06',NULL,0),(534,'playerVirtual5','playerVirtual5_4246147567',0,'2018-03-03 15:23:06',NULL,0),(535,'playerVirtual2','playerVirtual2_4246147567',0,'2018-03-03 15:23:57',NULL,0),(536,'playerVirtual2','playerVirtual2_9018ae2c6c',3,'2018-03-03 15:23:57',NULL,0),(537,'playerVirtual2','playerVirtual2_4246147567',0,'2018-03-03 15:23:57',NULL,0),(538,'playerVirtual15','playerVirtual15_6d363d4349',3,'2018-03-03 15:25:17',NULL,0),(539,'playerVirtual4','playerVirtual4_4246147567',1,'2018-03-03 15:25:48',NULL,0),(540,'playerVirtual4','playerVirtual4_5bcfe2b684',3,'2018-03-03 15:25:48',NULL,0),(541,'playerVirtual4','playerVirtual4_4246147567',1,'2018-03-03 15:25:49',NULL,0),(542,'playerVirtual19','playerVirtual19_4246147567',0,'2018-03-03 15:26:26',NULL,0),(543,'playerVirtual19','playerVirtual19_853fe018a7',3,'2018-03-03 15:26:27',NULL,0),(544,'playerVirtual19','playerVirtual19_4246147567',0,'2018-03-03 15:26:27',NULL,0),(545,'playerVirtual19','playerVirtual19_aae4fdb22d',4,'2018-03-03 15:27:28',NULL,0),(546,'playerVirtual14','playerVirtual14_6566788',0,'2018-03-03 15:28:32',NULL,0),(547,'playerVirtual14','playerVirtual14_6566788',0,'2018-03-03 15:28:32',NULL,0),(548,'playerVirtual14','playerVirtual14_4fdc48dca9',4,'2018-03-03 15:29:32',NULL,0),(549,'playerVirtual6','playerVirtual6_4246147567',0,'2018-03-03 15:33:05',NULL,0),(550,'playerVirtual6','playerVirtual6_25a74b4c32',3,'2018-03-03 15:33:05',NULL,0),(551,'playerVirtual6','playerVirtual6_4246147567',0,'2018-03-03 15:33:09',NULL,0),(552,'playerVirtual1655','playerVirtual1655_9539eed3c5',4,'2018-03-03 15:35:41',NULL,0),(553,'playerVirtual2','playerVirtual2_4246147567',1,'2018-03-03 15:36:06',NULL,0),(554,'playerVirtual2','playerVirtual2_1ee9271d7e',4,'2018-03-03 15:36:06',NULL,0),(555,'playerVirtual2','playerVirtual2_4246147567',1,'2018-03-03 15:36:07',NULL,0),(556,'playerVirtual16','playerVirtual16_4246147567',0,'2018-03-03 15:36:09',NULL,0),(557,'playerVirtual16','playerVirtual16_ac8ff4c4d7',3,'2018-03-03 15:36:09',NULL,0),(558,'playerVirtual16','playerVirtual16_4246147567',0,'2018-03-03 15:36:09',NULL,0),(559,'playerVirtual10','playerVirtual10_4246147567',0,'2018-03-03 15:37:01',NULL,0),(560,'playerVirtual10','playerVirtual10_2ba0d15d7d',4,'2018-03-03 15:37:01',NULL,0),(561,'playerVirtual10','playerVirtual10_4246147567',0,'2018-03-03 15:37:01',NULL,0),(562,'playerVirtual15','playerVirtual15_16917741',0,'2018-03-03 15:37:22',NULL,0),(563,'playerVirtual15','playerVirtual15_16917741',0,'2018-03-03 15:37:23',NULL,0),(564,'playerVirtual8','playerVirtual8_4fa34deaee',4,'2018-03-03 15:37:23',NULL,0),(565,'playerVirtual7','playerVirtual7_4d13957e7c',4,'2018-03-03 15:38:10',NULL,0),(566,'playerVirtual15','playerVirtual15_5106b5d245',4,'2018-03-03 15:38:26',NULL,0),(567,'playerVirtual11','playerVirtual11_4246147567',0,'2018-03-03 15:39:13',NULL,0),(568,'playerVirtual11','playerVirtual11_6cdc4ab9f2',3,'2018-03-03 15:39:13',NULL,0),(569,'playerVirtual11','playerVirtual11_4246147567',0,'2018-03-03 15:39:13',NULL,0),(570,'playerVirtual6','playerVirtual6_4246147567',1,'2018-03-03 15:39:27',NULL,0),(571,'playerVirtual6','playerVirtual6_ea66401575',4,'2018-03-03 15:39:27',NULL,0),(572,'playerVirtual6','playerVirtual6_4246147567',1,'2018-03-03 15:39:29',NULL,0),(573,'playerVirtual13','playerVirtual13_990694203',1,'2018-03-03 15:39:41',NULL,0),(574,'playerVirtual13','playerVirtual13_3b46b95dfe',3,'2018-03-03 15:39:41',NULL,0),(575,'playerVirtual13','playerVirtual13_990694203',1,'2018-03-03 15:39:41',NULL,0);
/*!40000 ALTER TABLE `REQUEST` ENABLE KEYS */;
UNLOCK TABLES;

--
-- Table structure for table `STATUS`
--

DROP TABLE IF EXISTS `STATUS`;
/*!40101 SET @saved_cs_client     = @@character_set_client */;
/*!40101 SET character_set_client = utf8 */;
CREATE TABLE `STATUS` (
  `id` int(11) NOT NULL AUTO_INCREMENT,
  `players` int(11) DEFAULT '0',
  `all_requests` int(11) DEFAULT '0',
  `accepts` int(11) DEFAULT '0',
  `rejects` int(11) DEFAULT '0',
  `fairness` float DEFAULT '0',
  `timestamp` timestamp NULL DEFAULT NULL,
  PRIMARY KEY (`id`)
) ENGINE=InnoDB AUTO_INCREMENT=33 DEFAULT CHARSET=utf8;
/*!40101 SET character_set_client = @saved_cs_client */;

--
-- Dumping data for table `STATUS`
--

LOCK TABLES `STATUS` WRITE;
/*!40000 ALTER TABLE `STATUS` DISABLE KEYS */;
INSERT INTO `STATUS` VALUES (1,0,0,0,0,0,'2018-03-03 13:09:21'),(2,0,0,0,0,0,'2018-03-03 13:09:34'),(3,2,0,0,0,0,'2018-03-03 13:10:11'),(4,3,4,3,1,0.75,'2018-03-03 13:15:12'),(5,4,11,9,2,0.818182,'2018-03-03 13:20:12'),(6,6,17,12,5,0.705882,'2018-03-03 13:25:12'),(7,7,24,17,7,0.708333,'2018-03-03 13:30:12'),(8,9,29,21,8,0.724138,'2018-03-03 13:35:12'),(9,10,36,27,9,0.75,'2018-03-03 13:40:12'),(10,12,43,32,11,0.744186,'2018-03-03 13:45:12'),(11,13,49,36,13,0.734694,'2018-03-03 13:50:12'),(12,15,53,40,13,0.754717,'2018-03-03 13:55:12'),(13,16,58,40,18,0.689655,'2018-03-03 14:00:13'),(14,17,67,48,19,0.716418,'2018-03-03 14:05:13'),(15,18,72,52,20,0.722222,'2018-03-03 14:10:13'),(16,19,74,54,20,0.72973,'2018-03-03 14:15:13'),(17,21,78,58,20,0.74359,'2018-03-03 14:20:13'),(18,22,81,60,21,0.740741,'2018-03-03 14:25:13'),(19,23,83,61,22,0.73494,'2018-03-03 14:30:13'),(20,24,84,62,22,0.738095,'2018-03-03 14:35:13'),(21,24,86,64,22,0.744186,'2018-03-03 14:40:13'),(22,25,92,69,23,0.75,'2018-03-03 14:45:14'),(23,25,94,70,24,0.744681,'2018-03-03 14:50:14'),(24,25,96,72,24,0.75,'2018-03-03 14:55:14'),(25,25,98,74,24,0.755102,'2018-03-03 15:00:14'),(26,25,99,75,24,0.757576,'2018-03-03 15:05:14'),(27,26,103,78,25,0.757282,'2018-03-03 15:10:14'),(28,26,107,81,26,0.757009,'2018-03-03 15:15:14'),(29,26,109,83,26,0.761468,'2018-03-03 15:20:14'),(30,26,112,86,26,0.767857,'2018-03-03 15:25:15'),(31,26,114,88,26,0.77193,'2018-03-03 15:30:15'),(32,27,115,89,26,0.773913,'2018-03-03 15:35:15');
/*!40000 ALTER TABLE `STATUS` ENABLE KEYS */;
UNLOCK TABLES;

--
-- Table structure for table `THRESHOLD`
--

DROP TABLE IF EXISTS `THRESHOLD`;
/*!40101 SET @saved_cs_client     = @@character_set_client */;
/*!40101 SET character_set_client = utf8 */;
CREATE TABLE `THRESHOLD` (
  `division` int(11) NOT NULL,
  `botton` float DEFAULT '0',
  `top` float DEFAULT '0',
  PRIMARY KEY (`division`)
) ENGINE=InnoDB DEFAULT CHARSET=utf8;
/*!40101 SET character_set_client = @saved_cs_client */;

--
-- Dumping data for table `THRESHOLD`
--

LOCK TABLES `THRESHOLD` WRITE;
/*!40000 ALTER TABLE `THRESHOLD` DISABLE KEYS */;
INSERT INTO `THRESHOLD` VALUES (1,8.76,20),(2,4.38,8.76),(3,0,4.38);
/*!40000 ALTER TABLE `THRESHOLD` ENABLE KEYS */;
UNLOCK TABLES;

--
-- Table structure for table `VM`
--

DROP TABLE IF EXISTS `VM`;
/*!40101 SET @saved_cs_client     = @@character_set_client */;
/*!40101 SET character_set_client = utf8 */;
CREATE TABLE `VM` (
  `id` int(11) NOT NULL AUTO_INCREMENT,
  `origin_add` varchar(45) NOT NULL,
  `origin_id` varchar(45) NOT NULL,
  `origin_name` varchar(45) NOT NULL,
  `destiny_add` varchar(45) NOT NULL,
  `destiny_name` varchar(45) NOT NULL,
  `destiny_id` varchar(45) NOT NULL,
  `status` tinyint(1) NOT NULL,
  `has_resources` tinyint(1) NOT NULL,
  `vcpus` int(11) NOT NULL,
  `mem` bigint(20) NOT NULL,
  `disk` bigint(20) NOT NULL,
  `timestamp_received` timestamp NULL DEFAULT NULL,
  `timestamp_finished` timestamp NULL DEFAULT NULL,
  PRIMARY KEY (`id`)
) ENGINE=InnoDB AUTO_INCREMENT=120 DEFAULT CHARSET=utf8;
/*!40101 SET character_set_client = @saved_cs_client */;

--
-- Dumping data for table `VM`
--

LOCK TABLES `VM` WRITE;
/*!40000 ALTER TABLE `VM` DISABLE KEYS */;
INSERT INTO `VM` VALUES (1,'192.168.0.200','playerVirtual1_450512000','playerVirtual1','192.168.0.200','playerVirtual2','playerVirtual2_80016736ea',1,1,1,2048,20,'2018-03-03 13:11:48',NULL),(2,'192.168.0.200','playerVirtual2_1438244924','playerVirtual2','192.168.0.200','playerVirtual1','playerVirtual1_3434a08dcb',3,1,1,2048,20,'2018-03-03 13:11:51','2018-03-03 14:14:01'),(3,'192.168.0.200','playerVirtual1_640692267','playerVirtual1','192.168.0.200','playerVirtual2','playerVirtual2_2de16e71c1',1,1,1,512,1,'2018-03-03 13:13:54',NULL),(4,'192.168.0.200','playerVirtual2_2381571381','playerVirtual2','192.168.0.200','playerVirtual1','playerVirtual2_2381571381',0,0,1,2048,20,'2018-03-03 13:13:55','2018-03-03 13:13:55'),(5,'192.168.0.200','playerVirtual1_5297461910','playerVirtual1','192.168.0.200','playerVirtual3','playerVirtual3_2380ec5ddf',1,1,1,512,1,'2018-03-03 13:15:57',NULL),(6,'192.168.0.200','playerVirtual2_2790332778','playerVirtual2','192.168.0.200','playerVirtual3','playerVirtual3_3c016a5e3a',1,1,2,4096,40,'2018-03-03 13:16:02',NULL),(7,'192.168.0.200','playerVirtual3_369721705','playerVirtual3','192.168.0.200','playerVirtual2','playerVirtual2_fe7925839b',1,1,2,4096,40,'2018-03-03 13:17:02',NULL),(8,'192.168.0.200','playerVirtual1_317469422','playerVirtual1','192.168.0.200','playerVirtual2','playerVirtual2_7acaa619dd',1,1,2,4096,40,'2018-03-03 13:18:07',NULL),(9,'192.168.0.200','playerVirtual2_6955737','playerVirtual2','192.168.0.200','playerVirtual1','playerVirtual2_6955737',0,0,1,2048,20,'2018-03-03 13:18:08','2018-03-03 13:18:08'),(10,'192.168.0.200','playerVirtual3_257338104','playerVirtual3','192.168.0.200','playerVirtual2','playerVirtual2_9ee3fec9ce',1,1,2,4096,40,'2018-03-03 13:19:03',NULL),(11,'192.168.0.200','playerVirtual1_3584940347','playerVirtual1','192.168.0.200','playerVirtual2','playerVirtual2_b1fb12d5e1',1,1,1,512,1,'2018-03-03 13:20:11',NULL),(12,'192.168.0.200','playerVirtual2_2433236783','playerVirtual2','192.168.0.200','playerVirtual3','playerVirtual2_2433236783',0,0,1,2048,20,'2018-03-03 13:20:16','2018-03-03 13:20:16'),(13,'192.168.0.200','playerVirtual3_3338579772','playerVirtual3','192.168.0.200','playerVirtual4','playerVirtual4_b994452c40',3,1,1,2048,20,'2018-03-03 13:21:16','2018-03-03 14:08:43'),(14,'192.168.0.200','playerVirtual2_2359368952','playerVirtual2','192.168.0.200','playerVirtual0','playerVirtual2_2359368952',0,1,1,512,1,'2018-03-03 13:22:33','2018-03-03 13:22:33'),(15,'192.168.0.200','playerVirtual3_2545640208','playerVirtual3','192.168.0.200','playerVirtual4','playerVirtual4_79e6fe871b',1,1,1,2048,20,'2018-03-03 13:23:40',NULL),(16,'192.168.0.200','playerVirtual4_908315','playerVirtual4','192.168.0.200','playerVirtual0','playerVirtual4_908315',0,1,1,2048,20,'2018-03-03 13:24:25','2018-03-03 13:24:25'),(17,'192.168.0.200','playerVirtual2_539194189','playerVirtual2','192.168.0.200','playerVirtual4','playerVirtual4_b982f13c00',3,1,1,2048,20,'2018-03-03 13:25:02','2018-03-03 14:43:38'),(18,'192.168.0.200','playerVirtual0_4820204870','playerVirtual0','192.168.0.200','playerVirtual5','playerVirtual5_41bc8797fd',1,1,2,4096,40,'2018-03-03 13:25:58',NULL),(19,'192.168.0.200','playerVirtual3_8058564','playerVirtual3','192.168.0.200','playerVirtual0','playerVirtual3_8058564',0,1,1,2048,20,'2018-03-03 13:27:34','2018-03-03 13:27:34'),(20,'192.168.0.200','playerVirtual4_1429160667','playerVirtual4','192.168.0.200','playerVirtual5','playerVirtual5_7554841f25',1,1,1,2048,20,'2018-03-03 13:28:20',NULL),(21,'192.168.0.200','playerVirtual2_82730999','playerVirtual2','192.168.0.200','playerVirtual4','playerVirtual4_c0e3dd8de9',1,1,1,512,1,'2018-03-03 13:28:56',NULL),(22,'192.168.0.200','playerVirtual5_3338010893','playerVirtual5','192.168.0.200','playerVirtual0','playerVirtual5_3338010893',0,1,1,512,1,'2018-03-03 13:29:03','2018-03-03 13:29:03'),(23,'192.168.0.200','playerVirtual0_351652724','playerVirtual0','192.168.0.200','playerVirtual5','playerVirtual5_fb2bf9d5cd',1,1,1,2048,20,'2018-03-03 13:29:23',NULL),(24,'192.168.0.200','playerVirtual3_6571218','playerVirtual3','192.168.0.200','playerVirtual4','playerVirtual4_7a0135dbae',1,1,1,2048,20,'2018-03-03 13:30:05',NULL),(25,'192.168.0.200','playerVirtual4_778566023','playerVirtual4','192.168.0.200','playerVirtual5','playerVirtual5_2942b4e838',1,1,1,512,1,'2018-03-03 13:30:52',NULL),(26,'192.168.0.200','playerVirtual5_1339662','playerVirtual5','192.168.0.200','playerVirtual6','playerVirtual6_6b5de1f210',1,1,1,2048,20,'2018-03-03 13:31:16',NULL),(27,'192.168.0.200','playerVirtual2_1436344784','playerVirtual2','192.168.0.200','playerVirtual4','playerVirtual4_6c040c91aa',3,1,1,2048,20,'2018-03-03 13:31:33','2018-03-03 14:31:21'),(28,'192.168.0.200','playerVirtual3_359920779','playerVirtual3','192.168.0.200','playerVirtual5','playerVirtual5_8e03ffcee7',3,1,1,512,1,'2018-03-03 13:34:06','2018-03-03 14:53:55'),(29,'192.168.0.200','playerVirtual4_904011','playerVirtual4','192.168.0.200','playerVirtual1590','playerVirtual4_904011',0,1,1,2048,20,'2018-03-03 13:34:53','2018-03-03 13:34:53'),(30,'192.168.0.200','playerVirtual2_257338074','playerVirtual2','192.168.0.200','playerVirtual6','playerVirtual6_9fb0096485',1,1,2,4096,40,'2018-03-03 13:35:29',NULL),(31,'192.168.0.200','playerVirtual5_2904109077','playerVirtual5','192.168.0.200','playerVirtual2','playerVirtual2_874065add8',1,1,1,512,1,'2018-03-03 13:35:37',NULL),(32,'192.168.0.200','playerVirtual6_6569547','playerVirtual6','192.168.0.200','playerVirtual7','playerVirtual7_bf76ba41f7',1,1,1,2048,20,'2018-03-03 13:36:29',NULL),(33,'192.168.0.200','playerVirtual3_1093460','playerVirtual3','192.168.0.200','playerVirtual4','playerVirtual4_0813fb33f2',1,1,1,512,1,'2018-03-03 13:36:40',NULL),(34,'192.168.0.200','playerVirtual4_30788568','playerVirtual4','192.168.0.200','playerVirtual1590','playerVirtual4_30788568',0,1,1,512,1,'2018-03-03 13:37:32','2018-03-03 13:37:32'),(35,'192.168.0.200','playerVirtual5_38671842','playerVirtual5','192.168.0.200','playerVirtual6','playerVirtual6_55a7ec8258',1,1,1,512,1,'2018-03-03 13:38:05',NULL),(36,'192.168.0.200','playerVirtual2_5792765','playerVirtual2','192.168.0.200','playerVirtual4','playerVirtual4_ae49875d24',1,1,1,512,1,'2018-03-03 13:38:14',NULL),(37,'192.168.0.200','playerVirtual3_4820318661','playerVirtual3','192.168.0.200','playerVirtual8','playerVirtual8_c8d9fc9757',1,1,2,4096,40,'2018-03-03 13:41:02',NULL),(38,'192.168.0.200','playerVirtual6_400453824','playerVirtual6','192.168.0.200','playerVirtual4','playerVirtual4_576943bd16',1,1,1,512,1,'2018-03-03 13:41:14',NULL),(39,'192.168.0.200','playerVirtual4_4819935267','playerVirtual4','192.168.0.200','playerVirtual6','playerVirtual6_42966f4062',1,1,2,4096,40,'2018-03-03 13:41:50',NULL),(40,'192.168.0.200','playerVirtual5_4820217293','playerVirtual5','192.168.0.200','playerVirtual1985','playerVirtual5_4820217293',0,1,2,4096,40,'2018-03-03 13:42:37','2018-03-03 13:42:37'),(41,'192.168.0.200','playerVirtual2_2378747961','playerVirtual2','192.168.0.200','playerVirtual8','playerVirtual8_74bc4446fe',3,1,1,512,1,'2018-03-03 13:42:39','2018-03-03 14:24:50'),(42,'192.168.0.200','playerVirtual6_2148750930','playerVirtual6','192.168.0.200','playerVirtual1985','playerVirtual6_2148750930',0,1,1,2048,20,'2018-03-03 13:45:03','2018-03-03 13:45:03'),(43,'192.168.0.200','playerVirtual3_1095593','playerVirtual3','192.168.0.200','playerVirtual6','playerVirtual6_341a0b05c0',3,1,1,512,1,'2018-03-03 13:45:08','2018-03-03 14:14:46'),(44,'192.168.0.200','playerVirtual4_765651','playerVirtual4','192.168.0.200','playerVirtual9','playerVirtual9_55f8529511',1,1,1,2048,20,'2018-03-03 13:46:11',NULL),(45,'192.168.0.200','playerVirtual8_227443932','playerVirtual8','192.168.0.200','playerVirtual1985','playerVirtual8_227443932',0,1,1,2048,20,'2018-03-03 13:46:13','2018-03-03 13:46:13'),(46,'192.168.0.200','playerVirtual5_5623125514','playerVirtual5','192.168.0.200','playerVirtual8','playerVirtual8_f903ae0d1f',1,1,1,2048,20,'2018-03-03 13:46:50',NULL),(47,'192.168.0.200','playerVirtual3_6274355716','playerVirtual3','192.168.0.200','playerVirtual9','playerVirtual9_9fa9c86a5f',3,1,1,512,1,'2018-03-03 13:49:53','2018-03-03 14:22:38'),(48,'192.168.0.200','playerVirtual8_4820204870','playerVirtual8','192.168.0.200','playerVirtual1985','playerVirtual8_4820204870',0,1,2,4096,40,'2018-03-03 13:49:55','2018-03-03 13:49:55'),(49,'192.168.0.200','playerVirtual6_272887063','playerVirtual6','192.168.0.200','playerVirtual8','playerVirtual8_5d5a375739',3,1,1,2048,20,'2018-03-03 13:50:02','2018-03-03 13:56:02'),(50,'192.168.0.200','playerVirtual2_38676294','playerVirtual2','192.168.0.200','playerVirtual6','playerVirtual6_f310e0c557',1,1,1,512,1,'2018-03-03 13:50:31',NULL),(51,'192.168.0.200','playerVirtual9_284757920','playerVirtual9','192.168.0.200','playerVirtual10','playerVirtual10_1cf7507901',1,1,1,2048,20,'2018-03-03 13:51:37',NULL),(52,'192.168.0.200','playerVirtual4_182859403','playerVirtual4','192.168.0.200','playerVirtual8','playerVirtual8_31fd74e037',2,1,1,512,1,'2018-03-03 13:51:44','2018-03-03 13:56:26'),(53,'192.168.0.200','playerVirtual5_990694203','playerVirtual5','192.168.0.200','playerVirtual6','playerVirtual6_b8917dece4',3,1,1,2048,20,'2018-03-03 13:53:03','2018-03-03 13:57:17'),(54,'192.168.0.200','playerVirtual9_2359368952','playerVirtual9','192.168.0.200','playerVirtual1161','playerVirtual9_2359368952',0,1,1,512,1,'2018-03-03 13:55:54','2018-03-03 13:55:54'),(55,'192.168.0.200','playerVirtual3_4476462938','playerVirtual3','192.168.0.200','playerVirtual11','playerVirtual11_4d4a66ab17',1,1,1,2048,20,'2018-03-03 13:56:03',NULL),(56,'192.168.0.200','playerVirtual2_6282149131','playerVirtual2','192.168.0.200','playerVirtual10','playerVirtual10_b6ac7f6186',1,1,1,512,1,'2018-03-03 13:56:28',NULL),(57,'192.168.0.200','playerVirtual8_272887063','playerVirtual8','192.168.0.200','playerVirtual1161','playerVirtual8_272887063',0,1,1,2048,20,'2018-03-03 13:57:15','2018-03-03 13:57:15'),(58,'192.168.0.200','playerVirtual10_6280643141','playerVirtual10','192.168.0.200','playerVirtual11','playerVirtual11_0809a03a6a',1,1,1,512,1,'2018-03-03 13:58:32',NULL),(59,'192.168.0.200','playerVirtual6_214880781','playerVirtual6','192.168.0.200','playerVirtual8','playerVirtual8_ca37aca478',1,1,1,2048,20,'2018-03-03 14:00:28',NULL),(60,'192.168.0.200','playerVirtual3_182859403','playerVirtual3','192.168.0.200','playerVirtual12','playerVirtual12_1952bad8d1',3,1,1,512,1,'2018-03-03 14:01:38','2018-03-03 14:29:59'),(61,'192.168.0.200','playerVirtual4_1094955','playerVirtual4','192.168.0.200','playerVirtual6','playerVirtual6_00e2efe00d',1,1,1,512,1,'2018-03-03 14:02:11',NULL),(62,'192.168.0.200','playerVirtual8_6955737','playerVirtual8','192.168.0.200','playerVirtual10','playerVirtual10_196d53a1e0',3,1,1,2048,20,'2018-03-03 14:02:14','2018-03-03 14:09:34'),(63,'192.168.0.200','playerVirtual2_6285257156','playerVirtual2','192.168.0.200','playerVirtual1161','playerVirtual2_6285257156',0,1,1,512,1,'2018-03-03 14:02:23','2018-03-03 14:02:23'),(64,'192.168.0.200','playerVirtual10_1438244924','playerVirtual10','192.168.0.200','playerVirtual11','playerVirtual11_6a7c3cc71b',3,1,1,2048,20,'2018-03-03 14:02:27','2018-03-03 14:15:55'),(65,'192.168.0.200','playerVirtual9_16914091','playerVirtual9','192.168.0.200','playerVirtual12','playerVirtual12_617664602e',1,1,1,2048,20,'2018-03-03 14:03:07',NULL),(66,'192.168.0.200','playerVirtual5_6641406','playerVirtual5','192.168.0.200','playerVirtual8','playerVirtual8_210e1a956f',1,1,1,2048,20,'2018-03-03 14:03:51',NULL),(67,'192.168.0.200','playerVirtual11_682797','playerVirtual11','192.168.0.200','playerVirtual10','playerVirtual10_9757cc0caa',1,1,1,2048,20,'2018-03-03 14:04:08',NULL),(68,'192.168.0.200','playerVirtual6_2381571381','playerVirtual6','192.168.0.200','playerVirtual13','playerVirtual13_c2b555bde9',1,1,1,2048,20,'2018-03-03 14:07:55',NULL),(69,'192.168.0.200','playerVirtual4_2378747961','playerVirtual4','192.168.0.200','playerVirtual1161','playerVirtual4_2378747961',0,1,1,512,1,'2018-03-03 14:08:10','2018-03-03 14:08:10'),(70,'192.168.0.200','playerVirtual11_794070039','playerVirtual11','192.168.0.200','playerVirtual12','playerVirtual12_f0a7ff7c26',1,1,1,512,1,'2018-03-03 14:08:43',NULL),(71,'192.168.0.200','playerVirtual9_6289704471','playerVirtual9','192.168.0.200','playerVirtual10','playerVirtual10_cefba56663',3,1,1,512,1,'2018-03-03 14:09:26','2018-03-03 14:28:48'),(72,'192.168.0.200','playerVirtual5_1436344784','playerVirtual5','192.168.0.200','playerVirtual4','playerVirtual4_ecad01f7ef',3,1,1,2048,20,'2018-03-03 14:10:04','2018-03-03 15:13:06'),(73,'192.168.0.200','playerVirtual12_3338579772','playerVirtual12','192.168.0.200','playerVirtual13','playerVirtual13_99b68e04ee',1,1,1,2048,20,'2018-03-03 14:10:24',NULL),(74,'192.168.0.200','playerVirtual10_6289355687','playerVirtual10','192.168.0.200','playerVirtual14','playerVirtual14_2636073910',1,1,1,512,1,'2018-03-03 14:11:55',NULL),(75,'192.168.0.200','playerVirtual6_182859403','playerVirtual6','192.168.0.200','playerVirtual15','playerVirtual15_c51d628c47',3,1,1,512,1,'2018-03-03 14:17:38','2018-03-03 14:25:01'),(76,'192.168.0.200','playerVirtual13_6296268057','playerVirtual13','192.168.0.200','playerVirtual11','playerVirtual11_4b8de1a4ea',1,1,1,512,1,'2018-03-03 14:18:43',NULL),(77,'192.168.0.200','playerVirtual8_6264344062','playerVirtual8','192.168.0.200','playerVirtual10','playerVirtual10_f9e72f966b',1,1,1,2048,20,'2018-03-03 14:19:02',NULL),(78,'192.168.0.200','playerVirtual12_1095593','playerVirtual12','192.168.0.200','playerVirtual13','playerVirtual13_60d9b647ce',3,1,1,512,1,'2018-03-03 14:19:58','2018-03-03 14:30:50'),(79,'192.168.0.200','playerVirtual9_6301942525','playerVirtual9','192.168.0.200','playerVirtual1205','playerVirtual9_6301942525',0,1,1,512,1,'2018-03-03 14:21:31','2018-03-03 14:21:31'),(80,'192.168.0.200','playerVirtual11_990694203','playerVirtual11','192.168.0.200','playerVirtual16','playerVirtual16_9662aa1613',3,1,1,2048,20,'2018-03-03 14:22:08','2018-03-03 14:26:41'),(81,'192.168.0.200','playerVirtual5_6289704471','playerVirtual5','192.168.0.200','playerVirtual9','playerVirtual9_f5414492d0',3,1,1,2048,20,'2018-03-03 14:23:56','2018-03-03 14:31:14'),(82,'192.168.0.200','playerVirtual13_908315','playerVirtual13','192.168.0.200','playerVirtual8','playerVirtual8_c3467f1d4d',1,1,1,2048,20,'2018-03-03 14:25:47',NULL),(83,'192.168.0.200','playerVirtual8_539194189','playerVirtual8','192.168.0.200','playerVirtual17','playerVirtual17_45aca5ee92',1,1,1,2048,20,'2018-03-03 14:29:34',NULL),(84,'192.168.0.200','playerVirtual10_182859403','playerVirtual10','192.168.0.200','playerVirtual18','playerVirtual18_98ff77fca9',1,1,1,512,1,'2018-03-03 14:31:47',NULL),(85,'192.168.0.200','playerVirtual10_4246147567','playerVirtual10','192.168.0.200','playerVirtual19','playerVirtual19_112d918177',3,1,2,4096,40,'2018-03-03 14:39:33','2018-03-03 14:56:26'),(86,'192.168.0.200','playerVirtual6_4246147567','playerVirtual6','192.168.0.200','playerVirtual2','playerVirtual2_030c286e96',3,1,2,4096,40,'2018-03-03 14:39:34','2018-03-03 15:39:29'),(87,'192.168.0.200','playerVirtual13_6315250734','playerVirtual13','192.168.0.200','playerVirtual12','playerVirtual12_0b47af3800',1,1,1,512,1,'2018-03-03 14:42:10',NULL),(88,'192.168.0.200','playerVirtual8_5068098508','playerVirtual8','192.168.0.200','playerVirtual1553','playerVirtual8_5068098508',0,1,1,2048,20,'2018-03-03 14:43:02','2018-03-03 14:43:02'),(89,'192.168.0.200','playerVirtual12_990694203','playerVirtual12','192.168.0.200','playerVirtual14','playerVirtual14_92a344fd8e',3,1,1,2048,20,'2018-03-03 14:43:21','2018-03-03 14:54:14'),(90,'192.168.0.200','playerVirtual9_4246147567','playerVirtual9','192.168.0.200','playerVirtual15','playerVirtual15_560616f3c1',3,1,2,4096,40,'2018-03-03 14:44:14','2018-03-03 15:17:06'),(91,'192.168.0.200','playerVirtual11_4246147567','playerVirtual11','192.168.0.200','playerVirtual10','playerVirtual10_3d4f390d53',3,1,2,4096,40,'2018-03-03 14:44:28','2018-03-03 15:13:54'),(92,'192.168.0.200','playerVirtual3_6316827871','playerVirtual3','192.168.0.200','playerVirtual13','playerVirtual13_846c675f98',1,1,1,512,1,'2018-03-03 14:44:29',NULL),(93,'192.168.0.200','playerVirtual5_4246147567','playerVirtual5','192.168.0.200','playerVirtual4','playerVirtual4_22578ca132',3,1,2,4096,40,'2018-03-03 14:47:21','2018-03-03 14:54:39'),(94,'192.168.0.200','playerVirtual4_4246147567','playerVirtual4','192.168.0.200','playerVirtual16','playerVirtual16_ae1e178d2a',3,1,2,4096,40,'2018-03-03 14:48:34','2018-03-03 15:25:49'),(95,'192.168.0.200','playerVirtual13_359920779','playerVirtual13','192.168.0.200','playerVirtual9','playerVirtual9_207d0ef3f5',1,1,1,512,1,'2018-03-03 14:51:27',NULL),(96,'192.168.0.200','playerVirtual2_4246147567','playerVirtual2','192.168.0.200','playerVirtual5','playerVirtual5_e527a4e7a4',3,1,2,4096,40,'2018-03-03 14:55:13','2018-03-03 15:36:07'),(97,'192.168.0.200','playerVirtual8_4246147567','playerVirtual8','192.168.0.200','playerVirtual18','playerVirtual18_2aba165805',3,1,2,4096,40,'2018-03-03 14:55:36','2018-03-03 15:09:03'),(98,'192.168.0.200','playerVirtual14_4246147567','playerVirtual14','192.168.0.200','playerVirtual8','playerVirtual8_e44502ddec',1,1,2,4096,40,'2018-03-03 14:59:27',NULL),(99,'192.168.0.200','playerVirtual6_4246147567','playerVirtual6','192.168.0.200','playerVirtual19','playerVirtual19_f735db9f42',3,1,2,4096,40,'2018-03-03 15:05:02','2018-03-03 15:39:29'),(100,'192.168.0.200','playerVirtual16_4246147567','playerVirtual16','192.168.0.200','playerVirtual14','playerVirtual14_cb2322e240',3,1,2,4096,40,'2018-03-03 15:06:56','2018-03-03 15:11:36'),(101,'192.168.0.200','playerVirtual10_4246147567','playerVirtual10','192.168.0.200','playerVirtual1848','playerVirtual10_4246147567',0,1,2,4096,40,'2018-03-03 15:07:12','2018-03-03 15:07:12'),(102,'192.168.0.200','playerVirtual15_4246147567','playerVirtual15','192.168.0.200','playerVirtual13','playerVirtual13_db0b641caf',1,1,2,4096,40,'2018-03-03 15:07:32',NULL),(103,'192.168.0.200','playerVirtual13_6335261139','playerVirtual13','192.168.0.200','playerVirtual15','playerVirtual15_78030133ef',1,1,1,512,1,'2018-03-03 15:09:56',NULL),(104,'192.168.0.200','playerVirtual11_4246147567','playerVirtual11','192.168.0.200','playerVirtual16','playerVirtual16_01428dbad6',3,1,2,4096,40,'2018-03-03 15:10:20','2018-03-03 15:13:54'),(105,'192.168.0.200','playerVirtual12_4246147567','playerVirtual12','192.168.0.200','playerVirtual18','playerVirtual18_67a1151af6',3,1,2,4096,40,'2018-03-03 15:10:32','2018-03-03 15:21:32'),(106,'192.168.0.200','playerVirtual9_4246147567','playerVirtual9','192.168.0.200','playerVirtual8','playerVirtual8_eda1e0092e',3,1,2,4096,40,'2018-03-03 15:10:46','2018-03-03 15:17:06'),(107,'192.168.0.200','playerVirtual3_4246147567','playerVirtual3','192.168.0.200','playerVirtual19','playerVirtual19_77786c3799',3,1,2,4096,40,'2018-03-03 15:11:27','2018-03-03 15:20:54'),(108,'192.168.0.200','playerVirtual4_4246147567','playerVirtual4','192.168.0.200','playerVirtual10','playerVirtual10_861b3278d6',3,1,2,4096,40,'2018-03-03 15:16:39','2018-03-03 15:25:49'),(109,'192.168.0.200','playerVirtual18_4246147567','playerVirtual18','192.168.0.200','playerVirtual4','playerVirtual4_b4b58f642c',1,1,2,4096,40,'2018-03-03 15:18:32',NULL),(110,'192.168.0.200','playerVirtual13_990694203','playerVirtual13','192.168.0.200','playerVirtual5','playerVirtual5_ad32e53637',3,1,1,2048,20,'2018-03-03 15:21:14','2018-03-03 15:39:41'),(111,'192.168.0.200','playerVirtual5_4246147567','playerVirtual5','192.168.0.200','playerVirtual14','playerVirtual14_4a7c565e3b',1,1,2,4096,40,'2018-03-03 15:23:06',NULL),(112,'192.168.0.200','playerVirtual2_4246147567','playerVirtual2','192.168.0.200','playerVirtual6','playerVirtual6_df2d362b55',3,1,2,4096,40,'2018-03-03 15:23:57','2018-03-03 15:36:07'),(113,'192.168.0.200','playerVirtual19_4246147567','playerVirtual19','192.168.0.200','playerVirtual13','playerVirtual13_4790748805',1,1,2,4096,40,'2018-03-03 15:26:27',NULL),(114,'192.168.0.200','playerVirtual14_6566788','playerVirtual14','192.168.0.200','playerVirtual15','playerVirtual15_95dab1b229',1,1,1,2048,20,'2018-03-03 15:28:32',NULL),(115,'192.168.0.200','playerVirtual6_4246147567','playerVirtual6','192.168.0.200','playerVirtual2','playerVirtual2_fe21164e6a',3,1,2,4096,40,'2018-03-03 15:33:09','2018-03-03 15:39:29'),(116,'192.168.0.200','playerVirtual16_4246147567','playerVirtual16','192.168.0.200','playerVirtual1655','playerVirtual16_4246147567',0,1,2,4096,40,'2018-03-03 15:36:09','2018-03-03 15:36:09'),(117,'192.168.0.200','playerVirtual10_4246147567','playerVirtual10','192.168.0.200','playerVirtual16','playerVirtual16_11073e6291',1,1,2,4096,40,'2018-03-03 15:37:02',NULL),(118,'192.168.0.200','playerVirtual15_16917741','playerVirtual15','192.168.0.200','playerVirtual18','playerVirtual18_f4b3827ca1',1,1,1,512,1,'2018-03-03 15:37:23',NULL),(119,'192.168.0.200','playerVirtual11_4246147567','playerVirtual11','192.168.0.200','playerVirtual1655','playerVirtual11_4246147567',0,1,2,4096,40,'2018-03-03 15:39:13','2018-03-03 15:39:13');
/*!40000 ALTER TABLE `VM` ENABLE KEYS */;
UNLOCK TABLES;
/*!40103 SET TIME_ZONE=@OLD_TIME_ZONE */;

/*!40101 SET SQL_MODE=@OLD_SQL_MODE */;
/*!40014 SET FOREIGN_KEY_CHECKS=@OLD_FOREIGN_KEY_CHECKS */;
/*!40014 SET UNIQUE_CHECKS=@OLD_UNIQUE_CHECKS */;
/*!40101 SET CHARACTER_SET_CLIENT=@OLD_CHARACTER_SET_CLIENT */;
/*!40101 SET CHARACTER_SET_RESULTS=@OLD_CHARACTER_SET_RESULTS */;
/*!40101 SET COLLATION_CONNECTION=@OLD_COLLATION_CONNECTION */;
/*!40111 SET SQL_NOTES=@OLD_SQL_NOTES */;

-- Dump completed on 2018-03-03 12:39:42
