-- MySQL dump 10.14  Distrib 5.5.58-MariaDB, for debian-linux-gnu (x86_64)
--
-- Host: localhost    Database: mct
-- ------------------------------------------------------
-- Server version	5.5.58-MariaDB-1ubuntu0.14.04.1

/*!40101 SET @OLD_CHARACTER_SET_CLIENT=@@CHARACTER_SET_CLIENT */;
/*!40101 SET @OLD_CHARACTER_SET_RESULTS=@@CHARACTER_SET_RESULTS */;
/*!40101 SET @OLD_COLLATION_CONNECTION=@@COLLATION_CONNECTION */;
/*!40101 SET NAMES utf8 */;
/*!40103 SET @OLD_TIME_ZONE=@@TIME_ZONE */;
/*!40103 SET TIME_ZONE='+00:00' */;
/*!40014 SET @OLD_UNIQUE_CHECKS=@@UNIQUE_CHECKS, UNIQUE_CHECKS=0 */;
/*!40014 SET @OLD_FOREIGN_KEY_CHECKS=@@FOREIGN_KEY_CHECKS, FOREIGN_KEY_CHECKS=0 */;
/*!40101 SET @OLD_SQL_MODE=@@SQL_MODE, SQL_MODE='NO_AUTO_VALUE_ON_ZERO' */;
/*!40111 SET @OLD_SQL_NOTES=@@SQL_NOTES, SQL_NOTES=0 */;

--
-- Table structure for table `FIELDS`
--

DROP TABLE IF EXISTS `FIELDS`;
/*!40101 SET @saved_cs_client     = @@character_set_client */;
/*!40101 SET character_set_client = utf8 */;
CREATE TABLE `FIELDS` (
  `operation` int(11) NOT NULL,
  `fields` varchar(45) NOT NULL,
  PRIMARY KEY (`operation`)
) ENGINE=InnoDB DEFAULT CHARSET=utf8;
/*!40101 SET character_set_client = @saved_cs_client */;

--
-- Dumping data for table `FIELDS`
--

LOCK TABLES `FIELDS` WRITE;
/*!40000 ALTER TABLE `FIELDS` DISABLE KEYS */;
INSERT INTO `FIELDS` VALUES (0,'name mem image vcpus disk uuid');
/*!40000 ALTER TABLE `FIELDS` ENABLE KEYS */;
UNLOCK TABLES;

--
-- Table structure for table `PLAYER`
--

DROP TABLE IF EXISTS `PLAYER`;
/*!40101 SET @saved_cs_client     = @@character_set_client */;
/*!40101 SET character_set_client = utf8 */;
CREATE TABLE `PLAYER` (
  `id` int(11) NOT NULL AUTO_INCREMENT,
  `name` varchar(45) NOT NULL,
  `address` varchar(45) NOT NULL,
  `division` int(11) DEFAULT NULL,
  `score` float DEFAULT '0',
  `history` int(11) DEFAULT '0',
  `fairness` float DEFAULT '0',
  `accepts` int(11) DEFAULT '0',
  `rejects` int(11) DEFAULT '0',
  `running` int(11) DEFAULT '0',
  `finished` int(11) DEFAULT '0',
  `problem_del` int(11) DEFAULT '0',
  `vcpus` int(11) DEFAULT '0',
  `memory` bigint(20) DEFAULT '0',
  `local_gb` bigint(20) DEFAULT '0',
  `vcpus_used` bigint(20) DEFAULT '0',
  `memory_used` bigint(20) DEFAULT '0',
  `local_gb_used` bigint(20) DEFAULT '0',
  `max_instance` int(11) DEFAULT '0',
  `token` varchar(45) DEFAULT NULL,
  `suspend` timestamp NULL DEFAULT NULL,
  `enabled` int(11) DEFAULT '0',
  `last_choice` timestamp NOT NULL DEFAULT '2018-01-01 02:00:00',
  `playoff` tinyint(1) DEFAULT '0',
  PRIMARY KEY (`id`)
) ENGINE=InnoDB AUTO_INCREMENT=27 DEFAULT CHARSET=utf8;
/*!40101 SET character_set_client = @saved_cs_client */;

--
-- Dumping data for table `PLAYER`
--

LOCK TABLES `PLAYER` WRITE;
/*!40000 ALTER TABLE `PLAYER` DISABLE KEYS */;
INSERT INTO `PLAYER` VALUES (1,'playerVirtual1','192.168.0.200',4,-1,0,0.8,1,1,0,1,0,1023,1047552,10230,0,0,0,1,'f83e4d672a756a27c5cd77f6172b3f9c20764abc',NULL,0,'2018-02-22 13:23:17',1),(2,'playerVirtual2','192.168.0.200',2,8.64,30,0.733333,10,0,8,2,0,1023,1047552,10230,9,12288,104,9,'0e07003304cfcc47f8988eaa98853a712d0b498d',NULL,1,'2018-02-22 14:38:21',0),(3,'playerVirtual0','192.168.0.200',4,-12,0,1,0,6,0,0,0,1023,1047552,10230,0,0,0,2,'2fc04ada01705e16a973d1c896c895c5d9b3ea61',NULL,0,'2018-02-22 13:21:46',1),(4,'playerVirtual3','192.168.0.200',3,2.32,28,0.5625,2,1,2,0,0,1023,1047552,10230,3,4608,41,2,'1500aeabe0bd593de46216e853a28af9c230e726',NULL,1,'2018-02-22 13:37:09',0),(5,'playerVirtual4','192.168.0.200',1,15.27,28,0.75,14,0,8,6,0,1023,1047552,10230,10,15872,143,9,'5e55fb0b3d16901e4702cfcbe68cde48abd46dce',NULL,1,'2018-02-22 15:33:08',0),(6,'playerVirtual1557','192.168.0.200',4,-10,0,1,0,5,0,0,0,1023,1047552,10230,0,0,0,2,'e8654799e52e246bd22ac5a76b4b489ab98c9555',NULL,0,'2018-02-22 13:32:01',1),(7,'playerVirtual5','192.168.0.200',3,2.32,26,0.636364,6,1,5,1,0,1023,1047552,10230,6,12288,120,5,'a521edf1899033b13d659fea1345970d6caf57a9',NULL,1,'2018-02-22 15:09:49',0),(8,'playerVirtual6','192.168.0.200',1,9.3,26,0.7,8,0,7,1,0,1023,1047552,10230,9,13824,123,7,'94e0f5cfa3b0802aac6232668d1c91316ef0c410',NULL,1,'2018-02-22 14:14:24',0),(9,'playerVirtual1779','192.168.0.200',4,-14,0,1,0,7,0,0,0,1023,1047552,10230,0,0,0,2,'8489301b83c541a4f3bd27d03116030082d49575',NULL,0,'2018-02-22 13:51:31',1),(10,'playerVirtual7','192.168.0.200',3,1.99,24,0.777778,1,0,1,0,0,1023,1047552,10230,2,4096,40,1,'5bd73342aded6dac188750c21231e4087c859787',NULL,1,'2018-02-22 13:38:37',0),(11,'playerVirtual8','192.168.0.200',1,13.94,24,0.888889,12,0,7,5,0,1023,1047552,10230,9,15360,142,9,'16e821569b8fac44009303e16be5a3be33483b45',NULL,1,'2018-02-22 15:34:53',0),(12,'playerVirtual9','192.168.0.200',3,0,22,0.625,3,0,2,1,0,1023,1047552,10230,2,4096,40,2,'32008c1d6966239f1cce355d36f73fe18ae98069',NULL,1,'2018-02-22 14:00:28',0),(13,'playerVirtual10','192.168.0.200',1,11.95,22,0.666667,11,0,6,5,0,1023,1047552,10230,6,7680,63,8,'9a16277cdd879170ab0a41edb2dec8316431df12',NULL,1,'2018-02-22 15:19:54',0),(14,'playerVirtual1295','192.168.0.200',4,-8,0,1,0,4,0,0,0,1023,1047552,10230,0,0,0,2,'806a90b047ebda15037930a4a938e0f836f4d8bd',NULL,0,'2018-02-22 14:08:07',1),(15,'playerVirtual11','192.168.0.200',2,5.32,21,0.4,5,0,3,2,0,1023,1047552,10230,3,3072,22,3,'812684bfa044e704dbaae502ea7ae86b862e219a',NULL,1,'2018-02-22 14:29:38',0),(16,'playerVirtual12','192.168.0.200',3,-2.69,14,0.666667,7,3,2,5,0,1023,1047552,10230,2,4096,40,3,'3c3d433859dc35f3035c8655e21eaf3b63bc1dc0',NULL,1,'2018-02-22 15:36:29',1),(17,'playerVirtual13','192.168.0.200',4,-5.34,0,1,5,3,3,2,0,1023,1047552,10230,3,3072,22,5,'3caacd3f3712abd84b0cf0c835859965a2cf78a4',NULL,0,'2018-02-22 15:05:01',1),(18,'playerVirtual14','192.168.0.200',1,9.96,18,0.75,7,0,2,5,0,1023,1047552,10230,2,1024,2,5,'b368cecc84166c69f99c1f88e6558a8536ade372',NULL,1,'2018-02-22 15:32:02',0),(19,'playerVirtual15','192.168.0.200',2,5.32,17,0.5,5,0,5,0,0,1023,1047552,10230,5,4096,24,5,'021668b704fb183daefeba56ce67eb9f9449271d',NULL,1,'2018-02-22 15:01:56',0),(20,'playerVirtual16','192.168.0.200',2,8.63,16,0.5,5,0,2,3,0,1023,1047552,10230,2,1024,2,3,'841b2d96fffcb021aba191deabe8b73ae520ac25',NULL,1,'2018-02-22 15:19:36',0),(21,'playerVirtual17','192.168.0.200',3,0,14,0.333333,1,0,1,0,0,1023,1047552,10230,1,2048,20,1,'e29db448e9e5952bbdd59c13c1be36991a93bd92',NULL,1,'2018-02-22 14:28:37',0),(22,'playerVirtual18','192.168.0.200',2,7.3,14,0.5,5,0,2,3,0,1023,1047552,10230,3,4608,41,3,'8e3a0fb5718db24ae62221e3e7121bf4b9bb21bf',NULL,1,'2018-02-22 15:36:02',0),(23,'playerVirtual1392','192.168.0.200',4,-2,0,0,0,1,0,0,0,1023,1047552,10230,0,0,0,2,'ecca27b4dd425ffdf9fca51fc7fc36a1c937612b',NULL,0,'2018-02-22 14:36:35',1),(24,'playerVirtual19','192.168.0.200',2,5.31,13,0,4,0,1,3,0,1023,1047552,10230,1,512,1,7,'a0f6c92ae3728f3686b56b214c2ce1643e6187e6',NULL,1,'2018-02-22 15:22:29',0),(25,'playerVirtual1406','192.168.0.200',4,-2,0,0,0,1,0,0,0,1023,1047552,10230,0,0,0,2,'4f6d0f0ed08638f20c268acca5a472aeb1b95059',NULL,0,'2018-02-22 15:01:05',1),(26,'playerVirtual1105','192.168.0.200',3,-6,0,0,0,4,0,0,0,1023,1047552,10230,0,0,0,2,'34c71edc10be00cfb7900c834fdc7f0047081537',NULL,1,'2018-02-22 15:41:54',1);
/*!40000 ALTER TABLE `PLAYER` ENABLE KEYS */;
UNLOCK TABLES;

--
-- Table structure for table `REQUEST`
--

DROP TABLE IF EXISTS `REQUEST`;
/*!40101 SET @saved_cs_client     = @@character_set_client */;
/*!40101 SET character_set_client = utf8 */;
CREATE TABLE `REQUEST` (
  `id` int(11) NOT NULL AUTO_INCREMENT,
  `player_id` varchar(45) NOT NULL,
  `request_id` varchar(45) NOT NULL,
  `action` int(11) NOT NULL,
  `timestamp_received` timestamp NULL DEFAULT NULL,
  `timestamp_finished` timestamp NULL DEFAULT NULL,
  `status` int(11) NOT NULL,
  PRIMARY KEY (`id`)
) ENGINE=InnoDB AUTO_INCREMENT=617 DEFAULT CHARSET=utf8;
/*!40101 SET character_set_client = @saved_cs_client */;

--
-- Dumping data for table `REQUEST`
--

LOCK TABLES `REQUEST` WRITE;
/*!40000 ALTER TABLE `REQUEST` DISABLE KEYS */;
INSERT INTO `REQUEST` VALUES (1,'playerVirtual1','playerVirtual1_e67a347307',4,'2018-02-22 13:13:35',NULL,0),(2,'playerVirtual2','playerVirtual2_abe23c6ddd',4,'2018-02-22 13:13:35',NULL,0),(3,'playerVirtual0','playerVirtual0_98918cd012',4,'2018-02-22 13:13:36',NULL,0),(4,'playerVirtual1','playerVirtual1_450512000',0,'2018-02-22 13:14:36',NULL,0),(5,'playerVirtual1','playerVirtual1_450512000',0,'2018-02-22 13:14:37',NULL,0),(6,'playerVirtual2','playerVirtual2_1438244924',0,'2018-02-22 13:14:39',NULL,0),(7,'playerVirtual2','playerVirtual2_1438244924',0,'2018-02-22 13:14:39',NULL,0),(8,'playerVirtual0','playerVirtual0_640692267',0,'2018-02-22 13:14:42',NULL,0),(9,'playerVirtual0','playerVirtual0_640692267',0,'2018-02-22 13:14:42',NULL,0),(10,'playerVirtual1','playerVirtual1_ffd2aa4e0d',3,'2018-02-22 13:15:37',NULL,0),(11,'playerVirtual2','playerVirtual2_9278b8c900',3,'2018-02-22 13:15:39',NULL,0),(12,'playerVirtual0','playerVirtual0_a074288f8d',3,'2018-02-22 13:15:42',NULL,0),(13,'playerVirtual1','playerVirtual1_2381571381',0,'2018-02-22 13:16:43',NULL,0),(14,'playerVirtual1','playerVirtual1_2381571381',0,'2018-02-22 13:16:43',NULL,0),(15,'playerVirtual2','playerVirtual2_5297461910',0,'2018-02-22 13:16:44',NULL,0),(16,'playerVirtual2','playerVirtual2_5297461910',0,'2018-02-22 13:16:44',NULL,0),(17,'playerVirtual0','playerVirtual0_2790332778',0,'2018-02-22 13:16:47',NULL,0),(18,'playerVirtual0','playerVirtual0_2790332778',0,'2018-02-22 13:16:48',NULL,0),(19,'playerVirtual1','playerVirtual1_e77e96f494',4,'2018-02-22 13:17:43',NULL,0),(20,'playerVirtual2','playerVirtual2_b4dba1ae03',4,'2018-02-22 13:17:44',NULL,0),(21,'playerVirtual0','playerVirtual0_f1b0f1436c',4,'2018-02-22 13:17:48',NULL,0),(22,'playerVirtual3','playerVirtual3_014c285208',4,'2018-02-22 13:18:31',NULL,0),(23,'playerVirtual1','playerVirtual1_369721705',0,'2018-02-22 13:18:49',NULL,0),(24,'playerVirtual1','playerVirtual1_369721705',0,'2018-02-22 13:18:50',NULL,0),(25,'playerVirtual2','playerVirtual2_317469422',0,'2018-02-22 13:18:52',NULL,0),(26,'playerVirtual2','playerVirtual2_317469422',0,'2018-02-22 13:18:52',NULL,0),(27,'playerVirtual0','playerVirtual0_6955737',0,'2018-02-22 13:18:55',NULL,0),(28,'playerVirtual0','playerVirtual0_6955737',0,'2018-02-22 13:18:55',NULL,0),(29,'playerVirtual3','playerVirtual3_257338104',0,'2018-02-22 13:19:45',NULL,0),(30,'playerVirtual3','playerVirtual3_257338104',0,'2018-02-22 13:19:45',NULL,0),(31,'playerVirtual1','playerVirtual1_6515435479',3,'2018-02-22 13:19:49',NULL,0),(32,'playerVirtual2','playerVirtual2_00cc0ae4a5',3,'2018-02-22 13:19:52',NULL,0),(33,'playerVirtual0','playerVirtual0_11adcccc14',3,'2018-02-22 13:19:55',NULL,0),(34,'playerVirtual3','playerVirtual3_1e55cad08b',3,'2018-02-22 13:20:45',NULL,0),(35,'playerVirtual1','playerVirtual1_3584940347',0,'2018-02-22 13:20:57',NULL,0),(36,'playerVirtual1','playerVirtual1_3584940347',0,'2018-02-22 13:20:57',NULL,0),(37,'playerVirtual2','playerVirtual2_2433236783',0,'2018-02-22 13:20:58',NULL,0),(38,'playerVirtual2','playerVirtual2_2433236783',0,'2018-02-22 13:20:59',NULL,0),(39,'playerVirtual0','playerVirtual0_3338579772',0,'2018-02-22 13:21:02',NULL,0),(40,'playerVirtual0','playerVirtual0_3338579772',0,'2018-02-22 13:21:03',NULL,0),(41,'playerVirtual3','playerVirtual3_257407216',0,'2018-02-22 13:21:46',NULL,0),(42,'playerVirtual3','playerVirtual3_257407216',0,'2018-02-22 13:21:46',NULL,0),(43,'playerVirtual1','playerVirtual1_825ffa0f7a',4,'2018-02-22 13:21:57',NULL,0),(44,'playerVirtual2','playerVirtual2_382c4fbb76',4,'2018-02-22 13:21:58',NULL,0),(45,'playerVirtual0','playerVirtual0_57d6be001a',4,'2018-02-22 13:22:03',NULL,0),(46,'playerVirtual3','playerVirtual3_3a009e43da',4,'2018-02-22 13:22:46',NULL,0),(47,'playerVirtual1','playerVirtual1_182859403',0,'2018-02-22 13:23:11',NULL,0),(48,'playerVirtual1','playerVirtual1_182859403',0,'2018-02-22 13:23:12',NULL,0),(49,'playerVirtual2','playerVirtual2_2359368952',0,'2018-02-22 13:23:17',NULL,0),(50,'playerVirtual2','playerVirtual2_2359368952',0,'2018-02-22 13:23:17',NULL,0),(51,'playerVirtual4','playerVirtual4_a7a10d84d0',4,'2018-02-22 13:23:36',NULL,0),(52,'playerVirtual1','playerVirtual1_c24523c400',3,'2018-02-22 13:24:11',NULL,0),(53,'playerVirtual2','playerVirtual2_be1eaa7b69',3,'2018-02-22 13:24:17',NULL,0),(54,'playerVirtual3','playerVirtual3_2545640208',0,'2018-02-22 13:24:21',NULL,0),(55,'playerVirtual3','playerVirtual3_2545640208',0,'2018-02-22 13:24:22',NULL,0),(56,'playerVirtual4','playerVirtual4_908315',0,'2018-02-22 13:25:14',NULL,0),(57,'playerVirtual4','playerVirtual4_908315',0,'2018-02-22 13:25:14',NULL,0),(58,'playerVirtual3','playerVirtual3_001cbc7127',3,'2018-02-22 13:25:22',NULL,0),(59,'playerVirtual1557','playerVirtual1557_896e6a54b8',4,'2018-02-22 13:25:24',NULL,0),(60,'playerVirtual1','playerVirtual1_539194189',0,'2018-02-22 13:25:43',NULL,0),(61,'playerVirtual1','playerVirtual1_539194189',0,'2018-02-22 13:25:43',NULL,0),(62,'playerVirtual4','playerVirtual4_3531a781cd',3,'2018-02-22 13:26:14',NULL,0),(63,'playerVirtual2','playerVirtual2_4820204870',0,'2018-02-22 13:26:25',NULL,0),(64,'playerVirtual2','playerVirtual2_4820204870',0,'2018-02-22 13:26:25',NULL,0),(65,'playerVirtual1','playerVirtual1_ba550ccd64',4,'2018-02-22 13:26:43',NULL,0),(66,'playerVirtual2','playerVirtual2_23cc18c066',4,'2018-02-22 13:27:25',NULL,0),(67,'playerVirtual3','playerVirtual3_8058564',0,'2018-02-22 13:28:03',NULL,0),(68,'playerVirtual3','playerVirtual3_8058564',0,'2018-02-22 13:28:03',NULL,0),(69,'playerVirtual5','playerVirtual5_5f31271c52',4,'2018-02-22 13:28:36',NULL,0),(70,'playerVirtual1557','playerVirtual1557_1429160667',0,'2018-02-22 13:28:41',NULL,0),(71,'playerVirtual1557','playerVirtual1557_1429160667',0,'2018-02-22 13:28:41',NULL,0),(72,'playerVirtual4','playerVirtual4_3338010893',0,'2018-02-22 13:28:55',NULL,0),(73,'playerVirtual4','playerVirtual4_3338010893',0,'2018-02-22 13:28:55',NULL,0),(74,'playerVirtual3','playerVirtual3_b800bc2e8a',4,'2018-02-22 13:29:04',NULL,0),(75,'playerVirtual1','playerVirtual1_82730999',0,'2018-02-22 13:29:34',NULL,0),(76,'playerVirtual1','playerVirtual1_82730999',0,'2018-02-22 13:29:35',NULL,0),(77,'playerVirtual1557','playerVirtual1557_4e895fd79a',3,'2018-02-22 13:29:41',NULL,0),(78,'playerVirtual2','playerVirtual2_351652724',0,'2018-02-22 13:29:42',NULL,0),(79,'playerVirtual2','playerVirtual2_351652724',0,'2018-02-22 13:29:42',NULL,0),(80,'playerVirtual4','playerVirtual4_77982ccd2d',4,'2018-02-22 13:29:55',NULL,0),(81,'playerVirtual1','playerVirtual1_d958c39f86',3,'2018-02-22 13:30:34',NULL,0),(82,'playerVirtual2','playerVirtual2_83e31e795e',3,'2018-02-22 13:30:42',NULL,0),(83,'playerVirtual3','playerVirtual3_778566023',0,'2018-02-22 13:30:49',NULL,0),(84,'playerVirtual3','playerVirtual3_778566023',0,'2018-02-22 13:30:49',NULL,0),(85,'playerVirtual1557','playerVirtual1557_1436344784',0,'2018-02-22 13:30:55',NULL,0),(86,'playerVirtual1557','playerVirtual1557_1436344784',0,'2018-02-22 13:30:55',NULL,0),(87,'playerVirtual4','playerVirtual4_1339662',0,'2018-02-22 13:31:46',NULL,0),(88,'playerVirtual4','playerVirtual4_1339662',0,'2018-02-22 13:31:46',NULL,0),(89,'playerVirtual3','playerVirtual3_211bf00329',3,'2018-02-22 13:31:49',NULL,0),(90,'playerVirtual1557','playerVirtual1557_d107ad03c7',4,'2018-02-22 13:31:55',NULL,0),(91,'playerVirtual5','playerVirtual5_6571218',0,'2018-02-22 13:32:00',NULL,0),(92,'playerVirtual5','playerVirtual5_6571218',0,'2018-02-22 13:32:01',NULL,0),(93,'playerVirtual1','playerVirtual1_317497342',0,'2018-02-22 13:32:16',NULL,0),(94,'playerVirtual1','playerVirtual1_317497342',0,'2018-02-22 13:32:16',NULL,0),(95,'playerVirtual4','playerVirtual4_85ca8efca1',3,'2018-02-22 13:32:46',NULL,0),(96,'playerVirtual2','playerVirtual2_284794223',0,'2018-02-22 13:32:58',NULL,0),(97,'playerVirtual2','playerVirtual2_284794223',0,'2018-02-22 13:32:58',NULL,0),(98,'playerVirtual5','playerVirtual5_c46948661d',3,'2018-02-22 13:33:01',NULL,0),(99,'playerVirtual1','playerVirtual1_3e03bbf26d',4,'2018-02-22 13:33:16',NULL,0),(100,'playerVirtual6','playerVirtual6_d273a9ceee',4,'2018-02-22 13:33:34',NULL,0),(101,'playerVirtual2','playerVirtual2_4b50ceaf16',4,'2018-02-22 13:33:58',NULL,0),(102,'playerVirtual5','playerVirtual5_257338074',0,'2018-02-22 13:34:10',NULL,0),(103,'playerVirtual5','playerVirtual5_257338074',0,'2018-02-22 13:34:10',NULL,0),(104,'playerVirtual3','playerVirtual3_359920779',0,'2018-02-22 13:34:36',NULL,0),(105,'playerVirtual3','playerVirtual3_359920779',0,'2018-02-22 13:34:37',NULL,0),(106,'playerVirtual5','playerVirtual5_d1f4abda25',4,'2018-02-22 13:35:10',NULL,0),(107,'playerVirtual4','playerVirtual4_2904109077',0,'2018-02-22 13:35:29',NULL,0),(108,'playerVirtual4','playerVirtual4_2904109077',0,'2018-02-22 13:35:31',NULL,0),(109,'playerVirtual3','playerVirtual3_b79abe3bd3',4,'2018-02-22 13:35:37',NULL,0),(110,'playerVirtual1','playerVirtual1_905614',0,'2018-02-22 13:36:08',NULL,0),(111,'playerVirtual1','playerVirtual1_905614',0,'2018-02-22 13:36:09',NULL,0),(112,'playerVirtual2','playerVirtual2_6569547',0,'2018-02-22 13:36:18',NULL,0),(113,'playerVirtual2','playerVirtual2_6569547',0,'2018-02-22 13:36:18',NULL,0),(114,'playerVirtual4','playerVirtual4_950e20ef09',4,'2018-02-22 13:36:29',NULL,0),(115,'playerVirtual1','playerVirtual1_4cdeda913b',3,'2018-02-22 13:37:08',NULL,0),(116,'playerVirtual6','playerVirtual6_1093460',0,'2018-02-22 13:37:09',NULL,0),(117,'playerVirtual6','playerVirtual6_1093460',0,'2018-02-22 13:37:09',NULL,0),(118,'playerVirtual1779','playerVirtual1779_a2fb501b99',4,'2018-02-22 13:37:17',NULL,0),(119,'playerVirtual2','playerVirtual2_3c058287bf',3,'2018-02-22 13:37:18',NULL,0),(120,'playerVirtual3','playerVirtual3_30788568',0,'2018-02-22 13:37:29',NULL,0),(121,'playerVirtual3','playerVirtual3_30788568',0,'2018-02-22 13:37:29',NULL,0),(122,'playerVirtual6','playerVirtual6_78104d928f',3,'2018-02-22 13:38:09',NULL,0),(123,'playerVirtual4','playerVirtual4_5792765',0,'2018-02-22 13:38:27',NULL,0),(124,'playerVirtual4','playerVirtual4_5792765',0,'2018-02-22 13:38:27',NULL,0),(125,'playerVirtual3','playerVirtual3_2bbbdd5bfc',3,'2018-02-22 13:38:29',NULL,0),(126,'playerVirtual7','playerVirtual7_f6f1042e3b',4,'2018-02-22 13:38:36',NULL,0),(127,'playerVirtual5','playerVirtual5_470485660',0,'2018-02-22 13:38:37',NULL,0),(128,'playerVirtual5','playerVirtual5_470485660',0,'2018-02-22 13:38:38',NULL,0),(129,'playerVirtual1','playerVirtual1_38671842',0,'2018-02-22 13:39:04',NULL,0),(130,'playerVirtual1','playerVirtual1_38671842',0,'2018-02-22 13:39:04',NULL,0),(131,'playerVirtual4','playerVirtual4_93cfefc048',3,'2018-02-22 13:39:27',NULL,0),(132,'playerVirtual6','playerVirtual6_4819935267',0,'2018-02-22 13:39:31',NULL,0),(133,'playerVirtual6','playerVirtual6_4819935267',0,'2018-02-22 13:39:32',NULL,0),(134,'playerVirtual5','playerVirtual5_31bd18a0cc',3,'2018-02-22 13:39:39',NULL,0),(135,'playerVirtual2','playerVirtual2_4820318661',0,'2018-02-22 13:39:54',NULL,0),(136,'playerVirtual2','playerVirtual2_4820318661',0,'2018-02-22 13:39:54',NULL,0),(137,'playerVirtual1','playerVirtual1_22ea4b8cad',4,'2018-02-22 13:40:04',NULL,0),(138,'playerVirtual6','playerVirtual6_03499c1221',4,'2018-02-22 13:40:32',NULL,0),(139,'playerVirtual2','playerVirtual2_f8fb5c8bed',4,'2018-02-22 13:40:54',NULL,0),(140,'playerVirtual1779','playerVirtual1779_400453824',0,'2018-02-22 13:41:04',NULL,0),(141,'playerVirtual1779','playerVirtual1779_400453824',0,'2018-02-22 13:41:05',NULL,0),(142,'playerVirtual5','playerVirtual5_5068098508',0,'2018-02-22 13:41:24',NULL,0),(143,'playerVirtual5','playerVirtual5_5068098508',0,'2018-02-22 13:41:24',NULL,0),(144,'playerVirtual3','playerVirtual3_4820217293',0,'2018-02-22 13:41:36',NULL,0),(145,'playerVirtual3','playerVirtual3_4820217293',0,'2018-02-22 13:41:37',NULL,0),(146,'playerVirtual1779','playerVirtual1779_ffb890c051',3,'2018-02-22 13:42:05',NULL,0),(147,'playerVirtual5','playerVirtual5_c37f560653',4,'2018-02-22 13:42:24',NULL,0),(148,'playerVirtual7','playerVirtual7_6264344062',0,'2018-02-22 13:42:34',NULL,0),(149,'playerVirtual7','playerVirtual7_6264344062',0,'2018-02-22 13:42:35',NULL,0),(150,'playerVirtual3','playerVirtual3_60c750b9b7',4,'2018-02-22 13:42:36',NULL,0),(151,'playerVirtual4','playerVirtual4_2378747961',0,'2018-02-22 13:42:39',NULL,0),(152,'playerVirtual4','playerVirtual4_2378747961',0,'2018-02-22 13:42:39',NULL,0),(153,'playerVirtual8','playerVirtual8_c016eb46e0',4,'2018-02-22 13:43:32',NULL,0),(154,'playerVirtual7','playerVirtual7_0ed749df5a',3,'2018-02-22 13:43:35',NULL,0),(155,'playerVirtual4','playerVirtual4_40b2848a08',4,'2018-02-22 13:43:39',NULL,0),(156,'playerVirtual2','playerVirtual2_4a12a4f202',3,'2018-02-22 13:44:30',NULL,0),(157,'playerVirtual1779','playerVirtual1779_2148750930',0,'2018-02-22 13:44:49',NULL,0),(158,'playerVirtual1779','playerVirtual1779_2148750930',0,'2018-02-22 13:44:49',NULL,0),(159,'playerVirtual6','playerVirtual6_1095593',0,'2018-02-22 13:45:37',NULL,0),(160,'playerVirtual6','playerVirtual6_1095593',0,'2018-02-22 13:45:37',NULL,0),(161,'playerVirtual1779','playerVirtual1779_5a2c916af3',4,'2018-02-22 13:45:49',NULL,0),(162,'playerVirtual3','playerVirtual3_765651',0,'2018-02-22 13:46:08',NULL,0),(163,'playerVirtual3','playerVirtual3_765651',0,'2018-02-22 13:46:08',NULL,0),(164,'playerVirtual7','playerVirtual7_5623125514',0,'2018-02-22 13:46:20',NULL,0),(165,'playerVirtual7','playerVirtual7_5623125514',0,'2018-02-22 13:46:20',NULL,0),(166,'playerVirtual6','playerVirtual6_c7ae8d1f74',3,'2018-02-22 13:46:37',NULL,0),(167,'playerVirtual3','playerVirtual3_8c4a632048',3,'2018-02-22 13:47:08',NULL,0),(168,'playerVirtual4','playerVirtual4_284757920',0,'2018-02-22 13:47:13',NULL,0),(169,'playerVirtual4','playerVirtual4_284757920',0,'2018-02-22 13:47:13',NULL,0),(170,'playerVirtual5','playerVirtual5_563574327',0,'2018-02-22 13:47:13',NULL,0),(171,'playerVirtual5','playerVirtual5_563574327',0,'2018-02-22 13:47:14',NULL,0),(172,'playerVirtual7','playerVirtual7_d422e65b04',4,'2018-02-22 13:47:20',NULL,0),(173,'playerVirtual2','playerVirtual2_272887063',0,'2018-02-22 13:47:42',NULL,0),(174,'playerVirtual2','playerVirtual2_272887063',0,'2018-02-22 13:47:42',NULL,0),(175,'playerVirtual4','playerVirtual4_c6d9b9df9c',3,'2018-02-22 13:48:13',NULL,0),(176,'playerVirtual5','playerVirtual5_bf3e212471',3,'2018-02-22 13:48:14',NULL,0),(177,'playerVirtual6','playerVirtual6_38676294',0,'2018-02-22 13:48:24',NULL,0),(178,'playerVirtual6','playerVirtual6_38676294',0,'2018-02-22 13:48:24',NULL,0),(179,'playerVirtual9','playerVirtual9_5cdb5499bc',4,'2018-02-22 13:48:31',NULL,0),(180,'playerVirtual2','playerVirtual2_0d99a5db6c',4,'2018-02-22 13:48:42',NULL,0),(181,'playerVirtual8','playerVirtual8_16915963',0,'2018-02-22 13:49:13',NULL,0),(182,'playerVirtual8','playerVirtual8_16915963',0,'2018-02-22 13:49:14',NULL,0),(183,'playerVirtual6','playerVirtual6_037d0380fe',4,'2018-02-22 13:49:24',NULL,0),(184,'playerVirtual1779','playerVirtual1779_6274355716',0,'2018-02-22 13:49:57',NULL,0),(185,'playerVirtual1779','playerVirtual1779_6274355716',0,'2018-02-22 13:49:58',NULL,0),(186,'playerVirtual8','playerVirtual8_b59d7c48a3',3,'2018-02-22 13:50:13',NULL,0),(187,'playerVirtual1779','playerVirtual1779_ab8e854230',3,'2018-02-22 13:50:57',NULL,0),(188,'playerVirtual3','playerVirtual3_182859403',0,'2018-02-22 13:51:30',NULL,0),(189,'playerVirtual3','playerVirtual3_182859403',0,'2018-02-22 13:51:31',NULL,0),(190,'playerVirtual5','playerVirtual5_990694203',0,'2018-02-22 13:52:03',NULL,0),(191,'playerVirtual5','playerVirtual5_990694203',0,'2018-02-22 13:52:03',NULL,0),(192,'playerVirtual3','playerVirtual3_3b00429fa9',4,'2018-02-22 13:52:31',NULL,0),(193,'playerVirtual7','playerVirtual7_4820204870',0,'2018-02-22 13:52:44',NULL,0),(194,'playerVirtual7','playerVirtual7_4820204870',0,'2018-02-22 13:52:44',NULL,0),(195,'playerVirtual5','playerVirtual5_19c720041c',4,'2018-02-22 13:53:05',NULL,0),(196,'playerVirtual4','playerVirtual4_990694203',0,'2018-02-22 13:53:06',NULL,0),(197,'playerVirtual4','playerVirtual4_990694203',0,'2018-02-22 13:53:06',NULL,0),(198,'playerVirtual8','playerVirtual8_4476462938',0,'2018-02-22 13:53:26',NULL,0),(199,'playerVirtual8','playerVirtual8_4476462938',0,'2018-02-22 13:53:26',NULL,0),(200,'playerVirtual10','playerVirtual10_ae15ac10f2',4,'2018-02-22 13:53:33',NULL,0),(201,'playerVirtual2','playerVirtual2_4820204870',1,'2018-02-22 13:53:37',NULL,0),(202,'playerVirtual2','playerVirtual2_4b1d9f6598',3,'2018-02-22 13:53:38',NULL,0),(203,'playerVirtual2','playerVirtual2_4820204870',1,'2018-02-22 13:53:38',NULL,0),(204,'playerVirtual7','playerVirtual7_2daababaf0',3,'2018-02-22 13:53:44',NULL,0),(205,'playerVirtual4','playerVirtual4_5f9f93a79c',4,'2018-02-22 13:54:07',NULL,0),(206,'playerVirtual8','playerVirtual8_61613a913f',4,'2018-02-22 13:54:26',NULL,0),(207,'playerVirtual9','playerVirtual9_6280638724',0,'2018-02-22 13:56:15',NULL,0),(208,'playerVirtual9','playerVirtual9_6280638724',0,'2018-02-22 13:56:15',NULL,0),(209,'playerVirtual3','playerVirtual3_7bad569322',3,'2018-02-22 13:56:17',NULL,0),(210,'playerVirtual6','playerVirtual6_6280643141',0,'2018-02-22 13:56:21',NULL,0),(211,'playerVirtual6','playerVirtual6_6280643141',0,'2018-02-22 13:56:21',NULL,0),(212,'playerVirtual9','playerVirtual9_1782b72411',3,'2018-02-22 13:57:15',NULL,0),(213,'playerVirtual6','playerVirtual6_2c029457c2',3,'2018-02-22 13:57:21',NULL,0),(214,'playerVirtual7','playerVirtual7_2359368952',0,'2018-02-22 13:57:23',NULL,0),(215,'playerVirtual7','playerVirtual7_2359368952',0,'2018-02-22 13:57:24',NULL,0),(216,'playerVirtual4','playerVirtual4_990694203',1,'2018-02-22 13:57:40',NULL,0),(217,'playerVirtual4','playerVirtual4_7548e4919b',3,'2018-02-22 13:57:40',NULL,0),(218,'playerVirtual4','playerVirtual4_990694203',1,'2018-02-22 13:57:40',NULL,0),(219,'playerVirtual2','playerVirtual2_272887063',1,'2018-02-22 13:57:42',NULL,0),(220,'playerVirtual2','playerVirtual2_56a83d434a',4,'2018-02-22 13:57:42',NULL,0),(221,'playerVirtual2','playerVirtual2_272887063',1,'2018-02-22 13:57:43',NULL,0),(222,'playerVirtual5','playerVirtual5_990694203',1,'2018-02-22 13:57:53',NULL,0),(223,'playerVirtual5','playerVirtual5_4a4b390dac',3,'2018-02-22 13:57:53',NULL,0),(224,'playerVirtual5','playerVirtual5_990694203',1,'2018-02-22 13:57:53',NULL,0),(225,'playerVirtual1295','playerVirtual1295_d695031986',4,'2018-02-22 13:57:55',NULL,0),(226,'playerVirtual7','playerVirtual7_d5a354fa73',4,'2018-02-22 13:58:23',NULL,0),(227,'playerVirtual11','playerVirtual11_455b17c2ae',4,'2018-02-22 13:58:36',NULL,0),(228,'playerVirtual9','playerVirtual9_214880781',0,'2018-02-22 13:58:57',NULL,0),(229,'playerVirtual9','playerVirtual9_214880781',0,'2018-02-22 13:58:57',NULL,0),(230,'playerVirtual6','playerVirtual6_1094955',0,'2018-02-22 13:59:51',NULL,0),(231,'playerVirtual6','playerVirtual6_1094955',0,'2018-02-22 13:59:51',NULL,0),(232,'playerVirtual9','playerVirtual9_0a9737b3af',4,'2018-02-22 13:59:57',NULL,0),(233,'playerVirtual8','playerVirtual8_1436323714',0,'2018-02-22 14:00:28',NULL,0),(234,'playerVirtual8','playerVirtual8_1436323714',0,'2018-02-22 14:00:29',NULL,0),(235,'playerVirtual6','playerVirtual6_24fcfe6347',4,'2018-02-22 14:00:51',NULL,0),(236,'playerVirtual8','playerVirtual8_d35d9a59c3',3,'2018-02-22 14:01:28',NULL,0),(237,'playerVirtual10','playerVirtual10_6282149131',0,'2018-02-22 14:01:35',NULL,0),(238,'playerVirtual10','playerVirtual10_6282149131',0,'2018-02-22 14:01:36',NULL,0),(239,'playerVirtual3','playerVirtual3_682797',0,'2018-02-22 14:01:54',NULL,0),(240,'playerVirtual3','playerVirtual3_682797',0,'2018-02-22 14:01:54',NULL,0),(241,'playerVirtual10','playerVirtual10_7b8e69a615',3,'2018-02-22 14:02:36',NULL,0),(242,'playerVirtual5','playerVirtual5_6641406',0,'2018-02-22 14:02:50',NULL,0),(243,'playerVirtual5','playerVirtual5_6641406',0,'2018-02-22 14:02:50',NULL,0),(244,'playerVirtual3','playerVirtual3_79151f23e2',4,'2018-02-22 14:02:54',NULL,0),(245,'playerVirtual2','playerVirtual2_182859403',0,'2018-02-22 14:03:21',NULL,0),(246,'playerVirtual2','playerVirtual2_182859403',0,'2018-02-22 14:03:21',NULL,0),(247,'playerVirtual12','playerVirtual12_c78d45034e',4,'2018-02-22 14:03:34',NULL,0),(248,'playerVirtual4','playerVirtual4_16914091',0,'2018-02-22 14:03:35',NULL,0),(249,'playerVirtual4','playerVirtual4_16914091',0,'2018-02-22 14:03:36',NULL,0),(250,'playerVirtual5','playerVirtual5_4494140ac0',4,'2018-02-22 14:03:50',NULL,0),(251,'playerVirtual2','playerVirtual2_ec3e573d2a',3,'2018-02-22 14:04:21',NULL,0),(252,'playerVirtual4','playerVirtual4_ea159dc687',4,'2018-02-22 14:04:35',NULL,0),(253,'playerVirtual7','playerVirtual7_6955737',0,'2018-02-22 14:05:03',NULL,0),(254,'playerVirtual7','playerVirtual7_6955737',0,'2018-02-22 14:05:03',NULL,0),(255,'playerVirtual10','playerVirtual10_2378747961',0,'2018-02-22 14:05:24',NULL,0),(256,'playerVirtual10','playerVirtual10_2378747961',0,'2018-02-22 14:05:24',NULL,0),(257,'playerVirtual7','playerVirtual7_bfa3f2f7c2',3,'2018-02-22 14:06:03',NULL,0),(258,'playerVirtual8','playerVirtual8_2381571381',0,'2018-02-22 14:06:14',NULL,0),(259,'playerVirtual8','playerVirtual8_2381571381',0,'2018-02-22 14:06:14',NULL,0),(260,'playerVirtual10','playerVirtual10_f795072beb',4,'2018-02-22 14:06:24',NULL,0),(261,'playerVirtual1295','playerVirtual1295_6285257156',0,'2018-02-22 14:06:46',NULL,0),(262,'playerVirtual1295','playerVirtual1295_6285257156',0,'2018-02-22 14:06:47',NULL,0),(263,'playerVirtual8','playerVirtual8_43b3cb5fe1',4,'2018-02-22 14:07:14',NULL,0),(264,'playerVirtual1295','playerVirtual1295_73bc185785',3,'2018-02-22 14:07:47',NULL,0),(265,'playerVirtual11','playerVirtual11_6955737',0,'2018-02-22 14:08:06',NULL,0),(266,'playerVirtual11','playerVirtual11_6955737',0,'2018-02-22 14:08:07',NULL,0),(267,'playerVirtual13','playerVirtual13_fc021eb8a9',4,'2018-02-22 14:08:32',NULL,0),(268,'playerVirtual3','playerVirtual3_6289355687',0,'2018-02-22 14:08:43',NULL,0),(269,'playerVirtual3','playerVirtual3_6289355687',0,'2018-02-22 14:08:46',NULL,0),(270,'playerVirtual9','playerVirtual9_1438244924',0,'2018-02-22 14:08:53',NULL,0),(271,'playerVirtual9','playerVirtual9_1438244924',0,'2018-02-22 14:08:53',NULL,0),(272,'playerVirtual6','playerVirtual6_3338579772',0,'2018-02-22 14:09:00',NULL,0),(273,'playerVirtual6','playerVirtual6_3338579772',0,'2018-02-22 14:09:00',NULL,0),(274,'playerVirtual11','playerVirtual11_9a8b3488dc',3,'2018-02-22 14:09:07',NULL,0),(275,'playerVirtual2','playerVirtual2_1438244924',1,'2018-02-22 14:09:20',NULL,0),(276,'playerVirtual2','playerVirtual2_546f3d5c5f',4,'2018-02-22 14:09:20',NULL,0),(277,'playerVirtual2','playerVirtual2_1438244924',1,'2018-02-22 14:09:21',NULL,0),(278,'playerVirtual4','playerVirtual4_2378747961',1,'2018-02-22 14:09:29',NULL,0),(279,'playerVirtual4','playerVirtual4_f15df3e6f4',3,'2018-02-22 14:09:29',NULL,0),(280,'playerVirtual4','playerVirtual4_2378747961',1,'2018-02-22 14:09:29',NULL,0),(281,'playerVirtual3','playerVirtual3_4cca45ee96',3,'2018-02-22 14:09:41',NULL,0),(282,'playerVirtual7','playerVirtual7_14b795c23f',4,'2018-02-22 14:09:44',NULL,0),(283,'playerVirtual9','playerVirtual9_597e2cb950',3,'2018-02-22 14:09:53',NULL,0),(284,'playerVirtual6','playerVirtual6_c4d5e2d141',3,'2018-02-22 14:10:00',NULL,0),(285,'playerVirtual5','playerVirtual5_6289704471',0,'2018-02-22 14:10:24',NULL,0),(286,'playerVirtual5','playerVirtual5_6289704471',0,'2018-02-22 14:10:25',NULL,0),(287,'playerVirtual5','playerVirtual5_06ee59cf9a',3,'2018-02-22 14:11:24',NULL,0),(288,'playerVirtual1295','playerVirtual1295_990694203',0,'2018-02-22 14:11:29',NULL,0),(289,'playerVirtual1295','playerVirtual1295_990694203',0,'2018-02-22 14:11:30',NULL,0),(290,'playerVirtual9','playerVirtual9_1438244924',1,'2018-02-22 14:12:25',NULL,0),(291,'playerVirtual9','playerVirtual9_1bac015754',4,'2018-02-22 14:12:25',NULL,0),(292,'playerVirtual9','playerVirtual9_1438244924',1,'2018-02-22 14:12:25',NULL,0),(293,'playerVirtual14','playerVirtual14_552cd9c347',4,'2018-02-22 14:13:33',NULL,0),(294,'playerVirtual11','playerVirtual11_6296865278',0,'2018-02-22 14:13:41',NULL,0),(295,'playerVirtual11','playerVirtual11_6296865278',0,'2018-02-22 14:13:42',NULL,0),(296,'playerVirtual6','playerVirtual6_1095593',1,'2018-02-22 14:14:00',NULL,0),(297,'playerVirtual6','playerVirtual6_c461f989d4',4,'2018-02-22 14:14:00',NULL,0),(298,'playerVirtual6','playerVirtual6_1095593',1,'2018-02-22 14:14:01',NULL,0),(299,'playerVirtual12','playerVirtual12_1438244924',0,'2018-02-22 14:14:02',NULL,0),(300,'playerVirtual12','playerVirtual12_1438244924',0,'2018-02-22 14:14:02',NULL,0),(301,'playerVirtual8','playerVirtual8_794070039',0,'2018-02-22 14:14:24',NULL,0),(302,'playerVirtual8','playerVirtual8_794070039',0,'2018-02-22 14:14:25',NULL,0),(303,'playerVirtual11','playerVirtual11_bb63be9a1e',4,'2018-02-22 14:14:41',NULL,0),(304,'playerVirtual12','playerVirtual12_2293e340de',3,'2018-02-22 14:15:04',NULL,0),(305,'playerVirtual10','playerVirtual10_1436344784',0,'2018-02-22 14:15:23',NULL,0),(306,'playerVirtual10','playerVirtual10_1436344784',0,'2018-02-22 14:15:23',NULL,0),(307,'playerVirtual8','playerVirtual8_3f6d21cbcd',3,'2018-02-22 14:15:24',NULL,0),(308,'playerVirtual10','playerVirtual10_43f77a783c',3,'2018-02-22 14:16:23',NULL,0),(309,'playerVirtual7','playerVirtual7_dd5e5031ed',3,'2018-02-22 14:17:44',NULL,0),(310,'playerVirtual15','playerVirtual15_b5d16cda1f',4,'2018-02-22 14:18:34',NULL,0),(311,'playerVirtual2','playerVirtual2_182859403',1,'2018-02-22 14:19:30',NULL,0),(312,'playerVirtual2','playerVirtual2_ee663c6bbc',3,'2018-02-22 14:19:30',NULL,0),(313,'playerVirtual2','playerVirtual2_182859403',1,'2018-02-22 14:19:30',NULL,0),(314,'playerVirtual3','playerVirtual3_6264344062',0,'2018-02-22 14:19:42',NULL,0),(315,'playerVirtual3','playerVirtual3_6264344062',0,'2018-02-22 14:19:42',NULL,0),(316,'playerVirtual10','playerVirtual10_2378747961',1,'2018-02-22 14:19:43',NULL,0),(317,'playerVirtual10','playerVirtual10_ee5d6590ad',4,'2018-02-22 14:19:43',NULL,0),(318,'playerVirtual10','playerVirtual10_2378747961',1,'2018-02-22 14:19:43',NULL,0),(319,'playerVirtual4','playerVirtual4_182859403',0,'2018-02-22 14:19:45',NULL,0),(320,'playerVirtual4','playerVirtual4_182859403',0,'2018-02-22 14:19:46',NULL,0),(321,'playerVirtual3','playerVirtual3_20c83dda52',4,'2018-02-22 14:20:42',NULL,0),(322,'playerVirtual4','playerVirtual4_c531a22f2b',4,'2018-02-22 14:20:46',NULL,0),(323,'playerVirtual5','playerVirtual5_990694203',0,'2018-02-22 14:20:49',NULL,0),(324,'playerVirtual5','playerVirtual5_c0e91eca2e',4,'2018-02-22 14:20:49',NULL,0),(325,'playerVirtual5','playerVirtual5_990694203',0,'2018-02-22 14:20:50',NULL,0),(326,'playerVirtual13','playerVirtual13_6296268057',0,'2018-02-22 14:21:27',NULL,0),(327,'playerVirtual13','playerVirtual13_6296268057',0,'2018-02-22 14:21:27',NULL,0),(328,'playerVirtual13','playerVirtual13_b0b300a677',3,'2018-02-22 14:22:27',NULL,0),(329,'playerVirtual12','playerVirtual12_6274355716',0,'2018-02-22 14:23:21',NULL,0),(330,'playerVirtual12','playerVirtual12_6274355716',0,'2018-02-22 14:23:21',NULL,0),(331,'playerVirtual16','playerVirtual16_ffa9a90a4d',4,'2018-02-22 14:23:36',NULL,0),(332,'playerVirtual12','playerVirtual12_bbfc3ba306',4,'2018-02-22 14:24:21',NULL,0),(333,'playerVirtual4','playerVirtual4_182859403',1,'2018-02-22 14:25:39',NULL,0),(334,'playerVirtual4','playerVirtual4_b2285b1e05',3,'2018-02-22 14:25:39',NULL,0),(335,'playerVirtual4','playerVirtual4_182859403',1,'2018-02-22 14:25:39',NULL,0),(336,'playerVirtual2','playerVirtual2_4ff5c2d031',4,'2018-02-22 14:26:07',NULL,0),(337,'playerVirtual9','playerVirtual9_6301942525',0,'2018-02-22 14:26:13',NULL,0),(338,'playerVirtual9','playerVirtual9_6301942525',0,'2018-02-22 14:26:13',NULL,0),(339,'playerVirtual8','playerVirtual8_182859403',0,'2018-02-22 14:27:06',NULL,0),(340,'playerVirtual8','playerVirtual8_182859403',0,'2018-02-22 14:27:06',NULL,0),(341,'playerVirtual9','playerVirtual9_5a18ce9188',3,'2018-02-22 14:27:13',NULL,0),(342,'playerVirtual5','playerVirtual5_990694203',1,'2018-02-22 14:27:23',NULL,0),(343,'playerVirtual5','playerVirtual5_a44c22db2d',3,'2018-02-22 14:27:23',NULL,0),(344,'playerVirtual5','playerVirtual5_990694203',1,'2018-02-22 14:27:23',NULL,0),(345,'playerVirtual6','playerVirtual6_6289704471',0,'2018-02-22 14:28:05',NULL,0),(346,'playerVirtual6','playerVirtual6_6289704471',0,'2018-02-22 14:28:05',NULL,0),(347,'playerVirtual8','playerVirtual8_cbb61350e6',4,'2018-02-22 14:28:06',NULL,0),(348,'playerVirtual11','playerVirtual11_1095593',0,'2018-02-22 14:28:19',NULL,0),(349,'playerVirtual11','playerVirtual11_1095593',0,'2018-02-22 14:28:19',NULL,0),(350,'playerVirtual17','playerVirtual17_30c3238e84',4,'2018-02-22 14:28:31',NULL,0),(351,'playerVirtual7','playerVirtual7_908315',0,'2018-02-22 14:28:37',NULL,0),(352,'playerVirtual7','playerVirtual7_908315',0,'2018-02-22 14:28:38',NULL,0),(353,'playerVirtual6','playerVirtual6_481f45be78',3,'2018-02-22 14:29:05',NULL,0),(354,'playerVirtual11','playerVirtual11_4cb0e6718a',3,'2018-02-22 14:29:19',NULL,0),(355,'playerVirtual7','playerVirtual7_77d3dc1cb9',4,'2018-02-22 14:29:37',NULL,0),(356,'playerVirtual14','playerVirtual14_5297461910',0,'2018-02-22 14:29:38',NULL,0),(357,'playerVirtual14','playerVirtual14_5297461910',0,'2018-02-22 14:29:38',NULL,0),(358,'playerVirtual14','playerVirtual14_0f446e4809',3,'2018-02-22 14:30:38',NULL,0),(359,'playerVirtual13','playerVirtual13_4246147567',0,'2018-02-22 14:30:41',NULL,0),(360,'playerVirtual13','playerVirtual13_4246147567',0,'2018-02-22 14:30:42',NULL,0),(361,'playerVirtual3','playerVirtual3_6289704471',0,'2018-02-22 14:31:31',NULL,0),(362,'playerVirtual3','playerVirtual3_6289704471',0,'2018-02-22 14:31:31',NULL,0),(363,'playerVirtual13','playerVirtual13_50d507b23a',4,'2018-02-22 14:31:41',NULL,0),(364,'playerVirtual3','playerVirtual3_c120a7a8e3',3,'2018-02-22 14:32:31',NULL,0),(365,'playerVirtual18','playerVirtual18_2de128c1f5',4,'2018-02-22 14:33:37',NULL,0),(366,'playerVirtual11','playerVirtual11_1095593',1,'2018-02-22 14:34:07',NULL,0),(367,'playerVirtual11','playerVirtual11_c7a67124c4',4,'2018-02-22 14:34:07',NULL,0),(368,'playerVirtual11','playerVirtual11_1095593',1,'2018-02-22 14:34:08',NULL,0),(369,'playerVirtual6','playerVirtual6_6289704471',1,'2018-02-22 14:34:10',NULL,0),(370,'playerVirtual6','playerVirtual6_0653032911',4,'2018-02-22 14:34:10',NULL,0),(371,'playerVirtual6','playerVirtual6_6289704471',1,'2018-02-22 14:34:10',NULL,0),(372,'playerVirtual9','playerVirtual9_4246147567',0,'2018-02-22 14:35:12',NULL,0),(373,'playerVirtual9','playerVirtual9_4246147567',0,'2018-02-22 14:35:13',NULL,0),(374,'playerVirtual1392','playerVirtual1392_1922536f21',4,'2018-02-22 14:35:25',NULL,0),(375,'playerVirtual9','playerVirtual9_476cc4117b',4,'2018-02-22 14:36:12',NULL,0),(376,'playerVirtual15','playerVirtual15_539194189',0,'2018-02-22 14:36:35',NULL,0),(377,'playerVirtual14','playerVirtual14_4246147567',0,'2018-02-22 14:36:35',NULL,0),(378,'playerVirtual15','playerVirtual15_539194189',0,'2018-02-22 14:36:35',NULL,0),(379,'playerVirtual14','playerVirtual14_4246147567',0,'2018-02-22 14:36:35',NULL,0),(380,'playerVirtual10','playerVirtual10_4246147567',0,'2018-02-22 14:36:53',NULL,0),(381,'playerVirtual10','playerVirtual10_4246147567',0,'2018-02-22 14:36:53',NULL,0),(382,'playerVirtual4','playerVirtual4_908315',1,'2018-02-22 14:37:02',NULL,0),(383,'playerVirtual4','playerVirtual4_6be94ec154',4,'2018-02-22 14:37:02',NULL,0),(384,'playerVirtual4','playerVirtual4_908315',1,'2018-02-22 14:37:02',NULL,0),(385,'playerVirtual12','playerVirtual12_6315250734',0,'2018-02-22 14:37:29',NULL,0),(386,'playerVirtual12','playerVirtual12_6315250734',0,'2018-02-22 14:37:30',NULL,0),(387,'playerVirtual15','playerVirtual15_5fd4f48a2b',3,'2018-02-22 14:37:35',NULL,0),(388,'playerVirtual14','playerVirtual14_a2eabe5a32',4,'2018-02-22 14:37:35',NULL,0),(389,'playerVirtual10','playerVirtual10_1f54e91dac',3,'2018-02-22 14:37:53',NULL,0),(390,'playerVirtual5','playerVirtual5_6289704471',1,'2018-02-22 14:38:11',NULL,0),(391,'playerVirtual5','playerVirtual5_d10023e457',4,'2018-02-22 14:38:12',NULL,0),(392,'playerVirtual5','playerVirtual5_6289704471',1,'2018-02-22 14:38:12',NULL,0),(393,'playerVirtual8','playerVirtual8_2378747961',0,'2018-02-22 14:38:21',NULL,0),(394,'playerVirtual8','playerVirtual8_2378747961',0,'2018-02-22 14:38:21',NULL,0),(395,'playerVirtual12','playerVirtual12_25059a7866',3,'2018-02-22 14:38:29',NULL,0),(396,'playerVirtual19','playerVirtual19_8633a4b1fb',4,'2018-02-22 14:38:30',NULL,0),(397,'playerVirtual8','playerVirtual8_8afee683dc',3,'2018-02-22 14:39:24',NULL,0),(398,'playerVirtual7','playerVirtual7_5068098508',0,'2018-02-22 14:40:43',NULL,0),(399,'playerVirtual7','playerVirtual7_5068098508',0,'2018-02-22 14:40:43',NULL,0),(400,'playerVirtual2','playerVirtual2_4246147567',0,'2018-02-22 14:41:04',NULL,0),(401,'playerVirtual2','playerVirtual2_4246147567',0,'2018-02-22 14:41:04',NULL,0),(402,'playerVirtual10','playerVirtual10_4246147567',1,'2018-02-22 14:41:13',NULL,0),(403,'playerVirtual10','playerVirtual10_d335494d3e',4,'2018-02-22 14:41:13',NULL,0),(404,'playerVirtual10','playerVirtual10_4246147567',1,'2018-02-22 14:41:13',NULL,0),(405,'playerVirtual7','playerVirtual7_19c1402e40',3,'2018-02-22 14:41:43',NULL,0),(406,'playerVirtual2','playerVirtual2_3de69971c1',3,'2018-02-22 14:42:04',NULL,0),(407,'playerVirtual15','playerVirtual15_1095593',0,'2018-02-22 14:43:01',NULL,0),(408,'playerVirtual15','playerVirtual15_1095593',0,'2018-02-22 14:43:02',NULL,0),(409,'playerVirtual16','playerVirtual16_4246147567',0,'2018-02-22 14:43:56',NULL,0),(410,'playerVirtual16','playerVirtual16_4246147567',0,'2018-02-22 14:43:56',NULL,0),(411,'playerVirtual15','playerVirtual15_c5886a5653',4,'2018-02-22 14:44:02',NULL,0),(412,'playerVirtual3','playerVirtual3_990694203',0,'2018-02-22 14:44:06',NULL,0),(413,'playerVirtual3','playerVirtual3_990694203',0,'2018-02-22 14:44:06',NULL,0),(414,'playerVirtual13','playerVirtual13_4246147567',1,'2018-02-22 14:44:36',NULL,0),(415,'playerVirtual13','playerVirtual13_2b310fe405',3,'2018-02-22 14:44:37',NULL,0),(416,'playerVirtual13','playerVirtual13_4246147567',1,'2018-02-22 14:44:41',NULL,0),(417,'playerVirtual16','playerVirtual16_d0a7593e40',3,'2018-02-22 14:44:56',NULL,0),(418,'playerVirtual5','playerVirtual5_b98fdb3341',3,'2018-02-22 14:44:59',NULL,0),(419,'playerVirtual3','playerVirtual3_00940cd92f',4,'2018-02-22 14:45:06',NULL,0),(420,'playerVirtual16','playerVirtual16_f666ac5ac1',4,'2018-02-22 14:45:57',NULL,0),(421,'playerVirtual2','playerVirtual2_4246147567',1,'2018-02-22 14:48:41',NULL,0),(422,'playerVirtual2','playerVirtual2_14001b5ca0',4,'2018-02-22 14:48:42',NULL,0),(423,'playerVirtual2','playerVirtual2_4246147567',1,'2018-02-22 14:48:42',NULL,0),(424,'playerVirtual12','playerVirtual12_6322213339',0,'2018-02-22 14:48:53',NULL,0),(425,'playerVirtual12','playerVirtual12_6322213339',0,'2018-02-22 14:49:00',NULL,0),(426,'playerVirtual4','playerVirtual4_4246147567',0,'2018-02-22 14:49:01',NULL,0),(427,'playerVirtual4','playerVirtual4_4246147567',0,'2018-02-22 14:49:01',NULL,0),(428,'playerVirtual17','playerVirtual17_6316827871',0,'2018-02-22 14:49:27',NULL,0),(429,'playerVirtual17','playerVirtual17_6316827871',0,'2018-02-22 14:49:28',NULL,0),(430,'playerVirtual12','playerVirtual12_57577b04f5',4,'2018-02-22 14:49:50',NULL,0),(431,'playerVirtual4','playerVirtual4_1a4af276f3',3,'2018-02-22 14:50:02',NULL,0),(432,'playerVirtual9','playerVirtual9_4246147567',1,'2018-02-22 14:50:03',NULL,0),(433,'playerVirtual9','playerVirtual9_6310373d77',3,'2018-02-22 14:50:03',NULL,0),(434,'playerVirtual9','playerVirtual9_4246147567',1,'2018-02-22 14:50:03',NULL,0),(435,'playerVirtual17','playerVirtual17_43b7628b6b',3,'2018-02-22 14:50:28',NULL,0),(436,'playerVirtual11','playerVirtual11_4246147567',0,'2018-02-22 14:51:57',NULL,0),(437,'playerVirtual6','playerVirtual6_4246147567',0,'2018-02-22 14:51:57',NULL,0),(438,'playerVirtual11','playerVirtual11_4246147567',0,'2018-02-22 14:51:57',NULL,0),(439,'playerVirtual6','playerVirtual6_4246147567',0,'2018-02-22 14:51:58',NULL,0),(440,'playerVirtual8','playerVirtual8_359920779',0,'2018-02-22 14:52:48',NULL,0),(441,'playerVirtual8','playerVirtual8_359920779',0,'2018-02-22 14:52:49',NULL,0),(442,'playerVirtual11','playerVirtual11_1928681446',3,'2018-02-22 14:52:57',NULL,0),(443,'playerVirtual6','playerVirtual6_ec0c815c26',3,'2018-02-22 14:52:57',NULL,0),(444,'playerVirtual14','playerVirtual14_4246147567',1,'2018-02-22 14:53:39',NULL,0),(445,'playerVirtual14','playerVirtual14_ed650b08bd',3,'2018-02-22 14:53:40',NULL,0),(446,'playerVirtual14','playerVirtual14_4246147567',1,'2018-02-22 14:53:40',NULL,0),(447,'playerVirtual8','playerVirtual8_e8023ea80e',4,'2018-02-22 14:53:49',NULL,0),(448,'playerVirtual7','playerVirtual7_4246147567',0,'2018-02-22 14:54:38',NULL,0),(449,'playerVirtual7','playerVirtual7_4246147567',0,'2018-02-22 14:54:39',NULL,0),(450,'playerVirtual18','playerVirtual18_4246147567',0,'2018-02-22 14:55:03',NULL,0),(451,'playerVirtual18','playerVirtual18_4246147567',0,'2018-02-22 14:55:03',NULL,0),(452,'playerVirtual17','playerVirtual17_4246147567',0,'2018-02-22 14:55:20',NULL,0),(453,'playerVirtual17','playerVirtual17_4246147567',0,'2018-02-22 14:55:23',NULL,0),(454,'playerVirtual7','playerVirtual7_320c8a54d5',4,'2018-02-22 14:55:39',NULL,0),(455,'playerVirtual3','playerVirtual3_990694203',1,'2018-02-22 14:55:55',NULL,0),(456,'playerVirtual3','playerVirtual3_35e2fc917b',3,'2018-02-22 14:55:55',NULL,0),(457,'playerVirtual3','playerVirtual3_990694203',1,'2018-02-22 14:55:55',NULL,0),(458,'playerVirtual18','playerVirtual18_dbf7ac2d0b',3,'2018-02-22 14:56:03',NULL,0),(459,'playerVirtual13','playerVirtual13_4246147567',0,'2018-02-22 14:56:09',NULL,0),(460,'playerVirtual13','playerVirtual13_f5a376ba9a',4,'2018-02-22 14:56:10',NULL,0),(461,'playerVirtual13','playerVirtual13_4246147567',0,'2018-02-22 14:56:10',NULL,0),(462,'playerVirtual17','playerVirtual17_8910c0804c',4,'2018-02-22 14:56:17',NULL,0),(463,'playerVirtual18','playerVirtual18_4246147567',1,'2018-02-22 14:57:04',NULL,0),(464,'playerVirtual18','playerVirtual18_5187228c1f',4,'2018-02-22 14:57:04',NULL,0),(465,'playerVirtual18','playerVirtual18_4246147567',1,'2018-02-22 14:57:04',NULL,0),(466,'playerVirtual11','playerVirtual11_4246147567',1,'2018-02-22 14:57:45',NULL,0),(467,'playerVirtual11','playerVirtual11_fd41531161',4,'2018-02-22 14:57:46',NULL,0),(468,'playerVirtual11','playerVirtual11_4246147567',1,'2018-02-22 14:57:46',NULL,0),(469,'playerVirtual6','playerVirtual6_4246147567',1,'2018-02-22 14:58:02',NULL,0),(470,'playerVirtual6','playerVirtual6_674eece6b6',4,'2018-02-22 14:58:02',NULL,0),(471,'playerVirtual6','playerVirtual6_4246147567',1,'2018-02-22 14:58:02',NULL,0),(472,'playerVirtual1406','playerVirtual1406_667a1c24e8',4,'2018-02-22 14:59:39',NULL,0),(473,'playerVirtual19','playerVirtual19_4246147567',0,'2018-02-22 15:01:05',NULL,0),(474,'playerVirtual19','playerVirtual19_4246147567',0,'2018-02-22 15:01:05',NULL,0),(475,'playerVirtual4','playerVirtual4_4246147567',1,'2018-02-22 15:01:21',NULL,0),(476,'playerVirtual4','playerVirtual4_2bc92b06b8',4,'2018-02-22 15:01:21',NULL,0),(477,'playerVirtual4','playerVirtual4_4246147567',1,'2018-02-22 15:01:21',NULL,0),(478,'playerVirtual10','playerVirtual10_4246147567',0,'2018-02-22 15:01:44',NULL,0),(479,'playerVirtual10','playerVirtual10_73e709f146',3,'2018-02-22 15:01:44',NULL,0),(480,'playerVirtual10','playerVirtual10_4246147567',0,'2018-02-22 15:01:47',NULL,0),(481,'playerVirtual9','playerVirtual9_6335261139',0,'2018-02-22 15:01:56',NULL,0),(482,'playerVirtual9','playerVirtual9_6335261139',0,'2018-02-22 15:01:56',NULL,0),(483,'playerVirtual19','playerVirtual19_8a8298e9b1',3,'2018-02-22 15:02:05',NULL,0),(484,'playerVirtual15','playerVirtual15_4246147567',0,'2018-02-22 15:02:51',NULL,0),(485,'playerVirtual15','playerVirtual15_4246147567',0,'2018-02-22 15:02:51',NULL,0),(486,'playerVirtual5','playerVirtual5_4246147567',0,'2018-02-22 15:02:51',NULL,0),(487,'playerVirtual5','playerVirtual5_4246147567',0,'2018-02-22 15:02:52',NULL,0),(488,'playerVirtual9','playerVirtual9_c9835348bd',4,'2018-02-22 15:02:56',NULL,0),(489,'playerVirtual19','playerVirtual19_bc3aeb2647',4,'2018-02-22 15:03:06',NULL,0),(490,'playerVirtual14','playerVirtual14_4246147567',0,'2018-02-22 15:03:33',NULL,0),(491,'playerVirtual14','playerVirtual14_2524b1256f',4,'2018-02-22 15:03:33',NULL,0),(492,'playerVirtual14','playerVirtual14_4246147567',0,'2018-02-22 15:03:34',NULL,0),(493,'playerVirtual15','playerVirtual15_a9068dbd59',3,'2018-02-22 15:03:52',NULL,0),(494,'playerVirtual5','playerVirtual5_4b347750a9',4,'2018-02-22 15:03:56',NULL,0),(495,'playerVirtual12','playerVirtual12_4246147567',0,'2018-02-22 15:05:01',NULL,0),(496,'playerVirtual10','playerVirtual10_4246147567',1,'2018-02-22 15:05:01',NULL,0),(497,'playerVirtual12','playerVirtual12_4246147567',0,'2018-02-22 15:05:01',NULL,0),(498,'playerVirtual10','playerVirtual10_e724113d38',4,'2018-02-22 15:05:01',NULL,0),(499,'playerVirtual10','playerVirtual10_4246147567',1,'2018-02-22 15:05:02',NULL,0),(500,'playerVirtual12','playerVirtual12_64135400c2',3,'2018-02-22 15:06:03',NULL,0),(501,'playerVirtual8','playerVirtual8_4246147567',0,'2018-02-22 15:06:32',NULL,0),(502,'playerVirtual8','playerVirtual8_4246147567',0,'2018-02-22 15:06:32',NULL,0),(503,'playerVirtual7','playerVirtual7_4246147567',1,'2018-02-22 15:06:44',NULL,0),(504,'playerVirtual7','playerVirtual7_38efc0425d',3,'2018-02-22 15:06:44',NULL,0),(505,'playerVirtual7','playerVirtual7_4246147567',1,'2018-02-22 15:06:45',NULL,0),(506,'playerVirtual2','playerVirtual2_4246147567',0,'2018-02-22 15:07:09',NULL,0),(507,'playerVirtual2','playerVirtual2_f089ce273c',3,'2018-02-22 15:07:09',NULL,0),(508,'playerVirtual2','playerVirtual2_4246147567',0,'2018-02-22 15:07:09',NULL,0),(509,'playerVirtual8','playerVirtual8_6bba9fe1ca',3,'2018-02-22 15:07:32',NULL,0),(510,'playerVirtual3','playerVirtual3_359920779',1,'2018-02-22 15:08:09',NULL,0),(511,'playerVirtual3','playerVirtual3_84e6922fa1',4,'2018-02-22 15:08:09',NULL,0),(512,'playerVirtual3','playerVirtual3_359920779',1,'2018-02-22 15:08:11',NULL,0),(513,'playerVirtual13','playerVirtual13_4246147567',1,'2018-02-22 15:09:03',NULL,0),(514,'playerVirtual13','playerVirtual13_2989246a10',3,'2018-02-22 15:09:03',NULL,0),(515,'playerVirtual13','playerVirtual13_4246147567',1,'2018-02-22 15:09:04',NULL,0),(516,'playerVirtual15','playerVirtual15_4246147567',1,'2018-02-22 15:09:15',NULL,0),(517,'playerVirtual15','playerVirtual15_e74ccfcf4a',4,'2018-02-22 15:09:16',NULL,0),(518,'playerVirtual15','playerVirtual15_4246147567',1,'2018-02-22 15:09:16',NULL,0),(519,'playerVirtual16','playerVirtual16_4246147567',0,'2018-02-22 15:09:49',NULL,0),(520,'playerVirtual16','playerVirtual16_a794813784',3,'2018-02-22 15:09:49',NULL,0),(521,'playerVirtual16','playerVirtual16_4246147567',0,'2018-02-22 15:09:49',NULL,0),(522,'playerVirtual5','playerVirtual5_4246147567',1,'2018-02-22 15:10:39',NULL,0),(523,'playerVirtual5','playerVirtual5_2a75fa440f',3,'2018-02-22 15:10:39',NULL,0),(524,'playerVirtual5','playerVirtual5_4246147567',1,'2018-02-22 15:10:39',NULL,0),(525,'playerVirtual16','playerVirtual16_f7621d3c1e',4,'2018-02-22 15:10:50',NULL,0),(526,'playerVirtual2','playerVirtual2_4246147567',1,'2018-02-22 15:13:46',NULL,0),(527,'playerVirtual2','playerVirtual2_16d2a01950',4,'2018-02-22 15:13:46',NULL,0),(528,'playerVirtual2','playerVirtual2_4246147567',1,'2018-02-22 15:13:47',NULL,0),(529,'playerVirtual12','playerVirtual12_f5f91d65d9',4,'2018-02-22 15:16:21',NULL,0),(530,'playerVirtual17','playerVirtual17_adad4a90cb',3,'2018-02-22 15:17:12',NULL,0),(531,'playerVirtual4','playerVirtual4_4246147567',0,'2018-02-22 15:17:17',NULL,0),(532,'playerVirtual4','playerVirtual4_45073e4c1e',3,'2018-02-22 15:17:18',NULL,0),(533,'playerVirtual4','playerVirtual4_4246147567',0,'2018-02-22 15:17:18',NULL,0),(534,'playerVirtual9','playerVirtual9_6344084916',0,'2018-02-22 15:18:36',NULL,0),(535,'playerVirtual9','playerVirtual9_6344084916',0,'2018-02-22 15:18:37',NULL,0),(536,'playerVirtual11','playerVirtual11_4246147567',0,'2018-02-22 15:19:36',NULL,0),(537,'playerVirtual11','playerVirtual11_61ca57d289',3,'2018-02-22 15:19:36',NULL,0),(538,'playerVirtual11','playerVirtual11_4246147567',0,'2018-02-22 15:19:36',NULL,0),(539,'playerVirtual9','playerVirtual9_5bce964b49',3,'2018-02-22 15:19:37',NULL,0),(540,'playerVirtual14','playerVirtual14_1a5d361639',3,'2018-02-22 15:19:38',NULL,0),(541,'playerVirtual6','playerVirtual6_4246147567',0,'2018-02-22 15:19:54',NULL,0),(542,'playerVirtual6','playerVirtual6_6aa0aef9d7',3,'2018-02-22 15:19:54',NULL,0),(543,'playerVirtual6','playerVirtual6_4246147567',0,'2018-02-22 15:19:56',NULL,0),(544,'playerVirtual7','playerVirtual7_5068098508',1,'2018-02-22 15:20:20',NULL,0),(545,'playerVirtual7','playerVirtual7_3f1532d223',4,'2018-02-22 15:20:20',NULL,0),(546,'playerVirtual7','playerVirtual7_5068098508',1,'2018-02-22 15:20:20',NULL,0),(547,'playerVirtual8','playerVirtual8_4246147567',1,'2018-02-22 15:21:00',NULL,0),(548,'playerVirtual8','playerVirtual8_bf6b8b17df',4,'2018-02-22 15:21:01',NULL,0),(549,'playerVirtual8','playerVirtual8_4246147567',1,'2018-02-22 15:21:01',NULL,0),(550,'playerVirtual18','playerVirtual18_4246147567',0,'2018-02-22 15:22:29',NULL,0),(551,'playerVirtual18','playerVirtual18_2acc6a1ae5',3,'2018-02-22 15:22:29',NULL,0),(552,'playerVirtual18','playerVirtual18_4246147567',0,'2018-02-22 15:22:29',NULL,0),(553,'playerVirtual18','playerVirtual18_4246147567',1,'2018-02-22 15:23:30',NULL,0),(554,'playerVirtual18','playerVirtual18_37358a7c0d',4,'2018-02-22 15:23:30',NULL,0),(555,'playerVirtual18','playerVirtual18_4246147567',1,'2018-02-22 15:23:31',NULL,0),(556,'playerVirtual3','playerVirtual3_990694203',0,'2018-02-22 15:23:42',NULL,0),(557,'playerVirtual3','playerVirtual3_b58263ddca',3,'2018-02-22 15:23:43',NULL,0),(558,'playerVirtual3','playerVirtual3_990694203',0,'2018-02-22 15:23:43',NULL,0),(559,'playerVirtual11','playerVirtual11_4246147567',1,'2018-02-22 15:24:24',NULL,0),(560,'playerVirtual11','playerVirtual11_d5ce89931f',4,'2018-02-22 15:24:25',NULL,0),(561,'playerVirtual11','playerVirtual11_4246147567',1,'2018-02-22 15:24:25',NULL,0),(562,'playerVirtual6','playerVirtual6_4246147567',1,'2018-02-22 15:24:55',NULL,0),(563,'playerVirtual6','playerVirtual6_10ea400d60',4,'2018-02-22 15:24:55',NULL,0),(564,'playerVirtual6','playerVirtual6_4246147567',1,'2018-02-22 15:24:56',NULL,0),(565,'playerVirtual17','playerVirtual17_4246147567',0,'2018-02-22 15:25:21',NULL,0),(566,'playerVirtual17','playerVirtual17_294a7d43af',4,'2018-02-22 15:25:21',NULL,0),(567,'playerVirtual17','playerVirtual17_4246147567',0,'2018-02-22 15:25:22',NULL,0),(568,'playerVirtual10','playerVirtual10_1436344784',1,'2018-02-22 15:26:25',NULL,0),(569,'playerVirtual10','playerVirtual10_c6580c6bed',3,'2018-02-22 15:26:25',NULL,0),(570,'playerVirtual10','playerVirtual10_1436344784',1,'2018-02-22 15:26:25',NULL,0),(571,'playerVirtual1105','playerVirtual1105_b26f819196',4,'2018-02-22 15:27:47',NULL,0),(572,'playerVirtual4','playerVirtual4_4246147567',1,'2018-02-22 15:28:40',NULL,0),(573,'playerVirtual4','playerVirtual4_f6207d3f0f',4,'2018-02-22 15:28:41',NULL,0),(574,'playerVirtual4','playerVirtual4_4246147567',1,'2018-02-22 15:28:41',NULL,0),(575,'playerVirtual19','playerVirtual19_4246147567',0,'2018-02-22 15:29:53',NULL,0),(576,'playerVirtual19','playerVirtual19_420cc53f62',3,'2018-02-22 15:29:53',NULL,0),(577,'playerVirtual19','playerVirtual19_4246147567',0,'2018-02-22 15:29:53',NULL,0),(578,'playerVirtual19','playerVirtual19_1f02caa0dd',4,'2018-02-22 15:30:54',NULL,0),(579,'playerVirtual15','playerVirtual15_4246147567',0,'2018-02-22 15:32:02',NULL,0),(580,'playerVirtual15','playerVirtual15_006f14d6ae',3,'2018-02-22 15:32:02',NULL,0),(581,'playerVirtual15','playerVirtual15_4246147567',0,'2018-02-22 15:32:03',NULL,0),(582,'playerVirtual5','playerVirtual5_272887063',0,'2018-02-22 15:32:12',NULL,0),(583,'playerVirtual5','playerVirtual5_272887063',0,'2018-02-22 15:32:13',NULL,0),(584,'playerVirtual14','playerVirtual14_4246147567',0,'2018-02-22 15:33:08',NULL,0),(585,'playerVirtual14','playerVirtual14_64b97b7484',4,'2018-02-22 15:33:08',NULL,0),(586,'playerVirtual14','playerVirtual14_4246147567',0,'2018-02-22 15:33:09',NULL,0),(587,'playerVirtual9','playerVirtual9_82730999',0,'2018-02-22 15:33:12',NULL,0),(588,'playerVirtual9','playerVirtual9_82730999',0,'2018-02-22 15:33:12',NULL,0),(589,'playerVirtual5','playerVirtual5_9950508d80',4,'2018-02-22 15:33:13',NULL,0),(590,'playerVirtual9','playerVirtual9_178adc5f54',4,'2018-02-22 15:34:12',NULL,0),(591,'playerVirtual10','playerVirtual10_4820150269',0,'2018-02-22 15:34:53',NULL,0),(592,'playerVirtual10','playerVirtual10_4820150269',0,'2018-02-22 15:34:54',NULL,0),(593,'playerVirtual12','playerVirtual12_6566788',0,'2018-02-22 15:35:06',NULL,0),(594,'playerVirtual12','playerVirtual12_6566788',0,'2018-02-22 15:35:06',NULL,0),(595,'playerVirtual10','playerVirtual10_c5da6a6b77',4,'2018-02-22 15:35:55',NULL,0),(596,'playerVirtual3','playerVirtual3_990694203',1,'2018-02-22 15:35:55',NULL,0),(597,'playerVirtual3','playerVirtual3_dda7ee8fb8',4,'2018-02-22 15:35:55',NULL,0),(598,'playerVirtual3','playerVirtual3_990694203',1,'2018-02-22 15:35:56',NULL,0),(599,'playerVirtual2','playerVirtual2_4246147567',0,'2018-02-22 15:36:02',NULL,0),(600,'playerVirtual2','playerVirtual2_c81b49bc2d',3,'2018-02-22 15:36:02',NULL,0),(601,'playerVirtual2','playerVirtual2_4246147567',0,'2018-02-22 15:36:02',NULL,0),(602,'playerVirtual12','playerVirtual12_f1803cafbf',3,'2018-02-22 15:36:06',NULL,0),(603,'playerVirtual7','playerVirtual7_6566788',0,'2018-02-22 15:36:29',NULL,0),(604,'playerVirtual7','playerVirtual7_6566788',0,'2018-02-22 15:36:30',NULL,0),(605,'playerVirtual8','playerVirtual8_2378747961',1,'2018-02-22 15:36:38',NULL,0),(606,'playerVirtual8','playerVirtual8_d612ceab0a',3,'2018-02-22 15:36:38',NULL,0),(607,'playerVirtual8','playerVirtual8_2378747961',1,'2018-02-22 15:36:39',NULL,0),(608,'playerVirtual15','playerVirtual15_4246147567',1,'2018-02-22 15:37:29',NULL,0),(609,'playerVirtual15','playerVirtual15_b2d3606450',4,'2018-02-22 15:37:29',NULL,0),(610,'playerVirtual15','playerVirtual15_4246147567',1,'2018-02-22 15:37:29',NULL,0),(611,'playerVirtual7','playerVirtual7_feb9903043',3,'2018-02-22 15:37:29',NULL,0),(612,'playerVirtual16','playerVirtual16_cbb8171d4c',3,'2018-02-22 15:38:16',NULL,0),(613,'playerVirtual16','playerVirtual16_78d7228c68',4,'2018-02-22 15:39:17',NULL,0),(614,'playerVirtual5','playerVirtual5_4246147567',0,'2018-02-22 15:41:54',NULL,0),(615,'playerVirtual5','playerVirtual5_0d99ef6575',3,'2018-02-22 15:41:54',NULL,0),(616,'playerVirtual5','playerVirtual5_4246147567',0,'2018-02-22 15:41:55',NULL,0);
/*!40000 ALTER TABLE `REQUEST` ENABLE KEYS */;
UNLOCK TABLES;

--
-- Table structure for table `STATUS`
--

DROP TABLE IF EXISTS `STATUS`;
/*!40101 SET @saved_cs_client     = @@character_set_client */;
/*!40101 SET character_set_client = utf8 */;
CREATE TABLE `STATUS` (
  `id` int(11) NOT NULL AUTO_INCREMENT,
  `players` int(11) DEFAULT '0',
  `all_requests` int(11) DEFAULT '0',
  `accepts` int(11) DEFAULT '0',
  `rejects` int(11) DEFAULT '0',
  `fairness` float DEFAULT '0',
  `timestamp` timestamp NULL DEFAULT NULL,
  PRIMARY KEY (`id`)
) ENGINE=InnoDB AUTO_INCREMENT=32 DEFAULT CHARSET=utf8;
/*!40101 SET character_set_client = @saved_cs_client */;

--
-- Dumping data for table `STATUS`
--

LOCK TABLES `STATUS` WRITE;
/*!40000 ALTER TABLE `STATUS` DISABLE KEYS */;
INSERT INTO `STATUS` VALUES (1,0,0,0,0,0,'2018-02-22 13:12:20'),(2,3,6,4,2,0.666667,'2018-02-22 13:17:20'),(3,4,14,8,6,0.571429,'2018-02-22 13:22:20'),(4,6,20,12,8,0.6,'2018-02-22 13:27:21'),(5,7,30,18,12,0.6,'2018-02-22 13:32:21'),(6,9,37,24,13,0.648649,'2018-02-22 13:37:21'),(7,10,46,30,16,0.652174,'2018-02-22 13:42:21'),(8,11,54,35,19,0.648148,'2018-02-22 13:47:21'),(9,12,60,40,20,0.666667,'2018-02-22 13:52:21'),(10,14,65,44,21,0.676923,'2018-02-22 13:57:22'),(11,15,71,46,25,0.647887,'2018-02-22 14:02:22'),(12,16,78,52,26,0.666667,'2018-02-22 14:07:22'),(13,17,84,57,27,0.678571,'2018-02-22 14:12:22'),(14,18,88,60,28,0.681818,'2018-02-22 14:17:22'),(15,19,92,64,28,0.695652,'2018-02-22 14:22:22'),(16,20,95,66,29,0.694737,'2018-02-22 14:27:22'),(17,21,101,73,28,0.722772,'2018-02-22 14:32:23'),(18,23,105,75,30,0.714286,'2018-02-22 14:37:23'),(19,24,109,78,31,0.715596,'2018-02-22 14:42:23'),(20,24,112,80,32,0.714286,'2018-02-22 14:47:23'),(21,24,117,85,32,0.726496,'2018-02-22 14:52:23'),(22,24,122,88,34,0.721311,'2018-02-22 14:57:23'),(23,25,125,89,36,0.712,'2018-02-22 15:02:24'),(24,25,131,93,38,0.709924,'2018-02-22 15:07:24'),(25,25,132,94,38,0.712121,'2018-02-22 15:12:24'),(26,25,133,95,38,0.714286,'2018-02-22 15:17:24'),(27,25,136,98,38,0.720588,'2018-02-22 15:22:24'),(28,26,139,99,40,0.71223,'2018-02-22 15:27:24'),(29,26,142,100,42,0.704225,'2018-02-22 15:32:25'),(30,26,148,104,44,0.702703,'2018-02-22 15:37:25'),(31,26,149,103,46,0.691275,'2018-02-22 15:42:25');
/*!40000 ALTER TABLE `STATUS` ENABLE KEYS */;
UNLOCK TABLES;

--
-- Table structure for table `THRESHOLD`
--

DROP TABLE IF EXISTS `THRESHOLD`;
/*!40101 SET @saved_cs_client     = @@character_set_client */;
/*!40101 SET character_set_client = utf8 */;
CREATE TABLE `THRESHOLD` (
  `division` int(11) NOT NULL,
  `botton` float DEFAULT '0',
  `top` float DEFAULT '0',
  PRIMARY KEY (`division`)
) ENGINE=InnoDB DEFAULT CHARSET=utf8;
/*!40101 SET character_set_client = @saved_cs_client */;

--
-- Dumping data for table `THRESHOLD`
--

LOCK TABLES `THRESHOLD` WRITE;
/*!40000 ALTER TABLE `THRESHOLD` DISABLE KEYS */;
INSERT INTO `THRESHOLD` VALUES (1,8.76,20),(2,4.38,8.76),(3,0,4.38);
/*!40000 ALTER TABLE `THRESHOLD` ENABLE KEYS */;
UNLOCK TABLES;

--
-- Table structure for table `VM`
--

DROP TABLE IF EXISTS `VM`;
/*!40101 SET @saved_cs_client     = @@character_set_client */;
/*!40101 SET character_set_client = utf8 */;
CREATE TABLE `VM` (
  `id` int(11) NOT NULL AUTO_INCREMENT,
  `origin_add` varchar(45) NOT NULL,
  `origin_id` varchar(45) NOT NULL,
  `origin_name` varchar(45) NOT NULL,
  `destiny_add` varchar(45) NOT NULL,
  `destiny_name` varchar(45) NOT NULL,
  `destiny_id` varchar(45) NOT NULL,
  `status` tinyint(1) NOT NULL,
  `has_resources` tinyint(1) NOT NULL,
  `vcpus` int(11) NOT NULL,
  `mem` bigint(20) NOT NULL,
  `disk` bigint(20) NOT NULL,
  `timestamp_received` timestamp NULL DEFAULT NULL,
  `timestamp_finished` timestamp NULL DEFAULT NULL,
  PRIMARY KEY (`id`)
) ENGINE=InnoDB AUTO_INCREMENT=150 DEFAULT CHARSET=utf8;
/*!40101 SET character_set_client = @saved_cs_client */;

--
-- Dumping data for table `VM`
--

LOCK TABLES `VM` WRITE;
/*!40000 ALTER TABLE `VM` DISABLE KEYS */;
INSERT INTO `VM` VALUES (1,'192.168.0.200','playerVirtual1_450512000','playerVirtual1','192.168.0.200','playerVirtual2','playerVirtual2_de2bc8dd14',1,1,1,2048,20,'2018-02-22 13:14:37',NULL),(2,'192.168.0.200','playerVirtual2_1438244924','playerVirtual2','192.168.0.200','playerVirtual1','playerVirtual1_434eece088',3,1,1,2048,20,'2018-02-22 13:14:39','2018-02-22 14:09:21'),(3,'192.168.0.200','playerVirtual0_640692267','playerVirtual0','192.168.0.200','playerVirtual2','playerVirtual2_a920cecb4a',1,1,1,512,1,'2018-02-22 13:14:42',NULL),(4,'192.168.0.200','playerVirtual1_2381571381','playerVirtual1','192.168.0.200','playerVirtual0','playerVirtual1_2381571381',0,1,1,2048,20,'2018-02-22 13:16:43','2018-02-22 13:16:43'),(5,'192.168.0.200','playerVirtual2_5297461910','playerVirtual2','192.168.0.200','playerVirtual0','playerVirtual2_5297461910',0,1,1,512,1,'2018-02-22 13:16:45','2018-02-22 13:16:45'),(6,'192.168.0.200','playerVirtual0_2790332778','playerVirtual0','192.168.0.200','playerVirtual2','playerVirtual2_023dae8ad0',1,1,2,4096,40,'2018-02-22 13:16:48',NULL),(7,'192.168.0.200','playerVirtual1_369721705','playerVirtual1','192.168.0.200','playerVirtual3','playerVirtual3_0640a1df04',1,1,2,4096,40,'2018-02-22 13:18:50',NULL),(8,'192.168.0.200','playerVirtual2_317469422','playerVirtual2','192.168.0.200','playerVirtual0','playerVirtual2_317469422',0,1,2,4096,40,'2018-02-22 13:18:52','2018-02-22 13:18:52'),(9,'192.168.0.200','playerVirtual0_6955737','playerVirtual0','192.168.0.200','playerVirtual2','playerVirtual2_4f2b7f8725',1,1,1,2048,20,'2018-02-22 13:18:55',NULL),(10,'192.168.0.200','playerVirtual3_257338104','playerVirtual3','192.168.0.200','playerVirtual0','playerVirtual3_257338104',0,1,2,4096,40,'2018-02-22 13:19:45','2018-02-22 13:19:45'),(11,'192.168.0.200','playerVirtual1_3584940347','playerVirtual1','192.168.0.200','playerVirtual3','playerVirtual3_e57ac496d8',1,1,1,512,1,'2018-02-22 13:20:57',NULL),(12,'192.168.0.200','playerVirtual2_2433236783','playerVirtual2','192.168.0.200','playerVirtual0','playerVirtual2_2433236783',0,1,1,2048,20,'2018-02-22 13:20:59','2018-02-22 13:20:59'),(13,'192.168.0.200','playerVirtual0_3338579772','playerVirtual0','192.168.0.200','playerVirtual2','playerVirtual2_904b0add14',1,1,1,2048,20,'2018-02-22 13:21:03',NULL),(14,'192.168.0.200','playerVirtual3_257407216','playerVirtual3','192.168.0.200','playerVirtual0','playerVirtual3_257407216',0,1,2,4096,40,'2018-02-22 13:21:46','2018-02-22 13:21:46'),(15,'192.168.0.200','playerVirtual1_182859403','playerVirtual1','192.168.0.200','playerVirtual2','playerVirtual2_1a0ac3b348',1,1,1,512,1,'2018-02-22 13:23:12',NULL),(16,'192.168.0.200','playerVirtual2_2359368952','playerVirtual2','192.168.0.200','playerVirtual1','playerVirtual2_2359368952',0,0,1,512,1,'2018-02-22 13:23:17','2018-02-22 13:23:17'),(17,'192.168.0.200','playerVirtual3_2545640208','playerVirtual3','192.168.0.200','playerVirtual4','playerVirtual4_844303fe5a',1,1,1,2048,20,'2018-02-22 13:24:22',NULL),(18,'192.168.0.200','playerVirtual4_908315','playerVirtual4','192.168.0.200','playerVirtual2','playerVirtual2_e7ac1ffaab',3,1,1,2048,20,'2018-02-22 13:25:14','2018-02-22 14:37:02'),(19,'192.168.0.200','playerVirtual1_539194189','playerVirtual1','192.168.0.200','playerVirtual1557','playerVirtual1_539194189',0,1,1,2048,20,'2018-02-22 13:25:43','2018-02-22 13:25:43'),(20,'192.168.0.200','playerVirtual2_4820204870','playerVirtual2','192.168.0.200','playerVirtual4','playerVirtual4_82ce1411c0',3,1,2,4096,40,'2018-02-22 13:26:25','2018-02-22 13:53:38'),(21,'192.168.0.200','playerVirtual3_8058564','playerVirtual3','192.168.0.200','playerVirtual1557','playerVirtual3_8058564',0,1,1,2048,20,'2018-02-22 13:28:04','2018-02-22 13:28:04'),(22,'192.168.0.200','playerVirtual1557_1429160667','playerVirtual1557','192.168.0.200','playerVirtual5','playerVirtual5_9aa4dda03a',1,1,1,2048,20,'2018-02-22 13:28:42',NULL),(23,'192.168.0.200','playerVirtual4_3338010893','playerVirtual4','192.168.0.200','playerVirtual1557','playerVirtual4_3338010893',0,1,1,512,1,'2018-02-22 13:28:55','2018-02-22 13:28:55'),(24,'192.168.0.200','playerVirtual1_82730999','playerVirtual1','192.168.0.200','playerVirtual4','playerVirtual4_2e9c1b39bc',1,1,1,512,1,'2018-02-22 13:29:35',NULL),(25,'192.168.0.200','playerVirtual2_351652724','playerVirtual2','192.168.0.200','playerVirtual5','playerVirtual5_3562cc3659',1,1,1,2048,20,'2018-02-22 13:29:42',NULL),(26,'192.168.0.200','playerVirtual3_778566023','playerVirtual3','192.168.0.200','playerVirtual1557','playerVirtual3_778566023',0,1,1,512,1,'2018-02-22 13:30:49','2018-02-22 13:30:49'),(27,'192.168.0.200','playerVirtual1557_1436344784','playerVirtual1557','192.168.0.200','playerVirtual4','playerVirtual4_0fae0d21f8',1,1,1,2048,20,'2018-02-22 13:30:55',NULL),(28,'192.168.0.200','playerVirtual4_1339662','playerVirtual4','192.168.0.200','playerVirtual5','playerVirtual5_39eee05f69',1,1,1,2048,20,'2018-02-22 13:31:46',NULL),(29,'192.168.0.200','playerVirtual5_6571218','playerVirtual5','192.168.0.200','playerVirtual1557','playerVirtual5_6571218',0,1,1,2048,20,'2018-02-22 13:32:01','2018-02-22 13:32:01'),(30,'192.168.0.200','playerVirtual1_317497342','playerVirtual1','192.168.0.200','playerVirtual4','playerVirtual4_e4060634eb',1,1,1,512,1,'2018-02-22 13:32:16',NULL),(31,'192.168.0.200','playerVirtual2_284794223','playerVirtual2','192.168.0.200','playerVirtual5','playerVirtual5_c17e8a9d29',1,1,1,2048,20,'2018-02-22 13:32:59',NULL),(32,'192.168.0.200','playerVirtual5_257338074','playerVirtual5','192.168.0.200','playerVirtual6','playerVirtual6_e6acf49ad3',1,1,2,4096,40,'2018-02-22 13:34:10',NULL),(33,'192.168.0.200','playerVirtual3_359920779','playerVirtual3','192.168.0.200','playerVirtual5','playerVirtual5_f3795dc884',3,1,1,512,1,'2018-02-22 13:34:37','2018-02-22 15:08:11'),(34,'192.168.0.200','playerVirtual4_2904109077','playerVirtual4','192.168.0.200','playerVirtual2','playerVirtual2_56fd7c0de9',1,1,1,512,1,'2018-02-22 13:35:31',NULL),(35,'192.168.0.200','playerVirtual1_905614','playerVirtual1','192.168.0.200','playerVirtual6','playerVirtual6_54e9f7e30e',1,1,1,2048,20,'2018-02-22 13:36:09',NULL),(36,'192.168.0.200','playerVirtual2_6569547','playerVirtual2','192.168.0.200','playerVirtual4','playerVirtual4_db3468f7c6',1,1,1,2048,20,'2018-02-22 13:36:18',NULL),(37,'192.168.0.200','playerVirtual6_1093460','playerVirtual6','192.168.0.200','playerVirtual3','playerVirtual6_1093460',0,0,1,512,1,'2018-02-22 13:37:09','2018-02-22 13:37:09'),(38,'192.168.0.200','playerVirtual3_30788568','playerVirtual3','192.168.0.200','playerVirtual1779','playerVirtual3_30788568',0,1,1,512,1,'2018-02-22 13:37:29','2018-02-22 13:37:29'),(39,'192.168.0.200','playerVirtual4_5792765','playerVirtual4','192.168.0.200','playerVirtual2','playerVirtual2_58e43c8ddb',1,1,1,512,1,'2018-02-22 13:38:27',NULL),(40,'192.168.0.200','playerVirtual5_470485660','playerVirtual5','192.168.0.200','playerVirtual7','playerVirtual7_de6e67e058',1,1,2,4096,40,'2018-02-22 13:38:38',NULL),(41,'192.168.0.200','playerVirtual1_38671842','playerVirtual1','192.168.0.200','playerVirtual6','playerVirtual6_7ae59632fa',1,1,1,512,1,'2018-02-22 13:39:04',NULL),(42,'192.168.0.200','playerVirtual6_4819935267','playerVirtual6','192.168.0.200','playerVirtual1779','playerVirtual6_4819935267',0,1,2,4096,40,'2018-02-22 13:39:32','2018-02-22 13:39:32'),(43,'192.168.0.200','playerVirtual2_4820318661','playerVirtual2','192.168.0.200','playerVirtual4','playerVirtual4_28bce2daa2',1,1,2,4096,40,'2018-02-22 13:39:54',NULL),(44,'192.168.0.200','playerVirtual1779_400453824','playerVirtual1779','192.168.0.200','playerVirtual6','playerVirtual6_c4919f753c',1,1,1,512,1,'2018-02-22 13:41:05',NULL),(45,'192.168.0.200','playerVirtual5_5068098508','playerVirtual5','192.168.0.200','playerVirtual1779','playerVirtual5_5068098508',0,1,1,2048,20,'2018-02-22 13:41:24','2018-02-22 13:41:24'),(46,'192.168.0.200','playerVirtual3_4820217293','playerVirtual3','192.168.0.200','playerVirtual6','playerVirtual6_059292eb9a',1,1,2,4096,40,'2018-02-22 13:41:37',NULL),(47,'192.168.0.200','playerVirtual7_6264344062','playerVirtual7','192.168.0.200','playerVirtual1779','playerVirtual7_6264344062',0,1,1,512,1,'2018-02-22 13:42:35','2018-02-22 13:42:35'),(48,'192.168.0.200','playerVirtual4_2378747961','playerVirtual4','192.168.0.200','playerVirtual6','playerVirtual6_f1e42c4a74',3,1,1,512,1,'2018-02-22 13:42:39','2018-02-22 14:09:29'),(49,'192.168.0.200','playerVirtual1779_2148750930','playerVirtual1779','192.168.0.200','playerVirtual8','playerVirtual8_1e927c3dc6',1,1,1,2048,20,'2018-02-22 13:44:49',NULL),(50,'192.168.0.200','playerVirtual6_1095593','playerVirtual6','192.168.0.200','playerVirtual4','playerVirtual4_7f312a24b4',3,1,1,512,1,'2018-02-22 13:45:37','2018-02-22 14:14:01'),(51,'192.168.0.200','playerVirtual3_765651','playerVirtual3','192.168.0.200','playerVirtual1779','playerVirtual3_765651',0,1,1,2048,20,'2018-02-22 13:46:08','2018-02-22 13:46:08'),(52,'192.168.0.200','playerVirtual7_5623125514','playerVirtual7','192.168.0.200','playerVirtual8','playerVirtual8_4e8fe3cb99',1,1,1,2048,20,'2018-02-22 13:46:20',NULL),(53,'192.168.0.200','playerVirtual4_284757920','playerVirtual4','192.168.0.200','playerVirtual6','playerVirtual6_5c0c9b9c96',1,1,1,2048,20,'2018-02-22 13:47:13',NULL),(54,'192.168.0.200','playerVirtual5_563574327','playerVirtual5','192.168.0.200','playerVirtual1779','playerVirtual5_563574327',0,1,1,2048,20,'2018-02-22 13:47:14','2018-02-22 13:47:14'),(55,'192.168.0.200','playerVirtual2_272887063','playerVirtual2','192.168.0.200','playerVirtual4','playerVirtual4_ea160759ad',3,1,1,2048,20,'2018-02-22 13:47:42','2018-02-22 13:57:43'),(56,'192.168.0.200','playerVirtual6_38676294','playerVirtual6','192.168.0.200','playerVirtual8','playerVirtual8_06342332ca',1,1,1,512,1,'2018-02-22 13:48:24',NULL),(57,'192.168.0.200','playerVirtual8_16915963','playerVirtual8','192.168.0.200','playerVirtual9','playerVirtual9_450e24ef90',1,1,1,2048,20,'2018-02-22 13:49:14',NULL),(58,'192.168.0.200','playerVirtual1779_6274355716','playerVirtual1779','192.168.0.200','playerVirtual8','playerVirtual8_1bd58dd5c6',1,1,1,512,1,'2018-02-22 13:49:58',NULL),(59,'192.168.0.200','playerVirtual3_182859403','playerVirtual3','192.168.0.200','playerVirtual1779','playerVirtual3_182859403',0,1,1,512,1,'2018-02-22 13:51:31','2018-02-22 13:51:31'),(60,'192.168.0.200','playerVirtual5_990694203','playerVirtual5','192.168.0.200','playerVirtual9','playerVirtual9_61e757511b',3,1,1,2048,20,'2018-02-22 13:52:04','2018-02-22 14:27:23'),(61,'192.168.0.200','playerVirtual7_4820204870','playerVirtual7','192.168.0.200','playerVirtual8','playerVirtual8_d919dab8dd',1,1,2,4096,40,'2018-02-22 13:52:44',NULL),(62,'192.168.0.200','playerVirtual4_990694203','playerVirtual4','192.168.0.200','playerVirtual8','playerVirtual8_d7de96908d',3,1,1,2048,20,'2018-02-22 13:53:06','2018-02-22 13:57:40'),(63,'192.168.0.200','playerVirtual8_4476462938','playerVirtual8','192.168.0.200','playerVirtual5','playerVirtual8_4476462938',0,0,1,2048,20,'2018-02-22 13:53:26','2018-02-22 13:53:26'),(64,'192.168.0.200','playerVirtual9_6280638724','playerVirtual9','192.168.0.200','playerVirtual10','playerVirtual10_3e3d4973e8',1,1,1,512,1,'2018-02-22 13:56:15',NULL),(65,'192.168.0.200','playerVirtual6_6280643141','playerVirtual6','192.168.0.200','playerVirtual4','playerVirtual4_2df97162ee',1,1,1,512,1,'2018-02-22 13:56:21',NULL),(66,'192.168.0.200','playerVirtual7_2359368952','playerVirtual7','192.168.0.200','playerVirtual10','playerVirtual10_a4a1fd0f86',1,1,1,512,1,'2018-02-22 13:57:24',NULL),(67,'192.168.0.200','playerVirtual9_214880781','playerVirtual9','192.168.0.200','playerVirtual1295','playerVirtual9_214880781',0,1,1,2048,20,'2018-02-22 13:58:57','2018-02-22 13:58:57'),(68,'192.168.0.200','playerVirtual6_1094955','playerVirtual6','192.168.0.200','playerVirtual11','playerVirtual11_0864671545',1,1,1,512,1,'2018-02-22 13:59:51',NULL),(69,'192.168.0.200','playerVirtual8_1436323714','playerVirtual8','192.168.0.200','playerVirtual9','playerVirtual9_e5c82b86be',1,1,1,2048,20,'2018-02-22 14:00:29',NULL),(70,'192.168.0.200','playerVirtual10_6282149131','playerVirtual10','192.168.0.200','playerVirtual1295','playerVirtual10_6282149131',0,1,1,512,1,'2018-02-22 14:01:36','2018-02-22 14:01:36'),(71,'192.168.0.200','playerVirtual3_682797','playerVirtual3','192.168.0.200','playerVirtual10','playerVirtual10_4f9f7d487f',1,1,1,2048,20,'2018-02-22 14:01:54',NULL),(72,'192.168.0.200','playerVirtual5_6641406','playerVirtual5','192.168.0.200','playerVirtual11','playerVirtual11_f27b4032ee',1,1,1,2048,20,'2018-02-22 14:02:50',NULL),(73,'192.168.0.200','playerVirtual2_182859403','playerVirtual2','192.168.0.200','playerVirtual8','playerVirtual8_0c29249525',3,1,1,512,1,'2018-02-22 14:03:21','2018-02-22 14:19:30'),(74,'192.168.0.200','playerVirtual4_16914091','playerVirtual4','192.168.0.200','playerVirtual12','playerVirtual12_cc2bbcaa2e',1,1,1,2048,20,'2018-02-22 14:03:36',NULL),(75,'192.168.0.200','playerVirtual7_6955737','playerVirtual7','192.168.0.200','playerVirtual1295','playerVirtual7_6955737',0,1,1,2048,20,'2018-02-22 14:05:03','2018-02-22 14:05:03'),(76,'192.168.0.200','playerVirtual10_2378747961','playerVirtual10','192.168.0.200','playerVirtual11','playerVirtual11_fb6cae47e9',3,1,1,512,1,'2018-02-22 14:05:24','2018-02-22 14:19:43'),(77,'192.168.0.200','playerVirtual8_2381571381','playerVirtual8','192.168.0.200','playerVirtual10','playerVirtual10_0c52e79f2f',1,1,1,2048,20,'2018-02-22 14:06:14',NULL),(78,'192.168.0.200','playerVirtual1295_6285257156','playerVirtual1295','192.168.0.200','playerVirtual12','playerVirtual12_76910301d4',1,1,1,512,1,'2018-02-22 14:06:47',NULL),(79,'192.168.0.200','playerVirtual11_6955737','playerVirtual11','192.168.0.200','playerVirtual1295','playerVirtual11_6955737',0,1,1,2048,20,'2018-02-22 14:08:07','2018-02-22 14:08:07'),(80,'192.168.0.200','playerVirtual3_6289355687','playerVirtual3','192.168.0.200','playerVirtual13','playerVirtual13_fb34c70248',1,1,1,512,1,'2018-02-22 14:08:46',NULL),(81,'192.168.0.200','playerVirtual9_1438244924','playerVirtual9','192.168.0.200','playerVirtual10','playerVirtual10_9cf035d038',3,1,1,2048,20,'2018-02-22 14:08:53','2018-02-22 14:12:26'),(82,'192.168.0.200','playerVirtual6_3338579772','playerVirtual6','192.168.0.200','playerVirtual8','playerVirtual8_dee7fb167b',1,1,1,2048,20,'2018-02-22 14:09:01',NULL),(83,'192.168.0.200','playerVirtual5_6289704471','playerVirtual5','192.168.0.200','playerVirtual12','playerVirtual12_fb1147a26f',2,1,1,512,1,'2018-02-22 14:10:25','2018-02-22 14:38:19'),(84,'192.168.0.200','playerVirtual1295_990694203','playerVirtual1295','192.168.0.200','playerVirtual13','playerVirtual13_052ec55d84',2,1,1,2048,20,'2018-02-22 14:11:30','2018-02-22 14:22:25'),(85,'192.168.0.200','playerVirtual11_6296865278','playerVirtual11','192.168.0.200','playerVirtual14','playerVirtual14_12bab5e349',1,1,1,512,1,'2018-02-22 14:13:42',NULL),(86,'192.168.0.200','playerVirtual12_1438244924','playerVirtual12','192.168.0.200','playerVirtual10','playerVirtual10_0d3519897f',1,1,1,2048,20,'2018-02-22 14:14:02',NULL),(87,'192.168.0.200','playerVirtual8_794070039','playerVirtual8','192.168.0.200','playerVirtual6','playerVirtual6_b18abf4866',1,1,1,512,1,'2018-02-22 14:14:25',NULL),(88,'192.168.0.200','playerVirtual10_1436344784','playerVirtual10','192.168.0.200','playerVirtual13','playerVirtual13_20f12e51c1',3,1,1,2048,20,'2018-02-22 14:15:23','2018-02-22 15:26:25'),(89,'192.168.0.200','playerVirtual3_6264344062','playerVirtual3','192.168.0.200','playerVirtual15','playerVirtual15_7424349a41',1,1,1,2048,20,'2018-02-22 14:19:43',NULL),(90,'192.168.0.200','playerVirtual4_182859403','playerVirtual4','192.168.0.200','playerVirtual11','playerVirtual11_38ee6fed0c',3,1,1,512,1,'2018-02-22 14:19:46','2018-02-22 14:25:40'),(91,'192.168.0.200','playerVirtual5_990694203','playerVirtual5','192.168.0.200','playerVirtual14','playerVirtual14_329e20737a',3,1,1,2048,20,'2018-02-22 14:20:50','2018-02-22 14:27:23'),(92,'192.168.0.200','playerVirtual13_6296268057','playerVirtual13','192.168.0.200','playerVirtual10','playerVirtual10_9f052bacb6',1,1,1,512,1,'2018-02-22 14:21:27',NULL),(93,'192.168.0.200','playerVirtual12_6274355716','playerVirtual12','192.168.0.200','playerVirtual13','playerVirtual13_8a603c27eb',1,1,1,512,1,'2018-02-22 14:23:21',NULL),(94,'192.168.0.200','playerVirtual9_6301942525','playerVirtual9','192.168.0.200','playerVirtual16','playerVirtual16_448862e3cd',1,1,1,512,1,'2018-02-22 14:26:13',NULL),(95,'192.168.0.200','playerVirtual8_182859403','playerVirtual8','192.168.0.200','playerVirtual15','playerVirtual15_034c0db121',1,1,1,512,1,'2018-02-22 14:27:07',NULL),(96,'192.168.0.200','playerVirtual6_6289704471','playerVirtual6','192.168.0.200','playerVirtual4','playerVirtual4_7e7e72b586',3,1,1,2048,20,'2018-02-22 14:28:06','2018-02-22 14:34:10'),(97,'192.168.0.200','playerVirtual11_1095593','playerVirtual11','192.168.0.200','playerVirtual14','playerVirtual14_be3dec19b5',3,1,1,512,1,'2018-02-22 14:28:19','2018-02-22 14:34:08'),(98,'192.168.0.200','playerVirtual7_908315','playerVirtual7','192.168.0.200','playerVirtual17','playerVirtual17_cb95865eec',1,1,1,2048,20,'2018-02-22 14:28:38',NULL),(99,'192.168.0.200','playerVirtual14_5297461910','playerVirtual14','192.168.0.200','playerVirtual11','playerVirtual11_0cfa43764e',1,1,1,512,1,'2018-02-22 14:29:38',NULL),(100,'192.168.0.200','playerVirtual13_4246147567','playerVirtual13','192.168.0.200','playerVirtual10','playerVirtual10_aab0dd3aa3',3,1,2,4096,40,'2018-02-22 14:30:42','2018-02-22 15:09:04'),(101,'192.168.0.200','playerVirtual3_6289704471','playerVirtual3','192.168.0.200','playerVirtual13','playerVirtual13_915f30af1d',1,1,1,2048,20,'2018-02-22 14:31:31',NULL),(102,'192.168.0.200','playerVirtual9_4246147567','playerVirtual9','192.168.0.200','playerVirtual18','playerVirtual18_cef6eb427e',3,1,2,4096,40,'2018-02-22 14:35:13','2018-02-22 14:50:03'),(103,'192.168.0.200','playerVirtual15_539194189','playerVirtual15','192.168.0.200','playerVirtual1392','playerVirtual15_539194189',0,1,1,2048,20,'2018-02-22 14:36:35','2018-02-22 14:36:35'),(104,'192.168.0.200','playerVirtual14_4246147567','playerVirtual14','192.168.0.200','playerVirtual16','playerVirtual16_dcc63b825b',3,1,2,4096,40,'2018-02-22 14:36:36','2018-02-22 14:53:40'),(105,'192.168.0.200','playerVirtual10_4246147567','playerVirtual10','192.168.0.200','playerVirtual8','playerVirtual8_12cdba21d1',3,1,2,4096,40,'2018-02-22 14:36:53','2018-02-22 15:05:02'),(106,'192.168.0.200','playerVirtual12_6315250734','playerVirtual12','192.168.0.200','playerVirtual15','playerVirtual15_3188fb47e8',1,1,1,512,1,'2018-02-22 14:37:30',NULL),(107,'192.168.0.200','playerVirtual8_2378747961','playerVirtual8','192.168.0.200','playerVirtual2','playerVirtual2_d91115bbfb',3,1,1,512,1,'2018-02-22 14:38:21','2018-02-22 15:36:39'),(108,'192.168.0.200','playerVirtual7_5068098508','playerVirtual7','192.168.0.200','playerVirtual19','playerVirtual19_ce4e367adb',3,1,1,2048,20,'2018-02-22 14:40:43','2018-02-22 15:20:20'),(109,'192.168.0.200','playerVirtual2_4246147567','playerVirtual2','192.168.0.200','playerVirtual12','playerVirtual12_692778dd2d',3,1,2,4096,40,'2018-02-22 14:41:04','2018-02-22 15:13:47'),(110,'192.168.0.200','playerVirtual15_1095593','playerVirtual15','192.168.0.200','playerVirtual14','playerVirtual14_67933e0c65',1,1,1,512,1,'2018-02-22 14:43:02',NULL),(111,'192.168.0.200','playerVirtual16_4246147567','playerVirtual16','192.168.0.200','playerVirtual13','playerVirtual16_4246147567',0,1,2,4096,40,'2018-02-22 14:43:56','2018-02-22 14:43:56'),(112,'192.168.0.200','playerVirtual3_990694203','playerVirtual3','192.168.0.200','playerVirtual18','playerVirtual18_4de401da65',3,1,1,2048,20,'2018-02-22 14:44:06','2018-02-22 15:35:56'),(113,'192.168.0.200','playerVirtual12_6322213339','playerVirtual12','192.168.0.200','playerVirtual16','playerVirtual16_226c51427f',1,1,1,512,1,'2018-02-22 14:49:01',NULL),(114,'192.168.0.200','playerVirtual4_4246147567','playerVirtual4','192.168.0.200','playerVirtual10','playerVirtual10_a1530335b7',3,1,2,4096,40,'2018-02-22 14:49:01','2018-02-22 15:28:41'),(115,'192.168.0.200','playerVirtual17_6316827871','playerVirtual17','192.168.0.200','playerVirtual15','playerVirtual15_3b61b5a6a7',1,1,1,512,1,'2018-02-22 14:49:28',NULL),(116,'192.168.0.200','playerVirtual11_4246147567','playerVirtual11','192.168.0.200','playerVirtual8','playerVirtual8_1274042ac8',3,1,2,4096,40,'2018-02-22 14:51:57','2018-02-22 15:24:25'),(117,'192.168.0.200','playerVirtual6_4246147567','playerVirtual6','192.168.0.200','playerVirtual4','playerVirtual4_f2541aebfc',3,1,2,4096,40,'2018-02-22 14:51:58','2018-02-22 15:24:56'),(118,'192.168.0.200','playerVirtual8_359920779','playerVirtual8','192.168.0.200','playerVirtual19','playerVirtual19_3ce4746030',1,1,1,512,1,'2018-02-22 14:52:49',NULL),(119,'192.168.0.200','playerVirtual7_4246147567','playerVirtual7','192.168.0.200','playerVirtual12','playerVirtual12_bed7870323',3,1,2,4096,40,'2018-02-22 14:54:39','2018-02-22 15:06:45'),(120,'192.168.0.200','playerVirtual18_4246147567','playerVirtual18','192.168.0.200','playerVirtual14','playerVirtual14_430661c139',3,1,2,4096,40,'2018-02-22 14:55:03','2018-02-22 15:23:31'),(121,'192.168.0.200','playerVirtual17_4246147567','playerVirtual17','192.168.0.200','playerVirtual13','playerVirtual17_4246147567',0,1,2,4096,40,'2018-02-22 14:55:23','2018-02-22 14:55:23'),(122,'192.168.0.200','playerVirtual13_4246147567','playerVirtual13','192.168.0.200','playerVirtual18','playerVirtual18_8ee571dd61',3,1,2,4096,40,'2018-02-22 14:56:10','2018-02-22 15:09:04'),(123,'192.168.0.200','playerVirtual19_4246147567','playerVirtual19','192.168.0.200','playerVirtual1406','playerVirtual19_4246147567',0,1,2,4096,40,'2018-02-22 15:01:05','2018-02-22 15:01:05'),(124,'192.168.0.200','playerVirtual10_4246147567','playerVirtual10','192.168.0.200','playerVirtual16','playerVirtual16_f18101fbf0',3,1,2,4096,40,'2018-02-22 15:01:47','2018-02-22 15:05:02'),(125,'192.168.0.200','playerVirtual9_6335261139','playerVirtual9','192.168.0.200','playerVirtual15','playerVirtual15_3150a304e6',1,1,1,512,1,'2018-02-22 15:01:56',NULL),(126,'192.168.0.200','playerVirtual15_4246147567','playerVirtual15','192.168.0.200','playerVirtual10','playerVirtual10_c9dfb07764',3,1,2,4096,40,'2018-02-22 15:02:51','2018-02-22 15:37:29'),(127,'192.168.0.200','playerVirtual5_4246147567','playerVirtual5','192.168.0.200','playerVirtual19','playerVirtual19_0d36fad404',3,1,2,4096,40,'2018-02-22 15:02:52','2018-02-22 15:10:39'),(128,'192.168.0.200','playerVirtual14_4246147567','playerVirtual14','192.168.0.200','playerVirtual12','playerVirtual14_4246147567',0,1,2,4096,40,'2018-02-22 15:03:34','2018-02-22 15:03:34'),(129,'192.168.0.200','playerVirtual12_4246147567','playerVirtual12','192.168.0.200','playerVirtual13','playerVirtual12_4246147567',0,1,2,4096,40,'2018-02-22 15:05:01','2018-02-22 15:05:01'),(130,'192.168.0.200','playerVirtual8_4246147567','playerVirtual8','192.168.0.200','playerVirtual4','playerVirtual4_3e2bafbb7b',3,1,2,4096,40,'2018-02-22 15:06:33','2018-02-22 15:21:01'),(131,'192.168.0.200','playerVirtual2_4246147567','playerVirtual2','192.168.0.200','playerVirtual14','playerVirtual14_e602950684',3,1,2,4096,40,'2018-02-22 15:07:09','2018-02-22 15:13:47'),(132,'192.168.0.200','playerVirtual16_4246147567','playerVirtual16','192.168.0.200','playerVirtual5','playerVirtual5_158cd0c519',1,1,2,4096,40,'2018-02-22 15:09:49',NULL),(133,'192.168.0.200','playerVirtual4_4246147567','playerVirtual4','192.168.0.200','playerVirtual8','playerVirtual8_1075ca3dd1',3,1,2,4096,40,'2018-02-22 15:17:18','2018-02-22 15:28:41'),(134,'192.168.0.200','playerVirtual9_6344084916','playerVirtual9','192.168.0.200','playerVirtual18','playerVirtual18_69a144ac11',1,1,1,512,1,'2018-02-22 15:18:37',NULL),(135,'192.168.0.200','playerVirtual11_4246147567','playerVirtual11','192.168.0.200','playerVirtual16','playerVirtual16_37ca7d4b96',3,1,2,4096,40,'2018-02-22 15:19:36','2018-02-22 15:24:25'),(136,'192.168.0.200','playerVirtual6_4246147567','playerVirtual6','192.168.0.200','playerVirtual10','playerVirtual10_734b3ed048',3,1,2,4096,40,'2018-02-22 15:19:57','2018-02-22 15:24:56'),(137,'192.168.0.200','playerVirtual18_4246147567','playerVirtual18','192.168.0.200','playerVirtual19','playerVirtual19_b54a76a07c',3,1,2,4096,40,'2018-02-22 15:22:30','2018-02-22 15:23:31'),(138,'192.168.0.200','playerVirtual3_990694203','playerVirtual3','192.168.0.200','playerVirtual12','playerVirtual12_873670e6ab',3,1,1,2048,20,'2018-02-22 15:23:43','2018-02-22 15:35:56'),(139,'192.168.0.200','playerVirtual17_4246147567','playerVirtual17','192.168.0.200','playerVirtual12','playerVirtual17_4246147567',0,1,2,4096,40,'2018-02-22 15:25:22','2018-02-22 15:25:22'),(140,'192.168.0.200','playerVirtual19_4246147567','playerVirtual19','192.168.0.200','playerVirtual1105','playerVirtual19_4246147567',0,1,2,4096,40,'2018-02-22 15:29:53','2018-02-22 15:29:53'),(141,'192.168.0.200','playerVirtual15_4246147567','playerVirtual15','192.168.0.200','playerVirtual14','playerVirtual14_3f40342b15',3,1,2,4096,40,'2018-02-22 15:32:03','2018-02-22 15:37:29'),(142,'192.168.0.200','playerVirtual5_272887063','playerVirtual5','192.168.0.200','playerVirtual12','playerVirtual5_272887063',0,1,1,2048,20,'2018-02-22 15:32:13','2018-02-22 15:32:13'),(143,'192.168.0.200','playerVirtual14_4246147567','playerVirtual14','192.168.0.200','playerVirtual4','playerVirtual4_0b09e6dce0',1,1,2,4096,40,'2018-02-22 15:33:09',NULL),(144,'192.168.0.200','playerVirtual9_82730999','playerVirtual9','192.168.0.200','playerVirtual1105','playerVirtual9_82730999',0,1,1,512,1,'2018-02-22 15:33:12','2018-02-22 15:33:12'),(145,'192.168.0.200','playerVirtual10_4820150269','playerVirtual10','192.168.0.200','playerVirtual8','playerVirtual8_a7a91978f6',1,1,2,4096,40,'2018-02-22 15:34:54',NULL),(146,'192.168.0.200','playerVirtual12_6566788','playerVirtual12','192.168.0.200','playerVirtual1105','playerVirtual12_6566788',0,1,1,2048,20,'2018-02-22 15:35:06','2018-02-22 15:35:06'),(147,'192.168.0.200','playerVirtual2_4246147567','playerVirtual2','192.168.0.200','playerVirtual18','playerVirtual18_d7364acf52',1,1,2,4096,40,'2018-02-22 15:36:02',NULL),(148,'192.168.0.200','playerVirtual7_6566788','playerVirtual7','192.168.0.200','playerVirtual12','playerVirtual12_ba826b44f1',1,1,1,2048,20,'2018-02-22 15:36:30',NULL),(149,'192.168.0.200','playerVirtual5_4246147567','playerVirtual5','192.168.0.200','playerVirtual1105','playerVirtual5_4246147567',0,1,2,4096,40,'2018-02-22 15:41:55','2018-02-22 15:41:55');
/*!40000 ALTER TABLE `VM` ENABLE KEYS */;
UNLOCK TABLES;
/*!40103 SET TIME_ZONE=@OLD_TIME_ZONE */;

/*!40101 SET SQL_MODE=@OLD_SQL_MODE */;
/*!40014 SET FOREIGN_KEY_CHECKS=@OLD_FOREIGN_KEY_CHECKS */;
/*!40014 SET UNIQUE_CHECKS=@OLD_UNIQUE_CHECKS */;
/*!40101 SET CHARACTER_SET_CLIENT=@OLD_CHARACTER_SET_CLIENT */;
/*!40101 SET CHARACTER_SET_RESULTS=@OLD_CHARACTER_SET_RESULTS */;
/*!40101 SET COLLATION_CONNECTION=@OLD_COLLATION_CONNECTION */;
/*!40111 SET SQL_NOTES=@OLD_SQL_NOTES */;

-- Dump completed on 2018-02-22 12:42:30
