-- MySQL dump 10.14  Distrib 5.5.58-MariaDB, for debian-linux-gnu (x86_64)
--
-- Host: localhost    Database: mct
-- ------------------------------------------------------
-- Server version	5.5.58-MariaDB-1ubuntu0.14.04.1

/*!40101 SET @OLD_CHARACTER_SET_CLIENT=@@CHARACTER_SET_CLIENT */;
/*!40101 SET @OLD_CHARACTER_SET_RESULTS=@@CHARACTER_SET_RESULTS */;
/*!40101 SET @OLD_COLLATION_CONNECTION=@@COLLATION_CONNECTION */;
/*!40101 SET NAMES utf8 */;
/*!40103 SET @OLD_TIME_ZONE=@@TIME_ZONE */;
/*!40103 SET TIME_ZONE='+00:00' */;
/*!40014 SET @OLD_UNIQUE_CHECKS=@@UNIQUE_CHECKS, UNIQUE_CHECKS=0 */;
/*!40014 SET @OLD_FOREIGN_KEY_CHECKS=@@FOREIGN_KEY_CHECKS, FOREIGN_KEY_CHECKS=0 */;
/*!40101 SET @OLD_SQL_MODE=@@SQL_MODE, SQL_MODE='NO_AUTO_VALUE_ON_ZERO' */;
/*!40111 SET @OLD_SQL_NOTES=@@SQL_NOTES, SQL_NOTES=0 */;

--
-- Table structure for table `FIELDS`
--

DROP TABLE IF EXISTS `FIELDS`;
/*!40101 SET @saved_cs_client     = @@character_set_client */;
/*!40101 SET character_set_client = utf8 */;
CREATE TABLE `FIELDS` (
  `operation` int(11) NOT NULL,
  `fields` varchar(45) NOT NULL,
  PRIMARY KEY (`operation`)
) ENGINE=InnoDB DEFAULT CHARSET=utf8;
/*!40101 SET character_set_client = @saved_cs_client */;

--
-- Dumping data for table `FIELDS`
--

LOCK TABLES `FIELDS` WRITE;
/*!40000 ALTER TABLE `FIELDS` DISABLE KEYS */;
INSERT INTO `FIELDS` VALUES (0,'name mem image vcpus disk uuid');
/*!40000 ALTER TABLE `FIELDS` ENABLE KEYS */;
UNLOCK TABLES;

--
-- Table structure for table `PLAYER`
--

DROP TABLE IF EXISTS `PLAYER`;
/*!40101 SET @saved_cs_client     = @@character_set_client */;
/*!40101 SET character_set_client = utf8 */;
CREATE TABLE `PLAYER` (
  `id` int(11) NOT NULL AUTO_INCREMENT,
  `name` varchar(45) NOT NULL,
  `address` varchar(45) NOT NULL,
  `division` int(11) DEFAULT NULL,
  `score` float DEFAULT '0',
  `history` int(11) DEFAULT '0',
  `fairness` float DEFAULT '0',
  `accepts` int(11) DEFAULT '0',
  `rejects` int(11) DEFAULT '0',
  `running` int(11) DEFAULT '0',
  `finished` int(11) DEFAULT '0',
  `problem_del` int(11) DEFAULT '0',
  `vcpus` int(11) DEFAULT '0',
  `memory` bigint(20) DEFAULT '0',
  `local_gb` bigint(20) DEFAULT '0',
  `vcpus_used` bigint(20) DEFAULT '0',
  `memory_used` bigint(20) DEFAULT '0',
  `local_gb_used` bigint(20) DEFAULT '0',
  `max_instance` int(11) DEFAULT '0',
  `token` varchar(45) DEFAULT NULL,
  `suspend` timestamp NULL DEFAULT NULL,
  `enabled` int(11) DEFAULT '0',
  `last_choice` timestamp NOT NULL DEFAULT '2018-01-01 02:00:00',
  `playoff` tinyint(1) DEFAULT '0',
  PRIMARY KEY (`id`)
) ENGINE=InnoDB AUTO_INCREMENT=28 DEFAULT CHARSET=utf8;
/*!40101 SET character_set_client = @saved_cs_client */;

--
-- Dumping data for table `PLAYER`
--

LOCK TABLES `PLAYER` WRITE;
/*!40000 ALTER TABLE `PLAYER` DISABLE KEYS */;
INSERT INTO `PLAYER` VALUES (1,'playerVirtual1','192.168.0.200',4,-2,0,1,1,2,0,1,0,1023,1047552,10230,0,0,0,1,'ca3ac111ed439af1418b6a6abf4e4162786b0261',NULL,0,'2018-03-03 01:55:35',1),(2,'playerVirtual2','192.168.0.200',1,11.28,30,0.625,8,0,7,1,0,1023,1047552,10230,11,20992,201,9,'5bc3b3851d0de782ce3339bee692531e12956a97',NULL,1,'2018-03-03 03:45:25',0),(3,'playerVirtual3','192.168.0.200',3,1.32,29,0.866667,2,2,2,0,0,1023,1047552,10230,3,4608,41,2,'c773c51c1153556da1505251bf642e405548a88a',NULL,1,'2018-03-03 03:47:50',0),(4,'playerVirtual4','192.168.0.200',2,8.64,28,0.714286,12,0,9,3,0,1023,1047552,10230,10,14336,124,9,'e0baa6d8ba6b11418127334c4ba014cc6745e874',NULL,1,'2018-03-03 03:56:25',0),(5,'playerVirtual0','192.168.0.200',4,-10,0,1,0,5,0,0,0,1023,1047552,10230,0,0,0,99,'da7d41f5510c44a0e75965f911ca3e17f66b4c81',NULL,0,'2018-03-03 02:06:34',1),(6,'playerVirtual5','192.168.0.200',1,10.62,27,0.75,9,0,3,6,0,1023,1047552,10230,3,3072,22,5,'ced5ac012d29edad7401bb045506fe3e4682f57a',NULL,1,'2018-03-03 04:08:41',0),(7,'playerVirtual6','192.168.0.200',1,9.96,26,0.916667,10,0,6,4,0,1023,1047552,10230,8,14848,141,7,'d6298ce67af0a66f03567e4c2cc54640a22f9360',NULL,1,'2018-03-03 04:01:24',0),(8,'playerVirtual1877','192.168.0.200',4,-6,0,0,0,3,0,0,0,1023,1047552,10230,0,0,0,99,'c30aa74c33730f78044850f8974c4f3fe442e1c0',NULL,0,'2018-03-03 02:15:40',1),(9,'playerVirtual7','192.168.0.200',3,0.33,25,0,1,1,1,0,0,1023,1047552,10230,1,512,1,1,'b953d0d1349a9e7f0ba151ac9ad8214a118488ef',NULL,1,'2018-03-03 03:51:15',0),(10,'playerVirtual8','192.168.0.200',1,12.62,24,1,12,0,6,6,0,1023,1047552,10230,8,13312,122,9,'ccfd5d71889b55fcbd77aa85122f5c5f58224083',NULL,1,'2018-03-03 04:15:42',0),(11,'playerVirtual1200','192.168.0.200',4,-4,0,0,0,2,0,0,0,1023,1047552,10230,0,0,0,99,'ed1021a7e6dc4b72a72ec7a849e279bfac7720c8',NULL,0,'2018-03-03 02:27:23',1),(12,'playerVirtual9','192.168.0.200',3,1.33,23,0.75,2,0,2,0,0,1023,1047552,10230,2,2560,21,2,'f431e1cbb0d4e8588940956ba87188dedade66b1',NULL,1,'2018-03-03 02:27:49',0),(13,'playerVirtual10','192.168.0.200',2,8.64,22,0.714286,9,0,8,1,0,1023,1047552,10230,9,12288,104,8,'72176c69104d88312318044ca212c7baf3bd81b7',NULL,1,'2018-03-03 04:03:30',0),(14,'playerVirtual11','192.168.0.200',3,0.33,21,0.833333,3,1,3,0,0,1023,1047552,10230,3,4608,41,3,'da2f5e49df7cf26deedc05cf7cbd45e66426793e',NULL,1,'2018-03-03 04:00:43',0),(15,'playerVirtual1852','192.168.0.200',4,-4,0,0,0,2,0,0,0,1023,1047552,10230,0,0,0,99,'05e5942d069dfb53aa868bb453e9cf557ccdbabc',NULL,0,'2018-03-03 02:39:45',1),(16,'playerVirtual12','192.168.0.200',3,1.33,20,0.75,3,0,3,0,0,1023,1047552,10230,3,4608,41,3,'b7a8188733d8064e7a0f004bb1f671b8ea26d4e5',NULL,1,'2018-03-03 02:46:11',0),(17,'playerVirtual13','192.168.0.200',2,8.63,19,0.5,8,0,3,5,0,1023,1047552,10230,4,8192,80,5,'347a60801c94e2037a6e01524dbf0312ee55ebe8',NULL,1,'2018-03-03 04:16:14',0),(18,'playerVirtual1769','192.168.0.200',4,-4,0,0,0,2,0,0,0,1023,1047552,10230,0,0,0,99,'defb2f10bd5ec7ddf2e8b4e4073c0a6b1a39dfbe',NULL,0,'2018-03-03 02:54:50',1),(19,'playerVirtual14','192.168.0.200',2,7.3,18,0.75,6,0,4,2,0,1023,1047552,10230,5,8704,81,5,'8789f44360d7fb8f7efae7d46ebb100fd5e88e35',NULL,1,'2018-03-03 04:14:11',0),(20,'playerVirtual15','192.168.0.200',2,7.97,17,1,5,0,3,2,0,1023,1047552,10230,3,1536,3,5,'67c798a55d39f1bbb8856fd6eb7cd03848603391',NULL,1,'2018-03-03 03:55:59',0),(21,'playerVirtual16','192.168.0.200',2,5.31,16,0.75,5,0,2,3,0,1023,1047552,10230,2,2560,21,3,'28bebaa320a443275cd0056c47af6fa96f3e2cfc',NULL,1,'2018-03-03 04:14:26',0),(22,'playerVirtual17','192.168.0.200',3,1.33,15,0,1,0,1,0,0,1023,1047552,10230,1,512,1,1,'586783d2f516f899e67ad7175c34d5d2a6cdfda3',NULL,1,'2018-03-03 03:04:21',0),(23,'playerVirtual18','192.168.0.200',2,7.96,14,0.5,5,0,1,4,0,1023,1047552,10230,2,4096,40,3,'3a496aec5b1cfc83d10e24feef85311d855bf4c1',NULL,1,'2018-03-03 04:14:51',0),(24,'playerVirtual1959','192.168.0.200',4,-2,0,0,0,1,0,0,0,1023,1047552,10230,0,0,0,99,'7f514d36a777d6929232ffecf7d8188d9906c4ed',NULL,0,'2018-03-03 03:11:02',1),(25,'playerVirtual19','192.168.0.200',2,4.65,13,0.5,4,0,3,1,0,1023,1047552,10230,3,3072,22,7,'d44eea7cf4df8b7e1aa712511b313b5f7706aeca',NULL,1,'2018-03-03 04:06:35',0),(26,'playerVirtual1940','192.168.0.200',4,-2,0,0,0,1,0,0,0,1023,1047552,10230,0,0,0,99,'bbbde4f961ed15f8ab8ed240a617d0f1c004f172',NULL,0,'2018-03-03 03:35:23',1),(27,'playerVirtual1728','192.168.0.200',4,-2,0,0,0,1,0,0,0,1023,1047552,10230,0,0,0,99,'da40ba035492593cc6e29e23d0dc065f0b343ce0',NULL,0,'2018-03-03 04:02:09',1);
/*!40000 ALTER TABLE `PLAYER` ENABLE KEYS */;
UNLOCK TABLES;

--
-- Table structure for table `REQUEST`
--

DROP TABLE IF EXISTS `REQUEST`;
/*!40101 SET @saved_cs_client     = @@character_set_client */;
/*!40101 SET character_set_client = utf8 */;
CREATE TABLE `REQUEST` (
  `id` int(11) NOT NULL AUTO_INCREMENT,
  `player_id` varchar(45) NOT NULL,
  `request_id` varchar(45) NOT NULL,
  `action` int(11) NOT NULL,
  `timestamp_received` timestamp NULL DEFAULT NULL,
  `timestamp_finished` timestamp NULL DEFAULT NULL,
  `status` int(11) NOT NULL,
  PRIMARY KEY (`id`)
) ENGINE=InnoDB AUTO_INCREMENT=589 DEFAULT CHARSET=utf8;
/*!40101 SET character_set_client = @saved_cs_client */;

--
-- Dumping data for table `REQUEST`
--

LOCK TABLES `REQUEST` WRITE;
/*!40000 ALTER TABLE `REQUEST` DISABLE KEYS */;
INSERT INTO `REQUEST` VALUES (1,'playerVirtual1','playerVirtual1_c5449c2625',4,'2018-03-03 01:48:14',NULL,0),(2,'playerVirtual2','playerVirtual2_4e24c7144e',4,'2018-03-03 01:48:14',NULL,0),(3,'playerVirtual1','playerVirtual1_450512000',0,'2018-03-03 01:49:15',NULL,0),(4,'playerVirtual1','playerVirtual1_450512000',0,'2018-03-03 01:49:15',NULL,0),(5,'playerVirtual2','playerVirtual2_1438244924',0,'2018-03-03 01:49:17',NULL,0),(6,'playerVirtual2','playerVirtual2_1438244924',0,'2018-03-03 01:49:18',NULL,0),(7,'playerVirtual1','playerVirtual1_d2cfcbd94f',3,'2018-03-03 01:50:15',NULL,0),(8,'playerVirtual2','playerVirtual2_51400433cf',3,'2018-03-03 01:50:18',NULL,0),(9,'playerVirtual1','playerVirtual1_640692267',0,'2018-03-03 01:51:20',NULL,0),(10,'playerVirtual1','playerVirtual1_640692267',0,'2018-03-03 01:51:21',NULL,0),(11,'playerVirtual2','playerVirtual2_2381571381',0,'2018-03-03 01:51:22',NULL,0),(12,'playerVirtual2','playerVirtual2_2381571381',0,'2018-03-03 01:51:22',NULL,0),(13,'playerVirtual1','playerVirtual1_721b26f323',4,'2018-03-03 01:52:21',NULL,0),(14,'playerVirtual2','playerVirtual2_014429854c',4,'2018-03-03 01:52:22',NULL,0),(15,'playerVirtual3','playerVirtual3_b1f8cd6e02',4,'2018-03-03 01:53:15',NULL,0),(16,'playerVirtual1','playerVirtual1_5297461910',0,'2018-03-03 01:53:24',NULL,0),(17,'playerVirtual1','playerVirtual1_5297461910',0,'2018-03-03 01:53:24',NULL,0),(18,'playerVirtual2','playerVirtual2_2790332778',0,'2018-03-03 01:53:29',NULL,0),(19,'playerVirtual2','playerVirtual2_2790332778',0,'2018-03-03 01:53:30',NULL,0),(20,'playerVirtual1','playerVirtual1_96267f80c2',3,'2018-03-03 01:54:24',NULL,0),(21,'playerVirtual3','playerVirtual3_369721705',0,'2018-03-03 01:54:28',NULL,0),(22,'playerVirtual3','playerVirtual3_369721705',0,'2018-03-03 01:54:28',NULL,0),(23,'playerVirtual2','playerVirtual2_1eb95106f4',3,'2018-03-03 01:54:29',NULL,0),(24,'playerVirtual3','playerVirtual3_180367144f',3,'2018-03-03 01:55:28',NULL,0),(25,'playerVirtual1','playerVirtual1_317469422',0,'2018-03-03 01:55:33',NULL,0),(26,'playerVirtual1','playerVirtual1_317469422',0,'2018-03-03 01:55:34',NULL,0),(27,'playerVirtual2','playerVirtual2_6955737',0,'2018-03-03 01:55:35',NULL,0),(28,'playerVirtual2','playerVirtual2_6955737',0,'2018-03-03 01:55:35',NULL,0),(29,'playerVirtual3','playerVirtual3_257338104',0,'2018-03-03 01:56:29',NULL,0),(30,'playerVirtual3','playerVirtual3_257338104',0,'2018-03-03 01:56:29',NULL,0),(31,'playerVirtual1','playerVirtual1_5d223025a8',4,'2018-03-03 01:56:34',NULL,0),(32,'playerVirtual2','playerVirtual2_af78b24943',4,'2018-03-03 01:56:35',NULL,0),(33,'playerVirtual3','playerVirtual3_ec5ee9ead5',4,'2018-03-03 01:57:29',NULL,0),(34,'playerVirtual2','playerVirtual2_2433236783',0,'2018-03-03 01:57:43',NULL,0),(35,'playerVirtual2','playerVirtual2_2433236783',0,'2018-03-03 01:57:43',NULL,0),(36,'playerVirtual4','playerVirtual4_3aac234a51',4,'2018-03-03 01:58:17',NULL,0),(37,'playerVirtual0','playerVirtual0_4daf92423d',4,'2018-03-03 01:58:18',NULL,0),(38,'playerVirtual3','playerVirtual3_3338579772',0,'2018-03-03 01:58:43',NULL,0),(39,'playerVirtual3','playerVirtual3_3338579772',0,'2018-03-03 01:58:43',NULL,0),(40,'playerVirtual2','playerVirtual2_2a4340f6d2',3,'2018-03-03 01:58:43',NULL,0),(41,'playerVirtual4','playerVirtual4_257407216',0,'2018-03-03 01:59:32',NULL,0),(42,'playerVirtual0','playerVirtual0_182859403',0,'2018-03-03 01:59:39',NULL,0),(43,'playerVirtual3','playerVirtual3_cdab56dd6d',3,'2018-03-03 01:59:43',NULL,0),(44,'playerVirtual2','playerVirtual2_2359368952',0,'2018-03-03 01:59:59',NULL,0),(45,'playerVirtual2','playerVirtual2_2359368952',0,'2018-03-03 02:00:00',NULL,0),(46,'playerVirtual4','playerVirtual4_5f63a751a1',3,'2018-03-03 02:00:32',NULL,0),(47,'playerVirtual0','playerVirtual0_8f3cd62c4f',3,'2018-03-03 02:00:39',NULL,0),(48,'playerVirtual3','playerVirtual3_16917741',0,'2018-03-03 02:00:57',NULL,0),(49,'playerVirtual3','playerVirtual3_16917741',0,'2018-03-03 02:00:57',NULL,0),(50,'playerVirtual2','playerVirtual2_8cc2df2bad',4,'2018-03-03 02:01:00',NULL,0),(51,'playerVirtual4','playerVirtual4_2545640208',0,'2018-03-03 02:01:54',NULL,0),(52,'playerVirtual4','playerVirtual4_2545640208',0,'2018-03-03 02:01:54',NULL,0),(53,'playerVirtual0','playerVirtual0_908315',0,'2018-03-03 02:01:55',NULL,0),(54,'playerVirtual0','playerVirtual0_908315',0,'2018-03-03 02:01:55',NULL,0),(55,'playerVirtual3','playerVirtual3_50f9369dc7',4,'2018-03-03 02:01:57',NULL,0),(56,'playerVirtual2','playerVirtual2_539194189',0,'2018-03-03 02:02:29',NULL,0),(57,'playerVirtual2','playerVirtual2_539194189',0,'2018-03-03 02:02:29',NULL,0),(58,'playerVirtual4','playerVirtual4_8331fe1fa9',4,'2018-03-03 02:02:54',NULL,0),(59,'playerVirtual0','playerVirtual0_0fdb9667b9',4,'2018-03-03 02:02:55',NULL,0),(60,'playerVirtual5','playerVirtual5_a4c6d6394c',4,'2018-03-03 02:03:16',NULL,0),(61,'playerVirtual2','playerVirtual2_9d00eda2e8',3,'2018-03-03 02:03:29',NULL,0),(62,'playerVirtual3','playerVirtual3_4820204870',0,'2018-03-03 02:04:10',NULL,0),(63,'playerVirtual3','playerVirtual3_4820204870',0,'2018-03-03 02:04:10',NULL,0),(64,'playerVirtual3','playerVirtual3_6f01b58a55',3,'2018-03-03 02:05:10',NULL,0),(65,'playerVirtual4','playerVirtual4_8058564',0,'2018-03-03 02:05:48',NULL,0),(66,'playerVirtual4','playerVirtual4_8058564',0,'2018-03-03 02:05:49',NULL,0),(67,'playerVirtual0','playerVirtual0_1429160667',0,'2018-03-03 02:05:56',NULL,0),(68,'playerVirtual0','playerVirtual0_1429160667',0,'2018-03-03 02:05:57',NULL,0),(69,'playerVirtual2','playerVirtual2_82730999',0,'2018-03-03 02:06:22',NULL,0),(70,'playerVirtual2','playerVirtual2_82730999',0,'2018-03-03 02:06:23',NULL,0),(71,'playerVirtual5','playerVirtual5_3338010893',0,'2018-03-03 02:06:34',NULL,0),(72,'playerVirtual5','playerVirtual5_3338010893',0,'2018-03-03 02:06:34',NULL,0),(73,'playerVirtual4','playerVirtual4_1c884c271e',3,'2018-03-03 02:06:49',NULL,0),(74,'playerVirtual3','playerVirtual3_351652724',0,'2018-03-03 02:07:22',NULL,0),(75,'playerVirtual3','playerVirtual3_351652724',0,'2018-03-03 02:07:22',NULL,0),(76,'playerVirtual2','playerVirtual2_5b954522fc',4,'2018-03-03 02:07:23',NULL,0),(77,'playerVirtual5','playerVirtual5_960cf55792',3,'2018-03-03 02:07:34',NULL,0),(78,'playerVirtual6','playerVirtual6_963f386a31',4,'2018-03-03 02:08:14',NULL,0),(79,'playerVirtual4','playerVirtual4_6571218',0,'2018-03-03 02:08:19',NULL,0),(80,'playerVirtual4','playerVirtual4_6571218',0,'2018-03-03 02:08:19',NULL,0),(81,'playerVirtual3','playerVirtual3_76e21cdb34',4,'2018-03-03 02:08:22',NULL,0),(82,'playerVirtual5','playerVirtual5_1339662',0,'2018-03-03 02:08:48',NULL,0),(83,'playerVirtual5','playerVirtual5_1339662',0,'2018-03-03 02:08:48',NULL,0),(84,'playerVirtual2','playerVirtual2_1436344784',0,'2018-03-03 02:09:00',NULL,0),(85,'playerVirtual2','playerVirtual2_1436344784',0,'2018-03-03 02:09:00',NULL,0),(86,'playerVirtual4','playerVirtual4_86b773e5cf',4,'2018-03-03 02:09:19',NULL,0),(87,'playerVirtual5','playerVirtual5_f3fd27432d',4,'2018-03-03 02:09:48',NULL,0),(88,'playerVirtual2','playerVirtual2_6265f778f9',3,'2018-03-03 02:10:00',NULL,0),(89,'playerVirtual1877','playerVirtual1877_9350884c16',4,'2018-03-03 02:10:31',NULL,0),(90,'playerVirtual3','playerVirtual3_284794223',0,'2018-03-03 02:10:42',NULL,0),(91,'playerVirtual3','playerVirtual3_284794223',0,'2018-03-03 02:10:43',NULL,0),(92,'playerVirtual3','playerVirtual3_246184ae17',3,'2018-03-03 02:11:43',NULL,0),(93,'playerVirtual6','playerVirtual6_317497342',0,'2018-03-03 02:11:47',NULL,0),(94,'playerVirtual4','playerVirtual4_359920779',0,'2018-03-03 02:12:21',NULL,0),(95,'playerVirtual4','playerVirtual4_359920779',0,'2018-03-03 02:12:22',NULL,0),(96,'playerVirtual6','playerVirtual6_b08daf472c',3,'2018-03-03 02:12:47',NULL,0),(97,'playerVirtual2','playerVirtual2_2904109077',0,'2018-03-03 02:12:56',NULL,0),(98,'playerVirtual2','playerVirtual2_2904109077',0,'2018-03-03 02:12:57',NULL,0),(99,'playerVirtual5','playerVirtual5_904011',0,'2018-03-03 02:13:07',NULL,0),(100,'playerVirtual5','playerVirtual5_904011',0,'2018-03-03 02:13:07',NULL,0),(101,'playerVirtual7','playerVirtual7_47849da077',4,'2018-03-03 02:13:17',NULL,0),(102,'playerVirtual4','playerVirtual4_dd2c573b27',3,'2018-03-03 02:13:21',NULL,0),(103,'playerVirtual6','playerVirtual6_1093460',0,'2018-03-03 02:13:49',NULL,0),(104,'playerVirtual6','playerVirtual6_1093460',0,'2018-03-03 02:13:50',NULL,0),(105,'playerVirtual3','playerVirtual3_905614',0,'2018-03-03 02:13:56',NULL,0),(106,'playerVirtual3','playerVirtual3_905614',0,'2018-03-03 02:13:56',NULL,0),(107,'playerVirtual2','playerVirtual2_b9cfbf8c71',4,'2018-03-03 02:13:56',NULL,0),(108,'playerVirtual1877','playerVirtual1877_257338074',0,'2018-03-03 02:14:04',NULL,0),(109,'playerVirtual5','playerVirtual5_f60e0a43b2',3,'2018-03-03 02:14:07',NULL,0),(110,'playerVirtual6','playerVirtual6_755034fa5d',4,'2018-03-03 02:14:49',NULL,0),(111,'playerVirtual4','playerVirtual4_470485660',0,'2018-03-03 02:14:56',NULL,0),(112,'playerVirtual3','playerVirtual3_9d46856727',4,'2018-03-03 02:14:56',NULL,0),(113,'playerVirtual4','playerVirtual4_470485660',0,'2018-03-03 02:14:56',NULL,0),(114,'playerVirtual1877','playerVirtual1877_9fa52d4da3',3,'2018-03-03 02:15:05',NULL,0),(115,'playerVirtual5','playerVirtual5_5792765',0,'2018-03-03 02:15:29',NULL,0),(116,'playerVirtual5','playerVirtual5_5792765',0,'2018-03-03 02:15:29',NULL,0),(117,'playerVirtual2','playerVirtual2_30788568',0,'2018-03-03 02:15:40',NULL,0),(118,'playerVirtual2','playerVirtual2_30788568',0,'2018-03-03 02:15:40',NULL,0),(119,'playerVirtual4','playerVirtual4_7211077c7f',4,'2018-03-03 02:15:56',NULL,0),(120,'playerVirtual1877','playerVirtual1877_4820318661',0,'2018-03-03 02:16:27',NULL,0),(121,'playerVirtual5','playerVirtual5_bc8d571bea',4,'2018-03-03 02:16:29',NULL,0),(122,'playerVirtual2','playerVirtual2_95b01fc656',3,'2018-03-03 02:16:40',NULL,0),(123,'playerVirtual7','playerVirtual7_6569547',0,'2018-03-03 02:16:52',NULL,0),(124,'playerVirtual3','playerVirtual3_400453824',0,'2018-03-03 02:17:30',NULL,0),(125,'playerVirtual3','playerVirtual3_400453824',0,'2018-03-03 02:17:31',NULL,0),(126,'playerVirtual7','playerVirtual7_45022293a3',3,'2018-03-03 02:17:52',NULL,0),(127,'playerVirtual8','playerVirtual8_ad35ae1000',4,'2018-03-03 02:18:13',NULL,0),(128,'playerVirtual3','playerVirtual3_09f9668af2',3,'2018-03-03 02:18:30',NULL,0),(129,'playerVirtual6','playerVirtual6_38671842',0,'2018-03-03 02:18:35',NULL,0),(130,'playerVirtual6','playerVirtual6_38671842',0,'2018-03-03 02:18:35',NULL,0),(131,'playerVirtual4','playerVirtual4_4819935267',0,'2018-03-03 02:19:18',NULL,0),(132,'playerVirtual4','playerVirtual4_4819935267',0,'2018-03-03 02:19:19',NULL,0),(133,'playerVirtual7','playerVirtual7_5068098508',0,'2018-03-03 02:19:31',NULL,0),(134,'playerVirtual6','playerVirtual6_91a245c077',3,'2018-03-03 02:19:35',NULL,0),(135,'playerVirtual2','playerVirtual2_6264344062',0,'2018-03-03 02:19:56',NULL,0),(136,'playerVirtual2','playerVirtual2_6264344062',0,'2018-03-03 02:19:57',NULL,0),(137,'playerVirtual5','playerVirtual5_4820217293',0,'2018-03-03 02:20:07',NULL,0),(138,'playerVirtual5','playerVirtual5_4820217293',0,'2018-03-03 02:20:07',NULL,0),(139,'playerVirtual4','playerVirtual4_238b9b4484',3,'2018-03-03 02:20:18',NULL,0),(140,'playerVirtual7','playerVirtual7_68009199a7',4,'2018-03-03 02:20:31',NULL,0),(141,'playerVirtual2','playerVirtual2_8235cb7e87',4,'2018-03-03 02:20:57',NULL,0),(142,'playerVirtual5','playerVirtual5_80c73a8dc0',3,'2018-03-03 02:21:07',NULL,0),(143,'playerVirtual6','playerVirtual6_2148750930',0,'2018-03-03 02:22:21',NULL,0),(144,'playerVirtual6','playerVirtual6_2148750930',0,'2018-03-03 02:22:22',NULL,0),(145,'playerVirtual3','playerVirtual3_1095593',0,'2018-03-03 02:22:24',NULL,0),(146,'playerVirtual3','playerVirtual3_1095593',0,'2018-03-03 02:22:24',NULL,0),(147,'playerVirtual1200','playerVirtual1200_aea0c4bdc1',4,'2018-03-03 02:23:19',NULL,0),(148,'playerVirtual9','playerVirtual9_d214c81392',4,'2018-03-03 02:23:19',NULL,0),(149,'playerVirtual6','playerVirtual6_9e4e5d584d',4,'2018-03-03 02:23:21',NULL,0),(150,'playerVirtual3','playerVirtual3_4808a35f85',4,'2018-03-03 02:23:24',NULL,0),(151,'playerVirtual4','playerVirtual4_563574327',0,'2018-03-03 02:23:33',NULL,0),(152,'playerVirtual4','playerVirtual4_563574327',0,'2018-03-03 02:23:33',NULL,0),(153,'playerVirtual8','playerVirtual8_227443932',0,'2018-03-03 02:23:41',NULL,0),(154,'playerVirtual8','playerVirtual8_227443932',0,'2018-03-03 02:23:41',NULL,0),(155,'playerVirtual2','playerVirtual2_01b7bb848b',3,'2018-03-03 02:23:52',NULL,0),(156,'playerVirtual5','playerVirtual5_16915963',0,'2018-03-03 02:24:11',NULL,0),(157,'playerVirtual5','playerVirtual5_16915963',0,'2018-03-03 02:24:11',NULL,0),(158,'playerVirtual4','playerVirtual4_3292b53e50',4,'2018-03-03 02:24:34',NULL,0),(159,'playerVirtual8','playerVirtual8_7ed6741d5d',3,'2018-03-03 02:24:41',NULL,0),(160,'playerVirtual5','playerVirtual5_3f17e63d10',4,'2018-03-03 02:25:11',NULL,0),(161,'playerVirtual7','playerVirtual7_765651',0,'2018-03-03 02:25:31',NULL,0),(162,'playerVirtual3','playerVirtual3_6274355716',0,'2018-03-03 02:26:22',NULL,0),(163,'playerVirtual3','playerVirtual3_6274355716',0,'2018-03-03 02:26:22',NULL,0),(164,'playerVirtual7','playerVirtual7_3170229b46',3,'2018-03-03 02:26:32',NULL,0),(165,'playerVirtual3','playerVirtual3_e9239337c6',3,'2018-03-03 02:27:22',NULL,0),(166,'playerVirtual8','playerVirtual8_4820204870',0,'2018-03-03 02:27:22',NULL,0),(167,'playerVirtual6','playerVirtual6_272887063',0,'2018-03-03 02:27:23',NULL,0),(168,'playerVirtual8','playerVirtual8_4820204870',0,'2018-03-03 02:27:23',NULL,0),(169,'playerVirtual6','playerVirtual6_272887063',0,'2018-03-03 02:27:23',NULL,0),(170,'playerVirtual2','playerVirtual2_38676294',0,'2018-03-03 02:27:48',NULL,0),(171,'playerVirtual2','playerVirtual2_38676294',0,'2018-03-03 02:27:49',NULL,0),(172,'playerVirtual10','playerVirtual10_a13108d296',4,'2018-03-03 02:28:13',NULL,0),(173,'playerVirtual8','playerVirtual8_b6d8a78d74',4,'2018-03-03 02:28:23',NULL,0),(174,'playerVirtual6','playerVirtual6_819e0d5bea',3,'2018-03-03 02:28:23',NULL,0),(175,'playerVirtual2','playerVirtual2_588e3accd3',4,'2018-03-03 02:28:49',NULL,0),(176,'playerVirtual1200','playerVirtual1200_5623125514',0,'2018-03-03 02:29:04',NULL,0),(177,'playerVirtual9','playerVirtual9_284757920',0,'2018-03-03 02:29:05',NULL,0),(178,'playerVirtual9','playerVirtual9_284757920',0,'2018-03-03 02:29:05',NULL,0),(179,'playerVirtual4','playerVirtual4_182859403',0,'2018-03-03 02:29:12',NULL,0),(180,'playerVirtual4','playerVirtual4_182859403',0,'2018-03-03 02:29:13',NULL,0),(181,'playerVirtual1200','playerVirtual1200_5509ae9e47',3,'2018-03-03 02:30:04',NULL,0),(182,'playerVirtual9','playerVirtual9_55d484327d',3,'2018-03-03 02:30:05',NULL,0),(183,'playerVirtual7','playerVirtual7_990694203',0,'2018-03-03 02:30:10',NULL,0),(184,'playerVirtual4','playerVirtual4_eeee3e054b',3,'2018-03-03 02:30:12',NULL,0),(185,'playerVirtual5','playerVirtual5_990694203',0,'2018-03-03 02:30:33',NULL,0),(186,'playerVirtual5','playerVirtual5_990694203',0,'2018-03-03 02:30:34',NULL,0),(187,'playerVirtual7','playerVirtual7_17d58e9d8a',4,'2018-03-03 02:31:10',NULL,0),(188,'playerVirtual5','playerVirtual5_f1f971c18b',3,'2018-03-03 02:31:33',NULL,0),(189,'playerVirtual3','playerVirtual3_4820204870',1,'2018-03-03 02:32:32',NULL,0),(190,'playerVirtual3','playerVirtual3_9bd3d86fb2',4,'2018-03-03 02:32:32',NULL,0),(191,'playerVirtual3','playerVirtual3_4820204870',1,'2018-03-03 02:32:33',NULL,0),(192,'playerVirtual11','playerVirtual11_1506ecb993',4,'2018-03-03 02:33:14',NULL,0),(193,'playerVirtual6','playerVirtual6_4476462938',0,'2018-03-03 02:33:15',NULL,0),(194,'playerVirtual6','playerVirtual6_4476462938',0,'2018-03-03 02:33:16',NULL,0),(195,'playerVirtual9','playerVirtual9_2359368952',0,'2018-03-03 02:33:23',NULL,0),(196,'playerVirtual9','playerVirtual9_2359368952',0,'2018-03-03 02:33:23',NULL,0),(197,'playerVirtual4','playerVirtual4_182859403',1,'2018-03-03 02:33:41',NULL,0),(198,'playerVirtual4','playerVirtual4_183406f7c3',4,'2018-03-03 02:33:41',NULL,0),(199,'playerVirtual4','playerVirtual4_182859403',1,'2018-03-03 02:33:41',NULL,0),(200,'playerVirtual2','playerVirtual2_272887063',0,'2018-03-03 02:33:54',NULL,0),(201,'playerVirtual2','playerVirtual2_272887063',0,'2018-03-03 02:33:55',NULL,0),(202,'playerVirtual6','playerVirtual6_0dada7a39a',4,'2018-03-03 02:34:16',NULL,0),(203,'playerVirtual9','playerVirtual9_d6738add44',4,'2018-03-03 02:34:23',NULL,0),(204,'playerVirtual8','playerVirtual8_6280643141',0,'2018-03-03 02:34:25',NULL,0),(205,'playerVirtual8','playerVirtual8_6280643141',0,'2018-03-03 02:34:26',NULL,0),(206,'playerVirtual5','playerVirtual5_990694203',1,'2018-03-03 02:34:38',NULL,0),(207,'playerVirtual5','playerVirtual5_151e44d1e1',4,'2018-03-03 02:34:38',NULL,0),(208,'playerVirtual5','playerVirtual5_990694203',1,'2018-03-03 02:34:38',NULL,0),(209,'playerVirtual2','playerVirtual2_c7201049db',3,'2018-03-03 02:34:55',NULL,0),(210,'playerVirtual8','playerVirtual8_64976080a3',3,'2018-03-03 02:35:25',NULL,0),(211,'playerVirtual1852','playerVirtual1852_d266d20e38',4,'2018-03-03 02:35:29',NULL,0),(212,'playerVirtual10','playerVirtual10_6280638724',0,'2018-03-03 02:35:59',NULL,0),(213,'playerVirtual10','playerVirtual10_6280638724',0,'2018-03-03 02:36:00',NULL,0),(214,'playerVirtual7','playerVirtual7_71c78ec2cf',3,'2018-03-03 02:36:10',NULL,0),(215,'playerVirtual3','playerVirtual3_1436323714',0,'2018-03-03 02:36:37',NULL,0),(216,'playerVirtual3','playerVirtual3_1436323714',0,'2018-03-03 02:36:37',NULL,0),(217,'playerVirtual10','playerVirtual10_6440f77835',3,'2018-03-03 02:37:00',NULL,0),(218,'playerVirtual3','playerVirtual3_f3666c134b',3,'2018-03-03 02:37:37',NULL,0),(219,'playerVirtual12','playerVirtual12_84e66ca245',4,'2018-03-03 02:38:13',NULL,0),(220,'playerVirtual6','playerVirtual6_64f1d89105',3,'2018-03-03 02:38:23',NULL,0),(221,'playerVirtual8','playerVirtual8_6641406',0,'2018-03-03 02:39:10',NULL,0),(222,'playerVirtual8','playerVirtual8_6641406',0,'2018-03-03 02:39:10',NULL,0),(223,'playerVirtual2','playerVirtual2_182859403',0,'2018-03-03 02:39:32',NULL,0),(224,'playerVirtual2','playerVirtual2_182859403',0,'2018-03-03 02:39:32',NULL,0),(225,'playerVirtual4','playerVirtual4_214880781',0,'2018-03-03 02:39:38',NULL,0),(226,'playerVirtual4','playerVirtual4_214880781',0,'2018-03-03 02:39:39',NULL,0),(227,'playerVirtual10','playerVirtual10_6955737',0,'2018-03-03 02:39:45',NULL,0),(228,'playerVirtual10','playerVirtual10_6955737',0,'2018-03-03 02:39:45',NULL,0),(229,'playerVirtual8','playerVirtual8_9b46025c7c',4,'2018-03-03 02:40:10',NULL,0),(230,'playerVirtual2','playerVirtual2_7716de218b',4,'2018-03-03 02:40:32',NULL,0),(231,'playerVirtual9','playerVirtual9_1094955',0,'2018-03-03 02:40:32',NULL,0),(232,'playerVirtual9','playerVirtual9_1094955',0,'2018-03-03 02:40:33',NULL,0),(233,'playerVirtual4','playerVirtual4_fb452b76dd',3,'2018-03-03 02:40:39',NULL,0),(234,'playerVirtual10','playerVirtual10_1d43a24115',4,'2018-03-03 02:40:45',NULL,0),(235,'playerVirtual5','playerVirtual5_16914091',0,'2018-03-03 02:41:03',NULL,0),(236,'playerVirtual5','playerVirtual5_16914091',0,'2018-03-03 02:41:03',NULL,0),(237,'playerVirtual7','playerVirtual7_6955737',0,'2018-03-03 02:41:29',NULL,0),(238,'playerVirtual9','playerVirtual9_e982e711c3',3,'2018-03-03 02:41:32',NULL,0),(239,'playerVirtual11','playerVirtual11_682797',0,'2018-03-03 02:41:37',NULL,0),(240,'playerVirtual11','playerVirtual11_682797',0,'2018-03-03 02:41:38',NULL,0),(241,'playerVirtual5','playerVirtual5_9d9f5b1a6e',3,'2018-03-03 02:42:03',NULL,0),(242,'playerVirtual7','playerVirtual7_20a0eb0807',4,'2018-03-03 02:42:29',NULL,0),(243,'playerVirtual11','playerVirtual11_70609fac06',3,'2018-03-03 02:42:38',NULL,0),(244,'playerVirtual13','playerVirtual13_64862eab92',4,'2018-03-03 02:43:16',NULL,0),(245,'playerVirtual3','playerVirtual3_1438244924',0,'2018-03-03 02:44:10',NULL,0),(246,'playerVirtual3','playerVirtual3_1438244924',0,'2018-03-03 02:44:11',NULL,0),(247,'playerVirtual6','playerVirtual6_2381571381',0,'2018-03-03 02:45:03',NULL,0),(248,'playerVirtual6','playerVirtual6_2381571381',0,'2018-03-03 02:45:04',NULL,0),(249,'playerVirtual3','playerVirtual3_df0381b26e',4,'2018-03-03 02:45:10',NULL,0),(250,'playerVirtual6','playerVirtual6_12eff98055',4,'2018-03-03 02:46:03',NULL,0),(251,'playerVirtual4','playerVirtual4_6289355687',0,'2018-03-03 02:46:04',NULL,0),(252,'playerVirtual4','playerVirtual4_6289355687',0,'2018-03-03 02:46:04',NULL,0),(253,'playerVirtual11','playerVirtual11_794070039',0,'2018-03-03 02:46:11',NULL,0),(254,'playerVirtual11','playerVirtual11_794070039',0,'2018-03-03 02:46:11',NULL,0),(255,'playerVirtual2','playerVirtual2_dded859ab7',3,'2018-03-03 02:46:12',NULL,0),(256,'playerVirtual1769','playerVirtual1769_77c6e8bac3',4,'2018-03-03 02:46:27',NULL,0),(257,'playerVirtual9','playerVirtual9_6289704471',0,'2018-03-03 02:46:53',NULL,0),(258,'playerVirtual9','playerVirtual9_6289704471',0,'2018-03-03 02:46:54',NULL,0),(259,'playerVirtual4','playerVirtual4_0f797e5ce8',4,'2018-03-03 02:47:04',NULL,0),(260,'playerVirtual11','playerVirtual11_5379f3429d',4,'2018-03-03 02:47:11',NULL,0),(261,'playerVirtual8','playerVirtual8_2378747961',0,'2018-03-03 02:47:15',NULL,0),(262,'playerVirtual8','playerVirtual8_2378747961',0,'2018-03-03 02:47:16',NULL,0),(263,'playerVirtual5','playerVirtual5_1436344784',0,'2018-03-03 02:47:28',NULL,0),(264,'playerVirtual5','playerVirtual5_1436344784',0,'2018-03-03 02:47:32',NULL,0),(265,'playerVirtual7','playerVirtual7_4f8f3ecc6c',3,'2018-03-03 02:47:32',NULL,0),(266,'playerVirtual12','playerVirtual12_3338579772',0,'2018-03-03 02:47:52',NULL,0),(267,'playerVirtual12','playerVirtual12_3338579772',0,'2018-03-03 02:47:52',NULL,0),(268,'playerVirtual9','playerVirtual9_6edba325a9',4,'2018-03-03 02:47:54',NULL,0),(269,'playerVirtual14','playerVirtual14_d2367551be',4,'2018-03-03 02:48:14',NULL,0),(270,'playerVirtual8','playerVirtual8_db2eb14966',3,'2018-03-03 02:48:16',NULL,0),(271,'playerVirtual5','playerVirtual5_b4791be207',4,'2018-03-03 02:48:25',NULL,0),(272,'playerVirtual12','playerVirtual12_3797e12c1e',3,'2018-03-03 02:48:52',NULL,0),(273,'playerVirtual3','playerVirtual3_3338579772',1,'2018-03-03 02:49:16',NULL,0),(274,'playerVirtual3','playerVirtual3_1a092ad4ce',3,'2018-03-03 02:49:16',NULL,0),(275,'playerVirtual3','playerVirtual3_3338579772',1,'2018-03-03 02:49:16',NULL,0),(276,'playerVirtual10','playerVirtual10_1438244924',0,'2018-03-03 02:49:25',NULL,0),(277,'playerVirtual10','playerVirtual10_1438244924',0,'2018-03-03 02:49:26',NULL,0),(278,'playerVirtual10','playerVirtual10_0593b8a987',3,'2018-03-03 02:50:25',NULL,0),(279,'playerVirtual2','playerVirtual2_1438244924',1,'2018-03-03 02:51:10',NULL,0),(280,'playerVirtual2','playerVirtual2_76017cc332',4,'2018-03-03 02:51:10',NULL,0),(281,'playerVirtual2','playerVirtual2_1438244924',1,'2018-03-03 02:51:10',NULL,0),(282,'playerVirtual15','playerVirtual15_d43ca94747',4,'2018-03-03 02:53:14',NULL,0),(283,'playerVirtual6','playerVirtual6_6296268057',0,'2018-03-03 02:53:17',NULL,0),(284,'playerVirtual6','playerVirtual6_6296268057',0,'2018-03-03 02:53:17',NULL,0),(285,'playerVirtual8','playerVirtual8_2378747961',1,'2018-03-03 02:53:29',NULL,0),(286,'playerVirtual8','playerVirtual8_f4002600d2',4,'2018-03-03 02:53:29',NULL,0),(287,'playerVirtual8','playerVirtual8_2378747961',1,'2018-03-03 02:53:30',NULL,0),(288,'playerVirtual6','playerVirtual6_361253de0d',3,'2018-03-03 02:54:17',NULL,0),(289,'playerVirtual13','playerVirtual13_990694203',0,'2018-03-03 02:54:50',NULL,0),(290,'playerVirtual13','playerVirtual13_990694203',0,'2018-03-03 02:54:54',NULL,0),(291,'playerVirtual13','playerVirtual13_79698d43df',3,'2018-03-03 02:55:47',NULL,0),(292,'playerVirtual3','playerVirtual3_1438244924',1,'2018-03-03 02:56:38',NULL,0),(293,'playerVirtual3','playerVirtual3_d284659224',4,'2018-03-03 02:56:38',NULL,0),(294,'playerVirtual3','playerVirtual3_1438244924',1,'2018-03-03 02:56:38',NULL,0),(295,'playerVirtual13','playerVirtual13_2ffdcedc53',4,'2018-03-03 02:56:48',NULL,0),(296,'playerVirtual4','playerVirtual4_182859403',0,'2018-03-03 02:56:49',NULL,0),(297,'playerVirtual4','playerVirtual4_f3556339b1',3,'2018-03-03 02:56:49',NULL,0),(298,'playerVirtual4','playerVirtual4_182859403',0,'2018-03-03 02:56:49',NULL,0),(299,'playerVirtual2','playerVirtual2_514e9a0f83',3,'2018-03-03 02:57:00',NULL,0),(300,'playerVirtual12','playerVirtual12_1095593',0,'2018-03-03 02:57:25',NULL,0),(301,'playerVirtual12','playerVirtual12_1095593',0,'2018-03-03 02:57:26',NULL,0),(302,'playerVirtual16','playerVirtual16_f54c7bb9a6',4,'2018-03-03 02:58:14',NULL,0),(303,'playerVirtual12','playerVirtual12_2cd69e8353',4,'2018-03-03 02:58:26',NULL,0),(304,'playerVirtual7','playerVirtual7_990694203',0,'2018-03-03 02:58:28',NULL,0),(305,'playerVirtual7','playerVirtual7_4fcc9de194',4,'2018-03-03 02:58:28',NULL,0),(306,'playerVirtual9','playerVirtual9_6301942525',0,'2018-03-03 02:58:52',NULL,0),(307,'playerVirtual9','playerVirtual9_6301942525',0,'2018-03-03 02:58:53',NULL,0),(308,'playerVirtual11','playerVirtual11_6264344062',0,'2018-03-03 02:59:25',NULL,0),(309,'playerVirtual11','playerVirtual11_6264344062',0,'2018-03-03 02:59:26',NULL,0),(310,'playerVirtual1769','playerVirtual1769_6296865278',0,'2018-03-03 02:59:31',NULL,0),(311,'playerVirtual9','playerVirtual9_fe6cf5e3c0',3,'2018-03-03 02:59:52',NULL,0),(312,'playerVirtual11','playerVirtual11_17fec5d926',3,'2018-03-03 03:00:26',NULL,0),(313,'playerVirtual1769','playerVirtual1769_60c20c8891',3,'2018-03-03 03:00:31',NULL,0),(314,'playerVirtual10','playerVirtual10_6274355716',0,'2018-03-03 03:00:31',NULL,0),(315,'playerVirtual10','playerVirtual10_6274355716',0,'2018-03-03 03:00:32',NULL,0),(316,'playerVirtual5','playerVirtual5_6289704471',0,'2018-03-03 03:01:11',NULL,0),(317,'playerVirtual5','playerVirtual5_6289704471',0,'2018-03-03 03:01:12',NULL,0),(318,'playerVirtual3','playerVirtual3_1095593',1,'2018-03-03 03:01:25',NULL,0),(319,'playerVirtual3','playerVirtual3_6b37111440',3,'2018-03-03 03:01:25',NULL,0),(320,'playerVirtual3','playerVirtual3_1095593',1,'2018-03-03 03:01:25',NULL,0),(321,'playerVirtual10','playerVirtual10_f4c6651e33',4,'2018-03-03 03:01:31',NULL,0),(322,'playerVirtual5','playerVirtual5_272b7860e3',3,'2018-03-03 03:02:10',NULL,0),(323,'playerVirtual4','playerVirtual4_182859403',1,'2018-03-03 03:02:16',NULL,0),(324,'playerVirtual4','playerVirtual4_c045d4cc24',4,'2018-03-03 03:02:16',NULL,0),(325,'playerVirtual4','playerVirtual4_182859403',1,'2018-03-03 03:02:17',NULL,0),(326,'playerVirtual2','playerVirtual2_6264344062',1,'2018-03-03 03:02:51',NULL,0),(327,'playerVirtual2','playerVirtual2_f5c1646952',4,'2018-03-03 03:02:52',NULL,0),(328,'playerVirtual2','playerVirtual2_6264344062',1,'2018-03-03 03:02:52',NULL,0),(329,'playerVirtual17','playerVirtual17_042e991697',4,'2018-03-03 03:03:19',NULL,0),(330,'playerVirtual7','playerVirtual7_3db6309054',3,'2018-03-03 03:03:29',NULL,0),(331,'playerVirtual14','playerVirtual14_5297461910',0,'2018-03-03 03:04:21',NULL,0),(332,'playerVirtual14','playerVirtual14_5297461910',0,'2018-03-03 03:04:21',NULL,0),(333,'playerVirtual14','playerVirtual14_27521f2c72',3,'2018-03-03 03:05:22',NULL,0),(334,'playerVirtual6','playerVirtual6_539194189',0,'2018-03-03 03:06:03',NULL,0),(335,'playerVirtual6','playerVirtual6_539194189',0,'2018-03-03 03:06:04',NULL,0),(336,'playerVirtual9','playerVirtual9_91eed59c4e',4,'2018-03-03 03:06:16',NULL,0),(337,'playerVirtual6','playerVirtual6_acb91a4cfe',4,'2018-03-03 03:07:04',NULL,0),(338,'playerVirtual8','playerVirtual8_908315',0,'2018-03-03 03:07:11',NULL,0),(339,'playerVirtual8','playerVirtual8_908315',0,'2018-03-03 03:07:11',NULL,0),(340,'playerVirtual5','playerVirtual5_af2eed6669',4,'2018-03-03 03:07:33',NULL,0),(341,'playerVirtual8','playerVirtual8_a615f50407',3,'2018-03-03 03:08:11',NULL,0),(342,'playerVirtual18','playerVirtual18_1d11191308',4,'2018-03-03 03:08:12',NULL,0),(343,'playerVirtual12','playerVirtual12_1095593',1,'2018-03-03 03:08:18',NULL,0),(344,'playerVirtual12','playerVirtual12_6c152da84b',3,'2018-03-03 03:08:18',NULL,0),(345,'playerVirtual12','playerVirtual12_1095593',1,'2018-03-03 03:08:19',NULL,0),(346,'playerVirtual2','playerVirtual2_1436344784',1,'2018-03-03 03:08:48',NULL,0),(347,'playerVirtual2','playerVirtual2_783c4ae9ea',3,'2018-03-03 03:08:48',NULL,0),(348,'playerVirtual2','playerVirtual2_1436344784',1,'2018-03-03 03:08:48',NULL,0),(349,'playerVirtual11','playerVirtual11_4246147567',0,'2018-03-03 03:09:06',NULL,0),(350,'playerVirtual11','playerVirtual11_4246147567',0,'2018-03-03 03:09:06',NULL,0),(351,'playerVirtual11','playerVirtual11_ee5119d3de',4,'2018-03-03 03:10:06',NULL,0),(352,'playerVirtual3','playerVirtual3_6274355716',1,'2018-03-03 03:10:29',NULL,0),(353,'playerVirtual3','playerVirtual3_0aa56f907b',4,'2018-03-03 03:10:29',NULL,0),(354,'playerVirtual3','playerVirtual3_6274355716',1,'2018-03-03 03:10:29',NULL,0),(355,'playerVirtual1959','playerVirtual1959_ea7f77d666',4,'2018-03-03 03:10:44',NULL,0),(356,'playerVirtual14','playerVirtual14_4246147567',0,'2018-03-03 03:11:01',NULL,0),(357,'playerVirtual14','playerVirtual14_4246147567',0,'2018-03-03 03:11:02',NULL,0),(358,'playerVirtual15','playerVirtual15_182859403',0,'2018-03-03 03:11:06',NULL,0),(359,'playerVirtual15','playerVirtual15_182859403',0,'2018-03-03 03:11:07',NULL,0),(360,'playerVirtual14','playerVirtual14_9826248bb2',4,'2018-03-03 03:12:02',NULL,0),(361,'playerVirtual15','playerVirtual15_907a294d6a',3,'2018-03-03 03:12:07',NULL,0),(362,'playerVirtual10','playerVirtual10_4246147567',0,'2018-03-03 03:12:49',NULL,0),(363,'playerVirtual10','playerVirtual10_4246147567',0,'2018-03-03 03:12:49',NULL,0),(364,'playerVirtual19','playerVirtual19_e2944b00b8',4,'2018-03-03 03:13:16',NULL,0),(365,'playerVirtual10','playerVirtual10_06de3e3cc7',3,'2018-03-03 03:13:49',NULL,0),(366,'playerVirtual7','playerVirtual7_bf57e2c2d9',4,'2018-03-03 03:16:04',NULL,0),(367,'playerVirtual13','playerVirtual13_4246147567',0,'2018-03-03 03:16:18',NULL,0),(368,'playerVirtual13','playerVirtual13_4246147567',0,'2018-03-03 03:16:18',NULL,0),(369,'playerVirtual8','playerVirtual8_5068098508',0,'2018-03-03 03:16:28',NULL,0),(370,'playerVirtual8','playerVirtual8_5068098508',0,'2018-03-03 03:16:29',NULL,0),(371,'playerVirtual15','playerVirtual15_4246147567',0,'2018-03-03 03:17:07',NULL,0),(372,'playerVirtual15','playerVirtual15_4246147567',0,'2018-03-03 03:17:08',NULL,0),(373,'playerVirtual6','playerVirtual6_6316827871',0,'2018-03-03 03:17:13',NULL,0),(374,'playerVirtual6','playerVirtual6_6316827871',0,'2018-03-03 03:17:13',NULL,0),(375,'playerVirtual13','playerVirtual13_d5ff8b7456',3,'2018-03-03 03:17:18',NULL,0),(376,'playerVirtual8','playerVirtual8_8a06cef00a',4,'2018-03-03 03:17:29',NULL,0),(377,'playerVirtual2','playerVirtual2_182859403',1,'2018-03-03 03:18:03',NULL,0),(378,'playerVirtual2','playerVirtual2_1f18d2515b',4,'2018-03-03 03:18:03',NULL,0),(379,'playerVirtual2','playerVirtual2_182859403',1,'2018-03-03 03:18:06',NULL,0),(380,'playerVirtual16','playerVirtual16_6289704471',0,'2018-03-03 03:18:07',NULL,0),(381,'playerVirtual16','playerVirtual16_6289704471',0,'2018-03-03 03:18:07',NULL,0),(382,'playerVirtual15','playerVirtual15_68f24da744',4,'2018-03-03 03:18:08',NULL,0),(383,'playerVirtual6','playerVirtual6_cbc9a74e1a',3,'2018-03-03 03:18:13',NULL,0),(384,'playerVirtual4','playerVirtual4_6315250734',0,'2018-03-03 03:18:16',NULL,0),(385,'playerVirtual4','playerVirtual4_6315250734',0,'2018-03-03 03:18:16',NULL,0),(386,'playerVirtual13','playerVirtual13_4246147567',1,'2018-03-03 03:18:19',NULL,0),(387,'playerVirtual13','playerVirtual13_7677cbfcfd',4,'2018-03-03 03:18:20',NULL,0),(388,'playerVirtual13','playerVirtual13_4246147567',1,'2018-03-03 03:18:20',NULL,0),(389,'playerVirtual16','playerVirtual16_41a9f3b58a',3,'2018-03-03 03:19:07',NULL,0),(390,'playerVirtual4','playerVirtual4_1574ab4481',3,'2018-03-03 03:19:16',NULL,0),(391,'playerVirtual12','playerVirtual12_990694203',0,'2018-03-03 03:20:49',NULL,0),(392,'playerVirtual12','playerVirtual12_990694203',0,'2018-03-03 03:20:49',NULL,0),(393,'playerVirtual5','playerVirtual5_6289704471',1,'2018-03-03 03:21:18',NULL,0),(394,'playerVirtual5','playerVirtual5_e4fe8496e0',3,'2018-03-03 03:21:19',NULL,0),(395,'playerVirtual5','playerVirtual5_6289704471',1,'2018-03-03 03:21:19',NULL,0),(396,'playerVirtual9','playerVirtual9_2378747961',0,'2018-03-03 03:21:48',NULL,0),(397,'playerVirtual9','playerVirtual9_2378747961',0,'2018-03-03 03:21:49',NULL,0),(398,'playerVirtual12','playerVirtual12_1714870efb',4,'2018-03-03 03:21:49',NULL,0),(399,'playerVirtual11','playerVirtual11_4246147567',1,'2018-03-03 03:22:21',NULL,0),(400,'playerVirtual11','playerVirtual11_60804b7017',3,'2018-03-03 03:22:21',NULL,0),(401,'playerVirtual11','playerVirtual11_4246147567',1,'2018-03-03 03:22:21',NULL,0),(402,'playerVirtual9','playerVirtual9_d1ed219e60',3,'2018-03-03 03:22:48',NULL,0),(403,'playerVirtual16','playerVirtual16_359920779',0,'2018-03-03 03:22:58',NULL,0),(404,'playerVirtual16','playerVirtual16_359920779',0,'2018-03-03 03:22:58',NULL,0),(405,'playerVirtual3','playerVirtual3_4246147567',0,'2018-03-03 03:23:50',NULL,0),(406,'playerVirtual3','playerVirtual3_4246147567',0,'2018-03-03 03:23:50',NULL,0),(407,'playerVirtual17','playerVirtual17_4246147567',0,'2018-03-03 03:23:50',NULL,0),(408,'playerVirtual10','playerVirtual10_4246147567',1,'2018-03-03 03:23:51',NULL,0),(409,'playerVirtual10','playerVirtual10_d7aaa63195',4,'2018-03-03 03:23:51',NULL,0),(410,'playerVirtual10','playerVirtual10_4246147567',1,'2018-03-03 03:23:51',NULL,0),(411,'playerVirtual16','playerVirtual16_2a71f5c544',4,'2018-03-03 03:23:58',NULL,0),(412,'playerVirtual3','playerVirtual3_b8f33b1488',3,'2018-03-03 03:24:50',NULL,0),(413,'playerVirtual17','playerVirtual17_1927a3436b',3,'2018-03-03 03:24:51',NULL,0),(414,'playerVirtual17','playerVirtual17_c7626352c5',4,'2018-03-03 03:25:52',NULL,0),(415,'playerVirtual4','playerVirtual4_359920779',1,'2018-03-03 03:26:14',NULL,0),(416,'playerVirtual4','playerVirtual4_ab5bb0bc11',4,'2018-03-03 03:26:15',NULL,0),(417,'playerVirtual4','playerVirtual4_359920779',1,'2018-03-03 03:26:15',NULL,0),(418,'playerVirtual7','playerVirtual7_4246147567',0,'2018-03-03 03:26:48',NULL,0),(419,'playerVirtual2','playerVirtual2_04d3c3d14c',3,'2018-03-03 03:27:29',NULL,0),(420,'playerVirtual7','playerVirtual7_866d1f1831',3,'2018-03-03 03:27:48',NULL,0),(421,'playerVirtual14','playerVirtual14_00324fdf55',3,'2018-03-03 03:28:06',NULL,0),(422,'playerVirtual18','playerVirtual18_4246147567',0,'2018-03-03 03:29:14',NULL,0),(423,'playerVirtual18','playerVirtual18_4246147567',0,'2018-03-03 03:29:14',NULL,0),(424,'playerVirtual18','playerVirtual18_1a3eeaf64b',3,'2018-03-03 03:30:14',NULL,0),(425,'playerVirtual18','playerVirtual18_4246147567',1,'2018-03-03 03:31:15',NULL,0),(426,'playerVirtual18','playerVirtual18_61cabf4f47',4,'2018-03-03 03:31:15',NULL,0),(427,'playerVirtual18','playerVirtual18_4246147567',1,'2018-03-03 03:31:15',NULL,0),(428,'playerVirtual5','playerVirtual5_4246147567',0,'2018-03-03 03:31:19',NULL,0),(429,'playerVirtual5','playerVirtual5_4246147567',0,'2018-03-03 03:31:20',NULL,0),(430,'playerVirtual9','playerVirtual9_4246147567',0,'2018-03-03 03:31:30',NULL,0),(431,'playerVirtual9','playerVirtual9_4246147567',0,'2018-03-03 03:31:30',NULL,0),(432,'playerVirtual6','playerVirtual6_6322213339',0,'2018-03-03 03:31:33',NULL,0),(433,'playerVirtual6','playerVirtual6_6322213339',0,'2018-03-03 03:31:33',NULL,0),(434,'playerVirtual12','playerVirtual12_990694203',1,'2018-03-03 03:31:42',NULL,0),(435,'playerVirtual12','playerVirtual12_541c839e1c',3,'2018-03-03 03:31:42',NULL,0),(436,'playerVirtual12','playerVirtual12_990694203',1,'2018-03-03 03:31:43',NULL,0),(437,'playerVirtual5','playerVirtual5_37f2c8409f',4,'2018-03-03 03:32:20',NULL,0),(438,'playerVirtual9','playerVirtual9_d3c10c4a7f',4,'2018-03-03 03:32:30',NULL,0),(439,'playerVirtual6','playerVirtual6_74d6b1592e',4,'2018-03-03 03:32:33',NULL,0),(440,'playerVirtual8','playerVirtual8_1095593',0,'2018-03-03 03:32:37',NULL,0),(441,'playerVirtual8','playerVirtual8_1095593',0,'2018-03-03 03:32:37',NULL,0),(442,'playerVirtual8','playerVirtual8_b51b13f974',3,'2018-03-03 03:33:37',NULL,0),(443,'playerVirtual3','playerVirtual3_4246147567',1,'2018-03-03 03:33:59',NULL,0),(444,'playerVirtual3','playerVirtual3_2df5e0852c',4,'2018-03-03 03:33:59',NULL,0),(445,'playerVirtual3','playerVirtual3_4246147567',1,'2018-03-03 03:34:03',NULL,0),(446,'playerVirtual11','playerVirtual11_4246147567',0,'2018-03-03 03:34:07',NULL,0),(447,'playerVirtual11','playerVirtual11_99a37f8cf5',4,'2018-03-03 03:34:08',NULL,0),(448,'playerVirtual11','playerVirtual11_4246147567',0,'2018-03-03 03:34:08',NULL,0),(449,'playerVirtual1940','playerVirtual1940_870a7b8272',4,'2018-03-03 03:34:24',NULL,0),(450,'playerVirtual19','playerVirtual19_4246147567',0,'2018-03-03 03:35:23',NULL,0),(451,'playerVirtual19','playerVirtual19_4246147567',0,'2018-03-03 03:35:24',NULL,0),(452,'playerVirtual15','playerVirtual15_4246147567',1,'2018-03-03 03:35:59',NULL,0),(453,'playerVirtual15','playerVirtual15_379f647a63',3,'2018-03-03 03:35:59',NULL,0),(454,'playerVirtual15','playerVirtual15_4246147567',1,'2018-03-03 03:35:59',NULL,0),(455,'playerVirtual19','playerVirtual19_1f4198447e',3,'2018-03-03 03:36:23',NULL,0),(456,'playerVirtual19','playerVirtual19_3c7ece0576',4,'2018-03-03 03:37:25',NULL,0),(457,'playerVirtual14','playerVirtual14_6335261139',0,'2018-03-03 03:37:44',NULL,0),(458,'playerVirtual14','playerVirtual14_6335261139',0,'2018-03-03 03:37:45',NULL,0),(459,'playerVirtual10','playerVirtual10_4246147567',0,'2018-03-03 03:38:17',NULL,0),(460,'playerVirtual10','playerVirtual10_14691f5fd7',3,'2018-03-03 03:38:18',NULL,0),(461,'playerVirtual10','playerVirtual10_4246147567',0,'2018-03-03 03:38:18',NULL,0),(462,'playerVirtual14','playerVirtual14_37271f86b7',4,'2018-03-03 03:38:45',NULL,0),(463,'playerVirtual7','playerVirtual7_1adb4b69f1',4,'2018-03-03 03:40:25',NULL,0),(464,'playerVirtual13','playerVirtual13_4246147567',0,'2018-03-03 03:40:53',NULL,0),(465,'playerVirtual13','playerVirtual13_4898960d28',3,'2018-03-03 03:40:53',NULL,0),(466,'playerVirtual13','playerVirtual13_4246147567',0,'2018-03-03 03:40:53',NULL,0),(467,'playerVirtual13','playerVirtual13_4246147567',1,'2018-03-03 03:41:54',NULL,0),(468,'playerVirtual13','playerVirtual13_0e9f2ce5d7',4,'2018-03-03 03:41:55',NULL,0),(469,'playerVirtual13','playerVirtual13_4246147567',1,'2018-03-03 03:41:55',NULL,0),(470,'playerVirtual8','playerVirtual8_5068098508',1,'2018-03-03 03:43:09',NULL,0),(471,'playerVirtual8','playerVirtual8_00d8de010c',4,'2018-03-03 03:43:10',NULL,0),(472,'playerVirtual8','playerVirtual8_5068098508',1,'2018-03-03 03:43:10',NULL,0),(473,'playerVirtual2','playerVirtual2_4246147567',0,'2018-03-03 03:43:35',NULL,0),(474,'playerVirtual2','playerVirtual2_4246147567',0,'2018-03-03 03:43:36',NULL,0),(475,'playerVirtual4','playerVirtual4_4246147567',0,'2018-03-03 03:44:21',NULL,0),(476,'playerVirtual4','playerVirtual4_4246147567',0,'2018-03-03 03:44:21',NULL,0),(477,'playerVirtual2','playerVirtual2_981594a95c',4,'2018-03-03 03:44:34',NULL,0),(478,'playerVirtual16','playerVirtual16_4246147567',0,'2018-03-03 03:44:45',NULL,0),(479,'playerVirtual16','playerVirtual16_4246147567',0,'2018-03-03 03:44:46',NULL,0),(480,'playerVirtual15','playerVirtual15_4246147567',0,'2018-03-03 03:45:00',NULL,0),(481,'playerVirtual15','playerVirtual15_f55ef8a43b',4,'2018-03-03 03:45:00',NULL,0),(482,'playerVirtual15','playerVirtual15_4246147567',0,'2018-03-03 03:45:01',NULL,0),(483,'playerVirtual4','playerVirtual4_e6be49791a',3,'2018-03-03 03:45:21',NULL,0),(484,'playerVirtual6','playerVirtual6_4246147567',0,'2018-03-03 03:45:24',NULL,0),(485,'playerVirtual6','playerVirtual6_4246147567',0,'2018-03-03 03:45:25',NULL,0),(486,'playerVirtual16','playerVirtual16_c97a3507be',3,'2018-03-03 03:45:45',NULL,0),(487,'playerVirtual5','playerVirtual5_4246147567',1,'2018-03-03 03:46:07',NULL,0),(488,'playerVirtual5','playerVirtual5_a472b8291b',3,'2018-03-03 03:46:07',NULL,0),(489,'playerVirtual5','playerVirtual5_4246147567',1,'2018-03-03 03:46:07',NULL,0),(490,'playerVirtual11','playerVirtual11_4246147567',1,'2018-03-03 03:46:22',NULL,0),(491,'playerVirtual11','playerVirtual11_e8f5e56970',3,'2018-03-03 03:46:22',NULL,0),(492,'playerVirtual11','playerVirtual11_4246147567',1,'2018-03-03 03:46:23',NULL,0),(493,'playerVirtual6','playerVirtual6_8e602b5054',3,'2018-03-03 03:46:25',NULL,0),(494,'playerVirtual12','playerVirtual12_4246147567',0,'2018-03-03 03:47:50',NULL,0),(495,'playerVirtual12','playerVirtual12_4246147567',0,'2018-03-03 03:47:53',NULL,0),(496,'playerVirtual9','playerVirtual9_4246147567',1,'2018-03-03 03:48:02',NULL,0),(497,'playerVirtual9','playerVirtual9_698e94e2a4',3,'2018-03-03 03:48:02',NULL,0),(498,'playerVirtual9','playerVirtual9_4246147567',1,'2018-03-03 03:48:03',NULL,0),(499,'playerVirtual10','playerVirtual10_4246147567',1,'2018-03-03 03:48:20',NULL,0),(500,'playerVirtual10','playerVirtual10_c55e2ab555',4,'2018-03-03 03:48:20',NULL,0),(501,'playerVirtual10','playerVirtual10_4246147567',1,'2018-03-03 03:48:20',NULL,0),(502,'playerVirtual12','playerVirtual12_e258c35c63',4,'2018-03-03 03:48:49',NULL,0),(503,'playerVirtual16','playerVirtual16_4246147567',1,'2018-03-03 03:49:38',NULL,0),(504,'playerVirtual16','playerVirtual16_cc90fc371b',4,'2018-03-03 03:49:38',NULL,0),(505,'playerVirtual16','playerVirtual16_4246147567',1,'2018-03-03 03:49:38',NULL,0),(506,'playerVirtual17','playerVirtual17_4246147567',0,'2018-03-03 03:49:43',NULL,0),(507,'playerVirtual17','playerVirtual17_a3e4f83199',3,'2018-03-03 03:49:44',NULL,0),(508,'playerVirtual17','playerVirtual17_68f898afc8',4,'2018-03-03 03:50:45',NULL,0),(509,'playerVirtual3','playerVirtual3_4246147567',0,'2018-03-03 03:51:15',NULL,0),(510,'playerVirtual3','playerVirtual3_7a27fe74e5',3,'2018-03-03 03:51:15',NULL,0),(511,'playerVirtual3','playerVirtual3_4246147567',0,'2018-03-03 03:51:15',NULL,0),(512,'playerVirtual4','playerVirtual4_4246147567',1,'2018-03-03 03:52:19',NULL,0),(513,'playerVirtual4','playerVirtual4_63c4125d6e',4,'2018-03-03 03:52:19',NULL,0),(514,'playerVirtual4','playerVirtual4_4246147567',1,'2018-03-03 03:52:20',NULL,0),(515,'playerVirtual2','playerVirtual2_4246147567',1,'2018-03-03 03:54:00',NULL,0),(516,'playerVirtual2','playerVirtual2_b7228092d2',3,'2018-03-03 03:54:00',NULL,0),(517,'playerVirtual2','playerVirtual2_4246147567',1,'2018-03-03 03:54:00',NULL,0),(518,'playerVirtual7','playerVirtual7_6344084916',0,'2018-03-03 03:55:24',NULL,0),(519,'playerVirtual18','playerVirtual18_4246147567',0,'2018-03-03 03:55:59',NULL,0),(520,'playerVirtual18','playerVirtual18_0f395211b2',3,'2018-03-03 03:55:59',NULL,0),(521,'playerVirtual18','playerVirtual18_4246147567',0,'2018-03-03 03:55:59',NULL,0),(522,'playerVirtual7','playerVirtual7_3ddc1b0c2b',3,'2018-03-03 03:56:24',NULL,0),(523,'playerVirtual14','playerVirtual14_4246147567',0,'2018-03-03 03:56:25',NULL,0),(524,'playerVirtual14','playerVirtual14_a01afa3831',3,'2018-03-03 03:56:25',NULL,0),(525,'playerVirtual14','playerVirtual14_4246147567',0,'2018-03-03 03:56:26',NULL,0),(526,'playerVirtual18','playerVirtual18_4246147567',1,'2018-03-03 03:57:00',NULL,0),(527,'playerVirtual18','playerVirtual18_fb5b21cdd6',4,'2018-03-03 03:57:00',NULL,0),(528,'playerVirtual18','playerVirtual18_4246147567',1,'2018-03-03 03:57:00',NULL,0),(529,'playerVirtual5','playerVirtual5_1436344784',1,'2018-03-03 03:57:03',NULL,0),(530,'playerVirtual5','playerVirtual5_089589ece6',4,'2018-03-03 03:57:04',NULL,0),(531,'playerVirtual5','playerVirtual5_1436344784',1,'2018-03-03 03:57:04',NULL,0),(532,'playerVirtual12','playerVirtual12_51f669d0c7',3,'2018-03-03 03:58:40',NULL,0),(533,'playerVirtual6','playerVirtual6_4246147567',1,'2018-03-03 03:59:44',NULL,0),(534,'playerVirtual6','playerVirtual6_68706b39b8',4,'2018-03-03 03:59:44',NULL,0),(535,'playerVirtual6','playerVirtual6_4246147567',1,'2018-03-03 03:59:44',NULL,0),(536,'playerVirtual3','playerVirtual3_3d6ffeecae',4,'2018-03-03 04:00:20',NULL,0),(537,'playerVirtual9','playerVirtual9_4246147567',0,'2018-03-03 04:00:43',NULL,0),(538,'playerVirtual9','playerVirtual9_56054db97c',4,'2018-03-03 04:00:43',NULL,0),(539,'playerVirtual9','playerVirtual9_4246147567',0,'2018-03-03 04:00:43',NULL,0),(540,'playerVirtual8','playerVirtual8_990694203',0,'2018-03-03 04:01:24',NULL,0),(541,'playerVirtual8','playerVirtual8_990694203',0,'2018-03-03 04:01:24',NULL,0),(542,'playerVirtual1728','playerVirtual1728_53ac3f7cb5',4,'2018-03-03 04:02:05',NULL,0),(543,'playerVirtual11','playerVirtual11_4246147567',0,'2018-03-03 04:02:09',NULL,0),(544,'playerVirtual11','playerVirtual11_6a0ce9408c',4,'2018-03-03 04:02:09',NULL,0),(545,'playerVirtual11','playerVirtual11_4246147567',0,'2018-03-03 04:02:09',NULL,0),(546,'playerVirtual8','playerVirtual8_b86ef9ffa5',3,'2018-03-03 04:02:24',NULL,0),(547,'playerVirtual15','playerVirtual15_4246147567',1,'2018-03-03 04:02:52',NULL,0),(548,'playerVirtual15','playerVirtual15_012d7c9f5c',3,'2018-03-03 04:02:52',NULL,0),(549,'playerVirtual15','playerVirtual15_4246147567',1,'2018-03-03 04:02:52',NULL,0),(550,'playerVirtual19','playerVirtual19_4246147567',0,'2018-03-03 04:03:30',NULL,0),(551,'playerVirtual19','playerVirtual19_4f413ad6bd',3,'2018-03-03 04:03:30',NULL,0),(552,'playerVirtual19','playerVirtual19_4246147567',0,'2018-03-03 04:03:31',NULL,0),(553,'playerVirtual19','playerVirtual19_a68425bb66',4,'2018-03-03 04:04:31',NULL,0),(554,'playerVirtual14','playerVirtual14_0520a338b4',4,'2018-03-03 04:06:04',NULL,0),(555,'playerVirtual10','playerVirtual10_272887063',0,'2018-03-03 04:06:35',NULL,0),(556,'playerVirtual10','playerVirtual10_272887063',0,'2018-03-03 04:06:36',NULL,0),(557,'playerVirtual10','playerVirtual10_b869455ebf',3,'2018-03-03 04:07:35',NULL,0),(558,'playerVirtual13','playerVirtual13_4246147567',0,'2018-03-03 04:08:41',NULL,0),(559,'playerVirtual13','playerVirtual13_18a525f793',3,'2018-03-03 04:08:41',NULL,0),(560,'playerVirtual13','playerVirtual13_4246147567',0,'2018-03-03 04:08:42',NULL,0),(561,'playerVirtual13','playerVirtual13_4246147567',1,'2018-03-03 04:09:43',NULL,0),(562,'playerVirtual13','playerVirtual13_b90356109b',4,'2018-03-03 04:09:43',NULL,0),(563,'playerVirtual13','playerVirtual13_4246147567',1,'2018-03-03 04:09:43',NULL,0),(564,'playerVirtual7','playerVirtual7_4246147567',0,'2018-03-03 04:10:28',NULL,0),(565,'playerVirtual7','playerVirtual7_f99c8e2776',4,'2018-03-03 04:10:29',NULL,0),(566,'playerVirtual8','playerVirtual8_990694203',1,'2018-03-03 04:11:58',NULL,0),(567,'playerVirtual8','playerVirtual8_432503f8e5',4,'2018-03-03 04:11:58',NULL,0),(568,'playerVirtual8','playerVirtual8_990694203',1,'2018-03-03 04:11:58',NULL,0),(569,'playerVirtual2','playerVirtual2_272887063',1,'2018-03-03 04:12:52',NULL,0),(570,'playerVirtual2','playerVirtual2_b1cb22cd30',4,'2018-03-03 04:12:52',NULL,0),(571,'playerVirtual2','playerVirtual2_272887063',1,'2018-03-03 04:12:52',NULL,0),(572,'playerVirtual16','playerVirtual16_4246147567',0,'2018-03-03 04:14:11',NULL,0),(573,'playerVirtual16','playerVirtual16_b0cc7ac051',3,'2018-03-03 04:14:11',NULL,0),(574,'playerVirtual16','playerVirtual16_4246147567',0,'2018-03-03 04:14:12',NULL,0),(575,'playerVirtual11','playerVirtual11_df9828ca25',3,'2018-03-03 04:14:24',NULL,0),(576,'playerVirtual4','playerVirtual4_6566788',0,'2018-03-03 04:14:26',NULL,0),(577,'playerVirtual4','playerVirtual4_6566788',0,'2018-03-03 04:14:26',NULL,0),(578,'playerVirtual15','playerVirtual15_4820150269',0,'2018-03-03 04:14:51',NULL,0),(579,'playerVirtual15','playerVirtual15_4820150269',0,'2018-03-03 04:14:52',NULL,0),(580,'playerVirtual4','playerVirtual4_1c196ae4fa',3,'2018-03-03 04:15:28',NULL,0),(581,'playerVirtual5','playerVirtual5_4246147567',0,'2018-03-03 04:15:42',NULL,0),(582,'playerVirtual5','playerVirtual5_a745884196',3,'2018-03-03 04:15:42',NULL,0),(583,'playerVirtual5','playerVirtual5_4246147567',0,'2018-03-03 04:15:42',NULL,0),(584,'playerVirtual15','playerVirtual15_7a9e9a9262',4,'2018-03-03 04:15:51',NULL,0),(585,'playerVirtual6','playerVirtual6_4246147567',0,'2018-03-03 04:16:13',NULL,0),(586,'playerVirtual6','playerVirtual6_45a04f9b6a',3,'2018-03-03 04:16:14',NULL,0),(587,'playerVirtual6','playerVirtual6_4246147567',0,'2018-03-03 04:16:14',NULL,0),(588,'playerVirtual9','playerVirtual9_bb63549778',3,'2018-03-03 04:16:16',NULL,0);
/*!40000 ALTER TABLE `REQUEST` ENABLE KEYS */;
UNLOCK TABLES;

--
-- Table structure for table `STATUS`
--

DROP TABLE IF EXISTS `STATUS`;
/*!40101 SET @saved_cs_client     = @@character_set_client */;
/*!40101 SET character_set_client = utf8 */;
CREATE TABLE `STATUS` (
  `id` int(11) NOT NULL AUTO_INCREMENT,
  `players` int(11) DEFAULT '0',
  `all_requests` int(11) DEFAULT '0',
  `accepts` int(11) DEFAULT '0',
  `rejects` int(11) DEFAULT '0',
  `fairness` float DEFAULT '0',
  `timestamp` timestamp NULL DEFAULT NULL,
  PRIMARY KEY (`id`)
) ENGINE=InnoDB AUTO_INCREMENT=32 DEFAULT CHARSET=utf8;
/*!40101 SET character_set_client = @saved_cs_client */;

--
-- Dumping data for table `STATUS`
--

LOCK TABLES `STATUS` WRITE;
/*!40000 ALTER TABLE `STATUS` DISABLE KEYS */;
INSERT INTO `STATUS` VALUES (1,0,0,0,0,0,'2018-03-03 01:46:39'),(2,2,4,3,1,0.75,'2018-03-03 01:51:39'),(3,3,10,8,2,0.8,'2018-03-03 01:56:39'),(4,5,14,10,4,0.714286,'2018-03-03 02:01:39'),(5,6,22,14,8,0.636364,'2018-03-03 02:06:40'),(6,8,27,18,9,0.666667,'2018-03-03 02:11:40'),(7,9,35,24,11,0.685714,'2018-03-03 02:16:40'),(8,10,40,29,11,0.725,'2018-03-03 02:21:40'),(9,12,46,34,12,0.73913,'2018-03-03 02:26:40'),(10,13,52,39,13,0.75,'2018-03-03 02:31:40'),(11,15,58,42,16,0.724138,'2018-03-03 02:36:41'),(12,16,65,48,17,0.738462,'2018-03-03 02:41:41'),(13,18,69,52,17,0.753623,'2018-03-03 02:46:41'),(14,19,74,56,18,0.756757,'2018-03-03 02:51:41'),(15,20,76,57,19,0.75,'2018-03-03 02:56:41'),(16,21,82,63,19,0.768293,'2018-03-03 03:01:41'),(17,22,84,65,19,0.77381,'2018-03-03 03:06:41'),(18,24,88,68,20,0.772727,'2018-03-03 03:11:42'),(19,25,91,71,20,0.78022,'2018-03-03 03:16:42'),(20,25,96,75,21,0.78125,'2018-03-03 03:21:42'),(21,25,99,78,21,0.787879,'2018-03-03 03:26:42'),(22,25,103,81,22,0.786408,'2018-03-03 03:31:42'),(23,26,106,83,23,0.783019,'2018-03-03 03:36:42'),(24,26,109,86,23,0.788991,'2018-03-03 03:41:42'),(25,26,114,91,23,0.798246,'2018-03-03 03:46:42'),(26,26,116,90,26,0.775862,'2018-03-03 03:51:43'),(27,26,118,92,26,0.779661,'2018-03-03 03:56:43'),(28,27,120,93,27,0.775,'2018-03-03 04:01:43'),(29,27,123,95,28,0.772358,'2018-03-03 04:06:43'),(30,27,124,96,28,0.774194,'2018-03-03 04:11:43'),(31,27,129,101,28,0.782946,'2018-03-03 04:16:43');
/*!40000 ALTER TABLE `STATUS` ENABLE KEYS */;
UNLOCK TABLES;

--
-- Table structure for table `THRESHOLD`
--

DROP TABLE IF EXISTS `THRESHOLD`;
/*!40101 SET @saved_cs_client     = @@character_set_client */;
/*!40101 SET character_set_client = utf8 */;
CREATE TABLE `THRESHOLD` (
  `division` int(11) NOT NULL,
  `botton` float DEFAULT '0',
  `top` float DEFAULT '0',
  PRIMARY KEY (`division`)
) ENGINE=InnoDB DEFAULT CHARSET=utf8;
/*!40101 SET character_set_client = @saved_cs_client */;

--
-- Dumping data for table `THRESHOLD`
--

LOCK TABLES `THRESHOLD` WRITE;
/*!40000 ALTER TABLE `THRESHOLD` DISABLE KEYS */;
INSERT INTO `THRESHOLD` VALUES (1,8.76,20),(2,4.38,8.76),(3,0,4.38);
/*!40000 ALTER TABLE `THRESHOLD` ENABLE KEYS */;
UNLOCK TABLES;

--
-- Table structure for table `VM`
--

DROP TABLE IF EXISTS `VM`;
/*!40101 SET @saved_cs_client     = @@character_set_client */;
/*!40101 SET character_set_client = utf8 */;
CREATE TABLE `VM` (
  `id` int(11) NOT NULL AUTO_INCREMENT,
  `origin_add` varchar(45) NOT NULL,
  `origin_id` varchar(45) NOT NULL,
  `origin_name` varchar(45) NOT NULL,
  `destiny_add` varchar(45) NOT NULL,
  `destiny_name` varchar(45) NOT NULL,
  `destiny_id` varchar(45) NOT NULL,
  `status` tinyint(1) NOT NULL,
  `has_resources` tinyint(1) NOT NULL,
  `vcpus` int(11) NOT NULL,
  `mem` bigint(20) NOT NULL,
  `disk` bigint(20) NOT NULL,
  `timestamp_received` timestamp NULL DEFAULT NULL,
  `timestamp_finished` timestamp NULL DEFAULT NULL,
  PRIMARY KEY (`id`)
) ENGINE=InnoDB AUTO_INCREMENT=130 DEFAULT CHARSET=utf8;
/*!40101 SET character_set_client = @saved_cs_client */;

--
-- Dumping data for table `VM`
--

LOCK TABLES `VM` WRITE;
/*!40000 ALTER TABLE `VM` DISABLE KEYS */;
INSERT INTO `VM` VALUES (1,'192.168.0.200','playerVirtual1_450512000','playerVirtual1','192.168.0.200','playerVirtual2','playerVirtual2_5156ffb9bf',1,1,1,2048,20,'2018-03-03 01:49:16',NULL),(2,'192.168.0.200','playerVirtual2_1438244924','playerVirtual2','192.168.0.200','playerVirtual1','playerVirtual1_00e89c94dc',3,1,1,2048,20,'2018-03-03 01:49:18','2018-03-03 02:51:10'),(3,'192.168.0.200','playerVirtual1_640692267','playerVirtual1','192.168.0.200','playerVirtual2','playerVirtual2_74d6cc7f2c',1,1,1,512,1,'2018-03-03 01:51:21',NULL),(4,'192.168.0.200','playerVirtual2_2381571381','playerVirtual2','192.168.0.200','playerVirtual1','playerVirtual2_2381571381',0,0,1,2048,20,'2018-03-03 01:51:22','2018-03-03 01:51:22'),(5,'192.168.0.200','playerVirtual1_5297461910','playerVirtual1','192.168.0.200','playerVirtual3','playerVirtual3_39b0edca3c',1,1,1,512,1,'2018-03-03 01:53:24',NULL),(6,'192.168.0.200','playerVirtual2_2790332778','playerVirtual2','192.168.0.200','playerVirtual3','playerVirtual3_d44f36c9e9',1,1,2,4096,40,'2018-03-03 01:53:30',NULL),(7,'192.168.0.200','playerVirtual3_369721705','playerVirtual3','192.168.0.200','playerVirtual2','playerVirtual2_6c554d75d9',1,1,2,4096,40,'2018-03-03 01:54:28',NULL),(8,'192.168.0.200','playerVirtual1_317469422','playerVirtual1','192.168.0.200','playerVirtual2','playerVirtual2_fa3ff2f0c0',1,1,2,4096,40,'2018-03-03 01:55:34',NULL),(9,'192.168.0.200','playerVirtual2_6955737','playerVirtual2','192.168.0.200','playerVirtual1','playerVirtual2_6955737',0,0,1,2048,20,'2018-03-03 01:55:35','2018-03-03 01:55:35'),(10,'192.168.0.200','playerVirtual3_257338104','playerVirtual3','192.168.0.200','playerVirtual2','playerVirtual2_5478115924',1,1,2,4096,40,'2018-03-03 01:56:30',NULL),(11,'192.168.0.200','playerVirtual2_2433236783','playerVirtual2','192.168.0.200','playerVirtual3','playerVirtual2_2433236783',0,0,1,2048,20,'2018-03-03 01:57:43','2018-03-03 01:57:43'),(12,'192.168.0.200','playerVirtual3_3338579772','playerVirtual3','192.168.0.200','playerVirtual4','playerVirtual4_6d38e26795',3,1,1,2048,20,'2018-03-03 01:58:43','2018-03-03 02:49:16'),(13,'192.168.0.200','playerVirtual2_2359368952','playerVirtual2','192.168.0.200','playerVirtual0','playerVirtual2_2359368952',0,1,1,512,1,'2018-03-03 02:00:00','2018-03-03 02:00:00'),(14,'192.168.0.200','playerVirtual3_16917741','playerVirtual3','192.168.0.200','playerVirtual4','playerVirtual4_d9c4211127',1,1,1,512,1,'2018-03-03 02:00:57',NULL),(15,'192.168.0.200','playerVirtual4_2545640208','playerVirtual4','192.168.0.200','playerVirtual0','playerVirtual4_2545640208',0,1,1,2048,20,'2018-03-03 02:01:54','2018-03-03 02:01:54'),(16,'192.168.0.200','playerVirtual0_908315','playerVirtual0','192.168.0.200','playerVirtual4','playerVirtual4_c14bcbc9a1',1,1,1,2048,20,'2018-03-03 02:01:55',NULL),(17,'192.168.0.200','playerVirtual2_539194189','playerVirtual2','192.168.0.200','playerVirtual0','playerVirtual2_539194189',0,1,1,2048,20,'2018-03-03 02:02:29','2018-03-03 02:02:29'),(18,'192.168.0.200','playerVirtual3_4820204870','playerVirtual3','192.168.0.200','playerVirtual5','playerVirtual5_dbaaae0a4f',3,1,2,4096,40,'2018-03-03 02:04:10','2018-03-03 02:32:33'),(19,'192.168.0.200','playerVirtual4_8058564','playerVirtual4','192.168.0.200','playerVirtual0','playerVirtual4_8058564',0,1,1,2048,20,'2018-03-03 02:05:49','2018-03-03 02:05:49'),(20,'192.168.0.200','playerVirtual0_1429160667','playerVirtual0','192.168.0.200','playerVirtual4','playerVirtual4_b5d642dc76',1,1,1,2048,20,'2018-03-03 02:05:57',NULL),(21,'192.168.0.200','playerVirtual2_82730999','playerVirtual2','192.168.0.200','playerVirtual5','playerVirtual5_91a3448150',1,1,1,512,1,'2018-03-03 02:06:23',NULL),(22,'192.168.0.200','playerVirtual5_3338010893','playerVirtual5','192.168.0.200','playerVirtual0','playerVirtual5_3338010893',0,1,1,512,1,'2018-03-03 02:06:35','2018-03-03 02:06:35'),(23,'192.168.0.200','playerVirtual3_351652724','playerVirtual3','192.168.0.200','playerVirtual4','playerVirtual4_f2e936180f',1,1,1,2048,20,'2018-03-03 02:07:22',NULL),(24,'192.168.0.200','playerVirtual4_6571218','playerVirtual4','192.168.0.200','playerVirtual6','playerVirtual6_4b23638e7b',1,1,1,2048,20,'2018-03-03 02:08:20',NULL),(25,'192.168.0.200','playerVirtual5_1339662','playerVirtual5','192.168.0.200','playerVirtual4','playerVirtual4_6af13dfa1b',1,1,1,2048,20,'2018-03-03 02:08:48',NULL),(26,'192.168.0.200','playerVirtual2_1436344784','playerVirtual2','192.168.0.200','playerVirtual5','playerVirtual5_db6625ddad',3,1,1,2048,20,'2018-03-03 02:09:00','2018-03-03 03:08:48'),(27,'192.168.0.200','playerVirtual3_284794223','playerVirtual3','192.168.0.200','playerVirtual1877','playerVirtual3_284794223',0,1,1,2048,20,'2018-03-03 02:10:43','2018-03-03 02:10:43'),(28,'192.168.0.200','playerVirtual4_359920779','playerVirtual4','192.168.0.200','playerVirtual6','playerVirtual6_721f4221f8',3,1,1,512,1,'2018-03-03 02:12:22','2018-03-03 03:26:15'),(29,'192.168.0.200','playerVirtual2_2904109077','playerVirtual2','192.168.0.200','playerVirtual4','playerVirtual4_0579452deb',1,1,1,512,1,'2018-03-03 02:12:57',NULL),(30,'192.168.0.200','playerVirtual5_904011','playerVirtual5','192.168.0.200','playerVirtual1877','playerVirtual5_904011',0,1,1,2048,20,'2018-03-03 02:13:08','2018-03-03 02:13:08'),(31,'192.168.0.200','playerVirtual6_1093460','playerVirtual6','192.168.0.200','playerVirtual7','playerVirtual7_53af38388f',1,1,1,512,1,'2018-03-03 02:13:50',NULL),(32,'192.168.0.200','playerVirtual3_905614','playerVirtual3','192.168.0.200','playerVirtual5','playerVirtual5_06df34521a',1,1,1,2048,20,'2018-03-03 02:13:56',NULL),(33,'192.168.0.200','playerVirtual4_470485660','playerVirtual4','192.168.0.200','playerVirtual6','playerVirtual6_e43b27e65e',1,1,2,4096,40,'2018-03-03 02:14:57',NULL),(34,'192.168.0.200','playerVirtual5_5792765','playerVirtual5','192.168.0.200','playerVirtual4','playerVirtual4_a9e19ce557',1,1,1,512,1,'2018-03-03 02:15:29',NULL),(35,'192.168.0.200','playerVirtual2_30788568','playerVirtual2','192.168.0.200','playerVirtual1877','playerVirtual2_30788568',0,1,1,512,1,'2018-03-03 02:15:40','2018-03-03 02:15:40'),(36,'192.168.0.200','playerVirtual3_400453824','playerVirtual3','192.168.0.200','playerVirtual5','playerVirtual5_2bc216a0c6',1,1,1,512,1,'2018-03-03 02:17:31',NULL),(37,'192.168.0.200','playerVirtual6_38671842','playerVirtual6','192.168.0.200','playerVirtual8','playerVirtual8_294bdfec5f',1,1,1,512,1,'2018-03-03 02:18:35',NULL),(38,'192.168.0.200','playerVirtual4_4819935267','playerVirtual4','192.168.0.200','playerVirtual6','playerVirtual6_d3cf6de637',1,1,2,4096,40,'2018-03-03 02:19:19',NULL),(39,'192.168.0.200','playerVirtual2_6264344062','playerVirtual2','192.168.0.200','playerVirtual4','playerVirtual4_9dcfafe6c6',3,1,1,512,1,'2018-03-03 02:19:57','2018-03-03 03:02:52'),(40,'192.168.0.200','playerVirtual5_4820217293','playerVirtual5','192.168.0.200','playerVirtual8','playerVirtual8_1343492175',1,1,2,4096,40,'2018-03-03 02:20:08',NULL),(41,'192.168.0.200','playerVirtual6_2148750930','playerVirtual6','192.168.0.200','playerVirtual2','playerVirtual2_59e44d7674',1,1,1,2048,20,'2018-03-03 02:22:22',NULL),(42,'192.168.0.200','playerVirtual3_1095593','playerVirtual3','192.168.0.200','playerVirtual8','playerVirtual8_3bb8647c98',3,1,1,512,1,'2018-03-03 02:22:24','2018-03-03 03:01:25'),(43,'192.168.0.200','playerVirtual4_563574327','playerVirtual4','192.168.0.200','playerVirtual1200','playerVirtual4_563574327',0,1,1,2048,20,'2018-03-03 02:23:33','2018-03-03 02:23:33'),(44,'192.168.0.200','playerVirtual8_227443932','playerVirtual8','192.168.0.200','playerVirtual9','playerVirtual9_907df93a2f',1,1,1,2048,20,'2018-03-03 02:23:41',NULL),(45,'192.168.0.200','playerVirtual5_16915963','playerVirtual5','192.168.0.200','playerVirtual6','playerVirtual6_b16dbf35da',1,1,1,2048,20,'2018-03-03 02:24:11',NULL),(46,'192.168.0.200','playerVirtual3_6274355716','playerVirtual3','192.168.0.200','playerVirtual8','playerVirtual8_c0f2532452',3,1,1,512,1,'2018-03-03 02:26:22','2018-03-03 03:10:29'),(47,'192.168.0.200','playerVirtual8_4820204870','playerVirtual8','192.168.0.200','playerVirtual2','playerVirtual2_b2019d9166',1,1,2,4096,40,'2018-03-03 02:27:23',NULL),(48,'192.168.0.200','playerVirtual6_272887063','playerVirtual6','192.168.0.200','playerVirtual1200','playerVirtual6_272887063',0,1,1,2048,20,'2018-03-03 02:27:23','2018-03-03 02:27:23'),(49,'192.168.0.200','playerVirtual2_38676294','playerVirtual2','192.168.0.200','playerVirtual9','playerVirtual9_7936b150be',1,1,1,512,1,'2018-03-03 02:27:49',NULL),(50,'192.168.0.200','playerVirtual9_284757920','playerVirtual9','192.168.0.200','playerVirtual10','playerVirtual10_5c02b5cfa8',1,1,1,2048,20,'2018-03-03 02:29:05',NULL),(51,'192.168.0.200','playerVirtual4_182859403','playerVirtual4','192.168.0.200','playerVirtual6','playerVirtual6_9e8b252324',3,1,1,512,1,'2018-03-03 02:29:13','2018-03-03 03:02:17'),(52,'192.168.0.200','playerVirtual5_990694203','playerVirtual5','192.168.0.200','playerVirtual8','playerVirtual8_6546a188e7',3,1,1,2048,20,'2018-03-03 02:30:34','2018-03-03 02:34:38'),(53,'192.168.0.200','playerVirtual6_4476462938','playerVirtual6','192.168.0.200','playerVirtual11','playerVirtual11_890d4f083c',1,1,1,2048,20,'2018-03-03 02:33:16',NULL),(54,'192.168.0.200','playerVirtual9_2359368952','playerVirtual9','192.168.0.200','playerVirtual10','playerVirtual10_0ba37c1fe9',1,1,1,512,1,'2018-03-03 02:33:23',NULL),(55,'192.168.0.200','playerVirtual2_272887063','playerVirtual2','192.168.0.200','playerVirtual5','playerVirtual5_815367bcbc',3,1,1,2048,20,'2018-03-03 02:33:55','2018-03-03 04:12:52'),(56,'192.168.0.200','playerVirtual8_6280643141','playerVirtual8','192.168.0.200','playerVirtual6','playerVirtual6_77ad99daba',1,1,1,512,1,'2018-03-03 02:34:26',NULL),(57,'192.168.0.200','playerVirtual10_6280638724','playerVirtual10','192.168.0.200','playerVirtual1852','playerVirtual10_6280638724',0,1,1,512,1,'2018-03-03 02:36:00','2018-03-03 02:36:00'),(58,'192.168.0.200','playerVirtual3_1436323714','playerVirtual3','192.168.0.200','playerVirtual11','playerVirtual11_41597a2495',1,1,1,2048,20,'2018-03-03 02:36:37',NULL),(59,'192.168.0.200','playerVirtual8_6641406','playerVirtual8','192.168.0.200','playerVirtual12','playerVirtual12_c064f36614',1,1,1,2048,20,'2018-03-03 02:39:10',NULL),(60,'192.168.0.200','playerVirtual2_182859403','playerVirtual2','192.168.0.200','playerVirtual8','playerVirtual8_77535a9130',3,1,1,512,1,'2018-03-03 02:39:32','2018-03-03 03:18:06'),(61,'192.168.0.200','playerVirtual4_214880781','playerVirtual4','192.168.0.200','playerVirtual10','playerVirtual10_b556867936',1,1,1,2048,20,'2018-03-03 02:39:39',NULL),(62,'192.168.0.200','playerVirtual10_6955737','playerVirtual10','192.168.0.200','playerVirtual1852','playerVirtual10_6955737',0,1,1,2048,20,'2018-03-03 02:39:45','2018-03-03 02:39:45'),(63,'192.168.0.200','playerVirtual9_1094955','playerVirtual9','192.168.0.200','playerVirtual11','playerVirtual11_e9957762fd',1,1,1,512,1,'2018-03-03 02:40:33',NULL),(64,'192.168.0.200','playerVirtual5_16914091','playerVirtual5','192.168.0.200','playerVirtual6','playerVirtual6_acfc20e445',1,1,1,2048,20,'2018-03-03 02:41:04',NULL),(65,'192.168.0.200','playerVirtual11_682797','playerVirtual11','192.168.0.200','playerVirtual12','playerVirtual12_c2a9f3f1d5',1,1,1,2048,20,'2018-03-03 02:41:38',NULL),(66,'192.168.0.200','playerVirtual3_1438244924','playerVirtual3','192.168.0.200','playerVirtual13','playerVirtual13_a69724155e',3,1,1,2048,20,'2018-03-03 02:44:11','2018-03-03 02:56:39'),(67,'192.168.0.200','playerVirtual6_2381571381','playerVirtual6','192.168.0.200','playerVirtual8','playerVirtual8_a51e20b05f',1,1,1,2048,20,'2018-03-03 02:45:04',NULL),(68,'192.168.0.200','playerVirtual4_6289355687','playerVirtual4','192.168.0.200','playerVirtual10','playerVirtual10_e37dd62fbe',1,1,1,512,1,'2018-03-03 02:46:04',NULL),(69,'192.168.0.200','playerVirtual11_794070039','playerVirtual11','192.168.0.200','playerVirtual12','playerVirtual12_c3aa7cb1f4',1,1,1,512,1,'2018-03-03 02:46:11',NULL),(70,'192.168.0.200','playerVirtual9_6289704471','playerVirtual9','192.168.0.200','playerVirtual1769','playerVirtual9_6289704471',0,1,1,512,1,'2018-03-03 02:46:54','2018-03-03 02:46:54'),(71,'192.168.0.200','playerVirtual8_2378747961','playerVirtual8','192.168.0.200','playerVirtual13','playerVirtual13_0baffc43c8',3,1,1,512,1,'2018-03-03 02:47:16','2018-03-03 02:53:30'),(72,'192.168.0.200','playerVirtual5_1436344784','playerVirtual5','192.168.0.200','playerVirtual8','playerVirtual8_be76f31dcf',3,1,1,2048,20,'2018-03-03 02:47:32','2018-03-03 03:57:04'),(73,'192.168.0.200','playerVirtual12_3338579772','playerVirtual12','192.168.0.200','playerVirtual10','playerVirtual10_ed6c2d48ec',1,1,1,2048,20,'2018-03-03 02:47:52',NULL),(74,'192.168.0.200','playerVirtual10_1438244924','playerVirtual10','192.168.0.200','playerVirtual14','playerVirtual14_575f159801',1,1,1,2048,20,'2018-03-03 02:49:26',NULL),(75,'192.168.0.200','playerVirtual6_6296268057','playerVirtual6','192.168.0.200','playerVirtual15','playerVirtual15_e0dabd486a',1,1,1,512,1,'2018-03-03 02:53:17',NULL),(76,'192.168.0.200','playerVirtual13_990694203','playerVirtual13','192.168.0.200','playerVirtual1769','playerVirtual13_990694203',0,1,1,2048,20,'2018-03-03 02:54:54','2018-03-03 02:54:54'),(77,'192.168.0.200','playerVirtual4_182859403','playerVirtual4','192.168.0.200','playerVirtual13','playerVirtual13_d48b7046c2',3,1,1,512,1,'2018-03-03 02:56:49','2018-03-03 03:02:17'),(78,'192.168.0.200','playerVirtual12_1095593','playerVirtual12','192.168.0.200','playerVirtual10','playerVirtual10_1cd4ef5322',3,1,1,512,1,'2018-03-03 02:57:26','2018-03-03 03:08:19'),(79,'192.168.0.200','playerVirtual9_6301942525','playerVirtual9','192.168.0.200','playerVirtual16','playerVirtual16_7ce9a25ba5',1,1,1,512,1,'2018-03-03 02:58:53',NULL),(80,'192.168.0.200','playerVirtual11_6264344062','playerVirtual11','192.168.0.200','playerVirtual14','playerVirtual14_6be70e5293',1,1,1,2048,20,'2018-03-03 02:59:26',NULL),(81,'192.168.0.200','playerVirtual10_6274355716','playerVirtual10','192.168.0.200','playerVirtual15','playerVirtual15_478c045122',1,1,1,512,1,'2018-03-03 03:00:32',NULL),(82,'192.168.0.200','playerVirtual5_6289704471','playerVirtual5','192.168.0.200','playerVirtual4','playerVirtual4_70eb671d05',3,1,1,2048,20,'2018-03-03 03:01:12','2018-03-03 03:21:19'),(83,'192.168.0.200','playerVirtual14_5297461910','playerVirtual14','192.168.0.200','playerVirtual17','playerVirtual17_ae16d4bf9b',1,1,1,512,1,'2018-03-03 03:04:21',NULL),(84,'192.168.0.200','playerVirtual6_539194189','playerVirtual6','192.168.0.200','playerVirtual8','playerVirtual8_78557f327e',1,1,1,2048,20,'2018-03-03 03:06:04',NULL),(85,'192.168.0.200','playerVirtual8_908315','playerVirtual8','192.168.0.200','playerVirtual13','playerVirtual13_d68753e78c',1,1,1,2048,20,'2018-03-03 03:07:11',NULL),(86,'192.168.0.200','playerVirtual11_4246147567','playerVirtual11','192.168.0.200','playerVirtual18','playerVirtual18_3569429449',3,1,2,4096,40,'2018-03-03 03:09:07','2018-03-03 03:46:23'),(87,'192.168.0.200','playerVirtual14_4246147567','playerVirtual14','192.168.0.200','playerVirtual1959','playerVirtual14_4246147567',0,1,2,4096,40,'2018-03-03 03:11:02','2018-03-03 03:11:02'),(88,'192.168.0.200','playerVirtual15_182859403','playerVirtual15','192.168.0.200','playerVirtual10','playerVirtual10_cdcaaf902d',1,1,1,512,1,'2018-03-03 03:11:07',NULL),(89,'192.168.0.200','playerVirtual10_4246147567','playerVirtual10','192.168.0.200','playerVirtual5','playerVirtual5_1df5d7fcd1',3,1,2,4096,40,'2018-03-03 03:12:49','2018-03-03 03:48:20'),(90,'192.168.0.200','playerVirtual13_4246147567','playerVirtual13','192.168.0.200','playerVirtual19','playerVirtual19_66a8a2dd9e',3,1,2,4096,40,'2018-03-03 03:16:18','2018-03-03 04:09:43'),(91,'192.168.0.200','playerVirtual8_5068098508','playerVirtual8','192.168.0.200','playerVirtual16','playerVirtual16_2049b20a35',3,1,1,2048,20,'2018-03-03 03:16:29','2018-03-03 03:43:10'),(92,'192.168.0.200','playerVirtual15_4246147567','playerVirtual15','192.168.0.200','playerVirtual14','playerVirtual14_505fc4cea0',3,1,2,4096,40,'2018-03-03 03:17:08','2018-03-03 04:02:52'),(93,'192.168.0.200','playerVirtual6_6316827871','playerVirtual6','192.168.0.200','playerVirtual15','playerVirtual15_b1a2f88c00',1,1,1,512,1,'2018-03-03 03:17:13',NULL),(94,'192.168.0.200','playerVirtual16_6289704471','playerVirtual16','192.168.0.200','playerVirtual13','playerVirtual13_507f8237dc',1,1,1,2048,20,'2018-03-03 03:18:07',NULL),(95,'192.168.0.200','playerVirtual4_6315250734','playerVirtual4','192.168.0.200','playerVirtual8','playerVirtual8_3a331507f1',1,1,1,512,1,'2018-03-03 03:18:16',NULL),(96,'192.168.0.200','playerVirtual12_990694203','playerVirtual12','192.168.0.200','playerVirtual18','playerVirtual18_2583b2fc90',3,1,1,2048,20,'2018-03-03 03:20:49','2018-03-03 03:31:43'),(97,'192.168.0.200','playerVirtual9_2378747961','playerVirtual9','192.168.0.200','playerVirtual19','playerVirtual19_507dad9074',1,1,1,512,1,'2018-03-03 03:21:49',NULL),(98,'192.168.0.200','playerVirtual16_359920779','playerVirtual16','192.168.0.200','playerVirtual14','playerVirtual14_270291ab54',1,1,1,512,1,'2018-03-03 03:22:58',NULL),(99,'192.168.0.200','playerVirtual3_4246147567','playerVirtual3','192.168.0.200','playerVirtual16','playerVirtual16_515d75032d',3,1,2,4096,40,'2018-03-03 03:23:50','2018-03-03 03:34:03'),(100,'192.168.0.200','playerVirtual18_4246147567','playerVirtual18','192.168.0.200','playerVirtual15','playerVirtual15_2659d5d597',3,1,2,4096,40,'2018-03-03 03:29:14','2018-03-03 03:57:01'),(101,'192.168.0.200','playerVirtual5_4246147567','playerVirtual5','192.168.0.200','playerVirtual6','playerVirtual6_ad7b01bf61',3,1,2,4096,40,'2018-03-03 03:31:20','2018-03-03 03:46:07'),(102,'192.168.0.200','playerVirtual9_4246147567','playerVirtual9','192.168.0.200','playerVirtual13','playerVirtual13_ab44fce907',3,1,2,4096,40,'2018-03-03 03:31:31','2018-03-03 03:48:03'),(103,'192.168.0.200','playerVirtual6_6322213339','playerVirtual6','192.168.0.200','playerVirtual4','playerVirtual4_eb3057817b',1,1,1,512,1,'2018-03-03 03:31:33',NULL),(104,'192.168.0.200','playerVirtual8_1095593','playerVirtual8','192.168.0.200','playerVirtual10','playerVirtual10_704f92fc32',1,1,1,512,1,'2018-03-03 03:32:37',NULL),(105,'192.168.0.200','playerVirtual11_4246147567','playerVirtual11','192.168.0.200','playerVirtual18','playerVirtual18_f0372e6fbc',3,1,2,4096,40,'2018-03-03 03:34:08','2018-03-03 03:46:23'),(106,'192.168.0.200','playerVirtual19_4246147567','playerVirtual19','192.168.0.200','playerVirtual1940','playerVirtual19_4246147567',0,1,2,4096,40,'2018-03-03 03:35:24','2018-03-03 03:35:24'),(107,'192.168.0.200','playerVirtual14_6335261139','playerVirtual14','192.168.0.200','playerVirtual19','playerVirtual19_4190ee5df0',1,1,1,512,1,'2018-03-03 03:37:45',NULL),(108,'192.168.0.200','playerVirtual10_4246147567','playerVirtual10','192.168.0.200','playerVirtual5','playerVirtual5_d205b639c3',3,1,2,4096,40,'2018-03-03 03:38:18','2018-03-03 03:48:20'),(109,'192.168.0.200','playerVirtual13_4246147567','playerVirtual13','192.168.0.200','playerVirtual8','playerVirtual8_aaa3a3ab26',3,1,2,4096,40,'2018-03-03 03:40:53','2018-03-03 04:09:43'),(110,'192.168.0.200','playerVirtual2_4246147567','playerVirtual2','192.168.0.200','playerVirtual14','playerVirtual14_a84b87e4db',3,1,2,4096,40,'2018-03-03 03:43:36','2018-03-03 03:54:00'),(111,'192.168.0.200','playerVirtual4_4246147567','playerVirtual4','192.168.0.200','playerVirtual16','playerVirtual16_1d7cbe95ef',3,1,2,4096,40,'2018-03-03 03:44:21','2018-03-03 03:52:20'),(112,'192.168.0.200','playerVirtual16_4246147567','playerVirtual16','192.168.0.200','playerVirtual18','playerVirtual18_f82b43c56c',3,1,2,4096,40,'2018-03-03 03:44:46','2018-03-03 03:49:38'),(113,'192.168.0.200','playerVirtual15_4246147567','playerVirtual15','192.168.0.200','playerVirtual13','playerVirtual13_3b1ce493fb',3,1,2,4096,40,'2018-03-03 03:45:01','2018-03-03 04:02:52'),(114,'192.168.0.200','playerVirtual6_4246147567','playerVirtual6','192.168.0.200','playerVirtual2','playerVirtual2_84981e8b51',3,1,2,4096,40,'2018-03-03 03:45:25','2018-03-03 03:59:44'),(115,'192.168.0.200','playerVirtual12_4246147567','playerVirtual12','192.168.0.200','playerVirtual3','playerVirtual12_4246147567',0,0,2,4096,40,'2018-03-03 03:47:53','2018-03-03 03:47:53'),(116,'192.168.0.200','playerVirtual3_4246147567','playerVirtual3','192.168.0.200','playerVirtual7','playerVirtual3_4246147567',0,0,2,4096,40,'2018-03-03 03:51:15','2018-03-03 03:51:15'),(117,'192.168.0.200','playerVirtual18_4246147567','playerVirtual18','192.168.0.200','playerVirtual15','playerVirtual15_2ba0e87821',3,1,2,4096,40,'2018-03-03 03:55:59','2018-03-03 03:57:01'),(118,'192.168.0.200','playerVirtual14_4246147567','playerVirtual14','192.168.0.200','playerVirtual4','playerVirtual4_460a9793bc',1,1,2,4096,40,'2018-03-03 03:56:26',NULL),(119,'192.168.0.200','playerVirtual9_4246147567','playerVirtual9','192.168.0.200','playerVirtual11','playerVirtual9_4246147567',0,0,2,4096,40,'2018-03-03 04:00:44','2018-03-03 04:00:44'),(120,'192.168.0.200','playerVirtual8_990694203','playerVirtual8','192.168.0.200','playerVirtual6','playerVirtual6_c9a992d908',3,1,1,2048,20,'2018-03-03 04:01:25','2018-03-03 04:11:58'),(121,'192.168.0.200','playerVirtual11_4246147567','playerVirtual11','192.168.0.200','playerVirtual1728','playerVirtual11_4246147567',0,1,2,4096,40,'2018-03-03 04:02:09','2018-03-03 04:02:09'),(122,'192.168.0.200','playerVirtual19_4246147567','playerVirtual19','192.168.0.200','playerVirtual10','playerVirtual10_7f41d7bb44',1,1,2,4096,40,'2018-03-03 04:03:31',NULL),(123,'192.168.0.200','playerVirtual10_272887063','playerVirtual10','192.168.0.200','playerVirtual19','playerVirtual19_42e3799d12',1,1,1,2048,20,'2018-03-03 04:06:36',NULL),(124,'192.168.0.200','playerVirtual13_4246147567','playerVirtual13','192.168.0.200','playerVirtual5','playerVirtual5_49ab7d6d9a',3,1,2,4096,40,'2018-03-03 04:08:42','2018-03-03 04:09:43'),(125,'192.168.0.200','playerVirtual16_4246147567','playerVirtual16','192.168.0.200','playerVirtual14','playerVirtual14_38a7b6d285',1,1,2,4096,40,'2018-03-03 04:14:12',NULL),(126,'192.168.0.200','playerVirtual4_6566788','playerVirtual4','192.168.0.200','playerVirtual16','playerVirtual16_41f195c164',1,1,1,2048,20,'2018-03-03 04:14:26',NULL),(127,'192.168.0.200','playerVirtual15_4820150269','playerVirtual15','192.168.0.200','playerVirtual18','playerVirtual18_d508eabfda',1,1,2,4096,40,'2018-03-03 04:14:52',NULL),(128,'192.168.0.200','playerVirtual5_4246147567','playerVirtual5','192.168.0.200','playerVirtual8','playerVirtual8_b97d5e2394',1,1,2,4096,40,'2018-03-03 04:15:43',NULL),(129,'192.168.0.200','playerVirtual6_4246147567','playerVirtual6','192.168.0.200','playerVirtual13','playerVirtual13_844f00b068',1,1,2,4096,40,'2018-03-03 04:16:14',NULL);
/*!40000 ALTER TABLE `VM` ENABLE KEYS */;
UNLOCK TABLES;
/*!40103 SET TIME_ZONE=@OLD_TIME_ZONE */;

/*!40101 SET SQL_MODE=@OLD_SQL_MODE */;
/*!40014 SET FOREIGN_KEY_CHECKS=@OLD_FOREIGN_KEY_CHECKS */;
/*!40014 SET UNIQUE_CHECKS=@OLD_UNIQUE_CHECKS */;
/*!40101 SET CHARACTER_SET_CLIENT=@OLD_CHARACTER_SET_CLIENT */;
/*!40101 SET CHARACTER_SET_RESULTS=@OLD_CHARACTER_SET_RESULTS */;
/*!40101 SET COLLATION_CONNECTION=@OLD_COLLATION_CONNECTION */;
/*!40111 SET SQL_NOTES=@OLD_SQL_NOTES */;

-- Dump completed on 2018-03-03  1:17:08
