-- MySQL dump 10.14  Distrib 5.5.58-MariaDB, for debian-linux-gnu (x86_64)
--
-- Host: localhost    Database: mct
-- ------------------------------------------------------
-- Server version	5.5.58-MariaDB-1ubuntu0.14.04.1

/*!40101 SET @OLD_CHARACTER_SET_CLIENT=@@CHARACTER_SET_CLIENT */;
/*!40101 SET @OLD_CHARACTER_SET_RESULTS=@@CHARACTER_SET_RESULTS */;
/*!40101 SET @OLD_COLLATION_CONNECTION=@@COLLATION_CONNECTION */;
/*!40101 SET NAMES utf8 */;
/*!40103 SET @OLD_TIME_ZONE=@@TIME_ZONE */;
/*!40103 SET TIME_ZONE='+00:00' */;
/*!40014 SET @OLD_UNIQUE_CHECKS=@@UNIQUE_CHECKS, UNIQUE_CHECKS=0 */;
/*!40014 SET @OLD_FOREIGN_KEY_CHECKS=@@FOREIGN_KEY_CHECKS, FOREIGN_KEY_CHECKS=0 */;
/*!40101 SET @OLD_SQL_MODE=@@SQL_MODE, SQL_MODE='NO_AUTO_VALUE_ON_ZERO' */;
/*!40111 SET @OLD_SQL_NOTES=@@SQL_NOTES, SQL_NOTES=0 */;

--
-- Table structure for table `FIELDS`
--

DROP TABLE IF EXISTS `FIELDS`;
/*!40101 SET @saved_cs_client     = @@character_set_client */;
/*!40101 SET character_set_client = utf8 */;
CREATE TABLE `FIELDS` (
  `operation` int(11) NOT NULL,
  `fields` varchar(45) NOT NULL,
  PRIMARY KEY (`operation`)
) ENGINE=InnoDB DEFAULT CHARSET=utf8;
/*!40101 SET character_set_client = @saved_cs_client */;

--
-- Dumping data for table `FIELDS`
--

LOCK TABLES `FIELDS` WRITE;
/*!40000 ALTER TABLE `FIELDS` DISABLE KEYS */;
INSERT INTO `FIELDS` VALUES (0,'name mem image vcpus disk uuid');
/*!40000 ALTER TABLE `FIELDS` ENABLE KEYS */;
UNLOCK TABLES;

--
-- Table structure for table `PLAYER`
--

DROP TABLE IF EXISTS `PLAYER`;
/*!40101 SET @saved_cs_client     = @@character_set_client */;
/*!40101 SET character_set_client = utf8 */;
CREATE TABLE `PLAYER` (
  `id` int(11) NOT NULL AUTO_INCREMENT,
  `name` varchar(45) NOT NULL,
  `address` varchar(45) NOT NULL,
  `division` int(11) DEFAULT NULL,
  `score` float DEFAULT '0',
  `history` int(11) DEFAULT '0',
  `fairness` float DEFAULT '0',
  `accepts` int(11) DEFAULT '0',
  `rejects` int(11) DEFAULT '0',
  `running` int(11) DEFAULT '0',
  `finished` int(11) DEFAULT '0',
  `problem_del` int(11) DEFAULT '0',
  `vcpus` int(11) DEFAULT '0',
  `memory` bigint(20) DEFAULT '0',
  `local_gb` bigint(20) DEFAULT '0',
  `vcpus_used` bigint(20) DEFAULT '0',
  `memory_used` bigint(20) DEFAULT '0',
  `local_gb_used` bigint(20) DEFAULT '0',
  `max_instance` int(11) DEFAULT '0',
  `token` varchar(45) DEFAULT NULL,
  `suspend` timestamp NULL DEFAULT NULL,
  `enabled` int(11) DEFAULT '0',
  `last_choice` timestamp NOT NULL DEFAULT '2018-01-01 02:00:00',
  `playoff` tinyint(1) DEFAULT '0',
  PRIMARY KEY (`id`)
) ENGINE=InnoDB AUTO_INCREMENT=21 DEFAULT CHARSET=utf8;
/*!40101 SET character_set_client = @saved_cs_client */;

--
-- Dumping data for table `PLAYER`
--

LOCK TABLES `PLAYER` WRITE;
/*!40000 ALTER TABLE `PLAYER` DISABLE KEYS */;
INSERT INTO `PLAYER` VALUES (1,'playerVirtual1','192.168.0.200',3,1.61,93,1,10,10,2,8,0,1023,1047552,10230,2,2560,21,99,'2f9fb36b9b370a471f52c2f54369162a4a434039',NULL,1,'2018-02-17 08:07:28',0),(2,'playerVirtual11','192.168.0.200',2,3.96,64,1,9,6,2,7,0,1023,1047552,10230,2,2560,21,99,'60f999b1c07f18b53344fb1a28ac03cdcb02e9b5',NULL,1,'2018-02-17 08:03:00',1),(3,'playerVirtual4','192.168.0.200',4,-3,0,1,0,3,0,0,0,1023,1047552,10230,0,0,0,99,'32cb14db9c681591480da5bff9fbd698fafb7f9f',NULL,0,'2018-02-16 23:58:08',1),(4,'playerVirtual8','192.168.0.200',2,5.95,17,0.272727,11,5,3,8,0,1023,1047552,10230,2,-512,-17,99,'8becbfd130eaf3bde20edcd1da8a8ac6b826b420',NULL,1,'2018-02-17 07:50:55',0),(5,'playerVirtual2','192.168.0.200',2,0.62,24,0.941176,8,10,4,4,0,1023,1047552,10230,6,10752,101,99,'1d871fbaf4d412d2e116676599912657a57e000b',NULL,1,'2018-02-17 08:13:33',1),(6,'playerVirtual13','192.168.0.200',1,9.94,39,0.944444,10,6,3,7,0,1023,1047552,10230,3,1536,3,99,'5b5cd5ef966fe311957d106072c9836b44d92e86',NULL,1,'2018-02-17 08:08:08',0),(7,'playerVirtual3','192.168.0.200',4,-3,0,1,0,3,0,0,0,1023,1047552,10230,0,0,0,99,'7e9cb0e339b96f8b732d90fafe6d97453444bbe8',NULL,0,'2018-02-16 23:58:26',1),(8,'playerVirtual6','192.168.0.200',2,7.6,77,0.235294,12,6,5,7,0,1023,1047552,10230,7,9728,83,99,'ee97799ef878f4eb55e48b2e1185f03948873207',NULL,1,'2018-02-17 08:57:39',0),(9,'playerVirtual15','192.168.0.200',1,14.61,109,0.6875,14,0,7,7,0,1023,1047552,10230,10,17408,162,99,'f483bddbc7cc86408085514a6df439d47fc6a666',NULL,1,'2018-02-17 07:27:22',0),(10,'playerVirtual17','192.168.0.200',1,19.25,109,0.75,14,0,1,13,0,1023,1047552,10230,2,4096,40,99,'6a0d0656495b989c55bdf9bc5d34a54c0b6ab27e',NULL,1,'2018-02-17 07:09:37',0),(11,'playerVirtual19','192.168.0.200',1,12.28,109,0.352941,15,0,7,8,0,1023,1047552,10230,8,13312,122,99,'9f7b8148805162e621d1ab2ed467d0c5da16db9e',NULL,1,'2018-02-17 07:02:29',0),(12,'playerVirtual5','192.168.0.200',4,-2,0,1,0,2,0,0,0,1023,1047552,10230,0,0,0,99,'cd591adba8e932c708bdcf53e6bb970fc08c671a',NULL,0,'2018-02-16 23:55:47',1),(13,'playerVirtual7','192.168.0.200',4,-0.01,0,1,3,2,1,2,0,1023,1047552,10230,2,4096,40,99,'8daf66fac263cd05ceb6a56e0883f208f7fb2990',NULL,0,'2018-02-17 00:14:40',1),(14,'playerVirtual9','192.168.0.200',4,-3.67,0,1,3,4,0,3,0,1023,1047552,10230,0,0,0,99,'eff74614b0bbdd6c6241c87d1aab0982aff22e43',NULL,0,'2018-02-17 01:00:45',1),(15,'playerVirtual14','192.168.0.200',1,13.93,109,0.555556,15,0,7,8,0,1023,1047552,10230,10,17408,162,99,'c23b15e72cd8045fef924547da74687337983115',NULL,1,'2018-02-17 08:22:37',0),(16,'playerVirtual12','192.168.0.200',4,-2,0,1,0,2,0,0,0,1023,1047552,10230,0,0,0,99,'de988056391b5694223e64445180aa503f1f7bed',NULL,0,'2018-02-16 23:55:49',1),(17,'playerVirtual0','192.168.0.200',4,-2,0,1,0,2,0,0,0,1023,1047552,10230,0,0,0,99,'0944faebb394f0056d6f5e6ba153abd01cafca65',NULL,0,'2018-02-16 23:55:51',1),(18,'playerVirtual16','192.168.0.200',1,8.61,30,0.461538,14,0,4,10,0,1023,1047552,10230,5,8704,81,99,'3535cc92f23b05896513aec6def7c7eb04b9fec5',NULL,1,'2018-02-17 07:40:51',1),(19,'playerVirtual18','192.168.0.200',1,13.61,109,0.5625,14,0,9,5,0,1023,1047552,10230,11,16384,144,99,'c551d13ca75dbb7a07285acac2ce0f856f0eb7bf',NULL,1,'2018-02-17 06:57:11',0),(20,'playerVirtual10','192.168.0.200',4,-2,0,1,0,2,0,0,0,1023,1047552,10230,0,0,0,99,'5b3bb6472e3481c4e5b842ac779aaefe1441de48',NULL,0,'2018-02-16 23:55:52',1);
/*!40000 ALTER TABLE `PLAYER` ENABLE KEYS */;
UNLOCK TABLES;

--
-- Table structure for table `REQUEST`
--

DROP TABLE IF EXISTS `REQUEST`;
/*!40101 SET @saved_cs_client     = @@character_set_client */;
/*!40101 SET character_set_client = utf8 */;
CREATE TABLE `REQUEST` (
  `id` int(11) NOT NULL AUTO_INCREMENT,
  `player_id` varchar(45) NOT NULL,
  `request_id` varchar(45) NOT NULL,
  `action` int(11) NOT NULL,
  `timestamp_received` timestamp NULL DEFAULT NULL,
  `timestamp_finished` timestamp NULL DEFAULT NULL,
  `status` int(11) NOT NULL,
  PRIMARY KEY (`id`)
) ENGINE=InnoDB AUTO_INCREMENT=1003 DEFAULT CHARSET=utf8;
/*!40101 SET character_set_client = @saved_cs_client */;

--
-- Dumping data for table `REQUEST`
--

LOCK TABLES `REQUEST` WRITE;
/*!40000 ALTER TABLE `REQUEST` DISABLE KEYS */;
INSERT INTO `REQUEST` VALUES (1,'playerVirtual1','playerVirtual1_f0ece7973f',4,'2018-02-16 23:50:12',NULL,0),(2,'playerVirtual11','playerVirtual11_559319e3ac',4,'2018-02-16 23:50:12',NULL,0),(3,'playerVirtual4','playerVirtual4_c64fc21579',4,'2018-02-16 23:50:13',NULL,0),(4,'playerVirtual8','playerVirtual8_db5b2826d1',4,'2018-02-16 23:50:13',NULL,0),(5,'playerVirtual2','playerVirtual2_2d161ad138',4,'2018-02-16 23:50:13',NULL,0),(6,'playerVirtual13','playerVirtual13_5125b99d10',4,'2018-02-16 23:50:14',NULL,0),(7,'playerVirtual3','playerVirtual3_cbe1fb39f5',4,'2018-02-16 23:50:14',NULL,0),(8,'playerVirtual6','playerVirtual6_1af048b7f9',4,'2018-02-16 23:50:14',NULL,0),(9,'playerVirtual15','playerVirtual15_f69c5a789c',4,'2018-02-16 23:50:14',NULL,0),(10,'playerVirtual17','playerVirtual17_7873667581',4,'2018-02-16 23:50:14',NULL,0),(11,'playerVirtual19','playerVirtual19_a1999b78bb',4,'2018-02-16 23:50:15',NULL,0),(12,'playerVirtual5','playerVirtual5_bbb313b600',4,'2018-02-16 23:50:15',NULL,0),(13,'playerVirtual7','playerVirtual7_1c4587ac44',4,'2018-02-16 23:50:15',NULL,0),(14,'playerVirtual9','playerVirtual9_3e19c8a82e',4,'2018-02-16 23:50:16',NULL,0),(15,'playerVirtual14','playerVirtual14_6c76858de8',4,'2018-02-16 23:50:16',NULL,0),(16,'playerVirtual12','playerVirtual12_5955e2ff57',4,'2018-02-16 23:50:16',NULL,0),(17,'playerVirtual0','playerVirtual0_3f6ed74b46',4,'2018-02-16 23:50:16',NULL,0),(18,'playerVirtual16','playerVirtual16_c731f37891',4,'2018-02-16 23:50:17',NULL,0),(19,'playerVirtual18','playerVirtual18_c9f029df97',4,'2018-02-16 23:50:17',NULL,0),(20,'playerVirtual10','playerVirtual10_f0c14618b0',4,'2018-02-16 23:50:17',NULL,0),(21,'playerVirtual1','playerVirtual1_450512000',0,'2018-02-16 23:51:13',NULL,0),(22,'playerVirtual1','playerVirtual1_450512000',0,'2018-02-16 23:51:14',NULL,0),(23,'playerVirtual11','playerVirtual11_1438244924',0,'2018-02-16 23:51:16',NULL,0),(24,'playerVirtual11','playerVirtual11_1438244924',0,'2018-02-16 23:51:16',NULL,0),(25,'playerVirtual4','playerVirtual4_640692267',0,'2018-02-16 23:51:19',NULL,0),(26,'playerVirtual4','playerVirtual4_640692267',0,'2018-02-16 23:51:19',NULL,0),(27,'playerVirtual8','playerVirtual8_2381571381',0,'2018-02-16 23:51:20',NULL,0),(28,'playerVirtual8','playerVirtual8_2381571381',0,'2018-02-16 23:51:20',NULL,0),(29,'playerVirtual2','playerVirtual2_5297461910',0,'2018-02-16 23:51:21',NULL,0),(30,'playerVirtual2','playerVirtual2_5297461910',0,'2018-02-16 23:51:21',NULL,0),(31,'playerVirtual13','playerVirtual13_2790332778',0,'2018-02-16 23:51:24',NULL,0),(32,'playerVirtual13','playerVirtual13_2790332778',0,'2018-02-16 23:51:25',NULL,0),(33,'playerVirtual3','playerVirtual3_369721705',0,'2018-02-16 23:51:26',NULL,0),(34,'playerVirtual6','playerVirtual6_317469422',0,'2018-02-16 23:51:26',NULL,0),(35,'playerVirtual15','playerVirtual15_6955737',0,'2018-02-16 23:51:26',NULL,0),(36,'playerVirtual3','playerVirtual3_369721705',0,'2018-02-16 23:51:26',NULL,0),(37,'playerVirtual6','playerVirtual6_317469422',0,'2018-02-16 23:51:26',NULL,0),(38,'playerVirtual15','playerVirtual15_6955737',0,'2018-02-16 23:51:26',NULL,0),(39,'playerVirtual17','playerVirtual17_257338104',0,'2018-02-16 23:51:27',NULL,0),(40,'playerVirtual19','playerVirtual19_3584940347',0,'2018-02-16 23:51:27',NULL,0),(41,'playerVirtual5','playerVirtual5_2433236783',0,'2018-02-16 23:51:27',NULL,0),(42,'playerVirtual17','playerVirtual17_257338104',0,'2018-02-16 23:51:27',NULL,0),(43,'playerVirtual19','playerVirtual19_3584940347',0,'2018-02-16 23:51:28',NULL,0),(44,'playerVirtual5','playerVirtual5_2433236783',0,'2018-02-16 23:51:28',NULL,0),(45,'playerVirtual7','playerVirtual7_3338579772',0,'2018-02-16 23:51:29',NULL,0),(46,'playerVirtual9','playerVirtual9_257407216',0,'2018-02-16 23:51:29',NULL,0),(47,'playerVirtual7','playerVirtual7_3338579772',0,'2018-02-16 23:51:29',NULL,0),(48,'playerVirtual9','playerVirtual9_257407216',0,'2018-02-16 23:51:29',NULL,0),(49,'playerVirtual14','playerVirtual14_182859403',0,'2018-02-16 23:51:36',NULL,0),(50,'playerVirtual14','playerVirtual14_182859403',0,'2018-02-16 23:51:37',NULL,0),(51,'playerVirtual12','playerVirtual12_2359368952',0,'2018-02-16 23:51:40',NULL,0),(52,'playerVirtual12','playerVirtual12_2359368952',0,'2018-02-16 23:51:40',NULL,0),(53,'playerVirtual0','playerVirtual0_16917741',0,'2018-02-16 23:51:43',NULL,0),(54,'playerVirtual0','playerVirtual0_16917741',0,'2018-02-16 23:51:43',NULL,0),(55,'playerVirtual16','playerVirtual16_2545640208',0,'2018-02-16 23:51:52',NULL,0),(56,'playerVirtual16','playerVirtual16_2545640208',0,'2018-02-16 23:51:52',NULL,0),(57,'playerVirtual18','playerVirtual18_908315',0,'2018-02-16 23:51:53',NULL,0),(58,'playerVirtual18','playerVirtual18_908315',0,'2018-02-16 23:51:53',NULL,0),(59,'playerVirtual10','playerVirtual10_539194189',0,'2018-02-16 23:52:01',NULL,0),(60,'playerVirtual10','playerVirtual10_539194189',0,'2018-02-16 23:52:02',NULL,0),(61,'playerVirtual1','playerVirtual1_7a7d30bb38',3,'2018-02-16 23:52:14',NULL,0),(62,'playerVirtual11','playerVirtual11_56131444df',3,'2018-02-16 23:52:16',NULL,0),(63,'playerVirtual4','playerVirtual4_70367f16f1',3,'2018-02-16 23:52:19',NULL,0),(64,'playerVirtual8','playerVirtual8_8b55888e59',3,'2018-02-16 23:52:20',NULL,0),(65,'playerVirtual2','playerVirtual2_71d5289cdc',3,'2018-02-16 23:52:21',NULL,0),(66,'playerVirtual13','playerVirtual13_0a02bcd647',3,'2018-02-16 23:52:25',NULL,0),(67,'playerVirtual3','playerVirtual3_d8be64d8c6',3,'2018-02-16 23:52:26',NULL,0),(68,'playerVirtual6','playerVirtual6_fae5077997',3,'2018-02-16 23:52:26',NULL,0),(69,'playerVirtual15','playerVirtual15_a46be7fe16',3,'2018-02-16 23:52:26',NULL,0),(70,'playerVirtual17','playerVirtual17_543bd0d2b5',3,'2018-02-16 23:52:27',NULL,0),(71,'playerVirtual19','playerVirtual19_79288dc47d',3,'2018-02-16 23:52:27',NULL,0),(72,'playerVirtual5','playerVirtual5_a08980f9c3',3,'2018-02-16 23:52:28',NULL,0),(73,'playerVirtual7','playerVirtual7_a786be76b7',3,'2018-02-16 23:52:29',NULL,0),(74,'playerVirtual9','playerVirtual9_3becbc2ad9',3,'2018-02-16 23:52:29',NULL,0),(75,'playerVirtual14','playerVirtual14_4674c47858',3,'2018-02-16 23:52:37',NULL,0),(76,'playerVirtual12','playerVirtual12_492816774a',3,'2018-02-16 23:52:40',NULL,0),(77,'playerVirtual0','playerVirtual0_619740e51f',3,'2018-02-16 23:52:43',NULL,0),(78,'playerVirtual16','playerVirtual16_ec91908920',3,'2018-02-16 23:52:52',NULL,0),(79,'playerVirtual18','playerVirtual18_3f4529bb4c',3,'2018-02-16 23:52:53',NULL,0),(80,'playerVirtual10','playerVirtual10_087aeef753',3,'2018-02-16 23:53:01',NULL,0),(81,'playerVirtual1','playerVirtual1_4820204870',0,'2018-02-16 23:54:39',NULL,0),(82,'playerVirtual1','playerVirtual1_4820204870',0,'2018-02-16 23:54:40',NULL,0),(83,'playerVirtual11','playerVirtual11_8058564',0,'2018-02-16 23:55:29',NULL,0),(84,'playerVirtual11','playerVirtual11_8058564',0,'2018-02-16 23:55:30',NULL,0),(85,'playerVirtual4','playerVirtual4_1429160667',0,'2018-02-16 23:55:31',NULL,0),(86,'playerVirtual4','playerVirtual4_1429160667',0,'2018-02-16 23:55:31',NULL,0),(87,'playerVirtual8','playerVirtual8_3338010893',0,'2018-02-16 23:55:32',NULL,0),(88,'playerVirtual8','playerVirtual8_3338010893',0,'2018-02-16 23:55:32',NULL,0),(89,'playerVirtual2','playerVirtual2_82730999',0,'2018-02-16 23:55:36',NULL,0),(90,'playerVirtual2','playerVirtual2_82730999',0,'2018-02-16 23:55:36',NULL,0),(91,'playerVirtual13','playerVirtual13_351652724',0,'2018-02-16 23:55:38',NULL,0),(92,'playerVirtual3','playerVirtual3_6571218',0,'2018-02-16 23:55:38',NULL,0),(93,'playerVirtual13','playerVirtual13_351652724',0,'2018-02-16 23:55:38',NULL,0),(94,'playerVirtual3','playerVirtual3_6571218',0,'2018-02-16 23:55:39',NULL,0),(95,'playerVirtual1','playerVirtual1_24984d9fe7',4,'2018-02-16 23:55:39',NULL,0),(96,'playerVirtual6','playerVirtual6_778566023',0,'2018-02-16 23:55:40',NULL,0),(97,'playerVirtual6','playerVirtual6_778566023',0,'2018-02-16 23:55:41',NULL,0),(98,'playerVirtual15','playerVirtual15_1436344784',0,'2018-02-16 23:55:44',NULL,0),(99,'playerVirtual15','playerVirtual15_1436344784',0,'2018-02-16 23:55:45',NULL,0),(100,'playerVirtual17','playerVirtual17_1339662',0,'2018-02-16 23:55:46',NULL,0),(101,'playerVirtual17','playerVirtual17_1339662',0,'2018-02-16 23:55:46',NULL,0),(102,'playerVirtual19','playerVirtual19_317497342',0,'2018-02-16 23:55:47',NULL,0),(103,'playerVirtual5','playerVirtual5_284794223',0,'2018-02-16 23:55:47',NULL,0),(104,'playerVirtual19','playerVirtual19_317497342',0,'2018-02-16 23:55:47',NULL,0),(105,'playerVirtual7','playerVirtual7_359920779',0,'2018-02-16 23:55:47',NULL,0),(106,'playerVirtual5','playerVirtual5_284794223',0,'2018-02-16 23:55:48',NULL,0),(107,'playerVirtual9','playerVirtual9_904011',0,'2018-02-16 23:55:48',NULL,0),(108,'playerVirtual7','playerVirtual7_359920779',0,'2018-02-16 23:55:48',NULL,0),(109,'playerVirtual9','playerVirtual9_904011',0,'2018-02-16 23:55:48',NULL,0),(110,'playerVirtual14','playerVirtual14_2904109077',0,'2018-02-16 23:55:49',NULL,0),(111,'playerVirtual12','playerVirtual12_257338074',0,'2018-02-16 23:55:49',NULL,0),(112,'playerVirtual14','playerVirtual14_2904109077',0,'2018-02-16 23:55:49',NULL,0),(113,'playerVirtual0','playerVirtual0_905614',0,'2018-02-16 23:55:50',NULL,0),(114,'playerVirtual12','playerVirtual12_257338074',0,'2018-02-16 23:55:50',NULL,0),(115,'playerVirtual0','playerVirtual0_905614',0,'2018-02-16 23:55:50',NULL,0),(116,'playerVirtual16','playerVirtual16_1093460',0,'2018-02-16 23:55:51',NULL,0),(117,'playerVirtual16','playerVirtual16_1093460',0,'2018-02-16 23:55:51',NULL,0),(118,'playerVirtual18','playerVirtual18_6569547',0,'2018-02-16 23:55:52',NULL,0),(119,'playerVirtual18','playerVirtual18_6569547',0,'2018-02-16 23:55:52',NULL,0),(120,'playerVirtual10','playerVirtual10_470485660',0,'2018-02-16 23:55:53',NULL,0),(121,'playerVirtual10','playerVirtual10_470485660',0,'2018-02-16 23:55:53',NULL,0),(122,'playerVirtual11','playerVirtual11_f0d5d0eee1',4,'2018-02-16 23:56:29',NULL,0),(123,'playerVirtual4','playerVirtual4_89b8ea2337',4,'2018-02-16 23:56:31',NULL,0),(124,'playerVirtual8','playerVirtual8_84a587c8e2',4,'2018-02-16 23:56:32',NULL,0),(125,'playerVirtual2','playerVirtual2_2bc3e37a89',4,'2018-02-16 23:56:36',NULL,0),(126,'playerVirtual13','playerVirtual13_6b56b63c26',4,'2018-02-16 23:56:38',NULL,0),(127,'playerVirtual3','playerVirtual3_2bab045bee',4,'2018-02-16 23:56:38',NULL,0),(128,'playerVirtual6','playerVirtual6_efba466cad',4,'2018-02-16 23:56:40',NULL,0),(129,'playerVirtual15','playerVirtual15_d6c3cdf67e',4,'2018-02-16 23:56:45',NULL,0),(130,'playerVirtual17','playerVirtual17_3a28ec3a48',4,'2018-02-16 23:56:46',NULL,0),(131,'playerVirtual19','playerVirtual19_30b69842bb',4,'2018-02-16 23:56:47',NULL,0),(132,'playerVirtual5','playerVirtual5_57e0e747c2',4,'2018-02-16 23:56:47',NULL,0),(133,'playerVirtual7','playerVirtual7_492980f89b',4,'2018-02-16 23:56:47',NULL,0),(134,'playerVirtual9','playerVirtual9_4ca9cae5da',4,'2018-02-16 23:56:48',NULL,0),(135,'playerVirtual14','playerVirtual14_fb23db89dd',4,'2018-02-16 23:56:49',NULL,0),(136,'playerVirtual12','playerVirtual12_149018ce19',4,'2018-02-16 23:56:50',NULL,0),(137,'playerVirtual0','playerVirtual0_c1382d2300',4,'2018-02-16 23:56:50',NULL,0),(138,'playerVirtual16','playerVirtual16_ca969ad30f',4,'2018-02-16 23:56:51',NULL,0),(139,'playerVirtual18','playerVirtual18_241f1f5936',4,'2018-02-16 23:56:52',NULL,0),(140,'playerVirtual10','playerVirtual10_9e2aed6836',4,'2018-02-16 23:56:53',NULL,0),(141,'playerVirtual1','playerVirtual1_30788568',0,'2018-02-16 23:57:53',NULL,0),(142,'playerVirtual1','playerVirtual1_30788568',0,'2018-02-16 23:57:54',NULL,0),(143,'playerVirtual11','playerVirtual11_5792765',0,'2018-02-16 23:57:57',NULL,0),(144,'playerVirtual11','playerVirtual11_5792765',0,'2018-02-16 23:57:57',NULL,0),(145,'playerVirtual4','playerVirtual4_38671842',0,'2018-02-16 23:58:07',NULL,0),(146,'playerVirtual8','playerVirtual8_400453824',0,'2018-02-16 23:58:08',NULL,0),(147,'playerVirtual4','playerVirtual4_38671842',0,'2018-02-16 23:58:08',NULL,0),(148,'playerVirtual8','playerVirtual8_400453824',0,'2018-02-16 23:58:08',NULL,0),(149,'playerVirtual2','playerVirtual2_4820318661',0,'2018-02-16 23:58:17',NULL,0),(150,'playerVirtual2','playerVirtual2_4820318661',0,'2018-02-16 23:58:18',NULL,0),(151,'playerVirtual13','playerVirtual13_4819935267',0,'2018-02-16 23:58:21',NULL,0),(152,'playerVirtual13','playerVirtual13_4819935267',0,'2018-02-16 23:58:22',NULL,0),(153,'playerVirtual3','playerVirtual3_4820217293',0,'2018-02-16 23:58:26',NULL,0),(154,'playerVirtual6','playerVirtual6_6264344062',0,'2018-02-16 23:58:26',NULL,0),(155,'playerVirtual3','playerVirtual3_4820217293',0,'2018-02-16 23:58:26',NULL,0),(156,'playerVirtual6','playerVirtual6_6264344062',0,'2018-02-16 23:58:26',NULL,0),(157,'playerVirtual15','playerVirtual15_2378747961',0,'2018-02-16 23:58:36',NULL,0),(158,'playerVirtual15','playerVirtual15_2378747961',0,'2018-02-16 23:58:37',NULL,0),(159,'playerVirtual17','playerVirtual17_5068098508',0,'2018-02-16 23:58:41',NULL,0),(160,'playerVirtual17','playerVirtual17_5068098508',0,'2018-02-16 23:58:41',NULL,0),(161,'playerVirtual1','playerVirtual1_8f422d25df',3,'2018-02-16 23:58:54',NULL,0),(162,'playerVirtual11','playerVirtual11_1788a5cd76',3,'2018-02-16 23:58:57',NULL,0),(163,'playerVirtual8','playerVirtual8_72d2490fbd',3,'2018-02-16 23:59:08',NULL,0),(164,'playerVirtual2','playerVirtual2_256cd33dec',3,'2018-02-16 23:59:17',NULL,0),(165,'playerVirtual13','playerVirtual13_eaf16a6b9f',3,'2018-02-16 23:59:22',NULL,0),(166,'playerVirtual6','playerVirtual6_a3d7630e2e',3,'2018-02-16 23:59:26',NULL,0),(167,'playerVirtual15','playerVirtual15_8d8ef26e7d',3,'2018-02-16 23:59:36',NULL,0),(168,'playerVirtual17','playerVirtual17_4cdb3463d2',3,'2018-02-16 23:59:41',NULL,0),(169,'playerVirtual19','playerVirtual19_227443932',0,'2018-02-16 23:59:55',NULL,0),(170,'playerVirtual19','playerVirtual19_227443932',0,'2018-02-16 23:59:56',NULL,0),(171,'playerVirtual7','playerVirtual7_2148750930',0,'2018-02-17 00:00:01',NULL,0),(172,'playerVirtual7','playerVirtual7_2148750930',0,'2018-02-17 00:00:01',NULL,0),(173,'playerVirtual9','playerVirtual9_563574327',0,'2018-02-17 00:00:05',NULL,0),(174,'playerVirtual9','playerVirtual9_563574327',0,'2018-02-17 00:00:05',NULL,0),(175,'playerVirtual14','playerVirtual14_765651',0,'2018-02-17 00:00:18',NULL,0),(176,'playerVirtual14','playerVirtual14_765651',0,'2018-02-17 00:00:18',NULL,0),(177,'playerVirtual16','playerVirtual16_5623125514',0,'2018-02-17 00:00:37',NULL,0),(178,'playerVirtual16','playerVirtual16_5623125514',0,'2018-02-17 00:00:37',NULL,0),(179,'playerVirtual18','playerVirtual18_284757920',0,'2018-02-17 00:00:40',NULL,0),(180,'playerVirtual18','playerVirtual18_284757920',0,'2018-02-17 00:00:41',NULL,0),(181,'playerVirtual19','playerVirtual19_0c289d22a5',3,'2018-02-17 00:00:56',NULL,0),(182,'playerVirtual7','playerVirtual7_d9419053bc',3,'2018-02-17 00:01:01',NULL,0),(183,'playerVirtual9','playerVirtual9_2e0cd0d0d8',3,'2018-02-17 00:01:05',NULL,0),(184,'playerVirtual14','playerVirtual14_78e3d8ef1b',3,'2018-02-17 00:01:17',NULL,0),(185,'playerVirtual16','playerVirtual16_5b4e163264',3,'2018-02-17 00:01:37',NULL,0),(186,'playerVirtual18','playerVirtual18_e2ea450c3f',3,'2018-02-17 00:01:40',NULL,0),(187,'playerVirtual1','playerVirtual1_6274355716',0,'2018-02-17 00:03:30',NULL,0),(188,'playerVirtual1','playerVirtual1_6274355716',0,'2018-02-17 00:03:30',NULL,0),(189,'playerVirtual11','playerVirtual11_38676294',0,'2018-02-17 00:04:21',NULL,0),(190,'playerVirtual11','playerVirtual11_38676294',0,'2018-02-17 00:04:22',NULL,0),(191,'playerVirtual1','playerVirtual1_744fe93b05',4,'2018-02-17 00:04:30',NULL,0),(192,'playerVirtual14','playerVirtual14_11a96f08da',4,'2018-02-17 00:04:58',NULL,0),(193,'playerVirtual11','playerVirtual11_c4fb7febab',4,'2018-02-17 00:05:22',NULL,0),(194,'playerVirtual8','playerVirtual8_4820204870',0,'2018-02-17 00:05:41',NULL,0),(195,'playerVirtual8','playerVirtual8_4820204870',0,'2018-02-17 00:05:41',NULL,0),(196,'playerVirtual2','playerVirtual2_990694203',0,'2018-02-17 00:06:02',NULL,0),(197,'playerVirtual2','playerVirtual2_990694203',0,'2018-02-17 00:06:02',NULL,0),(198,'playerVirtual13','playerVirtual13_990694203',0,'2018-02-17 00:06:17',NULL,0),(199,'playerVirtual13','playerVirtual13_990694203',0,'2018-02-17 00:06:17',NULL,0),(200,'playerVirtual6','playerVirtual6_6280643141',0,'2018-02-17 00:06:25',NULL,0),(201,'playerVirtual6','playerVirtual6_6280643141',0,'2018-02-17 00:06:25',NULL,0),(202,'playerVirtual15','playerVirtual15_4476462938',0,'2018-02-17 00:06:39',NULL,0),(203,'playerVirtual15','playerVirtual15_4476462938',0,'2018-02-17 00:06:39',NULL,0),(204,'playerVirtual8','playerVirtual8_91b7b56b2d',4,'2018-02-17 00:06:41',NULL,0),(205,'playerVirtual17','playerVirtual17_272887063',0,'2018-02-17 00:06:47',NULL,0),(206,'playerVirtual17','playerVirtual17_272887063',0,'2018-02-17 00:06:47',NULL,0),(207,'playerVirtual19','playerVirtual19_2359368952',0,'2018-02-17 00:06:50',NULL,0),(208,'playerVirtual19','playerVirtual19_2359368952',0,'2018-02-17 00:06:51',NULL,0),(209,'playerVirtual2','playerVirtual2_129082bd88',4,'2018-02-17 00:07:02',NULL,0),(210,'playerVirtual7','playerVirtual7_682797',0,'2018-02-17 00:07:10',NULL,0),(211,'playerVirtual7','playerVirtual7_682797',0,'2018-02-17 00:07:11',NULL,0),(212,'playerVirtual9','playerVirtual9_214880781',0,'2018-02-17 00:07:14',NULL,0),(213,'playerVirtual9','playerVirtual9_214880781',0,'2018-02-17 00:07:14',NULL,0),(214,'playerVirtual13','playerVirtual13_d74a6b9269',4,'2018-02-17 00:07:17',NULL,0),(215,'playerVirtual16','playerVirtual16_16914091',0,'2018-02-17 00:07:21',NULL,0),(216,'playerVirtual16','playerVirtual16_16914091',0,'2018-02-17 00:07:21',NULL,0),(217,'playerVirtual6','playerVirtual6_e7ff77c12a',4,'2018-02-17 00:07:25',NULL,0),(218,'playerVirtual18','playerVirtual18_182859403',0,'2018-02-17 00:07:36',NULL,0),(219,'playerVirtual18','playerVirtual18_182859403',0,'2018-02-17 00:07:36',NULL,0),(220,'playerVirtual15','playerVirtual15_7da1b437d2',4,'2018-02-17 00:07:39',NULL,0),(221,'playerVirtual17','playerVirtual17_dcaae46ed9',4,'2018-02-17 00:07:47',NULL,0),(222,'playerVirtual19','playerVirtual19_388e2e5dfb',4,'2018-02-17 00:07:50',NULL,0),(223,'playerVirtual1','playerVirtual1_4820204870',1,'2018-02-17 00:08:02',NULL,0),(224,'playerVirtual1','playerVirtual1_694f23dc45',3,'2018-02-17 00:08:02',NULL,0),(225,'playerVirtual1','playerVirtual1_4820204870',1,'2018-02-17 00:08:02',NULL,0),(226,'playerVirtual7','playerVirtual7_1d3ecc6fa8',4,'2018-02-17 00:08:11',NULL,0),(227,'playerVirtual9','playerVirtual9_364f2a0de3',4,'2018-02-17 00:08:14',NULL,0),(228,'playerVirtual16','playerVirtual16_4ab9d6df8a',4,'2018-02-17 00:08:21',NULL,0),(229,'playerVirtual18','playerVirtual18_d658a52940',4,'2018-02-17 00:08:38',NULL,0),(230,'playerVirtual2','playerVirtual2_990694203',1,'2018-02-17 00:08:44',NULL,0),(231,'playerVirtual2','playerVirtual2_f60e2aad22',3,'2018-02-17 00:08:44',NULL,0),(232,'playerVirtual2','playerVirtual2_990694203',1,'2018-02-17 00:08:45',NULL,0),(233,'playerVirtual13','playerVirtual13_990694203',1,'2018-02-17 00:09:00',NULL,0),(234,'playerVirtual13','playerVirtual13_554126da62',3,'2018-02-17 00:09:01',NULL,0),(235,'playerVirtual13','playerVirtual13_990694203',1,'2018-02-17 00:09:01',NULL,0),(236,'playerVirtual11','playerVirtual11_6285257156',0,'2018-02-17 00:09:49',NULL,0),(237,'playerVirtual11','playerVirtual11_6285257156',0,'2018-02-17 00:09:49',NULL,0),(238,'playerVirtual8','playerVirtual8_3338579772',0,'2018-02-17 00:10:47',NULL,0),(239,'playerVirtual8','playerVirtual8_3338579772',0,'2018-02-17 00:10:48',NULL,0),(240,'playerVirtual11','playerVirtual11_1874aefaee',3,'2018-02-17 00:10:49',NULL,0),(241,'playerVirtual15','playerVirtual15_6955737',1,'2018-02-17 00:10:55',NULL,0),(242,'playerVirtual15','playerVirtual15_023ced977d',3,'2018-02-17 00:10:56',NULL,0),(243,'playerVirtual15','playerVirtual15_6955737',1,'2018-02-17 00:10:56',NULL,0),(244,'playerVirtual14','playerVirtual14_6641406',0,'2018-02-17 00:11:03',NULL,0),(245,'playerVirtual14','playerVirtual14_6641406',0,'2018-02-17 00:11:03',NULL,0),(246,'playerVirtual8','playerVirtual8_70dfd56cf0',3,'2018-02-17 00:11:48',NULL,0),(247,'playerVirtual6','playerVirtual6_1438244924',0,'2018-02-17 00:11:54',NULL,0),(248,'playerVirtual6','playerVirtual6_1438244924',0,'2018-02-17 00:11:55',NULL,0),(249,'playerVirtual14','playerVirtual14_9f469f9882',3,'2018-02-17 00:12:03',NULL,0),(250,'playerVirtual17','playerVirtual17_6289704471',0,'2018-02-17 00:12:12',NULL,0),(251,'playerVirtual17','playerVirtual17_6289704471',0,'2018-02-17 00:12:13',NULL,0),(252,'playerVirtual7','playerVirtual7_3338579772',1,'2018-02-17 00:12:40',NULL,0),(253,'playerVirtual7','playerVirtual7_3f0e58267a',3,'2018-02-17 00:12:40',NULL,0),(254,'playerVirtual7','playerVirtual7_3338579772',1,'2018-02-17 00:12:40',NULL,0),(255,'playerVirtual6','playerVirtual6_fc0da3bda7',3,'2018-02-17 00:12:55',NULL,0),(256,'playerVirtual17','playerVirtual17_c0de82d191',3,'2018-02-17 00:13:13',NULL,0),(257,'playerVirtual19','playerVirtual19_1436344784',0,'2018-02-17 00:13:43',NULL,0),(258,'playerVirtual19','playerVirtual19_1436344784',0,'2018-02-17 00:13:43',NULL,0),(259,'playerVirtual9','playerVirtual9_990694203',0,'2018-02-17 00:14:40',NULL,0),(260,'playerVirtual9','playerVirtual9_990694203',0,'2018-02-17 00:14:40',NULL,0),(261,'playerVirtual19','playerVirtual19_41d8a28ee0',3,'2018-02-17 00:14:43',NULL,0),(262,'playerVirtual9','playerVirtual9_c2e2e521ce',3,'2018-02-17 00:15:40',NULL,0),(263,'playerVirtual1','playerVirtual1_794070039',0,'2018-02-17 00:16:26',NULL,0),(264,'playerVirtual1','playerVirtual1_794070039',0,'2018-02-17 00:16:27',NULL,0),(265,'playerVirtual16','playerVirtual16_6296268057',0,'2018-02-17 00:16:31',NULL,0),(266,'playerVirtual16','playerVirtual16_6296268057',0,'2018-02-17 00:16:32',NULL,0),(267,'playerVirtual18','playerVirtual18_6296865278',0,'2018-02-17 00:16:45',NULL,0),(268,'playerVirtual18','playerVirtual18_6296865278',0,'2018-02-17 00:16:46',NULL,0),(269,'playerVirtual11','playerVirtual11_1438244924',1,'2018-02-17 00:17:02',NULL,0),(270,'playerVirtual11','playerVirtual11_a94bdd1bea',4,'2018-02-17 00:17:02',NULL,0),(271,'playerVirtual11','playerVirtual11_1438244924',1,'2018-02-17 00:17:02',NULL,0),(272,'playerVirtual1','playerVirtual1_b0f2b41a96',4,'2018-02-17 00:17:27',NULL,0),(273,'playerVirtual16','playerVirtual16_611fea1417',3,'2018-02-17 00:17:31',NULL,0),(274,'playerVirtual18','playerVirtual18_6e56129e26',3,'2018-02-17 00:17:45',NULL,0),(275,'playerVirtual15','playerVirtual15_2378747961',1,'2018-02-17 00:18:28',NULL,0),(276,'playerVirtual15','playerVirtual15_be97c2c279',4,'2018-02-17 00:18:28',NULL,0),(277,'playerVirtual15','playerVirtual15_2378747961',1,'2018-02-17 00:18:28',NULL,0),(278,'playerVirtual8','playerVirtual8_f1590b6319',4,'2018-02-17 00:18:29',NULL,0),(279,'playerVirtual6','playerVirtual6_b52c59655a',4,'2018-02-17 00:20:08',NULL,0),(280,'playerVirtual9','playerVirtual9_990694203',1,'2018-02-17 00:21:48',NULL,0),(281,'playerVirtual9','playerVirtual9_0f81998c1b',4,'2018-02-17 00:21:48',NULL,0),(282,'playerVirtual9','playerVirtual9_990694203',1,'2018-02-17 00:21:48',NULL,0),(283,'playerVirtual14','playerVirtual14_990694203',0,'2018-02-17 00:21:57',NULL,0),(284,'playerVirtual14','playerVirtual14_990694203',0,'2018-02-17 00:21:58',NULL,0),(285,'playerVirtual2','playerVirtual2_182859403',0,'2018-02-17 00:22:15',NULL,0),(286,'playerVirtual2','playerVirtual2_182859403',0,'2018-02-17 00:22:15',NULL,0),(287,'playerVirtual15','playerVirtual15_1436344784',1,'2018-02-17 00:22:42',NULL,0),(288,'playerVirtual15','playerVirtual15_e05fd22145',3,'2018-02-17 00:22:43',NULL,0),(289,'playerVirtual15','playerVirtual15_1436344784',1,'2018-02-17 00:22:43',NULL,0),(290,'playerVirtual1','playerVirtual1_6274355716',1,'2018-02-17 00:22:53',NULL,0),(291,'playerVirtual1','playerVirtual1_927bae1c6a',3,'2018-02-17 00:22:53',NULL,0),(292,'playerVirtual1','playerVirtual1_6274355716',1,'2018-02-17 00:22:53',NULL,0),(293,'playerVirtual14','playerVirtual14_f722542217',4,'2018-02-17 00:22:57',NULL,0),(294,'playerVirtual13','playerVirtual13_6264344062',0,'2018-02-17 00:23:05',NULL,0),(295,'playerVirtual13','playerVirtual13_6264344062',0,'2018-02-17 00:23:06',NULL,0),(296,'playerVirtual2','playerVirtual2_12c2108e9b',4,'2018-02-17 00:23:15',NULL,0),(297,'playerVirtual13','playerVirtual13_2cf6c9054e',4,'2018-02-17 00:24:06',NULL,0),(298,'playerVirtual18','playerVirtual18_182859403',1,'2018-02-17 00:24:45',NULL,0),(299,'playerVirtual18','playerVirtual18_8b18fe2512',4,'2018-02-17 00:24:45',NULL,0),(300,'playerVirtual18','playerVirtual18_182859403',1,'2018-02-17 00:24:45',NULL,0),(301,'playerVirtual2','playerVirtual2_182859403',1,'2018-02-17 00:24:55',NULL,0),(302,'playerVirtual2','playerVirtual2_fd4bb3761d',3,'2018-02-17 00:24:55',NULL,0),(303,'playerVirtual2','playerVirtual2_182859403',1,'2018-02-17 00:24:55',NULL,0),(304,'playerVirtual7','playerVirtual7_5297461910',0,'2018-02-17 00:25:16',NULL,0),(305,'playerVirtual7','playerVirtual7_5297461910',0,'2018-02-17 00:25:19',NULL,0),(306,'playerVirtual17','playerVirtual17_8158ab4f71',4,'2018-02-17 00:26:09',NULL,0),(307,'playerVirtual7','playerVirtual7_706ecd3a94',4,'2018-02-17 00:26:16',NULL,0),(308,'playerVirtual19','playerVirtual19_1095593',0,'2018-02-17 00:27:02',NULL,0),(309,'playerVirtual19','playerVirtual19_1095593',0,'2018-02-17 00:27:03',NULL,0),(310,'playerVirtual19','playerVirtual19_36a7ffe457',4,'2018-02-17 00:28:03',NULL,0),(311,'playerVirtual16','playerVirtual16_908315',0,'2018-02-17 00:28:16',NULL,0),(312,'playerVirtual16','playerVirtual16_908315',0,'2018-02-17 00:28:16',NULL,0),(313,'playerVirtual14','playerVirtual14_990694203',1,'2018-02-17 00:29:02',NULL,0),(314,'playerVirtual14','playerVirtual14_5de7cc96ed',3,'2018-02-17 00:29:02',NULL,0),(315,'playerVirtual14','playerVirtual14_990694203',1,'2018-02-17 00:29:02',NULL,0),(316,'playerVirtual16','playerVirtual16_f8aabd2cff',4,'2018-02-17 00:29:16',NULL,0),(317,'playerVirtual11','playerVirtual11_182859403',0,'2018-02-17 00:29:42',NULL,0),(318,'playerVirtual11','playerVirtual11_182859403',0,'2018-02-17 00:29:42',NULL,0),(319,'playerVirtual11','playerVirtual11_0fb6e74f16',3,'2018-02-17 00:30:42',NULL,0),(320,'playerVirtual17','playerVirtual17_5068098508',1,'2018-02-17 00:30:49',NULL,0),(321,'playerVirtual17','playerVirtual17_f01d624065',3,'2018-02-17 00:30:49',NULL,0),(322,'playerVirtual17','playerVirtual17_5068098508',1,'2018-02-17 00:30:49',NULL,0),(323,'playerVirtual13','playerVirtual13_4246147567',0,'2018-02-17 00:31:37',NULL,0),(324,'playerVirtual13','playerVirtual13_4246147567',0,'2018-02-17 00:31:39',NULL,0),(325,'playerVirtual8','playerVirtual8_4246147567',0,'2018-02-17 00:32:17',NULL,0),(326,'playerVirtual8','playerVirtual8_4246147567',0,'2018-02-17 00:32:18',NULL,0),(327,'playerVirtual13','playerVirtual13_9a9e0866ec',3,'2018-02-17 00:32:37',NULL,0),(328,'playerVirtual8','playerVirtual8_17fbe916ed',3,'2018-02-17 00:33:18',NULL,0),(329,'playerVirtual9','playerVirtual9_904011',1,'2018-02-17 00:33:45',NULL,0),(330,'playerVirtual9','playerVirtual9_f600fb475a',3,'2018-02-17 00:33:46',NULL,0),(331,'playerVirtual9','playerVirtual9_904011',1,'2018-02-17 00:33:46',NULL,0),(332,'playerVirtual18','playerVirtual18_1eb1ecf3d3',3,'2018-02-17 00:34:01',NULL,0),(333,'playerVirtual6','playerVirtual6_4246147567',0,'2018-02-17 00:34:03',NULL,0),(334,'playerVirtual6','playerVirtual6_4246147567',0,'2018-02-17 00:34:03',NULL,0),(335,'playerVirtual19','playerVirtual19_be04cd9729',3,'2018-02-17 00:34:09',NULL,0),(336,'playerVirtual6','playerVirtual6_79e5fa7ec2',3,'2018-02-17 00:35:03',NULL,0),(337,'playerVirtual1','playerVirtual1_6315250734',0,'2018-02-17 00:38:56',NULL,0),(338,'playerVirtual1','playerVirtual1_6315250734',0,'2018-02-17 00:38:58',NULL,0),(339,'playerVirtual15','playerVirtual15_4246147567',0,'2018-02-17 00:39:48',NULL,0),(340,'playerVirtual15','playerVirtual15_4246147567',0,'2018-02-17 00:39:48',NULL,0),(341,'playerVirtual1','playerVirtual1_5a8db6c408',4,'2018-02-17 00:39:55',NULL,0),(342,'playerVirtual8','playerVirtual8_1d376fd0a9',4,'2018-02-17 00:40:01',NULL,0),(343,'playerVirtual2','playerVirtual2_5297461910',1,'2018-02-17 00:40:01',NULL,0),(344,'playerVirtual2','playerVirtual2_cb953da26b',4,'2018-02-17 00:40:01',NULL,0),(345,'playerVirtual2','playerVirtual2_5297461910',1,'2018-02-17 00:40:02',NULL,0),(346,'playerVirtual11','playerVirtual11_990694203',0,'2018-02-17 00:40:23',NULL,0),(347,'playerVirtual11','playerVirtual11_990694203',0,'2018-02-17 00:40:24',NULL,0),(348,'playerVirtual16','playerVirtual16_6316827871',0,'2018-02-17 00:40:27',NULL,0),(349,'playerVirtual16','playerVirtual16_6316827871',0,'2018-02-17 00:40:28',NULL,0),(350,'playerVirtual15','playerVirtual15_93fc2b7ed9',4,'2018-02-17 00:40:48',NULL,0),(351,'playerVirtual11','playerVirtual11_c45b09677e',4,'2018-02-17 00:41:23',NULL,0),(352,'playerVirtual16','playerVirtual16_7c964eaae1',3,'2018-02-17 00:41:28',NULL,0),(353,'playerVirtual6','playerVirtual6_4246147567',1,'2018-02-17 00:42:14',NULL,0),(354,'playerVirtual6','playerVirtual6_849b7416c6',4,'2018-02-17 00:42:14',NULL,0),(355,'playerVirtual6','playerVirtual6_4246147567',1,'2018-02-17 00:42:15',NULL,0),(356,'playerVirtual14','playerVirtual14_2378747961',0,'2018-02-17 00:44:53',NULL,0),(357,'playerVirtual14','playerVirtual14_2378747961',0,'2018-02-17 00:44:54',NULL,0),(358,'playerVirtual15','playerVirtual15_4246147567',1,'2018-02-17 00:45:03',NULL,0),(359,'playerVirtual15','playerVirtual15_39d08ecb8c',3,'2018-02-17 00:45:03',NULL,0),(360,'playerVirtual15','playerVirtual15_4246147567',1,'2018-02-17 00:45:03',NULL,0),(361,'playerVirtual9','playerVirtual9_4246147567',0,'2018-02-17 00:45:08',NULL,0),(362,'playerVirtual9','playerVirtual9_4246147567',0,'2018-02-17 00:45:12',NULL,0),(363,'playerVirtual14','playerVirtual14_f69cfb27fa',4,'2018-02-17 00:45:54',NULL,0),(364,'playerVirtual9','playerVirtual9_4ecec0429a',4,'2018-02-17 00:46:08',NULL,0),(365,'playerVirtual13','playerVirtual13_4246147567',1,'2018-02-17 00:46:40',NULL,0),(366,'playerVirtual13','playerVirtual13_dac430b696',4,'2018-02-17 00:46:40',NULL,0),(367,'playerVirtual13','playerVirtual13_4246147567',1,'2018-02-17 00:46:40',NULL,0),(368,'playerVirtual1','playerVirtual1_359920779',0,'2018-02-17 00:47:35',NULL,0),(369,'playerVirtual1','playerVirtual1_359920779',0,'2018-02-17 00:47:36',NULL,0),(370,'playerVirtual18','playerVirtual18_1095593',0,'2018-02-17 00:48:11',NULL,0),(371,'playerVirtual18','playerVirtual18_1095593',0,'2018-02-17 00:48:11',NULL,0),(372,'playerVirtual17','playerVirtual17_4246147567',0,'2018-02-17 00:48:34',NULL,0),(373,'playerVirtual17','playerVirtual17_4246147567',0,'2018-02-17 00:48:34',NULL,0),(374,'playerVirtual1','playerVirtual1_d1fcf0e5c3',3,'2018-02-17 00:48:36',NULL,0),(375,'playerVirtual2','playerVirtual2_4246147567',0,'2018-02-17 00:48:56',NULL,0),(376,'playerVirtual2','playerVirtual2_4246147567',0,'2018-02-17 00:48:56',NULL,0),(377,'playerVirtual18','playerVirtual18_061707e324',4,'2018-02-17 00:49:11',NULL,0),(378,'playerVirtual17','playerVirtual17_ea3a52fadd',4,'2018-02-17 00:49:34',NULL,0),(379,'playerVirtual2','playerVirtual2_903854e2b7',3,'2018-02-17 00:49:56',NULL,0),(380,'playerVirtual19','playerVirtual19_6322213339',0,'2018-02-17 00:51:31',NULL,0),(381,'playerVirtual19','playerVirtual19_6322213339',0,'2018-02-17 00:51:32',NULL,0),(382,'playerVirtual19','playerVirtual19_6c5ed5d5c1',4,'2018-02-17 00:52:33',NULL,0),(383,'playerVirtual11','playerVirtual11_990694203',1,'2018-02-17 00:54:06',NULL,0),(384,'playerVirtual11','playerVirtual11_b90b06c1df',3,'2018-02-17 00:54:06',NULL,0),(385,'playerVirtual11','playerVirtual11_990694203',1,'2018-02-17 00:54:06',NULL,0),(386,'playerVirtual17','playerVirtual17_00b5fb4a06',3,'2018-02-17 00:54:14',NULL,0),(387,'playerVirtual16','playerVirtual16_4246147567',0,'2018-02-17 00:54:45',NULL,0),(388,'playerVirtual16','playerVirtual16_4246147567',0,'2018-02-17 00:54:45',NULL,0),(389,'playerVirtual14','playerVirtual14_4246147567',0,'2018-02-17 00:55:07',NULL,0),(390,'playerVirtual14','playerVirtual14_4246147567',0,'2018-02-17 00:55:07',NULL,0),(391,'playerVirtual16','playerVirtual16_b24fdc32eb',4,'2018-02-17 00:55:45',NULL,0),(392,'playerVirtual14','playerVirtual14_940db7d899',3,'2018-02-17 00:56:07',NULL,0),(393,'playerVirtual8','playerVirtual8_4246147567',0,'2018-02-17 00:57:06',NULL,0),(394,'playerVirtual8','playerVirtual8_c103fb7ab3',3,'2018-02-17 00:57:06',NULL,0),(395,'playerVirtual8','playerVirtual8_4246147567',0,'2018-02-17 00:57:06',NULL,0),(396,'playerVirtual9','playerVirtual9_4246147567',1,'2018-02-17 00:58:05',NULL,0),(397,'playerVirtual9','playerVirtual9_9916c98d48',3,'2018-02-17 00:58:05',NULL,0),(398,'playerVirtual9','playerVirtual9_4246147567',1,'2018-02-17 00:58:06',NULL,0),(399,'playerVirtual13','playerVirtual13_4246147567',0,'2018-02-17 00:58:06',NULL,0),(400,'playerVirtual13','playerVirtual13_71f0f1d21c',3,'2018-02-17 00:58:07',NULL,0),(401,'playerVirtual13','playerVirtual13_4246147567',0,'2018-02-17 00:58:07',NULL,0),(402,'playerVirtual6','playerVirtual6_4246147567',0,'2018-02-17 00:59:43',NULL,0),(403,'playerVirtual6','playerVirtual6_7c4ae1dc1e',3,'2018-02-17 00:59:43',NULL,0),(404,'playerVirtual6','playerVirtual6_4246147567',0,'2018-02-17 00:59:43',NULL,0),(405,'playerVirtual19','playerVirtual19_1436344784',1,'2018-02-17 00:59:55',NULL,0),(406,'playerVirtual19','playerVirtual19_51781d67d3',3,'2018-02-17 00:59:55',NULL,0),(407,'playerVirtual19','playerVirtual19_1436344784',1,'2018-02-17 00:59:55',NULL,0),(408,'playerVirtual18','playerVirtual18_4246147567',0,'2018-02-17 01:00:45',NULL,0),(409,'playerVirtual18','playerVirtual18_4246147567',0,'2018-02-17 01:00:46',NULL,0),(410,'playerVirtual18','playerVirtual18_d4b00a7969',3,'2018-02-17 01:01:45',NULL,0),(411,'playerVirtual8','playerVirtual8_6801741e31',4,'2018-02-17 01:03:47',NULL,0),(412,'playerVirtual2','playerVirtual2_4246147567',1,'2018-02-17 01:05:01',NULL,0),(413,'playerVirtual2','playerVirtual2_c64ea5fea5',4,'2018-02-17 01:05:01',NULL,0),(414,'playerVirtual2','playerVirtual2_4246147567',1,'2018-02-17 01:05:02',NULL,0),(415,'playerVirtual15','playerVirtual15_4246147567',0,'2018-02-17 01:05:40',NULL,0),(416,'playerVirtual15','playerVirtual15_407f447ec6',4,'2018-02-17 01:05:41',NULL,0),(417,'playerVirtual15','playerVirtual15_4246147567',0,'2018-02-17 01:05:41',NULL,0),(418,'playerVirtual1','playerVirtual1_6335261139',0,'2018-02-17 01:06:37',NULL,0),(419,'playerVirtual1','playerVirtual1_6335261139',0,'2018-02-17 01:06:37',NULL,0),(420,'playerVirtual6','playerVirtual6_4246147567',1,'2018-02-17 01:06:54',NULL,0),(421,'playerVirtual6','playerVirtual6_38b8a1ec33',4,'2018-02-17 01:06:54',NULL,0),(422,'playerVirtual6','playerVirtual6_4246147567',1,'2018-02-17 01:06:55',NULL,0),(423,'playerVirtual16','playerVirtual16_361a53d0d6',3,'2018-02-17 01:06:56',NULL,0),(424,'playerVirtual1','playerVirtual1_839d5d57eb',4,'2018-02-17 01:07:37',NULL,0),(425,'playerVirtual11','playerVirtual11_4246147567',0,'2018-02-17 01:07:48',NULL,0),(426,'playerVirtual11','playerVirtual11_4246147567',0,'2018-02-17 01:07:49',NULL,0),(427,'playerVirtual11','playerVirtual11_0e8a3d5086',4,'2018-02-17 01:08:49',NULL,0),(428,'playerVirtual15','playerVirtual15_4246147567',1,'2018-02-17 01:09:55',NULL,0),(429,'playerVirtual15','playerVirtual15_d34bbe3995',3,'2018-02-17 01:09:55',NULL,0),(430,'playerVirtual15','playerVirtual15_4246147567',1,'2018-02-17 01:09:55',NULL,0),(431,'playerVirtual14','playerVirtual14_4246147567',1,'2018-02-17 01:11:59',NULL,0),(432,'playerVirtual14','playerVirtual14_77d4e98985',4,'2018-02-17 01:11:59',NULL,0),(433,'playerVirtual14','playerVirtual14_4246147567',1,'2018-02-17 01:11:59',NULL,0),(434,'playerVirtual13','playerVirtual13_4246147567',1,'2018-02-17 01:12:11',NULL,0),(435,'playerVirtual13','playerVirtual13_0d4eadd163',4,'2018-02-17 01:12:11',NULL,0),(436,'playerVirtual13','playerVirtual13_4246147567',1,'2018-02-17 01:12:11',NULL,0),(437,'playerVirtual9','playerVirtual9_4246147567',0,'2018-02-17 01:13:29',NULL,0),(438,'playerVirtual9','playerVirtual9_43ba2f4576',4,'2018-02-17 01:13:30',NULL,0),(439,'playerVirtual9','playerVirtual9_4246147567',0,'2018-02-17 01:13:30',NULL,0),(440,'playerVirtual18','playerVirtual18_4398709f4f',4,'2018-02-17 01:15:55',NULL,0),(441,'playerVirtual17','playerVirtual17_4246147567',0,'2018-02-17 01:16:13',NULL,0),(442,'playerVirtual17','playerVirtual17_2834808326',4,'2018-02-17 01:16:13',NULL,0),(443,'playerVirtual17','playerVirtual17_4246147567',0,'2018-02-17 01:16:13',NULL,0),(444,'playerVirtual2','playerVirtual2_4246147567',0,'2018-02-17 01:18:09',NULL,0),(445,'playerVirtual2','playerVirtual2_f3c11bf86a',3,'2018-02-17 01:18:09',NULL,0),(446,'playerVirtual2','playerVirtual2_4246147567',0,'2018-02-17 01:18:10',NULL,0),(447,'playerVirtual1','playerVirtual1_4246147567',0,'2018-02-17 01:18:29',NULL,0),(448,'playerVirtual1','playerVirtual1_4246147567',0,'2018-02-17 01:18:29',NULL,0),(449,'playerVirtual1','playerVirtual1_cf172a615f',3,'2018-02-17 01:19:29',NULL,0),(450,'playerVirtual19','playerVirtual19_4246147567',0,'2018-02-17 01:20:19',NULL,0),(451,'playerVirtual19','playerVirtual19_4246147567',0,'2018-02-17 01:20:19',NULL,0),(452,'playerVirtual17','playerVirtual17_e3fb4e221d',3,'2018-02-17 01:20:53',NULL,0),(453,'playerVirtual19','playerVirtual19_505c3cb87d',4,'2018-02-17 01:21:19',NULL,0),(454,'playerVirtual11','playerVirtual11_4246147567',1,'2018-02-17 01:21:31',NULL,0),(455,'playerVirtual11','playerVirtual11_ce3cd9cffe',3,'2018-02-17 01:21:31',NULL,0),(456,'playerVirtual11','playerVirtual11_4246147567',1,'2018-02-17 01:21:31',NULL,0),(457,'playerVirtual16','playerVirtual16_4246147567',0,'2018-02-17 01:24:11',NULL,0),(458,'playerVirtual16','playerVirtual16_3f357c1524',4,'2018-02-17 01:24:11',NULL,0),(459,'playerVirtual16','playerVirtual16_4246147567',0,'2018-02-17 01:24:11',NULL,0),(460,'playerVirtual8','playerVirtual8_f4c435f56f',3,'2018-02-17 01:25:07',NULL,0),(461,'playerVirtual14','playerVirtual14_4246147567',0,'2018-02-17 01:25:12',NULL,0),(462,'playerVirtual14','playerVirtual14_fb7ce36444',3,'2018-02-17 01:25:13',NULL,0),(463,'playerVirtual14','playerVirtual14_4246147567',0,'2018-02-17 01:25:13',NULL,0),(464,'playerVirtual13','playerVirtual13_82730999',0,'2018-02-17 01:27:22',NULL,0),(465,'playerVirtual13','playerVirtual13_82730999',0,'2018-02-17 01:27:23',NULL,0),(466,'playerVirtual6','playerVirtual6_272887063',0,'2018-02-17 01:28:06',NULL,0),(467,'playerVirtual6','playerVirtual6_272887063',0,'2018-02-17 01:28:10',NULL,0),(468,'playerVirtual13','playerVirtual13_a8354bc244',3,'2018-02-17 01:28:23',NULL,0),(469,'playerVirtual19','playerVirtual19_239d294f66',3,'2018-02-17 01:28:40',NULL,0),(470,'playerVirtual6','playerVirtual6_cfaa16f8ab',3,'2018-02-17 01:29:04',NULL,0),(471,'playerVirtual18','playerVirtual18_6566788',0,'2018-02-17 01:31:30',NULL,0),(472,'playerVirtual18','playerVirtual18_6566788',0,'2018-02-17 01:31:31',NULL,0),(473,'playerVirtual8','playerVirtual8_74836429e9',4,'2018-02-17 01:31:48',NULL,0),(474,'playerVirtual18','playerVirtual18_caeed217a6',3,'2018-02-17 01:32:31',NULL,0),(475,'playerVirtual2','playerVirtual2_4246147567',1,'2018-02-17 01:33:14',NULL,0),(476,'playerVirtual2','playerVirtual2_9a35a56ea2',4,'2018-02-17 01:33:14',NULL,0),(477,'playerVirtual2','playerVirtual2_4246147567',1,'2018-02-17 01:33:14',NULL,0),(478,'playerVirtual15','playerVirtual15_6566788',0,'2018-02-17 01:34:45',NULL,0),(479,'playerVirtual15','playerVirtual15_6566788',0,'2018-02-17 01:34:46',NULL,0),(480,'playerVirtual16','playerVirtual16_9c491c1c08',3,'2018-02-17 01:35:22',NULL,0),(481,'playerVirtual15','playerVirtual15_a5be2b1dab',4,'2018-02-17 01:35:46',NULL,0),(482,'playerVirtual1','playerVirtual1_4246147567',1,'2018-02-17 01:37:31',NULL,0),(483,'playerVirtual1','playerVirtual1_f3e5f33b18',4,'2018-02-17 01:37:32',NULL,0),(484,'playerVirtual1','playerVirtual1_4246147567',1,'2018-02-17 01:37:36',NULL,0),(485,'playerVirtual6','playerVirtual6_6280643141',1,'2018-02-17 01:38:07',NULL,0),(486,'playerVirtual6','playerVirtual6_73e6a3296c',4,'2018-02-17 01:38:07',NULL,0),(487,'playerVirtual6','playerVirtual6_6280643141',1,'2018-02-17 01:38:07',NULL,0),(488,'playerVirtual11','playerVirtual11_4820150269',0,'2018-02-17 01:38:41',NULL,0),(489,'playerVirtual11','playerVirtual11_4820150269',0,'2018-02-17 01:38:41',NULL,0),(490,'playerVirtual11','playerVirtual11_b94088666c',4,'2018-02-17 01:39:42',NULL,0),(491,'playerVirtual15','playerVirtual15_6566788',1,'2018-02-17 01:40:38',NULL,0),(492,'playerVirtual15','playerVirtual15_ce31585830',3,'2018-02-17 01:40:38',NULL,0),(493,'playerVirtual15','playerVirtual15_6566788',1,'2018-02-17 01:40:40',NULL,0),(494,'playerVirtual14','playerVirtual14_4246147567',1,'2018-02-17 01:41:04',NULL,0),(495,'playerVirtual14','playerVirtual14_7a3e2cc730',4,'2018-02-17 01:41:04',NULL,0),(496,'playerVirtual14','playerVirtual14_4246147567',1,'2018-02-17 01:41:04',NULL,0),(497,'playerVirtual13','playerVirtual13_4246147567',0,'2018-02-17 01:43:12',NULL,0),(498,'playerVirtual13','playerVirtual13_435ae9cd60',4,'2018-02-17 01:43:12',NULL,0),(499,'playerVirtual13','playerVirtual13_4246147567',0,'2018-02-17 01:43:13',NULL,0),(500,'playerVirtual17','playerVirtual17_272887063',1,'2018-02-17 01:44:33',NULL,0),(501,'playerVirtual17','playerVirtual17_9a0ba4e8b0',4,'2018-02-17 01:44:33',NULL,0),(502,'playerVirtual17','playerVirtual17_272887063',1,'2018-02-17 01:44:33',NULL,0),(503,'playerVirtual2','playerVirtual2_82730999',1,'2018-02-17 01:47:23',NULL,0),(504,'playerVirtual2','playerVirtual2_79ed9be29f',3,'2018-02-17 01:47:23',NULL,0),(505,'playerVirtual2','playerVirtual2_82730999',1,'2018-02-17 01:47:23',NULL,0),(506,'playerVirtual18','playerVirtual18_1436344784',0,'2018-02-17 01:47:33',NULL,0),(507,'playerVirtual18','playerVirtual18_1436344784',0,'2018-02-17 01:47:33',NULL,0),(508,'playerVirtual18','playerVirtual18_048be77073',4,'2018-02-17 01:48:33',NULL,0),(509,'playerVirtual1','playerVirtual1_990694203',0,'2018-02-17 01:50:25',NULL,0),(510,'playerVirtual1','playerVirtual1_990694203',0,'2018-02-17 01:50:25',NULL,0),(511,'playerVirtual1','playerVirtual1_3e1ffc1b7b',3,'2018-02-17 01:51:25',NULL,0),(512,'playerVirtual19','playerVirtual19_4246147567',0,'2018-02-17 01:51:34',NULL,0),(513,'playerVirtual19','playerVirtual19_7e13f90e27',4,'2018-02-17 01:51:34',NULL,0),(514,'playerVirtual19','playerVirtual19_4246147567',0,'2018-02-17 01:51:34',NULL,0),(515,'playerVirtual17','playerVirtual17_5792765',0,'2018-02-17 01:52:42',NULL,0),(516,'playerVirtual17','playerVirtual17_5792765',0,'2018-02-17 01:52:42',NULL,0),(517,'playerVirtual17','playerVirtual17_d3babc0bca',3,'2018-02-17 01:53:42',NULL,0),(518,'playerVirtual11','playerVirtual11_4246147567',0,'2018-02-17 01:53:43',NULL,0),(519,'playerVirtual11','playerVirtual11_b9157d5165',3,'2018-02-17 01:53:43',NULL,0),(520,'playerVirtual11','playerVirtual11_4246147567',0,'2018-02-17 01:53:44',NULL,0),(521,'playerVirtual14','playerVirtual14_e31218aa34',3,'2018-02-17 01:54:21',NULL,0),(522,'playerVirtual16','playerVirtual16_4246147567',0,'2018-02-17 01:54:55',NULL,0),(523,'playerVirtual16','playerVirtual16_b2a035fd04',4,'2018-02-17 01:54:55',NULL,0),(524,'playerVirtual16','playerVirtual16_4246147567',0,'2018-02-17 01:54:55',NULL,0),(525,'playerVirtual8','playerVirtual8_0b232372c6',3,'2018-02-17 01:55:00',NULL,0),(526,'playerVirtual13','playerVirtual13_4246147567',1,'2018-02-17 01:58:24',NULL,0),(527,'playerVirtual13','playerVirtual13_28c98e9551',3,'2018-02-17 01:58:24',NULL,0),(528,'playerVirtual13','playerVirtual13_4246147567',1,'2018-02-17 01:58:24',NULL,0),(529,'playerVirtual19','playerVirtual19_eee45b4339',3,'2018-02-17 01:58:55',NULL,0),(530,'playerVirtual6','playerVirtual6_4246147567',0,'2018-02-17 02:00:02',NULL,0),(531,'playerVirtual6','playerVirtual6_e50c18f1cd',3,'2018-02-17 02:00:02',NULL,0),(532,'playerVirtual6','playerVirtual6_4246147567',0,'2018-02-17 02:00:02',NULL,0),(533,'playerVirtual2','playerVirtual2_4246147567',0,'2018-02-17 02:05:38',NULL,0),(534,'playerVirtual2','playerVirtual2_c33fd6b212',4,'2018-02-17 02:05:38',NULL,0),(535,'playerVirtual2','playerVirtual2_4246147567',0,'2018-02-17 02:05:38',NULL,0),(536,'playerVirtual8','playerVirtual8_1a1067c1d3',4,'2018-02-17 02:06:01',NULL,0),(537,'playerVirtual16','playerVirtual16_2674f3aa43',3,'2018-02-17 02:06:06',NULL,0),(538,'playerVirtual18','playerVirtual18_4246147567',0,'2018-02-17 02:06:08',NULL,0),(539,'playerVirtual18','playerVirtual18_417165c1b8',3,'2018-02-17 02:06:09',NULL,0),(540,'playerVirtual18','playerVirtual18_4246147567',0,'2018-02-17 02:06:09',NULL,0),(541,'playerVirtual15','playerVirtual15_1438244924',0,'2018-02-17 02:07:08',NULL,0),(542,'playerVirtual15','playerVirtual15_1438244924',0,'2018-02-17 02:07:09',NULL,0),(543,'playerVirtual15','playerVirtual15_c2f2c0e3a1',4,'2018-02-17 02:08:09',NULL,0),(544,'playerVirtual6','playerVirtual6_28f22f60d1',4,'2018-02-17 02:09:04',NULL,0),(545,'playerVirtual1','playerVirtual1_990694203',1,'2018-02-17 02:09:27',NULL,0),(546,'playerVirtual1','playerVirtual1_f8fd32c5c5',4,'2018-02-17 02:09:28',NULL,0),(547,'playerVirtual1','playerVirtual1_990694203',1,'2018-02-17 02:09:28',NULL,0),(548,'playerVirtual11','playerVirtual11_4246147567',1,'2018-02-17 02:10:53',NULL,0),(549,'playerVirtual11','playerVirtual11_ef2a139084',4,'2018-02-17 02:10:53',NULL,0),(550,'playerVirtual11','playerVirtual11_4246147567',1,'2018-02-17 02:10:53',NULL,0),(551,'playerVirtual14','playerVirtual14_4246147567',0,'2018-02-17 02:15:02',NULL,0),(552,'playerVirtual14','playerVirtual14_23e416cea2',4,'2018-02-17 02:15:03',NULL,0),(553,'playerVirtual14','playerVirtual14_4246147567',0,'2018-02-17 02:15:03',NULL,0),(554,'playerVirtual15','playerVirtual15_2378747961',0,'2018-02-17 02:16:46',NULL,0),(555,'playerVirtual15','playerVirtual15_db113be8b2',3,'2018-02-17 02:16:46',NULL,0),(556,'playerVirtual15','playerVirtual15_2378747961',0,'2018-02-17 02:16:47',NULL,0),(557,'playerVirtual13','playerVirtual13_4246147567',0,'2018-02-17 02:17:37',NULL,0),(558,'playerVirtual13','playerVirtual13_ac31807a50',4,'2018-02-17 02:17:37',NULL,0),(559,'playerVirtual13','playerVirtual13_4246147567',0,'2018-02-17 02:17:38',NULL,0),(560,'playerVirtual17','playerVirtual17_4246147567',0,'2018-02-17 02:18:51',NULL,0),(561,'playerVirtual17','playerVirtual17_e2bfdc1f94',4,'2018-02-17 02:18:52',NULL,0),(562,'playerVirtual17','playerVirtual17_4246147567',0,'2018-02-17 02:18:53',NULL,0),(563,'playerVirtual2','playerVirtual2_4246147567',1,'2018-02-17 02:19:47',NULL,0),(564,'playerVirtual2','playerVirtual2_06daffc901',3,'2018-02-17 02:19:48',NULL,0),(565,'playerVirtual2','playerVirtual2_4246147567',1,'2018-02-17 02:19:48',NULL,0),(566,'playerVirtual18','playerVirtual18_ed9b5315d1',4,'2018-02-17 02:21:11',NULL,0),(567,'playerVirtual11','playerVirtual11_5792765',1,'2018-02-17 02:25:31',NULL,0),(568,'playerVirtual11','playerVirtual11_aa8f8be501',3,'2018-02-17 02:25:31',NULL,0),(569,'playerVirtual11','playerVirtual11_5792765',1,'2018-02-17 02:25:32',NULL,0),(570,'playerVirtual19','playerVirtual19_4246147567',0,'2018-02-17 02:26:13',NULL,0),(571,'playerVirtual19','playerVirtual19_a58645f1f8',4,'2018-02-17 02:26:13',NULL,0),(572,'playerVirtual19','playerVirtual19_4246147567',0,'2018-02-17 02:26:13',NULL,0),(573,'playerVirtual1','playerVirtual1_4246147567',0,'2018-02-17 02:26:46',NULL,0),(574,'playerVirtual1','playerVirtual1_b25f43216f',3,'2018-02-17 02:26:47',NULL,0),(575,'playerVirtual1','playerVirtual1_4246147567',0,'2018-02-17 02:26:49',NULL,0),(576,'playerVirtual17','playerVirtual17_49308243b8',3,'2018-02-17 02:27:00',NULL,0),(577,'playerVirtual14','playerVirtual14_4246147567',1,'2018-02-17 02:28:17',NULL,0),(578,'playerVirtual14','playerVirtual14_1754223d06',3,'2018-02-17 02:28:17',NULL,0),(579,'playerVirtual14','playerVirtual14_4246147567',1,'2018-02-17 02:28:17',NULL,0),(580,'playerVirtual8','playerVirtual8_6a5d994cd9',3,'2018-02-17 02:29:12',NULL,0),(581,'playerVirtual16','playerVirtual16_4246147567',0,'2018-02-17 02:30:01',NULL,0),(582,'playerVirtual16','playerVirtual16_d86cbf975e',4,'2018-02-17 02:30:01',NULL,0),(583,'playerVirtual16','playerVirtual16_4246147567',0,'2018-02-17 02:30:01',NULL,0),(584,'playerVirtual6','playerVirtual6_8cfa0b461e',3,'2018-02-17 02:31:25',NULL,0),(585,'playerVirtual13','playerVirtual13_4246147567',1,'2018-02-17 02:32:49',NULL,0),(586,'playerVirtual13','playerVirtual13_e9651d88a3',3,'2018-02-17 02:32:49',NULL,0),(587,'playerVirtual13','playerVirtual13_4246147567',1,'2018-02-17 02:32:49',NULL,0),(588,'playerVirtual19','playerVirtual19_716c6e7477',3,'2018-02-17 02:33:34',NULL,0),(589,'playerVirtual16','playerVirtual16_70bbc9160f',3,'2018-02-17 02:41:12',NULL,0),(590,'playerVirtual2','playerVirtual2_4820318661',1,'2018-02-17 02:41:35',NULL,0),(591,'playerVirtual2','playerVirtual2_9f5eb8ab8f',4,'2018-02-17 02:41:35',NULL,0),(592,'playerVirtual2','playerVirtual2_4820318661',1,'2018-02-17 02:41:35',NULL,0),(593,'playerVirtual18','playerVirtual18_47004b77f3',3,'2018-02-17 02:42:26',NULL,0),(594,'playerVirtual8','playerVirtual8_16917741',0,'2018-02-17 02:43:19',NULL,0),(595,'playerVirtual8','playerVirtual8_16917741',0,'2018-02-17 02:43:20',NULL,0),(596,'playerVirtual15','playerVirtual15_4820318661',0,'2018-02-17 02:44:07',NULL,0),(597,'playerVirtual15','playerVirtual15_4820318661',0,'2018-02-17 02:44:07',NULL,0),(598,'playerVirtual8','playerVirtual8_89f60ce10d',4,'2018-02-17 02:44:19',NULL,0),(599,'playerVirtual1','playerVirtual1_4246147567',1,'2018-02-17 02:44:47',NULL,0),(600,'playerVirtual1','playerVirtual1_4561e69ef4',4,'2018-02-17 02:44:47',NULL,0),(601,'playerVirtual1','playerVirtual1_4246147567',1,'2018-02-17 02:44:47',NULL,0),(602,'playerVirtual15','playerVirtual15_c9e5af091d',4,'2018-02-17 02:45:07',NULL,0),(603,'playerVirtual6','playerVirtual6_4246147567',0,'2018-02-17 02:46:27',NULL,0),(604,'playerVirtual6','playerVirtual6_a7b0e58612',4,'2018-02-17 02:46:28',NULL,0),(605,'playerVirtual6','playerVirtual6_4246147567',0,'2018-02-17 02:46:28',NULL,0),(606,'playerVirtual11','playerVirtual11_2148750930',0,'2018-02-17 02:47:36',NULL,0),(607,'playerVirtual11','playerVirtual11_2148750930',0,'2018-02-17 02:47:36',NULL,0),(608,'playerVirtual11','playerVirtual11_f7a9aa4fd9',4,'2018-02-17 02:48:36',NULL,0),(609,'playerVirtual14','playerVirtual14_6370662053',0,'2018-02-17 02:52:20',NULL,0),(610,'playerVirtual14','playerVirtual14_6370662053',0,'2018-02-17 02:52:21',NULL,0),(611,'playerVirtual14','playerVirtual14_d4163c28b2',4,'2018-02-17 02:53:21',NULL,0),(612,'playerVirtual13','playerVirtual13_4246147567',0,'2018-02-17 02:55:13',NULL,0),(613,'playerVirtual13','playerVirtual13_ea4c60b833',4,'2018-02-17 02:55:13',NULL,0),(614,'playerVirtual13','playerVirtual13_4246147567',0,'2018-02-17 02:55:13',NULL,0),(615,'playerVirtual17','playerVirtual17_5fc91d8cac',4,'2018-02-17 02:55:48',NULL,0),(616,'playerVirtual15','playerVirtual15_4246147567',0,'2018-02-17 02:56:28',NULL,0),(617,'playerVirtual15','playerVirtual15_31fd1903d0',3,'2018-02-17 02:56:28',NULL,0),(618,'playerVirtual15','playerVirtual15_4246147567',0,'2018-02-17 02:56:29',NULL,0),(619,'playerVirtual18','playerVirtual18_4246147567',1,'2018-02-17 02:57:27',NULL,0),(620,'playerVirtual18','playerVirtual18_dd8ee8faf9',4,'2018-02-17 02:57:27',NULL,0),(621,'playerVirtual18','playerVirtual18_4246147567',1,'2018-02-17 02:57:27',NULL,0),(622,'playerVirtual2','playerVirtual2_4246147567',0,'2018-02-17 02:58:17',NULL,0),(623,'playerVirtual2','playerVirtual2_dc25a33c64',3,'2018-02-17 02:58:17',NULL,0),(624,'playerVirtual2','playerVirtual2_4246147567',0,'2018-02-17 02:58:17',NULL,0),(625,'playerVirtual1','playerVirtual1_794070039',1,'2018-02-17 03:03:02',NULL,0),(626,'playerVirtual1','playerVirtual1_84bab20178',3,'2018-02-17 03:03:02',NULL,0),(627,'playerVirtual1','playerVirtual1_794070039',1,'2018-02-17 03:03:03',NULL,0),(628,'playerVirtual17','playerVirtual17_81766a9f92',3,'2018-02-17 03:03:56',NULL,0),(629,'playerVirtual19','playerVirtual19_4246147567',0,'2018-02-17 03:04:02',NULL,0),(630,'playerVirtual19','playerVirtual19_74853a38f9',4,'2018-02-17 03:04:02',NULL,0),(631,'playerVirtual19','playerVirtual19_4246147567',0,'2018-02-17 03:04:02',NULL,0),(632,'playerVirtual11','playerVirtual11_539194189',0,'2018-02-17 03:05:24',NULL,0),(633,'playerVirtual11','playerVirtual11_539194189',0,'2018-02-17 03:05:24',NULL,0),(634,'playerVirtual11','playerVirtual11_22a03f69ee',3,'2018-02-17 03:06:24',NULL,0),(635,'playerVirtual16','playerVirtual16_92827b270d',4,'2018-02-17 03:08:18',NULL,0),(636,'playerVirtual14','playerVirtual14_4246147567',0,'2018-02-17 03:08:24',NULL,0),(637,'playerVirtual14','playerVirtual14_b3845d9e12',3,'2018-02-17 03:08:24',NULL,0),(638,'playerVirtual14','playerVirtual14_4246147567',0,'2018-02-17 03:08:25',NULL,0),(639,'playerVirtual8','playerVirtual8_794070039',0,'2018-02-17 03:08:45',NULL,0),(640,'playerVirtual8','playerVirtual8_794070039',0,'2018-02-17 03:08:45',NULL,0),(641,'playerVirtual6','playerVirtual6_2669b0620c',3,'2018-02-17 03:08:48',NULL,0),(642,'playerVirtual8','playerVirtual8_d54c5871be',3,'2018-02-17 03:09:45',NULL,0),(643,'playerVirtual13','playerVirtual13_4246147567',1,'2018-02-17 03:10:24',NULL,0),(644,'playerVirtual13','playerVirtual13_bfd4fd94c9',3,'2018-02-17 03:10:25',NULL,0),(645,'playerVirtual13','playerVirtual13_4246147567',1,'2018-02-17 03:10:25',NULL,0),(646,'playerVirtual19','playerVirtual19_040100e425',3,'2018-02-17 03:11:23',NULL,0),(647,'playerVirtual16','playerVirtual16_243c4af8a6',3,'2018-02-17 03:19:29',NULL,0),(648,'playerVirtual2','playerVirtual2_4246147567',1,'2018-02-17 03:20:04',NULL,0),(649,'playerVirtual2','playerVirtual2_fc2299f5a8',4,'2018-02-17 03:20:04',NULL,0),(650,'playerVirtual2','playerVirtual2_4246147567',1,'2018-02-17 03:20:04',NULL,0),(651,'playerVirtual18','playerVirtual18_5297461910',0,'2018-02-17 03:22:08',NULL,0),(652,'playerVirtual18','playerVirtual18_5297461910',0,'2018-02-17 03:22:08',NULL,0),(653,'playerVirtual18','playerVirtual18_104d8fe7a8',3,'2018-02-17 03:23:08',NULL,0),(654,'playerVirtual15','playerVirtual15_4246147567',1,'2018-02-17 03:23:48',NULL,0),(655,'playerVirtual15','playerVirtual15_e1916e362e',4,'2018-02-17 03:23:49',NULL,0),(656,'playerVirtual15','playerVirtual15_4246147567',1,'2018-02-17 03:23:49',NULL,0),(657,'playerVirtual1','playerVirtual1_990694203',0,'2018-02-17 03:24:38',NULL,0),(658,'playerVirtual1','playerVirtual1_e642da6eeb',4,'2018-02-17 03:24:38',NULL,0),(659,'playerVirtual1','playerVirtual1_990694203',0,'2018-02-17 03:24:38',NULL,0),(660,'playerVirtual8','playerVirtual8_de5a1f7180',4,'2018-02-17 03:26:30',NULL,0),(661,'playerVirtual6','playerVirtual6_4246147567',0,'2018-02-17 03:27:23',NULL,0),(662,'playerVirtual6','playerVirtual6_a491129d07',4,'2018-02-17 03:27:23',NULL,0),(663,'playerVirtual6','playerVirtual6_4246147567',0,'2018-02-17 03:27:23',NULL,0),(664,'playerVirtual11','playerVirtual11_4246147567',0,'2018-02-17 03:30:17',NULL,0),(665,'playerVirtual11','playerVirtual11_e27f8b2ab7',4,'2018-02-17 03:30:18',NULL,0),(666,'playerVirtual11','playerVirtual11_4246147567',0,'2018-02-17 03:30:18',NULL,0),(667,'playerVirtual14','playerVirtual14_4246147567',1,'2018-02-17 03:32:27',NULL,0),(668,'playerVirtual14','playerVirtual14_023a003cf2',4,'2018-02-17 03:32:28',NULL,0),(669,'playerVirtual14','playerVirtual14_4246147567',1,'2018-02-17 03:32:28',NULL,0),(670,'playerVirtual17','playerVirtual17_8cc84ed98e',4,'2018-02-17 03:35:49',NULL,0),(671,'playerVirtual13','playerVirtual13_4246147567',0,'2018-02-17 03:36:34',NULL,0),(672,'playerVirtual13','playerVirtual13_25d887bb29',4,'2018-02-17 03:36:34',NULL,0),(673,'playerVirtual13','playerVirtual13_4246147567',0,'2018-02-17 03:36:35',NULL,0),(674,'playerVirtual18','playerVirtual18_b577cfcb1c',4,'2018-02-17 03:38:35',NULL,0),(675,'playerVirtual15','playerVirtual15_4246147567',0,'2018-02-17 03:38:59',NULL,0),(676,'playerVirtual15','playerVirtual15_05b39564d1',3,'2018-02-17 03:38:59',NULL,0),(677,'playerVirtual15','playerVirtual15_4246147567',0,'2018-02-17 03:39:00',NULL,0),(678,'playerVirtual2','playerVirtual2_4246147567',0,'2018-02-17 03:40:35',NULL,0),(679,'playerVirtual2','playerVirtual2_af117b5a50',3,'2018-02-17 03:40:35',NULL,0),(680,'playerVirtual2','playerVirtual2_4246147567',0,'2018-02-17 03:40:35',NULL,0),(681,'playerVirtual1','playerVirtual1_990694203',1,'2018-02-17 03:42:53',NULL,0),(682,'playerVirtual1','playerVirtual1_7ac41134a7',3,'2018-02-17 03:42:53',NULL,0),(683,'playerVirtual1','playerVirtual1_990694203',1,'2018-02-17 03:42:54',NULL,0),(684,'playerVirtual17','playerVirtual17_f11cbe1727',3,'2018-02-17 03:43:57',NULL,0),(685,'playerVirtual19','playerVirtual19_4246147567',0,'2018-02-17 03:45:37',NULL,0),(686,'playerVirtual19','playerVirtual19_933f21f861',4,'2018-02-17 03:45:37',NULL,0),(687,'playerVirtual19','playerVirtual19_4246147567',0,'2018-02-17 03:45:37',NULL,0),(688,'playerVirtual11','playerVirtual11_4246147567',1,'2018-02-17 03:47:05',NULL,0),(689,'playerVirtual11','playerVirtual11_b23da656fc',3,'2018-02-17 03:47:05',NULL,0),(690,'playerVirtual11','playerVirtual11_4246147567',1,'2018-02-17 03:47:05',NULL,0),(691,'playerVirtual6','playerVirtual6_c9dcb98de9',3,'2018-02-17 03:49:43',NULL,0),(692,'playerVirtual16','playerVirtual16_359920779',0,'2018-02-17 03:50:26',NULL,0),(693,'playerVirtual16','playerVirtual16_359920779',0,'2018-02-17 03:50:26',NULL,0),(694,'playerVirtual8','playerVirtual8_70f52e949e',3,'2018-02-17 03:50:53',NULL,0),(695,'playerVirtual14','playerVirtual14_6390664602',0,'2018-02-17 03:50:58',NULL,0),(696,'playerVirtual14','playerVirtual14_6390664602',0,'2018-02-17 03:50:58',NULL,0),(697,'playerVirtual16','playerVirtual16_405bf00e4b',4,'2018-02-17 03:51:26',NULL,0),(698,'playerVirtual13','playerVirtual13_4246147567',1,'2018-02-17 03:51:46',NULL,0),(699,'playerVirtual13','playerVirtual13_cc48fe67b0',3,'2018-02-17 03:51:46',NULL,0),(700,'playerVirtual13','playerVirtual13_4246147567',1,'2018-02-17 03:51:46',NULL,0),(701,'playerVirtual14','playerVirtual14_d1cdc404c7',3,'2018-02-17 03:51:58',NULL,0),(702,'playerVirtual19','playerVirtual19_46f5b07074',3,'2018-02-17 03:52:58',NULL,0),(703,'playerVirtual2','playerVirtual2_4246147567',1,'2018-02-17 04:02:22',NULL,0),(704,'playerVirtual2','playerVirtual2_126ab73196',4,'2018-02-17 04:02:23',NULL,0),(705,'playerVirtual2','playerVirtual2_4246147567',1,'2018-02-17 04:02:23',NULL,0),(706,'playerVirtual16','playerVirtual16_6289704471',0,'2018-02-17 04:04:26',NULL,0),(707,'playerVirtual16','playerVirtual16_6289704471',0,'2018-02-17 04:04:27',NULL,0),(708,'playerVirtual16','playerVirtual16_c777f92c09',3,'2018-02-17 04:05:27',NULL,0),(709,'playerVirtual18','playerVirtual18_6391293459',0,'2018-02-17 04:05:53',NULL,0),(710,'playerVirtual18','playerVirtual18_6391293459',0,'2018-02-17 04:05:53',NULL,0),(711,'playerVirtual15','playerVirtual15_4246147567',1,'2018-02-17 04:06:20',NULL,0),(712,'playerVirtual15','playerVirtual15_cd3068f2e7',4,'2018-02-17 04:06:20',NULL,0),(713,'playerVirtual15','playerVirtual15_4246147567',1,'2018-02-17 04:06:21',NULL,0),(714,'playerVirtual1','playerVirtual1_359920779',1,'2018-02-17 04:06:29',NULL,0),(715,'playerVirtual1','playerVirtual1_f58eb2254a',4,'2018-02-17 04:06:29',NULL,0),(716,'playerVirtual1','playerVirtual1_359920779',1,'2018-02-17 04:06:29',NULL,0),(717,'playerVirtual18','playerVirtual18_618614b68b',3,'2018-02-17 04:06:53',NULL,0),(718,'playerVirtual8','playerVirtual8_6a45499a76',4,'2018-02-17 04:10:18',NULL,0),(719,'playerVirtual6','playerVirtual6_4246147567',0,'2018-02-17 04:10:59',NULL,0),(720,'playerVirtual6','playerVirtual6_50147ac48d',4,'2018-02-17 04:10:59',NULL,0),(721,'playerVirtual6','playerVirtual6_4246147567',0,'2018-02-17 04:10:59',NULL,0),(722,'playerVirtual11','playerVirtual11_4246147567',0,'2018-02-17 04:13:25',NULL,0),(723,'playerVirtual11','playerVirtual11_8419614f35',4,'2018-02-17 04:13:25',NULL,0),(724,'playerVirtual11','playerVirtual11_4246147567',0,'2018-02-17 04:13:26',NULL,0),(725,'playerVirtual14','playerVirtual14_4246147567',0,'2018-02-17 04:17:32',NULL,0),(726,'playerVirtual14','playerVirtual14_323ec7d18f',4,'2018-02-17 04:17:32',NULL,0),(727,'playerVirtual14','playerVirtual14_4246147567',0,'2018-02-17 04:17:32',NULL,0),(728,'playerVirtual17','playerVirtual17_4edc6f4f20',4,'2018-02-17 04:18:45',NULL,0),(729,'playerVirtual13','playerVirtual13_4820318661',0,'2018-02-17 04:20:31',NULL,0),(730,'playerVirtual13','playerVirtual13_4820318661',0,'2018-02-17 04:20:32',NULL,0),(731,'playerVirtual13','playerVirtual13_a3383122e2',4,'2018-02-17 04:21:32',NULL,0),(732,'playerVirtual15','playerVirtual15_71a280075f',3,'2018-02-17 04:22:55',NULL,0),(733,'playerVirtual18','playerVirtual18_1438244924',0,'2018-02-17 04:24:54',NULL,0),(734,'playerVirtual18','playerVirtual18_1438244924',0,'2018-02-17 04:24:54',NULL,0),(735,'playerVirtual2','playerVirtual2_6401302061',0,'2018-02-17 04:25:28',NULL,0),(736,'playerVirtual2','playerVirtual2_6401302061',0,'2018-02-17 04:25:28',NULL,0),(737,'playerVirtual18','playerVirtual18_51d4470ef3',4,'2018-02-17 04:25:54',NULL,0),(738,'playerVirtual2','playerVirtual2_56583ed071',3,'2018-02-17 04:26:28',NULL,0),(739,'playerVirtual17','playerVirtual17_6a105c16fa',3,'2018-02-17 04:26:53',NULL,0),(740,'playerVirtual1','playerVirtual1_4246147567',0,'2018-02-17 04:28:03',NULL,0),(741,'playerVirtual1','playerVirtual1_c1f7f6f36c',3,'2018-02-17 04:28:03',NULL,0),(742,'playerVirtual1','playerVirtual1_4246147567',0,'2018-02-17 04:28:03',NULL,0),(743,'playerVirtual19','playerVirtual19_4246147567',0,'2018-02-17 04:30:05',NULL,0),(744,'playerVirtual19','playerVirtual19_a9758942e8',4,'2018-02-17 04:30:05',NULL,0),(745,'playerVirtual19','playerVirtual19_4246147567',0,'2018-02-17 04:30:05',NULL,0),(746,'playerVirtual11','playerVirtual11_4246147567',1,'2018-02-17 04:30:13',NULL,0),(747,'playerVirtual11','playerVirtual11_b530cd80b1',3,'2018-02-17 04:30:13',NULL,0),(748,'playerVirtual11','playerVirtual11_4246147567',1,'2018-02-17 04:30:13',NULL,0),(749,'playerVirtual6','playerVirtual6_90074c4b7f',3,'2018-02-17 04:33:19',NULL,0),(750,'playerVirtual8','playerVirtual8_a4da363d8f',3,'2018-02-17 04:34:43',NULL,0),(751,'playerVirtual14','playerVirtual14_416f69a997',3,'2018-02-17 04:36:02',NULL,0),(752,'playerVirtual16','playerVirtual16_b630177118',4,'2018-02-17 04:37:22',NULL,0),(753,'playerVirtual19','playerVirtual19_72ca300530',3,'2018-02-17 04:37:26',NULL,0),(754,'playerVirtual13','playerVirtual13_640692267',0,'2018-02-17 04:38:15',NULL,0),(755,'playerVirtual13','playerVirtual13_640692267',0,'2018-02-17 04:38:15',NULL,0),(756,'playerVirtual13','playerVirtual13_825f3ba92f',3,'2018-02-17 04:39:15',NULL,0),(757,'playerVirtual2','playerVirtual2_4246147567',0,'2018-02-17 04:49:49',NULL,0),(758,'playerVirtual2','playerVirtual2_c0c84c01dd',4,'2018-02-17 04:49:49',NULL,0),(759,'playerVirtual2','playerVirtual2_4246147567',0,'2018-02-17 04:49:49',NULL,0),(760,'playerVirtual16','playerVirtual16_aa0e7d9808',3,'2018-02-17 04:50:22',NULL,0),(761,'playerVirtual15','playerVirtual15_1438244924',1,'2018-02-17 04:51:19',NULL,0),(762,'playerVirtual15','playerVirtual15_46e6d740c1',4,'2018-02-17 04:51:20',NULL,0),(763,'playerVirtual15','playerVirtual15_1438244924',1,'2018-02-17 04:51:20',NULL,0),(764,'playerVirtual1','playerVirtual1_4246147567',1,'2018-02-17 04:51:39',NULL,0),(765,'playerVirtual1','playerVirtual1_94a187b454',4,'2018-02-17 04:51:39',NULL,0),(766,'playerVirtual1','playerVirtual1_4246147567',1,'2018-02-17 04:51:43',NULL,0),(767,'playerVirtual18','playerVirtual18_4246147567',0,'2018-02-17 04:54:07',NULL,0),(768,'playerVirtual18','playerVirtual18_1ef47b8914',3,'2018-02-17 04:54:07',NULL,0),(769,'playerVirtual18','playerVirtual18_4246147567',0,'2018-02-17 04:54:07',NULL,0),(770,'playerVirtual8','playerVirtual8_16917741',1,'2018-02-17 04:56:04',NULL,0),(771,'playerVirtual8','playerVirtual8_9b97144388',4,'2018-02-17 04:56:04',NULL,0),(772,'playerVirtual8','playerVirtual8_16917741',1,'2018-02-17 04:56:04',NULL,0),(773,'playerVirtual6','playerVirtual6_4246147567',0,'2018-02-17 04:57:40',NULL,0),(774,'playerVirtual6','playerVirtual6_9c5bc55265',4,'2018-02-17 04:57:40',NULL,0),(775,'playerVirtual6','playerVirtual6_4246147567',0,'2018-02-17 04:57:40',NULL,0),(776,'playerVirtual11','playerVirtual11_539194189',1,'2018-02-17 04:59:45',NULL,0),(777,'playerVirtual11','playerVirtual11_5cdc5385de',4,'2018-02-17 04:59:45',NULL,0),(778,'playerVirtual11','playerVirtual11_539194189',1,'2018-02-17 04:59:46',NULL,0),(779,'playerVirtual14','playerVirtual14_1095593',0,'2018-02-17 05:04:23',NULL,0),(780,'playerVirtual14','playerVirtual14_1095593',0,'2018-02-17 05:04:23',NULL,0),(781,'playerVirtual17','playerVirtual17_990694203',0,'2018-02-17 05:05:23',NULL,0),(782,'playerVirtual14','playerVirtual14_8cedbac7e8',4,'2018-02-17 05:05:26',NULL,0),(783,'playerVirtual17','playerVirtual17_990694203',0,'2018-02-17 05:05:26',NULL,0),(784,'playerVirtual17','playerVirtual17_4b669acee2',4,'2018-02-17 05:06:20',NULL,0),(785,'playerVirtual13','playerVirtual13_4246147567',0,'2018-02-17 05:09:41',NULL,0),(786,'playerVirtual13','playerVirtual13_7a0916601c',4,'2018-02-17 05:09:41',NULL,0),(787,'playerVirtual13','playerVirtual13_4246147567',0,'2018-02-17 05:09:41',NULL,0),(788,'playerVirtual15','playerVirtual15_4246147567',0,'2018-02-17 05:10:43',NULL,0),(789,'playerVirtual15','playerVirtual15_a220e746c3',3,'2018-02-17 05:10:43',NULL,0),(790,'playerVirtual15','playerVirtual15_4246147567',0,'2018-02-17 05:10:44',NULL,0),(791,'playerVirtual18','playerVirtual18_4246147567',1,'2018-02-17 05:12:08',NULL,0),(792,'playerVirtual18','playerVirtual18_00c9200bdb',4,'2018-02-17 05:12:08',NULL,0),(793,'playerVirtual18','playerVirtual18_4246147567',1,'2018-02-17 05:12:09',NULL,0),(794,'playerVirtual2','playerVirtual2_4246147567',1,'2018-02-17 05:12:54',NULL,0),(795,'playerVirtual2','playerVirtual2_17f5fd42ab',3,'2018-02-17 05:12:54',NULL,0),(796,'playerVirtual2','playerVirtual2_4246147567',1,'2018-02-17 05:12:55',NULL,0),(797,'playerVirtual17','playerVirtual17_990694203',1,'2018-02-17 05:14:28',NULL,0),(798,'playerVirtual17','playerVirtual17_de3424094a',3,'2018-02-17 05:14:29',NULL,0),(799,'playerVirtual17','playerVirtual17_990694203',1,'2018-02-17 05:14:29',NULL,0),(800,'playerVirtual19','playerVirtual19_2359368952',1,'2018-02-17 05:15:31',NULL,0),(801,'playerVirtual19','playerVirtual19_678a78cdde',4,'2018-02-17 05:15:31',NULL,0),(802,'playerVirtual19','playerVirtual19_2359368952',1,'2018-02-17 05:15:31',NULL,0),(803,'playerVirtual1','playerVirtual1_4246147567',0,'2018-02-17 05:16:03',NULL,0),(804,'playerVirtual1','playerVirtual1_86d197b0b5',3,'2018-02-17 05:16:03',NULL,0),(805,'playerVirtual1','playerVirtual1_4246147567',0,'2018-02-17 05:16:03',NULL,0),(806,'playerVirtual11','playerVirtual11_4246147567',0,'2018-02-17 05:18:53',NULL,0),(807,'playerVirtual11','playerVirtual11_f6357f795e',3,'2018-02-17 05:18:53',NULL,0),(808,'playerVirtual11','playerVirtual11_4246147567',0,'2018-02-17 05:18:53',NULL,0),(809,'playerVirtual6','playerVirtual6_06abf71bfa',3,'2018-02-17 05:20:00',NULL,0),(810,'playerVirtual8','playerVirtual8_6280643141',0,'2018-02-17 05:23:01',NULL,0),(811,'playerVirtual8','playerVirtual8_6280643141',0,'2018-02-17 05:23:02',NULL,0),(812,'playerVirtual16','playerVirtual16_6289704471',1,'2018-02-17 05:23:32',NULL,0),(813,'playerVirtual16','playerVirtual16_dde00b365f',4,'2018-02-17 05:23:32',NULL,0),(814,'playerVirtual16','playerVirtual16_6289704471',1,'2018-02-17 05:23:33',NULL,0),(815,'playerVirtual8','playerVirtual8_f1017526fb',3,'2018-02-17 05:24:01',NULL,0),(816,'playerVirtual14','playerVirtual14_1095593',1,'2018-02-17 05:26:04',NULL,0),(817,'playerVirtual14','playerVirtual14_0b4790f1bf',3,'2018-02-17 05:26:05',NULL,0),(818,'playerVirtual14','playerVirtual14_1095593',1,'2018-02-17 05:26:05',NULL,0),(819,'playerVirtual13','playerVirtual13_4246147567',1,'2018-02-17 05:26:27',NULL,0),(820,'playerVirtual13','playerVirtual13_a25ba84e8b',3,'2018-02-17 05:26:27',NULL,0),(821,'playerVirtual13','playerVirtual13_4246147567',1,'2018-02-17 05:26:30',NULL,0),(822,'playerVirtual19','playerVirtual19_6415979192',0,'2018-02-17 05:26:56',NULL,0),(823,'playerVirtual19','playerVirtual19_6415979192',0,'2018-02-17 05:26:57',NULL,0),(824,'playerVirtual19','playerVirtual19_b2578a5da2',3,'2018-02-17 05:27:57',NULL,0),(825,'playerVirtual15','playerVirtual15_60f7e32254',4,'2018-02-17 05:39:08',NULL,0),(826,'playerVirtual2','playerVirtual2_16917741',0,'2018-02-17 05:39:15',NULL,0),(827,'playerVirtual2','playerVirtual2_16917741',0,'2018-02-17 05:39:15',NULL,0),(828,'playerVirtual1','playerVirtual1_4246147567',1,'2018-02-17 05:39:37',NULL,0),(829,'playerVirtual1','playerVirtual1_5e3441cc01',4,'2018-02-17 05:39:37',NULL,0),(830,'playerVirtual1','playerVirtual1_4246147567',1,'2018-02-17 05:39:37',NULL,0),(831,'playerVirtual2','playerVirtual2_bacf5a595d',4,'2018-02-17 05:40:15',NULL,0),(832,'playerVirtual16','playerVirtual16_0f1c50fbb3',3,'2018-02-17 05:40:21',NULL,0),(833,'playerVirtual18','playerVirtual18_4246147567',0,'2018-02-17 05:43:27',NULL,0),(834,'playerVirtual18','playerVirtual18_77b38fd491',3,'2018-02-17 05:43:27',NULL,0),(835,'playerVirtual18','playerVirtual18_4246147567',0,'2018-02-17 05:43:27',NULL,0),(836,'playerVirtual8','playerVirtual8_1186f8d676',4,'2018-02-17 05:47:17',NULL,0),(837,'playerVirtual6','playerVirtual6_4246147567',0,'2018-02-17 05:47:29',NULL,0),(838,'playerVirtual6','playerVirtual6_2231d956a5',4,'2018-02-17 05:47:30',NULL,0),(839,'playerVirtual6','playerVirtual6_4246147567',0,'2018-02-17 05:47:32',NULL,0),(840,'playerVirtual11','playerVirtual11_4246147567',1,'2018-02-17 05:48:25',NULL,0),(841,'playerVirtual11','playerVirtual11_363fbb62e2',4,'2018-02-17 05:48:25',NULL,0),(842,'playerVirtual11','playerVirtual11_4246147567',1,'2018-02-17 05:48:26',NULL,0),(843,'playerVirtual14','playerVirtual14_1093460',0,'2018-02-17 05:55:45',NULL,0),(844,'playerVirtual14','playerVirtual14_1093460',0,'2018-02-17 05:55:45',NULL,0),(845,'playerVirtual17','playerVirtual17_6415978528',0,'2018-02-17 05:55:53',NULL,0),(846,'playerVirtual17','playerVirtual17_6415978528',0,'2018-02-17 05:55:56',NULL,0),(847,'playerVirtual14','playerVirtual14_55f7eef816',4,'2018-02-17 05:56:45',NULL,0),(848,'playerVirtual17','playerVirtual17_2fc88e729f',4,'2018-02-17 05:56:50',NULL,0),(849,'playerVirtual13','playerVirtual13_4246147567',0,'2018-02-17 06:00:09',NULL,0),(850,'playerVirtual13','playerVirtual13_3debf27f10',4,'2018-02-17 06:00:09',NULL,0),(851,'playerVirtual13','playerVirtual13_4246147567',0,'2018-02-17 06:00:09',NULL,0),(852,'playerVirtual18','playerVirtual18_715be9775e',4,'2018-02-17 06:01:28',NULL,0),(853,'playerVirtual15','playerVirtual15_4246147567',0,'2018-02-17 06:01:37',NULL,0),(854,'playerVirtual15','playerVirtual15_b68cc0eb82',3,'2018-02-17 06:01:37',NULL,0),(855,'playerVirtual15','playerVirtual15_4246147567',0,'2018-02-17 06:01:38',NULL,0),(856,'playerVirtual2','playerVirtual2_331141765',0,'2018-02-17 06:05:08',NULL,0),(857,'playerVirtual2','playerVirtual2_331141765',0,'2018-02-17 06:05:09',NULL,0),(858,'playerVirtual2','playerVirtual2_7b634d4e1b',3,'2018-02-17 06:06:08',NULL,0),(859,'playerVirtual19','playerVirtual19_904011',0,'2018-02-17 06:06:59',NULL,0),(860,'playerVirtual19','playerVirtual19_904011',0,'2018-02-17 06:06:59',NULL,0),(861,'playerVirtual1','playerVirtual1_4246147567',0,'2018-02-17 06:07:11',NULL,0),(862,'playerVirtual1','playerVirtual1_1ca78bbb80',3,'2018-02-17 06:07:11',NULL,0),(863,'playerVirtual1','playerVirtual1_4246147567',0,'2018-02-17 06:07:11',NULL,0),(864,'playerVirtual19','playerVirtual19_f272bd6791',4,'2018-02-17 06:07:59',NULL,0),(865,'playerVirtual6','playerVirtual6_1064604ead',3,'2018-02-17 06:09:47',NULL,0),(866,'playerVirtual17','playerVirtual17_5792765',1,'2018-02-17 06:10:18',NULL,0),(867,'playerVirtual17','playerVirtual17_812128f764',3,'2018-02-17 06:10:18',NULL,0),(868,'playerVirtual17','playerVirtual17_5792765',1,'2018-02-17 06:10:18',NULL,0),(869,'playerVirtual16','playerVirtual16_7f62d87b80',4,'2018-02-17 06:13:31',NULL,0),(870,'playerVirtual11','playerVirtual11_5792765',0,'2018-02-17 06:13:42',NULL,0),(871,'playerVirtual11','playerVirtual11_1c358b754b',3,'2018-02-17 06:13:42',NULL,0),(872,'playerVirtual11','playerVirtual11_5792765',0,'2018-02-17 06:13:42',NULL,0),(873,'playerVirtual8','playerVirtual8_3efbf5de23',3,'2018-02-17 06:14:14',NULL,0),(874,'playerVirtual13','playerVirtual13_4246147567',1,'2018-02-17 06:16:52',NULL,0),(875,'playerVirtual13','playerVirtual13_0898aa763f',3,'2018-02-17 06:16:53',NULL,0),(876,'playerVirtual13','playerVirtual13_4246147567',1,'2018-02-17 06:16:53',NULL,0),(877,'playerVirtual14','playerVirtual14_908315',0,'2018-02-17 06:22:27',NULL,0),(878,'playerVirtual14','playerVirtual14_908315',0,'2018-02-17 06:22:27',NULL,0),(879,'playerVirtual14','playerVirtual14_845a665794',3,'2018-02-17 06:23:27',NULL,0),(880,'playerVirtual19','playerVirtual19_6289704471',0,'2018-02-17 06:25:33',NULL,0),(881,'playerVirtual19','playerVirtual19_6289704471',0,'2018-02-17 06:25:33',NULL,0),(882,'playerVirtual19','playerVirtual19_1a71f12467',3,'2018-02-17 06:26:33',NULL,0),(883,'playerVirtual15','playerVirtual15_eec9bbbb8d',4,'2018-02-17 06:30:02',NULL,0),(884,'playerVirtual16','playerVirtual16_90804f7686',3,'2018-02-17 06:30:44',NULL,0),(885,'playerVirtual1','playerVirtual1_4246147567',1,'2018-02-17 06:30:46',NULL,0),(886,'playerVirtual1','playerVirtual1_a5f4fef501',4,'2018-02-17 06:30:46',NULL,0),(887,'playerVirtual1','playerVirtual1_4246147567',1,'2018-02-17 06:30:46',NULL,0),(888,'playerVirtual2','playerVirtual2_990694203',0,'2018-02-17 06:37:48',NULL,0),(889,'playerVirtual2','playerVirtual2_b66530f482',4,'2018-02-17 06:37:48',NULL,0),(890,'playerVirtual2','playerVirtual2_990694203',0,'2018-02-17 06:37:48',NULL,0),(891,'playerVirtual18','playerVirtual18_c2651060c3',3,'2018-02-17 06:38:50',NULL,0),(892,'playerVirtual6','playerVirtual6_990694203',0,'2018-02-17 06:44:31',NULL,0),(893,'playerVirtual6','playerVirtual6_990694203',0,'2018-02-17 06:44:31',NULL,0),(894,'playerVirtual6','playerVirtual6_01dbee5807',4,'2018-02-17 06:45:34',NULL,0),(895,'playerVirtual8','playerVirtual8_6571218',0,'2018-02-17 06:45:58',NULL,0),(896,'playerVirtual8','playerVirtual8_6571218',0,'2018-02-17 06:45:58',NULL,0),(897,'playerVirtual11','playerVirtual11_359920779',0,'2018-02-17 06:46:21',NULL,0),(898,'playerVirtual11','playerVirtual11_359920779',0,'2018-02-17 06:46:22',NULL,0),(899,'playerVirtual8','playerVirtual8_54ca66ac8f',4,'2018-02-17 06:46:58',NULL,0),(900,'playerVirtual11','playerVirtual11_39e26dba0c',4,'2018-02-17 06:47:22',NULL,0),(901,'playerVirtual17','playerVirtual17_1438244924',0,'2018-02-17 06:54:07',NULL,0),(902,'playerVirtual17','playerVirtual17_1438244924',0,'2018-02-17 06:54:08',NULL,0),(903,'playerVirtual17','playerVirtual17_5951d5ce2d',4,'2018-02-17 06:55:08',NULL,0),(904,'playerVirtual14','playerVirtual14_640692267',0,'2018-02-17 06:57:11',NULL,0),(905,'playerVirtual14','playerVirtual14_640692267',0,'2018-02-17 06:57:11',NULL,0),(906,'playerVirtual14','playerVirtual14_154332bdc1',4,'2018-02-17 06:58:12',NULL,0),(907,'playerVirtual18','playerVirtual18_1438244924',1,'2018-02-17 06:58:44',NULL,0),(908,'playerVirtual18','playerVirtual18_5cd21fc1a6',4,'2018-02-17 06:58:45',NULL,0),(909,'playerVirtual18','playerVirtual18_1438244924',1,'2018-02-17 06:58:45',NULL,0),(910,'playerVirtual13','playerVirtual13_5297461910',0,'2018-02-17 06:59:05',NULL,0),(911,'playerVirtual13','playerVirtual13_5297461910',0,'2018-02-17 06:59:05',NULL,0),(912,'playerVirtual13','playerVirtual13_cfe4404f00',4,'2018-02-17 07:00:05',NULL,0),(913,'playerVirtual15','playerVirtual15_3539487736',0,'2018-02-17 07:02:29',NULL,0),(914,'playerVirtual15','playerVirtual15_3539487736',0,'2018-02-17 07:02:29',NULL,0),(915,'playerVirtual2','playerVirtual2_990694203',1,'2018-02-17 07:02:41',NULL,0),(916,'playerVirtual2','playerVirtual2_29f59b6f78',3,'2018-02-17 07:02:41',NULL,0),(917,'playerVirtual2','playerVirtual2_990694203',1,'2018-02-17 07:02:42',NULL,0),(918,'playerVirtual15','playerVirtual15_bc7a6aefe7',3,'2018-02-17 07:03:31',NULL,0),(919,'playerVirtual6','playerVirtual6_dfc3eac015',3,'2018-02-17 07:07:51',NULL,0),(920,'playerVirtual1','playerVirtual1_4246147567',0,'2018-02-17 07:08:08',NULL,0),(921,'playerVirtual1','playerVirtual1_c660cccb7b',3,'2018-02-17 07:08:08',NULL,0),(922,'playerVirtual16','playerVirtual16_e29979e8cd',4,'2018-02-17 07:08:53',NULL,0),(923,'playerVirtual19','playerVirtual19_6453653899',0,'2018-02-17 07:09:37',NULL,0),(924,'playerVirtual19','playerVirtual19_6453653899',0,'2018-02-17 07:09:38',NULL,0),(925,'playerVirtual19','playerVirtual19_722255639e',4,'2018-02-17 07:10:37',NULL,0),(926,'playerVirtual17','playerVirtual17_38fabac27c',3,'2018-02-17 07:13:49',NULL,0),(927,'playerVirtual11','playerVirtual11_359920779',1,'2018-02-17 07:15:23',NULL,0),(928,'playerVirtual11','playerVirtual11_adf72073e5',3,'2018-02-17 07:15:23',NULL,0),(929,'playerVirtual11','playerVirtual11_359920779',1,'2018-02-17 07:15:23',NULL,0),(930,'playerVirtual8','playerVirtual8_a8d725af55',3,'2018-02-17 07:16:51',NULL,0),(931,'playerVirtual13','playerVirtual13_640692267',1,'2018-02-17 07:17:00',NULL,0),(932,'playerVirtual13','playerVirtual13_39e67c99ec',3,'2018-02-17 07:17:00',NULL,0),(933,'playerVirtual13','playerVirtual13_640692267',1,'2018-02-17 07:17:00',NULL,0),(934,'playerVirtual14','playerVirtual14_4246147567',0,'2018-02-17 07:27:22',NULL,0),(935,'playerVirtual14','playerVirtual14_95e644d1d8',3,'2018-02-17 07:27:22',NULL,0),(936,'playerVirtual14','playerVirtual14_4246147567',0,'2018-02-17 07:27:22',NULL,0),(937,'playerVirtual16','playerVirtual16_359920779',1,'2018-02-17 07:28:33',NULL,0),(938,'playerVirtual16','playerVirtual16_f615ad3928',3,'2018-02-17 07:28:34',NULL,0),(939,'playerVirtual16','playerVirtual16_359920779',1,'2018-02-17 07:28:34',NULL,0),(940,'playerVirtual19','playerVirtual19_c390751679',3,'2018-02-17 07:30:53',NULL,0),(941,'playerVirtual1','playerVirtual1_98bbb7b04d',4,'2018-02-17 07:31:42',NULL,0),(942,'playerVirtual15','playerVirtual15_243cb1747f',4,'2018-02-17 07:32:11',NULL,0),(943,'playerVirtual18','playerVirtual18_5297461910',1,'2018-02-17 07:37:28',NULL,0),(944,'playerVirtual18','playerVirtual18_3cd1ea8682',3,'2018-02-17 07:37:28',NULL,0),(945,'playerVirtual18','playerVirtual18_5297461910',1,'2018-02-17 07:37:28',NULL,0),(946,'playerVirtual2','playerVirtual2_3338010893',0,'2018-02-17 07:40:51',NULL,0),(947,'playerVirtual2','playerVirtual2_3338010893',0,'2018-02-17 07:40:51',NULL,0),(948,'playerVirtual2','playerVirtual2_eadfcbc847',4,'2018-02-17 07:41:51',NULL,0),(949,'playerVirtual8','playerVirtual8_ae72c2d4fe',4,'2018-02-17 07:48:34',NULL,0),(950,'playerVirtual6','playerVirtual6_905614',0,'2018-02-17 07:48:37',NULL,0),(951,'playerVirtual6','playerVirtual6_905614',0,'2018-02-17 07:48:37',NULL,0),(952,'playerVirtual6','playerVirtual6_38fe1bfdd2',4,'2018-02-17 07:49:37',NULL,0),(953,'playerVirtual11','playerVirtual11_4246147567',0,'2018-02-17 07:50:55',NULL,0),(954,'playerVirtual11','playerVirtual11_8c1de858e2',4,'2018-02-17 07:50:55',NULL,0),(955,'playerVirtual11','playerVirtual11_4246147567',0,'2018-02-17 07:50:55',NULL,0),(956,'playerVirtual17','playerVirtual17_4dc0e092e7',4,'2018-02-17 07:57:39',NULL,0),(957,'playerVirtual14','playerVirtual14_4b122c7997',4,'2018-02-17 08:01:04',NULL,0),(958,'playerVirtual13','playerVirtual13_82730999',1,'2018-02-17 08:02:58',NULL,0),(959,'playerVirtual13','playerVirtual13_8e7a70edbd',4,'2018-02-17 08:02:58',NULL,0),(960,'playerVirtual13','playerVirtual13_82730999',1,'2018-02-17 08:02:58',NULL,0),(961,'playerVirtual18','playerVirtual18_4246147567',0,'2018-02-17 08:03:00',NULL,0),(962,'playerVirtual18','playerVirtual18_692751e19c',4,'2018-02-17 08:03:00',NULL,0),(963,'playerVirtual18','playerVirtual18_4246147567',0,'2018-02-17 08:03:00',NULL,0),(964,'playerVirtual15','playerVirtual15_359920779',0,'2018-02-17 08:07:27',NULL,0),(965,'playerVirtual15','playerVirtual15_359920779',0,'2018-02-17 08:07:28',NULL,0),(966,'playerVirtual2','playerVirtual2_4246147567',0,'2018-02-17 08:08:08',NULL,0),(967,'playerVirtual2','playerVirtual2_a5ffd2b066',3,'2018-02-17 08:08:09',NULL,0),(968,'playerVirtual2','playerVirtual2_4246147567',0,'2018-02-17 08:08:09',NULL,0),(969,'playerVirtual15','playerVirtual15_1475ca2379',3,'2018-02-17 08:08:28',NULL,0),(970,'playerVirtual1','playerVirtual1_450512000',1,'2018-02-17 08:11:15',NULL,0),(971,'playerVirtual1','playerVirtual1_74a0595dbd',3,'2018-02-17 08:11:15',NULL,0),(972,'playerVirtual1','playerVirtual1_450512000',1,'2018-02-17 08:11:17',NULL,0),(973,'playerVirtual16','playerVirtual16_e1ca518834',4,'2018-02-17 08:12:40',NULL,0),(974,'playerVirtual6','playerVirtual6_4246147567',0,'2018-02-17 08:13:33',NULL,0),(975,'playerVirtual6','playerVirtual6_0784b1e830',3,'2018-02-17 08:13:34',NULL,0),(976,'playerVirtual6','playerVirtual6_4246147567',0,'2018-02-17 08:13:34',NULL,0),(977,'playerVirtual19','playerVirtual19_fd8d87662f',4,'2018-02-17 08:13:57',NULL,0),(978,'playerVirtual11','playerVirtual11_4246147567',1,'2018-02-17 08:18:56',NULL,0),(979,'playerVirtual11','playerVirtual11_0da0da3ec5',3,'2018-02-17 08:18:56',NULL,0),(980,'playerVirtual11','playerVirtual11_4246147567',1,'2018-02-17 08:18:56',NULL,0),(981,'playerVirtual17','playerVirtual17_641631e12b',3,'2018-02-17 08:18:58',NULL,0),(982,'playerVirtual8','playerVirtual8_046416e9a9',3,'2018-02-17 08:19:53',NULL,0),(983,'playerVirtual13','playerVirtual13_4246147567',0,'2018-02-17 08:22:37',NULL,0),(984,'playerVirtual13','playerVirtual13_fbaa1c5ee3',3,'2018-02-17 08:22:37',NULL,0),(985,'playerVirtual13','playerVirtual13_4246147567',0,'2018-02-17 08:22:37',NULL,0),(986,'playerVirtual16','playerVirtual16_9e2cd917e5',3,'2018-02-17 08:32:24',NULL,0),(987,'playerVirtual14','playerVirtual14_c667f90659',3,'2018-02-17 08:32:45',NULL,0),(988,'playerVirtual19','playerVirtual19_6453653899',1,'2018-02-17 08:35:17',NULL,0),(989,'playerVirtual19','playerVirtual19_baefe67ea1',3,'2018-02-17 08:35:18',NULL,0),(990,'playerVirtual19','playerVirtual19_6453653899',1,'2018-02-17 08:35:18',NULL,0),(991,'playerVirtual1','playerVirtual1_2381571381',0,'2018-02-17 08:38:04',NULL,0),(992,'playerVirtual15','playerVirtual15_4cd59d5ac4',4,'2018-02-17 08:39:00',NULL,0),(993,'playerVirtual1','playerVirtual1_7deb339e90',4,'2018-02-17 08:39:04',NULL,0),(994,'playerVirtual18','playerVirtual18_9f0365ab62',3,'2018-02-17 08:41:43',NULL,0),(995,'playerVirtual2','playerVirtual2_4246147567',1,'2018-02-17 08:46:18',NULL,0),(996,'playerVirtual2','playerVirtual2_549685e818',4,'2018-02-17 08:46:19',NULL,0),(997,'playerVirtual2','playerVirtual2_4246147567',1,'2018-02-17 08:46:19',NULL,0),(998,'playerVirtual6','playerVirtual6_7a1f4a54d4',4,'2018-02-17 08:54:19',NULL,0),(999,'playerVirtual8','playerVirtual8_64c67685fe',4,'2018-02-17 08:54:36',NULL,0),(1000,'playerVirtual11','playerVirtual11_6280643141',0,'2018-02-17 08:57:39',NULL,0),(1001,'playerVirtual11','playerVirtual11_6280643141',0,'2018-02-17 08:57:45',NULL,0),(1002,'playerVirtual11','playerVirtual11_97e427e21e',4,'2018-02-17 08:58:38',NULL,0);
/*!40000 ALTER TABLE `REQUEST` ENABLE KEYS */;
UNLOCK TABLES;

--
-- Table structure for table `STATUS`
--

DROP TABLE IF EXISTS `STATUS`;
/*!40101 SET @saved_cs_client     = @@character_set_client */;
/*!40101 SET character_set_client = utf8 */;
CREATE TABLE `STATUS` (
  `id` int(11) NOT NULL AUTO_INCREMENT,
  `players` int(11) DEFAULT '0',
  `all_requests` int(11) DEFAULT '0',
  `accepts` int(11) DEFAULT '0',
  `rejects` int(11) DEFAULT '0',
  `fairness` float DEFAULT '0',
  `timestamp` timestamp NULL DEFAULT NULL,
  PRIMARY KEY (`id`)
) ENGINE=InnoDB AUTO_INCREMENT=111 DEFAULT CHARSET=utf8;
/*!40101 SET character_set_client = @saved_cs_client */;

--
-- Dumping data for table `STATUS`
--

LOCK TABLES `STATUS` WRITE;
/*!40000 ALTER TABLE `STATUS` DISABLE KEYS */;
INSERT INTO `STATUS` VALUES (1,0,0,0,0,0,'2018-02-16 23:49:04'),(2,20,20,14,6,0.7,'2018-02-16 23:54:04'),(3,20,50,36,14,0.72,'2018-02-16 23:59:04'),(4,20,57,41,16,0.719298,'2018-02-17 00:04:04'),(5,20,69,48,21,0.695652,'2018-02-17 00:09:05'),(6,20,75,50,25,0.666667,'2018-02-17 00:14:05'),(7,20,79,54,25,0.683544,'2018-02-17 00:19:05'),(8,20,82,57,25,0.695122,'2018-02-17 00:24:05'),(9,20,85,57,28,0.670588,'2018-02-17 00:29:05'),(10,20,89,60,29,0.674157,'2018-02-17 00:34:05'),(11,20,90,61,29,0.677778,'2018-02-17 00:39:05'),(12,20,93,64,29,0.688172,'2018-02-17 00:44:05'),(13,20,99,67,32,0.676768,'2018-02-17 00:49:05'),(14,20,100,67,33,0.67,'2018-02-17 00:54:06'),(15,20,104,70,34,0.673077,'2018-02-17 00:59:06'),(16,20,106,71,35,0.669811,'2018-02-17 01:04:06'),(17,20,109,74,35,0.678899,'2018-02-17 01:09:06'),(18,20,110,74,36,0.672727,'2018-02-17 01:14:06'),(19,20,113,76,37,0.672566,'2018-02-17 01:19:06'),(20,20,114,76,38,0.666667,'2018-02-17 01:24:06'),(21,20,118,79,39,0.669492,'2018-02-17 01:29:07'),(22,20,119,79,40,0.663866,'2018-02-17 01:34:07'),(23,20,121,81,40,0.669421,'2018-02-17 01:39:07'),(24,20,122,82,40,0.672131,'2018-02-17 01:44:07'),(25,20,123,82,41,0.666667,'2018-02-17 01:49:07'),(26,20,127,85,42,0.669291,'2018-02-17 01:54:07'),(27,20,128,85,43,0.664062,'2018-02-17 01:59:07'),(28,20,129,85,44,0.658915,'2018-02-17 02:04:07'),(29,20,132,88,44,0.666667,'2018-02-17 02:09:08'),(30,20,132,88,44,0.666667,'2018-02-17 02:14:08'),(31,20,136,91,45,0.669118,'2018-02-17 02:19:08'),(32,20,136,91,45,0.669118,'2018-02-17 02:24:08'),(33,20,138,92,46,0.666667,'2018-02-17 02:29:08'),(34,20,139,93,46,0.669065,'2018-02-17 02:34:08'),(35,20,139,93,46,0.669065,'2018-02-17 02:39:08'),(36,20,141,94,47,0.666667,'2018-02-17 02:44:08'),(37,20,143,95,48,0.664336,'2018-02-17 02:49:09'),(38,20,144,95,49,0.659722,'2018-02-17 02:54:09'),(39,20,147,99,48,0.673469,'2018-02-17 02:59:09'),(40,20,148,99,49,0.668919,'2018-02-17 03:04:09'),(41,20,151,102,49,0.675497,'2018-02-17 03:09:09'),(42,20,151,102,49,0.675497,'2018-02-17 03:14:09'),(43,20,151,102,49,0.675497,'2018-02-17 03:19:09'),(44,20,152,104,48,0.684211,'2018-02-17 03:24:09'),(45,20,154,105,49,0.681818,'2018-02-17 03:29:10'),(46,20,155,106,49,0.683871,'2018-02-17 03:34:10'),(47,20,157,108,49,0.687898,'2018-02-17 03:39:10'),(48,20,158,109,49,0.689873,'2018-02-17 03:44:10'),(49,20,159,109,50,0.685535,'2018-02-17 03:49:10'),(50,20,161,110,51,0.68323,'2018-02-17 03:54:10'),(51,20,161,110,51,0.68323,'2018-02-17 03:59:10'),(52,20,161,110,51,0.68323,'2018-02-17 04:04:10'),(53,20,163,112,51,0.687117,'2018-02-17 04:09:10'),(54,20,165,113,52,0.684848,'2018-02-17 04:14:11'),(55,20,166,113,53,0.680723,'2018-02-17 04:19:11'),(56,20,167,114,53,0.682635,'2018-02-17 04:24:11'),(57,20,170,117,53,0.688235,'2018-02-17 04:29:11'),(58,20,171,118,53,0.690058,'2018-02-17 04:34:11'),(59,20,172,119,53,0.69186,'2018-02-17 04:39:11'),(60,20,172,119,53,0.69186,'2018-02-17 04:44:11'),(61,20,172,119,53,0.69186,'2018-02-17 04:49:12'),(62,20,174,121,53,0.695402,'2018-02-17 04:54:12'),(63,20,175,121,54,0.691429,'2018-02-17 04:59:12'),(64,20,175,121,54,0.691429,'2018-02-17 05:04:12'),(65,20,177,123,54,0.694915,'2018-02-17 05:09:12'),(66,20,179,124,55,0.692737,'2018-02-17 05:14:13'),(67,20,181,126,55,0.696133,'2018-02-17 05:19:13'),(68,20,182,126,56,0.692308,'2018-02-17 05:24:13'),(69,20,183,127,56,0.693989,'2018-02-17 05:29:13'),(70,20,183,127,56,0.693989,'2018-02-17 05:34:13'),(71,20,183,127,56,0.693989,'2018-02-17 05:39:13'),(72,20,185,128,57,0.691892,'2018-02-17 05:44:13'),(73,20,186,128,58,0.688172,'2018-02-17 05:49:14'),(74,20,186,128,58,0.688172,'2018-02-17 05:54:14'),(75,20,188,130,58,0.691489,'2018-02-17 05:59:14'),(76,20,190,132,58,0.694737,'2018-02-17 06:04:14'),(77,20,193,135,58,0.699482,'2018-02-17 06:09:14'),(78,20,194,136,58,0.701031,'2018-02-17 06:14:14'),(79,20,194,136,58,0.701031,'2018-02-17 06:19:14'),(80,20,195,137,58,0.702564,'2018-02-17 06:24:15'),(81,20,196,137,59,0.69898,'2018-02-17 06:29:15'),(82,20,196,137,59,0.69898,'2018-02-17 06:34:15'),(83,20,197,138,59,0.700508,'2018-02-17 06:39:15'),(84,20,197,138,59,0.700508,'2018-02-17 06:44:15'),(85,20,200,139,61,0.695,'2018-02-17 06:49:15'),(86,20,201,140,61,0.696517,'2018-02-17 06:54:16'),(87,20,203,142,61,0.699507,'2018-02-17 06:59:16'),(88,20,204,144,60,0.705882,'2018-02-17 07:04:16'),(89,20,204,144,60,0.705882,'2018-02-17 07:09:16'),(90,20,205,145,60,0.707317,'2018-02-17 07:14:16'),(91,20,205,145,60,0.707317,'2018-02-17 07:19:16'),(92,20,205,145,60,0.707317,'2018-02-17 07:24:16'),(93,20,206,146,60,0.708738,'2018-02-17 07:29:16'),(94,20,206,146,60,0.708738,'2018-02-17 07:34:17'),(95,20,206,146,60,0.708738,'2018-02-17 07:39:17'),(96,20,207,147,60,0.710145,'2018-02-17 07:44:17'),(97,20,208,147,61,0.706731,'2018-02-17 07:49:17'),(98,20,209,148,61,0.708134,'2018-02-17 07:54:17'),(99,20,209,148,61,0.708134,'2018-02-17 07:59:17'),(100,20,210,148,62,0.704762,'2018-02-17 08:04:17'),(101,20,212,149,63,0.70283,'2018-02-17 08:09:18'),(102,20,213,149,64,0.699531,'2018-02-17 08:14:18'),(103,20,213,149,64,0.699531,'2018-02-17 08:19:18'),(104,20,214,150,64,0.700935,'2018-02-17 08:24:18'),(105,20,214,150,64,0.700935,'2018-02-17 08:29:18'),(106,20,214,150,64,0.700935,'2018-02-17 08:34:18'),(107,20,214,150,64,0.700935,'2018-02-17 08:39:18'),(108,20,214,150,64,0.700935,'2018-02-17 08:44:19'),(109,20,214,150,64,0.700935,'2018-02-17 08:49:19'),(110,20,214,150,64,0.700935,'2018-02-17 08:54:19');
/*!40000 ALTER TABLE `STATUS` ENABLE KEYS */;
UNLOCK TABLES;

--
-- Table structure for table `THRESHOLD`
--

DROP TABLE IF EXISTS `THRESHOLD`;
/*!40101 SET @saved_cs_client     = @@character_set_client */;
/*!40101 SET character_set_client = utf8 */;
CREATE TABLE `THRESHOLD` (
  `division` int(11) NOT NULL,
  `botton` float DEFAULT '0',
  `top` float DEFAULT '0',
  PRIMARY KEY (`division`)
) ENGINE=InnoDB DEFAULT CHARSET=utf8;
/*!40101 SET character_set_client = @saved_cs_client */;

--
-- Dumping data for table `THRESHOLD`
--

LOCK TABLES `THRESHOLD` WRITE;
/*!40000 ALTER TABLE `THRESHOLD` DISABLE KEYS */;
INSERT INTO `THRESHOLD` VALUES (1,8.76,20),(2,4.38,8.76),(3,0,4.38);
/*!40000 ALTER TABLE `THRESHOLD` ENABLE KEYS */;
UNLOCK TABLES;

--
-- Table structure for table `VM`
--

DROP TABLE IF EXISTS `VM`;
/*!40101 SET @saved_cs_client     = @@character_set_client */;
/*!40101 SET character_set_client = utf8 */;
CREATE TABLE `VM` (
  `id` int(11) NOT NULL AUTO_INCREMENT,
  `origin_add` varchar(45) NOT NULL,
  `origin_id` varchar(45) NOT NULL,
  `origin_name` varchar(45) NOT NULL,
  `destiny_add` varchar(45) NOT NULL,
  `destiny_name` varchar(45) NOT NULL,
  `destiny_id` varchar(45) NOT NULL,
  `status` tinyint(1) NOT NULL,
  `vcpus` int(11) NOT NULL,
  `mem` bigint(20) NOT NULL,
  `disk` bigint(20) NOT NULL,
  `timestamp_received` timestamp NULL DEFAULT NULL,
  `timestamp_finished` timestamp NULL DEFAULT NULL,
  PRIMARY KEY (`id`)
) ENGINE=InnoDB AUTO_INCREMENT=216 DEFAULT CHARSET=utf8;
/*!40101 SET character_set_client = @saved_cs_client */;

--
-- Dumping data for table `VM`
--

LOCK TABLES `VM` WRITE;
/*!40000 ALTER TABLE `VM` DISABLE KEYS */;
INSERT INTO `VM` VALUES (1,'192.168.0.200','playerVirtual1_450512000','playerVirtual1','192.168.0.200','playerVirtual11','playerVirtual11_ec34c2565f',3,1,2048,20,'2018-02-16 23:51:14','2018-02-17 08:11:17'),(2,'192.168.0.200','playerVirtual11_1438244924','playerVirtual11','192.168.0.200','playerVirtual1','playerVirtual1_7e0739e451',3,1,2048,20,'2018-02-16 23:51:16','2018-02-17 00:17:03'),(3,'192.168.0.200','playerVirtual4_640692267','playerVirtual4','192.168.0.200','playerVirtual8','playerVirtual8_245e542793',2,1,512,1,'2018-02-16 23:51:19','2018-02-17 05:17:58'),(4,'192.168.0.200','playerVirtual8_2381571381','playerVirtual8','192.168.0.200','playerVirtual4','playerVirtual8_2381571381',0,1,2048,20,'2018-02-16 23:51:20','2018-02-16 23:51:20'),(5,'192.168.0.200','playerVirtual2_5297461910','playerVirtual2','192.168.0.200','playerVirtual13','playerVirtual13_e778de8bee',3,1,512,1,'2018-02-16 23:51:22','2018-02-17 00:40:02'),(6,'192.168.0.200','playerVirtual13_2790332778','playerVirtual13','192.168.0.200','playerVirtual2','playerVirtual2_a7947aa371',1,2,4096,40,'2018-02-16 23:51:25',NULL),(7,'192.168.0.200','playerVirtual3_369721705','playerVirtual3','192.168.0.200','playerVirtual6','playerVirtual6_cd33db385f',1,2,4096,40,'2018-02-16 23:51:26',NULL),(8,'192.168.0.200','playerVirtual6_317469422','playerVirtual6','192.168.0.200','playerVirtual3','playerVirtual6_317469422',0,2,4096,40,'2018-02-16 23:51:26','2018-02-16 23:51:26'),(9,'192.168.0.200','playerVirtual15_6955737','playerVirtual15','192.168.0.200','playerVirtual17','playerVirtual17_738e21d3ea',3,1,2048,20,'2018-02-16 23:51:26','2018-02-17 00:10:56'),(10,'192.168.0.200','playerVirtual17_257338104','playerVirtual17','192.168.0.200','playerVirtual15','playerVirtual15_3dd0901e1a',1,2,4096,40,'2018-02-16 23:51:28',NULL),(11,'192.168.0.200','playerVirtual19_3584940347','playerVirtual19','192.168.0.200','playerVirtual5','playerVirtual19_3584940347',0,1,512,1,'2018-02-16 23:51:28','2018-02-16 23:51:28'),(12,'192.168.0.200','playerVirtual5_2433236783','playerVirtual5','192.168.0.200','playerVirtual19','playerVirtual19_8e77cef7bd',1,1,2048,20,'2018-02-16 23:51:28',NULL),(13,'192.168.0.200','playerVirtual7_3338579772','playerVirtual7','192.168.0.200','playerVirtual9','playerVirtual9_b0ec4d2bc8',3,1,2048,20,'2018-02-16 23:51:29','2018-02-17 00:12:40'),(14,'192.168.0.200','playerVirtual9_257407216','playerVirtual9','192.168.0.200','playerVirtual7','playerVirtual7_2e26b0fb3f',1,2,4096,40,'2018-02-16 23:51:29',NULL),(15,'192.168.0.200','playerVirtual14_182859403','playerVirtual14','192.168.0.200','playerVirtual12','playerVirtual14_182859403',0,1,512,1,'2018-02-16 23:51:37','2018-02-16 23:51:37'),(16,'192.168.0.200','playerVirtual12_2359368952','playerVirtual12','192.168.0.200','playerVirtual14','playerVirtual14_27f76c5347',2,1,512,1,'2018-02-16 23:51:40','2018-02-17 00:00:15'),(17,'192.168.0.200','playerVirtual0_16917741','playerVirtual0','192.168.0.200','playerVirtual16','playerVirtual16_ed1cf9ed3b',2,1,512,1,'2018-02-16 23:51:43','2018-02-17 01:44:51'),(18,'192.168.0.200','playerVirtual16_2545640208','playerVirtual16','192.168.0.200','playerVirtual0','playerVirtual16_2545640208',0,1,2048,20,'2018-02-16 23:51:52','2018-02-16 23:51:52'),(19,'192.168.0.200','playerVirtual18_908315','playerVirtual18','192.168.0.200','playerVirtual10','playerVirtual18_908315',0,1,2048,20,'2018-02-16 23:51:54','2018-02-16 23:51:54'),(20,'192.168.0.200','playerVirtual10_539194189','playerVirtual10','192.168.0.200','playerVirtual18','playerVirtual18_5bdd6f6e09',2,1,2048,20,'2018-02-16 23:52:02','2018-02-17 00:31:34'),(21,'192.168.0.200','playerVirtual1_4820204870','playerVirtual1','192.168.0.200','playerVirtual11','playerVirtual11_1f7997add7',3,2,4096,40,'2018-02-16 23:54:40','2018-02-17 00:08:02'),(22,'192.168.0.200','playerVirtual11_8058564','playerVirtual11','192.168.0.200','playerVirtual1','playerVirtual1_47dd39852a',1,1,2048,20,'2018-02-16 23:55:30',NULL),(23,'192.168.0.200','playerVirtual4_1429160667','playerVirtual4','192.168.0.200','playerVirtual8','playerVirtual8_47d9addbe0',1,1,2048,20,'2018-02-16 23:55:31',NULL),(24,'192.168.0.200','playerVirtual8_3338010893','playerVirtual8','192.168.0.200','playerVirtual4','playerVirtual8_3338010893',0,1,512,1,'2018-02-16 23:55:32','2018-02-16 23:55:32'),(25,'192.168.0.200','playerVirtual2_82730999','playerVirtual2','192.168.0.200','playerVirtual13','playerVirtual13_e7625459c6',3,1,512,1,'2018-02-16 23:55:36','2018-02-17 01:47:24'),(26,'192.168.0.200','playerVirtual13_351652724','playerVirtual13','192.168.0.200','playerVirtual2','playerVirtual2_ba90677a30',1,1,2048,20,'2018-02-16 23:55:38',NULL),(27,'192.168.0.200','playerVirtual3_6571218','playerVirtual3','192.168.0.200','playerVirtual6','playerVirtual6_79cafcfada',2,1,2048,20,'2018-02-16 23:55:39','2018-02-17 06:49:41'),(28,'192.168.0.200','playerVirtual6_778566023','playerVirtual6','192.168.0.200','playerVirtual3','playerVirtual6_778566023',0,1,512,1,'2018-02-16 23:55:41','2018-02-16 23:55:41'),(29,'192.168.0.200','playerVirtual15_1436344784','playerVirtual15','192.168.0.200','playerVirtual17','playerVirtual17_018da8568f',3,1,2048,20,'2018-02-16 23:55:45','2018-02-17 00:22:43'),(30,'192.168.0.200','playerVirtual17_1339662','playerVirtual17','192.168.0.200','playerVirtual15','playerVirtual15_fec0bd6a35',1,1,2048,20,'2018-02-16 23:55:46',NULL),(31,'192.168.0.200','playerVirtual19_317497342','playerVirtual19','192.168.0.200','playerVirtual5','playerVirtual19_317497342',0,1,512,1,'2018-02-16 23:55:47','2018-02-16 23:55:47'),(32,'192.168.0.200','playerVirtual5_284794223','playerVirtual5','192.168.0.200','playerVirtual19','playerVirtual19_be638b037c',1,1,2048,20,'2018-02-16 23:55:48',NULL),(33,'192.168.0.200','playerVirtual7_359920779','playerVirtual7','192.168.0.200','playerVirtual9','playerVirtual9_fd313a5130',2,1,512,1,'2018-02-16 23:55:48','2018-02-17 00:58:47'),(34,'192.168.0.200','playerVirtual9_904011','playerVirtual9','192.168.0.200','playerVirtual7','playerVirtual7_8651cf0c46',3,1,2048,20,'2018-02-16 23:55:48','2018-02-17 00:33:46'),(35,'192.168.0.200','playerVirtual14_2904109077','playerVirtual14','192.168.0.200','playerVirtual12','playerVirtual14_2904109077',0,1,512,1,'2018-02-16 23:55:49','2018-02-16 23:55:49'),(36,'192.168.0.200','playerVirtual12_257338074','playerVirtual12','192.168.0.200','playerVirtual14','playerVirtual14_e760119440',1,2,4096,40,'2018-02-16 23:55:50',NULL),(37,'192.168.0.200','playerVirtual0_905614','playerVirtual0','192.168.0.200','playerVirtual16','playerVirtual16_fa5b7a1ad0',2,1,2048,20,'2018-02-16 23:55:50','2018-02-17 08:09:03'),(38,'192.168.0.200','playerVirtual16_1093460','playerVirtual16','192.168.0.200','playerVirtual0','playerVirtual16_1093460',0,1,512,1,'2018-02-16 23:55:51','2018-02-16 23:55:51'),(39,'192.168.0.200','playerVirtual18_6569547','playerVirtual18','192.168.0.200','playerVirtual10','playerVirtual18_6569547',0,1,2048,20,'2018-02-16 23:55:52','2018-02-16 23:55:52'),(40,'192.168.0.200','playerVirtual10_470485660','playerVirtual10','192.168.0.200','playerVirtual18','playerVirtual18_53b589aff9',1,2,4096,40,'2018-02-16 23:55:53',NULL),(41,'192.168.0.200','playerVirtual1_30788568','playerVirtual1','192.168.0.200','playerVirtual11','playerVirtual11_dea0b0d86a',1,1,512,1,'2018-02-16 23:57:54',NULL),(42,'192.168.0.200','playerVirtual11_5792765','playerVirtual11','192.168.0.200','playerVirtual1','playerVirtual1_cda6311ce5',3,1,512,1,'2018-02-16 23:57:57','2018-02-17 02:25:32'),(43,'192.168.0.200','playerVirtual4_38671842','playerVirtual4','192.168.0.200','playerVirtual8','playerVirtual8_d353e3e17a',1,1,512,1,'2018-02-16 23:58:08',NULL),(44,'192.168.0.200','playerVirtual8_400453824','playerVirtual8','192.168.0.200','playerVirtual4','playerVirtual8_400453824',0,1,512,1,'2018-02-16 23:58:09','2018-02-16 23:58:09'),(45,'192.168.0.200','playerVirtual2_4820318661','playerVirtual2','192.168.0.200','playerVirtual13','playerVirtual13_f992b58578',3,2,4096,40,'2018-02-16 23:58:18','2018-02-17 02:41:36'),(46,'192.168.0.200','playerVirtual13_4819935267','playerVirtual13','192.168.0.200','playerVirtual2','playerVirtual2_f856129251',1,2,4096,40,'2018-02-16 23:58:22',NULL),(47,'192.168.0.200','playerVirtual3_4820217293','playerVirtual3','192.168.0.200','playerVirtual6','playerVirtual6_98cfcc4c65',1,2,4096,40,'2018-02-16 23:58:26',NULL),(48,'192.168.0.200','playerVirtual6_6264344062','playerVirtual6','192.168.0.200','playerVirtual3','playerVirtual6_6264344062',0,1,512,1,'2018-02-16 23:58:26','2018-02-16 23:58:26'),(49,'192.168.0.200','playerVirtual15_2378747961','playerVirtual15','192.168.0.200','playerVirtual17','playerVirtual17_4865e402bd',3,1,512,1,'2018-02-16 23:58:37','2018-02-17 00:18:28'),(50,'192.168.0.200','playerVirtual17_5068098508','playerVirtual17','192.168.0.200','playerVirtual15','playerVirtual15_bddc6e34b8',3,1,2048,20,'2018-02-16 23:58:42','2018-02-17 00:30:49'),(51,'192.168.0.200','playerVirtual19_227443932','playerVirtual19','192.168.0.200','playerVirtual7','playerVirtual19_227443932',0,1,2048,20,'2018-02-16 23:59:56','2018-02-16 23:59:56'),(52,'192.168.0.200','playerVirtual7_2148750930','playerVirtual7','192.168.0.200','playerVirtual19','playerVirtual19_d23862d64d',2,1,2048,20,'2018-02-17 00:00:01','2018-02-17 02:56:05'),(53,'192.168.0.200','playerVirtual9_563574327','playerVirtual9','192.168.0.200','playerVirtual14','playerVirtual14_ad36f4e525',1,1,2048,20,'2018-02-17 00:00:05',NULL),(54,'192.168.0.200','playerVirtual14_765651','playerVirtual14','192.168.0.200','playerVirtual9','playerVirtual14_765651',0,1,2048,20,'2018-02-17 00:00:18','2018-02-17 00:00:18'),(55,'192.168.0.200','playerVirtual16_5623125514','playerVirtual16','192.168.0.200','playerVirtual18','playerVirtual18_88f8ed3eae',1,1,2048,20,'2018-02-17 00:00:38',NULL),(56,'192.168.0.200','playerVirtual18_284757920','playerVirtual18','192.168.0.200','playerVirtual16','playerVirtual16_8ca9515fbe',1,1,2048,20,'2018-02-17 00:00:41',NULL),(57,'192.168.0.200','playerVirtual1_6274355716','playerVirtual1','192.168.0.200','playerVirtual11','playerVirtual11_6b3237d14f',3,1,512,1,'2018-02-17 00:03:30','2018-02-17 00:22:54'),(58,'192.168.0.200','playerVirtual11_38676294','playerVirtual11','192.168.0.200','playerVirtual1','playerVirtual1_5b5df86355',1,1,512,1,'2018-02-17 00:04:22',NULL),(59,'192.168.0.200','playerVirtual8_4820204870','playerVirtual8','192.168.0.200','playerVirtual2','playerVirtual8_4820204870',0,2,4096,40,'2018-02-17 00:05:41','2018-02-17 00:05:41'),(60,'192.168.0.200','playerVirtual2_990694203','playerVirtual2','192.168.0.200','playerVirtual8','playerVirtual8_4c90197021',3,1,2048,20,'2018-02-17 00:06:02','2018-02-17 07:02:42'),(61,'192.168.0.200','playerVirtual13_990694203','playerVirtual13','192.168.0.200','playerVirtual6','playerVirtual6_e716f19d3b',3,1,2048,20,'2018-02-17 00:06:17','2018-02-17 00:09:01'),(62,'192.168.0.200','playerVirtual6_6280643141','playerVirtual6','192.168.0.200','playerVirtual17','playerVirtual17_7e858a899b',3,1,512,1,'2018-02-17 00:06:25','2018-02-17 01:38:07'),(63,'192.168.0.200','playerVirtual15_4476462938','playerVirtual15','192.168.0.200','playerVirtual7','playerVirtual15_4476462938',0,1,2048,20,'2018-02-17 00:06:39','2018-02-17 00:06:39'),(64,'192.168.0.200','playerVirtual17_272887063','playerVirtual17','192.168.0.200','playerVirtual15','playerVirtual15_2bbeaf915f',3,1,2048,20,'2018-02-17 00:06:47','2018-02-17 01:44:33'),(65,'192.168.0.200','playerVirtual19_2359368952','playerVirtual19','192.168.0.200','playerVirtual14','playerVirtual14_53595c3888',3,1,512,1,'2018-02-17 00:06:52','2018-02-17 05:15:31'),(66,'192.168.0.200','playerVirtual7_682797','playerVirtual7','192.168.0.200','playerVirtual19','playerVirtual19_204fa21320',1,1,2048,20,'2018-02-17 00:07:11',NULL),(67,'192.168.0.200','playerVirtual9_214880781','playerVirtual9','192.168.0.200','playerVirtual18','playerVirtual18_493ae1bb14',1,1,2048,20,'2018-02-17 00:07:14',NULL),(68,'192.168.0.200','playerVirtual16_16914091','playerVirtual16','192.168.0.200','playerVirtual9','playerVirtual16_16914091',0,1,2048,20,'2018-02-17 00:07:21','2018-02-17 00:07:21'),(69,'192.168.0.200','playerVirtual18_182859403','playerVirtual18','192.168.0.200','playerVirtual16','playerVirtual16_01f9eb1c22',3,1,512,1,'2018-02-17 00:07:36','2018-02-17 00:24:45'),(70,'192.168.0.200','playerVirtual11_6285257156','playerVirtual11','192.168.0.200','playerVirtual13','playerVirtual13_eaccb7a132',1,1,512,1,'2018-02-17 00:09:49',NULL),(71,'192.168.0.200','playerVirtual8_3338579772','playerVirtual8','192.168.0.200','playerVirtual1','playerVirtual8_3338579772',0,1,2048,20,'2018-02-17 00:10:48','2018-02-17 00:10:48'),(72,'192.168.0.200','playerVirtual14_6641406','playerVirtual14','192.168.0.200','playerVirtual2','playerVirtual14_6641406',0,1,2048,20,'2018-02-17 00:11:03','2018-02-17 00:11:03'),(73,'192.168.0.200','playerVirtual6_1438244924','playerVirtual6','192.168.0.200','playerVirtual8','playerVirtual6_1438244924',0,1,2048,20,'2018-02-17 00:11:55','2018-02-17 00:11:55'),(74,'192.168.0.200','playerVirtual17_6289704471','playerVirtual17','192.168.0.200','playerVirtual6','playerVirtual17_6289704471',0,1,512,1,'2018-02-17 00:12:13','2018-02-17 00:12:13'),(75,'192.168.0.200','playerVirtual19_1436344784','playerVirtual19','192.168.0.200','playerVirtual17','playerVirtual17_84b555eb22',3,1,2048,20,'2018-02-17 00:13:43','2018-02-17 00:59:55'),(76,'192.168.0.200','playerVirtual9_990694203','playerVirtual9','192.168.0.200','playerVirtual7','playerVirtual7_b37cbc6ec6',3,1,2048,20,'2018-02-17 00:14:40','2018-02-17 00:21:49'),(77,'192.168.0.200','playerVirtual1_794070039','playerVirtual1','192.168.0.200','playerVirtual15','playerVirtual15_212445335c',3,1,512,1,'2018-02-17 00:16:27','2018-02-17 03:03:03'),(78,'192.168.0.200','playerVirtual16_6296268057','playerVirtual16','192.168.0.200','playerVirtual14','playerVirtual14_66f661c2b6',1,1,512,1,'2018-02-17 00:16:32',NULL),(79,'192.168.0.200','playerVirtual18_6296865278','playerVirtual18','192.168.0.200','playerVirtual19','playerVirtual19_b0e100a824',1,1,512,1,'2018-02-17 00:16:46',NULL),(80,'192.168.0.200','playerVirtual14_990694203','playerVirtual14','192.168.0.200','playerVirtual18','playerVirtual18_219aa9783e',3,1,2048,20,'2018-02-17 00:21:58','2018-02-17 00:29:02'),(81,'192.168.0.200','playerVirtual2_182859403','playerVirtual2','192.168.0.200','playerVirtual9','playerVirtual9_1c99c6e345',3,1,512,1,'2018-02-17 00:22:15','2018-02-17 00:24:55'),(82,'192.168.0.200','playerVirtual13_6264344062','playerVirtual13','192.168.0.200','playerVirtual11','playerVirtual11_5138fdf01b',1,1,2048,20,'2018-02-17 00:23:06',NULL),(83,'192.168.0.200','playerVirtual7_5297461910','playerVirtual7','192.168.0.200','playerVirtual16','playerVirtual16_de6fef9506',2,1,512,1,'2018-02-17 00:25:20','2018-02-17 01:57:27'),(84,'192.168.0.200','playerVirtual19_1095593','playerVirtual19','192.168.0.200','playerVirtual1','playerVirtual19_1095593',0,1,512,1,'2018-02-17 00:27:03','2018-02-17 00:27:03'),(85,'192.168.0.200','playerVirtual16_908315','playerVirtual16','192.168.0.200','playerVirtual2','playerVirtual16_908315',0,1,2048,20,'2018-02-17 00:28:16','2018-02-17 00:28:16'),(86,'192.168.0.200','playerVirtual11_182859403','playerVirtual11','192.168.0.200','playerVirtual13','playerVirtual13_e3d5d8182d',1,1,512,1,'2018-02-17 00:29:42',NULL),(87,'192.168.0.200','playerVirtual13_4246147567','playerVirtual13','192.168.0.200','playerVirtual8','playerVirtual8_4f59601889',3,2,4096,40,'2018-02-17 00:31:39','2018-02-17 06:16:53'),(88,'192.168.0.200','playerVirtual8_4246147567','playerVirtual8','192.168.0.200','playerVirtual6','playerVirtual8_4246147567',0,2,4096,40,'2018-02-17 00:32:18','2018-02-17 00:32:18'),(89,'192.168.0.200','playerVirtual6_4246147567','playerVirtual6','192.168.0.200','playerVirtual17','playerVirtual17_2f9a286cf1',3,2,4096,40,'2018-02-17 00:34:03','2018-02-17 01:06:55'),(90,'192.168.0.200','playerVirtual1_6315250734','playerVirtual1','192.168.0.200','playerVirtual15','playerVirtual15_41b50a601d',1,1,512,1,'2018-02-17 00:38:58',NULL),(91,'192.168.0.200','playerVirtual15_4246147567','playerVirtual15','192.168.0.200','playerVirtual14','playerVirtual14_b20a45a47a',3,2,4096,40,'2018-02-17 00:39:49','2018-02-17 04:06:21'),(92,'192.168.0.200','playerVirtual11_990694203','playerVirtual11','192.168.0.200','playerVirtual19','playerVirtual19_30d8acbe3d',3,1,2048,20,'2018-02-17 00:40:24','2018-02-17 00:54:06'),(93,'192.168.0.200','playerVirtual16_6316827871','playerVirtual16','192.168.0.200','playerVirtual18','playerVirtual18_ee8674356e',1,1,512,1,'2018-02-17 00:40:28',NULL),(94,'192.168.0.200','playerVirtual14_2378747961','playerVirtual14','192.168.0.200','playerVirtual9','playerVirtual14_2378747961',0,1,512,1,'2018-02-17 00:44:54','2018-02-17 00:44:54'),(95,'192.168.0.200','playerVirtual9_4246147567','playerVirtual9','192.168.0.200','playerVirtual16','playerVirtual16_09fd2011df',3,2,4096,40,'2018-02-17 00:45:12','2018-02-17 00:58:06'),(96,'192.168.0.200','playerVirtual1_359920779','playerVirtual1','192.168.0.200','playerVirtual2','playerVirtual2_53faf6af19',3,1,512,1,'2018-02-17 00:47:36','2018-02-17 04:06:29'),(97,'192.168.0.200','playerVirtual18_1095593','playerVirtual18','192.168.0.200','playerVirtual1','playerVirtual18_1095593',0,1,512,1,'2018-02-17 00:48:11','2018-02-17 00:48:11'),(98,'192.168.0.200','playerVirtual17_4246147567','playerVirtual17','192.168.0.200','playerVirtual11','playerVirtual17_4246147567',0,2,4096,40,'2018-02-17 00:48:34','2018-02-17 00:48:34'),(99,'192.168.0.200','playerVirtual2_4246147567','playerVirtual2','192.168.0.200','playerVirtual8','playerVirtual8_5320c35c9d',3,2,4096,40,'2018-02-17 00:48:56','2018-02-17 08:46:19'),(100,'192.168.0.200','playerVirtual19_6322213339','playerVirtual19','192.168.0.200','playerVirtual6','playerVirtual19_6322213339',0,1,512,1,'2018-02-17 00:51:32','2018-02-17 00:51:32'),(101,'192.168.0.200','playerVirtual16_4246147567','playerVirtual16','192.168.0.200','playerVirtual13','playerVirtual16_4246147567',0,2,4096,40,'2018-02-17 00:54:45','2018-02-17 00:54:45'),(102,'192.168.0.200','playerVirtual14_4246147567','playerVirtual14','192.168.0.200','playerVirtual17','playerVirtual17_4e05b9d8da',3,2,4096,40,'2018-02-17 00:55:08','2018-02-17 03:32:28'),(103,'192.168.0.200','playerVirtual8_4246147567','playerVirtual8','192.168.0.200','playerVirtual15','playerVirtual15_89eeddcb77',1,2,4096,40,'2018-02-17 00:57:06',NULL),(104,'192.168.0.200','playerVirtual13_4246147567','playerVirtual13','192.168.0.200','playerVirtual14','playerVirtual14_cfa23c3dc0',3,2,4096,40,'2018-02-17 00:58:07','2018-02-17 06:16:53'),(105,'192.168.0.200','playerVirtual6_4246147567','playerVirtual6','192.168.0.200','playerVirtual19','playerVirtual19_2c1ab581d4',3,2,4096,40,'2018-02-17 00:59:43','2018-02-17 01:06:55'),(106,'192.168.0.200','playerVirtual18_4246147567','playerVirtual18','192.168.0.200','playerVirtual9','playerVirtual18_4246147567',3,2,4096,40,'2018-02-17 01:00:46','2018-02-17 05:12:09'),(107,'192.168.0.200','playerVirtual15_4246147567','playerVirtual15','192.168.0.200','playerVirtual18','playerVirtual18_50a58d1595',3,2,4096,40,'2018-02-17 01:05:41','2018-02-17 04:06:21'),(108,'192.168.0.200','playerVirtual1_6335261139','playerVirtual1','192.168.0.200','playerVirtual2','playerVirtual2_150c8a93e2',1,1,512,1,'2018-02-17 01:06:37',NULL),(109,'192.168.0.200','playerVirtual11_4246147567','playerVirtual11','192.168.0.200','playerVirtual16','playerVirtual16_9143d4be50',3,2,4096,40,'2018-02-17 01:07:49','2018-02-17 08:18:56'),(110,'192.168.0.200','playerVirtual9_4246147567','playerVirtual9','192.168.0.200','playerVirtual1','playerVirtual1_1d3c2079b2',2,2,4096,40,'2018-02-17 01:13:30','2018-02-17 01:26:04'),(111,'192.168.0.200','playerVirtual17_4246147567','playerVirtual17','192.168.0.200','playerVirtual11','playerVirtual17_4246147567',0,2,4096,40,'2018-02-17 01:16:13','2018-02-17 01:16:13'),(112,'192.168.0.200','playerVirtual2_4246147567','playerVirtual2','192.168.0.200','playerVirtual6','playerVirtual6_1dab665198',3,2,4096,40,'2018-02-17 01:18:10','2018-02-17 08:46:19'),(113,'192.168.0.200','playerVirtual1_4246147567','playerVirtual1','192.168.0.200','playerVirtual19','playerVirtual19_f1d530ca1a',3,2,4096,40,'2018-02-17 01:18:29','2018-02-17 06:30:47'),(114,'192.168.0.200','playerVirtual19_4246147567','playerVirtual19','192.168.0.200','playerVirtual8','playerVirtual19_4246147567',0,2,4096,40,'2018-02-17 01:20:19','2018-02-17 01:20:19'),(115,'192.168.0.200','playerVirtual16_4246147567','playerVirtual16','192.168.0.200','playerVirtual13','playerVirtual16_4246147567',0,2,4096,40,'2018-02-17 01:24:11','2018-02-17 01:24:11'),(116,'192.168.0.200','playerVirtual14_4246147567','playerVirtual14','192.168.0.200','playerVirtual17','playerVirtual17_e58d20fb9c',3,2,4096,40,'2018-02-17 01:25:13','2018-02-17 03:32:28'),(117,'192.168.0.200','playerVirtual13_82730999','playerVirtual13','192.168.0.200','playerVirtual15','playerVirtual15_ea7d5a2afa',3,1,512,1,'2018-02-17 01:27:23','2018-02-17 08:02:59'),(118,'192.168.0.200','playerVirtual6_272887063','playerVirtual6','192.168.0.200','playerVirtual18','playerVirtual18_7548a09bd1',1,1,2048,20,'2018-02-17 01:28:11',NULL),(119,'192.168.0.200','playerVirtual18_6566788','playerVirtual18','192.168.0.200','playerVirtual2','playerVirtual18_6566788',0,1,2048,20,'2018-02-17 01:31:31','2018-02-17 01:31:31'),(120,'192.168.0.200','playerVirtual15_6566788','playerVirtual15','192.168.0.200','playerVirtual14','playerVirtual14_b7c4b4dceb',2,1,2048,20,'2018-02-17 01:34:46','2018-02-17 01:40:45'),(121,'192.168.0.200','playerVirtual11_4820150269','playerVirtual11','192.168.0.200','playerVirtual16','playerVirtual16_257a93d04b',1,2,4096,40,'2018-02-17 01:38:41',NULL),(122,'192.168.0.200','playerVirtual13_4246147567','playerVirtual13','192.168.0.200','playerVirtual1','playerVirtual1_780a19c35c',3,2,4096,40,'2018-02-17 01:43:13','2018-02-17 06:16:53'),(123,'192.168.0.200','playerVirtual18_1436344784','playerVirtual18','192.168.0.200','playerVirtual6','playerVirtual18_1436344784',0,1,2048,20,'2018-02-17 01:47:34','2018-02-17 01:47:34'),(124,'192.168.0.200','playerVirtual1_990694203','playerVirtual1','192.168.0.200','playerVirtual11','playerVirtual11_866386d6cd',3,1,2048,20,'2018-02-17 01:50:25','2018-02-17 03:42:54'),(125,'192.168.0.200','playerVirtual19_4246147567','playerVirtual19','192.168.0.200','playerVirtual8','playerVirtual19_4246147567',0,2,4096,40,'2018-02-17 01:51:34','2018-02-17 01:51:34'),(126,'192.168.0.200','playerVirtual17_5792765','playerVirtual17','192.168.0.200','playerVirtual19','playerVirtual19_61a8c18add',3,1,512,1,'2018-02-17 01:52:42','2018-02-17 06:10:18'),(127,'192.168.0.200','playerVirtual11_4246147567','playerVirtual11','192.168.0.200','playerVirtual18','playerVirtual18_d2a9238ebf',3,2,4096,40,'2018-02-17 01:53:44','2018-02-17 08:18:56'),(128,'192.168.0.200','playerVirtual16_4246147567','playerVirtual16','192.168.0.200','playerVirtual13','playerVirtual16_4246147567',0,2,4096,40,'2018-02-17 01:54:55','2018-02-17 01:54:55'),(129,'192.168.0.200','playerVirtual6_4246147567','playerVirtual6','192.168.0.200','playerVirtual2','playerVirtual6_4246147567',0,2,4096,40,'2018-02-17 02:00:02','2018-02-17 02:00:02'),(130,'192.168.0.200','playerVirtual2_4246147567','playerVirtual2','192.168.0.200','playerVirtual1','playerVirtual1_2f0c7d5466',3,2,4096,40,'2018-02-17 02:05:38','2018-02-17 08:46:19'),(131,'192.168.0.200','playerVirtual18_4246147567','playerVirtual18','192.168.0.200','playerVirtual17','playerVirtual17_cbfaa70787',3,2,4096,40,'2018-02-17 02:06:09','2018-02-17 05:12:09'),(132,'192.168.0.200','playerVirtual15_1438244924','playerVirtual15','192.168.0.200','playerVirtual14','playerVirtual14_faeafdbb73',3,1,2048,20,'2018-02-17 02:07:09','2018-02-17 04:51:20'),(133,'192.168.0.200','playerVirtual14_4246147567','playerVirtual14','192.168.0.200','playerVirtual15','playerVirtual15_6dd074413c',3,2,4096,40,'2018-02-17 02:15:03','2018-02-17 03:32:28'),(134,'192.168.0.200','playerVirtual15_2378747961','playerVirtual15','192.168.0.200','playerVirtual6','playerVirtual15_2378747961',0,1,512,1,'2018-02-17 02:16:47','2018-02-17 02:16:47'),(135,'192.168.0.200','playerVirtual13_4246147567','playerVirtual13','192.168.0.200','playerVirtual11','playerVirtual11_ef7c00a0a2',3,2,4096,40,'2018-02-17 02:17:38','2018-02-17 06:16:53'),(136,'192.168.0.200','playerVirtual17_4246147567','playerVirtual17','192.168.0.200','playerVirtual16','playerVirtual16_3196c3e757',1,2,4096,40,'2018-02-17 02:18:53',NULL),(137,'192.168.0.200','playerVirtual19_4246147567','playerVirtual19','192.168.0.200','playerVirtual8','playerVirtual19_4246147567',0,2,4096,40,'2018-02-17 02:26:13','2018-02-17 02:26:13'),(138,'192.168.0.200','playerVirtual1_4246147567','playerVirtual1','192.168.0.200','playerVirtual2','playerVirtual2_a3dc308d43',3,2,4096,40,'2018-02-17 02:26:49','2018-02-17 06:30:47'),(139,'192.168.0.200','playerVirtual16_4246147567','playerVirtual16','192.168.0.200','playerVirtual19','playerVirtual19_2330be4c0e',1,2,4096,40,'2018-02-17 02:30:01',NULL),(140,'192.168.0.200','playerVirtual8_16917741','playerVirtual8','192.168.0.200','playerVirtual18','playerVirtual18_515fca4fff',3,1,512,1,'2018-02-17 02:43:20','2018-02-17 04:56:04'),(141,'192.168.0.200','playerVirtual15_4820318661','playerVirtual15','192.168.0.200','playerVirtual13','playerVirtual15_4820318661',0,2,4096,40,'2018-02-17 02:44:07','2018-02-17 02:44:07'),(142,'192.168.0.200','playerVirtual6_4246147567','playerVirtual6','192.168.0.200','playerVirtual1','playerVirtual6_4246147567',0,2,4096,40,'2018-02-17 02:46:28','2018-02-17 02:46:28'),(143,'192.168.0.200','playerVirtual11_2148750930','playerVirtual11','192.168.0.200','playerVirtual14','playerVirtual14_6a60345e8f',1,1,2048,20,'2018-02-17 02:47:36',NULL),(144,'192.168.0.200','playerVirtual14_6370662053','playerVirtual14','192.168.0.200','playerVirtual6','playerVirtual14_6370662053',0,1,512,1,'2018-02-17 02:52:21','2018-02-17 02:52:21'),(145,'192.168.0.200','playerVirtual13_4246147567','playerVirtual13','192.168.0.200','playerVirtual11','playerVirtual11_34ac51973c',3,2,4096,40,'2018-02-17 02:55:14','2018-02-17 06:16:53'),(146,'192.168.0.200','playerVirtual15_4246147567','playerVirtual15','192.168.0.200','playerVirtual17','playerVirtual17_4e9239e769',3,2,4096,40,'2018-02-17 02:56:29','2018-02-17 04:06:21'),(147,'192.168.0.200','playerVirtual2_4246147567','playerVirtual2','192.168.0.200','playerVirtual1','playerVirtual1_27b5a7fa3e',3,2,4096,40,'2018-02-17 02:58:17','2018-02-17 08:46:19'),(148,'192.168.0.200','playerVirtual19_4246147567','playerVirtual19','192.168.0.200','playerVirtual8','playerVirtual19_4246147567',0,2,4096,40,'2018-02-17 03:04:02','2018-02-17 03:04:02'),(149,'192.168.0.200','playerVirtual11_539194189','playerVirtual11','192.168.0.200','playerVirtual2','playerVirtual2_4e0db97efd',3,1,2048,20,'2018-02-17 03:05:24','2018-02-17 04:59:46'),(150,'192.168.0.200','playerVirtual14_4246147567','playerVirtual14','192.168.0.200','playerVirtual19','playerVirtual19_3d1109aec4',3,2,4096,40,'2018-02-17 03:08:25','2018-02-17 03:32:28'),(151,'192.168.0.200','playerVirtual8_794070039','playerVirtual8','192.168.0.200','playerVirtual18','playerVirtual18_3a07eac3d6',1,1,512,1,'2018-02-17 03:08:45',NULL),(152,'192.168.0.200','playerVirtual18_5297461910','playerVirtual18','192.168.0.200','playerVirtual15','playerVirtual15_524c8630de',3,1,512,1,'2018-02-17 03:22:08','2018-02-17 07:37:28'),(153,'192.168.0.200','playerVirtual1_990694203','playerVirtual1','192.168.0.200','playerVirtual6','playerVirtual6_6eca3dde5a',3,1,2048,20,'2018-02-17 03:24:38','2018-02-17 03:42:54'),(154,'192.168.0.200','playerVirtual6_4246147567','playerVirtual6','192.168.0.200','playerVirtual1','playerVirtual6_4246147567',0,2,4096,40,'2018-02-17 03:27:23','2018-02-17 03:27:23'),(155,'192.168.0.200','playerVirtual11_4246147567','playerVirtual11','192.168.0.200','playerVirtual13','playerVirtual13_0b52c8fe6c',3,2,4096,40,'2018-02-17 03:30:18','2018-02-17 08:18:56'),(156,'192.168.0.200','playerVirtual13_4246147567','playerVirtual13','192.168.0.200','playerVirtual14','playerVirtual14_b23f27cfed',3,2,4096,40,'2018-02-17 03:36:35','2018-02-17 06:16:53'),(157,'192.168.0.200','playerVirtual15_4246147567','playerVirtual15','192.168.0.200','playerVirtual16','playerVirtual16_cd25d28b71',2,2,4096,40,'2018-02-17 03:39:00','2018-02-17 04:06:28'),(158,'192.168.0.200','playerVirtual2_4246147567','playerVirtual2','192.168.0.200','playerVirtual8','playerVirtual8_2af0e3de88',3,2,4096,40,'2018-02-17 03:40:35','2018-02-17 08:46:19'),(159,'192.168.0.200','playerVirtual19_4246147567','playerVirtual19','192.168.0.200','playerVirtual11','playerVirtual19_4246147567',0,2,4096,40,'2018-02-17 03:45:37','2018-02-17 03:45:37'),(160,'192.168.0.200','playerVirtual16_359920779','playerVirtual16','192.168.0.200','playerVirtual17','playerVirtual17_18cc507b00',3,1,512,1,'2018-02-17 03:50:26','2018-02-17 07:28:34'),(161,'192.168.0.200','playerVirtual14_6390664602','playerVirtual14','192.168.0.200','playerVirtual2','playerVirtual14_6390664602',0,1,512,1,'2018-02-17 03:50:58','2018-02-17 03:50:58'),(162,'192.168.0.200','playerVirtual16_6289704471','playerVirtual16','192.168.0.200','playerVirtual19','playerVirtual19_1fdf1e53b8',3,1,2048,20,'2018-02-17 04:04:27','2018-02-17 05:23:33'),(163,'192.168.0.200','playerVirtual18_6391293459','playerVirtual18','192.168.0.200','playerVirtual15','playerVirtual15_9095b5568b',1,1,512,1,'2018-02-17 04:05:53',NULL),(164,'192.168.0.200','playerVirtual6_4246147567','playerVirtual6','192.168.0.200','playerVirtual1','playerVirtual6_4246147567',0,2,4096,40,'2018-02-17 04:10:59','2018-02-17 04:10:59'),(165,'192.168.0.200','playerVirtual11_4246147567','playerVirtual11','192.168.0.200','playerVirtual6','playerVirtual6_d3e3b6e36c',3,2,4096,40,'2018-02-17 04:13:26','2018-02-17 08:18:56'),(166,'192.168.0.200','playerVirtual14_4246147567','playerVirtual14','192.168.0.200','playerVirtual13','playerVirtual14_4246147567',0,2,4096,40,'2018-02-17 04:17:32','2018-02-17 04:17:32'),(167,'192.168.0.200','playerVirtual13_4820318661','playerVirtual13','192.168.0.200','playerVirtual14','playerVirtual14_b38807b74f',1,2,4096,40,'2018-02-17 04:20:32',NULL),(168,'192.168.0.200','playerVirtual18_1438244924','playerVirtual18','192.168.0.200','playerVirtual16','playerVirtual16_97ea231b10',3,1,2048,20,'2018-02-17 04:24:55','2018-02-17 06:58:45'),(169,'192.168.0.200','playerVirtual2_6401302061','playerVirtual2','192.168.0.200','playerVirtual8','playerVirtual8_72ce321fb8',1,1,512,1,'2018-02-17 04:25:28',NULL),(170,'192.168.0.200','playerVirtual1_4246147567','playerVirtual1','192.168.0.200','playerVirtual2','playerVirtual2_c32937ac4c',3,2,4096,40,'2018-02-17 04:28:03','2018-02-17 06:30:47'),(171,'192.168.0.200','playerVirtual19_4246147567','playerVirtual19','192.168.0.200','playerVirtual18','playerVirtual18_32c95857f2',1,2,4096,40,'2018-02-17 04:30:05',NULL),(172,'192.168.0.200','playerVirtual13_640692267','playerVirtual13','192.168.0.200','playerVirtual11','playerVirtual11_64981b4ea7',3,1,512,1,'2018-02-17 04:38:15','2018-02-17 07:17:00'),(173,'192.168.0.200','playerVirtual2_4246147567','playerVirtual2','192.168.0.200','playerVirtual1','playerVirtual1_f27601f45a',3,2,4096,40,'2018-02-17 04:49:49','2018-02-17 08:46:19'),(174,'192.168.0.200','playerVirtual18_4246147567','playerVirtual18','192.168.0.200','playerVirtual17','playerVirtual17_bb502394d6',3,2,4096,40,'2018-02-17 04:54:07','2018-02-17 05:12:09'),(175,'192.168.0.200','playerVirtual6_4246147567','playerVirtual6','192.168.0.200','playerVirtual1','playerVirtual6_4246147567',0,2,4096,40,'2018-02-17 04:57:40','2018-02-17 04:57:40'),(176,'192.168.0.200','playerVirtual14_1095593','playerVirtual14','192.168.0.200','playerVirtual19','playerVirtual19_4057948d03',3,1,512,1,'2018-02-17 05:04:23','2018-02-17 05:26:05'),(177,'192.168.0.200','playerVirtual17_990694203','playerVirtual17','192.168.0.200','playerVirtual15','playerVirtual15_3edd1a38ee',3,1,2048,20,'2018-02-17 05:05:26','2018-02-17 05:14:29'),(178,'192.168.0.200','playerVirtual13_4246147567','playerVirtual13','192.168.0.200','playerVirtual6','playerVirtual6_e8666cdfaf',3,2,4096,40,'2018-02-17 05:09:41','2018-02-17 06:16:53'),(179,'192.168.0.200','playerVirtual15_4246147567','playerVirtual15','192.168.0.200','playerVirtual13','playerVirtual15_4246147567',0,2,4096,40,'2018-02-17 05:10:44','2018-02-17 05:10:44'),(180,'192.168.0.200','playerVirtual1_4246147567','playerVirtual1','192.168.0.200','playerVirtual6','playerVirtual6_dc756dd937',3,2,4096,40,'2018-02-17 05:16:03','2018-02-17 06:30:47'),(181,'192.168.0.200','playerVirtual11_4246147567','playerVirtual11','192.168.0.200','playerVirtual16','playerVirtual16_c38f8fade5',3,2,4096,40,'2018-02-17 05:18:53','2018-02-17 08:18:56'),(182,'192.168.0.200','playerVirtual8_6280643141','playerVirtual8','192.168.0.200','playerVirtual2','playerVirtual8_6280643141',0,1,512,1,'2018-02-17 05:23:02','2018-02-17 05:23:02'),(183,'192.168.0.200','playerVirtual19_6415979192','playerVirtual19','192.168.0.200','playerVirtual14','playerVirtual14_91b4ebdf31',1,1,512,1,'2018-02-17 05:26:57',NULL),(184,'192.168.0.200','playerVirtual2_16917741','playerVirtual2','192.168.0.200','playerVirtual8','playerVirtual8_012bac8dba',1,1,512,1,'2018-02-17 05:39:15',NULL),(185,'192.168.0.200','playerVirtual18_4246147567','playerVirtual18','192.168.0.200','playerVirtual11','playerVirtual18_4246147567',0,2,4096,40,'2018-02-17 05:43:27','2018-02-17 05:43:27'),(186,'192.168.0.200','playerVirtual6_4246147567','playerVirtual6','192.168.0.200','playerVirtual1','playerVirtual6_4246147567',0,2,4096,40,'2018-02-17 05:47:32','2018-02-17 05:47:32'),(187,'192.168.0.200','playerVirtual14_1093460','playerVirtual14','192.168.0.200','playerVirtual18','playerVirtual18_efa854cd63',1,1,512,1,'2018-02-17 05:55:45',NULL),(188,'192.168.0.200','playerVirtual17_6415978528','playerVirtual17','192.168.0.200','playerVirtual19','playerVirtual19_dc73696fdb',1,1,512,1,'2018-02-17 05:55:56',NULL),(189,'192.168.0.200','playerVirtual13_4246147567','playerVirtual13','192.168.0.200','playerVirtual1','playerVirtual1_f4b57a5731',3,2,4096,40,'2018-02-17 06:00:09','2018-02-17 06:16:53'),(190,'192.168.0.200','playerVirtual15_4246147567','playerVirtual15','192.168.0.200','playerVirtual17','playerVirtual17_d249b25365',1,2,4096,40,'2018-02-17 06:01:38',NULL),(191,'192.168.0.200','playerVirtual2_331141765','playerVirtual2','192.168.0.200','playerVirtual13','playerVirtual13_6a8d1892eb',1,1,512,1,'2018-02-17 06:05:09',NULL),(192,'192.168.0.200','playerVirtual19_904011','playerVirtual19','192.168.0.200','playerVirtual15','playerVirtual15_1e987622bd',1,1,2048,20,'2018-02-17 06:06:59',NULL),(193,'192.168.0.200','playerVirtual1_4246147567','playerVirtual1','192.168.0.200','playerVirtual13','playerVirtual13_9b13149dc8',3,2,4096,40,'2018-02-17 06:07:11','2018-02-17 06:30:47'),(194,'192.168.0.200','playerVirtual11_5792765','playerVirtual11','192.168.0.200','playerVirtual6','playerVirtual6_ac4af1e9d9',1,1,512,1,'2018-02-17 06:13:42',NULL),(195,'192.168.0.200','playerVirtual14_908315','playerVirtual14','192.168.0.200','playerVirtual16','playerVirtual16_1c0d17b9b6',1,1,2048,20,'2018-02-17 06:22:27',NULL),(196,'192.168.0.200','playerVirtual19_6289704471','playerVirtual19','192.168.0.200','playerVirtual2','playerVirtual19_6289704471',0,1,2048,20,'2018-02-17 06:25:33','2018-02-17 06:25:33'),(197,'192.168.0.200','playerVirtual2_990694203','playerVirtual2','192.168.0.200','playerVirtual8','playerVirtual8_bafc454c9d',3,1,2048,20,'2018-02-17 06:37:48','2018-02-17 07:02:42'),(198,'192.168.0.200','playerVirtual6_990694203','playerVirtual6','192.168.0.200','playerVirtual11','playerVirtual6_990694203',0,1,2048,20,'2018-02-17 06:44:31','2018-02-17 06:44:31'),(199,'192.168.0.200','playerVirtual8_6571218','playerVirtual8','192.168.0.200','playerVirtual1','playerVirtual8_6571218',0,1,2048,20,'2018-02-17 06:45:58','2018-02-17 06:45:58'),(200,'192.168.0.200','playerVirtual11_359920779','playerVirtual11','192.168.0.200','playerVirtual13','playerVirtual13_c5f47978e6',3,1,512,1,'2018-02-17 06:46:22','2018-02-17 07:15:23'),(201,'192.168.0.200','playerVirtual17_1438244924','playerVirtual17','192.168.0.200','playerVirtual14','playerVirtual14_600596962c',1,1,2048,20,'2018-02-17 06:54:08',NULL),(202,'192.168.0.200','playerVirtual14_640692267','playerVirtual14','192.168.0.200','playerVirtual18','playerVirtual18_31fdd8ff94',1,1,512,1,'2018-02-17 06:57:11',NULL),(203,'192.168.0.200','playerVirtual13_5297461910','playerVirtual13','192.168.0.200','playerVirtual6','playerVirtual6_a0a9317791',1,1,512,1,'2018-02-17 06:59:05',NULL),(204,'192.168.0.200','playerVirtual15_3539487736','playerVirtual15','192.168.0.200','playerVirtual19','playerVirtual19_c990316ffa',1,1,2048,20,'2018-02-17 07:02:29',NULL),(205,'192.168.0.200','playerVirtual19_6453653899','playerVirtual19','192.168.0.200','playerVirtual17','playerVirtual17_52aa3e1077',3,1,512,1,'2018-02-17 07:09:38','2018-02-17 08:35:18'),(206,'192.168.0.200','playerVirtual14_4246147567','playerVirtual14','192.168.0.200','playerVirtual15','playerVirtual15_f1293824ef',1,2,4096,40,'2018-02-17 07:27:22',NULL),(207,'192.168.0.200','playerVirtual2_3338010893','playerVirtual2','192.168.0.200','playerVirtual16','playerVirtual16_49f5314c40',1,1,512,1,'2018-02-17 07:40:51',NULL),(208,'192.168.0.200','playerVirtual6_905614','playerVirtual6','192.168.0.200','playerVirtual2','playerVirtual6_905614',0,1,2048,20,'2018-02-17 07:48:37','2018-02-17 07:48:37'),(209,'192.168.0.200','playerVirtual11_4246147567','playerVirtual11','192.168.0.200','playerVirtual8','playerVirtual8_94ac9175fd',3,2,4096,40,'2018-02-17 07:50:55','2018-02-17 08:18:56'),(210,'192.168.0.200','playerVirtual18_4246147567','playerVirtual18','192.168.0.200','playerVirtual11','playerVirtual18_4246147567',0,2,4096,40,'2018-02-17 08:03:00','2018-02-17 08:03:00'),(211,'192.168.0.200','playerVirtual15_359920779','playerVirtual15','192.168.0.200','playerVirtual1','playerVirtual15_359920779',0,1,512,1,'2018-02-17 08:07:28','2018-02-17 08:07:28'),(212,'192.168.0.200','playerVirtual2_4246147567','playerVirtual2','192.168.0.200','playerVirtual13','playerVirtual13_5206dd08c8',3,2,4096,40,'2018-02-17 08:08:09','2018-02-17 08:46:19'),(213,'192.168.0.200','playerVirtual6_4246147567','playerVirtual6','192.168.0.200','playerVirtual2','playerVirtual6_4246147567',0,2,4096,40,'2018-02-17 08:13:34','2018-02-17 08:13:34'),(214,'192.168.0.200','playerVirtual13_4246147567','playerVirtual13','192.168.0.200','playerVirtual14','playerVirtual14_45b7784d38',1,2,4096,40,'2018-02-17 08:22:37',NULL),(215,'192.168.0.200','playerVirtual11_6280643141','playerVirtual11','192.168.0.200','playerVirtual6','playerVirtual6_92435d41a5',1,1,512,1,'2018-02-17 08:57:45',NULL);
/*!40000 ALTER TABLE `VM` ENABLE KEYS */;
UNLOCK TABLES;
/*!40103 SET TIME_ZONE=@OLD_TIME_ZONE */;

/*!40101 SET SQL_MODE=@OLD_SQL_MODE */;
/*!40014 SET FOREIGN_KEY_CHECKS=@OLD_FOREIGN_KEY_CHECKS */;
/*!40014 SET UNIQUE_CHECKS=@OLD_UNIQUE_CHECKS */;
/*!40101 SET CHARACTER_SET_CLIENT=@OLD_CHARACTER_SET_CLIENT */;
/*!40101 SET CHARACTER_SET_RESULTS=@OLD_CHARACTER_SET_RESULTS */;
/*!40101 SET COLLATION_CONNECTION=@OLD_COLLATION_CONNECTION */;
/*!40111 SET SQL_NOTES=@OLD_SQL_NOTES */;

-- Dump completed on 2018-02-17  6:59:17
