-- MySQL dump 10.14  Distrib 5.5.58-MariaDB, for debian-linux-gnu (x86_64)
--
-- Host: localhost    Database: mct
-- ------------------------------------------------------
-- Server version	5.5.58-MariaDB-1ubuntu0.14.04.1

/*!40101 SET @OLD_CHARACTER_SET_CLIENT=@@CHARACTER_SET_CLIENT */;
/*!40101 SET @OLD_CHARACTER_SET_RESULTS=@@CHARACTER_SET_RESULTS */;
/*!40101 SET @OLD_COLLATION_CONNECTION=@@COLLATION_CONNECTION */;
/*!40101 SET NAMES utf8 */;
/*!40103 SET @OLD_TIME_ZONE=@@TIME_ZONE */;
/*!40103 SET TIME_ZONE='+00:00' */;
/*!40014 SET @OLD_UNIQUE_CHECKS=@@UNIQUE_CHECKS, UNIQUE_CHECKS=0 */;
/*!40014 SET @OLD_FOREIGN_KEY_CHECKS=@@FOREIGN_KEY_CHECKS, FOREIGN_KEY_CHECKS=0 */;
/*!40101 SET @OLD_SQL_MODE=@@SQL_MODE, SQL_MODE='NO_AUTO_VALUE_ON_ZERO' */;
/*!40111 SET @OLD_SQL_NOTES=@@SQL_NOTES, SQL_NOTES=0 */;

--
-- Table structure for table `FIELDS`
--

DROP TABLE IF EXISTS `FIELDS`;
/*!40101 SET @saved_cs_client     = @@character_set_client */;
/*!40101 SET character_set_client = utf8 */;
CREATE TABLE `FIELDS` (
  `operation` int(11) NOT NULL,
  `fields` varchar(45) NOT NULL,
  PRIMARY KEY (`operation`)
) ENGINE=InnoDB DEFAULT CHARSET=utf8;
/*!40101 SET character_set_client = @saved_cs_client */;

--
-- Dumping data for table `FIELDS`
--

LOCK TABLES `FIELDS` WRITE;
/*!40000 ALTER TABLE `FIELDS` DISABLE KEYS */;
INSERT INTO `FIELDS` VALUES (0,'name mem image vcpus disk uuid');
/*!40000 ALTER TABLE `FIELDS` ENABLE KEYS */;
UNLOCK TABLES;

--
-- Table structure for table `PLAYER`
--

DROP TABLE IF EXISTS `PLAYER`;
/*!40101 SET @saved_cs_client     = @@character_set_client */;
/*!40101 SET character_set_client = utf8 */;
CREATE TABLE `PLAYER` (
  `id` int(11) NOT NULL AUTO_INCREMENT,
  `name` varchar(45) NOT NULL,
  `address` varchar(45) NOT NULL,
  `division` int(11) DEFAULT NULL,
  `score` float DEFAULT '0',
  `history` int(11) DEFAULT '0',
  `fairness` float DEFAULT '0',
  `accepts` int(11) DEFAULT '0',
  `rejects` int(11) DEFAULT '0',
  `running` int(11) DEFAULT '0',
  `finished` int(11) DEFAULT '0',
  `problem_del` int(11) DEFAULT '0',
  `vcpus` int(11) DEFAULT '0',
  `memory` bigint(20) DEFAULT '0',
  `local_gb` bigint(20) DEFAULT '0',
  `vcpus_used` bigint(20) DEFAULT '0',
  `memory_used` bigint(20) DEFAULT '0',
  `local_gb_used` bigint(20) DEFAULT '0',
  `max_instance` int(11) DEFAULT '0',
  `token` varchar(45) DEFAULT NULL,
  `suspend` timestamp NULL DEFAULT NULL,
  `enabled` int(11) DEFAULT '0',
  `last_choice` timestamp NOT NULL DEFAULT '2018-01-01 02:00:00',
  `playoff` tinyint(1) DEFAULT '0',
  PRIMARY KEY (`id`)
) ENGINE=InnoDB AUTO_INCREMENT=29 DEFAULT CHARSET=utf8;
/*!40101 SET character_set_client = @saved_cs_client */;

--
-- Dumping data for table `PLAYER`
--

LOCK TABLES `PLAYER` WRITE;
/*!40000 ALTER TABLE `PLAYER` DISABLE KEYS */;
INSERT INTO `PLAYER` VALUES (1,'playerVirtual1','192.168.0.200',4,-2,0,1,1,2,0,1,0,1023,1047552,10230,0,0,0,1,'ce493948741d9aa449f3b5ea57606fabfb2aa2de',NULL,0,'2018-03-01 23:31:11',1),(2,'playerVirtual2','192.168.0.200',1,11.28,29,0.6875,7,0,7,0,0,1023,1047552,10230,12,23040,221,9,'d90af79d1af929db9a997998cf73efbb9b8b88a7',NULL,1,'2018-03-02 01:25:02',0),(3,'playerVirtual3','192.168.0.200',3,2.32,28,0.866667,2,1,2,0,0,1023,1047552,10230,3,4608,41,2,'1880364dac54cfa73e8d504482cdc38864c0d855',NULL,1,'2018-03-01 23:33:19',0),(4,'playerVirtual4','192.168.0.200',1,9.97,27,0.785714,14,0,7,7,0,1023,1047552,10230,7,8192,64,9,'0adb28e7c6950f4316e7e40bc6c0451bfd75d302',NULL,1,'2018-03-02 01:47:48',0),(5,'playerVirtual0','192.168.0.200',4,-10,0,1,0,5,0,0,0,1023,1047552,10230,0,0,0,99,'b1a140d0b8c5b18ba766dba5ba06af936090e4ae',NULL,0,'2018-03-01 23:42:12',1),(6,'playerVirtual5','192.168.0.200',1,9.96,26,0.833333,7,0,4,3,0,1023,1047552,10230,5,7168,62,5,'91ceb37a8588dc5a11e4a8ec02fb0f93016bd948',NULL,1,'2018-03-02 01:20:37',0),(7,'playerVirtual6','192.168.0.200',2,7.31,25,1,7,0,7,0,0,1023,1047552,10230,8,10240,84,7,'ce9ada4434ca84ac36aa38ac9850224cb4496347',NULL,1,'2018-03-02 00:03:25',0),(8,'playerVirtual1585','192.168.0.200',4,-4,0,0,0,2,0,0,0,1023,1047552,10230,0,0,0,99,'07d9fb10299af97dfca1f3aa5d3c6428e59e14e2',NULL,0,'2018-03-01 23:49:32',1),(9,'playerVirtual7','192.168.0.200',3,1.33,24,0,1,0,1,0,0,1023,1047552,10230,1,512,1,1,'475f97aea470593ac413be627eba34a6e205bbbd',NULL,1,'2018-03-01 23:49:28',0),(10,'playerVirtual8','192.168.0.200',1,9.3,23,0.75,13,0,6,7,0,1023,1047552,10230,7,12800,121,9,'23d647a0dd089218a2f2bb566e2bd999b3019667',NULL,1,'2018-03-02 01:37:02',0),(11,'playerVirtual9','192.168.0.200',3,0,22,0.714286,2,0,2,0,0,1023,1047552,10230,2,4096,40,2,'9b0147963274e5f0b81afe580967ff42439a63a4',NULL,1,'2018-03-02 00:02:59',0),(12,'playerVirtual1938','192.168.0.200',4,-6,0,0,0,3,0,0,0,1023,1047552,10230,0,0,0,99,'b6b03a8ac14aa5f9a0edb5e38a9b5bb7bbff9f3f',NULL,0,'2018-03-02 00:06:11',1),(13,'playerVirtual10','192.168.0.200',1,10.63,21,0.4,11,0,7,4,0,1023,1047552,10230,8,11776,103,8,'1f88a23c331b133d9d5c4874af082ad2b9b9e08e',NULL,1,'2018-03-02 01:50:26',0),(14,'playerVirtual11','192.168.0.200',3,1.33,20,0.8,4,0,3,1,0,1023,1047552,10230,4,6656,61,3,'4594e6af4a5731fbdcf278ce5f32eee7f5d5f6d5',NULL,1,'2018-03-02 01:49:56',0),(15,'playerVirtual1422','192.168.0.200',4,-4,0,0,0,2,0,0,0,1023,1047552,10230,0,0,0,99,'58bd5e0d4f295e4e762d09bec3278b88cea7d931',NULL,0,'2018-03-02 00:15:27',1),(16,'playerVirtual12','192.168.0.200',3,2.66,19,0.75,3,0,3,0,0,1023,1047552,10230,3,3072,22,3,'e62084503f4b5668b56decada46194238e404cee',NULL,1,'2018-03-02 00:21:35',0),(17,'playerVirtual13','192.168.0.200',2,8.64,18,0.8,7,0,4,3,0,1023,1047552,10230,4,3584,23,5,'04bc281bf8d78f014a71932970a28ae7ac718312',NULL,1,'2018-03-02 01:46:14',0),(18,'playerVirtual1754','192.168.0.200',4,-2,0,0,0,1,0,0,0,1023,1047552,10230,0,0,0,99,'ec8fc781b5e9b6921bcc0caaf08b9aa7ca9fa7b0',NULL,0,'2018-03-02 00:22:21',1),(19,'playerVirtual14','192.168.0.200',2,8.63,17,0.75,5,0,2,3,0,1023,1047552,10230,2,1024,2,5,'4f3942237f9d2cc2bdfefceeb81a1fd1c0535ce0',NULL,1,'2018-03-02 01:34:02',0),(20,'playerVirtual15','192.168.0.200',1,9.29,16,1,6,0,2,4,0,1023,1047552,10230,2,2560,21,5,'d16065f31a029f3182b4d8ef466d2d3cd031ca11',NULL,1,'2018-03-02 01:37:06',0),(21,'playerVirtual16','192.168.0.200',2,5.97,15,0.666667,6,0,1,5,0,1023,1047552,10230,1,2048,20,3,'fd15fa4af7e58df785d016b64f9adf06a26b4e26',NULL,1,'2018-03-02 01:37:01',0),(22,'playerVirtual1633','192.168.0.200',4,-2,0,0,0,1,0,0,0,1023,1047552,10230,0,0,0,99,'82e685e9e7b49552da7cd31c92522d7dbbb781bb',NULL,0,'2018-03-02 00:38:45',1),(23,'playerVirtual17','192.168.0.200',3,1.33,14,0,1,0,1,0,0,1023,1047552,10230,1,512,1,1,'a68c411a207fa5fd8211ebbfbebeb55cd87f9927',NULL,1,'2018-03-02 00:39:55',0),(24,'playerVirtual18','192.168.0.200',2,7.3,13,0.666667,5,0,2,3,0,1023,1047552,10230,3,4608,41,3,'59d394d1e4b7d0dfbf295d031fa8e48f96d23eee',NULL,1,'2018-03-02 01:50:31',0),(25,'playerVirtual19','192.168.0.200',2,3.31,8,0.666667,5,0,1,4,0,1023,1047552,10230,1,512,1,7,'fd224976a25ef9e3531eb9065a0960f1ae8ac07a',NULL,1,'2018-03-02 01:47:38',1),(26,'playerVirtual1858','192.168.0.200',4,-4,0,0,0,2,0,0,0,1023,1047552,10230,0,0,0,99,'b675d0b2deadad11ca2bd4d8737ddefad4abe6e0',NULL,0,'2018-03-02 01:11:15',1),(27,'playerVirtual1407','192.168.0.200',4,-4,0,0,0,2,0,0,0,1023,1047552,10230,0,0,0,99,'54d4c42eeb8e55e6f7053bd78b2706aa67d4cc14',NULL,0,'2018-03-02 01:23:48',1),(28,'playerVirtual1400','192.168.0.200',3,0,0,0,0,2,0,0,0,1023,1047552,10230,0,0,0,99,'5539f5aaee159eb6248d28735902c8dcf156c826',NULL,1,'2018-03-02 01:52:21',0);
/*!40000 ALTER TABLE `PLAYER` ENABLE KEYS */;
UNLOCK TABLES;

--
-- Table structure for table `REQUEST`
--

DROP TABLE IF EXISTS `REQUEST`;
/*!40101 SET @saved_cs_client     = @@character_set_client */;
/*!40101 SET character_set_client = utf8 */;
CREATE TABLE `REQUEST` (
  `id` int(11) NOT NULL AUTO_INCREMENT,
  `player_id` varchar(45) NOT NULL,
  `request_id` varchar(45) NOT NULL,
  `action` int(11) NOT NULL,
  `timestamp_received` timestamp NULL DEFAULT NULL,
  `timestamp_finished` timestamp NULL DEFAULT NULL,
  `status` int(11) NOT NULL,
  PRIMARY KEY (`id`)
) ENGINE=InnoDB AUTO_INCREMENT=599 DEFAULT CHARSET=utf8;
/*!40101 SET character_set_client = @saved_cs_client */;

--
-- Dumping data for table `REQUEST`
--

LOCK TABLES `REQUEST` WRITE;
/*!40000 ALTER TABLE `REQUEST` DISABLE KEYS */;
INSERT INTO `REQUEST` VALUES (1,'playerVirtual1','playerVirtual1_986ec34848',4,'2018-03-01 23:23:50',NULL,0),(2,'playerVirtual2','playerVirtual2_b2d46bf441',4,'2018-03-01 23:23:50',NULL,0),(3,'playerVirtual1','playerVirtual1_450512000',0,'2018-03-01 23:24:51',NULL,0),(4,'playerVirtual1','playerVirtual1_450512000',0,'2018-03-01 23:24:52',NULL,0),(5,'playerVirtual2','playerVirtual2_1438244924',0,'2018-03-01 23:24:53',NULL,0),(6,'playerVirtual2','playerVirtual2_1438244924',0,'2018-03-01 23:24:54',NULL,0),(7,'playerVirtual1','playerVirtual1_dc7ef13299',3,'2018-03-01 23:25:51',NULL,0),(8,'playerVirtual2','playerVirtual2_10ada01126',3,'2018-03-01 23:25:54',NULL,0),(9,'playerVirtual1','playerVirtual1_640692267',0,'2018-03-01 23:26:57',NULL,0),(10,'playerVirtual1','playerVirtual1_640692267',0,'2018-03-01 23:26:57',NULL,0),(11,'playerVirtual2','playerVirtual2_2381571381',0,'2018-03-01 23:26:58',NULL,0),(12,'playerVirtual2','playerVirtual2_2381571381',0,'2018-03-01 23:26:58',NULL,0),(13,'playerVirtual1','playerVirtual1_17a1b8de7a',4,'2018-03-01 23:27:57',NULL,0),(14,'playerVirtual2','playerVirtual2_93c80890d1',4,'2018-03-01 23:27:58',NULL,0),(15,'playerVirtual3','playerVirtual3_e16916ed12',4,'2018-03-01 23:28:52',NULL,0),(16,'playerVirtual1','playerVirtual1_5297461910',0,'2018-03-01 23:29:00',NULL,0),(17,'playerVirtual1','playerVirtual1_5297461910',0,'2018-03-01 23:29:00',NULL,0),(18,'playerVirtual2','playerVirtual2_2790332778',0,'2018-03-01 23:29:05',NULL,0),(19,'playerVirtual2','playerVirtual2_2790332778',0,'2018-03-01 23:29:06',NULL,0),(20,'playerVirtual1','playerVirtual1_5ac3719db2',3,'2018-03-01 23:30:00',NULL,0),(21,'playerVirtual3','playerVirtual3_369721705',0,'2018-03-01 23:30:04',NULL,0),(22,'playerVirtual3','playerVirtual3_369721705',0,'2018-03-01 23:30:04',NULL,0),(23,'playerVirtual2','playerVirtual2_bd3ac09d36',3,'2018-03-01 23:30:06',NULL,0),(24,'playerVirtual3','playerVirtual3_fc59df2a35',3,'2018-03-01 23:31:04',NULL,0),(25,'playerVirtual1','playerVirtual1_317469422',0,'2018-03-01 23:31:09',NULL,0),(26,'playerVirtual1','playerVirtual1_317469422',0,'2018-03-01 23:31:10',NULL,0),(27,'playerVirtual2','playerVirtual2_6955737',0,'2018-03-01 23:31:11',NULL,0),(28,'playerVirtual2','playerVirtual2_6955737',0,'2018-03-01 23:31:11',NULL,0),(29,'playerVirtual3','playerVirtual3_257338104',0,'2018-03-01 23:32:05',NULL,0),(30,'playerVirtual3','playerVirtual3_257338104',0,'2018-03-01 23:32:06',NULL,0),(31,'playerVirtual1','playerVirtual1_a67f95d15c',4,'2018-03-01 23:32:10',NULL,0),(32,'playerVirtual2','playerVirtual2_793dab2fa1',4,'2018-03-01 23:32:11',NULL,0),(33,'playerVirtual3','playerVirtual3_00cb6b7976',4,'2018-03-01 23:33:06',NULL,0),(34,'playerVirtual2','playerVirtual2_2433236783',0,'2018-03-01 23:33:19',NULL,0),(35,'playerVirtual2','playerVirtual2_2433236783',0,'2018-03-01 23:33:20',NULL,0),(36,'playerVirtual4','playerVirtual4_4a9e0efa27',4,'2018-03-01 23:33:48',NULL,0),(37,'playerVirtual0','playerVirtual0_6ed6d335a7',4,'2018-03-01 23:34:07',NULL,0),(38,'playerVirtual3','playerVirtual3_3338579772',0,'2018-03-01 23:34:19',NULL,0),(39,'playerVirtual3','playerVirtual3_3338579772',0,'2018-03-01 23:34:19',NULL,0),(40,'playerVirtual2','playerVirtual2_57e09c7fcc',3,'2018-03-01 23:34:20',NULL,0),(41,'playerVirtual4','playerVirtual4_257407216',0,'2018-03-01 23:35:02',NULL,0),(42,'playerVirtual3','playerVirtual3_51413509fd',3,'2018-03-01 23:35:19',NULL,0),(43,'playerVirtual0','playerVirtual0_182859403',0,'2018-03-01 23:35:29',NULL,0),(44,'playerVirtual2','playerVirtual2_2359368952',0,'2018-03-01 23:35:36',NULL,0),(45,'playerVirtual2','playerVirtual2_2359368952',0,'2018-03-01 23:35:36',NULL,0),(46,'playerVirtual4','playerVirtual4_b73ac355dd',3,'2018-03-01 23:36:02',NULL,0),(47,'playerVirtual0','playerVirtual0_3f45207748',3,'2018-03-01 23:36:29',NULL,0),(48,'playerVirtual3','playerVirtual3_16917741',0,'2018-03-01 23:36:33',NULL,0),(49,'playerVirtual3','playerVirtual3_16917741',0,'2018-03-01 23:36:34',NULL,0),(50,'playerVirtual2','playerVirtual2_76822f1ce5',4,'2018-03-01 23:36:36',NULL,0),(51,'playerVirtual4','playerVirtual4_2545640208',0,'2018-03-01 23:37:24',NULL,0),(52,'playerVirtual4','playerVirtual4_2545640208',0,'2018-03-01 23:37:25',NULL,0),(53,'playerVirtual3','playerVirtual3_c9bef1aa97',4,'2018-03-01 23:37:33',NULL,0),(54,'playerVirtual0','playerVirtual0_908315',0,'2018-03-01 23:37:45',NULL,0),(55,'playerVirtual0','playerVirtual0_908315',0,'2018-03-01 23:37:45',NULL,0),(56,'playerVirtual2','playerVirtual2_539194189',0,'2018-03-01 23:38:05',NULL,0),(57,'playerVirtual2','playerVirtual2_539194189',0,'2018-03-01 23:38:06',NULL,0),(58,'playerVirtual4','playerVirtual4_00af4e4580',4,'2018-03-01 23:38:25',NULL,0),(59,'playerVirtual0','playerVirtual0_cf7d03ea15',4,'2018-03-01 23:38:45',NULL,0),(60,'playerVirtual5','playerVirtual5_61c4fdbc36',4,'2018-03-01 23:38:53',NULL,0),(61,'playerVirtual2','playerVirtual2_11e3f9dddb',3,'2018-03-01 23:39:05',NULL,0),(62,'playerVirtual3','playerVirtual3_4820204870',0,'2018-03-01 23:39:46',NULL,0),(63,'playerVirtual3','playerVirtual3_4820204870',0,'2018-03-01 23:39:46',NULL,0),(64,'playerVirtual3','playerVirtual3_ce7190ddfb',3,'2018-03-01 23:40:46',NULL,0),(65,'playerVirtual4','playerVirtual4_8058564',0,'2018-03-01 23:41:19',NULL,0),(66,'playerVirtual4','playerVirtual4_8058564',0,'2018-03-01 23:41:19',NULL,0),(67,'playerVirtual0','playerVirtual0_1429160667',0,'2018-03-01 23:41:47',NULL,0),(68,'playerVirtual0','playerVirtual0_1429160667',0,'2018-03-01 23:41:47',NULL,0),(69,'playerVirtual2','playerVirtual2_82730999',0,'2018-03-01 23:41:59',NULL,0),(70,'playerVirtual2','playerVirtual2_82730999',0,'2018-03-01 23:41:59',NULL,0),(71,'playerVirtual5','playerVirtual5_3338010893',0,'2018-03-01 23:42:12',NULL,0),(72,'playerVirtual5','playerVirtual5_3338010893',0,'2018-03-01 23:42:12',NULL,0),(73,'playerVirtual4','playerVirtual4_515de0ec00',3,'2018-03-01 23:42:19',NULL,0),(74,'playerVirtual3','playerVirtual3_351652724',0,'2018-03-01 23:42:58',NULL,0),(75,'playerVirtual3','playerVirtual3_351652724',0,'2018-03-01 23:42:59',NULL,0),(76,'playerVirtual2','playerVirtual2_b2172feed2',4,'2018-03-01 23:42:59',NULL,0),(77,'playerVirtual5','playerVirtual5_eb029b90f6',3,'2018-03-01 23:43:12',NULL,0),(78,'playerVirtual4','playerVirtual4_6571218',0,'2018-03-01 23:43:49',NULL,0),(79,'playerVirtual4','playerVirtual4_6571218',0,'2018-03-01 23:43:50',NULL,0),(80,'playerVirtual6','playerVirtual6_18b315fa08',4,'2018-03-01 23:43:53',NULL,0),(81,'playerVirtual3','playerVirtual3_1275d56654',4,'2018-03-01 23:43:58',NULL,0),(82,'playerVirtual5','playerVirtual5_1339662',0,'2018-03-01 23:44:25',NULL,0),(83,'playerVirtual5','playerVirtual5_1339662',0,'2018-03-01 23:44:25',NULL,0),(84,'playerVirtual2','playerVirtual2_1436344784',0,'2018-03-01 23:44:36',NULL,0),(85,'playerVirtual2','playerVirtual2_1436344784',0,'2018-03-01 23:44:36',NULL,0),(86,'playerVirtual4','playerVirtual4_9d3cb60150',4,'2018-03-01 23:44:50',NULL,0),(87,'playerVirtual5','playerVirtual5_8007522246',4,'2018-03-01 23:45:25',NULL,0),(88,'playerVirtual2','playerVirtual2_7efc0c5538',3,'2018-03-01 23:45:36',NULL,0),(89,'playerVirtual1585','playerVirtual1585_5a8af0b223',4,'2018-03-01 23:46:17',NULL,0),(90,'playerVirtual3','playerVirtual3_284794223',0,'2018-03-01 23:46:19',NULL,0),(91,'playerVirtual3','playerVirtual3_284794223',0,'2018-03-01 23:46:19',NULL,0),(92,'playerVirtual3','playerVirtual3_0c3278ddd6',3,'2018-03-01 23:47:19',NULL,0),(93,'playerVirtual6','playerVirtual6_317497342',0,'2018-03-01 23:47:25',NULL,0),(94,'playerVirtual4','playerVirtual4_359920779',0,'2018-03-01 23:47:52',NULL,0),(95,'playerVirtual4','playerVirtual4_359920779',0,'2018-03-01 23:47:53',NULL,0),(96,'playerVirtual6','playerVirtual6_40cb2763bc',3,'2018-03-01 23:48:26',NULL,0),(97,'playerVirtual2','playerVirtual2_2904109077',0,'2018-03-01 23:48:33',NULL,0),(98,'playerVirtual2','playerVirtual2_2904109077',0,'2018-03-01 23:48:33',NULL,0),(99,'playerVirtual5','playerVirtual5_904011',0,'2018-03-01 23:48:44',NULL,0),(100,'playerVirtual5','playerVirtual5_904011',0,'2018-03-01 23:48:45',NULL,0),(101,'playerVirtual7','playerVirtual7_a80ebe40f9',4,'2018-03-01 23:48:51',NULL,0),(102,'playerVirtual4','playerVirtual4_9cbfaaa21f',3,'2018-03-01 23:48:53',NULL,0),(103,'playerVirtual6','playerVirtual6_1093460',0,'2018-03-01 23:49:28',NULL,0),(104,'playerVirtual6','playerVirtual6_1093460',0,'2018-03-01 23:49:28',NULL,0),(105,'playerVirtual3','playerVirtual3_905614',0,'2018-03-01 23:49:32',NULL,0),(106,'playerVirtual3','playerVirtual3_905614',0,'2018-03-01 23:49:32',NULL,0),(107,'playerVirtual2','playerVirtual2_8e278a3b29',4,'2018-03-01 23:49:33',NULL,0),(108,'playerVirtual5','playerVirtual5_57d3bd40de',3,'2018-03-01 23:49:45',NULL,0),(109,'playerVirtual1585','playerVirtual1585_257338074',0,'2018-03-01 23:49:51',NULL,0),(110,'playerVirtual4','playerVirtual4_470485660',0,'2018-03-01 23:50:26',NULL,0),(111,'playerVirtual4','playerVirtual4_470485660',0,'2018-03-01 23:50:27',NULL,0),(112,'playerVirtual6','playerVirtual6_bfb7c2d4d0',4,'2018-03-01 23:50:28',NULL,0),(113,'playerVirtual3','playerVirtual3_51a4ecb53f',4,'2018-03-01 23:50:32',NULL,0),(114,'playerVirtual1585','playerVirtual1585_e261f25233',3,'2018-03-01 23:50:51',NULL,0),(115,'playerVirtual5','playerVirtual5_5792765',0,'2018-03-01 23:51:06',NULL,0),(116,'playerVirtual5','playerVirtual5_5792765',0,'2018-03-01 23:51:07',NULL,0),(117,'playerVirtual2','playerVirtual2_30788568',0,'2018-03-01 23:51:16',NULL,0),(118,'playerVirtual2','playerVirtual2_30788568',0,'2018-03-01 23:51:17',NULL,0),(119,'playerVirtual4','playerVirtual4_0c3fb12333',4,'2018-03-01 23:51:27',NULL,0),(120,'playerVirtual5','playerVirtual5_313ab44435',4,'2018-03-01 23:52:06',NULL,0),(121,'playerVirtual1585','playerVirtual1585_4820318661',0,'2018-03-01 23:52:13',NULL,0),(122,'playerVirtual2','playerVirtual2_7e2b2c8259',3,'2018-03-01 23:52:17',NULL,0),(123,'playerVirtual7','playerVirtual7_6569547',0,'2018-03-01 23:52:26',NULL,0),(124,'playerVirtual3','playerVirtual3_400453824',0,'2018-03-01 23:53:07',NULL,0),(125,'playerVirtual3','playerVirtual3_400453824',0,'2018-03-01 23:53:07',NULL,0),(126,'playerVirtual7','playerVirtual7_79b017e0a0',3,'2018-03-01 23:53:26',NULL,0),(127,'playerVirtual8','playerVirtual8_6b911e2f4d',4,'2018-03-01 23:53:52',NULL,0),(128,'playerVirtual3','playerVirtual3_817292ff9e',3,'2018-03-01 23:54:07',NULL,0),(129,'playerVirtual6','playerVirtual6_38671842',0,'2018-03-01 23:54:13',NULL,0),(130,'playerVirtual6','playerVirtual6_38671842',0,'2018-03-01 23:54:14',NULL,0),(131,'playerVirtual4','playerVirtual4_4819935267',0,'2018-03-01 23:54:49',NULL,0),(132,'playerVirtual4','playerVirtual4_4819935267',0,'2018-03-01 23:54:49',NULL,0),(133,'playerVirtual7','playerVirtual7_5068098508',0,'2018-03-01 23:55:04',NULL,0),(134,'playerVirtual6','playerVirtual6_0cea832b7f',3,'2018-03-01 23:55:13',NULL,0),(135,'playerVirtual2','playerVirtual2_6264344062',0,'2018-03-01 23:55:33',NULL,0),(136,'playerVirtual2','playerVirtual2_6264344062',0,'2018-03-01 23:55:33',NULL,0),(137,'playerVirtual5','playerVirtual5_4820217293',0,'2018-03-01 23:55:45',NULL,0),(138,'playerVirtual5','playerVirtual5_4820217293',0,'2018-03-01 23:55:45',NULL,0),(139,'playerVirtual4','playerVirtual4_1eba45c06e',3,'2018-03-01 23:55:49',NULL,0),(140,'playerVirtual7','playerVirtual7_2c2e598175',4,'2018-03-01 23:56:05',NULL,0),(141,'playerVirtual2','playerVirtual2_d017f47da0',4,'2018-03-01 23:56:33',NULL,0),(142,'playerVirtual5','playerVirtual5_342fc35ae7',3,'2018-03-01 23:56:45',NULL,0),(143,'playerVirtual6','playerVirtual6_2148750930',0,'2018-03-01 23:58:00',NULL,0),(144,'playerVirtual6','playerVirtual6_2148750930',0,'2018-03-01 23:58:00',NULL,0),(145,'playerVirtual3','playerVirtual3_1095593',0,'2018-03-01 23:58:00',NULL,0),(146,'playerVirtual3','playerVirtual3_1095593',0,'2018-03-01 23:58:01',NULL,0),(147,'playerVirtual9','playerVirtual9_c5ffb96ad3',4,'2018-03-01 23:58:51',NULL,0),(148,'playerVirtual6','playerVirtual6_6979baeedb',4,'2018-03-01 23:59:00',NULL,0),(149,'playerVirtual3','playerVirtual3_99f7d3a864',4,'2018-03-01 23:59:00',NULL,0),(150,'playerVirtual4','playerVirtual4_563574327',0,'2018-03-01 23:59:02',NULL,0),(151,'playerVirtual4','playerVirtual4_563574327',0,'2018-03-01 23:59:03',NULL,0),(152,'playerVirtual1938','playerVirtual1938_a9a07edd96',4,'2018-03-01 23:59:04',NULL,0),(153,'playerVirtual8','playerVirtual8_227443932',0,'2018-03-01 23:59:20',NULL,0),(154,'playerVirtual8','playerVirtual8_227443932',0,'2018-03-01 23:59:20',NULL,0),(155,'playerVirtual2','playerVirtual2_fefcac28a0',3,'2018-03-01 23:59:28',NULL,0),(156,'playerVirtual5','playerVirtual5_16915963',0,'2018-03-01 23:59:48',NULL,0),(157,'playerVirtual5','playerVirtual5_16915963',0,'2018-03-01 23:59:48',NULL,0),(158,'playerVirtual4','playerVirtual4_90c4f3a918',4,'2018-03-02 00:00:03',NULL,0),(159,'playerVirtual8','playerVirtual8_bcaa91eea9',3,'2018-03-02 00:00:20',NULL,0),(160,'playerVirtual5','playerVirtual5_b841c6e53e',4,'2018-03-02 00:00:48',NULL,0),(161,'playerVirtual7','playerVirtual7_765651',0,'2018-03-02 00:01:05',NULL,0),(162,'playerVirtual3','playerVirtual3_272887063',0,'2018-03-02 00:01:55',NULL,0),(163,'playerVirtual3','playerVirtual3_272887063',0,'2018-03-02 00:01:55',NULL,0),(164,'playerVirtual7','playerVirtual7_35d809089c',3,'2018-03-02 00:02:05',NULL,0),(165,'playerVirtual3','playerVirtual3_b5f0558c3d',3,'2018-03-02 00:02:55',NULL,0),(166,'playerVirtual6','playerVirtual6_284757920',0,'2018-03-02 00:02:59',NULL,0),(167,'playerVirtual6','playerVirtual6_284757920',0,'2018-03-02 00:02:59',NULL,0),(168,'playerVirtual8','playerVirtual8_4820204870',0,'2018-03-02 00:03:01',NULL,0),(169,'playerVirtual8','playerVirtual8_4820204870',0,'2018-03-02 00:03:02',NULL,0),(170,'playerVirtual2','playerVirtual2_38676294',0,'2018-03-02 00:03:25',NULL,0),(171,'playerVirtual2','playerVirtual2_38676294',0,'2018-03-02 00:03:25',NULL,0),(172,'playerVirtual10','playerVirtual10_9e5291bf79',4,'2018-03-02 00:03:49',NULL,0),(173,'playerVirtual6','playerVirtual6_10d89d8030',3,'2018-03-02 00:03:59',NULL,0),(174,'playerVirtual8','playerVirtual8_e22872992f',4,'2018-03-02 00:04:01',NULL,0),(175,'playerVirtual2','playerVirtual2_ae07df513b',4,'2018-03-02 00:04:25',NULL,0),(176,'playerVirtual9','playerVirtual9_5623125514',0,'2018-03-02 00:04:35',NULL,0),(177,'playerVirtual9','playerVirtual9_5623125514',0,'2018-03-02 00:04:36',NULL,0),(178,'playerVirtual4','playerVirtual4_182859403',0,'2018-03-02 00:04:43',NULL,0),(179,'playerVirtual4','playerVirtual4_182859403',0,'2018-03-02 00:04:43',NULL,0),(180,'playerVirtual1938','playerVirtual1938_6274355716',0,'2018-03-02 00:04:55',NULL,0),(181,'playerVirtual9','playerVirtual9_d3f7e96ea1',3,'2018-03-02 00:05:35',NULL,0),(182,'playerVirtual4','playerVirtual4_632218a04c',3,'2018-03-02 00:05:43',NULL,0),(183,'playerVirtual7','playerVirtual7_990694203',0,'2018-03-02 00:05:44',NULL,0),(184,'playerVirtual1938','playerVirtual1938_79fecb47b4',3,'2018-03-02 00:05:55',NULL,0),(185,'playerVirtual5','playerVirtual5_990694203',0,'2018-03-02 00:06:11',NULL,0),(186,'playerVirtual5','playerVirtual5_990694203',0,'2018-03-02 00:06:11',NULL,0),(187,'playerVirtual7','playerVirtual7_e8e6fb9e57',4,'2018-03-02 00:06:44',NULL,0),(188,'playerVirtual5','playerVirtual5_64597149a4',3,'2018-03-02 00:07:11',NULL,0),(189,'playerVirtual3','playerVirtual3_4820204870',1,'2018-03-02 00:08:08',NULL,0),(190,'playerVirtual3','playerVirtual3_77555b0f64',4,'2018-03-02 00:08:08',NULL,0),(191,'playerVirtual3','playerVirtual3_4820204870',1,'2018-03-02 00:08:09',NULL,0),(192,'playerVirtual6','playerVirtual6_6280643141',0,'2018-03-02 00:08:44',NULL,0),(193,'playerVirtual6','playerVirtual6_6280643141',0,'2018-03-02 00:08:44',NULL,0),(194,'playerVirtual9','playerVirtual9_6282149131',0,'2018-03-02 00:08:53',NULL,0),(195,'playerVirtual9','playerVirtual9_6282149131',0,'2018-03-02 00:08:53',NULL,0),(196,'playerVirtual11','playerVirtual11_ebfdf34a44',4,'2018-03-02 00:08:54',NULL,0),(197,'playerVirtual4','playerVirtual4_182859403',1,'2018-03-02 00:09:11',NULL,0),(198,'playerVirtual4','playerVirtual4_23c2524987',4,'2018-03-02 00:09:12',NULL,0),(199,'playerVirtual4','playerVirtual4_182859403',1,'2018-03-02 00:09:12',NULL,0),(200,'playerVirtual2','playerVirtual2_272887063',0,'2018-03-02 00:09:31',NULL,0),(201,'playerVirtual2','playerVirtual2_272887063',0,'2018-03-02 00:09:32',NULL,0),(202,'playerVirtual6','playerVirtual6_4142069f5f',4,'2018-03-02 00:09:44',NULL,0),(203,'playerVirtual9','playerVirtual9_a1f1f17a5c',4,'2018-03-02 00:09:53',NULL,0),(204,'playerVirtual8','playerVirtual8_4476462938',0,'2018-03-02 00:10:14',NULL,0),(205,'playerVirtual8','playerVirtual8_4476462938',0,'2018-03-02 00:10:14',NULL,0),(206,'playerVirtual5','playerVirtual5_0bfcba0f86',4,'2018-03-02 00:10:15',NULL,0),(207,'playerVirtual2','playerVirtual2_53fd2fb1e2',3,'2018-03-02 00:10:30',NULL,0),(208,'playerVirtual1422','playerVirtual1422_1bc2b88c47',4,'2018-03-02 00:11:10',NULL,0),(209,'playerVirtual8','playerVirtual8_6c07563e5a',3,'2018-03-02 00:11:14',NULL,0),(210,'playerVirtual10','playerVirtual10_6280638724',0,'2018-03-02 00:11:34',NULL,0),(211,'playerVirtual10','playerVirtual10_6280638724',0,'2018-03-02 00:11:38',NULL,0),(212,'playerVirtual7','playerVirtual7_3050f6e7e8',3,'2018-03-02 00:11:44',NULL,0),(213,'playerVirtual3','playerVirtual3_272887063',1,'2018-03-02 00:11:55',NULL,0),(214,'playerVirtual3','playerVirtual3_5c31e61efa',3,'2018-03-02 00:11:55',NULL,0),(215,'playerVirtual3','playerVirtual3_272887063',1,'2018-03-02 00:11:55',NULL,0),(216,'playerVirtual10','playerVirtual10_1ae9880c85',3,'2018-03-02 00:12:32',NULL,0),(217,'playerVirtual12','playerVirtual12_d2efb862c8',4,'2018-03-02 00:13:52',NULL,0),(218,'playerVirtual6','playerVirtual6_214880781',0,'2018-03-02 00:14:25',NULL,0),(219,'playerVirtual6','playerVirtual6_214880781',0,'2018-03-02 00:14:26',NULL,0),(220,'playerVirtual8','playerVirtual8_6285257156',0,'2018-03-02 00:14:53',NULL,0),(221,'playerVirtual8','playerVirtual8_6285257156',0,'2018-03-02 00:14:54',NULL,0),(222,'playerVirtual4','playerVirtual4_682797',0,'2018-03-02 00:15:06',NULL,0),(223,'playerVirtual4','playerVirtual4_682797',0,'2018-03-02 00:15:06',NULL,0),(224,'playerVirtual2','playerVirtual2_182859403',0,'2018-03-02 00:15:08',NULL,0),(225,'playerVirtual2','playerVirtual2_182859403',0,'2018-03-02 00:15:08',NULL,0),(226,'playerVirtual6','playerVirtual6_660be8943b',3,'2018-03-02 00:15:25',NULL,0),(227,'playerVirtual10','playerVirtual10_1438244924',0,'2018-03-02 00:15:27',NULL,0),(228,'playerVirtual10','playerVirtual10_1438244924',0,'2018-03-02 00:15:27',NULL,0),(229,'playerVirtual8','playerVirtual8_60175106e9',4,'2018-03-02 00:15:53',NULL,0),(230,'playerVirtual9','playerVirtual9_1094955',0,'2018-03-02 00:16:02',NULL,0),(231,'playerVirtual9','playerVirtual9_1094955',0,'2018-03-02 00:16:03',NULL,0),(232,'playerVirtual4','playerVirtual4_f5533c5514',3,'2018-03-02 00:16:06',NULL,0),(233,'playerVirtual2','playerVirtual2_dc38c063f8',4,'2018-03-02 00:16:08',NULL,0),(234,'playerVirtual10','playerVirtual10_6809ca6301',4,'2018-03-02 00:16:27',NULL,0),(235,'playerVirtual5','playerVirtual5_16914091',0,'2018-03-02 00:16:40',NULL,0),(236,'playerVirtual5','playerVirtual5_16914091',0,'2018-03-02 00:16:41',NULL,0),(237,'playerVirtual7','playerVirtual7_6955737',0,'2018-03-02 00:17:02',NULL,0),(238,'playerVirtual9','playerVirtual9_107fd3e48c',3,'2018-03-02 00:17:03',NULL,0),(239,'playerVirtual11','playerVirtual11_1436323714',0,'2018-03-02 00:17:09',NULL,0),(240,'playerVirtual11','playerVirtual11_1436323714',0,'2018-03-02 00:17:09',NULL,0),(241,'playerVirtual5','playerVirtual5_359d7a4dc2',3,'2018-03-02 00:17:41',NULL,0),(242,'playerVirtual7','playerVirtual7_71da785cd0',4,'2018-03-02 00:18:03',NULL,0),(243,'playerVirtual11','playerVirtual11_6dc06bd843',3,'2018-03-02 00:18:09',NULL,0),(244,'playerVirtual3','playerVirtual3_6955737',0,'2018-03-02 00:18:39',NULL,0),(245,'playerVirtual3','playerVirtual3_6955737',0,'2018-03-02 00:18:40',NULL,0),(246,'playerVirtual13','playerVirtual13_d41fdcf1b2',4,'2018-03-02 00:18:50',NULL,0),(247,'playerVirtual3','playerVirtual3_28ba976c28',4,'2018-03-02 00:19:40',NULL,0),(248,'playerVirtual6','playerVirtual6_2381571381',0,'2018-03-02 00:21:32',NULL,0),(249,'playerVirtual6','playerVirtual6_2381571381',0,'2018-03-02 00:21:32',NULL,0),(250,'playerVirtual4','playerVirtual4_6289355687',0,'2018-03-02 00:21:35',NULL,0),(251,'playerVirtual4','playerVirtual4_6289355687',0,'2018-03-02 00:21:35',NULL,0),(252,'playerVirtual11','playerVirtual11_1436344784',0,'2018-03-02 00:21:42',NULL,0),(253,'playerVirtual11','playerVirtual11_1436344784',0,'2018-03-02 00:21:42',NULL,0),(254,'playerVirtual2','playerVirtual2_c5908fa5be',3,'2018-03-02 00:21:48',NULL,0),(255,'playerVirtual1754','playerVirtual1754_b596ea840a',4,'2018-03-02 00:22:01',NULL,0),(256,'playerVirtual9','playerVirtual9_1438244924',0,'2018-03-02 00:22:21',NULL,0),(257,'playerVirtual9','playerVirtual9_1438244924',0,'2018-03-02 00:22:21',NULL,0),(258,'playerVirtual6','playerVirtual6_39d359cdd5',4,'2018-03-02 00:22:32',NULL,0),(259,'playerVirtual4','playerVirtual4_745e403fd2',4,'2018-03-02 00:22:35',NULL,0),(260,'playerVirtual11','playerVirtual11_f80f4a86d4',4,'2018-03-02 00:22:42',NULL,0),(261,'playerVirtual5','playerVirtual5_6289704471',0,'2018-03-02 00:22:46',NULL,0),(262,'playerVirtual5','playerVirtual5_6289704471',0,'2018-03-02 00:22:46',NULL,0),(263,'playerVirtual7','playerVirtual7_4a95ef36d9',3,'2018-03-02 00:23:05',NULL,0),(264,'playerVirtual8','playerVirtual8_2378747961',0,'2018-03-02 00:23:06',NULL,0),(265,'playerVirtual8','playerVirtual8_2378747961',0,'2018-03-02 00:23:08',NULL,0),(266,'playerVirtual9','playerVirtual9_0f575a9c1d',4,'2018-03-02 00:23:21',NULL,0),(267,'playerVirtual12','playerVirtual12_3338579772',0,'2018-03-02 00:23:31',NULL,0),(268,'playerVirtual12','playerVirtual12_3338579772',0,'2018-03-02 00:23:31',NULL,0),(269,'playerVirtual3','playerVirtual3_3338579772',1,'2018-03-02 00:23:34',NULL,0),(270,'playerVirtual3','playerVirtual3_695464e692',3,'2018-03-02 00:23:34',NULL,0),(271,'playerVirtual3','playerVirtual3_3338579772',1,'2018-03-02 00:23:35',NULL,0),(272,'playerVirtual5','playerVirtual5_68d82e1d12',4,'2018-03-02 00:23:46',NULL,0),(273,'playerVirtual14','playerVirtual14_635d276c10',4,'2018-03-02 00:23:48',NULL,0),(274,'playerVirtual8','playerVirtual8_9cbc2cc6c5',3,'2018-03-02 00:24:05',NULL,0),(275,'playerVirtual12','playerVirtual12_b43af49061',3,'2018-03-02 00:24:31',NULL,0),(276,'playerVirtual10','playerVirtual10_8ef1fdf52b',3,'2018-03-02 00:25:00',NULL,0),(277,'playerVirtual2','playerVirtual2_1438244924',1,'2018-03-02 00:26:46',NULL,0),(278,'playerVirtual2','playerVirtual2_239ed841c2',4,'2018-03-02 00:26:46',NULL,0),(279,'playerVirtual2','playerVirtual2_1438244924',1,'2018-03-02 00:26:46',NULL,0),(280,'playerVirtual15','playerVirtual15_de59cbd3aa',4,'2018-03-02 00:28:50',NULL,0),(281,'playerVirtual8','playerVirtual8_2378747961',1,'2018-03-02 00:29:12',NULL,0),(282,'playerVirtual8','playerVirtual8_01acad5960',4,'2018-03-02 00:29:13',NULL,0),(283,'playerVirtual8','playerVirtual8_2378747961',1,'2018-03-02 00:29:13',NULL,0),(284,'playerVirtual13','playerVirtual13_794070039',0,'2018-03-02 00:29:45',NULL,0),(285,'playerVirtual13','playerVirtual13_794070039',0,'2018-03-02 00:29:46',NULL,0),(286,'playerVirtual6','playerVirtual6_6296268057',0,'2018-03-02 00:30:19',NULL,0),(287,'playerVirtual6','playerVirtual6_6296268057',0,'2018-03-02 00:30:20',NULL,0),(288,'playerVirtual13','playerVirtual13_77b0cc9bca',3,'2018-03-02 00:30:45',NULL,0),(289,'playerVirtual4','playerVirtual4_6296865278',0,'2018-03-02 00:31:11',NULL,0),(290,'playerVirtual4','playerVirtual4_6296865278',0,'2018-03-02 00:31:12',NULL,0),(291,'playerVirtual6','playerVirtual6_13c7533f9f',3,'2018-03-02 00:31:19',NULL,0),(292,'playerVirtual3','playerVirtual3_1095593',1,'2018-03-02 00:31:49',NULL,0),(293,'playerVirtual3','playerVirtual3_2818a41c8e',4,'2018-03-02 00:31:49',NULL,0),(294,'playerVirtual3','playerVirtual3_1095593',1,'2018-03-02 00:31:49',NULL,0),(295,'playerVirtual4','playerVirtual4_9ebd7beaaa',3,'2018-03-02 00:32:11',NULL,0),(296,'playerVirtual2','playerVirtual2_6f7202d2e0',3,'2018-03-02 00:32:36',NULL,0),(297,'playerVirtual12','playerVirtual12_6289704471',0,'2018-03-02 00:32:58',NULL,0),(298,'playerVirtual12','playerVirtual12_6289704471',0,'2018-03-02 00:32:58',NULL,0),(299,'playerVirtual7','playerVirtual7_6264344062',0,'2018-03-02 00:33:50',NULL,0),(300,'playerVirtual16','playerVirtual16_275c755103',4,'2018-03-02 00:33:53',NULL,0),(301,'playerVirtual12','playerVirtual12_50eaac84e0',4,'2018-03-02 00:33:58',NULL,0),(302,'playerVirtual9','playerVirtual9_990694203',0,'2018-03-02 00:34:02',NULL,0),(303,'playerVirtual9','playerVirtual9_990694203',0,'2018-03-02 00:34:02',NULL,0),(304,'playerVirtual11','playerVirtual11_182859403',0,'2018-03-02 00:34:19',NULL,0),(305,'playerVirtual11','playerVirtual11_182859403',0,'2018-03-02 00:34:20',NULL,0),(306,'playerVirtual10','playerVirtual10_1095593',0,'2018-03-02 00:34:42',NULL,0),(307,'playerVirtual10','playerVirtual10_1095593',0,'2018-03-02 00:34:42',NULL,0),(308,'playerVirtual7','playerVirtual7_db958450f5',4,'2018-03-02 00:34:51',NULL,0),(309,'playerVirtual5','playerVirtual5_6301942525',0,'2018-03-02 00:35:01',NULL,0),(310,'playerVirtual5','playerVirtual5_6301942525',0,'2018-03-02 00:35:01',NULL,0),(311,'playerVirtual9','playerVirtual9_8ee72c813f',3,'2018-03-02 00:35:02',NULL,0),(312,'playerVirtual11','playerVirtual11_ee0e806aed',3,'2018-03-02 00:35:19',NULL,0),(313,'playerVirtual1633','playerVirtual1633_ca6b579272',4,'2018-03-02 00:35:34',NULL,0),(314,'playerVirtual10','playerVirtual10_14ad067f37',4,'2018-03-02 00:35:42',NULL,0),(315,'playerVirtual5','playerVirtual5_d27677458b',3,'2018-03-02 00:36:01',NULL,0),(316,'playerVirtual2','playerVirtual2_6264344062',1,'2018-03-02 00:38:27',NULL,0),(317,'playerVirtual2','playerVirtual2_f710d841dd',4,'2018-03-02 00:38:27',NULL,0),(318,'playerVirtual2','playerVirtual2_6264344062',1,'2018-03-02 00:38:27',NULL,0),(319,'playerVirtual13','playerVirtual13_908315',0,'2018-03-02 00:38:45',NULL,0),(320,'playerVirtual13','playerVirtual13_908315',0,'2018-03-02 00:38:46',NULL,0),(321,'playerVirtual17','playerVirtual17_d623d37710',4,'2018-03-02 00:38:54',NULL,0),(322,'playerVirtual11','playerVirtual11_182859403',1,'2018-03-02 00:38:55',NULL,0),(323,'playerVirtual11','playerVirtual11_a1994c4420',4,'2018-03-02 00:38:56',NULL,0),(324,'playerVirtual11','playerVirtual11_182859403',1,'2018-03-02 00:38:57',NULL,0),(325,'playerVirtual13','playerVirtual13_8af5a3ae3f',4,'2018-03-02 00:39:46',NULL,0),(326,'playerVirtual14','playerVirtual14_5297461910',0,'2018-03-02 00:39:55',NULL,0),(327,'playerVirtual14','playerVirtual14_5297461910',0,'2018-03-02 00:40:00',NULL,0),(328,'playerVirtual9','playerVirtual9_990694203',1,'2018-03-02 00:40:20',NULL,0),(329,'playerVirtual9','playerVirtual9_90c095489e',4,'2018-03-02 00:40:21',NULL,0),(330,'playerVirtual9','playerVirtual9_990694203',1,'2018-03-02 00:40:21',NULL,0),(331,'playerVirtual14','playerVirtual14_e8b3726583',3,'2018-03-02 00:40:53',NULL,0),(332,'playerVirtual7','playerVirtual7_27b0870d32',3,'2018-03-02 00:41:39',NULL,0),(333,'playerVirtual5','playerVirtual5_6289704471',1,'2018-03-02 00:42:09',NULL,0),(334,'playerVirtual5','playerVirtual5_1e440b3ea1',4,'2018-03-02 00:42:09',NULL,0),(335,'playerVirtual5','playerVirtual5_6289704471',1,'2018-03-02 00:42:09',NULL,0),(336,'playerVirtual6','playerVirtual6_539194189',0,'2018-03-02 00:42:32',NULL,0),(337,'playerVirtual6','playerVirtual6_539194189',0,'2018-03-02 00:42:32',NULL,0),(338,'playerVirtual8','playerVirtual8_182859403',0,'2018-03-02 00:42:56',NULL,0),(339,'playerVirtual8','playerVirtual8_182859403',0,'2018-03-02 00:42:56',NULL,0),(340,'playerVirtual6','playerVirtual6_34d2e1f226',4,'2018-03-02 00:43:32',NULL,0),(341,'playerVirtual18','playerVirtual18_9665c21e2e',4,'2018-03-02 00:43:54',NULL,0),(342,'playerVirtual8','playerVirtual8_1def9d68f1',3,'2018-03-02 00:43:56',NULL,0),(343,'playerVirtual3','playerVirtual3_4246147567',0,'2018-03-02 00:44:05',NULL,0),(344,'playerVirtual3','playerVirtual3_4246147567',0,'2018-03-02 00:44:10',NULL,0),(345,'playerVirtual2','playerVirtual2_1436344784',1,'2018-03-02 00:44:23',NULL,0),(346,'playerVirtual2','playerVirtual2_19c7752865',3,'2018-03-02 00:44:23',NULL,0),(347,'playerVirtual2','playerVirtual2_1436344784',1,'2018-03-02 00:44:23',NULL,0),(348,'playerVirtual4','playerVirtual4_6289704471',0,'2018-03-02 00:44:25',NULL,0),(349,'playerVirtual4','playerVirtual4_6289704471',0,'2018-03-02 00:44:25',NULL,0),(350,'playerVirtual10','playerVirtual10_1095593',1,'2018-03-02 00:44:26',NULL,0),(351,'playerVirtual10','playerVirtual10_f228f6ace8',3,'2018-03-02 00:44:27',NULL,0),(352,'playerVirtual10','playerVirtual10_1095593',1,'2018-03-02 00:44:27',NULL,0),(353,'playerVirtual12','playerVirtual12_6289704471',1,'2018-03-02 00:44:41',NULL,0),(354,'playerVirtual12','playerVirtual12_04dcdd41c3',3,'2018-03-02 00:44:41',NULL,0),(355,'playerVirtual12','playerVirtual12_6289704471',1,'2018-03-02 00:44:42',NULL,0),(356,'playerVirtual3','playerVirtual3_bea9df115d',3,'2018-03-02 00:45:05',NULL,0),(357,'playerVirtual4','playerVirtual4_19ba890e9a',4,'2018-03-02 00:45:25',NULL,0),(358,'playerVirtual15','playerVirtual15_6274355716',0,'2018-03-02 00:46:36',NULL,0),(359,'playerVirtual15','playerVirtual15_6274355716',0,'2018-03-02 00:46:36',NULL,0),(360,'playerVirtual14','playerVirtual14_2378747961',0,'2018-03-02 00:46:44',NULL,0),(361,'playerVirtual14','playerVirtual14_2378747961',0,'2018-03-02 00:46:45',NULL,0),(362,'playerVirtual15','playerVirtual15_b924f83d3b',3,'2018-03-02 00:47:36',NULL,0),(363,'playerVirtual14','playerVirtual14_2badc91ee5',4,'2018-03-02 00:47:45',NULL,0),(364,'playerVirtual19','playerVirtual19_d40fe98bea',4,'2018-03-02 00:48:49',NULL,0),(365,'playerVirtual8','playerVirtual8_990694203',0,'2018-03-02 00:52:38',NULL,0),(366,'playerVirtual8','playerVirtual8_990694203',0,'2018-03-02 00:52:40',NULL,0),(367,'playerVirtual15','playerVirtual15_4246147567',0,'2018-03-02 00:52:58',NULL,0),(368,'playerVirtual15','playerVirtual15_4246147567',0,'2018-03-02 00:52:58',NULL,0),(369,'playerVirtual3','playerVirtual3_4246147567',1,'2018-03-02 00:53:19',NULL,0),(370,'playerVirtual3','playerVirtual3_8c4e3e5da2',4,'2018-03-02 00:53:19',NULL,0),(371,'playerVirtual3','playerVirtual3_4246147567',1,'2018-03-02 00:53:19',NULL,0),(372,'playerVirtual13','playerVirtual13_4246147567',0,'2018-03-02 00:53:20',NULL,0),(373,'playerVirtual13','playerVirtual13_4246147567',0,'2018-03-02 00:53:20',NULL,0),(374,'playerVirtual2','playerVirtual2_182859403',1,'2018-03-02 00:53:39',NULL,0),(375,'playerVirtual2','playerVirtual2_e1c08e0a01',4,'2018-03-02 00:53:39',NULL,0),(376,'playerVirtual8','playerVirtual8_5ce45ee5bc',4,'2018-03-02 00:53:40',NULL,0),(377,'playerVirtual2','playerVirtual2_182859403',1,'2018-03-02 00:53:43',NULL,0),(378,'playerVirtual16','playerVirtual16_4246147567',0,'2018-03-02 00:53:48',NULL,0),(379,'playerVirtual16','playerVirtual16_4246147567',0,'2018-03-02 00:53:48',NULL,0),(380,'playerVirtual15','playerVirtual15_45026bd3f2',4,'2018-03-02 00:53:58',NULL,0),(381,'playerVirtual5','playerVirtual5_904011',1,'2018-03-02 00:54:07',NULL,0),(382,'playerVirtual5','playerVirtual5_0d03330e6b',3,'2018-03-02 00:54:07',NULL,0),(383,'playerVirtual5','playerVirtual5_904011',1,'2018-03-02 00:54:07',NULL,0),(384,'playerVirtual6','playerVirtual6_5068098508',0,'2018-03-02 00:54:19',NULL,0),(385,'playerVirtual6','playerVirtual6_5068098508',0,'2018-03-02 00:54:19',NULL,0),(386,'playerVirtual13','playerVirtual13_4aea1b4fc6',3,'2018-03-02 00:54:20',NULL,0),(387,'playerVirtual16','playerVirtual16_16c1a201bb',3,'2018-03-02 00:54:48',NULL,0),(388,'playerVirtual6','playerVirtual6_92d3156cff',3,'2018-03-02 00:55:19',NULL,0),(389,'playerVirtual16','playerVirtual16_4246147567',1,'2018-03-02 00:55:49',NULL,0),(390,'playerVirtual16','playerVirtual16_5f4110efc6',4,'2018-03-02 00:55:49',NULL,0),(391,'playerVirtual16','playerVirtual16_4246147567',1,'2018-03-02 00:55:50',NULL,0),(392,'playerVirtual4','playerVirtual4_4246147567',0,'2018-03-02 00:56:03',NULL,0),(393,'playerVirtual4','playerVirtual4_4246147567',0,'2018-03-02 00:56:04',NULL,0),(394,'playerVirtual12','playerVirtual12_4246147567',0,'2018-03-02 00:56:36',NULL,0),(395,'playerVirtual12','playerVirtual12_4246147567',0,'2018-03-02 00:56:36',NULL,0),(396,'playerVirtual7','playerVirtual7_6316827871',0,'2018-03-02 00:56:50',NULL,0),(397,'playerVirtual11','playerVirtual11_6315250734',0,'2018-03-02 00:56:51',NULL,0),(398,'playerVirtual9','playerVirtual9_4246147567',0,'2018-03-02 00:56:52',NULL,0),(399,'playerVirtual11','playerVirtual11_6315250734',0,'2018-03-02 00:56:54',NULL,0),(400,'playerVirtual9','playerVirtual9_4246147567',0,'2018-03-02 00:56:54',NULL,0),(401,'playerVirtual4','playerVirtual4_1a1ac3aa11',3,'2018-03-02 00:57:04',NULL,0),(402,'playerVirtual12','playerVirtual12_ec62b441d9',4,'2018-03-02 00:57:36',NULL,0),(403,'playerVirtual1858','playerVirtual1858_4e82e39147',4,'2018-03-02 00:57:46',NULL,0),(404,'playerVirtual7','playerVirtual7_d22b5e6c7c',4,'2018-03-02 00:57:47',NULL,0),(405,'playerVirtual11','playerVirtual11_eac77962fb',3,'2018-03-02 00:57:47',NULL,0),(406,'playerVirtual9','playerVirtual9_ca83cac2d7',3,'2018-03-02 00:57:52',NULL,0),(407,'playerVirtual10','playerVirtual10_4246147567',0,'2018-03-02 00:58:04',NULL,0),(408,'playerVirtual10','playerVirtual10_4246147567',0,'2018-03-02 00:58:04',NULL,0),(409,'playerVirtual10','playerVirtual10_7c00d058e3',4,'2018-03-02 00:59:04',NULL,0),(410,'playerVirtual17','playerVirtual17_4246147567',0,'2018-03-02 00:59:12',NULL,0),(411,'playerVirtual17','playerVirtual17_d471ab0109',3,'2018-03-02 01:00:12',NULL,0),(412,'playerVirtual17','playerVirtual17_9654ff7793',4,'2018-03-02 01:01:13',NULL,0),(413,'playerVirtual13','playerVirtual13_4246147567',1,'2018-03-02 01:02:19',NULL,0),(414,'playerVirtual13','playerVirtual13_748ff887be',4,'2018-03-02 01:02:19',NULL,0),(415,'playerVirtual13','playerVirtual13_4246147567',1,'2018-03-02 01:02:20',NULL,0),(416,'playerVirtual2','playerVirtual2_8e9a684a44',3,'2018-03-02 01:03:04',NULL,0),(417,'playerVirtual9','playerVirtual9_4246147567',1,'2018-03-02 01:03:09',NULL,0),(418,'playerVirtual9','playerVirtual9_92663f4b73',4,'2018-03-02 01:03:10',NULL,0),(419,'playerVirtual9','playerVirtual9_4246147567',1,'2018-03-02 01:03:14',NULL,0),(420,'playerVirtual11','playerVirtual11_4246147567',0,'2018-03-02 01:04:21',NULL,0),(421,'playerVirtual11','playerVirtual11_4246147567',0,'2018-03-02 01:04:22',NULL,0),(422,'playerVirtual18','playerVirtual18_4246147567',0,'2018-03-02 01:04:55',NULL,0),(423,'playerVirtual18','playerVirtual18_4246147567',0,'2018-03-02 01:04:56',NULL,0),(424,'playerVirtual14','playerVirtual14_4246147567',0,'2018-03-02 01:05:12',NULL,0),(425,'playerVirtual14','playerVirtual14_4246147567',0,'2018-03-02 01:05:12',NULL,0),(426,'playerVirtual11','playerVirtual11_cf53aec9e0',4,'2018-03-02 01:05:22',NULL,0),(427,'playerVirtual5','playerVirtual5_4246147567',0,'2018-03-02 01:05:43',NULL,0),(428,'playerVirtual5','playerVirtual5_4246147567',0,'2018-03-02 01:05:43',NULL,0),(429,'playerVirtual18','playerVirtual18_685684f5b1',3,'2018-03-02 01:05:56',NULL,0),(430,'playerVirtual14','playerVirtual14_0587417483',3,'2018-03-02 01:06:12',NULL,0),(431,'playerVirtual5','playerVirtual5_201df86a86',4,'2018-03-02 01:06:43',NULL,0),(432,'playerVirtual7','playerVirtual7_4246147567',0,'2018-03-02 01:06:53',NULL,0),(433,'playerVirtual18','playerVirtual18_4246147567',1,'2018-03-02 01:06:57',NULL,0),(434,'playerVirtual18','playerVirtual18_1086e91b7e',4,'2018-03-02 01:06:57',NULL,0),(435,'playerVirtual18','playerVirtual18_4246147567',1,'2018-03-02 01:06:57',NULL,0),(436,'playerVirtual8','playerVirtual8_990694203',1,'2018-03-02 01:07:20',NULL,0),(437,'playerVirtual8','playerVirtual8_690665f94b',3,'2018-03-02 01:07:20',NULL,0),(438,'playerVirtual8','playerVirtual8_990694203',1,'2018-03-02 01:07:21',NULL,0),(439,'playerVirtual10','playerVirtual10_21e7be4713',3,'2018-03-02 01:07:52',NULL,0),(440,'playerVirtual7','playerVirtual7_9981d2c01e',3,'2018-03-02 01:07:54',NULL,0),(441,'playerVirtual6','playerVirtual6_359920779',0,'2018-03-02 01:08:14',NULL,0),(442,'playerVirtual6','playerVirtual6_359920779',0,'2018-03-02 01:08:14',NULL,0),(443,'playerVirtual12','playerVirtual12_4246147567',1,'2018-03-02 01:08:19',NULL,0),(444,'playerVirtual12','playerVirtual12_c9ec0ccac7',3,'2018-03-02 01:08:20',NULL,0),(445,'playerVirtual12','playerVirtual12_4246147567',1,'2018-03-02 01:08:20',NULL,0),(446,'playerVirtual3','playerVirtual3_6322213339',0,'2018-03-02 01:08:34',NULL,0),(447,'playerVirtual3','playerVirtual3_6322213339',0,'2018-03-02 01:08:34',NULL,0),(448,'playerVirtual6','playerVirtual6_d5ba1f8c5b',4,'2018-03-02 01:09:14',NULL,0),(449,'playerVirtual4','playerVirtual4_4246147567',1,'2018-03-02 01:09:17',NULL,0),(450,'playerVirtual4','playerVirtual4_89db7c59ee',4,'2018-03-02 01:09:17',NULL,0),(451,'playerVirtual4','playerVirtual4_4246147567',1,'2018-03-02 01:09:17',NULL,0),(452,'playerVirtual3','playerVirtual3_0d1340b088',3,'2018-03-02 01:09:36',NULL,0),(453,'playerVirtual19','playerVirtual19_1095593',0,'2018-03-02 01:11:15',NULL,0),(454,'playerVirtual19','playerVirtual19_1095593',0,'2018-03-02 01:11:15',NULL,0),(455,'playerVirtual15','playerVirtual15_4246147567',1,'2018-03-02 01:11:45',NULL,0),(456,'playerVirtual15','playerVirtual15_fa47c9a369',3,'2018-03-02 01:11:45',NULL,0),(457,'playerVirtual15','playerVirtual15_4246147567',1,'2018-03-02 01:11:46',NULL,0),(458,'playerVirtual14','playerVirtual14_4246147567',1,'2018-03-02 01:12:03',NULL,0),(459,'playerVirtual14','playerVirtual14_d7e88193ab',4,'2018-03-02 01:12:04',NULL,0),(460,'playerVirtual14','playerVirtual14_4246147567',1,'2018-03-02 01:12:05',NULL,0),(461,'playerVirtual19','playerVirtual19_a80b38035f',3,'2018-03-02 01:12:15',NULL,0),(462,'playerVirtual19','playerVirtual19_4246147567',0,'2018-03-02 01:16:59',NULL,0),(463,'playerVirtual19','playerVirtual19_4246147567',0,'2018-03-02 01:17:03',NULL,0),(464,'playerVirtual19','playerVirtual19_0618e267e6',4,'2018-03-02 01:17:56',NULL,0),(465,'playerVirtual16','playerVirtual16_4246147567',0,'2018-03-02 01:18:37',NULL,0),(466,'playerVirtual16','playerVirtual16_f5aa22d6b3',3,'2018-03-02 01:18:37',NULL,0),(467,'playerVirtual16','playerVirtual16_4246147567',0,'2018-03-02 01:18:37',NULL,0),(468,'playerVirtual2','playerVirtual2_4246147567',0,'2018-03-02 01:18:41',NULL,0),(469,'playerVirtual5','playerVirtual5_4246147567',1,'2018-03-02 01:18:41',NULL,0),(470,'playerVirtual2','playerVirtual2_4246147567',0,'2018-03-02 01:18:41',NULL,0),(471,'playerVirtual5','playerVirtual5_a4a2e32aaf',3,'2018-03-02 01:18:41',NULL,0),(472,'playerVirtual5','playerVirtual5_4246147567',1,'2018-03-02 01:18:42',NULL,0),(473,'playerVirtual13','playerVirtual13_4246147567',0,'2018-03-02 01:19:12',NULL,0),(474,'playerVirtual13','playerVirtual13_06514501d9',3,'2018-03-02 01:19:12',NULL,0),(475,'playerVirtual13','playerVirtual13_4246147567',0,'2018-03-02 01:19:12',NULL,0),(476,'playerVirtual8','playerVirtual8_4246147567',0,'2018-03-02 01:19:20',NULL,0),(477,'playerVirtual8','playerVirtual8_4246147567',0,'2018-03-02 01:19:20',NULL,0),(478,'playerVirtual16','playerVirtual16_4246147567',1,'2018-03-02 01:19:39',NULL,0),(479,'playerVirtual16','playerVirtual16_6034559c56',4,'2018-03-02 01:19:39',NULL,0),(480,'playerVirtual16','playerVirtual16_4246147567',1,'2018-03-02 01:19:39',NULL,0),(481,'playerVirtual2','playerVirtual2_b4680c948b',4,'2018-03-02 01:19:41',NULL,0),(482,'playerVirtual4','playerVirtual4_359920779',1,'2018-03-02 01:20:03',NULL,0),(483,'playerVirtual4','playerVirtual4_6536946069',3,'2018-03-02 01:20:03',NULL,0),(484,'playerVirtual4','playerVirtual4_359920779',1,'2018-03-02 01:20:03',NULL,0),(485,'playerVirtual8','playerVirtual8_2353a42964',4,'2018-03-02 01:20:20',NULL,0),(486,'playerVirtual15','playerVirtual15_4246147567',0,'2018-03-02 01:20:37',NULL,0),(487,'playerVirtual15','playerVirtual15_70596dd7c0',4,'2018-03-02 01:20:37',NULL,0),(488,'playerVirtual15','playerVirtual15_4246147567',0,'2018-03-02 01:20:38',NULL,0),(489,'playerVirtual3','playerVirtual3_4246147567',0,'2018-03-02 01:20:44',NULL,0),(490,'playerVirtual3','playerVirtual3_00f16eab6f',4,'2018-03-02 01:20:44',NULL,0),(491,'playerVirtual3','playerVirtual3_4246147567',0,'2018-03-02 01:20:44',NULL,0),(492,'playerVirtual6','playerVirtual6_5068098508',1,'2018-03-02 01:21:00',NULL,0),(493,'playerVirtual6','playerVirtual6_7854657c71',3,'2018-03-02 01:21:00',NULL,0),(494,'playerVirtual6','playerVirtual6_5068098508',1,'2018-03-02 01:21:00',NULL,0),(495,'playerVirtual1407','playerVirtual1407_eb1c3fbd4b',4,'2018-03-02 01:22:48',NULL,0),(496,'playerVirtual7','playerVirtual7_5a341fde8e',4,'2018-03-02 01:23:01',NULL,0),(497,'playerVirtual11','playerVirtual11_4246147567',1,'2018-03-02 01:23:18',NULL,0),(498,'playerVirtual11','playerVirtual11_e09428c353',3,'2018-03-02 01:23:19',NULL,0),(499,'playerVirtual9','playerVirtual9_4246147567',0,'2018-03-02 01:23:24',NULL,0),(500,'playerVirtual9','playerVirtual9_93b367df16',3,'2018-03-02 01:23:24',NULL,0),(501,'playerVirtual11','playerVirtual11_4246147567',1,'2018-03-02 01:23:25',NULL,0),(502,'playerVirtual9','playerVirtual9_4246147567',0,'2018-03-02 01:23:26',NULL,0),(503,'playerVirtual12','playerVirtual12_4246147567',0,'2018-03-02 01:23:47',NULL,0),(504,'playerVirtual12','playerVirtual12_c758eae450',4,'2018-03-02 01:23:48',NULL,0),(505,'playerVirtual12','playerVirtual12_4246147567',0,'2018-03-02 01:23:48',NULL,0),(506,'playerVirtual17','playerVirtual17_4246147567',0,'2018-03-02 01:24:53',NULL,0),(507,'playerVirtual17','playerVirtual17_e90dee8f9e',3,'2018-03-02 01:24:53',NULL,0),(508,'playerVirtual10','playerVirtual10_4246147567',0,'2018-03-02 01:25:02',NULL,0),(509,'playerVirtual10','playerVirtual10_8d714234ea',4,'2018-03-02 01:25:02',NULL,0),(510,'playerVirtual10','playerVirtual10_4246147567',0,'2018-03-02 01:25:02',NULL,0),(511,'playerVirtual17','playerVirtual17_b0e93cb4cd',4,'2018-03-02 01:25:54',NULL,0),(512,'playerVirtual13','playerVirtual13_4246147567',1,'2018-03-02 01:27:11',NULL,0),(513,'playerVirtual13','playerVirtual13_41540e4582',4,'2018-03-02 01:27:11',NULL,0),(514,'playerVirtual13','playerVirtual13_4246147567',1,'2018-03-02 01:27:12',NULL,0),(515,'playerVirtual9','playerVirtual9_95559ea8d7',4,'2018-03-02 01:28:44',NULL,0),(516,'playerVirtual2','playerVirtual2_4246147567',1,'2018-03-02 01:29:09',NULL,0),(517,'playerVirtual2','playerVirtual2_b9d803b20c',3,'2018-03-02 01:29:09',NULL,0),(518,'playerVirtual2','playerVirtual2_4246147567',1,'2018-03-02 01:29:10',NULL,0),(519,'playerVirtual11','playerVirtual11_1436344784',1,'2018-03-02 01:30:05',NULL,0),(520,'playerVirtual11','playerVirtual11_5fa9efe900',4,'2018-03-02 01:30:06',NULL,0),(521,'playerVirtual11','playerVirtual11_1436344784',1,'2018-03-02 01:30:06',NULL,0),(522,'playerVirtual18','playerVirtual18_6335261139',0,'2018-03-02 01:31:39',NULL,0),(523,'playerVirtual18','playerVirtual18_6335261139',0,'2018-03-02 01:31:40',NULL,0),(524,'playerVirtual18','playerVirtual18_b83ccdfaa6',3,'2018-03-02 01:32:39',NULL,0),(525,'playerVirtual14','playerVirtual14_4246147567',0,'2018-03-02 01:33:05',NULL,0),(526,'playerVirtual14','playerVirtual14_3819d0572c',3,'2018-03-02 01:33:05',NULL,0),(527,'playerVirtual14','playerVirtual14_4246147567',0,'2018-03-02 01:33:06',NULL,0),(528,'playerVirtual10','playerVirtual10_ebef2ab533',3,'2018-03-02 01:33:49',NULL,0),(529,'playerVirtual5','playerVirtual5_4246147567',0,'2018-03-02 01:34:02',NULL,0),(530,'playerVirtual5','playerVirtual5_cb21ed2050',4,'2018-03-02 01:34:02',NULL,0),(531,'playerVirtual5','playerVirtual5_4246147567',0,'2018-03-02 01:34:02',NULL,0),(532,'playerVirtual8','playerVirtual8_4246147567',1,'2018-03-02 01:34:04',NULL,0),(533,'playerVirtual8','playerVirtual8_98ba6386bd',3,'2018-03-02 01:34:04',NULL,0),(534,'playerVirtual8','playerVirtual8_4246147567',1,'2018-03-02 01:34:05',NULL,0),(535,'playerVirtual12','playerVirtual12_c191d47cee',3,'2018-03-02 01:34:31',NULL,0),(536,'playerVirtual3','playerVirtual3_4246147567',1,'2018-03-02 01:35:58',NULL,0),(537,'playerVirtual3','playerVirtual3_00413182f0',3,'2018-03-02 01:35:59',NULL,0),(538,'playerVirtual3','playerVirtual3_4246147567',1,'2018-03-02 01:35:59',NULL,0),(539,'playerVirtual7','playerVirtual7_4246147567',0,'2018-03-02 01:36:08',NULL,0),(540,'playerVirtual7','playerVirtual7_53438b4664',3,'2018-03-02 01:36:08',NULL,0),(541,'playerVirtual6','playerVirtual6_990694203',0,'2018-03-02 01:37:01',NULL,0),(542,'playerVirtual6','playerVirtual6_990694203',0,'2018-03-02 01:37:02',NULL,0),(543,'playerVirtual18','playerVirtual18_4246147567',0,'2018-03-02 01:37:02',NULL,0),(544,'playerVirtual18','playerVirtual18_f2a0784b68',4,'2018-03-02 01:37:02',NULL,0),(545,'playerVirtual18','playerVirtual18_4246147567',0,'2018-03-02 01:37:02',NULL,0),(546,'playerVirtual4','playerVirtual4_4246147567',0,'2018-03-02 01:37:06',NULL,0),(547,'playerVirtual4','playerVirtual4_bde142b09d',4,'2018-03-02 01:37:07',NULL,0),(548,'playerVirtual4','playerVirtual4_4246147567',0,'2018-03-02 01:37:11',NULL,0),(549,'playerVirtual6','playerVirtual6_c489ee3506',4,'2018-03-02 01:38:01',NULL,0),(550,'playerVirtual15','playerVirtual15_4246147567',1,'2018-03-02 01:38:23',NULL,0),(551,'playerVirtual15','playerVirtual15_eb2230ae2f',3,'2018-03-02 01:38:23',NULL,0),(552,'playerVirtual15','playerVirtual15_4246147567',1,'2018-03-02 01:38:23',NULL,0),(553,'playerVirtual14','playerVirtual14_4246147567',1,'2018-03-02 01:38:56',NULL,0),(554,'playerVirtual14','playerVirtual14_8912e3b3c2',4,'2018-03-02 01:38:57',NULL,0),(555,'playerVirtual14','playerVirtual14_4246147567',1,'2018-03-02 01:38:57',NULL,0),(556,'playerVirtual19','playerVirtual19_4246147567',1,'2018-03-02 01:40:24',NULL,0),(557,'playerVirtual19','playerVirtual19_b93707ad92',3,'2018-03-02 01:40:24',NULL,0),(558,'playerVirtual19','playerVirtual19_4246147567',1,'2018-03-02 01:40:24',NULL,0),(559,'playerVirtual5','playerVirtual5_4246147567',1,'2018-03-02 01:46:00',NULL,0),(560,'playerVirtual5','playerVirtual5_79783ff3df',3,'2018-03-02 01:46:00',NULL,0),(561,'playerVirtual5','playerVirtual5_4246147567',1,'2018-03-02 01:46:00',NULL,0),(562,'playerVirtual16','playerVirtual16_6344084916',0,'2018-03-02 01:46:14',NULL,0),(563,'playerVirtual16','playerVirtual16_6344084916',0,'2018-03-02 01:46:15',NULL,0),(564,'playerVirtual16','playerVirtual16_f65bd07ccb',3,'2018-03-02 01:47:14',NULL,0),(565,'playerVirtual13','playerVirtual13_4246147567',0,'2018-03-02 01:47:38',NULL,0),(566,'playerVirtual13','playerVirtual13_9f9e0ad353',3,'2018-03-02 01:47:38',NULL,0),(567,'playerVirtual13','playerVirtual13_4246147567',0,'2018-03-02 01:47:38',NULL,0),(568,'playerVirtual19','playerVirtual19_16917741',0,'2018-03-02 01:47:47',NULL,0),(569,'playerVirtual19','playerVirtual19_16917741',0,'2018-03-02 01:47:48',NULL,0),(570,'playerVirtual4','playerVirtual4_4246147567',1,'2018-03-02 01:47:50',NULL,0),(571,'playerVirtual4','playerVirtual4_60701cac5c',3,'2018-03-02 01:47:51',NULL,0),(572,'playerVirtual4','playerVirtual4_4246147567',1,'2018-03-02 01:47:51',NULL,0),(573,'playerVirtual2','playerVirtual2_272887063',1,'2018-03-02 01:48:01',NULL,0),(574,'playerVirtual2','playerVirtual2_6a87bb111e',4,'2018-03-02 01:48:01',NULL,0),(575,'playerVirtual2','playerVirtual2_272887063',1,'2018-03-02 01:48:01',NULL,0),(576,'playerVirtual19','playerVirtual19_961e6c979e',4,'2018-03-02 01:48:49',NULL,0),(577,'playerVirtual6','playerVirtual6_990694203',1,'2018-03-02 01:49:50',NULL,0),(578,'playerVirtual6','playerVirtual6_e5c855db15',3,'2018-03-02 01:49:51',NULL,0),(579,'playerVirtual3','playerVirtual3_16917741',1,'2018-03-02 01:49:55',NULL,0),(580,'playerVirtual3','playerVirtual3_66ff1832e6',4,'2018-03-02 01:49:55',NULL,0),(581,'playerVirtual6','playerVirtual6_990694203',1,'2018-03-02 01:49:56',NULL,0),(582,'playerVirtual8','playerVirtual8_4246147567',0,'2018-03-02 01:49:56',NULL,0),(583,'playerVirtual8','playerVirtual8_0146d73b54',4,'2018-03-02 01:49:56',NULL,0),(584,'playerVirtual3','playerVirtual3_16917741',1,'2018-03-02 01:49:57',NULL,0),(585,'playerVirtual8','playerVirtual8_4246147567',0,'2018-03-02 01:49:57',NULL,0),(586,'playerVirtual15','playerVirtual15_4246147567',0,'2018-03-02 01:50:26',NULL,0),(587,'playerVirtual15','playerVirtual15_c1c232a3cc',4,'2018-03-02 01:50:27',NULL,0),(588,'playerVirtual15','playerVirtual15_4246147567',0,'2018-03-02 01:50:27',NULL,0),(589,'playerVirtual16','playerVirtual16_4820150269',0,'2018-03-02 01:50:31',NULL,0),(590,'playerVirtual16','playerVirtual16_4820150269',0,'2018-03-02 01:50:31',NULL,0),(591,'playerVirtual7','playerVirtual7_b94de8e546',4,'2018-03-02 01:51:14',NULL,0),(592,'playerVirtual16','playerVirtual16_40a878df2f',4,'2018-03-02 01:51:31',NULL,0),(593,'playerVirtual1400','playerVirtual1400_066531f093',4,'2018-03-02 01:51:52',NULL,0),(594,'playerVirtual9','playerVirtual9_4246147567',0,'2018-03-02 01:52:13',NULL,0),(595,'playerVirtual9','playerVirtual9_9f9bd152f7',3,'2018-03-02 01:52:14',NULL,0),(596,'playerVirtual9','playerVirtual9_4246147567',0,'2018-03-02 01:52:14',NULL,0),(597,'playerVirtual11','playerVirtual11_6566788',0,'2018-03-02 01:52:21',NULL,0),(598,'playerVirtual11','playerVirtual11_6566788',0,'2018-03-02 01:52:21',NULL,0);
/*!40000 ALTER TABLE `REQUEST` ENABLE KEYS */;
UNLOCK TABLES;

--
-- Table structure for table `STATUS`
--

DROP TABLE IF EXISTS `STATUS`;
/*!40101 SET @saved_cs_client     = @@character_set_client */;
/*!40101 SET character_set_client = utf8 */;
CREATE TABLE `STATUS` (
  `id` int(11) NOT NULL AUTO_INCREMENT,
  `players` int(11) DEFAULT '0',
  `all_requests` int(11) DEFAULT '0',
  `accepts` int(11) DEFAULT '0',
  `rejects` int(11) DEFAULT '0',
  `fairness` float DEFAULT '0',
  `timestamp` timestamp NULL DEFAULT NULL,
  PRIMARY KEY (`id`)
) ENGINE=InnoDB AUTO_INCREMENT=32 DEFAULT CHARSET=utf8;
/*!40101 SET character_set_client = @saved_cs_client */;

--
-- Dumping data for table `STATUS`
--

LOCK TABLES `STATUS` WRITE;
/*!40000 ALTER TABLE `STATUS` DISABLE KEYS */;
INSERT INTO `STATUS` VALUES (1,0,0,0,0,0,'2018-03-01 23:22:42'),(2,2,4,3,1,0.75,'2018-03-01 23:27:42'),(3,3,10,8,2,0.8,'2018-03-01 23:32:42'),(4,5,15,10,5,0.666667,'2018-03-01 23:37:42'),(5,6,22,14,8,0.636364,'2018-03-01 23:42:42'),(6,8,27,18,9,0.666667,'2018-03-01 23:47:42'),(7,9,35,25,10,0.714286,'2018-03-01 23:52:43'),(8,10,40,30,10,0.75,'2018-03-01 23:57:43'),(9,12,46,35,11,0.76087,'2018-03-02 00:02:43'),(10,13,52,39,13,0.75,'2018-03-02 00:07:43'),(11,15,57,42,15,0.736842,'2018-03-02 00:12:43'),(12,16,65,49,16,0.753846,'2018-03-02 00:17:43'),(13,18,70,53,17,0.757143,'2018-03-02 00:22:43'),(14,19,73,56,17,0.767123,'2018-03-02 00:27:43'),(15,20,76,59,17,0.776316,'2018-03-02 00:32:44'),(16,22,81,64,17,0.790123,'2018-03-02 00:37:44'),(17,23,84,65,19,0.77381,'2018-03-02 00:42:44'),(18,24,89,70,19,0.786517,'2018-03-02 00:47:44'),(19,25,90,71,19,0.788889,'2018-03-02 00:52:44'),(20,26,98,78,20,0.795918,'2018-03-02 00:57:44'),(21,26,99,78,21,0.787879,'2018-03-02 01:02:44'),(22,26,103,81,22,0.786408,'2018-03-02 01:07:45'),(23,26,106,83,23,0.783019,'2018-03-02 01:12:45'),(24,26,107,84,23,0.785047,'2018-03-02 01:17:45'),(25,27,113,90,23,0.79646,'2018-03-02 01:22:45'),(26,27,116,91,25,0.784483,'2018-03-02 01:27:45'),(27,27,117,92,25,0.786325,'2018-03-02 01:32:45'),(28,27,122,97,25,0.795082,'2018-03-02 01:37:45'),(29,27,122,96,26,0.786885,'2018-03-02 01:42:45'),(30,27,124,98,26,0.790323,'2018-03-02 01:47:46'),(31,28,130,102,28,0.784615,'2018-03-02 01:52:46');
/*!40000 ALTER TABLE `STATUS` ENABLE KEYS */;
UNLOCK TABLES;

--
-- Table structure for table `THRESHOLD`
--

DROP TABLE IF EXISTS `THRESHOLD`;
/*!40101 SET @saved_cs_client     = @@character_set_client */;
/*!40101 SET character_set_client = utf8 */;
CREATE TABLE `THRESHOLD` (
  `division` int(11) NOT NULL,
  `botton` float DEFAULT '0',
  `top` float DEFAULT '0',
  PRIMARY KEY (`division`)
) ENGINE=InnoDB DEFAULT CHARSET=utf8;
/*!40101 SET character_set_client = @saved_cs_client */;

--
-- Dumping data for table `THRESHOLD`
--

LOCK TABLES `THRESHOLD` WRITE;
/*!40000 ALTER TABLE `THRESHOLD` DISABLE KEYS */;
INSERT INTO `THRESHOLD` VALUES (1,8.76,20),(2,4.38,8.76),(3,0,4.38);
/*!40000 ALTER TABLE `THRESHOLD` ENABLE KEYS */;
UNLOCK TABLES;

--
-- Table structure for table `VM`
--

DROP TABLE IF EXISTS `VM`;
/*!40101 SET @saved_cs_client     = @@character_set_client */;
/*!40101 SET character_set_client = utf8 */;
CREATE TABLE `VM` (
  `id` int(11) NOT NULL AUTO_INCREMENT,
  `origin_add` varchar(45) NOT NULL,
  `origin_id` varchar(45) NOT NULL,
  `origin_name` varchar(45) NOT NULL,
  `destiny_add` varchar(45) NOT NULL,
  `destiny_name` varchar(45) NOT NULL,
  `destiny_id` varchar(45) NOT NULL,
  `status` tinyint(1) NOT NULL,
  `has_resources` tinyint(1) NOT NULL,
  `vcpus` int(11) NOT NULL,
  `mem` bigint(20) NOT NULL,
  `disk` bigint(20) NOT NULL,
  `timestamp_received` timestamp NULL DEFAULT NULL,
  `timestamp_finished` timestamp NULL DEFAULT NULL,
  PRIMARY KEY (`id`)
) ENGINE=InnoDB AUTO_INCREMENT=131 DEFAULT CHARSET=utf8;
/*!40101 SET character_set_client = @saved_cs_client */;

--
-- Dumping data for table `VM`
--

LOCK TABLES `VM` WRITE;
/*!40000 ALTER TABLE `VM` DISABLE KEYS */;
INSERT INTO `VM` VALUES (1,'192.168.0.200','playerVirtual1_450512000','playerVirtual1','192.168.0.200','playerVirtual2','playerVirtual2_f46ef6899f',1,1,1,2048,20,'2018-03-01 23:24:52',NULL),(2,'192.168.0.200','playerVirtual2_1438244924','playerVirtual2','192.168.0.200','playerVirtual1','playerVirtual1_55d9a7bbe2',3,1,1,2048,20,'2018-03-01 23:24:54','2018-03-02 00:26:46'),(3,'192.168.0.200','playerVirtual1_640692267','playerVirtual1','192.168.0.200','playerVirtual2','playerVirtual2_1a207560ef',1,1,1,512,1,'2018-03-01 23:26:57',NULL),(4,'192.168.0.200','playerVirtual2_2381571381','playerVirtual2','192.168.0.200','playerVirtual1','playerVirtual2_2381571381',0,0,1,2048,20,'2018-03-01 23:26:58','2018-03-01 23:26:58'),(5,'192.168.0.200','playerVirtual1_5297461910','playerVirtual1','192.168.0.200','playerVirtual3','playerVirtual3_96167e6f82',1,1,1,512,1,'2018-03-01 23:29:00',NULL),(6,'192.168.0.200','playerVirtual2_2790332778','playerVirtual2','192.168.0.200','playerVirtual3','playerVirtual3_6fb4085c55',1,1,2,4096,40,'2018-03-01 23:29:06',NULL),(7,'192.168.0.200','playerVirtual3_369721705','playerVirtual3','192.168.0.200','playerVirtual2','playerVirtual2_4f5488919b',1,1,2,4096,40,'2018-03-01 23:30:05',NULL),(8,'192.168.0.200','playerVirtual1_317469422','playerVirtual1','192.168.0.200','playerVirtual2','playerVirtual2_4744036717',1,1,2,4096,40,'2018-03-01 23:31:10',NULL),(9,'192.168.0.200','playerVirtual2_6955737','playerVirtual2','192.168.0.200','playerVirtual1','playerVirtual2_6955737',0,0,1,2048,20,'2018-03-01 23:31:11','2018-03-01 23:31:11'),(10,'192.168.0.200','playerVirtual3_257338104','playerVirtual3','192.168.0.200','playerVirtual2','playerVirtual2_68c5416d2a',1,1,2,4096,40,'2018-03-01 23:32:06',NULL),(11,'192.168.0.200','playerVirtual2_2433236783','playerVirtual2','192.168.0.200','playerVirtual3','playerVirtual2_2433236783',0,0,1,2048,20,'2018-03-01 23:33:20','2018-03-01 23:33:20'),(12,'192.168.0.200','playerVirtual3_3338579772','playerVirtual3','192.168.0.200','playerVirtual4','playerVirtual4_d2b57e630d',3,1,1,2048,20,'2018-03-01 23:34:19','2018-03-02 00:23:35'),(13,'192.168.0.200','playerVirtual2_2359368952','playerVirtual2','192.168.0.200','playerVirtual0','playerVirtual2_2359368952',0,1,1,512,1,'2018-03-01 23:35:36','2018-03-01 23:35:36'),(14,'192.168.0.200','playerVirtual3_16917741','playerVirtual3','192.168.0.200','playerVirtual4','playerVirtual4_872d969439',3,1,1,512,1,'2018-03-01 23:36:34','2018-03-02 01:49:57'),(15,'192.168.0.200','playerVirtual4_2545640208','playerVirtual4','192.168.0.200','playerVirtual0','playerVirtual4_2545640208',0,1,1,2048,20,'2018-03-01 23:37:25','2018-03-01 23:37:25'),(16,'192.168.0.200','playerVirtual0_908315','playerVirtual0','192.168.0.200','playerVirtual4','playerVirtual4_d7346262d0',1,1,1,2048,20,'2018-03-01 23:37:45',NULL),(17,'192.168.0.200','playerVirtual2_539194189','playerVirtual2','192.168.0.200','playerVirtual0','playerVirtual2_539194189',0,1,1,2048,20,'2018-03-01 23:38:06','2018-03-01 23:38:06'),(18,'192.168.0.200','playerVirtual3_4820204870','playerVirtual3','192.168.0.200','playerVirtual5','playerVirtual5_933c0fc856',3,1,2,4096,40,'2018-03-01 23:39:46','2018-03-02 00:08:09'),(19,'192.168.0.200','playerVirtual4_8058564','playerVirtual4','192.168.0.200','playerVirtual0','playerVirtual4_8058564',0,1,1,2048,20,'2018-03-01 23:41:19','2018-03-01 23:41:19'),(20,'192.168.0.200','playerVirtual0_1429160667','playerVirtual0','192.168.0.200','playerVirtual4','playerVirtual4_16eded59c4',1,1,1,2048,20,'2018-03-01 23:41:47',NULL),(21,'192.168.0.200','playerVirtual2_82730999','playerVirtual2','192.168.0.200','playerVirtual5','playerVirtual5_3c58d06dc0',1,1,1,512,1,'2018-03-01 23:41:59',NULL),(22,'192.168.0.200','playerVirtual5_3338010893','playerVirtual5','192.168.0.200','playerVirtual0','playerVirtual5_3338010893',0,1,1,512,1,'2018-03-01 23:42:12','2018-03-01 23:42:12'),(23,'192.168.0.200','playerVirtual3_351652724','playerVirtual3','192.168.0.200','playerVirtual4','playerVirtual4_a93fb83db0',1,1,1,2048,20,'2018-03-01 23:42:59',NULL),(24,'192.168.0.200','playerVirtual4_6571218','playerVirtual4','192.168.0.200','playerVirtual5','playerVirtual5_2132ecf5f5',1,1,1,2048,20,'2018-03-01 23:43:50',NULL),(25,'192.168.0.200','playerVirtual5_1339662','playerVirtual5','192.168.0.200','playerVirtual6','playerVirtual6_a53e4f993a',1,1,1,2048,20,'2018-03-01 23:44:25',NULL),(26,'192.168.0.200','playerVirtual2_1436344784','playerVirtual2','192.168.0.200','playerVirtual4','playerVirtual4_32a2e3c3b4',3,1,1,2048,20,'2018-03-01 23:44:37','2018-03-02 00:44:24'),(27,'192.168.0.200','playerVirtual3_284794223','playerVirtual3','192.168.0.200','playerVirtual1585','playerVirtual3_284794223',0,1,1,2048,20,'2018-03-01 23:46:19','2018-03-01 23:46:19'),(28,'192.168.0.200','playerVirtual4_359920779','playerVirtual4','192.168.0.200','playerVirtual5','playerVirtual5_3e2bc29cf7',3,1,1,512,1,'2018-03-01 23:47:53','2018-03-02 01:20:04'),(29,'192.168.0.200','playerVirtual2_2904109077','playerVirtual2','192.168.0.200','playerVirtual6','playerVirtual6_7b3e9e959f',1,1,1,512,1,'2018-03-01 23:48:33',NULL),(30,'192.168.0.200','playerVirtual5_904011','playerVirtual5','192.168.0.200','playerVirtual4','playerVirtual4_9001c3b938',3,1,1,2048,20,'2018-03-01 23:48:45','2018-03-02 00:54:07'),(31,'192.168.0.200','playerVirtual6_1093460','playerVirtual6','192.168.0.200','playerVirtual7','playerVirtual7_8100f58ce0',1,1,1,512,1,'2018-03-01 23:49:28',NULL),(32,'192.168.0.200','playerVirtual3_905614','playerVirtual3','192.168.0.200','playerVirtual1585','playerVirtual3_905614',0,1,1,2048,20,'2018-03-01 23:49:33','2018-03-01 23:49:33'),(33,'192.168.0.200','playerVirtual4_470485660','playerVirtual4','192.168.0.200','playerVirtual5','playerVirtual5_3070979546',1,1,2,4096,40,'2018-03-01 23:50:27',NULL),(34,'192.168.0.200','playerVirtual5_5792765','playerVirtual5','192.168.0.200','playerVirtual6','playerVirtual6_085c67f777',1,1,1,512,1,'2018-03-01 23:51:07',NULL),(35,'192.168.0.200','playerVirtual2_30788568','playerVirtual2','192.168.0.200','playerVirtual4','playerVirtual4_351b2b213e',1,1,1,512,1,'2018-03-01 23:51:17',NULL),(36,'192.168.0.200','playerVirtual3_400453824','playerVirtual3','192.168.0.200','playerVirtual6','playerVirtual6_404393abdd',1,1,1,512,1,'2018-03-01 23:53:07',NULL),(37,'192.168.0.200','playerVirtual6_38671842','playerVirtual6','192.168.0.200','playerVirtual8','playerVirtual8_c79c4e938e',1,1,1,512,1,'2018-03-01 23:54:14',NULL),(38,'192.168.0.200','playerVirtual4_4819935267','playerVirtual4','192.168.0.200','playerVirtual6','playerVirtual6_e5822dcc59',1,1,2,4096,40,'2018-03-01 23:54:50',NULL),(39,'192.168.0.200','playerVirtual2_6264344062','playerVirtual2','192.168.0.200','playerVirtual4','playerVirtual4_0f6cceeb8d',3,1,1,512,1,'2018-03-01 23:55:33','2018-03-02 00:38:27'),(40,'192.168.0.200','playerVirtual5_4820217293','playerVirtual5','192.168.0.200','playerVirtual2','playerVirtual2_b7cfbf9077',1,1,2,4096,40,'2018-03-01 23:55:45',NULL),(41,'192.168.0.200','playerVirtual6_2148750930','playerVirtual6','192.168.0.200','playerVirtual8','playerVirtual8_fc27179e35',1,1,1,2048,20,'2018-03-01 23:58:00',NULL),(42,'192.168.0.200','playerVirtual3_1095593','playerVirtual3','192.168.0.200','playerVirtual8','playerVirtual8_d82e0e46bb',3,1,1,512,1,'2018-03-01 23:58:01','2018-03-02 00:31:49'),(43,'192.168.0.200','playerVirtual4_563574327','playerVirtual4','192.168.0.200','playerVirtual9','playerVirtual9_259926cdf7',1,1,1,2048,20,'2018-03-01 23:59:03',NULL),(44,'192.168.0.200','playerVirtual8_227443932','playerVirtual8','192.168.0.200','playerVirtual1938','playerVirtual8_227443932',0,1,1,2048,20,'2018-03-01 23:59:20','2018-03-01 23:59:20'),(45,'192.168.0.200','playerVirtual5_16915963','playerVirtual5','192.168.0.200','playerVirtual6','playerVirtual6_0375507d53',1,1,1,2048,20,'2018-03-01 23:59:48',NULL),(46,'192.168.0.200','playerVirtual3_272887063','playerVirtual3','192.168.0.200','playerVirtual8','playerVirtual8_0f73bd0e08',3,1,1,2048,20,'2018-03-02 00:01:55','2018-03-02 00:11:55'),(47,'192.168.0.200','playerVirtual6_284757920','playerVirtual6','192.168.0.200','playerVirtual9','playerVirtual9_57a2114621',1,1,1,2048,20,'2018-03-02 00:02:59',NULL),(48,'192.168.0.200','playerVirtual8_4820204870','playerVirtual8','192.168.0.200','playerVirtual1938','playerVirtual8_4820204870',0,1,2,4096,40,'2018-03-02 00:03:02','2018-03-02 00:03:02'),(49,'192.168.0.200','playerVirtual2_38676294','playerVirtual2','192.168.0.200','playerVirtual6','playerVirtual6_aa4b98370d',1,1,1,512,1,'2018-03-02 00:03:25',NULL),(50,'192.168.0.200','playerVirtual9_5623125514','playerVirtual9','192.168.0.200','playerVirtual10','playerVirtual10_571dae9ff8',1,1,1,2048,20,'2018-03-02 00:04:36',NULL),(51,'192.168.0.200','playerVirtual4_182859403','playerVirtual4','192.168.0.200','playerVirtual8','playerVirtual8_67ca87cdbe',3,1,1,512,1,'2018-03-02 00:04:43','2018-03-02 00:09:12'),(52,'192.168.0.200','playerVirtual5_990694203','playerVirtual5','192.168.0.200','playerVirtual1938','playerVirtual5_990694203',0,1,1,2048,20,'2018-03-02 00:06:11','2018-03-02 00:06:11'),(53,'192.168.0.200','playerVirtual6_6280643141','playerVirtual6','192.168.0.200','playerVirtual5','playerVirtual5_d35dc04287',1,1,1,512,1,'2018-03-02 00:08:44',NULL),(54,'192.168.0.200','playerVirtual9_6282149131','playerVirtual9','192.168.0.200','playerVirtual10','playerVirtual10_4afd53378b',1,1,1,512,1,'2018-03-02 00:08:53',NULL),(55,'192.168.0.200','playerVirtual2_272887063','playerVirtual2','192.168.0.200','playerVirtual11','playerVirtual11_a3f09cc384',3,1,1,2048,20,'2018-03-02 00:09:32','2018-03-02 01:48:02'),(56,'192.168.0.200','playerVirtual8_4476462938','playerVirtual8','192.168.0.200','playerVirtual10','playerVirtual10_7354340650',1,1,1,2048,20,'2018-03-02 00:10:14',NULL),(57,'192.168.0.200','playerVirtual10_6280638724','playerVirtual10','192.168.0.200','playerVirtual1422','playerVirtual10_6280638724',0,1,1,512,1,'2018-03-02 00:11:38','2018-03-02 00:11:38'),(58,'192.168.0.200','playerVirtual6_214880781','playerVirtual6','192.168.0.200','playerVirtual12','playerVirtual12_60340dc674',1,1,1,2048,20,'2018-03-02 00:14:26',NULL),(59,'192.168.0.200','playerVirtual8_6285257156','playerVirtual8','192.168.0.200','playerVirtual11','playerVirtual11_af3a0766d2',1,1,1,512,1,'2018-03-02 00:14:54',NULL),(60,'192.168.0.200','playerVirtual4_682797','playerVirtual4','192.168.0.200','playerVirtual8','playerVirtual8_c95865524a',1,1,1,2048,20,'2018-03-02 00:15:06',NULL),(61,'192.168.0.200','playerVirtual2_182859403','playerVirtual2','192.168.0.200','playerVirtual10','playerVirtual10_849b50bd26',3,1,1,512,1,'2018-03-02 00:15:08','2018-03-02 00:53:43'),(62,'192.168.0.200','playerVirtual10_1438244924','playerVirtual10','192.168.0.200','playerVirtual1422','playerVirtual10_1438244924',0,1,1,2048,20,'2018-03-02 00:15:27','2018-03-02 00:15:27'),(63,'192.168.0.200','playerVirtual9_1094955','playerVirtual9','192.168.0.200','playerVirtual12','playerVirtual12_5331783f4d',1,1,1,512,1,'2018-03-02 00:16:03',NULL),(64,'192.168.0.200','playerVirtual5_16914091','playerVirtual5','192.168.0.200','playerVirtual11','playerVirtual11_2dd7e41588',1,1,1,2048,20,'2018-03-02 00:16:41',NULL),(65,'192.168.0.200','playerVirtual11_1436323714','playerVirtual11','192.168.0.200','playerVirtual8','playerVirtual8_29f1781688',1,1,1,2048,20,'2018-03-02 00:17:09',NULL),(66,'192.168.0.200','playerVirtual3_6955737','playerVirtual3','192.168.0.200','playerVirtual10','playerVirtual10_7fea7c3d81',1,1,1,2048,20,'2018-03-02 00:18:40',NULL),(67,'192.168.0.200','playerVirtual6_2381571381','playerVirtual6','192.168.0.200','playerVirtual13','playerVirtual13_c4ddeef4de',1,1,1,2048,20,'2018-03-02 00:21:32',NULL),(68,'192.168.0.200','playerVirtual4_6289355687','playerVirtual4','192.168.0.200','playerVirtual12','playerVirtual12_1adeadaa23',1,1,1,512,1,'2018-03-02 00:21:35',NULL),(69,'192.168.0.200','playerVirtual11_1436344784','playerVirtual11','192.168.0.200','playerVirtual8','playerVirtual8_bb552dec46',3,1,1,2048,20,'2018-03-02 00:21:42','2018-03-02 01:30:06'),(70,'192.168.0.200','playerVirtual9_1438244924','playerVirtual9','192.168.0.200','playerVirtual1754','playerVirtual9_1438244924',0,1,1,2048,20,'2018-03-02 00:22:22','2018-03-02 00:22:22'),(71,'192.168.0.200','playerVirtual5_6289704471','playerVirtual5','192.168.0.200','playerVirtual10','playerVirtual10_c9af05b819',3,1,1,512,1,'2018-03-02 00:22:47','2018-03-02 00:42:09'),(72,'192.168.0.200','playerVirtual8_2378747961','playerVirtual8','192.168.0.200','playerVirtual13','playerVirtual13_878ba61dc7',3,1,1,512,1,'2018-03-02 00:23:08','2018-03-02 00:29:13'),(73,'192.168.0.200','playerVirtual12_3338579772','playerVirtual12','192.168.0.200','playerVirtual8','playerVirtual8_be9f3b9c91',1,1,1,2048,20,'2018-03-02 00:23:31',NULL),(74,'192.168.0.200','playerVirtual13_794070039','playerVirtual13','192.168.0.200','playerVirtual14','playerVirtual14_7ac1010c30',1,1,1,512,1,'2018-03-02 00:29:46',NULL),(75,'192.168.0.200','playerVirtual6_6296268057','playerVirtual6','192.168.0.200','playerVirtual15','playerVirtual15_c1440cb8c9',1,1,1,512,1,'2018-03-02 00:30:20',NULL),(76,'192.168.0.200','playerVirtual4_6296865278','playerVirtual4','192.168.0.200','playerVirtual10','playerVirtual10_96fe53a85f',1,1,1,512,1,'2018-03-02 00:31:12',NULL),(77,'192.168.0.200','playerVirtual12_6289704471','playerVirtual12','192.168.0.200','playerVirtual4','playerVirtual4_fdf7e63da7',3,1,1,2048,20,'2018-03-02 00:32:58','2018-03-02 00:44:42'),(78,'192.168.0.200','playerVirtual9_990694203','playerVirtual9','192.168.0.200','playerVirtual16','playerVirtual16_ab7be9518f',3,1,1,2048,20,'2018-03-02 00:34:02','2018-03-02 00:40:21'),(79,'192.168.0.200','playerVirtual11_182859403','playerVirtual11','192.168.0.200','playerVirtual13','playerVirtual13_e5e538a3b6',3,1,1,512,1,'2018-03-02 00:34:20','2018-03-02 00:38:57'),(80,'192.168.0.200','playerVirtual10_1095593','playerVirtual10','192.168.0.200','playerVirtual8','playerVirtual8_5ca797351c',3,1,1,512,1,'2018-03-02 00:34:42','2018-03-02 00:44:27'),(81,'192.168.0.200','playerVirtual5_6301942525','playerVirtual5','192.168.0.200','playerVirtual14','playerVirtual14_23d1eb5673',1,1,1,512,1,'2018-03-02 00:35:01',NULL),(82,'192.168.0.200','playerVirtual13_908315','playerVirtual13','192.168.0.200','playerVirtual1633','playerVirtual13_908315',0,1,1,2048,20,'2018-03-02 00:38:46','2018-03-02 00:38:46'),(83,'192.168.0.200','playerVirtual14_5297461910','playerVirtual14','192.168.0.200','playerVirtual17','playerVirtual17_b5632f49c7',1,1,1,512,1,'2018-03-02 00:40:00',NULL),(84,'192.168.0.200','playerVirtual6_539194189','playerVirtual6','192.168.0.200','playerVirtual15','playerVirtual15_95f25a95ec',1,1,1,2048,20,'2018-03-02 00:42:33',NULL),(85,'192.168.0.200','playerVirtual8_182859403','playerVirtual8','192.168.0.200','playerVirtual10','playerVirtual10_2022335924',1,1,1,512,1,'2018-03-02 00:42:56',NULL),(86,'192.168.0.200','playerVirtual3_4246147567','playerVirtual3','192.168.0.200','playerVirtual18','playerVirtual18_47fe5b31de',3,1,2,4096,40,'2018-03-02 00:44:10','2018-03-02 01:35:59'),(87,'192.168.0.200','playerVirtual4_6289704471','playerVirtual4','192.168.0.200','playerVirtual16','playerVirtual16_1a05cc3bc7',1,1,1,2048,20,'2018-03-02 00:44:25',NULL),(88,'192.168.0.200','playerVirtual15_6274355716','playerVirtual15','192.168.0.200','playerVirtual4','playerVirtual4_625e3069f3',1,1,1,512,1,'2018-03-02 00:46:36',NULL),(89,'192.168.0.200','playerVirtual14_2378747961','playerVirtual14','192.168.0.200','playerVirtual13','playerVirtual13_8faa124d4c',1,1,1,512,1,'2018-03-02 00:46:45',NULL),(90,'192.168.0.200','playerVirtual8_990694203','playerVirtual8','192.168.0.200','playerVirtual19','playerVirtual19_8246b9d56d',3,1,1,2048,20,'2018-03-02 00:52:40','2018-03-02 01:07:21'),(91,'192.168.0.200','playerVirtual15_4246147567','playerVirtual15','192.168.0.200','playerVirtual14','playerVirtual14_b7f48c8a99',3,1,2,4096,40,'2018-03-02 00:52:58','2018-03-02 01:38:23'),(92,'192.168.0.200','playerVirtual13_4246147567','playerVirtual13','192.168.0.200','playerVirtual15','playerVirtual15_fb65a79aa1',3,1,2,4096,40,'2018-03-02 00:53:21','2018-03-02 01:27:12'),(93,'192.168.0.200','playerVirtual16_4246147567','playerVirtual16','192.168.0.200','playerVirtual18','playerVirtual18_32d5d36330',3,1,2,4096,40,'2018-03-02 00:53:48','2018-03-02 01:19:39'),(94,'192.168.0.200','playerVirtual6_5068098508','playerVirtual6','192.168.0.200','playerVirtual8','playerVirtual8_85c4b28368',3,1,1,2048,20,'2018-03-02 00:54:19','2018-03-02 01:21:00'),(95,'192.168.0.200','playerVirtual4_4246147567','playerVirtual4','192.168.0.200','playerVirtual10','playerVirtual10_a8b8f5ba5a',3,1,2,4096,40,'2018-03-02 00:56:04','2018-03-02 01:47:51'),(96,'192.168.0.200','playerVirtual12_4246147567','playerVirtual12','192.168.0.200','playerVirtual16','playerVirtual16_e96cf077ea',3,1,2,4096,40,'2018-03-02 00:56:36','2018-03-02 01:08:20'),(97,'192.168.0.200','playerVirtual11_6315250734','playerVirtual11','192.168.0.200','playerVirtual13','playerVirtual13_86b117c3f2',1,1,1,512,1,'2018-03-02 00:56:54',NULL),(98,'192.168.0.200','playerVirtual9_4246147567','playerVirtual9','192.168.0.200','playerVirtual19','playerVirtual19_e456b9aed2',3,1,2,4096,40,'2018-03-02 00:56:54','2018-03-02 01:03:14'),(99,'192.168.0.200','playerVirtual10_4246147567','playerVirtual10','192.168.0.200','playerVirtual1858','playerVirtual10_4246147567',0,1,2,4096,40,'2018-03-02 00:58:04','2018-03-02 00:58:04'),(100,'192.168.0.200','playerVirtual11_4246147567','playerVirtual11','192.168.0.200','playerVirtual15','playerVirtual15_da6c5de529',3,1,2,4096,40,'2018-03-02 01:04:22','2018-03-02 01:23:25'),(101,'192.168.0.200','playerVirtual18_4246147567','playerVirtual18','192.168.0.200','playerVirtual16','playerVirtual16_5e9fd14605',3,1,2,4096,40,'2018-03-02 01:04:56','2018-03-02 01:06:57'),(102,'192.168.0.200','playerVirtual14_4246147567','playerVirtual14','192.168.0.200','playerVirtual4','playerVirtual4_e731c5fe68',3,1,2,4096,40,'2018-03-02 01:05:12','2018-03-02 01:38:57'),(103,'192.168.0.200','playerVirtual5_4246147567','playerVirtual5','192.168.0.200','playerVirtual14','playerVirtual14_c0a26edf51',3,1,2,4096,40,'2018-03-02 01:05:43','2018-03-02 01:46:00'),(104,'192.168.0.200','playerVirtual6_359920779','playerVirtual6','192.168.0.200','playerVirtual18','playerVirtual18_3ed526901d',1,1,1,512,1,'2018-03-02 01:08:15',NULL),(105,'192.168.0.200','playerVirtual3_6322213339','playerVirtual3','192.168.0.200','playerVirtual19','playerVirtual19_5151f5ebae',1,1,1,512,1,'2018-03-02 01:08:34',NULL),(106,'192.168.0.200','playerVirtual19_1095593','playerVirtual19','192.168.0.200','playerVirtual1858','playerVirtual19_1095593',0,1,1,512,1,'2018-03-02 01:11:15','2018-03-02 01:11:15'),(107,'192.168.0.200','playerVirtual19_4246147567','playerVirtual19','192.168.0.200','playerVirtual16','playerVirtual16_5b045b6f1b',3,1,2,4096,40,'2018-03-02 01:17:04','2018-03-02 01:40:24'),(108,'192.168.0.200','playerVirtual16_4246147567','playerVirtual16','192.168.0.200','playerVirtual8','playerVirtual8_6e2c47319a',3,1,2,4096,40,'2018-03-02 01:18:38','2018-03-02 01:19:39'),(109,'192.168.0.200','playerVirtual2_4246147567','playerVirtual2','192.168.0.200','playerVirtual10','playerVirtual10_f6e014e354',3,1,2,4096,40,'2018-03-02 01:18:41','2018-03-02 01:29:10'),(110,'192.168.0.200','playerVirtual13_4246147567','playerVirtual13','192.168.0.200','playerVirtual15','playerVirtual15_45aa7a027f',3,1,2,4096,40,'2018-03-02 01:19:12','2018-03-02 01:27:12'),(111,'192.168.0.200','playerVirtual8_4246147567','playerVirtual8','192.168.0.200','playerVirtual13','playerVirtual13_5c4723a48e',3,1,2,4096,40,'2018-03-02 01:19:20','2018-03-02 01:34:05'),(112,'192.168.0.200','playerVirtual15_4246147567','playerVirtual15','192.168.0.200','playerVirtual5','playerVirtual5_194742150c',3,1,2,4096,40,'2018-03-02 01:20:38','2018-03-02 01:38:23'),(113,'192.168.0.200','playerVirtual3_4246147567','playerVirtual3','192.168.0.200','playerVirtual19','playerVirtual19_ee62adae3f',2,1,2,4096,40,'2018-03-02 01:20:44','2018-03-02 01:36:07'),(114,'192.168.0.200','playerVirtual9_4246147567','playerVirtual9','192.168.0.200','playerVirtual1407','playerVirtual9_4246147567',0,1,2,4096,40,'2018-03-02 01:23:26','2018-03-02 01:23:26'),(115,'192.168.0.200','playerVirtual12_4246147567','playerVirtual12','192.168.0.200','playerVirtual1407','playerVirtual12_4246147567',0,1,2,4096,40,'2018-03-02 01:23:48','2018-03-02 01:23:48'),(116,'192.168.0.200','playerVirtual10_4246147567','playerVirtual10','192.168.0.200','playerVirtual2','playerVirtual2_df1dcaff00',1,1,2,4096,40,'2018-03-02 01:25:02',NULL),(117,'192.168.0.200','playerVirtual18_6335261139','playerVirtual18','192.168.0.200','playerVirtual4','playerVirtual4_48bfbd7079',1,1,1,512,1,'2018-03-02 01:31:40',NULL),(118,'192.168.0.200','playerVirtual14_4246147567','playerVirtual14','192.168.0.200','playerVirtual18','playerVirtual18_d8609d5aa0',3,1,2,4096,40,'2018-03-02 01:33:06','2018-03-02 01:38:57'),(119,'192.168.0.200','playerVirtual5_4246147567','playerVirtual5','192.168.0.200','playerVirtual14','playerVirtual14_21191b8c12',3,1,2,4096,40,'2018-03-02 01:34:03','2018-03-02 01:46:00'),(120,'192.168.0.200','playerVirtual6_990694203','playerVirtual6','192.168.0.200','playerVirtual16','playerVirtual16_4d8b563d4c',3,1,1,2048,20,'2018-03-02 01:37:02','2018-03-02 01:49:56'),(121,'192.168.0.200','playerVirtual18_4246147567','playerVirtual18','192.168.0.200','playerVirtual8','playerVirtual8_bd0bc66bbd',1,1,2,4096,40,'2018-03-02 01:37:02',NULL),(122,'192.168.0.200','playerVirtual4_4246147567','playerVirtual4','192.168.0.200','playerVirtual15','playerVirtual15_c8d08ed199',3,1,2,4096,40,'2018-03-02 01:37:11','2018-03-02 01:47:51'),(123,'192.168.0.200','playerVirtual16_6344084916','playerVirtual16','192.168.0.200','playerVirtual13','playerVirtual13_1d1df3f328',1,1,1,512,1,'2018-03-02 01:46:15',NULL),(124,'192.168.0.200','playerVirtual13_4246147567','playerVirtual13','192.168.0.200','playerVirtual19','playerVirtual19_2b4743201f',1,1,2,4096,40,'2018-03-02 01:47:38',NULL),(125,'192.168.0.200','playerVirtual19_16917741','playerVirtual19','192.168.0.200','playerVirtual4','playerVirtual4_a1b9039d56',1,1,1,512,1,'2018-03-02 01:47:48',NULL),(126,'192.168.0.200','playerVirtual8_4246147567','playerVirtual8','192.168.0.200','playerVirtual11','playerVirtual11_9e5ef4929d',1,1,2,4096,40,'2018-03-02 01:49:57',NULL),(127,'192.168.0.200','playerVirtual15_4246147567','playerVirtual15','192.168.0.200','playerVirtual10','playerVirtual10_11caf1f054',1,1,2,4096,40,'2018-03-02 01:50:27',NULL),(128,'192.168.0.200','playerVirtual16_4820150269','playerVirtual16','192.168.0.200','playerVirtual18','playerVirtual18_a45dbcf9dc',1,1,2,4096,40,'2018-03-02 01:50:31',NULL),(129,'192.168.0.200','playerVirtual9_4246147567','playerVirtual9','192.168.0.200','playerVirtual1400','playerVirtual9_4246147567',0,1,2,4096,40,'2018-03-02 01:52:14','2018-03-02 01:52:14'),(130,'192.168.0.200','playerVirtual11_6566788','playerVirtual11','192.168.0.200','playerVirtual1400','playerVirtual11_6566788',0,1,1,2048,20,'2018-03-02 01:52:21','2018-03-02 01:52:21');
/*!40000 ALTER TABLE `VM` ENABLE KEYS */;
UNLOCK TABLES;
/*!40103 SET TIME_ZONE=@OLD_TIME_ZONE */;

/*!40101 SET SQL_MODE=@OLD_SQL_MODE */;
/*!40014 SET FOREIGN_KEY_CHECKS=@OLD_FOREIGN_KEY_CHECKS */;
/*!40014 SET UNIQUE_CHECKS=@OLD_UNIQUE_CHECKS */;
/*!40101 SET CHARACTER_SET_CLIENT=@OLD_CHARACTER_SET_CLIENT */;
/*!40101 SET CHARACTER_SET_RESULTS=@OLD_CHARACTER_SET_RESULTS */;
/*!40101 SET COLLATION_CONNECTION=@OLD_COLLATION_CONNECTION */;
/*!40111 SET SQL_NOTES=@OLD_SQL_NOTES */;

-- Dump completed on 2018-03-01 22:52:47
