-- MySQL dump 10.14  Distrib 5.5.58-MariaDB, for debian-linux-gnu (x86_64)
--
-- Host: localhost    Database: mct
-- ------------------------------------------------------
-- Server version	5.5.58-MariaDB-1ubuntu0.14.04.1

/*!40101 SET @OLD_CHARACTER_SET_CLIENT=@@CHARACTER_SET_CLIENT */;
/*!40101 SET @OLD_CHARACTER_SET_RESULTS=@@CHARACTER_SET_RESULTS */;
/*!40101 SET @OLD_COLLATION_CONNECTION=@@COLLATION_CONNECTION */;
/*!40101 SET NAMES utf8 */;
/*!40103 SET @OLD_TIME_ZONE=@@TIME_ZONE */;
/*!40103 SET TIME_ZONE='+00:00' */;
/*!40014 SET @OLD_UNIQUE_CHECKS=@@UNIQUE_CHECKS, UNIQUE_CHECKS=0 */;
/*!40014 SET @OLD_FOREIGN_KEY_CHECKS=@@FOREIGN_KEY_CHECKS, FOREIGN_KEY_CHECKS=0 */;
/*!40101 SET @OLD_SQL_MODE=@@SQL_MODE, SQL_MODE='NO_AUTO_VALUE_ON_ZERO' */;
/*!40111 SET @OLD_SQL_NOTES=@@SQL_NOTES, SQL_NOTES=0 */;

--
-- Table structure for table `DIVISION`
--

DROP TABLE IF EXISTS `DIVISION`;
/*!40101 SET @saved_cs_client     = @@character_set_client */;
/*!40101 SET character_set_client = utf8 */;
CREATE TABLE `DIVISION` (
  `division` int(11) NOT NULL,
  `wo` tinyint(1) DEFAULT '0',
  PRIMARY KEY (`division`)
) ENGINE=InnoDB DEFAULT CHARSET=utf8;
/*!40101 SET character_set_client = @saved_cs_client */;

--
-- Dumping data for table `DIVISION`
--

LOCK TABLES `DIVISION` WRITE;
/*!40000 ALTER TABLE `DIVISION` DISABLE KEYS */;
/*!40000 ALTER TABLE `DIVISION` ENABLE KEYS */;
UNLOCK TABLES;

--
-- Table structure for table `FIELDS`
--

DROP TABLE IF EXISTS `FIELDS`;
/*!40101 SET @saved_cs_client     = @@character_set_client */;
/*!40101 SET character_set_client = utf8 */;
CREATE TABLE `FIELDS` (
  `operation` int(11) NOT NULL,
  `fields` varchar(45) NOT NULL,
  PRIMARY KEY (`operation`)
) ENGINE=InnoDB DEFAULT CHARSET=utf8;
/*!40101 SET character_set_client = @saved_cs_client */;

--
-- Dumping data for table `FIELDS`
--

LOCK TABLES `FIELDS` WRITE;
/*!40000 ALTER TABLE `FIELDS` DISABLE KEYS */;
INSERT INTO `FIELDS` VALUES (0,'name mem image vcpus disk uuid');
/*!40000 ALTER TABLE `FIELDS` ENABLE KEYS */;
UNLOCK TABLES;

--
-- Table structure for table `PLAYER`
--

DROP TABLE IF EXISTS `PLAYER`;
/*!40101 SET @saved_cs_client     = @@character_set_client */;
/*!40101 SET character_set_client = utf8 */;
CREATE TABLE `PLAYER` (
  `id` int(11) NOT NULL AUTO_INCREMENT,
  `name` varchar(45) NOT NULL,
  `address` varchar(45) NOT NULL,
  `division` int(11) DEFAULT NULL,
  `score` double DEFAULT '0',
  `history` int(11) DEFAULT '0',
  `fairness` double DEFAULT '0',
  `accepts` int(11) DEFAULT '0',
  `rejects` int(11) DEFAULT '0',
  `running` int(11) DEFAULT '0',
  `finished` int(11) DEFAULT '0',
  `problem_del` int(11) DEFAULT '0',
  `vcpus` int(11) DEFAULT '0',
  `memory` bigint(20) DEFAULT '0',
  `local_gb` bigint(20) DEFAULT '0',
  `vcpus_used` bigint(20) DEFAULT '0',
  `memory_used` bigint(20) DEFAULT '0',
  `local_gb_used` bigint(20) DEFAULT '0',
  `max_instance` int(11) DEFAULT '0',
  `token` varchar(45) DEFAULT NULL,
  `suspend` timestamp NULL DEFAULT NULL,
  `enabled` int(11) DEFAULT '0',
  `last_choice` timestamp NOT NULL DEFAULT '2018-01-01 02:00:00',
  `playoff` tinyint(1) DEFAULT '0',
  `cushion` tinyint(1) DEFAULT '0',
  PRIMARY KEY (`id`)
) ENGINE=InnoDB AUTO_INCREMENT=39 DEFAULT CHARSET=utf8;
/*!40101 SET character_set_client = @saved_cs_client */;

--
-- Dumping data for table `PLAYER`
--

LOCK TABLES `PLAYER` WRITE;
/*!40000 ALTER TABLE `PLAYER` DISABLE KEYS */;
INSERT INTO `PLAYER` VALUES (1,'playerVirtual1','192.168.0.200',1,18.26,28,0.6364,12,0,7,5,0,1023,1047552,10230,9,13824,123,9,'4d024e0321aeb0cc8a515ea1932751ecc0f191af',NULL,1,'2018-04-09 12:52:44',0,0),(2,'playerVirtual4','192.168.0.200',1,13.28,28,0.6364,8,0,6,2,0,1023,1047552,10230,7,11264,102,6,'ff0d7066f7a89fbb9262a233c4dc3432eb9702c5',NULL,1,'2018-04-09 11:40:04',0,0),(3,'playerVirtual8','192.168.0.200',3,2.32,28,0.2727,2,1,1,1,0,1023,1047552,10230,1,512,1,1,'3f0768540e8545e17e5729ebfd717cdd6ed25ceb',NULL,1,'2018-04-09 11:15:21',0,0),(4,'playerVirtual2','192.168.0.200',2,8.3,28,0.6364,5,0,3,2,0,1023,1047552,10230,3,1536,3,4,'cf715795c975212c6412ed20cb2951c5b0437227',NULL,1,'2018-04-09 11:03:53',0,0),(5,'playerVirtual3','192.168.0.200',1,18.26,28,1,11,0,3,8,0,1023,1047552,10230,4,6656,61,6,'f7b7a19b1c1a133eb3b35d56627f9c48ee642fd7',NULL,1,'2018-04-09 12:10:18',0,0),(6,'playerVirtual6','192.168.0.200',2,4.98,28,0.3,3,0,2,1,0,1023,1047552,10230,3,4608,41,2,'cac30da0524a20b045ff413a83afdecb9f46a09c',NULL,1,'2018-04-09 11:24:24',0,0),(7,'playerVirtual5','192.168.0.200',1,16.6,28,0.7273,10,0,5,5,0,1023,1047552,10230,7,12800,121,6,'f420cff49802ab1c98cc523ad82cea8441d39c99',NULL,1,'2018-04-09 12:38:52',0,0),(8,'playerVirtual9','192.168.0.200',1,9.96,29,0.3846,6,0,4,2,0,1023,1047552,10230,6,10752,101,5,'4e09439fa064676c235230aaee83d155984c3ded',NULL,1,'2018-04-09 12:27:22',0,0),(9,'playerVirtual7','192.168.0.200',1,16.6,28,0.4444,10,0,6,4,0,1023,1047552,10230,8,13312,122,6,'f641b011446e5492869359357bc1288fee2e6965',NULL,1,'2018-04-09 12:23:20',0,0),(10,'playerVirtual0','192.168.0.200',1,9.96,28,0.5833,6,0,4,2,0,1023,1047552,10230,4,8192,80,4,'6b6864369876fa820c9dc3c1e20970014c691a00',NULL,1,'2018-04-09 11:26:58',0,0),(11,'playerVirtual10','192.168.0.200',1,18.26,27,0.6667,11,0,0,11,0,1023,1047552,10230,0,0,0,99,'83bc1661e4fbf7f8c7564ce66762d6319887a2fa',NULL,1,'2018-04-09 12:49:02',0,0),(12,'playerVirtual11','192.168.0.200',1,16.6,26,0.1111,10,0,0,10,0,1023,1047552,10230,0,0,0,99,'92b97418e40337a08cff6918aff66cd1d0c56d51',NULL,1,'2018-04-09 12:34:47',0,0),(13,'playerVirtual12','192.168.0.200',1,16.6,25,0.1429,10,0,0,10,0,1023,1047552,10230,0,0,0,99,'78e11c670171efda37e77beaa20014497b72cd6e',NULL,1,'2018-04-09 12:41:21',0,0),(14,'playerVirtual13','192.168.0.200',1,14.94,24,0.4286,9,0,0,9,0,1023,1047552,10230,0,0,0,99,'76f43883cc81990b30b03e942054c73b739ad6fe',NULL,1,'2018-04-09 12:40:42',0,0),(15,'playerVirtual14','192.168.0.200',1,13.28,23,0.3333,8,0,0,8,0,1023,1047552,10230,0,0,0,99,'5f81dcc9d635650d2d6e01c3bbb7b39595be1dfa',NULL,1,'2018-04-09 12:38:07',0,0),(16,'playerVirtual15','192.168.0.200',1,9.96,23,0,6,0,0,6,0,1023,1047552,10230,0,0,0,99,'423c41aa83b4cbd1e7ea8106355d4a3b3d91d08f',NULL,1,'2018-04-09 12:24:27',0,0),(17,'playerVirtual16','192.168.0.200',1,9.96,22,0.2,6,0,0,6,0,1023,1047552,10230,0,0,0,99,'278d26c361c605b5b974941fc3ff0da06c06bfd9',NULL,1,'2018-04-09 12:39:16',0,0),(18,'playerVirtual17','192.168.0.200',2,8.3,20,0,5,0,0,5,0,1023,1047552,10230,0,0,0,99,'ad9a0b4166aabaa49c814c21b1d19bf9162454a6',NULL,1,'2018-04-09 12:30:36',0,0),(19,'playerVirtual18','192.168.0.200',2,8.3,19,0,5,0,0,5,0,1023,1047552,10230,0,0,0,99,'f910b268e52872037d53b95b5ba610bd03d078e8',NULL,1,'2018-04-09 12:38:50',0,0),(20,'playerVirtual19','192.168.0.200',2,8.3,18,0,5,0,0,5,0,1023,1047552,10230,0,0,0,99,'838448829b40da5e8b5fc981b87f812f7d983767',NULL,1,'2018-04-09 12:49:22',0,0),(21,'playerVirtual20','192.168.0.200',2,6.64,17,0,4,0,0,4,0,1023,1047552,10230,0,0,0,99,'8cd8bbb4f7050fbde16c0921a9d65ca40709cf77',NULL,1,'2018-04-09 12:30:36',0,0),(22,'playerVirtual21','192.168.0.200',2,6.64,17,0,4,0,0,4,0,1023,1047552,10230,0,0,0,99,'ba120c863113d9aa3d20c495637c9213d1ec4a56',NULL,1,'2018-04-09 12:39:13',0,0),(23,'playerVirtual22','192.168.0.200',2,6.64,16,0,4,0,0,4,0,1023,1047552,10230,0,0,0,99,'2f7fd2bc9a76fb52281ca5e63486c807d1360128',NULL,1,'2018-04-09 12:49:36',0,0),(24,'playerVirtual23','192.168.0.200',2,4.98,15,0,3,0,0,3,0,1023,1047552,10230,0,0,0,99,'68242ba441308a32f0065a04908cd83ee3c935c9',NULL,1,'2018-04-09 12:24:45',0,0),(25,'playerVirtual24','192.168.0.200',2,4.98,14,0,3,0,0,3,0,1023,1047552,10230,0,0,0,99,'1515a2d6fb9e447f721563dd80dd4c74a251ca3e',NULL,1,'2018-04-09 12:35:24',0,0),(26,'playerVirtual25','192.168.0.200',2,4.98,13,0,3,0,0,3,0,1023,1047552,10230,0,0,0,99,'1b7de60354a26fec21fde0b3901bdeba2c314d19',NULL,1,'2018-04-09 12:41:05',0,0),(27,'playerVirtual26','192.168.0.200',2,4.98,12,0,3,0,0,3,0,1023,1047552,10230,0,0,0,99,'f114e1b7dbf3ecd367563723db139d90dd6d9f49',NULL,1,'2018-04-09 12:44:05',0,0),(28,'playerVirtual27','192.168.0.200',3,3.32,10,0,3,0,1,2,0,1023,1047552,10230,2,4096,40,99,'1a8011dbea37d04a42e8e1e67b5c1bd6bf7d38c0',NULL,1,'2018-04-09 12:55:06',0,0),(29,'playerVirtual28','192.168.0.200',3,3.32,9,0,2,0,0,2,0,1023,1047552,10230,0,0,0,99,'addd717f640466672301318c1a9049ec3774719e',NULL,1,'2018-04-09 12:39:07',0,0),(30,'playerVirtual29','192.168.0.200',3,3.32,8,0,2,0,0,2,0,1023,1047552,10230,0,0,0,99,'e28fa747b0101007ae58072df3890645fcddf59f',NULL,1,'2018-04-09 12:40:58',0,0),(31,'playerVirtual30','192.168.0.200',3,3.32,7,0,2,0,0,2,0,1023,1047552,10230,0,0,0,99,'1bc236ee2d082c4eb5cdd1aab21f9501047c5ef7',NULL,1,'2018-04-09 12:43:13',0,0),(32,'playerVirtual31','192.168.0.200',3,3.32,6,0,2,0,0,2,0,1023,1047552,10230,0,0,0,99,'999f9e4e61771fb29371afccf29d6f85914edf10',NULL,1,'2018-04-09 12:46:29',0,0),(33,'playerVirtual32','192.168.0.200',3,3.32,5,0,2,0,0,2,0,1023,1047552,10230,0,0,0,99,'476c3a4a84e643915825b4ba0a81fb232f4cb1c3',NULL,1,'2018-04-09 12:49:24',0,0),(34,'playerVirtual33','192.168.0.200',3,1.66,4,0,2,0,0,2,0,1023,1047552,10230,0,0,0,99,'85aae67ebfebd4e65da9a16bb1680be391024262',NULL,1,'2018-04-09 12:53:10',0,0),(35,'playerVirtual34','192.168.0.200',3,1.66,3,0,1,0,0,1,0,1023,1047552,10230,0,0,0,99,'a30cb05e232a060e8341f62be4da93d798d2009e',NULL,1,'2018-04-09 12:37:06',0,0),(36,'playerVirtual35','192.168.0.200',3,1.66,2,0,1,0,0,1,0,1023,1047552,10230,0,0,0,99,'54fc396af0c733fad87a3c09df5eeccc583668a0',NULL,1,'2018-04-09 12:41:41',0,0),(37,'playerVirtual36','192.168.0.200',3,1.66,1,0,1,0,0,1,0,1023,1047552,10230,0,0,0,99,'39074c2e3a1d277d00341dc21abdbae8bde13205',NULL,1,'2018-04-09 12:46:53',0,0),(38,'playerVirtual37','192.168.0.200',3,0,0,0,1,0,0,1,0,1023,1047552,10230,0,0,0,99,'373fc73f02c9fc14b821dca75af7f3f9226a0e06',NULL,1,'2018-04-09 12:51:53',0,0);
/*!40000 ALTER TABLE `PLAYER` ENABLE KEYS */;
UNLOCK TABLES;

--
-- Table structure for table `REQUEST`
--

DROP TABLE IF EXISTS `REQUEST`;
/*!40101 SET @saved_cs_client     = @@character_set_client */;
/*!40101 SET character_set_client = utf8 */;
CREATE TABLE `REQUEST` (
  `id` int(11) NOT NULL AUTO_INCREMENT,
  `player_id` varchar(45) NOT NULL,
  `request_id` varchar(45) NOT NULL,
  `action` int(11) NOT NULL,
  `timestamp_received` timestamp NULL DEFAULT NULL,
  `timestamp_finished` timestamp NULL DEFAULT NULL,
  `status` int(11) NOT NULL,
  PRIMARY KEY (`id`)
) ENGINE=InnoDB AUTO_INCREMENT=774 DEFAULT CHARSET=utf8;
/*!40101 SET character_set_client = @saved_cs_client */;

--
-- Dumping data for table `REQUEST`
--

LOCK TABLES `REQUEST` WRITE;
/*!40000 ALTER TABLE `REQUEST` DISABLE KEYS */;
INSERT INTO `REQUEST` VALUES (1,'playerVirtual1','playerVirtual1_644dde8e54',4,'2018-04-09 10:31:18',NULL,0),(2,'playerVirtual4','playerVirtual4_35b56bc424',4,'2018-04-09 10:31:18',NULL,0),(3,'playerVirtual8','playerVirtual8_15b244c933',4,'2018-04-09 10:31:18',NULL,0),(4,'playerVirtual2','playerVirtual2_acab17504f',4,'2018-04-09 10:31:18',NULL,0),(5,'playerVirtual3','playerVirtual3_5135348999',4,'2018-04-09 10:31:18',NULL,0),(6,'playerVirtual6','playerVirtual6_f8c9857cec',4,'2018-04-09 10:31:19',NULL,0),(7,'playerVirtual5','playerVirtual5_f69fba79bf',4,'2018-04-09 10:31:19',NULL,0),(8,'playerVirtual9','playerVirtual9_dd997661e4',4,'2018-04-09 10:31:19',NULL,0),(9,'playerVirtual7','playerVirtual7_1dc96dc5c5',4,'2018-04-09 10:31:19',NULL,0),(10,'playerVirtual0','playerVirtual0_e3eb86efff',4,'2018-04-09 10:31:19',NULL,0),(11,'playerVirtual1','playerVirtual1_450512000',0,'2018-04-09 10:32:19',NULL,0),(12,'playerVirtual1','playerVirtual1_450512000',0,'2018-04-09 10:32:20',NULL,0),(13,'playerVirtual4','playerVirtual4_1438244924',0,'2018-04-09 10:32:21',NULL,0),(14,'playerVirtual4','playerVirtual4_1438244924',0,'2018-04-09 10:32:21',NULL,0),(15,'playerVirtual8','playerVirtual8_640692267',0,'2018-04-09 10:32:24',NULL,0),(16,'playerVirtual8','playerVirtual8_640692267',0,'2018-04-09 10:32:25',NULL,0),(17,'playerVirtual2','playerVirtual2_2381571381',0,'2018-04-09 10:32:25',NULL,0),(18,'playerVirtual2','playerVirtual2_2381571381',0,'2018-04-09 10:32:26',NULL,0),(19,'playerVirtual3','playerVirtual3_5297461910',0,'2018-04-09 10:32:26',NULL,0),(20,'playerVirtual3','playerVirtual3_5297461910',0,'2018-04-09 10:32:27',NULL,0),(21,'playerVirtual6','playerVirtual6_2790332778',0,'2018-04-09 10:32:30',NULL,0),(22,'playerVirtual6','playerVirtual6_2790332778',0,'2018-04-09 10:32:30',NULL,0),(23,'playerVirtual5','playerVirtual5_369721705',0,'2018-04-09 10:32:31',NULL,0),(24,'playerVirtual9','playerVirtual9_317469422',0,'2018-04-09 10:32:31',NULL,0),(25,'playerVirtual5','playerVirtual5_369721705',0,'2018-04-09 10:32:31',NULL,0),(26,'playerVirtual7','playerVirtual7_6955737',0,'2018-04-09 10:32:32',NULL,0),(27,'playerVirtual9','playerVirtual9_317469422',0,'2018-04-09 10:32:32',NULL,0),(28,'playerVirtual7','playerVirtual7_6955737',0,'2018-04-09 10:32:32',NULL,0),(29,'playerVirtual0','playerVirtual0_257338104',0,'2018-04-09 10:32:33',NULL,0),(30,'playerVirtual0','playerVirtual0_257338104',0,'2018-04-09 10:32:33',NULL,0),(31,'playerVirtual1','playerVirtual1_a8dc98af6c',3,'2018-04-09 10:33:20',NULL,0),(32,'playerVirtual4','playerVirtual4_e2eb0c67a1',3,'2018-04-09 10:33:21',NULL,0),(33,'playerVirtual8','playerVirtual8_06ee55baff',3,'2018-04-09 10:33:24',NULL,0),(34,'playerVirtual2','playerVirtual2_710adebc67',3,'2018-04-09 10:33:26',NULL,0),(35,'playerVirtual3','playerVirtual3_f15a322ed7',3,'2018-04-09 10:33:27',NULL,0),(36,'playerVirtual6','playerVirtual6_6634813f58',3,'2018-04-09 10:33:30',NULL,0),(37,'playerVirtual5','playerVirtual5_f55415e0a3',3,'2018-04-09 10:33:31',NULL,0),(38,'playerVirtual9','playerVirtual9_65ab1402fc',3,'2018-04-09 10:33:31',NULL,0),(39,'playerVirtual7','playerVirtual7_5774872b10',3,'2018-04-09 10:33:32',NULL,0),(40,'playerVirtual0','playerVirtual0_8eb64accc9',3,'2018-04-09 10:33:33',NULL,0),(41,'playerVirtual4','playerVirtual4_2433236783',0,'2018-04-09 10:34:31',NULL,0),(42,'playerVirtual4','playerVirtual4_2433236783',0,'2018-04-09 10:34:32',NULL,0),(43,'playerVirtual1','playerVirtual1_3584940347',0,'2018-04-09 10:34:32',NULL,0),(44,'playerVirtual1','playerVirtual1_3584940347',0,'2018-04-09 10:34:32',NULL,0),(45,'playerVirtual2','playerVirtual2_257407216',0,'2018-04-09 10:34:33',NULL,0),(46,'playerVirtual8','playerVirtual8_3338579772',0,'2018-04-09 10:34:33',NULL,0),(47,'playerVirtual2','playerVirtual2_257407216',0,'2018-04-09 10:34:33',NULL,0),(48,'playerVirtual8','playerVirtual8_3338579772',0,'2018-04-09 10:34:34',NULL,0),(49,'playerVirtual3','playerVirtual3_182859403',0,'2018-04-09 10:34:40',NULL,0),(50,'playerVirtual3','playerVirtual3_182859403',0,'2018-04-09 10:34:40',NULL,0),(51,'playerVirtual6','playerVirtual6_2359368952',0,'2018-04-09 10:34:43',NULL,0),(52,'playerVirtual6','playerVirtual6_2359368952',0,'2018-04-09 10:34:44',NULL,0),(53,'playerVirtual5','playerVirtual5_16917741',0,'2018-04-09 10:34:46',NULL,0),(54,'playerVirtual5','playerVirtual5_16917741',0,'2018-04-09 10:34:47',NULL,0),(55,'playerVirtual9','playerVirtual9_2545640208',0,'2018-04-09 10:34:56',NULL,0),(56,'playerVirtual9','playerVirtual9_2545640208',0,'2018-04-09 10:34:56',NULL,0),(57,'playerVirtual7','playerVirtual7_908315',0,'2018-04-09 10:34:57',NULL,0),(58,'playerVirtual7','playerVirtual7_908315',0,'2018-04-09 10:34:58',NULL,0),(59,'playerVirtual0','playerVirtual0_539194189',0,'2018-04-09 10:35:05',NULL,0),(60,'playerVirtual0','playerVirtual0_539194189',0,'2018-04-09 10:35:06',NULL,0),(61,'playerVirtual4','playerVirtual4_3826cbacd4',4,'2018-04-09 10:35:32',NULL,0),(62,'playerVirtual1','playerVirtual1_722347131c',4,'2018-04-09 10:35:32',NULL,0),(63,'playerVirtual2','playerVirtual2_5e09781f42',4,'2018-04-09 10:35:33',NULL,0),(64,'playerVirtual8','playerVirtual8_f79a2c5294',4,'2018-04-09 10:35:33',NULL,0),(65,'playerVirtual3','playerVirtual3_4b1407e5af',4,'2018-04-09 10:35:40',NULL,0),(66,'playerVirtual6','playerVirtual6_999d00fe46',4,'2018-04-09 10:35:43',NULL,0),(67,'playerVirtual5','playerVirtual5_e1eaa2c5e9',4,'2018-04-09 10:35:47',NULL,0),(68,'playerVirtual9','playerVirtual9_d8c5d13161',4,'2018-04-09 10:35:56',NULL,0),(69,'playerVirtual7','playerVirtual7_cd8df9f97f',4,'2018-04-09 10:35:57',NULL,0),(70,'playerVirtual0','playerVirtual0_b3bf8e5b1e',4,'2018-04-09 10:36:06',NULL,0),(71,'playerVirtual10','playerVirtual10_66c603f034',4,'2018-04-09 10:36:27',NULL,0),(72,'playerVirtual4','playerVirtual4_4820204870',0,'2018-04-09 10:37:48',NULL,0),(73,'playerVirtual4','playerVirtual4_4820204870',0,'2018-04-09 10:37:48',NULL,0),(74,'playerVirtual1','playerVirtual1_8058564',0,'2018-04-09 10:38:36',NULL,0),(75,'playerVirtual1','playerVirtual1_8058564',0,'2018-04-09 10:38:37',NULL,0),(76,'playerVirtual2','playerVirtual2_1429160667',0,'2018-04-09 10:38:43',NULL,0),(77,'playerVirtual8','playerVirtual8_3338010893',0,'2018-04-09 10:38:44',NULL,0),(78,'playerVirtual2','playerVirtual2_1429160667',0,'2018-04-09 10:38:44',NULL,0),(79,'playerVirtual8','playerVirtual8_3338010893',0,'2018-04-09 10:38:44',NULL,0),(80,'playerVirtual4','playerVirtual4_8cd6e23d31',3,'2018-04-09 10:38:48',NULL,0),(81,'playerVirtual3','playerVirtual3_82730999',0,'2018-04-09 10:38:50',NULL,0),(82,'playerVirtual3','playerVirtual3_82730999',0,'2018-04-09 10:38:50',NULL,0),(83,'playerVirtual6','playerVirtual6_351652724',0,'2018-04-09 10:38:55',NULL,0),(84,'playerVirtual6','playerVirtual6_351652724',0,'2018-04-09 10:38:55',NULL,0),(85,'playerVirtual5','playerVirtual5_6571218',0,'2018-04-09 10:38:56',NULL,0),(86,'playerVirtual5','playerVirtual5_6571218',0,'2018-04-09 10:38:56',NULL,0),(87,'playerVirtual9','playerVirtual9_778566023',0,'2018-04-09 10:38:58',NULL,0),(88,'playerVirtual9','playerVirtual9_778566023',0,'2018-04-09 10:38:59',NULL,0),(89,'playerVirtual7','playerVirtual7_1436344784',0,'2018-04-09 10:39:03',NULL,0),(90,'playerVirtual7','playerVirtual7_1436344784',0,'2018-04-09 10:39:03',NULL,0),(91,'playerVirtual0','playerVirtual0_1339662',0,'2018-04-09 10:39:05',NULL,0),(92,'playerVirtual0','playerVirtual0_1339662',0,'2018-04-09 10:39:05',NULL,0),(93,'playerVirtual1','playerVirtual1_425a867fb9',3,'2018-04-09 10:39:37',NULL,0),(94,'playerVirtual2','playerVirtual2_18bacae281',3,'2018-04-09 10:39:44',NULL,0),(95,'playerVirtual8','playerVirtual8_cf5a9254d1',3,'2018-04-09 10:39:44',NULL,0),(96,'playerVirtual3','playerVirtual3_469d31b5b2',3,'2018-04-09 10:39:50',NULL,0),(97,'playerVirtual6','playerVirtual6_b2d80b2588',3,'2018-04-09 10:39:55',NULL,0),(98,'playerVirtual5','playerVirtual5_3fd668bec7',3,'2018-04-09 10:39:57',NULL,0),(99,'playerVirtual9','playerVirtual9_bcece0478c',3,'2018-04-09 10:39:59',NULL,0),(100,'playerVirtual10','playerVirtual10_317497342',0,'2018-04-09 10:40:00',NULL,0),(101,'playerVirtual10','playerVirtual10_317497342',0,'2018-04-09 10:40:00',NULL,0),(102,'playerVirtual7','playerVirtual7_be93d6f64d',3,'2018-04-09 10:40:03',NULL,0),(103,'playerVirtual0','playerVirtual0_c3cc312710',3,'2018-04-09 10:40:05',NULL,0),(104,'playerVirtual6','playerVirtual6_359920779',0,'2018-04-09 10:40:19',NULL,0),(105,'playerVirtual6','playerVirtual6_359920779',0,'2018-04-09 10:40:21',NULL,0),(106,'playerVirtual10','playerVirtual10_7d6b809254',3,'2018-04-09 10:41:00',NULL,0),(107,'playerVirtual4','playerVirtual4_284794223',0,'2018-04-09 10:41:04',NULL,0),(108,'playerVirtual4','playerVirtual4_284794223',0,'2018-04-09 10:41:05',NULL,0),(109,'playerVirtual1','playerVirtual1_904011',0,'2018-04-09 10:41:05',NULL,0),(110,'playerVirtual1','playerVirtual1_904011',0,'2018-04-09 10:41:06',NULL,0),(111,'playerVirtual2','playerVirtual2_2904109077',0,'2018-04-09 10:41:07',NULL,0),(112,'playerVirtual2','playerVirtual2_2904109077',0,'2018-04-09 10:41:07',NULL,0),(113,'playerVirtual8','playerVirtual8_257338074',0,'2018-04-09 10:41:07',NULL,0),(114,'playerVirtual8','playerVirtual8_257338074',0,'2018-04-09 10:41:08',NULL,0),(115,'playerVirtual3','playerVirtual3_905614',0,'2018-04-09 10:41:14',NULL,0),(116,'playerVirtual3','playerVirtual3_905614',0,'2018-04-09 10:41:15',NULL,0),(117,'playerVirtual6','playerVirtual6_0982f3f1f0',4,'2018-04-09 10:41:19',NULL,0),(118,'playerVirtual5','playerVirtual5_1093460',0,'2018-04-09 10:41:23',NULL,0),(119,'playerVirtual5','playerVirtual5_1093460',0,'2018-04-09 10:41:23',NULL,0),(120,'playerVirtual11','playerVirtual11_b37267ce9d',4,'2018-04-09 10:41:27',NULL,0),(121,'playerVirtual9','playerVirtual9_6569547',0,'2018-04-09 10:41:32',NULL,0),(122,'playerVirtual9','playerVirtual9_6569547',0,'2018-04-09 10:41:32',NULL,0),(123,'playerVirtual7','playerVirtual7_470485660',0,'2018-04-09 10:41:34',NULL,0),(124,'playerVirtual7','playerVirtual7_470485660',0,'2018-04-09 10:41:35',NULL,0),(125,'playerVirtual0','playerVirtual0_30788568',0,'2018-04-09 10:41:46',NULL,0),(126,'playerVirtual0','playerVirtual0_30788568',0,'2018-04-09 10:41:46',NULL,0),(127,'playerVirtual4','playerVirtual4_ec8b8d9b68',4,'2018-04-09 10:42:05',NULL,0),(128,'playerVirtual1','playerVirtual1_b7f360a6a1',4,'2018-04-09 10:42:05',NULL,0),(129,'playerVirtual2','playerVirtual2_7ee7c46fba',4,'2018-04-09 10:42:07',NULL,0),(130,'playerVirtual8','playerVirtual8_8e406d63a5',4,'2018-04-09 10:42:07',NULL,0),(131,'playerVirtual10','playerVirtual10_5792765',0,'2018-04-09 10:42:08',NULL,0),(132,'playerVirtual10','playerVirtual10_5792765',0,'2018-04-09 10:42:09',NULL,0),(133,'playerVirtual3','playerVirtual3_f5006c5b53',4,'2018-04-09 10:42:15',NULL,0),(134,'playerVirtual5','playerVirtual5_933aa156e0',4,'2018-04-09 10:42:24',NULL,0),(135,'playerVirtual9','playerVirtual9_c5815c1e53',4,'2018-04-09 10:42:32',NULL,0),(136,'playerVirtual7','playerVirtual7_210473f2ef',4,'2018-04-09 10:42:35',NULL,0),(137,'playerVirtual0','playerVirtual0_f7d5afb1ed',4,'2018-04-09 10:42:46',NULL,0),(138,'playerVirtual10','playerVirtual10_daa6bccc2f',4,'2018-04-09 10:43:08',NULL,0),(139,'playerVirtual4','playerVirtual4_4820318661',0,'2018-04-09 10:44:44',NULL,0),(140,'playerVirtual4','playerVirtual4_4820318661',0,'2018-04-09 10:44:44',NULL,0),(141,'playerVirtual6','playerVirtual6_38671842',0,'2018-04-09 10:44:44',NULL,0),(142,'playerVirtual6','playerVirtual6_38671842',0,'2018-04-09 10:44:45',NULL,0),(143,'playerVirtual11','playerVirtual11_400453824',0,'2018-04-09 10:45:15',NULL,0),(144,'playerVirtual11','playerVirtual11_400453824',0,'2018-04-09 10:45:15',NULL,0),(145,'playerVirtual1','playerVirtual1_4819935267',0,'2018-04-09 10:45:34',NULL,0),(146,'playerVirtual1','playerVirtual1_4819935267',0,'2018-04-09 10:45:34',NULL,0),(147,'playerVirtual2','playerVirtual2_4820217293',0,'2018-04-09 10:45:43',NULL,0),(148,'playerVirtual2','playerVirtual2_4820217293',0,'2018-04-09 10:45:44',NULL,0),(149,'playerVirtual8','playerVirtual8_6264344062',0,'2018-04-09 10:45:44',NULL,0),(150,'playerVirtual4','playerVirtual4_c3f0232695',3,'2018-04-09 10:45:44',NULL,0),(151,'playerVirtual8','playerVirtual8_6264344062',0,'2018-04-09 10:45:45',NULL,0),(152,'playerVirtual6','playerVirtual6_8e26e91758',3,'2018-04-09 10:45:45',NULL,0),(153,'playerVirtual3','playerVirtual3_2378747961',0,'2018-04-09 10:46:00',NULL,0),(154,'playerVirtual3','playerVirtual3_2378747961',0,'2018-04-09 10:46:00',NULL,0),(155,'playerVirtual5','playerVirtual5_5068098508',0,'2018-04-09 10:46:10',NULL,0),(156,'playerVirtual5','playerVirtual5_5068098508',0,'2018-04-09 10:46:11',NULL,0),(157,'playerVirtual11','playerVirtual11_d5d4562bdb',3,'2018-04-09 10:46:15',NULL,0),(158,'playerVirtual12','playerVirtual12_b3fced54ba',4,'2018-04-09 10:46:24',NULL,0),(159,'playerVirtual1','playerVirtual1_96c9c13432',3,'2018-04-09 10:46:36',NULL,0),(160,'playerVirtual2','playerVirtual2_3ff3ad54e3',3,'2018-04-09 10:46:43',NULL,0),(161,'playerVirtual8','playerVirtual8_58ce247e67',3,'2018-04-09 10:46:44',NULL,0),(162,'playerVirtual3','playerVirtual3_34701bd9d2',3,'2018-04-09 10:47:00',NULL,0),(163,'playerVirtual5','playerVirtual5_943f68bccd',3,'2018-04-09 10:47:11',NULL,0),(164,'playerVirtual9','playerVirtual9_227443932',0,'2018-04-09 10:47:27',NULL,0),(165,'playerVirtual9','playerVirtual9_227443932',0,'2018-04-09 10:47:27',NULL,0),(166,'playerVirtual7','playerVirtual7_1095593',0,'2018-04-09 10:47:31',NULL,0),(167,'playerVirtual7','playerVirtual7_1095593',0,'2018-04-09 10:47:31',NULL,0),(168,'playerVirtual0','playerVirtual0_2148750930',0,'2018-04-09 10:47:40',NULL,0),(169,'playerVirtual0','playerVirtual0_2148750930',0,'2018-04-09 10:47:41',NULL,0),(170,'playerVirtual9','playerVirtual9_d7862c6752',3,'2018-04-09 10:48:27',NULL,0),(171,'playerVirtual6','playerVirtual6_2359368952',1,'2018-04-09 10:48:30',NULL,0),(172,'playerVirtual6','playerVirtual6_c0bc35a04d',4,'2018-04-09 10:48:30',NULL,0),(173,'playerVirtual6','playerVirtual6_2359368952',1,'2018-04-09 10:48:30',NULL,0),(174,'playerVirtual7','playerVirtual7_fa73b22c82',3,'2018-04-09 10:48:31',NULL,0),(175,'playerVirtual10','playerVirtual10_563574327',0,'2018-04-09 10:48:36',NULL,0),(176,'playerVirtual0','playerVirtual0_fcf8492d40',3,'2018-04-09 10:48:41',NULL,0),(177,'playerVirtual10','playerVirtual10_563574327',0,'2018-04-09 10:48:41',NULL,0),(178,'playerVirtual11','playerVirtual11_16915963',0,'2018-04-09 10:49:09',NULL,0),(179,'playerVirtual11','playerVirtual11_16915963',0,'2018-04-09 10:49:10',NULL,0),(180,'playerVirtual10','playerVirtual10_aac422cb62',3,'2018-04-09 10:49:36',NULL,0),(181,'playerVirtual4','playerVirtual4_765651',0,'2018-04-09 10:49:46',NULL,0),(182,'playerVirtual4','playerVirtual4_765651',0,'2018-04-09 10:49:46',NULL,0),(183,'playerVirtual1','playerVirtual1_284757920',0,'2018-04-09 10:49:52',NULL,0),(184,'playerVirtual1','playerVirtual1_284757920',0,'2018-04-09 10:49:52',NULL,0),(185,'playerVirtual2','playerVirtual2_272887063',0,'2018-04-09 10:49:55',NULL,0),(186,'playerVirtual2','playerVirtual2_272887063',0,'2018-04-09 10:49:55',NULL,0),(187,'playerVirtual8','playerVirtual8_6274355716',0,'2018-04-09 10:49:58',NULL,0),(188,'playerVirtual8','playerVirtual8_6274355716',0,'2018-04-09 10:49:59',NULL,0),(189,'playerVirtual3','playerVirtual3_38676294',0,'2018-04-09 10:50:07',NULL,0),(190,'playerVirtual3','playerVirtual3_38676294',0,'2018-04-09 10:50:07',NULL,0),(191,'playerVirtual11','playerVirtual11_9a7163de78',4,'2018-04-09 10:50:10',NULL,0),(192,'playerVirtual4','playerVirtual4_8a4e49e2e5',4,'2018-04-09 10:50:47',NULL,0),(193,'playerVirtual1','playerVirtual1_f625486bb1',4,'2018-04-09 10:50:52',NULL,0),(194,'playerVirtual2','playerVirtual2_806b4684d4',4,'2018-04-09 10:50:55',NULL,0),(195,'playerVirtual8','playerVirtual8_5480c1dd41',4,'2018-04-09 10:50:59',NULL,0),(196,'playerVirtual3','playerVirtual3_d6d6655636',4,'2018-04-09 10:51:07',NULL,0),(197,'playerVirtual5','playerVirtual5_182859403',0,'2018-04-09 10:51:16',NULL,0),(198,'playerVirtual5','playerVirtual5_182859403',0,'2018-04-09 10:51:16',NULL,0),(199,'playerVirtual13','playerVirtual13_f12ba3ef72',4,'2018-04-09 10:51:24',NULL,0),(200,'playerVirtual9','playerVirtual9_4820204870',0,'2018-04-09 10:51:41',NULL,0),(201,'playerVirtual9','playerVirtual9_4820204870',0,'2018-04-09 10:51:41',NULL,0),(202,'playerVirtual12','playerVirtual12_5623125514',0,'2018-04-09 10:52:08',NULL,0),(203,'playerVirtual12','playerVirtual12_5623125514',0,'2018-04-09 10:52:09',NULL,0),(204,'playerVirtual7','playerVirtual7_990694203',0,'2018-04-09 10:52:13',NULL,0),(205,'playerVirtual7','playerVirtual7_990694203',0,'2018-04-09 10:52:15',NULL,0),(206,'playerVirtual5','playerVirtual5_73992561a1',4,'2018-04-09 10:52:17',NULL,0),(207,'playerVirtual0','playerVirtual0_6280638724',0,'2018-04-09 10:52:30',NULL,0),(208,'playerVirtual0','playerVirtual0_6280638724',0,'2018-04-09 10:52:30',NULL,0),(209,'playerVirtual9','playerVirtual9_a9c80c744e',4,'2018-04-09 10:52:41',NULL,0),(210,'playerVirtual10','playerVirtual10_6280643141',0,'2018-04-09 10:52:57',NULL,0),(211,'playerVirtual10','playerVirtual10_6280643141',0,'2018-04-09 10:53:00',NULL,0),(212,'playerVirtual12','playerVirtual12_4f88d478d0',3,'2018-04-09 10:53:08',NULL,0),(213,'playerVirtual7','playerVirtual7_23a1202c57',4,'2018-04-09 10:53:14',NULL,0),(214,'playerVirtual0','playerVirtual0_15c08f4021',4,'2018-04-09 10:53:30',NULL,0),(215,'playerVirtual10','playerVirtual10_61875eccb4',4,'2018-04-09 10:53:55',NULL,0),(216,'playerVirtual6','playerVirtual6_990694203',0,'2018-04-09 10:54:11',NULL,0),(217,'playerVirtual6','playerVirtual6_990694203',0,'2018-04-09 10:54:11',NULL,0),(218,'playerVirtual4','playerVirtual4_5e88ed5bdd',3,'2018-04-09 10:54:52',NULL,0),(219,'playerVirtual3','playerVirtual3_182859403',1,'2018-04-09 10:55:09',NULL,0),(220,'playerVirtual3','playerVirtual3_5b787203dd',3,'2018-04-09 10:55:09',NULL,0),(221,'playerVirtual3','playerVirtual3_182859403',1,'2018-04-09 10:55:09',NULL,0),(222,'playerVirtual6','playerVirtual6_a9ad9f1640',3,'2018-04-09 10:55:11',NULL,0),(223,'playerVirtual11','playerVirtual11_4476462938',0,'2018-04-09 10:56:09',NULL,0),(224,'playerVirtual11','playerVirtual11_4476462938',0,'2018-04-09 10:56:09',NULL,0),(225,'playerVirtual5','playerVirtual5_182859403',1,'2018-04-09 10:56:20',NULL,0),(226,'playerVirtual5','playerVirtual5_752857089a',3,'2018-04-09 10:56:20',NULL,0),(227,'playerVirtual5','playerVirtual5_182859403',1,'2018-04-09 10:56:20',NULL,0),(228,'playerVirtual14','playerVirtual14_52d48903d1',4,'2018-04-09 10:56:30',NULL,0),(229,'playerVirtual1','playerVirtual1_272887063',0,'2018-04-09 10:56:35',NULL,0),(230,'playerVirtual1','playerVirtual1_272887063',0,'2018-04-09 10:56:36',NULL,0),(231,'playerVirtual2','playerVirtual2_272887063',1,'2018-04-09 10:56:44',NULL,0),(232,'playerVirtual2','playerVirtual2_fb0908b486',3,'2018-04-09 10:56:44',NULL,0),(233,'playerVirtual2','playerVirtual2_272887063',1,'2018-04-09 10:56:44',NULL,0),(234,'playerVirtual8','playerVirtual8_6282149131',0,'2018-04-09 10:56:46',NULL,0),(235,'playerVirtual8','playerVirtual8_6282149131',0,'2018-04-09 10:56:46',NULL,0),(236,'playerVirtual12','playerVirtual12_682797',0,'2018-04-09 10:56:47',NULL,0),(237,'playerVirtual12','playerVirtual12_682797',0,'2018-04-09 10:56:47',NULL,0),(238,'playerVirtual11','playerVirtual11_8a9113a082',3,'2018-04-09 10:57:09',NULL,0),(239,'playerVirtual1','playerVirtual1_5a68bf526c',3,'2018-04-09 10:57:35',NULL,0),(240,'playerVirtual8','playerVirtual8_0b56a110ca',3,'2018-04-09 10:57:46',NULL,0),(241,'playerVirtual12','playerVirtual12_c3fba2b77f',4,'2018-04-09 10:57:47',NULL,0),(242,'playerVirtual6','playerVirtual6_4910e98cec',4,'2018-04-09 10:57:57',NULL,0),(243,'playerVirtual7','playerVirtual7_f8b3850db2',3,'2018-04-09 10:58:11',NULL,0),(244,'playerVirtual9','playerVirtual9_1436323714',0,'2018-04-09 10:58:42',NULL,0),(245,'playerVirtual9','playerVirtual9_1436323714',0,'2018-04-09 10:58:42',NULL,0),(246,'playerVirtual0','playerVirtual0_214880781',0,'2018-04-09 10:59:05',NULL,0),(247,'playerVirtual0','playerVirtual0_214880781',0,'2018-04-09 10:59:10',NULL,0),(248,'playerVirtual13','playerVirtual13_2359368952',0,'2018-04-09 10:59:27',NULL,0),(249,'playerVirtual13','playerVirtual13_2359368952',0,'2018-04-09 10:59:27',NULL,0),(250,'playerVirtual9','playerVirtual9_3e304d57ee',3,'2018-04-09 10:59:42',NULL,0),(251,'playerVirtual10','playerVirtual10_1094955',0,'2018-04-09 11:00:03',NULL,0),(252,'playerVirtual10','playerVirtual10_1094955',0,'2018-04-09 11:00:04',NULL,0),(253,'playerVirtual0','playerVirtual0_62da2bb946',3,'2018-04-09 11:00:04',NULL,0),(254,'playerVirtual4','playerVirtual4_16914091',0,'2018-04-09 11:00:14',NULL,0),(255,'playerVirtual4','playerVirtual4_16914091',0,'2018-04-09 11:00:14',NULL,0),(256,'playerVirtual13','playerVirtual13_b60348acaa',3,'2018-04-09 11:00:27',NULL,0),(257,'playerVirtual3','playerVirtual3_182859403',0,'2018-04-09 11:00:50',NULL,0),(258,'playerVirtual3','playerVirtual3_f82918aeed',4,'2018-04-09 11:00:50',NULL,0),(259,'playerVirtual3','playerVirtual3_182859403',0,'2018-04-09 11:00:50',NULL,0),(260,'playerVirtual10','playerVirtual10_dbf99f53bb',3,'2018-04-09 11:01:03',NULL,0),(261,'playerVirtual4','playerVirtual4_4f4db5f390',4,'2018-04-09 11:01:15',NULL,0),(262,'playerVirtual2','playerVirtual2_6955737',0,'2018-04-09 11:01:15',NULL,0),(263,'playerVirtual2','playerVirtual2_6955737',0,'2018-04-09 11:01:16',NULL,0),(264,'playerVirtual15','playerVirtual15_58db071020',4,'2018-04-09 11:01:28',NULL,0),(265,'playerVirtual11','playerVirtual11_6955737',0,'2018-04-09 11:01:41',NULL,0),(266,'playerVirtual11','playerVirtual11_6955737',0,'2018-04-09 11:01:41',NULL,0),(267,'playerVirtual5','playerVirtual5_6641406',0,'2018-04-09 11:02:04',NULL,0),(268,'playerVirtual5','playerVirtual5_6641406',0,'2018-04-09 11:02:04',NULL,0),(269,'playerVirtual2','playerVirtual2_acb7db3a27',4,'2018-04-09 11:02:17',NULL,0),(270,'playerVirtual1','playerVirtual1_1438244924',0,'2018-04-09 11:02:30',NULL,0),(271,'playerVirtual1','playerVirtual1_1438244924',0,'2018-04-09 11:02:30',NULL,0),(272,'playerVirtual8','playerVirtual8_3338579772',1,'2018-04-09 11:02:38',NULL,0),(273,'playerVirtual8','playerVirtual8_6117ba0ef5',4,'2018-04-09 11:02:38',NULL,0),(274,'playerVirtual8','playerVirtual8_3338579772',1,'2018-04-09 11:02:38',NULL,0),(275,'playerVirtual11','playerVirtual11_ba5afed1ab',4,'2018-04-09 11:02:41',NULL,0),(276,'playerVirtual5','playerVirtual5_9f4205a7d8',4,'2018-04-09 11:03:04',NULL,0),(277,'playerVirtual1','playerVirtual1_31a0738293',4,'2018-04-09 11:03:30',NULL,0),(278,'playerVirtual7','playerVirtual7_6955737',1,'2018-04-09 11:03:33',NULL,0),(279,'playerVirtual7','playerVirtual7_e4aa3132b1',4,'2018-04-09 11:03:33',NULL,0),(280,'playerVirtual7','playerVirtual7_6955737',1,'2018-04-09 11:03:33',NULL,0),(281,'playerVirtual13','playerVirtual13_1438244924',0,'2018-04-09 11:03:53',NULL,0),(282,'playerVirtual13','playerVirtual13_1438244924',0,'2018-04-09 11:03:53',NULL,0),(283,'playerVirtual9','playerVirtual9_2378747961',0,'2018-04-09 11:04:31',NULL,0),(284,'playerVirtual9','playerVirtual9_2378747961',0,'2018-04-09 11:04:32',NULL,0),(285,'playerVirtual12','playerVirtual12_3338579772',0,'2018-04-09 11:04:47',NULL,0),(286,'playerVirtual12','playerVirtual12_3338579772',0,'2018-04-09 11:04:48',NULL,0),(287,'playerVirtual13','playerVirtual13_80f9fa205e',4,'2018-04-09 11:04:53',NULL,0),(288,'playerVirtual14','playerVirtual14_6285257156',0,'2018-04-09 11:05:24',NULL,0),(289,'playerVirtual14','playerVirtual14_6285257156',0,'2018-04-09 11:05:27',NULL,0),(290,'playerVirtual9','playerVirtual9_c50b6a78ac',4,'2018-04-09 11:05:32',NULL,0),(291,'playerVirtual12','playerVirtual12_2891c4be3a',3,'2018-04-09 11:05:48',NULL,0),(292,'playerVirtual0','playerVirtual0_6289355687',0,'2018-04-09 11:05:53',NULL,0),(293,'playerVirtual0','playerVirtual0_6289355687',0,'2018-04-09 11:05:54',NULL,0),(294,'playerVirtual3','playerVirtual3_2378747961',1,'2018-04-09 11:05:58',NULL,0),(295,'playerVirtual3','playerVirtual3_888e481137',3,'2018-04-09 11:05:59',NULL,0),(296,'playerVirtual3','playerVirtual3_2378747961',1,'2018-04-09 11:05:59',NULL,0),(297,'playerVirtual6','playerVirtual6_2381571381',0,'2018-04-09 11:05:59',NULL,0),(298,'playerVirtual6','playerVirtual6_2381571381',0,'2018-04-09 11:05:59',NULL,0),(299,'playerVirtual14','playerVirtual14_bd2a9c7e11',3,'2018-04-09 11:06:23',NULL,0),(300,'playerVirtual10','playerVirtual10_6289704471',0,'2018-04-09 11:06:27',NULL,0),(301,'playerVirtual16','playerVirtual16_02e6229b47',4,'2018-04-09 11:06:28',NULL,0),(302,'playerVirtual10','playerVirtual10_6289704471',0,'2018-04-09 11:06:30',NULL,0),(303,'playerVirtual4','playerVirtual4_1438244924',1,'2018-04-09 11:06:31',NULL,0),(304,'playerVirtual4','playerVirtual4_36aaaef38e',3,'2018-04-09 11:06:31',NULL,0),(305,'playerVirtual4','playerVirtual4_1438244924',1,'2018-04-09 11:06:31',NULL,0),(306,'playerVirtual0','playerVirtual0_4d87c54961',4,'2018-04-09 11:06:54',NULL,0),(307,'playerVirtual6','playerVirtual6_352e0334bd',3,'2018-04-09 11:06:59',NULL,0),(308,'playerVirtual10','playerVirtual10_ad807ffb2e',4,'2018-04-09 11:07:24',NULL,0),(309,'playerVirtual2','playerVirtual2_20f031006f',3,'2018-04-09 11:08:03',NULL,0),(310,'playerVirtual8','playerVirtual8_838189e33c',3,'2018-04-09 11:09:27',NULL,0),(311,'playerVirtual5','playerVirtual5_990694203',0,'2018-04-09 11:09:54',NULL,0),(312,'playerVirtual5','playerVirtual5_990694203',0,'2018-04-09 11:09:55',NULL,0),(313,'playerVirtual7','playerVirtual7_e557fa04b8',3,'2018-04-09 11:09:58',NULL,0),(314,'playerVirtual1','playerVirtual1_1438244924',1,'2018-04-09 11:10:03',NULL,0),(315,'playerVirtual1','playerVirtual1_fdd08f68c4',3,'2018-04-09 11:10:04',NULL,0),(316,'playerVirtual1','playerVirtual1_1438244924',1,'2018-04-09 11:10:04',NULL,0),(317,'playerVirtual11','playerVirtual11_794070039',0,'2018-04-09 11:10:05',NULL,0),(318,'playerVirtual11','playerVirtual11_794070039',0,'2018-04-09 11:10:05',NULL,0),(319,'playerVirtual5','playerVirtual5_ddf1a2a488',3,'2018-04-09 11:10:55',NULL,0),(320,'playerVirtual11','playerVirtual11_d447292231',3,'2018-04-09 11:11:05',NULL,0),(321,'playerVirtual17','playerVirtual17_774fc30abc',4,'2018-04-09 11:11:33',NULL,0),(322,'playerVirtual15','playerVirtual15_1436344784',0,'2018-04-09 11:12:15',NULL,0),(323,'playerVirtual15','playerVirtual15_1436344784',0,'2018-04-09 11:12:15',NULL,0),(324,'playerVirtual14','playerVirtual14_182859403',0,'2018-04-09 11:12:43',NULL,0),(325,'playerVirtual14','playerVirtual14_182859403',0,'2018-04-09 11:12:45',NULL,0),(326,'playerVirtual12','playerVirtual12_6296865278',0,'2018-04-09 11:12:52',NULL,0),(327,'playerVirtual12','playerVirtual12_6296865278',0,'2018-04-09 11:12:52',NULL,0),(328,'playerVirtual9','playerVirtual9_2378747961',1,'2018-04-09 11:13:01',NULL,0),(329,'playerVirtual9','playerVirtual9_97e19e22d5',3,'2018-04-09 11:13:01',NULL,0),(330,'playerVirtual9','playerVirtual9_2378747961',1,'2018-04-09 11:13:01',NULL,0),(331,'playerVirtual2','playerVirtual2_2381571381',1,'2018-04-09 11:13:02',NULL,0),(332,'playerVirtual2','playerVirtual2_311c82cf96',4,'2018-04-09 11:13:03',NULL,0),(333,'playerVirtual2','playerVirtual2_2381571381',1,'2018-04-09 11:13:03',NULL,0),(334,'playerVirtual15','playerVirtual15_8cec4b012e',3,'2018-04-09 11:13:15',NULL,0),(335,'playerVirtual14','playerVirtual14_700631baa4',4,'2018-04-09 11:13:42',NULL,0),(336,'playerVirtual12','playerVirtual12_bb8b0a4b2c',4,'2018-04-09 11:13:52',NULL,0),(337,'playerVirtual13','playerVirtual13_6296268057',0,'2018-04-09 11:15:21',NULL,0),(338,'playerVirtual13','playerVirtual13_6296268057',0,'2018-04-09 11:15:21',NULL,0),(339,'playerVirtual7','playerVirtual7_1095593',1,'2018-04-09 11:15:42',NULL,0),(340,'playerVirtual7','playerVirtual7_b15e640437',4,'2018-04-09 11:15:42',NULL,0),(341,'playerVirtual7','playerVirtual7_1095593',1,'2018-04-09 11:15:42',NULL,0),(342,'playerVirtual3','playerVirtual3_182859403',1,'2018-04-09 11:15:59',NULL,0),(343,'playerVirtual3','playerVirtual3_7016f4437e',4,'2018-04-09 11:15:59',NULL,0),(344,'playerVirtual3','playerVirtual3_182859403',1,'2018-04-09 11:15:59',NULL,0),(345,'playerVirtual6','playerVirtual6_5297461910',0,'2018-04-09 11:16:03',NULL,0),(346,'playerVirtual6','playerVirtual6_5297461910',0,'2018-04-09 11:16:03',NULL,0),(347,'playerVirtual13','playerVirtual13_63cb73c022',3,'2018-04-09 11:16:21',NULL,0),(348,'playerVirtual18','playerVirtual18_d496980d87',4,'2018-04-09 11:16:25',NULL,0),(349,'playerVirtual8','playerVirtual8_4980d67b3b',4,'2018-04-09 11:16:29',NULL,0),(350,'playerVirtual5','playerVirtual5_765efeb00e',4,'2018-04-09 11:16:38',NULL,0),(351,'playerVirtual6','playerVirtual6_21bd9bee1b',4,'2018-04-09 11:17:03',NULL,0),(352,'playerVirtual4','playerVirtual4_990694203',0,'2018-04-09 11:17:13',NULL,0),(353,'playerVirtual4','playerVirtual4_990694203',0,'2018-04-09 11:17:14',NULL,0),(354,'playerVirtual0','playerVirtual0_6301942525',0,'2018-04-09 11:17:24',NULL,0),(355,'playerVirtual0','playerVirtual0_6301942525',0,'2018-04-09 11:17:24',NULL,0),(356,'playerVirtual4','playerVirtual4_db1002e3dd',4,'2018-04-09 11:18:13',NULL,0),(357,'playerVirtual0','playerVirtual0_a9fd37f0c3',3,'2018-04-09 11:18:24',NULL,0),(358,'playerVirtual10','playerVirtual10_6289704471',1,'2018-04-09 11:19:25',NULL,0),(359,'playerVirtual10','playerVirtual10_a4f640944a',3,'2018-04-09 11:19:26',NULL,0),(360,'playerVirtual10','playerVirtual10_6289704471',1,'2018-04-09 11:19:26',NULL,0),(361,'playerVirtual16','playerVirtual16_6264344062',0,'2018-04-09 11:21:14',NULL,0),(362,'playerVirtual16','playerVirtual16_6264344062',0,'2018-04-09 11:21:14',NULL,0),(363,'playerVirtual19','playerVirtual19_6082e67f36',4,'2018-04-09 11:21:26',NULL,0),(364,'playerVirtual15','playerVirtual15_539194189',0,'2018-04-09 11:21:29',NULL,0),(365,'playerVirtual15','playerVirtual15_539194189',0,'2018-04-09 11:21:29',NULL,0),(366,'playerVirtual1','playerVirtual1_6289704471',0,'2018-04-09 11:21:35',NULL,0),(367,'playerVirtual1','playerVirtual1_6289704471',0,'2018-04-09 11:21:35',NULL,0),(368,'playerVirtual11','playerVirtual11_1095593',0,'2018-04-09 11:21:53',NULL,0),(369,'playerVirtual11','playerVirtual11_1095593',0,'2018-04-09 11:21:53',NULL,0),(370,'playerVirtual16','playerVirtual16_06635f81bf',3,'2018-04-09 11:22:14',NULL,0),(371,'playerVirtual15','playerVirtual15_dce08d747b',4,'2018-04-09 11:22:29',NULL,0),(372,'playerVirtual14','playerVirtual14_a5f1cc6d3a',3,'2018-04-09 11:22:33',NULL,0),(373,'playerVirtual1','playerVirtual1_da01d1d680',4,'2018-04-09 11:22:35',NULL,0),(374,'playerVirtual3','playerVirtual3_5297461910',1,'2018-04-09 11:22:45',NULL,0),(375,'playerVirtual3','playerVirtual3_4f855708da',3,'2018-04-09 11:22:46',NULL,0),(376,'playerVirtual3','playerVirtual3_5297461910',1,'2018-04-09 11:22:46',NULL,0),(377,'playerVirtual11','playerVirtual11_1443f3fdbe',4,'2018-04-09 11:22:53',NULL,0),(378,'playerVirtual4','playerVirtual4_5d030b2646',3,'2018-04-09 11:23:30',NULL,0),(379,'playerVirtual9','playerVirtual9_182859403',0,'2018-04-09 11:24:24',NULL,0),(380,'playerVirtual9','playerVirtual9_182859403',0,'2018-04-09 11:24:24',NULL,0),(381,'playerVirtual9','playerVirtual9_e145e0f76a',4,'2018-04-09 11:25:24',NULL,0),(382,'playerVirtual7','playerVirtual7_908315',1,'2018-04-09 11:26:15',NULL,0),(383,'playerVirtual7','playerVirtual7_52bde9b68a',3,'2018-04-09 11:26:15',NULL,0),(384,'playerVirtual7','playerVirtual7_908315',1,'2018-04-09 11:26:18',NULL,0),(385,'playerVirtual20','playerVirtual20_1a0ed2f9cb',4,'2018-04-09 11:26:28',NULL,0),(386,'playerVirtual0','playerVirtual0_539194189',1,'2018-04-09 11:26:35',NULL,0),(387,'playerVirtual0','playerVirtual0_3e9eb5cbc9',4,'2018-04-09 11:26:35',NULL,0),(388,'playerVirtual0','playerVirtual0_539194189',1,'2018-04-09 11:26:35',NULL,0),(389,'playerVirtual13','playerVirtual13_6289704471',0,'2018-04-09 11:26:43',NULL,0),(390,'playerVirtual13','playerVirtual13_6289704471',0,'2018-04-09 11:26:43',NULL,0),(391,'playerVirtual2','playerVirtual2_908315',0,'2018-04-09 11:26:58',NULL,0),(392,'playerVirtual2','playerVirtual2_908315',0,'2018-04-09 11:26:58',NULL,0),(393,'playerVirtual12','playerVirtual12_4246147567',0,'2018-04-09 11:27:21',NULL,0),(394,'playerVirtual12','playerVirtual12_4246147567',0,'2018-04-09 11:27:21',NULL,0),(395,'playerVirtual13','playerVirtual13_9f58a0d2ac',4,'2018-04-09 11:27:43',NULL,0),(396,'playerVirtual2','playerVirtual2_3e302bca64',3,'2018-04-09 11:27:58',NULL,0),(397,'playerVirtual12','playerVirtual12_324b817ff4',3,'2018-04-09 11:28:21',NULL,0),(398,'playerVirtual5','playerVirtual5_5068098508',1,'2018-04-09 11:28:30',NULL,0),(399,'playerVirtual5','playerVirtual5_aa92683217',3,'2018-04-09 11:28:30',NULL,0),(400,'playerVirtual5','playerVirtual5_5068098508',1,'2018-04-09 11:28:31',NULL,0),(401,'playerVirtual10','playerVirtual10_6315250734',0,'2018-04-09 11:28:51',NULL,0),(402,'playerVirtual10','playerVirtual10_6315250734',0,'2018-04-09 11:28:51',NULL,0),(403,'playerVirtual1','playerVirtual1_904011',1,'2018-04-09 11:29:09',NULL,0),(404,'playerVirtual1','playerVirtual1_482f57c810',3,'2018-04-09 11:29:10',NULL,0),(405,'playerVirtual1','playerVirtual1_904011',1,'2018-04-09 11:29:10',NULL,0),(406,'playerVirtual16','playerVirtual16_4246147567',0,'2018-04-09 11:29:14',NULL,0),(407,'playerVirtual16','playerVirtual16_4246147567',0,'2018-04-09 11:29:14',NULL,0),(408,'playerVirtual17','playerVirtual17_6274355716',0,'2018-04-09 11:29:19',NULL,0),(409,'playerVirtual17','playerVirtual17_6274355716',0,'2018-04-09 11:29:20',NULL,0),(410,'playerVirtual6','playerVirtual6_4246147567',0,'2018-04-09 11:29:21',NULL,0),(411,'playerVirtual6','playerVirtual6_4246147567',0,'2018-04-09 11:29:27',NULL,0),(412,'playerVirtual10','playerVirtual10_ffd8bce734',4,'2018-04-09 11:29:51',NULL,0),(413,'playerVirtual16','playerVirtual16_38a2347abe',4,'2018-04-09 11:30:14',NULL,0),(414,'playerVirtual17','playerVirtual17_63bb50c3ac',3,'2018-04-09 11:30:19',NULL,0),(415,'playerVirtual6','playerVirtual6_213ca2dbb8',3,'2018-04-09 11:30:20',NULL,0),(416,'playerVirtual11','playerVirtual11_1095593',1,'2018-04-09 11:30:31',NULL,0),(417,'playerVirtual11','playerVirtual11_ddcef2613e',3,'2018-04-09 11:30:31',NULL,0),(418,'playerVirtual11','playerVirtual11_1095593',1,'2018-04-09 11:30:31',NULL,0),(419,'playerVirtual8','playerVirtual8_4246147567',0,'2018-04-09 11:30:35',NULL,0),(420,'playerVirtual8','playerVirtual8_4246147567',0,'2018-04-09 11:30:36',NULL,0),(421,'playerVirtual21','playerVirtual21_c1a0b0def3',4,'2018-04-09 11:31:32',NULL,0),(422,'playerVirtual8','playerVirtual8_9b951d9054',3,'2018-04-09 11:31:36',NULL,0),(423,'playerVirtual12','playerVirtual12_4246147567',1,'2018-04-09 11:35:23',NULL,0),(424,'playerVirtual12','playerVirtual12_e86e197f54',4,'2018-04-09 11:35:23',NULL,0),(425,'playerVirtual12','playerVirtual12_4246147567',1,'2018-04-09 11:35:24',NULL,0),(426,'playerVirtual14','playerVirtual14_6316827871',0,'2018-04-09 11:35:39',NULL,0),(427,'playerVirtual14','playerVirtual14_6316827871',0,'2018-04-09 11:35:40',NULL,0),(428,'playerVirtual17','playerVirtual17_4246147567',0,'2018-04-09 11:36:08',NULL,0),(429,'playerVirtual17','playerVirtual17_4246147567',0,'2018-04-09 11:36:08',NULL,0),(430,'playerVirtual15','playerVirtual15_2378747961',0,'2018-04-09 11:36:11',NULL,0),(431,'playerVirtual15','playerVirtual15_2378747961',0,'2018-04-09 11:36:12',NULL,0),(432,'playerVirtual18','playerVirtual18_4246147567',0,'2018-04-09 11:36:20',NULL,0),(433,'playerVirtual18','playerVirtual18_4246147567',0,'2018-04-09 11:36:20',NULL,0),(434,'playerVirtual9','playerVirtual9_990694203',0,'2018-04-09 11:36:24',NULL,0),(435,'playerVirtual9','playerVirtual9_990694203',0,'2018-04-09 11:36:24',NULL,0),(436,'playerVirtual22','playerVirtual22_8a6146bc76',4,'2018-04-09 11:36:31',NULL,0),(437,'playerVirtual14','playerVirtual14_e287cc4d2b',4,'2018-04-09 11:36:39',NULL,0),(438,'playerVirtual17','playerVirtual17_a797c61476',4,'2018-04-09 11:37:08',NULL,0),(439,'playerVirtual15','playerVirtual15_fd53ff8221',3,'2018-04-09 11:37:12',NULL,0),(440,'playerVirtual18','playerVirtual18_0f2b150975',3,'2018-04-09 11:37:20',NULL,0),(441,'playerVirtual2','playerVirtual2_4246147567',0,'2018-04-09 11:37:22',NULL,0),(442,'playerVirtual2','playerVirtual2_4246147567',0,'2018-04-09 11:37:22',NULL,0),(443,'playerVirtual9','playerVirtual9_028cff71f3',3,'2018-04-09 11:37:24',NULL,0),(444,'playerVirtual3','playerVirtual3_5068098508',0,'2018-04-09 11:37:58',NULL,0),(445,'playerVirtual3','playerVirtual3_5068098508',0,'2018-04-09 11:37:59',NULL,0),(446,'playerVirtual7','playerVirtual7_4246147567',0,'2018-04-09 11:38:07',NULL,0),(447,'playerVirtual7','playerVirtual7_4246147567',0,'2018-04-09 11:38:07',NULL,0),(448,'playerVirtual18','playerVirtual18_eadb8bc059',4,'2018-04-09 11:38:21',NULL,0),(449,'playerVirtual2','playerVirtual2_0dea30c65c',4,'2018-04-09 11:38:22',NULL,0),(450,'playerVirtual8','playerVirtual8_44e2798226',4,'2018-04-09 11:38:37',NULL,0),(451,'playerVirtual3','playerVirtual3_01142e2867',4,'2018-04-09 11:38:58',NULL,0),(452,'playerVirtual7','playerVirtual7_0241a6aa96',4,'2018-04-09 11:39:07',NULL,0),(453,'playerVirtual6','playerVirtual6_00ddd79aa4',4,'2018-04-09 11:39:23',NULL,0),(454,'playerVirtual5','playerVirtual5_1095593',0,'2018-04-09 11:40:04',NULL,0),(455,'playerVirtual5','playerVirtual5_1095593',0,'2018-04-09 11:40:04',NULL,0),(456,'playerVirtual4','playerVirtual4_4246147567',0,'2018-04-09 11:40:14',NULL,0),(457,'playerVirtual4','playerVirtual4_4246147567',0,'2018-04-09 11:40:15',NULL,0),(458,'playerVirtual13','playerVirtual13_4246147567',0,'2018-04-09 11:40:29',NULL,0),(459,'playerVirtual13','playerVirtual13_4246147567',0,'2018-04-09 11:40:29',NULL,0),(460,'playerVirtual5','playerVirtual5_4569bb1eef',4,'2018-04-09 11:41:04',NULL,0),(461,'playerVirtual4','playerVirtual4_b1d9c3157c',4,'2018-04-09 11:41:15',NULL,0),(462,'playerVirtual0','playerVirtual0_4246147567',0,'2018-04-09 11:41:17',NULL,0),(463,'playerVirtual0','playerVirtual0_4246147567',0,'2018-04-09 11:41:17',NULL,0),(464,'playerVirtual23','playerVirtual23_e717e7aadc',4,'2018-04-09 11:41:24',NULL,0),(465,'playerVirtual13','playerVirtual13_6b1afc9423',3,'2018-04-09 11:41:29',NULL,0),(466,'playerVirtual1','playerVirtual1_6289704471',1,'2018-04-09 11:41:45',NULL,0),(467,'playerVirtual1','playerVirtual1_6051ae6f28',4,'2018-04-09 11:41:45',NULL,0),(468,'playerVirtual1','playerVirtual1_6289704471',1,'2018-04-09 11:41:46',NULL,0),(469,'playerVirtual19','playerVirtual19_4246147567',0,'2018-04-09 11:42:00',NULL,0),(470,'playerVirtual19','playerVirtual19_4246147567',0,'2018-04-09 11:42:01',NULL,0),(471,'playerVirtual0','playerVirtual0_a8ce284cbc',3,'2018-04-09 11:42:17',NULL,0),(472,'playerVirtual19','playerVirtual19_d84a18600e',3,'2018-04-09 11:43:01',NULL,0),(473,'playerVirtual10','playerVirtual10_6322213339',0,'2018-04-09 11:43:58',NULL,0),(474,'playerVirtual10','playerVirtual10_6322213339',0,'2018-04-09 11:44:01',NULL,0),(475,'playerVirtual19','playerVirtual19_87a3b1d28b',4,'2018-04-09 11:44:02',NULL,0),(476,'playerVirtual10','playerVirtual10_7834b2b6ca',3,'2018-04-09 11:44:55',NULL,0),(477,'playerVirtual16','playerVirtual16_93b37e55f9',3,'2018-04-09 11:45:03',NULL,0),(478,'playerVirtual24','playerVirtual24_c1199481dd',4,'2018-04-09 11:46:28',NULL,0),(479,'playerVirtual4','playerVirtual4_e1dcdae94f',3,'2018-04-09 11:46:31',NULL,0),(480,'playerVirtual11','playerVirtual11_359920779',0,'2018-04-09 11:46:35',NULL,0),(481,'playerVirtual11','playerVirtual11_359920779',0,'2018-04-09 11:46:35',NULL,0),(482,'playerVirtual11','playerVirtual11_8003acbee1',4,'2018-04-09 11:47:35',NULL,0),(483,'playerVirtual14','playerVirtual14_4246147567',0,'2018-04-09 11:48:01',NULL,0),(484,'playerVirtual14','playerVirtual14_4246147567',0,'2018-04-09 11:48:01',NULL,0),(485,'playerVirtual20','playerVirtual20_4246147567',0,'2018-04-09 11:48:09',NULL,0),(486,'playerVirtual15','playerVirtual15_4246147567',0,'2018-04-09 11:48:10',NULL,0),(487,'playerVirtual20','playerVirtual20_4246147567',0,'2018-04-09 11:48:10',NULL,0),(488,'playerVirtual15','playerVirtual15_4246147567',0,'2018-04-09 11:48:10',NULL,0),(489,'playerVirtual3','playerVirtual3_5068098508',1,'2018-04-09 11:48:27',NULL,0),(490,'playerVirtual3','playerVirtual3_bbdb182008',3,'2018-04-09 11:48:27',NULL,0),(491,'playerVirtual3','playerVirtual3_5068098508',1,'2018-04-09 11:48:27',NULL,0),(492,'playerVirtual9','playerVirtual9_754428d487',4,'2018-04-09 11:48:48',NULL,0),(493,'playerVirtual14','playerVirtual14_0d88649027',3,'2018-04-09 11:49:01',NULL,0),(494,'playerVirtual20','playerVirtual20_77fc90081d',3,'2018-04-09 11:49:09',NULL,0),(495,'playerVirtual15','playerVirtual15_17b4bad208',4,'2018-04-09 11:49:13',NULL,0),(496,'playerVirtual7','playerVirtual7_a131a13c40',3,'2018-04-09 11:49:39',NULL,0),(497,'playerVirtual20','playerVirtual20_f77e0e4aa0',4,'2018-04-09 11:50:09',NULL,0),(498,'playerVirtual0','playerVirtual0_4246147567',1,'2018-04-09 11:50:27',NULL,0),(499,'playerVirtual0','playerVirtual0_b4c8e79f1a',4,'2018-04-09 11:50:27',NULL,0),(500,'playerVirtual0','playerVirtual0_4246147567',1,'2018-04-09 11:50:27',NULL,0),(501,'playerVirtual25','playerVirtual25_7dffec91af',4,'2018-04-09 11:51:28',NULL,0),(502,'playerVirtual13','playerVirtual13_906710dea4',4,'2018-04-09 11:51:50',NULL,0),(503,'playerVirtual2','playerVirtual2_ca742049dd',3,'2018-04-09 11:52:20',NULL,0),(504,'playerVirtual12','playerVirtual12_4246147567',0,'2018-04-09 11:52:20',NULL,0),(505,'playerVirtual12','playerVirtual12_c0199a16d3',3,'2018-04-09 11:52:20',NULL,0),(506,'playerVirtual12','playerVirtual12_4246147567',0,'2018-04-09 11:52:20',NULL,0),(507,'playerVirtual6','playerVirtual6_ff5987437a',3,'2018-04-09 11:53:23',NULL,0),(508,'playerVirtual21','playerVirtual21_4246147567',0,'2018-04-09 11:54:24',NULL,0),(509,'playerVirtual21','playerVirtual21_4246147567',0,'2018-04-09 11:54:26',NULL,0),(510,'playerVirtual17','playerVirtual17_a16c0224ef',3,'2018-04-09 11:54:53',NULL,0),(511,'playerVirtual1','playerVirtual1_4246147567',0,'2018-04-09 11:54:54',NULL,0),(512,'playerVirtual1','playerVirtual1_4246147567',0,'2018-04-09 11:54:54',NULL,0),(513,'playerVirtual5','playerVirtual5_4246147567',0,'2018-04-09 11:55:02',NULL,0),(514,'playerVirtual5','playerVirtual5_4246147567',0,'2018-04-09 11:55:02',NULL,0),(515,'playerVirtual21','playerVirtual21_bb3aebf2c7',3,'2018-04-09 11:55:21',NULL,0),(516,'playerVirtual1','playerVirtual1_8bb3ee7f5f',3,'2018-04-09 11:55:54',NULL,0),(517,'playerVirtual5','playerVirtual5_1e70956246',3,'2018-04-09 11:56:02',NULL,0),(518,'playerVirtual21','playerVirtual21_900d27508d',4,'2018-04-09 11:56:22',NULL,0),(519,'playerVirtual26','playerVirtual26_54fda8d742',4,'2018-04-09 11:56:29',NULL,0),(520,'playerVirtual16','playerVirtual16_4246147567',0,'2018-04-09 11:56:39',NULL,0),(521,'playerVirtual16','playerVirtual16_40cf22cbbf',4,'2018-04-09 11:56:39',NULL,0),(522,'playerVirtual16','playerVirtual16_4246147567',0,'2018-04-09 11:56:39',NULL,0),(523,'playerVirtual8','playerVirtual8_4246147567',0,'2018-04-09 11:56:41',NULL,0),(524,'playerVirtual8','playerVirtual8_879453a0b9',3,'2018-04-09 11:56:41',NULL,0),(525,'playerVirtual8','playerVirtual8_4246147567',0,'2018-04-09 11:56:41',NULL,0),(526,'playerVirtual10','playerVirtual10_4246147567',0,'2018-04-09 11:57:03',NULL,0),(527,'playerVirtual10','playerVirtual10_4246147567',0,'2018-04-09 11:57:03',NULL,0),(528,'playerVirtual10','playerVirtual10_8232c4a0dd',4,'2018-04-09 11:58:03',NULL,0),(529,'playerVirtual11','playerVirtual11_4246147567',0,'2018-04-09 11:58:38',NULL,0),(530,'playerVirtual11','playerVirtual11_4246147567',0,'2018-04-09 11:58:38',NULL,0),(531,'playerVirtual12','playerVirtual12_b410cb0d0b',4,'2018-04-09 11:59:24',NULL,0),(532,'playerVirtual11','playerVirtual11_ccd46d9669',3,'2018-04-09 11:59:38',NULL,0),(533,'playerVirtual22','playerVirtual22_4246147567',0,'2018-04-09 11:59:46',NULL,0),(534,'playerVirtual22','playerVirtual22_4246147567',0,'2018-04-09 11:59:46',NULL,0),(535,'playerVirtual22','playerVirtual22_be9956c0d6',3,'2018-04-09 12:00:46',NULL,0),(536,'playerVirtual27','playerVirtual27_61dcaad4cd',4,'2018-04-09 12:01:25',NULL,0),(537,'playerVirtual22','playerVirtual22_9d69bec555',4,'2018-04-09 12:01:47',NULL,0),(538,'playerVirtual14','playerVirtual14_4246147567',1,'2018-04-09 12:02:05',NULL,0),(539,'playerVirtual14','playerVirtual14_9f4fc3bb01',4,'2018-04-09 12:02:06',NULL,0),(540,'playerVirtual14','playerVirtual14_4246147567',1,'2018-04-09 12:02:06',NULL,0),(541,'playerVirtual18','playerVirtual18_4246147567',0,'2018-04-09 12:02:13',NULL,0),(542,'playerVirtual18','playerVirtual18_40a9e522f0',3,'2018-04-09 12:02:13',NULL,0),(543,'playerVirtual18','playerVirtual18_4246147567',0,'2018-04-09 12:02:14',NULL,0),(544,'playerVirtual15','playerVirtual15_e46a676d85',3,'2018-04-09 12:02:52',NULL,0),(545,'playerVirtual18','playerVirtual18_d78a703f29',4,'2018-04-09 12:03:15',NULL,0),(546,'playerVirtual8','playerVirtual8_d65e72308d',4,'2018-04-09 12:03:44',NULL,0),(547,'playerVirtual9','playerVirtual9_6344084916',0,'2018-04-09 12:05:00',NULL,0),(548,'playerVirtual9','playerVirtual9_6344084916',0,'2018-04-09 12:05:01',NULL,0),(549,'playerVirtual9','playerVirtual9_320817e53e',3,'2018-04-09 12:06:01',NULL,0),(550,'playerVirtual23','playerVirtual23_6335261139',0,'2018-04-09 12:06:08',NULL,0),(551,'playerVirtual23','playerVirtual23_6335261139',0,'2018-04-09 12:06:09',NULL,0),(552,'playerVirtual17','playerVirtual17_6566788',0,'2018-04-09 12:06:13',NULL,0),(553,'playerVirtual17','playerVirtual17_6566788',0,'2018-04-09 12:06:13',NULL,0),(554,'playerVirtual3','playerVirtual3_4246147567',0,'2018-04-09 12:06:17',NULL,0),(555,'playerVirtual3','playerVirtual3_4246147567',0,'2018-04-09 12:06:18',NULL,0),(556,'playerVirtual28','playerVirtual28_fd7b340005',4,'2018-04-09 12:06:27',NULL,0),(557,'playerVirtual2','playerVirtual2_4246147567',0,'2018-04-09 12:06:51',NULL,0),(558,'playerVirtual2','playerVirtual2_cd283b8be0',4,'2018-04-09 12:06:51',NULL,0),(559,'playerVirtual2','playerVirtual2_4246147567',0,'2018-04-09 12:06:55',NULL,0),(560,'playerVirtual7','playerVirtual7_4246147567',0,'2018-04-09 12:06:55',NULL,0),(561,'playerVirtual7','playerVirtual7_a9042c1572',4,'2018-04-09 12:06:55',NULL,0),(562,'playerVirtual7','playerVirtual7_4246147567',0,'2018-04-09 12:06:55',NULL,0),(563,'playerVirtual23','playerVirtual23_5df595fd82',3,'2018-04-09 12:07:08',NULL,0),(564,'playerVirtual17','playerVirtual17_c3092a207c',4,'2018-04-09 12:07:13',NULL,0),(565,'playerVirtual3','playerVirtual3_c4d2490c1b',4,'2018-04-09 12:07:18',NULL,0),(566,'playerVirtual5','playerVirtual5_13bb8fd1a7',4,'2018-04-09 12:07:35',NULL,0),(567,'playerVirtual4','playerVirtual4_4246147567',0,'2018-04-09 12:08:08',NULL,0),(568,'playerVirtual4','playerVirtual4_c3a861e6fc',4,'2018-04-09 12:08:08',NULL,0),(569,'playerVirtual4','playerVirtual4_4246147567',0,'2018-04-09 12:08:08',NULL,0),(570,'playerVirtual6','playerVirtual6_4246147567',0,'2018-04-09 12:08:17',NULL,0),(571,'playerVirtual6','playerVirtual6_f675cdbda6',4,'2018-04-09 12:08:17',NULL,0),(572,'playerVirtual6','playerVirtual6_4246147567',0,'2018-04-09 12:08:17',NULL,0),(573,'playerVirtual1','playerVirtual1_6efafc80be',4,'2018-04-09 12:08:29',NULL,0),(574,'playerVirtual19','playerVirtual19_4246147567',0,'2018-04-09 12:08:59',NULL,0),(575,'playerVirtual19','playerVirtual19_2cee616716',3,'2018-04-09 12:09:00',NULL,0),(576,'playerVirtual19','playerVirtual19_4246147567',0,'2018-04-09 12:09:00',NULL,0),(577,'playerVirtual13','playerVirtual13_272887063',0,'2018-04-09 12:09:50',NULL,0),(578,'playerVirtual13','playerVirtual13_272887063',0,'2018-04-09 12:09:50',NULL,0),(579,'playerVirtual19','playerVirtual19_20a0d29dfb',4,'2018-04-09 12:10:01',NULL,0),(580,'playerVirtual0','playerVirtual0_4246147567',0,'2018-04-09 12:10:18',NULL,0),(581,'playerVirtual0','playerVirtual0_4cc4926b9d',3,'2018-04-09 12:10:18',NULL,0),(582,'playerVirtual0','playerVirtual0_4246147567',0,'2018-04-09 12:10:18',NULL,0),(583,'playerVirtual13','playerVirtual13_286f245ff6',3,'2018-04-09 12:10:50',NULL,0),(584,'playerVirtual29','playerVirtual29_7827ada664',4,'2018-04-09 12:11:26',NULL,0),(585,'playerVirtual16','playerVirtual16_01cc748187',3,'2018-04-09 12:11:27',NULL,0),(586,'playerVirtual10','playerVirtual10_b818e53a81',3,'2018-04-09 12:12:07',NULL,0),(587,'playerVirtual24','playerVirtual24_4246147567',0,'2018-04-09 12:12:08',NULL,0),(588,'playerVirtual24','playerVirtual24_4246147567',0,'2018-04-09 12:12:09',NULL,0),(589,'playerVirtual23','playerVirtual23_4246147567',0,'2018-04-09 12:12:27',NULL,0),(590,'playerVirtual23','playerVirtual23_4246147567',0,'2018-04-09 12:12:27',NULL,0),(591,'playerVirtual24','playerVirtual24_fb49f73a8f',3,'2018-04-09 12:13:08',NULL,0),(592,'playerVirtual4','playerVirtual4_68128f3415',3,'2018-04-09 12:13:24',NULL,0),(593,'playerVirtual23','playerVirtual23_610fc9bae4',4,'2018-04-09 12:13:27',NULL,0),(594,'playerVirtual15','playerVirtual15_b3705898de',4,'2018-04-09 12:13:53',NULL,0),(595,'playerVirtual24','playerVirtual24_1fe13d0387',4,'2018-04-09 12:14:11',NULL,0),(596,'playerVirtual11','playerVirtual11_0dbabc014c',4,'2018-04-09 12:15:41',NULL,0),(597,'playerVirtual30','playerVirtual30_9b84d8b0e9',4,'2018-04-09 12:16:28',NULL,0),(598,'playerVirtual3','playerVirtual3_4246147567',1,'2018-04-09 12:16:46',NULL,0),(599,'playerVirtual3','playerVirtual3_a96d493b5c',3,'2018-04-09 12:16:46',NULL,0),(600,'playerVirtual3','playerVirtual3_4246147567',1,'2018-04-09 12:16:46',NULL,0),(601,'playerVirtual20','playerVirtual20_990694203',0,'2018-04-09 12:16:55',NULL,0),(602,'playerVirtual20','playerVirtual20_990694203',0,'2018-04-09 12:16:55',NULL,0),(603,'playerVirtual7','playerVirtual7_986b51861d',3,'2018-04-09 12:17:26',NULL,0),(604,'playerVirtual20','playerVirtual20_96d38c468a',3,'2018-04-09 12:17:55',NULL,0),(605,'playerVirtual0','playerVirtual0_4246147567',1,'2018-04-09 12:18:28',NULL,0),(606,'playerVirtual0','playerVirtual0_2518ca7325',4,'2018-04-09 12:18:28',NULL,0),(607,'playerVirtual0','playerVirtual0_4246147567',1,'2018-04-09 12:18:29',NULL,0),(608,'playerVirtual25','playerVirtual25_4246147567',0,'2018-04-09 12:18:42',NULL,0),(609,'playerVirtual25','playerVirtual25_4246147567',0,'2018-04-09 12:18:42',NULL,0),(610,'playerVirtual14','playerVirtual14_16917741',0,'2018-04-09 12:18:51',NULL,0),(611,'playerVirtual14','playerVirtual14_16917741',0,'2018-04-09 12:18:52',NULL,0),(612,'playerVirtual20','playerVirtual20_3965717637',4,'2018-04-09 12:18:57',NULL,0),(613,'playerVirtual9','playerVirtual9_3338579772',0,'2018-04-09 12:19:41',NULL,0),(614,'playerVirtual9','playerVirtual9_3338579772',0,'2018-04-09 12:19:42',NULL,0),(615,'playerVirtual25','playerVirtual25_54ca6c42a7',3,'2018-04-09 12:19:42',NULL,0),(616,'playerVirtual14','playerVirtual14_a42c134557',3,'2018-04-09 12:19:51',NULL,0),(617,'playerVirtual9','playerVirtual9_dc8889cf93',4,'2018-04-09 12:20:41',NULL,0),(618,'playerVirtual25','playerVirtual25_1ac90f201f',4,'2018-04-09 12:20:44',NULL,0),(619,'playerVirtual2','playerVirtual2_de8c38df1e',3,'2018-04-09 12:20:44',NULL,0),(620,'playerVirtual31','playerVirtual31_687fc0d13a',4,'2018-04-09 12:21:31',NULL,0),(621,'playerVirtual12','playerVirtual12_4246147567',0,'2018-04-09 12:21:55',NULL,0),(622,'playerVirtual12','playerVirtual12_f3b19cfa8d',3,'2018-04-09 12:21:55',NULL,0),(623,'playerVirtual12','playerVirtual12_4246147567',0,'2018-04-09 12:21:55',NULL,0),(624,'playerVirtual6','playerVirtual6_09eb5b9868',3,'2018-04-09 12:22:13',NULL,0),(625,'playerVirtual13','playerVirtual13_4246147567',0,'2018-04-09 12:23:19',NULL,0),(626,'playerVirtual13','playerVirtual13_3786af4f15',4,'2018-04-09 12:23:20',NULL,0),(627,'playerVirtual13','playerVirtual13_4246147567',0,'2018-04-09 12:23:20',NULL,0),(628,'playerVirtual1','playerVirtual1_b6670fead6',3,'2018-04-09 12:24:14',NULL,0),(629,'playerVirtual21','playerVirtual21_4246147567',0,'2018-04-09 12:24:27',NULL,0),(630,'playerVirtual21','playerVirtual21_9e144e3150',3,'2018-04-09 12:24:27',NULL,0),(631,'playerVirtual21','playerVirtual21_4246147567',0,'2018-04-09 12:24:27',NULL,0),(632,'playerVirtual26','playerVirtual26_82730999',0,'2018-04-09 12:24:45',NULL,0),(633,'playerVirtual26','playerVirtual26_82730999',0,'2018-04-09 12:24:46',NULL,0),(634,'playerVirtual5','playerVirtual5_16917741',1,'2018-04-09 12:25:10',NULL,0),(635,'playerVirtual5','playerVirtual5_1785e1049c',3,'2018-04-09 12:25:10',NULL,0),(636,'playerVirtual5','playerVirtual5_16917741',1,'2018-04-09 12:25:10',NULL,0),(637,'playerVirtual21','playerVirtual21_6a0600920d',4,'2018-04-09 12:25:28',NULL,0),(638,'playerVirtual17','playerVirtual17_ab1ae0e701',3,'2018-04-09 12:25:39',NULL,0),(639,'playerVirtual26','playerVirtual26_7adc3c0813',3,'2018-04-09 12:25:45',NULL,0),(640,'playerVirtual32','playerVirtual32_65e5d7e4a8',4,'2018-04-09 12:26:26',NULL,0),(641,'playerVirtual8','playerVirtual8_4820150269',0,'2018-04-09 12:26:33',NULL,0),(642,'playerVirtual8','playerVirtual8_4820150269',0,'2018-04-09 12:26:33',NULL,0),(643,'playerVirtual16','playerVirtual16_5068098508',0,'2018-04-09 12:27:21',NULL,0),(644,'playerVirtual16','playerVirtual16_5068098508',0,'2018-04-09 12:27:22',NULL,0),(645,'playerVirtual8','playerVirtual8_d40e859cdd',3,'2018-04-09 12:27:33',NULL,0),(646,'playerVirtual10','playerVirtual10_6280643141',1,'2018-04-09 12:28:15',NULL,0),(647,'playerVirtual10','playerVirtual10_9ca252cdc0',4,'2018-04-09 12:28:16',NULL,0),(648,'playerVirtual10','playerVirtual10_6280643141',1,'2018-04-09 12:28:16',NULL,0),(649,'playerVirtual16','playerVirtual16_f05868994d',4,'2018-04-09 12:28:22',NULL,0),(650,'playerVirtual12','playerVirtual12_f4fb014a16',4,'2018-04-09 12:28:59',NULL,0),(651,'playerVirtual27','playerVirtual27_6566788',0,'2018-04-09 12:30:11',NULL,0),(652,'playerVirtual27','playerVirtual27_6566788',0,'2018-04-09 12:30:12',NULL,0),(653,'playerVirtual11','playerVirtual11_4246147567',0,'2018-04-09 12:30:36',NULL,0),(654,'playerVirtual22','playerVirtual22_4246147567',0,'2018-04-09 12:30:36',NULL,0),(655,'playerVirtual11','playerVirtual11_1c1ee8976a',3,'2018-04-09 12:30:36',NULL,0),(656,'playerVirtual22','playerVirtual22_10e117b73c',3,'2018-04-09 12:30:36',NULL,0),(657,'playerVirtual11','playerVirtual11_4246147567',0,'2018-04-09 12:30:37',NULL,0),(658,'playerVirtual22','playerVirtual22_4246147567',0,'2018-04-09 12:30:37',NULL,0),(659,'playerVirtual27','playerVirtual27_f884dd7668',3,'2018-04-09 12:31:12',NULL,0),(660,'playerVirtual33','playerVirtual33_dc00586d89',4,'2018-04-09 12:31:24',NULL,0),(661,'playerVirtual26','playerVirtual26_4246147567',0,'2018-04-09 12:31:28',NULL,0),(662,'playerVirtual26','playerVirtual26_4246147567',0,'2018-04-09 12:31:29',NULL,0),(663,'playerVirtual22','playerVirtual22_d3dc00c4e1',4,'2018-04-09 12:31:38',NULL,0),(664,'playerVirtual15','playerVirtual15_6732e83583',3,'2018-04-09 12:31:58',NULL,0),(665,'playerVirtual18','playerVirtual18_4820150269',0,'2018-04-09 12:32:05',NULL,0),(666,'playerVirtual18','playerVirtual18_4820150269',0,'2018-04-09 12:32:06',NULL,0),(667,'playerVirtual26','playerVirtual26_1e86690a2a',4,'2018-04-09 12:32:28',NULL,0),(668,'playerVirtual18','playerVirtual18_722aaf27b9',3,'2018-04-09 12:33:05',NULL,0),(669,'playerVirtual18','playerVirtual18_6ed69bde52',4,'2018-04-09 12:34:07',NULL,0),(670,'playerVirtual14','playerVirtual14_4246147567',0,'2018-04-09 12:34:47',NULL,0),(671,'playerVirtual14','playerVirtual14_d52e1ebca4',4,'2018-04-09 12:34:47',NULL,0),(672,'playerVirtual14','playerVirtual14_4246147567',0,'2018-04-09 12:34:47',NULL,0),(673,'playerVirtual28','playerVirtual28_5297461910',0,'2018-04-09 12:35:24',NULL,0),(674,'playerVirtual28','playerVirtual28_5297461910',0,'2018-04-09 12:35:24',NULL,0),(675,'playerVirtual28','playerVirtual28_c126a77436',3,'2018-04-09 12:36:24',NULL,0),(676,'playerVirtual34','playerVirtual34_6cd5066666',4,'2018-04-09 12:36:25',NULL,0),(677,'playerVirtual3','playerVirtual3_82730999',1,'2018-04-09 12:36:31',NULL,0),(678,'playerVirtual3','playerVirtual3_57a46818d2',4,'2018-04-09 12:36:32',NULL,0),(679,'playerVirtual3','playerVirtual3_82730999',1,'2018-04-09 12:36:32',NULL,0),(680,'playerVirtual27','playerVirtual27_4246147567',0,'2018-04-09 12:37:06',NULL,0),(681,'playerVirtual27','playerVirtual27_4246147567',0,'2018-04-09 12:37:06',NULL,0),(682,'playerVirtual6','playerVirtual6_bf97593974',4,'2018-04-09 12:37:54',NULL,0),(683,'playerVirtual27','playerVirtual27_ef105a4279',4,'2018-04-09 12:38:07',NULL,0),(684,'playerVirtual7','playerVirtual7_4246147567',0,'2018-04-09 12:38:07',NULL,0),(685,'playerVirtual7','playerVirtual7_3a2f452793',4,'2018-04-09 12:38:07',NULL,0),(686,'playerVirtual7','playerVirtual7_4246147567',0,'2018-04-09 12:38:07',NULL,0),(687,'playerVirtual23','playerVirtual23_dcd9bb9030',3,'2018-04-09 12:38:10',NULL,0),(688,'playerVirtual9','playerVirtual9_5792765',0,'2018-04-09 12:38:50',NULL,0),(689,'playerVirtual9','playerVirtual9_5792765',0,'2018-04-09 12:38:50',NULL,0),(690,'playerVirtual4','playerVirtual4_4246147567',0,'2018-04-09 12:38:52',NULL,0),(691,'playerVirtual4','playerVirtual4_60ba3521bf',4,'2018-04-09 12:38:52',NULL,0),(692,'playerVirtual4','playerVirtual4_4246147567',0,'2018-04-09 12:38:52',NULL,0),(693,'playerVirtual8','playerVirtual8_990694203',0,'2018-04-09 12:39:06',NULL,0),(694,'playerVirtual8','playerVirtual8_990694203',0,'2018-04-09 12:39:10',NULL,0),(695,'playerVirtual2','playerVirtual2_4246147567',0,'2018-04-09 12:39:13',NULL,0),(696,'playerVirtual2','playerVirtual2_ae6ef73948',4,'2018-04-09 12:39:13',NULL,0),(697,'playerVirtual2','playerVirtual2_4246147567',0,'2018-04-09 12:39:13',NULL,0),(698,'playerVirtual19','playerVirtual19_4246147567',0,'2018-04-09 12:39:15',NULL,0),(699,'playerVirtual19','playerVirtual19_58098b947d',3,'2018-04-09 12:39:16',NULL,0),(700,'playerVirtual19','playerVirtual19_4246147567',0,'2018-04-09 12:39:16',NULL,0),(701,'playerVirtual9','playerVirtual9_b63063dae5',3,'2018-04-09 12:39:50',NULL,0),(702,'playerVirtual8','playerVirtual8_655f3119eb',4,'2018-04-09 12:40:05',NULL,0),(703,'playerVirtual19','playerVirtual19_dbb9339d7d',4,'2018-04-09 12:40:17',NULL,0),(704,'playerVirtual5','playerVirtual5_4246147567',0,'2018-04-09 12:40:42',NULL,0),(705,'playerVirtual5','playerVirtual5_53370f4088',4,'2018-04-09 12:40:42',NULL,0),(706,'playerVirtual5','playerVirtual5_4246147567',0,'2018-04-09 12:40:42',NULL,0),(707,'playerVirtual17','playerVirtual17_4246147567',0,'2018-04-09 12:40:58',NULL,0),(708,'playerVirtual17','playerVirtual17_ed0972effa',4,'2018-04-09 12:40:58',NULL,0),(709,'playerVirtual17','playerVirtual17_4246147567',0,'2018-04-09 12:40:58',NULL,0),(710,'playerVirtual29','playerVirtual29_1436344784',0,'2018-04-09 12:41:05',NULL,0),(711,'playerVirtual29','playerVirtual29_1436344784',0,'2018-04-09 12:41:05',NULL,0),(712,'playerVirtual13','playerVirtual13_f93c5c9a53',3,'2018-04-09 12:41:19',NULL,0),(713,'playerVirtual1','playerVirtual1_4246147567',0,'2018-04-09 12:41:21',NULL,0),(714,'playerVirtual1','playerVirtual1_0d6791c46b',4,'2018-04-09 12:41:21',NULL,0),(715,'playerVirtual1','playerVirtual1_4246147567',0,'2018-04-09 12:41:21',NULL,0),(716,'playerVirtual35','playerVirtual35_320e66742d',4,'2018-04-09 12:41:27',NULL,0),(717,'playerVirtual0','playerVirtual0_1438244924',0,'2018-04-09 12:41:41',NULL,0),(718,'playerVirtual0','playerVirtual0_1438244924',0,'2018-04-09 12:41:41',NULL,0),(719,'playerVirtual29','playerVirtual29_e89cbc9a40',3,'2018-04-09 12:42:05',NULL,0),(720,'playerVirtual0','playerVirtual0_71f36a22d8',3,'2018-04-09 12:42:41',NULL,0),(721,'playerVirtual28','playerVirtual28_904011',0,'2018-04-09 12:43:13',NULL,0),(722,'playerVirtual28','playerVirtual28_904011',0,'2018-04-09 12:43:13',NULL,0),(723,'playerVirtual10','playerVirtual10_78fe08248f',3,'2018-04-09 12:43:55',NULL,0),(724,'playerVirtual24','playerVirtual24_990694203',0,'2018-04-09 12:44:05',NULL,0),(725,'playerVirtual24','playerVirtual24_990694203',0,'2018-04-09 12:44:06',NULL,0),(726,'playerVirtual4','playerVirtual4_4246147567',1,'2018-04-09 12:44:08',NULL,0),(727,'playerVirtual4','playerVirtual4_67ae2f0c6a',3,'2018-04-09 12:44:08',NULL,0),(728,'playerVirtual4','playerVirtual4_4246147567',1,'2018-04-09 12:44:08',NULL,0),(729,'playerVirtual28','playerVirtual28_f769433ac4',4,'2018-04-09 12:44:13',NULL,0),(730,'playerVirtual24','playerVirtual24_702a415baf',3,'2018-04-09 12:45:06',NULL,0),(731,'playerVirtual24','playerVirtual24_cae3d87a90',4,'2018-04-09 12:46:07',NULL,0),(732,'playerVirtual30','playerVirtual30_6280643141',0,'2018-04-09 12:46:29',NULL,0),(733,'playerVirtual30','playerVirtual30_6280643141',0,'2018-04-09 12:46:29',NULL,0),(734,'playerVirtual36','playerVirtual36_8c7edbb869',4,'2018-04-09 12:46:30',NULL,0),(735,'playerVirtual11','playerVirtual11_4d9c115725',4,'2018-04-09 12:46:40',NULL,0),(736,'playerVirtual16','playerVirtual16_4246147567',0,'2018-04-09 12:46:53',NULL,0),(737,'playerVirtual16','playerVirtual16_bee3523749',3,'2018-04-09 12:46:53',NULL,0),(738,'playerVirtual16','playerVirtual16_4246147567',0,'2018-04-09 12:46:53',NULL,0),(739,'playerVirtual30','playerVirtual30_b608335b6d',3,'2018-04-09 12:47:29',NULL,0),(740,'playerVirtual7','playerVirtual7_91d9764e6e',3,'2018-04-09 12:48:38',NULL,0),(741,'playerVirtual15','playerVirtual15_2378747961',0,'2018-04-09 12:49:02',NULL,0),(742,'playerVirtual15','playerVirtual15_de5a7d9a04',4,'2018-04-09 12:49:02',NULL,0),(743,'playerVirtual15','playerVirtual15_2378747961',0,'2018-04-09 12:49:02',NULL,0),(744,'playerVirtual20','playerVirtual20_4246147567',0,'2018-04-09 12:49:22',NULL,0),(745,'playerVirtual20','playerVirtual20_be1d30c202',3,'2018-04-09 12:49:22',NULL,0),(746,'playerVirtual20','playerVirtual20_4246147567',0,'2018-04-09 12:49:23',NULL,0),(747,'playerVirtual29','playerVirtual29_4246147567',0,'2018-04-09 12:49:24',NULL,0),(748,'playerVirtual29','playerVirtual29_4246147567',0,'2018-04-09 12:49:24',NULL,0),(749,'playerVirtual23','playerVirtual23_990694203',0,'2018-04-09 12:49:35',NULL,0),(750,'playerVirtual23','playerVirtual23_990694203',0,'2018-04-09 12:49:36',NULL,0),(751,'playerVirtual20','playerVirtual20_b283627091',4,'2018-04-09 12:50:24',NULL,0),(752,'playerVirtual29','playerVirtual29_515bb22b1d',4,'2018-04-09 12:50:24',NULL,0),(753,'playerVirtual23','playerVirtual23_e65721f6f0',4,'2018-04-09 12:50:38',NULL,0),(754,'playerVirtual14','playerVirtual14_7d90ebe0e4',3,'2018-04-09 12:51:33',NULL,0),(755,'playerVirtual37','playerVirtual37_81c7976cf4',4,'2018-04-09 12:51:33',NULL,0),(756,'playerVirtual12','playerVirtual12_2c6d01da48',3,'2018-04-09 12:51:48',NULL,0),(757,'playerVirtual25','playerVirtual25_4246147567',0,'2018-04-09 12:51:53',NULL,0),(758,'playerVirtual25','playerVirtual25_121f2a29ca',3,'2018-04-09 12:51:54',NULL,0),(759,'playerVirtual25','playerVirtual25_4246147567',0,'2018-04-09 12:51:54',NULL,0),(760,'playerVirtual3','playerVirtual3_4820318661',0,'2018-04-09 12:52:44',NULL,0),(761,'playerVirtual3','playerVirtual3_4820318661',0,'2018-04-09 12:52:45',NULL,0),(762,'playerVirtual25','playerVirtual25_039558b58f',4,'2018-04-09 12:52:55',NULL,0),(763,'playerVirtual2','playerVirtual2_1f5a2f6a4a',3,'2018-04-09 12:53:08',NULL,0),(764,'playerVirtual31','playerVirtual31_4246147567',0,'2018-04-09 12:53:10',NULL,0),(765,'playerVirtual31','playerVirtual31_4246147567',0,'2018-04-09 12:53:10',NULL,0),(766,'playerVirtual3','playerVirtual3_cd06c4a3b7',3,'2018-04-09 12:53:44',NULL,0),(767,'playerVirtual31','playerVirtual31_cf710c61e7',3,'2018-04-09 12:54:10',NULL,0),(768,'playerVirtual13','playerVirtual13_1438244924',1,'2018-04-09 12:54:44',NULL,0),(769,'playerVirtual13','playerVirtual13_5d9f615f42',4,'2018-04-09 12:54:44',NULL,0),(770,'playerVirtual13','playerVirtual13_1438244924',1,'2018-04-09 12:54:46',NULL,0),(771,'playerVirtual30','playerVirtual30_4246147567',0,'2018-04-09 12:55:06',NULL,0),(772,'playerVirtual30','playerVirtual30_4246147567',0,'2018-04-09 12:55:06',NULL,0),(773,'playerVirtual31','playerVirtual31_7caef99c7c',4,'2018-04-09 12:55:12',NULL,0);
/*!40000 ALTER TABLE `REQUEST` ENABLE KEYS */;
UNLOCK TABLES;

--
-- Table structure for table `STATUS`
--

DROP TABLE IF EXISTS `STATUS`;
/*!40101 SET @saved_cs_client     = @@character_set_client */;
/*!40101 SET character_set_client = utf8 */;
CREATE TABLE `STATUS` (
  `id` int(11) NOT NULL AUTO_INCREMENT,
  `players` int(11) DEFAULT '0',
  `all_requests` int(11) DEFAULT '0',
  `accepts` int(11) DEFAULT '0',
  `rejects` int(11) DEFAULT '0',
  `fairness` double DEFAULT '0',
  `timestamp` timestamp NULL DEFAULT NULL,
  PRIMARY KEY (`id`)
) ENGINE=InnoDB AUTO_INCREMENT=31 DEFAULT CHARSET=utf8;
/*!40101 SET character_set_client = @saved_cs_client */;

--
-- Dumping data for table `STATUS`
--

LOCK TABLES `STATUS` WRITE;
/*!40000 ALTER TABLE `STATUS` DISABLE KEYS */;
INSERT INTO `STATUS` VALUES (1,0,0,0,0,0,'2018-04-09 10:30:11'),(2,10,20,20,0,1,'2018-04-09 10:35:11'),(3,11,31,31,0,1,'2018-04-09 10:40:11'),(4,12,44,44,0,1,'2018-04-09 10:45:11'),(5,13,60,59,0,0.9833,'2018-04-09 10:50:11'),(6,14,67,66,0,0.9851,'2018-04-09 10:55:11'),(7,15,75,74,0,0.9867,'2018-04-09 11:00:11'),(8,16,84,83,0,0.9881,'2018-04-09 11:05:12'),(9,17,90,89,0,0.9889,'2018-04-09 11:10:12'),(10,18,93,92,0,0.9892,'2018-04-09 11:15:12'),(11,19,97,96,0,0.9897,'2018-04-09 11:20:12'),(12,20,102,101,0,0.9902,'2018-04-09 11:25:12'),(13,21,109,108,0,0.9908,'2018-04-09 11:30:12'),(14,22,110,109,0,0.9909,'2018-04-09 11:35:12'),(15,23,119,118,0,0.9916,'2018-04-09 11:40:12'),(16,24,124,123,0,0.9919,'2018-04-09 11:45:12'),(17,25,128,127,0,0.9922,'2018-04-09 11:50:13'),(18,26,132,131,0,0.9924,'2018-04-09 11:55:13'),(19,27,137,136,0,0.9927,'2018-04-09 12:00:13'),(20,28,139,138,0,0.9928,'2018-04-09 12:05:13'),(21,29,148,147,0,0.9932,'2018-04-09 12:10:13'),(22,30,151,150,0,0.9934,'2018-04-09 12:15:13'),(23,31,155,154,0,0.9935,'2018-04-09 12:20:13'),(24,32,159,158,0,0.9937,'2018-04-09 12:25:14'),(25,33,162,161,0,0.9938,'2018-04-09 12:30:14'),(26,34,167,166,0,0.994,'2018-04-09 12:35:14'),(27,35,175,174,0,0.9943,'2018-04-09 12:40:14'),(28,36,182,181,0,0.9945,'2018-04-09 12:45:14'),(29,37,188,187,0,0.9947,'2018-04-09 12:50:14'),(30,38,192,191,0,0.9948,'2018-04-09 12:55:14');
/*!40000 ALTER TABLE `STATUS` ENABLE KEYS */;
UNLOCK TABLES;

--
-- Table structure for table `THRESHOLD`
--

DROP TABLE IF EXISTS `THRESHOLD`;
/*!40101 SET @saved_cs_client     = @@character_set_client */;
/*!40101 SET character_set_client = utf8 */;
CREATE TABLE `THRESHOLD` (
  `division` int(11) NOT NULL,
  `botton` double DEFAULT '0',
  `top` double DEFAULT '0',
  PRIMARY KEY (`division`)
) ENGINE=InnoDB DEFAULT CHARSET=utf8;
/*!40101 SET character_set_client = @saved_cs_client */;

--
-- Dumping data for table `THRESHOLD`
--

LOCK TABLES `THRESHOLD` WRITE;
/*!40000 ALTER TABLE `THRESHOLD` DISABLE KEYS */;
INSERT INTO `THRESHOLD` VALUES (1,8.76,20),(2,4.38,8.76),(3,0,4.38);
/*!40000 ALTER TABLE `THRESHOLD` ENABLE KEYS */;
UNLOCK TABLES;

--
-- Table structure for table `VM`
--

DROP TABLE IF EXISTS `VM`;
/*!40101 SET @saved_cs_client     = @@character_set_client */;
/*!40101 SET character_set_client = utf8 */;
CREATE TABLE `VM` (
  `id` int(11) NOT NULL AUTO_INCREMENT,
  `origin_add` varchar(45) NOT NULL,
  `origin_id` varchar(45) NOT NULL,
  `origin_name` varchar(45) NOT NULL,
  `destiny_add` varchar(45) NOT NULL,
  `destiny_name` varchar(45) NOT NULL,
  `destiny_id` varchar(45) NOT NULL,
  `status` tinyint(1) NOT NULL,
  `has_resources` tinyint(1) NOT NULL,
  `vcpus` int(11) NOT NULL,
  `mem` bigint(20) NOT NULL,
  `disk` bigint(20) NOT NULL,
  `timestamp_received` timestamp NULL DEFAULT NULL,
  `timestamp_finished` timestamp NULL DEFAULT NULL,
  PRIMARY KEY (`id`)
) ENGINE=InnoDB AUTO_INCREMENT=193 DEFAULT CHARSET=utf8;
/*!40101 SET character_set_client = @saved_cs_client */;

--
-- Dumping data for table `VM`
--

LOCK TABLES `VM` WRITE;
/*!40000 ALTER TABLE `VM` DISABLE KEYS */;
INSERT INTO `VM` VALUES (1,'192.168.0.200','playerVirtual1_450512000','playerVirtual1','192.168.0.200','playerVirtual4','playerVirtual4_c9b77dfde0',1,1,1,2048,20,'2018-04-09 10:32:20',NULL),(2,'192.168.0.200','playerVirtual4_1438244924','playerVirtual4','192.168.0.200','playerVirtual1','playerVirtual1_1efc4e856f',3,1,1,2048,20,'2018-04-09 10:32:21','2018-04-09 11:06:31'),(3,'192.168.0.200','playerVirtual8_640692267','playerVirtual8','192.168.0.200','playerVirtual2','playerVirtual2_84b0fa303a',1,1,1,512,1,'2018-04-09 10:32:25',NULL),(4,'192.168.0.200','playerVirtual2_2381571381','playerVirtual2','192.168.0.200','playerVirtual8','playerVirtual8_26c8d11807',3,1,1,2048,20,'2018-04-09 10:32:26','2018-04-09 11:13:03'),(5,'192.168.0.200','playerVirtual3_5297461910','playerVirtual3','192.168.0.200','playerVirtual6','playerVirtual6_039c605dc4',3,1,1,512,1,'2018-04-09 10:32:27','2018-04-09 11:22:46'),(6,'192.168.0.200','playerVirtual6_2790332778','playerVirtual6','192.168.0.200','playerVirtual3','playerVirtual3_f7765320d5',1,1,2,4096,40,'2018-04-09 10:32:30',NULL),(7,'192.168.0.200','playerVirtual5_369721705','playerVirtual5','192.168.0.200','playerVirtual9','playerVirtual9_6c25e4bb40',1,1,2,4096,40,'2018-04-09 10:32:32',NULL),(8,'192.168.0.200','playerVirtual9_317469422','playerVirtual9','192.168.0.200','playerVirtual5','playerVirtual5_be905923f6',1,1,2,4096,40,'2018-04-09 10:32:32',NULL),(9,'192.168.0.200','playerVirtual7_6955737','playerVirtual7','192.168.0.200','playerVirtual0','playerVirtual0_4a3474a061',3,1,1,2048,20,'2018-04-09 10:32:32','2018-04-09 11:03:33'),(10,'192.168.0.200','playerVirtual0_257338104','playerVirtual0','192.168.0.200','playerVirtual7','playerVirtual7_1ec4fe7ba6',1,1,2,4096,40,'2018-04-09 10:32:33',NULL),(11,'192.168.0.200','playerVirtual4_2433236783','playerVirtual4','192.168.0.200','playerVirtual1','playerVirtual1_b0a5f65038',1,1,1,2048,20,'2018-04-09 10:34:32',NULL),(12,'192.168.0.200','playerVirtual1_3584940347','playerVirtual1','192.168.0.200','playerVirtual4','playerVirtual4_39e51f41fa',1,1,1,512,1,'2018-04-09 10:34:32',NULL),(13,'192.168.0.200','playerVirtual2_257407216','playerVirtual2','192.168.0.200','playerVirtual6','playerVirtual6_abeedca65d',1,1,2,4096,40,'2018-04-09 10:34:34',NULL),(14,'192.168.0.200','playerVirtual8_3338579772','playerVirtual8','192.168.0.200','playerVirtual2','playerVirtual2_503b13ec69',3,1,1,2048,20,'2018-04-09 10:34:34','2018-04-09 11:02:38'),(15,'192.168.0.200','playerVirtual3_182859403','playerVirtual3','192.168.0.200','playerVirtual5','playerVirtual5_02915220cf',3,1,1,512,1,'2018-04-09 10:34:41','2018-04-09 11:15:59'),(16,'192.168.0.200','playerVirtual6_2359368952','playerVirtual6','192.168.0.200','playerVirtual3','playerVirtual3_1fb5f06eb2',3,1,1,512,1,'2018-04-09 10:34:44','2018-04-09 10:48:31'),(17,'192.168.0.200','playerVirtual5_16917741','playerVirtual5','192.168.0.200','playerVirtual9','playerVirtual9_819965e0ea',3,1,1,512,1,'2018-04-09 10:34:47','2018-04-09 12:25:10'),(18,'192.168.0.200','playerVirtual9_2545640208','playerVirtual9','192.168.0.200','playerVirtual0','playerVirtual0_09593fbe9f',1,1,1,2048,20,'2018-04-09 10:34:56',NULL),(19,'192.168.0.200','playerVirtual7_908315','playerVirtual7','192.168.0.200','playerVirtual1','playerVirtual1_761ebd9707',3,1,1,2048,20,'2018-04-09 10:34:58','2018-04-09 11:26:18'),(20,'192.168.0.200','playerVirtual0_539194189','playerVirtual0','192.168.0.200','playerVirtual7','playerVirtual7_c123d8297a',3,1,1,2048,20,'2018-04-09 10:35:06','2018-04-09 11:26:35'),(21,'192.168.0.200','playerVirtual4_4820204870','playerVirtual4','192.168.0.200','playerVirtual10','playerVirtual10_02bcfefd00',2,1,2,4096,40,'2018-04-09 10:37:48','2018-04-09 10:38:15'),(22,'192.168.0.200','playerVirtual1_8058564','playerVirtual1','192.168.0.200','playerVirtual4','playerVirtual4_81a6d08b81',1,1,1,2048,20,'2018-04-09 10:38:37',NULL),(23,'192.168.0.200','playerVirtual2_1429160667','playerVirtual2','192.168.0.200','playerVirtual5','playerVirtual5_bd590d1cf8',1,1,1,2048,20,'2018-04-09 10:38:44',NULL),(24,'192.168.0.200','playerVirtual8_3338010893','playerVirtual8','192.168.0.200','playerVirtual2','playerVirtual2_8f374f4430',1,1,1,512,1,'2018-04-09 10:38:44',NULL),(25,'192.168.0.200','playerVirtual3_82730999','playerVirtual3','192.168.0.200','playerVirtual9','playerVirtual9_9b84fc9a5b',3,1,1,512,1,'2018-04-09 10:38:50','2018-04-09 12:36:32'),(26,'192.168.0.200','playerVirtual6_351652724','playerVirtual6','192.168.0.200','playerVirtual3','playerVirtual3_cd2dd3fba2',1,1,1,2048,20,'2018-04-09 10:38:55',NULL),(27,'192.168.0.200','playerVirtual5_6571218','playerVirtual5','192.168.0.200','playerVirtual0','playerVirtual0_b0a846a960',1,1,1,2048,20,'2018-04-09 10:38:56',NULL),(28,'192.168.0.200','playerVirtual9_778566023','playerVirtual9','192.168.0.200','playerVirtual7','playerVirtual7_11e7ae9705',1,1,1,512,1,'2018-04-09 10:38:59',NULL),(29,'192.168.0.200','playerVirtual7_1436344784','playerVirtual7','192.168.0.200','playerVirtual10','playerVirtual10_b05d0e31c4',2,1,1,2048,20,'2018-04-09 10:39:03','2018-04-09 10:39:18'),(30,'192.168.0.200','playerVirtual0_1339662','playerVirtual0','192.168.0.200','playerVirtual4','playerVirtual4_c59eba08a2',1,1,1,2048,20,'2018-04-09 10:39:05',NULL),(31,'192.168.0.200','playerVirtual10_317497342','playerVirtual10','192.168.0.200','playerVirtual2','playerVirtual2_e15f58f1ec',1,1,1,512,1,'2018-04-09 10:40:00',NULL),(32,'192.168.0.200','playerVirtual6_359920779','playerVirtual6','192.168.0.200','playerVirtual10','playerVirtual10_70efc30405',2,1,1,512,1,'2018-04-09 10:40:21','2018-04-09 10:41:22'),(33,'192.168.0.200','playerVirtual4_284794223','playerVirtual4','192.168.0.200','playerVirtual1','playerVirtual1_461ddfb3bf',1,1,1,2048,20,'2018-04-09 10:41:05',NULL),(34,'192.168.0.200','playerVirtual1_904011','playerVirtual1','192.168.0.200','playerVirtual5','playerVirtual5_4a1481a1a4',3,1,1,2048,20,'2018-04-09 10:41:06','2018-04-09 11:29:10'),(35,'192.168.0.200','playerVirtual2_2904109077','playerVirtual2','192.168.0.200','playerVirtual9','playerVirtual9_88c0cdc376',1,1,1,512,1,'2018-04-09 10:41:07',NULL),(36,'192.168.0.200','playerVirtual8_257338074','playerVirtual8','192.168.0.200','playerVirtual10','playerVirtual10_2463c765c6',2,1,2,4096,40,'2018-04-09 10:41:08','2018-04-09 10:41:23'),(37,'192.168.0.200','playerVirtual3_905614','playerVirtual3','192.168.0.200','playerVirtual0','playerVirtual0_40e179c6b3',1,1,1,2048,20,'2018-04-09 10:41:15',NULL),(38,'192.168.0.200','playerVirtual5_1093460','playerVirtual5','192.168.0.200','playerVirtual3','playerVirtual3_8fd3a2c7c1',1,1,1,512,1,'2018-04-09 10:41:24',NULL),(39,'192.168.0.200','playerVirtual9_6569547','playerVirtual9','192.168.0.200','playerVirtual11','playerVirtual11_8ba0cee463',2,1,1,2048,20,'2018-04-09 10:41:32','2018-04-09 10:42:25'),(40,'192.168.0.200','playerVirtual7_470485660','playerVirtual7','192.168.0.200','playerVirtual4','playerVirtual4_04affa30d4',1,1,2,4096,40,'2018-04-09 10:41:35',NULL),(41,'192.168.0.200','playerVirtual0_30788568','playerVirtual0','192.168.0.200','playerVirtual7','playerVirtual7_aa430b0eb1',1,1,1,512,1,'2018-04-09 10:41:46',NULL),(42,'192.168.0.200','playerVirtual10_5792765','playerVirtual10','192.168.0.200','playerVirtual11','playerVirtual11_250b197e07',2,1,1,512,1,'2018-04-09 10:42:09','2018-04-09 10:42:26'),(43,'192.168.0.200','playerVirtual4_4820318661','playerVirtual4','192.168.0.200','playerVirtual1','playerVirtual1_0fe049ce5c',1,1,2,4096,40,'2018-04-09 10:44:44',NULL),(44,'192.168.0.200','playerVirtual6_38671842','playerVirtual6','192.168.0.200','playerVirtual10','playerVirtual10_04d7b482d7',2,1,1,512,1,'2018-04-09 10:44:45','2018-04-09 10:45:34'),(45,'192.168.0.200','playerVirtual11_400453824','playerVirtual11','192.168.0.200','playerVirtual8','playerVirtual11_400453824',0,0,1,512,1,'2018-04-09 10:45:15','2018-04-09 10:45:15'),(46,'192.168.0.200','playerVirtual1_4819935267','playerVirtual1','192.168.0.200','playerVirtual5','playerVirtual5_6175d258f8',1,1,2,4096,40,'2018-04-09 10:45:34',NULL),(47,'192.168.0.200','playerVirtual2_4820217293','playerVirtual2','192.168.0.200','playerVirtual9','playerVirtual9_95b2077773',1,1,2,4096,40,'2018-04-09 10:45:44',NULL),(48,'192.168.0.200','playerVirtual8_6264344062','playerVirtual8','192.168.0.200','playerVirtual11','playerVirtual11_6a2f274b92',2,1,1,512,1,'2018-04-09 10:45:45','2018-04-09 10:46:36'),(49,'192.168.0.200','playerVirtual3_2378747961','playerVirtual3','192.168.0.200','playerVirtual4','playerVirtual4_eecf721ecb',3,1,1,512,1,'2018-04-09 10:46:00','2018-04-09 11:05:59'),(50,'192.168.0.200','playerVirtual5_5068098508','playerVirtual5','192.168.0.200','playerVirtual3','playerVirtual3_5eb1497d74',3,1,1,2048,20,'2018-04-09 10:46:11','2018-04-09 11:28:31'),(51,'192.168.0.200','playerVirtual9_227443932','playerVirtual9','192.168.0.200','playerVirtual12','playerVirtual12_747fa3e277',2,1,1,2048,20,'2018-04-09 10:47:27','2018-04-09 10:47:40'),(52,'192.168.0.200','playerVirtual7_1095593','playerVirtual7','192.168.0.200','playerVirtual1','playerVirtual1_99657e4ea2',3,1,1,512,1,'2018-04-09 10:47:31','2018-04-09 11:15:42'),(53,'192.168.0.200','playerVirtual0_2148750930','playerVirtual0','192.168.0.200','playerVirtual7','playerVirtual7_ec0111f7b8',1,1,1,2048,20,'2018-04-09 10:47:41',NULL),(54,'192.168.0.200','playerVirtual10_563574327','playerVirtual10','192.168.0.200','playerVirtual5','playerVirtual5_7d4cf53f64',1,1,1,2048,20,'2018-04-09 10:48:41',NULL),(55,'192.168.0.200','playerVirtual11_16915963','playerVirtual11','192.168.0.200','playerVirtual12','playerVirtual12_859052ae72',2,1,1,2048,20,'2018-04-09 10:49:10','2018-04-09 10:49:46'),(56,'192.168.0.200','playerVirtual4_765651','playerVirtual4','192.168.0.200','playerVirtual10','playerVirtual10_ad87a3eaec',2,1,1,2048,20,'2018-04-09 10:49:46','2018-04-09 10:50:49'),(57,'192.168.0.200','playerVirtual1_284757920','playerVirtual1','192.168.0.200','playerVirtual11','playerVirtual11_7c3de92ef5',2,1,1,2048,20,'2018-04-09 10:49:52','2018-04-09 10:50:49'),(58,'192.168.0.200','playerVirtual2_272887063','playerVirtual2','192.168.0.200','playerVirtual3','playerVirtual3_11cf9253ec',3,1,1,2048,20,'2018-04-09 10:49:56','2018-04-09 10:56:44'),(59,'192.168.0.200','playerVirtual8_6274355716','playerVirtual8','192.168.0.200','playerVirtual12','playerVirtual12_aed749971b',2,1,1,512,1,'2018-04-09 10:49:59','2018-04-09 10:50:49'),(60,'192.168.0.200','playerVirtual3_38676294','playerVirtual3','192.168.0.200','playerVirtual1','playerVirtual1_1f82f8d901',1,1,1,512,1,'2018-04-09 10:50:07',NULL),(61,'192.168.0.200','playerVirtual5_182859403','playerVirtual5','192.168.0.200','playerVirtual7','playerVirtual7_1dc7b18a50',3,1,1,512,1,'2018-04-09 10:51:17','2018-04-09 10:56:20'),(62,'192.168.0.200','playerVirtual9_4820204870','playerVirtual9','192.168.0.200','playerVirtual13','playerVirtual13_ab8b68ddc0',2,1,2,4096,40,'2018-04-09 10:51:42','2018-04-09 10:51:52'),(63,'192.168.0.200','playerVirtual12_5623125514','playerVirtual12','192.168.0.200','playerVirtual11','playerVirtual11_6ca2b9eccb',2,1,1,2048,20,'2018-04-09 10:52:09','2018-04-09 10:53:00'),(64,'192.168.0.200','playerVirtual7_990694203','playerVirtual7','192.168.0.200','playerVirtual12','playerVirtual12_a25e16d31e',2,1,1,2048,20,'2018-04-09 10:52:15','2018-04-09 10:53:00'),(65,'192.168.0.200','playerVirtual0_6280638724','playerVirtual0','192.168.0.200','playerVirtual13','playerVirtual13_476f123291',2,1,1,512,1,'2018-04-09 10:52:30','2018-04-09 10:53:00'),(66,'192.168.0.200','playerVirtual10_6280643141','playerVirtual10','192.168.0.200','playerVirtual3','playerVirtual3_21eb908e15',3,1,1,512,1,'2018-04-09 10:53:00','2018-04-09 12:28:16'),(67,'192.168.0.200','playerVirtual6_990694203','playerVirtual6','192.168.0.200','playerVirtual13','playerVirtual13_d23e008929',2,1,1,2048,20,'2018-04-09 10:54:11','2018-04-09 10:55:00'),(68,'192.168.0.200','playerVirtual11_4476462938','playerVirtual11','192.168.0.200','playerVirtual12','playerVirtual12_d2d7049122',2,1,1,2048,20,'2018-04-09 10:56:09','2018-04-09 10:57:04'),(69,'192.168.0.200','playerVirtual1_272887063','playerVirtual1','192.168.0.200','playerVirtual14','playerVirtual14_debf45ad84',2,1,1,2048,20,'2018-04-09 10:56:36','2018-04-09 10:57:04'),(70,'192.168.0.200','playerVirtual8_6282149131','playerVirtual8','192.168.0.200','playerVirtual14','playerVirtual14_3cdc0a052a',2,1,1,512,1,'2018-04-09 10:56:46','2018-04-09 10:57:05'),(71,'192.168.0.200','playerVirtual12_682797','playerVirtual12','192.168.0.200','playerVirtual11','playerVirtual11_c6d3ad52ae',2,1,1,2048,20,'2018-04-09 10:56:47','2018-04-09 10:57:05'),(72,'192.168.0.200','playerVirtual9_1436323714','playerVirtual9','192.168.0.200','playerVirtual13','playerVirtual13_8cf7ba4cc6',2,1,1,2048,20,'2018-04-09 10:58:42','2018-04-09 10:59:10'),(73,'192.168.0.200','playerVirtual0_214880781','playerVirtual0','192.168.0.200','playerVirtual12','playerVirtual12_fc96cc5a0a',2,1,1,2048,20,'2018-04-09 10:59:10','2018-04-09 11:00:12'),(74,'192.168.0.200','playerVirtual13_2359368952','playerVirtual13','192.168.0.200','playerVirtual14','playerVirtual14_950170e3ab',2,1,1,512,1,'2018-04-09 10:59:27','2018-04-09 11:00:12'),(75,'192.168.0.200','playerVirtual10_1094955','playerVirtual10','192.168.0.200','playerVirtual5','playerVirtual5_737d275537',1,1,1,512,1,'2018-04-09 11:00:04',NULL),(76,'192.168.0.200','playerVirtual4_16914091','playerVirtual4','192.168.0.200','playerVirtual10','playerVirtual10_206d688f6c',2,1,1,2048,20,'2018-04-09 11:00:14','2018-04-09 11:01:15'),(77,'192.168.0.200','playerVirtual3_182859403','playerVirtual3','192.168.0.200','playerVirtual1','playerVirtual1_239b945de8',3,1,1,512,1,'2018-04-09 11:00:50','2018-04-09 11:15:59'),(78,'192.168.0.200','playerVirtual2_6955737','playerVirtual2','192.168.0.200','playerVirtual13','playerVirtual13_1bd4f447e1',2,1,1,2048,20,'2018-04-09 11:01:16','2018-04-09 11:02:19'),(79,'192.168.0.200','playerVirtual11_6955737','playerVirtual11','192.168.0.200','playerVirtual15','playerVirtual15_776eaa39c6',2,1,1,2048,20,'2018-04-09 11:01:41','2018-04-09 11:02:19'),(80,'192.168.0.200','playerVirtual5_6641406','playerVirtual5','192.168.0.200','playerVirtual7','playerVirtual7_1ea7c76692',1,1,1,2048,20,'2018-04-09 11:02:04',NULL),(81,'192.168.0.200','playerVirtual1_1438244924','playerVirtual1','192.168.0.200','playerVirtual3','playerVirtual3_56591cf5ad',3,1,1,2048,20,'2018-04-09 11:02:30','2018-04-09 11:10:04'),(82,'192.168.0.200','playerVirtual13_1438244924','playerVirtual13','192.168.0.200','playerVirtual2','playerVirtual2_884ee5b680',3,1,1,2048,20,'2018-04-09 11:03:53','2018-04-09 12:54:46'),(83,'192.168.0.200','playerVirtual9_2378747961','playerVirtual9','192.168.0.200','playerVirtual0','playerVirtual0_10ea3b3790',3,1,1,512,1,'2018-04-09 11:04:32','2018-04-09 11:13:01'),(84,'192.168.0.200','playerVirtual12_3338579772','playerVirtual12','192.168.0.200','playerVirtual11','playerVirtual11_7ee1185767',2,1,1,2048,20,'2018-04-09 11:04:48','2018-04-09 11:05:27'),(85,'192.168.0.200','playerVirtual14_6285257156','playerVirtual14','192.168.0.200','playerVirtual13','playerVirtual13_ef06421dc8',2,1,1,512,1,'2018-04-09 11:05:27','2018-04-09 11:06:29'),(86,'192.168.0.200','playerVirtual0_6289355687','playerVirtual0','192.168.0.200','playerVirtual14','playerVirtual14_88c3deaa5e',2,1,1,512,1,'2018-04-09 11:05:54','2018-04-09 11:06:30'),(87,'192.168.0.200','playerVirtual6_2381571381','playerVirtual6','192.168.0.200','playerVirtual15','playerVirtual15_bbc780f98e',2,1,1,2048,20,'2018-04-09 11:05:59','2018-04-09 11:06:30'),(88,'192.168.0.200','playerVirtual10_6289704471','playerVirtual10','192.168.0.200','playerVirtual4','playerVirtual4_a725b8c961',3,1,1,512,1,'2018-04-09 11:06:30','2018-04-09 11:19:26'),(89,'192.168.0.200','playerVirtual5_990694203','playerVirtual5','192.168.0.200','playerVirtual16','playerVirtual16_a28460ed1b',2,1,1,2048,20,'2018-04-09 11:09:55','2018-04-09 11:10:40'),(90,'192.168.0.200','playerVirtual11_794070039','playerVirtual11','192.168.0.200','playerVirtual12','playerVirtual12_5ab531b605',2,1,1,512,1,'2018-04-09 11:10:06','2018-04-09 11:10:40'),(91,'192.168.0.200','playerVirtual15_1436344784','playerVirtual15','192.168.0.200','playerVirtual17','playerVirtual17_d29b0e81e9',2,1,1,2048,20,'2018-04-09 11:12:16','2018-04-09 11:12:45'),(92,'192.168.0.200','playerVirtual14_182859403','playerVirtual14','192.168.0.200','playerVirtual15','playerVirtual15_228b4a9828',2,1,1,512,1,'2018-04-09 11:12:46','2018-04-09 11:13:47'),(93,'192.168.0.200','playerVirtual12_6296865278','playerVirtual12','192.168.0.200','playerVirtual10','playerVirtual10_2f8ef2a904',2,1,1,512,1,'2018-04-09 11:12:52','2018-04-09 11:13:47'),(94,'192.168.0.200','playerVirtual13_6296268057','playerVirtual13','192.168.0.200','playerVirtual8','playerVirtual8_a2cf3c85e2',1,1,1,512,1,'2018-04-09 11:15:22',NULL),(95,'192.168.0.200','playerVirtual6_5297461910','playerVirtual6','192.168.0.200','playerVirtual16','playerVirtual16_4e2ea13d0c',2,1,1,512,1,'2018-04-09 11:16:03','2018-04-09 11:16:54'),(96,'192.168.0.200','playerVirtual4_990694203','playerVirtual4','192.168.0.200','playerVirtual18','playerVirtual18_4556abca24',2,1,1,2048,20,'2018-04-09 11:17:14','2018-04-09 11:17:58'),(97,'192.168.0.200','playerVirtual0_6301942525','playerVirtual0','192.168.0.200','playerVirtual14','playerVirtual14_d262a59ced',2,1,1,512,1,'2018-04-09 11:17:25','2018-04-09 11:17:58'),(98,'192.168.0.200','playerVirtual16_6264344062','playerVirtual16','192.168.0.200','playerVirtual17','playerVirtual17_1fbad04e92',2,1,1,2048,20,'2018-04-09 11:21:15','2018-04-09 11:22:07'),(99,'192.168.0.200','playerVirtual15_539194189','playerVirtual15','192.168.0.200','playerVirtual19','playerVirtual19_75ab9635f9',2,1,1,2048,20,'2018-04-09 11:21:29','2018-04-09 11:22:08'),(100,'192.168.0.200','playerVirtual1_6289704471','playerVirtual1','192.168.0.200','playerVirtual3','playerVirtual3_1cd304a329',3,1,1,2048,20,'2018-04-09 11:21:35','2018-04-09 11:41:46'),(101,'192.168.0.200','playerVirtual11_1095593','playerVirtual11','192.168.0.200','playerVirtual1','playerVirtual1_01c7274d38',3,1,1,512,1,'2018-04-09 11:21:53','2018-04-09 11:30:32'),(102,'192.168.0.200','playerVirtual9_182859403','playerVirtual9','192.168.0.200','playerVirtual6','playerVirtual6_a782d2c38b',1,1,1,512,1,'2018-04-09 11:24:24',NULL),(103,'192.168.0.200','playerVirtual13_6289704471','playerVirtual13','192.168.0.200','playerVirtual20','playerVirtual20_1ddd0f2df2',2,1,1,2048,20,'2018-04-09 11:26:43','2018-04-09 11:27:21'),(104,'192.168.0.200','playerVirtual2_908315','playerVirtual2','192.168.0.200','playerVirtual0','playerVirtual0_7889f08fbb',1,1,1,2048,20,'2018-04-09 11:26:59',NULL),(105,'192.168.0.200','playerVirtual12_4246147567','playerVirtual12','192.168.0.200','playerVirtual7','playerVirtual7_c93f60558e',3,1,2,4096,40,'2018-04-09 11:27:21','2018-04-09 11:35:24'),(106,'192.168.0.200','playerVirtual10_6315250734','playerVirtual10','192.168.0.200','playerVirtual11','playerVirtual11_b91f5a65a9',2,1,1,512,1,'2018-04-09 11:28:51','2018-04-09 11:29:27'),(107,'192.168.0.200','playerVirtual16_4246147567','playerVirtual16','192.168.0.200','playerVirtual18','playerVirtual18_22fe1176cc',2,1,2,4096,40,'2018-04-09 11:29:14','2018-04-09 11:29:27'),(108,'192.168.0.200','playerVirtual17_6274355716','playerVirtual17','192.168.0.200','playerVirtual16','playerVirtual16_de63e2f915',2,1,1,512,1,'2018-04-09 11:29:20','2018-04-09 11:30:27'),(109,'192.168.0.200','playerVirtual6_4246147567','playerVirtual6','192.168.0.200','playerVirtual15','playerVirtual15_dd8d96df06',2,1,2,4096,40,'2018-04-09 11:29:27','2018-04-09 11:30:28'),(110,'192.168.0.200','playerVirtual8_4246147567','playerVirtual8','192.168.0.200','playerVirtual17','playerVirtual17_f07dbae16d',2,1,2,4096,40,'2018-04-09 11:30:36','2018-04-09 11:31:31'),(111,'192.168.0.200','playerVirtual14_6316827871','playerVirtual14','192.168.0.200','playerVirtual21','playerVirtual21_c386678954',2,1,1,512,1,'2018-04-09 11:35:40','2018-04-09 11:36:42'),(112,'192.168.0.200','playerVirtual17_4246147567','playerVirtual17','192.168.0.200','playerVirtual14','playerVirtual14_4d3a815372',2,1,2,4096,40,'2018-04-09 11:36:08','2018-04-09 11:36:42'),(113,'192.168.0.200','playerVirtual15_2378747961','playerVirtual15','192.168.0.200','playerVirtual19','playerVirtual19_2bb70a7435',2,1,1,512,1,'2018-04-09 11:36:12','2018-04-09 11:36:42'),(114,'192.168.0.200','playerVirtual18_4246147567','playerVirtual18','192.168.0.200','playerVirtual20','playerVirtual20_fb70f3e205',2,1,2,4096,40,'2018-04-09 11:36:21','2018-04-09 11:36:42'),(115,'192.168.0.200','playerVirtual9_990694203','playerVirtual9','192.168.0.200','playerVirtual18','playerVirtual18_e50037e879',2,1,1,2048,20,'2018-04-09 11:36:25','2018-04-09 11:36:43'),(116,'192.168.0.200','playerVirtual2_4246147567','playerVirtual2','192.168.0.200','playerVirtual22','playerVirtual22_419b296aef',2,1,2,4096,40,'2018-04-09 11:37:22','2018-04-09 11:37:45'),(117,'192.168.0.200','playerVirtual3_5068098508','playerVirtual3','192.168.0.200','playerVirtual5','playerVirtual5_eec6a239cf',3,1,1,2048,20,'2018-04-09 11:37:59','2018-04-09 11:48:27'),(118,'192.168.0.200','playerVirtual7_4246147567','playerVirtual7','192.168.0.200','playerVirtual13','playerVirtual13_1aed3f4b05',2,1,2,4096,40,'2018-04-09 11:38:07','2018-04-09 12:07:57'),(119,'192.168.0.200','playerVirtual5_1095593','playerVirtual5','192.168.0.200','playerVirtual4','playerVirtual4_0ef7bd910e',1,1,1,512,1,'2018-04-09 11:40:05',NULL),(120,'192.168.0.200','playerVirtual4_4246147567','playerVirtual4','192.168.0.200','playerVirtual12','playerVirtual12_eeaef5d056',3,1,2,4096,40,'2018-04-09 11:40:15','2018-04-09 12:44:09'),(121,'192.168.0.200','playerVirtual13_4246147567','playerVirtual13','192.168.0.200','playerVirtual10','playerVirtual10_6cc98e52d9',2,1,2,4096,40,'2018-04-09 11:40:29','2018-04-09 11:40:52'),(122,'192.168.0.200','playerVirtual0_4246147567','playerVirtual0','192.168.0.200','playerVirtual3','playerVirtual3_ad8666dcfd',3,1,2,4096,40,'2018-04-09 11:41:17','2018-04-09 12:18:29'),(123,'192.168.0.200','playerVirtual19_4246147567','playerVirtual19','192.168.0.200','playerVirtual23','playerVirtual23_5cf9b25965',2,1,2,4096,40,'2018-04-09 11:42:01','2018-04-09 11:42:58'),(124,'192.168.0.200','playerVirtual10_6322213339','playerVirtual10','192.168.0.200','playerVirtual1','playerVirtual1_c14dd9a9bc',1,1,1,512,1,'2018-04-09 11:44:01',NULL),(125,'192.168.0.200','playerVirtual11_359920779','playerVirtual11','192.168.0.200','playerVirtual24','playerVirtual24_b26ae8865f',2,1,1,512,1,'2018-04-09 11:46:35','2018-04-09 11:47:07'),(126,'192.168.0.200','playerVirtual14_4246147567','playerVirtual14','192.168.0.200','playerVirtual7','playerVirtual7_6aaa0f2b47',3,1,2,4096,40,'2018-04-09 11:48:01','2018-04-09 12:02:06'),(127,'192.168.0.200','playerVirtual20_4246147567','playerVirtual20','192.168.0.200','playerVirtual21','playerVirtual21_db757d90f4',2,1,2,4096,40,'2018-04-09 11:48:10','2018-04-09 11:49:13'),(128,'192.168.0.200','playerVirtual15_4246147567','playerVirtual15','192.168.0.200','playerVirtual16','playerVirtual16_77a9161091',2,1,2,4096,40,'2018-04-09 11:48:10','2018-04-09 11:49:13'),(129,'192.168.0.200','playerVirtual12_4246147567','playerVirtual12','192.168.0.200','playerVirtual25','playerVirtual25_27fac4c7bd',2,1,2,4096,40,'2018-04-09 11:52:20','2018-04-09 11:53:23'),(130,'192.168.0.200','playerVirtual21_4246147567','playerVirtual21','192.168.0.200','playerVirtual19','playerVirtual19_fa7f290017',2,1,2,4096,40,'2018-04-09 11:54:26','2018-04-09 11:55:27'),(131,'192.168.0.200','playerVirtual1_4246147567','playerVirtual1','192.168.0.200','playerVirtual11','playerVirtual11_2447e24b55',2,1,2,4096,40,'2018-04-09 11:54:54','2018-04-09 11:55:27'),(132,'192.168.0.200','playerVirtual5_4246147567','playerVirtual5','192.168.0.200','playerVirtual15','playerVirtual15_b75745f3f8',2,1,2,4096,40,'2018-04-09 11:55:02','2018-04-09 11:55:28'),(133,'192.168.0.200','playerVirtual16_4246147567','playerVirtual16','192.168.0.200','playerVirtual26','playerVirtual26_b62f27effb',2,1,2,4096,40,'2018-04-09 11:56:40','2018-04-09 11:57:31'),(134,'192.168.0.200','playerVirtual8_4246147567','playerVirtual8','192.168.0.200','playerVirtual20','playerVirtual20_65d27476bb',2,1,2,4096,40,'2018-04-09 11:56:41','2018-04-09 11:57:31'),(135,'192.168.0.200','playerVirtual10_4246147567','playerVirtual10','192.168.0.200','playerVirtual17','playerVirtual17_76581f8a4b',2,1,2,4096,40,'2018-04-09 11:57:03','2018-04-09 11:57:31'),(136,'192.168.0.200','playerVirtual11_4246147567','playerVirtual11','192.168.0.200','playerVirtual14','playerVirtual14_6327ff32a7',2,1,2,4096,40,'2018-04-09 11:58:38','2018-04-09 11:59:37'),(137,'192.168.0.200','playerVirtual22_4246147567','playerVirtual22','192.168.0.200','playerVirtual23','playerVirtual23_87c0ae2970',2,1,2,4096,40,'2018-04-09 11:59:46','2018-04-09 12:00:39'),(138,'192.168.0.200','playerVirtual18_4246147567','playerVirtual18','192.168.0.200','playerVirtual27','playerVirtual27_278f8a21b1',2,1,2,4096,40,'2018-04-09 12:02:14','2018-04-09 12:02:44'),(139,'192.168.0.200','playerVirtual9_6344084916','playerVirtual9','192.168.0.200','playerVirtual18','playerVirtual18_e961364f39',2,1,1,512,1,'2018-04-09 12:05:01','2018-04-09 12:05:51'),(140,'192.168.0.200','playerVirtual23_6335261139','playerVirtual23','192.168.0.200','playerVirtual22','playerVirtual22_92fbaffacf',2,1,1,512,1,'2018-04-09 12:06:09','2018-04-09 12:06:54'),(141,'192.168.0.200','playerVirtual17_6566788','playerVirtual17','192.168.0.200','playerVirtual24','playerVirtual24_8d8ec4ad7c',2,1,1,2048,20,'2018-04-09 12:06:13','2018-04-09 12:06:54'),(142,'192.168.0.200','playerVirtual3_4246147567','playerVirtual3','192.168.0.200','playerVirtual5','playerVirtual5_d749c85fb6',3,1,2,4096,40,'2018-04-09 12:06:18','2018-04-09 12:16:46'),(143,'192.168.0.200','playerVirtual2_4246147567','playerVirtual2','192.168.0.200','playerVirtual28','playerVirtual28_7a90477dc9',2,1,2,4096,40,'2018-04-09 12:06:55','2018-04-09 12:07:57'),(144,'192.168.0.200','playerVirtual7_4246147567','playerVirtual7','192.168.0.200','playerVirtual13','playerVirtual13_c2397ac0de',2,1,2,4096,40,'2018-04-09 12:06:55','2018-04-09 12:07:57'),(145,'192.168.0.200','playerVirtual4_4246147567','playerVirtual4','192.168.0.200','playerVirtual12','playerVirtual12_09e906a229',3,1,2,4096,40,'2018-04-09 12:08:08','2018-04-09 12:44:09'),(146,'192.168.0.200','playerVirtual6_4246147567','playerVirtual6','192.168.0.200','playerVirtual21','playerVirtual21_ccff51876d',2,1,2,4096,40,'2018-04-09 12:08:17','2018-04-09 12:08:58'),(147,'192.168.0.200','playerVirtual19_4246147567','playerVirtual19','192.168.0.200','playerVirtual16','playerVirtual16_9888fa6c29',2,1,2,4096,40,'2018-04-09 12:09:00','2018-04-09 12:40:12'),(148,'192.168.0.200','playerVirtual13_272887063','playerVirtual13','192.168.0.200','playerVirtual10','playerVirtual10_d7a70c1b15',2,1,1,2048,20,'2018-04-09 12:09:50','2018-04-09 12:10:01'),(149,'192.168.0.200','playerVirtual0_4246147567','playerVirtual0','192.168.0.200','playerVirtual3','playerVirtual3_285d449d1b',3,1,2,4096,40,'2018-04-09 12:10:18','2018-04-09 12:18:29'),(150,'192.168.0.200','playerVirtual24_4246147567','playerVirtual24','192.168.0.200','playerVirtual29','playerVirtual29_bc9fe0295a',2,1,2,4096,40,'2018-04-09 12:12:09','2018-04-09 12:13:08'),(151,'192.168.0.200','playerVirtual23_4246147567','playerVirtual23','192.168.0.200','playerVirtual25','playerVirtual25_1540245b72',2,1,2,4096,40,'2018-04-09 12:12:28','2018-04-09 12:13:08'),(152,'192.168.0.200','playerVirtual20_990694203','playerVirtual20','192.168.0.200','playerVirtual30','playerVirtual30_c3e9c3d3e3',2,1,1,2048,20,'2018-04-09 12:16:55','2018-04-09 12:17:18'),(153,'192.168.0.200','playerVirtual25_4246147567','playerVirtual25','192.168.0.200','playerVirtual26','playerVirtual26_e266f06dbe',2,1,2,4096,40,'2018-04-09 12:18:43','2018-04-09 12:19:23'),(154,'192.168.0.200','playerVirtual14_16917741','playerVirtual14','192.168.0.200','playerVirtual1','playerVirtual1_38b598c476',1,1,1,512,1,'2018-04-09 12:18:52',NULL),(155,'192.168.0.200','playerVirtual9_3338579772','playerVirtual9','192.168.0.200','playerVirtual19','playerVirtual19_1aabc9e24d',2,1,1,2048,20,'2018-04-09 12:19:42','2018-04-09 12:20:26'),(156,'192.168.0.200','playerVirtual12_4246147567','playerVirtual12','192.168.0.200','playerVirtual31','playerVirtual31_6be3f33593',2,1,2,4096,40,'2018-04-09 12:21:56','2018-04-09 12:22:30'),(157,'192.168.0.200','playerVirtual13_4246147567','playerVirtual13','192.168.0.200','playerVirtual7','playerVirtual7_d5bd001beb',1,1,2,4096,40,'2018-04-09 12:23:20',NULL),(158,'192.168.0.200','playerVirtual21_4246147567','playerVirtual21','192.168.0.200','playerVirtual15','playerVirtual15_bf56e90298',2,1,2,4096,40,'2018-04-09 12:24:27','2018-04-09 12:24:36'),(159,'192.168.0.200','playerVirtual26_82730999','playerVirtual26','192.168.0.200','playerVirtual23','playerVirtual23_64e94427b1',2,1,1,512,1,'2018-04-09 12:24:46','2018-04-09 12:25:38'),(160,'192.168.0.200','playerVirtual8_4820150269','playerVirtual8','192.168.0.200','playerVirtual32','playerVirtual32_66891f03ea',2,1,2,4096,40,'2018-04-09 12:26:33','2018-04-09 12:26:41'),(161,'192.168.0.200','playerVirtual16_5068098508','playerVirtual16','192.168.0.200','playerVirtual9','playerVirtual9_54e6caa586',1,1,1,2048,20,'2018-04-09 12:27:22',NULL),(162,'192.168.0.200','playerVirtual27_6566788','playerVirtual27','192.168.0.200','playerVirtual22','playerVirtual22_c15208ca4f',2,1,1,2048,20,'2018-04-09 12:30:12','2018-04-09 12:30:50'),(163,'192.168.0.200','playerVirtual11_4246147567','playerVirtual11','192.168.0.200','playerVirtual20','playerVirtual20_d0e31b21ed',2,1,2,4096,40,'2018-04-09 12:30:37','2018-04-09 12:30:51'),(164,'192.168.0.200','playerVirtual22_4246147567','playerVirtual22','192.168.0.200','playerVirtual17','playerVirtual17_909e8b191d',2,1,2,4096,40,'2018-04-09 12:30:37','2018-04-09 12:30:51'),(165,'192.168.0.200','playerVirtual26_4246147567','playerVirtual26','192.168.0.200','playerVirtual33','playerVirtual33_6e8c0621ed',2,1,2,4096,40,'2018-04-09 12:31:29','2018-04-09 12:31:56'),(166,'192.168.0.200','playerVirtual18_4820150269','playerVirtual18','192.168.0.200','playerVirtual27','playerVirtual27_f1618eefd1',2,1,2,4096,40,'2018-04-09 12:32:06','2018-04-09 12:32:56'),(167,'192.168.0.200','playerVirtual14_4246147567','playerVirtual14','192.168.0.200','playerVirtual11','playerVirtual11_e982591d11',2,1,2,4096,40,'2018-04-09 12:34:47','2018-04-09 12:35:01'),(168,'192.168.0.200','playerVirtual28_5297461910','playerVirtual28','192.168.0.200','playerVirtual24','playerVirtual24_3f8df5c5da',2,1,1,512,1,'2018-04-09 12:35:25','2018-04-09 12:36:03'),(169,'192.168.0.200','playerVirtual27_4246147567','playerVirtual27','192.168.0.200','playerVirtual34','playerVirtual34_0a1e4e475b',2,1,2,4096,40,'2018-04-09 12:37:07','2018-04-09 12:38:07'),(170,'192.168.0.200','playerVirtual7_4246147567','playerVirtual7','192.168.0.200','playerVirtual14','playerVirtual14_4acdc804a9',2,1,2,4096,40,'2018-04-09 12:38:08','2018-04-09 12:39:10'),(171,'192.168.0.200','playerVirtual9_5792765','playerVirtual9','192.168.0.200','playerVirtual18','playerVirtual18_b13e601228',2,1,1,512,1,'2018-04-09 12:38:50','2018-04-09 12:39:10'),(172,'192.168.0.200','playerVirtual4_4246147567','playerVirtual4','192.168.0.200','playerVirtual5','playerVirtual5_083f351859',3,1,2,4096,40,'2018-04-09 12:38:52','2018-04-09 12:44:09'),(173,'192.168.0.200','playerVirtual8_990694203','playerVirtual8','192.168.0.200','playerVirtual28','playerVirtual28_ca713970d2',2,1,1,2048,20,'2018-04-09 12:39:11','2018-04-09 12:40:12'),(174,'192.168.0.200','playerVirtual2_4246147567','playerVirtual2','192.168.0.200','playerVirtual21','playerVirtual21_b0597b79c2',2,1,2,4096,40,'2018-04-09 12:39:13','2018-04-09 12:40:12'),(175,'192.168.0.200','playerVirtual19_4246147567','playerVirtual19','192.168.0.200','playerVirtual16','playerVirtual16_ab217254f9',2,1,2,4096,40,'2018-04-09 12:39:16','2018-04-09 12:40:12'),(176,'192.168.0.200','playerVirtual5_4246147567','playerVirtual5','192.168.0.200','playerVirtual13','playerVirtual13_c4a7b2137b',2,1,2,4096,40,'2018-04-09 12:40:42','2018-04-09 12:41:15'),(177,'192.168.0.200','playerVirtual17_4246147567','playerVirtual17','192.168.0.200','playerVirtual29','playerVirtual29_646fa63bf3',2,1,2,4096,40,'2018-04-09 12:40:59','2018-04-09 12:41:15'),(178,'192.168.0.200','playerVirtual29_1436344784','playerVirtual29','192.168.0.200','playerVirtual25','playerVirtual25_c0a3c65be3',2,1,1,2048,20,'2018-04-09 12:41:06','2018-04-09 12:41:15'),(179,'192.168.0.200','playerVirtual1_4246147567','playerVirtual1','192.168.0.200','playerVirtual12','playerVirtual12_9ecf151a78',2,1,2,4096,40,'2018-04-09 12:41:21','2018-04-09 12:42:18'),(180,'192.168.0.200','playerVirtual0_1438244924','playerVirtual0','192.168.0.200','playerVirtual35','playerVirtual35_25177efde8',2,1,1,2048,20,'2018-04-09 12:41:41','2018-04-09 12:42:18'),(181,'192.168.0.200','playerVirtual28_904011','playerVirtual28','192.168.0.200','playerVirtual30','playerVirtual30_4913389489',2,1,1,2048,20,'2018-04-09 12:43:14','2018-04-09 12:43:20'),(182,'192.168.0.200','playerVirtual24_990694203','playerVirtual24','192.168.0.200','playerVirtual26','playerVirtual26_dd15eb09af',2,1,1,2048,20,'2018-04-09 12:44:06','2018-04-09 12:44:22'),(183,'192.168.0.200','playerVirtual30_6280643141','playerVirtual30','192.168.0.200','playerVirtual31','playerVirtual31_2b3cf0350c',2,1,1,512,1,'2018-04-09 12:46:29','2018-04-09 12:47:29'),(184,'192.168.0.200','playerVirtual16_4246147567','playerVirtual16','192.168.0.200','playerVirtual36','playerVirtual36_a029c9a2c4',2,1,2,4096,40,'2018-04-09 12:46:54','2018-04-09 12:47:29'),(185,'192.168.0.200','playerVirtual15_2378747961','playerVirtual15','192.168.0.200','playerVirtual10','playerVirtual10_4312b332bc',2,1,1,512,1,'2018-04-09 12:49:02','2018-04-09 12:49:35'),(186,'192.168.0.200','playerVirtual20_4246147567','playerVirtual20','192.168.0.200','playerVirtual19','playerVirtual19_798d5a2517',2,1,2,4096,40,'2018-04-09 12:49:23','2018-04-09 12:49:35'),(187,'192.168.0.200','playerVirtual29_4246147567','playerVirtual29','192.168.0.200','playerVirtual32','playerVirtual32_0cd32bbf40',2,1,2,4096,40,'2018-04-09 12:49:24','2018-04-09 12:49:35'),(188,'192.168.0.200','playerVirtual23_990694203','playerVirtual23','192.168.0.200','playerVirtual22','playerVirtual22_04391711ec',2,1,1,2048,20,'2018-04-09 12:49:36','2018-04-09 12:50:37'),(189,'192.168.0.200','playerVirtual25_4246147567','playerVirtual25','192.168.0.200','playerVirtual37','playerVirtual37_39cc9300b4',2,1,2,4096,40,'2018-04-09 12:51:54','2018-04-09 12:52:41'),(190,'192.168.0.200','playerVirtual3_4820318661','playerVirtual3','192.168.0.200','playerVirtual1','playerVirtual1_8d8b4121fd',1,1,2,4096,40,'2018-04-09 12:52:45',NULL),(191,'192.168.0.200','playerVirtual31_4246147567','playerVirtual31','192.168.0.200','playerVirtual33','playerVirtual33_e3142304a0',2,1,2,4096,40,'2018-04-09 12:53:10','2018-04-09 12:53:44'),(192,'192.168.0.200','playerVirtual30_4246147567','playerVirtual30','192.168.0.200','playerVirtual27','playerVirtual27_b1f7114e10',1,1,2,4096,40,'2018-04-09 12:55:06',NULL);
/*!40000 ALTER TABLE `VM` ENABLE KEYS */;
UNLOCK TABLES;
/*!40103 SET TIME_ZONE=@OLD_TIME_ZONE */;

/*!40101 SET SQL_MODE=@OLD_SQL_MODE */;
/*!40014 SET FOREIGN_KEY_CHECKS=@OLD_FOREIGN_KEY_CHECKS */;
/*!40014 SET UNIQUE_CHECKS=@OLD_UNIQUE_CHECKS */;
/*!40101 SET CHARACTER_SET_CLIENT=@OLD_CHARACTER_SET_CLIENT */;
/*!40101 SET CHARACTER_SET_RESULTS=@OLD_CHARACTER_SET_RESULTS */;
/*!40101 SET COLLATION_CONNECTION=@OLD_COLLATION_CONNECTION */;
/*!40111 SET SQL_NOTES=@OLD_SQL_NOTES */;

-- Dump completed on 2018-04-09  9:55:21
