-- MySQL dump 10.14  Distrib 5.5.58-MariaDB, for debian-linux-gnu (x86_64)
--
-- Host: localhost    Database: mct
-- ------------------------------------------------------
-- Server version	5.5.58-MariaDB-1ubuntu0.14.04.1

/*!40101 SET @OLD_CHARACTER_SET_CLIENT=@@CHARACTER_SET_CLIENT */;
/*!40101 SET @OLD_CHARACTER_SET_RESULTS=@@CHARACTER_SET_RESULTS */;
/*!40101 SET @OLD_COLLATION_CONNECTION=@@COLLATION_CONNECTION */;
/*!40101 SET NAMES utf8 */;
/*!40103 SET @OLD_TIME_ZONE=@@TIME_ZONE */;
/*!40103 SET TIME_ZONE='+00:00' */;
/*!40014 SET @OLD_UNIQUE_CHECKS=@@UNIQUE_CHECKS, UNIQUE_CHECKS=0 */;
/*!40014 SET @OLD_FOREIGN_KEY_CHECKS=@@FOREIGN_KEY_CHECKS, FOREIGN_KEY_CHECKS=0 */;
/*!40101 SET @OLD_SQL_MODE=@@SQL_MODE, SQL_MODE='NO_AUTO_VALUE_ON_ZERO' */;
/*!40111 SET @OLD_SQL_NOTES=@@SQL_NOTES, SQL_NOTES=0 */;

--
-- Table structure for table `FIELDS`
--

DROP TABLE IF EXISTS `FIELDS`;
/*!40101 SET @saved_cs_client     = @@character_set_client */;
/*!40101 SET character_set_client = utf8 */;
CREATE TABLE `FIELDS` (
  `operation` int(11) NOT NULL,
  `fields` varchar(45) NOT NULL,
  PRIMARY KEY (`operation`)
) ENGINE=InnoDB DEFAULT CHARSET=utf8;
/*!40101 SET character_set_client = @saved_cs_client */;

--
-- Dumping data for table `FIELDS`
--

LOCK TABLES `FIELDS` WRITE;
/*!40000 ALTER TABLE `FIELDS` DISABLE KEYS */;
INSERT INTO `FIELDS` VALUES (0,'name mem image vcpus disk uuid');
/*!40000 ALTER TABLE `FIELDS` ENABLE KEYS */;
UNLOCK TABLES;

--
-- Table structure for table `PLAYER`
--

DROP TABLE IF EXISTS `PLAYER`;
/*!40101 SET @saved_cs_client     = @@character_set_client */;
/*!40101 SET character_set_client = utf8 */;
CREATE TABLE `PLAYER` (
  `id` int(11) NOT NULL AUTO_INCREMENT,
  `name` varchar(45) NOT NULL,
  `address` varchar(45) NOT NULL,
  `division` int(11) DEFAULT NULL,
  `score` float DEFAULT '0',
  `history` int(11) DEFAULT '0',
  `fairness` float DEFAULT '0',
  `accepts` int(11) DEFAULT '0',
  `rejects` int(11) DEFAULT '0',
  `running` int(11) DEFAULT '0',
  `finished` int(11) DEFAULT '0',
  `problem_del` int(11) DEFAULT '0',
  `vcpus` int(11) DEFAULT '0',
  `memory` bigint(20) DEFAULT '0',
  `local_gb` bigint(20) DEFAULT '0',
  `vcpus_used` bigint(20) DEFAULT '0',
  `memory_used` bigint(20) DEFAULT '0',
  `local_gb_used` bigint(20) DEFAULT '0',
  `max_instance` int(11) DEFAULT '0',
  `token` varchar(45) DEFAULT NULL,
  `suspend` timestamp NULL DEFAULT NULL,
  `enabled` int(11) DEFAULT '0',
  `last_choice` timestamp NOT NULL DEFAULT '2018-01-01 02:00:00',
  `playoff` tinyint(1) DEFAULT '0',
  PRIMARY KEY (`id`)
) ENGINE=InnoDB AUTO_INCREMENT=29 DEFAULT CHARSET=utf8;
/*!40101 SET character_set_client = @saved_cs_client */;

--
-- Dumping data for table `PLAYER`
--

LOCK TABLES `PLAYER` WRITE;
/*!40000 ALTER TABLE `PLAYER` DISABLE KEYS */;
INSERT INTO `PLAYER` VALUES (1,'playerVirtual1','192.168.0.200',4,-2,0,1,1,2,0,1,0,1023,1047552,10230,0,0,0,1,'21c3c0ef29c12b3a4fc77a0cbcab16ca270a6792',NULL,0,'2018-03-02 21:29:49',1),(2,'playerVirtual2','192.168.0.200',1,11.28,29,0.5625,9,0,8,1,0,1023,1047552,10230,13,25088,241,9,'964dbb5b3029280f640d66ce5e9efdef70e54fdc',NULL,1,'2018-03-02 23:50:41',0),(3,'playerVirtual3','192.168.0.200',3,1.32,28,0.933333,2,2,2,0,0,1023,1047552,10230,3,4608,41,2,'4c186f3b91b839abbde77cb20c48084a2faf51a6',NULL,1,'2018-03-02 23:38:09',0),(4,'playerVirtual4','192.168.0.200',1,9.3,27,0.769231,12,0,7,5,0,1023,1047552,10230,7,9728,83,9,'d2775ec19f8a13fc19fbc2ef6136bd0410b031cf',NULL,1,'2018-03-02 23:30:35',0),(5,'playerVirtual0','192.168.0.200',4,-10,0,1,0,5,0,0,0,1023,1047552,10230,0,0,0,99,'9d6bc48d803e918bf08998b6c011817877b27823',NULL,0,'2018-03-02 21:40:47',1),(6,'playerVirtual5','192.168.0.200',2,5.98,26,0.75,8,0,5,3,0,1023,1047552,10230,6,7680,63,5,'2e39dc78fe0c24f655a3889d9bac8954e9c80681',NULL,1,'2018-03-02 23:47:01',0),(7,'playerVirtual6','192.168.0.200',1,11.95,25,1,10,0,6,4,0,1023,1047552,10230,8,14848,141,7,'2e7866aa7861817889ac7f73780b038622d3ddb4',NULL,1,'2018-03-02 23:34:06',0),(8,'playerVirtual1006','192.168.0.200',4,-6,0,0,0,3,0,0,0,1023,1047552,10230,0,0,0,99,'ba47568ea45f9a24b597d07c717a39ee495b9916',NULL,0,'2018-03-02 21:49:54',1),(9,'playerVirtual7','192.168.0.200',3,1.33,24,0,1,0,1,0,0,1023,1047552,10230,1,512,1,1,'586dc5938cacf4f258d00fe3bd3ac52fbe9a088e',NULL,1,'2018-03-02 21:48:03',0),(10,'playerVirtual8','192.168.0.200',1,10.63,23,0.888889,10,0,5,5,0,1023,1047552,10230,6,7680,63,9,'18a86d3714cdb8d3f6db064a16c57c5d86f1934b',NULL,1,'2018-03-02 23:48:19',0),(11,'playerVirtual9','192.168.0.200',3,2.66,22,0.875,3,0,2,1,0,1023,1047552,10230,2,2560,21,2,'9eca2d520721aea1c7ab0009aca5fff9c52af758',NULL,1,'2018-03-02 22:30:31',0),(12,'playerVirtual1097','192.168.0.200',4,-4,0,0,0,2,0,0,0,1023,1047552,10230,0,0,0,99,'dd743f98068bb82029c734454f584fe04c833ac8',NULL,0,'2018-03-02 22:02:03',1),(13,'playerVirtual10','192.168.0.200',1,9.3,21,0.4,9,0,6,3,0,1023,1047552,10230,6,7680,63,8,'33e5cf2301931f2f89e590497792a2070b4b0a60',NULL,1,'2018-03-02 23:36:52',0),(14,'playerVirtual11','192.168.0.200',3,1.33,20,1,3,0,3,0,0,1023,1047552,10230,3,4608,41,3,'981be19826a2f1f7139c861536c75cd7d73f992f',NULL,1,'2018-03-02 22:17:14',0),(15,'playerVirtual1329','192.168.0.200',4,-4,0,0,0,2,0,0,0,1023,1047552,10230,0,0,0,99,'981ed19ec12d0f5aa6420cc6d87acc70ca1afde6',NULL,0,'2018-03-02 22:14:07',1),(16,'playerVirtual12','192.168.0.200',3,1.33,19,0.4,3,0,3,0,0,1023,1047552,10230,3,4608,41,3,'024055a198167d12f1f8b96878ff883a5133be0c',NULL,1,'2018-03-02 22:20:18',0),(17,'playerVirtual13','192.168.0.200',2,7.3,18,0.75,7,0,2,5,0,1023,1047552,10230,3,6144,60,5,'993be4f40d0c34e028f0b6ae2e5d6690d93ff31e',NULL,1,'2018-03-02 23:24:02',0),(18,'playerVirtual1744','192.168.0.200',4,-4,0,0,0,2,0,0,0,1023,1047552,10230,0,0,0,99,'4428dadc236ec441291e440d381c278e3b932a7c',NULL,0,'2018-03-02 22:22:05',1),(19,'playerVirtual14','192.168.0.200',2,7.3,17,1,6,0,3,3,0,1023,1047552,10230,3,4608,41,5,'7c5381b5741e1191aedab979b914f9293d7dde9a',NULL,1,'2018-03-02 23:47:32',0),(20,'playerVirtual15','192.168.0.200',1,9.96,16,0.333333,6,0,3,3,0,1023,1047552,10230,3,1536,3,5,'2fd9ddeb64fe55fcc4c6c95bd6887d1f4352c4d7',NULL,1,'2018-03-02 23:43:56',0),(21,'playerVirtual16','192.168.0.200',2,7.3,15,0.666667,5,0,0,5,0,1023,1047552,10230,0,0,0,3,'c8ae542c77e61ee0b537dce68ca00a5ded20f300',NULL,1,'2018-03-02 23:30:33',0),(22,'playerVirtual1962','192.168.0.200',4,-4,0,0,0,2,0,0,0,1023,1047552,10230,0,0,0,99,'cc87c6b4f412139bb4005baba87cac39d96f5995',NULL,0,'2018-03-02 22:44:55',1),(23,'playerVirtual17','192.168.0.200',3,1.33,14,0,1,0,1,0,0,1023,1047552,10230,1,512,1,1,'a3e0c37ed842ffbf32d8a178eb19beea8ce843a6',NULL,1,'2018-03-02 22:40:10',0),(24,'playerVirtual18','192.168.0.200',2,7.3,13,0,4,0,1,3,0,1023,1047552,10230,1,512,1,3,'5d50a470cce52f140d88fbe5fc25a1bc91598891',NULL,1,'2018-03-02 23:23:05',0),(25,'playerVirtual19','192.168.0.200',3,3.32,12,0,6,0,3,3,0,1023,1047552,10230,5,8704,81,7,'b58e2ea6be3779ff686f53c61c7a5c7adb199c7f',NULL,1,'2018-03-02 23:48:10',0),(26,'playerVirtual1007','192.168.0.200',4,-2,0,0,0,1,0,0,0,1023,1047552,10230,0,0,0,99,'1107fc448eba02f9457003fd5052ccb5468b74c7',NULL,0,'2018-03-02 22:56:37',1),(27,'playerVirtual1836','192.168.0.200',4,-2,0,0,0,1,0,0,0,1023,1047552,10230,0,0,0,99,'a99553f6c37067b4ca23b0469f050f6932c88e08',NULL,0,'2018-03-02 23:22:52',1),(28,'playerVirtual1099','192.168.0.200',3,0,0,0,0,0,0,0,0,0,0,0,0,0,0,0,'2ff660af40e18a15ab61de8e4ba48167b6157daa',NULL,1,'2018-01-01 02:00:00',0);
/*!40000 ALTER TABLE `PLAYER` ENABLE KEYS */;
UNLOCK TABLES;

--
-- Table structure for table `REQUEST`
--

DROP TABLE IF EXISTS `REQUEST`;
/*!40101 SET @saved_cs_client     = @@character_set_client */;
/*!40101 SET character_set_client = utf8 */;
CREATE TABLE `REQUEST` (
  `id` int(11) NOT NULL AUTO_INCREMENT,
  `player_id` varchar(45) NOT NULL,
  `request_id` varchar(45) NOT NULL,
  `action` int(11) NOT NULL,
  `timestamp_received` timestamp NULL DEFAULT NULL,
  `timestamp_finished` timestamp NULL DEFAULT NULL,
  `status` int(11) NOT NULL,
  PRIMARY KEY (`id`)
) ENGINE=InnoDB AUTO_INCREMENT=599 DEFAULT CHARSET=utf8;
/*!40101 SET character_set_client = @saved_cs_client */;

--
-- Dumping data for table `REQUEST`
--

LOCK TABLES `REQUEST` WRITE;
/*!40000 ALTER TABLE `REQUEST` DISABLE KEYS */;
INSERT INTO `REQUEST` VALUES (1,'playerVirtual1','playerVirtual1_590de405b8',4,'2018-03-02 21:22:28',NULL,0),(2,'playerVirtual2','playerVirtual2_0075a68b1d',4,'2018-03-02 21:22:28',NULL,0),(3,'playerVirtual1','playerVirtual1_450512000',0,'2018-03-02 21:23:29',NULL,0),(4,'playerVirtual1','playerVirtual1_450512000',0,'2018-03-02 21:23:30',NULL,0),(5,'playerVirtual2','playerVirtual2_1438244924',0,'2018-03-02 21:23:31',NULL,0),(6,'playerVirtual2','playerVirtual2_1438244924',0,'2018-03-02 21:23:32',NULL,0),(7,'playerVirtual1','playerVirtual1_5e985229b4',3,'2018-03-02 21:24:29',NULL,0),(8,'playerVirtual2','playerVirtual2_0d8018d9b4',3,'2018-03-02 21:24:32',NULL,0),(9,'playerVirtual1','playerVirtual1_640692267',0,'2018-03-02 21:25:35',NULL,0),(10,'playerVirtual1','playerVirtual1_640692267',0,'2018-03-02 21:25:35',NULL,0),(11,'playerVirtual2','playerVirtual2_2381571381',0,'2018-03-02 21:25:36',NULL,0),(12,'playerVirtual2','playerVirtual2_2381571381',0,'2018-03-02 21:25:36',NULL,0),(13,'playerVirtual1','playerVirtual1_f3205bd485',4,'2018-03-02 21:26:35',NULL,0),(14,'playerVirtual2','playerVirtual2_18c825ee64',4,'2018-03-02 21:26:36',NULL,0),(15,'playerVirtual3','playerVirtual3_077869eefb',4,'2018-03-02 21:27:26',NULL,0),(16,'playerVirtual1','playerVirtual1_5297461910',0,'2018-03-02 21:27:38',NULL,0),(17,'playerVirtual1','playerVirtual1_5297461910',0,'2018-03-02 21:27:39',NULL,0),(18,'playerVirtual2','playerVirtual2_2790332778',0,'2018-03-02 21:27:43',NULL,0),(19,'playerVirtual2','playerVirtual2_2790332778',0,'2018-03-02 21:27:44',NULL,0),(20,'playerVirtual3','playerVirtual3_369721705',0,'2018-03-02 21:28:38',NULL,0),(21,'playerVirtual3','playerVirtual3_369721705',0,'2018-03-02 21:28:38',NULL,0),(22,'playerVirtual1','playerVirtual1_668893d36b',3,'2018-03-02 21:28:38',NULL,0),(23,'playerVirtual2','playerVirtual2_260ba49d2c',3,'2018-03-02 21:28:43',NULL,0),(24,'playerVirtual3','playerVirtual3_fd4f942070',3,'2018-03-02 21:29:38',NULL,0),(25,'playerVirtual1','playerVirtual1_317469422',0,'2018-03-02 21:29:48',NULL,0),(26,'playerVirtual1','playerVirtual1_317469422',0,'2018-03-02 21:29:48',NULL,0),(27,'playerVirtual2','playerVirtual2_6955737',0,'2018-03-02 21:29:49',NULL,0),(28,'playerVirtual2','playerVirtual2_6955737',0,'2018-03-02 21:29:49',NULL,0),(29,'playerVirtual3','playerVirtual3_257338104',0,'2018-03-02 21:30:39',NULL,0),(30,'playerVirtual3','playerVirtual3_257338104',0,'2018-03-02 21:30:40',NULL,0),(31,'playerVirtual1','playerVirtual1_d4ef55be86',4,'2018-03-02 21:30:48',NULL,0),(32,'playerVirtual2','playerVirtual2_90279fe5b4',4,'2018-03-02 21:30:49',NULL,0),(33,'playerVirtual3','playerVirtual3_641c13828a',4,'2018-03-02 21:31:40',NULL,0),(34,'playerVirtual2','playerVirtual2_2433236783',0,'2018-03-02 21:31:57',NULL,0),(35,'playerVirtual2','playerVirtual2_2433236783',0,'2018-03-02 21:31:58',NULL,0),(36,'playerVirtual4','playerVirtual4_4597cb0cba',4,'2018-03-02 21:32:29',NULL,0),(37,'playerVirtual0','playerVirtual0_5fb062c198',4,'2018-03-02 21:32:37',NULL,0),(38,'playerVirtual3','playerVirtual3_3338579772',0,'2018-03-02 21:32:53',NULL,0),(39,'playerVirtual3','playerVirtual3_3338579772',0,'2018-03-02 21:32:53',NULL,0),(40,'playerVirtual2','playerVirtual2_bc3e4e2b93',3,'2018-03-02 21:32:57',NULL,0),(41,'playerVirtual4','playerVirtual4_257407216',0,'2018-03-02 21:33:43',NULL,0),(42,'playerVirtual3','playerVirtual3_f1859f2838',3,'2018-03-02 21:33:53',NULL,0),(43,'playerVirtual0','playerVirtual0_182859403',0,'2018-03-02 21:33:58',NULL,0),(44,'playerVirtual2','playerVirtual2_2359368952',0,'2018-03-02 21:34:14',NULL,0),(45,'playerVirtual2','playerVirtual2_2359368952',0,'2018-03-02 21:34:14',NULL,0),(46,'playerVirtual4','playerVirtual4_414feb8702',3,'2018-03-02 21:34:43',NULL,0),(47,'playerVirtual0','playerVirtual0_285dadbb1c',3,'2018-03-02 21:34:59',NULL,0),(48,'playerVirtual3','playerVirtual3_16917741',0,'2018-03-02 21:35:07',NULL,0),(49,'playerVirtual3','playerVirtual3_16917741',0,'2018-03-02 21:35:08',NULL,0),(50,'playerVirtual2','playerVirtual2_baafcf15b8',4,'2018-03-02 21:35:14',NULL,0),(51,'playerVirtual4','playerVirtual4_2545640208',0,'2018-03-02 21:36:05',NULL,0),(52,'playerVirtual4','playerVirtual4_2545640208',0,'2018-03-02 21:36:06',NULL,0),(53,'playerVirtual3','playerVirtual3_13acd5e39e',4,'2018-03-02 21:36:07',NULL,0),(54,'playerVirtual0','playerVirtual0_908315',0,'2018-03-02 21:36:15',NULL,0),(55,'playerVirtual0','playerVirtual0_908315',0,'2018-03-02 21:36:15',NULL,0),(56,'playerVirtual2','playerVirtual2_539194189',0,'2018-03-02 21:36:43',NULL,0),(57,'playerVirtual2','playerVirtual2_539194189',0,'2018-03-02 21:36:44',NULL,0),(58,'playerVirtual4','playerVirtual4_20dfd5b6f0',4,'2018-03-02 21:37:06',NULL,0),(59,'playerVirtual0','playerVirtual0_fe095fa308',4,'2018-03-02 21:37:15',NULL,0),(60,'playerVirtual5','playerVirtual5_377b89d00d',4,'2018-03-02 21:37:29',NULL,0),(61,'playerVirtual2','playerVirtual2_06b24fd195',3,'2018-03-02 21:37:43',NULL,0),(62,'playerVirtual3','playerVirtual3_4820204870',0,'2018-03-02 21:38:20',NULL,0),(63,'playerVirtual3','playerVirtual3_4820204870',0,'2018-03-02 21:38:20',NULL,0),(64,'playerVirtual3','playerVirtual3_9f22337263',3,'2018-03-02 21:39:22',NULL,0),(65,'playerVirtual4','playerVirtual4_8058564',0,'2018-03-02 21:40:00',NULL,0),(66,'playerVirtual4','playerVirtual4_8058564',0,'2018-03-02 21:40:00',NULL,0),(67,'playerVirtual0','playerVirtual0_1429160667',0,'2018-03-02 21:40:17',NULL,0),(68,'playerVirtual0','playerVirtual0_1429160667',0,'2018-03-02 21:40:17',NULL,0),(69,'playerVirtual2','playerVirtual2_82730999',0,'2018-03-02 21:40:37',NULL,0),(70,'playerVirtual2','playerVirtual2_82730999',0,'2018-03-02 21:40:37',NULL,0),(71,'playerVirtual5','playerVirtual5_3338010893',0,'2018-03-02 21:40:47',NULL,0),(72,'playerVirtual5','playerVirtual5_3338010893',0,'2018-03-02 21:40:47',NULL,0),(73,'playerVirtual4','playerVirtual4_4941b662b7',3,'2018-03-02 21:41:00',NULL,0),(74,'playerVirtual0','playerVirtual0_d876560a37',3,'2018-03-02 21:41:17',NULL,0),(75,'playerVirtual3','playerVirtual3_351652724',0,'2018-03-02 21:41:32',NULL,0),(76,'playerVirtual3','playerVirtual3_351652724',0,'2018-03-02 21:41:33',NULL,0),(77,'playerVirtual2','playerVirtual2_3cf7b40203',4,'2018-03-02 21:41:37',NULL,0),(78,'playerVirtual5','playerVirtual5_b1b8e85a92',3,'2018-03-02 21:41:47',NULL,0),(79,'playerVirtual6','playerVirtual6_db193b93bc',4,'2018-03-02 21:42:29',NULL,0),(80,'playerVirtual4','playerVirtual4_6571218',0,'2018-03-02 21:42:30',NULL,0),(81,'playerVirtual4','playerVirtual4_6571218',0,'2018-03-02 21:42:31',NULL,0),(82,'playerVirtual3','playerVirtual3_b3f089b24f',4,'2018-03-02 21:42:33',NULL,0),(83,'playerVirtual5','playerVirtual5_1339662',0,'2018-03-02 21:43:01',NULL,0),(84,'playerVirtual5','playerVirtual5_1339662',0,'2018-03-02 21:43:01',NULL,0),(85,'playerVirtual2','playerVirtual2_1436344784',0,'2018-03-02 21:43:14',NULL,0),(86,'playerVirtual2','playerVirtual2_1436344784',0,'2018-03-02 21:43:15',NULL,0),(87,'playerVirtual4','playerVirtual4_f2a1b0d061',4,'2018-03-02 21:43:30',NULL,0),(88,'playerVirtual5','playerVirtual5_75195ae3cb',4,'2018-03-02 21:44:01',NULL,0),(89,'playerVirtual2','playerVirtual2_5cce92e07f',3,'2018-03-02 21:44:14',NULL,0),(90,'playerVirtual1006','playerVirtual1006_2ad90a2652',4,'2018-03-02 21:44:46',NULL,0),(91,'playerVirtual3','playerVirtual3_284794223',0,'2018-03-02 21:44:53',NULL,0),(92,'playerVirtual3','playerVirtual3_284794223',0,'2018-03-02 21:44:53',NULL,0),(93,'playerVirtual3','playerVirtual3_d016cc9c1c',3,'2018-03-02 21:45:53',NULL,0),(94,'playerVirtual6','playerVirtual6_317497342',0,'2018-03-02 21:46:00',NULL,0),(95,'playerVirtual4','playerVirtual4_359920779',0,'2018-03-02 21:46:33',NULL,0),(96,'playerVirtual4','playerVirtual4_359920779',0,'2018-03-02 21:46:33',NULL,0),(97,'playerVirtual6','playerVirtual6_c5b590abc4',3,'2018-03-02 21:47:01',NULL,0),(98,'playerVirtual2','playerVirtual2_2904109077',0,'2018-03-02 21:47:11',NULL,0),(99,'playerVirtual2','playerVirtual2_2904109077',0,'2018-03-02 21:47:11',NULL,0),(100,'playerVirtual5','playerVirtual5_904011',0,'2018-03-02 21:47:20',NULL,0),(101,'playerVirtual5','playerVirtual5_904011',0,'2018-03-02 21:47:21',NULL,0),(102,'playerVirtual7','playerVirtual7_a6e22fdf0f',4,'2018-03-02 21:47:28',NULL,0),(103,'playerVirtual4','playerVirtual4_ee249b43f4',3,'2018-03-02 21:47:33',NULL,0),(104,'playerVirtual6','playerVirtual6_1093460',0,'2018-03-02 21:48:03',NULL,0),(105,'playerVirtual6','playerVirtual6_1093460',0,'2018-03-02 21:48:03',NULL,0),(106,'playerVirtual3','playerVirtual3_905614',0,'2018-03-02 21:48:06',NULL,0),(107,'playerVirtual3','playerVirtual3_905614',0,'2018-03-02 21:48:07',NULL,0),(108,'playerVirtual2','playerVirtual2_2a5215e9ee',4,'2018-03-02 21:48:11',NULL,0),(109,'playerVirtual1006','playerVirtual1006_257338074',0,'2018-03-02 21:48:20',NULL,0),(110,'playerVirtual5','playerVirtual5_5c8420c76f',3,'2018-03-02 21:48:21',NULL,0),(111,'playerVirtual6','playerVirtual6_44bca8e7b3',4,'2018-03-02 21:49:03',NULL,0),(112,'playerVirtual3','playerVirtual3_7aae4b0f46',4,'2018-03-02 21:49:07',NULL,0),(113,'playerVirtual4','playerVirtual4_470485660',0,'2018-03-02 21:49:07',NULL,0),(114,'playerVirtual4','playerVirtual4_470485660',0,'2018-03-02 21:49:08',NULL,0),(115,'playerVirtual1006','playerVirtual1006_9807a353b0',3,'2018-03-02 21:49:20',NULL,0),(116,'playerVirtual5','playerVirtual5_5792765',0,'2018-03-02 21:49:42',NULL,0),(117,'playerVirtual5','playerVirtual5_5792765',0,'2018-03-02 21:49:43',NULL,0),(118,'playerVirtual2','playerVirtual2_30788568',0,'2018-03-02 21:49:54',NULL,0),(119,'playerVirtual2','playerVirtual2_30788568',0,'2018-03-02 21:49:54',NULL,0),(120,'playerVirtual4','playerVirtual4_b90b46a361',4,'2018-03-02 21:50:08',NULL,0),(121,'playerVirtual1006','playerVirtual1006_4820318661',0,'2018-03-02 21:50:42',NULL,0),(122,'playerVirtual5','playerVirtual5_f0afaed5a8',4,'2018-03-02 21:50:42',NULL,0),(123,'playerVirtual2','playerVirtual2_25f5d2370e',3,'2018-03-02 21:50:54',NULL,0),(124,'playerVirtual7','playerVirtual7_6569547',0,'2018-03-02 21:51:02',NULL,0),(125,'playerVirtual3','playerVirtual3_400453824',0,'2018-03-02 21:51:41',NULL,0),(126,'playerVirtual3','playerVirtual3_400453824',0,'2018-03-02 21:51:41',NULL,0),(127,'playerVirtual7','playerVirtual7_849f1e57a1',3,'2018-03-02 21:52:03',NULL,0),(128,'playerVirtual8','playerVirtual8_c07c0ddba7',4,'2018-03-02 21:52:29',NULL,0),(129,'playerVirtual3','playerVirtual3_edb0cab4e9',3,'2018-03-02 21:52:41',NULL,0),(130,'playerVirtual6','playerVirtual6_38671842',0,'2018-03-02 21:52:48',NULL,0),(131,'playerVirtual6','playerVirtual6_38671842',0,'2018-03-02 21:52:49',NULL,0),(132,'playerVirtual4','playerVirtual4_4819935267',0,'2018-03-02 21:53:30',NULL,0),(133,'playerVirtual4','playerVirtual4_4819935267',0,'2018-03-02 21:53:30',NULL,0),(134,'playerVirtual7','playerVirtual7_5068098508',0,'2018-03-02 21:53:41',NULL,0),(135,'playerVirtual6','playerVirtual6_d114c6b487',3,'2018-03-02 21:53:49',NULL,0),(136,'playerVirtual2','playerVirtual2_6264344062',0,'2018-03-02 21:54:11',NULL,0),(137,'playerVirtual2','playerVirtual2_6264344062',0,'2018-03-02 21:54:11',NULL,0),(138,'playerVirtual5','playerVirtual5_4820217293',0,'2018-03-02 21:54:21',NULL,0),(139,'playerVirtual5','playerVirtual5_4820217293',0,'2018-03-02 21:54:21',NULL,0),(140,'playerVirtual4','playerVirtual4_02bbe67bc9',3,'2018-03-02 21:54:30',NULL,0),(141,'playerVirtual7','playerVirtual7_dd43454dd9',4,'2018-03-02 21:54:41',NULL,0),(142,'playerVirtual2','playerVirtual2_0b3cfc2d7d',4,'2018-03-02 21:55:11',NULL,0),(143,'playerVirtual5','playerVirtual5_0d0f9a3d95',3,'2018-03-02 21:55:21',NULL,0),(144,'playerVirtual3','playerVirtual3_1095593',0,'2018-03-02 21:56:34',NULL,0),(145,'playerVirtual3','playerVirtual3_1095593',0,'2018-03-02 21:56:35',NULL,0),(146,'playerVirtual6','playerVirtual6_2148750930',0,'2018-03-02 21:56:35',NULL,0),(147,'playerVirtual6','playerVirtual6_2148750930',0,'2018-03-02 21:56:35',NULL,0),(148,'playerVirtual9','playerVirtual9_2d3341124c',4,'2018-03-02 21:57:31',NULL,0),(149,'playerVirtual1097','playerVirtual1097_b0f87503ce',4,'2018-03-02 21:57:31',NULL,0),(150,'playerVirtual3','playerVirtual3_5c2932b18c',4,'2018-03-02 21:57:35',NULL,0),(151,'playerVirtual6','playerVirtual6_2a0c023e88',4,'2018-03-02 21:57:35',NULL,0),(152,'playerVirtual4','playerVirtual4_563574327',0,'2018-03-02 21:57:45',NULL,0),(153,'playerVirtual4','playerVirtual4_563574327',0,'2018-03-02 21:57:45',NULL,0),(154,'playerVirtual8','playerVirtual8_227443932',0,'2018-03-02 21:57:57',NULL,0),(155,'playerVirtual8','playerVirtual8_227443932',0,'2018-03-02 21:57:57',NULL,0),(156,'playerVirtual2','playerVirtual2_82476b4ba3',3,'2018-03-02 21:58:06',NULL,0),(157,'playerVirtual5','playerVirtual5_16915963',0,'2018-03-02 21:58:24',NULL,0),(158,'playerVirtual5','playerVirtual5_16915963',0,'2018-03-02 21:58:25',NULL,0),(159,'playerVirtual4','playerVirtual4_63e1efec99',4,'2018-03-02 21:58:45',NULL,0),(160,'playerVirtual8','playerVirtual8_2781f37180',3,'2018-03-02 21:58:57',NULL,0),(161,'playerVirtual5','playerVirtual5_71a20790f7',4,'2018-03-02 21:59:25',NULL,0),(162,'playerVirtual7','playerVirtual7_765651',0,'2018-03-02 21:59:42',NULL,0),(163,'playerVirtual3','playerVirtual3_272887063',0,'2018-03-02 22:00:29',NULL,0),(164,'playerVirtual3','playerVirtual3_272887063',0,'2018-03-02 22:00:29',NULL,0),(165,'playerVirtual7','playerVirtual7_d71fbd4dfd',3,'2018-03-02 22:00:42',NULL,0),(166,'playerVirtual3','playerVirtual3_917f225393',3,'2018-03-02 22:01:29',NULL,0),(167,'playerVirtual8','playerVirtual8_4820204870',0,'2018-03-02 22:01:39',NULL,0),(168,'playerVirtual8','playerVirtual8_4820204870',0,'2018-03-02 22:01:39',NULL,0),(169,'playerVirtual6','playerVirtual6_6274355716',0,'2018-03-02 22:01:40',NULL,0),(170,'playerVirtual6','playerVirtual6_6274355716',0,'2018-03-02 22:01:40',NULL,0),(171,'playerVirtual2','playerVirtual2_38676294',0,'2018-03-02 22:02:03',NULL,0),(172,'playerVirtual2','playerVirtual2_38676294',0,'2018-03-02 22:02:03',NULL,0),(173,'playerVirtual10','playerVirtual10_055cf31126',4,'2018-03-02 22:02:28',NULL,0),(174,'playerVirtual8','playerVirtual8_ad9106167e',4,'2018-03-02 22:02:39',NULL,0),(175,'playerVirtual6','playerVirtual6_c7c4bc3cf9',3,'2018-03-02 22:02:40',NULL,0),(176,'playerVirtual2','playerVirtual2_4b579858f0',4,'2018-03-02 22:03:03',NULL,0),(177,'playerVirtual9','playerVirtual9_5623125514',0,'2018-03-02 22:03:15',NULL,0),(178,'playerVirtual9','playerVirtual9_5623125514',0,'2018-03-02 22:03:16',NULL,0),(179,'playerVirtual1097','playerVirtual1097_284757920',0,'2018-03-02 22:03:17',NULL,0),(180,'playerVirtual4','playerVirtual4_182859403',0,'2018-03-02 22:03:24',NULL,0),(181,'playerVirtual4','playerVirtual4_182859403',0,'2018-03-02 22:03:24',NULL,0),(182,'playerVirtual9','playerVirtual9_7e19f677a6',3,'2018-03-02 22:04:16',NULL,0),(183,'playerVirtual1097','playerVirtual1097_f5c59b89a2',3,'2018-03-02 22:04:17',NULL,0),(184,'playerVirtual7','playerVirtual7_990694203',0,'2018-03-02 22:04:20',NULL,0),(185,'playerVirtual4','playerVirtual4_233818dde2',3,'2018-03-02 22:04:24',NULL,0),(186,'playerVirtual5','playerVirtual5_990694203',0,'2018-03-02 22:04:47',NULL,0),(187,'playerVirtual5','playerVirtual5_990694203',0,'2018-03-02 22:04:47',NULL,0),(188,'playerVirtual7','playerVirtual7_71b5d131b0',4,'2018-03-02 22:05:21',NULL,0),(189,'playerVirtual5','playerVirtual5_528fa74650',3,'2018-03-02 22:05:47',NULL,0),(190,'playerVirtual3','playerVirtual3_4820204870',1,'2018-03-02 22:06:42',NULL,0),(191,'playerVirtual3','playerVirtual3_4652657e13',4,'2018-03-02 22:06:43',NULL,0),(192,'playerVirtual3','playerVirtual3_4820204870',1,'2018-03-02 22:06:43',NULL,0),(193,'playerVirtual11','playerVirtual11_037ec3fadf',4,'2018-03-02 22:07:26',NULL,0),(194,'playerVirtual6','playerVirtual6_4476462938',0,'2018-03-02 22:07:29',NULL,0),(195,'playerVirtual6','playerVirtual6_4476462938',0,'2018-03-02 22:07:29',NULL,0),(196,'playerVirtual9','playerVirtual9_6282149131',0,'2018-03-02 22:07:33',NULL,0),(197,'playerVirtual9','playerVirtual9_6282149131',0,'2018-03-02 22:07:33',NULL,0),(198,'playerVirtual4','playerVirtual4_182859403',1,'2018-03-02 22:07:53',NULL,0),(199,'playerVirtual4','playerVirtual4_e3d47b2466',4,'2018-03-02 22:07:53',NULL,0),(200,'playerVirtual4','playerVirtual4_182859403',1,'2018-03-02 22:07:53',NULL,0),(201,'playerVirtual2','playerVirtual2_272887063',0,'2018-03-02 22:08:07',NULL,0),(202,'playerVirtual2','playerVirtual2_272887063',0,'2018-03-02 22:08:08',NULL,0),(203,'playerVirtual6','playerVirtual6_4e0bfc1934',4,'2018-03-02 22:08:29',NULL,0),(204,'playerVirtual9','playerVirtual9_01d4a8f50d',4,'2018-03-02 22:08:33',NULL,0),(205,'playerVirtual8','playerVirtual8_6280643141',0,'2018-03-02 22:08:41',NULL,0),(206,'playerVirtual8','playerVirtual8_6280643141',0,'2018-03-02 22:08:41',NULL,0),(207,'playerVirtual5','playerVirtual5_990694203',1,'2018-03-02 22:08:52',NULL,0),(208,'playerVirtual5','playerVirtual5_d6a62c80ba',4,'2018-03-02 22:08:52',NULL,0),(209,'playerVirtual5','playerVirtual5_990694203',1,'2018-03-02 22:08:53',NULL,0),(210,'playerVirtual2','playerVirtual2_25e9c5f41c',3,'2018-03-02 22:09:09',NULL,0),(211,'playerVirtual1329','playerVirtual1329_bda872b862',4,'2018-03-02 22:09:37',NULL,0),(212,'playerVirtual8','playerVirtual8_1979889cb1',3,'2018-03-02 22:09:41',NULL,0),(213,'playerVirtual10','playerVirtual10_6280638724',0,'2018-03-02 22:10:12',NULL,0),(214,'playerVirtual10','playerVirtual10_6280638724',0,'2018-03-02 22:10:12',NULL,0),(215,'playerVirtual7','playerVirtual7_2ebfe3b54d',3,'2018-03-02 22:10:21',NULL,0),(216,'playerVirtual3','playerVirtual3_272887063',1,'2018-03-02 22:10:29',NULL,0),(217,'playerVirtual3','playerVirtual3_080f643289',3,'2018-03-02 22:10:29',NULL,0),(218,'playerVirtual3','playerVirtual3_272887063',1,'2018-03-02 22:10:29',NULL,0),(219,'playerVirtual10','playerVirtual10_6c3c282712',3,'2018-03-02 22:11:13',NULL,0),(220,'playerVirtual12','playerVirtual12_516f044573',4,'2018-03-02 22:12:26',NULL,0),(221,'playerVirtual6','playerVirtual6_214880781',0,'2018-03-02 22:13:06',NULL,0),(222,'playerVirtual6','playerVirtual6_214880781',0,'2018-03-02 22:13:06',NULL,0),(223,'playerVirtual8','playerVirtual8_6285257156',0,'2018-03-02 22:13:31',NULL,0),(224,'playerVirtual8','playerVirtual8_6285257156',0,'2018-03-02 22:13:31',NULL,0),(225,'playerVirtual2','playerVirtual2_182859403',0,'2018-03-02 22:13:46',NULL,0),(226,'playerVirtual2','playerVirtual2_182859403',0,'2018-03-02 22:13:47',NULL,0),(227,'playerVirtual4','playerVirtual4_682797',0,'2018-03-02 22:13:47',NULL,0),(228,'playerVirtual4','playerVirtual4_682797',0,'2018-03-02 22:13:48',NULL,0),(229,'playerVirtual6','playerVirtual6_04c9fd37ca',3,'2018-03-02 22:14:06',NULL,0),(230,'playerVirtual10','playerVirtual10_1438244924',0,'2018-03-02 22:14:06',NULL,0),(231,'playerVirtual10','playerVirtual10_1438244924',0,'2018-03-02 22:14:07',NULL,0),(232,'playerVirtual8','playerVirtual8_116e099aec',4,'2018-03-02 22:14:31',NULL,0),(233,'playerVirtual9','playerVirtual9_1094955',0,'2018-03-02 22:14:43',NULL,0),(234,'playerVirtual9','playerVirtual9_1094955',0,'2018-03-02 22:14:43',NULL,0),(235,'playerVirtual2','playerVirtual2_cd5daf62f6',4,'2018-03-02 22:14:46',NULL,0),(236,'playerVirtual4','playerVirtual4_0121610c8f',3,'2018-03-02 22:14:47',NULL,0),(237,'playerVirtual10','playerVirtual10_a9e518b5ba',4,'2018-03-02 22:15:07',NULL,0),(238,'playerVirtual5','playerVirtual5_16914091',0,'2018-03-02 22:15:17',NULL,0),(239,'playerVirtual5','playerVirtual5_16914091',0,'2018-03-02 22:15:18',NULL,0),(240,'playerVirtual7','playerVirtual7_6955737',0,'2018-03-02 22:15:39',NULL,0),(241,'playerVirtual11','playerVirtual11_1436323714',0,'2018-03-02 22:15:41',NULL,0),(242,'playerVirtual11','playerVirtual11_1436323714',0,'2018-03-02 22:15:41',NULL,0),(243,'playerVirtual9','playerVirtual9_69e2c8f6b6',3,'2018-03-02 22:15:43',NULL,0),(244,'playerVirtual5','playerVirtual5_206f88bb83',3,'2018-03-02 22:16:17',NULL,0),(245,'playerVirtual7','playerVirtual7_932be17a33',4,'2018-03-02 22:16:40',NULL,0),(246,'playerVirtual11','playerVirtual11_e0cc8d0a56',3,'2018-03-02 22:16:41',NULL,0),(247,'playerVirtual3','playerVirtual3_6955737',0,'2018-03-02 22:17:13',NULL,0),(248,'playerVirtual3','playerVirtual3_6955737',0,'2018-03-02 22:17:14',NULL,0),(249,'playerVirtual13','playerVirtual13_91007566ba',4,'2018-03-02 22:17:32',NULL,0),(250,'playerVirtual3','playerVirtual3_7fdaea1d83',4,'2018-03-02 22:18:14',NULL,0),(251,'playerVirtual11','playerVirtual11_1436344784',0,'2018-03-02 22:20:14',NULL,0),(252,'playerVirtual11','playerVirtual11_1436344784',0,'2018-03-02 22:20:14',NULL,0),(253,'playerVirtual4','playerVirtual4_6289355687',0,'2018-03-02 22:20:16',NULL,0),(254,'playerVirtual4','playerVirtual4_6289355687',0,'2018-03-02 22:20:16',NULL,0),(255,'playerVirtual6','playerVirtual6_2381571381',0,'2018-03-02 22:20:17',NULL,0),(256,'playerVirtual6','playerVirtual6_2381571381',0,'2018-03-02 22:20:18',NULL,0),(257,'playerVirtual1744','playerVirtual1744_31d81efbc2',4,'2018-03-02 22:20:25',NULL,0),(258,'playerVirtual2','playerVirtual2_9460992618',3,'2018-03-02 22:20:27',NULL,0),(259,'playerVirtual9','playerVirtual9_1438244924',0,'2018-03-02 22:21:01',NULL,0),(260,'playerVirtual9','playerVirtual9_1438244924',0,'2018-03-02 22:21:02',NULL,0),(261,'playerVirtual11','playerVirtual11_7af6520a66',4,'2018-03-02 22:21:14',NULL,0),(262,'playerVirtual4','playerVirtual4_ed15233fff',4,'2018-03-02 22:21:16',NULL,0),(263,'playerVirtual6','playerVirtual6_641b57c0c3',4,'2018-03-02 22:21:18',NULL,0),(264,'playerVirtual5','playerVirtual5_6289704471',0,'2018-03-02 22:21:23',NULL,0),(265,'playerVirtual5','playerVirtual5_6289704471',0,'2018-03-02 22:21:24',NULL,0),(266,'playerVirtual8','playerVirtual8_2378747961',0,'2018-03-02 22:21:31',NULL,0),(267,'playerVirtual8','playerVirtual8_2378747961',0,'2018-03-02 22:21:32',NULL,0),(268,'playerVirtual7','playerVirtual7_89766130b9',3,'2018-03-02 22:21:42',NULL,0),(269,'playerVirtual9','playerVirtual9_a063ec2865',4,'2018-03-02 22:22:02',NULL,0),(270,'playerVirtual12','playerVirtual12_3338579772',0,'2018-03-02 22:22:05',NULL,0),(271,'playerVirtual12','playerVirtual12_3338579772',0,'2018-03-02 22:22:05',NULL,0),(272,'playerVirtual3','playerVirtual3_3338579772',1,'2018-03-02 22:22:08',NULL,0),(273,'playerVirtual3','playerVirtual3_eb10a4b2d6',3,'2018-03-02 22:22:08',NULL,0),(274,'playerVirtual3','playerVirtual3_3338579772',1,'2018-03-02 22:22:08',NULL,0),(275,'playerVirtual5','playerVirtual5_5893f7e963',4,'2018-03-02 22:22:23',NULL,0),(276,'playerVirtual14','playerVirtual14_ddbcadc125',4,'2018-03-02 22:22:27',NULL,0),(277,'playerVirtual8','playerVirtual8_856fa21832',3,'2018-03-02 22:22:32',NULL,0),(278,'playerVirtual12','playerVirtual12_d3f506bd86',3,'2018-03-02 22:23:05',NULL,0),(279,'playerVirtual10','playerVirtual10_334bdfb8a7',3,'2018-03-02 22:23:40',NULL,0),(280,'playerVirtual2','playerVirtual2_1438244924',1,'2018-03-02 22:25:24',NULL,0),(281,'playerVirtual2','playerVirtual2_d52f347c17',4,'2018-03-02 22:25:24',NULL,0),(282,'playerVirtual2','playerVirtual2_1438244924',1,'2018-03-02 22:25:25',NULL,0),(283,'playerVirtual15','playerVirtual15_6eaaefba7d',4,'2018-03-02 22:27:26',NULL,0),(284,'playerVirtual8','playerVirtual8_2378747961',1,'2018-03-02 22:27:50',NULL,0),(285,'playerVirtual8','playerVirtual8_20d295d296',4,'2018-03-02 22:27:50',NULL,0),(286,'playerVirtual8','playerVirtual8_2378747961',1,'2018-03-02 22:27:51',NULL,0),(287,'playerVirtual13','playerVirtual13_794070039',0,'2018-03-02 22:28:28',NULL,0),(288,'playerVirtual13','playerVirtual13_794070039',0,'2018-03-02 22:28:28',NULL,0),(289,'playerVirtual6','playerVirtual6_6274355716',1,'2018-03-02 22:29:00',NULL,0),(290,'playerVirtual6','playerVirtual6_e33e9639c7',3,'2018-03-02 22:29:00',NULL,0),(291,'playerVirtual6','playerVirtual6_6274355716',1,'2018-03-02 22:29:03',NULL,0),(292,'playerVirtual13','playerVirtual13_66de006590',3,'2018-03-02 22:29:28',NULL,0),(293,'playerVirtual4','playerVirtual4_6296865278',0,'2018-03-02 22:29:52',NULL,0),(294,'playerVirtual4','playerVirtual4_6296865278',0,'2018-03-02 22:29:53',NULL,0),(295,'playerVirtual3','playerVirtual3_1095593',1,'2018-03-02 22:30:22',NULL,0),(296,'playerVirtual3','playerVirtual3_6064a7495e',4,'2018-03-02 22:30:23',NULL,0),(297,'playerVirtual3','playerVirtual3_1095593',1,'2018-03-02 22:30:23',NULL,0),(298,'playerVirtual12','playerVirtual12_5297461910',0,'2018-03-02 22:30:31',NULL,0),(299,'playerVirtual12','playerVirtual12_5297461910',0,'2018-03-02 22:30:32',NULL,0),(300,'playerVirtual4','playerVirtual4_6771232c81',3,'2018-03-02 22:30:53',NULL,0),(301,'playerVirtual2','playerVirtual2_600e867663',3,'2018-03-02 22:31:15',NULL,0),(302,'playerVirtual12','playerVirtual12_21b79e55bb',4,'2018-03-02 22:31:31',NULL,0),(303,'playerVirtual11','playerVirtual11_6296268057',0,'2018-03-02 22:31:35',NULL,0),(304,'playerVirtual11','playerVirtual11_6296268057',0,'2018-03-02 22:31:36',NULL,0),(305,'playerVirtual7','playerVirtual7_182859403',0,'2018-03-02 22:31:50',NULL,0),(306,'playerVirtual9','playerVirtual9_6264344062',0,'2018-03-02 22:32:31',NULL,0),(307,'playerVirtual9','playerVirtual9_6264344062',0,'2018-03-02 22:32:31',NULL,0),(308,'playerVirtual16','playerVirtual16_83e541cc45',4,'2018-03-02 22:32:32',NULL,0),(309,'playerVirtual11','playerVirtual11_15691b8ede',3,'2018-03-02 22:32:36',NULL,0),(310,'playerVirtual7','playerVirtual7_878b372bfb',4,'2018-03-02 22:32:50',NULL,0),(311,'playerVirtual10','playerVirtual10_6289704471',0,'2018-03-02 22:33:14',NULL,0),(312,'playerVirtual10','playerVirtual10_6289704471',0,'2018-03-02 22:33:15',NULL,0),(313,'playerVirtual5','playerVirtual5_990694203',0,'2018-03-02 22:33:17',NULL,0),(314,'playerVirtual5','playerVirtual5_981b3b2d46',3,'2018-03-02 22:33:17',NULL,0),(315,'playerVirtual5','playerVirtual5_990694203',0,'2018-03-02 22:33:17',NULL,0),(316,'playerVirtual9','playerVirtual9_bb90644a2f',3,'2018-03-02 22:33:31',NULL,0),(317,'playerVirtual1962','playerVirtual1962_3a2a8f444a',4,'2018-03-02 22:34:08',NULL,0),(318,'playerVirtual10','playerVirtual10_20bb70b5fe',4,'2018-03-02 22:34:14',NULL,0),(319,'playerVirtual2','playerVirtual2_6264344062',1,'2018-03-02 22:37:05',NULL,0),(320,'playerVirtual2','playerVirtual2_18a21ddb86',4,'2018-03-02 22:37:06',NULL,0),(321,'playerVirtual2','playerVirtual2_6264344062',1,'2018-03-02 22:37:06',NULL,0),(322,'playerVirtual13','playerVirtual13_908315',0,'2018-03-02 22:37:27',NULL,0),(323,'playerVirtual13','playerVirtual13_908315',0,'2018-03-02 22:37:28',NULL,0),(324,'playerVirtual17','playerVirtual17_9282d1e8b2',4,'2018-03-02 22:37:32',NULL,0),(325,'playerVirtual14','playerVirtual14_6301942525',0,'2018-03-02 22:37:47',NULL,0),(326,'playerVirtual7','playerVirtual7_06cc9477a5',3,'2018-03-02 22:37:50',NULL,0),(327,'playerVirtual5','playerVirtual5_990694203',1,'2018-03-02 22:38:22',NULL,0),(328,'playerVirtual5','playerVirtual5_c96285f150',4,'2018-03-02 22:38:23',NULL,0),(329,'playerVirtual5','playerVirtual5_990694203',1,'2018-03-02 22:38:25',NULL,0),(330,'playerVirtual13','playerVirtual13_deda9d75c8',4,'2018-03-02 22:38:31',NULL,0),(331,'playerVirtual14','playerVirtual14_7e6ca66801',3,'2018-03-02 22:38:47',NULL,0),(332,'playerVirtual6','playerVirtual6_182859403',0,'2018-03-02 22:40:10',NULL,0),(333,'playerVirtual6','playerVirtual6_182859403',0,'2018-03-02 22:40:10',NULL,0),(334,'playerVirtual3','playerVirtual3_539194189',0,'2018-03-02 22:41:08',NULL,0),(335,'playerVirtual3','playerVirtual3_539194189',0,'2018-03-02 22:41:09',NULL,0),(336,'playerVirtual6','playerVirtual6_194091d0f2',4,'2018-03-02 22:41:10',NULL,0),(337,'playerVirtual8','playerVirtual8_6274355716',0,'2018-03-02 22:41:18',NULL,0),(338,'playerVirtual8','playerVirtual8_6274355716',0,'2018-03-02 22:41:18',NULL,0),(339,'playerVirtual3','playerVirtual3_93e8ba17a6',3,'2018-03-02 22:42:09',NULL,0),(340,'playerVirtual8','playerVirtual8_7ac9b052f4',3,'2018-03-02 22:42:18',NULL,0),(341,'playerVirtual18','playerVirtual18_4d3bf5a6d6',4,'2018-03-02 22:42:27',NULL,0),(342,'playerVirtual4','playerVirtual4_4246147567',0,'2018-03-02 22:42:46',NULL,0),(343,'playerVirtual4','playerVirtual4_4246147567',0,'2018-03-02 22:42:47',NULL,0),(344,'playerVirtual2','playerVirtual2_1436344784',1,'2018-03-02 22:43:02',NULL,0),(345,'playerVirtual2','playerVirtual2_e44dcf9a58',3,'2018-03-02 22:43:02',NULL,0),(346,'playerVirtual2','playerVirtual2_1436344784',1,'2018-03-02 22:43:02',NULL,0),(347,'playerVirtual11','playerVirtual11_4246147567',0,'2018-03-02 22:43:22',NULL,0),(348,'playerVirtual11','playerVirtual11_4246147567',0,'2018-03-02 22:43:23',NULL,0),(349,'playerVirtual4','playerVirtual4_e0c12563d3',4,'2018-03-02 22:43:47',NULL,0),(350,'playerVirtual10','playerVirtual10_6289704471',1,'2018-03-02 22:43:50',NULL,0),(351,'playerVirtual10','playerVirtual10_871ed870de',3,'2018-03-02 22:43:50',NULL,0),(352,'playerVirtual10','playerVirtual10_6289704471',1,'2018-03-02 22:43:50',NULL,0),(353,'playerVirtual9','playerVirtual9_4246147567',0,'2018-03-02 22:44:22',NULL,0),(354,'playerVirtual9','playerVirtual9_4246147567',0,'2018-03-02 22:44:22',NULL,0),(355,'playerVirtual11','playerVirtual11_46639395a9',4,'2018-03-02 22:44:23',NULL,0),(356,'playerVirtual15','playerVirtual15_1095593',0,'2018-03-02 22:44:38',NULL,0),(357,'playerVirtual15','playerVirtual15_1095593',0,'2018-03-02 22:44:39',NULL,0),(358,'playerVirtual12','playerVirtual12_6289704471',0,'2018-03-02 22:44:55',NULL,0),(359,'playerVirtual12','playerVirtual12_6289704471',0,'2018-03-02 22:44:55',NULL,0),(360,'playerVirtual9','playerVirtual9_e1f2928ca7',4,'2018-03-02 22:45:22',NULL,0),(361,'playerVirtual14','playerVirtual14_2378747961',0,'2018-03-02 22:45:24',NULL,0),(362,'playerVirtual14','playerVirtual14_2378747961',0,'2018-03-02 22:45:24',NULL,0),(363,'playerVirtual15','playerVirtual15_df9aaec737',3,'2018-03-02 22:45:38',NULL,0),(364,'playerVirtual12','playerVirtual12_51bd47ce3c',3,'2018-03-02 22:45:55',NULL,0),(365,'playerVirtual14','playerVirtual14_db0b8fd064',4,'2018-03-02 22:46:24',NULL,0),(366,'playerVirtual15','playerVirtual15_1095593',1,'2018-03-02 22:46:56',NULL,0),(367,'playerVirtual15','playerVirtual15_497e1fe99f',4,'2018-03-02 22:46:56',NULL,0),(368,'playerVirtual15','playerVirtual15_1095593',1,'2018-03-02 22:46:57',NULL,0),(369,'playerVirtual19','playerVirtual19_ef23e20cc8',4,'2018-03-02 22:47:29',NULL,0),(370,'playerVirtual7','playerVirtual7_80f8f180ca',4,'2018-03-02 22:50:25',NULL,0),(371,'playerVirtual5','playerVirtual5_6289704471',1,'2018-03-02 22:50:39',NULL,0),(372,'playerVirtual5','playerVirtual5_2b665a33f9',3,'2018-03-02 22:50:39',NULL,0),(373,'playerVirtual5','playerVirtual5_6289704471',1,'2018-03-02 22:50:39',NULL,0),(374,'playerVirtual8','playerVirtual8_4246147567',0,'2018-03-02 22:50:51',NULL,0),(375,'playerVirtual8','playerVirtual8_4246147567',0,'2018-03-02 22:50:52',NULL,0),(376,'playerVirtual8','playerVirtual8_f4105e807c',4,'2018-03-02 22:51:52',NULL,0),(377,'playerVirtual6','playerVirtual6_6316827871',0,'2018-03-02 22:51:53',NULL,0),(378,'playerVirtual6','playerVirtual6_6316827871',0,'2018-03-02 22:51:54',NULL,0),(379,'playerVirtual2','playerVirtual2_182859403',1,'2018-03-02 22:52:14',NULL,0),(380,'playerVirtual2','playerVirtual2_e371345643',4,'2018-03-02 22:52:15',NULL,0),(381,'playerVirtual2','playerVirtual2_182859403',1,'2018-03-02 22:52:15',NULL,0),(382,'playerVirtual13','playerVirtual13_4246147567',0,'2018-03-02 22:52:15',NULL,0),(383,'playerVirtual13','playerVirtual13_4246147567',0,'2018-03-02 22:52:16',NULL,0),(384,'playerVirtual4','playerVirtual4_4246147567',1,'2018-03-02 22:52:23',NULL,0),(385,'playerVirtual4','playerVirtual4_d67afa1c45',3,'2018-03-02 22:52:23',NULL,0),(386,'playerVirtual4','playerVirtual4_4246147567',1,'2018-03-02 22:52:23',NULL,0),(387,'playerVirtual16','playerVirtual16_4246147567',0,'2018-03-02 22:52:27',NULL,0),(388,'playerVirtual16','playerVirtual16_4246147567',0,'2018-03-02 22:52:27',NULL,0),(389,'playerVirtual6','playerVirtual6_d630c22064',3,'2018-03-02 22:52:53',NULL,0),(390,'playerVirtual13','playerVirtual13_6acb471bbf',3,'2018-03-02 22:53:16',NULL,0),(391,'playerVirtual3','playerVirtual3_5068098508',0,'2018-03-02 22:53:22',NULL,0),(392,'playerVirtual3','playerVirtual3_5068098508',0,'2018-03-02 22:53:22',NULL,0),(393,'playerVirtual16','playerVirtual16_79c9088227',3,'2018-03-02 22:53:27',NULL,0),(394,'playerVirtual3','playerVirtual3_41341d4b3a',4,'2018-03-02 22:54:22',NULL,0),(395,'playerVirtual16','playerVirtual16_4246147567',1,'2018-03-02 22:54:28',NULL,0),(396,'playerVirtual16','playerVirtual16_c7d40ca743',4,'2018-03-02 22:54:29',NULL,0),(397,'playerVirtual16','playerVirtual16_4246147567',1,'2018-03-02 22:54:29',NULL,0),(398,'playerVirtual11','playerVirtual11_4246147567',1,'2018-03-02 22:54:44',NULL,0),(399,'playerVirtual11','playerVirtual11_4cd355eac8',3,'2018-03-02 22:54:44',NULL,0),(400,'playerVirtual11','playerVirtual11_4246147567',1,'2018-03-02 22:54:44',NULL,0),(401,'playerVirtual12','playerVirtual12_4246147567',0,'2018-03-02 22:55:10',NULL,0),(402,'playerVirtual12','playerVirtual12_4246147567',0,'2018-03-02 22:55:10',NULL,0),(403,'playerVirtual9','playerVirtual9_4246147567',1,'2018-03-02 22:55:51',NULL,0),(404,'playerVirtual9','playerVirtual9_54e5004481',3,'2018-03-02 22:55:51',NULL,0),(405,'playerVirtual9','playerVirtual9_4246147567',1,'2018-03-02 22:55:52',NULL,0),(406,'playerVirtual12','playerVirtual12_3ee959b9db',4,'2018-03-02 22:56:10',NULL,0),(407,'playerVirtual5','playerVirtual5_b8de37b5fd',4,'2018-03-02 22:56:28',NULL,0),(408,'playerVirtual1007','playerVirtual1007_01b1c3c956',4,'2018-03-02 22:56:36',NULL,0),(409,'playerVirtual10','playerVirtual10_4246147567',0,'2018-03-02 22:56:37',NULL,0),(410,'playerVirtual10','playerVirtual10_4246147567',0,'2018-03-02 22:56:37',NULL,0),(411,'playerVirtual10','playerVirtual10_982f3a6e05',4,'2018-03-02 22:57:37',NULL,0),(412,'playerVirtual17','playerVirtual17_4246147567',0,'2018-03-02 22:58:07',NULL,0),(413,'playerVirtual17','playerVirtual17_cc03a66f0a',3,'2018-03-02 22:59:07',NULL,0),(414,'playerVirtual17','playerVirtual17_1b50cfd497',4,'2018-03-02 23:00:08',NULL,0),(415,'playerVirtual13','playerVirtual13_4246147567',1,'2018-03-02 23:01:15',NULL,0),(416,'playerVirtual13','playerVirtual13_670699da9c',4,'2018-03-02 23:01:15',NULL,0),(417,'playerVirtual13','playerVirtual13_4246147567',1,'2018-03-02 23:01:15',NULL,0),(418,'playerVirtual7','playerVirtual7_1095593',0,'2018-03-02 23:01:16',NULL,0),(419,'playerVirtual2','playerVirtual2_2919f037b5',3,'2018-03-02 23:01:43',NULL,0),(420,'playerVirtual7','playerVirtual7_5e7f8762fb',3,'2018-03-02 23:02:16',NULL,0),(421,'playerVirtual14','playerVirtual14_4246147567',0,'2018-03-02 23:02:41',NULL,0),(422,'playerVirtual14','playerVirtual14_4246147567',0,'2018-03-02 23:02:46',NULL,0),(423,'playerVirtual14','playerVirtual14_721977e795',3,'2018-03-02 23:03:40',NULL,0),(424,'playerVirtual18','playerVirtual18_990694203',0,'2018-03-02 23:03:50',NULL,0),(425,'playerVirtual18','playerVirtual18_990694203',0,'2018-03-02 23:03:51',NULL,0),(426,'playerVirtual18','playerVirtual18_3da2f341bc',3,'2018-03-02 23:04:54',NULL,0),(427,'playerVirtual8','playerVirtual8_4246147567',1,'2018-03-02 23:05:19',NULL,0),(428,'playerVirtual8','playerVirtual8_f9654c8f10',3,'2018-03-02 23:05:19',NULL,0),(429,'playerVirtual8','playerVirtual8_4246147567',1,'2018-03-02 23:05:19',NULL,0),(430,'playerVirtual6','playerVirtual6_6322213339',0,'2018-03-02 23:05:39',NULL,0),(431,'playerVirtual6','playerVirtual6_6322213339',0,'2018-03-02 23:05:39',NULL,0),(432,'playerVirtual18','playerVirtual18_990694203',1,'2018-03-02 23:05:55',NULL,0),(433,'playerVirtual18','playerVirtual18_5d527a3aee',4,'2018-03-02 23:05:55',NULL,0),(434,'playerVirtual18','playerVirtual18_990694203',1,'2018-03-02 23:05:58',NULL,0),(435,'playerVirtual6','playerVirtual6_3b84d71e7b',4,'2018-03-02 23:06:39',NULL,0),(436,'playerVirtual3','playerVirtual3_4246147567',0,'2018-03-02 23:06:43',NULL,0),(437,'playerVirtual3','playerVirtual3_4246147567',0,'2018-03-02 23:06:43',NULL,0),(438,'playerVirtual4','playerVirtual4_359920779',1,'2018-03-02 23:06:46',NULL,0),(439,'playerVirtual4','playerVirtual4_84cc51072d',4,'2018-03-02 23:06:47',NULL,0),(440,'playerVirtual4','playerVirtual4_359920779',1,'2018-03-02 23:06:47',NULL,0),(441,'playerVirtual10','playerVirtual10_4eefb6781e',3,'2018-03-02 23:07:15',NULL,0),(442,'playerVirtual3','playerVirtual3_685470f591',3,'2018-03-02 23:07:43',NULL,0),(443,'playerVirtual11','playerVirtual11_4246147567',0,'2018-03-02 23:08:10',NULL,0),(444,'playerVirtual11','playerVirtual11_5c0a94865e',4,'2018-03-02 23:08:11',NULL,0),(445,'playerVirtual11','playerVirtual11_4246147567',0,'2018-03-02 23:08:11',NULL,0),(446,'playerVirtual15','playerVirtual15_4246147567',0,'2018-03-02 23:08:46',NULL,0),(447,'playerVirtual15','playerVirtual15_4246147567',0,'2018-03-02 23:08:46',NULL,0),(448,'playerVirtual9','playerVirtual9_4246147567',0,'2018-03-02 23:09:23',NULL,0),(449,'playerVirtual9','playerVirtual9_ae72181ced',4,'2018-03-02 23:09:23',NULL,0),(450,'playerVirtual9','playerVirtual9_4246147567',0,'2018-03-02 23:09:23',NULL,0),(451,'playerVirtual12','playerVirtual12_4246147567',1,'2018-03-02 23:09:33',NULL,0),(452,'playerVirtual12','playerVirtual12_f29886d32f',3,'2018-03-02 23:09:33',NULL,0),(453,'playerVirtual12','playerVirtual12_4246147567',1,'2018-03-02 23:09:34',NULL,0),(454,'playerVirtual15','playerVirtual15_67a11bf503',3,'2018-03-02 23:09:46',NULL,0),(455,'playerVirtual19','playerVirtual19_4246147567',0,'2018-03-02 23:09:49',NULL,0),(456,'playerVirtual19','playerVirtual19_4246147567',0,'2018-03-02 23:09:49',NULL,0),(457,'playerVirtual14','playerVirtual14_4246147567',1,'2018-03-02 23:10:16',NULL,0),(458,'playerVirtual14','playerVirtual14_4fa438e45a',4,'2018-03-02 23:10:16',NULL,0),(459,'playerVirtual14','playerVirtual14_4246147567',1,'2018-03-02 23:10:16',NULL,0),(460,'playerVirtual19','playerVirtual19_9b2b0875cb',3,'2018-03-02 23:10:49',NULL,0),(461,'playerVirtual15','playerVirtual15_4246147567',1,'2018-03-02 23:11:00',NULL,0),(462,'playerVirtual15','playerVirtual15_e1ea2d6c80',4,'2018-03-02 23:11:00',NULL,0),(463,'playerVirtual15','playerVirtual15_4246147567',1,'2018-03-02 23:11:02',NULL,0),(464,'playerVirtual19','playerVirtual19_4246147567',1,'2018-03-02 23:11:50',NULL,0),(465,'playerVirtual19','playerVirtual19_d05235b37b',4,'2018-03-02 23:11:50',NULL,0),(466,'playerVirtual19','playerVirtual19_4246147567',1,'2018-03-02 23:11:50',NULL,0),(467,'playerVirtual5','playerVirtual5_4246147567',0,'2018-03-02 23:14:53',NULL,0),(468,'playerVirtual5','playerVirtual5_4246147567',0,'2018-03-02 23:14:53',NULL,0),(469,'playerVirtual5','playerVirtual5_81cf9e8c4f',3,'2018-03-02 23:15:53',NULL,0),(470,'playerVirtual7','playerVirtual7_4246147567',0,'2018-03-02 23:16:57',NULL,0),(471,'playerVirtual16','playerVirtual16_359920779',0,'2018-03-02 23:17:10',NULL,0),(472,'playerVirtual16','playerVirtual16_359920779',0,'2018-03-02 23:17:10',NULL,0),(473,'playerVirtual2','playerVirtual2_4246147567',0,'2018-03-02 23:17:20',NULL,0),(474,'playerVirtual2','playerVirtual2_4246147567',0,'2018-03-02 23:17:21',NULL,0),(475,'playerVirtual8','playerVirtual8_6335261139',0,'2018-03-02 23:17:35',NULL,0),(476,'playerVirtual8','playerVirtual8_6335261139',0,'2018-03-02 23:17:36',NULL,0),(477,'playerVirtual7','playerVirtual7_3c60fee3e4',4,'2018-03-02 23:17:57',NULL,0),(478,'playerVirtual13','playerVirtual13_4246147567',0,'2018-03-02 23:18:08',NULL,0),(479,'playerVirtual13','playerVirtual13_e5d83ecca1',3,'2018-03-02 23:18:08',NULL,0),(480,'playerVirtual13','playerVirtual13_4246147567',0,'2018-03-02 23:18:08',NULL,0),(481,'playerVirtual16','playerVirtual16_cea38b6592',3,'2018-03-02 23:18:10',NULL,0),(482,'playerVirtual2','playerVirtual2_355a4e4957',4,'2018-03-02 23:18:21',NULL,0),(483,'playerVirtual11','playerVirtual11_4246147567',1,'2018-03-02 23:18:36',NULL,0),(484,'playerVirtual11','playerVirtual11_e132b27155',3,'2018-03-02 23:18:36',NULL,0),(485,'playerVirtual4','playerVirtual4_4246147567',0,'2018-03-02 23:18:37',NULL,0),(486,'playerVirtual4','playerVirtual4_681603dedb',3,'2018-03-02 23:18:37',NULL,0),(487,'playerVirtual8','playerVirtual8_e3b17d594c',4,'2018-03-02 23:18:39',NULL,0),(488,'playerVirtual11','playerVirtual11_4246147567',1,'2018-03-02 23:18:40',NULL,0),(489,'playerVirtual4','playerVirtual4_4246147567',0,'2018-03-02 23:18:41',NULL,0),(490,'playerVirtual3','playerVirtual3_4246147567',1,'2018-03-02 23:18:56',NULL,0),(491,'playerVirtual3','playerVirtual3_bdca1c65d9',4,'2018-03-02 23:18:56',NULL,0),(492,'playerVirtual3','playerVirtual3_4246147567',1,'2018-03-02 23:18:57',NULL,0),(493,'playerVirtual6','playerVirtual6_4246147567',0,'2018-03-02 23:19:51',NULL,0),(494,'playerVirtual6','playerVirtual6_4246147567',0,'2018-03-02 23:19:52',NULL,0),(495,'playerVirtual9','playerVirtual9_4246147567',1,'2018-03-02 23:19:52',NULL,0),(496,'playerVirtual9','playerVirtual9_c5f728af58',3,'2018-03-02 23:19:53',NULL,0),(497,'playerVirtual9','playerVirtual9_4246147567',1,'2018-03-02 23:19:53',NULL,0),(498,'playerVirtual6','playerVirtual6_805690e37e',3,'2018-03-02 23:20:51',NULL,0),(499,'playerVirtual5','playerVirtual5_4246147567',1,'2018-03-02 23:21:45',NULL,0),(500,'playerVirtual5','playerVirtual5_636156925d',4,'2018-03-02 23:21:46',NULL,0),(501,'playerVirtual5','playerVirtual5_4246147567',1,'2018-03-02 23:21:49',NULL,0),(502,'playerVirtual1836','playerVirtual1836_d449dd2c1d',4,'2018-03-02 23:22:12',NULL,0),(503,'playerVirtual12','playerVirtual12_4246147567',0,'2018-03-02 23:22:51',NULL,0),(504,'playerVirtual12','playerVirtual12_9a53276fa3',4,'2018-03-02 23:22:52',NULL,0),(505,'playerVirtual12','playerVirtual12_4246147567',0,'2018-03-02 23:22:52',NULL,0),(506,'playerVirtual16','playerVirtual16_6344084916',0,'2018-03-02 23:23:05',NULL,0),(507,'playerVirtual16','playerVirtual16_6344084916',0,'2018-03-02 23:23:05',NULL,0),(508,'playerVirtual17','playerVirtual17_4246147567',0,'2018-03-02 23:23:49',NULL,0),(509,'playerVirtual17','playerVirtual17_81c570a8a8',3,'2018-03-02 23:23:50',NULL,0),(510,'playerVirtual10','playerVirtual10_4246147567',0,'2018-03-02 23:24:02',NULL,0),(511,'playerVirtual10','playerVirtual10_528627638e',4,'2018-03-02 23:24:02',NULL,0),(512,'playerVirtual10','playerVirtual10_4246147567',0,'2018-03-02 23:24:02',NULL,0),(513,'playerVirtual16','playerVirtual16_e90be5ecbd',4,'2018-03-02 23:24:05',NULL,0),(514,'playerVirtual17','playerVirtual17_b4ecdab232',4,'2018-03-02 23:24:49',NULL,0),(515,'playerVirtual13','playerVirtual13_4246147567',1,'2018-03-02 23:26:07',NULL,0),(516,'playerVirtual13','playerVirtual13_253772cfc8',4,'2018-03-02 23:26:07',NULL,0),(517,'playerVirtual13','playerVirtual13_4246147567',1,'2018-03-02 23:26:08',NULL,0),(518,'playerVirtual2','playerVirtual2_4246147567',1,'2018-03-02 23:27:49',NULL,0),(519,'playerVirtual2','playerVirtual2_344a64ae69',3,'2018-03-02 23:27:49',NULL,0),(520,'playerVirtual2','playerVirtual2_4246147567',1,'2018-03-02 23:27:49',NULL,0),(521,'playerVirtual7','playerVirtual7_97cfc9f04e',3,'2018-03-02 23:28:47',NULL,0),(522,'playerVirtual14','playerVirtual14_4246147567',0,'2018-03-02 23:30:33',NULL,0),(523,'playerVirtual14','playerVirtual14_94354cfea4',3,'2018-03-02 23:30:33',NULL,0),(524,'playerVirtual14','playerVirtual14_4246147567',0,'2018-03-02 23:30:33',NULL,0),(525,'playerVirtual18','playerVirtual18_4246147567',0,'2018-03-02 23:30:34',NULL,0),(526,'playerVirtual18','playerVirtual18_4246147567',0,'2018-03-02 23:30:35',NULL,0),(527,'playerVirtual18','playerVirtual18_e92684152f',3,'2018-03-02 23:31:35',NULL,0),(528,'playerVirtual3','playerVirtual3_5068098508',1,'2018-03-02 23:32:25',NULL,0),(529,'playerVirtual3','playerVirtual3_0f15b6ecd6',3,'2018-03-02 23:32:25',NULL,0),(530,'playerVirtual3','playerVirtual3_5068098508',1,'2018-03-02 23:32:25',NULL,0),(531,'playerVirtual18','playerVirtual18_4246147567',1,'2018-03-02 23:32:36',NULL,0),(532,'playerVirtual18','playerVirtual18_9d4c63e274',4,'2018-03-02 23:32:36',NULL,0),(533,'playerVirtual18','playerVirtual18_4246147567',1,'2018-03-02 23:32:37',NULL,0),(534,'playerVirtual11','playerVirtual11_1436344784',1,'2018-03-02 23:32:55',NULL,0),(535,'playerVirtual11','playerVirtual11_7b8fbe8f7d',4,'2018-03-02 23:32:56',NULL,0),(536,'playerVirtual11','playerVirtual11_1436344784',1,'2018-03-02 23:32:56',NULL,0),(537,'playerVirtual4','playerVirtual4_4246147567',1,'2018-03-02 23:32:58',NULL,0),(538,'playerVirtual4','playerVirtual4_75421ba8ff',4,'2018-03-02 23:32:58',NULL,0),(539,'playerVirtual4','playerVirtual4_4246147567',1,'2018-03-02 23:32:58',NULL,0),(540,'playerVirtual6','playerVirtual6_4246147567',1,'2018-03-02 23:33:37',NULL,0),(541,'playerVirtual6','playerVirtual6_493fc34313',4,'2018-03-02 23:33:37',NULL,0),(542,'playerVirtual6','playerVirtual6_4246147567',1,'2018-03-02 23:33:37',NULL,0),(543,'playerVirtual10','playerVirtual10_bb95508a62',3,'2018-03-02 23:33:40',NULL,0),(544,'playerVirtual8','playerVirtual8_4246147567',0,'2018-03-02 23:34:06',NULL,0),(545,'playerVirtual8','playerVirtual8_cb7f4f4057',3,'2018-03-02 23:34:06',NULL,0),(546,'playerVirtual8','playerVirtual8_4246147567',0,'2018-03-02 23:34:07',NULL,0),(547,'playerVirtual12','playerVirtual12_0e775a7f1f',3,'2018-03-02 23:36:12',NULL,0),(548,'playerVirtual15','playerVirtual15_4246147567',0,'2018-03-02 23:36:52',NULL,0),(549,'playerVirtual15','playerVirtual15_39a23c1729',3,'2018-03-02 23:36:52',NULL,0),(550,'playerVirtual15','playerVirtual15_4246147567',0,'2018-03-02 23:36:52',NULL,0),(551,'playerVirtual14','playerVirtual14_4246147567',1,'2018-03-02 23:37:09',NULL,0),(552,'playerVirtual14','playerVirtual14_22db99bfe3',4,'2018-03-02 23:37:09',NULL,0),(553,'playerVirtual14','playerVirtual14_4246147567',1,'2018-03-02 23:37:09',NULL,0),(554,'playerVirtual9','playerVirtual9_990694203',0,'2018-03-02 23:37:10',NULL,0),(555,'playerVirtual9','playerVirtual9_990694203',0,'2018-03-02 23:37:10',NULL,0),(556,'playerVirtual15','playerVirtual15_4246147567',1,'2018-03-02 23:38:06',NULL,0),(557,'playerVirtual15','playerVirtual15_77960f1fb4',4,'2018-03-02 23:38:06',NULL,0),(558,'playerVirtual15','playerVirtual15_4246147567',1,'2018-03-02 23:38:06',NULL,0),(559,'playerVirtual19','playerVirtual19_4246147567',0,'2018-03-02 23:38:09',NULL,0),(560,'playerVirtual19','playerVirtual19_62f2b7ceee',3,'2018-03-02 23:38:09',NULL,0),(561,'playerVirtual19','playerVirtual19_4246147567',0,'2018-03-02 23:38:09',NULL,0),(562,'playerVirtual9','playerVirtual9_79c8f6828e',4,'2018-03-02 23:38:10',NULL,0),(563,'playerVirtual19','playerVirtual19_80d69f9f95',4,'2018-03-02 23:39:10',NULL,0),(564,'playerVirtual5','playerVirtual5_4246147567',0,'2018-03-02 23:43:56',NULL,0),(565,'playerVirtual5','playerVirtual5_3250644339',3,'2018-03-02 23:43:57',NULL,0),(566,'playerVirtual5','playerVirtual5_4246147567',0,'2018-03-02 23:44:01',NULL,0),(567,'playerVirtual8','playerVirtual8_4246147567',1,'2018-03-02 23:46:22',NULL,0),(568,'playerVirtual8','playerVirtual8_b0812142c3',4,'2018-03-02 23:46:22',NULL,0),(569,'playerVirtual8','playerVirtual8_4246147567',1,'2018-03-02 23:46:22',NULL,0),(570,'playerVirtual2','playerVirtual2_272887063',1,'2018-03-02 23:46:40',NULL,0),(571,'playerVirtual2','playerVirtual2_3ba5822a98',4,'2018-03-02 23:46:41',NULL,0),(572,'playerVirtual2','playerVirtual2_272887063',1,'2018-03-02 23:46:41',NULL,0),(573,'playerVirtual13','playerVirtual13_4246147567',0,'2018-03-02 23:47:01',NULL,0),(574,'playerVirtual13','playerVirtual13_05ac575da2',3,'2018-03-02 23:47:01',NULL,0),(575,'playerVirtual13','playerVirtual13_4246147567',0,'2018-03-02 23:47:01',NULL,0),(576,'playerVirtual7','playerVirtual7_6566788',0,'2018-03-02 23:47:02',NULL,0),(577,'playerVirtual16','playerVirtual16_272887063',0,'2018-03-02 23:47:31',NULL,0),(578,'playerVirtual16','playerVirtual16_272887063',0,'2018-03-02 23:47:32',NULL,0),(579,'playerVirtual3','playerVirtual3_4246147567',0,'2018-03-02 23:48:02',NULL,0),(580,'playerVirtual3','playerVirtual3_369afa3d75',4,'2018-03-02 23:48:02',NULL,0),(581,'playerVirtual7','playerVirtual7_0c3cd93d0b',4,'2018-03-02 23:48:02',NULL,0),(582,'playerVirtual3','playerVirtual3_4246147567',0,'2018-03-02 23:48:02',NULL,0),(583,'playerVirtual11','playerVirtual11_4246147567',0,'2018-03-02 23:48:10',NULL,0),(584,'playerVirtual11','playerVirtual11_00bbc5a701',3,'2018-03-02 23:48:10',NULL,0),(585,'playerVirtual11','playerVirtual11_4246147567',0,'2018-03-02 23:48:15',NULL,0),(586,'playerVirtual4','playerVirtual4_6566788',0,'2018-03-02 23:48:19',NULL,0),(587,'playerVirtual4','playerVirtual4_6566788',0,'2018-03-02 23:48:20',NULL,0),(588,'playerVirtual16','playerVirtual16_5c2daf37d6',3,'2018-03-02 23:48:32',NULL,0),(589,'playerVirtual9','playerVirtual9_990694203',1,'2018-03-02 23:48:41',NULL,0),(590,'playerVirtual9','playerVirtual9_60be0106f0',3,'2018-03-02 23:48:41',NULL,0),(591,'playerVirtual9','playerVirtual9_990694203',1,'2018-03-02 23:48:41',NULL,0),(592,'playerVirtual4','playerVirtual4_44aa80b942',3,'2018-03-02 23:49:20',NULL,0),(593,'playerVirtual5','playerVirtual5_4246147567',1,'2018-03-02 23:49:44',NULL,0),(594,'playerVirtual5','playerVirtual5_a870021fc3',4,'2018-03-02 23:49:44',NULL,0),(595,'playerVirtual5','playerVirtual5_4246147567',1,'2018-03-02 23:49:44',NULL,0),(596,'playerVirtual6','playerVirtual6_4246147567',0,'2018-03-02 23:50:41',NULL,0),(597,'playerVirtual6','playerVirtual6_3bcf90f222',3,'2018-03-02 23:50:41',NULL,0),(598,'playerVirtual6','playerVirtual6_4246147567',0,'2018-03-02 23:50:41',NULL,0);
/*!40000 ALTER TABLE `REQUEST` ENABLE KEYS */;
UNLOCK TABLES;

--
-- Table structure for table `STATUS`
--

DROP TABLE IF EXISTS `STATUS`;
/*!40101 SET @saved_cs_client     = @@character_set_client */;
/*!40101 SET character_set_client = utf8 */;
CREATE TABLE `STATUS` (
  `id` int(11) NOT NULL AUTO_INCREMENT,
  `players` int(11) DEFAULT '0',
  `all_requests` int(11) DEFAULT '0',
  `accepts` int(11) DEFAULT '0',
  `rejects` int(11) DEFAULT '0',
  `fairness` float DEFAULT '0',
  `timestamp` timestamp NULL DEFAULT NULL,
  PRIMARY KEY (`id`)
) ENGINE=InnoDB AUTO_INCREMENT=32 DEFAULT CHARSET=utf8;
/*!40101 SET character_set_client = @saved_cs_client */;

--
-- Dumping data for table `STATUS`
--

LOCK TABLES `STATUS` WRITE;
/*!40000 ALTER TABLE `STATUS` DISABLE KEYS */;
INSERT INTO `STATUS` VALUES (1,0,0,0,0,0,'2018-03-02 21:21:16'),(2,2,4,3,1,0.75,'2018-03-02 21:26:16'),(3,3,10,8,2,0.8,'2018-03-02 21:31:16'),(4,5,16,11,5,0.6875,'2018-03-02 21:36:17'),(5,6,22,14,8,0.636364,'2018-03-02 21:41:17'),(6,8,27,18,9,0.666667,'2018-03-02 21:46:17'),(7,9,35,24,11,0.685714,'2018-03-02 21:51:17'),(8,10,40,29,11,0.725,'2018-03-02 21:56:17'),(9,12,46,34,12,0.73913,'2018-03-02 22:01:17'),(10,13,52,39,13,0.75,'2018-03-02 22:06:17'),(11,15,57,41,16,0.719298,'2018-03-02 22:11:18'),(12,16,65,48,17,0.738462,'2018-03-02 22:16:18'),(13,18,70,52,18,0.742857,'2018-03-02 22:21:18'),(14,19,73,54,19,0.739726,'2018-03-02 22:26:18'),(15,20,76,57,19,0.75,'2018-03-02 22:31:18'),(16,22,80,61,19,0.7625,'2018-03-02 22:36:18'),(17,23,84,64,20,0.761905,'2018-03-02 22:41:18'),(18,24,90,69,21,0.766667,'2018-03-02 22:46:18'),(19,25,91,69,22,0.758242,'2018-03-02 22:51:19'),(20,26,96,73,23,0.760417,'2018-03-02 22:56:19'),(21,26,97,73,24,0.752577,'2018-03-02 23:01:19'),(22,26,100,75,25,0.75,'2018-03-02 23:06:19'),(23,26,105,79,26,0.752381,'2018-03-02 23:11:19'),(24,26,106,79,27,0.745283,'2018-03-02 23:16:19'),(25,27,112,85,27,0.758929,'2018-03-02 23:21:20'),(26,27,115,87,28,0.756522,'2018-03-02 23:26:20'),(27,27,117,89,28,0.760684,'2018-03-02 23:31:20'),(28,27,118,89,29,0.754237,'2018-03-02 23:36:20'),(29,27,121,91,30,0.752066,'2018-03-02 23:41:20'),(30,27,122,92,30,0.754098,'2018-03-02 23:46:20'),(31,28,128,97,31,0.757812,'2018-03-02 23:51:20');
/*!40000 ALTER TABLE `STATUS` ENABLE KEYS */;
UNLOCK TABLES;

--
-- Table structure for table `THRESHOLD`
--

DROP TABLE IF EXISTS `THRESHOLD`;
/*!40101 SET @saved_cs_client     = @@character_set_client */;
/*!40101 SET character_set_client = utf8 */;
CREATE TABLE `THRESHOLD` (
  `division` int(11) NOT NULL,
  `botton` float DEFAULT '0',
  `top` float DEFAULT '0',
  PRIMARY KEY (`division`)
) ENGINE=InnoDB DEFAULT CHARSET=utf8;
/*!40101 SET character_set_client = @saved_cs_client */;

--
-- Dumping data for table `THRESHOLD`
--

LOCK TABLES `THRESHOLD` WRITE;
/*!40000 ALTER TABLE `THRESHOLD` DISABLE KEYS */;
INSERT INTO `THRESHOLD` VALUES (1,8.76,20),(2,4.38,8.76),(3,0,4.38);
/*!40000 ALTER TABLE `THRESHOLD` ENABLE KEYS */;
UNLOCK TABLES;

--
-- Table structure for table `VM`
--

DROP TABLE IF EXISTS `VM`;
/*!40101 SET @saved_cs_client     = @@character_set_client */;
/*!40101 SET character_set_client = utf8 */;
CREATE TABLE `VM` (
  `id` int(11) NOT NULL AUTO_INCREMENT,
  `origin_add` varchar(45) NOT NULL,
  `origin_id` varchar(45) NOT NULL,
  `origin_name` varchar(45) NOT NULL,
  `destiny_add` varchar(45) NOT NULL,
  `destiny_name` varchar(45) NOT NULL,
  `destiny_id` varchar(45) NOT NULL,
  `status` tinyint(1) NOT NULL,
  `has_resources` tinyint(1) NOT NULL,
  `vcpus` int(11) NOT NULL,
  `mem` bigint(20) NOT NULL,
  `disk` bigint(20) NOT NULL,
  `timestamp_received` timestamp NULL DEFAULT NULL,
  `timestamp_finished` timestamp NULL DEFAULT NULL,
  PRIMARY KEY (`id`)
) ENGINE=InnoDB AUTO_INCREMENT=129 DEFAULT CHARSET=utf8;
/*!40101 SET character_set_client = @saved_cs_client */;

--
-- Dumping data for table `VM`
--

LOCK TABLES `VM` WRITE;
/*!40000 ALTER TABLE `VM` DISABLE KEYS */;
INSERT INTO `VM` VALUES (1,'192.168.0.200','playerVirtual1_450512000','playerVirtual1','192.168.0.200','playerVirtual2','playerVirtual2_2de94e8232',1,1,1,2048,20,'2018-03-02 21:23:30',NULL),(2,'192.168.0.200','playerVirtual2_1438244924','playerVirtual2','192.168.0.200','playerVirtual1','playerVirtual1_5bbec616bc',3,1,1,2048,20,'2018-03-02 21:23:32','2018-03-02 22:25:25'),(3,'192.168.0.200','playerVirtual1_640692267','playerVirtual1','192.168.0.200','playerVirtual2','playerVirtual2_2ac8e0293a',1,1,1,512,1,'2018-03-02 21:25:35',NULL),(4,'192.168.0.200','playerVirtual2_2381571381','playerVirtual2','192.168.0.200','playerVirtual1','playerVirtual2_2381571381',0,0,1,2048,20,'2018-03-02 21:25:36','2018-03-02 21:25:36'),(5,'192.168.0.200','playerVirtual1_5297461910','playerVirtual1','192.168.0.200','playerVirtual3','playerVirtual3_3a09402d97',1,1,1,512,1,'2018-03-02 21:27:39',NULL),(6,'192.168.0.200','playerVirtual2_2790332778','playerVirtual2','192.168.0.200','playerVirtual3','playerVirtual3_0055bc0d23',1,1,2,4096,40,'2018-03-02 21:27:44',NULL),(7,'192.168.0.200','playerVirtual3_369721705','playerVirtual3','192.168.0.200','playerVirtual2','playerVirtual2_e2b6d2b9b2',1,1,2,4096,40,'2018-03-02 21:28:38',NULL),(8,'192.168.0.200','playerVirtual1_317469422','playerVirtual1','192.168.0.200','playerVirtual2','playerVirtual2_9c064f9976',1,1,2,4096,40,'2018-03-02 21:29:48',NULL),(9,'192.168.0.200','playerVirtual2_6955737','playerVirtual2','192.168.0.200','playerVirtual1','playerVirtual2_6955737',0,0,1,2048,20,'2018-03-02 21:29:49','2018-03-02 21:29:49'),(10,'192.168.0.200','playerVirtual3_257338104','playerVirtual3','192.168.0.200','playerVirtual2','playerVirtual2_f0d78499d8',1,1,2,4096,40,'2018-03-02 21:30:40',NULL),(11,'192.168.0.200','playerVirtual2_2433236783','playerVirtual2','192.168.0.200','playerVirtual3','playerVirtual2_2433236783',0,0,1,2048,20,'2018-03-02 21:31:58','2018-03-02 21:31:58'),(12,'192.168.0.200','playerVirtual3_3338579772','playerVirtual3','192.168.0.200','playerVirtual4','playerVirtual4_da16f41574',3,1,1,2048,20,'2018-03-02 21:32:53','2018-03-02 22:22:08'),(13,'192.168.0.200','playerVirtual2_2359368952','playerVirtual2','192.168.0.200','playerVirtual0','playerVirtual2_2359368952',0,1,1,512,1,'2018-03-02 21:34:14','2018-03-02 21:34:14'),(14,'192.168.0.200','playerVirtual3_16917741','playerVirtual3','192.168.0.200','playerVirtual4','playerVirtual4_6ce7a6b8d2',1,1,1,512,1,'2018-03-02 21:35:08',NULL),(15,'192.168.0.200','playerVirtual4_2545640208','playerVirtual4','192.168.0.200','playerVirtual0','playerVirtual4_2545640208',0,1,1,2048,20,'2018-03-02 21:36:06','2018-03-02 21:36:06'),(16,'192.168.0.200','playerVirtual0_908315','playerVirtual0','192.168.0.200','playerVirtual4','playerVirtual4_e6d7489f40',1,1,1,2048,20,'2018-03-02 21:36:15',NULL),(17,'192.168.0.200','playerVirtual2_539194189','playerVirtual2','192.168.0.200','playerVirtual0','playerVirtual2_539194189',0,1,1,2048,20,'2018-03-02 21:36:44','2018-03-02 21:36:44'),(18,'192.168.0.200','playerVirtual3_4820204870','playerVirtual3','192.168.0.200','playerVirtual5','playerVirtual5_b953af810c',3,1,2,4096,40,'2018-03-02 21:38:20','2018-03-02 22:06:43'),(19,'192.168.0.200','playerVirtual4_8058564','playerVirtual4','192.168.0.200','playerVirtual0','playerVirtual4_8058564',0,1,1,2048,20,'2018-03-02 21:40:00','2018-03-02 21:40:00'),(20,'192.168.0.200','playerVirtual0_1429160667','playerVirtual0','192.168.0.200','playerVirtual4','playerVirtual4_894ff995e4',1,1,1,2048,20,'2018-03-02 21:40:17',NULL),(21,'192.168.0.200','playerVirtual2_82730999','playerVirtual2','192.168.0.200','playerVirtual5','playerVirtual5_9d60d4fd5f',1,1,1,512,1,'2018-03-02 21:40:37',NULL),(22,'192.168.0.200','playerVirtual5_3338010893','playerVirtual5','192.168.0.200','playerVirtual0','playerVirtual5_3338010893',0,1,1,512,1,'2018-03-02 21:40:47','2018-03-02 21:40:47'),(23,'192.168.0.200','playerVirtual3_351652724','playerVirtual3','192.168.0.200','playerVirtual4','playerVirtual4_14589b2683',1,1,1,2048,20,'2018-03-02 21:41:33',NULL),(24,'192.168.0.200','playerVirtual4_6571218','playerVirtual4','192.168.0.200','playerVirtual6','playerVirtual6_fb2e952e0d',1,1,1,2048,20,'2018-03-02 21:42:31',NULL),(25,'192.168.0.200','playerVirtual5_1339662','playerVirtual5','192.168.0.200','playerVirtual4','playerVirtual4_401a6d06e9',1,1,1,2048,20,'2018-03-02 21:43:01',NULL),(26,'192.168.0.200','playerVirtual2_1436344784','playerVirtual2','192.168.0.200','playerVirtual5','playerVirtual5_8993129d82',3,1,1,2048,20,'2018-03-02 21:43:15','2018-03-02 22:43:02'),(27,'192.168.0.200','playerVirtual3_284794223','playerVirtual3','192.168.0.200','playerVirtual1006','playerVirtual3_284794223',0,1,1,2048,20,'2018-03-02 21:44:53','2018-03-02 21:44:53'),(28,'192.168.0.200','playerVirtual4_359920779','playerVirtual4','192.168.0.200','playerVirtual6','playerVirtual6_815b89e032',3,1,1,512,1,'2018-03-02 21:46:33','2018-03-02 23:06:47'),(29,'192.168.0.200','playerVirtual2_2904109077','playerVirtual2','192.168.0.200','playerVirtual4','playerVirtual4_a9be22426f',1,1,1,512,1,'2018-03-02 21:47:11',NULL),(30,'192.168.0.200','playerVirtual5_904011','playerVirtual5','192.168.0.200','playerVirtual1006','playerVirtual5_904011',0,1,1,2048,20,'2018-03-02 21:47:21','2018-03-02 21:47:21'),(31,'192.168.0.200','playerVirtual6_1093460','playerVirtual6','192.168.0.200','playerVirtual7','playerVirtual7_100c0bfc58',1,1,1,512,1,'2018-03-02 21:48:03',NULL),(32,'192.168.0.200','playerVirtual3_905614','playerVirtual3','192.168.0.200','playerVirtual5','playerVirtual5_e47de2ff9a',1,1,1,2048,20,'2018-03-02 21:48:07',NULL),(33,'192.168.0.200','playerVirtual4_470485660','playerVirtual4','192.168.0.200','playerVirtual6','playerVirtual6_73d0d7cfa3',1,1,2,4096,40,'2018-03-02 21:49:08',NULL),(34,'192.168.0.200','playerVirtual5_5792765','playerVirtual5','192.168.0.200','playerVirtual4','playerVirtual4_ba76ff43d5',1,1,1,512,1,'2018-03-02 21:49:43',NULL),(35,'192.168.0.200','playerVirtual2_30788568','playerVirtual2','192.168.0.200','playerVirtual1006','playerVirtual2_30788568',0,1,1,512,1,'2018-03-02 21:49:55','2018-03-02 21:49:55'),(36,'192.168.0.200','playerVirtual3_400453824','playerVirtual3','192.168.0.200','playerVirtual5','playerVirtual5_db7f6c7abb',1,1,1,512,1,'2018-03-02 21:51:41',NULL),(37,'192.168.0.200','playerVirtual6_38671842','playerVirtual6','192.168.0.200','playerVirtual8','playerVirtual8_9d5e1bb2f2',1,1,1,512,1,'2018-03-02 21:52:49',NULL),(38,'192.168.0.200','playerVirtual4_4819935267','playerVirtual4','192.168.0.200','playerVirtual6','playerVirtual6_a018e57540',1,1,2,4096,40,'2018-03-02 21:53:30',NULL),(39,'192.168.0.200','playerVirtual2_6264344062','playerVirtual2','192.168.0.200','playerVirtual4','playerVirtual4_628d3f4d49',3,1,1,512,1,'2018-03-02 21:54:11','2018-03-02 22:37:06'),(40,'192.168.0.200','playerVirtual5_4820217293','playerVirtual5','192.168.0.200','playerVirtual8','playerVirtual8_838827ca7d',1,1,2,4096,40,'2018-03-02 21:54:21',NULL),(41,'192.168.0.200','playerVirtual3_1095593','playerVirtual3','192.168.0.200','playerVirtual8','playerVirtual8_6ad8b48c1c',3,1,1,512,1,'2018-03-02 21:56:35','2018-03-02 22:30:23'),(42,'192.168.0.200','playerVirtual6_2148750930','playerVirtual6','192.168.0.200','playerVirtual2','playerVirtual2_ff31bcfab0',1,1,1,2048,20,'2018-03-02 21:56:35',NULL),(43,'192.168.0.200','playerVirtual4_563574327','playerVirtual4','192.168.0.200','playerVirtual9','playerVirtual9_a46ded32d0',1,1,1,2048,20,'2018-03-02 21:57:45',NULL),(44,'192.168.0.200','playerVirtual8_227443932','playerVirtual8','192.168.0.200','playerVirtual1097','playerVirtual8_227443932',0,1,1,2048,20,'2018-03-02 21:57:57','2018-03-02 21:57:57'),(45,'192.168.0.200','playerVirtual5_16915963','playerVirtual5','192.168.0.200','playerVirtual6','playerVirtual6_572f236aa7',1,1,1,2048,20,'2018-03-02 21:58:25',NULL),(46,'192.168.0.200','playerVirtual3_272887063','playerVirtual3','192.168.0.200','playerVirtual8','playerVirtual8_9202fc074a',3,1,1,2048,20,'2018-03-02 22:00:29','2018-03-02 22:10:29'),(47,'192.168.0.200','playerVirtual8_4820204870','playerVirtual8','192.168.0.200','playerVirtual2','playerVirtual2_891074ad15',1,1,2,4096,40,'2018-03-02 22:01:39',NULL),(48,'192.168.0.200','playerVirtual6_6274355716','playerVirtual6','192.168.0.200','playerVirtual9','playerVirtual9_fd9d1fc0fd',3,1,1,512,1,'2018-03-02 22:01:40','2018-03-02 22:29:03'),(49,'192.168.0.200','playerVirtual2_38676294','playerVirtual2','192.168.0.200','playerVirtual1097','playerVirtual2_38676294',0,1,1,512,1,'2018-03-02 22:02:03','2018-03-02 22:02:03'),(50,'192.168.0.200','playerVirtual9_5623125514','playerVirtual9','192.168.0.200','playerVirtual10','playerVirtual10_42602ebe9e',1,1,1,2048,20,'2018-03-02 22:03:16',NULL),(51,'192.168.0.200','playerVirtual4_182859403','playerVirtual4','192.168.0.200','playerVirtual6','playerVirtual6_aa960e2d55',3,1,1,512,1,'2018-03-02 22:03:25','2018-03-02 22:07:53'),(52,'192.168.0.200','playerVirtual5_990694203','playerVirtual5','192.168.0.200','playerVirtual8','playerVirtual8_27481dd55d',3,1,1,2048,20,'2018-03-02 22:04:47','2018-03-02 22:38:26'),(53,'192.168.0.200','playerVirtual6_4476462938','playerVirtual6','192.168.0.200','playerVirtual11','playerVirtual11_04051c5524',1,1,1,2048,20,'2018-03-02 22:07:30',NULL),(54,'192.168.0.200','playerVirtual9_6282149131','playerVirtual9','192.168.0.200','playerVirtual10','playerVirtual10_d89d2e1dec',1,1,1,512,1,'2018-03-02 22:07:34',NULL),(55,'192.168.0.200','playerVirtual2_272887063','playerVirtual2','192.168.0.200','playerVirtual5','playerVirtual5_6cbd67371a',3,1,1,2048,20,'2018-03-02 22:08:08','2018-03-02 23:46:41'),(56,'192.168.0.200','playerVirtual8_6280643141','playerVirtual8','192.168.0.200','playerVirtual6','playerVirtual6_c37e095318',1,1,1,512,1,'2018-03-02 22:08:41',NULL),(57,'192.168.0.200','playerVirtual10_6280638724','playerVirtual10','192.168.0.200','playerVirtual1329','playerVirtual10_6280638724',0,1,1,512,1,'2018-03-02 22:10:12','2018-03-02 22:10:12'),(58,'192.168.0.200','playerVirtual6_214880781','playerVirtual6','192.168.0.200','playerVirtual12','playerVirtual12_d30e5bfd05',1,1,1,2048,20,'2018-03-02 22:13:06',NULL),(59,'192.168.0.200','playerVirtual8_6285257156','playerVirtual8','192.168.0.200','playerVirtual11','playerVirtual11_470fcb527a',1,1,1,512,1,'2018-03-02 22:13:31',NULL),(60,'192.168.0.200','playerVirtual2_182859403','playerVirtual2','192.168.0.200','playerVirtual8','playerVirtual8_f7ccd310ea',3,1,1,512,1,'2018-03-02 22:13:47','2018-03-02 22:52:15'),(61,'192.168.0.200','playerVirtual4_682797','playerVirtual4','192.168.0.200','playerVirtual10','playerVirtual10_1b2669fec4',1,1,1,2048,20,'2018-03-02 22:13:48',NULL),(62,'192.168.0.200','playerVirtual10_1438244924','playerVirtual10','192.168.0.200','playerVirtual1329','playerVirtual10_1438244924',0,1,1,2048,20,'2018-03-02 22:14:07','2018-03-02 22:14:07'),(63,'192.168.0.200','playerVirtual9_1094955','playerVirtual9','192.168.0.200','playerVirtual12','playerVirtual12_25cba69dda',1,1,1,512,1,'2018-03-02 22:14:43',NULL),(64,'192.168.0.200','playerVirtual5_16914091','playerVirtual5','192.168.0.200','playerVirtual6','playerVirtual6_a07eae33dd',1,1,1,2048,20,'2018-03-02 22:15:18',NULL),(65,'192.168.0.200','playerVirtual11_1436323714','playerVirtual11','192.168.0.200','playerVirtual10','playerVirtual10_bf050fa1d2',1,1,1,2048,20,'2018-03-02 22:15:42',NULL),(66,'192.168.0.200','playerVirtual3_6955737','playerVirtual3','192.168.0.200','playerVirtual11','playerVirtual11_1032095ba2',1,1,1,2048,20,'2018-03-02 22:17:14',NULL),(67,'192.168.0.200','playerVirtual11_1436344784','playerVirtual11','192.168.0.200','playerVirtual13','playerVirtual13_bd87c52e2a',3,1,1,2048,20,'2018-03-02 22:20:14','2018-03-02 23:32:56'),(68,'192.168.0.200','playerVirtual4_6289355687','playerVirtual4','192.168.0.200','playerVirtual8','playerVirtual8_896c3b7fcb',1,1,1,512,1,'2018-03-02 22:20:16',NULL),(69,'192.168.0.200','playerVirtual6_2381571381','playerVirtual6','192.168.0.200','playerVirtual12','playerVirtual12_36ee224218',1,1,1,2048,20,'2018-03-02 22:20:18',NULL),(70,'192.168.0.200','playerVirtual9_1438244924','playerVirtual9','192.168.0.200','playerVirtual1744','playerVirtual9_1438244924',0,1,1,2048,20,'2018-03-02 22:21:02','2018-03-02 22:21:02'),(71,'192.168.0.200','playerVirtual5_6289704471','playerVirtual5','192.168.0.200','playerVirtual10','playerVirtual10_16a2e7de2d',3,1,1,512,1,'2018-03-02 22:21:24','2018-03-02 22:50:39'),(72,'192.168.0.200','playerVirtual8_2378747961','playerVirtual8','192.168.0.200','playerVirtual13','playerVirtual13_425d34f5b4',3,1,1,512,1,'2018-03-02 22:21:32','2018-03-02 22:27:51'),(73,'192.168.0.200','playerVirtual12_3338579772','playerVirtual12','192.168.0.200','playerVirtual1744','playerVirtual12_3338579772',0,1,1,2048,20,'2018-03-02 22:22:05','2018-03-02 22:22:05'),(74,'192.168.0.200','playerVirtual13_794070039','playerVirtual13','192.168.0.200','playerVirtual14','playerVirtual14_5b82f63181',1,1,1,512,1,'2018-03-02 22:28:28',NULL),(75,'192.168.0.200','playerVirtual4_6296865278','playerVirtual4','192.168.0.200','playerVirtual15','playerVirtual15_945e478551',1,1,1,512,1,'2018-03-02 22:29:53',NULL),(76,'192.168.0.200','playerVirtual12_5297461910','playerVirtual12','192.168.0.200','playerVirtual9','playerVirtual9_7764396ac4',1,1,1,512,1,'2018-03-02 22:30:32',NULL),(77,'192.168.0.200','playerVirtual11_6296268057','playerVirtual11','192.168.0.200','playerVirtual10','playerVirtual10_745bd77e4b',1,1,1,512,1,'2018-03-02 22:31:36',NULL),(78,'192.168.0.200','playerVirtual9_6264344062','playerVirtual9','192.168.0.200','playerVirtual13','playerVirtual13_293525fab6',1,1,1,2048,20,'2018-03-02 22:32:31',NULL),(79,'192.168.0.200','playerVirtual10_6289704471','playerVirtual10','192.168.0.200','playerVirtual16','playerVirtual16_9bbc856ae9',3,1,1,2048,20,'2018-03-02 22:33:15','2018-03-02 22:43:51'),(80,'192.168.0.200','playerVirtual5_990694203','playerVirtual5','192.168.0.200','playerVirtual4','playerVirtual4_4fc82a2e4a',3,1,1,2048,20,'2018-03-02 22:33:17','2018-03-02 22:38:26'),(81,'192.168.0.200','playerVirtual13_908315','playerVirtual13','192.168.0.200','playerVirtual1962','playerVirtual13_908315',0,1,1,2048,20,'2018-03-02 22:37:28','2018-03-02 22:37:28'),(82,'192.168.0.200','playerVirtual6_182859403','playerVirtual6','192.168.0.200','playerVirtual17','playerVirtual17_1dbd141d3c',1,1,1,512,1,'2018-03-02 22:40:10',NULL),(83,'192.168.0.200','playerVirtual3_539194189','playerVirtual3','192.168.0.200','playerVirtual14','playerVirtual14_9b8464e6bc',1,1,1,2048,20,'2018-03-02 22:41:09',NULL),(84,'192.168.0.200','playerVirtual8_6274355716','playerVirtual8','192.168.0.200','playerVirtual15','playerVirtual15_9693e85288',1,1,1,512,1,'2018-03-02 22:41:18',NULL),(85,'192.168.0.200','playerVirtual4_4246147567','playerVirtual4','192.168.0.200','playerVirtual18','playerVirtual18_82b3edbac0',3,1,2,4096,40,'2018-03-02 22:42:47','2018-03-02 23:32:58'),(86,'192.168.0.200','playerVirtual11_4246147567','playerVirtual11','192.168.0.200','playerVirtual10','playerVirtual10_00b86f9caa',3,1,2,4096,40,'2018-03-02 22:43:23','2018-03-02 23:18:40'),(87,'192.168.0.200','playerVirtual9_4246147567','playerVirtual9','192.168.0.200','playerVirtual13','playerVirtual13_ab19632994',3,1,2,4096,40,'2018-03-02 22:44:22','2018-03-02 23:19:53'),(88,'192.168.0.200','playerVirtual15_1095593','playerVirtual15','192.168.0.200','playerVirtual16','playerVirtual16_5df4e65ed9',3,1,1,512,1,'2018-03-02 22:44:39','2018-03-02 22:46:57'),(89,'192.168.0.200','playerVirtual12_6289704471','playerVirtual12','192.168.0.200','playerVirtual1962','playerVirtual12_6289704471',0,1,1,2048,20,'2018-03-02 22:44:55','2018-03-02 22:44:55'),(90,'192.168.0.200','playerVirtual14_2378747961','playerVirtual14','192.168.0.200','playerVirtual15','playerVirtual15_80cf837f57',1,1,1,512,1,'2018-03-02 22:45:24',NULL),(91,'192.168.0.200','playerVirtual8_4246147567','playerVirtual8','192.168.0.200','playerVirtual19','playerVirtual19_e71457363e',3,1,2,4096,40,'2018-03-02 22:50:52','2018-03-02 23:46:22'),(92,'192.168.0.200','playerVirtual6_6316827871','playerVirtual6','192.168.0.200','playerVirtual5','playerVirtual5_d4c18076ca',1,1,1,512,1,'2018-03-02 22:51:54',NULL),(93,'192.168.0.200','playerVirtual13_4246147567','playerVirtual13','192.168.0.200','playerVirtual14','playerVirtual14_a67bdab0ed',3,1,2,4096,40,'2018-03-02 22:52:16','2018-03-02 23:26:08'),(94,'192.168.0.200','playerVirtual16_4246147567','playerVirtual16','192.168.0.200','playerVirtual18','playerVirtual18_716d46058b',3,1,2,4096,40,'2018-03-02 22:52:27','2018-03-02 22:54:29'),(95,'192.168.0.200','playerVirtual3_5068098508','playerVirtual3','192.168.0.200','playerVirtual13','playerVirtual13_842c17f412',3,1,1,2048,20,'2018-03-02 22:53:22','2018-03-02 23:32:25'),(96,'192.168.0.200','playerVirtual12_4246147567','playerVirtual12','192.168.0.200','playerVirtual16','playerVirtual16_877981fafe',3,1,2,4096,40,'2018-03-02 22:55:10','2018-03-02 23:09:34'),(97,'192.168.0.200','playerVirtual10_4246147567','playerVirtual10','192.168.0.200','playerVirtual1007','playerVirtual10_4246147567',0,1,2,4096,40,'2018-03-02 22:56:37','2018-03-02 22:56:37'),(98,'192.168.0.200','playerVirtual14_4246147567','playerVirtual14','192.168.0.200','playerVirtual15','playerVirtual15_4f903d4298',3,1,2,4096,40,'2018-03-02 23:02:46','2018-03-02 23:37:09'),(99,'192.168.0.200','playerVirtual18_990694203','playerVirtual18','192.168.0.200','playerVirtual19','playerVirtual19_d363160f69',3,1,1,2048,20,'2018-03-02 23:03:51','2018-03-02 23:05:58'),(100,'192.168.0.200','playerVirtual6_6322213339','playerVirtual6','192.168.0.200','playerVirtual8','playerVirtual8_90145c1e0e',1,1,1,512,1,'2018-03-02 23:05:39',NULL),(101,'192.168.0.200','playerVirtual3_4246147567','playerVirtual3','192.168.0.200','playerVirtual14','playerVirtual14_671eaeebd5',3,1,2,4096,40,'2018-03-02 23:06:43','2018-03-02 23:18:57'),(102,'192.168.0.200','playerVirtual11_4246147567','playerVirtual11','192.168.0.200','playerVirtual18','playerVirtual18_3711eca2ea',3,1,2,4096,40,'2018-03-02 23:08:11','2018-03-02 23:18:40'),(103,'192.168.0.200','playerVirtual15_4246147567','playerVirtual15','192.168.0.200','playerVirtual6','playerVirtual6_70347072fd',3,1,2,4096,40,'2018-03-02 23:08:46','2018-03-02 23:38:07'),(104,'192.168.0.200','playerVirtual9_4246147567','playerVirtual9','192.168.0.200','playerVirtual13','playerVirtual13_3d2d142310',3,1,2,4096,40,'2018-03-02 23:09:23','2018-03-02 23:19:53'),(105,'192.168.0.200','playerVirtual19_4246147567','playerVirtual19','192.168.0.200','playerVirtual16','playerVirtual16_b89a3ae2aa',3,1,2,4096,40,'2018-03-02 23:09:49','2018-03-02 23:11:51'),(106,'192.168.0.200','playerVirtual5_4246147567','playerVirtual5','192.168.0.200','playerVirtual4','playerVirtual4_6031786ae5',3,1,2,4096,40,'2018-03-02 23:14:53','2018-03-02 23:49:44'),(107,'192.168.0.200','playerVirtual16_359920779','playerVirtual16','192.168.0.200','playerVirtual10','playerVirtual10_6a8842f220',1,1,1,512,1,'2018-03-02 23:17:11',NULL),(108,'192.168.0.200','playerVirtual2_4246147567','playerVirtual2','192.168.0.200','playerVirtual15','playerVirtual15_e8dfc64169',3,1,2,4096,40,'2018-03-02 23:17:21','2018-03-02 23:27:49'),(109,'192.168.0.200','playerVirtual8_6335261139','playerVirtual8','192.168.0.200','playerVirtual19','playerVirtual19_56cebcd57a',1,1,1,512,1,'2018-03-02 23:17:36',NULL),(110,'192.168.0.200','playerVirtual13_4246147567','playerVirtual13','192.168.0.200','playerVirtual8','playerVirtual8_0af363b30b',3,1,2,4096,40,'2018-03-02 23:18:08','2018-03-02 23:26:08'),(111,'192.168.0.200','playerVirtual4_4246147567','playerVirtual4','192.168.0.200','playerVirtual14','playerVirtual14_c76e80505c',3,1,2,4096,40,'2018-03-02 23:18:41','2018-03-02 23:32:58'),(112,'192.168.0.200','playerVirtual6_4246147567','playerVirtual6','192.168.0.200','playerVirtual2','playerVirtual2_a2ec1b3058',3,1,2,4096,40,'2018-03-02 23:19:52','2018-03-02 23:33:37'),(113,'192.168.0.200','playerVirtual12_4246147567','playerVirtual12','192.168.0.200','playerVirtual1836','playerVirtual12_4246147567',0,1,2,4096,40,'2018-03-02 23:22:52','2018-03-02 23:22:52'),(114,'192.168.0.200','playerVirtual16_6344084916','playerVirtual16','192.168.0.200','playerVirtual18','playerVirtual18_e970573e7b',1,1,1,512,1,'2018-03-02 23:23:05',NULL),(115,'192.168.0.200','playerVirtual10_4246147567','playerVirtual10','192.168.0.200','playerVirtual13','playerVirtual13_c5b3bc21b0',1,1,2,4096,40,'2018-03-02 23:24:02',NULL),(116,'192.168.0.200','playerVirtual14_4246147567','playerVirtual14','192.168.0.200','playerVirtual16','playerVirtual16_5bbac48ac5',3,1,2,4096,40,'2018-03-02 23:30:33','2018-03-02 23:37:09'),(117,'192.168.0.200','playerVirtual18_4246147567','playerVirtual18','192.168.0.200','playerVirtual4','playerVirtual4_ab253d3858',3,1,2,4096,40,'2018-03-02 23:30:35','2018-03-02 23:32:37'),(118,'192.168.0.200','playerVirtual8_4246147567','playerVirtual8','192.168.0.200','playerVirtual6','playerVirtual6_3ea609f91a',3,1,2,4096,40,'2018-03-02 23:34:07','2018-03-02 23:46:22'),(119,'192.168.0.200','playerVirtual15_4246147567','playerVirtual15','192.168.0.200','playerVirtual10','playerVirtual10_0300a433e5',3,1,2,4096,40,'2018-03-02 23:36:52','2018-03-02 23:38:07'),(120,'192.168.0.200','playerVirtual9_990694203','playerVirtual9','192.168.0.200','playerVirtual19','playerVirtual19_6b25d786c7',3,1,1,2048,20,'2018-03-02 23:37:10','2018-03-02 23:48:41'),(121,'192.168.0.200','playerVirtual19_4246147567','playerVirtual19','192.168.0.200','playerVirtual3','playerVirtual19_4246147567',0,0,2,4096,40,'2018-03-02 23:38:09','2018-03-02 23:38:09'),(122,'192.168.0.200','playerVirtual5_4246147567','playerVirtual5','192.168.0.200','playerVirtual15','playerVirtual15_d969e7ed18',3,1,2,4096,40,'2018-03-02 23:44:01','2018-03-02 23:49:44'),(123,'192.168.0.200','playerVirtual13_4246147567','playerVirtual13','192.168.0.200','playerVirtual5','playerVirtual5_70cfb68082',1,1,2,4096,40,'2018-03-02 23:47:01',NULL),(124,'192.168.0.200','playerVirtual16_272887063','playerVirtual16','192.168.0.200','playerVirtual14','playerVirtual14_03f5672753',1,1,1,2048,20,'2018-03-02 23:47:32',NULL),(125,'192.168.0.200','playerVirtual3_4246147567','playerVirtual3','192.168.0.200','playerVirtual19','playerVirtual19_07d261b2a6',1,1,2,4096,40,'2018-03-02 23:48:02',NULL),(126,'192.168.0.200','playerVirtual11_4246147567','playerVirtual11','192.168.0.200','playerVirtual19','playerVirtual19_7c2eace1be',1,1,2,4096,40,'2018-03-02 23:48:15',NULL),(127,'192.168.0.200','playerVirtual4_6566788','playerVirtual4','192.168.0.200','playerVirtual8','playerVirtual8_fec41dac4b',1,1,1,2048,20,'2018-03-02 23:48:20',NULL),(128,'192.168.0.200','playerVirtual6_4246147567','playerVirtual6','192.168.0.200','playerVirtual2','playerVirtual2_cb73ca1e67',1,1,2,4096,40,'2018-03-02 23:50:41',NULL);
/*!40000 ALTER TABLE `VM` ENABLE KEYS */;
UNLOCK TABLES;
/*!40103 SET TIME_ZONE=@OLD_TIME_ZONE */;

/*!40101 SET SQL_MODE=@OLD_SQL_MODE */;
/*!40014 SET FOREIGN_KEY_CHECKS=@OLD_FOREIGN_KEY_CHECKS */;
/*!40014 SET UNIQUE_CHECKS=@OLD_UNIQUE_CHECKS */;
/*!40101 SET CHARACTER_SET_CLIENT=@OLD_CHARACTER_SET_CLIENT */;
/*!40101 SET CHARACTER_SET_RESULTS=@OLD_CHARACTER_SET_RESULTS */;
/*!40101 SET COLLATION_CONNECTION=@OLD_COLLATION_CONNECTION */;
/*!40111 SET SQL_NOTES=@OLD_SQL_NOTES */;

-- Dump completed on 2018-03-02 20:51:22
