-- MySQL dump 10.14  Distrib 5.5.58-MariaDB, for debian-linux-gnu (x86_64)
--
-- Host: localhost    Database: mct
-- ------------------------------------------------------
-- Server version	5.5.58-MariaDB-1ubuntu0.14.04.1

/*!40101 SET @OLD_CHARACTER_SET_CLIENT=@@CHARACTER_SET_CLIENT */;
/*!40101 SET @OLD_CHARACTER_SET_RESULTS=@@CHARACTER_SET_RESULTS */;
/*!40101 SET @OLD_COLLATION_CONNECTION=@@COLLATION_CONNECTION */;
/*!40101 SET NAMES utf8 */;
/*!40103 SET @OLD_TIME_ZONE=@@TIME_ZONE */;
/*!40103 SET TIME_ZONE='+00:00' */;
/*!40014 SET @OLD_UNIQUE_CHECKS=@@UNIQUE_CHECKS, UNIQUE_CHECKS=0 */;
/*!40014 SET @OLD_FOREIGN_KEY_CHECKS=@@FOREIGN_KEY_CHECKS, FOREIGN_KEY_CHECKS=0 */;
/*!40101 SET @OLD_SQL_MODE=@@SQL_MODE, SQL_MODE='NO_AUTO_VALUE_ON_ZERO' */;
/*!40111 SET @OLD_SQL_NOTES=@@SQL_NOTES, SQL_NOTES=0 */;

--
-- Table structure for table `FIELDS`
--

DROP TABLE IF EXISTS `FIELDS`;
/*!40101 SET @saved_cs_client     = @@character_set_client */;
/*!40101 SET character_set_client = utf8 */;
CREATE TABLE `FIELDS` (
  `operation` int(11) NOT NULL,
  `fields` varchar(45) NOT NULL,
  PRIMARY KEY (`operation`)
) ENGINE=InnoDB DEFAULT CHARSET=utf8;
/*!40101 SET character_set_client = @saved_cs_client */;

--
-- Dumping data for table `FIELDS`
--

LOCK TABLES `FIELDS` WRITE;
/*!40000 ALTER TABLE `FIELDS` DISABLE KEYS */;
INSERT INTO `FIELDS` VALUES (0,'name mem image vcpus disk uuid');
/*!40000 ALTER TABLE `FIELDS` ENABLE KEYS */;
UNLOCK TABLES;

--
-- Table structure for table `PLAYER`
--

DROP TABLE IF EXISTS `PLAYER`;
/*!40101 SET @saved_cs_client     = @@character_set_client */;
/*!40101 SET character_set_client = utf8 */;
CREATE TABLE `PLAYER` (
  `id` int(11) NOT NULL AUTO_INCREMENT,
  `name` varchar(45) NOT NULL,
  `address` varchar(45) NOT NULL,
  `division` int(11) DEFAULT NULL,
  `score` float DEFAULT '0',
  `history` int(11) DEFAULT '0',
  `fairness` float DEFAULT '0',
  `accepts` int(11) DEFAULT '0',
  `rejects` int(11) DEFAULT '0',
  `running` int(11) DEFAULT '0',
  `finished` int(11) DEFAULT '0',
  `problem_del` int(11) DEFAULT '0',
  `vcpus` int(11) DEFAULT '0',
  `memory` bigint(20) DEFAULT '0',
  `local_gb` bigint(20) DEFAULT '0',
  `vcpus_used` bigint(20) DEFAULT '0',
  `memory_used` bigint(20) DEFAULT '0',
  `local_gb_used` bigint(20) DEFAULT '0',
  `max_instance` int(11) DEFAULT '0',
  `token` varchar(45) DEFAULT NULL,
  `suspend` timestamp NULL DEFAULT NULL,
  `enabled` int(11) DEFAULT '0',
  `last_choice` timestamp NOT NULL DEFAULT '2018-01-01 02:00:00',
  `playoff` tinyint(1) DEFAULT '0',
  PRIMARY KEY (`id`)
) ENGINE=InnoDB AUTO_INCREMENT=20 DEFAULT CHARSET=utf8;
/*!40101 SET character_set_client = @saved_cs_client */;

--
-- Dumping data for table `PLAYER`
--

LOCK TABLES `PLAYER` WRITE;
/*!40000 ALTER TABLE `PLAYER` DISABLE KEYS */;
INSERT INTO `PLAYER` VALUES (1,'playerVirtual1','192.168.0.200',4,-2,0,1,1,2,0,1,0,1023,1047552,10230,0,0,0,1,'3da52293cc8c8c87fc44d70f5fb331269d90acb6',NULL,0,'2018-02-24 09:22:55',1),(2,'playerVirtual2','192.168.0.200',1,13.94,30,0.842105,10,0,7,3,0,1023,1047552,10230,11,19456,182,9,'2dced1c74d900bc9ccb5303b4e5ffe5d19b6012e',NULL,1,'2018-02-24 11:37:46',0),(3,'playerVirtual3','192.168.0.200',3,-0.68,20,0.882353,2,4,2,0,0,1023,1047552,10230,3,4608,41,2,'d3febd4acc87fe089847f297d21f5c40e6ae241a',NULL,1,'2018-02-24 11:19:27',1),(4,'playerVirtual4','192.168.0.200',1,15.28,28,0.846154,16,0,9,7,0,1023,1047552,10230,10,15872,143,9,'e1be566ee0586be019524933b4cc47b915502eb4',NULL,1,'2018-02-24 11:40:48',0),(5,'playerVirtual5','192.168.0.200',3,1.66,27,0.857143,7,1,5,2,0,1023,1047552,10230,5,7168,62,5,'8ebb45e216ea03b263d83dbba3fcb04ef9e7e1fc',NULL,1,'2018-02-24 10:51:02',0),(6,'playerVirtual6','192.168.0.200',2,6.64,26,0.909091,7,0,7,0,0,1023,1047552,10230,9,15360,142,7,'2d7586a0a85c3db19be3bc67e51a9a196b86eba6',NULL,1,'2018-02-24 09:47:56',0),(7,'playerVirtual7','192.168.0.200',4,-1,0,0,1,1,0,1,0,1023,1047552,10230,0,0,0,1,'7fc786cebd735a887cd65d11b01b18fc98e7a5a8',NULL,0,'2018-02-24 09:49:31',1),(8,'playerVirtual8','192.168.0.200',1,11.29,24,0.9,11,0,9,2,0,1023,1047552,10230,11,16384,144,9,'c5b7f8c5edcd82be33b0b2e8c771e4d4f71371a8',NULL,1,'2018-02-24 11:03:36',0),(9,'playerVirtual9','192.168.0.200',2,4.65,23,1,5,0,2,3,0,1023,1047552,10230,2,2560,21,2,'d4f1bd91bcca806c1deda84d2b754e2bcf795639',NULL,1,'2018-02-24 11:05:41',0),(10,'playerVirtual10','192.168.0.200',1,9.3,22,0.857143,14,0,7,7,0,1023,1047552,10230,7,9728,83,8,'1d6b7c279427cfa1808b68ba8183870fb27bf98f',NULL,1,'2018-02-24 11:20:51',0),(11,'playerVirtual11','192.168.0.200',3,2.99,21,0.833333,5,1,3,2,0,1023,1047552,10230,3,3072,22,3,'18b090691d9de42359145835e23e937325407732',NULL,1,'2018-02-24 11:21:03',0),(12,'playerVirtual12','192.168.0.200',3,0.33,20,0.833333,3,1,3,0,0,1023,1047552,10230,3,4608,41,3,'8d1f393fb4aebb9560b509e4e056197eb7024b89',NULL,1,'2018-02-24 11:28:38',0),(13,'playerVirtual13','192.168.0.200',2,8.63,19,0,10,0,4,6,0,1023,1047552,10230,4,5120,42,5,'c4080d93917945c306f5ced968666cba7a68daa4',NULL,1,'2018-02-24 11:44:18',0),(14,'playerVirtual14','192.168.0.200',1,9.29,18,0.75,8,0,3,5,0,1023,1047552,10230,3,6144,60,5,'8fbc41049c808757e8a45e1a281c10fee509b0b6',NULL,1,'2018-02-24 11:33:24',0),(15,'playerVirtual15','192.168.0.200',2,7.97,17,0.5,5,0,2,3,0,1023,1047552,10230,2,1024,2,5,'d2aacf7ce90c12e07abd61121f7fb757293d570b',NULL,1,'2018-02-24 11:28:18',0),(16,'playerVirtual16','192.168.0.200',2,6.64,16,0.5,5,0,3,2,0,1023,1047552,10230,3,3072,22,3,'c7cf3d4cf61a114348f8ad9b6f8ec5085e617bef',NULL,1,'2018-02-24 11:35:38',0),(17,'playerVirtual17','192.168.0.200',3,0.33,15,0,1,1,1,0,0,1023,1047552,10230,1,512,1,1,'5e6e604cf317742744c3a850e209ecb13036f89b',NULL,1,'2018-02-24 11:41:14',0),(18,'playerVirtual18','192.168.0.200',2,6.64,14,0.5,5,0,2,3,0,1023,1047552,10230,2,1024,2,3,'d08ea6db7cc173f4a43955ef5d12df67d1c241ad',NULL,1,'2018-02-24 11:29:49',0),(19,'playerVirtual19','192.168.0.200',1,9.29,13,0.666667,5,0,2,3,0,1023,1047552,10230,3,4608,41,7,'f6c1a976b2fe8be6df8d0c0002aca18475bccd7a',NULL,1,'2018-02-24 11:40:15',0);
/*!40000 ALTER TABLE `PLAYER` ENABLE KEYS */;
UNLOCK TABLES;

--
-- Table structure for table `REQUEST`
--

DROP TABLE IF EXISTS `REQUEST`;
/*!40101 SET @saved_cs_client     = @@character_set_client */;
/*!40101 SET character_set_client = utf8 */;
CREATE TABLE `REQUEST` (
  `id` int(11) NOT NULL AUTO_INCREMENT,
  `player_id` varchar(45) NOT NULL,
  `request_id` varchar(45) NOT NULL,
  `action` int(11) NOT NULL,
  `timestamp_received` timestamp NULL DEFAULT NULL,
  `timestamp_finished` timestamp NULL DEFAULT NULL,
  `status` int(11) NOT NULL,
  PRIMARY KEY (`id`)
) ENGINE=InnoDB AUTO_INCREMENT=601 DEFAULT CHARSET=utf8;
/*!40101 SET character_set_client = @saved_cs_client */;

--
-- Dumping data for table `REQUEST`
--

LOCK TABLES `REQUEST` WRITE;
/*!40000 ALTER TABLE `REQUEST` DISABLE KEYS */;
INSERT INTO `REQUEST` VALUES (1,'playerVirtual1','playerVirtual1_ec5ac7b535',4,'2018-02-24 09:15:34',NULL,0),(2,'playerVirtual2','playerVirtual2_8effa54fe7',4,'2018-02-24 09:15:34',NULL,0),(3,'playerVirtual1','playerVirtual1_450512000',0,'2018-02-24 09:16:35',NULL,0),(4,'playerVirtual1','playerVirtual1_450512000',0,'2018-02-24 09:16:36',NULL,0),(5,'playerVirtual2','playerVirtual2_1438244924',0,'2018-02-24 09:16:38',NULL,0),(6,'playerVirtual2','playerVirtual2_1438244924',0,'2018-02-24 09:16:38',NULL,0),(7,'playerVirtual1','playerVirtual1_b35203f158',3,'2018-02-24 09:17:36',NULL,0),(8,'playerVirtual2','playerVirtual2_493c8defb8',3,'2018-02-24 09:17:38',NULL,0),(9,'playerVirtual1','playerVirtual1_640692267',0,'2018-02-24 09:18:41',NULL,0),(10,'playerVirtual1','playerVirtual1_640692267',0,'2018-02-24 09:18:41',NULL,0),(11,'playerVirtual2','playerVirtual2_2381571381',0,'2018-02-24 09:18:42',NULL,0),(12,'playerVirtual2','playerVirtual2_2381571381',0,'2018-02-24 09:18:42',NULL,0),(13,'playerVirtual1','playerVirtual1_4a06f6c8fc',4,'2018-02-24 09:19:41',NULL,0),(14,'playerVirtual2','playerVirtual2_83cb0fcb79',4,'2018-02-24 09:19:42',NULL,0),(15,'playerVirtual3','playerVirtual3_e64f9d6cba',4,'2018-02-24 09:20:38',NULL,0),(16,'playerVirtual1','playerVirtual1_5297461910',0,'2018-02-24 09:20:44',NULL,0),(17,'playerVirtual1','playerVirtual1_5297461910',0,'2018-02-24 09:20:45',NULL,0),(18,'playerVirtual2','playerVirtual2_2790332778',0,'2018-02-24 09:20:49',NULL,0),(19,'playerVirtual2','playerVirtual2_2790332778',0,'2018-02-24 09:20:50',NULL,0),(20,'playerVirtual1','playerVirtual1_cbee019fcb',3,'2018-02-24 09:21:44',NULL,0),(21,'playerVirtual2','playerVirtual2_a7c86810d4',3,'2018-02-24 09:21:50',NULL,0),(22,'playerVirtual3','playerVirtual3_369721705',0,'2018-02-24 09:21:50',NULL,0),(23,'playerVirtual3','playerVirtual3_369721705',0,'2018-02-24 09:21:51',NULL,0),(24,'playerVirtual3','playerVirtual3_db5ae1a14c',3,'2018-02-24 09:22:50',NULL,0),(25,'playerVirtual1','playerVirtual1_317469422',0,'2018-02-24 09:22:54',NULL,0),(26,'playerVirtual1','playerVirtual1_317469422',0,'2018-02-24 09:22:54',NULL,0),(27,'playerVirtual2','playerVirtual2_6955737',0,'2018-02-24 09:22:55',NULL,0),(28,'playerVirtual2','playerVirtual2_6955737',0,'2018-02-24 09:22:55',NULL,0),(29,'playerVirtual3','playerVirtual3_257338104',0,'2018-02-24 09:23:52',NULL,0),(30,'playerVirtual3','playerVirtual3_257338104',0,'2018-02-24 09:23:52',NULL,0),(31,'playerVirtual1','playerVirtual1_e611eb02f4',4,'2018-02-24 09:23:54',NULL,0),(32,'playerVirtual2','playerVirtual2_429e04dfca',4,'2018-02-24 09:23:55',NULL,0),(33,'playerVirtual3','playerVirtual3_919bbbc30e',4,'2018-02-24 09:24:52',NULL,0),(34,'playerVirtual2','playerVirtual2_2433236783',0,'2018-02-24 09:25:03',NULL,0),(35,'playerVirtual2','playerVirtual2_2433236783',0,'2018-02-24 09:25:03',NULL,0),(36,'playerVirtual4','playerVirtual4_a2d8694bd1',4,'2018-02-24 09:25:33',NULL,0),(37,'playerVirtual2','playerVirtual2_140a629d26',3,'2018-02-24 09:26:03',NULL,0),(38,'playerVirtual3','playerVirtual3_3338579772',0,'2018-02-24 09:26:05',NULL,0),(39,'playerVirtual3','playerVirtual3_3338579772',0,'2018-02-24 09:26:06',NULL,0),(40,'playerVirtual4','playerVirtual4_257407216',0,'2018-02-24 09:26:47',NULL,0),(41,'playerVirtual3','playerVirtual3_a09756e3e6',3,'2018-02-24 09:27:05',NULL,0),(42,'playerVirtual2','playerVirtual2_182859403',0,'2018-02-24 09:27:17',NULL,0),(43,'playerVirtual2','playerVirtual2_182859403',0,'2018-02-24 09:27:17',NULL,0),(44,'playerVirtual4','playerVirtual4_1dcab0e142',3,'2018-02-24 09:27:47',NULL,0),(45,'playerVirtual2','playerVirtual2_fafc7a30d2',4,'2018-02-24 09:28:17',NULL,0),(46,'playerVirtual3','playerVirtual3_2359368952',0,'2018-02-24 09:28:17',NULL,0),(47,'playerVirtual3','playerVirtual3_2359368952',0,'2018-02-24 09:28:17',NULL,0),(48,'playerVirtual4','playerVirtual4_16917741',0,'2018-02-24 09:29:01',NULL,0),(49,'playerVirtual4','playerVirtual4_16917741',0,'2018-02-24 09:29:01',NULL,0),(50,'playerVirtual3','playerVirtual3_31dac3d8bb',4,'2018-02-24 09:29:17',NULL,0),(51,'playerVirtual2','playerVirtual2_2545640208',0,'2018-02-24 09:29:40',NULL,0),(52,'playerVirtual2','playerVirtual2_2545640208',0,'2018-02-24 09:29:40',NULL,0),(53,'playerVirtual4','playerVirtual4_34ce5348f5',4,'2018-02-24 09:30:01',NULL,0),(54,'playerVirtual5','playerVirtual5_0c499d2eda',4,'2018-02-24 09:30:33',NULL,0),(55,'playerVirtual2','playerVirtual2_cce8086d67',3,'2018-02-24 09:30:40',NULL,0),(56,'playerVirtual3','playerVirtual3_908315',0,'2018-02-24 09:30:43',NULL,0),(57,'playerVirtual3','playerVirtual3_908315',0,'2018-02-24 09:30:44',NULL,0),(58,'playerVirtual4','playerVirtual4_539194189',0,'2018-02-24 09:31:33',NULL,0),(59,'playerVirtual4','playerVirtual4_539194189',0,'2018-02-24 09:31:33',NULL,0),(60,'playerVirtual3','playerVirtual3_48a6d126c6',3,'2018-02-24 09:31:43',NULL,0),(61,'playerVirtual4','playerVirtual4_1b8598decb',3,'2018-02-24 09:32:33',NULL,0),(62,'playerVirtual5','playerVirtual5_4820204870',0,'2018-02-24 09:33:00',NULL,0),(63,'playerVirtual5','playerVirtual5_4820204870',0,'2018-02-24 09:33:00',NULL,0),(64,'playerVirtual2','playerVirtual2_8058564',0,'2018-02-24 09:33:33',NULL,0),(65,'playerVirtual2','playerVirtual2_8058564',0,'2018-02-24 09:33:34',NULL,0),(66,'playerVirtual5','playerVirtual5_b7cc01da3b',3,'2018-02-24 09:34:00',NULL,0),(67,'playerVirtual2','playerVirtual2_699bddae85',4,'2018-02-24 09:34:33',NULL,0),(68,'playerVirtual3','playerVirtual3_1429160667',0,'2018-02-24 09:34:35',NULL,0),(69,'playerVirtual3','playerVirtual3_1429160667',0,'2018-02-24 09:34:35',NULL,0),(70,'playerVirtual4','playerVirtual4_3338010893',0,'2018-02-24 09:35:20',NULL,0),(71,'playerVirtual4','playerVirtual4_3338010893',0,'2018-02-24 09:35:20',NULL,0),(72,'playerVirtual6','playerVirtual6_1d18e15b15',4,'2018-02-24 09:35:35',NULL,0),(73,'playerVirtual3','playerVirtual3_39489abfdb',4,'2018-02-24 09:35:35',NULL,0),(74,'playerVirtual5','playerVirtual5_82730999',0,'2018-02-24 09:35:56',NULL,0),(75,'playerVirtual5','playerVirtual5_82730999',0,'2018-02-24 09:35:57',NULL,0),(76,'playerVirtual2','playerVirtual2_351652724',0,'2018-02-24 09:36:05',NULL,0),(77,'playerVirtual2','playerVirtual2_351652724',0,'2018-02-24 09:36:05',NULL,0),(78,'playerVirtual4','playerVirtual4_1b2da9068d',4,'2018-02-24 09:36:20',NULL,0),(79,'playerVirtual5','playerVirtual5_27a1b2fb5a',4,'2018-02-24 09:36:56',NULL,0),(80,'playerVirtual2','playerVirtual2_35450d1acb',3,'2018-02-24 09:37:05',NULL,0),(81,'playerVirtual3','playerVirtual3_778566023',0,'2018-02-24 09:37:10',NULL,0),(82,'playerVirtual3','playerVirtual3_778566023',0,'2018-02-24 09:37:11',NULL,0),(83,'playerVirtual4','playerVirtual4_1436344784',0,'2018-02-24 09:38:04',NULL,0),(84,'playerVirtual4','playerVirtual4_1436344784',0,'2018-02-24 09:38:05',NULL,0),(85,'playerVirtual3','playerVirtual3_bcd610a06b',3,'2018-02-24 09:38:10',NULL,0),(86,'playerVirtual6','playerVirtual6_6571218',0,'2018-02-24 09:38:59',NULL,0),(87,'playerVirtual4','playerVirtual4_ec3fe826c5',3,'2018-02-24 09:39:04',NULL,0),(88,'playerVirtual5','playerVirtual5_1339662',0,'2018-02-24 09:39:32',NULL,0),(89,'playerVirtual5','playerVirtual5_1339662',0,'2018-02-24 09:39:32',NULL,0),(90,'playerVirtual6','playerVirtual6_2716d66877',3,'2018-02-24 09:39:59',NULL,0),(91,'playerVirtual2','playerVirtual2_317497342',0,'2018-02-24 09:40:06',NULL,0),(92,'playerVirtual2','playerVirtual2_317497342',0,'2018-02-24 09:40:07',NULL,0),(93,'playerVirtual7','playerVirtual7_2226d60f18',4,'2018-02-24 09:40:32',NULL,0),(94,'playerVirtual5','playerVirtual5_336015805c',3,'2018-02-24 09:40:32',NULL,0),(95,'playerVirtual2','playerVirtual2_241bb7961f',4,'2018-02-24 09:41:06',NULL,0),(96,'playerVirtual6','playerVirtual6_904011',0,'2018-02-24 09:41:08',NULL,0),(97,'playerVirtual3','playerVirtual3_284794223',0,'2018-02-24 09:41:08',NULL,0),(98,'playerVirtual6','playerVirtual6_904011',0,'2018-02-24 09:41:08',NULL,0),(99,'playerVirtual3','playerVirtual3_284794223',0,'2018-02-24 09:41:08',NULL,0),(100,'playerVirtual4','playerVirtual4_359920779',0,'2018-02-24 09:41:53',NULL,0),(101,'playerVirtual4','playerVirtual4_359920779',0,'2018-02-24 09:41:53',NULL,0),(102,'playerVirtual6','playerVirtual6_d4437d6463',4,'2018-02-24 09:42:08',NULL,0),(103,'playerVirtual3','playerVirtual3_4777342a99',4,'2018-02-24 09:42:08',NULL,0),(104,'playerVirtual5','playerVirtual5_257338074',0,'2018-02-24 09:42:31',NULL,0),(105,'playerVirtual5','playerVirtual5_257338074',0,'2018-02-24 09:42:34',NULL,0),(106,'playerVirtual2','playerVirtual2_905614',0,'2018-02-24 09:42:39',NULL,0),(107,'playerVirtual2','playerVirtual2_905614',0,'2018-02-24 09:42:39',NULL,0),(108,'playerVirtual4','playerVirtual4_9b10ad6c0b',4,'2018-02-24 09:42:53',NULL,0),(109,'playerVirtual5','playerVirtual5_60884c8560',4,'2018-02-24 09:43:31',NULL,0),(110,'playerVirtual2','playerVirtual2_e757d12ad2',3,'2018-02-24 09:43:39',NULL,0),(111,'playerVirtual3','playerVirtual3_6569547',0,'2018-02-24 09:43:46',NULL,0),(112,'playerVirtual3','playerVirtual3_6569547',0,'2018-02-24 09:43:47',NULL,0),(113,'playerVirtual7','playerVirtual7_2904109077',0,'2018-02-24 09:44:06',NULL,0),(114,'playerVirtual4','playerVirtual4_470485660',0,'2018-02-24 09:44:43',NULL,0),(115,'playerVirtual4','playerVirtual4_470485660',0,'2018-02-24 09:44:44',NULL,0),(116,'playerVirtual3','playerVirtual3_30576a5964',3,'2018-02-24 09:44:47',NULL,0),(117,'playerVirtual7','playerVirtual7_29fa4d9ccb',3,'2018-02-24 09:45:06',NULL,0),(118,'playerVirtual6','playerVirtual6_1093460',0,'2018-02-24 09:45:34',NULL,0),(119,'playerVirtual6','playerVirtual6_1093460',0,'2018-02-24 09:45:35',NULL,0),(120,'playerVirtual8','playerVirtual8_e2ae7af9ce',4,'2018-02-24 09:45:41',NULL,0),(121,'playerVirtual4','playerVirtual4_43ea361013',3,'2018-02-24 09:45:42',NULL,0),(122,'playerVirtual5','playerVirtual5_30788568',0,'2018-02-24 09:46:12',NULL,0),(123,'playerVirtual5','playerVirtual5_30788568',0,'2018-02-24 09:46:13',NULL,0),(124,'playerVirtual7','playerVirtual7_400453824',0,'2018-02-24 09:46:20',NULL,0),(125,'playerVirtual6','playerVirtual6_b9e5b89d8a',3,'2018-02-24 09:46:34',NULL,0),(126,'playerVirtual2','playerVirtual2_5792765',0,'2018-02-24 09:46:47',NULL,0),(127,'playerVirtual2','playerVirtual2_5792765',0,'2018-02-24 09:46:48',NULL,0),(128,'playerVirtual5','playerVirtual5_ad942f59e7',3,'2018-02-24 09:47:12',NULL,0),(129,'playerVirtual7','playerVirtual7_b82e38d85b',4,'2018-02-24 09:47:20',NULL,0),(130,'playerVirtual2','playerVirtual2_d783f5d6f4',4,'2018-02-24 09:47:48',NULL,0),(131,'playerVirtual3','playerVirtual3_38671842',0,'2018-02-24 09:47:56',NULL,0),(132,'playerVirtual3','playerVirtual3_38671842',0,'2018-02-24 09:47:56',NULL,0),(133,'playerVirtual6','playerVirtual6_4820217293',0,'2018-02-24 09:48:08',NULL,0),(134,'playerVirtual6','playerVirtual6_4820217293',0,'2018-02-24 09:48:08',NULL,0),(135,'playerVirtual4','playerVirtual4_4819935267',0,'2018-02-24 09:48:51',NULL,0),(136,'playerVirtual4','playerVirtual4_4819935267',0,'2018-02-24 09:48:51',NULL,0),(137,'playerVirtual3','playerVirtual3_7c007dadfb',4,'2018-02-24 09:48:56',NULL,0),(138,'playerVirtual6','playerVirtual6_d512fa18bf',4,'2018-02-24 09:49:08',NULL,0),(139,'playerVirtual5','playerVirtual5_6264344062',0,'2018-02-24 09:49:31',NULL,0),(140,'playerVirtual5','playerVirtual5_6264344062',0,'2018-02-24 09:49:31',NULL,0),(141,'playerVirtual8','playerVirtual8_4820318661',0,'2018-02-24 09:49:36',NULL,0),(142,'playerVirtual8','playerVirtual8_4820318661',0,'2018-02-24 09:49:36',NULL,0),(143,'playerVirtual4','playerVirtual4_199fc9e045',4,'2018-02-24 09:49:55',NULL,0),(144,'playerVirtual2','playerVirtual2_5068098508',0,'2018-02-24 09:49:55',NULL,0),(145,'playerVirtual2','playerVirtual2_5068098508',0,'2018-02-24 09:49:56',NULL,0),(146,'playerVirtual5','playerVirtual5_a9237e5ac4',4,'2018-02-24 09:50:31',NULL,0),(147,'playerVirtual8','playerVirtual8_345f779479',3,'2018-02-24 09:50:36',NULL,0),(148,'playerVirtual9','playerVirtual9_f61e47cd05',4,'2018-02-24 09:50:40',NULL,0),(149,'playerVirtual2','playerVirtual2_f180733836',3,'2018-02-24 09:50:54',NULL,0),(150,'playerVirtual7','playerVirtual7_2378747961',0,'2018-02-24 09:51:16',NULL,0),(151,'playerVirtual3','playerVirtual3_2359368952',1,'2018-02-24 09:51:59',NULL,0),(152,'playerVirtual3','playerVirtual3_884848097e',3,'2018-02-24 09:51:59',NULL,0),(153,'playerVirtual3','playerVirtual3_2359368952',1,'2018-02-24 09:51:59',NULL,0),(154,'playerVirtual7','playerVirtual7_221ef6a3e6',3,'2018-02-24 09:52:16',NULL,0),(155,'playerVirtual4','playerVirtual4_1095593',0,'2018-02-24 09:53:11',NULL,0),(156,'playerVirtual4','playerVirtual4_1095593',0,'2018-02-24 09:53:11',NULL,0),(157,'playerVirtual8','playerVirtual8_563574327',0,'2018-02-24 09:53:16',NULL,0),(158,'playerVirtual8','playerVirtual8_563574327',0,'2018-02-24 09:53:16',NULL,0),(159,'playerVirtual6','playerVirtual6_227443932',0,'2018-02-24 09:54:02',NULL,0),(160,'playerVirtual6','playerVirtual6_227443932',0,'2018-02-24 09:54:03',NULL,0),(161,'playerVirtual4','playerVirtual4_95dfb02c37',3,'2018-02-24 09:54:11',NULL,0),(162,'playerVirtual8','playerVirtual8_dd13b4e21f',4,'2018-02-24 09:54:16',NULL,0),(163,'playerVirtual5','playerVirtual5_2148750930',0,'2018-02-24 09:54:44',NULL,0),(164,'playerVirtual5','playerVirtual5_2148750930',0,'2018-02-24 09:54:45',NULL,0),(165,'playerVirtual6','playerVirtual6_8bdd70c819',3,'2018-02-24 09:55:02',NULL,0),(166,'playerVirtual7','playerVirtual7_284757920',0,'2018-02-24 09:55:06',NULL,0),(167,'playerVirtual2','playerVirtual2_16915963',0,'2018-02-24 09:55:30',NULL,0),(168,'playerVirtual2','playerVirtual2_16915963',0,'2018-02-24 09:55:30',NULL,0),(169,'playerVirtual10','playerVirtual10_b33373f04f',4,'2018-02-24 09:55:40',NULL,0),(170,'playerVirtual3','playerVirtual3_5623125514',0,'2018-02-24 09:55:41',NULL,0),(171,'playerVirtual3','playerVirtual3_5623125514',0,'2018-02-24 09:55:42',NULL,0),(172,'playerVirtual5','playerVirtual5_0f91ded440',3,'2018-02-24 09:55:44',NULL,0),(173,'playerVirtual7','playerVirtual7_c3725c0da3',4,'2018-02-24 09:56:06',NULL,0),(174,'playerVirtual9','playerVirtual9_765651',0,'2018-02-24 09:56:19',NULL,0),(175,'playerVirtual9','playerVirtual9_765651',0,'2018-02-24 09:56:19',NULL,0),(176,'playerVirtual2','playerVirtual2_34535e2f94',4,'2018-02-24 09:56:30',NULL,0),(177,'playerVirtual3','playerVirtual3_9619bf6a54',4,'2018-02-24 09:56:42',NULL,0),(178,'playerVirtual6','playerVirtual6_38676294',0,'2018-02-24 09:57:00',NULL,0),(179,'playerVirtual6','playerVirtual6_38676294',0,'2018-02-24 09:57:02',NULL,0),(180,'playerVirtual9','playerVirtual9_f310e419a4',3,'2018-02-24 09:57:19',NULL,0),(181,'playerVirtual4','playerVirtual4_272887063',0,'2018-02-24 09:57:39',NULL,0),(182,'playerVirtual4','playerVirtual4_272887063',0,'2018-02-24 09:57:39',NULL,0),(183,'playerVirtual6','playerVirtual6_caf3b49cae',4,'2018-02-24 09:58:00',NULL,0),(184,'playerVirtual8','playerVirtual8_6274355716',0,'2018-02-24 09:58:27',NULL,0),(185,'playerVirtual8','playerVirtual8_6274355716',0,'2018-02-24 09:58:27',NULL,0),(186,'playerVirtual4','playerVirtual4_126d4218e1',4,'2018-02-24 09:58:39',NULL,0),(187,'playerVirtual2','playerVirtual2_182859403',1,'2018-02-24 09:59:03',NULL,0),(188,'playerVirtual2','playerVirtual2_b88b09861b',3,'2018-02-24 09:59:03',NULL,0),(189,'playerVirtual2','playerVirtual2_182859403',1,'2018-02-24 09:59:03',NULL,0),(190,'playerVirtual8','playerVirtual8_957842b22d',3,'2018-02-24 09:59:27',NULL,0),(191,'playerVirtual5','playerVirtual5_4820204870',1,'2018-02-24 09:59:39',NULL,0),(192,'playerVirtual5','playerVirtual5_9003acc025',4,'2018-02-24 09:59:39',NULL,0),(193,'playerVirtual5','playerVirtual5_4820204870',1,'2018-02-24 09:59:39',NULL,0),(194,'playerVirtual9','playerVirtual9_990694203',0,'2018-02-24 10:00:19',NULL,0),(195,'playerVirtual9','playerVirtual9_990694203',0,'2018-02-24 10:00:20',NULL,0),(196,'playerVirtual11','playerVirtual11_0a0d9824ea',4,'2018-02-24 10:00:34',NULL,0),(197,'playerVirtual9','playerVirtual9_643c6e5f79',4,'2018-02-24 10:01:19',NULL,0),(198,'playerVirtual7','playerVirtual7_4820204870',0,'2018-02-24 10:01:25',NULL,0),(199,'playerVirtual3','playerVirtual3_990694203',0,'2018-02-24 10:01:25',NULL,0),(200,'playerVirtual3','playerVirtual3_990694203',0,'2018-02-24 10:01:25',NULL,0),(201,'playerVirtual7','playerVirtual7_93c6b654e4',3,'2018-02-24 10:02:25',NULL,0),(202,'playerVirtual3','playerVirtual3_3b8e32cd89',3,'2018-02-24 10:02:25',NULL,0),(203,'playerVirtual10','playerVirtual10_182859403',0,'2018-02-24 10:02:33',NULL,0),(204,'playerVirtual10','playerVirtual10_182859403',0,'2018-02-24 10:02:34',NULL,0),(205,'playerVirtual10','playerVirtual10_d2d22c1302',3,'2018-02-24 10:03:34',NULL,0),(206,'playerVirtual4','playerVirtual4_6280643141',0,'2018-02-24 10:03:55',NULL,0),(207,'playerVirtual4','playerVirtual4_6280643141',0,'2018-02-24 10:03:55',NULL,0),(208,'playerVirtual8','playerVirtual8_272887063',0,'2018-02-24 10:04:18',NULL,0),(209,'playerVirtual8','playerVirtual8_272887063',0,'2018-02-24 10:04:18',NULL,0),(210,'playerVirtual5','playerVirtual5_6282149131',0,'2018-02-24 10:04:46',NULL,0),(211,'playerVirtual6','playerVirtual6_6280638724',0,'2018-02-24 10:04:47',NULL,0),(212,'playerVirtual5','playerVirtual5_6282149131',0,'2018-02-24 10:04:48',NULL,0),(213,'playerVirtual6','playerVirtual6_6280638724',0,'2018-02-24 10:04:49',NULL,0),(214,'playerVirtual10','playerVirtual10_182859403',1,'2018-02-24 10:04:49',NULL,0),(215,'playerVirtual10','playerVirtual10_3a3336600f',4,'2018-02-24 10:04:50',NULL,0),(216,'playerVirtual10','playerVirtual10_182859403',1,'2018-02-24 10:04:50',NULL,0),(217,'playerVirtual4','playerVirtual4_4ddbb9c364',3,'2018-02-24 10:04:55',NULL,0),(218,'playerVirtual8','playerVirtual8_b2ffe283fb',4,'2018-02-24 10:05:18',NULL,0),(219,'playerVirtual2','playerVirtual2_4476462938',0,'2018-02-24 10:05:27',NULL,0),(220,'playerVirtual2','playerVirtual2_4476462938',0,'2018-02-24 10:05:29',NULL,0),(221,'playerVirtual12','playerVirtual12_fda146970c',4,'2018-02-24 10:05:32',NULL,0),(222,'playerVirtual5','playerVirtual5_dd2b4f08fa',3,'2018-02-24 10:05:46',NULL,0),(223,'playerVirtual6','playerVirtual6_877284e085',3,'2018-02-24 10:05:47',NULL,0),(224,'playerVirtual3','playerVirtual3_990694203',1,'2018-02-24 10:06:09',NULL,0),(225,'playerVirtual3','playerVirtual3_4ed5a6f039',4,'2018-02-24 10:06:09',NULL,0),(226,'playerVirtual3','playerVirtual3_990694203',1,'2018-02-24 10:06:09',NULL,0),(227,'playerVirtual7','playerVirtual7_1436323714',0,'2018-02-24 10:06:22',NULL,0),(228,'playerVirtual2','playerVirtual2_9cba1dba71',4,'2018-02-24 10:06:25',NULL,0),(229,'playerVirtual9','playerVirtual9_990694203',1,'2018-02-24 10:06:58',NULL,0),(230,'playerVirtual9','playerVirtual9_daf9270b8a',3,'2018-02-24 10:06:58',NULL,0),(231,'playerVirtual9','playerVirtual9_990694203',1,'2018-02-24 10:06:58',NULL,0),(232,'playerVirtual7','playerVirtual7_b131d40615',4,'2018-02-24 10:07:22',NULL,0),(233,'playerVirtual11','playerVirtual11_2359368952',0,'2018-02-24 10:08:37',NULL,0),(234,'playerVirtual11','playerVirtual11_2359368952',0,'2018-02-24 10:08:37',NULL,0),(235,'playerVirtual4','playerVirtual4_272887063',1,'2018-02-24 10:08:39',NULL,0),(236,'playerVirtual4','playerVirtual4_28c079c49d',4,'2018-02-24 10:08:39',NULL,0),(237,'playerVirtual4','playerVirtual4_272887063',1,'2018-02-24 10:08:39',NULL,0),(238,'playerVirtual6','playerVirtual6_182859403',0,'2018-02-24 10:08:43',NULL,0),(239,'playerVirtual6','playerVirtual6_182859403',0,'2018-02-24 10:08:44',NULL,0),(240,'playerVirtual11','playerVirtual11_ab32f75945',3,'2018-02-24 10:09:39',NULL,0),(241,'playerVirtual6','playerVirtual6_8cef567aab',4,'2018-02-24 10:09:44',NULL,0),(242,'playerVirtual8','playerVirtual8_214880781',0,'2018-02-24 10:09:53',NULL,0),(243,'playerVirtual8','playerVirtual8_214880781',0,'2018-02-24 10:09:53',NULL,0),(244,'playerVirtual2','playerVirtual2_6285257156',0,'2018-02-24 10:09:55',NULL,0),(245,'playerVirtual2','playerVirtual2_6285257156',0,'2018-02-24 10:09:55',NULL,0),(246,'playerVirtual5','playerVirtual5_16914091',0,'2018-02-24 10:10:09',NULL,0),(247,'playerVirtual5','playerVirtual5_16914091',0,'2018-02-24 10:10:09',NULL,0),(248,'playerVirtual13','playerVirtual13_ac28849827',4,'2018-02-24 10:10:32',NULL,0),(249,'playerVirtual8','playerVirtual8_c91edc3c72',3,'2018-02-24 10:10:53',NULL,0),(250,'playerVirtual2','playerVirtual2_14ba710542',3,'2018-02-24 10:10:55',NULL,0),(251,'playerVirtual5','playerVirtual5_b0b65d888e',4,'2018-02-24 10:11:09',NULL,0),(252,'playerVirtual9','playerVirtual9_6955737',0,'2018-02-24 10:11:39',NULL,0),(253,'playerVirtual9','playerVirtual9_6955737',0,'2018-02-24 10:11:39',NULL,0),(254,'playerVirtual3','playerVirtual3_6641406',0,'2018-02-24 10:12:13',NULL,0),(255,'playerVirtual3','playerVirtual3_6641406',0,'2018-02-24 10:12:13',NULL,0),(256,'playerVirtual11','playerVirtual11_3338579772',0,'2018-02-24 10:12:14',NULL,0),(257,'playerVirtual11','playerVirtual11_3338579772',0,'2018-02-24 10:12:14',NULL,0),(258,'playerVirtual9','playerVirtual9_f5b79ebb91',4,'2018-02-24 10:12:39',NULL,0),(259,'playerVirtual10','playerVirtual10_682797',0,'2018-02-24 10:12:57',NULL,0),(260,'playerVirtual10','playerVirtual10_682797',0,'2018-02-24 10:12:57',NULL,0),(261,'playerVirtual3','playerVirtual3_4a9cfc9eeb',3,'2018-02-24 10:13:13',NULL,0),(262,'playerVirtual11','playerVirtual11_4eacf6855f',4,'2018-02-24 10:13:14',NULL,0),(263,'playerVirtual10','playerVirtual10_792d21ab40',3,'2018-02-24 10:13:57',NULL,0),(264,'playerVirtual12','playerVirtual12_1094955',0,'2018-02-24 10:13:58',NULL,0),(265,'playerVirtual12','playerVirtual12_1094955',0,'2018-02-24 10:13:59',NULL,0),(266,'playerVirtual12','playerVirtual12_a76322301f',3,'2018-02-24 10:14:59',NULL,0),(267,'playerVirtual4','playerVirtual4_1438244924',0,'2018-02-24 10:15:33',NULL,0),(268,'playerVirtual4','playerVirtual4_1438244924',0,'2018-02-24 10:15:33',NULL,0),(269,'playerVirtual14','playerVirtual14_b8c2ac7837',4,'2018-02-24 10:15:35',NULL,0),(270,'playerVirtual4','playerVirtual4_0d238815a3',3,'2018-02-24 10:16:33',NULL,0),(271,'playerVirtual6','playerVirtual6_2381571381',0,'2018-02-24 10:17:35',NULL,0),(272,'playerVirtual6','playerVirtual6_2381571381',0,'2018-02-24 10:17:35',NULL,0),(273,'playerVirtual10','playerVirtual10_1436344784',0,'2018-02-24 10:17:36',NULL,0),(274,'playerVirtual10','playerVirtual10_1436344784',0,'2018-02-24 10:17:37',NULL,0),(275,'playerVirtual8','playerVirtual8_6289355687',0,'2018-02-24 10:17:41',NULL,0),(276,'playerVirtual8','playerVirtual8_6289355687',0,'2018-02-24 10:17:41',NULL,0),(277,'playerVirtual2','playerVirtual2_25a3903a15',4,'2018-02-24 10:17:44',NULL,0),(278,'playerVirtual3','playerVirtual3_3338579772',1,'2018-02-24 10:17:48',NULL,0),(279,'playerVirtual3','playerVirtual3_8b106cf5d3',4,'2018-02-24 10:17:49',NULL,0),(280,'playerVirtual3','playerVirtual3_3338579772',1,'2018-02-24 10:17:49',NULL,0),(281,'playerVirtual5','playerVirtual5_1438244924',0,'2018-02-24 10:18:14',NULL,0),(282,'playerVirtual5','playerVirtual5_1438244924',0,'2018-02-24 10:18:15',NULL,0),(283,'playerVirtual9','playerVirtual9_6955737',1,'2018-02-24 10:18:17',NULL,0),(284,'playerVirtual9','playerVirtual9_d5c341a690',3,'2018-02-24 10:18:17',NULL,0),(285,'playerVirtual9','playerVirtual9_6955737',1,'2018-02-24 10:18:18',NULL,0),(286,'playerVirtual12','playerVirtual12_794070039',0,'2018-02-24 10:18:28',NULL,0),(287,'playerVirtual12','playerVirtual12_794070039',0,'2018-02-24 10:18:28',NULL,0),(288,'playerVirtual6','playerVirtual6_2667689ab0',3,'2018-02-24 10:18:35',NULL,0),(289,'playerVirtual10','playerVirtual10_effe0142a4',4,'2018-02-24 10:18:37',NULL,0),(290,'playerVirtual8','playerVirtual8_df1df60ae8',4,'2018-02-24 10:18:41',NULL,0),(291,'playerVirtual5','playerVirtual5_44a75b435c',3,'2018-02-24 10:19:15',NULL,0),(292,'playerVirtual12','playerVirtual12_912db84828',4,'2018-02-24 10:19:28',NULL,0),(293,'playerVirtual13','playerVirtual13_2378747961',0,'2018-02-24 10:20:22',NULL,0),(294,'playerVirtual13','playerVirtual13_2378747961',0,'2018-02-24 10:20:23',NULL,0),(295,'playerVirtual15','playerVirtual15_78a6c8459b',4,'2018-02-24 10:20:34',NULL,0),(296,'playerVirtual4','playerVirtual4_1438244924',1,'2018-02-24 10:21:07',NULL,0),(297,'playerVirtual4','playerVirtual4_39bfbec24b',4,'2018-02-24 10:21:07',NULL,0),(298,'playerVirtual4','playerVirtual4_1438244924',1,'2018-02-24 10:21:08',NULL,0),(299,'playerVirtual13','playerVirtual13_7eff33a634',3,'2018-02-24 10:21:23',NULL,0),(300,'playerVirtual2','playerVirtual2_1438244924',1,'2018-02-24 10:21:33',NULL,0),(301,'playerVirtual2','playerVirtual2_893a41ab0c',3,'2018-02-24 10:21:33',NULL,0),(302,'playerVirtual2','playerVirtual2_1438244924',1,'2018-02-24 10:21:33',NULL,0),(303,'playerVirtual11','playerVirtual11_6289704471',0,'2018-02-24 10:22:08',NULL,0),(304,'playerVirtual11','playerVirtual11_6289704471',0,'2018-02-24 10:22:09',NULL,0),(305,'playerVirtual11','playerVirtual11_ca3d0ee45d',3,'2018-02-24 10:23:08',NULL,0),(306,'playerVirtual5','playerVirtual5_60edad4a7f',4,'2018-02-24 10:23:50',NULL,0),(307,'playerVirtual13','playerVirtual13_2378747961',1,'2018-02-24 10:23:52',NULL,0),(308,'playerVirtual13','playerVirtual13_71ad1266fb',4,'2018-02-24 10:23:52',NULL,0),(309,'playerVirtual13','playerVirtual13_2378747961',1,'2018-02-24 10:23:52',NULL,0),(310,'playerVirtual16','playerVirtual16_c123e6007f',4,'2018-02-24 10:25:35',NULL,0),(311,'playerVirtual8','playerVirtual8_6274355716',1,'2018-02-24 10:25:45',NULL,0),(312,'playerVirtual8','playerVirtual8_97b163d24b',3,'2018-02-24 10:25:45',NULL,0),(313,'playerVirtual8','playerVirtual8_6274355716',1,'2018-02-24 10:25:45',NULL,0),(314,'playerVirtual6','playerVirtual6_182859403',1,'2018-02-24 10:25:53',NULL,0),(315,'playerVirtual6','playerVirtual6_8281c020a0',4,'2018-02-24 10:25:53',NULL,0),(316,'playerVirtual6','playerVirtual6_182859403',1,'2018-02-24 10:25:53',NULL,0),(317,'playerVirtual9','playerVirtual9_6296865278',0,'2018-02-24 10:26:44',NULL,0),(318,'playerVirtual9','playerVirtual9_6296865278',0,'2018-02-24 10:26:44',NULL,0),(319,'playerVirtual3','playerVirtual3_6296268057',0,'2018-02-24 10:27:07',NULL,0),(320,'playerVirtual3','playerVirtual3_6296268057',0,'2018-02-24 10:27:08',NULL,0),(321,'playerVirtual14','playerVirtual14_990694203',0,'2018-02-24 10:27:09',NULL,0),(322,'playerVirtual14','playerVirtual14_990694203',0,'2018-02-24 10:27:09',NULL,0),(323,'playerVirtual9','playerVirtual9_69a8ba7fbe',4,'2018-02-24 10:27:44',NULL,0),(324,'playerVirtual3','playerVirtual3_3c6caddaf4',3,'2018-02-24 10:28:07',NULL,0),(325,'playerVirtual14','playerVirtual14_e0803913bd',3,'2018-02-24 10:28:09',NULL,0),(326,'playerVirtual4','playerVirtual4_1436344784',1,'2018-02-24 10:28:20',NULL,0),(327,'playerVirtual4','playerVirtual4_d5c2b3509f',3,'2018-02-24 10:28:20',NULL,0),(328,'playerVirtual4','playerVirtual4_1436344784',1,'2018-02-24 10:28:21',NULL,0),(329,'playerVirtual2','playerVirtual2_177faca678',4,'2018-02-24 10:28:31',NULL,0),(330,'playerVirtual14','playerVirtual14_990694203',1,'2018-02-24 10:29:10',NULL,0),(331,'playerVirtual14','playerVirtual14_78a15d5296',4,'2018-02-24 10:29:10',NULL,0),(332,'playerVirtual14','playerVirtual14_990694203',1,'2018-02-24 10:29:10',NULL,0),(333,'playerVirtual10','playerVirtual10_182859403',0,'2018-02-24 10:30:07',NULL,0),(334,'playerVirtual10','playerVirtual10_44f63c617f',3,'2018-02-24 10:30:07',NULL,0),(335,'playerVirtual10','playerVirtual10_182859403',0,'2018-02-24 10:30:07',NULL,0),(336,'playerVirtual17','playerVirtual17_a00ce3899a',4,'2018-02-24 10:30:32',NULL,0),(337,'playerVirtual11','playerVirtual11_6301942525',0,'2018-02-24 10:30:34',NULL,0),(338,'playerVirtual11','playerVirtual11_6301942525',0,'2018-02-24 10:30:34',NULL,0),(339,'playerVirtual11','playerVirtual11_e022085560',4,'2018-02-24 10:31:34',NULL,0),(340,'playerVirtual12','playerVirtual12_6264344062',0,'2018-02-24 10:31:47',NULL,0),(341,'playerVirtual12','playerVirtual12_6264344062',0,'2018-02-24 10:31:52',NULL,0),(342,'playerVirtual12','playerVirtual12_d55295d355',3,'2018-02-24 10:32:47',NULL,0),(343,'playerVirtual4','playerVirtual4_1095593',1,'2018-02-24 10:33:17',NULL,0),(344,'playerVirtual4','playerVirtual4_8d05780b33',4,'2018-02-24 10:33:17',NULL,0),(345,'playerVirtual4','playerVirtual4_1095593',1,'2018-02-24 10:33:17',NULL,0),(346,'playerVirtual10','playerVirtual10_182859403',1,'2018-02-24 10:33:46',NULL,0),(347,'playerVirtual10','playerVirtual10_ec6aef6dbc',4,'2018-02-24 10:33:47',NULL,0),(348,'playerVirtual10','playerVirtual10_182859403',1,'2018-02-24 10:33:47',NULL,0),(349,'playerVirtual3','playerVirtual3_908315',1,'2018-02-24 10:35:06',NULL,0),(350,'playerVirtual3','playerVirtual3_ed5eeb2903',4,'2018-02-24 10:35:07',NULL,0),(351,'playerVirtual3','playerVirtual3_908315',1,'2018-02-24 10:35:07',NULL,0),(352,'playerVirtual15','playerVirtual15_990694203',0,'2018-02-24 10:35:33',NULL,0),(353,'playerVirtual18','playerVirtual18_a621d8b597',4,'2018-02-24 10:35:40',NULL,0),(354,'playerVirtual5','playerVirtual5_5297461910',0,'2018-02-24 10:36:20',NULL,0),(355,'playerVirtual5','playerVirtual5_5297461910',0,'2018-02-24 10:36:20',NULL,0),(356,'playerVirtual15','playerVirtual15_8919c55ccd',3,'2018-02-24 10:36:33',NULL,0),(357,'playerVirtual6','playerVirtual6_904011',1,'2018-02-24 10:36:41',NULL,0),(358,'playerVirtual6','playerVirtual6_b5f77b9029',3,'2018-02-24 10:36:42',NULL,0),(359,'playerVirtual6','playerVirtual6_904011',1,'2018-02-24 10:36:42',NULL,0),(360,'playerVirtual5','playerVirtual5_52188d77ce',3,'2018-02-24 10:37:20',NULL,0),(361,'playerVirtual8','playerVirtual8_6274355716',0,'2018-02-24 10:37:27',NULL,0),(362,'playerVirtual8','playerVirtual8_470ba33b56',4,'2018-02-24 10:37:27',NULL,0),(363,'playerVirtual8','playerVirtual8_6274355716',0,'2018-02-24 10:37:28',NULL,0),(364,'playerVirtual15','playerVirtual15_df8e4af518',4,'2018-02-24 10:37:34',NULL,0),(365,'playerVirtual9','playerVirtual9_182859403',0,'2018-02-24 10:38:13',NULL,0),(366,'playerVirtual9','playerVirtual9_182859403',0,'2018-02-24 10:38:19',NULL,0),(367,'playerVirtual2','playerVirtual2_5068098508',1,'2018-02-24 10:39:09',NULL,0),(368,'playerVirtual2','playerVirtual2_2ebbac1f83',3,'2018-02-24 10:39:09',NULL,0),(369,'playerVirtual2','playerVirtual2_5068098508',1,'2018-02-24 10:39:09',NULL,0),(370,'playerVirtual9','playerVirtual9_cba15fa2ca',3,'2018-02-24 10:39:10',NULL,0),(371,'playerVirtual13','playerVirtual13_6289704471',0,'2018-02-24 10:39:27',NULL,0),(372,'playerVirtual13','playerVirtual13_6289704471',0,'2018-02-24 10:39:28',NULL,0),(373,'playerVirtual13','playerVirtual13_86bfad236f',3,'2018-02-24 10:40:28',NULL,0),(374,'playerVirtual19','playerVirtual19_27923b0f3b',4,'2018-02-24 10:40:35',NULL,0),(375,'playerVirtual12','playerVirtual12_4246147567',0,'2018-02-24 10:40:58',NULL,0),(376,'playerVirtual12','playerVirtual12_4246147567',0,'2018-02-24 10:40:59',NULL,0),(377,'playerVirtual11','playerVirtual11_6289704471',1,'2018-02-24 10:41:30',NULL,0),(378,'playerVirtual11','playerVirtual11_b04712b3c4',3,'2018-02-24 10:41:30',NULL,0),(379,'playerVirtual11','playerVirtual11_6289704471',1,'2018-02-24 10:41:31',NULL,0),(380,'playerVirtual12','playerVirtual12_9d3e652536',4,'2018-02-24 10:41:59',NULL,0),(381,'playerVirtual16','playerVirtual16_1095593',0,'2018-02-24 10:42:47',NULL,0),(382,'playerVirtual16','playerVirtual16_acb5c529ef',3,'2018-02-24 10:43:47',NULL,0),(383,'playerVirtual13','playerVirtual13_6289704471',1,'2018-02-24 10:44:02',NULL,0),(384,'playerVirtual13','playerVirtual13_01b75c0acd',4,'2018-02-24 10:44:02',NULL,0),(385,'playerVirtual13','playerVirtual13_6289704471',1,'2018-02-24 10:44:03',NULL,0),(386,'playerVirtual16','playerVirtual16_85a827e620',4,'2018-02-24 10:45:02',NULL,0),(387,'playerVirtual5','playerVirtual5_6315250734',0,'2018-02-24 10:46:18',NULL,0),(388,'playerVirtual5','playerVirtual5_6315250734',0,'2018-02-24 10:46:18',NULL,0),(389,'playerVirtual4','playerVirtual4_539194189',1,'2018-02-24 10:47:01',NULL,0),(390,'playerVirtual4','playerVirtual4_fe46ab5ef5',3,'2018-02-24 10:47:02',NULL,0),(391,'playerVirtual4','playerVirtual4_539194189',1,'2018-02-24 10:47:02',NULL,0),(392,'playerVirtual14','playerVirtual14_908315',0,'2018-02-24 10:47:05',NULL,0),(393,'playerVirtual14','playerVirtual14_908315',0,'2018-02-24 10:47:05',NULL,0),(394,'playerVirtual6','playerVirtual6_4246147567',0,'2018-02-24 10:47:13',NULL,0),(395,'playerVirtual6','playerVirtual6_4246147567',0,'2018-02-24 10:47:13',NULL,0),(396,'playerVirtual5','playerVirtual5_44129eee96',4,'2018-02-24 10:47:18',NULL,0),(397,'playerVirtual8','playerVirtual8_4246147567',0,'2018-02-24 10:47:19',NULL,0),(398,'playerVirtual8','playerVirtual8_4246147567',0,'2018-02-24 10:47:19',NULL,0),(399,'playerVirtual14','playerVirtual14_bb6e2daae5',3,'2018-02-24 10:48:05',NULL,0),(400,'playerVirtual6','playerVirtual6_2cfc427ce7',4,'2018-02-24 10:48:13',NULL,0),(401,'playerVirtual8','playerVirtual8_479bc9144b',3,'2018-02-24 10:48:19',NULL,0),(402,'playerVirtual17','playerVirtual17_539194189',0,'2018-02-24 10:48:32',NULL,0),(403,'playerVirtual3','playerVirtual3_4246147567',0,'2018-02-24 10:49:02',NULL,0),(404,'playerVirtual3','playerVirtual3_4246147567',0,'2018-02-24 10:49:03',NULL,0),(405,'playerVirtual17','playerVirtual17_46f7bae7de',3,'2018-02-24 10:49:32',NULL,0),(406,'playerVirtual3','playerVirtual3_120147e355',3,'2018-02-24 10:50:02',NULL,0),(407,'playerVirtual2','playerVirtual2_2378747961',0,'2018-02-24 10:50:28',NULL,0),(408,'playerVirtual2','playerVirtual2_2378747961',0,'2018-02-24 10:50:28',NULL,0),(409,'playerVirtual9','playerVirtual9_6316827871',0,'2018-02-24 10:50:40',NULL,0),(410,'playerVirtual9','playerVirtual9_6316827871',0,'2018-02-24 10:50:41',NULL,0),(411,'playerVirtual10','playerVirtual10_6289704471',0,'2018-02-24 10:51:02',NULL,0),(412,'playerVirtual10','playerVirtual10_6289704471',0,'2018-02-24 10:51:06',NULL,0),(413,'playerVirtual2','playerVirtual2_2a436993bd',4,'2018-02-24 10:51:28',NULL,0),(414,'playerVirtual9','playerVirtual9_8cc465456d',4,'2018-02-24 10:51:41',NULL,0),(415,'playerVirtual10','playerVirtual10_6c9b7b2479',3,'2018-02-24 10:51:57',NULL,0),(416,'playerVirtual14','playerVirtual14_4246147567',0,'2018-02-24 10:53:17',NULL,0),(417,'playerVirtual14','playerVirtual14_4246147567',0,'2018-02-24 10:53:18',NULL,0),(418,'playerVirtual11','playerVirtual11_4246147567',0,'2018-02-24 10:53:35',NULL,0),(419,'playerVirtual11','playerVirtual11_4246147567',0,'2018-02-24 10:53:35',NULL,0),(420,'playerVirtual12','playerVirtual12_4246147567',1,'2018-02-24 10:54:19',NULL,0),(421,'playerVirtual12','playerVirtual12_8b0669b76b',3,'2018-02-24 10:54:19',NULL,0),(422,'playerVirtual14','playerVirtual14_eaf366ff07',4,'2018-02-24 10:54:19',NULL,0),(423,'playerVirtual12','playerVirtual12_4246147567',1,'2018-02-24 10:54:19',NULL,0),(424,'playerVirtual11','playerVirtual11_98920796cd',4,'2018-02-24 10:54:35',NULL,0),(425,'playerVirtual17','playerVirtual17_4246147567',0,'2018-02-24 10:54:51',NULL,0),(426,'playerVirtual18','playerVirtual18_4246147567',0,'2018-02-24 10:55:48',NULL,0),(427,'playerVirtual18','playerVirtual18_4246147567',0,'2018-02-24 10:55:49',NULL,0),(428,'playerVirtual17','playerVirtual17_12243d848f',4,'2018-02-24 10:55:52',NULL,0),(429,'playerVirtual4','playerVirtual4_4246147567',0,'2018-02-24 10:55:55',NULL,0),(430,'playerVirtual4','playerVirtual4_4246147567',0,'2018-02-24 10:55:55',NULL,0),(431,'playerVirtual18','playerVirtual18_a7104136f6',3,'2018-02-24 10:56:49',NULL,0),(432,'playerVirtual4','playerVirtual4_3ee081a4c2',4,'2018-02-24 10:56:55',NULL,0),(433,'playerVirtual3','playerVirtual3_4246147567',1,'2018-02-24 10:57:00',NULL,0),(434,'playerVirtual3','playerVirtual3_9ccdcddb2d',4,'2018-02-24 10:57:00',NULL,0),(435,'playerVirtual3','playerVirtual3_4246147567',1,'2018-02-24 10:57:01',NULL,0),(436,'playerVirtual18','playerVirtual18_4246147567',1,'2018-02-24 10:57:50',NULL,0),(437,'playerVirtual18','playerVirtual18_afc6fe637f',4,'2018-02-24 10:57:50',NULL,0),(438,'playerVirtual18','playerVirtual18_4246147567',1,'2018-02-24 10:57:50',NULL,0),(439,'playerVirtual10','playerVirtual10_4246147567',0,'2018-02-24 10:58:21',NULL,0),(440,'playerVirtual15','playerVirtual15_4246147567',0,'2018-02-24 10:58:21',NULL,0),(441,'playerVirtual10','playerVirtual10_4246147567',0,'2018-02-24 10:58:21',NULL,0),(442,'playerVirtual15','playerVirtual15_4246147567',0,'2018-02-24 10:58:22',NULL,0),(443,'playerVirtual6','playerVirtual6_4246147567',1,'2018-02-24 10:59:01',NULL,0),(444,'playerVirtual6','playerVirtual6_2c6913bb72',3,'2018-02-24 10:59:02',NULL,0),(445,'playerVirtual6','playerVirtual6_4246147567',1,'2018-02-24 10:59:02',NULL,0),(446,'playerVirtual10','playerVirtual10_2145dea7d0',4,'2018-02-24 10:59:21',NULL,0),(447,'playerVirtual15','playerVirtual15_37bc0ad2a4',3,'2018-02-24 10:59:21',NULL,0),(448,'playerVirtual8','playerVirtual8_4246147567',1,'2018-02-24 11:00:01',NULL,0),(449,'playerVirtual8','playerVirtual8_f45d4bb8ec',4,'2018-02-24 11:00:01',NULL,0),(450,'playerVirtual8','playerVirtual8_4246147567',1,'2018-02-24 11:00:02',NULL,0),(451,'playerVirtual15','playerVirtual15_4246147567',1,'2018-02-24 11:00:22',NULL,0),(452,'playerVirtual15','playerVirtual15_5ed44c5c9b',4,'2018-02-24 11:00:23',NULL,0),(453,'playerVirtual15','playerVirtual15_4246147567',1,'2018-02-24 11:00:23',NULL,0),(454,'playerVirtual5','playerVirtual5_4246147567',0,'2018-02-24 11:01:12',NULL,0),(455,'playerVirtual5','playerVirtual5_4246147567',0,'2018-02-24 11:01:13',NULL,0),(456,'playerVirtual19','playerVirtual19_5068098508',0,'2018-02-24 11:01:34',NULL,0),(457,'playerVirtual19','playerVirtual19_5068098508',0,'2018-02-24 11:01:35',NULL,0),(458,'playerVirtual5','playerVirtual5_14327c94a2',3,'2018-02-24 11:02:12',NULL,0),(459,'playerVirtual19','playerVirtual19_af3444f386',3,'2018-02-24 11:02:35',NULL,0),(460,'playerVirtual13','playerVirtual13_990694203',0,'2018-02-24 11:02:51',NULL,0),(461,'playerVirtual13','playerVirtual13_990694203',0,'2018-02-24 11:02:51',NULL,0),(462,'playerVirtual2','playerVirtual2_1095593',0,'2018-02-24 11:03:35',NULL,0),(463,'playerVirtual2','playerVirtual2_1095593',0,'2018-02-24 11:03:36',NULL,0),(464,'playerVirtual9','playerVirtual9_6322213339',0,'2018-02-24 11:03:39',NULL,0),(465,'playerVirtual9','playerVirtual9_6322213339',0,'2018-02-24 11:03:39',NULL,0),(466,'playerVirtual13','playerVirtual13_bc20ebf9a0',3,'2018-02-24 11:03:55',NULL,0),(467,'playerVirtual11','playerVirtual11_4246147567',1,'2018-02-24 11:04:32',NULL,0),(468,'playerVirtual11','playerVirtual11_f2c47b981f',3,'2018-02-24 11:04:32',NULL,0),(469,'playerVirtual11','playerVirtual11_4246147567',1,'2018-02-24 11:04:32',NULL,0),(470,'playerVirtual2','playerVirtual2_0dc312f39c',3,'2018-02-24 11:04:35',NULL,0),(471,'playerVirtual9','playerVirtual9_deb255bce4',3,'2018-02-24 11:04:39',NULL,0),(472,'playerVirtual12','playerVirtual12_359920779',0,'2018-02-24 11:05:41',NULL,0),(473,'playerVirtual12','playerVirtual12_359920779',0,'2018-02-24 11:05:41',NULL,0),(474,'playerVirtual16','playerVirtual16_4246147567',0,'2018-02-24 11:06:12',NULL,0),(475,'playerVirtual16','playerVirtual16_4246147567',0,'2018-02-24 11:06:13',NULL,0),(476,'playerVirtual19','playerVirtual19_5068098508',1,'2018-02-24 11:06:17',NULL,0),(477,'playerVirtual19','playerVirtual19_df4e3d8672',4,'2018-02-24 11:06:17',NULL,0),(478,'playerVirtual19','playerVirtual19_5068098508',1,'2018-02-24 11:06:18',NULL,0),(479,'playerVirtual12','playerVirtual12_1aed3d17ab',4,'2018-02-24 11:06:41',NULL,0),(480,'playerVirtual16','playerVirtual16_2e41a6bd90',3,'2018-02-24 11:07:12',NULL,0),(481,'playerVirtual13','playerVirtual13_990694203',1,'2018-02-24 11:07:26',NULL,0),(482,'playerVirtual13','playerVirtual13_d45ed18ef2',4,'2018-02-24 11:07:26',NULL,0),(483,'playerVirtual13','playerVirtual13_990694203',1,'2018-02-24 11:07:27',NULL,0),(484,'playerVirtual16','playerVirtual16_4246147567',1,'2018-02-24 11:08:27',NULL,0),(485,'playerVirtual16','playerVirtual16_53735bb8fc',4,'2018-02-24 11:08:27',NULL,0),(486,'playerVirtual16','playerVirtual16_4246147567',1,'2018-02-24 11:08:28',NULL,0),(487,'playerVirtual4','playerVirtual4_4246147567',1,'2018-02-24 11:10:40',NULL,0),(488,'playerVirtual4','playerVirtual4_fd6ae4cd59',3,'2018-02-24 11:10:40',NULL,0),(489,'playerVirtual4','playerVirtual4_4246147567',1,'2018-02-24 11:10:40',NULL,0),(490,'playerVirtual5','playerVirtual5_4246147567',1,'2018-02-24 11:11:10',NULL,0),(491,'playerVirtual5','playerVirtual5_b11dbcc6a5',4,'2018-02-24 11:11:10',NULL,0),(492,'playerVirtual5','playerVirtual5_4246147567',1,'2018-02-24 11:11:10',NULL,0),(493,'playerVirtual14','playerVirtual14_4246147567',1,'2018-02-24 11:12:12',NULL,0),(494,'playerVirtual14','playerVirtual14_75c0f08d9a',3,'2018-02-24 11:12:12',NULL,0),(495,'playerVirtual14','playerVirtual14_4246147567',1,'2018-02-24 11:12:12',NULL,0),(496,'playerVirtual6','playerVirtual6_4246147567',0,'2018-02-24 11:12:28',NULL,0),(497,'playerVirtual6','playerVirtual6_18a00e1ef6',4,'2018-02-24 11:12:29',NULL,0),(498,'playerVirtual6','playerVirtual6_4246147567',0,'2018-02-24 11:12:29',NULL,0),(499,'playerVirtual8','playerVirtual8_4246147567',0,'2018-02-24 11:12:47',NULL,0),(500,'playerVirtual8','playerVirtual8_4f17eb4917',3,'2018-02-24 11:12:47',NULL,0),(501,'playerVirtual8','playerVirtual8_4246147567',0,'2018-02-24 11:12:47',NULL,0),(502,'playerVirtual17','playerVirtual17_2de7a954a0',3,'2018-02-24 11:13:51',NULL,0),(503,'playerVirtual3','playerVirtual3_4246147567',0,'2018-02-24 11:13:51',NULL,0),(504,'playerVirtual3','playerVirtual3_caf9c0a80e',3,'2018-02-24 11:13:51',NULL,0),(505,'playerVirtual3','playerVirtual3_4246147567',0,'2018-02-24 11:13:52',NULL,0),(506,'playerVirtual10','playerVirtual10_4246147567',1,'2018-02-24 11:16:31',NULL,0),(507,'playerVirtual10','playerVirtual10_dc3ff6260b',3,'2018-02-24 11:16:31',NULL,0),(508,'playerVirtual10','playerVirtual10_4246147567',1,'2018-02-24 11:16:32',NULL,0),(509,'playerVirtual2','playerVirtual2_4246147567',0,'2018-02-24 11:17:33',NULL,0),(510,'playerVirtual2','playerVirtual2_4246147567',0,'2018-02-24 11:17:33',NULL,0),(511,'playerVirtual9','playerVirtual9_4246147567',0,'2018-02-24 11:18:12',NULL,0),(512,'playerVirtual9','playerVirtual9_4246147567',0,'2018-02-24 11:18:12',NULL,0),(513,'playerVirtual2','playerVirtual2_20d5f9946c',4,'2018-02-24 11:18:33',NULL,0),(514,'playerVirtual9','playerVirtual9_8728f97adc',4,'2018-02-24 11:19:12',NULL,0),(515,'playerVirtual11','playerVirtual11_4246147567',0,'2018-02-24 11:19:27',NULL,0),(516,'playerVirtual11','playerVirtual11_9d6b36641c',4,'2018-02-24 11:19:28',NULL,0),(517,'playerVirtual11','playerVirtual11_4246147567',0,'2018-02-24 11:19:28',NULL,0),(518,'playerVirtual4','playerVirtual4_359920779',1,'2018-02-24 11:19:59',NULL,0),(519,'playerVirtual4','playerVirtual4_72acf96200',4,'2018-02-24 11:19:59',NULL,0),(520,'playerVirtual4','playerVirtual4_359920779',1,'2018-02-24 11:20:00',NULL,0),(521,'playerVirtual3','playerVirtual3_4246147567',1,'2018-02-24 11:20:49',NULL,0),(522,'playerVirtual3','playerVirtual3_55000c4e2c',4,'2018-02-24 11:20:49',NULL,0),(523,'playerVirtual3','playerVirtual3_4246147567',1,'2018-02-24 11:20:49',NULL,0),(524,'playerVirtual18','playerVirtual18_4246147567',0,'2018-02-24 11:20:51',NULL,0),(525,'playerVirtual18','playerVirtual18_b39a8c3cae',3,'2018-02-24 11:20:51',NULL,0),(526,'playerVirtual18','playerVirtual18_4246147567',0,'2018-02-24 11:20:51',NULL,0),(527,'playerVirtual14','playerVirtual14_4246147567',0,'2018-02-24 11:21:00',NULL,0),(528,'playerVirtual14','playerVirtual14_625f605aed',4,'2018-02-24 11:21:00',NULL,0),(529,'playerVirtual14','playerVirtual14_4246147567',0,'2018-02-24 11:21:02',NULL,0),(530,'playerVirtual12','playerVirtual12_4246147567',0,'2018-02-24 11:21:03',NULL,0),(531,'playerVirtual12','playerVirtual12_1ff910e9cd',3,'2018-02-24 11:21:03',NULL,0),(532,'playerVirtual12','playerVirtual12_4246147567',0,'2018-02-24 11:21:03',NULL,0),(533,'playerVirtual18','playerVirtual18_4246147567',1,'2018-02-24 11:21:52',NULL,0),(534,'playerVirtual18','playerVirtual18_bc4513b13e',4,'2018-02-24 11:21:52',NULL,0),(535,'playerVirtual18','playerVirtual18_4246147567',1,'2018-02-24 11:21:52',NULL,0),(536,'playerVirtual17','playerVirtual17_4246147567',0,'2018-02-24 11:22:45',NULL,0),(537,'playerVirtual17','playerVirtual17_acf9ff4c85',4,'2018-02-24 11:22:45',NULL,0),(538,'playerVirtual6','playerVirtual6_4246147567',1,'2018-02-24 11:23:16',NULL,0),(539,'playerVirtual6','playerVirtual6_0a784b15d7',3,'2018-02-24 11:23:16',NULL,0),(540,'playerVirtual6','playerVirtual6_4246147567',1,'2018-02-24 11:23:17',NULL,0),(541,'playerVirtual15','playerVirtual15_4246147567',0,'2018-02-24 11:24:02',NULL,0),(542,'playerVirtual15','playerVirtual15_ea276f670f',3,'2018-02-24 11:24:02',NULL,0),(543,'playerVirtual15','playerVirtual15_4246147567',0,'2018-02-24 11:24:03',NULL,0),(544,'playerVirtual10','playerVirtual10_1436344784',1,'2018-02-24 11:24:06',NULL,0),(545,'playerVirtual10','playerVirtual10_480b249975',4,'2018-02-24 11:24:07',NULL,0),(546,'playerVirtual10','playerVirtual10_1436344784',1,'2018-02-24 11:24:11',NULL,0),(547,'playerVirtual8','playerVirtual8_4246147567',1,'2018-02-24 11:24:30',NULL,0),(548,'playerVirtual8','playerVirtual8_72fef5e2f3',4,'2018-02-24 11:24:30',NULL,0),(549,'playerVirtual8','playerVirtual8_4246147567',1,'2018-02-24 11:24:30',NULL,0),(550,'playerVirtual15','playerVirtual15_4246147567',1,'2018-02-24 11:25:04',NULL,0),(551,'playerVirtual15','playerVirtual15_c4b085afdc',4,'2018-02-24 11:25:04',NULL,0),(552,'playerVirtual15','playerVirtual15_4246147567',1,'2018-02-24 11:25:04',NULL,0),(553,'playerVirtual19','playerVirtual19_6335261139',0,'2018-02-24 11:28:18',NULL,0),(554,'playerVirtual19','playerVirtual19_6335261139',0,'2018-02-24 11:28:18',NULL,0),(555,'playerVirtual5','playerVirtual5_4246147567',0,'2018-02-24 11:28:38',NULL,0),(556,'playerVirtual5','playerVirtual5_7b384a073b',3,'2018-02-24 11:28:38',NULL,0),(557,'playerVirtual5','playerVirtual5_4246147567',0,'2018-02-24 11:28:38',NULL,0),(558,'playerVirtual19','playerVirtual19_e3ddea405b',3,'2018-02-24 11:29:18',NULL,0),(559,'playerVirtual11','playerVirtual11_6f15b530cd',3,'2018-02-24 11:29:24',NULL,0),(560,'playerVirtual13','playerVirtual13_4246147567',0,'2018-02-24 11:29:49',NULL,0),(561,'playerVirtual13','playerVirtual13_4246147567',0,'2018-02-24 11:29:49',NULL,0),(562,'playerVirtual2','playerVirtual2_4246147567',1,'2018-02-24 11:30:40',NULL,0),(563,'playerVirtual2','playerVirtual2_d04ea17006',3,'2018-02-24 11:30:41',NULL,0),(564,'playerVirtual2','playerVirtual2_4246147567',1,'2018-02-24 11:30:41',NULL,0),(565,'playerVirtual13','playerVirtual13_651a2a1ef0',3,'2018-02-24 11:30:49',NULL,0),(566,'playerVirtual9','playerVirtual9_4246147567',1,'2018-02-24 11:31:10',NULL,0),(567,'playerVirtual9','playerVirtual9_83e50fb2a9',3,'2018-02-24 11:31:10',NULL,0),(568,'playerVirtual9','playerVirtual9_4246147567',1,'2018-02-24 11:31:10',NULL,0),(569,'playerVirtual12','playerVirtual12_e0d0c0d125',4,'2018-02-24 11:32:25',NULL,0),(570,'playerVirtual16','playerVirtual16_4246147567',0,'2018-02-24 11:33:23',NULL,0),(571,'playerVirtual16','playerVirtual16_0fe5aecf82',3,'2018-02-24 11:33:24',NULL,0),(572,'playerVirtual16','playerVirtual16_4246147567',0,'2018-02-24 11:33:24',NULL,0),(573,'playerVirtual13','playerVirtual13_4246147567',1,'2018-02-24 11:34:25',NULL,0),(574,'playerVirtual13','playerVirtual13_2ac149f6f3',4,'2018-02-24 11:34:25',NULL,0),(575,'playerVirtual13','playerVirtual13_4246147567',1,'2018-02-24 11:34:25',NULL,0),(576,'playerVirtual16','playerVirtual16_4246147567',1,'2018-02-24 11:34:38',NULL,0),(577,'playerVirtual16','playerVirtual16_3b45ef0b2d',4,'2018-02-24 11:34:38',NULL,0),(578,'playerVirtual16','playerVirtual16_4246147567',1,'2018-02-24 11:34:38',NULL,0),(579,'playerVirtual19','playerVirtual19_272887063',0,'2018-02-24 11:35:38',NULL,0),(580,'playerVirtual19','playerVirtual19_272887063',0,'2018-02-24 11:35:39',NULL,0),(581,'playerVirtual19','playerVirtual19_197e2a390d',4,'2018-02-24 11:36:39',NULL,0),(582,'playerVirtual5','playerVirtual5_5ed1b26901',4,'2018-02-24 11:37:35',NULL,0),(583,'playerVirtual4','playerVirtual4_4246147567',0,'2018-02-24 11:37:46',NULL,0),(584,'playerVirtual4','playerVirtual4_ecf6e9d20b',3,'2018-02-24 11:37:46',NULL,0),(585,'playerVirtual4','playerVirtual4_4246147567',0,'2018-02-24 11:37:47',NULL,0),(586,'playerVirtual14','playerVirtual14_4246147567',1,'2018-02-24 11:38:51',NULL,0),(587,'playerVirtual14','playerVirtual14_882813170a',3,'2018-02-24 11:38:51',NULL,0),(588,'playerVirtual14','playerVirtual14_4246147567',1,'2018-02-24 11:38:51',NULL,0),(589,'playerVirtual6','playerVirtual6_4246147567',0,'2018-02-24 11:40:15',NULL,0),(590,'playerVirtual6','playerVirtual6_b4e10c7a57',4,'2018-02-24 11:40:15',NULL,0),(591,'playerVirtual6','playerVirtual6_4246147567',0,'2018-02-24 11:40:16',NULL,0),(592,'playerVirtual17','playerVirtual17_3bf524722f',3,'2018-02-24 11:40:44',NULL,0),(593,'playerVirtual8','playerVirtual8_4246147567',0,'2018-02-24 11:40:48',NULL,0),(594,'playerVirtual8','playerVirtual8_bafe25a510',3,'2018-02-24 11:40:48',NULL,0),(595,'playerVirtual8','playerVirtual8_4246147567',0,'2018-02-24 11:40:49',NULL,0),(596,'playerVirtual3','playerVirtual3_4246147567',0,'2018-02-24 11:41:14',NULL,0),(597,'playerVirtual3','playerVirtual3_bdaf44ecce',3,'2018-02-24 11:41:14',NULL,0),(598,'playerVirtual3','playerVirtual3_4246147567',0,'2018-02-24 11:41:18',NULL,0),(599,'playerVirtual10','playerVirtual10_990694203',0,'2018-02-24 11:44:18',NULL,0),(600,'playerVirtual10','playerVirtual10_990694203',0,'2018-02-24 11:44:19',NULL,0);
/*!40000 ALTER TABLE `REQUEST` ENABLE KEYS */;
UNLOCK TABLES;

--
-- Table structure for table `STATUS`
--

DROP TABLE IF EXISTS `STATUS`;
/*!40101 SET @saved_cs_client     = @@character_set_client */;
/*!40101 SET character_set_client = utf8 */;
CREATE TABLE `STATUS` (
  `id` int(11) NOT NULL AUTO_INCREMENT,
  `players` int(11) DEFAULT '0',
  `all_requests` int(11) DEFAULT '0',
  `accepts` int(11) DEFAULT '0',
  `rejects` int(11) DEFAULT '0',
  `fairness` float DEFAULT '0',
  `timestamp` timestamp NULL DEFAULT NULL,
  PRIMARY KEY (`id`)
) ENGINE=InnoDB AUTO_INCREMENT=32 DEFAULT CHARSET=utf8;
/*!40101 SET character_set_client = @saved_cs_client */;

--
-- Dumping data for table `STATUS`
--

LOCK TABLES `STATUS` WRITE;
/*!40000 ALTER TABLE `STATUS` DISABLE KEYS */;
INSERT INTO `STATUS` VALUES (1,0,0,0,0,0,'2018-02-24 09:14:14'),(2,2,4,3,1,0.75,'2018-02-24 09:19:14'),(3,3,10,8,2,0.8,'2018-02-24 09:24:14'),(4,4,15,11,4,0.733333,'2018-02-24 09:29:14'),(5,5,20,16,4,0.8,'2018-02-24 09:34:14'),(6,6,26,22,4,0.846154,'2018-02-24 09:39:14'),(7,7,34,30,4,0.882353,'2018-02-24 09:44:15'),(8,8,41,36,5,0.878049,'2018-02-24 09:49:15'),(9,9,47,40,7,0.851064,'2018-02-24 09:54:15'),(10,10,54,47,7,0.87037,'2018-02-24 09:59:15'),(11,11,58,51,7,0.87931,'2018-02-24 10:04:15'),(12,12,64,55,9,0.859375,'2018-02-24 10:09:15'),(13,13,72,63,9,0.875,'2018-02-24 10:14:16'),(14,14,78,69,9,0.884615,'2018-02-24 10:19:16'),(15,15,80,69,11,0.8625,'2018-02-24 10:24:16'),(16,16,83,71,12,0.855422,'2018-02-24 10:29:16'),(17,17,86,74,12,0.860465,'2018-02-24 10:34:16'),(18,18,89,77,12,0.865169,'2018-02-24 10:39:16'),(19,19,91,78,13,0.857143,'2018-02-24 10:44:16'),(20,19,96,83,13,0.864583,'2018-02-24 10:49:16'),(21,19,101,88,13,0.871287,'2018-02-24 10:54:17'),(22,19,105,91,14,0.866667,'2018-02-24 10:59:17'),(23,19,110,95,15,0.863636,'2018-02-24 11:04:17'),(24,19,112,94,18,0.839286,'2018-02-24 11:09:17'),(25,19,115,97,18,0.843478,'2018-02-24 11:14:17'),(26,19,117,99,18,0.846154,'2018-02-24 11:19:17'),(27,19,122,102,20,0.836066,'2018-02-24 11:24:17'),(28,19,124,103,21,0.830645,'2018-02-24 11:29:17'),(29,19,126,105,21,0.833333,'2018-02-24 11:34:18'),(30,19,128,106,22,0.828125,'2018-02-24 11:39:18'),(31,19,131,108,23,0.824427,'2018-02-24 11:44:18');
/*!40000 ALTER TABLE `STATUS` ENABLE KEYS */;
UNLOCK TABLES;

--
-- Table structure for table `THRESHOLD`
--

DROP TABLE IF EXISTS `THRESHOLD`;
/*!40101 SET @saved_cs_client     = @@character_set_client */;
/*!40101 SET character_set_client = utf8 */;
CREATE TABLE `THRESHOLD` (
  `division` int(11) NOT NULL,
  `botton` float DEFAULT '0',
  `top` float DEFAULT '0',
  PRIMARY KEY (`division`)
) ENGINE=InnoDB DEFAULT CHARSET=utf8;
/*!40101 SET character_set_client = @saved_cs_client */;

--
-- Dumping data for table `THRESHOLD`
--

LOCK TABLES `THRESHOLD` WRITE;
/*!40000 ALTER TABLE `THRESHOLD` DISABLE KEYS */;
INSERT INTO `THRESHOLD` VALUES (1,8.76,20),(2,4.38,8.76),(3,0,4.38);
/*!40000 ALTER TABLE `THRESHOLD` ENABLE KEYS */;
UNLOCK TABLES;

--
-- Table structure for table `VM`
--

DROP TABLE IF EXISTS `VM`;
/*!40101 SET @saved_cs_client     = @@character_set_client */;
/*!40101 SET character_set_client = utf8 */;
CREATE TABLE `VM` (
  `id` int(11) NOT NULL AUTO_INCREMENT,
  `origin_add` varchar(45) NOT NULL,
  `origin_id` varchar(45) NOT NULL,
  `origin_name` varchar(45) NOT NULL,
  `destiny_add` varchar(45) NOT NULL,
  `destiny_name` varchar(45) NOT NULL,
  `destiny_id` varchar(45) NOT NULL,
  `status` tinyint(1) NOT NULL,
  `has_resources` tinyint(1) NOT NULL,
  `vcpus` int(11) NOT NULL,
  `mem` bigint(20) NOT NULL,
  `disk` bigint(20) NOT NULL,
  `timestamp_received` timestamp NULL DEFAULT NULL,
  `timestamp_finished` timestamp NULL DEFAULT NULL,
  PRIMARY KEY (`id`)
) ENGINE=InnoDB AUTO_INCREMENT=133 DEFAULT CHARSET=utf8;
/*!40101 SET character_set_client = @saved_cs_client */;

--
-- Dumping data for table `VM`
--

LOCK TABLES `VM` WRITE;
/*!40000 ALTER TABLE `VM` DISABLE KEYS */;
INSERT INTO `VM` VALUES (1,'192.168.0.200','playerVirtual1_450512000','playerVirtual1','192.168.0.200','playerVirtual2','playerVirtual2_d468724cec',1,1,1,2048,20,'2018-02-24 09:16:36',NULL),(2,'192.168.0.200','playerVirtual2_1438244924','playerVirtual2','192.168.0.200','playerVirtual1','playerVirtual1_734569249b',3,1,1,2048,20,'2018-02-24 09:16:38','2018-02-24 10:21:33'),(3,'192.168.0.200','playerVirtual1_640692267','playerVirtual1','192.168.0.200','playerVirtual2','playerVirtual2_c1f35bcc64',1,1,1,512,1,'2018-02-24 09:18:42',NULL),(4,'192.168.0.200','playerVirtual2_2381571381','playerVirtual2','192.168.0.200','playerVirtual1','playerVirtual2_2381571381',0,0,1,2048,20,'2018-02-24 09:18:43','2018-02-24 09:18:43'),(5,'192.168.0.200','playerVirtual1_5297461910','playerVirtual1','192.168.0.200','playerVirtual3','playerVirtual3_c3cf25e76e',1,1,1,512,1,'2018-02-24 09:20:45',NULL),(6,'192.168.0.200','playerVirtual2_2790332778','playerVirtual2','192.168.0.200','playerVirtual3','playerVirtual3_ecb10247df',1,1,2,4096,40,'2018-02-24 09:20:50',NULL),(7,'192.168.0.200','playerVirtual3_369721705','playerVirtual3','192.168.0.200','playerVirtual2','playerVirtual2_2079949337',1,1,2,4096,40,'2018-02-24 09:21:51',NULL),(8,'192.168.0.200','playerVirtual1_317469422','playerVirtual1','192.168.0.200','playerVirtual2','playerVirtual2_8387d547fd',1,1,2,4096,40,'2018-02-24 09:22:54',NULL),(9,'192.168.0.200','playerVirtual2_6955737','playerVirtual2','192.168.0.200','playerVirtual1','playerVirtual2_6955737',0,0,1,2048,20,'2018-02-24 09:22:55','2018-02-24 09:22:55'),(10,'192.168.0.200','playerVirtual3_257338104','playerVirtual3','192.168.0.200','playerVirtual2','playerVirtual2_049a9badb2',1,1,2,4096,40,'2018-02-24 09:23:52',NULL),(11,'192.168.0.200','playerVirtual2_2433236783','playerVirtual2','192.168.0.200','playerVirtual3','playerVirtual2_2433236783',0,0,1,2048,20,'2018-02-24 09:25:03','2018-02-24 09:25:03'),(12,'192.168.0.200','playerVirtual3_3338579772','playerVirtual3','192.168.0.200','playerVirtual4','playerVirtual4_8c79a32546',3,1,1,2048,20,'2018-02-24 09:26:06','2018-02-24 10:17:49'),(13,'192.168.0.200','playerVirtual2_182859403','playerVirtual2','192.168.0.200','playerVirtual4','playerVirtual4_9234903704',3,1,1,512,1,'2018-02-24 09:27:17','2018-02-24 09:59:03'),(14,'192.168.0.200','playerVirtual3_2359368952','playerVirtual3','192.168.0.200','playerVirtual4','playerVirtual4_fb6e973ae0',3,1,1,512,1,'2018-02-24 09:28:17','2018-02-24 09:51:59'),(15,'192.168.0.200','playerVirtual4_16917741','playerVirtual4','192.168.0.200','playerVirtual3','playerVirtual4_16917741',0,0,1,512,1,'2018-02-24 09:29:02','2018-02-24 09:29:02'),(16,'192.168.0.200','playerVirtual2_2545640208','playerVirtual2','192.168.0.200','playerVirtual4','playerVirtual4_4e8d6753a6',1,1,1,2048,20,'2018-02-24 09:29:40',NULL),(17,'192.168.0.200','playerVirtual3_908315','playerVirtual3','192.168.0.200','playerVirtual5','playerVirtual5_f0ef9d668b',3,1,1,2048,20,'2018-02-24 09:30:44','2018-02-24 10:35:07'),(18,'192.168.0.200','playerVirtual4_539194189','playerVirtual4','192.168.0.200','playerVirtual5','playerVirtual5_990c778ca7',3,1,1,2048,20,'2018-02-24 09:31:33','2018-02-24 10:47:02'),(19,'192.168.0.200','playerVirtual5_4820204870','playerVirtual5','192.168.0.200','playerVirtual4','playerVirtual4_f7ba3021e7',3,1,2,4096,40,'2018-02-24 09:33:00','2018-02-24 09:59:39'),(20,'192.168.0.200','playerVirtual2_8058564','playerVirtual2','192.168.0.200','playerVirtual5','playerVirtual5_44a184bb98',1,1,1,2048,20,'2018-02-24 09:33:34',NULL),(21,'192.168.0.200','playerVirtual3_1429160667','playerVirtual3','192.168.0.200','playerVirtual5','playerVirtual5_297fbcc228',1,1,1,2048,20,'2018-02-24 09:34:35',NULL),(22,'192.168.0.200','playerVirtual4_3338010893','playerVirtual4','192.168.0.200','playerVirtual2','playerVirtual2_1d2d3d5b2e',1,1,1,512,1,'2018-02-24 09:35:20',NULL),(23,'192.168.0.200','playerVirtual5_82730999','playerVirtual5','192.168.0.200','playerVirtual6','playerVirtual6_9d2c54ecad',1,1,1,512,1,'2018-02-24 09:35:57',NULL),(24,'192.168.0.200','playerVirtual2_351652724','playerVirtual2','192.168.0.200','playerVirtual4','playerVirtual4_37d6aae6af',1,1,1,2048,20,'2018-02-24 09:36:05',NULL),(25,'192.168.0.200','playerVirtual3_778566023','playerVirtual3','192.168.0.200','playerVirtual5','playerVirtual5_a0f4006335',1,1,1,512,1,'2018-02-24 09:37:11',NULL),(26,'192.168.0.200','playerVirtual4_1436344784','playerVirtual4','192.168.0.200','playerVirtual2','playerVirtual2_1b6c9cd59e',3,1,1,2048,20,'2018-02-24 09:38:05','2018-02-24 10:28:21'),(27,'192.168.0.200','playerVirtual5_1339662','playerVirtual5','192.168.0.200','playerVirtual6','playerVirtual6_b8dddf2ac0',1,1,1,2048,20,'2018-02-24 09:39:33',NULL),(28,'192.168.0.200','playerVirtual2_317497342','playerVirtual2','192.168.0.200','playerVirtual4','playerVirtual4_f4abe18221',1,1,1,512,1,'2018-02-24 09:40:07',NULL),(29,'192.168.0.200','playerVirtual6_904011','playerVirtual6','192.168.0.200','playerVirtual7','playerVirtual7_9542efee25',3,1,1,2048,20,'2018-02-24 09:41:08','2018-02-24 10:36:42'),(30,'192.168.0.200','playerVirtual3_284794223','playerVirtual3','192.168.0.200','playerVirtual6','playerVirtual6_c46a091aa3',1,1,1,2048,20,'2018-02-24 09:41:08',NULL),(31,'192.168.0.200','playerVirtual4_359920779','playerVirtual4','192.168.0.200','playerVirtual2','playerVirtual2_c6d6ca0325',3,1,1,512,1,'2018-02-24 09:41:53','2018-02-24 11:20:00'),(32,'192.168.0.200','playerVirtual5_257338074','playerVirtual5','192.168.0.200','playerVirtual6','playerVirtual6_7f8edd2a5a',1,1,2,4096,40,'2018-02-24 09:42:34',NULL),(33,'192.168.0.200','playerVirtual2_905614','playerVirtual2','192.168.0.200','playerVirtual4','playerVirtual4_69a24a0af2',1,1,1,2048,20,'2018-02-24 09:42:39',NULL),(34,'192.168.0.200','playerVirtual3_6569547','playerVirtual3','192.168.0.200','playerVirtual6','playerVirtual6_f757c09f2b',1,1,1,2048,20,'2018-02-24 09:43:47',NULL),(35,'192.168.0.200','playerVirtual4_470485660','playerVirtual4','192.168.0.200','playerVirtual6','playerVirtual6_3e6473389e',1,1,2,4096,40,'2018-02-24 09:44:44',NULL),(36,'192.168.0.200','playerVirtual6_1093460','playerVirtual6','192.168.0.200','playerVirtual3','playerVirtual6_1093460',0,0,1,512,1,'2018-02-24 09:45:35','2018-02-24 09:45:35'),(37,'192.168.0.200','playerVirtual5_30788568','playerVirtual5','192.168.0.200','playerVirtual8','playerVirtual8_5348176deb',1,1,1,512,1,'2018-02-24 09:46:13',NULL),(38,'192.168.0.200','playerVirtual2_5792765','playerVirtual2','192.168.0.200','playerVirtual4','playerVirtual4_01e7068fca',1,1,1,512,1,'2018-02-24 09:46:48',NULL),(39,'192.168.0.200','playerVirtual3_38671842','playerVirtual3','192.168.0.200','playerVirtual6','playerVirtual6_7981ce5c07',1,1,1,512,1,'2018-02-24 09:47:57',NULL),(40,'192.168.0.200','playerVirtual6_4820217293','playerVirtual6','192.168.0.200','playerVirtual8','playerVirtual8_bbcb9f149a',1,1,2,4096,40,'2018-02-24 09:48:08',NULL),(41,'192.168.0.200','playerVirtual4_4819935267','playerVirtual4','192.168.0.200','playerVirtual8','playerVirtual8_d7091f85b6',1,1,2,4096,40,'2018-02-24 09:48:51',NULL),(42,'192.168.0.200','playerVirtual5_6264344062','playerVirtual5','192.168.0.200','playerVirtual7','playerVirtual5_6264344062',0,0,1,512,1,'2018-02-24 09:49:31','2018-02-24 09:49:31'),(43,'192.168.0.200','playerVirtual8_4820318661','playerVirtual8','192.168.0.200','playerVirtual5','playerVirtual8_4820318661',0,0,2,4096,40,'2018-02-24 09:49:36','2018-02-24 09:49:36'),(44,'192.168.0.200','playerVirtual2_5068098508','playerVirtual2','192.168.0.200','playerVirtual8','playerVirtual8_27d68af593',3,1,1,2048,20,'2018-02-24 09:49:56','2018-02-24 10:39:09'),(45,'192.168.0.200','playerVirtual4_1095593','playerVirtual4','192.168.0.200','playerVirtual9','playerVirtual9_a6dfe7d66b',3,1,1,512,1,'2018-02-24 09:53:11','2018-02-24 10:33:17'),(46,'192.168.0.200','playerVirtual8_563574327','playerVirtual8','192.168.0.200','playerVirtual4','playerVirtual4_b784e7fa92',1,1,1,2048,20,'2018-02-24 09:53:17',NULL),(47,'192.168.0.200','playerVirtual6_227443932','playerVirtual6','192.168.0.200','playerVirtual8','playerVirtual8_6086b96773',1,1,1,2048,20,'2018-02-24 09:54:03',NULL),(48,'192.168.0.200','playerVirtual5_2148750930','playerVirtual5','192.168.0.200','playerVirtual9','playerVirtual9_c2a027e309',1,1,1,2048,20,'2018-02-24 09:54:45',NULL),(49,'192.168.0.200','playerVirtual2_16915963','playerVirtual2','192.168.0.200','playerVirtual8','playerVirtual8_d7e86e67e5',1,1,1,2048,20,'2018-02-24 09:55:31',NULL),(50,'192.168.0.200','playerVirtual3_5623125514','playerVirtual3','192.168.0.200','playerVirtual10','playerVirtual10_129d26e996',1,1,1,2048,20,'2018-02-24 09:55:42',NULL),(51,'192.168.0.200','playerVirtual9_765651','playerVirtual9','192.168.0.200','playerVirtual10','playerVirtual10_50edcf4bc6',1,1,1,2048,20,'2018-02-24 09:56:19',NULL),(52,'192.168.0.200','playerVirtual6_38676294','playerVirtual6','192.168.0.200','playerVirtual8','playerVirtual8_0d50ded52e',1,1,1,512,1,'2018-02-24 09:57:02',NULL),(53,'192.168.0.200','playerVirtual4_272887063','playerVirtual4','192.168.0.200','playerVirtual10','playerVirtual10_3fdeda4c4f',3,1,1,2048,20,'2018-02-24 09:57:40','2018-02-24 10:08:40'),(54,'192.168.0.200','playerVirtual8_6274355716','playerVirtual8','192.168.0.200','playerVirtual10','playerVirtual10_e14b580432',3,1,1,512,1,'2018-02-24 09:58:27','2018-02-24 10:25:45'),(55,'192.168.0.200','playerVirtual9_990694203','playerVirtual9','192.168.0.200','playerVirtual10','playerVirtual10_5d805ecb05',3,1,1,2048,20,'2018-02-24 10:00:20','2018-02-24 10:06:59'),(56,'192.168.0.200','playerVirtual3_990694203','playerVirtual3','192.168.0.200','playerVirtual11','playerVirtual11_ced28d5306',3,1,1,2048,20,'2018-02-24 10:01:26','2018-02-24 10:06:09'),(57,'192.168.0.200','playerVirtual10_182859403','playerVirtual10','192.168.0.200','playerVirtual11','playerVirtual11_2715615ee6',3,1,1,512,1,'2018-02-24 10:02:34','2018-02-24 10:33:47'),(58,'192.168.0.200','playerVirtual4_6280643141','playerVirtual4','192.168.0.200','playerVirtual8','playerVirtual8_7363782b07',1,1,1,512,1,'2018-02-24 10:03:55',NULL),(59,'192.168.0.200','playerVirtual8_272887063','playerVirtual8','192.168.0.200','playerVirtual4','playerVirtual4_d93f0347fa',1,1,1,2048,20,'2018-02-24 10:04:18',NULL),(60,'192.168.0.200','playerVirtual5_6282149131','playerVirtual5','192.168.0.200','playerVirtual10','playerVirtual10_d9b6524c5d',1,1,1,512,1,'2018-02-24 10:04:48',NULL),(61,'192.168.0.200','playerVirtual6_6280638724','playerVirtual6','192.168.0.200','playerVirtual11','playerVirtual11_cf0acd8f42',1,1,1,512,1,'2018-02-24 10:04:49',NULL),(62,'192.168.0.200','playerVirtual2_4476462938','playerVirtual2','192.168.0.200','playerVirtual8','playerVirtual8_88e30433e1',1,1,1,2048,20,'2018-02-24 10:05:29',NULL),(63,'192.168.0.200','playerVirtual11_2359368952','playerVirtual11','192.168.0.200','playerVirtual12','playerVirtual12_12d8680f80',1,1,1,512,1,'2018-02-24 10:08:38',NULL),(64,'192.168.0.200','playerVirtual6_182859403','playerVirtual6','192.168.0.200','playerVirtual4','playerVirtual4_000b961f15',3,1,1,512,1,'2018-02-24 10:08:44','2018-02-24 10:25:53'),(65,'192.168.0.200','playerVirtual8_214880781','playerVirtual8','192.168.0.200','playerVirtual10','playerVirtual10_32304ddefb',1,1,1,2048,20,'2018-02-24 10:09:53',NULL),(66,'192.168.0.200','playerVirtual2_6285257156','playerVirtual2','192.168.0.200','playerVirtual11','playerVirtual11_ad3a76929d',1,1,1,512,1,'2018-02-24 10:09:56',NULL),(67,'192.168.0.200','playerVirtual5_16914091','playerVirtual5','192.168.0.200','playerVirtual12','playerVirtual12_0c0dac5817',1,1,1,2048,20,'2018-02-24 10:10:09',NULL),(68,'192.168.0.200','playerVirtual9_6955737','playerVirtual9','192.168.0.200','playerVirtual13','playerVirtual13_44c2c2fd63',3,1,1,2048,20,'2018-02-24 10:11:39','2018-02-24 10:18:18'),(69,'192.168.0.200','playerVirtual3_6641406','playerVirtual3','192.168.0.200','playerVirtual10','playerVirtual10_90cad2c982',1,1,1,2048,20,'2018-02-24 10:12:13',NULL),(70,'192.168.0.200','playerVirtual11_3338579772','playerVirtual11','192.168.0.200','playerVirtual12','playerVirtual12_3905c917c9',1,1,1,2048,20,'2018-02-24 10:12:14',NULL),(71,'192.168.0.200','playerVirtual10_682797','playerVirtual10','192.168.0.200','playerVirtual11','playerVirtual11_0041d9236b',1,1,1,2048,20,'2018-02-24 10:12:57',NULL),(72,'192.168.0.200','playerVirtual12_1094955','playerVirtual12','192.168.0.200','playerVirtual13','playerVirtual13_0736634eb9',1,1,1,512,1,'2018-02-24 10:13:59',NULL),(73,'192.168.0.200','playerVirtual4_1438244924','playerVirtual4','192.168.0.200','playerVirtual10','playerVirtual10_80819d6e30',3,1,1,2048,20,'2018-02-24 10:15:33','2018-02-24 10:21:08'),(74,'192.168.0.200','playerVirtual6_2381571381','playerVirtual6','192.168.0.200','playerVirtual14','playerVirtual14_d02c910177',1,1,1,2048,20,'2018-02-24 10:17:35',NULL),(75,'192.168.0.200','playerVirtual10_1436344784','playerVirtual10','192.168.0.200','playerVirtual13','playerVirtual13_254cb3a2a8',3,1,1,2048,20,'2018-02-24 10:17:37','2018-02-24 11:24:12'),(76,'192.168.0.200','playerVirtual8_6289355687','playerVirtual8','192.168.0.200','playerVirtual10','playerVirtual10_cef7c358e5',1,1,1,512,1,'2018-02-24 10:17:41',NULL),(77,'192.168.0.200','playerVirtual5_1438244924','playerVirtual5','192.168.0.200','playerVirtual14','playerVirtual14_3eca3e170e',1,1,1,2048,20,'2018-02-24 10:18:15',NULL),(78,'192.168.0.200','playerVirtual12_794070039','playerVirtual12','192.168.0.200','playerVirtual13','playerVirtual13_50b2dfbc22',1,1,1,512,1,'2018-02-24 10:18:29',NULL),(79,'192.168.0.200','playerVirtual13_2378747961','playerVirtual13','192.168.0.200','playerVirtual14','playerVirtual14_53abe48074',3,1,1,512,1,'2018-02-24 10:20:23','2018-02-24 10:23:52'),(80,'192.168.0.200','playerVirtual11_6289704471','playerVirtual11','192.168.0.200','playerVirtual15','playerVirtual15_3540a0b041',3,1,1,512,1,'2018-02-24 10:22:09','2018-02-24 10:41:31'),(81,'192.168.0.200','playerVirtual9_6296865278','playerVirtual9','192.168.0.200','playerVirtual16','playerVirtual16_d0f6492a89',1,1,1,512,1,'2018-02-24 10:26:44',NULL),(82,'192.168.0.200','playerVirtual3_6296268057','playerVirtual3','192.168.0.200','playerVirtual10','playerVirtual10_d666a9e34c',1,1,1,512,1,'2018-02-24 10:27:08',NULL),(83,'192.168.0.200','playerVirtual14_990694203','playerVirtual14','192.168.0.200','playerVirtual13','playerVirtual13_40989cd384',3,1,1,2048,20,'2018-02-24 10:27:09','2018-02-24 10:29:11'),(84,'192.168.0.200','playerVirtual10_182859403','playerVirtual10','192.168.0.200','playerVirtual4','playerVirtual4_4411227859',3,1,1,512,1,'2018-02-24 10:30:07','2018-02-24 10:33:47'),(85,'192.168.0.200','playerVirtual11_6301942525','playerVirtual11','192.168.0.200','playerVirtual17','playerVirtual17_92b1e83f1b',1,1,1,512,1,'2018-02-24 10:30:34',NULL),(86,'192.168.0.200','playerVirtual12_6264344062','playerVirtual12','192.168.0.200','playerVirtual14','playerVirtual14_2dce299709',1,1,1,2048,20,'2018-02-24 10:31:52',NULL),(87,'192.168.0.200','playerVirtual5_5297461910','playerVirtual5','192.168.0.200','playerVirtual18','playerVirtual18_519fbb9c7c',1,1,1,512,1,'2018-02-24 10:36:20',NULL),(88,'192.168.0.200','playerVirtual8_6274355716','playerVirtual8','192.168.0.200','playerVirtual5','playerVirtual5_7f49a7711c',1,1,1,512,1,'2018-02-24 10:37:28',NULL),(89,'192.168.0.200','playerVirtual9_182859403','playerVirtual9','192.168.0.200','playerVirtual15','playerVirtual15_dc501ec5af',1,1,1,512,1,'2018-02-24 10:38:19',NULL),(90,'192.168.0.200','playerVirtual13_6289704471','playerVirtual13','192.168.0.200','playerVirtual9','playerVirtual9_35bfff8927',3,1,1,2048,20,'2018-02-24 10:39:28','2018-02-24 10:44:03'),(91,'192.168.0.200','playerVirtual12_4246147567','playerVirtual12','192.168.0.200','playerVirtual19','playerVirtual19_30724207a7',3,1,2,4096,40,'2018-02-24 10:40:59','2018-02-24 10:54:19'),(92,'192.168.0.200','playerVirtual5_6315250734','playerVirtual5','192.168.0.200','playerVirtual16','playerVirtual16_4882831b67',1,1,1,512,1,'2018-02-24 10:46:18',NULL),(93,'192.168.0.200','playerVirtual14_908315','playerVirtual14','192.168.0.200','playerVirtual13','playerVirtual13_8d5eddcdb8',1,1,1,2048,20,'2018-02-24 10:47:05',NULL),(94,'192.168.0.200','playerVirtual6_4246147567','playerVirtual6','192.168.0.200','playerVirtual8','playerVirtual8_a74b01011c',3,1,2,4096,40,'2018-02-24 10:47:13','2018-02-24 11:23:17'),(95,'192.168.0.200','playerVirtual8_4246147567','playerVirtual8','192.168.0.200','playerVirtual10','playerVirtual10_9e7edc968f',3,1,2,4096,40,'2018-02-24 10:47:19','2018-02-24 11:24:30'),(96,'192.168.0.200','playerVirtual3_4246147567','playerVirtual3','192.168.0.200','playerVirtual14','playerVirtual14_281485f78b',3,1,2,4096,40,'2018-02-24 10:49:03','2018-02-24 11:20:49'),(97,'192.168.0.200','playerVirtual2_2378747961','playerVirtual2','192.168.0.200','playerVirtual4','playerVirtual4_91aa907c12',1,1,1,512,1,'2018-02-24 10:50:28',NULL),(98,'192.168.0.200','playerVirtual9_6316827871','playerVirtual9','192.168.0.200','playerVirtual18','playerVirtual18_a0dfcc036d',1,1,1,512,1,'2018-02-24 10:50:41',NULL),(99,'192.168.0.200','playerVirtual10_6289704471','playerVirtual10','192.168.0.200','playerVirtual5','playerVirtual5_f570fe9bce',1,1,1,2048,20,'2018-02-24 10:51:06',NULL),(100,'192.168.0.200','playerVirtual14_4246147567','playerVirtual14','192.168.0.200','playerVirtual15','playerVirtual15_c1bbf11a01',3,1,2,4096,40,'2018-02-24 10:53:18','2018-02-24 11:38:51'),(101,'192.168.0.200','playerVirtual11_4246147567','playerVirtual11','192.168.0.200','playerVirtual9','playerVirtual9_cd810f6d66',3,1,2,4096,40,'2018-02-24 10:53:36','2018-02-24 11:04:32'),(102,'192.168.0.200','playerVirtual18_4246147567','playerVirtual18','192.168.0.200','playerVirtual19','playerVirtual19_8f7716c5cf',3,1,2,4096,40,'2018-02-24 10:55:49','2018-02-24 11:21:53'),(103,'192.168.0.200','playerVirtual4_4246147567','playerVirtual4','192.168.0.200','playerVirtual2','playerVirtual2_cbb97f67a2',3,1,2,4096,40,'2018-02-24 10:55:55','2018-02-24 11:10:40'),(104,'192.168.0.200','playerVirtual10_4246147567','playerVirtual10','192.168.0.200','playerVirtual16','playerVirtual16_2379627bbc',3,1,2,4096,40,'2018-02-24 10:58:21','2018-02-24 11:16:32'),(105,'192.168.0.200','playerVirtual15_4246147567','playerVirtual15','192.168.0.200','playerVirtual13','playerVirtual13_7a3ca973f7',3,1,2,4096,40,'2018-02-24 10:58:22','2018-02-24 11:25:04'),(106,'192.168.0.200','playerVirtual5_4246147567','playerVirtual5','192.168.0.200','playerVirtual14','playerVirtual14_771618c8ea',3,1,2,4096,40,'2018-02-24 11:01:13','2018-02-24 11:11:10'),(107,'192.168.0.200','playerVirtual19_5068098508','playerVirtual19','192.168.0.200','playerVirtual18','playerVirtual18_260cb1f301',3,1,1,2048,20,'2018-02-24 11:01:35','2018-02-24 11:06:18'),(108,'192.168.0.200','playerVirtual13_990694203','playerVirtual13','192.168.0.200','playerVirtual10','playerVirtual10_6382a41a95',3,1,1,2048,20,'2018-02-24 11:02:51','2018-02-24 11:07:27'),(109,'192.168.0.200','playerVirtual2_1095593','playerVirtual2','192.168.0.200','playerVirtual8','playerVirtual8_93765c0f86',1,1,1,512,1,'2018-02-24 11:03:36',NULL),(110,'192.168.0.200','playerVirtual9_6322213339','playerVirtual9','192.168.0.200','playerVirtual19','playerVirtual19_815bc213a2',1,1,1,512,1,'2018-02-24 11:03:39',NULL),(111,'192.168.0.200','playerVirtual12_359920779','playerVirtual12','192.168.0.200','playerVirtual9','playerVirtual9_6f7b8fda08',1,1,1,512,1,'2018-02-24 11:05:41',NULL),(112,'192.168.0.200','playerVirtual16_4246147567','playerVirtual16','192.168.0.200','playerVirtual15','playerVirtual15_ac0e7dd218',3,1,2,4096,40,'2018-02-24 11:06:13','2018-02-24 11:34:39'),(113,'192.168.0.200','playerVirtual6_4246147567','playerVirtual6','192.168.0.200','playerVirtual13','playerVirtual13_0c82c6407d',3,1,2,4096,40,'2018-02-24 11:12:29','2018-02-24 11:23:17'),(114,'192.168.0.200','playerVirtual8_4246147567','playerVirtual8','192.168.0.200','playerVirtual4','playerVirtual4_660a9e47da',3,1,2,4096,40,'2018-02-24 11:12:48','2018-02-24 11:24:30'),(115,'192.168.0.200','playerVirtual3_4246147567','playerVirtual3','192.168.0.200','playerVirtual18','playerVirtual18_99f8924a03',3,1,2,4096,40,'2018-02-24 11:13:52','2018-02-24 11:20:49'),(116,'192.168.0.200','playerVirtual2_4246147567','playerVirtual2','192.168.0.200','playerVirtual16','playerVirtual16_6e7bea43f5',3,1,2,4096,40,'2018-02-24 11:17:33','2018-02-24 11:30:41'),(117,'192.168.0.200','playerVirtual9_4246147567','playerVirtual9','192.168.0.200','playerVirtual14','playerVirtual14_7f11e1b57f',3,1,2,4096,40,'2018-02-24 11:18:12','2018-02-24 11:31:10'),(118,'192.168.0.200','playerVirtual11_4246147567','playerVirtual11','192.168.0.200','playerVirtual3','playerVirtual11_4246147567',0,0,2,4096,40,'2018-02-24 11:19:28','2018-02-24 11:19:28'),(119,'192.168.0.200','playerVirtual18_4246147567','playerVirtual18','192.168.0.200','playerVirtual10','playerVirtual10_85b7036312',3,1,2,4096,40,'2018-02-24 11:20:51','2018-02-24 11:21:53'),(120,'192.168.0.200','playerVirtual14_4246147567','playerVirtual14','192.168.0.200','playerVirtual19','playerVirtual19_c8666daa46',3,1,2,4096,40,'2018-02-24 11:21:03','2018-02-24 11:38:51'),(121,'192.168.0.200','playerVirtual12_4246147567','playerVirtual12','192.168.0.200','playerVirtual11','playerVirtual12_4246147567',0,0,2,4096,40,'2018-02-24 11:21:03','2018-02-24 11:21:03'),(122,'192.168.0.200','playerVirtual15_4246147567','playerVirtual15','192.168.0.200','playerVirtual13','playerVirtual13_94927c0906',3,1,2,4096,40,'2018-02-24 11:24:03','2018-02-24 11:25:04'),(123,'192.168.0.200','playerVirtual19_6335261139','playerVirtual19','192.168.0.200','playerVirtual15','playerVirtual15_780a834fad',1,1,1,512,1,'2018-02-24 11:28:18',NULL),(124,'192.168.0.200','playerVirtual5_4246147567','playerVirtual5','192.168.0.200','playerVirtual12','playerVirtual5_4246147567',0,0,2,4096,40,'2018-02-24 11:28:38','2018-02-24 11:28:38'),(125,'192.168.0.200','playerVirtual13_4246147567','playerVirtual13','192.168.0.200','playerVirtual18','playerVirtual18_77a769b55d',3,1,2,4096,40,'2018-02-24 11:29:49','2018-02-24 11:34:25'),(126,'192.168.0.200','playerVirtual16_4246147567','playerVirtual16','192.168.0.200','playerVirtual14','playerVirtual14_eb8c0081c7',3,1,2,4096,40,'2018-02-24 11:33:24','2018-02-24 11:34:39'),(127,'192.168.0.200','playerVirtual19_272887063','playerVirtual19','192.168.0.200','playerVirtual16','playerVirtual16_58c40d6d5c',1,1,1,2048,20,'2018-02-24 11:35:39',NULL),(128,'192.168.0.200','playerVirtual4_4246147567','playerVirtual4','192.168.0.200','playerVirtual2','playerVirtual2_60207e11d2',1,1,2,4096,40,'2018-02-24 11:37:47',NULL),(129,'192.168.0.200','playerVirtual6_4246147567','playerVirtual6','192.168.0.200','playerVirtual19','playerVirtual19_57a1eacdbf',1,1,2,4096,40,'2018-02-24 11:40:16',NULL),(130,'192.168.0.200','playerVirtual8_4246147567','playerVirtual8','192.168.0.200','playerVirtual4','playerVirtual4_c5a7164c0a',1,1,2,4096,40,'2018-02-24 11:40:49',NULL),(131,'192.168.0.200','playerVirtual3_4246147567','playerVirtual3','192.168.0.200','playerVirtual17','playerVirtual3_4246147567',0,0,2,4096,40,'2018-02-24 11:41:19','2018-02-24 11:41:19'),(132,'192.168.0.200','playerVirtual10_990694203','playerVirtual10','192.168.0.200','playerVirtual13','playerVirtual13_aa0b26905b',1,1,1,2048,20,'2018-02-24 11:44:19',NULL);
/*!40000 ALTER TABLE `VM` ENABLE KEYS */;
UNLOCK TABLES;
/*!40103 SET TIME_ZONE=@OLD_TIME_ZONE */;

/*!40101 SET SQL_MODE=@OLD_SQL_MODE */;
/*!40014 SET FOREIGN_KEY_CHECKS=@OLD_FOREIGN_KEY_CHECKS */;
/*!40014 SET UNIQUE_CHECKS=@OLD_UNIQUE_CHECKS */;
/*!40101 SET CHARACTER_SET_CLIENT=@OLD_CHARACTER_SET_CLIENT */;
/*!40101 SET CHARACTER_SET_RESULTS=@OLD_CHARACTER_SET_RESULTS */;
/*!40101 SET COLLATION_CONNECTION=@OLD_COLLATION_CONNECTION */;
/*!40111 SET SQL_NOTES=@OLD_SQL_NOTES */;

-- Dump completed on 2018-02-24  8:44:32
