-- MySQL dump 10.14  Distrib 5.5.58-MariaDB, for debian-linux-gnu (x86_64)
--
-- Host: localhost    Database: mct
-- ------------------------------------------------------
-- Server version	5.5.58-MariaDB-1ubuntu0.14.04.1

/*!40101 SET @OLD_CHARACTER_SET_CLIENT=@@CHARACTER_SET_CLIENT */;
/*!40101 SET @OLD_CHARACTER_SET_RESULTS=@@CHARACTER_SET_RESULTS */;
/*!40101 SET @OLD_COLLATION_CONNECTION=@@COLLATION_CONNECTION */;
/*!40101 SET NAMES utf8 */;
/*!40103 SET @OLD_TIME_ZONE=@@TIME_ZONE */;
/*!40103 SET TIME_ZONE='+00:00' */;
/*!40014 SET @OLD_UNIQUE_CHECKS=@@UNIQUE_CHECKS, UNIQUE_CHECKS=0 */;
/*!40014 SET @OLD_FOREIGN_KEY_CHECKS=@@FOREIGN_KEY_CHECKS, FOREIGN_KEY_CHECKS=0 */;
/*!40101 SET @OLD_SQL_MODE=@@SQL_MODE, SQL_MODE='NO_AUTO_VALUE_ON_ZERO' */;
/*!40111 SET @OLD_SQL_NOTES=@@SQL_NOTES, SQL_NOTES=0 */;

--
-- Table structure for table `DIVISION`
--

DROP TABLE IF EXISTS `DIVISION`;
/*!40101 SET @saved_cs_client     = @@character_set_client */;
/*!40101 SET character_set_client = utf8 */;
CREATE TABLE `DIVISION` (
  `division` int(11) NOT NULL,
  `wo` tinyint(1) DEFAULT '0',
  PRIMARY KEY (`division`)
) ENGINE=InnoDB DEFAULT CHARSET=utf8;
/*!40101 SET character_set_client = @saved_cs_client */;

--
-- Dumping data for table `DIVISION`
--

LOCK TABLES `DIVISION` WRITE;
/*!40000 ALTER TABLE `DIVISION` DISABLE KEYS */;
/*!40000 ALTER TABLE `DIVISION` ENABLE KEYS */;
UNLOCK TABLES;

--
-- Table structure for table `FIELDS`
--

DROP TABLE IF EXISTS `FIELDS`;
/*!40101 SET @saved_cs_client     = @@character_set_client */;
/*!40101 SET character_set_client = utf8 */;
CREATE TABLE `FIELDS` (
  `operation` int(11) NOT NULL,
  `fields` varchar(45) NOT NULL,
  PRIMARY KEY (`operation`)
) ENGINE=InnoDB DEFAULT CHARSET=utf8;
/*!40101 SET character_set_client = @saved_cs_client */;

--
-- Dumping data for table `FIELDS`
--

LOCK TABLES `FIELDS` WRITE;
/*!40000 ALTER TABLE `FIELDS` DISABLE KEYS */;
INSERT INTO `FIELDS` VALUES (0,'name mem image vcpus disk uuid');
/*!40000 ALTER TABLE `FIELDS` ENABLE KEYS */;
UNLOCK TABLES;

--
-- Table structure for table `PLAYER`
--

DROP TABLE IF EXISTS `PLAYER`;
/*!40101 SET @saved_cs_client     = @@character_set_client */;
/*!40101 SET character_set_client = utf8 */;
CREATE TABLE `PLAYER` (
  `id` int(11) NOT NULL AUTO_INCREMENT,
  `name` varchar(45) NOT NULL,
  `address` varchar(45) NOT NULL,
  `division` int(11) DEFAULT NULL,
  `score` double DEFAULT '0',
  `history` int(11) DEFAULT '0',
  `fairness` double DEFAULT '0',
  `accepts` int(11) DEFAULT '0',
  `rejects` int(11) DEFAULT '0',
  `running` int(11) DEFAULT '0',
  `finished` int(11) DEFAULT '0',
  `problem_del` int(11) DEFAULT '0',
  `vcpus` int(11) DEFAULT '0',
  `memory` bigint(20) DEFAULT '0',
  `local_gb` bigint(20) DEFAULT '0',
  `vcpus_used` bigint(20) DEFAULT '0',
  `memory_used` bigint(20) DEFAULT '0',
  `local_gb_used` bigint(20) DEFAULT '0',
  `max_instance` int(11) DEFAULT '0',
  `token` varchar(45) DEFAULT NULL,
  `suspend` timestamp NULL DEFAULT NULL,
  `enabled` int(11) DEFAULT '0',
  `last_choice` timestamp NOT NULL DEFAULT '2018-01-01 02:00:00',
  `playoff` tinyint(1) DEFAULT '0',
  `cushion` tinyint(1) DEFAULT '0',
  PRIMARY KEY (`id`)
) ENGINE=InnoDB AUTO_INCREMENT=39 DEFAULT CHARSET=utf8;
/*!40101 SET character_set_client = @saved_cs_client */;

--
-- Dumping data for table `PLAYER`
--

LOCK TABLES `PLAYER` WRITE;
/*!40000 ALTER TABLE `PLAYER` DISABLE KEYS */;
INSERT INTO `PLAYER` VALUES (1,'playerVirtual1','192.168.0.200',1,19.92,28,0.9091,12,0,6,6,0,1023,1047552,10230,6,9216,82,9,'a8aafb23b7f9be8c3b99d8f7fcb58a7b741993fd',NULL,1,'2018-04-08 17:19:16',0,0),(2,'playerVirtual4','192.168.0.200',1,11.62,28,0.7273,7,0,6,1,0,1023,1047552,10230,7,11264,102,6,'f4481f418ff0892e222d9d3ef26376c4c0e26267',NULL,1,'2018-04-08 15:46:17',0,0),(3,'playerVirtual8','192.168.0.200',3,2.32,28,0.5455,2,1,1,1,0,1023,1047552,10230,1,2048,20,1,'1160b6a53fcec6e20c4fca7fb1d0bd0f2018203a',NULL,1,'2018-04-08 15:46:32',0,0),(4,'playerVirtual2','192.168.0.200',1,13.28,29,0.8,8,0,4,4,0,1023,1047552,10230,5,7168,62,4,'a89ad92f92b87d3346a8ac89822f0791d36d396b',NULL,1,'2018-04-08 16:55:57',0,0),(5,'playerVirtual3','192.168.0.200',1,18.26,28,1,11,0,5,6,0,1023,1047552,10230,6,9216,82,6,'008f9eea8664fd7a92e74f270405cb4834ec1190',NULL,1,'2018-04-08 17:23:35',0,0),(6,'playerVirtual6','192.168.0.200',1,8.96,29,0.7,6,1,1,5,0,1023,1047552,10230,2,4096,40,2,'5148b0b97e182afa4d9cbc05facb4c17913d765a',NULL,1,'2018-04-08 17:17:24',0,0),(7,'playerVirtual5','192.168.0.200',1,13.28,28,0.8,8,0,6,2,0,1023,1047552,10230,9,16896,161,6,'ec72848eccfb66d574993f868d80e5c045a6f378',NULL,1,'2018-04-08 16:26:05',0,0),(8,'playerVirtual9','192.168.0.200',1,9.96,29,0.75,6,0,3,3,0,1023,1047552,10230,5,8704,81,5,'39274cce7d7ca88c6cd75005ac93d6bc4de1846a',NULL,1,'2018-04-08 17:04:00',0,0),(9,'playerVirtual7','192.168.0.200',1,13.28,28,1,8,0,6,2,0,1023,1047552,10230,7,11264,102,6,'2e85e8ab9477287b80df7454cfa50f57f25bcb8e',NULL,1,'2018-04-08 15:59:20',0,0),(10,'playerVirtual0','192.168.0.200',1,9.96,29,0.8182,6,0,4,2,0,1023,1047552,10230,6,12288,120,4,'adbd8c9b2eb2f781299fd8da948e3d03fc997545',NULL,1,'2018-04-08 17:10:37',0,0),(11,'playerVirtual10','192.168.0.200',1,18.26,27,1,11,0,2,9,0,1023,1047552,10230,2,1024,2,99,'fc0f42a5586f59190d0f8f68df9875f1634cbad4',NULL,1,'2018-04-08 17:19:35',0,0),(12,'playerVirtual11','192.168.0.200',1,16.6,26,0.5556,10,0,5,5,0,1023,1047552,10230,6,7680,63,99,'a6e603e9d2355aae72531cdca65aa420a7b0d9b3',NULL,1,'2018-04-08 17:06:14',0,0),(13,'playerVirtual12','192.168.0.200',1,16.6,25,0.75,10,0,2,8,0,1023,1047552,10230,2,1024,2,99,'fc799102de7b9317e9d124121bc55c2ba89f82a5',NULL,1,'2018-04-08 17:11:02',0,0),(14,'playerVirtual13','192.168.0.200',1,14.94,24,0.6667,9,0,4,5,0,1023,1047552,10230,5,8704,81,99,'56162394321cc9fe198baf0353c49fe14a750a1a',NULL,1,'2018-04-08 17:18:23',0,0),(15,'playerVirtual14','192.168.0.200',1,13.28,24,0.8333,8,0,3,5,0,1023,1047552,10230,4,8192,80,99,'037bee8cd9837eead3378d6de1e2ebcc46f81d56',NULL,1,'2018-04-08 17:11:59',0,0),(16,'playerVirtual15','192.168.0.200',1,9.96,23,0.8,6,0,2,4,0,1023,1047552,10230,3,6144,60,99,'f1fdacee6c75d689e4c43d5dcebf72513874e986',NULL,1,'2018-04-08 17:13:24',0,0),(17,'playerVirtual16','192.168.0.200',2,8.3,21,0.5,5,0,2,3,0,1023,1047552,10230,3,6144,60,99,'c46b9e8b70d43a3e1377ee7616721c1027f8b095',NULL,1,'2018-04-08 17:08:32',0,0),(18,'playerVirtual17','192.168.0.200',2,8.3,20,0.75,5,0,1,4,0,1023,1047552,10230,1,512,1,99,'37e0204360cc34f662f9384b0c75539e1e4f1da7',NULL,1,'2018-04-08 17:12:49',0,0),(19,'playerVirtual18','192.168.0.200',2,8.3,19,1,5,0,2,3,0,1023,1047552,10230,2,1024,2,99,'309430d1c0a61d38bf376e50a6ec93b8d09a2ed8',NULL,1,'2018-04-08 17:13:51',0,0),(20,'playerVirtual19','192.168.0.200',2,6.64,18,0.6667,5,0,0,5,0,1023,1047552,10230,0,0,0,99,'7aaddce2ac51bbff0ab8884d727ee4f8f69ccdb3',NULL,1,'2018-04-08 17:28:23',0,0),(21,'playerVirtual20','192.168.0.200',2,6.64,17,0.3333,4,0,2,2,0,1023,1047552,10230,2,2560,21,99,'76317cbaa34feb9c4775beae1aec1b4255ef5254',NULL,1,'2018-04-08 17:05:57',0,0),(22,'playerVirtual21','192.168.0.200',2,6.64,16,1,4,0,2,2,0,1023,1047552,10230,2,2560,21,99,'085d68aabbd6b8615e3fa98dc5b6757fc34c3314',NULL,1,'2018-04-08 17:22:27',0,0),(23,'playerVirtual22','192.168.0.200',2,4.98,15,1,3,0,0,3,0,1023,1047552,10230,0,0,0,99,'9dcdf803de24351dcf7ea5ac5e018760f6c2987c',NULL,1,'2018-04-08 17:03:38',0,0),(24,'playerVirtual23','192.168.0.200',2,4.98,14,0.5,3,0,0,3,0,1023,1047552,10230,0,0,0,99,'4b664c88bc760a41214103df33141721e15d5d5f',NULL,1,'2018-04-08 16:57:14',0,0),(25,'playerVirtual24','192.168.0.200',2,4.98,13,1,3,0,0,3,0,1023,1047552,10230,0,0,0,99,'1cef3c3410c3ea55ec737901e824ce7a66ccf412',NULL,1,'2018-04-08 17:04:09',0,0),(26,'playerVirtual25','192.168.0.200',2,4.98,12,1,3,0,0,3,0,1023,1047552,10230,0,0,0,99,'aa7c352e18f4d5c64040b3cc4b5a1625a7a11590',NULL,1,'2018-04-08 17:08:44',0,0),(27,'playerVirtual26','192.168.0.200',2,4.98,11,0,3,0,1,2,0,1023,1047552,10230,1,2048,20,99,'410ea9b4d8f1a732568964a90088c7fd6d0ec4f0',NULL,1,'2018-04-08 17:19:46',0,0),(28,'playerVirtual27','192.168.0.200',3,3.32,10,1,3,0,1,2,0,1023,1047552,10230,1,512,1,99,'b06793a7ce0b64f6d89d781f1b8c2ec29c506b53',NULL,1,'2018-04-08 17:25:36',0,0),(29,'playerVirtual28','192.168.0.200',3,3.32,9,0,2,0,0,2,0,1023,1047552,10230,0,0,0,99,'0283fcd29e20a099ca06ad94f88783e16c7c0705',NULL,1,'2018-04-08 17:14:29',0,0),(30,'playerVirtual29','192.168.0.200',3,3.32,8,0,2,0,0,2,0,1023,1047552,10230,0,0,0,99,'aed55286a0789a9be4a287fe102998ab9d35e4b5',NULL,1,'2018-04-08 17:16:52',0,0),(31,'playerVirtual30','192.168.0.200',3,3.32,7,1,2,0,0,2,0,1023,1047552,10230,0,0,0,99,'e1d3e5ab2e13b65302accbc143f100518fbec6bd',NULL,1,'2018-04-08 17:23:14',0,0),(32,'playerVirtual31','192.168.0.200',3,1.66,6,0,1,0,1,0,0,1023,1047552,10230,1,2048,20,99,'b98214f158ce09100e76ee05442fe8c06749c7e0',NULL,1,'2018-04-08 16:55:47',0,0),(33,'playerVirtual32','192.168.0.200',3,1.66,5,0,1,0,0,1,0,1023,1047552,10230,0,0,0,99,'be2c90748d0cbecd6af76bedd485a6450a0c1be3',NULL,1,'2018-04-08 16:59:55',0,0),(34,'playerVirtual33','192.168.0.200',3,1.66,4,0,1,0,1,0,0,1023,1047552,10230,1,2048,20,99,'6ef8dd4fc0348f6487506c5eefdb4b644075025d',NULL,1,'2018-04-08 17:05:47',0,0),(35,'playerVirtual34','192.168.0.200',3,1.66,3,0,1,0,0,1,0,1023,1047552,10230,0,0,0,99,'192506af2b48a31f33caf3cfbb27a4a1dce51613',NULL,1,'2018-04-08 17:09:56',0,0),(36,'playerVirtual35','192.168.0.200',3,1.66,2,0,1,0,0,1,0,1023,1047552,10230,0,0,0,99,'2aa9bca889830ddcec45750cfc958a3acba3172c',NULL,1,'2018-04-08 17:16:43',0,0),(37,'playerVirtual36','192.168.0.200',3,1.66,1,0,1,0,1,0,0,1023,1047552,10230,2,4096,40,99,'29f0b14a07942079893380c89f36fd34baf13427',NULL,1,'2018-04-08 17:21:44',0,0),(38,'playerVirtual37','192.168.0.200',3,0,0,0,1,0,1,0,0,1023,1047552,10230,2,4096,40,99,'8acb5c72afc89df3ba4e38335d2dfeb2eccae461',NULL,1,'2018-04-08 17:24:52',0,0);
/*!40000 ALTER TABLE `PLAYER` ENABLE KEYS */;
UNLOCK TABLES;

--
-- Table structure for table `REQUEST`
--

DROP TABLE IF EXISTS `REQUEST`;
/*!40101 SET @saved_cs_client     = @@character_set_client */;
/*!40101 SET character_set_client = utf8 */;
CREATE TABLE `REQUEST` (
  `id` int(11) NOT NULL AUTO_INCREMENT,
  `player_id` varchar(45) NOT NULL,
  `request_id` varchar(45) NOT NULL,
  `action` int(11) NOT NULL,
  `timestamp_received` timestamp NULL DEFAULT NULL,
  `timestamp_finished` timestamp NULL DEFAULT NULL,
  `status` int(11) NOT NULL,
  PRIMARY KEY (`id`)
) ENGINE=InnoDB AUTO_INCREMENT=846 DEFAULT CHARSET=utf8;
/*!40101 SET character_set_client = @saved_cs_client */;

--
-- Dumping data for table `REQUEST`
--

LOCK TABLES `REQUEST` WRITE;
/*!40000 ALTER TABLE `REQUEST` DISABLE KEYS */;
INSERT INTO `REQUEST` VALUES (1,'playerVirtual1','playerVirtual1_da5a8e866d',4,'2018-04-08 15:04:40',NULL,0),(2,'playerVirtual4','playerVirtual4_5f64783544',4,'2018-04-08 15:04:40',NULL,0),(3,'playerVirtual8','playerVirtual8_f0c6e46114',4,'2018-04-08 15:04:40',NULL,0),(4,'playerVirtual2','playerVirtual2_ac8dac3bf9',4,'2018-04-08 15:04:40',NULL,0),(5,'playerVirtual3','playerVirtual3_604c00133c',4,'2018-04-08 15:04:40',NULL,0),(6,'playerVirtual6','playerVirtual6_9f715e27c9',4,'2018-04-08 15:04:41',NULL,0),(7,'playerVirtual5','playerVirtual5_88a0e03800',4,'2018-04-08 15:04:41',NULL,0),(8,'playerVirtual9','playerVirtual9_58579db15f',4,'2018-04-08 15:04:41',NULL,0),(9,'playerVirtual7','playerVirtual7_5641d6bc18',4,'2018-04-08 15:04:41',NULL,0),(10,'playerVirtual0','playerVirtual0_552cf2ef1b',4,'2018-04-08 15:04:41',NULL,0),(11,'playerVirtual1','playerVirtual1_450512000',0,'2018-04-08 15:05:41',NULL,0),(12,'playerVirtual1','playerVirtual1_450512000',0,'2018-04-08 15:05:42',NULL,0),(13,'playerVirtual4','playerVirtual4_1438244924',0,'2018-04-08 15:05:43',NULL,0),(14,'playerVirtual4','playerVirtual4_1438244924',0,'2018-04-08 15:05:43',NULL,0),(15,'playerVirtual8','playerVirtual8_640692267',0,'2018-04-08 15:05:46',NULL,0),(16,'playerVirtual8','playerVirtual8_640692267',0,'2018-04-08 15:05:47',NULL,0),(17,'playerVirtual2','playerVirtual2_2381571381',0,'2018-04-08 15:05:47',NULL,0),(18,'playerVirtual2','playerVirtual2_2381571381',0,'2018-04-08 15:05:48',NULL,0),(19,'playerVirtual3','playerVirtual3_5297461910',0,'2018-04-08 15:05:49',NULL,0),(20,'playerVirtual3','playerVirtual3_5297461910',0,'2018-04-08 15:05:49',NULL,0),(21,'playerVirtual6','playerVirtual6_2790332778',0,'2018-04-08 15:05:52',NULL,0),(22,'playerVirtual6','playerVirtual6_2790332778',0,'2018-04-08 15:05:52',NULL,0),(23,'playerVirtual5','playerVirtual5_369721705',0,'2018-04-08 15:05:53',NULL,0),(24,'playerVirtual9','playerVirtual9_317469422',0,'2018-04-08 15:05:53',NULL,0),(25,'playerVirtual5','playerVirtual5_369721705',0,'2018-04-08 15:05:53',NULL,0),(26,'playerVirtual9','playerVirtual9_317469422',0,'2018-04-08 15:05:54',NULL,0),(27,'playerVirtual7','playerVirtual7_6955737',0,'2018-04-08 15:05:54',NULL,0),(28,'playerVirtual7','playerVirtual7_6955737',0,'2018-04-08 15:05:54',NULL,0),(29,'playerVirtual0','playerVirtual0_257338104',0,'2018-04-08 15:05:55',NULL,0),(30,'playerVirtual0','playerVirtual0_257338104',0,'2018-04-08 15:05:55',NULL,0),(31,'playerVirtual1','playerVirtual1_834f12a3fc',3,'2018-04-08 15:06:42',NULL,0),(32,'playerVirtual4','playerVirtual4_d483b16103',3,'2018-04-08 15:06:43',NULL,0),(33,'playerVirtual8','playerVirtual8_9a564036e2',3,'2018-04-08 15:06:46',NULL,0),(34,'playerVirtual2','playerVirtual2_ea69ec8371',3,'2018-04-08 15:06:47',NULL,0),(35,'playerVirtual3','playerVirtual3_49f028807f',3,'2018-04-08 15:06:49',NULL,0),(36,'playerVirtual6','playerVirtual6_24f0e4e85c',3,'2018-04-08 15:06:52',NULL,0),(37,'playerVirtual5','playerVirtual5_55cc046113',3,'2018-04-08 15:06:53',NULL,0),(38,'playerVirtual9','playerVirtual9_9fd135f009',3,'2018-04-08 15:06:53',NULL,0),(39,'playerVirtual7','playerVirtual7_e1c9b532ed',3,'2018-04-08 15:06:54',NULL,0),(40,'playerVirtual0','playerVirtual0_2e1f476f14',3,'2018-04-08 15:06:55',NULL,0),(41,'playerVirtual4','playerVirtual4_2433236783',0,'2018-04-08 15:07:54',NULL,0),(42,'playerVirtual4','playerVirtual4_2433236783',0,'2018-04-08 15:07:54',NULL,0),(43,'playerVirtual1','playerVirtual1_3584940347',0,'2018-04-08 15:07:54',NULL,0),(44,'playerVirtual1','playerVirtual1_3584940347',0,'2018-04-08 15:07:55',NULL,0),(45,'playerVirtual8','playerVirtual8_3338579772',0,'2018-04-08 15:07:55',NULL,0),(46,'playerVirtual2','playerVirtual2_257407216',0,'2018-04-08 15:07:55',NULL,0),(47,'playerVirtual8','playerVirtual8_3338579772',0,'2018-04-08 15:07:55',NULL,0),(48,'playerVirtual2','playerVirtual2_257407216',0,'2018-04-08 15:07:55',NULL,0),(49,'playerVirtual3','playerVirtual3_182859403',0,'2018-04-08 15:08:02',NULL,0),(50,'playerVirtual3','playerVirtual3_182859403',0,'2018-04-08 15:08:02',NULL,0),(51,'playerVirtual6','playerVirtual6_2359368952',0,'2018-04-08 15:08:05',NULL,0),(52,'playerVirtual6','playerVirtual6_2359368952',0,'2018-04-08 15:08:05',NULL,0),(53,'playerVirtual5','playerVirtual5_16917741',0,'2018-04-08 15:08:08',NULL,0),(54,'playerVirtual5','playerVirtual5_16917741',0,'2018-04-08 15:08:09',NULL,0),(55,'playerVirtual9','playerVirtual9_2545640208',0,'2018-04-08 15:08:18',NULL,0),(56,'playerVirtual9','playerVirtual9_2545640208',0,'2018-04-08 15:08:18',NULL,0),(57,'playerVirtual7','playerVirtual7_908315',0,'2018-04-08 15:08:19',NULL,0),(58,'playerVirtual7','playerVirtual7_908315',0,'2018-04-08 15:08:20',NULL,0),(59,'playerVirtual0','playerVirtual0_539194189',0,'2018-04-08 15:08:27',NULL,0),(60,'playerVirtual0','playerVirtual0_539194189',0,'2018-04-08 15:08:30',NULL,0),(61,'playerVirtual4','playerVirtual4_c4323a6c43',4,'2018-04-08 15:08:54',NULL,0),(62,'playerVirtual1','playerVirtual1_9b71325080',4,'2018-04-08 15:08:54',NULL,0),(63,'playerVirtual8','playerVirtual8_5cde90f4c8',4,'2018-04-08 15:08:55',NULL,0),(64,'playerVirtual2','playerVirtual2_b05a333bff',4,'2018-04-08 15:08:55',NULL,0),(65,'playerVirtual3','playerVirtual3_f93fcb122d',4,'2018-04-08 15:09:02',NULL,0),(66,'playerVirtual6','playerVirtual6_281624ac1d',4,'2018-04-08 15:09:05',NULL,0),(67,'playerVirtual5','playerVirtual5_6a53fa22ab',4,'2018-04-08 15:09:09',NULL,0),(68,'playerVirtual9','playerVirtual9_55be16f8f9',4,'2018-04-08 15:09:18',NULL,0),(69,'playerVirtual7','playerVirtual7_795326c97e',4,'2018-04-08 15:09:20',NULL,0),(70,'playerVirtual0','playerVirtual0_c936a7d4d6',4,'2018-04-08 15:09:28',NULL,0),(71,'playerVirtual10','playerVirtual10_06baa14b25',4,'2018-04-08 15:09:48',NULL,0),(72,'playerVirtual4','playerVirtual4_4820204870',0,'2018-04-08 15:11:10',NULL,0),(73,'playerVirtual4','playerVirtual4_4820204870',0,'2018-04-08 15:11:10',NULL,0),(74,'playerVirtual1','playerVirtual1_8058564',0,'2018-04-08 15:11:59',NULL,0),(75,'playerVirtual1','playerVirtual1_8058564',0,'2018-04-08 15:11:59',NULL,0),(76,'playerVirtual8','playerVirtual8_1429160667',0,'2018-04-08 15:12:04',NULL,0),(77,'playerVirtual8','playerVirtual8_1429160667',0,'2018-04-08 15:12:04',NULL,0),(78,'playerVirtual2','playerVirtual2_3338010893',0,'2018-04-08 15:12:06',NULL,0),(79,'playerVirtual2','playerVirtual2_3338010893',0,'2018-04-08 15:12:07',NULL,0),(80,'playerVirtual4','playerVirtual4_9d24fb7e85',3,'2018-04-08 15:12:10',NULL,0),(81,'playerVirtual3','playerVirtual3_82730999',0,'2018-04-08 15:12:11',NULL,0),(82,'playerVirtual3','playerVirtual3_82730999',0,'2018-04-08 15:12:12',NULL,0),(83,'playerVirtual6','playerVirtual6_351652724',0,'2018-04-08 15:12:17',NULL,0),(84,'playerVirtual6','playerVirtual6_351652724',0,'2018-04-08 15:12:17',NULL,0),(85,'playerVirtual5','playerVirtual5_6571218',0,'2018-04-08 15:12:18',NULL,0),(86,'playerVirtual5','playerVirtual5_6571218',0,'2018-04-08 15:12:18',NULL,0),(87,'playerVirtual9','playerVirtual9_778566023',0,'2018-04-08 15:12:20',NULL,0),(88,'playerVirtual9','playerVirtual9_778566023',0,'2018-04-08 15:12:20',NULL,0),(89,'playerVirtual7','playerVirtual7_1436344784',0,'2018-04-08 15:12:25',NULL,0),(90,'playerVirtual7','playerVirtual7_1436344784',0,'2018-04-08 15:12:25',NULL,0),(91,'playerVirtual0','playerVirtual0_1339662',0,'2018-04-08 15:12:27',NULL,0),(92,'playerVirtual0','playerVirtual0_1339662',0,'2018-04-08 15:12:28',NULL,0),(93,'playerVirtual1','playerVirtual1_68194195d2',3,'2018-04-08 15:12:59',NULL,0),(94,'playerVirtual8','playerVirtual8_b4f14da2c6',3,'2018-04-08 15:13:04',NULL,0),(95,'playerVirtual2','playerVirtual2_34b20778e8',3,'2018-04-08 15:13:06',NULL,0),(96,'playerVirtual3','playerVirtual3_2b23d53591',3,'2018-04-08 15:13:11',NULL,0),(97,'playerVirtual6','playerVirtual6_249b17a87e',3,'2018-04-08 15:13:17',NULL,0),(98,'playerVirtual5','playerVirtual5_db3e40eddf',3,'2018-04-08 15:13:18',NULL,0),(99,'playerVirtual9','playerVirtual9_85af340810',3,'2018-04-08 15:13:20',NULL,0),(100,'playerVirtual10','playerVirtual10_317497342',0,'2018-04-08 15:13:21',NULL,0),(101,'playerVirtual10','playerVirtual10_317497342',0,'2018-04-08 15:13:21',NULL,0),(102,'playerVirtual7','playerVirtual7_e0300a41c7',3,'2018-04-08 15:13:25',NULL,0),(103,'playerVirtual0','playerVirtual0_4bddc27800',3,'2018-04-08 15:13:27',NULL,0),(104,'playerVirtual10','playerVirtual10_2479addcbd',3,'2018-04-08 15:14:21',NULL,0),(105,'playerVirtual4','playerVirtual4_284794223',0,'2018-04-08 15:14:27',NULL,0),(106,'playerVirtual4','playerVirtual4_284794223',0,'2018-04-08 15:14:27',NULL,0),(107,'playerVirtual1','playerVirtual1_359920779',0,'2018-04-08 15:14:27',NULL,0),(108,'playerVirtual1','playerVirtual1_359920779',0,'2018-04-08 15:14:28',NULL,0),(109,'playerVirtual8','playerVirtual8_904011',0,'2018-04-08 15:14:28',NULL,0),(110,'playerVirtual8','playerVirtual8_904011',0,'2018-04-08 15:14:28',NULL,0),(111,'playerVirtual2','playerVirtual2_2904109077',0,'2018-04-08 15:14:29',NULL,0),(112,'playerVirtual2','playerVirtual2_2904109077',0,'2018-04-08 15:14:29',NULL,0),(113,'playerVirtual3','playerVirtual3_257338074',0,'2018-04-08 15:14:36',NULL,0),(114,'playerVirtual3','playerVirtual3_257338074',0,'2018-04-08 15:14:40',NULL,0),(115,'playerVirtual6','playerVirtual6_905614',0,'2018-04-08 15:14:42',NULL,0),(116,'playerVirtual6','playerVirtual6_905614',0,'2018-04-08 15:14:42',NULL,0),(117,'playerVirtual11','playerVirtual11_2db34fe6e3',4,'2018-04-08 15:14:43',NULL,0),(118,'playerVirtual5','playerVirtual5_1093460',0,'2018-04-08 15:14:43',NULL,0),(119,'playerVirtual5','playerVirtual5_1093460',0,'2018-04-08 15:14:44',NULL,0),(120,'playerVirtual9','playerVirtual9_6569547',0,'2018-04-08 15:14:54',NULL,0),(121,'playerVirtual9','playerVirtual9_6569547',0,'2018-04-08 15:14:54',NULL,0),(122,'playerVirtual7','playerVirtual7_470485660',0,'2018-04-08 15:14:57',NULL,0),(123,'playerVirtual7','playerVirtual7_470485660',0,'2018-04-08 15:14:57',NULL,0),(124,'playerVirtual0','playerVirtual0_30788568',0,'2018-04-08 15:15:08',NULL,0),(125,'playerVirtual0','playerVirtual0_30788568',0,'2018-04-08 15:15:08',NULL,0),(126,'playerVirtual4','playerVirtual4_a8f5b5579f',4,'2018-04-08 15:15:27',NULL,0),(127,'playerVirtual1','playerVirtual1_934a3028eb',4,'2018-04-08 15:15:27',NULL,0),(128,'playerVirtual8','playerVirtual8_3f80289ed4',4,'2018-04-08 15:15:28',NULL,0),(129,'playerVirtual2','playerVirtual2_afa360d9f0',4,'2018-04-08 15:15:29',NULL,0),(130,'playerVirtual10','playerVirtual10_5792765',0,'2018-04-08 15:15:29',NULL,0),(131,'playerVirtual10','playerVirtual10_5792765',0,'2018-04-08 15:15:29',NULL,0),(132,'playerVirtual3','playerVirtual3_d8a4385af2',4,'2018-04-08 15:15:36',NULL,0),(133,'playerVirtual6','playerVirtual6_0e35896c85',4,'2018-04-08 15:15:42',NULL,0),(134,'playerVirtual5','playerVirtual5_bc265b6bce',4,'2018-04-08 15:15:44',NULL,0),(135,'playerVirtual9','playerVirtual9_642cb41920',4,'2018-04-08 15:15:54',NULL,0),(136,'playerVirtual7','playerVirtual7_8babf5eea4',4,'2018-04-08 15:15:57',NULL,0),(137,'playerVirtual0','playerVirtual0_f149c07b5e',4,'2018-04-08 15:16:08',NULL,0),(138,'playerVirtual10','playerVirtual10_0c45220039',4,'2018-04-08 15:16:29',NULL,0),(139,'playerVirtual4','playerVirtual4_400453824',0,'2018-04-08 15:17:58',NULL,0),(140,'playerVirtual4','playerVirtual4_400453824',0,'2018-04-08 15:17:58',NULL,0),(141,'playerVirtual11','playerVirtual11_38671842',0,'2018-04-08 15:18:31',NULL,0),(142,'playerVirtual11','playerVirtual11_38671842',0,'2018-04-08 15:18:31',NULL,0),(143,'playerVirtual1','playerVirtual1_4820318661',0,'2018-04-08 15:18:55',NULL,0),(144,'playerVirtual1','playerVirtual1_4820318661',0,'2018-04-08 15:18:55',NULL,0),(145,'playerVirtual4','playerVirtual4_cd1aec798f',3,'2018-04-08 15:18:58',NULL,0),(146,'playerVirtual8','playerVirtual8_4819935267',0,'2018-04-08 15:19:01',NULL,0),(147,'playerVirtual8','playerVirtual8_4819935267',0,'2018-04-08 15:19:02',NULL,0),(148,'playerVirtual2','playerVirtual2_4820217293',0,'2018-04-08 15:19:06',NULL,0),(149,'playerVirtual2','playerVirtual2_4820217293',0,'2018-04-08 15:19:07',NULL,0),(150,'playerVirtual3','playerVirtual3_6264344062',0,'2018-04-08 15:19:12',NULL,0),(151,'playerVirtual3','playerVirtual3_6264344062',0,'2018-04-08 15:19:12',NULL,0),(152,'playerVirtual6','playerVirtual6_2378747961',0,'2018-04-08 15:19:27',NULL,0),(153,'playerVirtual6','playerVirtual6_2378747961',0,'2018-04-08 15:19:27',NULL,0),(154,'playerVirtual11','playerVirtual11_368e1157c3',3,'2018-04-08 15:19:31',NULL,0),(155,'playerVirtual5','playerVirtual5_5068098508',0,'2018-04-08 15:19:32',NULL,0),(156,'playerVirtual5','playerVirtual5_5068098508',0,'2018-04-08 15:19:32',NULL,0),(157,'playerVirtual12','playerVirtual12_2b20784583',4,'2018-04-08 15:19:47',NULL,0),(158,'playerVirtual1','playerVirtual1_2c41fe078e',3,'2018-04-08 15:19:55',NULL,0),(159,'playerVirtual8','playerVirtual8_d4fefa16ab',3,'2018-04-08 15:20:02',NULL,0),(160,'playerVirtual2','playerVirtual2_281d0f3eac',3,'2018-04-08 15:20:06',NULL,0),(161,'playerVirtual3','playerVirtual3_30d49b4e53',3,'2018-04-08 15:20:12',NULL,0),(162,'playerVirtual6','playerVirtual6_bf4db8bde6',3,'2018-04-08 15:20:27',NULL,0),(163,'playerVirtual5','playerVirtual5_13a3d15b5c',3,'2018-04-08 15:20:32',NULL,0),(164,'playerVirtual9','playerVirtual9_227443932',0,'2018-04-08 15:20:48',NULL,0),(165,'playerVirtual9','playerVirtual9_227443932',0,'2018-04-08 15:20:48',NULL,0),(166,'playerVirtual7','playerVirtual7_1095593',0,'2018-04-08 15:20:56',NULL,0),(167,'playerVirtual7','playerVirtual7_1095593',0,'2018-04-08 15:20:57',NULL,0),(168,'playerVirtual0','playerVirtual0_2148750930',0,'2018-04-08 15:20:59',NULL,0),(169,'playerVirtual0','playerVirtual0_2148750930',0,'2018-04-08 15:21:00',NULL,0),(170,'playerVirtual9','playerVirtual9_b1b186554e',3,'2018-04-08 15:21:48',NULL,0),(171,'playerVirtual7','playerVirtual7_4ade45527d',3,'2018-04-08 15:21:55',NULL,0),(172,'playerVirtual10','playerVirtual10_563574327',0,'2018-04-08 15:22:00',NULL,0),(173,'playerVirtual10','playerVirtual10_563574327',0,'2018-04-08 15:22:00',NULL,0),(174,'playerVirtual0','playerVirtual0_e63d767cc4',3,'2018-04-08 15:22:01',NULL,0),(175,'playerVirtual11','playerVirtual11_16915963',0,'2018-04-08 15:22:25',NULL,0),(176,'playerVirtual11','playerVirtual11_16915963',0,'2018-04-08 15:22:25',NULL,0),(177,'playerVirtual6','playerVirtual6_2359368952',1,'2018-04-08 15:22:52',NULL,0),(178,'playerVirtual6','playerVirtual6_06921a456f',4,'2018-04-08 15:22:52',NULL,0),(179,'playerVirtual6','playerVirtual6_2359368952',1,'2018-04-08 15:22:52',NULL,0),(180,'playerVirtual10','playerVirtual10_83a75684cb',3,'2018-04-08 15:22:59',NULL,0),(181,'playerVirtual4','playerVirtual4_765651',0,'2018-04-08 15:23:06',NULL,0),(182,'playerVirtual4','playerVirtual4_765651',0,'2018-04-08 15:23:06',NULL,0),(183,'playerVirtual1','playerVirtual1_284757920',0,'2018-04-08 15:23:13',NULL,0),(184,'playerVirtual1','playerVirtual1_284757920',0,'2018-04-08 15:23:14',NULL,0),(185,'playerVirtual8','playerVirtual8_272887063',0,'2018-04-08 15:23:16',NULL,0),(186,'playerVirtual8','playerVirtual8_272887063',0,'2018-04-08 15:23:16',NULL,0),(187,'playerVirtual2','playerVirtual2_6274355716',0,'2018-04-08 15:23:20',NULL,0),(188,'playerVirtual2','playerVirtual2_6274355716',0,'2018-04-08 15:23:20',NULL,0),(189,'playerVirtual11','playerVirtual11_d46a33e21b',4,'2018-04-08 15:23:25',NULL,0),(190,'playerVirtual3','playerVirtual3_38676294',0,'2018-04-08 15:23:28',NULL,0),(191,'playerVirtual3','playerVirtual3_38676294',0,'2018-04-08 15:23:29',NULL,0),(192,'playerVirtual4','playerVirtual4_73a7e6f74c',4,'2018-04-08 15:24:07',NULL,0),(193,'playerVirtual1','playerVirtual1_9f3bee396b',4,'2018-04-08 15:24:13',NULL,0),(194,'playerVirtual8','playerVirtual8_d91475f583',4,'2018-04-08 15:24:16',NULL,0),(195,'playerVirtual2','playerVirtual2_18edaa9156',4,'2018-04-08 15:24:20',NULL,0),(196,'playerVirtual3','playerVirtual3_4ef7de788b',4,'2018-04-08 15:24:29',NULL,0),(197,'playerVirtual5','playerVirtual5_182859403',0,'2018-04-08 15:24:37',NULL,0),(198,'playerVirtual5','playerVirtual5_182859403',0,'2018-04-08 15:24:38',NULL,0),(199,'playerVirtual13','playerVirtual13_45d1a663d7',4,'2018-04-08 15:24:48',NULL,0),(200,'playerVirtual9','playerVirtual9_4820204870',0,'2018-04-08 15:25:06',NULL,0),(201,'playerVirtual9','playerVirtual9_4820204870',0,'2018-04-08 15:25:10',NULL,0),(202,'playerVirtual7','playerVirtual7_990694203',0,'2018-04-08 15:25:23',NULL,0),(203,'playerVirtual7','playerVirtual7_990694203',0,'2018-04-08 15:25:23',NULL,0),(204,'playerVirtual12','playerVirtual12_5623125514',0,'2018-04-08 15:25:31',NULL,0),(205,'playerVirtual12','playerVirtual12_5623125514',0,'2018-04-08 15:25:31',NULL,0),(206,'playerVirtual5','playerVirtual5_093190f696',4,'2018-04-08 15:25:38',NULL,0),(207,'playerVirtual0','playerVirtual0_990694203',0,'2018-04-08 15:25:47',NULL,0),(208,'playerVirtual0','playerVirtual0_990694203',0,'2018-04-08 15:25:48',NULL,0),(209,'playerVirtual9','playerVirtual9_17d807b7aa',4,'2018-04-08 15:26:03',NULL,0),(210,'playerVirtual10','playerVirtual10_6280643141',0,'2018-04-08 15:26:13',NULL,0),(211,'playerVirtual10','playerVirtual10_6280643141',0,'2018-04-08 15:26:14',NULL,0),(212,'playerVirtual7','playerVirtual7_b886f94027',4,'2018-04-08 15:26:23',NULL,0),(213,'playerVirtual12','playerVirtual12_c5ffeb0e35',3,'2018-04-08 15:26:31',NULL,0),(214,'playerVirtual0','playerVirtual0_753f7d447c',4,'2018-04-08 15:26:47',NULL,0),(215,'playerVirtual10','playerVirtual10_5d49321a27',4,'2018-04-08 15:27:16',NULL,0),(216,'playerVirtual4','playerVirtual4_4820204870',1,'2018-04-08 15:28:06',NULL,0),(217,'playerVirtual4','playerVirtual4_cd741ef458',3,'2018-04-08 15:28:06',NULL,0),(218,'playerVirtual4','playerVirtual4_4820204870',1,'2018-04-08 15:28:07',NULL,0),(219,'playerVirtual3','playerVirtual3_182859403',1,'2018-04-08 15:28:21',NULL,0),(220,'playerVirtual3','playerVirtual3_2e30ea9d4c',3,'2018-04-08 15:28:21',NULL,0),(221,'playerVirtual3','playerVirtual3_182859403',1,'2018-04-08 15:28:21',NULL,0),(222,'playerVirtual6','playerVirtual6_6280638724',0,'2018-04-08 15:29:11',NULL,0),(223,'playerVirtual6','playerVirtual6_6280638724',0,'2018-04-08 15:29:12',NULL,0),(224,'playerVirtual11','playerVirtual11_4476462938',0,'2018-04-08 15:29:25',NULL,0),(225,'playerVirtual11','playerVirtual11_4476462938',0,'2018-04-08 15:29:25',NULL,0),(226,'playerVirtual5','playerVirtual5_182859403',1,'2018-04-08 15:29:41',NULL,0),(227,'playerVirtual5','playerVirtual5_3bf03ae895',3,'2018-04-08 15:29:41',NULL,0),(228,'playerVirtual5','playerVirtual5_182859403',1,'2018-04-08 15:29:41',NULL,0),(229,'playerVirtual14','playerVirtual14_faf09baf6a',4,'2018-04-08 15:29:43',NULL,0),(230,'playerVirtual1','playerVirtual1_272887063',0,'2018-04-08 15:29:56',NULL,0),(231,'playerVirtual1','playerVirtual1_272887063',0,'2018-04-08 15:29:56',NULL,0),(232,'playerVirtual8','playerVirtual8_272887063',1,'2018-04-08 15:30:02',NULL,0),(233,'playerVirtual8','playerVirtual8_68a430ad38',3,'2018-04-08 15:30:02',NULL,0),(234,'playerVirtual8','playerVirtual8_272887063',1,'2018-04-08 15:30:02',NULL,0),(235,'playerVirtual2','playerVirtual2_6282149131',0,'2018-04-08 15:30:08',NULL,0),(236,'playerVirtual2','playerVirtual2_6282149131',0,'2018-04-08 15:30:09',NULL,0),(237,'playerVirtual12','playerVirtual12_682797',0,'2018-04-08 15:30:10',NULL,0),(238,'playerVirtual12','playerVirtual12_682797',0,'2018-04-08 15:30:10',NULL,0),(239,'playerVirtual6','playerVirtual6_98dba90f4f',3,'2018-04-08 15:30:11',NULL,0),(240,'playerVirtual11','playerVirtual11_1a1b5e4cca',3,'2018-04-08 15:30:25',NULL,0),(241,'playerVirtual1','playerVirtual1_4d77f0f579',3,'2018-04-08 15:30:56',NULL,0),(242,'playerVirtual2','playerVirtual2_48d377ca78',3,'2018-04-08 15:31:09',NULL,0),(243,'playerVirtual12','playerVirtual12_fa3a42df98',4,'2018-04-08 15:31:10',NULL,0),(244,'playerVirtual7','playerVirtual7_990694203',1,'2018-04-08 15:31:21',NULL,0),(245,'playerVirtual7','playerVirtual7_d4f88b2c23',3,'2018-04-08 15:31:22',NULL,0),(246,'playerVirtual7','playerVirtual7_990694203',1,'2018-04-08 15:31:26',NULL,0),(247,'playerVirtual0','playerVirtual0_91b9744882',3,'2018-04-08 15:31:39',NULL,0),(248,'playerVirtual9','playerVirtual9_1436323714',0,'2018-04-08 15:32:03',NULL,0),(249,'playerVirtual9','playerVirtual9_1436323714',0,'2018-04-08 15:32:04',NULL,0),(250,'playerVirtual13','playerVirtual13_2359368952',0,'2018-04-08 15:32:51',NULL,0),(251,'playerVirtual13','playerVirtual13_2359368952',0,'2018-04-08 15:32:51',NULL,0),(252,'playerVirtual9','playerVirtual9_b0e1622c49',3,'2018-04-08 15:33:04',NULL,0),(253,'playerVirtual10','playerVirtual10_214880781',0,'2018-04-08 15:33:23',NULL,0),(254,'playerVirtual10','playerVirtual10_214880781',0,'2018-04-08 15:33:23',NULL,0),(255,'playerVirtual4','playerVirtual4_1094955',0,'2018-04-08 15:33:35',NULL,0),(256,'playerVirtual4','playerVirtual4_1094955',0,'2018-04-08 15:33:35',NULL,0),(257,'playerVirtual13','playerVirtual13_a9fc9716e7',3,'2018-04-08 15:33:51',NULL,0),(258,'playerVirtual3','playerVirtual3_16914091',0,'2018-04-08 15:33:58',NULL,0),(259,'playerVirtual3','playerVirtual3_16914091',0,'2018-04-08 15:33:59',NULL,0),(260,'playerVirtual8','playerVirtual8_6285257156',0,'2018-04-08 15:34:08',NULL,0),(261,'playerVirtual8','playerVirtual8_6285257156',0,'2018-04-08 15:34:08',NULL,0),(262,'playerVirtual6','playerVirtual6_6955737',0,'2018-04-08 15:34:11',NULL,0),(263,'playerVirtual6','playerVirtual6_6955737',0,'2018-04-08 15:34:11',NULL,0),(264,'playerVirtual10','playerVirtual10_a1d762c663',3,'2018-04-08 15:34:23',NULL,0),(265,'playerVirtual4','playerVirtual4_c55d073e02',4,'2018-04-08 15:34:37',NULL,0),(266,'playerVirtual15','playerVirtual15_03e490a481',4,'2018-04-08 15:34:44',NULL,0),(267,'playerVirtual11','playerVirtual11_6955737',0,'2018-04-08 15:34:56',NULL,0),(268,'playerVirtual11','playerVirtual11_6955737',0,'2018-04-08 15:34:57',NULL,0),(269,'playerVirtual3','playerVirtual3_3304d38edf',4,'2018-04-08 15:34:59',NULL,0),(270,'playerVirtual8','playerVirtual8_6130a9de4d',4,'2018-04-08 15:35:08',NULL,0),(271,'playerVirtual6','playerVirtual6_a27d532b4a',4,'2018-04-08 15:35:11',NULL,0),(272,'playerVirtual5','playerVirtual5_182859403',0,'2018-04-08 15:35:21',NULL,0),(273,'playerVirtual5','playerVirtual5_b8d72a1136',4,'2018-04-08 15:35:21',NULL,0),(274,'playerVirtual5','playerVirtual5_182859403',0,'2018-04-08 15:35:21',NULL,0),(275,'playerVirtual1','playerVirtual1_1438244924',0,'2018-04-08 15:35:52',NULL,0),(276,'playerVirtual1','playerVirtual1_1438244924',0,'2018-04-08 15:35:52',NULL,0),(277,'playerVirtual11','playerVirtual11_5b93bd6b3f',4,'2018-04-08 15:35:57',NULL,0),(278,'playerVirtual2','playerVirtual2_3338579772',0,'2018-04-08 15:35:59',NULL,0),(279,'playerVirtual2','playerVirtual2_3338579772',0,'2018-04-08 15:35:59',NULL,0),(280,'playerVirtual7','playerVirtual7_6955737',1,'2018-04-08 15:36:45',NULL,0),(281,'playerVirtual7','playerVirtual7_36edaea9c9',4,'2018-04-08 15:36:45',NULL,0),(282,'playerVirtual7','playerVirtual7_6955737',1,'2018-04-08 15:36:46',NULL,0),(283,'playerVirtual1','playerVirtual1_09de5fd538',4,'2018-04-08 15:36:52',NULL,0),(284,'playerVirtual2','playerVirtual2_674aede605',4,'2018-04-08 15:36:59',NULL,0),(285,'playerVirtual13','playerVirtual13_1438244924',0,'2018-04-08 15:37:17',NULL,0),(286,'playerVirtual13','playerVirtual13_1438244924',0,'2018-04-08 15:37:17',NULL,0),(287,'playerVirtual0','playerVirtual0_2378747961',0,'2018-04-08 15:37:37',NULL,0),(288,'playerVirtual0','playerVirtual0_2378747961',0,'2018-04-08 15:37:38',NULL,0),(289,'playerVirtual13','playerVirtual13_2ff0558120',4,'2018-04-08 15:38:17',NULL,0),(290,'playerVirtual12','playerVirtual12_2381571381',0,'2018-04-08 15:38:19',NULL,0),(291,'playerVirtual12','playerVirtual12_2381571381',0,'2018-04-08 15:38:20',NULL,0),(292,'playerVirtual9','playerVirtual9_6289355687',0,'2018-04-08 15:38:26',NULL,0),(293,'playerVirtual9','playerVirtual9_6289355687',0,'2018-04-08 15:38:26',NULL,0),(294,'playerVirtual14','playerVirtual14_6641406',0,'2018-04-08 15:38:30',NULL,0),(295,'playerVirtual14','playerVirtual14_6641406',0,'2018-04-08 15:38:31',NULL,0),(296,'playerVirtual0','playerVirtual0_f148756699',4,'2018-04-08 15:38:38',NULL,0),(297,'playerVirtual12','playerVirtual12_0fdabd18c9',3,'2018-04-08 15:39:19',NULL,0),(298,'playerVirtual9','playerVirtual9_025eed8078',4,'2018-04-08 15:39:26',NULL,0),(299,'playerVirtual14','playerVirtual14_10fa832baa',3,'2018-04-08 15:39:30',NULL,0),(300,'playerVirtual4','playerVirtual4_1438244924',1,'2018-04-08 15:39:44',NULL,0),(301,'playerVirtual10','playerVirtual10_6289704471',0,'2018-04-08 15:39:44',NULL,0),(302,'playerVirtual4','playerVirtual4_bbe138ce4e',3,'2018-04-08 15:39:45',NULL,0),(303,'playerVirtual4','playerVirtual4_1438244924',1,'2018-04-08 15:39:45',NULL,0),(304,'playerVirtual10','playerVirtual10_6289704471',0,'2018-04-08 15:39:45',NULL,0),(305,'playerVirtual16','playerVirtual16_c8345ff7c3',4,'2018-04-08 15:39:46',NULL,0),(306,'playerVirtual10','playerVirtual10_c51466cda5',4,'2018-04-08 15:40:45',NULL,0),(307,'playerVirtual3','playerVirtual3_6264344062',1,'2018-04-08 15:41:02',NULL,0),(308,'playerVirtual3','playerVirtual3_ee2b0a3e7a',3,'2018-04-08 15:41:02',NULL,0),(309,'playerVirtual3','playerVirtual3_6264344062',1,'2018-04-08 15:41:03',NULL,0),(310,'playerVirtual6','playerVirtual6_1b062140d5',3,'2018-04-08 15:41:30',NULL,0),(311,'playerVirtual5','playerVirtual5_794070039',0,'2018-04-08 15:41:37',NULL,0),(312,'playerVirtual5','playerVirtual5_794070039',0,'2018-04-08 15:41:37',NULL,0),(313,'playerVirtual8','playerVirtual8_3338579772',1,'2018-04-08 15:41:41',NULL,0),(314,'playerVirtual8','playerVirtual8_ccdcf65412',3,'2018-04-08 15:41:41',NULL,0),(315,'playerVirtual8','playerVirtual8_3338579772',1,'2018-04-08 15:41:41',NULL,0),(316,'playerVirtual5','playerVirtual5_662128108a',3,'2018-04-08 15:42:37',NULL,0),(317,'playerVirtual2','playerVirtual2_2381571381',1,'2018-04-08 15:42:57',NULL,0),(318,'playerVirtual2','playerVirtual2_94a6a4ff8a',3,'2018-04-08 15:42:57',NULL,0),(319,'playerVirtual2','playerVirtual2_2381571381',1,'2018-04-08 15:42:57',NULL,0),(320,'playerVirtual7','playerVirtual7_1436344784',1,'2018-04-08 15:43:07',NULL,0),(321,'playerVirtual7','playerVirtual7_6ad1ee92ca',3,'2018-04-08 15:43:08',NULL,0),(322,'playerVirtual7','playerVirtual7_1436344784',1,'2018-04-08 15:43:08',NULL,0),(323,'playerVirtual1','playerVirtual1_1438244924',1,'2018-04-08 15:43:24',NULL,0),(324,'playerVirtual1','playerVirtual1_76c59e47df',3,'2018-04-08 15:43:24',NULL,0),(325,'playerVirtual1','playerVirtual1_1438244924',1,'2018-04-08 15:43:24',NULL,0),(326,'playerVirtual11','playerVirtual11_990694203',0,'2018-04-08 15:43:59',NULL,0),(327,'playerVirtual11','playerVirtual11_990694203',0,'2018-04-08 15:43:59',NULL,0),(328,'playerVirtual17','playerVirtual17_67e5bd2c24',4,'2018-04-08 15:44:49',NULL,0),(329,'playerVirtual0','playerVirtual0_2378747961',1,'2018-04-08 15:44:58',NULL,0),(330,'playerVirtual0','playerVirtual0_f31a592933',3,'2018-04-08 15:44:58',NULL,0),(331,'playerVirtual0','playerVirtual0_2378747961',1,'2018-04-08 15:44:59',NULL,0),(332,'playerVirtual11','playerVirtual11_5395c553d7',3,'2018-04-08 15:44:59',NULL,0),(333,'playerVirtual15','playerVirtual15_1436344784',0,'2018-04-08 15:45:31',NULL,0),(334,'playerVirtual15','playerVirtual15_1436344784',0,'2018-04-08 15:45:31',NULL,0),(335,'playerVirtual6','playerVirtual6_2378747961',1,'2018-04-08 15:46:00',NULL,0),(336,'playerVirtual6','playerVirtual6_92df2449c5',4,'2018-04-08 15:46:00',NULL,0),(337,'playerVirtual6','playerVirtual6_2378747961',1,'2018-04-08 15:46:00',NULL,0),(338,'playerVirtual12','playerVirtual12_6296865278',0,'2018-04-08 15:46:17',NULL,0),(339,'playerVirtual12','playerVirtual12_6296865278',0,'2018-04-08 15:46:18',NULL,0),(340,'playerVirtual15','playerVirtual15_7d1eb8679d',3,'2018-04-08 15:46:31',NULL,0),(341,'playerVirtual14','playerVirtual14_6264344062',0,'2018-04-08 15:46:32',NULL,0),(342,'playerVirtual14','playerVirtual14_6264344062',0,'2018-04-08 15:46:32',NULL,0),(343,'playerVirtual12','playerVirtual12_df77dc5122',4,'2018-04-08 15:47:18',NULL,0),(344,'playerVirtual14','playerVirtual14_fdba1d5d19',4,'2018-04-08 15:47:32',NULL,0),(345,'playerVirtual13','playerVirtual13_6296268057',0,'2018-04-08 15:48:45',NULL,0),(346,'playerVirtual13','playerVirtual13_6296268057',0,'2018-04-08 15:48:45',NULL,0),(347,'playerVirtual7','playerVirtual7_1095593',1,'2018-04-08 15:48:51',NULL,0),(348,'playerVirtual7','playerVirtual7_8e9f3e088d',4,'2018-04-08 15:48:51',NULL,0),(349,'playerVirtual7','playerVirtual7_1095593',1,'2018-04-08 15:48:52',NULL,0),(350,'playerVirtual9','playerVirtual9_182859403',0,'2018-04-08 15:49:14',NULL,0),(351,'playerVirtual9','playerVirtual9_182859403',0,'2018-04-08 15:49:14',NULL,0),(352,'playerVirtual11','playerVirtual11_990694203',1,'2018-04-08 15:49:30',NULL,0),(353,'playerVirtual11','playerVirtual11_471a41969e',4,'2018-04-08 15:49:30',NULL,0),(354,'playerVirtual11','playerVirtual11_990694203',1,'2018-04-08 15:49:31',NULL,0),(355,'playerVirtual13','playerVirtual13_ef44ece908',3,'2018-04-08 15:49:45',NULL,0),(356,'playerVirtual18','playerVirtual18_8961c11142',4,'2018-04-08 15:49:48',NULL,0),(357,'playerVirtual9','playerVirtual9_d2472b5dce',3,'2018-04-08 15:50:14',NULL,0),(358,'playerVirtual4','playerVirtual4_990694203',0,'2018-04-08 15:50:32',NULL,0),(359,'playerVirtual4','playerVirtual4_990694203',0,'2018-04-08 15:50:32',NULL,0),(360,'playerVirtual2','playerVirtual2_6274355716',1,'2018-04-08 15:50:50',NULL,0),(361,'playerVirtual2','playerVirtual2_beb9cb14cd',4,'2018-04-08 15:50:50',NULL,0),(362,'playerVirtual2','playerVirtual2_6274355716',1,'2018-04-08 15:50:50',NULL,0),(363,'playerVirtual5','playerVirtual5_fe893a73b2',4,'2018-04-08 15:51:32',NULL,0),(364,'playerVirtual4','playerVirtual4_6df228c1f3',4,'2018-04-08 15:51:35',NULL,0),(365,'playerVirtual3','playerVirtual3_5297461910',1,'2018-04-08 15:51:46',NULL,0),(366,'playerVirtual3','playerVirtual3_fad43d9415',4,'2018-04-08 15:51:46',NULL,0),(367,'playerVirtual3','playerVirtual3_5297461910',1,'2018-04-08 15:51:46',NULL,0),(368,'playerVirtual10','playerVirtual10_5297461910',0,'2018-04-08 15:52:28',NULL,0),(369,'playerVirtual10','playerVirtual10_5297461910',0,'2018-04-08 15:52:29',NULL,0),(370,'playerVirtual8','playerVirtual8_6289704471',0,'2018-04-08 15:53:14',NULL,0),(371,'playerVirtual8','playerVirtual8_6289704471',0,'2018-04-08 15:53:14',NULL,0),(372,'playerVirtual10','playerVirtual10_78406a49fa',3,'2018-04-08 15:53:28',NULL,0),(373,'playerVirtual8','playerVirtual8_754a943826',4,'2018-04-08 15:54:14',NULL,0),(374,'playerVirtual15','playerVirtual15_908315',0,'2018-04-08 15:54:43',NULL,0),(375,'playerVirtual15','playerVirtual15_908315',0,'2018-04-08 15:54:47',NULL,0),(376,'playerVirtual19','playerVirtual19_03b97d7fed',4,'2018-04-08 15:54:47',NULL,0),(377,'playerVirtual1','playerVirtual1_1095593',0,'2018-04-08 15:55:04',NULL,0),(378,'playerVirtual1','playerVirtual1_1095593',0,'2018-04-08 15:55:04',NULL,0),(379,'playerVirtual16','playerVirtual16_6301942525',0,'2018-04-08 15:55:06',NULL,0),(380,'playerVirtual16','playerVirtual16_6301942525',0,'2018-04-08 15:55:06',NULL,0),(381,'playerVirtual9','playerVirtual9_182859403',1,'2018-04-08 15:55:36',NULL,0),(382,'playerVirtual9','playerVirtual9_2e115e1727',4,'2018-04-08 15:55:36',NULL,0),(383,'playerVirtual9','playerVirtual9_182859403',1,'2018-04-08 15:55:36',NULL,0),(384,'playerVirtual15','playerVirtual15_03b7a1e413',4,'2018-04-08 15:55:41',NULL,0),(385,'playerVirtual1','playerVirtual1_cd80491b52',4,'2018-04-08 15:56:04',NULL,0),(386,'playerVirtual16','playerVirtual16_ec38b80b03',3,'2018-04-08 15:56:06',NULL,0),(387,'playerVirtual4','playerVirtual4_3dcfef8962',3,'2018-04-08 15:56:44',NULL,0),(388,'playerVirtual0','playerVirtual0_539194189',1,'2018-04-08 15:57:19',NULL,0),(389,'playerVirtual0','playerVirtual0_5c765b4905',4,'2018-04-08 15:57:19',NULL,0),(390,'playerVirtual0','playerVirtual0_539194189',1,'2018-04-08 15:57:19',NULL,0),(391,'playerVirtual10','playerVirtual10_6289704471',1,'2018-04-08 15:59:07',NULL,0),(392,'playerVirtual10','playerVirtual10_97ecf43ded',4,'2018-04-08 15:59:07',NULL,0),(393,'playerVirtual10','playerVirtual10_6289704471',1,'2018-04-08 15:59:07',NULL,0),(394,'playerVirtual12','playerVirtual12_539194189',0,'2018-04-08 15:59:20',NULL,0),(395,'playerVirtual12','playerVirtual12_539194189',0,'2018-04-08 15:59:20',NULL,0),(396,'playerVirtual7','playerVirtual7_908315',1,'2018-04-08 15:59:23',NULL,0),(397,'playerVirtual7','playerVirtual7_576078e230',3,'2018-04-08 15:59:24',NULL,0),(398,'playerVirtual7','playerVirtual7_908315',1,'2018-04-08 15:59:24',NULL,0),(399,'playerVirtual20','playerVirtual20_9ad146f1f0',4,'2018-04-08 15:59:48',NULL,0),(400,'playerVirtual13','playerVirtual13_4246147567',0,'2018-04-08 16:00:12',NULL,0),(401,'playerVirtual13','playerVirtual13_4246147567',0,'2018-04-08 16:00:12',NULL,0),(402,'playerVirtual5','playerVirtual5_5068098508',1,'2018-04-08 16:00:13',NULL,0),(403,'playerVirtual5','playerVirtual5_470b93f65a',3,'2018-04-08 16:00:13',NULL,0),(404,'playerVirtual5','playerVirtual5_5068098508',1,'2018-04-08 16:00:14',NULL,0),(405,'playerVirtual12','playerVirtual12_13e8ce727e',3,'2018-04-08 16:00:20',NULL,0),(406,'playerVirtual6','playerVirtual6_182859403',0,'2018-04-08 16:00:22',NULL,0),(407,'playerVirtual6','playerVirtual6_182859403',0,'2018-04-08 16:00:23',NULL,0),(408,'playerVirtual8','playerVirtual8_29473171a4',3,'2018-04-08 16:00:47',NULL,0),(409,'playerVirtual14','playerVirtual14_4246147567',0,'2018-04-08 16:01:04',NULL,0),(410,'playerVirtual14','playerVirtual14_4246147567',0,'2018-04-08 16:01:07',NULL,0),(411,'playerVirtual13','playerVirtual13_f77515d2e1',4,'2018-04-08 16:01:12',NULL,0),(412,'playerVirtual6','playerVirtual6_d0b1fa998f',3,'2018-04-08 16:01:23',NULL,0),(413,'playerVirtual14','playerVirtual14_4b1a7df369',3,'2018-04-08 16:02:01',NULL,0),(414,'playerVirtual3','playerVirtual3_6315250734',0,'2018-04-08 16:02:29',NULL,0),(415,'playerVirtual3','playerVirtual3_6315250734',0,'2018-04-08 16:02:30',NULL,0),(416,'playerVirtual17','playerVirtual17_6274355716',0,'2018-04-08 16:02:36',NULL,0),(417,'playerVirtual17','playerVirtual17_6274355716',0,'2018-04-08 16:02:36',NULL,0),(418,'playerVirtual16','playerVirtual16_6316827871',0,'2018-04-08 16:02:43',NULL,0),(419,'playerVirtual16','playerVirtual16_6316827871',0,'2018-04-08 16:02:43',NULL,0),(420,'playerVirtual1','playerVirtual1_1095593',1,'2018-04-08 16:02:50',NULL,0),(421,'playerVirtual1','playerVirtual1_997b471b32',3,'2018-04-08 16:02:51',NULL,0),(422,'playerVirtual1','playerVirtual1_1095593',1,'2018-04-08 16:02:51',NULL,0),(423,'playerVirtual3','playerVirtual3_643ac77627',3,'2018-04-08 16:03:30',NULL,0),(424,'playerVirtual17','playerVirtual17_9c1bb449d1',3,'2018-04-08 16:03:36',NULL,0),(425,'playerVirtual16','playerVirtual16_40147fefcd',4,'2018-04-08 16:03:43',NULL,0),(426,'playerVirtual2','playerVirtual2_4246147567',0,'2018-04-08 16:04:17',NULL,0),(427,'playerVirtual2','playerVirtual2_4246147567',0,'2018-04-08 16:04:17',NULL,0),(428,'playerVirtual21','playerVirtual21_cd582d0da0',4,'2018-04-08 16:04:47',NULL,0),(429,'playerVirtual2','playerVirtual2_afab58d7f8',3,'2018-04-08 16:05:21',NULL,0),(430,'playerVirtual11','playerVirtual11_6289704471',0,'2018-04-08 16:05:49',NULL,0),(431,'playerVirtual11','playerVirtual11_6289704471',0,'2018-04-08 16:05:49',NULL,0),(432,'playerVirtual11','playerVirtual11_c1438d3907',3,'2018-04-08 16:06:49',NULL,0),(433,'playerVirtual0','playerVirtual0_4246147567',0,'2018-04-08 16:06:59',NULL,0),(434,'playerVirtual0','playerVirtual0_4246147567',0,'2018-04-08 16:07:00',NULL,0),(435,'playerVirtual0','playerVirtual0_46f3fb03a3',3,'2018-04-08 16:07:59',NULL,0),(436,'playerVirtual14','playerVirtual14_4246147567',1,'2018-04-08 16:09:02',NULL,0),(437,'playerVirtual14','playerVirtual14_6d9f7f776a',4,'2018-04-08 16:09:02',NULL,0),(438,'playerVirtual14','playerVirtual14_4246147567',1,'2018-04-08 16:09:02',NULL,0),(439,'playerVirtual17','playerVirtual17_6322213339',0,'2018-04-08 16:09:19',NULL,0),(440,'playerVirtual17','playerVirtual17_6322213339',0,'2018-04-08 16:09:20',NULL,0),(441,'playerVirtual15','playerVirtual15_2378747961',0,'2018-04-08 16:09:31',NULL,0),(442,'playerVirtual15','playerVirtual15_2378747961',0,'2018-04-08 16:09:36',NULL,0),(443,'playerVirtual22','playerVirtual22_3dfc076171',4,'2018-04-08 16:09:50',NULL,0),(444,'playerVirtual18','playerVirtual18_4246147567',0,'2018-04-08 16:09:56',NULL,0),(445,'playerVirtual18','playerVirtual18_4246147567',0,'2018-04-08 16:09:57',NULL,0),(446,'playerVirtual6','playerVirtual6_4246147567',0,'2018-04-08 16:10:19',NULL,0),(447,'playerVirtual6','playerVirtual6_4246147567',0,'2018-04-08 16:10:19',NULL,0),(448,'playerVirtual17','playerVirtual17_51b81a4f31',4,'2018-04-08 16:10:20',NULL,0),(449,'playerVirtual15','playerVirtual15_71decd46d4',3,'2018-04-08 16:10:28',NULL,0),(450,'playerVirtual18','playerVirtual18_30b8f7cb46',3,'2018-04-08 16:10:57',NULL,0),(451,'playerVirtual7','playerVirtual7_4246147567',0,'2018-04-08 16:11:16',NULL,0),(452,'playerVirtual7','playerVirtual7_4246147567',0,'2018-04-08 16:11:16',NULL,0),(453,'playerVirtual6','playerVirtual6_3e7454ddd3',4,'2018-04-08 16:11:19',NULL,0),(454,'playerVirtual12','playerVirtual12_4246147567',0,'2018-04-08 16:11:22',NULL,0),(455,'playerVirtual12','playerVirtual12_4246147567',0,'2018-04-08 16:11:23',NULL,0),(456,'playerVirtual13','playerVirtual13_fd159325a6',3,'2018-04-08 16:11:43',NULL,0),(457,'playerVirtual18','playerVirtual18_4246147567',1,'2018-04-08 16:11:58',NULL,0),(458,'playerVirtual18','playerVirtual18_5b8b84a0f0',4,'2018-04-08 16:11:58',NULL,0),(459,'playerVirtual18','playerVirtual18_4246147567',1,'2018-04-08 16:11:58',NULL,0),(460,'playerVirtual9','playerVirtual9_4246147567',0,'2018-04-08 16:12:01',NULL,0),(461,'playerVirtual9','playerVirtual9_4246147567',0,'2018-04-08 16:12:01',NULL,0),(462,'playerVirtual7','playerVirtual7_b8ee5088b0',4,'2018-04-08 16:12:16',NULL,0),(463,'playerVirtual12','playerVirtual12_bc1b7a2970',4,'2018-04-08 16:12:23',NULL,0),(464,'playerVirtual9','playerVirtual9_ba48a5d93d',3,'2018-04-08 16:13:01',NULL,0),(465,'playerVirtual2','playerVirtual2_13b1d0f7c5',4,'2018-04-08 16:13:11',NULL,0),(466,'playerVirtual8','playerVirtual8_6289704471',1,'2018-04-08 16:13:24',NULL,0),(467,'playerVirtual8','playerVirtual8_9d68bf5672',4,'2018-04-08 16:13:24',NULL,0),(468,'playerVirtual8','playerVirtual8_6289704471',1,'2018-04-08 16:13:24',NULL,0),(469,'playerVirtual4','playerVirtual4_5068098508',0,'2018-04-08 16:13:31',NULL,0),(470,'playerVirtual4','playerVirtual4_5068098508',0,'2018-04-08 16:13:32',NULL,0),(471,'playerVirtual11','playerVirtual11_4246147567',0,'2018-04-08 16:14:19',NULL,0),(472,'playerVirtual11','playerVirtual11_4246147567',0,'2018-04-08 16:14:19',NULL,0),(473,'playerVirtual5','playerVirtual5_4246147567',0,'2018-04-08 16:14:22',NULL,0),(474,'playerVirtual5','playerVirtual5_4246147567',0,'2018-04-08 16:14:22',NULL,0),(475,'playerVirtual4','playerVirtual4_3ab6e149d8',4,'2018-04-08 16:14:32',NULL,0),(476,'playerVirtual23','playerVirtual23_1db39ce2c7',4,'2018-04-08 16:14:54',NULL,0),(477,'playerVirtual11','playerVirtual11_2a389eec26',4,'2018-04-08 16:15:19',NULL,0),(478,'playerVirtual19','playerVirtual19_4246147567',0,'2018-04-08 16:15:20',NULL,0),(479,'playerVirtual19','playerVirtual19_4246147567',0,'2018-04-08 16:15:21',NULL,0),(480,'playerVirtual5','playerVirtual5_033fb29bff',4,'2018-04-08 16:15:22',NULL,0),(481,'playerVirtual10','playerVirtual10_990694203',0,'2018-04-08 16:15:56',NULL,0),(482,'playerVirtual10','playerVirtual10_990694203',0,'2018-04-08 16:16:00',NULL,0),(483,'playerVirtual3','playerVirtual3_1095593',0,'2018-04-08 16:16:12',NULL,0),(484,'playerVirtual3','playerVirtual3_1095593',0,'2018-04-08 16:16:12',NULL,0),(485,'playerVirtual19','playerVirtual19_ce1e659155',3,'2018-04-08 16:16:21',NULL,0),(486,'playerVirtual10','playerVirtual10_155e93895f',3,'2018-04-08 16:16:52',NULL,0),(487,'playerVirtual3','playerVirtual3_a31c787dea',4,'2018-04-08 16:17:13',NULL,0),(488,'playerVirtual19','playerVirtual19_4246147567',1,'2018-04-08 16:17:22',NULL,0),(489,'playerVirtual19','playerVirtual19_d833616369',4,'2018-04-08 16:17:22',NULL,0),(490,'playerVirtual19','playerVirtual19_4246147567',1,'2018-04-08 16:17:22',NULL,0),(491,'playerVirtual9','playerVirtual9_4246147567',1,'2018-04-08 16:18:23',NULL,0),(492,'playerVirtual9','playerVirtual9_5bccdb718b',4,'2018-04-08 16:18:23',NULL,0),(493,'playerVirtual9','playerVirtual9_4246147567',1,'2018-04-08 16:18:24',NULL,0),(494,'playerVirtual1','playerVirtual1_359920779',1,'2018-04-08 16:19:07',NULL,0),(495,'playerVirtual1','playerVirtual1_56b06cced0',4,'2018-04-08 16:19:08',NULL,0),(496,'playerVirtual1','playerVirtual1_359920779',1,'2018-04-08 16:19:11',NULL,0),(497,'playerVirtual24','playerVirtual24_56c65b1b7e',4,'2018-04-08 16:19:44',NULL,0),(498,'playerVirtual0','playerVirtual0_4246147567',1,'2018-04-08 16:20:20',NULL,0),(499,'playerVirtual0','playerVirtual0_fee4eb3679',4,'2018-04-08 16:20:20',NULL,0),(500,'playerVirtual0','playerVirtual0_4246147567',1,'2018-04-08 16:20:20',NULL,0),(501,'playerVirtual16','playerVirtual16_4246147567',0,'2018-04-08 16:20:40',NULL,0),(502,'playerVirtual16','playerVirtual16_4246147567',0,'2018-04-08 16:20:41',NULL,0),(503,'playerVirtual15','playerVirtual15_4246147567',0,'2018-04-08 16:21:21',NULL,0),(504,'playerVirtual15','playerVirtual15_4246147567',0,'2018-04-08 16:21:21',NULL,0),(505,'playerVirtual20','playerVirtual20_4246147567',0,'2018-04-08 16:21:26',NULL,0),(506,'playerVirtual20','playerVirtual20_4246147567',0,'2018-04-08 16:21:26',NULL,0),(507,'playerVirtual16','playerVirtual16_f56b5876c8',3,'2018-04-08 16:21:41',NULL,0),(508,'playerVirtual15','playerVirtual15_53a00ba74d',4,'2018-04-08 16:22:24',NULL,0),(509,'playerVirtual4','playerVirtual4_1cdde65b7b',3,'2018-04-08 16:22:25',NULL,0),(510,'playerVirtual20','playerVirtual20_aeeea2dfe7',3,'2018-04-08 16:22:26',NULL,0),(511,'playerVirtual10','playerVirtual10_990694203',1,'2018-04-08 16:22:31',NULL,0),(512,'playerVirtual10','playerVirtual10_2f93d9db0b',4,'2018-04-08 16:22:31',NULL,0),(513,'playerVirtual10','playerVirtual10_990694203',1,'2018-04-08 16:22:31',NULL,0),(514,'playerVirtual7','playerVirtual7_4246147567',1,'2018-04-08 16:22:49',NULL,0),(515,'playerVirtual7','playerVirtual7_b1ffe27625',3,'2018-04-08 16:22:49',NULL,0),(516,'playerVirtual7','playerVirtual7_4246147567',1,'2018-04-08 16:22:49',NULL,0),(517,'playerVirtual20','playerVirtual20_c06621b509',4,'2018-04-08 16:23:28',NULL,0),(518,'playerVirtual5','playerVirtual5_4246147567',1,'2018-04-08 16:24:05',NULL,0),(519,'playerVirtual5','playerVirtual5_afe20bb2ee',3,'2018-04-08 16:24:06',NULL,0),(520,'playerVirtual5','playerVirtual5_4246147567',1,'2018-04-08 16:24:06',NULL,0),(521,'playerVirtual12','playerVirtual12_4246147567',1,'2018-04-08 16:24:29',NULL,0),(522,'playerVirtual12','playerVirtual12_a7599695a5',3,'2018-04-08 16:24:30',NULL,0),(523,'playerVirtual12','playerVirtual12_4246147567',1,'2018-04-08 16:24:30',NULL,0),(524,'playerVirtual25','playerVirtual25_573e9cfac4',4,'2018-04-08 16:24:46',NULL,0),(525,'playerVirtual6','playerVirtual6_084a42c661',3,'2018-04-08 16:25:42',NULL,0),(526,'playerVirtual14','playerVirtual14_4246147567',0,'2018-04-08 16:26:02',NULL,0),(527,'playerVirtual14','playerVirtual14_1ab2f3c093',3,'2018-04-08 16:26:02',NULL,0),(528,'playerVirtual14','playerVirtual14_4246147567',0,'2018-04-08 16:26:02',NULL,0),(529,'playerVirtual13','playerVirtual13_4246147567',0,'2018-04-08 16:26:05',NULL,0),(530,'playerVirtual13','playerVirtual13_9813690249',4,'2018-04-08 16:26:05',NULL,0),(531,'playerVirtual13','playerVirtual13_4246147567',0,'2018-04-08 16:26:05',NULL,0),(532,'playerVirtual8','playerVirtual8_6335261139',0,'2018-04-08 16:26:34',NULL,0),(533,'playerVirtual8','playerVirtual8_6335261139',0,'2018-04-08 16:26:38',NULL,0),(534,'playerVirtual21','playerVirtual21_359920779',0,'2018-04-08 16:27:30',NULL,0),(535,'playerVirtual21','playerVirtual21_359920779',0,'2018-04-08 16:27:30',NULL,0),(536,'playerVirtual8','playerVirtual8_9f86121b48',3,'2018-04-08 16:27:31',NULL,0),(537,'playerVirtual16','playerVirtual16_4246147567',1,'2018-04-08 16:28:17',NULL,0),(538,'playerVirtual16','playerVirtual16_cdf7203149',4,'2018-04-08 16:28:17',NULL,0),(539,'playerVirtual16','playerVirtual16_4246147567',1,'2018-04-08 16:28:18',NULL,0),(540,'playerVirtual21','playerVirtual21_b2191babde',3,'2018-04-08 16:28:30',NULL,0),(541,'playerVirtual17','playerVirtual17_4246147567',0,'2018-04-08 16:29:04',NULL,0),(542,'playerVirtual17','playerVirtual17_4246147567',0,'2018-04-08 16:29:04',NULL,0),(543,'playerVirtual1','playerVirtual1_4246147567',0,'2018-04-08 16:29:30',NULL,0),(544,'playerVirtual1','playerVirtual1_4246147567',0,'2018-04-08 16:29:30',NULL,0),(545,'playerVirtual26','playerVirtual26_9d58b7fbcd',4,'2018-04-08 16:29:49',NULL,0),(546,'playerVirtual17','playerVirtual17_a88557917e',3,'2018-04-08 16:30:04',NULL,0),(547,'playerVirtual3','playerVirtual3_4246147567',0,'2018-04-08 16:30:28',NULL,0),(548,'playerVirtual3','playerVirtual3_4246147567',0,'2018-04-08 16:30:28',NULL,0),(549,'playerVirtual1','playerVirtual1_351cb7897d',3,'2018-04-08 16:30:30',NULL,0),(550,'playerVirtual2','playerVirtual2_4246147567',0,'2018-04-08 16:30:52',NULL,0),(551,'playerVirtual2','playerVirtual2_7341523f2e',3,'2018-04-08 16:30:52',NULL,0),(552,'playerVirtual2','playerVirtual2_4246147567',0,'2018-04-08 16:30:55',NULL,0),(553,'playerVirtual3','playerVirtual3_eda8b16bac',3,'2018-04-08 16:31:28',NULL,0),(554,'playerVirtual11','playerVirtual11_4246147567',1,'2018-04-08 16:31:37',NULL,0),(555,'playerVirtual11','playerVirtual11_b26adeee13',3,'2018-04-08 16:31:37',NULL,0),(556,'playerVirtual11','playerVirtual11_4246147567',1,'2018-04-08 16:31:38',NULL,0),(557,'playerVirtual14','playerVirtual14_1e23e33bd8',4,'2018-04-08 16:33:03',NULL,0),(558,'playerVirtual22','playerVirtual22_4246147567',0,'2018-04-08 16:33:05',NULL,0),(559,'playerVirtual22','playerVirtual22_4246147567',0,'2018-04-08 16:33:05',NULL,0),(560,'playerVirtual22','playerVirtual22_df37688af9',3,'2018-04-08 16:34:05',NULL,0),(561,'playerVirtual27','playerVirtual27_cf6b648dba',4,'2018-04-08 16:34:48',NULL,0),(562,'playerVirtual21','playerVirtual21_4246147567',0,'2018-04-08 16:34:53',NULL,0),(563,'playerVirtual21','playerVirtual21_4246147567',0,'2018-04-08 16:34:54',NULL,0),(564,'playerVirtual0','playerVirtual0_4246147567',0,'2018-04-08 16:35:09',NULL,0),(565,'playerVirtual0','playerVirtual0_de82c25497',3,'2018-04-08 16:35:09',NULL,0),(566,'playerVirtual22','playerVirtual22_4246147567',1,'2018-04-08 16:35:10',NULL,0),(567,'playerVirtual22','playerVirtual22_b61ee26b28',4,'2018-04-08 16:35:10',NULL,0),(568,'playerVirtual0','playerVirtual0_4246147567',0,'2018-04-08 16:35:10',NULL,0),(569,'playerVirtual22','playerVirtual22_4246147567',1,'2018-04-08 16:35:10',NULL,0),(570,'playerVirtual17','playerVirtual17_4246147567',1,'2018-04-08 16:35:47',NULL,0),(571,'playerVirtual17','playerVirtual17_9809485e50',4,'2018-04-08 16:35:48',NULL,0),(572,'playerVirtual17','playerVirtual17_4246147567',1,'2018-04-08 16:35:48',NULL,0),(573,'playerVirtual21','playerVirtual21_2abb6a4613',4,'2018-04-08 16:35:54',NULL,0),(574,'playerVirtual18','playerVirtual18_4246147567',0,'2018-04-08 16:36:03',NULL,0),(575,'playerVirtual18','playerVirtual18_1d68943277',3,'2018-04-08 16:36:03',NULL,0),(576,'playerVirtual18','playerVirtual18_4246147567',0,'2018-04-08 16:36:03',NULL,0),(577,'playerVirtual15','playerVirtual15_4246147567',1,'2018-04-08 16:36:11',NULL,0),(578,'playerVirtual15','playerVirtual15_e68b0168b4',3,'2018-04-08 16:36:12',NULL,0),(579,'playerVirtual15','playerVirtual15_4246147567',1,'2018-04-08 16:36:14',NULL,0),(580,'playerVirtual13','playerVirtual13_3ee6b3693d',3,'2018-04-08 16:36:33',NULL,0),(581,'playerVirtual18','playerVirtual18_4246147567',1,'2018-04-08 16:37:04',NULL,0),(582,'playerVirtual18','playerVirtual18_73ca5a30a6',4,'2018-04-08 16:37:04',NULL,0),(583,'playerVirtual18','playerVirtual18_4246147567',1,'2018-04-08 16:37:05',NULL,0),(584,'playerVirtual2','playerVirtual2_20624b27f4',4,'2018-04-08 16:38:42',NULL,0),(585,'playerVirtual9','playerVirtual9_4246147567',0,'2018-04-08 16:39:26',NULL,0),(586,'playerVirtual9','playerVirtual9_623f1ffb47',3,'2018-04-08 16:39:26',NULL,0),(587,'playerVirtual9','playerVirtual9_4246147567',0,'2018-04-08 16:39:26',NULL,0),(588,'playerVirtual23','playerVirtual23_4246147567',0,'2018-04-08 16:39:35',NULL,0),(589,'playerVirtual23','playerVirtual23_4246147567',0,'2018-04-08 16:39:35',NULL,0),(590,'playerVirtual6','playerVirtual6_4246147567',0,'2018-04-08 16:39:45',NULL,0),(591,'playerVirtual6','playerVirtual6_38be26cc4b',4,'2018-04-08 16:39:46',NULL,0),(592,'playerVirtual6','playerVirtual6_4246147567',0,'2018-04-08 16:39:46',NULL,0),(593,'playerVirtual28','playerVirtual28_f2ebf59635',4,'2018-04-08 16:39:47',NULL,0),(594,'playerVirtual7','playerVirtual7_4246147567',0,'2018-04-08 16:40:04',NULL,0),(595,'playerVirtual7','playerVirtual7_56e68aa57a',4,'2018-04-08 16:40:04',NULL,0),(596,'playerVirtual7','playerVirtual7_4246147567',0,'2018-04-08 16:40:04',NULL,0),(597,'playerVirtual23','playerVirtual23_47063f7493',3,'2018-04-08 16:40:35',NULL,0),(598,'playerVirtual12','playerVirtual12_4246147567',0,'2018-04-08 16:40:36',NULL,0),(599,'playerVirtual12','playerVirtual12_9fa58a6649',4,'2018-04-08 16:40:36',NULL,0),(600,'playerVirtual12','playerVirtual12_4246147567',0,'2018-04-08 16:40:36',NULL,0),(601,'playerVirtual23','playerVirtual23_04fe91eeda',4,'2018-04-08 16:41:36',NULL,0),(602,'playerVirtual4','playerVirtual4_4246147567',0,'2018-04-08 16:41:51',NULL,0),(603,'playerVirtual4','playerVirtual4_4246147567',0,'2018-04-08 16:41:51',NULL,0),(604,'playerVirtual19','playerVirtual19_4246147567',0,'2018-04-08 16:42:36',NULL,0),(605,'playerVirtual19','playerVirtual19_a235f226a0',3,'2018-04-08 16:42:36',NULL,0),(606,'playerVirtual19','playerVirtual19_4246147567',0,'2018-04-08 16:42:39',NULL,0),(607,'playerVirtual4','playerVirtual4_8463c02ae8',4,'2018-04-08 16:42:51',NULL,0),(608,'playerVirtual8','playerVirtual8_4246147567',0,'2018-04-08 16:43:17',NULL,0),(609,'playerVirtual8','playerVirtual8_4246147567',0,'2018-04-08 16:43:17',NULL,0),(610,'playerVirtual5','playerVirtual5_4246147567',0,'2018-04-08 16:43:23',NULL,0),(611,'playerVirtual5','playerVirtual5_aff1ccf830',4,'2018-04-08 16:43:24',NULL,0),(612,'playerVirtual5','playerVirtual5_4246147567',0,'2018-04-08 16:43:24',NULL,0),(613,'playerVirtual19','playerVirtual19_4246147567',1,'2018-04-08 16:43:37',NULL,0),(614,'playerVirtual19','playerVirtual19_3dbdd0313a',4,'2018-04-08 16:43:38',NULL,0),(615,'playerVirtual19','playerVirtual19_4246147567',1,'2018-04-08 16:43:45',NULL,0),(616,'playerVirtual3','playerVirtual3_4246147567',1,'2018-04-08 16:44:10',NULL,0),(617,'playerVirtual3','playerVirtual3_966c742d1c',4,'2018-04-08 16:44:11',NULL,0),(618,'playerVirtual3','playerVirtual3_4246147567',1,'2018-04-08 16:44:11',NULL,0),(619,'playerVirtual8','playerVirtual8_b4f3acebf0',4,'2018-04-08 16:44:17',NULL,0),(620,'playerVirtual10','playerVirtual10_6344084916',0,'2018-04-08 16:44:28',NULL,0),(621,'playerVirtual10','playerVirtual10_6344084916',0,'2018-04-08 16:44:28',NULL,0),(622,'playerVirtual9','playerVirtual9_4246147567',1,'2018-04-08 16:44:48',NULL,0),(623,'playerVirtual9','playerVirtual9_b3c5471052',4,'2018-04-08 16:44:49',NULL,0),(624,'playerVirtual9','playerVirtual9_4246147567',1,'2018-04-08 16:44:49',NULL,0),(625,'playerVirtual29','playerVirtual29_04fd877ebb',4,'2018-04-08 16:44:49',NULL,0),(626,'playerVirtual11','playerVirtual11_4246147567',0,'2018-04-08 16:44:54',NULL,0),(627,'playerVirtual11','playerVirtual11_489e825c31',4,'2018-04-08 16:44:54',NULL,0),(628,'playerVirtual11','playerVirtual11_4246147567',0,'2018-04-08 16:44:54',NULL,0),(629,'playerVirtual10','playerVirtual10_7883c4e3a8',3,'2018-04-08 16:45:28',NULL,0),(630,'playerVirtual24','playerVirtual24_4246147567',0,'2018-04-08 16:45:38',NULL,0),(631,'playerVirtual24','playerVirtual24_4246147567',0,'2018-04-08 16:45:38',NULL,0),(632,'playerVirtual24','playerVirtual24_b681279b1d',3,'2018-04-08 16:46:38',NULL,0),(633,'playerVirtual1','playerVirtual1_4246147567',1,'2018-04-08 16:46:44',NULL,0),(634,'playerVirtual1','playerVirtual1_aa3f1e4528',4,'2018-04-08 16:46:44',NULL,0),(635,'playerVirtual1','playerVirtual1_4246147567',1,'2018-04-08 16:46:44',NULL,0),(636,'playerVirtual15','playerVirtual15_1436344784',1,'2018-04-08 16:47:05',NULL,0),(637,'playerVirtual15','playerVirtual15_b355539c07',4,'2018-04-08 16:47:05',NULL,0),(638,'playerVirtual15','playerVirtual15_1436344784',1,'2018-04-08 16:47:05',NULL,0),(639,'playerVirtual0','playerVirtual0_4246147567',1,'2018-04-08 16:47:26',NULL,0),(640,'playerVirtual0','playerVirtual0_d5e8093716',4,'2018-04-08 16:47:26',NULL,0),(641,'playerVirtual0','playerVirtual0_4246147567',1,'2018-04-08 16:47:27',NULL,0),(642,'playerVirtual24','playerVirtual24_4246147567',1,'2018-04-08 16:47:40',NULL,0),(643,'playerVirtual24','playerVirtual24_1481930502',4,'2018-04-08 16:47:40',NULL,0),(644,'playerVirtual24','playerVirtual24_4246147567',1,'2018-04-08 16:47:40',NULL,0),(645,'playerVirtual30','playerVirtual30_277f4978d7',4,'2018-04-08 16:49:49',NULL,0),(646,'playerVirtual20','playerVirtual20_990694203',0,'2018-04-08 16:50:14',NULL,0),(647,'playerVirtual20','playerVirtual20_990694203',0,'2018-04-08 16:50:15',NULL,0),(648,'playerVirtual7','playerVirtual7_4246147567',1,'2018-04-08 16:50:36',NULL,0),(649,'playerVirtual7','playerVirtual7_de8e3b80e1',3,'2018-04-08 16:50:36',NULL,0),(650,'playerVirtual7','playerVirtual7_4246147567',1,'2018-04-08 16:50:36',NULL,0),(651,'playerVirtual4','playerVirtual4_4246147567',1,'2018-04-08 16:50:44',NULL,0),(652,'playerVirtual4','playerVirtual4_340d50d4e6',3,'2018-04-08 16:50:44',NULL,0),(653,'playerVirtual4','playerVirtual4_4246147567',1,'2018-04-08 16:50:44',NULL,0),(654,'playerVirtual16','playerVirtual16_6566788',0,'2018-04-08 16:50:46',NULL,0),(655,'playerVirtual16','playerVirtual16_6566788',0,'2018-04-08 16:50:46',NULL,0),(656,'playerVirtual20','playerVirtual20_a13b0e109e',3,'2018-04-08 16:51:14',NULL,0),(657,'playerVirtual16','playerVirtual16_10a03c3aa5',3,'2018-04-08 16:51:46',NULL,0),(658,'playerVirtual5','playerVirtual5_4246147567',1,'2018-04-08 16:52:08',NULL,0),(659,'playerVirtual5','playerVirtual5_6c04387352',3,'2018-04-08 16:52:09',NULL,0),(660,'playerVirtual25','playerVirtual25_272887063',0,'2018-04-08 16:52:11',NULL,0),(661,'playerVirtual5','playerVirtual5_4246147567',1,'2018-04-08 16:52:15',NULL,0),(662,'playerVirtual25','playerVirtual25_272887063',0,'2018-04-08 16:52:19',NULL,0),(663,'playerVirtual20','playerVirtual20_990694203',1,'2018-04-08 16:52:20',NULL,0),(664,'playerVirtual20','playerVirtual20_78c6db5656',4,'2018-04-08 16:52:20',NULL,0),(665,'playerVirtual20','playerVirtual20_990694203',1,'2018-04-08 16:52:20',NULL,0),(666,'playerVirtual12','playerVirtual12_94b09a0450',3,'2018-04-08 16:52:40',NULL,0),(667,'playerVirtual25','playerVirtual25_027fcfd685',3,'2018-04-08 16:53:08',NULL,0),(668,'playerVirtual10','playerVirtual10_5297461910',1,'2018-04-08 16:53:08',NULL,0),(669,'playerVirtual10','playerVirtual10_7f49f332a4',4,'2018-04-08 16:53:08',NULL,0),(670,'playerVirtual10','playerVirtual10_5297461910',1,'2018-04-08 16:53:09',NULL,0),(671,'playerVirtual6','playerVirtual6_5bf96f416c',3,'2018-04-08 16:54:08',NULL,0),(672,'playerVirtual31','playerVirtual31_88c049e165',4,'2018-04-08 16:54:45',NULL,0),(673,'playerVirtual14','playerVirtual14_6566788',0,'2018-04-08 16:55:47',NULL,0),(674,'playerVirtual14','playerVirtual14_6566788',0,'2018-04-08 16:55:47',NULL,0),(675,'playerVirtual13','playerVirtual13_4820150269',0,'2018-04-08 16:55:57',NULL,0),(676,'playerVirtual13','playerVirtual13_4820150269',0,'2018-04-08 16:55:57',NULL,0),(677,'playerVirtual14','playerVirtual14_68f149e9c7',3,'2018-04-08 16:56:47',NULL,0),(678,'playerVirtual13','playerVirtual13_ff7b74a799',4,'2018-04-08 16:56:57',NULL,0),(679,'playerVirtual25','playerVirtual25_4246147567',0,'2018-04-08 16:57:14',NULL,0),(680,'playerVirtual25','playerVirtual25_4246147567',0,'2018-04-08 16:57:15',NULL,0),(681,'playerVirtual8','playerVirtual8_a6303a4d74',3,'2018-04-08 16:57:24',NULL,0),(682,'playerVirtual26','playerVirtual26_82730999',0,'2018-04-08 16:58:06',NULL,0),(683,'playerVirtual26','playerVirtual26_82730999',0,'2018-04-08 16:58:06',NULL,0),(684,'playerVirtual25','playerVirtual25_d0bde2994a',4,'2018-04-08 16:58:14',NULL,0),(685,'playerVirtual21','playerVirtual21_4246147567',1,'2018-04-08 16:58:38',NULL,0),(686,'playerVirtual21','playerVirtual21_d78c0a327b',3,'2018-04-08 16:58:38',NULL,0),(687,'playerVirtual21','playerVirtual21_4246147567',1,'2018-04-08 16:58:41',NULL,0),(688,'playerVirtual1','playerVirtual1_272887063',1,'2018-04-08 16:58:50',NULL,0),(689,'playerVirtual1','playerVirtual1_8f2fef054a',3,'2018-04-08 16:58:50',NULL,0),(690,'playerVirtual1','playerVirtual1_272887063',1,'2018-04-08 16:58:51',NULL,0),(691,'playerVirtual16','playerVirtual16_6566788',1,'2018-04-08 16:59:00',NULL,0),(692,'playerVirtual16','playerVirtual16_a57e8f5105',4,'2018-04-08 16:59:00',NULL,0),(693,'playerVirtual16','playerVirtual16_6566788',1,'2018-04-08 16:59:01',NULL,0),(694,'playerVirtual26','playerVirtual26_055db1299c',3,'2018-04-08 16:59:06',NULL,0),(695,'playerVirtual32','playerVirtual32_c626d55aef',4,'2018-04-08 16:59:50',NULL,0),(696,'playerVirtual17','playerVirtual17_4820150269',0,'2018-04-08 16:59:55',NULL,0),(697,'playerVirtual17','playerVirtual17_4820150269',0,'2018-04-08 16:59:55',NULL,0),(698,'playerVirtual2','playerVirtual2_afe38e34fa',3,'2018-04-08 17:00:45',NULL,0),(699,'playerVirtual3','playerVirtual3_82730999',1,'2018-04-08 17:00:45',NULL,0),(700,'playerVirtual3','playerVirtual3_562d057f0c',3,'2018-04-08 17:00:46',NULL,0),(701,'playerVirtual3','playerVirtual3_82730999',1,'2018-04-08 17:00:49',NULL,0),(702,'playerVirtual17','playerVirtual17_99d3637de2',3,'2018-04-08 17:00:55',NULL,0),(703,'playerVirtual11','playerVirtual11_4246147567',1,'2018-04-08 17:01:12',NULL,0),(704,'playerVirtual11','playerVirtual11_1faef7c933',3,'2018-04-08 17:01:13',NULL,0),(705,'playerVirtual11','playerVirtual11_4246147567',1,'2018-04-08 17:01:13',NULL,0),(706,'playerVirtual27','playerVirtual27_4246147567',0,'2018-04-08 17:03:38',NULL,0),(707,'playerVirtual27','playerVirtual27_4246147567',0,'2018-04-08 17:03:39',NULL,0),(708,'playerVirtual22','playerVirtual22_16917741',0,'2018-04-08 17:04:00',NULL,0),(709,'playerVirtual22','playerVirtual22_16917741',0,'2018-04-08 17:04:02',NULL,0),(710,'playerVirtual26','playerVirtual26_4246147567',0,'2018-04-08 17:04:08',NULL,0),(711,'playerVirtual26','playerVirtual26_4246147567',0,'2018-04-08 17:04:09',NULL,0),(712,'playerVirtual27','playerVirtual27_4d8f06fa96',3,'2018-04-08 17:04:38',NULL,0),(713,'playerVirtual33','playerVirtual33_5d29de6f90',4,'2018-04-08 17:04:50',NULL,0),(714,'playerVirtual22','playerVirtual22_2854a1cc14',3,'2018-04-08 17:05:00',NULL,0),(715,'playerVirtual26','playerVirtual26_98e6c1baf9',4,'2018-04-08 17:05:09',NULL,0),(716,'playerVirtual15','playerVirtual15_2378747961',1,'2018-04-08 17:05:14',NULL,0),(717,'playerVirtual15','playerVirtual15_1ea3bd6c69',3,'2018-04-08 17:05:15',NULL,0),(718,'playerVirtual15','playerVirtual15_2378747961',1,'2018-04-08 17:05:15',NULL,0),(719,'playerVirtual27','playerVirtual27_4246147567',1,'2018-04-08 17:05:40',NULL,0),(720,'playerVirtual27','playerVirtual27_7f032b9095',4,'2018-04-08 17:05:40',NULL,0),(721,'playerVirtual27','playerVirtual27_4246147567',1,'2018-04-08 17:05:40',NULL,0),(722,'playerVirtual0','playerVirtual0_5068098508',0,'2018-04-08 17:05:47',NULL,0),(723,'playerVirtual0','playerVirtual0_5068098508',0,'2018-04-08 17:05:47',NULL,0),(724,'playerVirtual18','playerVirtual18_3338579772',0,'2018-04-08 17:05:57',NULL,0),(725,'playerVirtual18','playerVirtual18_3338579772',0,'2018-04-08 17:05:57',NULL,0),(726,'playerVirtual14','playerVirtual14_4246147567',0,'2018-04-08 17:06:14',NULL,0),(727,'playerVirtual14','playerVirtual14_eb65a20329',4,'2018-04-08 17:06:14',NULL,0),(728,'playerVirtual14','playerVirtual14_4246147567',0,'2018-04-08 17:06:14',NULL,0),(729,'playerVirtual17','playerVirtual17_4820150269',1,'2018-04-08 17:06:40',NULL,0),(730,'playerVirtual17','playerVirtual17_b9003c640a',4,'2018-04-08 17:06:40',NULL,0),(731,'playerVirtual17','playerVirtual17_4820150269',1,'2018-04-08 17:06:40',NULL,0),(732,'playerVirtual0','playerVirtual0_cc77626f6b',3,'2018-04-08 17:06:47',NULL,0),(733,'playerVirtual18','playerVirtual18_05d8249e32',3,'2018-04-08 17:06:57',NULL,0),(734,'playerVirtual21','playerVirtual21_4246147567',0,'2018-04-08 17:08:32',NULL,0),(735,'playerVirtual21','playerVirtual21_43c33f5683',4,'2018-04-08 17:08:32',NULL,0),(736,'playerVirtual21','playerVirtual21_4246147567',0,'2018-04-08 17:08:32',NULL,0),(737,'playerVirtual28','playerVirtual28_5297461910',0,'2018-04-08 17:08:44',NULL,0),(738,'playerVirtual28','playerVirtual28_5297461910',0,'2018-04-08 17:08:44',NULL,0),(739,'playerVirtual13','playerVirtual13_1438244924',1,'2018-04-08 17:08:57',NULL,0),(740,'playerVirtual13','playerVirtual13_4f272e152b',3,'2018-04-08 17:08:57',NULL,0),(741,'playerVirtual13','playerVirtual13_1438244924',1,'2018-04-08 17:08:57',NULL,0),(742,'playerVirtual22','playerVirtual22_16917741',1,'2018-04-08 17:09:23',NULL,0),(743,'playerVirtual22','playerVirtual22_6c763a756b',4,'2018-04-08 17:09:23',NULL,0),(744,'playerVirtual22','playerVirtual22_16917741',1,'2018-04-08 17:09:24',NULL,0),(745,'playerVirtual28','playerVirtual28_10cf61af2f',3,'2018-04-08 17:09:44',NULL,0),(746,'playerVirtual34','playerVirtual34_51fd48f871',4,'2018-04-08 17:09:48',NULL,0),(747,'playerVirtual9','playerVirtual9_4246147567',0,'2018-04-08 17:09:56',NULL,0),(748,'playerVirtual9','playerVirtual9_dece39bc5e',3,'2018-04-08 17:09:56',NULL,0),(749,'playerVirtual9','playerVirtual9_4246147567',0,'2018-04-08 17:09:56',NULL,0),(750,'playerVirtual23','playerVirtual23_4246147567',0,'2018-04-08 17:10:37',NULL,0),(751,'playerVirtual23','playerVirtual23_8c90e8248f',3,'2018-04-08 17:10:37',NULL,0),(752,'playerVirtual23','playerVirtual23_4246147567',0,'2018-04-08 17:10:38',NULL,0),(753,'playerVirtual7','playerVirtual7_4246147567',0,'2018-04-08 17:11:02',NULL,0),(754,'playerVirtual7','playerVirtual7_689a65ee52',4,'2018-04-08 17:11:02',NULL,0),(755,'playerVirtual7','playerVirtual7_4246147567',0,'2018-04-08 17:11:02',NULL,0),(756,'playerVirtual6','playerVirtual6_67f89f4125',4,'2018-04-08 17:11:29',NULL,0),(757,'playerVirtual23','playerVirtual23_d70db48d80',4,'2018-04-08 17:11:38',NULL,0),(758,'playerVirtual12','playerVirtual12_1438244924',0,'2018-04-08 17:11:59',NULL,0),(759,'playerVirtual12','playerVirtual12_1438244924',0,'2018-04-08 17:11:59',NULL,0),(760,'playerVirtual5','playerVirtual5_16917741',1,'2018-04-08 17:12:33',NULL,0),(761,'playerVirtual5','playerVirtual5_0a3e6f21d4',4,'2018-04-08 17:12:34',NULL,0),(762,'playerVirtual5','playerVirtual5_16917741',1,'2018-04-08 17:12:34',NULL,0),(763,'playerVirtual2','playerVirtual2_2a3690c257',4,'2018-04-08 17:12:40',NULL,0),(764,'playerVirtual19','playerVirtual19_4246147567',0,'2018-04-08 17:12:49',NULL,0),(765,'playerVirtual19','playerVirtual19_fda1b260a4',3,'2018-04-08 17:12:49',NULL,0),(766,'playerVirtual19','playerVirtual19_4246147567',0,'2018-04-08 17:12:49',NULL,0),(767,'playerVirtual12','playerVirtual12_3f2868e9b3',4,'2018-04-08 17:12:59',NULL,0),(768,'playerVirtual18','playerVirtual18_4246147567',0,'2018-04-08 17:13:24',NULL,0),(769,'playerVirtual18','playerVirtual18_5e7d83d2ff',4,'2018-04-08 17:13:24',NULL,0),(770,'playerVirtual18','playerVirtual18_4246147567',0,'2018-04-08 17:13:24',NULL,0),(771,'playerVirtual19','playerVirtual19_62ee4c5b17',4,'2018-04-08 17:13:50',NULL,0),(772,'playerVirtual4','playerVirtual4_6280643141',0,'2018-04-08 17:13:51',NULL,0),(773,'playerVirtual4','playerVirtual4_6280643141',0,'2018-04-08 17:13:51',NULL,0),(774,'playerVirtual29','playerVirtual29_1436344784',0,'2018-04-08 17:14:29',NULL,0),(775,'playerVirtual29','playerVirtual29_1436344784',0,'2018-04-08 17:14:29',NULL,0),(776,'playerVirtual35','playerVirtual35_52d02c4793',4,'2018-04-08 17:14:47',NULL,0),(777,'playerVirtual4','playerVirtual4_d3cfbb33f3',4,'2018-04-08 17:14:51',NULL,0),(778,'playerVirtual9','playerVirtual9_d94099821d',4,'2018-04-08 17:15:18',NULL,0),(779,'playerVirtual29','playerVirtual29_db4d6d9589',3,'2018-04-08 17:15:29',NULL,0),(780,'playerVirtual10','playerVirtual10_6280643141',1,'2018-04-08 17:15:43',NULL,0),(781,'playerVirtual10','playerVirtual10_ef289f79c1',3,'2018-04-08 17:15:43',NULL,0),(782,'playerVirtual10','playerVirtual10_6280643141',1,'2018-04-08 17:15:47',NULL,0),(783,'playerVirtual8','playerVirtual8_4246147567',0,'2018-04-08 17:16:43',NULL,0),(784,'playerVirtual8','playerVirtual8_3d5cf46e6c',4,'2018-04-08 17:16:44',NULL,0),(785,'playerVirtual8','playerVirtual8_4246147567',0,'2018-04-08 17:16:49',NULL,0),(786,'playerVirtual28','playerVirtual28_4820318661',0,'2018-04-08 17:16:51',NULL,0),(787,'playerVirtual28','playerVirtual28_4820318661',0,'2018-04-08 17:16:52',NULL,0),(788,'playerVirtual24','playerVirtual24_4246147567',0,'2018-04-08 17:17:23',NULL,0),(789,'playerVirtual24','playerVirtual24_268ee66035',3,'2018-04-08 17:17:24',NULL,0),(790,'playerVirtual24','playerVirtual24_4246147567',0,'2018-04-08 17:17:24',NULL,0),(791,'playerVirtual28','playerVirtual28_2758c2a5b7',4,'2018-04-08 17:17:51',NULL,0),(792,'playerVirtual3','playerVirtual3_4246147567',0,'2018-04-08 17:18:23',NULL,0),(793,'playerVirtual3','playerVirtual3_56d16aa029',4,'2018-04-08 17:18:23',NULL,0),(794,'playerVirtual3','playerVirtual3_4246147567',0,'2018-04-08 17:18:23',NULL,0),(795,'playerVirtual24','playerVirtual24_4246147567',1,'2018-04-08 17:18:25',NULL,0),(796,'playerVirtual24','playerVirtual24_5906046dcc',4,'2018-04-08 17:18:25',NULL,0),(797,'playerVirtual24','playerVirtual24_4246147567',1,'2018-04-08 17:18:25',NULL,0),(798,'playerVirtual11','playerVirtual11_990694203',0,'2018-04-08 17:19:16',NULL,0),(799,'playerVirtual11','playerVirtual11_c7f7d6ba83',4,'2018-04-08 17:19:16',NULL,0),(800,'playerVirtual11','playerVirtual11_990694203',0,'2018-04-08 17:19:17',NULL,0),(801,'playerVirtual1','playerVirtual1_4246147567',0,'2018-04-08 17:19:35',NULL,0),(802,'playerVirtual1','playerVirtual1_7ae45812ce',4,'2018-04-08 17:19:35',NULL,0),(803,'playerVirtual1','playerVirtual1_4246147567',0,'2018-04-08 17:19:35',NULL,0),(804,'playerVirtual30','playerVirtual30_990694203',0,'2018-04-08 17:19:46',NULL,0),(805,'playerVirtual30','playerVirtual30_990694203',0,'2018-04-08 17:19:46',NULL,0),(806,'playerVirtual36','playerVirtual36_da651513eb',4,'2018-04-08 17:19:49',NULL,0),(807,'playerVirtual30','playerVirtual30_7c971b9024',3,'2018-04-08 17:20:46',NULL,0),(808,'playerVirtual7','playerVirtual7_4246147567',1,'2018-04-08 17:21:34',NULL,0),(809,'playerVirtual7','playerVirtual7_c4f120fea4',3,'2018-04-08 17:21:35',NULL,0),(810,'playerVirtual7','playerVirtual7_4246147567',1,'2018-04-08 17:21:35',NULL,0),(811,'playerVirtual15','playerVirtual15_4246147567',0,'2018-04-08 17:21:44',NULL,0),(812,'playerVirtual15','playerVirtual15_d38a7490bf',4,'2018-04-08 17:21:45',NULL,0),(813,'playerVirtual15','playerVirtual15_4246147567',0,'2018-04-08 17:21:45',NULL,0),(814,'playerVirtual30','playerVirtual30_990694203',1,'2018-04-08 17:21:47',NULL,0),(815,'playerVirtual30','playerVirtual30_d526aa85bd',4,'2018-04-08 17:21:47',NULL,0),(816,'playerVirtual30','playerVirtual30_990694203',1,'2018-04-08 17:21:48',NULL,0),(817,'playerVirtual20','playerVirtual20_4246147567',0,'2018-04-08 17:22:27',NULL,0),(818,'playerVirtual20','playerVirtual20_cdfb2878bc',3,'2018-04-08 17:22:27',NULL,0),(819,'playerVirtual20','playerVirtual20_4246147567',0,'2018-04-08 17:22:27',NULL,0),(820,'playerVirtual29','playerVirtual29_16917741',0,'2018-04-08 17:23:14',NULL,0),(821,'playerVirtual29','playerVirtual29_16917741',0,'2018-04-08 17:23:18',NULL,0),(822,'playerVirtual20','playerVirtual20_d476c1f037',4,'2018-04-08 17:23:28',NULL,0),(823,'playerVirtual0','playerVirtual0_2378747961',0,'2018-04-08 17:23:35',NULL,0),(824,'playerVirtual0','playerVirtual0_6d7213d1d9',4,'2018-04-08 17:23:35',NULL,0),(825,'playerVirtual0','playerVirtual0_2378747961',0,'2018-04-08 17:23:35',NULL,0),(826,'playerVirtual29','playerVirtual29_591acb846b',4,'2018-04-08 17:24:11',NULL,0),(827,'playerVirtual37','playerVirtual37_86e56b2108',4,'2018-04-08 17:24:45',NULL,0),(828,'playerVirtual16','playerVirtual16_4246147567',0,'2018-04-08 17:24:52',NULL,0),(829,'playerVirtual16','playerVirtual16_271882297f',3,'2018-04-08 17:24:52',NULL,0),(830,'playerVirtual16','playerVirtual16_4246147567',0,'2018-04-08 17:24:52',NULL,0),(831,'playerVirtual10','playerVirtual10_5792765',1,'2018-04-08 17:24:56',NULL,0),(832,'playerVirtual10','playerVirtual10_0b70074c92',4,'2018-04-08 17:24:57',NULL,0),(833,'playerVirtual10','playerVirtual10_5792765',1,'2018-04-08 17:24:57',NULL,0),(834,'playerVirtual25','playerVirtual25_4246147567',1,'2018-04-08 17:25:35',NULL,0),(835,'playerVirtual25','playerVirtual25_ab8c1066ac',3,'2018-04-08 17:25:35',NULL,0),(836,'playerVirtual25','playerVirtual25_4246147567',1,'2018-04-08 17:25:35',NULL,0),(837,'playerVirtual31','playerVirtual31_5792765',0,'2018-04-08 17:25:36',NULL,0),(838,'playerVirtual31','playerVirtual31_5792765',0,'2018-04-08 17:25:36',NULL,0),(839,'playerVirtual6','playerVirtual6_4246147567',1,'2018-04-08 17:25:49',NULL,0),(840,'playerVirtual6','playerVirtual6_e2e87a17fc',3,'2018-04-08 17:25:49',NULL,0),(841,'playerVirtual6','playerVirtual6_4246147567',1,'2018-04-08 17:25:49',NULL,0),(842,'playerVirtual31','playerVirtual31_fb1a8edc17',3,'2018-04-08 17:26:36',NULL,0),(843,'playerVirtual5','playerVirtual5_4246147567',0,'2018-04-08 17:28:23',NULL,0),(844,'playerVirtual5','playerVirtual5_2d453edab2',3,'2018-04-08 17:28:24',NULL,0),(845,'playerVirtual5','playerVirtual5_4246147567',0,'2018-04-08 17:28:24',NULL,0);
/*!40000 ALTER TABLE `REQUEST` ENABLE KEYS */;
UNLOCK TABLES;

--
-- Table structure for table `STATUS`
--

DROP TABLE IF EXISTS `STATUS`;
/*!40101 SET @saved_cs_client     = @@character_set_client */;
/*!40101 SET character_set_client = utf8 */;
CREATE TABLE `STATUS` (
  `id` int(11) NOT NULL AUTO_INCREMENT,
  `players` int(11) DEFAULT '0',
  `all_requests` int(11) DEFAULT '0',
  `accepts` int(11) DEFAULT '0',
  `rejects` int(11) DEFAULT '0',
  `fairness` double DEFAULT '0',
  `timestamp` timestamp NULL DEFAULT NULL,
  PRIMARY KEY (`id`)
) ENGINE=InnoDB AUTO_INCREMENT=31 DEFAULT CHARSET=utf8;
/*!40101 SET character_set_client = @saved_cs_client */;

--
-- Dumping data for table `STATUS`
--

LOCK TABLES `STATUS` WRITE;
/*!40000 ALTER TABLE `STATUS` DISABLE KEYS */;
INSERT INTO `STATUS` VALUES (1,0,0,0,0,0,'2018-04-08 15:03:31'),(2,10,20,20,0,1,'2018-04-08 15:08:31'),(3,11,31,31,0,1,'2018-04-08 15:13:31'),(4,12,44,44,0,1,'2018-04-08 15:18:31'),(5,13,60,60,0,1,'2018-04-08 15:23:32'),(6,14,66,66,0,1,'2018-04-08 15:28:32'),(7,15,74,74,0,1,'2018-04-08 15:33:32'),(8,16,87,85,0,0.977,'2018-04-08 15:38:32'),(9,17,89,87,0,0.9775,'2018-04-08 15:43:32'),(10,18,93,91,0,0.9785,'2018-04-08 15:48:32'),(11,19,98,96,0,0.9796,'2018-04-08 15:53:32'),(12,20,101,99,0,0.9802,'2018-04-08 15:58:32'),(13,21,108,106,0,0.9815,'2018-04-08 16:03:33'),(14,22,111,109,0,0.982,'2018-04-08 16:08:33'),(15,23,119,117,0,0.9832,'2018-04-08 16:13:33'),(16,24,124,122,0,0.9839,'2018-04-08 16:18:33'),(17,25,127,125,0,0.9843,'2018-04-08 16:23:33'),(18,26,131,129,0,0.9847,'2018-04-08 16:28:33'),(19,27,136,134,0,0.9853,'2018-04-08 16:33:33'),(20,28,139,137,0,0.9856,'2018-04-08 16:38:33'),(21,29,148,146,0,0.9865,'2018-04-08 16:43:34'),(22,30,151,149,0,0.9868,'2018-04-08 16:48:34'),(23,31,154,152,0,0.987,'2018-04-08 16:53:34'),(24,32,158,156,0,0.9873,'2018-04-08 16:58:34'),(25,33,159,157,0,0.9874,'2018-04-08 17:03:34'),(26,34,166,164,0,0.988,'2018-04-08 17:08:34'),(27,35,173,171,0,0.9884,'2018-04-08 17:13:35'),(28,36,179,177,0,0.9888,'2018-04-08 17:18:35'),(29,37,185,183,0,0.9892,'2018-04-08 17:23:35'),(30,38,189,187,0,0.9894,'2018-04-08 17:28:35');
/*!40000 ALTER TABLE `STATUS` ENABLE KEYS */;
UNLOCK TABLES;

--
-- Table structure for table `THRESHOLD`
--

DROP TABLE IF EXISTS `THRESHOLD`;
/*!40101 SET @saved_cs_client     = @@character_set_client */;
/*!40101 SET character_set_client = utf8 */;
CREATE TABLE `THRESHOLD` (
  `division` int(11) NOT NULL,
  `botton` double DEFAULT '0',
  `top` double DEFAULT '0',
  PRIMARY KEY (`division`)
) ENGINE=InnoDB DEFAULT CHARSET=utf8;
/*!40101 SET character_set_client = @saved_cs_client */;

--
-- Dumping data for table `THRESHOLD`
--

LOCK TABLES `THRESHOLD` WRITE;
/*!40000 ALTER TABLE `THRESHOLD` DISABLE KEYS */;
INSERT INTO `THRESHOLD` VALUES (1,8.76,20),(2,4.38,8.76),(3,0,4.38);
/*!40000 ALTER TABLE `THRESHOLD` ENABLE KEYS */;
UNLOCK TABLES;

--
-- Table structure for table `VM`
--

DROP TABLE IF EXISTS `VM`;
/*!40101 SET @saved_cs_client     = @@character_set_client */;
/*!40101 SET character_set_client = utf8 */;
CREATE TABLE `VM` (
  `id` int(11) NOT NULL AUTO_INCREMENT,
  `origin_add` varchar(45) NOT NULL,
  `origin_id` varchar(45) NOT NULL,
  `origin_name` varchar(45) NOT NULL,
  `destiny_add` varchar(45) NOT NULL,
  `destiny_name` varchar(45) NOT NULL,
  `destiny_id` varchar(45) NOT NULL,
  `status` tinyint(1) NOT NULL,
  `has_resources` tinyint(1) NOT NULL,
  `vcpus` int(11) NOT NULL,
  `mem` bigint(20) NOT NULL,
  `disk` bigint(20) NOT NULL,
  `timestamp_received` timestamp NULL DEFAULT NULL,
  `timestamp_finished` timestamp NULL DEFAULT NULL,
  PRIMARY KEY (`id`)
) ENGINE=InnoDB AUTO_INCREMENT=190 DEFAULT CHARSET=utf8;
/*!40101 SET character_set_client = @saved_cs_client */;

--
-- Dumping data for table `VM`
--

LOCK TABLES `VM` WRITE;
/*!40000 ALTER TABLE `VM` DISABLE KEYS */;
INSERT INTO `VM` VALUES (1,'192.168.0.200','playerVirtual1_450512000','playerVirtual1','192.168.0.200','playerVirtual4','playerVirtual4_2b80854c8d',1,1,1,2048,20,'2018-04-08 15:05:42',NULL),(2,'192.168.0.200','playerVirtual4_1438244924','playerVirtual4','192.168.0.200','playerVirtual1','playerVirtual1_7b42465b8a',3,1,1,2048,20,'2018-04-08 15:05:44','2018-04-08 15:39:45'),(3,'192.168.0.200','playerVirtual8_640692267','playerVirtual8','192.168.0.200','playerVirtual2','playerVirtual2_bb12d85d84',1,1,1,512,1,'2018-04-08 15:05:47',NULL),(4,'192.168.0.200','playerVirtual2_2381571381','playerVirtual2','192.168.0.200','playerVirtual8','playerVirtual8_5a1083f931',3,1,1,2048,20,'2018-04-08 15:05:48','2018-04-08 15:42:57'),(5,'192.168.0.200','playerVirtual3_5297461910','playerVirtual3','192.168.0.200','playerVirtual6','playerVirtual6_525cffc546',3,1,1,512,1,'2018-04-08 15:05:49','2018-04-08 15:51:46'),(6,'192.168.0.200','playerVirtual6_2790332778','playerVirtual6','192.168.0.200','playerVirtual3','playerVirtual3_15e1863b4d',1,1,2,4096,40,'2018-04-08 15:05:52',NULL),(7,'192.168.0.200','playerVirtual5_369721705','playerVirtual5','192.168.0.200','playerVirtual9','playerVirtual9_b3229cfe2c',1,1,2,4096,40,'2018-04-08 15:05:54',NULL),(8,'192.168.0.200','playerVirtual9_317469422','playerVirtual9','192.168.0.200','playerVirtual5','playerVirtual5_4e74e4d0d7',1,1,2,4096,40,'2018-04-08 15:05:54',NULL),(9,'192.168.0.200','playerVirtual7_6955737','playerVirtual7','192.168.0.200','playerVirtual0','playerVirtual0_1e5b0497b4',3,1,1,2048,20,'2018-04-08 15:05:54','2018-04-08 15:36:46'),(10,'192.168.0.200','playerVirtual0_257338104','playerVirtual0','192.168.0.200','playerVirtual7','playerVirtual7_87fe42f4e2',1,1,2,4096,40,'2018-04-08 15:05:55',NULL),(11,'192.168.0.200','playerVirtual4_2433236783','playerVirtual4','192.168.0.200','playerVirtual1','playerVirtual1_7ee95d9c6e',1,1,1,2048,20,'2018-04-08 15:07:54',NULL),(12,'192.168.0.200','playerVirtual1_3584940347','playerVirtual1','192.168.0.200','playerVirtual4','playerVirtual4_651a24da2e',1,1,1,512,1,'2018-04-08 15:07:55',NULL),(13,'192.168.0.200','playerVirtual8_3338579772','playerVirtual8','192.168.0.200','playerVirtual2','playerVirtual2_a7df119153',3,1,1,2048,20,'2018-04-08 15:07:55','2018-04-08 15:41:41'),(14,'192.168.0.200','playerVirtual2_257407216','playerVirtual2','192.168.0.200','playerVirtual6','playerVirtual6_5de53e5b64',1,1,2,4096,40,'2018-04-08 15:07:56',NULL),(15,'192.168.0.200','playerVirtual3_182859403','playerVirtual3','192.168.0.200','playerVirtual5','playerVirtual5_553dcc606c',3,1,1,512,1,'2018-04-08 15:08:02','2018-04-08 15:28:21'),(16,'192.168.0.200','playerVirtual6_2359368952','playerVirtual6','192.168.0.200','playerVirtual3','playerVirtual3_356072f790',3,1,1,512,1,'2018-04-08 15:08:05','2018-04-08 15:22:52'),(17,'192.168.0.200','playerVirtual5_16917741','playerVirtual5','192.168.0.200','playerVirtual9','playerVirtual9_84f1a7892e',3,1,1,512,1,'2018-04-08 15:08:09','2018-04-08 17:12:34'),(18,'192.168.0.200','playerVirtual9_2545640208','playerVirtual9','192.168.0.200','playerVirtual0','playerVirtual0_a1dfdd7987',1,1,1,2048,20,'2018-04-08 15:08:18',NULL),(19,'192.168.0.200','playerVirtual7_908315','playerVirtual7','192.168.0.200','playerVirtual1','playerVirtual1_9d9ba8c021',3,1,1,2048,20,'2018-04-08 15:08:20','2018-04-08 15:59:24'),(20,'192.168.0.200','playerVirtual0_539194189','playerVirtual0','192.168.0.200','playerVirtual7','playerVirtual7_b087341234',3,1,1,2048,20,'2018-04-08 15:08:30','2018-04-08 15:57:19'),(21,'192.168.0.200','playerVirtual4_4820204870','playerVirtual4','192.168.0.200','playerVirtual10','playerVirtual10_0fb84fac49',3,1,2,4096,40,'2018-04-08 15:11:10','2018-04-08 15:28:07'),(22,'192.168.0.200','playerVirtual1_8058564','playerVirtual1','192.168.0.200','playerVirtual4','playerVirtual4_7c65b1cfe6',1,1,1,2048,20,'2018-04-08 15:11:59',NULL),(23,'192.168.0.200','playerVirtual8_1429160667','playerVirtual8','192.168.0.200','playerVirtual2','playerVirtual2_db4fefb05d',1,1,1,2048,20,'2018-04-08 15:12:05',NULL),(24,'192.168.0.200','playerVirtual2_3338010893','playerVirtual2','192.168.0.200','playerVirtual5','playerVirtual5_1a727f98cf',1,1,1,512,1,'2018-04-08 15:12:07',NULL),(25,'192.168.0.200','playerVirtual3_82730999','playerVirtual3','192.168.0.200','playerVirtual9','playerVirtual9_5e16870526',3,1,1,512,1,'2018-04-08 15:12:12','2018-04-08 17:00:49'),(26,'192.168.0.200','playerVirtual6_351652724','playerVirtual6','192.168.0.200','playerVirtual3','playerVirtual3_8d62fea712',1,1,1,2048,20,'2018-04-08 15:12:17',NULL),(27,'192.168.0.200','playerVirtual5_6571218','playerVirtual5','192.168.0.200','playerVirtual0','playerVirtual0_e97b2d9823',1,1,1,2048,20,'2018-04-08 15:12:18',NULL),(28,'192.168.0.200','playerVirtual9_778566023','playerVirtual9','192.168.0.200','playerVirtual7','playerVirtual7_3ebd760f5a',1,1,1,512,1,'2018-04-08 15:12:21',NULL),(29,'192.168.0.200','playerVirtual7_1436344784','playerVirtual7','192.168.0.200','playerVirtual10','playerVirtual10_999ea22e01',3,1,1,2048,20,'2018-04-08 15:12:25','2018-04-08 15:43:08'),(30,'192.168.0.200','playerVirtual0_1339662','playerVirtual0','192.168.0.200','playerVirtual4','playerVirtual4_8288ff0ea5',1,1,1,2048,20,'2018-04-08 15:12:28',NULL),(31,'192.168.0.200','playerVirtual10_317497342','playerVirtual10','192.168.0.200','playerVirtual2','playerVirtual2_74afa2ad60',1,1,1,512,1,'2018-04-08 15:13:21',NULL),(32,'192.168.0.200','playerVirtual4_284794223','playerVirtual4','192.168.0.200','playerVirtual1','playerVirtual1_cbeb0336d2',1,1,1,2048,20,'2018-04-08 15:14:27',NULL),(33,'192.168.0.200','playerVirtual1_359920779','playerVirtual1','192.168.0.200','playerVirtual5','playerVirtual5_4937207f4b',3,1,1,512,1,'2018-04-08 15:14:28','2018-04-08 16:19:11'),(34,'192.168.0.200','playerVirtual8_904011','playerVirtual8','192.168.0.200','playerVirtual10','playerVirtual10_a3293394b6',2,1,1,2048,20,'2018-04-08 15:14:28','2018-04-08 15:14:42'),(35,'192.168.0.200','playerVirtual2_2904109077','playerVirtual2','192.168.0.200','playerVirtual9','playerVirtual9_81035642d8',1,1,1,512,1,'2018-04-08 15:14:29',NULL),(36,'192.168.0.200','playerVirtual3_257338074','playerVirtual3','192.168.0.200','playerVirtual0','playerVirtual0_29419119d5',1,1,2,4096,40,'2018-04-08 15:14:40',NULL),(37,'192.168.0.200','playerVirtual6_905614','playerVirtual6','192.168.0.200','playerVirtual10','playerVirtual10_6b7c7c3186',2,1,1,2048,20,'2018-04-08 15:14:42','2018-04-08 15:15:43'),(38,'192.168.0.200','playerVirtual5_1093460','playerVirtual5','192.168.0.200','playerVirtual11','playerVirtual11_e74dd67bf5',1,1,1,512,1,'2018-04-08 15:14:44',NULL),(39,'192.168.0.200','playerVirtual9_6569547','playerVirtual9','192.168.0.200','playerVirtual3','playerVirtual3_9ab2814ca0',1,1,1,2048,20,'2018-04-08 15:14:54',NULL),(40,'192.168.0.200','playerVirtual7_470485660','playerVirtual7','192.168.0.200','playerVirtual4','playerVirtual4_61ded0f653',1,1,2,4096,40,'2018-04-08 15:14:57',NULL),(41,'192.168.0.200','playerVirtual0_30788568','playerVirtual0','192.168.0.200','playerVirtual7','playerVirtual7_79a79e9edb',1,1,1,512,1,'2018-04-08 15:15:08',NULL),(42,'192.168.0.200','playerVirtual10_5792765','playerVirtual10','192.168.0.200','playerVirtual11','playerVirtual11_46cb1fd6c3',3,1,1,512,1,'2018-04-08 15:15:30','2018-04-08 17:24:57'),(43,'192.168.0.200','playerVirtual4_400453824','playerVirtual4','192.168.0.200','playerVirtual1','playerVirtual1_284a270f62',1,1,1,512,1,'2018-04-08 15:17:58',NULL),(44,'192.168.0.200','playerVirtual11_38671842','playerVirtual11','192.168.0.200','playerVirtual10','playerVirtual10_03aee8215a',2,1,1,512,1,'2018-04-08 15:18:31','2018-04-08 15:18:51'),(45,'192.168.0.200','playerVirtual1_4820318661','playerVirtual1','192.168.0.200','playerVirtual5','playerVirtual5_a57ada1cd0',1,1,2,4096,40,'2018-04-08 15:18:55',NULL),(46,'192.168.0.200','playerVirtual8_4819935267','playerVirtual8','192.168.0.200','playerVirtual11','playerVirtual11_b5f488663e',2,1,2,4096,40,'2018-04-08 15:19:02','2018-04-08 15:19:53'),(47,'192.168.0.200','playerVirtual2_4820217293','playerVirtual2','192.168.0.200','playerVirtual9','playerVirtual9_3c54a75873',1,1,2,4096,40,'2018-04-08 15:19:07',NULL),(48,'192.168.0.200','playerVirtual3_6264344062','playerVirtual3','192.168.0.200','playerVirtual4','playerVirtual4_2b80d7a8cf',3,1,1,512,1,'2018-04-08 15:19:12','2018-04-08 15:41:03'),(49,'192.168.0.200','playerVirtual6_2378747961','playerVirtual6','192.168.0.200','playerVirtual11','playerVirtual11_5a98075501',3,1,1,512,1,'2018-04-08 15:19:27','2018-04-08 15:46:00'),(50,'192.168.0.200','playerVirtual5_5068098508','playerVirtual5','192.168.0.200','playerVirtual3','playerVirtual3_388b97f9d0',3,1,1,2048,20,'2018-04-08 15:19:32','2018-04-08 16:00:14'),(51,'192.168.0.200','playerVirtual9_227443932','playerVirtual9','192.168.0.200','playerVirtual12','playerVirtual12_e7774b99aa',2,1,1,2048,20,'2018-04-08 15:20:49','2018-04-08 15:20:57'),(52,'192.168.0.200','playerVirtual7_1095593','playerVirtual7','192.168.0.200','playerVirtual1','playerVirtual1_93e2ed6ae7',3,1,1,512,1,'2018-04-08 15:20:57','2018-04-08 15:48:52'),(53,'192.168.0.200','playerVirtual0_2148750930','playerVirtual0','192.168.0.200','playerVirtual7','playerVirtual7_9348a17163',1,1,1,2048,20,'2018-04-08 15:21:00',NULL),(54,'192.168.0.200','playerVirtual10_563574327','playerVirtual10','192.168.0.200','playerVirtual5','playerVirtual5_f60513f9b3',1,1,1,2048,20,'2018-04-08 15:22:01',NULL),(55,'192.168.0.200','playerVirtual11_16915963','playerVirtual11','192.168.0.200','playerVirtual12','playerVirtual12_00016a1043',2,1,1,2048,20,'2018-04-08 15:22:26','2018-04-08 15:23:04'),(56,'192.168.0.200','playerVirtual4_765651','playerVirtual4','192.168.0.200','playerVirtual10','playerVirtual10_c1a37f6dd5',2,1,1,2048,20,'2018-04-08 15:23:06','2018-04-08 15:24:06'),(57,'192.168.0.200','playerVirtual1_284757920','playerVirtual1','192.168.0.200','playerVirtual11','playerVirtual11_050585d98a',1,1,1,2048,20,'2018-04-08 15:23:14',NULL),(58,'192.168.0.200','playerVirtual8_272887063','playerVirtual8','192.168.0.200','playerVirtual12','playerVirtual12_426e55ef4e',3,1,1,2048,20,'2018-04-08 15:23:16','2018-04-08 15:30:02'),(59,'192.168.0.200','playerVirtual2_6274355716','playerVirtual2','192.168.0.200','playerVirtual3','playerVirtual3_d1f242f0e7',3,1,1,512,1,'2018-04-08 15:23:20','2018-04-08 15:50:51'),(60,'192.168.0.200','playerVirtual3_38676294','playerVirtual3','192.168.0.200','playerVirtual1','playerVirtual1_51c9eef71d',1,1,1,512,1,'2018-04-08 15:23:29',NULL),(61,'192.168.0.200','playerVirtual5_182859403','playerVirtual5','192.168.0.200','playerVirtual7','playerVirtual7_8ff19f78c3',3,1,1,512,1,'2018-04-08 15:24:38','2018-04-08 15:29:41'),(62,'192.168.0.200','playerVirtual9_4820204870','playerVirtual9','192.168.0.200','playerVirtual13','playerVirtual13_38af78a2da',2,1,2,4096,40,'2018-04-08 15:25:10','2018-04-08 15:26:13'),(63,'192.168.0.200','playerVirtual7_990694203','playerVirtual7','192.168.0.200','playerVirtual11','playerVirtual11_e76822d078',3,1,1,2048,20,'2018-04-08 15:25:23','2018-04-08 15:31:26'),(64,'192.168.0.200','playerVirtual12_5623125514','playerVirtual12','192.168.0.200','playerVirtual13','playerVirtual13_5fd7af7676',1,1,1,2048,20,'2018-04-08 15:25:31',NULL),(65,'192.168.0.200','playerVirtual0_990694203','playerVirtual0','192.168.0.200','playerVirtual12','playerVirtual12_53409523fa',2,1,1,2048,20,'2018-04-08 15:25:48','2018-04-08 15:26:13'),(66,'192.168.0.200','playerVirtual10_6280643141','playerVirtual10','192.168.0.200','playerVirtual3','playerVirtual3_5a5f32d052',3,1,1,512,1,'2018-04-08 15:26:14','2018-04-08 17:15:47'),(67,'192.168.0.200','playerVirtual6_6280638724','playerVirtual6','192.168.0.200','playerVirtual13','playerVirtual13_929fe77fa8',1,1,1,512,1,'2018-04-08 15:29:12',NULL),(68,'192.168.0.200','playerVirtual11_4476462938','playerVirtual11','192.168.0.200','playerVirtual5','playerVirtual5_57d9085596',1,1,1,2048,20,'2018-04-08 15:29:25',NULL),(69,'192.168.0.200','playerVirtual1_272887063','playerVirtual1','192.168.0.200','playerVirtual14','playerVirtual14_9682c65242',3,1,1,2048,20,'2018-04-08 15:29:56','2018-04-08 16:58:51'),(70,'192.168.0.200','playerVirtual2_6282149131','playerVirtual2','192.168.0.200','playerVirtual12','playerVirtual12_b021287858',1,1,1,512,1,'2018-04-08 15:30:09',NULL),(71,'192.168.0.200','playerVirtual12_682797','playerVirtual12','192.168.0.200','playerVirtual13','playerVirtual13_b466b9963a',2,1,1,2048,20,'2018-04-08 15:30:10','2018-04-08 15:30:25'),(72,'192.168.0.200','playerVirtual9_1436323714','playerVirtual9','192.168.0.200','playerVirtual14','playerVirtual14_ec05069d12',1,1,1,2048,20,'2018-04-08 15:32:04',NULL),(73,'192.168.0.200','playerVirtual13_2359368952','playerVirtual13','192.168.0.200','playerVirtual14','playerVirtual14_aeec9a2542',2,1,1,512,1,'2018-04-08 15:32:51','2018-04-08 15:33:34'),(74,'192.168.0.200','playerVirtual10_214880781','playerVirtual10','192.168.0.200','playerVirtual1','playerVirtual1_2c09e325db',1,1,1,2048,20,'2018-04-08 15:33:23',NULL),(75,'192.168.0.200','playerVirtual4_1094955','playerVirtual4','192.168.0.200','playerVirtual10','playerVirtual10_81cd653dea',1,1,1,512,1,'2018-04-08 15:33:35',NULL),(76,'192.168.0.200','playerVirtual3_16914091','playerVirtual3','192.168.0.200','playerVirtual7','playerVirtual7_345145943c',1,1,1,2048,20,'2018-04-08 15:33:59',NULL),(77,'192.168.0.200','playerVirtual8_6285257156','playerVirtual8','192.168.0.200','playerVirtual6','playerVirtual8_6285257156',0,0,1,512,1,'2018-04-08 15:34:09','2018-04-08 15:34:09'),(78,'192.168.0.200','playerVirtual6_6955737','playerVirtual6','192.168.0.200','playerVirtual8','playerVirtual6_6955737',0,0,1,2048,20,'2018-04-08 15:34:11','2018-04-08 15:34:11'),(79,'192.168.0.200','playerVirtual11_6955737','playerVirtual11','192.168.0.200','playerVirtual15','playerVirtual15_5693029382',2,1,1,2048,20,'2018-04-08 15:34:57','2018-04-08 15:35:42'),(80,'192.168.0.200','playerVirtual5_182859403','playerVirtual5','192.168.0.200','playerVirtual11','playerVirtual11_3920b0524d',2,1,1,512,1,'2018-04-08 15:35:21','2018-04-08 15:35:42'),(81,'192.168.0.200','playerVirtual1_1438244924','playerVirtual1','192.168.0.200','playerVirtual12','playerVirtual12_eb57a99ac3',3,1,1,2048,20,'2018-04-08 15:35:52','2018-04-08 15:43:25'),(82,'192.168.0.200','playerVirtual2_3338579772','playerVirtual2','192.168.0.200','playerVirtual13','playerVirtual13_2f3fb844e6',2,1,1,2048,20,'2018-04-08 15:35:59','2018-04-08 15:36:45'),(83,'192.168.0.200','playerVirtual13_1438244924','playerVirtual13','192.168.0.200','playerVirtual0','playerVirtual0_e9924a74c6',3,1,1,2048,20,'2018-04-08 15:37:17','2018-04-08 17:08:57'),(84,'192.168.0.200','playerVirtual0_2378747961','playerVirtual0','192.168.0.200','playerVirtual14','playerVirtual14_b5aa98d348',3,1,1,512,1,'2018-04-08 15:37:38','2018-04-08 15:44:59'),(85,'192.168.0.200','playerVirtual12_2381571381','playerVirtual12','192.168.0.200','playerVirtual15','playerVirtual15_fd7a9e9e7c',1,1,1,2048,20,'2018-04-08 15:38:20',NULL),(86,'192.168.0.200','playerVirtual9_6289355687','playerVirtual9','192.168.0.200','playerVirtual12','playerVirtual12_e7cbf4d33f',1,1,1,512,1,'2018-04-08 15:38:27',NULL),(87,'192.168.0.200','playerVirtual14_6641406','playerVirtual14','192.168.0.200','playerVirtual13','playerVirtual13_4539be2e02',1,1,1,2048,20,'2018-04-08 15:38:31',NULL),(88,'192.168.0.200','playerVirtual10_6289704471','playerVirtual10','192.168.0.200','playerVirtual1','playerVirtual1_11cceb8bf3',3,1,1,512,1,'2018-04-08 15:39:45','2018-04-08 15:59:07'),(89,'192.168.0.200','playerVirtual5_794070039','playerVirtual5','192.168.0.200','playerVirtual16','playerVirtual16_ecf0677f2e',2,1,1,512,1,'2018-04-08 15:41:38','2018-04-08 15:42:04'),(90,'192.168.0.200','playerVirtual11_990694203','playerVirtual11','192.168.0.200','playerVirtual2','playerVirtual2_652b64cf21',3,1,1,2048,20,'2018-04-08 15:44:00','2018-04-08 15:49:31'),(91,'192.168.0.200','playerVirtual15_1436344784','playerVirtual15','192.168.0.200','playerVirtual17','playerVirtual17_8ef4d4009d',3,1,1,2048,20,'2018-04-08 15:45:31','2018-04-08 16:47:05'),(92,'192.168.0.200','playerVirtual12_6296865278','playerVirtual12','192.168.0.200','playerVirtual4','playerVirtual4_7201856b9e',1,1,1,512,1,'2018-04-08 15:46:18',NULL),(93,'192.168.0.200','playerVirtual14_6264344062','playerVirtual14','192.168.0.200','playerVirtual8','playerVirtual8_46d97b57d5',1,1,1,2048,20,'2018-04-08 15:46:32',NULL),(94,'192.168.0.200','playerVirtual13_6296268057','playerVirtual13','192.168.0.200','playerVirtual10','playerVirtual10_a5360a546a',1,1,1,512,1,'2018-04-08 15:48:46',NULL),(95,'192.168.0.200','playerVirtual9_182859403','playerVirtual9','192.168.0.200','playerVirtual14','playerVirtual14_d4b1f76024',3,1,1,512,1,'2018-04-08 15:49:14','2018-04-08 15:55:36'),(96,'192.168.0.200','playerVirtual4_990694203','playerVirtual4','192.168.0.200','playerVirtual18','playerVirtual18_f7ef68faf7',2,1,1,2048,20,'2018-04-08 15:50:32','2018-04-08 15:51:35'),(97,'192.168.0.200','playerVirtual10_5297461910','playerVirtual10','192.168.0.200','playerVirtual3','playerVirtual3_3c59cece0d',3,1,1,512,1,'2018-04-08 15:52:29','2018-04-08 16:53:09'),(98,'192.168.0.200','playerVirtual8_6289704471','playerVirtual8','192.168.0.200','playerVirtual6','playerVirtual6_3d9508724a',3,1,1,2048,20,'2018-04-08 15:53:14','2018-04-08 16:13:24'),(99,'192.168.0.200','playerVirtual15_908315','playerVirtual15','192.168.0.200','playerVirtual16','playerVirtual16_6da2a9b61d',1,1,1,2048,20,'2018-04-08 15:54:47',NULL),(100,'192.168.0.200','playerVirtual1_1095593','playerVirtual1','192.168.0.200','playerVirtual19','playerVirtual19_544089f6f2',3,1,1,512,1,'2018-04-08 15:55:04','2018-04-08 16:02:51'),(101,'192.168.0.200','playerVirtual16_6301942525','playerVirtual16','192.168.0.200','playerVirtual15','playerVirtual15_a652666598',2,1,1,512,1,'2018-04-08 15:55:06','2018-04-08 15:55:50'),(102,'192.168.0.200','playerVirtual12_539194189','playerVirtual12','192.168.0.200','playerVirtual7','playerVirtual7_cd38ad0630',1,1,1,2048,20,'2018-04-08 15:59:20',NULL),(103,'192.168.0.200','playerVirtual13_4246147567','playerVirtual13','192.168.0.200','playerVirtual20','playerVirtual20_e0b0941335',2,1,2,4096,40,'2018-04-08 16:00:13','2018-04-08 16:01:06'),(104,'192.168.0.200','playerVirtual6_182859403','playerVirtual6','192.168.0.200','playerVirtual17','playerVirtual17_d6d2959b18',1,1,1,512,1,'2018-04-08 16:00:23',NULL),(105,'192.168.0.200','playerVirtual14_4246147567','playerVirtual14','192.168.0.200','playerVirtual2','playerVirtual2_3d6eba85cb',3,1,2,4096,40,'2018-04-08 16:01:07','2018-04-08 16:09:03'),(106,'192.168.0.200','playerVirtual3_6315250734','playerVirtual3','192.168.0.200','playerVirtual11','playerVirtual11_f7725105b3',1,1,1,512,1,'2018-04-08 16:02:30',NULL),(107,'192.168.0.200','playerVirtual17_6274355716','playerVirtual17','192.168.0.200','playerVirtual18','playerVirtual18_1b15421e5e',1,1,1,512,1,'2018-04-08 16:02:36',NULL),(108,'192.168.0.200','playerVirtual16_6316827871','playerVirtual16','192.168.0.200','playerVirtual19','playerVirtual19_52a71a668f',2,1,1,512,1,'2018-04-08 16:02:43','2018-04-08 16:03:13'),(109,'192.168.0.200','playerVirtual2_4246147567','playerVirtual2','192.168.0.200','playerVirtual12','playerVirtual12_f287b21e3e',2,1,2,4096,40,'2018-04-08 16:04:17','2018-04-08 16:05:21'),(110,'192.168.0.200','playerVirtual11_6289704471','playerVirtual11','192.168.0.200','playerVirtual21','playerVirtual21_b74b5c6ded',1,1,1,2048,20,'2018-04-08 16:05:50',NULL),(111,'192.168.0.200','playerVirtual0_4246147567','playerVirtual0','192.168.0.200','playerVirtual14','playerVirtual14_d7d4d31166',3,1,2,4096,40,'2018-04-08 16:07:00','2018-04-08 16:47:27'),(112,'192.168.0.200','playerVirtual17_6322213339','playerVirtual17','192.168.0.200','playerVirtual16','playerVirtual16_be0fd88476',2,1,1,512,1,'2018-04-08 16:09:20','2018-04-08 16:09:36'),(113,'192.168.0.200','playerVirtual15_2378747961','playerVirtual15','192.168.0.200','playerVirtual20','playerVirtual20_aec8e0db6e',3,1,1,512,1,'2018-04-08 16:09:36','2018-04-08 17:05:15'),(114,'192.168.0.200','playerVirtual18_4246147567','playerVirtual18','192.168.0.200','playerVirtual22','playerVirtual22_c0d96b1d22',3,1,2,4096,40,'2018-04-08 16:09:57','2018-04-08 16:37:05'),(115,'192.168.0.200','playerVirtual6_4246147567','playerVirtual6','192.168.0.200','playerVirtual17','playerVirtual17_1a6411279d',3,1,2,4096,40,'2018-04-08 16:10:19','2018-04-08 17:25:49'),(116,'192.168.0.200','playerVirtual7_4246147567','playerVirtual7','192.168.0.200','playerVirtual13','playerVirtual13_5941a4dcfa',3,1,2,4096,40,'2018-04-08 16:11:17','2018-04-08 17:21:35'),(117,'192.168.0.200','playerVirtual12_4246147567','playerVirtual12','192.168.0.200','playerVirtual1','playerVirtual1_c4f978fe12',3,1,2,4096,40,'2018-04-08 16:11:23','2018-04-08 16:24:30'),(118,'192.168.0.200','playerVirtual9_4246147567','playerVirtual9','192.168.0.200','playerVirtual15','playerVirtual15_c92aaf1ee8',3,1,2,4096,40,'2018-04-08 16:12:01','2018-04-08 16:44:49'),(119,'192.168.0.200','playerVirtual4_5068098508','playerVirtual4','192.168.0.200','playerVirtual10','playerVirtual10_36aa6d8d98',2,1,1,2048,20,'2018-04-08 16:13:32','2018-04-08 16:13:52'),(120,'192.168.0.200','playerVirtual11_4246147567','playerVirtual11','192.168.0.200','playerVirtual3','playerVirtual3_8e03e9cffe',3,1,2,4096,40,'2018-04-08 16:14:19','2018-04-08 17:01:13'),(121,'192.168.0.200','playerVirtual5_4246147567','playerVirtual5','192.168.0.200','playerVirtual6','playerVirtual6_4462ef6d33',3,1,2,4096,40,'2018-04-08 16:14:22','2018-04-08 16:52:15'),(122,'192.168.0.200','playerVirtual19_4246147567','playerVirtual19','192.168.0.200','playerVirtual23','playerVirtual23_c6e4aacf5f',3,1,2,4096,40,'2018-04-08 16:15:21','2018-04-08 16:43:45'),(123,'192.168.0.200','playerVirtual10_990694203','playerVirtual10','192.168.0.200','playerVirtual2','playerVirtual2_27fb387686',3,1,1,2048,20,'2018-04-08 16:16:00','2018-04-08 16:22:31'),(124,'192.168.0.200','playerVirtual3_1095593','playerVirtual3','192.168.0.200','playerVirtual11','playerVirtual11_bac6f84328',1,1,1,512,1,'2018-04-08 16:16:13',NULL),(125,'192.168.0.200','playerVirtual16_4246147567','playerVirtual16','192.168.0.200','playerVirtual24','playerVirtual24_ac32bbd9e7',3,1,2,4096,40,'2018-04-08 16:20:41','2018-04-08 16:28:18'),(126,'192.168.0.200','playerVirtual15_4246147567','playerVirtual15','192.168.0.200','playerVirtual18','playerVirtual18_3855d0d19b',3,1,2,4096,40,'2018-04-08 16:21:21','2018-04-08 16:36:14'),(127,'192.168.0.200','playerVirtual20_4246147567','playerVirtual20','192.168.0.200','playerVirtual19','playerVirtual19_c5931add84',2,1,2,4096,40,'2018-04-08 16:21:26','2018-04-08 16:22:24'),(128,'192.168.0.200','playerVirtual14_4246147567','playerVirtual14','192.168.0.200','playerVirtual25','playerVirtual25_56627f6b33',2,1,2,4096,40,'2018-04-08 16:26:02','2018-04-08 16:26:38'),(129,'192.168.0.200','playerVirtual13_4246147567','playerVirtual13','192.168.0.200','playerVirtual5','playerVirtual5_f8b34241e0',1,1,2,4096,40,'2018-04-08 16:26:05',NULL),(130,'192.168.0.200','playerVirtual8_6335261139','playerVirtual8','192.168.0.200','playerVirtual21','playerVirtual21_bbd3a43e1f',1,1,1,512,1,'2018-04-08 16:26:38',NULL),(131,'192.168.0.200','playerVirtual21_359920779','playerVirtual21','192.168.0.200','playerVirtual20','playerVirtual20_372d6f5f93',1,1,1,512,1,'2018-04-08 16:27:30',NULL),(132,'192.168.0.200','playerVirtual17_4246147567','playerVirtual17','192.168.0.200','playerVirtual16','playerVirtual16_803592af4e',3,1,2,4096,40,'2018-04-08 16:29:04','2018-04-08 16:35:48'),(133,'192.168.0.200','playerVirtual1_4246147567','playerVirtual1','192.168.0.200','playerVirtual12','playerVirtual12_f2788b3418',3,1,2,4096,40,'2018-04-08 16:29:30','2018-04-08 16:46:44'),(134,'192.168.0.200','playerVirtual3_4246147567','playerVirtual3','192.168.0.200','playerVirtual26','playerVirtual26_9158882560',3,1,2,4096,40,'2018-04-08 16:30:28','2018-04-08 16:44:11'),(135,'192.168.0.200','playerVirtual2_4246147567','playerVirtual2','192.168.0.200','playerVirtual14','playerVirtual14_95fc2f69bd',1,1,2,4096,40,'2018-04-08 16:30:55',NULL),(136,'192.168.0.200','playerVirtual22_4246147567','playerVirtual22','192.168.0.200','playerVirtual23','playerVirtual23_36f593a1a9',3,1,2,4096,40,'2018-04-08 16:33:06','2018-04-08 16:35:10'),(137,'192.168.0.200','playerVirtual21_4246147567','playerVirtual21','192.168.0.200','playerVirtual27','playerVirtual27_1c70c6ea1f',3,1,2,4096,40,'2018-04-08 16:34:54','2018-04-08 16:58:41'),(138,'192.168.0.200','playerVirtual0_4246147567','playerVirtual0','192.168.0.200','playerVirtual22','playerVirtual22_31e5d6cadb',3,1,2,4096,40,'2018-04-08 16:35:10','2018-04-08 16:47:27'),(139,'192.168.0.200','playerVirtual18_4246147567','playerVirtual18','192.168.0.200','playerVirtual17','playerVirtual17_34e43db36a',3,1,2,4096,40,'2018-04-08 16:36:03','2018-04-08 16:37:05'),(140,'192.168.0.200','playerVirtual9_4246147567','playerVirtual9','192.168.0.200','playerVirtual15','playerVirtual15_dada124205',3,1,2,4096,40,'2018-04-08 16:39:26','2018-04-08 16:44:49'),(141,'192.168.0.200','playerVirtual23_4246147567','playerVirtual23','192.168.0.200','playerVirtual24','playerVirtual24_a48879006e',2,1,2,4096,40,'2018-04-08 16:39:35','2018-04-08 16:40:30'),(142,'192.168.0.200','playerVirtual6_4246147567','playerVirtual6','192.168.0.200','playerVirtual18','playerVirtual18_905db50aca',3,1,2,4096,40,'2018-04-08 16:39:46','2018-04-08 17:25:49'),(143,'192.168.0.200','playerVirtual7_4246147567','playerVirtual7','192.168.0.200','playerVirtual28','playerVirtual28_cd95229fd6',3,1,2,4096,40,'2018-04-08 16:40:04','2018-04-08 17:21:35'),(144,'192.168.0.200','playerVirtual12_4246147567','playerVirtual12','192.168.0.200','playerVirtual13','playerVirtual13_a596be073d',2,1,2,4096,40,'2018-04-08 16:40:36','2018-04-08 16:41:34'),(145,'192.168.0.200','playerVirtual4_4246147567','playerVirtual4','192.168.0.200','playerVirtual1','playerVirtual1_b209dba45e',3,1,2,4096,40,'2018-04-08 16:41:51','2018-04-08 16:50:45'),(146,'192.168.0.200','playerVirtual19_4246147567','playerVirtual19','192.168.0.200','playerVirtual6','playerVirtual6_f8b16c3be7',3,1,2,4096,40,'2018-04-08 16:42:39','2018-04-08 16:43:45'),(147,'192.168.0.200','playerVirtual8_4246147567','playerVirtual8','192.168.0.200','playerVirtual25','playerVirtual25_624b44c40b',2,1,2,4096,40,'2018-04-08 16:43:17','2018-04-08 16:43:44'),(148,'192.168.0.200','playerVirtual5_4246147567','playerVirtual5','192.168.0.200','playerVirtual10','playerVirtual10_78153dc61f',3,1,2,4096,40,'2018-04-08 16:43:24','2018-04-08 16:52:15'),(149,'192.168.0.200','playerVirtual10_6344084916','playerVirtual10','192.168.0.200','playerVirtual3','playerVirtual3_d2909b981e',1,1,1,512,1,'2018-04-08 16:44:28',NULL),(150,'192.168.0.200','playerVirtual11_4246147567','playerVirtual11','192.168.0.200','playerVirtual29','playerVirtual29_a41836e4e2',3,1,2,4096,40,'2018-04-08 16:44:54','2018-04-08 17:01:13'),(151,'192.168.0.200','playerVirtual24_4246147567','playerVirtual24','192.168.0.200','playerVirtual21','playerVirtual21_29268172c3',3,1,2,4096,40,'2018-04-08 16:45:38','2018-04-08 17:18:25'),(152,'192.168.0.200','playerVirtual20_990694203','playerVirtual20','192.168.0.200','playerVirtual30','playerVirtual30_73406e4708',3,1,1,2048,20,'2018-04-08 16:50:15','2018-04-08 16:52:20'),(153,'192.168.0.200','playerVirtual16_6566788','playerVirtual16','192.168.0.200','playerVirtual19','playerVirtual19_de89e87a9e',3,1,1,2048,20,'2018-04-08 16:50:46','2018-04-08 16:59:01'),(154,'192.168.0.200','playerVirtual25_272887063','playerVirtual25','192.168.0.200','playerVirtual26','playerVirtual26_d115cf4e6f',1,1,1,2048,20,'2018-04-08 16:52:19',NULL),(155,'192.168.0.200','playerVirtual14_6566788','playerVirtual14','192.168.0.200','playerVirtual31','playerVirtual31_cfc833f958',1,1,1,2048,20,'2018-04-08 16:55:48',NULL),(156,'192.168.0.200','playerVirtual13_4820150269','playerVirtual13','192.168.0.200','playerVirtual2','playerVirtual2_c1ae5bf474',1,1,2,4096,40,'2018-04-08 16:55:57',NULL),(157,'192.168.0.200','playerVirtual25_4246147567','playerVirtual25','192.168.0.200','playerVirtual23','playerVirtual23_43dd1a6704',3,1,2,4096,40,'2018-04-08 16:57:15','2018-04-08 17:25:35'),(158,'192.168.0.200','playerVirtual26_82730999','playerVirtual26','192.168.0.200','playerVirtual27','playerVirtual27_8d4dc7f827',2,1,1,512,1,'2018-04-08 16:58:06','2018-04-08 16:58:41'),(159,'192.168.0.200','playerVirtual17_4820150269','playerVirtual17','192.168.0.200','playerVirtual32','playerVirtual32_4f3d536d72',3,1,2,4096,40,'2018-04-08 16:59:56','2018-04-08 17:06:40'),(160,'192.168.0.200','playerVirtual27_4246147567','playerVirtual27','192.168.0.200','playerVirtual22','playerVirtual22_18687893ae',3,1,2,4096,40,'2018-04-08 17:03:39','2018-04-08 17:05:40'),(161,'192.168.0.200','playerVirtual22_16917741','playerVirtual22','192.168.0.200','playerVirtual9','playerVirtual9_b9dcc1da9a',3,1,1,512,1,'2018-04-08 17:04:02','2018-04-08 17:09:24'),(162,'192.168.0.200','playerVirtual26_4246147567','playerVirtual26','192.168.0.200','playerVirtual24','playerVirtual24_ee0606c878',2,1,2,4096,40,'2018-04-08 17:04:09','2018-04-08 17:05:05'),(163,'192.168.0.200','playerVirtual0_5068098508','playerVirtual0','192.168.0.200','playerVirtual33','playerVirtual33_b24eb86f07',1,1,1,2048,20,'2018-04-08 17:05:47',NULL),(164,'192.168.0.200','playerVirtual18_3338579772','playerVirtual18','192.168.0.200','playerVirtual20','playerVirtual20_ddc00094fc',1,1,1,2048,20,'2018-04-08 17:05:57',NULL),(165,'192.168.0.200','playerVirtual14_4246147567','playerVirtual14','192.168.0.200','playerVirtual11','playerVirtual11_a198c38f9a',1,1,2,4096,40,'2018-04-08 17:06:14',NULL),(166,'192.168.0.200','playerVirtual21_4246147567','playerVirtual21','192.168.0.200','playerVirtual16','playerVirtual16_64d9dcf001',1,1,2,4096,40,'2018-04-08 17:08:32',NULL),(167,'192.168.0.200','playerVirtual28_5297461910','playerVirtual28','192.168.0.200','playerVirtual25','playerVirtual25_518b9fa6d1',2,1,1,512,1,'2018-04-08 17:08:45','2018-04-08 17:09:21'),(168,'192.168.0.200','playerVirtual9_4246147567','playerVirtual9','192.168.0.200','playerVirtual34','playerVirtual34_eb9c04207b',2,1,2,4096,40,'2018-04-08 17:09:56','2018-04-08 17:10:25'),(169,'192.168.0.200','playerVirtual23_4246147567','playerVirtual23','192.168.0.200','playerVirtual0','playerVirtual0_c8c26d587b',1,1,2,4096,40,'2018-04-08 17:10:38',NULL),(170,'192.168.0.200','playerVirtual7_4246147567','playerVirtual7','192.168.0.200','playerVirtual12','playerVirtual12_dcc498500b',3,1,2,4096,40,'2018-04-08 17:11:02','2018-04-08 17:21:35'),(171,'192.168.0.200','playerVirtual12_1438244924','playerVirtual12','192.168.0.200','playerVirtual14','playerVirtual14_84eba40dc7',1,1,1,2048,20,'2018-04-08 17:11:59',NULL),(172,'192.168.0.200','playerVirtual19_4246147567','playerVirtual19','192.168.0.200','playerVirtual17','playerVirtual17_97ade78f1b',2,1,2,4096,40,'2018-04-08 17:12:49','2018-04-08 17:13:38'),(173,'192.168.0.200','playerVirtual18_4246147567','playerVirtual18','192.168.0.200','playerVirtual15','playerVirtual15_3d24013cd8',1,1,2,4096,40,'2018-04-08 17:13:24',NULL),(174,'192.168.0.200','playerVirtual4_6280643141','playerVirtual4','192.168.0.200','playerVirtual18','playerVirtual18_2723e31e77',1,1,1,512,1,'2018-04-08 17:13:51',NULL),(175,'192.168.0.200','playerVirtual29_1436344784','playerVirtual29','192.168.0.200','playerVirtual28','playerVirtual28_c6b098b749',2,1,1,2048,20,'2018-04-08 17:14:29','2018-04-08 17:14:43'),(176,'192.168.0.200','playerVirtual8_4246147567','playerVirtual8','192.168.0.200','playerVirtual35','playerVirtual35_3efeab41ab',2,1,2,4096,40,'2018-04-08 17:16:49','2018-04-08 17:17:55'),(177,'192.168.0.200','playerVirtual28_4820318661','playerVirtual28','192.168.0.200','playerVirtual29','playerVirtual29_606b81756a',2,1,2,4096,40,'2018-04-08 17:16:52','2018-04-08 17:17:55'),(178,'192.168.0.200','playerVirtual24_4246147567','playerVirtual24','192.168.0.200','playerVirtual6','playerVirtual6_07e4d112a3',3,1,2,4096,40,'2018-04-08 17:17:24','2018-04-08 17:18:25'),(179,'192.168.0.200','playerVirtual3_4246147567','playerVirtual3','192.168.0.200','playerVirtual13','playerVirtual13_5925550831',1,1,2,4096,40,'2018-04-08 17:18:23',NULL),(180,'192.168.0.200','playerVirtual11_990694203','playerVirtual11','192.168.0.200','playerVirtual1','playerVirtual1_c23e3d4873',1,1,1,2048,20,'2018-04-08 17:19:17',NULL),(181,'192.168.0.200','playerVirtual1_4246147567','playerVirtual1','192.168.0.200','playerVirtual10','playerVirtual10_c2ca550c97',2,1,2,4096,40,'2018-04-08 17:19:35','2018-04-08 17:20:04'),(182,'192.168.0.200','playerVirtual30_990694203','playerVirtual30','192.168.0.200','playerVirtual26','playerVirtual26_4d22872c6c',3,1,1,2048,20,'2018-04-08 17:19:46','2018-04-08 17:21:48'),(183,'192.168.0.200','playerVirtual15_4246147567','playerVirtual15','192.168.0.200','playerVirtual36','playerVirtual36_82479fe6d7',1,1,2,4096,40,'2018-04-08 17:21:45',NULL),(184,'192.168.0.200','playerVirtual20_4246147567','playerVirtual20','192.168.0.200','playerVirtual21','playerVirtual21_a01854f907',2,1,2,4096,40,'2018-04-08 17:22:27','2018-04-08 17:23:18'),(185,'192.168.0.200','playerVirtual29_16917741','playerVirtual29','192.168.0.200','playerVirtual30','playerVirtual30_0b8a585a3f',2,1,1,512,1,'2018-04-08 17:23:18','2018-04-08 17:24:21'),(186,'192.168.0.200','playerVirtual0_2378747961','playerVirtual0','192.168.0.200','playerVirtual3','playerVirtual3_071f74c424',1,1,1,512,1,'2018-04-08 17:23:35',NULL),(187,'192.168.0.200','playerVirtual16_4246147567','playerVirtual16','192.168.0.200','playerVirtual37','playerVirtual37_e1826fae72',1,1,2,4096,40,'2018-04-08 17:24:52',NULL),(188,'192.168.0.200','playerVirtual31_5792765','playerVirtual31','192.168.0.200','playerVirtual27','playerVirtual27_3139ed8d49',1,1,1,512,1,'2018-04-08 17:25:36',NULL),(189,'192.168.0.200','playerVirtual5_4246147567','playerVirtual5','192.168.0.200','playerVirtual19','playerVirtual19_099aaa6e42',2,1,2,4096,40,'2018-04-08 17:28:24','2018-04-08 17:28:40');
/*!40000 ALTER TABLE `VM` ENABLE KEYS */;
UNLOCK TABLES;
/*!40103 SET TIME_ZONE=@OLD_TIME_ZONE */;

/*!40101 SET SQL_MODE=@OLD_SQL_MODE */;
/*!40014 SET FOREIGN_KEY_CHECKS=@OLD_FOREIGN_KEY_CHECKS */;
/*!40014 SET UNIQUE_CHECKS=@OLD_UNIQUE_CHECKS */;
/*!40101 SET CHARACTER_SET_CLIENT=@OLD_CHARACTER_SET_CLIENT */;
/*!40101 SET CHARACTER_SET_RESULTS=@OLD_CHARACTER_SET_RESULTS */;
/*!40101 SET COLLATION_CONNECTION=@OLD_COLLATION_CONNECTION */;
/*!40111 SET SQL_NOTES=@OLD_SQL_NOTES */;

-- Dump completed on 2018-04-08 14:28:43
