-- MySQL dump 10.14  Distrib 5.5.58-MariaDB, for debian-linux-gnu (x86_64)
--
-- Host: localhost    Database: mct
-- ------------------------------------------------------
-- Server version	5.5.58-MariaDB-1ubuntu0.14.04.1

/*!40101 SET @OLD_CHARACTER_SET_CLIENT=@@CHARACTER_SET_CLIENT */;
/*!40101 SET @OLD_CHARACTER_SET_RESULTS=@@CHARACTER_SET_RESULTS */;
/*!40101 SET @OLD_COLLATION_CONNECTION=@@COLLATION_CONNECTION */;
/*!40101 SET NAMES utf8 */;
/*!40103 SET @OLD_TIME_ZONE=@@TIME_ZONE */;
/*!40103 SET TIME_ZONE='+00:00' */;
/*!40014 SET @OLD_UNIQUE_CHECKS=@@UNIQUE_CHECKS, UNIQUE_CHECKS=0 */;
/*!40014 SET @OLD_FOREIGN_KEY_CHECKS=@@FOREIGN_KEY_CHECKS, FOREIGN_KEY_CHECKS=0 */;
/*!40101 SET @OLD_SQL_MODE=@@SQL_MODE, SQL_MODE='NO_AUTO_VALUE_ON_ZERO' */;
/*!40111 SET @OLD_SQL_NOTES=@@SQL_NOTES, SQL_NOTES=0 */;

--
-- Table structure for table `FIELDS`
--

DROP TABLE IF EXISTS `FIELDS`;
/*!40101 SET @saved_cs_client     = @@character_set_client */;
/*!40101 SET character_set_client = utf8 */;
CREATE TABLE `FIELDS` (
  `operation` int(11) NOT NULL,
  `fields` varchar(45) NOT NULL,
  PRIMARY KEY (`operation`)
) ENGINE=InnoDB DEFAULT CHARSET=utf8;
/*!40101 SET character_set_client = @saved_cs_client */;

--
-- Dumping data for table `FIELDS`
--

LOCK TABLES `FIELDS` WRITE;
/*!40000 ALTER TABLE `FIELDS` DISABLE KEYS */;
INSERT INTO `FIELDS` VALUES (0,'name mem image vcpus disk uuid');
/*!40000 ALTER TABLE `FIELDS` ENABLE KEYS */;
UNLOCK TABLES;

--
-- Table structure for table `PLAYER`
--

DROP TABLE IF EXISTS `PLAYER`;
/*!40101 SET @saved_cs_client     = @@character_set_client */;
/*!40101 SET character_set_client = utf8 */;
CREATE TABLE `PLAYER` (
  `id` int(11) NOT NULL AUTO_INCREMENT,
  `name` varchar(45) NOT NULL,
  `address` varchar(45) NOT NULL,
  `division` int(11) DEFAULT NULL,
  `score` float DEFAULT '0',
  `history` int(11) DEFAULT '0',
  `fairness` float DEFAULT '0',
  `accepts` int(11) DEFAULT '0',
  `rejects` int(11) DEFAULT '0',
  `running` int(11) DEFAULT '0',
  `finished` int(11) DEFAULT '0',
  `problem_del` int(11) DEFAULT '0',
  `vcpus` int(11) DEFAULT '0',
  `memory` bigint(20) DEFAULT '0',
  `local_gb` bigint(20) DEFAULT '0',
  `vcpus_used` bigint(20) DEFAULT '0',
  `memory_used` bigint(20) DEFAULT '0',
  `local_gb_used` bigint(20) DEFAULT '0',
  `max_instance` int(11) DEFAULT '0',
  `token` varchar(45) DEFAULT NULL,
  `suspend` timestamp NULL DEFAULT NULL,
  `enabled` int(11) DEFAULT '0',
  `last_choice` timestamp NOT NULL DEFAULT '2018-01-01 02:00:00',
  `playoff` tinyint(1) DEFAULT '0',
  PRIMARY KEY (`id`)
) ENGINE=InnoDB AUTO_INCREMENT=14 DEFAULT CHARSET=utf8;
/*!40101 SET character_set_client = @saved_cs_client */;

--
-- Dumping data for table `PLAYER`
--

LOCK TABLES `PLAYER` WRITE;
/*!40000 ALTER TABLE `PLAYER` DISABLE KEYS */;
INSERT INTO `PLAYER` VALUES (1,'playerVirtual2','192.168.0.200',2,3.97,13,0.36,9,4,9,0,0,1023,1047552,10230,11,17920,163,9,'8b059129312f9e4b06868b243e94079409832d56',NULL,1,'2018-02-21 23:58:26',1),(2,'playerVirtual0','192.168.0.200',4,-8,0,1,0,4,0,0,0,1023,1047552,10230,0,0,0,10,'7b3565cce7c0b5e5a2ac0af560b8cbf3675ccf6b',NULL,0,'2018-02-21 22:17:31',1),(3,'playerVirtual4','192.168.0.200',2,3.63,23,0.32,12,7,9,3,0,1023,1047552,10230,10,14336,124,9,'ff6b419456c1cafd63175bc3f4112e8146ab9bcd',NULL,1,'2018-02-22 00:24:28',1),(4,'playerVirtual1995','192.168.0.200',4,-6,0,1,0,3,0,0,0,1023,1047552,10230,0,0,0,10,'284fd23682ae1e87330d404461462a3ab151f1c1',NULL,0,'2018-02-21 22:28:11',1),(5,'playerVirtual1182','192.168.0.200',4,-10,0,1,0,5,0,0,0,1023,1047552,10230,0,0,0,10,'49efb0160135dbbbe4674bbe8a078f2d3bb6076b',NULL,0,'2018-02-21 22:45:47',1),(6,'playerVirtual8','192.168.0.200',1,9.3,24,0.1875,9,0,8,1,0,1023,1047552,10230,10,15872,143,9,'9d4570519be52dbf5ff206ba85664f0e113b96b6',NULL,1,'2018-02-21 23:01:01',0),(7,'playerVirtual1058','192.168.0.200',4,-8,0,1,0,4,0,0,0,1023,1047552,10230,0,0,0,10,'912f2525f8197e84b59c08278e7932aaa7af91ed',NULL,0,'2018-02-21 22:57:35',1),(8,'playerVirtual1003','192.168.0.200',4,-8,0,0,0,4,0,0,0,1023,1047552,10230,0,0,0,10,'cbdc53354ecd7dc4170ed11111d3646c42a0330b',NULL,0,'2018-02-21 23:07:58',1),(9,'playerVirtual1649','192.168.0.200',4,-2,0,0,0,1,0,0,0,1023,1047552,10230,0,0,0,10,'1c227983327231f2d14aebffa980cd7bc9ed6199',NULL,0,'2018-02-21 23:13:13',1),(10,'playerVirtual1685','192.168.0.200',4,-6,0,0,0,3,0,0,0,1023,1047552,10230,0,0,0,10,'f2e48d793f8933ad0f7579d9f9f8dcb665b0567f',NULL,0,'2018-02-21 23:28:08',1),(11,'playerVirtual1173','192.168.0.200',4,-12,0,0,0,6,0,0,0,1023,1047552,10230,0,0,0,10,'9b99ad5d09cd90f72e4921b076e9fd0593f50d9f',NULL,0,'2018-02-21 23:45:03',1),(12,'playerVirtual1705','192.168.0.200',4,-6,0,0,0,3,0,0,0,1023,1047552,10230,0,0,0,10,'350a3208a1a343412d82d3d15a13e270a936e1bf',NULL,0,'2018-02-22 00:13:01',1),(13,'playerVirtual1864','192.168.0.200',3,-4,2,0,0,2,0,0,0,1023,1047552,10230,0,0,0,10,'51d993cfdc0fab76cc65de220a2704da6fa411e4',NULL,1,'2018-02-22 00:37:36',1);
/*!40000 ALTER TABLE `PLAYER` ENABLE KEYS */;
UNLOCK TABLES;

--
-- Table structure for table `REQUEST`
--

DROP TABLE IF EXISTS `REQUEST`;
/*!40101 SET @saved_cs_client     = @@character_set_client */;
/*!40101 SET character_set_client = utf8 */;
CREATE TABLE `REQUEST` (
  `id` int(11) NOT NULL AUTO_INCREMENT,
  `player_id` varchar(45) NOT NULL,
  `request_id` varchar(45) NOT NULL,
  `action` int(11) NOT NULL,
  `timestamp_received` timestamp NULL DEFAULT NULL,
  `timestamp_finished` timestamp NULL DEFAULT NULL,
  `status` int(11) NOT NULL,
  PRIMARY KEY (`id`)
) ENGINE=InnoDB AUTO_INCREMENT=287 DEFAULT CHARSET=utf8;
/*!40101 SET character_set_client = @saved_cs_client */;

--
-- Dumping data for table `REQUEST`
--

LOCK TABLES `REQUEST` WRITE;
/*!40000 ALTER TABLE `REQUEST` DISABLE KEYS */;
INSERT INTO `REQUEST` VALUES (1,'playerVirtual2','playerVirtual2_e4d196c109',4,'2018-02-21 22:10:11',NULL,0),(2,'playerVirtual0','playerVirtual0_aaa8c1822f',4,'2018-02-21 22:10:11',NULL,0),(3,'playerVirtual2','playerVirtual2_450512000',0,'2018-02-21 22:11:12',NULL,0),(4,'playerVirtual2','playerVirtual2_450512000',0,'2018-02-21 22:11:12',NULL,0),(5,'playerVirtual0','playerVirtual0_1438244924',0,'2018-02-21 22:11:14',NULL,0),(6,'playerVirtual0','playerVirtual0_1438244924',0,'2018-02-21 22:11:14',NULL,0),(7,'playerVirtual2','playerVirtual2_4087052b0c',3,'2018-02-21 22:12:12',NULL,0),(8,'playerVirtual0','playerVirtual0_60cd94e027',3,'2018-02-21 22:12:14',NULL,0),(9,'playerVirtual2','playerVirtual2_640692267',0,'2018-02-21 22:13:17',NULL,0),(10,'playerVirtual2','playerVirtual2_640692267',0,'2018-02-21 22:13:18',NULL,0),(11,'playerVirtual0','playerVirtual0_2381571381',0,'2018-02-21 22:13:19',NULL,0),(12,'playerVirtual0','playerVirtual0_2381571381',0,'2018-02-21 22:13:19',NULL,0),(13,'playerVirtual2','playerVirtual2_bc9d6b7c29',4,'2018-02-21 22:14:18',NULL,0),(14,'playerVirtual0','playerVirtual0_e350f9503d',4,'2018-02-21 22:14:19',NULL,0),(15,'playerVirtual2','playerVirtual2_5297461910',0,'2018-02-21 22:15:21',NULL,0),(16,'playerVirtual2','playerVirtual2_5297461910',0,'2018-02-21 22:15:21',NULL,0),(17,'playerVirtual0','playerVirtual0_2790332778',0,'2018-02-21 22:15:26',NULL,0),(18,'playerVirtual0','playerVirtual0_2790332778',0,'2018-02-21 22:15:27',NULL,0),(19,'playerVirtual2','playerVirtual2_63838285d8',3,'2018-02-21 22:16:21',NULL,0),(20,'playerVirtual0','playerVirtual0_25c6443027',3,'2018-02-21 22:16:26',NULL,0),(21,'playerVirtual2','playerVirtual2_369721705',0,'2018-02-21 22:17:30',NULL,0),(22,'playerVirtual2','playerVirtual2_369721705',0,'2018-02-21 22:17:31',NULL,0),(23,'playerVirtual0','playerVirtual0_317469422',0,'2018-02-21 22:17:32',NULL,0),(24,'playerVirtual0','playerVirtual0_317469422',0,'2018-02-21 22:17:32',NULL,0),(25,'playerVirtual2','playerVirtual2_937ce48a51',4,'2018-02-21 22:18:31',NULL,0),(26,'playerVirtual0','playerVirtual0_bd24135a07',4,'2018-02-21 22:18:32',NULL,0),(27,'playerVirtual2','playerVirtual2_6955737',0,'2018-02-21 22:19:34',NULL,0),(28,'playerVirtual4','playerVirtual4_6684ce7657',4,'2018-02-21 22:20:10',NULL,0),(29,'playerVirtual2','playerVirtual2_dc3368ca62',3,'2018-02-21 22:20:34',NULL,0),(30,'playerVirtual4','playerVirtual4_3584940347',0,'2018-02-21 22:21:23',NULL,0),(31,'playerVirtual4','playerVirtual4_3584940347',0,'2018-02-21 22:21:24',NULL,0),(32,'playerVirtual1995','playerVirtual1995_57d1774f79',4,'2018-02-21 22:21:41',NULL,0),(33,'playerVirtual2','playerVirtual2_2433236783',0,'2018-02-21 22:21:44',NULL,0),(34,'playerVirtual2','playerVirtual2_2433236783',0,'2018-02-21 22:21:44',NULL,0),(35,'playerVirtual4','playerVirtual4_803d92f046',3,'2018-02-21 22:22:24',NULL,0),(36,'playerVirtual2','playerVirtual2_a817a0d092',4,'2018-02-21 22:22:44',NULL,0),(37,'playerVirtual1995','playerVirtual1995_3338579772',0,'2018-02-21 22:22:55',NULL,0),(38,'playerVirtual1995','playerVirtual1995_3338579772',0,'2018-02-21 22:22:55',NULL,0),(39,'playerVirtual4','playerVirtual4_257407216',0,'2018-02-21 22:23:25',NULL,0),(40,'playerVirtual4','playerVirtual4_257407216',0,'2018-02-21 22:23:25',NULL,0),(41,'playerVirtual1995','playerVirtual1995_0c259a2b88',3,'2018-02-21 22:23:55',NULL,0),(42,'playerVirtual2','playerVirtual2_182859403',0,'2018-02-21 22:23:56',NULL,0),(43,'playerVirtual2','playerVirtual2_182859403',0,'2018-02-21 22:23:56',NULL,0),(44,'playerVirtual4','playerVirtual4_1142d08732',4,'2018-02-21 22:24:25',NULL,0),(45,'playerVirtual2','playerVirtual2_b3bc1ba731',3,'2018-02-21 22:24:56',NULL,0),(46,'playerVirtual1995','playerVirtual1995_2359368952',0,'2018-02-21 22:25:06',NULL,0),(47,'playerVirtual1995','playerVirtual1995_2359368952',0,'2018-02-21 22:25:06',NULL,0),(48,'playerVirtual4','playerVirtual4_16917741',0,'2018-02-21 22:25:52',NULL,0),(49,'playerVirtual4','playerVirtual4_16917741',0,'2018-02-21 22:25:52',NULL,0),(50,'playerVirtual1995','playerVirtual1995_ee75bff8b8',4,'2018-02-21 22:26:06',NULL,0),(51,'playerVirtual2','playerVirtual2_2545640208',0,'2018-02-21 22:26:21',NULL,0),(52,'playerVirtual2','playerVirtual2_2545640208',0,'2018-02-21 22:26:21',NULL,0),(53,'playerVirtual4','playerVirtual4_746a68f6c9',3,'2018-02-21 22:26:52',NULL,0),(54,'playerVirtual2','playerVirtual2_eb0c937ba1',4,'2018-02-21 22:27:21',NULL,0),(55,'playerVirtual1995','playerVirtual1995_908315',0,'2018-02-21 22:27:33',NULL,0),(56,'playerVirtual1995','playerVirtual1995_908315',0,'2018-02-21 22:27:33',NULL,0),(57,'playerVirtual4','playerVirtual4_539194189',0,'2018-02-21 22:28:11',NULL,0),(58,'playerVirtual4','playerVirtual4_539194189',0,'2018-02-21 22:28:11',NULL,0),(59,'playerVirtual1995','playerVirtual1995_f583df59c2',3,'2018-02-21 22:28:33',NULL,0),(60,'playerVirtual4','playerVirtual4_48f364e12b',4,'2018-02-21 22:29:11',NULL,0),(61,'playerVirtual2','playerVirtual2_4820204870',0,'2018-02-21 22:29:23',NULL,0),(62,'playerVirtual2','playerVirtual2_4820204870',0,'2018-02-21 22:29:23',NULL,0),(63,'playerVirtual2','playerVirtual2_2a20ce9273',3,'2018-02-21 22:30:23',NULL,0),(64,'playerVirtual4','playerVirtual4_1429160667',0,'2018-02-21 22:32:09',NULL,0),(65,'playerVirtual2','playerVirtual2_3338010893',0,'2018-02-21 22:32:40',NULL,0),(66,'playerVirtual2','playerVirtual2_3338010893',0,'2018-02-21 22:32:40',NULL,0),(67,'playerVirtual4','playerVirtual4_0d42aaf72a',3,'2018-02-21 22:33:10',NULL,0),(68,'playerVirtual1182','playerVirtual1182_ec20b79370',4,'2018-02-21 22:33:23',NULL,0),(69,'playerVirtual2','playerVirtual2_ba9e7682ca',4,'2018-02-21 22:33:40',NULL,0),(70,'playerVirtual4','playerVirtual4_82730999',0,'2018-02-21 22:34:34',NULL,0),(71,'playerVirtual4','playerVirtual4_82730999',0,'2018-02-21 22:34:34',NULL,0),(72,'playerVirtual4','playerVirtual4_64190f86ad',4,'2018-02-21 22:35:34',NULL,0),(73,'playerVirtual2','playerVirtual2_6571218',0,'2018-02-21 22:35:47',NULL,0),(74,'playerVirtual2','playerVirtual2_6571218',0,'2018-02-21 22:35:48',NULL,0),(75,'playerVirtual1182','playerVirtual1182_351652724',0,'2018-02-21 22:36:47',NULL,0),(76,'playerVirtual2','playerVirtual2_55ebf7045e',3,'2018-02-21 22:36:48',NULL,0),(77,'playerVirtual1182','playerVirtual1182_0f9b60c99d',3,'2018-02-21 22:37:48',NULL,0),(78,'playerVirtual4','playerVirtual4_778566023',0,'2018-02-21 22:38:36',NULL,0),(79,'playerVirtual4','playerVirtual4_778566023',0,'2018-02-21 22:38:37',NULL,0),(80,'playerVirtual1182','playerVirtual1182_1339662',0,'2018-02-21 22:38:55',NULL,0),(81,'playerVirtual2','playerVirtual2_1436344784',0,'2018-02-21 22:39:11',NULL,0),(82,'playerVirtual2','playerVirtual2_1436344784',0,'2018-02-21 22:39:11',NULL,0),(83,'playerVirtual4','playerVirtual4_88f4ef1f86',3,'2018-02-21 22:39:37',NULL,0),(84,'playerVirtual1182','playerVirtual1182_33d2ff7f1d',4,'2018-02-21 22:39:55',NULL,0),(85,'playerVirtual2','playerVirtual2_3af0af9d9e',4,'2018-02-21 22:40:11',NULL,0),(86,'playerVirtual8','playerVirtual8_e4edd03bbe',4,'2018-02-21 22:40:11',NULL,0),(87,'playerVirtual4','playerVirtual4_317497342',0,'2018-02-21 22:41:07',NULL,0),(88,'playerVirtual4','playerVirtual4_317497342',0,'2018-02-21 22:41:07',NULL,0),(89,'playerVirtual4','playerVirtual4_c573b0b34c',4,'2018-02-21 22:42:07',NULL,0),(90,'playerVirtual2','playerVirtual2_359920779',0,'2018-02-21 22:42:20',NULL,0),(91,'playerVirtual2','playerVirtual2_359920779',0,'2018-02-21 22:42:21',NULL,0),(92,'playerVirtual1182','playerVirtual1182_284794223',0,'2018-02-21 22:43:20',NULL,0),(93,'playerVirtual1182','playerVirtual1182_284794223',0,'2018-02-21 22:43:21',NULL,0),(94,'playerVirtual2','playerVirtual2_aef351d004',3,'2018-02-21 22:43:21',NULL,0),(95,'playerVirtual8','playerVirtual8_904011',0,'2018-02-21 22:43:44',NULL,0),(96,'playerVirtual8','playerVirtual8_904011',0,'2018-02-21 22:43:44',NULL,0),(97,'playerVirtual1182','playerVirtual1182_515090447e',3,'2018-02-21 22:44:20',NULL,0),(98,'playerVirtual8','playerVirtual8_2a61e58da8',3,'2018-02-21 22:44:44',NULL,0),(99,'playerVirtual4','playerVirtual4_2904109077',0,'2018-02-21 22:45:11',NULL,0),(100,'playerVirtual4','playerVirtual4_2904109077',0,'2018-02-21 22:45:11',NULL,0),(101,'playerVirtual1182','playerVirtual1182_905614',0,'2018-02-21 22:45:29',NULL,0),(102,'playerVirtual1182','playerVirtual1182_905614',0,'2018-02-21 22:45:29',NULL,0),(103,'playerVirtual2','playerVirtual2_257338074',0,'2018-02-21 22:45:45',NULL,0),(104,'playerVirtual2','playerVirtual2_257338074',0,'2018-02-21 22:45:45',NULL,0),(105,'playerVirtual8','playerVirtual8_1093460',0,'2018-02-21 22:45:47',NULL,0),(106,'playerVirtual8','playerVirtual8_1093460',0,'2018-02-21 22:45:47',NULL,0),(107,'playerVirtual4','playerVirtual4_0df9819e9e',3,'2018-02-21 22:46:13',NULL,0),(108,'playerVirtual1182','playerVirtual1182_ff90eb7a39',4,'2018-02-21 22:46:29',NULL,0),(109,'playerVirtual2','playerVirtual2_ae8ae04e6c',4,'2018-02-21 22:46:45',NULL,0),(110,'playerVirtual8','playerVirtual8_b896151773',4,'2018-02-21 22:46:47',NULL,0),(111,'playerVirtual4','playerVirtual4_6569547',0,'2018-02-21 22:47:43',NULL,0),(112,'playerVirtual4','playerVirtual4_6569547',0,'2018-02-21 22:47:44',NULL,0),(113,'playerVirtual4','playerVirtual4_688718766a',4,'2018-02-21 22:48:43',NULL,0),(114,'playerVirtual2','playerVirtual2_30788568',0,'2018-02-21 22:49:00',NULL,0),(115,'playerVirtual2','playerVirtual2_30788568',0,'2018-02-21 22:49:01',NULL,0),(116,'playerVirtual2','playerVirtual2_523cedc1ee',3,'2018-02-21 22:50:01',NULL,0),(117,'playerVirtual8','playerVirtual8_5792765',0,'2018-02-21 22:50:25',NULL,0),(118,'playerVirtual8','playerVirtual8_c5642e581c',3,'2018-02-21 22:51:25',NULL,0),(119,'playerVirtual4','playerVirtual4_38671842',0,'2018-02-21 22:51:58',NULL,0),(120,'playerVirtual4','playerVirtual4_38671842',0,'2018-02-21 22:51:59',NULL,0),(121,'playerVirtual1058','playerVirtual1058_5afd70acf0',4,'2018-02-21 22:52:03',NULL,0),(122,'playerVirtual2','playerVirtual2_400453824',0,'2018-02-21 22:52:33',NULL,0),(123,'playerVirtual2','playerVirtual2_400453824',0,'2018-02-21 22:52:33',NULL,0),(124,'playerVirtual8','playerVirtual8_4820318661',0,'2018-02-21 22:52:43',NULL,0),(125,'playerVirtual8','playerVirtual8_4820318661',0,'2018-02-21 22:52:43',NULL,0),(126,'playerVirtual4','playerVirtual4_bd7e47bb1e',3,'2018-02-21 22:52:59',NULL,0),(127,'playerVirtual2','playerVirtual2_f2abc90949',4,'2018-02-21 22:53:33',NULL,0),(128,'playerVirtual8','playerVirtual8_739d301be0',4,'2018-02-21 22:53:43',NULL,0),(129,'playerVirtual4','playerVirtual4_4820217293',0,'2018-02-21 22:54:43',NULL,0),(130,'playerVirtual4','playerVirtual4_4820217293',0,'2018-02-21 22:54:43',NULL,0),(131,'playerVirtual4','playerVirtual4_37a8a70d23',4,'2018-02-21 22:55:43',NULL,0),(132,'playerVirtual1058','playerVirtual1058_4819935267',0,'2018-02-21 22:55:59',NULL,0),(133,'playerVirtual1058','playerVirtual1058_4819935267',0,'2018-02-21 22:56:00',NULL,0),(134,'playerVirtual2','playerVirtual2_6264344062',0,'2018-02-21 22:56:00',NULL,0),(135,'playerVirtual2','playerVirtual2_6264344062',0,'2018-02-21 22:56:01',NULL,0),(136,'playerVirtual1058','playerVirtual1058_2dc0a6a6fe',3,'2018-02-21 22:57:00',NULL,0),(137,'playerVirtual2','playerVirtual2_c66dee2848',3,'2018-02-21 22:57:00',NULL,0),(138,'playerVirtual8','playerVirtual8_2378747961',0,'2018-02-21 22:57:35',NULL,0),(139,'playerVirtual8','playerVirtual8_2378747961',0,'2018-02-21 22:57:35',NULL,0),(140,'playerVirtual8','playerVirtual8_2a3f27be78',3,'2018-02-21 22:58:35',NULL,0),(141,'playerVirtual4','playerVirtual4_5068098508',0,'2018-02-21 22:59:12',NULL,0),(142,'playerVirtual4','playerVirtual4_5068098508',0,'2018-02-21 22:59:12',NULL,0),(143,'playerVirtual4','playerVirtual4_f3378d2b80',3,'2018-02-21 23:00:12',NULL,0),(144,'playerVirtual2','playerVirtual2_1095593',0,'2018-02-21 23:01:01',NULL,0),(145,'playerVirtual2','playerVirtual2_1095593',0,'2018-02-21 23:01:01',NULL,0),(146,'playerVirtual8','playerVirtual8_2148750930',0,'2018-02-21 23:01:15',NULL,0),(147,'playerVirtual8','playerVirtual8_2148750930',0,'2018-02-21 23:01:15',NULL,0),(148,'playerVirtual1003','playerVirtual1003_ce52ea0f7a',4,'2018-02-21 23:01:38',NULL,0),(149,'playerVirtual2','playerVirtual2_1173bc3b09',4,'2018-02-21 23:02:01',NULL,0),(150,'playerVirtual8','playerVirtual8_3b57c90ab4',4,'2018-02-21 23:02:15',NULL,0),(151,'playerVirtual4','playerVirtual4_563574327',0,'2018-02-21 23:03:19',NULL,0),(152,'playerVirtual4','playerVirtual4_563574327',0,'2018-02-21 23:03:19',NULL,0),(153,'playerVirtual4','playerVirtual4_2e966b165f',4,'2018-02-21 23:04:19',NULL,0),(154,'playerVirtual2','playerVirtual2_16915963',0,'2018-02-21 23:04:42',NULL,0),(155,'playerVirtual2','playerVirtual2_16915963',0,'2018-02-21 23:04:42',NULL,0),(156,'playerVirtual2','playerVirtual2_3b2375d088',3,'2018-02-21 23:05:42',NULL,0),(157,'playerVirtual8','playerVirtual8_5623125514',0,'2018-02-21 23:06:20',NULL,0),(158,'playerVirtual8','playerVirtual8_5623125514',0,'2018-02-21 23:06:20',NULL,0),(159,'playerVirtual1003','playerVirtual1003_765651',0,'2018-02-21 23:07:17',NULL,0),(160,'playerVirtual8','playerVirtual8_e19cfc3aa2',3,'2018-02-21 23:07:20',NULL,0),(161,'playerVirtual4','playerVirtual4_284757920',0,'2018-02-21 23:07:58',NULL,0),(162,'playerVirtual4','playerVirtual4_284757920',0,'2018-02-21 23:07:59',NULL,0),(163,'playerVirtual1003','playerVirtual1003_fdaedbcbfa',3,'2018-02-21 23:08:17',NULL,0),(164,'playerVirtual4','playerVirtual4_783a9a850e',3,'2018-02-21 23:08:58',NULL,0),(165,'playerVirtual2','playerVirtual2_272887063',0,'2018-02-21 23:09:48',NULL,0),(166,'playerVirtual2','playerVirtual2_272887063',0,'2018-02-21 23:09:49',NULL,0),(167,'playerVirtual8','playerVirtual8_6274355716',0,'2018-02-21 23:10:06',NULL,0),(168,'playerVirtual8','playerVirtual8_6274355716',0,'2018-02-21 23:10:06',NULL,0),(169,'playerVirtual2','playerVirtual2_f7df0f920a',4,'2018-02-21 23:10:49',NULL,0),(170,'playerVirtual8','playerVirtual8_c661851fec',4,'2018-02-21 23:11:06',NULL,0),(171,'playerVirtual1649','playerVirtual1649_351e8627a6',4,'2018-02-21 23:11:31',NULL,0),(172,'playerVirtual4','playerVirtual4_182859403',0,'2018-02-21 23:13:13',NULL,0),(173,'playerVirtual4','playerVirtual4_182859403',0,'2018-02-21 23:13:13',NULL,0),(174,'playerVirtual2','playerVirtual2_182859403',1,'2018-02-21 23:13:51',NULL,0),(175,'playerVirtual2','playerVirtual2_e79a3f2b9d',3,'2018-02-21 23:13:51',NULL,0),(176,'playerVirtual2','playerVirtual2_182859403',1,'2018-02-21 23:13:51',NULL,0),(177,'playerVirtual4','playerVirtual4_88f9016e06',4,'2018-02-21 23:14:13',NULL,0),(178,'playerVirtual8','playerVirtual8_4820204870',0,'2018-02-21 23:16:29',NULL,0),(179,'playerVirtual8','playerVirtual8_4820204870',0,'2018-02-21 23:16:30',NULL,0),(180,'playerVirtual8','playerVirtual8_16683cbfb6',3,'2018-02-21 23:17:29',NULL,0),(181,'playerVirtual4','playerVirtual4_51fc5bc51a',3,'2018-02-21 23:18:07',NULL,0),(182,'playerVirtual2','playerVirtual2_4820204870',1,'2018-02-21 23:18:58',NULL,0),(183,'playerVirtual2','playerVirtual2_1dd76c9a98',4,'2018-02-21 23:18:58',NULL,0),(184,'playerVirtual2','playerVirtual2_4820204870',1,'2018-02-21 23:19:00',NULL,0),(185,'playerVirtual8','playerVirtual8_990694203',0,'2018-02-21 23:20:45',NULL,0),(186,'playerVirtual8','playerVirtual8_990694203',0,'2018-02-21 23:20:45',NULL,0),(187,'playerVirtual1685','playerVirtual1685_bb68a5d5f5',4,'2018-02-21 23:20:58',NULL,0),(188,'playerVirtual8','playerVirtual8_f0f3b1dfb2',4,'2018-02-21 23:21:45',NULL,0),(189,'playerVirtual2','playerVirtual2_6280643141',0,'2018-02-21 23:22:35',NULL,0),(190,'playerVirtual2','playerVirtual2_6280643141',0,'2018-02-21 23:22:35',NULL,0),(191,'playerVirtual4','playerVirtual4_6280638724',0,'2018-02-21 23:22:56',NULL,0),(192,'playerVirtual4','playerVirtual4_6280638724',0,'2018-02-21 23:22:57',NULL,0),(193,'playerVirtual2','playerVirtual2_430d4a11ca',3,'2018-02-21 23:23:35',NULL,0),(194,'playerVirtual4','playerVirtual4_aa6fea4f6b',4,'2018-02-21 23:23:56',NULL,0),(195,'playerVirtual8','playerVirtual8_990694203',1,'2018-02-21 23:27:08',NULL,0),(196,'playerVirtual8','playerVirtual8_dfa42a3217',3,'2018-02-21 23:27:08',NULL,0),(197,'playerVirtual8','playerVirtual8_990694203',1,'2018-02-21 23:27:10',NULL,0),(198,'playerVirtual4','playerVirtual4_272887063',0,'2018-02-21 23:28:08',NULL,0),(199,'playerVirtual4','playerVirtual4_272887063',0,'2018-02-21 23:28:08',NULL,0),(200,'playerVirtual1685','playerVirtual1685_4476462938',0,'2018-02-21 23:28:52',NULL,0),(201,'playerVirtual2','playerVirtual2_267f518953',4,'2018-02-21 23:28:56',NULL,0),(202,'playerVirtual4','playerVirtual4_d76c85ee4b',3,'2018-02-21 23:29:08',NULL,0),(203,'playerVirtual8','playerVirtual8_6282149131',0,'2018-02-21 23:30:47',NULL,0),(204,'playerVirtual8','playerVirtual8_6282149131',0,'2018-02-21 23:30:47',NULL,0),(205,'playerVirtual8','playerVirtual8_0c09b0c1ff',4,'2018-02-21 23:31:47',NULL,0),(206,'playerVirtual2','playerVirtual2_2359368952',0,'2018-02-21 23:32:38',NULL,0),(207,'playerVirtual2','playerVirtual2_2359368952',0,'2018-02-21 23:32:38',NULL,0),(208,'playerVirtual1173','playerVirtual1173_4b31c1f662',4,'2018-02-21 23:33:28',NULL,0),(209,'playerVirtual2','playerVirtual2_03b52a1e04',3,'2018-02-21 23:33:38',NULL,0),(210,'playerVirtual4','playerVirtual4_1436323714',0,'2018-02-21 23:34:11',NULL,0),(211,'playerVirtual4','playerVirtual4_1436323714',0,'2018-02-21 23:34:12',NULL,0),(212,'playerVirtual4','playerVirtual4_1a09d17f04',4,'2018-02-21 23:35:12',NULL,0),(213,'playerVirtual8','playerVirtual8_214880781',0,'2018-02-21 23:37:34',NULL,0),(214,'playerVirtual8','playerVirtual8_214880781',0,'2018-02-21 23:37:34',NULL,0),(215,'playerVirtual8','playerVirtual8_70cb550525',3,'2018-02-21 23:38:34',NULL,0),(216,'playerVirtual2','playerVirtual2_16914091',0,'2018-02-21 23:39:26',NULL,0),(217,'playerVirtual2','playerVirtual2_16914091',0,'2018-02-21 23:39:26',NULL,0),(218,'playerVirtual4','playerVirtual4_182859403',0,'2018-02-21 23:39:51',NULL,0),(219,'playerVirtual4','playerVirtual4_4baeb1174f',3,'2018-02-21 23:39:51',NULL,0),(220,'playerVirtual4','playerVirtual4_182859403',0,'2018-02-21 23:39:51',NULL,0),(221,'playerVirtual2','playerVirtual2_cb4d511b59',4,'2018-02-21 23:40:26',NULL,0),(222,'playerVirtual1173','playerVirtual1173_1094955',0,'2018-02-21 23:41:55',NULL,0),(223,'playerVirtual8','playerVirtual8_6641406',0,'2018-02-21 23:42:35',NULL,0),(224,'playerVirtual8','playerVirtual8_6641406',0,'2018-02-21 23:42:36',NULL,0),(225,'playerVirtual1173','playerVirtual1173_bfa2e9cb94',3,'2018-02-21 23:42:55',NULL,0),(226,'playerVirtual8','playerVirtual8_3b50540e3c',4,'2018-02-21 23:43:36',NULL,0),(227,'playerVirtual1173','playerVirtual1173_6955737',0,'2018-02-21 23:44:48',NULL,0),(228,'playerVirtual2','playerVirtual2_f16ea43462',3,'2018-02-21 23:44:56',NULL,0),(229,'playerVirtual4','playerVirtual4_6285257156',0,'2018-02-21 23:45:03',NULL,0),(230,'playerVirtual4','playerVirtual4_6285257156',0,'2018-02-21 23:45:03',NULL,0),(231,'playerVirtual1173','playerVirtual1173_668a1b1b47',4,'2018-02-21 23:45:48',NULL,0),(232,'playerVirtual4','playerVirtual4_7c576c5662',4,'2018-02-21 23:46:04',NULL,0),(233,'playerVirtual8','playerVirtual8_6955737',0,'2018-02-21 23:50:05',NULL,0),(234,'playerVirtual8','playerVirtual8_6955737',0,'2018-02-21 23:50:05',NULL,0),(235,'playerVirtual2','playerVirtual2_1438244924',0,'2018-02-21 23:51:04',NULL,0),(236,'playerVirtual2','playerVirtual2_1438244924',0,'2018-02-21 23:51:04',NULL,0),(237,'playerVirtual8','playerVirtual8_b9beb2d89f',3,'2018-02-21 23:51:05',NULL,0),(238,'playerVirtual4','playerVirtual4_3338579772',0,'2018-02-21 23:51:30',NULL,0),(239,'playerVirtual4','playerVirtual4_3338579772',0,'2018-02-21 23:51:30',NULL,0),(240,'playerVirtual2','playerVirtual2_0a2b58ecac',4,'2018-02-21 23:52:04',NULL,0),(241,'playerVirtual4','playerVirtual4_e646eb0273',3,'2018-02-21 23:52:30',NULL,0),(242,'playerVirtual8','playerVirtual8_2381571381',0,'2018-02-21 23:55:22',NULL,0),(243,'playerVirtual8','playerVirtual8_2381571381',0,'2018-02-21 23:55:22',NULL,0),(244,'playerVirtual8','playerVirtual8_bca425a9ca',4,'2018-02-21 23:56:22',NULL,0),(245,'playerVirtual2','playerVirtual2_2378747961',0,'2018-02-21 23:56:46',NULL,0),(246,'playerVirtual2','playerVirtual2_2378747961',0,'2018-02-21 23:56:47',NULL,0),(247,'playerVirtual2','playerVirtual2_cb91f00cde',3,'2018-02-21 23:57:46',NULL,0),(248,'playerVirtual4','playerVirtual4_6289355687',0,'2018-02-21 23:58:26',NULL,0),(249,'playerVirtual4','playerVirtual4_6289355687',0,'2018-02-21 23:58:27',NULL,0),(250,'playerVirtual1705','playerVirtual1705_7b76631c4d',4,'2018-02-21 23:59:18',NULL,0),(251,'playerVirtual4','playerVirtual4_3990b6fc5b',4,'2018-02-21 23:59:27',NULL,0),(252,'playerVirtual8','playerVirtual8_a05e3ec841',3,'2018-02-22 00:02:54',NULL,0),(253,'playerVirtual2','playerVirtual2_e73f366b56',4,'2018-02-22 00:04:33',NULL,0),(254,'playerVirtual4','playerVirtual4_1436344784',0,'2018-02-22 00:05:17',NULL,0),(255,'playerVirtual4','playerVirtual4_1436344784',0,'2018-02-22 00:05:17',NULL,0),(256,'playerVirtual4','playerVirtual4_6240f5d49d',3,'2018-02-22 00:06:26',NULL,0),(257,'playerVirtual8','playerVirtual8_794070039',0,'2018-02-22 00:08:18',NULL,0),(258,'playerVirtual8','playerVirtual8_794070039',0,'2018-02-22 00:08:18',NULL,0),(259,'playerVirtual8','playerVirtual8_0b45535db4',4,'2018-02-22 00:09:18',NULL,0),(260,'playerVirtual2','playerVirtual2_f9f4e1e2e2',3,'2018-02-22 00:09:28',NULL,0),(261,'playerVirtual1705','playerVirtual1705_6289704471',0,'2018-02-22 00:09:49',NULL,0),(262,'playerVirtual1705','playerVirtual1705_2370d400a3',3,'2018-02-22 00:10:50',NULL,0),(263,'playerVirtual4','playerVirtual4_990694203',0,'2018-02-22 00:13:01',NULL,0),(264,'playerVirtual4','playerVirtual4_990694203',0,'2018-02-22 00:13:01',NULL,0),(265,'playerVirtual4','playerVirtual4_ceb6553c42',4,'2018-02-22 00:14:01',NULL,0),(266,'playerVirtual1705','playerVirtual1705_6296268057',0,'2018-02-22 00:14:13',NULL,0),(267,'playerVirtual1705','playerVirtual1705_64152d93b5',4,'2018-02-22 00:15:13',NULL,0),(268,'playerVirtual2','playerVirtual2_962e527fa5',4,'2018-02-22 00:16:19',NULL,0),(269,'playerVirtual8','playerVirtual8_d55351cc92',3,'2018-02-22 00:17:45',NULL,0),(270,'playerVirtual4','playerVirtual4_c16dfb4d9a',3,'2018-02-22 00:19:51',NULL,0),(271,'playerVirtual2','playerVirtual2_1095593',1,'2018-02-22 00:21:37',NULL,0),(272,'playerVirtual2','playerVirtual2_8fa4a06b82',3,'2018-02-22 00:21:37',NULL,0),(273,'playerVirtual2','playerVirtual2_1095593',1,'2018-02-22 00:21:37',NULL,0),(274,'playerVirtual8','playerVirtual8_182859403',0,'2018-02-22 00:24:27',NULL,0),(275,'playerVirtual8','playerVirtual8_182859403',0,'2018-02-22 00:24:29',NULL,0),(276,'playerVirtual8','playerVirtual8_ba68b1d457',4,'2018-02-22 00:25:28',NULL,0),(277,'playerVirtual1864','playerVirtual1864_94f238209b',4,'2018-02-22 00:27:56',NULL,0),(278,'playerVirtual2','playerVirtual2_42ef2bf8fa',4,'2018-02-22 00:28:38',NULL,0),(279,'playerVirtual4','playerVirtual4_4ed4d91651',4,'2018-02-22 00:29:10',NULL,0),(280,'playerVirtual8','playerVirtual8_81dc68ec33',3,'2018-02-22 00:33:56',NULL,0),(281,'playerVirtual4','playerVirtual4_6301942525',0,'2018-02-22 00:36:11',NULL,0),(282,'playerVirtual4','playerVirtual4_6301942525',0,'2018-02-22 00:36:11',NULL,0),(283,'playerVirtual4','playerVirtual4_7afbf1e3d3',3,'2018-02-22 00:37:11',NULL,0),(284,'playerVirtual2','playerVirtual2_990694203',0,'2018-02-22 00:37:36',NULL,0),(285,'playerVirtual2','playerVirtual2_990694203',0,'2018-02-22 00:37:36',NULL,0),(286,'playerVirtual2','playerVirtual2_7b1072ef1a',3,'2018-02-22 00:38:36',NULL,0);
/*!40000 ALTER TABLE `REQUEST` ENABLE KEYS */;
UNLOCK TABLES;

--
-- Table structure for table `STATUS`
--

DROP TABLE IF EXISTS `STATUS`;
/*!40101 SET @saved_cs_client     = @@character_set_client */;
/*!40101 SET character_set_client = utf8 */;
CREATE TABLE `STATUS` (
  `id` int(11) NOT NULL AUTO_INCREMENT,
  `players` int(11) DEFAULT '0',
  `all_requests` int(11) DEFAULT '0',
  `accepts` int(11) DEFAULT '0',
  `rejects` int(11) DEFAULT '0',
  `fairness` float DEFAULT '0',
  `timestamp` timestamp NULL DEFAULT NULL,
  PRIMARY KEY (`id`)
) ENGINE=InnoDB AUTO_INCREMENT=32 DEFAULT CHARSET=utf8;
/*!40101 SET character_set_client = @saved_cs_client */;

--
-- Dumping data for table `STATUS`
--

LOCK TABLES `STATUS` WRITE;
/*!40000 ALTER TABLE `STATUS` DISABLE KEYS */;
INSERT INTO `STATUS` VALUES (1,0,0,0,0,0,'2018-02-21 22:08:49'),(2,2,4,2,2,0.5,'2018-02-21 22:13:50'),(3,2,8,4,4,0.5,'2018-02-21 22:18:50'),(4,4,12,7,5,0.583333,'2018-02-21 22:23:50'),(5,4,18,11,7,0.611111,'2018-02-21 22:28:50'),(6,5,20,13,7,0.65,'2018-02-21 22:33:50'),(7,5,23,15,8,0.652174,'2018-02-21 22:38:50'),(8,6,28,18,10,0.642857,'2018-02-21 22:43:50'),(9,6,33,21,12,0.636364,'2018-02-21 22:48:51'),(10,7,37,23,14,0.621622,'2018-02-21 22:53:51'),(11,7,41,25,16,0.609756,'2018-02-21 22:58:51'),(12,8,45,27,18,0.6,'2018-02-21 23:03:51'),(13,8,48,27,21,0.5625,'2018-02-21 23:08:51'),(14,9,51,27,24,0.529412,'2018-02-21 23:13:51'),(15,9,52,28,24,0.538462,'2018-02-21 23:18:51'),(16,10,55,29,26,0.527273,'2018-02-21 23:23:51'),(17,10,56,29,27,0.517857,'2018-02-21 23:28:51'),(18,11,58,30,28,0.517241,'2018-02-21 23:33:51'),(19,11,60,30,30,0.5,'2018-02-21 23:38:52'),(20,11,63,30,33,0.47619,'2018-02-21 23:43:52'),(21,11,64,30,34,0.46875,'2018-02-21 23:48:52'),(22,11,67,30,37,0.447761,'2018-02-21 23:53:52'),(23,12,70,30,40,0.428571,'2018-02-21 23:58:52'),(24,12,70,30,40,0.428571,'2018-02-22 00:03:52'),(25,12,72,30,42,0.416667,'2018-02-22 00:08:53'),(26,12,73,30,43,0.410959,'2018-02-22 00:13:53'),(27,12,73,30,43,0.410959,'2018-02-22 00:18:53'),(28,12,73,30,43,0.410959,'2018-02-22 00:23:53'),(29,13,74,30,44,0.405405,'2018-02-22 00:28:53'),(30,13,74,30,44,0.405405,'2018-02-22 00:33:54'),(31,13,76,30,46,0.394737,'2018-02-22 00:38:54');
/*!40000 ALTER TABLE `STATUS` ENABLE KEYS */;
UNLOCK TABLES;

--
-- Table structure for table `THRESHOLD`
--

DROP TABLE IF EXISTS `THRESHOLD`;
/*!40101 SET @saved_cs_client     = @@character_set_client */;
/*!40101 SET character_set_client = utf8 */;
CREATE TABLE `THRESHOLD` (
  `division` int(11) NOT NULL,
  `botton` float DEFAULT '0',
  `top` float DEFAULT '0',
  PRIMARY KEY (`division`)
) ENGINE=InnoDB DEFAULT CHARSET=utf8;
/*!40101 SET character_set_client = @saved_cs_client */;

--
-- Dumping data for table `THRESHOLD`
--

LOCK TABLES `THRESHOLD` WRITE;
/*!40000 ALTER TABLE `THRESHOLD` DISABLE KEYS */;
INSERT INTO `THRESHOLD` VALUES (1,8.76,20),(2,4.38,8.76),(3,0,4.38);
/*!40000 ALTER TABLE `THRESHOLD` ENABLE KEYS */;
UNLOCK TABLES;

--
-- Table structure for table `VM`
--

DROP TABLE IF EXISTS `VM`;
/*!40101 SET @saved_cs_client     = @@character_set_client */;
/*!40101 SET character_set_client = utf8 */;
CREATE TABLE `VM` (
  `id` int(11) NOT NULL AUTO_INCREMENT,
  `origin_add` varchar(45) NOT NULL,
  `origin_id` varchar(45) NOT NULL,
  `origin_name` varchar(45) NOT NULL,
  `destiny_add` varchar(45) NOT NULL,
  `destiny_name` varchar(45) NOT NULL,
  `destiny_id` varchar(45) NOT NULL,
  `status` tinyint(1) NOT NULL,
  `has_resources` tinyint(1) NOT NULL,
  `vcpus` int(11) NOT NULL,
  `mem` bigint(20) NOT NULL,
  `disk` bigint(20) NOT NULL,
  `timestamp_received` timestamp NULL DEFAULT NULL,
  `timestamp_finished` timestamp NULL DEFAULT NULL,
  PRIMARY KEY (`id`)
) ENGINE=InnoDB AUTO_INCREMENT=77 DEFAULT CHARSET=utf8;
/*!40101 SET character_set_client = @saved_cs_client */;

--
-- Dumping data for table `VM`
--

LOCK TABLES `VM` WRITE;
/*!40000 ALTER TABLE `VM` DISABLE KEYS */;
INSERT INTO `VM` VALUES (1,'192.168.0.200','playerVirtual2_450512000','playerVirtual2','192.168.0.200','playerVirtual0','playerVirtual2_450512000',0,1,1,2048,20,'2018-02-21 22:11:13','2018-02-21 22:11:13'),(2,'192.168.0.200','playerVirtual0_1438244924','playerVirtual0','192.168.0.200','playerVirtual2','playerVirtual2_0429bfdb49',1,1,1,2048,20,'2018-02-21 22:11:14',NULL),(3,'192.168.0.200','playerVirtual2_640692267','playerVirtual2','192.168.0.200','playerVirtual0','playerVirtual2_640692267',0,1,1,512,1,'2018-02-21 22:13:18','2018-02-21 22:13:18'),(4,'192.168.0.200','playerVirtual0_2381571381','playerVirtual0','192.168.0.200','playerVirtual2','playerVirtual2_6b1b1ee06b',1,1,1,2048,20,'2018-02-21 22:13:20',NULL),(5,'192.168.0.200','playerVirtual2_5297461910','playerVirtual2','192.168.0.200','playerVirtual0','playerVirtual2_5297461910',0,1,1,512,1,'2018-02-21 22:15:22','2018-02-21 22:15:22'),(6,'192.168.0.200','playerVirtual0_2790332778','playerVirtual0','192.168.0.200','playerVirtual2','playerVirtual2_b1621cb7c4',1,1,2,4096,40,'2018-02-21 22:15:27',NULL),(7,'192.168.0.200','playerVirtual2_369721705','playerVirtual2','192.168.0.200','playerVirtual0','playerVirtual2_369721705',0,1,2,4096,40,'2018-02-21 22:17:31','2018-02-21 22:17:31'),(8,'192.168.0.200','playerVirtual0_317469422','playerVirtual0','192.168.0.200','playerVirtual2','playerVirtual2_eaebe38d83',1,1,2,4096,40,'2018-02-21 22:17:32',NULL),(9,'192.168.0.200','playerVirtual4_3584940347','playerVirtual4','192.168.0.200','playerVirtual2','playerVirtual2_fa97e7015e',1,1,1,512,1,'2018-02-21 22:21:24',NULL),(10,'192.168.0.200','playerVirtual2_2433236783','playerVirtual2','192.168.0.200','playerVirtual4','playerVirtual4_aa5971ddfe',1,1,1,2048,20,'2018-02-21 22:21:45',NULL),(11,'192.168.0.200','playerVirtual1995_3338579772','playerVirtual1995','192.168.0.200','playerVirtual2','playerVirtual2_64c43dda8f',1,1,1,2048,20,'2018-02-21 22:22:56',NULL),(12,'192.168.0.200','playerVirtual4_257407216','playerVirtual4','192.168.0.200','playerVirtual1995','playerVirtual4_257407216',0,1,2,4096,40,'2018-02-21 22:23:25','2018-02-21 22:23:25'),(13,'192.168.0.200','playerVirtual2_182859403','playerVirtual2','192.168.0.200','playerVirtual4','playerVirtual4_78d6c42086',3,1,1,512,1,'2018-02-21 22:23:56','2018-02-21 23:13:52'),(14,'192.168.0.200','playerVirtual1995_2359368952','playerVirtual1995','192.168.0.200','playerVirtual4','playerVirtual4_e36f46b068',1,1,1,512,1,'2018-02-21 22:25:06',NULL),(15,'192.168.0.200','playerVirtual4_16917741','playerVirtual4','192.168.0.200','playerVirtual1995','playerVirtual4_16917741',0,1,1,512,1,'2018-02-21 22:25:52','2018-02-21 22:25:52'),(16,'192.168.0.200','playerVirtual2_2545640208','playerVirtual2','192.168.0.200','playerVirtual4','playerVirtual4_09b38c4d21',1,1,1,2048,20,'2018-02-21 22:26:21',NULL),(17,'192.168.0.200','playerVirtual1995_908315','playerVirtual1995','192.168.0.200','playerVirtual4','playerVirtual4_ce3e1a8421',1,1,1,2048,20,'2018-02-21 22:27:33',NULL),(18,'192.168.0.200','playerVirtual4_539194189','playerVirtual4','192.168.0.200','playerVirtual1995','playerVirtual4_539194189',0,1,1,2048,20,'2018-02-21 22:28:11','2018-02-21 22:28:11'),(19,'192.168.0.200','playerVirtual2_4820204870','playerVirtual2','192.168.0.200','playerVirtual4','playerVirtual4_c1636b78df',3,1,2,4096,40,'2018-02-21 22:29:23','2018-02-21 23:19:00'),(20,'192.168.0.200','playerVirtual2_3338010893','playerVirtual2','192.168.0.200','playerVirtual4','playerVirtual4_680b943911',1,1,1,512,1,'2018-02-21 22:32:40',NULL),(21,'192.168.0.200','playerVirtual4_82730999','playerVirtual4','192.168.0.200','playerVirtual1182','playerVirtual4_82730999',0,1,1,512,1,'2018-02-21 22:34:34','2018-02-21 22:34:34'),(22,'192.168.0.200','playerVirtual2_6571218','playerVirtual2','192.168.0.200','playerVirtual4','playerVirtual4_152593cf2d',1,1,1,2048,20,'2018-02-21 22:35:48',NULL),(23,'192.168.0.200','playerVirtual4_778566023','playerVirtual4','192.168.0.200','playerVirtual2','playerVirtual2_c94f86032e',1,1,1,512,1,'2018-02-21 22:38:37',NULL),(24,'192.168.0.200','playerVirtual2_1436344784','playerVirtual2','192.168.0.200','playerVirtual1182','playerVirtual2_1436344784',0,1,1,2048,20,'2018-02-21 22:39:11','2018-02-21 22:39:11'),(25,'192.168.0.200','playerVirtual4_317497342','playerVirtual4','192.168.0.200','playerVirtual8','playerVirtual8_987acc5b3a',1,1,1,512,1,'2018-02-21 22:41:07',NULL),(26,'192.168.0.200','playerVirtual2_359920779','playerVirtual2','192.168.0.200','playerVirtual4','playerVirtual4_2ff2138106',1,1,1,512,1,'2018-02-21 22:42:21',NULL),(27,'192.168.0.200','playerVirtual1182_284794223','playerVirtual1182','192.168.0.200','playerVirtual8','playerVirtual8_fe4d3878d8',1,1,1,2048,20,'2018-02-21 22:43:21',NULL),(28,'192.168.0.200','playerVirtual8_904011','playerVirtual8','192.168.0.200','playerVirtual1182','playerVirtual8_904011',0,1,1,2048,20,'2018-02-21 22:43:44','2018-02-21 22:43:44'),(29,'192.168.0.200','playerVirtual4_2904109077','playerVirtual4','192.168.0.200','playerVirtual2','playerVirtual2_b8f90596bb',1,1,1,512,1,'2018-02-21 22:45:11',NULL),(30,'192.168.0.200','playerVirtual1182_905614','playerVirtual1182','192.168.0.200','playerVirtual8','playerVirtual8_5b18d43f23',1,1,1,2048,20,'2018-02-21 22:45:29',NULL),(31,'192.168.0.200','playerVirtual2_257338074','playerVirtual2','192.168.0.200','playerVirtual1182','playerVirtual2_257338074',0,1,2,4096,40,'2018-02-21 22:45:45','2018-02-21 22:45:45'),(32,'192.168.0.200','playerVirtual8_1093460','playerVirtual8','192.168.0.200','playerVirtual1182','playerVirtual8_1093460',0,1,1,512,1,'2018-02-21 22:45:47','2018-02-21 22:45:47'),(33,'192.168.0.200','playerVirtual4_6569547','playerVirtual4','192.168.0.200','playerVirtual2','playerVirtual2_a9f1c1b993',1,1,1,2048,20,'2018-02-21 22:47:44',NULL),(34,'192.168.0.200','playerVirtual2_30788568','playerVirtual2','192.168.0.200','playerVirtual8','playerVirtual8_7c5a6288fc',1,1,1,512,1,'2018-02-21 22:49:01',NULL),(35,'192.168.0.200','playerVirtual4_38671842','playerVirtual4','192.168.0.200','playerVirtual8','playerVirtual8_fdc9d6ffee',1,1,1,512,1,'2018-02-21 22:51:59',NULL),(36,'192.168.0.200','playerVirtual2_400453824','playerVirtual2','192.168.0.200','playerVirtual1058','playerVirtual2_400453824',0,1,1,512,1,'2018-02-21 22:52:33','2018-02-21 22:52:33'),(37,'192.168.0.200','playerVirtual8_4820318661','playerVirtual8','192.168.0.200','playerVirtual1058','playerVirtual8_4820318661',0,1,2,4096,40,'2018-02-21 22:52:43','2018-02-21 22:52:43'),(38,'192.168.0.200','playerVirtual4_4820217293','playerVirtual4','192.168.0.200','playerVirtual8','playerVirtual8_e29ee2da2a',1,1,2,4096,40,'2018-02-21 22:54:44',NULL),(39,'192.168.0.200','playerVirtual1058_4819935267','playerVirtual1058','192.168.0.200','playerVirtual8','playerVirtual8_f0e3e6b039',1,1,2,4096,40,'2018-02-21 22:56:00',NULL),(40,'192.168.0.200','playerVirtual2_6264344062','playerVirtual2','192.168.0.200','playerVirtual1058','playerVirtual2_6264344062',0,1,1,512,1,'2018-02-21 22:56:01','2018-02-21 22:56:01'),(41,'192.168.0.200','playerVirtual8_2378747961','playerVirtual8','192.168.0.200','playerVirtual1058','playerVirtual8_2378747961',0,1,1,512,1,'2018-02-21 22:57:36','2018-02-21 22:57:36'),(42,'192.168.0.200','playerVirtual4_5068098508','playerVirtual4','192.168.0.200','playerVirtual8','playerVirtual8_eea617ff66',1,1,1,2048,20,'2018-02-21 22:59:13',NULL),(43,'192.168.0.200','playerVirtual2_1095593','playerVirtual2','192.168.0.200','playerVirtual8','playerVirtual8_67f5ec217d',3,1,1,512,1,'2018-02-21 23:01:01','2018-02-22 00:21:37'),(44,'192.168.0.200','playerVirtual8_2148750930','playerVirtual8','192.168.0.200','playerVirtual4','playerVirtual8_2148750930',0,0,1,2048,20,'2018-02-21 23:01:15','2018-02-21 23:01:15'),(45,'192.168.0.200','playerVirtual4_563574327','playerVirtual4','192.168.0.200','playerVirtual1003','playerVirtual4_563574327',0,1,1,2048,20,'2018-02-21 23:03:19','2018-02-21 23:03:19'),(46,'192.168.0.200','playerVirtual2_16915963','playerVirtual2','192.168.0.200','playerVirtual1003','playerVirtual2_16915963',0,1,1,2048,20,'2018-02-21 23:04:42','2018-02-21 23:04:42'),(47,'192.168.0.200','playerVirtual8_5623125514','playerVirtual8','192.168.0.200','playerVirtual1003','playerVirtual8_5623125514',0,1,1,2048,20,'2018-02-21 23:06:21','2018-02-21 23:06:21'),(48,'192.168.0.200','playerVirtual4_284757920','playerVirtual4','192.168.0.200','playerVirtual1003','playerVirtual4_284757920',0,1,1,2048,20,'2018-02-21 23:07:59','2018-02-21 23:07:59'),(49,'192.168.0.200','playerVirtual2_272887063','playerVirtual2','192.168.0.200','playerVirtual4','playerVirtual2_272887063',0,0,1,2048,20,'2018-02-21 23:09:49','2018-02-21 23:09:49'),(50,'192.168.0.200','playerVirtual8_6274355716','playerVirtual8','192.168.0.200','playerVirtual2','playerVirtual8_6274355716',0,0,1,512,1,'2018-02-21 23:10:06','2018-02-21 23:10:06'),(51,'192.168.0.200','playerVirtual4_182859403','playerVirtual4','192.168.0.200','playerVirtual1649','playerVirtual4_182859403',0,1,1,512,1,'2018-02-21 23:13:13','2018-02-21 23:13:13'),(52,'192.168.0.200','playerVirtual8_4820204870','playerVirtual8','192.168.0.200','playerVirtual4','playerVirtual4_e0114fb9a0',1,1,2,4096,40,'2018-02-21 23:16:30',NULL),(53,'192.168.0.200','playerVirtual8_990694203','playerVirtual8','192.168.0.200','playerVirtual4','playerVirtual4_3a47c1f4c2',3,1,1,2048,20,'2018-02-21 23:20:45','2018-02-21 23:27:10'),(54,'192.168.0.200','playerVirtual2_6280643141','playerVirtual2','192.168.0.200','playerVirtual1685','playerVirtual2_6280643141',0,1,1,512,1,'2018-02-21 23:22:36','2018-02-21 23:22:36'),(55,'192.168.0.200','playerVirtual4_6280638724','playerVirtual4','192.168.0.200','playerVirtual1685','playerVirtual4_6280638724',0,1,1,512,1,'2018-02-21 23:22:57','2018-02-21 23:22:57'),(56,'192.168.0.200','playerVirtual4_272887063','playerVirtual4','192.168.0.200','playerVirtual1685','playerVirtual4_272887063',0,1,1,2048,20,'2018-02-21 23:28:08','2018-02-21 23:28:08'),(57,'192.168.0.200','playerVirtual8_6282149131','playerVirtual8','192.168.0.200','playerVirtual4','playerVirtual4_7280d6ffee',1,1,1,512,1,'2018-02-21 23:30:47',NULL),(58,'192.168.0.200','playerVirtual2_2359368952','playerVirtual2','192.168.0.200','playerVirtual4','playerVirtual2_2359368952',0,0,1,512,1,'2018-02-21 23:32:38','2018-02-21 23:32:38'),(59,'192.168.0.200','playerVirtual4_1436323714','playerVirtual4','192.168.0.200','playerVirtual1173','playerVirtual4_1436323714',0,1,1,2048,20,'2018-02-21 23:34:12','2018-02-21 23:34:12'),(60,'192.168.0.200','playerVirtual8_214880781','playerVirtual8','192.168.0.200','playerVirtual1173','playerVirtual8_214880781',0,1,1,2048,20,'2018-02-21 23:37:34','2018-02-21 23:37:34'),(61,'192.168.0.200','playerVirtual2_16914091','playerVirtual2','192.168.0.200','playerVirtual1173','playerVirtual2_16914091',0,1,1,2048,20,'2018-02-21 23:39:26','2018-02-21 23:39:26'),(62,'192.168.0.200','playerVirtual4_182859403','playerVirtual4','192.168.0.200','playerVirtual1173','playerVirtual4_182859403',0,1,1,512,1,'2018-02-21 23:39:51','2018-02-21 23:39:51'),(63,'192.168.0.200','playerVirtual8_6641406','playerVirtual8','192.168.0.200','playerVirtual1173','playerVirtual8_6641406',0,1,1,2048,20,'2018-02-21 23:42:36','2018-02-21 23:42:36'),(64,'192.168.0.200','playerVirtual4_6285257156','playerVirtual4','192.168.0.200','playerVirtual1173','playerVirtual4_6285257156',0,1,1,512,1,'2018-02-21 23:45:04','2018-02-21 23:45:04'),(65,'192.168.0.200','playerVirtual8_6955737','playerVirtual8','192.168.0.200','playerVirtual2','playerVirtual8_6955737',0,0,1,2048,20,'2018-02-21 23:50:05','2018-02-21 23:50:05'),(66,'192.168.0.200','playerVirtual2_1438244924','playerVirtual2','192.168.0.200','playerVirtual4','playerVirtual2_1438244924',0,0,1,2048,20,'2018-02-21 23:51:04','2018-02-21 23:51:04'),(67,'192.168.0.200','playerVirtual4_3338579772','playerVirtual4','192.168.0.200','playerVirtual2','playerVirtual4_3338579772',0,0,1,2048,20,'2018-02-21 23:51:31','2018-02-21 23:51:31'),(68,'192.168.0.200','playerVirtual8_2381571381','playerVirtual8','192.168.0.200','playerVirtual4','playerVirtual8_2381571381',0,0,1,2048,20,'2018-02-21 23:55:22','2018-02-21 23:55:22'),(69,'192.168.0.200','playerVirtual2_2378747961','playerVirtual2','192.168.0.200','playerVirtual4','playerVirtual2_2378747961',0,0,1,512,1,'2018-02-21 23:56:47','2018-02-21 23:56:47'),(70,'192.168.0.200','playerVirtual4_6289355687','playerVirtual4','192.168.0.200','playerVirtual2','playerVirtual4_6289355687',0,0,1,512,1,'2018-02-21 23:58:27','2018-02-21 23:58:27'),(71,'192.168.0.200','playerVirtual4_1436344784','playerVirtual4','192.168.0.200','playerVirtual1705','playerVirtual4_1436344784',0,1,1,2048,20,'2018-02-22 00:05:18','2018-02-22 00:05:18'),(72,'192.168.0.200','playerVirtual8_794070039','playerVirtual8','192.168.0.200','playerVirtual1705','playerVirtual8_794070039',0,1,1,512,1,'2018-02-22 00:08:18','2018-02-22 00:08:18'),(73,'192.168.0.200','playerVirtual4_990694203','playerVirtual4','192.168.0.200','playerVirtual1705','playerVirtual4_990694203',0,1,1,2048,20,'2018-02-22 00:13:01','2018-02-22 00:13:01'),(74,'192.168.0.200','playerVirtual8_182859403','playerVirtual8','192.168.0.200','playerVirtual4','playerVirtual8_182859403',0,0,1,512,1,'2018-02-22 00:24:29','2018-02-22 00:24:29'),(75,'192.168.0.200','playerVirtual4_6301942525','playerVirtual4','192.168.0.200','playerVirtual1864','playerVirtual4_6301942525',0,1,1,512,1,'2018-02-22 00:36:11','2018-02-22 00:36:11'),(76,'192.168.0.200','playerVirtual2_990694203','playerVirtual2','192.168.0.200','playerVirtual1864','playerVirtual2_990694203',0,1,1,2048,20,'2018-02-22 00:37:36','2018-02-22 00:37:36');
/*!40000 ALTER TABLE `VM` ENABLE KEYS */;
UNLOCK TABLES;
/*!40103 SET TIME_ZONE=@OLD_TIME_ZONE */;

/*!40101 SET SQL_MODE=@OLD_SQL_MODE */;
/*!40014 SET FOREIGN_KEY_CHECKS=@OLD_FOREIGN_KEY_CHECKS */;
/*!40014 SET UNIQUE_CHECKS=@OLD_UNIQUE_CHECKS */;
/*!40101 SET CHARACTER_SET_CLIENT=@OLD_CHARACTER_SET_CLIENT */;
/*!40101 SET CHARACTER_SET_RESULTS=@OLD_CHARACTER_SET_RESULTS */;
/*!40101 SET COLLATION_CONNECTION=@OLD_COLLATION_CONNECTION */;
/*!40111 SET SQL_NOTES=@OLD_SQL_NOTES */;

-- Dump completed on 2018-02-21 21:39:05
