-- MySQL dump 10.14  Distrib 5.5.58-MariaDB, for debian-linux-gnu (x86_64)
--
-- Host: localhost    Database: mct
-- ------------------------------------------------------
-- Server version	5.5.58-MariaDB-1ubuntu0.14.04.1

/*!40101 SET @OLD_CHARACTER_SET_CLIENT=@@CHARACTER_SET_CLIENT */;
/*!40101 SET @OLD_CHARACTER_SET_RESULTS=@@CHARACTER_SET_RESULTS */;
/*!40101 SET @OLD_COLLATION_CONNECTION=@@COLLATION_CONNECTION */;
/*!40101 SET NAMES utf8 */;
/*!40103 SET @OLD_TIME_ZONE=@@TIME_ZONE */;
/*!40103 SET TIME_ZONE='+00:00' */;
/*!40014 SET @OLD_UNIQUE_CHECKS=@@UNIQUE_CHECKS, UNIQUE_CHECKS=0 */;
/*!40014 SET @OLD_FOREIGN_KEY_CHECKS=@@FOREIGN_KEY_CHECKS, FOREIGN_KEY_CHECKS=0 */;
/*!40101 SET @OLD_SQL_MODE=@@SQL_MODE, SQL_MODE='NO_AUTO_VALUE_ON_ZERO' */;
/*!40111 SET @OLD_SQL_NOTES=@@SQL_NOTES, SQL_NOTES=0 */;

--
-- Table structure for table `FIELDS`
--

DROP TABLE IF EXISTS `FIELDS`;
/*!40101 SET @saved_cs_client     = @@character_set_client */;
/*!40101 SET character_set_client = utf8 */;
CREATE TABLE `FIELDS` (
  `operation` int(11) NOT NULL,
  `fields` varchar(45) NOT NULL,
  PRIMARY KEY (`operation`)
) ENGINE=InnoDB DEFAULT CHARSET=utf8;
/*!40101 SET character_set_client = @saved_cs_client */;

--
-- Dumping data for table `FIELDS`
--

LOCK TABLES `FIELDS` WRITE;
/*!40000 ALTER TABLE `FIELDS` DISABLE KEYS */;
INSERT INTO `FIELDS` VALUES (0,'name mem image vcpus disk uuid');
/*!40000 ALTER TABLE `FIELDS` ENABLE KEYS */;
UNLOCK TABLES;

--
-- Table structure for table `PLAYER`
--

DROP TABLE IF EXISTS `PLAYER`;
/*!40101 SET @saved_cs_client     = @@character_set_client */;
/*!40101 SET character_set_client = utf8 */;
CREATE TABLE `PLAYER` (
  `id` int(11) NOT NULL AUTO_INCREMENT,
  `name` varchar(45) NOT NULL,
  `address` varchar(45) NOT NULL,
  `division` int(11) DEFAULT NULL,
  `score` float DEFAULT '0',
  `history` int(11) DEFAULT '0',
  `fairness` float DEFAULT '0',
  `accepts` int(11) DEFAULT '0',
  `rejects` int(11) DEFAULT '0',
  `running` int(11) DEFAULT '0',
  `finished` int(11) DEFAULT '0',
  `problem_del` int(11) DEFAULT '0',
  `vcpus` int(11) DEFAULT '0',
  `memory` bigint(20) DEFAULT '0',
  `local_gb` bigint(20) DEFAULT '0',
  `vcpus_used` bigint(20) DEFAULT '0',
  `memory_used` bigint(20) DEFAULT '0',
  `local_gb_used` bigint(20) DEFAULT '0',
  `max_instance` int(11) DEFAULT '0',
  `token` varchar(45) DEFAULT NULL,
  `suspend` timestamp NULL DEFAULT NULL,
  `enabled` int(11) DEFAULT '0',
  `last_choice` timestamp NOT NULL DEFAULT '2018-01-01 02:00:00',
  `playoff` tinyint(1) DEFAULT '0',
  PRIMARY KEY (`id`)
) ENGINE=InnoDB AUTO_INCREMENT=27 DEFAULT CHARSET=utf8;
/*!40101 SET character_set_client = @saved_cs_client */;

--
-- Dumping data for table `PLAYER`
--

LOCK TABLES `PLAYER` WRITE;
/*!40000 ALTER TABLE `PLAYER` DISABLE KEYS */;
INSERT INTO `PLAYER` VALUES (1,'playerVirtual1','192.168.0.200',4,-2,0,1,1,2,0,1,0,1023,1047552,10230,0,0,0,1,'660fe6adad0ab9f6c8672e345fa887911643b3a7',NULL,0,'2018-03-02 14:29:46',1),(2,'playerVirtual2','192.168.0.200',1,11.28,29,0.705882,8,0,7,1,0,1023,1047552,10230,12,23040,221,9,'22f1acd786c55bf2ce419a54d5c06641b5f21d12',NULL,1,'2018-03-02 16:47:06',0),(3,'playerVirtual3','192.168.0.200',3,2.32,28,0.8,2,2,2,0,0,1023,1047552,10230,3,4608,41,2,'593409b6f8bb24f11be8c93a4fdd52e5e9968083',NULL,1,'2018-03-02 16:47:52',0),(4,'playerVirtual4','192.168.0.200',1,11.29,27,0.785714,13,0,5,8,0,1023,1047552,10230,5,7168,62,9,'14f0459a465a85a42b7c7fd22ff1483addff905c',NULL,1,'2018-03-02 16:36:12',0),(5,'playerVirtual0','192.168.0.200',4,-10,0,1,0,5,0,0,0,1023,1047552,10230,0,0,0,99,'0de8b9c53b5369d0cdd5bfe5b2710772daa72cf5',NULL,0,'2018-03-02 14:40:47',1),(6,'playerVirtual5','192.168.0.200',1,10.62,26,0.833333,9,0,4,5,0,1023,1047552,10230,4,6656,61,5,'d2658aec38a8b20e5c19c7b23dfd0cf4128264fa',NULL,1,'2018-03-02 16:36:38',0),(7,'playerVirtual6','192.168.0.200',2,7.31,25,0.9,7,0,7,0,0,1023,1047552,10230,8,10240,84,7,'ef8429c0f39ce5026857b044ada0f46b83814299',NULL,1,'2018-03-02 15:01:59',0),(8,'playerVirtual1916','192.168.0.200',4,-4,0,0,0,2,0,0,0,1023,1047552,10230,0,0,0,99,'f378f5e217e891733d263c70e0b5ca48fa62c0ba',NULL,0,'2018-03-02 14:48:11',1),(9,'playerVirtual7','192.168.0.200',3,1.33,24,0,1,1,1,0,0,1023,1047552,10230,1,512,1,1,'dac4671104dedf7287607de9ed7b5627b26064b7',NULL,1,'2018-03-02 16:49:38',0),(10,'playerVirtual8','192.168.0.200',1,11.3,23,0.875,12,0,6,6,0,1023,1047552,10230,6,7680,63,9,'a5d73ba4897d00d7af5d837ca5daa639d2af4f34',NULL,1,'2018-03-02 16:33:29',0),(11,'playerVirtual9','192.168.0.200',3,1.99,22,0.857143,2,0,2,0,0,1023,1047552,10230,3,6144,60,2,'9df432259f8207f3a0daaf37ff39e53f8b061389',NULL,1,'2018-03-02 15:01:33',0),(12,'playerVirtual1729','192.168.0.200',4,-6,0,0,0,3,0,0,0,1023,1047552,10230,0,0,0,99,'15fcc2d83adecc9e05d3610502547563dc66847c',NULL,0,'2018-03-02 15:04:46',1),(13,'playerVirtual10','192.168.0.200',2,6.65,21,1,9,0,8,1,0,1023,1047552,10230,8,10240,84,8,'4db34b066052f9625251db42a93cf74fb789658b',NULL,1,'2018-03-02 16:03:28',0),(14,'playerVirtual11','192.168.0.200',3,2.66,20,0.5,3,0,3,0,0,1023,1047552,10230,3,3072,22,3,'9a6b7018b070ed800ce40df1afbd4463faefdf52',NULL,1,'2018-03-02 15:10:08',0),(15,'playerVirtual12','192.168.0.200',3,1.33,19,0.8,3,0,3,0,0,1023,1047552,10230,3,4608,41,3,'5a3179e52b970afc9fe8f7b14da46fee4da6e455',NULL,1,'2018-03-02 15:13:55',0),(16,'playerVirtual1313','192.168.0.200',4,-8,0,0,0,4,0,0,0,1023,1047552,10230,0,0,0,99,'cfff8b0d94c4b2f09af9cd9e8b4e21500660f39b',NULL,0,'2018-03-02 15:30:22',1),(17,'playerVirtual13','192.168.0.200',1,9.3,18,0.8,6,0,3,3,0,1023,1047552,10230,3,1536,3,5,'d50e8259b4c7bff72f4e3827e342cd227d60f719',NULL,1,'2018-03-02 16:25:07',0),(18,'playerVirtual14','192.168.0.200',2,7.3,17,1,6,0,3,3,0,1023,1047552,10230,3,4608,41,5,'99f0a23c662530e9ab12297529f431a6f3071f5e',NULL,1,'2018-03-02 16:51:11',0),(19,'playerVirtual15','192.168.0.200',1,9.29,16,0.5,5,0,1,4,0,1023,1047552,10230,1,512,1,5,'c4dbd3ec462611c9d0ce80fc98a4c201955d182e',NULL,1,'2018-03-02 16:37:54',0),(20,'playerVirtual16','192.168.0.200',2,5.31,15,1,6,0,2,4,0,1023,1047552,10230,3,4608,41,3,'6bffa67607fff324732ac64edc19049efee43c4e',NULL,1,'2018-03-02 16:46:26',0),(21,'playerVirtual17','192.168.0.200',2,5.97,14,0.5,4,0,1,3,0,1023,1047552,10230,1,2048,20,1,'cbd19fba3b7fca5880e1f6811023186750ac35d0',NULL,1,'2018-03-02 16:34:28',0),(22,'playerVirtual1877','192.168.0.200',4,-2,0,0,0,1,0,0,0,1023,1047552,10230,0,0,0,99,'2934963b59d245750f6a2ffc29ab731962eabd2f',NULL,0,'2018-03-02 15:40:58',1),(23,'playerVirtual18','192.168.0.200',2,5.31,13,0,4,0,3,1,0,1023,1047552,10230,4,6656,61,3,'3f93d343d32b9baeebbe6d50191f16e600fb352e',NULL,1,'2018-03-02 16:22:39',0),(24,'playerVirtual19','192.168.0.200',2,5.97,12,0.5,5,0,1,4,0,1023,1047552,10230,1,2048,20,7,'1ec4b7b2a8084f9f4b0ff400981f0daac035f38d',NULL,1,'2018-03-02 16:40:00',0),(25,'playerVirtual1208','192.168.0.200',4,-2,0,0,0,1,0,0,0,1023,1047552,10230,0,0,0,99,'ce79222ecd6de9af3ba02275c31dae0d59510235',NULL,0,'2018-03-02 16:02:27',1),(26,'playerVirtual1178','192.168.0.200',4,-4,0,0,0,2,0,0,0,1023,1047552,10230,0,0,0,99,'26e1643597a26680991d7fc851b5ae205fd0fa46',NULL,0,'2018-03-02 16:35:08',1);
/*!40000 ALTER TABLE `PLAYER` ENABLE KEYS */;
UNLOCK TABLES;

--
-- Table structure for table `REQUEST`
--

DROP TABLE IF EXISTS `REQUEST`;
/*!40101 SET @saved_cs_client     = @@character_set_client */;
/*!40101 SET character_set_client = utf8 */;
CREATE TABLE `REQUEST` (
  `id` int(11) NOT NULL AUTO_INCREMENT,
  `player_id` varchar(45) NOT NULL,
  `request_id` varchar(45) NOT NULL,
  `action` int(11) NOT NULL,
  `timestamp_received` timestamp NULL DEFAULT NULL,
  `timestamp_finished` timestamp NULL DEFAULT NULL,
  `status` int(11) NOT NULL,
  PRIMARY KEY (`id`)
) ENGINE=InnoDB AUTO_INCREMENT=598 DEFAULT CHARSET=utf8;
/*!40101 SET character_set_client = @saved_cs_client */;

--
-- Dumping data for table `REQUEST`
--

LOCK TABLES `REQUEST` WRITE;
/*!40000 ALTER TABLE `REQUEST` DISABLE KEYS */;
INSERT INTO `REQUEST` VALUES (1,'playerVirtual1','playerVirtual1_2aa34d50a1',4,'2018-03-02 14:22:25',NULL,0),(2,'playerVirtual2','playerVirtual2_c50cf4e9ee',4,'2018-03-02 14:22:25',NULL,0),(3,'playerVirtual1','playerVirtual1_450512000',0,'2018-03-02 14:23:26',NULL,0),(4,'playerVirtual1','playerVirtual1_450512000',0,'2018-03-02 14:23:26',NULL,0),(5,'playerVirtual2','playerVirtual2_1438244924',0,'2018-03-02 14:23:28',NULL,0),(6,'playerVirtual2','playerVirtual2_1438244924',0,'2018-03-02 14:23:29',NULL,0),(7,'playerVirtual1','playerVirtual1_e5ec3bc26f',3,'2018-03-02 14:24:26',NULL,0),(8,'playerVirtual2','playerVirtual2_89a22630f3',3,'2018-03-02 14:24:29',NULL,0),(9,'playerVirtual1','playerVirtual1_640692267',0,'2018-03-02 14:25:32',NULL,0),(10,'playerVirtual1','playerVirtual1_640692267',0,'2018-03-02 14:25:32',NULL,0),(11,'playerVirtual2','playerVirtual2_2381571381',0,'2018-03-02 14:25:33',NULL,0),(12,'playerVirtual2','playerVirtual2_2381571381',0,'2018-03-02 14:25:33',NULL,0),(13,'playerVirtual1','playerVirtual1_1ddbe10194',4,'2018-03-02 14:26:32',NULL,0),(14,'playerVirtual2','playerVirtual2_1708685458',4,'2018-03-02 14:26:33',NULL,0),(15,'playerVirtual3','playerVirtual3_4b13d78b29',4,'2018-03-02 14:27:31',NULL,0),(16,'playerVirtual1','playerVirtual1_5297461910',0,'2018-03-02 14:27:35',NULL,0),(17,'playerVirtual1','playerVirtual1_5297461910',0,'2018-03-02 14:27:35',NULL,0),(18,'playerVirtual2','playerVirtual2_2790332778',0,'2018-03-02 14:27:40',NULL,0),(19,'playerVirtual2','playerVirtual2_2790332778',0,'2018-03-02 14:27:41',NULL,0),(20,'playerVirtual1','playerVirtual1_704ec0b2ed',3,'2018-03-02 14:28:35',NULL,0),(21,'playerVirtual2','playerVirtual2_d967181be4',3,'2018-03-02 14:28:40',NULL,0),(22,'playerVirtual3','playerVirtual3_369721705',0,'2018-03-02 14:28:43',NULL,0),(23,'playerVirtual3','playerVirtual3_369721705',0,'2018-03-02 14:28:43',NULL,0),(24,'playerVirtual3','playerVirtual3_f25db178ea',3,'2018-03-02 14:29:43',NULL,0),(25,'playerVirtual1','playerVirtual1_317469422',0,'2018-03-02 14:29:44',NULL,0),(26,'playerVirtual1','playerVirtual1_317469422',0,'2018-03-02 14:29:45',NULL,0),(27,'playerVirtual2','playerVirtual2_6955737',0,'2018-03-02 14:29:46',NULL,0),(28,'playerVirtual2','playerVirtual2_6955737',0,'2018-03-02 14:29:46',NULL,0),(29,'playerVirtual3','playerVirtual3_257338104',0,'2018-03-02 14:30:45',NULL,0),(30,'playerVirtual1','playerVirtual1_ead227a6a2',4,'2018-03-02 14:30:45',NULL,0),(31,'playerVirtual3','playerVirtual3_257338104',0,'2018-03-02 14:30:45',NULL,0),(32,'playerVirtual2','playerVirtual2_44eea36b81',4,'2018-03-02 14:30:46',NULL,0),(33,'playerVirtual3','playerVirtual3_ef0bfc41b9',4,'2018-03-02 14:31:45',NULL,0),(34,'playerVirtual2','playerVirtual2_2433236783',0,'2018-03-02 14:31:54',NULL,0),(35,'playerVirtual2','playerVirtual2_2433236783',0,'2018-03-02 14:31:55',NULL,0),(36,'playerVirtual4','playerVirtual4_ccdec655b0',4,'2018-03-02 14:32:24',NULL,0),(37,'playerVirtual0','playerVirtual0_2b42e1ba05',4,'2018-03-02 14:32:37',NULL,0),(38,'playerVirtual2','playerVirtual2_e94053bef7',3,'2018-03-02 14:32:54',NULL,0),(39,'playerVirtual3','playerVirtual3_3338579772',0,'2018-03-02 14:32:58',NULL,0),(40,'playerVirtual3','playerVirtual3_3338579772',0,'2018-03-02 14:32:58',NULL,0),(41,'playerVirtual4','playerVirtual4_257407216',0,'2018-03-02 14:33:38',NULL,0),(42,'playerVirtual3','playerVirtual3_c6101bda66',3,'2018-03-02 14:33:58',NULL,0),(43,'playerVirtual0','playerVirtual0_182859403',0,'2018-03-02 14:33:58',NULL,0),(44,'playerVirtual2','playerVirtual2_2359368952',0,'2018-03-02 14:34:11',NULL,0),(45,'playerVirtual2','playerVirtual2_2359368952',0,'2018-03-02 14:34:11',NULL,0),(46,'playerVirtual4','playerVirtual4_cff322f195',3,'2018-03-02 14:34:38',NULL,0),(47,'playerVirtual0','playerVirtual0_e939e547ab',3,'2018-03-02 14:34:59',NULL,0),(48,'playerVirtual2','playerVirtual2_8d57f54eb6',4,'2018-03-02 14:35:11',NULL,0),(49,'playerVirtual3','playerVirtual3_16917741',0,'2018-03-02 14:35:12',NULL,0),(50,'playerVirtual3','playerVirtual3_16917741',0,'2018-03-02 14:35:13',NULL,0),(51,'playerVirtual4','playerVirtual4_2545640208',0,'2018-03-02 14:36:00',NULL,0),(52,'playerVirtual4','playerVirtual4_2545640208',0,'2018-03-02 14:36:01',NULL,0),(53,'playerVirtual3','playerVirtual3_88911116e0',4,'2018-03-02 14:36:12',NULL,0),(54,'playerVirtual0','playerVirtual0_908315',0,'2018-03-02 14:36:15',NULL,0),(55,'playerVirtual0','playerVirtual0_908315',0,'2018-03-02 14:36:15',NULL,0),(56,'playerVirtual2','playerVirtual2_539194189',0,'2018-03-02 14:36:40',NULL,0),(57,'playerVirtual2','playerVirtual2_539194189',0,'2018-03-02 14:36:40',NULL,0),(58,'playerVirtual4','playerVirtual4_0cddb53dbb',4,'2018-03-02 14:37:01',NULL,0),(59,'playerVirtual0','playerVirtual0_4f2e901dd0',4,'2018-03-02 14:37:15',NULL,0),(60,'playerVirtual5','playerVirtual5_e903b5742d',4,'2018-03-02 14:37:29',NULL,0),(61,'playerVirtual2','playerVirtual2_3d0ada34bf',3,'2018-03-02 14:37:40',NULL,0),(62,'playerVirtual3','playerVirtual3_4820204870',0,'2018-03-02 14:38:25',NULL,0),(63,'playerVirtual3','playerVirtual3_4820204870',0,'2018-03-02 14:38:25',NULL,0),(64,'playerVirtual3','playerVirtual3_401751039d',3,'2018-03-02 14:39:25',NULL,0),(65,'playerVirtual4','playerVirtual4_8058564',0,'2018-03-02 14:39:55',NULL,0),(66,'playerVirtual4','playerVirtual4_8058564',0,'2018-03-02 14:39:55',NULL,0),(67,'playerVirtual0','playerVirtual0_1429160667',0,'2018-03-02 14:40:16',NULL,0),(68,'playerVirtual0','playerVirtual0_1429160667',0,'2018-03-02 14:40:17',NULL,0),(69,'playerVirtual2','playerVirtual2_82730999',0,'2018-03-02 14:40:34',NULL,0),(70,'playerVirtual2','playerVirtual2_82730999',0,'2018-03-02 14:40:34',NULL,0),(71,'playerVirtual5','playerVirtual5_3338010893',0,'2018-03-02 14:40:47',NULL,0),(72,'playerVirtual5','playerVirtual5_3338010893',0,'2018-03-02 14:40:48',NULL,0),(73,'playerVirtual4','playerVirtual4_00dd5beac5',3,'2018-03-02 14:40:55',NULL,0),(74,'playerVirtual2','playerVirtual2_212e71418f',4,'2018-03-02 14:41:34',NULL,0),(75,'playerVirtual3','playerVirtual3_351652724',0,'2018-03-02 14:41:37',NULL,0),(76,'playerVirtual3','playerVirtual3_351652724',0,'2018-03-02 14:41:38',NULL,0),(77,'playerVirtual5','playerVirtual5_f5b1a0212e',3,'2018-03-02 14:41:47',NULL,0),(78,'playerVirtual4','playerVirtual4_6571218',0,'2018-03-02 14:42:25',NULL,0),(79,'playerVirtual4','playerVirtual4_6571218',0,'2018-03-02 14:42:26',NULL,0),(80,'playerVirtual6','playerVirtual6_6d91086e86',4,'2018-03-02 14:42:28',NULL,0),(81,'playerVirtual3','playerVirtual3_07ed3f5aa3',4,'2018-03-02 14:42:37',NULL,0),(82,'playerVirtual5','playerVirtual5_1339662',0,'2018-03-02 14:43:01',NULL,0),(83,'playerVirtual5','playerVirtual5_1339662',0,'2018-03-02 14:43:01',NULL,0),(84,'playerVirtual2','playerVirtual2_1436344784',0,'2018-03-02 14:43:11',NULL,0),(85,'playerVirtual2','playerVirtual2_1436344784',0,'2018-03-02 14:43:11',NULL,0),(86,'playerVirtual4','playerVirtual4_473ac6766f',4,'2018-03-02 14:43:26',NULL,0),(87,'playerVirtual5','playerVirtual5_832f8dc916',4,'2018-03-02 14:44:01',NULL,0),(88,'playerVirtual2','playerVirtual2_b5798c6303',3,'2018-03-02 14:44:11',NULL,0),(89,'playerVirtual1916','playerVirtual1916_ed1c32a204',4,'2018-03-02 14:44:50',NULL,0),(90,'playerVirtual3','playerVirtual3_284794223',0,'2018-03-02 14:44:58',NULL,0),(91,'playerVirtual3','playerVirtual3_284794223',0,'2018-03-02 14:44:58',NULL,0),(92,'playerVirtual3','playerVirtual3_d6f17c375c',3,'2018-03-02 14:45:58',NULL,0),(93,'playerVirtual6','playerVirtual6_317497342',0,'2018-03-02 14:46:00',NULL,0),(94,'playerVirtual4','playerVirtual4_359920779',0,'2018-03-02 14:46:28',NULL,0),(95,'playerVirtual4','playerVirtual4_359920779',0,'2018-03-02 14:46:28',NULL,0),(96,'playerVirtual6','playerVirtual6_834c4e22b4',3,'2018-03-02 14:47:00',NULL,0),(97,'playerVirtual2','playerVirtual2_2904109077',0,'2018-03-02 14:47:07',NULL,0),(98,'playerVirtual2','playerVirtual2_2904109077',0,'2018-03-02 14:47:08',NULL,0),(99,'playerVirtual5','playerVirtual5_904011',0,'2018-03-02 14:47:20',NULL,0),(100,'playerVirtual5','playerVirtual5_904011',0,'2018-03-02 14:47:21',NULL,0),(101,'playerVirtual4','playerVirtual4_76aa494c6d',3,'2018-03-02 14:47:29',NULL,0),(102,'playerVirtual7','playerVirtual7_cbd05b6426',4,'2018-03-02 14:47:31',NULL,0),(103,'playerVirtual6','playerVirtual6_1093460',0,'2018-03-02 14:48:03',NULL,0),(104,'playerVirtual6','playerVirtual6_1093460',0,'2018-03-02 14:48:03',NULL,0),(105,'playerVirtual2','playerVirtual2_455277ae21',4,'2018-03-02 14:48:08',NULL,0),(106,'playerVirtual3','playerVirtual3_905614',0,'2018-03-02 14:48:11',NULL,0),(107,'playerVirtual3','playerVirtual3_905614',0,'2018-03-02 14:48:11',NULL,0),(108,'playerVirtual5','playerVirtual5_bdc1b56058',3,'2018-03-02 14:48:21',NULL,0),(109,'playerVirtual1916','playerVirtual1916_257338074',0,'2018-03-02 14:48:23',NULL,0),(110,'playerVirtual4','playerVirtual4_6569547',0,'2018-03-02 14:49:01',NULL,0),(111,'playerVirtual4','playerVirtual4_6569547',0,'2018-03-02 14:49:02',NULL,0),(112,'playerVirtual6','playerVirtual6_ded0319d80',4,'2018-03-02 14:49:03',NULL,0),(113,'playerVirtual3','playerVirtual3_4528c0afe4',4,'2018-03-02 14:49:11',NULL,0),(114,'playerVirtual1916','playerVirtual1916_9c69a0996f',3,'2018-03-02 14:49:24',NULL,0),(115,'playerVirtual5','playerVirtual5_5792765',0,'2018-03-02 14:49:42',NULL,0),(116,'playerVirtual5','playerVirtual5_5792765',0,'2018-03-02 14:49:42',NULL,0),(117,'playerVirtual2','playerVirtual2_30788568',0,'2018-03-02 14:49:51',NULL,0),(118,'playerVirtual2','playerVirtual2_30788568',0,'2018-03-02 14:49:51',NULL,0),(119,'playerVirtual4','playerVirtual4_a29d139248',4,'2018-03-02 14:50:02',NULL,0),(120,'playerVirtual5','playerVirtual5_7e3179f8c3',4,'2018-03-02 14:50:42',NULL,0),(121,'playerVirtual1916','playerVirtual1916_4820318661',0,'2018-03-02 14:50:46',NULL,0),(122,'playerVirtual2','playerVirtual2_a1ad799a22',3,'2018-03-02 14:50:51',NULL,0),(123,'playerVirtual7','playerVirtual7_470485660',0,'2018-03-02 14:51:07',NULL,0),(124,'playerVirtual3','playerVirtual3_400453824',0,'2018-03-02 14:51:46',NULL,0),(125,'playerVirtual3','playerVirtual3_400453824',0,'2018-03-02 14:51:46',NULL,0),(126,'playerVirtual7','playerVirtual7_277ddb95d8',3,'2018-03-02 14:52:08',NULL,0),(127,'playerVirtual8','playerVirtual8_8d6025419b',4,'2018-03-02 14:52:24',NULL,0),(128,'playerVirtual3','playerVirtual3_5dd294acdb',3,'2018-03-02 14:52:46',NULL,0),(129,'playerVirtual6','playerVirtual6_38671842',0,'2018-03-02 14:52:48',NULL,0),(130,'playerVirtual6','playerVirtual6_38671842',0,'2018-03-02 14:52:49',NULL,0),(131,'playerVirtual4','playerVirtual4_4819935267',0,'2018-03-02 14:53:25',NULL,0),(132,'playerVirtual4','playerVirtual4_4819935267',0,'2018-03-02 14:53:25',NULL,0),(133,'playerVirtual7','playerVirtual7_5068098508',0,'2018-03-02 14:53:45',NULL,0),(134,'playerVirtual6','playerVirtual6_19b2024eca',3,'2018-03-02 14:53:48',NULL,0),(135,'playerVirtual2','playerVirtual2_6264344062',0,'2018-03-02 14:54:07',NULL,0),(136,'playerVirtual2','playerVirtual2_6264344062',0,'2018-03-02 14:54:08',NULL,0),(137,'playerVirtual5','playerVirtual5_4820217293',0,'2018-03-02 14:54:20',NULL,0),(138,'playerVirtual5','playerVirtual5_4820217293',0,'2018-03-02 14:54:20',NULL,0),(139,'playerVirtual4','playerVirtual4_6c667fef88',3,'2018-03-02 14:54:25',NULL,0),(140,'playerVirtual7','playerVirtual7_fb65b020f2',4,'2018-03-02 14:54:45',NULL,0),(141,'playerVirtual2','playerVirtual2_692af0f5fe',4,'2018-03-02 14:55:08',NULL,0),(142,'playerVirtual5','playerVirtual5_ba3d78178e',3,'2018-03-02 14:55:20',NULL,0),(143,'playerVirtual6','playerVirtual6_2148750930',0,'2018-03-02 14:56:35',NULL,0),(144,'playerVirtual6','playerVirtual6_2148750930',0,'2018-03-02 14:56:35',NULL,0),(145,'playerVirtual3','playerVirtual3_1095593',0,'2018-03-02 14:56:39',NULL,0),(146,'playerVirtual3','playerVirtual3_1095593',0,'2018-03-02 14:56:40',NULL,0),(147,'playerVirtual9','playerVirtual9_82ebc67377',4,'2018-03-02 14:57:28',NULL,0),(148,'playerVirtual6','playerVirtual6_2ad16cae69',4,'2018-03-02 14:57:35',NULL,0),(149,'playerVirtual1729','playerVirtual1729_0dcd4c220e',4,'2018-03-02 14:57:37',NULL,0),(150,'playerVirtual4','playerVirtual4_563574327',0,'2018-03-02 14:57:37',NULL,0),(151,'playerVirtual4','playerVirtual4_563574327',0,'2018-03-02 14:57:38',NULL,0),(152,'playerVirtual3','playerVirtual3_05bd3dd5ac',4,'2018-03-02 14:57:40',NULL,0),(153,'playerVirtual8','playerVirtual8_227443932',0,'2018-03-02 14:57:52',NULL,0),(154,'playerVirtual8','playerVirtual8_227443932',0,'2018-03-02 14:57:52',NULL,0),(155,'playerVirtual2','playerVirtual2_57c0db131f',3,'2018-03-02 14:58:03',NULL,0),(156,'playerVirtual5','playerVirtual5_16915963',0,'2018-03-02 14:58:24',NULL,0),(157,'playerVirtual5','playerVirtual5_16915963',0,'2018-03-02 14:58:24',NULL,0),(158,'playerVirtual4','playerVirtual4_5abda9454f',4,'2018-03-02 14:58:38',NULL,0),(159,'playerVirtual8','playerVirtual8_19609be295',3,'2018-03-02 14:58:52',NULL,0),(160,'playerVirtual5','playerVirtual5_5c3bd40656',4,'2018-03-02 14:59:24',NULL,0),(161,'playerVirtual7','playerVirtual7_765651',0,'2018-03-02 14:59:47',NULL,0),(162,'playerVirtual3','playerVirtual3_6274355716',0,'2018-03-02 15:00:37',NULL,0),(163,'playerVirtual3','playerVirtual3_6274355716',0,'2018-03-02 15:00:37',NULL,0),(164,'playerVirtual7','playerVirtual7_fe82e6dd75',3,'2018-03-02 15:00:47',NULL,0),(165,'playerVirtual8','playerVirtual8_4820204870',0,'2018-03-02 15:01:33',NULL,0),(166,'playerVirtual8','playerVirtual8_4820204870',0,'2018-03-02 15:01:34',NULL,0),(167,'playerVirtual6','playerVirtual6_284757920',0,'2018-03-02 15:01:34',NULL,0),(168,'playerVirtual6','playerVirtual6_284757920',0,'2018-03-02 15:01:35',NULL,0),(169,'playerVirtual3','playerVirtual3_a62787ebb8',3,'2018-03-02 15:01:37',NULL,0),(170,'playerVirtual2','playerVirtual2_38676294',0,'2018-03-02 15:01:59',NULL,0),(171,'playerVirtual2','playerVirtual2_38676294',0,'2018-03-02 15:02:00',NULL,0),(172,'playerVirtual10','playerVirtual10_2082d26ab8',4,'2018-03-02 15:02:24',NULL,0),(173,'playerVirtual8','playerVirtual8_63c7ca6d67',4,'2018-03-02 15:02:34',NULL,0),(174,'playerVirtual6','playerVirtual6_7d5c6200da',3,'2018-03-02 15:02:34',NULL,0),(175,'playerVirtual2','playerVirtual2_e4832352e0',4,'2018-03-02 15:03:00',NULL,0),(176,'playerVirtual9','playerVirtual9_5623125514',0,'2018-03-02 15:03:13',NULL,0),(177,'playerVirtual9','playerVirtual9_5623125514',0,'2018-03-02 15:03:13',NULL,0),(178,'playerVirtual4','playerVirtual4_182859403',0,'2018-03-02 15:03:19',NULL,0),(179,'playerVirtual4','playerVirtual4_182859403',0,'2018-03-02 15:03:19',NULL,0),(180,'playerVirtual1729','playerVirtual1729_272887063',0,'2018-03-02 15:03:25',NULL,0),(181,'playerVirtual9','playerVirtual9_588d390530',3,'2018-03-02 15:04:13',NULL,0),(182,'playerVirtual4','playerVirtual4_37e8075476',3,'2018-03-02 15:04:19',NULL,0),(183,'playerVirtual7','playerVirtual7_990694203',0,'2018-03-02 15:04:24',NULL,0),(184,'playerVirtual1729','playerVirtual1729_10b3b328a4',3,'2018-03-02 15:04:25',NULL,0),(185,'playerVirtual5','playerVirtual5_990694203',0,'2018-03-02 15:04:46',NULL,0),(186,'playerVirtual5','playerVirtual5_990694203',0,'2018-03-02 15:04:46',NULL,0),(187,'playerVirtual7','playerVirtual7_0461dddbe9',4,'2018-03-02 15:05:25',NULL,0),(188,'playerVirtual5','playerVirtual5_d34ab435f5',3,'2018-03-02 15:05:46',NULL,0),(189,'playerVirtual3','playerVirtual3_4820204870',1,'2018-03-02 15:06:48',NULL,0),(190,'playerVirtual3','playerVirtual3_fe717bc030',4,'2018-03-02 15:06:48',NULL,0),(191,'playerVirtual3','playerVirtual3_4820204870',1,'2018-03-02 15:06:48',NULL,0),(192,'playerVirtual11','playerVirtual11_7fc6d92f45',4,'2018-03-02 15:07:28',NULL,0),(193,'playerVirtual6','playerVirtual6_4476462938',0,'2018-03-02 15:07:29',NULL,0),(194,'playerVirtual6','playerVirtual6_4476462938',0,'2018-03-02 15:07:29',NULL,0),(195,'playerVirtual9','playerVirtual9_6282149131',0,'2018-03-02 15:07:31',NULL,0),(196,'playerVirtual9','playerVirtual9_6282149131',0,'2018-03-02 15:07:31',NULL,0),(197,'playerVirtual4','playerVirtual4_182859403',1,'2018-03-02 15:07:46',NULL,0),(198,'playerVirtual4','playerVirtual4_82ce712ff0',4,'2018-03-02 15:07:46',NULL,0),(199,'playerVirtual4','playerVirtual4_182859403',1,'2018-03-02 15:07:47',NULL,0),(200,'playerVirtual2','playerVirtual2_272887063',0,'2018-03-02 15:08:05',NULL,0),(201,'playerVirtual2','playerVirtual2_272887063',0,'2018-03-02 15:08:08',NULL,0),(202,'playerVirtual6','playerVirtual6_4a869daac5',4,'2018-03-02 15:08:29',NULL,0),(203,'playerVirtual9','playerVirtual9_71214ab242',4,'2018-03-02 15:08:31',NULL,0),(204,'playerVirtual8','playerVirtual8_6280643141',0,'2018-03-02 15:08:36',NULL,0),(205,'playerVirtual8','playerVirtual8_6280643141',0,'2018-03-02 15:08:36',NULL,0),(206,'playerVirtual5','playerVirtual5_6895ed389e',4,'2018-03-02 15:08:51',NULL,0),(207,'playerVirtual2','playerVirtual2_48fe549faf',3,'2018-03-02 15:09:04',NULL,0),(208,'playerVirtual8','playerVirtual8_6273fcfb64',3,'2018-03-02 15:09:36',NULL,0),(209,'playerVirtual10','playerVirtual10_6280638724',0,'2018-03-02 15:10:08',NULL,0),(210,'playerVirtual10','playerVirtual10_6280638724',0,'2018-03-02 15:10:08',NULL,0),(211,'playerVirtual7','playerVirtual7_b6e360f938',3,'2018-03-02 15:10:26',NULL,0),(212,'playerVirtual3','playerVirtual3_2359368952',0,'2018-03-02 15:10:40',NULL,0),(213,'playerVirtual3','playerVirtual3_2359368952',0,'2018-03-02 15:10:41',NULL,0),(214,'playerVirtual10','playerVirtual10_71e3f3b6ac',3,'2018-03-02 15:11:08',NULL,0),(215,'playerVirtual3','playerVirtual3_281580012f',3,'2018-03-02 15:11:41',NULL,0),(216,'playerVirtual12','playerVirtual12_71c05bfaa9',4,'2018-03-02 15:12:28',NULL,0),(217,'playerVirtual6','playerVirtual6_1094955',0,'2018-03-02 15:13:01',NULL,0),(218,'playerVirtual6','playerVirtual6_1094955',0,'2018-03-02 15:13:02',NULL,0),(219,'playerVirtual8','playerVirtual8_6285257156',0,'2018-03-02 15:13:26',NULL,0),(220,'playerVirtual8','playerVirtual8_6285257156',0,'2018-03-02 15:13:26',NULL,0),(221,'playerVirtual4','playerVirtual4_214880781',0,'2018-03-02 15:13:45',NULL,0),(222,'playerVirtual4','playerVirtual4_214880781',0,'2018-03-02 15:13:45',NULL,0),(223,'playerVirtual2','playerVirtual2_6641406',0,'2018-03-02 15:13:46',NULL,0),(224,'playerVirtual2','playerVirtual2_6641406',0,'2018-03-02 15:13:47',NULL,0),(225,'playerVirtual10','playerVirtual10_6955737',0,'2018-03-02 15:13:55',NULL,0),(226,'playerVirtual10','playerVirtual10_6955737',0,'2018-03-02 15:13:56',NULL,0),(227,'playerVirtual6','playerVirtual6_3a49a7aba5',3,'2018-03-02 15:14:02',NULL,0),(228,'playerVirtual8','playerVirtual8_0738710a23',4,'2018-03-02 15:14:26',NULL,0),(229,'playerVirtual9','playerVirtual9_16914091',0,'2018-03-02 15:14:43',NULL,0),(230,'playerVirtual9','playerVirtual9_16914091',0,'2018-03-02 15:14:44',NULL,0),(231,'playerVirtual4','playerVirtual4_c3a1b448bb',3,'2018-03-02 15:14:45',NULL,0),(232,'playerVirtual2','playerVirtual2_c74851cdeb',4,'2018-03-02 15:14:47',NULL,0),(233,'playerVirtual10','playerVirtual10_85c6caba55',4,'2018-03-02 15:14:55',NULL,0),(234,'playerVirtual5','playerVirtual5_182859403',0,'2018-03-02 15:15:29',NULL,0),(235,'playerVirtual5','playerVirtual5_182859403',0,'2018-03-02 15:15:29',NULL,0),(236,'playerVirtual11','playerVirtual11_1436323714',0,'2018-03-02 15:15:43',NULL,0),(237,'playerVirtual11','playerVirtual11_1436323714',0,'2018-03-02 15:15:43',NULL,0),(238,'playerVirtual7','playerVirtual7_6955737',0,'2018-03-02 15:15:43',NULL,0),(239,'playerVirtual9','playerVirtual9_763aa5797f',3,'2018-03-02 15:15:43',NULL,0),(240,'playerVirtual1313','playerVirtual1313_45551c8bc8',4,'2018-03-02 15:15:55',NULL,0),(241,'playerVirtual5','playerVirtual5_9b1f7df654',3,'2018-03-02 15:16:31',NULL,0),(242,'playerVirtual11','playerVirtual11_bc28f66e21',3,'2018-03-02 15:16:43',NULL,0),(243,'playerVirtual7','playerVirtual7_f4866a2caa',4,'2018-03-02 15:16:43',NULL,0),(244,'playerVirtual13','playerVirtual13_1ae4148f0e',4,'2018-03-02 15:17:30',NULL,0),(245,'playerVirtual3','playerVirtual3_1438244924',0,'2018-03-02 15:18:26',NULL,0),(246,'playerVirtual3','playerVirtual3_1438244924',0,'2018-03-02 15:18:26',NULL,0),(247,'playerVirtual3','playerVirtual3_a3b3156f93',4,'2018-03-02 15:19:26',NULL,0),(248,'playerVirtual4','playerVirtual4_6289355687',0,'2018-03-02 15:20:10',NULL,0),(249,'playerVirtual4','playerVirtual4_6289355687',0,'2018-03-02 15:20:10',NULL,0),(250,'playerVirtual6','playerVirtual6_2381571381',0,'2018-03-02 15:20:17',NULL,0),(251,'playerVirtual6','playerVirtual6_2381571381',0,'2018-03-02 15:20:17',NULL,0),(252,'playerVirtual2','playerVirtual2_8087988ed9',3,'2018-03-02 15:20:23',NULL,0),(253,'playerVirtual9','playerVirtual9_6289704471',0,'2018-03-02 15:21:02',NULL,0),(254,'playerVirtual9','playerVirtual9_6289704471',0,'2018-03-02 15:21:02',NULL,0),(255,'playerVirtual11','playerVirtual11_990694203',0,'2018-03-02 15:21:02',NULL,0),(256,'playerVirtual11','playerVirtual11_990694203',0,'2018-03-02 15:21:03',NULL,0),(257,'playerVirtual4','playerVirtual4_bf05241149',4,'2018-03-02 15:21:10',NULL,0),(258,'playerVirtual6','playerVirtual6_68a0f38b60',4,'2018-03-02 15:21:17',NULL,0),(259,'playerVirtual8','playerVirtual8_2378747961',0,'2018-03-02 15:21:26',NULL,0),(260,'playerVirtual8','playerVirtual8_2378747961',0,'2018-03-02 15:21:27',NULL,0),(261,'playerVirtual7','playerVirtual7_08c2def985',3,'2018-03-02 15:21:47',NULL,0),(262,'playerVirtual5','playerVirtual5_794070039',0,'2018-03-02 15:21:47',NULL,0),(263,'playerVirtual5','playerVirtual5_794070039',0,'2018-03-02 15:21:47',NULL,0),(264,'playerVirtual9','playerVirtual9_7293384848',4,'2018-03-02 15:22:02',NULL,0),(265,'playerVirtual11','playerVirtual11_8689451781',4,'2018-03-02 15:22:03',NULL,0),(266,'playerVirtual12','playerVirtual12_3338579772',0,'2018-03-02 15:22:07',NULL,0),(267,'playerVirtual12','playerVirtual12_3338579772',0,'2018-03-02 15:22:07',NULL,0),(268,'playerVirtual14','playerVirtual14_6444d2b0fd',4,'2018-03-02 15:22:26',NULL,0),(269,'playerVirtual8','playerVirtual8_609b54dbd8',3,'2018-03-02 15:22:26',NULL,0),(270,'playerVirtual5','playerVirtual5_2b232325d0',4,'2018-03-02 15:22:50',NULL,0),(271,'playerVirtual12','playerVirtual12_b2b6a71dce',3,'2018-03-02 15:23:07',NULL,0),(272,'playerVirtual3','playerVirtual3_3338579772',1,'2018-03-02 15:23:20',NULL,0),(273,'playerVirtual3','playerVirtual3_e879de49c2',3,'2018-03-02 15:23:20',NULL,0),(274,'playerVirtual3','playerVirtual3_3338579772',1,'2018-03-02 15:23:20',NULL,0),(275,'playerVirtual10','playerVirtual10_1438244924',0,'2018-03-02 15:23:36',NULL,0),(276,'playerVirtual10','playerVirtual10_1438244924',0,'2018-03-02 15:23:36',NULL,0),(277,'playerVirtual10','playerVirtual10_c6b02457ea',3,'2018-03-02 15:24:36',NULL,0),(278,'playerVirtual2','playerVirtual2_1438244924',1,'2018-03-02 15:25:24',NULL,0),(279,'playerVirtual2','playerVirtual2_aaeca890de',4,'2018-03-02 15:25:25',NULL,0),(280,'playerVirtual2','playerVirtual2_1438244924',1,'2018-03-02 15:25:25',NULL,0),(281,'playerVirtual1313','playerVirtual1313_1436344784',0,'2018-03-02 15:26:42',NULL,0),(282,'playerVirtual15','playerVirtual15_53e7710e43',4,'2018-03-02 15:27:26',NULL,0),(283,'playerVirtual1313','playerVirtual1313_59a77484f5',3,'2018-03-02 15:27:43',NULL,0),(284,'playerVirtual8','playerVirtual8_2378747961',1,'2018-03-02 15:27:45',NULL,0),(285,'playerVirtual8','playerVirtual8_7197a72175',4,'2018-03-02 15:27:45',NULL,0),(286,'playerVirtual8','playerVirtual8_2378747961',1,'2018-03-02 15:27:46',NULL,0),(287,'playerVirtual4','playerVirtual4_6296865278',0,'2018-03-02 15:29:51',NULL,0),(288,'playerVirtual4','playerVirtual4_6296865278',0,'2018-03-02 15:29:51',NULL,0),(289,'playerVirtual6','playerVirtual6_182859403',0,'2018-03-02 15:30:12',NULL,0),(290,'playerVirtual6','playerVirtual6_182859403',0,'2018-03-02 15:30:12',NULL,0),(291,'playerVirtual11','playerVirtual11_d155531bb7',3,'2018-03-02 15:30:17',NULL,0),(292,'playerVirtual13','playerVirtual13_6296268057',0,'2018-03-02 15:30:22',NULL,0),(293,'playerVirtual13','playerVirtual13_6296268057',0,'2018-03-02 15:30:23',NULL,0),(294,'playerVirtual12','playerVirtual12_5297461910',0,'2018-03-02 15:30:34',NULL,0),(295,'playerVirtual12','playerVirtual12_5297461910',0,'2018-03-02 15:30:34',NULL,0),(296,'playerVirtual4','playerVirtual4_fca1d22a31',3,'2018-03-02 15:30:51',NULL,0),(297,'playerVirtual3','playerVirtual3_8e4324b431',4,'2018-03-02 15:30:54',NULL,0),(298,'playerVirtual2','playerVirtual2_db24cc3297',3,'2018-03-02 15:31:14',NULL,0),(299,'playerVirtual6','playerVirtual6_4a270cf919',3,'2018-03-02 15:31:14',NULL,0),(300,'playerVirtual13','playerVirtual13_a39fe4fea7',3,'2018-03-02 15:31:23',NULL,0),(301,'playerVirtual12','playerVirtual12_1200934db8',4,'2018-03-02 15:31:34',NULL,0),(302,'playerVirtual16','playerVirtual16_5313ed4e1d',4,'2018-03-02 15:32:24',NULL,0),(303,'playerVirtual7','playerVirtual7_6264344062',0,'2018-03-02 15:32:31',NULL,0),(304,'playerVirtual5','playerVirtual5_182859403',1,'2018-03-02 15:32:38',NULL,0),(305,'playerVirtual5','playerVirtual5_78b1dbd9c8',3,'2018-03-02 15:32:38',NULL,0),(306,'playerVirtual5','playerVirtual5_182859403',1,'2018-03-02 15:32:38',NULL,0),(307,'playerVirtual9','playerVirtual9_990694203',0,'2018-03-02 15:32:42',NULL,0),(308,'playerVirtual9','playerVirtual9_990694203',0,'2018-03-02 15:32:43',NULL,0),(309,'playerVirtual7','playerVirtual7_f6fe9f2ac4',4,'2018-03-02 15:33:32',NULL,0),(310,'playerVirtual9','playerVirtual9_648b329c1c',3,'2018-03-02 15:33:43',NULL,0),(311,'playerVirtual10','playerVirtual10_6289704471',0,'2018-03-02 15:34:00',NULL,0),(312,'playerVirtual10','playerVirtual10_6289704471',0,'2018-03-02 15:34:01',NULL,0),(313,'playerVirtual10','playerVirtual10_04e3b53883',4,'2018-03-02 15:35:01',NULL,0),(314,'playerVirtual3','playerVirtual3_1095593',1,'2018-03-02 15:35:29',NULL,0),(315,'playerVirtual3','playerVirtual3_ac529a3295',3,'2018-03-02 15:35:29',NULL,0),(316,'playerVirtual3','playerVirtual3_1095593',1,'2018-03-02 15:35:30',NULL,0),(317,'playerVirtual2','playerVirtual2_6264344062',1,'2018-03-02 15:37:05',NULL,0),(318,'playerVirtual2','playerVirtual2_0f4483b409',4,'2018-03-02 15:37:05',NULL,0),(319,'playerVirtual2','playerVirtual2_6264344062',1,'2018-03-02 15:37:06',NULL,0),(320,'playerVirtual17','playerVirtual17_da6488de74',4,'2018-03-02 15:37:25',NULL,0),(321,'playerVirtual6','playerVirtual6_182859403',1,'2018-03-02 15:37:27',NULL,0),(322,'playerVirtual6','playerVirtual6_83c429e65b',4,'2018-03-02 15:37:27',NULL,0),(323,'playerVirtual6','playerVirtual6_182859403',1,'2018-03-02 15:37:27',NULL,0),(324,'playerVirtual1877','playerVirtual1877_d73f2df3cc',4,'2018-03-02 15:37:45',NULL,0),(325,'playerVirtual14','playerVirtual14_6301942525',0,'2018-03-02 15:37:46',NULL,0),(326,'playerVirtual14','playerVirtual14_3cbfd3ebf2',3,'2018-03-02 15:38:46',NULL,0),(327,'playerVirtual13','playerVirtual13_4246147567',0,'2018-03-02 15:38:59',NULL,0),(328,'playerVirtual13','playerVirtual13_4246147567',0,'2018-03-02 15:39:00',NULL,0),(329,'playerVirtual9','playerVirtual9_990694203',1,'2018-03-02 15:39:01',NULL,0),(330,'playerVirtual9','playerVirtual9_5214bf8388',4,'2018-03-02 15:39:01',NULL,0),(331,'playerVirtual9','playerVirtual9_990694203',1,'2018-03-02 15:39:01',NULL,0),(332,'playerVirtual13','playerVirtual13_3ec6886b51',4,'2018-03-02 15:39:59',NULL,0),(333,'playerVirtual7','playerVirtual7_c28703c0d0',3,'2018-03-02 15:40:21',NULL,0),(334,'playerVirtual5','playerVirtual5_904011',1,'2018-03-02 15:40:52',NULL,0),(335,'playerVirtual5','playerVirtual5_056a27cd0b',4,'2018-03-02 15:40:53',NULL,0),(336,'playerVirtual5','playerVirtual5_904011',1,'2018-03-02 15:40:53',NULL,0),(337,'playerVirtual11','playerVirtual11_908315',0,'2018-03-02 15:40:57',NULL,0),(338,'playerVirtual11','playerVirtual11_908315',0,'2018-03-02 15:40:58',NULL,0),(339,'playerVirtual4','playerVirtual4_539194189',0,'2018-03-02 15:41:10',NULL,0),(340,'playerVirtual4','playerVirtual4_539194189',0,'2018-03-02 15:41:11',NULL,0),(341,'playerVirtual8','playerVirtual8_182859403',0,'2018-03-02 15:41:19',NULL,0),(342,'playerVirtual8','playerVirtual8_182859403',0,'2018-03-02 15:41:19',NULL,0),(343,'playerVirtual11','playerVirtual11_94914f1d6f',4,'2018-03-02 15:41:58',NULL,0),(344,'playerVirtual4','playerVirtual4_0ed9f4785e',4,'2018-03-02 15:42:11',NULL,0),(345,'playerVirtual8','playerVirtual8_daed617144',3,'2018-03-02 15:42:19',NULL,0),(346,'playerVirtual18','playerVirtual18_b77b7fd0e9',4,'2018-03-02 15:42:31',NULL,0),(347,'playerVirtual2','playerVirtual2_1436344784',1,'2018-03-02 15:42:58',NULL,0),(348,'playerVirtual2','playerVirtual2_776613ae66',3,'2018-03-02 15:42:58',NULL,0),(349,'playerVirtual2','playerVirtual2_1436344784',1,'2018-03-02 15:42:58',NULL,0),(350,'playerVirtual15','playerVirtual15_1095593',0,'2018-03-02 15:44:38',NULL,0),(351,'playerVirtual3','playerVirtual3_6274355716',1,'2018-03-02 15:44:45',NULL,0),(352,'playerVirtual3','playerVirtual3_3aa06f4175',4,'2018-03-02 15:44:45',NULL,0),(353,'playerVirtual3','playerVirtual3_6274355716',1,'2018-03-02 15:44:45',NULL,0),(354,'playerVirtual10','playerVirtual10_6289704471',1,'2018-03-02 15:44:46',NULL,0),(355,'playerVirtual10','playerVirtual10_89fa8afbce',3,'2018-03-02 15:44:46',NULL,0),(356,'playerVirtual10','playerVirtual10_6289704471',1,'2018-03-02 15:44:46',NULL,0),(357,'playerVirtual12','playerVirtual12_6289704471',0,'2018-03-02 15:44:58',NULL,0),(358,'playerVirtual12','playerVirtual12_6289704471',0,'2018-03-02 15:44:58',NULL,0),(359,'playerVirtual14','playerVirtual14_4246147567',0,'2018-03-02 15:45:01',NULL,0),(360,'playerVirtual14','playerVirtual14_4246147567',0,'2018-03-02 15:45:01',NULL,0),(361,'playerVirtual15','playerVirtual15_dc72691199',3,'2018-03-02 15:45:38',NULL,0),(362,'playerVirtual12','playerVirtual12_e576d21552',3,'2018-03-02 15:46:00',NULL,0),(363,'playerVirtual14','playerVirtual14_ea24e796e5',4,'2018-03-02 15:46:03',NULL,0),(364,'playerVirtual15','playerVirtual15_d2a049ea1e',4,'2018-03-02 15:46:53',NULL,0),(365,'playerVirtual19','playerVirtual19_717eaf526a',4,'2018-03-02 15:47:27',NULL,0),(366,'playerVirtual8','playerVirtual8_4246147567',0,'2018-03-02 15:50:47',NULL,0),(367,'playerVirtual8','playerVirtual8_4246147567',0,'2018-03-02 15:50:47',NULL,0),(368,'playerVirtual9','playerVirtual9_6289704471',1,'2018-03-02 15:51:04',NULL,0),(369,'playerVirtual9','playerVirtual9_dee5db29fb',3,'2018-03-02 15:51:05',NULL,0),(370,'playerVirtual9','playerVirtual9_6289704471',1,'2018-03-02 15:51:05',NULL,0),(371,'playerVirtual8','playerVirtual8_6f4b78020a',4,'2018-03-02 15:51:47',NULL,0),(372,'playerVirtual16','playerVirtual16_4246147567',0,'2018-03-02 15:52:21',NULL,0),(373,'playerVirtual6','playerVirtual6_4246147567',0,'2018-03-02 15:52:32',NULL,0),(374,'playerVirtual6','playerVirtual6_4246147567',0,'2018-03-02 15:52:32',NULL,0),(375,'playerVirtual13','playerVirtual13_4246147567',1,'2018-03-02 15:52:53',NULL,0),(376,'playerVirtual13','playerVirtual13_dc084f6d18',3,'2018-03-02 15:52:53',NULL,0),(377,'playerVirtual13','playerVirtual13_4246147567',1,'2018-03-02 15:52:53',NULL,0),(378,'playerVirtual11','playerVirtual11_6316827871',0,'2018-03-02 15:53:13',NULL,0),(379,'playerVirtual11','playerVirtual11_6316827871',0,'2018-03-02 15:53:13',NULL,0),(380,'playerVirtual16','playerVirtual16_daaa363738',3,'2018-03-02 15:53:22',NULL,0),(381,'playerVirtual6','playerVirtual6_cd649fbd69',3,'2018-03-02 15:53:32',NULL,0),(382,'playerVirtual4','playerVirtual4_5068098508',0,'2018-03-02 15:53:50',NULL,0),(383,'playerVirtual4','playerVirtual4_5068098508',0,'2018-03-02 15:53:50',NULL,0),(384,'playerVirtual11','playerVirtual11_dff471db4a',3,'2018-03-02 15:54:13',NULL,0),(385,'playerVirtual16','playerVirtual16_4feed13d11',4,'2018-03-02 15:54:21',NULL,0),(386,'playerVirtual5','playerVirtual5_2378747961',0,'2018-03-02 15:54:34',NULL,0),(387,'playerVirtual5','playerVirtual5_2378747961',0,'2018-03-02 15:54:34',NULL,0),(388,'playerVirtual4','playerVirtual4_f49b1cb094',3,'2018-03-02 15:54:50',NULL,0),(389,'playerVirtual7','playerVirtual7_4246147567',0,'2018-03-02 15:55:18',NULL,0),(390,'playerVirtual12','playerVirtual12_4246147567',0,'2018-03-02 15:55:29',NULL,0),(391,'playerVirtual12','playerVirtual12_4246147567',0,'2018-03-02 15:55:32',NULL,0),(392,'playerVirtual5','playerVirtual5_4b884c2778',3,'2018-03-02 15:55:34',NULL,0),(393,'playerVirtual2','playerVirtual2_82fbfd21c9',4,'2018-03-02 15:55:46',NULL,0),(394,'playerVirtual7','playerVirtual7_8d9ba7ab0a',4,'2018-03-02 15:56:18',NULL,0),(395,'playerVirtual12','playerVirtual12_961f23551e',4,'2018-03-02 15:56:27',NULL,0),(396,'playerVirtual17','playerVirtual17_4246147567',0,'2018-03-02 15:57:37',NULL,0),(397,'playerVirtual17','playerVirtual17_4246147567',0,'2018-03-02 15:57:39',NULL,0),(398,'playerVirtual10','playerVirtual10_4246147567',0,'2018-03-02 15:57:39',NULL,0),(399,'playerVirtual10','playerVirtual10_4246147567',0,'2018-03-02 15:57:40',NULL,0),(400,'playerVirtual3','playerVirtual3_4246147567',0,'2018-03-02 15:57:54',NULL,0),(401,'playerVirtual3','playerVirtual3_4246147567',0,'2018-03-02 15:57:54',NULL,0),(402,'playerVirtual17','playerVirtual17_9ea08e80e0',3,'2018-03-02 15:58:34',NULL,0),(403,'playerVirtual10','playerVirtual10_64c318a6c4',4,'2018-03-02 15:58:42',NULL,0),(404,'playerVirtual3','playerVirtual3_4384e59122',3,'2018-03-02 15:58:54',NULL,0),(405,'playerVirtual17','playerVirtual17_4246147567',1,'2018-03-02 15:59:35',NULL,0),(406,'playerVirtual17','playerVirtual17_784155c047',4,'2018-03-02 15:59:35',NULL,0),(407,'playerVirtual17','playerVirtual17_4246147567',1,'2018-03-02 15:59:35',NULL,0),(408,'playerVirtual6','playerVirtual6_4246147567',1,'2018-03-02 15:59:47',NULL,0),(409,'playerVirtual6','playerVirtual6_c038350d96',4,'2018-03-02 15:59:47',NULL,0),(410,'playerVirtual6','playerVirtual6_4246147567',1,'2018-03-02 15:59:48',NULL,0),(411,'playerVirtual1208','playerVirtual1208_f695a199bc',4,'2018-03-02 16:00:13',NULL,0),(412,'playerVirtual14','playerVirtual14_4246147567',1,'2018-03-02 16:01:20',NULL,0),(413,'playerVirtual14','playerVirtual14_05d3a7297f',3,'2018-03-02 16:01:21',NULL,0),(414,'playerVirtual14','playerVirtual14_4246147567',1,'2018-03-02 16:01:21',NULL,0),(415,'playerVirtual9','playerVirtual9_1095593',0,'2018-03-02 16:02:27',NULL,0),(416,'playerVirtual9','playerVirtual9_1095593',0,'2018-03-02 16:02:27',NULL,0),(417,'playerVirtual7','playerVirtual7_da06eb7eba',3,'2018-03-02 16:03:08',NULL,0),(418,'playerVirtual9','playerVirtual9_b730587298',4,'2018-03-02 16:03:27',NULL,0),(419,'playerVirtual13','playerVirtual13_6322213339',0,'2018-03-02 16:03:28',NULL,0),(420,'playerVirtual13','playerVirtual13_6322213339',0,'2018-03-02 16:03:29',NULL,0),(421,'playerVirtual18','playerVirtual18_990694203',0,'2018-03-02 16:03:57',NULL,0),(422,'playerVirtual18','playerVirtual18_990694203',0,'2018-03-02 16:04:00',NULL,0),(423,'playerVirtual13','playerVirtual13_4160e9baef',4,'2018-03-02 16:04:28',NULL,0),(424,'playerVirtual18','playerVirtual18_c6ae99ba69',3,'2018-03-02 16:04:54',NULL,0),(425,'playerVirtual8','playerVirtual8_4246147567',1,'2018-03-02 16:05:20',NULL,0),(426,'playerVirtual8','playerVirtual8_a27d6fa9e2',3,'2018-03-02 16:05:20',NULL,0),(427,'playerVirtual8','playerVirtual8_4246147567',1,'2018-03-02 16:05:20',NULL,0),(428,'playerVirtual5','playerVirtual5_4246147567',0,'2018-03-02 16:05:41',NULL,0),(429,'playerVirtual5','playerVirtual5_4246147567',0,'2018-03-02 16:05:41',NULL,0),(430,'playerVirtual18','playerVirtual18_990694203',1,'2018-03-02 16:05:55',NULL,0),(431,'playerVirtual18','playerVirtual18_6ce7f5a1ef',4,'2018-03-02 16:05:55',NULL,0),(432,'playerVirtual18','playerVirtual18_990694203',1,'2018-03-02 16:05:56',NULL,0),(433,'playerVirtual4','playerVirtual4_359920779',1,'2018-03-02 16:06:11',NULL,0),(434,'playerVirtual4','playerVirtual4_87baba000f',4,'2018-03-02 16:06:11',NULL,0),(435,'playerVirtual4','playerVirtual4_359920779',1,'2018-03-02 16:06:11',NULL,0),(436,'playerVirtual11','playerVirtual11_4246147567',0,'2018-03-02 16:06:32',NULL,0),(437,'playerVirtual11','playerVirtual11_4246147567',0,'2018-03-02 16:06:32',NULL,0),(438,'playerVirtual5','playerVirtual5_88ed5754d0',4,'2018-03-02 16:06:41',NULL,0),(439,'playerVirtual2','playerVirtual2_4246147567',0,'2018-03-02 16:06:59',NULL,0),(440,'playerVirtual2','playerVirtual2_4246147567',0,'2018-03-02 16:06:59',NULL,0),(441,'playerVirtual11','playerVirtual11_706e5bc5d7',4,'2018-03-02 16:07:32',NULL,0),(442,'playerVirtual2','playerVirtual2_6862bc0ffc',3,'2018-03-02 16:07:59',NULL,0),(443,'playerVirtual3','playerVirtual3_4246147567',1,'2018-03-02 16:08:13',NULL,0),(444,'playerVirtual3','playerVirtual3_767f40361d',4,'2018-03-02 16:08:13',NULL,0),(445,'playerVirtual3','playerVirtual3_4246147567',1,'2018-03-02 16:08:13',NULL,0),(446,'playerVirtual10','playerVirtual10_4246147567',1,'2018-03-02 16:08:24',NULL,0),(447,'playerVirtual10','playerVirtual10_59065d9c7c',3,'2018-03-02 16:08:24',NULL,0),(448,'playerVirtual10','playerVirtual10_4246147567',1,'2018-03-02 16:08:25',NULL,0),(449,'playerVirtual15','playerVirtual15_4246147567',0,'2018-03-02 16:08:45',NULL,0),(450,'playerVirtual15','playerVirtual15_4246147567',0,'2018-03-02 16:08:46',NULL,0),(451,'playerVirtual15','playerVirtual15_c1316cc571',3,'2018-03-02 16:09:45',NULL,0),(452,'playerVirtual19','playerVirtual19_4246147567',0,'2018-03-02 16:09:47',NULL,0),(453,'playerVirtual19','playerVirtual19_4246147567',0,'2018-03-02 16:09:47',NULL,0),(454,'playerVirtual12','playerVirtual12_4246147567',1,'2018-03-02 16:09:50',NULL,0),(455,'playerVirtual12','playerVirtual12_9bcc9f285b',3,'2018-03-02 16:09:50',NULL,0),(456,'playerVirtual12','playerVirtual12_4246147567',1,'2018-03-02 16:09:50',NULL,0),(457,'playerVirtual19','playerVirtual19_11290497cf',3,'2018-03-02 16:10:47',NULL,0),(458,'playerVirtual14','playerVirtual14_4246147567',0,'2018-03-02 16:10:53',NULL,0),(459,'playerVirtual14','playerVirtual14_edf8729c9f',4,'2018-03-02 16:10:53',NULL,0),(460,'playerVirtual14','playerVirtual14_4246147567',0,'2018-03-02 16:10:53',NULL,0),(461,'playerVirtual15','playerVirtual15_4246147567',1,'2018-03-02 16:10:59',NULL,0),(462,'playerVirtual15','playerVirtual15_34c588cb36',4,'2018-03-02 16:10:59',NULL,0),(463,'playerVirtual15','playerVirtual15_4246147567',1,'2018-03-02 16:11:00',NULL,0),(464,'playerVirtual19','playerVirtual19_4246147567',1,'2018-03-02 16:11:48',NULL,0),(465,'playerVirtual19','playerVirtual19_30835cc02a',4,'2018-03-02 16:11:49',NULL,0),(466,'playerVirtual19','playerVirtual19_4246147567',1,'2018-03-02 16:11:49',NULL,0),(467,'playerVirtual16','playerVirtual16_359920779',0,'2018-03-02 16:17:02',NULL,0),(468,'playerVirtual16','playerVirtual16_359920779',0,'2018-03-02 16:17:02',NULL,0),(469,'playerVirtual8','playerVirtual8_4246147567',0,'2018-03-02 16:17:31',NULL,0),(470,'playerVirtual8','playerVirtual8_9d1f6b51e6',4,'2018-03-02 16:17:31',NULL,0),(471,'playerVirtual8','playerVirtual8_4246147567',0,'2018-03-02 16:17:31',NULL,0),(472,'playerVirtual9','playerVirtual9_4246147567',0,'2018-03-02 16:17:36',NULL,0),(473,'playerVirtual9','playerVirtual9_4246147567',0,'2018-03-02 16:17:36',NULL,0),(474,'playerVirtual6','playerVirtual6_4246147567',0,'2018-03-02 16:18:00',NULL,0),(475,'playerVirtual6','playerVirtual6_06da357b32',3,'2018-03-02 16:18:00',NULL,0),(476,'playerVirtual6','playerVirtual6_4246147567',0,'2018-03-02 16:18:00',NULL,0),(477,'playerVirtual16','playerVirtual16_f785a7b082',3,'2018-03-02 16:18:02',NULL,0),(478,'playerVirtual9','playerVirtual9_f205ae685d',3,'2018-03-02 16:18:36',NULL,0),(479,'playerVirtual11','playerVirtual11_4246147567',1,'2018-03-02 16:18:49',NULL,0),(480,'playerVirtual11','playerVirtual11_b6473b86d8',3,'2018-03-02 16:18:49',NULL,0),(481,'playerVirtual11','playerVirtual11_4246147567',1,'2018-03-02 16:18:49',NULL,0),(482,'playerVirtual4','playerVirtual4_5068098508',1,'2018-03-02 16:19:31',NULL,0),(483,'playerVirtual4','playerVirtual4_0689a324a8',3,'2018-03-02 16:19:31',NULL,0),(484,'playerVirtual4','playerVirtual4_5068098508',1,'2018-03-02 16:19:31',NULL,0),(485,'playerVirtual13','playerVirtual13_6335261139',0,'2018-03-02 16:19:36',NULL,0),(486,'playerVirtual13','playerVirtual13_6335261139',0,'2018-03-02 16:19:36',NULL,0),(487,'playerVirtual5','playerVirtual5_4246147567',1,'2018-03-02 16:20:22',NULL,0),(488,'playerVirtual5','playerVirtual5_8d0578adbc',3,'2018-03-02 16:20:22',NULL,0),(489,'playerVirtual5','playerVirtual5_4246147567',1,'2018-03-02 16:20:23',NULL,0),(490,'playerVirtual13','playerVirtual13_18a183f03e',3,'2018-03-02 16:20:36',NULL,0),(491,'playerVirtual2','playerVirtual2_4246147567',1,'2018-03-02 16:20:48',NULL,0),(492,'playerVirtual2','playerVirtual2_89a02f553c',4,'2018-03-02 16:20:49',NULL,0),(493,'playerVirtual2','playerVirtual2_4246147567',1,'2018-03-02 16:20:53',NULL,0),(494,'playerVirtual7','playerVirtual7_4246147567',0,'2018-03-02 16:21:24',NULL,0),(495,'playerVirtual7','playerVirtual7_3634989f00',4,'2018-03-02 16:21:24',NULL,0),(496,'playerVirtual16','playerVirtual16_4246147567',0,'2018-03-02 16:22:39',NULL,0),(497,'playerVirtual16','playerVirtual16_315f109e44',4,'2018-03-02 16:22:40',NULL,0),(498,'playerVirtual16','playerVirtual16_4246147567',0,'2018-03-02 16:22:40',NULL,0),(499,'playerVirtual17','playerVirtual17_4246147567',0,'2018-03-02 16:22:48',NULL,0),(500,'playerVirtual17','playerVirtual17_3f801bd0ca',3,'2018-03-02 16:22:49',NULL,0),(501,'playerVirtual17','playerVirtual17_4246147567',0,'2018-03-02 16:22:49',NULL,0),(502,'playerVirtual12','playerVirtual12_4246147567',0,'2018-03-02 16:23:05',NULL,0),(503,'playerVirtual12','playerVirtual12_80faddad6b',4,'2018-03-02 16:23:06',NULL,0),(504,'playerVirtual12','playerVirtual12_4246147567',0,'2018-03-02 16:23:06',NULL,0),(505,'playerVirtual17','playerVirtual17_4246147567',1,'2018-03-02 16:23:50',NULL,0),(506,'playerVirtual17','playerVirtual17_36e018ae5b',4,'2018-03-02 16:23:50',NULL,0),(507,'playerVirtual17','playerVirtual17_4246147567',1,'2018-03-02 16:23:50',NULL,0),(508,'playerVirtual6','playerVirtual6_4246147567',1,'2018-03-02 16:24:15',NULL,0),(509,'playerVirtual6','playerVirtual6_0cc06e4635',4,'2018-03-02 16:24:16',NULL,0),(510,'playerVirtual6','playerVirtual6_4246147567',1,'2018-03-02 16:24:16',NULL,0),(511,'playerVirtual10','playerVirtual10_4246147567',0,'2018-03-02 16:25:07',NULL,0),(512,'playerVirtual10','playerVirtual10_9110a2976b',4,'2018-03-02 16:25:07',NULL,0),(513,'playerVirtual3','playerVirtual3_4246147567',0,'2018-03-02 16:25:08',NULL,0),(514,'playerVirtual3','playerVirtual3_728061c12a',3,'2018-03-02 16:25:08',NULL,0),(515,'playerVirtual10','playerVirtual10_4246147567',0,'2018-03-02 16:25:11',NULL,0),(516,'playerVirtual3','playerVirtual3_4246147567',0,'2018-03-02 16:25:11',NULL,0),(517,'playerVirtual1178','playerVirtual1178_27eff2fd16',4,'2018-03-02 16:25:58',NULL,0),(518,'playerVirtual14','playerVirtual14_4246147567',1,'2018-03-02 16:26:14',NULL,0),(519,'playerVirtual14','playerVirtual14_a6aa260a3f',3,'2018-03-02 16:26:15',NULL,0),(520,'playerVirtual14','playerVirtual14_4246147567',1,'2018-03-02 16:26:15',NULL,0),(521,'playerVirtual7','playerVirtual7_4e7ac1ceb9',3,'2018-03-02 16:28:14',NULL,0),(522,'playerVirtual9','playerVirtual9_4246147567',1,'2018-03-02 16:29:58',NULL,0),(523,'playerVirtual9','playerVirtual9_471a137358',4,'2018-03-02 16:29:59',NULL,0),(524,'playerVirtual9','playerVirtual9_4246147567',1,'2018-03-02 16:29:59',NULL,0),(525,'playerVirtual18','playerVirtual18_4246147567',0,'2018-03-02 16:30:52',NULL,0),(526,'playerVirtual18','playerVirtual18_4246147567',0,'2018-03-02 16:30:52',NULL,0),(527,'playerVirtual8','playerVirtual8_4246147567',1,'2018-03-02 16:31:04',NULL,0),(528,'playerVirtual8','playerVirtual8_73f22dde1f',3,'2018-03-02 16:31:04',NULL,0),(529,'playerVirtual8','playerVirtual8_4246147567',1,'2018-03-02 16:31:04',NULL,0),(530,'playerVirtual18','playerVirtual18_61b66f675d',3,'2018-03-02 16:31:52',NULL,0),(531,'playerVirtual18','playerVirtual18_ac0416be1f',4,'2018-03-02 16:32:53',NULL,0),(532,'playerVirtual13','playerVirtual13_4246147567',0,'2018-03-02 16:33:29',NULL,0),(533,'playerVirtual13','playerVirtual13_e26fb8c356',4,'2018-03-02 16:33:30',NULL,0),(534,'playerVirtual13','playerVirtual13_4246147567',0,'2018-03-02 16:33:30',NULL,0),(535,'playerVirtual4','playerVirtual4_4246147567',0,'2018-03-02 16:33:58',NULL,0),(536,'playerVirtual4','playerVirtual4_4246147567',0,'2018-03-02 16:33:58',NULL,0),(537,'playerVirtual3','playerVirtual3_4246147567',1,'2018-03-02 16:34:21',NULL,0),(538,'playerVirtual3','playerVirtual3_53254afc8e',4,'2018-03-02 16:34:21',NULL,0),(539,'playerVirtual3','playerVirtual3_4246147567',1,'2018-03-02 16:34:22',NULL,0),(540,'playerVirtual5','playerVirtual5_990694203',0,'2018-03-02 16:34:28',NULL,0),(541,'playerVirtual5','playerVirtual5_4fa72f1489',4,'2018-03-02 16:34:28',NULL,0),(542,'playerVirtual5','playerVirtual5_990694203',0,'2018-03-02 16:34:28',NULL,0),(543,'playerVirtual10','playerVirtual10_4246147567',1,'2018-03-02 16:34:49',NULL,0),(544,'playerVirtual10','playerVirtual10_cbd5fc6d4c',3,'2018-03-02 16:34:50',NULL,0),(545,'playerVirtual10','playerVirtual10_4246147567',1,'2018-03-02 16:34:50',NULL,0),(546,'playerVirtual4','playerVirtual4_e4bb315e0c',4,'2018-03-02 16:34:58',NULL,0),(547,'playerVirtual11','playerVirtual11_6344084916',0,'2018-03-02 16:35:08',NULL,0),(548,'playerVirtual11','playerVirtual11_6344084916',0,'2018-03-02 16:35:08',NULL,0),(549,'playerVirtual11','playerVirtual11_ccffbfb5c4',4,'2018-03-02 16:36:08',NULL,0),(550,'playerVirtual2','playerVirtual2_4246147567',0,'2018-03-02 16:36:12',NULL,0),(551,'playerVirtual2','playerVirtual2_7079ee85fd',3,'2018-03-02 16:36:12',NULL,0),(552,'playerVirtual2','playerVirtual2_4246147567',0,'2018-03-02 16:36:12',NULL,0),(553,'playerVirtual12','playerVirtual12_4246147567',1,'2018-03-02 16:36:29',NULL,0),(554,'playerVirtual12','playerVirtual12_a8daa93fff',3,'2018-03-02 16:36:29',NULL,0),(555,'playerVirtual12','playerVirtual12_4246147567',1,'2018-03-02 16:36:29',NULL,0),(556,'playerVirtual15','playerVirtual15_4246147567',0,'2018-03-02 16:36:38',NULL,0),(557,'playerVirtual15','playerVirtual15_161702f785',3,'2018-03-02 16:36:38',NULL,0),(558,'playerVirtual15','playerVirtual15_4246147567',0,'2018-03-02 16:36:39',NULL,0),(559,'playerVirtual15','playerVirtual15_4246147567',1,'2018-03-02 16:37:53',NULL,0),(560,'playerVirtual15','playerVirtual15_532bb99e39',4,'2018-03-02 16:37:53',NULL,0),(561,'playerVirtual15','playerVirtual15_4246147567',1,'2018-03-02 16:37:53',NULL,0),(562,'playerVirtual19','playerVirtual19_4246147567',0,'2018-03-02 16:37:54',NULL,0),(563,'playerVirtual19','playerVirtual19_4cd3a69d85',3,'2018-03-02 16:37:54',NULL,0),(564,'playerVirtual19','playerVirtual19_4246147567',0,'2018-03-02 16:37:55',NULL,0),(565,'playerVirtual19','playerVirtual19_4246147567',1,'2018-03-02 16:38:58',NULL,0),(566,'playerVirtual19','playerVirtual19_ec5072f562',4,'2018-03-02 16:38:58',NULL,0),(567,'playerVirtual19','playerVirtual19_4246147567',1,'2018-03-02 16:38:58',NULL,0),(568,'playerVirtual14','playerVirtual14_6566788',0,'2018-03-02 16:40:00',NULL,0),(569,'playerVirtual14','playerVirtual14_6566788',0,'2018-03-02 16:40:01',NULL,0),(570,'playerVirtual14','playerVirtual14_44f94b2733',4,'2018-03-02 16:41:01',NULL,0),(571,'playerVirtual16','playerVirtual16_0c2cf5c5fd',3,'2018-03-02 16:45:21',NULL,0),(572,'playerVirtual6','playerVirtual6_4246147567',0,'2018-03-02 16:46:26',NULL,0),(573,'playerVirtual6','playerVirtual6_c799cf3895',3,'2018-03-02 16:46:26',NULL,0),(574,'playerVirtual6','playerVirtual6_4246147567',0,'2018-03-02 16:46:26',NULL,0),(575,'playerVirtual8','playerVirtual8_4246147567',0,'2018-03-02 16:47:06',NULL,0),(576,'playerVirtual8','playerVirtual8_f2294379da',4,'2018-03-02 16:47:06',NULL,0),(577,'playerVirtual8','playerVirtual8_4246147567',0,'2018-03-02 16:47:06',NULL,0),(578,'playerVirtual9','playerVirtual9_82730999',0,'2018-03-02 16:47:52',NULL,0),(579,'playerVirtual9','playerVirtual9_82730999',0,'2018-03-02 16:47:52',NULL,0),(580,'playerVirtual5','playerVirtual5_0d2bb289c0',3,'2018-03-02 16:48:10',NULL,0),(581,'playerVirtual4','playerVirtual4_4246147567',1,'2018-03-02 16:48:18',NULL,0),(582,'playerVirtual4','playerVirtual4_2ef335f27c',3,'2018-03-02 16:48:18',NULL,0),(583,'playerVirtual4','playerVirtual4_4246147567',1,'2018-03-02 16:48:19',NULL,0),(584,'playerVirtual13','playerVirtual13_4246147567',1,'2018-03-02 16:48:37',NULL,0),(585,'playerVirtual13','playerVirtual13_0b0576430d',3,'2018-03-02 16:48:37',NULL,0),(586,'playerVirtual13','playerVirtual13_4246147567',1,'2018-03-02 16:48:37',NULL,0),(587,'playerVirtual9','playerVirtual9_b2e0c2f34a',3,'2018-03-02 16:48:52',NULL,0),(588,'playerVirtual2','playerVirtual2_4246147567',1,'2018-03-02 16:49:00',NULL,0),(589,'playerVirtual2','playerVirtual2_1ea0618a56',4,'2018-03-02 16:49:01',NULL,0),(590,'playerVirtual2','playerVirtual2_4246147567',1,'2018-03-02 16:49:01',NULL,0),(591,'playerVirtual11','playerVirtual11_16917741',0,'2018-03-02 16:49:37',NULL,0),(592,'playerVirtual11','playerVirtual11_16917741',0,'2018-03-02 16:49:38',NULL,0),(593,'playerVirtual7','playerVirtual7_4246147567',0,'2018-03-02 16:50:29',NULL,0),(594,'playerVirtual7','playerVirtual7_10c060ebaa',4,'2018-03-02 16:50:30',NULL,0),(595,'playerVirtual11','playerVirtual11_a99ef9efe9',3,'2018-03-02 16:50:38',NULL,0),(596,'playerVirtual17','playerVirtual17_272887063',0,'2018-03-02 16:51:11',NULL,0),(597,'playerVirtual17','playerVirtual17_272887063',0,'2018-03-02 16:51:11',NULL,0);
/*!40000 ALTER TABLE `REQUEST` ENABLE KEYS */;
UNLOCK TABLES;

--
-- Table structure for table `STATUS`
--

DROP TABLE IF EXISTS `STATUS`;
/*!40101 SET @saved_cs_client     = @@character_set_client */;
/*!40101 SET character_set_client = utf8 */;
CREATE TABLE `STATUS` (
  `id` int(11) NOT NULL AUTO_INCREMENT,
  `players` int(11) DEFAULT '0',
  `all_requests` int(11) DEFAULT '0',
  `accepts` int(11) DEFAULT '0',
  `rejects` int(11) DEFAULT '0',
  `fairness` float DEFAULT '0',
  `timestamp` timestamp NULL DEFAULT NULL,
  PRIMARY KEY (`id`)
) ENGINE=InnoDB AUTO_INCREMENT=32 DEFAULT CHARSET=utf8;
/*!40101 SET character_set_client = @saved_cs_client */;

--
-- Dumping data for table `STATUS`
--

LOCK TABLES `STATUS` WRITE;
/*!40000 ALTER TABLE `STATUS` DISABLE KEYS */;
INSERT INTO `STATUS` VALUES (1,0,0,0,0,0,'2018-03-02 14:21:14'),(2,2,4,3,1,0.75,'2018-03-02 14:26:14'),(3,3,10,8,2,0.8,'2018-03-02 14:31:14'),(4,5,15,10,5,0.666667,'2018-03-02 14:36:14'),(5,6,22,14,8,0.636364,'2018-03-02 14:41:15'),(6,8,27,18,9,0.666667,'2018-03-02 14:46:15'),(7,9,35,25,10,0.714286,'2018-03-02 14:51:15'),(8,10,40,30,10,0.75,'2018-03-02 14:56:15'),(9,12,46,35,11,0.76087,'2018-03-02 15:01:15'),(10,13,52,39,13,0.75,'2018-03-02 15:06:15'),(11,14,58,44,14,0.758621,'2018-03-02 15:11:15'),(12,16,66,52,14,0.787879,'2018-03-02 15:16:15'),(13,17,71,55,16,0.774648,'2018-03-02 15:21:15'),(14,18,75,58,17,0.773333,'2018-03-02 15:26:15'),(15,19,79,61,18,0.772152,'2018-03-02 15:31:15'),(16,20,81,63,18,0.777778,'2018-03-02 15:36:16'),(17,22,84,65,19,0.77381,'2018-03-02 15:41:16'),(18,23,87,68,19,0.781609,'2018-03-02 15:46:16'),(19,24,88,69,19,0.784091,'2018-03-02 15:51:16'),(20,24,93,74,19,0.795699,'2018-03-02 15:56:16'),(21,25,96,76,20,0.791667,'2018-03-02 16:01:16'),(22,25,100,78,22,0.78,'2018-03-02 16:06:16'),(23,25,105,82,23,0.780952,'2018-03-02 16:11:17'),(24,25,105,81,24,0.771429,'2018-03-02 16:16:17'),(25,25,110,86,24,0.781818,'2018-03-02 16:21:17'),(26,26,115,91,24,0.791304,'2018-03-02 16:26:17'),(27,26,116,91,25,0.784483,'2018-03-02 16:31:17'),(28,26,121,95,26,0.785124,'2018-03-02 16:36:17'),(29,26,124,98,26,0.790323,'2018-03-02 16:41:17'),(30,26,124,98,26,0.790323,'2018-03-02 16:46:18'),(31,26,129,101,28,0.782946,'2018-03-02 16:51:18');
/*!40000 ALTER TABLE `STATUS` ENABLE KEYS */;
UNLOCK TABLES;

--
-- Table structure for table `THRESHOLD`
--

DROP TABLE IF EXISTS `THRESHOLD`;
/*!40101 SET @saved_cs_client     = @@character_set_client */;
/*!40101 SET character_set_client = utf8 */;
CREATE TABLE `THRESHOLD` (
  `division` int(11) NOT NULL,
  `botton` float DEFAULT '0',
  `top` float DEFAULT '0',
  PRIMARY KEY (`division`)
) ENGINE=InnoDB DEFAULT CHARSET=utf8;
/*!40101 SET character_set_client = @saved_cs_client */;

--
-- Dumping data for table `THRESHOLD`
--

LOCK TABLES `THRESHOLD` WRITE;
/*!40000 ALTER TABLE `THRESHOLD` DISABLE KEYS */;
INSERT INTO `THRESHOLD` VALUES (1,8.76,20),(2,4.38,8.76),(3,0,4.38);
/*!40000 ALTER TABLE `THRESHOLD` ENABLE KEYS */;
UNLOCK TABLES;

--
-- Table structure for table `VM`
--

DROP TABLE IF EXISTS `VM`;
/*!40101 SET @saved_cs_client     = @@character_set_client */;
/*!40101 SET character_set_client = utf8 */;
CREATE TABLE `VM` (
  `id` int(11) NOT NULL AUTO_INCREMENT,
  `origin_add` varchar(45) NOT NULL,
  `origin_id` varchar(45) NOT NULL,
  `origin_name` varchar(45) NOT NULL,
  `destiny_add` varchar(45) NOT NULL,
  `destiny_name` varchar(45) NOT NULL,
  `destiny_id` varchar(45) NOT NULL,
  `status` tinyint(1) NOT NULL,
  `has_resources` tinyint(1) NOT NULL,
  `vcpus` int(11) NOT NULL,
  `mem` bigint(20) NOT NULL,
  `disk` bigint(20) NOT NULL,
  `timestamp_received` timestamp NULL DEFAULT NULL,
  `timestamp_finished` timestamp NULL DEFAULT NULL,
  PRIMARY KEY (`id`)
) ENGINE=InnoDB AUTO_INCREMENT=130 DEFAULT CHARSET=utf8;
/*!40101 SET character_set_client = @saved_cs_client */;

--
-- Dumping data for table `VM`
--

LOCK TABLES `VM` WRITE;
/*!40000 ALTER TABLE `VM` DISABLE KEYS */;
INSERT INTO `VM` VALUES (1,'192.168.0.200','playerVirtual1_450512000','playerVirtual1','192.168.0.200','playerVirtual2','playerVirtual2_657aa07b16',1,1,1,2048,20,'2018-03-02 14:23:27',NULL),(2,'192.168.0.200','playerVirtual2_1438244924','playerVirtual2','192.168.0.200','playerVirtual1','playerVirtual1_c17207e93a',3,1,1,2048,20,'2018-03-02 14:23:29','2018-03-02 15:25:25'),(3,'192.168.0.200','playerVirtual1_640692267','playerVirtual1','192.168.0.200','playerVirtual2','playerVirtual2_edee329d93',1,1,1,512,1,'2018-03-02 14:25:32',NULL),(4,'192.168.0.200','playerVirtual2_2381571381','playerVirtual2','192.168.0.200','playerVirtual1','playerVirtual2_2381571381',0,0,1,2048,20,'2018-03-02 14:25:33','2018-03-02 14:25:33'),(5,'192.168.0.200','playerVirtual1_5297461910','playerVirtual1','192.168.0.200','playerVirtual3','playerVirtual3_dc442a3269',1,1,1,512,1,'2018-03-02 14:27:36',NULL),(6,'192.168.0.200','playerVirtual2_2790332778','playerVirtual2','192.168.0.200','playerVirtual3','playerVirtual3_4f4356429d',1,1,2,4096,40,'2018-03-02 14:27:41',NULL),(7,'192.168.0.200','playerVirtual3_369721705','playerVirtual3','192.168.0.200','playerVirtual2','playerVirtual2_3395bc0be5',1,1,2,4096,40,'2018-03-02 14:28:43',NULL),(8,'192.168.0.200','playerVirtual1_317469422','playerVirtual1','192.168.0.200','playerVirtual2','playerVirtual2_867cc6934c',1,1,2,4096,40,'2018-03-02 14:29:45',NULL),(9,'192.168.0.200','playerVirtual2_6955737','playerVirtual2','192.168.0.200','playerVirtual1','playerVirtual2_6955737',0,0,1,2048,20,'2018-03-02 14:29:46','2018-03-02 14:29:46'),(10,'192.168.0.200','playerVirtual3_257338104','playerVirtual3','192.168.0.200','playerVirtual2','playerVirtual2_d6772fc1a3',1,1,2,4096,40,'2018-03-02 14:30:45',NULL),(11,'192.168.0.200','playerVirtual2_2433236783','playerVirtual2','192.168.0.200','playerVirtual3','playerVirtual2_2433236783',0,0,1,2048,20,'2018-03-02 14:31:55','2018-03-02 14:31:55'),(12,'192.168.0.200','playerVirtual3_3338579772','playerVirtual3','192.168.0.200','playerVirtual4','playerVirtual4_ccde38fc01',3,1,1,2048,20,'2018-03-02 14:32:58','2018-03-02 15:23:20'),(13,'192.168.0.200','playerVirtual2_2359368952','playerVirtual2','192.168.0.200','playerVirtual0','playerVirtual2_2359368952',0,1,1,512,1,'2018-03-02 14:34:11','2018-03-02 14:34:11'),(14,'192.168.0.200','playerVirtual3_16917741','playerVirtual3','192.168.0.200','playerVirtual4','playerVirtual4_2ade038a09',1,1,1,512,1,'2018-03-02 14:35:13',NULL),(15,'192.168.0.200','playerVirtual4_2545640208','playerVirtual4','192.168.0.200','playerVirtual0','playerVirtual4_2545640208',0,1,1,2048,20,'2018-03-02 14:36:01','2018-03-02 14:36:01'),(16,'192.168.0.200','playerVirtual0_908315','playerVirtual0','192.168.0.200','playerVirtual4','playerVirtual4_38a32725aa',1,1,1,2048,20,'2018-03-02 14:36:15',NULL),(17,'192.168.0.200','playerVirtual2_539194189','playerVirtual2','192.168.0.200','playerVirtual0','playerVirtual2_539194189',0,1,1,2048,20,'2018-03-02 14:36:40','2018-03-02 14:36:40'),(18,'192.168.0.200','playerVirtual3_4820204870','playerVirtual3','192.168.0.200','playerVirtual5','playerVirtual5_f6f73fd2f3',3,1,2,4096,40,'2018-03-02 14:38:25','2018-03-02 15:06:48'),(19,'192.168.0.200','playerVirtual4_8058564','playerVirtual4','192.168.0.200','playerVirtual0','playerVirtual4_8058564',0,1,1,2048,20,'2018-03-02 14:39:55','2018-03-02 14:39:55'),(20,'192.168.0.200','playerVirtual0_1429160667','playerVirtual0','192.168.0.200','playerVirtual4','playerVirtual4_b3804af40d',1,1,1,2048,20,'2018-03-02 14:40:17',NULL),(21,'192.168.0.200','playerVirtual2_82730999','playerVirtual2','192.168.0.200','playerVirtual5','playerVirtual5_7555087330',1,1,1,512,1,'2018-03-02 14:40:34',NULL),(22,'192.168.0.200','playerVirtual5_3338010893','playerVirtual5','192.168.0.200','playerVirtual0','playerVirtual5_3338010893',0,1,1,512,1,'2018-03-02 14:40:48','2018-03-02 14:40:48'),(23,'192.168.0.200','playerVirtual3_351652724','playerVirtual3','192.168.0.200','playerVirtual4','playerVirtual4_902f4e99f4',1,1,1,2048,20,'2018-03-02 14:41:38',NULL),(24,'192.168.0.200','playerVirtual4_6571218','playerVirtual4','192.168.0.200','playerVirtual5','playerVirtual5_5f06e6da7c',1,1,1,2048,20,'2018-03-02 14:42:26',NULL),(25,'192.168.0.200','playerVirtual5_1339662','playerVirtual5','192.168.0.200','playerVirtual6','playerVirtual6_686a790129',1,1,1,2048,20,'2018-03-02 14:43:01',NULL),(26,'192.168.0.200','playerVirtual2_1436344784','playerVirtual2','192.168.0.200','playerVirtual4','playerVirtual4_84ce52d424',3,1,1,2048,20,'2018-03-02 14:43:12','2018-03-02 15:42:58'),(27,'192.168.0.200','playerVirtual3_284794223','playerVirtual3','192.168.0.200','playerVirtual1916','playerVirtual3_284794223',0,1,1,2048,20,'2018-03-02 14:44:58','2018-03-02 14:44:58'),(28,'192.168.0.200','playerVirtual4_359920779','playerVirtual4','192.168.0.200','playerVirtual5','playerVirtual5_923e60e74e',3,1,1,512,1,'2018-03-02 14:46:28','2018-03-02 16:06:11'),(29,'192.168.0.200','playerVirtual2_2904109077','playerVirtual2','192.168.0.200','playerVirtual6','playerVirtual6_b70ca1976e',1,1,1,512,1,'2018-03-02 14:47:08',NULL),(30,'192.168.0.200','playerVirtual5_904011','playerVirtual5','192.168.0.200','playerVirtual4','playerVirtual4_507d992d16',3,1,1,2048,20,'2018-03-02 14:47:21','2018-03-02 15:40:53'),(31,'192.168.0.200','playerVirtual6_1093460','playerVirtual6','192.168.0.200','playerVirtual7','playerVirtual7_7a8afa9007',1,1,1,512,1,'2018-03-02 14:48:03',NULL),(32,'192.168.0.200','playerVirtual3_905614','playerVirtual3','192.168.0.200','playerVirtual1916','playerVirtual3_905614',0,1,1,2048,20,'2018-03-02 14:48:12','2018-03-02 14:48:12'),(33,'192.168.0.200','playerVirtual4_6569547','playerVirtual4','192.168.0.200','playerVirtual5','playerVirtual5_af313f4177',1,1,1,2048,20,'2018-03-02 14:49:02',NULL),(34,'192.168.0.200','playerVirtual5_5792765','playerVirtual5','192.168.0.200','playerVirtual6','playerVirtual6_09b333e9da',1,1,1,512,1,'2018-03-02 14:49:42',NULL),(35,'192.168.0.200','playerVirtual2_30788568','playerVirtual2','192.168.0.200','playerVirtual4','playerVirtual4_2b93526045',1,1,1,512,1,'2018-03-02 14:49:51',NULL),(36,'192.168.0.200','playerVirtual3_400453824','playerVirtual3','192.168.0.200','playerVirtual6','playerVirtual6_dcabb253c7',1,1,1,512,1,'2018-03-02 14:51:47',NULL),(37,'192.168.0.200','playerVirtual6_38671842','playerVirtual6','192.168.0.200','playerVirtual8','playerVirtual8_44dc5067d1',1,1,1,512,1,'2018-03-02 14:52:49',NULL),(38,'192.168.0.200','playerVirtual4_4819935267','playerVirtual4','192.168.0.200','playerVirtual6','playerVirtual6_939549cac2',1,1,2,4096,40,'2018-03-02 14:53:25',NULL),(39,'192.168.0.200','playerVirtual2_6264344062','playerVirtual2','192.168.0.200','playerVirtual4','playerVirtual4_17fc034073',3,1,1,512,1,'2018-03-02 14:54:08','2018-03-02 15:37:06'),(40,'192.168.0.200','playerVirtual5_4820217293','playerVirtual5','192.168.0.200','playerVirtual2','playerVirtual2_e4d728d4f1',1,1,2,4096,40,'2018-03-02 14:54:21',NULL),(41,'192.168.0.200','playerVirtual6_2148750930','playerVirtual6','192.168.0.200','playerVirtual8','playerVirtual8_d668531478',1,1,1,2048,20,'2018-03-02 14:56:35',NULL),(42,'192.168.0.200','playerVirtual3_1095593','playerVirtual3','192.168.0.200','playerVirtual8','playerVirtual8_93da36a8f8',3,1,1,512,1,'2018-03-02 14:56:40','2018-03-02 15:35:30'),(43,'192.168.0.200','playerVirtual4_563574327','playerVirtual4','192.168.0.200','playerVirtual9','playerVirtual9_f67de03272',1,1,1,2048,20,'2018-03-02 14:57:38',NULL),(44,'192.168.0.200','playerVirtual8_227443932','playerVirtual8','192.168.0.200','playerVirtual1729','playerVirtual8_227443932',0,1,1,2048,20,'2018-03-02 14:57:52','2018-03-02 14:57:52'),(45,'192.168.0.200','playerVirtual5_16915963','playerVirtual5','192.168.0.200','playerVirtual6','playerVirtual6_ecafba1ad2',1,1,1,2048,20,'2018-03-02 14:58:24',NULL),(46,'192.168.0.200','playerVirtual3_6274355716','playerVirtual3','192.168.0.200','playerVirtual8','playerVirtual8_4c46358a25',3,1,1,512,1,'2018-03-02 15:00:38','2018-03-02 15:44:45'),(47,'192.168.0.200','playerVirtual8_4820204870','playerVirtual8','192.168.0.200','playerVirtual9','playerVirtual9_286c93cbcd',1,1,2,4096,40,'2018-03-02 15:01:34',NULL),(48,'192.168.0.200','playerVirtual6_284757920','playerVirtual6','192.168.0.200','playerVirtual1729','playerVirtual6_284757920',0,1,1,2048,20,'2018-03-02 15:01:35','2018-03-02 15:01:35'),(49,'192.168.0.200','playerVirtual2_38676294','playerVirtual2','192.168.0.200','playerVirtual6','playerVirtual6_db5971855c',1,1,1,512,1,'2018-03-02 15:02:00',NULL),(50,'192.168.0.200','playerVirtual9_5623125514','playerVirtual9','192.168.0.200','playerVirtual10','playerVirtual10_2aa1ce3aa8',1,1,1,2048,20,'2018-03-02 15:03:13',NULL),(51,'192.168.0.200','playerVirtual4_182859403','playerVirtual4','192.168.0.200','playerVirtual8','playerVirtual8_fa50c1396e',3,1,1,512,1,'2018-03-02 15:03:19','2018-03-02 15:07:47'),(52,'192.168.0.200','playerVirtual5_990694203','playerVirtual5','192.168.0.200','playerVirtual1729','playerVirtual5_990694203',0,1,1,2048,20,'2018-03-02 15:04:47','2018-03-02 15:04:47'),(53,'192.168.0.200','playerVirtual6_4476462938','playerVirtual6','192.168.0.200','playerVirtual11','playerVirtual11_aeb930d1a7',1,1,1,2048,20,'2018-03-02 15:07:29',NULL),(54,'192.168.0.200','playerVirtual9_6282149131','playerVirtual9','192.168.0.200','playerVirtual10','playerVirtual10_534dd4c06c',1,1,1,512,1,'2018-03-02 15:07:31',NULL),(55,'192.168.0.200','playerVirtual2_272887063','playerVirtual2','192.168.0.200','playerVirtual5','playerVirtual5_1a88bc5a63',1,1,1,2048,20,'2018-03-02 15:08:08',NULL),(56,'192.168.0.200','playerVirtual8_6280643141','playerVirtual8','192.168.0.200','playerVirtual11','playerVirtual11_73acbba5e7',1,1,1,512,1,'2018-03-02 15:08:36',NULL),(57,'192.168.0.200','playerVirtual10_6280638724','playerVirtual10','192.168.0.200','playerVirtual11','playerVirtual11_ac9b5c399b',1,1,1,512,1,'2018-03-02 15:10:08',NULL),(58,'192.168.0.200','playerVirtual3_2359368952','playerVirtual3','192.168.0.200','playerVirtual10','playerVirtual10_2007a783e0',1,1,1,512,1,'2018-03-02 15:10:41',NULL),(59,'192.168.0.200','playerVirtual6_1094955','playerVirtual6','192.168.0.200','playerVirtual12','playerVirtual12_a61b4ff69e',1,1,1,512,1,'2018-03-02 15:13:02',NULL),(60,'192.168.0.200','playerVirtual8_6285257156','playerVirtual8','192.168.0.200','playerVirtual10','playerVirtual10_c90a88de13',1,1,1,512,1,'2018-03-02 15:13:26',NULL),(61,'192.168.0.200','playerVirtual4_214880781','playerVirtual4','192.168.0.200','playerVirtual12','playerVirtual12_ff79eacab0',1,1,1,2048,20,'2018-03-02 15:13:45',NULL),(62,'192.168.0.200','playerVirtual2_6641406','playerVirtual2','192.168.0.200','playerVirtual8','playerVirtual8_accd2e30b9',1,1,1,2048,20,'2018-03-02 15:13:47',NULL),(63,'192.168.0.200','playerVirtual10_6955737','playerVirtual10','192.168.0.200','playerVirtual12','playerVirtual12_e9358969ed',1,1,1,2048,20,'2018-03-02 15:13:56',NULL),(64,'192.168.0.200','playerVirtual9_16914091','playerVirtual9','192.168.0.200','playerVirtual10','playerVirtual10_f0928674ee',1,1,1,2048,20,'2018-03-02 15:14:44',NULL),(65,'192.168.0.200','playerVirtual5_182859403','playerVirtual5','192.168.0.200','playerVirtual8','playerVirtual8_da54019c86',3,1,1,512,1,'2018-03-02 15:15:29','2018-03-02 15:32:38'),(66,'192.168.0.200','playerVirtual11_1436323714','playerVirtual11','192.168.0.200','playerVirtual10','playerVirtual10_1d59251ade',1,1,1,2048,20,'2018-03-02 15:15:43',NULL),(67,'192.168.0.200','playerVirtual3_1438244924','playerVirtual3','192.168.0.200','playerVirtual1313','playerVirtual3_1438244924',0,1,1,2048,20,'2018-03-02 15:18:26','2018-03-02 15:18:26'),(68,'192.168.0.200','playerVirtual4_6289355687','playerVirtual4','192.168.0.200','playerVirtual13','playerVirtual13_ecb322d9aa',1,1,1,512,1,'2018-03-02 15:20:10',NULL),(69,'192.168.0.200','playerVirtual6_2381571381','playerVirtual6','192.168.0.200','playerVirtual8','playerVirtual8_a257e42d1a',1,1,1,2048,20,'2018-03-02 15:20:17',NULL),(70,'192.168.0.200','playerVirtual9_6289704471','playerVirtual9','192.168.0.200','playerVirtual10','playerVirtual10_543cff4f5d',3,1,1,512,1,'2018-03-02 15:21:02','2018-03-02 15:51:05'),(71,'192.168.0.200','playerVirtual11_990694203','playerVirtual11','192.168.0.200','playerVirtual1313','playerVirtual11_990694203',0,1,1,2048,20,'2018-03-02 15:21:03','2018-03-02 15:21:03'),(72,'192.168.0.200','playerVirtual8_2378747961','playerVirtual8','192.168.0.200','playerVirtual13','playerVirtual13_e458ff099c',3,1,1,512,1,'2018-03-02 15:21:27','2018-03-02 15:27:46'),(73,'192.168.0.200','playerVirtual5_794070039','playerVirtual5','192.168.0.200','playerVirtual8','playerVirtual8_63e499f0de',1,1,1,512,1,'2018-03-02 15:21:47',NULL),(74,'192.168.0.200','playerVirtual12_3338579772','playerVirtual12','192.168.0.200','playerVirtual1313','playerVirtual12_3338579772',0,1,1,2048,20,'2018-03-02 15:22:07','2018-03-02 15:22:07'),(75,'192.168.0.200','playerVirtual10_1438244924','playerVirtual10','192.168.0.200','playerVirtual14','playerVirtual14_efd24fcf03',1,1,1,2048,20,'2018-03-02 15:23:36',NULL),(76,'192.168.0.200','playerVirtual4_6296865278','playerVirtual4','192.168.0.200','playerVirtual15','playerVirtual15_733fe4e64a',1,1,1,512,1,'2018-03-02 15:29:51',NULL),(77,'192.168.0.200','playerVirtual6_182859403','playerVirtual6','192.168.0.200','playerVirtual4','playerVirtual4_a30f62cb23',3,1,1,512,1,'2018-03-02 15:30:13','2018-03-02 15:37:27'),(78,'192.168.0.200','playerVirtual13_6296268057','playerVirtual13','192.168.0.200','playerVirtual1313','playerVirtual13_6296268057',0,1,1,512,1,'2018-03-02 15:30:23','2018-03-02 15:30:23'),(79,'192.168.0.200','playerVirtual12_5297461910','playerVirtual12','192.168.0.200','playerVirtual13','playerVirtual13_17f9f80324',1,1,1,512,1,'2018-03-02 15:30:34',NULL),(80,'192.168.0.200','playerVirtual9_990694203','playerVirtual9','192.168.0.200','playerVirtual16','playerVirtual16_dfd4b5237f',3,1,1,2048,20,'2018-03-02 15:32:43','2018-03-02 15:39:02'),(81,'192.168.0.200','playerVirtual10_6289704471','playerVirtual10','192.168.0.200','playerVirtual8','playerVirtual8_71f45c410a',3,1,1,2048,20,'2018-03-02 15:34:01','2018-03-02 15:44:47'),(82,'192.168.0.200','playerVirtual13_4246147567','playerVirtual13','192.168.0.200','playerVirtual17','playerVirtual17_6ded2e0d06',3,1,2,4096,40,'2018-03-02 15:39:00','2018-03-02 16:48:37'),(83,'192.168.0.200','playerVirtual11_908315','playerVirtual11','192.168.0.200','playerVirtual1877','playerVirtual11_908315',0,1,1,2048,20,'2018-03-02 15:40:58','2018-03-02 15:40:58'),(84,'192.168.0.200','playerVirtual4_539194189','playerVirtual4','192.168.0.200','playerVirtual10','playerVirtual10_ae27c122fe',1,1,1,2048,20,'2018-03-02 15:41:11',NULL),(85,'192.168.0.200','playerVirtual8_182859403','playerVirtual8','192.168.0.200','playerVirtual14','playerVirtual14_d83f54c03e',1,1,1,512,1,'2018-03-02 15:41:19',NULL),(86,'192.168.0.200','playerVirtual12_6289704471','playerVirtual12','192.168.0.200','playerVirtual18','playerVirtual18_56bebe2bbf',1,1,1,2048,20,'2018-03-02 15:44:58',NULL),(87,'192.168.0.200','playerVirtual14_4246147567','playerVirtual14','192.168.0.200','playerVirtual15','playerVirtual15_562b391241',3,1,2,4096,40,'2018-03-02 15:45:01','2018-03-02 16:26:15'),(88,'192.168.0.200','playerVirtual8_4246147567','playerVirtual8','192.168.0.200','playerVirtual19','playerVirtual19_cee250537c',3,1,2,4096,40,'2018-03-02 15:50:47','2018-03-02 16:31:05'),(89,'192.168.0.200','playerVirtual6_4246147567','playerVirtual6','192.168.0.200','playerVirtual4','playerVirtual4_95830023af',3,1,2,4096,40,'2018-03-02 15:52:32','2018-03-02 16:24:16'),(90,'192.168.0.200','playerVirtual11_6316827871','playerVirtual11','192.168.0.200','playerVirtual13','playerVirtual13_34ce883b75',1,1,1,512,1,'2018-03-02 15:53:13',NULL),(91,'192.168.0.200','playerVirtual4_5068098508','playerVirtual4','192.168.0.200','playerVirtual16','playerVirtual16_69f1aab41a',3,1,1,2048,20,'2018-03-02 15:53:50','2018-03-02 16:19:32'),(92,'192.168.0.200','playerVirtual5_2378747961','playerVirtual5','192.168.0.200','playerVirtual8','playerVirtual8_fe8bc2d79f',1,1,1,512,1,'2018-03-02 15:54:34',NULL),(93,'192.168.0.200','playerVirtual12_4246147567','playerVirtual12','192.168.0.200','playerVirtual17','playerVirtual17_cd0ab59106',3,1,2,4096,40,'2018-03-02 15:55:32','2018-03-02 16:36:29'),(94,'192.168.0.200','playerVirtual17_4246147567','playerVirtual17','192.168.0.200','playerVirtual14','playerVirtual14_aaf8bf1c17',3,1,2,4096,40,'2018-03-02 15:57:39','2018-03-02 16:23:50'),(95,'192.168.0.200','playerVirtual10_4246147567','playerVirtual10','192.168.0.200','playerVirtual18','playerVirtual18_3c675b529d',3,1,2,4096,40,'2018-03-02 15:57:40','2018-03-02 16:34:50'),(96,'192.168.0.200','playerVirtual3_4246147567','playerVirtual3','192.168.0.200','playerVirtual15','playerVirtual15_1ef59f63a3',3,1,2,4096,40,'2018-03-02 15:57:54','2018-03-02 16:34:22'),(97,'192.168.0.200','playerVirtual9_1095593','playerVirtual9','192.168.0.200','playerVirtual1208','playerVirtual9_1095593',0,1,1,512,1,'2018-03-02 16:02:28','2018-03-02 16:02:28'),(98,'192.168.0.200','playerVirtual13_6322213339','playerVirtual13','192.168.0.200','playerVirtual10','playerVirtual10_2ba4353cd5',1,1,1,512,1,'2018-03-02 16:03:29',NULL),(99,'192.168.0.200','playerVirtual18_990694203','playerVirtual18','192.168.0.200','playerVirtual19','playerVirtual19_0afc39254f',3,1,1,2048,20,'2018-03-02 16:04:00','2018-03-02 16:05:56'),(100,'192.168.0.200','playerVirtual5_4246147567','playerVirtual5','192.168.0.200','playerVirtual4','playerVirtual4_6e3154f82f',3,1,2,4096,40,'2018-03-02 16:05:41','2018-03-02 16:20:23'),(101,'192.168.0.200','playerVirtual11_4246147567','playerVirtual11','192.168.0.200','playerVirtual16','playerVirtual16_f6e97031fc',3,1,2,4096,40,'2018-03-02 16:06:32','2018-03-02 16:18:49'),(102,'192.168.0.200','playerVirtual2_4246147567','playerVirtual2','192.168.0.200','playerVirtual5','playerVirtual5_dcb8aa9830',3,1,2,4096,40,'2018-03-02 16:06:59','2018-03-02 16:49:01'),(103,'192.168.0.200','playerVirtual15_4246147567','playerVirtual15','192.168.0.200','playerVirtual13','playerVirtual13_d1d6ab47bc',3,1,2,4096,40,'2018-03-02 16:08:46','2018-03-02 16:37:54'),(104,'192.168.0.200','playerVirtual19_4246147567','playerVirtual19','192.168.0.200','playerVirtual14','playerVirtual14_70054559b0',3,1,2,4096,40,'2018-03-02 16:09:47','2018-03-02 16:38:58'),(105,'192.168.0.200','playerVirtual14_4246147567','playerVirtual14','192.168.0.200','playerVirtual17','playerVirtual17_f2dc1d8a6d',3,1,2,4096,40,'2018-03-02 16:10:54','2018-03-02 16:26:15'),(106,'192.168.0.200','playerVirtual16_359920779','playerVirtual16','192.168.0.200','playerVirtual18','playerVirtual18_2dfd12ec47',1,1,1,512,1,'2018-03-02 16:17:02',NULL),(107,'192.168.0.200','playerVirtual8_4246147567','playerVirtual8','192.168.0.200','playerVirtual2','playerVirtual2_65612839cd',3,1,2,4096,40,'2018-03-02 16:17:31','2018-03-02 16:31:05'),(108,'192.168.0.200','playerVirtual9_4246147567','playerVirtual9','192.168.0.200','playerVirtual19','playerVirtual19_da032f09af',3,1,2,4096,40,'2018-03-02 16:17:37','2018-03-02 16:29:59'),(109,'192.168.0.200','playerVirtual6_4246147567','playerVirtual6','192.168.0.200','playerVirtual15','playerVirtual15_c4ab3f3784',3,1,2,4096,40,'2018-03-02 16:18:00','2018-03-02 16:24:16'),(110,'192.168.0.200','playerVirtual13_6335261139','playerVirtual13','192.168.0.200','playerVirtual16','playerVirtual16_0d344f0207',1,1,1,512,1,'2018-03-02 16:19:36',NULL),(111,'192.168.0.200','playerVirtual16_4246147567','playerVirtual16','192.168.0.200','playerVirtual18','playerVirtual18_49d0f3e17e',1,1,2,4096,40,'2018-03-02 16:22:40',NULL),(112,'192.168.0.200','playerVirtual17_4246147567','playerVirtual17','192.168.0.200','playerVirtual5','playerVirtual5_0521aa38b8',3,1,2,4096,40,'2018-03-02 16:22:49','2018-03-02 16:23:50'),(113,'192.168.0.200','playerVirtual12_4246147567','playerVirtual12','192.168.0.200','playerVirtual19','playerVirtual19_fb09c3c7f7',3,1,2,4096,40,'2018-03-02 16:23:06','2018-03-02 16:36:29'),(114,'192.168.0.200','playerVirtual10_4246147567','playerVirtual10','192.168.0.200','playerVirtual13','playerVirtual13_88e10a211c',3,1,2,4096,40,'2018-03-02 16:25:11','2018-03-02 16:34:50'),(115,'192.168.0.200','playerVirtual3_4246147567','playerVirtual3','192.168.0.200','playerVirtual16','playerVirtual16_08f0328c54',3,1,2,4096,40,'2018-03-02 16:25:12','2018-03-02 16:34:22'),(116,'192.168.0.200','playerVirtual18_4246147567','playerVirtual18','192.168.0.200','playerVirtual1178','playerVirtual18_4246147567',0,1,2,4096,40,'2018-03-02 16:30:52','2018-03-02 16:30:52'),(117,'192.168.0.200','playerVirtual13_4246147567','playerVirtual13','192.168.0.200','playerVirtual8','playerVirtual8_470c286af1',3,1,2,4096,40,'2018-03-02 16:33:30','2018-03-02 16:48:37'),(118,'192.168.0.200','playerVirtual4_4246147567','playerVirtual4','192.168.0.200','playerVirtual14','playerVirtual14_33bdc4300b',3,1,2,4096,40,'2018-03-02 16:33:58','2018-03-02 16:48:19'),(119,'192.168.0.200','playerVirtual5_990694203','playerVirtual5','192.168.0.200','playerVirtual17','playerVirtual17_2eb92956db',1,1,1,2048,20,'2018-03-02 16:34:28',NULL),(120,'192.168.0.200','playerVirtual11_6344084916','playerVirtual11','192.168.0.200','playerVirtual1178','playerVirtual11_6344084916',0,1,1,512,1,'2018-03-02 16:35:08','2018-03-02 16:35:08'),(121,'192.168.0.200','playerVirtual2_4246147567','playerVirtual2','192.168.0.200','playerVirtual4','playerVirtual4_7fa4f15e91',3,1,2,4096,40,'2018-03-02 16:36:13','2018-03-02 16:49:01'),(122,'192.168.0.200','playerVirtual15_4246147567','playerVirtual15','192.168.0.200','playerVirtual5','playerVirtual5_13d08db48a',3,1,2,4096,40,'2018-03-02 16:36:39','2018-03-02 16:37:54'),(123,'192.168.0.200','playerVirtual19_4246147567','playerVirtual19','192.168.0.200','playerVirtual15','playerVirtual15_21e0ceecdc',3,1,2,4096,40,'2018-03-02 16:37:55','2018-03-02 16:38:58'),(124,'192.168.0.200','playerVirtual14_6566788','playerVirtual14','192.168.0.200','playerVirtual19','playerVirtual19_6b7b0e139c',1,1,1,2048,20,'2018-03-02 16:40:01',NULL),(125,'192.168.0.200','playerVirtual6_4246147567','playerVirtual6','192.168.0.200','playerVirtual16','playerVirtual16_4e9c10b84d',1,1,2,4096,40,'2018-03-02 16:46:27',NULL),(126,'192.168.0.200','playerVirtual8_4246147567','playerVirtual8','192.168.0.200','playerVirtual2','playerVirtual2_5cc68808a6',1,1,2,4096,40,'2018-03-02 16:47:06',NULL),(127,'192.168.0.200','playerVirtual9_82730999','playerVirtual9','192.168.0.200','playerVirtual3','playerVirtual9_82730999',0,0,1,512,1,'2018-03-02 16:47:52','2018-03-02 16:47:52'),(128,'192.168.0.200','playerVirtual11_16917741','playerVirtual11','192.168.0.200','playerVirtual7','playerVirtual11_16917741',0,0,1,512,1,'2018-03-02 16:49:38','2018-03-02 16:49:38'),(129,'192.168.0.200','playerVirtual17_272887063','playerVirtual17','192.168.0.200','playerVirtual14','playerVirtual14_ca6a56f2c6',1,1,1,2048,20,'2018-03-02 16:51:11',NULL);
/*!40000 ALTER TABLE `VM` ENABLE KEYS */;
UNLOCK TABLES;
/*!40103 SET TIME_ZONE=@OLD_TIME_ZONE */;

/*!40101 SET SQL_MODE=@OLD_SQL_MODE */;
/*!40014 SET FOREIGN_KEY_CHECKS=@OLD_FOREIGN_KEY_CHECKS */;
/*!40014 SET UNIQUE_CHECKS=@OLD_UNIQUE_CHECKS */;
/*!40101 SET CHARACTER_SET_CLIENT=@OLD_CHARACTER_SET_CLIENT */;
/*!40101 SET CHARACTER_SET_RESULTS=@OLD_CHARACTER_SET_RESULTS */;
/*!40101 SET COLLATION_CONNECTION=@OLD_COLLATION_CONNECTION */;
/*!40111 SET SQL_NOTES=@OLD_SQL_NOTES */;

-- Dump completed on 2018-03-02 13:51:20
