-- MySQL dump 10.14  Distrib 5.5.56-MariaDB, for Linux (x86_64)
--
-- Host: localhost    Database: mct
-- ------------------------------------------------------
-- Server version	5.5.56-MariaDB

/*!40101 SET @OLD_CHARACTER_SET_CLIENT=@@CHARACTER_SET_CLIENT */;
/*!40101 SET @OLD_CHARACTER_SET_RESULTS=@@CHARACTER_SET_RESULTS */;
/*!40101 SET @OLD_COLLATION_CONNECTION=@@COLLATION_CONNECTION */;
/*!40101 SET NAMES utf8 */;
/*!40103 SET @OLD_TIME_ZONE=@@TIME_ZONE */;
/*!40103 SET TIME_ZONE='+00:00' */;
/*!40014 SET @OLD_UNIQUE_CHECKS=@@UNIQUE_CHECKS, UNIQUE_CHECKS=0 */;
/*!40014 SET @OLD_FOREIGN_KEY_CHECKS=@@FOREIGN_KEY_CHECKS, FOREIGN_KEY_CHECKS=0 */;
/*!40101 SET @OLD_SQL_MODE=@@SQL_MODE, SQL_MODE='NO_AUTO_VALUE_ON_ZERO' */;
/*!40111 SET @OLD_SQL_NOTES=@@SQL_NOTES, SQL_NOTES=0 */;

--
-- Table structure for table `FIELDS`
--

DROP TABLE IF EXISTS `FIELDS`;
/*!40101 SET @saved_cs_client     = @@character_set_client */;
/*!40101 SET character_set_client = utf8 */;
CREATE TABLE `FIELDS` (
  `operation` int(11) NOT NULL,
  `fields` varchar(45) NOT NULL,
  PRIMARY KEY (`operation`)
) ENGINE=InnoDB DEFAULT CHARSET=utf8;
/*!40101 SET character_set_client = @saved_cs_client */;

--
-- Dumping data for table `FIELDS`
--

LOCK TABLES `FIELDS` WRITE;
/*!40000 ALTER TABLE `FIELDS` DISABLE KEYS */;
INSERT INTO `FIELDS` VALUES (0,'name mem image vcpus disk uuid');
/*!40000 ALTER TABLE `FIELDS` ENABLE KEYS */;
UNLOCK TABLES;

--
-- Table structure for table `PLAYER`
--

DROP TABLE IF EXISTS `PLAYER`;
/*!40101 SET @saved_cs_client     = @@character_set_client */;
/*!40101 SET character_set_client = utf8 */;
CREATE TABLE `PLAYER` (
  `id` int(11) NOT NULL AUTO_INCREMENT,
  `name` varchar(45) NOT NULL,
  `address` varchar(45) NOT NULL,
  `division` int(11) DEFAULT NULL,
  `score` float DEFAULT '0',
  `history` int(11) DEFAULT '0',
  `fairness` float DEFAULT '0',
  `accepts` int(11) DEFAULT '0',
  `rejects` int(11) DEFAULT '0',
  `running` int(11) DEFAULT '0',
  `finished` int(11) DEFAULT '0',
  `problem_del` int(11) DEFAULT '0',
  `vcpus` int(11) DEFAULT '0',
  `memory` bigint(20) DEFAULT '0',
  `local_gb` bigint(20) DEFAULT '0',
  `vcpus_used` bigint(20) DEFAULT '0',
  `memory_used` bigint(20) DEFAULT '0',
  `local_gb_used` bigint(20) DEFAULT '0',
  `max_instance` int(11) DEFAULT '0',
  `token` varchar(45) DEFAULT NULL,
  `suspend` timestamp NULL DEFAULT NULL,
  `enabled` int(11) DEFAULT '0',
  `last_choice` timestamp NOT NULL DEFAULT '2018-01-01 05:00:00',
  `playoff` tinyint(1) DEFAULT '0',
  PRIMARY KEY (`id`)
) ENGINE=InnoDB AUTO_INCREMENT=21 DEFAULT CHARSET=utf8;
/*!40101 SET character_set_client = @saved_cs_client */;

--
-- Dumping data for table `PLAYER`
--

LOCK TABLES `PLAYER` WRITE;
/*!40000 ALTER TABLE `PLAYER` DISABLE KEYS */;
INSERT INTO `PLAYER` VALUES (1,'playerVirtual10','192.168.0.200',1,13.94,49,0.75,11,0,4,7,0,1023,1047552,10230,5,8704,81,99,'cf49ef29c11185b79ca2258b3eaddf827488d502',NULL,1,'2018-02-15 15:56:46',0),(2,'playerVirtual14','192.168.0.200',1,12.94,49,0.6,11,0,5,6,0,1023,1047552,10230,7,11264,102,99,'e54a808c96b47a48c194a0a686743f1c678bfcab',NULL,1,'2018-02-15 15:37:04',0),(3,'playerVirtual16','192.168.0.200',1,11.29,49,0.615385,12,0,6,6,0,1023,1047552,10230,6,6144,44,99,'90b6989f6af68fc3231b3ca065adad8c6e3ab228',NULL,1,'2018-02-15 16:22:12',0),(4,'playerVirtual0','192.168.0.200',4,-3,0,1,0,3,0,0,0,1023,1047552,10230,0,0,0,99,'12458ab581803d20fed123f1fbaa87a5a2a17674',NULL,0,'2018-02-15 12:21:54',1),(5,'playerVirtual1','192.168.0.200',3,2.63,7,0.833333,9,3,3,6,0,1023,1047552,10230,3,3072,22,99,'e6be84353095ce9905f67107a313d134282750e7',NULL,1,'2018-02-15 16:16:19',0),(6,'playerVirtual19','192.168.0.200',1,14.6,49,0.583333,10,0,6,4,0,1023,1047552,10230,9,16896,161,99,'594497ce13b5ce2c23e6a7d7d55c1a3cd754fe8c',NULL,1,'2018-02-15 15:53:13',0),(7,'playerVirtual2','192.168.0.200',4,-3,0,1,0,3,0,0,0,1023,1047552,10230,0,0,0,99,'c751345e905e4efce1c9f1958d71c18916517367',NULL,0,'2018-02-15 12:22:11',1),(8,'playerVirtual3','192.168.0.200',2,7.29,17,1,9,3,4,5,0,1023,1047552,10230,5,5632,43,99,'f49f34b2de1ed4f904cd1c08e6ca0afb9e6d727f',NULL,1,'2018-02-15 16:13:36',0),(9,'playerVirtual4','192.168.0.200',4,-1.67,0,1,3,3,0,3,0,1023,1047552,10230,0,0,0,99,'2b2545cb7725793eadc08b56e6c973ed887741da',NULL,0,'2018-02-15 12:54:16',1),(10,'playerVirtual5','192.168.0.200',2,3.96,36,1,11,3,3,8,0,1023,1047552,10230,4,8192,80,99,'5e0f26c95c3bc53088d78494e43aa286c6532927',NULL,1,'2018-02-15 15:50:01',1),(11,'playerVirtual6','192.168.0.200',2,5.3,14,1,7,4,5,2,0,1023,1047552,10230,6,7680,63,99,'980f5d3af5afd3c180f0601785285e800e3f776a',NULL,1,'2018-02-15 15:49:08',0),(12,'playerVirtual7','192.168.0.200',1,9.28,49,1,9,2,3,6,0,1023,1047552,10230,3,6144,60,99,'c62a0ffc2a21810da1f3c0c10573195e7d7a135b',NULL,1,'2018-02-15 15:23:38',0),(13,'playerVirtual8','192.168.0.200',2,6.29,35,0.909091,9,3,4,5,0,1023,1047552,10230,5,8704,81,99,'95e6e571acdfa1940549ecaa963acfa4017ae2d4',NULL,1,'2018-02-15 15:55:44',0),(14,'playerVirtual9','192.168.0.200',2,7.62,36,1,10,3,2,8,0,1023,1047552,10230,2,4096,40,99,'a273562b62e286f4c235b46488c87759b984020a',NULL,1,'2018-02-15 16:05:26',0),(15,'playerVirtual11','192.168.0.200',1,11.29,49,0.7,11,0,7,4,0,1023,1047552,10230,8,11776,103,99,'8ad09df357f93a69824bafa24dcb5fba768eb2dd',NULL,1,'2018-02-15 16:19:47',0),(16,'playerVirtual12','192.168.0.200',1,13.28,49,0.909091,10,0,7,3,0,1023,1047552,10230,10,17408,162,99,'b9e803ef8c129c73a8062a724cebbcea4b79f15b',NULL,1,'2018-02-15 15:24:09',0),(17,'playerVirtual13','192.168.0.200',2,7.97,49,0.636364,11,0,6,5,0,1023,1047552,10230,6,9216,82,99,'231f5d67ef746753c8b03190d090622c7f7ce1aa',NULL,1,'2018-02-15 16:03:21',0),(18,'playerVirtual15','192.168.0.200',1,10.62,49,0.846154,11,0,4,7,0,1023,1047552,10230,4,6656,61,99,'d0034dcb9a79622bf8a635916d39602308fe8c07',NULL,1,'2018-02-15 15:38:23',0),(19,'playerVirtual18','192.168.0.200',1,11.29,49,0.8,11,0,6,5,0,1023,1047552,10230,7,11264,102,99,'28262c61ee65e0908e1421d981bfa2b498108123',NULL,1,'2018-02-15 15:50:53',0),(20,'playerVirtual17','192.168.0.200',1,12.61,49,0.75,10,0,6,4,0,1023,1047552,10230,8,13312,122,99,'2af68839d059fa96bdb58aa8ebb8b1b197b2f1e7',NULL,1,'2018-02-15 15:29:34',0);
/*!40000 ALTER TABLE `PLAYER` ENABLE KEYS */;
UNLOCK TABLES;

--
-- Table structure for table `REQUEST`
--

DROP TABLE IF EXISTS `REQUEST`;
/*!40101 SET @saved_cs_client     = @@character_set_client */;
/*!40101 SET character_set_client = utf8 */;
CREATE TABLE `REQUEST` (
  `id` int(11) NOT NULL AUTO_INCREMENT,
  `player_id` varchar(45) NOT NULL,
  `request_id` varchar(45) NOT NULL,
  `action` int(11) NOT NULL,
  `timestamp_received` timestamp NULL DEFAULT NULL,
  `timestamp_finished` timestamp NULL DEFAULT NULL,
  `status` int(11) NOT NULL,
  PRIMARY KEY (`id`)
) ENGINE=InnoDB AUTO_INCREMENT=939 DEFAULT CHARSET=utf8;
/*!40101 SET character_set_client = @saved_cs_client */;

--
-- Dumping data for table `REQUEST`
--

LOCK TABLES `REQUEST` WRITE;
/*!40000 ALTER TABLE `REQUEST` DISABLE KEYS */;
INSERT INTO `REQUEST` VALUES (1,'playerVirtual17','playerVirtual17_3f41e1a6d0',4,'2018-02-15 12:13:00',NULL,0),(2,'playerVirtual14','playerVirtual14_2aa4de269c',4,'2018-02-15 12:14:00',NULL,0),(3,'playerVirtual10','playerVirtual10_2aa4de269c',4,'2018-02-15 12:14:00',NULL,0),(4,'playerVirtual16','playerVirtual16_31e1d0b9d8',4,'2018-02-15 12:14:00',NULL,0),(5,'playerVirtual0','playerVirtual0_adf14e07ab',4,'2018-02-15 12:14:00',NULL,0),(6,'playerVirtual1','playerVirtual1_a3182debf7',4,'2018-02-15 12:14:00',NULL,0),(7,'playerVirtual19','playerVirtual19_59a3fa5763',4,'2018-02-15 12:14:00',NULL,0),(8,'playerVirtual2','playerVirtual2_12975ec188',4,'2018-02-15 12:14:00',NULL,0),(9,'playerVirtual3','playerVirtual3_65391f6605',4,'2018-02-15 12:14:00',NULL,0),(10,'playerVirtual4','playerVirtual4_ef9a9b2f6e',4,'2018-02-15 12:14:00',NULL,0),(11,'playerVirtual5','playerVirtual5_5aee3aef68',4,'2018-02-15 12:14:00',NULL,0),(12,'playerVirtual6','playerVirtual6_f87b51f700',4,'2018-02-15 12:14:00',NULL,0),(13,'playerVirtual7','playerVirtual7_bbc2051b63',4,'2018-02-15 12:14:00',NULL,0),(14,'playerVirtual8','playerVirtual8_2d4d1a47a3',4,'2018-02-15 12:14:00',NULL,0),(15,'playerVirtual9','playerVirtual9_4409d91f72',4,'2018-02-15 12:14:00',NULL,0),(16,'playerVirtual11','playerVirtual11_02392b12ac',4,'2018-02-15 12:14:00',NULL,0),(17,'playerVirtual12','playerVirtual12_ca2ad8954a',4,'2018-02-15 12:14:00',NULL,0),(18,'playerVirtual13','playerVirtual13_54c3d77fa9',4,'2018-02-15 12:14:00',NULL,0),(19,'playerVirtual15','playerVirtual15_9787b058aa',4,'2018-02-15 12:14:00',NULL,0),(20,'playerVirtual18','playerVirtual18_a68362c639',4,'2018-02-15 12:14:00',NULL,0),(21,'playerVirtual17','playerVirtual17_450512000',0,'2018-02-15 12:14:01',NULL,0),(22,'playerVirtual17','playerVirtual17_450512000',0,'2018-02-15 12:14:02',NULL,0),(23,'playerVirtual17','playerVirtual17_641e9fd8a3',3,'2018-02-15 12:15:02',NULL,0),(24,'playerVirtual10','playerVirtual10_1438244924',0,'2018-02-15 12:15:03',NULL,0),(25,'playerVirtual10','playerVirtual10_1438244924',0,'2018-02-15 12:15:03',NULL,0),(26,'playerVirtual14','playerVirtual14_640692267',0,'2018-02-15 12:15:06',NULL,0),(27,'playerVirtual14','playerVirtual14_640692267',0,'2018-02-15 12:15:06',NULL,0),(28,'playerVirtual16','playerVirtual16_2381571381',0,'2018-02-15 12:15:07',NULL,0),(29,'playerVirtual16','playerVirtual16_2381571381',0,'2018-02-15 12:15:07',NULL,0),(30,'playerVirtual0','playerVirtual0_5297461910',0,'2018-02-15 12:15:08',NULL,0),(31,'playerVirtual0','playerVirtual0_5297461910',0,'2018-02-15 12:15:08',NULL,0),(32,'playerVirtual1','playerVirtual1_2790332778',0,'2018-02-15 12:15:11',NULL,0),(33,'playerVirtual1','playerVirtual1_2790332778',0,'2018-02-15 12:15:11',NULL,0),(34,'playerVirtual19','playerVirtual19_369721705',0,'2018-02-15 12:15:12',NULL,0),(35,'playerVirtual2','playerVirtual2_317469422',0,'2018-02-15 12:15:12',NULL,0),(36,'playerVirtual19','playerVirtual19_369721705',0,'2018-02-15 12:15:12',NULL,0),(37,'playerVirtual2','playerVirtual2_317469422',0,'2018-02-15 12:15:12',NULL,0),(38,'playerVirtual3','playerVirtual3_6955737',0,'2018-02-15 12:15:12',NULL,0),(39,'playerVirtual3','playerVirtual3_6955737',0,'2018-02-15 12:15:12',NULL,0),(40,'playerVirtual4','playerVirtual4_257338104',0,'2018-02-15 12:15:13',NULL,0),(41,'playerVirtual5','playerVirtual5_3584940347',0,'2018-02-15 12:15:13',NULL,0),(42,'playerVirtual4','playerVirtual4_257338104',0,'2018-02-15 12:15:13',NULL,0),(43,'playerVirtual5','playerVirtual5_3584940347',0,'2018-02-15 12:15:13',NULL,0),(44,'playerVirtual6','playerVirtual6_2433236783',0,'2018-02-15 12:15:13',NULL,0),(45,'playerVirtual6','playerVirtual6_2433236783',0,'2018-02-15 12:15:13',NULL,0),(46,'playerVirtual8','playerVirtual8_3338579772',0,'2018-02-15 12:15:14',NULL,0),(47,'playerVirtual7','playerVirtual7_257407216',0,'2018-02-15 12:15:14',NULL,0),(48,'playerVirtual8','playerVirtual8_3338579772',0,'2018-02-15 12:15:14',NULL,0),(49,'playerVirtual7','playerVirtual7_257407216',0,'2018-02-15 12:15:14',NULL,0),(50,'playerVirtual11','playerVirtual11_182859403',0,'2018-02-15 12:15:21',NULL,0),(51,'playerVirtual11','playerVirtual11_182859403',0,'2018-02-15 12:15:21',NULL,0),(52,'playerVirtual9','playerVirtual9_2359368952',0,'2018-02-15 12:15:24',NULL,0),(53,'playerVirtual9','playerVirtual9_2359368952',0,'2018-02-15 12:15:24',NULL,0),(54,'playerVirtual12','playerVirtual12_16917741',0,'2018-02-15 12:15:27',NULL,0),(55,'playerVirtual12','playerVirtual12_16917741',0,'2018-02-15 12:15:28',NULL,0),(56,'playerVirtual15','playerVirtual15_2545640208',0,'2018-02-15 12:15:37',NULL,0),(57,'playerVirtual15','playerVirtual15_2545640208',0,'2018-02-15 12:15:37',NULL,0),(58,'playerVirtual13','playerVirtual13_908315',0,'2018-02-15 12:15:38',NULL,0),(59,'playerVirtual13','playerVirtual13_908315',0,'2018-02-15 12:15:38',NULL,0),(60,'playerVirtual18','playerVirtual18_539194189',0,'2018-02-15 12:15:46',NULL,0),(61,'playerVirtual18','playerVirtual18_539194189',0,'2018-02-15 12:15:46',NULL,0),(62,'playerVirtual10','playerVirtual10_0e834555f4',3,'2018-02-15 12:16:03',NULL,0),(63,'playerVirtual14','playerVirtual14_174aa3fba3',3,'2018-02-15 12:16:06',NULL,0),(64,'playerVirtual16','playerVirtual16_aee8ad3ade',3,'2018-02-15 12:16:07',NULL,0),(65,'playerVirtual0','playerVirtual0_20d4650c92',3,'2018-02-15 12:16:08',NULL,0),(66,'playerVirtual1','playerVirtual1_2996e07805',3,'2018-02-15 12:16:11',NULL,0),(67,'playerVirtual19','playerVirtual19_e96e3c9bdd',3,'2018-02-15 12:16:12',NULL,0),(68,'playerVirtual2','playerVirtual2_103c1ce3af',3,'2018-02-15 12:16:12',NULL,0),(69,'playerVirtual3','playerVirtual3_a5a58739eb',3,'2018-02-15 12:16:12',NULL,0),(70,'playerVirtual4','playerVirtual4_e4a2ed240e',3,'2018-02-15 12:16:13',NULL,0),(71,'playerVirtual5','playerVirtual5_fa9318ecb6',3,'2018-02-15 12:16:13',NULL,0),(72,'playerVirtual6','playerVirtual6_15eff65134',3,'2018-02-15 12:16:13',NULL,0),(73,'playerVirtual8','playerVirtual8_bd5b945021',3,'2018-02-15 12:16:14',NULL,0),(74,'playerVirtual7','playerVirtual7_358db9fd57',3,'2018-02-15 12:16:14',NULL,0),(75,'playerVirtual11','playerVirtual11_f61f154333',3,'2018-02-15 12:16:21',NULL,0),(76,'playerVirtual9','playerVirtual9_b2d64a1928',3,'2018-02-15 12:16:25',NULL,0),(77,'playerVirtual12','playerVirtual12_1edaea2cf6',3,'2018-02-15 12:16:28',NULL,0),(78,'playerVirtual15','playerVirtual15_d0cd17d3ec',3,'2018-02-15 12:16:37',NULL,0),(79,'playerVirtual13','playerVirtual13_df2f9db205',3,'2018-02-15 12:16:38',NULL,0),(80,'playerVirtual18','playerVirtual18_9a7ba93a45',3,'2018-02-15 12:16:46',NULL,0),(81,'playerVirtual17','playerVirtual17_4820204870',0,'2018-02-15 12:17:27',NULL,0),(82,'playerVirtual17','playerVirtual17_4820204870',0,'2018-02-15 12:17:27',NULL,0),(83,'playerVirtual17','playerVirtual17_a6f4f7aa2a',4,'2018-02-15 12:18:27',NULL,0),(84,'playerVirtual10','playerVirtual10_8058564',0,'2018-02-15 12:19:16',NULL,0),(85,'playerVirtual10','playerVirtual10_8058564',0,'2018-02-15 12:19:16',NULL,0),(86,'playerVirtual14','playerVirtual14_1429160667',0,'2018-02-15 12:19:17',NULL,0),(87,'playerVirtual14','playerVirtual14_1429160667',0,'2018-02-15 12:19:17',NULL,0),(88,'playerVirtual16','playerVirtual16_3338010893',0,'2018-02-15 12:19:18',NULL,0),(89,'playerVirtual16','playerVirtual16_3338010893',0,'2018-02-15 12:19:18',NULL,0),(90,'playerVirtual0','playerVirtual0_82730999',0,'2018-02-15 12:19:22',NULL,0),(91,'playerVirtual0','playerVirtual0_82730999',0,'2018-02-15 12:19:22',NULL,0),(92,'playerVirtual19','playerVirtual19_6571218',0,'2018-02-15 12:19:24',NULL,0),(93,'playerVirtual1','playerVirtual1_351652724',0,'2018-02-15 12:19:24',NULL,0),(94,'playerVirtual19','playerVirtual19_6571218',0,'2018-02-15 12:19:24',NULL,0),(95,'playerVirtual1','playerVirtual1_351652724',0,'2018-02-15 12:19:24',NULL,0),(96,'playerVirtual2','playerVirtual2_778566023',0,'2018-02-15 12:19:26',NULL,0),(97,'playerVirtual2','playerVirtual2_778566023',0,'2018-02-15 12:19:26',NULL,0),(98,'playerVirtual3','playerVirtual3_1436344784',0,'2018-02-15 12:19:30',NULL,0),(99,'playerVirtual3','playerVirtual3_1436344784',0,'2018-02-15 12:19:30',NULL,0),(100,'playerVirtual4','playerVirtual4_1339662',0,'2018-02-15 12:19:31',NULL,0),(101,'playerVirtual4','playerVirtual4_1339662',0,'2018-02-15 12:19:31',NULL,0),(102,'playerVirtual5','playerVirtual5_317497342',0,'2018-02-15 12:19:32',NULL,0),(103,'playerVirtual5','playerVirtual5_317497342',0,'2018-02-15 12:19:32',NULL,0),(104,'playerVirtual6','playerVirtual6_284794223',0,'2018-02-15 12:19:33',NULL,0),(105,'playerVirtual8','playerVirtual8_359920779',0,'2018-02-15 12:19:33',NULL,0),(106,'playerVirtual6','playerVirtual6_284794223',0,'2018-02-15 12:19:33',NULL,0),(107,'playerVirtual7','playerVirtual7_904011',0,'2018-02-15 12:19:33',NULL,0),(108,'playerVirtual8','playerVirtual8_359920779',0,'2018-02-15 12:19:33',NULL,0),(109,'playerVirtual7','playerVirtual7_904011',0,'2018-02-15 12:19:33',NULL,0),(110,'playerVirtual9','playerVirtual9_257338074',0,'2018-02-15 12:19:34',NULL,0),(111,'playerVirtual11','playerVirtual11_2904109077',0,'2018-02-15 12:19:34',NULL,0),(112,'playerVirtual9','playerVirtual9_257338074',0,'2018-02-15 12:19:34',NULL,0),(113,'playerVirtual11','playerVirtual11_2904109077',0,'2018-02-15 12:19:34',NULL,0),(114,'playerVirtual12','playerVirtual12_905614',0,'2018-02-15 12:19:34',NULL,0),(115,'playerVirtual12','playerVirtual12_905614',0,'2018-02-15 12:19:34',NULL,0),(116,'playerVirtual15','playerVirtual15_1093460',0,'2018-02-15 12:19:35',NULL,0),(117,'playerVirtual15','playerVirtual15_1093460',0,'2018-02-15 12:19:35',NULL,0),(118,'playerVirtual13','playerVirtual13_6569547',0,'2018-02-15 12:19:36',NULL,0),(119,'playerVirtual13','playerVirtual13_6569547',0,'2018-02-15 12:19:36',NULL,0),(120,'playerVirtual18','playerVirtual18_470485660',0,'2018-02-15 12:19:37',NULL,0),(121,'playerVirtual18','playerVirtual18_470485660',0,'2018-02-15 12:19:37',NULL,0),(122,'playerVirtual10','playerVirtual10_05833c4412',4,'2018-02-15 12:20:16',NULL,0),(123,'playerVirtual14','playerVirtual14_a13a63c7da',4,'2018-02-15 12:20:17',NULL,0),(124,'playerVirtual16','playerVirtual16_42212e139b',4,'2018-02-15 12:20:18',NULL,0),(125,'playerVirtual0','playerVirtual0_9fa88a88e7',4,'2018-02-15 12:20:22',NULL,0),(126,'playerVirtual19','playerVirtual19_64bd37c303',4,'2018-02-15 12:20:24',NULL,0),(127,'playerVirtual1','playerVirtual1_08bf04f296',4,'2018-02-15 12:20:24',NULL,0),(128,'playerVirtual2','playerVirtual2_687bf67b99',4,'2018-02-15 12:20:26',NULL,0),(129,'playerVirtual3','playerVirtual3_b7323201ed',4,'2018-02-15 12:20:30',NULL,0),(130,'playerVirtual4','playerVirtual4_ca2219e662',4,'2018-02-15 12:20:31',NULL,0),(131,'playerVirtual5','playerVirtual5_41425a8a95',4,'2018-02-15 12:20:33',NULL,0),(132,'playerVirtual6','playerVirtual6_d7f2256a1f',4,'2018-02-15 12:20:33',NULL,0),(133,'playerVirtual8','playerVirtual8_c863545568',4,'2018-02-15 12:20:33',NULL,0),(134,'playerVirtual7','playerVirtual7_7d59f2b0fd',4,'2018-02-15 12:20:33',NULL,0),(135,'playerVirtual11','playerVirtual11_2dc0741277',4,'2018-02-15 12:20:34',NULL,0),(136,'playerVirtual9','playerVirtual9_e83e3d6187',4,'2018-02-15 12:20:34',NULL,0),(137,'playerVirtual12','playerVirtual12_16f5706339',4,'2018-02-15 12:20:34',NULL,0),(138,'playerVirtual15','playerVirtual15_a4e0594c4f',4,'2018-02-15 12:20:35',NULL,0),(139,'playerVirtual13','playerVirtual13_48269e0c4e',4,'2018-02-15 12:20:36',NULL,0),(140,'playerVirtual18','playerVirtual18_8e31561169',4,'2018-02-15 12:20:37',NULL,0),(141,'playerVirtual17','playerVirtual17_30788568',0,'2018-02-15 12:20:41',NULL,0),(142,'playerVirtual17','playerVirtual17_30788568',0,'2018-02-15 12:20:41',NULL,0),(143,'playerVirtual17','playerVirtual17_7509d00d12',3,'2018-02-15 12:21:41',NULL,0),(144,'playerVirtual10','playerVirtual10_5792765',0,'2018-02-15 12:21:43',NULL,0),(145,'playerVirtual10','playerVirtual10_5792765',0,'2018-02-15 12:21:43',NULL,0),(146,'playerVirtual14','playerVirtual14_38671842',0,'2018-02-15 12:21:53',NULL,0),(147,'playerVirtual14','playerVirtual14_38671842',0,'2018-02-15 12:21:53',NULL,0),(148,'playerVirtual16','playerVirtual16_400453824',0,'2018-02-15 12:21:54',NULL,0),(149,'playerVirtual16','playerVirtual16_400453824',0,'2018-02-15 12:21:54',NULL,0),(150,'playerVirtual0','playerVirtual0_4820318661',0,'2018-02-15 12:22:03',NULL,0),(151,'playerVirtual0','playerVirtual0_4820318661',0,'2018-02-15 12:22:03',NULL,0),(152,'playerVirtual1','playerVirtual1_4819935267',0,'2018-02-15 12:22:07',NULL,0),(153,'playerVirtual1','playerVirtual1_4819935267',0,'2018-02-15 12:22:07',NULL,0),(154,'playerVirtual19','playerVirtual19_4820217293',0,'2018-02-15 12:22:11',NULL,0),(155,'playerVirtual19','playerVirtual19_4820217293',0,'2018-02-15 12:22:11',NULL,0),(156,'playerVirtual2','playerVirtual2_6264344062',0,'2018-02-15 12:22:12',NULL,0),(157,'playerVirtual2','playerVirtual2_6264344062',0,'2018-02-15 12:22:12',NULL,0),(158,'playerVirtual3','playerVirtual3_2378747961',0,'2018-02-15 12:22:22',NULL,0),(159,'playerVirtual3','playerVirtual3_2378747961',0,'2018-02-15 12:22:22',NULL,0),(160,'playerVirtual4','playerVirtual4_5068098508',0,'2018-02-15 12:22:27',NULL,0),(161,'playerVirtual4','playerVirtual4_5068098508',0,'2018-02-15 12:22:27',NULL,0),(162,'playerVirtual10','playerVirtual10_b2bc58983a',3,'2018-02-15 12:22:43',NULL,0),(163,'playerVirtual14','playerVirtual14_2402908061',3,'2018-02-15 12:22:53',NULL,0),(164,'playerVirtual16','playerVirtual16_35de6fba76',3,'2018-02-15 12:22:54',NULL,0),(165,'playerVirtual1','playerVirtual1_877622887b',3,'2018-02-15 12:23:07',NULL,0),(166,'playerVirtual19','playerVirtual19_5f91bb00fd',3,'2018-02-15 12:23:11',NULL,0),(167,'playerVirtual3','playerVirtual3_94c479643b',3,'2018-02-15 12:23:22',NULL,0),(168,'playerVirtual4','playerVirtual4_415aeb6a8e',3,'2018-02-15 12:23:27',NULL,0),(169,'playerVirtual9','playerVirtual9_2359368952',1,'2018-02-15 12:23:36',NULL,0),(170,'playerVirtual9','playerVirtual9_bce7192c27',3,'2018-02-15 12:23:36',NULL,0),(171,'playerVirtual9','playerVirtual9_2359368952',1,'2018-02-15 12:23:36',NULL,0),(172,'playerVirtual5','playerVirtual5_227443932',0,'2018-02-15 12:23:41',NULL,0),(173,'playerVirtual5','playerVirtual5_227443932',0,'2018-02-15 12:23:41',NULL,0),(174,'playerVirtual6','playerVirtual6_1095593',0,'2018-02-15 12:23:41',NULL,0),(175,'playerVirtual6','playerVirtual6_1095593',0,'2018-02-15 12:23:41',NULL,0),(176,'playerVirtual8','playerVirtual8_2148750930',0,'2018-02-15 12:23:46',NULL,0),(177,'playerVirtual8','playerVirtual8_2148750930',0,'2018-02-15 12:23:46',NULL,0),(178,'playerVirtual7','playerVirtual7_563574327',0,'2018-02-15 12:23:50',NULL,0),(179,'playerVirtual7','playerVirtual7_563574327',0,'2018-02-15 12:23:50',NULL,0),(180,'playerVirtual11','playerVirtual11_765651',0,'2018-02-15 12:24:00',NULL,0),(181,'playerVirtual11','playerVirtual11_765651',0,'2018-02-15 12:24:00',NULL,0),(182,'playerVirtual12','playerVirtual12_16915963',0,'2018-02-15 12:24:09',NULL,0),(183,'playerVirtual12','playerVirtual12_16915963',0,'2018-02-15 12:24:09',NULL,0),(184,'playerVirtual15','playerVirtual15_5623125514',0,'2018-02-15 12:24:21',NULL,0),(185,'playerVirtual15','playerVirtual15_5623125514',0,'2018-02-15 12:24:21',NULL,0),(186,'playerVirtual13','playerVirtual13_284757920',0,'2018-02-15 12:24:23',NULL,0),(187,'playerVirtual13','playerVirtual13_284757920',0,'2018-02-15 12:24:23',NULL,0),(188,'playerVirtual18','playerVirtual18_272887063',0,'2018-02-15 12:24:33',NULL,0),(189,'playerVirtual18','playerVirtual18_272887063',0,'2018-02-15 12:24:33',NULL,0),(190,'playerVirtual5','playerVirtual5_8ef448cd2a',3,'2018-02-15 12:24:41',NULL,0),(191,'playerVirtual6','playerVirtual6_10584a12e3',3,'2018-02-15 12:24:41',NULL,0),(192,'playerVirtual8','playerVirtual8_d9912fdbc1',3,'2018-02-15 12:24:46',NULL,0),(193,'playerVirtual7','playerVirtual7_12640cf886',3,'2018-02-15 12:24:50',NULL,0),(194,'playerVirtual11','playerVirtual11_261697f489',3,'2018-02-15 12:25:00',NULL,0),(195,'playerVirtual12','playerVirtual12_48ec075ca7',3,'2018-02-15 12:25:09',NULL,0),(196,'playerVirtual15','playerVirtual15_3a0925255e',3,'2018-02-15 12:25:21',NULL,0),(197,'playerVirtual13','playerVirtual13_dcfe58e08d',3,'2018-02-15 12:25:23',NULL,0),(198,'playerVirtual18','playerVirtual18_0418ede7e2',3,'2018-02-15 12:25:33',NULL,0),(199,'playerVirtual17','playerVirtual17_6274355716',0,'2018-02-15 12:26:17',NULL,0),(200,'playerVirtual17','playerVirtual17_6274355716',0,'2018-02-15 12:26:17',NULL,0),(201,'playerVirtual17','playerVirtual17_1f5de329c7',4,'2018-02-15 12:27:17',NULL,0),(202,'playerVirtual10','playerVirtual10_38676294',0,'2018-02-15 12:28:07',NULL,0),(203,'playerVirtual10','playerVirtual10_38676294',0,'2018-02-15 12:28:07',NULL,0),(204,'playerVirtual11','playerVirtual11_182859403',1,'2018-02-15 12:28:42',NULL,0),(205,'playerVirtual11','playerVirtual11_b155986fb0',4,'2018-02-15 12:28:42',NULL,0),(206,'playerVirtual11','playerVirtual11_182859403',1,'2018-02-15 12:28:43',NULL,0),(207,'playerVirtual10','playerVirtual10_3878ccdafd',4,'2018-02-15 12:29:07',NULL,0),(208,'playerVirtual14','playerVirtual14_182859403',0,'2018-02-15 12:29:10',NULL,0),(209,'playerVirtual14','playerVirtual14_182859403',0,'2018-02-15 12:29:10',NULL,0),(210,'playerVirtual16','playerVirtual16_4820204870',0,'2018-02-15 12:29:26',NULL,0),(211,'playerVirtual16','playerVirtual16_4820204870',0,'2018-02-15 12:29:27',NULL,0),(212,'playerVirtual9','playerVirtual9_6282149131',0,'2018-02-15 12:29:35',NULL,0),(213,'playerVirtual9','playerVirtual9_6282149131',0,'2018-02-15 12:29:35',NULL,0),(214,'playerVirtual1','playerVirtual1_990694203',0,'2018-02-15 12:30:03',NULL,0),(215,'playerVirtual1','playerVirtual1_990694203',0,'2018-02-15 12:30:03',NULL,0),(216,'playerVirtual19','playerVirtual19_6280638724',0,'2018-02-15 12:30:08',NULL,0),(217,'playerVirtual19','playerVirtual19_6280638724',0,'2018-02-15 12:30:08',NULL,0),(218,'playerVirtual14','playerVirtual14_792be1ba23',4,'2018-02-15 12:30:10',NULL,0),(219,'playerVirtual3','playerVirtual3_4476462938',0,'2018-02-15 12:30:24',NULL,0),(220,'playerVirtual3','playerVirtual3_4476462938',0,'2018-02-15 12:30:24',NULL,0),(221,'playerVirtual16','playerVirtual16_f39b94c131',4,'2018-02-15 12:30:27',NULL,0),(222,'playerVirtual4','playerVirtual4_272887063',0,'2018-02-15 12:30:32',NULL,0),(223,'playerVirtual4','playerVirtual4_272887063',0,'2018-02-15 12:30:32',NULL,0),(224,'playerVirtual5','playerVirtual5_2359368952',0,'2018-02-15 12:30:35',NULL,0),(225,'playerVirtual5','playerVirtual5_2359368952',0,'2018-02-15 12:30:35',NULL,0),(226,'playerVirtual9','playerVirtual9_7b48916002',4,'2018-02-15 12:30:35',NULL,0),(227,'playerVirtual18','playerVirtual18_272887063',1,'2018-02-15 12:30:36',NULL,0),(228,'playerVirtual18','playerVirtual18_d22c9cced9',4,'2018-02-15 12:30:36',NULL,0),(229,'playerVirtual18','playerVirtual18_272887063',1,'2018-02-15 12:30:36',NULL,0),(230,'playerVirtual6','playerVirtual6_1436323714',0,'2018-02-15 12:30:47',NULL,0),(231,'playerVirtual6','playerVirtual6_1436323714',0,'2018-02-15 12:30:47',NULL,0),(232,'playerVirtual17','playerVirtual17_4820204870',1,'2018-02-15 12:30:49',NULL,0),(233,'playerVirtual17','playerVirtual17_88900102a6',3,'2018-02-15 12:30:49',NULL,0),(234,'playerVirtual17','playerVirtual17_4820204870',1,'2018-02-15 12:30:49',NULL,0),(235,'playerVirtual8','playerVirtual8_682797',0,'2018-02-15 12:30:55',NULL,0),(236,'playerVirtual8','playerVirtual8_682797',0,'2018-02-15 12:30:55',NULL,0),(237,'playerVirtual7','playerVirtual7_214880781',0,'2018-02-15 12:30:58',NULL,0),(238,'playerVirtual7','playerVirtual7_214880781',0,'2018-02-15 12:30:58',NULL,0),(239,'playerVirtual12','playerVirtual12_1094955',0,'2018-02-15 12:31:00',NULL,0),(240,'playerVirtual12','playerVirtual12_1094955',0,'2018-02-15 12:31:00',NULL,0),(241,'playerVirtual1','playerVirtual1_60d4229901',4,'2018-02-15 12:31:03',NULL,0),(242,'playerVirtual15','playerVirtual15_16914091',0,'2018-02-15 12:31:04',NULL,0),(243,'playerVirtual15','playerVirtual15_16914091',0,'2018-02-15 12:31:05',NULL,0),(244,'playerVirtual19','playerVirtual19_a7cbdfb33e',4,'2018-02-15 12:31:08',NULL,0),(245,'playerVirtual13','playerVirtual13_182859403',0,'2018-02-15 12:31:18',NULL,0),(246,'playerVirtual13','playerVirtual13_182859403',0,'2018-02-15 12:31:19',NULL,0),(247,'playerVirtual3','playerVirtual3_1f9cc6f711',4,'2018-02-15 12:31:24',NULL,0),(248,'playerVirtual4','playerVirtual4_de0620db5c',4,'2018-02-15 12:31:32',NULL,0),(249,'playerVirtual5','playerVirtual5_f95b36a2d0',4,'2018-02-15 12:31:35',NULL,0),(250,'playerVirtual6','playerVirtual6_fe7ed8ae42',4,'2018-02-15 12:31:47',NULL,0),(251,'playerVirtual8','playerVirtual8_0f47fbe4cf',4,'2018-02-15 12:31:55',NULL,0),(252,'playerVirtual7','playerVirtual7_667895d1d2',4,'2018-02-15 12:31:58',NULL,0),(253,'playerVirtual12','playerVirtual12_fd2e2ba3c9',4,'2018-02-15 12:32:00',NULL,0),(254,'playerVirtual14','playerVirtual14_182859403',1,'2018-02-15 12:32:02',NULL,0),(255,'playerVirtual14','playerVirtual14_25a99e359f',3,'2018-02-15 12:32:02',NULL,0),(256,'playerVirtual14','playerVirtual14_182859403',1,'2018-02-15 12:32:02',NULL,0),(257,'playerVirtual15','playerVirtual15_7246ab3c10',4,'2018-02-15 12:32:05',NULL,0),(258,'playerVirtual13','playerVirtual13_5c1cf4682a',4,'2018-02-15 12:32:19',NULL,0),(259,'playerVirtual1','playerVirtual1_990694203',1,'2018-02-15 12:32:46',NULL,0),(260,'playerVirtual1','playerVirtual1_0f95907199',3,'2018-02-15 12:32:46',NULL,0),(261,'playerVirtual1','playerVirtual1_990694203',1,'2018-02-15 12:32:46',NULL,0),(262,'playerVirtual10','playerVirtual10_6285257156',0,'2018-02-15 12:33:35',NULL,0),(263,'playerVirtual10','playerVirtual10_6285257156',0,'2018-02-15 12:33:35',NULL,0),(264,'playerVirtual16','playerVirtual16_6955737',0,'2018-02-15 12:34:25',NULL,0),(265,'playerVirtual16','playerVirtual16_6955737',0,'2018-02-15 12:34:25',NULL,0),(266,'playerVirtual10','playerVirtual10_f42e968a37',3,'2018-02-15 12:34:35',NULL,0),(267,'playerVirtual3','playerVirtual3_6955737',1,'2018-02-15 12:34:40',NULL,0),(268,'playerVirtual3','playerVirtual3_673e1a2e2b',3,'2018-02-15 12:34:40',NULL,0),(269,'playerVirtual3','playerVirtual3_6955737',1,'2018-02-15 12:34:40',NULL,0),(270,'playerVirtual11','playerVirtual11_6641406',0,'2018-02-15 12:34:47',NULL,0),(271,'playerVirtual11','playerVirtual11_6641406',0,'2018-02-15 12:34:47',NULL,0),(272,'playerVirtual19','playerVirtual19_2378747961',0,'2018-02-15 12:35:01',NULL,0),(273,'playerVirtual19','playerVirtual19_2378747961',0,'2018-02-15 12:35:01',NULL,0),(274,'playerVirtual9','playerVirtual9_1438244924',0,'2018-02-15 12:35:14',NULL,0),(275,'playerVirtual9','playerVirtual9_1438244924',0,'2018-02-15 12:35:14',NULL,0),(276,'playerVirtual16','playerVirtual16_78e2025f71',3,'2018-02-15 12:35:25',NULL,0),(277,'playerVirtual11','playerVirtual11_8f70cd7e39',3,'2018-02-15 12:35:47',NULL,0),(278,'playerVirtual4','playerVirtual4_1438244924',0,'2018-02-15 12:35:54',NULL,0),(279,'playerVirtual4','playerVirtual4_1438244924',0,'2018-02-15 12:35:54',NULL,0),(280,'playerVirtual19','playerVirtual19_1fb9759fb5',3,'2018-02-15 12:36:01',NULL,0),(281,'playerVirtual18','playerVirtual18_3338579772',0,'2018-02-15 12:36:12',NULL,0),(282,'playerVirtual18','playerVirtual18_3338579772',0,'2018-02-15 12:36:12',NULL,0),(283,'playerVirtual9','playerVirtual9_6f7ec64376',3,'2018-02-15 12:36:14',NULL,0),(284,'playerVirtual8','playerVirtual8_3338579772',1,'2018-02-15 12:36:24',NULL,0),(285,'playerVirtual8','playerVirtual8_1ebad0e035',3,'2018-02-15 12:36:24',NULL,0),(286,'playerVirtual8','playerVirtual8_3338579772',1,'2018-02-15 12:36:24',NULL,0),(287,'playerVirtual4','playerVirtual4_757359f244',3,'2018-02-15 12:36:54',NULL,0),(288,'playerVirtual5','playerVirtual5_6289704471',0,'2018-02-15 12:37:11',NULL,0),(289,'playerVirtual5','playerVirtual5_6289704471',0,'2018-02-15 12:37:11',NULL,0),(290,'playerVirtual18','playerVirtual18_17d3caf82e',3,'2018-02-15 12:37:12',NULL,0),(291,'playerVirtual6','playerVirtual6_1436344784',0,'2018-02-15 12:37:27',NULL,0),(292,'playerVirtual6','playerVirtual6_1436344784',0,'2018-02-15 12:37:28',NULL,0),(293,'playerVirtual7','playerVirtual7_794070039',0,'2018-02-15 12:37:45',NULL,0),(294,'playerVirtual7','playerVirtual7_794070039',0,'2018-02-15 12:37:46',NULL,0),(295,'playerVirtual17','playerVirtual17_2381571381',0,'2018-02-15 12:38:05',NULL,0),(296,'playerVirtual17','playerVirtual17_2381571381',0,'2018-02-15 12:38:05',NULL,0),(297,'playerVirtual5','playerVirtual5_fae5b339ca',3,'2018-02-15 12:38:11',NULL,0),(298,'playerVirtual6','playerVirtual6_0043c726b7',3,'2018-02-15 12:38:28',NULL,0),(299,'playerVirtual12','playerVirtual12_990694203',0,'2018-02-15 12:38:43',NULL,0),(300,'playerVirtual12','playerVirtual12_990694203',0,'2018-02-15 12:38:43',NULL,0),(301,'playerVirtual7','playerVirtual7_10995ce0c2',3,'2018-02-15 12:38:46',NULL,0),(302,'playerVirtual17','playerVirtual17_9184566303',4,'2018-02-15 12:39:05',NULL,0),(303,'playerVirtual12','playerVirtual12_6c43e5be0d',3,'2018-02-15 12:39:43',NULL,0),(304,'playerVirtual15','playerVirtual15_6296865278',0,'2018-02-15 12:40:26',NULL,0),(305,'playerVirtual15','playerVirtual15_6296865278',0,'2018-02-15 12:40:26',NULL,0),(306,'playerVirtual10','playerVirtual10_1438244924',1,'2018-02-15 12:40:45',NULL,0),(307,'playerVirtual10','playerVirtual10_dd2976149d',4,'2018-02-15 12:40:45',NULL,0),(308,'playerVirtual10','playerVirtual10_1438244924',1,'2018-02-15 12:40:45',NULL,0),(309,'playerVirtual15','playerVirtual15_8bfb882ea4',3,'2018-02-15 12:41:26',NULL,0),(310,'playerVirtual13','playerVirtual13_182859403',1,'2018-02-15 12:41:32',NULL,0),(311,'playerVirtual13','playerVirtual13_74f074f02a',3,'2018-02-15 12:41:32',NULL,0),(312,'playerVirtual13','playerVirtual13_182859403',1,'2018-02-15 12:41:32',NULL,0),(313,'playerVirtual3','playerVirtual3_2378747961',1,'2018-02-15 12:42:12',NULL,0),(314,'playerVirtual3','playerVirtual3_3e670bd8d8',4,'2018-02-15 12:42:12',NULL,0),(315,'playerVirtual3','playerVirtual3_2378747961',1,'2018-02-15 12:42:12',NULL,0),(316,'playerVirtual16','playerVirtual16_2507ac858f',4,'2018-02-15 12:42:14',NULL,0),(317,'playerVirtual9','playerVirtual9_1438244924',1,'2018-02-15 12:43:03',NULL,0),(318,'playerVirtual9','playerVirtual9_aed0929e58',4,'2018-02-15 12:43:03',NULL,0),(319,'playerVirtual9','playerVirtual9_1438244924',1,'2018-02-15 12:43:03',NULL,0),(320,'playerVirtual14','playerVirtual14_6296268057',0,'2018-02-15 12:44:04',NULL,0),(321,'playerVirtual14','playerVirtual14_6296268057',0,'2018-02-15 12:44:04',NULL,0),(322,'playerVirtual19','playerVirtual19_2378747961',1,'2018-02-15 12:44:26',NULL,0),(323,'playerVirtual19','playerVirtual19_2741791576',4,'2018-02-15 12:44:26',NULL,0),(324,'playerVirtual19','playerVirtual19_2378747961',1,'2018-02-15 12:44:26',NULL,0),(325,'playerVirtual6','playerVirtual6_1095593',1,'2018-02-15 12:44:56',NULL,0),(326,'playerVirtual6','playerVirtual6_7ee5b92123',4,'2018-02-15 12:44:56',NULL,0),(327,'playerVirtual6','playerVirtual6_1095593',1,'2018-02-15 12:44:56',NULL,0),(328,'playerVirtual14','playerVirtual14_86b6229176',4,'2018-02-15 12:45:04',NULL,0),(329,'playerVirtual11','playerVirtual11_6264344062',0,'2018-02-15 12:45:30',NULL,0),(330,'playerVirtual11','playerVirtual11_6264344062',0,'2018-02-15 12:45:30',NULL,0),(331,'playerVirtual12','playerVirtual12_8c50b920bd',4,'2018-02-15 12:45:34',NULL,0),(332,'playerVirtual17','playerVirtual17_6274355716',1,'2018-02-15 12:45:39',NULL,0),(333,'playerVirtual17','playerVirtual17_e01cb761aa',3,'2018-02-15 12:45:39',NULL,0),(334,'playerVirtual17','playerVirtual17_6274355716',1,'2018-02-15 12:45:39',NULL,0),(335,'playerVirtual1','playerVirtual1_182859403',0,'2018-02-15 12:46:12',NULL,0),(336,'playerVirtual1','playerVirtual1_182859403',0,'2018-02-15 12:46:12',NULL,0),(337,'playerVirtual3','playerVirtual3_1436344784',1,'2018-02-15 12:46:27',NULL,0),(338,'playerVirtual3','playerVirtual3_8c6c2627b1',3,'2018-02-15 12:46:27',NULL,0),(339,'playerVirtual3','playerVirtual3_1436344784',1,'2018-02-15 12:46:27',NULL,0),(340,'playerVirtual11','playerVirtual11_ee6c8f09da',4,'2018-02-15 12:46:30',NULL,0),(341,'playerVirtual1','playerVirtual1_bc37090276',4,'2018-02-15 12:47:12',NULL,0),(342,'playerVirtual8','playerVirtual8_990694203',0,'2018-02-15 12:47:54',NULL,0),(343,'playerVirtual8','playerVirtual8_990694203',0,'2018-02-15 12:47:54',NULL,0),(344,'playerVirtual13','playerVirtual13_908315',1,'2018-02-15 12:48:34',NULL,0),(345,'playerVirtual13','playerVirtual13_b8fefdcb6f',4,'2018-02-15 12:48:34',NULL,0),(346,'playerVirtual13','playerVirtual13_908315',1,'2018-02-15 12:48:34',NULL,0),(347,'playerVirtual18','playerVirtual18_5297461910',0,'2018-02-15 12:48:41',NULL,0),(348,'playerVirtual18','playerVirtual18_5297461910',0,'2018-02-15 12:48:41',NULL,0),(349,'playerVirtual4','playerVirtual4_6301942525',0,'2018-02-15 12:48:52',NULL,0),(350,'playerVirtual4','playerVirtual4_6301942525',0,'2018-02-15 12:48:52',NULL,0),(351,'playerVirtual8','playerVirtual8_fe519e8d2f',4,'2018-02-15 12:48:54',NULL,0),(352,'playerVirtual1','playerVirtual1_182859403',1,'2018-02-15 12:48:55',NULL,0),(353,'playerVirtual1','playerVirtual1_cc8aac57ee',3,'2018-02-15 12:48:55',NULL,0),(354,'playerVirtual1','playerVirtual1_182859403',1,'2018-02-15 12:48:55',NULL,0),(355,'playerVirtual18','playerVirtual18_b0df8787d2',4,'2018-02-15 12:49:41',NULL,0),(356,'playerVirtual4','playerVirtual4_3a892f3091',4,'2018-02-15 12:49:52',NULL,0),(357,'playerVirtual5','playerVirtual5_6289704471',1,'2018-02-15 12:49:57',NULL,0),(358,'playerVirtual5','playerVirtual5_01f87b2678',4,'2018-02-15 12:49:57',NULL,0),(359,'playerVirtual5','playerVirtual5_6289704471',1,'2018-02-15 12:49:57',NULL,0),(360,'playerVirtual7','playerVirtual7_6289704471',0,'2018-02-15 12:51:03',NULL,0),(361,'playerVirtual7','playerVirtual7_6289704471',0,'2018-02-15 12:51:03',NULL,0),(362,'playerVirtual15','playerVirtual15_6274355716',0,'2018-02-15 12:51:50',NULL,0),(363,'playerVirtual15','playerVirtual15_6274355716',0,'2018-02-15 12:51:50',NULL,0),(364,'playerVirtual7','playerVirtual7_4d7cb15c30',4,'2018-02-15 12:52:03',NULL,0),(365,'playerVirtual10','playerVirtual10_1095593',0,'2018-02-15 12:52:46',NULL,0),(366,'playerVirtual10','playerVirtual10_1095593',0,'2018-02-15 12:52:46',NULL,0),(367,'playerVirtual15','playerVirtual15_51f61472ab',4,'2018-02-15 12:52:50',NULL,0),(368,'playerVirtual8','playerVirtual8_990694203',1,'2018-02-15 12:53:23',NULL,0),(369,'playerVirtual8','playerVirtual8_4a15d5ed25',3,'2018-02-15 12:53:23',NULL,0),(370,'playerVirtual8','playerVirtual8_990694203',1,'2018-02-15 12:53:23',NULL,0),(371,'playerVirtual10','playerVirtual10_36b6902b69',3,'2018-02-15 12:53:46',NULL,0),(372,'playerVirtual14','playerVirtual14_6289704471',0,'2018-02-15 12:53:51',NULL,0),(373,'playerVirtual14','playerVirtual14_6289704471',0,'2018-02-15 12:53:51',NULL,0),(374,'playerVirtual16','playerVirtual16_182859403',0,'2018-02-15 12:54:16',NULL,0),(375,'playerVirtual16','playerVirtual16_182859403',0,'2018-02-15 12:54:16',NULL,0),(376,'playerVirtual14','playerVirtual14_6a4e1d6281',3,'2018-02-15 12:54:51',NULL,0),(377,'playerVirtual19','playerVirtual19_539194189',0,'2018-02-15 12:55:01',NULL,0),(378,'playerVirtual19','playerVirtual19_539194189',0,'2018-02-15 12:55:01',NULL,0),(379,'playerVirtual9','playerVirtual9_908315',0,'2018-02-15 12:55:08',NULL,0),(380,'playerVirtual9','playerVirtual9_908315',0,'2018-02-15 12:55:08',NULL,0),(381,'playerVirtual16','playerVirtual16_dd7a3d4395',3,'2018-02-15 12:55:16',NULL,0),(382,'playerVirtual4','playerVirtual4_5068098508',1,'2018-02-15 12:55:30',NULL,0),(383,'playerVirtual4','playerVirtual4_8782ec36bb',3,'2018-02-15 12:55:30',NULL,0),(384,'playerVirtual4','playerVirtual4_5068098508',1,'2018-02-15 12:55:30',NULL,0),(385,'playerVirtual19','playerVirtual19_b77244ef98',3,'2018-02-15 12:56:01',NULL,0),(386,'playerVirtual9','playerVirtual9_04c52f6aa8',3,'2018-02-15 12:56:08',NULL,0),(387,'playerVirtual18','playerVirtual18_539194189',1,'2018-02-15 12:56:52',NULL,0),(388,'playerVirtual18','playerVirtual18_3113f52ee2',3,'2018-02-15 12:56:52',NULL,0),(389,'playerVirtual18','playerVirtual18_539194189',1,'2018-02-15 12:56:52',NULL,0),(390,'playerVirtual7','playerVirtual7_904011',1,'2018-02-15 12:57:51',NULL,0),(391,'playerVirtual7','playerVirtual7_b682488983',3,'2018-02-15 12:57:51',NULL,0),(392,'playerVirtual7','playerVirtual7_904011',1,'2018-02-15 12:57:51',NULL,0),(393,'playerVirtual11','playerVirtual11_4246147567',0,'2018-02-15 12:58:20',NULL,0),(394,'playerVirtual11','playerVirtual11_4246147567',0,'2018-02-15 12:58:20',NULL,0),(395,'playerVirtual6','playerVirtual6_4246147567',0,'2018-02-15 12:58:57',NULL,0),(396,'playerVirtual6','playerVirtual6_4246147567',0,'2018-02-15 12:58:57',NULL,0),(397,'playerVirtual11','playerVirtual11_4467e28177',3,'2018-02-15 12:59:20',NULL,0),(398,'playerVirtual6','playerVirtual6_26646eb252',3,'2018-02-15 12:59:57',NULL,0),(399,'playerVirtual5','playerVirtual5_5068098508',0,'2018-02-15 13:00:10',NULL,0),(400,'playerVirtual5','playerVirtual5_5068098508',0,'2018-02-15 13:00:10',NULL,0),(401,'playerVirtual10','playerVirtual10_5fac1c963d',4,'2018-02-15 13:00:11',NULL,0),(402,'playerVirtual17','playerVirtual17_4246147567',0,'2018-02-15 13:00:24',NULL,0),(403,'playerVirtual17','playerVirtual17_4246147567',0,'2018-02-15 13:00:24',NULL,0),(404,'playerVirtual12','playerVirtual12_4246147567',0,'2018-02-15 13:00:50',NULL,0),(405,'playerVirtual12','playerVirtual12_4246147567',0,'2018-02-15 13:00:50',NULL,0),(406,'playerVirtual5','playerVirtual5_3a8a0d65f1',3,'2018-02-15 13:01:10',NULL,0),(407,'playerVirtual17','playerVirtual17_19318d7075',4,'2018-02-15 13:01:24',NULL,0),(408,'playerVirtual12','playerVirtual12_c0d3c34908',3,'2018-02-15 13:01:50',NULL,0),(409,'playerVirtual13','playerVirtual13_2378747961',0,'2018-02-15 13:03:27',NULL,0),(410,'playerVirtual13','playerVirtual13_2378747961',0,'2018-02-15 13:03:27',NULL,0),(411,'playerVirtual3','playerVirtual3_6315250734',0,'2018-02-15 13:03:39',NULL,0),(412,'playerVirtual3','playerVirtual3_6315250734',0,'2018-02-15 13:03:39',NULL,0),(413,'playerVirtual15','playerVirtual15_4246147567',0,'2018-02-15 13:04:26',NULL,0),(414,'playerVirtual15','playerVirtual15_4246147567',0,'2018-02-15 13:04:26',NULL,0),(415,'playerVirtual13','playerVirtual13_eb9c5fdae7',3,'2018-02-15 13:04:27',NULL,0),(416,'playerVirtual3','playerVirtual3_fe73107614',4,'2018-02-15 13:04:39',NULL,0),(417,'playerVirtual15','playerVirtual15_0fc869c371',3,'2018-02-15 13:05:26',NULL,0),(418,'playerVirtual16','playerVirtual16_4246147567',0,'2018-02-15 13:05:52',NULL,0),(419,'playerVirtual16','playerVirtual16_4246147567',0,'2018-02-15 13:05:52',NULL,0),(420,'playerVirtual6','playerVirtual6_4246147567',1,'2018-02-15 13:06:25',NULL,0),(421,'playerVirtual6','playerVirtual6_18a819bcdc',4,'2018-02-15 13:06:25',NULL,0),(422,'playerVirtual6','playerVirtual6_4246147567',1,'2018-02-15 13:06:25',NULL,0),(423,'playerVirtual16','playerVirtual16_8a1d4bdcc8',4,'2018-02-15 13:06:52',NULL,0),(424,'playerVirtual9','playerVirtual9_4246147567',0,'2018-02-15 13:07:21',NULL,0),(425,'playerVirtual9','playerVirtual9_4246147567',0,'2018-02-15 13:07:21',NULL,0),(426,'playerVirtual12','playerVirtual12_4246147567',1,'2018-02-15 13:07:41',NULL,0),(427,'playerVirtual12','playerVirtual12_3d70af017d',4,'2018-02-15 13:07:42',NULL,0),(428,'playerVirtual12','playerVirtual12_4246147567',1,'2018-02-15 13:07:42',NULL,0),(429,'playerVirtual17','playerVirtual17_1a522fc19c',3,'2018-02-15 13:07:59',NULL,0),(430,'playerVirtual9','playerVirtual9_af2bd93bfe',4,'2018-02-15 13:08:21',NULL,0),(431,'playerVirtual14','playerVirtual14_4246147567',0,'2018-02-15 13:08:29',NULL,0),(432,'playerVirtual14','playerVirtual14_4246147567',0,'2018-02-15 13:08:29',NULL,0),(433,'playerVirtual19','playerVirtual19_4246147567',0,'2018-02-15 13:08:33',NULL,0),(434,'playerVirtual19','playerVirtual19_4246147567',0,'2018-02-15 13:08:33',NULL,0),(435,'playerVirtual11','playerVirtual11_73be1a8ba9',4,'2018-02-15 13:09:03',NULL,0),(436,'playerVirtual1','playerVirtual1_6316827871',0,'2018-02-15 13:09:08',NULL,0),(437,'playerVirtual1','playerVirtual1_6316827871',0,'2018-02-15 13:09:08',NULL,0),(438,'playerVirtual14','playerVirtual14_a35b68ed96',4,'2018-02-15 13:09:29',NULL,0),(439,'playerVirtual19','playerVirtual19_23e465460a',4,'2018-02-15 13:09:33',NULL,0),(440,'playerVirtual1','playerVirtual1_beb0c8cc43',4,'2018-02-15 13:10:08',NULL,0),(441,'playerVirtual7','playerVirtual7_6289704471',1,'2018-02-15 13:11:12',NULL,0),(442,'playerVirtual7','playerVirtual7_4d380248c6',4,'2018-02-15 13:11:12',NULL,0),(443,'playerVirtual7','playerVirtual7_6289704471',1,'2018-02-15 13:11:12',NULL,0),(444,'playerVirtual3','playerVirtual3_4246147567',0,'2018-02-15 13:11:14',NULL,0),(445,'playerVirtual3','playerVirtual3_4246147567',0,'2018-02-15 13:11:15',NULL,0),(446,'playerVirtual8','playerVirtual8_990694203',0,'2018-02-15 13:11:16',NULL,0),(447,'playerVirtual8','playerVirtual8_9ee90f7fb7',4,'2018-02-15 13:11:16',NULL,0),(448,'playerVirtual8','playerVirtual8_990694203',0,'2018-02-15 13:11:16',NULL,0),(449,'playerVirtual3','playerVirtual3_06bdb909ba',3,'2018-02-15 13:12:14',NULL,0),(450,'playerVirtual18','playerVirtual18_1095593',0,'2018-02-15 13:13:06',NULL,0),(451,'playerVirtual18','playerVirtual18_1095593',0,'2018-02-15 13:13:06',NULL,0),(452,'playerVirtual13','playerVirtual13_359920779',0,'2018-02-15 13:13:16',NULL,0),(453,'playerVirtual13','playerVirtual13_359920779',0,'2018-02-15 13:13:16',NULL,0),(454,'playerVirtual18','playerVirtual18_90ea78f2fd',4,'2018-02-15 13:14:06',NULL,0),(455,'playerVirtual13','playerVirtual13_9381b1b1d0',4,'2018-02-15 13:14:16',NULL,0),(456,'playerVirtual5','playerVirtual5_4246147567',0,'2018-02-15 13:14:30',NULL,0),(457,'playerVirtual5','playerVirtual5_4246147567',0,'2018-02-15 13:14:30',NULL,0),(458,'playerVirtual1','playerVirtual1_4246147567',0,'2018-02-15 13:15:26',NULL,0),(459,'playerVirtual1','playerVirtual1_4246147567',0,'2018-02-15 13:15:26',NULL,0),(460,'playerVirtual5','playerVirtual5_5b96d9dc02',4,'2018-02-15 13:15:30',NULL,0),(461,'playerVirtual8','playerVirtual8_990694203',1,'2018-02-15 13:15:46',NULL,0),(462,'playerVirtual8','playerVirtual8_2b54307c23',3,'2018-02-15 13:15:46',NULL,0),(463,'playerVirtual8','playerVirtual8_990694203',1,'2018-02-15 13:15:46',NULL,0),(464,'playerVirtual15','playerVirtual15_4246147567',1,'2018-02-15 13:15:51',NULL,0),(465,'playerVirtual15','playerVirtual15_80a28f0489',4,'2018-02-15 13:15:51',NULL,0),(466,'playerVirtual15','playerVirtual15_4246147567',1,'2018-02-15 13:15:51',NULL,0),(467,'playerVirtual1','playerVirtual1_dbff863ba8',3,'2018-02-15 13:16:26',NULL,0),(468,'playerVirtual10','playerVirtual10_6322213339',0,'2018-02-15 13:17:15',NULL,0),(469,'playerVirtual10','playerVirtual10_6322213339',0,'2018-02-15 13:17:15',NULL,0),(470,'playerVirtual10','playerVirtual10_132c940747',3,'2018-02-15 13:18:15',NULL,0),(471,'playerVirtual14','playerVirtual14_4246147567',1,'2018-02-15 13:18:16',NULL,0),(472,'playerVirtual14','playerVirtual14_d9fff5d086',3,'2018-02-15 13:18:16',NULL,0),(473,'playerVirtual14','playerVirtual14_4246147567',1,'2018-02-15 13:18:16',NULL,0),(474,'playerVirtual16','playerVirtual16_4246147567',1,'2018-02-15 13:18:54',NULL,0),(475,'playerVirtual16','playerVirtual16_dbbef510d6',3,'2018-02-15 13:18:54',NULL,0),(476,'playerVirtual16','playerVirtual16_4246147567',1,'2018-02-15 13:18:54',NULL,0),(477,'playerVirtual19','playerVirtual19_4246147567',1,'2018-02-15 13:20:07',NULL,0),(478,'playerVirtual19','playerVirtual19_c305bc3669',3,'2018-02-15 13:20:07',NULL,0),(479,'playerVirtual19','playerVirtual19_4246147567',1,'2018-02-15 13:20:07',NULL,0),(480,'playerVirtual9','playerVirtual9_4246147567',1,'2018-02-15 13:20:27',NULL,0),(481,'playerVirtual9','playerVirtual9_9ccafbeadc',3,'2018-02-15 13:20:27',NULL,0),(482,'playerVirtual9','playerVirtual9_4246147567',1,'2018-02-15 13:20:27',NULL,0),(483,'playerVirtual7','playerVirtual7_6335261139',0,'2018-02-15 13:23:33',NULL,0),(484,'playerVirtual7','playerVirtual7_6335261139',0,'2018-02-15 13:23:33',NULL,0),(485,'playerVirtual18','playerVirtual18_4246147567',0,'2018-02-15 13:23:36',NULL,0),(486,'playerVirtual18','playerVirtual18_4246147567',0,'2018-02-15 13:23:36',NULL,0),(487,'playerVirtual6','playerVirtual6_4246147567',0,'2018-02-15 13:24:10',NULL,0),(488,'playerVirtual6','playerVirtual6_0e6c3b246b',3,'2018-02-15 13:24:11',NULL,0),(489,'playerVirtual6','playerVirtual6_4246147567',0,'2018-02-15 13:24:11',NULL,0),(490,'playerVirtual11','playerVirtual11_4246147567',0,'2018-02-15 13:24:12',NULL,0),(491,'playerVirtual11','playerVirtual11_9141478261',3,'2018-02-15 13:24:12',NULL,0),(492,'playerVirtual11','playerVirtual11_4246147567',0,'2018-02-15 13:24:12',NULL,0),(493,'playerVirtual7','playerVirtual7_76e59fcf80',3,'2018-02-15 13:24:33',NULL,0),(494,'playerVirtual18','playerVirtual18_0b4587ef0b',3,'2018-02-15 13:24:36',NULL,0),(495,'playerVirtual5','playerVirtual5_4246147567',1,'2018-02-15 13:25:44',NULL,0),(496,'playerVirtual5','playerVirtual5_7fb669c341',3,'2018-02-15 13:25:44',NULL,0),(497,'playerVirtual5','playerVirtual5_4246147567',1,'2018-02-15 13:25:44',NULL,0),(498,'playerVirtual17','playerVirtual17_4246147567',0,'2018-02-15 13:26:04',NULL,0),(499,'playerVirtual17','playerVirtual17_9e7028b8e9',4,'2018-02-15 13:26:04',NULL,0),(500,'playerVirtual17','playerVirtual17_4246147567',0,'2018-02-15 13:26:04',NULL,0),(501,'playerVirtual12','playerVirtual12_4246147567',0,'2018-02-15 13:26:18',NULL,0),(502,'playerVirtual12','playerVirtual12_53dd703512',3,'2018-02-15 13:26:18',NULL,0),(503,'playerVirtual12','playerVirtual12_4246147567',0,'2018-02-15 13:26:18',NULL,0),(504,'playerVirtual10','playerVirtual10_4246147567',0,'2018-02-15 13:27:35',NULL,0),(505,'playerVirtual10','playerVirtual10_4246147567',0,'2018-02-15 13:27:35',NULL,0),(506,'playerVirtual10','playerVirtual10_48beae6d1e',4,'2018-02-15 13:28:35',NULL,0),(507,'playerVirtual3','playerVirtual3_4246147567',1,'2018-02-15 13:29:26',NULL,0),(508,'playerVirtual3','playerVirtual3_df9d363370',4,'2018-02-15 13:29:26',NULL,0),(509,'playerVirtual3','playerVirtual3_4246147567',1,'2018-02-15 13:29:26',NULL,0),(510,'playerVirtual6','playerVirtual6_4246147567',1,'2018-02-15 13:30:39',NULL,0),(511,'playerVirtual6','playerVirtual6_f248fd563f',4,'2018-02-15 13:30:39',NULL,0),(512,'playerVirtual6','playerVirtual6_4246147567',1,'2018-02-15 13:30:39',NULL,0),(513,'playerVirtual13','playerVirtual13_4246147567',0,'2018-02-15 13:31:25',NULL,0),(514,'playerVirtual13','playerVirtual13_4246147567',0,'2018-02-15 13:31:25',NULL,0),(515,'playerVirtual15','playerVirtual15_4246147567',0,'2018-02-15 13:31:37',NULL,0),(516,'playerVirtual15','playerVirtual15_9a487ca4c7',3,'2018-02-15 13:31:37',NULL,0),(517,'playerVirtual15','playerVirtual15_4246147567',0,'2018-02-15 13:31:37',NULL,0),(518,'playerVirtual12','playerVirtual12_4246147567',1,'2018-02-15 13:32:09',NULL,0),(519,'playerVirtual12','playerVirtual12_0a41320788',4,'2018-02-15 13:32:09',NULL,0),(520,'playerVirtual12','playerVirtual12_4246147567',1,'2018-02-15 13:32:09',NULL,0),(521,'playerVirtual13','playerVirtual13_7fb4c65a6f',3,'2018-02-15 13:32:25',NULL,0),(522,'playerVirtual17','playerVirtual17_3d29ce4251',3,'2018-02-15 13:32:38',NULL,0),(523,'playerVirtual11','playerVirtual11_32779ce7ff',4,'2018-02-15 13:33:55',NULL,0),(524,'playerVirtual16','playerVirtual16_4246147567',0,'2018-02-15 13:33:57',NULL,0),(525,'playerVirtual16','playerVirtual16_d6263fc31d',4,'2018-02-15 13:33:57',NULL,0),(526,'playerVirtual16','playerVirtual16_4246147567',0,'2018-02-15 13:33:57',NULL,0),(527,'playerVirtual8','playerVirtual8_359920779',1,'2018-02-15 13:34:16',NULL,0),(528,'playerVirtual8','playerVirtual8_774ca9c1e9',4,'2018-02-15 13:34:16',NULL,0),(529,'playerVirtual8','playerVirtual8_359920779',1,'2018-02-15 13:34:16',NULL,0),(530,'playerVirtual9','playerVirtual9_6344084916',0,'2018-02-15 13:35:57',NULL,0),(531,'playerVirtual9','playerVirtual9_6344084916',0,'2018-02-15 13:35:57',NULL,0),(532,'playerVirtual14','playerVirtual14_4246147567',0,'2018-02-15 13:36:07',NULL,0),(533,'playerVirtual14','playerVirtual14_6dc8a4b432',4,'2018-02-15 13:36:07',NULL,0),(534,'playerVirtual14','playerVirtual14_4246147567',0,'2018-02-15 13:36:07',NULL,0),(535,'playerVirtual1','playerVirtual1_4246147567',1,'2018-02-15 13:36:38',NULL,0),(536,'playerVirtual1','playerVirtual1_d41637e891',4,'2018-02-15 13:36:38',NULL,0),(537,'playerVirtual1','playerVirtual1_4246147567',1,'2018-02-15 13:36:38',NULL,0),(538,'playerVirtual19','playerVirtual19_4246147567',0,'2018-02-15 13:36:51',NULL,0),(539,'playerVirtual19','playerVirtual19_6b49ddf008',4,'2018-02-15 13:36:51',NULL,0),(540,'playerVirtual19','playerVirtual19_4246147567',0,'2018-02-15 13:36:52',NULL,0),(541,'playerVirtual9','playerVirtual9_48e8e09fb6',4,'2018-02-15 13:36:57',NULL,0),(542,'playerVirtual7','playerVirtual7_4246147567',0,'2018-02-15 13:39:59',NULL,0),(543,'playerVirtual7','playerVirtual7_4246147567',0,'2018-02-15 13:39:59',NULL,0),(544,'playerVirtual5','playerVirtual5_5068098508',1,'2018-02-15 13:40:11',NULL,0),(545,'playerVirtual5','playerVirtual5_dc9964e8f1',4,'2018-02-15 13:40:11',NULL,0),(546,'playerVirtual5','playerVirtual5_5068098508',1,'2018-02-15 13:40:11',NULL,0),(547,'playerVirtual3','playerVirtual3_4246147567',0,'2018-02-15 13:40:15',NULL,0),(548,'playerVirtual3','playerVirtual3_b8e7724416',3,'2018-02-15 13:40:15',NULL,0),(549,'playerVirtual3','playerVirtual3_4246147567',0,'2018-02-15 13:40:15',NULL,0),(550,'playerVirtual18','playerVirtual18_4246147567',1,'2018-02-15 13:40:50',NULL,0),(551,'playerVirtual18','playerVirtual18_6b670b9034',4,'2018-02-15 13:40:50',NULL,0),(552,'playerVirtual18','playerVirtual18_4246147567',1,'2018-02-15 13:40:50',NULL,0),(553,'playerVirtual7','playerVirtual7_89bbb7a717',4,'2018-02-15 13:40:59',NULL,0),(554,'playerVirtual13','playerVirtual13_4246147567',1,'2018-02-15 13:41:13',NULL,0),(555,'playerVirtual13','playerVirtual13_0bc97a2dce',4,'2018-02-15 13:41:13',NULL,0),(556,'playerVirtual13','playerVirtual13_4246147567',1,'2018-02-15 13:41:13',NULL,0),(557,'playerVirtual15','playerVirtual15_4246147567',1,'2018-02-15 13:42:01',NULL,0),(558,'playerVirtual15','playerVirtual15_a914b04c9e',4,'2018-02-15 13:42:01',NULL,0),(559,'playerVirtual15','playerVirtual15_4246147567',1,'2018-02-15 13:42:01',NULL,0),(560,'playerVirtual8','playerVirtual8_6566788',0,'2018-02-15 13:44:51',NULL,0),(561,'playerVirtual8','playerVirtual8_6566788',0,'2018-02-15 13:44:51',NULL,0),(562,'playerVirtual14','playerVirtual14_5706538da0',3,'2018-02-15 13:44:54',NULL,0),(563,'playerVirtual1','playerVirtual1_4246147567',0,'2018-02-15 13:45:31',NULL,0),(564,'playerVirtual1','playerVirtual1_ddaa08e18f',3,'2018-02-15 13:45:31',NULL,0),(565,'playerVirtual1','playerVirtual1_4246147567',0,'2018-02-15 13:45:31',NULL,0),(566,'playerVirtual10','playerVirtual10_4246147567',1,'2018-02-15 13:45:39',NULL,0),(567,'playerVirtual10','playerVirtual10_6e5c6c5d40',3,'2018-02-15 13:45:39',NULL,0),(568,'playerVirtual10','playerVirtual10_4246147567',1,'2018-02-15 13:45:39',NULL,0),(569,'playerVirtual8','playerVirtual8_cad0b62e65',3,'2018-02-15 13:45:51',NULL,0),(570,'playerVirtual16','playerVirtual16_4246147567',1,'2018-02-15 13:45:59',NULL,0),(571,'playerVirtual16','playerVirtual16_ffcf7108d4',3,'2018-02-15 13:45:59',NULL,0),(572,'playerVirtual16','playerVirtual16_4246147567',1,'2018-02-15 13:46:00',NULL,0),(573,'playerVirtual19','playerVirtual19_cf850ddbaf',3,'2018-02-15 13:47:26',NULL,0),(574,'playerVirtual6','playerVirtual6_1436344784',1,'2018-02-15 13:48:54',NULL,0),(575,'playerVirtual6','playerVirtual6_fb935e3cf0',3,'2018-02-15 13:48:54',NULL,0),(576,'playerVirtual6','playerVirtual6_1436344784',1,'2018-02-15 13:48:54',NULL,0),(577,'playerVirtual9','playerVirtual9_82730999',0,'2018-02-15 13:50:42',NULL,0),(578,'playerVirtual9','playerVirtual9_82730999',0,'2018-02-15 13:50:42',NULL,0),(579,'playerVirtual9','playerVirtual9_b91ab295e4',3,'2018-02-15 13:51:42',NULL,0),(580,'playerVirtual11','playerVirtual11_4246147567',0,'2018-02-15 13:52:37',NULL,0),(581,'playerVirtual11','playerVirtual11_1ed6dab28a',3,'2018-02-15 13:52:37',NULL,0),(582,'playerVirtual11','playerVirtual11_4246147567',0,'2018-02-15 13:52:37',NULL,0),(583,'playerVirtual7','playerVirtual7_4246147567',1,'2018-02-15 13:53:20',NULL,0),(584,'playerVirtual7','playerVirtual7_d83d134284',3,'2018-02-15 13:53:20',NULL,0),(585,'playerVirtual7','playerVirtual7_4246147567',1,'2018-02-15 13:53:20',NULL,0),(586,'playerVirtual18','playerVirtual18_5297461910',1,'2018-02-15 13:54:12',NULL,0),(587,'playerVirtual18','playerVirtual18_c351bcd114',3,'2018-02-15 13:54:12',NULL,0),(588,'playerVirtual18','playerVirtual18_5297461910',1,'2018-02-15 13:54:12',NULL,0),(589,'playerVirtual17','playerVirtual17_272887063',0,'2018-02-15 13:54:24',NULL,0),(590,'playerVirtual17','playerVirtual17_272887063',0,'2018-02-15 13:54:24',NULL,0),(591,'playerVirtual12','playerVirtual12_4246147567',0,'2018-02-15 13:54:30',NULL,0),(592,'playerVirtual12','playerVirtual12_6bad999623',3,'2018-02-15 13:54:30',NULL,0),(593,'playerVirtual12','playerVirtual12_4246147567',0,'2018-02-15 13:54:30',NULL,0),(594,'playerVirtual5','playerVirtual5_4246147567',0,'2018-02-15 13:55:18',NULL,0),(595,'playerVirtual5','playerVirtual5_5cabfc9a23',3,'2018-02-15 13:55:18',NULL,0),(596,'playerVirtual5','playerVirtual5_4246147567',0,'2018-02-15 13:55:18',NULL,0),(597,'playerVirtual17','playerVirtual17_cdc153c878',4,'2018-02-15 13:55:24',NULL,0),(598,'playerVirtual3','playerVirtual3_4246147567',1,'2018-02-15 13:57:27',NULL,0),(599,'playerVirtual3','playerVirtual3_189393a7f0',4,'2018-02-15 13:57:27',NULL,0),(600,'playerVirtual3','playerVirtual3_4246147567',1,'2018-02-15 13:57:27',NULL,0),(601,'playerVirtual10','playerVirtual10_16917741',0,'2018-02-15 13:58:25',NULL,0),(602,'playerVirtual10','playerVirtual10_16917741',0,'2018-02-15 13:58:25',NULL,0),(603,'playerVirtual10','playerVirtual10_5e6289850c',4,'2018-02-15 13:59:25',NULL,0),(604,'playerVirtual12','playerVirtual12_4246147567',1,'2018-02-15 14:00:21',NULL,0),(605,'playerVirtual12','playerVirtual12_67a000ea71',4,'2018-02-15 14:00:21',NULL,0),(606,'playerVirtual12','playerVirtual12_4246147567',1,'2018-02-15 14:00:22',NULL,0),(607,'playerVirtual6','playerVirtual6_3338579772',0,'2018-02-15 14:00:31',NULL,0),(608,'playerVirtual6','playerVirtual6_3338579772',0,'2018-02-15 14:00:31',NULL,0),(609,'playerVirtual15','playerVirtual15_6566788',0,'2018-02-15 14:01:21',NULL,0),(610,'playerVirtual15','playerVirtual15_6566788',0,'2018-02-15 14:01:21',NULL,0),(611,'playerVirtual13','playerVirtual13_2378747961',1,'2018-02-15 14:01:30',NULL,0),(612,'playerVirtual13','playerVirtual13_51801fc9e6',3,'2018-02-15 14:01:30',NULL,0),(613,'playerVirtual13','playerVirtual13_2378747961',1,'2018-02-15 14:01:30',NULL,0),(614,'playerVirtual6','playerVirtual6_71e3e590a6',4,'2018-02-15 14:01:31',NULL,0),(615,'playerVirtual11','playerVirtual11_487391d5e0',4,'2018-02-15 14:02:20',NULL,0),(616,'playerVirtual15','playerVirtual15_820b48c163',3,'2018-02-15 14:02:22',NULL,0),(617,'playerVirtual16','playerVirtual16_4820150269',0,'2018-02-15 14:03:48',NULL,0),(618,'playerVirtual16','playerVirtual16_4820150269',0,'2018-02-15 14:03:48',NULL,0),(619,'playerVirtual17','playerVirtual17_fd2793e635',3,'2018-02-15 14:03:53',NULL,0),(620,'playerVirtual16','playerVirtual16_26a088881d',4,'2018-02-15 14:04:48',NULL,0),(621,'playerVirtual8','playerVirtual8_6566788',1,'2018-02-15 14:04:58',NULL,0),(622,'playerVirtual8','playerVirtual8_376aa9dbc1',4,'2018-02-15 14:04:58',NULL,0),(623,'playerVirtual8','playerVirtual8_6566788',1,'2018-02-15 14:04:58',NULL,0),(624,'playerVirtual1','playerVirtual1_4246147567',1,'2018-02-15 14:05:43',NULL,0),(625,'playerVirtual1','playerVirtual1_f7db2f418f',4,'2018-02-15 14:05:43',NULL,0),(626,'playerVirtual1','playerVirtual1_4246147567',1,'2018-02-15 14:05:43',NULL,0),(627,'playerVirtual14','playerVirtual14_4246147567',0,'2018-02-15 14:05:56',NULL,0),(628,'playerVirtual14','playerVirtual14_7e26d6cfba',4,'2018-02-15 14:05:56',NULL,0),(629,'playerVirtual14','playerVirtual14_4246147567',0,'2018-02-15 14:05:56',NULL,0),(630,'playerVirtual19','playerVirtual19_4820150269',0,'2018-02-15 14:06:43',NULL,0),(631,'playerVirtual19','playerVirtual19_4820150269',0,'2018-02-15 14:06:43',NULL,0),(632,'playerVirtual19','playerVirtual19_e6a45ba433',4,'2018-02-15 14:07:43',NULL,0),(633,'playerVirtual9','playerVirtual9_5297461910',0,'2018-02-15 14:07:53',NULL,0),(634,'playerVirtual9','playerVirtual9_5297461910',0,'2018-02-15 14:07:53',NULL,0),(635,'playerVirtual9','playerVirtual9_f9a23a4bbe',4,'2018-02-15 14:08:53',NULL,0),(636,'playerVirtual5','playerVirtual5_4246147567',1,'2018-02-15 14:09:45',NULL,0),(637,'playerVirtual5','playerVirtual5_ce7d6487f0',4,'2018-02-15 14:09:45',NULL,0),(638,'playerVirtual5','playerVirtual5_4246147567',1,'2018-02-15 14:09:45',NULL,0),(639,'playerVirtual18','playerVirtual18_a945ffa0c2',4,'2018-02-15 14:10:42',NULL,0),(640,'playerVirtual3','playerVirtual3_4246147567',0,'2018-02-15 14:10:43',NULL,0),(641,'playerVirtual3','playerVirtual3_c47b88f5cf',3,'2018-02-15 14:10:43',NULL,0),(642,'playerVirtual3','playerVirtual3_4246147567',0,'2018-02-15 14:10:43',NULL,0),(643,'playerVirtual7','playerVirtual7_4246147567',0,'2018-02-15 14:10:59',NULL,0),(644,'playerVirtual7','playerVirtual7_9a35744971',4,'2018-02-15 14:10:59',NULL,0),(645,'playerVirtual7','playerVirtual7_4246147567',0,'2018-02-15 14:10:59',NULL,0),(646,'playerVirtual13','playerVirtual13_5068098508',0,'2018-02-15 14:11:54',NULL,0),(647,'playerVirtual13','playerVirtual13_5068098508',0,'2018-02-15 14:11:54',NULL,0),(648,'playerVirtual13','playerVirtual13_cc80a40259',4,'2018-02-15 14:12:54',NULL,0),(649,'playerVirtual15','playerVirtual15_4246147567',0,'2018-02-15 14:13:59',NULL,0),(650,'playerVirtual15','playerVirtual15_b30021ee3a',4,'2018-02-15 14:13:59',NULL,0),(651,'playerVirtual15','playerVirtual15_4246147567',0,'2018-02-15 14:13:59',NULL,0),(652,'playerVirtual14','playerVirtual14_5956790043',3,'2018-02-15 14:14:43',NULL,0),(653,'playerVirtual1','playerVirtual1_4246147567',0,'2018-02-15 14:16:42',NULL,0),(654,'playerVirtual1','playerVirtual1_59f9ee435b',3,'2018-02-15 14:16:42',NULL,0),(655,'playerVirtual1','playerVirtual1_4246147567',0,'2018-02-15 14:16:42',NULL,0),(656,'playerVirtual8','playerVirtual8_6280643141',0,'2018-02-15 14:16:50',NULL,0),(657,'playerVirtual8','playerVirtual8_6280643141',0,'2018-02-15 14:16:50',NULL,0),(658,'playerVirtual16','playerVirtual16_4820150269',1,'2018-02-15 14:16:51',NULL,0),(659,'playerVirtual16','playerVirtual16_ffae5b1398',3,'2018-02-15 14:16:51',NULL,0),(660,'playerVirtual16','playerVirtual16_4820150269',1,'2018-02-15 14:16:51',NULL,0),(661,'playerVirtual10','playerVirtual10_1436344784',0,'2018-02-15 14:17:17',NULL,0),(662,'playerVirtual10','playerVirtual10_1436344784',0,'2018-02-15 14:17:17',NULL,0),(663,'playerVirtual8','playerVirtual8_bb485a6ddf',3,'2018-02-15 14:17:51',NULL,0),(664,'playerVirtual10','playerVirtual10_105c119781',3,'2018-02-15 14:18:17',NULL,0),(665,'playerVirtual19','playerVirtual19_1438244924',0,'2018-02-15 14:19:48',NULL,0),(666,'playerVirtual19','playerVirtual19_1438244924',0,'2018-02-15 14:19:48',NULL,0),(667,'playerVirtual6','playerVirtual6_4246147567',0,'2018-02-15 14:20:37',NULL,0),(668,'playerVirtual6','playerVirtual6_e7149dda5f',3,'2018-02-15 14:20:37',NULL,0),(669,'playerVirtual6','playerVirtual6_4246147567',0,'2018-02-15 14:20:37',NULL,0),(670,'playerVirtual19','playerVirtual19_c9ae91aad2',3,'2018-02-15 14:20:48',NULL,0),(671,'playerVirtual7','playerVirtual7_4246147567',1,'2018-02-15 14:23:20',NULL,0),(672,'playerVirtual7','playerVirtual7_af6dc80689',3,'2018-02-15 14:23:20',NULL,0),(673,'playerVirtual7','playerVirtual7_4246147567',1,'2018-02-15 14:23:20',NULL,0),(674,'playerVirtual11','playerVirtual11_990694203',0,'2018-02-15 14:23:32',NULL,0),(675,'playerVirtual11','playerVirtual11_990694203',0,'2018-02-15 14:23:32',NULL,0),(676,'playerVirtual12','playerVirtual12_16917741',1,'2018-02-15 14:23:38',NULL,0),(677,'playerVirtual12','playerVirtual12_db4c8e3dea',3,'2018-02-15 14:23:38',NULL,0),(678,'playerVirtual12','playerVirtual12_16917741',1,'2018-02-15 14:23:38',NULL,0),(679,'playerVirtual9','playerVirtual9_4246147567',0,'2018-02-15 14:24:09',NULL,0),(680,'playerVirtual9','playerVirtual9_69bc7fdf3e',3,'2018-02-15 14:24:09',NULL,0),(681,'playerVirtual9','playerVirtual9_4246147567',0,'2018-02-15 14:24:09',NULL,0),(682,'playerVirtual11','playerVirtual11_6eeb400c0c',3,'2018-02-15 14:24:32',NULL,0),(683,'playerVirtual17','playerVirtual17_d4a4777893',4,'2018-02-15 14:25:39',NULL,0),(684,'playerVirtual18','playerVirtual18_5792765',0,'2018-02-15 14:26:01',NULL,0),(685,'playerVirtual18','playerVirtual18_5792765',0,'2018-02-15 14:26:01',NULL,0),(686,'playerVirtual5','playerVirtual5_4246147567',0,'2018-02-15 14:26:59',NULL,0),(687,'playerVirtual5','playerVirtual5_06b71938c9',3,'2018-02-15 14:26:59',NULL,0),(688,'playerVirtual5','playerVirtual5_4246147567',0,'2018-02-15 14:26:59',NULL,0),(689,'playerVirtual18','playerVirtual18_8627aebb90',3,'2018-02-15 14:27:01',NULL,0),(690,'playerVirtual3','playerVirtual3_4246147567',1,'2018-02-15 14:27:55',NULL,0),(691,'playerVirtual3','playerVirtual3_096209ef53',4,'2018-02-15 14:27:55',NULL,0),(692,'playerVirtual3','playerVirtual3_4246147567',1,'2018-02-15 14:27:55',NULL,0),(693,'playerVirtual10','playerVirtual10_5792765',1,'2018-02-15 14:32:12',NULL,0),(694,'playerVirtual10','playerVirtual10_6e39614731',4,'2018-02-15 14:32:12',NULL,0),(695,'playerVirtual10','playerVirtual10_5792765',1,'2018-02-15 14:32:12',NULL,0),(696,'playerVirtual6','playerVirtual6_4246147567',1,'2018-02-15 14:32:15',NULL,0),(697,'playerVirtual6','playerVirtual6_029b12d668',4,'2018-02-15 14:32:15',NULL,0),(698,'playerVirtual6','playerVirtual6_4246147567',1,'2018-02-15 14:32:15',NULL,0),(699,'playerVirtual15','playerVirtual15_747cf026e9',3,'2018-02-15 14:33:19',NULL,0),(700,'playerVirtual11','playerVirtual11_d8bea87c0e',4,'2018-02-15 14:34:17',NULL,0),(701,'playerVirtual13','playerVirtual13_4246147567',0,'2018-02-15 14:34:40',NULL,0),(702,'playerVirtual13','playerVirtual13_9239eb4c86',3,'2018-02-15 14:34:40',NULL,0),(703,'playerVirtual13','playerVirtual13_4246147567',0,'2018-02-15 14:34:40',NULL,0),(704,'playerVirtual12','playerVirtual12_990694203',0,'2018-02-15 14:34:43',NULL,0),(705,'playerVirtual12','playerVirtual12_605db95067',4,'2018-02-15 14:34:43',NULL,0),(706,'playerVirtual12','playerVirtual12_990694203',0,'2018-02-15 14:34:43',NULL,0),(707,'playerVirtual1','playerVirtual1_4246147567',1,'2018-02-15 14:36:54',NULL,0),(708,'playerVirtual1','playerVirtual1_c8cd7c2ec7',4,'2018-02-15 14:36:54',NULL,0),(709,'playerVirtual1','playerVirtual1_4246147567',1,'2018-02-15 14:36:54',NULL,0),(710,'playerVirtual16','playerVirtual16_4246147567',0,'2018-02-15 14:37:38',NULL,0),(711,'playerVirtual16','playerVirtual16_e3fedcdc98',4,'2018-02-15 14:37:38',NULL,0),(712,'playerVirtual16','playerVirtual16_4246147567',0,'2018-02-15 14:37:38',NULL,0),(713,'playerVirtual17','playerVirtual17_b3a798b660',3,'2018-02-15 14:38:17',NULL,0),(714,'playerVirtual14','playerVirtual14_4246147567',0,'2018-02-15 14:38:33',NULL,0),(715,'playerVirtual14','playerVirtual14_5fe53078a5',4,'2018-02-15 14:38:33',NULL,0),(716,'playerVirtual14','playerVirtual14_4246147567',0,'2018-02-15 14:38:33',NULL,0),(717,'playerVirtual8','playerVirtual8_4246147567',0,'2018-02-15 14:39:04',NULL,0),(718,'playerVirtual8','playerVirtual8_4246147567',0,'2018-02-15 14:39:04',NULL,0),(719,'playerVirtual8','playerVirtual8_06e2a32202',4,'2018-02-15 14:40:04',NULL,0),(720,'playerVirtual9','playerVirtual9_4246147567',1,'2018-02-15 14:40:19',NULL,0),(721,'playerVirtual9','playerVirtual9_83d66505dc',4,'2018-02-15 14:40:19',NULL,0),(722,'playerVirtual9','playerVirtual9_4246147567',1,'2018-02-15 14:40:19',NULL,0),(723,'playerVirtual5','playerVirtual5_4246147567',1,'2018-02-15 14:41:26',NULL,0),(724,'playerVirtual5','playerVirtual5_bf9627437e',4,'2018-02-15 14:41:26',NULL,0),(725,'playerVirtual5','playerVirtual5_4246147567',1,'2018-02-15 14:41:26',NULL,0),(726,'playerVirtual19','playerVirtual19_4246147567',0,'2018-02-15 14:42:01',NULL,0),(727,'playerVirtual19','playerVirtual19_82f72c8f05',4,'2018-02-15 14:42:01',NULL,0),(728,'playerVirtual19','playerVirtual19_4246147567',0,'2018-02-15 14:42:01',NULL,0),(729,'playerVirtual13','playerVirtual13_4246147567',1,'2018-02-15 14:45:03',NULL,0),(730,'playerVirtual13','playerVirtual13_ae9ae1ff10',4,'2018-02-15 14:45:03',NULL,0),(731,'playerVirtual13','playerVirtual13_4246147567',1,'2018-02-15 14:45:03',NULL,0),(732,'playerVirtual7','playerVirtual7_4246147567',0,'2018-02-15 14:45:11',NULL,0),(733,'playerVirtual7','playerVirtual7_a05679d264',4,'2018-02-15 14:45:11',NULL,0),(734,'playerVirtual7','playerVirtual7_4246147567',0,'2018-02-15 14:45:11',NULL,0),(735,'playerVirtual3','playerVirtual3_4246147567',0,'2018-02-15 14:45:36',NULL,0),(736,'playerVirtual3','playerVirtual3_7fc3e20435',3,'2018-02-15 14:45:36',NULL,0),(737,'playerVirtual3','playerVirtual3_4246147567',0,'2018-02-15 14:45:36',NULL,0),(738,'playerVirtual18','playerVirtual18_4246147567',0,'2018-02-15 14:46:21',NULL,0),(739,'playerVirtual18','playerVirtual18_52de884e93',4,'2018-02-15 14:46:21',NULL,0),(740,'playerVirtual18','playerVirtual18_4246147567',0,'2018-02-15 14:46:21',NULL,0),(741,'playerVirtual14','playerVirtual14_b1b0a4e653',3,'2018-02-15 14:47:20',NULL,0),(742,'playerVirtual15','playerVirtual15_2378747961',0,'2018-02-15 14:49:06',NULL,0),(743,'playerVirtual15','playerVirtual15_2378747961',0,'2018-02-15 14:49:06',NULL,0),(744,'playerVirtual16','playerVirtual16_ac111f0a6c',3,'2018-02-15 14:49:42',NULL,0),(745,'playerVirtual15','playerVirtual15_c890ba7e01',4,'2018-02-15 14:50:06',NULL,0),(746,'playerVirtual10','playerVirtual10_16917741',1,'2018-02-15 14:51:32',NULL,0),(747,'playerVirtual10','playerVirtual10_caf34a8e45',3,'2018-02-15 14:51:32',NULL,0),(748,'playerVirtual10','playerVirtual10_16917741',1,'2018-02-15 14:51:32',NULL,0),(749,'playerVirtual8','playerVirtual8_4246147567',1,'2018-02-15 14:51:56',NULL,0),(750,'playerVirtual8','playerVirtual8_bd1b5fc9a7',3,'2018-02-15 14:51:56',NULL,0),(751,'playerVirtual8','playerVirtual8_4246147567',1,'2018-02-15 14:51:56',NULL,0),(752,'playerVirtual1','playerVirtual1_904011',0,'2018-02-15 14:52:26',NULL,0),(753,'playerVirtual1','playerVirtual1_904011',0,'2018-02-15 14:52:26',NULL,0),(754,'playerVirtual1','playerVirtual1_9ac1a99e54',3,'2018-02-15 14:53:26',NULL,0),(755,'playerVirtual19','playerVirtual19_7d092bf69b',3,'2018-02-15 14:54:06',NULL,0),(756,'playerVirtual6','playerVirtual6_4246147567',0,'2018-02-15 14:55:43',NULL,0),(757,'playerVirtual6','playerVirtual6_65f47c3478',3,'2018-02-15 14:55:43',NULL,0),(758,'playerVirtual6','playerVirtual6_4246147567',0,'2018-02-15 14:55:43',NULL,0),(759,'playerVirtual7','playerVirtual7_4246147567',1,'2018-02-15 14:57:32',NULL,0),(760,'playerVirtual7','playerVirtual7_04b282bc82',3,'2018-02-15 14:57:32',NULL,0),(761,'playerVirtual7','playerVirtual7_4246147567',1,'2018-02-15 14:57:32',NULL,0),(762,'playerVirtual12','playerVirtual12_2be51e9200',3,'2018-02-15 14:57:59',NULL,0),(763,'playerVirtual11','playerVirtual11_adad96d152',3,'2018-02-15 14:59:51',NULL,0),(764,'playerVirtual9','playerVirtual9_4246147567',0,'2018-02-15 14:59:55',NULL,0),(765,'playerVirtual9','playerVirtual9_d92ea359ca',3,'2018-02-15 14:59:55',NULL,0),(766,'playerVirtual9','playerVirtual9_4246147567',0,'2018-02-15 14:59:55',NULL,0),(767,'playerVirtual17','playerVirtual17_62f1de3290',4,'2018-02-15 15:00:03',NULL,0),(768,'playerVirtual18','playerVirtual18_4246147567',1,'2018-02-15 15:01:39',NULL,0),(769,'playerVirtual18','playerVirtual18_486851156f',3,'2018-02-15 15:01:39',NULL,0),(770,'playerVirtual18','playerVirtual18_4246147567',1,'2018-02-15 15:01:39',NULL,0),(771,'playerVirtual3','playerVirtual3_4246147567',1,'2018-02-15 15:02:48',NULL,0),(772,'playerVirtual3','playerVirtual3_df276f9c4a',4,'2018-02-15 15:02:48',NULL,0),(773,'playerVirtual3','playerVirtual3_4246147567',1,'2018-02-15 15:02:48',NULL,0),(774,'playerVirtual5','playerVirtual5_4820318661',0,'2018-02-15 15:02:56',NULL,0),(775,'playerVirtual5','playerVirtual5_4820318661',0,'2018-02-15 15:02:56',NULL,0),(776,'playerVirtual5','playerVirtual5_f65b6028fc',3,'2018-02-15 15:03:56',NULL,0),(777,'playerVirtual6','playerVirtual6_4246147567',1,'2018-02-15 15:07:20',NULL,0),(778,'playerVirtual6','playerVirtual6_0497e04146',4,'2018-02-15 15:07:20',NULL,0),(779,'playerVirtual6','playerVirtual6_4246147567',1,'2018-02-15 15:07:20',NULL,0),(780,'playerVirtual10','playerVirtual10_4246147567',0,'2018-02-15 15:09:08',NULL,0),(781,'playerVirtual10','playerVirtual10_11966aec58',4,'2018-02-15 15:09:08',NULL,0),(782,'playerVirtual10','playerVirtual10_4246147567',0,'2018-02-15 15:09:08',NULL,0),(783,'playerVirtual11','playerVirtual11_e29f07fa95',4,'2018-02-15 15:09:35',NULL,0),(784,'playerVirtual13','playerVirtual13_4246147567',0,'2018-02-15 15:10:41',NULL,0),(785,'playerVirtual13','playerVirtual13_5947b4b96b',3,'2018-02-15 15:10:41',NULL,0),(786,'playerVirtual13','playerVirtual13_4246147567',0,'2018-02-15 15:10:41',NULL,0),(787,'playerVirtual15','playerVirtual15_4246147567',0,'2018-02-15 15:11:02',NULL,0),(788,'playerVirtual15','playerVirtual15_3ff2238124',3,'2018-02-15 15:11:02',NULL,0),(789,'playerVirtual15','playerVirtual15_4246147567',0,'2018-02-15 15:11:02',NULL,0),(790,'playerVirtual12','playerVirtual12_4246147567',0,'2018-02-15 15:12:05',NULL,0),(791,'playerVirtual12','playerVirtual12_c7a287b9ff',4,'2018-02-15 15:12:05',NULL,0),(792,'playerVirtual12','playerVirtual12_4246147567',0,'2018-02-15 15:12:06',NULL,0),(793,'playerVirtual16','playerVirtual16_2148750930',0,'2018-02-15 15:14:21',NULL,0),(794,'playerVirtual16','playerVirtual16_2148750930',0,'2018-02-15 15:14:21',NULL,0),(795,'playerVirtual14','playerVirtual14_ab2eaaa636',4,'2018-02-15 15:14:49',NULL,0),(796,'playerVirtual1','playerVirtual1_4246147567',0,'2018-02-15 15:15:04',NULL,0),(797,'playerVirtual1','playerVirtual1_eb8c0ce439',4,'2018-02-15 15:15:04',NULL,0),(798,'playerVirtual1','playerVirtual1_4246147567',0,'2018-02-15 15:15:04',NULL,0),(799,'playerVirtual16','playerVirtual16_8c114a1d24',4,'2018-02-15 15:15:21',NULL,0),(800,'playerVirtual17','playerVirtual17_c94d4368e5',3,'2018-02-15 15:15:53',NULL,0),(801,'playerVirtual9','playerVirtual9_4246147567',1,'2018-02-15 15:16:06',NULL,0),(802,'playerVirtual9','playerVirtual9_531624901b',4,'2018-02-15 15:16:06',NULL,0),(803,'playerVirtual9','playerVirtual9_4246147567',1,'2018-02-15 15:16:06',NULL,0),(804,'playerVirtual8','playerVirtual8_2148750930',1,'2018-02-15 15:16:45',NULL,0),(805,'playerVirtual8','playerVirtual8_e83b39cd72',4,'2018-02-15 15:16:45',NULL,0),(806,'playerVirtual8','playerVirtual8_2148750930',1,'2018-02-15 15:16:45',NULL,0),(807,'playerVirtual19','playerVirtual19_16917741',0,'2018-02-15 15:19:19',NULL,0),(808,'playerVirtual19','playerVirtual19_16917741',0,'2018-02-15 15:19:19',NULL,0),(809,'playerVirtual19','playerVirtual19_78e70c836d',4,'2018-02-15 15:20:19',NULL,0),(810,'playerVirtual5','playerVirtual5_990694203',0,'2018-02-15 15:20:29',NULL,0),(811,'playerVirtual5','playerVirtual5_990694203',0,'2018-02-15 15:20:29',NULL,0),(812,'playerVirtual13','playerVirtual13_ac12514579',4,'2018-02-15 15:21:04',NULL,0),(813,'playerVirtual7','playerVirtual7_794070039',1,'2018-02-15 15:21:28',NULL,0),(814,'playerVirtual7','playerVirtual7_dd6df3e7b7',4,'2018-02-15 15:21:28',NULL,0),(815,'playerVirtual7','playerVirtual7_794070039',1,'2018-02-15 15:21:28',NULL,0),(816,'playerVirtual5','playerVirtual5_855715f9db',4,'2018-02-15 15:21:29',NULL,0),(817,'playerVirtual14','playerVirtual14_062fe7d960',3,'2018-02-15 15:23:36',NULL,0),(818,'playerVirtual3','playerVirtual3_4246147567',0,'2018-02-15 15:23:38',NULL,0),(819,'playerVirtual3','playerVirtual3_38b3fd715c',3,'2018-02-15 15:23:38',NULL,0),(820,'playerVirtual3','playerVirtual3_4246147567',0,'2018-02-15 15:23:38',NULL,0),(821,'playerVirtual18','playerVirtual18_4246147567',0,'2018-02-15 15:24:09',NULL,0),(822,'playerVirtual18','playerVirtual18_91d1e813ce',4,'2018-02-15 15:24:09',NULL,0),(823,'playerVirtual18','playerVirtual18_4246147567',0,'2018-02-15 15:24:09',NULL,0),(824,'playerVirtual15','playerVirtual15_564c7dc04a',4,'2018-02-15 15:26:50',NULL,0),(825,'playerVirtual10','playerVirtual10_4246147567',1,'2018-02-15 15:28:28',NULL,0),(826,'playerVirtual10','playerVirtual10_d81def56d3',3,'2018-02-15 15:28:28',NULL,0),(827,'playerVirtual10','playerVirtual10_4246147567',1,'2018-02-15 15:28:28',NULL,0),(828,'playerVirtual16','playerVirtual16_539194189',0,'2018-02-15 15:29:34',NULL,0),(829,'playerVirtual16','playerVirtual16_539194189',0,'2018-02-15 15:29:34',NULL,0),(830,'playerVirtual16','playerVirtual16_46d39a2fdb',3,'2018-02-15 15:30:34',NULL,0),(831,'playerVirtual1','playerVirtual1_4246147567',1,'2018-02-15 15:30:35',NULL,0),(832,'playerVirtual1','playerVirtual1_88052d570d',3,'2018-02-15 15:30:35',NULL,0),(833,'playerVirtual1','playerVirtual1_4246147567',1,'2018-02-15 15:30:35',NULL,0),(834,'playerVirtual8','playerVirtual8_4246147567',0,'2018-02-15 15:31:02',NULL,0),(835,'playerVirtual8','playerVirtual8_03f6fda176',3,'2018-02-15 15:31:02',NULL,0),(836,'playerVirtual8','playerVirtual8_4246147567',0,'2018-02-15 15:31:03',NULL,0),(837,'playerVirtual19','playerVirtual19_539194189',1,'2018-02-15 15:33:38',NULL,0),(838,'playerVirtual19','playerVirtual19_069681ed6c',3,'2018-02-15 15:33:38',NULL,0),(839,'playerVirtual19','playerVirtual19_539194189',1,'2018-02-15 15:33:38',NULL,0),(840,'playerVirtual6','playerVirtual6_4246147567',0,'2018-02-15 15:34:11',NULL,0),(841,'playerVirtual6','playerVirtual6_6eb8fdbf3e',3,'2018-02-15 15:34:11',NULL,0),(842,'playerVirtual6','playerVirtual6_4246147567',0,'2018-02-15 15:34:11',NULL,0),(843,'playerVirtual12','playerVirtual12_4246147567',1,'2018-02-15 15:35:22',NULL,0),(844,'playerVirtual12','playerVirtual12_61cef74078',3,'2018-02-15 15:35:22',NULL,0),(845,'playerVirtual12','playerVirtual12_4246147567',1,'2018-02-15 15:35:22',NULL,0),(846,'playerVirtual7','playerVirtual7_4246147567',0,'2018-02-15 15:37:04',NULL,0),(847,'playerVirtual7','playerVirtual7_3823ab92c1',3,'2018-02-15 15:37:04',NULL,0),(848,'playerVirtual7','playerVirtual7_4246147567',0,'2018-02-15 15:37:04',NULL,0),(849,'playerVirtual17','playerVirtual17_604865a607',4,'2018-02-15 15:37:39',NULL,0),(850,'playerVirtual11','playerVirtual11_794070039',0,'2018-02-15 15:38:23',NULL,0),(851,'playerVirtual11','playerVirtual11_794070039',0,'2018-02-15 15:38:24',NULL,0),(852,'playerVirtual9','playerVirtual9_4246147567',0,'2018-02-15 15:38:50',NULL,0),(853,'playerVirtual9','playerVirtual9_e2d290ad5f',3,'2018-02-15 15:38:50',NULL,0),(854,'playerVirtual9','playerVirtual9_4246147567',0,'2018-02-15 15:38:50',NULL,0),(855,'playerVirtual11','playerVirtual11_6393fc0f8e',3,'2018-02-15 15:39:24',NULL,0),(856,'playerVirtual18','playerVirtual18_4246147567',1,'2018-02-15 15:39:28',NULL,0),(857,'playerVirtual18','playerVirtual18_f080d39365',3,'2018-02-15 15:39:28',NULL,0),(858,'playerVirtual18','playerVirtual18_4246147567',1,'2018-02-15 15:39:28',NULL,0),(859,'playerVirtual3','playerVirtual3_4246147567',1,'2018-02-15 15:40:50',NULL,0),(860,'playerVirtual3','playerVirtual3_9384ba3f4c',4,'2018-02-15 15:40:50',NULL,0),(861,'playerVirtual3','playerVirtual3_4246147567',1,'2018-02-15 15:40:50',NULL,0),(862,'playerVirtual5','playerVirtual5_990694203',1,'2018-02-15 15:43:00',NULL,0),(863,'playerVirtual5','playerVirtual5_d03409e396',3,'2018-02-15 15:43:00',NULL,0),(864,'playerVirtual5','playerVirtual5_990694203',1,'2018-02-15 15:43:00',NULL,0),(865,'playerVirtual6','playerVirtual6_4246147567',1,'2018-02-15 15:45:49',NULL,0),(866,'playerVirtual6','playerVirtual6_e57696ceef',4,'2018-02-15 15:45:49',NULL,0),(867,'playerVirtual6','playerVirtual6_4246147567',1,'2018-02-15 15:45:49',NULL,0),(868,'playerVirtual10','playerVirtual10_4246147567',0,'2018-02-15 15:49:08',NULL,0),(869,'playerVirtual10','playerVirtual10_515da648eb',4,'2018-02-15 15:49:08',NULL,0),(870,'playerVirtual10','playerVirtual10_4246147567',0,'2018-02-15 15:49:08',NULL,0),(871,'playerVirtual13','playerVirtual13_4246147567',0,'2018-02-15 15:50:01',NULL,0),(872,'playerVirtual13','playerVirtual13_5a37b151ae',3,'2018-02-15 15:50:01',NULL,0),(873,'playerVirtual13','playerVirtual13_4246147567',0,'2018-02-15 15:50:01',NULL,0),(874,'playerVirtual15','playerVirtual15_990694203',0,'2018-02-15 15:50:53',NULL,0),(875,'playerVirtual15','playerVirtual15_990694203',0,'2018-02-15 15:50:53',NULL,0),(876,'playerVirtual15','playerVirtual15_96ada49df2',3,'2018-02-15 15:51:53',NULL,0),(877,'playerVirtual11','playerVirtual11_23e5247dc4',4,'2018-02-15 15:52:10',NULL,0),(878,'playerVirtual12','playerVirtual12_4246147567',0,'2018-02-15 15:53:13',NULL,0),(879,'playerVirtual12','playerVirtual12_f52f4f6245',4,'2018-02-15 15:53:13',NULL,0),(880,'playerVirtual12','playerVirtual12_4246147567',0,'2018-02-15 15:53:13',NULL,0),(881,'playerVirtual14','playerVirtual14_6f0f0e04ee',4,'2018-02-15 15:54:35',NULL,0),(882,'playerVirtual9','playerVirtual9_4246147567',1,'2018-02-15 15:55:00',NULL,0),(883,'playerVirtual9','playerVirtual9_7a0af95123',4,'2018-02-15 15:55:00',NULL,0),(884,'playerVirtual9','playerVirtual9_4246147567',1,'2018-02-15 15:55:00',NULL,0),(885,'playerVirtual1','playerVirtual1_4246147567',0,'2018-02-15 15:55:44',NULL,0),(886,'playerVirtual1','playerVirtual1_572bc4c6e0',4,'2018-02-15 15:55:44',NULL,0),(887,'playerVirtual1','playerVirtual1_4246147567',0,'2018-02-15 15:55:44',NULL,0),(888,'playerVirtual8','playerVirtual8_4246147567',1,'2018-02-15 15:55:52',NULL,0),(889,'playerVirtual8','playerVirtual8_6d54444594',4,'2018-02-15 15:55:52',NULL,0),(890,'playerVirtual8','playerVirtual8_4246147567',1,'2018-02-15 15:55:52',NULL,0),(891,'playerVirtual16','playerVirtual16_4246147567',0,'2018-02-15 15:56:46',NULL,0),(892,'playerVirtual16','playerVirtual16_206ea6d5a7',4,'2018-02-15 15:56:46',NULL,0),(893,'playerVirtual16','playerVirtual16_4246147567',0,'2018-02-15 15:56:46',NULL,0),(894,'playerVirtual17','playerVirtual17_eb67b04f43',3,'2018-02-15 15:57:13',NULL,0),(895,'playerVirtual13','playerVirtual13_fef18fce34',4,'2018-02-15 16:00:24',NULL,0),(896,'playerVirtual7','playerVirtual7_4246147567',1,'2018-02-15 16:01:01',NULL,0),(897,'playerVirtual7','playerVirtual7_d5ea3acc97',4,'2018-02-15 16:01:01',NULL,0),(898,'playerVirtual7','playerVirtual7_4246147567',1,'2018-02-15 16:01:01',NULL,0),(899,'playerVirtual19','playerVirtual19_58ed33d7af',4,'2018-02-15 16:01:14',NULL,0),(900,'playerVirtual5','playerVirtual5_990694203',0,'2018-02-15 16:03:21',NULL,0),(901,'playerVirtual5','playerVirtual5_4add8c1a34',4,'2018-02-15 16:03:21',NULL,0),(902,'playerVirtual5','playerVirtual5_990694203',0,'2018-02-15 16:03:21',NULL,0),(903,'playerVirtual14','playerVirtual14_3574349b43',3,'2018-02-15 16:03:22',NULL,0),(904,'playerVirtual18','playerVirtual18_17dc6e98c4',4,'2018-02-15 16:04:17',NULL,0),(905,'playerVirtual3','playerVirtual3_4246147567',0,'2018-02-15 16:05:26',NULL,0),(906,'playerVirtual3','playerVirtual3_59155be15f',3,'2018-02-15 16:05:26',NULL,0),(907,'playerVirtual3','playerVirtual3_4246147567',0,'2018-02-15 16:05:26',NULL,0),(908,'playerVirtual15','playerVirtual15_990694203',1,'2018-02-15 16:07:40',NULL,0),(909,'playerVirtual15','playerVirtual15_92a7b40fa2',4,'2018-02-15 16:07:40',NULL,0),(910,'playerVirtual15','playerVirtual15_990694203',1,'2018-02-15 16:07:40',NULL,0),(911,'playerVirtual10','playerVirtual10_db8d8bbf57',3,'2018-02-15 16:08:28',NULL,0),(912,'playerVirtual16','playerVirtual16_3ad201dad3',3,'2018-02-15 16:10:59',NULL,0),(913,'playerVirtual1','playerVirtual1_4246147567',1,'2018-02-15 16:11:15',NULL,0),(914,'playerVirtual1','playerVirtual1_162080f23a',3,'2018-02-15 16:11:15',NULL,0),(915,'playerVirtual1','playerVirtual1_4246147567',1,'2018-02-15 16:11:15',NULL,0),(916,'playerVirtual8','playerVirtual8_6390664602',0,'2018-02-15 16:13:36',NULL,0),(917,'playerVirtual8','playerVirtual8_6390664602',0,'2018-02-15 16:13:36',NULL,0),(918,'playerVirtual19','playerVirtual19_2be2c5b6c3',3,'2018-02-15 16:14:33',NULL,0),(919,'playerVirtual8','playerVirtual8_add756bd13',3,'2018-02-15 16:14:36',NULL,0),(920,'playerVirtual6','playerVirtual6_359920779',0,'2018-02-15 16:16:19',NULL,0),(921,'playerVirtual6','playerVirtual6_359920779',0,'2018-02-15 16:16:19',NULL,0),(922,'playerVirtual12','playerVirtual12_4246147567',1,'2018-02-15 16:16:29',NULL,0),(923,'playerVirtual12','playerVirtual12_67d3da7881',3,'2018-02-15 16:16:29',NULL,0),(924,'playerVirtual12','playerVirtual12_4246147567',1,'2018-02-15 16:16:29',NULL,0),(925,'playerVirtual6','playerVirtual6_9709c1b0a9',3,'2018-02-15 16:17:19',NULL,0),(926,'playerVirtual9','playerVirtual9_5297461910',1,'2018-02-15 16:18:13',NULL,0),(927,'playerVirtual9','playerVirtual9_fb45772edd',3,'2018-02-15 16:18:13',NULL,0),(928,'playerVirtual9','playerVirtual9_5297461910',1,'2018-02-15 16:18:13',NULL,0),(929,'playerVirtual17','playerVirtual17_891affff7d',4,'2018-02-15 16:18:59',NULL,0),(930,'playerVirtual7','playerVirtual7_4246147567',0,'2018-02-15 16:19:47',NULL,0),(931,'playerVirtual7','playerVirtual7_e73300fa38',3,'2018-02-15 16:19:47',NULL,0),(932,'playerVirtual7','playerVirtual7_4246147567',0,'2018-02-15 16:19:47',NULL,0),(933,'playerVirtual11','playerVirtual11_376124b154',3,'2018-02-15 16:20:58',NULL,0),(934,'playerVirtual18','playerVirtual18_6391293459',0,'2018-02-15 16:22:12',NULL,0),(935,'playerVirtual18','playerVirtual18_6391293459',0,'2018-02-15 16:22:12',NULL,0),(936,'playerVirtual3','playerVirtual3_4246147567',1,'2018-02-15 16:22:38',NULL,0),(937,'playerVirtual3','playerVirtual3_9aff923c13',4,'2018-02-15 16:22:38',NULL,0),(938,'playerVirtual3','playerVirtual3_4246147567',1,'2018-02-15 16:22:38',NULL,0);
/*!40000 ALTER TABLE `REQUEST` ENABLE KEYS */;
UNLOCK TABLES;

--
-- Table structure for table `STATUS`
--

DROP TABLE IF EXISTS `STATUS`;
/*!40101 SET @saved_cs_client     = @@character_set_client */;
/*!40101 SET character_set_client = utf8 */;
CREATE TABLE `STATUS` (
  `id` int(11) NOT NULL AUTO_INCREMENT,
  `players` int(11) DEFAULT '0',
  `all_requests` int(11) DEFAULT '0',
  `accepts` int(11) DEFAULT '0',
  `rejects` int(11) DEFAULT '0',
  `fairness` float DEFAULT '0',
  `timestamp` timestamp NULL DEFAULT NULL,
  PRIMARY KEY (`id`)
) ENGINE=InnoDB AUTO_INCREMENT=52 DEFAULT CHARSET=utf8;
/*!40101 SET character_set_client = @saved_cs_client */;

--
-- Dumping data for table `STATUS`
--

LOCK TABLES `STATUS` WRITE;
/*!40000 ALTER TABLE `STATUS` DISABLE KEYS */;
INSERT INTO `STATUS` VALUES (1,0,0,0,0,0,'2018-02-15 12:12:45'),(2,20,21,19,2,0.904762,'2018-02-15 12:17:45'),(3,20,50,44,6,0.88,'2018-02-15 12:22:45'),(4,20,60,54,6,0.9,'2018-02-15 12:27:45'),(5,20,75,67,8,0.893333,'2018-02-15 12:32:45'),(6,20,84,74,10,0.880952,'2018-02-15 12:37:45'),(7,20,88,76,12,0.863636,'2018-02-15 12:42:45'),(8,20,91,79,12,0.868132,'2018-02-15 12:47:45'),(9,20,96,83,13,0.864583,'2018-02-15 12:52:46'),(10,20,101,85,16,0.841584,'2018-02-15 12:57:46'),(11,20,106,88,18,0.830189,'2018-02-15 13:02:46'),(12,20,111,93,18,0.837838,'2018-02-15 13:07:46'),(13,20,116,98,18,0.844828,'2018-02-15 13:12:46'),(14,20,121,99,22,0.818182,'2018-02-15 13:17:46'),(15,20,121,99,22,0.818182,'2018-02-15 13:22:46'),(16,20,128,105,23,0.820312,'2018-02-15 13:27:46'),(17,20,130,107,23,0.823077,'2018-02-15 13:32:46'),(18,20,134,109,25,0.813433,'2018-02-15 13:37:46'),(19,20,136,111,25,0.816176,'2018-02-15 13:42:46'),(20,20,138,113,25,0.818841,'2018-02-15 13:47:46'),(21,20,140,115,25,0.821429,'2018-02-15 13:52:47'),(22,20,143,118,25,0.825175,'2018-02-15 13:57:47'),(23,20,146,121,25,0.828767,'2018-02-15 14:02:47'),(24,20,149,123,26,0.825503,'2018-02-15 14:07:47'),(25,20,153,126,27,0.823529,'2018-02-15 14:12:47'),(26,20,157,129,28,0.821656,'2018-02-15 14:17:47'),(27,20,159,131,28,0.823899,'2018-02-15 14:22:47'),(28,20,163,134,29,0.822086,'2018-02-15 14:27:47'),(29,20,163,134,29,0.822086,'2018-02-15 14:32:47'),(30,20,166,136,30,0.819277,'2018-02-15 14:37:47'),(31,20,169,139,30,0.822485,'2018-02-15 14:42:47'),(32,20,172,142,30,0.825581,'2018-02-15 14:47:47'),(33,20,174,143,31,0.821839,'2018-02-15 14:52:48'),(34,20,175,144,31,0.822857,'2018-02-15 14:57:48'),(35,20,176,145,31,0.823864,'2018-02-15 15:02:48'),(36,20,177,146,31,0.824859,'2018-02-15 15:07:48'),(37,20,181,149,32,0.823204,'2018-02-15 15:12:48'),(38,20,183,151,32,0.825137,'2018-02-15 15:17:48'),(39,20,185,153,32,0.827027,'2018-02-15 15:22:48'),(40,20,187,155,32,0.828877,'2018-02-15 15:27:48'),(41,20,189,157,32,0.830688,'2018-02-15 15:32:48'),(42,20,191,159,32,0.832461,'2018-02-15 15:37:48'),(43,20,193,161,32,0.834197,'2018-02-15 15:42:48'),(44,20,193,161,32,0.834197,'2018-02-15 15:47:49'),(45,20,196,162,34,0.826531,'2018-02-15 15:52:49'),(46,20,199,165,34,0.829146,'2018-02-15 15:57:49'),(47,20,199,165,34,0.829146,'2018-02-15 16:02:49'),(48,20,201,167,34,0.830846,'2018-02-15 16:07:49'),(49,20,201,167,34,0.830846,'2018-02-15 16:12:49'),(50,20,203,169,34,0.832512,'2018-02-15 16:17:49'),(51,20,205,171,34,0.834146,'2018-02-15 16:22:49');
/*!40000 ALTER TABLE `STATUS` ENABLE KEYS */;
UNLOCK TABLES;

--
-- Table structure for table `THRESHOLD`
--

DROP TABLE IF EXISTS `THRESHOLD`;
/*!40101 SET @saved_cs_client     = @@character_set_client */;
/*!40101 SET character_set_client = utf8 */;
CREATE TABLE `THRESHOLD` (
  `division` int(11) NOT NULL,
  `botton` float DEFAULT '0',
  `top` float DEFAULT '0',
  PRIMARY KEY (`division`)
) ENGINE=InnoDB DEFAULT CHARSET=utf8;
/*!40101 SET character_set_client = @saved_cs_client */;

--
-- Dumping data for table `THRESHOLD`
--

LOCK TABLES `THRESHOLD` WRITE;
/*!40000 ALTER TABLE `THRESHOLD` DISABLE KEYS */;
INSERT INTO `THRESHOLD` VALUES (1,8.76,20),(2,4.38,8.76),(3,0,4.38);
/*!40000 ALTER TABLE `THRESHOLD` ENABLE KEYS */;
UNLOCK TABLES;

--
-- Table structure for table `VM`
--

DROP TABLE IF EXISTS `VM`;
/*!40101 SET @saved_cs_client     = @@character_set_client */;
/*!40101 SET character_set_client = utf8 */;
CREATE TABLE `VM` (
  `id` int(11) NOT NULL AUTO_INCREMENT,
  `origin_add` varchar(45) NOT NULL,
  `origin_id` varchar(45) NOT NULL,
  `origin_name` varchar(45) NOT NULL,
  `destiny_add` varchar(45) NOT NULL,
  `destiny_name` varchar(45) NOT NULL,
  `destiny_id` varchar(45) NOT NULL,
  `status` tinyint(1) NOT NULL,
  `vcpus` int(11) NOT NULL,
  `mem` bigint(20) NOT NULL,
  `disk` bigint(20) NOT NULL,
  `timestamp_received` timestamp NULL DEFAULT NULL,
  `timestamp_finished` timestamp NULL DEFAULT NULL,
  PRIMARY KEY (`id`)
) ENGINE=InnoDB AUTO_INCREMENT=206 DEFAULT CHARSET=utf8;
/*!40101 SET character_set_client = @saved_cs_client */;

--
-- Dumping data for table `VM`
--

LOCK TABLES `VM` WRITE;
/*!40000 ALTER TABLE `VM` DISABLE KEYS */;
INSERT INTO `VM` VALUES (1,'192.168.0.200','playerVirtual17_450512000','playerVirtual17','192.168.0.200','playerVirtual10','playerVirtual10_1c84213c05',1,1,2048,20,'2018-02-15 12:14:02',NULL),(2,'192.168.0.200','playerVirtual10_1438244924','playerVirtual10','192.168.0.200','playerVirtual14','playerVirtual14_e8ffdc87b1',3,1,2048,20,'2018-02-15 12:15:03','2018-02-15 12:40:45'),(3,'192.168.0.200','playerVirtual14_640692267','playerVirtual14','192.168.0.200','playerVirtual16','playerVirtual16_a0c6a3ad70',1,1,512,1,'2018-02-15 12:15:06',NULL),(4,'192.168.0.200','playerVirtual16_2381571381','playerVirtual16','192.168.0.200','playerVirtual0','playerVirtual16_2381571381',0,1,2048,20,'2018-02-15 12:15:07','2018-02-15 12:15:07'),(5,'192.168.0.200','playerVirtual0_5297461910','playerVirtual0','192.168.0.200','playerVirtual1','playerVirtual1_6fbc9ed1f7',2,1,512,1,'2018-02-15 12:15:08','2018-02-15 12:48:57'),(6,'192.168.0.200','playerVirtual1_2790332778','playerVirtual1','192.168.0.200','playerVirtual19','playerVirtual19_76a0072aa1',1,2,4096,40,'2018-02-15 12:15:11',NULL),(7,'192.168.0.200','playerVirtual19_369721705','playerVirtual19','192.168.0.200','playerVirtual2','playerVirtual19_369721705',0,2,4096,40,'2018-02-15 12:15:12','2018-02-15 12:15:12'),(8,'192.168.0.200','playerVirtual2_317469422','playerVirtual2','192.168.0.200','playerVirtual3','playerVirtual3_0231c885de',1,2,4096,40,'2018-02-15 12:15:12',NULL),(9,'192.168.0.200','playerVirtual3_6955737','playerVirtual3','192.168.0.200','playerVirtual4','playerVirtual4_64c65486a8',3,1,2048,20,'2018-02-15 12:15:12','2018-02-15 12:34:40'),(10,'192.168.0.200','playerVirtual4_257338104','playerVirtual4','192.168.0.200','playerVirtual5','playerVirtual5_047d5c9084',1,2,4096,40,'2018-02-15 12:15:13',NULL),(11,'192.168.0.200','playerVirtual5_3584940347','playerVirtual5','192.168.0.200','playerVirtual6','playerVirtual6_94464820c6',1,1,512,1,'2018-02-15 12:15:13',NULL),(12,'192.168.0.200','playerVirtual6_2433236783','playerVirtual6','192.168.0.200','playerVirtual7','playerVirtual7_51fe639679',1,1,2048,20,'2018-02-15 12:15:13',NULL),(13,'192.168.0.200','playerVirtual8_3338579772','playerVirtual8','192.168.0.200','playerVirtual9','playerVirtual9_e54fba3b14',3,1,2048,20,'2018-02-15 12:15:14','2018-02-15 12:36:24'),(14,'192.168.0.200','playerVirtual7_257407216','playerVirtual7','192.168.0.200','playerVirtual8','playerVirtual8_920f4ef02b',1,2,4096,40,'2018-02-15 12:15:14',NULL),(15,'192.168.0.200','playerVirtual11_182859403','playerVirtual11','192.168.0.200','playerVirtual12','playerVirtual12_8044eb2317',3,1,512,1,'2018-02-15 12:15:21','2018-02-15 12:28:43'),(16,'192.168.0.200','playerVirtual9_2359368952','playerVirtual9','192.168.0.200','playerVirtual11','playerVirtual11_0e9441668e',3,1,512,1,'2018-02-15 12:15:24','2018-02-15 12:23:36'),(17,'192.168.0.200','playerVirtual12_16917741','playerVirtual12','192.168.0.200','playerVirtual13','playerVirtual13_24b508dde4',3,1,512,1,'2018-02-15 12:15:28','2018-02-15 14:23:38'),(18,'192.168.0.200','playerVirtual15_2545640208','playerVirtual15','192.168.0.200','playerVirtual18','playerVirtual18_c240f5af59',1,1,2048,20,'2018-02-15 12:15:37',NULL),(19,'192.168.0.200','playerVirtual13_908315','playerVirtual13','192.168.0.200','playerVirtual15','playerVirtual15_ff34b267f0',3,1,2048,20,'2018-02-15 12:15:38','2018-02-15 12:48:34'),(20,'192.168.0.200','playerVirtual18_539194189','playerVirtual18','192.168.0.200','playerVirtual17','playerVirtual17_cd424d94df',3,1,2048,20,'2018-02-15 12:15:46','2018-02-15 12:56:52'),(21,'192.168.0.200','playerVirtual17_4820204870','playerVirtual17','192.168.0.200','playerVirtual10','playerVirtual10_64e642af32',3,2,4096,40,'2018-02-15 12:17:27','2018-02-15 12:30:49'),(22,'192.168.0.200','playerVirtual10_8058564','playerVirtual10','192.168.0.200','playerVirtual14','playerVirtual14_35dc70d5d0',1,1,2048,20,'2018-02-15 12:19:16',NULL),(23,'192.168.0.200','playerVirtual14_1429160667','playerVirtual14','192.168.0.200','playerVirtual16','playerVirtual16_27e3c07bf2',1,1,2048,20,'2018-02-15 12:19:17',NULL),(24,'192.168.0.200','playerVirtual16_3338010893','playerVirtual16','192.168.0.200','playerVirtual0','playerVirtual16_3338010893',0,1,512,1,'2018-02-15 12:19:18','2018-02-15 12:19:18'),(25,'192.168.0.200','playerVirtual0_82730999','playerVirtual0','192.168.0.200','playerVirtual1','playerVirtual1_c88dd9e694',2,1,512,1,'2018-02-15 12:19:22','2018-02-15 14:24:13'),(26,'192.168.0.200','playerVirtual19_6571218','playerVirtual19','192.168.0.200','playerVirtual2','playerVirtual19_6571218',0,1,2048,20,'2018-02-15 12:19:24','2018-02-15 12:19:24'),(27,'192.168.0.200','playerVirtual1_351652724','playerVirtual1','192.168.0.200','playerVirtual19','playerVirtual19_1877eaf652',1,1,2048,20,'2018-02-15 12:19:24',NULL),(28,'192.168.0.200','playerVirtual2_778566023','playerVirtual2','192.168.0.200','playerVirtual3','playerVirtual3_e12d9c4d11',1,1,512,1,'2018-02-15 12:19:26',NULL),(29,'192.168.0.200','playerVirtual3_1436344784','playerVirtual3','192.168.0.200','playerVirtual4','playerVirtual4_720ec92ddf',3,1,2048,20,'2018-02-15 12:19:30','2018-02-15 12:46:27'),(30,'192.168.0.200','playerVirtual4_1339662','playerVirtual4','192.168.0.200','playerVirtual5','playerVirtual5_abd6c31b9a',1,1,2048,20,'2018-02-15 12:19:31',NULL),(31,'192.168.0.200','playerVirtual5_317497342','playerVirtual5','192.168.0.200','playerVirtual6','playerVirtual6_89d1ea811b',1,1,512,1,'2018-02-15 12:19:33',NULL),(32,'192.168.0.200','playerVirtual6_284794223','playerVirtual6','192.168.0.200','playerVirtual7','playerVirtual7_aee247aa48',1,1,2048,20,'2018-02-15 12:19:33',NULL),(33,'192.168.0.200','playerVirtual8_359920779','playerVirtual8','192.168.0.200','playerVirtual9','playerVirtual9_1610e9f57e',3,1,512,1,'2018-02-15 12:19:33','2018-02-15 13:34:16'),(34,'192.168.0.200','playerVirtual7_904011','playerVirtual7','192.168.0.200','playerVirtual8','playerVirtual8_c35cd09b24',3,1,2048,20,'2018-02-15 12:19:33','2018-02-15 12:57:51'),(35,'192.168.0.200','playerVirtual9_257338074','playerVirtual9','192.168.0.200','playerVirtual12','playerVirtual12_7546b77902',1,2,4096,40,'2018-02-15 12:19:34',NULL),(36,'192.168.0.200','playerVirtual11_2904109077','playerVirtual11','192.168.0.200','playerVirtual13','playerVirtual13_93bd2146bb',1,1,512,1,'2018-02-15 12:19:34',NULL),(37,'192.168.0.200','playerVirtual12_905614','playerVirtual12','192.168.0.200','playerVirtual11','playerVirtual11_78f50c2512',1,1,2048,20,'2018-02-15 12:19:34',NULL),(38,'192.168.0.200','playerVirtual15_1093460','playerVirtual15','192.168.0.200','playerVirtual18','playerVirtual18_fae4ec6fc4',1,1,512,1,'2018-02-15 12:19:35',NULL),(39,'192.168.0.200','playerVirtual13_6569547','playerVirtual13','192.168.0.200','playerVirtual15','playerVirtual15_8e4ab1a511',1,1,2048,20,'2018-02-15 12:19:36',NULL),(40,'192.168.0.200','playerVirtual18_470485660','playerVirtual18','192.168.0.200','playerVirtual17','playerVirtual17_2d74ea0b24',1,2,4096,40,'2018-02-15 12:19:37',NULL),(41,'192.168.0.200','playerVirtual17_30788568','playerVirtual17','192.168.0.200','playerVirtual10','playerVirtual10_eb3af2dc54',1,1,512,1,'2018-02-15 12:20:41',NULL),(42,'192.168.0.200','playerVirtual10_5792765','playerVirtual10','192.168.0.200','playerVirtual14','playerVirtual14_918600022c',3,1,512,1,'2018-02-15 12:21:43','2018-02-15 14:32:12'),(43,'192.168.0.200','playerVirtual14_38671842','playerVirtual14','192.168.0.200','playerVirtual16','playerVirtual16_8f18d28a84',1,1,512,1,'2018-02-15 12:21:53',NULL),(44,'192.168.0.200','playerVirtual16_400453824','playerVirtual16','192.168.0.200','playerVirtual0','playerVirtual16_400453824',0,1,512,1,'2018-02-15 12:21:54','2018-02-15 12:21:54'),(45,'192.168.0.200','playerVirtual0_4820318661','playerVirtual0','192.168.0.200','playerVirtual1','playerVirtual1_0b3c6a9bf5',2,2,4096,40,'2018-02-15 12:22:03','2018-02-15 15:10:54'),(46,'192.168.0.200','playerVirtual1_4819935267','playerVirtual1','192.168.0.200','playerVirtual19','playerVirtual19_7e21b940ae',1,2,4096,40,'2018-02-15 12:22:07',NULL),(47,'192.168.0.200','playerVirtual19_4820217293','playerVirtual19','192.168.0.200','playerVirtual2','playerVirtual19_4820217293',0,2,4096,40,'2018-02-15 12:22:11','2018-02-15 12:22:11'),(48,'192.168.0.200','playerVirtual2_6264344062','playerVirtual2','192.168.0.200','playerVirtual3','playerVirtual3_52f5a6c4e7',2,1,512,1,'2018-02-15 12:22:12','2018-02-15 12:45:56'),(49,'192.168.0.200','playerVirtual3_2378747961','playerVirtual3','192.168.0.200','playerVirtual4','playerVirtual4_61dbc9e00a',3,1,512,1,'2018-02-15 12:22:22','2018-02-15 12:42:12'),(50,'192.168.0.200','playerVirtual4_5068098508','playerVirtual4','192.168.0.200','playerVirtual5','playerVirtual5_13e37aaffd',3,1,2048,20,'2018-02-15 12:22:27','2018-02-15 12:55:30'),(51,'192.168.0.200','playerVirtual5_227443932','playerVirtual5','192.168.0.200','playerVirtual6','playerVirtual6_f466a282e0',1,1,2048,20,'2018-02-15 12:23:41',NULL),(52,'192.168.0.200','playerVirtual6_1095593','playerVirtual6','192.168.0.200','playerVirtual7','playerVirtual7_3477b8eb84',3,1,512,1,'2018-02-15 12:23:41','2018-02-15 12:44:56'),(53,'192.168.0.200','playerVirtual8_2148750930','playerVirtual8','192.168.0.200','playerVirtual9','playerVirtual9_14947037ae',3,1,2048,20,'2018-02-15 12:23:46','2018-02-15 15:16:45'),(54,'192.168.0.200','playerVirtual7_563574327','playerVirtual7','192.168.0.200','playerVirtual8','playerVirtual8_342b03cfa9',1,1,2048,20,'2018-02-15 12:23:50',NULL),(55,'192.168.0.200','playerVirtual11_765651','playerVirtual11','192.168.0.200','playerVirtual12','playerVirtual12_21788d4bfa',1,1,2048,20,'2018-02-15 12:24:00',NULL),(56,'192.168.0.200','playerVirtual12_16915963','playerVirtual12','192.168.0.200','playerVirtual11','playerVirtual11_e915748894',1,1,2048,20,'2018-02-15 12:24:09',NULL),(57,'192.168.0.200','playerVirtual15_5623125514','playerVirtual15','192.168.0.200','playerVirtual13','playerVirtual13_d264daaa1f',1,1,2048,20,'2018-02-15 12:24:21',NULL),(58,'192.168.0.200','playerVirtual13_284757920','playerVirtual13','192.168.0.200','playerVirtual18','playerVirtual18_3fe3c78c54',1,1,2048,20,'2018-02-15 12:24:23',NULL),(59,'192.168.0.200','playerVirtual18_272887063','playerVirtual18','192.168.0.200','playerVirtual15','playerVirtual15_0be02a7b03',3,1,2048,20,'2018-02-15 12:24:33','2018-02-15 12:30:37'),(60,'192.168.0.200','playerVirtual17_6274355716','playerVirtual17','192.168.0.200','playerVirtual10','playerVirtual10_e6f6862731',3,1,512,1,'2018-02-15 12:26:17','2018-02-15 12:45:39'),(61,'192.168.0.200','playerVirtual10_38676294','playerVirtual10','192.168.0.200','playerVirtual17','playerVirtual17_0e39bcdbda',1,1,512,1,'2018-02-15 12:28:07',NULL),(62,'192.168.0.200','playerVirtual14_182859403','playerVirtual14','192.168.0.200','playerVirtual16','playerVirtual16_53c0f403d9',3,1,512,1,'2018-02-15 12:29:10','2018-02-15 12:32:02'),(63,'192.168.0.200','playerVirtual16_4820204870','playerVirtual16','192.168.0.200','playerVirtual14','playerVirtual14_0cdc0eaacb',1,2,4096,40,'2018-02-15 12:29:27',NULL),(64,'192.168.0.200','playerVirtual9_6282149131','playerVirtual9','192.168.0.200','playerVirtual19','playerVirtual19_8ec36f4d6c',1,1,512,1,'2018-02-15 12:29:35',NULL),(65,'192.168.0.200','playerVirtual1_990694203','playerVirtual1','192.168.0.200','playerVirtual3','playerVirtual3_258a6af45e',3,1,2048,20,'2018-02-15 12:30:03','2018-02-15 12:32:46'),(66,'192.168.0.200','playerVirtual19_6280638724','playerVirtual19','192.168.0.200','playerVirtual4','playerVirtual19_6280638724',0,1,512,1,'2018-02-15 12:30:08','2018-02-15 12:30:08'),(67,'192.168.0.200','playerVirtual3_4476462938','playerVirtual3','192.168.0.200','playerVirtual1','playerVirtual1_99138b8432',1,1,2048,20,'2018-02-15 12:30:24',NULL),(68,'192.168.0.200','playerVirtual4_272887063','playerVirtual4','192.168.0.200','playerVirtual5','playerVirtual5_ea4bf80925',2,1,2048,20,'2018-02-15 12:30:32','2018-02-15 14:07:00'),(69,'192.168.0.200','playerVirtual5_2359368952','playerVirtual5','192.168.0.200','playerVirtual6','playerVirtual6_3ab975572b',1,1,512,1,'2018-02-15 12:30:35',NULL),(70,'192.168.0.200','playerVirtual6_1436323714','playerVirtual6','192.168.0.200','playerVirtual7','playerVirtual7_e539b1d13b',1,1,2048,20,'2018-02-15 12:30:47',NULL),(71,'192.168.0.200','playerVirtual8_682797','playerVirtual8','192.168.0.200','playerVirtual9','playerVirtual9_3c17db4217',1,1,2048,20,'2018-02-15 12:30:55',NULL),(72,'192.168.0.200','playerVirtual7_214880781','playerVirtual7','192.168.0.200','playerVirtual8','playerVirtual8_3afec5f984',1,1,2048,20,'2018-02-15 12:30:58',NULL),(73,'192.168.0.200','playerVirtual12_1094955','playerVirtual12','192.168.0.200','playerVirtual11','playerVirtual11_10397fa14d',1,1,512,1,'2018-02-15 12:31:00',NULL),(74,'192.168.0.200','playerVirtual15_16914091','playerVirtual15','192.168.0.200','playerVirtual12','playerVirtual12_e5d2205656',1,1,2048,20,'2018-02-15 12:31:05',NULL),(75,'192.168.0.200','playerVirtual13_182859403','playerVirtual13','192.168.0.200','playerVirtual18','playerVirtual18_ce3baa7170',3,1,512,1,'2018-02-15 12:31:19','2018-02-15 12:41:32'),(76,'192.168.0.200','playerVirtual10_6285257156','playerVirtual10','192.168.0.200','playerVirtual13','playerVirtual13_9124509848',1,1,512,1,'2018-02-15 12:33:35',NULL),(77,'192.168.0.200','playerVirtual16_6955737','playerVirtual16','192.168.0.200','playerVirtual15','playerVirtual15_1fb01f87fa',1,1,2048,20,'2018-02-15 12:34:25',NULL),(78,'192.168.0.200','playerVirtual11_6641406','playerVirtual11','192.168.0.200','playerVirtual17','playerVirtual17_8d9f2b3813',1,1,2048,20,'2018-02-15 12:34:47',NULL),(79,'192.168.0.200','playerVirtual19_2378747961','playerVirtual19','192.168.0.200','playerVirtual10','playerVirtual10_6404d3eada',3,1,512,1,'2018-02-15 12:35:01','2018-02-15 12:44:26'),(80,'192.168.0.200','playerVirtual9_1438244924','playerVirtual9','192.168.0.200','playerVirtual16','playerVirtual16_fc10fe1a83',3,1,2048,20,'2018-02-15 12:35:14','2018-02-15 12:43:03'),(81,'192.168.0.200','playerVirtual4_1438244924','playerVirtual4','192.168.0.200','playerVirtual14','playerVirtual14_69d6b3c3fc',2,1,2048,20,'2018-02-15 12:35:54','2018-02-15 14:15:07'),(82,'192.168.0.200','playerVirtual18_3338579772','playerVirtual18','192.168.0.200','playerVirtual4','playerVirtual18_3338579772',0,1,2048,20,'2018-02-15 12:36:12','2018-02-15 12:36:12'),(83,'192.168.0.200','playerVirtual5_6289704471','playerVirtual5','192.168.0.200','playerVirtual6','playerVirtual6_d04a4d15eb',3,1,512,1,'2018-02-15 12:37:11','2018-02-15 12:49:57'),(84,'192.168.0.200','playerVirtual6_1436344784','playerVirtual6','192.168.0.200','playerVirtual5','playerVirtual5_d6239adb1e',3,1,2048,20,'2018-02-15 12:37:28','2018-02-15 13:48:54'),(85,'192.168.0.200','playerVirtual7_794070039','playerVirtual7','192.168.0.200','playerVirtual9','playerVirtual9_bdd5c7f271',3,1,512,1,'2018-02-15 12:37:46','2018-02-15 15:21:28'),(86,'192.168.0.200','playerVirtual17_2381571381','playerVirtual17','192.168.0.200','playerVirtual7','playerVirtual17_2381571381',0,1,2048,20,'2018-02-15 12:38:05','2018-02-15 12:38:05'),(87,'192.168.0.200','playerVirtual12_990694203','playerVirtual12','192.168.0.200','playerVirtual8','playerVirtual12_990694203',0,1,2048,20,'2018-02-15 12:38:43','2018-02-15 12:38:43'),(88,'192.168.0.200','playerVirtual15_6296865278','playerVirtual15','192.168.0.200','playerVirtual11','playerVirtual11_1f96edf7f2',1,1,512,1,'2018-02-15 12:40:26',NULL),(89,'192.168.0.200','playerVirtual14_6296268057','playerVirtual14','192.168.0.200','playerVirtual12','playerVirtual12_6a529f5862',1,1,512,1,'2018-02-15 12:44:04',NULL),(90,'192.168.0.200','playerVirtual11_6264344062','playerVirtual11','192.168.0.200','playerVirtual18','playerVirtual18_2040b59474',1,1,2048,20,'2018-02-15 12:45:30',NULL),(91,'192.168.0.200','playerVirtual1_182859403','playerVirtual1','192.168.0.200','playerVirtual19','playerVirtual19_602a418f2f',3,1,512,1,'2018-02-15 12:46:12','2018-02-15 12:48:55'),(92,'192.168.0.200','playerVirtual8_990694203','playerVirtual8','192.168.0.200','playerVirtual13','playerVirtual13_5d25d9584a',3,1,2048,20,'2018-02-15 12:47:54','2018-02-15 13:15:46'),(93,'192.168.0.200','playerVirtual18_5297461910','playerVirtual18','192.168.0.200','playerVirtual15','playerVirtual15_e24e399f5c',3,1,512,1,'2018-02-15 12:48:41','2018-02-15 13:54:12'),(94,'192.168.0.200','playerVirtual4_6301942525','playerVirtual4','192.168.0.200','playerVirtual17','playerVirtual17_39c0242edc',1,1,512,1,'2018-02-15 12:48:52',NULL),(95,'192.168.0.200','playerVirtual7_6289704471','playerVirtual7','192.168.0.200','playerVirtual16','playerVirtual16_58a89b4567',3,1,2048,20,'2018-02-15 12:51:03','2018-02-15 13:11:12'),(96,'192.168.0.200','playerVirtual15_6274355716','playerVirtual15','192.168.0.200','playerVirtual14','playerVirtual14_a29c802bf7',1,1,512,1,'2018-02-15 12:51:50',NULL),(97,'192.168.0.200','playerVirtual10_1095593','playerVirtual10','192.168.0.200','playerVirtual3','playerVirtual10_1095593',0,1,512,1,'2018-02-15 12:52:46','2018-02-15 12:52:46'),(98,'192.168.0.200','playerVirtual14_6289704471','playerVirtual14','192.168.0.200','playerVirtual1','playerVirtual14_6289704471',0,1,2048,20,'2018-02-15 12:53:51','2018-02-15 12:53:51'),(99,'192.168.0.200','playerVirtual16_182859403','playerVirtual16','192.168.0.200','playerVirtual4','playerVirtual16_182859403',0,1,512,1,'2018-02-15 12:54:16','2018-02-15 12:54:16'),(100,'192.168.0.200','playerVirtual19_539194189','playerVirtual19','192.168.0.200','playerVirtual10','playerVirtual10_a37144c339',3,1,2048,20,'2018-02-15 12:55:01','2018-02-15 15:33:38'),(101,'192.168.0.200','playerVirtual9_908315','playerVirtual9','192.168.0.200','playerVirtual5','playerVirtual5_bea73e88f1',1,1,2048,20,'2018-02-15 12:55:08',NULL),(102,'192.168.0.200','playerVirtual11_4246147567','playerVirtual11','192.168.0.200','playerVirtual9','playerVirtual11_4246147567',0,2,4096,40,'2018-02-15 12:58:20','2018-02-15 12:58:20'),(103,'192.168.0.200','playerVirtual6_4246147567','playerVirtual6','192.168.0.200','playerVirtual7','playerVirtual7_f4d27948a3',3,2,4096,40,'2018-02-15 12:58:57','2018-02-15 15:45:49'),(104,'192.168.0.200','playerVirtual5_5068098508','playerVirtual5','192.168.0.200','playerVirtual8','playerVirtual8_9de0a00e55',3,1,2048,20,'2018-02-15 13:00:10','2018-02-15 13:40:11'),(105,'192.168.0.200','playerVirtual17_4246147567','playerVirtual17','192.168.0.200','playerVirtual6','playerVirtual17_4246147567',0,2,4096,40,'2018-02-15 13:00:24','2018-02-15 13:00:24'),(106,'192.168.0.200','playerVirtual12_4246147567','playerVirtual12','192.168.0.200','playerVirtual11','playerVirtual11_341124304c',3,2,4096,40,'2018-02-15 13:00:50','2018-02-15 16:16:29'),(107,'192.168.0.200','playerVirtual13_2378747961','playerVirtual13','192.168.0.200','playerVirtual18','playerVirtual18_3b7b8109bd',3,1,512,1,'2018-02-15 13:03:27','2018-02-15 14:01:31'),(108,'192.168.0.200','playerVirtual3_6315250734','playerVirtual3','192.168.0.200','playerVirtual12','playerVirtual12_ddedcfd5f9',1,1,512,1,'2018-02-15 13:03:39',NULL),(109,'192.168.0.200','playerVirtual15_4246147567','playerVirtual15','192.168.0.200','playerVirtual13','playerVirtual13_890750eec8',3,2,4096,40,'2018-02-15 13:04:26','2018-02-15 13:42:01'),(110,'192.168.0.200','playerVirtual16_4246147567','playerVirtual16','192.168.0.200','playerVirtual15','playerVirtual15_e38f1e076e',3,2,4096,40,'2018-02-15 13:05:52','2018-02-15 13:46:00'),(111,'192.168.0.200','playerVirtual9_4246147567','playerVirtual9','192.168.0.200','playerVirtual16','playerVirtual16_9b330225fe',3,2,4096,40,'2018-02-15 13:07:21','2018-02-15 15:55:00'),(112,'192.168.0.200','playerVirtual14_4246147567','playerVirtual14','192.168.0.200','playerVirtual19','playerVirtual19_1f959b24f4',3,2,4096,40,'2018-02-15 13:08:29','2018-02-15 13:18:16'),(113,'192.168.0.200','playerVirtual19_4246147567','playerVirtual19','192.168.0.200','playerVirtual17','playerVirtual17_bd4904eabd',3,2,4096,40,'2018-02-15 13:08:33','2018-02-15 13:20:07'),(114,'192.168.0.200','playerVirtual1_6316827871','playerVirtual1','192.168.0.200','playerVirtual14','playerVirtual14_2072be24ed',1,1,512,1,'2018-02-15 13:09:08',NULL),(115,'192.168.0.200','playerVirtual3_4246147567','playerVirtual3','192.168.0.200','playerVirtual1','playerVirtual1_858115d6fd',3,2,4096,40,'2018-02-15 13:11:15','2018-02-15 16:22:38'),(116,'192.168.0.200','playerVirtual8_990694203','playerVirtual8','192.168.0.200','playerVirtual5','playerVirtual5_0c927c7c02',3,1,2048,20,'2018-02-15 13:11:16','2018-02-15 13:15:46'),(117,'192.168.0.200','playerVirtual18_1095593','playerVirtual18','192.168.0.200','playerVirtual9','playerVirtual18_1095593',0,1,512,1,'2018-02-15 13:13:06','2018-02-15 13:13:06'),(118,'192.168.0.200','playerVirtual13_359920779','playerVirtual13','192.168.0.200','playerVirtual3','playerVirtual13_359920779',0,1,512,1,'2018-02-15 13:13:16','2018-02-15 13:13:16'),(119,'192.168.0.200','playerVirtual5_4246147567','playerVirtual5','192.168.0.200','playerVirtual7','playerVirtual7_cfb1f4e0eb',3,2,4096,40,'2018-02-15 13:14:30','2018-02-15 14:41:26'),(120,'192.168.0.200','playerVirtual1_4246147567','playerVirtual1','192.168.0.200','playerVirtual10','playerVirtual10_e889f96972',3,2,4096,40,'2018-02-15 13:15:26','2018-02-15 16:11:15'),(121,'192.168.0.200','playerVirtual10_6322213339','playerVirtual10','192.168.0.200','playerVirtual8','playerVirtual10_6322213339',0,1,512,1,'2018-02-15 13:17:15','2018-02-15 13:17:15'),(122,'192.168.0.200','playerVirtual7_6335261139','playerVirtual7','192.168.0.200','playerVirtual18','playerVirtual18_6245cd0ad4',1,1,512,1,'2018-02-15 13:23:33',NULL),(123,'192.168.0.200','playerVirtual18_4246147567','playerVirtual18','192.168.0.200','playerVirtual15','playerVirtual15_a462d8e714',3,2,4096,40,'2018-02-15 13:23:36','2018-02-15 15:39:28'),(124,'192.168.0.200','playerVirtual6_4246147567','playerVirtual6','192.168.0.200','playerVirtual11','playerVirtual11_2dbcf66c87',3,2,4096,40,'2018-02-15 13:24:11','2018-02-15 15:45:49'),(125,'192.168.0.200','playerVirtual11_4246147567','playerVirtual11','192.168.0.200','playerVirtual6','playerVirtual11_4246147567',0,2,4096,40,'2018-02-15 13:24:12','2018-02-15 13:24:12'),(126,'192.168.0.200','playerVirtual17_4246147567','playerVirtual17','192.168.0.200','playerVirtual12','playerVirtual12_eef169c82a',1,2,4096,40,'2018-02-15 13:26:04',NULL),(127,'192.168.0.200','playerVirtual12_4246147567','playerVirtual12','192.168.0.200','playerVirtual13','playerVirtual13_cb76b6d9d8',3,2,4096,40,'2018-02-15 13:26:18','2018-02-15 16:16:29'),(128,'192.168.0.200','playerVirtual10_4246147567','playerVirtual10','192.168.0.200','playerVirtual16','playerVirtual16_9c65904cd3',3,2,4096,40,'2018-02-15 13:27:35','2018-02-15 15:28:28'),(129,'192.168.0.200','playerVirtual13_4246147567','playerVirtual13','192.168.0.200','playerVirtual19','playerVirtual19_47b627153b',3,2,4096,40,'2018-02-15 13:31:25','2018-02-15 14:45:03'),(130,'192.168.0.200','playerVirtual15_4246147567','playerVirtual15','192.168.0.200','playerVirtual17','playerVirtual17_ddb114ebb2',3,2,4096,40,'2018-02-15 13:31:37','2018-02-15 13:42:01'),(131,'192.168.0.200','playerVirtual16_4246147567','playerVirtual16','192.168.0.200','playerVirtual14','playerVirtual14_c6ef66ef56',3,2,4096,40,'2018-02-15 13:33:57','2018-02-15 13:46:00'),(132,'192.168.0.200','playerVirtual9_6344084916','playerVirtual9','192.168.0.200','playerVirtual1','playerVirtual1_0d04b897a9',1,1,512,1,'2018-02-15 13:35:57',NULL),(133,'192.168.0.200','playerVirtual14_4246147567','playerVirtual14','192.168.0.200','playerVirtual5','playerVirtual14_4246147567',0,2,4096,40,'2018-02-15 13:36:07','2018-02-15 13:36:07'),(134,'192.168.0.200','playerVirtual19_4246147567','playerVirtual19','192.168.0.200','playerVirtual9','playerVirtual19_4246147567',0,2,4096,40,'2018-02-15 13:36:52','2018-02-15 13:36:52'),(135,'192.168.0.200','playerVirtual7_4246147567','playerVirtual7','192.168.0.200','playerVirtual3','playerVirtual3_f9367b4f4c',3,2,4096,40,'2018-02-15 13:39:59','2018-02-15 16:01:01'),(136,'192.168.0.200','playerVirtual3_4246147567','playerVirtual3','192.168.0.200','playerVirtual7','playerVirtual7_3c99b47bab',3,2,4096,40,'2018-02-15 13:40:15','2018-02-15 16:22:38'),(137,'192.168.0.200','playerVirtual8_6566788','playerVirtual8','192.168.0.200','playerVirtual5','playerVirtual5_e02210a006',3,1,2048,20,'2018-02-15 13:44:51','2018-02-15 14:04:58'),(138,'192.168.0.200','playerVirtual1_4246147567','playerVirtual1','192.168.0.200','playerVirtual10','playerVirtual10_9d3bbcfda3',3,2,4096,40,'2018-02-15 13:45:31','2018-02-15 16:11:15'),(139,'192.168.0.200','playerVirtual9_82730999','playerVirtual9','192.168.0.200','playerVirtual8','playerVirtual8_af867dad6f',1,1,512,1,'2018-02-15 13:50:42',NULL),(140,'192.168.0.200','playerVirtual11_4246147567','playerVirtual11','192.168.0.200','playerVirtual18','playerVirtual18_2dbb6896c1',1,2,4096,40,'2018-02-15 13:52:37',NULL),(141,'192.168.0.200','playerVirtual17_272887063','playerVirtual17','192.168.0.200','playerVirtual15','playerVirtual15_eb0e404218',1,1,2048,20,'2018-02-15 13:54:24',NULL),(142,'192.168.0.200','playerVirtual12_4246147567','playerVirtual12','192.168.0.200','playerVirtual11','playerVirtual11_33ec86c371',3,2,4096,40,'2018-02-15 13:54:30','2018-02-15 16:16:29'),(143,'192.168.0.200','playerVirtual5_4246147567','playerVirtual5','192.168.0.200','playerVirtual6','playerVirtual6_a424b809e2',3,2,4096,40,'2018-02-15 13:55:18','2018-02-15 14:41:26'),(144,'192.168.0.200','playerVirtual10_16917741','playerVirtual10','192.168.0.200','playerVirtual12','playerVirtual12_00be619c30',3,1,512,1,'2018-02-15 13:58:25','2018-02-15 14:51:32'),(145,'192.168.0.200','playerVirtual6_3338579772','playerVirtual6','192.168.0.200','playerVirtual13','playerVirtual13_1f2f08e044',1,1,2048,20,'2018-02-15 14:00:31',NULL),(146,'192.168.0.200','playerVirtual15_6566788','playerVirtual15','192.168.0.200','playerVirtual16','playerVirtual16_1934b1c427',1,1,2048,20,'2018-02-15 14:01:22',NULL),(147,'192.168.0.200','playerVirtual16_4820150269','playerVirtual16','192.168.0.200','playerVirtual17','playerVirtual17_b12f35a54d',3,2,4096,40,'2018-02-15 14:03:48','2018-02-15 14:16:51'),(148,'192.168.0.200','playerVirtual14_4246147567','playerVirtual14','192.168.0.200','playerVirtual1','playerVirtual14_4246147567',0,2,4096,40,'2018-02-15 14:05:56','2018-02-15 14:05:56'),(149,'192.168.0.200','playerVirtual19_4820150269','playerVirtual19','192.168.0.200','playerVirtual14','playerVirtual14_78bee06939',1,2,4096,40,'2018-02-15 14:06:43',NULL),(150,'192.168.0.200','playerVirtual9_5297461910','playerVirtual9','192.168.0.200','playerVirtual3','playerVirtual3_f2368627b7',3,1,512,1,'2018-02-15 14:07:53','2018-02-15 16:18:13'),(151,'192.168.0.200','playerVirtual3_4246147567','playerVirtual3','192.168.0.200','playerVirtual9','playerVirtual9_4b8f5632ac',3,2,4096,40,'2018-02-15 14:10:43','2018-02-15 16:22:38'),(152,'192.168.0.200','playerVirtual7_4246147567','playerVirtual7','192.168.0.200','playerVirtual5','playerVirtual5_986f5c2191',3,2,4096,40,'2018-02-15 14:10:59','2018-02-15 16:01:01'),(153,'192.168.0.200','playerVirtual13_5068098508','playerVirtual13','192.168.0.200','playerVirtual7','playerVirtual13_5068098508',0,1,2048,20,'2018-02-15 14:11:54','2018-02-15 14:11:54'),(154,'192.168.0.200','playerVirtual15_4246147567','playerVirtual15','192.168.0.200','playerVirtual8','playerVirtual15_4246147567',0,2,4096,40,'2018-02-15 14:13:59','2018-02-15 14:13:59'),(155,'192.168.0.200','playerVirtual1_4246147567','playerVirtual1','192.168.0.200','playerVirtual18','playerVirtual18_9d436477ae',3,2,4096,40,'2018-02-15 14:16:42','2018-02-15 16:11:15'),(156,'192.168.0.200','playerVirtual8_6280643141','playerVirtual8','192.168.0.200','playerVirtual3','playerVirtual3_6403e12df5',1,1,512,1,'2018-02-15 14:16:50',NULL),(157,'192.168.0.200','playerVirtual10_1436344784','playerVirtual10','192.168.0.200','playerVirtual19','playerVirtual19_3d6b8c5315',1,1,2048,20,'2018-02-15 14:17:17',NULL),(158,'192.168.0.200','playerVirtual19_1438244924','playerVirtual19','192.168.0.200','playerVirtual10','playerVirtual10_011178d75d',1,1,2048,20,'2018-02-15 14:19:48',NULL),(159,'192.168.0.200','playerVirtual6_4246147567','playerVirtual6','192.168.0.200','playerVirtual15','playerVirtual15_aa5d170ac0',3,2,4096,40,'2018-02-15 14:20:37','2018-02-15 15:45:49'),(160,'192.168.0.200','playerVirtual11_990694203','playerVirtual11','192.168.0.200','playerVirtual6','playerVirtual11_990694203',0,1,2048,20,'2018-02-15 14:23:32','2018-02-15 14:23:32'),(161,'192.168.0.200','playerVirtual9_4246147567','playerVirtual9','192.168.0.200','playerVirtual5','playerVirtual5_8bacf43c51',3,2,4096,40,'2018-02-15 14:24:09','2018-02-15 15:55:00'),(162,'192.168.0.200','playerVirtual18_5792765','playerVirtual18','192.168.0.200','playerVirtual11','playerVirtual11_46c0bfe5ff',1,1,512,1,'2018-02-15 14:26:01',NULL),(163,'192.168.0.200','playerVirtual5_4246147567','playerVirtual5','192.168.0.200','playerVirtual9','playerVirtual9_522d1879d7',3,2,4096,40,'2018-02-15 14:26:59','2018-02-15 14:41:26'),(164,'192.168.0.200','playerVirtual13_4246147567','playerVirtual13','192.168.0.200','playerVirtual16','playerVirtual16_e41901c413',3,2,4096,40,'2018-02-15 14:34:40','2018-02-15 14:45:03'),(165,'192.168.0.200','playerVirtual12_990694203','playerVirtual12','192.168.0.200','playerVirtual13','playerVirtual13_35e30c93e9',1,1,2048,20,'2018-02-15 14:34:43',NULL),(166,'192.168.0.200','playerVirtual16_4246147567','playerVirtual16','192.168.0.200','playerVirtual1','playerVirtual16_4246147567',0,2,4096,40,'2018-02-15 14:37:38','2018-02-15 14:37:38'),(167,'192.168.0.200','playerVirtual14_4246147567','playerVirtual14','192.168.0.200','playerVirtual12','playerVirtual12_53525e7ac0',1,2,4096,40,'2018-02-15 14:38:33',NULL),(168,'192.168.0.200','playerVirtual8_4246147567','playerVirtual8','192.168.0.200','playerVirtual5','playerVirtual5_811cd00361',3,2,4096,40,'2018-02-15 14:39:04','2018-02-15 15:55:52'),(169,'192.168.0.200','playerVirtual19_4246147567','playerVirtual19','192.168.0.200','playerVirtual17','playerVirtual17_1226095eb3',1,2,4096,40,'2018-02-15 14:42:01',NULL),(170,'192.168.0.200','playerVirtual7_4246147567','playerVirtual7','192.168.0.200','playerVirtual8','playerVirtual8_2c8a54acdc',3,2,4096,40,'2018-02-15 14:45:11','2018-02-15 16:01:01'),(171,'192.168.0.200','playerVirtual3_4246147567','playerVirtual3','192.168.0.200','playerVirtual7','playerVirtual7_51319b268e',3,2,4096,40,'2018-02-15 14:45:36','2018-02-15 16:22:38'),(172,'192.168.0.200','playerVirtual18_4246147567','playerVirtual18','192.168.0.200','playerVirtual14','playerVirtual14_a90109378c',3,2,4096,40,'2018-02-15 14:46:21','2018-02-15 15:39:28'),(173,'192.168.0.200','playerVirtual15_2378747961','playerVirtual15','192.168.0.200','playerVirtual3','playerVirtual15_2378747961',0,1,512,1,'2018-02-15 14:49:06','2018-02-15 14:49:06'),(174,'192.168.0.200','playerVirtual1_904011','playerVirtual1','192.168.0.200','playerVirtual9','playerVirtual9_4bb35be513',1,1,2048,20,'2018-02-15 14:52:26',NULL),(175,'192.168.0.200','playerVirtual6_4246147567','playerVirtual6','192.168.0.200','playerVirtual15','playerVirtual15_9a75572135',3,2,4096,40,'2018-02-15 14:55:43','2018-02-15 15:45:49'),(176,'192.168.0.200','playerVirtual9_4246147567','playerVirtual9','192.168.0.200','playerVirtual1','playerVirtual1_b604adf180',3,2,4096,40,'2018-02-15 14:59:55','2018-02-15 15:55:00'),(177,'192.168.0.200','playerVirtual5_4820318661','playerVirtual5','192.168.0.200','playerVirtual6','playerVirtual6_49a9ed92dd',1,2,4096,40,'2018-02-15 15:02:56',NULL),(178,'192.168.0.200','playerVirtual10_4246147567','playerVirtual10','192.168.0.200','playerVirtual18','playerVirtual18_5ab2394217',3,2,4096,40,'2018-02-15 15:09:08','2018-02-15 15:28:28'),(179,'192.168.0.200','playerVirtual13_4246147567','playerVirtual13','192.168.0.200','playerVirtual5','playerVirtual13_4246147567',0,2,4096,40,'2018-02-15 15:10:41','2018-02-15 15:10:41'),(180,'192.168.0.200','playerVirtual15_4246147567','playerVirtual15','192.168.0.200','playerVirtual19','playerVirtual19_24801d1c8b',1,2,4096,40,'2018-02-15 15:11:02',NULL),(181,'192.168.0.200','playerVirtual12_4246147567','playerVirtual12','192.168.0.200','playerVirtual10','playerVirtual10_653c3e15ae',3,2,4096,40,'2018-02-15 15:12:06','2018-02-15 16:16:29'),(182,'192.168.0.200','playerVirtual16_2148750930','playerVirtual16','192.168.0.200','playerVirtual11','playerVirtual11_0b3a788707',1,1,2048,20,'2018-02-15 15:14:21',NULL),(183,'192.168.0.200','playerVirtual1_4246147567','playerVirtual1','192.168.0.200','playerVirtual8','playerVirtual8_dac95531b5',3,2,4096,40,'2018-02-15 15:15:04','2018-02-15 16:11:15'),(184,'192.168.0.200','playerVirtual19_16917741','playerVirtual19','192.168.0.200','playerVirtual16','playerVirtual16_fa8566169c',1,1,512,1,'2018-02-15 15:19:19',NULL),(185,'192.168.0.200','playerVirtual5_990694203','playerVirtual5','192.168.0.200','playerVirtual13','playerVirtual13_e1f8fbd935',3,1,2048,20,'2018-02-15 15:20:29','2018-02-15 15:43:00'),(186,'192.168.0.200','playerVirtual3_4246147567','playerVirtual3','192.168.0.200','playerVirtual7','playerVirtual7_52c35d0073',3,2,4096,40,'2018-02-15 15:23:38','2018-02-15 16:22:38'),(187,'192.168.0.200','playerVirtual18_4246147567','playerVirtual18','192.168.0.200','playerVirtual12','playerVirtual12_8f01a60dc3',3,2,4096,40,'2018-02-15 15:24:09','2018-02-15 15:39:28'),(188,'192.168.0.200','playerVirtual16_539194189','playerVirtual16','192.168.0.200','playerVirtual17','playerVirtual17_41ef5cb947',1,1,2048,20,'2018-02-15 15:29:34',NULL),(189,'192.168.0.200','playerVirtual8_4246147567','playerVirtual8','192.168.0.200','playerVirtual9','playerVirtual9_efba1fdd9c',3,2,4096,40,'2018-02-15 15:31:03','2018-02-15 15:55:52'),(190,'192.168.0.200','playerVirtual6_4246147567','playerVirtual6','192.168.0.200','playerVirtual3','playerVirtual3_e8cd4cc7eb',3,2,4096,40,'2018-02-15 15:34:11','2018-02-15 15:45:49'),(191,'192.168.0.200','playerVirtual7_4246147567','playerVirtual7','192.168.0.200','playerVirtual14','playerVirtual14_1519fbe414',3,2,4096,40,'2018-02-15 15:37:04','2018-02-15 16:01:01'),(192,'192.168.0.200','playerVirtual11_794070039','playerVirtual11','192.168.0.200','playerVirtual15','playerVirtual15_6d4b60317e',1,1,512,1,'2018-02-15 15:38:24',NULL),(193,'192.168.0.200','playerVirtual9_4246147567','playerVirtual9','192.168.0.200','playerVirtual1','playerVirtual1_6f81970b97',3,2,4096,40,'2018-02-15 15:38:50','2018-02-15 15:55:00'),(194,'192.168.0.200','playerVirtual10_4246147567','playerVirtual10','192.168.0.200','playerVirtual6','playerVirtual10_4246147567',0,2,4096,40,'2018-02-15 15:49:08','2018-02-15 15:49:08'),(195,'192.168.0.200','playerVirtual13_4246147567','playerVirtual13','192.168.0.200','playerVirtual5','playerVirtual13_4246147567',0,2,4096,40,'2018-02-15 15:50:01','2018-02-15 15:50:01'),(196,'192.168.0.200','playerVirtual15_990694203','playerVirtual15','192.168.0.200','playerVirtual18','playerVirtual18_4166b8f99b',3,1,2048,20,'2018-02-15 15:50:53','2018-02-15 16:07:40'),(197,'192.168.0.200','playerVirtual12_4246147567','playerVirtual12','192.168.0.200','playerVirtual19','playerVirtual19_c5a078a39d',3,2,4096,40,'2018-02-15 15:53:13','2018-02-15 16:16:29'),(198,'192.168.0.200','playerVirtual1_4246147567','playerVirtual1','192.168.0.200','playerVirtual8','playerVirtual8_5133af4186',3,2,4096,40,'2018-02-15 15:55:44','2018-02-15 16:11:15'),(199,'192.168.0.200','playerVirtual16_4246147567','playerVirtual16','192.168.0.200','playerVirtual10','playerVirtual10_f9a45bbde3',1,2,4096,40,'2018-02-15 15:56:46',NULL),(200,'192.168.0.200','playerVirtual5_990694203','playerVirtual5','192.168.0.200','playerVirtual13','playerVirtual13_bebc41b2da',1,1,2048,20,'2018-02-15 16:03:21',NULL),(201,'192.168.0.200','playerVirtual3_4246147567','playerVirtual3','192.168.0.200','playerVirtual9','playerVirtual9_52d392bb69',3,2,4096,40,'2018-02-15 16:05:26','2018-02-15 16:22:38'),(202,'192.168.0.200','playerVirtual8_6390664602','playerVirtual8','192.168.0.200','playerVirtual3','playerVirtual3_5efcf000a5',1,1,512,1,'2018-02-15 16:13:36',NULL),(203,'192.168.0.200','playerVirtual6_359920779','playerVirtual6','192.168.0.200','playerVirtual1','playerVirtual1_ee5ac5b250',1,1,512,1,'2018-02-15 16:16:19',NULL),(204,'192.168.0.200','playerVirtual7_4246147567','playerVirtual7','192.168.0.200','playerVirtual11','playerVirtual11_6f93159395',1,2,4096,40,'2018-02-15 16:19:47',NULL),(205,'192.168.0.200','playerVirtual18_6391293459','playerVirtual18','192.168.0.200','playerVirtual16','playerVirtual16_c07631ea68',1,1,512,1,'2018-02-15 16:22:12',NULL);
/*!40000 ALTER TABLE `VM` ENABLE KEYS */;
UNLOCK TABLES;
/*!40103 SET TIME_ZONE=@OLD_TIME_ZONE */;

/*!40101 SET SQL_MODE=@OLD_SQL_MODE */;
/*!40014 SET FOREIGN_KEY_CHECKS=@OLD_FOREIGN_KEY_CHECKS */;
/*!40014 SET UNIQUE_CHECKS=@OLD_UNIQUE_CHECKS */;
/*!40101 SET CHARACTER_SET_CLIENT=@OLD_CHARACTER_SET_CLIENT */;
/*!40101 SET CHARACTER_SET_RESULTS=@OLD_CHARACTER_SET_RESULTS */;
/*!40101 SET COLLATION_CONNECTION=@OLD_COLLATION_CONNECTION */;
/*!40111 SET SQL_NOTES=@OLD_SQL_NOTES */;

-- Dump completed on 2018-02-15 11:22:56
