-- MySQL dump 10.14  Distrib 5.5.58-MariaDB, for debian-linux-gnu (x86_64)
--
-- Host: localhost    Database: mct
-- ------------------------------------------------------
-- Server version	5.5.58-MariaDB-1ubuntu0.14.04.1

/*!40101 SET @OLD_CHARACTER_SET_CLIENT=@@CHARACTER_SET_CLIENT */;
/*!40101 SET @OLD_CHARACTER_SET_RESULTS=@@CHARACTER_SET_RESULTS */;
/*!40101 SET @OLD_COLLATION_CONNECTION=@@COLLATION_CONNECTION */;
/*!40101 SET NAMES utf8 */;
/*!40103 SET @OLD_TIME_ZONE=@@TIME_ZONE */;
/*!40103 SET TIME_ZONE='+00:00' */;
/*!40014 SET @OLD_UNIQUE_CHECKS=@@UNIQUE_CHECKS, UNIQUE_CHECKS=0 */;
/*!40014 SET @OLD_FOREIGN_KEY_CHECKS=@@FOREIGN_KEY_CHECKS, FOREIGN_KEY_CHECKS=0 */;
/*!40101 SET @OLD_SQL_MODE=@@SQL_MODE, SQL_MODE='NO_AUTO_VALUE_ON_ZERO' */;
/*!40111 SET @OLD_SQL_NOTES=@@SQL_NOTES, SQL_NOTES=0 */;

--
-- Table structure for table `FIELDS`
--

DROP TABLE IF EXISTS `FIELDS`;
/*!40101 SET @saved_cs_client     = @@character_set_client */;
/*!40101 SET character_set_client = utf8 */;
CREATE TABLE `FIELDS` (
  `operation` int(11) NOT NULL,
  `fields` varchar(45) NOT NULL,
  PRIMARY KEY (`operation`)
) ENGINE=InnoDB DEFAULT CHARSET=utf8;
/*!40101 SET character_set_client = @saved_cs_client */;

--
-- Dumping data for table `FIELDS`
--

LOCK TABLES `FIELDS` WRITE;
/*!40000 ALTER TABLE `FIELDS` DISABLE KEYS */;
INSERT INTO `FIELDS` VALUES (0,'name mem image vcpus disk uuid');
/*!40000 ALTER TABLE `FIELDS` ENABLE KEYS */;
UNLOCK TABLES;

--
-- Table structure for table `PLAYER`
--

DROP TABLE IF EXISTS `PLAYER`;
/*!40101 SET @saved_cs_client     = @@character_set_client */;
/*!40101 SET character_set_client = utf8 */;
CREATE TABLE `PLAYER` (
  `id` int(11) NOT NULL AUTO_INCREMENT,
  `name` varchar(45) NOT NULL,
  `address` varchar(45) NOT NULL,
  `division` int(11) DEFAULT NULL,
  `score` float DEFAULT '0',
  `history` int(11) DEFAULT '0',
  `fairness` float DEFAULT '0',
  `accepts` int(11) DEFAULT '0',
  `rejects` int(11) DEFAULT '0',
  `running` int(11) DEFAULT '0',
  `finished` int(11) DEFAULT '0',
  `problem_del` int(11) DEFAULT '0',
  `vcpus` int(11) DEFAULT '0',
  `memory` bigint(20) DEFAULT '0',
  `local_gb` bigint(20) DEFAULT '0',
  `vcpus_used` bigint(20) DEFAULT '0',
  `memory_used` bigint(20) DEFAULT '0',
  `local_gb_used` bigint(20) DEFAULT '0',
  `max_instance` int(11) DEFAULT '0',
  `token` varchar(45) DEFAULT NULL,
  `suspend` timestamp NULL DEFAULT NULL,
  `enabled` int(11) DEFAULT '0',
  `last_choice` timestamp NOT NULL DEFAULT '2018-01-01 02:00:00',
  `playoff` tinyint(1) DEFAULT '0',
  PRIMARY KEY (`id`)
) ENGINE=InnoDB AUTO_INCREMENT=21 DEFAULT CHARSET=utf8;
/*!40101 SET character_set_client = @saved_cs_client */;

--
-- Dumping data for table `PLAYER`
--

LOCK TABLES `PLAYER` WRITE;
/*!40000 ALTER TABLE `PLAYER` DISABLE KEYS */;
INSERT INTO `PLAYER` VALUES (1,'playerVirtual1','192.168.0.200',4,-3,0,1,0,3,0,0,0,1023,1047552,10230,0,0,0,99,'0b3d59f1ab33c88c7bc4925ee8c400b6842b73bf',NULL,0,'2018-02-12 15:07:44',1),(2,'playerVirtual11','192.168.0.200',1,14.93,49,0.75,13,0,4,9,0,1023,1047552,10230,4,5120,42,99,'e9d6951856bd7c9690b419da3c25a5dad7c2b986',NULL,1,'2018-02-12 18:43:07',0),(3,'playerVirtual4','192.168.0.200',1,12.62,49,0.916667,11,0,7,4,0,1023,1047552,10230,8,10240,84,99,'c1c491acbb77179f1fe040ef7f766ab6206611bc',NULL,1,'2018-02-12 18:28:05',0),(4,'playerVirtual8','192.168.0.200',1,11.29,49,0.916667,12,0,6,6,0,1023,1047552,10230,6,7680,63,99,'d392700de00bbe3315f9ba9ca45638621f57a0d5',NULL,1,'2018-02-12 18:46:45',0),(5,'playerVirtual2','192.168.0.200',4,-1.01,0,0.75,2,3,2,0,0,1023,1047552,10230,3,6144,60,99,'dd43cc6eedd844d8d2de4dd2acfcb548ba5b9216',NULL,0,'2018-02-12 15:21:57',1),(6,'playerVirtual13','192.168.0.200',1,8.29,4,0.666667,11,0,4,7,0,1023,1047552,10230,4,2048,4,99,'be5822f69beab8a1336d9afe71153e7f20a28f47',NULL,1,'2018-02-12 19:01:18',1),(7,'playerVirtual3','192.168.0.200',4,-3,0,1,0,3,0,0,0,1023,1047552,10230,0,0,0,99,'e2843056c465e318fa4f5a59022775926d752474',NULL,0,'2018-02-12 15:08:13',1),(8,'playerVirtual6','192.168.0.200',1,16.59,49,0.916667,11,0,4,7,0,1023,1047552,10230,7,14336,140,99,'8c0ad61449b146351ee8e8179cff99e59542d0bb',NULL,1,'2018-02-12 18:36:51',0),(9,'playerVirtual15','192.168.0.200',1,13.27,49,0.9,11,0,3,8,0,1023,1047552,10230,4,8192,80,99,'28d1b26e7db5f1d89e6405a9db7335b09c27aca6',NULL,1,'2018-02-12 18:33:13',0),(10,'playerVirtual17','192.168.0.200',1,15.27,49,0.909091,12,0,4,8,0,1023,1047552,10230,5,5632,43,99,'8120e873d7b1f3de0d1a77848f25b8d525cb03b1',NULL,1,'2018-02-12 19:01:38',0),(11,'playerVirtual19','192.168.0.200',1,15.27,49,1,12,0,6,6,0,1023,1047552,10230,6,7680,63,99,'9532136a863bd44ee9fa68cec9f919b3be50b013',NULL,1,'2018-02-12 19:03:49',0),(12,'playerVirtual5','192.168.0.200',1,12.28,37,1,12,0,3,9,0,1023,1047552,10230,3,3072,22,99,'750e1391cb5d7d0c3ba098c9517aaa396e392428',NULL,1,'2018-02-12 18:49:02',0),(13,'playerVirtual9','192.168.0.200',1,14.6,49,1,12,0,6,6,0,1023,1047552,10230,8,13312,122,99,'ce266b012318213bf9e6d7ce12cbeca4bab80ba4',NULL,1,'2018-02-12 18:52:39',0),(14,'playerVirtual7','192.168.0.200',1,13.28,49,1,12,0,2,10,0,1023,1047552,10230,2,2560,21,99,'93ac8e048546a814f1fe5fd606d7cf322647d73a',NULL,1,'2018-02-12 18:41:50',0),(15,'playerVirtual14','192.168.0.200',1,14.6,49,1,11,0,4,7,0,1023,1047552,10230,4,6656,61,99,'1a1e95261e38c374a271b6d74a972ce34813edad',NULL,1,'2018-02-12 18:35:43',0),(16,'playerVirtual12','192.168.0.200',1,13.28,49,1,12,0,6,6,0,1023,1047552,10230,6,7680,63,99,'7d459514e525d062ee1cd60e7f34577025cafcc6',NULL,1,'2018-02-12 18:59:16',0),(17,'playerVirtual0','192.168.0.200',4,-2,0,1,0,2,0,0,0,1023,1047552,10230,0,0,0,99,'4feaa776bf5bf94ac7b73bc48fee358121c7aec7',NULL,0,'2018-02-12 15:05:39',1),(18,'playerVirtual16','192.168.0.200',1,16.25,49,0.833333,12,0,4,8,0,1023,1047552,10230,6,12288,120,99,'78be3ceee55b82da9cd20049a69aeefcf30a7803',NULL,1,'2018-02-12 18:49:36',0),(19,'playerVirtual18','192.168.0.200',1,14.6,49,1,11,0,3,8,0,1023,1047552,10230,4,6656,61,99,'1aa731b1b207aa54c70e4f0b4d40c9e0fd2c4395',NULL,1,'2018-02-12 18:30:49',0),(20,'playerVirtual10','192.168.0.200',1,11.95,49,1,11,0,3,8,0,1023,1047552,10230,3,3072,22,99,'91dbfbb066fbb3b04eefa45a2297f7813ac32900',NULL,1,'2018-02-12 18:37:30',0);
/*!40000 ALTER TABLE `PLAYER` ENABLE KEYS */;
UNLOCK TABLES;

--
-- Table structure for table `REQUEST`
--

DROP TABLE IF EXISTS `REQUEST`;
/*!40101 SET @saved_cs_client     = @@character_set_client */;
/*!40101 SET character_set_client = utf8 */;
CREATE TABLE `REQUEST` (
  `id` int(11) NOT NULL AUTO_INCREMENT,
  `player_id` varchar(45) NOT NULL,
  `request_id` varchar(45) NOT NULL,
  `action` int(11) NOT NULL,
  `timestamp_received` timestamp NULL DEFAULT NULL,
  `timestamp_finished` timestamp NULL DEFAULT NULL,
  `status` int(11) NOT NULL,
  PRIMARY KEY (`id`)
) ENGINE=InnoDB AUTO_INCREMENT=952 DEFAULT CHARSET=utf8;
/*!40101 SET character_set_client = @saved_cs_client */;

--
-- Dumping data for table `REQUEST`
--

LOCK TABLES `REQUEST` WRITE;
/*!40000 ALTER TABLE `REQUEST` DISABLE KEYS */;
INSERT INTO `REQUEST` VALUES (1,'playerVirtual1','playerVirtual1_fd50d584f8',4,'2018-02-12 15:00:00',NULL,0),(2,'playerVirtual11','playerVirtual11_fb122464b6',4,'2018-02-12 15:00:00',NULL,0),(3,'playerVirtual4','playerVirtual4_d3b3925c8a',4,'2018-02-12 15:00:00',NULL,0),(4,'playerVirtual8','playerVirtual8_7c62524289',4,'2018-02-12 15:00:00',NULL,0),(5,'playerVirtual2','playerVirtual2_438f5a960c',4,'2018-02-12 15:00:01',NULL,0),(6,'playerVirtual13','playerVirtual13_66c5935b5c',4,'2018-02-12 15:00:01',NULL,0),(7,'playerVirtual3','playerVirtual3_cdaa1db106',4,'2018-02-12 15:00:01',NULL,0),(8,'playerVirtual6','playerVirtual6_f5f5d2cca6',4,'2018-02-12 15:00:01',NULL,0),(9,'playerVirtual15','playerVirtual15_d84f92f70a',4,'2018-02-12 15:00:01',NULL,0),(10,'playerVirtual17','playerVirtual17_60b0b9a4f5',4,'2018-02-12 15:00:02',NULL,0),(11,'playerVirtual19','playerVirtual19_f45be03354',4,'2018-02-12 15:00:02',NULL,0),(12,'playerVirtual5','playerVirtual5_93eafc667d',4,'2018-02-12 15:00:02',NULL,0),(13,'playerVirtual9','playerVirtual9_69a72b75fa',4,'2018-02-12 15:00:02',NULL,0),(14,'playerVirtual7','playerVirtual7_90b6a13b6f',4,'2018-02-12 15:00:02',NULL,0),(15,'playerVirtual14','playerVirtual14_78e25445d0',4,'2018-02-12 15:00:02',NULL,0),(16,'playerVirtual12','playerVirtual12_cce1f43613',4,'2018-02-12 15:00:03',NULL,0),(17,'playerVirtual0','playerVirtual0_c921e94dec',4,'2018-02-12 15:00:03',NULL,0),(18,'playerVirtual16','playerVirtual16_0eb50dc544',4,'2018-02-12 15:00:03',NULL,0),(19,'playerVirtual18','playerVirtual18_916df66b94',4,'2018-02-12 15:00:04',NULL,0),(20,'playerVirtual10','playerVirtual10_7e99aaf5bb',4,'2018-02-12 15:00:04',NULL,0),(21,'playerVirtual1','playerVirtual1_450512000',0,'2018-02-12 15:01:01',NULL,0),(22,'playerVirtual1','playerVirtual1_450512000',0,'2018-02-12 15:01:02',NULL,0),(23,'playerVirtual11','playerVirtual11_1438244924',0,'2018-02-12 15:01:03',NULL,0),(24,'playerVirtual11','playerVirtual11_1438244924',0,'2018-02-12 15:01:04',NULL,0),(25,'playerVirtual4','playerVirtual4_640692267',0,'2018-02-12 15:01:06',NULL,0),(26,'playerVirtual4','playerVirtual4_640692267',0,'2018-02-12 15:01:07',NULL,0),(27,'playerVirtual8','playerVirtual8_2381571381',0,'2018-02-12 15:01:08',NULL,0),(28,'playerVirtual8','playerVirtual8_2381571381',0,'2018-02-12 15:01:08',NULL,0),(29,'playerVirtual2','playerVirtual2_5297461910',0,'2018-02-12 15:01:09',NULL,0),(30,'playerVirtual2','playerVirtual2_5297461910',0,'2018-02-12 15:01:09',NULL,0),(31,'playerVirtual13','playerVirtual13_2790332778',0,'2018-02-12 15:01:12',NULL,0),(32,'playerVirtual13','playerVirtual13_2790332778',0,'2018-02-12 15:01:12',NULL,0),(33,'playerVirtual3','playerVirtual3_369721705',0,'2018-02-12 15:01:13',NULL,0),(34,'playerVirtual6','playerVirtual6_317469422',0,'2018-02-12 15:01:13',NULL,0),(35,'playerVirtual3','playerVirtual3_369721705',0,'2018-02-12 15:01:13',NULL,0),(36,'playerVirtual15','playerVirtual15_6955737',0,'2018-02-12 15:01:14',NULL,0),(37,'playerVirtual6','playerVirtual6_317469422',0,'2018-02-12 15:01:14',NULL,0),(38,'playerVirtual15','playerVirtual15_6955737',0,'2018-02-12 15:01:14',NULL,0),(39,'playerVirtual17','playerVirtual17_257338104',0,'2018-02-12 15:01:14',NULL,0),(40,'playerVirtual19','playerVirtual19_3584940347',0,'2018-02-12 15:01:15',NULL,0),(41,'playerVirtual17','playerVirtual17_257338104',0,'2018-02-12 15:01:15',NULL,0),(42,'playerVirtual5','playerVirtual5_2433236783',0,'2018-02-12 15:01:15',NULL,0),(43,'playerVirtual19','playerVirtual19_3584940347',0,'2018-02-12 15:01:15',NULL,0),(44,'playerVirtual5','playerVirtual5_2433236783',0,'2018-02-12 15:01:15',NULL,0),(45,'playerVirtual9','playerVirtual9_3338579772',0,'2018-02-12 15:01:16',NULL,0),(46,'playerVirtual7','playerVirtual7_257407216',0,'2018-02-12 15:01:16',NULL,0),(47,'playerVirtual9','playerVirtual9_3338579772',0,'2018-02-12 15:01:16',NULL,0),(48,'playerVirtual7','playerVirtual7_257407216',0,'2018-02-12 15:01:17',NULL,0),(49,'playerVirtual14','playerVirtual14_182859403',0,'2018-02-12 15:01:23',NULL,0),(50,'playerVirtual14','playerVirtual14_182859403',0,'2018-02-12 15:01:24',NULL,0),(51,'playerVirtual12','playerVirtual12_2359368952',0,'2018-02-12 15:01:26',NULL,0),(52,'playerVirtual12','playerVirtual12_2359368952',0,'2018-02-12 15:01:27',NULL,0),(53,'playerVirtual0','playerVirtual0_16917741',0,'2018-02-12 15:01:30',NULL,0),(54,'playerVirtual0','playerVirtual0_16917741',0,'2018-02-12 15:01:31',NULL,0),(55,'playerVirtual16','playerVirtual16_2545640208',0,'2018-02-12 15:01:39',NULL,0),(56,'playerVirtual16','playerVirtual16_2545640208',0,'2018-02-12 15:01:39',NULL,0),(57,'playerVirtual18','playerVirtual18_908315',0,'2018-02-12 15:01:40',NULL,0),(58,'playerVirtual18','playerVirtual18_908315',0,'2018-02-12 15:01:40',NULL,0),(59,'playerVirtual10','playerVirtual10_539194189',0,'2018-02-12 15:01:48',NULL,0),(60,'playerVirtual10','playerVirtual10_539194189',0,'2018-02-12 15:01:49',NULL,0),(61,'playerVirtual1','playerVirtual1_cdbc519194',3,'2018-02-12 15:02:01',NULL,0),(62,'playerVirtual11','playerVirtual11_9b5093dafc',3,'2018-02-12 15:02:03',NULL,0),(63,'playerVirtual4','playerVirtual4_1549bc1427',3,'2018-02-12 15:02:07',NULL,0),(64,'playerVirtual8','playerVirtual8_af4c8db496',3,'2018-02-12 15:02:08',NULL,0),(65,'playerVirtual2','playerVirtual2_c842631ae5',3,'2018-02-12 15:02:09',NULL,0),(66,'playerVirtual13','playerVirtual13_bb37e3f71e',3,'2018-02-12 15:02:12',NULL,0),(67,'playerVirtual3','playerVirtual3_cd4d725e6a',3,'2018-02-12 15:02:13',NULL,0),(68,'playerVirtual6','playerVirtual6_4cd3e0277d',3,'2018-02-12 15:02:13',NULL,0),(69,'playerVirtual15','playerVirtual15_dcfb390698',3,'2018-02-12 15:02:14',NULL,0),(70,'playerVirtual17','playerVirtual17_b802c0c702',3,'2018-02-12 15:02:15',NULL,0),(71,'playerVirtual19','playerVirtual19_62e222033a',3,'2018-02-12 15:02:15',NULL,0),(72,'playerVirtual5','playerVirtual5_ab87bd9311',3,'2018-02-12 15:02:15',NULL,0),(73,'playerVirtual9','playerVirtual9_57b286afd0',3,'2018-02-12 15:02:16',NULL,0),(74,'playerVirtual7','playerVirtual7_40fa12a2fa',3,'2018-02-12 15:02:16',NULL,0),(75,'playerVirtual14','playerVirtual14_48ba2fe013',3,'2018-02-12 15:02:24',NULL,0),(76,'playerVirtual12','playerVirtual12_97aa38900c',3,'2018-02-12 15:02:27',NULL,0),(77,'playerVirtual0','playerVirtual0_caf8dedc67',3,'2018-02-12 15:02:30',NULL,0),(78,'playerVirtual16','playerVirtual16_9d989777fe',3,'2018-02-12 15:02:39',NULL,0),(79,'playerVirtual18','playerVirtual18_4d72512fc1',3,'2018-02-12 15:02:40',NULL,0),(80,'playerVirtual10','playerVirtual10_2da5ae0ef9',3,'2018-02-12 15:02:48',NULL,0),(81,'playerVirtual1','playerVirtual1_4820204870',0,'2018-02-12 15:04:27',NULL,0),(82,'playerVirtual1','playerVirtual1_4820204870',0,'2018-02-12 15:04:27',NULL,0),(83,'playerVirtual11','playerVirtual11_8058564',0,'2018-02-12 15:05:17',NULL,0),(84,'playerVirtual11','playerVirtual11_8058564',0,'2018-02-12 15:05:17',NULL,0),(85,'playerVirtual4','playerVirtual4_1429160667',0,'2018-02-12 15:05:18',NULL,0),(86,'playerVirtual4','playerVirtual4_1429160667',0,'2018-02-12 15:05:18',NULL,0),(87,'playerVirtual8','playerVirtual8_3338010893',0,'2018-02-12 15:05:19',NULL,0),(88,'playerVirtual8','playerVirtual8_3338010893',0,'2018-02-12 15:05:20',NULL,0),(89,'playerVirtual2','playerVirtual2_82730999',0,'2018-02-12 15:05:24',NULL,0),(90,'playerVirtual2','playerVirtual2_82730999',0,'2018-02-12 15:05:24',NULL,0),(91,'playerVirtual3','playerVirtual3_6571218',0,'2018-02-12 15:05:26',NULL,0),(92,'playerVirtual13','playerVirtual13_351652724',0,'2018-02-12 15:05:26',NULL,0),(93,'playerVirtual3','playerVirtual3_6571218',0,'2018-02-12 15:05:26',NULL,0),(94,'playerVirtual13','playerVirtual13_351652724',0,'2018-02-12 15:05:26',NULL,0),(95,'playerVirtual1','playerVirtual1_a1679e0825',4,'2018-02-12 15:05:27',NULL,0),(96,'playerVirtual6','playerVirtual6_778566023',0,'2018-02-12 15:05:28',NULL,0),(97,'playerVirtual6','playerVirtual6_778566023',0,'2018-02-12 15:05:28',NULL,0),(98,'playerVirtual15','playerVirtual15_1436344784',0,'2018-02-12 15:05:32',NULL,0),(99,'playerVirtual15','playerVirtual15_1436344784',0,'2018-02-12 15:05:32',NULL,0),(100,'playerVirtual17','playerVirtual17_1339662',0,'2018-02-12 15:05:34',NULL,0),(101,'playerVirtual19','playerVirtual19_317497342',0,'2018-02-12 15:05:35',NULL,0),(102,'playerVirtual5','playerVirtual5_284794223',0,'2018-02-12 15:05:36',NULL,0),(103,'playerVirtual9','playerVirtual9_359920779',0,'2018-02-12 15:05:36',NULL,0),(104,'playerVirtual7','playerVirtual7_904011',0,'2018-02-12 15:05:36',NULL,0),(105,'playerVirtual17','playerVirtual17_1339662',0,'2018-02-12 15:05:37',NULL,0),(106,'playerVirtual19','playerVirtual19_317497342',0,'2018-02-12 15:05:38',NULL,0),(107,'playerVirtual14','playerVirtual14_2904109077',0,'2018-02-12 15:05:38',NULL,0),(108,'playerVirtual5','playerVirtual5_284794223',0,'2018-02-12 15:05:38',NULL,0),(109,'playerVirtual0','playerVirtual0_905614',0,'2018-02-12 15:05:38',NULL,0),(110,'playerVirtual9','playerVirtual9_359920779',0,'2018-02-12 15:05:39',NULL,0),(111,'playerVirtual12','playerVirtual12_257338074',0,'2018-02-12 15:05:39',NULL,0),(112,'playerVirtual7','playerVirtual7_904011',0,'2018-02-12 15:05:39',NULL,0),(113,'playerVirtual16','playerVirtual16_1093460',0,'2018-02-12 15:05:39',NULL,0),(114,'playerVirtual14','playerVirtual14_2904109077',0,'2018-02-12 15:05:39',NULL,0),(115,'playerVirtual18','playerVirtual18_6569547',0,'2018-02-12 15:05:39',NULL,0),(116,'playerVirtual0','playerVirtual0_905614',0,'2018-02-12 15:05:40',NULL,0),(117,'playerVirtual12','playerVirtual12_257338074',0,'2018-02-12 15:05:40',NULL,0),(118,'playerVirtual16','playerVirtual16_1093460',0,'2018-02-12 15:05:40',NULL,0),(119,'playerVirtual18','playerVirtual18_6569547',0,'2018-02-12 15:05:40',NULL,0),(120,'playerVirtual10','playerVirtual10_470485660',0,'2018-02-12 15:05:41',NULL,0),(121,'playerVirtual10','playerVirtual10_470485660',0,'2018-02-12 15:05:41',NULL,0),(122,'playerVirtual11','playerVirtual11_a099fefaa1',4,'2018-02-12 15:06:17',NULL,0),(123,'playerVirtual4','playerVirtual4_34edb2d907',4,'2018-02-12 15:06:18',NULL,0),(124,'playerVirtual8','playerVirtual8_0ae91f80c5',4,'2018-02-12 15:06:19',NULL,0),(125,'playerVirtual2','playerVirtual2_ffef6690ae',4,'2018-02-12 15:06:24',NULL,0),(126,'playerVirtual3','playerVirtual3_15df1b22d5',4,'2018-02-12 15:06:26',NULL,0),(127,'playerVirtual13','playerVirtual13_f3fafa7c17',4,'2018-02-12 15:06:26',NULL,0),(128,'playerVirtual6','playerVirtual6_de6a922701',4,'2018-02-12 15:06:28',NULL,0),(129,'playerVirtual15','playerVirtual15_750771e0aa',4,'2018-02-12 15:06:32',NULL,0),(130,'playerVirtual17','playerVirtual17_1c837dcd3b',4,'2018-02-12 15:06:33',NULL,0),(131,'playerVirtual19','playerVirtual19_feeeaf2463',4,'2018-02-12 15:06:36',NULL,0),(132,'playerVirtual5','playerVirtual5_ac6e23c5bc',4,'2018-02-12 15:06:37',NULL,0),(133,'playerVirtual9','playerVirtual9_5597760eaa',4,'2018-02-12 15:06:37',NULL,0),(134,'playerVirtual7','playerVirtual7_3ffc51dad3',4,'2018-02-12 15:06:38',NULL,0),(135,'playerVirtual14','playerVirtual14_82aa08ad7d',4,'2018-02-12 15:06:39',NULL,0),(136,'playerVirtual0','playerVirtual0_6506f718eb',4,'2018-02-12 15:06:40',NULL,0),(137,'playerVirtual12','playerVirtual12_0637394997',4,'2018-02-12 15:06:41',NULL,0),(138,'playerVirtual16','playerVirtual16_ec4d1158cc',4,'2018-02-12 15:06:41',NULL,0),(139,'playerVirtual18','playerVirtual18_d63e1b0904',4,'2018-02-12 15:06:41',NULL,0),(140,'playerVirtual10','playerVirtual10_0d9495fef4',4,'2018-02-12 15:06:41',NULL,0),(141,'playerVirtual1','playerVirtual1_30788568',0,'2018-02-12 15:07:41',NULL,0),(142,'playerVirtual1','playerVirtual1_30788568',0,'2018-02-12 15:07:41',NULL,0),(143,'playerVirtual11','playerVirtual11_5792765',0,'2018-02-12 15:07:44',NULL,0),(144,'playerVirtual11','playerVirtual11_5792765',0,'2018-02-12 15:07:45',NULL,0),(145,'playerVirtual4','playerVirtual4_38671842',0,'2018-02-12 15:07:55',NULL,0),(146,'playerVirtual4','playerVirtual4_38671842',0,'2018-02-12 15:07:55',NULL,0),(147,'playerVirtual8','playerVirtual8_400453824',0,'2018-02-12 15:07:56',NULL,0),(148,'playerVirtual8','playerVirtual8_400453824',0,'2018-02-12 15:07:56',NULL,0),(149,'playerVirtual2','playerVirtual2_4820318661',0,'2018-02-12 15:08:05',NULL,0),(150,'playerVirtual2','playerVirtual2_4820318661',0,'2018-02-12 15:08:06',NULL,0),(151,'playerVirtual3','playerVirtual3_4819935267',0,'2018-02-12 15:08:10',NULL,0),(152,'playerVirtual3','playerVirtual3_4819935267',0,'2018-02-12 15:08:10',NULL,0),(153,'playerVirtual13','playerVirtual13_4820217293',0,'2018-02-12 15:08:12',NULL,0),(154,'playerVirtual13','playerVirtual13_4820217293',0,'2018-02-12 15:08:13',NULL,0),(155,'playerVirtual6','playerVirtual6_6264344062',0,'2018-02-12 15:08:13',NULL,0),(156,'playerVirtual6','playerVirtual6_6264344062',0,'2018-02-12 15:08:14',NULL,0),(157,'playerVirtual15','playerVirtual15_2378747961',0,'2018-02-12 15:08:23',NULL,0),(158,'playerVirtual15','playerVirtual15_2378747961',0,'2018-02-12 15:08:24',NULL,0),(159,'playerVirtual17','playerVirtual17_5068098508',0,'2018-02-12 15:08:29',NULL,0),(160,'playerVirtual17','playerVirtual17_5068098508',0,'2018-02-12 15:08:29',NULL,0),(161,'playerVirtual11','playerVirtual11_0835e42a3a',3,'2018-02-12 15:08:44',NULL,0),(162,'playerVirtual4','playerVirtual4_83badbcd27',3,'2018-02-12 15:08:55',NULL,0),(163,'playerVirtual8','playerVirtual8_f132b43c66',3,'2018-02-12 15:08:56',NULL,0),(164,'playerVirtual2','playerVirtual2_62276b1831',3,'2018-02-12 15:09:05',NULL,0),(165,'playerVirtual13','playerVirtual13_04b0722829',3,'2018-02-12 15:09:13',NULL,0),(166,'playerVirtual6','playerVirtual6_5e957bd305',3,'2018-02-12 15:09:13',NULL,0),(167,'playerVirtual15','playerVirtual15_9b0ef756fb',3,'2018-02-12 15:09:24',NULL,0),(168,'playerVirtual17','playerVirtual17_71c2086eee',3,'2018-02-12 15:09:29',NULL,0),(169,'playerVirtual12','playerVirtual12_2359368952',1,'2018-02-12 15:09:40',NULL,0),(170,'playerVirtual12','playerVirtual12_32128f5385',3,'2018-02-12 15:09:41',NULL,0),(171,'playerVirtual12','playerVirtual12_2359368952',1,'2018-02-12 15:09:43',NULL,0),(172,'playerVirtual19','playerVirtual19_227443932',0,'2018-02-12 15:09:45',NULL,0),(173,'playerVirtual5','playerVirtual5_1095593',0,'2018-02-12 15:09:46',NULL,0),(174,'playerVirtual19','playerVirtual19_227443932',0,'2018-02-12 15:09:47',NULL,0),(175,'playerVirtual5','playerVirtual5_1095593',0,'2018-02-12 15:09:47',NULL,0),(176,'playerVirtual9','playerVirtual9_2148750930',0,'2018-02-12 15:09:48',NULL,0),(177,'playerVirtual9','playerVirtual9_2148750930',0,'2018-02-12 15:09:49',NULL,0),(178,'playerVirtual7','playerVirtual7_563574327',0,'2018-02-12 15:09:52',NULL,0),(179,'playerVirtual7','playerVirtual7_563574327',0,'2018-02-12 15:09:53',NULL,0),(180,'playerVirtual14','playerVirtual14_765651',0,'2018-02-12 15:10:02',NULL,0),(181,'playerVirtual14','playerVirtual14_765651',0,'2018-02-12 15:10:03',NULL,0),(182,'playerVirtual16','playerVirtual16_5623125514',0,'2018-02-12 15:10:24',NULL,0),(183,'playerVirtual16','playerVirtual16_5623125514',0,'2018-02-12 15:10:25',NULL,0),(184,'playerVirtual18','playerVirtual18_284757920',0,'2018-02-12 15:10:26',NULL,0),(185,'playerVirtual18','playerVirtual18_284757920',0,'2018-02-12 15:10:26',NULL,0),(186,'playerVirtual10','playerVirtual10_272887063',0,'2018-02-12 15:10:36',NULL,0),(187,'playerVirtual10','playerVirtual10_272887063',0,'2018-02-12 15:10:37',NULL,0),(188,'playerVirtual19','playerVirtual19_9846d96670',3,'2018-02-12 15:10:45',NULL,0),(189,'playerVirtual5','playerVirtual5_e77050810b',3,'2018-02-12 15:10:46',NULL,0),(190,'playerVirtual9','playerVirtual9_0acdc5e208',3,'2018-02-12 15:10:49',NULL,0),(191,'playerVirtual7','playerVirtual7_26d0e563dc',3,'2018-02-12 15:10:53',NULL,0),(192,'playerVirtual14','playerVirtual14_e6d2044c80',3,'2018-02-12 15:11:03',NULL,0),(193,'playerVirtual16','playerVirtual16_6ea17b6846',3,'2018-02-12 15:11:24',NULL,0),(194,'playerVirtual18','playerVirtual18_b277bfe0e2',3,'2018-02-12 15:11:26',NULL,0),(195,'playerVirtual10','playerVirtual10_64cf6b2b9d',3,'2018-02-12 15:11:37',NULL,0),(196,'playerVirtual11','playerVirtual11_38676294',0,'2018-02-12 15:14:09',NULL,0),(197,'playerVirtual11','playerVirtual11_38676294',0,'2018-02-12 15:14:10',NULL,0),(198,'playerVirtual14','playerVirtual14_182859403',1,'2018-02-12 15:14:45',NULL,0),(199,'playerVirtual14','playerVirtual14_8c9fd4fea1',4,'2018-02-12 15:14:45',NULL,0),(200,'playerVirtual14','playerVirtual14_182859403',1,'2018-02-12 15:14:46',NULL,0),(201,'playerVirtual11','playerVirtual11_ae13cd3b69',4,'2018-02-12 15:15:09',NULL,0),(202,'playerVirtual4','playerVirtual4_182859403',0,'2018-02-12 15:15:12',NULL,0),(203,'playerVirtual4','playerVirtual4_182859403',0,'2018-02-12 15:15:13',NULL,0),(204,'playerVirtual8','playerVirtual8_4820204870',0,'2018-02-12 15:15:28',NULL,0),(205,'playerVirtual8','playerVirtual8_4820204870',0,'2018-02-12 15:15:29',NULL,0),(206,'playerVirtual12','playerVirtual12_6282149131',0,'2018-02-12 15:15:40',NULL,0),(207,'playerVirtual12','playerVirtual12_6282149131',0,'2018-02-12 15:15:40',NULL,0),(208,'playerVirtual2','playerVirtual2_990694203',0,'2018-02-12 15:15:50',NULL,0),(209,'playerVirtual2','playerVirtual2_990694203',0,'2018-02-12 15:15:50',NULL,0),(210,'playerVirtual13','playerVirtual13_6280638724',0,'2018-02-12 15:16:10',NULL,0),(211,'playerVirtual13','playerVirtual13_6280638724',0,'2018-02-12 15:16:10',NULL,0),(212,'playerVirtual6','playerVirtual6_6280643141',0,'2018-02-12 15:16:12',NULL,0),(213,'playerVirtual6','playerVirtual6_6280643141',0,'2018-02-12 15:16:12',NULL,0),(214,'playerVirtual4','playerVirtual4_f42cf94dcf',4,'2018-02-12 15:16:13',NULL,0),(215,'playerVirtual15','playerVirtual15_4476462938',0,'2018-02-12 15:16:26',NULL,0),(216,'playerVirtual15','playerVirtual15_4476462938',0,'2018-02-12 15:16:26',NULL,0),(217,'playerVirtual8','playerVirtual8_433a391cd9',4,'2018-02-12 15:16:28',NULL,0),(218,'playerVirtual17','playerVirtual17_272887063',0,'2018-02-12 15:16:34',NULL,0),(219,'playerVirtual17','playerVirtual17_272887063',0,'2018-02-12 15:16:35',NULL,0),(220,'playerVirtual19','playerVirtual19_2359368952',0,'2018-02-12 15:16:38',NULL,0),(221,'playerVirtual19','playerVirtual19_2359368952',0,'2018-02-12 15:16:38',NULL,0),(222,'playerVirtual12','playerVirtual12_c6a2aa4452',4,'2018-02-12 15:16:40',NULL,0),(223,'playerVirtual10','playerVirtual10_272887063',1,'2018-02-12 15:16:40',NULL,0),(224,'playerVirtual10','playerVirtual10_321f8cdf24',4,'2018-02-12 15:16:40',NULL,0),(225,'playerVirtual10','playerVirtual10_272887063',1,'2018-02-12 15:16:41',NULL,0),(226,'playerVirtual5','playerVirtual5_1436323714',0,'2018-02-12 15:16:50',NULL,0),(227,'playerVirtual2','playerVirtual2_eae09cb4bd',4,'2018-02-12 15:16:50',NULL,0),(228,'playerVirtual5','playerVirtual5_1436323714',0,'2018-02-12 15:16:50',NULL,0),(229,'playerVirtual9','playerVirtual9_682797',0,'2018-02-12 15:16:58',NULL,0),(230,'playerVirtual9','playerVirtual9_682797',0,'2018-02-12 15:16:58',NULL,0),(231,'playerVirtual7','playerVirtual7_214880781',0,'2018-02-12 15:17:04',NULL,0),(232,'playerVirtual7','playerVirtual7_214880781',0,'2018-02-12 15:17:08',NULL,0),(233,'playerVirtual16','playerVirtual16_16914091',0,'2018-02-12 15:17:08',NULL,0),(234,'playerVirtual16','playerVirtual16_16914091',0,'2018-02-12 15:17:09',NULL,0),(235,'playerVirtual13','playerVirtual13_964a1f316d',4,'2018-02-12 15:17:10',NULL,0),(236,'playerVirtual6','playerVirtual6_5ba017782d',4,'2018-02-12 15:17:12',NULL,0),(237,'playerVirtual18','playerVirtual18_182859403',0,'2018-02-12 15:17:22',NULL,0),(238,'playerVirtual18','playerVirtual18_182859403',0,'2018-02-12 15:17:22',NULL,0),(239,'playerVirtual15','playerVirtual15_d8946dedf4',4,'2018-02-12 15:17:26',NULL,0),(240,'playerVirtual17','playerVirtual17_5f149726b2',4,'2018-02-12 15:17:34',NULL,0),(241,'playerVirtual19','playerVirtual19_dae72ef900',4,'2018-02-12 15:17:38',NULL,0),(242,'playerVirtual5','playerVirtual5_1e5722dfc3',4,'2018-02-12 15:17:50',NULL,0),(243,'playerVirtual9','playerVirtual9_0b0fca93e9',4,'2018-02-12 15:17:58',NULL,0),(244,'playerVirtual7','playerVirtual7_0f0f6219c3',4,'2018-02-12 15:18:01',NULL,0),(245,'playerVirtual4','playerVirtual4_182859403',1,'2018-02-12 15:18:07',NULL,0),(246,'playerVirtual4','playerVirtual4_5315dddafe',3,'2018-02-12 15:18:07',NULL,0),(247,'playerVirtual4','playerVirtual4_182859403',1,'2018-02-12 15:18:10',NULL,0),(248,'playerVirtual16','playerVirtual16_5442b8e8e4',4,'2018-02-12 15:18:11',NULL,0),(249,'playerVirtual18','playerVirtual18_db847a391a',4,'2018-02-12 15:18:22',NULL,0),(250,'playerVirtual2','playerVirtual2_990694203',1,'2018-02-12 15:18:32',NULL,0),(251,'playerVirtual2','playerVirtual2_7abb2e463d',3,'2018-02-12 15:18:32',NULL,0),(252,'playerVirtual2','playerVirtual2_990694203',1,'2018-02-12 15:18:33',NULL,0),(253,'playerVirtual11','playerVirtual11_6285257156',0,'2018-02-12 15:19:37',NULL,0),(254,'playerVirtual11','playerVirtual11_6285257156',0,'2018-02-12 15:19:37',NULL,0),(255,'playerVirtual8','playerVirtual8_6955737',0,'2018-02-12 15:20:17',NULL,0),(256,'playerVirtual8','playerVirtual8_6955737',0,'2018-02-12 15:20:17',NULL,0),(257,'playerVirtual11','playerVirtual11_e4efca0b7f',3,'2018-02-12 15:20:37',NULL,0),(258,'playerVirtual15','playerVirtual15_6955737',1,'2018-02-12 15:20:43',NULL,0),(259,'playerVirtual15','playerVirtual15_fe16aaea0a',3,'2018-02-12 15:20:43',NULL,0),(260,'playerVirtual15','playerVirtual15_6955737',1,'2018-02-12 15:20:43',NULL,0),(261,'playerVirtual14','playerVirtual14_6641406',0,'2018-02-12 15:20:50',NULL,0),(262,'playerVirtual14','playerVirtual14_6641406',0,'2018-02-12 15:20:50',NULL,0),(263,'playerVirtual13','playerVirtual13_2378747961',0,'2018-02-12 15:21:03',NULL,0),(264,'playerVirtual13','playerVirtual13_2378747961',0,'2018-02-12 15:21:03',NULL,0),(265,'playerVirtual12','playerVirtual12_6955737',0,'2018-02-12 15:21:11',NULL,0),(266,'playerVirtual12','playerVirtual12_6955737',0,'2018-02-12 15:21:11',NULL,0),(267,'playerVirtual8','playerVirtual8_1c60ff56ef',3,'2018-02-12 15:21:18',NULL,0),(268,'playerVirtual6','playerVirtual6_6289355687',0,'2018-02-12 15:21:37',NULL,0),(269,'playerVirtual6','playerVirtual6_6289355687',0,'2018-02-12 15:21:37',NULL,0),(270,'playerVirtual14','playerVirtual14_735b3c6685',3,'2018-02-12 15:21:50',NULL,0),(271,'playerVirtual17','playerVirtual17_1438244924',0,'2018-02-12 15:21:57',NULL,0),(272,'playerVirtual17','playerVirtual17_1438244924',0,'2018-02-12 15:21:57',NULL,0),(273,'playerVirtual13','playerVirtual13_a643740bd5',3,'2018-02-12 15:22:03',NULL,0),(274,'playerVirtual12','playerVirtual12_9b6cacdbbb',3,'2018-02-12 15:22:11',NULL,0),(275,'playerVirtual10','playerVirtual10_1438244924',0,'2018-02-12 15:22:15',NULL,0),(276,'playerVirtual10','playerVirtual10_1438244924',0,'2018-02-12 15:22:15',NULL,0),(277,'playerVirtual9','playerVirtual9_3338579772',1,'2018-02-12 15:22:27',NULL,0),(278,'playerVirtual9','playerVirtual9_a08a69bde7',3,'2018-02-12 15:22:28',NULL,0),(279,'playerVirtual9','playerVirtual9_3338579772',1,'2018-02-12 15:22:28',NULL,0),(280,'playerVirtual6','playerVirtual6_5d4906e5df',3,'2018-02-12 15:22:37',NULL,0),(281,'playerVirtual17','playerVirtual17_cc5a18083e',3,'2018-02-12 15:22:57',NULL,0),(282,'playerVirtual19','playerVirtual19_6289704471',0,'2018-02-12 15:23:14',NULL,0),(283,'playerVirtual19','playerVirtual19_6289704471',0,'2018-02-12 15:23:15',NULL,0),(284,'playerVirtual10','playerVirtual10_314f986195',3,'2018-02-12 15:23:15',NULL,0),(285,'playerVirtual5','playerVirtual5_794070039',0,'2018-02-12 15:23:39',NULL,0),(286,'playerVirtual5','playerVirtual5_794070039',0,'2018-02-12 15:23:40',NULL,0),(287,'playerVirtual19','playerVirtual19_697a6901f4',3,'2018-02-12 15:24:14',NULL,0),(288,'playerVirtual7','playerVirtual7_990694203',0,'2018-02-12 15:24:30',NULL,0),(289,'playerVirtual7','playerVirtual7_990694203',0,'2018-02-12 15:24:31',NULL,0),(290,'playerVirtual5','playerVirtual5_336d5d5093',3,'2018-02-12 15:24:40',NULL,0),(291,'playerVirtual7','playerVirtual7_35b9fd61ea',3,'2018-02-12 15:25:30',NULL,0),(292,'playerVirtual16','playerVirtual16_6296865278',0,'2018-02-12 15:26:31',NULL,0),(293,'playerVirtual16','playerVirtual16_6296865278',0,'2018-02-12 15:26:36',NULL,0),(294,'playerVirtual11','playerVirtual11_8a21762310',4,'2018-02-12 15:26:47',NULL,0),(295,'playerVirtual16','playerVirtual16_b6a71a8676',3,'2018-02-12 15:27:30',NULL,0),(296,'playerVirtual18','playerVirtual18_182859403',1,'2018-02-12 15:27:39',NULL,0),(297,'playerVirtual18','playerVirtual18_668063a603',3,'2018-02-12 15:27:39',NULL,0),(298,'playerVirtual18','playerVirtual18_182859403',1,'2018-02-12 15:27:43',NULL,0),(299,'playerVirtual8','playerVirtual8_6955737',1,'2018-02-12 15:27:47',NULL,0),(300,'playerVirtual8','playerVirtual8_739b1d7b70',4,'2018-02-12 15:27:47',NULL,0),(301,'playerVirtual8','playerVirtual8_6955737',1,'2018-02-12 15:27:48',NULL,0),(302,'playerVirtual15','playerVirtual15_2378747961',1,'2018-02-12 15:28:15',NULL,0),(303,'playerVirtual15','playerVirtual15_7712a9abde',4,'2018-02-12 15:28:15',NULL,0),(304,'playerVirtual15','playerVirtual15_2378747961',1,'2018-02-12 15:28:15',NULL,0),(305,'playerVirtual10','playerVirtual10_1438244924',1,'2018-02-12 15:29:08',NULL,0),(306,'playerVirtual10','playerVirtual10_9565329e0d',4,'2018-02-12 15:29:08',NULL,0),(307,'playerVirtual10','playerVirtual10_1438244924',1,'2018-02-12 15:29:09',NULL,0),(308,'playerVirtual6','playerVirtual6_6264344062',1,'2018-02-12 15:29:53',NULL,0),(309,'playerVirtual6','playerVirtual6_2567c16ac3',4,'2018-02-12 15:29:53',NULL,0),(310,'playerVirtual6','playerVirtual6_6264344062',1,'2018-02-12 15:29:53',NULL,0),(311,'playerVirtual4','playerVirtual4_6296268057',0,'2018-02-12 15:30:07',NULL,0),(312,'playerVirtual4','playerVirtual4_6296268057',0,'2018-02-12 15:30:07',NULL,0),(313,'playerVirtual13','playerVirtual13_2378747961',1,'2018-02-12 15:30:29',NULL,0),(314,'playerVirtual13','playerVirtual13_6cbc323a00',4,'2018-02-12 15:30:29',NULL,0),(315,'playerVirtual13','playerVirtual13_2378747961',1,'2018-02-12 15:30:30',NULL,0),(316,'playerVirtual5','playerVirtual5_1095593',1,'2018-02-12 15:30:59',NULL,0),(317,'playerVirtual5','playerVirtual5_a97aef7ae7',4,'2018-02-12 15:30:59',NULL,0),(318,'playerVirtual5','playerVirtual5_1095593',1,'2018-02-12 15:30:59',NULL,0),(319,'playerVirtual4','playerVirtual4_0efd19dd5f',4,'2018-02-12 15:31:07',NULL,0),(320,'playerVirtual14','playerVirtual14_6264344062',0,'2018-02-12 15:31:34',NULL,0),(321,'playerVirtual14','playerVirtual14_6264344062',0,'2018-02-12 15:31:34',NULL,0),(322,'playerVirtual7','playerVirtual7_990694203',1,'2018-02-12 15:31:35',NULL,0),(323,'playerVirtual7','playerVirtual7_8e59f637cf',4,'2018-02-12 15:31:36',NULL,0),(324,'playerVirtual7','playerVirtual7_990694203',1,'2018-02-12 15:31:36',NULL,0),(325,'playerVirtual8','playerVirtual8_2381571381',1,'2018-02-12 15:32:03',NULL,0),(326,'playerVirtual8','playerVirtual8_d4fefefd23',3,'2018-02-12 15:32:03',NULL,0),(327,'playerVirtual8','playerVirtual8_2381571381',1,'2018-02-12 15:32:03',NULL,0),(328,'playerVirtual15','playerVirtual15_1436344784',1,'2018-02-12 15:32:29',NULL,0),(329,'playerVirtual15','playerVirtual15_90cad2abb7',3,'2018-02-12 15:32:30',NULL,0),(330,'playerVirtual15','playerVirtual15_1436344784',1,'2018-02-12 15:32:30',NULL,0),(331,'playerVirtual14','playerVirtual14_30c78fdd2e',4,'2018-02-12 15:32:34',NULL,0),(332,'playerVirtual12','playerVirtual12_990694203',0,'2018-02-12 15:33:39',NULL,0),(333,'playerVirtual12','playerVirtual12_990694203',0,'2018-02-12 15:33:39',NULL,0),(334,'playerVirtual9','playerVirtual9_6301942525',0,'2018-02-12 15:34:18',NULL,0),(335,'playerVirtual9','playerVirtual9_6301942525',0,'2018-02-12 15:34:19',NULL,0),(336,'playerVirtual18','playerVirtual18_908315',1,'2018-02-12 15:34:38',NULL,0),(337,'playerVirtual18','playerVirtual18_c49e4ae6e7',4,'2018-02-12 15:34:38',NULL,0),(338,'playerVirtual18','playerVirtual18_908315',1,'2018-02-12 15:34:38',NULL,0),(339,'playerVirtual12','playerVirtual12_f8b6c29d42',4,'2018-02-12 15:34:39',NULL,0),(340,'playerVirtual9','playerVirtual9_781c22ecb2',4,'2018-02-12 15:35:19',NULL,0),(341,'playerVirtual17','playerVirtual17_5297461910',0,'2018-02-12 15:35:40',NULL,0),(342,'playerVirtual17','playerVirtual17_5297461910',0,'2018-02-12 15:35:40',NULL,0),(343,'playerVirtual19','playerVirtual19_6289704471',1,'2018-02-12 15:36:00',NULL,0),(344,'playerVirtual19','playerVirtual19_0ef98d5b33',4,'2018-02-12 15:36:00',NULL,0),(345,'playerVirtual19','playerVirtual19_6289704471',1,'2018-02-12 15:36:00',NULL,0),(346,'playerVirtual17','playerVirtual17_d8ea51cdef',4,'2018-02-12 15:36:40',NULL,0),(347,'playerVirtual16','playerVirtual16_6274355716',0,'2018-02-12 15:37:55',NULL,0),(348,'playerVirtual16','playerVirtual16_6274355716',0,'2018-02-12 15:37:55',NULL,0),(349,'playerVirtual11','playerVirtual11_1095593',0,'2018-02-12 15:38:49',NULL,0),(350,'playerVirtual11','playerVirtual11_1095593',0,'2018-02-12 15:38:49',NULL,0),(351,'playerVirtual16','playerVirtual16_41d8735de6',4,'2018-02-12 15:38:55',NULL,0),(352,'playerVirtual12','playerVirtual12_990694203',1,'2018-02-12 15:39:10',NULL,0),(353,'playerVirtual12','playerVirtual12_4fe1847825',3,'2018-02-12 15:39:10',NULL,0),(354,'playerVirtual12','playerVirtual12_990694203',1,'2018-02-12 15:39:10',NULL,0),(355,'playerVirtual11','playerVirtual11_4ddbabbdbb',3,'2018-02-12 15:39:49',NULL,0),(356,'playerVirtual4','playerVirtual4_4246147567',0,'2018-02-12 15:39:59',NULL,0),(357,'playerVirtual4','playerVirtual4_4246147567',0,'2018-02-12 15:40:00',NULL,0),(358,'playerVirtual4','playerVirtual4_de89f11216',3,'2018-02-12 15:41:00',NULL,0),(359,'playerVirtual13','playerVirtual13_539194189',0,'2018-02-12 15:41:03',NULL,0),(360,'playerVirtual13','playerVirtual13_539194189',0,'2018-02-12 15:41:03',NULL,0),(361,'playerVirtual6','playerVirtual6_908315',0,'2018-02-12 15:41:32',NULL,0),(362,'playerVirtual6','playerVirtual6_908315',0,'2018-02-12 15:41:32',NULL,0),(363,'playerVirtual17','playerVirtual17_5068098508',1,'2018-02-12 15:41:33',NULL,0),(364,'playerVirtual17','playerVirtual17_0fff26032b',3,'2018-02-12 15:41:33',NULL,0),(365,'playerVirtual17','playerVirtual17_5068098508',1,'2018-02-12 15:41:33',NULL,0),(366,'playerVirtual10','playerVirtual10_539194189',1,'2018-02-12 15:41:56',NULL,0),(367,'playerVirtual10','playerVirtual10_092e912a46',3,'2018-02-12 15:41:56',NULL,0),(368,'playerVirtual10','playerVirtual10_539194189',1,'2018-02-12 15:41:56',NULL,0),(369,'playerVirtual13','playerVirtual13_1b9b67d9fa',3,'2018-02-12 15:42:03',NULL,0),(370,'playerVirtual6','playerVirtual6_5a65eedeff',3,'2018-02-12 15:42:32',NULL,0),(371,'playerVirtual7','playerVirtual7_904011',1,'2018-02-12 15:43:33',NULL,0),(372,'playerVirtual7','playerVirtual7_d6b49a7b36',3,'2018-02-12 15:43:33',NULL,0),(373,'playerVirtual7','playerVirtual7_904011',1,'2018-02-12 15:43:33',NULL,0),(374,'playerVirtual14','playerVirtual14_6315250734',0,'2018-02-12 15:44:17',NULL,0),(375,'playerVirtual14','playerVirtual14_6315250734',0,'2018-02-12 15:44:18',NULL,0),(376,'playerVirtual9','playerVirtual9_4246147567',0,'2018-02-12 15:45:15',NULL,0),(377,'playerVirtual9','playerVirtual9_4246147567',0,'2018-02-12 15:45:15',NULL,0),(378,'playerVirtual14','playerVirtual14_3e1fc354b2',3,'2018-02-12 15:45:17',NULL,0),(379,'playerVirtual5','playerVirtual5_6289704471',0,'2018-02-12 15:45:30',NULL,0),(380,'playerVirtual5','playerVirtual5_6289704471',0,'2018-02-12 15:45:30',NULL,0),(381,'playerVirtual19','playerVirtual19_2378747961',0,'2018-02-12 15:46:10',NULL,0),(382,'playerVirtual19','playerVirtual19_2378747961',0,'2018-02-12 15:46:11',NULL,0),(383,'playerVirtual11','playerVirtual11_1095593',1,'2018-02-12 15:46:14',NULL,0),(384,'playerVirtual11','playerVirtual11_c5305a17ad',4,'2018-02-12 15:46:14',NULL,0),(385,'playerVirtual11','playerVirtual11_1095593',1,'2018-02-12 15:46:14',NULL,0),(386,'playerVirtual9','playerVirtual9_8917e2c064',3,'2018-02-12 15:46:15',NULL,0),(387,'playerVirtual5','playerVirtual5_270e045364',3,'2018-02-12 15:46:30',NULL,0),(388,'playerVirtual19','playerVirtual19_2eceb6a9d5',3,'2018-02-12 15:47:11',NULL,0),(389,'playerVirtual8','playerVirtual8_4246147567',0,'2018-02-12 15:48:56',NULL,0),(390,'playerVirtual8','playerVirtual8_4246147567',0,'2018-02-12 15:48:56',NULL,0),(391,'playerVirtual18','playerVirtual18_4246147567',0,'2018-02-12 15:49:10',NULL,0),(392,'playerVirtual18','playerVirtual18_4246147567',0,'2018-02-12 15:49:10',NULL,0),(393,'playerVirtual15','playerVirtual15_4246147567',0,'2018-02-12 15:49:35',NULL,0),(394,'playerVirtual15','playerVirtual15_4246147567',0,'2018-02-12 15:49:35',NULL,0),(395,'playerVirtual8','playerVirtual8_74f52f5917',4,'2018-02-12 15:49:56',NULL,0),(396,'playerVirtual18','playerVirtual18_33086e81b6',3,'2018-02-12 15:50:10',NULL,0),(397,'playerVirtual16','playerVirtual16_5068098508',0,'2018-02-12 15:50:29',NULL,0),(398,'playerVirtual16','playerVirtual16_5068098508',0,'2018-02-12 15:50:29',NULL,0),(399,'playerVirtual15','playerVirtual15_f97120da44',4,'2018-02-12 15:50:35',NULL,0),(400,'playerVirtual16','playerVirtual16_697bf33abb',3,'2018-02-12 15:51:29',NULL,0),(401,'playerVirtual10','playerVirtual10_4246147567',0,'2018-02-12 15:51:33',NULL,0),(402,'playerVirtual10','playerVirtual10_4246147567',0,'2018-02-12 15:51:34',NULL,0),(403,'playerVirtual10','playerVirtual10_ed801e1ecb',4,'2018-02-12 15:52:34',NULL,0),(404,'playerVirtual4','playerVirtual4_4246147567',1,'2018-02-12 15:53:05',NULL,0),(405,'playerVirtual4','playerVirtual4_df1c05e5a4',4,'2018-02-12 15:53:06',NULL,0),(406,'playerVirtual4','playerVirtual4_4246147567',1,'2018-02-12 15:53:07',NULL,0),(407,'playerVirtual6','playerVirtual6_4246147567',0,'2018-02-12 15:54:01',NULL,0),(408,'playerVirtual6','playerVirtual6_4246147567',0,'2018-02-12 15:54:03',NULL,0),(409,'playerVirtual13','playerVirtual13_4246147567',0,'2018-02-12 15:54:10',NULL,0),(410,'playerVirtual13','playerVirtual13_4246147567',0,'2018-02-12 15:54:10',NULL,0),(411,'playerVirtual8','playerVirtual8_4246147567',1,'2018-02-12 15:54:11',NULL,0),(412,'playerVirtual8','playerVirtual8_311208b526',3,'2018-02-12 15:54:11',NULL,0),(413,'playerVirtual8','playerVirtual8_4246147567',1,'2018-02-12 15:54:11',NULL,0),(414,'playerVirtual15','playerVirtual15_4246147567',1,'2018-02-12 15:54:50',NULL,0),(415,'playerVirtual15','playerVirtual15_23003263ce',3,'2018-02-12 15:54:50',NULL,0),(416,'playerVirtual15','playerVirtual15_4246147567',1,'2018-02-12 15:54:50',NULL,0),(417,'playerVirtual7','playerVirtual7_4246147567',0,'2018-02-12 15:54:55',NULL,0),(418,'playerVirtual7','playerVirtual7_4246147567',0,'2018-02-12 15:54:55',NULL,0),(419,'playerVirtual6','playerVirtual6_d4e3f3c6b9',4,'2018-02-12 15:55:01',NULL,0),(420,'playerVirtual13','playerVirtual13_9778435268',4,'2018-02-12 15:55:11',NULL,0),(421,'playerVirtual5','playerVirtual5_4246147567',0,'2018-02-12 15:55:33',NULL,0),(422,'playerVirtual5','playerVirtual5_4246147567',0,'2018-02-12 15:55:34',NULL,0),(423,'playerVirtual7','playerVirtual7_aab3355175',4,'2018-02-12 15:55:55',NULL,0),(424,'playerVirtual5','playerVirtual5_35bc56e176',4,'2018-02-12 15:56:33',NULL,0),(425,'playerVirtual12','playerVirtual12_4246147567',0,'2018-02-12 15:56:40',NULL,0),(426,'playerVirtual12','playerVirtual12_4246147567',0,'2018-02-12 15:56:40',NULL,0),(427,'playerVirtual14','playerVirtual14_1095593',0,'2018-02-12 15:57:00',NULL,0),(428,'playerVirtual14','playerVirtual14_1095593',0,'2018-02-12 15:57:00',NULL,0),(429,'playerVirtual18','playerVirtual18_4246147567',1,'2018-02-12 15:57:13',NULL,0),(430,'playerVirtual18','playerVirtual18_bbb82c8122',4,'2018-02-12 15:57:13',NULL,0),(431,'playerVirtual18','playerVirtual18_4246147567',1,'2018-02-12 15:57:18',NULL,0),(432,'playerVirtual12','playerVirtual12_1de5a19d97',4,'2018-02-12 15:57:40',NULL,0),(433,'playerVirtual14','playerVirtual14_c08ba7d937',4,'2018-02-12 15:58:00',NULL,0),(434,'playerVirtual9','playerVirtual9_4246147567',1,'2018-02-12 15:58:05',NULL,0),(435,'playerVirtual9','playerVirtual9_994ca0612e',4,'2018-02-12 15:58:06',NULL,0),(436,'playerVirtual9','playerVirtual9_4246147567',1,'2018-02-12 15:58:06',NULL,0),(437,'playerVirtual17','playerVirtual17_990694203',0,'2018-02-12 15:59:03',NULL,0),(438,'playerVirtual17','playerVirtual17_990694203',0,'2018-02-12 15:59:03',NULL,0),(439,'playerVirtual17','playerVirtual17_0d5f157846',4,'2018-02-12 16:00:03',NULL,0),(440,'playerVirtual19','playerVirtual19_4246147567',0,'2018-02-12 16:00:48',NULL,0),(441,'playerVirtual19','playerVirtual19_4246147567',0,'2018-02-12 16:00:49',NULL,0),(442,'playerVirtual19','playerVirtual19_4ad18759af',4,'2018-02-12 16:01:49',NULL,0),(443,'playerVirtual12','playerVirtual12_4246147567',1,'2018-02-12 16:02:11',NULL,0),(444,'playerVirtual12','playerVirtual12_5640a38871',3,'2018-02-12 16:02:11',NULL,0),(445,'playerVirtual12','playerVirtual12_4246147567',1,'2018-02-12 16:02:12',NULL,0),(446,'playerVirtual11','playerVirtual11_6322213339',0,'2018-02-12 16:03:19',NULL,0),(447,'playerVirtual11','playerVirtual11_6322213339',0,'2018-02-12 16:03:19',NULL,0),(448,'playerVirtual11','playerVirtual11_7aa73c7252',3,'2018-02-12 16:04:19',NULL,0),(449,'playerVirtual16','playerVirtual16_4246147567',0,'2018-02-12 16:04:23',NULL,0),(450,'playerVirtual16','playerVirtual16_4246147567',0,'2018-02-12 16:04:23',NULL,0),(451,'playerVirtual17','playerVirtual17_990694203',1,'2018-02-12 16:04:57',NULL,0),(452,'playerVirtual17','playerVirtual17_4cbac0030f',3,'2018-02-12 16:04:57',NULL,0),(453,'playerVirtual17','playerVirtual17_990694203',1,'2018-02-12 16:04:57',NULL,0),(454,'playerVirtual10','playerVirtual10_4246147567',1,'2018-02-12 16:05:21',NULL,0),(455,'playerVirtual10','playerVirtual10_0731aaa72c',3,'2018-02-12 16:05:21',NULL,0),(456,'playerVirtual10','playerVirtual10_4246147567',1,'2018-02-12 16:05:21',NULL,0),(457,'playerVirtual16','playerVirtual16_dbc84985f6',4,'2018-02-12 16:05:23',NULL,0),(458,'playerVirtual4','playerVirtual4_4246147567',0,'2018-02-12 16:05:40',NULL,0),(459,'playerVirtual4','playerVirtual4_34727d90eb',3,'2018-02-12 16:05:40',NULL,0),(460,'playerVirtual4','playerVirtual4_4246147567',0,'2018-02-12 16:05:40',NULL,0),(461,'playerVirtual13','playerVirtual13_4246147567',1,'2018-02-12 16:05:41',NULL,0),(462,'playerVirtual13','playerVirtual13_fcdd49771c',3,'2018-02-12 16:05:41',NULL,0),(463,'playerVirtual13','playerVirtual13_4246147567',1,'2018-02-12 16:05:41',NULL,0),(464,'playerVirtual6','playerVirtual6_4246147567',1,'2018-02-12 16:06:39',NULL,0),(465,'playerVirtual6','playerVirtual6_bbae4a33b8',3,'2018-02-12 16:06:39',NULL,0),(466,'playerVirtual6','playerVirtual6_4246147567',1,'2018-02-12 16:06:39',NULL,0),(467,'playerVirtual7','playerVirtual7_4246147567',1,'2018-02-12 16:07:56',NULL,0),(468,'playerVirtual7','playerVirtual7_5188989481',3,'2018-02-12 16:07:56',NULL,0),(469,'playerVirtual7','playerVirtual7_4246147567',1,'2018-02-12 16:08:00',NULL,0),(470,'playerVirtual9','playerVirtual9_359920779',1,'2018-02-12 16:09:15',NULL,0),(471,'playerVirtual9','playerVirtual9_787b6a309a',3,'2018-02-12 16:09:15',NULL,0),(472,'playerVirtual9','playerVirtual9_359920779',1,'2018-02-12 16:09:16',NULL,0),(473,'playerVirtual5','playerVirtual5_4246147567',1,'2018-02-12 16:11:07',NULL,0),(474,'playerVirtual5','playerVirtual5_6f761cf95b',3,'2018-02-12 16:11:07',NULL,0),(475,'playerVirtual5','playerVirtual5_4246147567',1,'2018-02-12 16:11:11',NULL,0),(476,'playerVirtual19','playerVirtual19_4246147567',1,'2018-02-12 16:11:59',NULL,0),(477,'playerVirtual19','playerVirtual19_17f230948b',3,'2018-02-12 16:11:59',NULL,0),(478,'playerVirtual19','playerVirtual19_4246147567',1,'2018-02-12 16:11:59',NULL,0),(479,'playerVirtual14','playerVirtual14_4246147567',0,'2018-02-12 16:12:02',NULL,0),(480,'playerVirtual14','playerVirtual14_4246147567',0,'2018-02-12 16:12:02',NULL,0),(481,'playerVirtual14','playerVirtual14_84a692be09',3,'2018-02-12 16:13:02',NULL,0),(482,'playerVirtual11','playerVirtual11_4246147567',0,'2018-02-12 16:13:25',NULL,0),(483,'playerVirtual11','playerVirtual11_4246147567',0,'2018-02-12 16:13:26',NULL,0),(484,'playerVirtual11','playerVirtual11_3539da54ac',4,'2018-02-12 16:14:26',NULL,0),(485,'playerVirtual8','playerVirtual8_4246147567',0,'2018-02-12 16:14:48',NULL,0),(486,'playerVirtual8','playerVirtual8_d4c83ab3a3',4,'2018-02-12 16:14:48',NULL,0),(487,'playerVirtual8','playerVirtual8_4246147567',0,'2018-02-12 16:14:48',NULL,0),(488,'playerVirtual15','playerVirtual15_4246147567',0,'2018-02-12 16:15:40',NULL,0),(489,'playerVirtual15','playerVirtual15_a1a038c34c',4,'2018-02-12 16:15:40',NULL,0),(490,'playerVirtual15','playerVirtual15_4246147567',0,'2018-02-12 16:15:41',NULL,0),(491,'playerVirtual18','playerVirtual18_6335261139',0,'2018-02-12 16:15:53',NULL,0),(492,'playerVirtual18','playerVirtual18_6335261139',0,'2018-02-12 16:15:53',NULL,0),(493,'playerVirtual18','playerVirtual18_7be094ffa5',3,'2018-02-12 16:16:53',NULL,0),(494,'playerVirtual16','playerVirtual16_4246147567',1,'2018-02-12 16:16:57',NULL,0),(495,'playerVirtual16','playerVirtual16_df0fd2d798',3,'2018-02-12 16:16:58',NULL,0),(496,'playerVirtual16','playerVirtual16_4246147567',1,'2018-02-12 16:16:58',NULL,0),(497,'playerVirtual4','playerVirtual4_4246147567',1,'2018-02-12 16:17:42',NULL,0),(498,'playerVirtual4','playerVirtual4_8a830baa00',4,'2018-02-12 16:17:43',NULL,0),(499,'playerVirtual4','playerVirtual4_4246147567',1,'2018-02-12 16:17:43',NULL,0),(500,'playerVirtual8','playerVirtual8_4246147567',1,'2018-02-12 16:19:03',NULL,0),(501,'playerVirtual8','playerVirtual8_dc5b62131c',3,'2018-02-12 16:19:04',NULL,0),(502,'playerVirtual8','playerVirtual8_4246147567',1,'2018-02-12 16:19:04',NULL,0),(503,'playerVirtual10','playerVirtual10_4246147567',0,'2018-02-12 16:19:26',NULL,0),(504,'playerVirtual10','playerVirtual10_69a52a4c71',4,'2018-02-12 16:19:27',NULL,0),(505,'playerVirtual10','playerVirtual10_4246147567',0,'2018-02-12 16:19:27',NULL,0),(506,'playerVirtual15','playerVirtual15_4246147567',1,'2018-02-12 16:19:55',NULL,0),(507,'playerVirtual15','playerVirtual15_f9ce0892a0',3,'2018-02-12 16:19:55',NULL,0),(508,'playerVirtual15','playerVirtual15_4246147567',1,'2018-02-12 16:19:55',NULL,0),(509,'playerVirtual13','playerVirtual13_4246147567',0,'2018-02-12 16:22:14',NULL,0),(510,'playerVirtual13','playerVirtual13_38ad37f4be',4,'2018-02-12 16:22:14',NULL,0),(511,'playerVirtual13','playerVirtual13_4246147567',0,'2018-02-12 16:22:14',NULL,0),(512,'playerVirtual6','playerVirtual6_4246147567',0,'2018-02-12 16:22:20',NULL,0),(513,'playerVirtual6','playerVirtual6_b6ed9460b4',4,'2018-02-12 16:22:20',NULL,0),(514,'playerVirtual6','playerVirtual6_4246147567',0,'2018-02-12 16:22:20',NULL,0),(515,'playerVirtual7','playerVirtual7_6344084916',0,'2018-02-12 16:23:31',NULL,0),(516,'playerVirtual7','playerVirtual7_6344084916',0,'2018-02-12 16:23:31',NULL,0),(517,'playerVirtual12','playerVirtual12_4246147567',0,'2018-02-12 16:23:38',NULL,0),(518,'playerVirtual12','playerVirtual12_72cb3f8c2b',4,'2018-02-12 16:23:38',NULL,0),(519,'playerVirtual12','playerVirtual12_4246147567',0,'2018-02-12 16:23:38',NULL,0),(520,'playerVirtual5','playerVirtual5_990694203',0,'2018-02-12 16:24:20',NULL,0),(521,'playerVirtual5','playerVirtual5_990694203',0,'2018-02-12 16:24:21',NULL,0),(522,'playerVirtual7','playerVirtual7_782bb13411',4,'2018-02-12 16:24:31',NULL,0),(523,'playerVirtual14','playerVirtual14_4246147567',1,'2018-02-12 16:24:44',NULL,0),(524,'playerVirtual14','playerVirtual14_5d9113c3b1',4,'2018-02-12 16:24:44',NULL,0),(525,'playerVirtual14','playerVirtual14_4246147567',1,'2018-02-12 16:24:44',NULL,0),(526,'playerVirtual5','playerVirtual5_157be93d8e',4,'2018-02-12 16:25:20',NULL,0),(527,'playerVirtual9','playerVirtual9_4246147567',0,'2018-02-12 16:25:53',NULL,0),(528,'playerVirtual9','playerVirtual9_26e0a64d7f',4,'2018-02-12 16:25:53',NULL,0),(529,'playerVirtual9','playerVirtual9_4246147567',0,'2018-02-12 16:25:53',NULL,0),(530,'playerVirtual17','playerVirtual17_4246147567',0,'2018-02-12 16:26:28',NULL,0),(531,'playerVirtual17','playerVirtual17_4246147567',0,'2018-02-12 16:26:28',NULL,0),(532,'playerVirtual18','playerVirtual18_272887063',0,'2018-02-12 16:26:33',NULL,0),(533,'playerVirtual18','playerVirtual18_272887063',0,'2018-02-12 16:26:33',NULL,0),(534,'playerVirtual17','playerVirtual17_e17fae9c6d',4,'2018-02-12 16:27:28',NULL,0),(535,'playerVirtual18','playerVirtual18_251616328e',4,'2018-02-12 16:27:33',NULL,0),(536,'playerVirtual12','playerVirtual12_4246147567',1,'2018-02-12 16:28:13',NULL,0),(537,'playerVirtual12','playerVirtual12_47ecfbd048',3,'2018-02-12 16:28:13',NULL,0),(538,'playerVirtual12','playerVirtual12_4246147567',1,'2018-02-12 16:28:13',NULL,0),(539,'playerVirtual19','playerVirtual19_4246147567',0,'2018-02-12 16:29:50',NULL,0),(540,'playerVirtual19','playerVirtual19_28fbdd953f',4,'2018-02-12 16:29:50',NULL,0),(541,'playerVirtual19','playerVirtual19_4246147567',0,'2018-02-12 16:29:50',NULL,0),(542,'playerVirtual16','playerVirtual16_5068098508',1,'2018-02-12 16:30:04',NULL,0),(543,'playerVirtual16','playerVirtual16_1b51123151',4,'2018-02-12 16:30:04',NULL,0),(544,'playerVirtual16','playerVirtual16_5068098508',1,'2018-02-12 16:30:04',NULL,0),(545,'playerVirtual11','playerVirtual11_4246147567',1,'2018-02-12 16:31:30',NULL,0),(546,'playerVirtual11','playerVirtual11_54f9495ebb',3,'2018-02-12 16:31:30',NULL,0),(547,'playerVirtual11','playerVirtual11_4246147567',1,'2018-02-12 16:31:30',NULL,0),(548,'playerVirtual10','playerVirtual10_4246147567',1,'2018-02-12 16:32:14',NULL,0),(549,'playerVirtual10','playerVirtual10_4866c8c7bd',3,'2018-02-12 16:32:14',NULL,0),(550,'playerVirtual10','playerVirtual10_4246147567',1,'2018-02-12 16:32:14',NULL,0),(551,'playerVirtual17','playerVirtual17_4246147567',1,'2018-02-12 16:32:25',NULL,0),(552,'playerVirtual17','playerVirtual17_ae89d222a7',3,'2018-02-12 16:32:26',NULL,0),(553,'playerVirtual17','playerVirtual17_4246147567',1,'2018-02-12 16:32:29',NULL,0),(554,'playerVirtual13','playerVirtual13_4246147567',1,'2018-02-12 16:32:47',NULL,0),(555,'playerVirtual13','playerVirtual13_e7149b1446',3,'2018-02-12 16:32:47',NULL,0),(556,'playerVirtual13','playerVirtual13_4246147567',1,'2018-02-12 16:32:48',NULL,0),(557,'playerVirtual6','playerVirtual6_4246147567',1,'2018-02-12 16:33:58',NULL,0),(558,'playerVirtual6','playerVirtual6_be17ad7fcc',3,'2018-02-12 16:33:58',NULL,0),(559,'playerVirtual6','playerVirtual6_4246147567',1,'2018-02-12 16:33:58',NULL,0),(560,'playerVirtual4','playerVirtual4_4246147567',0,'2018-02-12 16:34:06',NULL,0),(561,'playerVirtual4','playerVirtual4_ca8ea0f29a',3,'2018-02-12 16:34:06',NULL,0),(562,'playerVirtual4','playerVirtual4_4246147567',0,'2018-02-12 16:34:06',NULL,0),(563,'playerVirtual9','playerVirtual9_4246147567',1,'2018-02-12 16:37:02',NULL,0),(564,'playerVirtual9','playerVirtual9_209794b029',3,'2018-02-12 16:37:02',NULL,0),(565,'playerVirtual9','playerVirtual9_4246147567',1,'2018-02-12 16:37:03',NULL,0),(566,'playerVirtual7','playerVirtual7_82730999',0,'2018-02-12 16:38:09',NULL,0),(567,'playerVirtual7','playerVirtual7_82730999',0,'2018-02-12 16:38:09',NULL,0),(568,'playerVirtual7','playerVirtual7_c995c9443e',3,'2018-02-12 16:39:09',NULL,0),(569,'playerVirtual5','playerVirtual5_990694203',1,'2018-02-12 16:39:55',NULL,0),(570,'playerVirtual5','playerVirtual5_7d56dc7b39',3,'2018-02-12 16:39:55',NULL,0),(571,'playerVirtual5','playerVirtual5_990694203',1,'2018-02-12 16:39:55',NULL,0),(572,'playerVirtual19','playerVirtual19_4246147567',1,'2018-02-12 16:40:00',NULL,0),(573,'playerVirtual19','playerVirtual19_e784135f3a',3,'2018-02-12 16:40:00',NULL,0),(574,'playerVirtual19','playerVirtual19_4246147567',1,'2018-02-12 16:40:00',NULL,0),(575,'playerVirtual14','playerVirtual14_4246147567',0,'2018-02-12 16:42:37',NULL,0),(576,'playerVirtual14','playerVirtual14_2dfe4a050b',3,'2018-02-12 16:42:37',NULL,0),(577,'playerVirtual14','playerVirtual14_4246147567',0,'2018-02-12 16:42:37',NULL,0),(578,'playerVirtual8','playerVirtual8_4246147567',0,'2018-02-12 16:43:41',NULL,0),(579,'playerVirtual8','playerVirtual8_05c8088170',4,'2018-02-12 16:43:41',NULL,0),(580,'playerVirtual8','playerVirtual8_4246147567',0,'2018-02-12 16:43:42',NULL,0),(581,'playerVirtual11','playerVirtual11_4820150269',0,'2018-02-12 16:44:18',NULL,0),(582,'playerVirtual11','playerVirtual11_4820150269',0,'2018-02-12 16:44:18',NULL,0),(583,'playerVirtual15','playerVirtual15_6566788',0,'2018-02-12 16:44:45',NULL,0),(584,'playerVirtual15','playerVirtual15_6566788',0,'2018-02-12 16:44:46',NULL,0),(585,'playerVirtual11','playerVirtual11_a2bc489da4',4,'2018-02-12 16:45:18',NULL,0),(586,'playerVirtual15','playerVirtual15_5e0604b376',4,'2018-02-12 16:45:46',NULL,0),(587,'playerVirtual4','playerVirtual4_4246147567',1,'2018-02-12 16:46:09',NULL,0),(588,'playerVirtual4','playerVirtual4_8a6275a8b1',4,'2018-02-12 16:46:10',NULL,0),(589,'playerVirtual4','playerVirtual4_4246147567',1,'2018-02-12 16:46:14',NULL,0),(590,'playerVirtual16','playerVirtual16_4820150269',0,'2018-02-12 16:46:49',NULL,0),(591,'playerVirtual16','playerVirtual16_4820150269',0,'2018-02-12 16:46:49',NULL,0),(592,'playerVirtual18','playerVirtual18_4246147567',0,'2018-02-12 16:47:42',NULL,0),(593,'playerVirtual18','playerVirtual18_3cc4fad8f9',3,'2018-02-12 16:47:42',NULL,0),(594,'playerVirtual18','playerVirtual18_4246147567',0,'2018-02-12 16:47:42',NULL,0),(595,'playerVirtual16','playerVirtual16_d0626a2183',3,'2018-02-12 16:47:49',NULL,0),(596,'playerVirtual8','playerVirtual8_4246147567',1,'2018-02-12 16:47:56',NULL,0),(597,'playerVirtual8','playerVirtual8_5e7ebb1166',3,'2018-02-12 16:47:57',NULL,0),(598,'playerVirtual8','playerVirtual8_4246147567',1,'2018-02-12 16:47:57',NULL,0),(599,'playerVirtual10','playerVirtual10_3338579772',0,'2018-02-12 16:49:20',NULL,0),(600,'playerVirtual10','playerVirtual10_3338579772',0,'2018-02-12 16:49:20',NULL,0),(601,'playerVirtual10','playerVirtual10_6296a0e084',4,'2018-02-12 16:50:20',NULL,0),(602,'playerVirtual15','playerVirtual15_6566788',1,'2018-02-12 16:50:38',NULL,0),(603,'playerVirtual15','playerVirtual15_9bc3598e7a',3,'2018-02-12 16:50:38',NULL,0),(604,'playerVirtual15','playerVirtual15_6566788',1,'2018-02-12 16:50:39',NULL,0),(605,'playerVirtual13','playerVirtual13_5297461910',0,'2018-02-12 16:52:10',NULL,0),(606,'playerVirtual13','playerVirtual13_5297461910',0,'2018-02-12 16:52:10',NULL,0),(607,'playerVirtual6','playerVirtual6_4246147567',0,'2018-02-12 16:52:20',NULL,0),(608,'playerVirtual6','playerVirtual6_983025a140',4,'2018-02-12 16:52:21',NULL,0),(609,'playerVirtual6','playerVirtual6_4246147567',0,'2018-02-12 16:52:21',NULL,0),(610,'playerVirtual13','playerVirtual13_c3656d3ff7',4,'2018-02-12 16:53:11',NULL,0),(611,'playerVirtual12','playerVirtual12_16917741',0,'2018-02-12 16:53:28',NULL,0),(612,'playerVirtual12','playerVirtual12_16917741',0,'2018-02-12 16:53:28',NULL,0),(613,'playerVirtual14','playerVirtual14_4246147567',1,'2018-02-12 16:54:19',NULL,0),(614,'playerVirtual14','playerVirtual14_4f21b64062',4,'2018-02-12 16:54:19',NULL,0),(615,'playerVirtual14','playerVirtual14_4246147567',1,'2018-02-12 16:54:20',NULL,0),(616,'playerVirtual12','playerVirtual12_77eee87a91',4,'2018-02-12 16:54:28',NULL,0),(617,'playerVirtual17','playerVirtual17_272887063',1,'2018-02-12 16:55:51',NULL,0),(618,'playerVirtual17','playerVirtual17_71f7c4c9fe',4,'2018-02-12 16:55:51',NULL,0),(619,'playerVirtual17','playerVirtual17_272887063',1,'2018-02-12 16:55:54',NULL,0),(620,'playerVirtual5','playerVirtual5_1436344784',0,'2018-02-12 16:55:58',NULL,0),(621,'playerVirtual5','playerVirtual5_1436344784',0,'2018-02-12 16:55:59',NULL,0),(622,'playerVirtual7','playerVirtual7_4246147567',0,'2018-02-12 16:56:00',NULL,0),(623,'playerVirtual7','playerVirtual7_0b4360f3d2',4,'2018-02-12 16:56:00',NULL,0),(624,'playerVirtual7','playerVirtual7_4246147567',0,'2018-02-12 16:56:01',NULL,0),(625,'playerVirtual9','playerVirtual9_4246147567',0,'2018-02-12 16:56:08',NULL,0),(626,'playerVirtual9','playerVirtual9_60a555fae2',4,'2018-02-12 16:56:08',NULL,0),(627,'playerVirtual9','playerVirtual9_4246147567',0,'2018-02-12 16:56:08',NULL,0),(628,'playerVirtual5','playerVirtual5_3775bf6a87',4,'2018-02-12 16:56:59',NULL,0),(629,'playerVirtual18','playerVirtual18_4246147567',1,'2018-02-12 16:57:22',NULL,0),(630,'playerVirtual18','playerVirtual18_ffff6fcc81',4,'2018-02-12 16:57:22',NULL,0),(631,'playerVirtual18','playerVirtual18_4246147567',1,'2018-02-12 16:57:22',NULL,0),(632,'playerVirtual19','playerVirtual19_2378747961',1,'2018-02-12 16:58:55',NULL,0),(633,'playerVirtual19','playerVirtual19_2ee49adcf0',4,'2018-02-12 16:58:56',NULL,0),(634,'playerVirtual19','playerVirtual19_2378747961',1,'2018-02-12 16:58:56',NULL,0),(635,'playerVirtual16','playerVirtual16_4820150269',1,'2018-02-12 17:00:56',NULL,0),(636,'playerVirtual16','playerVirtual16_38ad2a2455',4,'2018-02-12 17:00:56',NULL,0),(637,'playerVirtual16','playerVirtual16_4820150269',1,'2018-02-12 17:00:56',NULL,0),(638,'playerVirtual12','playerVirtual12_5792765',0,'2018-02-12 17:00:58',NULL,0),(639,'playerVirtual12','playerVirtual12_5792765',0,'2018-02-12 17:00:59',NULL,0),(640,'playerVirtual12','playerVirtual12_44936f706c',3,'2018-02-12 17:01:59',NULL,0),(641,'playerVirtual17','playerVirtual17_5297461910',1,'2018-02-12 17:02:00',NULL,0),(642,'playerVirtual17','playerVirtual17_57a6f59814',3,'2018-02-12 17:02:00',NULL,0),(643,'playerVirtual17','playerVirtual17_5297461910',1,'2018-02-12 17:02:00',NULL,0),(644,'playerVirtual11','playerVirtual11_4246147567',0,'2018-02-12 17:03:18',NULL,0),(645,'playerVirtual11','playerVirtual11_a3ab3b7665',3,'2018-02-12 17:03:18',NULL,0),(646,'playerVirtual11','playerVirtual11_4246147567',0,'2018-02-12 17:03:23',NULL,0),(647,'playerVirtual6','playerVirtual6_4246147567',1,'2018-02-12 17:03:59',NULL,0),(648,'playerVirtual6','playerVirtual6_9bd173128a',3,'2018-02-12 17:03:59',NULL,0),(649,'playerVirtual6','playerVirtual6_4246147567',1,'2018-02-12 17:03:59',NULL,0),(650,'playerVirtual10','playerVirtual10_6280643141',0,'2018-02-12 17:04:14',NULL,0),(651,'playerVirtual10','playerVirtual10_6280643141',0,'2018-02-12 17:04:14',NULL,0),(652,'playerVirtual4','playerVirtual4_990694203',0,'2018-02-12 17:05:02',NULL,0),(653,'playerVirtual4','playerVirtual4_990694203',0,'2018-02-12 17:05:02',NULL,0),(654,'playerVirtual10','playerVirtual10_5b7d68ad4b',3,'2018-02-12 17:05:14',NULL,0),(655,'playerVirtual13','playerVirtual13_4246147567',0,'2018-02-12 17:05:15',NULL,0),(656,'playerVirtual13','playerVirtual13_f6cbaaa1a8',3,'2018-02-12 17:05:15',NULL,0),(657,'playerVirtual13','playerVirtual13_4246147567',0,'2018-02-12 17:05:15',NULL,0),(658,'playerVirtual4','playerVirtual4_e6b482de44',3,'2018-02-12 17:06:02',NULL,0),(659,'playerVirtual9','playerVirtual9_4246147567',1,'2018-02-12 17:07:17',NULL,0),(660,'playerVirtual9','playerVirtual9_9a9973fd18',3,'2018-02-12 17:07:17',NULL,0),(661,'playerVirtual9','playerVirtual9_4246147567',1,'2018-02-12 17:07:18',NULL,0),(662,'playerVirtual7','playerVirtual7_4246147567',1,'2018-02-12 17:09:40',NULL,0),(663,'playerVirtual7','playerVirtual7_91fdbf3e10',3,'2018-02-12 17:09:41',NULL,0),(664,'playerVirtual7','playerVirtual7_4246147567',1,'2018-02-12 17:09:46',NULL,0),(665,'playerVirtual19','playerVirtual19_4246147567',0,'2018-02-12 17:12:55',NULL,0),(666,'playerVirtual19','playerVirtual19_c76cba44ec',3,'2018-02-12 17:12:55',NULL,0),(667,'playerVirtual19','playerVirtual19_4246147567',0,'2018-02-12 17:12:58',NULL,0),(668,'playerVirtual5','playerVirtual5_4246147567',0,'2018-02-12 17:13:02',NULL,0),(669,'playerVirtual5','playerVirtual5_3e3fb2d2e0',3,'2018-02-12 17:13:02',NULL,0),(670,'playerVirtual5','playerVirtual5_4246147567',0,'2018-02-12 17:13:02',NULL,0),(671,'playerVirtual14','playerVirtual14_4246147567',0,'2018-02-12 17:14:18',NULL,0),(672,'playerVirtual14','playerVirtual14_c13af3976e',3,'2018-02-12 17:14:18',NULL,0),(673,'playerVirtual14','playerVirtual14_4246147567',0,'2018-02-12 17:14:18',NULL,0),(674,'playerVirtual8','playerVirtual8_4246147567',0,'2018-02-12 17:14:39',NULL,0),(675,'playerVirtual8','playerVirtual8_5ad2d5ade3',4,'2018-02-12 17:14:39',NULL,0),(676,'playerVirtual8','playerVirtual8_4246147567',0,'2018-02-12 17:14:40',NULL,0),(677,'playerVirtual11','playerVirtual11_4246147567',1,'2018-02-12 17:16:05',NULL,0),(678,'playerVirtual11','playerVirtual11_5debebe116',4,'2018-02-12 17:16:05',NULL,0),(679,'playerVirtual11','playerVirtual11_4246147567',1,'2018-02-12 17:16:11',NULL,0),(680,'playerVirtual15','playerVirtual15_4246147567',0,'2018-02-12 17:16:58',NULL,0),(681,'playerVirtual15','playerVirtual15_f73447e772',4,'2018-02-12 17:16:58',NULL,0),(682,'playerVirtual15','playerVirtual15_4246147567',0,'2018-02-12 17:16:58',NULL,0),(683,'playerVirtual4','playerVirtual4_990694203',1,'2018-02-12 17:18:05',NULL,0),(684,'playerVirtual4','playerVirtual4_48738eca2f',4,'2018-02-12 17:18:06',NULL,0),(685,'playerVirtual4','playerVirtual4_990694203',1,'2018-02-12 17:18:06',NULL,0),(686,'playerVirtual8','playerVirtual8_4246147567',1,'2018-02-12 17:18:54',NULL,0),(687,'playerVirtual8','playerVirtual8_13a5c265ec',3,'2018-02-12 17:18:55',NULL,0),(688,'playerVirtual8','playerVirtual8_4246147567',1,'2018-02-12 17:18:55',NULL,0),(689,'playerVirtual18','playerVirtual18_4246147567',0,'2018-02-12 17:20:06',NULL,0),(690,'playerVirtual18','playerVirtual18_d5f76f216f',3,'2018-02-12 17:20:06',NULL,0),(691,'playerVirtual18','playerVirtual18_4246147567',0,'2018-02-12 17:20:06',NULL,0),(692,'playerVirtual16','playerVirtual16_4246147567',0,'2018-02-12 17:20:55',NULL,0),(693,'playerVirtual16','playerVirtual16_36b4d57d94',3,'2018-02-12 17:20:55',NULL,0),(694,'playerVirtual16','playerVirtual16_4246147567',0,'2018-02-12 17:20:55',NULL,0),(695,'playerVirtual15','playerVirtual15_4246147567',1,'2018-02-12 17:21:50',NULL,0),(696,'playerVirtual15','playerVirtual15_d94e99fcee',3,'2018-02-12 17:21:51',NULL,0),(697,'playerVirtual15','playerVirtual15_4246147567',1,'2018-02-12 17:21:51',NULL,0),(698,'playerVirtual6','playerVirtual6_6280643141',1,'2018-02-12 17:22:35',NULL,0),(699,'playerVirtual6','playerVirtual6_7d43199e69',4,'2018-02-12 17:22:35',NULL,0),(700,'playerVirtual6','playerVirtual6_6280643141',1,'2018-02-12 17:22:35',NULL,0),(701,'playerVirtual13','playerVirtual13_4246147567',1,'2018-02-12 17:24:40',NULL,0),(702,'playerVirtual13','playerVirtual13_add2d1255f',4,'2018-02-12 17:24:41',NULL,0),(703,'playerVirtual13','playerVirtual13_4246147567',1,'2018-02-12 17:24:43',NULL,0),(704,'playerVirtual10','playerVirtual10_4246147567',0,'2018-02-12 17:25:18',NULL,0),(705,'playerVirtual10','playerVirtual10_3db72bb6ee',4,'2018-02-12 17:25:18',NULL,0),(706,'playerVirtual10','playerVirtual10_4246147567',0,'2018-02-12 17:25:18',NULL,0),(707,'playerVirtual14','playerVirtual14_4246147567',1,'2018-02-12 17:26:00',NULL,0),(708,'playerVirtual14','playerVirtual14_de7451a7f8',4,'2018-02-12 17:26:01',NULL,0),(709,'playerVirtual14','playerVirtual14_4246147567',1,'2018-02-12 17:26:01',NULL,0),(710,'playerVirtual17','playerVirtual17_8a6af297cb',4,'2018-02-12 17:27:11',NULL,0),(711,'playerVirtual12','playerVirtual12_16917741',1,'2018-02-12 17:28:44',NULL,0),(712,'playerVirtual12','playerVirtual12_d21ee5b9e7',4,'2018-02-12 17:28:44',NULL,0),(713,'playerVirtual12','playerVirtual12_16917741',1,'2018-02-12 17:28:45',NULL,0),(714,'playerVirtual5','playerVirtual5_4246147567',1,'2018-02-12 17:29:08',NULL,0),(715,'playerVirtual5','playerVirtual5_6e0142a853',4,'2018-02-12 17:29:09',NULL,0),(716,'playerVirtual5','playerVirtual5_4246147567',1,'2018-02-12 17:29:09',NULL,0),(717,'playerVirtual18','playerVirtual18_4246147567',1,'2018-02-12 17:29:46',NULL,0),(718,'playerVirtual18','playerVirtual18_f13df0417d',4,'2018-02-12 17:29:47',NULL,0),(719,'playerVirtual18','playerVirtual18_4246147567',1,'2018-02-12 17:29:47',NULL,0),(720,'playerVirtual9','playerVirtual9_4246147567',0,'2018-02-12 17:30:20',NULL,0),(721,'playerVirtual9','playerVirtual9_3f5998393d',4,'2018-02-12 17:30:20',NULL,0),(722,'playerVirtual9','playerVirtual9_4246147567',0,'2018-02-12 17:30:20',NULL,0),(723,'playerVirtual7','playerVirtual7_4246147567',0,'2018-02-12 17:30:25',NULL,0),(724,'playerVirtual7','playerVirtual7_8daecc7909',4,'2018-02-12 17:30:26',NULL,0),(725,'playerVirtual7','playerVirtual7_4246147567',0,'2018-02-12 17:30:26',NULL,0),(726,'playerVirtual19','playerVirtual19_4246147567',1,'2018-02-12 17:31:47',NULL,0),(727,'playerVirtual19','playerVirtual19_b2ebd5d307',4,'2018-02-12 17:31:48',NULL,0),(728,'playerVirtual19','playerVirtual19_4246147567',1,'2018-02-12 17:31:48',NULL,0),(729,'playerVirtual16','playerVirtual16_4246147567',1,'2018-02-12 17:34:02',NULL,0),(730,'playerVirtual16','playerVirtual16_a902773290',4,'2018-02-12 17:34:02',NULL,0),(731,'playerVirtual16','playerVirtual16_4246147567',1,'2018-02-12 17:34:02',NULL,0),(732,'playerVirtual11','playerVirtual11_efc1fbcafa',3,'2018-02-12 17:35:02',NULL,0),(733,'playerVirtual17','playerVirtual17_4246147567',0,'2018-02-12 17:37:47',NULL,0),(734,'playerVirtual17','playerVirtual17_67d6ace25d',3,'2018-02-12 17:37:47',NULL,0),(735,'playerVirtual17','playerVirtual17_4246147567',0,'2018-02-12 17:37:47',NULL,0),(736,'playerVirtual12','playerVirtual12_4820318661',0,'2018-02-12 17:37:57',NULL,0),(737,'playerVirtual12','playerVirtual12_4820318661',0,'2018-02-12 17:37:57',NULL,0),(738,'playerVirtual12','playerVirtual12_3ef78fb8f0',3,'2018-02-12 17:38:57',NULL,0),(739,'playerVirtual6','playerVirtual6_2378747961',0,'2018-02-12 17:39:07',NULL,0),(740,'playerVirtual6','playerVirtual6_2378747961',0,'2018-02-12 17:39:07',NULL,0),(741,'playerVirtual10','playerVirtual10_4246147567',1,'2018-02-12 17:39:12',NULL,0),(742,'playerVirtual10','playerVirtual10_0a05e66be3',3,'2018-02-12 17:39:12',NULL,0),(743,'playerVirtual10','playerVirtual10_4246147567',1,'2018-02-12 17:39:12',NULL,0),(744,'playerVirtual6','playerVirtual6_f572bbf837',3,'2018-02-12 17:40:07',NULL,0),(745,'playerVirtual13','playerVirtual13_4246147567',0,'2018-02-12 17:40:38',NULL,0),(746,'playerVirtual13','playerVirtual13_c5130bcb3b',3,'2018-02-12 17:40:38',NULL,0),(747,'playerVirtual13','playerVirtual13_4246147567',0,'2018-02-12 17:40:42',NULL,0),(748,'playerVirtual4','playerVirtual4_4246147567',0,'2018-02-12 17:40:42',NULL,0),(749,'playerVirtual4','playerVirtual4_341c8e38de',3,'2018-02-12 17:40:42',NULL,0),(750,'playerVirtual4','playerVirtual4_4246147567',0,'2018-02-12 17:40:43',NULL,0),(751,'playerVirtual9','playerVirtual9_4246147567',1,'2018-02-12 17:41:30',NULL,0),(752,'playerVirtual9','playerVirtual9_452945e7cf',3,'2018-02-12 17:41:30',NULL,0),(753,'playerVirtual9','playerVirtual9_4246147567',1,'2018-02-12 17:41:30',NULL,0),(754,'playerVirtual7','playerVirtual7_4246147567',1,'2018-02-12 17:44:03',NULL,0),(755,'playerVirtual7','playerVirtual7_e3bb7b4e0a',3,'2018-02-12 17:44:03',NULL,0),(756,'playerVirtual7','playerVirtual7_4246147567',1,'2018-02-12 17:44:03',NULL,0),(757,'playerVirtual5','playerVirtual5_4246147567',0,'2018-02-12 17:49:03',NULL,0),(758,'playerVirtual5','playerVirtual5_d314e92688',3,'2018-02-12 17:49:04',NULL,0),(759,'playerVirtual5','playerVirtual5_4246147567',0,'2018-02-12 17:49:09',NULL,0),(760,'playerVirtual8','playerVirtual8_4246147567',0,'2018-02-12 17:49:32',NULL,0),(761,'playerVirtual8','playerVirtual8_90fd03c63a',4,'2018-02-12 17:49:32',NULL,0),(762,'playerVirtual8','playerVirtual8_4246147567',0,'2018-02-12 17:49:33',NULL,0),(763,'playerVirtual19','playerVirtual19_2148750930',0,'2018-02-12 17:49:34',NULL,0),(764,'playerVirtual19','playerVirtual19_2148750930',0,'2018-02-12 17:49:34',NULL,0),(765,'playerVirtual14','playerVirtual14_904011',0,'2018-02-12 17:50:02',NULL,0),(766,'playerVirtual14','playerVirtual14_904011',0,'2018-02-12 17:50:02',NULL,0),(767,'playerVirtual19','playerVirtual19_f545f32f55',3,'2018-02-12 17:50:34',NULL,0),(768,'playerVirtual14','playerVirtual14_75e6839c66',3,'2018-02-12 17:51:02',NULL,0),(769,'playerVirtual15','playerVirtual15_4246147567',0,'2018-02-12 17:52:04',NULL,0),(770,'playerVirtual15','playerVirtual15_3e02589750',4,'2018-02-12 17:52:04',NULL,0),(771,'playerVirtual15','playerVirtual15_4246147567',0,'2018-02-12 17:52:04',NULL,0),(772,'playerVirtual4','playerVirtual4_4246147567',1,'2018-02-12 17:52:45',NULL,0),(773,'playerVirtual4','playerVirtual4_d62f823c02',4,'2018-02-12 17:52:45',NULL,0),(774,'playerVirtual4','playerVirtual4_4246147567',1,'2018-02-12 17:52:45',NULL,0),(775,'playerVirtual11','playerVirtual11_4246147567',0,'2018-02-12 17:53:12',NULL,0),(776,'playerVirtual11','playerVirtual11_aa7c4a9a0c',4,'2018-02-12 17:53:12',NULL,0),(777,'playerVirtual11','playerVirtual11_4246147567',0,'2018-02-12 17:53:12',NULL,0),(778,'playerVirtual8','playerVirtual8_4246147567',1,'2018-02-12 17:53:48',NULL,0),(779,'playerVirtual8','playerVirtual8_79ffbc8224',3,'2018-02-12 17:53:48',NULL,0),(780,'playerVirtual8','playerVirtual8_4246147567',1,'2018-02-12 17:53:48',NULL,0),(781,'playerVirtual18','playerVirtual18_4246147567',0,'2018-02-12 17:56:22',NULL,0),(782,'playerVirtual18','playerVirtual18_f1bd47f743',3,'2018-02-12 17:56:22',NULL,0),(783,'playerVirtual18','playerVirtual18_4246147567',0,'2018-02-12 17:56:22',NULL,0),(784,'playerVirtual15','playerVirtual15_4246147567',1,'2018-02-12 17:56:56',NULL,0),(785,'playerVirtual15','playerVirtual15_67b1534ee6',3,'2018-02-12 17:56:56',NULL,0),(786,'playerVirtual15','playerVirtual15_4246147567',1,'2018-02-12 17:56:57',NULL,0),(787,'playerVirtual16','playerVirtual16_4246147567',0,'2018-02-12 17:57:43',NULL,0),(788,'playerVirtual16','playerVirtual16_58be01c28c',3,'2018-02-12 17:57:43',NULL,0),(789,'playerVirtual16','playerVirtual16_4246147567',0,'2018-02-12 17:57:47',NULL,0),(790,'playerVirtual13','playerVirtual13_4246147567',1,'2018-02-12 17:59:56',NULL,0),(791,'playerVirtual13','playerVirtual13_cb023101c3',4,'2018-02-12 17:59:57',NULL,0),(792,'playerVirtual13','playerVirtual13_4246147567',1,'2018-02-12 17:59:57',NULL,0),(793,'playerVirtual6','playerVirtual6_4246147567',0,'2018-02-12 18:01:08',NULL,0),(794,'playerVirtual6','playerVirtual6_1f42e78926',4,'2018-02-12 18:01:09',NULL,0),(795,'playerVirtual6','playerVirtual6_4246147567',0,'2018-02-12 18:01:09',NULL,0),(796,'playerVirtual10','playerVirtual10_4246147567',0,'2018-02-12 18:02:41',NULL,0),(797,'playerVirtual10','playerVirtual10_0c4ce1e2a8',4,'2018-02-12 18:02:41',NULL,0),(798,'playerVirtual10','playerVirtual10_4246147567',0,'2018-02-12 18:02:41',NULL,0),(799,'playerVirtual17','playerVirtual17_4246147567',1,'2018-02-12 18:03:01',NULL,0),(800,'playerVirtual17','playerVirtual17_b856b08aad',4,'2018-02-12 18:03:02',NULL,0),(801,'playerVirtual17','playerVirtual17_4246147567',1,'2018-02-12 18:03:08',NULL,0),(802,'playerVirtual14','playerVirtual14_990694203',0,'2018-02-12 18:05:05',NULL,0),(803,'playerVirtual14','playerVirtual14_990694203',0,'2018-02-12 18:05:05',NULL,0),(804,'playerVirtual5','playerVirtual5_4246147567',1,'2018-02-12 18:05:13',NULL,0),(805,'playerVirtual5','playerVirtual5_92c6fe7607',4,'2018-02-12 18:05:13',NULL,0),(806,'playerVirtual5','playerVirtual5_4246147567',1,'2018-02-12 18:05:17',NULL,0),(807,'playerVirtual18','playerVirtual18_4246147567',1,'2018-02-12 18:06:02',NULL,0),(808,'playerVirtual18','playerVirtual18_98b9b583ce',4,'2018-02-12 18:06:03',NULL,0),(809,'playerVirtual18','playerVirtual18_4246147567',1,'2018-02-12 18:06:03',NULL,0),(810,'playerVirtual14','playerVirtual14_fd414132a7',4,'2018-02-12 18:06:05',NULL,0),(811,'playerVirtual9','playerVirtual9_2148750930',1,'2018-02-12 18:07:02',NULL,0),(812,'playerVirtual9','playerVirtual9_3a28a3c668',4,'2018-02-12 18:07:02',NULL,0),(813,'playerVirtual9','playerVirtual9_2148750930',1,'2018-02-12 18:07:03',NULL,0),(814,'playerVirtual12','playerVirtual12_16917741',0,'2018-02-12 18:07:03',NULL,0),(815,'playerVirtual12','playerVirtual12_6090a71310',4,'2018-02-12 18:07:03',NULL,0),(816,'playerVirtual12','playerVirtual12_16917741',0,'2018-02-12 18:07:04',NULL,0),(817,'playerVirtual7','playerVirtual7_4246147567',0,'2018-02-12 18:08:14',NULL,0),(818,'playerVirtual7','playerVirtual7_810ef1f944',4,'2018-02-12 18:08:15',NULL,0),(819,'playerVirtual7','playerVirtual7_4246147567',0,'2018-02-12 18:08:15',NULL,0),(820,'playerVirtual16','playerVirtual16_4246147567',1,'2018-02-12 18:10:46',NULL,0),(821,'playerVirtual16','playerVirtual16_3de466ef4f',4,'2018-02-12 18:10:46',NULL,0),(822,'playerVirtual16','playerVirtual16_4246147567',1,'2018-02-12 18:10:46',NULL,0),(823,'playerVirtual19','playerVirtual19_4246147567',0,'2018-02-12 18:10:51',NULL,0),(824,'playerVirtual19','playerVirtual19_a704b55435',4,'2018-02-12 18:10:51',NULL,0),(825,'playerVirtual19','playerVirtual19_4246147567',0,'2018-02-12 18:10:51',NULL,0),(826,'playerVirtual11','playerVirtual11_4246147567',1,'2018-02-12 18:12:12',NULL,0),(827,'playerVirtual11','playerVirtual11_e90b718b05',3,'2018-02-12 18:12:12',NULL,0),(828,'playerVirtual11','playerVirtual11_4246147567',1,'2018-02-12 18:12:12',NULL,0),(829,'playerVirtual10','playerVirtual10_4246147567',1,'2018-02-12 18:16:35',NULL,0),(830,'playerVirtual10','playerVirtual10_d8a1d8fcf1',3,'2018-02-12 18:16:35',NULL,0),(831,'playerVirtual10','playerVirtual10_4246147567',1,'2018-02-12 18:16:36',NULL,0),(832,'playerVirtual17','playerVirtual17_4246147567',0,'2018-02-12 18:16:42',NULL,0),(833,'playerVirtual17','playerVirtual17_f5f6e04043',3,'2018-02-12 18:16:42',NULL,0),(834,'playerVirtual17','playerVirtual17_4246147567',0,'2018-02-12 18:16:42',NULL,0),(835,'playerVirtual6','playerVirtual6_4246147567',1,'2018-02-12 18:17:43',NULL,0),(836,'playerVirtual6','playerVirtual6_5da2441fa7',3,'2018-02-12 18:17:43',NULL,0),(837,'playerVirtual6','playerVirtual6_4246147567',1,'2018-02-12 18:17:43',NULL,0),(838,'playerVirtual12','playerVirtual12_5297461910',0,'2018-02-12 18:18:40',NULL,0),(839,'playerVirtual12','playerVirtual12_5297461910',0,'2018-02-12 18:18:40',NULL,0),(840,'playerVirtual13','playerVirtual13_539194189',1,'2018-02-12 18:19:10',NULL,0),(841,'playerVirtual13','playerVirtual13_d17bb6ea7b',3,'2018-02-12 18:19:10',NULL,0),(842,'playerVirtual13','playerVirtual13_539194189',1,'2018-02-12 18:19:10',NULL,0),(843,'playerVirtual4','playerVirtual4_4246147567',0,'2018-02-12 18:19:11',NULL,0),(844,'playerVirtual4','playerVirtual4_9303141e56',3,'2018-02-12 18:19:11',NULL,0),(845,'playerVirtual4','playerVirtual4_4246147567',0,'2018-02-12 18:19:11',NULL,0),(846,'playerVirtual12','playerVirtual12_0b309c953d',3,'2018-02-12 18:19:40',NULL,0),(847,'playerVirtual9','playerVirtual9_4246147567',0,'2018-02-12 18:21:03',NULL,0),(848,'playerVirtual9','playerVirtual9_fa12e1ddfc',3,'2018-02-12 18:21:03',NULL,0),(849,'playerVirtual9','playerVirtual9_4246147567',0,'2018-02-12 18:21:03',NULL,0),(850,'playerVirtual7','playerVirtual7_4246147567',1,'2018-02-12 18:21:52',NULL,0),(851,'playerVirtual7','playerVirtual7_4afb648b7c',3,'2018-02-12 18:21:52',NULL,0),(852,'playerVirtual7','playerVirtual7_4246147567',1,'2018-02-12 18:21:52',NULL,0),(853,'playerVirtual5','playerVirtual5_794070039',1,'2018-02-12 18:25:21',NULL,0),(854,'playerVirtual5','playerVirtual5_e0d834ab5d',3,'2018-02-12 18:25:21',NULL,0),(855,'playerVirtual5','playerVirtual5_794070039',1,'2018-02-12 18:25:21',NULL,0),(856,'playerVirtual8','playerVirtual8_794070039',0,'2018-02-12 18:28:05',NULL,0),(857,'playerVirtual8','playerVirtual8_794070039',0,'2018-02-12 18:28:06',NULL,0),(858,'playerVirtual19','playerVirtual19_4246147567',1,'2018-02-12 18:28:40',NULL,0),(859,'playerVirtual19','playerVirtual19_4c687453ef',3,'2018-02-12 18:28:40',NULL,0),(860,'playerVirtual19','playerVirtual19_4246147567',1,'2018-02-12 18:28:47',NULL,0),(861,'playerVirtual8','playerVirtual8_0cd7655be2',4,'2018-02-12 18:29:05',NULL,0),(862,'playerVirtual14','playerVirtual14_990694203',1,'2018-02-12 18:30:06',NULL,0),(863,'playerVirtual14','playerVirtual14_16a854d195',3,'2018-02-12 18:30:07',NULL,0),(864,'playerVirtual14','playerVirtual14_990694203',1,'2018-02-12 18:30:07',NULL,0),(865,'playerVirtual15','playerVirtual15_4246147567',0,'2018-02-12 18:30:49',NULL,0),(866,'playerVirtual15','playerVirtual15_7d7112efad',4,'2018-02-12 18:30:50',NULL,0),(867,'playerVirtual15','playerVirtual15_4246147567',0,'2018-02-12 18:30:55',NULL,0),(868,'playerVirtual4','playerVirtual4_4246147567',1,'2018-02-12 18:31:14',NULL,0),(869,'playerVirtual4','playerVirtual4_c417765ff8',4,'2018-02-12 18:31:14',NULL,0),(870,'playerVirtual4','playerVirtual4_4246147567',1,'2018-02-12 18:31:14',NULL,0),(871,'playerVirtual11','playerVirtual11_4246147567',0,'2018-02-12 18:33:13',NULL,0),(872,'playerVirtual11','playerVirtual11_f89e535088',4,'2018-02-12 18:33:13',NULL,0),(873,'playerVirtual11','playerVirtual11_4246147567',0,'2018-02-12 18:33:13',NULL,0),(874,'playerVirtual15','playerVirtual15_4246147567',1,'2018-02-12 18:35:38',NULL,0),(875,'playerVirtual15','playerVirtual15_056fa1b3ca',3,'2018-02-12 18:35:38',NULL,0),(876,'playerVirtual15','playerVirtual15_4246147567',1,'2018-02-12 18:35:39',NULL,0),(877,'playerVirtual18','playerVirtual18_4246147567',0,'2018-02-12 18:35:43',NULL,0),(878,'playerVirtual18','playerVirtual18_113f5e115d',3,'2018-02-12 18:35:43',NULL,0),(879,'playerVirtual18','playerVirtual18_4246147567',0,'2018-02-12 18:35:44',NULL,0),(880,'playerVirtual8','playerVirtual8_4246147567',0,'2018-02-12 18:36:51',NULL,0),(881,'playerVirtual8','playerVirtual8_2c9d434191',3,'2018-02-12 18:36:51',NULL,0),(882,'playerVirtual8','playerVirtual8_4246147567',0,'2018-02-12 18:36:51',NULL,0),(883,'playerVirtual16','playerVirtual16_990694203',0,'2018-02-12 18:37:30',NULL,0),(884,'playerVirtual16','playerVirtual16_990694203',0,'2018-02-12 18:37:30',NULL,0),(885,'playerVirtual16','playerVirtual16_294bdcea1e',3,'2018-02-12 18:38:30',NULL,0),(886,'playerVirtual13','playerVirtual13_5297461910',1,'2018-02-12 18:39:24',NULL,0),(887,'playerVirtual13','playerVirtual13_ce713245b6',4,'2018-02-12 18:39:24',NULL,0),(888,'playerVirtual13','playerVirtual13_5297461910',1,'2018-02-12 18:39:28',NULL,0),(889,'playerVirtual6','playerVirtual6_4246147567',0,'2018-02-12 18:41:50',NULL,0),(890,'playerVirtual6','playerVirtual6_a969ea3be3',4,'2018-02-12 18:41:50',NULL,0),(891,'playerVirtual6','playerVirtual6_4246147567',0,'2018-02-12 18:41:50',NULL,0),(892,'playerVirtual17','playerVirtual17_4246147567',1,'2018-02-12 18:41:53',NULL,0),(893,'playerVirtual17','playerVirtual17_1c925165fe',4,'2018-02-12 18:41:53',NULL,0),(894,'playerVirtual17','playerVirtual17_4246147567',1,'2018-02-12 18:41:54',NULL,0),(895,'playerVirtual10','playerVirtual10_4246147567',0,'2018-02-12 18:43:07',NULL,0),(896,'playerVirtual10','playerVirtual10_7ad26cfc74',4,'2018-02-12 18:43:07',NULL,0),(897,'playerVirtual10','playerVirtual10_4246147567',0,'2018-02-12 18:43:07',NULL,0),(898,'playerVirtual18','playerVirtual18_4246147567',1,'2018-02-12 18:45:24',NULL,0),(899,'playerVirtual18','playerVirtual18_9423b9c160',4,'2018-02-12 18:45:24',NULL,0),(900,'playerVirtual18','playerVirtual18_4246147567',1,'2018-02-12 18:45:24',NULL,0),(901,'playerVirtual14','playerVirtual14_1095593',1,'2018-02-12 18:46:13',NULL,0),(902,'playerVirtual14','playerVirtual14_5fbeafa1ad',4,'2018-02-12 18:46:13',NULL,0),(903,'playerVirtual14','playerVirtual14_1095593',1,'2018-02-12 18:46:13',NULL,0),(904,'playerVirtual9','playerVirtual9_4246147567',1,'2018-02-12 18:46:35',NULL,0),(905,'playerVirtual9','playerVirtual9_a22437a569',4,'2018-02-12 18:46:35',NULL,0),(906,'playerVirtual9','playerVirtual9_4246147567',1,'2018-02-12 18:46:36',NULL,0),(907,'playerVirtual5','playerVirtual5_4246147567',0,'2018-02-12 18:46:45',NULL,0),(908,'playerVirtual5','playerVirtual5_ef693f1146',4,'2018-02-12 18:46:45',NULL,0),(909,'playerVirtual5','playerVirtual5_4246147567',0,'2018-02-12 18:46:45',NULL,0),(910,'playerVirtual12','playerVirtual12_4246147567',0,'2018-02-12 18:49:01',NULL,0),(911,'playerVirtual12','playerVirtual12_e7f8f28cab',4,'2018-02-12 18:49:02',NULL,0),(912,'playerVirtual12','playerVirtual12_4246147567',0,'2018-02-12 18:49:05',NULL,0),(913,'playerVirtual7','playerVirtual7_4246147567',0,'2018-02-12 18:49:36',NULL,0),(914,'playerVirtual7','playerVirtual7_55c3b032a6',4,'2018-02-12 18:49:36',NULL,0),(915,'playerVirtual7','playerVirtual7_4246147567',0,'2018-02-12 18:49:36',NULL,0),(916,'playerVirtual16','playerVirtual16_990694203',1,'2018-02-12 18:51:37',NULL,0),(917,'playerVirtual16','playerVirtual16_db0b82cda8',4,'2018-02-12 18:51:37',NULL,0),(918,'playerVirtual16','playerVirtual16_990694203',1,'2018-02-12 18:51:37',NULL,0),(919,'playerVirtual11','playerVirtual11_4246147567',1,'2018-02-12 18:52:16',NULL,0),(920,'playerVirtual11','playerVirtual11_47bc431942',3,'2018-02-12 18:52:16',NULL,0),(921,'playerVirtual11','playerVirtual11_4246147567',1,'2018-02-12 18:52:17',NULL,0),(922,'playerVirtual19','playerVirtual19_4246147567',0,'2018-02-12 18:52:39',NULL,0),(923,'playerVirtual19','playerVirtual19_efb9620f18',4,'2018-02-12 18:52:39',NULL,0),(924,'playerVirtual19','playerVirtual19_4246147567',0,'2018-02-12 18:52:39',NULL,0),(925,'playerVirtual10','playerVirtual10_4246147567',1,'2018-02-12 18:57:01',NULL,0),(926,'playerVirtual10','playerVirtual10_ebc5008b44',3,'2018-02-12 18:57:01',NULL,0),(927,'playerVirtual10','playerVirtual10_4246147567',1,'2018-02-12 18:57:02',NULL,0),(928,'playerVirtual6','playerVirtual6_4246147567',1,'2018-02-12 18:58:24',NULL,0),(929,'playerVirtual6','playerVirtual6_adadc831c1',3,'2018-02-12 18:58:24',NULL,0),(930,'playerVirtual6','playerVirtual6_4246147567',1,'2018-02-12 18:58:25',NULL,0),(931,'playerVirtual17','playerVirtual17_6390664602',0,'2018-02-12 18:59:16',NULL,0),(932,'playerVirtual17','playerVirtual17_6390664602',0,'2018-02-12 18:59:16',NULL,0),(933,'playerVirtual17','playerVirtual17_1cf7e26749',3,'2018-02-12 19:00:16',NULL,0),(934,'playerVirtual12','playerVirtual12_4246147567',1,'2018-02-12 19:00:35',NULL,0),(935,'playerVirtual12','playerVirtual12_23da2bcdc1',3,'2018-02-12 19:00:35',NULL,0),(936,'playerVirtual12','playerVirtual12_4246147567',1,'2018-02-12 19:00:35',NULL,0),(937,'playerVirtual4','playerVirtual4_359920779',0,'2018-02-12 19:01:18',NULL,0),(938,'playerVirtual4','playerVirtual4_359920779',0,'2018-02-12 19:01:19',NULL,0),(939,'playerVirtual13','playerVirtual13_4246147567',0,'2018-02-12 19:01:38',NULL,0),(940,'playerVirtual13','playerVirtual13_c31fabb337',3,'2018-02-12 19:01:38',NULL,0),(941,'playerVirtual13','playerVirtual13_4246147567',0,'2018-02-12 19:01:39',NULL,0),(942,'playerVirtual4','playerVirtual4_574735bdd7',3,'2018-02-12 19:02:19',NULL,0),(943,'playerVirtual7','playerVirtual7_4246147567',1,'2018-02-12 19:03:13',NULL,0),(944,'playerVirtual7','playerVirtual7_6a11cb24a4',3,'2018-02-12 19:03:13',NULL,0),(945,'playerVirtual7','playerVirtual7_4246147567',1,'2018-02-12 19:03:13',NULL,0),(946,'playerVirtual9','playerVirtual9_6391374318',0,'2018-02-12 19:03:49',NULL,0),(947,'playerVirtual9','playerVirtual9_6391374318',0,'2018-02-12 19:03:49',NULL,0),(948,'playerVirtual9','playerVirtual9_64a772afba',3,'2018-02-12 19:04:49',NULL,0),(949,'playerVirtual5','playerVirtual5_4246147567',1,'2018-02-12 19:06:56',NULL,0),(950,'playerVirtual5','playerVirtual5_1dd6f76b94',3,'2018-02-12 19:06:56',NULL,0),(951,'playerVirtual5','playerVirtual5_4246147567',1,'2018-02-12 19:06:56',NULL,0);
/*!40000 ALTER TABLE `REQUEST` ENABLE KEYS */;
UNLOCK TABLES;

--
-- Table structure for table `STATUS`
--

DROP TABLE IF EXISTS `STATUS`;
/*!40101 SET @saved_cs_client     = @@character_set_client */;
/*!40101 SET character_set_client = utf8 */;
CREATE TABLE `STATUS` (
  `id` int(11) NOT NULL AUTO_INCREMENT,
  `players` int(11) DEFAULT '0',
  `all_requests` int(11) DEFAULT '0',
  `accepts` int(11) DEFAULT '0',
  `rejects` int(11) DEFAULT '0',
  `fairness` float DEFAULT '0',
  `timestamp` timestamp NULL DEFAULT NULL,
  PRIMARY KEY (`id`)
) ENGINE=InnoDB AUTO_INCREMENT=52 DEFAULT CHARSET=utf8;
/*!40101 SET character_set_client = @saved_cs_client */;

--
-- Dumping data for table `STATUS`
--

LOCK TABLES `STATUS` WRITE;
/*!40000 ALTER TABLE `STATUS` DISABLE KEYS */;
INSERT INTO `STATUS` VALUES (1,0,0,0,0,0,'2018-02-12 14:58:31'),(2,20,20,16,4,0.8,'2018-02-12 15:03:32'),(3,20,50,41,9,0.82,'2018-02-12 15:08:32'),(4,20,58,49,9,0.844828,'2018-02-12 15:13:32'),(5,20,73,62,11,0.849315,'2018-02-12 15:18:32'),(6,20,82,69,13,0.841463,'2018-02-12 15:23:32'),(7,20,85,72,13,0.847059,'2018-02-12 15:28:32'),(8,20,87,74,13,0.850575,'2018-02-12 15:33:32'),(9,20,91,78,13,0.857143,'2018-02-12 15:38:32'),(10,20,95,82,13,0.863158,'2018-02-12 15:43:33'),(11,20,99,86,13,0.868687,'2018-02-12 15:48:33'),(12,20,104,91,13,0.875,'2018-02-12 15:53:33'),(13,20,110,97,13,0.881818,'2018-02-12 15:58:33'),(14,20,113,100,13,0.884956,'2018-02-12 16:03:33'),(15,20,115,102,13,0.886957,'2018-02-12 16:08:33'),(16,20,117,104,13,0.888889,'2018-02-12 16:13:33'),(17,20,120,107,13,0.891667,'2018-02-12 16:18:34'),(18,20,124,109,15,0.879032,'2018-02-12 16:23:34'),(19,20,129,113,16,0.875969,'2018-02-12 16:28:34'),(20,20,130,114,16,0.876923,'2018-02-12 16:33:34'),(21,20,132,116,16,0.878788,'2018-02-12 16:38:34'),(22,20,133,117,16,0.879699,'2018-02-12 16:43:34'),(23,20,138,122,16,0.884058,'2018-02-12 16:48:34'),(24,20,142,126,16,0.887324,'2018-02-12 16:53:34'),(25,20,145,129,16,0.889655,'2018-02-12 16:58:34'),(26,20,147,131,16,0.891156,'2018-02-12 17:03:35'),(27,20,150,134,16,0.893333,'2018-02-12 17:08:35'),(28,20,152,136,16,0.894737,'2018-02-12 17:13:35'),(29,20,155,139,16,0.896774,'2018-02-12 17:18:35'),(30,20,157,141,16,0.898089,'2018-02-12 17:23:35'),(31,20,158,142,16,0.898734,'2018-02-12 17:28:35'),(32,20,160,144,16,0.9,'2018-02-12 17:33:35'),(33,20,162,146,16,0.901235,'2018-02-12 17:38:36'),(34,20,165,149,16,0.90303,'2018-02-12 17:43:36'),(35,20,165,149,16,0.90303,'2018-02-12 17:48:36'),(36,20,171,155,16,0.906433,'2018-02-12 17:53:36'),(37,20,173,157,16,0.907514,'2018-02-12 17:58:36'),(38,20,175,159,16,0.908571,'2018-02-12 18:03:36'),(39,20,178,162,16,0.910112,'2018-02-12 18:08:36'),(40,20,179,163,16,0.910615,'2018-02-12 18:13:36'),(41,20,180,164,16,0.911111,'2018-02-12 18:18:37'),(42,20,183,167,16,0.912568,'2018-02-12 18:23:37'),(43,20,184,168,16,0.913043,'2018-02-12 18:28:37'),(44,20,186,170,16,0.913979,'2018-02-12 18:33:37'),(45,20,189,173,16,0.915344,'2018-02-12 18:38:37'),(46,20,191,175,16,0.91623,'2018-02-12 18:43:37'),(47,20,192,176,16,0.916667,'2018-02-12 18:48:38'),(48,20,195,179,16,0.917949,'2018-02-12 18:53:38'),(49,20,195,179,16,0.917949,'2018-02-12 18:58:38'),(50,20,198,183,15,0.924242,'2018-02-12 19:03:38'),(51,20,199,184,15,0.924623,'2018-02-12 19:08:38');
/*!40000 ALTER TABLE `STATUS` ENABLE KEYS */;
UNLOCK TABLES;

--
-- Table structure for table `THRESHOLD`
--

DROP TABLE IF EXISTS `THRESHOLD`;
/*!40101 SET @saved_cs_client     = @@character_set_client */;
/*!40101 SET character_set_client = utf8 */;
CREATE TABLE `THRESHOLD` (
  `division` int(11) NOT NULL,
  `botton` float DEFAULT '0',
  `top` float DEFAULT '0',
  PRIMARY KEY (`division`)
) ENGINE=InnoDB DEFAULT CHARSET=utf8;
/*!40101 SET character_set_client = @saved_cs_client */;

--
-- Dumping data for table `THRESHOLD`
--

LOCK TABLES `THRESHOLD` WRITE;
/*!40000 ALTER TABLE `THRESHOLD` DISABLE KEYS */;
INSERT INTO `THRESHOLD` VALUES (1,8.76,20),(2,4.38,8.76),(3,0,4.38);
/*!40000 ALTER TABLE `THRESHOLD` ENABLE KEYS */;
UNLOCK TABLES;

--
-- Table structure for table `VM`
--

DROP TABLE IF EXISTS `VM`;
/*!40101 SET @saved_cs_client     = @@character_set_client */;
/*!40101 SET character_set_client = utf8 */;
CREATE TABLE `VM` (
  `id` int(11) NOT NULL AUTO_INCREMENT,
  `origin_add` varchar(45) NOT NULL,
  `origin_id` varchar(45) NOT NULL,
  `origin_name` varchar(45) NOT NULL,
  `destiny_add` varchar(45) NOT NULL,
  `destiny_name` varchar(45) NOT NULL,
  `destiny_id` varchar(45) NOT NULL,
  `status` tinyint(1) NOT NULL,
  `vcpus` int(11) NOT NULL,
  `mem` bigint(20) NOT NULL,
  `disk` bigint(20) NOT NULL,
  `timestamp_received` timestamp NULL DEFAULT NULL,
  `timestamp_finished` timestamp NULL DEFAULT NULL,
  PRIMARY KEY (`id`)
) ENGINE=InnoDB AUTO_INCREMENT=200 DEFAULT CHARSET=utf8;
/*!40101 SET character_set_client = @saved_cs_client */;

--
-- Dumping data for table `VM`
--

LOCK TABLES `VM` WRITE;
/*!40000 ALTER TABLE `VM` DISABLE KEYS */;
INSERT INTO `VM` VALUES (1,'192.168.0.200','playerVirtual1_450512000','playerVirtual1','192.168.0.200','playerVirtual11','playerVirtual11_898bcfd58f',1,1,2048,20,'2018-02-12 15:01:02',NULL),(2,'192.168.0.200','playerVirtual11_1438244924','playerVirtual11','192.168.0.200','playerVirtual1','playerVirtual11_1438244924',0,1,2048,20,'2018-02-12 15:01:04','2018-02-12 15:01:04'),(3,'192.168.0.200','playerVirtual4_640692267','playerVirtual4','192.168.0.200','playerVirtual8','playerVirtual8_0005fc9f60',1,1,512,1,'2018-02-12 15:01:07',NULL),(4,'192.168.0.200','playerVirtual8_2381571381','playerVirtual8','192.168.0.200','playerVirtual4','playerVirtual4_c4f4fbb408',3,1,2048,20,'2018-02-12 15:01:08','2018-02-12 15:32:03'),(5,'192.168.0.200','playerVirtual2_5297461910','playerVirtual2','192.168.0.200','playerVirtual13','playerVirtual13_64930e3060',2,1,512,1,'2018-02-12 15:01:09','2018-02-12 15:48:43'),(6,'192.168.0.200','playerVirtual13_2790332778','playerVirtual13','192.168.0.200','playerVirtual2','playerVirtual13_2790332778',0,2,4096,40,'2018-02-12 15:01:12','2018-02-12 15:01:12'),(7,'192.168.0.200','playerVirtual3_369721705','playerVirtual3','192.168.0.200','playerVirtual6','playerVirtual6_bd13a69640',1,2,4096,40,'2018-02-12 15:01:13',NULL),(8,'192.168.0.200','playerVirtual6_317469422','playerVirtual6','192.168.0.200','playerVirtual3','playerVirtual6_317469422',0,2,4096,40,'2018-02-12 15:01:14','2018-02-12 15:01:14'),(9,'192.168.0.200','playerVirtual15_6955737','playerVirtual15','192.168.0.200','playerVirtual17','playerVirtual17_cbdf104c02',3,1,2048,20,'2018-02-12 15:01:14','2018-02-12 15:20:43'),(10,'192.168.0.200','playerVirtual17_257338104','playerVirtual17','192.168.0.200','playerVirtual15','playerVirtual15_57f4c409c5',1,2,4096,40,'2018-02-12 15:01:15',NULL),(11,'192.168.0.200','playerVirtual19_3584940347','playerVirtual19','192.168.0.200','playerVirtual5','playerVirtual5_d13eb2ce3e',1,1,512,1,'2018-02-12 15:01:15',NULL),(12,'192.168.0.200','playerVirtual5_2433236783','playerVirtual5','192.168.0.200','playerVirtual19','playerVirtual19_1dfacc115d',1,1,2048,20,'2018-02-12 15:01:15',NULL),(13,'192.168.0.200','playerVirtual9_3338579772','playerVirtual9','192.168.0.200','playerVirtual7','playerVirtual7_993b0b35dc',3,1,2048,20,'2018-02-12 15:01:16','2018-02-12 15:22:28'),(14,'192.168.0.200','playerVirtual7_257407216','playerVirtual7','192.168.0.200','playerVirtual9','playerVirtual9_842da093b4',1,2,4096,40,'2018-02-12 15:01:17',NULL),(15,'192.168.0.200','playerVirtual14_182859403','playerVirtual14','192.168.0.200','playerVirtual12','playerVirtual12_2f5d366d01',3,1,512,1,'2018-02-12 15:01:24','2018-02-12 15:14:46'),(16,'192.168.0.200','playerVirtual12_2359368952','playerVirtual12','192.168.0.200','playerVirtual14','playerVirtual14_228d6c5901',3,1,512,1,'2018-02-12 15:01:27','2018-02-12 15:09:43'),(17,'192.168.0.200','playerVirtual0_16917741','playerVirtual0','192.168.0.200','playerVirtual16','playerVirtual16_de91cecfe0',2,1,512,1,'2018-02-12 15:01:31','2018-02-12 16:54:42'),(18,'192.168.0.200','playerVirtual16_2545640208','playerVirtual16','192.168.0.200','playerVirtual0','playerVirtual16_2545640208',0,1,2048,20,'2018-02-12 15:01:39','2018-02-12 15:01:39'),(19,'192.168.0.200','playerVirtual18_908315','playerVirtual18','192.168.0.200','playerVirtual10','playerVirtual10_b674a05535',3,1,2048,20,'2018-02-12 15:01:40','2018-02-12 15:34:38'),(20,'192.168.0.200','playerVirtual10_539194189','playerVirtual10','192.168.0.200','playerVirtual18','playerVirtual18_89a946d6c7',3,1,2048,20,'2018-02-12 15:01:49','2018-02-12 15:41:56'),(21,'192.168.0.200','playerVirtual1_4820204870','playerVirtual1','192.168.0.200','playerVirtual11','playerVirtual11_414c31e92f',2,2,4096,40,'2018-02-12 15:04:27','2018-02-12 15:17:04'),(22,'192.168.0.200','playerVirtual11_8058564','playerVirtual11','192.168.0.200','playerVirtual1','playerVirtual11_8058564',0,1,2048,20,'2018-02-12 15:05:17','2018-02-12 15:05:17'),(23,'192.168.0.200','playerVirtual4_1429160667','playerVirtual4','192.168.0.200','playerVirtual8','playerVirtual8_6244ba87f6',1,1,2048,20,'2018-02-12 15:05:18',NULL),(24,'192.168.0.200','playerVirtual8_3338010893','playerVirtual8','192.168.0.200','playerVirtual4','playerVirtual4_a72bfee1ee',1,1,512,1,'2018-02-12 15:05:20',NULL),(25,'192.168.0.200','playerVirtual2_82730999','playerVirtual2','192.168.0.200','playerVirtual13','playerVirtual13_b0639d09e8',2,1,512,1,'2018-02-12 15:05:24','2018-02-12 17:10:42'),(26,'192.168.0.200','playerVirtual3_6571218','playerVirtual3','192.168.0.200','playerVirtual2','playerVirtual2_b81055fbb5',1,1,2048,20,'2018-02-12 15:05:26',NULL),(27,'192.168.0.200','playerVirtual13_351652724','playerVirtual13','192.168.0.200','playerVirtual3','playerVirtual13_351652724',0,1,2048,20,'2018-02-12 15:05:26','2018-02-12 15:05:26'),(28,'192.168.0.200','playerVirtual6_778566023','playerVirtual6','192.168.0.200','playerVirtual17','playerVirtual17_5dca4f1b39',1,1,512,1,'2018-02-12 15:05:28',NULL),(29,'192.168.0.200','playerVirtual15_1436344784','playerVirtual15','192.168.0.200','playerVirtual6','playerVirtual6_d69755dff6',3,1,2048,20,'2018-02-12 15:05:32','2018-02-12 15:32:30'),(30,'192.168.0.200','playerVirtual17_1339662','playerVirtual17','192.168.0.200','playerVirtual15','playerVirtual15_1da2aee1ce',1,1,2048,20,'2018-02-12 15:05:37',NULL),(31,'192.168.0.200','playerVirtual19_317497342','playerVirtual19','192.168.0.200','playerVirtual5','playerVirtual5_e38a4ada8b',1,1,512,1,'2018-02-12 15:05:38',NULL),(32,'192.168.0.200','playerVirtual5_284794223','playerVirtual5','192.168.0.200','playerVirtual19','playerVirtual19_331fac300a',1,1,2048,20,'2018-02-12 15:05:38',NULL),(33,'192.168.0.200','playerVirtual9_359920779','playerVirtual9','192.168.0.200','playerVirtual7','playerVirtual7_33833cef80',3,1,512,1,'2018-02-12 15:05:39','2018-02-12 16:09:16'),(34,'192.168.0.200','playerVirtual7_904011','playerVirtual7','192.168.0.200','playerVirtual9','playerVirtual9_8312c5527b',3,1,2048,20,'2018-02-12 15:05:39','2018-02-12 15:43:33'),(35,'192.168.0.200','playerVirtual14_2904109077','playerVirtual14','192.168.0.200','playerVirtual12','playerVirtual12_102b28377a',1,1,512,1,'2018-02-12 15:05:39',NULL),(36,'192.168.0.200','playerVirtual0_905614','playerVirtual0','192.168.0.200','playerVirtual14','playerVirtual14_fb63454031',1,1,2048,20,'2018-02-12 15:05:40',NULL),(37,'192.168.0.200','playerVirtual12_257338074','playerVirtual12','192.168.0.200','playerVirtual16','playerVirtual16_81ce4054af',1,2,4096,40,'2018-02-12 15:05:40',NULL),(38,'192.168.0.200','playerVirtual16_1093460','playerVirtual16','192.168.0.200','playerVirtual0','playerVirtual16_1093460',0,1,512,1,'2018-02-12 15:05:40','2018-02-12 15:05:40'),(39,'192.168.0.200','playerVirtual18_6569547','playerVirtual18','192.168.0.200','playerVirtual10','playerVirtual10_abb48a84e0',1,1,2048,20,'2018-02-12 15:05:40',NULL),(40,'192.168.0.200','playerVirtual10_470485660','playerVirtual10','192.168.0.200','playerVirtual18','playerVirtual18_26faed2a75',1,2,4096,40,'2018-02-12 15:05:41',NULL),(41,'192.168.0.200','playerVirtual1_30788568','playerVirtual1','192.168.0.200','playerVirtual11','playerVirtual11_a3ae290a2a',1,1,512,1,'2018-02-12 15:07:42',NULL),(42,'192.168.0.200','playerVirtual11_5792765','playerVirtual11','192.168.0.200','playerVirtual1','playerVirtual11_5792765',0,1,512,1,'2018-02-12 15:07:45','2018-02-12 15:07:45'),(43,'192.168.0.200','playerVirtual4_38671842','playerVirtual4','192.168.0.200','playerVirtual8','playerVirtual8_a7e14c5fe2',1,1,512,1,'2018-02-12 15:07:55',NULL),(44,'192.168.0.200','playerVirtual8_400453824','playerVirtual8','192.168.0.200','playerVirtual4','playerVirtual4_e6f4cb2a82',1,1,512,1,'2018-02-12 15:07:56',NULL),(45,'192.168.0.200','playerVirtual2_4820318661','playerVirtual2','192.168.0.200','playerVirtual13','playerVirtual13_71b0df6cce',2,2,4096,40,'2018-02-12 15:08:06','2018-02-12 17:58:45'),(46,'192.168.0.200','playerVirtual3_4819935267','playerVirtual3','192.168.0.200','playerVirtual2','playerVirtual2_a0808f0861',1,2,4096,40,'2018-02-12 15:08:11',NULL),(47,'192.168.0.200','playerVirtual13_4820217293','playerVirtual13','192.168.0.200','playerVirtual3','playerVirtual13_4820217293',0,2,4096,40,'2018-02-12 15:08:13','2018-02-12 15:08:13'),(48,'192.168.0.200','playerVirtual6_6264344062','playerVirtual6','192.168.0.200','playerVirtual17','playerVirtual17_06d2a82074',3,1,512,1,'2018-02-12 15:08:14','2018-02-12 15:29:54'),(49,'192.168.0.200','playerVirtual15_2378747961','playerVirtual15','192.168.0.200','playerVirtual6','playerVirtual6_74197e046b',3,1,512,1,'2018-02-12 15:08:24','2018-02-12 15:28:16'),(50,'192.168.0.200','playerVirtual17_5068098508','playerVirtual17','192.168.0.200','playerVirtual15','playerVirtual15_663f4b30cf',3,1,2048,20,'2018-02-12 15:08:29','2018-02-12 15:41:33'),(51,'192.168.0.200','playerVirtual19_227443932','playerVirtual19','192.168.0.200','playerVirtual5','playerVirtual5_1c7ae4fee7',1,1,2048,20,'2018-02-12 15:09:47',NULL),(52,'192.168.0.200','playerVirtual5_1095593','playerVirtual5','192.168.0.200','playerVirtual19','playerVirtual19_219968ec05',3,1,512,1,'2018-02-12 15:09:47','2018-02-12 15:30:59'),(53,'192.168.0.200','playerVirtual9_2148750930','playerVirtual9','192.168.0.200','playerVirtual7','playerVirtual7_edf380db61',3,1,2048,20,'2018-02-12 15:09:49','2018-02-12 18:07:03'),(54,'192.168.0.200','playerVirtual7_563574327','playerVirtual7','192.168.0.200','playerVirtual9','playerVirtual9_6e94fda654',1,1,2048,20,'2018-02-12 15:09:53',NULL),(55,'192.168.0.200','playerVirtual14_765651','playerVirtual14','192.168.0.200','playerVirtual12','playerVirtual12_d0c3c94af2',1,1,2048,20,'2018-02-12 15:10:03',NULL),(56,'192.168.0.200','playerVirtual16_5623125514','playerVirtual16','192.168.0.200','playerVirtual14','playerVirtual14_3af76ffbb2',1,1,2048,20,'2018-02-12 15:10:25',NULL),(57,'192.168.0.200','playerVirtual18_284757920','playerVirtual18','192.168.0.200','playerVirtual16','playerVirtual16_eac2d621ae',1,1,2048,20,'2018-02-12 15:10:26',NULL),(58,'192.168.0.200','playerVirtual10_272887063','playerVirtual10','192.168.0.200','playerVirtual18','playerVirtual18_343ec6d30f',3,1,2048,20,'2018-02-12 15:10:37','2018-02-12 15:16:41'),(59,'192.168.0.200','playerVirtual11_38676294','playerVirtual11','192.168.0.200','playerVirtual10','playerVirtual10_bd24a50e36',1,1,512,1,'2018-02-12 15:14:10',NULL),(60,'192.168.0.200','playerVirtual4_182859403','playerVirtual4','192.168.0.200','playerVirtual11','playerVirtual11_b6e8afab80',3,1,512,1,'2018-02-12 15:15:13','2018-02-12 15:18:10'),(61,'192.168.0.200','playerVirtual8_4820204870','playerVirtual8','192.168.0.200','playerVirtual4','playerVirtual4_ccb8d780d7',1,2,4096,40,'2018-02-12 15:15:29',NULL),(62,'192.168.0.200','playerVirtual12_6282149131','playerVirtual12','192.168.0.200','playerVirtual8','playerVirtual8_7d9e277dac',1,1,512,1,'2018-02-12 15:15:40',NULL),(63,'192.168.0.200','playerVirtual2_990694203','playerVirtual2','192.168.0.200','playerVirtual17','playerVirtual17_4abee38dfb',3,1,2048,20,'2018-02-12 15:15:51','2018-02-12 15:18:33'),(64,'192.168.0.200','playerVirtual13_6280638724','playerVirtual13','192.168.0.200','playerVirtual2','playerVirtual13_6280638724',0,1,512,1,'2018-02-12 15:16:10','2018-02-12 15:16:10'),(65,'192.168.0.200','playerVirtual6_6280643141','playerVirtual6','192.168.0.200','playerVirtual15','playerVirtual15_1d377abfd7',3,1,512,1,'2018-02-12 15:16:12','2018-02-12 17:22:35'),(66,'192.168.0.200','playerVirtual15_4476462938','playerVirtual15','192.168.0.200','playerVirtual6','playerVirtual6_7854eeb75a',1,1,2048,20,'2018-02-12 15:16:27',NULL),(67,'192.168.0.200','playerVirtual17_272887063','playerVirtual17','192.168.0.200','playerVirtual5','playerVirtual5_abd4bae8ee',3,1,2048,20,'2018-02-12 15:16:35','2018-02-12 16:55:55'),(68,'192.168.0.200','playerVirtual19_2359368952','playerVirtual19','192.168.0.200','playerVirtual7','playerVirtual7_434691d0cd',1,1,512,1,'2018-02-12 15:16:38',NULL),(69,'192.168.0.200','playerVirtual5_1436323714','playerVirtual5','192.168.0.200','playerVirtual19','playerVirtual19_e1b252d54b',1,1,2048,20,'2018-02-12 15:16:50',NULL),(70,'192.168.0.200','playerVirtual9_682797','playerVirtual9','192.168.0.200','playerVirtual12','playerVirtual12_9d1a2d7d22',1,1,2048,20,'2018-02-12 15:16:58',NULL),(71,'192.168.0.200','playerVirtual7_214880781','playerVirtual7','192.168.0.200','playerVirtual9','playerVirtual9_8c97b5665b',1,1,2048,20,'2018-02-12 15:17:08',NULL),(72,'192.168.0.200','playerVirtual16_16914091','playerVirtual16','192.168.0.200','playerVirtual14','playerVirtual14_d994b43948',1,1,2048,20,'2018-02-12 15:17:09',NULL),(73,'192.168.0.200','playerVirtual18_182859403','playerVirtual18','192.168.0.200','playerVirtual16','playerVirtual16_191fb7f823',3,1,512,1,'2018-02-12 15:17:22','2018-02-12 15:27:43'),(74,'192.168.0.200','playerVirtual11_6285257156','playerVirtual11','192.168.0.200','playerVirtual18','playerVirtual18_5879e1a1c5',1,1,512,1,'2018-02-12 15:19:37',NULL),(75,'192.168.0.200','playerVirtual8_6955737','playerVirtual8','192.168.0.200','playerVirtual10','playerVirtual10_b6aa70b0a5',3,1,2048,20,'2018-02-12 15:20:17','2018-02-12 15:27:48'),(76,'192.168.0.200','playerVirtual14_6641406','playerVirtual14','192.168.0.200','playerVirtual11','playerVirtual11_04052f727b',1,1,2048,20,'2018-02-12 15:20:50',NULL),(77,'192.168.0.200','playerVirtual13_2378747961','playerVirtual13','192.168.0.200','playerVirtual4','playerVirtual4_714b789893',3,1,512,1,'2018-02-12 15:21:03','2018-02-12 15:30:30'),(78,'192.168.0.200','playerVirtual12_6955737','playerVirtual12','192.168.0.200','playerVirtual8','playerVirtual8_0dd1a55c05',1,1,2048,20,'2018-02-12 15:21:11',NULL),(79,'192.168.0.200','playerVirtual6_6289355687','playerVirtual6','192.168.0.200','playerVirtual17','playerVirtual17_b1dea6187a',1,1,512,1,'2018-02-12 15:21:37',NULL),(80,'192.168.0.200','playerVirtual17_1438244924','playerVirtual17','192.168.0.200','playerVirtual2','playerVirtual17_1438244924',0,1,2048,20,'2018-02-12 15:21:57','2018-02-12 15:21:57'),(81,'192.168.0.200','playerVirtual10_1438244924','playerVirtual10','192.168.0.200','playerVirtual15','playerVirtual15_471d5a5b60',3,1,2048,20,'2018-02-12 15:22:15','2018-02-12 15:29:09'),(82,'192.168.0.200','playerVirtual19_6289704471','playerVirtual19','192.168.0.200','playerVirtual6','playerVirtual6_a6001f0082',3,1,512,1,'2018-02-12 15:23:15','2018-02-12 15:36:00'),(83,'192.168.0.200','playerVirtual5_794070039','playerVirtual5','192.168.0.200','playerVirtual7','playerVirtual7_571e761529',3,1,512,1,'2018-02-12 15:23:40','2018-02-12 18:25:21'),(84,'192.168.0.200','playerVirtual7_990694203','playerVirtual7','192.168.0.200','playerVirtual5','playerVirtual5_71ce3c9b59',3,1,2048,20,'2018-02-12 15:24:31','2018-02-12 15:31:36'),(85,'192.168.0.200','playerVirtual16_6296865278','playerVirtual16','192.168.0.200','playerVirtual13','playerVirtual13_ebca1d0037',1,1,512,1,'2018-02-12 15:26:36',NULL),(86,'192.168.0.200','playerVirtual4_6296268057','playerVirtual4','192.168.0.200','playerVirtual19','playerVirtual19_a84d375bfe',1,1,512,1,'2018-02-12 15:30:07',NULL),(87,'192.168.0.200','playerVirtual14_6264344062','playerVirtual14','192.168.0.200','playerVirtual12','playerVirtual12_95a7fc8615',1,1,2048,20,'2018-02-12 15:31:34',NULL),(88,'192.168.0.200','playerVirtual12_990694203','playerVirtual12','192.168.0.200','playerVirtual9','playerVirtual9_58f4f0ca77',3,1,2048,20,'2018-02-12 15:33:39','2018-02-12 15:39:11'),(89,'192.168.0.200','playerVirtual9_6301942525','playerVirtual9','192.168.0.200','playerVirtual14','playerVirtual14_a445e109e8',1,1,512,1,'2018-02-12 15:34:19',NULL),(90,'192.168.0.200','playerVirtual17_5297461910','playerVirtual17','192.168.0.200','playerVirtual18','playerVirtual18_061e6f557c',3,1,512,1,'2018-02-12 15:35:40','2018-02-12 17:02:00'),(91,'192.168.0.200','playerVirtual16_6274355716','playerVirtual16','192.168.0.200','playerVirtual10','playerVirtual10_6652a1a56c',1,1,512,1,'2018-02-12 15:37:55',NULL),(92,'192.168.0.200','playerVirtual11_1095593','playerVirtual11','192.168.0.200','playerVirtual8','playerVirtual8_b1dcef1094',3,1,512,1,'2018-02-12 15:38:49','2018-02-12 15:46:14'),(93,'192.168.0.200','playerVirtual4_4246147567','playerVirtual4','192.168.0.200','playerVirtual16','playerVirtual16_4082ac5dbd',3,2,4096,40,'2018-02-12 15:40:00','2018-02-12 18:31:14'),(94,'192.168.0.200','playerVirtual13_539194189','playerVirtual13','192.168.0.200','playerVirtual11','playerVirtual11_8580780e77',3,1,2048,20,'2018-02-12 15:41:03','2018-02-12 18:19:10'),(95,'192.168.0.200','playerVirtual6_908315','playerVirtual6','192.168.0.200','playerVirtual4','playerVirtual4_9ac95ae82c',1,1,2048,20,'2018-02-12 15:41:32',NULL),(96,'192.168.0.200','playerVirtual14_6315250734','playerVirtual14','192.168.0.200','playerVirtual17','playerVirtual17_254fbd5d2f',1,1,512,1,'2018-02-12 15:44:18',NULL),(97,'192.168.0.200','playerVirtual9_4246147567','playerVirtual9','192.168.0.200','playerVirtual15','playerVirtual15_9901e7150e',3,2,4096,40,'2018-02-12 15:45:16','2018-02-12 18:46:36'),(98,'192.168.0.200','playerVirtual5_6289704471','playerVirtual5','192.168.0.200','playerVirtual7','playerVirtual7_b6565f0920',1,1,2048,20,'2018-02-12 15:45:30',NULL),(99,'192.168.0.200','playerVirtual19_2378747961','playerVirtual19','192.168.0.200','playerVirtual5','playerVirtual5_2486985f45',2,1,512,1,'2018-02-12 15:46:11','2018-02-12 16:59:04'),(100,'192.168.0.200','playerVirtual8_4246147567','playerVirtual8','192.168.0.200','playerVirtual6','playerVirtual6_2b6a77ce35',3,2,4096,40,'2018-02-12 15:48:56','2018-02-12 17:53:48'),(101,'192.168.0.200','playerVirtual18_4246147567','playerVirtual18','192.168.0.200','playerVirtual13','playerVirtual13_ff0a83f3ec',3,2,4096,40,'2018-02-12 15:49:10','2018-02-12 18:45:24'),(102,'192.168.0.200','playerVirtual15_4246147567','playerVirtual15','192.168.0.200','playerVirtual19','playerVirtual19_3db635a608',3,2,4096,40,'2018-02-12 15:49:36','2018-02-12 18:35:39'),(103,'192.168.0.200','playerVirtual16_5068098508','playerVirtual16','192.168.0.200','playerVirtual12','playerVirtual12_2e55c78201',3,1,2048,20,'2018-02-12 15:50:30','2018-02-12 16:30:04'),(104,'192.168.0.200','playerVirtual10_4246147567','playerVirtual10','192.168.0.200','playerVirtual9','playerVirtual9_5f213e5291',3,2,4096,40,'2018-02-12 15:51:34','2018-02-12 18:57:02'),(105,'192.168.0.200','playerVirtual6_4246147567','playerVirtual6','192.168.0.200','playerVirtual14','playerVirtual14_0ff5f1ca9d',3,2,4096,40,'2018-02-12 15:54:03','2018-02-12 18:58:25'),(106,'192.168.0.200','playerVirtual13_4246147567','playerVirtual13','192.168.0.200','playerVirtual18','playerVirtual18_7866a26d69',3,2,4096,40,'2018-02-12 15:54:10','2018-02-12 17:59:57'),(107,'192.168.0.200','playerVirtual7_4246147567','playerVirtual7','192.168.0.200','playerVirtual10','playerVirtual10_cb538ad970',3,2,4096,40,'2018-02-12 15:54:55','2018-02-12 19:03:13'),(108,'192.168.0.200','playerVirtual5_4246147567','playerVirtual5','192.168.0.200','playerVirtual11','playerVirtual11_c397cb1f17',3,2,4096,40,'2018-02-12 15:55:34','2018-02-12 19:06:57'),(109,'192.168.0.200','playerVirtual12_4246147567','playerVirtual12','192.168.0.200','playerVirtual7','playerVirtual7_184cafc20c',3,2,4096,40,'2018-02-12 15:56:40','2018-02-12 19:00:35'),(110,'192.168.0.200','playerVirtual14_1095593','playerVirtual14','192.168.0.200','playerVirtual5','playerVirtual5_e0f911b53f',3,1,512,1,'2018-02-12 15:57:00','2018-02-12 18:46:14'),(111,'192.168.0.200','playerVirtual17_990694203','playerVirtual17','192.168.0.200','playerVirtual8','playerVirtual8_67f2f01157',3,1,2048,20,'2018-02-12 15:59:03','2018-02-12 16:04:57'),(112,'192.168.0.200','playerVirtual19_4246147567','playerVirtual19','192.168.0.200','playerVirtual16','playerVirtual16_18190246e9',3,2,4096,40,'2018-02-12 16:00:49','2018-02-12 18:28:47'),(113,'192.168.0.200','playerVirtual11_6322213339','playerVirtual11','192.168.0.200','playerVirtual12','playerVirtual12_58073f5a59',1,1,512,1,'2018-02-12 16:03:19',NULL),(114,'192.168.0.200','playerVirtual16_4246147567','playerVirtual16','192.168.0.200','playerVirtual4','playerVirtual4_fae9052e8c',3,2,4096,40,'2018-02-12 16:04:23','2018-02-12 18:10:47'),(115,'192.168.0.200','playerVirtual4_4246147567','playerVirtual4','192.168.0.200','playerVirtual17','playerVirtual17_06c58f86fb',3,2,4096,40,'2018-02-12 16:05:40','2018-02-12 18:31:14'),(116,'192.168.0.200','playerVirtual14_4246147567','playerVirtual14','192.168.0.200','playerVirtual15','playerVirtual15_3c06d4c47c',3,2,4096,40,'2018-02-12 16:12:02','2018-02-12 17:26:01'),(117,'192.168.0.200','playerVirtual11_4246147567','playerVirtual11','192.168.0.200','playerVirtual9','playerVirtual9_619cf03e2e',3,2,4096,40,'2018-02-12 16:13:26','2018-02-12 18:52:17'),(118,'192.168.0.200','playerVirtual8_4246147567','playerVirtual8','192.168.0.200','playerVirtual6','playerVirtual6_efcddc19d8',3,2,4096,40,'2018-02-12 16:14:48','2018-02-12 17:53:48'),(119,'192.168.0.200','playerVirtual15_4246147567','playerVirtual15','192.168.0.200','playerVirtual13','playerVirtual13_e59b9f4a4a',3,2,4096,40,'2018-02-12 16:15:41','2018-02-12 18:35:39'),(120,'192.168.0.200','playerVirtual18_6335261139','playerVirtual18','192.168.0.200','playerVirtual19','playerVirtual19_88bc189f86',1,1,512,1,'2018-02-12 16:15:53',NULL),(121,'192.168.0.200','playerVirtual10_4246147567','playerVirtual10','192.168.0.200','playerVirtual14','playerVirtual14_f85cdf4738',3,2,4096,40,'2018-02-12 16:19:27','2018-02-12 18:57:02'),(122,'192.168.0.200','playerVirtual13_4246147567','playerVirtual13','192.168.0.200','playerVirtual18','playerVirtual18_e872442f0b',3,2,4096,40,'2018-02-12 16:22:15','2018-02-12 17:59:57'),(123,'192.168.0.200','playerVirtual6_4246147567','playerVirtual6','192.168.0.200','playerVirtual10','playerVirtual10_890215c2e0',3,2,4096,40,'2018-02-12 16:22:20','2018-02-12 18:58:25'),(124,'192.168.0.200','playerVirtual7_6344084916','playerVirtual7','192.168.0.200','playerVirtual11','playerVirtual11_9bf6063d69',1,1,512,1,'2018-02-12 16:23:31',NULL),(125,'192.168.0.200','playerVirtual12_4246147567','playerVirtual12','192.168.0.200','playerVirtual11','playerVirtual11_8cb57e1413',3,2,4096,40,'2018-02-12 16:23:38','2018-02-12 19:00:35'),(126,'192.168.0.200','playerVirtual5_990694203','playerVirtual5','192.168.0.200','playerVirtual7','playerVirtual7_777a284a6c',3,1,2048,20,'2018-02-12 16:24:21','2018-02-12 16:39:55'),(127,'192.168.0.200','playerVirtual9_4246147567','playerVirtual9','192.168.0.200','playerVirtual5','playerVirtual5_83b76f05c8',3,2,4096,40,'2018-02-12 16:25:53','2018-02-12 18:46:36'),(128,'192.168.0.200','playerVirtual17_4246147567','playerVirtual17','192.168.0.200','playerVirtual8','playerVirtual8_e7b5b81305',3,2,4096,40,'2018-02-12 16:26:28','2018-02-12 18:41:54'),(129,'192.168.0.200','playerVirtual18_272887063','playerVirtual18','192.168.0.200','playerVirtual16','playerVirtual16_2509807bb0',1,1,2048,20,'2018-02-12 16:26:34',NULL),(130,'192.168.0.200','playerVirtual19_4246147567','playerVirtual19','192.168.0.200','playerVirtual12','playerVirtual12_c7b428403b',3,2,4096,40,'2018-02-12 16:29:50','2018-02-12 18:28:47'),(131,'192.168.0.200','playerVirtual4_4246147567','playerVirtual4','192.168.0.200','playerVirtual17','playerVirtual17_45ea7b7228',3,2,4096,40,'2018-02-12 16:34:06','2018-02-12 18:31:14'),(132,'192.168.0.200','playerVirtual7_82730999','playerVirtual7','192.168.0.200','playerVirtual4','playerVirtual4_87bf2b528b',1,1,512,1,'2018-02-12 16:38:09',NULL),(133,'192.168.0.200','playerVirtual14_4246147567','playerVirtual14','192.168.0.200','playerVirtual15','playerVirtual15_c26e669c03',3,2,4096,40,'2018-02-12 16:42:37','2018-02-12 17:26:01'),(134,'192.168.0.200','playerVirtual8_4246147567','playerVirtual8','192.168.0.200','playerVirtual9','playerVirtual9_1831cb790e',3,2,4096,40,'2018-02-12 16:43:42','2018-02-12 17:53:48'),(135,'192.168.0.200','playerVirtual11_4820150269','playerVirtual11','192.168.0.200','playerVirtual6','playerVirtual6_2c4aab455e',1,2,4096,40,'2018-02-12 16:44:18',NULL),(136,'192.168.0.200','playerVirtual15_6566788','playerVirtual15','192.168.0.200','playerVirtual13','playerVirtual13_da02f2bbb5',3,1,2048,20,'2018-02-12 16:44:46','2018-02-12 16:50:39'),(137,'192.168.0.200','playerVirtual16_4820150269','playerVirtual16','192.168.0.200','playerVirtual19','playerVirtual19_945712d53f',3,2,4096,40,'2018-02-12 16:46:49','2018-02-12 17:00:56'),(138,'192.168.0.200','playerVirtual18_4246147567','playerVirtual18','192.168.0.200','playerVirtual14','playerVirtual14_ad5860a4c4',3,2,4096,40,'2018-02-12 16:47:42','2018-02-12 18:45:24'),(139,'192.168.0.200','playerVirtual10_3338579772','playerVirtual10','192.168.0.200','playerVirtual18','playerVirtual18_ca092957a6',1,1,2048,20,'2018-02-12 16:49:20',NULL),(140,'192.168.0.200','playerVirtual13_5297461910','playerVirtual13','192.168.0.200','playerVirtual10','playerVirtual10_b31c5861c8',3,1,512,1,'2018-02-12 16:52:11','2018-02-12 18:39:28'),(141,'192.168.0.200','playerVirtual6_4246147567','playerVirtual6','192.168.0.200','playerVirtual11','playerVirtual11_11e6a4318f',3,2,4096,40,'2018-02-12 16:52:21','2018-02-12 18:58:25'),(142,'192.168.0.200','playerVirtual12_16917741','playerVirtual12','192.168.0.200','playerVirtual7','playerVirtual7_dfebd06be2',3,1,512,1,'2018-02-12 16:53:28','2018-02-12 17:28:45'),(143,'192.168.0.200','playerVirtual5_1436344784','playerVirtual5','192.168.0.200','playerVirtual8','playerVirtual8_4049d57352',1,1,2048,20,'2018-02-12 16:55:59',NULL),(144,'192.168.0.200','playerVirtual7_4246147567','playerVirtual7','192.168.0.200','playerVirtual5','playerVirtual5_26cc125556',3,2,4096,40,'2018-02-12 16:56:01','2018-02-12 19:03:13'),(145,'192.168.0.200','playerVirtual9_4246147567','playerVirtual9','192.168.0.200','playerVirtual16','playerVirtual16_3cd1cdd799',3,2,4096,40,'2018-02-12 16:56:08','2018-02-12 18:46:36'),(146,'192.168.0.200','playerVirtual12_5792765','playerVirtual12','192.168.0.200','playerVirtual9','playerVirtual9_95002c4ac2',1,1,512,1,'2018-02-12 17:00:59',NULL),(147,'192.168.0.200','playerVirtual11_4246147567','playerVirtual11','192.168.0.200','playerVirtual12','playerVirtual12_659adc9952',3,2,4096,40,'2018-02-12 17:03:23','2018-02-12 18:52:17'),(148,'192.168.0.200','playerVirtual10_6280643141','playerVirtual10','192.168.0.200','playerVirtual13','playerVirtual13_2926b98b9f',1,1,512,1,'2018-02-12 17:04:14',NULL),(149,'192.168.0.200','playerVirtual4_990694203','playerVirtual4','192.168.0.200','playerVirtual17','playerVirtual17_a8e65df053',3,1,2048,20,'2018-02-12 17:05:02','2018-02-12 17:18:06'),(150,'192.168.0.200','playerVirtual13_4246147567','playerVirtual13','192.168.0.200','playerVirtual19','playerVirtual19_f8ccf412fb',3,2,4096,40,'2018-02-12 17:05:15','2018-02-12 17:59:57'),(151,'192.168.0.200','playerVirtual19_4246147567','playerVirtual19','192.168.0.200','playerVirtual4','playerVirtual4_3a0c3edc20',3,2,4096,40,'2018-02-12 17:12:58','2018-02-12 18:28:47'),(152,'192.168.0.200','playerVirtual5_4246147567','playerVirtual5','192.168.0.200','playerVirtual15','playerVirtual15_f3d414e741',3,2,4096,40,'2018-02-12 17:13:02','2018-02-12 19:06:57'),(153,'192.168.0.200','playerVirtual14_4246147567','playerVirtual14','192.168.0.200','playerVirtual18','playerVirtual18_83648fa898',3,2,4096,40,'2018-02-12 17:14:18','2018-02-12 17:26:01'),(154,'192.168.0.200','playerVirtual8_4246147567','playerVirtual8','192.168.0.200','playerVirtual14','playerVirtual14_efb397dd00',3,2,4096,40,'2018-02-12 17:14:40','2018-02-12 17:53:48'),(155,'192.168.0.200','playerVirtual15_4246147567','playerVirtual15','192.168.0.200','playerVirtual6','playerVirtual6_47b40ae69d',3,2,4096,40,'2018-02-12 17:16:58','2018-02-12 18:35:39'),(156,'192.168.0.200','playerVirtual18_4246147567','playerVirtual18','192.168.0.200','playerVirtual10','playerVirtual10_3a1a0da341',3,2,4096,40,'2018-02-12 17:20:06','2018-02-12 18:45:24'),(157,'192.168.0.200','playerVirtual16_4246147567','playerVirtual16','192.168.0.200','playerVirtual7','playerVirtual7_175e96f601',3,2,4096,40,'2018-02-12 17:20:55','2018-02-12 18:10:47'),(158,'192.168.0.200','playerVirtual10_4246147567','playerVirtual10','192.168.0.200','playerVirtual11','playerVirtual11_3310f8b644',3,2,4096,40,'2018-02-12 17:25:18','2018-02-12 18:57:02'),(159,'192.168.0.200','playerVirtual9_4246147567','playerVirtual9','192.168.0.200','playerVirtual8','playerVirtual8_c4f73e9c85',3,2,4096,40,'2018-02-12 17:30:21','2018-02-12 18:46:36'),(160,'192.168.0.200','playerVirtual7_4246147567','playerVirtual7','192.168.0.200','playerVirtual5','playerVirtual5_9627785b63',3,2,4096,40,'2018-02-12 17:30:26','2018-02-12 19:03:13'),(161,'192.168.0.200','playerVirtual17_4246147567','playerVirtual17','192.168.0.200','playerVirtual16','playerVirtual16_9cfea4b28a',3,2,4096,40,'2018-02-12 17:37:47','2018-02-12 18:41:54'),(162,'192.168.0.200','playerVirtual12_4820318661','playerVirtual12','192.168.0.200','playerVirtual16','playerVirtual16_e1d68c7734',1,2,4096,40,'2018-02-12 17:37:57',NULL),(163,'192.168.0.200','playerVirtual6_2378747961','playerVirtual6','192.168.0.200','playerVirtual9','playerVirtual9_c3473e4162',1,1,512,1,'2018-02-12 17:39:07',NULL),(164,'192.168.0.200','playerVirtual13_4246147567','playerVirtual13','192.168.0.200','playerVirtual12','playerVirtual12_46d22f3220',3,2,4096,40,'2018-02-12 17:40:42','2018-02-12 17:59:57'),(165,'192.168.0.200','playerVirtual4_4246147567','playerVirtual4','192.168.0.200','playerVirtual13','playerVirtual13_fdf3a09d61',3,2,4096,40,'2018-02-12 17:40:43','2018-02-12 18:31:14'),(166,'192.168.0.200','playerVirtual5_4246147567','playerVirtual5','192.168.0.200','playerVirtual17','playerVirtual17_9e9117a0c1',3,2,4096,40,'2018-02-12 17:49:09','2018-02-12 19:06:57'),(167,'192.168.0.200','playerVirtual8_4246147567','playerVirtual8','192.168.0.200','playerVirtual19','playerVirtual19_1b91359987',3,2,4096,40,'2018-02-12 17:49:33','2018-02-12 17:53:48'),(168,'192.168.0.200','playerVirtual19_2148750930','playerVirtual19','192.168.0.200','playerVirtual4','playerVirtual4_2cedb73fce',1,1,2048,20,'2018-02-12 17:49:34',NULL),(169,'192.168.0.200','playerVirtual14_904011','playerVirtual14','192.168.0.200','playerVirtual15','playerVirtual15_1a27c34836',1,1,2048,20,'2018-02-12 17:50:02',NULL),(170,'192.168.0.200','playerVirtual15_4246147567','playerVirtual15','192.168.0.200','playerVirtual18','playerVirtual18_8b3e5a22dc',3,2,4096,40,'2018-02-12 17:52:04','2018-02-12 18:35:39'),(171,'192.168.0.200','playerVirtual11_4246147567','playerVirtual11','192.168.0.200','playerVirtual14','playerVirtual14_1f00e87401',3,2,4096,40,'2018-02-12 17:53:12','2018-02-12 18:52:17'),(172,'192.168.0.200','playerVirtual18_4246147567','playerVirtual18','192.168.0.200','playerVirtual6','playerVirtual6_c363a50387',3,2,4096,40,'2018-02-12 17:56:22','2018-02-12 18:45:24'),(173,'192.168.0.200','playerVirtual16_4246147567','playerVirtual16','192.168.0.200','playerVirtual10','playerVirtual10_389d2459b8',3,2,4096,40,'2018-02-12 17:57:47','2018-02-12 18:10:47'),(174,'192.168.0.200','playerVirtual6_4246147567','playerVirtual6','192.168.0.200','playerVirtual7','playerVirtual7_1d1872b94b',3,2,4096,40,'2018-02-12 18:01:09','2018-02-12 18:58:25'),(175,'192.168.0.200','playerVirtual10_4246147567','playerVirtual10','192.168.0.200','playerVirtual11','playerVirtual11_4d67df75ac',3,2,4096,40,'2018-02-12 18:02:41','2018-02-12 18:57:02'),(176,'192.168.0.200','playerVirtual14_990694203','playerVirtual14','192.168.0.200','playerVirtual8','playerVirtual8_0f8f628951',3,1,2048,20,'2018-02-12 18:05:05','2018-02-12 18:30:07'),(177,'192.168.0.200','playerVirtual12_16917741','playerVirtual12','192.168.0.200','playerVirtual5','playerVirtual5_fa80eb8319',1,1,512,1,'2018-02-12 18:07:04',NULL),(178,'192.168.0.200','playerVirtual7_4246147567','playerVirtual7','192.168.0.200','playerVirtual16','playerVirtual16_723623bd1e',3,2,4096,40,'2018-02-12 18:08:15','2018-02-12 19:03:13'),(179,'192.168.0.200','playerVirtual19_4246147567','playerVirtual19','192.168.0.200','playerVirtual9','playerVirtual9_f58f781584',3,2,4096,40,'2018-02-12 18:10:51','2018-02-12 18:28:47'),(180,'192.168.0.200','playerVirtual17_4246147567','playerVirtual17','192.168.0.200','playerVirtual12','playerVirtual12_f4b18ac245',3,2,4096,40,'2018-02-12 18:16:42','2018-02-12 18:41:54'),(181,'192.168.0.200','playerVirtual12_5297461910','playerVirtual12','192.168.0.200','playerVirtual13','playerVirtual13_430bd75fec',1,1,512,1,'2018-02-12 18:18:40',NULL),(182,'192.168.0.200','playerVirtual4_4246147567','playerVirtual4','192.168.0.200','playerVirtual17','playerVirtual17_a189b60e6b',3,2,4096,40,'2018-02-12 18:19:11','2018-02-12 18:31:14'),(183,'192.168.0.200','playerVirtual9_4246147567','playerVirtual9','192.168.0.200','playerVirtual19','playerVirtual19_1991b098cd',3,2,4096,40,'2018-02-12 18:21:03','2018-02-12 18:46:36'),(184,'192.168.0.200','playerVirtual8_794070039','playerVirtual8','192.168.0.200','playerVirtual4','playerVirtual4_cee9e32ded',1,1,512,1,'2018-02-12 18:28:06',NULL),(185,'192.168.0.200','playerVirtual15_4246147567','playerVirtual15','192.168.0.200','playerVirtual18','playerVirtual18_cec53a6eb4',3,2,4096,40,'2018-02-12 18:30:55','2018-02-12 18:35:39'),(186,'192.168.0.200','playerVirtual11_4246147567','playerVirtual11','192.168.0.200','playerVirtual15','playerVirtual15_d1ccdc039e',3,2,4096,40,'2018-02-12 18:33:13','2018-02-12 18:52:17'),(187,'192.168.0.200','playerVirtual18_4246147567','playerVirtual18','192.168.0.200','playerVirtual14','playerVirtual14_991046137c',3,2,4096,40,'2018-02-12 18:35:44','2018-02-12 18:45:24'),(188,'192.168.0.200','playerVirtual8_4246147567','playerVirtual8','192.168.0.200','playerVirtual6','playerVirtual6_b4e0d1125e',1,2,4096,40,'2018-02-12 18:36:51',NULL),(189,'192.168.0.200','playerVirtual16_990694203','playerVirtual16','192.168.0.200','playerVirtual10','playerVirtual10_dbc1c6d0f1',3,1,2048,20,'2018-02-12 18:37:30','2018-02-12 18:51:37'),(190,'192.168.0.200','playerVirtual6_4246147567','playerVirtual6','192.168.0.200','playerVirtual7','playerVirtual7_b2695010ac',3,2,4096,40,'2018-02-12 18:41:50','2018-02-12 18:58:25'),(191,'192.168.0.200','playerVirtual10_4246147567','playerVirtual10','192.168.0.200','playerVirtual11','playerVirtual11_20858a1a82',3,2,4096,40,'2018-02-12 18:43:07','2018-02-12 18:57:02'),(192,'192.168.0.200','playerVirtual5_4246147567','playerVirtual5','192.168.0.200','playerVirtual8','playerVirtual8_88b0246a70',3,2,4096,40,'2018-02-12 18:46:45','2018-02-12 19:06:57'),(193,'192.168.0.200','playerVirtual12_4246147567','playerVirtual12','192.168.0.200','playerVirtual5','playerVirtual5_1159d0a62f',3,2,4096,40,'2018-02-12 18:49:05','2018-02-12 19:00:35'),(194,'192.168.0.200','playerVirtual7_4246147567','playerVirtual7','192.168.0.200','playerVirtual16','playerVirtual16_8230a5bb2b',3,2,4096,40,'2018-02-12 18:49:36','2018-02-12 19:03:13'),(195,'192.168.0.200','playerVirtual19_4246147567','playerVirtual19','192.168.0.200','playerVirtual9','playerVirtual9_c0aa5777d4',1,2,4096,40,'2018-02-12 18:52:39',NULL),(196,'192.168.0.200','playerVirtual17_6390664602','playerVirtual17','192.168.0.200','playerVirtual12','playerVirtual12_d5e228740a',1,1,512,1,'2018-02-12 18:59:16',NULL),(197,'192.168.0.200','playerVirtual4_359920779','playerVirtual4','192.168.0.200','playerVirtual13','playerVirtual13_8e429720c6',1,1,512,1,'2018-02-12 19:01:19',NULL),(198,'192.168.0.200','playerVirtual13_4246147567','playerVirtual13','192.168.0.200','playerVirtual17','playerVirtual17_7b74164a1b',1,2,4096,40,'2018-02-12 19:01:39',NULL),(199,'192.168.0.200','playerVirtual9_6391374318','playerVirtual9','192.168.0.200','playerVirtual19','playerVirtual19_36d4776dcf',1,1,512,1,'2018-02-12 19:03:49',NULL);
/*!40000 ALTER TABLE `VM` ENABLE KEYS */;
UNLOCK TABLES;
/*!40103 SET TIME_ZONE=@OLD_TIME_ZONE */;

/*!40101 SET SQL_MODE=@OLD_SQL_MODE */;
/*!40014 SET FOREIGN_KEY_CHECKS=@OLD_FOREIGN_KEY_CHECKS */;
/*!40014 SET UNIQUE_CHECKS=@OLD_UNIQUE_CHECKS */;
/*!40101 SET CHARACTER_SET_CLIENT=@OLD_CHARACTER_SET_CLIENT */;
/*!40101 SET CHARACTER_SET_RESULTS=@OLD_CHARACTER_SET_RESULTS */;
/*!40101 SET COLLATION_CONNECTION=@OLD_COLLATION_CONNECTION */;
/*!40111 SET SQL_NOTES=@OLD_SQL_NOTES */;

-- Dump completed on 2018-02-12 17:08:52
