-- MySQL dump 10.14  Distrib 5.5.58-MariaDB, for debian-linux-gnu (x86_64)
--
-- Host: localhost    Database: mct
-- ------------------------------------------------------
-- Server version	5.5.58-MariaDB-1ubuntu0.14.04.1

/*!40101 SET @OLD_CHARACTER_SET_CLIENT=@@CHARACTER_SET_CLIENT */;
/*!40101 SET @OLD_CHARACTER_SET_RESULTS=@@CHARACTER_SET_RESULTS */;
/*!40101 SET @OLD_COLLATION_CONNECTION=@@COLLATION_CONNECTION */;
/*!40101 SET NAMES utf8 */;
/*!40103 SET @OLD_TIME_ZONE=@@TIME_ZONE */;
/*!40103 SET TIME_ZONE='+00:00' */;
/*!40014 SET @OLD_UNIQUE_CHECKS=@@UNIQUE_CHECKS, UNIQUE_CHECKS=0 */;
/*!40014 SET @OLD_FOREIGN_KEY_CHECKS=@@FOREIGN_KEY_CHECKS, FOREIGN_KEY_CHECKS=0 */;
/*!40101 SET @OLD_SQL_MODE=@@SQL_MODE, SQL_MODE='NO_AUTO_VALUE_ON_ZERO' */;
/*!40111 SET @OLD_SQL_NOTES=@@SQL_NOTES, SQL_NOTES=0 */;

--
-- Table structure for table `FIELDS`
--

DROP TABLE IF EXISTS `FIELDS`;
/*!40101 SET @saved_cs_client     = @@character_set_client */;
/*!40101 SET character_set_client = utf8 */;
CREATE TABLE `FIELDS` (
  `operation` int(11) NOT NULL,
  `fields` varchar(45) NOT NULL,
  PRIMARY KEY (`operation`)
) ENGINE=InnoDB DEFAULT CHARSET=utf8;
/*!40101 SET character_set_client = @saved_cs_client */;

--
-- Dumping data for table `FIELDS`
--

LOCK TABLES `FIELDS` WRITE;
/*!40000 ALTER TABLE `FIELDS` DISABLE KEYS */;
INSERT INTO `FIELDS` VALUES (0,'name mem image vcpus disk uuid');
/*!40000 ALTER TABLE `FIELDS` ENABLE KEYS */;
UNLOCK TABLES;

--
-- Table structure for table `PLAYER`
--

DROP TABLE IF EXISTS `PLAYER`;
/*!40101 SET @saved_cs_client     = @@character_set_client */;
/*!40101 SET character_set_client = utf8 */;
CREATE TABLE `PLAYER` (
  `id` int(11) NOT NULL AUTO_INCREMENT,
  `name` varchar(45) NOT NULL,
  `address` varchar(45) NOT NULL,
  `division` int(11) DEFAULT NULL,
  `score` float DEFAULT '0',
  `history` int(11) DEFAULT '0',
  `fairness` float DEFAULT '0',
  `accepts` int(11) DEFAULT '0',
  `rejects` int(11) DEFAULT '0',
  `running` int(11) DEFAULT '0',
  `finished` int(11) DEFAULT '0',
  `problem_del` int(11) DEFAULT '0',
  `vcpus` int(11) DEFAULT '0',
  `memory` bigint(20) DEFAULT '0',
  `local_gb` bigint(20) DEFAULT '0',
  `vcpus_used` bigint(20) DEFAULT '0',
  `memory_used` bigint(20) DEFAULT '0',
  `local_gb_used` bigint(20) DEFAULT '0',
  `max_instance` int(11) DEFAULT '0',
  `token` varchar(45) DEFAULT NULL,
  `suspend` timestamp NULL DEFAULT NULL,
  `enabled` int(11) DEFAULT '0',
  `last_choice` timestamp NOT NULL DEFAULT '2018-01-01 02:00:00',
  `playoff` tinyint(1) DEFAULT '0',
  PRIMARY KEY (`id`)
) ENGINE=InnoDB AUTO_INCREMENT=21 DEFAULT CHARSET=utf8;
/*!40101 SET character_set_client = @saved_cs_client */;

--
-- Dumping data for table `PLAYER`
--

LOCK TABLES `PLAYER` WRITE;
/*!40000 ALTER TABLE `PLAYER` DISABLE KEYS */;
INSERT INTO `PLAYER` VALUES (1,'playerVirtual1','192.168.0.200',4,-0.34,0,1,4,2,1,3,0,1023,1047552,10230,1,2048,20,99,'2f5fb68d7e03df0c4773c5ee15ae66905ce0c484',NULL,0,'2018-02-16 18:34:28',1),(2,'playerVirtual11','192.168.0.200',4,-2,0,1,1,2,1,0,0,1023,1047552,10230,1,2048,20,99,'02a874fd524ad1751e1934058721a43b007f683c',NULL,0,'2018-02-16 18:04:06',1),(3,'playerVirtual4','192.168.0.200',4,-3,0,1,0,3,0,0,0,1023,1047552,10230,0,0,0,99,'d02df40b7894358b55e2206bbae1586c636b7678',NULL,0,'2018-02-16 18:06:20',1),(4,'playerVirtual8','192.168.0.200',4,-1.34,0,0.142857,3,4,3,0,0,1023,1047552,10230,3,3072,22,99,'388c57f05c942af0ac81cbba0eac55aaa15ba95f',NULL,0,'2018-02-16 18:56:23',1),(5,'playerVirtual2','192.168.0.200',2,3.29,26,0.909091,7,6,4,3,0,1023,1047552,10230,6,10752,101,99,'e69fdbcfbe73f13adb6093c3de88e77a221808aa',NULL,1,'2018-02-16 22:01:31',1),(6,'playerVirtual13','192.168.0.200',4,-1.35,0,0.8,4,5,0,4,0,1023,1047552,10230,0,0,0,99,'37e41830f632a3142ab0d3ce2d2cd57bd98cbd47',NULL,0,'2018-02-16 20:49:06',1),(7,'playerVirtual3','192.168.0.200',4,-3,0,1,0,3,0,0,0,1023,1047552,10230,0,0,0,99,'25493c1479c09f2472b7887ad52a0e3493387055',NULL,0,'2018-02-16 18:06:39',1),(8,'playerVirtual6','192.168.0.200',2,5.95,49,0.416667,6,5,3,3,0,1023,1047552,10230,5,10240,100,99,'5d47054160f2dc5e0c917ff038d9bb66049f9c39',NULL,1,'2018-02-16 21:19:40',0),(9,'playerVirtual15','192.168.0.200',1,8.95,39,0.666667,10,0,2,8,0,1023,1047552,10230,3,6144,60,99,'a39158fa8678bf4d1e0a27840fc9e9da5d0c4582',NULL,1,'2018-02-16 21:23:49',0),(10,'playerVirtual17','192.168.0.200',1,9.96,49,0.7,11,0,4,7,0,1023,1047552,10230,5,5632,43,99,'bb0d0886895b94bea8f59a9ddc32616458799be0',NULL,1,'2018-02-16 22:05:55',0),(11,'playerVirtual19','192.168.0.200',1,10.62,49,0.666667,10,0,6,4,0,1023,1047552,10230,7,11264,102,99,'21b75a040b255515b0221a02574dc0447a9a930e',NULL,1,'2018-02-16 21:20:41',0),(12,'playerVirtual5','192.168.0.200',4,-5,0,1,4,4,1,3,0,1023,1047552,10230,1,2048,20,99,'c491ce1591f8842c6dfc1d7d8e502199f3d8df7d',NULL,0,'2018-02-16 19:39:36',1),(13,'playerVirtual9','192.168.0.200',4,-1.67,0,1,3,3,2,1,0,1023,1047552,10230,2,4096,40,99,'49c4b03634974b48e8b174414d538a691d5101a9',NULL,0,'2018-02-16 18:45:58',1),(14,'playerVirtual7','192.168.0.200',4,-2,0,1,0,2,0,0,0,1023,1047552,10230,0,0,0,99,'bdd3622161c961daa56d2f289e4bcab83a9a34e4',NULL,0,'2018-02-16 18:04:03',1),(15,'playerVirtual14','192.168.0.200',1,9.62,49,0.4,11,0,5,6,0,1023,1047552,10230,7,12800,121,99,'94b0a8f1e216b86a740f8c835420552acc1d5420',NULL,1,'2018-02-16 21:53:55',0),(16,'playerVirtual12','192.168.0.200',4,-1.68,0,0,5,4,3,2,0,1023,1047552,10230,3,4608,41,99,'8acd9ca16d1ec97961b722881bd0b8075dc0ed57',NULL,0,'2018-02-16 20:02:50',1),(17,'playerVirtual0','192.168.0.200',4,-2,0,1,0,2,0,0,0,1023,1047552,10230,0,0,0,99,'fb4c262178d1c6369ea0c87e5849dd57faea3298',NULL,0,'2018-02-16 18:04:03',1),(18,'playerVirtual16','192.168.0.200',1,12.61,49,1,10,0,5,5,0,1023,1047552,10230,8,16384,160,99,'8b166d04e3a5e34eaedae0a3266303b4d89cb174',NULL,1,'2018-02-16 21:37:25',0),(19,'playerVirtual18','192.168.0.200',2,6.97,49,0.6,11,0,5,6,0,1023,1047552,10230,5,7168,62,99,'769accd099647c3229b55ccddbfe30cc7584f662',NULL,1,'2018-02-16 21:39:35',0),(20,'playerVirtual10','192.168.0.200',2,4.97,49,0.5,6,3,2,4,0,1023,1047552,10230,2,2560,21,99,'4831e20903448d73dc6ffa8855d0f85cae3d56b8',NULL,1,'2018-02-16 21:18:26',0);
/*!40000 ALTER TABLE `PLAYER` ENABLE KEYS */;
UNLOCK TABLES;

--
-- Table structure for table `REQUEST`
--

DROP TABLE IF EXISTS `REQUEST`;
/*!40101 SET @saved_cs_client     = @@character_set_client */;
/*!40101 SET character_set_client = utf8 */;
CREATE TABLE `REQUEST` (
  `id` int(11) NOT NULL AUTO_INCREMENT,
  `player_id` varchar(45) NOT NULL,
  `request_id` varchar(45) NOT NULL,
  `action` int(11) NOT NULL,
  `timestamp_received` timestamp NULL DEFAULT NULL,
  `timestamp_finished` timestamp NULL DEFAULT NULL,
  `status` int(11) NOT NULL,
  PRIMARY KEY (`id`)
) ENGINE=InnoDB AUTO_INCREMENT=675 DEFAULT CHARSET=utf8;
/*!40101 SET character_set_client = @saved_cs_client */;

--
-- Dumping data for table `REQUEST`
--

LOCK TABLES `REQUEST` WRITE;
/*!40000 ALTER TABLE `REQUEST` DISABLE KEYS */;
INSERT INTO `REQUEST` VALUES (1,'playerVirtual1','playerVirtual1_5c245019f0',4,'2018-02-16 17:58:23',NULL,0),(2,'playerVirtual11','playerVirtual11_5c245019f0',4,'2018-02-16 17:58:23',NULL,0),(3,'playerVirtual4','playerVirtual4_4be1cbe287',4,'2018-02-16 17:58:24',NULL,0),(4,'playerVirtual8','playerVirtual8_be238624e7',4,'2018-02-16 17:58:25',NULL,0),(5,'playerVirtual2','playerVirtual2_1f3f7cc32d',4,'2018-02-16 17:58:26',NULL,0),(6,'playerVirtual13','playerVirtual13_8ecff42a9a',4,'2018-02-16 17:58:26',NULL,0),(7,'playerVirtual3','playerVirtual3_5283eb25a0',4,'2018-02-16 17:58:26',NULL,0),(8,'playerVirtual6','playerVirtual6_ef835199fb',4,'2018-02-16 17:58:26',NULL,0),(9,'playerVirtual15','playerVirtual15_9f8756a5f6',4,'2018-02-16 17:58:27',NULL,0),(10,'playerVirtual19','playerVirtual19_9ed10152c0',4,'2018-02-16 17:58:27',NULL,0),(11,'playerVirtual17','playerVirtual17_e0570f012e',4,'2018-02-16 17:58:27',NULL,0),(12,'playerVirtual5','playerVirtual5_1bc9221205',4,'2018-02-16 17:58:28',NULL,0),(13,'playerVirtual9','playerVirtual9_77c1292fbf',4,'2018-02-16 17:58:28',NULL,0),(14,'playerVirtual7','playerVirtual7_69c92b1c91',4,'2018-02-16 17:58:29',NULL,0),(15,'playerVirtual14','playerVirtual14_0ee17df59c',4,'2018-02-16 17:58:29',NULL,0),(16,'playerVirtual12','playerVirtual12_5ac9744faa',4,'2018-02-16 17:58:29',NULL,0),(17,'playerVirtual0','playerVirtual0_4fc1ac7b6e',4,'2018-02-16 17:58:29',NULL,0),(18,'playerVirtual16','playerVirtual16_2c1d37ab56',4,'2018-02-16 17:58:29',NULL,0),(19,'playerVirtual18','playerVirtual18_ecafbe11ff',4,'2018-02-16 17:58:30',NULL,0),(20,'playerVirtual10','playerVirtual10_b1ea0ac0e7',4,'2018-02-16 17:58:30',NULL,0),(21,'playerVirtual1','playerVirtual1_450512000',0,'2018-02-16 17:59:24',NULL,0),(22,'playerVirtual1','playerVirtual1_450512000',0,'2018-02-16 17:59:24',NULL,0),(23,'playerVirtual11','playerVirtual11_1438244924',0,'2018-02-16 17:59:26',NULL,0),(24,'playerVirtual11','playerVirtual11_1438244924',0,'2018-02-16 17:59:27',NULL,0),(25,'playerVirtual4','playerVirtual4_640692267',0,'2018-02-16 17:59:29',NULL,0),(26,'playerVirtual4','playerVirtual4_640692267',0,'2018-02-16 17:59:30',NULL,0),(27,'playerVirtual8','playerVirtual8_2381571381',0,'2018-02-16 17:59:32',NULL,0),(28,'playerVirtual8','playerVirtual8_2381571381',0,'2018-02-16 17:59:32',NULL,0),(29,'playerVirtual2','playerVirtual2_5297461910',0,'2018-02-16 17:59:34',NULL,0),(30,'playerVirtual2','playerVirtual2_5297461910',0,'2018-02-16 17:59:34',NULL,0),(31,'playerVirtual13','playerVirtual13_2790332778',0,'2018-02-16 17:59:37',NULL,0),(32,'playerVirtual13','playerVirtual13_2790332778',0,'2018-02-16 17:59:37',NULL,0),(33,'playerVirtual3','playerVirtual3_369721705',0,'2018-02-16 17:59:38',NULL,0),(34,'playerVirtual6','playerVirtual6_317469422',0,'2018-02-16 17:59:39',NULL,0),(35,'playerVirtual3','playerVirtual3_369721705',0,'2018-02-16 17:59:39',NULL,0),(36,'playerVirtual15','playerVirtual15_6955737',0,'2018-02-16 17:59:39',NULL,0),(37,'playerVirtual6','playerVirtual6_317469422',0,'2018-02-16 17:59:39',NULL,0),(38,'playerVirtual15','playerVirtual15_6955737',0,'2018-02-16 17:59:39',NULL,0),(39,'playerVirtual19','playerVirtual19_257338104',0,'2018-02-16 17:59:40',NULL,0),(40,'playerVirtual17','playerVirtual17_3584940347',0,'2018-02-16 17:59:40',NULL,0),(41,'playerVirtual19','playerVirtual19_257338104',0,'2018-02-16 17:59:40',NULL,0),(42,'playerVirtual5','playerVirtual5_2433236783',0,'2018-02-16 17:59:40',NULL,0),(43,'playerVirtual17','playerVirtual17_3584940347',0,'2018-02-16 17:59:41',NULL,0),(44,'playerVirtual5','playerVirtual5_2433236783',0,'2018-02-16 17:59:41',NULL,0),(45,'playerVirtual9','playerVirtual9_3338579772',0,'2018-02-16 17:59:41',NULL,0),(46,'playerVirtual7','playerVirtual7_257407216',0,'2018-02-16 17:59:42',NULL,0),(47,'playerVirtual9','playerVirtual9_3338579772',0,'2018-02-16 17:59:42',NULL,0),(48,'playerVirtual7','playerVirtual7_257407216',0,'2018-02-16 17:59:42',NULL,0),(49,'playerVirtual14','playerVirtual14_182859403',0,'2018-02-16 17:59:49',NULL,0),(50,'playerVirtual14','playerVirtual14_182859403',0,'2018-02-16 17:59:49',NULL,0),(51,'playerVirtual12','playerVirtual12_2359368952',0,'2018-02-16 17:59:52',NULL,0),(52,'playerVirtual12','playerVirtual12_2359368952',0,'2018-02-16 17:59:52',NULL,0),(53,'playerVirtual0','playerVirtual0_16917741',0,'2018-02-16 17:59:56',NULL,0),(54,'playerVirtual0','playerVirtual0_16917741',0,'2018-02-16 17:59:57',NULL,0),(55,'playerVirtual16','playerVirtual16_2545640208',0,'2018-02-16 18:00:04',NULL,0),(56,'playerVirtual16','playerVirtual16_2545640208',0,'2018-02-16 18:00:04',NULL,0),(57,'playerVirtual18','playerVirtual18_908315',0,'2018-02-16 18:00:05',NULL,0),(58,'playerVirtual18','playerVirtual18_908315',0,'2018-02-16 18:00:06',NULL,0),(59,'playerVirtual10','playerVirtual10_539194189',0,'2018-02-16 18:00:14',NULL,0),(60,'playerVirtual10','playerVirtual10_539194189',0,'2018-02-16 18:00:14',NULL,0),(61,'playerVirtual1','playerVirtual1_e887aad2b5',3,'2018-02-16 18:00:24',NULL,0),(62,'playerVirtual11','playerVirtual11_394aa2a64c',3,'2018-02-16 18:00:26',NULL,0),(63,'playerVirtual4','playerVirtual4_357edc9f86',3,'2018-02-16 18:00:29',NULL,0),(64,'playerVirtual8','playerVirtual8_c51e08004b',3,'2018-02-16 18:00:32',NULL,0),(65,'playerVirtual2','playerVirtual2_255a226d25',3,'2018-02-16 18:00:34',NULL,0),(66,'playerVirtual13','playerVirtual13_cf23b16e4e',3,'2018-02-16 18:00:37',NULL,0),(67,'playerVirtual3','playerVirtual3_85e7be2df1',3,'2018-02-16 18:00:39',NULL,0),(68,'playerVirtual6','playerVirtual6_551976a349',3,'2018-02-16 18:00:39',NULL,0),(69,'playerVirtual15','playerVirtual15_221e729cb5',3,'2018-02-16 18:00:39',NULL,0),(70,'playerVirtual19','playerVirtual19_e9ba1fbe92',3,'2018-02-16 18:00:40',NULL,0),(71,'playerVirtual17','playerVirtual17_e17bd1f9d2',3,'2018-02-16 18:00:40',NULL,0),(72,'playerVirtual5','playerVirtual5_4188541791',3,'2018-02-16 18:00:40',NULL,0),(73,'playerVirtual9','playerVirtual9_590527f54e',3,'2018-02-16 18:00:42',NULL,0),(74,'playerVirtual7','playerVirtual7_bfe86b7dc8',3,'2018-02-16 18:00:42',NULL,0),(75,'playerVirtual14','playerVirtual14_62cf5cafa6',3,'2018-02-16 18:00:49',NULL,0),(76,'playerVirtual12','playerVirtual12_6ed35c8395',3,'2018-02-16 18:00:52',NULL,0),(77,'playerVirtual0','playerVirtual0_c4155ac09c',3,'2018-02-16 18:00:57',NULL,0),(78,'playerVirtual16','playerVirtual16_938a6cbcdb',3,'2018-02-16 18:01:04',NULL,0),(79,'playerVirtual18','playerVirtual18_d970e8279d',3,'2018-02-16 18:01:05',NULL,0),(80,'playerVirtual10','playerVirtual10_c65b9d73f2',3,'2018-02-16 18:01:14',NULL,0),(81,'playerVirtual1','playerVirtual1_4820204870',0,'2018-02-16 18:02:50',NULL,0),(82,'playerVirtual1','playerVirtual1_4820204870',0,'2018-02-16 18:02:51',NULL,0),(83,'playerVirtual11','playerVirtual11_8058564',0,'2018-02-16 18:03:40',NULL,0),(84,'playerVirtual11','playerVirtual11_8058564',0,'2018-02-16 18:03:40',NULL,0),(85,'playerVirtual4','playerVirtual4_1429160667',0,'2018-02-16 18:03:41',NULL,0),(86,'playerVirtual4','playerVirtual4_1429160667',0,'2018-02-16 18:03:41',NULL,0),(87,'playerVirtual8','playerVirtual8_3338010893',0,'2018-02-16 18:03:44',NULL,0),(88,'playerVirtual8','playerVirtual8_3338010893',0,'2018-02-16 18:03:44',NULL,0),(89,'playerVirtual2','playerVirtual2_82730999',0,'2018-02-16 18:03:48',NULL,0),(90,'playerVirtual2','playerVirtual2_82730999',0,'2018-02-16 18:03:49',NULL,0),(91,'playerVirtual1','playerVirtual1_e2850e4dec',4,'2018-02-16 18:03:50',NULL,0),(92,'playerVirtual13','playerVirtual13_351652724',0,'2018-02-16 18:03:51',NULL,0),(93,'playerVirtual13','playerVirtual13_351652724',0,'2018-02-16 18:03:51',NULL,0),(94,'playerVirtual3','playerVirtual3_6571218',0,'2018-02-16 18:03:51',NULL,0),(95,'playerVirtual3','playerVirtual3_6571218',0,'2018-02-16 18:03:51',NULL,0),(96,'playerVirtual6','playerVirtual6_778566023',0,'2018-02-16 18:03:53',NULL,0),(97,'playerVirtual6','playerVirtual6_778566023',0,'2018-02-16 18:03:53',NULL,0),(98,'playerVirtual15','playerVirtual15_1436344784',0,'2018-02-16 18:03:57',NULL,0),(99,'playerVirtual15','playerVirtual15_1436344784',0,'2018-02-16 18:03:58',NULL,0),(100,'playerVirtual19','playerVirtual19_1339662',0,'2018-02-16 18:03:59',NULL,0),(101,'playerVirtual17','playerVirtual17_317497342',0,'2018-02-16 18:04:02',NULL,0),(102,'playerVirtual5','playerVirtual5_284794223',0,'2018-02-16 18:04:02',NULL,0),(103,'playerVirtual9','playerVirtual9_359920779',0,'2018-02-16 18:04:03',NULL,0),(104,'playerVirtual19','playerVirtual19_1339662',0,'2018-02-16 18:04:03',NULL,0),(105,'playerVirtual7','playerVirtual7_904011',0,'2018-02-16 18:04:03',NULL,0),(106,'playerVirtual14','playerVirtual14_2904109077',0,'2018-02-16 18:04:03',NULL,0),(107,'playerVirtual12','playerVirtual12_257338074',0,'2018-02-16 18:04:03',NULL,0),(108,'playerVirtual17','playerVirtual17_317497342',0,'2018-02-16 18:04:03',NULL,0),(109,'playerVirtual0','playerVirtual0_905614',0,'2018-02-16 18:04:04',NULL,0),(110,'playerVirtual5','playerVirtual5_284794223',0,'2018-02-16 18:04:04',NULL,0),(111,'playerVirtual16','playerVirtual16_1093460',0,'2018-02-16 18:04:04',NULL,0),(112,'playerVirtual9','playerVirtual9_359920779',0,'2018-02-16 18:04:04',NULL,0),(113,'playerVirtual7','playerVirtual7_904011',0,'2018-02-16 18:04:04',NULL,0),(114,'playerVirtual14','playerVirtual14_2904109077',0,'2018-02-16 18:04:04',NULL,0),(115,'playerVirtual12','playerVirtual12_257338074',0,'2018-02-16 18:04:05',NULL,0),(116,'playerVirtual18','playerVirtual18_6569547',0,'2018-02-16 18:04:05',NULL,0),(117,'playerVirtual0','playerVirtual0_905614',0,'2018-02-16 18:04:05',NULL,0),(118,'playerVirtual16','playerVirtual16_1093460',0,'2018-02-16 18:04:05',NULL,0),(119,'playerVirtual18','playerVirtual18_6569547',0,'2018-02-16 18:04:05',NULL,0),(120,'playerVirtual10','playerVirtual10_470485660',0,'2018-02-16 18:04:06',NULL,0),(121,'playerVirtual10','playerVirtual10_470485660',0,'2018-02-16 18:04:06',NULL,0),(122,'playerVirtual11','playerVirtual11_a8e1adcd52',4,'2018-02-16 18:04:40',NULL,0),(123,'playerVirtual4','playerVirtual4_b13bbd5a55',4,'2018-02-16 18:04:41',NULL,0),(124,'playerVirtual8','playerVirtual8_f50120bece',4,'2018-02-16 18:04:44',NULL,0),(125,'playerVirtual2','playerVirtual2_ba818712dc',4,'2018-02-16 18:04:49',NULL,0),(126,'playerVirtual13','playerVirtual13_721b01e941',4,'2018-02-16 18:04:51',NULL,0),(127,'playerVirtual3','playerVirtual3_84c07c75e4',4,'2018-02-16 18:04:51',NULL,0),(128,'playerVirtual6','playerVirtual6_8f9501aad6',4,'2018-02-16 18:04:53',NULL,0),(129,'playerVirtual15','playerVirtual15_9ec7eaf616',4,'2018-02-16 18:04:58',NULL,0),(130,'playerVirtual19','playerVirtual19_6f29f84ee8',4,'2018-02-16 18:04:59',NULL,0),(131,'playerVirtual17','playerVirtual17_a783e3abe9',4,'2018-02-16 18:05:02',NULL,0),(132,'playerVirtual5','playerVirtual5_aa8d87aee1',4,'2018-02-16 18:05:02',NULL,0),(133,'playerVirtual9','playerVirtual9_ca7358907d',4,'2018-02-16 18:05:03',NULL,0),(134,'playerVirtual7','playerVirtual7_a905c3195d',4,'2018-02-16 18:05:04',NULL,0),(135,'playerVirtual14','playerVirtual14_d6a9362086',4,'2018-02-16 18:05:05',NULL,0),(136,'playerVirtual12','playerVirtual12_baf3b98809',4,'2018-02-16 18:05:05',NULL,0),(137,'playerVirtual0','playerVirtual0_d0cd1a2d09',4,'2018-02-16 18:05:06',NULL,0),(138,'playerVirtual16','playerVirtual16_81bfc20d1d',4,'2018-02-16 18:05:06',NULL,0),(139,'playerVirtual18','playerVirtual18_e4d1753a60',4,'2018-02-16 18:05:06',NULL,0),(140,'playerVirtual10','playerVirtual10_53141f2577',4,'2018-02-16 18:05:07',NULL,0),(141,'playerVirtual1','playerVirtual1_30788568',0,'2018-02-16 18:06:07',NULL,0),(142,'playerVirtual1','playerVirtual1_30788568',0,'2018-02-16 18:06:07',NULL,0),(143,'playerVirtual11','playerVirtual11_5792765',0,'2018-02-16 18:06:07',NULL,0),(144,'playerVirtual11','playerVirtual11_5792765',0,'2018-02-16 18:06:08',NULL,0),(145,'playerVirtual4','playerVirtual4_38671842',0,'2018-02-16 18:06:17',NULL,0),(146,'playerVirtual4','playerVirtual4_38671842',0,'2018-02-16 18:06:18',NULL,0),(147,'playerVirtual8','playerVirtual8_400453824',0,'2018-02-16 18:06:20',NULL,0),(148,'playerVirtual8','playerVirtual8_400453824',0,'2018-02-16 18:06:21',NULL,0),(149,'playerVirtual2','playerVirtual2_4820318661',0,'2018-02-16 18:06:30',NULL,0),(150,'playerVirtual2','playerVirtual2_4820318661',0,'2018-02-16 18:06:30',NULL,0),(151,'playerVirtual13','playerVirtual13_4819935267',0,'2018-02-16 18:06:34',NULL,0),(152,'playerVirtual13','playerVirtual13_4819935267',0,'2018-02-16 18:06:35',NULL,0),(153,'playerVirtual6','playerVirtual6_6264344062',0,'2018-02-16 18:06:39',NULL,0),(154,'playerVirtual3','playerVirtual3_4820217293',0,'2018-02-16 18:06:39',NULL,0),(155,'playerVirtual6','playerVirtual6_6264344062',0,'2018-02-16 18:06:39',NULL,0),(156,'playerVirtual3','playerVirtual3_4820217293',0,'2018-02-16 18:06:39',NULL,0),(157,'playerVirtual15','playerVirtual15_2378747961',0,'2018-02-16 18:06:49',NULL,0),(158,'playerVirtual15','playerVirtual15_2378747961',0,'2018-02-16 18:06:50',NULL,0),(159,'playerVirtual19','playerVirtual19_5068098508',0,'2018-02-16 18:06:54',NULL,0),(160,'playerVirtual19','playerVirtual19_5068098508',0,'2018-02-16 18:06:54',NULL,0),(161,'playerVirtual1','playerVirtual1_892ca8c982',3,'2018-02-16 18:07:09',NULL,0),(162,'playerVirtual8','playerVirtual8_0eacfc824a',3,'2018-02-16 18:07:20',NULL,0),(163,'playerVirtual2','playerVirtual2_eb4f4d8dbc',3,'2018-02-16 18:07:30',NULL,0),(164,'playerVirtual13','playerVirtual13_acc2cfdbbc',3,'2018-02-16 18:07:35',NULL,0),(165,'playerVirtual6','playerVirtual6_863fe6f46f',3,'2018-02-16 18:07:39',NULL,0),(166,'playerVirtual15','playerVirtual15_1f0ccd564a',3,'2018-02-16 18:07:49',NULL,0),(167,'playerVirtual19','playerVirtual19_b3931b805a',3,'2018-02-16 18:07:54',NULL,0),(168,'playerVirtual12','playerVirtual12_69d47cf397',3,'2018-02-16 18:08:05',NULL,0),(169,'playerVirtual17','playerVirtual17_227443932',0,'2018-02-16 18:08:11',NULL,0),(170,'playerVirtual5','playerVirtual5_1095593',0,'2018-02-16 18:08:11',NULL,0),(171,'playerVirtual17','playerVirtual17_227443932',0,'2018-02-16 18:08:11',NULL,0),(172,'playerVirtual5','playerVirtual5_1095593',0,'2018-02-16 18:08:11',NULL,0),(173,'playerVirtual9','playerVirtual9_2148750930',0,'2018-02-16 18:08:14',NULL,0),(174,'playerVirtual9','playerVirtual9_2148750930',0,'2018-02-16 18:08:15',NULL,0),(175,'playerVirtual14','playerVirtual14_765651',0,'2018-02-16 18:08:28',NULL,0),(176,'playerVirtual14','playerVirtual14_765651',0,'2018-02-16 18:08:29',NULL,0),(177,'playerVirtual16','playerVirtual16_5623125514',0,'2018-02-16 18:08:50',NULL,0),(178,'playerVirtual16','playerVirtual16_5623125514',0,'2018-02-16 18:08:50',NULL,0),(179,'playerVirtual18','playerVirtual18_284757920',0,'2018-02-16 18:08:52',NULL,0),(180,'playerVirtual18','playerVirtual18_284757920',0,'2018-02-16 18:08:52',NULL,0),(181,'playerVirtual10','playerVirtual10_272887063',0,'2018-02-16 18:09:02',NULL,0),(182,'playerVirtual10','playerVirtual10_272887063',0,'2018-02-16 18:09:03',NULL,0),(183,'playerVirtual17','playerVirtual17_6ea99ebb9c',3,'2018-02-16 18:09:11',NULL,0),(184,'playerVirtual5','playerVirtual5_aa28aea15f',3,'2018-02-16 18:09:12',NULL,0),(185,'playerVirtual9','playerVirtual9_32437a6b4f',3,'2018-02-16 18:09:15',NULL,0),(186,'playerVirtual14','playerVirtual14_f7a0d40c6d',3,'2018-02-16 18:09:29',NULL,0),(187,'playerVirtual16','playerVirtual16_369ceaa845',3,'2018-02-16 18:09:50',NULL,0),(188,'playerVirtual18','playerVirtual18_1951f1e984',3,'2018-02-16 18:09:52',NULL,0),(189,'playerVirtual10','playerVirtual10_d039046435',3,'2018-02-16 18:10:03',NULL,0),(190,'playerVirtual1','playerVirtual1_6274355716',0,'2018-02-16 18:11:42',NULL,0),(191,'playerVirtual1','playerVirtual1_6274355716',0,'2018-02-16 18:11:43',NULL,0),(192,'playerVirtual1','playerVirtual1_18ba11b266',4,'2018-02-16 18:12:43',NULL,0),(193,'playerVirtual14','playerVirtual14_0ab739bfda',4,'2018-02-16 18:13:11',NULL,0),(194,'playerVirtual8','playerVirtual8_4820204870',0,'2018-02-16 18:13:53',NULL,0),(195,'playerVirtual8','playerVirtual8_4820204870',0,'2018-02-16 18:13:53',NULL,0),(196,'playerVirtual12','playerVirtual12_6282149131',0,'2018-02-16 18:14:04',NULL,0),(197,'playerVirtual12','playerVirtual12_6282149131',0,'2018-02-16 18:14:04',NULL,0),(198,'playerVirtual2','playerVirtual2_990694203',0,'2018-02-16 18:14:14',NULL,0),(199,'playerVirtual2','playerVirtual2_990694203',0,'2018-02-16 18:14:15',NULL,0),(200,'playerVirtual13','playerVirtual13_990694203',0,'2018-02-16 18:14:30',NULL,0),(201,'playerVirtual13','playerVirtual13_990694203',0,'2018-02-16 18:14:30',NULL,0),(202,'playerVirtual6','playerVirtual6_6280638724',0,'2018-02-16 18:14:38',NULL,0),(203,'playerVirtual6','playerVirtual6_6280638724',0,'2018-02-16 18:14:38',NULL,0),(204,'playerVirtual15','playerVirtual15_4476462938',0,'2018-02-16 18:14:52',NULL,0),(205,'playerVirtual15','playerVirtual15_4476462938',0,'2018-02-16 18:14:52',NULL,0),(206,'playerVirtual8','playerVirtual8_761c3b38c4',4,'2018-02-16 18:14:53',NULL,0),(207,'playerVirtual19','playerVirtual19_272887063',0,'2018-02-16 18:15:00',NULL,0),(208,'playerVirtual19','playerVirtual19_272887063',0,'2018-02-16 18:15:00',NULL,0),(209,'playerVirtual17','playerVirtual17_2359368952',0,'2018-02-16 18:15:03',NULL,0),(210,'playerVirtual17','playerVirtual17_2359368952',0,'2018-02-16 18:15:04',NULL,0),(211,'playerVirtual12','playerVirtual12_69368fe4a6',4,'2018-02-16 18:15:04',NULL,0),(212,'playerVirtual10','playerVirtual10_272887063',1,'2018-02-16 18:15:06',NULL,0),(213,'playerVirtual10','playerVirtual10_187f311a99',4,'2018-02-16 18:15:06',NULL,0),(214,'playerVirtual10','playerVirtual10_272887063',1,'2018-02-16 18:15:07',NULL,0),(215,'playerVirtual2','playerVirtual2_022a9247fd',4,'2018-02-16 18:15:15',NULL,0),(216,'playerVirtual5','playerVirtual5_1436323714',0,'2018-02-16 18:15:16',NULL,0),(217,'playerVirtual5','playerVirtual5_1436323714',0,'2018-02-16 18:15:16',NULL,0),(218,'playerVirtual9','playerVirtual9_682797',0,'2018-02-16 18:15:25',NULL,0),(219,'playerVirtual9','playerVirtual9_682797',0,'2018-02-16 18:15:30',NULL,0),(220,'playerVirtual13','playerVirtual13_3684c8def2',4,'2018-02-16 18:15:32',NULL,0),(221,'playerVirtual16','playerVirtual16_16914091',0,'2018-02-16 18:15:34',NULL,0),(222,'playerVirtual16','playerVirtual16_16914091',0,'2018-02-16 18:15:34',NULL,0),(223,'playerVirtual6','playerVirtual6_54855c3621',4,'2018-02-16 18:15:38',NULL,0),(224,'playerVirtual18','playerVirtual18_182859403',0,'2018-02-16 18:15:47',NULL,0),(225,'playerVirtual18','playerVirtual18_182859403',0,'2018-02-16 18:15:48',NULL,0),(226,'playerVirtual15','playerVirtual15_e86189a0ed',4,'2018-02-16 18:15:52',NULL,0),(227,'playerVirtual19','playerVirtual19_7d3ffaa542',4,'2018-02-16 18:16:00',NULL,0),(228,'playerVirtual17','playerVirtual17_97ab13bcf6',4,'2018-02-16 18:16:03',NULL,0),(229,'playerVirtual1','playerVirtual1_4820204870',1,'2018-02-16 18:16:14',NULL,0),(230,'playerVirtual1','playerVirtual1_bc26e92b59',3,'2018-02-16 18:16:14',NULL,0),(231,'playerVirtual1','playerVirtual1_4820204870',1,'2018-02-16 18:16:14',NULL,0),(232,'playerVirtual5','playerVirtual5_7f20a9e815',4,'2018-02-16 18:16:16',NULL,0),(233,'playerVirtual9','playerVirtual9_26e2204b34',4,'2018-02-16 18:16:24',NULL,0),(234,'playerVirtual16','playerVirtual16_f3b25395bf',4,'2018-02-16 18:16:34',NULL,0),(235,'playerVirtual18','playerVirtual18_830bdb69bc',4,'2018-02-16 18:16:48',NULL,0),(236,'playerVirtual2','playerVirtual2_990694203',1,'2018-02-16 18:16:57',NULL,0),(237,'playerVirtual2','playerVirtual2_f4af973fd6',3,'2018-02-16 18:16:57',NULL,0),(238,'playerVirtual2','playerVirtual2_990694203',1,'2018-02-16 18:16:57',NULL,0),(239,'playerVirtual13','playerVirtual13_990694203',1,'2018-02-16 18:17:14',NULL,0),(240,'playerVirtual13','playerVirtual13_aeed4341fc',3,'2018-02-16 18:17:14',NULL,0),(241,'playerVirtual13','playerVirtual13_990694203',1,'2018-02-16 18:17:14',NULL,0),(242,'playerVirtual8','playerVirtual8_6955737',0,'2018-02-16 18:18:52',NULL,0),(243,'playerVirtual8','playerVirtual8_6955737',0,'2018-02-16 18:18:52',NULL,0),(244,'playerVirtual15','playerVirtual15_6955737',1,'2018-02-16 18:19:09',NULL,0),(245,'playerVirtual15','playerVirtual15_f112517047',3,'2018-02-16 18:19:09',NULL,0),(246,'playerVirtual15','playerVirtual15_6955737',1,'2018-02-16 18:19:09',NULL,0),(247,'playerVirtual14','playerVirtual14_6285257156',0,'2018-02-16 18:19:20',NULL,0),(248,'playerVirtual14','playerVirtual14_6285257156',0,'2018-02-16 18:19:21',NULL,0),(249,'playerVirtual12','playerVirtual12_1438244924',0,'2018-02-16 18:19:43',NULL,0),(250,'playerVirtual12','playerVirtual12_1438244924',0,'2018-02-16 18:19:43',NULL,0),(251,'playerVirtual8','playerVirtual8_789a7d0cbb',3,'2018-02-16 18:19:52',NULL,0),(252,'playerVirtual6','playerVirtual6_1438244924',0,'2018-02-16 18:20:07',NULL,0),(253,'playerVirtual6','playerVirtual6_1438244924',0,'2018-02-16 18:20:08',NULL,0),(254,'playerVirtual14','playerVirtual14_35ced9538c',3,'2018-02-16 18:20:20',NULL,0),(255,'playerVirtual19','playerVirtual19_6289704471',0,'2018-02-16 18:20:25',NULL,0),(256,'playerVirtual19','playerVirtual19_6289704471',0,'2018-02-16 18:20:26',NULL,0),(257,'playerVirtual10','playerVirtual10_3338579772',0,'2018-02-16 18:20:44',NULL,0),(258,'playerVirtual12','playerVirtual12_e9529f2764',3,'2018-02-16 18:20:45',NULL,0),(259,'playerVirtual10','playerVirtual10_3338579772',0,'2018-02-16 18:20:45',NULL,0),(260,'playerVirtual9','playerVirtual9_3338579772',1,'2018-02-16 18:20:54',NULL,0),(261,'playerVirtual9','playerVirtual9_6d2ac96e82',3,'2018-02-16 18:20:54',NULL,0),(262,'playerVirtual9','playerVirtual9_3338579772',1,'2018-02-16 18:20:54',NULL,0),(263,'playerVirtual6','playerVirtual6_109fa13ecf',3,'2018-02-16 18:21:07',NULL,0),(264,'playerVirtual19','playerVirtual19_2cd045c62c',3,'2018-02-16 18:21:25',NULL,0),(265,'playerVirtual10','playerVirtual10_3ad7fdee70',3,'2018-02-16 18:21:43',NULL,0),(266,'playerVirtual17','playerVirtual17_1436344784',0,'2018-02-16 18:21:56',NULL,0),(267,'playerVirtual17','playerVirtual17_1436344784',0,'2018-02-16 18:21:56',NULL,0),(268,'playerVirtual5','playerVirtual5_1095593',1,'2018-02-16 18:22:18',NULL,0),(269,'playerVirtual5','playerVirtual5_67a0b2cb50',3,'2018-02-16 18:22:19',NULL,0),(270,'playerVirtual5','playerVirtual5_1095593',1,'2018-02-16 18:22:19',NULL,0),(271,'playerVirtual17','playerVirtual17_a02d4d1ae9',3,'2018-02-16 18:22:56',NULL,0),(272,'playerVirtual16','playerVirtual16_990694203',0,'2018-02-16 18:23:25',NULL,0),(273,'playerVirtual16','playerVirtual16_990694203',0,'2018-02-16 18:23:25',NULL,0),(274,'playerVirtual16','playerVirtual16_415ff079b8',3,'2018-02-16 18:24:25',NULL,0),(275,'playerVirtual1','playerVirtual1_794070039',0,'2018-02-16 18:24:39',NULL,0),(276,'playerVirtual1','playerVirtual1_794070039',0,'2018-02-16 18:24:39',NULL,0),(277,'playerVirtual18','playerVirtual18_6296268057',0,'2018-02-16 18:24:46',NULL,0),(278,'playerVirtual18','playerVirtual18_6296268057',0,'2018-02-16 18:24:46',NULL,0),(279,'playerVirtual1','playerVirtual1_3054d4224b',4,'2018-02-16 18:25:39',NULL,0),(280,'playerVirtual18','playerVirtual18_3b3f441119',3,'2018-02-16 18:25:46',NULL,0),(281,'playerVirtual8','playerVirtual8_f6b4160be4',4,'2018-02-16 18:26:41',NULL,0),(282,'playerVirtual15','playerVirtual15_2378747961',1,'2018-02-16 18:26:41',NULL,0),(283,'playerVirtual15','playerVirtual15_38392285ce',4,'2018-02-16 18:26:41',NULL,0),(284,'playerVirtual15','playerVirtual15_2378747961',1,'2018-02-16 18:26:42',NULL,0),(285,'playerVirtual12','playerVirtual12_73e471a4f6',4,'2018-02-16 18:27:32',NULL,0),(286,'playerVirtual6','playerVirtual6_f2db7f94b9',4,'2018-02-16 18:28:19',NULL,0),(287,'playerVirtual2','playerVirtual2_6296865278',0,'2018-02-16 18:29:20',NULL,0),(288,'playerVirtual2','playerVirtual2_6296865278',0,'2018-02-16 18:29:20',NULL,0),(289,'playerVirtual14','playerVirtual14_6264344062',0,'2018-02-16 18:29:59',NULL,0),(290,'playerVirtual14','playerVirtual14_6264344062',0,'2018-02-16 18:29:59',NULL,0),(291,'playerVirtual16','playerVirtual16_990694203',1,'2018-02-16 18:30:11',NULL,0),(292,'playerVirtual16','playerVirtual16_4d42e51ba1',4,'2018-02-16 18:30:11',NULL,0),(293,'playerVirtual16','playerVirtual16_990694203',1,'2018-02-16 18:30:12',NULL,0),(294,'playerVirtual2','playerVirtual2_a37f5206aa',4,'2018-02-16 18:30:20',NULL,0),(295,'playerVirtual13','playerVirtual13_182859403',0,'2018-02-16 18:30:41',NULL,0),(296,'playerVirtual13','playerVirtual13_182859403',0,'2018-02-16 18:30:41',NULL,0),(297,'playerVirtual15','playerVirtual15_1436344784',1,'2018-02-16 18:30:56',NULL,0),(298,'playerVirtual15','playerVirtual15_167d81cfad',3,'2018-02-16 18:30:56',NULL,0),(299,'playerVirtual15','playerVirtual15_1436344784',1,'2018-02-16 18:30:56',NULL,0),(300,'playerVirtual14','playerVirtual14_c11d438a3b',4,'2018-02-16 18:30:59',NULL,0),(301,'playerVirtual1','playerVirtual1_6274355716',1,'2018-02-16 18:31:06',NULL,0),(302,'playerVirtual1','playerVirtual1_bddb108ab2',3,'2018-02-16 18:31:06',NULL,0),(303,'playerVirtual1','playerVirtual1_6274355716',1,'2018-02-16 18:31:06',NULL,0),(304,'playerVirtual13','playerVirtual13_037b64f267',4,'2018-02-16 18:31:41',NULL,0),(305,'playerVirtual9','playerVirtual9_990694203',0,'2018-02-16 18:32:23',NULL,0),(306,'playerVirtual9','playerVirtual9_990694203',0,'2018-02-16 18:32:24',NULL,0),(307,'playerVirtual18','playerVirtual18_182859403',1,'2018-02-16 18:32:57',NULL,0),(308,'playerVirtual18','playerVirtual18_194d1eddc9',4,'2018-02-16 18:32:57',NULL,0),(309,'playerVirtual18','playerVirtual18_182859403',1,'2018-02-16 18:32:57',NULL,0),(310,'playerVirtual10','playerVirtual10_5297461910',0,'2018-02-16 18:33:12',NULL,0),(311,'playerVirtual10','playerVirtual10_5297461910',0,'2018-02-16 18:33:12',NULL,0),(312,'playerVirtual19','playerVirtual19_6301942525',0,'2018-02-16 18:33:20',NULL,0),(313,'playerVirtual19','playerVirtual19_6301942525',0,'2018-02-16 18:33:20',NULL,0),(314,'playerVirtual9','playerVirtual9_3d957506e0',4,'2018-02-16 18:33:24',NULL,0),(315,'playerVirtual13','playerVirtual13_182859403',1,'2018-02-16 18:33:24',NULL,0),(316,'playerVirtual13','playerVirtual13_d005e7ac9e',3,'2018-02-16 18:33:24',NULL,0),(317,'playerVirtual13','playerVirtual13_182859403',1,'2018-02-16 18:33:24',NULL,0),(318,'playerVirtual10','playerVirtual10_4edb869526',4,'2018-02-16 18:34:12',NULL,0),(319,'playerVirtual19','playerVirtual19_8207d9446c',4,'2018-02-16 18:34:22',NULL,0),(320,'playerVirtual5','playerVirtual5_1095593',0,'2018-02-16 18:34:28',NULL,0),(321,'playerVirtual5','playerVirtual5_6ef1912a60',4,'2018-02-16 18:34:28',NULL,0),(322,'playerVirtual5','playerVirtual5_1095593',0,'2018-02-16 18:34:28',NULL,0),(323,'playerVirtual2','playerVirtual2_5297461910',1,'2018-02-16 18:34:44',NULL,0),(324,'playerVirtual2','playerVirtual2_8379649d05',3,'2018-02-16 18:34:44',NULL,0),(325,'playerVirtual2','playerVirtual2_5297461910',1,'2018-02-16 18:34:44',NULL,0),(326,'playerVirtual17','playerVirtual17_6274355716',0,'2018-02-16 18:35:50',NULL,0),(327,'playerVirtual17','playerVirtual17_6274355716',0,'2018-02-16 18:35:50',NULL,0),(328,'playerVirtual17','playerVirtual17_695dc5e964',4,'2018-02-16 18:36:50',NULL,0),(329,'playerVirtual9','playerVirtual9_990694203',1,'2018-02-16 18:37:53',NULL,0),(330,'playerVirtual9','playerVirtual9_2e0418b106',3,'2018-02-16 18:37:53',NULL,0),(331,'playerVirtual9','playerVirtual9_990694203',1,'2018-02-16 18:37:54',NULL,0),(332,'playerVirtual19','playerVirtual19_9f44f4bf68',3,'2018-02-16 18:39:48',NULL,0),(333,'playerVirtual8','playerVirtual8_4246147567',0,'2018-02-16 18:40:22',NULL,0),(334,'playerVirtual8','playerVirtual8_4246147567',0,'2018-02-16 18:40:22',NULL,0),(335,'playerVirtual5','playerVirtual5_1095593',1,'2018-02-16 18:40:44',NULL,0),(336,'playerVirtual5','playerVirtual5_8d8d6f13cd',3,'2018-02-16 18:40:45',NULL,0),(337,'playerVirtual5','playerVirtual5_1095593',1,'2018-02-16 18:40:45',NULL,0),(338,'playerVirtual8','playerVirtual8_8880618302',3,'2018-02-16 18:41:22',NULL,0),(339,'playerVirtual10','playerVirtual10_5cb2b876c7',3,'2018-02-16 18:41:23',NULL,0),(340,'playerVirtual12','playerVirtual12_6289704471',0,'2018-02-16 18:41:33',NULL,0),(341,'playerVirtual12','playerVirtual12_6289704471',0,'2018-02-16 18:41:33',NULL,0),(342,'playerVirtual18','playerVirtual18_908315',1,'2018-02-16 18:42:02',NULL,0),(343,'playerVirtual18','playerVirtual18_9a22539914',3,'2018-02-16 18:42:03',NULL,0),(344,'playerVirtual6','playerVirtual6_4246147567',0,'2018-02-16 18:42:03',NULL,0),(345,'playerVirtual18','playerVirtual18_908315',1,'2018-02-16 18:42:03',NULL,0),(346,'playerVirtual6','playerVirtual6_4246147567',0,'2018-02-16 18:42:03',NULL,0),(347,'playerVirtual12','playerVirtual12_b2bea4e14f',3,'2018-02-16 18:42:33',NULL,0),(348,'playerVirtual14','playerVirtual14_6315250734',0,'2018-02-16 18:42:48',NULL,0),(349,'playerVirtual14','playerVirtual14_6315250734',0,'2018-02-16 18:42:48',NULL,0),(350,'playerVirtual6','playerVirtual6_62a989a0ff',3,'2018-02-16 18:43:03',NULL,0),(351,'playerVirtual14','playerVirtual14_cf471d7cc1',3,'2018-02-16 18:43:48',NULL,0),(352,'playerVirtual16','playerVirtual16_4246147567',0,'2018-02-16 18:45:33',NULL,0),(353,'playerVirtual16','playerVirtual16_4246147567',0,'2018-02-16 18:45:33',NULL,0),(354,'playerVirtual17','playerVirtual17_4246147567',0,'2018-02-16 18:45:58',NULL,0),(355,'playerVirtual17','playerVirtual17_4246147567',0,'2018-02-16 18:45:58',NULL,0),(356,'playerVirtual16','playerVirtual16_ffc81ed8fb',3,'2018-02-16 18:46:33',NULL,0),(357,'playerVirtual17','playerVirtual17_a29d68a83d',3,'2018-02-16 18:46:58',NULL,0),(358,'playerVirtual1','playerVirtual1_4246147567',0,'2018-02-16 18:47:13',NULL,0),(359,'playerVirtual1','playerVirtual1_4246147567',0,'2018-02-16 18:47:13',NULL,0),(360,'playerVirtual15','playerVirtual15_4246147567',0,'2018-02-16 18:48:02',NULL,0),(361,'playerVirtual15','playerVirtual15_4246147567',0,'2018-02-16 18:48:02',NULL,0),(362,'playerVirtual8','playerVirtual8_edabead9d4',4,'2018-02-16 18:48:11',NULL,0),(363,'playerVirtual15','playerVirtual15_b0f78625ac',4,'2018-02-16 18:49:03',NULL,0),(364,'playerVirtual6','playerVirtual6_4246147567',1,'2018-02-16 18:50:14',NULL,0),(365,'playerVirtual6','playerVirtual6_bda2aa3b71',4,'2018-02-16 18:50:14',NULL,0),(366,'playerVirtual6','playerVirtual6_4246147567',1,'2018-02-16 18:50:15',NULL,0),(367,'playerVirtual19','playerVirtual19_5068098508',1,'2018-02-16 18:51:56',NULL,0),(368,'playerVirtual19','playerVirtual19_fa0ec4e1e3',4,'2018-02-16 18:51:56',NULL,0),(369,'playerVirtual19','playerVirtual19_5068098508',1,'2018-02-16 18:51:56',NULL,0),(370,'playerVirtual12','playerVirtual12_6322213339',0,'2018-02-16 18:52:01',NULL,0),(371,'playerVirtual12','playerVirtual12_6322213339',0,'2018-02-16 18:52:02',NULL,0),(372,'playerVirtual2','playerVirtual2_2378747961',0,'2018-02-16 18:52:16',NULL,0),(373,'playerVirtual2','playerVirtual2_2378747961',0,'2018-02-16 18:52:16',NULL,0),(374,'playerVirtual16','playerVirtual16_4246147567',1,'2018-02-16 18:52:17',NULL,0),(375,'playerVirtual16','playerVirtual16_5b1e5a429b',4,'2018-02-16 18:52:17',NULL,0),(376,'playerVirtual16','playerVirtual16_4246147567',1,'2018-02-16 18:52:17',NULL,0),(377,'playerVirtual12','playerVirtual12_0ff19c97b3',4,'2018-02-16 18:53:02',NULL,0),(378,'playerVirtual15','playerVirtual15_57e7f2ffd4',3,'2018-02-16 18:53:16',NULL,0),(379,'playerVirtual2','playerVirtual2_2d717606e3',4,'2018-02-16 18:53:16',NULL,0),(380,'playerVirtual13','playerVirtual13_4246147567',0,'2018-02-16 18:53:28',NULL,0),(381,'playerVirtual13','playerVirtual13_4246147567',0,'2018-02-16 18:53:28',NULL,0),(382,'playerVirtual13','playerVirtual13_ee4da4c78f',4,'2018-02-16 18:54:28',NULL,0),(383,'playerVirtual14','playerVirtual14_4246147567',0,'2018-02-16 18:55:33',NULL,0),(384,'playerVirtual14','playerVirtual14_4246147567',0,'2018-02-16 18:55:34',NULL,0),(385,'playerVirtual9','playerVirtual9_990694203',0,'2018-02-16 18:55:47',NULL,0),(386,'playerVirtual9','playerVirtual9_2bae4b6c1f',4,'2018-02-16 18:55:47',NULL,0),(387,'playerVirtual9','playerVirtual9_990694203',0,'2018-02-16 18:55:47',NULL,0),(388,'playerVirtual13','playerVirtual13_4246147567',1,'2018-02-16 18:56:11',NULL,0),(389,'playerVirtual13','playerVirtual13_8e80594516',3,'2018-02-16 18:56:11',NULL,0),(390,'playerVirtual13','playerVirtual13_4246147567',1,'2018-02-16 18:56:12',NULL,0),(391,'playerVirtual18','playerVirtual18_1095593',0,'2018-02-16 18:56:23',NULL,0),(392,'playerVirtual18','playerVirtual18_1095593',0,'2018-02-16 18:56:23',NULL,0),(393,'playerVirtual14','playerVirtual14_be22813a91',4,'2018-02-16 18:56:34',NULL,0),(394,'playerVirtual5','playerVirtual5_4246147567',0,'2018-02-16 18:57:23',NULL,0),(395,'playerVirtual18','playerVirtual18_35e248cfc6',4,'2018-02-16 18:57:26',NULL,0),(396,'playerVirtual5','playerVirtual5_4246147567',0,'2018-02-16 18:57:26',NULL,0),(397,'playerVirtual10','playerVirtual10_4246147567',0,'2018-02-16 18:57:31',NULL,0),(398,'playerVirtual10','playerVirtual10_4246147567',0,'2018-02-16 18:57:31',NULL,0),(399,'playerVirtual5','playerVirtual5_67e8e83ada',4,'2018-02-16 18:58:21',NULL,0),(400,'playerVirtual10','playerVirtual10_34f18aa02e',4,'2018-02-16 18:58:31',NULL,0),(401,'playerVirtual17','playerVirtual17_4f7051e700',4,'2018-02-16 18:59:51',NULL,0),(402,'playerVirtual2','playerVirtual2_4246147567',0,'2018-02-16 19:01:16',NULL,0),(403,'playerVirtual2','playerVirtual2_4246147567',0,'2018-02-16 19:01:16',NULL,0),(404,'playerVirtual2','playerVirtual2_f17a09906e',3,'2018-02-16 19:02:16',NULL,0),(405,'playerVirtual19','playerVirtual19_4246147567',0,'2018-02-16 19:04:16',NULL,0),(406,'playerVirtual19','playerVirtual19_4246147567',0,'2018-02-16 19:04:16',NULL,0),(407,'playerVirtual5','playerVirtual5_4246147567',1,'2018-02-16 19:04:37',NULL,0),(408,'playerVirtual5','playerVirtual5_9b5be3c850',3,'2018-02-16 19:04:37',NULL,0),(409,'playerVirtual5','playerVirtual5_4246147567',1,'2018-02-16 19:04:37',NULL,0),(410,'playerVirtual19','playerVirtual19_4c9fe0d171',3,'2018-02-16 19:05:16',NULL,0),(411,'playerVirtual8','playerVirtual8_4246147567',0,'2018-02-16 19:05:23',NULL,0),(412,'playerVirtual8','playerVirtual8_44b41db0dc',3,'2018-02-16 19:05:23',NULL,0),(413,'playerVirtual8','playerVirtual8_4246147567',0,'2018-02-16 19:05:23',NULL,0),(414,'playerVirtual10','playerVirtual10_4dd8e041ed',3,'2018-02-16 19:05:42',NULL,0),(415,'playerVirtual6','playerVirtual6_4246147567',0,'2018-02-16 19:07:17',NULL,0),(416,'playerVirtual6','playerVirtual6_aea20c883e',3,'2018-02-16 19:07:17',NULL,0),(417,'playerVirtual6','playerVirtual6_4246147567',0,'2018-02-16 19:07:17',NULL,0),(418,'playerVirtual14','playerVirtual14_4246147567',1,'2018-02-16 19:08:22',NULL,0),(419,'playerVirtual14','playerVirtual14_f06b1d9c53',3,'2018-02-16 19:08:22',NULL,0),(420,'playerVirtual14','playerVirtual14_4246147567',1,'2018-02-16 19:08:22',NULL,0),(421,'playerVirtual12','playerVirtual12_4246147567',0,'2018-02-16 19:08:25',NULL,0),(422,'playerVirtual12','playerVirtual12_4246147567',0,'2018-02-16 19:08:25',NULL,0),(423,'playerVirtual18','playerVirtual18_4246147567',0,'2018-02-16 19:09:01',NULL,0),(424,'playerVirtual18','playerVirtual18_4246147567',0,'2018-02-16 19:09:01',NULL,0),(425,'playerVirtual12','playerVirtual12_77a0cad377',3,'2018-02-16 19:09:25',NULL,0),(426,'playerVirtual18','playerVirtual18_e3101265e2',3,'2018-02-16 19:10:02',NULL,0),(427,'playerVirtual16','playerVirtual16_4246147567',0,'2018-02-16 19:11:13',NULL,0),(428,'playerVirtual16','playerVirtual16_66e49411ee',3,'2018-02-16 19:11:14',NULL,0),(429,'playerVirtual16','playerVirtual16_4246147567',0,'2018-02-16 19:11:14',NULL,0),(430,'playerVirtual17','playerVirtual17_1436344784',1,'2018-02-16 19:11:42',NULL,0),(431,'playerVirtual17','playerVirtual17_0883d2602a',3,'2018-02-16 19:11:42',NULL,0),(432,'playerVirtual17','playerVirtual17_1436344784',1,'2018-02-16 19:11:42',NULL,0),(433,'playerVirtual8','playerVirtual8_67391d5a05',4,'2018-02-16 19:12:12',NULL,0),(434,'playerVirtual15','playerVirtual15_4246147567',0,'2018-02-16 19:14:08',NULL,0),(435,'playerVirtual15','playerVirtual15_5368849dee',4,'2018-02-16 19:14:08',NULL,0),(436,'playerVirtual15','playerVirtual15_4246147567',0,'2018-02-16 19:14:12',NULL,0),(437,'playerVirtual6','playerVirtual6_d2f315f3a5',4,'2018-02-16 19:14:28',NULL,0),(438,'playerVirtual16','playerVirtual16_4246147567',1,'2018-02-16 19:16:57',NULL,0),(439,'playerVirtual16','playerVirtual16_4e51ae7212',4,'2018-02-16 19:16:57',NULL,0),(440,'playerVirtual16','playerVirtual16_4246147567',1,'2018-02-16 19:16:57',NULL,0),(441,'playerVirtual19','playerVirtual19_4246147567',1,'2018-02-16 19:17:28',NULL,0),(442,'playerVirtual19','playerVirtual19_f2abce355c',4,'2018-02-16 19:17:29',NULL,0),(443,'playerVirtual19','playerVirtual19_4246147567',1,'2018-02-16 19:17:29',NULL,0),(444,'playerVirtual15','playerVirtual15_156e51579d',3,'2018-02-16 19:18:23',NULL,0),(445,'playerVirtual12','playerVirtual12_81ea3ae537',4,'2018-02-16 19:18:53',NULL,0),(446,'playerVirtual2','playerVirtual2_4246147567',1,'2018-02-16 19:19:48',NULL,0),(447,'playerVirtual2','playerVirtual2_7c7698e1c6',4,'2018-02-16 19:19:48',NULL,0),(448,'playerVirtual2','playerVirtual2_4246147567',1,'2018-02-16 19:19:48',NULL,0),(449,'playerVirtual13','playerVirtual13_4246147567',0,'2018-02-16 19:20:12',NULL,0),(450,'playerVirtual13','playerVirtual13_7039bb3aa4',4,'2018-02-16 19:20:12',NULL,0),(451,'playerVirtual13','playerVirtual13_4246147567',0,'2018-02-16 19:20:12',NULL,0),(452,'playerVirtual13','playerVirtual13_4246147567',1,'2018-02-16 19:21:55',NULL,0),(453,'playerVirtual13','playerVirtual13_c85c527156',3,'2018-02-16 19:21:55',NULL,0),(454,'playerVirtual13','playerVirtual13_4246147567',1,'2018-02-16 19:21:56',NULL,0),(455,'playerVirtual14','playerVirtual14_4246147567',0,'2018-02-16 19:23:52',NULL,0),(456,'playerVirtual14','playerVirtual14_6b0c3d5fff',4,'2018-02-16 19:23:53',NULL,0),(457,'playerVirtual14','playerVirtual14_4246147567',0,'2018-02-16 19:23:53',NULL,0),(458,'playerVirtual18','playerVirtual18_4246147567',1,'2018-02-16 19:24:21',NULL,0),(459,'playerVirtual18','playerVirtual18_4ef0004865',4,'2018-02-16 19:24:22',NULL,0),(460,'playerVirtual18','playerVirtual18_4246147567',1,'2018-02-16 19:24:23',NULL,0),(461,'playerVirtual5','playerVirtual5_4246147567',0,'2018-02-16 19:25:13',NULL,0),(462,'playerVirtual5','playerVirtual5_1bcf7307ca',4,'2018-02-16 19:25:14',NULL,0),(463,'playerVirtual5','playerVirtual5_4246147567',0,'2018-02-16 19:25:14',NULL,0),(464,'playerVirtual10','playerVirtual10_4246147567',0,'2018-02-16 19:25:37',NULL,0),(465,'playerVirtual10','playerVirtual10_9612e30aba',4,'2018-02-16 19:25:38',NULL,0),(466,'playerVirtual10','playerVirtual10_4246147567',0,'2018-02-16 19:25:39',NULL,0),(467,'playerVirtual17','playerVirtual17_990694203',0,'2018-02-16 19:27:38',NULL,0),(468,'playerVirtual17','playerVirtual17_990694203',0,'2018-02-16 19:27:39',NULL,0),(469,'playerVirtual17','playerVirtual17_caeb7db54e',4,'2018-02-16 19:28:38',NULL,0),(470,'playerVirtual2','playerVirtual2_2378747961',1,'2018-02-16 19:31:22',NULL,0),(471,'playerVirtual2','playerVirtual2_404318e38b',3,'2018-02-16 19:31:23',NULL,0),(472,'playerVirtual2','playerVirtual2_2378747961',1,'2018-02-16 19:31:23',NULL,0),(473,'playerVirtual5','playerVirtual5_4246147567',1,'2018-02-16 19:31:30',NULL,0),(474,'playerVirtual5','playerVirtual5_23f7a2227b',3,'2018-02-16 19:31:30',NULL,0),(475,'playerVirtual5','playerVirtual5_4246147567',1,'2018-02-16 19:31:30',NULL,0),(476,'playerVirtual10','playerVirtual10_3289f05351',3,'2018-02-16 19:32:48',NULL,0),(477,'playerVirtual19','playerVirtual19_272887063',1,'2018-02-16 19:33:36',NULL,0),(478,'playerVirtual19','playerVirtual19_c0efdab2d8',3,'2018-02-16 19:33:36',NULL,0),(479,'playerVirtual19','playerVirtual19_272887063',1,'2018-02-16 19:33:36',NULL,0),(480,'playerVirtual6','playerVirtual6_272887063',0,'2018-02-16 19:35:38',NULL,0),(481,'playerVirtual6','playerVirtual6_272887063',0,'2018-02-16 19:35:38',NULL,0),(482,'playerVirtual14','playerVirtual14_1657f07800',3,'2018-02-16 19:35:41',NULL,0),(483,'playerVirtual6','playerVirtual6_d16ecf3070',3,'2018-02-16 19:36:38',NULL,0),(484,'playerVirtual12','playerVirtual12_4246147567',0,'2018-02-16 19:38:30',NULL,0),(485,'playerVirtual12','playerVirtual12_a699f2dfb1',3,'2018-02-16 19:38:30',NULL,0),(486,'playerVirtual12','playerVirtual12_4246147567',0,'2018-02-16 19:38:30',NULL,0),(487,'playerVirtual18','playerVirtual18_4246147567',0,'2018-02-16 19:39:36',NULL,0),(488,'playerVirtual18','playerVirtual18_983c2b4555',3,'2018-02-16 19:39:36',NULL,0),(489,'playerVirtual18','playerVirtual18_4246147567',0,'2018-02-16 19:39:36',NULL,0),(490,'playerVirtual16','playerVirtual16_4246147567',0,'2018-02-16 19:39:39',NULL,0),(491,'playerVirtual16','playerVirtual16_66e250defc',3,'2018-02-16 19:39:40',NULL,0),(492,'playerVirtual16','playerVirtual16_4246147567',0,'2018-02-16 19:39:40',NULL,0),(493,'playerVirtual17','playerVirtual17_990694203',1,'2018-02-16 19:40:30',NULL,0),(494,'playerVirtual17','playerVirtual17_6fd20a1d58',3,'2018-02-16 19:40:30',NULL,0),(495,'playerVirtual17','playerVirtual17_990694203',1,'2018-02-16 19:40:30',NULL,0),(496,'playerVirtual15','playerVirtual15_4246147567',0,'2018-02-16 19:43:00',NULL,0),(497,'playerVirtual15','playerVirtual15_08a927ad11',4,'2018-02-16 19:43:00',NULL,0),(498,'playerVirtual15','playerVirtual15_4246147567',0,'2018-02-16 19:43:00',NULL,0),(499,'playerVirtual16','playerVirtual16_4246147567',1,'2018-02-16 19:45:23',NULL,0),(500,'playerVirtual16','playerVirtual16_8139b0267a',4,'2018-02-16 19:45:23',NULL,0),(501,'playerVirtual16','playerVirtual16_4246147567',1,'2018-02-16 19:45:23',NULL,0),(502,'playerVirtual6','playerVirtual6_5297461910',0,'2018-02-16 19:45:25',NULL,0),(503,'playerVirtual6','playerVirtual6_5297461910',0,'2018-02-16 19:45:25',NULL,0),(504,'playerVirtual6','playerVirtual6_e17e667bca',4,'2018-02-16 19:46:25',NULL,0),(505,'playerVirtual15','playerVirtual15_afe4c766dc',3,'2018-02-16 19:47:14',NULL,0),(506,'playerVirtual19','playerVirtual19_4820150269',0,'2018-02-16 19:47:17',NULL,0),(507,'playerVirtual19','playerVirtual19_4820150269',0,'2018-02-16 19:47:17',NULL,0),(508,'playerVirtual12','playerVirtual12_e653aaa333',4,'2018-02-16 19:47:59',NULL,0),(509,'playerVirtual19','playerVirtual19_81e042cdec',4,'2018-02-16 19:48:17',NULL,0),(510,'playerVirtual2','playerVirtual2_82730999',1,'2018-02-16 19:49:02',NULL,0),(511,'playerVirtual2','playerVirtual2_07fa8d740d',4,'2018-02-16 19:49:02',NULL,0),(512,'playerVirtual2','playerVirtual2_82730999',1,'2018-02-16 19:49:02',NULL,0),(513,'playerVirtual13','playerVirtual13_82730999',0,'2018-02-16 19:49:28',NULL,0),(514,'playerVirtual13','playerVirtual13_82730999',0,'2018-02-16 19:49:28',NULL,0),(515,'playerVirtual13','playerVirtual13_5576520e14',4,'2018-02-16 19:50:28',NULL,0),(516,'playerVirtual14','playerVirtual14_3338579772',0,'2018-02-16 19:53:46',NULL,0),(517,'playerVirtual14','playerVirtual14_3338579772',0,'2018-02-16 19:53:46',NULL,0),(518,'playerVirtual18','playerVirtual18_70674998d2',4,'2018-02-16 19:53:57',NULL,0),(519,'playerVirtual13','playerVirtual13_4246147567',0,'2018-02-16 19:54:37',NULL,0),(520,'playerVirtual13','playerVirtual13_3b7d5f7c2e',3,'2018-02-16 19:54:37',NULL,0),(521,'playerVirtual13','playerVirtual13_4246147567',0,'2018-02-16 19:54:37',NULL,0),(522,'playerVirtual14','playerVirtual14_7bbda7232c',4,'2018-02-16 19:54:46',NULL,0),(523,'playerVirtual10','playerVirtual10_5297461910',1,'2018-02-16 19:55:14',NULL,0),(524,'playerVirtual10','playerVirtual10_f162a775b8',4,'2018-02-16 19:55:14',NULL,0),(525,'playerVirtual10','playerVirtual10_5297461910',1,'2018-02-16 19:55:14',NULL,0),(526,'playerVirtual17','playerVirtual17_4246147567',0,'2018-02-16 19:59:08',NULL,0),(527,'playerVirtual17','playerVirtual17_1999f5b606',4,'2018-02-16 19:59:08',NULL,0),(528,'playerVirtual17','playerVirtual17_4246147567',0,'2018-02-16 19:59:09',NULL,0),(529,'playerVirtual10','playerVirtual10_785045bb50',3,'2018-02-16 20:02:41',NULL,0),(530,'playerVirtual2','playerVirtual2_4246147567',0,'2018-02-16 20:02:49',NULL,0),(531,'playerVirtual2','playerVirtual2_373b408c69',3,'2018-02-16 20:02:50',NULL,0),(532,'playerVirtual2','playerVirtual2_4246147567',0,'2018-02-16 20:02:50',NULL,0),(533,'playerVirtual19','playerVirtual19_4246147567',0,'2018-02-16 20:05:48',NULL,0),(534,'playerVirtual19','playerVirtual19_ab4cb13942',3,'2018-02-16 20:05:48',NULL,0),(535,'playerVirtual19','playerVirtual19_4246147567',0,'2018-02-16 20:05:49',NULL,0),(536,'playerVirtual6','playerVirtual6_990694203',0,'2018-02-16 20:08:34',NULL,0),(537,'playerVirtual6','playerVirtual6_990694203',0,'2018-02-16 20:08:35',NULL,0),(538,'playerVirtual14','playerVirtual14_4246147567',0,'2018-02-16 20:09:19',NULL,0),(539,'playerVirtual14','playerVirtual14_41173f3292',3,'2018-02-16 20:09:19',NULL,0),(540,'playerVirtual14','playerVirtual14_4246147567',0,'2018-02-16 20:09:19',NULL,0),(541,'playerVirtual12','playerVirtual12_6280643141',0,'2018-02-16 20:09:31',NULL,0),(542,'playerVirtual12','playerVirtual12_6280643141',0,'2018-02-16 20:09:35',NULL,0),(543,'playerVirtual6','playerVirtual6_a3e0599be0',3,'2018-02-16 20:09:37',NULL,0),(544,'playerVirtual16','playerVirtual16_4246147567',0,'2018-02-16 20:10:24',NULL,0),(545,'playerVirtual16','playerVirtual16_260ee7bd43',3,'2018-02-16 20:10:24',NULL,0),(546,'playerVirtual16','playerVirtual16_4246147567',0,'2018-02-16 20:10:24',NULL,0),(547,'playerVirtual12','playerVirtual12_0483e7480a',3,'2018-02-16 20:10:30',NULL,0),(548,'playerVirtual17','playerVirtual17_acc8c92ce4',3,'2018-02-16 20:10:59',NULL,0),(549,'playerVirtual18','playerVirtual18_4246147567',0,'2018-02-16 20:12:00',NULL,0),(550,'playerVirtual18','playerVirtual18_2854a8a674',3,'2018-02-16 20:12:00',NULL,0),(551,'playerVirtual18','playerVirtual18_4246147567',0,'2018-02-16 20:12:01',NULL,0),(552,'playerVirtual15','playerVirtual15_3ffd4eb3af',4,'2018-02-16 20:13:58',NULL,0),(553,'playerVirtual16','playerVirtual16_4246147567',1,'2018-02-16 20:16:07',NULL,0),(554,'playerVirtual16','playerVirtual16_49985a06fb',4,'2018-02-16 20:16:07',NULL,0),(555,'playerVirtual16','playerVirtual16_4246147567',1,'2018-02-16 20:16:07',NULL,0),(556,'playerVirtual15','playerVirtual15_bf80350598',3,'2018-02-16 20:18:12',NULL,0),(557,'playerVirtual6','playerVirtual6_368f9363dd',4,'2018-02-16 20:18:22',NULL,0),(558,'playerVirtual19','playerVirtual19_4246147567',1,'2018-02-16 20:19:29',NULL,0),(559,'playerVirtual19','playerVirtual19_d4999a2179',4,'2018-02-16 20:19:29',NULL,0),(560,'playerVirtual19','playerVirtual19_4246147567',1,'2018-02-16 20:19:29',NULL,0),(561,'playerVirtual2','playerVirtual2_4246147567',1,'2018-02-16 20:20:29',NULL,0),(562,'playerVirtual2','playerVirtual2_b22f73610d',4,'2018-02-16 20:20:29',NULL,0),(563,'playerVirtual2','playerVirtual2_4246147567',1,'2018-02-16 20:20:29',NULL,0),(564,'playerVirtual13','playerVirtual13_4246147567',1,'2018-02-16 20:22:09',NULL,0),(565,'playerVirtual13','playerVirtual13_9effc32093',4,'2018-02-16 20:22:10',NULL,0),(566,'playerVirtual13','playerVirtual13_4246147567',1,'2018-02-16 20:22:10',NULL,0),(567,'playerVirtual18','playerVirtual18_f694940c2a',4,'2018-02-16 20:26:21',NULL,0),(568,'playerVirtual14','playerVirtual14_7f8385c882',4,'2018-02-16 20:27:24',NULL,0),(569,'playerVirtual10','playerVirtual10_f14d76d998',4,'2018-02-16 20:29:28',NULL,0),(570,'playerVirtual13','playerVirtual13_4246147567',0,'2018-02-16 20:30:24',NULL,0),(571,'playerVirtual13','playerVirtual13_cd6e8c715e',3,'2018-02-16 20:30:24',NULL,0),(572,'playerVirtual13','playerVirtual13_4246147567',0,'2018-02-16 20:30:24',NULL,0),(573,'playerVirtual17','playerVirtual17_51434f8993',4,'2018-02-16 20:34:01',NULL,0),(574,'playerVirtual10','playerVirtual10_4246147567',1,'2018-02-16 20:36:54',NULL,0),(575,'playerVirtual10','playerVirtual10_dd531dd074',3,'2018-02-16 20:36:54',NULL,0),(576,'playerVirtual10','playerVirtual10_4246147567',1,'2018-02-16 20:36:54',NULL,0),(577,'playerVirtual2','playerVirtual2_904011',0,'2018-02-16 20:38:33',NULL,0),(578,'playerVirtual2','playerVirtual2_904011',0,'2018-02-16 20:38:34',NULL,0),(579,'playerVirtual2','playerVirtual2_23e378e392',3,'2018-02-16 20:39:34',NULL,0),(580,'playerVirtual6','playerVirtual6_2b395d8dc4',3,'2018-02-16 20:40:58',NULL,0),(581,'playerVirtual19','playerVirtual19_4246147567',0,'2018-02-16 20:41:07',NULL,0),(582,'playerVirtual19','playerVirtual19_7e1c44f2a5',3,'2018-02-16 20:41:08',NULL,0),(583,'playerVirtual19','playerVirtual19_4246147567',0,'2018-02-16 20:41:08',NULL,0),(584,'playerVirtual16','playerVirtual16_4246147567',0,'2018-02-16 20:45:30',NULL,0),(585,'playerVirtual16','playerVirtual16_9ada48aac1',3,'2018-02-16 20:45:30',NULL,0),(586,'playerVirtual16','playerVirtual16_4246147567',0,'2018-02-16 20:45:30',NULL,0),(587,'playerVirtual14','playerVirtual14_7d70bdc1e4',3,'2018-02-16 20:45:35',NULL,0),(588,'playerVirtual17','playerVirtual17_740544acc4',3,'2018-02-16 20:45:52',NULL,0),(589,'playerVirtual18','playerVirtual18_4246147567',0,'2018-02-16 20:48:01',NULL,0),(590,'playerVirtual18','playerVirtual18_0bd8831df9',3,'2018-02-16 20:48:01',NULL,0),(591,'playerVirtual18','playerVirtual18_4246147567',0,'2018-02-16 20:48:01',NULL,0),(592,'playerVirtual15','playerVirtual15_2378747961',0,'2018-02-16 20:49:06',NULL,0),(593,'playerVirtual15','playerVirtual15_68ae054f25',4,'2018-02-16 20:49:06',NULL,0),(594,'playerVirtual15','playerVirtual15_2378747961',0,'2018-02-16 20:49:06',NULL,0),(595,'playerVirtual16','playerVirtual16_4246147567',1,'2018-02-16 20:51:13',NULL,0),(596,'playerVirtual16','playerVirtual16_d4b864889f',4,'2018-02-16 20:51:13',NULL,0),(597,'playerVirtual16','playerVirtual16_4246147567',1,'2018-02-16 20:51:13',NULL,0),(598,'playerVirtual19','playerVirtual19_740fc37270',4,'2018-02-16 20:54:48',NULL,0),(599,'playerVirtual6','playerVirtual6_16917741',0,'2018-02-16 20:55:41',NULL,0),(600,'playerVirtual6','playerVirtual6_16917741',0,'2018-02-16 20:55:41',NULL,0),(601,'playerVirtual15','playerVirtual15_990694203',0,'2018-02-16 20:56:17',NULL,0),(602,'playerVirtual15','playerVirtual15_990694203',0,'2018-02-16 20:56:17',NULL,0),(603,'playerVirtual6','playerVirtual6_c4eed53f29',4,'2018-02-16 20:56:41',NULL,0),(604,'playerVirtual15','playerVirtual15_61e9bf8ce9',3,'2018-02-16 20:57:17',NULL,0),(605,'playerVirtual2','playerVirtual2_4820318661',1,'2018-02-16 20:57:26',NULL,0),(606,'playerVirtual2','playerVirtual2_9d292076db',4,'2018-02-16 20:57:26',NULL,0),(607,'playerVirtual2','playerVirtual2_4820318661',1,'2018-02-16 20:57:26',NULL,0),(608,'playerVirtual13','playerVirtual13_4246147567',1,'2018-02-16 20:57:57',NULL,0),(609,'playerVirtual13','playerVirtual13_fc633f8be5',4,'2018-02-16 20:57:57',NULL,0),(610,'playerVirtual13','playerVirtual13_4246147567',1,'2018-02-16 20:57:57',NULL,0),(611,'playerVirtual18','playerVirtual18_0ce69bb26c',4,'2018-02-16 21:02:22',NULL,0),(612,'playerVirtual14','playerVirtual14_1f6b1c4ed5',4,'2018-02-16 21:03:40',NULL,0),(613,'playerVirtual10','playerVirtual10_6370662053',0,'2018-02-16 21:06:44',NULL,0),(614,'playerVirtual10','playerVirtual10_6370662053',0,'2018-02-16 21:06:44',NULL,0),(615,'playerVirtual10','playerVirtual10_1f87204570',4,'2018-02-16 21:07:44',NULL,0),(616,'playerVirtual13','playerVirtual13_4246147567',0,'2018-02-16 21:09:19',NULL,0),(617,'playerVirtual13','playerVirtual13_8822cc36dd',3,'2018-02-16 21:09:19',NULL,0),(618,'playerVirtual17','playerVirtual17_fb7cba6cf4',4,'2018-02-16 21:12:03',NULL,0),(619,'playerVirtual10','playerVirtual10_990694203',0,'2018-02-16 21:17:45',NULL,0),(620,'playerVirtual10','playerVirtual10_990694203',0,'2018-02-16 21:17:45',NULL,0),(621,'playerVirtual2','playerVirtual2_539194189',0,'2018-02-16 21:18:26',NULL,0),(622,'playerVirtual2','playerVirtual2_539194189',0,'2018-02-16 21:18:26',NULL,0),(623,'playerVirtual10','playerVirtual10_54aefabba6',3,'2018-02-16 21:18:45',NULL,0),(624,'playerVirtual2','playerVirtual2_33883117d6',3,'2018-02-16 21:19:26',NULL,0),(625,'playerVirtual19','playerVirtual19_794070039',0,'2018-02-16 21:19:40',NULL,0),(626,'playerVirtual19','playerVirtual19_794070039',0,'2018-02-16 21:19:41',NULL,0),(627,'playerVirtual6','playerVirtual6_4246147567',0,'2018-02-16 21:20:41',NULL,0),(628,'playerVirtual6','playerVirtual6_62eda5a7ba',3,'2018-02-16 21:20:41',NULL,0),(629,'playerVirtual19','playerVirtual19_49a0be7d90',3,'2018-02-16 21:20:41',NULL,0),(630,'playerVirtual6','playerVirtual6_4246147567',0,'2018-02-16 21:20:41',NULL,0),(631,'playerVirtual16','playerVirtual16_4246147567',0,'2018-02-16 21:23:49',NULL,0),(632,'playerVirtual16','playerVirtual16_db5485d948',3,'2018-02-16 21:23:49',NULL,0),(633,'playerVirtual16','playerVirtual16_4246147567',0,'2018-02-16 21:23:49',NULL,0),(634,'playerVirtual17','playerVirtual17_a0f17e7d2a',3,'2018-02-16 21:23:55',NULL,0),(635,'playerVirtual14','playerVirtual14_b13a99095a',3,'2018-02-16 21:25:22',NULL,0),(636,'playerVirtual18','playerVirtual18_dd7c071d8e',3,'2018-02-16 21:27:34',NULL,0),(637,'playerVirtual15','playerVirtual15_990694203',1,'2018-02-16 21:28:10',NULL,0),(638,'playerVirtual15','playerVirtual15_e350cd8707',4,'2018-02-16 21:28:10',NULL,0),(639,'playerVirtual15','playerVirtual15_990694203',1,'2018-02-16 21:28:11',NULL,0),(640,'playerVirtual16','playerVirtual16_4246147567',1,'2018-02-16 21:29:30',NULL,0),(641,'playerVirtual16','playerVirtual16_5ad3e16008',4,'2018-02-16 21:29:30',NULL,0),(642,'playerVirtual16','playerVirtual16_4246147567',1,'2018-02-16 21:29:30',NULL,0),(643,'playerVirtual6','playerVirtual6_1422f10e5f',4,'2018-02-16 21:35:23',NULL,0),(644,'playerVirtual19','playerVirtual19_4246147567',0,'2018-02-16 21:37:25',NULL,0),(645,'playerVirtual19','playerVirtual19_660db583a5',4,'2018-02-16 21:37:25',NULL,0),(646,'playerVirtual19','playerVirtual19_4246147567',0,'2018-02-16 21:37:25',NULL,0),(647,'playerVirtual15','playerVirtual15_38442eaabe',3,'2018-02-16 21:39:20',NULL,0),(648,'playerVirtual2','playerVirtual2_4246147567',0,'2018-02-16 21:39:34',NULL,0),(649,'playerVirtual2','playerVirtual2_a486aec4ae',4,'2018-02-16 21:39:35',NULL,0),(650,'playerVirtual2','playerVirtual2_4246147567',0,'2018-02-16 21:39:35',NULL,0),(651,'playerVirtual18','playerVirtual18_430e480ae4',4,'2018-02-16 21:41:55',NULL,0),(652,'playerVirtual14','playerVirtual14_d3b3096b0d',4,'2018-02-16 21:43:27',NULL,0),(653,'playerVirtual10','playerVirtual10_990694203',1,'2018-02-16 21:48:35',NULL,0),(654,'playerVirtual10','playerVirtual10_8651229e39',4,'2018-02-16 21:48:35',NULL,0),(655,'playerVirtual10','playerVirtual10_990694203',1,'2018-02-16 21:48:36',NULL,0),(656,'playerVirtual17','playerVirtual17_990694203',0,'2018-02-16 21:53:55',NULL,0),(657,'playerVirtual17','playerVirtual17_3ccc4d6ea0',4,'2018-02-16 21:53:55',NULL,0),(658,'playerVirtual17','playerVirtual17_990694203',0,'2018-02-16 21:53:56',NULL,0),(659,'playerVirtual6','playerVirtual6_5297461910',1,'2018-02-16 22:00:03',NULL,0),(660,'playerVirtual6','playerVirtual6_866222416f',3,'2018-02-16 22:00:03',NULL,0),(661,'playerVirtual6','playerVirtual6_5297461910',1,'2018-02-16 22:00:04',NULL,0),(662,'playerVirtual2','playerVirtual2_4246147567',1,'2018-02-16 22:00:34',NULL,0),(663,'playerVirtual2','playerVirtual2_8ba86cc0a8',3,'2018-02-16 22:00:34',NULL,0),(664,'playerVirtual2','playerVirtual2_4246147567',1,'2018-02-16 22:00:34',NULL,0),(665,'playerVirtual10','playerVirtual10_6391374318',0,'2018-02-16 22:01:31',NULL,0),(666,'playerVirtual10','playerVirtual10_6391374318',0,'2018-02-16 22:01:31',NULL,0),(667,'playerVirtual19','playerVirtual19_547e9384a4',3,'2018-02-16 22:02:16',NULL,0),(668,'playerVirtual10','playerVirtual10_43b7161a3a',3,'2018-02-16 22:02:33',NULL,0),(669,'playerVirtual17','playerVirtual17_990694203',1,'2018-02-16 22:05:47',NULL,0),(670,'playerVirtual17','playerVirtual17_6ce941b1fa',3,'2018-02-16 22:05:48',NULL,0),(671,'playerVirtual17','playerVirtual17_990694203',1,'2018-02-16 22:05:48',NULL,0),(672,'playerVirtual16','playerVirtual16_359920779',0,'2018-02-16 22:05:55',NULL,0),(673,'playerVirtual16','playerVirtual16_359920779',0,'2018-02-16 22:05:55',NULL,0),(674,'playerVirtual16','playerVirtual16_9aae2f212f',3,'2018-02-16 22:06:55',NULL,0);
/*!40000 ALTER TABLE `REQUEST` ENABLE KEYS */;
UNLOCK TABLES;

--
-- Table structure for table `STATUS`
--

DROP TABLE IF EXISTS `STATUS`;
/*!40101 SET @saved_cs_client     = @@character_set_client */;
/*!40101 SET character_set_client = utf8 */;
CREATE TABLE `STATUS` (
  `id` int(11) NOT NULL AUTO_INCREMENT,
  `players` int(11) DEFAULT '0',
  `all_requests` int(11) DEFAULT '0',
  `accepts` int(11) DEFAULT '0',
  `rejects` int(11) DEFAULT '0',
  `fairness` float DEFAULT '0',
  `timestamp` timestamp NULL DEFAULT NULL,
  PRIMARY KEY (`id`)
) ENGINE=InnoDB AUTO_INCREMENT=52 DEFAULT CHARSET=utf8;
/*!40101 SET character_set_client = @saved_cs_client */;

--
-- Dumping data for table `STATUS`
--

LOCK TABLES `STATUS` WRITE;
/*!40000 ALTER TABLE `STATUS` DISABLE KEYS */;
INSERT INTO `STATUS` VALUES (1,0,0,0,0,0,'2018-02-16 17:57:09'),(2,20,20,15,5,0.75,'2018-02-16 18:02:09'),(3,20,50,38,12,0.76,'2018-02-16 18:07:09'),(4,20,58,45,13,0.775862,'2018-02-16 18:12:09'),(5,20,70,53,17,0.757143,'2018-02-16 18:17:10'),(6,20,77,54,23,0.701299,'2018-02-16 18:22:10'),(7,20,80,56,24,0.7,'2018-02-16 18:27:10'),(8,20,83,58,25,0.698795,'2018-02-16 18:32:10'),(9,20,88,61,27,0.693182,'2018-02-16 18:37:10'),(10,20,91,62,29,0.681319,'2018-02-16 18:42:10'),(11,20,94,64,30,0.680851,'2018-02-16 18:47:11'),(12,20,97,65,32,0.670103,'2018-02-16 18:52:11'),(13,20,102,68,34,0.666667,'2018-02-16 18:57:11'),(14,20,105,69,36,0.657143,'2018-02-16 19:02:11'),(15,20,107,70,37,0.654206,'2018-02-16 19:07:11'),(16,20,111,72,39,0.648649,'2018-02-16 19:12:11'),(17,20,112,72,40,0.642857,'2018-02-16 19:17:11'),(18,20,113,73,40,0.646018,'2018-02-16 19:22:12'),(19,20,116,75,41,0.646552,'2018-02-16 19:27:12'),(20,20,117,76,41,0.649573,'2018-02-16 19:32:12'),(21,20,118,76,42,0.644068,'2018-02-16 19:37:12'),(22,20,121,77,44,0.636364,'2018-02-16 19:42:12'),(23,20,123,79,44,0.642276,'2018-02-16 19:47:12'),(24,20,125,80,45,0.64,'2018-02-16 19:52:13'),(25,20,127,82,45,0.645669,'2018-02-16 19:57:13'),(26,20,128,83,45,0.648438,'2018-02-16 20:02:13'),(27,20,130,85,45,0.653846,'2018-02-16 20:07:13'),(28,20,135,87,48,0.644444,'2018-02-16 20:12:13'),(29,20,135,87,48,0.644444,'2018-02-16 20:17:13'),(30,20,135,88,47,0.651852,'2018-02-16 20:22:13'),(31,20,135,88,47,0.651852,'2018-02-16 20:27:14'),(32,20,136,89,47,0.654412,'2018-02-16 20:32:14'),(33,20,136,90,46,0.661765,'2018-02-16 20:37:14'),(34,20,138,91,47,0.65942,'2018-02-16 20:42:14'),(35,20,139,92,47,0.66187,'2018-02-16 20:47:14'),(36,20,141,93,48,0.659574,'2018-02-16 20:52:14'),(37,20,143,95,48,0.664336,'2018-02-16 20:57:15'),(38,20,143,95,48,0.664336,'2018-02-16 21:02:15'),(39,20,144,95,49,0.659722,'2018-02-16 21:07:15'),(40,20,144,95,49,0.659722,'2018-02-16 21:12:15'),(41,20,144,95,49,0.659722,'2018-02-16 21:17:15'),(42,20,148,98,50,0.662162,'2018-02-16 21:22:15'),(43,20,149,99,50,0.66443,'2018-02-16 21:27:16'),(44,20,149,99,50,0.66443,'2018-02-16 21:32:16'),(45,20,149,99,50,0.66443,'2018-02-16 21:37:16'),(46,20,151,101,50,0.668874,'2018-02-16 21:42:16'),(47,20,151,101,50,0.668874,'2018-02-16 21:47:16'),(48,20,151,101,50,0.668874,'2018-02-16 21:52:16'),(49,20,152,102,50,0.671053,'2018-02-16 21:57:17'),(50,20,153,102,51,0.666667,'2018-02-16 22:02:17'),(51,20,154,103,51,0.668831,'2018-02-16 22:07:17');
/*!40000 ALTER TABLE `STATUS` ENABLE KEYS */;
UNLOCK TABLES;

--
-- Table structure for table `THRESHOLD`
--

DROP TABLE IF EXISTS `THRESHOLD`;
/*!40101 SET @saved_cs_client     = @@character_set_client */;
/*!40101 SET character_set_client = utf8 */;
CREATE TABLE `THRESHOLD` (
  `division` int(11) NOT NULL,
  `botton` float DEFAULT '0',
  `top` float DEFAULT '0',
  PRIMARY KEY (`division`)
) ENGINE=InnoDB DEFAULT CHARSET=utf8;
/*!40101 SET character_set_client = @saved_cs_client */;

--
-- Dumping data for table `THRESHOLD`
--

LOCK TABLES `THRESHOLD` WRITE;
/*!40000 ALTER TABLE `THRESHOLD` DISABLE KEYS */;
INSERT INTO `THRESHOLD` VALUES (1,8.76,20),(2,4.38,8.76),(3,0,4.38);
/*!40000 ALTER TABLE `THRESHOLD` ENABLE KEYS */;
UNLOCK TABLES;

--
-- Table structure for table `VM`
--

DROP TABLE IF EXISTS `VM`;
/*!40101 SET @saved_cs_client     = @@character_set_client */;
/*!40101 SET character_set_client = utf8 */;
CREATE TABLE `VM` (
  `id` int(11) NOT NULL AUTO_INCREMENT,
  `origin_add` varchar(45) NOT NULL,
  `origin_id` varchar(45) NOT NULL,
  `origin_name` varchar(45) NOT NULL,
  `destiny_add` varchar(45) NOT NULL,
  `destiny_name` varchar(45) NOT NULL,
  `destiny_id` varchar(45) NOT NULL,
  `status` tinyint(1) NOT NULL,
  `vcpus` int(11) NOT NULL,
  `mem` bigint(20) NOT NULL,
  `disk` bigint(20) NOT NULL,
  `timestamp_received` timestamp NULL DEFAULT NULL,
  `timestamp_finished` timestamp NULL DEFAULT NULL,
  PRIMARY KEY (`id`)
) ENGINE=InnoDB AUTO_INCREMENT=155 DEFAULT CHARSET=utf8;
/*!40101 SET character_set_client = @saved_cs_client */;

--
-- Dumping data for table `VM`
--

LOCK TABLES `VM` WRITE;
/*!40000 ALTER TABLE `VM` DISABLE KEYS */;
INSERT INTO `VM` VALUES (1,'192.168.0.200','playerVirtual1_450512000','playerVirtual1','192.168.0.200','playerVirtual11','playerVirtual11_97b8f2ff49',1,1,2048,20,'2018-02-16 17:59:25',NULL),(2,'192.168.0.200','playerVirtual11_1438244924','playerVirtual11','192.168.0.200','playerVirtual1','playerVirtual1_085fafbb05',2,1,2048,20,'2018-02-16 17:59:27','2018-02-16 18:24:50'),(3,'192.168.0.200','playerVirtual4_640692267','playerVirtual4','192.168.0.200','playerVirtual8','playerVirtual8_c064422947',1,1,512,1,'2018-02-16 17:59:30',NULL),(4,'192.168.0.200','playerVirtual8_2381571381','playerVirtual8','192.168.0.200','playerVirtual4','playerVirtual8_2381571381',0,1,2048,20,'2018-02-16 17:59:33','2018-02-16 17:59:33'),(5,'192.168.0.200','playerVirtual2_5297461910','playerVirtual2','192.168.0.200','playerVirtual13','playerVirtual13_b5a8124a4e',3,1,512,1,'2018-02-16 17:59:34','2018-02-16 18:34:45'),(6,'192.168.0.200','playerVirtual13_2790332778','playerVirtual13','192.168.0.200','playerVirtual2','playerVirtual2_0de9dd6818',1,2,4096,40,'2018-02-16 17:59:37',NULL),(7,'192.168.0.200','playerVirtual3_369721705','playerVirtual3','192.168.0.200','playerVirtual6','playerVirtual6_ccf76459ba',1,2,4096,40,'2018-02-16 17:59:39',NULL),(8,'192.168.0.200','playerVirtual6_317469422','playerVirtual6','192.168.0.200','playerVirtual3','playerVirtual6_317469422',0,2,4096,40,'2018-02-16 17:59:39','2018-02-16 17:59:39'),(9,'192.168.0.200','playerVirtual15_6955737','playerVirtual15','192.168.0.200','playerVirtual17','playerVirtual17_12c7bce984',3,1,2048,20,'2018-02-16 17:59:39','2018-02-16 18:19:09'),(10,'192.168.0.200','playerVirtual19_257338104','playerVirtual19','192.168.0.200','playerVirtual15','playerVirtual15_fcc00553ee',1,2,4096,40,'2018-02-16 17:59:40',NULL),(11,'192.168.0.200','playerVirtual17_3584940347','playerVirtual17','192.168.0.200','playerVirtual19','playerVirtual19_8096d7166b',1,1,512,1,'2018-02-16 17:59:41',NULL),(12,'192.168.0.200','playerVirtual5_2433236783','playerVirtual5','192.168.0.200','playerVirtual9','playerVirtual9_1a885d9500',1,1,2048,20,'2018-02-16 17:59:41',NULL),(13,'192.168.0.200','playerVirtual9_3338579772','playerVirtual9','192.168.0.200','playerVirtual5','playerVirtual5_05a55272f8',3,1,2048,20,'2018-02-16 17:59:42','2018-02-16 18:20:54'),(14,'192.168.0.200','playerVirtual7_257407216','playerVirtual7','192.168.0.200','playerVirtual14','playerVirtual14_d94e6cc4de',1,2,4096,40,'2018-02-16 17:59:42',NULL),(15,'192.168.0.200','playerVirtual14_182859403','playerVirtual14','192.168.0.200','playerVirtual7','playerVirtual14_182859403',0,1,512,1,'2018-02-16 17:59:49','2018-02-16 17:59:49'),(16,'192.168.0.200','playerVirtual12_2359368952','playerVirtual12','192.168.0.200','playerVirtual0','playerVirtual12_2359368952',0,1,512,1,'2018-02-16 17:59:52','2018-02-16 17:59:52'),(17,'192.168.0.200','playerVirtual0_16917741','playerVirtual0','192.168.0.200','playerVirtual12','playerVirtual12_7cd9f34069',2,1,512,1,'2018-02-16 17:59:57','2018-02-16 19:52:48'),(18,'192.168.0.200','playerVirtual16_2545640208','playerVirtual16','192.168.0.200','playerVirtual18','playerVirtual18_0cd66378ed',1,1,2048,20,'2018-02-16 18:00:04',NULL),(19,'192.168.0.200','playerVirtual18_908315','playerVirtual18','192.168.0.200','playerVirtual16','playerVirtual16_115cc07b56',3,1,2048,20,'2018-02-16 18:00:06','2018-02-16 18:42:03'),(20,'192.168.0.200','playerVirtual10_539194189','playerVirtual10','192.168.0.200','playerVirtual11','playerVirtual10_539194189',0,1,2048,20,'2018-02-16 18:00:14','2018-02-16 18:00:14'),(21,'192.168.0.200','playerVirtual1_4820204870','playerVirtual1','192.168.0.200','playerVirtual10','playerVirtual10_d7fa8d6041',3,2,4096,40,'2018-02-16 18:02:51','2018-02-16 18:16:14'),(22,'192.168.0.200','playerVirtual11_8058564','playerVirtual11','192.168.0.200','playerVirtual1','playerVirtual1_79386907da',1,1,2048,20,'2018-02-16 18:03:40',NULL),(23,'192.168.0.200','playerVirtual4_1429160667','playerVirtual4','192.168.0.200','playerVirtual8','playerVirtual8_c14a6fa120',1,1,2048,20,'2018-02-16 18:03:41',NULL),(24,'192.168.0.200','playerVirtual8_3338010893','playerVirtual8','192.168.0.200','playerVirtual4','playerVirtual8_3338010893',0,1,512,1,'2018-02-16 18:03:44','2018-02-16 18:03:44'),(25,'192.168.0.200','playerVirtual2_82730999','playerVirtual2','192.168.0.200','playerVirtual13','playerVirtual13_f9a6075730',3,1,512,1,'2018-02-16 18:03:49','2018-02-16 19:49:02'),(26,'192.168.0.200','playerVirtual13_351652724','playerVirtual13','192.168.0.200','playerVirtual2','playerVirtual2_c0b5049df2',1,1,2048,20,'2018-02-16 18:03:51',NULL),(27,'192.168.0.200','playerVirtual3_6571218','playerVirtual3','192.168.0.200','playerVirtual6','playerVirtual6_df304d7e1b',1,1,2048,20,'2018-02-16 18:03:52',NULL),(28,'192.168.0.200','playerVirtual6_778566023','playerVirtual6','192.168.0.200','playerVirtual3','playerVirtual6_778566023',0,1,512,1,'2018-02-16 18:03:54','2018-02-16 18:03:54'),(29,'192.168.0.200','playerVirtual15_1436344784','playerVirtual15','192.168.0.200','playerVirtual17','playerVirtual17_d316b15f9e',3,1,2048,20,'2018-02-16 18:03:58','2018-02-16 18:30:56'),(30,'192.168.0.200','playerVirtual19_1339662','playerVirtual19','192.168.0.200','playerVirtual15','playerVirtual15_e8793f587e',1,1,2048,20,'2018-02-16 18:04:03',NULL),(31,'192.168.0.200','playerVirtual17_317497342','playerVirtual17','192.168.0.200','playerVirtual19','playerVirtual19_99a2ffa737',1,1,512,1,'2018-02-16 18:04:03',NULL),(32,'192.168.0.200','playerVirtual5_284794223','playerVirtual5','192.168.0.200','playerVirtual9','playerVirtual9_3e886f2084',1,1,2048,20,'2018-02-16 18:04:04',NULL),(33,'192.168.0.200','playerVirtual9_359920779','playerVirtual9','192.168.0.200','playerVirtual5','playerVirtual5_86f90294a2',2,1,512,1,'2018-02-16 18:04:04','2018-02-16 19:19:26'),(34,'192.168.0.200','playerVirtual7_904011','playerVirtual7','192.168.0.200','playerVirtual14','playerVirtual14_51eecbadd1',2,1,2048,20,'2018-02-16 18:04:04','2018-02-16 18:38:32'),(35,'192.168.0.200','playerVirtual14_2904109077','playerVirtual14','192.168.0.200','playerVirtual7','playerVirtual14_2904109077',0,1,512,1,'2018-02-16 18:04:05','2018-02-16 18:04:05'),(36,'192.168.0.200','playerVirtual12_257338074','playerVirtual12','192.168.0.200','playerVirtual0','playerVirtual12_257338074',0,2,4096,40,'2018-02-16 18:04:05','2018-02-16 18:04:05'),(37,'192.168.0.200','playerVirtual0_905614','playerVirtual0','192.168.0.200','playerVirtual12','playerVirtual12_a8bc4cff70',1,1,2048,20,'2018-02-16 18:04:05',NULL),(38,'192.168.0.200','playerVirtual16_1093460','playerVirtual16','192.168.0.200','playerVirtual18','playerVirtual18_111d7d0271',1,1,512,1,'2018-02-16 18:04:05',NULL),(39,'192.168.0.200','playerVirtual18_6569547','playerVirtual18','192.168.0.200','playerVirtual16','playerVirtual16_19fa449295',1,1,2048,20,'2018-02-16 18:04:06',NULL),(40,'192.168.0.200','playerVirtual10_470485660','playerVirtual10','192.168.0.200','playerVirtual11','playerVirtual10_470485660',0,2,4096,40,'2018-02-16 18:04:06','2018-02-16 18:04:06'),(41,'192.168.0.200','playerVirtual1_30788568','playerVirtual1','192.168.0.200','playerVirtual10','playerVirtual10_8d6c1b0c10',1,1,512,1,'2018-02-16 18:06:07',NULL),(42,'192.168.0.200','playerVirtual11_5792765','playerVirtual11','192.168.0.200','playerVirtual1','playerVirtual1_2e4fc2d8f3',2,1,512,1,'2018-02-16 18:06:08','2018-02-16 20:13:46'),(43,'192.168.0.200','playerVirtual4_38671842','playerVirtual4','192.168.0.200','playerVirtual8','playerVirtual8_7f710324dd',1,1,512,1,'2018-02-16 18:06:18',NULL),(44,'192.168.0.200','playerVirtual8_400453824','playerVirtual8','192.168.0.200','playerVirtual4','playerVirtual8_400453824',0,1,512,1,'2018-02-16 18:06:21','2018-02-16 18:06:21'),(45,'192.168.0.200','playerVirtual2_4820318661','playerVirtual2','192.168.0.200','playerVirtual13','playerVirtual13_b1522adde9',3,2,4096,40,'2018-02-16 18:06:30','2018-02-16 20:57:27'),(46,'192.168.0.200','playerVirtual13_4819935267','playerVirtual13','192.168.0.200','playerVirtual2','playerVirtual2_7f06140ef1',1,2,4096,40,'2018-02-16 18:06:35',NULL),(47,'192.168.0.200','playerVirtual6_6264344062','playerVirtual6','192.168.0.200','playerVirtual3','playerVirtual6_6264344062',0,1,512,1,'2018-02-16 18:06:39','2018-02-16 18:06:39'),(48,'192.168.0.200','playerVirtual3_4820217293','playerVirtual3','192.168.0.200','playerVirtual6','playerVirtual6_0ba7296077',1,2,4096,40,'2018-02-16 18:06:40',NULL),(49,'192.168.0.200','playerVirtual15_2378747961','playerVirtual15','192.168.0.200','playerVirtual17','playerVirtual17_b4e753bf8c',3,1,512,1,'2018-02-16 18:06:50','2018-02-16 18:26:42'),(50,'192.168.0.200','playerVirtual19_5068098508','playerVirtual19','192.168.0.200','playerVirtual15','playerVirtual15_e27140c67e',3,1,2048,20,'2018-02-16 18:06:54','2018-02-16 18:51:56'),(51,'192.168.0.200','playerVirtual17_227443932','playerVirtual17','192.168.0.200','playerVirtual19','playerVirtual19_42bde32b29',1,1,2048,20,'2018-02-16 18:08:11',NULL),(52,'192.168.0.200','playerVirtual5_1095593','playerVirtual5','192.168.0.200','playerVirtual9','playerVirtual9_593ec42400',3,1,512,1,'2018-02-16 18:08:11','2018-02-16 18:40:45'),(53,'192.168.0.200','playerVirtual9_2148750930','playerVirtual9','192.168.0.200','playerVirtual5','playerVirtual5_6e5d76efff',2,1,2048,20,'2018-02-16 18:08:15','2018-02-16 21:00:48'),(54,'192.168.0.200','playerVirtual14_765651','playerVirtual14','192.168.0.200','playerVirtual12','playerVirtual14_765651',0,1,2048,20,'2018-02-16 18:08:29','2018-02-16 18:08:29'),(55,'192.168.0.200','playerVirtual16_5623125514','playerVirtual16','192.168.0.200','playerVirtual14','playerVirtual14_e148371f39',1,1,2048,20,'2018-02-16 18:08:51',NULL),(56,'192.168.0.200','playerVirtual18_284757920','playerVirtual18','192.168.0.200','playerVirtual16','playerVirtual16_3e09867d5e',1,1,2048,20,'2018-02-16 18:08:52',NULL),(57,'192.168.0.200','playerVirtual10_272887063','playerVirtual10','192.168.0.200','playerVirtual18','playerVirtual18_10f2c711cc',3,1,2048,20,'2018-02-16 18:09:03','2018-02-16 18:15:07'),(58,'192.168.0.200','playerVirtual1_6274355716','playerVirtual1','192.168.0.200','playerVirtual10','playerVirtual10_96a9d792af',3,1,512,1,'2018-02-16 18:11:43','2018-02-16 18:31:06'),(59,'192.168.0.200','playerVirtual8_4820204870','playerVirtual8','192.168.0.200','playerVirtual1','playerVirtual8_4820204870',0,2,4096,40,'2018-02-16 18:13:53','2018-02-16 18:13:53'),(60,'192.168.0.200','playerVirtual12_6282149131','playerVirtual12','192.168.0.200','playerVirtual8','playerVirtual12_6282149131',0,1,512,1,'2018-02-16 18:14:04','2018-02-16 18:14:04'),(61,'192.168.0.200','playerVirtual2_990694203','playerVirtual2','192.168.0.200','playerVirtual6','playerVirtual6_c82ea8bd6b',3,1,2048,20,'2018-02-16 18:14:15','2018-02-16 18:16:57'),(62,'192.168.0.200','playerVirtual13_990694203','playerVirtual13','192.168.0.200','playerVirtual2','playerVirtual2_b779e5de49',3,1,2048,20,'2018-02-16 18:14:31','2018-02-16 18:17:15'),(63,'192.168.0.200','playerVirtual6_6280638724','playerVirtual6','192.168.0.200','playerVirtual17','playerVirtual17_d7a9038c1b',1,1,512,1,'2018-02-16 18:14:38',NULL),(64,'192.168.0.200','playerVirtual15_4476462938','playerVirtual15','192.168.0.200','playerVirtual19','playerVirtual19_ff0df032a9',1,1,2048,20,'2018-02-16 18:14:52',NULL),(65,'192.168.0.200','playerVirtual19_272887063','playerVirtual19','192.168.0.200','playerVirtual15','playerVirtual15_c8481bd6ab',3,1,2048,20,'2018-02-16 18:15:00','2018-02-16 19:33:36'),(66,'192.168.0.200','playerVirtual17_2359368952','playerVirtual17','192.168.0.200','playerVirtual9','playerVirtual17_2359368952',0,1,512,1,'2018-02-16 18:15:04','2018-02-16 18:15:04'),(67,'192.168.0.200','playerVirtual5_1436323714','playerVirtual5','192.168.0.200','playerVirtual12','playerVirtual12_b1dfa61c1d',1,1,2048,20,'2018-02-16 18:15:16',NULL),(68,'192.168.0.200','playerVirtual9_682797','playerVirtual9','192.168.0.200','playerVirtual5','playerVirtual5_e65cfd7446',1,1,2048,20,'2018-02-16 18:15:31',NULL),(69,'192.168.0.200','playerVirtual16_16914091','playerVirtual16','192.168.0.200','playerVirtual14','playerVirtual14_b3de38297e',1,1,2048,20,'2018-02-16 18:15:35',NULL),(70,'192.168.0.200','playerVirtual18_182859403','playerVirtual18','192.168.0.200','playerVirtual16','playerVirtual16_dbb9676981',3,1,512,1,'2018-02-16 18:15:48','2018-02-16 18:32:57'),(71,'192.168.0.200','playerVirtual8_6955737','playerVirtual8','192.168.0.200','playerVirtual18','playerVirtual18_1f8108beae',1,1,2048,20,'2018-02-16 18:18:52',NULL),(72,'192.168.0.200','playerVirtual14_6285257156','playerVirtual14','192.168.0.200','playerVirtual1','playerVirtual14_6285257156',0,1,512,1,'2018-02-16 18:19:21','2018-02-16 18:19:21'),(73,'192.168.0.200','playerVirtual12_1438244924','playerVirtual12','192.168.0.200','playerVirtual8','playerVirtual12_1438244924',0,1,2048,20,'2018-02-16 18:19:43','2018-02-16 18:19:43'),(74,'192.168.0.200','playerVirtual6_1438244924','playerVirtual6','192.168.0.200','playerVirtual2','playerVirtual6_1438244924',0,1,2048,20,'2018-02-16 18:20:08','2018-02-16 18:20:08'),(75,'192.168.0.200','playerVirtual19_6289704471','playerVirtual19','192.168.0.200','playerVirtual6','playerVirtual19_6289704471',0,1,512,1,'2018-02-16 18:20:26','2018-02-16 18:20:26'),(76,'192.168.0.200','playerVirtual10_3338579772','playerVirtual10','192.168.0.200','playerVirtual13','playerVirtual10_3338579772',0,1,2048,20,'2018-02-16 18:20:45','2018-02-16 18:20:45'),(77,'192.168.0.200','playerVirtual17_1436344784','playerVirtual17','192.168.0.200','playerVirtual19','playerVirtual19_1cef63ca1e',3,1,2048,20,'2018-02-16 18:21:57','2018-02-16 19:11:42'),(78,'192.168.0.200','playerVirtual16_990694203','playerVirtual16','192.168.0.200','playerVirtual17','playerVirtual17_d8461ca7dd',3,1,2048,20,'2018-02-16 18:23:25','2018-02-16 18:30:12'),(79,'192.168.0.200','playerVirtual1_794070039','playerVirtual1','192.168.0.200','playerVirtual15','playerVirtual15_a168561e2f',2,1,512,1,'2018-02-16 18:24:39','2018-02-16 21:00:49'),(80,'192.168.0.200','playerVirtual18_6296268057','playerVirtual18','192.168.0.200','playerVirtual9','playerVirtual18_6296268057',0,1,512,1,'2018-02-16 18:24:46','2018-02-16 18:24:46'),(81,'192.168.0.200','playerVirtual2_6296865278','playerVirtual2','192.168.0.200','playerVirtual12','playerVirtual12_15a4cae1e5',1,1,512,1,'2018-02-16 18:29:20',NULL),(82,'192.168.0.200','playerVirtual14_6264344062','playerVirtual14','192.168.0.200','playerVirtual5','playerVirtual14_6264344062',0,1,2048,20,'2018-02-16 18:29:59','2018-02-16 18:29:59'),(83,'192.168.0.200','playerVirtual13_182859403','playerVirtual13','192.168.0.200','playerVirtual10','playerVirtual10_8b47731b51',3,1,512,1,'2018-02-16 18:30:41','2018-02-16 18:33:25'),(84,'192.168.0.200','playerVirtual9_990694203','playerVirtual9','192.168.0.200','playerVirtual14','playerVirtual14_fcd1504df6',3,1,2048,20,'2018-02-16 18:32:24','2018-02-16 18:37:54'),(85,'192.168.0.200','playerVirtual10_5297461910','playerVirtual10','192.168.0.200','playerVirtual16','playerVirtual16_f1646adb7a',3,1,512,1,'2018-02-16 18:33:12','2018-02-16 19:55:14'),(86,'192.168.0.200','playerVirtual19_6301942525','playerVirtual19','192.168.0.200','playerVirtual18','playerVirtual18_b10535e099',1,1,512,1,'2018-02-16 18:33:20',NULL),(87,'192.168.0.200','playerVirtual5_1095593','playerVirtual5','192.168.0.200','playerVirtual1','playerVirtual1_38db51be9d',3,1,512,1,'2018-02-16 18:34:29','2018-02-16 18:40:45'),(88,'192.168.0.200','playerVirtual17_6274355716','playerVirtual17','192.168.0.200','playerVirtual8','playerVirtual17_6274355716',0,1,512,1,'2018-02-16 18:35:50','2018-02-16 18:35:50'),(89,'192.168.0.200','playerVirtual8_4246147567','playerVirtual8','192.168.0.200','playerVirtual2','playerVirtual8_4246147567',0,2,4096,40,'2018-02-16 18:40:22','2018-02-16 18:40:22'),(90,'192.168.0.200','playerVirtual12_6289704471','playerVirtual12','192.168.0.200','playerVirtual6','playerVirtual12_6289704471',0,1,2048,20,'2018-02-16 18:41:33','2018-02-16 18:41:33'),(91,'192.168.0.200','playerVirtual6_4246147567','playerVirtual6','192.168.0.200','playerVirtual19','playerVirtual19_f4e28e8c41',3,2,4096,40,'2018-02-16 18:42:03','2018-02-16 18:50:15'),(92,'192.168.0.200','playerVirtual14_6315250734','playerVirtual14','192.168.0.200','playerVirtual17','playerVirtual17_1e245bd193',1,1,512,1,'2018-02-16 18:42:48',NULL),(93,'192.168.0.200','playerVirtual16_4246147567','playerVirtual16','192.168.0.200','playerVirtual15','playerVirtual15_0e273d49df',3,2,4096,40,'2018-02-16 18:45:34','2018-02-16 21:29:31'),(94,'192.168.0.200','playerVirtual17_4246147567','playerVirtual17','192.168.0.200','playerVirtual9','playerVirtual17_4246147567',0,2,4096,40,'2018-02-16 18:45:58','2018-02-16 18:45:58'),(95,'192.168.0.200','playerVirtual1_4246147567','playerVirtual1','192.168.0.200','playerVirtual13','playerVirtual13_9c56597a05',2,2,4096,40,'2018-02-16 18:47:14','2018-02-16 18:54:17'),(96,'192.168.0.200','playerVirtual15_4246147567','playerVirtual15','192.168.0.200','playerVirtual12','playerVirtual15_4246147567',0,2,4096,40,'2018-02-16 18:48:02','2018-02-16 18:48:02'),(97,'192.168.0.200','playerVirtual12_6322213339','playerVirtual12','192.168.0.200','playerVirtual5','playerVirtual12_6322213339',0,1,512,1,'2018-02-16 18:52:02','2018-02-16 18:52:02'),(98,'192.168.0.200','playerVirtual2_2378747961','playerVirtual2','192.168.0.200','playerVirtual14','playerVirtual14_4d144b0a41',3,1,512,1,'2018-02-16 18:52:16','2018-02-16 19:31:23'),(99,'192.168.0.200','playerVirtual13_4246147567','playerVirtual13','192.168.0.200','playerVirtual10','playerVirtual10_19ace7e104',3,2,4096,40,'2018-02-16 18:53:28','2018-02-16 20:57:57'),(100,'192.168.0.200','playerVirtual14_4246147567','playerVirtual14','192.168.0.200','playerVirtual16','playerVirtual16_3ccd9cfe3b',3,2,4096,40,'2018-02-16 18:55:34','2018-02-16 19:08:22'),(101,'192.168.0.200','playerVirtual9_990694203','playerVirtual9','192.168.0.200','playerVirtual18','playerVirtual18_4075fb66de',2,1,2048,20,'2018-02-16 18:55:48','2018-02-16 19:00:36'),(102,'192.168.0.200','playerVirtual18_1095593','playerVirtual18','192.168.0.200','playerVirtual8','playerVirtual18_1095593',0,1,512,1,'2018-02-16 18:56:24','2018-02-16 18:56:24'),(103,'192.168.0.200','playerVirtual5_4246147567','playerVirtual5','192.168.0.200','playerVirtual2','playerVirtual2_6c79c0bf30',3,2,4096,40,'2018-02-16 18:57:26','2018-02-16 19:31:31'),(104,'192.168.0.200','playerVirtual10_4246147567','playerVirtual10','192.168.0.200','playerVirtual6','playerVirtual10_4246147567',3,2,4096,40,'2018-02-16 18:57:31','2018-02-16 20:36:54'),(105,'192.168.0.200','playerVirtual2_4246147567','playerVirtual2','192.168.0.200','playerVirtual17','playerVirtual17_3f8cdf652e',3,2,4096,40,'2018-02-16 19:01:17','2018-02-16 22:00:34'),(106,'192.168.0.200','playerVirtual19_4246147567','playerVirtual19','192.168.0.200','playerVirtual15','playerVirtual15_988cb8e950',3,2,4096,40,'2018-02-16 19:04:16','2018-02-16 20:19:29'),(107,'192.168.0.200','playerVirtual8_4246147567','playerVirtual8','192.168.0.200','playerVirtual12','playerVirtual8_4246147567',0,2,4096,40,'2018-02-16 19:05:23','2018-02-16 19:05:23'),(108,'192.168.0.200','playerVirtual6_4246147567','playerVirtual6','192.168.0.200','playerVirtual13','playerVirtual6_4246147567',0,2,4096,40,'2018-02-16 19:07:17','2018-02-16 19:07:17'),(109,'192.168.0.200','playerVirtual12_4246147567','playerVirtual12','192.168.0.200','playerVirtual5','playerVirtual12_4246147567',0,2,4096,40,'2018-02-16 19:08:25','2018-02-16 19:08:25'),(110,'192.168.0.200','playerVirtual18_4246147567','playerVirtual18','192.168.0.200','playerVirtual14','playerVirtual14_becebf79d9',3,2,4096,40,'2018-02-16 19:09:01','2018-02-16 19:24:23'),(111,'192.168.0.200','playerVirtual16_4246147567','playerVirtual16','192.168.0.200','playerVirtual19','playerVirtual19_dfd1371a88',3,2,4096,40,'2018-02-16 19:11:14','2018-02-16 21:29:31'),(112,'192.168.0.200','playerVirtual15_4246147567','playerVirtual15','192.168.0.200','playerVirtual10','playerVirtual15_4246147567',0,2,4096,40,'2018-02-16 19:14:12','2018-02-16 19:14:12'),(113,'192.168.0.200','playerVirtual13_4246147567','playerVirtual13','192.168.0.200','playerVirtual18','playerVirtual18_90e12fbe48',3,2,4096,40,'2018-02-16 19:20:12','2018-02-16 20:57:57'),(114,'192.168.0.200','playerVirtual14_4246147567','playerVirtual14','192.168.0.200','playerVirtual2','playerVirtual14_4246147567',0,2,4096,40,'2018-02-16 19:23:53','2018-02-16 19:23:53'),(115,'192.168.0.200','playerVirtual5_4246147567','playerVirtual5','192.168.0.200','playerVirtual6','playerVirtual6_408a36292f',3,2,4096,40,'2018-02-16 19:25:14','2018-02-16 19:31:31'),(116,'192.168.0.200','playerVirtual10_4246147567','playerVirtual10','192.168.0.200','playerVirtual16','playerVirtual16_58a1a5f8d6',3,2,4096,40,'2018-02-16 19:25:39','2018-02-16 20:36:54'),(117,'192.168.0.200','playerVirtual17_990694203','playerVirtual17','192.168.0.200','playerVirtual15','playerVirtual15_69d511b2e5',3,1,2048,20,'2018-02-16 19:27:39','2018-02-16 22:05:48'),(118,'192.168.0.200','playerVirtual6_272887063','playerVirtual6','192.168.0.200','playerVirtual12','playerVirtual6_272887063',0,1,2048,20,'2018-02-16 19:35:38','2018-02-16 19:35:38'),(119,'192.168.0.200','playerVirtual12_4246147567','playerVirtual12','192.168.0.200','playerVirtual13','playerVirtual12_4246147567',0,2,4096,40,'2018-02-16 19:38:30','2018-02-16 19:38:30'),(120,'192.168.0.200','playerVirtual18_4246147567','playerVirtual18','192.168.0.200','playerVirtual5','playerVirtual18_4246147567',0,2,4096,40,'2018-02-16 19:39:37','2018-02-16 19:39:37'),(121,'192.168.0.200','playerVirtual16_4246147567','playerVirtual16','192.168.0.200','playerVirtual17','playerVirtual17_b6c54ad3b5',3,2,4096,40,'2018-02-16 19:39:40','2018-02-16 21:29:31'),(122,'192.168.0.200','playerVirtual15_4246147567','playerVirtual15','192.168.0.200','playerVirtual14','playerVirtual14_a3de911f6c',1,2,4096,40,'2018-02-16 19:43:01',NULL),(123,'192.168.0.200','playerVirtual6_5297461910','playerVirtual6','192.168.0.200','playerVirtual18','playerVirtual18_2e9a0d7fba',3,1,512,1,'2018-02-16 19:45:25','2018-02-16 22:00:04'),(124,'192.168.0.200','playerVirtual19_4820150269','playerVirtual19','192.168.0.200','playerVirtual10','playerVirtual19_4820150269',0,2,4096,40,'2018-02-16 19:47:17','2018-02-16 19:47:17'),(125,'192.168.0.200','playerVirtual13_82730999','playerVirtual13','192.168.0.200','playerVirtual2','playerVirtual2_f91500cb64',1,1,512,1,'2018-02-16 19:49:29',NULL),(126,'192.168.0.200','playerVirtual14_3338579772','playerVirtual14','192.168.0.200','playerVirtual19','playerVirtual19_9d7f4372c5',1,1,2048,20,'2018-02-16 19:53:46',NULL),(127,'192.168.0.200','playerVirtual13_4246147567','playerVirtual13','192.168.0.200','playerVirtual6','playerVirtual6_d15e6ed0ba',3,2,4096,40,'2018-02-16 19:54:37','2018-02-16 20:57:57'),(128,'192.168.0.200','playerVirtual17_4246147567','playerVirtual17','192.168.0.200','playerVirtual16','playerVirtual16_63687eaa22',1,2,4096,40,'2018-02-16 19:59:09',NULL),(129,'192.168.0.200','playerVirtual2_4246147567','playerVirtual2','192.168.0.200','playerVirtual12','playerVirtual12_9e1c8232d1',3,2,4096,40,'2018-02-16 20:02:50','2018-02-16 22:00:34'),(130,'192.168.0.200','playerVirtual19_4246147567','playerVirtual19','192.168.0.200','playerVirtual15','playerVirtual15_6811b1487b',3,2,4096,40,'2018-02-16 20:05:49','2018-02-16 20:19:29'),(131,'192.168.0.200','playerVirtual6_990694203','playerVirtual6','192.168.0.200','playerVirtual13','playerVirtual6_990694203',0,1,2048,20,'2018-02-16 20:08:35','2018-02-16 20:08:35'),(132,'192.168.0.200','playerVirtual14_4246147567','playerVirtual14','192.168.0.200','playerVirtual17','playerVirtual17_9bca106027',1,2,4096,40,'2018-02-16 20:09:20',NULL),(133,'192.168.0.200','playerVirtual12_6280643141','playerVirtual12','192.168.0.200','playerVirtual2','playerVirtual12_6280643141',0,1,512,1,'2018-02-16 20:09:35','2018-02-16 20:09:35'),(134,'192.168.0.200','playerVirtual16_4246147567','playerVirtual16','192.168.0.200','playerVirtual14','playerVirtual14_0f75423bb7',3,2,4096,40,'2018-02-16 20:10:24','2018-02-16 21:29:31'),(135,'192.168.0.200','playerVirtual18_4246147567','playerVirtual18','192.168.0.200','playerVirtual10','playerVirtual18_4246147567',0,2,4096,40,'2018-02-16 20:12:01','2018-02-16 20:12:01'),(136,'192.168.0.200','playerVirtual13_4246147567','playerVirtual13','192.168.0.200','playerVirtual2','playerVirtual2_44ea31011a',3,2,4096,40,'2018-02-16 20:30:24','2018-02-16 20:57:57'),(137,'192.168.0.200','playerVirtual2_904011','playerVirtual2','192.168.0.200','playerVirtual18','playerVirtual18_f1fe1fd9d8',1,1,2048,20,'2018-02-16 20:38:34',NULL),(138,'192.168.0.200','playerVirtual19_4246147567','playerVirtual19','192.168.0.200','playerVirtual6','playerVirtual19_4246147567',0,2,4096,40,'2018-02-16 20:41:08','2018-02-16 20:41:08'),(139,'192.168.0.200','playerVirtual16_4246147567','playerVirtual16','192.168.0.200','playerVirtual19','playerVirtual19_36e3daf070',3,2,4096,40,'2018-02-16 20:45:30','2018-02-16 21:29:31'),(140,'192.168.0.200','playerVirtual18_4246147567','playerVirtual18','192.168.0.200','playerVirtual16','playerVirtual16_cbbfd1018e',1,2,4096,40,'2018-02-16 20:48:02',NULL),(141,'192.168.0.200','playerVirtual15_2378747961','playerVirtual15','192.168.0.200','playerVirtual13','playerVirtual15_2378747961',0,1,512,1,'2018-02-16 20:49:06','2018-02-16 20:49:06'),(142,'192.168.0.200','playerVirtual6_16917741','playerVirtual6','192.168.0.200','playerVirtual14','playerVirtual14_c1d1f91b12',1,1,512,1,'2018-02-16 20:55:41',NULL),(143,'192.168.0.200','playerVirtual15_990694203','playerVirtual15','192.168.0.200','playerVirtual17','playerVirtual17_8c0f4becb7',3,1,2048,20,'2018-02-16 20:56:17','2018-02-16 21:28:11'),(144,'192.168.0.200','playerVirtual10_6370662053','playerVirtual10','192.168.0.200','playerVirtual2','playerVirtual10_6370662053',0,1,512,1,'2018-02-16 21:06:44','2018-02-16 21:06:44'),(145,'192.168.0.200','playerVirtual10_990694203','playerVirtual10','192.168.0.200','playerVirtual18','playerVirtual18_2f91e39b78',3,1,2048,20,'2018-02-16 21:17:45','2018-02-16 21:48:36'),(146,'192.168.0.200','playerVirtual2_539194189','playerVirtual2','192.168.0.200','playerVirtual10','playerVirtual10_aab188ff42',1,1,2048,20,'2018-02-16 21:18:26',NULL),(147,'192.168.0.200','playerVirtual19_794070039','playerVirtual19','192.168.0.200','playerVirtual6','playerVirtual19_794070039',0,1,512,1,'2018-02-16 21:19:41','2018-02-16 21:19:41'),(148,'192.168.0.200','playerVirtual6_4246147567','playerVirtual6','192.168.0.200','playerVirtual19','playerVirtual19_5d8cd7eada',1,2,4096,40,'2018-02-16 21:20:41',NULL),(149,'192.168.0.200','playerVirtual16_4246147567','playerVirtual16','192.168.0.200','playerVirtual15','playerVirtual15_551a6de69a',3,2,4096,40,'2018-02-16 21:23:49','2018-02-16 21:29:31'),(150,'192.168.0.200','playerVirtual19_4246147567','playerVirtual19','192.168.0.200','playerVirtual16','playerVirtual16_6f484c0abf',1,2,4096,40,'2018-02-16 21:37:25',NULL),(151,'192.168.0.200','playerVirtual2_4246147567','playerVirtual2','192.168.0.200','playerVirtual18','playerVirtual18_c527764f84',3,2,4096,40,'2018-02-16 21:39:35','2018-02-16 22:00:34'),(152,'192.168.0.200','playerVirtual17_990694203','playerVirtual17','192.168.0.200','playerVirtual14','playerVirtual14_9d3fa3c8c1',3,1,2048,20,'2018-02-16 21:53:56','2018-02-16 22:05:48'),(153,'192.168.0.200','playerVirtual10_6391374318','playerVirtual10','192.168.0.200','playerVirtual2','playerVirtual10_6391374318',0,1,512,1,'2018-02-16 22:01:31','2018-02-16 22:01:31'),(154,'192.168.0.200','playerVirtual16_359920779','playerVirtual16','192.168.0.200','playerVirtual17','playerVirtual17_40ba1f3ffa',1,1,512,1,'2018-02-16 22:05:55',NULL);
/*!40000 ALTER TABLE `VM` ENABLE KEYS */;
UNLOCK TABLES;
/*!40103 SET TIME_ZONE=@OLD_TIME_ZONE */;

/*!40101 SET SQL_MODE=@OLD_SQL_MODE */;
/*!40014 SET FOREIGN_KEY_CHECKS=@OLD_FOREIGN_KEY_CHECKS */;
/*!40014 SET UNIQUE_CHECKS=@OLD_UNIQUE_CHECKS */;
/*!40101 SET CHARACTER_SET_CLIENT=@OLD_CHARACTER_SET_CLIENT */;
/*!40101 SET CHARACTER_SET_RESULTS=@OLD_CHARACTER_SET_RESULTS */;
/*!40101 SET COLLATION_CONNECTION=@OLD_COLLATION_CONNECTION */;
/*!40111 SET SQL_NOTES=@OLD_SQL_NOTES */;

-- Dump completed on 2018-02-16 20:07:20
