-- MySQL dump 10.14  Distrib 5.5.58-MariaDB, for debian-linux-gnu (x86_64)
--
-- Host: localhost    Database: mct
-- ------------------------------------------------------
-- Server version	5.5.58-MariaDB-1ubuntu0.14.04.1

/*!40101 SET @OLD_CHARACTER_SET_CLIENT=@@CHARACTER_SET_CLIENT */;
/*!40101 SET @OLD_CHARACTER_SET_RESULTS=@@CHARACTER_SET_RESULTS */;
/*!40101 SET @OLD_COLLATION_CONNECTION=@@COLLATION_CONNECTION */;
/*!40101 SET NAMES utf8 */;
/*!40103 SET @OLD_TIME_ZONE=@@TIME_ZONE */;
/*!40103 SET TIME_ZONE='+00:00' */;
/*!40014 SET @OLD_UNIQUE_CHECKS=@@UNIQUE_CHECKS, UNIQUE_CHECKS=0 */;
/*!40014 SET @OLD_FOREIGN_KEY_CHECKS=@@FOREIGN_KEY_CHECKS, FOREIGN_KEY_CHECKS=0 */;
/*!40101 SET @OLD_SQL_MODE=@@SQL_MODE, SQL_MODE='NO_AUTO_VALUE_ON_ZERO' */;
/*!40111 SET @OLD_SQL_NOTES=@@SQL_NOTES, SQL_NOTES=0 */;

--
-- Table structure for table `FIELDS`
--

DROP TABLE IF EXISTS `FIELDS`;
/*!40101 SET @saved_cs_client     = @@character_set_client */;
/*!40101 SET character_set_client = utf8 */;
CREATE TABLE `FIELDS` (
  `operation` int(11) NOT NULL,
  `fields` varchar(45) NOT NULL,
  PRIMARY KEY (`operation`)
) ENGINE=InnoDB DEFAULT CHARSET=utf8;
/*!40101 SET character_set_client = @saved_cs_client */;

--
-- Dumping data for table `FIELDS`
--

LOCK TABLES `FIELDS` WRITE;
/*!40000 ALTER TABLE `FIELDS` DISABLE KEYS */;
INSERT INTO `FIELDS` VALUES (0,'name mem image vcpus disk uuid');
/*!40000 ALTER TABLE `FIELDS` ENABLE KEYS */;
UNLOCK TABLES;

--
-- Table structure for table `PLAYER`
--

DROP TABLE IF EXISTS `PLAYER`;
/*!40101 SET @saved_cs_client     = @@character_set_client */;
/*!40101 SET character_set_client = utf8 */;
CREATE TABLE `PLAYER` (
  `id` int(11) NOT NULL AUTO_INCREMENT,
  `name` varchar(45) NOT NULL,
  `address` varchar(45) NOT NULL,
  `division` int(11) DEFAULT NULL,
  `score` float DEFAULT '0',
  `history` int(11) DEFAULT '0',
  `fairness` float DEFAULT '0',
  `accepts` int(11) DEFAULT '0',
  `rejects` int(11) DEFAULT '0',
  `running` int(11) DEFAULT '0',
  `finished` int(11) DEFAULT '0',
  `problem_del` int(11) DEFAULT '0',
  `vcpus` int(11) DEFAULT '0',
  `memory` bigint(20) DEFAULT '0',
  `local_gb` bigint(20) DEFAULT '0',
  `vcpus_used` bigint(20) DEFAULT '0',
  `memory_used` bigint(20) DEFAULT '0',
  `local_gb_used` bigint(20) DEFAULT '0',
  `max_instance` int(11) DEFAULT '0',
  `token` varchar(45) DEFAULT NULL,
  `suspend` timestamp NULL DEFAULT NULL,
  `enabled` int(11) DEFAULT '0',
  `last_choice` timestamp NOT NULL DEFAULT '2018-01-01 02:00:00',
  `playoff` tinyint(1) DEFAULT '0',
  PRIMARY KEY (`id`)
) ENGINE=InnoDB AUTO_INCREMENT=29 DEFAULT CHARSET=utf8;
/*!40101 SET character_set_client = @saved_cs_client */;

--
-- Dumping data for table `PLAYER`
--

LOCK TABLES `PLAYER` WRITE;
/*!40000 ALTER TABLE `PLAYER` DISABLE KEYS */;
INSERT INTO `PLAYER` VALUES (1,'playerVirtual1','192.168.0.200',4,-2,0,1,1,2,0,1,0,1023,1047552,10230,0,0,0,1,'a623642dfa9ef715cbe3a5c1ddb0f65355342b3e',NULL,0,'2018-03-01 17:52:03',1),(2,'playerVirtual2','192.168.0.200',1,11.28,30,0.6875,7,0,6,1,0,1023,1047552,10230,10,18944,181,9,'bdbd92a958f64d9399d684917c11b2068f4bc72c',NULL,1,'2018-03-01 19:56:19',0),(3,'playerVirtual3','192.168.0.200',3,1.32,28,0.875,2,2,2,0,0,1023,1047552,10230,3,4608,41,2,'a191a35304e4042066c69729334e86bf05b6d45b',NULL,1,'2018-03-01 19:59:27',0),(4,'playerVirtual4','192.168.0.200',1,10.63,27,0.769231,13,0,8,5,0,1023,1047552,10230,9,12288,104,9,'d43054cc1bb0f6c3c754624870e2de7ea36d9c27',NULL,1,'2018-03-01 20:00:25',0),(5,'playerVirtual0','192.168.0.200',4,-10,0,1,0,5,0,0,0,1023,1047552,10230,0,0,0,99,'5e724a9d34d738ecc81fe0bc4d2331c7be594c93',NULL,0,'2018-03-01 18:03:00',1),(6,'playerVirtual5','192.168.0.200',1,10.62,26,0.833333,8,0,4,4,0,1023,1047552,10230,5,8704,81,5,'cfd2bcae5499c7670a56fdce127a747ee872a502',NULL,1,'2018-03-01 19:52:52',0),(7,'playerVirtual6','192.168.0.200',2,7.31,25,0.909091,7,0,7,0,0,1023,1047552,10230,8,10240,84,7,'73cfb28fe399007f1d9029b8077624ea4cbbf649',NULL,1,'2018-03-01 18:24:17',0),(8,'playerVirtual1741','192.168.0.200',4,-4,0,0,0,2,0,0,0,1023,1047552,10230,0,0,0,99,'fb69b41c1519d5d21cca271d54611825188825ea',NULL,0,'2018-03-01 18:10:21',1),(9,'playerVirtual7','192.168.0.200',3,1.33,24,0,1,1,1,0,0,1023,1047552,10230,1,512,1,1,'d2aa9ca5b355b68498aa64535e0f7bcbfd192fea',NULL,1,'2018-03-01 20:10:40',0),(10,'playerVirtual8','192.168.0.200',1,9.97,23,0.888889,12,0,6,6,0,1023,1047552,10230,6,7680,63,9,'1e131a8543a63adcb365494fbaa2dd6da1b94074',NULL,1,'2018-03-01 20:09:54',0),(11,'playerVirtual9','192.168.0.200',3,1.99,22,0.75,2,0,2,0,0,1023,1047552,10230,3,6144,60,2,'c7a0e4b4ad196212554c91c46fa6fa35e07dffc1',NULL,1,'2018-03-01 18:23:49',0),(12,'playerVirtual1578','192.168.0.200',4,-6,0,0,0,3,0,0,0,1023,1047552,10230,0,0,0,99,'5e6fe4cbbe6c1684514d3c69c7fde5db39160033',NULL,0,'2018-03-01 18:27:00',1),(13,'playerVirtual10','192.168.0.200',2,8.63,21,0.4,10,0,5,5,0,1023,1047552,10230,5,8704,81,8,'39488ef32a3e8edefe13a51c58eb7d9358a72bbb',NULL,1,'2018-03-01 19:59:12',0),(14,'playerVirtual11','192.168.0.200',3,2.66,20,1,3,0,3,0,0,1023,1047552,10230,3,3072,22,3,'20ba37932dfeed076134a15846a3ff5f3ea8d56f',NULL,1,'2018-03-01 18:36:15',0),(15,'playerVirtual1448','192.168.0.200',4,-4,0,0,0,2,0,0,0,1023,1047552,10230,0,0,0,99,'b04abedb5b91ba9fbce28a5b105ca7c5b58f9696',NULL,0,'2018-03-01 18:36:25',1),(16,'playerVirtual12','192.168.0.200',3,1.33,19,0.6,3,0,3,0,0,1023,1047552,10230,3,4608,41,3,'996b3cdff4a59a8e7108aa5bce38bd4f6bf663b4',NULL,1,'2018-03-01 18:39:33',0),(17,'playerVirtual13','192.168.0.200',2,7.97,18,0.75,8,0,3,5,0,1023,1047552,10230,3,3072,22,5,'02df2d8f6cd3fa4347b295751babf506315e42f3',NULL,1,'2018-03-01 20:06:19',0),(18,'playerVirtual1081','192.168.0.200',4,-2,0,0,0,1,0,0,0,1023,1047552,10230,0,0,0,99,'5b812d3788b0430e8e3575184ccbdd64df7eb0fd',NULL,0,'2018-03-01 18:43:17',1),(19,'playerVirtual14','192.168.0.200',2,6.64,17,1,6,0,4,2,0,1023,1047552,10230,5,7168,62,5,'63bf4279212a27ff9777ec10936cb5cfdd5468dc',NULL,1,'2018-03-01 20:09:12',0),(20,'playerVirtual15','192.168.0.200',1,9.3,4,0.333333,6,0,3,3,0,1023,1047552,10230,2,-2048,-36,5,'ca2c9a59235fb0d96df72f703f93a7f92496faa6',NULL,1,'2018-03-01 20:06:49',0),(21,'playerVirtual16','192.168.0.200',2,5.97,15,0.666667,6,0,2,4,0,1023,1047552,10230,2,4096,40,3,'db9aa23bfe4ac69ac9c40ede43fcbcdc5f10a2d2',NULL,1,'2018-03-01 20:12:56',0),(22,'playerVirtual1284','192.168.0.200',4,-4,0,0,0,2,0,0,0,1023,1047552,10230,0,0,0,99,'2aa489d923be3a7b14f5ca30ddfa4f1cc07bf21e',NULL,0,'2018-03-01 19:07:15',1),(23,'playerVirtual17','192.168.0.200',3,1.33,14,0,1,0,1,0,0,1023,1047552,10230,1,512,1,1,'5b2840842712ae4bc3fb947ef3eac379f60d7be6',NULL,1,'2018-03-01 19:02:28',0),(24,'playerVirtual18','192.168.0.200',2,7.96,13,0,5,0,2,3,0,1023,1047552,10230,4,8192,80,3,'4acb0f7effc1eb4d9c57bcc14085fff3f317dfc4',NULL,1,'2018-03-01 20:11:05',0),(25,'playerVirtual19','192.168.0.200',2,5.97,12,0.5,4,0,0,4,0,1023,1047552,10230,0,0,0,7,'2c15d97c696de2eb9dfa171d4fea149e6022d0f3',NULL,1,'2018-03-01 19:58:10',0),(26,'playerVirtual1012','192.168.0.200',4,-4,0,0,0,2,0,0,0,1023,1047552,10230,0,0,0,99,'3de702d791d88a94e5c3d7f55d79ecc13c75c43c',NULL,0,'2018-03-01 19:32:04',1),(27,'playerVirtual1224','192.168.0.200',4,-2,0,0,0,1,0,0,0,1023,1047552,10230,0,0,0,99,'0baeb9eade25af9dfda0ffce9fb44c78b576cef2',NULL,0,'2018-03-01 19:45:06',1),(28,'playerVirtual1061','192.168.0.200',3,0,0,0,0,0,0,0,0,0,0,0,0,0,0,0,'e181a95c300a3f478a77567288a35f68ee3bf21e',NULL,1,'2018-01-01 02:00:00',0);
/*!40000 ALTER TABLE `PLAYER` ENABLE KEYS */;
UNLOCK TABLES;

--
-- Table structure for table `REQUEST`
--

DROP TABLE IF EXISTS `REQUEST`;
/*!40101 SET @saved_cs_client     = @@character_set_client */;
/*!40101 SET character_set_client = utf8 */;
CREATE TABLE `REQUEST` (
  `id` int(11) NOT NULL AUTO_INCREMENT,
  `player_id` varchar(45) NOT NULL,
  `request_id` varchar(45) NOT NULL,
  `action` int(11) NOT NULL,
  `timestamp_received` timestamp NULL DEFAULT NULL,
  `timestamp_finished` timestamp NULL DEFAULT NULL,
  `status` int(11) NOT NULL,
  PRIMARY KEY (`id`)
) ENGINE=InnoDB AUTO_INCREMENT=593 DEFAULT CHARSET=utf8;
/*!40101 SET character_set_client = @saved_cs_client */;

--
-- Dumping data for table `REQUEST`
--

LOCK TABLES `REQUEST` WRITE;
/*!40000 ALTER TABLE `REQUEST` DISABLE KEYS */;
INSERT INTO `REQUEST` VALUES (1,'playerVirtual1','playerVirtual1_8ececb400a',4,'2018-03-01 17:44:42',NULL,0),(2,'playerVirtual2','playerVirtual2_ee76dcd87b',4,'2018-03-01 17:44:42',NULL,0),(3,'playerVirtual1','playerVirtual1_450512000',0,'2018-03-01 17:45:43',NULL,0),(4,'playerVirtual1','playerVirtual1_450512000',0,'2018-03-01 17:45:44',NULL,0),(5,'playerVirtual2','playerVirtual2_1438244924',0,'2018-03-01 17:45:45',NULL,0),(6,'playerVirtual2','playerVirtual2_1438244924',0,'2018-03-01 17:45:46',NULL,0),(7,'playerVirtual1','playerVirtual1_9ca01cad3a',3,'2018-03-01 17:46:43',NULL,0),(8,'playerVirtual2','playerVirtual2_2d130e00fc',3,'2018-03-01 17:46:46',NULL,0),(9,'playerVirtual1','playerVirtual1_640692267',0,'2018-03-01 17:47:49',NULL,0),(10,'playerVirtual1','playerVirtual1_640692267',0,'2018-03-01 17:47:49',NULL,0),(11,'playerVirtual2','playerVirtual2_2381571381',0,'2018-03-01 17:47:50',NULL,0),(12,'playerVirtual2','playerVirtual2_2381571381',0,'2018-03-01 17:47:50',NULL,0),(13,'playerVirtual1','playerVirtual1_49360e8882',4,'2018-03-01 17:48:49',NULL,0),(14,'playerVirtual2','playerVirtual2_9da47d8d72',4,'2018-03-01 17:48:50',NULL,0),(15,'playerVirtual3','playerVirtual3_3e0fda8923',4,'2018-03-01 17:49:40',NULL,0),(16,'playerVirtual1','playerVirtual1_5297461910',0,'2018-03-01 17:49:52',NULL,0),(17,'playerVirtual1','playerVirtual1_5297461910',0,'2018-03-01 17:49:52',NULL,0),(18,'playerVirtual2','playerVirtual2_2790332778',0,'2018-03-01 17:49:57',NULL,0),(19,'playerVirtual2','playerVirtual2_2790332778',0,'2018-03-01 17:49:58',NULL,0),(20,'playerVirtual1','playerVirtual1_c9598718ca',3,'2018-03-01 17:50:52',NULL,0),(21,'playerVirtual3','playerVirtual3_369721705',0,'2018-03-01 17:50:53',NULL,0),(22,'playerVirtual3','playerVirtual3_369721705',0,'2018-03-01 17:50:53',NULL,0),(23,'playerVirtual2','playerVirtual2_d6b22fcecd',3,'2018-03-01 17:50:58',NULL,0),(24,'playerVirtual3','playerVirtual3_9e327ae446',3,'2018-03-01 17:51:53',NULL,0),(25,'playerVirtual1','playerVirtual1_317469422',0,'2018-03-01 17:52:01',NULL,0),(26,'playerVirtual1','playerVirtual1_317469422',0,'2018-03-01 17:52:02',NULL,0),(27,'playerVirtual2','playerVirtual2_6955737',0,'2018-03-01 17:52:03',NULL,0),(28,'playerVirtual2','playerVirtual2_6955737',0,'2018-03-01 17:52:03',NULL,0),(29,'playerVirtual3','playerVirtual3_257338104',0,'2018-03-01 17:52:54',NULL,0),(30,'playerVirtual3','playerVirtual3_257338104',0,'2018-03-01 17:52:54',NULL,0),(31,'playerVirtual1','playerVirtual1_588c642bcd',4,'2018-03-01 17:53:02',NULL,0),(32,'playerVirtual2','playerVirtual2_a564bcd3df',4,'2018-03-01 17:53:03',NULL,0),(33,'playerVirtual3','playerVirtual3_64b53dc2b6',4,'2018-03-01 17:53:54',NULL,0),(34,'playerVirtual2','playerVirtual2_2433236783',0,'2018-03-01 17:54:11',NULL,0),(35,'playerVirtual2','playerVirtual2_2433236783',0,'2018-03-01 17:54:12',NULL,0),(36,'playerVirtual4','playerVirtual4_fafef2e3ce',4,'2018-03-01 17:54:42',NULL,0),(37,'playerVirtual0','playerVirtual0_f6de441fc6',4,'2018-03-01 17:54:50',NULL,0),(38,'playerVirtual3','playerVirtual3_3338579772',0,'2018-03-01 17:55:08',NULL,0),(39,'playerVirtual3','playerVirtual3_3338579772',0,'2018-03-01 17:55:08',NULL,0),(40,'playerVirtual2','playerVirtual2_146531f7be',3,'2018-03-01 17:55:11',NULL,0),(41,'playerVirtual4','playerVirtual4_257407216',0,'2018-03-01 17:55:56',NULL,0),(42,'playerVirtual3','playerVirtual3_e7537668f7',3,'2018-03-01 17:56:08',NULL,0),(43,'playerVirtual0','playerVirtual0_182859403',0,'2018-03-01 17:56:12',NULL,0),(44,'playerVirtual2','playerVirtual2_2359368952',0,'2018-03-01 17:56:28',NULL,0),(45,'playerVirtual2','playerVirtual2_2359368952',0,'2018-03-01 17:56:28',NULL,0),(46,'playerVirtual4','playerVirtual4_7946142b1b',3,'2018-03-01 17:56:56',NULL,0),(47,'playerVirtual0','playerVirtual0_5a9b4cb8bb',3,'2018-03-01 17:57:12',NULL,0),(48,'playerVirtual3','playerVirtual3_16917741',0,'2018-03-01 17:57:22',NULL,0),(49,'playerVirtual3','playerVirtual3_16917741',0,'2018-03-01 17:57:22',NULL,0),(50,'playerVirtual2','playerVirtual2_3c2e6ec196',4,'2018-03-01 17:57:28',NULL,0),(51,'playerVirtual4','playerVirtual4_2545640208',0,'2018-03-01 17:58:19',NULL,0),(52,'playerVirtual4','playerVirtual4_2545640208',0,'2018-03-01 17:58:19',NULL,0),(53,'playerVirtual3','playerVirtual3_dbbc1027ed',4,'2018-03-01 17:58:22',NULL,0),(54,'playerVirtual0','playerVirtual0_908315',0,'2018-03-01 17:58:28',NULL,0),(55,'playerVirtual0','playerVirtual0_908315',0,'2018-03-01 17:58:29',NULL,0),(56,'playerVirtual2','playerVirtual2_539194189',0,'2018-03-01 17:58:57',NULL,0),(57,'playerVirtual2','playerVirtual2_539194189',0,'2018-03-01 17:58:57',NULL,0),(58,'playerVirtual4','playerVirtual4_ec6451a72d',4,'2018-03-01 17:59:19',NULL,0),(59,'playerVirtual0','playerVirtual0_890af8181a',4,'2018-03-01 17:59:28',NULL,0),(60,'playerVirtual5','playerVirtual5_64b26a2d8f',4,'2018-03-01 17:59:41',NULL,0),(61,'playerVirtual2','playerVirtual2_01a3a67551',3,'2018-03-01 17:59:57',NULL,0),(62,'playerVirtual3','playerVirtual3_4820204870',0,'2018-03-01 18:00:34',NULL,0),(63,'playerVirtual3','playerVirtual3_4820204870',0,'2018-03-01 18:00:35',NULL,0),(64,'playerVirtual3','playerVirtual3_a20b35657e',3,'2018-03-01 18:01:35',NULL,0),(65,'playerVirtual4','playerVirtual4_8058564',0,'2018-03-01 18:02:13',NULL,0),(66,'playerVirtual4','playerVirtual4_8058564',0,'2018-03-01 18:02:13',NULL,0),(67,'playerVirtual0','playerVirtual0_1429160667',0,'2018-03-01 18:02:30',NULL,0),(68,'playerVirtual0','playerVirtual0_1429160667',0,'2018-03-01 18:02:30',NULL,0),(69,'playerVirtual2','playerVirtual2_82730999',0,'2018-03-01 18:02:50',NULL,0),(70,'playerVirtual2','playerVirtual2_82730999',0,'2018-03-01 18:02:51',NULL,0),(71,'playerVirtual5','playerVirtual5_3338010893',0,'2018-03-01 18:02:59',NULL,0),(72,'playerVirtual5','playerVirtual5_3338010893',0,'2018-03-01 18:03:00',NULL,0),(73,'playerVirtual4','playerVirtual4_2aff60f096',3,'2018-03-01 18:03:13',NULL,0),(74,'playerVirtual0','playerVirtual0_440c0c6f09',3,'2018-03-01 18:03:30',NULL,0),(75,'playerVirtual3','playerVirtual3_351652724',0,'2018-03-01 18:03:47',NULL,0),(76,'playerVirtual3','playerVirtual3_351652724',0,'2018-03-01 18:03:48',NULL,0),(77,'playerVirtual2','playerVirtual2_4703e070e9',4,'2018-03-01 18:03:51',NULL,0),(78,'playerVirtual5','playerVirtual5_24ff6cd550',3,'2018-03-01 18:04:00',NULL,0),(79,'playerVirtual4','playerVirtual4_6571218',0,'2018-03-01 18:04:44',NULL,0),(80,'playerVirtual4','playerVirtual4_6571218',0,'2018-03-01 18:04:44',NULL,0),(81,'playerVirtual6','playerVirtual6_db01ebf4bd',4,'2018-03-01 18:04:44',NULL,0),(82,'playerVirtual3','playerVirtual3_623a2b19b4',4,'2018-03-01 18:04:47',NULL,0),(83,'playerVirtual5','playerVirtual5_1339662',0,'2018-03-01 18:05:14',NULL,0),(84,'playerVirtual5','playerVirtual5_1339662',0,'2018-03-01 18:05:14',NULL,0),(85,'playerVirtual2','playerVirtual2_1436344784',0,'2018-03-01 18:05:28',NULL,0),(86,'playerVirtual2','playerVirtual2_1436344784',0,'2018-03-01 18:05:28',NULL,0),(87,'playerVirtual4','playerVirtual4_8cd0d22fae',4,'2018-03-01 18:05:44',NULL,0),(88,'playerVirtual5','playerVirtual5_8a24bb485b',4,'2018-03-01 18:06:14',NULL,0),(89,'playerVirtual2','playerVirtual2_2eece15f54',3,'2018-03-01 18:06:28',NULL,0),(90,'playerVirtual1741','playerVirtual1741_5019c8304b',4,'2018-03-01 18:07:01',NULL,0),(91,'playerVirtual3','playerVirtual3_284794223',0,'2018-03-01 18:07:07',NULL,0),(92,'playerVirtual3','playerVirtual3_284794223',0,'2018-03-01 18:07:08',NULL,0),(93,'playerVirtual3','playerVirtual3_8d6fd05723',3,'2018-03-01 18:08:08',NULL,0),(94,'playerVirtual6','playerVirtual6_317497342',0,'2018-03-01 18:08:17',NULL,0),(95,'playerVirtual4','playerVirtual4_359920779',0,'2018-03-01 18:08:47',NULL,0),(96,'playerVirtual4','playerVirtual4_359920779',0,'2018-03-01 18:08:48',NULL,0),(97,'playerVirtual6','playerVirtual6_c2de4bf170',3,'2018-03-01 18:09:17',NULL,0),(98,'playerVirtual2','playerVirtual2_2904109077',0,'2018-03-01 18:09:25',NULL,0),(99,'playerVirtual2','playerVirtual2_2904109077',0,'2018-03-01 18:09:25',NULL,0),(100,'playerVirtual5','playerVirtual5_904011',0,'2018-03-01 18:09:33',NULL,0),(101,'playerVirtual5','playerVirtual5_904011',0,'2018-03-01 18:09:33',NULL,0),(102,'playerVirtual7','playerVirtual7_54f47a2eda',4,'2018-03-01 18:09:41',NULL,0),(103,'playerVirtual4','playerVirtual4_b26e80af7d',3,'2018-03-01 18:09:48',NULL,0),(104,'playerVirtual6','playerVirtual6_1093460',0,'2018-03-01 18:10:19',NULL,0),(105,'playerVirtual6','playerVirtual6_1093460',0,'2018-03-01 18:10:19',NULL,0),(106,'playerVirtual3','playerVirtual3_905614',0,'2018-03-01 18:10:21',NULL,0),(107,'playerVirtual3','playerVirtual3_905614',0,'2018-03-01 18:10:21',NULL,0),(108,'playerVirtual2','playerVirtual2_5edee2895c',4,'2018-03-01 18:10:25',NULL,0),(109,'playerVirtual5','playerVirtual5_e781b2a078',3,'2018-03-01 18:10:33',NULL,0),(110,'playerVirtual1741','playerVirtual1741_257338074',0,'2018-03-01 18:10:34',NULL,0),(111,'playerVirtual6','playerVirtual6_436cad2aa6',4,'2018-03-01 18:11:19',NULL,0),(112,'playerVirtual4','playerVirtual4_470485660',0,'2018-03-01 18:11:21',NULL,0),(113,'playerVirtual3','playerVirtual3_f87aeb4ea4',4,'2018-03-01 18:11:21',NULL,0),(114,'playerVirtual4','playerVirtual4_470485660',0,'2018-03-01 18:11:21',NULL,0),(115,'playerVirtual1741','playerVirtual1741_751d53fc51',3,'2018-03-01 18:11:34',NULL,0),(116,'playerVirtual5','playerVirtual5_5792765',0,'2018-03-01 18:11:55',NULL,0),(117,'playerVirtual5','playerVirtual5_5792765',0,'2018-03-01 18:11:55',NULL,0),(118,'playerVirtual2','playerVirtual2_30788568',0,'2018-03-01 18:12:08',NULL,0),(119,'playerVirtual2','playerVirtual2_30788568',0,'2018-03-01 18:12:09',NULL,0),(120,'playerVirtual4','playerVirtual4_3e675e0d93',4,'2018-03-01 18:12:21',NULL,0),(121,'playerVirtual5','playerVirtual5_2217ad5df9',4,'2018-03-01 18:12:55',NULL,0),(122,'playerVirtual1741','playerVirtual1741_4820318661',0,'2018-03-01 18:12:56',NULL,0),(123,'playerVirtual2','playerVirtual2_bf123be62f',3,'2018-03-01 18:13:08',NULL,0),(124,'playerVirtual7','playerVirtual7_6569547',0,'2018-03-01 18:13:16',NULL,0),(125,'playerVirtual3','playerVirtual3_400453824',0,'2018-03-01 18:13:55',NULL,0),(126,'playerVirtual3','playerVirtual3_400453824',0,'2018-03-01 18:13:56',NULL,0),(127,'playerVirtual7','playerVirtual7_6090dec7e2',3,'2018-03-01 18:14:16',NULL,0),(128,'playerVirtual8','playerVirtual8_a470af162c',4,'2018-03-01 18:14:40',NULL,0),(129,'playerVirtual3','playerVirtual3_891d77b2e4',3,'2018-03-01 18:14:56',NULL,0),(130,'playerVirtual6','playerVirtual6_38671842',0,'2018-03-01 18:15:05',NULL,0),(131,'playerVirtual6','playerVirtual6_38671842',0,'2018-03-01 18:15:05',NULL,0),(132,'playerVirtual4','playerVirtual4_4819935267',0,'2018-03-01 18:15:43',NULL,0),(133,'playerVirtual4','playerVirtual4_4819935267',0,'2018-03-01 18:15:44',NULL,0),(134,'playerVirtual7','playerVirtual7_5068098508',0,'2018-03-01 18:15:56',NULL,0),(135,'playerVirtual6','playerVirtual6_99d426b4bb',3,'2018-03-01 18:16:05',NULL,0),(136,'playerVirtual2','playerVirtual2_6264344062',0,'2018-03-01 18:16:25',NULL,0),(137,'playerVirtual2','playerVirtual2_6264344062',0,'2018-03-01 18:16:25',NULL,0),(138,'playerVirtual5','playerVirtual5_4820217293',0,'2018-03-01 18:16:33',NULL,0),(139,'playerVirtual5','playerVirtual5_4820217293',0,'2018-03-01 18:16:34',NULL,0),(140,'playerVirtual4','playerVirtual4_af4778bc31',3,'2018-03-01 18:16:44',NULL,0),(141,'playerVirtual7','playerVirtual7_9ef662f322',4,'2018-03-01 18:16:55',NULL,0),(142,'playerVirtual2','playerVirtual2_02d0b419d1',4,'2018-03-01 18:17:25',NULL,0),(143,'playerVirtual5','playerVirtual5_2b19770d99',3,'2018-03-01 18:17:33',NULL,0),(144,'playerVirtual3','playerVirtual3_1095593',0,'2018-03-01 18:18:49',NULL,0),(145,'playerVirtual3','playerVirtual3_1095593',0,'2018-03-01 18:18:49',NULL,0),(146,'playerVirtual6','playerVirtual6_2148750930',0,'2018-03-01 18:18:51',NULL,0),(147,'playerVirtual6','playerVirtual6_2148750930',0,'2018-03-01 18:18:51',NULL,0),(148,'playerVirtual9','playerVirtual9_70927daa1c',4,'2018-03-01 18:19:45',NULL,0),(149,'playerVirtual1578','playerVirtual1578_8cda11256f',4,'2018-03-01 18:19:46',NULL,0),(150,'playerVirtual3','playerVirtual3_3bf9e97388',4,'2018-03-01 18:19:49',NULL,0),(151,'playerVirtual6','playerVirtual6_fb19713084',4,'2018-03-01 18:19:51',NULL,0),(152,'playerVirtual4','playerVirtual4_563574327',0,'2018-03-01 18:19:57',NULL,0),(153,'playerVirtual4','playerVirtual4_563574327',0,'2018-03-01 18:19:57',NULL,0),(154,'playerVirtual8','playerVirtual8_227443932',0,'2018-03-01 18:20:07',NULL,0),(155,'playerVirtual8','playerVirtual8_227443932',0,'2018-03-01 18:20:08',NULL,0),(156,'playerVirtual2','playerVirtual2_379742fb89',3,'2018-03-01 18:20:20',NULL,0),(157,'playerVirtual5','playerVirtual5_16915963',0,'2018-03-01 18:20:37',NULL,0),(158,'playerVirtual5','playerVirtual5_16915963',0,'2018-03-01 18:20:37',NULL,0),(159,'playerVirtual4','playerVirtual4_c4109d7899',4,'2018-03-01 18:20:57',NULL,0),(160,'playerVirtual8','playerVirtual8_847e352068',3,'2018-03-01 18:21:08',NULL,0),(161,'playerVirtual5','playerVirtual5_957531459d',4,'2018-03-01 18:21:37',NULL,0),(162,'playerVirtual7','playerVirtual7_765651',0,'2018-03-01 18:21:55',NULL,0),(163,'playerVirtual3','playerVirtual3_272887063',0,'2018-03-01 18:22:44',NULL,0),(164,'playerVirtual3','playerVirtual3_272887063',0,'2018-03-01 18:22:44',NULL,0),(165,'playerVirtual7','playerVirtual7_bb7d82f4b6',3,'2018-03-01 18:22:55',NULL,0),(166,'playerVirtual3','playerVirtual3_a3fb1036fe',3,'2018-03-01 18:23:44',NULL,0),(167,'playerVirtual8','playerVirtual8_4820204870',0,'2018-03-01 18:23:49',NULL,0),(168,'playerVirtual8','playerVirtual8_4820204870',0,'2018-03-01 18:23:50',NULL,0),(169,'playerVirtual6','playerVirtual6_6274355716',0,'2018-03-01 18:23:56',NULL,0),(170,'playerVirtual6','playerVirtual6_6274355716',0,'2018-03-01 18:23:56',NULL,0),(171,'playerVirtual2','playerVirtual2_38676294',0,'2018-03-01 18:24:16',NULL,0),(172,'playerVirtual2','playerVirtual2_38676294',0,'2018-03-01 18:24:17',NULL,0),(173,'playerVirtual10','playerVirtual10_b1ab7741bb',4,'2018-03-01 18:24:45',NULL,0),(174,'playerVirtual8','playerVirtual8_e43c4eca61',4,'2018-03-01 18:24:49',NULL,0),(175,'playerVirtual6','playerVirtual6_50a7557622',3,'2018-03-01 18:24:56',NULL,0),(176,'playerVirtual2','playerVirtual2_a465d69008',4,'2018-03-01 18:25:20',NULL,0),(177,'playerVirtual9','playerVirtual9_5623125514',0,'2018-03-01 18:25:30',NULL,0),(178,'playerVirtual9','playerVirtual9_5623125514',0,'2018-03-01 18:25:30',NULL,0),(179,'playerVirtual1578','playerVirtual1578_284757920',0,'2018-03-01 18:25:31',NULL,0),(180,'playerVirtual4','playerVirtual4_182859403',0,'2018-03-01 18:25:37',NULL,0),(181,'playerVirtual4','playerVirtual4_182859403',0,'2018-03-01 18:25:38',NULL,0),(182,'playerVirtual9','playerVirtual9_f3a99b3c4a',3,'2018-03-01 18:26:30',NULL,0),(183,'playerVirtual1578','playerVirtual1578_89cd31a9aa',3,'2018-03-01 18:26:32',NULL,0),(184,'playerVirtual7','playerVirtual7_990694203',0,'2018-03-01 18:26:34',NULL,0),(185,'playerVirtual4','playerVirtual4_537548ea2f',3,'2018-03-01 18:26:38',NULL,0),(186,'playerVirtual5','playerVirtual5_990694203',0,'2018-03-01 18:27:00',NULL,0),(187,'playerVirtual5','playerVirtual5_990694203',0,'2018-03-01 18:27:00',NULL,0),(188,'playerVirtual7','playerVirtual7_22685513d2',4,'2018-03-01 18:27:34',NULL,0),(189,'playerVirtual5','playerVirtual5_a0ba51cbf0',3,'2018-03-01 18:28:00',NULL,0),(190,'playerVirtual3','playerVirtual3_4820204870',1,'2018-03-01 18:28:57',NULL,0),(191,'playerVirtual3','playerVirtual3_5a1413c4a7',4,'2018-03-01 18:28:57',NULL,0),(192,'playerVirtual3','playerVirtual3_4820204870',1,'2018-03-01 18:28:57',NULL,0),(193,'playerVirtual6','playerVirtual6_4476462938',0,'2018-03-01 18:29:46',NULL,0),(194,'playerVirtual6','playerVirtual6_4476462938',0,'2018-03-01 18:29:46',NULL,0),(195,'playerVirtual11','playerVirtual11_e32f246d39',4,'2018-03-01 18:29:47',NULL,0),(196,'playerVirtual9','playerVirtual9_6282149131',0,'2018-03-01 18:29:48',NULL,0),(197,'playerVirtual9','playerVirtual9_6282149131',0,'2018-03-01 18:29:48',NULL,0),(198,'playerVirtual4','playerVirtual4_182859403',1,'2018-03-01 18:30:06',NULL,0),(199,'playerVirtual4','playerVirtual4_d872601fd0',4,'2018-03-01 18:30:06',NULL,0),(200,'playerVirtual4','playerVirtual4_182859403',1,'2018-03-01 18:30:06',NULL,0),(201,'playerVirtual2','playerVirtual2_272887063',0,'2018-03-01 18:30:21',NULL,0),(202,'playerVirtual2','playerVirtual2_272887063',0,'2018-03-01 18:30:21',NULL,0),(203,'playerVirtual6','playerVirtual6_89104dafeb',4,'2018-03-01 18:30:46',NULL,0),(204,'playerVirtual9','playerVirtual9_0fbe877028',4,'2018-03-01 18:30:48',NULL,0),(205,'playerVirtual8','playerVirtual8_6280643141',0,'2018-03-01 18:30:52',NULL,0),(206,'playerVirtual8','playerVirtual8_6280643141',0,'2018-03-01 18:30:52',NULL,0),(207,'playerVirtual5','playerVirtual5_dae013ac36',4,'2018-03-01 18:31:04',NULL,0),(208,'playerVirtual2','playerVirtual2_73a122a334',3,'2018-03-01 18:31:21',NULL,0),(209,'playerVirtual8','playerVirtual8_b172a569f5',3,'2018-03-01 18:31:52',NULL,0),(210,'playerVirtual1448','playerVirtual1448_129f6ebd8b',4,'2018-03-01 18:31:54',NULL,0),(211,'playerVirtual10','playerVirtual10_6280638724',0,'2018-03-01 18:32:30',NULL,0),(212,'playerVirtual10','playerVirtual10_6280638724',0,'2018-03-01 18:32:35',NULL,0),(213,'playerVirtual7','playerVirtual7_057978a4ff',3,'2018-03-01 18:32:36',NULL,0),(214,'playerVirtual3','playerVirtual3_272887063',1,'2018-03-01 18:32:44',NULL,0),(215,'playerVirtual3','playerVirtual3_ccc43d7521',3,'2018-03-01 18:32:44',NULL,0),(216,'playerVirtual3','playerVirtual3_272887063',1,'2018-03-01 18:32:44',NULL,0),(217,'playerVirtual10','playerVirtual10_f0e7dfa389',3,'2018-03-01 18:33:29',NULL,0),(218,'playerVirtual12','playerVirtual12_b5705163cf',4,'2018-03-01 18:34:49',NULL,0),(219,'playerVirtual6','playerVirtual6_214880781',0,'2018-03-01 18:35:22',NULL,0),(220,'playerVirtual6','playerVirtual6_214880781',0,'2018-03-01 18:35:24',NULL,0),(221,'playerVirtual8','playerVirtual8_6641406',0,'2018-03-01 18:35:47',NULL,0),(222,'playerVirtual8','playerVirtual8_6641406',0,'2018-03-01 18:36:11',NULL,0),(223,'playerVirtual2','playerVirtual2_182859403',0,'2018-03-01 18:36:12',NULL,0),(224,'playerVirtual4','playerVirtual4_682797',0,'2018-03-01 18:36:14',NULL,0),(225,'playerVirtual2','playerVirtual2_182859403',0,'2018-03-01 18:36:16',NULL,0),(226,'playerVirtual4','playerVirtual4_682797',0,'2018-03-01 18:36:17',NULL,0),(227,'playerVirtual6','playerVirtual6_e4eab54207',3,'2018-03-01 18:36:23',NULL,0),(228,'playerVirtual10','playerVirtual10_1438244924',0,'2018-03-01 18:36:24',NULL,0),(229,'playerVirtual10','playerVirtual10_1438244924',0,'2018-03-01 18:36:25',NULL,0),(230,'playerVirtual8','playerVirtual8_8e48cd4d86',4,'2018-03-01 18:36:49',NULL,0),(231,'playerVirtual9','playerVirtual9_1094955',0,'2018-03-01 18:37:19',NULL,0),(232,'playerVirtual2','playerVirtual2_0b335fd210',4,'2018-03-01 18:37:20',NULL,0),(233,'playerVirtual4','playerVirtual4_e4c655bb33',3,'2018-03-01 18:37:22',NULL,0),(234,'playerVirtual9','playerVirtual9_1094955',0,'2018-03-01 18:37:23',NULL,0),(235,'playerVirtual10','playerVirtual10_e93bb16f69',4,'2018-03-01 18:37:25',NULL,0),(236,'playerVirtual5','playerVirtual5_16914091',0,'2018-03-01 18:37:30',NULL,0),(237,'playerVirtual5','playerVirtual5_16914091',0,'2018-03-01 18:37:31',NULL,0),(238,'playerVirtual7','playerVirtual7_6955737',0,'2018-03-01 18:38:19',NULL,0),(239,'playerVirtual9','playerVirtual9_574b7a9aa3',3,'2018-03-01 18:38:23',NULL,0),(240,'playerVirtual11','playerVirtual11_1436323714',0,'2018-03-01 18:38:24',NULL,0),(241,'playerVirtual11','playerVirtual11_1436323714',0,'2018-03-01 18:38:27',NULL,0),(242,'playerVirtual5','playerVirtual5_b129f6d23a',3,'2018-03-01 18:38:30',NULL,0),(243,'playerVirtual7','playerVirtual7_9bc03dacf4',4,'2018-03-01 18:39:26',NULL,0),(244,'playerVirtual11','playerVirtual11_1d0b1e1354',3,'2018-03-01 18:39:31',NULL,0),(245,'playerVirtual3','playerVirtual3_6955737',0,'2018-03-01 18:39:33',NULL,0),(246,'playerVirtual3','playerVirtual3_6955737',0,'2018-03-01 18:39:35',NULL,0),(247,'playerVirtual13','playerVirtual13_54284c30fe',4,'2018-03-01 18:39:44',NULL,0),(248,'playerVirtual3','playerVirtual3_2fb62ce071',4,'2018-03-01 18:40:29',NULL,0),(249,'playerVirtual4','playerVirtual4_6289355687',0,'2018-03-01 18:42:34',NULL,0),(250,'playerVirtual4','playerVirtual4_6289355687',0,'2018-03-01 18:42:35',NULL,0),(251,'playerVirtual6','playerVirtual6_2381571381',0,'2018-03-01 18:42:36',NULL,0),(252,'playerVirtual11','playerVirtual11_1436344784',0,'2018-03-01 18:42:37',NULL,0),(253,'playerVirtual6','playerVirtual6_2381571381',0,'2018-03-01 18:42:39',NULL,0),(254,'playerVirtual11','playerVirtual11_1436344784',0,'2018-03-01 18:42:40',NULL,0),(255,'playerVirtual2','playerVirtual2_96228c89da',3,'2018-03-01 18:42:43',NULL,0),(256,'playerVirtual1081','playerVirtual1081_4f1a81c837',4,'2018-03-01 18:42:49',NULL,0),(257,'playerVirtual9','playerVirtual9_1438244924',0,'2018-03-01 18:43:17',NULL,0),(258,'playerVirtual9','playerVirtual9_1438244924',0,'2018-03-01 18:43:17',NULL,0),(259,'playerVirtual4','playerVirtual4_125042a70e',4,'2018-03-01 18:43:31',NULL,0),(260,'playerVirtual6','playerVirtual6_41f8b3ddbd',4,'2018-03-01 18:43:35',NULL,0),(261,'playerVirtual11','playerVirtual11_1ad9915b7e',4,'2018-03-01 18:43:36',NULL,0),(262,'playerVirtual5','playerVirtual5_6289704471',0,'2018-03-01 18:43:36',NULL,0),(263,'playerVirtual5','playerVirtual5_6289704471',0,'2018-03-01 18:43:37',NULL,0),(264,'playerVirtual8','playerVirtual8_2378747961',0,'2018-03-01 18:43:44',NULL,0),(265,'playerVirtual8','playerVirtual8_2378747961',0,'2018-03-01 18:43:44',NULL,0),(266,'playerVirtual7','playerVirtual7_01979389c9',3,'2018-03-01 18:44:00',NULL,0),(267,'playerVirtual9','playerVirtual9_4ef926d01b',4,'2018-03-01 18:44:17',NULL,0),(268,'playerVirtual12','playerVirtual12_3338579772',0,'2018-03-01 18:44:21',NULL,0),(269,'playerVirtual12','playerVirtual12_3338579772',0,'2018-03-01 18:44:22',NULL,0),(270,'playerVirtual3','playerVirtual3_3338579772',1,'2018-03-01 18:44:23',NULL,0),(271,'playerVirtual3','playerVirtual3_9b05c1a8cb',3,'2018-03-01 18:44:24',NULL,0),(272,'playerVirtual3','playerVirtual3_3338579772',1,'2018-03-01 18:44:24',NULL,0),(273,'playerVirtual5','playerVirtual5_3ef726eec5',4,'2018-03-01 18:44:36',NULL,0),(274,'playerVirtual8','playerVirtual8_50924f7cf9',3,'2018-03-01 18:44:44',NULL,0),(275,'playerVirtual14','playerVirtual14_d1103b9138',4,'2018-03-01 18:44:45',NULL,0),(276,'playerVirtual12','playerVirtual12_cb8e822305',3,'2018-03-01 18:45:22',NULL,0),(277,'playerVirtual10','playerVirtual10_d12e46c9a3',3,'2018-03-01 18:45:59',NULL,0),(278,'playerVirtual2','playerVirtual2_1438244924',1,'2018-03-01 18:47:38',NULL,0),(279,'playerVirtual2','playerVirtual2_36a6a45920',4,'2018-03-01 18:47:39',NULL,0),(280,'playerVirtual2','playerVirtual2_1438244924',1,'2018-03-01 18:47:39',NULL,0),(281,'playerVirtual15','playerVirtual15_d75074da92',4,'2018-03-01 18:49:44',NULL,0),(282,'playerVirtual8','playerVirtual8_2378747961',1,'2018-03-01 18:49:57',NULL,0),(283,'playerVirtual8','playerVirtual8_8e37006fb3',4,'2018-03-01 18:49:57',NULL,0),(284,'playerVirtual8','playerVirtual8_2378747961',1,'2018-03-01 18:49:58',NULL,0),(285,'playerVirtual13','playerVirtual13_794070039',0,'2018-03-01 18:50:40',NULL,0),(286,'playerVirtual13','playerVirtual13_794070039',0,'2018-03-01 18:50:40',NULL,0),(287,'playerVirtual6','playerVirtual6_8c593851ae',3,'2018-03-01 18:51:15',NULL,0),(288,'playerVirtual13','playerVirtual13_a2717f69f3',3,'2018-03-01 18:51:40',NULL,0),(289,'playerVirtual4','playerVirtual4_6296268057',0,'2018-03-01 18:51:56',NULL,0),(290,'playerVirtual4','playerVirtual4_6296268057',0,'2018-03-01 18:51:57',NULL,0),(291,'playerVirtual3','playerVirtual3_1095593',1,'2018-03-01 18:52:39',NULL,0),(292,'playerVirtual3','playerVirtual3_48adfea8fa',4,'2018-03-01 18:52:40',NULL,0),(293,'playerVirtual3','playerVirtual3_1095593',1,'2018-03-01 18:52:40',NULL,0),(294,'playerVirtual12','playerVirtual12_5297461910',0,'2018-03-01 18:52:48',NULL,0),(295,'playerVirtual12','playerVirtual12_5297461910',0,'2018-03-01 18:52:49',NULL,0),(296,'playerVirtual4','playerVirtual4_fd340d563d',3,'2018-03-01 18:52:57',NULL,0),(297,'playerVirtual2','playerVirtual2_dd847cee95',3,'2018-03-01 18:53:33',NULL,0),(298,'playerVirtual12','playerVirtual12_60111ba208',4,'2018-03-01 18:53:49',NULL,0),(299,'playerVirtual7','playerVirtual7_182859403',0,'2018-03-01 18:54:07',NULL,0),(300,'playerVirtual11','playerVirtual11_6296865278',0,'2018-03-01 18:54:09',NULL,0),(301,'playerVirtual11','playerVirtual11_6296865278',0,'2018-03-01 18:54:09',NULL,0),(302,'playerVirtual16','playerVirtual16_874fc61dc4',4,'2018-03-01 18:54:40',NULL,0),(303,'playerVirtual9','playerVirtual9_6264344062',0,'2018-03-01 18:54:46',NULL,0),(304,'playerVirtual9','playerVirtual9_6264344062',0,'2018-03-01 18:54:47',NULL,0),(305,'playerVirtual7','playerVirtual7_9d735015ee',4,'2018-03-01 18:55:07',NULL,0),(306,'playerVirtual11','playerVirtual11_be8dde7b20',3,'2018-03-01 18:55:09',NULL,0),(307,'playerVirtual5','playerVirtual5_990694203',0,'2018-03-01 18:55:30',NULL,0),(308,'playerVirtual5','playerVirtual5_284ff212a1',3,'2018-03-01 18:55:31',NULL,0),(309,'playerVirtual10','playerVirtual10_6289704471',0,'2018-03-01 18:55:32',NULL,0),(310,'playerVirtual5','playerVirtual5_990694203',0,'2018-03-01 18:55:36',NULL,0),(311,'playerVirtual10','playerVirtual10_6289704471',0,'2018-03-01 18:55:37',NULL,0),(312,'playerVirtual9','playerVirtual9_64b5804bb8',3,'2018-03-01 18:55:47',NULL,0),(313,'playerVirtual1284','playerVirtual1284_858b6dca5a',4,'2018-03-01 18:56:26',NULL,0),(314,'playerVirtual10','playerVirtual10_243795d4fb',4,'2018-03-01 18:56:31',NULL,0),(315,'playerVirtual2','playerVirtual2_6264344062',1,'2018-03-01 18:59:20',NULL,0),(316,'playerVirtual2','playerVirtual2_0a58a6f258',4,'2018-03-01 18:59:20',NULL,0),(317,'playerVirtual2','playerVirtual2_6264344062',1,'2018-03-01 18:59:20',NULL,0),(318,'playerVirtual13','playerVirtual13_908315',0,'2018-03-01 18:59:40',NULL,0),(319,'playerVirtual13','playerVirtual13_908315',0,'2018-03-01 18:59:40',NULL,0),(320,'playerVirtual17','playerVirtual17_c8e3b7fe66',4,'2018-03-01 18:59:44',NULL,0),(321,'playerVirtual14','playerVirtual14_6301942525',0,'2018-03-01 19:00:05',NULL,0),(322,'playerVirtual7','playerVirtual7_9e4de1b0cb',3,'2018-03-01 19:00:07',NULL,0),(323,'playerVirtual5','playerVirtual5_875e2406c3',4,'2018-03-01 19:00:35',NULL,0),(324,'playerVirtual13','playerVirtual13_a3adfcbfd2',4,'2018-03-01 19:00:40',NULL,0),(325,'playerVirtual14','playerVirtual14_d4d0bf3131',3,'2018-03-01 19:01:05',NULL,0),(326,'playerVirtual6','playerVirtual6_182859403',0,'2018-03-01 19:02:28',NULL,0),(327,'playerVirtual6','playerVirtual6_182859403',0,'2018-03-01 19:02:28',NULL,0),(328,'playerVirtual3','playerVirtual3_539194189',0,'2018-03-01 19:03:25',NULL,0),(329,'playerVirtual3','playerVirtual3_539194189',0,'2018-03-01 19:03:26',NULL,0),(330,'playerVirtual6','playerVirtual6_5cae28ead0',4,'2018-03-01 19:03:28',NULL,0),(331,'playerVirtual8','playerVirtual8_6274355716',0,'2018-03-01 19:03:30',NULL,0),(332,'playerVirtual8','playerVirtual8_6274355716',0,'2018-03-01 19:03:30',NULL,0),(333,'playerVirtual3','playerVirtual3_d30c3f16db',3,'2018-03-01 19:04:25',NULL,0),(334,'playerVirtual8','playerVirtual8_aa5501e76e',3,'2018-03-01 19:04:30',NULL,0),(335,'playerVirtual18','playerVirtual18_3536b0c044',4,'2018-03-01 19:04:48',NULL,0),(336,'playerVirtual4','playerVirtual4_4246147567',0,'2018-03-01 19:05:03',NULL,0),(337,'playerVirtual4','playerVirtual4_4246147567',0,'2018-03-01 19:05:09',NULL,0),(338,'playerVirtual2','playerVirtual2_1436344784',1,'2018-03-01 19:05:16',NULL,0),(339,'playerVirtual2','playerVirtual2_8a550a8829',3,'2018-03-01 19:05:17',NULL,0),(340,'playerVirtual2','playerVirtual2_1436344784',1,'2018-03-01 19:05:17',NULL,0),(341,'playerVirtual11','playerVirtual11_4246147567',0,'2018-03-01 19:05:44',NULL,0),(342,'playerVirtual11','playerVirtual11_4246147567',0,'2018-03-01 19:05:45',NULL,0),(343,'playerVirtual4','playerVirtual4_5c40443d5f',4,'2018-03-01 19:06:01',NULL,0),(344,'playerVirtual10','playerVirtual10_6289704471',1,'2018-03-01 19:06:12',NULL,0),(345,'playerVirtual10','playerVirtual10_4f20ce9149',3,'2018-03-01 19:06:13',NULL,0),(346,'playerVirtual10','playerVirtual10_6289704471',1,'2018-03-01 19:06:13',NULL,0),(347,'playerVirtual9','playerVirtual9_4246147567',0,'2018-03-01 19:06:38',NULL,0),(348,'playerVirtual9','playerVirtual9_4246147567',0,'2018-03-01 19:06:38',NULL,0),(349,'playerVirtual11','playerVirtual11_d29fcabd13',4,'2018-03-01 19:06:45',NULL,0),(350,'playerVirtual15','playerVirtual15_1095593',0,'2018-03-01 19:06:56',NULL,0),(351,'playerVirtual15','playerVirtual15_1095593',0,'2018-03-01 19:06:57',NULL,0),(352,'playerVirtual12','playerVirtual12_6289704471',0,'2018-03-01 19:07:15',NULL,0),(353,'playerVirtual12','playerVirtual12_6289704471',0,'2018-03-01 19:07:16',NULL,0),(354,'playerVirtual9','playerVirtual9_3493d76cb0',4,'2018-03-01 19:07:38',NULL,0),(355,'playerVirtual14','playerVirtual14_2378747961',0,'2018-03-01 19:07:42',NULL,0),(356,'playerVirtual14','playerVirtual14_2378747961',0,'2018-03-01 19:07:42',NULL,0),(357,'playerVirtual15','playerVirtual15_69ae5ec7bf',3,'2018-03-01 19:07:56',NULL,0),(358,'playerVirtual12','playerVirtual12_4cc170096e',3,'2018-03-01 19:08:14',NULL,0),(359,'playerVirtual14','playerVirtual14_9ea88abbd5',4,'2018-03-01 19:08:42',NULL,0),(360,'playerVirtual15','playerVirtual15_1095593',1,'2018-03-01 19:09:11',NULL,0),(361,'playerVirtual15','playerVirtual15_b3016287aa',4,'2018-03-01 19:09:11',NULL,0),(362,'playerVirtual15','playerVirtual15_1095593',1,'2018-03-01 19:09:11',NULL,0),(363,'playerVirtual19','playerVirtual19_aff5e0d044',4,'2018-03-01 19:09:45',NULL,0),(364,'playerVirtual7','playerVirtual7_5f2b7959c9',4,'2018-03-01 19:12:43',NULL,0),(365,'playerVirtual5','playerVirtual5_6289704471',1,'2018-03-01 19:12:52',NULL,0),(366,'playerVirtual5','playerVirtual5_8eadab8929',3,'2018-03-01 19:12:52',NULL,0),(367,'playerVirtual5','playerVirtual5_6289704471',1,'2018-03-01 19:12:52',NULL,0),(368,'playerVirtual8','playerVirtual8_4246147567',0,'2018-03-01 19:12:59',NULL,0),(369,'playerVirtual8','playerVirtual8_4246147567',0,'2018-03-01 19:12:59',NULL,0),(370,'playerVirtual8','playerVirtual8_d267ee5570',4,'2018-03-01 19:13:59',NULL,0),(371,'playerVirtual6','playerVirtual6_6316827871',0,'2018-03-01 19:14:11',NULL,0),(372,'playerVirtual6','playerVirtual6_6316827871',0,'2018-03-01 19:14:11',NULL,0),(373,'playerVirtual4','playerVirtual4_4246147567',1,'2018-03-01 19:14:27',NULL,0),(374,'playerVirtual4','playerVirtual4_fa164e5f28',3,'2018-03-01 19:14:27',NULL,0),(375,'playerVirtual4','playerVirtual4_4246147567',1,'2018-03-01 19:14:27',NULL,0),(376,'playerVirtual13','playerVirtual13_4246147567',0,'2018-03-01 19:14:27',NULL,0),(377,'playerVirtual13','playerVirtual13_4246147567',0,'2018-03-01 19:14:28',NULL,0),(378,'playerVirtual2','playerVirtual2_182859403',1,'2018-03-01 19:14:29',NULL,0),(379,'playerVirtual2','playerVirtual2_cea9494799',4,'2018-03-01 19:14:29',NULL,0),(380,'playerVirtual2','playerVirtual2_182859403',1,'2018-03-01 19:14:29',NULL,0),(381,'playerVirtual16','playerVirtual16_4246147567',0,'2018-03-01 19:14:40',NULL,0),(382,'playerVirtual16','playerVirtual16_4246147567',0,'2018-03-01 19:14:43',NULL,0),(383,'playerVirtual6','playerVirtual6_8986df1b64',3,'2018-03-01 19:15:11',NULL,0),(384,'playerVirtual13','playerVirtual13_a77a06a340',3,'2018-03-01 19:15:27',NULL,0),(385,'playerVirtual16','playerVirtual16_9630eac067',3,'2018-03-01 19:15:37',NULL,0),(386,'playerVirtual3','playerVirtual3_5068098508',0,'2018-03-01 19:15:42',NULL,0),(387,'playerVirtual3','playerVirtual3_5068098508',0,'2018-03-01 19:15:46',NULL,0),(388,'playerVirtual16','playerVirtual16_4246147567',1,'2018-03-01 19:16:38',NULL,0),(389,'playerVirtual16','playerVirtual16_4030e29e97',4,'2018-03-01 19:16:38',NULL,0),(390,'playerVirtual16','playerVirtual16_4246147567',1,'2018-03-01 19:16:38',NULL,0),(391,'playerVirtual3','playerVirtual3_f9b211731a',4,'2018-03-01 19:16:39',NULL,0),(392,'playerVirtual11','playerVirtual11_4246147567',1,'2018-03-01 19:17:17',NULL,0),(393,'playerVirtual11','playerVirtual11_f0c6f1b9b8',3,'2018-03-01 19:17:17',NULL,0),(394,'playerVirtual11','playerVirtual11_4246147567',1,'2018-03-01 19:17:17',NULL,0),(395,'playerVirtual12','playerVirtual12_4246147567',0,'2018-03-01 19:17:27',NULL,0),(396,'playerVirtual12','playerVirtual12_4246147567',0,'2018-03-01 19:17:27',NULL,0),(397,'playerVirtual9','playerVirtual9_4246147567',1,'2018-03-01 19:18:07',NULL,0),(398,'playerVirtual9','playerVirtual9_157a457db3',3,'2018-03-01 19:18:07',NULL,0),(399,'playerVirtual9','playerVirtual9_4246147567',1,'2018-03-01 19:18:08',NULL,0),(400,'playerVirtual12','playerVirtual12_35e24e7676',4,'2018-03-01 19:18:27',NULL,0),(401,'playerVirtual5','playerVirtual5_904011',1,'2018-03-01 19:18:41',NULL,0),(402,'playerVirtual5','playerVirtual5_df4cc30c61',4,'2018-03-01 19:18:41',NULL,0),(403,'playerVirtual5','playerVirtual5_904011',1,'2018-03-01 19:18:41',NULL,0),(404,'playerVirtual1012','playerVirtual1012_162a870563',4,'2018-03-01 19:18:56',NULL,0),(405,'playerVirtual10','playerVirtual10_4246147567',0,'2018-03-01 19:18:56',NULL,0),(406,'playerVirtual10','playerVirtual10_4246147567',0,'2018-03-01 19:18:57',NULL,0),(407,'playerVirtual10','playerVirtual10_0fe77ba5e3',4,'2018-03-01 19:19:59',NULL,0),(408,'playerVirtual17','playerVirtual17_4246147567',0,'2018-03-01 19:20:18',NULL,0),(409,'playerVirtual17','playerVirtual17_83ab4638e8',3,'2018-03-01 19:21:18',NULL,0),(410,'playerVirtual17','playerVirtual17_45255fb42b',4,'2018-03-01 19:22:20',NULL,0),(411,'playerVirtual13','playerVirtual13_4246147567',1,'2018-03-01 19:23:27',NULL,0),(412,'playerVirtual13','playerVirtual13_9d275b766f',4,'2018-03-01 19:23:27',NULL,0),(413,'playerVirtual13','playerVirtual13_4246147567',1,'2018-03-01 19:23:27',NULL,0),(414,'playerVirtual7','playerVirtual7_1095593',0,'2018-03-01 19:23:33',NULL,0),(415,'playerVirtual2','playerVirtual2_45dadf1733',3,'2018-03-01 19:23:57',NULL,0),(416,'playerVirtual7','playerVirtual7_4202fde58b',3,'2018-03-01 19:24:34',NULL,0),(417,'playerVirtual14','playerVirtual14_4246147567',0,'2018-03-01 19:24:57',NULL,0),(418,'playerVirtual14','playerVirtual14_4246147567',0,'2018-03-01 19:24:58',NULL,0),(419,'playerVirtual14','playerVirtual14_f0b7d33526',3,'2018-03-01 19:25:57',NULL,0),(420,'playerVirtual18','playerVirtual18_990694203',0,'2018-03-01 19:26:12',NULL,0),(421,'playerVirtual18','playerVirtual18_990694203',0,'2018-03-01 19:26:12',NULL,0),(422,'playerVirtual18','playerVirtual18_becbc5c736',3,'2018-03-01 19:27:12',NULL,0),(423,'playerVirtual8','playerVirtual8_4246147567',1,'2018-03-01 19:27:31',NULL,0),(424,'playerVirtual8','playerVirtual8_b44cd2fb18',3,'2018-03-01 19:27:31',NULL,0),(425,'playerVirtual8','playerVirtual8_4246147567',1,'2018-03-01 19:27:32',NULL,0),(426,'playerVirtual6','playerVirtual6_6322213339',0,'2018-03-01 19:27:57',NULL,0),(427,'playerVirtual6','playerVirtual6_6322213339',0,'2018-03-01 19:27:57',NULL,0),(428,'playerVirtual18','playerVirtual18_990694203',1,'2018-03-01 19:28:13',NULL,0),(429,'playerVirtual18','playerVirtual18_ad359c9073',4,'2018-03-01 19:28:13',NULL,0),(430,'playerVirtual18','playerVirtual18_990694203',1,'2018-03-01 19:28:13',NULL,0),(431,'playerVirtual6','playerVirtual6_36826f7f9f',4,'2018-03-01 19:28:57',NULL,0),(432,'playerVirtual4','playerVirtual4_359920779',1,'2018-03-01 19:29:01',NULL,0),(433,'playerVirtual4','playerVirtual4_127175eb43',4,'2018-03-01 19:29:02',NULL,0),(434,'playerVirtual4','playerVirtual4_359920779',1,'2018-03-01 19:29:02',NULL,0),(435,'playerVirtual3','playerVirtual3_359920779',0,'2018-03-01 19:29:07',NULL,0),(436,'playerVirtual3','playerVirtual3_359920779',0,'2018-03-01 19:29:07',NULL,0),(437,'playerVirtual10','playerVirtual10_6342dbce84',3,'2018-03-01 19:29:34',NULL,0),(438,'playerVirtual3','playerVirtual3_be3a8305e9',3,'2018-03-01 19:30:07',NULL,0),(439,'playerVirtual11','playerVirtual11_4246147567',0,'2018-03-01 19:30:36',NULL,0),(440,'playerVirtual11','playerVirtual11_57643c6b15',4,'2018-03-01 19:30:36',NULL,0),(441,'playerVirtual11','playerVirtual11_4246147567',0,'2018-03-01 19:30:37',NULL,0),(442,'playerVirtual15','playerVirtual15_4246147567',0,'2018-03-01 19:31:03',NULL,0),(443,'playerVirtual15','playerVirtual15_4246147567',0,'2018-03-01 19:31:04',NULL,0),(444,'playerVirtual9','playerVirtual9_4246147567',0,'2018-03-01 19:31:40',NULL,0),(445,'playerVirtual9','playerVirtual9_5504ba507a',4,'2018-03-01 19:31:40',NULL,0),(446,'playerVirtual9','playerVirtual9_4246147567',0,'2018-03-01 19:31:40',NULL,0),(447,'playerVirtual12','playerVirtual12_4246147567',1,'2018-03-01 19:31:50',NULL,0),(448,'playerVirtual12','playerVirtual12_ad066532de',3,'2018-03-01 19:31:50',NULL,0),(449,'playerVirtual12','playerVirtual12_4246147567',1,'2018-03-01 19:31:50',NULL,0),(450,'playerVirtual15','playerVirtual15_ac0dd64867',3,'2018-03-01 19:32:03',NULL,0),(451,'playerVirtual19','playerVirtual19_4246147567',0,'2018-03-01 19:32:04',NULL,0),(452,'playerVirtual19','playerVirtual19_4246147567',0,'2018-03-01 19:32:04',NULL,0),(453,'playerVirtual14','playerVirtual14_4246147567',1,'2018-03-01 19:32:34',NULL,0),(454,'playerVirtual14','playerVirtual14_d64a5a4a2b',4,'2018-03-01 19:32:34',NULL,0),(455,'playerVirtual14','playerVirtual14_4246147567',1,'2018-03-01 19:32:35',NULL,0),(456,'playerVirtual19','playerVirtual19_5fb4848ee5',3,'2018-03-01 19:33:04',NULL,0),(457,'playerVirtual15','playerVirtual15_4246147567',1,'2018-03-01 19:33:18',NULL,0),(458,'playerVirtual15','playerVirtual15_04c6054dd9',4,'2018-03-01 19:33:18',NULL,0),(459,'playerVirtual15','playerVirtual15_4246147567',1,'2018-03-01 19:33:18',NULL,0),(460,'playerVirtual19','playerVirtual19_39de1a8192',4,'2018-03-01 19:34:05',NULL,0),(461,'playerVirtual5','playerVirtual5_4246147567',0,'2018-03-01 19:37:06',NULL,0),(462,'playerVirtual5','playerVirtual5_4246147567',0,'2018-03-01 19:37:06',NULL,0),(463,'playerVirtual5','playerVirtual5_0eda826320',3,'2018-03-01 19:38:06',NULL,0),(464,'playerVirtual16','playerVirtual16_4246147567',0,'2018-03-01 19:39:11',NULL,0),(465,'playerVirtual16','playerVirtual16_b23e2526cc',3,'2018-03-01 19:39:12',NULL,0),(466,'playerVirtual16','playerVirtual16_4246147567',0,'2018-03-01 19:39:12',NULL,0),(467,'playerVirtual7','playerVirtual7_4246147567',0,'2018-03-01 19:39:14',NULL,0),(468,'playerVirtual2','playerVirtual2_4246147567',0,'2018-03-01 19:39:34',NULL,0),(469,'playerVirtual2','playerVirtual2_4246147567',0,'2018-03-01 19:39:35',NULL,0),(470,'playerVirtual8','playerVirtual8_6335261139',0,'2018-03-01 19:39:42',NULL,0),(471,'playerVirtual8','playerVirtual8_6335261139',0,'2018-03-01 19:39:42',NULL,0),(472,'playerVirtual16','playerVirtual16_4246147567',1,'2018-03-01 19:40:13',NULL,0),(473,'playerVirtual16','playerVirtual16_2720385d62',4,'2018-03-01 19:40:13',NULL,0),(474,'playerVirtual16','playerVirtual16_4246147567',1,'2018-03-01 19:40:13',NULL,0),(475,'playerVirtual7','playerVirtual7_b30db2f0b8',4,'2018-03-01 19:40:14',NULL,0),(476,'playerVirtual13','playerVirtual13_4246147567',0,'2018-03-01 19:40:19',NULL,0),(477,'playerVirtual13','playerVirtual13_f01bc8d3c0',3,'2018-03-01 19:40:19',NULL,0),(478,'playerVirtual13','playerVirtual13_4246147567',0,'2018-03-01 19:40:20',NULL,0),(479,'playerVirtual2','playerVirtual2_27dc0f218b',4,'2018-03-01 19:40:34',NULL,0),(480,'playerVirtual4','playerVirtual4_4246147567',0,'2018-03-01 19:40:38',NULL,0),(481,'playerVirtual4','playerVirtual4_95ee7b5e20',3,'2018-03-01 19:40:38',NULL,0),(482,'playerVirtual4','playerVirtual4_4246147567',0,'2018-03-01 19:40:39',NULL,0),(483,'playerVirtual8','playerVirtual8_b5a77e6ac8',4,'2018-03-01 19:40:42',NULL,0),(484,'playerVirtual11','playerVirtual11_4246147567',1,'2018-03-01 19:41:09',NULL,0),(485,'playerVirtual11','playerVirtual11_e2c41f1149',3,'2018-03-01 19:41:10',NULL,0),(486,'playerVirtual11','playerVirtual11_4246147567',1,'2018-03-01 19:41:14',NULL,0),(487,'playerVirtual9','playerVirtual9_4246147567',1,'2018-03-01 19:42:12',NULL,0),(488,'playerVirtual9','playerVirtual9_eafae85c7e',3,'2018-03-01 19:42:12',NULL,0),(489,'playerVirtual6','playerVirtual6_4246147567',0,'2018-03-01 19:42:13',NULL,0),(490,'playerVirtual9','playerVirtual9_4246147567',1,'2018-03-01 19:42:16',NULL,0),(491,'playerVirtual6','playerVirtual6_4246147567',0,'2018-03-01 19:42:16',NULL,0),(492,'playerVirtual3','playerVirtual3_5068098508',1,'2018-03-01 19:42:20',NULL,0),(493,'playerVirtual3','playerVirtual3_492ea1ea90',4,'2018-03-01 19:42:20',NULL,0),(494,'playerVirtual3','playerVirtual3_5068098508',1,'2018-03-01 19:42:20',NULL,0),(495,'playerVirtual6','playerVirtual6_5b995eafdd',3,'2018-03-01 19:43:09',NULL,0),(496,'playerVirtual5','playerVirtual5_4246147567',1,'2018-03-01 19:43:55',NULL,0),(497,'playerVirtual5','playerVirtual5_4321b36215',4,'2018-03-01 19:43:56',NULL,0),(498,'playerVirtual5','playerVirtual5_4246147567',1,'2018-03-01 19:43:56',NULL,0),(499,'playerVirtual1224','playerVirtual1224_2edba6662f',4,'2018-03-01 19:44:25',NULL,0),(500,'playerVirtual12','playerVirtual12_4246147567',0,'2018-03-01 19:45:06',NULL,0),(501,'playerVirtual12','playerVirtual12_24273b0e39',4,'2018-03-01 19:45:06',NULL,0),(502,'playerVirtual12','playerVirtual12_4246147567',0,'2018-03-01 19:45:06',NULL,0),(503,'playerVirtual17','playerVirtual17_4246147567',0,'2018-03-01 19:45:59',NULL,0),(504,'playerVirtual17','playerVirtual17_02f1c24e8b',3,'2018-03-01 19:45:59',NULL,0),(505,'playerVirtual10','playerVirtual10_4246147567',0,'2018-03-01 19:46:21',NULL,0),(506,'playerVirtual10','playerVirtual10_214e6c7014',4,'2018-03-01 19:46:22',NULL,0),(507,'playerVirtual10','playerVirtual10_4246147567',0,'2018-03-01 19:46:23',NULL,0),(508,'playerVirtual17','playerVirtual17_0dfba4de06',4,'2018-03-01 19:47:01',NULL,0),(509,'playerVirtual13','playerVirtual13_4246147567',1,'2018-03-01 19:48:19',NULL,0),(510,'playerVirtual13','playerVirtual13_1fd8db53c9',4,'2018-03-01 19:48:19',NULL,0),(511,'playerVirtual13','playerVirtual13_4246147567',1,'2018-03-01 19:48:19',NULL,0),(512,'playerVirtual2','playerVirtual2_4246147567',1,'2018-03-01 19:50:03',NULL,0),(513,'playerVirtual2','playerVirtual2_8482447c55',3,'2018-03-01 19:50:03',NULL,0),(514,'playerVirtual2','playerVirtual2_4246147567',1,'2018-03-01 19:50:03',NULL,0),(515,'playerVirtual7','playerVirtual7_1420c30f76',3,'2018-03-01 19:51:05',NULL,0),(516,'playerVirtual14','playerVirtual14_4246147567',0,'2018-03-01 19:52:52',NULL,0),(517,'playerVirtual14','playerVirtual14_4a53fcf8da',3,'2018-03-01 19:52:52',NULL,0),(518,'playerVirtual14','playerVirtual14_4246147567',0,'2018-03-01 19:52:52',NULL,0),(519,'playerVirtual18','playerVirtual18_4246147567',0,'2018-03-01 19:52:56',NULL,0),(520,'playerVirtual18','playerVirtual18_4246147567',0,'2018-03-01 19:52:56',NULL,0),(521,'playerVirtual18','playerVirtual18_5bfa245199',3,'2018-03-01 19:53:56',NULL,0),(522,'playerVirtual18','playerVirtual18_4246147567',1,'2018-03-01 19:55:00',NULL,0),(523,'playerVirtual18','playerVirtual18_a9a3c2a521',4,'2018-03-01 19:55:00',NULL,0),(524,'playerVirtual18','playerVirtual18_4246147567',1,'2018-03-01 19:55:00',NULL,0),(525,'playerVirtual4','playerVirtual4_4246147567',1,'2018-03-01 19:55:13',NULL,0),(526,'playerVirtual4','playerVirtual4_2fb0cca588',4,'2018-03-01 19:55:13',NULL,0),(527,'playerVirtual4','playerVirtual4_4246147567',1,'2018-03-01 19:55:13',NULL,0),(528,'playerVirtual11','playerVirtual11_1436344784',1,'2018-03-01 19:55:17',NULL,0),(529,'playerVirtual11','playerVirtual11_5ec26c74ee',4,'2018-03-01 19:55:17',NULL,0),(530,'playerVirtual11','playerVirtual11_1436344784',1,'2018-03-01 19:55:17',NULL,0),(531,'playerVirtual6','playerVirtual6_4246147567',1,'2018-03-01 19:55:56',NULL,0),(532,'playerVirtual6','playerVirtual6_25c5b3d8d6',4,'2018-03-01 19:55:58',NULL,0),(533,'playerVirtual6','playerVirtual6_4246147567',1,'2018-03-01 19:56:03',NULL,0),(534,'playerVirtual10','playerVirtual10_33c38d7d8f',3,'2018-03-01 19:56:05',NULL,0),(535,'playerVirtual8','playerVirtual8_4246147567',0,'2018-03-01 19:56:18',NULL,0),(536,'playerVirtual8','playerVirtual8_3ed85337dc',3,'2018-03-01 19:56:19',NULL,0),(537,'playerVirtual8','playerVirtual8_4246147567',0,'2018-03-01 19:56:19',NULL,0),(538,'playerVirtual3','playerVirtual3_4246147567',0,'2018-03-01 19:58:10',NULL,0),(539,'playerVirtual3','playerVirtual3_4246147567',0,'2018-03-01 19:58:11',NULL,0),(540,'playerVirtual12','playerVirtual12_73dd189ab2',3,'2018-03-01 19:58:29',NULL,0),(541,'playerVirtual3','playerVirtual3_8088f26774',3,'2018-03-01 19:59:12',NULL,0),(542,'playerVirtual15','playerVirtual15_4246147567',0,'2018-03-01 19:59:12',NULL,0),(543,'playerVirtual15','playerVirtual15_2541cda899',3,'2018-03-01 19:59:12',NULL,0),(544,'playerVirtual15','playerVirtual15_4246147567',0,'2018-03-01 19:59:14',NULL,0),(545,'playerVirtual9','playerVirtual9_990694203',0,'2018-03-01 19:59:27',NULL,0),(546,'playerVirtual9','playerVirtual9_990694203',0,'2018-03-01 19:59:27',NULL,0),(547,'playerVirtual14','playerVirtual14_4246147567',1,'2018-03-01 19:59:27',NULL,0),(548,'playerVirtual14','playerVirtual14_a791ab5113',4,'2018-03-01 19:59:27',NULL,0),(549,'playerVirtual14','playerVirtual14_4246147567',1,'2018-03-01 19:59:28',NULL,0),(550,'playerVirtual15','playerVirtual15_4246147567',1,'2018-03-01 20:00:24',NULL,0),(551,'playerVirtual15','playerVirtual15_f78ef52864',4,'2018-03-01 20:00:24',NULL,0),(552,'playerVirtual15','playerVirtual15_4246147567',1,'2018-03-01 20:00:25',NULL,0),(553,'playerVirtual19','playerVirtual19_4246147567',0,'2018-03-01 20:00:25',NULL,0),(554,'playerVirtual19','playerVirtual19_bb7d01793f',3,'2018-03-01 20:00:25',NULL,0),(555,'playerVirtual19','playerVirtual19_4246147567',0,'2018-03-01 20:00:25',NULL,0),(556,'playerVirtual9','playerVirtual9_51511f7569',4,'2018-03-01 20:00:27',NULL,0),(557,'playerVirtual19','playerVirtual19_f2d0d3b5b8',4,'2018-03-01 20:01:26',NULL,0),(558,'playerVirtual5','playerVirtual5_4246147567',0,'2018-03-01 20:06:19',NULL,0),(559,'playerVirtual5','playerVirtual5_e94841affb',3,'2018-03-01 20:06:19',NULL,0),(560,'playerVirtual5','playerVirtual5_4246147567',0,'2018-03-01 20:06:19',NULL,0),(561,'playerVirtual16','playerVirtual16_6344084916',0,'2018-03-01 20:06:48',NULL,0),(562,'playerVirtual16','playerVirtual16_6344084916',0,'2018-03-01 20:06:49',NULL,0),(563,'playerVirtual16','playerVirtual16_01a06d3c9b',3,'2018-03-01 20:07:49',NULL,0),(564,'playerVirtual8','playerVirtual8_4246147567',1,'2018-03-01 20:08:29',NULL,0),(565,'playerVirtual8','playerVirtual8_906dda16dc',4,'2018-03-01 20:08:29',NULL,0),(566,'playerVirtual8','playerVirtual8_4246147567',1,'2018-03-01 20:08:29',NULL,0),(567,'playerVirtual2','playerVirtual2_272887063',1,'2018-03-01 20:08:54',NULL,0),(568,'playerVirtual2','playerVirtual2_ffa8d6d53c',4,'2018-03-01 20:08:55',NULL,0),(569,'playerVirtual2','playerVirtual2_272887063',1,'2018-03-01 20:08:55',NULL,0),(570,'playerVirtual13','playerVirtual13_4246147567',0,'2018-03-01 20:09:12',NULL,0),(571,'playerVirtual13','playerVirtual13_90e018791a',3,'2018-03-01 20:09:13',NULL,0),(572,'playerVirtual13','playerVirtual13_4246147567',0,'2018-03-01 20:09:13',NULL,0),(573,'playerVirtual7','playerVirtual7_6566788',0,'2018-03-01 20:09:19',NULL,0),(574,'playerVirtual4','playerVirtual4_82730999',0,'2018-03-01 20:09:54',NULL,0),(575,'playerVirtual4','playerVirtual4_82730999',0,'2018-03-01 20:09:55',NULL,0),(576,'playerVirtual7','playerVirtual7_5a51e0e82e',4,'2018-03-01 20:10:19',NULL,0),(577,'playerVirtual11','playerVirtual11_4246147567',0,'2018-03-01 20:10:40',NULL,0),(578,'playerVirtual11','playerVirtual11_8db9b45cd4',3,'2018-03-01 20:10:41',NULL,0),(579,'playerVirtual11','playerVirtual11_4246147567',0,'2018-03-01 20:10:41',NULL,0),(580,'playerVirtual4','playerVirtual4_62a8cc8e32',3,'2018-03-01 20:10:56',NULL,0),(581,'playerVirtual9','playerVirtual9_5a5c09c35e',3,'2018-03-01 20:10:57',NULL,0),(582,'playerVirtual16','playerVirtual16_4820150269',0,'2018-03-01 20:11:05',NULL,0),(583,'playerVirtual16','playerVirtual16_4820150269',0,'2018-03-01 20:11:06',NULL,0),(584,'playerVirtual3','playerVirtual3_4246147567',1,'2018-03-01 20:11:21',NULL,0),(585,'playerVirtual3','playerVirtual3_29fe3b660b',4,'2018-03-01 20:11:21',NULL,0),(586,'playerVirtual3','playerVirtual3_4246147567',1,'2018-03-01 20:11:21',NULL,0),(587,'playerVirtual16','playerVirtual16_760bd6cd80',4,'2018-03-01 20:12:05',NULL,0),(588,'playerVirtual5','playerVirtual5_4246147567',1,'2018-03-01 20:12:09',NULL,0),(589,'playerVirtual5','playerVirtual5_ffd25777cc',4,'2018-03-01 20:12:09',NULL,0),(590,'playerVirtual5','playerVirtual5_4246147567',1,'2018-03-01 20:12:09',NULL,0),(591,'playerVirtual6','playerVirtual6_6566788',0,'2018-03-01 20:12:56',NULL,0),(592,'playerVirtual6','playerVirtual6_6566788',0,'2018-03-01 20:13:02',NULL,0);
/*!40000 ALTER TABLE `REQUEST` ENABLE KEYS */;
UNLOCK TABLES;

--
-- Table structure for table `STATUS`
--

DROP TABLE IF EXISTS `STATUS`;
/*!40101 SET @saved_cs_client     = @@character_set_client */;
/*!40101 SET character_set_client = utf8 */;
CREATE TABLE `STATUS` (
  `id` int(11) NOT NULL AUTO_INCREMENT,
  `players` int(11) DEFAULT '0',
  `all_requests` int(11) DEFAULT '0',
  `accepts` int(11) DEFAULT '0',
  `rejects` int(11) DEFAULT '0',
  `fairness` float DEFAULT '0',
  `timestamp` timestamp NULL DEFAULT NULL,
  PRIMARY KEY (`id`)
) ENGINE=InnoDB AUTO_INCREMENT=32 DEFAULT CHARSET=utf8;
/*!40101 SET character_set_client = @saved_cs_client */;

--
-- Dumping data for table `STATUS`
--

LOCK TABLES `STATUS` WRITE;
/*!40000 ALTER TABLE `STATUS` DISABLE KEYS */;
INSERT INTO `STATUS` VALUES (1,0,0,0,0,0,'2018-03-01 17:43:32'),(2,2,4,3,1,0.75,'2018-03-01 17:48:32'),(3,3,10,8,2,0.8,'2018-03-01 17:53:32'),(4,5,16,11,5,0.6875,'2018-03-01 17:58:33'),(5,6,22,14,8,0.636364,'2018-03-01 18:03:33'),(6,8,27,18,9,0.666667,'2018-03-01 18:08:33'),(7,9,35,25,10,0.714286,'2018-03-01 18:13:33'),(8,10,40,30,10,0.75,'2018-03-01 18:18:33'),(9,12,46,35,11,0.76087,'2018-03-01 18:23:33'),(10,13,52,39,13,0.75,'2018-03-01 18:28:34'),(11,15,57,42,15,0.736842,'2018-03-01 18:33:34'),(12,16,65,49,16,0.753846,'2018-03-01 18:38:34'),(13,18,70,53,17,0.757143,'2018-03-01 18:43:34'),(14,19,73,56,17,0.767123,'2018-03-01 18:48:34'),(15,20,76,59,17,0.776316,'2018-03-01 18:53:35'),(16,22,80,63,17,0.7875,'2018-03-01 18:58:35'),(17,23,84,66,18,0.785714,'2018-03-01 19:03:35'),(18,24,90,71,19,0.788889,'2018-03-01 19:08:35'),(19,25,91,71,20,0.78022,'2018-03-01 19:13:35'),(20,26,96,75,21,0.78125,'2018-03-01 19:18:35'),(21,26,97,75,22,0.773196,'2018-03-01 19:23:35'),(22,26,100,77,23,0.77,'2018-03-01 19:28:35'),(23,26,105,80,25,0.761905,'2018-03-01 19:33:36'),(24,26,106,81,25,0.764151,'2018-03-01 19:38:36'),(25,27,112,87,25,0.776786,'2018-03-01 19:43:36'),(26,27,114,88,26,0.77193,'2018-03-01 19:48:36'),(27,27,116,90,26,0.775862,'2018-03-01 19:53:36'),(28,27,118,91,27,0.771186,'2018-03-01 19:58:36'),(29,27,121,93,28,0.768595,'2018-03-01 20:03:36'),(30,27,123,95,28,0.772358,'2018-03-01 20:08:36'),(31,28,128,98,30,0.765625,'2018-03-01 20:13:36');
/*!40000 ALTER TABLE `STATUS` ENABLE KEYS */;
UNLOCK TABLES;

--
-- Table structure for table `THRESHOLD`
--

DROP TABLE IF EXISTS `THRESHOLD`;
/*!40101 SET @saved_cs_client     = @@character_set_client */;
/*!40101 SET character_set_client = utf8 */;
CREATE TABLE `THRESHOLD` (
  `division` int(11) NOT NULL,
  `botton` float DEFAULT '0',
  `top` float DEFAULT '0',
  PRIMARY KEY (`division`)
) ENGINE=InnoDB DEFAULT CHARSET=utf8;
/*!40101 SET character_set_client = @saved_cs_client */;

--
-- Dumping data for table `THRESHOLD`
--

LOCK TABLES `THRESHOLD` WRITE;
/*!40000 ALTER TABLE `THRESHOLD` DISABLE KEYS */;
INSERT INTO `THRESHOLD` VALUES (1,8.76,20),(2,4.38,8.76),(3,0,4.38);
/*!40000 ALTER TABLE `THRESHOLD` ENABLE KEYS */;
UNLOCK TABLES;

--
-- Table structure for table `VM`
--

DROP TABLE IF EXISTS `VM`;
/*!40101 SET @saved_cs_client     = @@character_set_client */;
/*!40101 SET character_set_client = utf8 */;
CREATE TABLE `VM` (
  `id` int(11) NOT NULL AUTO_INCREMENT,
  `origin_add` varchar(45) NOT NULL,
  `origin_id` varchar(45) NOT NULL,
  `origin_name` varchar(45) NOT NULL,
  `destiny_add` varchar(45) NOT NULL,
  `destiny_name` varchar(45) NOT NULL,
  `destiny_id` varchar(45) NOT NULL,
  `status` tinyint(1) NOT NULL,
  `has_resources` tinyint(1) NOT NULL,
  `vcpus` int(11) NOT NULL,
  `mem` bigint(20) NOT NULL,
  `disk` bigint(20) NOT NULL,
  `timestamp_received` timestamp NULL DEFAULT NULL,
  `timestamp_finished` timestamp NULL DEFAULT NULL,
  PRIMARY KEY (`id`)
) ENGINE=InnoDB AUTO_INCREMENT=129 DEFAULT CHARSET=utf8;
/*!40101 SET character_set_client = @saved_cs_client */;

--
-- Dumping data for table `VM`
--

LOCK TABLES `VM` WRITE;
/*!40000 ALTER TABLE `VM` DISABLE KEYS */;
INSERT INTO `VM` VALUES (1,'192.168.0.200','playerVirtual1_450512000','playerVirtual1','192.168.0.200','playerVirtual2','playerVirtual2_74f7f15300',1,1,1,2048,20,'2018-03-01 17:45:44',NULL),(2,'192.168.0.200','playerVirtual2_1438244924','playerVirtual2','192.168.0.200','playerVirtual1','playerVirtual1_f34d202710',3,1,1,2048,20,'2018-03-01 17:45:46','2018-03-01 18:47:39'),(3,'192.168.0.200','playerVirtual1_640692267','playerVirtual1','192.168.0.200','playerVirtual2','playerVirtual2_293d8c5131',1,1,1,512,1,'2018-03-01 17:47:49',NULL),(4,'192.168.0.200','playerVirtual2_2381571381','playerVirtual2','192.168.0.200','playerVirtual1','playerVirtual2_2381571381',0,0,1,2048,20,'2018-03-01 17:47:50','2018-03-01 17:47:50'),(5,'192.168.0.200','playerVirtual1_5297461910','playerVirtual1','192.168.0.200','playerVirtual3','playerVirtual3_e0c32a02c3',1,1,1,512,1,'2018-03-01 17:49:52',NULL),(6,'192.168.0.200','playerVirtual2_2790332778','playerVirtual2','192.168.0.200','playerVirtual3','playerVirtual3_4068b6b0bc',1,1,2,4096,40,'2018-03-01 17:49:58',NULL),(7,'192.168.0.200','playerVirtual3_369721705','playerVirtual3','192.168.0.200','playerVirtual2','playerVirtual2_9d944f7c81',1,1,2,4096,40,'2018-03-01 17:50:53',NULL),(8,'192.168.0.200','playerVirtual1_317469422','playerVirtual1','192.168.0.200','playerVirtual2','playerVirtual2_c810e58904',1,1,2,4096,40,'2018-03-01 17:52:02',NULL),(9,'192.168.0.200','playerVirtual2_6955737','playerVirtual2','192.168.0.200','playerVirtual1','playerVirtual2_6955737',0,0,1,2048,20,'2018-03-01 17:52:04','2018-03-01 17:52:04'),(10,'192.168.0.200','playerVirtual3_257338104','playerVirtual3','192.168.0.200','playerVirtual2','playerVirtual2_dd4f6353e5',1,1,2,4096,40,'2018-03-01 17:52:55',NULL),(11,'192.168.0.200','playerVirtual2_2433236783','playerVirtual2','192.168.0.200','playerVirtual3','playerVirtual2_2433236783',0,0,1,2048,20,'2018-03-01 17:54:12','2018-03-01 17:54:12'),(12,'192.168.0.200','playerVirtual3_3338579772','playerVirtual3','192.168.0.200','playerVirtual4','playerVirtual4_5155b440e4',3,1,1,2048,20,'2018-03-01 17:55:08','2018-03-01 18:44:24'),(13,'192.168.0.200','playerVirtual2_2359368952','playerVirtual2','192.168.0.200','playerVirtual0','playerVirtual2_2359368952',0,1,1,512,1,'2018-03-01 17:56:28','2018-03-01 17:56:28'),(14,'192.168.0.200','playerVirtual3_16917741','playerVirtual3','192.168.0.200','playerVirtual4','playerVirtual4_f88e65b335',1,1,1,512,1,'2018-03-01 17:57:23',NULL),(15,'192.168.0.200','playerVirtual4_2545640208','playerVirtual4','192.168.0.200','playerVirtual0','playerVirtual4_2545640208',0,1,1,2048,20,'2018-03-01 17:58:19','2018-03-01 17:58:19'),(16,'192.168.0.200','playerVirtual0_908315','playerVirtual0','192.168.0.200','playerVirtual4','playerVirtual4_89e7eb1737',1,1,1,2048,20,'2018-03-01 17:58:29',NULL),(17,'192.168.0.200','playerVirtual2_539194189','playerVirtual2','192.168.0.200','playerVirtual0','playerVirtual2_539194189',0,1,1,2048,20,'2018-03-01 17:58:57','2018-03-01 17:58:57'),(18,'192.168.0.200','playerVirtual3_4820204870','playerVirtual3','192.168.0.200','playerVirtual5','playerVirtual5_3af6d93494',3,1,2,4096,40,'2018-03-01 18:00:35','2018-03-01 18:28:58'),(19,'192.168.0.200','playerVirtual4_8058564','playerVirtual4','192.168.0.200','playerVirtual0','playerVirtual4_8058564',0,1,1,2048,20,'2018-03-01 18:02:14','2018-03-01 18:02:14'),(20,'192.168.0.200','playerVirtual0_1429160667','playerVirtual0','192.168.0.200','playerVirtual4','playerVirtual4_59a995bafc',1,1,1,2048,20,'2018-03-01 18:02:30',NULL),(21,'192.168.0.200','playerVirtual2_82730999','playerVirtual2','192.168.0.200','playerVirtual5','playerVirtual5_e62dbef52c',1,1,1,512,1,'2018-03-01 18:02:51',NULL),(22,'192.168.0.200','playerVirtual5_3338010893','playerVirtual5','192.168.0.200','playerVirtual0','playerVirtual5_3338010893',0,1,1,512,1,'2018-03-01 18:03:00','2018-03-01 18:03:00'),(23,'192.168.0.200','playerVirtual3_351652724','playerVirtual3','192.168.0.200','playerVirtual4','playerVirtual4_f0a2130191',1,1,1,2048,20,'2018-03-01 18:03:48',NULL),(24,'192.168.0.200','playerVirtual4_6571218','playerVirtual4','192.168.0.200','playerVirtual5','playerVirtual5_4fa29fe0f6',1,1,1,2048,20,'2018-03-01 18:04:44',NULL),(25,'192.168.0.200','playerVirtual5_1339662','playerVirtual5','192.168.0.200','playerVirtual6','playerVirtual6_b087213608',1,1,1,2048,20,'2018-03-01 18:05:14',NULL),(26,'192.168.0.200','playerVirtual2_1436344784','playerVirtual2','192.168.0.200','playerVirtual4','playerVirtual4_63b0cac62f',3,1,1,2048,20,'2018-03-01 18:05:29','2018-03-01 19:05:17'),(27,'192.168.0.200','playerVirtual3_284794223','playerVirtual3','192.168.0.200','playerVirtual1741','playerVirtual3_284794223',0,1,1,2048,20,'2018-03-01 18:07:08','2018-03-01 18:07:08'),(28,'192.168.0.200','playerVirtual4_359920779','playerVirtual4','192.168.0.200','playerVirtual5','playerVirtual5_0c25d93e25',3,1,1,512,1,'2018-03-01 18:08:48','2018-03-01 19:29:02'),(29,'192.168.0.200','playerVirtual2_2904109077','playerVirtual2','192.168.0.200','playerVirtual6','playerVirtual6_0e5a4d0d4f',1,1,1,512,1,'2018-03-01 18:09:25',NULL),(30,'192.168.0.200','playerVirtual5_904011','playerVirtual5','192.168.0.200','playerVirtual4','playerVirtual4_2f7c189b0b',3,1,1,2048,20,'2018-03-01 18:09:34','2018-03-01 19:18:41'),(31,'192.168.0.200','playerVirtual6_1093460','playerVirtual6','192.168.0.200','playerVirtual7','playerVirtual7_bc72376027',1,1,1,512,1,'2018-03-01 18:10:19',NULL),(32,'192.168.0.200','playerVirtual3_905614','playerVirtual3','192.168.0.200','playerVirtual1741','playerVirtual3_905614',0,1,1,2048,20,'2018-03-01 18:10:21','2018-03-01 18:10:21'),(33,'192.168.0.200','playerVirtual4_470485660','playerVirtual4','192.168.0.200','playerVirtual5','playerVirtual5_a118a3cdf7',1,1,2,4096,40,'2018-03-01 18:11:21',NULL),(34,'192.168.0.200','playerVirtual5_5792765','playerVirtual5','192.168.0.200','playerVirtual6','playerVirtual6_9bb938bced',1,1,1,512,1,'2018-03-01 18:11:55',NULL),(35,'192.168.0.200','playerVirtual2_30788568','playerVirtual2','192.168.0.200','playerVirtual4','playerVirtual4_61be1ee37d',1,1,1,512,1,'2018-03-01 18:12:09',NULL),(36,'192.168.0.200','playerVirtual3_400453824','playerVirtual3','192.168.0.200','playerVirtual6','playerVirtual6_b9d7f090ab',1,1,1,512,1,'2018-03-01 18:13:56',NULL),(37,'192.168.0.200','playerVirtual6_38671842','playerVirtual6','192.168.0.200','playerVirtual8','playerVirtual8_864197c397',1,1,1,512,1,'2018-03-01 18:15:05',NULL),(38,'192.168.0.200','playerVirtual4_4819935267','playerVirtual4','192.168.0.200','playerVirtual6','playerVirtual6_e7108a7d67',1,1,2,4096,40,'2018-03-01 18:15:44',NULL),(39,'192.168.0.200','playerVirtual2_6264344062','playerVirtual2','192.168.0.200','playerVirtual4','playerVirtual4_55a321d69f',3,1,1,512,1,'2018-03-01 18:16:25','2018-03-01 18:59:20'),(40,'192.168.0.200','playerVirtual5_4820217293','playerVirtual5','192.168.0.200','playerVirtual2','playerVirtual2_78cc39b757',1,1,2,4096,40,'2018-03-01 18:16:34',NULL),(41,'192.168.0.200','playerVirtual3_1095593','playerVirtual3','192.168.0.200','playerVirtual8','playerVirtual8_9eee033a90',3,1,1,512,1,'2018-03-01 18:18:49','2018-03-01 18:52:40'),(42,'192.168.0.200','playerVirtual6_2148750930','playerVirtual6','192.168.0.200','playerVirtual8','playerVirtual8_13d516fee1',1,1,1,2048,20,'2018-03-01 18:18:51',NULL),(43,'192.168.0.200','playerVirtual4_563574327','playerVirtual4','192.168.0.200','playerVirtual9','playerVirtual9_b6bfab96e0',1,1,1,2048,20,'2018-03-01 18:19:57',NULL),(44,'192.168.0.200','playerVirtual8_227443932','playerVirtual8','192.168.0.200','playerVirtual1578','playerVirtual8_227443932',0,1,1,2048,20,'2018-03-01 18:20:08','2018-03-01 18:20:08'),(45,'192.168.0.200','playerVirtual5_16915963','playerVirtual5','192.168.0.200','playerVirtual6','playerVirtual6_71a5fb68bb',1,1,1,2048,20,'2018-03-01 18:20:37',NULL),(46,'192.168.0.200','playerVirtual3_272887063','playerVirtual3','192.168.0.200','playerVirtual8','playerVirtual8_adb9b5de73',3,1,1,2048,20,'2018-03-01 18:22:44','2018-03-01 18:32:45'),(47,'192.168.0.200','playerVirtual8_4820204870','playerVirtual8','192.168.0.200','playerVirtual9','playerVirtual9_642cb5d8c3',1,1,2,4096,40,'2018-03-01 18:23:50',NULL),(48,'192.168.0.200','playerVirtual6_6274355716','playerVirtual6','192.168.0.200','playerVirtual1578','playerVirtual6_6274355716',0,1,1,512,1,'2018-03-01 18:23:56','2018-03-01 18:23:56'),(49,'192.168.0.200','playerVirtual2_38676294','playerVirtual2','192.168.0.200','playerVirtual6','playerVirtual6_4c0fc131c1',1,1,1,512,1,'2018-03-01 18:24:17',NULL),(50,'192.168.0.200','playerVirtual9_5623125514','playerVirtual9','192.168.0.200','playerVirtual10','playerVirtual10_c57a2a6585',1,1,1,2048,20,'2018-03-01 18:25:31',NULL),(51,'192.168.0.200','playerVirtual4_182859403','playerVirtual4','192.168.0.200','playerVirtual8','playerVirtual8_ee57a1b802',3,1,1,512,1,'2018-03-01 18:25:38','2018-03-01 18:30:06'),(52,'192.168.0.200','playerVirtual5_990694203','playerVirtual5','192.168.0.200','playerVirtual1578','playerVirtual5_990694203',0,1,1,2048,20,'2018-03-01 18:27:00','2018-03-01 18:27:00'),(53,'192.168.0.200','playerVirtual6_4476462938','playerVirtual6','192.168.0.200','playerVirtual5','playerVirtual5_3fd526753f',1,1,1,2048,20,'2018-03-01 18:29:46',NULL),(54,'192.168.0.200','playerVirtual9_6282149131','playerVirtual9','192.168.0.200','playerVirtual11','playerVirtual11_30f74a7413',1,1,1,512,1,'2018-03-01 18:29:48',NULL),(55,'192.168.0.200','playerVirtual2_272887063','playerVirtual2','192.168.0.200','playerVirtual10','playerVirtual10_0fd7797ac3',3,1,1,2048,20,'2018-03-01 18:30:21','2018-03-01 20:08:55'),(56,'192.168.0.200','playerVirtual8_6280643141','playerVirtual8','192.168.0.200','playerVirtual11','playerVirtual11_1aec623b18',1,1,1,512,1,'2018-03-01 18:30:52',NULL),(57,'192.168.0.200','playerVirtual10_6280638724','playerVirtual10','192.168.0.200','playerVirtual1448','playerVirtual10_6280638724',0,1,1,512,1,'2018-03-01 18:32:35','2018-03-01 18:32:35'),(58,'192.168.0.200','playerVirtual6_214880781','playerVirtual6','192.168.0.200','playerVirtual12','playerVirtual12_cb86791f89',1,1,1,2048,20,'2018-03-01 18:35:25',NULL),(59,'192.168.0.200','playerVirtual8_6641406','playerVirtual8','192.168.0.200','playerVirtual10','playerVirtual10_7eb71f4491',1,1,1,2048,20,'2018-03-01 18:36:12',NULL),(60,'192.168.0.200','playerVirtual2_182859403','playerVirtual2','192.168.0.200','playerVirtual8','playerVirtual8_0e11f40ccf',3,1,1,512,1,'2018-03-01 18:36:16','2018-03-01 19:14:30'),(61,'192.168.0.200','playerVirtual4_682797','playerVirtual4','192.168.0.200','playerVirtual11','playerVirtual11_3bfd575b12',1,1,1,2048,20,'2018-03-01 18:36:17',NULL),(62,'192.168.0.200','playerVirtual10_1438244924','playerVirtual10','192.168.0.200','playerVirtual1448','playerVirtual10_1438244924',0,1,1,2048,20,'2018-03-01 18:36:26','2018-03-01 18:36:26'),(63,'192.168.0.200','playerVirtual9_1094955','playerVirtual9','192.168.0.200','playerVirtual12','playerVirtual12_50693456f1',1,1,1,512,1,'2018-03-01 18:37:23',NULL),(64,'192.168.0.200','playerVirtual5_16914091','playerVirtual5','192.168.0.200','playerVirtual10','playerVirtual10_e96b5c2177',1,1,1,2048,20,'2018-03-01 18:37:32',NULL),(65,'192.168.0.200','playerVirtual11_1436323714','playerVirtual11','192.168.0.200','playerVirtual8','playerVirtual8_408521b9b8',1,1,1,2048,20,'2018-03-01 18:38:28',NULL),(66,'192.168.0.200','playerVirtual3_6955737','playerVirtual3','192.168.0.200','playerVirtual12','playerVirtual12_cfc15cdb69',1,1,1,2048,20,'2018-03-01 18:39:36',NULL),(67,'192.168.0.200','playerVirtual4_6289355687','playerVirtual4','192.168.0.200','playerVirtual13','playerVirtual13_e61061328c',1,1,1,512,1,'2018-03-01 18:42:35',NULL),(68,'192.168.0.200','playerVirtual6_2381571381','playerVirtual6','192.168.0.200','playerVirtual10','playerVirtual10_002c53623b',1,1,1,2048,20,'2018-03-01 18:42:40',NULL),(69,'192.168.0.200','playerVirtual11_1436344784','playerVirtual11','192.168.0.200','playerVirtual13','playerVirtual13_0c61078ecf',3,1,1,2048,20,'2018-03-01 18:42:41','2018-03-01 19:55:17'),(70,'192.168.0.200','playerVirtual9_1438244924','playerVirtual9','192.168.0.200','playerVirtual1081','playerVirtual9_1438244924',0,1,1,2048,20,'2018-03-01 18:43:17','2018-03-01 18:43:17'),(71,'192.168.0.200','playerVirtual5_6289704471','playerVirtual5','192.168.0.200','playerVirtual8','playerVirtual8_c8d0bcc87f',3,1,1,512,1,'2018-03-01 18:43:37','2018-03-01 19:12:52'),(72,'192.168.0.200','playerVirtual8_2378747961','playerVirtual8','192.168.0.200','playerVirtual10','playerVirtual10_f8c33cae04',3,1,1,512,1,'2018-03-01 18:43:44','2018-03-01 18:49:58'),(73,'192.168.0.200','playerVirtual12_3338579772','playerVirtual12','192.168.0.200','playerVirtual13','playerVirtual13_c7403d5c4b',1,1,1,2048,20,'2018-03-01 18:44:22',NULL),(74,'192.168.0.200','playerVirtual13_794070039','playerVirtual13','192.168.0.200','playerVirtual14','playerVirtual14_321217a317',1,1,1,512,1,'2018-03-01 18:50:40',NULL),(75,'192.168.0.200','playerVirtual4_6296268057','playerVirtual4','192.168.0.200','playerVirtual15','playerVirtual15_4db3d50c5e',1,1,1,512,1,'2018-03-01 18:51:57',NULL),(76,'192.168.0.200','playerVirtual12_5297461910','playerVirtual12','192.168.0.200','playerVirtual4','playerVirtual4_e7c382305d',1,1,1,512,1,'2018-03-01 18:52:49',NULL),(77,'192.168.0.200','playerVirtual11_6296865278','playerVirtual11','192.168.0.200','playerVirtual10','playerVirtual10_43f92a717d',1,1,1,512,1,'2018-03-01 18:54:09',NULL),(78,'192.168.0.200','playerVirtual9_6264344062','playerVirtual9','192.168.0.200','playerVirtual16','playerVirtual16_fed44e8e08',1,1,1,2048,20,'2018-03-01 18:54:47',NULL),(79,'192.168.0.200','playerVirtual5_990694203','playerVirtual5','192.168.0.200','playerVirtual8','playerVirtual8_6f97ed3b79',1,1,1,2048,20,'2018-03-01 18:55:36',NULL),(80,'192.168.0.200','playerVirtual10_6289704471','playerVirtual10','192.168.0.200','playerVirtual13','playerVirtual13_04168ad3cc',3,1,1,2048,20,'2018-03-01 18:55:37','2018-03-01 19:06:13'),(81,'192.168.0.200','playerVirtual13_908315','playerVirtual13','192.168.0.200','playerVirtual1284','playerVirtual13_908315',0,1,1,2048,20,'2018-03-01 18:59:40','2018-03-01 18:59:40'),(82,'192.168.0.200','playerVirtual6_182859403','playerVirtual6','192.168.0.200','playerVirtual17','playerVirtual17_cb6ed80a6a',1,1,1,512,1,'2018-03-01 19:02:28',NULL),(83,'192.168.0.200','playerVirtual3_539194189','playerVirtual3','192.168.0.200','playerVirtual14','playerVirtual14_f5f0f7eac1',1,1,1,2048,20,'2018-03-01 19:03:26',NULL),(84,'192.168.0.200','playerVirtual8_6274355716','playerVirtual8','192.168.0.200','playerVirtual15','playerVirtual15_45edf0c121',1,1,1,512,1,'2018-03-01 19:03:30',NULL),(85,'192.168.0.200','playerVirtual4_4246147567','playerVirtual4','192.168.0.200','playerVirtual18','playerVirtual18_1b5596e939',3,1,2,4096,40,'2018-03-01 19:05:09','2018-03-01 19:55:14'),(86,'192.168.0.200','playerVirtual11_4246147567','playerVirtual11','192.168.0.200','playerVirtual10','playerVirtual10_ae010a234c',3,1,2,4096,40,'2018-03-01 19:05:45','2018-03-01 19:41:14'),(87,'192.168.0.200','playerVirtual9_4246147567','playerVirtual9','192.168.0.200','playerVirtual16','playerVirtual16_ebb2a7b2fe',3,1,2,4096,40,'2018-03-01 19:06:38','2018-03-01 19:42:16'),(88,'192.168.0.200','playerVirtual15_1095593','playerVirtual15','192.168.0.200','playerVirtual13','playerVirtual13_2a2e99df2c',3,1,1,512,1,'2018-03-01 19:06:57','2018-03-01 19:09:11'),(89,'192.168.0.200','playerVirtual12_6289704471','playerVirtual12','192.168.0.200','playerVirtual1284','playerVirtual12_6289704471',0,1,1,2048,20,'2018-03-01 19:07:16','2018-03-01 19:07:16'),(90,'192.168.0.200','playerVirtual14_2378747961','playerVirtual14','192.168.0.200','playerVirtual15','playerVirtual15_b778f5a9ca',1,1,1,512,1,'2018-03-01 19:07:42',NULL),(91,'192.168.0.200','playerVirtual8_4246147567','playerVirtual8','192.168.0.200','playerVirtual19','playerVirtual19_c57a3e9ed4',3,1,2,4096,40,'2018-03-01 19:12:59','2018-03-01 20:08:29'),(92,'192.168.0.200','playerVirtual6_6316827871','playerVirtual6','192.168.0.200','playerVirtual4','playerVirtual4_6b1f3480ce',1,1,1,512,1,'2018-03-01 19:14:12',NULL),(93,'192.168.0.200','playerVirtual13_4246147567','playerVirtual13','192.168.0.200','playerVirtual14','playerVirtual14_790bdc39da',3,1,2,4096,40,'2018-03-01 19:14:28','2018-03-01 19:48:19'),(94,'192.168.0.200','playerVirtual16_4246147567','playerVirtual16','192.168.0.200','playerVirtual18','playerVirtual18_baeb3eb1b1',3,1,2,4096,40,'2018-03-01 19:14:43','2018-03-01 19:40:13'),(95,'192.168.0.200','playerVirtual3_5068098508','playerVirtual3','192.168.0.200','playerVirtual16','playerVirtual16_2bdea698f8',3,1,1,2048,20,'2018-03-01 19:15:46','2018-03-01 19:42:20'),(96,'192.168.0.200','playerVirtual12_4246147567','playerVirtual12','192.168.0.200','playerVirtual13','playerVirtual13_3c928e77cb',3,1,2,4096,40,'2018-03-01 19:17:27','2018-03-01 19:31:51'),(97,'192.168.0.200','playerVirtual10_4246147567','playerVirtual10','192.168.0.200','playerVirtual1012','playerVirtual10_4246147567',0,1,2,4096,40,'2018-03-01 19:18:57','2018-03-01 19:18:57'),(98,'192.168.0.200','playerVirtual14_4246147567','playerVirtual14','192.168.0.200','playerVirtual15','playerVirtual15_c7967db28f',3,1,2,4096,40,'2018-03-01 19:24:58','2018-03-01 19:59:28'),(99,'192.168.0.200','playerVirtual18_990694203','playerVirtual18','192.168.0.200','playerVirtual19','playerVirtual19_7e7249b195',3,1,1,2048,20,'2018-03-01 19:26:12','2018-03-01 19:28:14'),(100,'192.168.0.200','playerVirtual6_6322213339','playerVirtual6','192.168.0.200','playerVirtual8','playerVirtual8_6223d64148',1,1,1,512,1,'2018-03-01 19:27:57',NULL),(101,'192.168.0.200','playerVirtual3_359920779','playerVirtual3','192.168.0.200','playerVirtual14','playerVirtual14_36a0df86b6',1,1,1,512,1,'2018-03-01 19:29:08',NULL),(102,'192.168.0.200','playerVirtual11_4246147567','playerVirtual11','192.168.0.200','playerVirtual18','playerVirtual18_10ce4a5aef',3,1,2,4096,40,'2018-03-01 19:30:37','2018-03-01 19:41:14'),(103,'192.168.0.200','playerVirtual15_4246147567','playerVirtual15','192.168.0.200','playerVirtual5','playerVirtual5_cf464a2e89',3,1,2,4096,40,'2018-03-01 19:31:04','2018-03-01 20:00:25'),(104,'192.168.0.200','playerVirtual9_4246147567','playerVirtual9','192.168.0.200','playerVirtual16','playerVirtual16_09b1ba6dda',3,1,2,4096,40,'2018-03-01 19:31:40','2018-03-01 19:42:16'),(105,'192.168.0.200','playerVirtual19_4246147567','playerVirtual19','192.168.0.200','playerVirtual1012','playerVirtual19_4246147567',0,1,2,4096,40,'2018-03-01 19:32:05','2018-03-01 19:32:05'),(106,'192.168.0.200','playerVirtual5_4246147567','playerVirtual5','192.168.0.200','playerVirtual10','playerVirtual10_e1b0946652',3,1,2,4096,40,'2018-03-01 19:37:06','2018-03-01 20:12:09'),(107,'192.168.0.200','playerVirtual16_4246147567','playerVirtual16','192.168.0.200','playerVirtual19','playerVirtual19_c4dcd02700',3,1,2,4096,40,'2018-03-01 19:39:12','2018-03-01 19:40:13'),(108,'192.168.0.200','playerVirtual2_4246147567','playerVirtual2','192.168.0.200','playerVirtual4','playerVirtual4_20bf7977fb',3,1,2,4096,40,'2018-03-01 19:39:35','2018-03-01 19:50:03'),(109,'192.168.0.200','playerVirtual8_6335261139','playerVirtual8','192.168.0.200','playerVirtual13','playerVirtual13_49e74dc125',1,1,1,512,1,'2018-03-01 19:39:42',NULL),(110,'192.168.0.200','playerVirtual13_4246147567','playerVirtual13','192.168.0.200','playerVirtual15','playerVirtual15_8eb7b8998b',3,1,2,4096,40,'2018-03-01 19:40:20','2018-03-01 19:48:19'),(111,'192.168.0.200','playerVirtual4_4246147567','playerVirtual4','192.168.0.200','playerVirtual8','playerVirtual8_e08862776e',3,1,2,4096,40,'2018-03-01 19:40:39','2018-03-01 19:55:14'),(112,'192.168.0.200','playerVirtual6_4246147567','playerVirtual6','192.168.0.200','playerVirtual14','playerVirtual14_d2fc54738e',3,1,2,4096,40,'2018-03-01 19:42:16','2018-03-01 19:56:03'),(113,'192.168.0.200','playerVirtual12_4246147567','playerVirtual12','192.168.0.200','playerVirtual1224','playerVirtual12_4246147567',0,1,2,4096,40,'2018-03-01 19:45:06','2018-03-01 19:45:06'),(114,'192.168.0.200','playerVirtual10_4246147567','playerVirtual10','192.168.0.200','playerVirtual18','playerVirtual18_ee3a4011fb',1,1,2,4096,40,'2018-03-01 19:46:23',NULL),(115,'192.168.0.200','playerVirtual14_4246147567','playerVirtual14','192.168.0.200','playerVirtual5','playerVirtual5_6e6a90ae25',3,1,2,4096,40,'2018-03-01 19:52:52','2018-03-01 19:59:28'),(116,'192.168.0.200','playerVirtual18_4246147567','playerVirtual18','192.168.0.200','playerVirtual16','playerVirtual16_b19bc9f112',3,1,2,4096,40,'2018-03-01 19:52:56','2018-03-01 19:55:00'),(117,'192.168.0.200','playerVirtual8_4246147567','playerVirtual8','192.168.0.200','playerVirtual2','playerVirtual2_0a9359e164',3,1,2,4096,40,'2018-03-01 19:56:19','2018-03-01 20:08:29'),(118,'192.168.0.200','playerVirtual3_4246147567','playerVirtual3','192.168.0.200','playerVirtual19','playerVirtual19_aa19ae78ae',3,1,2,4096,40,'2018-03-01 19:58:11','2018-03-01 20:11:21'),(119,'192.168.0.200','playerVirtual15_4246147567','playerVirtual15','192.168.0.200','playerVirtual10','playerVirtual10_ae00f4934c',3,1,2,4096,40,'2018-03-01 19:59:14','2018-03-01 20:00:25'),(120,'192.168.0.200','playerVirtual9_990694203','playerVirtual9','192.168.0.200','playerVirtual3','playerVirtual9_990694203',0,0,1,2048,20,'2018-03-01 19:59:27','2018-03-01 19:59:27'),(121,'192.168.0.200','playerVirtual19_4246147567','playerVirtual19','192.168.0.200','playerVirtual4','playerVirtual4_c2d3c401f5',1,1,2,4096,40,'2018-03-01 20:00:25',NULL),(122,'192.168.0.200','playerVirtual5_4246147567','playerVirtual5','192.168.0.200','playerVirtual13','playerVirtual13_5548ce3444',3,1,2,4096,40,'2018-03-01 20:06:19','2018-03-01 20:12:09'),(123,'192.168.0.200','playerVirtual16_6344084916','playerVirtual16','192.168.0.200','playerVirtual15','playerVirtual15_a0e1d23c28',1,1,1,512,1,'2018-03-01 20:06:49',NULL),(124,'192.168.0.200','playerVirtual13_4246147567','playerVirtual13','192.168.0.200','playerVirtual14','playerVirtual14_515cdaf1d0',1,1,2,4096,40,'2018-03-01 20:09:13',NULL),(125,'192.168.0.200','playerVirtual4_82730999','playerVirtual4','192.168.0.200','playerVirtual8','playerVirtual8_7a04cadf1a',1,1,1,512,1,'2018-03-01 20:09:55',NULL),(126,'192.168.0.200','playerVirtual11_4246147567','playerVirtual11','192.168.0.200','playerVirtual7','playerVirtual11_4246147567',0,0,2,4096,40,'2018-03-01 20:10:41','2018-03-01 20:10:41'),(127,'192.168.0.200','playerVirtual16_4820150269','playerVirtual16','192.168.0.200','playerVirtual18','playerVirtual18_e6b992f9d8',1,1,2,4096,40,'2018-03-01 20:11:06',NULL),(128,'192.168.0.200','playerVirtual6_6566788','playerVirtual6','192.168.0.200','playerVirtual16','playerVirtual16_25bb21935d',1,1,1,2048,20,'2018-03-01 20:13:02',NULL);
/*!40000 ALTER TABLE `VM` ENABLE KEYS */;
UNLOCK TABLES;
/*!40103 SET TIME_ZONE=@OLD_TIME_ZONE */;

/*!40101 SET SQL_MODE=@OLD_SQL_MODE */;
/*!40014 SET FOREIGN_KEY_CHECKS=@OLD_FOREIGN_KEY_CHECKS */;
/*!40014 SET UNIQUE_CHECKS=@OLD_UNIQUE_CHECKS */;
/*!40101 SET CHARACTER_SET_CLIENT=@OLD_CHARACTER_SET_CLIENT */;
/*!40101 SET CHARACTER_SET_RESULTS=@OLD_CHARACTER_SET_RESULTS */;
/*!40101 SET COLLATION_CONNECTION=@OLD_COLLATION_CONNECTION */;
/*!40111 SET SQL_NOTES=@OLD_SQL_NOTES */;

-- Dump completed on 2018-03-01 17:13:39
