-- MySQL dump 10.14  Distrib 5.5.58-MariaDB, for debian-linux-gnu (x86_64)
--
-- Host: localhost    Database: mct
-- ------------------------------------------------------
-- Server version	5.5.58-MariaDB-1ubuntu0.14.04.1

/*!40101 SET @OLD_CHARACTER_SET_CLIENT=@@CHARACTER_SET_CLIENT */;
/*!40101 SET @OLD_CHARACTER_SET_RESULTS=@@CHARACTER_SET_RESULTS */;
/*!40101 SET @OLD_COLLATION_CONNECTION=@@COLLATION_CONNECTION */;
/*!40101 SET NAMES utf8 */;
/*!40103 SET @OLD_TIME_ZONE=@@TIME_ZONE */;
/*!40103 SET TIME_ZONE='+00:00' */;
/*!40014 SET @OLD_UNIQUE_CHECKS=@@UNIQUE_CHECKS, UNIQUE_CHECKS=0 */;
/*!40014 SET @OLD_FOREIGN_KEY_CHECKS=@@FOREIGN_KEY_CHECKS, FOREIGN_KEY_CHECKS=0 */;
/*!40101 SET @OLD_SQL_MODE=@@SQL_MODE, SQL_MODE='NO_AUTO_VALUE_ON_ZERO' */;
/*!40111 SET @OLD_SQL_NOTES=@@SQL_NOTES, SQL_NOTES=0 */;

--
-- Table structure for table `FIELDS`
--

DROP TABLE IF EXISTS `FIELDS`;
/*!40101 SET @saved_cs_client     = @@character_set_client */;
/*!40101 SET character_set_client = utf8 */;
CREATE TABLE `FIELDS` (
  `operation` int(11) NOT NULL,
  `fields` varchar(45) NOT NULL,
  PRIMARY KEY (`operation`)
) ENGINE=InnoDB DEFAULT CHARSET=utf8;
/*!40101 SET character_set_client = @saved_cs_client */;

--
-- Dumping data for table `FIELDS`
--

LOCK TABLES `FIELDS` WRITE;
/*!40000 ALTER TABLE `FIELDS` DISABLE KEYS */;
INSERT INTO `FIELDS` VALUES (0,'name mem image vcpus disk uuid');
/*!40000 ALTER TABLE `FIELDS` ENABLE KEYS */;
UNLOCK TABLES;

--
-- Table structure for table `PLAYER`
--

DROP TABLE IF EXISTS `PLAYER`;
/*!40101 SET @saved_cs_client     = @@character_set_client */;
/*!40101 SET character_set_client = utf8 */;
CREATE TABLE `PLAYER` (
  `id` int(11) NOT NULL AUTO_INCREMENT,
  `name` varchar(45) NOT NULL,
  `address` varchar(45) NOT NULL,
  `division` int(11) DEFAULT NULL,
  `score` float DEFAULT '0',
  `history` int(11) DEFAULT '0',
  `fairness` float DEFAULT '0',
  `accepts` int(11) DEFAULT '0',
  `rejects` int(11) DEFAULT '0',
  `running` int(11) DEFAULT '0',
  `finished` int(11) DEFAULT '0',
  `problem_del` int(11) DEFAULT '0',
  `vcpus` int(11) DEFAULT '0',
  `memory` bigint(20) DEFAULT '0',
  `local_gb` bigint(20) DEFAULT '0',
  `vcpus_used` bigint(20) DEFAULT '0',
  `memory_used` bigint(20) DEFAULT '0',
  `local_gb_used` bigint(20) DEFAULT '0',
  `max_instance` int(11) DEFAULT '0',
  `token` varchar(45) DEFAULT NULL,
  `suspend` timestamp NULL DEFAULT NULL,
  `enabled` int(11) DEFAULT '0',
  `last_choice` timestamp NOT NULL DEFAULT '2018-01-01 02:00:00',
  `playoff` tinyint(1) DEFAULT '0',
  PRIMARY KEY (`id`)
) ENGINE=InnoDB AUTO_INCREMENT=29 DEFAULT CHARSET=utf8;
/*!40101 SET character_set_client = @saved_cs_client */;

--
-- Dumping data for table `PLAYER`
--

LOCK TABLES `PLAYER` WRITE;
/*!40000 ALTER TABLE `PLAYER` DISABLE KEYS */;
INSERT INTO `PLAYER` VALUES (1,'playerVirtual1','192.168.0.200',4,-2,0,1,1,2,0,1,0,1023,1047552,10230,0,0,0,1,'723c1d492752a237520970e1cd5efdca74848525',NULL,0,'2018-03-01 02:26:50',1),(2,'playerVirtual2','192.168.0.200',1,11.28,29,0.6875,7,0,6,1,0,1023,1047552,10230,10,18944,181,9,'b93a7471eeb1a0acc318278c07cb5b89cacc8e7f',NULL,1,'2018-03-01 04:37:31',0),(3,'playerVirtual3','192.168.0.200',3,1.32,28,0.733333,2,2,2,0,0,1023,1047552,10230,3,4608,41,2,'4ea3e01b0b2a415399f3ae05992848f1d5bfed61',NULL,1,'2018-03-01 04:18:29',0),(4,'playerVirtual4','192.168.0.200',1,9.3,27,0.769231,14,0,7,7,0,1023,1047552,10230,7,9728,83,9,'8732de9a349c76aadf6198660630f3ae3f94bcad',NULL,1,'2018-03-01 04:34:21',0),(5,'playerVirtual0','192.168.0.200',4,-10,0,1,0,5,0,0,0,1023,1047552,10230,0,0,0,99,'305517c8d891abab3ff497505ad025d3f85d34e7',NULL,0,'2018-03-01 02:37:53',1),(6,'playerVirtual5','192.168.0.200',1,9.96,26,0.818182,8,0,5,3,0,1023,1047552,10230,7,11264,102,5,'25e560d884eebd0c28aa99b1f0d7082ceb1f7e14',NULL,1,'2018-03-01 04:45:12',0),(7,'playerVirtual6','192.168.0.200',2,7.31,25,1,7,0,7,0,0,1023,1047552,10230,8,10240,84,7,'e2b0d3045dceb80f9afa6c293c99ef91666f9fa4',NULL,1,'2018-03-01 02:59:03',0),(8,'playerVirtual1666','192.168.0.200',4,-4,0,0,0,2,0,0,0,1023,1047552,10230,0,0,0,99,'134ddb8d89a14042bd18f643a8b75a5ff3fdaa49',NULL,0,'2018-03-01 02:45:14',1),(9,'playerVirtual7','192.168.0.200',3,0.33,24,0,1,1,1,0,0,1023,1047552,10230,1,512,1,1,'12fef2eb2c47fba7dfcb4a022d34c6bcedad7896',NULL,1,'2018-03-01 04:30:59',0),(10,'playerVirtual8','192.168.0.200',1,10.63,23,0.75,11,0,4,7,0,1023,1047552,10230,4,5120,42,9,'ff99a87b870369938064a5f8c97ff5e7889b124e',NULL,1,'2018-03-01 04:27:25',0),(11,'playerVirtual9','192.168.0.200',3,1.33,22,0.875,4,0,2,2,0,1023,1047552,10230,2,4096,40,2,'006e55ff54f2827bd23d205593867dbc11a786b2',NULL,1,'2018-03-01 03:49:22',0),(12,'playerVirtual1960','192.168.0.200',4,-6,0,0,0,3,0,0,0,1023,1047552,10230,0,0,0,99,'622ad3a67be1f09b890236c4afca87c2b366c1f7',NULL,0,'2018-03-01 03:01:52',1),(13,'playerVirtual10','192.168.0.200',1,9.3,21,0.714286,11,0,6,5,0,1023,1047552,10230,6,7680,63,8,'dc99d58de29221c1facf981276f0d85ee57b3262',NULL,1,'2018-03-01 04:45:17',0),(14,'playerVirtual11','192.168.0.200',3,0.33,20,0.666667,3,1,3,0,0,1023,1047552,10230,3,4608,41,3,'eb52018649d7cf796010e649848ef673c33547c0',NULL,1,'2018-03-01 04:31:26',0),(15,'playerVirtual1374','192.168.0.200',4,-4,0,0,0,2,0,0,0,1023,1047552,10230,0,0,0,99,'30155fe9ad277323091fadad65b2f1ab4667ebab',NULL,0,'2018-03-01 03:11:01',1),(16,'playerVirtual12','192.168.0.200',3,2.66,19,0.4,3,0,3,0,0,1023,1047552,10230,3,3072,22,3,'6f0cc64a32c398c7d625f9ba5475a6aab171c66b',NULL,1,'2018-03-01 03:17:15',0),(17,'playerVirtual13','192.168.0.200',2,7.97,18,0.75,7,0,2,5,0,1023,1047552,10230,3,4608,41,5,'b5de16b25f163e8cb24a6bf88307750317861ff2',NULL,1,'2018-03-01 04:44:23',0),(18,'playerVirtual1432','192.168.0.200',4,-4,0,0,0,2,0,0,0,1023,1047552,10230,0,0,0,99,'61e1f4eeb47199da348767f19cf45623bad3644f',NULL,0,'2018-03-01 03:19:11',1),(19,'playerVirtual14','192.168.0.200',2,5.97,17,0.75,6,0,3,3,0,1023,1047552,10230,3,6144,60,5,'b9d1cc717cac5c0c8683f1b64b3dae0a73c546fc',NULL,1,'2018-03-01 04:44:58',0),(20,'playerVirtual15','192.168.0.200',2,5.98,16,1,6,0,4,2,0,1023,1047552,10230,5,5632,43,5,'15eb01c85aba90cb17bd0ba369aff0c77612de43',NULL,1,'2018-03-01 04:46:20',0),(21,'playerVirtual16','192.168.0.200',2,6.64,15,0.666667,5,0,3,2,0,1023,1047552,10230,3,3072,22,3,'5d10adb304e031c09756956d4a1c1fdb15e86939',NULL,1,'2018-03-01 04:37:57',0),(22,'playerVirtual1519','192.168.0.200',4,-2,0,0,0,1,0,0,0,1023,1047552,10230,0,0,0,99,'1c4084c633f6d2149b7fde9a4c20de6ffa5a564c',NULL,0,'2018-03-01 03:35:38',1),(23,'playerVirtual17','192.168.0.200',3,0,14,0,1,0,1,0,0,1023,1047552,10230,1,2048,20,1,'453af15509ebb831173734d7b188115d36d4c963',NULL,1,'2018-03-01 03:37:09',0),(24,'playerVirtual18','192.168.0.200',2,6.64,13,0,5,0,3,2,0,1023,1047552,10230,3,3072,22,3,'3ed459ad850065de67e145a066616787e45aaa2c',NULL,1,'2018-03-01 04:47:50',0),(25,'playerVirtual19','192.168.0.200',2,5.97,12,0.5,5,0,1,4,0,1023,1047552,10230,1,512,1,7,'c97f5a966cdbdf12f583ccf9d54ca4d4859b939d',NULL,1,'2018-03-01 04:45:41',0),(26,'playerVirtual1977','192.168.0.200',4,-2,0,0,0,1,0,0,0,1023,1047552,10230,0,0,0,99,'590cc6e436609b84d9f660c4f554ee7f92a9f35a',NULL,0,'2018-03-01 03:55:08',1),(27,'playerVirtual1391','192.168.0.200',4,-4,0,0,0,2,0,0,0,1023,1047552,10230,0,0,0,99,'0b18f1cd386eb81fe3d09c2a87ee30b081ce377f',NULL,0,'2018-03-01 04:22:19',1),(28,'playerVirtual1172','192.168.0.200',3,0,0,0,0,0,0,0,0,0,0,0,0,0,0,0,'89807ea73604c0c543850e0c05f65bb079f82c64',NULL,1,'2018-01-01 02:00:00',0);
/*!40000 ALTER TABLE `PLAYER` ENABLE KEYS */;
UNLOCK TABLES;

--
-- Table structure for table `REQUEST`
--

DROP TABLE IF EXISTS `REQUEST`;
/*!40101 SET @saved_cs_client     = @@character_set_client */;
/*!40101 SET character_set_client = utf8 */;
CREATE TABLE `REQUEST` (
  `id` int(11) NOT NULL AUTO_INCREMENT,
  `player_id` varchar(45) NOT NULL,
  `request_id` varchar(45) NOT NULL,
  `action` int(11) NOT NULL,
  `timestamp_received` timestamp NULL DEFAULT NULL,
  `timestamp_finished` timestamp NULL DEFAULT NULL,
  `status` int(11) NOT NULL,
  PRIMARY KEY (`id`)
) ENGINE=InnoDB AUTO_INCREMENT=601 DEFAULT CHARSET=utf8;
/*!40101 SET character_set_client = @saved_cs_client */;

--
-- Dumping data for table `REQUEST`
--

LOCK TABLES `REQUEST` WRITE;
/*!40000 ALTER TABLE `REQUEST` DISABLE KEYS */;
INSERT INTO `REQUEST` VALUES (1,'playerVirtual1','playerVirtual1_c1f3b47a52',4,'2018-03-01 02:19:29',NULL,0),(2,'playerVirtual2','playerVirtual2_e12a0267d2',4,'2018-03-01 02:19:29',NULL,0),(3,'playerVirtual1','playerVirtual1_450512000',0,'2018-03-01 02:20:30',NULL,0),(4,'playerVirtual1','playerVirtual1_450512000',0,'2018-03-01 02:20:30',NULL,0),(5,'playerVirtual2','playerVirtual2_1438244924',0,'2018-03-01 02:20:32',NULL,0),(6,'playerVirtual2','playerVirtual2_1438244924',0,'2018-03-01 02:20:33',NULL,0),(7,'playerVirtual1','playerVirtual1_6b3d4c7dfe',3,'2018-03-01 02:21:30',NULL,0),(8,'playerVirtual2','playerVirtual2_06e0f59443',3,'2018-03-01 02:21:33',NULL,0),(9,'playerVirtual1','playerVirtual1_640692267',0,'2018-03-01 02:22:36',NULL,0),(10,'playerVirtual1','playerVirtual1_640692267',0,'2018-03-01 02:22:36',NULL,0),(11,'playerVirtual2','playerVirtual2_2381571381',0,'2018-03-01 02:22:37',NULL,0),(12,'playerVirtual2','playerVirtual2_2381571381',0,'2018-03-01 02:22:37',NULL,0),(13,'playerVirtual1','playerVirtual1_33ac822f0c',4,'2018-03-01 02:23:36',NULL,0),(14,'playerVirtual2','playerVirtual2_7477f2d555',4,'2018-03-01 02:23:37',NULL,0),(15,'playerVirtual3','playerVirtual3_3ceb09f293',4,'2018-03-01 02:24:33',NULL,0),(16,'playerVirtual1','playerVirtual1_5297461910',0,'2018-03-01 02:24:39',NULL,0),(17,'playerVirtual1','playerVirtual1_5297461910',0,'2018-03-01 02:24:40',NULL,0),(18,'playerVirtual2','playerVirtual2_2790332778',0,'2018-03-01 02:24:44',NULL,0),(19,'playerVirtual2','playerVirtual2_2790332778',0,'2018-03-01 02:24:44',NULL,0),(20,'playerVirtual1','playerVirtual1_fa18cb20c4',3,'2018-03-01 02:25:39',NULL,0),(21,'playerVirtual2','playerVirtual2_9b60abf55a',3,'2018-03-01 02:25:44',NULL,0),(22,'playerVirtual3','playerVirtual3_369721705',0,'2018-03-01 02:25:45',NULL,0),(23,'playerVirtual3','playerVirtual3_369721705',0,'2018-03-01 02:25:45',NULL,0),(24,'playerVirtual3','playerVirtual3_64e108076f',3,'2018-03-01 02:26:45',NULL,0),(25,'playerVirtual1','playerVirtual1_317469422',0,'2018-03-01 02:26:49',NULL,0),(26,'playerVirtual1','playerVirtual1_317469422',0,'2018-03-01 02:26:49',NULL,0),(27,'playerVirtual2','playerVirtual2_6955737',0,'2018-03-01 02:26:49',NULL,0),(28,'playerVirtual2','playerVirtual2_6955737',0,'2018-03-01 02:26:50',NULL,0),(29,'playerVirtual3','playerVirtual3_257338104',0,'2018-03-01 02:27:46',NULL,0),(30,'playerVirtual3','playerVirtual3_257338104',0,'2018-03-01 02:27:47',NULL,0),(31,'playerVirtual1','playerVirtual1_fc84802a46',4,'2018-03-01 02:27:49',NULL,0),(32,'playerVirtual2','playerVirtual2_1adfab02d6',4,'2018-03-01 02:27:50',NULL,0),(33,'playerVirtual3','playerVirtual3_96600fbedb',4,'2018-03-01 02:28:47',NULL,0),(34,'playerVirtual2','playerVirtual2_2433236783',0,'2018-03-01 02:28:58',NULL,0),(35,'playerVirtual2','playerVirtual2_2433236783',0,'2018-03-01 02:28:58',NULL,0),(36,'playerVirtual4','playerVirtual4_3056b37df7',4,'2018-03-01 02:29:27',NULL,0),(37,'playerVirtual0','playerVirtual0_cc2bd03f6a',4,'2018-03-01 02:29:34',NULL,0),(38,'playerVirtual2','playerVirtual2_9c390db50f',3,'2018-03-01 02:29:58',NULL,0),(39,'playerVirtual3','playerVirtual3_3338579772',0,'2018-03-01 02:30:00',NULL,0),(40,'playerVirtual3','playerVirtual3_3338579772',0,'2018-03-01 02:30:00',NULL,0),(41,'playerVirtual4','playerVirtual4_257407216',0,'2018-03-01 02:30:42',NULL,0),(42,'playerVirtual0','playerVirtual0_182859403',0,'2018-03-01 02:30:55',NULL,0),(43,'playerVirtual3','playerVirtual3_7df57fb44b',3,'2018-03-01 02:31:00',NULL,0),(44,'playerVirtual2','playerVirtual2_2359368952',0,'2018-03-01 02:31:14',NULL,0),(45,'playerVirtual2','playerVirtual2_2359368952',0,'2018-03-01 02:31:15',NULL,0),(46,'playerVirtual4','playerVirtual4_7f961aae30',3,'2018-03-01 02:31:42',NULL,0),(47,'playerVirtual0','playerVirtual0_4ff9103338',3,'2018-03-01 02:31:55',NULL,0),(48,'playerVirtual3','playerVirtual3_16917741',0,'2018-03-01 02:32:14',NULL,0),(49,'playerVirtual3','playerVirtual3_16917741',0,'2018-03-01 02:32:15',NULL,0),(50,'playerVirtual2','playerVirtual2_1104bf9b2e',4,'2018-03-01 02:32:15',NULL,0),(51,'playerVirtual4','playerVirtual4_2545640208',0,'2018-03-01 02:33:04',NULL,0),(52,'playerVirtual4','playerVirtual4_2545640208',0,'2018-03-01 02:33:04',NULL,0),(53,'playerVirtual0','playerVirtual0_908315',0,'2018-03-01 02:33:12',NULL,0),(54,'playerVirtual0','playerVirtual0_908315',0,'2018-03-01 02:33:12',NULL,0),(55,'playerVirtual3','playerVirtual3_607102d8c3',4,'2018-03-01 02:33:14',NULL,0),(56,'playerVirtual2','playerVirtual2_539194189',0,'2018-03-01 02:33:44',NULL,0),(57,'playerVirtual2','playerVirtual2_539194189',0,'2018-03-01 02:33:44',NULL,0),(58,'playerVirtual4','playerVirtual4_8c604664f1',4,'2018-03-01 02:34:04',NULL,0),(59,'playerVirtual0','playerVirtual0_ab22e26ed6',4,'2018-03-01 02:34:12',NULL,0),(60,'playerVirtual5','playerVirtual5_1a5c1f2717',4,'2018-03-01 02:34:34',NULL,0),(61,'playerVirtual2','playerVirtual2_cf19f2d7c6',3,'2018-03-01 02:34:44',NULL,0),(62,'playerVirtual3','playerVirtual3_4820204870',0,'2018-03-01 02:35:27',NULL,0),(63,'playerVirtual3','playerVirtual3_4820204870',0,'2018-03-01 02:35:27',NULL,0),(64,'playerVirtual3','playerVirtual3_17981e5e47',3,'2018-03-01 02:36:27',NULL,0),(65,'playerVirtual4','playerVirtual4_8058564',0,'2018-03-01 02:36:59',NULL,0),(66,'playerVirtual4','playerVirtual4_8058564',0,'2018-03-01 02:36:59',NULL,0),(67,'playerVirtual0','playerVirtual0_1429160667',0,'2018-03-01 02:37:13',NULL,0),(68,'playerVirtual0','playerVirtual0_1429160667',0,'2018-03-01 02:37:13',NULL,0),(69,'playerVirtual2','playerVirtual2_82730999',0,'2018-03-01 02:37:37',NULL,0),(70,'playerVirtual2','playerVirtual2_82730999',0,'2018-03-01 02:37:38',NULL,0),(71,'playerVirtual5','playerVirtual5_3338010893',0,'2018-03-01 02:37:53',NULL,0),(72,'playerVirtual5','playerVirtual5_3338010893',0,'2018-03-01 02:37:53',NULL,0),(73,'playerVirtual4','playerVirtual4_2edfcbe4f7',3,'2018-03-01 02:37:59',NULL,0),(74,'playerVirtual0','playerVirtual0_6086819534',3,'2018-03-01 02:38:13',NULL,0),(75,'playerVirtual2','playerVirtual2_25c65cdcfe',4,'2018-03-01 02:38:38',NULL,0),(76,'playerVirtual3','playerVirtual3_351652724',0,'2018-03-01 02:38:39',NULL,0),(77,'playerVirtual3','playerVirtual3_351652724',0,'2018-03-01 02:38:40',NULL,0),(78,'playerVirtual5','playerVirtual5_afd7c402af',3,'2018-03-01 02:38:53',NULL,0),(79,'playerVirtual4','playerVirtual4_6571218',0,'2018-03-01 02:39:29',NULL,0),(80,'playerVirtual4','playerVirtual4_6571218',0,'2018-03-01 02:39:29',NULL,0),(81,'playerVirtual6','playerVirtual6_f943076527',4,'2018-03-01 02:39:30',NULL,0),(82,'playerVirtual3','playerVirtual3_0e7bbb02ad',4,'2018-03-01 02:39:40',NULL,0),(83,'playerVirtual5','playerVirtual5_1339662',0,'2018-03-01 02:40:06',NULL,0),(84,'playerVirtual5','playerVirtual5_1339662',0,'2018-03-01 02:40:06',NULL,0),(85,'playerVirtual2','playerVirtual2_1436344784',0,'2018-03-01 02:40:15',NULL,0),(86,'playerVirtual2','playerVirtual2_1436344784',0,'2018-03-01 02:40:15',NULL,0),(87,'playerVirtual4','playerVirtual4_cbf31fcd14',4,'2018-03-01 02:40:29',NULL,0),(88,'playerVirtual5','playerVirtual5_d35df559f7',4,'2018-03-01 02:41:06',NULL,0),(89,'playerVirtual2','playerVirtual2_e61c356f4a',3,'2018-03-01 02:41:15',NULL,0),(90,'playerVirtual1666','playerVirtual1666_11d4046f0f',4,'2018-03-01 02:41:42',NULL,0),(91,'playerVirtual3','playerVirtual3_284794223',0,'2018-03-01 02:42:00',NULL,0),(92,'playerVirtual3','playerVirtual3_284794223',0,'2018-03-01 02:42:00',NULL,0),(93,'playerVirtual3','playerVirtual3_81771bf776',3,'2018-03-01 02:43:00',NULL,0),(94,'playerVirtual6','playerVirtual6_317497342',0,'2018-03-01 02:43:02',NULL,0),(95,'playerVirtual4','playerVirtual4_359920779',0,'2018-03-01 02:43:31',NULL,0),(96,'playerVirtual4','playerVirtual4_359920779',0,'2018-03-01 02:43:32',NULL,0),(97,'playerVirtual6','playerVirtual6_f5640bf8a3',3,'2018-03-01 02:44:02',NULL,0),(98,'playerVirtual2','playerVirtual2_2904109077',0,'2018-03-01 02:44:11',NULL,0),(99,'playerVirtual2','playerVirtual2_2904109077',0,'2018-03-01 02:44:12',NULL,0),(100,'playerVirtual5','playerVirtual5_904011',0,'2018-03-01 02:44:26',NULL,0),(101,'playerVirtual5','playerVirtual5_904011',0,'2018-03-01 02:44:29',NULL,0),(102,'playerVirtual7','playerVirtual7_94663effd2',4,'2018-03-01 02:44:29',NULL,0),(103,'playerVirtual4','playerVirtual4_18e8f1523f',3,'2018-03-01 02:44:32',NULL,0),(104,'playerVirtual6','playerVirtual6_1093460',0,'2018-03-01 02:45:04',NULL,0),(105,'playerVirtual6','playerVirtual6_1093460',0,'2018-03-01 02:45:05',NULL,0),(106,'playerVirtual2','playerVirtual2_41b133186c',4,'2018-03-01 02:45:12',NULL,0),(107,'playerVirtual3','playerVirtual3_905614',0,'2018-03-01 02:45:14',NULL,0),(108,'playerVirtual3','playerVirtual3_905614',0,'2018-03-01 02:45:14',NULL,0),(109,'playerVirtual1666','playerVirtual1666_257338074',0,'2018-03-01 02:45:15',NULL,0),(110,'playerVirtual5','playerVirtual5_cde9c107a4',3,'2018-03-01 02:45:26',NULL,0),(111,'playerVirtual6','playerVirtual6_1334fe492a',4,'2018-03-01 02:46:05',NULL,0),(112,'playerVirtual4','playerVirtual4_470485660',0,'2018-03-01 02:46:06',NULL,0),(113,'playerVirtual4','playerVirtual4_470485660',0,'2018-03-01 02:46:06',NULL,0),(114,'playerVirtual3','playerVirtual3_02d0da4f34',4,'2018-03-01 02:46:14',NULL,0),(115,'playerVirtual1666','playerVirtual1666_2d6db1afc0',3,'2018-03-01 02:46:16',NULL,0),(116,'playerVirtual5','playerVirtual5_5792765',0,'2018-03-01 02:46:47',NULL,0),(117,'playerVirtual5','playerVirtual5_5792765',0,'2018-03-01 02:46:48',NULL,0),(118,'playerVirtual2','playerVirtual2_30788568',0,'2018-03-01 02:46:55',NULL,0),(119,'playerVirtual2','playerVirtual2_30788568',0,'2018-03-01 02:46:55',NULL,0),(120,'playerVirtual4','playerVirtual4_7d0cac154c',4,'2018-03-01 02:47:06',NULL,0),(121,'playerVirtual1666','playerVirtual1666_4820318661',0,'2018-03-01 02:47:38',NULL,0),(122,'playerVirtual5','playerVirtual5_e714f9c67e',4,'2018-03-01 02:47:48',NULL,0),(123,'playerVirtual2','playerVirtual2_27177d9de4',3,'2018-03-01 02:47:55',NULL,0),(124,'playerVirtual7','playerVirtual7_6569547',0,'2018-03-01 02:48:03',NULL,0),(125,'playerVirtual3','playerVirtual3_400453824',0,'2018-03-01 02:48:48',NULL,0),(126,'playerVirtual3','playerVirtual3_400453824',0,'2018-03-01 02:48:49',NULL,0),(127,'playerVirtual7','playerVirtual7_2fb5f1262b',3,'2018-03-01 02:49:03',NULL,0),(128,'playerVirtual8','playerVirtual8_2154a8b783',4,'2018-03-01 02:49:30',NULL,0),(129,'playerVirtual3','playerVirtual3_45ea605745',3,'2018-03-01 02:49:49',NULL,0),(130,'playerVirtual6','playerVirtual6_38671842',0,'2018-03-01 02:49:50',NULL,0),(131,'playerVirtual6','playerVirtual6_38671842',0,'2018-03-01 02:49:50',NULL,0),(132,'playerVirtual4','playerVirtual4_4819935267',0,'2018-03-01 02:50:28',NULL,0),(133,'playerVirtual4','playerVirtual4_4819935267',0,'2018-03-01 02:50:29',NULL,0),(134,'playerVirtual7','playerVirtual7_5068098508',0,'2018-03-01 02:50:42',NULL,0),(135,'playerVirtual6','playerVirtual6_b5e77cf2ff',3,'2018-03-01 02:50:50',NULL,0),(136,'playerVirtual2','playerVirtual2_6264344062',0,'2018-03-01 02:51:11',NULL,0),(137,'playerVirtual2','playerVirtual2_6264344062',0,'2018-03-01 02:51:12',NULL,0),(138,'playerVirtual5','playerVirtual5_4820217293',0,'2018-03-01 02:51:26',NULL,0),(139,'playerVirtual5','playerVirtual5_4820217293',0,'2018-03-01 02:51:26',NULL,0),(140,'playerVirtual4','playerVirtual4_6132f7d79d',3,'2018-03-01 02:51:29',NULL,0),(141,'playerVirtual7','playerVirtual7_e0965f3e72',4,'2018-03-01 02:51:42',NULL,0),(142,'playerVirtual2','playerVirtual2_7f34df2ac6',4,'2018-03-01 02:52:12',NULL,0),(143,'playerVirtual5','playerVirtual5_e6ce61bf16',3,'2018-03-01 02:52:26',NULL,0),(144,'playerVirtual6','playerVirtual6_2148750930',0,'2018-03-01 02:53:37',NULL,0),(145,'playerVirtual6','playerVirtual6_2148750930',0,'2018-03-01 02:53:37',NULL,0),(146,'playerVirtual3','playerVirtual3_1095593',0,'2018-03-01 02:53:43',NULL,0),(147,'playerVirtual3','playerVirtual3_1095593',0,'2018-03-01 02:53:43',NULL,0),(148,'playerVirtual9','playerVirtual9_87fff10700',4,'2018-03-01 02:54:28',NULL,0),(149,'playerVirtual1960','playerVirtual1960_52276637df',4,'2018-03-01 02:54:28',NULL,0),(150,'playerVirtual6','playerVirtual6_7705699b79',4,'2018-03-01 02:54:37',NULL,0),(151,'playerVirtual4','playerVirtual4_563574327',0,'2018-03-01 02:54:44',NULL,0),(152,'playerVirtual3','playerVirtual3_bbe6d9da74',4,'2018-03-01 02:54:44',NULL,0),(153,'playerVirtual4','playerVirtual4_563574327',0,'2018-03-01 02:54:46',NULL,0),(154,'playerVirtual8','playerVirtual8_227443932',0,'2018-03-01 02:54:57',NULL,0),(155,'playerVirtual8','playerVirtual8_227443932',0,'2018-03-01 02:54:58',NULL,0),(156,'playerVirtual2','playerVirtual2_47e2e4be7b',3,'2018-03-01 02:55:07',NULL,0),(157,'playerVirtual5','playerVirtual5_16915963',0,'2018-03-01 02:55:29',NULL,0),(158,'playerVirtual5','playerVirtual5_16915963',0,'2018-03-01 02:55:30',NULL,0),(159,'playerVirtual4','playerVirtual4_a204f35cf9',4,'2018-03-01 02:55:43',NULL,0),(160,'playerVirtual8','playerVirtual8_d22cd17f64',3,'2018-03-01 02:55:58',NULL,0),(161,'playerVirtual5','playerVirtual5_305cdc40f7',4,'2018-03-01 02:56:30',NULL,0),(162,'playerVirtual7','playerVirtual7_765651',0,'2018-03-01 02:56:42',NULL,0),(163,'playerVirtual3','playerVirtual3_6274355716',0,'2018-03-01 02:57:40',NULL,0),(164,'playerVirtual3','playerVirtual3_6274355716',0,'2018-03-01 02:57:40',NULL,0),(165,'playerVirtual7','playerVirtual7_0e07e95707',3,'2018-03-01 02:57:42',NULL,0),(166,'playerVirtual6','playerVirtual6_272887063',0,'2018-03-01 02:58:38',NULL,0),(167,'playerVirtual6','playerVirtual6_272887063',0,'2018-03-01 02:58:39',NULL,0),(168,'playerVirtual8','playerVirtual8_4820204870',0,'2018-03-01 02:58:39',NULL,0),(169,'playerVirtual8','playerVirtual8_4820204870',0,'2018-03-01 02:58:40',NULL,0),(170,'playerVirtual3','playerVirtual3_eb0655bd9a',3,'2018-03-01 02:58:40',NULL,0),(171,'playerVirtual2','playerVirtual2_38676294',0,'2018-03-01 02:59:03',NULL,0),(172,'playerVirtual2','playerVirtual2_38676294',0,'2018-03-01 02:59:04',NULL,0),(173,'playerVirtual10','playerVirtual10_0b8f2639fd',4,'2018-03-01 02:59:29',NULL,0),(174,'playerVirtual6','playerVirtual6_8f269531aa',3,'2018-03-01 02:59:39',NULL,0),(175,'playerVirtual8','playerVirtual8_18e2d1a2e6',4,'2018-03-01 02:59:39',NULL,0),(176,'playerVirtual2','playerVirtual2_605aa35e2a',4,'2018-03-01 03:00:03',NULL,0),(177,'playerVirtual9','playerVirtual9_5623125514',0,'2018-03-01 03:00:12',NULL,0),(178,'playerVirtual9','playerVirtual9_5623125514',0,'2018-03-01 03:00:12',NULL,0),(179,'playerVirtual1960','playerVirtual1960_284757920',0,'2018-03-01 03:00:14',NULL,0),(180,'playerVirtual4','playerVirtual4_182859403',0,'2018-03-01 03:00:23',NULL,0),(181,'playerVirtual4','playerVirtual4_182859403',0,'2018-03-01 03:00:24',NULL,0),(182,'playerVirtual9','playerVirtual9_82db38d0ff',3,'2018-03-01 03:01:12',NULL,0),(183,'playerVirtual1960','playerVirtual1960_094a707aed',3,'2018-03-01 03:01:14',NULL,0),(184,'playerVirtual7','playerVirtual7_990694203',0,'2018-03-01 03:01:21',NULL,0),(185,'playerVirtual4','playerVirtual4_3ae0557e2e',3,'2018-03-01 03:01:23',NULL,0),(186,'playerVirtual5','playerVirtual5_990694203',0,'2018-03-01 03:01:52',NULL,0),(187,'playerVirtual5','playerVirtual5_990694203',0,'2018-03-01 03:01:53',NULL,0),(188,'playerVirtual7','playerVirtual7_b115bca4b4',4,'2018-03-01 03:02:21',NULL,0),(189,'playerVirtual5','playerVirtual5_371ff9d89b',3,'2018-03-01 03:02:52',NULL,0),(190,'playerVirtual3','playerVirtual3_4820204870',1,'2018-03-01 03:03:50',NULL,0),(191,'playerVirtual3','playerVirtual3_640d9936e3',4,'2018-03-01 03:03:50',NULL,0),(192,'playerVirtual3','playerVirtual3_4820204870',1,'2018-03-01 03:03:51',NULL,0),(193,'playerVirtual6','playerVirtual6_6280643141',0,'2018-03-01 03:04:21',NULL,0),(194,'playerVirtual6','playerVirtual6_6280643141',0,'2018-03-01 03:04:21',NULL,0),(195,'playerVirtual11','playerVirtual11_22c4d6024b',4,'2018-03-01 03:04:27',NULL,0),(196,'playerVirtual9','playerVirtual9_6282149131',0,'2018-03-01 03:04:30',NULL,0),(197,'playerVirtual9','playerVirtual9_6282149131',0,'2018-03-01 03:04:30',NULL,0),(198,'playerVirtual4','playerVirtual4_182859403',1,'2018-03-01 03:04:51',NULL,0),(199,'playerVirtual4','playerVirtual4_1eeea46809',4,'2018-03-01 03:04:52',NULL,0),(200,'playerVirtual4','playerVirtual4_182859403',1,'2018-03-01 03:04:52',NULL,0),(201,'playerVirtual2','playerVirtual2_272887063',0,'2018-03-01 03:05:08',NULL,0),(202,'playerVirtual2','playerVirtual2_272887063',0,'2018-03-01 03:05:08',NULL,0),(203,'playerVirtual6','playerVirtual6_b6b2de18a4',4,'2018-03-01 03:05:21',NULL,0),(204,'playerVirtual9','playerVirtual9_e9dd45ed63',4,'2018-03-01 03:05:30',NULL,0),(205,'playerVirtual8','playerVirtual8_4476462938',0,'2018-03-01 03:05:52',NULL,0),(206,'playerVirtual8','playerVirtual8_4476462938',0,'2018-03-01 03:05:52',NULL,0),(207,'playerVirtual5','playerVirtual5_2c31ba3000',4,'2018-03-01 03:05:57',NULL,0),(208,'playerVirtual2','playerVirtual2_895e55778e',3,'2018-03-01 03:06:10',NULL,0),(209,'playerVirtual1374','playerVirtual1374_d14d49e9b3',4,'2018-03-01 03:06:33',NULL,0),(210,'playerVirtual8','playerVirtual8_33b19a3f3e',3,'2018-03-01 03:06:52',NULL,0),(211,'playerVirtual10','playerVirtual10_6280638724',0,'2018-03-01 03:07:13',NULL,0),(212,'playerVirtual10','playerVirtual10_6280638724',0,'2018-03-01 03:07:13',NULL,0),(213,'playerVirtual7','playerVirtual7_b4a138a3f3',3,'2018-03-01 03:07:21',NULL,0),(214,'playerVirtual3','playerVirtual3_1436323714',0,'2018-03-01 03:07:55',NULL,0),(215,'playerVirtual3','playerVirtual3_1436323714',0,'2018-03-01 03:07:55',NULL,0),(216,'playerVirtual10','playerVirtual10_bef8957618',3,'2018-03-01 03:08:15',NULL,0),(217,'playerVirtual3','playerVirtual3_c7fff6a354',3,'2018-03-01 03:08:55',NULL,0),(218,'playerVirtual12','playerVirtual12_26b144ce5e',4,'2018-03-01 03:09:32',NULL,0),(219,'playerVirtual6','playerVirtual6_272887063',1,'2018-03-01 03:09:39',NULL,0),(220,'playerVirtual6','playerVirtual6_2d22c04333',3,'2018-03-01 03:09:39',NULL,0),(221,'playerVirtual6','playerVirtual6_272887063',1,'2018-03-01 03:09:39',NULL,0),(222,'playerVirtual8','playerVirtual8_6285257156',0,'2018-03-01 03:10:31',NULL,0),(223,'playerVirtual8','playerVirtual8_6285257156',0,'2018-03-01 03:10:32',NULL,0),(224,'playerVirtual2','playerVirtual2_182859403',0,'2018-03-01 03:10:46',NULL,0),(225,'playerVirtual2','playerVirtual2_182859403',0,'2018-03-01 03:10:47',NULL,0),(226,'playerVirtual4','playerVirtual4_214880781',0,'2018-03-01 03:10:49',NULL,0),(227,'playerVirtual4','playerVirtual4_214880781',0,'2018-03-01 03:10:49',NULL,0),(228,'playerVirtual10','playerVirtual10_6955737',0,'2018-03-01 03:11:01',NULL,0),(229,'playerVirtual10','playerVirtual10_6955737',0,'2018-03-01 03:11:01',NULL,0),(230,'playerVirtual8','playerVirtual8_c31fc2981b',4,'2018-03-01 03:11:32',NULL,0),(231,'playerVirtual9','playerVirtual9_1094955',0,'2018-03-01 03:11:39',NULL,0),(232,'playerVirtual9','playerVirtual9_1094955',0,'2018-03-01 03:11:40',NULL,0),(233,'playerVirtual2','playerVirtual2_62f159bc84',4,'2018-03-01 03:11:47',NULL,0),(234,'playerVirtual4','playerVirtual4_3d372d7f95',3,'2018-03-01 03:11:49',NULL,0),(235,'playerVirtual10','playerVirtual10_6dd7e0d8ae',4,'2018-03-01 03:12:01',NULL,0),(236,'playerVirtual5','playerVirtual5_16914091',0,'2018-03-01 03:12:24',NULL,0),(237,'playerVirtual5','playerVirtual5_16914091',0,'2018-03-01 03:12:26',NULL,0),(238,'playerVirtual9','playerVirtual9_a02a8742f1',3,'2018-03-01 03:12:39',NULL,0),(239,'playerVirtual7','playerVirtual7_6955737',0,'2018-03-01 03:12:40',NULL,0),(240,'playerVirtual11','playerVirtual11_682797',0,'2018-03-01 03:12:49',NULL,0),(241,'playerVirtual11','playerVirtual11_682797',0,'2018-03-01 03:12:50',NULL,0),(242,'playerVirtual5','playerVirtual5_9916901357',3,'2018-03-01 03:13:24',NULL,0),(243,'playerVirtual7','playerVirtual7_22b0d61f87',4,'2018-03-01 03:13:40',NULL,0),(244,'playerVirtual11','playerVirtual11_a5c9fa64ad',3,'2018-03-01 03:13:50',NULL,0),(245,'playerVirtual13','playerVirtual13_1bcc17398b',4,'2018-03-01 03:14:31',NULL,0),(246,'playerVirtual3','playerVirtual3_1438244924',0,'2018-03-01 03:15:30',NULL,0),(247,'playerVirtual3','playerVirtual3_1438244924',0,'2018-03-01 03:15:34',NULL,0),(248,'playerVirtual6','playerVirtual6_2381571381',0,'2018-03-01 03:16:09',NULL,0),(249,'playerVirtual6','playerVirtual6_2381571381',0,'2018-03-01 03:16:09',NULL,0),(250,'playerVirtual3','playerVirtual3_cad9df8c2f',4,'2018-03-01 03:16:28',NULL,0),(251,'playerVirtual6','playerVirtual6_4693bc3c23',4,'2018-03-01 03:17:09',NULL,0),(252,'playerVirtual4','playerVirtual4_6289355687',0,'2018-03-01 03:17:15',NULL,0),(253,'playerVirtual4','playerVirtual4_6289355687',0,'2018-03-01 03:17:15',NULL,0),(254,'playerVirtual1432','playerVirtual1432_f945ce3109',4,'2018-03-01 03:17:22',NULL,0),(255,'playerVirtual11','playerVirtual11_794070039',0,'2018-03-01 03:17:23',NULL,0),(256,'playerVirtual11','playerVirtual11_794070039',0,'2018-03-01 03:17:23',NULL,0),(257,'playerVirtual2','playerVirtual2_55090dfda7',3,'2018-03-01 03:17:27',NULL,0),(258,'playerVirtual9','playerVirtual9_6289704471',0,'2018-03-01 03:18:01',NULL,0),(259,'playerVirtual9','playerVirtual9_6289704471',0,'2018-03-01 03:18:01',NULL,0),(260,'playerVirtual4','playerVirtual4_c69ddf4ebf',4,'2018-03-01 03:18:15',NULL,0),(261,'playerVirtual11','playerVirtual11_72d6a130e6',4,'2018-03-01 03:18:23',NULL,0),(262,'playerVirtual7','playerVirtual7_177ad9f174',3,'2018-03-01 03:18:43',NULL,0),(263,'playerVirtual8','playerVirtual8_2378747961',0,'2018-03-01 03:18:43',NULL,0),(264,'playerVirtual8','playerVirtual8_2378747961',0,'2018-03-01 03:18:43',NULL,0),(265,'playerVirtual5','playerVirtual5_1436344784',0,'2018-03-01 03:18:44',NULL,0),(266,'playerVirtual5','playerVirtual5_1436344784',0,'2018-03-01 03:18:44',NULL,0),(267,'playerVirtual9','playerVirtual9_b066289522',4,'2018-03-01 03:19:01',NULL,0),(268,'playerVirtual12','playerVirtual12_3338579772',0,'2018-03-01 03:19:11',NULL,0),(269,'playerVirtual12','playerVirtual12_3338579772',0,'2018-03-01 03:19:11',NULL,0),(270,'playerVirtual14','playerVirtual14_bbf8c697bf',4,'2018-03-01 03:19:33',NULL,0),(271,'playerVirtual8','playerVirtual8_cc4c8f8d39',3,'2018-03-01 03:19:44',NULL,0),(272,'playerVirtual5','playerVirtual5_b618fb674d',4,'2018-03-01 03:19:47',NULL,0),(273,'playerVirtual12','playerVirtual12_a71a2dfa7b',3,'2018-03-01 03:20:11',NULL,0),(274,'playerVirtual3','playerVirtual3_3338579772',1,'2018-03-01 03:20:34',NULL,0),(275,'playerVirtual3','playerVirtual3_0e4ebf43c5',3,'2018-03-01 03:20:34',NULL,0),(276,'playerVirtual3','playerVirtual3_3338579772',1,'2018-03-01 03:20:34',NULL,0),(277,'playerVirtual10','playerVirtual10_1438244924',0,'2018-03-01 03:20:41',NULL,0),(278,'playerVirtual10','playerVirtual10_1438244924',0,'2018-03-01 03:20:41',NULL,0),(279,'playerVirtual10','playerVirtual10_6259fbc969',3,'2018-03-01 03:21:41',NULL,0),(280,'playerVirtual2','playerVirtual2_1438244924',1,'2018-03-01 03:22:24',NULL,0),(281,'playerVirtual2','playerVirtual2_a40687f488',4,'2018-03-01 03:22:25',NULL,0),(282,'playerVirtual2','playerVirtual2_1438244924',1,'2018-03-01 03:22:25',NULL,0),(283,'playerVirtual15','playerVirtual15_566fac0412',4,'2018-03-01 03:24:32',NULL,0),(284,'playerVirtual6','playerVirtual6_6296268057',0,'2018-03-01 03:24:33',NULL,0),(285,'playerVirtual6','playerVirtual6_6296268057',0,'2018-03-01 03:24:33',NULL,0),(286,'playerVirtual8','playerVirtual8_2378747961',1,'2018-03-01 03:24:50',NULL,0),(287,'playerVirtual8','playerVirtual8_6ccad32589',4,'2018-03-01 03:24:51',NULL,0),(288,'playerVirtual8','playerVirtual8_2378747961',1,'2018-03-01 03:24:51',NULL,0),(289,'playerVirtual6','playerVirtual6_d50484bd7c',3,'2018-03-01 03:25:33',NULL,0),(290,'playerVirtual13','playerVirtual13_990694203',0,'2018-03-01 03:26:05',NULL,0),(291,'playerVirtual13','playerVirtual13_990694203',0,'2018-03-01 03:26:06',NULL,0),(292,'playerVirtual13','playerVirtual13_2a49bc26f5',3,'2018-03-01 03:27:09',NULL,0),(293,'playerVirtual3','playerVirtual3_1438244924',1,'2018-03-01 03:27:56',NULL,0),(294,'playerVirtual3','playerVirtual3_02d8f52a88',4,'2018-03-01 03:27:56',NULL,0),(295,'playerVirtual3','playerVirtual3_1438244924',1,'2018-03-01 03:27:57',NULL,0),(296,'playerVirtual4','playerVirtual4_182859403',0,'2018-03-01 03:27:59',NULL,0),(297,'playerVirtual4','playerVirtual4_4458503d50',3,'2018-03-01 03:27:59',NULL,0),(298,'playerVirtual4','playerVirtual4_182859403',0,'2018-03-01 03:28:00',NULL,0),(299,'playerVirtual13','playerVirtual13_990694203',1,'2018-03-01 03:28:09',NULL,0),(300,'playerVirtual13','playerVirtual13_4e9e99247a',4,'2018-03-01 03:28:09',NULL,0),(301,'playerVirtual13','playerVirtual13_990694203',1,'2018-03-01 03:28:12',NULL,0),(302,'playerVirtual2','playerVirtual2_0ffdd34011',3,'2018-03-01 03:28:15',NULL,0),(303,'playerVirtual12','playerVirtual12_1095593',0,'2018-03-01 03:28:45',NULL,0),(304,'playerVirtual12','playerVirtual12_1095593',0,'2018-03-01 03:28:45',NULL,0),(305,'playerVirtual16','playerVirtual16_d71c2753ca',4,'2018-03-01 03:29:32',NULL,0),(306,'playerVirtual7','playerVirtual7_990694203',0,'2018-03-01 03:29:39',NULL,0),(307,'playerVirtual7','playerVirtual7_1d9c34909a',4,'2018-03-01 03:29:39',NULL,0),(308,'playerVirtual12','playerVirtual12_8c95090259',4,'2018-03-01 03:29:45',NULL,0),(309,'playerVirtual9','playerVirtual9_6301942525',0,'2018-03-01 03:29:59',NULL,0),(310,'playerVirtual9','playerVirtual9_6301942525',0,'2018-03-01 03:30:00',NULL,0),(311,'playerVirtual11','playerVirtual11_6264344062',0,'2018-03-01 03:30:38',NULL,0),(312,'playerVirtual11','playerVirtual11_6264344062',0,'2018-03-01 03:30:38',NULL,0),(313,'playerVirtual9','playerVirtual9_778e1fbccd',3,'2018-03-01 03:31:00',NULL,0),(314,'playerVirtual11','playerVirtual11_829c89ed0d',3,'2018-03-01 03:31:38',NULL,0),(315,'playerVirtual10','playerVirtual10_6274355716',0,'2018-03-01 03:31:47',NULL,0),(316,'playerVirtual10','playerVirtual10_6274355716',0,'2018-03-01 03:31:47',NULL,0),(317,'playerVirtual5','playerVirtual5_6289704471',0,'2018-03-01 03:32:28',NULL,0),(318,'playerVirtual5','playerVirtual5_6289704471',0,'2018-03-01 03:32:28',NULL,0),(319,'playerVirtual1519','playerVirtual1519_669441d621',4,'2018-03-01 03:32:28',NULL,0),(320,'playerVirtual3','playerVirtual3_1095593',1,'2018-03-01 03:32:43',NULL,0),(321,'playerVirtual3','playerVirtual3_abccc1821b',3,'2018-03-01 03:32:43',NULL,0),(322,'playerVirtual3','playerVirtual3_1095593',1,'2018-03-01 03:32:43',NULL,0),(323,'playerVirtual10','playerVirtual10_92b14af2e6',4,'2018-03-01 03:32:47',NULL,0),(324,'playerVirtual4','playerVirtual4_182859403',1,'2018-03-01 03:33:27',NULL,0),(325,'playerVirtual4','playerVirtual4_383998ff41',4,'2018-03-01 03:33:28',NULL,0),(326,'playerVirtual4','playerVirtual4_182859403',1,'2018-03-01 03:33:28',NULL,0),(327,'playerVirtual5','playerVirtual5_718272b733',3,'2018-03-01 03:33:28',NULL,0),(328,'playerVirtual2','playerVirtual2_6264344062',1,'2018-03-01 03:34:06',NULL,0),(329,'playerVirtual2','playerVirtual2_7141227577',4,'2018-03-01 03:34:06',NULL,0),(330,'playerVirtual2','playerVirtual2_6264344062',1,'2018-03-01 03:34:06',NULL,0),(331,'playerVirtual17','playerVirtual17_c659223348',4,'2018-03-01 03:34:32',NULL,0),(332,'playerVirtual7','playerVirtual7_65bd8314fd',3,'2018-03-01 03:34:39',NULL,0),(333,'playerVirtual14','playerVirtual14_5297461910',0,'2018-03-01 03:35:38',NULL,0),(334,'playerVirtual14','playerVirtual14_5297461910',0,'2018-03-01 03:35:38',NULL,0),(335,'playerVirtual14','playerVirtual14_7c655407f3',3,'2018-03-01 03:36:38',NULL,0),(336,'playerVirtual6','playerVirtual6_539194189',0,'2018-03-01 03:37:09',NULL,0),(337,'playerVirtual6','playerVirtual6_539194189',0,'2018-03-01 03:37:10',NULL,0),(338,'playerVirtual9','playerVirtual9_6289704471',1,'2018-03-01 03:37:23',NULL,0),(339,'playerVirtual9','playerVirtual9_b0f9b1ab6a',4,'2018-03-01 03:37:23',NULL,0),(340,'playerVirtual9','playerVirtual9_6289704471',1,'2018-03-01 03:37:24',NULL,0),(341,'playerVirtual6','playerVirtual6_33f2fbdb61',4,'2018-03-01 03:38:09',NULL,0),(342,'playerVirtual8','playerVirtual8_908315',0,'2018-03-01 03:38:40',NULL,0),(343,'playerVirtual8','playerVirtual8_908315',0,'2018-03-01 03:38:43',NULL,0),(344,'playerVirtual5','playerVirtual5_904011',1,'2018-03-01 03:38:50',NULL,0),(345,'playerVirtual5','playerVirtual5_aaa194f5a6',4,'2018-03-01 03:38:51',NULL,0),(346,'playerVirtual5','playerVirtual5_904011',1,'2018-03-01 03:38:51',NULL,0),(347,'playerVirtual18','playerVirtual18_c56d1ffac0',4,'2018-03-01 03:39:27',NULL,0),(348,'playerVirtual12','playerVirtual12_1095593',1,'2018-03-01 03:39:37',NULL,0),(349,'playerVirtual12','playerVirtual12_d597f9d762',3,'2018-03-01 03:39:37',NULL,0),(350,'playerVirtual8','playerVirtual8_82b7061c04',3,'2018-03-01 03:39:38',NULL,0),(351,'playerVirtual12','playerVirtual12_1095593',1,'2018-03-01 03:39:38',NULL,0),(352,'playerVirtual2','playerVirtual2_1436344784',1,'2018-03-01 03:40:02',NULL,0),(353,'playerVirtual2','playerVirtual2_6e490a347a',3,'2018-03-01 03:40:02',NULL,0),(354,'playerVirtual2','playerVirtual2_1436344784',1,'2018-03-01 03:40:02',NULL,0),(355,'playerVirtual11','playerVirtual11_4246147567',0,'2018-03-01 03:40:18',NULL,0),(356,'playerVirtual11','playerVirtual11_4246147567',0,'2018-03-01 03:40:19',NULL,0),(357,'playerVirtual11','playerVirtual11_75a5e0ade3',4,'2018-03-01 03:41:18',NULL,0),(358,'playerVirtual3','playerVirtual3_6274355716',1,'2018-03-01 03:41:50',NULL,0),(359,'playerVirtual3','playerVirtual3_376e79c0d6',4,'2018-03-01 03:41:50',NULL,0),(360,'playerVirtual3','playerVirtual3_6274355716',1,'2018-03-01 03:41:53',NULL,0),(361,'playerVirtual14','playerVirtual14_4246147567',0,'2018-03-01 03:42:21',NULL,0),(362,'playerVirtual14','playerVirtual14_4246147567',0,'2018-03-01 03:42:21',NULL,0),(363,'playerVirtual15','playerVirtual15_182859403',0,'2018-03-01 03:42:25',NULL,0),(364,'playerVirtual15','playerVirtual15_182859403',0,'2018-03-01 03:42:25',NULL,0),(365,'playerVirtual14','playerVirtual14_0fbcb104d6',4,'2018-03-01 03:43:21',NULL,0),(366,'playerVirtual15','playerVirtual15_c08b56bbe1',3,'2018-03-01 03:43:25',NULL,0),(367,'playerVirtual10','playerVirtual10_4246147567',0,'2018-03-01 03:44:01',NULL,0),(368,'playerVirtual10','playerVirtual10_4246147567',0,'2018-03-01 03:44:02',NULL,0),(369,'playerVirtual19','playerVirtual19_54d8f05154',4,'2018-03-01 03:44:34',NULL,0),(370,'playerVirtual10','playerVirtual10_1da44fe41f',3,'2018-03-01 03:45:02',NULL,0),(371,'playerVirtual7','playerVirtual7_f817b896e4',4,'2018-03-01 03:47:15',NULL,0),(372,'playerVirtual13','playerVirtual13_4246147567',0,'2018-03-01 03:47:36',NULL,0),(373,'playerVirtual13','playerVirtual13_4246147567',0,'2018-03-01 03:47:37',NULL,0),(374,'playerVirtual15','playerVirtual15_4246147567',0,'2018-03-01 03:48:13',NULL,0),(375,'playerVirtual15','playerVirtual15_4246147567',0,'2018-03-01 03:48:13',NULL,0),(376,'playerVirtual8','playerVirtual8_990694203',0,'2018-03-01 03:48:14',NULL,0),(377,'playerVirtual8','playerVirtual8_990694203',0,'2018-03-01 03:48:14',NULL,0),(378,'playerVirtual6','playerVirtual6_6316827871',0,'2018-03-01 03:48:29',NULL,0),(379,'playerVirtual6','playerVirtual6_6316827871',0,'2018-03-01 03:48:29',NULL,0),(380,'playerVirtual13','playerVirtual13_9a1570a30b',3,'2018-03-01 03:48:36',NULL,0),(381,'playerVirtual15','playerVirtual15_67c2d8fbd0',4,'2018-03-01 03:49:14',NULL,0),(382,'playerVirtual8','playerVirtual8_82cb5aa304',4,'2018-03-01 03:49:17',NULL,0),(383,'playerVirtual2','playerVirtual2_182859403',1,'2018-03-01 03:49:18',NULL,0),(384,'playerVirtual2','playerVirtual2_6911413c00',4,'2018-03-01 03:49:18',NULL,0),(385,'playerVirtual2','playerVirtual2_182859403',1,'2018-03-01 03:49:18',NULL,0),(386,'playerVirtual16','playerVirtual16_6289704471',0,'2018-03-01 03:49:22',NULL,0),(387,'playerVirtual16','playerVirtual16_6289704471',0,'2018-03-01 03:49:23',NULL,0),(388,'playerVirtual4','playerVirtual4_6315250734',0,'2018-03-01 03:49:26',NULL,0),(389,'playerVirtual4','playerVirtual4_6315250734',0,'2018-03-01 03:49:27',NULL,0),(390,'playerVirtual6','playerVirtual6_07be65b0f6',3,'2018-03-01 03:49:29',NULL,0),(391,'playerVirtual13','playerVirtual13_4246147567',1,'2018-03-01 03:49:38',NULL,0),(392,'playerVirtual13','playerVirtual13_df696ca73c',4,'2018-03-01 03:49:38',NULL,0),(393,'playerVirtual13','playerVirtual13_4246147567',1,'2018-03-01 03:49:38',NULL,0),(394,'playerVirtual16','playerVirtual16_f47ae32fda',3,'2018-03-01 03:50:23',NULL,0),(395,'playerVirtual4','playerVirtual4_7a7d060095',3,'2018-03-01 03:50:27',NULL,0),(396,'playerVirtual12','playerVirtual12_4246147567',0,'2018-03-01 03:51:46',NULL,0),(397,'playerVirtual12','playerVirtual12_4246147567',0,'2018-03-01 03:51:46',NULL,0),(398,'playerVirtual5','playerVirtual5_6289704471',1,'2018-03-01 03:52:38',NULL,0),(399,'playerVirtual5','playerVirtual5_57cafd97f9',3,'2018-03-01 03:52:38',NULL,0),(400,'playerVirtual5','playerVirtual5_6289704471',1,'2018-03-01 03:52:38',NULL,0),(401,'playerVirtual12','playerVirtual12_19acd06cff',4,'2018-03-01 03:52:46',NULL,0),(402,'playerVirtual9','playerVirtual9_2378747961',0,'2018-03-01 03:52:56',NULL,0),(403,'playerVirtual9','playerVirtual9_2378747961',0,'2018-03-01 03:52:56',NULL,0),(404,'playerVirtual11','playerVirtual11_4246147567',1,'2018-03-01 03:53:33',NULL,0),(405,'playerVirtual11','playerVirtual11_5037b4249f',3,'2018-03-01 03:53:33',NULL,0),(406,'playerVirtual11','playerVirtual11_4246147567',1,'2018-03-01 03:53:33',NULL,0),(407,'playerVirtual9','playerVirtual9_d5fd247870',3,'2018-03-01 03:53:56',NULL,0),(408,'playerVirtual16','playerVirtual16_6322213339',0,'2018-03-01 03:54:02',NULL,0),(409,'playerVirtual16','playerVirtual16_6322213339',0,'2018-03-01 03:54:03',NULL,0),(410,'playerVirtual1977','playerVirtual1977_b43eb1bb42',4,'2018-03-01 03:54:39',NULL,0),(411,'playerVirtual16','playerVirtual16_61165ec7d7',4,'2018-03-01 03:55:02',NULL,0),(412,'playerVirtual17','playerVirtual17_4246147567',0,'2018-03-01 03:55:03',NULL,0),(413,'playerVirtual10','playerVirtual10_4246147567',1,'2018-03-01 03:55:07',NULL,0),(414,'playerVirtual10','playerVirtual10_109a4e3666',4,'2018-03-01 03:55:07',NULL,0),(415,'playerVirtual10','playerVirtual10_4246147567',1,'2018-03-01 03:55:07',NULL,0),(416,'playerVirtual3','playerVirtual3_4246147567',0,'2018-03-01 03:55:08',NULL,0),(417,'playerVirtual3','playerVirtual3_4246147567',0,'2018-03-01 03:55:08',NULL,0),(418,'playerVirtual17','playerVirtual17_1b6401bd3d',3,'2018-03-01 03:56:03',NULL,0),(419,'playerVirtual3','playerVirtual3_799f5185d0',3,'2018-03-01 03:56:08',NULL,0),(420,'playerVirtual17','playerVirtual17_c467bcca0f',4,'2018-03-01 03:57:04',NULL,0),(421,'playerVirtual4','playerVirtual4_359920779',1,'2018-03-01 03:57:25',NULL,0),(422,'playerVirtual4','playerVirtual4_2a2bd32398',4,'2018-03-01 03:57:25',NULL,0),(423,'playerVirtual4','playerVirtual4_359920779',1,'2018-03-01 03:57:25',NULL,0),(424,'playerVirtual7','playerVirtual7_4246147567',0,'2018-03-01 03:57:46',NULL,0),(425,'playerVirtual2','playerVirtual2_c5c03e0daf',3,'2018-03-01 03:58:46',NULL,0),(426,'playerVirtual7','playerVirtual7_e66c6c3415',3,'2018-03-01 03:58:48',NULL,0),(427,'playerVirtual14','playerVirtual14_4246147567',1,'2018-03-01 03:59:25',NULL,0),(428,'playerVirtual14','playerVirtual14_9512052c86',3,'2018-03-01 03:59:25',NULL,0),(429,'playerVirtual14','playerVirtual14_4246147567',1,'2018-03-01 03:59:26',NULL,0),(430,'playerVirtual18','playerVirtual18_5068098508',0,'2018-03-01 04:00:26',NULL,0),(431,'playerVirtual18','playerVirtual18_5068098508',0,'2018-03-01 04:00:26',NULL,0),(432,'playerVirtual18','playerVirtual18_4061bed839',3,'2018-03-01 04:01:26',NULL,0),(433,'playerVirtual9','playerVirtual9_4246147567',0,'2018-03-01 04:02:12',NULL,0),(434,'playerVirtual9','playerVirtual9_4246147567',0,'2018-03-01 04:02:12',NULL,0),(435,'playerVirtual5','playerVirtual5_4246147567',0,'2018-03-01 04:02:25',NULL,0),(436,'playerVirtual5','playerVirtual5_4246147567',0,'2018-03-01 04:02:25',NULL,0),(437,'playerVirtual6','playerVirtual6_4246147567',0,'2018-03-01 04:02:28',NULL,0),(438,'playerVirtual6','playerVirtual6_4246147567',0,'2018-03-01 04:02:28',NULL,0),(439,'playerVirtual12','playerVirtual12_4246147567',1,'2018-03-01 04:02:38',NULL,0),(440,'playerVirtual12','playerVirtual12_88880703c9',3,'2018-03-01 04:02:39',NULL,0),(441,'playerVirtual12','playerVirtual12_4246147567',1,'2018-03-01 04:02:39',NULL,0),(442,'playerVirtual8','playerVirtual8_990694203',1,'2018-03-01 04:03:01',NULL,0),(443,'playerVirtual8','playerVirtual8_0eba2a2c36',3,'2018-03-01 04:03:02',NULL,0),(444,'playerVirtual8','playerVirtual8_990694203',1,'2018-03-01 04:03:02',NULL,0),(445,'playerVirtual9','playerVirtual9_2b39d84262',4,'2018-03-01 04:03:12',NULL,0),(446,'playerVirtual5','playerVirtual5_2628928932',4,'2018-03-01 04:03:25',NULL,0),(447,'playerVirtual6','playerVirtual6_7ca304b360',4,'2018-03-01 04:03:28',NULL,0),(448,'playerVirtual11','playerVirtual11_359920779',0,'2018-03-01 04:05:02',NULL,0),(449,'playerVirtual11','playerVirtual11_359920779',0,'2018-03-01 04:05:06',NULL,0),(450,'playerVirtual18','playerVirtual18_5068098508',1,'2018-03-01 04:05:09',NULL,0),(451,'playerVirtual18','playerVirtual18_0cc50cef04',4,'2018-03-01 04:05:09',NULL,0),(452,'playerVirtual18','playerVirtual18_5068098508',1,'2018-03-01 04:05:09',NULL,0),(453,'playerVirtual3','playerVirtual3_80d365b981',4,'2018-03-01 04:05:13',NULL,0),(454,'playerVirtual11','playerVirtual11_5129fea443',4,'2018-03-01 04:06:00',NULL,0),(455,'playerVirtual19','playerVirtual19_4246147567',0,'2018-03-01 04:06:26',NULL,0),(456,'playerVirtual19','playerVirtual19_4246147567',0,'2018-03-01 04:06:27',NULL,0),(457,'playerVirtual15','playerVirtual15_4246147567',1,'2018-03-01 04:07:03',NULL,0),(458,'playerVirtual15','playerVirtual15_f9c941e1c1',3,'2018-03-01 04:07:03',NULL,0),(459,'playerVirtual15','playerVirtual15_4246147567',1,'2018-03-01 04:07:03',NULL,0),(460,'playerVirtual19','playerVirtual19_a9e90e5fe6',3,'2018-03-01 04:07:27',NULL,0),(461,'playerVirtual19','playerVirtual19_4246147567',1,'2018-03-01 04:08:28',NULL,0),(462,'playerVirtual19','playerVirtual19_9093c5e1a1',4,'2018-03-01 04:08:28',NULL,0),(463,'playerVirtual19','playerVirtual19_4246147567',1,'2018-03-01 04:08:28',NULL,0),(464,'playerVirtual14','playerVirtual14_4246147567',0,'2018-03-01 04:08:52',NULL,0),(465,'playerVirtual14','playerVirtual14_ad800937f2',4,'2018-03-01 04:08:52',NULL,0),(466,'playerVirtual14','playerVirtual14_4246147567',0,'2018-03-01 04:08:52',NULL,0),(467,'playerVirtual10','playerVirtual10_4246147567',0,'2018-03-01 04:09:29',NULL,0),(468,'playerVirtual10','playerVirtual10_034b42ca96',3,'2018-03-01 04:09:30',NULL,0),(469,'playerVirtual10','playerVirtual10_4246147567',0,'2018-03-01 04:09:30',NULL,0),(470,'playerVirtual7','playerVirtual7_a0a3480672',4,'2018-03-01 04:11:25',NULL,0),(471,'playerVirtual13','playerVirtual13_1095593',0,'2018-03-01 04:12:03',NULL,0),(472,'playerVirtual13','playerVirtual13_1095593',0,'2018-03-01 04:12:04',NULL,0),(473,'playerVirtual13','playerVirtual13_2b27ec6fd7',3,'2018-03-01 04:13:04',NULL,0),(474,'playerVirtual6','playerVirtual6_4246147567',1,'2018-03-01 04:13:48',NULL,0),(475,'playerVirtual6','playerVirtual6_a1d98deab9',3,'2018-03-01 04:13:48',NULL,0),(476,'playerVirtual6','playerVirtual6_4246147567',1,'2018-03-01 04:13:48',NULL,0),(477,'playerVirtual2','playerVirtual2_4246147567',0,'2018-03-01 04:14:20',NULL,0),(478,'playerVirtual2','playerVirtual2_4246147567',0,'2018-03-01 04:14:21',NULL,0),(479,'playerVirtual8','playerVirtual8_4246147567',0,'2018-03-01 04:14:58',NULL,0),(480,'playerVirtual8','playerVirtual8_4246147567',0,'2018-03-01 04:14:58',NULL,0),(481,'playerVirtual4','playerVirtual4_4246147567',0,'2018-03-01 04:15:18',NULL,0),(482,'playerVirtual4','playerVirtual4_4246147567',0,'2018-03-01 04:15:19',NULL,0),(483,'playerVirtual2','playerVirtual2_6fe0960cd8',4,'2018-03-01 04:15:20',NULL,0),(484,'playerVirtual16','playerVirtual16_4246147567',0,'2018-03-01 04:15:40',NULL,0),(485,'playerVirtual16','playerVirtual16_4246147567',0,'2018-03-01 04:15:45',NULL,0),(486,'playerVirtual15','playerVirtual15_4246147567',0,'2018-03-01 04:15:50',NULL,0),(487,'playerVirtual15','playerVirtual15_1d94db3523',4,'2018-03-01 04:15:51',NULL,0),(488,'playerVirtual15','playerVirtual15_4246147567',0,'2018-03-01 04:15:51',NULL,0),(489,'playerVirtual8','playerVirtual8_74deb9cdf3',4,'2018-03-01 04:15:58',NULL,0),(490,'playerVirtual4','playerVirtual4_094fd1bd14',3,'2018-03-01 04:16:19',NULL,0),(491,'playerVirtual16','playerVirtual16_bdb5f69184',3,'2018-03-01 04:16:37',NULL,0),(492,'playerVirtual5','playerVirtual5_4246147567',1,'2018-03-01 04:17:12',NULL,0),(493,'playerVirtual5','playerVirtual5_535511b51f',3,'2018-03-01 04:17:13',NULL,0),(494,'playerVirtual5','playerVirtual5_4246147567',1,'2018-03-01 04:17:13',NULL,0),(495,'playerVirtual13','playerVirtual13_4246147567',0,'2018-03-01 04:17:57',NULL,0),(496,'playerVirtual13','playerVirtual13_63ac08ccd2',4,'2018-03-01 04:17:57',NULL,0),(497,'playerVirtual13','playerVirtual13_4246147567',0,'2018-03-01 04:17:57',NULL,0),(498,'playerVirtual12','playerVirtual12_6335261139',0,'2018-03-01 04:18:29',NULL,0),(499,'playerVirtual12','playerVirtual12_6335261139',0,'2018-03-01 04:18:29',NULL,0),(500,'playerVirtual9','playerVirtual9_4246147567',1,'2018-03-01 04:18:44',NULL,0),(501,'playerVirtual9','playerVirtual9_eba41dc63c',3,'2018-03-01 04:18:44',NULL,0),(502,'playerVirtual9','playerVirtual9_4246147567',1,'2018-03-01 04:18:44',NULL,0),(503,'playerVirtual12','playerVirtual12_2d0ea305a5',4,'2018-03-01 04:19:29',NULL,0),(504,'playerVirtual10','playerVirtual10_4246147567',1,'2018-03-01 04:19:35',NULL,0),(505,'playerVirtual10','playerVirtual10_c61a5be914',4,'2018-03-01 04:19:35',NULL,0),(506,'playerVirtual10','playerVirtual10_4246147567',1,'2018-03-01 04:19:35',NULL,0),(507,'playerVirtual1391','playerVirtual1391_550c614455',4,'2018-03-01 04:19:47',NULL,0),(508,'playerVirtual16','playerVirtual16_4246147567',1,'2018-03-01 04:20:16',NULL,0),(509,'playerVirtual16','playerVirtual16_2ad1f93b20',4,'2018-03-01 04:20:17',NULL,0),(510,'playerVirtual16','playerVirtual16_4246147567',1,'2018-03-01 04:20:17',NULL,0),(511,'playerVirtual17','playerVirtual17_4246147567',0,'2018-03-01 04:20:44',NULL,0),(512,'playerVirtual17','playerVirtual17_0ec7841979',3,'2018-03-01 04:20:44',NULL,0),(513,'playerVirtual11','playerVirtual11_4246147567',0,'2018-03-01 04:21:02',NULL,0),(514,'playerVirtual11','playerVirtual11_51a7bd88c4',3,'2018-03-01 04:21:02',NULL,0),(515,'playerVirtual11','playerVirtual11_4246147567',0,'2018-03-01 04:21:03',NULL,0),(516,'playerVirtual17','playerVirtual17_a2db20fdf7',4,'2018-03-01 04:21:45',NULL,0),(517,'playerVirtual3','playerVirtual3_4246147567',0,'2018-03-01 04:22:19',NULL,0),(518,'playerVirtual3','playerVirtual3_dd49bc8e77',3,'2018-03-01 04:22:19',NULL,0),(519,'playerVirtual3','playerVirtual3_4246147567',0,'2018-03-01 04:22:20',NULL,0),(520,'playerVirtual4','playerVirtual4_4246147567',1,'2018-03-01 04:23:17',NULL,0),(521,'playerVirtual4','playerVirtual4_e6e1b3e814',4,'2018-03-01 04:23:17',NULL,0),(522,'playerVirtual4','playerVirtual4_4246147567',1,'2018-03-01 04:23:17',NULL,0),(523,'playerVirtual2','playerVirtual2_4246147567',1,'2018-03-01 04:24:49',NULL,0),(524,'playerVirtual2','playerVirtual2_8b04737aa3',3,'2018-03-01 04:24:49',NULL,0),(525,'playerVirtual2','playerVirtual2_4246147567',1,'2018-03-01 04:24:49',NULL,0),(526,'playerVirtual14','playerVirtual14_4246147567',1,'2018-03-01 04:24:56',NULL,0),(527,'playerVirtual14','playerVirtual14_4ac6c38dbe',3,'2018-03-01 04:24:57',NULL,0),(528,'playerVirtual14','playerVirtual14_4246147567',1,'2018-03-01 04:24:57',NULL,0),(529,'playerVirtual7','playerVirtual7_4246147567',0,'2018-03-01 04:25:52',NULL,0),(530,'playerVirtual7','playerVirtual7_e17f22a5a6',3,'2018-03-01 04:25:53',NULL,0),(531,'playerVirtual18','playerVirtual18_4246147567',0,'2018-03-01 04:27:25',NULL,0),(532,'playerVirtual18','playerVirtual18_4246147567',0,'2018-03-01 04:27:25',NULL,0),(533,'playerVirtual5','playerVirtual5_1436344784',1,'2018-03-01 04:28:09',NULL,0),(534,'playerVirtual5','playerVirtual5_4f5a18778f',4,'2018-03-01 04:28:09',NULL,0),(535,'playerVirtual5','playerVirtual5_1436344784',1,'2018-03-01 04:28:09',NULL,0),(536,'playerVirtual18','playerVirtual18_8b6a6ba740',3,'2018-03-01 04:28:27',NULL,0),(537,'playerVirtual8','playerVirtual8_4246147567',1,'2018-03-01 04:29:46',NULL,0),(538,'playerVirtual8','playerVirtual8_88c417c9be',3,'2018-03-01 04:29:46',NULL,0),(539,'playerVirtual8','playerVirtual8_4246147567',1,'2018-03-01 04:29:46',NULL,0),(540,'playerVirtual9','playerVirtual9_4246147567',0,'2018-03-01 04:30:58',NULL,0),(541,'playerVirtual9','playerVirtual9_325f7adc8a',4,'2018-03-01 04:30:59',NULL,0),(542,'playerVirtual9','playerVirtual9_4246147567',0,'2018-03-01 04:30:59',NULL,0),(543,'playerVirtual6','playerVirtual6_6344084916',0,'2018-03-01 04:31:04',NULL,0),(544,'playerVirtual6','playerVirtual6_6344084916',0,'2018-03-01 04:31:05',NULL,0),(545,'playerVirtual3','playerVirtual3_3d48fc58ae',4,'2018-03-01 04:31:24',NULL,0),(546,'playerVirtual12','playerVirtual12_990694203',0,'2018-03-01 04:31:26',NULL,0),(547,'playerVirtual12','playerVirtual12_990694203',0,'2018-03-01 04:31:26',NULL,0),(548,'playerVirtual6','playerVirtual6_5c660ca2cc',4,'2018-03-01 04:32:05',NULL,0),(549,'playerVirtual18','playerVirtual18_4246147567',1,'2018-03-01 04:32:07',NULL,0),(550,'playerVirtual18','playerVirtual18_81729c0eee',4,'2018-03-01 04:32:07',NULL,0),(551,'playerVirtual18','playerVirtual18_4246147567',1,'2018-03-01 04:32:07',NULL,0),(552,'playerVirtual11','playerVirtual11_e155f5273f',4,'2018-03-01 04:32:25',NULL,0),(553,'playerVirtual12','playerVirtual12_1e243a0c56',3,'2018-03-01 04:32:26',NULL,0),(554,'playerVirtual15','playerVirtual15_4246147567',1,'2018-03-01 04:33:43',NULL,0),(555,'playerVirtual15','playerVirtual15_3b3a9f947d',3,'2018-03-01 04:33:43',NULL,0),(556,'playerVirtual15','playerVirtual15_4246147567',1,'2018-03-01 04:33:44',NULL,0),(557,'playerVirtual19','playerVirtual19_4246147567',0,'2018-03-01 04:34:21',NULL,0),(558,'playerVirtual19','playerVirtual19_bba3540cb3',3,'2018-03-01 04:34:21',NULL,0),(559,'playerVirtual19','playerVirtual19_4246147567',0,'2018-03-01 04:34:21',NULL,0),(560,'playerVirtual19','playerVirtual19_4246147567',1,'2018-03-01 04:35:22',NULL,0),(561,'playerVirtual19','playerVirtual19_c11ac14b04',4,'2018-03-01 04:35:23',NULL,0),(562,'playerVirtual19','playerVirtual19_4246147567',1,'2018-03-01 04:35:23',NULL,0),(563,'playerVirtual10','playerVirtual10_4246147567',0,'2018-03-01 04:37:30',NULL,0),(564,'playerVirtual10','playerVirtual10_82cc40666a',3,'2018-03-01 04:37:31',NULL,0),(565,'playerVirtual10','playerVirtual10_4246147567',0,'2018-03-01 04:37:31',NULL,0),(566,'playerVirtual14','playerVirtual14_6566788',0,'2018-03-01 04:37:57',NULL,0),(567,'playerVirtual14','playerVirtual14_6566788',0,'2018-03-01 04:37:57',NULL,0),(568,'playerVirtual7','playerVirtual7_ee361df31d',4,'2018-03-01 04:38:28',NULL,0),(569,'playerVirtual14','playerVirtual14_a9f0eae880',4,'2018-03-01 04:39:00',NULL,0),(570,'playerVirtual13','playerVirtual13_4246147567',1,'2018-03-01 04:40:22',NULL,0),(571,'playerVirtual13','playerVirtual13_0ddddcc8c1',3,'2018-03-01 04:40:23',NULL,0),(572,'playerVirtual13','playerVirtual13_4246147567',1,'2018-03-01 04:40:23',NULL,0),(573,'playerVirtual2','playerVirtual2_272887063',1,'2018-03-01 04:43:40',NULL,0),(574,'playerVirtual2','playerVirtual2_c4a19efd06',4,'2018-03-01 04:43:41',NULL,0),(575,'playerVirtual2','playerVirtual2_272887063',1,'2018-03-01 04:43:41',NULL,0),(576,'playerVirtual6','playerVirtual6_4246147567',0,'2018-03-01 04:44:23',NULL,0),(577,'playerVirtual6','playerVirtual6_34e4f0d7ee',3,'2018-03-01 04:44:23',NULL,0),(578,'playerVirtual6','playerVirtual6_4246147567',0,'2018-03-01 04:44:23',NULL,0),(579,'playerVirtual16','playerVirtual16_272887063',0,'2018-03-01 04:44:58',NULL,0),(580,'playerVirtual16','playerVirtual16_272887063',0,'2018-03-01 04:44:58',NULL,0),(581,'playerVirtual4','playerVirtual4_4246147567',0,'2018-03-01 04:45:12',NULL,0),(582,'playerVirtual4','playerVirtual4_1713f621c2',3,'2018-03-01 04:45:12',NULL,0),(583,'playerVirtual4','playerVirtual4_4246147567',0,'2018-03-01 04:45:12',NULL,0),(584,'playerVirtual8','playerVirtual8_82730999',0,'2018-03-01 04:45:17',NULL,0),(585,'playerVirtual8','playerVirtual8_82730999',0,'2018-03-01 04:45:21',NULL,0),(586,'playerVirtual15','playerVirtual15_16917741',0,'2018-03-01 04:45:41',NULL,0),(587,'playerVirtual15','playerVirtual15_16917741',0,'2018-03-01 04:45:41',NULL,0),(588,'playerVirtual16','playerVirtual16_546985c5d1',3,'2018-03-01 04:45:58',NULL,0),(589,'playerVirtual8','playerVirtual8_330c237899',4,'2018-03-01 04:46:14',NULL,0),(590,'playerVirtual5','playerVirtual5_4246147567',0,'2018-03-01 04:46:20',NULL,0),(591,'playerVirtual5','playerVirtual5_238a7400a3',3,'2018-03-01 04:46:20',NULL,0),(592,'playerVirtual5','playerVirtual5_4246147567',0,'2018-03-01 04:46:25',NULL,0),(593,'playerVirtual9','playerVirtual9_7b8cb790c7',3,'2018-03-01 04:46:31',NULL,0),(594,'playerVirtual15','playerVirtual15_00d7068665',4,'2018-03-01 04:46:41',NULL,0),(595,'playerVirtual10','playerVirtual10_4246147567',1,'2018-03-01 04:47:36',NULL,0),(596,'playerVirtual10','playerVirtual10_28c0795640',4,'2018-03-01 04:47:36',NULL,0),(597,'playerVirtual10','playerVirtual10_4246147567',1,'2018-03-01 04:47:36',NULL,0),(598,'playerVirtual13','playerVirtual13_3338579772',0,'2018-03-01 04:47:50',NULL,0),(599,'playerVirtual13','playerVirtual13_3338579772',0,'2018-03-01 04:47:50',NULL,0),(600,'playerVirtual12','playerVirtual12_210dc56e24',4,'2018-03-01 04:48:17',NULL,0);
/*!40000 ALTER TABLE `REQUEST` ENABLE KEYS */;
UNLOCK TABLES;

--
-- Table structure for table `STATUS`
--

DROP TABLE IF EXISTS `STATUS`;
/*!40101 SET @saved_cs_client     = @@character_set_client */;
/*!40101 SET character_set_client = utf8 */;
CREATE TABLE `STATUS` (
  `id` int(11) NOT NULL AUTO_INCREMENT,
  `players` int(11) DEFAULT '0',
  `all_requests` int(11) DEFAULT '0',
  `accepts` int(11) DEFAULT '0',
  `rejects` int(11) DEFAULT '0',
  `fairness` float DEFAULT '0',
  `timestamp` timestamp NULL DEFAULT NULL,
  PRIMARY KEY (`id`)
) ENGINE=InnoDB AUTO_INCREMENT=32 DEFAULT CHARSET=utf8;
/*!40101 SET character_set_client = @saved_cs_client */;

--
-- Dumping data for table `STATUS`
--

LOCK TABLES `STATUS` WRITE;
/*!40000 ALTER TABLE `STATUS` DISABLE KEYS */;
INSERT INTO `STATUS` VALUES (1,0,0,0,0,0,'2018-03-01 02:18:18'),(2,2,4,3,1,0.75,'2018-03-01 02:23:18'),(3,3,10,8,2,0.8,'2018-03-01 02:28:18'),(4,5,16,11,5,0.6875,'2018-03-01 02:33:18'),(5,6,22,14,8,0.636364,'2018-03-01 02:38:18'),(6,8,27,18,9,0.666667,'2018-03-01 02:43:18'),(7,9,35,25,10,0.714286,'2018-03-01 02:48:19'),(8,10,40,30,10,0.75,'2018-03-01 02:53:19'),(9,12,46,35,11,0.76087,'2018-03-01 02:58:19'),(10,13,52,39,13,0.75,'2018-03-01 03:03:19'),(11,15,58,43,15,0.741379,'2018-03-01 03:08:19'),(12,16,65,49,16,0.753846,'2018-03-01 03:13:19'),(13,18,70,53,17,0.757143,'2018-03-01 03:18:19'),(14,19,74,56,18,0.756757,'2018-03-01 03:23:20'),(15,20,77,58,19,0.753247,'2018-03-01 03:28:20'),(16,22,82,63,19,0.768293,'2018-03-01 03:33:20'),(17,23,84,64,20,0.761905,'2018-03-01 03:38:20'),(18,24,88,68,20,0.772727,'2018-03-01 03:43:20'),(19,25,92,72,20,0.782609,'2018-03-01 03:48:20'),(20,25,97,76,21,0.783505,'2018-03-01 03:53:20'),(21,26,99,77,22,0.777778,'2018-03-01 03:58:20'),(22,26,103,81,22,0.786408,'2018-03-01 04:03:20'),(23,26,105,82,23,0.780952,'2018-03-01 04:08:21'),(24,26,108,84,24,0.777778,'2018-03-01 04:13:21'),(25,26,114,90,24,0.789474,'2018-03-01 04:18:21'),(26,27,117,89,28,0.760684,'2018-03-01 04:23:21'),(27,27,118,90,28,0.762712,'2018-03-01 04:28:21'),(28,27,121,90,31,0.743802,'2018-03-01 04:33:21'),(29,27,124,93,31,0.75,'2018-03-01 04:38:21'),(30,27,124,94,30,0.758065,'2018-03-01 04:43:21'),(31,28,131,101,30,0.770992,'2018-03-01 04:48:22');
/*!40000 ALTER TABLE `STATUS` ENABLE KEYS */;
UNLOCK TABLES;

--
-- Table structure for table `THRESHOLD`
--

DROP TABLE IF EXISTS `THRESHOLD`;
/*!40101 SET @saved_cs_client     = @@character_set_client */;
/*!40101 SET character_set_client = utf8 */;
CREATE TABLE `THRESHOLD` (
  `division` int(11) NOT NULL,
  `botton` float DEFAULT '0',
  `top` float DEFAULT '0',
  PRIMARY KEY (`division`)
) ENGINE=InnoDB DEFAULT CHARSET=utf8;
/*!40101 SET character_set_client = @saved_cs_client */;

--
-- Dumping data for table `THRESHOLD`
--

LOCK TABLES `THRESHOLD` WRITE;
/*!40000 ALTER TABLE `THRESHOLD` DISABLE KEYS */;
INSERT INTO `THRESHOLD` VALUES (1,8.76,20),(2,4.38,8.76),(3,0,4.38);
/*!40000 ALTER TABLE `THRESHOLD` ENABLE KEYS */;
UNLOCK TABLES;

--
-- Table structure for table `VM`
--

DROP TABLE IF EXISTS `VM`;
/*!40101 SET @saved_cs_client     = @@character_set_client */;
/*!40101 SET character_set_client = utf8 */;
CREATE TABLE `VM` (
  `id` int(11) NOT NULL AUTO_INCREMENT,
  `origin_add` varchar(45) NOT NULL,
  `origin_id` varchar(45) NOT NULL,
  `origin_name` varchar(45) NOT NULL,
  `destiny_add` varchar(45) NOT NULL,
  `destiny_name` varchar(45) NOT NULL,
  `destiny_id` varchar(45) NOT NULL,
  `status` tinyint(1) NOT NULL,
  `has_resources` tinyint(1) NOT NULL,
  `vcpus` int(11) NOT NULL,
  `mem` bigint(20) NOT NULL,
  `disk` bigint(20) NOT NULL,
  `timestamp_received` timestamp NULL DEFAULT NULL,
  `timestamp_finished` timestamp NULL DEFAULT NULL,
  PRIMARY KEY (`id`)
) ENGINE=InnoDB AUTO_INCREMENT=132 DEFAULT CHARSET=utf8;
/*!40101 SET character_set_client = @saved_cs_client */;

--
-- Dumping data for table `VM`
--

LOCK TABLES `VM` WRITE;
/*!40000 ALTER TABLE `VM` DISABLE KEYS */;
INSERT INTO `VM` VALUES (1,'192.168.0.200','playerVirtual1_450512000','playerVirtual1','192.168.0.200','playerVirtual2','playerVirtual2_c58e49f747',1,1,1,2048,20,'2018-03-01 02:20:31',NULL),(2,'192.168.0.200','playerVirtual2_1438244924','playerVirtual2','192.168.0.200','playerVirtual1','playerVirtual1_97a593271d',3,1,1,2048,20,'2018-03-01 02:20:33','2018-03-01 03:22:25'),(3,'192.168.0.200','playerVirtual1_640692267','playerVirtual1','192.168.0.200','playerVirtual2','playerVirtual2_77199a23b1',1,1,1,512,1,'2018-03-01 02:22:36',NULL),(4,'192.168.0.200','playerVirtual2_2381571381','playerVirtual2','192.168.0.200','playerVirtual1','playerVirtual2_2381571381',0,0,1,2048,20,'2018-03-01 02:22:37','2018-03-01 02:22:37'),(5,'192.168.0.200','playerVirtual1_5297461910','playerVirtual1','192.168.0.200','playerVirtual3','playerVirtual3_82447a7630',1,1,1,512,1,'2018-03-01 02:24:40',NULL),(6,'192.168.0.200','playerVirtual2_2790332778','playerVirtual2','192.168.0.200','playerVirtual3','playerVirtual3_1bb9ddb9fb',1,1,2,4096,40,'2018-03-01 02:24:44',NULL),(7,'192.168.0.200','playerVirtual3_369721705','playerVirtual3','192.168.0.200','playerVirtual2','playerVirtual2_68f4ebe05a',1,1,2,4096,40,'2018-03-01 02:25:45',NULL),(8,'192.168.0.200','playerVirtual1_317469422','playerVirtual1','192.168.0.200','playerVirtual2','playerVirtual2_e75844fb33',1,1,2,4096,40,'2018-03-01 02:26:49',NULL),(9,'192.168.0.200','playerVirtual2_6955737','playerVirtual2','192.168.0.200','playerVirtual1','playerVirtual2_6955737',0,0,1,2048,20,'2018-03-01 02:26:50','2018-03-01 02:26:50'),(10,'192.168.0.200','playerVirtual3_257338104','playerVirtual3','192.168.0.200','playerVirtual2','playerVirtual2_0775a427d9',1,1,2,4096,40,'2018-03-01 02:27:47',NULL),(11,'192.168.0.200','playerVirtual2_2433236783','playerVirtual2','192.168.0.200','playerVirtual3','playerVirtual2_2433236783',0,0,1,2048,20,'2018-03-01 02:28:59','2018-03-01 02:28:59'),(12,'192.168.0.200','playerVirtual3_3338579772','playerVirtual3','192.168.0.200','playerVirtual4','playerVirtual4_ac7db10578',3,1,1,2048,20,'2018-03-01 02:30:00','2018-03-01 03:20:34'),(13,'192.168.0.200','playerVirtual2_2359368952','playerVirtual2','192.168.0.200','playerVirtual0','playerVirtual2_2359368952',0,1,1,512,1,'2018-03-01 02:31:15','2018-03-01 02:31:15'),(14,'192.168.0.200','playerVirtual3_16917741','playerVirtual3','192.168.0.200','playerVirtual4','playerVirtual4_ecb55a58af',1,1,1,512,1,'2018-03-01 02:32:15',NULL),(15,'192.168.0.200','playerVirtual4_2545640208','playerVirtual4','192.168.0.200','playerVirtual0','playerVirtual4_2545640208',0,1,1,2048,20,'2018-03-01 02:33:04','2018-03-01 02:33:04'),(16,'192.168.0.200','playerVirtual0_908315','playerVirtual0','192.168.0.200','playerVirtual4','playerVirtual4_98b2c59d74',1,1,1,2048,20,'2018-03-01 02:33:12',NULL),(17,'192.168.0.200','playerVirtual2_539194189','playerVirtual2','192.168.0.200','playerVirtual0','playerVirtual2_539194189',0,1,1,2048,20,'2018-03-01 02:33:44','2018-03-01 02:33:44'),(18,'192.168.0.200','playerVirtual3_4820204870','playerVirtual3','192.168.0.200','playerVirtual5','playerVirtual5_15ed9fff39',3,1,2,4096,40,'2018-03-01 02:35:27','2018-03-01 03:03:51'),(19,'192.168.0.200','playerVirtual4_8058564','playerVirtual4','192.168.0.200','playerVirtual0','playerVirtual4_8058564',0,1,1,2048,20,'2018-03-01 02:36:59','2018-03-01 02:36:59'),(20,'192.168.0.200','playerVirtual0_1429160667','playerVirtual0','192.168.0.200','playerVirtual4','playerVirtual4_7010531c66',1,1,1,2048,20,'2018-03-01 02:37:13',NULL),(21,'192.168.0.200','playerVirtual2_82730999','playerVirtual2','192.168.0.200','playerVirtual5','playerVirtual5_4f71054a84',1,1,1,512,1,'2018-03-01 02:37:38',NULL),(22,'192.168.0.200','playerVirtual5_3338010893','playerVirtual5','192.168.0.200','playerVirtual0','playerVirtual5_3338010893',0,1,1,512,1,'2018-03-01 02:37:53','2018-03-01 02:37:53'),(23,'192.168.0.200','playerVirtual3_351652724','playerVirtual3','192.168.0.200','playerVirtual4','playerVirtual4_d5b7781b4a',1,1,1,2048,20,'2018-03-01 02:38:40',NULL),(24,'192.168.0.200','playerVirtual4_6571218','playerVirtual4','192.168.0.200','playerVirtual5','playerVirtual5_8a487cc3b1',1,1,1,2048,20,'2018-03-01 02:39:29',NULL),(25,'192.168.0.200','playerVirtual5_1339662','playerVirtual5','192.168.0.200','playerVirtual6','playerVirtual6_8efbcb5746',1,1,1,2048,20,'2018-03-01 02:40:07',NULL),(26,'192.168.0.200','playerVirtual2_1436344784','playerVirtual2','192.168.0.200','playerVirtual4','playerVirtual4_f0e914a46d',3,1,1,2048,20,'2018-03-01 02:40:15','2018-03-01 03:40:03'),(27,'192.168.0.200','playerVirtual3_284794223','playerVirtual3','192.168.0.200','playerVirtual1666','playerVirtual3_284794223',0,1,1,2048,20,'2018-03-01 02:42:00','2018-03-01 02:42:00'),(28,'192.168.0.200','playerVirtual4_359920779','playerVirtual4','192.168.0.200','playerVirtual5','playerVirtual5_ad23ecc24e',3,1,1,512,1,'2018-03-01 02:43:32','2018-03-01 03:57:25'),(29,'192.168.0.200','playerVirtual2_2904109077','playerVirtual2','192.168.0.200','playerVirtual6','playerVirtual6_e05c5663f4',1,1,1,512,1,'2018-03-01 02:44:12',NULL),(30,'192.168.0.200','playerVirtual5_904011','playerVirtual5','192.168.0.200','playerVirtual4','playerVirtual4_5bcecb4bef',3,1,1,2048,20,'2018-03-01 02:44:29','2018-03-01 03:38:51'),(31,'192.168.0.200','playerVirtual6_1093460','playerVirtual6','192.168.0.200','playerVirtual7','playerVirtual7_5380ae6489',1,1,1,512,1,'2018-03-01 02:45:05',NULL),(32,'192.168.0.200','playerVirtual3_905614','playerVirtual3','192.168.0.200','playerVirtual1666','playerVirtual3_905614',0,1,1,2048,20,'2018-03-01 02:45:14','2018-03-01 02:45:14'),(33,'192.168.0.200','playerVirtual4_470485660','playerVirtual4','192.168.0.200','playerVirtual5','playerVirtual5_c5506f06f4',1,1,2,4096,40,'2018-03-01 02:46:06',NULL),(34,'192.168.0.200','playerVirtual5_5792765','playerVirtual5','192.168.0.200','playerVirtual6','playerVirtual6_cf03b76aab',1,1,1,512,1,'2018-03-01 02:46:48',NULL),(35,'192.168.0.200','playerVirtual2_30788568','playerVirtual2','192.168.0.200','playerVirtual4','playerVirtual4_1128b0bb4b',1,1,1,512,1,'2018-03-01 02:46:55',NULL),(36,'192.168.0.200','playerVirtual3_400453824','playerVirtual3','192.168.0.200','playerVirtual6','playerVirtual6_40ba6e04bc',1,1,1,512,1,'2018-03-01 02:48:49',NULL),(37,'192.168.0.200','playerVirtual6_38671842','playerVirtual6','192.168.0.200','playerVirtual8','playerVirtual8_4aeffc2902',1,1,1,512,1,'2018-03-01 02:49:51',NULL),(38,'192.168.0.200','playerVirtual4_4819935267','playerVirtual4','192.168.0.200','playerVirtual6','playerVirtual6_56cdf66086',1,1,2,4096,40,'2018-03-01 02:50:29',NULL),(39,'192.168.0.200','playerVirtual2_6264344062','playerVirtual2','192.168.0.200','playerVirtual4','playerVirtual4_a4d31d73fe',3,1,1,512,1,'2018-03-01 02:51:12','2018-03-01 03:34:06'),(40,'192.168.0.200','playerVirtual5_4820217293','playerVirtual5','192.168.0.200','playerVirtual2','playerVirtual2_3aef0674b7',1,1,2,4096,40,'2018-03-01 02:51:26',NULL),(41,'192.168.0.200','playerVirtual6_2148750930','playerVirtual6','192.168.0.200','playerVirtual8','playerVirtual8_778ba9a601',1,1,1,2048,20,'2018-03-01 02:53:37',NULL),(42,'192.168.0.200','playerVirtual3_1095593','playerVirtual3','192.168.0.200','playerVirtual8','playerVirtual8_38d55be436',3,1,1,512,1,'2018-03-01 02:53:43','2018-03-01 03:32:43'),(43,'192.168.0.200','playerVirtual4_563574327','playerVirtual4','192.168.0.200','playerVirtual9','playerVirtual9_be12b85ba2',1,1,1,2048,20,'2018-03-01 02:54:46',NULL),(44,'192.168.0.200','playerVirtual8_227443932','playerVirtual8','192.168.0.200','playerVirtual1960','playerVirtual8_227443932',0,1,1,2048,20,'2018-03-01 02:54:58','2018-03-01 02:54:58'),(45,'192.168.0.200','playerVirtual5_16915963','playerVirtual5','192.168.0.200','playerVirtual6','playerVirtual6_c4b775f34f',1,1,1,2048,20,'2018-03-01 02:55:30',NULL),(46,'192.168.0.200','playerVirtual3_6274355716','playerVirtual3','192.168.0.200','playerVirtual8','playerVirtual8_57922c5565',3,1,1,512,1,'2018-03-01 02:57:40','2018-03-01 03:41:53'),(47,'192.168.0.200','playerVirtual6_272887063','playerVirtual6','192.168.0.200','playerVirtual9','playerVirtual9_521cd8155f',3,1,1,2048,20,'2018-03-01 02:58:39','2018-03-01 03:09:39'),(48,'192.168.0.200','playerVirtual8_4820204870','playerVirtual8','192.168.0.200','playerVirtual1960','playerVirtual8_4820204870',0,1,2,4096,40,'2018-03-01 02:58:40','2018-03-01 02:58:40'),(49,'192.168.0.200','playerVirtual2_38676294','playerVirtual2','192.168.0.200','playerVirtual6','playerVirtual6_fba5d2a51e',1,1,1,512,1,'2018-03-01 02:59:04',NULL),(50,'192.168.0.200','playerVirtual9_5623125514','playerVirtual9','192.168.0.200','playerVirtual10','playerVirtual10_3c55a97f6e',1,1,1,2048,20,'2018-03-01 03:00:13',NULL),(51,'192.168.0.200','playerVirtual4_182859403','playerVirtual4','192.168.0.200','playerVirtual8','playerVirtual8_cb6cc876ce',3,1,1,512,1,'2018-03-01 03:00:24','2018-03-01 03:33:28'),(52,'192.168.0.200','playerVirtual5_990694203','playerVirtual5','192.168.0.200','playerVirtual1960','playerVirtual5_990694203',0,1,1,2048,20,'2018-03-01 03:01:53','2018-03-01 03:01:53'),(53,'192.168.0.200','playerVirtual6_6280643141','playerVirtual6','192.168.0.200','playerVirtual5','playerVirtual5_032cb181d5',1,1,1,512,1,'2018-03-01 03:04:22',NULL),(54,'192.168.0.200','playerVirtual9_6282149131','playerVirtual9','192.168.0.200','playerVirtual11','playerVirtual11_fbd12cc1c1',1,1,1,512,1,'2018-03-01 03:04:30',NULL),(55,'192.168.0.200','playerVirtual2_272887063','playerVirtual2','192.168.0.200','playerVirtual10','playerVirtual10_e404dc3bc9',3,1,1,2048,20,'2018-03-01 03:05:08','2018-03-01 04:43:41'),(56,'192.168.0.200','playerVirtual8_4476462938','playerVirtual8','192.168.0.200','playerVirtual11','playerVirtual11_8513cbed4f',1,1,1,2048,20,'2018-03-01 03:05:52',NULL),(57,'192.168.0.200','playerVirtual10_6280638724','playerVirtual10','192.168.0.200','playerVirtual1374','playerVirtual10_6280638724',0,1,1,512,1,'2018-03-01 03:07:13','2018-03-01 03:07:13'),(58,'192.168.0.200','playerVirtual3_1436323714','playerVirtual3','192.168.0.200','playerVirtual10','playerVirtual10_245908cfa0',1,1,1,2048,20,'2018-03-01 03:07:55',NULL),(59,'192.168.0.200','playerVirtual8_6285257156','playerVirtual8','192.168.0.200','playerVirtual12','playerVirtual12_817d6210d6',1,1,1,512,1,'2018-03-01 03:10:32',NULL),(60,'192.168.0.200','playerVirtual2_182859403','playerVirtual2','192.168.0.200','playerVirtual9','playerVirtual9_e92394af1b',3,1,1,512,1,'2018-03-01 03:10:47','2018-03-01 03:49:18'),(61,'192.168.0.200','playerVirtual4_214880781','playerVirtual4','192.168.0.200','playerVirtual11','playerVirtual11_2bf9cfe02a',1,1,1,2048,20,'2018-03-01 03:10:49',NULL),(62,'192.168.0.200','playerVirtual10_6955737','playerVirtual10','192.168.0.200','playerVirtual1374','playerVirtual10_6955737',0,1,1,2048,20,'2018-03-01 03:11:01','2018-03-01 03:11:01'),(63,'192.168.0.200','playerVirtual9_1094955','playerVirtual9','192.168.0.200','playerVirtual10','playerVirtual10_5f7cf0ff2f',1,1,1,512,1,'2018-03-01 03:11:40',NULL),(64,'192.168.0.200','playerVirtual5_16914091','playerVirtual5','192.168.0.200','playerVirtual8','playerVirtual8_e179c3a0e9',1,1,1,2048,20,'2018-03-01 03:12:26',NULL),(65,'192.168.0.200','playerVirtual11_682797','playerVirtual11','192.168.0.200','playerVirtual12','playerVirtual12_96a73fc3af',1,1,1,2048,20,'2018-03-01 03:12:50',NULL),(66,'192.168.0.200','playerVirtual3_1438244924','playerVirtual3','192.168.0.200','playerVirtual13','playerVirtual13_476d5c9b18',3,1,1,2048,20,'2018-03-01 03:15:34','2018-03-01 03:27:57'),(67,'192.168.0.200','playerVirtual6_2381571381','playerVirtual6','192.168.0.200','playerVirtual10','playerVirtual10_56ddf6dc4c',1,1,1,2048,20,'2018-03-01 03:16:10',NULL),(68,'192.168.0.200','playerVirtual4_6289355687','playerVirtual4','192.168.0.200','playerVirtual12','playerVirtual12_c12a2215e3',1,1,1,512,1,'2018-03-01 03:17:15',NULL),(69,'192.168.0.200','playerVirtual11_794070039','playerVirtual11','192.168.0.200','playerVirtual1432','playerVirtual11_794070039',0,1,1,512,1,'2018-03-01 03:17:24','2018-03-01 03:17:24'),(70,'192.168.0.200','playerVirtual9_6289704471','playerVirtual9','192.168.0.200','playerVirtual13','playerVirtual13_62b427fd06',3,1,1,512,1,'2018-03-01 03:18:01','2018-03-01 03:37:24'),(71,'192.168.0.200','playerVirtual8_2378747961','playerVirtual8','192.168.0.200','playerVirtual10','playerVirtual10_08d6a7b4a8',3,1,1,512,1,'2018-03-01 03:18:44','2018-03-01 03:24:51'),(72,'192.168.0.200','playerVirtual5_1436344784','playerVirtual5','192.168.0.200','playerVirtual8','playerVirtual8_cfc9bf6fc7',3,1,1,2048,20,'2018-03-01 03:18:44','2018-03-01 04:28:09'),(73,'192.168.0.200','playerVirtual12_3338579772','playerVirtual12','192.168.0.200','playerVirtual1432','playerVirtual12_3338579772',0,1,1,2048,20,'2018-03-01 03:19:11','2018-03-01 03:19:11'),(74,'192.168.0.200','playerVirtual10_1438244924','playerVirtual10','192.168.0.200','playerVirtual14','playerVirtual14_4d4d0050a6',1,1,1,2048,20,'2018-03-01 03:20:41',NULL),(75,'192.168.0.200','playerVirtual6_6296268057','playerVirtual6','192.168.0.200','playerVirtual15','playerVirtual15_ff9533b07d',1,1,1,512,1,'2018-03-01 03:24:33',NULL),(76,'192.168.0.200','playerVirtual13_990694203','playerVirtual13','192.168.0.200','playerVirtual4','playerVirtual4_9737ab1df5',3,1,1,2048,20,'2018-03-01 03:26:06','2018-03-01 03:28:12'),(77,'192.168.0.200','playerVirtual4_182859403','playerVirtual4','192.168.0.200','playerVirtual13','playerVirtual13_0ee7af7e84',3,1,1,512,1,'2018-03-01 03:28:00','2018-03-01 03:33:28'),(78,'192.168.0.200','playerVirtual12_1095593','playerVirtual12','192.168.0.200','playerVirtual10','playerVirtual10_45161f69e8',3,1,1,512,1,'2018-03-01 03:28:45','2018-03-01 03:39:38'),(79,'192.168.0.200','playerVirtual9_6301942525','playerVirtual9','192.168.0.200','playerVirtual16','playerVirtual16_b561761ecc',1,1,1,512,1,'2018-03-01 03:30:00',NULL),(80,'192.168.0.200','playerVirtual11_6264344062','playerVirtual11','192.168.0.200','playerVirtual14','playerVirtual14_5100618067',1,1,1,2048,20,'2018-03-01 03:30:38',NULL),(81,'192.168.0.200','playerVirtual10_6274355716','playerVirtual10','192.168.0.200','playerVirtual15','playerVirtual15_9121ad9008',1,1,1,512,1,'2018-03-01 03:31:47',NULL),(82,'192.168.0.200','playerVirtual5_6289704471','playerVirtual5','192.168.0.200','playerVirtual8','playerVirtual8_e2ad92af85',3,1,1,2048,20,'2018-03-01 03:32:28','2018-03-01 03:52:38'),(83,'192.168.0.200','playerVirtual14_5297461910','playerVirtual14','192.168.0.200','playerVirtual1519','playerVirtual14_5297461910',0,1,1,512,1,'2018-03-01 03:35:38','2018-03-01 03:35:38'),(84,'192.168.0.200','playerVirtual6_539194189','playerVirtual6','192.168.0.200','playerVirtual17','playerVirtual17_20500a5cc1',1,1,1,2048,20,'2018-03-01 03:37:10',NULL),(85,'192.168.0.200','playerVirtual8_908315','playerVirtual8','192.168.0.200','playerVirtual4','playerVirtual4_ec3424a7c1',1,1,1,2048,20,'2018-03-01 03:38:43',NULL),(86,'192.168.0.200','playerVirtual11_4246147567','playerVirtual11','192.168.0.200','playerVirtual18','playerVirtual18_11229d1fa3',3,1,2,4096,40,'2018-03-01 03:40:19','2018-03-01 03:53:33'),(87,'192.168.0.200','playerVirtual14_4246147567','playerVirtual14','192.168.0.200','playerVirtual13','playerVirtual13_94ab679fee',3,1,2,4096,40,'2018-03-01 03:42:21','2018-03-01 04:24:57'),(88,'192.168.0.200','playerVirtual15_182859403','playerVirtual15','192.168.0.200','playerVirtual10','playerVirtual10_6ab0c75bd8',1,1,1,512,1,'2018-03-01 03:42:25',NULL),(89,'192.168.0.200','playerVirtual10_4246147567','playerVirtual10','192.168.0.200','playerVirtual16','playerVirtual16_f82feae46f',3,1,2,4096,40,'2018-03-01 03:44:02','2018-03-01 04:47:36'),(90,'192.168.0.200','playerVirtual13_4246147567','playerVirtual13','192.168.0.200','playerVirtual19','playerVirtual19_533a7a6f94',3,1,2,4096,40,'2018-03-01 03:47:37','2018-03-01 04:40:23'),(91,'192.168.0.200','playerVirtual15_4246147567','playerVirtual15','192.168.0.200','playerVirtual14','playerVirtual14_7537631152',3,1,2,4096,40,'2018-03-01 03:48:13','2018-03-01 04:33:44'),(92,'192.168.0.200','playerVirtual8_990694203','playerVirtual8','192.168.0.200','playerVirtual15','playerVirtual15_561c89b3e9',3,1,1,2048,20,'2018-03-01 03:48:14','2018-03-01 04:03:02'),(93,'192.168.0.200','playerVirtual6_6316827871','playerVirtual6','192.168.0.200','playerVirtual8','playerVirtual8_59f2b6430d',1,1,1,512,1,'2018-03-01 03:48:29',NULL),(94,'192.168.0.200','playerVirtual16_6289704471','playerVirtual16','192.168.0.200','playerVirtual9','playerVirtual9_3166333b51',1,1,1,2048,20,'2018-03-01 03:49:23',NULL),(95,'192.168.0.200','playerVirtual4_6315250734','playerVirtual4','192.168.0.200','playerVirtual18','playerVirtual18_564c1a0a91',1,1,1,512,1,'2018-03-01 03:49:27',NULL),(96,'192.168.0.200','playerVirtual12_4246147567','playerVirtual12','192.168.0.200','playerVirtual4','playerVirtual4_695dd3627c',3,1,2,4096,40,'2018-03-01 03:51:46','2018-03-01 04:02:39'),(97,'192.168.0.200','playerVirtual9_2378747961','playerVirtual9','192.168.0.200','playerVirtual16','playerVirtual16_c7c77670fa',1,1,1,512,1,'2018-03-01 03:52:56',NULL),(98,'192.168.0.200','playerVirtual16_6322213339','playerVirtual16','192.168.0.200','playerVirtual13','playerVirtual13_0f7a0203e6',1,1,1,512,1,'2018-03-01 03:54:03',NULL),(99,'192.168.0.200','playerVirtual3_4246147567','playerVirtual3','192.168.0.200','playerVirtual1977','playerVirtual3_4246147567',0,1,2,4096,40,'2018-03-01 03:55:09','2018-03-01 03:55:09'),(100,'192.168.0.200','playerVirtual18_5068098508','playerVirtual18','192.168.0.200','playerVirtual19','playerVirtual19_660f836ec0',3,1,1,2048,20,'2018-03-01 04:00:27','2018-03-01 04:05:09'),(101,'192.168.0.200','playerVirtual9_4246147567','playerVirtual9','192.168.0.200','playerVirtual14','playerVirtual14_3255ba9185',3,1,2,4096,40,'2018-03-01 04:02:12','2018-03-01 04:18:44'),(102,'192.168.0.200','playerVirtual5_4246147567','playerVirtual5','192.168.0.200','playerVirtual10','playerVirtual10_03fcbc52c0',3,1,2,4096,40,'2018-03-01 04:02:25','2018-03-01 04:17:13'),(103,'192.168.0.200','playerVirtual6_4246147567','playerVirtual6','192.168.0.200','playerVirtual5','playerVirtual5_3c642f1dd6',3,1,2,4096,40,'2018-03-01 04:02:29','2018-03-01 04:13:48'),(104,'192.168.0.200','playerVirtual11_359920779','playerVirtual11','192.168.0.200','playerVirtual15','playerVirtual15_17bab3c3d6',1,1,1,512,1,'2018-03-01 04:05:07',NULL),(105,'192.168.0.200','playerVirtual19_4246147567','playerVirtual19','192.168.0.200','playerVirtual18','playerVirtual18_d674388469',3,1,2,4096,40,'2018-03-01 04:06:27','2018-03-01 04:35:23'),(106,'192.168.0.200','playerVirtual14_4246147567','playerVirtual14','192.168.0.200','playerVirtual19','playerVirtual19_20105afae7',3,1,2,4096,40,'2018-03-01 04:08:52','2018-03-01 04:24:57'),(107,'192.168.0.200','playerVirtual10_4246147567','playerVirtual10','192.168.0.200','playerVirtual8','playerVirtual8_41b08b6a77',3,1,2,4096,40,'2018-03-01 04:09:30','2018-03-01 04:47:36'),(108,'192.168.0.200','playerVirtual13_1095593','playerVirtual13','192.168.0.200','playerVirtual4','playerVirtual4_becbbe7f48',1,1,1,512,1,'2018-03-01 04:12:04',NULL),(109,'192.168.0.200','playerVirtual2_4246147567','playerVirtual2','192.168.0.200','playerVirtual16','playerVirtual16_d0819f33dd',3,1,2,4096,40,'2018-03-01 04:14:21','2018-03-01 04:24:49'),(110,'192.168.0.200','playerVirtual8_4246147567','playerVirtual8','192.168.0.200','playerVirtual13','playerVirtual13_0cb0206d9c',3,1,2,4096,40,'2018-03-01 04:14:59','2018-03-01 04:29:46'),(111,'192.168.0.200','playerVirtual4_4246147567','playerVirtual4','192.168.0.200','playerVirtual14','playerVirtual14_1dccc31d8c',3,1,2,4096,40,'2018-03-01 04:15:19','2018-03-01 04:23:17'),(112,'192.168.0.200','playerVirtual16_4246147567','playerVirtual16','192.168.0.200','playerVirtual10','playerVirtual10_9ec5f57498',3,1,2,4096,40,'2018-03-01 04:15:45','2018-03-01 04:20:17'),(113,'192.168.0.200','playerVirtual15_4246147567','playerVirtual15','192.168.0.200','playerVirtual19','playerVirtual19_ff8586bab6',3,1,2,4096,40,'2018-03-01 04:15:51','2018-03-01 04:33:44'),(114,'192.168.0.200','playerVirtual13_4246147567','playerVirtual13','192.168.0.200','playerVirtual15','playerVirtual15_2022463503',3,1,2,4096,40,'2018-03-01 04:17:57','2018-03-01 04:40:23'),(115,'192.168.0.200','playerVirtual12_6335261139','playerVirtual12','192.168.0.200','playerVirtual3','playerVirtual12_6335261139',0,0,1,512,1,'2018-03-01 04:18:30','2018-03-01 04:18:30'),(116,'192.168.0.200','playerVirtual11_4246147567','playerVirtual11','192.168.0.200','playerVirtual1391','playerVirtual11_4246147567',0,1,2,4096,40,'2018-03-01 04:21:03','2018-03-01 04:21:03'),(117,'192.168.0.200','playerVirtual3_4246147567','playerVirtual3','192.168.0.200','playerVirtual1391','playerVirtual3_4246147567',0,1,2,4096,40,'2018-03-01 04:22:20','2018-03-01 04:22:20'),(118,'192.168.0.200','playerVirtual18_4246147567','playerVirtual18','192.168.0.200','playerVirtual8','playerVirtual8_f9bb301e47',3,1,2,4096,40,'2018-03-01 04:27:25','2018-03-01 04:32:07'),(119,'192.168.0.200','playerVirtual9_4246147567','playerVirtual9','192.168.0.200','playerVirtual7','playerVirtual9_4246147567',0,0,2,4096,40,'2018-03-01 04:30:59','2018-03-01 04:30:59'),(120,'192.168.0.200','playerVirtual6_6344084916','playerVirtual6','192.168.0.200','playerVirtual18','playerVirtual18_cca9d6e5a7',1,1,1,512,1,'2018-03-01 04:31:05',NULL),(121,'192.168.0.200','playerVirtual12_990694203','playerVirtual12','192.168.0.200','playerVirtual11','playerVirtual12_990694203',0,0,1,2048,20,'2018-03-01 04:31:26','2018-03-01 04:31:26'),(122,'192.168.0.200','playerVirtual19_4246147567','playerVirtual19','192.168.0.200','playerVirtual4','playerVirtual4_3e725b9a3e',3,1,2,4096,40,'2018-03-01 04:34:21','2018-03-01 04:35:23'),(123,'192.168.0.200','playerVirtual10_4246147567','playerVirtual10','192.168.0.200','playerVirtual2','playerVirtual2_350245d925',3,1,2,4096,40,'2018-03-01 04:37:31','2018-03-01 04:47:36'),(124,'192.168.0.200','playerVirtual14_6566788','playerVirtual14','192.168.0.200','playerVirtual16','playerVirtual16_27d87e3f78',1,1,1,2048,20,'2018-03-01 04:37:58',NULL),(125,'192.168.0.200','playerVirtual6_4246147567','playerVirtual6','192.168.0.200','playerVirtual13','playerVirtual13_623fa25305',1,1,2,4096,40,'2018-03-01 04:44:24',NULL),(126,'192.168.0.200','playerVirtual16_272887063','playerVirtual16','192.168.0.200','playerVirtual14','playerVirtual14_e298cdc279',1,1,1,2048,20,'2018-03-01 04:44:59',NULL),(127,'192.168.0.200','playerVirtual4_4246147567','playerVirtual4','192.168.0.200','playerVirtual5','playerVirtual5_0f707a24fb',1,1,2,4096,40,'2018-03-01 04:45:12',NULL),(128,'192.168.0.200','playerVirtual8_82730999','playerVirtual8','192.168.0.200','playerVirtual10','playerVirtual10_a6485f6496',1,1,1,512,1,'2018-03-01 04:45:21',NULL),(129,'192.168.0.200','playerVirtual15_16917741','playerVirtual15','192.168.0.200','playerVirtual19','playerVirtual19_c896ba81d6',1,1,1,512,1,'2018-03-01 04:45:41',NULL),(130,'192.168.0.200','playerVirtual5_4246147567','playerVirtual5','192.168.0.200','playerVirtual15','playerVirtual15_ed885ff217',1,1,2,4096,40,'2018-03-01 04:46:25',NULL),(131,'192.168.0.200','playerVirtual13_3338579772','playerVirtual13','192.168.0.200','playerVirtual18','playerVirtual18_5ce33b597e',1,1,1,2048,20,'2018-03-01 04:47:51',NULL);
/*!40000 ALTER TABLE `VM` ENABLE KEYS */;
UNLOCK TABLES;
/*!40103 SET TIME_ZONE=@OLD_TIME_ZONE */;

/*!40101 SET SQL_MODE=@OLD_SQL_MODE */;
/*!40014 SET FOREIGN_KEY_CHECKS=@OLD_FOREIGN_KEY_CHECKS */;
/*!40014 SET UNIQUE_CHECKS=@OLD_UNIQUE_CHECKS */;
/*!40101 SET CHARACTER_SET_CLIENT=@OLD_CHARACTER_SET_CLIENT */;
/*!40101 SET CHARACTER_SET_RESULTS=@OLD_CHARACTER_SET_RESULTS */;
/*!40101 SET COLLATION_CONNECTION=@OLD_COLLATION_CONNECTION */;
/*!40111 SET SQL_NOTES=@OLD_SQL_NOTES */;

-- Dump completed on 2018-03-01  1:48:25
