-- MySQL dump 10.14  Distrib 5.5.58-MariaDB, for debian-linux-gnu (x86_64)
--
-- Host: localhost    Database: mct
-- ------------------------------------------------------
-- Server version	5.5.58-MariaDB-1ubuntu0.14.04.1

/*!40101 SET @OLD_CHARACTER_SET_CLIENT=@@CHARACTER_SET_CLIENT */;
/*!40101 SET @OLD_CHARACTER_SET_RESULTS=@@CHARACTER_SET_RESULTS */;
/*!40101 SET @OLD_COLLATION_CONNECTION=@@COLLATION_CONNECTION */;
/*!40101 SET NAMES utf8 */;
/*!40103 SET @OLD_TIME_ZONE=@@TIME_ZONE */;
/*!40103 SET TIME_ZONE='+00:00' */;
/*!40014 SET @OLD_UNIQUE_CHECKS=@@UNIQUE_CHECKS, UNIQUE_CHECKS=0 */;
/*!40014 SET @OLD_FOREIGN_KEY_CHECKS=@@FOREIGN_KEY_CHECKS, FOREIGN_KEY_CHECKS=0 */;
/*!40101 SET @OLD_SQL_MODE=@@SQL_MODE, SQL_MODE='NO_AUTO_VALUE_ON_ZERO' */;
/*!40111 SET @OLD_SQL_NOTES=@@SQL_NOTES, SQL_NOTES=0 */;

--
-- Table structure for table `DIVISION`
--

DROP TABLE IF EXISTS `DIVISION`;
/*!40101 SET @saved_cs_client     = @@character_set_client */;
/*!40101 SET character_set_client = utf8 */;
CREATE TABLE `DIVISION` (
  `division` int(11) NOT NULL,
  `wo` tinyint(1) DEFAULT '0',
  PRIMARY KEY (`division`)
) ENGINE=InnoDB DEFAULT CHARSET=utf8;
/*!40101 SET character_set_client = @saved_cs_client */;

--
-- Dumping data for table `DIVISION`
--

LOCK TABLES `DIVISION` WRITE;
/*!40000 ALTER TABLE `DIVISION` DISABLE KEYS */;
/*!40000 ALTER TABLE `DIVISION` ENABLE KEYS */;
UNLOCK TABLES;

--
-- Table structure for table `FIELDS`
--

DROP TABLE IF EXISTS `FIELDS`;
/*!40101 SET @saved_cs_client     = @@character_set_client */;
/*!40101 SET character_set_client = utf8 */;
CREATE TABLE `FIELDS` (
  `operation` int(11) NOT NULL,
  `fields` varchar(45) NOT NULL,
  PRIMARY KEY (`operation`)
) ENGINE=InnoDB DEFAULT CHARSET=utf8;
/*!40101 SET character_set_client = @saved_cs_client */;

--
-- Dumping data for table `FIELDS`
--

LOCK TABLES `FIELDS` WRITE;
/*!40000 ALTER TABLE `FIELDS` DISABLE KEYS */;
INSERT INTO `FIELDS` VALUES (0,'name mem image vcpus disk uuid');
/*!40000 ALTER TABLE `FIELDS` ENABLE KEYS */;
UNLOCK TABLES;

--
-- Table structure for table `PLAYER`
--

DROP TABLE IF EXISTS `PLAYER`;
/*!40101 SET @saved_cs_client     = @@character_set_client */;
/*!40101 SET character_set_client = utf8 */;
CREATE TABLE `PLAYER` (
  `id` int(11) NOT NULL AUTO_INCREMENT,
  `name` varchar(45) NOT NULL,
  `address` varchar(45) NOT NULL,
  `division` int(11) DEFAULT NULL,
  `score` double DEFAULT '0',
  `history` int(11) DEFAULT '0',
  `fairness` double DEFAULT '0',
  `accepts` int(11) DEFAULT '0',
  `rejects` int(11) DEFAULT '0',
  `running` int(11) DEFAULT '0',
  `finished` int(11) DEFAULT '0',
  `problem_del` int(11) DEFAULT '0',
  `vcpus` int(11) DEFAULT '0',
  `memory` bigint(20) DEFAULT '0',
  `local_gb` bigint(20) DEFAULT '0',
  `vcpus_used` bigint(20) DEFAULT '0',
  `memory_used` bigint(20) DEFAULT '0',
  `local_gb_used` bigint(20) DEFAULT '0',
  `max_instance` int(11) DEFAULT '0',
  `token` varchar(45) DEFAULT NULL,
  `suspend` timestamp NULL DEFAULT NULL,
  `enabled` int(11) DEFAULT '0',
  `last_choice` timestamp NOT NULL DEFAULT '2018-01-01 02:00:00',
  `playoff` tinyint(1) DEFAULT '0',
  `cushion` tinyint(1) DEFAULT '0',
  PRIMARY KEY (`id`)
) ENGINE=InnoDB AUTO_INCREMENT=39 DEFAULT CHARSET=utf8;
/*!40101 SET character_set_client = @saved_cs_client */;

--
-- Dumping data for table `PLAYER`
--

LOCK TABLES `PLAYER` WRITE;
/*!40000 ALTER TABLE `PLAYER` DISABLE KEYS */;
INSERT INTO `PLAYER` VALUES (1,'playerVirtual1','192.168.0.200',1,18.26,28,0.8182,12,0,6,6,0,1023,1047552,10230,7,12800,121,9,'eb1ff593c47a5527df1c3707c2543d7c6bf60df5',NULL,1,'2018-04-09 06:45:49',0,0),(2,'playerVirtual4','192.168.0.200',1,13.28,28,0.8182,8,0,6,2,0,1023,1047552,10230,8,14848,141,6,'7b6893267470860d31269bac16da55bfd2ce8001',NULL,1,'2018-04-09 06:13:26',0,0),(3,'playerVirtual8','192.168.0.200',3,1.32,24,0.5455,2,2,1,1,0,1023,1047552,10230,1,2048,20,1,'fad0ce2e81fefec731f7876c4f97266ce7e7062c',NULL,1,'2018-04-09 05:04:02',0,0),(4,'playerVirtual2','192.168.0.200',1,13.28,29,0.8182,8,0,4,4,0,1023,1047552,10230,5,7168,62,4,'3a6c8cfbec42b4c67ce97ecc3b379a5a49b2a45e',NULL,1,'2018-04-09 06:37:00',0,0),(5,'playerVirtual3','192.168.0.200',1,16.6,28,0.6364,10,0,4,6,0,1023,1047552,10230,5,7168,62,6,'063110746b715653e8da78a132f06367a2178236',NULL,1,'2018-04-09 06:40:59',0,0),(6,'playerVirtual6','192.168.0.200',2,7.3,28,0.5455,5,1,2,3,0,1023,1047552,10230,4,8192,80,2,'61fbb7002229339a41bce89d9c5c04b01a015ea6',NULL,1,'2018-04-09 05:56:51',0,0),(7,'playerVirtual5','192.168.0.200',1,14.94,28,0.9,9,0,6,3,0,1023,1047552,10230,8,13312,122,6,'1ae215eb6605a3f0978ee798beea7e4cd4c0b4b2',NULL,1,'2018-04-09 06:31:17',0,0),(8,'playerVirtual9','192.168.0.200',1,9.96,29,0.3636,6,0,3,3,0,1023,1047552,10230,5,8704,81,5,'2321f87e501b7fe6237fc86e6ba26e96215e9681',NULL,1,'2018-04-09 06:21:19',0,0),(9,'playerVirtual7','192.168.0.200',1,11.62,28,0.7778,7,0,6,1,0,1023,1047552,10230,7,9728,83,6,'4670e9b6454645e169538239cf04fd73fd55030e',NULL,1,'2018-04-09 05:16:51',0,0),(10,'playerVirtual0','192.168.0.200',1,9.96,29,0.7273,6,0,4,2,0,1023,1047552,10230,6,12288,120,4,'ccd49d30df4be5d2587e5d6eef49ba2da71c1617',NULL,1,'2018-04-09 06:28:28',0,0),(11,'playerVirtual10','192.168.0.200',1,16.6,27,0.7778,10,0,3,7,0,1023,1047552,10230,3,4608,41,99,'7a98d42ffd4b4966a7ecc42220353ff5184d21d9',NULL,1,'2018-04-09 06:23:47',0,0),(12,'playerVirtual11','192.168.0.200',1,16.6,26,0.5556,10,0,1,9,0,1023,1047552,10230,1,2048,20,99,'c98d018fd7f07a135c16977c93ee9cea6101000a',NULL,1,'2018-04-09 06:29:31',0,0),(13,'playerVirtual12','192.168.0.200',1,13.28,25,0.5,8,0,1,7,0,1023,1047552,10230,1,2048,20,99,'f4d8f5e535f641d97b36e5a723a5d2e297d4873a',NULL,1,'2018-04-09 06:01:54',0,0),(14,'playerVirtual13','192.168.0.200',1,14.94,24,0.6667,9,0,3,6,0,1023,1047552,10230,4,6656,61,99,'4abe47a24735a94a6b0f122794b9f46ec0243e9a',NULL,1,'2018-04-09 06:30:21',0,0),(15,'playerVirtual14','192.168.0.200',1,13.28,24,0.5,8,0,-1,9,0,1023,1047552,10230,-1,-512,-1,99,'b949005f40113680403a7368fc2a51c06aea8f92',NULL,1,'2018-04-09 06:35:34',0,0),(16,'playerVirtual15','192.168.0.200',1,11.62,23,0.4,7,0,2,5,0,1023,1047552,10230,2,4096,40,99,'669bad8fab5dae35747b6447b5f6489cfa6de86b',NULL,1,'2018-04-09 06:36:49',0,0),(17,'playerVirtual16','192.168.0.200',1,9.96,22,0,6,0,2,4,0,1023,1047552,10230,2,2560,21,99,'2116b783d6ba07ec46ee200ea8515f4a4bed5414',NULL,1,'2018-04-09 06:30:54',0,0),(18,'playerVirtual17','192.168.0.200',2,8.3,20,0.75,5,0,1,4,0,1023,1047552,10230,1,2048,20,99,'4bb1e519246a52d726f370900e58fec4f9e072b1',NULL,1,'2018-04-09 06:23:27',0,0),(19,'playerVirtual18','192.168.0.200',2,8.3,19,0.75,5,0,1,4,0,1023,1047552,10230,2,4096,40,99,'03d38659f76f2faf0806aa94afd9141221b1ecd5',NULL,1,'2018-04-09 06:25:57',0,0),(20,'playerVirtual19','192.168.0.200',2,8.3,18,1,5,0,0,5,0,1023,1047552,10230,0,0,0,99,'625da5399c503f57282d9f008902de3f76b53016',NULL,1,'2018-04-09 06:28:52',0,0),(21,'playerVirtual20','192.168.0.200',2,6.64,17,0.6667,4,0,0,4,0,1023,1047552,10230,0,0,0,99,'cc5e3a15840c0052b0a5ed340cac92fa2df44df6',NULL,1,'2018-04-09 06:08:13',0,0),(22,'playerVirtual21','192.168.0.200',2,6.64,16,0.6667,4,0,0,4,0,1023,1047552,10230,0,0,0,99,'5cc3b6ba3655300160292590054c795b4f244477',NULL,1,'2018-04-09 06:34:52',0,0),(23,'playerVirtual22','192.168.0.200',2,6.64,15,0.5,4,0,0,4,0,1023,1047552,10230,0,0,0,99,'5d9b7c1ea1fd85810c74d3f449d430e022a2331e',NULL,1,'2018-04-09 06:39:52',0,0),(24,'playerVirtual23','192.168.0.200',2,4.98,14,0.5,3,0,1,2,0,1023,1047552,10230,1,512,1,99,'6193b4a1e622f8351058df3723535fd808d0a20e',NULL,1,'2018-04-09 06:15:31',0,0),(25,'playerVirtual24','192.168.0.200',2,4.98,13,0,3,0,0,3,0,1023,1047552,10230,0,0,0,99,'8be8be0183ac0c441c447003e34183146fbdd925',NULL,1,'2018-04-09 06:21:03',0,0),(26,'playerVirtual25','192.168.0.200',2,4.98,12,0,3,0,0,3,0,1023,1047552,10230,0,0,0,99,'d722c9c0ddbf50a43f5a5202a475d64f67e39b6d',NULL,1,'2018-04-09 06:26:14',0,0),(27,'playerVirtual26','192.168.0.200',2,4.98,11,0.5,3,0,0,3,0,1023,1047552,10230,0,0,0,99,'2bd173077bf0e6e21018ec40a9dcf3012e83af73',NULL,1,'2018-04-09 06:40:40',0,0),(28,'playerVirtual27','192.168.0.200',3,3.32,10,0,2,0,0,2,0,1023,1047552,10230,0,0,0,99,'4ddf8f7215c297c7c12894b59cfbe7835e6b6ea2',NULL,1,'2018-04-09 06:21:34',0,0),(29,'playerVirtual28','192.168.0.200',3,3.32,9,0,2,0,0,2,0,1023,1047552,10230,0,0,0,99,'d5f1853746cec06bd9ca6e7166b59044b5899fb5',NULL,1,'2018-04-09 06:30:21',0,0),(30,'playerVirtual29','192.168.0.200',3,3.32,8,0,2,0,0,2,0,1023,1047552,10230,0,0,0,99,'d115a9c9f597a193a7e56e326dc33532c50e9b82',NULL,1,'2018-04-09 06:34:21',0,0),(31,'playerVirtual30','192.168.0.200',3,3.32,7,1,2,0,0,2,0,1023,1047552,10230,0,0,0,99,'9e4a28bf9cf19ff7a7dbb863031a8d1d0fd8cf52',NULL,1,'2018-04-09 06:31:54',0,0),(32,'playerVirtual31','192.168.0.200',3,3.32,6,0,2,0,0,2,0,1023,1047552,10230,0,0,0,99,'351707c32f43402ce0c63b658ae6af0c63b77623',NULL,1,'2018-04-09 06:37:10',0,0),(33,'playerVirtual32','192.168.0.200',3,1.66,5,0,2,0,0,2,0,1023,1047552,10230,0,0,0,99,'75fdc83b7ddf80ee67be3937bb79cfc851fcfccb',NULL,1,'2018-04-09 06:43:03',0,0),(34,'playerVirtual33','192.168.0.200',3,1.66,4,0,1,0,0,1,0,1023,1047552,10230,0,0,0,99,'c1ba9b9c7f912a799e895aa9bbe9b5aa0c52b7de',NULL,1,'2018-04-09 06:23:12',0,0),(35,'playerVirtual34','192.168.0.200',3,1.66,3,0,1,0,0,1,0,1023,1047552,10230,0,0,0,99,'e184fc2311f9f523fdd755f0836e059f7985e4f5',NULL,1,'2018-04-09 06:28:02',0,0),(36,'playerVirtual35','192.168.0.200',3,1.66,2,0,1,0,0,1,0,1023,1047552,10230,0,0,0,99,'d83c382dffb313ba1fa6b03442e9570187b08a8a',NULL,1,'2018-04-09 06:34:06',0,0),(37,'playerVirtual36','192.168.0.200',3,1.66,1,0,1,0,1,0,0,1023,1047552,10230,2,4096,40,99,'9ebc6fd17779008b29d222e43b180834725c87cb',NULL,1,'2018-04-09 06:39:16',0,0),(38,'playerVirtual37','192.168.0.200',3,0,0,0,1,0,0,1,0,1023,1047552,10230,0,0,0,99,'2e9d2ad9779332ce091d7c7636d286f4d6575b83',NULL,1,'2018-04-09 06:42:19',0,0);
/*!40000 ALTER TABLE `PLAYER` ENABLE KEYS */;
UNLOCK TABLES;

--
-- Table structure for table `REQUEST`
--

DROP TABLE IF EXISTS `REQUEST`;
/*!40101 SET @saved_cs_client     = @@character_set_client */;
/*!40101 SET character_set_client = utf8 */;
CREATE TABLE `REQUEST` (
  `id` int(11) NOT NULL AUTO_INCREMENT,
  `player_id` varchar(45) NOT NULL,
  `request_id` varchar(45) NOT NULL,
  `action` int(11) NOT NULL,
  `timestamp_received` timestamp NULL DEFAULT NULL,
  `timestamp_finished` timestamp NULL DEFAULT NULL,
  `status` int(11) NOT NULL,
  PRIMARY KEY (`id`)
) ENGINE=InnoDB AUTO_INCREMENT=832 DEFAULT CHARSET=utf8;
/*!40101 SET character_set_client = @saved_cs_client */;

--
-- Dumping data for table `REQUEST`
--

LOCK TABLES `REQUEST` WRITE;
/*!40000 ALTER TABLE `REQUEST` DISABLE KEYS */;
INSERT INTO `REQUEST` VALUES (1,'playerVirtual1','playerVirtual1_ad133e51db',4,'2018-04-09 04:22:05',NULL,0),(2,'playerVirtual4','playerVirtual4_d0010b189b',4,'2018-04-09 04:22:05',NULL,0),(3,'playerVirtual8','playerVirtual8_cb4f26f74a',4,'2018-04-09 04:22:05',NULL,0),(4,'playerVirtual2','playerVirtual2_f63aa7cf24',4,'2018-04-09 04:22:06',NULL,0),(5,'playerVirtual3','playerVirtual3_99839b2c38',4,'2018-04-09 04:22:06',NULL,0),(6,'playerVirtual6','playerVirtual6_0ecf993aac',4,'2018-04-09 04:22:06',NULL,0),(7,'playerVirtual5','playerVirtual5_49a84e87f5',4,'2018-04-09 04:22:06',NULL,0),(8,'playerVirtual9','playerVirtual9_6771a55e66',4,'2018-04-09 04:22:07',NULL,0),(9,'playerVirtual7','playerVirtual7_93c8da0ca5',4,'2018-04-09 04:22:07',NULL,0),(10,'playerVirtual0','playerVirtual0_63cd0c14bb',4,'2018-04-09 04:22:07',NULL,0),(11,'playerVirtual1','playerVirtual1_450512000',0,'2018-04-09 04:23:06',NULL,0),(12,'playerVirtual1','playerVirtual1_450512000',0,'2018-04-09 04:23:07',NULL,0),(13,'playerVirtual4','playerVirtual4_1438244924',0,'2018-04-09 04:23:08',NULL,0),(14,'playerVirtual4','playerVirtual4_1438244924',0,'2018-04-09 04:23:09',NULL,0),(15,'playerVirtual8','playerVirtual8_640692267',0,'2018-04-09 04:23:12',NULL,0),(16,'playerVirtual8','playerVirtual8_640692267',0,'2018-04-09 04:23:12',NULL,0),(17,'playerVirtual2','playerVirtual2_2381571381',0,'2018-04-09 04:23:13',NULL,0),(18,'playerVirtual2','playerVirtual2_2381571381',0,'2018-04-09 04:23:13',NULL,0),(19,'playerVirtual3','playerVirtual3_5297461910',0,'2018-04-09 04:23:14',NULL,0),(20,'playerVirtual3','playerVirtual3_5297461910',0,'2018-04-09 04:23:14',NULL,0),(21,'playerVirtual6','playerVirtual6_2790332778',0,'2018-04-09 04:23:17',NULL,0),(22,'playerVirtual6','playerVirtual6_2790332778',0,'2018-04-09 04:23:18',NULL,0),(23,'playerVirtual5','playerVirtual5_369721705',0,'2018-04-09 04:23:19',NULL,0),(24,'playerVirtual9','playerVirtual9_317469422',0,'2018-04-09 04:23:19',NULL,0),(25,'playerVirtual7','playerVirtual7_6955737',0,'2018-04-09 04:23:19',NULL,0),(26,'playerVirtual5','playerVirtual5_369721705',0,'2018-04-09 04:23:19',NULL,0),(27,'playerVirtual9','playerVirtual9_317469422',0,'2018-04-09 04:23:19',NULL,0),(28,'playerVirtual7','playerVirtual7_6955737',0,'2018-04-09 04:23:19',NULL,0),(29,'playerVirtual0','playerVirtual0_257338104',0,'2018-04-09 04:23:20',NULL,0),(30,'playerVirtual0','playerVirtual0_257338104',0,'2018-04-09 04:23:20',NULL,0),(31,'playerVirtual1','playerVirtual1_307721618f',3,'2018-04-09 04:24:07',NULL,0),(32,'playerVirtual4','playerVirtual4_f6de8f1f43',3,'2018-04-09 04:24:09',NULL,0),(33,'playerVirtual8','playerVirtual8_27c88d0f46',3,'2018-04-09 04:24:12',NULL,0),(34,'playerVirtual2','playerVirtual2_ac82dc5595',3,'2018-04-09 04:24:13',NULL,0),(35,'playerVirtual3','playerVirtual3_abe971ef88',3,'2018-04-09 04:24:14',NULL,0),(36,'playerVirtual6','playerVirtual6_2f942e8352',3,'2018-04-09 04:24:17',NULL,0),(37,'playerVirtual5','playerVirtual5_2ca83ae3d3',3,'2018-04-09 04:24:19',NULL,0),(38,'playerVirtual9','playerVirtual9_a40cce2e12',3,'2018-04-09 04:24:19',NULL,0),(39,'playerVirtual7','playerVirtual7_8a00e608e4',3,'2018-04-09 04:24:19',NULL,0),(40,'playerVirtual0','playerVirtual0_aa5d3ffa9f',3,'2018-04-09 04:24:20',NULL,0),(41,'playerVirtual4','playerVirtual4_2433236783',0,'2018-04-09 04:25:19',NULL,0),(42,'playerVirtual1','playerVirtual1_3584940347',0,'2018-04-09 04:25:19',NULL,0),(43,'playerVirtual4','playerVirtual4_2433236783',0,'2018-04-09 04:25:19',NULL,0),(44,'playerVirtual1','playerVirtual1_3584940347',0,'2018-04-09 04:25:20',NULL,0),(45,'playerVirtual8','playerVirtual8_3338579772',0,'2018-04-09 04:25:20',NULL,0),(46,'playerVirtual2','playerVirtual2_257407216',0,'2018-04-09 04:25:20',NULL,0),(47,'playerVirtual8','playerVirtual8_3338579772',0,'2018-04-09 04:25:21',NULL,0),(48,'playerVirtual2','playerVirtual2_257407216',0,'2018-04-09 04:25:21',NULL,0),(49,'playerVirtual3','playerVirtual3_182859403',0,'2018-04-09 04:25:27',NULL,0),(50,'playerVirtual3','playerVirtual3_182859403',0,'2018-04-09 04:25:28',NULL,0),(51,'playerVirtual6','playerVirtual6_2359368952',0,'2018-04-09 04:25:31',NULL,0),(52,'playerVirtual6','playerVirtual6_2359368952',0,'2018-04-09 04:25:31',NULL,0),(53,'playerVirtual5','playerVirtual5_16917741',0,'2018-04-09 04:25:34',NULL,0),(54,'playerVirtual5','playerVirtual5_16917741',0,'2018-04-09 04:25:34',NULL,0),(55,'playerVirtual9','playerVirtual9_2545640208',0,'2018-04-09 04:25:43',NULL,0),(56,'playerVirtual9','playerVirtual9_2545640208',0,'2018-04-09 04:25:44',NULL,0),(57,'playerVirtual7','playerVirtual7_908315',0,'2018-04-09 04:25:44',NULL,0),(58,'playerVirtual7','playerVirtual7_908315',0,'2018-04-09 04:25:45',NULL,0),(59,'playerVirtual0','playerVirtual0_539194189',0,'2018-04-09 04:25:53',NULL,0),(60,'playerVirtual0','playerVirtual0_539194189',0,'2018-04-09 04:25:56',NULL,0),(61,'playerVirtual4','playerVirtual4_e859d22b56',4,'2018-04-09 04:26:19',NULL,0),(62,'playerVirtual1','playerVirtual1_c25788cd5d',4,'2018-04-09 04:26:19',NULL,0),(63,'playerVirtual8','playerVirtual8_a1087dd761',4,'2018-04-09 04:26:20',NULL,0),(64,'playerVirtual2','playerVirtual2_f188cb85c0',4,'2018-04-09 04:26:21',NULL,0),(65,'playerVirtual3','playerVirtual3_ebabc9bc5b',4,'2018-04-09 04:26:28',NULL,0),(66,'playerVirtual6','playerVirtual6_05561fb43d',4,'2018-04-09 04:26:31',NULL,0),(67,'playerVirtual5','playerVirtual5_0b214dbc35',4,'2018-04-09 04:26:34',NULL,0),(68,'playerVirtual9','playerVirtual9_2b870afd36',4,'2018-04-09 04:26:43',NULL,0),(69,'playerVirtual7','playerVirtual7_e5d70fe4c8',4,'2018-04-09 04:26:45',NULL,0),(70,'playerVirtual0','playerVirtual0_e0ff56c8f4',4,'2018-04-09 04:26:53',NULL,0),(71,'playerVirtual10','playerVirtual10_849391ca67',4,'2018-04-09 04:27:14',NULL,0),(72,'playerVirtual4','playerVirtual4_4820204870',0,'2018-04-09 04:28:35',NULL,0),(73,'playerVirtual4','playerVirtual4_4820204870',0,'2018-04-09 04:28:36',NULL,0),(74,'playerVirtual1','playerVirtual1_8058564',0,'2018-04-09 04:29:24',NULL,0),(75,'playerVirtual1','playerVirtual1_8058564',0,'2018-04-09 04:29:24',NULL,0),(76,'playerVirtual8','playerVirtual8_1429160667',0,'2018-04-09 04:29:30',NULL,0),(77,'playerVirtual8','playerVirtual8_1429160667',0,'2018-04-09 04:29:30',NULL,0),(78,'playerVirtual2','playerVirtual2_3338010893',0,'2018-04-09 04:29:32',NULL,0),(79,'playerVirtual2','playerVirtual2_3338010893',0,'2018-04-09 04:29:32',NULL,0),(80,'playerVirtual4','playerVirtual4_0d3e9065e0',3,'2018-04-09 04:29:35',NULL,0),(81,'playerVirtual3','playerVirtual3_82730999',0,'2018-04-09 04:29:37',NULL,0),(82,'playerVirtual3','playerVirtual3_82730999',0,'2018-04-09 04:29:37',NULL,0),(83,'playerVirtual6','playerVirtual6_351652724',0,'2018-04-09 04:29:42',NULL,0),(84,'playerVirtual6','playerVirtual6_351652724',0,'2018-04-09 04:29:43',NULL,0),(85,'playerVirtual5','playerVirtual5_6571218',0,'2018-04-09 04:29:43',NULL,0),(86,'playerVirtual5','playerVirtual5_6571218',0,'2018-04-09 04:29:44',NULL,0),(87,'playerVirtual9','playerVirtual9_778566023',0,'2018-04-09 04:29:46',NULL,0),(88,'playerVirtual9','playerVirtual9_778566023',0,'2018-04-09 04:29:46',NULL,0),(89,'playerVirtual7','playerVirtual7_1436344784',0,'2018-04-09 04:29:50',NULL,0),(90,'playerVirtual7','playerVirtual7_1436344784',0,'2018-04-09 04:29:50',NULL,0),(91,'playerVirtual0','playerVirtual0_1339662',0,'2018-04-09 04:29:52',NULL,0),(92,'playerVirtual0','playerVirtual0_1339662',0,'2018-04-09 04:29:52',NULL,0),(93,'playerVirtual1','playerVirtual1_dba1791e66',3,'2018-04-09 04:30:24',NULL,0),(94,'playerVirtual8','playerVirtual8_a4ef5a618a',3,'2018-04-09 04:30:30',NULL,0),(95,'playerVirtual2','playerVirtual2_018fced925',3,'2018-04-09 04:30:32',NULL,0),(96,'playerVirtual3','playerVirtual3_2a0e40c512',3,'2018-04-09 04:30:37',NULL,0),(97,'playerVirtual6','playerVirtual6_ed7515ad30',3,'2018-04-09 04:30:42',NULL,0),(98,'playerVirtual5','playerVirtual5_26ef511d93',3,'2018-04-09 04:30:44',NULL,0),(99,'playerVirtual9','playerVirtual9_b3f25bd492',3,'2018-04-09 04:30:46',NULL,0),(100,'playerVirtual10','playerVirtual10_317497342',0,'2018-04-09 04:30:46',NULL,0),(101,'playerVirtual10','playerVirtual10_317497342',0,'2018-04-09 04:30:47',NULL,0),(102,'playerVirtual7','playerVirtual7_1deec5b858',3,'2018-04-09 04:30:50',NULL,0),(103,'playerVirtual0','playerVirtual0_85ab57fdbd',3,'2018-04-09 04:30:52',NULL,0),(104,'playerVirtual10','playerVirtual10_95338ebfaa',3,'2018-04-09 04:31:47',NULL,0),(105,'playerVirtual4','playerVirtual4_284794223',0,'2018-04-09 04:31:52',NULL,0),(106,'playerVirtual1','playerVirtual1_359920779',0,'2018-04-09 04:31:52',NULL,0),(107,'playerVirtual4','playerVirtual4_284794223',0,'2018-04-09 04:31:52',NULL,0),(108,'playerVirtual1','playerVirtual1_359920779',0,'2018-04-09 04:31:52',NULL,0),(109,'playerVirtual8','playerVirtual8_904011',0,'2018-04-09 04:31:53',NULL,0),(110,'playerVirtual8','playerVirtual8_904011',0,'2018-04-09 04:31:53',NULL,0),(111,'playerVirtual2','playerVirtual2_2904109077',0,'2018-04-09 04:31:54',NULL,0),(112,'playerVirtual2','playerVirtual2_2904109077',0,'2018-04-09 04:31:55',NULL,0),(113,'playerVirtual3','playerVirtual3_257338074',0,'2018-04-09 04:32:03',NULL,0),(114,'playerVirtual3','playerVirtual3_257338074',0,'2018-04-09 04:32:06',NULL,0),(115,'playerVirtual6','playerVirtual6_905614',0,'2018-04-09 04:32:06',NULL,0),(116,'playerVirtual6','playerVirtual6_905614',0,'2018-04-09 04:32:06',NULL,0),(117,'playerVirtual5','playerVirtual5_1093460',0,'2018-04-09 04:32:09',NULL,0),(118,'playerVirtual5','playerVirtual5_1093460',0,'2018-04-09 04:32:09',NULL,0),(119,'playerVirtual11','playerVirtual11_3d5d1ad3ea',4,'2018-04-09 04:32:15',NULL,0),(120,'playerVirtual9','playerVirtual9_6569547',0,'2018-04-09 04:32:19',NULL,0),(121,'playerVirtual9','playerVirtual9_6569547',0,'2018-04-09 04:32:20',NULL,0),(122,'playerVirtual7','playerVirtual7_470485660',0,'2018-04-09 04:32:22',NULL,0),(123,'playerVirtual7','playerVirtual7_470485660',0,'2018-04-09 04:32:22',NULL,0),(124,'playerVirtual0','playerVirtual0_30788568',0,'2018-04-09 04:32:32',NULL,0),(125,'playerVirtual0','playerVirtual0_30788568',0,'2018-04-09 04:32:33',NULL,0),(126,'playerVirtual4','playerVirtual4_7cbd888c1e',4,'2018-04-09 04:32:52',NULL,0),(127,'playerVirtual1','playerVirtual1_ea8de5a31e',4,'2018-04-09 04:32:52',NULL,0),(128,'playerVirtual8','playerVirtual8_1b35535329',4,'2018-04-09 04:32:53',NULL,0),(129,'playerVirtual2','playerVirtual2_17bbcb3852',4,'2018-04-09 04:32:54',NULL,0),(130,'playerVirtual10','playerVirtual10_5792765',0,'2018-04-09 04:32:55',NULL,0),(131,'playerVirtual10','playerVirtual10_5792765',0,'2018-04-09 04:32:55',NULL,0),(132,'playerVirtual3','playerVirtual3_598fcbd8be',4,'2018-04-09 04:33:02',NULL,0),(133,'playerVirtual6','playerVirtual6_c7f41cc030',4,'2018-04-09 04:33:07',NULL,0),(134,'playerVirtual5','playerVirtual5_c16b671404',4,'2018-04-09 04:33:09',NULL,0),(135,'playerVirtual9','playerVirtual9_470391ca39',4,'2018-04-09 04:33:19',NULL,0),(136,'playerVirtual7','playerVirtual7_60cff138c6',4,'2018-04-09 04:33:22',NULL,0),(137,'playerVirtual0','playerVirtual0_d2502aac2e',4,'2018-04-09 04:33:33',NULL,0),(138,'playerVirtual10','playerVirtual10_da27df0d0c',4,'2018-04-09 04:33:55',NULL,0),(139,'playerVirtual4','playerVirtual4_400453824',0,'2018-04-09 04:35:23',NULL,0),(140,'playerVirtual4','playerVirtual4_400453824',0,'2018-04-09 04:35:24',NULL,0),(141,'playerVirtual11','playerVirtual11_38671842',0,'2018-04-09 04:36:03',NULL,0),(142,'playerVirtual11','playerVirtual11_38671842',0,'2018-04-09 04:36:03',NULL,0),(143,'playerVirtual1','playerVirtual1_4820318661',0,'2018-04-09 04:36:20',NULL,0),(144,'playerVirtual1','playerVirtual1_4820318661',0,'2018-04-09 04:36:20',NULL,0),(145,'playerVirtual4','playerVirtual4_8d07cc75b6',3,'2018-04-09 04:36:24',NULL,0),(146,'playerVirtual8','playerVirtual8_4819935267',0,'2018-04-09 04:36:27',NULL,0),(147,'playerVirtual8','playerVirtual8_4819935267',0,'2018-04-09 04:36:27',NULL,0),(148,'playerVirtual2','playerVirtual2_4820217293',0,'2018-04-09 04:36:32',NULL,0),(149,'playerVirtual2','playerVirtual2_4820217293',0,'2018-04-09 04:36:32',NULL,0),(150,'playerVirtual3','playerVirtual3_6264344062',0,'2018-04-09 04:36:37',NULL,0),(151,'playerVirtual3','playerVirtual3_6264344062',0,'2018-04-09 04:36:37',NULL,0),(152,'playerVirtual6','playerVirtual6_2378747961',0,'2018-04-09 04:36:52',NULL,0),(153,'playerVirtual6','playerVirtual6_2378747961',0,'2018-04-09 04:36:53',NULL,0),(154,'playerVirtual5','playerVirtual5_5068098508',0,'2018-04-09 04:36:57',NULL,0),(155,'playerVirtual5','playerVirtual5_5068098508',0,'2018-04-09 04:36:58',NULL,0),(156,'playerVirtual11','playerVirtual11_6ce9d0652b',3,'2018-04-09 04:37:03',NULL,0),(157,'playerVirtual12','playerVirtual12_f6f4fd09da',4,'2018-04-09 04:37:18',NULL,0),(158,'playerVirtual1','playerVirtual1_4866114d46',3,'2018-04-09 04:37:20',NULL,0),(159,'playerVirtual8','playerVirtual8_83f0d69f63',3,'2018-04-09 04:37:27',NULL,0),(160,'playerVirtual2','playerVirtual2_2281bae281',3,'2018-04-09 04:37:32',NULL,0),(161,'playerVirtual3','playerVirtual3_e9a2893c5e',3,'2018-04-09 04:37:37',NULL,0),(162,'playerVirtual6','playerVirtual6_65f2cdb2eb',3,'2018-04-09 04:37:52',NULL,0),(163,'playerVirtual5','playerVirtual5_963ce65134',3,'2018-04-09 04:37:58',NULL,0),(164,'playerVirtual9','playerVirtual9_227443932',0,'2018-04-09 04:38:14',NULL,0),(165,'playerVirtual9','playerVirtual9_227443932',0,'2018-04-09 04:38:14',NULL,0),(166,'playerVirtual7','playerVirtual7_1095593',0,'2018-04-09 04:38:20',NULL,0),(167,'playerVirtual7','playerVirtual7_1095593',0,'2018-04-09 04:38:21',NULL,0),(168,'playerVirtual0','playerVirtual0_2148750930',0,'2018-04-09 04:38:24',NULL,0),(169,'playerVirtual0','playerVirtual0_2148750930',0,'2018-04-09 04:38:24',NULL,0),(170,'playerVirtual9','playerVirtual9_cc60a8ec40',3,'2018-04-09 04:39:14',NULL,0),(171,'playerVirtual7','playerVirtual7_82d9e7283f',3,'2018-04-09 04:39:21',NULL,0),(172,'playerVirtual10','playerVirtual10_563574327',0,'2018-04-09 04:39:24',NULL,0),(173,'playerVirtual0','playerVirtual0_9941cba770',3,'2018-04-09 04:39:25',NULL,0),(174,'playerVirtual10','playerVirtual10_563574327',0,'2018-04-09 04:39:25',NULL,0),(175,'playerVirtual11','playerVirtual11_16915963',0,'2018-04-09 04:39:57',NULL,0),(176,'playerVirtual11','playerVirtual11_16915963',0,'2018-04-09 04:39:58',NULL,0),(177,'playerVirtual6','playerVirtual6_2359368952',1,'2018-04-09 04:40:17',NULL,0),(178,'playerVirtual6','playerVirtual6_a81f07ac33',4,'2018-04-09 04:40:17',NULL,0),(179,'playerVirtual6','playerVirtual6_2359368952',1,'2018-04-09 04:40:17',NULL,0),(180,'playerVirtual10','playerVirtual10_0a68dee1ff',3,'2018-04-09 04:40:25',NULL,0),(181,'playerVirtual4','playerVirtual4_765651',0,'2018-04-09 04:40:31',NULL,0),(182,'playerVirtual4','playerVirtual4_765651',0,'2018-04-09 04:40:31',NULL,0),(183,'playerVirtual1','playerVirtual1_284757920',0,'2018-04-09 04:40:38',NULL,0),(184,'playerVirtual1','playerVirtual1_284757920',0,'2018-04-09 04:40:39',NULL,0),(185,'playerVirtual8','playerVirtual8_272887063',0,'2018-04-09 04:40:41',NULL,0),(186,'playerVirtual8','playerVirtual8_272887063',0,'2018-04-09 04:40:41',NULL,0),(187,'playerVirtual2','playerVirtual2_6274355716',0,'2018-04-09 04:40:45',NULL,0),(188,'playerVirtual2','playerVirtual2_6274355716',0,'2018-04-09 04:40:46',NULL,0),(189,'playerVirtual3','playerVirtual3_38676294',0,'2018-04-09 04:40:53',NULL,0),(190,'playerVirtual3','playerVirtual3_38676294',0,'2018-04-09 04:40:54',NULL,0),(191,'playerVirtual11','playerVirtual11_83d9814b2d',4,'2018-04-09 04:40:58',NULL,0),(192,'playerVirtual4','playerVirtual4_0362aeeefa',4,'2018-04-09 04:41:31',NULL,0),(193,'playerVirtual1','playerVirtual1_e04f2828d9',4,'2018-04-09 04:41:38',NULL,0),(194,'playerVirtual8','playerVirtual8_443a02a861',4,'2018-04-09 04:41:41',NULL,0),(195,'playerVirtual2','playerVirtual2_6dfabb732d',4,'2018-04-09 04:41:46',NULL,0),(196,'playerVirtual3','playerVirtual3_bdfc75edad',4,'2018-04-09 04:41:54',NULL,0),(197,'playerVirtual5','playerVirtual5_182859403',0,'2018-04-09 04:42:03',NULL,0),(198,'playerVirtual5','playerVirtual5_182859403',0,'2018-04-09 04:42:03',NULL,0),(199,'playerVirtual13','playerVirtual13_80178cd037',4,'2018-04-09 04:42:17',NULL,0),(200,'playerVirtual9','playerVirtual9_4820204870',0,'2018-04-09 04:42:31',NULL,0),(201,'playerVirtual9','playerVirtual9_4820204870',0,'2018-04-09 04:42:34',NULL,0),(202,'playerVirtual7','playerVirtual7_990694203',0,'2018-04-09 04:42:48',NULL,0),(203,'playerVirtual7','playerVirtual7_990694203',0,'2018-04-09 04:42:48',NULL,0),(204,'playerVirtual12','playerVirtual12_5623125514',0,'2018-04-09 04:43:02',NULL,0),(205,'playerVirtual12','playerVirtual12_5623125514',0,'2018-04-09 04:43:02',NULL,0),(206,'playerVirtual5','playerVirtual5_4f64bf3e43',4,'2018-04-09 04:43:03',NULL,0),(207,'playerVirtual0','playerVirtual0_990694203',0,'2018-04-09 04:43:12',NULL,0),(208,'playerVirtual0','playerVirtual0_990694203',0,'2018-04-09 04:43:12',NULL,0),(209,'playerVirtual9','playerVirtual9_c8c4d77448',4,'2018-04-09 04:43:29',NULL,0),(210,'playerVirtual10','playerVirtual10_6280643141',0,'2018-04-09 04:43:39',NULL,0),(211,'playerVirtual10','playerVirtual10_6280643141',0,'2018-04-09 04:43:40',NULL,0),(212,'playerVirtual7','playerVirtual7_e71fbf67e4',4,'2018-04-09 04:43:48',NULL,0),(213,'playerVirtual12','playerVirtual12_5c1c1684d3',3,'2018-04-09 04:44:02',NULL,0),(214,'playerVirtual0','playerVirtual0_703e398d61',4,'2018-04-09 04:44:12',NULL,0),(215,'playerVirtual10','playerVirtual10_401d541dad',4,'2018-04-09 04:44:40',NULL,0),(216,'playerVirtual4','playerVirtual4_6d481a2953',3,'2018-04-09 04:45:32',NULL,0),(217,'playerVirtual3','playerVirtual3_182859403',1,'2018-04-09 04:45:46',NULL,0),(218,'playerVirtual3','playerVirtual3_4b50844a71',3,'2018-04-09 04:45:46',NULL,0),(219,'playerVirtual3','playerVirtual3_182859403',1,'2018-04-09 04:45:46',NULL,0),(220,'playerVirtual6','playerVirtual6_6280638724',0,'2018-04-09 04:46:36',NULL,0),(221,'playerVirtual6','playerVirtual6_6280638724',0,'2018-04-09 04:46:37',NULL,0),(222,'playerVirtual11','playerVirtual11_4476462938',0,'2018-04-09 04:46:57',NULL,0),(223,'playerVirtual11','playerVirtual11_4476462938',0,'2018-04-09 04:46:57',NULL,0),(224,'playerVirtual5','playerVirtual5_182859403',1,'2018-04-09 04:47:06',NULL,0),(225,'playerVirtual5','playerVirtual5_f5124854b0',3,'2018-04-09 04:47:07',NULL,0),(226,'playerVirtual5','playerVirtual5_182859403',1,'2018-04-09 04:47:07',NULL,0),(227,'playerVirtual14','playerVirtual14_49dad3473d',4,'2018-04-09 04:47:13',NULL,0),(228,'playerVirtual1','playerVirtual1_272887063',0,'2018-04-09 04:47:21',NULL,0),(229,'playerVirtual1','playerVirtual1_272887063',0,'2018-04-09 04:47:21',NULL,0),(230,'playerVirtual8','playerVirtual8_a5f598edce',3,'2018-04-09 04:47:27',NULL,0),(231,'playerVirtual2','playerVirtual2_6282149131',0,'2018-04-09 04:47:34',NULL,0),(232,'playerVirtual2','playerVirtual2_6282149131',0,'2018-04-09 04:47:35',NULL,0),(233,'playerVirtual6','playerVirtual6_2b0ed46ffe',3,'2018-04-09 04:47:36',NULL,0),(234,'playerVirtual12','playerVirtual12_682797',0,'2018-04-09 04:47:41',NULL,0),(235,'playerVirtual12','playerVirtual12_682797',0,'2018-04-09 04:47:45',NULL,0),(236,'playerVirtual11','playerVirtual11_3e67cc6caf',3,'2018-04-09 04:47:57',NULL,0),(237,'playerVirtual1','playerVirtual1_b46aa58e38',3,'2018-04-09 04:48:21',NULL,0),(238,'playerVirtual2','playerVirtual2_d523c132a1',3,'2018-04-09 04:48:35',NULL,0),(239,'playerVirtual12','playerVirtual12_a354727354',4,'2018-04-09 04:48:41',NULL,0),(240,'playerVirtual7','playerVirtual7_62dd98320f',3,'2018-04-09 04:48:48',NULL,0),(241,'playerVirtual0','playerVirtual0_5af78e448f',3,'2018-04-09 04:49:03',NULL,0),(242,'playerVirtual9','playerVirtual9_1436323714',0,'2018-04-09 04:49:29',NULL,0),(243,'playerVirtual9','playerVirtual9_1436323714',0,'2018-04-09 04:49:29',NULL,0),(244,'playerVirtual13','playerVirtual13_2359368952',0,'2018-04-09 04:50:19',NULL,0),(245,'playerVirtual13','playerVirtual13_2359368952',0,'2018-04-09 04:50:20',NULL,0),(246,'playerVirtual9','playerVirtual9_b193b1248e',3,'2018-04-09 04:50:29',NULL,0),(247,'playerVirtual10','playerVirtual10_214880781',0,'2018-04-09 04:50:49',NULL,0),(248,'playerVirtual10','playerVirtual10_214880781',0,'2018-04-09 04:50:49',NULL,0),(249,'playerVirtual4','playerVirtual4_1094955',0,'2018-04-09 04:50:59',NULL,0),(250,'playerVirtual4','playerVirtual4_1094955',0,'2018-04-09 04:50:59',NULL,0),(251,'playerVirtual13','playerVirtual13_0b34bfd6b2',3,'2018-04-09 04:51:20',NULL,0),(252,'playerVirtual3','playerVirtual3_16914091',0,'2018-04-09 04:51:24',NULL,0),(253,'playerVirtual3','playerVirtual3_16914091',0,'2018-04-09 04:51:24',NULL,0),(254,'playerVirtual8','playerVirtual8_6285257156',0,'2018-04-09 04:51:33',NULL,0),(255,'playerVirtual8','playerVirtual8_6285257156',0,'2018-04-09 04:51:33',NULL,0),(256,'playerVirtual6','playerVirtual6_6955737',0,'2018-04-09 04:51:36',NULL,0),(257,'playerVirtual6','playerVirtual6_6955737',0,'2018-04-09 04:51:36',NULL,0),(258,'playerVirtual10','playerVirtual10_e218874c64',3,'2018-04-09 04:51:49',NULL,0),(259,'playerVirtual4','playerVirtual4_c814644637',4,'2018-04-09 04:52:02',NULL,0),(260,'playerVirtual15','playerVirtual15_6430ba8162',4,'2018-04-09 04:52:16',NULL,0),(261,'playerVirtual3','playerVirtual3_60e6fcbe3c',4,'2018-04-09 04:52:24',NULL,0),(262,'playerVirtual11','playerVirtual11_6955737',0,'2018-04-09 04:52:29',NULL,0),(263,'playerVirtual11','playerVirtual11_6955737',0,'2018-04-09 04:52:29',NULL,0),(264,'playerVirtual8','playerVirtual8_861181c498',4,'2018-04-09 04:52:33',NULL,0),(265,'playerVirtual6','playerVirtual6_11dd164a66',4,'2018-04-09 04:52:36',NULL,0),(266,'playerVirtual5','playerVirtual5_182859403',0,'2018-04-09 04:52:46',NULL,0),(267,'playerVirtual5','playerVirtual5_d66d3806bb',4,'2018-04-09 04:52:46',NULL,0),(268,'playerVirtual5','playerVirtual5_182859403',0,'2018-04-09 04:52:46',NULL,0),(269,'playerVirtual1','playerVirtual1_1438244924',0,'2018-04-09 04:53:16',NULL,0),(270,'playerVirtual1','playerVirtual1_1438244924',0,'2018-04-09 04:53:17',NULL,0),(271,'playerVirtual2','playerVirtual2_3338579772',0,'2018-04-09 04:53:25',NULL,0),(272,'playerVirtual2','playerVirtual2_3338579772',0,'2018-04-09 04:53:25',NULL,0),(273,'playerVirtual11','playerVirtual11_488d7355d9',4,'2018-04-09 04:53:29',NULL,0),(274,'playerVirtual7','playerVirtual7_6955737',1,'2018-04-09 04:54:10',NULL,0),(275,'playerVirtual7','playerVirtual7_2008dd0267',4,'2018-04-09 04:54:10',NULL,0),(276,'playerVirtual7','playerVirtual7_6955737',1,'2018-04-09 04:54:10',NULL,0),(277,'playerVirtual1','playerVirtual1_87b067697e',4,'2018-04-09 04:54:17',NULL,0),(278,'playerVirtual2','playerVirtual2_24110f7b6d',4,'2018-04-09 04:54:25',NULL,0),(279,'playerVirtual13','playerVirtual13_1438244924',0,'2018-04-09 04:54:45',NULL,0),(280,'playerVirtual13','playerVirtual13_1438244924',0,'2018-04-09 04:54:46',NULL,0),(281,'playerVirtual0','playerVirtual0_2378747961',0,'2018-04-09 04:55:02',NULL,0),(282,'playerVirtual0','playerVirtual0_2378747961',0,'2018-04-09 04:55:02',NULL,0),(283,'playerVirtual13','playerVirtual13_1396bce5ba',4,'2018-04-09 04:55:45',NULL,0),(284,'playerVirtual12','playerVirtual12_2381571381',0,'2018-04-09 04:55:51',NULL,0),(285,'playerVirtual12','playerVirtual12_2381571381',0,'2018-04-09 04:55:51',NULL,0),(286,'playerVirtual9','playerVirtual9_6289355687',0,'2018-04-09 04:55:51',NULL,0),(287,'playerVirtual9','playerVirtual9_6289355687',0,'2018-04-09 04:55:52',NULL,0),(288,'playerVirtual14','playerVirtual14_6641406',0,'2018-04-09 04:56:00',NULL,0),(289,'playerVirtual14','playerVirtual14_6641406',0,'2018-04-09 04:56:00',NULL,0),(290,'playerVirtual0','playerVirtual0_5b78f7bb77',4,'2018-04-09 04:56:02',NULL,0),(291,'playerVirtual12','playerVirtual12_5227481827',3,'2018-04-09 04:56:51',NULL,0),(292,'playerVirtual9','playerVirtual9_aa78048899',4,'2018-04-09 04:56:52',NULL,0),(293,'playerVirtual14','playerVirtual14_c73ef29eeb',3,'2018-04-09 04:57:00',NULL,0),(294,'playerVirtual4','playerVirtual4_1438244924',1,'2018-04-09 04:57:10',NULL,0),(295,'playerVirtual4','playerVirtual4_3d73d97d2b',3,'2018-04-09 04:57:10',NULL,0),(296,'playerVirtual4','playerVirtual4_1438244924',1,'2018-04-09 04:57:11',NULL,0),(297,'playerVirtual10','playerVirtual10_6289704471',0,'2018-04-09 04:57:11',NULL,0),(298,'playerVirtual10','playerVirtual10_6289704471',0,'2018-04-09 04:57:12',NULL,0),(299,'playerVirtual16','playerVirtual16_2494c0246b',4,'2018-04-09 04:57:17',NULL,0),(300,'playerVirtual10','playerVirtual10_74b19de1af',4,'2018-04-09 04:58:11',NULL,0),(301,'playerVirtual3','playerVirtual3_c8e16f86b9',3,'2018-04-09 04:58:27',NULL,0),(302,'playerVirtual6','playerVirtual6_ac1cccce6e',3,'2018-04-09 04:58:55',NULL,0),(303,'playerVirtual5','playerVirtual5_794070039',0,'2018-04-09 04:59:03',NULL,0),(304,'playerVirtual5','playerVirtual5_794070039',0,'2018-04-09 04:59:03',NULL,0),(305,'playerVirtual8','playerVirtual8_3338579772',1,'2018-04-09 04:59:06',NULL,0),(306,'playerVirtual8','playerVirtual8_d78d6167dd',3,'2018-04-09 04:59:06',NULL,0),(307,'playerVirtual8','playerVirtual8_3338579772',1,'2018-04-09 04:59:06',NULL,0),(308,'playerVirtual5','playerVirtual5_fd807257e3',3,'2018-04-09 05:00:03',NULL,0),(309,'playerVirtual2','playerVirtual2_2381571381',1,'2018-04-09 05:00:23',NULL,0),(310,'playerVirtual2','playerVirtual2_ff23caa097',3,'2018-04-09 05:00:24',NULL,0),(311,'playerVirtual2','playerVirtual2_2381571381',1,'2018-04-09 05:00:29',NULL,0),(312,'playerVirtual7','playerVirtual7_1436344784',1,'2018-04-09 05:00:32',NULL,0),(313,'playerVirtual7','playerVirtual7_a300154445',3,'2018-04-09 05:00:33',NULL,0),(314,'playerVirtual7','playerVirtual7_1436344784',1,'2018-04-09 05:00:33',NULL,0),(315,'playerVirtual1','playerVirtual1_1438244924',1,'2018-04-09 05:00:49',NULL,0),(316,'playerVirtual1','playerVirtual1_cb5d88a9b6',3,'2018-04-09 05:00:49',NULL,0),(317,'playerVirtual1','playerVirtual1_1438244924',1,'2018-04-09 05:00:49',NULL,0),(318,'playerVirtual11','playerVirtual11_990694203',0,'2018-04-09 05:01:35',NULL,0),(319,'playerVirtual11','playerVirtual11_990694203',0,'2018-04-09 05:01:36',NULL,0),(320,'playerVirtual17','playerVirtual17_4b5465c03a',4,'2018-04-09 05:02:19',NULL,0),(321,'playerVirtual0','playerVirtual0_2378747961',1,'2018-04-09 05:02:23',NULL,0),(322,'playerVirtual0','playerVirtual0_775a982643',3,'2018-04-09 05:02:23',NULL,0),(323,'playerVirtual0','playerVirtual0_2378747961',1,'2018-04-09 05:02:23',NULL,0),(324,'playerVirtual11','playerVirtual11_fa508517d2',3,'2018-04-09 05:02:34',NULL,0),(325,'playerVirtual15','playerVirtual15_1436344784',0,'2018-04-09 05:03:03',NULL,0),(326,'playerVirtual15','playerVirtual15_1436344784',0,'2018-04-09 05:03:03',NULL,0),(327,'playerVirtual6','playerVirtual6_2378747961',1,'2018-04-09 05:03:25',NULL,0),(328,'playerVirtual6','playerVirtual6_0cadc00ca8',4,'2018-04-09 05:03:25',NULL,0),(329,'playerVirtual6','playerVirtual6_2378747961',1,'2018-04-09 05:03:25',NULL,0),(330,'playerVirtual12','playerVirtual12_6296865278',0,'2018-04-09 05:03:46',NULL,0),(331,'playerVirtual12','playerVirtual12_6296865278',0,'2018-04-09 05:03:47',NULL,0),(332,'playerVirtual14','playerVirtual14_6264344062',0,'2018-04-09 05:04:01',NULL,0),(333,'playerVirtual14','playerVirtual14_6264344062',0,'2018-04-09 05:04:02',NULL,0),(334,'playerVirtual15','playerVirtual15_0ea1459879',3,'2018-04-09 05:04:03',NULL,0),(335,'playerVirtual12','playerVirtual12_d8285f6616',4,'2018-04-09 05:04:47',NULL,0),(336,'playerVirtual14','playerVirtual14_397f8058d6',4,'2018-04-09 05:05:02',NULL,0),(337,'playerVirtual13','playerVirtual13_6296268057',0,'2018-04-09 05:06:14',NULL,0),(338,'playerVirtual13','playerVirtual13_6296268057',0,'2018-04-09 05:06:14',NULL,0),(339,'playerVirtual7','playerVirtual7_1095593',1,'2018-04-09 05:06:16',NULL,0),(340,'playerVirtual7','playerVirtual7_682f808f32',4,'2018-04-09 05:06:16',NULL,0),(341,'playerVirtual7','playerVirtual7_1095593',1,'2018-04-09 05:06:17',NULL,0),(342,'playerVirtual9','playerVirtual9_182859403',0,'2018-04-09 05:06:39',NULL,0),(343,'playerVirtual9','playerVirtual9_182859403',0,'2018-04-09 05:06:39',NULL,0),(344,'playerVirtual11','playerVirtual11_990694203',1,'2018-04-09 05:07:03',NULL,0),(345,'playerVirtual11','playerVirtual11_2c328da419',4,'2018-04-09 05:07:03',NULL,0),(346,'playerVirtual11','playerVirtual11_990694203',1,'2018-04-09 05:07:03',NULL,0),(347,'playerVirtual13','playerVirtual13_544d51cfda',3,'2018-04-09 05:07:14',NULL,0),(348,'playerVirtual18','playerVirtual18_800450b584',4,'2018-04-09 05:07:18',NULL,0),(349,'playerVirtual9','playerVirtual9_a93ef3ad78',3,'2018-04-09 05:07:39',NULL,0),(350,'playerVirtual4','playerVirtual4_990694203',0,'2018-04-09 05:07:58',NULL,0),(351,'playerVirtual4','playerVirtual4_990694203',0,'2018-04-09 05:07:58',NULL,0),(352,'playerVirtual2','playerVirtual2_6274355716',1,'2018-04-09 05:08:16',NULL,0),(353,'playerVirtual2','playerVirtual2_aa86800e61',4,'2018-04-09 05:08:16',NULL,0),(354,'playerVirtual2','playerVirtual2_6274355716',1,'2018-04-09 05:08:16',NULL,0),(355,'playerVirtual5','playerVirtual5_182859403',1,'2018-04-09 05:08:58',NULL,0),(356,'playerVirtual5','playerVirtual5_c06dc4c99f',4,'2018-04-09 05:08:58',NULL,0),(357,'playerVirtual5','playerVirtual5_182859403',1,'2018-04-09 05:08:58',NULL,0),(358,'playerVirtual4','playerVirtual4_7a012133bb',4,'2018-04-09 05:08:58',NULL,0),(359,'playerVirtual3','playerVirtual3_5297461910',1,'2018-04-09 05:09:11',NULL,0),(360,'playerVirtual3','playerVirtual3_f854ea9ca9',4,'2018-04-09 05:09:11',NULL,0),(361,'playerVirtual3','playerVirtual3_5297461910',1,'2018-04-09 05:09:12',NULL,0),(362,'playerVirtual10','playerVirtual10_5297461910',0,'2018-04-09 05:09:57',NULL,0),(363,'playerVirtual10','playerVirtual10_5297461910',0,'2018-04-09 05:10:00',NULL,0),(364,'playerVirtual8','playerVirtual8_6289704471',0,'2018-04-09 05:10:39',NULL,0),(365,'playerVirtual8','playerVirtual8_6289704471',0,'2018-04-09 05:10:39',NULL,0),(366,'playerVirtual10','playerVirtual10_30f22bd0d2',3,'2018-04-09 05:10:54',NULL,0),(367,'playerVirtual8','playerVirtual8_83cd46474a',4,'2018-04-09 05:11:39',NULL,0),(368,'playerVirtual15','playerVirtual15_908315',0,'2018-04-09 05:12:12',NULL,0),(369,'playerVirtual15','playerVirtual15_908315',0,'2018-04-09 05:12:12',NULL,0),(370,'playerVirtual19','playerVirtual19_174d6d5d8c',4,'2018-04-09 05:12:18',NULL,0),(371,'playerVirtual1','playerVirtual1_1095593',0,'2018-04-09 05:12:29',NULL,0),(372,'playerVirtual1','playerVirtual1_1095593',0,'2018-04-09 05:12:29',NULL,0),(373,'playerVirtual16','playerVirtual16_6301942525',0,'2018-04-09 05:12:33',NULL,0),(374,'playerVirtual16','playerVirtual16_6301942525',0,'2018-04-09 05:12:33',NULL,0),(375,'playerVirtual9','playerVirtual9_182859403',1,'2018-04-09 05:13:01',NULL,0),(376,'playerVirtual9','playerVirtual9_102ff9d118',4,'2018-04-09 05:13:01',NULL,0),(377,'playerVirtual9','playerVirtual9_182859403',1,'2018-04-09 05:13:02',NULL,0),(378,'playerVirtual15','playerVirtual15_528c3ee579',4,'2018-04-09 05:13:12',NULL,0),(379,'playerVirtual1','playerVirtual1_cd5970970b',4,'2018-04-09 05:13:29',NULL,0),(380,'playerVirtual16','playerVirtual16_7025fb0050',3,'2018-04-09 05:13:33',NULL,0),(381,'playerVirtual4','playerVirtual4_990694203',1,'2018-04-09 05:14:13',NULL,0),(382,'playerVirtual4','playerVirtual4_58ab6c3a5f',3,'2018-04-09 05:14:13',NULL,0),(383,'playerVirtual4','playerVirtual4_990694203',1,'2018-04-09 05:14:14',NULL,0),(384,'playerVirtual0','playerVirtual0_539194189',1,'2018-04-09 05:14:43',NULL,0),(385,'playerVirtual0','playerVirtual0_763683569a',4,'2018-04-09 05:14:44',NULL,0),(386,'playerVirtual0','playerVirtual0_539194189',1,'2018-04-09 05:14:44',NULL,0),(387,'playerVirtual10','playerVirtual10_6289704471',1,'2018-04-09 05:16:33',NULL,0),(388,'playerVirtual10','playerVirtual10_44cf444686',4,'2018-04-09 05:16:33',NULL,0),(389,'playerVirtual10','playerVirtual10_6289704471',1,'2018-04-09 05:16:33',NULL,0),(390,'playerVirtual7','playerVirtual7_908315',1,'2018-04-09 05:16:49',NULL,0),(391,'playerVirtual7','playerVirtual7_4977e53618',3,'2018-04-09 05:16:49',NULL,0),(392,'playerVirtual7','playerVirtual7_908315',1,'2018-04-09 05:16:49',NULL,0),(393,'playerVirtual12','playerVirtual12_539194189',0,'2018-04-09 05:16:51',NULL,0),(394,'playerVirtual12','playerVirtual12_539194189',0,'2018-04-09 05:16:52',NULL,0),(395,'playerVirtual20','playerVirtual20_c0742429b0',4,'2018-04-09 05:17:13',NULL,0),(396,'playerVirtual5','playerVirtual5_5068098508',1,'2018-04-09 05:17:39',NULL,0),(397,'playerVirtual5','playerVirtual5_2d38f1bc57',3,'2018-04-09 05:17:39',NULL,0),(398,'playerVirtual5','playerVirtual5_5068098508',1,'2018-04-09 05:17:39',NULL,0),(399,'playerVirtual13','playerVirtual13_4246147567',0,'2018-04-09 05:17:41',NULL,0),(400,'playerVirtual13','playerVirtual13_4246147567',0,'2018-04-09 05:17:41',NULL,0),(401,'playerVirtual6','playerVirtual6_182859403',0,'2018-04-09 05:17:47',NULL,0),(402,'playerVirtual6','playerVirtual6_182859403',0,'2018-04-09 05:17:48',NULL,0),(403,'playerVirtual12','playerVirtual12_079f5c425b',3,'2018-04-09 05:17:51',NULL,0),(404,'playerVirtual8','playerVirtual8_904011',1,'2018-04-09 05:18:12',NULL,0),(405,'playerVirtual8','playerVirtual8_8bc2b9bbed',3,'2018-04-09 05:18:12',NULL,0),(406,'playerVirtual8','playerVirtual8_904011',1,'2018-04-09 05:18:12',NULL,0),(407,'playerVirtual14','playerVirtual14_4246147567',0,'2018-04-09 05:18:30',NULL,0),(408,'playerVirtual14','playerVirtual14_4246147567',0,'2018-04-09 05:18:31',NULL,0),(409,'playerVirtual13','playerVirtual13_8ed908caf6',4,'2018-04-09 05:18:41',NULL,0),(410,'playerVirtual6','playerVirtual6_4b669e0733',3,'2018-04-09 05:18:48',NULL,0),(411,'playerVirtual14','playerVirtual14_824dae0202',3,'2018-04-09 05:19:31',NULL,0),(412,'playerVirtual3','playerVirtual3_6315250734',0,'2018-04-09 05:19:55',NULL,0),(413,'playerVirtual3','playerVirtual3_6315250734',0,'2018-04-09 05:19:55',NULL,0),(414,'playerVirtual17','playerVirtual17_6274355716',0,'2018-04-09 05:20:05',NULL,0),(415,'playerVirtual17','playerVirtual17_6274355716',0,'2018-04-09 05:20:05',NULL,0),(416,'playerVirtual16','playerVirtual16_6316827871',0,'2018-04-09 05:20:10',NULL,0),(417,'playerVirtual16','playerVirtual16_6316827871',0,'2018-04-09 05:20:10',NULL,0),(418,'playerVirtual1','playerVirtual1_0284b56cd9',3,'2018-04-09 05:20:15',NULL,0),(419,'playerVirtual3','playerVirtual3_a4908206b8',3,'2018-04-09 05:20:55',NULL,0),(420,'playerVirtual17','playerVirtual17_b567c5d3ab',3,'2018-04-09 05:21:05',NULL,0),(421,'playerVirtual16','playerVirtual16_cf2433092e',4,'2018-04-09 05:21:10',NULL,0),(422,'playerVirtual2','playerVirtual2_4246147567',0,'2018-04-09 05:21:43',NULL,0),(423,'playerVirtual2','playerVirtual2_4246147567',0,'2018-04-09 05:21:43',NULL,0),(424,'playerVirtual21','playerVirtual21_6bfd5e2d9e',4,'2018-04-09 05:22:12',NULL,0),(425,'playerVirtual2','playerVirtual2_3335374ee1',3,'2018-04-09 05:22:43',NULL,0),(426,'playerVirtual11','playerVirtual11_6289704471',0,'2018-04-09 05:23:22',NULL,0),(427,'playerVirtual11','playerVirtual11_6289704471',0,'2018-04-09 05:23:22',NULL,0),(428,'playerVirtual11','playerVirtual11_6c6d2930bc',3,'2018-04-09 05:24:22',NULL,0),(429,'playerVirtual0','playerVirtual0_4246147567',0,'2018-04-09 05:24:24',NULL,0),(430,'playerVirtual0','playerVirtual0_4246147567',0,'2018-04-09 05:24:24',NULL,0),(431,'playerVirtual0','playerVirtual0_1b0299b049',3,'2018-04-09 05:25:24',NULL,0),(432,'playerVirtual14','playerVirtual14_4246147567',1,'2018-04-09 05:26:32',NULL,0),(433,'playerVirtual14','playerVirtual14_fda0f97114',4,'2018-04-09 05:26:32',NULL,0),(434,'playerVirtual14','playerVirtual14_4246147567',1,'2018-04-09 05:26:32',NULL,0),(435,'playerVirtual17','playerVirtual17_6322213339',0,'2018-04-09 05:26:51',NULL,0),(436,'playerVirtual17','playerVirtual17_6322213339',0,'2018-04-09 05:26:51',NULL,0),(437,'playerVirtual15','playerVirtual15_2378747961',0,'2018-04-09 05:27:00',NULL,0),(438,'playerVirtual15','playerVirtual15_2378747961',0,'2018-04-09 05:27:00',NULL,0),(439,'playerVirtual22','playerVirtual22_9e54ff797b',4,'2018-04-09 05:27:13',NULL,0),(440,'playerVirtual18','playerVirtual18_4246147567',0,'2018-04-09 05:27:26',NULL,0),(441,'playerVirtual18','playerVirtual18_4246147567',0,'2018-04-09 05:27:26',NULL,0),(442,'playerVirtual6','playerVirtual6_4246147567',0,'2018-04-09 05:27:44',NULL,0),(443,'playerVirtual6','playerVirtual6_4246147567',0,'2018-04-09 05:27:44',NULL,0),(444,'playerVirtual17','playerVirtual17_daf0d0eed2',4,'2018-04-09 05:27:52',NULL,0),(445,'playerVirtual15','playerVirtual15_06402d2851',3,'2018-04-09 05:28:00',NULL,0),(446,'playerVirtual18','playerVirtual18_526939c180',3,'2018-04-09 05:28:26',NULL,0),(447,'playerVirtual7','playerVirtual7_4246147567',0,'2018-04-09 05:28:42',NULL,0),(448,'playerVirtual7','playerVirtual7_4246147567',0,'2018-04-09 05:28:42',NULL,0),(449,'playerVirtual6','playerVirtual6_03d581648f',4,'2018-04-09 05:28:44',NULL,0),(450,'playerVirtual12','playerVirtual12_4246147567',0,'2018-04-09 05:28:57',NULL,0),(451,'playerVirtual12','playerVirtual12_4246147567',0,'2018-04-09 05:28:58',NULL,0),(452,'playerVirtual13','playerVirtual13_4246147567',1,'2018-04-09 05:29:09',NULL,0),(453,'playerVirtual13','playerVirtual13_577279144d',3,'2018-04-09 05:29:10',NULL,0),(454,'playerVirtual13','playerVirtual13_4246147567',1,'2018-04-09 05:29:10',NULL,0),(455,'playerVirtual9','playerVirtual9_4246147567',0,'2018-04-09 05:29:26',NULL,0),(456,'playerVirtual9','playerVirtual9_4246147567',0,'2018-04-09 05:29:26',NULL,0),(457,'playerVirtual18','playerVirtual18_4246147567',1,'2018-04-09 05:29:27',NULL,0),(458,'playerVirtual18','playerVirtual18_4f8e449abb',4,'2018-04-09 05:29:28',NULL,0),(459,'playerVirtual18','playerVirtual18_4246147567',1,'2018-04-09 05:29:28',NULL,0),(460,'playerVirtual7','playerVirtual7_ac04351a47',4,'2018-04-09 05:29:42',NULL,0),(461,'playerVirtual12','playerVirtual12_eb6effda75',4,'2018-04-09 05:29:57',NULL,0),(462,'playerVirtual9','playerVirtual9_435eb55660',3,'2018-04-09 05:30:26',NULL,0),(463,'playerVirtual2','playerVirtual2_4246147567',1,'2018-04-09 05:30:36',NULL,0),(464,'playerVirtual2','playerVirtual2_5b69bde7a5',4,'2018-04-09 05:30:37',NULL,0),(465,'playerVirtual2','playerVirtual2_4246147567',1,'2018-04-09 05:30:37',NULL,0),(466,'playerVirtual8','playerVirtual8_6289704471',1,'2018-04-09 05:30:48',NULL,0),(467,'playerVirtual8','playerVirtual8_625b943d75',4,'2018-04-09 05:30:49',NULL,0),(468,'playerVirtual8','playerVirtual8_6289704471',1,'2018-04-09 05:30:49',NULL,0),(469,'playerVirtual4','playerVirtual4_5068098508',0,'2018-04-09 05:30:58',NULL,0),(470,'playerVirtual4','playerVirtual4_5068098508',0,'2018-04-09 05:31:03',NULL,0),(471,'playerVirtual5','playerVirtual5_4246147567',0,'2018-04-09 05:31:47',NULL,0),(472,'playerVirtual5','playerVirtual5_4246147567',0,'2018-04-09 05:31:48',NULL,0),(473,'playerVirtual11','playerVirtual11_4246147567',0,'2018-04-09 05:31:51',NULL,0),(474,'playerVirtual11','playerVirtual11_4246147567',0,'2018-04-09 05:31:52',NULL,0),(475,'playerVirtual4','playerVirtual4_9ec77bb58a',4,'2018-04-09 05:31:57',NULL,0),(476,'playerVirtual23','playerVirtual23_2b0724f09e',4,'2018-04-09 05:32:14',NULL,0),(477,'playerVirtual5','playerVirtual5_893f5d0f98',4,'2018-04-09 05:32:47',NULL,0),(478,'playerVirtual11','playerVirtual11_a06a42604b',4,'2018-04-09 05:32:51',NULL,0),(479,'playerVirtual19','playerVirtual19_4246147567',0,'2018-04-09 05:32:52',NULL,0),(480,'playerVirtual19','playerVirtual19_4246147567',0,'2018-04-09 05:32:53',NULL,0),(481,'playerVirtual10','playerVirtual10_990694203',0,'2018-04-09 05:33:17',NULL,0),(482,'playerVirtual10','playerVirtual10_990694203',0,'2018-04-09 05:33:18',NULL,0),(483,'playerVirtual3','playerVirtual3_1095593',0,'2018-04-09 05:33:37',NULL,0),(484,'playerVirtual3','playerVirtual3_1095593',0,'2018-04-09 05:33:38',NULL,0),(485,'playerVirtual19','playerVirtual19_abdf30511d',3,'2018-04-09 05:33:52',NULL,0),(486,'playerVirtual10','playerVirtual10_c69a07fbce',3,'2018-04-09 05:34:18',NULL,0),(487,'playerVirtual3','playerVirtual3_a6fe0e4be6',4,'2018-04-09 05:34:37',NULL,0),(488,'playerVirtual19','playerVirtual19_4246147567',1,'2018-04-09 05:34:54',NULL,0),(489,'playerVirtual19','playerVirtual19_b5fcb2e7f5',4,'2018-04-09 05:34:54',NULL,0),(490,'playerVirtual19','playerVirtual19_4246147567',1,'2018-04-09 05:34:54',NULL,0),(491,'playerVirtual9','playerVirtual9_b6deec0b16',4,'2018-04-09 05:35:49',NULL,0),(492,'playerVirtual1','playerVirtual1_359920779',1,'2018-04-09 05:36:29',NULL,0),(493,'playerVirtual1','playerVirtual1_56bdb999e2',4,'2018-04-09 05:36:29',NULL,0),(494,'playerVirtual1','playerVirtual1_359920779',1,'2018-04-09 05:36:30',NULL,0),(495,'playerVirtual24','playerVirtual24_fb2775372c',4,'2018-04-09 05:37:13',NULL,0),(496,'playerVirtual0','playerVirtual0_4246147567',1,'2018-04-09 05:37:44',NULL,0),(497,'playerVirtual0','playerVirtual0_6df7e8853d',4,'2018-04-09 05:37:45',NULL,0),(498,'playerVirtual0','playerVirtual0_4246147567',1,'2018-04-09 05:37:45',NULL,0),(499,'playerVirtual16','playerVirtual16_4246147567',0,'2018-04-09 05:38:07',NULL,0),(500,'playerVirtual16','playerVirtual16_4246147567',0,'2018-04-09 05:38:08',NULL,0),(501,'playerVirtual20','playerVirtual20_4246147567',0,'2018-04-09 05:38:52',NULL,0),(502,'playerVirtual20','playerVirtual20_4246147567',0,'2018-04-09 05:38:52',NULL,0),(503,'playerVirtual15','playerVirtual15_4246147567',0,'2018-04-09 05:38:53',NULL,0),(504,'playerVirtual15','playerVirtual15_4246147567',0,'2018-04-09 05:38:53',NULL,0),(505,'playerVirtual16','playerVirtual16_d1cf73fcd7',3,'2018-04-09 05:39:08',NULL,0),(506,'playerVirtual4','playerVirtual4_1ecc47a1c7',3,'2018-04-09 05:39:51',NULL,0),(507,'playerVirtual20','playerVirtual20_3cbcc36302',3,'2018-04-09 05:39:52',NULL,0),(508,'playerVirtual15','playerVirtual15_853564dacb',4,'2018-04-09 05:39:53',NULL,0),(509,'playerVirtual10','playerVirtual10_990694203',1,'2018-04-09 05:39:57',NULL,0),(510,'playerVirtual10','playerVirtual10_2f3c84fa80',4,'2018-04-09 05:39:57',NULL,0),(511,'playerVirtual10','playerVirtual10_990694203',1,'2018-04-09 05:39:57',NULL,0),(512,'playerVirtual7','playerVirtual7_4246147567',1,'2018-04-09 05:40:14',NULL,0),(513,'playerVirtual7','playerVirtual7_36d9fe21c7',3,'2018-04-09 05:40:14',NULL,0),(514,'playerVirtual7','playerVirtual7_4246147567',1,'2018-04-09 05:40:15',NULL,0),(515,'playerVirtual20','playerVirtual20_4246147567',1,'2018-04-09 05:40:53',NULL,0),(516,'playerVirtual20','playerVirtual20_dd24861727',4,'2018-04-09 05:40:53',NULL,0),(517,'playerVirtual20','playerVirtual20_4246147567',1,'2018-04-09 05:40:53',NULL,0),(518,'playerVirtual5','playerVirtual5_4246147567',1,'2018-04-09 05:41:32',NULL,0),(519,'playerVirtual5','playerVirtual5_f0727b47e0',3,'2018-04-09 05:41:33',NULL,0),(520,'playerVirtual5','playerVirtual5_4246147567',1,'2018-04-09 05:41:36',NULL,0),(521,'playerVirtual12','playerVirtual12_4246147567',1,'2018-04-09 05:41:58',NULL,0),(522,'playerVirtual12','playerVirtual12_a3a4a73cad',3,'2018-04-09 05:41:59',NULL,0),(523,'playerVirtual12','playerVirtual12_4246147567',1,'2018-04-09 05:41:59',NULL,0),(524,'playerVirtual25','playerVirtual25_8886cd9568',4,'2018-04-09 05:42:12',NULL,0),(525,'playerVirtual6','playerVirtual6_1e9de1beb4',3,'2018-04-09 05:43:07',NULL,0),(526,'playerVirtual14','playerVirtual14_4246147567',0,'2018-04-09 05:43:31',NULL,0),(527,'playerVirtual14','playerVirtual14_79c01be2de',3,'2018-04-09 05:43:32',NULL,0),(528,'playerVirtual14','playerVirtual14_4246147567',0,'2018-04-09 05:43:32',NULL,0),(529,'playerVirtual13','playerVirtual13_4246147567',0,'2018-04-09 05:43:33',NULL,0),(530,'playerVirtual13','playerVirtual13_35a63eea18',4,'2018-04-09 05:43:34',NULL,0),(531,'playerVirtual13','playerVirtual13_4246147567',0,'2018-04-09 05:43:34',NULL,0),(532,'playerVirtual8','playerVirtual8_6335261139',0,'2018-04-09 05:43:55',NULL,0),(533,'playerVirtual8','playerVirtual8_6335261139',0,'2018-04-09 05:43:56',NULL,0),(534,'playerVirtual21','playerVirtual21_359920779',0,'2018-04-09 05:44:54',NULL,0),(535,'playerVirtual21','playerVirtual21_359920779',0,'2018-04-09 05:44:55',NULL,0),(536,'playerVirtual8','playerVirtual8_bfff226baa',3,'2018-04-09 05:44:56',NULL,0),(537,'playerVirtual16','playerVirtual16_e3186b7e68',4,'2018-04-09 05:45:47',NULL,0),(538,'playerVirtual21','playerVirtual21_45d78c8e51',3,'2018-04-09 05:45:54',NULL,0),(539,'playerVirtual17','playerVirtual17_4246147567',0,'2018-04-09 05:46:33',NULL,0),(540,'playerVirtual17','playerVirtual17_4246147567',0,'2018-04-09 05:46:34',NULL,0),(541,'playerVirtual1','playerVirtual1_4246147567',0,'2018-04-09 05:46:55',NULL,0),(542,'playerVirtual1','playerVirtual1_4246147567',0,'2018-04-09 05:46:55',NULL,0),(543,'playerVirtual26','playerVirtual26_742f5f5b76',4,'2018-04-09 05:47:14',NULL,0),(544,'playerVirtual17','playerVirtual17_28bb79c521',3,'2018-04-09 05:47:34',NULL,0),(545,'playerVirtual3','playerVirtual3_4246147567',0,'2018-04-09 05:47:55',NULL,0),(546,'playerVirtual1','playerVirtual1_0c16575b0c',3,'2018-04-09 05:47:57',NULL,0),(547,'playerVirtual3','playerVirtual3_4246147567',0,'2018-04-09 05:47:57',NULL,0),(548,'playerVirtual2','playerVirtual2_4246147567',0,'2018-04-09 05:48:14',NULL,0),(549,'playerVirtual2','playerVirtual2_5ac8e5536c',3,'2018-04-09 05:48:14',NULL,0),(550,'playerVirtual2','playerVirtual2_4246147567',0,'2018-04-09 05:48:14',NULL,0),(551,'playerVirtual3','playerVirtual3_2b39dd7173',3,'2018-04-09 05:48:55',NULL,0),(552,'playerVirtual11','playerVirtual11_4246147567',1,'2018-04-09 05:49:10',NULL,0),(553,'playerVirtual11','playerVirtual11_f09c2559de',3,'2018-04-09 05:49:10',NULL,0),(554,'playerVirtual11','playerVirtual11_4246147567',1,'2018-04-09 05:49:10',NULL,0),(555,'playerVirtual22','playerVirtual22_4246147567',0,'2018-04-09 05:50:28',NULL,0),(556,'playerVirtual22','playerVirtual22_4246147567',0,'2018-04-09 05:50:28',NULL,0),(557,'playerVirtual14','playerVirtual14_4246147567',1,'2018-04-09 05:50:33',NULL,0),(558,'playerVirtual14','playerVirtual14_b68ab3ef70',4,'2018-04-09 05:50:33',NULL,0),(559,'playerVirtual14','playerVirtual14_4246147567',1,'2018-04-09 05:50:33',NULL,0),(560,'playerVirtual22','playerVirtual22_fc3cc438ec',3,'2018-04-09 05:51:28',NULL,0),(561,'playerVirtual27','playerVirtual27_e35b34dcd6',4,'2018-04-09 05:52:12',NULL,0),(562,'playerVirtual21','playerVirtual21_4246147567',0,'2018-04-09 05:52:18',NULL,0),(563,'playerVirtual21','playerVirtual21_4246147567',0,'2018-04-09 05:52:19',NULL,0),(564,'playerVirtual22','playerVirtual22_49e95f1f47',4,'2018-04-09 05:52:29',NULL,0),(565,'playerVirtual0','playerVirtual0_4246147567',0,'2018-04-09 05:52:30',NULL,0),(566,'playerVirtual0','playerVirtual0_aa6b8b5911',3,'2018-04-09 05:52:30',NULL,0),(567,'playerVirtual0','playerVirtual0_4246147567',0,'2018-04-09 05:52:31',NULL,0),(568,'playerVirtual17','playerVirtual17_4246147567',1,'2018-04-09 05:53:17',NULL,0),(569,'playerVirtual17','playerVirtual17_96427534d9',4,'2018-04-09 05:53:17',NULL,0),(570,'playerVirtual17','playerVirtual17_4246147567',1,'2018-04-09 05:53:17',NULL,0),(571,'playerVirtual21','playerVirtual21_24900f92f1',4,'2018-04-09 05:53:19',NULL,0),(572,'playerVirtual18','playerVirtual18_4246147567',0,'2018-04-09 05:53:32',NULL,0),(573,'playerVirtual18','playerVirtual18_765f8f5312',3,'2018-04-09 05:53:32',NULL,0),(574,'playerVirtual18','playerVirtual18_4246147567',0,'2018-04-09 05:53:32',NULL,0),(575,'playerVirtual15','playerVirtual15_4246147567',1,'2018-04-09 05:53:40',NULL,0),(576,'playerVirtual15','playerVirtual15_cb040942eb',3,'2018-04-09 05:53:40',NULL,0),(577,'playerVirtual15','playerVirtual15_4246147567',1,'2018-04-09 05:53:40',NULL,0),(578,'playerVirtual13','playerVirtual13_4246147567',1,'2018-04-09 05:54:02',NULL,0),(579,'playerVirtual13','playerVirtual13_6570b7897a',3,'2018-04-09 05:54:02',NULL,0),(580,'playerVirtual13','playerVirtual13_4246147567',1,'2018-04-09 05:54:02',NULL,0),(581,'playerVirtual18','playerVirtual18_4246147567',1,'2018-04-09 05:54:34',NULL,0),(582,'playerVirtual18','playerVirtual18_a93e1f81c7',4,'2018-04-09 05:54:34',NULL,0),(583,'playerVirtual18','playerVirtual18_4246147567',1,'2018-04-09 05:54:34',NULL,0),(584,'playerVirtual2','playerVirtual2_4246147567',1,'2018-04-09 05:56:07',NULL,0),(585,'playerVirtual2','playerVirtual2_c21429a8d2',4,'2018-04-09 05:56:08',NULL,0),(586,'playerVirtual2','playerVirtual2_4246147567',1,'2018-04-09 05:56:08',NULL,0),(587,'playerVirtual9','playerVirtual9_4246147567',0,'2018-04-09 05:56:51',NULL,0),(588,'playerVirtual9','playerVirtual9_33041c9288',3,'2018-04-09 05:56:52',NULL,0),(589,'playerVirtual9','playerVirtual9_4246147567',0,'2018-04-09 05:56:52',NULL,0),(590,'playerVirtual23','playerVirtual23_4246147567',0,'2018-04-09 05:56:58',NULL,0),(591,'playerVirtual23','playerVirtual23_4246147567',0,'2018-04-09 05:56:58',NULL,0),(592,'playerVirtual6','playerVirtual6_4246147567',0,'2018-04-09 05:57:10',NULL,0),(593,'playerVirtual6','playerVirtual6_127276da98',4,'2018-04-09 05:57:11',NULL,0),(594,'playerVirtual6','playerVirtual6_4246147567',0,'2018-04-09 05:57:11',NULL,0),(595,'playerVirtual28','playerVirtual28_5d15f63fb7',4,'2018-04-09 05:57:17',NULL,0),(596,'playerVirtual7','playerVirtual7_4246147567',0,'2018-04-09 05:57:29',NULL,0),(597,'playerVirtual7','playerVirtual7_5bd5e20220',4,'2018-04-09 05:57:29',NULL,0),(598,'playerVirtual7','playerVirtual7_4246147567',0,'2018-04-09 05:57:30',NULL,0),(599,'playerVirtual23','playerVirtual23_b4580af8a4',3,'2018-04-09 05:57:58',NULL,0),(600,'playerVirtual12','playerVirtual12_4246147567',0,'2018-04-09 05:58:07',NULL,0),(601,'playerVirtual12','playerVirtual12_fca49bdcff',4,'2018-04-09 05:58:08',NULL,0),(602,'playerVirtual12','playerVirtual12_4246147567',0,'2018-04-09 05:58:08',NULL,0),(603,'playerVirtual23','playerVirtual23_4246147567',1,'2018-04-09 05:59:00',NULL,0),(604,'playerVirtual23','playerVirtual23_8112435aa7',4,'2018-04-09 05:59:00',NULL,0),(605,'playerVirtual23','playerVirtual23_4246147567',1,'2018-04-09 05:59:00',NULL,0),(606,'playerVirtual4','playerVirtual4_4246147567',0,'2018-04-09 05:59:17',NULL,0),(607,'playerVirtual4','playerVirtual4_4246147567',0,'2018-04-09 05:59:17',NULL,0),(608,'playerVirtual19','playerVirtual19_4246147567',0,'2018-04-09 06:00:04',NULL,0),(609,'playerVirtual19','playerVirtual19_b91c4eb23c',3,'2018-04-09 06:00:05',NULL,0),(610,'playerVirtual19','playerVirtual19_4246147567',0,'2018-04-09 06:00:05',NULL,0),(611,'playerVirtual4','playerVirtual4_da395864be',4,'2018-04-09 06:00:17',NULL,0),(612,'playerVirtual8','playerVirtual8_4246147567',0,'2018-04-09 06:00:42',NULL,0),(613,'playerVirtual8','playerVirtual8_4246147567',0,'2018-04-09 06:00:42',NULL,0),(614,'playerVirtual5','playerVirtual5_4246147567',0,'2018-04-09 06:00:49',NULL,0),(615,'playerVirtual5','playerVirtual5_63b305d3a1',4,'2018-04-09 06:00:49',NULL,0),(616,'playerVirtual5','playerVirtual5_4246147567',0,'2018-04-09 06:00:49',NULL,0),(617,'playerVirtual19','playerVirtual19_4246147567',1,'2018-04-09 06:01:06',NULL,0),(618,'playerVirtual19','playerVirtual19_68b0cbd81d',4,'2018-04-09 06:01:06',NULL,0),(619,'playerVirtual19','playerVirtual19_4246147567',1,'2018-04-09 06:01:06',NULL,0),(620,'playerVirtual3','playerVirtual3_998bd77ba0',4,'2018-04-09 06:01:38',NULL,0),(621,'playerVirtual8','playerVirtual8_0e78a4c535',4,'2018-04-09 06:01:42',NULL,0),(622,'playerVirtual10','playerVirtual10_6344084916',0,'2018-04-09 06:01:54',NULL,0),(623,'playerVirtual10','playerVirtual10_6344084916',0,'2018-04-09 06:01:54',NULL,0),(624,'playerVirtual9','playerVirtual9_bfbb9de8b0',4,'2018-04-09 06:02:14',NULL,0),(625,'playerVirtual29','playerVirtual29_5876a00f2f',4,'2018-04-09 06:02:16',NULL,0),(626,'playerVirtual11','playerVirtual11_4246147567',0,'2018-04-09 06:02:26',NULL,0),(627,'playerVirtual11','playerVirtual11_413905138a',4,'2018-04-09 06:02:27',NULL,0),(628,'playerVirtual11','playerVirtual11_4246147567',0,'2018-04-09 06:02:27',NULL,0),(629,'playerVirtual10','playerVirtual10_0bd53344b8',3,'2018-04-09 06:02:54',NULL,0),(630,'playerVirtual24','playerVirtual24_4246147567',0,'2018-04-09 06:03:07',NULL,0),(631,'playerVirtual24','playerVirtual24_4246147567',0,'2018-04-09 06:03:07',NULL,0),(632,'playerVirtual24','playerVirtual24_59dae12621',3,'2018-04-09 06:04:07',NULL,0),(633,'playerVirtual1','playerVirtual1_4246147567',1,'2018-04-09 06:04:08',NULL,0),(634,'playerVirtual1','playerVirtual1_4254845b0e',4,'2018-04-09 06:04:09',NULL,0),(635,'playerVirtual1','playerVirtual1_4246147567',1,'2018-04-09 06:04:09',NULL,0),(636,'playerVirtual15','playerVirtual15_8cdeeb567c',4,'2018-04-09 06:04:36',NULL,0),(637,'playerVirtual0','playerVirtual0_4246147567',1,'2018-04-09 06:04:51',NULL,0),(638,'playerVirtual0','playerVirtual0_f1269b8dca',4,'2018-04-09 06:04:52',NULL,0),(639,'playerVirtual0','playerVirtual0_4246147567',1,'2018-04-09 06:04:52',NULL,0),(640,'playerVirtual24','playerVirtual24_e37b6e84b0',4,'2018-04-09 06:05:08',NULL,0),(641,'playerVirtual30','playerVirtual30_bcad7afede',4,'2018-04-09 06:07:13',NULL,0),(642,'playerVirtual20','playerVirtual20_990694203',0,'2018-04-09 06:07:40',NULL,0),(643,'playerVirtual20','playerVirtual20_990694203',0,'2018-04-09 06:07:40',NULL,0),(644,'playerVirtual7','playerVirtual7_4e0d4a4ca8',3,'2018-04-09 06:08:02',NULL,0),(645,'playerVirtual4','playerVirtual4_4246147567',1,'2018-04-09 06:08:10',NULL,0),(646,'playerVirtual4','playerVirtual4_74a6932e68',3,'2018-04-09 06:08:10',NULL,0),(647,'playerVirtual4','playerVirtual4_4246147567',1,'2018-04-09 06:08:10',NULL,0),(648,'playerVirtual16','playerVirtual16_6566788',0,'2018-04-09 06:08:13',NULL,0),(649,'playerVirtual16','playerVirtual16_6566788',0,'2018-04-09 06:08:13',NULL,0),(650,'playerVirtual20','playerVirtual20_1d1c439391',3,'2018-04-09 06:08:40',NULL,0),(651,'playerVirtual16','playerVirtual16_d78c1c7f53',3,'2018-04-09 06:09:13',NULL,0),(652,'playerVirtual5','playerVirtual5_4246147567',1,'2018-04-09 06:09:32',NULL,0),(653,'playerVirtual5','playerVirtual5_fae86edea0',3,'2018-04-09 06:09:32',NULL,0),(654,'playerVirtual5','playerVirtual5_4246147567',1,'2018-04-09 06:09:32',NULL,0),(655,'playerVirtual25','playerVirtual25_272887063',0,'2018-04-09 06:09:33',NULL,0),(656,'playerVirtual25','playerVirtual25_272887063',0,'2018-04-09 06:09:34',NULL,0),(657,'playerVirtual20','playerVirtual20_990694203',1,'2018-04-09 06:09:41',NULL,0),(658,'playerVirtual20','playerVirtual20_28d63c058c',4,'2018-04-09 06:09:42',NULL,0),(659,'playerVirtual20','playerVirtual20_990694203',1,'2018-04-09 06:09:42',NULL,0),(660,'playerVirtual12','playerVirtual12_4246147567',1,'2018-04-09 06:10:12',NULL,0),(661,'playerVirtual12','playerVirtual12_974c8460ba',3,'2018-04-09 06:10:12',NULL,0),(662,'playerVirtual12','playerVirtual12_4246147567',1,'2018-04-09 06:10:12',NULL,0),(663,'playerVirtual25','playerVirtual25_eb0ef651f9',3,'2018-04-09 06:10:34',NULL,0),(664,'playerVirtual10','playerVirtual10_5297461910',1,'2018-04-09 06:10:34',NULL,0),(665,'playerVirtual10','playerVirtual10_b6e2ac1347',4,'2018-04-09 06:10:35',NULL,0),(666,'playerVirtual10','playerVirtual10_5297461910',1,'2018-04-09 06:10:35',NULL,0),(667,'playerVirtual6','playerVirtual6_0cf29c9bee',3,'2018-04-09 06:11:33',NULL,0),(668,'playerVirtual31','playerVirtual31_1785312bd8',4,'2018-04-09 06:12:14',NULL,0),(669,'playerVirtual14','playerVirtual14_6566788',0,'2018-04-09 06:13:17',NULL,0),(670,'playerVirtual14','playerVirtual14_6566788',0,'2018-04-09 06:13:17',NULL,0),(671,'playerVirtual13','playerVirtual13_4820150269',0,'2018-04-09 06:13:25',NULL,0),(672,'playerVirtual13','playerVirtual13_4820150269',0,'2018-04-09 06:13:26',NULL,0),(673,'playerVirtual14','playerVirtual14_bd1818196e',3,'2018-04-09 06:14:20',NULL,0),(674,'playerVirtual13','playerVirtual13_dad9a50317',4,'2018-04-09 06:14:26',NULL,0),(675,'playerVirtual25','playerVirtual25_4246147567',0,'2018-04-09 06:14:40',NULL,0),(676,'playerVirtual25','playerVirtual25_4246147567',0,'2018-04-09 06:14:40',NULL,0),(677,'playerVirtual8','playerVirtual8_4246147567',1,'2018-04-09 06:14:48',NULL,0),(678,'playerVirtual8','playerVirtual8_b788b2597e',3,'2018-04-09 06:14:49',NULL,0),(679,'playerVirtual8','playerVirtual8_4246147567',1,'2018-04-09 06:14:49',NULL,0),(680,'playerVirtual26','playerVirtual26_82730999',0,'2018-04-09 06:15:31',NULL,0),(681,'playerVirtual26','playerVirtual26_82730999',0,'2018-04-09 06:15:31',NULL,0),(682,'playerVirtual25','playerVirtual25_a80fe3687a',4,'2018-04-09 06:15:40',NULL,0),(683,'playerVirtual21','playerVirtual21_4246147567',1,'2018-04-09 06:16:00',NULL,0),(684,'playerVirtual21','playerVirtual21_368d1073d6',3,'2018-04-09 06:16:00',NULL,0),(685,'playerVirtual21','playerVirtual21_4246147567',1,'2018-04-09 06:16:00',NULL,0),(686,'playerVirtual1','playerVirtual1_272887063',1,'2018-04-09 06:16:15',NULL,0),(687,'playerVirtual1','playerVirtual1_2169e9c326',3,'2018-04-09 06:16:15',NULL,0),(688,'playerVirtual1','playerVirtual1_272887063',1,'2018-04-09 06:16:16',NULL,0),(689,'playerVirtual16','playerVirtual16_bf8d659843',4,'2018-04-09 06:16:27',NULL,0),(690,'playerVirtual26','playerVirtual26_1b3de6fb12',3,'2018-04-09 06:16:31',NULL,0),(691,'playerVirtual32','playerVirtual32_53cd75b004',4,'2018-04-09 06:17:14',NULL,0),(692,'playerVirtual17','playerVirtual17_4820150269',0,'2018-04-09 06:17:27',NULL,0),(693,'playerVirtual17','playerVirtual17_4820150269',0,'2018-04-09 06:17:29',NULL,0),(694,'playerVirtual3','playerVirtual3_82730999',1,'2018-04-09 06:18:07',NULL,0),(695,'playerVirtual3','playerVirtual3_4c36844591',3,'2018-04-09 06:18:07',NULL,0),(696,'playerVirtual3','playerVirtual3_82730999',1,'2018-04-09 06:18:08',NULL,0),(697,'playerVirtual2','playerVirtual2_132419b80d',3,'2018-04-09 06:18:08',NULL,0),(698,'playerVirtual17','playerVirtual17_2d5b5d3d5b',3,'2018-04-09 06:18:27',NULL,0),(699,'playerVirtual11','playerVirtual11_7261df7cc6',3,'2018-04-09 06:18:45',NULL,0),(700,'playerVirtual27','playerVirtual27_4246147567',0,'2018-04-09 06:21:03',NULL,0),(701,'playerVirtual27','playerVirtual27_4246147567',0,'2018-04-09 06:21:03',NULL,0),(702,'playerVirtual22','playerVirtual22_16917741',0,'2018-04-09 06:21:19',NULL,0),(703,'playerVirtual22','playerVirtual22_16917741',0,'2018-04-09 06:21:19',NULL,0),(704,'playerVirtual26','playerVirtual26_4246147567',0,'2018-04-09 06:21:34',NULL,0),(705,'playerVirtual26','playerVirtual26_4246147567',0,'2018-04-09 06:21:36',NULL,0),(706,'playerVirtual27','playerVirtual27_6300e0ff87',3,'2018-04-09 06:22:03',NULL,0),(707,'playerVirtual33','playerVirtual33_bfcdafe0f0',4,'2018-04-09 06:22:15',NULL,0),(708,'playerVirtual22','playerVirtual22_357d05031b',3,'2018-04-09 06:22:19',NULL,0),(709,'playerVirtual26','playerVirtual26_9e86131f8f',4,'2018-04-09 06:22:34',NULL,0),(710,'playerVirtual15','playerVirtual15_e2f47612ad',3,'2018-04-09 06:22:46',NULL,0),(711,'playerVirtual27','playerVirtual27_749377a577',4,'2018-04-09 06:23:04',NULL,0),(712,'playerVirtual0','playerVirtual0_5068098508',0,'2018-04-09 06:23:12',NULL,0),(713,'playerVirtual0','playerVirtual0_5068098508',0,'2018-04-09 06:23:12',NULL,0),(714,'playerVirtual18','playerVirtual18_3338579772',0,'2018-04-09 06:23:26',NULL,0),(715,'playerVirtual18','playerVirtual18_3338579772',0,'2018-04-09 06:23:27',NULL,0),(716,'playerVirtual14','playerVirtual14_4246147567',0,'2018-04-09 06:23:47',NULL,0),(717,'playerVirtual14','playerVirtual14_ee96b8c1d8',4,'2018-04-09 06:23:47',NULL,0),(718,'playerVirtual14','playerVirtual14_4246147567',0,'2018-04-09 06:23:50',NULL,0),(719,'playerVirtual17','playerVirtual17_4820150269',1,'2018-04-09 06:24:09',NULL,0),(720,'playerVirtual17','playerVirtual17_0c3866d9ba',4,'2018-04-09 06:24:10',NULL,0),(721,'playerVirtual17','playerVirtual17_4820150269',1,'2018-04-09 06:24:10',NULL,0),(722,'playerVirtual0','playerVirtual0_00241c56ce',3,'2018-04-09 06:24:12',NULL,0),(723,'playerVirtual18','playerVirtual18_7c54808567',3,'2018-04-09 06:24:27',NULL,0),(724,'playerVirtual21','playerVirtual21_4246147567',0,'2018-04-09 06:25:57',NULL,0),(725,'playerVirtual21','playerVirtual21_0992bf3aa2',4,'2018-04-09 06:25:57',NULL,0),(726,'playerVirtual21','playerVirtual21_4246147567',0,'2018-04-09 06:25:57',NULL,0),(727,'playerVirtual28','playerVirtual28_5297461910',0,'2018-04-09 06:26:14',NULL,0),(728,'playerVirtual28','playerVirtual28_5297461910',0,'2018-04-09 06:26:15',NULL,0),(729,'playerVirtual13','playerVirtual13_1438244924',1,'2018-04-09 06:26:25',NULL,0),(730,'playerVirtual13','playerVirtual13_40baeab759',3,'2018-04-09 06:26:25',NULL,0),(731,'playerVirtual13','playerVirtual13_1438244924',1,'2018-04-09 06:26:25',NULL,0),(732,'playerVirtual22','playerVirtual22_16917741',1,'2018-04-09 06:26:45',NULL,0),(733,'playerVirtual22','playerVirtual22_cba02d078b',4,'2018-04-09 06:26:46',NULL,0),(734,'playerVirtual22','playerVirtual22_16917741',1,'2018-04-09 06:26:46',NULL,0),(735,'playerVirtual28','playerVirtual28_93aacd38d7',3,'2018-04-09 06:27:14',NULL,0),(736,'playerVirtual34','playerVirtual34_79812b5652',4,'2018-04-09 06:27:15',NULL,0),(737,'playerVirtual9','playerVirtual9_5a2af6b20b',3,'2018-04-09 06:27:21',NULL,0),(738,'playerVirtual23','playerVirtual23_4246147567',0,'2018-04-09 06:28:01',NULL,0),(739,'playerVirtual23','playerVirtual23_530c2d12d4',3,'2018-04-09 06:28:02',NULL,0),(740,'playerVirtual23','playerVirtual23_4246147567',0,'2018-04-09 06:28:02',NULL,0),(741,'playerVirtual7','playerVirtual7_4246147567',0,'2018-04-09 06:28:27',NULL,0),(742,'playerVirtual7','playerVirtual7_47e7b16b63',4,'2018-04-09 06:28:29',NULL,0),(743,'playerVirtual7','playerVirtual7_4246147567',0,'2018-04-09 06:28:30',NULL,0),(744,'playerVirtual6','playerVirtual6_4246147567',0,'2018-04-09 06:28:51',NULL,0),(745,'playerVirtual6','playerVirtual6_b795cbe4b2',4,'2018-04-09 06:28:52',NULL,0),(746,'playerVirtual6','playerVirtual6_4246147567',0,'2018-04-09 06:28:52',NULL,0),(747,'playerVirtual23','playerVirtual23_00d83bc640',4,'2018-04-09 06:29:05',NULL,0),(748,'playerVirtual12','playerVirtual12_1438244924',0,'2018-04-09 06:29:31',NULL,0),(749,'playerVirtual12','playerVirtual12_1438244924',0,'2018-04-09 06:29:31',NULL,0),(750,'playerVirtual5','playerVirtual5_16917741',1,'2018-04-09 06:29:57',NULL,0),(751,'playerVirtual5','playerVirtual5_37d263ab44',4,'2018-04-09 06:29:57',NULL,0),(752,'playerVirtual5','playerVirtual5_16917741',1,'2018-04-09 06:29:57',NULL,0),(753,'playerVirtual2','playerVirtual2_4246147567',0,'2018-04-09 06:30:20',NULL,0),(754,'playerVirtual2','playerVirtual2_91302b2d1f',4,'2018-04-09 06:30:21',NULL,0),(755,'playerVirtual2','playerVirtual2_4246147567',0,'2018-04-09 06:30:21',NULL,0),(756,'playerVirtual19','playerVirtual19_4246147567',0,'2018-04-09 06:30:21',NULL,0),(757,'playerVirtual19','playerVirtual19_027edefd09',3,'2018-04-09 06:30:21',NULL,0),(758,'playerVirtual19','playerVirtual19_4246147567',0,'2018-04-09 06:30:21',NULL,0),(759,'playerVirtual12','playerVirtual12_1b231c1dc8',4,'2018-04-09 06:30:31',NULL,0),(760,'playerVirtual18','playerVirtual18_4246147567',0,'2018-04-09 06:30:53',NULL,0),(761,'playerVirtual18','playerVirtual18_5f40f985b2',4,'2018-04-09 06:30:54',NULL,0),(762,'playerVirtual18','playerVirtual18_4246147567',0,'2018-04-09 06:30:54',NULL,0),(763,'playerVirtual4','playerVirtual4_6280643141',0,'2018-04-09 06:31:17',NULL,0),(764,'playerVirtual4','playerVirtual4_6280643141',0,'2018-04-09 06:31:17',NULL,0),(765,'playerVirtual19','playerVirtual19_4246147567',1,'2018-04-09 06:31:22',NULL,0),(766,'playerVirtual19','playerVirtual19_6ad9b0a1e9',4,'2018-04-09 06:31:23',NULL,0),(767,'playerVirtual19','playerVirtual19_4246147567',1,'2018-04-09 06:31:23',NULL,0),(768,'playerVirtual29','playerVirtual29_1436344784',0,'2018-04-09 06:31:54',NULL,0),(769,'playerVirtual29','playerVirtual29_1436344784',0,'2018-04-09 06:31:55',NULL,0),(770,'playerVirtual35','playerVirtual35_fda1ba6292',4,'2018-04-09 06:32:17',NULL,0),(771,'playerVirtual4','playerVirtual4_a5bf4a2e41',4,'2018-04-09 06:32:17',NULL,0),(772,'playerVirtual9','playerVirtual9_57706be4a0',4,'2018-04-09 06:32:43',NULL,0),(773,'playerVirtual29','playerVirtual29_90d5357566',3,'2018-04-09 06:32:54',NULL,0),(774,'playerVirtual10','playerVirtual10_6280643141',1,'2018-04-09 06:33:06',NULL,0),(775,'playerVirtual10','playerVirtual10_05528035fd',3,'2018-04-09 06:33:06',NULL,0),(776,'playerVirtual10','playerVirtual10_6280643141',1,'2018-04-09 06:33:06',NULL,0),(777,'playerVirtual8','playerVirtual8_4246147567',0,'2018-04-09 06:34:06',NULL,0),(778,'playerVirtual8','playerVirtual8_33590a99e9',4,'2018-04-09 06:34:06',NULL,0),(779,'playerVirtual8','playerVirtual8_4246147567',0,'2018-04-09 06:34:06',NULL,0),(780,'playerVirtual28','playerVirtual28_4820318661',0,'2018-04-09 06:34:21',NULL,0),(781,'playerVirtual28','playerVirtual28_4820318661',0,'2018-04-09 06:34:24',NULL,0),(782,'playerVirtual24','playerVirtual24_4246147567',0,'2018-04-09 06:34:52',NULL,0),(783,'playerVirtual24','playerVirtual24_0b95fadfaf',3,'2018-04-09 06:34:52',NULL,0),(784,'playerVirtual24','playerVirtual24_4246147567',0,'2018-04-09 06:34:52',NULL,0),(785,'playerVirtual28','playerVirtual28_3c3e94bd46',4,'2018-04-09 06:35:21',NULL,0),(786,'playerVirtual3','playerVirtual3_4246147567',0,'2018-04-09 06:35:34',NULL,0),(787,'playerVirtual3','playerVirtual3_e69d847553',4,'2018-04-09 06:35:34',NULL,0),(788,'playerVirtual3','playerVirtual3_4246147567',0,'2018-04-09 06:35:34',NULL,0),(789,'playerVirtual24','playerVirtual24_454cbec6f8',4,'2018-04-09 06:35:54',NULL,0),(790,'playerVirtual11','playerVirtual11_990694203',0,'2018-04-09 06:36:49',NULL,0),(791,'playerVirtual11','playerVirtual11_196ded8a20',4,'2018-04-09 06:36:49',NULL,0),(792,'playerVirtual11','playerVirtual11_990694203',0,'2018-04-09 06:36:49',NULL,0),(793,'playerVirtual1','playerVirtual1_4246147567',0,'2018-04-09 06:37:00',NULL,0),(794,'playerVirtual1','playerVirtual1_4724690cf7',4,'2018-04-09 06:37:00',NULL,0),(795,'playerVirtual1','playerVirtual1_4246147567',0,'2018-04-09 06:37:01',NULL,0),(796,'playerVirtual30','playerVirtual30_990694203',0,'2018-04-09 06:37:10',NULL,0),(797,'playerVirtual30','playerVirtual30_990694203',0,'2018-04-09 06:37:11',NULL,0),(798,'playerVirtual36','playerVirtual36_cd3348d440',4,'2018-04-09 06:37:13',NULL,0),(799,'playerVirtual30','playerVirtual30_09f4e07a47',3,'2018-04-09 06:38:10',NULL,0),(800,'playerVirtual7','playerVirtual7_c7dd5105fe',3,'2018-04-09 06:39:01',NULL,0),(801,'playerVirtual30','playerVirtual30_990694203',1,'2018-04-09 06:39:12',NULL,0),(802,'playerVirtual30','playerVirtual30_5480faa5de',4,'2018-04-09 06:39:12',NULL,0),(803,'playerVirtual30','playerVirtual30_990694203',1,'2018-04-09 06:39:12',NULL,0),(804,'playerVirtual15','playerVirtual15_4246147567',0,'2018-04-09 06:39:16',NULL,0),(805,'playerVirtual15','playerVirtual15_d50c18f8ec',4,'2018-04-09 06:39:17',NULL,0),(806,'playerVirtual15','playerVirtual15_4246147567',0,'2018-04-09 06:39:17',NULL,0),(807,'playerVirtual20','playerVirtual20_4246147567',0,'2018-04-09 06:39:52',NULL,0),(808,'playerVirtual20','playerVirtual20_6385db62c9',3,'2018-04-09 06:39:52',NULL,0),(809,'playerVirtual20','playerVirtual20_4246147567',0,'2018-04-09 06:39:52',NULL,0),(810,'playerVirtual29','playerVirtual29_16917741',0,'2018-04-09 06:40:39',NULL,0),(811,'playerVirtual29','playerVirtual29_16917741',0,'2018-04-09 06:40:44',NULL,0),(812,'playerVirtual20','playerVirtual20_0f21532240',4,'2018-04-09 06:40:54',NULL,0),(813,'playerVirtual0','playerVirtual0_2378747961',0,'2018-04-09 06:40:59',NULL,0),(814,'playerVirtual0','playerVirtual0_bca5d3d305',4,'2018-04-09 06:41:00',NULL,0),(815,'playerVirtual0','playerVirtual0_2378747961',0,'2018-04-09 06:41:00',NULL,0),(816,'playerVirtual29','playerVirtual29_857619f1e2',4,'2018-04-09 06:41:36',NULL,0),(817,'playerVirtual37','playerVirtual37_d49834984d',4,'2018-04-09 06:42:17',NULL,0),(818,'playerVirtual16','playerVirtual16_4246147567',0,'2018-04-09 06:42:19',NULL,0),(819,'playerVirtual16','playerVirtual16_7ebc8030f9',3,'2018-04-09 06:42:19',NULL,0),(820,'playerVirtual16','playerVirtual16_4246147567',0,'2018-04-09 06:42:19',NULL,0),(821,'playerVirtual10','playerVirtual10_1e27035f1d',4,'2018-04-09 06:42:23',NULL,0),(822,'playerVirtual25','playerVirtual25_87e1b60485',3,'2018-04-09 06:43:01',NULL,0),(823,'playerVirtual31','playerVirtual31_5792765',0,'2018-04-09 06:43:03',NULL,0),(824,'playerVirtual31','playerVirtual31_5792765',0,'2018-04-09 06:43:03',NULL,0),(825,'playerVirtual6','playerVirtual6_4246147567',1,'2018-04-09 06:43:14',NULL,0),(826,'playerVirtual6','playerVirtual6_db7f33d9db',3,'2018-04-09 06:43:14',NULL,0),(827,'playerVirtual6','playerVirtual6_4246147567',1,'2018-04-09 06:43:14',NULL,0),(828,'playerVirtual31','playerVirtual31_66cbb531fc',3,'2018-04-09 06:44:03',NULL,0),(829,'playerVirtual5','playerVirtual5_4246147567',0,'2018-04-09 06:45:49',NULL,0),(830,'playerVirtual5','playerVirtual5_2a13d6293a',3,'2018-04-09 06:45:49',NULL,0),(831,'playerVirtual5','playerVirtual5_4246147567',0,'2018-04-09 06:45:49',NULL,0);
/*!40000 ALTER TABLE `REQUEST` ENABLE KEYS */;
UNLOCK TABLES;

--
-- Table structure for table `STATUS`
--

DROP TABLE IF EXISTS `STATUS`;
/*!40101 SET @saved_cs_client     = @@character_set_client */;
/*!40101 SET character_set_client = utf8 */;
CREATE TABLE `STATUS` (
  `id` int(11) NOT NULL AUTO_INCREMENT,
  `players` int(11) DEFAULT '0',
  `all_requests` int(11) DEFAULT '0',
  `accepts` int(11) DEFAULT '0',
  `rejects` int(11) DEFAULT '0',
  `fairness` double DEFAULT '0',
  `timestamp` timestamp NULL DEFAULT NULL,
  PRIMARY KEY (`id`)
) ENGINE=InnoDB AUTO_INCREMENT=31 DEFAULT CHARSET=utf8;
/*!40101 SET character_set_client = @saved_cs_client */;

--
-- Dumping data for table `STATUS`
--

LOCK TABLES `STATUS` WRITE;
/*!40000 ALTER TABLE `STATUS` DISABLE KEYS */;
INSERT INTO `STATUS` VALUES (1,0,0,0,0,0,'2018-04-09 04:20:55'),(2,10,19,19,0,1,'2018-04-09 04:25:55'),(3,11,31,31,0,1,'2018-04-09 04:30:56'),(4,12,43,43,0,1,'2018-04-09 04:35:56'),(5,13,60,59,0,0.9833,'2018-04-09 04:40:56'),(6,14,66,65,0,0.9848,'2018-04-09 04:45:56'),(7,15,74,73,0,0.9865,'2018-04-09 04:50:56'),(8,16,86,83,0,0.9651,'2018-04-09 04:55:56'),(9,17,89,86,0,0.9663,'2018-04-09 05:00:56'),(10,18,93,90,0,0.9677,'2018-04-09 05:05:56'),(11,19,98,95,0,0.9694,'2018-04-09 05:10:56'),(12,20,101,98,0,0.9703,'2018-04-09 05:15:57'),(13,21,108,105,0,0.9722,'2018-04-09 05:20:57'),(14,22,111,108,0,0.973,'2018-04-09 05:25:57'),(15,23,118,115,0,0.9746,'2018-04-09 05:30:57'),(16,24,124,121,0,0.9758,'2018-04-09 05:35:57'),(17,25,127,124,0,0.9764,'2018-04-09 05:40:57'),(18,26,131,128,0,0.9771,'2018-04-09 05:45:57'),(19,27,136,133,0,0.9779,'2018-04-09 05:50:58'),(20,28,139,136,0,0.9784,'2018-04-09 05:55:58'),(21,29,148,145,0,0.9797,'2018-04-09 06:00:58'),(22,30,151,148,0,0.9801,'2018-04-09 06:05:58'),(23,31,154,151,0,0.9805,'2018-04-09 06:10:58'),(24,32,158,155,0,0.981,'2018-04-09 06:15:58'),(25,33,159,156,0,0.9811,'2018-04-09 06:20:58'),(26,34,166,163,0,0.9819,'2018-04-09 06:25:58'),(27,35,174,171,0,0.9828,'2018-04-09 06:30:59'),(28,36,180,177,0,0.9833,'2018-04-09 06:35:59'),(29,37,186,183,0,0.9839,'2018-04-09 06:40:59'),(30,38,190,187,0,0.9842,'2018-04-09 06:45:59');
/*!40000 ALTER TABLE `STATUS` ENABLE KEYS */;
UNLOCK TABLES;

--
-- Table structure for table `THRESHOLD`
--

DROP TABLE IF EXISTS `THRESHOLD`;
/*!40101 SET @saved_cs_client     = @@character_set_client */;
/*!40101 SET character_set_client = utf8 */;
CREATE TABLE `THRESHOLD` (
  `division` int(11) NOT NULL,
  `botton` double DEFAULT '0',
  `top` double DEFAULT '0',
  PRIMARY KEY (`division`)
) ENGINE=InnoDB DEFAULT CHARSET=utf8;
/*!40101 SET character_set_client = @saved_cs_client */;

--
-- Dumping data for table `THRESHOLD`
--

LOCK TABLES `THRESHOLD` WRITE;
/*!40000 ALTER TABLE `THRESHOLD` DISABLE KEYS */;
INSERT INTO `THRESHOLD` VALUES (1,8.76,20),(2,4.38,8.76),(3,0,4.38);
/*!40000 ALTER TABLE `THRESHOLD` ENABLE KEYS */;
UNLOCK TABLES;

--
-- Table structure for table `VM`
--

DROP TABLE IF EXISTS `VM`;
/*!40101 SET @saved_cs_client     = @@character_set_client */;
/*!40101 SET character_set_client = utf8 */;
CREATE TABLE `VM` (
  `id` int(11) NOT NULL AUTO_INCREMENT,
  `origin_add` varchar(45) NOT NULL,
  `origin_id` varchar(45) NOT NULL,
  `origin_name` varchar(45) NOT NULL,
  `destiny_add` varchar(45) NOT NULL,
  `destiny_name` varchar(45) NOT NULL,
  `destiny_id` varchar(45) NOT NULL,
  `status` tinyint(1) NOT NULL,
  `has_resources` tinyint(1) NOT NULL,
  `vcpus` int(11) NOT NULL,
  `mem` bigint(20) NOT NULL,
  `disk` bigint(20) NOT NULL,
  `timestamp_received` timestamp NULL DEFAULT NULL,
  `timestamp_finished` timestamp NULL DEFAULT NULL,
  PRIMARY KEY (`id`)
) ENGINE=InnoDB AUTO_INCREMENT=191 DEFAULT CHARSET=utf8;
/*!40101 SET character_set_client = @saved_cs_client */;

--
-- Dumping data for table `VM`
--

LOCK TABLES `VM` WRITE;
/*!40000 ALTER TABLE `VM` DISABLE KEYS */;
INSERT INTO `VM` VALUES (1,'192.168.0.200','playerVirtual1_450512000','playerVirtual1','192.168.0.200','playerVirtual4','playerVirtual4_a2fe724130',1,1,1,2048,20,'2018-04-09 04:23:07',NULL),(2,'192.168.0.200','playerVirtual4_1438244924','playerVirtual4','192.168.0.200','playerVirtual1','playerVirtual1_d2ac7f8aa9',3,1,1,2048,20,'2018-04-09 04:23:09','2018-04-09 04:57:11'),(3,'192.168.0.200','playerVirtual8_640692267','playerVirtual8','192.168.0.200','playerVirtual2','playerVirtual2_f61fdf840a',1,1,1,512,1,'2018-04-09 04:23:12',NULL),(4,'192.168.0.200','playerVirtual2_2381571381','playerVirtual2','192.168.0.200','playerVirtual8','playerVirtual8_4b9334c1db',3,1,1,2048,20,'2018-04-09 04:23:13','2018-04-09 05:00:29'),(5,'192.168.0.200','playerVirtual3_5297461910','playerVirtual3','192.168.0.200','playerVirtual6','playerVirtual6_f8292a2ab6',3,1,1,512,1,'2018-04-09 04:23:15','2018-04-09 05:09:12'),(6,'192.168.0.200','playerVirtual6_2790332778','playerVirtual6','192.168.0.200','playerVirtual3','playerVirtual3_1da5fe1480',1,1,2,4096,40,'2018-04-09 04:23:18',NULL),(7,'192.168.0.200','playerVirtual5_369721705','playerVirtual5','192.168.0.200','playerVirtual9','playerVirtual9_1f34174c50',1,1,2,4096,40,'2018-04-09 04:23:19',NULL),(8,'192.168.0.200','playerVirtual9_317469422','playerVirtual9','192.168.0.200','playerVirtual5','playerVirtual5_84a5ced729',1,1,2,4096,40,'2018-04-09 04:23:19',NULL),(9,'192.168.0.200','playerVirtual7_6955737','playerVirtual7','192.168.0.200','playerVirtual0','playerVirtual0_c538a82e1e',3,1,1,2048,20,'2018-04-09 04:23:19','2018-04-09 04:54:10'),(10,'192.168.0.200','playerVirtual0_257338104','playerVirtual0','192.168.0.200','playerVirtual7','playerVirtual7_d671e32735',1,1,2,4096,40,'2018-04-09 04:23:20',NULL),(11,'192.168.0.200','playerVirtual4_2433236783','playerVirtual4','192.168.0.200','playerVirtual1','playerVirtual1_f90a5b3ac4',1,1,1,2048,20,'2018-04-09 04:25:19',NULL),(12,'192.168.0.200','playerVirtual1_3584940347','playerVirtual1','192.168.0.200','playerVirtual4','playerVirtual4_4ba99796df',1,1,1,512,1,'2018-04-09 04:25:20',NULL),(13,'192.168.0.200','playerVirtual8_3338579772','playerVirtual8','192.168.0.200','playerVirtual2','playerVirtual2_6d98ce2c79',3,1,1,2048,20,'2018-04-09 04:25:21','2018-04-09 04:59:06'),(14,'192.168.0.200','playerVirtual2_257407216','playerVirtual2','192.168.0.200','playerVirtual6','playerVirtual6_2ca9b3bacb',1,1,2,4096,40,'2018-04-09 04:25:21',NULL),(15,'192.168.0.200','playerVirtual3_182859403','playerVirtual3','192.168.0.200','playerVirtual5','playerVirtual5_99e42ee1ac',3,1,1,512,1,'2018-04-09 04:25:28','2018-04-09 04:45:46'),(16,'192.168.0.200','playerVirtual6_2359368952','playerVirtual6','192.168.0.200','playerVirtual3','playerVirtual3_d856af23a4',3,1,1,512,1,'2018-04-09 04:25:31','2018-04-09 04:40:17'),(17,'192.168.0.200','playerVirtual5_16917741','playerVirtual5','192.168.0.200','playerVirtual9','playerVirtual9_f9faee92e2',3,1,1,512,1,'2018-04-09 04:25:34','2018-04-09 06:29:57'),(18,'192.168.0.200','playerVirtual9_2545640208','playerVirtual9','192.168.0.200','playerVirtual0','playerVirtual0_15b2b50e45',1,1,1,2048,20,'2018-04-09 04:25:44',NULL),(19,'192.168.0.200','playerVirtual7_908315','playerVirtual7','192.168.0.200','playerVirtual1','playerVirtual1_3e24db1e7b',3,1,1,2048,20,'2018-04-09 04:25:45','2018-04-09 05:16:49'),(20,'192.168.0.200','playerVirtual0_539194189','playerVirtual0','192.168.0.200','playerVirtual7','playerVirtual7_19f1a90405',3,1,1,2048,20,'2018-04-09 04:25:56','2018-04-09 05:14:44'),(21,'192.168.0.200','playerVirtual4_4820204870','playerVirtual4','192.168.0.200','playerVirtual10','playerVirtual10_63a192aa3a',2,1,2,4096,40,'2018-04-09 04:28:36','2018-04-09 04:28:58'),(22,'192.168.0.200','playerVirtual1_8058564','playerVirtual1','192.168.0.200','playerVirtual4','playerVirtual4_2af270b24d',1,1,1,2048,20,'2018-04-09 04:29:24',NULL),(23,'192.168.0.200','playerVirtual8_1429160667','playerVirtual8','192.168.0.200','playerVirtual2','playerVirtual2_7252477f1b',1,1,1,2048,20,'2018-04-09 04:29:30',NULL),(24,'192.168.0.200','playerVirtual2_3338010893','playerVirtual2','192.168.0.200','playerVirtual5','playerVirtual5_865cd3a23c',1,1,1,512,1,'2018-04-09 04:29:32',NULL),(25,'192.168.0.200','playerVirtual3_82730999','playerVirtual3','192.168.0.200','playerVirtual9','playerVirtual9_e1c5e590cb',3,1,1,512,1,'2018-04-09 04:29:37','2018-04-09 06:18:08'),(26,'192.168.0.200','playerVirtual6_351652724','playerVirtual6','192.168.0.200','playerVirtual3','playerVirtual3_558830563d',1,1,1,2048,20,'2018-04-09 04:29:43',NULL),(27,'192.168.0.200','playerVirtual5_6571218','playerVirtual5','192.168.0.200','playerVirtual0','playerVirtual0_4c569ad761',1,1,1,2048,20,'2018-04-09 04:29:44',NULL),(28,'192.168.0.200','playerVirtual9_778566023','playerVirtual9','192.168.0.200','playerVirtual7','playerVirtual7_f9569a74d9',1,1,1,512,1,'2018-04-09 04:29:46',NULL),(29,'192.168.0.200','playerVirtual7_1436344784','playerVirtual7','192.168.0.200','playerVirtual10','playerVirtual10_9b05177b83',3,1,1,2048,20,'2018-04-09 04:29:50','2018-04-09 05:00:33'),(30,'192.168.0.200','playerVirtual0_1339662','playerVirtual0','192.168.0.200','playerVirtual4','playerVirtual4_770a2358ba',1,1,1,2048,20,'2018-04-09 04:29:52',NULL),(31,'192.168.0.200','playerVirtual10_317497342','playerVirtual10','192.168.0.200','playerVirtual2','playerVirtual2_59bdbab6ee',1,1,1,512,1,'2018-04-09 04:30:47',NULL),(32,'192.168.0.200','playerVirtual4_284794223','playerVirtual4','192.168.0.200','playerVirtual1','playerVirtual1_e099e96af3',1,1,1,2048,20,'2018-04-09 04:31:52',NULL),(33,'192.168.0.200','playerVirtual1_359920779','playerVirtual1','192.168.0.200','playerVirtual5','playerVirtual5_0d86446948',3,1,1,512,1,'2018-04-09 04:31:52','2018-04-09 05:36:30'),(34,'192.168.0.200','playerVirtual8_904011','playerVirtual8','192.168.0.200','playerVirtual10','playerVirtual10_cd3cc22c16',3,1,1,2048,20,'2018-04-09 04:31:54','2018-04-09 05:18:12'),(35,'192.168.0.200','playerVirtual2_2904109077','playerVirtual2','192.168.0.200','playerVirtual9','playerVirtual9_5768921fc6',1,1,1,512,1,'2018-04-09 04:31:55',NULL),(36,'192.168.0.200','playerVirtual3_257338074','playerVirtual3','192.168.0.200','playerVirtual0','playerVirtual0_49ce663d7d',1,1,2,4096,40,'2018-04-09 04:32:06',NULL),(37,'192.168.0.200','playerVirtual6_905614','playerVirtual6','192.168.0.200','playerVirtual10','playerVirtual10_2707b0a3a7',1,1,1,2048,20,'2018-04-09 04:32:06',NULL),(38,'192.168.0.200','playerVirtual5_1093460','playerVirtual5','192.168.0.200','playerVirtual3','playerVirtual3_fe56a0c2a4',1,1,1,512,1,'2018-04-09 04:32:09',NULL),(39,'192.168.0.200','playerVirtual9_6569547','playerVirtual9','192.168.0.200','playerVirtual11','playerVirtual11_7165476b1e',2,1,1,2048,20,'2018-04-09 04:32:20','2018-04-09 04:33:08'),(40,'192.168.0.200','playerVirtual7_470485660','playerVirtual7','192.168.0.200','playerVirtual4','playerVirtual4_9d8ede46c2',1,1,2,4096,40,'2018-04-09 04:32:22',NULL),(41,'192.168.0.200','playerVirtual0_30788568','playerVirtual0','192.168.0.200','playerVirtual7','playerVirtual7_c50e110a5f',1,1,1,512,1,'2018-04-09 04:32:33',NULL),(42,'192.168.0.200','playerVirtual10_5792765','playerVirtual10','192.168.0.200','playerVirtual11','playerVirtual11_fce566dc3c',2,1,1,512,1,'2018-04-09 04:32:55','2018-04-09 04:33:09'),(43,'192.168.0.200','playerVirtual4_400453824','playerVirtual4','192.168.0.200','playerVirtual1','playerVirtual1_1284893fd6',1,1,1,512,1,'2018-04-09 04:35:24',NULL),(44,'192.168.0.200','playerVirtual11_38671842','playerVirtual11','192.168.0.200','playerVirtual8','playerVirtual11_38671842',0,0,1,512,1,'2018-04-09 04:36:03','2018-04-09 04:36:03'),(45,'192.168.0.200','playerVirtual1_4820318661','playerVirtual1','192.168.0.200','playerVirtual5','playerVirtual5_964b02b9dc',1,1,2,4096,40,'2018-04-09 04:36:20',NULL),(46,'192.168.0.200','playerVirtual8_4819935267','playerVirtual8','192.168.0.200','playerVirtual11','playerVirtual11_6d974686af',2,1,2,4096,40,'2018-04-09 04:36:27','2018-04-09 04:37:18'),(47,'192.168.0.200','playerVirtual2_4820217293','playerVirtual2','192.168.0.200','playerVirtual9','playerVirtual9_8ab8bbd162',1,1,2,4096,40,'2018-04-09 04:36:32',NULL),(48,'192.168.0.200','playerVirtual3_6264344062','playerVirtual3','192.168.0.200','playerVirtual10','playerVirtual10_e43de6dbf5',2,1,1,512,1,'2018-04-09 04:36:37','2018-04-09 04:37:18'),(49,'192.168.0.200','playerVirtual6_2378747961','playerVirtual6','192.168.0.200','playerVirtual11','playerVirtual11_ad98ddb051',3,1,1,512,1,'2018-04-09 04:36:53','2018-04-09 05:03:25'),(50,'192.168.0.200','playerVirtual5_5068098508','playerVirtual5','192.168.0.200','playerVirtual3','playerVirtual3_62442a0948',3,1,1,2048,20,'2018-04-09 04:36:58','2018-04-09 05:17:39'),(51,'192.168.0.200','playerVirtual9_227443932','playerVirtual9','192.168.0.200','playerVirtual12','playerVirtual12_b36fac7c4e',2,1,1,2048,20,'2018-04-09 04:38:14','2018-04-09 04:39:24'),(52,'192.168.0.200','playerVirtual7_1095593','playerVirtual7','192.168.0.200','playerVirtual4','playerVirtual4_c5d72182b5',3,1,1,512,1,'2018-04-09 04:38:21','2018-04-09 05:06:17'),(53,'192.168.0.200','playerVirtual0_2148750930','playerVirtual0','192.168.0.200','playerVirtual7','playerVirtual7_c51eb966a5',1,1,1,2048,20,'2018-04-09 04:38:25',NULL),(54,'192.168.0.200','playerVirtual10_563574327','playerVirtual10','192.168.0.200','playerVirtual1','playerVirtual1_aa6bec62a5',1,1,1,2048,20,'2018-04-09 04:39:25',NULL),(55,'192.168.0.200','playerVirtual11_16915963','playerVirtual11','192.168.0.200','playerVirtual12','playerVirtual12_ea3222fa8e',1,1,1,2048,20,'2018-04-09 04:39:58',NULL),(56,'192.168.0.200','playerVirtual4_765651','playerVirtual4','192.168.0.200','playerVirtual5','playerVirtual5_0cc1c8a642',1,1,1,2048,20,'2018-04-09 04:40:31',NULL),(57,'192.168.0.200','playerVirtual1_284757920','playerVirtual1','192.168.0.200','playerVirtual10','playerVirtual10_b43fc1b02c',1,1,1,2048,20,'2018-04-09 04:40:39',NULL),(58,'192.168.0.200','playerVirtual8_272887063','playerVirtual8','192.168.0.200','playerVirtual11','playerVirtual11_2a4036358f',2,1,1,2048,20,'2018-04-09 04:40:41','2018-04-09 04:41:30'),(59,'192.168.0.200','playerVirtual2_6274355716','playerVirtual2','192.168.0.200','playerVirtual3','playerVirtual3_d0937fabfc',3,1,1,512,1,'2018-04-09 04:40:46','2018-04-09 05:08:16'),(60,'192.168.0.200','playerVirtual3_38676294','playerVirtual3','192.168.0.200','playerVirtual7','playerVirtual7_15fd1d8456',1,1,1,512,1,'2018-04-09 04:40:54',NULL),(61,'192.168.0.200','playerVirtual5_182859403','playerVirtual5','192.168.0.200','playerVirtual1','playerVirtual1_75475c1c3e',3,1,1,512,1,'2018-04-09 04:42:03','2018-04-09 05:08:58'),(62,'192.168.0.200','playerVirtual9_4820204870','playerVirtual9','192.168.0.200','playerVirtual13','playerVirtual13_be40ac88e5',2,1,2,4096,40,'2018-04-09 04:42:34','2018-04-09 04:43:36'),(63,'192.168.0.200','playerVirtual7_990694203','playerVirtual7','192.168.0.200','playerVirtual12','playerVirtual12_441dc0f923',2,1,1,2048,20,'2018-04-09 04:42:48','2018-04-09 04:43:36'),(64,'192.168.0.200','playerVirtual12_5623125514','playerVirtual12','192.168.0.200','playerVirtual13','playerVirtual13_3fccd49589',1,1,1,2048,20,'2018-04-09 04:43:03',NULL),(65,'192.168.0.200','playerVirtual0_990694203','playerVirtual0','192.168.0.200','playerVirtual11','playerVirtual11_32d26049db',2,1,1,2048,20,'2018-04-09 04:43:12','2018-04-09 04:43:37'),(66,'192.168.0.200','playerVirtual10_6280643141','playerVirtual10','192.168.0.200','playerVirtual3','playerVirtual3_d2207b6e62',3,1,1,512,1,'2018-04-09 04:43:40','2018-04-09 06:33:06'),(67,'192.168.0.200','playerVirtual6_6280638724','playerVirtual6','192.168.0.200','playerVirtual13','playerVirtual13_cd666f7690',2,1,1,512,1,'2018-04-09 04:46:37','2018-04-09 04:46:46'),(68,'192.168.0.200','playerVirtual11_4476462938','playerVirtual11','192.168.0.200','playerVirtual5','playerVirtual5_b2db483b88',1,1,1,2048,20,'2018-04-09 04:46:58',NULL),(69,'192.168.0.200','playerVirtual1_272887063','playerVirtual1','192.168.0.200','playerVirtual14','playerVirtual14_ea4ae94bd8',3,1,1,2048,20,'2018-04-09 04:47:21','2018-04-09 06:16:16'),(70,'192.168.0.200','playerVirtual2_6282149131','playerVirtual2','192.168.0.200','playerVirtual12','playerVirtual12_77e1ace494',2,1,1,512,1,'2018-04-09 04:47:35','2018-04-09 04:47:49'),(71,'192.168.0.200','playerVirtual12_682797','playerVirtual12','192.168.0.200','playerVirtual13','playerVirtual13_22ef2c0f8c',2,1,1,2048,20,'2018-04-09 04:47:45','2018-04-09 04:48:52'),(72,'192.168.0.200','playerVirtual9_1436323714','playerVirtual9','192.168.0.200','playerVirtual14','playerVirtual14_2c81aef799',2,1,1,2048,20,'2018-04-09 04:49:29','2018-04-09 04:49:57'),(73,'192.168.0.200','playerVirtual13_2359368952','playerVirtual13','192.168.0.200','playerVirtual14','playerVirtual14_00c49cd35c',2,1,1,512,1,'2018-04-09 04:50:20','2018-04-09 04:50:58'),(74,'192.168.0.200','playerVirtual10_214880781','playerVirtual10','192.168.0.200','playerVirtual1','playerVirtual1_27a84f56e5',1,1,1,2048,20,'2018-04-09 04:50:49',NULL),(75,'192.168.0.200','playerVirtual4_1094955','playerVirtual4','192.168.0.200','playerVirtual10','playerVirtual10_788a4fd6bc',1,1,1,512,1,'2018-04-09 04:50:59',NULL),(76,'192.168.0.200','playerVirtual3_16914091','playerVirtual3','192.168.0.200','playerVirtual11','playerVirtual11_6c7c4deda3',1,1,1,2048,20,'2018-04-09 04:51:24',NULL),(77,'192.168.0.200','playerVirtual8_6285257156','playerVirtual8','192.168.0.200','playerVirtual6','playerVirtual8_6285257156',0,0,1,512,1,'2018-04-09 04:51:34','2018-04-09 04:51:34'),(78,'192.168.0.200','playerVirtual6_6955737','playerVirtual6','192.168.0.200','playerVirtual8','playerVirtual6_6955737',0,0,1,2048,20,'2018-04-09 04:51:36','2018-04-09 04:51:36'),(79,'192.168.0.200','playerVirtual11_6955737','playerVirtual11','192.168.0.200','playerVirtual15','playerVirtual15_dd729b00d4',1,1,1,2048,20,'2018-04-09 04:52:29',NULL),(80,'192.168.0.200','playerVirtual5_182859403','playerVirtual5','192.168.0.200','playerVirtual12','playerVirtual12_e9f0f4214c',3,1,1,512,1,'2018-04-09 04:52:46','2018-04-09 05:08:58'),(81,'192.168.0.200','playerVirtual1_1438244924','playerVirtual1','192.168.0.200','playerVirtual13','playerVirtual13_2eccfc027e',3,1,1,2048,20,'2018-04-09 04:53:17','2018-04-09 05:00:50'),(82,'192.168.0.200','playerVirtual2_3338579772','playerVirtual2','192.168.0.200','playerVirtual14','playerVirtual14_7c02be1ca6',2,1,1,2048,20,'2018-04-09 04:53:25','2018-04-09 04:54:10'),(83,'192.168.0.200','playerVirtual13_1438244924','playerVirtual13','192.168.0.200','playerVirtual0','playerVirtual0_7fa3f6a911',3,1,1,2048,20,'2018-04-09 04:54:46','2018-04-09 06:26:25'),(84,'192.168.0.200','playerVirtual0_2378747961','playerVirtual0','192.168.0.200','playerVirtual15','playerVirtual15_0df4e758da',3,1,1,512,1,'2018-04-09 04:55:02','2018-04-09 05:02:23'),(85,'192.168.0.200','playerVirtual12_2381571381','playerVirtual12','192.168.0.200','playerVirtual13','playerVirtual13_270eb8023c',2,1,1,2048,20,'2018-04-09 04:55:51','2018-04-09 04:56:17'),(86,'192.168.0.200','playerVirtual9_6289355687','playerVirtual9','192.168.0.200','playerVirtual12','playerVirtual12_28f7ac8ed1',2,1,1,512,1,'2018-04-09 04:55:52','2018-04-09 04:56:18'),(87,'192.168.0.200','playerVirtual14_6641406','playerVirtual14','192.168.0.200','playerVirtual15','playerVirtual15_7d489b443b',2,1,1,2048,20,'2018-04-09 04:56:00','2018-04-09 04:56:18'),(88,'192.168.0.200','playerVirtual10_6289704471','playerVirtual10','192.168.0.200','playerVirtual1','playerVirtual1_52b6bbe918',3,1,1,512,1,'2018-04-09 04:57:12','2018-04-09 05:16:33'),(89,'192.168.0.200','playerVirtual5_794070039','playerVirtual5','192.168.0.200','playerVirtual16','playerVirtual16_8c61ad620d',2,1,1,512,1,'2018-04-09 04:59:03','2018-04-09 04:59:27'),(90,'192.168.0.200','playerVirtual11_990694203','playerVirtual11','192.168.0.200','playerVirtual2','playerVirtual2_89f765a00d',3,1,1,2048,20,'2018-04-09 05:01:36','2018-04-09 05:07:03'),(91,'192.168.0.200','playerVirtual15_1436344784','playerVirtual15','192.168.0.200','playerVirtual17','playerVirtual17_7f80bb5db8',2,1,1,2048,20,'2018-04-09 05:03:04','2018-04-09 05:03:42'),(92,'192.168.0.200','playerVirtual12_6296865278','playerVirtual12','192.168.0.200','playerVirtual10','playerVirtual10_8d90f60f51',2,1,1,512,1,'2018-04-09 05:03:47','2018-04-09 05:04:43'),(93,'192.168.0.200','playerVirtual14_6264344062','playerVirtual14','192.168.0.200','playerVirtual8','playerVirtual8_caef9c008c',1,1,1,2048,20,'2018-04-09 05:04:02',NULL),(94,'192.168.0.200','playerVirtual13_6296268057','playerVirtual13','192.168.0.200','playerVirtual11','playerVirtual11_f3dd1e16bd',2,1,1,512,1,'2018-04-09 05:06:15','2018-04-09 05:06:51'),(95,'192.168.0.200','playerVirtual9_182859403','playerVirtual9','192.168.0.200','playerVirtual14','playerVirtual14_7feeb17ade',2,1,1,512,1,'2018-04-09 05:06:40','2018-04-09 05:13:10'),(96,'192.168.0.200','playerVirtual4_990694203','playerVirtual4','192.168.0.200','playerVirtual18','playerVirtual18_36cca927f7',3,1,1,2048,20,'2018-04-09 05:07:58','2018-04-09 05:14:14'),(97,'192.168.0.200','playerVirtual10_5297461910','playerVirtual10','192.168.0.200','playerVirtual4','playerVirtual4_fe0e7383b0',3,1,1,512,1,'2018-04-09 05:10:00','2018-04-09 06:10:35'),(98,'192.168.0.200','playerVirtual8_6289704471','playerVirtual8','192.168.0.200','playerVirtual6','playerVirtual6_e5bfab0cd0',3,1,1,2048,20,'2018-04-09 05:10:39','2018-04-09 05:30:49'),(99,'192.168.0.200','playerVirtual15_908315','playerVirtual15','192.168.0.200','playerVirtual16','playerVirtual16_0a99c5386c',1,1,1,2048,20,'2018-04-09 05:12:12',NULL),(100,'192.168.0.200','playerVirtual1_1095593','playerVirtual1','192.168.0.200','playerVirtual19','playerVirtual19_92428be30b',2,1,1,512,1,'2018-04-09 05:12:29','2018-04-09 05:13:10'),(101,'192.168.0.200','playerVirtual16_6301942525','playerVirtual16','192.168.0.200','playerVirtual17','playerVirtual17_1f11b5680f',2,1,1,512,1,'2018-04-09 05:12:33','2018-04-09 05:13:11'),(102,'192.168.0.200','playerVirtual12_539194189','playerVirtual12','192.168.0.200','playerVirtual7','playerVirtual7_d1cbc4fc8f',1,1,1,2048,20,'2018-04-09 05:16:52',NULL),(103,'192.168.0.200','playerVirtual13_4246147567','playerVirtual13','192.168.0.200','playerVirtual20','playerVirtual20_3d038a3704',3,1,2,4096,40,'2018-04-09 05:17:42','2018-04-09 05:54:02'),(104,'192.168.0.200','playerVirtual6_182859403','playerVirtual6','192.168.0.200','playerVirtual18','playerVirtual18_88eac2645b',2,1,1,512,1,'2018-04-09 05:17:48','2018-04-09 05:18:27'),(105,'192.168.0.200','playerVirtual14_4246147567','playerVirtual14','192.168.0.200','playerVirtual15','playerVirtual15_0a08da98c1',3,1,2,4096,40,'2018-04-09 05:18:31','2018-04-09 05:50:33'),(106,'192.168.0.200','playerVirtual3_6315250734','playerVirtual3','192.168.0.200','playerVirtual13','playerVirtual13_a8fe53aac5',2,1,1,512,1,'2018-04-09 05:19:55','2018-04-09 05:20:32'),(107,'192.168.0.200','playerVirtual17_6274355716','playerVirtual17','192.168.0.200','playerVirtual16','playerVirtual16_c785a92b98',1,1,1,512,1,'2018-04-09 05:20:05',NULL),(108,'192.168.0.200','playerVirtual16_6316827871','playerVirtual16','192.168.0.200','playerVirtual19','playerVirtual19_467979b48b',2,1,1,512,1,'2018-04-09 05:20:10','2018-04-09 05:20:33'),(109,'192.168.0.200','playerVirtual2_4246147567','playerVirtual2','192.168.0.200','playerVirtual14','playerVirtual14_be3243c1d0',3,1,2,4096,40,'2018-04-09 05:21:43','2018-04-09 05:56:08'),(110,'192.168.0.200','playerVirtual11_6289704471','playerVirtual11','192.168.0.200','playerVirtual21','playerVirtual21_58bb113f71',2,1,1,2048,20,'2018-04-09 05:23:22','2018-04-09 05:23:43'),(111,'192.168.0.200','playerVirtual0_4246147567','playerVirtual0','192.168.0.200','playerVirtual2','playerVirtual2_9aa5b9df3f',3,1,2,4096,40,'2018-04-09 05:24:24','2018-04-09 06:04:52'),(112,'192.168.0.200','playerVirtual17_6322213339','playerVirtual17','192.168.0.200','playerVirtual20','playerVirtual20_7de279872c',2,1,1,512,1,'2018-04-09 05:26:52','2018-04-09 05:27:54'),(113,'192.168.0.200','playerVirtual15_2378747961','playerVirtual15','192.168.0.200','playerVirtual17','playerVirtual17_0e2a905048',2,1,1,512,1,'2018-04-09 05:27:00','2018-04-09 05:27:54'),(114,'192.168.0.200','playerVirtual18_4246147567','playerVirtual18','192.168.0.200','playerVirtual22','playerVirtual22_b45a7845be',3,1,2,4096,40,'2018-04-09 05:27:26','2018-04-09 05:54:34'),(115,'192.168.0.200','playerVirtual6_4246147567','playerVirtual6','192.168.0.200','playerVirtual18','playerVirtual18_f23852d789',3,1,2,4096,40,'2018-04-09 05:27:45','2018-04-09 06:43:14'),(116,'192.168.0.200','playerVirtual7_4246147567','playerVirtual7','192.168.0.200','playerVirtual3','playerVirtual3_61e62bd922',3,1,2,4096,40,'2018-04-09 05:28:42','2018-04-09 05:40:15'),(117,'192.168.0.200','playerVirtual12_4246147567','playerVirtual12','192.168.0.200','playerVirtual1','playerVirtual1_ed57299b1d',3,1,2,4096,40,'2018-04-09 05:28:58','2018-04-09 06:10:12'),(118,'192.168.0.200','playerVirtual9_4246147567','playerVirtual9','192.168.0.200','playerVirtual15','playerVirtual15_f0f0aa4c22',2,1,2,4096,40,'2018-04-09 05:29:26','2018-04-09 05:30:02'),(119,'192.168.0.200','playerVirtual4_5068098508','playerVirtual4','192.168.0.200','playerVirtual12','playerVirtual12_8f76c8a087',2,1,1,2048,20,'2018-04-09 05:31:04','2018-04-09 05:32:10'),(120,'192.168.0.200','playerVirtual5_4246147567','playerVirtual5','192.168.0.200','playerVirtual10','playerVirtual10_ad616cf53c',3,1,2,4096,40,'2018-04-09 05:31:48','2018-04-09 06:09:32'),(121,'192.168.0.200','playerVirtual11_4246147567','playerVirtual11','192.168.0.200','playerVirtual6','playerVirtual6_d1ee84f03c',3,1,2,4096,40,'2018-04-09 05:31:52','2018-04-09 05:49:10'),(122,'192.168.0.200','playerVirtual19_4246147567','playerVirtual19','192.168.0.200','playerVirtual23','playerVirtual23_e4e4390fc3',3,1,2,4096,40,'2018-04-09 05:32:53','2018-04-09 06:31:23'),(123,'192.168.0.200','playerVirtual10_990694203','playerVirtual10','192.168.0.200','playerVirtual11','playerVirtual11_69c5200e8d',3,1,1,2048,20,'2018-04-09 05:33:18','2018-04-09 05:39:57'),(124,'192.168.0.200','playerVirtual3_1095593','playerVirtual3','192.168.0.200','playerVirtual13','playerVirtual13_e5358b3ec3',1,1,1,512,1,'2018-04-09 05:33:38',NULL),(125,'192.168.0.200','playerVirtual16_4246147567','playerVirtual16','192.168.0.200','playerVirtual24','playerVirtual24_77294ef1e6',2,1,2,4096,40,'2018-04-09 05:38:08','2018-04-09 05:38:28'),(126,'192.168.0.200','playerVirtual20_4246147567','playerVirtual20','192.168.0.200','playerVirtual19','playerVirtual19_b63552b66b',3,1,2,4096,40,'2018-04-09 05:38:52','2018-04-09 05:40:53'),(127,'192.168.0.200','playerVirtual15_4246147567','playerVirtual15','192.168.0.200','playerVirtual16','playerVirtual16_c6f4ac2649',3,1,2,4096,40,'2018-04-09 05:38:53','2018-04-09 05:53:41'),(128,'192.168.0.200','playerVirtual14_4246147567','playerVirtual14','192.168.0.200','playerVirtual25','playerVirtual25_9e56f4fb13',3,1,2,4096,40,'2018-04-09 05:43:32','2018-04-09 05:50:33'),(129,'192.168.0.200','playerVirtual13_4246147567','playerVirtual13','192.168.0.200','playerVirtual5','playerVirtual5_ffa60694d6',3,1,2,4096,40,'2018-04-09 05:43:34','2018-04-09 05:54:02'),(130,'192.168.0.200','playerVirtual8_6335261139','playerVirtual8','192.168.0.200','playerVirtual21','playerVirtual21_e4ccb1eddd',2,1,1,512,1,'2018-04-09 05:43:56','2018-04-09 05:44:47'),(131,'192.168.0.200','playerVirtual21_359920779','playerVirtual21','192.168.0.200','playerVirtual20','playerVirtual20_6c4aa14eae',2,1,1,512,1,'2018-04-09 05:44:55','2018-04-09 05:45:51'),(132,'192.168.0.200','playerVirtual17_4246147567','playerVirtual17','192.168.0.200','playerVirtual22','playerVirtual22_896c7a1fcf',3,1,2,4096,40,'2018-04-09 05:46:34','2018-04-09 05:53:17'),(133,'192.168.0.200','playerVirtual1_4246147567','playerVirtual1','192.168.0.200','playerVirtual14','playerVirtual14_9bb786b843',3,1,2,4096,40,'2018-04-09 05:46:55','2018-04-09 06:04:09'),(134,'192.168.0.200','playerVirtual3_4246147567','playerVirtual3','192.168.0.200','playerVirtual26','playerVirtual26_c242a7f35a',2,1,2,4096,40,'2018-04-09 05:47:57','2018-04-09 05:49:02'),(135,'192.168.0.200','playerVirtual2_4246147567','playerVirtual2','192.168.0.200','playerVirtual17','playerVirtual17_0354f71a41',3,1,2,4096,40,'2018-04-09 05:48:15','2018-04-09 05:56:08'),(136,'192.168.0.200','playerVirtual22_4246147567','playerVirtual22','192.168.0.200','playerVirtual23','playerVirtual23_c9a54ed825',2,1,2,4096,40,'2018-04-09 05:50:28','2018-04-09 05:51:07'),(137,'192.168.0.200','playerVirtual21_4246147567','playerVirtual21','192.168.0.200','playerVirtual27','playerVirtual27_d684c1ce13',3,1,2,4096,40,'2018-04-09 05:52:19','2018-04-09 06:16:00'),(138,'192.168.0.200','playerVirtual0_4246147567','playerVirtual0','192.168.0.200','playerVirtual18','playerVirtual18_cb3142d7e1',3,1,2,4096,40,'2018-04-09 05:52:31','2018-04-09 06:04:52'),(139,'192.168.0.200','playerVirtual18_4246147567','playerVirtual18','192.168.0.200','playerVirtual15','playerVirtual15_243799525a',3,1,2,4096,40,'2018-04-09 05:53:33','2018-04-09 05:54:34'),(140,'192.168.0.200','playerVirtual9_4246147567','playerVirtual9','192.168.0.200','playerVirtual6','playerVirtual6_3a681ce9b0',1,1,2,4096,40,'2018-04-09 05:56:52',NULL),(141,'192.168.0.200','playerVirtual23_4246147567','playerVirtual23','192.168.0.200','playerVirtual24','playerVirtual24_e939f27a81',3,1,2,4096,40,'2018-04-09 05:56:59','2018-04-09 05:59:00'),(142,'192.168.0.200','playerVirtual6_4246147567','playerVirtual6','192.168.0.200','playerVirtual19','playerVirtual19_89b1820cf5',3,1,2,4096,40,'2018-04-09 05:57:11','2018-04-09 06:43:14'),(143,'192.168.0.200','playerVirtual7_4246147567','playerVirtual7','192.168.0.200','playerVirtual28','playerVirtual28_37748430ea',2,1,2,4096,40,'2018-04-09 05:57:30','2018-04-09 05:58:30'),(144,'192.168.0.200','playerVirtual12_4246147567','playerVirtual12','192.168.0.200','playerVirtual2','playerVirtual2_4ba7aabf25',3,1,2,4096,40,'2018-04-09 05:58:08','2018-04-09 06:10:12'),(145,'192.168.0.200','playerVirtual4_4246147567','playerVirtual4','192.168.0.200','playerVirtual3','playerVirtual3_aa509d93e7',3,1,2,4096,40,'2018-04-09 05:59:17','2018-04-09 06:08:10'),(146,'192.168.0.200','playerVirtual19_4246147567','playerVirtual19','192.168.0.200','playerVirtual16','playerVirtual16_d09bc5e7f1',3,1,2,4096,40,'2018-04-09 06:00:05','2018-04-09 06:31:23'),(147,'192.168.0.200','playerVirtual8_4246147567','playerVirtual8','192.168.0.200','playerVirtual25','playerVirtual25_8cea31397c',3,1,2,4096,40,'2018-04-09 06:00:43','2018-04-09 06:14:49'),(148,'192.168.0.200','playerVirtual5_4246147567','playerVirtual5','192.168.0.200','playerVirtual1','playerVirtual1_3081cf66aa',3,1,2,4096,40,'2018-04-09 06:00:49','2018-04-09 06:09:32'),(149,'192.168.0.200','playerVirtual10_6344084916','playerVirtual10','192.168.0.200','playerVirtual12','playerVirtual12_0473c7d1e3',2,1,1,512,1,'2018-04-09 06:01:54','2018-04-09 06:02:45'),(150,'192.168.0.200','playerVirtual11_4246147567','playerVirtual11','192.168.0.200','playerVirtual29','playerVirtual29_3bca6f82e0',2,1,2,4096,40,'2018-04-09 06:02:27','2018-04-09 06:02:45'),(151,'192.168.0.200','playerVirtual24_4246147567','playerVirtual24','192.168.0.200','playerVirtual21','playerVirtual21_64e1551896',2,1,2,4096,40,'2018-04-09 06:03:07','2018-04-09 06:35:28'),(152,'192.168.0.200','playerVirtual20_990694203','playerVirtual20','192.168.0.200','playerVirtual30','playerVirtual30_b0eaee62d2',3,1,1,2048,20,'2018-04-09 06:07:40','2018-04-09 06:09:42'),(153,'192.168.0.200','playerVirtual16_6566788','playerVirtual16','192.168.0.200','playerVirtual20','playerVirtual20_403364bdce',2,1,1,2048,20,'2018-04-09 06:08:13','2018-04-09 06:09:04'),(154,'192.168.0.200','playerVirtual25_272887063','playerVirtual25','192.168.0.200','playerVirtual22','playerVirtual22_a0a81f6fca',2,1,1,2048,20,'2018-04-09 06:09:34','2018-04-09 06:10:07'),(155,'192.168.0.200','playerVirtual14_6566788','playerVirtual14','192.168.0.200','playerVirtual31','playerVirtual31_8abf184e9a',2,1,1,2048,20,'2018-04-09 06:13:18','2018-04-09 06:14:20'),(156,'192.168.0.200','playerVirtual13_4820150269','playerVirtual13','192.168.0.200','playerVirtual4','playerVirtual4_63cad7ae50',1,1,2,4096,40,'2018-04-09 06:13:26',NULL),(157,'192.168.0.200','playerVirtual25_4246147567','playerVirtual25','192.168.0.200','playerVirtual26','playerVirtual26_ecfc6614c3',2,1,2,4096,40,'2018-04-09 06:14:41','2018-04-09 06:15:23'),(158,'192.168.0.200','playerVirtual26_82730999','playerVirtual26','192.168.0.200','playerVirtual23','playerVirtual23_eaf20efd1d',1,1,1,512,1,'2018-04-09 06:15:31',NULL),(159,'192.168.0.200','playerVirtual17_4820150269','playerVirtual17','192.168.0.200','playerVirtual32','playerVirtual32_b4c884ed68',3,1,2,4096,40,'2018-04-09 06:17:29','2018-04-09 06:24:10'),(160,'192.168.0.200','playerVirtual27_4246147567','playerVirtual27','192.168.0.200','playerVirtual24','playerVirtual24_dc87dad723',2,1,2,4096,40,'2018-04-09 06:21:03','2018-04-09 06:21:42'),(161,'192.168.0.200','playerVirtual22_16917741','playerVirtual22','192.168.0.200','playerVirtual9','playerVirtual9_7e07028567',3,1,1,512,1,'2018-04-09 06:21:20','2018-04-09 06:26:46'),(162,'192.168.0.200','playerVirtual26_4246147567','playerVirtual26','192.168.0.200','playerVirtual27','playerVirtual27_601502674e',2,1,2,4096,40,'2018-04-09 06:21:36','2018-04-09 06:22:46'),(163,'192.168.0.200','playerVirtual0_5068098508','playerVirtual0','192.168.0.200','playerVirtual33','playerVirtual33_c3e04c2dfb',2,1,1,2048,20,'2018-04-09 06:23:12','2018-04-09 06:23:50'),(164,'192.168.0.200','playerVirtual18_3338579772','playerVirtual18','192.168.0.200','playerVirtual17','playerVirtual17_73fd522fc5',1,1,1,2048,20,'2018-04-09 06:23:27',NULL),(165,'192.168.0.200','playerVirtual14_4246147567','playerVirtual14','192.168.0.200','playerVirtual10','playerVirtual10_de7d531618',2,1,2,4096,40,'2018-04-09 06:23:50','2018-04-09 06:24:53'),(166,'192.168.0.200','playerVirtual21_4246147567','playerVirtual21','192.168.0.200','playerVirtual18','playerVirtual18_8de94f4ddd',1,1,2,4096,40,'2018-04-09 06:25:57',NULL),(167,'192.168.0.200','playerVirtual28_5297461910','playerVirtual28','192.168.0.200','playerVirtual25','playerVirtual25_a07071d1a7',2,1,1,512,1,'2018-04-09 06:26:15','2018-04-09 06:27:01'),(168,'192.168.0.200','playerVirtual23_4246147567','playerVirtual23','192.168.0.200','playerVirtual34','playerVirtual34_89c7682d8b',2,1,2,4096,40,'2018-04-09 06:28:02','2018-04-09 06:29:07'),(169,'192.168.0.200','playerVirtual7_4246147567','playerVirtual7','192.168.0.200','playerVirtual0','playerVirtual0_2fb784e25b',1,1,2,4096,40,'2018-04-09 06:28:30',NULL),(170,'192.168.0.200','playerVirtual6_4246147567','playerVirtual6','192.168.0.200','playerVirtual19','playerVirtual19_4595b04de2',3,1,2,4096,40,'2018-04-09 06:28:52','2018-04-09 06:43:14'),(171,'192.168.0.200','playerVirtual12_1438244924','playerVirtual12','192.168.0.200','playerVirtual11','playerVirtual11_d1c393806b',2,1,1,2048,20,'2018-04-09 06:29:31','2018-04-09 06:30:09'),(172,'192.168.0.200','playerVirtual2_4246147567','playerVirtual2','192.168.0.200','playerVirtual13','playerVirtual13_45d8c478b0',1,1,2,4096,40,'2018-04-09 06:30:21',NULL),(173,'192.168.0.200','playerVirtual19_4246147567','playerVirtual19','192.168.0.200','playerVirtual28','playerVirtual28_08e2e2656f',3,1,2,4096,40,'2018-04-09 06:30:22','2018-04-09 06:31:23'),(174,'192.168.0.200','playerVirtual18_4246147567','playerVirtual18','192.168.0.200','playerVirtual16','playerVirtual16_3ec2593d9f',2,1,2,4096,40,'2018-04-09 06:30:54','2018-04-09 06:31:14'),(175,'192.168.0.200','playerVirtual4_6280643141','playerVirtual4','192.168.0.200','playerVirtual5','playerVirtual5_88fa292c67',1,1,1,512,1,'2018-04-09 06:31:17',NULL),(176,'192.168.0.200','playerVirtual29_1436344784','playerVirtual29','192.168.0.200','playerVirtual30','playerVirtual30_6084d408c1',2,1,1,2048,20,'2018-04-09 06:31:55','2018-04-09 06:32:17'),(177,'192.168.0.200','playerVirtual8_4246147567','playerVirtual8','192.168.0.200','playerVirtual35','playerVirtual35_fd501759e8',2,1,2,4096,40,'2018-04-09 06:34:07','2018-04-09 06:34:24'),(178,'192.168.0.200','playerVirtual28_4820318661','playerVirtual28','192.168.0.200','playerVirtual29','playerVirtual29_db392fcb65',2,1,2,4096,40,'2018-04-09 06:34:24','2018-04-09 06:35:28'),(179,'192.168.0.200','playerVirtual24_4246147567','playerVirtual24','192.168.0.200','playerVirtual21','playerVirtual21_ee6b2455b1',2,1,2,4096,40,'2018-04-09 06:34:52','2018-04-09 06:35:28'),(180,'192.168.0.200','playerVirtual3_4246147567','playerVirtual3','192.168.0.200','playerVirtual14','playerVirtual14_bd34b79c9e',2,1,2,4096,40,'2018-04-09 06:35:34','2018-04-09 06:36:29'),(181,'192.168.0.200','playerVirtual11_990694203','playerVirtual11','192.168.0.200','playerVirtual15','playerVirtual15_3390e9db37',1,1,1,2048,20,'2018-04-09 06:36:49',NULL),(182,'192.168.0.200','playerVirtual1_4246147567','playerVirtual1','192.168.0.200','playerVirtual2','playerVirtual2_30438b23a3',1,1,2,4096,40,'2018-04-09 06:37:01',NULL),(183,'192.168.0.200','playerVirtual30_990694203','playerVirtual30','192.168.0.200','playerVirtual31','playerVirtual31_ec35483b32',3,1,1,2048,20,'2018-04-09 06:37:11','2018-04-09 06:39:12'),(184,'192.168.0.200','playerVirtual15_4246147567','playerVirtual15','192.168.0.200','playerVirtual36','playerVirtual36_c8dfe6561a',1,1,2,4096,40,'2018-04-09 06:39:17',NULL),(185,'192.168.0.200','playerVirtual20_4246147567','playerVirtual20','192.168.0.200','playerVirtual22','playerVirtual22_2752645532',2,1,2,4096,40,'2018-04-09 06:39:53','2018-04-09 06:40:44'),(186,'192.168.0.200','playerVirtual29_16917741','playerVirtual29','192.168.0.200','playerVirtual26','playerVirtual26_3730529872',2,1,1,512,1,'2018-04-09 06:40:44','2018-04-09 06:41:47'),(187,'192.168.0.200','playerVirtual0_2378747961','playerVirtual0','192.168.0.200','playerVirtual3','playerVirtual3_07eb4a9856',1,1,1,512,1,'2018-04-09 06:41:00',NULL),(188,'192.168.0.200','playerVirtual16_4246147567','playerVirtual16','192.168.0.200','playerVirtual37','playerVirtual37_87fe22c515',2,1,2,4096,40,'2018-04-09 06:42:20','2018-04-09 06:42:50'),(189,'192.168.0.200','playerVirtual31_5792765','playerVirtual31','192.168.0.200','playerVirtual32','playerVirtual32_c05667e059',2,1,1,512,1,'2018-04-09 06:43:03','2018-04-09 06:43:54'),(190,'192.168.0.200','playerVirtual5_4246147567','playerVirtual5','192.168.0.200','playerVirtual1','playerVirtual1_7da4380566',1,1,2,4096,40,'2018-04-09 06:45:49',NULL);
/*!40000 ALTER TABLE `VM` ENABLE KEYS */;
UNLOCK TABLES;
/*!40103 SET TIME_ZONE=@OLD_TIME_ZONE */;

/*!40101 SET SQL_MODE=@OLD_SQL_MODE */;
/*!40014 SET FOREIGN_KEY_CHECKS=@OLD_FOREIGN_KEY_CHECKS */;
/*!40014 SET UNIQUE_CHECKS=@OLD_UNIQUE_CHECKS */;
/*!40101 SET CHARACTER_SET_CLIENT=@OLD_CHARACTER_SET_CLIENT */;
/*!40101 SET CHARACTER_SET_RESULTS=@OLD_CHARACTER_SET_RESULTS */;
/*!40101 SET COLLATION_CONNECTION=@OLD_COLLATION_CONNECTION */;
/*!40111 SET SQL_NOTES=@OLD_SQL_NOTES */;

-- Dump completed on 2018-04-09  3:46:08
