-- MySQL dump 10.14  Distrib 5.5.58-MariaDB, for debian-linux-gnu (x86_64)
--
-- Host: localhost    Database: mct
-- ------------------------------------------------------
-- Server version	5.5.58-MariaDB-1ubuntu0.14.04.1

/*!40101 SET @OLD_CHARACTER_SET_CLIENT=@@CHARACTER_SET_CLIENT */;
/*!40101 SET @OLD_CHARACTER_SET_RESULTS=@@CHARACTER_SET_RESULTS */;
/*!40101 SET @OLD_COLLATION_CONNECTION=@@COLLATION_CONNECTION */;
/*!40101 SET NAMES utf8 */;
/*!40103 SET @OLD_TIME_ZONE=@@TIME_ZONE */;
/*!40103 SET TIME_ZONE='+00:00' */;
/*!40014 SET @OLD_UNIQUE_CHECKS=@@UNIQUE_CHECKS, UNIQUE_CHECKS=0 */;
/*!40014 SET @OLD_FOREIGN_KEY_CHECKS=@@FOREIGN_KEY_CHECKS, FOREIGN_KEY_CHECKS=0 */;
/*!40101 SET @OLD_SQL_MODE=@@SQL_MODE, SQL_MODE='NO_AUTO_VALUE_ON_ZERO' */;
/*!40111 SET @OLD_SQL_NOTES=@@SQL_NOTES, SQL_NOTES=0 */;

--
-- Table structure for table `DIVISION`
--

DROP TABLE IF EXISTS `DIVISION`;
/*!40101 SET @saved_cs_client     = @@character_set_client */;
/*!40101 SET character_set_client = utf8 */;
CREATE TABLE `DIVISION` (
  `division` int(11) NOT NULL,
  `wo` tinyint(1) DEFAULT '0',
  PRIMARY KEY (`division`)
) ENGINE=InnoDB DEFAULT CHARSET=utf8;
/*!40101 SET character_set_client = @saved_cs_client */;

--
-- Dumping data for table `DIVISION`
--

LOCK TABLES `DIVISION` WRITE;
/*!40000 ALTER TABLE `DIVISION` DISABLE KEYS */;
/*!40000 ALTER TABLE `DIVISION` ENABLE KEYS */;
UNLOCK TABLES;

--
-- Table structure for table `FIELDS`
--

DROP TABLE IF EXISTS `FIELDS`;
/*!40101 SET @saved_cs_client     = @@character_set_client */;
/*!40101 SET character_set_client = utf8 */;
CREATE TABLE `FIELDS` (
  `operation` int(11) NOT NULL,
  `fields` varchar(45) NOT NULL,
  PRIMARY KEY (`operation`)
) ENGINE=InnoDB DEFAULT CHARSET=utf8;
/*!40101 SET character_set_client = @saved_cs_client */;

--
-- Dumping data for table `FIELDS`
--

LOCK TABLES `FIELDS` WRITE;
/*!40000 ALTER TABLE `FIELDS` DISABLE KEYS */;
INSERT INTO `FIELDS` VALUES (0,'name mem image vcpus disk uuid');
/*!40000 ALTER TABLE `FIELDS` ENABLE KEYS */;
UNLOCK TABLES;

--
-- Table structure for table `PLAYER`
--

DROP TABLE IF EXISTS `PLAYER`;
/*!40101 SET @saved_cs_client     = @@character_set_client */;
/*!40101 SET character_set_client = utf8 */;
CREATE TABLE `PLAYER` (
  `id` int(11) NOT NULL AUTO_INCREMENT,
  `name` varchar(45) NOT NULL,
  `address` varchar(45) NOT NULL,
  `division` int(11) DEFAULT NULL,
  `score` double DEFAULT '0',
  `history` int(11) DEFAULT '0',
  `fairness` double DEFAULT '0',
  `accepts` int(11) DEFAULT '0',
  `rejects` int(11) DEFAULT '0',
  `running` int(11) DEFAULT '0',
  `finished` int(11) DEFAULT '0',
  `problem_del` int(11) DEFAULT '0',
  `vcpus` int(11) DEFAULT '0',
  `memory` bigint(20) DEFAULT '0',
  `local_gb` bigint(20) DEFAULT '0',
  `vcpus_used` bigint(20) DEFAULT '0',
  `memory_used` bigint(20) DEFAULT '0',
  `local_gb_used` bigint(20) DEFAULT '0',
  `max_instance` int(11) DEFAULT '0',
  `token` varchar(45) DEFAULT NULL,
  `suspend` timestamp NULL DEFAULT NULL,
  `enabled` int(11) DEFAULT '0',
  `last_choice` timestamp NOT NULL DEFAULT '2018-01-01 02:00:00',
  `playoff` tinyint(1) DEFAULT '0',
  `cushion` tinyint(1) DEFAULT '0',
  PRIMARY KEY (`id`)
) ENGINE=InnoDB AUTO_INCREMENT=40 DEFAULT CHARSET=utf8;
/*!40101 SET character_set_client = @saved_cs_client */;

--
-- Dumping data for table `PLAYER`
--

LOCK TABLES `PLAYER` WRITE;
/*!40000 ALTER TABLE `PLAYER` DISABLE KEYS */;
INSERT INTO `PLAYER` VALUES (1,'playerVirtual1','192.168.0.200',1,14.94,30,0.5385,9,0,3,6,0,1023,1047552,10230,4,8192,80,9,'809cde9f644a94b9c4acafe6b70c89c0e95855f2',NULL,1,'2018-04-15 19:49:40',0,0),(2,'playerVirtual4','192.168.0.200',1,11.62,30,0.6364,7,0,6,1,0,1023,1047552,10230,6,6144,44,6,'626fe9b2520907eca68e76346b8bf2cd6f885e8c',NULL,1,'2018-04-15 19:34:11',0,0),(3,'playerVirtual8','192.168.0.200',4,-0.34,0,0.4286,1,1,0,1,0,1023,1047552,10230,0,0,0,1,'74e7a59ca29948ffbdb186c7dc5fcf3e09ee8969',NULL,0,'2018-04-15 18:49:45',1,0),(4,'playerVirtual2','192.168.0.200',1,9.96,31,0.6364,6,0,3,3,0,1023,1047552,10230,3,4608,41,4,'571859c66d1630b87d1371f881ecb0abd30216e0',NULL,1,'2018-04-15 20:09:43',0,0),(5,'playerVirtual6','192.168.0.200',2,4.98,30,0.3,3,0,2,1,0,1023,1047552,10230,3,6144,60,2,'addbebcdcaab5f95fe8abff3a6509f235743708b',NULL,1,'2018-04-15 18:54:13',0,0),(6,'playerVirtual5','192.168.0.200',1,13.28,30,0.9091,8,0,5,3,0,1023,1047552,10230,6,9216,82,6,'036893f56b2e7fcaf085e37a59da89a94a01eb12',NULL,1,'2018-04-15 20:11:24',0,0),(7,'playerVirtual3','192.168.0.200',1,14.94,30,0.8,9,0,6,3,0,1023,1047552,10230,8,11776,103,6,'64acfe4677aeeb84fb6e0f55138b14156e78b5b4',NULL,1,'2018-04-15 20:19:56',0,0),(8,'playerVirtual9','192.168.0.200',1,11.62,30,0.5,7,0,4,3,0,1023,1047552,10230,6,9216,82,5,'6e3dc84d01483097f5e91de2bd86a6125eee46d3',NULL,1,'2018-04-15 20:43:07',0,0),(9,'playerVirtual7','192.168.0.200',1,13.28,30,0.8889,8,0,3,5,0,1023,1047552,10230,4,6656,61,6,'d9a8130e75c8e69898bdf4b3e0825712853ef839',NULL,1,'2018-04-15 20:43:18',0,0),(10,'playerVirtual0','192.168.0.200',1,11.62,31,0.5833,7,0,2,5,0,1023,1047552,10230,2,4096,40,4,'511a13874d3d0cd79b668634b1cc837255613cef',NULL,1,'2018-04-15 20:14:57',0,0),(11,'playerVirtual10','192.168.0.200',4,-8,0,0.5,4,0,0,4,0,1023,1047552,10230,0,0,0,99,'f6618cb19b9247ccbff14e74e5f584db79a57c0e',NULL,0,'2018-04-15 18:45:43',1,0),(12,'playerVirtual11','192.168.0.200',4,-6.34,0,0,5,0,0,5,0,1023,1047552,10230,0,0,0,99,'b64d7f3386e7e242bc006071166ad7cbc4acc8e5',NULL,0,'2018-04-15 18:54:23',1,0),(13,'playerVirtual12','192.168.0.200',4,-10,0,0,5,0,0,5,0,1023,1047552,10230,0,0,0,99,'a44bedcaa810ab28c2719473a0311c9c49f68849',NULL,0,'2018-04-15 18:56:54',1,0),(14,'playerVirtual13','192.168.0.200',4,-6,0,0,3,0,0,3,0,1023,1047552,10230,0,0,0,99,'4da688f34976e87fb487e35539c369d2a1fc989e',NULL,0,'2018-04-15 19:01:16',1,0),(15,'playerVirtual14','192.168.0.200',4,-12,0,0,6,0,0,6,0,1023,1047552,10230,0,0,0,99,'7eed556607e7cd650c4f3619efa1255230a39369',NULL,0,'2018-04-15 19:07:06',1,0),(16,'playerVirtual15','192.168.0.200',4,-8,0,0,4,0,0,4,0,1023,1047552,10230,0,0,0,99,'e632d39e06415beb4fae65f27ab8ebfdfb3b3df1',NULL,0,'2018-04-15 19:18:55',1,0),(17,'playerVirtual16','192.168.0.200',4,-2,0,0,1,0,0,1,0,1023,1047552,10230,0,0,0,99,'cf28a985030ff912c07a4bda8afa139faa42d77d',NULL,0,'2018-04-15 19:11:43',1,0),(18,'playerVirtual17','192.168.0.200',4,-2,0,0,1,0,0,1,0,1023,1047552,10230,0,0,0,99,'154d343005a9b085dcd177ed8d116ccf740bbd59',NULL,0,'2018-04-15 19:16:46',1,0),(19,'playerVirtual18','192.168.0.200',4,-2,0,0,1,0,0,1,0,1023,1047552,10230,0,0,0,99,'8a42c3ed9e73c5ede41819426ddf901fb5472da6',NULL,0,'2018-04-15 19:28:53',1,0),(20,'playerVirtual19','192.168.0.200',4,-2,0,0,1,0,0,1,0,1023,1047552,10230,0,0,0,99,'ad5c21189cec3eec086e1f5c78b593576ea18b3a',NULL,0,'2018-04-15 19:31:24',1,0),(21,'playerVirtual20','192.168.0.200',4,-2,0,0,1,0,0,1,0,1023,1047552,10230,0,0,0,99,'ae5f551d28f6e0e4e48b9642702c58575a9d87bf',NULL,0,'2018-04-15 19:33:29',1,0),(22,'playerVirtual21','192.168.0.200',4,-2,0,0,1,0,0,1,0,1023,1047552,10230,0,0,0,99,'a6def63073ea330e68b7265add03c255655f5aca',NULL,0,'2018-04-15 19:36:29',1,0),(23,'playerVirtual22','192.168.0.200',4,-2,0,0,1,0,0,1,0,1023,1047552,10230,0,0,0,99,'116444b9e41f8444917002816b2bf810ec8357f3',NULL,0,'2018-04-15 19:41:27',1,0),(24,'playerVirtual23','192.168.0.200',4,-2,0,0,1,0,0,1,0,1023,1047552,10230,0,0,0,99,'2124d29aed7002ae1d267ff02f1f5c72ade8742e',NULL,0,'2018-04-15 19:48:32',1,0),(25,'playerVirtual24','192.168.0.200',4,-2,0,0,1,0,0,1,0,1023,1047552,10230,0,0,0,99,'1b5d45b1c708306e6f9feec7eefc0ff670391617',NULL,0,'2018-04-15 20:00:13',1,0),(26,'playerVirtual25','192.168.0.200',4,-2,0,0,1,0,0,1,0,1023,1047552,10230,0,0,0,99,'ff2146d05f898639f30039d1241e69eb6fc424ca',NULL,0,'2018-04-15 20:02:50',1,0),(27,'playerVirtual26','192.168.0.200',4,-2,0,0,1,0,0,1,0,1023,1047552,10230,0,0,0,99,'1e674d5fbbc3f1667142a649d2464023898bc8c1',NULL,0,'2018-04-15 20:03:13',1,0),(28,'playerVirtual27','192.168.0.200',4,-2,0,0,1,0,0,1,0,1023,1047552,10230,0,0,0,99,'0d2d53690d2ef0b079f634feca3ac8429f22d530',NULL,0,'2018-04-15 20:09:28',1,0),(29,'playerVirtual28','192.168.0.200',4,-2,0,0,1,0,0,1,0,1023,1047552,10230,0,0,0,99,'06fb5b49485e827b0d9e72a4d36f82c5dedf50e4',NULL,0,'2018-04-15 20:10:53',1,0),(30,'playerVirtual29','192.168.0.200',4,-2,0,0,1,0,0,1,0,1023,1047552,10230,0,0,0,99,'12dfff6a1c8d47505fb3c7fc62a868cb8940de86',NULL,0,'2018-04-15 20:17:04',1,0),(31,'playerVirtual30','192.168.0.200',4,-4,0,0,2,0,0,2,0,1023,1047552,10230,0,0,0,99,'8a1c539f680e660250e11d67c1743a20019c29f1',NULL,0,'2018-04-15 20:44:15',1,0),(32,'playerVirtual31','192.168.0.200',4,-2,0,0,1,0,0,1,0,1023,1047552,10230,0,0,0,99,'28e590248e2cea9fd9dcc635773557c4d91893ea',NULL,0,'2018-04-15 20:34:31',1,0),(33,'playerVirtual32','192.168.0.200',4,-2,0,0,1,0,0,1,0,1023,1047552,10230,0,0,0,99,'8030af07593ff69aa1711fc31d817aa3bc6375fc',NULL,0,'2018-04-15 20:35:52',1,0),(34,'playerVirtual33','192.168.0.200',4,-2,0,0,1,0,0,1,0,1023,1047552,10230,0,0,0,99,'5249e301a224095bdd8928f071072970ab273a6d',NULL,0,'2018-04-15 20:40:12',1,0),(35,'playerVirtual34','192.168.0.200',4,-2,0,0,1,0,0,1,0,1023,1047552,10230,0,0,0,99,'2f409b7748e66f39d174164c6e8304eae4730fe3',NULL,0,'2018-04-15 20:41:10',1,0),(36,'playerVirtual35','192.168.0.200',4,-2,0,0,1,0,0,1,0,1023,1047552,10230,0,0,0,99,'7fa48dcd50ec9667180f9febca5736c73470f6e8',NULL,0,'2018-04-15 20:51:10',1,0),(37,'playerVirtual36','192.168.0.200',4,-2,0,0,1,0,0,1,0,1023,1047552,10230,0,0,0,99,'35faaef877cfc8cbbbf61f691a7fe3e394dfa021',NULL,0,'2018-04-15 20:52:51',1,0),(38,'playerVirtual37','192.168.0.200',4,-2,0,0,1,0,0,1,0,1023,1047552,10230,0,0,0,99,'2edc0eb3490f2abe401f4b75eb0bd1c24094f702',NULL,0,'2018-04-15 20:57:43',1,0),(39,'playerVirtual38','192.168.0.200',3,0,1,0,0,0,0,0,0,1023,1047552,10230,0,0,0,99,'fc0358330be8e8b6d238010f0f5d81f3c593eaed',NULL,1,'2018-01-01 02:00:00',0,0);
/*!40000 ALTER TABLE `PLAYER` ENABLE KEYS */;
UNLOCK TABLES;

--
-- Table structure for table `REQUEST`
--

DROP TABLE IF EXISTS `REQUEST`;
/*!40101 SET @saved_cs_client     = @@character_set_client */;
/*!40101 SET character_set_client = utf8 */;
CREATE TABLE `REQUEST` (
  `id` int(11) NOT NULL AUTO_INCREMENT,
  `player_id` varchar(45) NOT NULL,
  `request_id` varchar(45) NOT NULL,
  `action` int(11) NOT NULL,
  `timestamp_received` timestamp NULL DEFAULT NULL,
  `timestamp_finished` timestamp NULL DEFAULT NULL,
  `status` int(11) NOT NULL,
  PRIMARY KEY (`id`)
) ENGINE=InnoDB AUTO_INCREMENT=502 DEFAULT CHARSET=utf8;
/*!40101 SET character_set_client = @saved_cs_client */;

--
-- Dumping data for table `REQUEST`
--

LOCK TABLES `REQUEST` WRITE;
/*!40000 ALTER TABLE `REQUEST` DISABLE KEYS */;
INSERT INTO `REQUEST` VALUES (1,'playerVirtual1','playerVirtual1_8b57e21d47',4,'2018-04-15 18:35:47',NULL,0),(2,'playerVirtual4','playerVirtual4_69bb227641',4,'2018-04-15 18:35:47',NULL,0),(3,'playerVirtual8','playerVirtual8_746a9fb32b',4,'2018-04-15 18:35:47',NULL,0),(4,'playerVirtual2','playerVirtual2_cefc5c088c',4,'2018-04-15 18:35:48',NULL,0),(5,'playerVirtual6','playerVirtual6_be162e869c',4,'2018-04-15 18:35:48',NULL,0),(6,'playerVirtual5','playerVirtual5_2304846cf1',4,'2018-04-15 18:35:48',NULL,0),(7,'playerVirtual3','playerVirtual3_39d539c891',4,'2018-04-15 18:35:48',NULL,0),(8,'playerVirtual9','playerVirtual9_bfbe7525b8',4,'2018-04-15 18:35:49',NULL,0),(9,'playerVirtual7','playerVirtual7_2105627f73',4,'2018-04-15 18:35:49',NULL,0),(10,'playerVirtual0','playerVirtual0_3d96ccbfb7',4,'2018-04-15 18:35:49',NULL,0),(11,'playerVirtual1','playerVirtual1_450512000',0,'2018-04-15 18:36:48',NULL,0),(12,'playerVirtual1','playerVirtual1_450512000',0,'2018-04-15 18:36:49',NULL,0),(13,'playerVirtual4','playerVirtual4_1438244924',0,'2018-04-15 18:36:51',NULL,0),(14,'playerVirtual4','playerVirtual4_1438244924',0,'2018-04-15 18:36:51',NULL,0),(15,'playerVirtual8','playerVirtual8_640692267',0,'2018-04-15 18:36:54',NULL,0),(16,'playerVirtual8','playerVirtual8_640692267',0,'2018-04-15 18:36:54',NULL,0),(17,'playerVirtual2','playerVirtual2_2381571381',0,'2018-04-15 18:36:55',NULL,0),(18,'playerVirtual2','playerVirtual2_2381571381',0,'2018-04-15 18:36:55',NULL,0),(19,'playerVirtual6','playerVirtual6_5297461910',0,'2018-04-15 18:36:56',NULL,0),(20,'playerVirtual6','playerVirtual6_5297461910',0,'2018-04-15 18:36:56',NULL,0),(21,'playerVirtual5','playerVirtual5_2790332778',0,'2018-04-15 18:36:59',NULL,0),(22,'playerVirtual5','playerVirtual5_2790332778',0,'2018-04-15 18:36:59',NULL,0),(23,'playerVirtual3','playerVirtual3_369721705',0,'2018-04-15 18:37:00',NULL,0),(24,'playerVirtual9','playerVirtual9_317469422',0,'2018-04-15 18:37:00',NULL,0),(25,'playerVirtual7','playerVirtual7_6955737',0,'2018-04-15 18:37:01',NULL,0),(26,'playerVirtual3','playerVirtual3_369721705',0,'2018-04-15 18:37:01',NULL,0),(27,'playerVirtual9','playerVirtual9_317469422',0,'2018-04-15 18:37:01',NULL,0),(28,'playerVirtual7','playerVirtual7_6955737',0,'2018-04-15 18:37:01',NULL,0),(29,'playerVirtual0','playerVirtual0_257338104',0,'2018-04-15 18:37:02',NULL,0),(30,'playerVirtual0','playerVirtual0_257338104',0,'2018-04-15 18:37:02',NULL,0),(31,'playerVirtual1','playerVirtual1_2fa5ebb184',3,'2018-04-15 18:37:48',NULL,0),(32,'playerVirtual4','playerVirtual4_cfb7380e33',3,'2018-04-15 18:37:51',NULL,0),(33,'playerVirtual8','playerVirtual8_95c5ce436a',3,'2018-04-15 18:37:54',NULL,0),(34,'playerVirtual2','playerVirtual2_84f43038fb',3,'2018-04-15 18:37:55',NULL,0),(35,'playerVirtual6','playerVirtual6_7794c7a429',3,'2018-04-15 18:37:56',NULL,0),(36,'playerVirtual5','playerVirtual5_fb22d435d7',3,'2018-04-15 18:37:59',NULL,0),(37,'playerVirtual3','playerVirtual3_dc2d289870',3,'2018-04-15 18:38:00',NULL,0),(38,'playerVirtual9','playerVirtual9_20e9423a0e',3,'2018-04-15 18:38:01',NULL,0),(39,'playerVirtual7','playerVirtual7_e6edfb879e',3,'2018-04-15 18:38:01',NULL,0),(40,'playerVirtual0','playerVirtual0_6b376c0147',3,'2018-04-15 18:38:02',NULL,0),(41,'playerVirtual1','playerVirtual1_3584940347',0,'2018-04-15 18:39:01',NULL,0),(42,'playerVirtual4','playerVirtual4_2433236783',0,'2018-04-15 18:39:01',NULL,0),(43,'playerVirtual1','playerVirtual1_3584940347',0,'2018-04-15 18:39:01',NULL,0),(44,'playerVirtual4','playerVirtual4_2433236783',0,'2018-04-15 18:39:01',NULL,0),(45,'playerVirtual8','playerVirtual8_3338579772',0,'2018-04-15 18:39:02',NULL,0),(46,'playerVirtual2','playerVirtual2_257407216',0,'2018-04-15 18:39:02',NULL,0),(47,'playerVirtual8','playerVirtual8_3338579772',0,'2018-04-15 18:39:02',NULL,0),(48,'playerVirtual2','playerVirtual2_257407216',0,'2018-04-15 18:39:03',NULL,0),(49,'playerVirtual6','playerVirtual6_182859403',0,'2018-04-15 18:39:09',NULL,0),(50,'playerVirtual6','playerVirtual6_182859403',0,'2018-04-15 18:39:10',NULL,0),(51,'playerVirtual5','playerVirtual5_2359368952',0,'2018-04-15 18:39:13',NULL,0),(52,'playerVirtual5','playerVirtual5_2359368952',0,'2018-04-15 18:39:13',NULL,0),(53,'playerVirtual3','playerVirtual3_16917741',0,'2018-04-15 18:39:16',NULL,0),(54,'playerVirtual3','playerVirtual3_16917741',0,'2018-04-15 18:39:16',NULL,0),(55,'playerVirtual9','playerVirtual9_2545640208',0,'2018-04-15 18:39:25',NULL,0),(56,'playerVirtual9','playerVirtual9_2545640208',0,'2018-04-15 18:39:25',NULL,0),(57,'playerVirtual7','playerVirtual7_908315',0,'2018-04-15 18:39:26',NULL,0),(58,'playerVirtual7','playerVirtual7_908315',0,'2018-04-15 18:39:26',NULL,0),(59,'playerVirtual0','playerVirtual0_539194189',0,'2018-04-15 18:39:34',NULL,0),(60,'playerVirtual0','playerVirtual0_539194189',0,'2018-04-15 18:39:34',NULL,0),(61,'playerVirtual1','playerVirtual1_169d582405',4,'2018-04-15 18:40:01',NULL,0),(62,'playerVirtual4','playerVirtual4_ad383ee28d',4,'2018-04-15 18:40:01',NULL,0),(63,'playerVirtual8','playerVirtual8_742b82493f',4,'2018-04-15 18:40:02',NULL,0),(64,'playerVirtual2','playerVirtual2_2e4c4f559d',4,'2018-04-15 18:40:03',NULL,0),(65,'playerVirtual6','playerVirtual6_bac8d0f316',4,'2018-04-15 18:40:10',NULL,0),(66,'playerVirtual5','playerVirtual5_4b7f164c1a',4,'2018-04-15 18:40:13',NULL,0),(67,'playerVirtual3','playerVirtual3_7e2703a5ca',4,'2018-04-15 18:40:16',NULL,0),(68,'playerVirtual9','playerVirtual9_0ec8ebcff9',4,'2018-04-15 18:40:25',NULL,0),(69,'playerVirtual7','playerVirtual7_fa7b5cabe8',4,'2018-04-15 18:40:26',NULL,0),(70,'playerVirtual0','playerVirtual0_5530b8c198',4,'2018-04-15 18:40:34',NULL,0),(71,'playerVirtual10','playerVirtual10_94aaa358ae',4,'2018-04-15 18:40:53',NULL,0),(72,'playerVirtual1','playerVirtual1_4820204870',0,'2018-04-15 18:42:15',NULL,0),(73,'playerVirtual1','playerVirtual1_4820204870',0,'2018-04-15 18:42:16',NULL,0),(74,'playerVirtual4','playerVirtual4_8058564',0,'2018-04-15 18:43:07',NULL,0),(75,'playerVirtual4','playerVirtual4_8058564',0,'2018-04-15 18:43:08',NULL,0),(76,'playerVirtual8','playerVirtual8_1429160667',0,'2018-04-15 18:43:12',NULL,0),(77,'playerVirtual8','playerVirtual8_1429160667',0,'2018-04-15 18:43:12',NULL,0),(78,'playerVirtual2','playerVirtual2_3338010893',0,'2018-04-15 18:43:14',NULL,0),(79,'playerVirtual2','playerVirtual2_3338010893',0,'2018-04-15 18:43:14',NULL,0),(80,'playerVirtual1','playerVirtual1_0ffe50d62d',3,'2018-04-15 18:43:16',NULL,0),(81,'playerVirtual6','playerVirtual6_82730999',0,'2018-04-15 18:43:19',NULL,0),(82,'playerVirtual6','playerVirtual6_82730999',0,'2018-04-15 18:43:19',NULL,0),(83,'playerVirtual5','playerVirtual5_351652724',0,'2018-04-15 18:43:24',NULL,0),(84,'playerVirtual5','playerVirtual5_351652724',0,'2018-04-15 18:43:25',NULL,0),(85,'playerVirtual3','playerVirtual3_6571218',0,'2018-04-15 18:43:25',NULL,0),(86,'playerVirtual3','playerVirtual3_6571218',0,'2018-04-15 18:43:26',NULL,0),(87,'playerVirtual9','playerVirtual9_778566023',0,'2018-04-15 18:43:28',NULL,0),(88,'playerVirtual9','playerVirtual9_778566023',0,'2018-04-15 18:43:28',NULL,0),(89,'playerVirtual7','playerVirtual7_1436344784',0,'2018-04-15 18:43:32',NULL,0),(90,'playerVirtual7','playerVirtual7_1436344784',0,'2018-04-15 18:43:32',NULL,0),(91,'playerVirtual0','playerVirtual0_1339662',0,'2018-04-15 18:43:34',NULL,0),(92,'playerVirtual0','playerVirtual0_1339662',0,'2018-04-15 18:43:34',NULL,0),(93,'playerVirtual4','playerVirtual4_fe3837a7f6',3,'2018-04-15 18:44:08',NULL,0),(94,'playerVirtual8','playerVirtual8_241cfc684d',3,'2018-04-15 18:44:12',NULL,0),(95,'playerVirtual2','playerVirtual2_b8d1bfd17a',3,'2018-04-15 18:44:14',NULL,0),(96,'playerVirtual6','playerVirtual6_c1c78e8c26',3,'2018-04-15 18:44:19',NULL,0),(97,'playerVirtual5','playerVirtual5_0d4da50847',3,'2018-04-15 18:44:25',NULL,0),(98,'playerVirtual10','playerVirtual10_317497342',0,'2018-04-15 18:44:25',NULL,0),(99,'playerVirtual10','playerVirtual10_317497342',0,'2018-04-15 18:44:25',NULL,0),(100,'playerVirtual3','playerVirtual3_e7f7d89d18',3,'2018-04-15 18:44:25',NULL,0),(101,'playerVirtual9','playerVirtual9_e4e90e0c16',3,'2018-04-15 18:44:28',NULL,0),(102,'playerVirtual7','playerVirtual7_b2c68a0ba6',3,'2018-04-15 18:44:32',NULL,0),(103,'playerVirtual0','playerVirtual0_5d080401e1',3,'2018-04-15 18:44:34',NULL,0),(104,'playerVirtual10','playerVirtual10_90c9ed161b',3,'2018-04-15 18:45:25',NULL,0),(105,'playerVirtual1','playerVirtual1_284794223',0,'2018-04-15 18:45:34',NULL,0),(106,'playerVirtual4','playerVirtual4_359920779',0,'2018-04-15 18:45:34',NULL,0),(107,'playerVirtual1','playerVirtual1_284794223',0,'2018-04-15 18:45:34',NULL,0),(108,'playerVirtual4','playerVirtual4_359920779',0,'2018-04-15 18:45:34',NULL,0),(109,'playerVirtual8','playerVirtual8_904011',0,'2018-04-15 18:45:35',NULL,0),(110,'playerVirtual8','playerVirtual8_904011',0,'2018-04-15 18:45:35',NULL,0),(111,'playerVirtual2','playerVirtual2_2904109077',0,'2018-04-15 18:45:36',NULL,0),(112,'playerVirtual2','playerVirtual2_2904109077',0,'2018-04-15 18:45:37',NULL,0),(113,'playerVirtual6','playerVirtual6_257338074',0,'2018-04-15 18:45:43',NULL,0),(114,'playerVirtual6','playerVirtual6_257338074',0,'2018-04-15 18:45:44',NULL,0),(115,'playerVirtual5','playerVirtual5_905614',0,'2018-04-15 18:45:49',NULL,0),(116,'playerVirtual5','playerVirtual5_905614',0,'2018-04-15 18:45:50',NULL,0),(117,'playerVirtual3','playerVirtual3_1093460',0,'2018-04-15 18:45:51',NULL,0),(118,'playerVirtual3','playerVirtual3_1093460',0,'2018-04-15 18:45:51',NULL,0),(119,'playerVirtual11','playerVirtual11_5e27e096fc',4,'2018-04-15 18:45:57',NULL,0),(120,'playerVirtual9','playerVirtual9_6569547',0,'2018-04-15 18:46:01',NULL,0),(121,'playerVirtual9','playerVirtual9_6569547',0,'2018-04-15 18:46:02',NULL,0),(122,'playerVirtual7','playerVirtual7_470485660',0,'2018-04-15 18:46:03',NULL,0),(123,'playerVirtual7','playerVirtual7_470485660',0,'2018-04-15 18:46:03',NULL,0),(124,'playerVirtual0','playerVirtual0_30788568',0,'2018-04-15 18:46:14',NULL,0),(125,'playerVirtual0','playerVirtual0_30788568',0,'2018-04-15 18:46:15',NULL,0),(126,'playerVirtual10','playerVirtual10_5792765',0,'2018-04-15 18:46:33',NULL,0),(127,'playerVirtual10','playerVirtual10_5792765',0,'2018-04-15 18:46:34',NULL,0),(128,'playerVirtual1','playerVirtual1_d11dc427a1',4,'2018-04-15 18:46:34',NULL,0),(129,'playerVirtual4','playerVirtual4_99964074e8',4,'2018-04-15 18:46:34',NULL,0),(130,'playerVirtual8','playerVirtual8_f660e5d8e3',4,'2018-04-15 18:46:35',NULL,0),(131,'playerVirtual2','playerVirtual2_c1a9e27fb5',4,'2018-04-15 18:46:36',NULL,0),(132,'playerVirtual6','playerVirtual6_e0421a0dd8',4,'2018-04-15 18:46:44',NULL,0),(133,'playerVirtual5','playerVirtual5_fb199c0602',4,'2018-04-15 18:46:48',NULL,0),(134,'playerVirtual3','playerVirtual3_382499effa',4,'2018-04-15 18:46:52',NULL,0),(135,'playerVirtual9','playerVirtual9_969c617042',4,'2018-04-15 18:47:02',NULL,0),(136,'playerVirtual7','playerVirtual7_e70c5b40c0',4,'2018-04-15 18:47:03',NULL,0),(137,'playerVirtual0','playerVirtual0_16f6066748',4,'2018-04-15 18:47:14',NULL,0),(138,'playerVirtual10','playerVirtual10_6144702fc7',4,'2018-04-15 18:47:34',NULL,0),(139,'playerVirtual1','playerVirtual1_400453824',0,'2018-04-15 18:49:03',NULL,0),(140,'playerVirtual1','playerVirtual1_400453824',0,'2018-04-15 18:49:04',NULL,0),(141,'playerVirtual11','playerVirtual11_38671842',0,'2018-04-15 18:49:45',NULL,0),(142,'playerVirtual11','playerVirtual11_38671842',0,'2018-04-15 18:49:45',NULL,0),(143,'playerVirtual1','playerVirtual1_67f869baa7',3,'2018-04-15 18:50:04',NULL,0),(144,'playerVirtual4','playerVirtual4_4820318661',0,'2018-04-15 18:50:04',NULL,0),(145,'playerVirtual4','playerVirtual4_4820318661',0,'2018-04-15 18:50:04',NULL,0),(146,'playerVirtual8','playerVirtual8_4819935267',0,'2018-04-15 18:50:09',NULL,0),(147,'playerVirtual8','playerVirtual8_4819935267',0,'2018-04-15 18:50:09',NULL,0),(148,'playerVirtual2','playerVirtual2_4820217293',0,'2018-04-15 18:50:14',NULL,0),(149,'playerVirtual2','playerVirtual2_4820217293',0,'2018-04-15 18:50:14',NULL,0),(150,'playerVirtual6','playerVirtual6_6264344062',0,'2018-04-15 18:50:19',NULL,0),(151,'playerVirtual6','playerVirtual6_6264344062',0,'2018-04-15 18:50:19',NULL,0),(152,'playerVirtual5','playerVirtual5_2378747961',0,'2018-04-15 18:50:34',NULL,0),(153,'playerVirtual5','playerVirtual5_2378747961',0,'2018-04-15 18:50:35',NULL,0),(154,'playerVirtual3','playerVirtual3_5068098508',0,'2018-04-15 18:50:39',NULL,0),(155,'playerVirtual3','playerVirtual3_5068098508',0,'2018-04-15 18:50:40',NULL,0),(156,'playerVirtual11','playerVirtual11_bea2b3c541',3,'2018-04-15 18:50:45',NULL,0),(157,'playerVirtual12','playerVirtual12_ba709597fa',4,'2018-04-15 18:50:56',NULL,0),(158,'playerVirtual4','playerVirtual4_4ac7fc442a',3,'2018-04-15 18:51:04',NULL,0),(159,'playerVirtual8','playerVirtual8_c0f43fe74a',3,'2018-04-15 18:51:09',NULL,0),(160,'playerVirtual2','playerVirtual2_e155b06141',3,'2018-04-15 18:51:14',NULL,0),(161,'playerVirtual6','playerVirtual6_223e5c439a',3,'2018-04-15 18:51:19',NULL,0),(162,'playerVirtual5','playerVirtual5_be45491470',3,'2018-04-15 18:51:34',NULL,0),(163,'playerVirtual3','playerVirtual3_4c2c47b8ad',3,'2018-04-15 18:51:39',NULL,0),(164,'playerVirtual9','playerVirtual9_227443932',0,'2018-04-15 18:51:56',NULL,0),(165,'playerVirtual9','playerVirtual9_227443932',0,'2018-04-15 18:51:56',NULL,0),(166,'playerVirtual7','playerVirtual7_1095593',0,'2018-04-15 18:52:02',NULL,0),(167,'playerVirtual7','playerVirtual7_1095593',0,'2018-04-15 18:52:03',NULL,0),(168,'playerVirtual0','playerVirtual0_2148750930',0,'2018-04-15 18:52:06',NULL,0),(169,'playerVirtual0','playerVirtual0_2148750930',0,'2018-04-15 18:52:06',NULL,0),(170,'playerVirtual9','playerVirtual9_9b9f3e1955',3,'2018-04-15 18:52:56',NULL,0),(171,'playerVirtual7','playerVirtual7_6b4f9f5de8',3,'2018-04-15 18:53:00',NULL,0),(172,'playerVirtual0','playerVirtual0_0bd36e09b5',3,'2018-04-15 18:53:06',NULL,0),(173,'playerVirtual11','playerVirtual11_16915963',0,'2018-04-15 18:53:39',NULL,0),(174,'playerVirtual11','playerVirtual11_16915963',0,'2018-04-15 18:53:40',NULL,0),(175,'playerVirtual5','playerVirtual5_2359368952',1,'2018-04-15 18:53:59',NULL,0),(176,'playerVirtual5','playerVirtual5_cdd32ececc',4,'2018-04-15 18:53:59',NULL,0),(177,'playerVirtual5','playerVirtual5_2359368952',1,'2018-04-15 18:53:59',NULL,0),(178,'playerVirtual1','playerVirtual1_765651',0,'2018-04-15 18:54:13',NULL,0),(179,'playerVirtual1','playerVirtual1_765651',0,'2018-04-15 18:54:13',NULL,0),(180,'playerVirtual4','playerVirtual4_284757920',0,'2018-04-15 18:54:20',NULL,0),(181,'playerVirtual4','playerVirtual4_284757920',0,'2018-04-15 18:54:21',NULL,0),(182,'playerVirtual8','playerVirtual8_272887063',0,'2018-04-15 18:54:23',NULL,0),(183,'playerVirtual8','playerVirtual8_272887063',0,'2018-04-15 18:54:24',NULL,0),(184,'playerVirtual2','playerVirtual2_6274355716',0,'2018-04-15 18:54:27',NULL,0),(185,'playerVirtual2','playerVirtual2_6274355716',0,'2018-04-15 18:54:27',NULL,0),(186,'playerVirtual6','playerVirtual6_38676294',0,'2018-04-15 18:54:35',NULL,0),(187,'playerVirtual6','playerVirtual6_38676294',0,'2018-04-15 18:54:35',NULL,0),(188,'playerVirtual11','playerVirtual11_3bf0493c5e',4,'2018-04-15 18:54:40',NULL,0),(189,'playerVirtual1','playerVirtual1_843c826e93',4,'2018-04-15 18:55:13',NULL,0),(190,'playerVirtual4','playerVirtual4_63a7512cb9',4,'2018-04-15 18:55:20',NULL,0),(191,'playerVirtual8','playerVirtual8_e6eac42527',4,'2018-04-15 18:55:23',NULL,0),(192,'playerVirtual2','playerVirtual2_3dc2533329',4,'2018-04-15 18:55:27',NULL,0),(193,'playerVirtual6','playerVirtual6_dfe15ffead',4,'2018-04-15 18:55:35',NULL,0),(194,'playerVirtual3','playerVirtual3_182859403',0,'2018-04-15 18:55:45',NULL,0),(195,'playerVirtual3','playerVirtual3_182859403',0,'2018-04-15 18:55:45',NULL,0),(196,'playerVirtual13','playerVirtual13_3eb4139bd6',4,'2018-04-15 18:55:56',NULL,0),(197,'playerVirtual9','playerVirtual9_4820204870',0,'2018-04-15 18:56:14',NULL,0),(198,'playerVirtual9','playerVirtual9_4820204870',0,'2018-04-15 18:56:18',NULL,0),(199,'playerVirtual7','playerVirtual7_990694203',0,'2018-04-15 18:56:29',NULL,0),(200,'playerVirtual7','playerVirtual7_990694203',0,'2018-04-15 18:56:30',NULL,0),(201,'playerVirtual12','playerVirtual12_5623125514',0,'2018-04-15 18:56:40',NULL,0),(202,'playerVirtual12','playerVirtual12_5623125514',0,'2018-04-15 18:56:40',NULL,0),(203,'playerVirtual3','playerVirtual3_34cd2de3d8',4,'2018-04-15 18:56:45',NULL,0),(204,'playerVirtual0','playerVirtual0_990694203',0,'2018-04-15 18:56:54',NULL,0),(205,'playerVirtual0','playerVirtual0_990694203',0,'2018-04-15 18:56:54',NULL,0),(206,'playerVirtual9','playerVirtual9_c6ee9b8f8f',4,'2018-04-15 18:57:12',NULL,0),(207,'playerVirtual7','playerVirtual7_771f90f16f',4,'2018-04-15 18:57:29',NULL,0),(208,'playerVirtual12','playerVirtual12_57f18797cc',3,'2018-04-15 18:57:40',NULL,0),(209,'playerVirtual0','playerVirtual0_f0ee7a2ab5',4,'2018-04-15 18:57:54',NULL,0),(210,'playerVirtual1','playerVirtual1_2b4b012f40',3,'2018-04-15 18:59:12',NULL,0),(211,'playerVirtual6','playerVirtual6_182859403',1,'2018-04-15 18:59:28',NULL,0),(212,'playerVirtual6','playerVirtual6_5403b8eddb',3,'2018-04-15 18:59:28',NULL,0),(213,'playerVirtual6','playerVirtual6_182859403',1,'2018-04-15 18:59:28',NULL,0),(214,'playerVirtual5','playerVirtual5_6280638724',0,'2018-04-15 19:00:18',NULL,0),(215,'playerVirtual5','playerVirtual5_6280638724',0,'2018-04-15 19:00:20',NULL,0),(216,'playerVirtual3','playerVirtual3_50797efe48',3,'2018-04-15 19:00:48',NULL,0),(217,'playerVirtual14','playerVirtual14_1a697a9361',4,'2018-04-15 19:00:51',NULL,0),(218,'playerVirtual4','playerVirtual4_272887063',0,'2018-04-15 19:01:05',NULL,0),(219,'playerVirtual4','playerVirtual4_272887063',0,'2018-04-15 19:01:05',NULL,0),(220,'playerVirtual8','playerVirtual8_b34f8eb9b2',3,'2018-04-15 19:01:09',NULL,0),(221,'playerVirtual2','playerVirtual2_6282149131',0,'2018-04-15 19:01:16',NULL,0),(222,'playerVirtual2','playerVirtual2_6282149131',0,'2018-04-15 19:01:16',NULL,0),(223,'playerVirtual5','playerVirtual5_b114517fd0',3,'2018-04-15 19:01:18',NULL,0),(224,'playerVirtual4','playerVirtual4_e4ef723608',3,'2018-04-15 19:02:05',NULL,0),(225,'playerVirtual2','playerVirtual2_fd80bf64f1',3,'2018-04-15 19:02:16',NULL,0),(226,'playerVirtual7','playerVirtual7_990694203',1,'2018-04-15 19:02:30',NULL,0),(227,'playerVirtual7','playerVirtual7_0aaba667b3',3,'2018-04-15 19:02:30',NULL,0),(228,'playerVirtual7','playerVirtual7_990694203',1,'2018-04-15 19:02:32',NULL,0),(229,'playerVirtual0','playerVirtual0_d358ddf8b3',3,'2018-04-15 19:02:45',NULL,0),(230,'playerVirtual9','playerVirtual9_1436323714',0,'2018-04-15 19:03:11',NULL,0),(231,'playerVirtual9','playerVirtual9_1436323714',0,'2018-04-15 19:03:12',NULL,0),(232,'playerVirtual13','playerVirtual13_2359368952',0,'2018-04-15 19:03:59',NULL,0),(233,'playerVirtual13','playerVirtual13_2359368952',0,'2018-04-15 19:03:59',NULL,0),(234,'playerVirtual9','playerVirtual9_c9be0e0983',3,'2018-04-15 19:04:12',NULL,0),(235,'playerVirtual1','playerVirtual1_1094955',0,'2018-04-15 19:04:40',NULL,0),(236,'playerVirtual1','playerVirtual1_1094955',0,'2018-04-15 19:04:41',NULL,0),(237,'playerVirtual6','playerVirtual6_16914091',0,'2018-04-15 19:05:05',NULL,0),(238,'playerVirtual6','playerVirtual6_16914091',0,'2018-04-15 19:05:05',NULL,0),(239,'playerVirtual8','playerVirtual8_6285257156',0,'2018-04-15 19:05:15',NULL,0),(240,'playerVirtual8','playerVirtual8_6285257156',0,'2018-04-15 19:05:15',NULL,0),(241,'playerVirtual5','playerVirtual5_6955737',0,'2018-04-15 19:05:18',NULL,0),(242,'playerVirtual5','playerVirtual5_6955737',0,'2018-04-15 19:05:18',NULL,0),(243,'playerVirtual1','playerVirtual1_6116e59740',4,'2018-04-15 19:05:41',NULL,0),(244,'playerVirtual15','playerVirtual15_7044fb46aa',4,'2018-04-15 19:05:59',NULL,0),(245,'playerVirtual6','playerVirtual6_320c9ad669',4,'2018-04-15 19:06:05',NULL,0),(246,'playerVirtual8','playerVirtual8_6b2427133b',4,'2018-04-15 19:06:15',NULL,0),(247,'playerVirtual5','playerVirtual5_fd01551ee4',4,'2018-04-15 19:06:18',NULL,0),(248,'playerVirtual3','playerVirtual3_182859403',0,'2018-04-15 19:06:28',NULL,0),(249,'playerVirtual3','playerVirtual3_716f9e3482',4,'2018-04-15 19:06:28',NULL,0),(250,'playerVirtual3','playerVirtual3_182859403',0,'2018-04-15 19:06:28',NULL,0),(251,'playerVirtual4','playerVirtual4_1438244924',1,'2018-04-15 19:06:58',NULL,0),(252,'playerVirtual4','playerVirtual4_151b366ad1',4,'2018-04-15 19:06:59',NULL,0),(253,'playerVirtual4','playerVirtual4_1438244924',1,'2018-04-15 19:06:59',NULL,0),(254,'playerVirtual2','playerVirtual2_1438244924',0,'2018-04-15 19:07:05',NULL,0),(255,'playerVirtual2','playerVirtual2_1438244924',0,'2018-04-15 19:07:06',NULL,0),(256,'playerVirtual7','playerVirtual7_6955737',1,'2018-04-15 19:07:49',NULL,0),(257,'playerVirtual7','playerVirtual7_6424543ed0',4,'2018-04-15 19:07:49',NULL,0),(258,'playerVirtual7','playerVirtual7_6955737',1,'2018-04-15 19:07:49',NULL,0),(259,'playerVirtual2','playerVirtual2_dcc82e7ac0',4,'2018-04-15 19:08:06',NULL,0),(260,'playerVirtual0','playerVirtual0_2381571381',0,'2018-04-15 19:08:44',NULL,0),(261,'playerVirtual0','playerVirtual0_2381571381',0,'2018-04-15 19:08:47',NULL,0),(262,'playerVirtual9','playerVirtual9_2378747961',0,'2018-04-15 19:09:01',NULL,0),(263,'playerVirtual9','playerVirtual9_2378747961',0,'2018-04-15 19:09:01',NULL,0),(264,'playerVirtual14','playerVirtual14_6641406',0,'2018-04-15 19:09:38',NULL,0),(265,'playerVirtual14','playerVirtual14_6641406',0,'2018-04-15 19:09:39',NULL,0),(266,'playerVirtual0','playerVirtual0_c4127166cf',4,'2018-04-15 19:09:42',NULL,0),(267,'playerVirtual9','playerVirtual9_5337cee9e0',4,'2018-04-15 19:10:01',NULL,0),(268,'playerVirtual16','playerVirtual16_f64b40de1e',4,'2018-04-15 19:10:56',NULL,0),(269,'playerVirtual1','playerVirtual1_6289704471',0,'2018-04-15 19:11:43',NULL,0),(270,'playerVirtual1','playerVirtual1_6289704471',0,'2018-04-15 19:11:44',NULL,0),(271,'playerVirtual6','playerVirtual6_74c68b569e',3,'2018-04-15 19:12:09',NULL,0),(272,'playerVirtual5','playerVirtual5_6955737',1,'2018-04-15 19:12:38',NULL,0),(273,'playerVirtual5','playerVirtual5_27b363caec',3,'2018-04-15 19:12:38',NULL,0),(274,'playerVirtual5','playerVirtual5_6955737',1,'2018-04-15 19:12:38',NULL,0),(275,'playerVirtual1','playerVirtual1_15c3f8978e',3,'2018-04-15 19:12:43',NULL,0),(276,'playerVirtual3','playerVirtual3_794070039',0,'2018-04-15 19:12:44',NULL,0),(277,'playerVirtual3','playerVirtual3_794070039',0,'2018-04-15 19:12:45',NULL,0),(278,'playerVirtual8','playerVirtual8_3338579772',1,'2018-04-15 19:12:48',NULL,0),(279,'playerVirtual8','playerVirtual8_d97e044b89',3,'2018-04-15 19:12:48',NULL,0),(280,'playerVirtual8','playerVirtual8_3338579772',1,'2018-04-15 19:12:48',NULL,0),(281,'playerVirtual3','playerVirtual3_e28b255c40',3,'2018-04-15 19:13:45',NULL,0),(282,'playerVirtual2','playerVirtual2_2381571381',1,'2018-04-15 19:14:04',NULL,0),(283,'playerVirtual2','playerVirtual2_9df6ae6211',3,'2018-04-15 19:14:04',NULL,0),(284,'playerVirtual2','playerVirtual2_2381571381',1,'2018-04-15 19:14:04',NULL,0),(285,'playerVirtual7','playerVirtual7_39fda104eb',3,'2018-04-15 19:14:14',NULL,0),(286,'playerVirtual4','playerVirtual4_990694203',0,'2018-04-15 19:14:39',NULL,0),(287,'playerVirtual4','playerVirtual4_990694203',0,'2018-04-15 19:14:39',NULL,0),(288,'playerVirtual4','playerVirtual4_9c23bbdd1d',3,'2018-04-15 19:15:39',NULL,0),(289,'playerVirtual17','playerVirtual17_39ca396c0a',4,'2018-04-15 19:15:54',NULL,0),(290,'playerVirtual15','playerVirtual15_1436344784',0,'2018-04-15 19:16:46',NULL,0),(291,'playerVirtual15','playerVirtual15_1436344784',0,'2018-04-15 19:16:46',NULL,0),(292,'playerVirtual5','playerVirtual5_2378747961',1,'2018-04-15 19:17:08',NULL,0),(293,'playerVirtual5','playerVirtual5_df7e6602ca',4,'2018-04-15 19:17:08',NULL,0),(294,'playerVirtual5','playerVirtual5_2378747961',1,'2018-04-15 19:17:08',NULL,0),(295,'playerVirtual9','playerVirtual9_2378747961',1,'2018-04-15 19:17:30',NULL,0),(296,'playerVirtual9','playerVirtual9_eddfc68071',3,'2018-04-15 19:17:31',NULL,0),(297,'playerVirtual9','playerVirtual9_2378747961',1,'2018-04-15 19:17:31',NULL,0),(298,'playerVirtual15','playerVirtual15_6f6cc670e6',3,'2018-04-15 19:17:46',NULL,0),(299,'playerVirtual0','playerVirtual0_182859403',0,'2018-04-15 19:18:55',NULL,0),(300,'playerVirtual0','playerVirtual0_182859403',0,'2018-04-15 19:18:56',NULL,0),(301,'playerVirtual2','playerVirtual2_c19ebe81fe',4,'2018-04-15 19:19:34',NULL,0),(302,'playerVirtual0','playerVirtual0_a4bbf788f7',3,'2018-04-15 19:19:55',NULL,0),(303,'playerVirtual7','playerVirtual7_1095593',1,'2018-04-15 19:19:57',NULL,0),(304,'playerVirtual7','playerVirtual7_6ad0f9e45c',4,'2018-04-15 19:19:58',NULL,0),(305,'playerVirtual7','playerVirtual7_1095593',1,'2018-04-15 19:19:58',NULL,0),(306,'playerVirtual4','playerVirtual4_990694203',1,'2018-04-15 19:20:33',NULL,0),(307,'playerVirtual4','playerVirtual4_1eb33e2b3b',4,'2018-04-15 19:20:33',NULL,0),(308,'playerVirtual4','playerVirtual4_990694203',1,'2018-04-15 19:20:33',NULL,0),(309,'playerVirtual18','playerVirtual18_4f02c3cd01',4,'2018-04-15 19:20:52',NULL,0),(310,'playerVirtual3','playerVirtual3_6ed259a4cd',4,'2018-04-15 19:22:37',NULL,0),(311,'playerVirtual6','playerVirtual6_5297461910',1,'2018-04-15 19:22:52',NULL,0),(312,'playerVirtual6','playerVirtual6_12c8f8b14e',4,'2018-04-15 19:22:53',NULL,0),(313,'playerVirtual6','playerVirtual6_5297461910',1,'2018-04-15 19:22:53',NULL,0),(314,'playerVirtual1','playerVirtual1_5d3041a36a',4,'2018-04-15 19:24:03',NULL,0),(315,'playerVirtual0','playerVirtual0_56b2d2437d',4,'2018-04-15 19:25:52',NULL,0),(316,'playerVirtual19','playerVirtual19_c9216fb36b',4,'2018-04-15 19:25:56',NULL,0),(317,'playerVirtual2','playerVirtual2_6274355716',1,'2018-04-15 19:27:55',NULL,0),(318,'playerVirtual2','playerVirtual2_5ab73580ff',3,'2018-04-15 19:27:55',NULL,0),(319,'playerVirtual2','playerVirtual2_6274355716',1,'2018-04-15 19:27:55',NULL,0),(320,'playerVirtual9','playerVirtual9_182859403',0,'2018-04-15 19:28:53',NULL,0),(321,'playerVirtual9','playerVirtual9_182859403',0,'2018-04-15 19:28:53',NULL,0),(322,'playerVirtual9','playerVirtual9_3f8831f7de',4,'2018-04-15 19:29:53',NULL,0),(323,'playerVirtual7','playerVirtual7_908315',1,'2018-04-15 19:30:30',NULL,0),(324,'playerVirtual7','playerVirtual7_aff1135d58',3,'2018-04-15 19:30:30',NULL,0),(325,'playerVirtual7','playerVirtual7_908315',1,'2018-04-15 19:30:30',NULL,0),(326,'playerVirtual20','playerVirtual20_81db231060',4,'2018-04-15 19:30:56',NULL,0),(327,'playerVirtual3','playerVirtual3_5068098508',1,'2018-04-15 19:31:20',NULL,0),(328,'playerVirtual3','playerVirtual3_bda3447177',3,'2018-04-15 19:31:20',NULL,0),(329,'playerVirtual3','playerVirtual3_5068098508',1,'2018-04-15 19:31:21',NULL,0),(330,'playerVirtual5','playerVirtual5_6274355716',0,'2018-04-15 19:31:24',NULL,0),(331,'playerVirtual5','playerVirtual5_6274355716',0,'2018-04-15 19:31:24',NULL,0),(332,'playerVirtual5','playerVirtual5_394f33cf70',3,'2018-04-15 19:32:24',NULL,0),(333,'playerVirtual6','playerVirtual6_4246147567',0,'2018-04-15 19:33:29',NULL,0),(334,'playerVirtual6','playerVirtual6_4246147567',0,'2018-04-15 19:33:29',NULL,0),(335,'playerVirtual1','playerVirtual1_6315250734',0,'2018-04-15 19:34:10',NULL,0),(336,'playerVirtual1','playerVirtual1_6315250734',0,'2018-04-15 19:34:11',NULL,0),(337,'playerVirtual6','playerVirtual6_cfbe6b5a65',3,'2018-04-15 19:34:29',NULL,0),(338,'playerVirtual1','playerVirtual1_a84e787953',3,'2018-04-15 19:35:11',NULL,0),(339,'playerVirtual21','playerVirtual21_bd6869641e',4,'2018-04-15 19:36:00',NULL,0),(340,'playerVirtual4','playerVirtual4_6289704471',0,'2018-04-15 19:36:29',NULL,0),(341,'playerVirtual4','playerVirtual4_6289704471',0,'2018-04-15 19:36:30',NULL,0),(342,'playerVirtual4','playerVirtual4_e7e6af6730',3,'2018-04-15 19:37:30',NULL,0),(343,'playerVirtual0','playerVirtual0_539194189',1,'2018-04-15 19:38:36',NULL,0),(344,'playerVirtual0','playerVirtual0_bab87b2367',3,'2018-04-15 19:38:36',NULL,0),(345,'playerVirtual0','playerVirtual0_539194189',1,'2018-04-15 19:38:37',NULL,0),(346,'playerVirtual9','playerVirtual9_4246147567',0,'2018-04-15 19:40:58',NULL,0),(347,'playerVirtual22','playerVirtual22_54752c311f',4,'2018-04-15 19:40:58',NULL,0),(348,'playerVirtual9','playerVirtual9_4246147567',0,'2018-04-15 19:40:58',NULL,0),(349,'playerVirtual5','playerVirtual5_4246147567',0,'2018-04-15 19:41:26',NULL,0),(350,'playerVirtual5','playerVirtual5_4246147567',0,'2018-04-15 19:41:27',NULL,0),(351,'playerVirtual2','playerVirtual2_4246147567',0,'2018-04-15 19:41:35',NULL,0),(352,'playerVirtual2','playerVirtual2_4246147567',0,'2018-04-15 19:41:35',NULL,0),(353,'playerVirtual9','playerVirtual9_04ec4ba61b',3,'2018-04-15 19:41:57',NULL,0),(354,'playerVirtual5','playerVirtual5_c45b95a1d7',4,'2018-04-15 19:42:27',NULL,0),(355,'playerVirtual2','playerVirtual2_23d4ef46a2',4,'2018-04-15 19:42:35',NULL,0),(356,'playerVirtual7','playerVirtual7_4246147567',0,'2018-04-15 19:42:36',NULL,0),(357,'playerVirtual7','playerVirtual7_4246147567',0,'2018-04-15 19:42:36',NULL,0),(358,'playerVirtual7','playerVirtual7_dbb5736abe',4,'2018-04-15 19:43:36',NULL,0),(359,'playerVirtual4','playerVirtual4_359920779',1,'2018-04-15 19:44:33',NULL,0),(360,'playerVirtual4','playerVirtual4_36362498e6',4,'2018-04-15 19:44:33',NULL,0),(361,'playerVirtual4','playerVirtual4_359920779',1,'2018-04-15 19:44:33',NULL,0),(362,'playerVirtual6','playerVirtual6_8863bef6bf',4,'2018-04-15 19:45:13',NULL,0),(363,'playerVirtual3','playerVirtual3_4246147567',0,'2018-04-15 19:45:44',NULL,0),(364,'playerVirtual3','playerVirtual3_4246147567',0,'2018-04-15 19:45:44',NULL,0),(365,'playerVirtual23','playerVirtual23_e197090182',4,'2018-04-15 19:45:52',NULL,0),(366,'playerVirtual3','playerVirtual3_babc2ec19b',4,'2018-04-15 19:46:44',NULL,0),(367,'playerVirtual1','playerVirtual1_6322213339',0,'2018-04-15 19:48:32',NULL,0),(368,'playerVirtual1','playerVirtual1_6322213339',0,'2018-04-15 19:48:32',NULL,0),(369,'playerVirtual1','playerVirtual1_341c999f67',4,'2018-04-15 19:49:32',NULL,0),(370,'playerVirtual0','playerVirtual0_4246147567',0,'2018-04-15 19:49:40',NULL,0),(371,'playerVirtual0','playerVirtual0_4246147567',0,'2018-04-15 19:49:40',NULL,0),(372,'playerVirtual0','playerVirtual0_e94e367d48',4,'2018-04-15 19:50:40',NULL,0),(373,'playerVirtual2','playerVirtual2_4246147567',1,'2018-04-15 19:50:56',NULL,0),(374,'playerVirtual2','playerVirtual2_e664fc50a9',3,'2018-04-15 19:50:56',NULL,0),(375,'playerVirtual2','playerVirtual2_4246147567',1,'2018-04-15 19:50:57',NULL,0),(376,'playerVirtual24','playerVirtual24_571d24620c',4,'2018-04-15 19:50:57',NULL,0),(377,'playerVirtual9','playerVirtual9_4246147567',1,'2018-04-15 19:53:18',NULL,0),(378,'playerVirtual9','playerVirtual9_e03c9293e9',4,'2018-04-15 19:53:18',NULL,0),(379,'playerVirtual9','playerVirtual9_4246147567',1,'2018-04-15 19:53:18',NULL,0),(380,'playerVirtual7','playerVirtual7_4246147567',1,'2018-04-15 19:54:08',NULL,0),(381,'playerVirtual7','playerVirtual7_0b71f1879d',3,'2018-04-15 19:54:09',NULL,0),(382,'playerVirtual7','playerVirtual7_4246147567',1,'2018-04-15 19:54:09',NULL,0),(383,'playerVirtual3','playerVirtual3_4246147567',1,'2018-04-15 19:55:29',NULL,0),(384,'playerVirtual3','playerVirtual3_91909a8a9a',3,'2018-04-15 19:55:29',NULL,0),(385,'playerVirtual3','playerVirtual3_4246147567',1,'2018-04-15 19:55:29',NULL,0),(386,'playerVirtual25','playerVirtual25_0f44be1bab',4,'2018-04-15 19:56:00',NULL,0),(387,'playerVirtual5','playerVirtual5_3801b081ef',3,'2018-04-15 19:56:43',NULL,0),(388,'playerVirtual6','playerVirtual6_4246147567',0,'2018-04-15 20:00:13',NULL,0),(389,'playerVirtual6','playerVirtual6_724957eb10',3,'2018-04-15 20:00:14',NULL,0),(390,'playerVirtual6','playerVirtual6_4246147567',0,'2018-04-15 20:00:14',NULL,0),(391,'playerVirtual26','playerVirtual26_380ff8b833',4,'2018-04-15 20:00:51',NULL,0),(392,'playerVirtual1','playerVirtual1_4246147567',0,'2018-04-15 20:02:50',NULL,0),(393,'playerVirtual1','playerVirtual1_4246147567',0,'2018-04-15 20:02:50',NULL,0),(394,'playerVirtual4','playerVirtual4_6335261139',0,'2018-04-15 20:03:13',NULL,0),(395,'playerVirtual4','playerVirtual4_6335261139',0,'2018-04-15 20:03:13',NULL,0),(396,'playerVirtual0','playerVirtual0_4246147567',1,'2018-04-15 20:03:24',NULL,0),(397,'playerVirtual0','playerVirtual0_8b86412978',3,'2018-04-15 20:03:25',NULL,0),(398,'playerVirtual0','playerVirtual0_4246147567',1,'2018-04-15 20:03:25',NULL,0),(399,'playerVirtual1','playerVirtual1_22e564157f',3,'2018-04-15 20:03:50',NULL,0),(400,'playerVirtual4','playerVirtual4_db502a4088',3,'2018-04-15 20:04:13',NULL,0),(401,'playerVirtual27','playerVirtual27_3aa9b73486',4,'2018-04-15 20:05:55',NULL,0),(402,'playerVirtual2','playerVirtual2_4246147567',0,'2018-04-15 20:09:28',NULL,0),(403,'playerVirtual2','playerVirtual2_24f79ce2ba',4,'2018-04-15 20:09:28',NULL,0),(404,'playerVirtual2','playerVirtual2_4246147567',0,'2018-04-15 20:09:28',NULL,0),(405,'playerVirtual9','playerVirtual9_4246147567',0,'2018-04-15 20:09:43',NULL,0),(406,'playerVirtual9','playerVirtual9_2160fc3684',3,'2018-04-15 20:09:43',NULL,0),(407,'playerVirtual9','playerVirtual9_4246147567',0,'2018-04-15 20:09:44',NULL,0),(408,'playerVirtual28','playerVirtual28_74b5a05d12',4,'2018-04-15 20:10:53',NULL,0),(409,'playerVirtual5','playerVirtual5_4246147567',0,'2018-04-15 20:10:53',NULL,0),(410,'playerVirtual5','playerVirtual5_8b79b135e1',4,'2018-04-15 20:10:53',NULL,0),(411,'playerVirtual5','playerVirtual5_4246147567',0,'2018-04-15 20:10:53',NULL,0),(412,'playerVirtual6','playerVirtual6_edea50f2a4',4,'2018-04-15 20:10:58',NULL,0),(413,'playerVirtual7','playerVirtual7_990694203',0,'2018-04-15 20:11:24',NULL,0),(414,'playerVirtual7','playerVirtual7_701e15c1c9',4,'2018-04-15 20:11:24',NULL,0),(415,'playerVirtual7','playerVirtual7_990694203',0,'2018-04-15 20:11:24',NULL,0),(416,'playerVirtual4','playerVirtual4_4d96c1fb78',4,'2018-04-15 20:13:53',NULL,0),(417,'playerVirtual3','playerVirtual3_4246147567',0,'2018-04-15 20:14:57',NULL,0),(418,'playerVirtual3','playerVirtual3_f1699fa240',4,'2018-04-15 20:14:58',NULL,0),(419,'playerVirtual3','playerVirtual3_4246147567',0,'2018-04-15 20:14:58',NULL,0),(420,'playerVirtual29','playerVirtual29_5143c0730d',4,'2018-04-15 20:15:54',NULL,0),(421,'playerVirtual24','playerVirtual24_4246147567',0,'2018-04-15 20:17:04',NULL,0),(422,'playerVirtual24','playerVirtual24_4246147567',0,'2018-04-15 20:17:04',NULL,0),(423,'playerVirtual1','playerVirtual1_229a3d628d',4,'2018-04-15 20:17:13',NULL,0),(424,'playerVirtual2','playerVirtual2_bd08a79552',3,'2018-04-15 20:17:50',NULL,0),(425,'playerVirtual24','playerVirtual24_12a9d34c71',3,'2018-04-15 20:18:04',NULL,0),(426,'playerVirtual24','playerVirtual24_02ac4e1424',4,'2018-04-15 20:19:05',NULL,0),(427,'playerVirtual0','playerVirtual0_82730999',0,'2018-04-15 20:19:56',NULL,0),(428,'playerVirtual0','playerVirtual0_82730999',0,'2018-04-15 20:19:57',NULL,0),(429,'playerVirtual30','playerVirtual30_96d5681c5c',4,'2018-04-15 20:20:56',NULL,0),(430,'playerVirtual0','playerVirtual0_7863f19cfe',4,'2018-04-15 20:20:57',NULL,0),(431,'playerVirtual9','playerVirtual9_4246147567',1,'2018-04-15 20:21:06',NULL,0),(432,'playerVirtual9','playerVirtual9_c93f2f1d2d',4,'2018-04-15 20:21:06',NULL,0),(433,'playerVirtual9','playerVirtual9_4246147567',1,'2018-04-15 20:21:06',NULL,0),(434,'playerVirtual7','playerVirtual7_990694203',1,'2018-04-15 20:21:57',NULL,0),(435,'playerVirtual7','playerVirtual7_22d6ec08f6',3,'2018-04-15 20:21:57',NULL,0),(436,'playerVirtual7','playerVirtual7_990694203',1,'2018-04-15 20:21:57',NULL,0),(437,'playerVirtual3','playerVirtual3_4246147567',1,'2018-04-15 20:23:41',NULL,0),(438,'playerVirtual3','playerVirtual3_5cceeed7ee',3,'2018-04-15 20:23:41',NULL,0),(439,'playerVirtual3','playerVirtual3_4246147567',1,'2018-04-15 20:23:41',NULL,0),(440,'playerVirtual5','playerVirtual5_cb40afb674',3,'2018-04-15 20:25:10',NULL,0),(441,'playerVirtual31','playerVirtual31_cbb2fb9be8',4,'2018-04-15 20:25:52',NULL,0),(442,'playerVirtual6','playerVirtual6_82730999',1,'2018-04-15 20:29:27',NULL,0),(443,'playerVirtual6','playerVirtual6_f0a1c88741',3,'2018-04-15 20:29:27',NULL,0),(444,'playerVirtual6','playerVirtual6_82730999',1,'2018-04-15 20:29:28',NULL,0),(445,'playerVirtual32','playerVirtual32_fcace95ecd',4,'2018-04-15 20:30:58',NULL,0),(446,'playerVirtual4','playerVirtual4_4246147567',0,'2018-04-15 20:34:28',NULL,0),(447,'playerVirtual4','playerVirtual4_4246147567',0,'2018-04-15 20:34:28',NULL,0),(448,'playerVirtual1','playerVirtual1_5068098508',0,'2018-04-15 20:34:31',NULL,0),(449,'playerVirtual1','playerVirtual1_5068098508',0,'2018-04-15 20:34:31',NULL,0),(450,'playerVirtual4','playerVirtual4_6f2abb38ce',3,'2018-04-15 20:35:28',NULL,0),(451,'playerVirtual1','playerVirtual1_0a2f71ca0a',3,'2018-04-15 20:35:31',NULL,0),(452,'playerVirtual0','playerVirtual0_1438244924',0,'2018-04-15 20:35:51',NULL,0),(453,'playerVirtual0','playerVirtual0_1438244924',0,'2018-04-15 20:35:52',NULL,0),(454,'playerVirtual33','playerVirtual33_373ad7d65b',4,'2018-04-15 20:35:59',NULL,0),(455,'playerVirtual0','playerVirtual0_c0538388ef',3,'2018-04-15 20:36:52',NULL,0),(456,'playerVirtual2','playerVirtual2_4246147567',0,'2018-04-15 20:40:12',NULL,0),(457,'playerVirtual2','playerVirtual2_ac76bfe4a3',4,'2018-04-15 20:40:12',NULL,0),(458,'playerVirtual2','playerVirtual2_4246147567',0,'2018-04-15 20:40:12',NULL,0),(459,'playerVirtual34','playerVirtual34_7ec76172bd',4,'2018-04-15 20:41:00',NULL,0),(460,'playerVirtual9','playerVirtual9_4246147567',0,'2018-04-15 20:41:10',NULL,0),(461,'playerVirtual9','playerVirtual9_465ff8ded3',3,'2018-04-15 20:41:10',NULL,0),(462,'playerVirtual9','playerVirtual9_4246147567',0,'2018-04-15 20:41:11',NULL,0),(463,'playerVirtual7','playerVirtual7_4246147567',0,'2018-04-15 20:43:06',NULL,0),(464,'playerVirtual7','playerVirtual7_3859ac5b6f',4,'2018-04-15 20:43:07',NULL,0),(465,'playerVirtual7','playerVirtual7_4246147567',0,'2018-04-15 20:43:07',NULL,0),(466,'playerVirtual5','playerVirtual5_4246147567',0,'2018-04-15 20:43:18',NULL,0),(467,'playerVirtual5','playerVirtual5_c3276e6548',4,'2018-04-15 20:43:18',NULL,0),(468,'playerVirtual5','playerVirtual5_4246147567',0,'2018-04-15 20:43:18',NULL,0),(469,'playerVirtual3','playerVirtual3_16917741',1,'2018-04-15 20:44:07',NULL,0),(470,'playerVirtual3','playerVirtual3_74064375e0',4,'2018-04-15 20:44:07',NULL,0),(471,'playerVirtual3','playerVirtual3_16917741',1,'2018-04-15 20:44:09',NULL,0),(472,'playerVirtual6','playerVirtual6_4246147567',0,'2018-04-15 20:44:15',NULL,0),(473,'playerVirtual6','playerVirtual6_059b8a9173',4,'2018-04-15 20:44:16',NULL,0),(474,'playerVirtual6','playerVirtual6_4246147567',0,'2018-04-15 20:44:16',NULL,0),(475,'playerVirtual4','playerVirtual4_448f7ef4c4',4,'2018-04-15 20:45:12',NULL,0),(476,'playerVirtual35','playerVirtual35_61505c8e65',4,'2018-04-15 20:45:58',NULL,0),(477,'playerVirtual2','playerVirtual2_852b42d5a9',3,'2018-04-15 20:48:34',NULL,0),(478,'playerVirtual36','playerVirtual36_9a302d2e58',4,'2018-04-15 20:50:58',NULL,0),(479,'playerVirtual30','playerVirtual30_4246147567',0,'2018-04-15 20:51:10',NULL,0),(480,'playerVirtual30','playerVirtual30_4246147567',0,'2018-04-15 20:51:10',NULL,0),(481,'playerVirtual30','playerVirtual30_d45626e775',3,'2018-04-15 20:52:10',NULL,0),(482,'playerVirtual9','playerVirtual9_949ea2b3ba',4,'2018-04-15 20:52:33',NULL,0),(483,'playerVirtual1','playerVirtual1_4246147567',0,'2018-04-15 20:52:51',NULL,0),(484,'playerVirtual1','playerVirtual1_e5e76b5b5c',4,'2018-04-15 20:52:51',NULL,0),(485,'playerVirtual1','playerVirtual1_4246147567',0,'2018-04-15 20:52:51',NULL,0),(486,'playerVirtual30','playerVirtual30_5b91895745',4,'2018-04-15 20:53:11',NULL,0),(487,'playerVirtual7','playerVirtual7_4246147567',1,'2018-04-15 20:53:39',NULL,0),(488,'playerVirtual7','playerVirtual7_e929b88b26',3,'2018-04-15 20:53:39',NULL,0),(489,'playerVirtual7','playerVirtual7_4246147567',1,'2018-04-15 20:53:39',NULL,0),(490,'playerVirtual37','playerVirtual37_ca65d58192',4,'2018-04-15 20:56:00',NULL,0),(491,'playerVirtual5','playerVirtual5_4246147567',1,'2018-04-15 20:57:36',NULL,0),(492,'playerVirtual5','playerVirtual5_0a689a72c4',3,'2018-04-15 20:57:37',NULL,0),(493,'playerVirtual5','playerVirtual5_4246147567',1,'2018-04-15 20:57:37',NULL,0),(494,'playerVirtual0','playerVirtual0_904011',0,'2018-04-15 20:57:43',NULL,0),(495,'playerVirtual0','playerVirtual0_904011',0,'2018-04-15 20:57:43',NULL,0),(496,'playerVirtual0','playerVirtual0_a1d61d825d',4,'2018-04-15 20:58:43',NULL,0),(497,'playerVirtual3','playerVirtual3_794070039',1,'2018-04-15 21:00:00',NULL,0),(498,'playerVirtual3','playerVirtual3_dd223bfe9c',3,'2018-04-15 21:00:00',NULL,0),(499,'playerVirtual3','playerVirtual3_794070039',1,'2018-04-15 21:00:00',NULL,0),(500,'playerVirtual38','playerVirtual38_c4ff83f851',4,'2018-04-15 21:00:56',NULL,0),(501,'playerVirtual6','playerVirtual6_1e40756087',3,'2018-04-15 21:02:46',NULL,0);
/*!40000 ALTER TABLE `REQUEST` ENABLE KEYS */;
UNLOCK TABLES;

--
-- Table structure for table `STATUS`
--

DROP TABLE IF EXISTS `STATUS`;
/*!40101 SET @saved_cs_client     = @@character_set_client */;
/*!40101 SET character_set_client = utf8 */;
CREATE TABLE `STATUS` (
  `id` int(11) NOT NULL AUTO_INCREMENT,
  `players` int(11) DEFAULT '0',
  `all_requests` int(11) DEFAULT '0',
  `accepts` int(11) DEFAULT '0',
  `rejects` int(11) DEFAULT '0',
  `fairness` double DEFAULT '0',
  `timestamp` timestamp NULL DEFAULT NULL,
  PRIMARY KEY (`id`)
) ENGINE=InnoDB AUTO_INCREMENT=32 DEFAULT CHARSET=utf8;
/*!40101 SET character_set_client = @saved_cs_client */;

--
-- Dumping data for table `STATUS`
--

LOCK TABLES `STATUS` WRITE;
/*!40000 ALTER TABLE `STATUS` DISABLE KEYS */;
INSERT INTO `STATUS` VALUES (1,0,0,0,0,0,'2018-04-15 18:34:39'),(2,10,20,0,0,0,'2018-04-15 18:39:39'),(3,11,31,20,2,0.6452,'2018-04-15 18:44:39'),(4,12,43,29,6,0.6744,'2018-04-15 18:49:40'),(5,13,59,37,10,0.6271,'2018-04-15 18:54:40'),(6,14,64,46,16,0.7188,'2018-04-15 18:59:40'),(7,15,69,47,20,0.6812,'2018-04-15 19:04:40'),(8,16,78,48,24,0.6154,'2018-04-15 19:09:40'),(9,17,81,51,27,0.6296,'2018-04-15 19:14:40'),(10,18,83,52,29,0.6265,'2018-04-15 19:19:40'),(11,19,83,53,29,0.6386,'2018-04-15 19:24:41'),(12,20,84,53,30,0.631,'2018-04-15 19:29:41'),(13,21,87,53,32,0.6092,'2018-04-15 19:34:41'),(14,22,88,54,33,0.6136,'2018-04-15 19:39:41'),(15,23,92,54,34,0.587,'2018-04-15 19:44:41'),(16,24,95,57,35,0.6,'2018-04-15 19:49:41'),(17,25,95,59,35,0.6211,'2018-04-15 19:54:41'),(18,26,95,59,35,0.6211,'2018-04-15 19:59:41'),(19,27,98,59,38,0.602,'2018-04-15 20:04:42'),(20,28,99,59,38,0.596,'2018-04-15 20:09:42'),(21,29,102,59,40,0.5784,'2018-04-15 20:14:42'),(22,30,104,61,41,0.5865,'2018-04-15 20:19:42'),(23,31,105,62,41,0.5905,'2018-04-15 20:24:42'),(24,32,105,63,41,0.6,'2018-04-15 20:29:42'),(25,33,107,63,41,0.5888,'2018-04-15 20:34:42'),(26,34,108,63,44,0.5833,'2018-04-15 20:39:43'),(27,35,113,63,46,0.5575,'2018-04-15 20:44:43'),(28,36,113,65,47,0.5752,'2018-04-15 20:49:43'),(29,37,115,65,49,0.5652,'2018-04-15 20:54:43'),(30,38,116,67,48,0.5776,'2018-04-15 20:59:43'),(31,39,116,67,48,0.5776,'2018-04-15 21:04:44');
/*!40000 ALTER TABLE `STATUS` ENABLE KEYS */;
UNLOCK TABLES;

--
-- Table structure for table `THRESHOLD`
--

DROP TABLE IF EXISTS `THRESHOLD`;
/*!40101 SET @saved_cs_client     = @@character_set_client */;
/*!40101 SET character_set_client = utf8 */;
CREATE TABLE `THRESHOLD` (
  `division` int(11) NOT NULL,
  `botton` double DEFAULT '0',
  `top` double DEFAULT '0',
  PRIMARY KEY (`division`)
) ENGINE=InnoDB DEFAULT CHARSET=utf8;
/*!40101 SET character_set_client = @saved_cs_client */;

--
-- Dumping data for table `THRESHOLD`
--

LOCK TABLES `THRESHOLD` WRITE;
/*!40000 ALTER TABLE `THRESHOLD` DISABLE KEYS */;
INSERT INTO `THRESHOLD` VALUES (1,8.76,20),(2,4.38,8.76),(3,0,4.38);
/*!40000 ALTER TABLE `THRESHOLD` ENABLE KEYS */;
UNLOCK TABLES;

--
-- Table structure for table `VM`
--

DROP TABLE IF EXISTS `VM`;
/*!40101 SET @saved_cs_client     = @@character_set_client */;
/*!40101 SET character_set_client = utf8 */;
CREATE TABLE `VM` (
  `id` int(11) NOT NULL AUTO_INCREMENT,
  `origin_add` varchar(45) NOT NULL,
  `origin_id` varchar(45) NOT NULL,
  `origin_name` varchar(45) NOT NULL,
  `destiny_add` varchar(45) NOT NULL,
  `destiny_name` varchar(45) NOT NULL,
  `destiny_id` varchar(45) NOT NULL,
  `status` tinyint(1) NOT NULL,
  `has_resources` tinyint(1) NOT NULL,
  `vcpus` int(11) NOT NULL,
  `mem` bigint(20) NOT NULL,
  `disk` bigint(20) NOT NULL,
  `timestamp_received` timestamp NULL DEFAULT NULL,
  `timestamp_finished` timestamp NULL DEFAULT NULL,
  PRIMARY KEY (`id`)
) ENGINE=InnoDB AUTO_INCREMENT=117 DEFAULT CHARSET=utf8;
/*!40101 SET character_set_client = @saved_cs_client */;

--
-- Dumping data for table `VM`
--

LOCK TABLES `VM` WRITE;
/*!40000 ALTER TABLE `VM` DISABLE KEYS */;
INSERT INTO `VM` VALUES (1,'192.168.0.200','playerVirtual1_450512000','playerVirtual1','192.168.0.200','playerVirtual4','playerVirtual4_7c9446e654',1,1,1,2048,20,'2018-04-15 18:36:49',NULL),(2,'192.168.0.200','playerVirtual4_1438244924','playerVirtual4','192.168.0.200','playerVirtual1','playerVirtual1_651e9dca2d',3,1,1,2048,20,'2018-04-15 18:36:51','2018-04-15 19:06:59'),(3,'192.168.0.200','playerVirtual8_640692267','playerVirtual8','192.168.0.200','playerVirtual2','playerVirtual2_44a26c44bb',1,1,1,512,1,'2018-04-15 18:36:54',NULL),(4,'192.168.0.200','playerVirtual2_2381571381','playerVirtual2','192.168.0.200','playerVirtual8','playerVirtual8_0505bb0036',3,1,1,2048,20,'2018-04-15 18:36:55','2018-04-15 19:14:04'),(5,'192.168.0.200','playerVirtual6_5297461910','playerVirtual6','192.168.0.200','playerVirtual5','playerVirtual5_4b3a2d3d94',3,1,1,512,1,'2018-04-15 18:36:56','2018-04-15 19:22:53'),(6,'192.168.0.200','playerVirtual5_2790332778','playerVirtual5','192.168.0.200','playerVirtual6','playerVirtual6_eff596e773',1,1,2,4096,40,'2018-04-15 18:37:00',NULL),(7,'192.168.0.200','playerVirtual3_369721705','playerVirtual3','192.168.0.200','playerVirtual9','playerVirtual9_367fe0a5ef',1,1,2,4096,40,'2018-04-15 18:37:01',NULL),(8,'192.168.0.200','playerVirtual9_317469422','playerVirtual9','192.168.0.200','playerVirtual3','playerVirtual3_386c2bc134',1,1,2,4096,40,'2018-04-15 18:37:01',NULL),(9,'192.168.0.200','playerVirtual7_6955737','playerVirtual7','192.168.0.200','playerVirtual0','playerVirtual0_ea56c92244',3,1,1,2048,20,'2018-04-15 18:37:01','2018-04-15 19:07:49'),(10,'192.168.0.200','playerVirtual0_257338104','playerVirtual0','192.168.0.200','playerVirtual7','playerVirtual7_a55f1fe7b4',1,1,2,4096,40,'2018-04-15 18:37:02',NULL),(11,'192.168.0.200','playerVirtual1_3584940347','playerVirtual1','192.168.0.200','playerVirtual4','playerVirtual4_2b4320e5ed',1,1,1,512,1,'2018-04-15 18:39:01',NULL),(12,'192.168.0.200','playerVirtual4_2433236783','playerVirtual4','192.168.0.200','playerVirtual1','playerVirtual1_48cf38106b',1,1,1,2048,20,'2018-04-15 18:39:01',NULL),(13,'192.168.0.200','playerVirtual8_3338579772','playerVirtual8','192.168.0.200','playerVirtual2','playerVirtual2_4c42e5aff3',3,1,1,2048,20,'2018-04-15 18:39:03','2018-04-15 19:12:48'),(14,'192.168.0.200','playerVirtual2_257407216','playerVirtual2','192.168.0.200','playerVirtual5','playerVirtual5_4bc70c8747',1,1,2,4096,40,'2018-04-15 18:39:03',NULL),(15,'192.168.0.200','playerVirtual6_182859403','playerVirtual6','192.168.0.200','playerVirtual9','playerVirtual9_9c0f45f55f',3,1,1,512,1,'2018-04-15 18:39:10','2018-04-15 18:59:28'),(16,'192.168.0.200','playerVirtual5_2359368952','playerVirtual5','192.168.0.200','playerVirtual6','playerVirtual6_08e27c37fb',3,1,1,512,1,'2018-04-15 18:39:13','2018-04-15 18:53:59'),(17,'192.168.0.200','playerVirtual3_16917741','playerVirtual3','192.168.0.200','playerVirtual0','playerVirtual0_25d8d5a324',3,1,1,512,1,'2018-04-15 18:39:16','2018-04-15 20:44:09'),(18,'192.168.0.200','playerVirtual9_2545640208','playerVirtual9','192.168.0.200','playerVirtual3','playerVirtual3_49d7ea3c74',1,1,1,2048,20,'2018-04-15 18:39:25',NULL),(19,'192.168.0.200','playerVirtual7_908315','playerVirtual7','192.168.0.200','playerVirtual1','playerVirtual1_6938acd9ab',3,1,1,2048,20,'2018-04-15 18:39:27','2018-04-15 19:30:31'),(20,'192.168.0.200','playerVirtual0_539194189','playerVirtual0','192.168.0.200','playerVirtual7','playerVirtual7_b616ec00e3',3,1,1,2048,20,'2018-04-15 18:39:35','2018-04-15 19:38:37'),(21,'192.168.0.200','playerVirtual1_4820204870','playerVirtual1','192.168.0.200','playerVirtual10','playerVirtual10_82894ac665',2,1,2,4096,40,'2018-04-15 18:42:16','2018-04-15 18:42:43'),(22,'192.168.0.200','playerVirtual4_8058564','playerVirtual4','192.168.0.200','playerVirtual2','playerVirtual2_492860d19f',1,1,1,2048,20,'2018-04-15 18:43:08',NULL),(23,'192.168.0.200','playerVirtual8_1429160667','playerVirtual8','192.168.0.200','playerVirtual4','playerVirtual4_47e362ec83',1,1,1,2048,20,'2018-04-15 18:43:12',NULL),(24,'192.168.0.200','playerVirtual2_3338010893','playerVirtual2','192.168.0.200','playerVirtual5','playerVirtual5_07fc53d202',1,1,1,512,1,'2018-04-15 18:43:14',NULL),(25,'192.168.0.200','playerVirtual6_82730999','playerVirtual6','192.168.0.200','playerVirtual9','playerVirtual9_e9a7455df0',3,1,1,512,1,'2018-04-15 18:43:19','2018-04-15 20:29:28'),(26,'192.168.0.200','playerVirtual5_351652724','playerVirtual5','192.168.0.200','playerVirtual0','playerVirtual0_7a4749d474',1,1,1,2048,20,'2018-04-15 18:43:25',NULL),(27,'192.168.0.200','playerVirtual3_6571218','playerVirtual3','192.168.0.200','playerVirtual7','playerVirtual7_2dcc8eaf9f',1,1,1,2048,20,'2018-04-15 18:43:26',NULL),(28,'192.168.0.200','playerVirtual9_778566023','playerVirtual9','192.168.0.200','playerVirtual3','playerVirtual3_0e3f0b4023',1,1,1,512,1,'2018-04-15 18:43:28',NULL),(29,'192.168.0.200','playerVirtual7_1436344784','playerVirtual7','192.168.0.200','playerVirtual10','playerVirtual10_8d3b7f75fd',2,1,1,2048,20,'2018-04-15 18:43:32','2018-04-15 18:43:46'),(30,'192.168.0.200','playerVirtual0_1339662','playerVirtual0','192.168.0.200','playerVirtual2','playerVirtual2_03d0f24314',1,1,1,2048,20,'2018-04-15 18:43:34',NULL),(31,'192.168.0.200','playerVirtual10_317497342','playerVirtual10','192.168.0.200','playerVirtual4','playerVirtual4_adf22c0e7e',1,1,1,512,1,'2018-04-15 18:44:25',NULL),(32,'192.168.0.200','playerVirtual1_284794223','playerVirtual1','192.168.0.200','playerVirtual5','playerVirtual5_70893905cf',1,1,1,2048,20,'2018-04-15 18:45:34',NULL),(33,'192.168.0.200','playerVirtual4_359920779','playerVirtual4','192.168.0.200','playerVirtual1','playerVirtual1_b6bb65cdf3',3,1,1,512,1,'2018-04-15 18:45:35','2018-04-15 19:44:34'),(34,'192.168.0.200','playerVirtual8_904011','playerVirtual8','192.168.0.200','playerVirtual10','playerVirtual10_11de707470',2,1,1,2048,20,'2018-04-15 18:45:35','2018-04-15 18:45:49'),(35,'192.168.0.200','playerVirtual2_2904109077','playerVirtual2','192.168.0.200','playerVirtual9','playerVirtual9_9411a2aee8',1,1,1,512,1,'2018-04-15 18:45:37',NULL),(36,'192.168.0.200','playerVirtual6_257338074','playerVirtual6','192.168.0.200','playerVirtual10','playerVirtual10_1ce4b5f8b5',2,1,2,4096,40,'2018-04-15 18:45:44','2018-04-15 18:45:50'),(37,'192.168.0.200','playerVirtual5_905614','playerVirtual5','192.168.0.200','playerVirtual0','playerVirtual0_bed92784f7',1,1,1,2048,20,'2018-04-15 18:45:50',NULL),(38,'192.168.0.200','playerVirtual3_1093460','playerVirtual3','192.168.0.200','playerVirtual7','playerVirtual7_3e5bc0c016',1,1,1,512,1,'2018-04-15 18:45:51',NULL),(39,'192.168.0.200','playerVirtual9_6569547','playerVirtual9','192.168.0.200','playerVirtual11','playerVirtual11_9e34746c15',2,1,1,2048,20,'2018-04-15 18:46:02','2018-04-15 18:46:51'),(40,'192.168.0.200','playerVirtual7_470485660','playerVirtual7','192.168.0.200','playerVirtual3','playerVirtual3_b4cd3a9e1b',1,1,2,4096,40,'2018-04-15 18:46:04',NULL),(41,'192.168.0.200','playerVirtual0_30788568','playerVirtual0','192.168.0.200','playerVirtual4','playerVirtual4_1ce4a2905f',1,1,1,512,1,'2018-04-15 18:46:15',NULL),(42,'192.168.0.200','playerVirtual10_5792765','playerVirtual10','192.168.0.200','playerVirtual11','playerVirtual11_6e90762288',2,1,1,512,1,'2018-04-15 18:46:34','2018-04-15 18:46:52'),(43,'192.168.0.200','playerVirtual1_400453824','playerVirtual1','192.168.0.200','playerVirtual5','playerVirtual5_0de88c9a40',1,1,1,512,1,'2018-04-15 18:49:04',NULL),(44,'192.168.0.200','playerVirtual11_38671842','playerVirtual11','192.168.0.200','playerVirtual8','playerVirtual11_38671842',0,0,1,512,1,'2018-04-15 18:49:45','2018-04-15 18:49:45'),(45,'192.168.0.200','playerVirtual4_4820318661','playerVirtual4','192.168.0.200','playerVirtual1','playerVirtual1_47ca68f5c2',1,1,2,4096,40,'2018-04-15 18:50:04',NULL),(46,'192.168.0.200','playerVirtual8_4819935267','playerVirtual8','192.168.0.200','playerVirtual11','playerVirtual11_85ced9fe5d',2,1,2,4096,40,'2018-04-15 18:50:09','2018-04-15 18:51:01'),(47,'192.168.0.200','playerVirtual2_4820217293','playerVirtual2','192.168.0.200','playerVirtual9','playerVirtual9_07cfebe248',1,1,2,4096,40,'2018-04-15 18:50:14',NULL),(48,'192.168.0.200','playerVirtual6_6264344062','playerVirtual6','192.168.0.200','playerVirtual11','playerVirtual11_8a9ba7e358',2,1,1,512,1,'2018-04-15 18:50:19','2018-04-15 18:51:01'),(49,'192.168.0.200','playerVirtual5_2378747961','playerVirtual5','192.168.0.200','playerVirtual7','playerVirtual7_9f5f2de873',3,1,1,512,1,'2018-04-15 18:50:35','2018-04-15 19:17:08'),(50,'192.168.0.200','playerVirtual3_5068098508','playerVirtual3','192.168.0.200','playerVirtual4','playerVirtual4_2d1ef47f41',3,1,1,2048,20,'2018-04-15 18:50:40','2018-04-15 19:31:21'),(51,'192.168.0.200','playerVirtual9_227443932','playerVirtual9','192.168.0.200','playerVirtual12','playerVirtual12_c2bf910553',2,1,1,2048,20,'2018-04-15 18:51:56','2018-04-15 18:52:03'),(52,'192.168.0.200','playerVirtual7_1095593','playerVirtual7','192.168.0.200','playerVirtual3','playerVirtual3_e815614da4',3,1,1,512,1,'2018-04-15 18:52:03','2018-04-15 19:19:58'),(53,'192.168.0.200','playerVirtual0_2148750930','playerVirtual0','192.168.0.200','playerVirtual5','playerVirtual5_ab27e91d34',1,1,1,2048,20,'2018-04-15 18:52:06',NULL),(54,'192.168.0.200','playerVirtual11_16915963','playerVirtual11','192.168.0.200','playerVirtual12','playerVirtual12_48b657ca4f',2,1,1,2048,20,'2018-04-15 18:53:40','2018-04-15 18:54:09'),(55,'192.168.0.200','playerVirtual1_765651','playerVirtual1','192.168.0.200','playerVirtual6','playerVirtual6_4abc9e4491',1,1,1,2048,20,'2018-04-15 18:54:13',NULL),(56,'192.168.0.200','playerVirtual4_284757920','playerVirtual4','192.168.0.200','playerVirtual1','playerVirtual1_11a9070792',1,1,1,2048,20,'2018-04-15 18:54:21',NULL),(57,'192.168.0.200','playerVirtual8_272887063','playerVirtual8','192.168.0.200','playerVirtual11','playerVirtual11_c51982a259',2,1,1,2048,20,'2018-04-15 18:54:24','2018-04-15 18:55:12'),(58,'192.168.0.200','playerVirtual2_6274355716','playerVirtual2','192.168.0.200','playerVirtual7','playerVirtual7_5bb8693e75',3,1,1,512,1,'2018-04-15 18:54:28','2018-04-15 19:27:55'),(59,'192.168.0.200','playerVirtual6_38676294','playerVirtual6','192.168.0.200','playerVirtual12','playerVirtual12_f2a3331ba0',2,1,1,512,1,'2018-04-15 18:54:36','2018-04-15 18:55:12'),(60,'192.168.0.200','playerVirtual3_182859403','playerVirtual3','192.168.0.200','playerVirtual12','playerVirtual12_a22aecef88',2,1,1,512,1,'2018-04-15 18:55:45','2018-04-15 18:56:18'),(61,'192.168.0.200','playerVirtual9_4820204870','playerVirtual9','192.168.0.200','playerVirtual13','playerVirtual13_a7befc9983',2,1,2,4096,40,'2018-04-15 18:56:18','2018-04-15 18:57:19'),(62,'192.168.0.200','playerVirtual7_990694203','playerVirtual7','192.168.0.200','playerVirtual3','playerVirtual3_504fe73e6c',3,1,1,2048,20,'2018-04-15 18:56:30','2018-04-15 20:21:57'),(63,'192.168.0.200','playerVirtual12_5623125514','playerVirtual12','192.168.0.200','playerVirtual13','playerVirtual13_ce1126da5a',2,1,1,2048,20,'2018-04-15 18:56:40','2018-04-15 18:57:19'),(64,'192.168.0.200','playerVirtual0_990694203','playerVirtual0','192.168.0.200','playerVirtual12','playerVirtual12_29553d5658',2,1,1,2048,20,'2018-04-15 18:56:54','2018-04-15 18:57:19'),(65,'192.168.0.200','playerVirtual5_6280638724','playerVirtual5','192.168.0.200','playerVirtual9','playerVirtual9_898099a7c5',1,1,1,512,1,'2018-04-15 19:00:20',NULL),(66,'192.168.0.200','playerVirtual4_272887063','playerVirtual4','192.168.0.200','playerVirtual14','playerVirtual14_c231cc0b00',2,1,1,2048,20,'2018-04-15 19:01:05','2018-04-15 19:01:30'),(67,'192.168.0.200','playerVirtual2_6282149131','playerVirtual2','192.168.0.200','playerVirtual13','playerVirtual13_d574306935',2,1,1,512,1,'2018-04-15 19:01:16','2018-04-15 19:01:30'),(68,'192.168.0.200','playerVirtual9_1436323714','playerVirtual9','192.168.0.200','playerVirtual14','playerVirtual14_2324e44643',2,1,1,2048,20,'2018-04-15 19:03:12','2018-04-15 19:03:33'),(69,'192.168.0.200','playerVirtual13_2359368952','playerVirtual13','192.168.0.200','playerVirtual14','playerVirtual14_e64c10b592',2,1,1,512,1,'2018-04-15 19:04:00','2018-04-15 19:04:35'),(70,'192.168.0.200','playerVirtual1_1094955','playerVirtual1','192.168.0.200','playerVirtual3','playerVirtual3_2adba18c99',1,1,1,512,1,'2018-04-15 19:04:41',NULL),(71,'192.168.0.200','playerVirtual6_16914091','playerVirtual6','192.168.0.200','playerVirtual14','playerVirtual14_edf718377c',2,1,1,2048,20,'2018-04-15 19:05:06','2018-04-15 19:05:39'),(72,'192.168.0.200','playerVirtual8_6285257156','playerVirtual8','192.168.0.200','playerVirtual14','playerVirtual14_e7bbbb8004',2,1,1,512,1,'2018-04-15 19:05:16','2018-04-15 19:05:39'),(73,'192.168.0.200','playerVirtual5_6955737','playerVirtual5','192.168.0.200','playerVirtual1','playerVirtual1_fb29511113',3,1,1,2048,20,'2018-04-15 19:05:18','2018-04-15 19:12:38'),(74,'192.168.0.200','playerVirtual3_182859403','playerVirtual3','192.168.0.200','playerVirtual15','playerVirtual15_09fdcc89da',2,1,1,512,1,'2018-04-15 19:06:28','2018-04-15 19:06:42'),(75,'192.168.0.200','playerVirtual2_1438244924','playerVirtual2','192.168.0.200','playerVirtual14','playerVirtual14_5501fb4526',2,1,1,2048,20,'2018-04-15 19:07:06','2018-04-15 19:07:44'),(76,'192.168.0.200','playerVirtual0_2381571381','playerVirtual0','192.168.0.200','playerVirtual15','playerVirtual15_32777b551f',2,1,1,2048,20,'2018-04-15 19:08:47','2018-04-15 19:09:49'),(77,'192.168.0.200','playerVirtual9_2378747961','playerVirtual9','192.168.0.200','playerVirtual0','playerVirtual0_dbb6e0f9fc',3,1,1,512,1,'2018-04-15 19:09:01','2018-04-15 19:17:31'),(78,'192.168.0.200','playerVirtual14_6641406','playerVirtual14','192.168.0.200','playerVirtual15','playerVirtual15_79fa6bf799',2,1,1,2048,20,'2018-04-15 19:09:39','2018-04-15 19:09:49'),(79,'192.168.0.200','playerVirtual1_6289704471','playerVirtual1','192.168.0.200','playerVirtual16','playerVirtual16_28a8aed1df',2,1,1,512,1,'2018-04-15 19:11:44','2018-04-15 19:11:55'),(80,'192.168.0.200','playerVirtual3_794070039','playerVirtual3','192.168.0.200','playerVirtual1','playerVirtual1_c681740787',3,1,1,512,1,'2018-04-15 19:12:45','2018-04-15 21:00:00'),(81,'192.168.0.200','playerVirtual4_990694203','playerVirtual4','192.168.0.200','playerVirtual2','playerVirtual2_d4fd419616',3,1,1,2048,20,'2018-04-15 19:14:40','2018-04-15 19:20:33'),(82,'192.168.0.200','playerVirtual15_1436344784','playerVirtual15','192.168.0.200','playerVirtual17','playerVirtual17_aad9ee04a9',2,1,1,2048,20,'2018-04-15 19:16:46','2018-04-15 19:17:08'),(83,'192.168.0.200','playerVirtual0_182859403','playerVirtual0','192.168.0.200','playerVirtual15','playerVirtual15_225fd849e1',2,1,1,512,1,'2018-04-15 19:18:56','2018-04-15 19:19:12'),(84,'192.168.0.200','playerVirtual9_182859403','playerVirtual9','192.168.0.200','playerVirtual18','playerVirtual18_60eaddcaa9',2,1,1,512,1,'2018-04-15 19:28:53','2018-04-15 19:29:35'),(85,'192.168.0.200','playerVirtual5_6274355716','playerVirtual5','192.168.0.200','playerVirtual19','playerVirtual19_992518c35a',2,1,1,512,1,'2018-04-15 19:31:24','2018-04-15 19:31:39'),(86,'192.168.0.200','playerVirtual6_4246147567','playerVirtual6','192.168.0.200','playerVirtual20','playerVirtual20_1ec7710cc6',2,1,2,4096,40,'2018-04-15 19:33:30','2018-04-15 19:33:43'),(87,'192.168.0.200','playerVirtual1_6315250734','playerVirtual1','192.168.0.200','playerVirtual4','playerVirtual4_19660e6632',1,1,1,512,1,'2018-04-15 19:34:11',NULL),(88,'192.168.0.200','playerVirtual4_6289704471','playerVirtual4','192.168.0.200','playerVirtual21','playerVirtual21_830a67bdfa',2,1,1,2048,20,'2018-04-15 19:36:30','2018-04-15 19:36:50'),(89,'192.168.0.200','playerVirtual9_4246147567','playerVirtual9','192.168.0.200','playerVirtual5','playerVirtual5_e0e1f0c019',3,1,2,4096,40,'2018-04-15 19:40:58','2018-04-15 20:21:06'),(90,'192.168.0.200','playerVirtual5_4246147567','playerVirtual5','192.168.0.200','playerVirtual22','playerVirtual22_82c25273eb',3,1,2,4096,40,'2018-04-15 19:41:27','2018-04-15 20:57:37'),(91,'192.168.0.200','playerVirtual2_4246147567','playerVirtual2','192.168.0.200','playerVirtual0','playerVirtual0_cb70cd60c5',3,1,2,4096,40,'2018-04-15 19:41:35','2018-04-15 19:50:57'),(92,'192.168.0.200','playerVirtual7_4246147567','playerVirtual7','192.168.0.200','playerVirtual3','playerVirtual3_4b09533c07',3,1,2,4096,40,'2018-04-15 19:42:36','2018-04-15 20:53:39'),(93,'192.168.0.200','playerVirtual3_4246147567','playerVirtual3','192.168.0.200','playerVirtual7','playerVirtual7_4cbefe565a',3,1,2,4096,40,'2018-04-15 19:45:44','2018-04-15 20:23:41'),(94,'192.168.0.200','playerVirtual1_6322213339','playerVirtual1','192.168.0.200','playerVirtual23','playerVirtual23_40f1625e4f',2,1,1,512,1,'2018-04-15 19:48:33','2018-04-15 19:49:17'),(95,'192.168.0.200','playerVirtual0_4246147567','playerVirtual0','192.168.0.200','playerVirtual1','playerVirtual1_e4f0246050',3,1,2,4096,40,'2018-04-15 19:49:40','2018-04-15 20:03:25'),(96,'192.168.0.200','playerVirtual6_4246147567','playerVirtual6','192.168.0.200','playerVirtual24','playerVirtual24_a89f9235bc',2,1,2,4096,40,'2018-04-15 20:00:14','2018-04-15 20:00:40'),(97,'192.168.0.200','playerVirtual1_4246147567','playerVirtual1','192.168.0.200','playerVirtual25','playerVirtual25_d2b56de206',2,1,2,4096,40,'2018-04-15 20:02:50','2018-04-15 20:03:46'),(98,'192.168.0.200','playerVirtual4_6335261139','playerVirtual4','192.168.0.200','playerVirtual26','playerVirtual26_eb3c324fa8',2,1,1,512,1,'2018-04-15 20:03:13','2018-04-15 20:03:46'),(99,'192.168.0.200','playerVirtual2_4246147567','playerVirtual2','192.168.0.200','playerVirtual27','playerVirtual27_1b0d03cd1a',2,1,2,4096,40,'2018-04-15 20:09:29','2018-04-15 20:09:58'),(100,'192.168.0.200','playerVirtual9_4246147567','playerVirtual9','192.168.0.200','playerVirtual2','playerVirtual2_a07ae9c2e8',3,1,2,4096,40,'2018-04-15 20:09:44','2018-04-15 20:21:06'),(101,'192.168.0.200','playerVirtual5_4246147567','playerVirtual5','192.168.0.200','playerVirtual28','playerVirtual28_f144384f6a',3,1,2,4096,40,'2018-04-15 20:10:53','2018-04-15 20:57:37'),(102,'192.168.0.200','playerVirtual7_990694203','playerVirtual7','192.168.0.200','playerVirtual5','playerVirtual5_dde66f7f32',3,1,1,2048,20,'2018-04-15 20:11:24','2018-04-15 20:21:57'),(103,'192.168.0.200','playerVirtual3_4246147567','playerVirtual3','192.168.0.200','playerVirtual0','playerVirtual0_0e24344c65',3,1,2,4096,40,'2018-04-15 20:14:58','2018-04-15 20:23:41'),(104,'192.168.0.200','playerVirtual24_4246147567','playerVirtual24','192.168.0.200','playerVirtual29','playerVirtual29_70c94df736',2,1,2,4096,40,'2018-04-15 20:17:04','2018-04-15 20:17:13'),(105,'192.168.0.200','playerVirtual0_82730999','playerVirtual0','192.168.0.200','playerVirtual3','playerVirtual3_659d5bab9d',1,1,1,512,1,'2018-04-15 20:19:57',NULL),(106,'192.168.0.200','playerVirtual4_4246147567','playerVirtual4','192.168.0.200','playerVirtual30','playerVirtual30_bd7c9ce7be',2,1,2,4096,40,'2018-04-15 20:34:28','2018-04-15 20:34:50'),(107,'192.168.0.200','playerVirtual1_5068098508','playerVirtual1','192.168.0.200','playerVirtual31','playerVirtual31_4eb2931591',2,1,1,2048,20,'2018-04-15 20:34:31','2018-04-15 20:34:50'),(108,'192.168.0.200','playerVirtual0_1438244924','playerVirtual0','192.168.0.200','playerVirtual32','playerVirtual32_7638ca84dd',2,1,1,2048,20,'2018-04-15 20:35:52','2018-04-15 20:36:54'),(109,'192.168.0.200','playerVirtual2_4246147567','playerVirtual2','192.168.0.200','playerVirtual33','playerVirtual33_b899e7a946',2,1,2,4096,40,'2018-04-15 20:40:13','2018-04-15 20:41:02'),(110,'192.168.0.200','playerVirtual9_4246147567','playerVirtual9','192.168.0.200','playerVirtual34','playerVirtual34_1eb304eee8',2,1,2,4096,40,'2018-04-15 20:41:11','2018-04-15 20:42:04'),(111,'192.168.0.200','playerVirtual7_4246147567','playerVirtual7','192.168.0.200','playerVirtual9','playerVirtual9_a781b80630',3,1,2,4096,40,'2018-04-15 20:43:07','2018-04-15 20:53:39'),(112,'192.168.0.200','playerVirtual5_4246147567','playerVirtual5','192.168.0.200','playerVirtual7','playerVirtual7_8926c45479',3,1,2,4096,40,'2018-04-15 20:43:19','2018-04-15 20:57:37'),(113,'192.168.0.200','playerVirtual6_4246147567','playerVirtual6','192.168.0.200','playerVirtual30','playerVirtual30_e4315b4f8e',2,1,2,4096,40,'2018-04-15 20:44:16','2018-04-15 20:45:11'),(114,'192.168.0.200','playerVirtual30_4246147567','playerVirtual30','192.168.0.200','playerVirtual35','playerVirtual35_cc09e44dcd',2,1,2,4096,40,'2018-04-15 20:51:10','2018-04-15 20:51:23'),(115,'192.168.0.200','playerVirtual1_4246147567','playerVirtual1','192.168.0.200','playerVirtual36','playerVirtual36_11f9f809d4',2,1,2,4096,40,'2018-04-15 20:52:51','2018-04-15 20:53:28'),(116,'192.168.0.200','playerVirtual0_904011','playerVirtual0','192.168.0.200','playerVirtual37','playerVirtual37_2eee9355ba',2,1,1,2048,20,'2018-04-15 20:57:43','2018-04-15 20:58:37');
/*!40000 ALTER TABLE `VM` ENABLE KEYS */;
UNLOCK TABLES;
/*!40103 SET TIME_ZONE=@OLD_TIME_ZONE */;

/*!40101 SET SQL_MODE=@OLD_SQL_MODE */;
/*!40014 SET FOREIGN_KEY_CHECKS=@OLD_FOREIGN_KEY_CHECKS */;
/*!40014 SET UNIQUE_CHECKS=@OLD_UNIQUE_CHECKS */;
/*!40101 SET CHARACTER_SET_CLIENT=@OLD_CHARACTER_SET_CLIENT */;
/*!40101 SET CHARACTER_SET_RESULTS=@OLD_CHARACTER_SET_RESULTS */;
/*!40101 SET COLLATION_CONNECTION=@OLD_COLLATION_CONNECTION */;
/*!40111 SET SQL_NOTES=@OLD_SQL_NOTES */;

-- Dump completed on 2018-04-15 18:04:51
