-- MySQL dump 10.14  Distrib 5.5.58-MariaDB, for debian-linux-gnu (x86_64)
--
-- Host: localhost    Database: mct
-- ------------------------------------------------------
-- Server version	5.5.58-MariaDB-1ubuntu0.14.04.1

/*!40101 SET @OLD_CHARACTER_SET_CLIENT=@@CHARACTER_SET_CLIENT */;
/*!40101 SET @OLD_CHARACTER_SET_RESULTS=@@CHARACTER_SET_RESULTS */;
/*!40101 SET @OLD_COLLATION_CONNECTION=@@COLLATION_CONNECTION */;
/*!40101 SET NAMES utf8 */;
/*!40103 SET @OLD_TIME_ZONE=@@TIME_ZONE */;
/*!40103 SET TIME_ZONE='+00:00' */;
/*!40014 SET @OLD_UNIQUE_CHECKS=@@UNIQUE_CHECKS, UNIQUE_CHECKS=0 */;
/*!40014 SET @OLD_FOREIGN_KEY_CHECKS=@@FOREIGN_KEY_CHECKS, FOREIGN_KEY_CHECKS=0 */;
/*!40101 SET @OLD_SQL_MODE=@@SQL_MODE, SQL_MODE='NO_AUTO_VALUE_ON_ZERO' */;
/*!40111 SET @OLD_SQL_NOTES=@@SQL_NOTES, SQL_NOTES=0 */;

--
-- Table structure for table `FIELDS`
--

DROP TABLE IF EXISTS `FIELDS`;
/*!40101 SET @saved_cs_client     = @@character_set_client */;
/*!40101 SET character_set_client = utf8 */;
CREATE TABLE `FIELDS` (
  `operation` int(11) NOT NULL,
  `fields` varchar(45) NOT NULL,
  PRIMARY KEY (`operation`)
) ENGINE=InnoDB DEFAULT CHARSET=utf8;
/*!40101 SET character_set_client = @saved_cs_client */;

--
-- Dumping data for table `FIELDS`
--

LOCK TABLES `FIELDS` WRITE;
/*!40000 ALTER TABLE `FIELDS` DISABLE KEYS */;
INSERT INTO `FIELDS` VALUES (0,'name mem image vcpus disk uuid');
/*!40000 ALTER TABLE `FIELDS` ENABLE KEYS */;
UNLOCK TABLES;

--
-- Table structure for table `PLAYER`
--

DROP TABLE IF EXISTS `PLAYER`;
/*!40101 SET @saved_cs_client     = @@character_set_client */;
/*!40101 SET character_set_client = utf8 */;
CREATE TABLE `PLAYER` (
  `id` int(11) NOT NULL AUTO_INCREMENT,
  `name` varchar(45) NOT NULL,
  `address` varchar(45) NOT NULL,
  `division` int(11) DEFAULT NULL,
  `score` float DEFAULT '0',
  `history` int(11) DEFAULT '0',
  `fairness` float DEFAULT '0',
  `accepts` int(11) DEFAULT '0',
  `rejects` int(11) DEFAULT '0',
  `running` int(11) DEFAULT '0',
  `finished` int(11) DEFAULT '0',
  `problem_del` int(11) DEFAULT '0',
  `vcpus` int(11) DEFAULT '0',
  `memory` bigint(20) DEFAULT '0',
  `local_gb` bigint(20) DEFAULT '0',
  `vcpus_used` bigint(20) DEFAULT '0',
  `memory_used` bigint(20) DEFAULT '0',
  `local_gb_used` bigint(20) DEFAULT '0',
  `max_instance` int(11) DEFAULT '0',
  `token` varchar(45) DEFAULT NULL,
  `suspend` timestamp NULL DEFAULT NULL,
  `enabled` int(11) DEFAULT '0',
  `last_choice` timestamp NOT NULL DEFAULT '2018-01-01 02:00:00',
  `playoff` tinyint(1) DEFAULT '0',
  PRIMARY KEY (`id`)
) ENGINE=InnoDB AUTO_INCREMENT=21 DEFAULT CHARSET=utf8;
/*!40101 SET character_set_client = @saved_cs_client */;

--
-- Dumping data for table `PLAYER`
--

LOCK TABLES `PLAYER` WRITE;
/*!40000 ALTER TABLE `PLAYER` DISABLE KEYS */;
INSERT INTO `PLAYER` VALUES (1,'playerVirtual1','192.168.0.200',4,-6,0,1,0,3,0,0,0,1023,1047552,10230,0,0,0,99,'b08c8a4042cbe5ab4524d25d77165114cd73cd53',NULL,0,'2018-02-18 16:48:59',1),(2,'playerVirtual11','192.168.0.200',1,14.59,49,0.666667,12,0,4,8,0,1023,1047552,10230,5,8704,81,99,'7af6970076fa6371e168d7c68e8f4a073de806f8',NULL,1,'2018-02-18 20:23:20',0),(3,'playerVirtual4','192.168.0.200',4,-6,0,1,0,3,0,0,0,1023,1047552,10230,0,0,0,99,'9c17336a9e4149c1289da43e9a24c69d8b6bc5b3',NULL,0,'2018-02-18 16:49:10',1),(4,'playerVirtual8','192.168.0.200',4,-3.34,0,0.5,3,3,3,0,0,1023,1047552,10230,3,3072,22,99,'d32b72190753cb22d2f272c7886831ed897bc12d',NULL,0,'2018-02-18 17:20:04',1),(5,'playerVirtual2','192.168.0.200',4,-0.01,0,1,2,1,2,0,0,1023,1047552,10230,3,6144,60,99,'dc6fc9906e2d1f1f9ca60e73f02c8da9d8e97612',NULL,0,'2018-02-18 16:49:24',1),(6,'playerVirtual13','192.168.0.200',2,5.28,7,0.692308,11,0,4,7,0,1023,1047552,10230,6,9216,82,99,'ec64847b965c0dae88109572aae7f72c03f91c27',NULL,1,'2018-02-18 20:46:26',0),(7,'playerVirtual3','192.168.0.200',4,-6,0,1,0,3,0,0,0,1023,1047552,10230,0,0,0,99,'efd397826389c08f143b94414128686f3a2cc169',NULL,0,'2018-02-18 16:49:28',1),(8,'playerVirtual6','192.168.0.200',4,-4.01,0,0.25,1,3,1,0,0,1023,1047552,10230,2,4096,40,99,'696a6b33acdadc145d359ec46064a21a549edbb9',NULL,0,'2018-02-18 16:57:26',1),(9,'playerVirtual15','192.168.0.200',1,14.61,49,0.909091,12,0,5,7,0,1023,1047552,10230,6,7680,63,99,'084ce124e8f0a94fcc0a74bbfcbab1a00bd0adfe',NULL,1,'2018-02-18 20:42:55',0),(10,'playerVirtual17','192.168.0.200',2,5.31,31,1,12,0,5,7,0,1023,1047552,10230,5,5632,43,99,'a943790558fed74ff953429edc9149f1e2e625eb',NULL,1,'2018-02-18 20:12:53',0),(11,'playerVirtual19','192.168.0.200',1,9.28,43,0.375,11,0,5,6,0,1023,1047552,10230,5,8704,81,99,'d3d9e52fceee7cc0ec2a64c88aed1bfa38b75bd3',NULL,1,'2018-02-18 20:16:04',0),(12,'playerVirtual5','192.168.0.200',4,-4,0,1,0,2,0,0,0,1023,1047552,10230,0,0,0,99,'38cfbc8406e5b82847199ca9cab16db7396b7933',NULL,0,'2018-02-18 16:46:49',1),(13,'playerVirtual9','192.168.0.200',4,-4.01,0,1,3,2,2,1,0,1023,1047552,10230,3,6144,60,99,'4c5ba1a73a7f7ccbb5acf29b43ff7e6539cdd239',NULL,0,'2018-02-18 17:05:32',1),(14,'playerVirtual7','192.168.0.200',4,-4.67,0,1,2,3,0,2,0,1023,1047552,10230,0,0,0,99,'d80f941575aad455e6a8290729f378a0e8c779f6',NULL,0,'2018-02-18 17:03:29',1),(15,'playerVirtual14','192.168.0.200',1,14.6,49,1,11,0,5,6,0,1023,1047552,10230,7,12800,121,99,'4c1fac4e22255e488191eef63888283bdaa3d76a',NULL,1,'2018-02-18 20:25:11',0),(16,'playerVirtual12','192.168.0.200',1,11.95,49,0.727273,11,0,4,7,0,1023,1047552,10230,4,6656,61,99,'cbf6d9062e222180168ffd733c18ade69536cf11',NULL,1,'2018-02-18 20:16:03',0),(17,'playerVirtual0','192.168.0.200',4,-4,0,1,0,2,0,0,0,1023,1047552,10230,0,0,0,99,'05950f13057e100bd722c7d2e49552e33c07d942',NULL,0,'2018-02-18 16:46:52',1),(18,'playerVirtual16','192.168.0.200',1,9.28,23,0.75,12,0,7,5,0,1023,1047552,10230,9,18432,180,99,'c9cd665bf4759365457170f30ee776f81ae10789',NULL,1,'2018-02-18 20:37:28',0),(19,'playerVirtual18','192.168.0.200',1,14.6,49,1,11,0,4,7,0,1023,1047552,10230,5,7168,62,99,'abefbf8446c5f708c5c584964009b86ed82aca0d',NULL,1,'2018-02-18 20:26:34',0),(20,'playerVirtual10','192.168.0.200',1,10.62,49,0.916667,10,0,2,8,0,1023,1047552,10230,2,2560,21,99,'f1193c17f249484dc13ed01434c25b7e51acb5ab',NULL,1,'2018-02-18 19:46:08',0);
/*!40000 ALTER TABLE `PLAYER` ENABLE KEYS */;
UNLOCK TABLES;

--
-- Table structure for table `REQUEST`
--

DROP TABLE IF EXISTS `REQUEST`;
/*!40101 SET @saved_cs_client     = @@character_set_client */;
/*!40101 SET character_set_client = utf8 */;
CREATE TABLE `REQUEST` (
  `id` int(11) NOT NULL AUTO_INCREMENT,
  `player_id` varchar(45) NOT NULL,
  `request_id` varchar(45) NOT NULL,
  `action` int(11) NOT NULL,
  `timestamp_received` timestamp NULL DEFAULT NULL,
  `timestamp_finished` timestamp NULL DEFAULT NULL,
  `status` int(11) NOT NULL,
  PRIMARY KEY (`id`)
) ENGINE=InnoDB AUTO_INCREMENT=668 DEFAULT CHARSET=utf8;
/*!40101 SET character_set_client = @saved_cs_client */;

--
-- Dumping data for table `REQUEST`
--

LOCK TABLES `REQUEST` WRITE;
/*!40000 ALTER TABLE `REQUEST` DISABLE KEYS */;
INSERT INTO `REQUEST` VALUES (1,'playerVirtual1','playerVirtual1_56bbcf8309',4,'2018-02-18 16:41:14',NULL,0),(2,'playerVirtual11','playerVirtual11_437f1c70f4',4,'2018-02-18 16:41:14',NULL,0),(3,'playerVirtual4','playerVirtual4_c003ec959f',4,'2018-02-18 16:41:14',NULL,0),(4,'playerVirtual8','playerVirtual8_7529e809dd',4,'2018-02-18 16:41:15',NULL,0),(5,'playerVirtual2','playerVirtual2_6ef2436c39',4,'2018-02-18 16:41:15',NULL,0),(6,'playerVirtual13','playerVirtual13_d0518dbf1d',4,'2018-02-18 16:41:15',NULL,0),(7,'playerVirtual3','playerVirtual3_3b5c60d821',4,'2018-02-18 16:41:15',NULL,0),(8,'playerVirtual6','playerVirtual6_577a75f4d2',4,'2018-02-18 16:41:16',NULL,0),(9,'playerVirtual15','playerVirtual15_4c0e356461',4,'2018-02-18 16:41:16',NULL,0),(10,'playerVirtual17','playerVirtual17_d926233266',4,'2018-02-18 16:41:16',NULL,0),(11,'playerVirtual19','playerVirtual19_1770d83526',4,'2018-02-18 16:41:16',NULL,0),(12,'playerVirtual5','playerVirtual5_3950b50214',4,'2018-02-18 16:41:17',NULL,0),(13,'playerVirtual9','playerVirtual9_70048c3f87',4,'2018-02-18 16:41:17',NULL,0),(14,'playerVirtual7','playerVirtual7_67440d09b0',4,'2018-02-18 16:41:17',NULL,0),(15,'playerVirtual14','playerVirtual14_baf21e1224',4,'2018-02-18 16:41:17',NULL,0),(16,'playerVirtual12','playerVirtual12_86f5242f9e',4,'2018-02-18 16:41:17',NULL,0),(17,'playerVirtual0','playerVirtual0_6a207d5591',4,'2018-02-18 16:41:18',NULL,0),(18,'playerVirtual16','playerVirtual16_8cc5b734c3',4,'2018-02-18 16:41:18',NULL,0),(19,'playerVirtual18','playerVirtual18_4b35cf727a',4,'2018-02-18 16:41:18',NULL,0),(20,'playerVirtual10','playerVirtual10_4ee5693d97',4,'2018-02-18 16:41:18',NULL,0),(21,'playerVirtual1','playerVirtual1_450512000',0,'2018-02-18 16:42:15',NULL,0),(22,'playerVirtual1','playerVirtual1_450512000',0,'2018-02-18 16:42:15',NULL,0),(23,'playerVirtual11','playerVirtual11_1438244924',0,'2018-02-18 16:42:17',NULL,0),(24,'playerVirtual11','playerVirtual11_1438244924',0,'2018-02-18 16:42:18',NULL,0),(25,'playerVirtual4','playerVirtual4_640692267',0,'2018-02-18 16:42:20',NULL,0),(26,'playerVirtual4','playerVirtual4_640692267',0,'2018-02-18 16:42:21',NULL,0),(27,'playerVirtual8','playerVirtual8_2381571381',0,'2018-02-18 16:42:22',NULL,0),(28,'playerVirtual8','playerVirtual8_2381571381',0,'2018-02-18 16:42:22',NULL,0),(29,'playerVirtual2','playerVirtual2_5297461910',0,'2018-02-18 16:42:23',NULL,0),(30,'playerVirtual2','playerVirtual2_5297461910',0,'2018-02-18 16:42:23',NULL,0),(31,'playerVirtual13','playerVirtual13_2790332778',0,'2018-02-18 16:42:26',NULL,0),(32,'playerVirtual13','playerVirtual13_2790332778',0,'2018-02-18 16:42:26',NULL,0),(33,'playerVirtual3','playerVirtual3_369721705',0,'2018-02-18 16:42:27',NULL,0),(34,'playerVirtual3','playerVirtual3_369721705',0,'2018-02-18 16:42:27',NULL,0),(35,'playerVirtual6','playerVirtual6_317469422',0,'2018-02-18 16:42:28',NULL,0),(36,'playerVirtual15','playerVirtual15_6955737',0,'2018-02-18 16:42:28',NULL,0),(37,'playerVirtual6','playerVirtual6_317469422',0,'2018-02-18 16:42:28',NULL,0),(38,'playerVirtual15','playerVirtual15_6955737',0,'2018-02-18 16:42:29',NULL,0),(39,'playerVirtual17','playerVirtual17_257338104',0,'2018-02-18 16:42:29',NULL,0),(40,'playerVirtual19','playerVirtual19_3584940347',0,'2018-02-18 16:42:29',NULL,0),(41,'playerVirtual5','playerVirtual5_2433236783',0,'2018-02-18 16:42:29',NULL,0),(42,'playerVirtual17','playerVirtual17_257338104',0,'2018-02-18 16:42:29',NULL,0),(43,'playerVirtual19','playerVirtual19_3584940347',0,'2018-02-18 16:42:30',NULL,0),(44,'playerVirtual5','playerVirtual5_2433236783',0,'2018-02-18 16:42:30',NULL,0),(45,'playerVirtual9','playerVirtual9_3338579772',0,'2018-02-18 16:42:30',NULL,0),(46,'playerVirtual7','playerVirtual7_257407216',0,'2018-02-18 16:42:30',NULL,0),(47,'playerVirtual9','playerVirtual9_3338579772',0,'2018-02-18 16:42:31',NULL,0),(48,'playerVirtual7','playerVirtual7_257407216',0,'2018-02-18 16:42:31',NULL,0),(49,'playerVirtual14','playerVirtual14_182859403',0,'2018-02-18 16:42:37',NULL,0),(50,'playerVirtual14','playerVirtual14_182859403',0,'2018-02-18 16:42:38',NULL,0),(51,'playerVirtual12','playerVirtual12_2359368952',0,'2018-02-18 16:42:41',NULL,0),(52,'playerVirtual12','playerVirtual12_2359368952',0,'2018-02-18 16:42:41',NULL,0),(53,'playerVirtual0','playerVirtual0_16917741',0,'2018-02-18 16:42:44',NULL,0),(54,'playerVirtual0','playerVirtual0_16917741',0,'2018-02-18 16:42:44',NULL,0),(55,'playerVirtual16','playerVirtual16_2545640208',0,'2018-02-18 16:42:53',NULL,0),(56,'playerVirtual16','playerVirtual16_2545640208',0,'2018-02-18 16:42:53',NULL,0),(57,'playerVirtual18','playerVirtual18_908315',0,'2018-02-18 16:42:54',NULL,0),(58,'playerVirtual18','playerVirtual18_908315',0,'2018-02-18 16:42:55',NULL,0),(59,'playerVirtual10','playerVirtual10_539194189',0,'2018-02-18 16:43:02',NULL,0),(60,'playerVirtual10','playerVirtual10_539194189',0,'2018-02-18 16:43:03',NULL,0),(61,'playerVirtual1','playerVirtual1_327577441e',3,'2018-02-18 16:43:15',NULL,0),(62,'playerVirtual11','playerVirtual11_0f9f9281be',3,'2018-02-18 16:43:17',NULL,0),(63,'playerVirtual4','playerVirtual4_61f40dcd01',3,'2018-02-18 16:43:21',NULL,0),(64,'playerVirtual8','playerVirtual8_d749b1e405',3,'2018-02-18 16:43:22',NULL,0),(65,'playerVirtual2','playerVirtual2_0f1b0a9101',3,'2018-02-18 16:43:23',NULL,0),(66,'playerVirtual13','playerVirtual13_9e70f25e72',3,'2018-02-18 16:43:26',NULL,0),(67,'playerVirtual3','playerVirtual3_4371e44103',3,'2018-02-18 16:43:27',NULL,0),(68,'playerVirtual6','playerVirtual6_06a01cfa43',3,'2018-02-18 16:43:28',NULL,0),(69,'playerVirtual15','playerVirtual15_34e74df592',3,'2018-02-18 16:43:28',NULL,0),(70,'playerVirtual17','playerVirtual17_d3bc5d2a3c',3,'2018-02-18 16:43:29',NULL,0),(71,'playerVirtual19','playerVirtual19_2945e70c3b',3,'2018-02-18 16:43:29',NULL,0),(72,'playerVirtual5','playerVirtual5_972bb94a8e',3,'2018-02-18 16:43:29',NULL,0),(73,'playerVirtual9','playerVirtual9_47edeb500b',3,'2018-02-18 16:43:30',NULL,0),(74,'playerVirtual7','playerVirtual7_afb033bee4',3,'2018-02-18 16:43:31',NULL,0),(75,'playerVirtual14','playerVirtual14_6de2220fa9',3,'2018-02-18 16:43:38',NULL,0),(76,'playerVirtual12','playerVirtual12_1a44955ef1',3,'2018-02-18 16:43:41',NULL,0),(77,'playerVirtual0','playerVirtual0_5078d155f5',3,'2018-02-18 16:43:44',NULL,0),(78,'playerVirtual16','playerVirtual16_087722d4df',3,'2018-02-18 16:43:53',NULL,0),(79,'playerVirtual18','playerVirtual18_bf226b028f',3,'2018-02-18 16:43:54',NULL,0),(80,'playerVirtual10','playerVirtual10_056bfd379e',3,'2018-02-18 16:44:02',NULL,0),(81,'playerVirtual1','playerVirtual1_4820204870',0,'2018-02-18 16:45:41',NULL,0),(82,'playerVirtual1','playerVirtual1_4820204870',0,'2018-02-18 16:45:41',NULL,0),(83,'playerVirtual11','playerVirtual11_8058564',0,'2018-02-18 16:46:31',NULL,0),(84,'playerVirtual11','playerVirtual11_8058564',0,'2018-02-18 16:46:31',NULL,0),(85,'playerVirtual4','playerVirtual4_1429160667',0,'2018-02-18 16:46:32',NULL,0),(86,'playerVirtual4','playerVirtual4_1429160667',0,'2018-02-18 16:46:32',NULL,0),(87,'playerVirtual8','playerVirtual8_3338010893',0,'2018-02-18 16:46:33',NULL,0),(88,'playerVirtual8','playerVirtual8_3338010893',0,'2018-02-18 16:46:33',NULL,0),(89,'playerVirtual2','playerVirtual2_82730999',0,'2018-02-18 16:46:37',NULL,0),(90,'playerVirtual2','playerVirtual2_82730999',0,'2018-02-18 16:46:38',NULL,0),(91,'playerVirtual3','playerVirtual3_6571218',0,'2018-02-18 16:46:40',NULL,0),(92,'playerVirtual13','playerVirtual13_351652724',0,'2018-02-18 16:46:40',NULL,0),(93,'playerVirtual3','playerVirtual3_6571218',0,'2018-02-18 16:46:40',NULL,0),(94,'playerVirtual13','playerVirtual13_351652724',0,'2018-02-18 16:46:40',NULL,0),(95,'playerVirtual1','playerVirtual1_aa99c22d83',4,'2018-02-18 16:46:41',NULL,0),(96,'playerVirtual6','playerVirtual6_778566023',0,'2018-02-18 16:46:42',NULL,0),(97,'playerVirtual6','playerVirtual6_778566023',0,'2018-02-18 16:46:42',NULL,0),(98,'playerVirtual15','playerVirtual15_1436344784',0,'2018-02-18 16:46:46',NULL,0),(99,'playerVirtual15','playerVirtual15_1436344784',0,'2018-02-18 16:46:47',NULL,0),(100,'playerVirtual17','playerVirtual17_1339662',0,'2018-02-18 16:46:47',NULL,0),(101,'playerVirtual17','playerVirtual17_1339662',0,'2018-02-18 16:46:48',NULL,0),(102,'playerVirtual19','playerVirtual19_317497342',0,'2018-02-18 16:46:48',NULL,0),(103,'playerVirtual5','playerVirtual5_284794223',0,'2018-02-18 16:46:49',NULL,0),(104,'playerVirtual9','playerVirtual9_359920779',0,'2018-02-18 16:46:50',NULL,0),(105,'playerVirtual19','playerVirtual19_317497342',0,'2018-02-18 16:46:50',NULL,0),(106,'playerVirtual7','playerVirtual7_904011',0,'2018-02-18 16:46:50',NULL,0),(107,'playerVirtual5','playerVirtual5_284794223',0,'2018-02-18 16:46:51',NULL,0),(108,'playerVirtual14','playerVirtual14_2904109077',0,'2018-02-18 16:46:51',NULL,0),(109,'playerVirtual9','playerVirtual9_359920779',0,'2018-02-18 16:46:51',NULL,0),(110,'playerVirtual12','playerVirtual12_257338074',0,'2018-02-18 16:46:51',NULL,0),(111,'playerVirtual0','playerVirtual0_905614',0,'2018-02-18 16:46:51',NULL,0),(112,'playerVirtual7','playerVirtual7_904011',0,'2018-02-18 16:46:51',NULL,0),(113,'playerVirtual14','playerVirtual14_2904109077',0,'2018-02-18 16:46:52',NULL,0),(114,'playerVirtual16','playerVirtual16_1093460',0,'2018-02-18 16:46:52',NULL,0),(115,'playerVirtual12','playerVirtual12_257338074',0,'2018-02-18 16:46:52',NULL,0),(116,'playerVirtual0','playerVirtual0_905614',0,'2018-02-18 16:46:52',NULL,0),(117,'playerVirtual16','playerVirtual16_1093460',0,'2018-02-18 16:46:53',NULL,0),(118,'playerVirtual18','playerVirtual18_6569547',0,'2018-02-18 16:46:53',NULL,0),(119,'playerVirtual18','playerVirtual18_6569547',0,'2018-02-18 16:46:53',NULL,0),(120,'playerVirtual10','playerVirtual10_470485660',0,'2018-02-18 16:46:54',NULL,0),(121,'playerVirtual10','playerVirtual10_470485660',0,'2018-02-18 16:46:54',NULL,0),(122,'playerVirtual11','playerVirtual11_fc7215624f',4,'2018-02-18 16:47:31',NULL,0),(123,'playerVirtual4','playerVirtual4_67eb78d910',4,'2018-02-18 16:47:32',NULL,0),(124,'playerVirtual8','playerVirtual8_a59103048a',4,'2018-02-18 16:47:33',NULL,0),(125,'playerVirtual2','playerVirtual2_ca63da94c6',4,'2018-02-18 16:47:38',NULL,0),(126,'playerVirtual3','playerVirtual3_36c8faa0f8',4,'2018-02-18 16:47:40',NULL,0),(127,'playerVirtual13','playerVirtual13_7523076420',4,'2018-02-18 16:47:40',NULL,0),(128,'playerVirtual6','playerVirtual6_64d14ec1de',4,'2018-02-18 16:47:42',NULL,0),(129,'playerVirtual15','playerVirtual15_a159efee13',4,'2018-02-18 16:47:46',NULL,0),(130,'playerVirtual17','playerVirtual17_7e59767dec',4,'2018-02-18 16:47:47',NULL,0),(131,'playerVirtual19','playerVirtual19_566cd88b8a',4,'2018-02-18 16:47:49',NULL,0),(132,'playerVirtual5','playerVirtual5_80a4bcaf27',4,'2018-02-18 16:47:49',NULL,0),(133,'playerVirtual9','playerVirtual9_5a5a02f016',4,'2018-02-18 16:47:50',NULL,0),(134,'playerVirtual7','playerVirtual7_1d89bcf377',4,'2018-02-18 16:47:50',NULL,0),(135,'playerVirtual14','playerVirtual14_759b4f0d7a',4,'2018-02-18 16:47:51',NULL,0),(136,'playerVirtual12','playerVirtual12_f0f6d0bb0a',4,'2018-02-18 16:47:51',NULL,0),(137,'playerVirtual0','playerVirtual0_f957a198d1',4,'2018-02-18 16:47:51',NULL,0),(138,'playerVirtual16','playerVirtual16_d0d562667f',4,'2018-02-18 16:47:52',NULL,0),(139,'playerVirtual18','playerVirtual18_aee4a1da60',4,'2018-02-18 16:47:53',NULL,0),(140,'playerVirtual10','playerVirtual10_ff24b40235',4,'2018-02-18 16:47:54',NULL,0),(141,'playerVirtual1','playerVirtual1_30788568',0,'2018-02-18 16:48:55',NULL,0),(142,'playerVirtual1','playerVirtual1_30788568',0,'2018-02-18 16:48:55',NULL,0),(143,'playerVirtual11','playerVirtual11_5792765',0,'2018-02-18 16:48:58',NULL,0),(144,'playerVirtual11','playerVirtual11_5792765',0,'2018-02-18 16:48:59',NULL,0),(145,'playerVirtual4','playerVirtual4_38671842',0,'2018-02-18 16:49:08',NULL,0),(146,'playerVirtual4','playerVirtual4_38671842',0,'2018-02-18 16:49:09',NULL,0),(147,'playerVirtual8','playerVirtual8_400453824',0,'2018-02-18 16:49:10',NULL,0),(148,'playerVirtual8','playerVirtual8_400453824',0,'2018-02-18 16:49:10',NULL,0),(149,'playerVirtual2','playerVirtual2_4820318661',0,'2018-02-18 16:49:19',NULL,0),(150,'playerVirtual2','playerVirtual2_4820318661',0,'2018-02-18 16:49:20',NULL,0),(151,'playerVirtual3','playerVirtual3_4819935267',0,'2018-02-18 16:49:24',NULL,0),(152,'playerVirtual3','playerVirtual3_4819935267',0,'2018-02-18 16:49:24',NULL,0),(153,'playerVirtual13','playerVirtual13_4820217293',0,'2018-02-18 16:49:26',NULL,0),(154,'playerVirtual13','playerVirtual13_4820217293',0,'2018-02-18 16:49:27',NULL,0),(155,'playerVirtual6','playerVirtual6_6264344062',0,'2018-02-18 16:49:28',NULL,0),(156,'playerVirtual6','playerVirtual6_6264344062',0,'2018-02-18 16:49:28',NULL,0),(157,'playerVirtual15','playerVirtual15_2378747961',0,'2018-02-18 16:49:38',NULL,0),(158,'playerVirtual15','playerVirtual15_2378747961',0,'2018-02-18 16:49:38',NULL,0),(159,'playerVirtual17','playerVirtual17_5068098508',0,'2018-02-18 16:49:43',NULL,0),(160,'playerVirtual17','playerVirtual17_5068098508',0,'2018-02-18 16:49:43',NULL,0),(161,'playerVirtual1','playerVirtual1_3892ed25af',3,'2018-02-18 16:49:55',NULL,0),(162,'playerVirtual11','playerVirtual11_0a2abc7705',3,'2018-02-18 16:49:59',NULL,0),(163,'playerVirtual8','playerVirtual8_8693d2216c',3,'2018-02-18 16:50:12',NULL,0),(164,'playerVirtual13','playerVirtual13_e021c45932',3,'2018-02-18 16:50:27',NULL,0),(165,'playerVirtual6','playerVirtual6_2110ed7e17',3,'2018-02-18 16:50:28',NULL,0),(166,'playerVirtual15','playerVirtual15_48822983f0',3,'2018-02-18 16:50:38',NULL,0),(167,'playerVirtual17','playerVirtual17_e114e1d985',3,'2018-02-18 16:50:43',NULL,0),(168,'playerVirtual12','playerVirtual12_2359368952',1,'2018-02-18 16:50:53',NULL,0),(169,'playerVirtual12','playerVirtual12_e63511b246',3,'2018-02-18 16:50:53',NULL,0),(170,'playerVirtual12','playerVirtual12_2359368952',1,'2018-02-18 16:50:54',NULL,0),(171,'playerVirtual19','playerVirtual19_227443932',0,'2018-02-18 16:50:57',NULL,0),(172,'playerVirtual19','playerVirtual19_227443932',0,'2018-02-18 16:50:57',NULL,0),(173,'playerVirtual9','playerVirtual9_2148750930',0,'2018-02-18 16:51:03',NULL,0),(174,'playerVirtual9','playerVirtual9_2148750930',0,'2018-02-18 16:51:04',NULL,0),(175,'playerVirtual7','playerVirtual7_563574327',0,'2018-02-18 16:51:09',NULL,0),(176,'playerVirtual7','playerVirtual7_563574327',0,'2018-02-18 16:51:12',NULL,0),(177,'playerVirtual14','playerVirtual14_765651',0,'2018-02-18 16:51:17',NULL,0),(178,'playerVirtual14','playerVirtual14_765651',0,'2018-02-18 16:51:17',NULL,0),(179,'playerVirtual16','playerVirtual16_5623125514',0,'2018-02-18 16:51:38',NULL,0),(180,'playerVirtual16','playerVirtual16_5623125514',0,'2018-02-18 16:51:39',NULL,0),(181,'playerVirtual18','playerVirtual18_284757920',0,'2018-02-18 16:51:41',NULL,0),(182,'playerVirtual18','playerVirtual18_284757920',0,'2018-02-18 16:51:41',NULL,0),(183,'playerVirtual10','playerVirtual10_272887063',0,'2018-02-18 16:51:50',NULL,0),(184,'playerVirtual10','playerVirtual10_272887063',0,'2018-02-18 16:51:51',NULL,0),(185,'playerVirtual19','playerVirtual19_19044f5721',3,'2018-02-18 16:51:57',NULL,0),(186,'playerVirtual9','playerVirtual9_bca0d248d2',3,'2018-02-18 16:52:03',NULL,0),(187,'playerVirtual7','playerVirtual7_43461d9cf4',3,'2018-02-18 16:52:08',NULL,0),(188,'playerVirtual14','playerVirtual14_e0d5f84f0d',3,'2018-02-18 16:52:17',NULL,0),(189,'playerVirtual16','playerVirtual16_681bd667b0',3,'2018-02-18 16:52:38',NULL,0),(190,'playerVirtual18','playerVirtual18_c003ec3110',3,'2018-02-18 16:52:41',NULL,0),(191,'playerVirtual10','playerVirtual10_3c19719666',3,'2018-02-18 16:52:50',NULL,0),(192,'playerVirtual11','playerVirtual11_38676294',0,'2018-02-18 16:55:23',NULL,0),(193,'playerVirtual11','playerVirtual11_38676294',0,'2018-02-18 16:55:24',NULL,0),(194,'playerVirtual14','playerVirtual14_182859403',1,'2018-02-18 16:55:59',NULL,0),(195,'playerVirtual14','playerVirtual14_bab80548cd',4,'2018-02-18 16:56:00',NULL,0),(196,'playerVirtual14','playerVirtual14_182859403',1,'2018-02-18 16:56:00',NULL,0),(197,'playerVirtual11','playerVirtual11_fed6aa134b',4,'2018-02-18 16:56:26',NULL,0),(198,'playerVirtual8','playerVirtual8_4820204870',0,'2018-02-18 16:56:42',NULL,0),(199,'playerVirtual8','playerVirtual8_4820204870',0,'2018-02-18 16:56:43',NULL,0),(200,'playerVirtual12','playerVirtual12_6282149131',0,'2018-02-18 16:56:53',NULL,0),(201,'playerVirtual12','playerVirtual12_6282149131',0,'2018-02-18 16:56:53',NULL,0),(202,'playerVirtual13','playerVirtual13_6280638724',0,'2018-02-18 16:57:26',NULL,0),(203,'playerVirtual6','playerVirtual6_6280643141',0,'2018-02-18 16:57:27',NULL,0),(204,'playerVirtual13','playerVirtual13_6280638724',0,'2018-02-18 16:57:27',NULL,0),(205,'playerVirtual6','playerVirtual6_6280643141',0,'2018-02-18 16:57:27',NULL,0),(206,'playerVirtual15','playerVirtual15_4476462938',0,'2018-02-18 16:57:41',NULL,0),(207,'playerVirtual15','playerVirtual15_4476462938',0,'2018-02-18 16:57:41',NULL,0),(208,'playerVirtual8','playerVirtual8_149eb190fc',4,'2018-02-18 16:57:43',NULL,0),(209,'playerVirtual17','playerVirtual17_272887063',0,'2018-02-18 16:57:48',NULL,0),(210,'playerVirtual17','playerVirtual17_272887063',0,'2018-02-18 16:57:49',NULL,0),(211,'playerVirtual19','playerVirtual19_2359368952',0,'2018-02-18 16:57:52',NULL,0),(212,'playerVirtual19','playerVirtual19_2359368952',0,'2018-02-18 16:57:52',NULL,0),(213,'playerVirtual12','playerVirtual12_053d8f63b4',4,'2018-02-18 16:57:53',NULL,0),(214,'playerVirtual10','playerVirtual10_272887063',1,'2018-02-18 16:57:54',NULL,0),(215,'playerVirtual10','playerVirtual10_8fa2a25263',4,'2018-02-18 16:57:54',NULL,0),(216,'playerVirtual10','playerVirtual10_272887063',1,'2018-02-18 16:57:54',NULL,0),(217,'playerVirtual9','playerVirtual9_682797',0,'2018-02-18 16:58:13',NULL,0),(218,'playerVirtual9','playerVirtual9_682797',0,'2018-02-18 16:58:13',NULL,0),(219,'playerVirtual7','playerVirtual7_214880781',0,'2018-02-18 16:58:16',NULL,0),(220,'playerVirtual7','playerVirtual7_214880781',0,'2018-02-18 16:58:17',NULL,0),(221,'playerVirtual16','playerVirtual16_16914091',0,'2018-02-18 16:58:22',NULL,0),(222,'playerVirtual16','playerVirtual16_16914091',0,'2018-02-18 16:58:22',NULL,0),(223,'playerVirtual13','playerVirtual13_e6dbfc9be3',4,'2018-02-18 16:58:27',NULL,0),(224,'playerVirtual6','playerVirtual6_434ef9fc34',4,'2018-02-18 16:58:29',NULL,0),(225,'playerVirtual18','playerVirtual18_182859403',0,'2018-02-18 16:58:36',NULL,0),(226,'playerVirtual18','playerVirtual18_182859403',0,'2018-02-18 16:58:37',NULL,0),(227,'playerVirtual15','playerVirtual15_52bb19ff66',4,'2018-02-18 16:58:41',NULL,0),(228,'playerVirtual17','playerVirtual17_6a0ea94d07',4,'2018-02-18 16:58:49',NULL,0),(229,'playerVirtual19','playerVirtual19_d94f1a101a',4,'2018-02-18 16:58:52',NULL,0),(230,'playerVirtual9','playerVirtual9_a8835b69f4',4,'2018-02-18 16:59:13',NULL,0),(231,'playerVirtual7','playerVirtual7_4d7a299aca',4,'2018-02-18 16:59:17',NULL,0),(232,'playerVirtual16','playerVirtual16_55ea3d102e',4,'2018-02-18 16:59:22',NULL,0),(233,'playerVirtual18','playerVirtual18_52a233b35d',4,'2018-02-18 16:59:37',NULL,0),(234,'playerVirtual11','playerVirtual11_6285257156',0,'2018-02-18 17:00:51',NULL,0),(235,'playerVirtual11','playerVirtual11_6285257156',0,'2018-02-18 17:00:52',NULL,0),(236,'playerVirtual8','playerVirtual8_6955737',0,'2018-02-18 17:01:29',NULL,0),(237,'playerVirtual8','playerVirtual8_6955737',0,'2018-02-18 17:01:29',NULL,0),(238,'playerVirtual11','playerVirtual11_4104e066a6',3,'2018-02-18 17:01:51',NULL,0),(239,'playerVirtual15','playerVirtual15_6955737',1,'2018-02-18 17:01:57',NULL,0),(240,'playerVirtual15','playerVirtual15_7c929331e6',3,'2018-02-18 17:01:58',NULL,0),(241,'playerVirtual15','playerVirtual15_6955737',1,'2018-02-18 17:01:58',NULL,0),(242,'playerVirtual14','playerVirtual14_6641406',0,'2018-02-18 17:02:04',NULL,0),(243,'playerVirtual14','playerVirtual14_6641406',0,'2018-02-18 17:02:04',NULL,0),(244,'playerVirtual12','playerVirtual12_6955737',0,'2018-02-18 17:02:25',NULL,0),(245,'playerVirtual12','playerVirtual12_6955737',0,'2018-02-18 17:02:25',NULL,0),(246,'playerVirtual8','playerVirtual8_c120ca65af',3,'2018-02-18 17:02:29',NULL,0),(247,'playerVirtual13','playerVirtual13_1438244924',0,'2018-02-18 17:02:55',NULL,0),(248,'playerVirtual13','playerVirtual13_1438244924',0,'2018-02-18 17:02:55',NULL,0),(249,'playerVirtual14','playerVirtual14_db4521fb9e',3,'2018-02-18 17:03:04',NULL,0),(250,'playerVirtual12','playerVirtual12_9b82a6f2d7',3,'2018-02-18 17:03:25',NULL,0),(251,'playerVirtual10','playerVirtual10_1438244924',0,'2018-02-18 17:03:28',NULL,0),(252,'playerVirtual10','playerVirtual10_1438244924',0,'2018-02-18 17:03:29',NULL,0),(253,'playerVirtual17','playerVirtual17_794070039',0,'2018-02-18 17:03:42',NULL,0),(254,'playerVirtual9','playerVirtual9_3338579772',1,'2018-02-18 17:03:44',NULL,0),(255,'playerVirtual9','playerVirtual9_100db87fdf',3,'2018-02-18 17:03:45',NULL,0),(256,'playerVirtual17','playerVirtual17_794070039',0,'2018-02-18 17:03:45',NULL,0),(257,'playerVirtual9','playerVirtual9_3338579772',1,'2018-02-18 17:03:45',NULL,0),(258,'playerVirtual13','playerVirtual13_197dbdda9b',3,'2018-02-18 17:03:55',NULL,0),(259,'playerVirtual10','playerVirtual10_740334fdea',3,'2018-02-18 17:04:29',NULL,0),(260,'playerVirtual17','playerVirtual17_42e6f5dc04',3,'2018-02-18 17:04:39',NULL,0),(261,'playerVirtual19','playerVirtual19_990694203',0,'2018-02-18 17:05:31',NULL,0),(262,'playerVirtual19','playerVirtual19_990694203',0,'2018-02-18 17:05:32',NULL,0),(263,'playerVirtual19','playerVirtual19_5f6b321f90',3,'2018-02-18 17:06:32',NULL,0),(264,'playerVirtual7','playerVirtual7_6296865278',0,'2018-02-18 17:07:13',NULL,0),(265,'playerVirtual7','playerVirtual7_6296865278',0,'2018-02-18 17:07:13',NULL,0),(266,'playerVirtual11','playerVirtual11_9c90b5ca2f',4,'2018-02-18 17:08:02',NULL,0),(267,'playerVirtual7','playerVirtual7_c5542897b4',3,'2018-02-18 17:08:13',NULL,0),(268,'playerVirtual16','playerVirtual16_182859403',0,'2018-02-18 17:08:49',NULL,0),(269,'playerVirtual16','playerVirtual16_182859403',0,'2018-02-18 17:08:49',NULL,0),(270,'playerVirtual18','playerVirtual18_182859403',1,'2018-02-18 17:08:50',NULL,0),(271,'playerVirtual18','playerVirtual18_ac905fe045',3,'2018-02-18 17:08:50',NULL,0),(272,'playerVirtual18','playerVirtual18_182859403',1,'2018-02-18 17:08:50',NULL,0),(273,'playerVirtual8','playerVirtual8_6955737',1,'2018-02-18 17:09:02',NULL,0),(274,'playerVirtual8','playerVirtual8_56e3ce3553',4,'2018-02-18 17:09:03',NULL,0),(275,'playerVirtual8','playerVirtual8_6955737',1,'2018-02-18 17:09:03',NULL,0),(276,'playerVirtual15','playerVirtual15_2378747961',1,'2018-02-18 17:09:30',NULL,0),(277,'playerVirtual15','playerVirtual15_eb508de19f',4,'2018-02-18 17:09:30',NULL,0),(278,'playerVirtual15','playerVirtual15_2378747961',1,'2018-02-18 17:09:30',NULL,0),(279,'playerVirtual16','playerVirtual16_32c2128d46',3,'2018-02-18 17:09:49',NULL,0),(280,'playerVirtual10','playerVirtual10_840b4dbb53',4,'2018-02-18 17:10:22',NULL,0),(281,'playerVirtual19','playerVirtual19_e8694c1aed',4,'2018-02-18 17:12:26',NULL,0),(282,'playerVirtual14','playerVirtual14_6264344062',0,'2018-02-18 17:12:48',NULL,0),(283,'playerVirtual14','playerVirtual14_6264344062',0,'2018-02-18 17:12:48',NULL,0),(284,'playerVirtual8','playerVirtual8_d9a46b3d88',3,'2018-02-18 17:13:17',NULL,0),(285,'playerVirtual15','playerVirtual15_1436344784',1,'2018-02-18 17:13:45',NULL,0),(286,'playerVirtual15','playerVirtual15_d1c0943806',3,'2018-02-18 17:13:45',NULL,0),(287,'playerVirtual15','playerVirtual15_1436344784',1,'2018-02-18 17:13:45',NULL,0),(288,'playerVirtual14','playerVirtual14_0e2c754e78',4,'2018-02-18 17:13:48',NULL,0),(289,'playerVirtual12','playerVirtual12_990694203',0,'2018-02-18 17:14:52',NULL,0),(290,'playerVirtual12','playerVirtual12_990694203',0,'2018-02-18 17:14:53',NULL,0),(291,'playerVirtual16','playerVirtual16_182859403',1,'2018-02-18 17:15:32',NULL,0),(292,'playerVirtual16','playerVirtual16_55d56263bd',4,'2018-02-18 17:15:33',NULL,0),(293,'playerVirtual16','playerVirtual16_182859403',1,'2018-02-18 17:15:33',NULL,0),(294,'playerVirtual9','playerVirtual9_6301942525',0,'2018-02-18 17:15:33',NULL,0),(295,'playerVirtual9','playerVirtual9_6301942525',0,'2018-02-18 17:15:34',NULL,0),(296,'playerVirtual12','playerVirtual12_cd193f8ba9',4,'2018-02-18 17:15:52',NULL,0),(297,'playerVirtual18','playerVirtual18_908315',1,'2018-02-18 17:15:53',NULL,0),(298,'playerVirtual18','playerVirtual18_ba64158fce',4,'2018-02-18 17:15:53',NULL,0),(299,'playerVirtual18','playerVirtual18_908315',1,'2018-02-18 17:15:53',NULL,0),(300,'playerVirtual13','playerVirtual13_5297461910',0,'2018-02-18 17:16:30',NULL,0),(301,'playerVirtual13','playerVirtual13_5297461910',0,'2018-02-18 17:16:30',NULL,0),(302,'playerVirtual9','playerVirtual9_182ca9a669',4,'2018-02-18 17:16:33',NULL,0),(303,'playerVirtual17','playerVirtual17_5068098508',1,'2018-02-18 17:17:25',NULL,0),(304,'playerVirtual17','playerVirtual17_9ad49948ab',4,'2018-02-18 17:17:25',NULL,0),(305,'playerVirtual17','playerVirtual17_5068098508',1,'2018-02-18 17:17:25',NULL,0),(306,'playerVirtual13','playerVirtual13_5d7ccc5135',4,'2018-02-18 17:17:30',NULL,0),(307,'playerVirtual11','playerVirtual11_1095593',0,'2018-02-18 17:20:04',NULL,0),(308,'playerVirtual11','playerVirtual11_1095593',0,'2018-02-18 17:20:04',NULL,0),(309,'playerVirtual12','playerVirtual12_990694203',1,'2018-02-18 17:20:26',NULL,0),(310,'playerVirtual12','playerVirtual12_c8a4a57d03',3,'2018-02-18 17:20:26',NULL,0),(311,'playerVirtual12','playerVirtual12_990694203',1,'2018-02-18 17:20:29',NULL,0),(312,'playerVirtual11','playerVirtual11_b762ee70fd',3,'2018-02-18 17:21:04',NULL,0),(313,'playerVirtual10','playerVirtual10_539194189',1,'2018-02-18 17:23:10',NULL,0),(314,'playerVirtual10','playerVirtual10_ce3583e655',3,'2018-02-18 17:23:10',NULL,0),(315,'playerVirtual10','playerVirtual10_539194189',1,'2018-02-18 17:23:10',NULL,0),(316,'playerVirtual14','playerVirtual14_4246147567',0,'2018-02-18 17:25:12',NULL,0),(317,'playerVirtual14','playerVirtual14_4246147567',0,'2018-02-18 17:25:13',NULL,0),(318,'playerVirtual14','playerVirtual14_2f85962c3a',3,'2018-02-18 17:26:13',NULL,0),(319,'playerVirtual17','playerVirtual17_2378747961',0,'2018-02-18 17:26:36',NULL,0),(320,'playerVirtual17','playerVirtual17_2378747961',0,'2018-02-18 17:26:36',NULL,0),(321,'playerVirtual13','playerVirtual13_6316827871',0,'2018-02-18 17:26:51',NULL,0),(322,'playerVirtual13','playerVirtual13_6316827871',0,'2018-02-18 17:26:52',NULL,0),(323,'playerVirtual19','playerVirtual19_4246147567',0,'2018-02-18 17:27:02',NULL,0),(324,'playerVirtual19','playerVirtual19_4246147567',0,'2018-02-18 17:27:02',NULL,0),(325,'playerVirtual11','playerVirtual11_1d8a24a21b',4,'2018-02-18 17:27:28',NULL,0),(326,'playerVirtual17','playerVirtual17_8c110265f3',3,'2018-02-18 17:27:36',NULL,0),(327,'playerVirtual13','playerVirtual13_0889ae46db',3,'2018-02-18 17:27:52',NULL,0),(328,'playerVirtual19','playerVirtual19_e9256fb820',3,'2018-02-18 17:28:02',NULL,0),(329,'playerVirtual8','playerVirtual8_6289704471',0,'2018-02-18 17:29:52',NULL,0),(330,'playerVirtual8','playerVirtual8_6289704471',0,'2018-02-18 17:29:53',NULL,0),(331,'playerVirtual18','playerVirtual18_4246147567',0,'2018-02-18 17:30:25',NULL,0),(332,'playerVirtual18','playerVirtual18_4246147567',0,'2018-02-18 17:30:25',NULL,0),(333,'playerVirtual15','playerVirtual15_4246147567',0,'2018-02-18 17:30:25',NULL,0),(334,'playerVirtual15','playerVirtual15_4246147567',0,'2018-02-18 17:30:26',NULL,0),(335,'playerVirtual16','playerVirtual16_4246147567',0,'2018-02-18 17:31:09',NULL,0),(336,'playerVirtual16','playerVirtual16_4246147567',0,'2018-02-18 17:31:10',NULL,0),(337,'playerVirtual18','playerVirtual18_59a0011c59',3,'2018-02-18 17:31:25',NULL,0),(338,'playerVirtual15','playerVirtual15_dafb0a13fa',4,'2018-02-18 17:31:25',NULL,0),(339,'playerVirtual16','playerVirtual16_2dc3491831',3,'2018-02-18 17:32:09',NULL,0),(340,'playerVirtual10','playerVirtual10_4246147567',0,'2018-02-18 17:33:14',NULL,0),(341,'playerVirtual10','playerVirtual10_4246147567',0,'2018-02-18 17:33:15',NULL,0),(342,'playerVirtual19','playerVirtual19_4246147567',1,'2018-02-18 17:33:56',NULL,0),(343,'playerVirtual19','playerVirtual19_6293a3cc12',4,'2018-02-18 17:33:56',NULL,0),(344,'playerVirtual19','playerVirtual19_4246147567',1,'2018-02-18 17:33:57',NULL,0),(345,'playerVirtual10','playerVirtual10_9fcedb3057',4,'2018-02-18 17:34:14',NULL,0),(346,'playerVirtual15','playerVirtual15_4246147567',1,'2018-02-18 17:35:40',NULL,0),(347,'playerVirtual15','playerVirtual15_6b0f21ca5c',3,'2018-02-18 17:35:40',NULL,0),(348,'playerVirtual15','playerVirtual15_4246147567',1,'2018-02-18 17:35:40',NULL,0),(349,'playerVirtual14','playerVirtual14_4246147567',1,'2018-02-18 17:35:56',NULL,0),(350,'playerVirtual14','playerVirtual14_5d8b0c8fbb',4,'2018-02-18 17:35:56',NULL,0),(351,'playerVirtual14','playerVirtual14_4246147567',1,'2018-02-18 17:35:56',NULL,0),(352,'playerVirtual16','playerVirtual16_4246147567',1,'2018-02-18 17:37:53',NULL,0),(353,'playerVirtual16','playerVirtual16_6b65bbfb88',4,'2018-02-18 17:37:53',NULL,0),(354,'playerVirtual16','playerVirtual16_4246147567',1,'2018-02-18 17:37:53',NULL,0),(355,'playerVirtual12','playerVirtual12_4246147567',0,'2018-02-18 17:38:17',NULL,0),(356,'playerVirtual12','playerVirtual12_4246147567',0,'2018-02-18 17:38:18',NULL,0),(357,'playerVirtual18','playerVirtual18_4246147567',1,'2018-02-18 17:38:27',NULL,0),(358,'playerVirtual18','playerVirtual18_19df18ebe7',4,'2018-02-18 17:38:27',NULL,0),(359,'playerVirtual18','playerVirtual18_4246147567',1,'2018-02-18 17:38:28',NULL,0),(360,'playerVirtual12','playerVirtual12_2a41fb6703',4,'2018-02-18 17:39:18',NULL,0),(361,'playerVirtual17','playerVirtual17_4246147567',0,'2018-02-18 17:41:59',NULL,0),(362,'playerVirtual17','playerVirtual17_4246147567',0,'2018-02-18 17:41:59',NULL,0),(363,'playerVirtual13','playerVirtual13_359920779',0,'2018-02-18 17:42:12',NULL,0),(364,'playerVirtual13','playerVirtual13_359920779',0,'2018-02-18 17:42:12',NULL,0),(365,'playerVirtual17','playerVirtual17_872ee4ef9a',4,'2018-02-18 17:42:59',NULL,0),(366,'playerVirtual13','playerVirtual13_02bcc07755',4,'2018-02-18 17:43:12',NULL,0),(367,'playerVirtual12','playerVirtual12_4246147567',1,'2018-02-18 17:43:49',NULL,0),(368,'playerVirtual12','playerVirtual12_e593006e47',3,'2018-02-18 17:43:49',NULL,0),(369,'playerVirtual12','playerVirtual12_4246147567',1,'2018-02-18 17:43:49',NULL,0),(370,'playerVirtual11','playerVirtual11_6322213339',0,'2018-02-18 17:44:33',NULL,0),(371,'playerVirtual11','playerVirtual11_6322213339',0,'2018-02-18 17:44:33',NULL,0),(372,'playerVirtual11','playerVirtual11_7cbfd1b349',3,'2018-02-18 17:45:34',NULL,0),(373,'playerVirtual10','playerVirtual10_4246147567',1,'2018-02-18 17:47:02',NULL,0),(374,'playerVirtual10','playerVirtual10_0ccf834fb0',3,'2018-02-18 17:47:02',NULL,0),(375,'playerVirtual10','playerVirtual10_4246147567',1,'2018-02-18 17:47:02',NULL,0),(376,'playerVirtual14','playerVirtual14_4246147567',0,'2018-02-18 17:51:18',NULL,0),(377,'playerVirtual14','playerVirtual14_bbb6cd95f3',3,'2018-02-18 17:51:18',NULL,0),(378,'playerVirtual14','playerVirtual14_4246147567',0,'2018-02-18 17:51:18',NULL,0),(379,'playerVirtual17','playerVirtual17_4246147567',1,'2018-02-18 17:52:09',NULL,0),(380,'playerVirtual17','playerVirtual17_370fd87a0d',3,'2018-02-18 17:52:10',NULL,0),(381,'playerVirtual17','playerVirtual17_4246147567',1,'2018-02-18 17:52:10',NULL,0),(382,'playerVirtual19','playerVirtual19_4246147567',0,'2018-02-18 17:52:30',NULL,0),(383,'playerVirtual19','playerVirtual19_08ff7c66dd',3,'2018-02-18 17:52:30',NULL,0),(384,'playerVirtual13','playerVirtual13_4246147567',0,'2018-02-18 17:55:03',NULL,0),(385,'playerVirtual13','playerVirtual13_4246147567',0,'2018-02-18 17:55:03',NULL,0),(386,'playerVirtual11','playerVirtual11_4246147567',0,'2018-02-18 17:55:22',NULL,0),(387,'playerVirtual11','playerVirtual11_4246147567',0,'2018-02-18 17:55:22',NULL,0),(388,'playerVirtual13','playerVirtual13_2f31c89693',3,'2018-02-18 17:56:03',NULL,0),(389,'playerVirtual15','playerVirtual15_4246147567',0,'2018-02-18 17:56:18',NULL,0),(390,'playerVirtual15','playerVirtual15_e103d340ed',4,'2018-02-18 17:56:18',NULL,0),(391,'playerVirtual15','playerVirtual15_4246147567',0,'2018-02-18 17:56:18',NULL,0),(392,'playerVirtual11','playerVirtual11_f89a4c2cf5',4,'2018-02-18 17:56:22',NULL,0),(393,'playerVirtual18','playerVirtual18_6335261139',0,'2018-02-18 17:57:08',NULL,0),(394,'playerVirtual18','playerVirtual18_6335261139',0,'2018-02-18 17:57:08',NULL,0),(395,'playerVirtual16','playerVirtual16_4246147567',0,'2018-02-18 17:57:40',NULL,0),(396,'playerVirtual16','playerVirtual16_c9e5d4a180',3,'2018-02-18 17:57:41',NULL,0),(397,'playerVirtual16','playerVirtual16_4246147567',0,'2018-02-18 17:57:41',NULL,0),(398,'playerVirtual18','playerVirtual18_7aabb42d73',3,'2018-02-18 17:58:09',NULL,0),(399,'playerVirtual19','playerVirtual19_2bdc2aaab6',4,'2018-02-18 17:58:24',NULL,0),(400,'playerVirtual15','playerVirtual15_4246147567',1,'2018-02-18 18:00:32',NULL,0),(401,'playerVirtual15','playerVirtual15_58d7226db5',3,'2018-02-18 18:00:32',NULL,0),(402,'playerVirtual15','playerVirtual15_4246147567',1,'2018-02-18 18:00:32',NULL,0),(403,'playerVirtual14','playerVirtual14_4246147567',1,'2018-02-18 18:01:01',NULL,0),(404,'playerVirtual14','playerVirtual14_1d68827452',4,'2018-02-18 18:01:01',NULL,0),(405,'playerVirtual14','playerVirtual14_4246147567',1,'2018-02-18 18:01:01',NULL,0),(406,'playerVirtual10','playerVirtual10_4246147567',0,'2018-02-18 18:01:20',NULL,0),(407,'playerVirtual10','playerVirtual10_4f4ffd4909',4,'2018-02-18 18:01:21',NULL,0),(408,'playerVirtual10','playerVirtual10_4246147567',0,'2018-02-18 18:01:21',NULL,0),(409,'playerVirtual16','playerVirtual16_4246147567',1,'2018-02-18 18:03:27',NULL,0),(410,'playerVirtual16','playerVirtual16_f7980bca3d',4,'2018-02-18 18:03:28',NULL,0),(411,'playerVirtual16','playerVirtual16_4246147567',1,'2018-02-18 18:03:28',NULL,0),(412,'playerVirtual12','playerVirtual12_4246147567',0,'2018-02-18 18:05:42',NULL,0),(413,'playerVirtual12','playerVirtual12_a5bc5a51a0',4,'2018-02-18 18:05:43',NULL,0),(414,'playerVirtual12','playerVirtual12_4246147567',0,'2018-02-18 18:05:43',NULL,0),(415,'playerVirtual18','playerVirtual18_4246147567',0,'2018-02-18 18:07:40',NULL,0),(416,'playerVirtual18','playerVirtual18_846a70473c',4,'2018-02-18 18:07:41',NULL,0),(417,'playerVirtual18','playerVirtual18_4246147567',0,'2018-02-18 18:07:41',NULL,0),(418,'playerVirtual12','playerVirtual12_4246147567',1,'2018-02-18 18:10:14',NULL,0),(419,'playerVirtual12','playerVirtual12_adc299c1fb',3,'2018-02-18 18:10:15',NULL,0),(420,'playerVirtual12','playerVirtual12_4246147567',1,'2018-02-18 18:10:15',NULL,0),(421,'playerVirtual13','playerVirtual13_4246147567',1,'2018-02-18 18:10:23',NULL,0),(422,'playerVirtual13','playerVirtual13_ef3d111282',4,'2018-02-18 18:10:24',NULL,0),(423,'playerVirtual13','playerVirtual13_4246147567',1,'2018-02-18 18:10:24',NULL,0),(424,'playerVirtual17','playerVirtual17_990694203',0,'2018-02-18 18:10:46',NULL,0),(425,'playerVirtual17','playerVirtual17_990694203',0,'2018-02-18 18:10:47',NULL,0),(426,'playerVirtual17','playerVirtual17_3ab15daec3',4,'2018-02-18 18:11:49',NULL,0),(427,'playerVirtual11','playerVirtual11_4246147567',1,'2018-02-18 18:13:26',NULL,0),(428,'playerVirtual11','playerVirtual11_bb1d81fbbd',3,'2018-02-18 18:13:27',NULL,0),(429,'playerVirtual11','playerVirtual11_4246147567',1,'2018-02-18 18:13:27',NULL,0),(430,'playerVirtual10','playerVirtual10_4246147567',1,'2018-02-18 18:14:08',NULL,0),(431,'playerVirtual10','playerVirtual10_28aa86670b',3,'2018-02-18 18:14:08',NULL,0),(432,'playerVirtual10','playerVirtual10_4246147567',1,'2018-02-18 18:14:08',NULL,0),(433,'playerVirtual14','playerVirtual14_6566788',0,'2018-02-18 18:20:22',NULL,0),(434,'playerVirtual14','playerVirtual14_6566788',0,'2018-02-18 18:20:23',NULL,0),(435,'playerVirtual19','playerVirtual19_272887063',0,'2018-02-18 18:20:51',NULL,0),(436,'playerVirtual17','playerVirtual17_990694203',1,'2018-02-18 18:20:57',NULL,0),(437,'playerVirtual17','playerVirtual17_416b9fa3b8',3,'2018-02-18 18:20:58',NULL,0),(438,'playerVirtual17','playerVirtual17_990694203',1,'2018-02-18 18:20:58',NULL,0),(439,'playerVirtual14','playerVirtual14_df90a1a2a7',3,'2018-02-18 18:21:23',NULL,0),(440,'playerVirtual19','playerVirtual19_cef171b6ac',3,'2018-02-18 18:21:51',NULL,0),(441,'playerVirtual15','playerVirtual15_4246147567',0,'2018-02-18 18:25:11',NULL,0),(442,'playerVirtual15','playerVirtual15_76112e2a76',4,'2018-02-18 18:25:11',NULL,0),(443,'playerVirtual15','playerVirtual15_4246147567',0,'2018-02-18 18:25:11',NULL,0),(444,'playerVirtual13','playerVirtual13_5297461910',1,'2018-02-18 18:25:40',NULL,0),(445,'playerVirtual13','playerVirtual13_eeff524a91',3,'2018-02-18 18:25:40',NULL,0),(446,'playerVirtual13','playerVirtual13_5297461910',1,'2018-02-18 18:25:40',NULL,0),(447,'playerVirtual11','playerVirtual11_4820150269',0,'2018-02-18 18:26:14',NULL,0),(448,'playerVirtual11','playerVirtual11_4820150269',0,'2018-02-18 18:26:14',NULL,0),(449,'playerVirtual18','playerVirtual18_4246147567',1,'2018-02-18 18:26:21',NULL,0),(450,'playerVirtual18','playerVirtual18_6f3a56ba29',3,'2018-02-18 18:26:21',NULL,0),(451,'playerVirtual18','playerVirtual18_4246147567',1,'2018-02-18 18:26:21',NULL,0),(452,'playerVirtual16','playerVirtual16_4246147567',0,'2018-02-18 18:26:46',NULL,0),(453,'playerVirtual16','playerVirtual16_03adc6c874',3,'2018-02-18 18:26:46',NULL,0),(454,'playerVirtual16','playerVirtual16_4246147567',0,'2018-02-18 18:26:46',NULL,0),(455,'playerVirtual11','playerVirtual11_316f87d68e',4,'2018-02-18 18:27:14',NULL,0),(456,'playerVirtual15','playerVirtual15_4246147567',1,'2018-02-18 18:29:25',NULL,0),(457,'playerVirtual15','playerVirtual15_8b73147cd6',3,'2018-02-18 18:29:25',NULL,0),(458,'playerVirtual15','playerVirtual15_4246147567',1,'2018-02-18 18:29:26',NULL,0),(459,'playerVirtual19','playerVirtual19_4246147567',0,'2018-02-18 18:29:26',NULL,0),(460,'playerVirtual19','playerVirtual19_1d9f0c582f',4,'2018-02-18 18:29:26',NULL,0),(461,'playerVirtual10','playerVirtual10_3338579772',0,'2018-02-18 18:31:14',NULL,0),(462,'playerVirtual10','playerVirtual10_3338579772',0,'2018-02-18 18:31:14',NULL,0),(463,'playerVirtual14','playerVirtual14_6566788',1,'2018-02-18 18:31:44',NULL,0),(464,'playerVirtual14','playerVirtual14_f4ec09eb5e',4,'2018-02-18 18:31:44',NULL,0),(465,'playerVirtual14','playerVirtual14_6566788',1,'2018-02-18 18:31:45',NULL,0),(466,'playerVirtual10','playerVirtual10_7cabe6a442',4,'2018-02-18 18:32:14',NULL,0),(467,'playerVirtual16','playerVirtual16_4246147567',1,'2018-02-18 18:32:29',NULL,0),(468,'playerVirtual16','playerVirtual16_659ba67e9d',4,'2018-02-18 18:32:30',NULL,0),(469,'playerVirtual16','playerVirtual16_4246147567',1,'2018-02-18 18:32:30',NULL,0),(470,'playerVirtual12','playerVirtual12_16917741',0,'2018-02-18 18:35:33',NULL,0),(471,'playerVirtual12','playerVirtual12_16917741',0,'2018-02-18 18:35:33',NULL,0),(472,'playerVirtual12','playerVirtual12_ab28c889ac',4,'2018-02-18 18:36:33',NULL,0),(473,'playerVirtual18','playerVirtual18_990694203',0,'2018-02-18 18:38:37',NULL,0),(474,'playerVirtual18','playerVirtual18_990694203',0,'2018-02-18 18:38:37',NULL,0),(475,'playerVirtual18','playerVirtual18_413b5b5b9c',4,'2018-02-18 18:39:37',NULL,0),(476,'playerVirtual17','playerVirtual17_272887063',1,'2018-02-18 18:40:06',NULL,0),(477,'playerVirtual17','playerVirtual17_86aa45f3b2',4,'2018-02-18 18:40:06',NULL,0),(478,'playerVirtual17','playerVirtual17_272887063',1,'2018-02-18 18:40:06',NULL,0),(479,'playerVirtual13','playerVirtual13_5068098508',0,'2018-02-18 18:41:06',NULL,0),(480,'playerVirtual13','playerVirtual13_5068098508',0,'2018-02-18 18:41:07',NULL,0),(481,'playerVirtual13','playerVirtual13_9a59f92a4c',4,'2018-02-18 18:42:07',NULL,0),(482,'playerVirtual12','playerVirtual12_4246147567',0,'2018-02-18 18:43:53',NULL,0),(483,'playerVirtual12','playerVirtual12_f3ca8de2c2',3,'2018-02-18 18:43:53',NULL,0),(484,'playerVirtual12','playerVirtual12_4246147567',0,'2018-02-18 18:43:53',NULL,0),(485,'playerVirtual11','playerVirtual11_4246147567',0,'2018-02-18 18:45:24',NULL,0),(486,'playerVirtual11','playerVirtual11_787366d312',3,'2018-02-18 18:45:25',NULL,0),(487,'playerVirtual11','playerVirtual11_4246147567',0,'2018-02-18 18:45:25',NULL,0),(488,'playerVirtual10','playerVirtual10_1438244924',0,'2018-02-18 18:46:31',NULL,0),(489,'playerVirtual10','playerVirtual10_7fd59a2da4',3,'2018-02-18 18:46:31',NULL,0),(490,'playerVirtual10','playerVirtual10_1438244924',0,'2018-02-18 18:46:32',NULL,0),(491,'playerVirtual17','playerVirtual17_2378747961',1,'2018-02-18 18:50:04',NULL,0),(492,'playerVirtual17','playerVirtual17_5f95ce38de',3,'2018-02-18 18:50:04',NULL,0),(493,'playerVirtual17','playerVirtual17_2378747961',1,'2018-02-18 18:50:04',NULL,0),(494,'playerVirtual19','playerVirtual19_890b94df0a',3,'2018-02-18 18:51:52',NULL,0),(495,'playerVirtual14','playerVirtual14_4246147567',0,'2018-02-18 18:52:37',NULL,0),(496,'playerVirtual14','playerVirtual14_586f92ac8b',3,'2018-02-18 18:52:37',NULL,0),(497,'playerVirtual14','playerVirtual14_4246147567',0,'2018-02-18 18:52:39',NULL,0),(498,'playerVirtual15','playerVirtual15_6280643141',0,'2018-02-18 18:56:11',NULL,0),(499,'playerVirtual15','playerVirtual15_6280643141',0,'2018-02-18 18:56:11',NULL,0),(500,'playerVirtual15','playerVirtual15_99b4764754',4,'2018-02-18 18:57:11',NULL,0),(501,'playerVirtual13','playerVirtual13_1438244924',1,'2018-02-18 18:58:03',NULL,0),(502,'playerVirtual13','playerVirtual13_ad438874d5',3,'2018-02-18 18:58:03',NULL,0),(503,'playerVirtual13','playerVirtual13_1438244924',1,'2018-02-18 18:58:03',NULL,0),(504,'playerVirtual11','playerVirtual11_4246147567',1,'2018-02-18 18:58:12',NULL,0),(505,'playerVirtual11','playerVirtual11_b3966e7471',4,'2018-02-18 18:58:12',NULL,0),(506,'playerVirtual11','playerVirtual11_4246147567',1,'2018-02-18 18:58:12',NULL,0),(507,'playerVirtual16','playerVirtual16_4246147567',0,'2018-02-18 18:58:14',NULL,0),(508,'playerVirtual16','playerVirtual16_3046d8f654',3,'2018-02-18 18:58:14',NULL,0),(509,'playerVirtual16','playerVirtual16_4246147567',0,'2018-02-18 18:58:14',NULL,0),(510,'playerVirtual18','playerVirtual18_990694203',1,'2018-02-18 18:58:18',NULL,0),(511,'playerVirtual18','playerVirtual18_86dd53f1d8',3,'2018-02-18 18:58:18',NULL,0),(512,'playerVirtual18','playerVirtual18_990694203',1,'2018-02-18 18:58:18',NULL,0),(513,'playerVirtual14','playerVirtual14_4246147567',1,'2018-02-18 19:02:56',NULL,0),(514,'playerVirtual14','playerVirtual14_ce6b889811',4,'2018-02-18 19:02:56',NULL,0),(515,'playerVirtual14','playerVirtual14_4246147567',1,'2018-02-18 19:02:56',NULL,0),(516,'playerVirtual19','playerVirtual19_990694203',0,'2018-02-18 19:03:48',NULL,0),(517,'playerVirtual19','playerVirtual19_6d27867af6',4,'2018-02-18 19:03:48',NULL,0),(518,'playerVirtual19','playerVirtual19_990694203',0,'2018-02-18 19:03:49',NULL,0),(519,'playerVirtual16','playerVirtual16_4246147567',1,'2018-02-18 19:03:57',NULL,0),(520,'playerVirtual16','playerVirtual16_240e15546c',4,'2018-02-18 19:03:57',NULL,0),(521,'playerVirtual16','playerVirtual16_4246147567',1,'2018-02-18 19:03:58',NULL,0),(522,'playerVirtual15','playerVirtual15_4246147567',0,'2018-02-18 19:05:19',NULL,0),(523,'playerVirtual15','playerVirtual15_2fb10a677c',3,'2018-02-18 19:05:19',NULL,0),(524,'playerVirtual15','playerVirtual15_4246147567',0,'2018-02-18 19:05:19',NULL,0),(525,'playerVirtual10','playerVirtual10_4246147567',0,'2018-02-18 19:05:32',NULL,0),(526,'playerVirtual10','playerVirtual10_bea8f336b6',4,'2018-02-18 19:05:32',NULL,0),(527,'playerVirtual10','playerVirtual10_4246147567',0,'2018-02-18 19:05:32',NULL,0),(528,'playerVirtual12','playerVirtual12_4246147567',1,'2018-02-18 19:09:11',NULL,0),(529,'playerVirtual12','playerVirtual12_9df7d9e506',4,'2018-02-18 19:09:11',NULL,0),(530,'playerVirtual12','playerVirtual12_4246147567',1,'2018-02-18 19:09:11',NULL,0),(531,'playerVirtual17','playerVirtual17_4246147567',0,'2018-02-18 19:13:51',NULL,0),(532,'playerVirtual17','playerVirtual17_76b94459e4',4,'2018-02-18 19:13:51',NULL,0),(533,'playerVirtual17','playerVirtual17_4246147567',0,'2018-02-18 19:13:52',NULL,0),(534,'playerVirtual18','playerVirtual18_2378747961',0,'2018-02-18 19:14:45',NULL,0),(535,'playerVirtual18','playerVirtual18_2378747961',0,'2018-02-18 19:14:45',NULL,0),(536,'playerVirtual18','playerVirtual18_7363b0abf9',4,'2018-02-18 19:15:45',NULL,0),(537,'playerVirtual12','playerVirtual12_16917741',1,'2018-02-18 19:17:09',NULL,0),(538,'playerVirtual12','playerVirtual12_505747c56a',3,'2018-02-18 19:17:09',NULL,0),(539,'playerVirtual12','playerVirtual12_16917741',1,'2018-02-18 19:17:09',NULL,0),(540,'playerVirtual13','playerVirtual13_4246147567',0,'2018-02-18 19:17:11',NULL,0),(541,'playerVirtual13','playerVirtual13_eb53c45c98',4,'2018-02-18 19:17:11',NULL,0),(542,'playerVirtual13','playerVirtual13_4246147567',0,'2018-02-18 19:17:11',NULL,0),(543,'playerVirtual11','playerVirtual11_4cd09e422b',3,'2018-02-18 19:17:12',NULL,0),(544,'playerVirtual10','playerVirtual10_4246147567',1,'2018-02-18 19:19:51',NULL,0),(545,'playerVirtual10','playerVirtual10_3b7dd5597f',3,'2018-02-18 19:19:52',NULL,0),(546,'playerVirtual10','playerVirtual10_4246147567',1,'2018-02-18 19:19:54',NULL,0),(547,'playerVirtual17','playerVirtual17_4246147567',1,'2018-02-18 19:23:49',NULL,0),(548,'playerVirtual17','playerVirtual17_4d87a0beee',3,'2018-02-18 19:23:49',NULL,0),(549,'playerVirtual17','playerVirtual17_4246147567',1,'2018-02-18 19:23:49',NULL,0),(550,'playerVirtual19','playerVirtual19_cdf97827f0',3,'2018-02-18 19:26:14',NULL,0),(551,'playerVirtual14','playerVirtual14_904011',0,'2018-02-18 19:28:19',NULL,0),(552,'playerVirtual14','playerVirtual14_904011',0,'2018-02-18 19:28:19',NULL,0),(553,'playerVirtual14','playerVirtual14_c825439f49',3,'2018-02-18 19:29:21',NULL,0),(554,'playerVirtual15','playerVirtual15_4246147567',1,'2018-02-18 19:32:04',NULL,0),(555,'playerVirtual15','playerVirtual15_fca1ce0a92',4,'2018-02-18 19:32:04',NULL,0),(556,'playerVirtual15','playerVirtual15_4246147567',1,'2018-02-18 19:32:05',NULL,0),(557,'playerVirtual13','playerVirtual13_4246147567',1,'2018-02-18 19:33:09',NULL,0),(558,'playerVirtual13','playerVirtual13_002f468159',3,'2018-02-18 19:33:09',NULL,0),(559,'playerVirtual13','playerVirtual13_4246147567',1,'2018-02-18 19:33:09',NULL,0),(560,'playerVirtual16','playerVirtual16_4246147567',0,'2018-02-18 19:34:01',NULL,0),(561,'playerVirtual16','playerVirtual16_3ac3cb9944',3,'2018-02-18 19:34:01',NULL,0),(562,'playerVirtual16','playerVirtual16_4246147567',0,'2018-02-18 19:34:01',NULL,0),(563,'playerVirtual11','playerVirtual11_4246147567',0,'2018-02-18 19:35:22',NULL,0),(564,'playerVirtual11','playerVirtual11_21c1936bf7',4,'2018-02-18 19:35:22',NULL,0),(565,'playerVirtual11','playerVirtual11_4246147567',0,'2018-02-18 19:35:22',NULL,0),(566,'playerVirtual18','playerVirtual18_4246147567',0,'2018-02-18 19:36:02',NULL,0),(567,'playerVirtual18','playerVirtual18_5345a2e694',3,'2018-02-18 19:36:02',NULL,0),(568,'playerVirtual18','playerVirtual18_4246147567',0,'2018-02-18 19:36:03',NULL,0),(569,'playerVirtual16','playerVirtual16_4246147567',1,'2018-02-18 19:39:46',NULL,0),(570,'playerVirtual16','playerVirtual16_c4169794e8',4,'2018-02-18 19:39:47',NULL,0),(571,'playerVirtual16','playerVirtual16_4246147567',1,'2018-02-18 19:39:49',NULL,0),(572,'playerVirtual19','playerVirtual19_4246147567',0,'2018-02-18 19:41:24',NULL,0),(573,'playerVirtual19','playerVirtual19_546717d700',4,'2018-02-18 19:41:24',NULL,0),(574,'playerVirtual19','playerVirtual19_4246147567',0,'2018-02-18 19:41:24',NULL,0),(575,'playerVirtual14','playerVirtual14_4246147567',0,'2018-02-18 19:41:59',NULL,0),(576,'playerVirtual14','playerVirtual14_befa63cacd',4,'2018-02-18 19:42:00',NULL,0),(577,'playerVirtual14','playerVirtual14_4246147567',0,'2018-02-18 19:42:00',NULL,0),(578,'playerVirtual10','playerVirtual10_6370662053',0,'2018-02-18 19:42:50',NULL,0),(579,'playerVirtual10','playerVirtual10_6370662053',0,'2018-02-18 19:42:51',NULL,0),(580,'playerVirtual15','playerVirtual15_4246147567',0,'2018-02-18 19:43:36',NULL,0),(581,'playerVirtual15','playerVirtual15_125e253a1a',3,'2018-02-18 19:43:36',NULL,0),(582,'playerVirtual15','playerVirtual15_4246147567',0,'2018-02-18 19:43:36',NULL,0),(583,'playerVirtual10','playerVirtual10_e670a8a903',4,'2018-02-18 19:43:50',NULL,0),(584,'playerVirtual12','playerVirtual12_4246147567',0,'2018-02-18 19:46:07',NULL,0),(585,'playerVirtual12','playerVirtual12_147f9006b6',4,'2018-02-18 19:46:08',NULL,0),(586,'playerVirtual12','playerVirtual12_4246147567',0,'2018-02-18 19:46:08',NULL,0),(587,'playerVirtual17','playerVirtual17_794070039',1,'2018-02-18 19:50:09',NULL,0),(588,'playerVirtual17','playerVirtual17_479fa2b500',4,'2018-02-18 19:50:09',NULL,0),(589,'playerVirtual17','playerVirtual17_794070039',1,'2018-02-18 19:50:10',NULL,0),(590,'playerVirtual18','playerVirtual18_4246147567',1,'2018-02-18 19:52:29',NULL,0),(591,'playerVirtual18','playerVirtual18_c4e36b47bb',4,'2018-02-18 19:52:29',NULL,0),(592,'playerVirtual18','playerVirtual18_4246147567',1,'2018-02-18 19:52:29',NULL,0),(593,'playerVirtual12','playerVirtual12_4246147567',1,'2018-02-18 19:54:05',NULL,0),(594,'playerVirtual12','playerVirtual12_183a49557f',3,'2018-02-18 19:54:05',NULL,0),(595,'playerVirtual12','playerVirtual12_4246147567',1,'2018-02-18 19:54:05',NULL,0),(596,'playerVirtual11','playerVirtual11_4246147567',1,'2018-02-18 19:54:22',NULL,0),(597,'playerVirtual11','playerVirtual11_4fbdd08c82',3,'2018-02-18 19:54:23',NULL,0),(598,'playerVirtual11','playerVirtual11_4246147567',1,'2018-02-18 19:54:23',NULL,0),(599,'playerVirtual13','playerVirtual13_4246147567',0,'2018-02-18 19:55:40',NULL,0),(600,'playerVirtual13','playerVirtual13_365d47fc5e',4,'2018-02-18 19:55:40',NULL,0),(601,'playerVirtual13','playerVirtual13_4246147567',0,'2018-02-18 19:55:40',NULL,0),(602,'playerVirtual10','playerVirtual10_4246147567',0,'2018-02-18 20:00:11',NULL,0),(603,'playerVirtual10','playerVirtual10_f4222c311a',3,'2018-02-18 20:00:11',NULL,0),(604,'playerVirtual10','playerVirtual10_4246147567',0,'2018-02-18 20:00:11',NULL,0),(605,'playerVirtual17','playerVirtual17_990694203',0,'2018-02-18 20:03:40',NULL,0),(606,'playerVirtual17','playerVirtual17_d5beb0c1d1',3,'2018-02-18 20:03:40',NULL,0),(607,'playerVirtual17','playerVirtual17_990694203',0,'2018-02-18 20:03:40',NULL,0),(608,'playerVirtual19','playerVirtual19_4f553fc57e',3,'2018-02-18 20:03:50',NULL,0),(609,'playerVirtual14','playerVirtual14_4246147567',1,'2018-02-18 20:07:22',NULL,0),(610,'playerVirtual14','playerVirtual14_608139d22e',3,'2018-02-18 20:07:22',NULL,0),(611,'playerVirtual14','playerVirtual14_4246147567',1,'2018-02-18 20:07:22',NULL,0),(612,'playerVirtual15','playerVirtual15_4246147567',1,'2018-02-18 20:10:21',NULL,0),(613,'playerVirtual15','playerVirtual15_c814ff54c5',4,'2018-02-18 20:10:21',NULL,0),(614,'playerVirtual15','playerVirtual15_4246147567',1,'2018-02-18 20:10:22',NULL,0),(615,'playerVirtual13','playerVirtual13_4246147567',1,'2018-02-18 20:11:38',NULL,0),(616,'playerVirtual13','playerVirtual13_b30bfb2831',3,'2018-02-18 20:11:38',NULL,0),(617,'playerVirtual13','playerVirtual13_4246147567',1,'2018-02-18 20:11:38',NULL,0),(618,'playerVirtual16','playerVirtual16_539194189',0,'2018-02-18 20:12:53',NULL,0),(619,'playerVirtual16','playerVirtual16_539194189',0,'2018-02-18 20:12:53',NULL,0),(620,'playerVirtual16','playerVirtual16_cd2cb5cb43',3,'2018-02-18 20:13:53',NULL,0),(621,'playerVirtual11','playerVirtual11_4246147567',0,'2018-02-18 20:16:03',NULL,0),(622,'playerVirtual11','playerVirtual11_93c0f36b4e',4,'2018-02-18 20:16:04',NULL,0),(623,'playerVirtual18','playerVirtual18_4246147567',0,'2018-02-18 20:16:04',NULL,0),(624,'playerVirtual11','playerVirtual11_4246147567',0,'2018-02-18 20:16:04',NULL,0),(625,'playerVirtual18','playerVirtual18_6919db92c0',3,'2018-02-18 20:16:04',NULL,0),(626,'playerVirtual18','playerVirtual18_4246147567',0,'2018-02-18 20:16:04',NULL,0),(627,'playerVirtual19','playerVirtual19_99a42ce340',4,'2018-02-18 20:22:19',NULL,0),(628,'playerVirtual16','playerVirtual16_4246147567',0,'2018-02-18 20:22:50',NULL,0),(629,'playerVirtual16','playerVirtual16_86e15512dd',4,'2018-02-18 20:22:50',NULL,0),(630,'playerVirtual16','playerVirtual16_4246147567',0,'2018-02-18 20:22:52',NULL,0),(631,'playerVirtual10','playerVirtual10_4246147567',1,'2018-02-18 20:23:11',NULL,0),(632,'playerVirtual10','playerVirtual10_5e60998aa1',4,'2018-02-18 20:23:11',NULL,0),(633,'playerVirtual10','playerVirtual10_4246147567',1,'2018-02-18 20:23:11',NULL,0),(634,'playerVirtual14','playerVirtual14_4246147567',0,'2018-02-18 20:23:20',NULL,0),(635,'playerVirtual14','playerVirtual14_8aa93b95ed',4,'2018-02-18 20:23:20',NULL,0),(636,'playerVirtual14','playerVirtual14_4246147567',0,'2018-02-18 20:23:21',NULL,0),(637,'playerVirtual15','playerVirtual15_4246147567',0,'2018-02-18 20:25:11',NULL,0),(638,'playerVirtual15','playerVirtual15_9752f7cdf4',3,'2018-02-18 20:25:11',NULL,0),(639,'playerVirtual15','playerVirtual15_4246147567',0,'2018-02-18 20:25:11',NULL,0),(640,'playerVirtual12','playerVirtual12_4246147567',0,'2018-02-18 20:26:34',NULL,0),(641,'playerVirtual12','playerVirtual12_6e7f652591',4,'2018-02-18 20:26:34',NULL,0),(642,'playerVirtual12','playerVirtual12_4246147567',0,'2018-02-18 20:26:34',NULL,0),(643,'playerVirtual17','playerVirtual17_990694203',1,'2018-02-18 20:30:01',NULL,0),(644,'playerVirtual17','playerVirtual17_223b8e3823',4,'2018-02-18 20:30:01',NULL,0),(645,'playerVirtual17','playerVirtual17_990694203',1,'2018-02-18 20:30:01',NULL,0),(646,'playerVirtual18','playerVirtual18_4246147567',1,'2018-02-18 20:32:30',NULL,0),(647,'playerVirtual18','playerVirtual18_1ea0b509b0',4,'2018-02-18 20:32:30',NULL,0),(648,'playerVirtual18','playerVirtual18_4246147567',1,'2018-02-18 20:32:30',NULL,0),(649,'playerVirtual12','playerVirtual12_4246147567',1,'2018-02-18 20:34:31',NULL,0),(650,'playerVirtual12','playerVirtual12_1e5a9afd54',3,'2018-02-18 20:34:31',NULL,0),(651,'playerVirtual12','playerVirtual12_4246147567',1,'2018-02-18 20:34:31',NULL,0),(652,'playerVirtual11','playerVirtual11_4246147567',1,'2018-02-18 20:35:04',NULL,0),(653,'playerVirtual11','playerVirtual11_7939dcd036',3,'2018-02-18 20:35:04',NULL,0),(654,'playerVirtual11','playerVirtual11_4246147567',1,'2018-02-18 20:35:04',NULL,0),(655,'playerVirtual13','playerVirtual13_4246147567',0,'2018-02-18 20:37:28',NULL,0),(656,'playerVirtual13','playerVirtual13_6d44e3906b',4,'2018-02-18 20:37:28',NULL,0),(657,'playerVirtual13','playerVirtual13_4246147567',0,'2018-02-18 20:37:28',NULL,0),(658,'playerVirtual10','playerVirtual10_6391270721',0,'2018-02-18 20:42:55',NULL,0),(659,'playerVirtual10','playerVirtual10_6391270721',0,'2018-02-18 20:42:55',NULL,0),(660,'playerVirtual10','playerVirtual10_e384f10c99',3,'2018-02-18 20:43:55',NULL,0),(661,'playerVirtual19','playerVirtual19_a568814fda',3,'2018-02-18 20:44:45',NULL,0),(662,'playerVirtual17','playerVirtual17_6391421427',0,'2018-02-18 20:46:26',NULL,0),(663,'playerVirtual17','playerVirtual17_6391421427',0,'2018-02-18 20:46:26',NULL,0),(664,'playerVirtual17','playerVirtual17_b9d99ea437',3,'2018-02-18 20:47:26',NULL,0),(665,'playerVirtual14','playerVirtual14_4246147567',1,'2018-02-18 20:48:43',NULL,0),(666,'playerVirtual14','playerVirtual14_783c4c43c7',3,'2018-02-18 20:48:43',NULL,0),(667,'playerVirtual14','playerVirtual14_4246147567',1,'2018-02-18 20:48:43',NULL,0);
/*!40000 ALTER TABLE `REQUEST` ENABLE KEYS */;
UNLOCK TABLES;

--
-- Table structure for table `STATUS`
--

DROP TABLE IF EXISTS `STATUS`;
/*!40101 SET @saved_cs_client     = @@character_set_client */;
/*!40101 SET character_set_client = utf8 */;
CREATE TABLE `STATUS` (
  `id` int(11) NOT NULL AUTO_INCREMENT,
  `players` int(11) DEFAULT '0',
  `all_requests` int(11) DEFAULT '0',
  `accepts` int(11) DEFAULT '0',
  `rejects` int(11) DEFAULT '0',
  `fairness` float DEFAULT '0',
  `timestamp` timestamp NULL DEFAULT NULL,
  PRIMARY KEY (`id`)
) ENGINE=InnoDB AUTO_INCREMENT=52 DEFAULT CHARSET=utf8;
/*!40101 SET character_set_client = @saved_cs_client */;

--
-- Dumping data for table `STATUS`
--

LOCK TABLES `STATUS` WRITE;
/*!40000 ALTER TABLE `STATUS` DISABLE KEYS */;
INSERT INTO `STATUS` VALUES (1,0,0,0,0,0,'2018-02-18 16:39:58'),(2,20,20,14,6,0.7,'2018-02-18 16:44:58'),(3,20,50,34,16,0.68,'2018-02-18 16:49:58'),(4,20,57,40,17,0.701754,'2018-02-18 16:54:58'),(5,20,69,48,21,0.695652,'2018-02-18 16:59:58'),(6,20,76,53,23,0.697368,'2018-02-18 17:04:58'),(7,20,79,55,24,0.696203,'2018-02-18 17:09:59'),(8,20,81,57,24,0.703704,'2018-02-18 17:14:59'),(9,20,83,59,24,0.710843,'2018-02-18 17:19:59'),(10,20,84,58,26,0.690476,'2018-02-18 17:24:59'),(11,20,89,63,26,0.707865,'2018-02-18 17:29:59'),(12,20,93,67,26,0.72043,'2018-02-18 17:34:59'),(13,20,94,67,27,0.712766,'2018-02-18 17:39:59'),(14,20,97,69,28,0.71134,'2018-02-18 17:44:59'),(15,20,97,69,28,0.71134,'2018-02-18 17:50:00'),(16,20,98,70,28,0.714286,'2018-02-18 17:55:00'),(17,20,103,75,28,0.728155,'2018-02-18 18:00:00'),(18,20,104,75,29,0.721154,'2018-02-18 18:05:00'),(19,20,106,77,29,0.726415,'2018-02-18 18:10:00'),(20,20,107,78,29,0.728972,'2018-02-18 18:15:00'),(21,20,107,78,29,0.728972,'2018-02-18 18:20:00'),(22,20,108,79,29,0.731481,'2018-02-18 18:25:00'),(23,20,111,82,29,0.738739,'2018-02-18 18:30:01'),(24,20,112,83,29,0.741071,'2018-02-18 18:35:01'),(25,20,114,85,29,0.745614,'2018-02-18 18:40:01'),(26,20,116,87,29,0.75,'2018-02-18 18:45:01'),(27,20,118,89,29,0.754237,'2018-02-18 18:50:01'),(28,20,119,90,29,0.756303,'2018-02-18 18:55:01'),(29,20,121,92,29,0.760331,'2018-02-18 19:00:01'),(30,20,122,93,29,0.762295,'2018-02-18 19:05:01'),(31,20,124,96,28,0.774194,'2018-02-18 19:10:02'),(32,20,126,98,28,0.777778,'2018-02-18 19:15:02'),(33,20,127,99,28,0.779528,'2018-02-18 19:20:02'),(34,20,127,99,28,0.779528,'2018-02-18 19:25:02'),(35,20,128,100,28,0.78125,'2018-02-18 19:30:02'),(36,20,129,102,27,0.790698,'2018-02-18 19:35:02'),(37,20,131,104,27,0.793893,'2018-02-18 19:40:02'),(38,20,135,108,27,0.8,'2018-02-18 19:45:02'),(39,20,136,109,27,0.801471,'2018-02-18 19:50:03'),(40,20,136,109,27,0.801471,'2018-02-18 19:55:03'),(41,20,137,110,27,0.80292,'2018-02-18 20:00:04'),(42,20,139,112,27,0.805755,'2018-02-18 20:05:04'),(43,20,139,112,27,0.805755,'2018-02-18 20:10:04'),(44,20,140,113,27,0.807143,'2018-02-18 20:15:04'),(45,20,142,115,27,0.809859,'2018-02-18 20:20:04'),(46,20,144,117,27,0.8125,'2018-02-18 20:25:04'),(47,20,146,119,27,0.815068,'2018-02-18 20:30:04'),(48,20,146,119,27,0.815068,'2018-02-18 20:35:04'),(49,20,147,120,27,0.816327,'2018-02-18 20:40:04'),(50,20,148,121,27,0.817568,'2018-02-18 20:45:05'),(51,20,149,122,27,0.818792,'2018-02-18 20:50:05');
/*!40000 ALTER TABLE `STATUS` ENABLE KEYS */;
UNLOCK TABLES;

--
-- Table structure for table `THRESHOLD`
--

DROP TABLE IF EXISTS `THRESHOLD`;
/*!40101 SET @saved_cs_client     = @@character_set_client */;
/*!40101 SET character_set_client = utf8 */;
CREATE TABLE `THRESHOLD` (
  `division` int(11) NOT NULL,
  `botton` float DEFAULT '0',
  `top` float DEFAULT '0',
  PRIMARY KEY (`division`)
) ENGINE=InnoDB DEFAULT CHARSET=utf8;
/*!40101 SET character_set_client = @saved_cs_client */;

--
-- Dumping data for table `THRESHOLD`
--

LOCK TABLES `THRESHOLD` WRITE;
/*!40000 ALTER TABLE `THRESHOLD` DISABLE KEYS */;
INSERT INTO `THRESHOLD` VALUES (1,8.76,20),(2,4.38,8.76),(3,0,4.38);
/*!40000 ALTER TABLE `THRESHOLD` ENABLE KEYS */;
UNLOCK TABLES;

--
-- Table structure for table `VM`
--

DROP TABLE IF EXISTS `VM`;
/*!40101 SET @saved_cs_client     = @@character_set_client */;
/*!40101 SET character_set_client = utf8 */;
CREATE TABLE `VM` (
  `id` int(11) NOT NULL AUTO_INCREMENT,
  `origin_add` varchar(45) NOT NULL,
  `origin_id` varchar(45) NOT NULL,
  `origin_name` varchar(45) NOT NULL,
  `destiny_add` varchar(45) NOT NULL,
  `destiny_name` varchar(45) NOT NULL,
  `destiny_id` varchar(45) NOT NULL,
  `status` tinyint(1) NOT NULL,
  `has_resources` tinyint(1) NOT NULL,
  `vcpus` int(11) NOT NULL,
  `mem` bigint(20) NOT NULL,
  `disk` bigint(20) NOT NULL,
  `timestamp_received` timestamp NULL DEFAULT NULL,
  `timestamp_finished` timestamp NULL DEFAULT NULL,
  PRIMARY KEY (`id`)
) ENGINE=InnoDB AUTO_INCREMENT=150 DEFAULT CHARSET=utf8;
/*!40101 SET character_set_client = @saved_cs_client */;

--
-- Dumping data for table `VM`
--

LOCK TABLES `VM` WRITE;
/*!40000 ALTER TABLE `VM` DISABLE KEYS */;
INSERT INTO `VM` VALUES (1,'192.168.0.200','playerVirtual1_450512000','playerVirtual1','192.168.0.200','playerVirtual11','playerVirtual11_475b85cccf',1,1,1,2048,20,'2018-02-18 16:42:16',NULL),(2,'192.168.0.200','playerVirtual11_1438244924','playerVirtual11','192.168.0.200','playerVirtual1','playerVirtual11_1438244924',0,1,1,2048,20,'2018-02-18 16:42:18','2018-02-18 16:42:18'),(3,'192.168.0.200','playerVirtual4_640692267','playerVirtual4','192.168.0.200','playerVirtual8','playerVirtual8_e7490c2a4f',1,1,1,512,1,'2018-02-18 16:42:21',NULL),(4,'192.168.0.200','playerVirtual8_2381571381','playerVirtual8','192.168.0.200','playerVirtual4','playerVirtual8_2381571381',0,1,1,2048,20,'2018-02-18 16:42:22','2018-02-18 16:42:22'),(5,'192.168.0.200','playerVirtual2_5297461910','playerVirtual2','192.168.0.200','playerVirtual13','playerVirtual13_9fb0d0033d',2,1,1,512,1,'2018-02-18 16:42:23','2018-02-18 17:16:12'),(6,'192.168.0.200','playerVirtual13_2790332778','playerVirtual13','192.168.0.200','playerVirtual2','playerVirtual13_2790332778',0,1,2,4096,40,'2018-02-18 16:42:26','2018-02-18 16:42:26'),(7,'192.168.0.200','playerVirtual3_369721705','playerVirtual3','192.168.0.200','playerVirtual6','playerVirtual6_a80703871a',1,1,2,4096,40,'2018-02-18 16:42:28',NULL),(8,'192.168.0.200','playerVirtual6_317469422','playerVirtual6','192.168.0.200','playerVirtual3','playerVirtual6_317469422',0,1,2,4096,40,'2018-02-18 16:42:28','2018-02-18 16:42:28'),(9,'192.168.0.200','playerVirtual15_6955737','playerVirtual15','192.168.0.200','playerVirtual17','playerVirtual17_930d06eb10',3,1,1,2048,20,'2018-02-18 16:42:29','2018-02-18 17:01:58'),(10,'192.168.0.200','playerVirtual17_257338104','playerVirtual17','192.168.0.200','playerVirtual15','playerVirtual15_1d45c79bc3',1,1,2,4096,40,'2018-02-18 16:42:29',NULL),(11,'192.168.0.200','playerVirtual19_3584940347','playerVirtual19','192.168.0.200','playerVirtual5','playerVirtual19_3584940347',0,1,1,512,1,'2018-02-18 16:42:30','2018-02-18 16:42:30'),(12,'192.168.0.200','playerVirtual5_2433236783','playerVirtual5','192.168.0.200','playerVirtual19','playerVirtual19_ea1dc51006',1,1,1,2048,20,'2018-02-18 16:42:30',NULL),(13,'192.168.0.200','playerVirtual9_3338579772','playerVirtual9','192.168.0.200','playerVirtual7','playerVirtual7_0b96d24d3f',3,1,1,2048,20,'2018-02-18 16:42:31','2018-02-18 17:03:45'),(14,'192.168.0.200','playerVirtual7_257407216','playerVirtual7','192.168.0.200','playerVirtual9','playerVirtual9_1c2de256ec',1,1,2,4096,40,'2018-02-18 16:42:31',NULL),(15,'192.168.0.200','playerVirtual14_182859403','playerVirtual14','192.168.0.200','playerVirtual12','playerVirtual12_4d280c507b',3,1,1,512,1,'2018-02-18 16:42:38','2018-02-18 16:56:00'),(16,'192.168.0.200','playerVirtual12_2359368952','playerVirtual12','192.168.0.200','playerVirtual14','playerVirtual14_d4ae915c7f',3,1,1,512,1,'2018-02-18 16:42:41','2018-02-18 16:50:54'),(17,'192.168.0.200','playerVirtual0_16917741','playerVirtual0','192.168.0.200','playerVirtual16','playerVirtual16_0332a84965',2,1,1,512,1,'2018-02-18 16:42:44','2018-02-18 18:36:50'),(18,'192.168.0.200','playerVirtual16_2545640208','playerVirtual16','192.168.0.200','playerVirtual0','playerVirtual16_2545640208',0,1,1,2048,20,'2018-02-18 16:42:53','2018-02-18 16:42:53'),(19,'192.168.0.200','playerVirtual18_908315','playerVirtual18','192.168.0.200','playerVirtual10','playerVirtual10_dd5fe847af',3,1,1,2048,20,'2018-02-18 16:42:55','2018-02-18 17:15:53'),(20,'192.168.0.200','playerVirtual10_539194189','playerVirtual10','192.168.0.200','playerVirtual18','playerVirtual18_832825d048',3,1,1,2048,20,'2018-02-18 16:43:03','2018-02-18 17:23:10'),(21,'192.168.0.200','playerVirtual1_4820204870','playerVirtual1','192.168.0.200','playerVirtual11','playerVirtual11_2f0d4c7fd8',2,1,2,4096,40,'2018-02-18 16:45:41','2018-02-18 16:58:28'),(22,'192.168.0.200','playerVirtual11_8058564','playerVirtual11','192.168.0.200','playerVirtual1','playerVirtual11_8058564',0,1,1,2048,20,'2018-02-18 16:46:31','2018-02-18 16:46:31'),(23,'192.168.0.200','playerVirtual4_1429160667','playerVirtual4','192.168.0.200','playerVirtual8','playerVirtual8_50ddb069d7',1,1,1,2048,20,'2018-02-18 16:46:32',NULL),(24,'192.168.0.200','playerVirtual8_3338010893','playerVirtual8','192.168.0.200','playerVirtual4','playerVirtual8_3338010893',0,1,1,512,1,'2018-02-18 16:46:34','2018-02-18 16:46:34'),(25,'192.168.0.200','playerVirtual2_82730999','playerVirtual2','192.168.0.200','playerVirtual13','playerVirtual13_0c1089c51e',2,1,1,512,1,'2018-02-18 16:46:38','2018-02-18 18:24:19'),(26,'192.168.0.200','playerVirtual3_6571218','playerVirtual3','192.168.0.200','playerVirtual2','playerVirtual2_c8f1b12060',1,1,1,2048,20,'2018-02-18 16:46:40',NULL),(27,'192.168.0.200','playerVirtual13_351652724','playerVirtual13','192.168.0.200','playerVirtual6','playerVirtual13_351652724',0,1,1,2048,20,'2018-02-18 16:46:40','2018-02-18 16:46:40'),(28,'192.168.0.200','playerVirtual6_778566023','playerVirtual6','192.168.0.200','playerVirtual3','playerVirtual6_778566023',0,1,1,512,1,'2018-02-18 16:46:42','2018-02-18 16:46:42'),(29,'192.168.0.200','playerVirtual15_1436344784','playerVirtual15','192.168.0.200','playerVirtual17','playerVirtual17_494bded75e',3,1,1,2048,20,'2018-02-18 16:46:47','2018-02-18 17:13:45'),(30,'192.168.0.200','playerVirtual17_1339662','playerVirtual17','192.168.0.200','playerVirtual15','playerVirtual15_cac49a73f4',1,1,1,2048,20,'2018-02-18 16:46:48',NULL),(31,'192.168.0.200','playerVirtual19_317497342','playerVirtual19','192.168.0.200','playerVirtual5','playerVirtual19_317497342',0,1,1,512,1,'2018-02-18 16:46:50','2018-02-18 16:46:50'),(32,'192.168.0.200','playerVirtual5_284794223','playerVirtual5','192.168.0.200','playerVirtual19','playerVirtual19_20a87fd4e6',1,1,1,2048,20,'2018-02-18 16:46:51',NULL),(33,'192.168.0.200','playerVirtual9_359920779','playerVirtual9','192.168.0.200','playerVirtual7','playerVirtual7_f4bef9ac95',2,1,1,512,1,'2018-02-18 16:46:51','2018-02-18 17:49:42'),(34,'192.168.0.200','playerVirtual7_904011','playerVirtual7','192.168.0.200','playerVirtual9','playerVirtual9_ed1860ac06',2,1,1,2048,20,'2018-02-18 16:46:52','2018-02-18 17:19:22'),(35,'192.168.0.200','playerVirtual14_2904109077','playerVirtual14','192.168.0.200','playerVirtual12','playerVirtual12_f2606ffa57',1,1,1,512,1,'2018-02-18 16:46:52',NULL),(36,'192.168.0.200','playerVirtual12_257338074','playerVirtual12','192.168.0.200','playerVirtual14','playerVirtual14_ae2ee1db82',1,1,2,4096,40,'2018-02-18 16:46:52',NULL),(37,'192.168.0.200','playerVirtual0_905614','playerVirtual0','192.168.0.200','playerVirtual16','playerVirtual16_1eb3d6370c',1,1,1,2048,20,'2018-02-18 16:46:53',NULL),(38,'192.168.0.200','playerVirtual16_1093460','playerVirtual16','192.168.0.200','playerVirtual0','playerVirtual16_1093460',0,1,1,512,1,'2018-02-18 16:46:53','2018-02-18 16:46:53'),(39,'192.168.0.200','playerVirtual18_6569547','playerVirtual18','192.168.0.200','playerVirtual10','playerVirtual10_26e04e3089',1,1,1,2048,20,'2018-02-18 16:46:53',NULL),(40,'192.168.0.200','playerVirtual10_470485660','playerVirtual10','192.168.0.200','playerVirtual18','playerVirtual18_5a8ec2e10b',1,1,2,4096,40,'2018-02-18 16:46:54',NULL),(41,'192.168.0.200','playerVirtual1_30788568','playerVirtual1','192.168.0.200','playerVirtual11','playerVirtual11_995b1389ad',1,1,1,512,1,'2018-02-18 16:48:56',NULL),(42,'192.168.0.200','playerVirtual11_5792765','playerVirtual11','192.168.0.200','playerVirtual1','playerVirtual11_5792765',0,1,1,512,1,'2018-02-18 16:48:59','2018-02-18 16:48:59'),(43,'192.168.0.200','playerVirtual4_38671842','playerVirtual4','192.168.0.200','playerVirtual8','playerVirtual8_45c332fc5c',1,1,1,512,1,'2018-02-18 16:49:09',NULL),(44,'192.168.0.200','playerVirtual8_400453824','playerVirtual8','192.168.0.200','playerVirtual4','playerVirtual8_400453824',0,1,1,512,1,'2018-02-18 16:49:10','2018-02-18 16:49:10'),(45,'192.168.0.200','playerVirtual2_4820318661','playerVirtual2','192.168.0.200','playerVirtual13','playerVirtual13_93afb977de',2,1,2,4096,40,'2018-02-18 16:49:20','2018-02-18 19:41:51'),(46,'192.168.0.200','playerVirtual3_4819935267','playerVirtual3','192.168.0.200','playerVirtual2','playerVirtual2_246a9863f6',1,1,2,4096,40,'2018-02-18 16:49:25',NULL),(47,'192.168.0.200','playerVirtual13_4820217293','playerVirtual13','192.168.0.200','playerVirtual6','playerVirtual13_4820217293',0,1,2,4096,40,'2018-02-18 16:49:27','2018-02-18 16:49:27'),(48,'192.168.0.200','playerVirtual6_6264344062','playerVirtual6','192.168.0.200','playerVirtual3','playerVirtual6_6264344062',0,1,1,512,1,'2018-02-18 16:49:28','2018-02-18 16:49:28'),(49,'192.168.0.200','playerVirtual15_2378747961','playerVirtual15','192.168.0.200','playerVirtual17','playerVirtual17_3fd7921523',3,1,1,512,1,'2018-02-18 16:49:39','2018-02-18 17:09:30'),(50,'192.168.0.200','playerVirtual17_5068098508','playerVirtual17','192.168.0.200','playerVirtual15','playerVirtual15_e598e871ea',3,1,1,2048,20,'2018-02-18 16:49:43','2018-02-18 17:17:25'),(51,'192.168.0.200','playerVirtual19_227443932','playerVirtual19','192.168.0.200','playerVirtual7','playerVirtual19_227443932',0,1,1,2048,20,'2018-02-18 16:50:57','2018-02-18 16:50:57'),(52,'192.168.0.200','playerVirtual9_2148750930','playerVirtual9','192.168.0.200','playerVirtual19','playerVirtual19_1557bcb6b0',2,1,1,2048,20,'2018-02-18 16:51:04','2018-02-18 20:00:46'),(53,'192.168.0.200','playerVirtual7_563574327','playerVirtual7','192.168.0.200','playerVirtual9','playerVirtual9_98ee4ab3b9',1,1,1,2048,20,'2018-02-18 16:51:12',NULL),(54,'192.168.0.200','playerVirtual14_765651','playerVirtual14','192.168.0.200','playerVirtual12','playerVirtual12_79f60fbbf7',1,1,1,2048,20,'2018-02-18 16:51:17',NULL),(55,'192.168.0.200','playerVirtual16_5623125514','playerVirtual16','192.168.0.200','playerVirtual14','playerVirtual14_b335961f59',1,1,1,2048,20,'2018-02-18 16:51:39',NULL),(56,'192.168.0.200','playerVirtual18_284757920','playerVirtual18','192.168.0.200','playerVirtual16','playerVirtual16_1f87a8a962',1,1,1,2048,20,'2018-02-18 16:51:41',NULL),(57,'192.168.0.200','playerVirtual10_272887063','playerVirtual10','192.168.0.200','playerVirtual18','playerVirtual18_ad2b13ee29',3,1,1,2048,20,'2018-02-18 16:51:51','2018-02-18 16:57:54'),(58,'192.168.0.200','playerVirtual11_38676294','playerVirtual11','192.168.0.200','playerVirtual10','playerVirtual10_73936c0110',1,1,1,512,1,'2018-02-18 16:55:24',NULL),(59,'192.168.0.200','playerVirtual8_4820204870','playerVirtual8','192.168.0.200','playerVirtual11','playerVirtual11_5a03efa249',1,1,2,4096,40,'2018-02-18 16:56:43',NULL),(60,'192.168.0.200','playerVirtual12_6282149131','playerVirtual12','192.168.0.200','playerVirtual8','playerVirtual12_6282149131',0,1,1,512,1,'2018-02-18 16:56:53','2018-02-18 16:56:53'),(61,'192.168.0.200','playerVirtual13_6280638724','playerVirtual13','192.168.0.200','playerVirtual6','playerVirtual13_6280638724',0,1,1,512,1,'2018-02-18 16:57:27','2018-02-18 16:57:27'),(62,'192.168.0.200','playerVirtual6_6280643141','playerVirtual6','192.168.0.200','playerVirtual17','playerVirtual17_0da2be7b31',2,1,1,512,1,'2018-02-18 16:57:27','2018-02-18 18:57:51'),(63,'192.168.0.200','playerVirtual15_4476462938','playerVirtual15','192.168.0.200','playerVirtual7','playerVirtual15_4476462938',0,1,1,2048,20,'2018-02-18 16:57:41','2018-02-18 16:57:41'),(64,'192.168.0.200','playerVirtual17_272887063','playerVirtual17','192.168.0.200','playerVirtual15','playerVirtual15_abb6a5c8d8',3,1,1,2048,20,'2018-02-18 16:57:49','2018-02-18 18:40:07'),(65,'192.168.0.200','playerVirtual19_2359368952','playerVirtual19','192.168.0.200','playerVirtual9','playerVirtual19_2359368952',0,1,1,512,1,'2018-02-18 16:57:52','2018-02-18 16:57:52'),(66,'192.168.0.200','playerVirtual9_682797','playerVirtual9','192.168.0.200','playerVirtual19','playerVirtual19_f11f969d22',1,1,1,2048,20,'2018-02-18 16:58:13',NULL),(67,'192.168.0.200','playerVirtual7_214880781','playerVirtual7','192.168.0.200','playerVirtual12','playerVirtual12_d43663a1e0',1,1,1,2048,20,'2018-02-18 16:58:17',NULL),(68,'192.168.0.200','playerVirtual16_16914091','playerVirtual16','192.168.0.200','playerVirtual14','playerVirtual14_18f525b5d0',1,1,1,2048,20,'2018-02-18 16:58:22',NULL),(69,'192.168.0.200','playerVirtual18_182859403','playerVirtual18','192.168.0.200','playerVirtual16','playerVirtual16_5e88d74dbf',3,1,1,512,1,'2018-02-18 16:58:37','2018-02-18 17:08:50'),(70,'192.168.0.200','playerVirtual11_6285257156','playerVirtual11','192.168.0.200','playerVirtual18','playerVirtual18_130ceca3e5',1,1,1,512,1,'2018-02-18 17:00:52',NULL),(71,'192.168.0.200','playerVirtual8_6955737','playerVirtual8','192.168.0.200','playerVirtual10','playerVirtual10_cf94e781d7',3,1,1,2048,20,'2018-02-18 17:01:29','2018-02-18 17:09:03'),(72,'192.168.0.200','playerVirtual14_6641406','playerVirtual14','192.168.0.200','playerVirtual11','playerVirtual11_17d4cf6f32',1,1,1,2048,20,'2018-02-18 17:02:04',NULL),(73,'192.168.0.200','playerVirtual12_6955737','playerVirtual12','192.168.0.200','playerVirtual8','playerVirtual12_6955737',0,1,1,2048,20,'2018-02-18 17:02:25','2018-02-18 17:02:25'),(74,'192.168.0.200','playerVirtual13_1438244924','playerVirtual13','192.168.0.200','playerVirtual17','playerVirtual17_12a6c0d85d',3,1,1,2048,20,'2018-02-18 17:02:56','2018-02-18 18:58:04'),(75,'192.168.0.200','playerVirtual10_1438244924','playerVirtual10','192.168.0.200','playerVirtual7','playerVirtual10_1438244924',0,1,1,2048,20,'2018-02-18 17:03:29','2018-02-18 17:03:29'),(76,'192.168.0.200','playerVirtual17_794070039','playerVirtual17','192.168.0.200','playerVirtual15','playerVirtual15_053ffa2e10',3,1,1,512,1,'2018-02-18 17:03:45','2018-02-18 19:50:10'),(77,'192.168.0.200','playerVirtual19_990694203','playerVirtual19','192.168.0.200','playerVirtual9','playerVirtual19_990694203',0,1,1,2048,20,'2018-02-18 17:05:32','2018-02-18 17:05:32'),(78,'192.168.0.200','playerVirtual7_6296865278','playerVirtual7','192.168.0.200','playerVirtual19','playerVirtual19_6cd62cc8c8',1,1,1,512,1,'2018-02-18 17:07:14',NULL),(79,'192.168.0.200','playerVirtual16_182859403','playerVirtual16','192.168.0.200','playerVirtual12','playerVirtual12_dc4848068f',3,1,1,512,1,'2018-02-18 17:08:49','2018-02-18 17:15:33'),(80,'192.168.0.200','playerVirtual14_6264344062','playerVirtual14','192.168.0.200','playerVirtual16','playerVirtual16_11c01983ca',1,1,1,2048,20,'2018-02-18 17:12:48',NULL),(81,'192.168.0.200','playerVirtual12_990694203','playerVirtual12','192.168.0.200','playerVirtual14','playerVirtual14_261811716d',3,1,1,2048,20,'2018-02-18 17:14:53','2018-02-18 17:20:29'),(82,'192.168.0.200','playerVirtual9_6301942525','playerVirtual9','192.168.0.200','playerVirtual18','playerVirtual18_547ad6f678',1,1,1,512,1,'2018-02-18 17:15:34',NULL),(83,'192.168.0.200','playerVirtual13_5297461910','playerVirtual13','192.168.0.200','playerVirtual10','playerVirtual10_2025325303',3,1,1,512,1,'2018-02-18 17:16:30','2018-02-18 18:25:40'),(84,'192.168.0.200','playerVirtual11_1095593','playerVirtual11','192.168.0.200','playerVirtual8','playerVirtual11_1095593',0,1,1,512,1,'2018-02-18 17:20:04','2018-02-18 17:20:04'),(85,'192.168.0.200','playerVirtual14_4246147567','playerVirtual14','192.168.0.200','playerVirtual11','playerVirtual11_7ec9ead5a1',3,1,2,4096,40,'2018-02-18 17:25:13','2018-02-18 20:48:43'),(86,'192.168.0.200','playerVirtual17_2378747961','playerVirtual17','192.168.0.200','playerVirtual15','playerVirtual15_d7e8e78c32',3,1,1,512,1,'2018-02-18 17:26:36','2018-02-18 18:50:04'),(87,'192.168.0.200','playerVirtual13_6316827871','playerVirtual13','192.168.0.200','playerVirtual17','playerVirtual17_941aaf4631',1,1,1,512,1,'2018-02-18 17:26:52',NULL),(88,'192.168.0.200','playerVirtual19_4246147567','playerVirtual19','192.168.0.200','playerVirtual12','playerVirtual12_bc10dc95fc',3,1,2,4096,40,'2018-02-18 17:27:02','2018-02-18 17:33:57'),(89,'192.168.0.200','playerVirtual8_6289704471','playerVirtual8','192.168.0.200','playerVirtual19','playerVirtual19_732fe96523',1,1,1,2048,20,'2018-02-18 17:29:53',NULL),(90,'192.168.0.200','playerVirtual18_4246147567','playerVirtual18','192.168.0.200','playerVirtual13','playerVirtual13_d23f155706',3,1,2,4096,40,'2018-02-18 17:30:25','2018-02-18 20:32:30'),(91,'192.168.0.200','playerVirtual15_4246147567','playerVirtual15','192.168.0.200','playerVirtual16','playerVirtual16_18c12583b2',3,1,2,4096,40,'2018-02-18 17:30:26','2018-02-18 20:10:22'),(92,'192.168.0.200','playerVirtual16_4246147567','playerVirtual16','192.168.0.200','playerVirtual14','playerVirtual14_499d36e7ad',3,1,2,4096,40,'2018-02-18 17:31:10','2018-02-18 19:39:49'),(93,'192.168.0.200','playerVirtual10_4246147567','playerVirtual10','192.168.0.200','playerVirtual11','playerVirtual11_f4a5ea5a41',3,1,2,4096,40,'2018-02-18 17:33:15','2018-02-18 20:23:11'),(94,'192.168.0.200','playerVirtual12_4246147567','playerVirtual12','192.168.0.200','playerVirtual18','playerVirtual18_4e8ce3cf0c',3,1,2,4096,40,'2018-02-18 17:38:18','2018-02-18 20:34:31'),(95,'192.168.0.200','playerVirtual17_4246147567','playerVirtual17','192.168.0.200','playerVirtual10','playerVirtual10_66d719e876',3,1,2,4096,40,'2018-02-18 17:41:59','2018-02-18 19:23:49'),(96,'192.168.0.200','playerVirtual13_359920779','playerVirtual13','192.168.0.200','playerVirtual15','playerVirtual15_1292f1225d',1,1,1,512,1,'2018-02-18 17:42:13',NULL),(97,'192.168.0.200','playerVirtual11_6322213339','playerVirtual11','192.168.0.200','playerVirtual17','playerVirtual17_5f0145dec2',1,1,1,512,1,'2018-02-18 17:44:33',NULL),(98,'192.168.0.200','playerVirtual14_4246147567','playerVirtual14','192.168.0.200','playerVirtual12','playerVirtual12_5360e8ea2a',3,1,2,4096,40,'2018-02-18 17:51:18','2018-02-18 20:48:43'),(99,'192.168.0.200','playerVirtual13_4246147567','playerVirtual13','192.168.0.200','playerVirtual19','playerVirtual19_9b4e4a9bbb',3,1,2,4096,40,'2018-02-18 17:55:04','2018-02-18 20:11:38'),(100,'192.168.0.200','playerVirtual11_4246147567','playerVirtual11','192.168.0.200','playerVirtual13','playerVirtual13_4b4847cea8',3,1,2,4096,40,'2018-02-18 17:55:22','2018-02-18 20:35:04'),(101,'192.168.0.200','playerVirtual15_4246147567','playerVirtual15','192.168.0.200','playerVirtual16','playerVirtual16_615302784d',3,1,2,4096,40,'2018-02-18 17:56:18','2018-02-18 20:10:22'),(102,'192.168.0.200','playerVirtual18_6335261139','playerVirtual18','192.168.0.200','playerVirtual14','playerVirtual14_f0774c29f0',1,1,1,512,1,'2018-02-18 17:57:08',NULL),(103,'192.168.0.200','playerVirtual16_4246147567','playerVirtual16','192.168.0.200','playerVirtual11','playerVirtual11_b3f4d0a7eb',3,1,2,4096,40,'2018-02-18 17:57:41','2018-02-18 19:39:49'),(104,'192.168.0.200','playerVirtual10_4246147567','playerVirtual10','192.168.0.200','playerVirtual18','playerVirtual18_25059b2aaf',3,1,2,4096,40,'2018-02-18 18:01:21','2018-02-18 20:23:11'),(105,'192.168.0.200','playerVirtual12_4246147567','playerVirtual12','192.168.0.200','playerVirtual10','playerVirtual10_2a9d9bf4e3',3,1,2,4096,40,'2018-02-18 18:05:43','2018-02-18 20:34:31'),(106,'192.168.0.200','playerVirtual18_4246147567','playerVirtual18','192.168.0.200','playerVirtual15','playerVirtual15_57775b1407',3,1,2,4096,40,'2018-02-18 18:07:41','2018-02-18 20:32:30'),(107,'192.168.0.200','playerVirtual17_990694203','playerVirtual17','192.168.0.200','playerVirtual12','playerVirtual12_2bc98deec3',3,1,1,2048,20,'2018-02-18 18:10:47','2018-02-18 20:30:01'),(108,'192.168.0.200','playerVirtual14_6566788','playerVirtual14','192.168.0.200','playerVirtual17','playerVirtual17_01cbf661a0',3,1,1,2048,20,'2018-02-18 18:20:23','2018-02-18 18:31:45'),(109,'192.168.0.200','playerVirtual15_4246147567','playerVirtual15','192.168.0.200','playerVirtual19','playerVirtual19_1b14749a4a',3,1,2,4096,40,'2018-02-18 18:25:11','2018-02-18 20:10:22'),(110,'192.168.0.200','playerVirtual11_4820150269','playerVirtual11','192.168.0.200','playerVirtual13','playerVirtual13_f1b00c497a',1,1,2,4096,40,'2018-02-18 18:26:14',NULL),(111,'192.168.0.200','playerVirtual16_4246147567','playerVirtual16','192.168.0.200','playerVirtual14','playerVirtual14_fd15e8a845',3,1,2,4096,40,'2018-02-18 18:26:46','2018-02-18 19:39:49'),(112,'192.168.0.200','playerVirtual10_3338579772','playerVirtual10','192.168.0.200','playerVirtual16','playerVirtual16_e7d3eea4c7',1,1,1,2048,20,'2018-02-18 18:31:14',NULL),(113,'192.168.0.200','playerVirtual12_16917741','playerVirtual12','192.168.0.200','playerVirtual11','playerVirtual11_601a35d6e8',3,1,1,512,1,'2018-02-18 18:35:34','2018-02-18 19:17:09'),(114,'192.168.0.200','playerVirtual18_990694203','playerVirtual18','192.168.0.200','playerVirtual10','playerVirtual10_a7e6f7f04c',3,1,1,2048,20,'2018-02-18 18:38:37','2018-02-18 18:58:18'),(115,'192.168.0.200','playerVirtual13_5068098508','playerVirtual13','192.168.0.200','playerVirtual18','playerVirtual18_0d7cf96b16',1,1,1,2048,20,'2018-02-18 18:41:07',NULL),(116,'192.168.0.200','playerVirtual12_4246147567','playerVirtual12','192.168.0.200','playerVirtual15','playerVirtual15_ab0b83a1e7',3,1,2,4096,40,'2018-02-18 18:43:53','2018-02-18 20:34:31'),(117,'192.168.0.200','playerVirtual11_4246147567','playerVirtual11','192.168.0.200','playerVirtual12','playerVirtual12_c37a2d17d0',3,1,2,4096,40,'2018-02-18 18:45:25','2018-02-18 20:35:04'),(118,'192.168.0.200','playerVirtual10_1438244924','playerVirtual10','192.168.0.200','playerVirtual17','playerVirtual17_72bb90aeab',1,1,1,2048,20,'2018-02-18 18:46:32',NULL),(119,'192.168.0.200','playerVirtual14_4246147567','playerVirtual14','192.168.0.200','playerVirtual19','playerVirtual19_575da74feb',3,1,2,4096,40,'2018-02-18 18:52:39','2018-02-18 20:48:43'),(120,'192.168.0.200','playerVirtual15_6280643141','playerVirtual15','192.168.0.200','playerVirtual13','playerVirtual13_a9b1593f9a',1,1,1,512,1,'2018-02-18 18:56:11',NULL),(121,'192.168.0.200','playerVirtual16_4246147567','playerVirtual16','192.168.0.200','playerVirtual14','playerVirtual14_548f7694b5',3,1,2,4096,40,'2018-02-18 18:58:14','2018-02-18 19:39:49'),(122,'192.168.0.200','playerVirtual19_990694203','playerVirtual19','192.168.0.200','playerVirtual16','playerVirtual16_486399b082',1,1,1,2048,20,'2018-02-18 19:03:49',NULL),(123,'192.168.0.200','playerVirtual15_4246147567','playerVirtual15','192.168.0.200','playerVirtual11','playerVirtual11_31809c9f39',3,1,2,4096,40,'2018-02-18 19:05:19','2018-02-18 20:10:22'),(124,'192.168.0.200','playerVirtual10_4246147567','playerVirtual10','192.168.0.200','playerVirtual18','playerVirtual18_72c60fef0e',3,1,2,4096,40,'2018-02-18 19:05:32','2018-02-18 20:23:11'),(125,'192.168.0.200','playerVirtual17_4246147567','playerVirtual17','192.168.0.200','playerVirtual10','playerVirtual10_e1631e560f',3,1,2,4096,40,'2018-02-18 19:13:52','2018-02-18 19:23:49'),(126,'192.168.0.200','playerVirtual18_2378747961','playerVirtual18','192.168.0.200','playerVirtual15','playerVirtual15_442cf985c0',1,1,1,512,1,'2018-02-18 19:14:45',NULL),(127,'192.168.0.200','playerVirtual13_4246147567','playerVirtual13','192.168.0.200','playerVirtual17','playerVirtual17_00ee5f4ad1',3,1,2,4096,40,'2018-02-18 19:17:11','2018-02-18 20:11:38'),(128,'192.168.0.200','playerVirtual14_904011','playerVirtual14','192.168.0.200','playerVirtual12','playerVirtual12_7c43d240ba',1,1,1,2048,20,'2018-02-18 19:28:19',NULL),(129,'192.168.0.200','playerVirtual16_4246147567','playerVirtual16','192.168.0.200','playerVirtual19','playerVirtual19_36b5e435a2',3,1,2,4096,40,'2018-02-18 19:34:01','2018-02-18 19:39:49'),(130,'192.168.0.200','playerVirtual11_4246147567','playerVirtual11','192.168.0.200','playerVirtual13','playerVirtual13_e72ab72d16',3,1,2,4096,40,'2018-02-18 19:35:22','2018-02-18 20:35:04'),(131,'192.168.0.200','playerVirtual18_4246147567','playerVirtual18','192.168.0.200','playerVirtual14','playerVirtual14_de99eff179',3,1,2,4096,40,'2018-02-18 19:36:03','2018-02-18 20:32:30'),(132,'192.168.0.200','playerVirtual19_4246147567','playerVirtual19','192.168.0.200','playerVirtual16','playerVirtual16_bae8f224cd',1,1,2,4096,40,'2018-02-18 19:41:24',NULL),(133,'192.168.0.200','playerVirtual14_4246147567','playerVirtual14','192.168.0.200','playerVirtual11','playerVirtual11_1a2c7bebb8',3,1,2,4096,40,'2018-02-18 19:42:00','2018-02-18 20:48:43'),(134,'192.168.0.200','playerVirtual10_6370662053','playerVirtual10','192.168.0.200','playerVirtual17','playerVirtual17_415dc44c46',1,1,1,512,1,'2018-02-18 19:42:51',NULL),(135,'192.168.0.200','playerVirtual15_4246147567','playerVirtual15','192.168.0.200','playerVirtual18','playerVirtual18_52de94231f',3,1,2,4096,40,'2018-02-18 19:43:36','2018-02-18 20:10:22'),(136,'192.168.0.200','playerVirtual12_4246147567','playerVirtual12','192.168.0.200','playerVirtual10','playerVirtual10_ef89a70277',3,1,2,4096,40,'2018-02-18 19:46:08','2018-02-18 20:34:31'),(137,'192.168.0.200','playerVirtual13_4246147567','playerVirtual13','192.168.0.200','playerVirtual16','playerVirtual16_41413c24e4',3,1,2,4096,40,'2018-02-18 19:55:40','2018-02-18 20:11:38'),(138,'192.168.0.200','playerVirtual10_4246147567','playerVirtual10','192.168.0.200','playerVirtual15','playerVirtual15_210163248d',3,1,2,4096,40,'2018-02-18 20:00:11','2018-02-18 20:23:11'),(139,'192.168.0.200','playerVirtual17_990694203','playerVirtual17','192.168.0.200','playerVirtual13','playerVirtual13_28edc986f8',3,1,1,2048,20,'2018-02-18 20:03:41','2018-02-18 20:30:01'),(140,'192.168.0.200','playerVirtual16_539194189','playerVirtual16','192.168.0.200','playerVirtual17','playerVirtual17_436bf1f41d',1,1,1,2048,20,'2018-02-18 20:12:53',NULL),(141,'192.168.0.200','playerVirtual11_4246147567','playerVirtual11','192.168.0.200','playerVirtual12','playerVirtual12_89ac953a39',3,1,2,4096,40,'2018-02-18 20:16:04','2018-02-18 20:35:04'),(142,'192.168.0.200','playerVirtual18_4246147567','playerVirtual18','192.168.0.200','playerVirtual19','playerVirtual19_969b927d93',3,1,2,4096,40,'2018-02-18 20:16:04','2018-02-18 20:32:30'),(143,'192.168.0.200','playerVirtual16_4246147567','playerVirtual16','192.168.0.200','playerVirtual13','playerVirtual13_3d3a6b0c32',1,1,2,4096,40,'2018-02-18 20:22:52',NULL),(144,'192.168.0.200','playerVirtual14_4246147567','playerVirtual14','192.168.0.200','playerVirtual11','playerVirtual11_908674605d',3,1,2,4096,40,'2018-02-18 20:23:21','2018-02-18 20:48:43'),(145,'192.168.0.200','playerVirtual15_4246147567','playerVirtual15','192.168.0.200','playerVirtual14','playerVirtual14_60e5d3d8be',1,1,2,4096,40,'2018-02-18 20:25:11',NULL),(146,'192.168.0.200','playerVirtual12_4246147567','playerVirtual12','192.168.0.200','playerVirtual18','playerVirtual18_a8a61e5e9f',3,1,2,4096,40,'2018-02-18 20:26:34','2018-02-18 20:34:31'),(147,'192.168.0.200','playerVirtual13_4246147567','playerVirtual13','192.168.0.200','playerVirtual16','playerVirtual16_535fdaac5b',1,1,2,4096,40,'2018-02-18 20:37:28',NULL),(148,'192.168.0.200','playerVirtual10_6391270721','playerVirtual10','192.168.0.200','playerVirtual15','playerVirtual15_0ced5adcdb',1,1,1,512,1,'2018-02-18 20:42:55',NULL),(149,'192.168.0.200','playerVirtual17_6391421427','playerVirtual17','192.168.0.200','playerVirtual13','playerVirtual13_e056a5354d',1,1,1,512,1,'2018-02-18 20:46:27',NULL);
/*!40000 ALTER TABLE `VM` ENABLE KEYS */;
UNLOCK TABLES;
/*!40103 SET TIME_ZONE=@OLD_TIME_ZONE */;

/*!40101 SET SQL_MODE=@OLD_SQL_MODE */;
/*!40014 SET FOREIGN_KEY_CHECKS=@OLD_FOREIGN_KEY_CHECKS */;
/*!40014 SET UNIQUE_CHECKS=@OLD_UNIQUE_CHECKS */;
/*!40101 SET CHARACTER_SET_CLIENT=@OLD_CHARACTER_SET_CLIENT */;
/*!40101 SET CHARACTER_SET_RESULTS=@OLD_CHARACTER_SET_RESULTS */;
/*!40101 SET COLLATION_CONNECTION=@OLD_COLLATION_CONNECTION */;
/*!40111 SET SQL_NOTES=@OLD_SQL_NOTES */;

-- Dump completed on 2018-02-18 17:50:07
