-- MySQL dump 10.14  Distrib 5.5.58-MariaDB, for debian-linux-gnu (x86_64)
--
-- Host: localhost    Database: mct
-- ------------------------------------------------------
-- Server version	5.5.58-MariaDB-1ubuntu0.14.04.1

/*!40101 SET @OLD_CHARACTER_SET_CLIENT=@@CHARACTER_SET_CLIENT */;
/*!40101 SET @OLD_CHARACTER_SET_RESULTS=@@CHARACTER_SET_RESULTS */;
/*!40101 SET @OLD_COLLATION_CONNECTION=@@COLLATION_CONNECTION */;
/*!40101 SET NAMES utf8 */;
/*!40103 SET @OLD_TIME_ZONE=@@TIME_ZONE */;
/*!40103 SET TIME_ZONE='+00:00' */;
/*!40014 SET @OLD_UNIQUE_CHECKS=@@UNIQUE_CHECKS, UNIQUE_CHECKS=0 */;
/*!40014 SET @OLD_FOREIGN_KEY_CHECKS=@@FOREIGN_KEY_CHECKS, FOREIGN_KEY_CHECKS=0 */;
/*!40101 SET @OLD_SQL_MODE=@@SQL_MODE, SQL_MODE='NO_AUTO_VALUE_ON_ZERO' */;
/*!40111 SET @OLD_SQL_NOTES=@@SQL_NOTES, SQL_NOTES=0 */;

--
-- Table structure for table `FIELDS`
--

DROP TABLE IF EXISTS `FIELDS`;
/*!40101 SET @saved_cs_client     = @@character_set_client */;
/*!40101 SET character_set_client = utf8 */;
CREATE TABLE `FIELDS` (
  `operation` int(11) NOT NULL,
  `fields` varchar(45) NOT NULL,
  PRIMARY KEY (`operation`)
) ENGINE=InnoDB DEFAULT CHARSET=utf8;
/*!40101 SET character_set_client = @saved_cs_client */;

--
-- Dumping data for table `FIELDS`
--

LOCK TABLES `FIELDS` WRITE;
/*!40000 ALTER TABLE `FIELDS` DISABLE KEYS */;
INSERT INTO `FIELDS` VALUES (0,'name mem image vcpus disk uuid');
/*!40000 ALTER TABLE `FIELDS` ENABLE KEYS */;
UNLOCK TABLES;

--
-- Table structure for table `PLAYER`
--

DROP TABLE IF EXISTS `PLAYER`;
/*!40101 SET @saved_cs_client     = @@character_set_client */;
/*!40101 SET character_set_client = utf8 */;
CREATE TABLE `PLAYER` (
  `id` int(11) NOT NULL AUTO_INCREMENT,
  `name` varchar(45) NOT NULL,
  `address` varchar(45) NOT NULL,
  `division` int(11) DEFAULT NULL,
  `score` float DEFAULT '0',
  `history` int(11) DEFAULT '0',
  `fairness` float DEFAULT '0',
  `accepts` int(11) DEFAULT '0',
  `rejects` int(11) DEFAULT '0',
  `running` int(11) DEFAULT '0',
  `finished` int(11) DEFAULT '0',
  `problem_del` int(11) DEFAULT '0',
  `vcpus` int(11) DEFAULT '0',
  `memory` bigint(20) DEFAULT '0',
  `local_gb` bigint(20) DEFAULT '0',
  `vcpus_used` bigint(20) DEFAULT '0',
  `memory_used` bigint(20) DEFAULT '0',
  `local_gb_used` bigint(20) DEFAULT '0',
  `max_instance` int(11) DEFAULT '0',
  `token` varchar(45) DEFAULT NULL,
  `suspend` timestamp NULL DEFAULT NULL,
  `enabled` int(11) DEFAULT '0',
  `last_choice` timestamp NOT NULL DEFAULT '2018-01-01 02:00:00',
  `playoff` tinyint(1) DEFAULT '0',
  PRIMARY KEY (`id`)
) ENGINE=InnoDB AUTO_INCREMENT=27 DEFAULT CHARSET=utf8;
/*!40101 SET character_set_client = @saved_cs_client */;

--
-- Dumping data for table `PLAYER`
--

LOCK TABLES `PLAYER` WRITE;
/*!40000 ALTER TABLE `PLAYER` DISABLE KEYS */;
INSERT INTO `PLAYER` VALUES (1,'playerVirtual1','192.168.0.200',4,-2,0,1,1,2,0,1,0,1023,1047552,10230,0,0,0,1,'693699ba593abf0e744c00f6fba240213ebfd44e',NULL,0,'2018-03-04 01:55:17',1),(2,'playerVirtual2','192.168.0.200',1,11.28,30,0.6875,7,0,6,1,0,1023,1047552,10230,10,18944,181,9,'8b77f29e44d8cb9dcb603e562bff8a3cd7feaee9',NULL,1,'2018-03-04 04:09:25',0),(3,'playerVirtual3','192.168.0.200',3,1.32,29,0.875,2,2,2,0,0,1023,1047552,10230,3,4608,41,2,'3b5541e99059494116285cc1d96d42991fa5f218',NULL,1,'2018-03-04 04:12:59',0),(4,'playerVirtual4','192.168.0.200',1,10.63,28,0.714286,13,0,7,6,0,1023,1047552,10230,7,8192,64,9,'273eb45284dceef0d46c3b972d35001c020a3da8',NULL,1,'2018-03-04 04:02:19',0),(5,'playerVirtual0','192.168.0.200',4,-10,0,1,0,5,0,0,0,1023,1047552,10230,0,0,0,99,'1d7f714e9ee56155d30385262d3eedbe228e0956',NULL,0,'2018-03-04 02:06:17',1),(6,'playerVirtual5','192.168.0.200',1,10.62,27,0.75,8,0,3,5,0,1023,1047552,10230,4,6656,61,5,'78414c0811252681babc9ad08e7b4ed2d5df976c',NULL,1,'2018-03-04 03:49:28',0),(7,'playerVirtual6','192.168.0.200',2,7.31,26,1,7,0,7,0,0,1023,1047552,10230,8,10240,84,7,'43140ec7e0216e9bc47f3f08c53c8615962c1ccd',NULL,1,'2018-03-04 02:27:31',0),(8,'playerVirtual1404','192.168.0.200',4,-4,0,0,0,2,0,0,0,1023,1047552,10230,0,0,0,99,'f1ce721b0b4ab8278433b0054a1c92b9213e51a1',NULL,0,'2018-03-04 02:13:35',1),(9,'playerVirtual7','192.168.0.200',3,1.33,25,0,1,0,1,0,0,1023,1047552,10230,1,512,1,1,'31fb2cd7488df1f7ea7a0743af5ff946af92b26f',NULL,1,'2018-03-04 02:13:34',0),(10,'playerVirtual8','192.168.0.200',1,9.96,24,0.888889,13,0,8,5,0,1023,1047552,10230,9,16896,161,9,'7949d1cd5fe21e9cdb204c3ef71a1d24dea58f54',NULL,1,'2018-03-04 04:13:24',0),(11,'playerVirtual1247','192.168.0.200',4,-6,0,0,0,3,0,0,0,1023,1047552,10230,0,0,0,99,'9e04b789233851f657d9690e880397f62d4ec887',NULL,0,'2018-03-04 02:30:17',1),(12,'playerVirtual9','192.168.0.200',3,2.66,23,0.875,3,0,2,1,0,1023,1047552,10230,2,2560,21,2,'067170969ab160d5bf70f70faca6b94dcf92299f',NULL,1,'2018-03-04 02:57:17',0),(13,'playerVirtual10','192.168.0.200',2,7.97,22,0.6,10,0,7,3,0,1023,1047552,10230,8,13312,122,8,'99d0e81ec35fd4417aa657dea5641f36c1ab9d45',NULL,1,'2018-03-04 03:55:59',0),(14,'playerVirtual11','192.168.0.200',2,8.63,21,1,6,0,2,4,0,1023,1047552,10230,2,2560,21,3,'49da3d3e86a509b90cb5aae9f8e3f34106419ec4',NULL,1,'2018-03-04 04:03:40',0),(15,'playerVirtual1581','192.168.0.200',4,-4,0,0,0,2,0,0,0,1023,1047552,10230,0,0,0,99,'1de8b7c62d81bb54d1ba9a4c9ace1d336ee1f724',NULL,0,'2018-03-04 02:39:33',1),(16,'playerVirtual12','192.168.0.200',3,1.33,20,1,3,0,3,0,0,1023,1047552,10230,3,4608,41,3,'b2bba1ae273ff27e0c2547c1c6a89bef0d1b8064',NULL,1,'2018-03-04 02:42:43',0),(17,'playerVirtual13','192.168.0.200',2,7.31,19,0.8,7,0,3,4,0,1023,1047552,10230,3,3072,22,5,'41a90583e2bba50bceb2f86dfd0e04ace387616c',NULL,1,'2018-03-04 04:13:59',0),(18,'playerVirtual1159','192.168.0.200',4,-2,0,0,0,1,0,0,0,1023,1047552,10230,0,0,0,99,'69a4644eacdf967d92af633bbb13eca0ba39cf34',NULL,0,'2018-03-04 02:46:31',1),(19,'playerVirtual14','192.168.0.200',2,6.64,18,0.333333,5,0,2,3,0,1023,1047552,10230,2,1024,2,5,'b114b647063b2373113a50284139618b9fb6f5dc',NULL,1,'2018-03-04 03:56:01',0),(20,'playerVirtual15','192.168.0.200',2,8.63,17,0.333333,5,0,3,2,0,1023,1047552,10230,4,5120,42,5,'995f994a3de86a9f299c38ae09a9e29223464095',NULL,1,'2018-03-04 04:12:28',0),(21,'playerVirtual16','192.168.0.200',2,5.97,16,0.25,6,0,2,4,0,1023,1047552,10230,3,6144,60,3,'1939539cd3a21c0c9dd72eb1430b5f0e4d4c891e',NULL,1,'2018-03-04 04:13:30',0),(22,'playerVirtual1575','192.168.0.200',4,-4,0,0,0,2,0,0,0,1023,1047552,10230,0,0,0,99,'9afe014a8f561986c47d0d5a3a90e7b4736aa93d',NULL,0,'2018-03-04 03:10:50',1),(23,'playerVirtual17','192.168.0.200',3,1.33,15,0,1,0,1,0,0,1023,1047552,10230,1,512,1,1,'5eed42c884f96f41c741d6f7bcea900d7454b718',NULL,1,'2018-03-04 03:05:41',0),(24,'playerVirtual18','192.168.0.200',2,7.96,14,0,4,0,0,4,0,1023,1047552,10230,0,0,0,3,'421043d52fefdac649c32acf1ff6d2cd1a87edf8',NULL,1,'2018-03-04 03:59:35',0),(25,'playerVirtual19','192.168.0.200',2,8.63,13,0.5,5,0,2,3,0,1023,1047552,10230,2,1024,2,7,'1521b931b4776905b0e4d0487b465d743c4ff720',NULL,1,'2018-03-04 04:16:14',0),(26,'playerVirtual1857','192.168.0.200',4,-4,0,0,0,2,0,0,0,1023,1047552,10230,0,0,0,99,'4edeacfd33470215a63944200ddcc35b325b2871',NULL,0,'2018-03-04 03:42:37',1);
/*!40000 ALTER TABLE `PLAYER` ENABLE KEYS */;
UNLOCK TABLES;

--
-- Table structure for table `REQUEST`
--

DROP TABLE IF EXISTS `REQUEST`;
/*!40101 SET @saved_cs_client     = @@character_set_client */;
/*!40101 SET character_set_client = utf8 */;
CREATE TABLE `REQUEST` (
  `id` int(11) NOT NULL AUTO_INCREMENT,
  `player_id` varchar(45) NOT NULL,
  `request_id` varchar(45) NOT NULL,
  `action` int(11) NOT NULL,
  `timestamp_received` timestamp NULL DEFAULT NULL,
  `timestamp_finished` timestamp NULL DEFAULT NULL,
  `status` int(11) NOT NULL,
  PRIMARY KEY (`id`)
) ENGINE=InnoDB AUTO_INCREMENT=600 DEFAULT CHARSET=utf8;
/*!40101 SET character_set_client = @saved_cs_client */;

--
-- Dumping data for table `REQUEST`
--

LOCK TABLES `REQUEST` WRITE;
/*!40000 ALTER TABLE `REQUEST` DISABLE KEYS */;
INSERT INTO `REQUEST` VALUES (1,'playerVirtual1','playerVirtual1_eee2a80998',4,'2018-03-04 01:47:56',NULL,0),(2,'playerVirtual2','playerVirtual2_5eeedc575c',4,'2018-03-04 01:47:56',NULL,0),(3,'playerVirtual1','playerVirtual1_450512000',0,'2018-03-04 01:48:57',NULL,0),(4,'playerVirtual1','playerVirtual1_450512000',0,'2018-03-04 01:48:57',NULL,0),(5,'playerVirtual2','playerVirtual2_1438244924',0,'2018-03-04 01:48:59',NULL,0),(6,'playerVirtual2','playerVirtual2_1438244924',0,'2018-03-04 01:49:00',NULL,0),(7,'playerVirtual1','playerVirtual1_0591c89777',3,'2018-03-04 01:49:57',NULL,0),(8,'playerVirtual2','playerVirtual2_0d682483f8',3,'2018-03-04 01:49:59',NULL,0),(9,'playerVirtual1','playerVirtual1_640692267',0,'2018-03-04 01:51:03',NULL,0),(10,'playerVirtual1','playerVirtual1_640692267',0,'2018-03-04 01:51:03',NULL,0),(11,'playerVirtual2','playerVirtual2_2381571381',0,'2018-03-04 01:51:04',NULL,0),(12,'playerVirtual2','playerVirtual2_2381571381',0,'2018-03-04 01:51:04',NULL,0),(13,'playerVirtual1','playerVirtual1_a740ac909b',4,'2018-03-04 01:52:03',NULL,0),(14,'playerVirtual2','playerVirtual2_8f0b6a759b',4,'2018-03-04 01:52:04',NULL,0),(15,'playerVirtual3','playerVirtual3_8bdb600c92',4,'2018-03-04 01:52:54',NULL,0),(16,'playerVirtual1','playerVirtual1_5297461910',0,'2018-03-04 01:53:06',NULL,0),(17,'playerVirtual1','playerVirtual1_5297461910',0,'2018-03-04 01:53:07',NULL,0),(18,'playerVirtual2','playerVirtual2_2790332778',0,'2018-03-04 01:53:11',NULL,0),(19,'playerVirtual2','playerVirtual2_2790332778',0,'2018-03-04 01:53:12',NULL,0),(20,'playerVirtual3','playerVirtual3_369721705',0,'2018-03-04 01:54:06',NULL,0),(21,'playerVirtual1','playerVirtual1_5cd9a448df',3,'2018-03-04 01:54:06',NULL,0),(22,'playerVirtual3','playerVirtual3_369721705',0,'2018-03-04 01:54:07',NULL,0),(23,'playerVirtual2','playerVirtual2_1edb0cc1f3',3,'2018-03-04 01:54:11',NULL,0),(24,'playerVirtual3','playerVirtual3_b0673290c9',3,'2018-03-04 01:55:06',NULL,0),(25,'playerVirtual1','playerVirtual1_317469422',0,'2018-03-04 01:55:16',NULL,0),(26,'playerVirtual1','playerVirtual1_317469422',0,'2018-03-04 01:55:16',NULL,0),(27,'playerVirtual2','playerVirtual2_6955737',0,'2018-03-04 01:55:17',NULL,0),(28,'playerVirtual2','playerVirtual2_6955737',0,'2018-03-04 01:55:17',NULL,0),(29,'playerVirtual3','playerVirtual3_257338104',0,'2018-03-04 01:56:08',NULL,0),(30,'playerVirtual3','playerVirtual3_257338104',0,'2018-03-04 01:56:08',NULL,0),(31,'playerVirtual1','playerVirtual1_6c274227f7',4,'2018-03-04 01:56:16',NULL,0),(32,'playerVirtual2','playerVirtual2_3eb8f760a8',4,'2018-03-04 01:56:17',NULL,0),(33,'playerVirtual3','playerVirtual3_f78a3cbad7',4,'2018-03-04 01:57:08',NULL,0),(34,'playerVirtual2','playerVirtual2_2433236783',0,'2018-03-04 01:57:26',NULL,0),(35,'playerVirtual2','playerVirtual2_2433236783',0,'2018-03-04 01:57:26',NULL,0),(36,'playerVirtual4','playerVirtual4_58384e5940',4,'2018-03-04 01:57:55',NULL,0),(37,'playerVirtual0','playerVirtual0_247e5ee909',4,'2018-03-04 01:58:02',NULL,0),(38,'playerVirtual3','playerVirtual3_3338579772',0,'2018-03-04 01:58:21',NULL,0),(39,'playerVirtual3','playerVirtual3_3338579772',0,'2018-03-04 01:58:21',NULL,0),(40,'playerVirtual2','playerVirtual2_78c12e8424',3,'2018-03-04 01:58:26',NULL,0),(41,'playerVirtual4','playerVirtual4_257407216',0,'2018-03-04 01:59:09',NULL,0),(42,'playerVirtual3','playerVirtual3_d426235e31',3,'2018-03-04 01:59:21',NULL,0),(43,'playerVirtual0','playerVirtual0_182859403',0,'2018-03-04 01:59:24',NULL,0),(44,'playerVirtual2','playerVirtual2_2359368952',0,'2018-03-04 01:59:42',NULL,0),(45,'playerVirtual2','playerVirtual2_2359368952',0,'2018-03-04 01:59:42',NULL,0),(46,'playerVirtual4','playerVirtual4_2f35196e3d',3,'2018-03-04 02:00:10',NULL,0),(47,'playerVirtual0','playerVirtual0_0a81be6e8c',3,'2018-03-04 02:00:24',NULL,0),(48,'playerVirtual3','playerVirtual3_16917741',0,'2018-03-04 02:00:36',NULL,0),(49,'playerVirtual3','playerVirtual3_16917741',0,'2018-03-04 02:00:36',NULL,0),(50,'playerVirtual2','playerVirtual2_242e708fe1',4,'2018-03-04 02:00:42',NULL,0),(51,'playerVirtual4','playerVirtual4_2545640208',0,'2018-03-04 02:01:32',NULL,0),(52,'playerVirtual4','playerVirtual4_2545640208',0,'2018-03-04 02:01:32',NULL,0),(53,'playerVirtual3','playerVirtual3_7dd68b6596',4,'2018-03-04 02:01:36',NULL,0),(54,'playerVirtual0','playerVirtual0_908315',0,'2018-03-04 02:01:40',NULL,0),(55,'playerVirtual0','playerVirtual0_908315',0,'2018-03-04 02:01:40',NULL,0),(56,'playerVirtual2','playerVirtual2_539194189',0,'2018-03-04 02:02:11',NULL,0),(57,'playerVirtual2','playerVirtual2_539194189',0,'2018-03-04 02:02:12',NULL,0),(58,'playerVirtual4','playerVirtual4_13d77a065e',4,'2018-03-04 02:02:32',NULL,0),(59,'playerVirtual0','playerVirtual0_d46562c7e2',4,'2018-03-04 02:02:40',NULL,0),(60,'playerVirtual5','playerVirtual5_15afe7bf05',4,'2018-03-04 02:02:59',NULL,0),(61,'playerVirtual2','playerVirtual2_aca0ccbcde',3,'2018-03-04 02:03:12',NULL,0),(62,'playerVirtual3','playerVirtual3_4820204870',0,'2018-03-04 02:03:48',NULL,0),(63,'playerVirtual3','playerVirtual3_4820204870',0,'2018-03-04 02:03:49',NULL,0),(64,'playerVirtual3','playerVirtual3_1aa37f6129',3,'2018-03-04 02:04:48',NULL,0),(65,'playerVirtual4','playerVirtual4_8058564',0,'2018-03-04 02:05:26',NULL,0),(66,'playerVirtual4','playerVirtual4_8058564',0,'2018-03-04 02:05:26',NULL,0),(67,'playerVirtual0','playerVirtual0_1429160667',0,'2018-03-04 02:05:42',NULL,0),(68,'playerVirtual0','playerVirtual0_1429160667',0,'2018-03-04 02:05:42',NULL,0),(69,'playerVirtual2','playerVirtual2_82730999',0,'2018-03-04 02:06:05',NULL,0),(70,'playerVirtual2','playerVirtual2_82730999',0,'2018-03-04 02:06:05',NULL,0),(71,'playerVirtual5','playerVirtual5_3338010893',0,'2018-03-04 02:06:17',NULL,0),(72,'playerVirtual5','playerVirtual5_3338010893',0,'2018-03-04 02:06:17',NULL,0),(73,'playerVirtual4','playerVirtual4_54d1101a46',3,'2018-03-04 02:06:26',NULL,0),(74,'playerVirtual3','playerVirtual3_351652724',0,'2018-03-04 02:07:01',NULL,0),(75,'playerVirtual3','playerVirtual3_351652724',0,'2018-03-04 02:07:01',NULL,0),(76,'playerVirtual2','playerVirtual2_28b3249443',4,'2018-03-04 02:07:05',NULL,0),(77,'playerVirtual5','playerVirtual5_47ed55b3cf',3,'2018-03-04 02:07:17',NULL,0),(78,'playerVirtual4','playerVirtual4_6571218',0,'2018-03-04 02:07:56',NULL,0),(79,'playerVirtual4','playerVirtual4_6571218',0,'2018-03-04 02:07:57',NULL,0),(80,'playerVirtual6','playerVirtual6_197354d540',4,'2018-03-04 02:07:59',NULL,0),(81,'playerVirtual3','playerVirtual3_1f86b833cd',4,'2018-03-04 02:08:01',NULL,0),(82,'playerVirtual5','playerVirtual5_1339662',0,'2018-03-04 02:08:30',NULL,0),(83,'playerVirtual5','playerVirtual5_1339662',0,'2018-03-04 02:08:31',NULL,0),(84,'playerVirtual2','playerVirtual2_1436344784',0,'2018-03-04 02:08:42',NULL,0),(85,'playerVirtual2','playerVirtual2_1436344784',0,'2018-03-04 02:08:43',NULL,0),(86,'playerVirtual4','playerVirtual4_2d82447e6c',4,'2018-03-04 02:08:57',NULL,0),(87,'playerVirtual5','playerVirtual5_f7345b4ff5',4,'2018-03-04 02:09:31',NULL,0),(88,'playerVirtual2','playerVirtual2_8bc3cc7d96',3,'2018-03-04 02:09:43',NULL,0),(89,'playerVirtual1404','playerVirtual1404_c2267d3332',4,'2018-03-04 02:10:11',NULL,0),(90,'playerVirtual3','playerVirtual3_284794223',0,'2018-03-04 02:10:21',NULL,0),(91,'playerVirtual3','playerVirtual3_284794223',0,'2018-03-04 02:10:21',NULL,0),(92,'playerVirtual3','playerVirtual3_4f6615287c',3,'2018-03-04 02:11:21',NULL,0),(93,'playerVirtual6','playerVirtual6_317497342',0,'2018-03-04 02:11:31',NULL,0),(94,'playerVirtual4','playerVirtual4_359920779',0,'2018-03-04 02:11:59',NULL,0),(95,'playerVirtual4','playerVirtual4_359920779',0,'2018-03-04 02:11:59',NULL,0),(96,'playerVirtual6','playerVirtual6_2b30760d80',3,'2018-03-04 02:12:31',NULL,0),(97,'playerVirtual2','playerVirtual2_2904109077',0,'2018-03-04 02:12:39',NULL,0),(98,'playerVirtual2','playerVirtual2_2904109077',0,'2018-03-04 02:12:39',NULL,0),(99,'playerVirtual5','playerVirtual5_904011',0,'2018-03-04 02:12:50',NULL,0),(100,'playerVirtual5','playerVirtual5_904011',0,'2018-03-04 02:12:51',NULL,0),(101,'playerVirtual7','playerVirtual7_17b4138395',4,'2018-03-04 02:12:57',NULL,0),(102,'playerVirtual4','playerVirtual4_72fe0ecc03',3,'2018-03-04 02:12:59',NULL,0),(103,'playerVirtual6','playerVirtual6_1093460',0,'2018-03-04 02:13:34',NULL,0),(104,'playerVirtual6','playerVirtual6_1093460',0,'2018-03-04 02:13:34',NULL,0),(105,'playerVirtual3','playerVirtual3_905614',0,'2018-03-04 02:13:35',NULL,0),(106,'playerVirtual3','playerVirtual3_905614',0,'2018-03-04 02:13:35',NULL,0),(107,'playerVirtual2','playerVirtual2_9528c2ab00',4,'2018-03-04 02:13:39',NULL,0),(108,'playerVirtual1404','playerVirtual1404_257338074',0,'2018-03-04 02:13:45',NULL,0),(109,'playerVirtual5','playerVirtual5_76aff9cfd2',3,'2018-03-04 02:13:50',NULL,0),(110,'playerVirtual4','playerVirtual4_470485660',0,'2018-03-04 02:14:33',NULL,0),(111,'playerVirtual4','playerVirtual4_470485660',0,'2018-03-04 02:14:34',NULL,0),(112,'playerVirtual6','playerVirtual6_d7bf7d5668',4,'2018-03-04 02:14:34',NULL,0),(113,'playerVirtual3','playerVirtual3_2fdf614f42',4,'2018-03-04 02:14:35',NULL,0),(114,'playerVirtual1404','playerVirtual1404_d7f63a7084',3,'2018-03-04 02:14:46',NULL,0),(115,'playerVirtual5','playerVirtual5_5792765',0,'2018-03-04 02:15:11',NULL,0),(116,'playerVirtual5','playerVirtual5_5792765',0,'2018-03-04 02:15:12',NULL,0),(117,'playerVirtual2','playerVirtual2_30788568',0,'2018-03-04 02:15:23',NULL,0),(118,'playerVirtual2','playerVirtual2_30788568',0,'2018-03-04 02:15:23',NULL,0),(119,'playerVirtual4','playerVirtual4_f3a968d360',4,'2018-03-04 02:15:34',NULL,0),(120,'playerVirtual1404','playerVirtual1404_4820318661',0,'2018-03-04 02:16:07',NULL,0),(121,'playerVirtual5','playerVirtual5_51c2b3dee2',4,'2018-03-04 02:16:12',NULL,0),(122,'playerVirtual2','playerVirtual2_820bf2914d',3,'2018-03-04 02:16:23',NULL,0),(123,'playerVirtual7','playerVirtual7_6569547',0,'2018-03-04 02:16:33',NULL,0),(124,'playerVirtual3','playerVirtual3_400453824',0,'2018-03-04 02:17:09',NULL,0),(125,'playerVirtual3','playerVirtual3_400453824',0,'2018-03-04 02:17:09',NULL,0),(126,'playerVirtual7','playerVirtual7_d6fdba0f95',3,'2018-03-04 02:17:33',NULL,0),(127,'playerVirtual8','playerVirtual8_50c5b85134',4,'2018-03-04 02:17:58',NULL,0),(128,'playerVirtual3','playerVirtual3_215579f2a5',3,'2018-03-04 02:18:09',NULL,0),(129,'playerVirtual6','playerVirtual6_38671842',0,'2018-03-04 02:18:19',NULL,0),(130,'playerVirtual6','playerVirtual6_38671842',0,'2018-03-04 02:18:19',NULL,0),(131,'playerVirtual4','playerVirtual4_4819935267',0,'2018-03-04 02:18:56',NULL,0),(132,'playerVirtual4','playerVirtual4_4819935267',0,'2018-03-04 02:18:56',NULL,0),(133,'playerVirtual7','playerVirtual7_5068098508',0,'2018-03-04 02:19:11',NULL,0),(134,'playerVirtual6','playerVirtual6_2b7060aa8f',3,'2018-03-04 02:19:19',NULL,0),(135,'playerVirtual2','playerVirtual2_6264344062',0,'2018-03-04 02:19:40',NULL,0),(136,'playerVirtual2','playerVirtual2_6264344062',0,'2018-03-04 02:19:40',NULL,0),(137,'playerVirtual5','playerVirtual5_4820217293',0,'2018-03-04 02:19:50',NULL,0),(138,'playerVirtual5','playerVirtual5_4820217293',0,'2018-03-04 02:19:50',NULL,0),(139,'playerVirtual4','playerVirtual4_3a80927fd6',3,'2018-03-04 02:19:56',NULL,0),(140,'playerVirtual7','playerVirtual7_e3411b3310',4,'2018-03-04 02:20:12',NULL,0),(141,'playerVirtual2','playerVirtual2_d89ace1255',4,'2018-03-04 02:20:40',NULL,0),(142,'playerVirtual5','playerVirtual5_8ff7eed06b',3,'2018-03-04 02:20:50',NULL,0),(143,'playerVirtual3','playerVirtual3_1095593',0,'2018-03-04 02:22:03',NULL,0),(144,'playerVirtual3','playerVirtual3_1095593',0,'2018-03-04 02:22:03',NULL,0),(145,'playerVirtual6','playerVirtual6_2148750930',0,'2018-03-04 02:22:06',NULL,0),(146,'playerVirtual6','playerVirtual6_2148750930',0,'2018-03-04 02:22:06',NULL,0),(147,'playerVirtual1247','playerVirtual1247_04a12153e0',4,'2018-03-04 02:23:00',NULL,0),(148,'playerVirtual9','playerVirtual9_3c6ce07309',4,'2018-03-04 02:23:00',NULL,0),(149,'playerVirtual3','playerVirtual3_fbfe1c1ae3',4,'2018-03-04 02:23:03',NULL,0),(150,'playerVirtual6','playerVirtual6_d4731a1adf',4,'2018-03-04 02:23:06',NULL,0),(151,'playerVirtual4','playerVirtual4_563574327',0,'2018-03-04 02:23:10',NULL,0),(152,'playerVirtual4','playerVirtual4_563574327',0,'2018-03-04 02:23:10',NULL,0),(153,'playerVirtual8','playerVirtual8_227443932',0,'2018-03-04 02:23:26',NULL,0),(154,'playerVirtual8','playerVirtual8_227443932',0,'2018-03-04 02:23:26',NULL,0),(155,'playerVirtual2','playerVirtual2_05a159f402',3,'2018-03-04 02:23:35',NULL,0),(156,'playerVirtual5','playerVirtual5_16915963',0,'2018-03-04 02:23:53',NULL,0),(157,'playerVirtual5','playerVirtual5_16915963',0,'2018-03-04 02:23:54',NULL,0),(158,'playerVirtual4','playerVirtual4_a565408f00',4,'2018-03-04 02:24:10',NULL,0),(159,'playerVirtual8','playerVirtual8_290ac10463',3,'2018-03-04 02:24:26',NULL,0),(160,'playerVirtual5','playerVirtual5_3cf9b5f9b9',4,'2018-03-04 02:24:54',NULL,0),(161,'playerVirtual7','playerVirtual7_765651',0,'2018-03-04 02:25:12',NULL,0),(162,'playerVirtual3','playerVirtual3_272887063',0,'2018-03-04 02:25:57',NULL,0),(163,'playerVirtual3','playerVirtual3_272887063',0,'2018-03-04 02:25:57',NULL,0),(164,'playerVirtual7','playerVirtual7_44f60851d2',3,'2018-03-04 02:26:12',NULL,0),(165,'playerVirtual3','playerVirtual3_f558f2867e',3,'2018-03-04 02:26:57',NULL,0),(166,'playerVirtual8','playerVirtual8_4820204870',0,'2018-03-04 02:27:09',NULL,0),(167,'playerVirtual8','playerVirtual8_4820204870',0,'2018-03-04 02:27:10',NULL,0),(168,'playerVirtual6','playerVirtual6_6274355716',0,'2018-03-04 02:27:11',NULL,0),(169,'playerVirtual6','playerVirtual6_6274355716',0,'2018-03-04 02:27:11',NULL,0),(170,'playerVirtual2','playerVirtual2_38676294',0,'2018-03-04 02:27:31',NULL,0),(171,'playerVirtual2','playerVirtual2_38676294',0,'2018-03-04 02:27:32',NULL,0),(172,'playerVirtual10','playerVirtual10_df6b72cc5f',4,'2018-03-04 02:27:54',NULL,0),(173,'playerVirtual8','playerVirtual8_0f75430d34',4,'2018-03-04 02:28:08',NULL,0),(174,'playerVirtual6','playerVirtual6_83565cb194',3,'2018-03-04 02:28:12',NULL,0),(175,'playerVirtual2','playerVirtual2_84161b496c',4,'2018-03-04 02:28:31',NULL,0),(176,'playerVirtual1247','playerVirtual1247_5623125514',0,'2018-03-04 02:28:44',NULL,0),(177,'playerVirtual9','playerVirtual9_284757920',0,'2018-03-04 02:28:45',NULL,0),(178,'playerVirtual9','playerVirtual9_284757920',0,'2018-03-04 02:28:45',NULL,0),(179,'playerVirtual4','playerVirtual4_182859403',0,'2018-03-04 02:28:50',NULL,0),(180,'playerVirtual4','playerVirtual4_182859403',0,'2018-03-04 02:28:51',NULL,0),(181,'playerVirtual1247','playerVirtual1247_b039221bd6',3,'2018-03-04 02:29:44',NULL,0),(182,'playerVirtual9','playerVirtual9_b980d3bff9',3,'2018-03-04 02:29:45',NULL,0),(183,'playerVirtual7','playerVirtual7_990694203',0,'2018-03-04 02:29:50',NULL,0),(184,'playerVirtual4','playerVirtual4_0825e9ad1e',3,'2018-03-04 02:29:51',NULL,0),(185,'playerVirtual5','playerVirtual5_990694203',0,'2018-03-04 02:30:17',NULL,0),(186,'playerVirtual5','playerVirtual5_990694203',0,'2018-03-04 02:30:17',NULL,0),(187,'playerVirtual7','playerVirtual7_7f3da1cb87',4,'2018-03-04 02:30:50',NULL,0),(188,'playerVirtual5','playerVirtual5_60f8c7da8c',3,'2018-03-04 02:31:18',NULL,0),(189,'playerVirtual3','playerVirtual3_4820204870',1,'2018-03-04 02:32:10',NULL,0),(190,'playerVirtual3','playerVirtual3_2266140d72',4,'2018-03-04 02:32:11',NULL,0),(191,'playerVirtual3','playerVirtual3_4820204870',1,'2018-03-04 02:32:11',NULL,0),(192,'playerVirtual11','playerVirtual11_6185f6d905',4,'2018-03-04 02:32:57',NULL,0),(193,'playerVirtual6','playerVirtual6_4476462938',0,'2018-03-04 02:33:00',NULL,0),(194,'playerVirtual6','playerVirtual6_4476462938',0,'2018-03-04 02:33:00',NULL,0),(195,'playerVirtual9','playerVirtual9_2359368952',0,'2018-03-04 02:33:03',NULL,0),(196,'playerVirtual9','playerVirtual9_2359368952',0,'2018-03-04 02:33:03',NULL,0),(197,'playerVirtual4','playerVirtual4_182859403',1,'2018-03-04 02:33:20',NULL,0),(198,'playerVirtual4','playerVirtual4_bcb8d0c2d5',4,'2018-03-04 02:33:20',NULL,0),(199,'playerVirtual4','playerVirtual4_182859403',1,'2018-03-04 02:33:23',NULL,0),(200,'playerVirtual2','playerVirtual2_272887063',0,'2018-03-04 02:33:36',NULL,0),(201,'playerVirtual2','playerVirtual2_272887063',0,'2018-03-04 02:33:36',NULL,0),(202,'playerVirtual6','playerVirtual6_77e32e80dd',4,'2018-03-04 02:34:00',NULL,0),(203,'playerVirtual9','playerVirtual9_ab0cc9a1ab',4,'2018-03-04 02:34:03',NULL,0),(204,'playerVirtual8','playerVirtual8_6280643141',0,'2018-03-04 02:34:10',NULL,0),(205,'playerVirtual8','playerVirtual8_6280643141',0,'2018-03-04 02:34:10',NULL,0),(206,'playerVirtual5','playerVirtual5_d35a5231cb',4,'2018-03-04 02:34:21',NULL,0),(207,'playerVirtual2','playerVirtual2_02944ec209',3,'2018-03-04 02:34:36',NULL,0),(208,'playerVirtual1581','playerVirtual1581_2cb68c62fe',4,'2018-03-04 02:35:04',NULL,0),(209,'playerVirtual8','playerVirtual8_0f856ff59d',3,'2018-03-04 02:35:10',NULL,0),(210,'playerVirtual10','playerVirtual10_6280638724',0,'2018-03-04 02:35:38',NULL,0),(211,'playerVirtual10','playerVirtual10_6280638724',0,'2018-03-04 02:35:38',NULL,0),(212,'playerVirtual7','playerVirtual7_7659e79877',3,'2018-03-04 02:35:51',NULL,0),(213,'playerVirtual3','playerVirtual3_272887063',1,'2018-03-04 02:35:57',NULL,0),(214,'playerVirtual3','playerVirtual3_1bd851a368',3,'2018-03-04 02:35:57',NULL,0),(215,'playerVirtual3','playerVirtual3_272887063',1,'2018-03-04 02:35:57',NULL,0),(216,'playerVirtual10','playerVirtual10_c734256868',3,'2018-03-04 02:36:38',NULL,0),(217,'playerVirtual12','playerVirtual12_bf7be6cbbf',4,'2018-03-04 02:37:54',NULL,0),(218,'playerVirtual6','playerVirtual6_214880781',0,'2018-03-04 02:38:37',NULL,0),(219,'playerVirtual6','playerVirtual6_214880781',0,'2018-03-04 02:38:37',NULL,0),(220,'playerVirtual8','playerVirtual8_6285257156',0,'2018-03-04 02:38:59',NULL,0),(221,'playerVirtual8','playerVirtual8_6285257156',0,'2018-03-04 02:38:59',NULL,0),(222,'playerVirtual4','playerVirtual4_682797',0,'2018-03-04 02:39:13',NULL,0),(223,'playerVirtual4','playerVirtual4_682797',0,'2018-03-04 02:39:14',NULL,0),(224,'playerVirtual2','playerVirtual2_182859403',0,'2018-03-04 02:39:14',NULL,0),(225,'playerVirtual2','playerVirtual2_182859403',0,'2018-03-04 02:39:15',NULL,0),(226,'playerVirtual10','playerVirtual10_1438244924',0,'2018-03-04 02:39:33',NULL,0),(227,'playerVirtual10','playerVirtual10_1438244924',0,'2018-03-04 02:39:37',NULL,0),(228,'playerVirtual6','playerVirtual6_a64fe081d8',3,'2018-03-04 02:39:39',NULL,0),(229,'playerVirtual8','playerVirtual8_d12573c3b7',4,'2018-03-04 02:39:59',NULL,0),(230,'playerVirtual9','playerVirtual9_1094955',0,'2018-03-04 02:40:13',NULL,0),(231,'playerVirtual9','playerVirtual9_1094955',0,'2018-03-04 02:40:13',NULL,0),(232,'playerVirtual4','playerVirtual4_1635f7ad6a',3,'2018-03-04 02:40:14',NULL,0),(233,'playerVirtual2','playerVirtual2_806032ce5a',4,'2018-03-04 02:40:14',NULL,0),(234,'playerVirtual10','playerVirtual10_90e6dbe246',4,'2018-03-04 02:40:33',NULL,0),(235,'playerVirtual5','playerVirtual5_16914091',0,'2018-03-04 02:40:46',NULL,0),(236,'playerVirtual5','playerVirtual5_16914091',0,'2018-03-04 02:40:46',NULL,0),(237,'playerVirtual7','playerVirtual7_6955737',0,'2018-03-04 02:41:09',NULL,0),(238,'playerVirtual11','playerVirtual11_1436323714',0,'2018-03-04 02:41:12',NULL,0),(239,'playerVirtual11','playerVirtual11_1436323714',0,'2018-03-04 02:41:12',NULL,0),(240,'playerVirtual9','playerVirtual9_fa01c000d3',3,'2018-03-04 02:41:13',NULL,0),(241,'playerVirtual5','playerVirtual5_bcbaab7493',3,'2018-03-04 02:41:46',NULL,0),(242,'playerVirtual7','playerVirtual7_7023bc5324',4,'2018-03-04 02:42:09',NULL,0),(243,'playerVirtual11','playerVirtual11_5e474519b1',3,'2018-03-04 02:42:12',NULL,0),(244,'playerVirtual3','playerVirtual3_6955737',0,'2018-03-04 02:42:43',NULL,0),(245,'playerVirtual3','playerVirtual3_6955737',0,'2018-03-04 02:42:47',NULL,0),(246,'playerVirtual13','playerVirtual13_4300af5dc1',4,'2018-03-04 02:43:00',NULL,0),(247,'playerVirtual3','playerVirtual3_665b0f1608',4,'2018-03-04 02:43:42',NULL,0),(248,'playerVirtual4','playerVirtual4_6289355687',0,'2018-03-04 02:45:42',NULL,0),(249,'playerVirtual4','playerVirtual4_6289355687',0,'2018-03-04 02:45:42',NULL,0),(250,'playerVirtual11','playerVirtual11_1436344784',0,'2018-03-04 02:45:45',NULL,0),(251,'playerVirtual11','playerVirtual11_1436344784',0,'2018-03-04 02:45:45',NULL,0),(252,'playerVirtual6','playerVirtual6_2381571381',0,'2018-03-04 02:45:50',NULL,0),(253,'playerVirtual6','playerVirtual6_2381571381',0,'2018-03-04 02:45:54',NULL,0),(254,'playerVirtual1159','playerVirtual1159_140d350d8d',4,'2018-03-04 02:45:57',NULL,0),(255,'playerVirtual2','playerVirtual2_e0afdadeca',3,'2018-03-04 02:45:57',NULL,0),(256,'playerVirtual9','playerVirtual9_1438244924',0,'2018-03-04 02:46:31',NULL,0),(257,'playerVirtual9','playerVirtual9_1438244924',0,'2018-03-04 02:46:31',NULL,0),(258,'playerVirtual4','playerVirtual4_62c73ef894',4,'2018-03-04 02:46:42',NULL,0),(259,'playerVirtual11','playerVirtual11_8bba7c748b',4,'2018-03-04 02:46:45',NULL,0),(260,'playerVirtual6','playerVirtual6_2007728582',4,'2018-03-04 02:46:49',NULL,0),(261,'playerVirtual5','playerVirtual5_6289704471',0,'2018-03-04 02:46:51',NULL,0),(262,'playerVirtual5','playerVirtual5_6289704471',0,'2018-03-04 02:46:53',NULL,0),(263,'playerVirtual8','playerVirtual8_2378747961',0,'2018-03-04 02:47:00',NULL,0),(264,'playerVirtual8','playerVirtual8_2378747961',0,'2018-03-04 02:47:00',NULL,0),(265,'playerVirtual7','playerVirtual7_bae03a6dc6',3,'2018-03-04 02:47:10',NULL,0),(266,'playerVirtual9','playerVirtual9_f3f529c9da',4,'2018-03-04 02:47:31',NULL,0),(267,'playerVirtual12','playerVirtual12_3338579772',0,'2018-03-04 02:47:33',NULL,0),(268,'playerVirtual12','playerVirtual12_3338579772',0,'2018-03-04 02:47:33',NULL,0),(269,'playerVirtual3','playerVirtual3_3338579772',1,'2018-03-04 02:47:36',NULL,0),(270,'playerVirtual3','playerVirtual3_d4714c1034',3,'2018-03-04 02:47:37',NULL,0),(271,'playerVirtual3','playerVirtual3_3338579772',1,'2018-03-04 02:47:37',NULL,0),(272,'playerVirtual5','playerVirtual5_012c93ad66',4,'2018-03-04 02:47:52',NULL,0),(273,'playerVirtual14','playerVirtual14_c7d3a20bb9',4,'2018-03-04 02:47:54',NULL,0),(274,'playerVirtual8','playerVirtual8_b0e29d6a47',3,'2018-03-04 02:48:02',NULL,0),(275,'playerVirtual12','playerVirtual12_41341bd2a0',3,'2018-03-04 02:48:33',NULL,0),(276,'playerVirtual10','playerVirtual10_b1de7ab5dd',3,'2018-03-04 02:49:06',NULL,0),(277,'playerVirtual2','playerVirtual2_1438244924',1,'2018-03-04 02:50:52',NULL,0),(278,'playerVirtual2','playerVirtual2_49e78f498e',4,'2018-03-04 02:50:52',NULL,0),(279,'playerVirtual2','playerVirtual2_1438244924',1,'2018-03-04 02:50:52',NULL,0),(280,'playerVirtual15','playerVirtual15_8b4f08d307',4,'2018-03-04 02:52:54',NULL,0),(281,'playerVirtual8','playerVirtual8_2378747961',1,'2018-03-04 02:53:18',NULL,0),(282,'playerVirtual8','playerVirtual8_c2ecc380fc',4,'2018-03-04 02:53:19',NULL,0),(283,'playerVirtual8','playerVirtual8_2378747961',1,'2018-03-04 02:53:19',NULL,0),(284,'playerVirtual13','playerVirtual13_794070039',0,'2018-03-04 02:53:56',NULL,0),(285,'playerVirtual13','playerVirtual13_794070039',0,'2018-03-04 02:53:56',NULL,0),(286,'playerVirtual6','playerVirtual6_6274355716',1,'2018-03-04 02:54:29',NULL,0),(287,'playerVirtual6','playerVirtual6_2ec34542a6',3,'2018-03-04 02:54:29',NULL,0),(288,'playerVirtual6','playerVirtual6_6274355716',1,'2018-03-04 02:54:29',NULL,0),(289,'playerVirtual13','playerVirtual13_29dbe0d95b',3,'2018-03-04 02:54:56',NULL,0),(290,'playerVirtual4','playerVirtual4_6296268057',0,'2018-03-04 02:55:08',NULL,0),(291,'playerVirtual4','playerVirtual4_6296268057',0,'2018-03-04 02:55:08',NULL,0),(292,'playerVirtual3','playerVirtual3_1095593',1,'2018-03-04 02:55:51',NULL,0),(293,'playerVirtual3','playerVirtual3_0b3ffa74c7',4,'2018-03-04 02:55:51',NULL,0),(294,'playerVirtual3','playerVirtual3_1095593',1,'2018-03-04 02:55:51',NULL,0),(295,'playerVirtual12','playerVirtual12_5297461910',0,'2018-03-04 02:55:59',NULL,0),(296,'playerVirtual12','playerVirtual12_5297461910',0,'2018-03-04 02:56:00',NULL,0),(297,'playerVirtual4','playerVirtual4_e53dd5ec64',3,'2018-03-04 02:56:08',NULL,0),(298,'playerVirtual2','playerVirtual2_6d635f457e',3,'2018-03-04 02:56:43',NULL,0),(299,'playerVirtual12','playerVirtual12_6903d4691a',4,'2018-03-04 02:57:00',NULL,0),(300,'playerVirtual11','playerVirtual11_6296865278',0,'2018-03-04 02:57:17',NULL,0),(301,'playerVirtual11','playerVirtual11_6296865278',0,'2018-03-04 02:57:18',NULL,0),(302,'playerVirtual7','playerVirtual7_182859403',0,'2018-03-04 02:57:19',NULL,0),(303,'playerVirtual16','playerVirtual16_f980f2a730',4,'2018-03-04 02:57:58',NULL,0),(304,'playerVirtual9','playerVirtual9_6264344062',0,'2018-03-04 02:58:01',NULL,0),(305,'playerVirtual9','playerVirtual9_6264344062',0,'2018-03-04 02:58:01',NULL,0),(306,'playerVirtual11','playerVirtual11_b75259721a',3,'2018-03-04 02:58:17',NULL,0),(307,'playerVirtual7','playerVirtual7_6b215713ab',4,'2018-03-04 02:58:19',NULL,0),(308,'playerVirtual10','playerVirtual10_6289704471',0,'2018-03-04 02:58:38',NULL,0),(309,'playerVirtual10','playerVirtual10_6289704471',0,'2018-03-04 02:58:38',NULL,0),(310,'playerVirtual5','playerVirtual5_990694203',0,'2018-03-04 02:58:45',NULL,0),(311,'playerVirtual5','playerVirtual5_573c5e3522',3,'2018-03-04 02:58:45',NULL,0),(312,'playerVirtual5','playerVirtual5_990694203',0,'2018-03-04 02:58:46',NULL,0),(313,'playerVirtual9','playerVirtual9_f23ad18c4e',3,'2018-03-04 02:59:01',NULL,0),(314,'playerVirtual1575','playerVirtual1575_62c358f886',4,'2018-03-04 02:59:37',NULL,0),(315,'playerVirtual10','playerVirtual10_87ed5f6ab6',4,'2018-03-04 02:59:38',NULL,0),(316,'playerVirtual2','playerVirtual2_6264344062',1,'2018-03-04 03:02:33',NULL,0),(317,'playerVirtual2','playerVirtual2_7413608324',4,'2018-03-04 03:02:33',NULL,0),(318,'playerVirtual2','playerVirtual2_6264344062',1,'2018-03-04 03:02:33',NULL,0),(319,'playerVirtual13','playerVirtual13_908315',0,'2018-03-04 03:02:55',NULL,0),(320,'playerVirtual13','playerVirtual13_908315',0,'2018-03-04 03:02:56',NULL,0),(321,'playerVirtual17','playerVirtual17_e60e628315',4,'2018-03-04 03:02:58',NULL,0),(322,'playerVirtual14','playerVirtual14_6301942525',0,'2018-03-04 03:03:14',NULL,0),(323,'playerVirtual7','playerVirtual7_9644c69439',3,'2018-03-04 03:03:20',NULL,0),(324,'playerVirtual5','playerVirtual5_ff5190465c',4,'2018-03-04 03:03:51',NULL,0),(325,'playerVirtual13','playerVirtual13_622fcd873b',4,'2018-03-04 03:03:55',NULL,0),(326,'playerVirtual14','playerVirtual14_a691d0cff1',3,'2018-03-04 03:04:14',NULL,0),(327,'playerVirtual6','playerVirtual6_182859403',0,'2018-03-04 03:05:41',NULL,0),(328,'playerVirtual6','playerVirtual6_182859403',0,'2018-03-04 03:05:42',NULL,0),(329,'playerVirtual3','playerVirtual3_539194189',0,'2018-03-04 03:06:37',NULL,0),(330,'playerVirtual3','playerVirtual3_539194189',0,'2018-03-04 03:06:37',NULL,0),(331,'playerVirtual6','playerVirtual6_04a7abc85c',4,'2018-03-04 03:06:42',NULL,0),(332,'playerVirtual8','playerVirtual8_6274355716',0,'2018-03-04 03:06:46',NULL,0),(333,'playerVirtual8','playerVirtual8_6274355716',0,'2018-03-04 03:06:46',NULL,0),(334,'playerVirtual3','playerVirtual3_722f8bb955',3,'2018-03-04 03:07:37',NULL,0),(335,'playerVirtual8','playerVirtual8_0eee10138b',3,'2018-03-04 03:07:46',NULL,0),(336,'playerVirtual18','playerVirtual18_8fd1566f81',4,'2018-03-04 03:07:54',NULL,0),(337,'playerVirtual4','playerVirtual4_4246147567',0,'2018-03-04 03:08:12',NULL,0),(338,'playerVirtual4','playerVirtual4_4246147567',0,'2018-03-04 03:08:13',NULL,0),(339,'playerVirtual2','playerVirtual2_1436344784',1,'2018-03-04 03:08:29',NULL,0),(340,'playerVirtual2','playerVirtual2_1688c7269c',3,'2018-03-04 03:08:29',NULL,0),(341,'playerVirtual2','playerVirtual2_1436344784',1,'2018-03-04 03:08:29',NULL,0),(342,'playerVirtual11','playerVirtual11_4246147567',0,'2018-03-04 03:08:53',NULL,0),(343,'playerVirtual11','playerVirtual11_4246147567',0,'2018-03-04 03:08:53',NULL,0),(344,'playerVirtual4','playerVirtual4_f2b94dbfd2',4,'2018-03-04 03:09:13',NULL,0),(345,'playerVirtual10','playerVirtual10_6289704471',1,'2018-03-04 03:09:16',NULL,0),(346,'playerVirtual10','playerVirtual10_ffcfcb73e8',3,'2018-03-04 03:09:16',NULL,0),(347,'playerVirtual10','playerVirtual10_6289704471',1,'2018-03-04 03:09:17',NULL,0),(348,'playerVirtual9','playerVirtual9_4246147567',0,'2018-03-04 03:09:52',NULL,0),(349,'playerVirtual9','playerVirtual9_4246147567',0,'2018-03-04 03:09:52',NULL,0),(350,'playerVirtual11','playerVirtual11_7063d71dbf',4,'2018-03-04 03:09:53',NULL,0),(351,'playerVirtual15','playerVirtual15_1095593',0,'2018-03-04 03:10:09',NULL,0),(352,'playerVirtual15','playerVirtual15_1095593',0,'2018-03-04 03:10:12',NULL,0),(353,'playerVirtual12','playerVirtual12_6289704471',0,'2018-03-04 03:10:23',NULL,0),(354,'playerVirtual12','playerVirtual12_6289704471',0,'2018-03-04 03:10:23',NULL,0),(355,'playerVirtual14','playerVirtual14_2378747961',0,'2018-03-04 03:10:50',NULL,0),(356,'playerVirtual14','playerVirtual14_2378747961',0,'2018-03-04 03:10:51',NULL,0),(357,'playerVirtual9','playerVirtual9_c2e7d0e3e9',4,'2018-03-04 03:10:52',NULL,0),(358,'playerVirtual15','playerVirtual15_f200afa05f',3,'2018-03-04 03:11:07',NULL,0),(359,'playerVirtual12','playerVirtual12_ea35dcb89e',3,'2018-03-04 03:11:23',NULL,0),(360,'playerVirtual14','playerVirtual14_8f39585b90',4,'2018-03-04 03:11:51',NULL,0),(361,'playerVirtual15','playerVirtual15_1095593',1,'2018-03-04 03:12:20',NULL,0),(362,'playerVirtual15','playerVirtual15_a4e4054817',4,'2018-03-04 03:12:20',NULL,0),(363,'playerVirtual15','playerVirtual15_1095593',1,'2018-03-04 03:12:21',NULL,0),(364,'playerVirtual19','playerVirtual19_125f8cc96a',4,'2018-03-04 03:13:00',NULL,0),(365,'playerVirtual7','playerVirtual7_d5cd632224',4,'2018-03-04 03:15:55',NULL,0),(366,'playerVirtual5','playerVirtual5_6289704471',1,'2018-03-04 03:16:07',NULL,0),(367,'playerVirtual5','playerVirtual5_e83c941d26',3,'2018-03-04 03:16:07',NULL,0),(368,'playerVirtual5','playerVirtual5_6289704471',1,'2018-03-04 03:16:07',NULL,0),(369,'playerVirtual8','playerVirtual8_4246147567',0,'2018-03-04 03:16:20',NULL,0),(370,'playerVirtual8','playerVirtual8_4246147567',0,'2018-03-04 03:16:20',NULL,0),(371,'playerVirtual8','playerVirtual8_ecf9ebeeb3',4,'2018-03-04 03:17:20',NULL,0),(372,'playerVirtual6','playerVirtual6_6316827871',0,'2018-03-04 03:17:25',NULL,0),(373,'playerVirtual6','playerVirtual6_6316827871',0,'2018-03-04 03:17:25',NULL,0),(374,'playerVirtual4','playerVirtual4_4246147567',1,'2018-03-04 03:17:38',NULL,0),(375,'playerVirtual4','playerVirtual4_4630d774a6',3,'2018-03-04 03:17:38',NULL,0),(376,'playerVirtual4','playerVirtual4_4246147567',1,'2018-03-04 03:17:38',NULL,0),(377,'playerVirtual2','playerVirtual2_182859403',1,'2018-03-04 03:17:42',NULL,0),(378,'playerVirtual2','playerVirtual2_01945f47d3',4,'2018-03-04 03:17:42',NULL,0),(379,'playerVirtual2','playerVirtual2_182859403',1,'2018-03-04 03:17:42',NULL,0),(380,'playerVirtual13','playerVirtual13_4246147567',0,'2018-03-04 03:17:43',NULL,0),(381,'playerVirtual13','playerVirtual13_4246147567',0,'2018-03-04 03:17:43',NULL,0),(382,'playerVirtual16','playerVirtual16_4246147567',0,'2018-03-04 03:17:54',NULL,0),(383,'playerVirtual16','playerVirtual16_4246147567',0,'2018-03-04 03:17:54',NULL,0),(384,'playerVirtual6','playerVirtual6_37becaff18',3,'2018-03-04 03:18:25',NULL,0),(385,'playerVirtual13','playerVirtual13_85e04eb76e',3,'2018-03-04 03:18:43',NULL,0),(386,'playerVirtual3','playerVirtual3_5068098508',0,'2018-03-04 03:18:50',NULL,0),(387,'playerVirtual3','playerVirtual3_5068098508',0,'2018-03-04 03:18:51',NULL,0),(388,'playerVirtual16','playerVirtual16_914e5848d7',3,'2018-03-04 03:18:54',NULL,0),(389,'playerVirtual3','playerVirtual3_b11fde6ff9',4,'2018-03-04 03:19:51',NULL,0),(390,'playerVirtual16','playerVirtual16_4246147567',1,'2018-03-04 03:19:56',NULL,0),(391,'playerVirtual16','playerVirtual16_d07bb5ce40',4,'2018-03-04 03:19:56',NULL,0),(392,'playerVirtual16','playerVirtual16_4246147567',1,'2018-03-04 03:19:56',NULL,0),(393,'playerVirtual11','playerVirtual11_4246147567',1,'2018-03-04 03:20:25',NULL,0),(394,'playerVirtual11','playerVirtual11_bbed6a2ea0',3,'2018-03-04 03:20:26',NULL,0),(395,'playerVirtual11','playerVirtual11_4246147567',1,'2018-03-04 03:20:26',NULL,0),(396,'playerVirtual12','playerVirtual12_4246147567',0,'2018-03-04 03:20:38',NULL,0),(397,'playerVirtual12','playerVirtual12_4246147567',0,'2018-03-04 03:20:43',NULL,0),(398,'playerVirtual9','playerVirtual9_4246147567',1,'2018-03-04 03:21:21',NULL,0),(399,'playerVirtual9','playerVirtual9_7095d02788',3,'2018-03-04 03:21:21',NULL,0),(400,'playerVirtual9','playerVirtual9_4246147567',1,'2018-03-04 03:21:21',NULL,0),(401,'playerVirtual12','playerVirtual12_f574825542',4,'2018-03-04 03:21:38',NULL,0),(402,'playerVirtual5','playerVirtual5_904011',1,'2018-03-04 03:21:57',NULL,0),(403,'playerVirtual5','playerVirtual5_c327478293',4,'2018-03-04 03:21:57',NULL,0),(404,'playerVirtual5','playerVirtual5_904011',1,'2018-03-04 03:21:57',NULL,0),(405,'playerVirtual10','playerVirtual10_4246147567',0,'2018-03-04 03:22:03',NULL,0),(406,'playerVirtual10','playerVirtual10_4246147567',0,'2018-03-04 03:22:03',NULL,0),(407,'playerVirtual1857','playerVirtual1857_4a1f4a12bd',4,'2018-03-04 03:22:05',NULL,0),(408,'playerVirtual10','playerVirtual10_2242aa46cb',4,'2018-03-04 03:23:03',NULL,0),(409,'playerVirtual17','playerVirtual17_4246147567',0,'2018-03-04 03:23:32',NULL,0),(410,'playerVirtual17','playerVirtual17_ab12f4bd8b',3,'2018-03-04 03:24:33',NULL,0),(411,'playerVirtual17','playerVirtual17_d3033fd887',4,'2018-03-04 03:25:34',NULL,0),(412,'playerVirtual13','playerVirtual13_4246147567',1,'2018-03-04 03:26:42',NULL,0),(413,'playerVirtual13','playerVirtual13_31cd75a125',4,'2018-03-04 03:26:43',NULL,0),(414,'playerVirtual13','playerVirtual13_4246147567',1,'2018-03-04 03:26:43',NULL,0),(415,'playerVirtual7','playerVirtual7_1095593',0,'2018-03-04 03:26:46',NULL,0),(416,'playerVirtual2','playerVirtual2_d69024b68a',3,'2018-03-04 03:27:11',NULL,0),(417,'playerVirtual7','playerVirtual7_2021bdfeac',3,'2018-03-04 03:27:46',NULL,0),(418,'playerVirtual14','playerVirtual14_4246147567',0,'2018-03-04 03:28:09',NULL,0),(419,'playerVirtual14','playerVirtual14_4246147567',0,'2018-03-04 03:28:11',NULL,0),(420,'playerVirtual14','playerVirtual14_7222095cfd',3,'2018-03-04 03:29:07',NULL,0),(421,'playerVirtual18','playerVirtual18_990694203',0,'2018-03-04 03:29:17',NULL,0),(422,'playerVirtual18','playerVirtual18_990694203',0,'2018-03-04 03:29:18',NULL,0),(423,'playerVirtual18','playerVirtual18_4d77f08cba',3,'2018-03-04 03:30:18',NULL,0),(424,'playerVirtual8','playerVirtual8_4246147567',1,'2018-03-04 03:30:47',NULL,0),(425,'playerVirtual8','playerVirtual8_3d24b565bc',3,'2018-03-04 03:30:48',NULL,0),(426,'playerVirtual8','playerVirtual8_4246147567',1,'2018-03-04 03:30:48',NULL,0),(427,'playerVirtual6','playerVirtual6_6322213339',0,'2018-03-04 03:31:11',NULL,0),(428,'playerVirtual6','playerVirtual6_6322213339',0,'2018-03-04 03:31:11',NULL,0),(429,'playerVirtual18','playerVirtual18_990694203',1,'2018-03-04 03:31:22',NULL,0),(430,'playerVirtual18','playerVirtual18_37e62e46f1',4,'2018-03-04 03:31:22',NULL,0),(431,'playerVirtual18','playerVirtual18_990694203',1,'2018-03-04 03:31:23',NULL,0),(432,'playerVirtual3','playerVirtual3_4246147567',0,'2018-03-04 03:32:11',NULL,0),(433,'playerVirtual6','playerVirtual6_9e4d1fb783',4,'2018-03-04 03:32:11',NULL,0),(434,'playerVirtual3','playerVirtual3_4246147567',0,'2018-03-04 03:32:11',NULL,0),(435,'playerVirtual4','playerVirtual4_359920779',1,'2018-03-04 03:32:12',NULL,0),(436,'playerVirtual4','playerVirtual4_ff984ee370',4,'2018-03-04 03:32:13',NULL,0),(437,'playerVirtual4','playerVirtual4_359920779',1,'2018-03-04 03:32:13',NULL,0),(438,'playerVirtual10','playerVirtual10_4246147567',1,'2018-03-04 03:32:41',NULL,0),(439,'playerVirtual10','playerVirtual10_e8918bc472',3,'2018-03-04 03:32:42',NULL,0),(440,'playerVirtual10','playerVirtual10_4246147567',1,'2018-03-04 03:32:42',NULL,0),(441,'playerVirtual3','playerVirtual3_70db268186',3,'2018-03-04 03:33:11',NULL,0),(442,'playerVirtual11','playerVirtual11_4246147567',0,'2018-03-04 03:33:41',NULL,0),(443,'playerVirtual11','playerVirtual11_a096379906',4,'2018-03-04 03:33:41',NULL,0),(444,'playerVirtual11','playerVirtual11_4246147567',0,'2018-03-04 03:33:41',NULL,0),(445,'playerVirtual15','playerVirtual15_4246147567',0,'2018-03-04 03:34:13',NULL,0),(446,'playerVirtual15','playerVirtual15_4246147567',0,'2018-03-04 03:34:13',NULL,0),(447,'playerVirtual9','playerVirtual9_4246147567',0,'2018-03-04 03:34:53',NULL,0),(448,'playerVirtual9','playerVirtual9_2cef47415b',4,'2018-03-04 03:34:53',NULL,0),(449,'playerVirtual9','playerVirtual9_4246147567',0,'2018-03-04 03:34:53',NULL,0),(450,'playerVirtual12','playerVirtual12_4246147567',1,'2018-03-04 03:35:01',NULL,0),(451,'playerVirtual12','playerVirtual12_af0573fc60',3,'2018-03-04 03:35:02',NULL,0),(452,'playerVirtual12','playerVirtual12_4246147567',1,'2018-03-04 03:35:02',NULL,0),(453,'playerVirtual15','playerVirtual15_b8b36531f4',3,'2018-03-04 03:35:13',NULL,0),(454,'playerVirtual19','playerVirtual19_4246147567',0,'2018-03-04 03:35:20',NULL,0),(455,'playerVirtual19','playerVirtual19_4246147567',0,'2018-03-04 03:35:20',NULL,0),(456,'playerVirtual14','playerVirtual14_48edf8bb4e',4,'2018-03-04 03:35:43',NULL,0),(457,'playerVirtual19','playerVirtual19_685414666a',3,'2018-03-04 03:36:20',NULL,0),(458,'playerVirtual15','playerVirtual15_4246147567',1,'2018-03-04 03:36:27',NULL,0),(459,'playerVirtual15','playerVirtual15_217c792f46',4,'2018-03-04 03:36:28',NULL,0),(460,'playerVirtual15','playerVirtual15_4246147567',1,'2018-03-04 03:36:29',NULL,0),(461,'playerVirtual19','playerVirtual19_4246147567',1,'2018-03-04 03:37:21',NULL,0),(462,'playerVirtual19','playerVirtual19_1e4570fa47',4,'2018-03-04 03:37:21',NULL,0),(463,'playerVirtual19','playerVirtual19_4246147567',1,'2018-03-04 03:37:22',NULL,0),(464,'playerVirtual5','playerVirtual5_4246147567',0,'2018-03-04 03:40:21',NULL,0),(465,'playerVirtual5','playerVirtual5_4246147567',0,'2018-03-04 03:40:22',NULL,0),(466,'playerVirtual5','playerVirtual5_8668ddf5ab',3,'2018-03-04 03:41:21',NULL,0),(467,'playerVirtual7','playerVirtual7_4246147567',0,'2018-03-04 03:42:26',NULL,0),(468,'playerVirtual16','playerVirtual16_359920779',0,'2018-03-04 03:42:37',NULL,0),(469,'playerVirtual16','playerVirtual16_359920779',0,'2018-03-04 03:42:37',NULL,0),(470,'playerVirtual2','playerVirtual2_4246147567',0,'2018-03-04 03:42:47',NULL,0),(471,'playerVirtual2','playerVirtual2_4246147567',0,'2018-03-04 03:42:48',NULL,0),(472,'playerVirtual8','playerVirtual8_6335261139',0,'2018-03-04 03:43:03',NULL,0),(473,'playerVirtual8','playerVirtual8_6335261139',0,'2018-03-04 03:43:04',NULL,0),(474,'playerVirtual7','playerVirtual7_9542263c46',4,'2018-03-04 03:43:27',NULL,0),(475,'playerVirtual13','playerVirtual13_4246147567',0,'2018-03-04 03:43:35',NULL,0),(476,'playerVirtual13','playerVirtual13_e4eaca677d',3,'2018-03-04 03:43:35',NULL,0),(477,'playerVirtual13','playerVirtual13_4246147567',0,'2018-03-04 03:43:35',NULL,0),(478,'playerVirtual16','playerVirtual16_c447cc44a8',3,'2018-03-04 03:43:37',NULL,0),(479,'playerVirtual2','playerVirtual2_1a649baab8',4,'2018-03-04 03:43:48',NULL,0),(480,'playerVirtual4','playerVirtual4_4246147567',0,'2018-03-04 03:43:49',NULL,0),(481,'playerVirtual4','playerVirtual4_4cb31ec487',3,'2018-03-04 03:43:49',NULL,0),(482,'playerVirtual4','playerVirtual4_4246147567',0,'2018-03-04 03:43:50',NULL,0),(483,'playerVirtual8','playerVirtual8_8775df816c',4,'2018-03-04 03:44:05',NULL,0),(484,'playerVirtual11','playerVirtual11_4246147567',1,'2018-03-04 03:44:13',NULL,0),(485,'playerVirtual11','playerVirtual11_431d43d13c',3,'2018-03-04 03:44:14',NULL,0),(486,'playerVirtual11','playerVirtual11_4246147567',1,'2018-03-04 03:44:14',NULL,0),(487,'playerVirtual3','playerVirtual3_4246147567',1,'2018-03-04 03:44:24',NULL,0),(488,'playerVirtual3','playerVirtual3_506513efbb',4,'2018-03-04 03:44:24',NULL,0),(489,'playerVirtual3','playerVirtual3_4246147567',1,'2018-03-04 03:44:25',NULL,0),(490,'playerVirtual9','playerVirtual9_4246147567',1,'2018-03-04 03:45:22',NULL,0),(491,'playerVirtual9','playerVirtual9_e544fd7802',3,'2018-03-04 03:45:23',NULL,0),(492,'playerVirtual9','playerVirtual9_4246147567',1,'2018-03-04 03:45:23',NULL,0),(493,'playerVirtual6','playerVirtual6_4246147567',0,'2018-03-04 03:45:24',NULL,0),(494,'playerVirtual6','playerVirtual6_4246147567',0,'2018-03-04 03:45:24',NULL,0),(495,'playerVirtual1857','playerVirtual1857_4246147567',0,'2018-03-04 03:45:34',NULL,0),(496,'playerVirtual6','playerVirtual6_af20f61d06',3,'2018-03-04 03:46:24',NULL,0),(497,'playerVirtual1857','playerVirtual1857_d43bbe9b9a',3,'2018-03-04 03:46:34',NULL,0),(498,'playerVirtual5','playerVirtual5_4246147567',1,'2018-03-04 03:47:13',NULL,0),(499,'playerVirtual5','playerVirtual5_603c71eb8e',4,'2018-03-04 03:47:13',NULL,0),(500,'playerVirtual5','playerVirtual5_4246147567',1,'2018-03-04 03:47:16',NULL,0),(501,'playerVirtual12','playerVirtual12_4246147567',0,'2018-03-04 03:48:18',NULL,0),(502,'playerVirtual12','playerVirtual12_df7e3d2b3e',4,'2018-03-04 03:48:18',NULL,0),(503,'playerVirtual12','playerVirtual12_4246147567',0,'2018-03-04 03:48:19',NULL,0),(504,'playerVirtual16','playerVirtual16_6344084916',0,'2018-03-04 03:48:32',NULL,0),(505,'playerVirtual16','playerVirtual16_6344084916',0,'2018-03-04 03:48:32',NULL,0),(506,'playerVirtual17','playerVirtual17_4246147567',0,'2018-03-04 03:49:13',NULL,0),(507,'playerVirtual17','playerVirtual17_373cc8a0f8',3,'2018-03-04 03:49:14',NULL,0),(508,'playerVirtual10','playerVirtual10_4246147567',0,'2018-03-04 03:49:28',NULL,0),(509,'playerVirtual10','playerVirtual10_32a13d38bf',4,'2018-03-04 03:49:28',NULL,0),(510,'playerVirtual10','playerVirtual10_4246147567',0,'2018-03-04 03:49:29',NULL,0),(511,'playerVirtual16','playerVirtual16_ea2ad56a13',4,'2018-03-04 03:49:32',NULL,0),(512,'playerVirtual17','playerVirtual17_eee67e20ed',4,'2018-03-04 03:50:15',NULL,0),(513,'playerVirtual13','playerVirtual13_4246147567',1,'2018-03-04 03:51:34',NULL,0),(514,'playerVirtual13','playerVirtual13_1cfe1eb76f',4,'2018-03-04 03:51:35',NULL,0),(515,'playerVirtual13','playerVirtual13_4246147567',1,'2018-03-04 03:51:35',NULL,0),(516,'playerVirtual2','playerVirtual2_4246147567',1,'2018-03-04 03:53:16',NULL,0),(517,'playerVirtual2','playerVirtual2_ce32640832',3,'2018-03-04 03:53:16',NULL,0),(518,'playerVirtual2','playerVirtual2_4246147567',1,'2018-03-04 03:53:16',NULL,0),(519,'playerVirtual7','playerVirtual7_97b082a61c',3,'2018-03-04 03:54:17',NULL,0),(520,'playerVirtual14','playerVirtual14_4246147567',0,'2018-03-04 03:55:59',NULL,0),(521,'playerVirtual14','playerVirtual14_3c5b84fa03',3,'2018-03-04 03:56:00',NULL,0),(522,'playerVirtual14','playerVirtual14_4246147567',0,'2018-03-04 03:56:00',NULL,0),(523,'playerVirtual18','playerVirtual18_4246147567',0,'2018-03-04 03:56:01',NULL,0),(524,'playerVirtual18','playerVirtual18_4246147567',0,'2018-03-04 03:56:02',NULL,0),(525,'playerVirtual18','playerVirtual18_581de36edb',3,'2018-03-04 03:57:02',NULL,0),(526,'playerVirtual3','playerVirtual3_5068098508',1,'2018-03-04 03:57:53',NULL,0),(527,'playerVirtual3','playerVirtual3_107e7471fd',3,'2018-03-04 03:57:53',NULL,0),(528,'playerVirtual3','playerVirtual3_5068098508',1,'2018-03-04 03:57:53',NULL,0),(529,'playerVirtual18','playerVirtual18_4246147567',1,'2018-03-04 03:58:03',NULL,0),(530,'playerVirtual18','playerVirtual18_5fe89c34ca',4,'2018-03-04 03:58:03',NULL,0),(531,'playerVirtual18','playerVirtual18_4246147567',1,'2018-03-04 03:58:03',NULL,0),(532,'playerVirtual4','playerVirtual4_4246147567',1,'2018-03-04 03:58:23',NULL,0),(533,'playerVirtual4','playerVirtual4_3f9aea5046',4,'2018-03-04 03:58:24',NULL,0),(534,'playerVirtual4','playerVirtual4_4246147567',1,'2018-03-04 03:58:24',NULL,0),(535,'playerVirtual11','playerVirtual11_1436344784',1,'2018-03-04 03:58:25',NULL,0),(536,'playerVirtual11','playerVirtual11_755f277ee6',4,'2018-03-04 03:58:25',NULL,0),(537,'playerVirtual11','playerVirtual11_1436344784',1,'2018-03-04 03:58:25',NULL,0),(538,'playerVirtual10','playerVirtual10_4246147567',1,'2018-03-04 03:59:07',NULL,0),(539,'playerVirtual10','playerVirtual10_7a94074037',3,'2018-03-04 03:59:07',NULL,0),(540,'playerVirtual10','playerVirtual10_4246147567',1,'2018-03-04 03:59:07',NULL,0),(541,'playerVirtual6','playerVirtual6_4246147567',1,'2018-03-04 03:59:09',NULL,0),(542,'playerVirtual6','playerVirtual6_7bd2d0844b',4,'2018-03-04 03:59:09',NULL,0),(543,'playerVirtual6','playerVirtual6_4246147567',1,'2018-03-04 03:59:09',NULL,0),(544,'playerVirtual8','playerVirtual8_4246147567',0,'2018-03-04 03:59:35',NULL,0),(545,'playerVirtual8','playerVirtual8_b3a0dfb4c0',3,'2018-03-04 03:59:35',NULL,0),(546,'playerVirtual8','playerVirtual8_4246147567',0,'2018-03-04 03:59:36',NULL,0),(547,'playerVirtual12','playerVirtual12_4246147567',1,'2018-03-04 04:01:41',NULL,0),(548,'playerVirtual12','playerVirtual12_f0b82c2110',3,'2018-03-04 04:01:41',NULL,0),(549,'playerVirtual12','playerVirtual12_4246147567',1,'2018-03-04 04:01:41',NULL,0),(550,'playerVirtual15','playerVirtual15_4246147567',0,'2018-03-04 04:02:19',NULL,0),(551,'playerVirtual15','playerVirtual15_b76cc6447f',3,'2018-03-04 04:02:19',NULL,0),(552,'playerVirtual15','playerVirtual15_4246147567',0,'2018-03-04 04:02:19',NULL,0),(553,'playerVirtual14','playerVirtual14_bbf6e4d3b3',4,'2018-03-04 04:02:36',NULL,0),(554,'playerVirtual9','playerVirtual9_990694203',0,'2018-03-04 04:02:40',NULL,0),(555,'playerVirtual9','playerVirtual9_990694203',0,'2018-03-04 04:02:41',NULL,0),(556,'playerVirtual15','playerVirtual15_4246147567',1,'2018-03-04 04:03:33',NULL,0),(557,'playerVirtual15','playerVirtual15_edcba432f0',4,'2018-03-04 04:03:34',NULL,0),(558,'playerVirtual15','playerVirtual15_4246147567',1,'2018-03-04 04:03:34',NULL,0),(559,'playerVirtual19','playerVirtual19_4246147567',0,'2018-03-04 04:03:40',NULL,0),(560,'playerVirtual19','playerVirtual19_846e2631a9',3,'2018-03-04 04:03:40',NULL,0),(561,'playerVirtual19','playerVirtual19_4246147567',0,'2018-03-04 04:03:40',NULL,0),(562,'playerVirtual9','playerVirtual9_3510168444',4,'2018-03-04 04:03:40',NULL,0),(563,'playerVirtual19','playerVirtual19_4246147567',1,'2018-03-04 04:04:41',NULL,0),(564,'playerVirtual19','playerVirtual19_b63b720c67',4,'2018-03-04 04:04:41',NULL,0),(565,'playerVirtual19','playerVirtual19_4246147567',1,'2018-03-04 04:04:42',NULL,0),(566,'playerVirtual5','playerVirtual5_4246147567',0,'2018-03-04 04:09:25',NULL,0),(567,'playerVirtual5','playerVirtual5_c2f6c54238',3,'2018-03-04 04:09:25',NULL,0),(568,'playerVirtual5','playerVirtual5_4246147567',0,'2018-03-04 04:09:30',NULL,0),(569,'playerVirtual8','playerVirtual8_4246147567',1,'2018-03-04 04:11:51',NULL,0),(570,'playerVirtual8','playerVirtual8_41c4e04940',4,'2018-03-04 04:11:51',NULL,0),(571,'playerVirtual8','playerVirtual8_4246147567',1,'2018-03-04 04:11:51',NULL,0),(572,'playerVirtual2','playerVirtual2_272887063',1,'2018-03-04 04:12:07',NULL,0),(573,'playerVirtual2','playerVirtual2_502559f344',4,'2018-03-04 04:12:08',NULL,0),(574,'playerVirtual2','playerVirtual2_272887063',1,'2018-03-04 04:12:08',NULL,0),(575,'playerVirtual13','playerVirtual13_4246147567',0,'2018-03-04 04:12:28',NULL,0),(576,'playerVirtual13','playerVirtual13_5034ab93c8',3,'2018-03-04 04:12:28',NULL,0),(577,'playerVirtual13','playerVirtual13_4246147567',0,'2018-03-04 04:12:29',NULL,0),(578,'playerVirtual7','playerVirtual7_6566788',0,'2018-03-04 04:12:31',NULL,0),(579,'playerVirtual16','playerVirtual16_272887063',0,'2018-03-04 04:12:58',NULL,0),(580,'playerVirtual16','playerVirtual16_272887063',0,'2018-03-04 04:12:59',NULL,0),(581,'playerVirtual4','playerVirtual4_4246147567',0,'2018-03-04 04:13:24',NULL,0),(582,'playerVirtual4','playerVirtual4_9147b1a0e8',3,'2018-03-04 04:13:24',NULL,0),(583,'playerVirtual4','playerVirtual4_4246147567',0,'2018-03-04 04:13:24',NULL,0),(584,'playerVirtual3','playerVirtual3_4246147567',0,'2018-03-04 04:13:29',NULL,0),(585,'playerVirtual3','playerVirtual3_bc66844ae1',4,'2018-03-04 04:13:30',NULL,0),(586,'playerVirtual3','playerVirtual3_4246147567',0,'2018-03-04 04:13:30',NULL,0),(587,'playerVirtual7','playerVirtual7_c48d2b1e86',4,'2018-03-04 04:13:31',NULL,0),(588,'playerVirtual11','playerVirtual11_6566788',0,'2018-03-04 04:13:59',NULL,0),(589,'playerVirtual16','playerVirtual16_bba8cb99bf',3,'2018-03-04 04:13:59',NULL,0),(590,'playerVirtual11','playerVirtual11_6566788',0,'2018-03-04 04:13:59',NULL,0),(591,'playerVirtual9','playerVirtual9_990694203',1,'2018-03-04 04:14:11',NULL,0),(592,'playerVirtual9','playerVirtual9_5b76940ebd',3,'2018-03-04 04:14:11',NULL,0),(593,'playerVirtual9','playerVirtual9_990694203',1,'2018-03-04 04:14:11',NULL,0),(594,'playerVirtual11','playerVirtual11_41fa66d188',3,'2018-03-04 04:14:59',NULL,0),(595,'playerVirtual5','playerVirtual5_4246147567',1,'2018-03-04 04:15:12',NULL,0),(596,'playerVirtual5','playerVirtual5_983f4f2e09',4,'2018-03-04 04:15:12',NULL,0),(597,'playerVirtual5','playerVirtual5_4246147567',1,'2018-03-04 04:15:12',NULL,0),(598,'playerVirtual6','playerVirtual6_16917741',0,'2018-03-04 04:16:14',NULL,0),(599,'playerVirtual6','playerVirtual6_16917741',0,'2018-03-04 04:16:14',NULL,0);
/*!40000 ALTER TABLE `REQUEST` ENABLE KEYS */;
UNLOCK TABLES;

--
-- Table structure for table `STATUS`
--

DROP TABLE IF EXISTS `STATUS`;
/*!40101 SET @saved_cs_client     = @@character_set_client */;
/*!40101 SET character_set_client = utf8 */;
CREATE TABLE `STATUS` (
  `id` int(11) NOT NULL AUTO_INCREMENT,
  `players` int(11) DEFAULT '0',
  `all_requests` int(11) DEFAULT '0',
  `accepts` int(11) DEFAULT '0',
  `rejects` int(11) DEFAULT '0',
  `fairness` float DEFAULT '0',
  `timestamp` timestamp NULL DEFAULT NULL,
  PRIMARY KEY (`id`)
) ENGINE=InnoDB AUTO_INCREMENT=32 DEFAULT CHARSET=utf8;
/*!40101 SET character_set_client = @saved_cs_client */;

--
-- Dumping data for table `STATUS`
--

LOCK TABLES `STATUS` WRITE;
/*!40000 ALTER TABLE `STATUS` DISABLE KEYS */;
INSERT INTO `STATUS` VALUES (1,0,0,0,0,0,'2018-03-04 01:46:33'),(2,2,4,3,1,0.75,'2018-03-04 01:51:33'),(3,3,10,8,2,0.8,'2018-03-04 01:56:33'),(4,5,15,10,5,0.666667,'2018-03-04 02:01:33'),(5,6,22,14,8,0.636364,'2018-03-04 02:06:34'),(6,8,27,18,9,0.666667,'2018-03-04 02:11:34'),(7,9,35,25,10,0.714286,'2018-03-04 02:16:34'),(8,10,40,30,10,0.75,'2018-03-04 02:21:34'),(9,12,46,35,11,0.76087,'2018-03-04 02:26:34'),(10,13,52,39,13,0.75,'2018-03-04 02:31:34'),(11,15,57,42,15,0.736842,'2018-03-04 02:36:34'),(12,16,65,49,16,0.753846,'2018-03-04 02:41:34'),(13,18,70,53,17,0.757143,'2018-03-04 02:46:35'),(14,19,73,56,17,0.767123,'2018-03-04 02:51:35'),(15,20,76,59,17,0.776316,'2018-03-04 02:56:35'),(16,22,80,63,17,0.7875,'2018-03-04 03:01:35'),(17,23,82,64,18,0.780488,'2018-03-04 03:06:35'),(18,24,90,71,19,0.788889,'2018-03-04 03:11:35'),(19,25,91,71,20,0.78022,'2018-03-04 03:16:35'),(20,26,96,75,21,0.78125,'2018-03-04 03:21:35'),(21,26,97,76,21,0.783505,'2018-03-04 03:26:36'),(22,26,100,77,23,0.77,'2018-03-04 03:31:36'),(23,26,105,81,24,0.771429,'2018-03-04 03:36:36'),(24,26,106,81,25,0.764151,'2018-03-04 03:41:36'),(25,26,112,86,26,0.767857,'2018-03-04 03:46:36'),(26,26,115,89,26,0.773913,'2018-03-04 03:51:36'),(27,26,117,91,26,0.777778,'2018-03-04 03:56:36'),(28,26,118,91,27,0.771186,'2018-03-04 04:01:36'),(29,26,121,94,27,0.77686,'2018-03-04 04:06:37'),(30,26,122,95,27,0.778689,'2018-03-04 04:11:37'),(31,26,128,99,29,0.773438,'2018-03-04 04:16:37');
/*!40000 ALTER TABLE `STATUS` ENABLE KEYS */;
UNLOCK TABLES;

--
-- Table structure for table `THRESHOLD`
--

DROP TABLE IF EXISTS `THRESHOLD`;
/*!40101 SET @saved_cs_client     = @@character_set_client */;
/*!40101 SET character_set_client = utf8 */;
CREATE TABLE `THRESHOLD` (
  `division` int(11) NOT NULL,
  `botton` float DEFAULT '0',
  `top` float DEFAULT '0',
  PRIMARY KEY (`division`)
) ENGINE=InnoDB DEFAULT CHARSET=utf8;
/*!40101 SET character_set_client = @saved_cs_client */;

--
-- Dumping data for table `THRESHOLD`
--

LOCK TABLES `THRESHOLD` WRITE;
/*!40000 ALTER TABLE `THRESHOLD` DISABLE KEYS */;
INSERT INTO `THRESHOLD` VALUES (1,8.76,20),(2,4.38,8.76),(3,0,4.38);
/*!40000 ALTER TABLE `THRESHOLD` ENABLE KEYS */;
UNLOCK TABLES;

--
-- Table structure for table `VM`
--

DROP TABLE IF EXISTS `VM`;
/*!40101 SET @saved_cs_client     = @@character_set_client */;
/*!40101 SET character_set_client = utf8 */;
CREATE TABLE `VM` (
  `id` int(11) NOT NULL AUTO_INCREMENT,
  `origin_add` varchar(45) NOT NULL,
  `origin_id` varchar(45) NOT NULL,
  `origin_name` varchar(45) NOT NULL,
  `destiny_add` varchar(45) NOT NULL,
  `destiny_name` varchar(45) NOT NULL,
  `destiny_id` varchar(45) NOT NULL,
  `status` tinyint(1) NOT NULL,
  `has_resources` tinyint(1) NOT NULL,
  `vcpus` int(11) NOT NULL,
  `mem` bigint(20) NOT NULL,
  `disk` bigint(20) NOT NULL,
  `timestamp_received` timestamp NULL DEFAULT NULL,
  `timestamp_finished` timestamp NULL DEFAULT NULL,
  PRIMARY KEY (`id`)
) ENGINE=InnoDB AUTO_INCREMENT=129 DEFAULT CHARSET=utf8;
/*!40101 SET character_set_client = @saved_cs_client */;

--
-- Dumping data for table `VM`
--

LOCK TABLES `VM` WRITE;
/*!40000 ALTER TABLE `VM` DISABLE KEYS */;
INSERT INTO `VM` VALUES (1,'192.168.0.200','playerVirtual1_450512000','playerVirtual1','192.168.0.200','playerVirtual2','playerVirtual2_977917ce62',1,1,1,2048,20,'2018-03-04 01:48:57',NULL),(2,'192.168.0.200','playerVirtual2_1438244924','playerVirtual2','192.168.0.200','playerVirtual1','playerVirtual1_947c9f630a',3,1,1,2048,20,'2018-03-04 01:49:00','2018-03-04 02:50:53'),(3,'192.168.0.200','playerVirtual1_640692267','playerVirtual1','192.168.0.200','playerVirtual2','playerVirtual2_16f93f4a23',1,1,1,512,1,'2018-03-04 01:51:03',NULL),(4,'192.168.0.200','playerVirtual2_2381571381','playerVirtual2','192.168.0.200','playerVirtual1','playerVirtual2_2381571381',0,0,1,2048,20,'2018-03-04 01:51:04','2018-03-04 01:51:04'),(5,'192.168.0.200','playerVirtual1_5297461910','playerVirtual1','192.168.0.200','playerVirtual3','playerVirtual3_d686453c10',1,1,1,512,1,'2018-03-04 01:53:07',NULL),(6,'192.168.0.200','playerVirtual2_2790332778','playerVirtual2','192.168.0.200','playerVirtual3','playerVirtual3_8fdb4a0e59',1,1,2,4096,40,'2018-03-04 01:53:12',NULL),(7,'192.168.0.200','playerVirtual3_369721705','playerVirtual3','192.168.0.200','playerVirtual2','playerVirtual2_8eb756751b',1,1,2,4096,40,'2018-03-04 01:54:07',NULL),(8,'192.168.0.200','playerVirtual1_317469422','playerVirtual1','192.168.0.200','playerVirtual2','playerVirtual2_534c772223',1,1,2,4096,40,'2018-03-04 01:55:16',NULL),(9,'192.168.0.200','playerVirtual2_6955737','playerVirtual2','192.168.0.200','playerVirtual1','playerVirtual2_6955737',0,0,1,2048,20,'2018-03-04 01:55:17','2018-03-04 01:55:17'),(10,'192.168.0.200','playerVirtual3_257338104','playerVirtual3','192.168.0.200','playerVirtual2','playerVirtual2_d5be0811ce',1,1,2,4096,40,'2018-03-04 01:56:08',NULL),(11,'192.168.0.200','playerVirtual2_2433236783','playerVirtual2','192.168.0.200','playerVirtual3','playerVirtual2_2433236783',0,0,1,2048,20,'2018-03-04 01:57:26','2018-03-04 01:57:26'),(12,'192.168.0.200','playerVirtual3_3338579772','playerVirtual3','192.168.0.200','playerVirtual4','playerVirtual4_be1adffa55',3,1,1,2048,20,'2018-03-04 01:58:21','2018-03-04 02:47:37'),(13,'192.168.0.200','playerVirtual2_2359368952','playerVirtual2','192.168.0.200','playerVirtual0','playerVirtual2_2359368952',0,1,1,512,1,'2018-03-04 01:59:42','2018-03-04 01:59:42'),(14,'192.168.0.200','playerVirtual3_16917741','playerVirtual3','192.168.0.200','playerVirtual4','playerVirtual4_cf9e2069ad',1,1,1,512,1,'2018-03-04 02:00:36',NULL),(15,'192.168.0.200','playerVirtual4_2545640208','playerVirtual4','192.168.0.200','playerVirtual0','playerVirtual4_2545640208',0,1,1,2048,20,'2018-03-04 02:01:32','2018-03-04 02:01:32'),(16,'192.168.0.200','playerVirtual0_908315','playerVirtual0','192.168.0.200','playerVirtual4','playerVirtual4_d64179675a',1,1,1,2048,20,'2018-03-04 02:01:40',NULL),(17,'192.168.0.200','playerVirtual2_539194189','playerVirtual2','192.168.0.200','playerVirtual0','playerVirtual2_539194189',0,1,1,2048,20,'2018-03-04 02:02:12','2018-03-04 02:02:12'),(18,'192.168.0.200','playerVirtual3_4820204870','playerVirtual3','192.168.0.200','playerVirtual5','playerVirtual5_951fce065f',3,1,2,4096,40,'2018-03-04 02:03:49','2018-03-04 02:32:11'),(19,'192.168.0.200','playerVirtual4_8058564','playerVirtual4','192.168.0.200','playerVirtual0','playerVirtual4_8058564',0,1,1,2048,20,'2018-03-04 02:05:27','2018-03-04 02:05:27'),(20,'192.168.0.200','playerVirtual0_1429160667','playerVirtual0','192.168.0.200','playerVirtual4','playerVirtual4_50aaef3cc0',1,1,1,2048,20,'2018-03-04 02:05:42',NULL),(21,'192.168.0.200','playerVirtual2_82730999','playerVirtual2','192.168.0.200','playerVirtual5','playerVirtual5_0462583b4d',1,1,1,512,1,'2018-03-04 02:06:05',NULL),(22,'192.168.0.200','playerVirtual5_3338010893','playerVirtual5','192.168.0.200','playerVirtual0','playerVirtual5_3338010893',0,1,1,512,1,'2018-03-04 02:06:17','2018-03-04 02:06:17'),(23,'192.168.0.200','playerVirtual3_351652724','playerVirtual3','192.168.0.200','playerVirtual4','playerVirtual4_d24558a57e',1,1,1,2048,20,'2018-03-04 02:07:01',NULL),(24,'192.168.0.200','playerVirtual4_6571218','playerVirtual4','192.168.0.200','playerVirtual5','playerVirtual5_0425d8e06e',1,1,1,2048,20,'2018-03-04 02:07:57',NULL),(25,'192.168.0.200','playerVirtual5_1339662','playerVirtual5','192.168.0.200','playerVirtual6','playerVirtual6_2bed8bfbe9',1,1,1,2048,20,'2018-03-04 02:08:31',NULL),(26,'192.168.0.200','playerVirtual2_1436344784','playerVirtual2','192.168.0.200','playerVirtual4','playerVirtual4_11c59675ec',3,1,1,2048,20,'2018-03-04 02:08:43','2018-03-04 03:08:30'),(27,'192.168.0.200','playerVirtual3_284794223','playerVirtual3','192.168.0.200','playerVirtual1404','playerVirtual3_284794223',0,1,1,2048,20,'2018-03-04 02:10:21','2018-03-04 02:10:21'),(28,'192.168.0.200','playerVirtual4_359920779','playerVirtual4','192.168.0.200','playerVirtual5','playerVirtual5_5dde6859eb',3,1,1,512,1,'2018-03-04 02:11:59','2018-03-04 03:32:13'),(29,'192.168.0.200','playerVirtual2_2904109077','playerVirtual2','192.168.0.200','playerVirtual6','playerVirtual6_b26751d08b',1,1,1,512,1,'2018-03-04 02:12:39',NULL),(30,'192.168.0.200','playerVirtual5_904011','playerVirtual5','192.168.0.200','playerVirtual4','playerVirtual4_1d71639674',3,1,1,2048,20,'2018-03-04 02:12:51','2018-03-04 03:21:57'),(31,'192.168.0.200','playerVirtual6_1093460','playerVirtual6','192.168.0.200','playerVirtual7','playerVirtual7_9877ccfcd6',1,1,1,512,1,'2018-03-04 02:13:34',NULL),(32,'192.168.0.200','playerVirtual3_905614','playerVirtual3','192.168.0.200','playerVirtual1404','playerVirtual3_905614',0,1,1,2048,20,'2018-03-04 02:13:35','2018-03-04 02:13:35'),(33,'192.168.0.200','playerVirtual4_470485660','playerVirtual4','192.168.0.200','playerVirtual5','playerVirtual5_179e19d663',1,1,2,4096,40,'2018-03-04 02:14:34',NULL),(34,'192.168.0.200','playerVirtual5_5792765','playerVirtual5','192.168.0.200','playerVirtual6','playerVirtual6_008a153596',1,1,1,512,1,'2018-03-04 02:15:12',NULL),(35,'192.168.0.200','playerVirtual2_30788568','playerVirtual2','192.168.0.200','playerVirtual4','playerVirtual4_c9779ba0c8',1,1,1,512,1,'2018-03-04 02:15:23',NULL),(36,'192.168.0.200','playerVirtual3_400453824','playerVirtual3','192.168.0.200','playerVirtual6','playerVirtual6_ddf1118148',1,1,1,512,1,'2018-03-04 02:17:09',NULL),(37,'192.168.0.200','playerVirtual6_38671842','playerVirtual6','192.168.0.200','playerVirtual8','playerVirtual8_5cdf4bdb19',1,1,1,512,1,'2018-03-04 02:18:20',NULL),(38,'192.168.0.200','playerVirtual4_4819935267','playerVirtual4','192.168.0.200','playerVirtual6','playerVirtual6_f50d79fb81',1,1,2,4096,40,'2018-03-04 02:18:56',NULL),(39,'192.168.0.200','playerVirtual2_6264344062','playerVirtual2','192.168.0.200','playerVirtual4','playerVirtual4_170ebeb353',3,1,1,512,1,'2018-03-04 02:19:40','2018-03-04 03:02:33'),(40,'192.168.0.200','playerVirtual5_4820217293','playerVirtual5','192.168.0.200','playerVirtual2','playerVirtual2_6543ff032c',1,1,2,4096,40,'2018-03-04 02:19:50',NULL),(41,'192.168.0.200','playerVirtual3_1095593','playerVirtual3','192.168.0.200','playerVirtual8','playerVirtual8_88ce44c1b4',3,1,1,512,1,'2018-03-04 02:22:03','2018-03-04 02:55:51'),(42,'192.168.0.200','playerVirtual6_2148750930','playerVirtual6','192.168.0.200','playerVirtual8','playerVirtual8_8b58eb781e',1,1,1,2048,20,'2018-03-04 02:22:06',NULL),(43,'192.168.0.200','playerVirtual4_563574327','playerVirtual4','192.168.0.200','playerVirtual1247','playerVirtual4_563574327',0,1,1,2048,20,'2018-03-04 02:23:10','2018-03-04 02:23:10'),(44,'192.168.0.200','playerVirtual8_227443932','playerVirtual8','192.168.0.200','playerVirtual9','playerVirtual9_1fabfec862',1,1,1,2048,20,'2018-03-04 02:23:26',NULL),(45,'192.168.0.200','playerVirtual5_16915963','playerVirtual5','192.168.0.200','playerVirtual6','playerVirtual6_583d66e87e',1,1,1,2048,20,'2018-03-04 02:23:54',NULL),(46,'192.168.0.200','playerVirtual3_272887063','playerVirtual3','192.168.0.200','playerVirtual8','playerVirtual8_408ced295f',3,1,1,2048,20,'2018-03-04 02:25:57','2018-03-04 02:35:57'),(47,'192.168.0.200','playerVirtual8_4820204870','playerVirtual8','192.168.0.200','playerVirtual1247','playerVirtual8_4820204870',0,1,2,4096,40,'2018-03-04 02:27:10','2018-03-04 02:27:10'),(48,'192.168.0.200','playerVirtual6_6274355716','playerVirtual6','192.168.0.200','playerVirtual9','playerVirtual9_f0981da89c',3,1,1,512,1,'2018-03-04 02:27:11','2018-03-04 02:54:29'),(49,'192.168.0.200','playerVirtual2_38676294','playerVirtual2','192.168.0.200','playerVirtual6','playerVirtual6_8bfed60d93',1,1,1,512,1,'2018-03-04 02:27:32',NULL),(50,'192.168.0.200','playerVirtual9_284757920','playerVirtual9','192.168.0.200','playerVirtual10','playerVirtual10_4ee23011a8',1,1,1,2048,20,'2018-03-04 02:28:46',NULL),(51,'192.168.0.200','playerVirtual4_182859403','playerVirtual4','192.168.0.200','playerVirtual8','playerVirtual8_27c116a807',3,1,1,512,1,'2018-03-04 02:28:51','2018-03-04 02:33:23'),(52,'192.168.0.200','playerVirtual5_990694203','playerVirtual5','192.168.0.200','playerVirtual1247','playerVirtual5_990694203',0,1,1,2048,20,'2018-03-04 02:30:17','2018-03-04 02:30:17'),(53,'192.168.0.200','playerVirtual6_4476462938','playerVirtual6','192.168.0.200','playerVirtual11','playerVirtual11_e30c588b41',1,1,1,2048,20,'2018-03-04 02:33:01',NULL),(54,'192.168.0.200','playerVirtual9_2359368952','playerVirtual9','192.168.0.200','playerVirtual10','playerVirtual10_85fccb4ef6',1,1,1,512,1,'2018-03-04 02:33:03',NULL),(55,'192.168.0.200','playerVirtual2_272887063','playerVirtual2','192.168.0.200','playerVirtual5','playerVirtual5_4a3d9ad2fc',3,1,1,2048,20,'2018-03-04 02:33:36','2018-03-04 04:12:08'),(56,'192.168.0.200','playerVirtual8_6280643141','playerVirtual8','192.168.0.200','playerVirtual11','playerVirtual11_6d8c8a7666',1,1,1,512,1,'2018-03-04 02:34:10',NULL),(57,'192.168.0.200','playerVirtual10_6280638724','playerVirtual10','192.168.0.200','playerVirtual1581','playerVirtual10_6280638724',0,1,1,512,1,'2018-03-04 02:35:38','2018-03-04 02:35:38'),(58,'192.168.0.200','playerVirtual6_214880781','playerVirtual6','192.168.0.200','playerVirtual12','playerVirtual12_4caca5d443',1,1,1,2048,20,'2018-03-04 02:38:37',NULL),(59,'192.168.0.200','playerVirtual8_6285257156','playerVirtual8','192.168.0.200','playerVirtual10','playerVirtual10_a9f7c4cde3',1,1,1,512,1,'2018-03-04 02:39:00',NULL),(60,'192.168.0.200','playerVirtual4_682797','playerVirtual4','192.168.0.200','playerVirtual8','playerVirtual8_f165257f84',1,1,1,2048,20,'2018-03-04 02:39:14',NULL),(61,'192.168.0.200','playerVirtual2_182859403','playerVirtual2','192.168.0.200','playerVirtual11','playerVirtual11_bbea4d0697',3,1,1,512,1,'2018-03-04 02:39:15','2018-03-04 03:17:42'),(62,'192.168.0.200','playerVirtual10_1438244924','playerVirtual10','192.168.0.200','playerVirtual1581','playerVirtual10_1438244924',0,1,1,2048,20,'2018-03-04 02:39:38','2018-03-04 02:39:38'),(63,'192.168.0.200','playerVirtual9_1094955','playerVirtual9','192.168.0.200','playerVirtual12','playerVirtual12_662bfa203d',1,1,1,512,1,'2018-03-04 02:40:13',NULL),(64,'192.168.0.200','playerVirtual5_16914091','playerVirtual5','192.168.0.200','playerVirtual10','playerVirtual10_09599eee20',1,1,1,2048,20,'2018-03-04 02:40:46',NULL),(65,'192.168.0.200','playerVirtual11_1436323714','playerVirtual11','192.168.0.200','playerVirtual8','playerVirtual8_86cb3ba32d',1,1,1,2048,20,'2018-03-04 02:41:12',NULL),(66,'192.168.0.200','playerVirtual3_6955737','playerVirtual3','192.168.0.200','playerVirtual12','playerVirtual12_b1c2010fd0',1,1,1,2048,20,'2018-03-04 02:42:47',NULL),(67,'192.168.0.200','playerVirtual4_6289355687','playerVirtual4','192.168.0.200','playerVirtual13','playerVirtual13_0936d345f5',1,1,1,512,1,'2018-03-04 02:45:42',NULL),(68,'192.168.0.200','playerVirtual11_1436344784','playerVirtual11','192.168.0.200','playerVirtual10','playerVirtual10_6d43db817a',3,1,1,2048,20,'2018-03-04 02:45:45','2018-03-04 03:58:25'),(69,'192.168.0.200','playerVirtual6_2381571381','playerVirtual6','192.168.0.200','playerVirtual8','playerVirtual8_387a3a3966',1,1,1,2048,20,'2018-03-04 02:45:54',NULL),(70,'192.168.0.200','playerVirtual9_1438244924','playerVirtual9','192.168.0.200','playerVirtual1159','playerVirtual9_1438244924',0,1,1,2048,20,'2018-03-04 02:46:32','2018-03-04 02:46:32'),(71,'192.168.0.200','playerVirtual5_6289704471','playerVirtual5','192.168.0.200','playerVirtual13','playerVirtual13_ef6cea3639',3,1,1,512,1,'2018-03-04 02:46:53','2018-03-04 03:16:07'),(72,'192.168.0.200','playerVirtual8_2378747961','playerVirtual8','192.168.0.200','playerVirtual10','playerVirtual10_bc36d4180e',3,1,1,512,1,'2018-03-04 02:47:00','2018-03-04 02:53:19'),(73,'192.168.0.200','playerVirtual12_3338579772','playerVirtual12','192.168.0.200','playerVirtual8','playerVirtual8_240c4878a7',1,1,1,2048,20,'2018-03-04 02:47:33',NULL),(74,'192.168.0.200','playerVirtual13_794070039','playerVirtual13','192.168.0.200','playerVirtual14','playerVirtual14_5af27bd979',1,1,1,512,1,'2018-03-04 02:53:56',NULL),(75,'192.168.0.200','playerVirtual4_6296268057','playerVirtual4','192.168.0.200','playerVirtual15','playerVirtual15_75bfb82427',1,1,1,512,1,'2018-03-04 02:55:08',NULL),(76,'192.168.0.200','playerVirtual12_5297461910','playerVirtual12','192.168.0.200','playerVirtual4','playerVirtual4_b242300211',1,1,1,512,1,'2018-03-04 02:56:00',NULL),(77,'192.168.0.200','playerVirtual11_6296865278','playerVirtual11','192.168.0.200','playerVirtual9','playerVirtual9_38f555d96d',1,1,1,512,1,'2018-03-04 02:57:18',NULL),(78,'192.168.0.200','playerVirtual9_6264344062','playerVirtual9','192.168.0.200','playerVirtual16','playerVirtual16_bb174f431d',1,1,1,2048,20,'2018-03-04 02:58:01',NULL),(79,'192.168.0.200','playerVirtual10_6289704471','playerVirtual10','192.168.0.200','playerVirtual13','playerVirtual13_f69625f997',3,1,1,2048,20,'2018-03-04 02:58:38','2018-03-04 03:09:17'),(80,'192.168.0.200','playerVirtual5_990694203','playerVirtual5','192.168.0.200','playerVirtual10','playerVirtual10_deaaa05dd1',1,1,1,2048,20,'2018-03-04 02:58:46',NULL),(81,'192.168.0.200','playerVirtual13_908315','playerVirtual13','192.168.0.200','playerVirtual1575','playerVirtual13_908315',0,1,1,2048,20,'2018-03-04 03:02:56','2018-03-04 03:02:56'),(82,'192.168.0.200','playerVirtual6_182859403','playerVirtual6','192.168.0.200','playerVirtual17','playerVirtual17_c4f5431dd4',1,1,1,512,1,'2018-03-04 03:05:42',NULL),(83,'192.168.0.200','playerVirtual3_539194189','playerVirtual3','192.168.0.200','playerVirtual8','playerVirtual8_c9f1440691',1,1,1,2048,20,'2018-03-04 03:06:37',NULL),(84,'192.168.0.200','playerVirtual8_6274355716','playerVirtual8','192.168.0.200','playerVirtual14','playerVirtual14_1d6c732c8b',1,1,1,512,1,'2018-03-04 03:06:47',NULL),(85,'192.168.0.200','playerVirtual4_4246147567','playerVirtual4','192.168.0.200','playerVirtual18','playerVirtual18_dae9d9ff7c',3,1,2,4096,40,'2018-03-04 03:08:13','2018-03-04 03:58:24'),(86,'192.168.0.200','playerVirtual11_4246147567','playerVirtual11','192.168.0.200','playerVirtual15','playerVirtual15_f43fc1f385',3,1,2,4096,40,'2018-03-04 03:08:53','2018-03-04 03:44:14'),(87,'192.168.0.200','playerVirtual9_4246147567','playerVirtual9','192.168.0.200','playerVirtual16','playerVirtual16_db1dbe4e50',3,1,2,4096,40,'2018-03-04 03:09:52','2018-03-04 03:45:23'),(88,'192.168.0.200','playerVirtual15_1095593','playerVirtual15','192.168.0.200','playerVirtual13','playerVirtual13_a9a5240022',3,1,1,512,1,'2018-03-04 03:10:12','2018-03-04 03:12:21'),(89,'192.168.0.200','playerVirtual12_6289704471','playerVirtual12','192.168.0.200','playerVirtual10','playerVirtual10_d913e8285e',1,1,1,2048,20,'2018-03-04 03:10:23',NULL),(90,'192.168.0.200','playerVirtual14_2378747961','playerVirtual14','192.168.0.200','playerVirtual1575','playerVirtual14_2378747961',0,1,1,512,1,'2018-03-04 03:10:51','2018-03-04 03:10:51'),(91,'192.168.0.200','playerVirtual8_4246147567','playerVirtual8','192.168.0.200','playerVirtual19','playerVirtual19_fba78da2c0',3,1,2,4096,40,'2018-03-04 03:16:20','2018-03-04 04:11:51'),(92,'192.168.0.200','playerVirtual6_6316827871','playerVirtual6','192.168.0.200','playerVirtual4','playerVirtual4_9399cdd36e',1,1,1,512,1,'2018-03-04 03:17:26',NULL),(93,'192.168.0.200','playerVirtual13_4246147567','playerVirtual13','192.168.0.200','playerVirtual11','playerVirtual11_56fabdbfe8',3,1,2,4096,40,'2018-03-04 03:17:43','2018-03-04 03:51:35'),(94,'192.168.0.200','playerVirtual16_4246147567','playerVirtual16','192.168.0.200','playerVirtual8','playerVirtual8_f0d6d070a9',3,1,2,4096,40,'2018-03-04 03:17:54','2018-03-04 03:19:56'),(95,'192.168.0.200','playerVirtual3_5068098508','playerVirtual3','192.168.0.200','playerVirtual14','playerVirtual14_2c92bc5922',3,1,1,2048,20,'2018-03-04 03:18:51','2018-03-04 03:57:53'),(96,'192.168.0.200','playerVirtual12_4246147567','playerVirtual12','192.168.0.200','playerVirtual18','playerVirtual18_cc9969708e',3,1,2,4096,40,'2018-03-04 03:20:43','2018-03-04 04:01:41'),(97,'192.168.0.200','playerVirtual10_4246147567','playerVirtual10','192.168.0.200','playerVirtual15','playerVirtual15_128671de58',3,1,2,4096,40,'2018-03-04 03:22:03','2018-03-04 03:59:07'),(98,'192.168.0.200','playerVirtual14_4246147567','playerVirtual14','192.168.0.200','playerVirtual1857','playerVirtual14_4246147567',0,1,2,4096,40,'2018-03-04 03:28:11','2018-03-04 03:28:11'),(99,'192.168.0.200','playerVirtual18_990694203','playerVirtual18','192.168.0.200','playerVirtual16','playerVirtual16_df0ff932a0',3,1,1,2048,20,'2018-03-04 03:29:18','2018-03-04 03:31:23'),(100,'192.168.0.200','playerVirtual6_6322213339','playerVirtual6','192.168.0.200','playerVirtual13','playerVirtual13_db6d70bacf',1,1,1,512,1,'2018-03-04 03:31:11',NULL),(101,'192.168.0.200','playerVirtual3_4246147567','playerVirtual3','192.168.0.200','playerVirtual10','playerVirtual10_3cdb7e01bc',3,1,2,4096,40,'2018-03-04 03:32:11','2018-03-04 03:44:25'),(102,'192.168.0.200','playerVirtual11_4246147567','playerVirtual11','192.168.0.200','playerVirtual5','playerVirtual5_d6833c459d',3,1,2,4096,40,'2018-03-04 03:33:41','2018-03-04 03:44:14'),(103,'192.168.0.200','playerVirtual15_4246147567','playerVirtual15','192.168.0.200','playerVirtual19','playerVirtual19_94def4af80',3,1,2,4096,40,'2018-03-04 03:34:13','2018-03-04 04:03:34'),(104,'192.168.0.200','playerVirtual9_4246147567','playerVirtual9','192.168.0.200','playerVirtual14','playerVirtual14_6e84765a92',3,1,2,4096,40,'2018-03-04 03:34:53','2018-03-04 03:45:23'),(105,'192.168.0.200','playerVirtual19_4246147567','playerVirtual19','192.168.0.200','playerVirtual18','playerVirtual18_f4579e3ee1',3,1,2,4096,40,'2018-03-04 03:35:20','2018-03-04 04:04:42'),(106,'192.168.0.200','playerVirtual5_4246147567','playerVirtual5','192.168.0.200','playerVirtual4','playerVirtual4_563e646f61',3,1,2,4096,40,'2018-03-04 03:40:22','2018-03-04 04:15:12'),(107,'192.168.0.200','playerVirtual16_359920779','playerVirtual16','192.168.0.200','playerVirtual1857','playerVirtual16_359920779',0,1,1,512,1,'2018-03-04 03:42:38','2018-03-04 03:42:38'),(108,'192.168.0.200','playerVirtual2_4246147567','playerVirtual2','192.168.0.200','playerVirtual11','playerVirtual11_f3c44708ed',3,1,2,4096,40,'2018-03-04 03:42:48','2018-03-04 03:53:16'),(109,'192.168.0.200','playerVirtual8_6335261139','playerVirtual8','192.168.0.200','playerVirtual15','playerVirtual15_562ae7ce39',1,1,1,512,1,'2018-03-04 03:43:04',NULL),(110,'192.168.0.200','playerVirtual13_4246147567','playerVirtual13','192.168.0.200','playerVirtual8','playerVirtual8_edd37ba302',3,1,2,4096,40,'2018-03-04 03:43:35','2018-03-04 03:51:35'),(111,'192.168.0.200','playerVirtual4_4246147567','playerVirtual4','192.168.0.200','playerVirtual16','playerVirtual16_e56f980ae3',3,1,2,4096,40,'2018-03-04 03:43:50','2018-03-04 03:58:24'),(112,'192.168.0.200','playerVirtual6_4246147567','playerVirtual6','192.168.0.200','playerVirtual13','playerVirtual13_4a9949a2d0',3,1,2,4096,40,'2018-03-04 03:45:24','2018-03-04 03:59:09'),(113,'192.168.0.200','playerVirtual12_4246147567','playerVirtual12','192.168.0.200','playerVirtual19','playerVirtual19_1c513cf713',3,1,2,4096,40,'2018-03-04 03:48:19','2018-03-04 04:01:41'),(114,'192.168.0.200','playerVirtual16_6344084916','playerVirtual16','192.168.0.200','playerVirtual19','playerVirtual19_b74e0ea4b8',1,1,1,512,1,'2018-03-04 03:48:32',NULL),(115,'192.168.0.200','playerVirtual10_4246147567','playerVirtual10','192.168.0.200','playerVirtual5','playerVirtual5_8e20766257',3,1,2,4096,40,'2018-03-04 03:49:29','2018-03-04 03:59:07'),(116,'192.168.0.200','playerVirtual14_4246147567','playerVirtual14','192.168.0.200','playerVirtual10','playerVirtual10_0da9c59bbd',1,1,2,4096,40,'2018-03-04 03:56:00',NULL),(117,'192.168.0.200','playerVirtual18_4246147567','playerVirtual18','192.168.0.200','playerVirtual14','playerVirtual14_3241900c46',3,1,2,4096,40,'2018-03-04 03:56:02','2018-03-04 03:58:03'),(118,'192.168.0.200','playerVirtual8_4246147567','playerVirtual8','192.168.0.200','playerVirtual18','playerVirtual18_f94dd4d4a5',3,1,2,4096,40,'2018-03-04 03:59:36','2018-03-04 04:11:51'),(119,'192.168.0.200','playerVirtual15_4246147567','playerVirtual15','192.168.0.200','playerVirtual4','playerVirtual4_fb8f5d74c4',3,1,2,4096,40,'2018-03-04 04:02:19','2018-03-04 04:03:34'),(120,'192.168.0.200','playerVirtual9_990694203','playerVirtual9','192.168.0.200','playerVirtual16','playerVirtual16_b68d9959e3',3,1,1,2048,20,'2018-03-04 04:02:41','2018-03-04 04:14:11'),(121,'192.168.0.200','playerVirtual19_4246147567','playerVirtual19','192.168.0.200','playerVirtual11','playerVirtual11_3b36806003',3,1,2,4096,40,'2018-03-04 04:03:40','2018-03-04 04:04:42'),(122,'192.168.0.200','playerVirtual5_4246147567','playerVirtual5','192.168.0.200','playerVirtual2','playerVirtual2_92bb17c883',3,1,2,4096,40,'2018-03-04 04:09:30','2018-03-04 04:15:12'),(123,'192.168.0.200','playerVirtual13_4246147567','playerVirtual13','192.168.0.200','playerVirtual15','playerVirtual15_a1ac734d69',1,1,2,4096,40,'2018-03-04 04:12:29',NULL),(124,'192.168.0.200','playerVirtual16_272887063','playerVirtual16','192.168.0.200','playerVirtual3','playerVirtual16_272887063',0,0,1,2048,20,'2018-03-04 04:12:59','2018-03-04 04:12:59'),(125,'192.168.0.200','playerVirtual4_4246147567','playerVirtual4','192.168.0.200','playerVirtual8','playerVirtual8_83a91db206',1,1,2,4096,40,'2018-03-04 04:13:24',NULL),(126,'192.168.0.200','playerVirtual3_4246147567','playerVirtual3','192.168.0.200','playerVirtual16','playerVirtual16_01b8227978',1,1,2,4096,40,'2018-03-04 04:13:30',NULL),(127,'192.168.0.200','playerVirtual11_6566788','playerVirtual11','192.168.0.200','playerVirtual13','playerVirtual13_0dc1817bdf',1,1,1,2048,20,'2018-03-04 04:13:59',NULL),(128,'192.168.0.200','playerVirtual6_16917741','playerVirtual6','192.168.0.200','playerVirtual19','playerVirtual19_297a351bff',1,1,1,512,1,'2018-03-04 04:16:14',NULL);
/*!40000 ALTER TABLE `VM` ENABLE KEYS */;
UNLOCK TABLES;
/*!40103 SET TIME_ZONE=@OLD_TIME_ZONE */;

/*!40101 SET SQL_MODE=@OLD_SQL_MODE */;
/*!40014 SET FOREIGN_KEY_CHECKS=@OLD_FOREIGN_KEY_CHECKS */;
/*!40014 SET UNIQUE_CHECKS=@OLD_UNIQUE_CHECKS */;
/*!40101 SET CHARACTER_SET_CLIENT=@OLD_CHARACTER_SET_CLIENT */;
/*!40101 SET CHARACTER_SET_RESULTS=@OLD_CHARACTER_SET_RESULTS */;
/*!40101 SET COLLATION_CONNECTION=@OLD_COLLATION_CONNECTION */;
/*!40111 SET SQL_NOTES=@OLD_SQL_NOTES */;

-- Dump completed on 2018-03-04  1:16:52
