-- MySQL dump 10.14  Distrib 5.5.58-MariaDB, for debian-linux-gnu (x86_64)
--
-- Host: localhost    Database: mct
-- ------------------------------------------------------
-- Server version	5.5.58-MariaDB-1ubuntu0.14.04.1

/*!40101 SET @OLD_CHARACTER_SET_CLIENT=@@CHARACTER_SET_CLIENT */;
/*!40101 SET @OLD_CHARACTER_SET_RESULTS=@@CHARACTER_SET_RESULTS */;
/*!40101 SET @OLD_COLLATION_CONNECTION=@@COLLATION_CONNECTION */;
/*!40101 SET NAMES utf8 */;
/*!40103 SET @OLD_TIME_ZONE=@@TIME_ZONE */;
/*!40103 SET TIME_ZONE='+00:00' */;
/*!40014 SET @OLD_UNIQUE_CHECKS=@@UNIQUE_CHECKS, UNIQUE_CHECKS=0 */;
/*!40014 SET @OLD_FOREIGN_KEY_CHECKS=@@FOREIGN_KEY_CHECKS, FOREIGN_KEY_CHECKS=0 */;
/*!40101 SET @OLD_SQL_MODE=@@SQL_MODE, SQL_MODE='NO_AUTO_VALUE_ON_ZERO' */;
/*!40111 SET @OLD_SQL_NOTES=@@SQL_NOTES, SQL_NOTES=0 */;

--
-- Table structure for table `FIELDS`
--

DROP TABLE IF EXISTS `FIELDS`;
/*!40101 SET @saved_cs_client     = @@character_set_client */;
/*!40101 SET character_set_client = utf8 */;
CREATE TABLE `FIELDS` (
  `operation` int(11) NOT NULL,
  `fields` varchar(45) NOT NULL,
  PRIMARY KEY (`operation`)
) ENGINE=InnoDB DEFAULT CHARSET=utf8;
/*!40101 SET character_set_client = @saved_cs_client */;

--
-- Dumping data for table `FIELDS`
--

LOCK TABLES `FIELDS` WRITE;
/*!40000 ALTER TABLE `FIELDS` DISABLE KEYS */;
INSERT INTO `FIELDS` VALUES (0,'name mem image vcpus disk uuid');
/*!40000 ALTER TABLE `FIELDS` ENABLE KEYS */;
UNLOCK TABLES;

--
-- Table structure for table `PLAYER`
--

DROP TABLE IF EXISTS `PLAYER`;
/*!40101 SET @saved_cs_client     = @@character_set_client */;
/*!40101 SET character_set_client = utf8 */;
CREATE TABLE `PLAYER` (
  `id` int(11) NOT NULL AUTO_INCREMENT,
  `name` varchar(45) NOT NULL,
  `address` varchar(45) NOT NULL,
  `division` int(11) DEFAULT NULL,
  `score` float DEFAULT '0',
  `history` int(11) DEFAULT '0',
  `fairness` float DEFAULT '0',
  `accepts` int(11) DEFAULT '0',
  `rejects` int(11) DEFAULT '0',
  `running` int(11) DEFAULT '0',
  `finished` int(11) DEFAULT '0',
  `problem_del` int(11) DEFAULT '0',
  `vcpus` int(11) DEFAULT '0',
  `memory` bigint(20) DEFAULT '0',
  `local_gb` bigint(20) DEFAULT '0',
  `vcpus_used` bigint(20) DEFAULT '0',
  `memory_used` bigint(20) DEFAULT '0',
  `local_gb_used` bigint(20) DEFAULT '0',
  `max_instance` int(11) DEFAULT '0',
  `token` varchar(45) DEFAULT NULL,
  `suspend` timestamp NULL DEFAULT NULL,
  `enabled` int(11) DEFAULT '0',
  `last_choice` timestamp NOT NULL DEFAULT '2018-01-01 02:00:00',
  `playoff` tinyint(1) DEFAULT '0',
  PRIMARY KEY (`id`)
) ENGINE=InnoDB AUTO_INCREMENT=29 DEFAULT CHARSET=utf8;
/*!40101 SET character_set_client = @saved_cs_client */;

--
-- Dumping data for table `PLAYER`
--

LOCK TABLES `PLAYER` WRITE;
/*!40000 ALTER TABLE `PLAYER` DISABLE KEYS */;
INSERT INTO `PLAYER` VALUES (1,'playerVirtual1','192.168.0.200',4,-2,0,1,1,2,0,1,0,1023,1047552,10230,0,0,0,1,'91f767ae7f1e3209e0050502a996124803e1e7d5',NULL,0,'2018-03-01 05:37:28',1),(2,'playerVirtual2','192.168.0.200',1,11.95,30,0.625,10,0,9,1,0,1023,1047552,10230,13,23552,222,9,'ad3a0f8c6a58b95a23b7167bb1b955a2d4257ff1',NULL,1,'2018-03-01 07:55:53',0),(3,'playerVirtual3','192.168.0.200',3,1.32,28,0.8,2,2,2,0,0,1023,1047552,10230,3,4608,41,2,'ddc2f1bd8724104300cf2d94cdb28e21007a1cb0',NULL,1,'2018-03-01 07:29:08',0),(4,'playerVirtual4','192.168.0.200',1,5.31,23,0.714286,12,0,6,6,0,1023,1047552,10230,5,5632,43,9,'c87a4cb7fb92d3131fbca68df8f0a0a05dd28ecd',NULL,1,'2018-03-01 07:26:27',1),(5,'playerVirtual0','192.168.0.200',4,-10,0,1,0,5,0,0,0,1023,1047552,10230,0,0,0,99,'d82db5c4d773bdc1a4906096d45ff6b4080d7f78',NULL,0,'2018-03-01 05:48:29',1),(6,'playerVirtual5','192.168.0.200',1,9.96,27,0.75,8,0,5,3,0,1023,1047552,10230,6,7680,63,5,'2f0cbfc46a7997dc4ae1fdfa6957e28e0e79efd3',NULL,1,'2018-03-01 07:22:38',0),(7,'playerVirtual6','192.168.0.200',2,8.63,25,0.909091,10,0,6,4,0,1023,1047552,10230,8,16384,160,7,'71fd84092a9e377c06f690a0b06c52f3bcae1f62',NULL,1,'2018-03-01 07:48:32',0),(8,'playerVirtual1990','192.168.0.200',4,-6,0,0,0,3,0,0,0,1023,1047552,10230,0,0,0,99,'3dc4b31829b0a81c4e1393feb1a74946333a5a51',NULL,0,'2018-03-01 05:57:33',1),(9,'playerVirtual7','192.168.0.200',3,0.33,24,0,1,1,1,0,0,1023,1047552,10230,1,512,1,1,'54616cd129c609795a6e29aabec138dcde213a11',NULL,1,'2018-03-01 07:41:45',0),(10,'playerVirtual8','192.168.0.200',1,12.62,24,1,11,0,6,5,0,1023,1047552,10230,8,13312,122,9,'3964db8e64e71bc675df4472b78ca4d473af20f2',NULL,1,'2018-03-01 07:56:52',0),(11,'playerVirtual1153','192.168.0.200',4,-4,0,0,0,2,0,0,0,1023,1047552,10230,0,0,0,99,'8faa5d2afdd08fdffd3dfe07627fb4703e1f7f65',NULL,0,'2018-03-01 06:09:16',1),(12,'playerVirtual9','192.168.0.200',3,0.33,22,0.875,2,1,2,0,0,1023,1047552,10230,2,2560,21,2,'c82d00426a155aaaeb3876dec377e32ce6cb2fac',NULL,1,'2018-03-01 07:42:04',0),(13,'playerVirtual10','192.168.0.200',2,8.63,21,0.714286,9,0,4,5,0,1023,1047552,10230,4,5120,42,8,'c23d0b57f983f0bac4beea56f928f9a642160f45',NULL,1,'2018-03-01 07:56:17',0),(14,'playerVirtual11','192.168.0.200',3,1.33,20,0.666667,3,0,3,0,0,1023,1047552,10230,3,4608,41,3,'8b076ec1a28b5fbc225d7627516130fd5d23cf82',NULL,1,'2018-03-01 06:22:58',0),(15,'playerVirtual1755','192.168.0.200',4,-4,0,0,0,2,0,0,0,1023,1047552,10230,0,0,0,99,'462fd5e2517a073d805e7e178e11bcf2d5fff81a',NULL,0,'2018-03-01 06:21:39',1),(16,'playerVirtual12','192.168.0.200',3,2.66,19,0.4,4,0,3,1,0,1023,1047552,10230,3,3072,22,3,'f86cfe1facd2eed501107e05f89974426b4ef6d6',NULL,1,'2018-03-01 07:41:42',0),(17,'playerVirtual13','192.168.0.200',2,7.97,18,0.75,7,0,2,5,0,1023,1047552,10230,3,4608,41,5,'efddf944f3efd877fb3b13811e40c763d0504e7b',NULL,1,'2018-03-01 07:55:02',0),(18,'playerVirtual1596','192.168.0.200',4,-4,0,0,0,2,0,0,0,1023,1047552,10230,0,0,0,99,'d186cd687513b88c9b1e6ecd268684976077a4c1',NULL,0,'2018-03-01 06:29:49',1),(19,'playerVirtual14','192.168.0.200',2,5.31,17,0.75,7,0,4,3,0,1023,1047552,10230,4,6656,61,5,'b4975719fd977840c767846ec1f85428d9c11bcc',NULL,1,'2018-03-01 07:55:36',0),(20,'playerVirtual15','192.168.0.200',2,6.64,16,1,6,0,4,2,0,1023,1047552,10230,4,5120,42,5,'1d6437b5aa10076a895c8577cfbcba7579942147',NULL,1,'2018-03-01 07:58:25',0),(21,'playerVirtual16','192.168.0.200',2,5.31,15,0.666667,5,0,2,3,0,1023,1047552,10230,2,1024,2,3,'187b550e49679e34e5a0587910e2266a5f761f37',NULL,1,'2018-03-01 07:55:54',0),(22,'playerVirtual1280','192.168.0.200',4,-2,0,0,0,1,0,0,0,1023,1047552,10230,0,0,0,99,'5bbe33589b1403491cd8c1f8547fc26862a9aea8',NULL,0,'2018-03-01 06:46:14',1),(23,'playerVirtual17','192.168.0.200',3,0,14,0,1,0,1,0,0,1023,1047552,10230,1,2048,20,1,'ea1d0efb99c7b0710af55c4cf6933dc6b5528f60',NULL,1,'2018-03-01 06:47:46',0),(24,'playerVirtual18','192.168.0.200',2,6.64,13,0,4,0,2,2,0,1023,1047552,10230,2,1024,2,3,'851edd706d14e3553fed51ff6061ad19d782d62e',NULL,1,'2018-03-01 07:44:54',0),(25,'playerVirtual19','192.168.0.200',2,7.3,12,0.5,4,0,1,3,0,1023,1047552,10230,1,512,1,7,'618a4de9a65cdd1bccb4ee7853f01bfffa54cdfd',NULL,1,'2018-03-01 07:48:10',0),(26,'playerVirtual1728','192.168.0.200',4,-2,0,0,0,1,0,0,0,1023,1047552,10230,0,0,0,99,'3d9219004881155d492eb3d13d56c70a33decf19',NULL,0,'2018-03-01 07:05:54',1),(27,'playerVirtual1107','192.168.0.200',4,-4,0,0,0,2,0,0,0,1023,1047552,10230,0,0,0,99,'b425cba3c379f9c4d0662dca0929aaec7a51c58f',NULL,0,'2018-03-01 07:33:06',1),(28,'playerVirtual1880','192.168.0.200',3,0,0,0,0,0,0,0,0,0,0,0,0,0,0,0,'1e513218f7cf3d18933c1b6db31ffc5b22610c0c',NULL,1,'2018-01-01 02:00:00',0);
/*!40000 ALTER TABLE `PLAYER` ENABLE KEYS */;
UNLOCK TABLES;

--
-- Table structure for table `REQUEST`
--

DROP TABLE IF EXISTS `REQUEST`;
/*!40101 SET @saved_cs_client     = @@character_set_client */;
/*!40101 SET character_set_client = utf8 */;
CREATE TABLE `REQUEST` (
  `id` int(11) NOT NULL AUTO_INCREMENT,
  `player_id` varchar(45) NOT NULL,
  `request_id` varchar(45) NOT NULL,
  `action` int(11) NOT NULL,
  `timestamp_received` timestamp NULL DEFAULT NULL,
  `timestamp_finished` timestamp NULL DEFAULT NULL,
  `status` int(11) NOT NULL,
  PRIMARY KEY (`id`)
) ENGINE=InnoDB AUTO_INCREMENT=599 DEFAULT CHARSET=utf8;
/*!40101 SET character_set_client = @saved_cs_client */;

--
-- Dumping data for table `REQUEST`
--

LOCK TABLES `REQUEST` WRITE;
/*!40000 ALTER TABLE `REQUEST` DISABLE KEYS */;
INSERT INTO `REQUEST` VALUES (1,'playerVirtual1','playerVirtual1_e9ad41b41c',4,'2018-03-01 05:30:07',NULL,0),(2,'playerVirtual2','playerVirtual2_2e18ed197f',4,'2018-03-01 05:30:08',NULL,0),(3,'playerVirtual1','playerVirtual1_450512000',0,'2018-03-01 05:31:09',NULL,0),(4,'playerVirtual1','playerVirtual1_450512000',0,'2018-03-01 05:31:09',NULL,0),(5,'playerVirtual2','playerVirtual2_1438244924',0,'2018-03-01 05:31:11',NULL,0),(6,'playerVirtual2','playerVirtual2_1438244924',0,'2018-03-01 05:31:11',NULL,0),(7,'playerVirtual1','playerVirtual1_1549033c3e',3,'2018-03-01 05:32:09',NULL,0),(8,'playerVirtual2','playerVirtual2_8560f4a946',3,'2018-03-01 05:32:11',NULL,0),(9,'playerVirtual1','playerVirtual1_640692267',0,'2018-03-01 05:33:14',NULL,0),(10,'playerVirtual1','playerVirtual1_640692267',0,'2018-03-01 05:33:14',NULL,0),(11,'playerVirtual2','playerVirtual2_2381571381',0,'2018-03-01 05:33:15',NULL,0),(12,'playerVirtual2','playerVirtual2_2381571381',0,'2018-03-01 05:33:16',NULL,0),(13,'playerVirtual1','playerVirtual1_bed51e7ea8',4,'2018-03-01 05:34:14',NULL,0),(14,'playerVirtual2','playerVirtual2_3536d7247f',4,'2018-03-01 05:34:16',NULL,0),(15,'playerVirtual3','playerVirtual3_d853da4bb3',4,'2018-03-01 05:35:12',NULL,0),(16,'playerVirtual1','playerVirtual1_5297461910',0,'2018-03-01 05:35:17',NULL,0),(17,'playerVirtual1','playerVirtual1_5297461910',0,'2018-03-01 05:35:18',NULL,0),(18,'playerVirtual2','playerVirtual2_2790332778',0,'2018-03-01 05:35:23',NULL,0),(19,'playerVirtual2','playerVirtual2_2790332778',0,'2018-03-01 05:35:23',NULL,0),(20,'playerVirtual1','playerVirtual1_bf7a5d55df',3,'2018-03-01 05:36:18',NULL,0),(21,'playerVirtual2','playerVirtual2_f6f8fc4733',3,'2018-03-01 05:36:23',NULL,0),(22,'playerVirtual3','playerVirtual3_369721705',0,'2018-03-01 05:36:24',NULL,0),(23,'playerVirtual3','playerVirtual3_369721705',0,'2018-03-01 05:36:24',NULL,0),(24,'playerVirtual3','playerVirtual3_78fbca6fd9',3,'2018-03-01 05:37:24',NULL,0),(25,'playerVirtual1','playerVirtual1_317469422',0,'2018-03-01 05:37:27',NULL,0),(26,'playerVirtual1','playerVirtual1_317469422',0,'2018-03-01 05:37:27',NULL,0),(27,'playerVirtual2','playerVirtual2_6955737',0,'2018-03-01 05:37:28',NULL,0),(28,'playerVirtual2','playerVirtual2_6955737',0,'2018-03-01 05:37:28',NULL,0),(29,'playerVirtual3','playerVirtual3_257338104',0,'2018-03-01 05:38:25',NULL,0),(30,'playerVirtual3','playerVirtual3_257338104',0,'2018-03-01 05:38:26',NULL,0),(31,'playerVirtual1','playerVirtual1_ed4b26ff57',4,'2018-03-01 05:38:27',NULL,0),(32,'playerVirtual2','playerVirtual2_17a68cf8dd',4,'2018-03-01 05:38:28',NULL,0),(33,'playerVirtual3','playerVirtual3_ef4196c508',4,'2018-03-01 05:39:26',NULL,0),(34,'playerVirtual2','playerVirtual2_2433236783',0,'2018-03-01 05:39:36',NULL,0),(35,'playerVirtual2','playerVirtual2_2433236783',0,'2018-03-01 05:39:37',NULL,0),(36,'playerVirtual4','playerVirtual4_bef4f9d67e',4,'2018-03-01 05:40:07',NULL,0),(37,'playerVirtual0','playerVirtual0_631c5bfab0',4,'2018-03-01 05:40:07',NULL,0),(38,'playerVirtual2','playerVirtual2_db794b0396',3,'2018-03-01 05:40:37',NULL,0),(39,'playerVirtual3','playerVirtual3_3338579772',0,'2018-03-01 05:40:39',NULL,0),(40,'playerVirtual3','playerVirtual3_3338579772',0,'2018-03-01 05:40:39',NULL,0),(41,'playerVirtual4','playerVirtual4_257407216',0,'2018-03-01 05:41:21',NULL,0),(42,'playerVirtual0','playerVirtual0_182859403',0,'2018-03-01 05:41:29',NULL,0),(43,'playerVirtual3','playerVirtual3_a1aa6c0646',3,'2018-03-01 05:41:39',NULL,0),(44,'playerVirtual2','playerVirtual2_2359368952',0,'2018-03-01 05:41:53',NULL,0),(45,'playerVirtual2','playerVirtual2_2359368952',0,'2018-03-01 05:41:53',NULL,0),(46,'playerVirtual4','playerVirtual4_2b773ef89b',3,'2018-03-01 05:42:22',NULL,0),(47,'playerVirtual0','playerVirtual0_e210b53a82',3,'2018-03-01 05:42:29',NULL,0),(48,'playerVirtual2','playerVirtual2_81aa379fb7',4,'2018-03-01 05:42:53',NULL,0),(49,'playerVirtual3','playerVirtual3_16917741',0,'2018-03-01 05:42:54',NULL,0),(50,'playerVirtual3','playerVirtual3_16917741',0,'2018-03-01 05:42:54',NULL,0),(51,'playerVirtual4','playerVirtual4_2545640208',0,'2018-03-01 05:43:44',NULL,0),(52,'playerVirtual4','playerVirtual4_2545640208',0,'2018-03-01 05:43:44',NULL,0),(53,'playerVirtual0','playerVirtual0_908315',0,'2018-03-01 05:43:45',NULL,0),(54,'playerVirtual0','playerVirtual0_908315',0,'2018-03-01 05:43:46',NULL,0),(55,'playerVirtual3','playerVirtual3_bb7f93d60c',4,'2018-03-01 05:43:54',NULL,0),(56,'playerVirtual2','playerVirtual2_539194189',0,'2018-03-01 05:44:23',NULL,0),(57,'playerVirtual2','playerVirtual2_539194189',0,'2018-03-01 05:44:23',NULL,0),(58,'playerVirtual4','playerVirtual4_c90edecc22',4,'2018-03-01 05:44:44',NULL,0),(59,'playerVirtual0','playerVirtual0_bd957a4eed',4,'2018-03-01 05:44:45',NULL,0),(60,'playerVirtual5','playerVirtual5_71e2d66f79',4,'2018-03-01 05:45:10',NULL,0),(61,'playerVirtual2','playerVirtual2_b2bd1534ea',3,'2018-03-01 05:45:23',NULL,0),(62,'playerVirtual3','playerVirtual3_4820204870',0,'2018-03-01 05:46:06',NULL,0),(63,'playerVirtual3','playerVirtual3_4820204870',0,'2018-03-01 05:46:06',NULL,0),(64,'playerVirtual3','playerVirtual3_e964db4c9d',3,'2018-03-01 05:47:06',NULL,0),(65,'playerVirtual4','playerVirtual4_8058564',0,'2018-03-01 05:47:39',NULL,0),(66,'playerVirtual4','playerVirtual4_8058564',0,'2018-03-01 05:47:39',NULL,0),(67,'playerVirtual0','playerVirtual0_1429160667',0,'2018-03-01 05:47:47',NULL,0),(68,'playerVirtual0','playerVirtual0_1429160667',0,'2018-03-01 05:47:47',NULL,0),(69,'playerVirtual2','playerVirtual2_82730999',0,'2018-03-01 05:48:16',NULL,0),(70,'playerVirtual2','playerVirtual2_82730999',0,'2018-03-01 05:48:17',NULL,0),(71,'playerVirtual5','playerVirtual5_3338010893',0,'2018-03-01 05:48:29',NULL,0),(72,'playerVirtual5','playerVirtual5_3338010893',0,'2018-03-01 05:48:29',NULL,0),(73,'playerVirtual4','playerVirtual4_d05db0c42e',3,'2018-03-01 05:48:39',NULL,0),(74,'playerVirtual0','playerVirtual0_90703ca773',3,'2018-03-01 05:48:47',NULL,0),(75,'playerVirtual2','playerVirtual2_92b7ff2d7f',4,'2018-03-01 05:49:16',NULL,0),(76,'playerVirtual3','playerVirtual3_351652724',0,'2018-03-01 05:49:18',NULL,0),(77,'playerVirtual3','playerVirtual3_351652724',0,'2018-03-01 05:49:19',NULL,0),(78,'playerVirtual5','playerVirtual5_d0993e4596',3,'2018-03-01 05:49:29',NULL,0),(79,'playerVirtual6','playerVirtual6_42377da23a',4,'2018-03-01 05:50:07',NULL,0),(80,'playerVirtual4','playerVirtual4_6571218',0,'2018-03-01 05:50:09',NULL,0),(81,'playerVirtual4','playerVirtual4_6571218',0,'2018-03-01 05:50:09',NULL,0),(82,'playerVirtual3','playerVirtual3_70f137d9b6',4,'2018-03-01 05:50:19',NULL,0),(83,'playerVirtual5','playerVirtual5_1339662',0,'2018-03-01 05:50:42',NULL,0),(84,'playerVirtual5','playerVirtual5_1339662',0,'2018-03-01 05:50:43',NULL,0),(85,'playerVirtual2','playerVirtual2_1436344784',0,'2018-03-01 05:50:53',NULL,0),(86,'playerVirtual2','playerVirtual2_1436344784',0,'2018-03-01 05:50:54',NULL,0),(87,'playerVirtual4','playerVirtual4_945333fb8c',4,'2018-03-01 05:51:09',NULL,0),(88,'playerVirtual5','playerVirtual5_6938fecf60',4,'2018-03-01 05:51:42',NULL,0),(89,'playerVirtual2','playerVirtual2_14cf4f7ec4',3,'2018-03-01 05:51:54',NULL,0),(90,'playerVirtual1990','playerVirtual1990_c44b732e08',4,'2018-03-01 05:52:17',NULL,0),(91,'playerVirtual3','playerVirtual3_284794223',0,'2018-03-01 05:52:39',NULL,0),(92,'playerVirtual3','playerVirtual3_284794223',0,'2018-03-01 05:52:39',NULL,0),(93,'playerVirtual3','playerVirtual3_ef61f1a5f4',3,'2018-03-01 05:53:39',NULL,0),(94,'playerVirtual6','playerVirtual6_317497342',0,'2018-03-01 05:53:39',NULL,0),(95,'playerVirtual4','playerVirtual4_359920779',0,'2018-03-01 05:54:11',NULL,0),(96,'playerVirtual4','playerVirtual4_359920779',0,'2018-03-01 05:54:12',NULL,0),(97,'playerVirtual6','playerVirtual6_95d363204a',3,'2018-03-01 05:54:39',NULL,0),(98,'playerVirtual2','playerVirtual2_2904109077',0,'2018-03-01 05:54:50',NULL,0),(99,'playerVirtual2','playerVirtual2_2904109077',0,'2018-03-01 05:54:50',NULL,0),(100,'playerVirtual5','playerVirtual5_904011',0,'2018-03-01 05:55:02',NULL,0),(101,'playerVirtual5','playerVirtual5_904011',0,'2018-03-01 05:55:02',NULL,0),(102,'playerVirtual4','playerVirtual4_492c216d8a',3,'2018-03-01 05:55:12',NULL,0),(103,'playerVirtual7','playerVirtual7_1bfea110ce',4,'2018-03-01 05:55:12',NULL,0),(104,'playerVirtual6','playerVirtual6_1093460',0,'2018-03-01 05:55:42',NULL,0),(105,'playerVirtual6','playerVirtual6_1093460',0,'2018-03-01 05:55:42',NULL,0),(106,'playerVirtual2','playerVirtual2_e9ce943ad6',4,'2018-03-01 05:55:50',NULL,0),(107,'playerVirtual1990','playerVirtual1990_257338074',0,'2018-03-01 05:55:50',NULL,0),(108,'playerVirtual3','playerVirtual3_905614',0,'2018-03-01 05:55:52',NULL,0),(109,'playerVirtual3','playerVirtual3_905614',0,'2018-03-01 05:55:53',NULL,0),(110,'playerVirtual5','playerVirtual5_769f7014bd',3,'2018-03-01 05:56:02',NULL,0),(111,'playerVirtual6','playerVirtual6_5dddd5b168',4,'2018-03-01 05:56:42',NULL,0),(112,'playerVirtual4','playerVirtual4_6569547',0,'2018-03-01 05:56:45',NULL,0),(113,'playerVirtual4','playerVirtual4_6569547',0,'2018-03-01 05:56:45',NULL,0),(114,'playerVirtual1990','playerVirtual1990_9782e615ba',3,'2018-03-01 05:56:50',NULL,0),(115,'playerVirtual3','playerVirtual3_524b9771c9',4,'2018-03-01 05:56:53',NULL,0),(116,'playerVirtual5','playerVirtual5_5792765',0,'2018-03-01 05:57:23',NULL,0),(117,'playerVirtual5','playerVirtual5_5792765',0,'2018-03-01 05:57:24',NULL,0),(118,'playerVirtual2','playerVirtual2_30788568',0,'2018-03-01 05:57:33',NULL,0),(119,'playerVirtual2','playerVirtual2_30788568',0,'2018-03-01 05:57:34',NULL,0),(120,'playerVirtual4','playerVirtual4_087bc719ea',4,'2018-03-01 05:57:45',NULL,0),(121,'playerVirtual1990','playerVirtual1990_400453824',0,'2018-03-01 05:58:05',NULL,0),(122,'playerVirtual5','playerVirtual5_79975942eb',4,'2018-03-01 05:58:23',NULL,0),(123,'playerVirtual2','playerVirtual2_dcc74dba30',3,'2018-03-01 05:58:34',NULL,0),(124,'playerVirtual7','playerVirtual7_470485660',0,'2018-03-01 05:58:49',NULL,0),(125,'playerVirtual3','playerVirtual3_4820318661',0,'2018-03-01 05:59:35',NULL,0),(126,'playerVirtual3','playerVirtual3_4820318661',0,'2018-03-01 05:59:35',NULL,0),(127,'playerVirtual7','playerVirtual7_f79b77799e',3,'2018-03-01 05:59:49',NULL,0),(128,'playerVirtual8','playerVirtual8_df31fc8541',4,'2018-03-01 06:00:10',NULL,0),(129,'playerVirtual6','playerVirtual6_38671842',0,'2018-03-01 06:00:27',NULL,0),(130,'playerVirtual6','playerVirtual6_38671842',0,'2018-03-01 06:00:27',NULL,0),(131,'playerVirtual3','playerVirtual3_2553371bb6',3,'2018-03-01 06:00:35',NULL,0),(132,'playerVirtual4','playerVirtual4_4819935267',0,'2018-03-01 06:01:09',NULL,0),(133,'playerVirtual4','playerVirtual4_4819935267',0,'2018-03-01 06:01:09',NULL,0),(134,'playerVirtual7','playerVirtual7_5068098508',0,'2018-03-01 06:01:26',NULL,0),(135,'playerVirtual6','playerVirtual6_efac7f4889',3,'2018-03-01 06:01:27',NULL,0),(136,'playerVirtual2','playerVirtual2_6264344062',0,'2018-03-01 06:01:50',NULL,0),(137,'playerVirtual2','playerVirtual2_6264344062',0,'2018-03-01 06:01:50',NULL,0),(138,'playerVirtual5','playerVirtual5_4820217293',0,'2018-03-01 06:02:02',NULL,0),(139,'playerVirtual5','playerVirtual5_4820217293',0,'2018-03-01 06:02:02',NULL,0),(140,'playerVirtual4','playerVirtual4_b47e6fc0fd',3,'2018-03-01 06:02:09',NULL,0),(141,'playerVirtual7','playerVirtual7_7bd464f869',4,'2018-03-01 06:02:26',NULL,0),(142,'playerVirtual2','playerVirtual2_3a8da3384e',4,'2018-03-01 06:02:50',NULL,0),(143,'playerVirtual5','playerVirtual5_dd22a7cd4b',3,'2018-03-01 06:03:02',NULL,0),(144,'playerVirtual6','playerVirtual6_2148750930',0,'2018-03-01 06:04:14',NULL,0),(145,'playerVirtual6','playerVirtual6_2148750930',0,'2018-03-01 06:04:14',NULL,0),(146,'playerVirtual3','playerVirtual3_1095593',0,'2018-03-01 06:04:21',NULL,0),(147,'playerVirtual3','playerVirtual3_1095593',0,'2018-03-01 06:04:25',NULL,0),(148,'playerVirtual1153','playerVirtual1153_fef9f9c12a',4,'2018-03-01 06:05:03',NULL,0),(149,'playerVirtual9','playerVirtual9_0af32662c3',4,'2018-03-01 06:05:13',NULL,0),(150,'playerVirtual6','playerVirtual6_02aac7200a',4,'2018-03-01 06:05:14',NULL,0),(151,'playerVirtual3','playerVirtual3_93a6ca90af',4,'2018-03-01 06:05:21',NULL,0),(152,'playerVirtual4','playerVirtual4_563574327',0,'2018-03-01 06:05:21',NULL,0),(153,'playerVirtual4','playerVirtual4_563574327',0,'2018-03-01 06:05:21',NULL,0),(154,'playerVirtual8','playerVirtual8_227443932',0,'2018-03-01 06:05:38',NULL,0),(155,'playerVirtual8','playerVirtual8_227443932',0,'2018-03-01 06:05:38',NULL,0),(156,'playerVirtual2','playerVirtual2_9598340dfe',3,'2018-03-01 06:05:45',NULL,0),(157,'playerVirtual5','playerVirtual5_16915963',0,'2018-03-01 06:06:05',NULL,0),(158,'playerVirtual5','playerVirtual5_16915963',0,'2018-03-01 06:06:06',NULL,0),(159,'playerVirtual4','playerVirtual4_586412155c',4,'2018-03-01 06:06:21',NULL,0),(160,'playerVirtual8','playerVirtual8_0df541689d',3,'2018-03-01 06:06:38',NULL,0),(161,'playerVirtual5','playerVirtual5_c93c22e4d9',4,'2018-03-01 06:07:05',NULL,0),(162,'playerVirtual7','playerVirtual7_765651',0,'2018-03-01 06:07:30',NULL,0),(163,'playerVirtual3','playerVirtual3_6274355716',0,'2018-03-01 06:08:26',NULL,0),(164,'playerVirtual3','playerVirtual3_6274355716',0,'2018-03-01 06:08:26',NULL,0),(165,'playerVirtual7','playerVirtual7_aab8035ef6',3,'2018-03-01 06:08:30',NULL,0),(166,'playerVirtual6','playerVirtual6_272887063',0,'2018-03-01 06:09:16',NULL,0),(167,'playerVirtual6','playerVirtual6_272887063',0,'2018-03-01 06:09:16',NULL,0),(168,'playerVirtual8','playerVirtual8_4820204870',0,'2018-03-01 06:09:19',NULL,0),(169,'playerVirtual8','playerVirtual8_4820204870',0,'2018-03-01 06:09:20',NULL,0),(170,'playerVirtual3','playerVirtual3_a89447b4ae',3,'2018-03-01 06:09:26',NULL,0),(171,'playerVirtual2','playerVirtual2_38676294',0,'2018-03-01 06:09:42',NULL,0),(172,'playerVirtual2','playerVirtual2_38676294',0,'2018-03-01 06:09:42',NULL,0),(173,'playerVirtual10','playerVirtual10_fc63c50a4b',4,'2018-03-01 06:10:07',NULL,0),(174,'playerVirtual6','playerVirtual6_61966fba48',3,'2018-03-01 06:10:16',NULL,0),(175,'playerVirtual8','playerVirtual8_8e6ee46adb',4,'2018-03-01 06:10:20',NULL,0),(176,'playerVirtual2','playerVirtual2_9054254324',4,'2018-03-01 06:10:42',NULL,0),(177,'playerVirtual1153','playerVirtual1153_5623125514',0,'2018-03-01 06:10:48',NULL,0),(178,'playerVirtual9','playerVirtual9_284757920',0,'2018-03-01 06:10:58',NULL,0),(179,'playerVirtual9','playerVirtual9_284757920',0,'2018-03-01 06:10:59',NULL,0),(180,'playerVirtual4','playerVirtual4_182859403',0,'2018-03-01 06:11:03',NULL,0),(181,'playerVirtual4','playerVirtual4_182859403',0,'2018-03-01 06:11:03',NULL,0),(182,'playerVirtual1153','playerVirtual1153_64f66ee803',3,'2018-03-01 06:11:48',NULL,0),(183,'playerVirtual9','playerVirtual9_43857a12de',3,'2018-03-01 06:11:58',NULL,0),(184,'playerVirtual4','playerVirtual4_c0ad4f3f72',3,'2018-03-01 06:12:03',NULL,0),(185,'playerVirtual7','playerVirtual7_990694203',0,'2018-03-01 06:12:06',NULL,0),(186,'playerVirtual5','playerVirtual5_990694203',0,'2018-03-01 06:12:28',NULL,0),(187,'playerVirtual5','playerVirtual5_990694203',0,'2018-03-01 06:12:28',NULL,0),(188,'playerVirtual7','playerVirtual7_cfc1f6387b',4,'2018-03-01 06:13:06',NULL,0),(189,'playerVirtual5','playerVirtual5_66f9163c59',3,'2018-03-01 06:13:28',NULL,0),(190,'playerVirtual3','playerVirtual3_4820204870',1,'2018-03-01 06:14:28',NULL,0),(191,'playerVirtual3','playerVirtual3_d6f71a099c',4,'2018-03-01 06:14:28',NULL,0),(192,'playerVirtual3','playerVirtual3_4820204870',1,'2018-03-01 06:14:28',NULL,0),(193,'playerVirtual6','playerVirtual6_6280643141',0,'2018-03-01 06:14:58',NULL,0),(194,'playerVirtual6','playerVirtual6_6280643141',0,'2018-03-01 06:14:59',NULL,0),(195,'playerVirtual11','playerVirtual11_9ffbe5269f',4,'2018-03-01 06:15:07',NULL,0),(196,'playerVirtual9','playerVirtual9_2359368952',0,'2018-03-01 06:15:16',NULL,0),(197,'playerVirtual9','playerVirtual9_2359368952',0,'2018-03-01 06:15:16',NULL,0),(198,'playerVirtual4','playerVirtual4_182859403',1,'2018-03-01 06:15:30',NULL,0),(199,'playerVirtual4','playerVirtual4_7781cbf81b',4,'2018-03-01 06:15:30',NULL,0),(200,'playerVirtual4','playerVirtual4_182859403',1,'2018-03-01 06:15:31',NULL,0),(201,'playerVirtual2','playerVirtual2_272887063',0,'2018-03-01 06:15:48',NULL,0),(202,'playerVirtual2','playerVirtual2_272887063',0,'2018-03-01 06:15:48',NULL,0),(203,'playerVirtual6','playerVirtual6_5630dc75d4',4,'2018-03-01 06:15:58',NULL,0),(204,'playerVirtual9','playerVirtual9_a8ed3b29f0',4,'2018-03-01 06:16:16',NULL,0),(205,'playerVirtual8','playerVirtual8_4476462938',0,'2018-03-01 06:16:32',NULL,0),(206,'playerVirtual8','playerVirtual8_4476462938',0,'2018-03-01 06:16:32',NULL,0),(207,'playerVirtual5','playerVirtual5_990694203',1,'2018-03-01 06:16:32',NULL,0),(208,'playerVirtual5','playerVirtual5_798a57b8dd',4,'2018-03-01 06:16:32',NULL,0),(209,'playerVirtual5','playerVirtual5_990694203',1,'2018-03-01 06:16:33',NULL,0),(210,'playerVirtual2','playerVirtual2_d29ed4f4e5',3,'2018-03-01 06:16:48',NULL,0),(211,'playerVirtual1755','playerVirtual1755_99e4056d4e',4,'2018-03-01 06:17:12',NULL,0),(212,'playerVirtual8','playerVirtual8_80ab068ba9',3,'2018-03-01 06:17:32',NULL,0),(213,'playerVirtual10','playerVirtual10_6280638724',0,'2018-03-01 06:17:53',NULL,0),(214,'playerVirtual10','playerVirtual10_6280638724',0,'2018-03-01 06:17:53',NULL,0),(215,'playerVirtual7','playerVirtual7_b475d30347',3,'2018-03-01 06:18:07',NULL,0),(216,'playerVirtual3','playerVirtual3_1436323714',0,'2018-03-01 06:18:41',NULL,0),(217,'playerVirtual3','playerVirtual3_1436323714',0,'2018-03-01 06:18:41',NULL,0),(218,'playerVirtual10','playerVirtual10_4c04db7780',3,'2018-03-01 06:18:54',NULL,0),(219,'playerVirtual3','playerVirtual3_8225642a0a',3,'2018-03-01 06:19:41',NULL,0),(220,'playerVirtual12','playerVirtual12_8039b1143c',4,'2018-03-01 06:20:10',NULL,0),(221,'playerVirtual6','playerVirtual6_7525a23b46',3,'2018-03-01 06:20:16',NULL,0),(222,'playerVirtual8','playerVirtual8_6285257156',0,'2018-03-01 06:21:11',NULL,0),(223,'playerVirtual8','playerVirtual8_6285257156',0,'2018-03-01 06:21:12',NULL,0),(224,'playerVirtual2','playerVirtual2_182859403',0,'2018-03-01 06:21:25',NULL,0),(225,'playerVirtual2','playerVirtual2_182859403',0,'2018-03-01 06:21:25',NULL,0),(226,'playerVirtual4','playerVirtual4_214880781',0,'2018-03-01 06:21:29',NULL,0),(227,'playerVirtual4','playerVirtual4_214880781',0,'2018-03-01 06:21:29',NULL,0),(228,'playerVirtual10','playerVirtual10_6955737',0,'2018-03-01 06:21:39',NULL,0),(229,'playerVirtual10','playerVirtual10_6955737',0,'2018-03-01 06:21:39',NULL,0),(230,'playerVirtual8','playerVirtual8_17b827c24d',4,'2018-03-01 06:22:11',NULL,0),(231,'playerVirtual2','playerVirtual2_2f6d6f1c78',4,'2018-03-01 06:22:25',NULL,0),(232,'playerVirtual9','playerVirtual9_1094955',0,'2018-03-01 06:22:25',NULL,0),(233,'playerVirtual9','playerVirtual9_1094955',0,'2018-03-01 06:22:26',NULL,0),(234,'playerVirtual4','playerVirtual4_a84a2e7dc3',3,'2018-03-01 06:22:29',NULL,0),(235,'playerVirtual10','playerVirtual10_a24febef13',4,'2018-03-01 06:22:39',NULL,0),(236,'playerVirtual5','playerVirtual5_16914091',0,'2018-03-01 06:22:58',NULL,0),(237,'playerVirtual5','playerVirtual5_16914091',0,'2018-03-01 06:22:58',NULL,0),(238,'playerVirtual7','playerVirtual7_6955737',0,'2018-03-01 06:23:25',NULL,0),(239,'playerVirtual9','playerVirtual9_4c73cbce31',3,'2018-03-01 06:23:25',NULL,0),(240,'playerVirtual11','playerVirtual11_682797',0,'2018-03-01 06:23:30',NULL,0),(241,'playerVirtual11','playerVirtual11_682797',0,'2018-03-01 06:23:30',NULL,0),(242,'playerVirtual5','playerVirtual5_7ab1007142',3,'2018-03-01 06:23:58',NULL,0),(243,'playerVirtual7','playerVirtual7_d70901fe0d',4,'2018-03-01 06:24:25',NULL,0),(244,'playerVirtual11','playerVirtual11_ace7f5f967',3,'2018-03-01 06:24:30',NULL,0),(245,'playerVirtual13','playerVirtual13_56720a264b',4,'2018-03-01 06:25:06',NULL,0),(246,'playerVirtual3','playerVirtual3_1438244924',0,'2018-03-01 06:26:06',NULL,0),(247,'playerVirtual3','playerVirtual3_1438244924',0,'2018-03-01 06:26:07',NULL,0),(248,'playerVirtual6','playerVirtual6_2381571381',0,'2018-03-01 06:26:46',NULL,0),(249,'playerVirtual6','playerVirtual6_2381571381',0,'2018-03-01 06:26:47',NULL,0),(250,'playerVirtual3','playerVirtual3_0c3d25af02',4,'2018-03-01 06:27:06',NULL,0),(251,'playerVirtual6','playerVirtual6_cec241b43c',4,'2018-03-01 06:27:47',NULL,0),(252,'playerVirtual4','playerVirtual4_6289355687',0,'2018-03-01 06:27:54',NULL,0),(253,'playerVirtual4','playerVirtual4_6289355687',0,'2018-03-01 06:27:54',NULL,0),(254,'playerVirtual1596','playerVirtual1596_0c274ccc7c',4,'2018-03-01 06:28:01',NULL,0),(255,'playerVirtual11','playerVirtual11_794070039',0,'2018-03-01 06:28:03',NULL,0),(256,'playerVirtual11','playerVirtual11_794070039',0,'2018-03-01 06:28:04',NULL,0),(257,'playerVirtual2','playerVirtual2_0700d6c6fc',3,'2018-03-01 06:28:05',NULL,0),(258,'playerVirtual9','playerVirtual9_6289704471',0,'2018-03-01 06:28:47',NULL,0),(259,'playerVirtual9','playerVirtual9_6289704471',0,'2018-03-01 06:28:47',NULL,0),(260,'playerVirtual4','playerVirtual4_de1fddfbd3',4,'2018-03-01 06:28:54',NULL,0),(261,'playerVirtual11','playerVirtual11_bfe7170210',4,'2018-03-01 06:29:04',NULL,0),(262,'playerVirtual5','playerVirtual5_1436344784',0,'2018-03-01 06:29:22',NULL,0),(263,'playerVirtual8','playerVirtual8_2378747961',0,'2018-03-01 06:29:24',NULL,0),(264,'playerVirtual5','playerVirtual5_1436344784',0,'2018-03-01 06:29:24',NULL,0),(265,'playerVirtual8','playerVirtual8_2378747961',0,'2018-03-01 06:29:24',NULL,0),(266,'playerVirtual7','playerVirtual7_d031c51449',3,'2018-03-01 06:29:26',NULL,0),(267,'playerVirtual9','playerVirtual9_ede8ef2ccb',4,'2018-03-01 06:29:47',NULL,0),(268,'playerVirtual12','playerVirtual12_3338579772',0,'2018-03-01 06:29:49',NULL,0),(269,'playerVirtual12','playerVirtual12_3338579772',0,'2018-03-01 06:29:50',NULL,0),(270,'playerVirtual14','playerVirtual14_86d78ec307',4,'2018-03-01 06:30:08',NULL,0),(271,'playerVirtual5','playerVirtual5_19505bc10a',4,'2018-03-01 06:30:20',NULL,0),(272,'playerVirtual8','playerVirtual8_aed4e85534',3,'2018-03-01 06:30:25',NULL,0),(273,'playerVirtual12','playerVirtual12_71f0bec914',3,'2018-03-01 06:30:49',NULL,0),(274,'playerVirtual10','playerVirtual10_1438244924',0,'2018-03-01 06:31:19',NULL,0),(275,'playerVirtual10','playerVirtual10_1438244924',0,'2018-03-01 06:31:20',NULL,0),(276,'playerVirtual3','playerVirtual3_3338579772',1,'2018-03-01 06:31:20',NULL,0),(277,'playerVirtual3','playerVirtual3_aaaeed80ff',3,'2018-03-01 06:31:20',NULL,0),(278,'playerVirtual3','playerVirtual3_3338579772',1,'2018-03-01 06:31:20',NULL,0),(279,'playerVirtual10','playerVirtual10_eb55872d8c',3,'2018-03-01 06:32:19',NULL,0),(280,'playerVirtual2','playerVirtual2_1438244924',1,'2018-03-01 06:33:02',NULL,0),(281,'playerVirtual2','playerVirtual2_c46a69f3b1',4,'2018-03-01 06:33:03',NULL,0),(282,'playerVirtual2','playerVirtual2_1438244924',1,'2018-03-01 06:33:03',NULL,0),(283,'playerVirtual15','playerVirtual15_2cc2b57f6c',4,'2018-03-01 06:35:08',NULL,0),(284,'playerVirtual6','playerVirtual6_6296268057',0,'2018-03-01 06:35:10',NULL,0),(285,'playerVirtual6','playerVirtual6_6296268057',0,'2018-03-01 06:35:10',NULL,0),(286,'playerVirtual8','playerVirtual8_2378747961',1,'2018-03-01 06:35:31',NULL,0),(287,'playerVirtual8','playerVirtual8_b6146dd697',4,'2018-03-01 06:35:31',NULL,0),(288,'playerVirtual8','playerVirtual8_2378747961',1,'2018-03-01 06:35:31',NULL,0),(289,'playerVirtual6','playerVirtual6_81831dc055',3,'2018-03-01 06:36:10',NULL,0),(290,'playerVirtual13','playerVirtual13_990694203',0,'2018-03-01 06:36:41',NULL,0),(291,'playerVirtual13','playerVirtual13_990694203',0,'2018-03-01 06:36:45',NULL,0),(292,'playerVirtual13','playerVirtual13_90505b043d',3,'2018-03-01 06:37:39',NULL,0),(293,'playerVirtual3','playerVirtual3_1438244924',1,'2018-03-01 06:38:34',NULL,0),(294,'playerVirtual3','playerVirtual3_b7b4fc613f',4,'2018-03-01 06:38:34',NULL,0),(295,'playerVirtual3','playerVirtual3_1438244924',1,'2018-03-01 06:38:35',NULL,0),(296,'playerVirtual4','playerVirtual4_182859403',0,'2018-03-01 06:38:39',NULL,0),(297,'playerVirtual4','playerVirtual4_597047b061',3,'2018-03-01 06:38:39',NULL,0),(298,'playerVirtual4','playerVirtual4_182859403',0,'2018-03-01 06:38:40',NULL,0),(299,'playerVirtual13','playerVirtual13_990694203',1,'2018-03-01 06:38:41',NULL,0),(300,'playerVirtual13','playerVirtual13_f418d8883e',4,'2018-03-01 06:38:41',NULL,0),(301,'playerVirtual13','playerVirtual13_990694203',1,'2018-03-01 06:38:41',NULL,0),(302,'playerVirtual2','playerVirtual2_91aa3320c8',3,'2018-03-01 06:38:53',NULL,0),(303,'playerVirtual12','playerVirtual12_1095593',0,'2018-03-01 06:39:23',NULL,0),(304,'playerVirtual12','playerVirtual12_1095593',0,'2018-03-01 06:39:23',NULL,0),(305,'playerVirtual16','playerVirtual16_695bedcf6f',4,'2018-03-01 06:40:11',NULL,0),(306,'playerVirtual12','playerVirtual12_fd4fedb66d',4,'2018-03-01 06:40:23',NULL,0),(307,'playerVirtual7','playerVirtual7_990694203',0,'2018-03-01 06:40:24',NULL,0),(308,'playerVirtual7','playerVirtual7_285ddc62d5',4,'2018-03-01 06:40:24',NULL,0),(309,'playerVirtual9','playerVirtual9_6301942525',0,'2018-03-01 06:40:46',NULL,0),(310,'playerVirtual9','playerVirtual9_6301942525',0,'2018-03-01 06:40:46',NULL,0),(311,'playerVirtual11','playerVirtual11_6264344062',0,'2018-03-01 06:41:18',NULL,0),(312,'playerVirtual11','playerVirtual11_6264344062',0,'2018-03-01 06:41:18',NULL,0),(313,'playerVirtual9','playerVirtual9_f0adc22769',3,'2018-03-01 06:41:46',NULL,0),(314,'playerVirtual11','playerVirtual11_93c680526b',3,'2018-03-01 06:42:18',NULL,0),(315,'playerVirtual10','playerVirtual10_6274355716',0,'2018-03-01 06:42:25',NULL,0),(316,'playerVirtual10','playerVirtual10_6274355716',0,'2018-03-01 06:42:25',NULL,0),(317,'playerVirtual5','playerVirtual5_6289704471',0,'2018-03-01 06:43:06',NULL,0),(318,'playerVirtual5','playerVirtual5_6289704471',0,'2018-03-01 06:43:06',NULL,0),(319,'playerVirtual1280','playerVirtual1280_883c472210',4,'2018-03-01 06:43:11',NULL,0),(320,'playerVirtual10','playerVirtual10_0fd7767b55',4,'2018-03-01 06:43:25',NULL,0),(321,'playerVirtual3','playerVirtual3_1095593',1,'2018-03-01 06:43:29',NULL,0),(322,'playerVirtual3','playerVirtual3_caa9d74b4e',3,'2018-03-01 06:43:29',NULL,0),(323,'playerVirtual3','playerVirtual3_1095593',1,'2018-03-01 06:43:29',NULL,0),(324,'playerVirtual5','playerVirtual5_b10ee080ce',3,'2018-03-01 06:44:06',NULL,0),(325,'playerVirtual4','playerVirtual4_182859403',1,'2018-03-01 06:44:06',NULL,0),(326,'playerVirtual4','playerVirtual4_280726808d',4,'2018-03-01 06:44:07',NULL,0),(327,'playerVirtual4','playerVirtual4_182859403',1,'2018-03-01 06:44:10',NULL,0),(328,'playerVirtual2','playerVirtual2_6264344062',1,'2018-03-01 06:44:43',NULL,0),(329,'playerVirtual2','playerVirtual2_1e72592d67',4,'2018-03-01 06:44:43',NULL,0),(330,'playerVirtual2','playerVirtual2_6264344062',1,'2018-03-01 06:44:43',NULL,0),(331,'playerVirtual17','playerVirtual17_b1a4be85a9',4,'2018-03-01 06:45:10',NULL,0),(332,'playerVirtual7','playerVirtual7_c462f9d4e0',3,'2018-03-01 06:45:25',NULL,0),(333,'playerVirtual14','playerVirtual14_5297461910',0,'2018-03-01 06:46:14',NULL,0),(334,'playerVirtual14','playerVirtual14_5297461910',0,'2018-03-01 06:46:14',NULL,0),(335,'playerVirtual14','playerVirtual14_ca12048cfc',3,'2018-03-01 06:47:15',NULL,0),(336,'playerVirtual6','playerVirtual6_539194189',0,'2018-03-01 06:47:46',NULL,0),(337,'playerVirtual6','playerVirtual6_539194189',0,'2018-03-01 06:47:47',NULL,0),(338,'playerVirtual9','playerVirtual9_6289704471',1,'2018-03-01 06:48:09',NULL,0),(339,'playerVirtual9','playerVirtual9_fa64fedc1e',4,'2018-03-01 06:48:10',NULL,0),(340,'playerVirtual9','playerVirtual9_6289704471',1,'2018-03-01 06:48:10',NULL,0),(341,'playerVirtual6','playerVirtual6_1832923888',4,'2018-03-01 06:48:47',NULL,0),(342,'playerVirtual8','playerVirtual8_908315',0,'2018-03-01 06:49:20',NULL,0),(343,'playerVirtual8','playerVirtual8_908315',0,'2018-03-01 06:49:25',NULL,0),(344,'playerVirtual5','playerVirtual5_9cc549e9db',4,'2018-03-01 06:49:26',NULL,0),(345,'playerVirtual18','playerVirtual18_59c6bb0143',4,'2018-03-01 06:50:05',NULL,0),(346,'playerVirtual12','playerVirtual12_1095593',1,'2018-03-01 06:50:16',NULL,0),(347,'playerVirtual12','playerVirtual12_c9674101bf',3,'2018-03-01 06:50:16',NULL,0),(348,'playerVirtual12','playerVirtual12_1095593',1,'2018-03-01 06:50:16',NULL,0),(349,'playerVirtual8','playerVirtual8_cedbeb3fee',3,'2018-03-01 06:50:17',NULL,0),(350,'playerVirtual2','playerVirtual2_1436344784',1,'2018-03-01 06:50:40',NULL,0),(351,'playerVirtual2','playerVirtual2_ad9cb943d4',3,'2018-03-01 06:50:40',NULL,0),(352,'playerVirtual2','playerVirtual2_1436344784',1,'2018-03-01 06:50:40',NULL,0),(353,'playerVirtual11','playerVirtual11_4246147567',0,'2018-03-01 06:50:59',NULL,0),(354,'playerVirtual11','playerVirtual11_4246147567',0,'2018-03-01 06:50:59',NULL,0),(355,'playerVirtual11','playerVirtual11_0f027607ea',4,'2018-03-01 06:51:59',NULL,0),(356,'playerVirtual3','playerVirtual3_6274355716',1,'2018-03-01 06:52:26',NULL,0),(357,'playerVirtual3','playerVirtual3_32c8a951b7',4,'2018-03-01 06:52:26',NULL,0),(358,'playerVirtual3','playerVirtual3_6274355716',1,'2018-03-01 06:52:29',NULL,0),(359,'playerVirtual14','playerVirtual14_4246147567',0,'2018-03-01 06:52:55',NULL,0),(360,'playerVirtual14','playerVirtual14_4246147567',0,'2018-03-01 06:52:56',NULL,0),(361,'playerVirtual15','playerVirtual15_182859403',0,'2018-03-01 06:53:01',NULL,0),(362,'playerVirtual15','playerVirtual15_182859403',0,'2018-03-01 06:53:01',NULL,0),(363,'playerVirtual14','playerVirtual14_cd01b59dd3',4,'2018-03-01 06:53:56',NULL,0),(364,'playerVirtual15','playerVirtual15_71b6e0dc59',3,'2018-03-01 06:54:01',NULL,0),(365,'playerVirtual10','playerVirtual10_4246147567',0,'2018-03-01 06:54:40',NULL,0),(366,'playerVirtual10','playerVirtual10_4246147567',0,'2018-03-01 06:54:40',NULL,0),(367,'playerVirtual19','playerVirtual19_22b5c43258',4,'2018-03-01 06:55:08',NULL,0),(368,'playerVirtual10','playerVirtual10_37f19a3550',3,'2018-03-01 06:55:43',NULL,0),(369,'playerVirtual7','playerVirtual7_db3a22dcad',4,'2018-03-01 06:57:59',NULL,0),(370,'playerVirtual13','playerVirtual13_4246147567',0,'2018-03-01 06:58:10',NULL,0),(371,'playerVirtual13','playerVirtual13_4246147567',0,'2018-03-01 06:58:11',NULL,0),(372,'playerVirtual15','playerVirtual15_4246147567',0,'2018-03-01 06:58:50',NULL,0),(373,'playerVirtual15','playerVirtual15_4246147567',0,'2018-03-01 06:58:53',NULL,0),(374,'playerVirtual8','playerVirtual8_990694203',0,'2018-03-01 06:58:54',NULL,0),(375,'playerVirtual8','playerVirtual8_990694203',0,'2018-03-01 06:58:54',NULL,0),(376,'playerVirtual6','playerVirtual6_6316827871',0,'2018-03-01 06:59:06',NULL,0),(377,'playerVirtual6','playerVirtual6_6316827871',0,'2018-03-01 06:59:06',NULL,0),(378,'playerVirtual13','playerVirtual13_fc805ac5e6',3,'2018-03-01 06:59:11',NULL,0),(379,'playerVirtual15','playerVirtual15_2191d944ad',4,'2018-03-01 06:59:48',NULL,0),(380,'playerVirtual2','playerVirtual2_182859403',1,'2018-03-01 06:59:55',NULL,0),(381,'playerVirtual2','playerVirtual2_2560b3cfe8',4,'2018-03-01 06:59:55',NULL,0),(382,'playerVirtual8','playerVirtual8_1d87208bee',4,'2018-03-01 06:59:58',NULL,0),(383,'playerVirtual2','playerVirtual2_182859403',1,'2018-03-01 06:59:58',NULL,0),(384,'playerVirtual16','playerVirtual16_6289704471',0,'2018-03-01 07:00:01',NULL,0),(385,'playerVirtual16','playerVirtual16_6289704471',0,'2018-03-01 07:00:01',NULL,0),(386,'playerVirtual6','playerVirtual6_8f996bea99',3,'2018-03-01 07:00:06',NULL,0),(387,'playerVirtual4','playerVirtual4_6315250734',0,'2018-03-01 07:00:06',NULL,0),(388,'playerVirtual4','playerVirtual4_6315250734',0,'2018-03-01 07:00:07',NULL,0),(389,'playerVirtual13','playerVirtual13_4246147567',1,'2018-03-01 07:00:12',NULL,0),(390,'playerVirtual13','playerVirtual13_c0ae68a04f',4,'2018-03-01 07:00:12',NULL,0),(391,'playerVirtual13','playerVirtual13_4246147567',1,'2018-03-01 07:00:12',NULL,0),(392,'playerVirtual16','playerVirtual16_2303f9fce5',3,'2018-03-01 07:01:01',NULL,0),(393,'playerVirtual4','playerVirtual4_c88e536b37',3,'2018-03-01 07:01:07',NULL,0),(394,'playerVirtual12','playerVirtual12_4246147567',0,'2018-03-01 07:02:24',NULL,0),(395,'playerVirtual12','playerVirtual12_4246147567',0,'2018-03-01 07:02:24',NULL,0),(396,'playerVirtual5','playerVirtual5_6289704471',1,'2018-03-01 07:03:13',NULL,0),(397,'playerVirtual5','playerVirtual5_dfb58f0876',3,'2018-03-01 07:03:13',NULL,0),(398,'playerVirtual5','playerVirtual5_6289704471',1,'2018-03-01 07:03:13',NULL,0),(399,'playerVirtual12','playerVirtual12_e0f194afca',4,'2018-03-01 07:03:24',NULL,0),(400,'playerVirtual9','playerVirtual9_2378747961',0,'2018-03-01 07:03:42',NULL,0),(401,'playerVirtual9','playerVirtual9_2378747961',0,'2018-03-01 07:03:43',NULL,0),(402,'playerVirtual11','playerVirtual11_4246147567',1,'2018-03-01 07:04:13',NULL,0),(403,'playerVirtual11','playerVirtual11_4844848461',3,'2018-03-01 07:04:14',NULL,0),(404,'playerVirtual11','playerVirtual11_4246147567',1,'2018-03-01 07:04:14',NULL,0),(405,'playerVirtual16','playerVirtual16_6322213339',0,'2018-03-01 07:04:41',NULL,0),(406,'playerVirtual16','playerVirtual16_6322213339',0,'2018-03-01 07:04:41',NULL,0),(407,'playerVirtual9','playerVirtual9_2b2e8e6ce0',3,'2018-03-01 07:04:42',NULL,0),(408,'playerVirtual1728','playerVirtual1728_c750a5520f',4,'2018-03-01 07:05:26',NULL,0),(409,'playerVirtual16','playerVirtual16_7a404f5319',4,'2018-03-01 07:05:41',NULL,0),(410,'playerVirtual17','playerVirtual17_4246147567',0,'2018-03-01 07:05:42',NULL,0),(411,'playerVirtual10','playerVirtual10_4246147567',1,'2018-03-01 07:05:45',NULL,0),(412,'playerVirtual10','playerVirtual10_707eb5e265',4,'2018-03-01 07:05:46',NULL,0),(413,'playerVirtual10','playerVirtual10_4246147567',1,'2018-03-01 07:05:46',NULL,0),(414,'playerVirtual3','playerVirtual3_4246147567',0,'2018-03-01 07:05:54',NULL,0),(415,'playerVirtual3','playerVirtual3_4246147567',0,'2018-03-01 07:05:54',NULL,0),(416,'playerVirtual17','playerVirtual17_b7c4f4bef5',3,'2018-03-01 07:06:42',NULL,0),(417,'playerVirtual3','playerVirtual3_ee038915fb',3,'2018-03-01 07:06:54',NULL,0),(418,'playerVirtual17','playerVirtual17_42d52009e1',4,'2018-03-01 07:07:44',NULL,0),(419,'playerVirtual4','playerVirtual4_359920779',1,'2018-03-01 07:08:04',NULL,0),(420,'playerVirtual4','playerVirtual4_4d7463b6b4',4,'2018-03-01 07:08:05',NULL,0),(421,'playerVirtual4','playerVirtual4_359920779',1,'2018-03-01 07:08:05',NULL,0),(422,'playerVirtual7','playerVirtual7_4246147567',0,'2018-03-01 07:08:32',NULL,0),(423,'playerVirtual2','playerVirtual2_215ab352ef',3,'2018-03-01 07:09:22',NULL,0),(424,'playerVirtual7','playerVirtual7_58f7be04ba',3,'2018-03-01 07:09:32',NULL,0),(425,'playerVirtual14','playerVirtual14_4246147567',1,'2018-03-01 07:10:00',NULL,0),(426,'playerVirtual14','playerVirtual14_ad0d3da4a6',3,'2018-03-01 07:10:00',NULL,0),(427,'playerVirtual14','playerVirtual14_4246147567',1,'2018-03-01 07:10:00',NULL,0),(428,'playerVirtual18','playerVirtual18_5068098508',0,'2018-03-01 07:11:05',NULL,0),(429,'playerVirtual18','playerVirtual18_5068098508',0,'2018-03-01 07:11:05',NULL,0),(430,'playerVirtual18','playerVirtual18_4c9718d7fc',3,'2018-03-01 07:12:05',NULL,0),(431,'playerVirtual9','playerVirtual9_4246147567',0,'2018-03-01 07:12:58',NULL,0),(432,'playerVirtual9','playerVirtual9_4246147567',0,'2018-03-01 07:12:58',NULL,0),(433,'playerVirtual5','playerVirtual5_4246147567',0,'2018-03-01 07:13:00',NULL,0),(434,'playerVirtual5','playerVirtual5_4246147567',0,'2018-03-01 07:13:00',NULL,0),(435,'playerVirtual6','playerVirtual6_4246147567',0,'2018-03-01 07:13:05',NULL,0),(436,'playerVirtual6','playerVirtual6_4246147567',0,'2018-03-01 07:13:06',NULL,0),(437,'playerVirtual12','playerVirtual12_4246147567',1,'2018-03-01 07:13:17',NULL,0),(438,'playerVirtual12','playerVirtual12_e0c398a3dd',3,'2018-03-01 07:13:17',NULL,0),(439,'playerVirtual12','playerVirtual12_4246147567',1,'2018-03-01 07:13:17',NULL,0),(440,'playerVirtual8','playerVirtual8_990694203',1,'2018-03-01 07:13:42',NULL,0),(441,'playerVirtual8','playerVirtual8_0e53d2453d',3,'2018-03-01 07:13:42',NULL,0),(442,'playerVirtual8','playerVirtual8_990694203',1,'2018-03-01 07:13:42',NULL,0),(443,'playerVirtual9','playerVirtual9_2001629ba9',4,'2018-03-01 07:13:58',NULL,0),(444,'playerVirtual5','playerVirtual5_44ad5a3477',4,'2018-03-01 07:14:00',NULL,0),(445,'playerVirtual6','playerVirtual6_c65a163409',4,'2018-03-01 07:14:05',NULL,0),(446,'playerVirtual11','playerVirtual11_359920779',0,'2018-03-01 07:15:42',NULL,0),(447,'playerVirtual11','playerVirtual11_359920779',0,'2018-03-01 07:15:47',NULL,0),(448,'playerVirtual18','playerVirtual18_5068098508',1,'2018-03-01 07:15:50',NULL,0),(449,'playerVirtual18','playerVirtual18_7089967319',4,'2018-03-01 07:15:50',NULL,0),(450,'playerVirtual18','playerVirtual18_5068098508',1,'2018-03-01 07:15:51',NULL,0),(451,'playerVirtual3','playerVirtual3_414e3ed64d',4,'2018-03-01 07:15:52',NULL,0),(452,'playerVirtual11','playerVirtual11_87c1b34417',4,'2018-03-01 07:16:41',NULL,0),(453,'playerVirtual19','playerVirtual19_4246147567',0,'2018-03-01 07:17:00',NULL,0),(454,'playerVirtual19','playerVirtual19_4246147567',0,'2018-03-01 07:17:00',NULL,0),(455,'playerVirtual15','playerVirtual15_4246147567',1,'2018-03-01 07:17:39',NULL,0),(456,'playerVirtual15','playerVirtual15_e2f35ae26a',3,'2018-03-01 07:17:39',NULL,0),(457,'playerVirtual15','playerVirtual15_4246147567',1,'2018-03-01 07:17:39',NULL,0),(458,'playerVirtual19','playerVirtual19_67ccc4abb8',3,'2018-03-01 07:18:00',NULL,0),(459,'playerVirtual19','playerVirtual19_4246147567',1,'2018-03-01 07:19:02',NULL,0),(460,'playerVirtual19','playerVirtual19_9c6e1a6f7e',4,'2018-03-01 07:19:02',NULL,0),(461,'playerVirtual19','playerVirtual19_4246147567',1,'2018-03-01 07:19:02',NULL,0),(462,'playerVirtual14','playerVirtual14_4246147567',0,'2018-03-01 07:19:27',NULL,0),(463,'playerVirtual14','playerVirtual14_565bb4c634',4,'2018-03-01 07:19:27',NULL,0),(464,'playerVirtual14','playerVirtual14_4246147567',0,'2018-03-01 07:19:27',NULL,0),(465,'playerVirtual10','playerVirtual10_4246147567',0,'2018-03-01 07:20:08',NULL,0),(466,'playerVirtual10','playerVirtual10_a0f83d0776',3,'2018-03-01 07:20:09',NULL,0),(467,'playerVirtual10','playerVirtual10_4246147567',0,'2018-03-01 07:20:09',NULL,0),(468,'playerVirtual7','playerVirtual7_9f66358413',4,'2018-03-01 07:22:11',NULL,0),(469,'playerVirtual13','playerVirtual13_1095593',0,'2018-03-01 07:22:38',NULL,0),(470,'playerVirtual13','playerVirtual13_1095593',0,'2018-03-01 07:22:38',NULL,0),(471,'playerVirtual13','playerVirtual13_3442d1b16c',3,'2018-03-01 07:23:38',NULL,0),(472,'playerVirtual6','playerVirtual6_4246147567',1,'2018-03-01 07:24:25',NULL,0),(473,'playerVirtual6','playerVirtual6_a3a9cb7d4a',3,'2018-03-01 07:24:25',NULL,0),(474,'playerVirtual6','playerVirtual6_4246147567',1,'2018-03-01 07:24:25',NULL,0),(475,'playerVirtual2','playerVirtual2_4246147567',0,'2018-03-01 07:24:57',NULL,0),(476,'playerVirtual2','playerVirtual2_4246147567',0,'2018-03-01 07:24:58',NULL,0),(477,'playerVirtual8','playerVirtual8_4246147567',0,'2018-03-01 07:25:38',NULL,0),(478,'playerVirtual8','playerVirtual8_4246147567',0,'2018-03-01 07:25:39',NULL,0),(479,'playerVirtual2','playerVirtual2_df6e0856d8',4,'2018-03-01 07:25:57',NULL,0),(480,'playerVirtual4','playerVirtual4_4246147567',0,'2018-03-01 07:25:59',NULL,0),(481,'playerVirtual4','playerVirtual4_4246147567',0,'2018-03-01 07:26:00',NULL,0),(482,'playerVirtual16','playerVirtual16_4246147567',0,'2018-03-01 07:26:15',NULL,0),(483,'playerVirtual16','playerVirtual16_4246147567',0,'2018-03-01 07:26:15',NULL,0),(484,'playerVirtual15','playerVirtual15_4246147567',0,'2018-03-01 07:26:27',NULL,0),(485,'playerVirtual15','playerVirtual15_fbe27392a7',4,'2018-03-01 07:26:27',NULL,0),(486,'playerVirtual15','playerVirtual15_4246147567',0,'2018-03-01 07:26:27',NULL,0),(487,'playerVirtual8','playerVirtual8_93703d2c7b',4,'2018-03-01 07:26:38',NULL,0),(488,'playerVirtual4','playerVirtual4_5fd07eea18',3,'2018-03-01 07:27:00',NULL,0),(489,'playerVirtual16','playerVirtual16_00ec4c3c5f',3,'2018-03-01 07:27:15',NULL,0),(490,'playerVirtual5','playerVirtual5_4246147567',1,'2018-03-01 07:27:47',NULL,0),(491,'playerVirtual5','playerVirtual5_b410ce4567',3,'2018-03-01 07:27:47',NULL,0),(492,'playerVirtual5','playerVirtual5_4246147567',1,'2018-03-01 07:27:47',NULL,0),(493,'playerVirtual13','playerVirtual13_4246147567',0,'2018-03-01 07:28:34',NULL,0),(494,'playerVirtual13','playerVirtual13_39084bc70f',4,'2018-03-01 07:28:34',NULL,0),(495,'playerVirtual13','playerVirtual13_4246147567',0,'2018-03-01 07:28:34',NULL,0),(496,'playerVirtual12','playerVirtual12_6335261139',0,'2018-03-01 07:29:07',NULL,0),(497,'playerVirtual12','playerVirtual12_6335261139',0,'2018-03-01 07:29:08',NULL,0),(498,'playerVirtual9','playerVirtual9_4246147567',1,'2018-03-01 07:29:34',NULL,0),(499,'playerVirtual9','playerVirtual9_e96ae77a55',3,'2018-03-01 07:29:34',NULL,0),(500,'playerVirtual9','playerVirtual9_4246147567',1,'2018-03-01 07:29:38',NULL,0),(501,'playerVirtual12','playerVirtual12_b18bb0ce00',4,'2018-03-01 07:30:08',NULL,0),(502,'playerVirtual10','playerVirtual10_4246147567',1,'2018-03-01 07:30:14',NULL,0),(503,'playerVirtual10','playerVirtual10_37b27fb162',4,'2018-03-01 07:30:14',NULL,0),(504,'playerVirtual10','playerVirtual10_4246147567',1,'2018-03-01 07:30:14',NULL,0),(505,'playerVirtual1107','playerVirtual1107_f846663d7f',4,'2018-03-01 07:30:40',NULL,0),(506,'playerVirtual16','playerVirtual16_4246147567',1,'2018-03-01 07:30:55',NULL,0),(507,'playerVirtual16','playerVirtual16_5798e1895a',4,'2018-03-01 07:30:55',NULL,0),(508,'playerVirtual16','playerVirtual16_4246147567',1,'2018-03-01 07:30:55',NULL,0),(509,'playerVirtual17','playerVirtual17_4246147567',0,'2018-03-01 07:31:23',NULL,0),(510,'playerVirtual17','playerVirtual17_d8bbdf35c3',3,'2018-03-01 07:31:23',NULL,0),(511,'playerVirtual11','playerVirtual11_4246147567',0,'2018-03-01 07:31:42',NULL,0),(512,'playerVirtual11','playerVirtual11_648b2659ce',3,'2018-03-01 07:31:42',NULL,0),(513,'playerVirtual11','playerVirtual11_4246147567',0,'2018-03-01 07:31:44',NULL,0),(514,'playerVirtual17','playerVirtual17_fbe081aed0',4,'2018-03-01 07:32:25',NULL,0),(515,'playerVirtual3','playerVirtual3_4246147567',0,'2018-03-01 07:33:06',NULL,0),(516,'playerVirtual3','playerVirtual3_bcfa3deb75',3,'2018-03-01 07:33:06',NULL,0),(517,'playerVirtual3','playerVirtual3_4246147567',0,'2018-03-01 07:33:07',NULL,0),(518,'playerVirtual4','playerVirtual4_4246147567',1,'2018-03-01 07:33:57',NULL,0),(519,'playerVirtual4','playerVirtual4_07a4590882',4,'2018-03-01 07:33:57',NULL,0),(520,'playerVirtual4','playerVirtual4_4246147567',1,'2018-03-01 07:33:57',NULL,0),(521,'playerVirtual2','playerVirtual2_4246147567',1,'2018-03-01 07:35:26',NULL,0),(522,'playerVirtual2','playerVirtual2_7f5c113a83',3,'2018-03-01 07:35:26',NULL,0),(523,'playerVirtual2','playerVirtual2_4246147567',1,'2018-03-01 07:35:26',NULL,0),(524,'playerVirtual14','playerVirtual14_4246147567',1,'2018-03-01 07:35:31',NULL,0),(525,'playerVirtual14','playerVirtual14_48272bb21f',3,'2018-03-01 07:35:32',NULL,0),(526,'playerVirtual14','playerVirtual14_4246147567',1,'2018-03-01 07:35:32',NULL,0),(527,'playerVirtual7','playerVirtual7_4246147567',0,'2018-03-01 07:36:38',NULL,0),(528,'playerVirtual7','playerVirtual7_51159fead8',3,'2018-03-01 07:36:38',NULL,0),(529,'playerVirtual18','playerVirtual18_4246147567',0,'2018-03-01 07:38:05',NULL,0),(530,'playerVirtual18','playerVirtual18_4246147567',0,'2018-03-01 07:38:05',NULL,0),(531,'playerVirtual5','playerVirtual5_1436344784',1,'2018-03-01 07:38:43',NULL,0),(532,'playerVirtual5','playerVirtual5_57bf9068f5',4,'2018-03-01 07:38:44',NULL,0),(533,'playerVirtual5','playerVirtual5_1436344784',1,'2018-03-01 07:38:44',NULL,0),(534,'playerVirtual18','playerVirtual18_90be1afc84',3,'2018-03-01 07:39:06',NULL,0),(535,'playerVirtual8','playerVirtual8_4246147567',1,'2018-03-01 07:40:26',NULL,0),(536,'playerVirtual8','playerVirtual8_67656a54d9',3,'2018-03-01 07:40:26',NULL,0),(537,'playerVirtual8','playerVirtual8_4246147567',1,'2018-03-01 07:40:26',NULL,0),(538,'playerVirtual6','playerVirtual6_6344084916',0,'2018-03-01 07:41:41',NULL,0),(539,'playerVirtual6','playerVirtual6_6344084916',0,'2018-03-01 07:41:42',NULL,0),(540,'playerVirtual9','playerVirtual9_4246147567',0,'2018-03-01 07:41:45',NULL,0),(541,'playerVirtual9','playerVirtual9_ff8d71fc64',4,'2018-03-01 07:41:45',NULL,0),(542,'playerVirtual9','playerVirtual9_4246147567',0,'2018-03-01 07:41:45',NULL,0),(543,'playerVirtual3','playerVirtual3_84ecebe65b',4,'2018-03-01 07:42:03',NULL,0),(544,'playerVirtual12','playerVirtual12_990694203',0,'2018-03-01 07:42:04',NULL,0),(545,'playerVirtual12','playerVirtual12_990694203',0,'2018-03-01 07:42:04',NULL,0),(546,'playerVirtual6','playerVirtual6_a8c231db4c',4,'2018-03-01 07:42:42',NULL,0),(547,'playerVirtual18','playerVirtual18_4246147567',1,'2018-03-01 07:42:45',NULL,0),(548,'playerVirtual18','playerVirtual18_0732317fa7',4,'2018-03-01 07:42:46',NULL,0),(549,'playerVirtual18','playerVirtual18_4246147567',1,'2018-03-01 07:42:46',NULL,0),(550,'playerVirtual12','playerVirtual12_5ff96317f7',3,'2018-03-01 07:43:04',NULL,0),(551,'playerVirtual11','playerVirtual11_be8df57d27',4,'2018-03-01 07:43:06',NULL,0),(552,'playerVirtual15','playerVirtual15_4246147567',1,'2018-03-01 07:44:18',NULL,0),(553,'playerVirtual15','playerVirtual15_95da24c0cd',3,'2018-03-01 07:44:18',NULL,0),(554,'playerVirtual15','playerVirtual15_4246147567',1,'2018-03-01 07:44:19',NULL,0),(555,'playerVirtual19','playerVirtual19_4246147567',0,'2018-03-01 07:44:54',NULL,0),(556,'playerVirtual19','playerVirtual19_6732c504c4',3,'2018-03-01 07:44:55',NULL,0),(557,'playerVirtual19','playerVirtual19_4246147567',0,'2018-03-01 07:44:55',NULL,0),(558,'playerVirtual19','playerVirtual19_4246147567',1,'2018-03-01 07:45:56',NULL,0),(559,'playerVirtual19','playerVirtual19_e0eecc88a0',4,'2018-03-01 07:45:56',NULL,0),(560,'playerVirtual19','playerVirtual19_4246147567',1,'2018-03-01 07:45:56',NULL,0),(561,'playerVirtual10','playerVirtual10_4246147567',0,'2018-03-01 07:48:10',NULL,0),(562,'playerVirtual10','playerVirtual10_050decc514',3,'2018-03-01 07:48:10',NULL,0),(563,'playerVirtual10','playerVirtual10_4246147567',0,'2018-03-01 07:48:10',NULL,0),(564,'playerVirtual14','playerVirtual14_6566788',0,'2018-03-01 07:48:32',NULL,0),(565,'playerVirtual14','playerVirtual14_6566788',0,'2018-03-01 07:48:33',NULL,0),(566,'playerVirtual7','playerVirtual7_73e9fbc30b',4,'2018-03-01 07:49:13',NULL,0),(567,'playerVirtual14','playerVirtual14_5b8008d15a',4,'2018-03-01 07:49:32',NULL,0),(568,'playerVirtual13','playerVirtual13_4246147567',1,'2018-03-01 07:50:57',NULL,0),(569,'playerVirtual13','playerVirtual13_c18d91d637',3,'2018-03-01 07:50:57',NULL,0),(570,'playerVirtual13','playerVirtual13_4246147567',1,'2018-03-01 07:50:57',NULL,0),(571,'playerVirtual2','playerVirtual2_272887063',1,'2018-03-01 07:54:17',NULL,0),(572,'playerVirtual2','playerVirtual2_6a0fdb5678',4,'2018-03-01 07:54:17',NULL,0),(573,'playerVirtual2','playerVirtual2_272887063',1,'2018-03-01 07:54:18',NULL,0),(574,'playerVirtual6','playerVirtual6_4246147567',0,'2018-03-01 07:55:02',NULL,0),(575,'playerVirtual6','playerVirtual6_8c2c0cce2c',3,'2018-03-01 07:55:02',NULL,0),(576,'playerVirtual6','playerVirtual6_4246147567',0,'2018-03-01 07:55:03',NULL,0),(577,'playerVirtual16','playerVirtual16_272887063',0,'2018-03-01 07:55:36',NULL,0),(578,'playerVirtual16','playerVirtual16_272887063',0,'2018-03-01 07:55:37',NULL,0),(579,'playerVirtual4','playerVirtual4_4246147567',0,'2018-03-01 07:55:52',NULL,0),(580,'playerVirtual4','playerVirtual4_777fc3adfe',3,'2018-03-01 07:55:53',NULL,0),(581,'playerVirtual4','playerVirtual4_4246147567',0,'2018-03-01 07:55:53',NULL,0),(582,'playerVirtual8','playerVirtual8_82730999',0,'2018-03-01 07:55:54',NULL,0),(583,'playerVirtual8','playerVirtual8_82730999',0,'2018-03-01 07:55:55',NULL,0),(584,'playerVirtual15','playerVirtual15_16917741',0,'2018-03-01 07:56:17',NULL,0),(585,'playerVirtual15','playerVirtual15_16917741',0,'2018-03-01 07:56:17',NULL,0),(586,'playerVirtual16','playerVirtual16_6eb5351b1f',3,'2018-03-01 07:56:36',NULL,0),(587,'playerVirtual5','playerVirtual5_4246147567',0,'2018-03-01 07:56:52',NULL,0),(588,'playerVirtual5','playerVirtual5_a9e6ed64c6',3,'2018-03-01 07:56:52',NULL,0),(589,'playerVirtual5','playerVirtual5_4246147567',0,'2018-03-01 07:56:52',NULL,0),(590,'playerVirtual8','playerVirtual8_d0b2a34a28',4,'2018-03-01 07:56:55',NULL,0),(591,'playerVirtual15','playerVirtual15_99cc25ae3b',4,'2018-03-01 07:57:17',NULL,0),(592,'playerVirtual9','playerVirtual9_12759cf070',3,'2018-03-01 07:57:18',NULL,0),(593,'playerVirtual10','playerVirtual10_4246147567',1,'2018-03-01 07:58:15',NULL,0),(594,'playerVirtual10','playerVirtual10_f941b2036c',4,'2018-03-01 07:58:15',NULL,0),(595,'playerVirtual10','playerVirtual10_4246147567',1,'2018-03-01 07:58:16',NULL,0),(596,'playerVirtual13','playerVirtual13_3338579772',0,'2018-03-01 07:58:25',NULL,0),(597,'playerVirtual13','playerVirtual13_3338579772',0,'2018-03-01 07:58:25',NULL,0),(598,'playerVirtual12','playerVirtual12_37992c14a2',4,'2018-03-01 07:58:56',NULL,0);
/*!40000 ALTER TABLE `REQUEST` ENABLE KEYS */;
UNLOCK TABLES;

--
-- Table structure for table `STATUS`
--

DROP TABLE IF EXISTS `STATUS`;
/*!40101 SET @saved_cs_client     = @@character_set_client */;
/*!40101 SET character_set_client = utf8 */;
CREATE TABLE `STATUS` (
  `id` int(11) NOT NULL AUTO_INCREMENT,
  `players` int(11) DEFAULT '0',
  `all_requests` int(11) DEFAULT '0',
  `accepts` int(11) DEFAULT '0',
  `rejects` int(11) DEFAULT '0',
  `fairness` float DEFAULT '0',
  `timestamp` timestamp NULL DEFAULT NULL,
  PRIMARY KEY (`id`)
) ENGINE=InnoDB AUTO_INCREMENT=32 DEFAULT CHARSET=utf8;
/*!40101 SET character_set_client = @saved_cs_client */;

--
-- Dumping data for table `STATUS`
--

LOCK TABLES `STATUS` WRITE;
/*!40000 ALTER TABLE `STATUS` DISABLE KEYS */;
INSERT INTO `STATUS` VALUES (1,0,0,0,0,0,'2018-03-01 05:28:55'),(2,2,4,3,1,0.75,'2018-03-01 05:33:55'),(3,3,10,8,2,0.8,'2018-03-01 05:38:55'),(4,5,16,11,5,0.6875,'2018-03-01 05:43:55'),(5,6,22,14,8,0.636364,'2018-03-01 05:48:55'),(6,8,27,18,9,0.666667,'2018-03-01 05:53:56'),(7,9,35,24,11,0.685714,'2018-03-01 05:58:56'),(8,10,40,29,11,0.725,'2018-03-01 06:03:56'),(9,12,46,34,12,0.73913,'2018-03-01 06:08:56'),(10,13,52,39,13,0.75,'2018-03-01 06:13:56'),(11,15,58,42,16,0.724138,'2018-03-01 06:18:56'),(12,16,65,48,17,0.738462,'2018-03-01 06:23:56'),(13,18,70,52,18,0.742857,'2018-03-01 06:28:56'),(14,19,74,55,19,0.743243,'2018-03-01 06:33:57'),(15,20,77,57,20,0.74026,'2018-03-01 06:38:57'),(16,22,82,62,20,0.756098,'2018-03-01 06:43:57'),(17,23,84,63,21,0.75,'2018-03-01 06:48:57'),(18,24,88,67,21,0.761364,'2018-03-01 06:53:57'),(19,25,92,71,21,0.771739,'2018-03-01 06:58:57'),(20,25,97,75,22,0.773196,'2018-03-01 07:03:57'),(21,26,99,76,23,0.767677,'2018-03-01 07:08:57'),(22,26,103,80,23,0.776699,'2018-03-01 07:13:57'),(23,26,105,81,24,0.771429,'2018-03-01 07:18:58'),(24,26,108,83,25,0.768519,'2018-03-01 07:23:58'),(25,26,114,89,25,0.780702,'2018-03-01 07:28:58'),(26,27,117,88,29,0.752137,'2018-03-01 07:33:58'),(27,27,118,89,29,0.754237,'2018-03-01 07:38:58'),(28,27,121,89,32,0.735537,'2018-03-01 07:43:59'),(29,27,124,92,32,0.741935,'2018-03-01 07:48:59'),(30,27,124,93,31,0.75,'2018-03-01 07:53:59'),(31,28,131,100,31,0.763359,'2018-03-01 07:58:59');
/*!40000 ALTER TABLE `STATUS` ENABLE KEYS */;
UNLOCK TABLES;

--
-- Table structure for table `THRESHOLD`
--

DROP TABLE IF EXISTS `THRESHOLD`;
/*!40101 SET @saved_cs_client     = @@character_set_client */;
/*!40101 SET character_set_client = utf8 */;
CREATE TABLE `THRESHOLD` (
  `division` int(11) NOT NULL,
  `botton` float DEFAULT '0',
  `top` float DEFAULT '0',
  PRIMARY KEY (`division`)
) ENGINE=InnoDB DEFAULT CHARSET=utf8;
/*!40101 SET character_set_client = @saved_cs_client */;

--
-- Dumping data for table `THRESHOLD`
--

LOCK TABLES `THRESHOLD` WRITE;
/*!40000 ALTER TABLE `THRESHOLD` DISABLE KEYS */;
INSERT INTO `THRESHOLD` VALUES (1,8.76,20),(2,4.38,8.76),(3,0,4.38);
/*!40000 ALTER TABLE `THRESHOLD` ENABLE KEYS */;
UNLOCK TABLES;

--
-- Table structure for table `VM`
--

DROP TABLE IF EXISTS `VM`;
/*!40101 SET @saved_cs_client     = @@character_set_client */;
/*!40101 SET character_set_client = utf8 */;
CREATE TABLE `VM` (
  `id` int(11) NOT NULL AUTO_INCREMENT,
  `origin_add` varchar(45) NOT NULL,
  `origin_id` varchar(45) NOT NULL,
  `origin_name` varchar(45) NOT NULL,
  `destiny_add` varchar(45) NOT NULL,
  `destiny_name` varchar(45) NOT NULL,
  `destiny_id` varchar(45) NOT NULL,
  `status` tinyint(1) NOT NULL,
  `has_resources` tinyint(1) NOT NULL,
  `vcpus` int(11) NOT NULL,
  `mem` bigint(20) NOT NULL,
  `disk` bigint(20) NOT NULL,
  `timestamp_received` timestamp NULL DEFAULT NULL,
  `timestamp_finished` timestamp NULL DEFAULT NULL,
  PRIMARY KEY (`id`)
) ENGINE=InnoDB AUTO_INCREMENT=132 DEFAULT CHARSET=utf8;
/*!40101 SET character_set_client = @saved_cs_client */;

--
-- Dumping data for table `VM`
--

LOCK TABLES `VM` WRITE;
/*!40000 ALTER TABLE `VM` DISABLE KEYS */;
INSERT INTO `VM` VALUES (1,'192.168.0.200','playerVirtual1_450512000','playerVirtual1','192.168.0.200','playerVirtual2','playerVirtual2_22014246e4',1,1,1,2048,20,'2018-03-01 05:31:09',NULL),(2,'192.168.0.200','playerVirtual2_1438244924','playerVirtual2','192.168.0.200','playerVirtual1','playerVirtual1_1f1fe094b6',3,1,1,2048,20,'2018-03-01 05:31:11','2018-03-01 06:33:03'),(3,'192.168.0.200','playerVirtual1_640692267','playerVirtual1','192.168.0.200','playerVirtual2','playerVirtual2_a41580a27c',1,1,1,512,1,'2018-03-01 05:33:14',NULL),(4,'192.168.0.200','playerVirtual2_2381571381','playerVirtual2','192.168.0.200','playerVirtual1','playerVirtual2_2381571381',0,0,1,2048,20,'2018-03-01 05:33:16','2018-03-01 05:33:16'),(5,'192.168.0.200','playerVirtual1_5297461910','playerVirtual1','192.168.0.200','playerVirtual3','playerVirtual3_9716f8b9a6',1,1,1,512,1,'2018-03-01 05:35:18',NULL),(6,'192.168.0.200','playerVirtual2_2790332778','playerVirtual2','192.168.0.200','playerVirtual3','playerVirtual3_ee30c9dc9b',1,1,2,4096,40,'2018-03-01 05:35:23',NULL),(7,'192.168.0.200','playerVirtual3_369721705','playerVirtual3','192.168.0.200','playerVirtual2','playerVirtual2_feae1fe7f7',1,1,2,4096,40,'2018-03-01 05:36:25',NULL),(8,'192.168.0.200','playerVirtual1_317469422','playerVirtual1','192.168.0.200','playerVirtual2','playerVirtual2_6192247d88',1,1,2,4096,40,'2018-03-01 05:37:27',NULL),(9,'192.168.0.200','playerVirtual2_6955737','playerVirtual2','192.168.0.200','playerVirtual1','playerVirtual2_6955737',0,0,1,2048,20,'2018-03-01 05:37:28','2018-03-01 05:37:28'),(10,'192.168.0.200','playerVirtual3_257338104','playerVirtual3','192.168.0.200','playerVirtual2','playerVirtual2_ccdba6fa5f',1,1,2,4096,40,'2018-03-01 05:38:26',NULL),(11,'192.168.0.200','playerVirtual2_2433236783','playerVirtual2','192.168.0.200','playerVirtual3','playerVirtual2_2433236783',0,0,1,2048,20,'2018-03-01 05:39:37','2018-03-01 05:39:37'),(12,'192.168.0.200','playerVirtual3_3338579772','playerVirtual3','192.168.0.200','playerVirtual4','playerVirtual4_062d3ac1d2',3,1,1,2048,20,'2018-03-01 05:40:39','2018-03-01 06:31:20'),(13,'192.168.0.200','playerVirtual2_2359368952','playerVirtual2','192.168.0.200','playerVirtual0','playerVirtual2_2359368952',0,1,1,512,1,'2018-03-01 05:41:53','2018-03-01 05:41:53'),(14,'192.168.0.200','playerVirtual3_16917741','playerVirtual3','192.168.0.200','playerVirtual4','playerVirtual4_1c2e89ba8f',1,1,1,512,1,'2018-03-01 05:42:54',NULL),(15,'192.168.0.200','playerVirtual4_2545640208','playerVirtual4','192.168.0.200','playerVirtual0','playerVirtual4_2545640208',0,1,1,2048,20,'2018-03-01 05:43:44','2018-03-01 05:43:44'),(16,'192.168.0.200','playerVirtual0_908315','playerVirtual0','192.168.0.200','playerVirtual4','playerVirtual4_0a7a9403a5',1,1,1,2048,20,'2018-03-01 05:43:46',NULL),(17,'192.168.0.200','playerVirtual2_539194189','playerVirtual2','192.168.0.200','playerVirtual0','playerVirtual2_539194189',0,1,1,2048,20,'2018-03-01 05:44:23','2018-03-01 05:44:23'),(18,'192.168.0.200','playerVirtual3_4820204870','playerVirtual3','192.168.0.200','playerVirtual5','playerVirtual5_33c6d98df9',3,1,2,4096,40,'2018-03-01 05:46:06','2018-03-01 06:14:29'),(19,'192.168.0.200','playerVirtual4_8058564','playerVirtual4','192.168.0.200','playerVirtual0','playerVirtual4_8058564',0,1,1,2048,20,'2018-03-01 05:47:39','2018-03-01 05:47:39'),(20,'192.168.0.200','playerVirtual0_1429160667','playerVirtual0','192.168.0.200','playerVirtual4','playerVirtual4_37bf9826ae',1,1,1,2048,20,'2018-03-01 05:47:47',NULL),(21,'192.168.0.200','playerVirtual2_82730999','playerVirtual2','192.168.0.200','playerVirtual5','playerVirtual5_79c286aa21',1,1,1,512,1,'2018-03-01 05:48:17',NULL),(22,'192.168.0.200','playerVirtual5_3338010893','playerVirtual5','192.168.0.200','playerVirtual0','playerVirtual5_3338010893',0,1,1,512,1,'2018-03-01 05:48:29','2018-03-01 05:48:29'),(23,'192.168.0.200','playerVirtual3_351652724','playerVirtual3','192.168.0.200','playerVirtual4','playerVirtual4_e13f7c1b05',1,1,1,2048,20,'2018-03-01 05:49:19',NULL),(24,'192.168.0.200','playerVirtual4_6571218','playerVirtual4','192.168.0.200','playerVirtual6','playerVirtual6_0049ec31e4',1,1,1,2048,20,'2018-03-01 05:50:09',NULL),(25,'192.168.0.200','playerVirtual5_1339662','playerVirtual5','192.168.0.200','playerVirtual4','playerVirtual4_623c8af2cc',1,1,1,2048,20,'2018-03-01 05:50:43',NULL),(26,'192.168.0.200','playerVirtual2_1436344784','playerVirtual2','192.168.0.200','playerVirtual5','playerVirtual5_2e803575b2',3,1,1,2048,20,'2018-03-01 05:50:54','2018-03-01 06:50:40'),(27,'192.168.0.200','playerVirtual3_284794223','playerVirtual3','192.168.0.200','playerVirtual1990','playerVirtual3_284794223',0,1,1,2048,20,'2018-03-01 05:52:39','2018-03-01 05:52:39'),(28,'192.168.0.200','playerVirtual4_359920779','playerVirtual4','192.168.0.200','playerVirtual6','playerVirtual6_3ba269d589',3,1,1,512,1,'2018-03-01 05:54:12','2018-03-01 07:08:05'),(29,'192.168.0.200','playerVirtual2_2904109077','playerVirtual2','192.168.0.200','playerVirtual4','playerVirtual4_76ecc44993',1,1,1,512,1,'2018-03-01 05:54:50',NULL),(30,'192.168.0.200','playerVirtual5_904011','playerVirtual5','192.168.0.200','playerVirtual1990','playerVirtual5_904011',0,1,1,2048,20,'2018-03-01 05:55:02','2018-03-01 05:55:02'),(31,'192.168.0.200','playerVirtual6_1093460','playerVirtual6','192.168.0.200','playerVirtual7','playerVirtual7_e14c5c299d',1,1,1,512,1,'2018-03-01 05:55:42',NULL),(32,'192.168.0.200','playerVirtual3_905614','playerVirtual3','192.168.0.200','playerVirtual5','playerVirtual5_89ef4ea00f',1,1,1,2048,20,'2018-03-01 05:55:53',NULL),(33,'192.168.0.200','playerVirtual4_6569547','playerVirtual4','192.168.0.200','playerVirtual6','playerVirtual6_37f725871f',1,1,1,2048,20,'2018-03-01 05:56:45',NULL),(34,'192.168.0.200','playerVirtual5_5792765','playerVirtual5','192.168.0.200','playerVirtual4','playerVirtual4_7a58f5e38c',1,1,1,512,1,'2018-03-01 05:57:24',NULL),(35,'192.168.0.200','playerVirtual2_30788568','playerVirtual2','192.168.0.200','playerVirtual1990','playerVirtual2_30788568',0,1,1,512,1,'2018-03-01 05:57:34','2018-03-01 05:57:34'),(36,'192.168.0.200','playerVirtual3_4820318661','playerVirtual3','192.168.0.200','playerVirtual5','playerVirtual5_3f1d41db40',1,1,2,4096,40,'2018-03-01 05:59:35',NULL),(37,'192.168.0.200','playerVirtual6_38671842','playerVirtual6','192.168.0.200','playerVirtual8','playerVirtual8_e876f9b67a',1,1,1,512,1,'2018-03-01 06:00:28',NULL),(38,'192.168.0.200','playerVirtual4_4819935267','playerVirtual4','192.168.0.200','playerVirtual6','playerVirtual6_281ef6f382',1,1,2,4096,40,'2018-03-01 06:01:09',NULL),(39,'192.168.0.200','playerVirtual2_6264344062','playerVirtual2','192.168.0.200','playerVirtual4','playerVirtual4_7c0824b655',3,1,1,512,1,'2018-03-01 06:01:50','2018-03-01 06:44:44'),(40,'192.168.0.200','playerVirtual5_4820217293','playerVirtual5','192.168.0.200','playerVirtual8','playerVirtual8_244094e416',1,1,2,4096,40,'2018-03-01 06:02:02',NULL),(41,'192.168.0.200','playerVirtual6_2148750930','playerVirtual6','192.168.0.200','playerVirtual8','playerVirtual8_fbb8fbd4d7',1,1,1,2048,20,'2018-03-01 06:04:14',NULL),(42,'192.168.0.200','playerVirtual3_1095593','playerVirtual3','192.168.0.200','playerVirtual6','playerVirtual6_43b00af19d',3,1,1,512,1,'2018-03-01 06:04:25','2018-03-01 06:43:29'),(43,'192.168.0.200','playerVirtual4_563574327','playerVirtual4','192.168.0.200','playerVirtual1153','playerVirtual4_563574327',0,1,1,2048,20,'2018-03-01 06:05:21','2018-03-01 06:05:21'),(44,'192.168.0.200','playerVirtual8_227443932','playerVirtual8','192.168.0.200','playerVirtual9','playerVirtual9_38e14c0faf',1,1,1,2048,20,'2018-03-01 06:05:38',NULL),(45,'192.168.0.200','playerVirtual5_16915963','playerVirtual5','192.168.0.200','playerVirtual2','playerVirtual2_90e00f8722',1,1,1,2048,20,'2018-03-01 06:06:06',NULL),(46,'192.168.0.200','playerVirtual3_6274355716','playerVirtual3','192.168.0.200','playerVirtual8','playerVirtual8_a1afe99b8f',3,1,1,512,1,'2018-03-01 06:08:26','2018-03-01 06:52:29'),(47,'192.168.0.200','playerVirtual6_272887063','playerVirtual6','192.168.0.200','playerVirtual1153','playerVirtual6_272887063',0,1,1,2048,20,'2018-03-01 06:09:16','2018-03-01 06:09:16'),(48,'192.168.0.200','playerVirtual8_4820204870','playerVirtual8','192.168.0.200','playerVirtual6','playerVirtual6_c0a2dfafa5',1,1,2,4096,40,'2018-03-01 06:09:20',NULL),(49,'192.168.0.200','playerVirtual2_38676294','playerVirtual2','192.168.0.200','playerVirtual9','playerVirtual9_692d5fa354',1,1,1,512,1,'2018-03-01 06:09:42',NULL),(50,'192.168.0.200','playerVirtual9_284757920','playerVirtual9','192.168.0.200','playerVirtual10','playerVirtual10_c1078b9577',1,1,1,2048,20,'2018-03-01 06:10:59',NULL),(51,'192.168.0.200','playerVirtual4_182859403','playerVirtual4','192.168.0.200','playerVirtual2','playerVirtual2_e24bf10705',3,1,1,512,1,'2018-03-01 06:11:03','2018-03-01 06:44:10'),(52,'192.168.0.200','playerVirtual5_990694203','playerVirtual5','192.168.0.200','playerVirtual8','playerVirtual8_da7d400f58',3,1,1,2048,20,'2018-03-01 06:12:28','2018-03-01 06:16:33'),(53,'192.168.0.200','playerVirtual6_6280643141','playerVirtual6','192.168.0.200','playerVirtual5','playerVirtual5_e8adb4db52',1,1,1,512,1,'2018-03-01 06:14:59',NULL),(54,'192.168.0.200','playerVirtual9_2359368952','playerVirtual9','192.168.0.200','playerVirtual11','playerVirtual11_7c14723d57',1,1,1,512,1,'2018-03-01 06:15:16',NULL),(55,'192.168.0.200','playerVirtual2_272887063','playerVirtual2','192.168.0.200','playerVirtual6','playerVirtual6_e6836da816',3,1,1,2048,20,'2018-03-01 06:15:49','2018-03-01 07:54:18'),(56,'192.168.0.200','playerVirtual8_4476462938','playerVirtual8','192.168.0.200','playerVirtual10','playerVirtual10_a967d40cb0',1,1,1,2048,20,'2018-03-01 06:16:32',NULL),(57,'192.168.0.200','playerVirtual10_6280638724','playerVirtual10','192.168.0.200','playerVirtual1755','playerVirtual10_6280638724',0,1,1,512,1,'2018-03-01 06:17:53','2018-03-01 06:17:53'),(58,'192.168.0.200','playerVirtual3_1436323714','playerVirtual3','192.168.0.200','playerVirtual11','playerVirtual11_4c78ba649a',1,1,1,2048,20,'2018-03-01 06:18:41',NULL),(59,'192.168.0.200','playerVirtual8_6285257156','playerVirtual8','192.168.0.200','playerVirtual12','playerVirtual12_acea24717f',1,1,1,512,1,'2018-03-01 06:21:12',NULL),(60,'192.168.0.200','playerVirtual2_182859403','playerVirtual2','192.168.0.200','playerVirtual8','playerVirtual8_2d8b0dc922',3,1,1,512,1,'2018-03-01 06:21:25','2018-03-01 06:59:58'),(61,'192.168.0.200','playerVirtual4_214880781','playerVirtual4','192.168.0.200','playerVirtual2','playerVirtual2_a829f3ef30',1,1,1,2048,20,'2018-03-01 06:21:29',NULL),(62,'192.168.0.200','playerVirtual10_6955737','playerVirtual10','192.168.0.200','playerVirtual1755','playerVirtual10_6955737',0,1,1,2048,20,'2018-03-01 06:21:39','2018-03-01 06:21:39'),(63,'192.168.0.200','playerVirtual9_1094955','playerVirtual9','192.168.0.200','playerVirtual10','playerVirtual10_5464bce9c8',1,1,1,512,1,'2018-03-01 06:22:26',NULL),(64,'192.168.0.200','playerVirtual5_16914091','playerVirtual5','192.168.0.200','playerVirtual11','playerVirtual11_a4afa45eac',1,1,1,2048,20,'2018-03-01 06:22:58',NULL),(65,'192.168.0.200','playerVirtual11_682797','playerVirtual11','192.168.0.200','playerVirtual12','playerVirtual12_685cf37d7a',1,1,1,2048,20,'2018-03-01 06:23:30',NULL),(66,'192.168.0.200','playerVirtual3_1438244924','playerVirtual3','192.168.0.200','playerVirtual13','playerVirtual13_eb44166f66',3,1,1,2048,20,'2018-03-01 06:26:07','2018-03-01 06:38:35'),(67,'192.168.0.200','playerVirtual6_2381571381','playerVirtual6','192.168.0.200','playerVirtual8','playerVirtual8_1d7001fed8',1,1,1,2048,20,'2018-03-01 06:26:47',NULL),(68,'192.168.0.200','playerVirtual4_6289355687','playerVirtual4','192.168.0.200','playerVirtual2','playerVirtual2_4c3df60ce2',1,1,1,512,1,'2018-03-01 06:27:54',NULL),(69,'192.168.0.200','playerVirtual11_794070039','playerVirtual11','192.168.0.200','playerVirtual1596','playerVirtual11_794070039',0,1,1,512,1,'2018-03-01 06:28:04','2018-03-01 06:28:04'),(70,'192.168.0.200','playerVirtual9_6289704471','playerVirtual9','192.168.0.200','playerVirtual10','playerVirtual10_5a502017c2',3,1,1,512,1,'2018-03-01 06:28:47','2018-03-01 06:48:10'),(71,'192.168.0.200','playerVirtual5_1436344784','playerVirtual5','192.168.0.200','playerVirtual12','playerVirtual12_923d985e47',3,1,1,2048,20,'2018-03-01 06:29:24','2018-03-01 07:38:44'),(72,'192.168.0.200','playerVirtual8_2378747961','playerVirtual8','192.168.0.200','playerVirtual13','playerVirtual13_47a9ea27bb',3,1,1,512,1,'2018-03-01 06:29:24','2018-03-01 06:35:31'),(73,'192.168.0.200','playerVirtual12_3338579772','playerVirtual12','192.168.0.200','playerVirtual1596','playerVirtual12_3338579772',0,1,1,2048,20,'2018-03-01 06:29:50','2018-03-01 06:29:50'),(74,'192.168.0.200','playerVirtual10_1438244924','playerVirtual10','192.168.0.200','playerVirtual14','playerVirtual14_6d6d96b924',1,1,1,2048,20,'2018-03-01 06:31:20',NULL),(75,'192.168.0.200','playerVirtual6_6296268057','playerVirtual6','192.168.0.200','playerVirtual15','playerVirtual15_6bbd138876',1,1,1,512,1,'2018-03-01 06:35:10',NULL),(76,'192.168.0.200','playerVirtual13_990694203','playerVirtual13','192.168.0.200','playerVirtual10','playerVirtual10_af6c877f34',3,1,1,2048,20,'2018-03-01 06:36:45','2018-03-01 06:38:41'),(77,'192.168.0.200','playerVirtual4_182859403','playerVirtual4','192.168.0.200','playerVirtual8','playerVirtual8_fa9b1fb5da',3,1,1,512,1,'2018-03-01 06:38:40','2018-03-01 06:44:10'),(78,'192.168.0.200','playerVirtual12_1095593','playerVirtual12','192.168.0.200','playerVirtual13','playerVirtual13_bd3fff13a1',3,1,1,512,1,'2018-03-01 06:39:23','2018-03-01 06:50:16'),(79,'192.168.0.200','playerVirtual9_6301942525','playerVirtual9','192.168.0.200','playerVirtual16','playerVirtual16_c1b2dbfbfd',1,1,1,512,1,'2018-03-01 06:40:46',NULL),(80,'192.168.0.200','playerVirtual11_6264344062','playerVirtual11','192.168.0.200','playerVirtual14','playerVirtual14_296f677242',1,1,1,2048,20,'2018-03-01 06:41:18',NULL),(81,'192.168.0.200','playerVirtual10_6274355716','playerVirtual10','192.168.0.200','playerVirtual15','playerVirtual15_7234c79529',1,1,1,512,1,'2018-03-01 06:42:25',NULL),(82,'192.168.0.200','playerVirtual5_6289704471','playerVirtual5','192.168.0.200','playerVirtual4','playerVirtual4_99ef304c11',3,1,1,2048,20,'2018-03-01 06:43:06','2018-03-01 07:03:14'),(83,'192.168.0.200','playerVirtual14_5297461910','playerVirtual14','192.168.0.200','playerVirtual1280','playerVirtual14_5297461910',0,1,1,512,1,'2018-03-01 06:46:14','2018-03-01 06:46:14'),(84,'192.168.0.200','playerVirtual6_539194189','playerVirtual6','192.168.0.200','playerVirtual17','playerVirtual17_126efea193',1,1,1,2048,20,'2018-03-01 06:47:47',NULL),(85,'192.168.0.200','playerVirtual8_908315','playerVirtual8','192.168.0.200','playerVirtual6','playerVirtual6_761311d636',1,1,1,2048,20,'2018-03-01 06:49:25',NULL),(86,'192.168.0.200','playerVirtual11_4246147567','playerVirtual11','192.168.0.200','playerVirtual18','playerVirtual18_215ae382e3',3,1,2,4096,40,'2018-03-01 06:50:59','2018-03-01 07:04:14'),(87,'192.168.0.200','playerVirtual14_4246147567','playerVirtual14','192.168.0.200','playerVirtual10','playerVirtual10_0c4ab7317e',3,1,2,4096,40,'2018-03-01 06:52:56','2018-03-01 07:35:32'),(88,'192.168.0.200','playerVirtual15_182859403','playerVirtual15','192.168.0.200','playerVirtual13','playerVirtual13_b02e294220',1,1,1,512,1,'2018-03-01 06:53:01',NULL),(89,'192.168.0.200','playerVirtual10_4246147567','playerVirtual10','192.168.0.200','playerVirtual5','playerVirtual5_ce967b2800',3,1,2,4096,40,'2018-03-01 06:54:40','2018-03-01 07:58:16'),(90,'192.168.0.200','playerVirtual13_4246147567','playerVirtual13','192.168.0.200','playerVirtual19','playerVirtual19_714288612d',3,1,2,4096,40,'2018-03-01 06:58:11','2018-03-01 07:50:57'),(91,'192.168.0.200','playerVirtual15_4246147567','playerVirtual15','192.168.0.200','playerVirtual16','playerVirtual16_0301a134fd',3,1,2,4096,40,'2018-03-01 06:58:53','2018-03-01 07:44:19'),(92,'192.168.0.200','playerVirtual8_990694203','playerVirtual8','192.168.0.200','playerVirtual14','playerVirtual14_5439027bbd',3,1,1,2048,20,'2018-03-01 06:58:54','2018-03-01 07:13:42'),(93,'192.168.0.200','playerVirtual6_6316827871','playerVirtual6','192.168.0.200','playerVirtual8','playerVirtual8_3d5d8d917d',1,1,1,512,1,'2018-03-01 06:59:06',NULL),(94,'192.168.0.200','playerVirtual16_6289704471','playerVirtual16','192.168.0.200','playerVirtual15','playerVirtual15_8bde5fe858',1,1,1,2048,20,'2018-03-01 07:00:01',NULL),(95,'192.168.0.200','playerVirtual4_6315250734','playerVirtual4','192.168.0.200','playerVirtual18','playerVirtual18_d69241809b',1,1,1,512,1,'2018-03-01 07:00:07',NULL),(96,'192.168.0.200','playerVirtual12_4246147567','playerVirtual12','192.168.0.200','playerVirtual13','playerVirtual13_1c0ef1b104',3,1,2,4096,40,'2018-03-01 07:02:25','2018-03-01 07:13:17'),(97,'192.168.0.200','playerVirtual9_2378747961','playerVirtual9','192.168.0.200','playerVirtual19','playerVirtual19_aabf325470',1,1,1,512,1,'2018-03-01 07:03:43',NULL),(98,'192.168.0.200','playerVirtual16_6322213339','playerVirtual16','192.168.0.200','playerVirtual14','playerVirtual14_2ccca3e8d9',1,1,1,512,1,'2018-03-01 07:04:41',NULL),(99,'192.168.0.200','playerVirtual3_4246147567','playerVirtual3','192.168.0.200','playerVirtual1728','playerVirtual3_4246147567',0,1,2,4096,40,'2018-03-01 07:05:55','2018-03-01 07:05:55'),(100,'192.168.0.200','playerVirtual18_5068098508','playerVirtual18','192.168.0.200','playerVirtual16','playerVirtual16_ef42a394a7',3,1,1,2048,20,'2018-03-01 07:11:05','2018-03-01 07:15:51'),(101,'192.168.0.200','playerVirtual9_4246147567','playerVirtual9','192.168.0.200','playerVirtual15','playerVirtual15_8463804e3e',3,1,2,4096,40,'2018-03-01 07:12:58','2018-03-01 07:29:38'),(102,'192.168.0.200','playerVirtual5_4246147567','playerVirtual5','192.168.0.200','playerVirtual4','playerVirtual4_aa15654675',3,1,2,4096,40,'2018-03-01 07:13:00','2018-03-01 07:27:47'),(103,'192.168.0.200','playerVirtual6_4246147567','playerVirtual6','192.168.0.200','playerVirtual10','playerVirtual10_14966ccaa0',3,1,2,4096,40,'2018-03-01 07:13:06','2018-03-01 07:24:25'),(104,'192.168.0.200','playerVirtual11_359920779','playerVirtual11','192.168.0.200','playerVirtual18','playerVirtual18_5a26b4c849',1,1,1,512,1,'2018-03-01 07:15:47',NULL),(105,'192.168.0.200','playerVirtual19_4246147567','playerVirtual19','192.168.0.200','playerVirtual14','playerVirtual14_7b07c7c778',3,1,2,4096,40,'2018-03-01 07:17:00','2018-03-01 07:45:56'),(106,'192.168.0.200','playerVirtual14_4246147567','playerVirtual14','192.168.0.200','playerVirtual19','playerVirtual19_a85ebff1c2',3,1,2,4096,40,'2018-03-01 07:19:27','2018-03-01 07:35:32'),(107,'192.168.0.200','playerVirtual10_4246147567','playerVirtual10','192.168.0.200','playerVirtual6','playerVirtual6_52b7260b7d',3,1,2,4096,40,'2018-03-01 07:20:09','2018-03-01 07:58:16'),(108,'192.168.0.200','playerVirtual13_1095593','playerVirtual13','192.168.0.200','playerVirtual5','playerVirtual5_bf2b6767ce',1,1,1,512,1,'2018-03-01 07:22:38',NULL),(109,'192.168.0.200','playerVirtual2_4246147567','playerVirtual2','192.168.0.200','playerVirtual8','playerVirtual8_f7b1e88de0',3,1,2,4096,40,'2018-03-01 07:24:58','2018-03-01 07:35:26'),(110,'192.168.0.200','playerVirtual8_4246147567','playerVirtual8','192.168.0.200','playerVirtual13','playerVirtual13_5381bbe84a',3,1,2,4096,40,'2018-03-01 07:25:39','2018-03-01 07:40:26'),(111,'192.168.0.200','playerVirtual4_4246147567','playerVirtual4','192.168.0.200','playerVirtual16','playerVirtual16_c11e666f2d',3,1,2,4096,40,'2018-03-01 07:26:00','2018-03-01 07:33:57'),(112,'192.168.0.200','playerVirtual16_4246147567','playerVirtual16','192.168.0.200','playerVirtual14','playerVirtual14_939389204a',3,1,2,4096,40,'2018-03-01 07:26:16','2018-03-01 07:30:55'),(113,'192.168.0.200','playerVirtual15_4246147567','playerVirtual15','192.168.0.200','playerVirtual4','playerVirtual4_21b89e198f',2,1,2,4096,40,'2018-03-01 07:26:27','2018-03-01 07:44:27'),(114,'192.168.0.200','playerVirtual13_4246147567','playerVirtual13','192.168.0.200','playerVirtual15','playerVirtual15_02d13a14eb',3,1,2,4096,40,'2018-03-01 07:28:34','2018-03-01 07:50:57'),(115,'192.168.0.200','playerVirtual12_6335261139','playerVirtual12','192.168.0.200','playerVirtual3','playerVirtual12_6335261139',0,0,1,512,1,'2018-03-01 07:29:08','2018-03-01 07:29:08'),(116,'192.168.0.200','playerVirtual11_4246147567','playerVirtual11','192.168.0.200','playerVirtual1107','playerVirtual11_4246147567',0,1,2,4096,40,'2018-03-01 07:31:45','2018-03-01 07:31:45'),(117,'192.168.0.200','playerVirtual3_4246147567','playerVirtual3','192.168.0.200','playerVirtual1107','playerVirtual3_4246147567',0,1,2,4096,40,'2018-03-01 07:33:07','2018-03-01 07:33:07'),(118,'192.168.0.200','playerVirtual18_4246147567','playerVirtual18','192.168.0.200','playerVirtual10','playerVirtual10_d19a399363',3,1,2,4096,40,'2018-03-01 07:38:05','2018-03-01 07:42:46'),(119,'192.168.0.200','playerVirtual6_6344084916','playerVirtual6','192.168.0.200','playerVirtual12','playerVirtual12_0a86984252',1,1,1,512,1,'2018-03-01 07:41:42',NULL),(120,'192.168.0.200','playerVirtual9_4246147567','playerVirtual9','192.168.0.200','playerVirtual7','playerVirtual9_4246147567',0,0,2,4096,40,'2018-03-01 07:41:45','2018-03-01 07:41:45'),(121,'192.168.0.200','playerVirtual12_990694203','playerVirtual12','192.168.0.200','playerVirtual9','playerVirtual12_990694203',0,0,1,2048,20,'2018-03-01 07:42:05','2018-03-01 07:42:05'),(122,'192.168.0.200','playerVirtual19_4246147567','playerVirtual19','192.168.0.200','playerVirtual18','playerVirtual18_afdb3f1903',3,1,2,4096,40,'2018-03-01 07:44:55','2018-03-01 07:45:56'),(123,'192.168.0.200','playerVirtual10_4246147567','playerVirtual10','192.168.0.200','playerVirtual19','playerVirtual19_f5d6af9f9e',3,1,2,4096,40,'2018-03-01 07:48:10','2018-03-01 07:58:16'),(124,'192.168.0.200','playerVirtual14_6566788','playerVirtual14','192.168.0.200','playerVirtual6','playerVirtual6_f4f9cd7465',1,1,1,2048,20,'2018-03-01 07:48:33',NULL),(125,'192.168.0.200','playerVirtual6_4246147567','playerVirtual6','192.168.0.200','playerVirtual13','playerVirtual13_2bb89b44d4',1,1,2,4096,40,'2018-03-01 07:55:03',NULL),(126,'192.168.0.200','playerVirtual16_272887063','playerVirtual16','192.168.0.200','playerVirtual14','playerVirtual14_48985354b8',1,1,1,2048,20,'2018-03-01 07:55:37',NULL),(127,'192.168.0.200','playerVirtual4_4246147567','playerVirtual4','192.168.0.200','playerVirtual2','playerVirtual2_5a6e659896',1,1,2,4096,40,'2018-03-01 07:55:53',NULL),(128,'192.168.0.200','playerVirtual8_82730999','playerVirtual8','192.168.0.200','playerVirtual16','playerVirtual16_b1bbf12051',1,1,1,512,1,'2018-03-01 07:55:55',NULL),(129,'192.168.0.200','playerVirtual15_16917741','playerVirtual15','192.168.0.200','playerVirtual10','playerVirtual10_2d235039b4',1,1,1,512,1,'2018-03-01 07:56:17',NULL),(130,'192.168.0.200','playerVirtual5_4246147567','playerVirtual5','192.168.0.200','playerVirtual8','playerVirtual8_0d57a6cc5e',1,1,2,4096,40,'2018-03-01 07:56:52',NULL),(131,'192.168.0.200','playerVirtual13_3338579772','playerVirtual13','192.168.0.200','playerVirtual15','playerVirtual15_4d6a548803',1,1,1,2048,20,'2018-03-01 07:58:25',NULL);
/*!40000 ALTER TABLE `VM` ENABLE KEYS */;
UNLOCK TABLES;
/*!40103 SET TIME_ZONE=@OLD_TIME_ZONE */;

/*!40101 SET SQL_MODE=@OLD_SQL_MODE */;
/*!40014 SET FOREIGN_KEY_CHECKS=@OLD_FOREIGN_KEY_CHECKS */;
/*!40014 SET UNIQUE_CHECKS=@OLD_UNIQUE_CHECKS */;
/*!40101 SET CHARACTER_SET_CLIENT=@OLD_CHARACTER_SET_CLIENT */;
/*!40101 SET CHARACTER_SET_RESULTS=@OLD_CHARACTER_SET_RESULTS */;
/*!40101 SET COLLATION_CONNECTION=@OLD_COLLATION_CONNECTION */;
/*!40111 SET SQL_NOTES=@OLD_SQL_NOTES */;

-- Dump completed on 2018-03-01  4:59:04
