-- MySQL dump 10.14  Distrib 5.5.58-MariaDB, for debian-linux-gnu (x86_64)
--
-- Host: localhost    Database: mct
-- ------------------------------------------------------
-- Server version	5.5.58-MariaDB-1ubuntu0.14.04.1

/*!40101 SET @OLD_CHARACTER_SET_CLIENT=@@CHARACTER_SET_CLIENT */;
/*!40101 SET @OLD_CHARACTER_SET_RESULTS=@@CHARACTER_SET_RESULTS */;
/*!40101 SET @OLD_COLLATION_CONNECTION=@@COLLATION_CONNECTION */;
/*!40101 SET NAMES utf8 */;
/*!40103 SET @OLD_TIME_ZONE=@@TIME_ZONE */;
/*!40103 SET TIME_ZONE='+00:00' */;
/*!40014 SET @OLD_UNIQUE_CHECKS=@@UNIQUE_CHECKS, UNIQUE_CHECKS=0 */;
/*!40014 SET @OLD_FOREIGN_KEY_CHECKS=@@FOREIGN_KEY_CHECKS, FOREIGN_KEY_CHECKS=0 */;
/*!40101 SET @OLD_SQL_MODE=@@SQL_MODE, SQL_MODE='NO_AUTO_VALUE_ON_ZERO' */;
/*!40111 SET @OLD_SQL_NOTES=@@SQL_NOTES, SQL_NOTES=0 */;

--
-- Table structure for table `FIELDS`
--

DROP TABLE IF EXISTS `FIELDS`;
/*!40101 SET @saved_cs_client     = @@character_set_client */;
/*!40101 SET character_set_client = utf8 */;
CREATE TABLE `FIELDS` (
  `operation` int(11) NOT NULL,
  `fields` varchar(45) NOT NULL,
  PRIMARY KEY (`operation`)
) ENGINE=InnoDB DEFAULT CHARSET=utf8;
/*!40101 SET character_set_client = @saved_cs_client */;

--
-- Dumping data for table `FIELDS`
--

LOCK TABLES `FIELDS` WRITE;
/*!40000 ALTER TABLE `FIELDS` DISABLE KEYS */;
INSERT INTO `FIELDS` VALUES (0,'name mem image vcpus disk uuid');
/*!40000 ALTER TABLE `FIELDS` ENABLE KEYS */;
UNLOCK TABLES;

--
-- Table structure for table `PLAYER`
--

DROP TABLE IF EXISTS `PLAYER`;
/*!40101 SET @saved_cs_client     = @@character_set_client */;
/*!40101 SET character_set_client = utf8 */;
CREATE TABLE `PLAYER` (
  `id` int(11) NOT NULL AUTO_INCREMENT,
  `name` varchar(45) NOT NULL,
  `address` varchar(45) NOT NULL,
  `division` int(11) DEFAULT NULL,
  `score` float DEFAULT '0',
  `history` int(11) DEFAULT '0',
  `fairness` float DEFAULT '0',
  `accepts` int(11) DEFAULT '0',
  `rejects` int(11) DEFAULT '0',
  `running` int(11) DEFAULT '0',
  `finished` int(11) DEFAULT '0',
  `problem_del` int(11) DEFAULT '0',
  `vcpus` int(11) DEFAULT '0',
  `memory` bigint(20) DEFAULT '0',
  `local_gb` bigint(20) DEFAULT '0',
  `vcpus_used` bigint(20) DEFAULT '0',
  `memory_used` bigint(20) DEFAULT '0',
  `local_gb_used` bigint(20) DEFAULT '0',
  `max_instance` int(11) DEFAULT '0',
  `token` varchar(45) DEFAULT NULL,
  `suspend` timestamp NULL DEFAULT NULL,
  `enabled` int(11) DEFAULT '0',
  `last_choice` timestamp NOT NULL DEFAULT '2018-01-01 02:00:00',
  `playoff` tinyint(1) DEFAULT '0',
  PRIMARY KEY (`id`)
) ENGINE=InnoDB AUTO_INCREMENT=29 DEFAULT CHARSET=utf8;
/*!40101 SET character_set_client = @saved_cs_client */;

--
-- Dumping data for table `PLAYER`
--

LOCK TABLES `PLAYER` WRITE;
/*!40000 ALTER TABLE `PLAYER` DISABLE KEYS */;
INSERT INTO `PLAYER` VALUES (1,'playerVirtual1','192.168.0.200',4,-2,0,1,1,2,0,1,0,1023,1047552,10230,0,0,0,1,'e5dc8c09583889adbc32c691e97d2b5772a858e0',NULL,0,'2018-03-04 17:58:30',1),(2,'playerVirtual2','192.168.0.200',1,11.28,30,0.6875,7,0,6,1,0,1023,1047552,10230,10,18944,181,9,'a3f3431c35c6cefa2832d36106edba7fd5164e3a',NULL,1,'2018-03-04 20:12:31',0),(3,'playerVirtual3','192.168.0.200',3,1.32,28,0.933333,2,2,2,0,0,1023,1047552,10230,3,4608,41,2,'392abb661989cdd080665d7a939b20ae454b0d4d',NULL,1,'2018-03-04 20:05:43',0),(4,'playerVirtual4','192.168.0.200',2,8.63,27,0.769231,13,0,7,6,0,1023,1047552,10230,8,10240,84,9,'e914e1d90f9d6295a8d9525f4aa1935a428860bf',NULL,1,'2018-03-04 20:06:44',0),(5,'playerVirtual0','192.168.0.200',4,-10,0,1,0,5,0,0,0,1023,1047552,10230,0,0,0,99,'e186a0ae58edbc86fd87e459d65160062a9c5e2a',NULL,0,'2018-03-04 18:09:26',1),(6,'playerVirtual5','192.168.0.200',1,10.62,27,0.75,8,0,3,5,0,1023,1047552,10230,4,6656,61,5,'631cfa2086d93728a6ae5814d7f31bede18e9eb1',NULL,1,'2018-03-04 19:59:12',0),(7,'playerVirtual6','192.168.0.200',2,7.31,25,0.818182,7,0,7,0,0,1023,1047552,10230,8,10240,84,7,'dc8be1d56f3013dbc9ab49fe88572e4c88e5a7fd',NULL,1,'2018-03-04 18:30:45',0),(8,'playerVirtual1992','192.168.0.200',4,-4,0,0,0,2,0,0,0,1023,1047552,10230,0,0,0,99,'cadb143a73f1863bba0064c07377656228d7fbd1',NULL,0,'2018-03-04 18:16:47',1),(9,'playerVirtual7','192.168.0.200',3,0,24,0,1,1,1,0,0,1023,1047552,10230,1,2048,20,1,'bbeb2f748babaecaa8b83d78c4a44a47f1c625d2',NULL,1,'2018-03-04 20:17:02',0),(10,'playerVirtual8','192.168.0.200',2,8.64,23,0.888889,12,0,7,5,0,1023,1047552,10230,7,11264,102,9,'a681859bac8eb72212bbf5c53c5f099d4934aeef',NULL,1,'2018-03-04 20:16:50',0),(11,'playerVirtual9','192.168.0.200',3,1.99,22,0.75,2,0,2,0,0,1023,1047552,10230,3,6144,60,2,'b8352995463e5d7ef0baaae66302f7103630552e',NULL,1,'2018-03-04 18:30:17',0),(12,'playerVirtual1845','192.168.0.200',4,-6,0,0,0,3,0,0,0,1023,1047552,10230,0,0,0,99,'785a2052684751a1d80d68a344742e0c283a1d86',NULL,0,'2018-03-04 18:33:24',1),(13,'playerVirtual10','192.168.0.200',2,8.64,21,0.4,10,0,8,2,0,1023,1047552,10230,9,12288,104,8,'9b5f177af53e39b2a00d28109c73dc68d6a90ac8',NULL,1,'2018-03-04 20:15:36',0),(14,'playerVirtual11','192.168.0.200',3,1.33,20,1,3,0,3,0,0,1023,1047552,10230,3,4608,41,3,'aa3a6d8398831f35efd853c40e25990ac49e1f0a',NULL,1,'2018-03-04 18:43:54',0),(15,'playerVirtual1761','192.168.0.200',4,-4,0,0,0,2,0,0,0,1023,1047552,10230,0,0,0,99,'aa40f2a7d855caff1a2fb286151cf8a677026015',NULL,0,'2018-03-04 18:42:44',1),(16,'playerVirtual12','192.168.0.200',3,3.32,19,0.6,5,0,3,2,0,1023,1047552,10230,4,6656,61,3,'8b33187e6bcd68951f7b3941dd6e89c4803ae8fd',NULL,1,'2018-03-04 20:16:41',0),(17,'playerVirtual13','192.168.0.200',2,8.63,18,0.75,6,0,2,4,0,1023,1047552,10230,2,2560,21,5,'57e6c7588ef7df2b1064e74da486e33583813823',NULL,1,'2018-03-04 20:05:34',0),(18,'playerVirtual1509','192.168.0.200',4,-4,0,0,0,2,0,0,0,1023,1047552,10230,0,0,0,99,'a72aa49e05abf520c09ec6bcc7c3baa065ac21d4',NULL,0,'2018-03-04 18:50:45',1),(19,'playerVirtual14','192.168.0.200',2,3.31,6,1,6,0,2,4,0,1023,1047552,10230,1,512,1,5,'a4288f141a6f3dc5d23f0844b0c49e5468171a2b',NULL,1,'2018-03-04 19:59:14',1),(20,'playerVirtual15','192.168.0.200',2,7.97,16,0.333333,6,0,4,2,0,1023,1047552,10230,4,3584,23,5,'4f82072b468778d61e8d1285e2c139882bd07e54',NULL,1,'2018-03-04 20:16:09',0),(21,'playerVirtual16','192.168.0.200',2,5.97,15,0.666667,5,0,1,4,0,1023,1047552,10230,2,4096,40,3,'1ecdc50e2ed7f2913359482e1fe9174885ed7997',NULL,1,'2018-03-04 19:52:40',0),(22,'playerVirtual1342','192.168.0.200',4,-4,0,0,0,2,0,0,0,1023,1047552,10230,0,0,0,99,'548ec5d4d1325754cb077e3d17f445d8b8507326',NULL,0,'2018-03-04 19:13:19',1),(23,'playerVirtual17','192.168.0.200',3,1.33,14,0,1,0,1,0,0,1023,1047552,10230,1,512,1,1,'277021f5857f436521f4b1a56702d675eb77c8d4',NULL,1,'2018-03-04 19:08:54',0),(24,'playerVirtual18','192.168.0.200',2,7.96,13,0,5,0,1,4,0,1023,1047552,10230,1,512,1,3,'b8ceb1a4b8e3ed443e053ea6aed465e1f7673094',NULL,1,'2018-03-04 20:19:27',0),(25,'playerVirtual19','192.168.0.200',2,4.65,12,0.5,4,0,2,2,0,1023,1047552,10230,2,1024,2,7,'712cb1b96a5e95a3b67be34b605769421b298baa',NULL,1,'2018-03-04 19:51:43',0),(26,'playerVirtual1581','192.168.0.200',4,-4,0,0,0,2,0,0,0,1023,1047552,10230,0,0,0,99,'281ffe8c097d393a39b22fa2f7a612014b75473a',NULL,0,'2018-03-04 19:38:24',1),(27,'playerVirtual1931','192.168.0.200',4,-2,0,0,0,1,0,0,0,1023,1047552,10230,0,0,0,99,'29fd6cdaf7005c47d3dd2066f1a942ff788ac1f4',NULL,0,'2018-03-04 19:51:30',1),(28,'playerVirtual1317','192.168.0.200',3,0,0,0,0,0,0,0,0,0,0,0,0,0,0,0,'815e5464b295f61116ba06215e503711435c6fb2',NULL,1,'2018-01-01 02:00:00',0);
/*!40000 ALTER TABLE `PLAYER` ENABLE KEYS */;
UNLOCK TABLES;

--
-- Table structure for table `REQUEST`
--

DROP TABLE IF EXISTS `REQUEST`;
/*!40101 SET @saved_cs_client     = @@character_set_client */;
/*!40101 SET character_set_client = utf8 */;
CREATE TABLE `REQUEST` (
  `id` int(11) NOT NULL AUTO_INCREMENT,
  `player_id` varchar(45) NOT NULL,
  `request_id` varchar(45) NOT NULL,
  `action` int(11) NOT NULL,
  `timestamp_received` timestamp NULL DEFAULT NULL,
  `timestamp_finished` timestamp NULL DEFAULT NULL,
  `status` int(11) NOT NULL,
  PRIMARY KEY (`id`)
) ENGINE=InnoDB AUTO_INCREMENT=588 DEFAULT CHARSET=utf8;
/*!40101 SET character_set_client = @saved_cs_client */;

--
-- Dumping data for table `REQUEST`
--

LOCK TABLES `REQUEST` WRITE;
/*!40000 ALTER TABLE `REQUEST` DISABLE KEYS */;
INSERT INTO `REQUEST` VALUES (1,'playerVirtual1','playerVirtual1_603c872f62',4,'2018-03-04 17:51:10',NULL,0),(2,'playerVirtual2','playerVirtual2_61647a1e8c',4,'2018-03-04 17:51:10',NULL,0),(3,'playerVirtual1','playerVirtual1_450512000',0,'2018-03-04 17:52:11',NULL,0),(4,'playerVirtual1','playerVirtual1_450512000',0,'2018-03-04 17:52:11',NULL,0),(5,'playerVirtual2','playerVirtual2_1438244924',0,'2018-03-04 17:52:13',NULL,0),(6,'playerVirtual2','playerVirtual2_1438244924',0,'2018-03-04 17:52:13',NULL,0),(7,'playerVirtual1','playerVirtual1_f9341dad8b',3,'2018-03-04 17:53:11',NULL,0),(8,'playerVirtual2','playerVirtual2_104d5fc97f',3,'2018-03-04 17:53:13',NULL,0),(9,'playerVirtual1','playerVirtual1_640692267',0,'2018-03-04 17:54:16',NULL,0),(10,'playerVirtual1','playerVirtual1_640692267',0,'2018-03-04 17:54:17',NULL,0),(11,'playerVirtual2','playerVirtual2_2381571381',0,'2018-03-04 17:54:17',NULL,0),(12,'playerVirtual2','playerVirtual2_2381571381',0,'2018-03-04 17:54:18',NULL,0),(13,'playerVirtual1','playerVirtual1_4da689c515',4,'2018-03-04 17:55:16',NULL,0),(14,'playerVirtual2','playerVirtual2_9a0efa965c',4,'2018-03-04 17:55:18',NULL,0),(15,'playerVirtual3','playerVirtual3_05f63d7da2',4,'2018-03-04 17:56:05',NULL,0),(16,'playerVirtual1','playerVirtual1_5297461910',0,'2018-03-04 17:56:20',NULL,0),(17,'playerVirtual1','playerVirtual1_5297461910',0,'2018-03-04 17:56:20',NULL,0),(18,'playerVirtual2','playerVirtual2_2790332778',0,'2018-03-04 17:56:25',NULL,0),(19,'playerVirtual2','playerVirtual2_2790332778',0,'2018-03-04 17:56:25',NULL,0),(20,'playerVirtual3','playerVirtual3_369721705',0,'2018-03-04 17:57:17',NULL,0),(21,'playerVirtual3','playerVirtual3_369721705',0,'2018-03-04 17:57:18',NULL,0),(22,'playerVirtual1','playerVirtual1_667c6beec7',3,'2018-03-04 17:57:20',NULL,0),(23,'playerVirtual2','playerVirtual2_57a126e190',3,'2018-03-04 17:57:25',NULL,0),(24,'playerVirtual3','playerVirtual3_e01369fc97',3,'2018-03-04 17:58:18',NULL,0),(25,'playerVirtual1','playerVirtual1_317469422',0,'2018-03-04 17:58:29',NULL,0),(26,'playerVirtual1','playerVirtual1_317469422',0,'2018-03-04 17:58:29',NULL,0),(27,'playerVirtual2','playerVirtual2_6955737',0,'2018-03-04 17:58:30',NULL,0),(28,'playerVirtual2','playerVirtual2_6955737',0,'2018-03-04 17:58:31',NULL,0),(29,'playerVirtual3','playerVirtual3_257338104',0,'2018-03-04 17:59:19',NULL,0),(30,'playerVirtual3','playerVirtual3_257338104',0,'2018-03-04 17:59:19',NULL,0),(31,'playerVirtual1','playerVirtual1_159a5e3bca',4,'2018-03-04 17:59:29',NULL,0),(32,'playerVirtual2','playerVirtual2_94f2f3cdcd',4,'2018-03-04 17:59:31',NULL,0),(33,'playerVirtual3','playerVirtual3_1e737a0aa3',4,'2018-03-04 18:00:19',NULL,0),(34,'playerVirtual2','playerVirtual2_2433236783',0,'2018-03-04 18:00:39',NULL,0),(35,'playerVirtual2','playerVirtual2_2433236783',0,'2018-03-04 18:00:39',NULL,0),(36,'playerVirtual4','playerVirtual4_c9ba67c5a7',4,'2018-03-04 18:01:10',NULL,0),(37,'playerVirtual0','playerVirtual0_6b09a03670',4,'2018-03-04 18:01:10',NULL,0),(38,'playerVirtual3','playerVirtual3_3338579772',0,'2018-03-04 18:01:32',NULL,0),(39,'playerVirtual3','playerVirtual3_3338579772',0,'2018-03-04 18:01:33',NULL,0),(40,'playerVirtual2','playerVirtual2_1a13fac943',3,'2018-03-04 18:01:39',NULL,0),(41,'playerVirtual4','playerVirtual4_257407216',0,'2018-03-04 18:02:24',NULL,0),(42,'playerVirtual0','playerVirtual0_182859403',0,'2018-03-04 18:02:31',NULL,0),(43,'playerVirtual3','playerVirtual3_3d51bb9864',3,'2018-03-04 18:02:33',NULL,0),(44,'playerVirtual2','playerVirtual2_2359368952',0,'2018-03-04 18:02:55',NULL,0),(45,'playerVirtual2','playerVirtual2_2359368952',0,'2018-03-04 18:02:56',NULL,0),(46,'playerVirtual4','playerVirtual4_d85d5c0864',3,'2018-03-04 18:03:24',NULL,0),(47,'playerVirtual0','playerVirtual0_04013174fc',3,'2018-03-04 18:03:31',NULL,0),(48,'playerVirtual3','playerVirtual3_16917741',0,'2018-03-04 18:03:47',NULL,0),(49,'playerVirtual3','playerVirtual3_16917741',0,'2018-03-04 18:03:47',NULL,0),(50,'playerVirtual2','playerVirtual2_8bd79daa4a',4,'2018-03-04 18:03:56',NULL,0),(51,'playerVirtual4','playerVirtual4_2545640208',0,'2018-03-04 18:04:46',NULL,0),(52,'playerVirtual4','playerVirtual4_2545640208',0,'2018-03-04 18:04:47',NULL,0),(53,'playerVirtual3','playerVirtual3_cac5653bc6',4,'2018-03-04 18:04:47',NULL,0),(54,'playerVirtual0','playerVirtual0_908315',0,'2018-03-04 18:04:48',NULL,0),(55,'playerVirtual0','playerVirtual0_908315',0,'2018-03-04 18:04:48',NULL,0),(56,'playerVirtual2','playerVirtual2_539194189',0,'2018-03-04 18:05:25',NULL,0),(57,'playerVirtual2','playerVirtual2_539194189',0,'2018-03-04 18:05:25',NULL,0),(58,'playerVirtual4','playerVirtual4_d9220d0435',4,'2018-03-04 18:05:47',NULL,0),(59,'playerVirtual0','playerVirtual0_ebbad08c1e',4,'2018-03-04 18:05:48',NULL,0),(60,'playerVirtual5','playerVirtual5_5585f320f7',4,'2018-03-04 18:06:07',NULL,0),(61,'playerVirtual2','playerVirtual2_7659089dea',3,'2018-03-04 18:06:25',NULL,0),(62,'playerVirtual3','playerVirtual3_4820204870',0,'2018-03-04 18:06:59',NULL,0),(63,'playerVirtual3','playerVirtual3_4820204870',0,'2018-03-04 18:07:00',NULL,0),(64,'playerVirtual3','playerVirtual3_e0626fae71',3,'2018-03-04 18:07:59',NULL,0),(65,'playerVirtual4','playerVirtual4_8058564',0,'2018-03-04 18:08:41',NULL,0),(66,'playerVirtual4','playerVirtual4_8058564',0,'2018-03-04 18:08:41',NULL,0),(67,'playerVirtual0','playerVirtual0_1429160667',0,'2018-03-04 18:08:49',NULL,0),(68,'playerVirtual0','playerVirtual0_1429160667',0,'2018-03-04 18:08:49',NULL,0),(69,'playerVirtual2','playerVirtual2_82730999',0,'2018-03-04 18:09:19',NULL,0),(70,'playerVirtual2','playerVirtual2_82730999',0,'2018-03-04 18:09:19',NULL,0),(71,'playerVirtual5','playerVirtual5_3338010893',0,'2018-03-04 18:09:25',NULL,0),(72,'playerVirtual5','playerVirtual5_3338010893',0,'2018-03-04 18:09:26',NULL,0),(73,'playerVirtual4','playerVirtual4_edfd8f3aef',3,'2018-03-04 18:09:41',NULL,0),(74,'playerVirtual0','playerVirtual0_901681547a',3,'2018-03-04 18:09:49',NULL,0),(75,'playerVirtual3','playerVirtual3_351652724',0,'2018-03-04 18:10:12',NULL,0),(76,'playerVirtual3','playerVirtual3_351652724',0,'2018-03-04 18:10:12',NULL,0),(77,'playerVirtual2','playerVirtual2_75ada1af0d',4,'2018-03-04 18:10:19',NULL,0),(78,'playerVirtual5','playerVirtual5_499f822456',3,'2018-03-04 18:10:26',NULL,0),(79,'playerVirtual4','playerVirtual4_6571218',0,'2018-03-04 18:11:11',NULL,0),(80,'playerVirtual6','playerVirtual6_80c55b16d4',4,'2018-03-04 18:11:12',NULL,0),(81,'playerVirtual3','playerVirtual3_1569afedad',4,'2018-03-04 18:11:12',NULL,0),(82,'playerVirtual4','playerVirtual4_6571218',0,'2018-03-04 18:11:12',NULL,0),(83,'playerVirtual5','playerVirtual5_1339662',0,'2018-03-04 18:11:39',NULL,0),(84,'playerVirtual5','playerVirtual5_1339662',0,'2018-03-04 18:11:39',NULL,0),(85,'playerVirtual2','playerVirtual2_1436344784',0,'2018-03-04 18:11:56',NULL,0),(86,'playerVirtual2','playerVirtual2_1436344784',0,'2018-03-04 18:11:56',NULL,0),(87,'playerVirtual4','playerVirtual4_4b1593255d',4,'2018-03-04 18:12:12',NULL,0),(88,'playerVirtual5','playerVirtual5_e7a82f2db3',4,'2018-03-04 18:12:39',NULL,0),(89,'playerVirtual2','playerVirtual2_c62af01028',3,'2018-03-04 18:12:56',NULL,0),(90,'playerVirtual1992','playerVirtual1992_760a50bb2b',4,'2018-03-04 18:13:16',NULL,0),(91,'playerVirtual3','playerVirtual3_284794223',0,'2018-03-04 18:13:32',NULL,0),(92,'playerVirtual3','playerVirtual3_284794223',0,'2018-03-04 18:13:32',NULL,0),(93,'playerVirtual3','playerVirtual3_929941f5db',3,'2018-03-04 18:14:32',NULL,0),(94,'playerVirtual6','playerVirtual6_317497342',0,'2018-03-04 18:14:44',NULL,0),(95,'playerVirtual4','playerVirtual4_359920779',0,'2018-03-04 18:15:14',NULL,0),(96,'playerVirtual4','playerVirtual4_359920779',0,'2018-03-04 18:15:14',NULL,0),(97,'playerVirtual6','playerVirtual6_49588161f1',3,'2018-03-04 18:15:44',NULL,0),(98,'playerVirtual2','playerVirtual2_2904109077',0,'2018-03-04 18:15:53',NULL,0),(99,'playerVirtual2','playerVirtual2_2904109077',0,'2018-03-04 18:15:53',NULL,0),(100,'playerVirtual5','playerVirtual5_904011',0,'2018-03-04 18:15:58',NULL,0),(101,'playerVirtual5','playerVirtual5_904011',0,'2018-03-04 18:15:58',NULL,0),(102,'playerVirtual7','playerVirtual7_7ba8fcad90',4,'2018-03-04 18:16:09',NULL,0),(103,'playerVirtual4','playerVirtual4_cc4a3e657a',3,'2018-03-04 18:16:14',NULL,0),(104,'playerVirtual3','playerVirtual3_905614',0,'2018-03-04 18:16:46',NULL,0),(105,'playerVirtual3','playerVirtual3_905614',0,'2018-03-04 18:16:46',NULL,0),(106,'playerVirtual6','playerVirtual6_1093460',0,'2018-03-04 18:16:47',NULL,0),(107,'playerVirtual6','playerVirtual6_1093460',0,'2018-03-04 18:16:47',NULL,0),(108,'playerVirtual1992','playerVirtual1992_257338074',0,'2018-03-04 18:16:49',NULL,0),(109,'playerVirtual2','playerVirtual2_6665ced84d',4,'2018-03-04 18:16:53',NULL,0),(110,'playerVirtual5','playerVirtual5_9c61eedf04',3,'2018-03-04 18:16:58',NULL,0),(111,'playerVirtual3','playerVirtual3_f02f8beca9',4,'2018-03-04 18:17:46',NULL,0),(112,'playerVirtual6','playerVirtual6_d9c846f6ee',4,'2018-03-04 18:17:47',NULL,0),(113,'playerVirtual4','playerVirtual4_470485660',0,'2018-03-04 18:17:48',NULL,0),(114,'playerVirtual4','playerVirtual4_470485660',0,'2018-03-04 18:17:49',NULL,0),(115,'playerVirtual1992','playerVirtual1992_91ee7ee30b',3,'2018-03-04 18:17:49',NULL,0),(116,'playerVirtual5','playerVirtual5_5792765',0,'2018-03-04 18:18:20',NULL,0),(117,'playerVirtual5','playerVirtual5_5792765',0,'2018-03-04 18:18:20',NULL,0),(118,'playerVirtual2','playerVirtual2_30788568',0,'2018-03-04 18:18:36',NULL,0),(119,'playerVirtual2','playerVirtual2_30788568',0,'2018-03-04 18:18:36',NULL,0),(120,'playerVirtual4','playerVirtual4_2ca0fb507d',4,'2018-03-04 18:18:48',NULL,0),(121,'playerVirtual1992','playerVirtual1992_4820318661',0,'2018-03-04 18:19:12',NULL,0),(122,'playerVirtual5','playerVirtual5_4fd036b379',4,'2018-03-04 18:19:20',NULL,0),(123,'playerVirtual2','playerVirtual2_5c14421151',3,'2018-03-04 18:19:36',NULL,0),(124,'playerVirtual7','playerVirtual7_6569547',0,'2018-03-04 18:19:44',NULL,0),(125,'playerVirtual3','playerVirtual3_38671842',0,'2018-03-04 18:20:20',NULL,0),(126,'playerVirtual3','playerVirtual3_38671842',0,'2018-03-04 18:20:20',NULL,0),(127,'playerVirtual7','playerVirtual7_55ee046884',3,'2018-03-04 18:20:44',NULL,0),(128,'playerVirtual8','playerVirtual8_59434043bf',4,'2018-03-04 18:21:08',NULL,0),(129,'playerVirtual3','playerVirtual3_1488f5fde2',3,'2018-03-04 18:21:20',NULL,0),(130,'playerVirtual6','playerVirtual6_400453824',0,'2018-03-04 18:21:32',NULL,0),(131,'playerVirtual6','playerVirtual6_400453824',0,'2018-03-04 18:21:32',NULL,0),(132,'playerVirtual4','playerVirtual4_4819935267',0,'2018-03-04 18:22:11',NULL,0),(133,'playerVirtual4','playerVirtual4_4819935267',0,'2018-03-04 18:22:11',NULL,0),(134,'playerVirtual7','playerVirtual7_5068098508',0,'2018-03-04 18:22:23',NULL,0),(135,'playerVirtual6','playerVirtual6_9f65087d55',3,'2018-03-04 18:22:32',NULL,0),(136,'playerVirtual2','playerVirtual2_6264344062',0,'2018-03-04 18:22:52',NULL,0),(137,'playerVirtual2','playerVirtual2_6264344062',0,'2018-03-04 18:22:53',NULL,0),(138,'playerVirtual5','playerVirtual5_4820217293',0,'2018-03-04 18:22:58',NULL,0),(139,'playerVirtual5','playerVirtual5_4820217293',0,'2018-03-04 18:22:59',NULL,0),(140,'playerVirtual4','playerVirtual4_b3d48a8316',3,'2018-03-04 18:23:11',NULL,0),(141,'playerVirtual7','playerVirtual7_d24fc2c863',4,'2018-03-04 18:23:23',NULL,0),(142,'playerVirtual2','playerVirtual2_f512239998',4,'2018-03-04 18:23:53',NULL,0),(143,'playerVirtual5','playerVirtual5_d327cd248c',3,'2018-03-04 18:23:58',NULL,0),(144,'playerVirtual3','playerVirtual3_1095593',0,'2018-03-04 18:25:14',NULL,0),(145,'playerVirtual3','playerVirtual3_1095593',0,'2018-03-04 18:25:14',NULL,0),(146,'playerVirtual6','playerVirtual6_2148750930',0,'2018-03-04 18:25:19',NULL,0),(147,'playerVirtual6','playerVirtual6_2148750930',0,'2018-03-04 18:25:22',NULL,0),(148,'playerVirtual9','playerVirtual9_4b8562943b',4,'2018-03-04 18:26:04',NULL,0),(149,'playerVirtual1845','playerVirtual1845_8da4eae982',4,'2018-03-04 18:26:04',NULL,0),(150,'playerVirtual3','playerVirtual3_02b6db0509',4,'2018-03-04 18:26:14',NULL,0),(151,'playerVirtual6','playerVirtual6_c7017265f9',4,'2018-03-04 18:26:19',NULL,0),(152,'playerVirtual4','playerVirtual4_563574327',0,'2018-03-04 18:26:25',NULL,0),(153,'playerVirtual4','playerVirtual4_563574327',0,'2018-03-04 18:26:25',NULL,0),(154,'playerVirtual8','playerVirtual8_227443932',0,'2018-03-04 18:26:35',NULL,0),(155,'playerVirtual8','playerVirtual8_227443932',0,'2018-03-04 18:26:36',NULL,0),(156,'playerVirtual2','playerVirtual2_97ef9b28bb',3,'2018-03-04 18:26:48',NULL,0),(157,'playerVirtual5','playerVirtual5_16915963',0,'2018-03-04 18:27:02',NULL,0),(158,'playerVirtual5','playerVirtual5_16915963',0,'2018-03-04 18:27:02',NULL,0),(159,'playerVirtual4','playerVirtual4_e1146938d0',4,'2018-03-04 18:27:26',NULL,0),(160,'playerVirtual8','playerVirtual8_9030bfb704',3,'2018-03-04 18:27:36',NULL,0),(161,'playerVirtual5','playerVirtual5_cb0c5d11a3',4,'2018-03-04 18:28:02',NULL,0),(162,'playerVirtual7','playerVirtual7_765651',0,'2018-03-04 18:28:23',NULL,0),(163,'playerVirtual3','playerVirtual3_272887063',0,'2018-03-04 18:29:08',NULL,0),(164,'playerVirtual3','playerVirtual3_272887063',0,'2018-03-04 18:29:09',NULL,0),(165,'playerVirtual7','playerVirtual7_ec53d5e74f',3,'2018-03-04 18:29:23',NULL,0),(166,'playerVirtual3','playerVirtual3_ce8431afe5',3,'2018-03-04 18:30:08',NULL,0),(167,'playerVirtual8','playerVirtual8_4820204870',0,'2018-03-04 18:30:17',NULL,0),(168,'playerVirtual8','playerVirtual8_4820204870',0,'2018-03-04 18:30:17',NULL,0),(169,'playerVirtual6','playerVirtual6_6274355716',0,'2018-03-04 18:30:23',NULL,0),(170,'playerVirtual6','playerVirtual6_6274355716',0,'2018-03-04 18:30:24',NULL,0),(171,'playerVirtual2','playerVirtual2_38676294',0,'2018-03-04 18:30:44',NULL,0),(172,'playerVirtual2','playerVirtual2_38676294',0,'2018-03-04 18:30:45',NULL,0),(173,'playerVirtual10','playerVirtual10_c3ab306595',4,'2018-03-04 18:31:06',NULL,0),(174,'playerVirtual8','playerVirtual8_50f6976dbc',4,'2018-03-04 18:31:17',NULL,0),(175,'playerVirtual6','playerVirtual6_cc652e792b',3,'2018-03-04 18:31:23',NULL,0),(176,'playerVirtual2','playerVirtual2_3bdfc8d968',4,'2018-03-04 18:31:45',NULL,0),(177,'playerVirtual9','playerVirtual9_5623125514',0,'2018-03-04 18:31:48',NULL,0),(178,'playerVirtual9','playerVirtual9_5623125514',0,'2018-03-04 18:31:49',NULL,0),(179,'playerVirtual1845','playerVirtual1845_284757920',0,'2018-03-04 18:31:50',NULL,0),(180,'playerVirtual4','playerVirtual4_182859403',0,'2018-03-04 18:32:05',NULL,0),(181,'playerVirtual4','playerVirtual4_182859403',0,'2018-03-04 18:32:06',NULL,0),(182,'playerVirtual9','playerVirtual9_e2bf699760',3,'2018-03-04 18:32:49',NULL,0),(183,'playerVirtual1845','playerVirtual1845_d6ed31abd7',3,'2018-03-04 18:32:50',NULL,0),(184,'playerVirtual7','playerVirtual7_990694203',0,'2018-03-04 18:33:02',NULL,0),(185,'playerVirtual4','playerVirtual4_a1be36f279',3,'2018-03-04 18:33:06',NULL,0),(186,'playerVirtual5','playerVirtual5_990694203',0,'2018-03-04 18:33:24',NULL,0),(187,'playerVirtual5','playerVirtual5_990694203',0,'2018-03-04 18:33:25',NULL,0),(188,'playerVirtual7','playerVirtual7_5f70500bc3',4,'2018-03-04 18:34:02',NULL,0),(189,'playerVirtual5','playerVirtual5_a7a5d091cc',3,'2018-03-04 18:34:25',NULL,0),(190,'playerVirtual3','playerVirtual3_4820204870',1,'2018-03-04 18:35:22',NULL,0),(191,'playerVirtual3','playerVirtual3_ab0b6c7c76',4,'2018-03-04 18:35:22',NULL,0),(192,'playerVirtual3','playerVirtual3_4820204870',1,'2018-03-04 18:35:22',NULL,0),(193,'playerVirtual9','playerVirtual9_6282149131',0,'2018-03-04 18:36:06',NULL,0),(194,'playerVirtual9','playerVirtual9_6282149131',0,'2018-03-04 18:36:07',NULL,0),(195,'playerVirtual11','playerVirtual11_97a0e09d4b',4,'2018-03-04 18:36:10',NULL,0),(196,'playerVirtual6','playerVirtual6_4476462938',0,'2018-03-04 18:36:13',NULL,0),(197,'playerVirtual6','playerVirtual6_4476462938',0,'2018-03-04 18:36:13',NULL,0),(198,'playerVirtual4','playerVirtual4_182859403',1,'2018-03-04 18:36:34',NULL,0),(199,'playerVirtual4','playerVirtual4_a1da7eb82c',4,'2018-03-04 18:36:34',NULL,0),(200,'playerVirtual4','playerVirtual4_182859403',1,'2018-03-04 18:36:34',NULL,0),(201,'playerVirtual2','playerVirtual2_272887063',0,'2018-03-04 18:36:49',NULL,0),(202,'playerVirtual2','playerVirtual2_272887063',0,'2018-03-04 18:36:49',NULL,0),(203,'playerVirtual9','playerVirtual9_b39fe1937b',4,'2018-03-04 18:37:06',NULL,0),(204,'playerVirtual6','playerVirtual6_b57354cd49',4,'2018-03-04 18:37:13',NULL,0),(205,'playerVirtual8','playerVirtual8_6280643141',0,'2018-03-04 18:37:20',NULL,0),(206,'playerVirtual8','playerVirtual8_6280643141',0,'2018-03-04 18:37:20',NULL,0),(207,'playerVirtual5','playerVirtual5_58ef5e8535',4,'2018-03-04 18:37:29',NULL,0),(208,'playerVirtual2','playerVirtual2_0a64b54e41',3,'2018-03-04 18:37:50',NULL,0),(209,'playerVirtual1761','playerVirtual1761_c5c1ab4b16',4,'2018-03-04 18:38:10',NULL,0),(210,'playerVirtual8','playerVirtual8_3c13a20cde',3,'2018-03-04 18:38:20',NULL,0),(211,'playerVirtual10','playerVirtual10_6280638724',0,'2018-03-04 18:38:51',NULL,0),(212,'playerVirtual10','playerVirtual10_6280638724',0,'2018-03-04 18:38:52',NULL,0),(213,'playerVirtual7','playerVirtual7_e3731d33c2',3,'2018-03-04 18:39:03',NULL,0),(214,'playerVirtual3','playerVirtual3_272887063',1,'2018-03-04 18:39:08',NULL,0),(215,'playerVirtual3','playerVirtual3_6c43248246',3,'2018-03-04 18:39:08',NULL,0),(216,'playerVirtual3','playerVirtual3_272887063',1,'2018-03-04 18:39:09',NULL,0),(217,'playerVirtual10','playerVirtual10_dba696f51b',3,'2018-03-04 18:39:52',NULL,0),(218,'playerVirtual12','playerVirtual12_9a735a97d3',4,'2018-03-04 18:41:06',NULL,0),(219,'playerVirtual6','playerVirtual6_1094955',0,'2018-03-04 18:41:50',NULL,0),(220,'playerVirtual6','playerVirtual6_1094955',0,'2018-03-04 18:41:51',NULL,0),(221,'playerVirtual8','playerVirtual8_6285257156',0,'2018-03-04 18:42:09',NULL,0),(222,'playerVirtual8','playerVirtual8_6285257156',0,'2018-03-04 18:42:10',NULL,0),(223,'playerVirtual2','playerVirtual2_182859403',0,'2018-03-04 18:42:27',NULL,0),(224,'playerVirtual2','playerVirtual2_182859403',0,'2018-03-04 18:42:28',NULL,0),(225,'playerVirtual4','playerVirtual4_682797',0,'2018-03-04 18:42:28',NULL,0),(226,'playerVirtual4','playerVirtual4_682797',0,'2018-03-04 18:42:29',NULL,0),(227,'playerVirtual10','playerVirtual10_1438244924',0,'2018-03-04 18:42:44',NULL,0),(228,'playerVirtual10','playerVirtual10_1438244924',0,'2018-03-04 18:42:45',NULL,0),(229,'playerVirtual6','playerVirtual6_12122ffb90',3,'2018-03-04 18:42:50',NULL,0),(230,'playerVirtual8','playerVirtual8_7e62833340',4,'2018-03-04 18:43:09',NULL,0),(231,'playerVirtual9','playerVirtual9_214880781',0,'2018-03-04 18:43:15',NULL,0),(232,'playerVirtual9','playerVirtual9_214880781',0,'2018-03-04 18:43:15',NULL,0),(233,'playerVirtual2','playerVirtual2_8d0a1c0958',4,'2018-03-04 18:43:28',NULL,0),(234,'playerVirtual4','playerVirtual4_6109d64a17',3,'2018-03-04 18:43:29',NULL,0),(235,'playerVirtual10','playerVirtual10_83acb25e1d',4,'2018-03-04 18:43:45',NULL,0),(236,'playerVirtual5','playerVirtual5_16914091',0,'2018-03-04 18:43:54',NULL,0),(237,'playerVirtual5','playerVirtual5_16914091',0,'2018-03-04 18:43:55',NULL,0),(238,'playerVirtual9','playerVirtual9_c39904b7f7',3,'2018-03-04 18:44:15',NULL,0),(239,'playerVirtual7','playerVirtual7_6955737',0,'2018-03-04 18:44:21',NULL,0),(240,'playerVirtual11','playerVirtual11_1436323714',0,'2018-03-04 18:44:25',NULL,0),(241,'playerVirtual11','playerVirtual11_1436323714',0,'2018-03-04 18:44:25',NULL,0),(242,'playerVirtual5','playerVirtual5_09405e0041',3,'2018-03-04 18:44:54',NULL,0),(243,'playerVirtual7','playerVirtual7_4c6f869089',4,'2018-03-04 18:45:21',NULL,0),(244,'playerVirtual11','playerVirtual11_13bd5c4f22',3,'2018-03-04 18:45:25',NULL,0),(245,'playerVirtual3','playerVirtual3_6955737',0,'2018-03-04 18:45:53',NULL,0),(246,'playerVirtual3','playerVirtual3_6955737',0,'2018-03-04 18:45:53',NULL,0),(247,'playerVirtual13','playerVirtual13_12e363dbf7',4,'2018-03-04 18:46:09',NULL,0),(248,'playerVirtual3','playerVirtual3_a53bac0935',4,'2018-03-04 18:46:53',NULL,0),(249,'playerVirtual4','playerVirtual4_6289355687',0,'2018-03-04 18:48:57',NULL,0),(250,'playerVirtual4','playerVirtual4_6289355687',0,'2018-03-04 18:48:57',NULL,0),(251,'playerVirtual11','playerVirtual11_1436344784',0,'2018-03-04 18:48:58',NULL,0),(252,'playerVirtual11','playerVirtual11_1436344784',0,'2018-03-04 18:48:58',NULL,0),(253,'playerVirtual6','playerVirtual6_2381571381',0,'2018-03-04 18:49:01',NULL,0),(254,'playerVirtual6','playerVirtual6_2381571381',0,'2018-03-04 18:49:02',NULL,0),(255,'playerVirtual1509','playerVirtual1509_d72c976428',4,'2018-03-04 18:49:02',NULL,0),(256,'playerVirtual2','playerVirtual2_123f357ea3',3,'2018-03-04 18:49:08',NULL,0),(257,'playerVirtual9','playerVirtual9_1438244924',0,'2018-03-04 18:49:34',NULL,0),(258,'playerVirtual9','playerVirtual9_1438244924',0,'2018-03-04 18:49:35',NULL,0),(259,'playerVirtual4','playerVirtual4_a4ec50179f',4,'2018-03-04 18:49:57',NULL,0),(260,'playerVirtual11','playerVirtual11_acdbda3740',4,'2018-03-04 18:49:58',NULL,0),(261,'playerVirtual5','playerVirtual5_6289704471',0,'2018-03-04 18:50:00',NULL,0),(262,'playerVirtual5','playerVirtual5_6289704471',0,'2018-03-04 18:50:00',NULL,0),(263,'playerVirtual6','playerVirtual6_2f5fffd514',4,'2018-03-04 18:50:02',NULL,0),(264,'playerVirtual8','playerVirtual8_2378747961',0,'2018-03-04 18:50:10',NULL,0),(265,'playerVirtual8','playerVirtual8_2378747961',0,'2018-03-04 18:50:10',NULL,0),(266,'playerVirtual7','playerVirtual7_08e73c906b',3,'2018-03-04 18:50:24',NULL,0),(267,'playerVirtual9','playerVirtual9_613b4d9d62',4,'2018-03-04 18:50:35',NULL,0),(268,'playerVirtual12','playerVirtual12_3338579772',0,'2018-03-04 18:50:45',NULL,0),(269,'playerVirtual12','playerVirtual12_3338579772',0,'2018-03-04 18:50:45',NULL,0),(270,'playerVirtual3','playerVirtual3_3338579772',1,'2018-03-04 18:50:47',NULL,0),(271,'playerVirtual3','playerVirtual3_3377da13d7',3,'2018-03-04 18:50:47',NULL,0),(272,'playerVirtual3','playerVirtual3_3338579772',1,'2018-03-04 18:50:48',NULL,0),(273,'playerVirtual5','playerVirtual5_733772235f',4,'2018-03-04 18:51:00',NULL,0),(274,'playerVirtual14','playerVirtual14_39a65371e0',4,'2018-03-04 18:51:06',NULL,0),(275,'playerVirtual8','playerVirtual8_1c3da1e59d',3,'2018-03-04 18:51:10',NULL,0),(276,'playerVirtual12','playerVirtual12_41dce840bf',3,'2018-03-04 18:51:45',NULL,0),(277,'playerVirtual10','playerVirtual10_8182d55a29',3,'2018-03-04 18:52:18',NULL,0),(278,'playerVirtual2','playerVirtual2_1438244924',1,'2018-03-04 18:54:05',NULL,0),(279,'playerVirtual2','playerVirtual2_e564fa2be3',4,'2018-03-04 18:54:06',NULL,0),(280,'playerVirtual2','playerVirtual2_1438244924',1,'2018-03-04 18:54:06',NULL,0),(281,'playerVirtual15','playerVirtual15_a742efb866',4,'2018-03-04 18:56:07',NULL,0),(282,'playerVirtual8','playerVirtual8_2378747961',1,'2018-03-04 18:56:28',NULL,0),(283,'playerVirtual8','playerVirtual8_24d7c15e61',4,'2018-03-04 18:56:28',NULL,0),(284,'playerVirtual8','playerVirtual8_2378747961',1,'2018-03-04 18:56:29',NULL,0),(285,'playerVirtual13','playerVirtual13_794070039',0,'2018-03-04 18:57:03',NULL,0),(286,'playerVirtual13','playerVirtual13_794070039',0,'2018-03-04 18:57:03',NULL,0),(287,'playerVirtual6','playerVirtual6_5cd9a44bbe',3,'2018-03-04 18:57:44',NULL,0),(288,'playerVirtual13','playerVirtual13_77900af69d',3,'2018-03-04 18:58:03',NULL,0),(289,'playerVirtual4','playerVirtual4_6296268057',0,'2018-03-04 18:58:23',NULL,0),(290,'playerVirtual4','playerVirtual4_6296268057',0,'2018-03-04 18:58:23',NULL,0),(291,'playerVirtual3','playerVirtual3_1095593',1,'2018-03-04 18:59:02',NULL,0),(292,'playerVirtual3','playerVirtual3_3728d89118',4,'2018-03-04 18:59:02',NULL,0),(293,'playerVirtual3','playerVirtual3_1095593',1,'2018-03-04 18:59:02',NULL,0),(294,'playerVirtual12','playerVirtual12_5297461910',0,'2018-03-04 18:59:11',NULL,0),(295,'playerVirtual12','playerVirtual12_5297461910',0,'2018-03-04 18:59:12',NULL,0),(296,'playerVirtual4','playerVirtual4_9a8417cd3a',3,'2018-03-04 18:59:23',NULL,0),(297,'playerVirtual2','playerVirtual2_fd044a7426',3,'2018-03-04 18:59:56',NULL,0),(298,'playerVirtual12','playerVirtual12_b128edd33e',4,'2018-03-04 19:00:12',NULL,0),(299,'playerVirtual11','playerVirtual11_6296865278',0,'2018-03-04 19:00:30',NULL,0),(300,'playerVirtual11','playerVirtual11_6296865278',0,'2018-03-04 19:00:31',NULL,0),(301,'playerVirtual7','playerVirtual7_182859403',0,'2018-03-04 19:00:31',NULL,0),(302,'playerVirtual9','playerVirtual9_6264344062',0,'2018-03-04 19:01:03',NULL,0),(303,'playerVirtual9','playerVirtual9_6264344062',0,'2018-03-04 19:01:03',NULL,0),(304,'playerVirtual16','playerVirtual16_86c676a131',4,'2018-03-04 19:01:06',NULL,0),(305,'playerVirtual11','playerVirtual11_b10fafb488',3,'2018-03-04 19:01:30',NULL,0),(306,'playerVirtual7','playerVirtual7_03e0a293fb',4,'2018-03-04 19:01:31',NULL,0),(307,'playerVirtual10','playerVirtual10_6289704471',0,'2018-03-04 19:01:51',NULL,0),(308,'playerVirtual10','playerVirtual10_6289704471',0,'2018-03-04 19:01:55',NULL,0),(309,'playerVirtual5','playerVirtual5_990694203',0,'2018-03-04 19:01:57',NULL,0),(310,'playerVirtual5','playerVirtual5_c6f7ed6320',3,'2018-03-04 19:01:57',NULL,0),(311,'playerVirtual5','playerVirtual5_990694203',0,'2018-03-04 19:01:57',NULL,0),(312,'playerVirtual9','playerVirtual9_b79cf13d8a',3,'2018-03-04 19:02:03',NULL,0),(313,'playerVirtual1342','playerVirtual1342_50db6f3605',4,'2018-03-04 19:02:39',NULL,0),(314,'playerVirtual10','playerVirtual10_fe7d784cfe',4,'2018-03-04 19:02:50',NULL,0),(315,'playerVirtual2','playerVirtual2_6264344062',1,'2018-03-04 19:05:46',NULL,0),(316,'playerVirtual2','playerVirtual2_35a2fd5147',4,'2018-03-04 19:05:46',NULL,0),(317,'playerVirtual2','playerVirtual2_6264344062',1,'2018-03-04 19:05:47',NULL,0),(318,'playerVirtual13','playerVirtual13_908315',0,'2018-03-04 19:06:04',NULL,0),(319,'playerVirtual13','playerVirtual13_908315',0,'2018-03-04 19:06:09',NULL,0),(320,'playerVirtual17','playerVirtual17_daa3a61af6',4,'2018-03-04 19:06:10',NULL,0),(321,'playerVirtual14','playerVirtual14_6301942525',0,'2018-03-04 19:06:26',NULL,0),(322,'playerVirtual7','playerVirtual7_fba081c33c',3,'2018-03-04 19:06:32',NULL,0),(323,'playerVirtual5','playerVirtual5_6a0c0805eb',4,'2018-03-04 19:06:59',NULL,0),(324,'playerVirtual13','playerVirtual13_78babb7d93',4,'2018-03-04 19:07:03',NULL,0),(325,'playerVirtual14','playerVirtual14_00d0174451',3,'2018-03-04 19:07:26',NULL,0),(326,'playerVirtual6','playerVirtual6_182859403',0,'2018-03-04 19:08:54',NULL,0),(327,'playerVirtual6','playerVirtual6_182859403',0,'2018-03-04 19:08:54',NULL,0),(328,'playerVirtual3','playerVirtual3_539194189',0,'2018-03-04 19:09:47',NULL,0),(329,'playerVirtual3','playerVirtual3_539194189',0,'2018-03-04 19:09:48',NULL,0),(330,'playerVirtual6','playerVirtual6_a08d964d02',4,'2018-03-04 19:09:54',NULL,0),(331,'playerVirtual8','playerVirtual8_6274355716',0,'2018-03-04 19:09:56',NULL,0),(332,'playerVirtual8','playerVirtual8_6274355716',0,'2018-03-04 19:09:56',NULL,0),(333,'playerVirtual3','playerVirtual3_ad701b8166',3,'2018-03-04 19:10:48',NULL,0),(334,'playerVirtual8','playerVirtual8_ad7966b69d',3,'2018-03-04 19:10:56',NULL,0),(335,'playerVirtual18','playerVirtual18_218df0f358',4,'2018-03-04 19:11:06',NULL,0),(336,'playerVirtual4','playerVirtual4_4246147567',0,'2018-03-04 19:11:27',NULL,0),(337,'playerVirtual4','playerVirtual4_4246147567',0,'2018-03-04 19:11:28',NULL,0),(338,'playerVirtual2','playerVirtual2_1436344784',1,'2018-03-04 19:11:43',NULL,0),(339,'playerVirtual2','playerVirtual2_10b67166d2',3,'2018-03-04 19:11:43',NULL,0),(340,'playerVirtual2','playerVirtual2_1436344784',1,'2018-03-04 19:11:43',NULL,0),(341,'playerVirtual11','playerVirtual11_4246147567',0,'2018-03-04 19:12:06',NULL,0),(342,'playerVirtual11','playerVirtual11_4246147567',0,'2018-03-04 19:12:06',NULL,0),(343,'playerVirtual4','playerVirtual4_014b555381',4,'2018-03-04 19:12:31',NULL,0),(344,'playerVirtual10','playerVirtual10_6289704471',1,'2018-03-04 19:12:31',NULL,0),(345,'playerVirtual10','playerVirtual10_8425e97b42',3,'2018-03-04 19:12:31',NULL,0),(346,'playerVirtual10','playerVirtual10_6289704471',1,'2018-03-04 19:12:31',NULL,0),(347,'playerVirtual9','playerVirtual9_4246147567',0,'2018-03-04 19:12:55',NULL,0),(348,'playerVirtual9','playerVirtual9_4246147567',0,'2018-03-04 19:12:55',NULL,0),(349,'playerVirtual11','playerVirtual11_860b04d967',4,'2018-03-04 19:13:06',NULL,0),(350,'playerVirtual15','playerVirtual15_1095593',0,'2018-03-04 19:13:19',NULL,0),(351,'playerVirtual15','playerVirtual15_1095593',0,'2018-03-04 19:13:19',NULL,0),(352,'playerVirtual12','playerVirtual12_6289704471',0,'2018-03-04 19:13:35',NULL,0),(353,'playerVirtual12','playerVirtual12_6289704471',0,'2018-03-04 19:13:36',NULL,0),(354,'playerVirtual9','playerVirtual9_ec61ea1a80',4,'2018-03-04 19:13:55',NULL,0),(355,'playerVirtual14','playerVirtual14_2378747961',0,'2018-03-04 19:14:03',NULL,0),(356,'playerVirtual14','playerVirtual14_2378747961',0,'2018-03-04 19:14:03',NULL,0),(357,'playerVirtual15','playerVirtual15_2e75fffe37',3,'2018-03-04 19:14:19',NULL,0),(358,'playerVirtual12','playerVirtual12_4818c9d7e8',3,'2018-03-04 19:14:38',NULL,0),(359,'playerVirtual14','playerVirtual14_0e81f34ace',4,'2018-03-04 19:15:03',NULL,0),(360,'playerVirtual15','playerVirtual15_e296909886',4,'2018-03-04 19:15:34',NULL,0),(361,'playerVirtual19','playerVirtual19_546bfcc5fa',4,'2018-03-04 19:16:05',NULL,0),(362,'playerVirtual7','playerVirtual7_8e877b760b',4,'2018-03-04 19:19:07',NULL,0),(363,'playerVirtual5','playerVirtual5_6289704471',1,'2018-03-04 19:19:15',NULL,0),(364,'playerVirtual5','playerVirtual5_f8c7624d4f',3,'2018-03-04 19:19:16',NULL,0),(365,'playerVirtual5','playerVirtual5_6289704471',1,'2018-03-04 19:19:16',NULL,0),(366,'playerVirtual8','playerVirtual8_4246147567',0,'2018-03-04 19:19:29',NULL,0),(367,'playerVirtual8','playerVirtual8_4246147567',0,'2018-03-04 19:19:30',NULL,0),(368,'playerVirtual8','playerVirtual8_54004d9833',4,'2018-03-04 19:20:30',NULL,0),(369,'playerVirtual6','playerVirtual6_6316827871',0,'2018-03-04 19:20:39',NULL,0),(370,'playerVirtual6','playerVirtual6_6316827871',0,'2018-03-04 19:20:39',NULL,0),(371,'playerVirtual13','playerVirtual13_4246147567',0,'2018-03-04 19:20:50',NULL,0),(372,'playerVirtual13','playerVirtual13_4246147567',0,'2018-03-04 19:20:51',NULL,0),(373,'playerVirtual4','playerVirtual4_4246147567',1,'2018-03-04 19:20:57',NULL,0),(374,'playerVirtual4','playerVirtual4_ed9ac843d5',3,'2018-03-04 19:20:57',NULL,0),(375,'playerVirtual2','playerVirtual2_182859403',1,'2018-03-04 19:20:58',NULL,0),(376,'playerVirtual2','playerVirtual2_d9ea01d754',4,'2018-03-04 19:20:59',NULL,0),(377,'playerVirtual4','playerVirtual4_4246147567',1,'2018-03-04 19:21:01',NULL,0),(378,'playerVirtual2','playerVirtual2_182859403',1,'2018-03-04 19:21:02',NULL,0),(379,'playerVirtual16','playerVirtual16_4246147567',0,'2018-03-04 19:21:02',NULL,0),(380,'playerVirtual16','playerVirtual16_4246147567',0,'2018-03-04 19:21:03',NULL,0),(381,'playerVirtual6','playerVirtual6_e1031eca90',3,'2018-03-04 19:21:39',NULL,0),(382,'playerVirtual13','playerVirtual13_d0f5597648',3,'2018-03-04 19:21:50',NULL,0),(383,'playerVirtual3','playerVirtual3_5068098508',0,'2018-03-04 19:22:04',NULL,0),(384,'playerVirtual16','playerVirtual16_200ab755ff',3,'2018-03-04 19:22:04',NULL,0),(385,'playerVirtual3','playerVirtual3_5068098508',0,'2018-03-04 19:22:04',NULL,0),(386,'playerVirtual3','playerVirtual3_2a96987024',4,'2018-03-04 19:23:04',NULL,0),(387,'playerVirtual16','playerVirtual16_4246147567',1,'2018-03-04 19:23:05',NULL,0),(388,'playerVirtual16','playerVirtual16_3110ca30aa',4,'2018-03-04 19:23:06',NULL,0),(389,'playerVirtual16','playerVirtual16_4246147567',1,'2018-03-04 19:23:08',NULL,0),(390,'playerVirtual11','playerVirtual11_4246147567',1,'2018-03-04 19:23:39',NULL,0),(391,'playerVirtual11','playerVirtual11_fcfe48d336',3,'2018-03-04 19:23:39',NULL,0),(392,'playerVirtual11','playerVirtual11_4246147567',1,'2018-03-04 19:23:39',NULL,0),(393,'playerVirtual12','playerVirtual12_4246147567',0,'2018-03-04 19:23:50',NULL,0),(394,'playerVirtual12','playerVirtual12_4246147567',0,'2018-03-04 19:23:51',NULL,0),(395,'playerVirtual9','playerVirtual9_4246147567',1,'2018-03-04 19:24:23',NULL,0),(396,'playerVirtual9','playerVirtual9_4d2528bf1c',3,'2018-03-04 19:24:24',NULL,0),(397,'playerVirtual9','playerVirtual9_4246147567',1,'2018-03-04 19:24:24',NULL,0),(398,'playerVirtual12','playerVirtual12_2d56fcffe2',4,'2018-03-04 19:24:51',NULL,0),(399,'playerVirtual5','playerVirtual5_904011',1,'2018-03-04 19:25:05',NULL,0),(400,'playerVirtual5','playerVirtual5_a4d50ba620',4,'2018-03-04 19:25:05',NULL,0),(401,'playerVirtual5','playerVirtual5_904011',1,'2018-03-04 19:25:05',NULL,0),(402,'playerVirtual1581','playerVirtual1581_b6edd1c5e9',4,'2018-03-04 19:25:13',NULL,0),(403,'playerVirtual10','playerVirtual10_4246147567',0,'2018-03-04 19:25:16',NULL,0),(404,'playerVirtual10','playerVirtual10_4246147567',0,'2018-03-04 19:25:16',NULL,0),(405,'playerVirtual10','playerVirtual10_dd0964b9c9',4,'2018-03-04 19:26:18',NULL,0),(406,'playerVirtual17','playerVirtual17_4246147567',0,'2018-03-04 19:26:43',NULL,0),(407,'playerVirtual17','playerVirtual17_f4cee30581',3,'2018-03-04 19:27:44',NULL,0),(408,'playerVirtual17','playerVirtual17_f5787b4c6a',4,'2018-03-04 19:28:45',NULL,0),(409,'playerVirtual13','playerVirtual13_4246147567',1,'2018-03-04 19:29:50',NULL,0),(410,'playerVirtual13','playerVirtual13_94d9b912bd',4,'2018-03-04 19:29:50',NULL,0),(411,'playerVirtual13','playerVirtual13_4246147567',1,'2018-03-04 19:29:50',NULL,0),(412,'playerVirtual7','playerVirtual7_1095593',0,'2018-03-04 19:29:58',NULL,0),(413,'playerVirtual2','playerVirtual2_4a0dc00de3',3,'2018-03-04 19:30:25',NULL,0),(414,'playerVirtual7','playerVirtual7_eb6bf94805',3,'2018-03-04 19:30:58',NULL,0),(415,'playerVirtual14','playerVirtual14_4246147567',0,'2018-03-04 19:31:18',NULL,0),(416,'playerVirtual14','playerVirtual14_4246147567',0,'2018-03-04 19:31:19',NULL,0),(417,'playerVirtual14','playerVirtual14_9432135034',3,'2018-03-04 19:32:19',NULL,0),(418,'playerVirtual18','playerVirtual18_990694203',0,'2018-03-04 19:32:30',NULL,0),(419,'playerVirtual18','playerVirtual18_990694203',0,'2018-03-04 19:32:30',NULL,0),(420,'playerVirtual18','playerVirtual18_071726175a',3,'2018-03-04 19:33:30',NULL,0),(421,'playerVirtual8','playerVirtual8_4246147567',1,'2018-03-04 19:33:57',NULL,0),(422,'playerVirtual8','playerVirtual8_2cdb37ae1c',3,'2018-03-04 19:33:57',NULL,0),(423,'playerVirtual8','playerVirtual8_4246147567',1,'2018-03-04 19:33:57',NULL,0),(424,'playerVirtual6','playerVirtual6_6322213339',0,'2018-03-04 19:34:23',NULL,0),(425,'playerVirtual6','playerVirtual6_6322213339',0,'2018-03-04 19:34:24',NULL,0),(426,'playerVirtual18','playerVirtual18_990694203',1,'2018-03-04 19:34:31',NULL,0),(427,'playerVirtual18','playerVirtual18_6a01240786',4,'2018-03-04 19:34:31',NULL,0),(428,'playerVirtual18','playerVirtual18_990694203',1,'2018-03-04 19:34:31',NULL,0),(429,'playerVirtual3','playerVirtual3_4246147567',0,'2018-03-04 19:35:22',NULL,0),(430,'playerVirtual3','playerVirtual3_4246147567',0,'2018-03-04 19:35:22',NULL,0),(431,'playerVirtual6','playerVirtual6_7b83b3e263',4,'2018-03-04 19:35:23',NULL,0),(432,'playerVirtual4','playerVirtual4_359920779',1,'2018-03-04 19:35:28',NULL,0),(433,'playerVirtual4','playerVirtual4_18967cadf3',4,'2018-03-04 19:35:28',NULL,0),(434,'playerVirtual4','playerVirtual4_359920779',1,'2018-03-04 19:35:28',NULL,0),(435,'playerVirtual10','playerVirtual10_dea1e1e558',3,'2018-03-04 19:35:53',NULL,0),(436,'playerVirtual3','playerVirtual3_a921cf7bb9',3,'2018-03-04 19:36:22',NULL,0),(437,'playerVirtual11','playerVirtual11_4246147567',0,'2018-03-04 19:36:55',NULL,0),(438,'playerVirtual11','playerVirtual11_3d5c05ff8b',4,'2018-03-04 19:36:55',NULL,0),(439,'playerVirtual11','playerVirtual11_4246147567',0,'2018-03-04 19:36:55',NULL,0),(440,'playerVirtual15','playerVirtual15_4246147567',0,'2018-03-04 19:37:26',NULL,0),(441,'playerVirtual15','playerVirtual15_4246147567',0,'2018-03-04 19:37:26',NULL,0),(442,'playerVirtual9','playerVirtual9_4246147567',0,'2018-03-04 19:37:57',NULL,0),(443,'playerVirtual9','playerVirtual9_d84be2b1cc',4,'2018-03-04 19:37:57',NULL,0),(444,'playerVirtual9','playerVirtual9_4246147567',0,'2018-03-04 19:37:57',NULL,0),(445,'playerVirtual12','playerVirtual12_4246147567',1,'2018-03-04 19:38:14',NULL,0),(446,'playerVirtual12','playerVirtual12_09dd2d8f3c',3,'2018-03-04 19:38:14',NULL,0),(447,'playerVirtual12','playerVirtual12_4246147567',1,'2018-03-04 19:38:15',NULL,0),(448,'playerVirtual19','playerVirtual19_4246147567',0,'2018-03-04 19:38:24',NULL,0),(449,'playerVirtual19','playerVirtual19_4246147567',0,'2018-03-04 19:38:25',NULL,0),(450,'playerVirtual15','playerVirtual15_f93888061f',3,'2018-03-04 19:38:26',NULL,0),(451,'playerVirtual14','playerVirtual14_4246147567',1,'2018-03-04 19:38:58',NULL,0),(452,'playerVirtual14','playerVirtual14_40bdfacdba',4,'2018-03-04 19:38:58',NULL,0),(453,'playerVirtual14','playerVirtual14_4246147567',1,'2018-03-04 19:39:02',NULL,0),(454,'playerVirtual19','playerVirtual19_1b8b2bb2ca',3,'2018-03-04 19:39:24',NULL,0),(455,'playerVirtual15','playerVirtual15_4246147567',1,'2018-03-04 19:39:40',NULL,0),(456,'playerVirtual15','playerVirtual15_ec2852b8b2',4,'2018-03-04 19:39:40',NULL,0),(457,'playerVirtual15','playerVirtual15_4246147567',1,'2018-03-04 19:39:41',NULL,0),(458,'playerVirtual19','playerVirtual19_255e85b1b5',4,'2018-03-04 19:40:26',NULL,0),(459,'playerVirtual5','playerVirtual5_4246147567',0,'2018-03-04 19:43:30',NULL,0),(460,'playerVirtual5','playerVirtual5_4246147567',0,'2018-03-04 19:43:30',NULL,0),(461,'playerVirtual5','playerVirtual5_690f7a27d9',3,'2018-03-04 19:44:30',NULL,0),(462,'playerVirtual7','playerVirtual7_4246147567',0,'2018-03-04 19:45:39',NULL,0),(463,'playerVirtual16','playerVirtual16_359920779',0,'2018-03-04 19:45:45',NULL,0),(464,'playerVirtual16','playerVirtual16_359920779',0,'2018-03-04 19:45:45',NULL,0),(465,'playerVirtual2','playerVirtual2_4246147567',0,'2018-03-04 19:46:01',NULL,0),(466,'playerVirtual2','playerVirtual2_4246147567',0,'2018-03-04 19:46:01',NULL,0),(467,'playerVirtual8','playerVirtual8_6335261139',0,'2018-03-04 19:46:12',NULL,0),(468,'playerVirtual8','playerVirtual8_6335261139',0,'2018-03-04 19:46:13',NULL,0),(469,'playerVirtual7','playerVirtual7_b25e33f755',4,'2018-03-04 19:46:39',NULL,0),(470,'playerVirtual13','playerVirtual13_4246147567',0,'2018-03-04 19:46:42',NULL,0),(471,'playerVirtual13','playerVirtual13_755108b938',3,'2018-03-04 19:46:42',NULL,0),(472,'playerVirtual13','playerVirtual13_4246147567',0,'2018-03-04 19:46:43',NULL,0),(473,'playerVirtual16','playerVirtual16_2900707a55',3,'2018-03-04 19:46:45',NULL,0),(474,'playerVirtual2','playerVirtual2_c5ec1a718a',4,'2018-03-04 19:47:01',NULL,0),(475,'playerVirtual4','playerVirtual4_4246147567',0,'2018-03-04 19:47:04',NULL,0),(476,'playerVirtual4','playerVirtual4_9071653447',3,'2018-03-04 19:47:05',NULL,0),(477,'playerVirtual4','playerVirtual4_4246147567',0,'2018-03-04 19:47:05',NULL,0),(478,'playerVirtual8','playerVirtual8_7b86e0fc1a',4,'2018-03-04 19:47:13',NULL,0),(479,'playerVirtual11','playerVirtual11_4246147567',1,'2018-03-04 19:47:31',NULL,0),(480,'playerVirtual11','playerVirtual11_4fddcbaf44',3,'2018-03-04 19:47:31',NULL,0),(481,'playerVirtual11','playerVirtual11_4246147567',1,'2018-03-04 19:47:31',NULL,0),(482,'playerVirtual3','playerVirtual3_4246147567',1,'2018-03-04 19:47:35',NULL,0),(483,'playerVirtual3','playerVirtual3_dae79859e7',4,'2018-03-04 19:47:35',NULL,0),(484,'playerVirtual3','playerVirtual3_4246147567',1,'2018-03-04 19:47:36',NULL,0),(485,'playerVirtual9','playerVirtual9_4246147567',1,'2018-03-04 19:48:24',NULL,0),(486,'playerVirtual9','playerVirtual9_2d095664c4',3,'2018-03-04 19:48:25',NULL,0),(487,'playerVirtual9','playerVirtual9_4246147567',1,'2018-03-04 19:48:26',NULL,0),(488,'playerVirtual6','playerVirtual6_4246147567',0,'2018-03-04 19:48:37',NULL,0),(489,'playerVirtual6','playerVirtual6_4246147567',0,'2018-03-04 19:48:37',NULL,0),(490,'playerVirtual6','playerVirtual6_cf94a40553',3,'2018-03-04 19:49:38',NULL,0),(491,'playerVirtual5','playerVirtual5_4246147567',1,'2018-03-04 19:50:19',NULL,0),(492,'playerVirtual5','playerVirtual5_e1de063be3',4,'2018-03-04 19:50:19',NULL,0),(493,'playerVirtual5','playerVirtual5_4246147567',1,'2018-03-04 19:50:20',NULL,0),(494,'playerVirtual1931','playerVirtual1931_5f10f4a4b1',4,'2018-03-04 19:50:48',NULL,0),(495,'playerVirtual12','playerVirtual12_4246147567',0,'2018-03-04 19:51:30',NULL,0),(496,'playerVirtual12','playerVirtual12_9cc5a2e149',4,'2018-03-04 19:51:30',NULL,0),(497,'playerVirtual12','playerVirtual12_4246147567',0,'2018-03-04 19:51:31',NULL,0),(498,'playerVirtual16','playerVirtual16_6344084916',0,'2018-03-04 19:51:43',NULL,0),(499,'playerVirtual16','playerVirtual16_6344084916',0,'2018-03-04 19:51:46',NULL,0),(500,'playerVirtual17','playerVirtual17_4246147567',0,'2018-03-04 19:52:24',NULL,0),(501,'playerVirtual17','playerVirtual17_9df2897059',3,'2018-03-04 19:52:25',NULL,0),(502,'playerVirtual10','playerVirtual10_4246147567',0,'2018-03-04 19:52:40',NULL,0),(503,'playerVirtual16','playerVirtual16_c78219d3b8',4,'2018-03-04 19:52:41',NULL,0),(504,'playerVirtual10','playerVirtual10_14492463bc',4,'2018-03-04 19:52:41',NULL,0),(505,'playerVirtual10','playerVirtual10_4246147567',0,'2018-03-04 19:52:42',NULL,0),(506,'playerVirtual17','playerVirtual17_30383284a1',4,'2018-03-04 19:53:26',NULL,0),(507,'playerVirtual13','playerVirtual13_4246147567',1,'2018-03-04 19:54:42',NULL,0),(508,'playerVirtual13','playerVirtual13_daaf4707b6',4,'2018-03-04 19:54:42',NULL,0),(509,'playerVirtual13','playerVirtual13_4246147567',1,'2018-03-04 19:54:42',NULL,0),(510,'playerVirtual2','playerVirtual2_4246147567',1,'2018-03-04 19:56:29',NULL,0),(511,'playerVirtual2','playerVirtual2_376f4aa5e4',3,'2018-03-04 19:56:29',NULL,0),(512,'playerVirtual2','playerVirtual2_4246147567',1,'2018-03-04 19:56:29',NULL,0),(513,'playerVirtual7','playerVirtual7_e4ace26e4c',3,'2018-03-04 19:57:29',NULL,0),(514,'playerVirtual14','playerVirtual14_4246147567',0,'2018-03-04 19:59:12',NULL,0),(515,'playerVirtual14','playerVirtual14_bf79a3daf0',3,'2018-03-04 19:59:12',NULL,0),(516,'playerVirtual14','playerVirtual14_4246147567',0,'2018-03-04 19:59:12',NULL,0),(517,'playerVirtual18','playerVirtual18_4246147567',0,'2018-03-04 19:59:14',NULL,0),(518,'playerVirtual18','playerVirtual18_4246147567',0,'2018-03-04 19:59:14',NULL,0),(519,'playerVirtual18','playerVirtual18_9fd8ce4ec8',3,'2018-03-04 20:00:15',NULL,0),(520,'playerVirtual3','playerVirtual3_5068098508',1,'2018-03-04 20:01:03',NULL,0),(521,'playerVirtual3','playerVirtual3_c4ebed2885',3,'2018-03-04 20:01:03',NULL,0),(522,'playerVirtual3','playerVirtual3_5068098508',1,'2018-03-04 20:01:03',NULL,0),(523,'playerVirtual18','playerVirtual18_4246147567',1,'2018-03-04 20:01:19',NULL,0),(524,'playerVirtual18','playerVirtual18_0766f487b0',4,'2018-03-04 20:01:19',NULL,0),(525,'playerVirtual18','playerVirtual18_4246147567',1,'2018-03-04 20:01:21',NULL,0),(526,'playerVirtual11','playerVirtual11_1436344784',1,'2018-03-04 20:01:38',NULL,0),(527,'playerVirtual11','playerVirtual11_4e17d51ee2',4,'2018-03-04 20:01:39',NULL,0),(528,'playerVirtual11','playerVirtual11_1436344784',1,'2018-03-04 20:01:39',NULL,0),(529,'playerVirtual4','playerVirtual4_4246147567',1,'2018-03-04 20:01:39',NULL,0),(530,'playerVirtual4','playerVirtual4_ce44690959',4,'2018-03-04 20:01:39',NULL,0),(531,'playerVirtual4','playerVirtual4_4246147567',1,'2018-03-04 20:01:39',NULL,0),(532,'playerVirtual10','playerVirtual10_a5b0f2bc3a',3,'2018-03-04 20:02:21',NULL,0),(533,'playerVirtual6','playerVirtual6_4246147567',1,'2018-03-04 20:02:23',NULL,0),(534,'playerVirtual6','playerVirtual6_2cd3a620e3',4,'2018-03-04 20:02:23',NULL,0),(535,'playerVirtual6','playerVirtual6_4246147567',1,'2018-03-04 20:02:23',NULL,0),(536,'playerVirtual8','playerVirtual8_4246147567',0,'2018-03-04 20:02:44',NULL,0),(537,'playerVirtual8','playerVirtual8_905ad4faf2',3,'2018-03-04 20:02:44',NULL,0),(538,'playerVirtual8','playerVirtual8_4246147567',0,'2018-03-04 20:02:44',NULL,0),(539,'playerVirtual12','playerVirtual12_1608d0e273',3,'2018-03-04 20:04:54',NULL,0),(540,'playerVirtual15','playerVirtual15_4246147567',0,'2018-03-04 20:05:34',NULL,0),(541,'playerVirtual15','playerVirtual15_785a6ea40c',3,'2018-03-04 20:05:34',NULL,0),(542,'playerVirtual15','playerVirtual15_4246147567',0,'2018-03-04 20:05:34',NULL,0),(543,'playerVirtual9','playerVirtual9_990694203',0,'2018-03-04 20:05:43',NULL,0),(544,'playerVirtual9','playerVirtual9_990694203',0,'2018-03-04 20:05:43',NULL,0),(545,'playerVirtual14','playerVirtual14_4246147567',1,'2018-03-04 20:05:48',NULL,0),(546,'playerVirtual14','playerVirtual14_a4987df8b3',4,'2018-03-04 20:05:48',NULL,0),(547,'playerVirtual14','playerVirtual14_4246147567',1,'2018-03-04 20:05:49',NULL,0),(548,'playerVirtual9','playerVirtual9_0fbb15e25b',4,'2018-03-04 20:06:43',NULL,0),(549,'playerVirtual19','playerVirtual19_4246147567',0,'2018-03-04 20:06:44',NULL,0),(550,'playerVirtual19','playerVirtual19_4ac6d76c84',3,'2018-03-04 20:06:44',NULL,0),(551,'playerVirtual19','playerVirtual19_4246147567',0,'2018-03-04 20:06:44',NULL,0),(552,'playerVirtual15','playerVirtual15_4246147567',1,'2018-03-04 20:06:46',NULL,0),(553,'playerVirtual15','playerVirtual15_fab21a69a1',4,'2018-03-04 20:06:47',NULL,0),(554,'playerVirtual15','playerVirtual15_4246147567',1,'2018-03-04 20:06:47',NULL,0),(555,'playerVirtual19','playerVirtual19_13d381b0ab',4,'2018-03-04 20:07:45',NULL,0),(556,'playerVirtual5','playerVirtual5_4246147567',0,'2018-03-04 20:12:31',NULL,0),(557,'playerVirtual5','playerVirtual5_cd0f2e2fcd',3,'2018-03-04 20:12:31',NULL,0),(558,'playerVirtual5','playerVirtual5_4246147567',0,'2018-03-04 20:12:31',NULL,0),(559,'playerVirtual8','playerVirtual8_4246147567',1,'2018-03-04 20:15:03',NULL,0),(560,'playerVirtual8','playerVirtual8_a4e2bd8993',4,'2018-03-04 20:15:03',NULL,0),(561,'playerVirtual8','playerVirtual8_4246147567',1,'2018-03-04 20:15:06',NULL,0),(562,'playerVirtual2','playerVirtual2_272887063',1,'2018-03-04 20:15:21',NULL,0),(563,'playerVirtual2','playerVirtual2_b8ad7a9a7e',4,'2018-03-04 20:15:21',NULL,0),(564,'playerVirtual2','playerVirtual2_272887063',1,'2018-03-04 20:15:22',NULL,0),(565,'playerVirtual13','playerVirtual13_4246147567',0,'2018-03-04 20:15:36',NULL,0),(566,'playerVirtual13','playerVirtual13_4fa1b8ec83',3,'2018-03-04 20:15:36',NULL,0),(567,'playerVirtual13','playerVirtual13_4246147567',0,'2018-03-04 20:15:36',NULL,0),(568,'playerVirtual7','playerVirtual7_6566788',0,'2018-03-04 20:15:43',NULL,0),(569,'playerVirtual16','playerVirtual16_272887063',0,'2018-03-04 20:16:09',NULL,0),(570,'playerVirtual16','playerVirtual16_272887063',0,'2018-03-04 20:16:10',NULL,0),(571,'playerVirtual3','playerVirtual3_4246147567',0,'2018-03-04 20:16:40',NULL,0),(572,'playerVirtual3','playerVirtual3_3d83d2e0a0',4,'2018-03-04 20:16:41',NULL,0),(573,'playerVirtual3','playerVirtual3_4246147567',0,'2018-03-04 20:16:41',NULL,0),(574,'playerVirtual7','playerVirtual7_4eb8de62f3',4,'2018-03-04 20:16:44',NULL,0),(575,'playerVirtual4','playerVirtual4_6566788',0,'2018-03-04 20:16:50',NULL,0),(576,'playerVirtual4','playerVirtual4_6566788',0,'2018-03-04 20:16:50',NULL,0),(577,'playerVirtual11','playerVirtual11_4246147567',0,'2018-03-04 20:17:02',NULL,0),(578,'playerVirtual11','playerVirtual11_06a0d713f9',3,'2018-03-04 20:17:02',NULL,0),(579,'playerVirtual11','playerVirtual11_4246147567',0,'2018-03-04 20:17:02',NULL,0),(580,'playerVirtual16','playerVirtual16_3f7e8f187e',3,'2018-03-04 20:17:10',NULL,0),(581,'playerVirtual9','playerVirtual9_cfe090f9a5',3,'2018-03-04 20:17:14',NULL,0),(582,'playerVirtual4','playerVirtual4_68626de95b',3,'2018-03-04 20:17:50',NULL,0),(583,'playerVirtual5','playerVirtual5_4246147567',1,'2018-03-04 20:18:20',NULL,0),(584,'playerVirtual5','playerVirtual5_ae262829d0',4,'2018-03-04 20:18:21',NULL,0),(585,'playerVirtual5','playerVirtual5_4246147567',1,'2018-03-04 20:18:21',NULL,0),(586,'playerVirtual6','playerVirtual6_16917741',0,'2018-03-04 20:19:27',NULL,0),(587,'playerVirtual6','playerVirtual6_16917741',0,'2018-03-04 20:19:27',NULL,0);
/*!40000 ALTER TABLE `REQUEST` ENABLE KEYS */;
UNLOCK TABLES;

--
-- Table structure for table `STATUS`
--

DROP TABLE IF EXISTS `STATUS`;
/*!40101 SET @saved_cs_client     = @@character_set_client */;
/*!40101 SET character_set_client = utf8 */;
CREATE TABLE `STATUS` (
  `id` int(11) NOT NULL AUTO_INCREMENT,
  `players` int(11) DEFAULT '0',
  `all_requests` int(11) DEFAULT '0',
  `accepts` int(11) DEFAULT '0',
  `rejects` int(11) DEFAULT '0',
  `fairness` float DEFAULT '0',
  `timestamp` timestamp NULL DEFAULT NULL,
  PRIMARY KEY (`id`)
) ENGINE=InnoDB AUTO_INCREMENT=32 DEFAULT CHARSET=utf8;
/*!40101 SET character_set_client = @saved_cs_client */;

--
-- Dumping data for table `STATUS`
--

LOCK TABLES `STATUS` WRITE;
/*!40000 ALTER TABLE `STATUS` DISABLE KEYS */;
INSERT INTO `STATUS` VALUES (1,0,0,0,0,0,'2018-03-04 17:49:52'),(2,2,4,3,1,0.75,'2018-03-04 17:54:52'),(3,3,10,8,2,0.8,'2018-03-04 17:59:52'),(4,5,16,11,5,0.6875,'2018-03-04 18:04:52'),(5,6,22,14,8,0.636364,'2018-03-04 18:09:52'),(6,8,27,18,9,0.666667,'2018-03-04 18:14:52'),(7,9,35,25,10,0.714286,'2018-03-04 18:19:52'),(8,10,40,30,10,0.75,'2018-03-04 18:24:52'),(9,12,46,35,11,0.76087,'2018-03-04 18:29:53'),(10,13,52,39,13,0.75,'2018-03-04 18:34:53'),(11,15,57,42,15,0.736842,'2018-03-04 18:39:53'),(12,16,65,49,16,0.753846,'2018-03-04 18:44:53'),(13,18,70,53,17,0.757143,'2018-03-04 18:49:53'),(14,19,73,55,18,0.753425,'2018-03-04 18:54:53'),(15,20,76,58,18,0.763158,'2018-03-04 18:59:53'),(16,22,80,62,18,0.775,'2018-03-04 19:04:53'),(17,23,83,64,19,0.771084,'2018-03-04 19:09:54'),(18,24,90,70,20,0.777778,'2018-03-04 19:14:54'),(19,25,91,71,20,0.78022,'2018-03-04 19:19:54'),(20,26,96,75,21,0.78125,'2018-03-04 19:24:54'),(21,26,97,75,22,0.773196,'2018-03-04 19:29:54'),(22,26,100,77,23,0.77,'2018-03-04 19:34:55'),(23,26,105,80,25,0.761905,'2018-03-04 19:39:55'),(24,26,106,81,25,0.764151,'2018-03-04 19:44:55'),(25,27,112,87,25,0.776786,'2018-03-04 19:49:55'),(26,27,115,89,26,0.773913,'2018-03-04 19:54:55'),(27,27,117,91,26,0.777778,'2018-03-04 19:59:55'),(28,27,118,91,27,0.771186,'2018-03-04 20:04:55'),(29,27,121,93,28,0.768595,'2018-03-04 20:09:55'),(30,27,122,94,28,0.770492,'2018-03-04 20:14:55'),(31,28,128,98,30,0.765625,'2018-03-04 20:19:56');
/*!40000 ALTER TABLE `STATUS` ENABLE KEYS */;
UNLOCK TABLES;

--
-- Table structure for table `THRESHOLD`
--

DROP TABLE IF EXISTS `THRESHOLD`;
/*!40101 SET @saved_cs_client     = @@character_set_client */;
/*!40101 SET character_set_client = utf8 */;
CREATE TABLE `THRESHOLD` (
  `division` int(11) NOT NULL,
  `botton` float DEFAULT '0',
  `top` float DEFAULT '0',
  PRIMARY KEY (`division`)
) ENGINE=InnoDB DEFAULT CHARSET=utf8;
/*!40101 SET character_set_client = @saved_cs_client */;

--
-- Dumping data for table `THRESHOLD`
--

LOCK TABLES `THRESHOLD` WRITE;
/*!40000 ALTER TABLE `THRESHOLD` DISABLE KEYS */;
INSERT INTO `THRESHOLD` VALUES (1,8.76,20),(2,4.38,8.76),(3,0,4.38);
/*!40000 ALTER TABLE `THRESHOLD` ENABLE KEYS */;
UNLOCK TABLES;

--
-- Table structure for table `VM`
--

DROP TABLE IF EXISTS `VM`;
/*!40101 SET @saved_cs_client     = @@character_set_client */;
/*!40101 SET character_set_client = utf8 */;
CREATE TABLE `VM` (
  `id` int(11) NOT NULL AUTO_INCREMENT,
  `origin_add` varchar(45) NOT NULL,
  `origin_id` varchar(45) NOT NULL,
  `origin_name` varchar(45) NOT NULL,
  `destiny_add` varchar(45) NOT NULL,
  `destiny_name` varchar(45) NOT NULL,
  `destiny_id` varchar(45) NOT NULL,
  `status` tinyint(1) NOT NULL,
  `has_resources` tinyint(1) NOT NULL,
  `vcpus` int(11) NOT NULL,
  `mem` bigint(20) NOT NULL,
  `disk` bigint(20) NOT NULL,
  `timestamp_received` timestamp NULL DEFAULT NULL,
  `timestamp_finished` timestamp NULL DEFAULT NULL,
  PRIMARY KEY (`id`)
) ENGINE=InnoDB AUTO_INCREMENT=129 DEFAULT CHARSET=utf8;
/*!40101 SET character_set_client = @saved_cs_client */;

--
-- Dumping data for table `VM`
--

LOCK TABLES `VM` WRITE;
/*!40000 ALTER TABLE `VM` DISABLE KEYS */;
INSERT INTO `VM` VALUES (1,'192.168.0.200','playerVirtual1_450512000','playerVirtual1','192.168.0.200','playerVirtual2','playerVirtual2_8a8c55f72d',1,1,1,2048,20,'2018-03-04 17:52:11',NULL),(2,'192.168.0.200','playerVirtual2_1438244924','playerVirtual2','192.168.0.200','playerVirtual1','playerVirtual1_96bc839947',3,1,1,2048,20,'2018-03-04 17:52:13','2018-03-04 18:54:06'),(3,'192.168.0.200','playerVirtual1_640692267','playerVirtual1','192.168.0.200','playerVirtual2','playerVirtual2_c6f7c8334d',1,1,1,512,1,'2018-03-04 17:54:17',NULL),(4,'192.168.0.200','playerVirtual2_2381571381','playerVirtual2','192.168.0.200','playerVirtual1','playerVirtual2_2381571381',0,0,1,2048,20,'2018-03-04 17:54:18','2018-03-04 17:54:18'),(5,'192.168.0.200','playerVirtual1_5297461910','playerVirtual1','192.168.0.200','playerVirtual3','playerVirtual3_5e0a80fd90',1,1,1,512,1,'2018-03-04 17:56:20',NULL),(6,'192.168.0.200','playerVirtual2_2790332778','playerVirtual2','192.168.0.200','playerVirtual3','playerVirtual3_d1d709bc28',1,1,2,4096,40,'2018-03-04 17:56:25',NULL),(7,'192.168.0.200','playerVirtual3_369721705','playerVirtual3','192.168.0.200','playerVirtual2','playerVirtual2_67d38896f8',1,1,2,4096,40,'2018-03-04 17:57:18',NULL),(8,'192.168.0.200','playerVirtual1_317469422','playerVirtual1','192.168.0.200','playerVirtual2','playerVirtual2_7e4a9a3085',1,1,2,4096,40,'2018-03-04 17:58:29',NULL),(9,'192.168.0.200','playerVirtual2_6955737','playerVirtual2','192.168.0.200','playerVirtual1','playerVirtual2_6955737',0,0,1,2048,20,'2018-03-04 17:58:31','2018-03-04 17:58:31'),(10,'192.168.0.200','playerVirtual3_257338104','playerVirtual3','192.168.0.200','playerVirtual2','playerVirtual2_8507c6f4b5',1,1,2,4096,40,'2018-03-04 17:59:19',NULL),(11,'192.168.0.200','playerVirtual2_2433236783','playerVirtual2','192.168.0.200','playerVirtual3','playerVirtual2_2433236783',0,0,1,2048,20,'2018-03-04 18:00:39','2018-03-04 18:00:39'),(12,'192.168.0.200','playerVirtual3_3338579772','playerVirtual3','192.168.0.200','playerVirtual4','playerVirtual4_523b4da1f3',3,1,1,2048,20,'2018-03-04 18:01:33','2018-03-04 18:50:48'),(13,'192.168.0.200','playerVirtual2_2359368952','playerVirtual2','192.168.0.200','playerVirtual0','playerVirtual2_2359368952',0,1,1,512,1,'2018-03-04 18:02:56','2018-03-04 18:02:56'),(14,'192.168.0.200','playerVirtual3_16917741','playerVirtual3','192.168.0.200','playerVirtual4','playerVirtual4_17daab0a1f',1,1,1,512,1,'2018-03-04 18:03:47',NULL),(15,'192.168.0.200','playerVirtual4_2545640208','playerVirtual4','192.168.0.200','playerVirtual0','playerVirtual4_2545640208',0,1,1,2048,20,'2018-03-04 18:04:47','2018-03-04 18:04:47'),(16,'192.168.0.200','playerVirtual0_908315','playerVirtual0','192.168.0.200','playerVirtual4','playerVirtual4_50f5e2122b',1,1,1,2048,20,'2018-03-04 18:04:48',NULL),(17,'192.168.0.200','playerVirtual2_539194189','playerVirtual2','192.168.0.200','playerVirtual0','playerVirtual2_539194189',0,1,1,2048,20,'2018-03-04 18:05:25','2018-03-04 18:05:25'),(18,'192.168.0.200','playerVirtual3_4820204870','playerVirtual3','192.168.0.200','playerVirtual5','playerVirtual5_40e36e2cd7',3,1,2,4096,40,'2018-03-04 18:07:00','2018-03-04 18:35:22'),(19,'192.168.0.200','playerVirtual4_8058564','playerVirtual4','192.168.0.200','playerVirtual0','playerVirtual4_8058564',0,1,1,2048,20,'2018-03-04 18:08:41','2018-03-04 18:08:41'),(20,'192.168.0.200','playerVirtual0_1429160667','playerVirtual0','192.168.0.200','playerVirtual4','playerVirtual4_78f66ce20d',1,1,1,2048,20,'2018-03-04 18:08:50',NULL),(21,'192.168.0.200','playerVirtual2_82730999','playerVirtual2','192.168.0.200','playerVirtual5','playerVirtual5_1e2edabb8a',1,1,1,512,1,'2018-03-04 18:09:19',NULL),(22,'192.168.0.200','playerVirtual5_3338010893','playerVirtual5','192.168.0.200','playerVirtual0','playerVirtual5_3338010893',0,1,1,512,1,'2018-03-04 18:09:26','2018-03-04 18:09:26'),(23,'192.168.0.200','playerVirtual3_351652724','playerVirtual3','192.168.0.200','playerVirtual4','playerVirtual4_6345d1aa4a',1,1,1,2048,20,'2018-03-04 18:10:12',NULL),(24,'192.168.0.200','playerVirtual4_6571218','playerVirtual4','192.168.0.200','playerVirtual5','playerVirtual5_14f8d9cd32',1,1,1,2048,20,'2018-03-04 18:11:12',NULL),(25,'192.168.0.200','playerVirtual5_1339662','playerVirtual5','192.168.0.200','playerVirtual6','playerVirtual6_0859c4e2c7',1,1,1,2048,20,'2018-03-04 18:11:39',NULL),(26,'192.168.0.200','playerVirtual2_1436344784','playerVirtual2','192.168.0.200','playerVirtual4','playerVirtual4_f86dd2cd00',3,1,1,2048,20,'2018-03-04 18:11:56','2018-03-04 19:11:43'),(27,'192.168.0.200','playerVirtual3_284794223','playerVirtual3','192.168.0.200','playerVirtual1992','playerVirtual3_284794223',0,1,1,2048,20,'2018-03-04 18:13:33','2018-03-04 18:13:33'),(28,'192.168.0.200','playerVirtual4_359920779','playerVirtual4','192.168.0.200','playerVirtual5','playerVirtual5_1577e0da50',3,1,1,512,1,'2018-03-04 18:15:15','2018-03-04 19:35:28'),(29,'192.168.0.200','playerVirtual2_2904109077','playerVirtual2','192.168.0.200','playerVirtual6','playerVirtual6_5732f4c0e4',1,1,1,512,1,'2018-03-04 18:15:53',NULL),(30,'192.168.0.200','playerVirtual5_904011','playerVirtual5','192.168.0.200','playerVirtual4','playerVirtual4_7da72883a8',2,1,1,2048,20,'2018-03-04 18:15:59','2018-03-04 19:25:10'),(31,'192.168.0.200','playerVirtual3_905614','playerVirtual3','192.168.0.200','playerVirtual7','playerVirtual7_16064a1d0a',1,1,1,2048,20,'2018-03-04 18:16:46',NULL),(32,'192.168.0.200','playerVirtual6_1093460','playerVirtual6','192.168.0.200','playerVirtual1992','playerVirtual6_1093460',0,1,1,512,1,'2018-03-04 18:16:47','2018-03-04 18:16:47'),(33,'192.168.0.200','playerVirtual4_470485660','playerVirtual4','192.168.0.200','playerVirtual5','playerVirtual5_1bd6f35067',1,1,2,4096,40,'2018-03-04 18:17:49',NULL),(34,'192.168.0.200','playerVirtual5_5792765','playerVirtual5','192.168.0.200','playerVirtual6','playerVirtual6_208b6bb8d7',1,1,1,512,1,'2018-03-04 18:18:20',NULL),(35,'192.168.0.200','playerVirtual2_30788568','playerVirtual2','192.168.0.200','playerVirtual4','playerVirtual4_63319b3f1c',1,1,1,512,1,'2018-03-04 18:18:37',NULL),(36,'192.168.0.200','playerVirtual3_38671842','playerVirtual3','192.168.0.200','playerVirtual6','playerVirtual6_13656c410f',1,1,1,512,1,'2018-03-04 18:20:21',NULL),(37,'192.168.0.200','playerVirtual6_400453824','playerVirtual6','192.168.0.200','playerVirtual8','playerVirtual8_04a13cdfd8',1,1,1,512,1,'2018-03-04 18:21:32',NULL),(38,'192.168.0.200','playerVirtual4_4819935267','playerVirtual4','192.168.0.200','playerVirtual6','playerVirtual6_bed2ea2dd3',1,1,2,4096,40,'2018-03-04 18:22:11',NULL),(39,'192.168.0.200','playerVirtual2_6264344062','playerVirtual2','192.168.0.200','playerVirtual4','playerVirtual4_d45fa847cc',3,1,1,512,1,'2018-03-04 18:22:53','2018-03-04 19:05:47'),(40,'192.168.0.200','playerVirtual5_4820217293','playerVirtual5','192.168.0.200','playerVirtual2','playerVirtual2_fd0f1cd5ef',1,1,2,4096,40,'2018-03-04 18:22:59',NULL),(41,'192.168.0.200','playerVirtual3_1095593','playerVirtual3','192.168.0.200','playerVirtual8','playerVirtual8_a688dc93ca',3,1,1,512,1,'2018-03-04 18:25:14','2018-03-04 18:59:02'),(42,'192.168.0.200','playerVirtual6_2148750930','playerVirtual6','192.168.0.200','playerVirtual8','playerVirtual8_8285ba81ae',1,1,1,2048,20,'2018-03-04 18:25:22',NULL),(43,'192.168.0.200','playerVirtual4_563574327','playerVirtual4','192.168.0.200','playerVirtual9','playerVirtual9_bed098ae31',1,1,1,2048,20,'2018-03-04 18:26:25',NULL),(44,'192.168.0.200','playerVirtual8_227443932','playerVirtual8','192.168.0.200','playerVirtual1845','playerVirtual8_227443932',0,1,1,2048,20,'2018-03-04 18:26:36','2018-03-04 18:26:36'),(45,'192.168.0.200','playerVirtual5_16915963','playerVirtual5','192.168.0.200','playerVirtual6','playerVirtual6_ccff8d6ac3',1,1,1,2048,20,'2018-03-04 18:27:02',NULL),(46,'192.168.0.200','playerVirtual3_272887063','playerVirtual3','192.168.0.200','playerVirtual8','playerVirtual8_fa208a9bdf',3,1,1,2048,20,'2018-03-04 18:29:09','2018-03-04 18:39:09'),(47,'192.168.0.200','playerVirtual8_4820204870','playerVirtual8','192.168.0.200','playerVirtual9','playerVirtual9_6b24548f6d',1,1,2,4096,40,'2018-03-04 18:30:17',NULL),(48,'192.168.0.200','playerVirtual6_6274355716','playerVirtual6','192.168.0.200','playerVirtual1845','playerVirtual6_6274355716',0,1,1,512,1,'2018-03-04 18:30:24','2018-03-04 18:30:24'),(49,'192.168.0.200','playerVirtual2_38676294','playerVirtual2','192.168.0.200','playerVirtual6','playerVirtual6_2a70344ef5',1,1,1,512,1,'2018-03-04 18:30:45',NULL),(50,'192.168.0.200','playerVirtual9_5623125514','playerVirtual9','192.168.0.200','playerVirtual10','playerVirtual10_053e88bf3a',1,1,1,2048,20,'2018-03-04 18:31:49',NULL),(51,'192.168.0.200','playerVirtual4_182859403','playerVirtual4','192.168.0.200','playerVirtual8','playerVirtual8_519129c14f',3,1,1,512,1,'2018-03-04 18:32:06','2018-03-04 18:36:34'),(52,'192.168.0.200','playerVirtual5_990694203','playerVirtual5','192.168.0.200','playerVirtual1845','playerVirtual5_990694203',0,1,1,2048,20,'2018-03-04 18:33:25','2018-03-04 18:33:25'),(53,'192.168.0.200','playerVirtual9_6282149131','playerVirtual9','192.168.0.200','playerVirtual10','playerVirtual10_37f90dac23',1,1,1,512,1,'2018-03-04 18:36:07',NULL),(54,'192.168.0.200','playerVirtual6_4476462938','playerVirtual6','192.168.0.200','playerVirtual11','playerVirtual11_3f10335dd3',1,1,1,2048,20,'2018-03-04 18:36:13',NULL),(55,'192.168.0.200','playerVirtual2_272887063','playerVirtual2','192.168.0.200','playerVirtual5','playerVirtual5_b1bafe4c65',3,1,1,2048,20,'2018-03-04 18:36:49','2018-03-04 20:15:22'),(56,'192.168.0.200','playerVirtual8_6280643141','playerVirtual8','192.168.0.200','playerVirtual10','playerVirtual10_d9690f3180',1,1,1,512,1,'2018-03-04 18:37:20',NULL),(57,'192.168.0.200','playerVirtual10_6280638724','playerVirtual10','192.168.0.200','playerVirtual1761','playerVirtual10_6280638724',0,1,1,512,1,'2018-03-04 18:38:52','2018-03-04 18:38:52'),(58,'192.168.0.200','playerVirtual6_1094955','playerVirtual6','192.168.0.200','playerVirtual12','playerVirtual12_55625ae873',1,1,1,512,1,'2018-03-04 18:41:51',NULL),(59,'192.168.0.200','playerVirtual8_6285257156','playerVirtual8','192.168.0.200','playerVirtual11','playerVirtual11_d46e3783d3',1,1,1,512,1,'2018-03-04 18:42:10',NULL),(60,'192.168.0.200','playerVirtual2_182859403','playerVirtual2','192.168.0.200','playerVirtual8','playerVirtual8_67b5a48336',3,1,1,512,1,'2018-03-04 18:42:28','2018-03-04 19:21:02'),(61,'192.168.0.200','playerVirtual4_682797','playerVirtual4','192.168.0.200','playerVirtual10','playerVirtual10_3895604b39',1,1,1,2048,20,'2018-03-04 18:42:29',NULL),(62,'192.168.0.200','playerVirtual10_1438244924','playerVirtual10','192.168.0.200','playerVirtual1761','playerVirtual10_1438244924',0,1,1,2048,20,'2018-03-04 18:42:45','2018-03-04 18:42:45'),(63,'192.168.0.200','playerVirtual9_214880781','playerVirtual9','192.168.0.200','playerVirtual12','playerVirtual12_ed6f55e6f5',1,1,1,2048,20,'2018-03-04 18:43:15',NULL),(64,'192.168.0.200','playerVirtual5_16914091','playerVirtual5','192.168.0.200','playerVirtual11','playerVirtual11_9c17c9f3c5',1,1,1,2048,20,'2018-03-04 18:43:55',NULL),(65,'192.168.0.200','playerVirtual11_1436323714','playerVirtual11','192.168.0.200','playerVirtual8','playerVirtual8_2629328cdf',1,1,1,2048,20,'2018-03-04 18:44:25',NULL),(66,'192.168.0.200','playerVirtual3_6955737','playerVirtual3','192.168.0.200','playerVirtual10','playerVirtual10_1e11325206',1,1,1,2048,20,'2018-03-04 18:45:53',NULL),(67,'192.168.0.200','playerVirtual4_6289355687','playerVirtual4','192.168.0.200','playerVirtual13','playerVirtual13_a14e28b309',1,1,1,512,1,'2018-03-04 18:48:58',NULL),(68,'192.168.0.200','playerVirtual11_1436344784','playerVirtual11','192.168.0.200','playerVirtual12','playerVirtual12_07c40c19df',3,1,1,2048,20,'2018-03-04 18:48:58','2018-03-04 20:01:39'),(69,'192.168.0.200','playerVirtual6_2381571381','playerVirtual6','192.168.0.200','playerVirtual8','playerVirtual8_c6c20b009f',1,1,1,2048,20,'2018-03-04 18:49:02',NULL),(70,'192.168.0.200','playerVirtual9_1438244924','playerVirtual9','192.168.0.200','playerVirtual1509','playerVirtual9_1438244924',0,1,1,2048,20,'2018-03-04 18:49:35','2018-03-04 18:49:35'),(71,'192.168.0.200','playerVirtual5_6289704471','playerVirtual5','192.168.0.200','playerVirtual10','playerVirtual10_d52af27936',3,1,1,512,1,'2018-03-04 18:50:00','2018-03-04 19:19:16'),(72,'192.168.0.200','playerVirtual8_2378747961','playerVirtual8','192.168.0.200','playerVirtual13','playerVirtual13_7661e21247',3,1,1,512,1,'2018-03-04 18:50:10','2018-03-04 18:56:29'),(73,'192.168.0.200','playerVirtual12_3338579772','playerVirtual12','192.168.0.200','playerVirtual1509','playerVirtual12_3338579772',0,1,1,2048,20,'2018-03-04 18:50:45','2018-03-04 18:50:45'),(74,'192.168.0.200','playerVirtual13_794070039','playerVirtual13','192.168.0.200','playerVirtual14','playerVirtual14_c5e97c2669',1,1,1,512,1,'2018-03-04 18:57:03',NULL),(75,'192.168.0.200','playerVirtual4_6296268057','playerVirtual4','192.168.0.200','playerVirtual15','playerVirtual15_c85d6dac2b',1,1,1,512,1,'2018-03-04 18:58:23',NULL),(76,'192.168.0.200','playerVirtual12_5297461910','playerVirtual12','192.168.0.200','playerVirtual4','playerVirtual4_fb5f780db9',1,1,1,512,1,'2018-03-04 18:59:12',NULL),(77,'192.168.0.200','playerVirtual11_6296865278','playerVirtual11','192.168.0.200','playerVirtual10','playerVirtual10_331bc13a5c',1,1,1,512,1,'2018-03-04 19:00:31',NULL),(78,'192.168.0.200','playerVirtual9_6264344062','playerVirtual9','192.168.0.200','playerVirtual13','playerVirtual13_e34baed320',1,1,1,2048,20,'2018-03-04 19:01:03',NULL),(79,'192.168.0.200','playerVirtual10_6289704471','playerVirtual10','192.168.0.200','playerVirtual16','playerVirtual16_d1836a9132',3,1,1,2048,20,'2018-03-04 19:01:55','2018-03-04 19:12:31'),(80,'192.168.0.200','playerVirtual5_990694203','playerVirtual5','192.168.0.200','playerVirtual8','playerVirtual8_340535b7f0',1,1,1,2048,20,'2018-03-04 19:01:57',NULL),(81,'192.168.0.200','playerVirtual13_908315','playerVirtual13','192.168.0.200','playerVirtual1342','playerVirtual13_908315',0,1,1,2048,20,'2018-03-04 19:06:09','2018-03-04 19:06:09'),(82,'192.168.0.200','playerVirtual6_182859403','playerVirtual6','192.168.0.200','playerVirtual17','playerVirtual17_4f84601412',1,1,1,512,1,'2018-03-04 19:08:54',NULL),(83,'192.168.0.200','playerVirtual3_539194189','playerVirtual3','192.168.0.200','playerVirtual14','playerVirtual14_940e844419',1,1,1,2048,20,'2018-03-04 19:09:48',NULL),(84,'192.168.0.200','playerVirtual8_6274355716','playerVirtual8','192.168.0.200','playerVirtual15','playerVirtual15_18a68d6c50',1,1,1,512,1,'2018-03-04 19:09:56',NULL),(85,'192.168.0.200','playerVirtual4_4246147567','playerVirtual4','192.168.0.200','playerVirtual18','playerVirtual18_5225b4bbda',3,1,2,4096,40,'2018-03-04 19:11:28','2018-03-04 20:01:39'),(86,'192.168.0.200','playerVirtual11_4246147567','playerVirtual11','192.168.0.200','playerVirtual13','playerVirtual13_dc3e2dc0d8',3,1,2,4096,40,'2018-03-04 19:12:06','2018-03-04 19:47:31'),(87,'192.168.0.200','playerVirtual9_4246147567','playerVirtual9','192.168.0.200','playerVirtual16','playerVirtual16_e305b353e5',3,1,2,4096,40,'2018-03-04 19:12:55','2018-03-04 19:48:26'),(88,'192.168.0.200','playerVirtual15_1095593','playerVirtual15','192.168.0.200','playerVirtual1342','playerVirtual15_1095593',0,1,1,512,1,'2018-03-04 19:13:19','2018-03-04 19:13:19'),(89,'192.168.0.200','playerVirtual12_6289704471','playerVirtual12','192.168.0.200','playerVirtual14','playerVirtual14_63e402b7b8',1,1,1,2048,20,'2018-03-04 19:13:36',NULL),(90,'192.168.0.200','playerVirtual14_2378747961','playerVirtual14','192.168.0.200','playerVirtual15','playerVirtual15_5cd914b0c4',1,1,1,512,1,'2018-03-04 19:14:03',NULL),(91,'192.168.0.200','playerVirtual8_4246147567','playerVirtual8','192.168.0.200','playerVirtual19','playerVirtual19_546ead9290',3,1,2,4096,40,'2018-03-04 19:19:30','2018-03-04 20:15:07'),(92,'192.168.0.200','playerVirtual6_6316827871','playerVirtual6','192.168.0.200','playerVirtual4','playerVirtual4_30a57859ce',1,1,1,512,1,'2018-03-04 19:20:39',NULL),(93,'192.168.0.200','playerVirtual13_4246147567','playerVirtual13','192.168.0.200','playerVirtual10','playerVirtual10_5bf6f9a5b4',3,1,2,4096,40,'2018-03-04 19:20:51','2018-03-04 19:54:42'),(94,'192.168.0.200','playerVirtual16_4246147567','playerVirtual16','192.168.0.200','playerVirtual18','playerVirtual18_70d70924b8',3,1,2,4096,40,'2018-03-04 19:21:03','2018-03-04 19:23:08'),(95,'192.168.0.200','playerVirtual3_5068098508','playerVirtual3','192.168.0.200','playerVirtual16','playerVirtual16_255028874b',3,1,1,2048,20,'2018-03-04 19:22:04','2018-03-04 20:01:03'),(96,'192.168.0.200','playerVirtual12_4246147567','playerVirtual12','192.168.0.200','playerVirtual14','playerVirtual14_c3d8d6bb20',3,1,2,4096,40,'2018-03-04 19:23:51','2018-03-04 19:38:15'),(97,'192.168.0.200','playerVirtual10_4246147567','playerVirtual10','192.168.0.200','playerVirtual1581','playerVirtual10_4246147567',0,1,2,4096,40,'2018-03-04 19:25:16','2018-03-04 19:25:16'),(98,'192.168.0.200','playerVirtual14_4246147567','playerVirtual14','192.168.0.200','playerVirtual15','playerVirtual15_4f9e0687c0',3,1,2,4096,40,'2018-03-04 19:31:19','2018-03-04 20:05:49'),(99,'192.168.0.200','playerVirtual18_990694203','playerVirtual18','192.168.0.200','playerVirtual19','playerVirtual19_e69c69f3cd',3,1,1,2048,20,'2018-03-04 19:32:30','2018-03-04 19:34:32'),(100,'192.168.0.200','playerVirtual6_6322213339','playerVirtual6','192.168.0.200','playerVirtual8','playerVirtual8_a207ce470e',1,1,1,512,1,'2018-03-04 19:34:24',NULL),(101,'192.168.0.200','playerVirtual3_4246147567','playerVirtual3','192.168.0.200','playerVirtual18','playerVirtual18_58526e2664',3,1,2,4096,40,'2018-03-04 19:35:22','2018-03-04 19:47:36'),(102,'192.168.0.200','playerVirtual11_4246147567','playerVirtual11','192.168.0.200','playerVirtual16','playerVirtual16_34fec99ab3',3,1,2,4096,40,'2018-03-04 19:36:55','2018-03-04 19:47:31'),(103,'192.168.0.200','playerVirtual15_4246147567','playerVirtual15','192.168.0.200','playerVirtual5','playerVirtual5_28d38eda2a',3,1,2,4096,40,'2018-03-04 19:37:26','2018-03-04 20:06:47'),(104,'192.168.0.200','playerVirtual9_4246147567','playerVirtual9','192.168.0.200','playerVirtual14','playerVirtual14_4ea520d584',2,1,2,4096,40,'2018-03-04 19:37:57','2018-03-04 19:48:34'),(105,'192.168.0.200','playerVirtual19_4246147567','playerVirtual19','192.168.0.200','playerVirtual1581','playerVirtual19_4246147567',0,1,2,4096,40,'2018-03-04 19:38:25','2018-03-04 19:38:25'),(106,'192.168.0.200','playerVirtual5_4246147567','playerVirtual5','192.168.0.200','playerVirtual13','playerVirtual13_897e922ae5',3,1,2,4096,40,'2018-03-04 19:43:30','2018-03-04 20:18:21'),(107,'192.168.0.200','playerVirtual16_359920779','playerVirtual16','192.168.0.200','playerVirtual19','playerVirtual19_b377eef759',1,1,1,512,1,'2018-03-04 19:45:45',NULL),(108,'192.168.0.200','playerVirtual2_4246147567','playerVirtual2','192.168.0.200','playerVirtual4','playerVirtual4_c72c8ae497',3,1,2,4096,40,'2018-03-04 19:46:01','2018-03-04 19:56:29'),(109,'192.168.0.200','playerVirtual8_6335261139','playerVirtual8','192.168.0.200','playerVirtual10','playerVirtual10_f4477aba1c',1,1,1,512,1,'2018-03-04 19:46:13',NULL),(110,'192.168.0.200','playerVirtual13_4246147567','playerVirtual13','192.168.0.200','playerVirtual15','playerVirtual15_92cf4ef4c7',3,1,2,4096,40,'2018-03-04 19:46:43','2018-03-04 19:54:42'),(111,'192.168.0.200','playerVirtual4_4246147567','playerVirtual4','192.168.0.200','playerVirtual8','playerVirtual8_4d2e428865',3,1,2,4096,40,'2018-03-04 19:47:05','2018-03-04 20:01:39'),(112,'192.168.0.200','playerVirtual6_4246147567','playerVirtual6','192.168.0.200','playerVirtual18','playerVirtual18_3ef669598f',3,1,2,4096,40,'2018-03-04 19:48:37','2018-03-04 20:02:23'),(113,'192.168.0.200','playerVirtual12_4246147567','playerVirtual12','192.168.0.200','playerVirtual1931','playerVirtual12_4246147567',0,1,2,4096,40,'2018-03-04 19:51:31','2018-03-04 19:51:31'),(114,'192.168.0.200','playerVirtual16_6344084916','playerVirtual16','192.168.0.200','playerVirtual19','playerVirtual19_1a79924e73',1,1,1,512,1,'2018-03-04 19:51:46',NULL),(115,'192.168.0.200','playerVirtual10_4246147567','playerVirtual10','192.168.0.200','playerVirtual16','playerVirtual16_db17921114',1,1,2,4096,40,'2018-03-04 19:52:42',NULL),(116,'192.168.0.200','playerVirtual14_4246147567','playerVirtual14','192.168.0.200','playerVirtual5','playerVirtual5_58fed2c40c',3,1,2,4096,40,'2018-03-04 19:59:12','2018-03-04 20:05:49'),(117,'192.168.0.200','playerVirtual18_4246147567','playerVirtual18','192.168.0.200','playerVirtual14','playerVirtual14_f6e116645a',3,1,2,4096,40,'2018-03-04 19:59:14','2018-03-04 20:01:21'),(118,'192.168.0.200','playerVirtual8_4246147567','playerVirtual8','192.168.0.200','playerVirtual12','playerVirtual12_51676abef6',3,1,2,4096,40,'2018-03-04 20:02:45','2018-03-04 20:15:07'),(119,'192.168.0.200','playerVirtual15_4246147567','playerVirtual15','192.168.0.200','playerVirtual13','playerVirtual13_7199c8a589',3,1,2,4096,40,'2018-03-04 20:05:34','2018-03-04 20:06:47'),(120,'192.168.0.200','playerVirtual9_990694203','playerVirtual9','192.168.0.200','playerVirtual3','playerVirtual9_990694203',0,0,1,2048,20,'2018-03-04 20:05:44','2018-03-04 20:05:44'),(121,'192.168.0.200','playerVirtual19_4246147567','playerVirtual19','192.168.0.200','playerVirtual4','playerVirtual4_ce7923a54f',1,1,2,4096,40,'2018-03-04 20:06:45',NULL),(122,'192.168.0.200','playerVirtual5_4246147567','playerVirtual5','192.168.0.200','playerVirtual2','playerVirtual2_f88f27b463',3,1,2,4096,40,'2018-03-04 20:12:31','2018-03-04 20:18:21'),(123,'192.168.0.200','playerVirtual13_4246147567','playerVirtual13','192.168.0.200','playerVirtual10','playerVirtual10_8be18a488e',1,1,2,4096,40,'2018-03-04 20:15:36',NULL),(124,'192.168.0.200','playerVirtual16_272887063','playerVirtual16','192.168.0.200','playerVirtual15','playerVirtual15_c653b110ce',1,1,1,2048,20,'2018-03-04 20:16:10',NULL),(125,'192.168.0.200','playerVirtual3_4246147567','playerVirtual3','192.168.0.200','playerVirtual12','playerVirtual12_790cb8c6af',1,1,2,4096,40,'2018-03-04 20:16:41',NULL),(126,'192.168.0.200','playerVirtual4_6566788','playerVirtual4','192.168.0.200','playerVirtual8','playerVirtual8_5fcb79c0c7',1,1,1,2048,20,'2018-03-04 20:16:50',NULL),(127,'192.168.0.200','playerVirtual11_4246147567','playerVirtual11','192.168.0.200','playerVirtual7','playerVirtual11_4246147567',0,0,2,4096,40,'2018-03-04 20:17:02','2018-03-04 20:17:02'),(128,'192.168.0.200','playerVirtual6_16917741','playerVirtual6','192.168.0.200','playerVirtual18','playerVirtual18_204c252ff2',1,1,1,512,1,'2018-03-04 20:19:27',NULL);
/*!40000 ALTER TABLE `VM` ENABLE KEYS */;
UNLOCK TABLES;
/*!40103 SET TIME_ZONE=@OLD_TIME_ZONE */;

/*!40101 SET SQL_MODE=@OLD_SQL_MODE */;
/*!40014 SET FOREIGN_KEY_CHECKS=@OLD_FOREIGN_KEY_CHECKS */;
/*!40014 SET UNIQUE_CHECKS=@OLD_UNIQUE_CHECKS */;
/*!40101 SET CHARACTER_SET_CLIENT=@OLD_CHARACTER_SET_CLIENT */;
/*!40101 SET CHARACTER_SET_RESULTS=@OLD_CHARACTER_SET_RESULTS */;
/*!40101 SET COLLATION_CONNECTION=@OLD_COLLATION_CONNECTION */;
/*!40111 SET SQL_NOTES=@OLD_SQL_NOTES */;

-- Dump completed on 2018-03-04 17:19:59
