-- MySQL dump 10.14  Distrib 5.5.58-MariaDB, for debian-linux-gnu (x86_64)
--
-- Host: localhost    Database: mct
-- ------------------------------------------------------
-- Server version	5.5.58-MariaDB-1ubuntu0.14.04.1

/*!40101 SET @OLD_CHARACTER_SET_CLIENT=@@CHARACTER_SET_CLIENT */;
/*!40101 SET @OLD_CHARACTER_SET_RESULTS=@@CHARACTER_SET_RESULTS */;
/*!40101 SET @OLD_COLLATION_CONNECTION=@@COLLATION_CONNECTION */;
/*!40101 SET NAMES utf8 */;
/*!40103 SET @OLD_TIME_ZONE=@@TIME_ZONE */;
/*!40103 SET TIME_ZONE='+00:00' */;
/*!40014 SET @OLD_UNIQUE_CHECKS=@@UNIQUE_CHECKS, UNIQUE_CHECKS=0 */;
/*!40014 SET @OLD_FOREIGN_KEY_CHECKS=@@FOREIGN_KEY_CHECKS, FOREIGN_KEY_CHECKS=0 */;
/*!40101 SET @OLD_SQL_MODE=@@SQL_MODE, SQL_MODE='NO_AUTO_VALUE_ON_ZERO' */;
/*!40111 SET @OLD_SQL_NOTES=@@SQL_NOTES, SQL_NOTES=0 */;

--
-- Table structure for table `DIVISION`
--

DROP TABLE IF EXISTS `DIVISION`;
/*!40101 SET @saved_cs_client     = @@character_set_client */;
/*!40101 SET character_set_client = utf8 */;
CREATE TABLE `DIVISION` (
  `division` int(11) NOT NULL,
  `wo` tinyint(1) DEFAULT '0',
  PRIMARY KEY (`division`)
) ENGINE=InnoDB DEFAULT CHARSET=utf8;
/*!40101 SET character_set_client = @saved_cs_client */;

--
-- Dumping data for table `DIVISION`
--

LOCK TABLES `DIVISION` WRITE;
/*!40000 ALTER TABLE `DIVISION` DISABLE KEYS */;
/*!40000 ALTER TABLE `DIVISION` ENABLE KEYS */;
UNLOCK TABLES;

--
-- Table structure for table `FIELDS`
--

DROP TABLE IF EXISTS `FIELDS`;
/*!40101 SET @saved_cs_client     = @@character_set_client */;
/*!40101 SET character_set_client = utf8 */;
CREATE TABLE `FIELDS` (
  `operation` int(11) NOT NULL,
  `fields` varchar(45) NOT NULL,
  PRIMARY KEY (`operation`)
) ENGINE=InnoDB DEFAULT CHARSET=utf8;
/*!40101 SET character_set_client = @saved_cs_client */;

--
-- Dumping data for table `FIELDS`
--

LOCK TABLES `FIELDS` WRITE;
/*!40000 ALTER TABLE `FIELDS` DISABLE KEYS */;
INSERT INTO `FIELDS` VALUES (0,'name mem image vcpus disk uuid');
/*!40000 ALTER TABLE `FIELDS` ENABLE KEYS */;
UNLOCK TABLES;

--
-- Table structure for table `PLAYER`
--

DROP TABLE IF EXISTS `PLAYER`;
/*!40101 SET @saved_cs_client     = @@character_set_client */;
/*!40101 SET character_set_client = utf8 */;
CREATE TABLE `PLAYER` (
  `id` int(11) NOT NULL AUTO_INCREMENT,
  `name` varchar(45) NOT NULL,
  `address` varchar(45) NOT NULL,
  `division` int(11) DEFAULT NULL,
  `score` double DEFAULT '0',
  `history` int(11) DEFAULT '0',
  `fairness` double DEFAULT '0',
  `accepts` int(11) DEFAULT '0',
  `rejects` int(11) DEFAULT '0',
  `running` int(11) DEFAULT '0',
  `finished` int(11) DEFAULT '0',
  `problem_del` int(11) DEFAULT '0',
  `vcpus` int(11) DEFAULT '0',
  `memory` bigint(20) DEFAULT '0',
  `local_gb` bigint(20) DEFAULT '0',
  `vcpus_used` bigint(20) DEFAULT '0',
  `memory_used` bigint(20) DEFAULT '0',
  `local_gb_used` bigint(20) DEFAULT '0',
  `max_instance` int(11) DEFAULT '0',
  `token` varchar(45) DEFAULT NULL,
  `suspend` timestamp NULL DEFAULT NULL,
  `enabled` int(11) DEFAULT '0',
  `last_choice` timestamp NOT NULL DEFAULT '2018-01-01 02:00:00',
  `playoff` tinyint(1) DEFAULT '0',
  `cushion` tinyint(1) DEFAULT '0',
  PRIMARY KEY (`id`)
) ENGINE=InnoDB AUTO_INCREMENT=11 DEFAULT CHARSET=utf8;
/*!40101 SET character_set_client = @saved_cs_client */;

--
-- Dumping data for table `PLAYER`
--

LOCK TABLES `PLAYER` WRITE;
/*!40000 ALTER TABLE `PLAYER` DISABLE KEYS */;
INSERT INTO `PLAYER` VALUES (1,'playerVirtual1','192.168.0.200',1,18.6,28,1,24,0,14,10,0,1023,1047552,10230,16,23552,206,99,'30bd50cfcc87471bf904791bb1ad282dbace8fe6',NULL,1,'2018-03-16 02:03:37',0,0),(2,'playerVirtual2','192.168.0.200',1,13.94,49,1,11,0,9,2,0,1023,1047552,10230,13,22016,203,99,'b86a8eedcdc108ddfc31e22aa0bbb6dcb99627df',NULL,1,'2018-03-16 02:14:32',0,0),(3,'playerVirtual0','192.168.0.200',1,20.58,20,1,22,0,9,13,0,1023,1047552,10230,12,21504,202,99,'9b4edf500eacbe70d20fee9702e1843a2e1d070f',NULL,1,'2018-03-16 01:58:41',0,0),(4,'playerVirtual3','192.168.0.200',2,18.61,2,1,28,0,14,14,0,1023,1047552,10230,16,23552,206,99,'2196cfe069d18ede135ec81665d1cb2512bc13e6',NULL,1,'2018-03-16 01:56:40',0,0),(5,'playerVirtual4','192.168.0.200',2,17.28,5,1,32,0,22,10,0,1023,1047552,10230,23,37888,346,99,'ef250b7b3c3952e3c2969fba87abeef84a158f75',NULL,1,'2018-03-16 02:12:27',0,0),(6,'playerVirtual5','192.168.0.200',2,8.64,11,1,10,0,6,4,0,1023,1047552,10230,6,4608,25,99,'f2ab60548ea38bda79788b9c1b75d88005c454de',NULL,1,'2018-03-16 01:53:37',0,0),(7,'playerVirtual6','192.168.0.200',3,3.32,10,1,7,0,4,3,0,1023,1047552,10230,5,7168,62,99,'74d45da2aa1dd12f5b000e96c99375bed3852d51',NULL,1,'2018-03-16 02:14:53',0,0),(8,'playerVirtual7','192.168.0.200',3,3.98,10,1,6,0,1,5,0,1023,1047552,10230,2,4096,40,99,'06c41e8cb16a884de97d2f50d1fef4a970eaa29a',NULL,1,'2018-03-16 01:54:46',0,0),(9,'playerVirtual8','192.168.0.200',3,3.99,10,1,5,0,4,1,0,1023,1047552,10230,4,2048,4,99,'9418081b2e7ec779aa11f8c653c85a320667a48a',NULL,1,'2018-03-16 01:50:56',0,0),(10,'playerVirtual9','192.168.0.200',3,2.66,7,1,4,0,2,2,0,1023,1047552,10230,2,1024,2,99,'323c246678e38496500735a456b426b25cef6693',NULL,1,'2018-03-16 01:51:45',0,0);
/*!40000 ALTER TABLE `PLAYER` ENABLE KEYS */;
UNLOCK TABLES;

--
-- Table structure for table `REQUEST`
--

DROP TABLE IF EXISTS `REQUEST`;
/*!40101 SET @saved_cs_client     = @@character_set_client */;
/*!40101 SET character_set_client = utf8 */;
CREATE TABLE `REQUEST` (
  `id` int(11) NOT NULL AUTO_INCREMENT,
  `player_id` varchar(45) NOT NULL,
  `request_id` varchar(45) NOT NULL,
  `action` int(11) NOT NULL,
  `timestamp_received` timestamp NULL DEFAULT NULL,
  `timestamp_finished` timestamp NULL DEFAULT NULL,
  `status` int(11) NOT NULL,
  PRIMARY KEY (`id`)
) ENGINE=InnoDB AUTO_INCREMENT=650 DEFAULT CHARSET=utf8;
/*!40101 SET character_set_client = @saved_cs_client */;

--
-- Dumping data for table `REQUEST`
--

LOCK TABLES `REQUEST` WRITE;
/*!40000 ALTER TABLE `REQUEST` DISABLE KEYS */;
INSERT INTO `REQUEST` VALUES (1,'playerVirtual1','playerVirtual1_0fefad08f6',4,'2018-03-15 22:06:18',NULL,0),(2,'playerVirtual2','playerVirtual2_cc4bd2d669',4,'2018-03-15 22:06:18',NULL,0),(3,'playerVirtual0','playerVirtual0_bd496dda0d',4,'2018-03-15 22:06:18',NULL,0),(4,'playerVirtual1','playerVirtual1_450512000',0,'2018-03-15 22:07:19',NULL,0),(5,'playerVirtual1','playerVirtual1_450512000',0,'2018-03-15 22:07:19',NULL,0),(6,'playerVirtual2','playerVirtual2_1438244924',0,'2018-03-15 22:07:21',NULL,0),(7,'playerVirtual2','playerVirtual2_1438244924',0,'2018-03-15 22:07:22',NULL,0),(8,'playerVirtual0','playerVirtual0_640692267',0,'2018-03-15 22:07:24',NULL,0),(9,'playerVirtual0','playerVirtual0_640692267',0,'2018-03-15 22:07:25',NULL,0),(10,'playerVirtual1','playerVirtual1_2e27247c5e',3,'2018-03-15 22:08:19',NULL,0),(11,'playerVirtual2','playerVirtual2_e10d54b7e8',3,'2018-03-15 22:08:21',NULL,0),(12,'playerVirtual0','playerVirtual0_f792e2cbf6',3,'2018-03-15 22:08:24',NULL,0),(13,'playerVirtual1','playerVirtual1_2381571381',0,'2018-03-15 22:09:25',NULL,0),(14,'playerVirtual1','playerVirtual1_2381571381',0,'2018-03-15 22:09:26',NULL,0),(15,'playerVirtual2','playerVirtual2_5297461910',0,'2018-03-15 22:09:27',NULL,0),(16,'playerVirtual2','playerVirtual2_5297461910',0,'2018-03-15 22:09:27',NULL,0),(17,'playerVirtual0','playerVirtual0_2790332778',0,'2018-03-15 22:09:30',NULL,0),(18,'playerVirtual0','playerVirtual0_2790332778',0,'2018-03-15 22:09:30',NULL,0),(19,'playerVirtual1','playerVirtual1_de9222e5ae',4,'2018-03-15 22:10:26',NULL,0),(20,'playerVirtual2','playerVirtual2_c2d8dc34d6',4,'2018-03-15 22:10:27',NULL,0),(21,'playerVirtual0','playerVirtual0_a84581379c',4,'2018-03-15 22:10:30',NULL,0),(22,'playerVirtual3','playerVirtual3_4d8fb2eeb8',4,'2018-03-15 22:11:15',NULL,0),(23,'playerVirtual1','playerVirtual1_369721705',0,'2018-03-15 22:11:32',NULL,0),(24,'playerVirtual1','playerVirtual1_369721705',0,'2018-03-15 22:11:32',NULL,0),(25,'playerVirtual2','playerVirtual2_317469422',0,'2018-03-15 22:11:34',NULL,0),(26,'playerVirtual2','playerVirtual2_317469422',0,'2018-03-15 22:11:34',NULL,0),(27,'playerVirtual0','playerVirtual0_6955737',0,'2018-03-15 22:11:37',NULL,0),(28,'playerVirtual0','playerVirtual0_6955737',0,'2018-03-15 22:11:38',NULL,0),(29,'playerVirtual3','playerVirtual3_257338104',0,'2018-03-15 22:12:29',NULL,0),(30,'playerVirtual3','playerVirtual3_257338104',0,'2018-03-15 22:12:29',NULL,0),(31,'playerVirtual1','playerVirtual1_e6dd2c4c30',3,'2018-03-15 22:12:32',NULL,0),(32,'playerVirtual2','playerVirtual2_f0fd2c21f5',3,'2018-03-15 22:12:34',NULL,0),(33,'playerVirtual0','playerVirtual0_fcf04e42c2',3,'2018-03-15 22:12:37',NULL,0),(34,'playerVirtual3','playerVirtual3_585927e164',3,'2018-03-15 22:13:29',NULL,0),(35,'playerVirtual1','playerVirtual1_3584940347',0,'2018-03-15 22:13:39',NULL,0),(36,'playerVirtual1','playerVirtual1_3584940347',0,'2018-03-15 22:13:39',NULL,0),(37,'playerVirtual2','playerVirtual2_2433236783',0,'2018-03-15 22:13:40',NULL,0),(38,'playerVirtual2','playerVirtual2_2433236783',0,'2018-03-15 22:13:41',NULL,0),(39,'playerVirtual0','playerVirtual0_3338579772',0,'2018-03-15 22:13:45',NULL,0),(40,'playerVirtual0','playerVirtual0_3338579772',0,'2018-03-15 22:13:45',NULL,0),(41,'playerVirtual3','playerVirtual3_257407216',0,'2018-03-15 22:14:30',NULL,0),(42,'playerVirtual3','playerVirtual3_257407216',0,'2018-03-15 22:14:30',NULL,0),(43,'playerVirtual1','playerVirtual1_46d0f3e6b4',4,'2018-03-15 22:14:39',NULL,0),(44,'playerVirtual2','playerVirtual2_8a965a82b8',4,'2018-03-15 22:14:41',NULL,0),(45,'playerVirtual0','playerVirtual0_39614992c4',4,'2018-03-15 22:14:45',NULL,0),(46,'playerVirtual3','playerVirtual3_d96edad78a',4,'2018-03-15 22:15:30',NULL,0),(47,'playerVirtual1','playerVirtual1_182859403',0,'2018-03-15 22:15:54',NULL,0),(48,'playerVirtual1','playerVirtual1_182859403',0,'2018-03-15 22:15:54',NULL,0),(49,'playerVirtual2','playerVirtual2_2359368952',0,'2018-03-15 22:15:59',NULL,0),(50,'playerVirtual2','playerVirtual2_2359368952',0,'2018-03-15 22:15:59',NULL,0),(51,'playerVirtual0','playerVirtual0_16917741',0,'2018-03-15 22:16:05',NULL,0),(52,'playerVirtual0','playerVirtual0_16917741',0,'2018-03-15 22:16:07',NULL,0),(53,'playerVirtual4','playerVirtual4_14405e3383',4,'2018-03-15 22:16:15',NULL,0),(54,'playerVirtual1','playerVirtual1_d403f1bbbd',3,'2018-03-15 22:16:54',NULL,0),(55,'playerVirtual2','playerVirtual2_10a3bdcf3a',3,'2018-03-15 22:16:59',NULL,0),(56,'playerVirtual3','playerVirtual3_2545640208',0,'2018-03-15 22:17:05',NULL,0),(57,'playerVirtual0','playerVirtual0_b5ee8af4f1',3,'2018-03-15 22:17:06',NULL,0),(58,'playerVirtual3','playerVirtual3_2545640208',0,'2018-03-15 22:17:06',NULL,0),(59,'playerVirtual4','playerVirtual4_908315',0,'2018-03-15 22:17:53',NULL,0),(60,'playerVirtual4','playerVirtual4_908315',0,'2018-03-15 22:17:53',NULL,0),(61,'playerVirtual3','playerVirtual3_f902375f50',3,'2018-03-15 22:18:06',NULL,0),(62,'playerVirtual1','playerVirtual1_539194189',0,'2018-03-15 22:18:25',NULL,0),(63,'playerVirtual1','playerVirtual1_539194189',0,'2018-03-15 22:18:25',NULL,0),(64,'playerVirtual4','playerVirtual4_39e3f2ac43',3,'2018-03-15 22:18:53',NULL,0),(65,'playerVirtual2','playerVirtual2_4820204870',0,'2018-03-15 22:19:07',NULL,0),(66,'playerVirtual2','playerVirtual2_4820204870',0,'2018-03-15 22:19:07',NULL,0),(67,'playerVirtual1','playerVirtual1_7fd7933f28',4,'2018-03-15 22:19:25',NULL,0),(68,'playerVirtual0','playerVirtual0_8058564',0,'2018-03-15 22:20:02',NULL,0),(69,'playerVirtual0','playerVirtual0_8058564',0,'2018-03-15 22:20:02',NULL,0),(70,'playerVirtual2','playerVirtual2_140e9abb4f',4,'2018-03-15 22:20:07',NULL,0),(71,'playerVirtual3','playerVirtual3_1429160667',0,'2018-03-15 22:20:48',NULL,0),(72,'playerVirtual3','playerVirtual3_1429160667',0,'2018-03-15 22:20:48',NULL,0),(73,'playerVirtual0','playerVirtual0_574cf7e60e',4,'2018-03-15 22:21:02',NULL,0),(74,'playerVirtual4','playerVirtual4_3338010893',0,'2018-03-15 22:21:34',NULL,0),(75,'playerVirtual4','playerVirtual4_3338010893',0,'2018-03-15 22:21:35',NULL,0),(76,'playerVirtual3','playerVirtual3_132d88f730',4,'2018-03-15 22:21:48',NULL,0),(77,'playerVirtual1','playerVirtual1_82730999',0,'2018-03-15 22:22:16',NULL,0),(78,'playerVirtual1','playerVirtual1_82730999',0,'2018-03-15 22:22:17',NULL,0),(79,'playerVirtual2','playerVirtual2_351652724',0,'2018-03-15 22:22:24',NULL,0),(80,'playerVirtual2','playerVirtual2_351652724',0,'2018-03-15 22:22:24',NULL,0),(81,'playerVirtual0','playerVirtual0_6571218',0,'2018-03-15 22:22:30',NULL,0),(82,'playerVirtual0','playerVirtual0_6571218',0,'2018-03-15 22:22:30',NULL,0),(83,'playerVirtual4','playerVirtual4_abb9efa2b7',4,'2018-03-15 22:22:34',NULL,0),(84,'playerVirtual1','playerVirtual1_d9ad0aa8bf',3,'2018-03-15 22:23:17',NULL,0),(85,'playerVirtual2','playerVirtual2_821dac521a',3,'2018-03-15 22:23:24',NULL,0),(86,'playerVirtual0','playerVirtual0_fee7a88412',3,'2018-03-15 22:23:30',NULL,0),(87,'playerVirtual3','playerVirtual3_778566023',0,'2018-03-15 22:23:32',NULL,0),(88,'playerVirtual3','playerVirtual3_778566023',0,'2018-03-15 22:23:33',NULL,0),(89,'playerVirtual4','playerVirtual4_1436344784',0,'2018-03-15 22:24:24',NULL,0),(90,'playerVirtual4','playerVirtual4_1436344784',0,'2018-03-15 22:24:24',NULL,0),(91,'playerVirtual3','playerVirtual3_d180d1d19b',3,'2018-03-15 22:24:32',NULL,0),(92,'playerVirtual1','playerVirtual1_1339662',0,'2018-03-15 22:24:57',NULL,0),(93,'playerVirtual1','playerVirtual1_1339662',0,'2018-03-15 22:24:57',NULL,0),(94,'playerVirtual4','playerVirtual4_6fad802c07',3,'2018-03-15 22:25:24',NULL,0),(95,'playerVirtual2','playerVirtual2_317497342',0,'2018-03-15 22:25:40',NULL,0),(96,'playerVirtual2','playerVirtual2_317497342',0,'2018-03-15 22:25:40',NULL,0),(97,'playerVirtual1','playerVirtual1_9de76d0789',4,'2018-03-15 22:25:57',NULL,0),(98,'playerVirtual0','playerVirtual0_284794223',0,'2018-03-15 22:26:35',NULL,0),(99,'playerVirtual0','playerVirtual0_284794223',0,'2018-03-15 22:26:35',NULL,0),(100,'playerVirtual2','playerVirtual2_d3b85874e7',4,'2018-03-15 22:26:40',NULL,0),(101,'playerVirtual3','playerVirtual3_359920779',0,'2018-03-15 22:27:21',NULL,0),(102,'playerVirtual3','playerVirtual3_359920779',0,'2018-03-15 22:27:21',NULL,0),(103,'playerVirtual0','playerVirtual0_9f9f994b85',4,'2018-03-15 22:27:35',NULL,0),(104,'playerVirtual4','playerVirtual4_904011',0,'2018-03-15 22:28:07',NULL,0),(105,'playerVirtual4','playerVirtual4_904011',0,'2018-03-15 22:28:07',NULL,0),(106,'playerVirtual3','playerVirtual3_fbee3ca96a',4,'2018-03-15 22:28:21',NULL,0),(107,'playerVirtual1','playerVirtual1_2904109077',0,'2018-03-15 22:28:51',NULL,0),(108,'playerVirtual1','playerVirtual1_2904109077',0,'2018-03-15 22:28:51',NULL,0),(109,'playerVirtual2','playerVirtual2_257338074',0,'2018-03-15 22:28:58',NULL,0),(110,'playerVirtual2','playerVirtual2_257338074',0,'2018-03-15 22:28:58',NULL,0),(111,'playerVirtual0','playerVirtual0_905614',0,'2018-03-15 22:29:04',NULL,0),(112,'playerVirtual0','playerVirtual0_905614',0,'2018-03-15 22:29:04',NULL,0),(113,'playerVirtual4','playerVirtual4_7eb2399539',4,'2018-03-15 22:29:07',NULL,0),(114,'playerVirtual1','playerVirtual1_09930e4ddd',3,'2018-03-15 22:29:51',NULL,0),(115,'playerVirtual2','playerVirtual2_5918ae7beb',3,'2018-03-15 22:29:58',NULL,0),(116,'playerVirtual0','playerVirtual0_489ea0c37f',3,'2018-03-15 22:30:04',NULL,0),(117,'playerVirtual3','playerVirtual3_1093460',0,'2018-03-15 22:30:07',NULL,0),(118,'playerVirtual3','playerVirtual3_1093460',0,'2018-03-15 22:30:08',NULL,0),(119,'playerVirtual4','playerVirtual4_6569547',0,'2018-03-15 22:31:00',NULL,0),(120,'playerVirtual4','playerVirtual4_6569547',0,'2018-03-15 22:31:00',NULL,0),(121,'playerVirtual3','playerVirtual3_7eb99f57d3',3,'2018-03-15 22:31:07',NULL,0),(122,'playerVirtual1','playerVirtual1_470485660',0,'2018-03-15 22:31:35',NULL,0),(123,'playerVirtual1','playerVirtual1_470485660',0,'2018-03-15 22:31:35',NULL,0),(124,'playerVirtual4','playerVirtual4_7c1da4dcd9',3,'2018-03-15 22:32:00',NULL,0),(125,'playerVirtual2','playerVirtual2_30788568',0,'2018-03-15 22:32:20',NULL,0),(126,'playerVirtual2','playerVirtual2_30788568',0,'2018-03-15 22:32:21',NULL,0),(127,'playerVirtual1','playerVirtual1_c651c2b4a9',4,'2018-03-15 22:32:36',NULL,0),(128,'playerVirtual0','playerVirtual0_5792765',0,'2018-03-15 22:33:16',NULL,0),(129,'playerVirtual0','playerVirtual0_5792765',0,'2018-03-15 22:33:16',NULL,0),(130,'playerVirtual2','playerVirtual2_d95195d927',4,'2018-03-15 22:33:20',NULL,0),(131,'playerVirtual3','playerVirtual3_38671842',0,'2018-03-15 22:34:09',NULL,0),(132,'playerVirtual3','playerVirtual3_38671842',0,'2018-03-15 22:34:09',NULL,0),(133,'playerVirtual0','playerVirtual0_09fff781ee',4,'2018-03-15 22:34:16',NULL,0),(134,'playerVirtual4','playerVirtual4_400453824',0,'2018-03-15 22:34:55',NULL,0),(135,'playerVirtual4','playerVirtual4_400453824',0,'2018-03-15 22:34:55',NULL,0),(136,'playerVirtual3','playerVirtual3_04cad777c7',4,'2018-03-15 22:35:09',NULL,0),(137,'playerVirtual1','playerVirtual1_4820318661',0,'2018-03-15 22:35:47',NULL,0),(138,'playerVirtual1','playerVirtual1_4820318661',0,'2018-03-15 22:35:47',NULL,0),(139,'playerVirtual2','playerVirtual2_4819935267',0,'2018-03-15 22:35:55',NULL,0),(140,'playerVirtual2','playerVirtual2_4819935267',0,'2018-03-15 22:35:55',NULL,0),(141,'playerVirtual4','playerVirtual4_8c81193b90',4,'2018-03-15 22:35:55',NULL,0),(142,'playerVirtual0','playerVirtual0_4820217293',0,'2018-03-15 22:36:04',NULL,0),(143,'playerVirtual0','playerVirtual0_4820217293',0,'2018-03-15 22:36:04',NULL,0),(144,'playerVirtual1','playerVirtual1_c76b91ebf5',3,'2018-03-15 22:36:48',NULL,0),(145,'playerVirtual2','playerVirtual2_68a4ff9b04',3,'2018-03-15 22:36:55',NULL,0),(146,'playerVirtual0','playerVirtual0_51a6c3a2a4',3,'2018-03-15 22:37:04',NULL,0),(147,'playerVirtual3','playerVirtual3_6264344062',0,'2018-03-15 22:37:07',NULL,0),(148,'playerVirtual3','playerVirtual3_6264344062',0,'2018-03-15 22:37:08',NULL,0),(149,'playerVirtual3','playerVirtual3_7f73ae0a30',3,'2018-03-15 22:38:08',NULL,0),(150,'playerVirtual4','playerVirtual4_2378747961',0,'2018-03-15 22:38:10',NULL,0),(151,'playerVirtual4','playerVirtual4_2378747961',0,'2018-03-15 22:38:10',NULL,0),(152,'playerVirtual1','playerVirtual1_5068098508',0,'2018-03-15 22:38:49',NULL,0),(153,'playerVirtual1','playerVirtual1_5068098508',0,'2018-03-15 22:38:53',NULL,0),(154,'playerVirtual4','playerVirtual4_d51e19d8b2',3,'2018-03-15 22:39:10',NULL,0),(155,'playerVirtual1','playerVirtual1_e5daac46a1',4,'2018-03-15 22:39:49',NULL,0),(156,'playerVirtual2','playerVirtual2_2359368952',1,'2018-03-15 22:40:32',NULL,0),(157,'playerVirtual2','playerVirtual2_cd229255e9',4,'2018-03-15 22:40:32',NULL,0),(158,'playerVirtual2','playerVirtual2_2359368952',1,'2018-03-15 22:40:33',NULL,0),(159,'playerVirtual0','playerVirtual0_227443932',0,'2018-03-15 22:41:44',NULL,0),(160,'playerVirtual0','playerVirtual0_227443932',0,'2018-03-15 22:41:44',NULL,0),(161,'playerVirtual3','playerVirtual3_1095593',0,'2018-03-15 22:42:37',NULL,0),(162,'playerVirtual3','playerVirtual3_1095593',0,'2018-03-15 22:42:37',NULL,0),(163,'playerVirtual0','playerVirtual0_cf0c89060f',4,'2018-03-15 22:42:44',NULL,0),(164,'playerVirtual4','playerVirtual4_2148750930',0,'2018-03-15 22:43:27',NULL,0),(165,'playerVirtual4','playerVirtual4_2148750930',0,'2018-03-15 22:43:27',NULL,0),(166,'playerVirtual2','playerVirtual2_765651',0,'2018-03-15 22:43:34',NULL,0),(167,'playerVirtual2','playerVirtual2_765651',0,'2018-03-15 22:43:34',NULL,0),(168,'playerVirtual3','playerVirtual3_12bccb2d23',4,'2018-03-15 22:43:37',NULL,0),(169,'playerVirtual1','playerVirtual1_563574327',0,'2018-03-15 22:44:23',NULL,0),(170,'playerVirtual1','playerVirtual1_563574327',0,'2018-03-15 22:44:23',NULL,0),(171,'playerVirtual4','playerVirtual4_b52754f704',4,'2018-03-15 22:44:27',NULL,0),(172,'playerVirtual2','playerVirtual2_a760f0b8cc',3,'2018-03-15 22:44:34',NULL,0),(173,'playerVirtual0','playerVirtual0_16915963',0,'2018-03-15 22:44:46',NULL,0),(174,'playerVirtual0','playerVirtual0_16915963',0,'2018-03-15 22:44:46',NULL,0),(175,'playerVirtual1','playerVirtual1_59fd7bb798',3,'2018-03-15 22:45:23',NULL,0),(176,'playerVirtual0','playerVirtual0_5aa883303f',3,'2018-03-15 22:45:46',NULL,0),(177,'playerVirtual3','playerVirtual3_5623125514',0,'2018-03-15 22:45:52',NULL,0),(178,'playerVirtual3','playerVirtual3_5623125514',0,'2018-03-15 22:45:53',NULL,0),(179,'playerVirtual3','playerVirtual3_08c73b63a4',3,'2018-03-15 22:46:52',NULL,0),(180,'playerVirtual4','playerVirtual4_284757920',0,'2018-03-15 22:46:56',NULL,0),(181,'playerVirtual4','playerVirtual4_284757920',0,'2018-03-15 22:46:56',NULL,0),(182,'playerVirtual1','playerVirtual1_6274355716',0,'2018-03-15 22:47:39',NULL,0),(183,'playerVirtual1','playerVirtual1_6274355716',0,'2018-03-15 22:47:40',NULL,0),(184,'playerVirtual4','playerVirtual4_1828c6b777',3,'2018-03-15 22:47:56',NULL,0),(185,'playerVirtual2','playerVirtual2_272887063',0,'2018-03-15 22:48:23',NULL,0),(186,'playerVirtual2','playerVirtual2_272887063',0,'2018-03-15 22:48:24',NULL,0),(187,'playerVirtual1','playerVirtual1_f5c21d13df',4,'2018-03-15 22:48:40',NULL,0),(188,'playerVirtual2','playerVirtual2_5a30d4499b',4,'2018-03-15 22:49:23',NULL,0),(189,'playerVirtual0','playerVirtual0_38676294',0,'2018-03-15 22:50:36',NULL,0),(190,'playerVirtual0','playerVirtual0_38676294',0,'2018-03-15 22:50:36',NULL,0),(191,'playerVirtual0','playerVirtual0_9a4c87a480',4,'2018-03-15 22:51:36',NULL,0),(192,'playerVirtual3','playerVirtual3_182859403',0,'2018-03-15 22:52:33',NULL,0),(193,'playerVirtual3','playerVirtual3_182859403',0,'2018-03-15 22:52:38',NULL,0),(194,'playerVirtual3','playerVirtual3_04347649c3',4,'2018-03-15 22:53:31',NULL,0),(195,'playerVirtual1','playerVirtual1_182859403',1,'2018-03-15 22:53:32',NULL,0),(196,'playerVirtual1','playerVirtual1_47014ec138',3,'2018-03-15 22:53:32',NULL,0),(197,'playerVirtual1','playerVirtual1_182859403',1,'2018-03-15 22:53:32',NULL,0),(198,'playerVirtual4','playerVirtual4_4820204870',0,'2018-03-15 22:53:39',NULL,0),(199,'playerVirtual4','playerVirtual4_4820204870',0,'2018-03-15 22:53:42',NULL,0),(200,'playerVirtual2','playerVirtual2_4820204870',1,'2018-03-15 22:53:42',NULL,0),(201,'playerVirtual2','playerVirtual2_5cbefbfd69',3,'2018-03-15 22:53:42',NULL,0),(202,'playerVirtual2','playerVirtual2_4820204870',1,'2018-03-15 22:53:43',NULL,0),(203,'playerVirtual4','playerVirtual4_f4729995cd',4,'2018-03-15 22:54:36',NULL,0),(204,'playerVirtual0','playerVirtual0_990694203',0,'2018-03-15 22:55:12',NULL,0),(205,'playerVirtual0','playerVirtual0_990694203',0,'2018-03-15 22:55:13',NULL,0),(206,'playerVirtual3','playerVirtual3_182859403',1,'2018-03-15 22:56:01',NULL,0),(207,'playerVirtual3','playerVirtual3_643ee2de9f',3,'2018-03-15 22:56:01',NULL,0),(208,'playerVirtual3','playerVirtual3_182859403',1,'2018-03-15 22:56:02',NULL,0),(209,'playerVirtual0','playerVirtual0_4c664d12e7',3,'2018-03-15 22:56:12',NULL,0),(210,'playerVirtual1','playerVirtual1_990694203',0,'2018-03-15 22:57:18',NULL,0),(211,'playerVirtual1','playerVirtual1_990694203',0,'2018-03-15 22:57:19',NULL,0),(212,'playerVirtual4','playerVirtual4_6280643141',0,'2018-03-15 22:57:39',NULL,0),(213,'playerVirtual4','playerVirtual4_6280643141',0,'2018-03-15 22:57:40',NULL,0),(214,'playerVirtual2','playerVirtual2_6280638724',0,'2018-03-15 22:58:04',NULL,0),(215,'playerVirtual2','playerVirtual2_6280638724',0,'2018-03-15 22:58:04',NULL,0),(216,'playerVirtual1','playerVirtual1_d2743d28eb',4,'2018-03-15 22:58:19',NULL,0),(217,'playerVirtual4','playerVirtual4_20c17b3276',3,'2018-03-15 22:58:40',NULL,0),(218,'playerVirtual2','playerVirtual2_5a2de2d7cd',4,'2018-03-15 22:59:04',NULL,0),(219,'playerVirtual0','playerVirtual0_990694203',1,'2018-03-15 23:01:05',NULL,0),(220,'playerVirtual0','playerVirtual0_a6f24ec997',4,'2018-03-15 23:01:06',NULL,0),(221,'playerVirtual0','playerVirtual0_990694203',1,'2018-03-15 23:01:07',NULL,0),(222,'playerVirtual3','playerVirtual3_4476462938',0,'2018-03-15 23:02:25',NULL,0),(223,'playerVirtual3','playerVirtual3_4476462938',0,'2018-03-15 23:02:25',NULL,0),(224,'playerVirtual1','playerVirtual1_990694203',1,'2018-03-15 23:03:13',NULL,0),(225,'playerVirtual1','playerVirtual1_beecaa250a',3,'2018-03-15 23:03:14',NULL,0),(226,'playerVirtual1','playerVirtual1_990694203',1,'2018-03-15 23:03:15',NULL,0),(227,'playerVirtual3','playerVirtual3_ccfdae1edd',4,'2018-03-15 23:03:25',NULL,0),(228,'playerVirtual2','playerVirtual2_272887063',1,'2018-03-15 23:03:42',NULL,0),(229,'playerVirtual2','playerVirtual2_efed9dc491',3,'2018-03-15 23:03:42',NULL,0),(230,'playerVirtual2','playerVirtual2_272887063',1,'2018-03-15 23:03:42',NULL,0),(231,'playerVirtual4','playerVirtual4_272887063',0,'2018-03-15 23:04:37',NULL,0),(232,'playerVirtual4','playerVirtual4_272887063',0,'2018-03-15 23:04:37',NULL,0),(233,'playerVirtual0','playerVirtual0_6282149131',0,'2018-03-15 23:05:17',NULL,0),(234,'playerVirtual0','playerVirtual0_6282149131',0,'2018-03-15 23:05:23',NULL,0),(235,'playerVirtual4','playerVirtual4_8804599837',4,'2018-03-15 23:05:37',NULL,0),(236,'playerVirtual0','playerVirtual0_3de3164218',3,'2018-03-15 23:06:15',NULL,0),(237,'playerVirtual3','playerVirtual3_1436323714',0,'2018-03-15 23:06:16',NULL,0),(238,'playerVirtual3','playerVirtual3_1436323714',0,'2018-03-15 23:06:17',NULL,0),(239,'playerVirtual3','playerVirtual3_11f9cab629',3,'2018-03-15 23:07:16',NULL,0),(240,'playerVirtual1','playerVirtual1_2359368952',0,'2018-03-15 23:07:23',NULL,0),(241,'playerVirtual1','playerVirtual1_2359368952',0,'2018-03-15 23:07:28',NULL,0),(242,'playerVirtual1','playerVirtual1_058e78dc1b',4,'2018-03-15 23:08:22',NULL,0),(243,'playerVirtual2','playerVirtual2_682797',0,'2018-03-15 23:08:30',NULL,0),(244,'playerVirtual2','playerVirtual2_682797',0,'2018-03-15 23:08:34',NULL,0),(245,'playerVirtual4','playerVirtual4_214880781',0,'2018-03-15 23:09:05',NULL,0),(246,'playerVirtual4','playerVirtual4_214880781',0,'2018-03-15 23:09:06',NULL,0),(247,'playerVirtual2','playerVirtual2_844a543dfa',4,'2018-03-15 23:09:27',NULL,0),(248,'playerVirtual4','playerVirtual4_ade9994dae',3,'2018-03-15 23:10:06',NULL,0),(249,'playerVirtual0','playerVirtual0_1094955',0,'2018-03-15 23:11:30',NULL,0),(250,'playerVirtual0','playerVirtual0_1094955',0,'2018-03-15 23:11:30',NULL,0),(251,'playerVirtual0','playerVirtual0_7e7be740d3',4,'2018-03-15 23:12:30',NULL,0),(252,'playerVirtual1','playerVirtual1_182859403',0,'2018-03-15 23:13:54',NULL,0),(253,'playerVirtual1','playerVirtual1_6e446255a0',3,'2018-03-15 23:13:54',NULL,0),(254,'playerVirtual1','playerVirtual1_182859403',0,'2018-03-15 23:13:54',NULL,0),(255,'playerVirtual3','playerVirtual3_16914091',0,'2018-03-15 23:13:55',NULL,0),(256,'playerVirtual3','playerVirtual3_16914091',0,'2018-03-15 23:13:55',NULL,0),(257,'playerVirtual2','playerVirtual2_6641406',0,'2018-03-15 23:14:29',NULL,0),(258,'playerVirtual2','playerVirtual2_6641406',0,'2018-03-15 23:14:29',NULL,0),(259,'playerVirtual3','playerVirtual3_91c8ba2cda',4,'2018-03-15 23:14:58',NULL,0),(260,'playerVirtual2','playerVirtual2_80deaf9d69',3,'2018-03-15 23:15:29',NULL,0),(261,'playerVirtual4','playerVirtual4_6285257156',0,'2018-03-15 23:16:29',NULL,0),(262,'playerVirtual4','playerVirtual4_6285257156',0,'2018-03-15 23:16:29',NULL,0),(263,'playerVirtual4','playerVirtual4_3036148385',4,'2018-03-15 23:17:29',NULL,0),(264,'playerVirtual0','playerVirtual0_6955737',1,'2018-03-15 23:17:33',NULL,0),(265,'playerVirtual0','playerVirtual0_d4be49c2a9',3,'2018-03-15 23:17:33',NULL,0),(266,'playerVirtual0','playerVirtual0_6955737',1,'2018-03-15 23:17:34',NULL,0),(267,'playerVirtual1','playerVirtual1_6955737',0,'2018-03-15 23:18:40',NULL,0),(268,'playerVirtual1','playerVirtual1_6955737',0,'2018-03-15 23:18:41',NULL,0),(269,'playerVirtual3','playerVirtual3_6955737',0,'2018-03-15 23:18:47',NULL,0),(270,'playerVirtual3','playerVirtual3_6955737',0,'2018-03-15 23:18:48',NULL,0),(271,'playerVirtual1','playerVirtual1_c5bdd29847',4,'2018-03-15 23:19:41',NULL,0),(272,'playerVirtual3','playerVirtual3_f3d9a00d7d',3,'2018-03-15 23:19:47',NULL,0),(273,'playerVirtual2','playerVirtual2_1438244924',1,'2018-03-15 23:21:05',NULL,0),(274,'playerVirtual2','playerVirtual2_56ebf7e107',4,'2018-03-15 23:21:05',NULL,0),(275,'playerVirtual2','playerVirtual2_1438244924',1,'2018-03-15 23:21:05',NULL,0),(276,'playerVirtual4','playerVirtual4_1438244924',0,'2018-03-15 23:21:44',NULL,0),(277,'playerVirtual4','playerVirtual4_1438244924',0,'2018-03-15 23:21:44',NULL,0),(278,'playerVirtual4','playerVirtual4_3e791b1dff',3,'2018-03-15 23:22:44',NULL,0),(279,'playerVirtual0','playerVirtual0_3338579772',1,'2018-03-15 23:23:09',NULL,0),(280,'playerVirtual0','playerVirtual0_f91c8b4acf',4,'2018-03-15 23:23:09',NULL,0),(281,'playerVirtual0','playerVirtual0_3338579772',1,'2018-03-15 23:23:09',NULL,0),(282,'playerVirtual1','playerVirtual1_6955737',1,'2018-03-15 23:25:13',NULL,0),(283,'playerVirtual1','playerVirtual1_10ccbe874c',3,'2018-03-15 23:25:13',NULL,0),(284,'playerVirtual1','playerVirtual1_6955737',1,'2018-03-15 23:25:13',NULL,0),(285,'playerVirtual2','playerVirtual2_2381571381',0,'2018-03-15 23:26:16',NULL,0),(286,'playerVirtual2','playerVirtual2_2381571381',0,'2018-03-15 23:26:17',NULL,0),(287,'playerVirtual3','playerVirtual3_3338579772',0,'2018-03-15 23:26:34',NULL,0),(288,'playerVirtual3','playerVirtual3_3338579772',0,'2018-03-15 23:26:34',NULL,0),(289,'playerVirtual2','playerVirtual2_4c73c3cbe5',3,'2018-03-15 23:27:17',NULL,0),(290,'playerVirtual3','playerVirtual3_c109e97360',4,'2018-03-15 23:27:34',NULL,0),(291,'playerVirtual0','playerVirtual0_2378747961',0,'2018-03-15 23:28:23',NULL,0),(292,'playerVirtual0','playerVirtual0_2378747961',0,'2018-03-15 23:28:24',NULL,0),(293,'playerVirtual4','playerVirtual4_2378747961',1,'2018-03-15 23:29:18',NULL,0),(294,'playerVirtual4','playerVirtual4_c92cedec28',4,'2018-03-15 23:29:19',NULL,0),(295,'playerVirtual4','playerVirtual4_2378747961',1,'2018-03-15 23:29:19',NULL,0),(296,'playerVirtual0','playerVirtual0_333a4bd2f0',3,'2018-03-15 23:29:23',NULL,0),(297,'playerVirtual1','playerVirtual1_2381571381',1,'2018-03-15 23:30:29',NULL,0),(298,'playerVirtual1','playerVirtual1_291e5fdbc7',4,'2018-03-15 23:30:29',NULL,0),(299,'playerVirtual1','playerVirtual1_2381571381',1,'2018-03-15 23:30:29',NULL,0),(300,'playerVirtual3','playerVirtual3_1438244924',0,'2018-03-15 23:32:15',NULL,0),(301,'playerVirtual3','playerVirtual3_1438244924',0,'2018-03-15 23:32:16',NULL,0),(302,'playerVirtual5','playerVirtual5_977aeca74a',4,'2018-03-15 23:32:26',NULL,0),(303,'playerVirtual3','playerVirtual3_c52955f9c6',3,'2018-03-15 23:33:15',NULL,0),(304,'playerVirtual2','playerVirtual2_6289355687',0,'2018-03-15 23:33:28',NULL,0),(305,'playerVirtual2','playerVirtual2_6289355687',0,'2018-03-15 23:33:28',NULL,0),(306,'playerVirtual4','playerVirtual4_1438244924',1,'2018-03-15 23:34:15',NULL,0),(307,'playerVirtual4','playerVirtual4_83013e538e',3,'2018-03-15 23:34:16',NULL,0),(308,'playerVirtual4','playerVirtual4_1438244924',1,'2018-03-15 23:34:17',NULL,0),(309,'playerVirtual2','playerVirtual2_2cacbb97af',4,'2018-03-15 23:34:28',NULL,0),(310,'playerVirtual0','playerVirtual0_6289704471',0,'2018-03-15 23:35:40',NULL,0),(311,'playerVirtual0','playerVirtual0_6289704471',0,'2018-03-15 23:35:40',NULL,0),(312,'playerVirtual0','playerVirtual0_be348e0efc',4,'2018-03-15 23:36:40',NULL,0),(313,'playerVirtual1','playerVirtual1_1436344784',0,'2018-03-15 23:37:00',NULL,0),(314,'playerVirtual1','playerVirtual1_1436344784',0,'2018-03-15 23:37:01',NULL,0),(315,'playerVirtual1','playerVirtual1_48cbc13c85',3,'2018-03-15 23:38:00',NULL,0),(316,'playerVirtual3','playerVirtual3_6264344062',1,'2018-03-15 23:40:15',NULL,0),(317,'playerVirtual3','playerVirtual3_e82607ffc1',4,'2018-03-15 23:40:15',NULL,0),(318,'playerVirtual3','playerVirtual3_6264344062',1,'2018-03-15 23:40:15',NULL,0),(319,'playerVirtual2','playerVirtual2_990694203',0,'2018-03-15 23:40:50',NULL,0),(320,'playerVirtual2','playerVirtual2_990694203',0,'2018-03-15 23:40:51',NULL,0),(321,'playerVirtual4','playerVirtual4_1436344784',1,'2018-03-15 23:41:06',NULL,0),(322,'playerVirtual4','playerVirtual4_53d504ba1f',4,'2018-03-15 23:41:06',NULL,0),(323,'playerVirtual4','playerVirtual4_1436344784',1,'2018-03-15 23:41:06',NULL,0),(324,'playerVirtual2','playerVirtual2_174bcecdae',3,'2018-03-15 23:41:51',NULL,0),(325,'playerVirtual0','playerVirtual0_2378747961',1,'2018-03-15 23:42:43',NULL,0),(326,'playerVirtual0','playerVirtual0_50e06078aa',3,'2018-03-15 23:42:44',NULL,0),(327,'playerVirtual0','playerVirtual0_2378747961',1,'2018-03-15 23:42:49',NULL,0),(328,'playerVirtual5','playerVirtual5_794070039',0,'2018-03-15 23:43:22',NULL,0),(329,'playerVirtual5','playerVirtual5_794070039',0,'2018-03-15 23:43:22',NULL,0),(330,'playerVirtual5','playerVirtual5_1782ee2495',3,'2018-03-15 23:44:22',NULL,0),(331,'playerVirtual1','playerVirtual1_6274355716',1,'2018-03-15 23:45:20',NULL,0),(332,'playerVirtual1','playerVirtual1_1290b65890',4,'2018-03-15 23:45:20',NULL,0),(333,'playerVirtual1','playerVirtual1_6274355716',1,'2018-03-15 23:45:20',NULL,0),(334,'playerVirtual3','playerVirtual3_1095593',1,'2018-03-15 23:45:24',NULL,0),(335,'playerVirtual3','playerVirtual3_fedfbd86ea',3,'2018-03-15 23:45:25',NULL,0),(336,'playerVirtual3','playerVirtual3_1095593',1,'2018-03-15 23:45:25',NULL,0),(337,'playerVirtual2','playerVirtual2_990694203',1,'2018-03-15 23:48:02',NULL,0),(338,'playerVirtual2','playerVirtual2_aad3ac8014',4,'2018-03-15 23:48:02',NULL,0),(339,'playerVirtual2','playerVirtual2_990694203',1,'2018-03-15 23:48:02',NULL,0),(340,'playerVirtual4','playerVirtual4_6296268057',0,'2018-03-15 23:48:10',NULL,0),(341,'playerVirtual4','playerVirtual4_6296268057',0,'2018-03-15 23:48:14',NULL,0),(342,'playerVirtual5','playerVirtual5_182859403',0,'2018-03-15 23:48:37',NULL,0),(343,'playerVirtual5','playerVirtual5_182859403',0,'2018-03-15 23:48:37',NULL,0),(344,'playerVirtual4','playerVirtual4_2b083fb934',3,'2018-03-15 23:49:06',NULL,0),(345,'playerVirtual5','playerVirtual5_aa85b2722b',4,'2018-03-15 23:49:37',NULL,0),(346,'playerVirtual0','playerVirtual0_6296865278',0,'2018-03-15 23:50:45',NULL,0),(347,'playerVirtual0','playerVirtual0_6296865278',0,'2018-03-15 23:50:45',NULL,0),(348,'playerVirtual0','playerVirtual0_747f8e694a',4,'2018-03-15 23:51:45',NULL,0),(349,'playerVirtual1','playerVirtual1_182859403',1,'2018-03-15 23:53:09',NULL,0),(350,'playerVirtual1','playerVirtual1_dd9416d0e0',3,'2018-03-15 23:53:09',NULL,0),(351,'playerVirtual1','playerVirtual1_182859403',1,'2018-03-15 23:53:10',NULL,0),(352,'playerVirtual3','playerVirtual3_6264344062',0,'2018-03-15 23:56:03',NULL,0),(353,'playerVirtual3','playerVirtual3_82b94406f8',4,'2018-03-15 23:56:03',NULL,0),(354,'playerVirtual3','playerVirtual3_6264344062',0,'2018-03-15 23:56:03',NULL,0),(355,'playerVirtual2','playerVirtual2_990694203',0,'2018-03-15 23:57:52',NULL,0),(356,'playerVirtual2','playerVirtual2_7d438074c5',3,'2018-03-15 23:57:53',NULL,0),(357,'playerVirtual2','playerVirtual2_990694203',0,'2018-03-15 23:57:53',NULL,0),(358,'playerVirtual4','playerVirtual4_908315',1,'2018-03-15 23:58:22',NULL,0),(359,'playerVirtual4','playerVirtual4_a5d7d0369f',4,'2018-03-15 23:58:22',NULL,0),(360,'playerVirtual4','playerVirtual4_908315',1,'2018-03-15 23:58:22',NULL,0),(361,'playerVirtual0','playerVirtual0_6301942525',0,'2018-03-16 00:00:02',NULL,0),(362,'playerVirtual0','playerVirtual0_6301942525',0,'2018-03-16 00:00:02',NULL,0),(363,'playerVirtual5','playerVirtual5_182859403',1,'2018-03-16 00:00:32',NULL,0),(364,'playerVirtual5','playerVirtual5_c8a939b4be',3,'2018-03-16 00:00:32',NULL,0),(365,'playerVirtual5','playerVirtual5_182859403',1,'2018-03-16 00:00:33',NULL,0),(366,'playerVirtual0','playerVirtual0_66722ba05f',3,'2018-03-16 00:01:06',NULL,0),(367,'playerVirtual1','playerVirtual1_5297461910',0,'2018-03-16 00:02:25',NULL,0),(368,'playerVirtual1','playerVirtual1_5297461910',0,'2018-03-16 00:02:25',NULL,0),(369,'playerVirtual1','playerVirtual1_5784b5f17b',4,'2018-03-16 00:03:25',NULL,0),(370,'playerVirtual3','playerVirtual3_6289704471',0,'2018-03-16 00:03:29',NULL,0),(371,'playerVirtual3','playerVirtual3_6289704471',0,'2018-03-16 00:03:30',NULL,0),(372,'playerVirtual2','playerVirtual2_990694203',1,'2018-03-16 00:04:01',NULL,0),(373,'playerVirtual2','playerVirtual2_8bf3ee2f3d',4,'2018-03-16 00:04:01',NULL,0),(374,'playerVirtual2','playerVirtual2_990694203',1,'2018-03-16 00:04:01',NULL,0),(375,'playerVirtual3','playerVirtual3_1996bdcb43',3,'2018-03-16 00:04:30',NULL,0),(376,'playerVirtual4','playerVirtual4_904011',1,'2018-03-16 00:07:12',NULL,0),(377,'playerVirtual4','playerVirtual4_b7920260e7',3,'2018-03-16 00:07:12',NULL,0),(378,'playerVirtual4','playerVirtual4_904011',1,'2018-03-16 00:07:12',NULL,0),(379,'playerVirtual5','playerVirtual5_1095593',0,'2018-03-16 00:07:49',NULL,0),(380,'playerVirtual5','playerVirtual5_1095593',0,'2018-03-16 00:07:49',NULL,0),(381,'playerVirtual5','playerVirtual5_d13441c554',4,'2018-03-16 00:08:49',NULL,0),(382,'playerVirtual0','playerVirtual0_6289704471',1,'2018-03-16 00:10:07',NULL,0),(383,'playerVirtual0','playerVirtual0_5682c3aa71',4,'2018-03-16 00:10:07',NULL,0),(384,'playerVirtual0','playerVirtual0_6289704471',1,'2018-03-16 00:10:07',NULL,0),(385,'playerVirtual1','playerVirtual1_5068098508',1,'2018-03-16 00:11:48',NULL,0),(386,'playerVirtual1','playerVirtual1_e6e2903bfa',3,'2018-03-16 00:11:49',NULL,0),(387,'playerVirtual1','playerVirtual1_5068098508',1,'2018-03-16 00:11:50',NULL,0),(388,'playerVirtual6','playerVirtual6_2ba327fc50',4,'2018-03-16 00:12:27',NULL,0),(389,'playerVirtual2','playerVirtual2_5297461910',1,'2018-03-16 00:14:36',NULL,0),(390,'playerVirtual2','playerVirtual2_77acbe6658',3,'2018-03-16 00:14:36',NULL,0),(391,'playerVirtual2','playerVirtual2_5297461910',1,'2018-03-16 00:14:37',NULL,0),(392,'playerVirtual3','playerVirtual3_6274355716',0,'2018-03-16 00:15:49',NULL,0),(393,'playerVirtual3','playerVirtual3_6274355716',0,'2018-03-16 00:15:49',NULL,0),(394,'playerVirtual3','playerVirtual3_bdfb50bfd3',4,'2018-03-16 00:16:49',NULL,0),(395,'playerVirtual4','playerVirtual4_182859403',0,'2018-03-16 00:17:14',NULL,0),(396,'playerVirtual4','playerVirtual4_182859403',0,'2018-03-16 00:17:14',NULL,0),(397,'playerVirtual4','playerVirtual4_544d78d040',4,'2018-03-16 00:18:16',NULL,0),(398,'playerVirtual0','playerVirtual0_908315',0,'2018-03-16 00:19:57',NULL,0),(399,'playerVirtual0','playerVirtual0_908315',0,'2018-03-16 00:19:58',NULL,0),(400,'playerVirtual5','playerVirtual5_1095593',1,'2018-03-16 00:19:58',NULL,0),(401,'playerVirtual5','playerVirtual5_011a17bcde',3,'2018-03-16 00:19:58',NULL,0),(402,'playerVirtual5','playerVirtual5_1095593',1,'2018-03-16 00:19:58',NULL,0),(403,'playerVirtual0','playerVirtual0_5b8f96ecea',3,'2018-03-16 00:20:58',NULL,0),(404,'playerVirtual1','playerVirtual1_539194189',1,'2018-03-16 00:22:05',NULL,0),(405,'playerVirtual1','playerVirtual1_c769f0ce9f',4,'2018-03-16 00:22:06',NULL,0),(406,'playerVirtual1','playerVirtual1_539194189',1,'2018-03-16 00:22:06',NULL,0),(407,'playerVirtual2','playerVirtual2_4246147567',0,'2018-03-16 00:24:31',NULL,0),(408,'playerVirtual2','playerVirtual2_4246147567',0,'2018-03-16 00:24:31',NULL,0),(409,'playerVirtual3','playerVirtual3_6289704471',1,'2018-03-16 00:24:44',NULL,0),(410,'playerVirtual3','playerVirtual3_886a785fca',3,'2018-03-16 00:24:44',NULL,0),(411,'playerVirtual3','playerVirtual3_6289704471',1,'2018-03-16 00:24:44',NULL,0),(412,'playerVirtual2','playerVirtual2_96a603cdfa',4,'2018-03-16 00:25:31',NULL,0),(413,'playerVirtual4','playerVirtual4_6289704471',0,'2018-03-16 00:29:02',NULL,0),(414,'playerVirtual4','playerVirtual4_6289704471',0,'2018-03-16 00:29:03',NULL,0),(415,'playerVirtual5','playerVirtual5_4246147567',0,'2018-03-16 00:29:43',NULL,0),(416,'playerVirtual5','playerVirtual5_4246147567',0,'2018-03-16 00:29:44',NULL,0),(417,'playerVirtual4','playerVirtual4_490d991581',3,'2018-03-16 00:30:05',NULL,0),(418,'playerVirtual6','playerVirtual6_539194189',0,'2018-03-16 00:30:27',NULL,0),(419,'playerVirtual6','playerVirtual6_539194189',0,'2018-03-16 00:30:28',NULL,0),(420,'playerVirtual5','playerVirtual5_6aec5913d0',4,'2018-03-16 00:30:44',NULL,0),(421,'playerVirtual6','playerVirtual6_c4c4015c5c',3,'2018-03-16 00:31:28',NULL,0),(422,'playerVirtual0','playerVirtual0_4246147567',0,'2018-03-16 00:32:15',NULL,0),(423,'playerVirtual0','playerVirtual0_4246147567',0,'2018-03-16 00:32:15',NULL,0),(424,'playerVirtual7','playerVirtual7_d563d1a03c',4,'2018-03-16 00:32:23',NULL,0),(425,'playerVirtual1','playerVirtual1_4246147567',0,'2018-03-16 00:33:05',NULL,0),(426,'playerVirtual1','playerVirtual1_4246147567',0,'2018-03-16 00:33:05',NULL,0),(427,'playerVirtual0','playerVirtual0_1b34f6ee2c',4,'2018-03-16 00:33:18',NULL,0),(428,'playerVirtual1','playerVirtual1_3ee599bb78',3,'2018-03-16 00:34:05',NULL,0),(429,'playerVirtual6','playerVirtual6_4246147567',0,'2018-03-16 00:35:15',NULL,0),(430,'playerVirtual6','playerVirtual6_4246147567',0,'2018-03-16 00:35:15',NULL,0),(431,'playerVirtual8','playerVirtual8_1aed22aa17',4,'2018-03-16 00:35:40',NULL,0),(432,'playerVirtual2','playerVirtual2_4246147567',1,'2018-03-16 00:36:06',NULL,0),(433,'playerVirtual2','playerVirtual2_ec36dd2bab',3,'2018-03-16 00:36:07',NULL,0),(434,'playerVirtual2','playerVirtual2_4246147567',1,'2018-03-16 00:36:07',NULL,0),(435,'playerVirtual6','playerVirtual6_e8a970168a',4,'2018-03-16 00:36:15',NULL,0),(436,'playerVirtual3','playerVirtual3_6315250734',0,'2018-03-16 00:38:17',NULL,0),(437,'playerVirtual3','playerVirtual3_6315250734',0,'2018-03-16 00:38:17',NULL,0),(438,'playerVirtual3','playerVirtual3_9390e5e877',4,'2018-03-16 00:39:17',NULL,0),(439,'playerVirtual4','playerVirtual4_4246147567',0,'2018-03-16 00:40:49',NULL,0),(440,'playerVirtual4','playerVirtual4_4246147567',0,'2018-03-16 00:40:50',NULL,0),(441,'playerVirtual4','playerVirtual4_0317241900',4,'2018-03-16 00:41:52',NULL,0),(442,'playerVirtual5','playerVirtual5_4246147567',1,'2018-03-16 00:41:55',NULL,0),(443,'playerVirtual5','playerVirtual5_52bf35520f',3,'2018-03-16 00:41:55',NULL,0),(444,'playerVirtual5','playerVirtual5_4246147567',1,'2018-03-16 00:41:56',NULL,0),(445,'playerVirtual0','playerVirtual0_4246147567',1,'2018-03-16 00:43:06',NULL,0),(446,'playerVirtual0','playerVirtual0_65286cc5b2',3,'2018-03-16 00:43:06',NULL,0),(447,'playerVirtual0','playerVirtual0_4246147567',1,'2018-03-16 00:43:06',NULL,0),(448,'playerVirtual1','playerVirtual1_4246147567',1,'2018-03-16 00:44:25',NULL,0),(449,'playerVirtual1','playerVirtual1_9439b3f5f0',4,'2018-03-16 00:44:26',NULL,0),(450,'playerVirtual1','playerVirtual1_4246147567',1,'2018-03-16 00:44:26',NULL,0),(451,'playerVirtual2','playerVirtual2_5068098508',0,'2018-03-16 00:47:30',NULL,0),(452,'playerVirtual2','playerVirtual2_5068098508',0,'2018-03-16 00:47:30',NULL,0),(453,'playerVirtual3','playerVirtual3_4246147567',0,'2018-03-16 00:47:41',NULL,0),(454,'playerVirtual3','playerVirtual3_4246147567',0,'2018-03-16 00:47:41',NULL,0),(455,'playerVirtual2','playerVirtual2_9c56dc3fe8',4,'2018-03-16 00:48:30',NULL,0),(456,'playerVirtual3','playerVirtual3_fa804c8c9c',3,'2018-03-16 00:48:41',NULL,0),(457,'playerVirtual4','playerVirtual4_4246147567',1,'2018-03-16 00:52:40',NULL,0),(458,'playerVirtual4','playerVirtual4_cdcf52c9be',3,'2018-03-16 00:52:41',NULL,0),(459,'playerVirtual4','playerVirtual4_4246147567',1,'2018-03-16 00:52:41',NULL,0),(460,'playerVirtual5','playerVirtual5_990694203',0,'2018-03-16 00:53:07',NULL,0),(461,'playerVirtual5','playerVirtual5_990694203',0,'2018-03-16 00:53:07',NULL,0),(462,'playerVirtual7','playerVirtual7_2378747961',0,'2018-03-16 00:53:19',NULL,0),(463,'playerVirtual7','playerVirtual7_2378747961',0,'2018-03-16 00:53:20',NULL,0),(464,'playerVirtual5','playerVirtual5_0508ad5db7',4,'2018-03-16 00:54:07',NULL,0),(465,'playerVirtual6','playerVirtual6_4246147567',1,'2018-03-16 00:54:15',NULL,0),(466,'playerVirtual6','playerVirtual6_833d3b7789',3,'2018-03-16 00:54:15',NULL,0),(467,'playerVirtual6','playerVirtual6_4246147567',1,'2018-03-16 00:54:15',NULL,0),(468,'playerVirtual7','playerVirtual7_af0cf636f2',3,'2018-03-16 00:54:19',NULL,0),(469,'playerVirtual0','playerVirtual0_4246147567',0,'2018-03-16 00:55:40',NULL,0),(470,'playerVirtual0','playerVirtual0_9f2fcdeeb5',4,'2018-03-16 00:55:41',NULL,0),(471,'playerVirtual0','playerVirtual0_4246147567',0,'2018-03-16 00:55:41',NULL,0),(472,'playerVirtual9','playerVirtual9_00ac6aa09c',4,'2018-03-16 00:55:52',NULL,0),(473,'playerVirtual8','playerVirtual8_6316827871',0,'2018-03-16 00:56:36',NULL,0),(474,'playerVirtual8','playerVirtual8_6316827871',0,'2018-03-16 00:56:37',NULL,0),(475,'playerVirtual1','playerVirtual1_4246147567',0,'2018-03-16 00:56:43',NULL,0),(476,'playerVirtual1','playerVirtual1_c839f63e45',3,'2018-03-16 00:56:43',NULL,0),(477,'playerVirtual1','playerVirtual1_4246147567',0,'2018-03-16 00:56:43',NULL,0),(478,'playerVirtual7','playerVirtual7_1095593',0,'2018-03-16 00:56:52',NULL,0),(479,'playerVirtual7','playerVirtual7_1095593',0,'2018-03-16 00:57:01',NULL,0),(480,'playerVirtual8','playerVirtual8_f557d5c725',3,'2018-03-16 00:57:36',NULL,0),(481,'playerVirtual7','playerVirtual7_01b970877a',4,'2018-03-16 00:57:50',NULL,0),(482,'playerVirtual6','playerVirtual6_4246147567',0,'2018-03-16 00:59:34',NULL,0),(483,'playerVirtual6','playerVirtual6_a4ad24cd85',4,'2018-03-16 00:59:34',NULL,0),(484,'playerVirtual6','playerVirtual6_4246147567',0,'2018-03-16 00:59:34',NULL,0),(485,'playerVirtual2','playerVirtual2_4246147567',0,'2018-03-16 00:59:58',NULL,0),(486,'playerVirtual2','playerVirtual2_19167195ba',3,'2018-03-16 00:59:59',NULL,0),(487,'playerVirtual2','playerVirtual2_4246147567',0,'2018-03-16 00:59:59',NULL,0),(488,'playerVirtual8','playerVirtual8_4246147567',0,'2018-03-16 01:00:16',NULL,0),(489,'playerVirtual8','playerVirtual8_4246147567',0,'2018-03-16 01:00:16',NULL,0),(490,'playerVirtual8','playerVirtual8_88271ee486',4,'2018-03-16 01:01:19',NULL,0),(491,'playerVirtual3','playerVirtual3_4246147567',1,'2018-03-16 01:02:22',NULL,0),(492,'playerVirtual3','playerVirtual3_e72f40269f',4,'2018-03-16 01:02:22',NULL,0),(493,'playerVirtual3','playerVirtual3_4246147567',1,'2018-03-16 01:02:26',NULL,0),(494,'playerVirtual4','playerVirtual4_4246147567',0,'2018-03-16 01:04:55',NULL,0),(495,'playerVirtual4','playerVirtual4_4581b5715c',4,'2018-03-16 01:04:55',NULL,0),(496,'playerVirtual4','playerVirtual4_4246147567',0,'2018-03-16 01:04:55',NULL,0),(497,'playerVirtual5','playerVirtual5_990694203',1,'2018-03-16 01:05:17',NULL,0),(498,'playerVirtual5','playerVirtual5_ac9ecad380',3,'2018-03-16 01:05:17',NULL,0),(499,'playerVirtual5','playerVirtual5_990694203',1,'2018-03-16 01:05:17',NULL,0),(500,'playerVirtual0','playerVirtual0_4246147567',1,'2018-03-16 01:05:35',NULL,0),(501,'playerVirtual0','playerVirtual0_9786f2cd5d',3,'2018-03-16 01:05:36',NULL,0),(502,'playerVirtual0','playerVirtual0_4246147567',1,'2018-03-16 01:05:41',NULL,0),(503,'playerVirtual1','playerVirtual1_4246147567',1,'2018-03-16 01:07:03',NULL,0),(504,'playerVirtual1','playerVirtual1_d039c620a8',4,'2018-03-16 01:07:04',NULL,0),(505,'playerVirtual1','playerVirtual1_4246147567',1,'2018-03-16 01:07:04',NULL,0),(506,'playerVirtual2','playerVirtual2_4246147567',1,'2018-03-16 01:11:22',NULL,0),(507,'playerVirtual2','playerVirtual2_c753887b6f',4,'2018-03-16 01:11:22',NULL,0),(508,'playerVirtual2','playerVirtual2_4246147567',1,'2018-03-16 01:11:22',NULL,0),(509,'playerVirtual3','playerVirtual3_359920779',1,'2018-03-16 01:11:41',NULL,0),(510,'playerVirtual3','playerVirtual3_27d7d06fef',3,'2018-03-16 01:11:41',NULL,0),(511,'playerVirtual3','playerVirtual3_359920779',1,'2018-03-16 01:11:41',NULL,0),(512,'playerVirtual4','playerVirtual4_4246147567',1,'2018-03-16 01:15:43',NULL,0),(513,'playerVirtual4','playerVirtual4_cf8628aa5b',3,'2018-03-16 01:15:44',NULL,0),(514,'playerVirtual4','playerVirtual4_4246147567',1,'2018-03-16 01:15:44',NULL,0),(515,'playerVirtual6','playerVirtual6_4246147567',1,'2018-03-16 01:17:34',NULL,0),(516,'playerVirtual6','playerVirtual6_ccf9143e65',3,'2018-03-16 01:17:34',NULL,0),(517,'playerVirtual6','playerVirtual6_4246147567',1,'2018-03-16 01:17:34',NULL,0),(518,'playerVirtual5','playerVirtual5_4246147567',0,'2018-03-16 01:17:55',NULL,0),(519,'playerVirtual5','playerVirtual5_b1a13389ec',4,'2018-03-16 01:17:55',NULL,0),(520,'playerVirtual5','playerVirtual5_4246147567',0,'2018-03-16 01:17:55',NULL,0),(521,'playerVirtual9','playerVirtual9_6322213339',0,'2018-03-16 01:18:17',NULL,0),(522,'playerVirtual9','playerVirtual9_6322213339',0,'2018-03-16 01:18:17',NULL,0),(523,'playerVirtual7','playerVirtual7_359920779',0,'2018-03-16 01:19:01',NULL,0),(524,'playerVirtual7','playerVirtual7_359920779',0,'2018-03-16 01:19:02',NULL,0),(525,'playerVirtual9','playerVirtual9_b04f94f37e',3,'2018-03-16 01:19:17',NULL,0),(526,'playerVirtual0','playerVirtual0_4246147567',0,'2018-03-16 01:19:43',NULL,0),(527,'playerVirtual0','playerVirtual0_a022702675',4,'2018-03-16 01:19:43',NULL,0),(528,'playerVirtual0','playerVirtual0_4246147567',0,'2018-03-16 01:19:43',NULL,0),(529,'playerVirtual7','playerVirtual7_12ae7b3065',3,'2018-03-16 01:20:01',NULL,0),(530,'playerVirtual1','playerVirtual1_4246147567',0,'2018-03-16 01:20:57',NULL,0),(531,'playerVirtual1','playerVirtual1_8c6dbe69cd',3,'2018-03-16 01:20:57',NULL,0),(532,'playerVirtual1','playerVirtual1_4246147567',0,'2018-03-16 01:20:57',NULL,0),(533,'playerVirtual8','playerVirtual8_4246147567',1,'2018-03-16 01:22:10',NULL,0),(534,'playerVirtual8','playerVirtual8_f41108285a',3,'2018-03-16 01:22:11',NULL,0),(535,'playerVirtual8','playerVirtual8_4246147567',1,'2018-03-16 01:22:11',NULL,0),(536,'playerVirtual9','playerVirtual9_4246147567',0,'2018-03-16 01:22:19',NULL,0),(537,'playerVirtual9','playerVirtual9_4246147567',0,'2018-03-16 01:22:20',NULL,0),(538,'playerVirtual9','playerVirtual9_b7646a61b4',4,'2018-03-16 01:23:20',NULL,0),(539,'playerVirtual2','playerVirtual2_4246147567',0,'2018-03-16 01:24:27',NULL,0),(540,'playerVirtual2','playerVirtual2_d0b570a781',3,'2018-03-16 01:24:27',NULL,0),(541,'playerVirtual2','playerVirtual2_4246147567',0,'2018-03-16 01:24:27',NULL,0),(542,'playerVirtual7','playerVirtual7_6335261139',0,'2018-03-16 01:24:33',NULL,0),(543,'playerVirtual7','playerVirtual7_6335261139',0,'2018-03-16 01:24:33',NULL,0),(544,'playerVirtual6','playerVirtual6_4246147567',0,'2018-03-16 01:24:39',NULL,0),(545,'playerVirtual6','playerVirtual6_334b5430de',4,'2018-03-16 01:24:40',NULL,0),(546,'playerVirtual6','playerVirtual6_4246147567',0,'2018-03-16 01:24:40',NULL,0),(547,'playerVirtual7','playerVirtual7_e4560152d1',4,'2018-03-16 01:25:33',NULL,0),(548,'playerVirtual3','playerVirtual3_4246147567',0,'2018-03-16 01:26:58',NULL,0),(549,'playerVirtual3','playerVirtual3_190ed93684',4,'2018-03-16 01:26:58',NULL,0),(550,'playerVirtual3','playerVirtual3_4246147567',0,'2018-03-16 01:26:58',NULL,0),(551,'playerVirtual8','playerVirtual8_4246147567',0,'2018-03-16 01:26:59',NULL,0),(552,'playerVirtual8','playerVirtual8_603be06dcf',4,'2018-03-16 01:26:59',NULL,0),(553,'playerVirtual8','playerVirtual8_4246147567',0,'2018-03-16 01:26:59',NULL,0),(554,'playerVirtual5','playerVirtual5_4246147567',1,'2018-03-16 01:29:05',NULL,0),(555,'playerVirtual5','playerVirtual5_04da7ae465',3,'2018-03-16 01:29:05',NULL,0),(556,'playerVirtual5','playerVirtual5_4246147567',1,'2018-03-16 01:29:06',NULL,0),(557,'playerVirtual0','playerVirtual0_4246147567',1,'2018-03-16 01:29:32',NULL,0),(558,'playerVirtual0','playerVirtual0_e7fca8c3f6',3,'2018-03-16 01:29:32',NULL,0),(559,'playerVirtual0','playerVirtual0_4246147567',1,'2018-03-16 01:29:32',NULL,0),(560,'playerVirtual4','playerVirtual4_4246147567',0,'2018-03-16 01:29:47',NULL,0),(561,'playerVirtual4','playerVirtual4_a7ba3861b7',4,'2018-03-16 01:29:47',NULL,0),(562,'playerVirtual4','playerVirtual4_4246147567',0,'2018-03-16 01:29:47',NULL,0),(563,'playerVirtual1','playerVirtual1_4246147567',1,'2018-03-16 01:31:17',NULL,0),(564,'playerVirtual1','playerVirtual1_d193c0cb1d',4,'2018-03-16 01:31:18',NULL,0),(565,'playerVirtual1','playerVirtual1_4246147567',1,'2018-03-16 01:31:18',NULL,0),(566,'playerVirtual2','playerVirtual2_4246147567',1,'2018-03-16 01:35:54',NULL,0),(567,'playerVirtual2','playerVirtual2_219d115ad2',4,'2018-03-16 01:35:55',NULL,0),(568,'playerVirtual2','playerVirtual2_4246147567',1,'2018-03-16 01:35:59',NULL,0),(569,'playerVirtual3','playerVirtual3_4246147567',1,'2018-03-16 01:36:21',NULL,0),(570,'playerVirtual3','playerVirtual3_f4b6a9bfb0',3,'2018-03-16 01:36:21',NULL,0),(571,'playerVirtual3','playerVirtual3_4246147567',1,'2018-03-16 01:36:22',NULL,0),(572,'playerVirtual4','playerVirtual4_4246147567',1,'2018-03-16 01:40:35',NULL,0),(573,'playerVirtual4','playerVirtual4_18b63de323',3,'2018-03-16 01:40:36',NULL,0),(574,'playerVirtual4','playerVirtual4_4246147567',1,'2018-03-16 01:40:36',NULL,0),(575,'playerVirtual6','playerVirtual6_4246147567',1,'2018-03-16 01:42:39',NULL,0),(576,'playerVirtual6','playerVirtual6_146ef0caea',3,'2018-03-16 01:42:39',NULL,0),(577,'playerVirtual6','playerVirtual6_4246147567',1,'2018-03-16 01:42:39',NULL,0),(578,'playerVirtual5','playerVirtual5_4246147567',0,'2018-03-16 01:44:06',NULL,0),(579,'playerVirtual5','playerVirtual5_8a7d8d6508',4,'2018-03-16 01:44:06',NULL,0),(580,'playerVirtual5','playerVirtual5_4246147567',0,'2018-03-16 01:44:06',NULL,0),(581,'playerVirtual1','playerVirtual1_1436344784',1,'2018-03-16 01:45:43',NULL,0),(582,'playerVirtual1','playerVirtual1_bac30071d4',3,'2018-03-16 01:45:43',NULL,0),(583,'playerVirtual1','playerVirtual1_1436344784',1,'2018-03-16 01:45:44',NULL,0),(584,'playerVirtual9','playerVirtual9_4246147567',1,'2018-03-16 01:45:48',NULL,0),(585,'playerVirtual9','playerVirtual9_03012e6bca',3,'2018-03-16 01:45:48',NULL,0),(586,'playerVirtual9','playerVirtual9_4246147567',1,'2018-03-16 01:45:48',NULL,0),(587,'playerVirtual0','playerVirtual0_4246147567',0,'2018-03-16 01:46:06',NULL,0),(588,'playerVirtual0','playerVirtual0_8637950c0b',4,'2018-03-16 01:46:07',NULL,0),(589,'playerVirtual0','playerVirtual0_4246147567',0,'2018-03-16 01:46:07',NULL,0),(590,'playerVirtual7','playerVirtual7_4246147567',0,'2018-03-16 01:47:00',NULL,0),(591,'playerVirtual7','playerVirtual7_4246147567',0,'2018-03-16 01:47:00',NULL,0),(592,'playerVirtual8','playerVirtual8_4246147567',1,'2018-03-16 01:47:54',NULL,0),(593,'playerVirtual8','playerVirtual8_6a54f51843',3,'2018-03-16 01:47:55',NULL,0),(594,'playerVirtual8','playerVirtual8_4246147567',1,'2018-03-16 01:47:55',NULL,0),(595,'playerVirtual7','playerVirtual7_62797cec7c',3,'2018-03-16 01:48:00',NULL,0),(596,'playerVirtual2','playerVirtual2_5068098508',1,'2018-03-16 01:49:07',NULL,0),(597,'playerVirtual2','playerVirtual2_f9326e5db0',3,'2018-03-16 01:49:08',NULL,0),(598,'playerVirtual2','playerVirtual2_5068098508',1,'2018-03-16 01:49:08',NULL,0),(599,'playerVirtual9','playerVirtual9_6344084916',0,'2018-03-16 01:50:56',NULL,0),(600,'playerVirtual9','playerVirtual9_6344084916',0,'2018-03-16 01:50:58',NULL,0),(601,'playerVirtual6','playerVirtual6_4246147567',0,'2018-03-16 01:51:45',NULL,0),(602,'playerVirtual6','playerVirtual6_32d4e5bd89',4,'2018-03-16 01:51:45',NULL,0),(603,'playerVirtual6','playerVirtual6_4246147567',0,'2018-03-16 01:51:46',NULL,0),(604,'playerVirtual9','playerVirtual9_d1c7b8f65e',4,'2018-03-16 01:51:56',NULL,0),(605,'playerVirtual7','playerVirtual7_4246147567',1,'2018-03-16 01:52:31',NULL,0),(606,'playerVirtual7','playerVirtual7_e03287bd36',4,'2018-03-16 01:52:31',NULL,0),(607,'playerVirtual7','playerVirtual7_4246147567',1,'2018-03-16 01:52:31',NULL,0),(608,'playerVirtual3','playerVirtual3_4246147567',0,'2018-03-16 01:53:37',NULL,0),(609,'playerVirtual3','playerVirtual3_f6f602b16d',4,'2018-03-16 01:53:37',NULL,0),(610,'playerVirtual3','playerVirtual3_4246147567',0,'2018-03-16 01:53:37',NULL,0),(611,'playerVirtual8','playerVirtual8_4246147567',0,'2018-03-16 01:54:46',NULL,0),(612,'playerVirtual8','playerVirtual8_232eb62da2',4,'2018-03-16 01:54:46',NULL,0),(613,'playerVirtual8','playerVirtual8_4246147567',0,'2018-03-16 01:54:46',NULL,0),(614,'playerVirtual5','playerVirtual5_4246147567',1,'2018-03-16 01:55:17',NULL,0),(615,'playerVirtual5','playerVirtual5_6cc018d376',3,'2018-03-16 01:55:18',NULL,0),(616,'playerVirtual5','playerVirtual5_4246147567',1,'2018-03-16 01:55:23',NULL,0),(617,'playerVirtual0','playerVirtual0_4246147567',1,'2018-03-16 01:55:57',NULL,0),(618,'playerVirtual0','playerVirtual0_544a0c3027',3,'2018-03-16 01:55:57',NULL,0),(619,'playerVirtual0','playerVirtual0_4246147567',1,'2018-03-16 01:55:57',NULL,0),(620,'playerVirtual4','playerVirtual4_4246147567',0,'2018-03-16 01:56:40',NULL,0),(621,'playerVirtual4','playerVirtual4_bfed916078',4,'2018-03-16 01:56:40',NULL,0),(622,'playerVirtual4','playerVirtual4_4246147567',0,'2018-03-16 01:56:40',NULL,0),(623,'playerVirtual1','playerVirtual1_4246147567',0,'2018-03-16 01:58:41',NULL,0),(624,'playerVirtual1','playerVirtual1_6431822318',4,'2018-03-16 01:58:41',NULL,0),(625,'playerVirtual1','playerVirtual1_4246147567',0,'2018-03-16 01:58:43',NULL,0),(626,'playerVirtual3','playerVirtual3_4246147567',1,'2018-03-16 02:03:03',NULL,0),(627,'playerVirtual3','playerVirtual3_9614d2c310',3,'2018-03-16 02:03:03',NULL,0),(628,'playerVirtual3','playerVirtual3_4246147567',1,'2018-03-16 02:03:03',NULL,0),(629,'playerVirtual2','playerVirtual2_990694203',0,'2018-03-16 02:03:37',NULL,0),(630,'playerVirtual2','playerVirtual2_87ecfefa64',4,'2018-03-16 02:03:37',NULL,0),(631,'playerVirtual2','playerVirtual2_990694203',0,'2018-03-16 02:03:37',NULL,0),(632,'playerVirtual4','playerVirtual4_4246147567',1,'2018-03-16 02:07:28',NULL,0),(633,'playerVirtual4','playerVirtual4_b48c14a1b3',3,'2018-03-16 02:07:29',NULL,0),(634,'playerVirtual4','playerVirtual4_4246147567',1,'2018-03-16 02:07:29',NULL,0),(635,'playerVirtual6','playerVirtual6_4246147567',1,'2018-03-16 02:09:45',NULL,0),(636,'playerVirtual6','playerVirtual6_2e872de3b4',3,'2018-03-16 02:09:45',NULL,0),(637,'playerVirtual6','playerVirtual6_4246147567',1,'2018-03-16 02:09:45',NULL,0),(638,'playerVirtual5','playerVirtual5_272887063',0,'2018-03-16 02:12:27',NULL,0),(639,'playerVirtual5','playerVirtual5_272887063',0,'2018-03-16 02:12:27',NULL,0),(640,'playerVirtual1','playerVirtual1_4246147567',1,'2018-03-16 02:13:00',NULL,0),(641,'playerVirtual1','playerVirtual1_18dfdbfa70',3,'2018-03-16 02:13:00',NULL,0),(642,'playerVirtual1','playerVirtual1_4246147567',1,'2018-03-16 02:13:01',NULL,0),(643,'playerVirtual5','playerVirtual5_fe25a8cac8',4,'2018-03-16 02:13:27',NULL,0),(644,'playerVirtual0','playerVirtual0_4246147567',0,'2018-03-16 02:14:32',NULL,0),(645,'playerVirtual0','playerVirtual0_20bcaacbb8',4,'2018-03-16 02:14:33',NULL,0),(646,'playerVirtual0','playerVirtual0_4246147567',0,'2018-03-16 02:14:33',NULL,0),(647,'playerVirtual9','playerVirtual9_4246147567',0,'2018-03-16 02:14:53',NULL,0),(648,'playerVirtual9','playerVirtual9_a3fbb10f17',3,'2018-03-16 02:14:53',NULL,0),(649,'playerVirtual9','playerVirtual9_4246147567',0,'2018-03-16 02:14:58',NULL,0);
/*!40000 ALTER TABLE `REQUEST` ENABLE KEYS */;
UNLOCK TABLES;

--
-- Table structure for table `STATUS`
--

DROP TABLE IF EXISTS `STATUS`;
/*!40101 SET @saved_cs_client     = @@character_set_client */;
/*!40101 SET character_set_client = utf8 */;
CREATE TABLE `STATUS` (
  `id` int(11) NOT NULL AUTO_INCREMENT,
  `players` int(11) DEFAULT '0',
  `all_requests` int(11) DEFAULT '0',
  `accepts` int(11) DEFAULT '0',
  `rejects` int(11) DEFAULT '0',
  `fairness` double DEFAULT '0',
  `timestamp` timestamp NULL DEFAULT NULL,
  PRIMARY KEY (`id`)
) ENGINE=InnoDB AUTO_INCREMENT=52 DEFAULT CHARSET=utf8;
/*!40101 SET character_set_client = @saved_cs_client */;

--
-- Dumping data for table `STATUS`
--

LOCK TABLES `STATUS` WRITE;
/*!40000 ALTER TABLE `STATUS` DISABLE KEYS */;
INSERT INTO `STATUS` VALUES (1,0,0,0,0,0,'2018-03-15 22:05:04'),(2,3,6,6,0,1,'2018-03-15 22:10:04'),(3,4,14,14,0,1,'2018-03-15 22:15:04'),(4,5,22,22,0,1,'2018-03-15 22:20:05'),(5,5,30,30,0,1,'2018-03-15 22:25:05'),(6,5,37,37,0,1,'2018-03-15 22:30:05'),(7,5,44,44,0,1,'2018-03-15 22:35:05'),(8,5,50,50,0,1,'2018-03-15 22:40:05'),(9,5,56,56,0,1,'2018-03-15 22:45:05'),(10,5,60,60,0,1,'2018-03-15 22:50:05'),(11,5,63,63,0,1,'2018-03-15 22:55:05'),(12,5,67,67,0,1,'2018-03-15 23:00:06'),(13,5,69,69,0,1,'2018-03-15 23:05:06'),(14,5,74,74,0,1,'2018-03-15 23:10:06'),(15,5,78,78,0,1,'2018-03-15 23:15:06'),(16,5,81,81,0,1,'2018-03-15 23:20:06'),(17,5,82,82,0,1,'2018-03-15 23:25:06'),(18,5,85,85,0,1,'2018-03-15 23:30:06'),(19,6,87,87,0,1,'2018-03-15 23:35:06'),(20,6,89,89,0,1,'2018-03-15 23:40:07'),(21,6,91,91,0,1,'2018-03-15 23:45:07'),(22,6,93,93,0,1,'2018-03-15 23:50:07'),(23,6,94,94,0,1,'2018-03-15 23:55:07'),(24,6,97,97,0,1,'2018-03-16 00:00:07'),(25,6,99,99,0,1,'2018-03-16 00:05:07'),(26,6,100,100,0,1,'2018-03-16 00:10:08'),(27,7,100,100,0,1,'2018-03-16 00:15:08'),(28,7,103,103,0,1,'2018-03-16 00:20:08'),(29,7,104,104,0,1,'2018-03-16 00:25:08'),(30,7,106,106,0,1,'2018-03-16 00:30:08'),(31,9,109,109,0,1,'2018-03-16 00:35:08'),(32,9,111,111,0,1,'2018-03-16 00:40:08'),(33,9,112,112,0,1,'2018-03-16 00:45:08'),(34,9,114,114,0,1,'2018-03-16 00:50:09'),(35,10,116,116,0,1,'2018-03-16 00:55:09'),(36,10,122,122,0,1,'2018-03-16 01:00:09'),(37,10,124,124,0,1,'2018-03-16 01:05:09'),(38,10,124,124,0,1,'2018-03-16 01:10:09'),(39,10,124,124,0,1,'2018-03-16 01:15:09'),(40,10,128,128,0,1,'2018-03-16 01:20:09'),(41,10,133,133,0,1,'2018-03-16 01:25:09'),(42,10,136,136,0,1,'2018-03-16 01:30:10'),(43,10,136,136,0,1,'2018-03-16 01:35:10'),(44,10,136,136,0,1,'2018-03-16 01:40:10'),(45,10,137,137,0,1,'2018-03-16 01:45:10'),(46,10,139,139,0,1,'2018-03-16 01:50:10'),(47,10,143,143,0,1,'2018-03-16 01:55:10'),(48,10,145,145,0,1,'2018-03-16 02:00:10'),(49,10,146,146,0,1,'2018-03-16 02:05:11'),(50,10,146,146,0,1,'2018-03-16 02:10:11'),(51,10,149,149,0,1,'2018-03-16 02:15:11');
/*!40000 ALTER TABLE `STATUS` ENABLE KEYS */;
UNLOCK TABLES;

--
-- Table structure for table `THRESHOLD`
--

DROP TABLE IF EXISTS `THRESHOLD`;
/*!40101 SET @saved_cs_client     = @@character_set_client */;
/*!40101 SET character_set_client = utf8 */;
CREATE TABLE `THRESHOLD` (
  `division` int(11) NOT NULL,
  `botton` double DEFAULT '0',
  `top` double DEFAULT '0',
  PRIMARY KEY (`division`)
) ENGINE=InnoDB DEFAULT CHARSET=utf8;
/*!40101 SET character_set_client = @saved_cs_client */;

--
-- Dumping data for table `THRESHOLD`
--

LOCK TABLES `THRESHOLD` WRITE;
/*!40000 ALTER TABLE `THRESHOLD` DISABLE KEYS */;
INSERT INTO `THRESHOLD` VALUES (1,8.76,20),(2,4.38,8.76),(3,0,4.38);
/*!40000 ALTER TABLE `THRESHOLD` ENABLE KEYS */;
UNLOCK TABLES;

--
-- Table structure for table `VM`
--

DROP TABLE IF EXISTS `VM`;
/*!40101 SET @saved_cs_client     = @@character_set_client */;
/*!40101 SET character_set_client = utf8 */;
CREATE TABLE `VM` (
  `id` int(11) NOT NULL AUTO_INCREMENT,
  `origin_add` varchar(45) NOT NULL,
  `origin_id` varchar(45) NOT NULL,
  `origin_name` varchar(45) NOT NULL,
  `destiny_add` varchar(45) NOT NULL,
  `destiny_name` varchar(45) NOT NULL,
  `destiny_id` varchar(45) NOT NULL,
  `status` tinyint(1) NOT NULL,
  `has_resources` tinyint(1) NOT NULL,
  `vcpus` int(11) NOT NULL,
  `mem` bigint(20) NOT NULL,
  `disk` bigint(20) NOT NULL,
  `timestamp_received` timestamp NULL DEFAULT NULL,
  `timestamp_finished` timestamp NULL DEFAULT NULL,
  PRIMARY KEY (`id`)
) ENGINE=InnoDB AUTO_INCREMENT=150 DEFAULT CHARSET=utf8;
/*!40101 SET character_set_client = @saved_cs_client */;

--
-- Dumping data for table `VM`
--

LOCK TABLES `VM` WRITE;
/*!40000 ALTER TABLE `VM` DISABLE KEYS */;
INSERT INTO `VM` VALUES (1,'192.168.0.200','playerVirtual1_450512000','playerVirtual1','192.168.0.200','playerVirtual2','playerVirtual2_5ead010746',1,1,1,2048,20,'2018-03-15 22:07:19',NULL),(2,'192.168.0.200','playerVirtual2_1438244924','playerVirtual2','192.168.0.200','playerVirtual1','playerVirtual1_56a96cadfa',3,1,1,2048,20,'2018-03-15 22:07:22','2018-03-15 23:21:05'),(3,'192.168.0.200','playerVirtual0_640692267','playerVirtual0','192.168.0.200','playerVirtual2','playerVirtual2_e3c76775b2',1,1,1,512,1,'2018-03-15 22:07:25',NULL),(4,'192.168.0.200','playerVirtual1_2381571381','playerVirtual1','192.168.0.200','playerVirtual0','playerVirtual0_80226e2e27',3,1,1,2048,20,'2018-03-15 22:09:26','2018-03-15 23:30:29'),(5,'192.168.0.200','playerVirtual2_5297461910','playerVirtual2','192.168.0.200','playerVirtual1','playerVirtual1_c6009576ce',3,1,1,512,1,'2018-03-15 22:09:27','2018-03-16 00:14:37'),(6,'192.168.0.200','playerVirtual0_2790332778','playerVirtual0','192.168.0.200','playerVirtual2','playerVirtual2_25ca94cd3e',1,1,2,4096,40,'2018-03-15 22:09:30',NULL),(7,'192.168.0.200','playerVirtual1_369721705','playerVirtual1','192.168.0.200','playerVirtual3','playerVirtual3_9b8495a354',1,1,2,4096,40,'2018-03-15 22:11:32',NULL),(8,'192.168.0.200','playerVirtual2_317469422','playerVirtual2','192.168.0.200','playerVirtual0','playerVirtual0_12c66467ff',1,1,2,4096,40,'2018-03-15 22:11:34',NULL),(9,'192.168.0.200','playerVirtual0_6955737','playerVirtual0','192.168.0.200','playerVirtual1','playerVirtual1_de0527337a',3,1,1,2048,20,'2018-03-15 22:11:38','2018-03-15 23:17:34'),(10,'192.168.0.200','playerVirtual3_257338104','playerVirtual3','192.168.0.200','playerVirtual2','playerVirtual2_ea7c39e265',1,1,2,4096,40,'2018-03-15 22:12:29',NULL),(11,'192.168.0.200','playerVirtual1_3584940347','playerVirtual1','192.168.0.200','playerVirtual3','playerVirtual3_d8599e2433',1,1,1,512,1,'2018-03-15 22:13:40',NULL),(12,'192.168.0.200','playerVirtual2_2433236783','playerVirtual2','192.168.0.200','playerVirtual0','playerVirtual0_7dbb708f52',1,1,1,2048,20,'2018-03-15 22:13:41',NULL),(13,'192.168.0.200','playerVirtual0_3338579772','playerVirtual0','192.168.0.200','playerVirtual1','playerVirtual1_8e364e017d',3,1,1,2048,20,'2018-03-15 22:13:45','2018-03-15 23:23:09'),(14,'192.168.0.200','playerVirtual3_257407216','playerVirtual3','192.168.0.200','playerVirtual2','playerVirtual2_827145edba',1,1,2,4096,40,'2018-03-15 22:14:30',NULL),(15,'192.168.0.200','playerVirtual1_182859403','playerVirtual1','192.168.0.200','playerVirtual3','playerVirtual3_a0bf813aeb',3,1,1,512,1,'2018-03-15 22:15:54','2018-03-15 23:53:10'),(16,'192.168.0.200','playerVirtual2_2359368952','playerVirtual2','192.168.0.200','playerVirtual0','playerVirtual0_3452cd4b50',3,1,1,512,1,'2018-03-15 22:15:59','2018-03-15 22:40:33'),(17,'192.168.0.200','playerVirtual0_16917741','playerVirtual0','192.168.0.200','playerVirtual1','playerVirtual1_4b12c6f85d',1,1,1,512,1,'2018-03-15 22:16:07',NULL),(18,'192.168.0.200','playerVirtual3_2545640208','playerVirtual3','192.168.0.200','playerVirtual4','playerVirtual4_41b9d29937',1,1,1,2048,20,'2018-03-15 22:17:06',NULL),(19,'192.168.0.200','playerVirtual4_908315','playerVirtual4','192.168.0.200','playerVirtual3','playerVirtual3_52cbead66d',3,1,1,2048,20,'2018-03-15 22:17:53','2018-03-15 23:58:22'),(20,'192.168.0.200','playerVirtual1_539194189','playerVirtual1','192.168.0.200','playerVirtual0','playerVirtual0_64ac71b75c',3,1,1,2048,20,'2018-03-15 22:18:26','2018-03-16 00:22:06'),(21,'192.168.0.200','playerVirtual2_4820204870','playerVirtual2','192.168.0.200','playerVirtual1','playerVirtual1_7b9d36dce8',3,1,2,4096,40,'2018-03-15 22:19:08','2018-03-15 22:53:43'),(22,'192.168.0.200','playerVirtual0_8058564','playerVirtual0','192.168.0.200','playerVirtual4','playerVirtual4_e510eca6cc',1,1,1,2048,20,'2018-03-15 22:20:02',NULL),(23,'192.168.0.200','playerVirtual3_1429160667','playerVirtual3','192.168.0.200','playerVirtual0','playerVirtual0_696028925d',1,1,1,2048,20,'2018-03-15 22:20:48',NULL),(24,'192.168.0.200','playerVirtual4_3338010893','playerVirtual4','192.168.0.200','playerVirtual3','playerVirtual3_f027a74b26',1,1,1,512,1,'2018-03-15 22:21:35',NULL),(25,'192.168.0.200','playerVirtual1_82730999','playerVirtual1','192.168.0.200','playerVirtual2','playerVirtual2_00ce293b45',1,1,1,512,1,'2018-03-15 22:22:17',NULL),(26,'192.168.0.200','playerVirtual2_351652724','playerVirtual2','192.168.0.200','playerVirtual1','playerVirtual1_742368b68e',1,1,1,2048,20,'2018-03-15 22:22:24',NULL),(27,'192.168.0.200','playerVirtual0_6571218','playerVirtual0','192.168.0.200','playerVirtual4','playerVirtual4_356884e44b',1,1,1,2048,20,'2018-03-15 22:22:31',NULL),(28,'192.168.0.200','playerVirtual3_778566023','playerVirtual3','192.168.0.200','playerVirtual0','playerVirtual0_c4cfbf4b83',1,1,1,512,1,'2018-03-15 22:23:33',NULL),(29,'192.168.0.200','playerVirtual4_1436344784','playerVirtual4','192.168.0.200','playerVirtual3','playerVirtual3_ef73bf13ec',3,1,1,2048,20,'2018-03-15 22:24:24','2018-03-15 23:41:06'),(30,'192.168.0.200','playerVirtual1_1339662','playerVirtual1','192.168.0.200','playerVirtual2','playerVirtual2_a6d3f8b8a3',1,1,1,2048,20,'2018-03-15 22:24:58',NULL),(31,'192.168.0.200','playerVirtual2_317497342','playerVirtual2','192.168.0.200','playerVirtual1','playerVirtual1_ed09f71add',1,1,1,512,1,'2018-03-15 22:25:40',NULL),(32,'192.168.0.200','playerVirtual0_284794223','playerVirtual0','192.168.0.200','playerVirtual4','playerVirtual4_2a177a4728',1,1,1,2048,20,'2018-03-15 22:26:35',NULL),(33,'192.168.0.200','playerVirtual3_359920779','playerVirtual3','192.168.0.200','playerVirtual0','playerVirtual0_86c6500818',3,1,1,512,1,'2018-03-15 22:27:22','2018-03-16 01:11:41'),(34,'192.168.0.200','playerVirtual4_904011','playerVirtual4','192.168.0.200','playerVirtual3','playerVirtual3_9e799527d4',3,1,1,2048,20,'2018-03-15 22:28:08','2018-03-16 00:07:12'),(35,'192.168.0.200','playerVirtual1_2904109077','playerVirtual1','192.168.0.200','playerVirtual2','playerVirtual2_d1c9e94581',1,1,1,512,1,'2018-03-15 22:28:51',NULL),(36,'192.168.0.200','playerVirtual2_257338074','playerVirtual2','192.168.0.200','playerVirtual1','playerVirtual1_c28ab1b059',1,1,2,4096,40,'2018-03-15 22:28:58',NULL),(37,'192.168.0.200','playerVirtual0_905614','playerVirtual0','192.168.0.200','playerVirtual4','playerVirtual4_8291f7d26d',1,1,1,2048,20,'2018-03-15 22:29:04',NULL),(38,'192.168.0.200','playerVirtual3_1093460','playerVirtual3','192.168.0.200','playerVirtual4','playerVirtual4_dfef6fefd7',1,1,1,512,1,'2018-03-15 22:30:08',NULL),(39,'192.168.0.200','playerVirtual4_6569547','playerVirtual4','192.168.0.200','playerVirtual3','playerVirtual3_60baae5616',1,1,1,2048,20,'2018-03-15 22:31:00',NULL),(40,'192.168.0.200','playerVirtual1_470485660','playerVirtual1','192.168.0.200','playerVirtual0','playerVirtual0_73ca7db2a6',1,1,2,4096,40,'2018-03-15 22:31:35',NULL),(41,'192.168.0.200','playerVirtual2_30788568','playerVirtual2','192.168.0.200','playerVirtual1','playerVirtual1_98fe9d4e84',1,1,1,512,1,'2018-03-15 22:32:21',NULL),(42,'192.168.0.200','playerVirtual0_5792765','playerVirtual0','192.168.0.200','playerVirtual4','playerVirtual4_3e95bb0234',1,1,1,512,1,'2018-03-15 22:33:17',NULL),(43,'192.168.0.200','playerVirtual3_38671842','playerVirtual3','192.168.0.200','playerVirtual4','playerVirtual4_569106c053',1,1,1,512,1,'2018-03-15 22:34:09',NULL),(44,'192.168.0.200','playerVirtual4_400453824','playerVirtual4','192.168.0.200','playerVirtual3','playerVirtual3_3757c73d3f',1,1,1,512,1,'2018-03-15 22:34:56',NULL),(45,'192.168.0.200','playerVirtual1_4820318661','playerVirtual1','192.168.0.200','playerVirtual0','playerVirtual0_30cbe7c8eb',1,1,2,4096,40,'2018-03-15 22:35:47',NULL),(46,'192.168.0.200','playerVirtual2_4819935267','playerVirtual2','192.168.0.200','playerVirtual1','playerVirtual1_7230aabcd1',1,1,2,4096,40,'2018-03-15 22:35:55',NULL),(47,'192.168.0.200','playerVirtual0_4820217293','playerVirtual0','192.168.0.200','playerVirtual4','playerVirtual4_24ba34fdc5',1,1,2,4096,40,'2018-03-15 22:36:04',NULL),(48,'192.168.0.200','playerVirtual3_6264344062','playerVirtual3','192.168.0.200','playerVirtual4','playerVirtual4_db187ebe2b',3,1,1,512,1,'2018-03-15 22:37:08','2018-03-15 23:40:15'),(49,'192.168.0.200','playerVirtual4_2378747961','playerVirtual4','192.168.0.200','playerVirtual3','playerVirtual3_0e872f74bb',3,1,1,512,1,'2018-03-15 22:38:10','2018-03-15 23:29:19'),(50,'192.168.0.200','playerVirtual1_5068098508','playerVirtual1','192.168.0.200','playerVirtual0','playerVirtual0_d17f9ab9fa',3,1,1,2048,20,'2018-03-15 22:38:53','2018-03-16 00:11:50'),(51,'192.168.0.200','playerVirtual0_227443932','playerVirtual0','192.168.0.200','playerVirtual1','playerVirtual1_3916b9b9f1',1,1,1,2048,20,'2018-03-15 22:41:44',NULL),(52,'192.168.0.200','playerVirtual3_1095593','playerVirtual3','192.168.0.200','playerVirtual4','playerVirtual4_1eedbe0071',3,1,1,512,1,'2018-03-15 22:42:37','2018-03-15 23:45:25'),(53,'192.168.0.200','playerVirtual4_2148750930','playerVirtual4','192.168.0.200','playerVirtual3','playerVirtual3_4f162bc907',1,1,1,2048,20,'2018-03-15 22:43:28',NULL),(54,'192.168.0.200','playerVirtual2_765651','playerVirtual2','192.168.0.200','playerVirtual0','playerVirtual0_7e485881da',1,1,1,2048,20,'2018-03-15 22:43:34',NULL),(55,'192.168.0.200','playerVirtual1_563574327','playerVirtual1','192.168.0.200','playerVirtual4','playerVirtual4_7035581192',1,1,1,2048,20,'2018-03-15 22:44:23',NULL),(56,'192.168.0.200','playerVirtual0_16915963','playerVirtual0','192.168.0.200','playerVirtual1','playerVirtual1_95cb599102',1,1,1,2048,20,'2018-03-15 22:44:46',NULL),(57,'192.168.0.200','playerVirtual3_5623125514','playerVirtual3','192.168.0.200','playerVirtual4','playerVirtual4_09fa59e2ec',1,1,1,2048,20,'2018-03-15 22:45:53',NULL),(58,'192.168.0.200','playerVirtual4_284757920','playerVirtual4','192.168.0.200','playerVirtual3','playerVirtual3_e36889c416',1,1,1,2048,20,'2018-03-15 22:46:56',NULL),(59,'192.168.0.200','playerVirtual1_6274355716','playerVirtual1','192.168.0.200','playerVirtual0','playerVirtual0_17f37c92d3',3,1,1,512,1,'2018-03-15 22:47:40','2018-03-15 23:45:20'),(60,'192.168.0.200','playerVirtual2_272887063','playerVirtual2','192.168.0.200','playerVirtual1','playerVirtual1_1540c0371f',3,1,1,2048,20,'2018-03-15 22:48:24','2018-03-15 23:03:42'),(61,'192.168.0.200','playerVirtual0_38676294','playerVirtual0','192.168.0.200','playerVirtual4','playerVirtual4_c5c0ffc8ae',1,1,1,512,1,'2018-03-15 22:50:36',NULL),(62,'192.168.0.200','playerVirtual3_182859403','playerVirtual3','192.168.0.200','playerVirtual4','playerVirtual4_56ead8b7f9',3,1,1,512,1,'2018-03-15 22:52:38','2018-03-15 22:56:02'),(63,'192.168.0.200','playerVirtual4_4820204870','playerVirtual4','192.168.0.200','playerVirtual3','playerVirtual3_7b0981eaad',1,1,2,4096,40,'2018-03-15 22:53:42',NULL),(64,'192.168.0.200','playerVirtual0_990694203','playerVirtual0','192.168.0.200','playerVirtual1','playerVirtual1_ca4dc28763',3,1,1,2048,20,'2018-03-15 22:55:13','2018-03-15 23:01:08'),(65,'192.168.0.200','playerVirtual1_990694203','playerVirtual1','192.168.0.200','playerVirtual0','playerVirtual0_f0c902b2ef',3,1,1,2048,20,'2018-03-15 22:57:19','2018-03-15 23:03:15'),(66,'192.168.0.200','playerVirtual4_6280643141','playerVirtual4','192.168.0.200','playerVirtual3','playerVirtual3_14f6fdc8a7',1,1,1,512,1,'2018-03-15 22:57:40',NULL),(67,'192.168.0.200','playerVirtual2_6280638724','playerVirtual2','192.168.0.200','playerVirtual4','playerVirtual4_c225951227',1,1,1,512,1,'2018-03-15 22:58:04',NULL),(68,'192.168.0.200','playerVirtual3_4476462938','playerVirtual3','192.168.0.200','playerVirtual4','playerVirtual4_869fec18d5',1,1,1,2048,20,'2018-03-15 23:02:25',NULL),(69,'192.168.0.200','playerVirtual4_272887063','playerVirtual4','192.168.0.200','playerVirtual3','playerVirtual3_1c249aeabd',1,1,1,2048,20,'2018-03-15 23:04:37',NULL),(70,'192.168.0.200','playerVirtual0_6282149131','playerVirtual0','192.168.0.200','playerVirtual1','playerVirtual1_e6023e73bb',1,1,1,512,1,'2018-03-15 23:05:23',NULL),(71,'192.168.0.200','playerVirtual3_1436323714','playerVirtual3','192.168.0.200','playerVirtual4','playerVirtual4_6f0b3fe83b',1,1,1,2048,20,'2018-03-15 23:06:17',NULL),(72,'192.168.0.200','playerVirtual1_2359368952','playerVirtual1','192.168.0.200','playerVirtual0','playerVirtual0_f6f9f465fe',1,1,1,512,1,'2018-03-15 23:07:28',NULL),(73,'192.168.0.200','playerVirtual2_682797','playerVirtual2','192.168.0.200','playerVirtual3','playerVirtual3_cccc16c865',1,1,1,2048,20,'2018-03-15 23:08:34',NULL),(74,'192.168.0.200','playerVirtual4_214880781','playerVirtual4','192.168.0.200','playerVirtual3','playerVirtual3_3aaae4f223',1,1,1,2048,20,'2018-03-15 23:09:06',NULL),(75,'192.168.0.200','playerVirtual0_1094955','playerVirtual0','192.168.0.200','playerVirtual1','playerVirtual1_2c4762e208',1,1,1,512,1,'2018-03-15 23:11:30',NULL),(76,'192.168.0.200','playerVirtual1_182859403','playerVirtual1','192.168.0.200','playerVirtual4','playerVirtual4_5696eac12f',3,1,1,512,1,'2018-03-15 23:13:54','2018-03-15 23:53:10'),(77,'192.168.0.200','playerVirtual3_16914091','playerVirtual3','192.168.0.200','playerVirtual4','playerVirtual4_b37f1df079',1,1,1,2048,20,'2018-03-15 23:13:55',NULL),(78,'192.168.0.200','playerVirtual2_6641406','playerVirtual2','192.168.0.200','playerVirtual0','playerVirtual0_d8636ce267',1,1,1,2048,20,'2018-03-15 23:14:29',NULL),(79,'192.168.0.200','playerVirtual4_6285257156','playerVirtual4','192.168.0.200','playerVirtual3','playerVirtual3_08cea079d3',1,1,1,512,1,'2018-03-15 23:16:30',NULL),(80,'192.168.0.200','playerVirtual1_6955737','playerVirtual1','192.168.0.200','playerVirtual4','playerVirtual4_f250c93022',3,1,1,2048,20,'2018-03-15 23:18:41','2018-03-15 23:25:13'),(81,'192.168.0.200','playerVirtual3_6955737','playerVirtual3','192.168.0.200','playerVirtual4','playerVirtual4_b6a7e32b9a',1,1,1,2048,20,'2018-03-15 23:18:48',NULL),(82,'192.168.0.200','playerVirtual4_1438244924','playerVirtual4','192.168.0.200','playerVirtual3','playerVirtual3_28f6c1ecb5',3,1,1,2048,20,'2018-03-15 23:21:44','2018-03-15 23:34:17'),(83,'192.168.0.200','playerVirtual2_2381571381','playerVirtual2','192.168.0.200','playerVirtual1','playerVirtual1_7642eb7dfb',1,1,1,2048,20,'2018-03-15 23:26:17',NULL),(84,'192.168.0.200','playerVirtual3_3338579772','playerVirtual3','192.168.0.200','playerVirtual4','playerVirtual4_3ae1c82b41',1,1,1,2048,20,'2018-03-15 23:26:34',NULL),(85,'192.168.0.200','playerVirtual0_2378747961','playerVirtual0','192.168.0.200','playerVirtual3','playerVirtual3_c991f59582',3,1,1,512,1,'2018-03-15 23:28:24','2018-03-15 23:42:49'),(86,'192.168.0.200','playerVirtual3_1438244924','playerVirtual3','192.168.0.200','playerVirtual4','playerVirtual4_4010efc630',1,1,1,2048,20,'2018-03-15 23:32:16',NULL),(87,'192.168.0.200','playerVirtual2_6289355687','playerVirtual2','192.168.0.200','playerVirtual5','playerVirtual5_99a959c3a3',1,1,1,512,1,'2018-03-15 23:33:28',NULL),(88,'192.168.0.200','playerVirtual0_6289704471','playerVirtual0','192.168.0.200','playerVirtual1','playerVirtual1_a38e96e8d6',3,1,1,512,1,'2018-03-15 23:35:40','2018-03-16 00:10:07'),(89,'192.168.0.200','playerVirtual1_1436344784','playerVirtual1','192.168.0.200','playerVirtual0','playerVirtual0_6c867b6992',3,1,1,2048,20,'2018-03-15 23:37:01','2018-03-16 01:45:44'),(90,'192.168.0.200','playerVirtual2_990694203','playerVirtual2','192.168.0.200','playerVirtual3','playerVirtual3_cf56c09fa2',3,1,1,2048,20,'2018-03-15 23:40:51','2018-03-16 00:04:01'),(91,'192.168.0.200','playerVirtual5_794070039','playerVirtual5','192.168.0.200','playerVirtual4','playerVirtual4_dd4d2abf2c',1,1,1,512,1,'2018-03-15 23:43:23',NULL),(92,'192.168.0.200','playerVirtual4_6296268057','playerVirtual4','192.168.0.200','playerVirtual5','playerVirtual5_d0b4607b87',1,1,1,512,1,'2018-03-15 23:48:14',NULL),(93,'192.168.0.200','playerVirtual5_182859403','playerVirtual5','192.168.0.200','playerVirtual3','playerVirtual3_f2f5cf7b0d',3,1,1,512,1,'2018-03-15 23:48:37','2018-03-16 00:00:33'),(94,'192.168.0.200','playerVirtual0_6296865278','playerVirtual0','192.168.0.200','playerVirtual1','playerVirtual1_e51dd7de91',1,1,1,512,1,'2018-03-15 23:50:45',NULL),(95,'192.168.0.200','playerVirtual3_6264344062','playerVirtual3','192.168.0.200','playerVirtual4','playerVirtual4_c037a86544',1,1,1,2048,20,'2018-03-15 23:56:03',NULL),(96,'192.168.0.200','playerVirtual2_990694203','playerVirtual2','192.168.0.200','playerVirtual0','playerVirtual0_bdba2c92bd',3,1,1,2048,20,'2018-03-15 23:57:53','2018-03-16 00:04:01'),(97,'192.168.0.200','playerVirtual0_6301942525','playerVirtual0','192.168.0.200','playerVirtual5','playerVirtual5_85efa59759',1,1,1,512,1,'2018-03-16 00:00:03',NULL),(98,'192.168.0.200','playerVirtual1_5297461910','playerVirtual1','192.168.0.200','playerVirtual3','playerVirtual3_89669dc2e0',1,1,1,512,1,'2018-03-16 00:02:25',NULL),(99,'192.168.0.200','playerVirtual3_6289704471','playerVirtual3','192.168.0.200','playerVirtual4','playerVirtual4_ff539a513a',3,1,1,2048,20,'2018-03-16 00:03:30','2018-03-16 00:24:44'),(100,'192.168.0.200','playerVirtual5_1095593','playerVirtual5','192.168.0.200','playerVirtual3','playerVirtual3_8ae0e3587b',3,1,1,512,1,'2018-03-16 00:07:49','2018-03-16 00:19:58'),(101,'192.168.0.200','playerVirtual3_6274355716','playerVirtual3','192.168.0.200','playerVirtual6','playerVirtual6_9797d0a4b2',1,1,1,512,1,'2018-03-16 00:15:49',NULL),(102,'192.168.0.200','playerVirtual4_182859403','playerVirtual4','192.168.0.200','playerVirtual5','playerVirtual5_4fb4a864ee',1,1,1,512,1,'2018-03-16 00:17:14',NULL),(103,'192.168.0.200','playerVirtual0_908315','playerVirtual0','192.168.0.200','playerVirtual1','playerVirtual1_079c23941b',1,1,1,2048,20,'2018-03-16 00:19:58',NULL),(104,'192.168.0.200','playerVirtual2_4246147567','playerVirtual2','192.168.0.200','playerVirtual0','playerVirtual0_4c1407d974',3,1,2,4096,40,'2018-03-16 00:24:31','2018-03-16 01:35:59'),(105,'192.168.0.200','playerVirtual4_6289704471','playerVirtual4','192.168.0.200','playerVirtual6','playerVirtual6_627223860e',1,1,1,2048,20,'2018-03-16 00:29:03',NULL),(106,'192.168.0.200','playerVirtual5_4246147567','playerVirtual5','192.168.0.200','playerVirtual4','playerVirtual4_cbad820591',3,1,2,4096,40,'2018-03-16 00:29:44','2018-03-16 01:55:24'),(107,'192.168.0.200','playerVirtual6_539194189','playerVirtual6','192.168.0.200','playerVirtual5','playerVirtual5_599b87f4be',1,1,1,2048,20,'2018-03-16 00:30:28',NULL),(108,'192.168.0.200','playerVirtual0_4246147567','playerVirtual0','192.168.0.200','playerVirtual3','playerVirtual3_c5282f789f',3,1,2,4096,40,'2018-03-16 00:32:16','2018-03-16 01:55:57'),(109,'192.168.0.200','playerVirtual1_4246147567','playerVirtual1','192.168.0.200','playerVirtual7','playerVirtual7_5f0cfdc88f',3,1,2,4096,40,'2018-03-16 00:33:05','2018-03-16 02:13:01'),(110,'192.168.0.200','playerVirtual6_4246147567','playerVirtual6','192.168.0.200','playerVirtual5','playerVirtual5_667be01fb0',3,1,2,4096,40,'2018-03-16 00:35:16','2018-03-16 02:09:45'),(111,'192.168.0.200','playerVirtual3_6315250734','playerVirtual3','192.168.0.200','playerVirtual8','playerVirtual8_746b2f1fe2',1,1,1,512,1,'2018-03-16 00:38:17',NULL),(112,'192.168.0.200','playerVirtual4_4246147567','playerVirtual4','192.168.0.200','playerVirtual0','playerVirtual0_d3fa67d501',3,1,2,4096,40,'2018-03-16 00:40:50','2018-03-16 02:07:29'),(113,'192.168.0.200','playerVirtual2_5068098508','playerVirtual2','192.168.0.200','playerVirtual1','playerVirtual1_1d39b56669',3,1,1,2048,20,'2018-03-16 00:47:30','2018-03-16 01:49:08'),(114,'192.168.0.200','playerVirtual3_4246147567','playerVirtual3','192.168.0.200','playerVirtual6','playerVirtual6_f6a9e9a95c',3,1,2,4096,40,'2018-03-16 00:47:41','2018-03-16 02:03:03'),(115,'192.168.0.200','playerVirtual5_990694203','playerVirtual5','192.168.0.200','playerVirtual7','playerVirtual7_c39d5611cb',3,1,1,2048,20,'2018-03-16 00:53:07','2018-03-16 01:05:17'),(116,'192.168.0.200','playerVirtual7_2378747961','playerVirtual7','192.168.0.200','playerVirtual5','playerVirtual5_7684363d01',1,1,1,512,1,'2018-03-16 00:53:20',NULL),(117,'192.168.0.200','playerVirtual0_4246147567','playerVirtual0','192.168.0.200','playerVirtual4','playerVirtual4_bbe1906416',3,1,2,4096,40,'2018-03-16 00:55:41','2018-03-16 01:55:57'),(118,'192.168.0.200','playerVirtual8_6316827871','playerVirtual8','192.168.0.200','playerVirtual9','playerVirtual9_d413d7f0a6',1,1,1,512,1,'2018-03-16 00:56:37',NULL),(119,'192.168.0.200','playerVirtual1_4246147567','playerVirtual1','192.168.0.200','playerVirtual2','playerVirtual2_d7cf1aeddf',3,1,2,4096,40,'2018-03-16 00:56:43','2018-03-16 02:13:01'),(120,'192.168.0.200','playerVirtual7_1095593','playerVirtual7','192.168.0.200','playerVirtual8','playerVirtual8_0e1d8fadea',1,1,1,512,1,'2018-03-16 00:57:01',NULL),(121,'192.168.0.200','playerVirtual6_4246147567','playerVirtual6','192.168.0.200','playerVirtual7','playerVirtual7_ab825615f8',3,1,2,4096,40,'2018-03-16 00:59:35','2018-03-16 02:09:45'),(122,'192.168.0.200','playerVirtual2_4246147567','playerVirtual2','192.168.0.200','playerVirtual3','playerVirtual3_cfad643899',3,1,2,4096,40,'2018-03-16 00:59:59','2018-03-16 01:35:59'),(123,'192.168.0.200','playerVirtual8_4246147567','playerVirtual8','192.168.0.200','playerVirtual6','playerVirtual6_2a1052af9c',3,1,2,4096,40,'2018-03-16 01:00:16','2018-03-16 01:47:55'),(124,'192.168.0.200','playerVirtual4_4246147567','playerVirtual4','192.168.0.200','playerVirtual5','playerVirtual5_583b70f776',3,1,2,4096,40,'2018-03-16 01:04:55','2018-03-16 02:07:29'),(125,'192.168.0.200','playerVirtual5_4246147567','playerVirtual5','192.168.0.200','playerVirtual4','playerVirtual4_4cbd3768f3',3,1,2,4096,40,'2018-03-16 01:17:55','2018-03-16 01:55:24'),(126,'192.168.0.200','playerVirtual9_6322213339','playerVirtual9','192.168.0.200','playerVirtual8','playerVirtual8_d7f4d663a4',1,1,1,512,1,'2018-03-16 01:18:17',NULL),(127,'192.168.0.200','playerVirtual7_359920779','playerVirtual7','192.168.0.200','playerVirtual9','playerVirtual9_596384f54c',1,1,1,512,1,'2018-03-16 01:19:02',NULL),(128,'192.168.0.200','playerVirtual0_4246147567','playerVirtual0','192.168.0.200','playerVirtual1','playerVirtual1_3c7f6d5017',3,1,2,4096,40,'2018-03-16 01:19:43','2018-03-16 01:55:57'),(129,'192.168.0.200','playerVirtual1_4246147567','playerVirtual1','192.168.0.200','playerVirtual0','playerVirtual0_23c34e5aa0',3,1,2,4096,40,'2018-03-16 01:20:57','2018-03-16 02:13:01'),(130,'192.168.0.200','playerVirtual9_4246147567','playerVirtual9','192.168.0.200','playerVirtual7','playerVirtual7_df3201bbaa',3,1,2,4096,40,'2018-03-16 01:22:20','2018-03-16 01:45:48'),(131,'192.168.0.200','playerVirtual2_4246147567','playerVirtual2','192.168.0.200','playerVirtual3','playerVirtual3_904cbd0daf',3,1,2,4096,40,'2018-03-16 01:24:27','2018-03-16 01:35:59'),(132,'192.168.0.200','playerVirtual7_6335261139','playerVirtual7','192.168.0.200','playerVirtual6','playerVirtual6_50a19868b6',1,1,1,512,1,'2018-03-16 01:24:33',NULL),(133,'192.168.0.200','playerVirtual6_4246147567','playerVirtual6','192.168.0.200','playerVirtual8','playerVirtual8_b884d75f4c',3,1,2,4096,40,'2018-03-16 01:24:40','2018-03-16 02:09:45'),(134,'192.168.0.200','playerVirtual3_4246147567','playerVirtual3','192.168.0.200','playerVirtual5','playerVirtual5_3652824e4d',3,1,2,4096,40,'2018-03-16 01:26:58','2018-03-16 02:03:03'),(135,'192.168.0.200','playerVirtual8_4246147567','playerVirtual8','192.168.0.200','playerVirtual9','playerVirtual9_094dd873b3',3,1,2,4096,40,'2018-03-16 01:26:59','2018-03-16 01:47:55'),(136,'192.168.0.200','playerVirtual4_4246147567','playerVirtual4','192.168.0.200','playerVirtual7','playerVirtual7_fdaab0eb53',3,1,2,4096,40,'2018-03-16 01:29:48','2018-03-16 02:07:29'),(137,'192.168.0.200','playerVirtual5_4246147567','playerVirtual5','192.168.0.200','playerVirtual4','playerVirtual4_0ef5445ba0',3,1,2,4096,40,'2018-03-16 01:44:06','2018-03-16 01:55:24'),(138,'192.168.0.200','playerVirtual0_4246147567','playerVirtual0','192.168.0.200','playerVirtual2','playerVirtual2_10e60c2eff',3,1,2,4096,40,'2018-03-16 01:46:07','2018-03-16 01:55:57'),(139,'192.168.0.200','playerVirtual7_4246147567','playerVirtual7','192.168.0.200','playerVirtual6','playerVirtual6_d4df462dcf',3,1,2,4096,40,'2018-03-16 01:47:00','2018-03-16 01:52:32'),(140,'192.168.0.200','playerVirtual9_6344084916','playerVirtual9','192.168.0.200','playerVirtual8','playerVirtual8_b8fe469db9',1,1,1,512,1,'2018-03-16 01:50:58',NULL),(141,'192.168.0.200','playerVirtual6_4246147567','playerVirtual6','192.168.0.200','playerVirtual9','playerVirtual9_f5d64d277a',3,1,2,4096,40,'2018-03-16 01:51:46','2018-03-16 02:09:45'),(142,'192.168.0.200','playerVirtual3_4246147567','playerVirtual3','192.168.0.200','playerVirtual5','playerVirtual5_d31378f1f0',3,1,2,4096,40,'2018-03-16 01:53:37','2018-03-16 02:03:03'),(143,'192.168.0.200','playerVirtual8_4246147567','playerVirtual8','192.168.0.200','playerVirtual7','playerVirtual7_7bed7d674a',1,1,2,4096,40,'2018-03-16 01:54:46',NULL),(144,'192.168.0.200','playerVirtual4_4246147567','playerVirtual4','192.168.0.200','playerVirtual3','playerVirtual3_60e9488c0c',3,1,2,4096,40,'2018-03-16 01:56:40','2018-03-16 02:07:29'),(145,'192.168.0.200','playerVirtual1_4246147567','playerVirtual1','192.168.0.200','playerVirtual0','playerVirtual0_2f13afe3e5',3,1,2,4096,40,'2018-03-16 01:58:43','2018-03-16 02:13:01'),(146,'192.168.0.200','playerVirtual2_990694203','playerVirtual2','192.168.0.200','playerVirtual1','playerVirtual1_5499e740ea',1,1,1,2048,20,'2018-03-16 02:03:37',NULL),(147,'192.168.0.200','playerVirtual5_272887063','playerVirtual5','192.168.0.200','playerVirtual4','playerVirtual4_1bf5fdb3c6',1,1,1,2048,20,'2018-03-16 02:12:27',NULL),(148,'192.168.0.200','playerVirtual0_4246147567','playerVirtual0','192.168.0.200','playerVirtual2','playerVirtual2_8767723efe',1,1,2,4096,40,'2018-03-16 02:14:33',NULL),(149,'192.168.0.200','playerVirtual9_4246147567','playerVirtual9','192.168.0.200','playerVirtual6','playerVirtual6_583408cb22',1,1,2,4096,40,'2018-03-16 02:14:58',NULL);
/*!40000 ALTER TABLE `VM` ENABLE KEYS */;
UNLOCK TABLES;
/*!40103 SET TIME_ZONE=@OLD_TIME_ZONE */;

/*!40101 SET SQL_MODE=@OLD_SQL_MODE */;
/*!40014 SET FOREIGN_KEY_CHECKS=@OLD_FOREIGN_KEY_CHECKS */;
/*!40014 SET UNIQUE_CHECKS=@OLD_UNIQUE_CHECKS */;
/*!40101 SET CHARACTER_SET_CLIENT=@OLD_CHARACTER_SET_CLIENT */;
/*!40101 SET CHARACTER_SET_RESULTS=@OLD_CHARACTER_SET_RESULTS */;
/*!40101 SET COLLATION_CONNECTION=@OLD_COLLATION_CONNECTION */;
/*!40111 SET SQL_NOTES=@OLD_SQL_NOTES */;

-- Dump completed on 2018-03-15 23:15:15
