-- MySQL dump 10.14  Distrib 5.5.56-MariaDB, for Linux (x86_64)
--
-- Host: localhost    Database: mct
-- ------------------------------------------------------
-- Server version	5.5.56-MariaDB

/*!40101 SET @OLD_CHARACTER_SET_CLIENT=@@CHARACTER_SET_CLIENT */;
/*!40101 SET @OLD_CHARACTER_SET_RESULTS=@@CHARACTER_SET_RESULTS */;
/*!40101 SET @OLD_COLLATION_CONNECTION=@@COLLATION_CONNECTION */;
/*!40101 SET NAMES utf8 */;
/*!40103 SET @OLD_TIME_ZONE=@@TIME_ZONE */;
/*!40103 SET TIME_ZONE='+00:00' */;
/*!40014 SET @OLD_UNIQUE_CHECKS=@@UNIQUE_CHECKS, UNIQUE_CHECKS=0 */;
/*!40014 SET @OLD_FOREIGN_KEY_CHECKS=@@FOREIGN_KEY_CHECKS, FOREIGN_KEY_CHECKS=0 */;
/*!40101 SET @OLD_SQL_MODE=@@SQL_MODE, SQL_MODE='NO_AUTO_VALUE_ON_ZERO' */;
/*!40111 SET @OLD_SQL_NOTES=@@SQL_NOTES, SQL_NOTES=0 */;

--
-- Table structure for table `FIELDS`
--

DROP TABLE IF EXISTS `FIELDS`;
/*!40101 SET @saved_cs_client     = @@character_set_client */;
/*!40101 SET character_set_client = utf8 */;
CREATE TABLE `FIELDS` (
  `operation` int(11) NOT NULL,
  `fields` varchar(45) NOT NULL,
  PRIMARY KEY (`operation`)
) ENGINE=InnoDB DEFAULT CHARSET=utf8;
/*!40101 SET character_set_client = @saved_cs_client */;

--
-- Dumping data for table `FIELDS`
--

LOCK TABLES `FIELDS` WRITE;
/*!40000 ALTER TABLE `FIELDS` DISABLE KEYS */;
INSERT INTO `FIELDS` VALUES (0,'name mem image vcpus disk uuid');
/*!40000 ALTER TABLE `FIELDS` ENABLE KEYS */;
UNLOCK TABLES;

--
-- Table structure for table `PLAYER`
--

DROP TABLE IF EXISTS `PLAYER`;
/*!40101 SET @saved_cs_client     = @@character_set_client */;
/*!40101 SET character_set_client = utf8 */;
CREATE TABLE `PLAYER` (
  `id` int(11) NOT NULL AUTO_INCREMENT,
  `name` varchar(45) NOT NULL,
  `address` varchar(45) NOT NULL,
  `division` int(11) DEFAULT NULL,
  `score` float DEFAULT '0',
  `history` int(11) DEFAULT '0',
  `fairness` float DEFAULT '0',
  `accepts` int(11) DEFAULT '0',
  `rejects` int(11) DEFAULT '0',
  `running` int(11) DEFAULT '0',
  `finished` int(11) DEFAULT '0',
  `problem_del` int(11) DEFAULT '0',
  `vcpus` int(11) DEFAULT '0',
  `memory` bigint(20) DEFAULT '0',
  `local_gb` bigint(20) DEFAULT '0',
  `vcpus_used` bigint(20) DEFAULT '0',
  `memory_used` bigint(20) DEFAULT '0',
  `local_gb_used` bigint(20) DEFAULT '0',
  `max_instance` int(11) DEFAULT '0',
  `token` varchar(45) DEFAULT NULL,
  `suspend` timestamp NULL DEFAULT NULL,
  `enabled` int(11) DEFAULT '0',
  `last_choice` timestamp NOT NULL DEFAULT '2018-01-01 05:00:00',
  `playoff` tinyint(1) DEFAULT '0',
  PRIMARY KEY (`id`)
) ENGINE=InnoDB AUTO_INCREMENT=101 DEFAULT CHARSET=utf8;
/*!40101 SET character_set_client = @saved_cs_client */;

--
-- Dumping data for table `PLAYER`
--

LOCK TABLES `PLAYER` WRITE;
/*!40000 ALTER TABLE `PLAYER` DISABLE KEYS */;
INSERT INTO `PLAYER` VALUES (1,'playerVirtual0','192.168.0.200',2,2.66,50,0.25,5,0,2,3,0,1023,1047552,10230,2,2560,21,4,'887a6157ac5772ed2f1c8227e6a05f272075e0ec',NULL,1,'2018-02-09 14:21:25',0),(2,'playerVirtual2','192.168.0.200',2,3.98,50,0.142857,6,0,3,3,0,1023,1047552,10230,4,8192,80,4,'91bda0fb0002fa3bf4b733b58177eaf4707da815',NULL,1,'2018-02-09 14:55:07',0),(3,'playerVirtual5','192.168.0.200',2,4.65,50,0.285714,5,0,2,3,0,1023,1047552,10230,3,4608,41,6,'12707f9851eef7e41c0ce4498eca7ecd71aa2ee2',NULL,1,'2018-02-09 14:22:59',0),(4,'playerVirtual3','192.168.0.200',2,3.98,50,0.142857,6,0,3,3,0,1023,1047552,10230,4,8192,80,6,'8b0f606d2d09fec4cad2a0d75d32579a2bbb38d5',NULL,1,'2018-02-09 15:03:01',0),(5,'playerVirtual4','192.168.0.200',1,5.98,50,0.142857,4,0,1,3,0,1023,1047552,10230,1,512,1,6,'e6707f873472cb8306b0561f88cbbde618592b06',NULL,1,'2018-02-09 14:09:02',0),(6,'playerVirtual1','192.168.0.200',1,5.31,50,0.285714,4,0,2,2,0,1023,1047552,10230,3,4608,41,9,'a47cd904f6560e265c0903ebf6dc1c524abfa92e',NULL,1,'2018-02-09 13:55:10',0),(7,'playerVirtual6','192.168.0.200',2,3.32,50,0.428571,2,0,2,0,0,1023,1047552,10230,3,4608,41,2,'c161415cb6246126cacb652105286f2e109126f7',NULL,1,'2018-02-09 12:09:18',0),(8,'playerVirtual7','192.168.0.200',1,5.31,50,0.285714,4,0,3,1,0,1023,1047552,10230,5,10240,100,6,'8a4a6afc7d940bcd7287a86dc53c7a10e9fe48fb',NULL,1,'2018-02-09 14:04:55',0),(9,'playerVirtual8','192.168.0.200',3,1.33,50,0.333333,2,0,1,1,0,1023,1047552,10230,1,512,1,1,'92ebd7aebafb236bd335692862bdc11df534b9c4',NULL,1,'2018-02-09 13:49:58',0),(10,'playerVirtual9','192.168.0.200',1,5.31,50,0.571429,4,0,3,1,0,1023,1047552,10230,5,8704,81,5,'4f4f3a43fc00b00a5579817f3847bfff95a547b7',NULL,1,'2018-02-09 14:20:24',0),(11,'playerVirtual10','192.168.0.200',4,-2,0,1,0,2,0,0,0,1023,1047552,10230,0,0,0,99,'24d45091669da4a3b23f32af8da71a3d3535bd76',NULL,0,'2018-02-09 12:10:26',1),(12,'playerVirtual11','192.168.0.200',4,-1,0,1,1,1,1,0,0,1023,1047552,10230,1,2048,20,99,'5953c3bfb2f6fe3106af49b8459c94ef5cc4aca0',NULL,0,'2018-02-09 12:09:40',1),(13,'playerVirtual13','192.168.0.200',4,-1.67,0,0.75,1,3,1,0,0,1023,1047552,10230,1,512,1,99,'5f1e0dc1a432caf6eec8c24d84b0324fdfaf0416',NULL,0,'2018-02-09 12:22:37',1),(14,'playerVirtual12','192.168.0.200',4,-1,0,1,1,1,0,1,0,1023,1047552,10230,0,0,0,99,'9e2441ad4c16406dbaee1c2dc988f797b1b77c04',NULL,0,'2018-02-09 12:10:44',1),(15,'playerVirtual14','192.168.0.200',4,-1.01,0,0.75,1,3,1,0,0,1023,1047552,10230,2,4096,40,99,'e0e8e3132311211c13a3650da2cf898de0688eb8',NULL,0,'2018-02-09 12:22:39',1),(16,'playerVirtual15','192.168.0.200',3,0.32,42,0.375,2,3,1,1,0,1023,1047552,10230,2,4096,40,99,'20cab7e0ed7f4a72ebef81b43b75176217884eef',NULL,1,'2018-02-09 15:04:23',0),(17,'playerVirtual16','192.168.0.200',4,-2,0,1,0,2,0,0,0,1023,1047552,10230,0,0,0,99,'dd7764e2f3cee0e47577070e30ad3568f015b592',NULL,0,'2018-02-09 12:12:00',1),(18,'playerVirtual17','192.168.0.200',4,-2,0,0.5,0,2,0,0,0,1023,1047552,10230,0,0,0,99,'1f7c92810dcbb16c182cb017442cf35edd978bc3',NULL,0,'2018-02-09 12:11:59',1),(19,'playerVirtual19','192.168.0.200',4,-2,0,0.5,0,2,0,0,0,1023,1047552,10230,0,0,0,99,'23b7ccc335a5e741980665d0c7c175aead6e15e9',NULL,0,'2018-02-09 12:12:04',1),(20,'playerVirtual18','192.168.0.200',4,-2,0,1,0,2,0,0,0,1023,1047552,10230,0,0,0,99,'dc0a48f2e6abe59deacbdbf4c5069ba841eb4ca5',NULL,0,'2018-02-09 12:12:04',1),(21,'playerVirtual20','192.168.0.200',4,-2,0,0.5,0,2,0,0,0,1023,1047552,10230,0,0,0,99,'db8c5f5868215a42f0ba14929628ebf66a36de3d',NULL,0,'2018-02-09 12:12:15',1),(22,'playerVirtual21','192.168.0.200',4,-2,0,0,0,2,0,0,0,1023,1047552,10230,0,0,0,99,'0e89b0a21d9b3ed6ed06d764370c41fbb3373073',NULL,0,'2018-02-09 12:12:19',1),(23,'playerVirtual22','192.168.0.200',4,-1,0,1,1,1,1,0,0,1023,1047552,10230,1,2048,20,99,'5147017417837ede3ee3c17bcb3f6a2c361fbbb3',NULL,0,'2018-02-09 12:22:42',1),(24,'playerVirtual23','192.168.0.200',4,-1,0,0,0,1,0,0,0,1023,1047552,10230,0,0,0,99,'4757eccdb5b520a728d4f8eec63ae55277eb8c7f',NULL,0,'2018-02-09 12:15:23',1),(25,'playerVirtual24','192.168.0.200',4,-1,0,1,0,1,0,0,0,1023,1047552,10230,0,0,0,99,'ac348c2344174424933e77303a69153fe3ec3cf0',NULL,0,'2018-02-09 12:15:59',1),(26,'playerVirtual25','192.168.0.200',4,-1,0,0,0,1,0,0,0,1023,1047552,10230,0,0,0,99,'952190e655e8e89c0a949996ef9079847b57e2d2',NULL,0,'2018-02-09 12:16:00',1),(27,'playerVirtual27','192.168.0.200',4,-1,0,0,0,1,0,0,0,1023,1047552,10230,0,0,0,99,'08ee5ffbb9397c2373d597ce898d241cef840095',NULL,0,'2018-02-09 12:16:20',1),(28,'playerVirtual26','192.168.0.200',4,-1,0,0,0,1,0,0,0,1023,1047552,10230,0,0,0,99,'3f5a10821cba95210ef0e4305f18a45c17c734aa',NULL,0,'2018-02-09 12:17:02',1),(29,'playerVirtual28','192.168.0.200',4,-1,0,0,0,1,0,0,0,1023,1047552,10230,0,0,0,99,'17b6ace9849762006837ca23d7d7ba956e5214d0',NULL,0,'2018-02-09 12:19:18',1),(30,'playerVirtual30','192.168.0.200',4,-1,0,0,0,1,0,0,0,1023,1047552,10230,0,0,0,99,'a737360d965a5984ff7e9d3f636d1c2a9d3ef3bc',NULL,0,'2018-02-09 12:19:36',1),(31,'playerVirtual29','192.168.0.200',4,-1,0,0,0,1,0,0,0,1023,1047552,10230,0,0,0,99,'284bdef41ebca60a45c30f5560e2fc399e986fa3',NULL,0,'2018-02-09 12:19:53',1),(32,'playerVirtual31','192.168.0.200',4,-1,0,0,0,1,0,0,0,1023,1047552,10230,0,0,0,99,'aa9cc670d205ea2f2207afbe5c42e2dd86e4c24d',NULL,0,'2018-02-09 12:20:00',1),(33,'playerVirtual32','192.168.0.200',4,-1,0,0,0,1,0,0,0,1023,1047552,10230,0,0,0,99,'556791ed10d4c92a3116cdaa151ff3f8f457e03d',NULL,0,'2018-02-09 12:20:00',1),(34,'playerVirtual33','192.168.0.200',4,-1,0,0,0,1,0,0,0,1023,1047552,10230,0,0,0,99,'bdedd3afe07d535772ed32f3a5dfed0f1e8dc4de',NULL,0,'2018-02-09 12:20:12',1),(35,'playerVirtual34','192.168.0.200',4,-1,0,0,0,1,0,0,0,1023,1047552,10230,0,0,0,99,'36656529ef832e299cd0d0b5095fe6c802fd51d0',NULL,0,'2018-02-09 12:26:12',1),(36,'playerVirtual35','192.168.0.200',4,-1,0,0,0,1,0,0,0,1023,1047552,10230,0,0,0,99,'668464d8eb94dfc4ff79df640a6f5c2b81fe0b73',NULL,0,'2018-02-09 12:30:19',1),(37,'playerVirtual37','192.168.0.200',4,-1,0,0,0,1,0,0,0,1023,1047552,10230,0,0,0,99,'8af195c83867e0bd077155a8a6d9fb8b136538b0',NULL,0,'2018-02-09 12:31:23',1),(38,'playerVirtual36','192.168.0.200',4,-1,0,0,0,1,0,0,0,1023,1047552,10230,0,0,0,99,'bbc6a3c214239c0796600d4d32a58e7872103e9d',NULL,0,'2018-02-09 12:36:24',1),(39,'playerVirtual38','192.168.0.200',4,-1,0,0,0,1,0,0,0,1023,1047552,10230,0,0,0,99,'9743128e25cc7ce9df32b5018cb57738bad65056',NULL,0,'2018-02-09 12:38:22',1),(40,'playerVirtual39','192.168.0.200',4,-1,0,0,0,1,0,0,0,1023,1047552,10230,0,0,0,99,'32703e7c04c90ee3f976a995571b9fefaa65a98d',NULL,0,'2018-02-09 12:39:21',1),(41,'playerVirtual40','192.168.0.200',4,-1,0,0,0,1,0,0,0,1023,1047552,10230,0,0,0,99,'5b8c08bbacfae75ce09fdfcf8a928c3e0e93eb28',NULL,0,'2018-02-09 12:41:02',1),(42,'playerVirtual41','192.168.0.200',4,-1,0,0,0,1,0,0,0,1023,1047552,10230,0,0,0,99,'1823871863b366db0838af840fae5f5078af845d',NULL,0,'2018-02-09 12:41:05',1),(43,'playerVirtual42','192.168.0.200',4,-1,0,0,0,1,0,0,0,1023,1047552,10230,0,0,0,99,'40ffa2fac0bde9760ff40621cc5ea967025622df',NULL,0,'2018-02-09 12:41:56',1),(44,'playerVirtual43','192.168.0.200',4,-1,0,0,0,1,0,0,0,1023,1047552,10230,0,0,0,99,'b3cc7f5b63fec268c66751b143da1faf1a590eb2',NULL,0,'2018-02-09 12:42:56',1),(45,'playerVirtual44','192.168.0.200',4,-1,0,0,0,1,0,0,0,1023,1047552,10230,0,0,0,99,'e6b69013deb5e2a34c3c6c128a91453875170136',NULL,0,'2018-02-09 12:42:58',1),(46,'playerVirtual45','192.168.0.200',4,-1,0,0,0,1,0,0,0,1023,1047552,10230,0,0,0,99,'aedc61f5dba0c469e10f139e05d80be0c61c1ecf',NULL,0,'2018-02-09 12:44:39',1),(47,'playerVirtual46','192.168.0.200',4,-1,0,0,0,1,0,0,0,1023,1047552,10230,0,0,0,99,'1cc87ee86d23585bfe657e155062baaab590972c',NULL,0,'2018-02-09 12:44:44',1),(48,'playerVirtual48','192.168.0.200',4,-1,0,0,0,1,0,0,0,1023,1047552,10230,0,0,0,99,'ad0aa93de97f6b00cb09d485b359d24480a66cfe',NULL,0,'2018-02-09 12:44:57',1),(49,'playerVirtual47','192.168.0.200',4,-1,0,0,0,1,0,0,0,1023,1047552,10230,0,0,0,99,'3ad27f995d853e98dcbe1802edacc98d71b75830',NULL,0,'2018-02-09 12:45:07',1),(50,'playerVirtual49','192.168.0.200',4,-1,0,0,0,1,0,0,0,1023,1047552,10230,0,0,0,99,'65db6983d25084cbd89fc2cc4dacaee802148787',NULL,0,'2018-02-09 12:46:09',1),(51,'playerVirtual50','192.168.0.200',4,-1,0,0,0,1,0,0,0,1023,1047552,10230,0,0,0,99,'85139fbfa8a5323db2d978ec3273d89d492bdf0e',NULL,0,'2018-02-09 12:47:22',1),(52,'playerVirtual51','192.168.0.200',4,-1,0,0,0,1,0,0,0,1023,1047552,10230,0,0,0,99,'490bbbbfb963dabca5d29ba22154ee8a33a71d7b',NULL,0,'2018-02-09 12:49:49',1),(53,'playerVirtual52','192.168.0.200',4,-1,0,0,0,1,0,0,0,1023,1047552,10230,0,0,0,99,'23ea4d82fd44cee3b26cd8886fc46dc34bc83690',NULL,0,'2018-02-09 12:51:03',1),(54,'playerVirtual53','192.168.0.200',4,-1,0,0,0,1,0,0,0,1023,1047552,10230,0,0,0,99,'a5a0159cdc3c975cd5b8754606616d75ab7385ef',NULL,0,'2018-02-09 12:51:18',1),(55,'playerVirtual54','192.168.0.200',4,-1,0,0,0,1,0,0,0,1023,1047552,10230,0,0,0,99,'78d146062ed695b92ae5f33d939cfa5cf09963ee',NULL,0,'2018-02-09 12:51:31',1),(56,'playerVirtual55','192.168.0.200',4,-1,0,0,0,1,0,0,0,1023,1047552,10230,0,0,0,99,'8b58484259fbae88a06e08703e75d6cde3aaacd9',NULL,0,'2018-02-09 12:51:38',1),(57,'playerVirtual56','192.168.0.200',4,-1,0,0,0,1,0,0,0,1023,1047552,10230,0,0,0,99,'06654f8c2ef1a9aee0f30b3c1094a5b273586347',NULL,0,'2018-02-09 12:51:42',1),(58,'playerVirtual57','192.168.0.200',4,-1,0,0,0,1,0,0,0,1023,1047552,10230,0,0,0,99,'5c394563e13c3ea1cef416612b900a74e9be75ae',NULL,0,'2018-02-09 12:53:12',1),(59,'playerVirtual58','192.168.0.200',4,-1,0,0,0,1,0,0,0,1023,1047552,10230,0,0,0,99,'2b396d816192b79055ea18b4654018476e8c47bf',NULL,0,'2018-02-09 12:56:04',1),(60,'playerVirtual59','192.168.0.200',4,-1,0,0,0,1,0,0,0,1023,1047552,10230,0,0,0,99,'70e92f0517af397bb6f2bba42af47c836f5445fc',NULL,0,'2018-02-09 12:59:26',1),(61,'playerVirtual60','192.168.0.200',4,-1,0,0,0,1,0,0,0,1023,1047552,10230,0,0,0,99,'99e91b5a5dd3c6c10f6b03e02416ac88312b9f5c',NULL,0,'2018-02-09 12:59:41',1),(62,'playerVirtual61','192.168.0.200',4,-1,0,0,0,1,0,0,0,1023,1047552,10230,0,0,0,99,'88f6574cd675d9bbb80134a34f884f3bc7ce9e9c',NULL,0,'2018-02-09 12:59:55',1),(63,'playerVirtual63','192.168.0.200',4,-1,0,0,0,1,0,0,0,1023,1047552,10230,0,0,0,99,'1f586e9051c8781ebb2b352c35434630e66e3ddc',NULL,0,'2018-02-09 13:00:10',1),(64,'playerVirtual62','192.168.0.200',4,-1,0,0,0,1,0,0,0,1023,1047552,10230,0,0,0,99,'9a467e61753226ebeb817e1db227afc703fd3393',NULL,0,'2018-02-09 13:00:23',1),(65,'playerVirtual64','192.168.0.200',4,-1,0,0,0,1,0,0,0,1023,1047552,10230,0,0,0,99,'33f9760e9294c28d9ebd0e22bfffe817b5a26e62',NULL,0,'2018-02-09 13:00:37',1),(66,'playerVirtual65','192.168.0.200',4,-1,0,0,0,1,0,0,0,1023,1047552,10230,0,0,0,99,'dcb5979aea34de558575bc58e16fc3e4f7fd644e',NULL,0,'2018-02-09 13:01:41',1),(67,'playerVirtual67','192.168.0.200',4,-1,0,0,0,1,0,0,0,1023,1047552,10230,0,0,0,99,'33eb75df858e0d565f5d03be70f61a8154f6edf3',NULL,0,'2018-02-09 13:04:38',1),(68,'playerVirtual66','192.168.0.200',4,-1,0,0,0,1,0,0,0,1023,1047552,10230,0,0,0,99,'c189f88d21aeb48f2903efb63acabb88d5eb0dd5',NULL,0,'2018-02-09 13:04:52',1),(69,'playerVirtual68','192.168.0.200',4,-1,0,0,0,1,0,0,0,1023,1047552,10230,0,0,0,99,'dd03b9ce09ddfe016ee521cc71e11a4185933b20',NULL,0,'2018-02-09 13:06:38',1),(70,'playerVirtual69','192.168.0.200',4,-1,0,0,0,1,0,0,0,1023,1047552,10230,0,0,0,99,'f6408592f66c4e57ef0aee86a1bc378a6d8586f3',NULL,0,'2018-02-09 13:07:05',1),(71,'playerVirtual70','192.168.0.200',4,-1,0,0,0,1,0,0,0,1023,1047552,10230,0,0,0,99,'d1561c89a998c39f93ac53aaafc8cdbdb4de8af7',NULL,0,'2018-02-09 13:07:13',1),(72,'playerVirtual71','192.168.0.200',4,-1,0,0,0,1,0,0,0,1023,1047552,10230,0,0,0,99,'35784a22f5d8d41aea68c2cbd582e3474a6b7c2d',NULL,0,'2018-02-09 13:07:18',1),(73,'playerVirtual72','192.168.0.200',4,-1,0,0,0,1,0,0,0,1023,1047552,10230,0,0,0,99,'93fb343b8b1aed95efe7fc59da078ab89c150e0f',NULL,0,'2018-02-09 13:07:18',1),(74,'playerVirtual73','192.168.0.200',4,-1,0,0,0,1,0,0,0,1023,1047552,10230,0,0,0,99,'47fba080ee25556fdcc2db5f8a2030dbd993c7a3',NULL,0,'2018-02-09 13:07:30',1),(75,'playerVirtual74','192.168.0.200',4,-1,0,0,0,1,0,0,0,1023,1047552,10230,0,0,0,99,'03a2b43356c9cf75f7ba403836a42c63c8f74767',NULL,0,'2018-02-09 13:07:50',1),(76,'playerVirtual75','192.168.0.200',4,-1,0,0,0,1,0,0,0,1023,1047552,10230,0,0,0,99,'6fb2582d589883ba3dd45eb9b524e112e44ca706',NULL,0,'2018-02-09 13:12:07',1),(77,'playerVirtual76','192.168.0.200',4,-1,0,0,0,1,0,0,0,1023,1047552,10230,0,0,0,99,'ad509f02ce6428f9746935424f67f73549cea2d8',NULL,0,'2018-02-09 13:13:52',1),(78,'playerVirtual78','192.168.0.200',4,-1,0,0,0,1,0,0,0,1023,1047552,10230,0,0,0,99,'7f01ac8abdedad256d9a404250e299fcc77c2e61',NULL,0,'2018-02-09 13:13:56',1),(79,'playerVirtual80','192.168.0.200',4,-1,0,0,0,1,0,0,0,1023,1047552,10230,0,0,0,99,'2cdb369694f1d979fcb554404bc8dd572d1be578',NULL,0,'2018-02-09 13:14:08',1),(80,'playerVirtual77','192.168.0.200',4,-1,0,0,0,1,0,0,0,1023,1047552,10230,0,0,0,99,'341914a1e7adb000761cfe6a61efb710bcdab532',NULL,0,'2018-02-09 13:14:11',1),(81,'playerVirtual79','192.168.0.200',4,-1,0,0,0,1,0,0,0,1023,1047552,10230,0,0,0,99,'7a0900f11785117a2173ffb6badd60fab6992717',NULL,0,'2018-02-09 13:18:10',1),(82,'playerVirtual81','192.168.0.200',4,-1,0,0,0,1,0,0,0,1023,1047552,10230,0,0,0,99,'0363b61a6c5f753d2e0d01c2358ed32792c2f7d6',NULL,0,'2018-02-09 13:18:35',1),(83,'playerVirtual82','192.168.0.200',4,-1,0,0,0,1,0,0,0,1023,1047552,10230,0,0,0,99,'01e14b9782b05ca47ccaab6fcb352a7c2e1a996e',NULL,0,'2018-02-09 13:19:34',1),(84,'playerVirtual84','192.168.0.200',4,-1,0,0,0,1,0,0,0,1023,1047552,10230,0,0,0,99,'bc61e41f3600d13bc2615695707056332b1d8c0d',NULL,0,'2018-02-09 13:19:35',1),(85,'playerVirtual86','192.168.0.200',4,-1,0,0,0,1,0,0,0,1023,1047552,10230,0,0,0,99,'4c231b1c83aa4e70f1b7bf3572651ab68af47a72',NULL,0,'2018-02-09 13:19:36',1),(86,'playerVirtual83','192.168.0.200',4,-1,0,0,0,1,0,0,0,1023,1047552,10230,0,0,0,99,'e52e174cb80d1ecf7fc2351ac3f3838005ced103',NULL,0,'2018-02-09 13:19:56',1),(87,'playerVirtual87','192.168.0.200',4,-1,0,0,0,1,0,0,0,1023,1047552,10230,0,0,0,99,'925ffe820d61b4e6e64f12e087fbbb9be47fe0fa',NULL,0,'2018-02-09 13:20:18',1),(88,'playerVirtual85','192.168.0.200',4,-1,0,0,0,1,0,0,0,1023,1047552,10230,0,0,0,99,'e2bc5b314e3262884c9a685730f79b55292052e5',NULL,0,'2018-02-09 13:21:28',1),(89,'playerVirtual88','192.168.0.200',4,-1,0,0,0,1,0,0,0,1023,1047552,10230,0,0,0,99,'3ee247973e3e79c36a54603f8a8106e47e0e729f',NULL,0,'2018-02-09 13:21:56',1),(90,'playerVirtual90','192.168.0.200',4,-2,0,0,0,2,0,0,0,1023,1047552,10230,0,0,0,99,'91c29f7a268e89042a574805782ad6a8b9a20c28',NULL,0,'2018-02-09 13:54:03',1),(91,'playerVirtual92','192.168.0.200',4,-2,0,0,0,2,0,0,0,1023,1047552,10230,0,0,0,99,'fa2a7f6552d397f6a453f6cdc4e5d4e9658efd2a',NULL,0,'2018-02-09 13:56:38',1),(92,'playerVirtual89','192.168.0.200',4,-2,0,0,0,2,0,0,0,1023,1047552,10230,0,0,0,99,'d8e04e0268c49a2ae1fc7373343c9f6013825309',NULL,0,'2018-02-09 13:56:44',1),(93,'playerVirtual93','192.168.0.200',4,-2,0,1,0,2,0,0,0,1023,1047552,10230,0,0,0,99,'2127ef8ad101d2d8d9de125a740ec74bf2b9995d',NULL,0,'2018-02-09 13:58:03',1),(94,'playerVirtual91','192.168.0.200',4,-2,0,0,0,2,0,0,0,1023,1047552,10230,0,0,0,99,'39b3bd35a00e720d9c6d1628fdd60a193b324051',NULL,0,'2018-02-09 13:58:06',1),(95,'playerVirtual95','192.168.0.200',3,0.99,26,0,1,1,0,1,0,1023,1047552,10230,0,0,0,99,'2724ae80782aca1679c6193620e69e9f9b201bf1',NULL,1,'2018-02-09 13:58:21',0),(96,'playerVirtual98','192.168.0.200',4,-1,0,0,1,1,0,1,0,1023,1047552,10230,0,0,0,99,'74d98f6547688cfef22a6041d3bc5d0db5258303',NULL,0,'2018-02-09 13:58:32',1),(97,'playerVirtual99','192.168.0.200',4,-1,0,0,0,1,0,0,0,1023,1047552,10230,0,0,0,99,'fc5f38e3abc3a54739122fe36a90a71de52375e8',NULL,0,'2018-02-09 13:37:02',1),(98,'playerVirtual94','192.168.0.200',4,-2,0,0,0,2,0,0,0,1023,1047552,10230,0,0,0,99,'83940a5c710fdfb49427c58e3986160e488b590b',NULL,0,'2018-02-09 14:04:31',1),(99,'playerVirtual96','192.168.0.200',4,-2,0,0,0,2,0,0,0,1023,1047552,10230,0,0,0,99,'8084a8959ab7e9b95dbf7b29d5cab81bf7eb781c',NULL,0,'2018-02-09 14:08:44',1),(100,'playerVirtual97','192.168.0.200',4,-1,0,1,0,1,0,0,0,1023,1047552,10230,0,0,0,99,'f46cf075ab69583988185045fc455bffb6ecb687',NULL,0,'2018-02-09 13:49:56',1);
/*!40000 ALTER TABLE `PLAYER` ENABLE KEYS */;
UNLOCK TABLES;

--
-- Table structure for table `REQUEST`
--

DROP TABLE IF EXISTS `REQUEST`;
/*!40101 SET @saved_cs_client     = @@character_set_client */;
/*!40101 SET character_set_client = utf8 */;
CREATE TABLE `REQUEST` (
  `id` int(11) NOT NULL AUTO_INCREMENT,
  `player_id` varchar(45) NOT NULL,
  `request_id` varchar(45) NOT NULL,
  `action` int(11) NOT NULL,
  `timestamp_received` timestamp NULL DEFAULT NULL,
  `timestamp_finished` timestamp NULL DEFAULT NULL,
  `status` int(11) NOT NULL,
  PRIMARY KEY (`id`)
) ENGINE=InnoDB AUTO_INCREMENT=683 DEFAULT CHARSET=utf8;
/*!40101 SET character_set_client = @saved_cs_client */;

--
-- Dumping data for table `REQUEST`
--

LOCK TABLES `REQUEST` WRITE;
/*!40000 ALTER TABLE `REQUEST` DISABLE KEYS */;
INSERT INTO `REQUEST` VALUES (1,'playerVirtual9','playerVirtual9_6aecf50a3e',4,'2018-02-09 12:02:52',NULL,0),(2,'playerVirtual13','playerVirtual13_b7399bad34',4,'2018-02-09 12:03:08',NULL,0),(3,'playerVirtual11','playerVirtual11_4d84474477',4,'2018-02-09 12:03:08',NULL,0),(4,'playerVirtual12','playerVirtual12_5a00a8188d',4,'2018-02-09 12:03:08',NULL,0),(5,'playerVirtual14','playerVirtual14_efdda8b219',4,'2018-02-09 12:03:08',NULL,0),(6,'playerVirtual15','playerVirtual15_4a22df82d3',4,'2018-02-09 12:03:08',NULL,0),(7,'playerVirtual0','playerVirtual0_1a7f69d7ad',4,'2018-02-09 12:03:52',NULL,0),(8,'playerVirtual2','playerVirtual2_96ba2d4a71',4,'2018-02-09 12:03:52',NULL,0),(9,'playerVirtual5','playerVirtual5_05864ec2cc',4,'2018-02-09 12:03:52',NULL,0),(10,'playerVirtual3','playerVirtual3_55708a28b7',4,'2018-02-09 12:03:52',NULL,0),(11,'playerVirtual4','playerVirtual4_8581052b7a',4,'2018-02-09 12:03:52',NULL,0),(12,'playerVirtual1','playerVirtual1_7da9dcafb0',4,'2018-02-09 12:03:52',NULL,0),(13,'playerVirtual6','playerVirtual6_b1bb385c82',4,'2018-02-09 12:03:52',NULL,0),(14,'playerVirtual7','playerVirtual7_af0835bded',4,'2018-02-09 12:03:52',NULL,0),(15,'playerVirtual8','playerVirtual8_1cfa9170e4',4,'2018-02-09 12:03:52',NULL,0),(16,'playerVirtual9','playerVirtual9_450512000',0,'2018-02-09 12:03:53',NULL,0),(17,'playerVirtual9','playerVirtual9_450512000',0,'2018-02-09 12:03:53',NULL,0),(18,'playerVirtual10','playerVirtual10_6cb76ade88',4,'2018-02-09 12:04:08',NULL,0),(19,'playerVirtual13','playerVirtual13_1438244924',0,'2018-02-09 12:04:11',NULL,0),(20,'playerVirtual13','playerVirtual13_1438244924',0,'2018-02-09 12:04:11',NULL,0),(21,'playerVirtual11','playerVirtual11_640692267',0,'2018-02-09 12:04:14',NULL,0),(22,'playerVirtual11','playerVirtual11_640692267',0,'2018-02-09 12:04:14',NULL,0),(23,'playerVirtual12','playerVirtual12_2381571381',0,'2018-02-09 12:04:15',NULL,0),(24,'playerVirtual12','playerVirtual12_2381571381',0,'2018-02-09 12:04:15',NULL,0),(25,'playerVirtual14','playerVirtual14_5297461910',0,'2018-02-09 12:04:16',NULL,0),(26,'playerVirtual14','playerVirtual14_5297461910',0,'2018-02-09 12:04:16',NULL,0),(27,'playerVirtual15','playerVirtual15_2790332778',0,'2018-02-09 12:04:19',NULL,0),(28,'playerVirtual15','playerVirtual15_2790332778',0,'2018-02-09 12:04:19',NULL,0),(29,'playerVirtual9','playerVirtual9_20db0001e6',3,'2018-02-09 12:04:53',NULL,0),(30,'playerVirtual2','playerVirtual2_369721705',0,'2018-02-09 12:05:04',NULL,0),(31,'playerVirtual0','playerVirtual0_317469422',0,'2018-02-09 12:05:04',NULL,0),(32,'playerVirtual2','playerVirtual2_369721705',0,'2018-02-09 12:05:04',NULL,0),(33,'playerVirtual0','playerVirtual0_317469422',0,'2018-02-09 12:05:04',NULL,0),(34,'playerVirtual5','playerVirtual5_6955737',0,'2018-02-09 12:05:04',NULL,0),(35,'playerVirtual5','playerVirtual5_6955737',0,'2018-02-09 12:05:04',NULL,0),(36,'playerVirtual3','playerVirtual3_257338104',0,'2018-02-09 12:05:05',NULL,0),(37,'playerVirtual3','playerVirtual3_257338104',0,'2018-02-09 12:05:05',NULL,0),(38,'playerVirtual4','playerVirtual4_3584940347',0,'2018-02-09 12:05:05',NULL,0),(39,'playerVirtual1','playerVirtual1_2433236783',0,'2018-02-09 12:05:05',NULL,0),(40,'playerVirtual4','playerVirtual4_3584940347',0,'2018-02-09 12:05:05',NULL,0),(41,'playerVirtual1','playerVirtual1_2433236783',0,'2018-02-09 12:05:05',NULL,0),(42,'playerVirtual6','playerVirtual6_3338579772',0,'2018-02-09 12:05:06',NULL,0),(43,'playerVirtual7','playerVirtual7_257407216',0,'2018-02-09 12:05:06',NULL,0),(44,'playerVirtual6','playerVirtual6_3338579772',0,'2018-02-09 12:05:06',NULL,0),(45,'playerVirtual7','playerVirtual7_257407216',0,'2018-02-09 12:05:06',NULL,0),(46,'playerVirtual13','playerVirtual13_cb96956f65',3,'2018-02-09 12:05:11',NULL,0),(47,'playerVirtual8','playerVirtual8_182859403',0,'2018-02-09 12:05:13',NULL,0),(48,'playerVirtual8','playerVirtual8_182859403',0,'2018-02-09 12:05:13',NULL,0),(49,'playerVirtual11','playerVirtual11_14ae85dfe2',3,'2018-02-09 12:05:14',NULL,0),(50,'playerVirtual12','playerVirtual12_ab60e4bef6',3,'2018-02-09 12:05:15',NULL,0),(51,'playerVirtual14','playerVirtual14_4e9566c679',3,'2018-02-09 12:05:16',NULL,0),(52,'playerVirtual15','playerVirtual15_bac91a0793',3,'2018-02-09 12:05:19',NULL,0),(53,'playerVirtual10','playerVirtual10_2359368952',0,'2018-02-09 12:05:32',NULL,0),(54,'playerVirtual10','playerVirtual10_2359368952',0,'2018-02-09 12:05:32',NULL,0),(55,'playerVirtual2','playerVirtual2_ea78327bd7',3,'2018-02-09 12:06:04',NULL,0),(56,'playerVirtual0','playerVirtual0_9acfea774f',3,'2018-02-09 12:06:04',NULL,0),(57,'playerVirtual5','playerVirtual5_f5abf923dc',3,'2018-02-09 12:06:04',NULL,0),(58,'playerVirtual3','playerVirtual3_337912e44f',3,'2018-02-09 12:06:05',NULL,0),(59,'playerVirtual4','playerVirtual4_3089faed9f',3,'2018-02-09 12:06:05',NULL,0),(60,'playerVirtual1','playerVirtual1_2585fa4f07',3,'2018-02-09 12:06:05',NULL,0),(61,'playerVirtual7','playerVirtual7_72a523cdeb',3,'2018-02-09 12:06:06',NULL,0),(62,'playerVirtual6','playerVirtual6_72a523cdeb',3,'2018-02-09 12:06:06',NULL,0),(63,'playerVirtual8','playerVirtual8_64f1d521aa',3,'2018-02-09 12:06:13',NULL,0),(64,'playerVirtual9','playerVirtual9_16917741',0,'2018-02-09 12:06:19',NULL,0),(65,'playerVirtual9','playerVirtual9_16917741',0,'2018-02-09 12:06:19',NULL,0),(66,'playerVirtual10','playerVirtual10_a703f79cb0',3,'2018-02-09 12:06:32',NULL,0),(67,'playerVirtual13','playerVirtual13_2545640208',0,'2018-02-09 12:06:44',NULL,0),(68,'playerVirtual13','playerVirtual13_2545640208',0,'2018-02-09 12:06:44',NULL,0),(69,'playerVirtual11','playerVirtual11_908315',0,'2018-02-09 12:06:45',NULL,0),(70,'playerVirtual11','playerVirtual11_908315',0,'2018-02-09 12:06:45',NULL,0),(71,'playerVirtual12','playerVirtual12_539194189',0,'2018-02-09 12:06:53',NULL,0),(72,'playerVirtual12','playerVirtual12_539194189',0,'2018-02-09 12:06:53',NULL,0),(73,'playerVirtual9','playerVirtual9_88fbc4e3ea',4,'2018-02-09 12:07:19',NULL,0),(74,'playerVirtual14','playerVirtual14_4820204870',0,'2018-02-09 12:07:34',NULL,0),(75,'playerVirtual14','playerVirtual14_4820204870',0,'2018-02-09 12:07:34',NULL,0),(76,'playerVirtual13','playerVirtual13_5624f6bf57',4,'2018-02-09 12:07:44',NULL,0),(77,'playerVirtual11','playerVirtual11_5172ad2761',4,'2018-02-09 12:07:45',NULL,0),(78,'playerVirtual12','playerVirtual12_91b402002f',4,'2018-02-09 12:07:53',NULL,0),(79,'playerVirtual17','playerVirtual17_d23eb18e6a',4,'2018-02-09 12:08:08',NULL,0),(80,'playerVirtual19','playerVirtual19_bc8a698f6d',4,'2018-02-09 12:08:08',NULL,0),(81,'playerVirtual20','playerVirtual20_749cff5651',4,'2018-02-09 12:08:08',NULL,0),(82,'playerVirtual15','playerVirtual15_8058564',0,'2018-02-09 12:08:24',NULL,0),(83,'playerVirtual15','playerVirtual15_8058564',0,'2018-02-09 12:08:24',NULL,0),(84,'playerVirtual14','playerVirtual14_0fc2322533',4,'2018-02-09 12:08:34',NULL,0),(85,'playerVirtual16','playerVirtual16_b661f517f9',4,'2018-02-09 12:09:08',NULL,0),(86,'playerVirtual18','playerVirtual18_5a841af7de',4,'2018-02-09 12:09:08',NULL,0),(87,'playerVirtual21','playerVirtual21_ab2cc7040e',4,'2018-02-09 12:09:08',NULL,0),(88,'playerVirtual0','playerVirtual0_1429160667',0,'2018-02-09 12:09:09',NULL,0),(89,'playerVirtual0','playerVirtual0_1429160667',0,'2018-02-09 12:09:09',NULL,0),(90,'playerVirtual2','playerVirtual2_3338010893',0,'2018-02-09 12:09:10',NULL,0),(91,'playerVirtual2','playerVirtual2_3338010893',0,'2018-02-09 12:09:10',NULL,0),(92,'playerVirtual5','playerVirtual5_82730999',0,'2018-02-09 12:09:14',NULL,0),(93,'playerVirtual5','playerVirtual5_82730999',0,'2018-02-09 12:09:14',NULL,0),(94,'playerVirtual3','playerVirtual3_351652724',0,'2018-02-09 12:09:16',NULL,0),(95,'playerVirtual3','playerVirtual3_351652724',0,'2018-02-09 12:09:16',NULL,0),(96,'playerVirtual4','playerVirtual4_6571218',0,'2018-02-09 12:09:16',NULL,0),(97,'playerVirtual4','playerVirtual4_6571218',0,'2018-02-09 12:09:16',NULL,0),(98,'playerVirtual1','playerVirtual1_778566023',0,'2018-02-09 12:09:18',NULL,0),(99,'playerVirtual1','playerVirtual1_778566023',0,'2018-02-09 12:09:18',NULL,0),(100,'playerVirtual7','playerVirtual7_1436344784',0,'2018-02-09 12:09:22',NULL,0),(101,'playerVirtual7','playerVirtual7_1436344784',0,'2018-02-09 12:09:23',NULL,0),(102,'playerVirtual6','playerVirtual6_1339662',0,'2018-02-09 12:09:23',NULL,0),(103,'playerVirtual6','playerVirtual6_1339662',0,'2018-02-09 12:09:24',NULL,0),(104,'playerVirtual15','playerVirtual15_ff49416025',4,'2018-02-09 12:09:25',NULL,0),(105,'playerVirtual8','playerVirtual8_317497342',0,'2018-02-09 12:09:25',NULL,0),(106,'playerVirtual8','playerVirtual8_317497342',0,'2018-02-09 12:09:25',NULL,0),(107,'playerVirtual10','playerVirtual10_284794223',0,'2018-02-09 12:09:40',NULL,0),(108,'playerVirtual10','playerVirtual10_284794223',0,'2018-02-09 12:09:40',NULL,0),(109,'playerVirtual0','playerVirtual0_2b3db67a41',4,'2018-02-09 12:10:09',NULL,0),(110,'playerVirtual2','playerVirtual2_38ff7abb1f',4,'2018-02-09 12:10:10',NULL,0),(111,'playerVirtual5','playerVirtual5_471b09ce90',4,'2018-02-09 12:10:14',NULL,0),(112,'playerVirtual3','playerVirtual3_a075a6ce21',4,'2018-02-09 12:10:16',NULL,0),(113,'playerVirtual4','playerVirtual4_8eb3691ca7',4,'2018-02-09 12:10:16',NULL,0),(114,'playerVirtual1','playerVirtual1_dfbc4d6ccf',4,'2018-02-09 12:10:18',NULL,0),(115,'playerVirtual7','playerVirtual7_f8fd850985',4,'2018-02-09 12:10:23',NULL,0),(116,'playerVirtual6','playerVirtual6_062ac6995e',4,'2018-02-09 12:10:24',NULL,0),(117,'playerVirtual8','playerVirtual8_59ddd8c70f',4,'2018-02-09 12:10:25',NULL,0),(118,'playerVirtual9','playerVirtual9_359920779',0,'2018-02-09 12:10:26',NULL,0),(119,'playerVirtual9','playerVirtual9_359920779',0,'2018-02-09 12:10:26',NULL,0),(120,'playerVirtual10','playerVirtual10_736ee7f970',4,'2018-02-09 12:10:40',NULL,0),(121,'playerVirtual13','playerVirtual13_904011',0,'2018-02-09 12:10:44',NULL,0),(122,'playerVirtual13','playerVirtual13_904011',0,'2018-02-09 12:10:44',NULL,0),(123,'playerVirtual11','playerVirtual11_2904109077',0,'2018-02-09 12:10:48',NULL,0),(124,'playerVirtual11','playerVirtual11_2904109077',0,'2018-02-09 12:10:48',NULL,0),(125,'playerVirtual12','playerVirtual12_257338074',0,'2018-02-09 12:10:49',NULL,0),(126,'playerVirtual12','playerVirtual12_257338074',0,'2018-02-09 12:10:49',NULL,0),(127,'playerVirtual14','playerVirtual14_470485660',0,'2018-02-09 12:10:53',NULL,0),(128,'playerVirtual14','playerVirtual14_470485660',0,'2018-02-09 12:10:53',NULL,0),(129,'playerVirtual15','playerVirtual15_400453824',0,'2018-02-09 12:11:07',NULL,0),(130,'playerVirtual15','playerVirtual15_400453824',0,'2018-02-09 12:11:07',NULL,0),(131,'playerVirtual9','playerVirtual9_2dbc15c947',3,'2018-02-09 12:11:26',NULL,0),(132,'playerVirtual20','playerVirtual20_905614',0,'2018-02-09 12:11:41',NULL,0),(133,'playerVirtual20','playerVirtual20_905614',0,'2018-02-09 12:11:42',NULL,0),(134,'playerVirtual19','playerVirtual19_1093460',0,'2018-02-09 12:11:43',NULL,0),(135,'playerVirtual19','playerVirtual19_1093460',0,'2018-02-09 12:11:43',NULL,0),(136,'playerVirtual13','playerVirtual13_7d459e26ce',3,'2018-02-09 12:11:44',NULL,0),(137,'playerVirtual17','playerVirtual17_6569547',0,'2018-02-09 12:11:44',NULL,0),(138,'playerVirtual17','playerVirtual17_6569547',0,'2018-02-09 12:11:44',NULL,0),(139,'playerVirtual11','playerVirtual11_64840b4433',3,'2018-02-09 12:11:48',NULL,0),(140,'playerVirtual12','playerVirtual12_5544705f36',3,'2018-02-09 12:11:49',NULL,0),(141,'playerVirtual14','playerVirtual14_fda7b714a4',3,'2018-02-09 12:11:53',NULL,0),(142,'playerVirtual0','playerVirtual0_4820318661',0,'2018-02-09 12:11:59',NULL,0),(143,'playerVirtual0','playerVirtual0_4820318661',0,'2018-02-09 12:11:59',NULL,0),(144,'playerVirtual2','playerVirtual2_4819935267',0,'2018-02-09 12:12:00',NULL,0),(145,'playerVirtual2','playerVirtual2_4819935267',0,'2018-02-09 12:12:00',NULL,0),(146,'playerVirtual5','playerVirtual5_4820217293',0,'2018-02-09 12:12:03',NULL,0),(147,'playerVirtual5','playerVirtual5_4820217293',0,'2018-02-09 12:12:04',NULL,0),(148,'playerVirtual3','playerVirtual3_6264344062',0,'2018-02-09 12:12:04',NULL,0),(149,'playerVirtual3','playerVirtual3_6264344062',0,'2018-02-09 12:12:04',NULL,0),(150,'playerVirtual15','playerVirtual15_fe8c5ae239',3,'2018-02-09 12:12:07',NULL,0),(151,'playerVirtual4','playerVirtual4_2378747961',0,'2018-02-09 12:12:15',NULL,0),(152,'playerVirtual4','playerVirtual4_2378747961',0,'2018-02-09 12:12:15',NULL,0),(153,'playerVirtual1','playerVirtual1_5068098508',0,'2018-02-09 12:12:19',NULL,0),(154,'playerVirtual1','playerVirtual1_5068098508',0,'2018-02-09 12:12:19',NULL,0),(155,'playerVirtual20','playerVirtual20_19eda76f38',3,'2018-02-09 12:12:42',NULL,0),(156,'playerVirtual19','playerVirtual19_78ce0389b3',3,'2018-02-09 12:12:43',NULL,0),(157,'playerVirtual17','playerVirtual17_70a765081b',3,'2018-02-09 12:12:44',NULL,0),(158,'playerVirtual16','playerVirtual16_30788568',0,'2018-02-09 12:12:47',NULL,0),(159,'playerVirtual16','playerVirtual16_30788568',0,'2018-02-09 12:12:47',NULL,0),(160,'playerVirtual18','playerVirtual18_5792765',0,'2018-02-09 12:12:48',NULL,0),(161,'playerVirtual18','playerVirtual18_5792765',0,'2018-02-09 12:12:49',NULL,0),(162,'playerVirtual21','playerVirtual21_38671842',0,'2018-02-09 12:12:56',NULL,0),(163,'playerVirtual21','playerVirtual21_38671842',0,'2018-02-09 12:12:56',NULL,0),(164,'playerVirtual0','playerVirtual0_4630ce96d1',3,'2018-02-09 12:12:59',NULL,0),(165,'playerVirtual2','playerVirtual2_d0db648f21',3,'2018-02-09 12:13:00',NULL,0),(166,'playerVirtual5','playerVirtual5_359fafcaee',3,'2018-02-09 12:13:04',NULL,0),(167,'playerVirtual3','playerVirtual3_328a12fed4',3,'2018-02-09 12:13:05',NULL,0),(168,'playerVirtual4','playerVirtual4_bc54636777',3,'2018-02-09 12:13:15',NULL,0),(169,'playerVirtual1','playerVirtual1_370ffd1660',3,'2018-02-09 12:13:19',NULL,0),(170,'playerVirtual7','playerVirtual7_227443932',0,'2018-02-09 12:13:34',NULL,0),(171,'playerVirtual6','playerVirtual6_1095593',0,'2018-02-09 12:13:34',NULL,0),(172,'playerVirtual7','playerVirtual7_227443932',0,'2018-02-09 12:13:34',NULL,0),(173,'playerVirtual6','playerVirtual6_1095593',0,'2018-02-09 12:13:34',NULL,0),(174,'playerVirtual8','playerVirtual8_2148750930',0,'2018-02-09 12:13:45',NULL,0),(175,'playerVirtual8','playerVirtual8_2148750930',0,'2018-02-09 12:13:45',NULL,0),(176,'playerVirtual16','playerVirtual16_d403e262a2',3,'2018-02-09 12:13:47',NULL,0),(177,'playerVirtual18','playerVirtual18_8dd3ae27b2',3,'2018-02-09 12:13:49',NULL,0),(178,'playerVirtual21','playerVirtual21_b24b25e21c',3,'2018-02-09 12:13:56',NULL,0),(179,'playerVirtual22','playerVirtual22_119ceff078',4,'2018-02-09 12:14:12',NULL,0),(180,'playerVirtual23','playerVirtual23_360ee5ff32',4,'2018-02-09 12:14:12',NULL,0),(181,'playerVirtual24','playerVirtual24_03e7861899',4,'2018-02-09 12:14:12',NULL,0),(182,'playerVirtual25','playerVirtual25_7d1d9b3595',4,'2018-02-09 12:14:12',NULL,0),(183,'playerVirtual27','playerVirtual27_578483d209',4,'2018-02-09 12:14:12',NULL,0),(184,'playerVirtual26','playerVirtual26_cba4c8e5be',4,'2018-02-09 12:14:12',NULL,0),(185,'playerVirtual7','playerVirtual7_d3436f7d59',3,'2018-02-09 12:14:34',NULL,0),(186,'playerVirtual6','playerVirtual6_7e5edab176',3,'2018-02-09 12:14:34',NULL,0),(187,'playerVirtual8','playerVirtual8_85d927786c',3,'2018-02-09 12:14:45',NULL,0),(188,'playerVirtual9','playerVirtual9_563574327',0,'2018-02-09 12:14:55',NULL,0),(189,'playerVirtual9','playerVirtual9_563574327',0,'2018-02-09 12:14:55',NULL,0),(190,'playerVirtual13','playerVirtual13_765651',0,'2018-02-09 12:15:23',NULL,0),(191,'playerVirtual13','playerVirtual13_765651',0,'2018-02-09 12:15:23',NULL,0),(192,'playerVirtual9','playerVirtual9_81a90f81d3',4,'2018-02-09 12:15:55',NULL,0),(193,'playerVirtual20','playerVirtual20_6274355716',0,'2018-02-09 12:15:59',NULL,0),(194,'playerVirtual20','playerVirtual20_6274355716',0,'2018-02-09 12:15:59',NULL,0),(195,'playerVirtual19','playerVirtual19_38676294',0,'2018-02-09 12:16:00',NULL,0),(196,'playerVirtual19','playerVirtual19_38676294',0,'2018-02-09 12:16:00',NULL,0),(197,'playerVirtual14','playerVirtual14_284757920',0,'2018-02-09 12:16:20',NULL,0),(198,'playerVirtual14','playerVirtual14_284757920',0,'2018-02-09 12:16:20',NULL,0),(199,'playerVirtual13','playerVirtual13_f319484a6d',4,'2018-02-09 12:16:23',NULL,0),(200,'playerVirtual20','playerVirtual20_9a4aac3668',4,'2018-02-09 12:16:59',NULL,0),(201,'playerVirtual19','playerVirtual19_999573c5ea',4,'2018-02-09 12:17:00',NULL,0),(202,'playerVirtual17','playerVirtual17_182859403',0,'2018-02-09 12:17:02',NULL,0),(203,'playerVirtual17','playerVirtual17_182859403',0,'2018-02-09 12:17:02',NULL,0),(204,'playerVirtual15','playerVirtual15_272887063',0,'2018-02-09 12:17:12',NULL,0),(205,'playerVirtual15','playerVirtual15_272887063',0,'2018-02-09 12:17:12',NULL,0),(206,'playerVirtual14','playerVirtual14_b63f3b443f',4,'2018-02-09 12:17:20',NULL,0),(207,'playerVirtual33','playerVirtual33_6378c2daad',4,'2018-02-09 12:18:11',NULL,0),(208,'playerVirtual15','playerVirtual15_91cb3280b7',4,'2018-02-09 12:18:12',NULL,0),(209,'playerVirtual8','playerVirtual8_93c99f0734',4,'2018-02-09 12:18:33',NULL,0),(210,'playerVirtual28','playerVirtual28_16fc4cb473',4,'2018-02-09 12:19:11',NULL,0),(211,'playerVirtual30','playerVirtual30_b3dae4f319',4,'2018-02-09 12:19:11',NULL,0),(212,'playerVirtual29','playerVirtual29_9b9efa4c55',4,'2018-02-09 12:19:11',NULL,0),(213,'playerVirtual31','playerVirtual31_21a4748324',4,'2018-02-09 12:19:11',NULL,0),(214,'playerVirtual32','playerVirtual32_df20b38815',4,'2018-02-09 12:19:12',NULL,0),(215,'playerVirtual0','playerVirtual0_4820204870',0,'2018-02-09 12:19:18',NULL,0),(216,'playerVirtual0','playerVirtual0_4820204870',0,'2018-02-09 12:19:18',NULL,0),(217,'playerVirtual2','playerVirtual2_990694203',0,'2018-02-09 12:19:36',NULL,0),(218,'playerVirtual2','playerVirtual2_990694203',0,'2018-02-09 12:19:36',NULL,0),(219,'playerVirtual5','playerVirtual5_990694203',0,'2018-02-09 12:19:53',NULL,0),(220,'playerVirtual5','playerVirtual5_990694203',0,'2018-02-09 12:19:53',NULL,0),(221,'playerVirtual3','playerVirtual3_6280638724',0,'2018-02-09 12:20:00',NULL,0),(222,'playerVirtual3','playerVirtual3_6280638724',0,'2018-02-09 12:20:00',NULL,0),(223,'playerVirtual4','playerVirtual4_6280643141',0,'2018-02-09 12:20:00',NULL,0),(224,'playerVirtual4','playerVirtual4_6280643141',0,'2018-02-09 12:20:00',NULL,0),(225,'playerVirtual1','playerVirtual1_4476462938',0,'2018-02-09 12:20:12',NULL,0),(226,'playerVirtual1','playerVirtual1_4476462938',0,'2018-02-09 12:20:12',NULL,0),(227,'playerVirtual0','playerVirtual0_8c247fbf42',4,'2018-02-09 12:20:18',NULL,0),(228,'playerVirtual2','playerVirtual2_f11cbdffba',4,'2018-02-09 12:20:36',NULL,0),(229,'playerVirtual5','playerVirtual5_0abd5ec90c',4,'2018-02-09 12:20:53',NULL,0),(230,'playerVirtual3','playerVirtual3_420134632d',4,'2018-02-09 12:21:00',NULL,0),(231,'playerVirtual4','playerVirtual4_26016630ee',4,'2018-02-09 12:21:00',NULL,0),(232,'playerVirtual14','playerVirtual14_4820204870',1,'2018-02-09 12:21:00',NULL,0),(233,'playerVirtual14','playerVirtual14_419a6db100',3,'2018-02-09 12:21:00',NULL,0),(234,'playerVirtual14','playerVirtual14_4820204870',1,'2018-02-09 12:21:00',NULL,0),(235,'playerVirtual1','playerVirtual1_d3a847d6c2',4,'2018-02-09 12:21:12',NULL,0),(236,'playerVirtual7','playerVirtual7_6285257156',0,'2018-02-09 12:21:14',NULL,0),(237,'playerVirtual7','playerVirtual7_6285257156',0,'2018-02-09 12:21:14',NULL,0),(238,'playerVirtual6','playerVirtual6_6955737',0,'2018-02-09 12:21:42',NULL,0),(239,'playerVirtual6','playerVirtual6_6955737',0,'2018-02-09 12:21:42',NULL,0),(240,'playerVirtual15','playerVirtual15_272887063',1,'2018-02-09 12:22:06',NULL,0),(241,'playerVirtual15','playerVirtual15_de8ab31bf7',3,'2018-02-09 12:22:06',NULL,0),(242,'playerVirtual15','playerVirtual15_272887063',1,'2018-02-09 12:22:06',NULL,0),(243,'playerVirtual7','playerVirtual7_4f7ad8e24b',4,'2018-02-09 12:22:14',NULL,0),(244,'playerVirtual2','playerVirtual2_b2a112afa1',3,'2018-02-09 12:22:27',NULL,0),(245,'playerVirtual22','playerVirtual22_682797',0,'2018-02-09 12:22:34',NULL,0),(246,'playerVirtual22','playerVirtual22_682797',0,'2018-02-09 12:22:34',NULL,0),(247,'playerVirtual23','playerVirtual23_214880781',0,'2018-02-09 12:22:37',NULL,0),(248,'playerVirtual23','playerVirtual23_214880781',0,'2018-02-09 12:22:37',NULL,0),(249,'playerVirtual25','playerVirtual25_1094955',0,'2018-02-09 12:22:38',NULL,0),(250,'playerVirtual25','playerVirtual25_1094955',0,'2018-02-09 12:22:39',NULL,0),(251,'playerVirtual24','playerVirtual24_16914091',0,'2018-02-09 12:22:42',NULL,0),(252,'playerVirtual24','playerVirtual24_16914091',0,'2018-02-09 12:22:42',NULL,0),(253,'playerVirtual5','playerVirtual5_9f16c731f6',3,'2018-02-09 12:22:42',NULL,0),(254,'playerVirtual6','playerVirtual6_cb3d8c691d',4,'2018-02-09 12:22:42',NULL,0),(255,'playerVirtual9','playerVirtual9_3338579772',0,'2018-02-09 12:23:04',NULL,0),(256,'playerVirtual9','playerVirtual9_3338579772',0,'2018-02-09 12:23:04',NULL,0),(257,'playerVirtual34','playerVirtual34_50a91648e1',4,'2018-02-09 12:23:10',NULL,0),(258,'playerVirtual35','playerVirtual35_85860f2ea3',4,'2018-02-09 12:23:10',NULL,0),(259,'playerVirtual37','playerVirtual37_b63a303d45',4,'2018-02-09 12:23:10',NULL,0),(260,'playerVirtual9','playerVirtual9_c5535bb73c',3,'2018-02-09 12:24:04',NULL,0),(261,'playerVirtual36','playerVirtual36_6e37dbd7e5',4,'2018-02-09 12:24:10',NULL,0),(262,'playerVirtual38','playerVirtual38_f4814108ba',4,'2018-02-09 12:24:10',NULL,0),(263,'playerVirtual39','playerVirtual39_fac5cc7985',4,'2018-02-09 12:24:10',NULL,0),(264,'playerVirtual4','playerVirtual4_6dffdb4fb5',3,'2018-02-09 12:25:03',NULL,0),(265,'playerVirtual3','playerVirtual3_d8e21e3b4d',3,'2018-02-09 12:25:45',NULL,0),(266,'playerVirtual6','playerVirtual6_6955737',1,'2018-02-09 12:25:52',NULL,0),(267,'playerVirtual6','playerVirtual6_fddcb2cd3b',3,'2018-02-09 12:25:52',NULL,0),(268,'playerVirtual6','playerVirtual6_6955737',1,'2018-02-09 12:25:52',NULL,0),(269,'playerVirtual8','playerVirtual8_1438244924',0,'2018-02-09 12:26:12',NULL,0),(270,'playerVirtual8','playerVirtual8_1438244924',0,'2018-02-09 12:26:12',NULL,0),(271,'playerVirtual8','playerVirtual8_dbad5167c1',3,'2018-02-09 12:27:12',NULL,0),(272,'playerVirtual7','playerVirtual7_1436344784',1,'2018-02-09 12:27:20',NULL,0),(273,'playerVirtual7','playerVirtual7_72cb553dc5',3,'2018-02-09 12:27:20',NULL,0),(274,'playerVirtual7','playerVirtual7_1436344784',1,'2018-02-09 12:27:20',NULL,0),(275,'playerVirtual40','playerVirtual40_4ec30f6e2b',4,'2018-02-09 12:28:11',NULL,0),(276,'playerVirtual41','playerVirtual41_bc20c5efdc',4,'2018-02-09 12:29:11',NULL,0),(277,'playerVirtual42','playerVirtual42_b35fbc161e',4,'2018-02-09 12:29:11',NULL,0),(278,'playerVirtual43','playerVirtual43_74e57a37c9',4,'2018-02-09 12:29:11',NULL,0),(279,'playerVirtual44','playerVirtual44_835f071f2c',4,'2018-02-09 12:29:11',NULL,0),(280,'playerVirtual45','playerVirtual45_5c9ce19ea2',4,'2018-02-09 12:29:11',NULL,0),(281,'playerVirtual0','playerVirtual0_6301942525',0,'2018-02-09 12:30:19',NULL,0),(282,'playerVirtual0','playerVirtual0_6301942525',0,'2018-02-09 12:30:19',NULL,0),(283,'playerVirtual5','playerVirtual5_6955737',1,'2018-02-09 12:31:11',NULL,0),(284,'playerVirtual5','playerVirtual5_2470629628',4,'2018-02-09 12:31:11',NULL,0),(285,'playerVirtual5','playerVirtual5_6955737',1,'2018-02-09 12:31:11',NULL,0),(286,'playerVirtual0','playerVirtual0_3b85c32b95',3,'2018-02-09 12:31:19',NULL,0),(287,'playerVirtual1','playerVirtual1_5297461910',0,'2018-02-09 12:31:23',NULL,0),(288,'playerVirtual1','playerVirtual1_5297461910',0,'2018-02-09 12:31:23',NULL,0),(289,'playerVirtual1','playerVirtual1_8049eea865',3,'2018-02-09 12:32:23',NULL,0),(290,'playerVirtual6','playerVirtual6_a89a3f4c22',4,'2018-02-09 12:33:21',NULL,0),(291,'playerVirtual46','playerVirtual46_f071941916',4,'2018-02-09 12:34:15',NULL,0),(292,'playerVirtual48','playerVirtual48_cf54175d1a',4,'2018-02-09 12:34:15',NULL,0),(293,'playerVirtual47','playerVirtual47_1717aa20f8',4,'2018-02-09 12:34:15',NULL,0),(294,'playerVirtual49','playerVirtual49_4a57fd7674',4,'2018-02-09 12:34:16',NULL,0),(295,'playerVirtual50','playerVirtual50_719f0680a6',4,'2018-02-09 12:34:16',NULL,0),(296,'playerVirtual51','playerVirtual51_5fd99949db',4,'2018-02-09 12:34:16',NULL,0),(297,'playerVirtual15','playerVirtual15_1095593',0,'2018-02-09 12:36:24',NULL,0),(298,'playerVirtual15','playerVirtual15_1095593',0,'2018-02-09 12:36:24',NULL,0),(299,'playerVirtual15','playerVirtual15_24ddadbf32',4,'2018-02-09 12:37:24',NULL,0),(300,'playerVirtual6','playerVirtual6_1095593',1,'2018-02-09 12:38:01',NULL,0),(301,'playerVirtual6','playerVirtual6_44faa4e969',3,'2018-02-09 12:38:01',NULL,0),(302,'playerVirtual6','playerVirtual6_1095593',1,'2018-02-09 12:38:01',NULL,0),(303,'playerVirtual9','playerVirtual9_6315250734',0,'2018-02-09 12:38:22',NULL,0),(304,'playerVirtual9','playerVirtual9_6315250734',0,'2018-02-09 12:38:22',NULL,0),(305,'playerVirtual52','playerVirtual52_3c1a365939',4,'2018-02-09 12:39:12',NULL,0),(306,'playerVirtual53','playerVirtual53_99e36d7957',4,'2018-02-09 12:39:12',NULL,0),(307,'playerVirtual54','playerVirtual54_15bc3919e3',4,'2018-02-09 12:39:12',NULL,0),(308,'playerVirtual55','playerVirtual55_7c7582abf6',4,'2018-02-09 12:39:12',NULL,0),(309,'playerVirtual56','playerVirtual56_79a362a960',4,'2018-02-09 12:39:12',NULL,0),(310,'playerVirtual57','playerVirtual57_e7acc4a28d',4,'2018-02-09 12:39:12',NULL,0),(311,'playerVirtual2','playerVirtual2_6274355716',0,'2018-02-09 12:39:21',NULL,0),(312,'playerVirtual2','playerVirtual2_6274355716',0,'2018-02-09 12:39:21',NULL,0),(313,'playerVirtual9','playerVirtual9_8bcab30033',4,'2018-02-09 12:39:22',NULL,0),(314,'playerVirtual1','playerVirtual1_bb6956debd',4,'2018-02-09 12:39:48',NULL,0),(315,'playerVirtual2','playerVirtual2_485a747d29',4,'2018-02-09 12:40:21',NULL,0),(316,'playerVirtual35','playerVirtual35_182859403',0,'2018-02-09 12:41:02',NULL,0),(317,'playerVirtual35','playerVirtual35_182859403',0,'2018-02-09 12:41:02',NULL,0),(318,'playerVirtual37','playerVirtual37_908315',0,'2018-02-09 12:41:05',NULL,0),(319,'playerVirtual37','playerVirtual37_908315',0,'2018-02-09 12:41:05',NULL,0),(320,'playerVirtual15','playerVirtual15_b6556279d0',3,'2018-02-09 12:41:32',NULL,0),(321,'playerVirtual8','playerVirtual8_990694203',0,'2018-02-09 12:41:56',NULL,0),(322,'playerVirtual8','playerVirtual8_990694203',0,'2018-02-09 12:41:56',NULL,0),(323,'playerVirtual35','playerVirtual35_726e3c5ab1',3,'2018-02-09 12:42:02',NULL,0),(324,'playerVirtual37','playerVirtual37_28f0a4fc11',3,'2018-02-09 12:42:05',NULL,0),(325,'playerVirtual4','playerVirtual4_6316827871',0,'2018-02-09 12:42:56',NULL,0),(326,'playerVirtual4','playerVirtual4_6316827871',0,'2018-02-09 12:42:56',NULL,0),(327,'playerVirtual8','playerVirtual8_25d2f7d81f',4,'2018-02-09 12:42:56',NULL,0),(328,'playerVirtual3','playerVirtual3_5068098508',0,'2018-02-09 12:42:58',NULL,0),(329,'playerVirtual3','playerVirtual3_5068098508',0,'2018-02-09 12:42:58',NULL,0),(330,'playerVirtual62','playerVirtual62_e7b1983831',4,'2018-02-09 12:43:11',NULL,0),(331,'playerVirtual4','playerVirtual4_5cd39e79e7',4,'2018-02-09 12:43:56',NULL,0),(332,'playerVirtual3','playerVirtual3_a2bd7aa329',4,'2018-02-09 12:43:59',NULL,0),(333,'playerVirtual58','playerVirtual58_614a78a40b',4,'2018-02-09 12:44:10',NULL,0),(334,'playerVirtual59','playerVirtual59_57b83bda7b',4,'2018-02-09 12:44:11',NULL,0),(335,'playerVirtual60','playerVirtual60_9dc4b209de',4,'2018-02-09 12:44:11',NULL,0),(336,'playerVirtual61','playerVirtual61_94e9eaa25c',4,'2018-02-09 12:44:11',NULL,0),(337,'playerVirtual63','playerVirtual63_3d406182eb',4,'2018-02-09 12:44:11',NULL,0),(338,'playerVirtual7','playerVirtual7_4246147567',0,'2018-02-09 12:44:39',NULL,0),(339,'playerVirtual7','playerVirtual7_4246147567',0,'2018-02-09 12:44:39',NULL,0),(340,'playerVirtual38','playerVirtual38_4246147567',0,'2018-02-09 12:44:44',NULL,0),(341,'playerVirtual38','playerVirtual38_4246147567',0,'2018-02-09 12:44:44',NULL,0),(342,'playerVirtual36','playerVirtual36_4246147567',0,'2018-02-09 12:44:57',NULL,0),(343,'playerVirtual36','playerVirtual36_4246147567',0,'2018-02-09 12:44:57',NULL,0),(344,'playerVirtual39','playerVirtual39_2378747961',0,'2018-02-09 12:45:06',NULL,0),(345,'playerVirtual39','playerVirtual39_2378747961',0,'2018-02-09 12:45:07',NULL,0),(346,'playerVirtual7','playerVirtual7_024c305c6e',4,'2018-02-09 12:45:39',NULL,0),(347,'playerVirtual38','playerVirtual38_03a5c72aa3',3,'2018-02-09 12:45:44',NULL,0),(348,'playerVirtual36','playerVirtual36_0ff1bb421a',3,'2018-02-09 12:45:57',NULL,0),(349,'playerVirtual39','playerVirtual39_d1e4bca522',3,'2018-02-09 12:46:07',NULL,0),(350,'playerVirtual0','playerVirtual0_4246147567',0,'2018-02-09 12:46:09',NULL,0),(351,'playerVirtual0','playerVirtual0_4246147567',0,'2018-02-09 12:46:10',NULL,0),(352,'playerVirtual38','playerVirtual38_190c8848b5',4,'2018-02-09 12:46:45',NULL,0),(353,'playerVirtual36','playerVirtual36_b2ea0acc69',4,'2018-02-09 12:46:58',NULL,0),(354,'playerVirtual0','playerVirtual0_b7632b18ca',4,'2018-02-09 12:47:10',NULL,0),(355,'playerVirtual5','playerVirtual5_4246147567',0,'2018-02-09 12:47:22',NULL,0),(356,'playerVirtual5','playerVirtual5_4246147567',0,'2018-02-09 12:47:22',NULL,0),(357,'playerVirtual9','playerVirtual9_1efefaac52',3,'2018-02-09 12:48:04',NULL,0),(358,'playerVirtual67','playerVirtual67_a45642ef93',4,'2018-02-09 12:48:10',NULL,0),(359,'playerVirtual64','playerVirtual64_ff88999214',4,'2018-02-09 12:48:10',NULL,0),(360,'playerVirtual65','playerVirtual65_cca1b53a36',4,'2018-02-09 12:48:10',NULL,0),(361,'playerVirtual66','playerVirtual66_857948089a',4,'2018-02-09 12:48:10',NULL,0),(362,'playerVirtual5','playerVirtual5_9cef312298',3,'2018-02-09 12:48:22',NULL,0),(363,'playerVirtual68','playerVirtual68_3c833e9170',4,'2018-02-09 12:49:10',NULL,0),(364,'playerVirtual69','playerVirtual69_b89e86cb93',4,'2018-02-09 12:49:10',NULL,0),(365,'playerVirtual40','playerVirtual40_4246147567',0,'2018-02-09 12:49:49',NULL,0),(366,'playerVirtual40','playerVirtual40_4246147567',0,'2018-02-09 12:49:49',NULL,0),(367,'playerVirtual8','playerVirtual8_afa2f8285c',3,'2018-02-09 12:50:36',NULL,0),(368,'playerVirtual7','playerVirtual7_4cad46faa7',3,'2018-02-09 12:50:45',NULL,0),(369,'playerVirtual40','playerVirtual40_c52f519c39',3,'2018-02-09 12:50:49',NULL,0),(370,'playerVirtual41','playerVirtual41_4246147567',0,'2018-02-09 12:51:03',NULL,0),(371,'playerVirtual41','playerVirtual41_4246147567',0,'2018-02-09 12:51:03',NULL,0),(372,'playerVirtual42','playerVirtual42_4246147567',0,'2018-02-09 12:51:18',NULL,0),(373,'playerVirtual42','playerVirtual42_4246147567',0,'2018-02-09 12:51:18',NULL,0),(374,'playerVirtual3','playerVirtual3_d498648693',3,'2018-02-09 12:51:26',NULL,0),(375,'playerVirtual43','playerVirtual43_4246147567',0,'2018-02-09 12:51:31',NULL,0),(376,'playerVirtual43','playerVirtual43_4246147567',0,'2018-02-09 12:51:31',NULL,0),(377,'playerVirtual44','playerVirtual44_1095593',0,'2018-02-09 12:51:38',NULL,0),(378,'playerVirtual44','playerVirtual44_1095593',0,'2018-02-09 12:51:38',NULL,0),(379,'playerVirtual45','playerVirtual45_6322213339',0,'2018-02-09 12:51:42',NULL,0),(380,'playerVirtual45','playerVirtual45_6322213339',0,'2018-02-09 12:51:42',NULL,0),(381,'playerVirtual40','playerVirtual40_e5588c98e6',4,'2018-02-09 12:51:50',NULL,0),(382,'playerVirtual41','playerVirtual41_148b3e6899',3,'2018-02-09 12:52:03',NULL,0),(383,'playerVirtual42','playerVirtual42_2dd84691ed',3,'2018-02-09 12:52:18',NULL,0),(384,'playerVirtual43','playerVirtual43_15d26c3550',3,'2018-02-09 12:52:31',NULL,0),(385,'playerVirtual44','playerVirtual44_b3bba0c0a7',3,'2018-02-09 12:52:38',NULL,0),(386,'playerVirtual45','playerVirtual45_7f7d1048e0',3,'2018-02-09 12:52:42',NULL,0),(387,'playerVirtual41','playerVirtual41_56c5fd7acb',4,'2018-02-09 12:53:04',NULL,0),(388,'playerVirtual2','playerVirtual2_6566788',0,'2018-02-09 12:53:12',NULL,0),(389,'playerVirtual2','playerVirtual2_6566788',0,'2018-02-09 12:53:12',NULL,0),(390,'playerVirtual42','playerVirtual42_b90e026481',4,'2018-02-09 12:53:19',NULL,0),(391,'playerVirtual43','playerVirtual43_387d4408ff',4,'2018-02-09 12:53:32',NULL,0),(392,'playerVirtual70','playerVirtual70_f8f0374dc6',4,'2018-02-09 12:54:10',NULL,0),(393,'playerVirtual71','playerVirtual71_d517a3017d',4,'2018-02-09 12:54:10',NULL,0),(394,'playerVirtual72','playerVirtual72_dbcd31b4b6',4,'2018-02-09 12:54:10',NULL,0),(395,'playerVirtual73','playerVirtual73_2c85a3eb31',4,'2018-02-09 12:54:10',NULL,0),(396,'playerVirtual74','playerVirtual74_fbc5c96766',4,'2018-02-09 12:54:10',NULL,0),(397,'playerVirtual75','playerVirtual75_0e9f6edd38',4,'2018-02-09 12:54:10',NULL,0),(398,'playerVirtual2','playerVirtual2_169d3c24f9',3,'2018-02-09 12:54:12',NULL,0),(399,'playerVirtual39','playerVirtual39_ee70f6166a',4,'2018-02-09 12:54:17',NULL,0),(400,'playerVirtual4','playerVirtual4_4246147567',0,'2018-02-09 12:56:04',NULL,0),(401,'playerVirtual4','playerVirtual4_4246147567',0,'2018-02-09 12:56:04',NULL,0),(402,'playerVirtual5','playerVirtual5_f8ec109436',4,'2018-02-09 12:56:51',NULL,0),(403,'playerVirtual4','playerVirtual4_72d22c6a85',3,'2018-02-09 12:57:04',NULL,0),(404,'playerVirtual0','playerVirtual0_05d0825b88',3,'2018-02-09 12:57:11',NULL,0),(405,'playerVirtual76','playerVirtual76_e28f660ebf',4,'2018-02-09 12:58:09',NULL,0),(406,'playerVirtual80','playerVirtual80_6b71349c36',4,'2018-02-09 12:58:09',NULL,0),(407,'playerVirtual79','playerVirtual79_7a30351668',4,'2018-02-09 12:58:09',NULL,0),(408,'playerVirtual81','playerVirtual81_a79fe511b4',4,'2018-02-09 12:58:09',NULL,0),(409,'playerVirtual78','playerVirtual78_1387cff886',4,'2018-02-09 12:59:09',NULL,0),(410,'playerVirtual77','playerVirtual77_2866b951c0',4,'2018-02-09 12:59:09',NULL,0),(411,'playerVirtual48','playerVirtual48_4246147567',0,'2018-02-09 12:59:26',NULL,0),(412,'playerVirtual48','playerVirtual48_4246147567',0,'2018-02-09 12:59:26',NULL,0),(413,'playerVirtual46','playerVirtual46_4246147567',0,'2018-02-09 12:59:41',NULL,0),(414,'playerVirtual46','playerVirtual46_4246147567',0,'2018-02-09 12:59:41',NULL,0),(415,'playerVirtual47','playerVirtual47_4246147567',0,'2018-02-09 12:59:55',NULL,0),(416,'playerVirtual47','playerVirtual47_4246147567',0,'2018-02-09 12:59:55',NULL,0),(417,'playerVirtual49','playerVirtual49_4246147567',0,'2018-02-09 13:00:10',NULL,0),(418,'playerVirtual49','playerVirtual49_4246147567',0,'2018-02-09 13:00:10',NULL,0),(419,'playerVirtual50','playerVirtual50_4246147567',0,'2018-02-09 13:00:23',NULL,0),(420,'playerVirtual50','playerVirtual50_4246147567',0,'2018-02-09 13:00:23',NULL,0),(421,'playerVirtual48','playerVirtual48_bb26af01b4',3,'2018-02-09 13:00:26',NULL,0),(422,'playerVirtual51','playerVirtual51_4246147567',0,'2018-02-09 13:00:37',NULL,0),(423,'playerVirtual51','playerVirtual51_4246147567',0,'2018-02-09 13:00:37',NULL,0),(424,'playerVirtual46','playerVirtual46_20b7a6b068',3,'2018-02-09 13:00:41',NULL,0),(425,'playerVirtual47','playerVirtual47_0711dcda78',3,'2018-02-09 13:00:55',NULL,0),(426,'playerVirtual49','playerVirtual49_973665f3d2',3,'2018-02-09 13:01:10',NULL,0),(427,'playerVirtual50','playerVirtual50_3e7157556a',3,'2018-02-09 13:01:23',NULL,0),(428,'playerVirtual48','playerVirtual48_69673a49c9',4,'2018-02-09 13:01:27',NULL,0),(429,'playerVirtual51','playerVirtual51_eea734a477',3,'2018-02-09 13:01:37',NULL,0),(430,'playerVirtual6','playerVirtual6_272887063',0,'2018-02-09 13:01:41',NULL,0),(431,'playerVirtual6','playerVirtual6_272887063',0,'2018-02-09 13:01:41',NULL,0),(432,'playerVirtual46','playerVirtual46_04cb537771',4,'2018-02-09 13:01:42',NULL,0),(433,'playerVirtual47','playerVirtual47_100e2fa3eb',4,'2018-02-09 13:01:56',NULL,0),(434,'playerVirtual1','playerVirtual1_c1943b542a',3,'2018-02-09 13:02:00',NULL,0),(435,'playerVirtual49','playerVirtual49_ea8320ac91',4,'2018-02-09 13:02:11',NULL,0),(436,'playerVirtual50','playerVirtual50_7756dfe469',4,'2018-02-09 13:02:24',NULL,0),(437,'playerVirtual51','playerVirtual51_a88a7415d1',4,'2018-02-09 13:02:38',NULL,0),(438,'playerVirtual6','playerVirtual6_b747e8b88f',4,'2018-02-09 13:02:41',NULL,0),(439,'playerVirtual82','playerVirtual82_fb1caea51e',4,'2018-02-09 13:03:16',NULL,0),(440,'playerVirtual86','playerVirtual86_62ba6ca9e4',4,'2018-02-09 13:04:16',NULL,0),(441,'playerVirtual84','playerVirtual84_955887f921',4,'2018-02-09 13:04:16',NULL,0),(442,'playerVirtual83','playerVirtual83_bafbf859df',4,'2018-02-09 13:04:17',NULL,0),(443,'playerVirtual87','playerVirtual87_bafbf859df',4,'2018-02-09 13:04:17',NULL,0),(444,'playerVirtual85','playerVirtual85_8512a271eb',4,'2018-02-09 13:04:17',NULL,0),(445,'playerVirtual44','playerVirtual44_4246147567',0,'2018-02-09 13:04:38',NULL,0),(446,'playerVirtual44','playerVirtual44_4246147567',0,'2018-02-09 13:04:38',NULL,0),(447,'playerVirtual45','playerVirtual45_4246147567',0,'2018-02-09 13:04:52',NULL,0),(448,'playerVirtual45','playerVirtual45_4246147567',0,'2018-02-09 13:04:52',NULL,0),(449,'playerVirtual44','playerVirtual44_9d115789c5',4,'2018-02-09 13:05:38',NULL,0),(450,'playerVirtual45','playerVirtual45_8e010d5eed',4,'2018-02-09 13:05:52',NULL,0),(451,'playerVirtual52','playerVirtual52_4246147567',0,'2018-02-09 13:06:38',NULL,0),(452,'playerVirtual52','playerVirtual52_4246147567',0,'2018-02-09 13:06:38',NULL,0),(453,'playerVirtual53','playerVirtual53_4246147567',0,'2018-02-09 13:07:05',NULL,0),(454,'playerVirtual53','playerVirtual53_4246147567',0,'2018-02-09 13:07:05',NULL,0),(455,'playerVirtual15','playerVirtual15_16917741',0,'2018-02-09 13:07:13',NULL,0),(456,'playerVirtual15','playerVirtual15_16917741',0,'2018-02-09 13:07:13',NULL,0),(457,'playerVirtual54','playerVirtual54_6566788',0,'2018-02-09 13:07:18',NULL,0),(458,'playerVirtual54','playerVirtual54_6566788',0,'2018-02-09 13:07:18',NULL,0),(459,'playerVirtual55','playerVirtual55_4246147567',0,'2018-02-09 13:07:18',NULL,0),(460,'playerVirtual55','playerVirtual55_4246147567',0,'2018-02-09 13:07:18',NULL,0),(461,'playerVirtual56','playerVirtual56_82730999',0,'2018-02-09 13:07:30',NULL,0),(462,'playerVirtual56','playerVirtual56_82730999',0,'2018-02-09 13:07:30',NULL,0),(463,'playerVirtual52','playerVirtual52_437862ecd2',3,'2018-02-09 13:07:38',NULL,0),(464,'playerVirtual57','playerVirtual57_4246147567',0,'2018-02-09 13:07:50',NULL,0),(465,'playerVirtual57','playerVirtual57_4246147567',0,'2018-02-09 13:07:50',NULL,0),(466,'playerVirtual89','playerVirtual89_1164499cb1',4,'2018-02-09 13:08:13',NULL,0),(467,'playerVirtual93','playerVirtual93_9b9eba10ac',4,'2018-02-09 13:08:13',NULL,0),(468,'playerVirtual15','playerVirtual15_60e65487c8',4,'2018-02-09 13:08:13',NULL,0),(469,'playerVirtual9','playerVirtual9_16917741',1,'2018-02-09 13:08:29',NULL,0),(470,'playerVirtual9','playerVirtual9_21a28b033f',4,'2018-02-09 13:08:29',NULL,0),(471,'playerVirtual9','playerVirtual9_16917741',1,'2018-02-09 13:08:29',NULL,0),(472,'playerVirtual57','playerVirtual57_92910e8224',3,'2018-02-09 13:08:50',NULL,0),(473,'playerVirtual88','playerVirtual88_c63b05b66c',4,'2018-02-09 13:09:12',NULL,0),(474,'playerVirtual90','playerVirtual90_16f2216adc',4,'2018-02-09 13:09:12',NULL,0),(475,'playerVirtual92','playerVirtual92_54015acd79',4,'2018-02-09 13:09:13',NULL,0),(476,'playerVirtual91','playerVirtual91_f54e78e3f2',4,'2018-02-09 13:09:13',NULL,0),(477,'playerVirtual57','playerVirtual57_6b6784b23f',4,'2018-02-09 13:09:51',NULL,0),(478,'playerVirtual62','playerVirtual62_5297461910',0,'2018-02-09 13:12:07',NULL,0),(479,'playerVirtual62','playerVirtual62_5297461910',0,'2018-02-09 13:12:07',NULL,0),(480,'playerVirtual62','playerVirtual62_33940db73f',3,'2018-02-09 13:13:07',NULL,0),(481,'playerVirtual95','playerVirtual95_302ca12d74',4,'2018-02-09 13:13:10',NULL,0),(482,'playerVirtual98','playerVirtual98_d6a00b042e',4,'2018-02-09 13:13:10',NULL,0),(483,'playerVirtual59','playerVirtual59_5068098508',0,'2018-02-09 13:13:52',NULL,0),(484,'playerVirtual59','playerVirtual59_5068098508',0,'2018-02-09 13:13:52',NULL,0),(485,'playerVirtual60','playerVirtual60_4246147567',0,'2018-02-09 13:13:56',NULL,0),(486,'playerVirtual60','playerVirtual60_4246147567',0,'2018-02-09 13:13:56',NULL,0),(487,'playerVirtual61','playerVirtual61_990694203',0,'2018-02-09 13:14:08',NULL,0),(488,'playerVirtual61','playerVirtual61_990694203',0,'2018-02-09 13:14:08',NULL,0),(489,'playerVirtual99','playerVirtual99_f3392f3d67',4,'2018-02-09 13:14:10',NULL,0),(490,'playerVirtual94','playerVirtual94_b22eb32447',4,'2018-02-09 13:14:10',NULL,0),(491,'playerVirtual96','playerVirtual96_5757ffc660',4,'2018-02-09 13:14:10',NULL,0),(492,'playerVirtual97','playerVirtual97_13237751c8',4,'2018-02-09 13:14:10',NULL,0),(493,'playerVirtual63','playerVirtual63_4246147567',0,'2018-02-09 13:14:11',NULL,0),(494,'playerVirtual63','playerVirtual63_4246147567',0,'2018-02-09 13:14:11',NULL,0),(495,'playerVirtual8','playerVirtual8_e1c9565ebd',4,'2018-02-09 13:14:18',NULL,0),(496,'playerVirtual59','playerVirtual59_73083af568',3,'2018-02-09 13:14:52',NULL,0),(497,'playerVirtual60','playerVirtual60_881c27a87d',3,'2018-02-09 13:14:56',NULL,0),(498,'playerVirtual4','playerVirtual4_f40aa6e7af',4,'2018-02-09 13:14:56',NULL,0),(499,'playerVirtual61','playerVirtual61_49014fd33b',3,'2018-02-09 13:15:08',NULL,0),(500,'playerVirtual63','playerVirtual63_b0aa4eb6e4',3,'2018-02-09 13:15:11',NULL,0),(501,'playerVirtual15','playerVirtual15_e52ec3153e',3,'2018-02-09 13:15:49',NULL,0),(502,'playerVirtual60','playerVirtual60_3aa55a423d',4,'2018-02-09 13:15:57',NULL,0),(503,'playerVirtual61','playerVirtual61_8d78dbec8f',4,'2018-02-09 13:16:10',NULL,0),(504,'playerVirtual63','playerVirtual63_faa617bf7f',4,'2018-02-09 13:16:12',NULL,0),(505,'playerVirtual5','playerVirtual5_9a203089a8',3,'2018-02-09 13:17:35',NULL,0),(506,'playerVirtual9','playerVirtual9_3338579772',1,'2018-02-09 13:17:56',NULL,0),(507,'playerVirtual9','playerVirtual9_c001e49d3d',3,'2018-02-09 13:17:56',NULL,0),(508,'playerVirtual9','playerVirtual9_3338579772',1,'2018-02-09 13:17:56',NULL,0),(509,'playerVirtual3','playerVirtual3_4246147567',0,'2018-02-09 13:18:10',NULL,0),(510,'playerVirtual3','playerVirtual3_4246147567',0,'2018-02-09 13:18:10',NULL,0),(511,'playerVirtual2','playerVirtual2_4246147567',0,'2018-02-09 13:18:35',NULL,0),(512,'playerVirtual2','playerVirtual2_4246147567',0,'2018-02-09 13:18:35',NULL,0),(513,'playerVirtual3','playerVirtual3_eb892d922c',4,'2018-02-09 13:19:10',NULL,0),(514,'playerVirtual67','playerVirtual67_4246147567',0,'2018-02-09 13:19:34',NULL,0),(515,'playerVirtual67','playerVirtual67_4246147567',0,'2018-02-09 13:19:34',NULL,0),(516,'playerVirtual2','playerVirtual2_39097d4133',4,'2018-02-09 13:19:35',NULL,0),(517,'playerVirtual1','playerVirtual1_4246147567',0,'2018-02-09 13:19:35',NULL,0),(518,'playerVirtual1','playerVirtual1_4246147567',0,'2018-02-09 13:19:35',NULL,0),(519,'playerVirtual7','playerVirtual7_4246147567',0,'2018-02-09 13:19:36',NULL,0),(520,'playerVirtual7','playerVirtual7_dbd6f9a829',4,'2018-02-09 13:19:36',NULL,0),(521,'playerVirtual7','playerVirtual7_4246147567',0,'2018-02-09 13:19:36',NULL,0),(522,'playerVirtual6','playerVirtual6_4246147567',0,'2018-02-09 13:19:56',NULL,0),(523,'playerVirtual6','playerVirtual6_4246147567',0,'2018-02-09 13:19:56',NULL,0),(524,'playerVirtual66','playerVirtual66_4246147567',0,'2018-02-09 13:20:18',NULL,0),(525,'playerVirtual66','playerVirtual66_4246147567',0,'2018-02-09 13:20:18',NULL,0),(526,'playerVirtual67','playerVirtual67_297df4c514',3,'2018-02-09 13:20:34',NULL,0),(527,'playerVirtual1','playerVirtual1_4656ee3257',4,'2018-02-09 13:20:35',NULL,0),(528,'playerVirtual6','playerVirtual6_685d383846',3,'2018-02-09 13:20:56',NULL,0),(529,'playerVirtual66','playerVirtual66_36dd3e82cf',3,'2018-02-09 13:21:18',NULL,0),(530,'playerVirtual68','playerVirtual68_4246147567',0,'2018-02-09 13:21:28',NULL,0),(531,'playerVirtual68','playerVirtual68_4246147567',0,'2018-02-09 13:21:28',NULL,0),(532,'playerVirtual67','playerVirtual67_572c13e625',4,'2018-02-09 13:21:35',NULL,0),(533,'playerVirtual69','playerVirtual69_4246147567',0,'2018-02-09 13:21:56',NULL,0),(534,'playerVirtual69','playerVirtual69_4246147567',0,'2018-02-09 13:21:56',NULL,0),(535,'playerVirtual66','playerVirtual66_9475e64250',4,'2018-02-09 13:22:19',NULL,0),(536,'playerVirtual68','playerVirtual68_d3144af0b9',3,'2018-02-09 13:22:28',NULL,0),(537,'playerVirtual69','playerVirtual69_f73e22883f',3,'2018-02-09 13:22:56',NULL,0),(538,'playerVirtual0','playerVirtual0_e667da7653',4,'2018-02-09 13:23:06',NULL,0),(539,'playerVirtual68','playerVirtual68_a78a20f8b6',4,'2018-02-09 13:23:29',NULL,0),(540,'playerVirtual69','playerVirtual69_bf2e5556a0',4,'2018-02-09 13:23:57',NULL,0),(541,'playerVirtual7','playerVirtual7_ebfde68bf2',3,'2018-02-09 13:24:43',NULL,0),(542,'playerVirtual3','playerVirtual3_1de39c16f0',3,'2018-02-09 13:26:37',NULL,0),(543,'playerVirtual4','playerVirtual4_d3ee0bb123',3,'2018-02-09 13:27:15',NULL,0),(544,'playerVirtual8','playerVirtual8_2148750930',1,'2018-02-09 13:27:18',NULL,0),(545,'playerVirtual8','playerVirtual8_cc265a284b',3,'2018-02-09 13:27:18',NULL,0),(546,'playerVirtual8','playerVirtual8_2148750930',1,'2018-02-09 13:27:18',NULL,0),(547,'playerVirtual74','playerVirtual74_4246147567',0,'2018-02-09 13:29:57',NULL,0),(548,'playerVirtual74','playerVirtual74_4246147567',0,'2018-02-09 13:29:58',NULL,0),(549,'playerVirtual75','playerVirtual75_4246147567',0,'2018-02-09 13:30:10',NULL,0),(550,'playerVirtual75','playerVirtual75_4246147567',0,'2018-02-09 13:30:10',NULL,0),(551,'playerVirtual74','playerVirtual74_228723432a',3,'2018-02-09 13:30:58',NULL,0),(552,'playerVirtual75','playerVirtual75_6ec1fbf7f7',3,'2018-02-09 13:31:10',NULL,0),(553,'playerVirtual74','playerVirtual74_0f1dee05bc',4,'2018-02-09 13:31:59',NULL,0),(554,'playerVirtual75','playerVirtual75_021e6de712',4,'2018-02-09 13:32:11',NULL,0),(555,'playerVirtual2','playerVirtual2_49f4fbbae9',3,'2018-02-09 13:32:25',NULL,0),(556,'playerVirtual80','playerVirtual80_4246147567',0,'2018-02-09 13:35:12',NULL,0),(557,'playerVirtual80','playerVirtual80_4246147567',0,'2018-02-09 13:35:12',NULL,0),(558,'playerVirtual76','playerVirtual76_990694203',0,'2018-02-09 13:35:14',NULL,0),(559,'playerVirtual76','playerVirtual76_990694203',0,'2018-02-09 13:35:14',NULL,0),(560,'playerVirtual79','playerVirtual79_4246147567',0,'2018-02-09 13:35:28',NULL,0),(561,'playerVirtual79','playerVirtual79_4246147567',0,'2018-02-09 13:35:28',NULL,0),(562,'playerVirtual81','playerVirtual81_4246147567',0,'2018-02-09 13:35:41',NULL,0),(563,'playerVirtual81','playerVirtual81_4246147567',0,'2018-02-09 13:35:41',NULL,0),(564,'playerVirtual80','playerVirtual80_1ea221eb8b',3,'2018-02-09 13:36:12',NULL,0),(565,'playerVirtual76','playerVirtual76_090bff706b',3,'2018-02-09 13:36:14',NULL,0),(566,'playerVirtual79','playerVirtual79_9256778a50',3,'2018-02-09 13:36:28',NULL,0),(567,'playerVirtual81','playerVirtual81_af334e39a3',3,'2018-02-09 13:36:41',NULL,0),(568,'playerVirtual78','playerVirtual78_4246147567',0,'2018-02-09 13:36:51',NULL,0),(569,'playerVirtual78','playerVirtual78_4246147567',0,'2018-02-09 13:36:51',NULL,0),(570,'playerVirtual77','playerVirtual77_539194189',0,'2018-02-09 13:37:02',NULL,0),(571,'playerVirtual77','playerVirtual77_539194189',0,'2018-02-09 13:37:02',NULL,0),(572,'playerVirtual80','playerVirtual80_599bd562dc',4,'2018-02-09 13:37:13',NULL,0),(573,'playerVirtual76','playerVirtual76_70ef6fef0f',4,'2018-02-09 13:37:15',NULL,0),(574,'playerVirtual79','playerVirtual79_d176966614',4,'2018-02-09 13:37:29',NULL,0),(575,'playerVirtual81','playerVirtual81_4461ef2736',4,'2018-02-09 13:37:42',NULL,0),(576,'playerVirtual78','playerVirtual78_2700986458',3,'2018-02-09 13:37:51',NULL,0),(577,'playerVirtual1','playerVirtual1_7718b50659',3,'2018-02-09 13:42:47',NULL,0),(578,'playerVirtual5','playerVirtual5_6408086842',0,'2018-02-09 13:43:30',NULL,0),(579,'playerVirtual5','playerVirtual5_6408086842',0,'2018-02-09 13:43:30',NULL,0),(580,'playerVirtual5','playerVirtual5_a619ce2cc7',4,'2018-02-09 13:44:30',NULL,0),(581,'playerVirtual6','playerVirtual6_c4056489c2',4,'2018-02-09 13:44:36',NULL,0),(582,'playerVirtual0','playerVirtual0_4246147567',0,'2018-02-09 13:45:38',NULL,0),(583,'playerVirtual0','playerVirtual0_fa9c26e434',3,'2018-02-09 13:45:38',NULL,0),(584,'playerVirtual0','playerVirtual0_4246147567',0,'2018-02-09 13:45:38',NULL,0),(585,'playerVirtual89','playerVirtual89_4246147567',0,'2018-02-09 13:49:56',NULL,0),(586,'playerVirtual89','playerVirtual89_4246147567',0,'2018-02-09 13:49:56',NULL,0),(587,'playerVirtual93','playerVirtual93_6391270721',0,'2018-02-09 13:49:58',NULL,0),(588,'playerVirtual93','playerVirtual93_6391270721',0,'2018-02-09 13:49:58',NULL,0),(589,'playerVirtual89','playerVirtual89_b2957d4b05',3,'2018-02-09 13:50:56',NULL,0),(590,'playerVirtual93','playerVirtual93_2acb9d6c14',3,'2018-02-09 13:50:58',NULL,0),(591,'playerVirtual90','playerVirtual90_4246147567',0,'2018-02-09 13:51:22',NULL,0),(592,'playerVirtual90','playerVirtual90_4246147567',0,'2018-02-09 13:51:22',NULL,0),(593,'playerVirtual92','playerVirtual92_4246147567',0,'2018-02-09 13:51:37',NULL,0),(594,'playerVirtual92','playerVirtual92_4246147567',0,'2018-02-09 13:51:37',NULL,0),(595,'playerVirtual91','playerVirtual91_4246147567',0,'2018-02-09 13:51:52',NULL,0),(596,'playerVirtual91','playerVirtual91_4246147567',0,'2018-02-09 13:51:52',NULL,0),(597,'playerVirtual89','playerVirtual89_9ec2d8d896',4,'2018-02-09 13:51:57',NULL,0),(598,'playerVirtual90','playerVirtual90_660801bf42',3,'2018-02-09 13:52:22',NULL,0),(599,'playerVirtual92','playerVirtual92_835669c44e',3,'2018-02-09 13:52:37',NULL,0),(600,'playerVirtual91','playerVirtual91_14f0ae5604',3,'2018-02-09 13:52:52',NULL,0),(601,'playerVirtual90','playerVirtual90_4246147567',1,'2018-02-09 13:53:23',NULL,0),(602,'playerVirtual90','playerVirtual90_0014f9a1ea',4,'2018-02-09 13:53:23',NULL,0),(603,'playerVirtual90','playerVirtual90_4246147567',1,'2018-02-09 13:53:23',NULL,0),(604,'playerVirtual92','playerVirtual92_e82fb52173',4,'2018-02-09 13:53:38',NULL,0),(605,'playerVirtual91','playerVirtual91_4246147567',1,'2018-02-09 13:53:53',NULL,0),(606,'playerVirtual91','playerVirtual91_c58eae03d0',4,'2018-02-09 13:53:53',NULL,0),(607,'playerVirtual91','playerVirtual91_4246147567',1,'2018-02-09 13:53:53',NULL,0),(608,'playerVirtual15','playerVirtual15_4246147567',0,'2018-02-09 13:54:03',NULL,0),(609,'playerVirtual15','playerVirtual15_4246147567',0,'2018-02-09 13:54:03',NULL,0),(610,'playerVirtual15','playerVirtual15_50958e271c',4,'2018-02-09 13:55:03',NULL,0),(611,'playerVirtual9','playerVirtual9_4246147567',0,'2018-02-09 13:55:10',NULL,0),(612,'playerVirtual9','playerVirtual9_4246147567',0,'2018-02-09 13:55:10',NULL,0),(613,'playerVirtual9','playerVirtual9_ecebddf722',4,'2018-02-09 13:56:10',NULL,0),(614,'playerVirtual95','playerVirtual95_4246147567',0,'2018-02-09 13:56:38',NULL,0),(615,'playerVirtual95','playerVirtual95_4246147567',0,'2018-02-09 13:56:38',NULL,0),(616,'playerVirtual98','playerVirtual98_6400066596',0,'2018-02-09 13:56:44',NULL,0),(617,'playerVirtual98','playerVirtual98_6400066596',0,'2018-02-09 13:56:44',NULL,0),(618,'playerVirtual95','playerVirtual95_d267f8beee',3,'2018-02-09 13:57:38',NULL,0),(619,'playerVirtual98','playerVirtual98_9b0beffd49',3,'2018-02-09 13:57:44',NULL,0),(620,'playerVirtual99','playerVirtual99_6401302061',0,'2018-02-09 13:58:03',NULL,0),(621,'playerVirtual99','playerVirtual99_6401302061',0,'2018-02-09 13:58:03',NULL,0),(622,'playerVirtual94','playerVirtual94_4246147567',0,'2018-02-09 13:58:06',NULL,0),(623,'playerVirtual94','playerVirtual94_4246147567',0,'2018-02-09 13:58:06',NULL,0),(624,'playerVirtual96','playerVirtual96_4246147567',0,'2018-02-09 13:58:21',NULL,0),(625,'playerVirtual96','playerVirtual96_4246147567',0,'2018-02-09 13:58:21',NULL,0),(626,'playerVirtual97','playerVirtual97_1438244924',0,'2018-02-09 13:58:32',NULL,0),(627,'playerVirtual97','playerVirtual97_1438244924',0,'2018-02-09 13:58:32',NULL,0),(628,'playerVirtual95','playerVirtual95_694699de54',4,'2018-02-09 13:58:39',NULL,0),(629,'playerVirtual99','playerVirtual99_12bcc66bd8',3,'2018-02-09 13:59:03',NULL,0),(630,'playerVirtual94','playerVirtual94_ba99184551',3,'2018-02-09 13:59:06',NULL,0),(631,'playerVirtual96','playerVirtual96_fadb7d9549',3,'2018-02-09 13:59:21',NULL,0),(632,'playerVirtual97','playerVirtual97_0b5270097f',3,'2018-02-09 13:59:32',NULL,0),(633,'playerVirtual94','playerVirtual94_e3809eb6dc',4,'2018-02-09 14:00:07',NULL,0),(634,'playerVirtual96','playerVirtual96_4246147567',1,'2018-02-09 14:00:22',NULL,0),(635,'playerVirtual96','playerVirtual96_becc0c40b0',4,'2018-02-09 14:00:22',NULL,0),(636,'playerVirtual96','playerVirtual96_4246147567',1,'2018-02-09 14:00:22',NULL,0),(637,'playerVirtual15','playerVirtual15_1f85f78bb5',3,'2018-02-09 14:02:37',NULL,0),(638,'playerVirtual8','playerVirtual8_4246147567',0,'2018-02-09 14:04:31',NULL,0),(639,'playerVirtual8','playerVirtual8_4246147567',0,'2018-02-09 14:04:31',NULL,0),(640,'playerVirtual4','playerVirtual4_4246147567',0,'2018-02-09 14:04:55',NULL,0),(641,'playerVirtual4','playerVirtual4_6a40f4ff34',4,'2018-02-09 14:04:55',NULL,0),(642,'playerVirtual4','playerVirtual4_4246147567',0,'2018-02-09 14:04:55',NULL,0),(643,'playerVirtual8','playerVirtual8_0091b13e65',4,'2018-02-09 14:05:31',NULL,0),(644,'playerVirtual9','playerVirtual9_4246147567',1,'2018-02-09 14:05:37',NULL,0),(645,'playerVirtual9','playerVirtual9_83863a8244',3,'2018-02-09 14:05:37',NULL,0),(646,'playerVirtual9','playerVirtual9_4246147567',1,'2018-02-09 14:05:37',NULL,0),(647,'playerVirtual3','playerVirtual3_4246147567',0,'2018-02-09 14:08:44',NULL,0),(648,'playerVirtual3','playerVirtual3_fe2b07f94f',4,'2018-02-09 14:08:44',NULL,0),(649,'playerVirtual3','playerVirtual3_4246147567',0,'2018-02-09 14:08:44',NULL,0),(650,'playerVirtual7','playerVirtual7_16917741',0,'2018-02-09 14:09:02',NULL,0),(651,'playerVirtual7','playerVirtual7_16917741',0,'2018-02-09 14:09:02',NULL,0),(652,'playerVirtual7','playerVirtual7_4504b601e3',4,'2018-02-09 14:10:02',NULL,0),(653,'playerVirtual0','playerVirtual0_c97b527bc7',4,'2018-02-09 14:11:33',NULL,0),(654,'playerVirtual97','playerVirtual97_1438244924',1,'2018-02-09 14:12:30',NULL,0),(655,'playerVirtual97','playerVirtual97_a311d49021',4,'2018-02-09 14:12:30',NULL,0),(656,'playerVirtual97','playerVirtual97_1438244924',1,'2018-02-09 14:12:30',NULL,0),(657,'playerVirtual2','playerVirtual2_35e1bbd1c0',4,'2018-02-09 14:14:57',NULL,0),(658,'playerVirtual3','playerVirtual3_48c209e7a6',3,'2018-02-09 14:16:11',NULL,0),(659,'playerVirtual4','playerVirtual4_4388c5835a',3,'2018-02-09 14:17:14',NULL,0),(660,'playerVirtual8','playerVirtual8_77f5c3e11e',3,'2018-02-09 14:18:31',NULL,0),(661,'playerVirtual5','playerVirtual5_4246147567',0,'2018-02-09 14:20:24',NULL,0),(662,'playerVirtual5','playerVirtual5_81a6243b4e',3,'2018-02-09 14:20:24',NULL,0),(663,'playerVirtual5','playerVirtual5_4246147567',0,'2018-02-09 14:20:24',NULL,0),(664,'playerVirtual1','playerVirtual1_3539487736',0,'2018-02-09 14:21:25',NULL,0),(665,'playerVirtual1','playerVirtual1_3539487736',0,'2018-02-09 14:21:26',NULL,0),(666,'playerVirtual1','playerVirtual1_933ed7676f',4,'2018-02-09 14:22:26',NULL,0),(667,'playerVirtual6','playerVirtual6_4246147567',0,'2018-02-09 14:22:59',NULL,0),(668,'playerVirtual6','playerVirtual6_50381270ea',3,'2018-02-09 14:22:59',NULL,0),(669,'playerVirtual6','playerVirtual6_4246147567',0,'2018-02-09 14:22:59',NULL,0),(670,'playerVirtual7','playerVirtual7_fa45f1091d',3,'2018-02-09 14:34:39',NULL,0),(671,'playerVirtual0','playerVirtual0_4246147567',0,'2018-02-09 14:55:07',NULL,0),(672,'playerVirtual0','playerVirtual0_ee75e970c1',3,'2018-02-09 14:55:07',NULL,0),(673,'playerVirtual0','playerVirtual0_4246147567',0,'2018-02-09 14:55:07',NULL,0),(674,'playerVirtual9','playerVirtual9_450512000',1,'2018-02-09 14:59:14',NULL,0),(675,'playerVirtual9','playerVirtual9_36a54f02d1',4,'2018-02-09 14:59:14',NULL,0),(676,'playerVirtual9','playerVirtual9_450512000',1,'2018-02-09 14:59:14',NULL,0),(677,'playerVirtual15','playerVirtual15_3623912006',0,'2018-02-09 15:03:01',NULL,0),(678,'playerVirtual15','playerVirtual15_3623912006',0,'2018-02-09 15:03:01',NULL,0),(679,'playerVirtual15','playerVirtual15_9b5a99ccad',4,'2018-02-09 15:04:01',NULL,0),(680,'playerVirtual95','playerVirtual95_4246147567',0,'2018-02-09 15:04:23',NULL,0),(681,'playerVirtual95','playerVirtual95_cb8d7877ac',3,'2018-02-09 15:04:23',NULL,0),(682,'playerVirtual95','playerVirtual95_4246147567',0,'2018-02-09 15:04:23',NULL,0);
/*!40000 ALTER TABLE `REQUEST` ENABLE KEYS */;
UNLOCK TABLES;

--
-- Table structure for table `STATUS`
--

DROP TABLE IF EXISTS `STATUS`;
/*!40101 SET @saved_cs_client     = @@character_set_client */;
/*!40101 SET character_set_client = utf8 */;
CREATE TABLE `STATUS` (
  `id` int(11) NOT NULL AUTO_INCREMENT,
  `players` int(11) DEFAULT '0',
  `all_requests` int(11) DEFAULT '0',
  `accepts` int(11) DEFAULT '0',
  `rejects` int(11) DEFAULT '0',
  `fairness` float DEFAULT '0',
  `timestamp` timestamp NULL DEFAULT NULL,
  PRIMARY KEY (`id`)
) ENGINE=InnoDB AUTO_INCREMENT=52 DEFAULT CHARSET=utf8;
/*!40101 SET character_set_client = @saved_cs_client */;

--
-- Dumping data for table `STATUS`
--

LOCK TABLES `STATUS` WRITE;
/*!40000 ALTER TABLE `STATUS` DISABLE KEYS */;
INSERT INTO `STATUS` VALUES (1,0,0,0,0,0,'2018-02-09 12:02:43'),(2,16,21,16,5,0.761905,'2018-02-09 12:07:43'),(3,22,47,29,18,0.617021,'2018-02-09 12:12:43'),(4,28,60,34,26,0.566667,'2018-02-09 12:17:43'),(5,34,72,36,36,0.5,'2018-02-09 12:22:43'),(6,40,74,36,38,0.486486,'2018-02-09 12:27:44'),(7,46,76,36,40,0.473684,'2018-02-09 12:32:44'),(8,52,77,36,41,0.467532,'2018-02-09 12:37:44'),(9,58,82,36,46,0.439024,'2018-02-09 12:42:44'),(10,64,90,36,54,0.4,'2018-02-09 12:47:44'),(11,70,96,36,60,0.375,'2018-02-09 12:52:44'),(12,76,98,36,62,0.367347,'2018-02-09 12:57:44'),(13,82,105,36,69,0.342857,'2018-02-09 13:02:44'),(14,88,113,36,77,0.318584,'2018-02-09 13:07:44'),(15,94,115,36,79,0.313043,'2018-02-09 13:12:44'),(16,100,119,36,83,0.302521,'2018-02-09 13:17:44'),(17,100,128,36,92,0.28125,'2018-02-09 13:22:44'),(18,100,128,36,92,0.28125,'2018-02-09 13:27:45'),(19,100,130,36,94,0.276923,'2018-02-09 13:32:45'),(20,100,136,36,100,0.264706,'2018-02-09 13:37:45'),(21,100,136,36,100,0.264706,'2018-02-09 13:42:45'),(22,100,138,36,102,0.26087,'2018-02-09 13:47:45'),(23,100,143,39,104,0.272727,'2018-02-09 13:52:45'),(24,100,147,38,109,0.258503,'2018-02-09 13:57:45'),(25,100,151,39,112,0.258278,'2018-02-09 14:02:45'),(26,100,153,40,113,0.261438,'2018-02-09 14:07:45'),(27,100,155,41,114,0.264516,'2018-02-09 14:12:45'),(28,100,155,41,114,0.264516,'2018-02-09 14:17:45'),(29,100,157,43,114,0.273885,'2018-02-09 14:22:46'),(30,100,158,44,114,0.278481,'2018-02-09 14:27:46'),(31,100,158,44,114,0.278481,'2018-02-09 14:32:46'),(32,100,158,44,114,0.278481,'2018-02-09 14:37:46'),(33,100,158,44,114,0.278481,'2018-02-09 14:42:46'),(34,100,158,44,114,0.278481,'2018-02-09 14:47:46'),(35,100,158,44,114,0.278481,'2018-02-09 14:52:46'),(36,100,159,45,114,0.283019,'2018-02-09 14:57:46'),(37,100,159,45,114,0.283019,'2018-02-09 15:02:46'),(38,100,161,46,115,0.285714,'2018-02-09 15:07:46'),(39,100,161,46,115,0.285714,'2018-02-09 15:12:46'),(40,100,161,46,115,0.285714,'2018-02-09 15:17:47'),(41,100,161,46,115,0.285714,'2018-02-09 15:22:47'),(42,100,161,46,115,0.285714,'2018-02-09 15:27:47'),(43,100,161,46,115,0.285714,'2018-02-09 15:32:47'),(44,100,161,46,115,0.285714,'2018-02-09 15:37:47'),(45,100,161,46,115,0.285714,'2018-02-09 15:42:47'),(46,100,161,46,115,0.285714,'2018-02-09 15:47:47'),(47,100,161,46,115,0.285714,'2018-02-09 15:52:47'),(48,100,161,46,115,0.285714,'2018-02-09 15:57:47'),(49,100,161,46,115,0.285714,'2018-02-09 16:02:47'),(50,100,161,46,115,0.285714,'2018-02-09 16:07:48'),(51,100,161,46,115,0.285714,'2018-02-09 16:12:48');
/*!40000 ALTER TABLE `STATUS` ENABLE KEYS */;
UNLOCK TABLES;

--
-- Table structure for table `THRESHOLD`
--

DROP TABLE IF EXISTS `THRESHOLD`;
/*!40101 SET @saved_cs_client     = @@character_set_client */;
/*!40101 SET character_set_client = utf8 */;
CREATE TABLE `THRESHOLD` (
  `division` int(11) NOT NULL,
  `botton` float DEFAULT '0',
  `top` float DEFAULT '0',
  PRIMARY KEY (`division`)
) ENGINE=InnoDB DEFAULT CHARSET=utf8;
/*!40101 SET character_set_client = @saved_cs_client */;

--
-- Dumping data for table `THRESHOLD`
--

LOCK TABLES `THRESHOLD` WRITE;
/*!40000 ALTER TABLE `THRESHOLD` DISABLE KEYS */;
INSERT INTO `THRESHOLD` VALUES (1,5.28,8),(2,2.64,5.28),(3,0,2.64);
/*!40000 ALTER TABLE `THRESHOLD` ENABLE KEYS */;
UNLOCK TABLES;

--
-- Table structure for table `VM`
--

DROP TABLE IF EXISTS `VM`;
/*!40101 SET @saved_cs_client     = @@character_set_client */;
/*!40101 SET character_set_client = utf8 */;
CREATE TABLE `VM` (
  `id` int(11) NOT NULL AUTO_INCREMENT,
  `origin_add` varchar(45) NOT NULL,
  `origin_id` varchar(45) NOT NULL,
  `origin_name` varchar(45) NOT NULL,
  `destiny_add` varchar(45) NOT NULL,
  `destiny_name` varchar(45) NOT NULL,
  `destiny_id` varchar(45) NOT NULL,
  `status` tinyint(1) NOT NULL,
  `vcpus` int(11) NOT NULL,
  `mem` bigint(20) NOT NULL,
  `disk` bigint(20) NOT NULL,
  `timestamp_received` timestamp NULL DEFAULT NULL,
  `timestamp_finished` timestamp NULL DEFAULT NULL,
  PRIMARY KEY (`id`)
) ENGINE=InnoDB AUTO_INCREMENT=162 DEFAULT CHARSET=utf8;
/*!40101 SET character_set_client = @saved_cs_client */;

--
-- Dumping data for table `VM`
--

LOCK TABLES `VM` WRITE;
/*!40000 ALTER TABLE `VM` DISABLE KEYS */;
INSERT INTO `VM` VALUES (1,'192.168.0.200','playerVirtual9_450512000','playerVirtual9','192.168.0.200','playerVirtual0','playerVirtual0_ec84050bbb',3,1,2048,20,'2018-02-09 12:03:53','2018-02-09 14:59:14'),(2,'192.168.0.200','playerVirtual13_1438244924','playerVirtual13','192.168.0.200','playerVirtual2','playerVirtual2_de3dcf87be',2,1,2048,20,'2018-02-09 12:04:11','2018-02-09 12:23:45'),(3,'192.168.0.200','playerVirtual11_640692267','playerVirtual11','192.168.0.200','playerVirtual5','playerVirtual5_5554e21061',2,1,512,1,'2018-02-09 12:04:14','2018-02-09 14:09:17'),(4,'192.168.0.200','playerVirtual12_2381571381','playerVirtual12','192.168.0.200','playerVirtual3','playerVirtual3_f65179a7a4',2,1,2048,20,'2018-02-09 12:04:15','2018-02-09 12:27:47'),(5,'192.168.0.200','playerVirtual14_5297461910','playerVirtual14','192.168.0.200','playerVirtual4','playerVirtual4_ac6ca058be',2,1,512,1,'2018-02-09 12:04:16','2018-02-09 12:34:49'),(6,'192.168.0.200','playerVirtual15_2790332778','playerVirtual15','192.168.0.200','playerVirtual1','playerVirtual1_048956a265',1,2,4096,40,'2018-02-09 12:04:19',NULL),(7,'192.168.0.200','playerVirtual2_369721705','playerVirtual2','192.168.0.200','playerVirtual6','playerVirtual6_5f0710ee19',1,2,4096,40,'2018-02-09 12:05:04',NULL),(8,'192.168.0.200','playerVirtual0_317469422','playerVirtual0','192.168.0.200','playerVirtual7','playerVirtual7_7b5dd64643',1,2,4096,40,'2018-02-09 12:05:04',NULL),(9,'192.168.0.200','playerVirtual5_6955737','playerVirtual5','192.168.0.200','playerVirtual8','playerVirtual8_b72e8b709e',3,1,2048,20,'2018-02-09 12:05:04','2018-02-09 12:31:11'),(10,'192.168.0.200','playerVirtual3_257338104','playerVirtual3','192.168.0.200','playerVirtual9','playerVirtual9_4e9836ba30',1,2,4096,40,'2018-02-09 12:05:05',NULL),(11,'192.168.0.200','playerVirtual4_3584940347','playerVirtual4','192.168.0.200','playerVirtual10','playerVirtual4_3584940347',0,1,512,1,'2018-02-09 12:05:05','2018-02-09 12:05:05'),(12,'192.168.0.200','playerVirtual1_2433236783','playerVirtual1','192.168.0.200','playerVirtual11','playerVirtual1_2433236783',0,1,2048,20,'2018-02-09 12:05:05','2018-02-09 12:05:05'),(13,'192.168.0.200','playerVirtual6_3338579772','playerVirtual6','192.168.0.200','playerVirtual13','playerVirtual6_3338579772',0,1,2048,20,'2018-02-09 12:05:06','2018-02-09 12:05:06'),(14,'192.168.0.200','playerVirtual7_257407216','playerVirtual7','192.168.0.200','playerVirtual12','playerVirtual7_257407216',0,2,4096,40,'2018-02-09 12:05:06','2018-02-09 12:05:06'),(15,'192.168.0.200','playerVirtual8_182859403','playerVirtual8','192.168.0.200','playerVirtual14','playerVirtual8_182859403',0,1,512,1,'2018-02-09 12:05:13','2018-02-09 12:05:13'),(16,'192.168.0.200','playerVirtual10_2359368952','playerVirtual10','192.168.0.200','playerVirtual15','playerVirtual15_619f642bc5',2,1,512,1,'2018-02-09 12:05:32','2018-02-09 12:14:42'),(17,'192.168.0.200','playerVirtual9_16917741','playerVirtual9','192.168.0.200','playerVirtual0','playerVirtual0_a740df9380',3,1,512,1,'2018-02-09 12:06:19','2018-02-09 13:08:29'),(18,'192.168.0.200','playerVirtual13_2545640208','playerVirtual13','192.168.0.200','playerVirtual2','playerVirtual2_9be3c7eec1',1,1,2048,20,'2018-02-09 12:06:44',NULL),(19,'192.168.0.200','playerVirtual11_908315','playerVirtual11','192.168.0.200','playerVirtual5','playerVirtual5_72e404a1b3',2,1,2048,20,'2018-02-09 12:06:45','2018-02-09 12:32:49'),(20,'192.168.0.200','playerVirtual12_539194189','playerVirtual12','192.168.0.200','playerVirtual3','playerVirtual3_5f722097ee',2,1,2048,20,'2018-02-09 12:06:53','2018-02-09 12:45:53'),(21,'192.168.0.200','playerVirtual14_4820204870','playerVirtual14','192.168.0.200','playerVirtual4','playerVirtual4_ea79464c4c',3,2,4096,40,'2018-02-09 12:07:34','2018-02-09 12:21:00'),(22,'192.168.0.200','playerVirtual15_8058564','playerVirtual15','192.168.0.200','playerVirtual17','playerVirtual15_8058564',0,1,2048,20,'2018-02-09 12:08:24','2018-02-09 12:08:24'),(23,'192.168.0.200','playerVirtual0_1429160667','playerVirtual0','192.168.0.200','playerVirtual16','playerVirtual0_1429160667',0,1,2048,20,'2018-02-09 12:09:09','2018-02-09 12:09:09'),(24,'192.168.0.200','playerVirtual2_3338010893','playerVirtual2','192.168.0.200','playerVirtual19','playerVirtual2_3338010893',0,1,512,1,'2018-02-09 12:09:10','2018-02-09 12:09:10'),(25,'192.168.0.200','playerVirtual5_82730999','playerVirtual5','192.168.0.200','playerVirtual18','playerVirtual5_82730999',0,1,512,1,'2018-02-09 12:09:14','2018-02-09 12:09:14'),(26,'192.168.0.200','playerVirtual3_351652724','playerVirtual3','192.168.0.200','playerVirtual20','playerVirtual3_351652724',0,1,2048,20,'2018-02-09 12:09:16','2018-02-09 12:09:16'),(27,'192.168.0.200','playerVirtual4_6571218','playerVirtual4','192.168.0.200','playerVirtual21','playerVirtual4_6571218',0,1,2048,20,'2018-02-09 12:09:16','2018-02-09 12:09:16'),(28,'192.168.0.200','playerVirtual1_778566023','playerVirtual1','192.168.0.200','playerVirtual6','playerVirtual6_9b59d7392a',1,1,512,1,'2018-02-09 12:09:18',NULL),(29,'192.168.0.200','playerVirtual7_1436344784','playerVirtual7','192.168.0.200','playerVirtual1','playerVirtual1_3a71b66530',3,1,2048,20,'2018-02-09 12:09:23','2018-02-09 12:27:20'),(30,'192.168.0.200','playerVirtual6_1339662','playerVirtual6','192.168.0.200','playerVirtual7','playerVirtual7_224b5510a3',1,1,2048,20,'2018-02-09 12:09:24',NULL),(31,'192.168.0.200','playerVirtual8_317497342','playerVirtual8','192.168.0.200','playerVirtual9','playerVirtual9_6f9bc35ae1',1,1,512,1,'2018-02-09 12:09:25',NULL),(32,'192.168.0.200','playerVirtual10_284794223','playerVirtual10','192.168.0.200','playerVirtual11','playerVirtual11_30df793ff9',1,1,2048,20,'2018-02-09 12:09:40',NULL),(33,'192.168.0.200','playerVirtual9_359920779','playerVirtual9','192.168.0.200','playerVirtual10','playerVirtual9_359920779',0,1,512,1,'2018-02-09 12:10:26','2018-02-09 12:10:26'),(34,'192.168.0.200','playerVirtual13_904011','playerVirtual13','192.168.0.200','playerVirtual12','playerVirtual12_a955a22000',2,1,2048,20,'2018-02-09 12:10:44','2018-02-09 12:34:49'),(35,'192.168.0.200','playerVirtual11_2904109077','playerVirtual11','192.168.0.200','playerVirtual13','playerVirtual13_2538f87d9f',1,1,512,1,'2018-02-09 12:10:48',NULL),(36,'192.168.0.200','playerVirtual12_257338074','playerVirtual12','192.168.0.200','playerVirtual14','playerVirtual14_bfc947dedc',1,2,4096,40,'2018-02-09 12:10:49',NULL),(37,'192.168.0.200','playerVirtual14_470485660','playerVirtual14','192.168.0.200','playerVirtual15','playerVirtual15_6c820136f9',1,2,4096,40,'2018-02-09 12:10:53',NULL),(38,'192.168.0.200','playerVirtual15_400453824','playerVirtual15','192.168.0.200','playerVirtual0','playerVirtual0_9c0e15e5fa',1,1,512,1,'2018-02-09 12:11:07',NULL),(39,'192.168.0.200','playerVirtual20_905614','playerVirtual20','192.168.0.200','playerVirtual2','playerVirtual2_10f9d30605',1,1,2048,20,'2018-02-09 12:11:42',NULL),(40,'192.168.0.200','playerVirtual19_1093460','playerVirtual19','192.168.0.200','playerVirtual5','playerVirtual5_8639a7e3ef',1,1,512,1,'2018-02-09 12:11:43',NULL),(41,'192.168.0.200','playerVirtual17_6569547','playerVirtual17','192.168.0.200','playerVirtual3','playerVirtual3_8a5c2deefe',1,1,2048,20,'2018-02-09 12:11:44',NULL),(42,'192.168.0.200','playerVirtual0_4820318661','playerVirtual0','192.168.0.200','playerVirtual17','playerVirtual0_4820318661',0,2,4096,40,'2018-02-09 12:11:59','2018-02-09 12:11:59'),(43,'192.168.0.200','playerVirtual2_4819935267','playerVirtual2','192.168.0.200','playerVirtual16','playerVirtual2_4819935267',0,2,4096,40,'2018-02-09 12:12:00','2018-02-09 12:12:00'),(44,'192.168.0.200','playerVirtual5_4820217293','playerVirtual5','192.168.0.200','playerVirtual19','playerVirtual5_4820217293',0,2,4096,40,'2018-02-09 12:12:04','2018-02-09 12:12:04'),(45,'192.168.0.200','playerVirtual3_6264344062','playerVirtual3','192.168.0.200','playerVirtual18','playerVirtual3_6264344062',0,1,512,1,'2018-02-09 12:12:04','2018-02-09 12:12:04'),(46,'192.168.0.200','playerVirtual4_2378747961','playerVirtual4','192.168.0.200','playerVirtual20','playerVirtual4_2378747961',0,1,512,1,'2018-02-09 12:12:15','2018-02-09 12:12:15'),(47,'192.168.0.200','playerVirtual1_5068098508','playerVirtual1','192.168.0.200','playerVirtual21','playerVirtual1_5068098508',0,1,2048,20,'2018-02-09 12:12:19','2018-02-09 12:12:19'),(48,'192.168.0.200','playerVirtual16_30788568','playerVirtual16','192.168.0.200','playerVirtual1','playerVirtual1_7dfcd31fa9',1,1,512,1,'2018-02-09 12:12:47',NULL),(49,'192.168.0.200','playerVirtual18_5792765','playerVirtual18','192.168.0.200','playerVirtual7','playerVirtual7_64e29550cf',2,1,512,1,'2018-02-09 12:12:49','2018-02-09 13:20:03'),(50,'192.168.0.200','playerVirtual21_38671842','playerVirtual21','192.168.0.200','playerVirtual13','playerVirtual21_38671842',0,1,512,1,'2018-02-09 12:12:56','2018-02-09 12:12:56'),(51,'192.168.0.200','playerVirtual7_227443932','playerVirtual7','192.168.0.200','playerVirtual14','playerVirtual7_227443932',0,1,2048,20,'2018-02-09 12:13:34','2018-02-09 12:13:34'),(52,'192.168.0.200','playerVirtual6_1095593','playerVirtual6','192.168.0.200','playerVirtual4','playerVirtual4_11f4dfd90c',3,1,512,1,'2018-02-09 12:13:34','2018-02-09 12:38:01'),(53,'192.168.0.200','playerVirtual8_2148750930','playerVirtual8','192.168.0.200','playerVirtual2','playerVirtual2_b785234e89',3,1,2048,20,'2018-02-09 12:13:45','2018-02-09 13:27:18'),(54,'192.168.0.200','playerVirtual9_563574327','playerVirtual9','192.168.0.200','playerVirtual22','playerVirtual9_563574327',0,1,2048,20,'2018-02-09 12:14:55','2018-02-09 12:14:55'),(55,'192.168.0.200','playerVirtual13_765651','playerVirtual13','192.168.0.200','playerVirtual23','playerVirtual13_765651',0,1,2048,20,'2018-02-09 12:15:23','2018-02-09 12:15:23'),(56,'192.168.0.200','playerVirtual20_6274355716','playerVirtual20','192.168.0.200','playerVirtual24','playerVirtual20_6274355716',0,1,512,1,'2018-02-09 12:15:59','2018-02-09 12:15:59'),(57,'192.168.0.200','playerVirtual19_38676294','playerVirtual19','192.168.0.200','playerVirtual25','playerVirtual19_38676294',0,1,512,1,'2018-02-09 12:16:00','2018-02-09 12:16:00'),(58,'192.168.0.200','playerVirtual14_284757920','playerVirtual14','192.168.0.200','playerVirtual27','playerVirtual14_284757920',0,1,2048,20,'2018-02-09 12:16:20','2018-02-09 12:16:20'),(59,'192.168.0.200','playerVirtual17_182859403','playerVirtual17','192.168.0.200','playerVirtual26','playerVirtual17_182859403',0,1,512,1,'2018-02-09 12:17:02','2018-02-09 12:17:02'),(60,'192.168.0.200','playerVirtual15_272887063','playerVirtual15','192.168.0.200','playerVirtual9','playerVirtual9_a058c0a4c8',3,1,2048,20,'2018-02-09 12:17:12','2018-02-09 12:22:06'),(61,'192.168.0.200','playerVirtual0_4820204870','playerVirtual0','192.168.0.200','playerVirtual28','playerVirtual0_4820204870',0,2,4096,40,'2018-02-09 12:19:18','2018-02-09 12:19:18'),(62,'192.168.0.200','playerVirtual2_990694203','playerVirtual2','192.168.0.200','playerVirtual30','playerVirtual2_990694203',0,1,2048,20,'2018-02-09 12:19:36','2018-02-09 12:19:36'),(63,'192.168.0.200','playerVirtual5_990694203','playerVirtual5','192.168.0.200','playerVirtual29','playerVirtual5_990694203',0,1,2048,20,'2018-02-09 12:19:53','2018-02-09 12:19:53'),(64,'192.168.0.200','playerVirtual3_6280638724','playerVirtual3','192.168.0.200','playerVirtual31','playerVirtual3_6280638724',0,1,512,1,'2018-02-09 12:20:00','2018-02-09 12:20:00'),(65,'192.168.0.200','playerVirtual4_6280643141','playerVirtual4','192.168.0.200','playerVirtual32','playerVirtual4_6280643141',0,1,512,1,'2018-02-09 12:20:00','2018-02-09 12:20:00'),(66,'192.168.0.200','playerVirtual1_4476462938','playerVirtual1','192.168.0.200','playerVirtual33','playerVirtual1_4476462938',0,1,2048,20,'2018-02-09 12:20:12','2018-02-09 12:20:12'),(67,'192.168.0.200','playerVirtual7_6285257156','playerVirtual7','192.168.0.200','playerVirtual15','playerVirtual7_6285257156',0,1,512,1,'2018-02-09 12:21:14','2018-02-09 12:21:14'),(68,'192.168.0.200','playerVirtual6_6955737','playerVirtual6','192.168.0.200','playerVirtual0','playerVirtual0_83819afec5',3,1,2048,20,'2018-02-09 12:21:42','2018-02-09 12:25:52'),(69,'192.168.0.200','playerVirtual22_682797','playerVirtual22','192.168.0.200','playerVirtual3','playerVirtual3_7f3a447772',1,1,2048,20,'2018-02-09 12:22:34',NULL),(70,'192.168.0.200','playerVirtual23_214880781','playerVirtual23','192.168.0.200','playerVirtual13','playerVirtual23_214880781',0,1,2048,20,'2018-02-09 12:22:37','2018-02-09 12:22:37'),(71,'192.168.0.200','playerVirtual25_1094955','playerVirtual25','192.168.0.200','playerVirtual14','playerVirtual25_1094955',0,1,512,1,'2018-02-09 12:22:39','2018-02-09 12:22:39'),(72,'192.168.0.200','playerVirtual24_16914091','playerVirtual24','192.168.0.200','playerVirtual22','playerVirtual22_1ee1148c6a',1,1,2048,20,'2018-02-09 12:22:42',NULL),(73,'192.168.0.200','playerVirtual9_3338579772','playerVirtual9','192.168.0.200','playerVirtual5','playerVirtual5_032182c89f',3,1,2048,20,'2018-02-09 12:23:04','2018-02-09 13:17:56'),(74,'192.168.0.200','playerVirtual8_1438244924','playerVirtual8','192.168.0.200','playerVirtual34','playerVirtual8_1438244924',0,1,2048,20,'2018-02-09 12:26:12','2018-02-09 12:26:12'),(75,'192.168.0.200','playerVirtual0_6301942525','playerVirtual0','192.168.0.200','playerVirtual35','playerVirtual0_6301942525',0,1,512,1,'2018-02-09 12:30:19','2018-02-09 12:30:19'),(76,'192.168.0.200','playerVirtual1_5297461910','playerVirtual1','192.168.0.200','playerVirtual37','playerVirtual1_5297461910',0,1,512,1,'2018-02-09 12:31:23','2018-02-09 12:31:23'),(77,'192.168.0.200','playerVirtual15_1095593','playerVirtual15','192.168.0.200','playerVirtual36','playerVirtual15_1095593',0,1,512,1,'2018-02-09 12:36:24','2018-02-09 12:36:24'),(78,'192.168.0.200','playerVirtual9_6315250734','playerVirtual9','192.168.0.200','playerVirtual38','playerVirtual9_6315250734',0,1,512,1,'2018-02-09 12:38:22','2018-02-09 12:38:22'),(79,'192.168.0.200','playerVirtual2_6274355716','playerVirtual2','192.168.0.200','playerVirtual39','playerVirtual2_6274355716',0,1,512,1,'2018-02-09 12:39:21','2018-02-09 12:39:21'),(80,'192.168.0.200','playerVirtual35_182859403','playerVirtual35','192.168.0.200','playerVirtual40','playerVirtual35_182859403',0,1,512,1,'2018-02-09 12:41:02','2018-02-09 12:41:02'),(81,'192.168.0.200','playerVirtual37_908315','playerVirtual37','192.168.0.200','playerVirtual41','playerVirtual37_908315',0,1,2048,20,'2018-02-09 12:41:05','2018-02-09 12:41:05'),(82,'192.168.0.200','playerVirtual8_990694203','playerVirtual8','192.168.0.200','playerVirtual42','playerVirtual8_990694203',0,1,2048,20,'2018-02-09 12:41:56','2018-02-09 12:41:56'),(83,'192.168.0.200','playerVirtual4_6316827871','playerVirtual4','192.168.0.200','playerVirtual43','playerVirtual4_6316827871',0,1,512,1,'2018-02-09 12:42:56','2018-02-09 12:42:56'),(84,'192.168.0.200','playerVirtual3_5068098508','playerVirtual3','192.168.0.200','playerVirtual44','playerVirtual3_5068098508',0,1,2048,20,'2018-02-09 12:42:58','2018-02-09 12:42:58'),(85,'192.168.0.200','playerVirtual7_4246147567','playerVirtual7','192.168.0.200','playerVirtual45','playerVirtual7_4246147567',0,2,4096,40,'2018-02-09 12:44:39','2018-02-09 12:44:39'),(86,'192.168.0.200','playerVirtual38_4246147567','playerVirtual38','192.168.0.200','playerVirtual46','playerVirtual38_4246147567',0,2,4096,40,'2018-02-09 12:44:44','2018-02-09 12:44:44'),(87,'192.168.0.200','playerVirtual36_4246147567','playerVirtual36','192.168.0.200','playerVirtual48','playerVirtual36_4246147567',0,2,4096,40,'2018-02-09 12:44:57','2018-02-09 12:44:57'),(88,'192.168.0.200','playerVirtual39_2378747961','playerVirtual39','192.168.0.200','playerVirtual47','playerVirtual39_2378747961',0,1,512,1,'2018-02-09 12:45:07','2018-02-09 12:45:07'),(89,'192.168.0.200','playerVirtual0_4246147567','playerVirtual0','192.168.0.200','playerVirtual49','playerVirtual0_4246147567',0,2,4096,40,'2018-02-09 12:46:10','2018-02-09 12:46:10'),(90,'192.168.0.200','playerVirtual5_4246147567','playerVirtual5','192.168.0.200','playerVirtual50','playerVirtual5_4246147567',0,2,4096,40,'2018-02-09 12:47:22','2018-02-09 12:47:22'),(91,'192.168.0.200','playerVirtual40_4246147567','playerVirtual40','192.168.0.200','playerVirtual51','playerVirtual40_4246147567',0,2,4096,40,'2018-02-09 12:49:49','2018-02-09 12:49:49'),(92,'192.168.0.200','playerVirtual41_4246147567','playerVirtual41','192.168.0.200','playerVirtual52','playerVirtual41_4246147567',0,2,4096,40,'2018-02-09 12:51:03','2018-02-09 12:51:03'),(93,'192.168.0.200','playerVirtual42_4246147567','playerVirtual42','192.168.0.200','playerVirtual53','playerVirtual42_4246147567',0,2,4096,40,'2018-02-09 12:51:18','2018-02-09 12:51:18'),(94,'192.168.0.200','playerVirtual43_4246147567','playerVirtual43','192.168.0.200','playerVirtual54','playerVirtual43_4246147567',0,2,4096,40,'2018-02-09 12:51:31','2018-02-09 12:51:31'),(95,'192.168.0.200','playerVirtual44_1095593','playerVirtual44','192.168.0.200','playerVirtual55','playerVirtual44_1095593',0,1,512,1,'2018-02-09 12:51:38','2018-02-09 12:51:38'),(96,'192.168.0.200','playerVirtual45_6322213339','playerVirtual45','192.168.0.200','playerVirtual56','playerVirtual45_6322213339',0,1,512,1,'2018-02-09 12:51:42','2018-02-09 12:51:42'),(97,'192.168.0.200','playerVirtual2_6566788','playerVirtual2','192.168.0.200','playerVirtual57','playerVirtual2_6566788',0,1,2048,20,'2018-02-09 12:53:12','2018-02-09 12:53:12'),(98,'192.168.0.200','playerVirtual4_4246147567','playerVirtual4','192.168.0.200','playerVirtual58','playerVirtual4_4246147567',0,2,4096,40,'2018-02-09 12:56:04','2018-02-09 12:56:04'),(99,'192.168.0.200','playerVirtual48_4246147567','playerVirtual48','192.168.0.200','playerVirtual59','playerVirtual48_4246147567',0,2,4096,40,'2018-02-09 12:59:26','2018-02-09 12:59:26'),(100,'192.168.0.200','playerVirtual46_4246147567','playerVirtual46','192.168.0.200','playerVirtual60','playerVirtual46_4246147567',0,2,4096,40,'2018-02-09 12:59:41','2018-02-09 12:59:41'),(101,'192.168.0.200','playerVirtual47_4246147567','playerVirtual47','192.168.0.200','playerVirtual61','playerVirtual47_4246147567',0,2,4096,40,'2018-02-09 12:59:55','2018-02-09 12:59:55'),(102,'192.168.0.200','playerVirtual49_4246147567','playerVirtual49','192.168.0.200','playerVirtual63','playerVirtual49_4246147567',0,2,4096,40,'2018-02-09 13:00:10','2018-02-09 13:00:10'),(103,'192.168.0.200','playerVirtual50_4246147567','playerVirtual50','192.168.0.200','playerVirtual62','playerVirtual50_4246147567',0,2,4096,40,'2018-02-09 13:00:23','2018-02-09 13:00:23'),(104,'192.168.0.200','playerVirtual51_4246147567','playerVirtual51','192.168.0.200','playerVirtual64','playerVirtual51_4246147567',0,2,4096,40,'2018-02-09 13:00:37','2018-02-09 13:00:37'),(105,'192.168.0.200','playerVirtual6_272887063','playerVirtual6','192.168.0.200','playerVirtual65','playerVirtual6_272887063',0,1,2048,20,'2018-02-09 13:01:41','2018-02-09 13:01:41'),(106,'192.168.0.200','playerVirtual44_4246147567','playerVirtual44','192.168.0.200','playerVirtual67','playerVirtual44_4246147567',0,2,4096,40,'2018-02-09 13:04:38','2018-02-09 13:04:38'),(107,'192.168.0.200','playerVirtual45_4246147567','playerVirtual45','192.168.0.200','playerVirtual66','playerVirtual45_4246147567',0,2,4096,40,'2018-02-09 13:04:52','2018-02-09 13:04:52'),(108,'192.168.0.200','playerVirtual52_4246147567','playerVirtual52','192.168.0.200','playerVirtual68','playerVirtual52_4246147567',0,2,4096,40,'2018-02-09 13:06:38','2018-02-09 13:06:38'),(109,'192.168.0.200','playerVirtual53_4246147567','playerVirtual53','192.168.0.200','playerVirtual69','playerVirtual53_4246147567',0,2,4096,40,'2018-02-09 13:07:05','2018-02-09 13:07:05'),(110,'192.168.0.200','playerVirtual15_16917741','playerVirtual15','192.168.0.200','playerVirtual70','playerVirtual15_16917741',0,1,512,1,'2018-02-09 13:07:13','2018-02-09 13:07:13'),(111,'192.168.0.200','playerVirtual54_6566788','playerVirtual54','192.168.0.200','playerVirtual71','playerVirtual54_6566788',0,1,2048,20,'2018-02-09 13:07:18','2018-02-09 13:07:18'),(112,'192.168.0.200','playerVirtual55_4246147567','playerVirtual55','192.168.0.200','playerVirtual72','playerVirtual55_4246147567',0,2,4096,40,'2018-02-09 13:07:18','2018-02-09 13:07:18'),(113,'192.168.0.200','playerVirtual56_82730999','playerVirtual56','192.168.0.200','playerVirtual73','playerVirtual56_82730999',0,1,512,1,'2018-02-09 13:07:30','2018-02-09 13:07:30'),(114,'192.168.0.200','playerVirtual57_4246147567','playerVirtual57','192.168.0.200','playerVirtual74','playerVirtual57_4246147567',0,2,4096,40,'2018-02-09 13:07:50','2018-02-09 13:07:50'),(115,'192.168.0.200','playerVirtual62_5297461910','playerVirtual62','192.168.0.200','playerVirtual75','playerVirtual62_5297461910',0,1,512,1,'2018-02-09 13:12:07','2018-02-09 13:12:07'),(116,'192.168.0.200','playerVirtual59_5068098508','playerVirtual59','192.168.0.200','playerVirtual76','playerVirtual59_5068098508',0,1,2048,20,'2018-02-09 13:13:52','2018-02-09 13:13:52'),(117,'192.168.0.200','playerVirtual60_4246147567','playerVirtual60','192.168.0.200','playerVirtual78','playerVirtual60_4246147567',0,2,4096,40,'2018-02-09 13:13:56','2018-02-09 13:13:56'),(118,'192.168.0.200','playerVirtual61_990694203','playerVirtual61','192.168.0.200','playerVirtual80','playerVirtual61_990694203',0,1,2048,20,'2018-02-09 13:14:08','2018-02-09 13:14:08'),(119,'192.168.0.200','playerVirtual63_4246147567','playerVirtual63','192.168.0.200','playerVirtual77','playerVirtual63_4246147567',0,2,4096,40,'2018-02-09 13:14:11','2018-02-09 13:14:11'),(120,'192.168.0.200','playerVirtual3_4246147567','playerVirtual3','192.168.0.200','playerVirtual79','playerVirtual3_4246147567',0,2,4096,40,'2018-02-09 13:18:10','2018-02-09 13:18:10'),(121,'192.168.0.200','playerVirtual2_4246147567','playerVirtual2','192.168.0.200','playerVirtual81','playerVirtual2_4246147567',0,2,4096,40,'2018-02-09 13:18:35','2018-02-09 13:18:35'),(122,'192.168.0.200','playerVirtual67_4246147567','playerVirtual67','192.168.0.200','playerVirtual82','playerVirtual67_4246147567',0,2,4096,40,'2018-02-09 13:19:34','2018-02-09 13:19:34'),(123,'192.168.0.200','playerVirtual1_4246147567','playerVirtual1','192.168.0.200','playerVirtual84','playerVirtual1_4246147567',0,2,4096,40,'2018-02-09 13:19:35','2018-02-09 13:19:35'),(124,'192.168.0.200','playerVirtual7_4246147567','playerVirtual7','192.168.0.200','playerVirtual86','playerVirtual7_4246147567',0,2,4096,40,'2018-02-09 13:19:37','2018-02-09 13:19:37'),(125,'192.168.0.200','playerVirtual6_4246147567','playerVirtual6','192.168.0.200','playerVirtual83','playerVirtual6_4246147567',0,2,4096,40,'2018-02-09 13:19:56','2018-02-09 13:19:56'),(126,'192.168.0.200','playerVirtual66_4246147567','playerVirtual66','192.168.0.200','playerVirtual87','playerVirtual66_4246147567',0,2,4096,40,'2018-02-09 13:20:18','2018-02-09 13:20:18'),(127,'192.168.0.200','playerVirtual68_4246147567','playerVirtual68','192.168.0.200','playerVirtual85','playerVirtual68_4246147567',0,2,4096,40,'2018-02-09 13:21:28','2018-02-09 13:21:28'),(128,'192.168.0.200','playerVirtual69_4246147567','playerVirtual69','192.168.0.200','playerVirtual88','playerVirtual69_4246147567',0,2,4096,40,'2018-02-09 13:21:56','2018-02-09 13:21:56'),(129,'192.168.0.200','playerVirtual74_4246147567','playerVirtual74','192.168.0.200','playerVirtual90','playerVirtual74_4246147567',0,2,4096,40,'2018-02-09 13:29:58','2018-02-09 13:29:58'),(130,'192.168.0.200','playerVirtual75_4246147567','playerVirtual75','192.168.0.200','playerVirtual92','playerVirtual75_4246147567',0,2,4096,40,'2018-02-09 13:30:10','2018-02-09 13:30:10'),(131,'192.168.0.200','playerVirtual80_4246147567','playerVirtual80','192.168.0.200','playerVirtual89','playerVirtual80_4246147567',0,2,4096,40,'2018-02-09 13:35:12','2018-02-09 13:35:12'),(132,'192.168.0.200','playerVirtual76_990694203','playerVirtual76','192.168.0.200','playerVirtual93','playerVirtual76_990694203',0,1,2048,20,'2018-02-09 13:35:14','2018-02-09 13:35:14'),(133,'192.168.0.200','playerVirtual79_4246147567','playerVirtual79','192.168.0.200','playerVirtual91','playerVirtual79_4246147567',0,2,4096,40,'2018-02-09 13:35:28','2018-02-09 13:35:28'),(134,'192.168.0.200','playerVirtual81_4246147567','playerVirtual81','192.168.0.200','playerVirtual95','playerVirtual81_4246147567',0,2,4096,40,'2018-02-09 13:35:41','2018-02-09 13:35:41'),(135,'192.168.0.200','playerVirtual78_4246147567','playerVirtual78','192.168.0.200','playerVirtual98','playerVirtual78_4246147567',0,2,4096,40,'2018-02-09 13:36:51','2018-02-09 13:36:51'),(136,'192.168.0.200','playerVirtual77_539194189','playerVirtual77','192.168.0.200','playerVirtual99','playerVirtual77_539194189',0,1,2048,20,'2018-02-09 13:37:02','2018-02-09 13:37:02'),(137,'192.168.0.200','playerVirtual5_6408086842','playerVirtual5','192.168.0.200','playerVirtual94','playerVirtual5_6408086842',0,1,512,1,'2018-02-09 13:43:30','2018-02-09 13:43:30'),(138,'192.168.0.200','playerVirtual0_4246147567','playerVirtual0','192.168.0.200','playerVirtual96','playerVirtual0_4246147567',0,2,4096,40,'2018-02-09 13:45:38','2018-02-09 13:45:38'),(139,'192.168.0.200','playerVirtual89_4246147567','playerVirtual89','192.168.0.200','playerVirtual97','playerVirtual89_4246147567',0,2,4096,40,'2018-02-09 13:49:56','2018-02-09 13:49:56'),(140,'192.168.0.200','playerVirtual93_6391270721','playerVirtual93','192.168.0.200','playerVirtual8','playerVirtual8_5872d79622',1,1,512,1,'2018-02-09 13:49:58',NULL),(141,'192.168.0.200','playerVirtual90_4246147567','playerVirtual90','192.168.0.200','playerVirtual2','playerVirtual2_53387a9175',3,2,4096,40,'2018-02-09 13:51:22','2018-02-09 13:53:23'),(142,'192.168.0.200','playerVirtual92_4246147567','playerVirtual92','192.168.0.200','playerVirtual15','playerVirtual92_4246147567',0,2,4096,40,'2018-02-09 13:51:37','2018-02-09 13:51:37'),(143,'192.168.0.200','playerVirtual91_4246147567','playerVirtual91','192.168.0.200','playerVirtual3','playerVirtual3_05cae30d74',3,2,4096,40,'2018-02-09 13:51:52','2018-02-09 13:53:53'),(144,'192.168.0.200','playerVirtual15_4246147567','playerVirtual15','192.168.0.200','playerVirtual90','playerVirtual15_4246147567',0,2,4096,40,'2018-02-09 13:54:03','2018-02-09 13:54:03'),(145,'192.168.0.200','playerVirtual9_4246147567','playerVirtual9','192.168.0.200','playerVirtual1','playerVirtual1_27d465711d',3,2,4096,40,'2018-02-09 13:55:10','2018-02-09 14:05:37'),(146,'192.168.0.200','playerVirtual95_4246147567','playerVirtual95','192.168.0.200','playerVirtual92','playerVirtual95_4246147567',0,2,4096,40,'2018-02-09 13:56:38','2018-02-09 13:56:38'),(147,'192.168.0.200','playerVirtual98_6400066596','playerVirtual98','192.168.0.200','playerVirtual89','playerVirtual98_6400066596',0,1,512,1,'2018-02-09 13:56:44','2018-02-09 13:56:44'),(148,'192.168.0.200','playerVirtual99_6401302061','playerVirtual99','192.168.0.200','playerVirtual93','playerVirtual99_6401302061',0,1,512,1,'2018-02-09 13:58:03','2018-02-09 13:58:03'),(149,'192.168.0.200','playerVirtual94_4246147567','playerVirtual94','192.168.0.200','playerVirtual91','playerVirtual94_4246147567',0,2,4096,40,'2018-02-09 13:58:06','2018-02-09 13:58:06'),(150,'192.168.0.200','playerVirtual96_4246147567','playerVirtual96','192.168.0.200','playerVirtual95','playerVirtual95_843b905acc',3,2,4096,40,'2018-02-09 13:58:21','2018-02-09 14:00:22'),(151,'192.168.0.200','playerVirtual97_1438244924','playerVirtual97','192.168.0.200','playerVirtual98','playerVirtual98_b07d72d2ff',3,1,2048,20,'2018-02-09 13:58:32','2018-02-09 14:12:30'),(152,'192.168.0.200','playerVirtual8_4246147567','playerVirtual8','192.168.0.200','playerVirtual94','playerVirtual8_4246147567',0,2,4096,40,'2018-02-09 14:04:31','2018-02-09 14:04:31'),(153,'192.168.0.200','playerVirtual4_4246147567','playerVirtual4','192.168.0.200','playerVirtual7','playerVirtual7_3356cdc9bc',1,2,4096,40,'2018-02-09 14:04:55',NULL),(154,'192.168.0.200','playerVirtual3_4246147567','playerVirtual3','192.168.0.200','playerVirtual96','playerVirtual3_4246147567',0,2,4096,40,'2018-02-09 14:08:44','2018-02-09 14:08:44'),(155,'192.168.0.200','playerVirtual7_16917741','playerVirtual7','192.168.0.200','playerVirtual4','playerVirtual4_04b48ffa0c',1,1,512,1,'2018-02-09 14:09:02',NULL),(156,'192.168.0.200','playerVirtual5_4246147567','playerVirtual5','192.168.0.200','playerVirtual9','playerVirtual9_51d592c0c4',1,2,4096,40,'2018-02-09 14:20:24',NULL),(157,'192.168.0.200','playerVirtual1_3539487736','playerVirtual1','192.168.0.200','playerVirtual0','playerVirtual0_99e1debdc0',1,1,2048,20,'2018-02-09 14:21:26',NULL),(158,'192.168.0.200','playerVirtual6_4246147567','playerVirtual6','192.168.0.200','playerVirtual5','playerVirtual5_ad8c4c4df1',1,2,4096,40,'2018-02-09 14:22:59',NULL),(159,'192.168.0.200','playerVirtual0_4246147567','playerVirtual0','192.168.0.200','playerVirtual2','playerVirtual2_5b78215a22',1,2,4096,40,'2018-02-09 14:55:07',NULL),(160,'192.168.0.200','playerVirtual15_3623912006','playerVirtual15','192.168.0.200','playerVirtual3','playerVirtual3_ae263e619b',1,2,4096,40,'2018-02-09 15:03:01',NULL),(161,'192.168.0.200','playerVirtual95_4246147567','playerVirtual95','192.168.0.200','playerVirtual15','playerVirtual95_4246147567',0,2,4096,40,'2018-02-09 15:04:23','2018-02-09 15:04:23');
/*!40000 ALTER TABLE `VM` ENABLE KEYS */;
UNLOCK TABLES;
/*!40103 SET TIME_ZONE=@OLD_TIME_ZONE */;

/*!40101 SET SQL_MODE=@OLD_SQL_MODE */;
/*!40014 SET FOREIGN_KEY_CHECKS=@OLD_FOREIGN_KEY_CHECKS */;
/*!40014 SET UNIQUE_CHECKS=@OLD_UNIQUE_CHECKS */;
/*!40101 SET CHARACTER_SET_CLIENT=@OLD_CHARACTER_SET_CLIENT */;
/*!40101 SET CHARACTER_SET_RESULTS=@OLD_CHARACTER_SET_RESULTS */;
/*!40101 SET COLLATION_CONNECTION=@OLD_COLLATION_CONNECTION */;
/*!40111 SET SQL_NOTES=@OLD_SQL_NOTES */;

-- Dump completed on 2018-02-09 11:12:59
