-- MySQL dump 10.14  Distrib 5.5.56-MariaDB, for Linux (x86_64)
--
-- Host: localhost    Database: mct
-- ------------------------------------------------------
-- Server version	5.5.56-MariaDB

/*!40101 SET @OLD_CHARACTER_SET_CLIENT=@@CHARACTER_SET_CLIENT */;
/*!40101 SET @OLD_CHARACTER_SET_RESULTS=@@CHARACTER_SET_RESULTS */;
/*!40101 SET @OLD_COLLATION_CONNECTION=@@COLLATION_CONNECTION */;
/*!40101 SET NAMES utf8 */;
/*!40103 SET @OLD_TIME_ZONE=@@TIME_ZONE */;
/*!40103 SET TIME_ZONE='+00:00' */;
/*!40014 SET @OLD_UNIQUE_CHECKS=@@UNIQUE_CHECKS, UNIQUE_CHECKS=0 */;
/*!40014 SET @OLD_FOREIGN_KEY_CHECKS=@@FOREIGN_KEY_CHECKS, FOREIGN_KEY_CHECKS=0 */;
/*!40101 SET @OLD_SQL_MODE=@@SQL_MODE, SQL_MODE='NO_AUTO_VALUE_ON_ZERO' */;
/*!40111 SET @OLD_SQL_NOTES=@@SQL_NOTES, SQL_NOTES=0 */;

--
-- Table structure for table `FIELDS`
--

DROP TABLE IF EXISTS `FIELDS`;
/*!40101 SET @saved_cs_client     = @@character_set_client */;
/*!40101 SET character_set_client = utf8 */;
CREATE TABLE `FIELDS` (
  `operation` int(11) NOT NULL,
  `fields` varchar(45) NOT NULL,
  PRIMARY KEY (`operation`)
) ENGINE=InnoDB DEFAULT CHARSET=utf8;
/*!40101 SET character_set_client = @saved_cs_client */;

--
-- Dumping data for table `FIELDS`
--

LOCK TABLES `FIELDS` WRITE;
/*!40000 ALTER TABLE `FIELDS` DISABLE KEYS */;
INSERT INTO `FIELDS` VALUES (0,'name mem image vcpus disk uuid');
/*!40000 ALTER TABLE `FIELDS` ENABLE KEYS */;
UNLOCK TABLES;

--
-- Table structure for table `PLAYER`
--

DROP TABLE IF EXISTS `PLAYER`;
/*!40101 SET @saved_cs_client     = @@character_set_client */;
/*!40101 SET character_set_client = utf8 */;
CREATE TABLE `PLAYER` (
  `id` int(11) NOT NULL AUTO_INCREMENT,
  `name` varchar(45) NOT NULL,
  `address` varchar(45) NOT NULL,
  `division` int(11) DEFAULT NULL,
  `score` float DEFAULT '0',
  `history` int(11) DEFAULT '0',
  `fairness` float DEFAULT '0',
  `accepts` int(11) DEFAULT '0',
  `rejects` int(11) DEFAULT '0',
  `running` int(11) DEFAULT '0',
  `finished` int(11) DEFAULT '0',
  `problem_del` int(11) DEFAULT '0',
  `vcpus` int(11) DEFAULT '0',
  `memory` bigint(20) DEFAULT '0',
  `local_gb` bigint(20) DEFAULT '0',
  `vcpus_used` bigint(20) DEFAULT '0',
  `memory_used` bigint(20) DEFAULT '0',
  `local_gb_used` bigint(20) DEFAULT '0',
  `max_instance` int(11) DEFAULT '0',
  `token` varchar(45) DEFAULT NULL,
  `suspend` timestamp NULL DEFAULT NULL,
  `enabled` int(11) DEFAULT '0',
  `last_choice` timestamp NOT NULL DEFAULT '2018-01-01 05:00:00',
  `playoff` tinyint(1) DEFAULT '0',
  PRIMARY KEY (`id`)
) ENGINE=InnoDB AUTO_INCREMENT=21 DEFAULT CHARSET=utf8;
/*!40101 SET character_set_client = @saved_cs_client */;

--
-- Dumping data for table `PLAYER`
--

LOCK TABLES `PLAYER` WRITE;
/*!40000 ALTER TABLE `PLAYER` DISABLE KEYS */;
INSERT INTO `PLAYER` VALUES (1,'playerVirtual14','192.168.0.200',1,8.95,27,0.909091,10,1,1,9,0,1023,1047552,10230,0,-1536,-19,99,'2b947dc8f68eecbc546f89a7c69fea109549fd43',NULL,1,'2018-02-16 13:53:12',0),(2,'playerVirtual16','192.168.0.200',1,11.61,49,1,11,1,3,8,0,1023,1047552,10230,4,6656,61,99,'682df4b521268c8d6cddc51108e5be502d466a34',NULL,1,'2018-02-16 13:53:50',0),(3,'playerVirtual19','192.168.0.200',1,13.28,49,0,12,0,8,4,0,1023,1047552,10230,10,14336,124,99,'d698f0d21a9a43e1c6a522017947c3b5aa454dde',NULL,1,'2018-02-16 14:18:23',0),(4,'playerVirtual7','192.168.0.200',1,10.29,49,1,11,1,5,6,0,1023,1047552,10230,5,4096,24,99,'921af65b5c6f7679954c4ae3fbf641733fa98753',NULL,1,'2018-02-16 13:41:16',0),(5,'playerVirtual3','192.168.0.200',4,-3,0,1,0,3,0,0,0,1023,1047552,10230,0,0,0,99,'c533bd3cc0d2e30479c436c4a69f3a2b0f64fd99',NULL,0,'2018-02-16 10:20:13',1),(6,'playerVirtual0','192.168.0.200',1,12.61,49,1,12,0,6,6,0,1023,1047552,10230,8,13312,122,99,'9b40a9eb0f0b715323bc7ecdffdf68d893fc5c05',NULL,1,'2018-02-16 13:47:18',0),(7,'playerVirtual5','192.168.0.200',1,11.29,49,1,11,0,7,4,0,1023,1047552,10230,9,13824,123,99,'e577e953de38a8403f3267a24688bbb3bfe47b7c',NULL,1,'2018-02-16 14:20:48',0),(8,'playerVirtual6','192.168.0.200',4,-3,0,1,0,3,0,0,0,1023,1047552,10230,0,0,0,99,'b873ed4b4eff30053f9ddda88bc7d7e558c3612c',NULL,0,'2018-02-16 10:21:20',1),(9,'playerVirtual1','192.168.0.200',1,12.94,49,1,11,1,2,9,0,1023,1047552,10230,2,1024,2,99,'da0e3745f6dd95dd2f91958cd00157fbe1c1cc45',NULL,1,'2018-02-16 13:51:37',0),(10,'playerVirtual8','192.168.0.200',1,9.29,49,1,12,1,7,5,0,1023,1047552,10230,8,11776,103,99,'9f52a478a48847c46ddd137059fe57ae170afa9b',NULL,1,'2018-02-16 14:13:03',0),(11,'playerVirtual11','192.168.0.200',1,14.61,49,0.909091,11,0,4,7,0,1023,1047552,10230,4,3584,23,99,'79377d19b9185c60e7c8dd1cfa83b2bf2a30b472',NULL,1,'2018-02-16 13:52:08',0),(12,'playerVirtual15','192.168.0.200',2,7.96,17,0.857143,10,2,6,4,0,1023,1047552,10230,6,9216,82,99,'3a238b601235a8d7cc8272c3442ca5eab4c8e75d',NULL,1,'2018-02-16 13:51:29',0),(13,'playerVirtual17','192.168.0.200',1,10.61,49,1,15,0,8,7,0,1023,1047552,10230,9,15360,142,99,'d0bcecead08c96b05863073a3f33efb77ac9c563',NULL,1,'2018-02-16 14:04:00',0),(14,'playerVirtual18','192.168.0.200',1,13.94,49,0,11,0,6,5,0,1023,1047552,10230,7,9728,83,99,'b78731e04a9c9a6d9ce689d47b49fff74effab17',NULL,1,'2018-02-16 13:56:24',0),(15,'playerVirtual9','192.168.0.200',1,10.27,33,1,9,3,3,6,0,1023,1047552,10230,4,8192,80,99,'c60d849320dedfd11be4734ce740031338e66188',NULL,1,'2018-02-16 14:07:40',0),(16,'playerVirtual10','192.168.0.200',1,14.27,37,1,10,1,2,8,0,1023,1047552,10230,2,2560,21,99,'38c8ff8a97bd07c6e31eec3de9dbac7e6178abe1',NULL,1,'2018-02-16 13:58:08',0),(17,'playerVirtual12','192.168.0.200',1,10.28,49,1,11,1,4,7,0,1023,1047552,10230,4,8192,80,99,'d33f615b9559f314c3c8d5373be5a4813de3d6df',NULL,1,'2018-02-16 14:06:47',0),(18,'playerVirtual13','192.168.0.200',1,10.95,49,1,10,1,3,7,0,1023,1047552,10230,3,3072,22,99,'b2a6e98747926d2c681a27c3d47417db9653794e',NULL,1,'2018-02-16 13:39:29',0),(19,'playerVirtual2','192.168.0.200',1,10.28,49,1,10,1,4,6,0,1023,1047552,10230,5,8704,81,99,'c194720adfedc7e738b7d07da70635437940d109',NULL,1,'2018-02-16 13:41:16',0),(20,'playerVirtual4','192.168.0.200',1,15.93,49,1,11,0,4,7,0,1023,1047552,10230,5,7168,62,99,'7489fd87217e2dc39df1aa2f9c16146adc803abf',NULL,1,'2018-02-16 13:57:29',0);
/*!40000 ALTER TABLE `PLAYER` ENABLE KEYS */;
UNLOCK TABLES;

--
-- Table structure for table `REQUEST`
--

DROP TABLE IF EXISTS `REQUEST`;
/*!40101 SET @saved_cs_client     = @@character_set_client */;
/*!40101 SET character_set_client = utf8 */;
CREATE TABLE `REQUEST` (
  `id` int(11) NOT NULL AUTO_INCREMENT,
  `player_id` varchar(45) NOT NULL,
  `request_id` varchar(45) NOT NULL,
  `action` int(11) NOT NULL,
  `timestamp_received` timestamp NULL DEFAULT NULL,
  `timestamp_finished` timestamp NULL DEFAULT NULL,
  `status` int(11) NOT NULL,
  PRIMARY KEY (`id`)
) ENGINE=InnoDB AUTO_INCREMENT=1022 DEFAULT CHARSET=utf8;
/*!40101 SET character_set_client = @saved_cs_client */;

--
-- Dumping data for table `REQUEST`
--

LOCK TABLES `REQUEST` WRITE;
/*!40000 ALTER TABLE `REQUEST` DISABLE KEYS */;
INSERT INTO `REQUEST` VALUES (1,'playerVirtual8','playerVirtual8_02fc34976c',4,'2018-02-16 10:12:09',NULL,0),(2,'playerVirtual17','playerVirtual17_358580c178',4,'2018-02-16 10:12:09',NULL,0),(3,'playerVirtual15','playerVirtual15_805812d4c0',4,'2018-02-16 10:12:09',NULL,0),(4,'playerVirtual11','playerVirtual11_2b3d7042c9',4,'2018-02-16 10:12:09',NULL,0),(5,'playerVirtual18','playerVirtual18_e8b5b597c4',4,'2018-02-16 10:12:09',NULL,0),(6,'playerVirtual14','playerVirtual14_6922bc3ddc',4,'2018-02-16 10:13:08',NULL,0),(7,'playerVirtual16','playerVirtual16_c2ac89ff01',4,'2018-02-16 10:13:09',NULL,0),(8,'playerVirtual19','playerVirtual19_c2ac89ff01',4,'2018-02-16 10:13:09',NULL,0),(9,'playerVirtual7','playerVirtual7_62ce265ecc',4,'2018-02-16 10:13:09',NULL,0),(10,'playerVirtual3','playerVirtual3_64d9a2afbf',4,'2018-02-16 10:13:09',NULL,0),(11,'playerVirtual0','playerVirtual0_884afd9780',4,'2018-02-16 10:13:09',NULL,0),(12,'playerVirtual5','playerVirtual5_a2b0da54e5',4,'2018-02-16 10:13:09',NULL,0),(13,'playerVirtual6','playerVirtual6_e0f629278f',4,'2018-02-16 10:13:09',NULL,0),(14,'playerVirtual1','playerVirtual1_b844da8c9b',4,'2018-02-16 10:13:09',NULL,0),(15,'playerVirtual9','playerVirtual9_95f1a1a8a1',4,'2018-02-16 10:13:09',NULL,0),(16,'playerVirtual13','playerVirtual13_8b78aa733c',4,'2018-02-16 10:13:09',NULL,0),(17,'playerVirtual10','playerVirtual10_ce03f502ce',4,'2018-02-16 10:13:09',NULL,0),(18,'playerVirtual12','playerVirtual12_ac259a1453',4,'2018-02-16 10:13:09',NULL,0),(19,'playerVirtual2','playerVirtual2_b969761d56',4,'2018-02-16 10:13:09',NULL,0),(20,'playerVirtual4','playerVirtual4_6394dd0e68',4,'2018-02-16 10:13:09',NULL,0),(21,'playerVirtual8','playerVirtual8_450512000',0,'2018-02-16 10:13:10',NULL,0),(22,'playerVirtual8','playerVirtual8_450512000',0,'2018-02-16 10:13:10',NULL,0),(23,'playerVirtual17','playerVirtual17_1438244924',0,'2018-02-16 10:13:12',NULL,0),(24,'playerVirtual17','playerVirtual17_1438244924',0,'2018-02-16 10:13:12',NULL,0),(25,'playerVirtual15','playerVirtual15_640692267',0,'2018-02-16 10:13:15',NULL,0),(26,'playerVirtual15','playerVirtual15_640692267',0,'2018-02-16 10:13:15',NULL,0),(27,'playerVirtual11','playerVirtual11_2381571381',0,'2018-02-16 10:13:16',NULL,0),(28,'playerVirtual11','playerVirtual11_2381571381',0,'2018-02-16 10:13:16',NULL,0),(29,'playerVirtual18','playerVirtual18_5297461910',0,'2018-02-16 10:13:17',NULL,0),(30,'playerVirtual18','playerVirtual18_5297461910',0,'2018-02-16 10:13:17',NULL,0),(31,'playerVirtual8','playerVirtual8_c466c3eb03',3,'2018-02-16 10:14:10',NULL,0),(32,'playerVirtual17','playerVirtual17_a6010dd70e',3,'2018-02-16 10:14:12',NULL,0),(33,'playerVirtual15','playerVirtual15_683ab972a2',3,'2018-02-16 10:14:15',NULL,0),(34,'playerVirtual11','playerVirtual11_486ceb68f7',3,'2018-02-16 10:14:16',NULL,0),(35,'playerVirtual18','playerVirtual18_4284ec702d',3,'2018-02-16 10:14:17',NULL,0),(36,'playerVirtual14','playerVirtual14_2790332778',0,'2018-02-16 10:14:20',NULL,0),(37,'playerVirtual14','playerVirtual14_2790332778',0,'2018-02-16 10:14:20',NULL,0),(38,'playerVirtual16','playerVirtual16_369721705',0,'2018-02-16 10:14:21',NULL,0),(39,'playerVirtual19','playerVirtual19_317469422',0,'2018-02-16 10:14:21',NULL,0),(40,'playerVirtual16','playerVirtual16_369721705',0,'2018-02-16 10:14:21',NULL,0),(41,'playerVirtual7','playerVirtual7_6955737',0,'2018-02-16 10:14:21',NULL,0),(42,'playerVirtual19','playerVirtual19_317469422',0,'2018-02-16 10:14:21',NULL,0),(43,'playerVirtual7','playerVirtual7_6955737',0,'2018-02-16 10:14:21',NULL,0),(44,'playerVirtual3','playerVirtual3_257338104',0,'2018-02-16 10:14:22',NULL,0),(45,'playerVirtual3','playerVirtual3_257338104',0,'2018-02-16 10:14:22',NULL,0),(46,'playerVirtual0','playerVirtual0_3584940347',0,'2018-02-16 10:14:22',NULL,0),(47,'playerVirtual5','playerVirtual5_2433236783',0,'2018-02-16 10:14:22',NULL,0),(48,'playerVirtual0','playerVirtual0_3584940347',0,'2018-02-16 10:14:22',NULL,0),(49,'playerVirtual5','playerVirtual5_2433236783',0,'2018-02-16 10:14:22',NULL,0),(50,'playerVirtual6','playerVirtual6_3338579772',0,'2018-02-16 10:14:23',NULL,0),(51,'playerVirtual1','playerVirtual1_257407216',0,'2018-02-16 10:14:23',NULL,0),(52,'playerVirtual6','playerVirtual6_3338579772',0,'2018-02-16 10:14:23',NULL,0),(53,'playerVirtual1','playerVirtual1_257407216',0,'2018-02-16 10:14:23',NULL,0),(54,'playerVirtual9','playerVirtual9_182859403',0,'2018-02-16 10:14:30',NULL,0),(55,'playerVirtual9','playerVirtual9_182859403',0,'2018-02-16 10:14:30',NULL,0),(56,'playerVirtual13','playerVirtual13_2359368952',0,'2018-02-16 10:14:33',NULL,0),(57,'playerVirtual13','playerVirtual13_2359368952',0,'2018-02-16 10:14:33',NULL,0),(58,'playerVirtual10','playerVirtual10_16917741',0,'2018-02-16 10:14:36',NULL,0),(59,'playerVirtual10','playerVirtual10_16917741',0,'2018-02-16 10:14:36',NULL,0),(60,'playerVirtual12','playerVirtual12_2545640208',0,'2018-02-16 10:14:45',NULL,0),(61,'playerVirtual12','playerVirtual12_2545640208',0,'2018-02-16 10:14:45',NULL,0),(62,'playerVirtual2','playerVirtual2_908315',0,'2018-02-16 10:14:46',NULL,0),(63,'playerVirtual2','playerVirtual2_908315',0,'2018-02-16 10:14:47',NULL,0),(64,'playerVirtual4','playerVirtual4_539194189',0,'2018-02-16 10:14:54',NULL,0),(65,'playerVirtual4','playerVirtual4_539194189',0,'2018-02-16 10:14:55',NULL,0),(66,'playerVirtual14','playerVirtual14_6d431bc8ed',3,'2018-02-16 10:15:20',NULL,0),(67,'playerVirtual16','playerVirtual16_e629b7e65e',3,'2018-02-16 10:15:21',NULL,0),(68,'playerVirtual19','playerVirtual19_2216396b74',3,'2018-02-16 10:15:21',NULL,0),(69,'playerVirtual7','playerVirtual7_b895d77136',3,'2018-02-16 10:15:21',NULL,0),(70,'playerVirtual3','playerVirtual3_7d60318ebc',3,'2018-02-16 10:15:22',NULL,0),(71,'playerVirtual0','playerVirtual0_a23c66bae9',3,'2018-02-16 10:15:22',NULL,0),(72,'playerVirtual5','playerVirtual5_cfb47fc662',3,'2018-02-16 10:15:22',NULL,0),(73,'playerVirtual6','playerVirtual6_69da44156c',3,'2018-02-16 10:15:23',NULL,0),(74,'playerVirtual1','playerVirtual1_4cd639e72e',3,'2018-02-16 10:15:23',NULL,0),(75,'playerVirtual9','playerVirtual9_14c9a90fb4',3,'2018-02-16 10:15:30',NULL,0),(76,'playerVirtual13','playerVirtual13_a2efac4a71',3,'2018-02-16 10:15:33',NULL,0),(77,'playerVirtual10','playerVirtual10_8174b15d3e',3,'2018-02-16 10:15:36',NULL,0),(78,'playerVirtual12','playerVirtual12_d2de75d908',3,'2018-02-16 10:15:45',NULL,0),(79,'playerVirtual2','playerVirtual2_683a7fe74c',3,'2018-02-16 10:15:47',NULL,0),(80,'playerVirtual4','playerVirtual4_e95d330504',3,'2018-02-16 10:15:55',NULL,0),(81,'playerVirtual8','playerVirtual8_4820204870',0,'2018-02-16 10:16:35',NULL,0),(82,'playerVirtual8','playerVirtual8_4820204870',0,'2018-02-16 10:16:35',NULL,0),(83,'playerVirtual17','playerVirtual17_8058564',0,'2018-02-16 10:17:25',NULL,0),(84,'playerVirtual17','playerVirtual17_8058564',0,'2018-02-16 10:17:26',NULL,0),(85,'playerVirtual15','playerVirtual15_1429160667',0,'2018-02-16 10:17:27',NULL,0),(86,'playerVirtual15','playerVirtual15_1429160667',0,'2018-02-16 10:17:27',NULL,0),(87,'playerVirtual11','playerVirtual11_3338010893',0,'2018-02-16 10:17:28',NULL,0),(88,'playerVirtual11','playerVirtual11_3338010893',0,'2018-02-16 10:17:28',NULL,0),(89,'playerVirtual18','playerVirtual18_82730999',0,'2018-02-16 10:17:32',NULL,0),(90,'playerVirtual18','playerVirtual18_82730999',0,'2018-02-16 10:17:32',NULL,0),(91,'playerVirtual8','playerVirtual8_e1962e6579',4,'2018-02-16 10:17:35',NULL,0),(92,'playerVirtual17','playerVirtual17_36d28567fd',4,'2018-02-16 10:18:26',NULL,0),(93,'playerVirtual15','playerVirtual15_d6ed221cce',4,'2018-02-16 10:18:27',NULL,0),(94,'playerVirtual11','playerVirtual11_681d39de51',4,'2018-02-16 10:18:28',NULL,0),(95,'playerVirtual18','playerVirtual18_454c16a321',4,'2018-02-16 10:18:32',NULL,0),(96,'playerVirtual14','playerVirtual14_351652724',0,'2018-02-16 10:18:33',NULL,0),(97,'playerVirtual14','playerVirtual14_351652724',0,'2018-02-16 10:18:33',NULL,0),(98,'playerVirtual16','playerVirtual16_6571218',0,'2018-02-16 10:18:33',NULL,0),(99,'playerVirtual16','playerVirtual16_6571218',0,'2018-02-16 10:18:33',NULL,0),(100,'playerVirtual19','playerVirtual19_778566023',0,'2018-02-16 10:18:35',NULL,0),(101,'playerVirtual19','playerVirtual19_778566023',0,'2018-02-16 10:18:35',NULL,0),(102,'playerVirtual7','playerVirtual7_1436344784',0,'2018-02-16 10:18:39',NULL,0),(103,'playerVirtual7','playerVirtual7_1436344784',0,'2018-02-16 10:18:39',NULL,0),(104,'playerVirtual3','playerVirtual3_1339662',0,'2018-02-16 10:18:40',NULL,0),(105,'playerVirtual3','playerVirtual3_1339662',0,'2018-02-16 10:18:40',NULL,0),(106,'playerVirtual0','playerVirtual0_317497342',0,'2018-02-16 10:18:41',NULL,0),(107,'playerVirtual0','playerVirtual0_317497342',0,'2018-02-16 10:18:41',NULL,0),(108,'playerVirtual5','playerVirtual5_284794223',0,'2018-02-16 10:18:41',NULL,0),(109,'playerVirtual6','playerVirtual6_359920779',0,'2018-02-16 10:18:41',NULL,0),(110,'playerVirtual5','playerVirtual5_284794223',0,'2018-02-16 10:18:41',NULL,0),(111,'playerVirtual6','playerVirtual6_359920779',0,'2018-02-16 10:18:41',NULL,0),(112,'playerVirtual1','playerVirtual1_904011',0,'2018-02-16 10:18:41',NULL,0),(113,'playerVirtual1','playerVirtual1_904011',0,'2018-02-16 10:18:41',NULL,0),(114,'playerVirtual9','playerVirtual9_2904109077',0,'2018-02-16 10:18:42',NULL,0),(115,'playerVirtual9','playerVirtual9_2904109077',0,'2018-02-16 10:18:42',NULL,0),(116,'playerVirtual13','playerVirtual13_257338074',0,'2018-02-16 10:18:42',NULL,0),(117,'playerVirtual13','playerVirtual13_257338074',0,'2018-02-16 10:18:43',NULL,0),(118,'playerVirtual10','playerVirtual10_905614',0,'2018-02-16 10:18:43',NULL,0),(119,'playerVirtual10','playerVirtual10_905614',0,'2018-02-16 10:18:43',NULL,0),(120,'playerVirtual12','playerVirtual12_1093460',0,'2018-02-16 10:18:44',NULL,0),(121,'playerVirtual12','playerVirtual12_1093460',0,'2018-02-16 10:18:44',NULL,0),(122,'playerVirtual2','playerVirtual2_6569547',0,'2018-02-16 10:18:45',NULL,0),(123,'playerVirtual2','playerVirtual2_6569547',0,'2018-02-16 10:18:45',NULL,0),(124,'playerVirtual4','playerVirtual4_470485660',0,'2018-02-16 10:18:46',NULL,0),(125,'playerVirtual4','playerVirtual4_470485660',0,'2018-02-16 10:18:46',NULL,0),(126,'playerVirtual14','playerVirtual14_6ab897fcc9',4,'2018-02-16 10:19:33',NULL,0),(127,'playerVirtual16','playerVirtual16_7a4cc6bce6',4,'2018-02-16 10:19:33',NULL,0),(128,'playerVirtual19','playerVirtual19_6f8bc214b9',4,'2018-02-16 10:19:35',NULL,0),(129,'playerVirtual7','playerVirtual7_4dc3793f0c',4,'2018-02-16 10:19:39',NULL,0),(130,'playerVirtual3','playerVirtual3_a3aceaa8c7',4,'2018-02-16 10:19:40',NULL,0),(131,'playerVirtual0','playerVirtual0_e22f4fa348',4,'2018-02-16 10:19:41',NULL,0),(132,'playerVirtual5','playerVirtual5_e22f4fa348',4,'2018-02-16 10:19:41',NULL,0),(133,'playerVirtual6','playerVirtual6_e877ddd887',4,'2018-02-16 10:19:41',NULL,0),(134,'playerVirtual1','playerVirtual1_a40135dd6f',4,'2018-02-16 10:19:41',NULL,0),(135,'playerVirtual9','playerVirtual9_022f466207',4,'2018-02-16 10:19:42',NULL,0),(136,'playerVirtual13','playerVirtual13_73f90bfc56',4,'2018-02-16 10:19:43',NULL,0),(137,'playerVirtual10','playerVirtual10_64137ea629',4,'2018-02-16 10:19:43',NULL,0),(138,'playerVirtual12','playerVirtual12_71c6a58d09',4,'2018-02-16 10:19:44',NULL,0),(139,'playerVirtual2','playerVirtual2_9ff38efb2c',4,'2018-02-16 10:19:45',NULL,0),(140,'playerVirtual4','playerVirtual4_33202a83d4',4,'2018-02-16 10:19:46',NULL,0),(141,'playerVirtual8','playerVirtual8_30788568',0,'2018-02-16 10:19:50',NULL,0),(142,'playerVirtual8','playerVirtual8_30788568',0,'2018-02-16 10:19:50',NULL,0),(143,'playerVirtual17','playerVirtual17_5792765',0,'2018-02-16 10:19:53',NULL,0),(144,'playerVirtual17','playerVirtual17_5792765',0,'2018-02-16 10:19:53',NULL,0),(145,'playerVirtual15','playerVirtual15_38671842',0,'2018-02-16 10:20:03',NULL,0),(146,'playerVirtual15','playerVirtual15_38671842',0,'2018-02-16 10:20:03',NULL,0),(147,'playerVirtual11','playerVirtual11_400453824',0,'2018-02-16 10:20:04',NULL,0),(148,'playerVirtual11','playerVirtual11_400453824',0,'2018-02-16 10:20:04',NULL,0),(149,'playerVirtual18','playerVirtual18_4820318661',0,'2018-02-16 10:20:13',NULL,0),(150,'playerVirtual18','playerVirtual18_4820318661',0,'2018-02-16 10:20:13',NULL,0),(151,'playerVirtual8','playerVirtual8_a28f27bf14',3,'2018-02-16 10:20:50',NULL,0),(152,'playerVirtual17','playerVirtual17_bbf28c4c72',3,'2018-02-16 10:20:53',NULL,0),(153,'playerVirtual15','playerVirtual15_5d6cb4336a',3,'2018-02-16 10:21:03',NULL,0),(154,'playerVirtual11','playerVirtual11_a26d2e7b65',3,'2018-02-16 10:21:04',NULL,0),(155,'playerVirtual18','playerVirtual18_c8bc17dbf4',3,'2018-02-16 10:21:13',NULL,0),(156,'playerVirtual14','playerVirtual14_4819935267',0,'2018-02-16 10:21:16',NULL,0),(157,'playerVirtual14','playerVirtual14_4819935267',0,'2018-02-16 10:21:16',NULL,0),(158,'playerVirtual16','playerVirtual16_4820217293',0,'2018-02-16 10:21:20',NULL,0),(159,'playerVirtual19','playerVirtual19_6264344062',0,'2018-02-16 10:21:20',NULL,0),(160,'playerVirtual16','playerVirtual16_4820217293',0,'2018-02-16 10:21:20',NULL,0),(161,'playerVirtual19','playerVirtual19_6264344062',0,'2018-02-16 10:21:20',NULL,0),(162,'playerVirtual7','playerVirtual7_2378747961',0,'2018-02-16 10:21:30',NULL,0),(163,'playerVirtual7','playerVirtual7_2378747961',0,'2018-02-16 10:21:30',NULL,0),(164,'playerVirtual3','playerVirtual3_5068098508',0,'2018-02-16 10:21:35',NULL,0),(165,'playerVirtual3','playerVirtual3_5068098508',0,'2018-02-16 10:21:35',NULL,0),(166,'playerVirtual14','playerVirtual14_7eebc2173a',3,'2018-02-16 10:22:16',NULL,0),(167,'playerVirtual16','playerVirtual16_9150541f9b',3,'2018-02-16 10:22:20',NULL,0),(168,'playerVirtual19','playerVirtual19_dd3ca8f17c',3,'2018-02-16 10:22:20',NULL,0),(169,'playerVirtual7','playerVirtual7_8541ef1e22',3,'2018-02-16 10:22:30',NULL,0),(170,'playerVirtual13','playerVirtual13_2359368952',1,'2018-02-16 10:22:45',NULL,0),(171,'playerVirtual13','playerVirtual13_551eff4ae2',3,'2018-02-16 10:22:45',NULL,0),(172,'playerVirtual13','playerVirtual13_2359368952',1,'2018-02-16 10:22:45',NULL,0),(173,'playerVirtual0','playerVirtual0_227443932',0,'2018-02-16 10:22:49',NULL,0),(174,'playerVirtual0','playerVirtual0_227443932',0,'2018-02-16 10:22:49',NULL,0),(175,'playerVirtual5','playerVirtual5_1095593',0,'2018-02-16 10:22:50',NULL,0),(176,'playerVirtual5','playerVirtual5_1095593',0,'2018-02-16 10:22:50',NULL,0),(177,'playerVirtual1','playerVirtual1_563574327',0,'2018-02-16 10:22:59',NULL,0),(178,'playerVirtual1','playerVirtual1_563574327',0,'2018-02-16 10:22:59',NULL,0),(179,'playerVirtual9','playerVirtual9_765651',0,'2018-02-16 10:23:09',NULL,0),(180,'playerVirtual9','playerVirtual9_765651',0,'2018-02-16 10:23:09',NULL,0),(181,'playerVirtual10','playerVirtual10_16915963',0,'2018-02-16 10:23:18',NULL,0),(182,'playerVirtual10','playerVirtual10_16915963',0,'2018-02-16 10:23:18',NULL,0),(183,'playerVirtual12','playerVirtual12_5623125514',0,'2018-02-16 10:23:30',NULL,0),(184,'playerVirtual12','playerVirtual12_5623125514',0,'2018-02-16 10:23:30',NULL,0),(185,'playerVirtual2','playerVirtual2_284757920',0,'2018-02-16 10:23:32',NULL,0),(186,'playerVirtual2','playerVirtual2_284757920',0,'2018-02-16 10:23:32',NULL,0),(187,'playerVirtual4','playerVirtual4_272887063',0,'2018-02-16 10:23:42',NULL,0),(188,'playerVirtual4','playerVirtual4_272887063',0,'2018-02-16 10:23:42',NULL,0),(189,'playerVirtual0','playerVirtual0_72c68561ac',3,'2018-02-16 10:23:49',NULL,0),(190,'playerVirtual5','playerVirtual5_546f7ab6c3',3,'2018-02-16 10:23:50',NULL,0),(191,'playerVirtual1','playerVirtual1_b276de05c6',3,'2018-02-16 10:23:59',NULL,0),(192,'playerVirtual9','playerVirtual9_220a11ab17',3,'2018-02-16 10:24:09',NULL,0),(193,'playerVirtual10','playerVirtual10_34079df8b2',3,'2018-02-16 10:24:18',NULL,0),(194,'playerVirtual12','playerVirtual12_3295ba46a3',3,'2018-02-16 10:24:30',NULL,0),(195,'playerVirtual2','playerVirtual2_480cc47461',3,'2018-02-16 10:24:32',NULL,0),(196,'playerVirtual4','playerVirtual4_06bc714da8',3,'2018-02-16 10:24:42',NULL,0),(197,'playerVirtual8','playerVirtual8_6274355716',0,'2018-02-16 10:25:26',NULL,0),(198,'playerVirtual8','playerVirtual8_6274355716',0,'2018-02-16 10:25:26',NULL,0),(199,'playerVirtual17','playerVirtual17_38676294',0,'2018-02-16 10:26:17',NULL,0),(200,'playerVirtual17','playerVirtual17_38676294',0,'2018-02-16 10:26:17',NULL,0),(201,'playerVirtual8','playerVirtual8_c0265333b7',4,'2018-02-16 10:26:26',NULL,0),(202,'playerVirtual17','playerVirtual17_b1e9906c94',4,'2018-02-16 10:27:17',NULL,0),(203,'playerVirtual15','playerVirtual15_182859403',0,'2018-02-16 10:27:20',NULL,0),(204,'playerVirtual15','playerVirtual15_182859403',0,'2018-02-16 10:27:20',NULL,0),(205,'playerVirtual11','playerVirtual11_4820204870',0,'2018-02-16 10:27:36',NULL,0),(206,'playerVirtual11','playerVirtual11_4820204870',0,'2018-02-16 10:27:36',NULL,0),(207,'playerVirtual9','playerVirtual9_182859403',1,'2018-02-16 10:27:51',NULL,0),(208,'playerVirtual9','playerVirtual9_58c9c3ef12',4,'2018-02-16 10:27:51',NULL,0),(209,'playerVirtual9','playerVirtual9_182859403',1,'2018-02-16 10:27:51',NULL,0),(210,'playerVirtual18','playerVirtual18_990694203',0,'2018-02-16 10:27:57',NULL,0),(211,'playerVirtual18','playerVirtual18_990694203',0,'2018-02-16 10:27:57',NULL,0),(212,'playerVirtual15','playerVirtual15_b0c78981cc',4,'2018-02-16 10:28:20',NULL,0),(213,'playerVirtual11','playerVirtual11_fa327c1147',4,'2018-02-16 10:28:36',NULL,0),(214,'playerVirtual13','playerVirtual13_6282149131',0,'2018-02-16 10:28:44',NULL,0),(215,'playerVirtual13','playerVirtual13_6282149131',0,'2018-02-16 10:28:44',NULL,0),(216,'playerVirtual18','playerVirtual18_45ae750115',4,'2018-02-16 10:28:57',NULL,0),(217,'playerVirtual14','playerVirtual14_990694203',0,'2018-02-16 10:29:11',NULL,0),(218,'playerVirtual14','playerVirtual14_990694203',0,'2018-02-16 10:29:11',NULL,0),(219,'playerVirtual16','playerVirtual16_6280638724',0,'2018-02-16 10:29:17',NULL,0),(220,'playerVirtual16','playerVirtual16_6280638724',0,'2018-02-16 10:29:17',NULL,0),(221,'playerVirtual19','playerVirtual19_6280643141',0,'2018-02-16 10:29:18',NULL,0),(222,'playerVirtual19','playerVirtual19_6280643141',0,'2018-02-16 10:29:19',NULL,0),(223,'playerVirtual7','playerVirtual7_4476462938',0,'2018-02-16 10:29:33',NULL,0),(224,'playerVirtual7','playerVirtual7_4476462938',0,'2018-02-16 10:29:33',NULL,0),(225,'playerVirtual0','playerVirtual0_2359368952',0,'2018-02-16 10:29:44',NULL,0),(226,'playerVirtual0','playerVirtual0_2359368952',0,'2018-02-16 10:29:44',NULL,0),(227,'playerVirtual13','playerVirtual13_4917ceb351',4,'2018-02-16 10:29:44',NULL,0),(228,'playerVirtual4','playerVirtual4_272887063',1,'2018-02-16 10:29:45',NULL,0),(229,'playerVirtual4','playerVirtual4_992f946dff',4,'2018-02-16 10:29:45',NULL,0),(230,'playerVirtual4','playerVirtual4_272887063',1,'2018-02-16 10:29:45',NULL,0),(231,'playerVirtual5','playerVirtual5_1436323714',0,'2018-02-16 10:29:56',NULL,0),(232,'playerVirtual5','playerVirtual5_1436323714',0,'2018-02-16 10:29:56',NULL,0),(233,'playerVirtual8','playerVirtual8_4820204870',1,'2018-02-16 10:29:57',NULL,0),(234,'playerVirtual8','playerVirtual8_557dd796c6',3,'2018-02-16 10:29:57',NULL,0),(235,'playerVirtual8','playerVirtual8_4820204870',1,'2018-02-16 10:29:57',NULL,0),(236,'playerVirtual1','playerVirtual1_214880781',0,'2018-02-16 10:30:07',NULL,0),(237,'playerVirtual1','playerVirtual1_214880781',0,'2018-02-16 10:30:07',NULL,0),(238,'playerVirtual10','playerVirtual10_1094955',0,'2018-02-16 10:30:09',NULL,0),(239,'playerVirtual10','playerVirtual10_1094955',0,'2018-02-16 10:30:09',NULL,0),(240,'playerVirtual15','playerVirtual15_182859403',1,'2018-02-16 10:30:11',NULL,0),(241,'playerVirtual15','playerVirtual15_e7778d654d',3,'2018-02-16 10:30:11',NULL,0),(242,'playerVirtual15','playerVirtual15_182859403',1,'2018-02-16 10:30:11',NULL,0),(243,'playerVirtual14','playerVirtual14_1a17516803',4,'2018-02-16 10:30:11',NULL,0),(244,'playerVirtual12','playerVirtual12_16914091',0,'2018-02-16 10:30:13',NULL,0),(245,'playerVirtual12','playerVirtual12_16914091',0,'2018-02-16 10:30:13',NULL,0),(246,'playerVirtual16','playerVirtual16_12518a4257',4,'2018-02-16 10:30:17',NULL,0),(247,'playerVirtual19','playerVirtual19_8f41bf9442',4,'2018-02-16 10:30:19',NULL,0),(248,'playerVirtual2','playerVirtual2_182859403',0,'2018-02-16 10:30:27',NULL,0),(249,'playerVirtual2','playerVirtual2_182859403',0,'2018-02-16 10:30:27',NULL,0),(250,'playerVirtual7','playerVirtual7_fc24b20822',4,'2018-02-16 10:30:33',NULL,0),(251,'playerVirtual18','playerVirtual18_990694203',1,'2018-02-16 10:30:39',NULL,0),(252,'playerVirtual18','playerVirtual18_9cdd2c6262',3,'2018-02-16 10:30:39',NULL,0),(253,'playerVirtual18','playerVirtual18_990694203',1,'2018-02-16 10:30:39',NULL,0),(254,'playerVirtual0','playerVirtual0_328eb8e4c0',4,'2018-02-16 10:30:44',NULL,0),(255,'playerVirtual5','playerVirtual5_794dd15604',4,'2018-02-16 10:30:56',NULL,0),(256,'playerVirtual1','playerVirtual1_1c9542ef86',4,'2018-02-16 10:31:07',NULL,0),(257,'playerVirtual10','playerVirtual10_a20d43d84a',4,'2018-02-16 10:31:09',NULL,0),(258,'playerVirtual12','playerVirtual12_bf3db005fc',4,'2018-02-16 10:31:13',NULL,0),(259,'playerVirtual2','playerVirtual2_736d447ed9',4,'2018-02-16 10:31:27',NULL,0),(260,'playerVirtual17','playerVirtual17_6641406',0,'2018-02-16 10:31:39',NULL,0),(261,'playerVirtual17','playerVirtual17_6641406',0,'2018-02-16 10:31:39',NULL,0),(262,'playerVirtual14','playerVirtual14_990694203',1,'2018-02-16 10:31:55',NULL,0),(263,'playerVirtual14','playerVirtual14_69f4323512',3,'2018-02-16 10:31:55',NULL,0),(264,'playerVirtual14','playerVirtual14_990694203',1,'2018-02-16 10:31:55',NULL,0),(265,'playerVirtual11','playerVirtual11_6955737',0,'2018-02-16 10:32:22',NULL,0),(266,'playerVirtual11','playerVirtual11_6955737',0,'2018-02-16 10:32:22',NULL,0),(267,'playerVirtual17','playerVirtual17_c3413e78e3',3,'2018-02-16 10:32:39',NULL,0),(268,'playerVirtual11','playerVirtual11_6e036dc2e6',3,'2018-02-16 10:33:22',NULL,0),(269,'playerVirtual7','playerVirtual7_6955737',1,'2018-02-16 10:33:49',NULL,0),(270,'playerVirtual7','playerVirtual7_6f4ece9009',3,'2018-02-16 10:33:49',NULL,0),(271,'playerVirtual7','playerVirtual7_6955737',1,'2018-02-16 10:33:49',NULL,0),(272,'playerVirtual9','playerVirtual9_6285257156',0,'2018-02-16 10:34:00',NULL,0),(273,'playerVirtual9','playerVirtual9_6285257156',0,'2018-02-16 10:34:00',NULL,0),(274,'playerVirtual13','playerVirtual13_1438244924',0,'2018-02-16 10:34:22',NULL,0),(275,'playerVirtual13','playerVirtual13_1438244924',0,'2018-02-16 10:34:22',NULL,0),(276,'playerVirtual16','playerVirtual16_6289355687',0,'2018-02-16 10:34:43',NULL,0),(277,'playerVirtual16','playerVirtual16_6289355687',0,'2018-02-16 10:34:43',NULL,0),(278,'playerVirtual19','playerVirtual19_1438244924',0,'2018-02-16 10:34:48',NULL,0),(279,'playerVirtual19','playerVirtual19_1438244924',0,'2018-02-16 10:34:48',NULL,0),(280,'playerVirtual9','playerVirtual9_b5a4bfbda0',3,'2018-02-16 10:35:00',NULL,0),(281,'playerVirtual4','playerVirtual4_3338579772',0,'2018-02-16 10:35:21',NULL,0),(282,'playerVirtual4','playerVirtual4_3338579772',0,'2018-02-16 10:35:21',NULL,0),(283,'playerVirtual13','playerVirtual13_6024d7de35',3,'2018-02-16 10:35:22',NULL,0),(284,'playerVirtual16','playerVirtual16_5df7527e81',3,'2018-02-16 10:35:43',NULL,0),(285,'playerVirtual19','playerVirtual19_9fe15f5ea5',3,'2018-02-16 10:35:48',NULL,0),(286,'playerVirtual4','playerVirtual4_5f754d79f0',3,'2018-02-16 10:36:21',NULL,0),(287,'playerVirtual0','playerVirtual0_1436344784',0,'2018-02-16 10:36:36',NULL,0),(288,'playerVirtual0','playerVirtual0_1436344784',0,'2018-02-16 10:36:36',NULL,0),(289,'playerVirtual5','playerVirtual5_794070039',0,'2018-02-16 10:36:45',NULL,0),(290,'playerVirtual5','playerVirtual5_794070039',0,'2018-02-16 10:36:45',NULL,0),(291,'playerVirtual8','playerVirtual8_2381571381',0,'2018-02-16 10:37:13',NULL,0),(292,'playerVirtual8','playerVirtual8_2381571381',0,'2018-02-16 10:37:13',NULL,0),(293,'playerVirtual1','playerVirtual1_990694203',0,'2018-02-16 10:37:32',NULL,0),(294,'playerVirtual1','playerVirtual1_990694203',0,'2018-02-16 10:37:32',NULL,0),(295,'playerVirtual0','playerVirtual0_583aed8b87',3,'2018-02-16 10:37:36',NULL,0),(296,'playerVirtual5','playerVirtual5_ce8554c7ae',3,'2018-02-16 10:37:45',NULL,0),(297,'playerVirtual8','playerVirtual8_a2a807c6f4',4,'2018-02-16 10:38:14',NULL,0),(298,'playerVirtual1','playerVirtual1_9993e75e1c',3,'2018-02-16 10:38:32',NULL,0),(299,'playerVirtual17','playerVirtual17_1438244924',1,'2018-02-16 10:38:54',NULL,0),(300,'playerVirtual17','playerVirtual17_38b9282ae4',4,'2018-02-16 10:38:55',NULL,0),(301,'playerVirtual17','playerVirtual17_1438244924',1,'2018-02-16 10:38:55',NULL,0),(302,'playerVirtual15','playerVirtual15_2378747961',0,'2018-02-16 10:39:10',NULL,0),(303,'playerVirtual15','playerVirtual15_2378747961',0,'2018-02-16 10:39:10',NULL,0),(304,'playerVirtual10','playerVirtual10_6296268057',0,'2018-02-16 10:39:12',NULL,0),(305,'playerVirtual10','playerVirtual10_6296268057',0,'2018-02-16 10:39:12',NULL,0),(306,'playerVirtual12','playerVirtual12_6296865278',0,'2018-02-16 10:39:35',NULL,0),(307,'playerVirtual12','playerVirtual12_6296865278',0,'2018-02-16 10:39:35',NULL,0),(308,'playerVirtual11','playerVirtual11_6955737',1,'2018-02-16 10:39:55',NULL,0),(309,'playerVirtual11','playerVirtual11_62cba336be',4,'2018-02-16 10:39:55',NULL,0),(310,'playerVirtual11','playerVirtual11_6955737',1,'2018-02-16 10:39:55',NULL,0),(311,'playerVirtual15','playerVirtual15_229fef1d53',4,'2018-02-16 10:40:10',NULL,0),(312,'playerVirtual10','playerVirtual10_8efa72a19f',3,'2018-02-16 10:40:12',NULL,0),(313,'playerVirtual18','playerVirtual18_6289704471',0,'2018-02-16 10:40:28',NULL,0),(314,'playerVirtual18','playerVirtual18_6289704471',0,'2018-02-16 10:40:28',NULL,0),(315,'playerVirtual12','playerVirtual12_35ae467717',3,'2018-02-16 10:40:35',NULL,0),(316,'playerVirtual2','playerVirtual2_182859403',1,'2018-02-16 10:40:41',NULL,0),(317,'playerVirtual2','playerVirtual2_5bd7594cd2',3,'2018-02-16 10:40:41',NULL,0),(318,'playerVirtual2','playerVirtual2_182859403',1,'2018-02-16 10:40:41',NULL,0),(319,'playerVirtual7','playerVirtual7_2378747961',1,'2018-02-16 10:41:21',NULL,0),(320,'playerVirtual7','playerVirtual7_f1b5339ccd',4,'2018-02-16 10:41:21',NULL,0),(321,'playerVirtual7','playerVirtual7_2378747961',1,'2018-02-16 10:41:21',NULL,0),(322,'playerVirtual18','playerVirtual18_5fafeccd78',4,'2018-02-16 10:41:28',NULL,0),(323,'playerVirtual13','playerVirtual13_1438244924',1,'2018-02-16 10:42:12',NULL,0),(324,'playerVirtual13','playerVirtual13_8a76e576fe',4,'2018-02-16 10:42:12',NULL,0),(325,'playerVirtual13','playerVirtual13_1438244924',1,'2018-02-16 10:42:12',NULL,0),(326,'playerVirtual19','playerVirtual19_6642169169',4,'2018-02-16 10:42:59',NULL,0),(327,'playerVirtual15','playerVirtual15_2378747961',1,'2018-02-16 10:43:30',NULL,0),(328,'playerVirtual15','playerVirtual15_c31077f807',3,'2018-02-16 10:43:30',NULL,0),(329,'playerVirtual15','playerVirtual15_2378747961',1,'2018-02-16 10:43:30',NULL,0),(330,'playerVirtual5','playerVirtual5_1095593',1,'2018-02-16 10:44:04',NULL,0),(331,'playerVirtual5','playerVirtual5_a0135f624b',4,'2018-02-16 10:44:04',NULL,0),(332,'playerVirtual5','playerVirtual5_1095593',1,'2018-02-16 10:44:04',NULL,0),(333,'playerVirtual11','playerVirtual11_2381571381',1,'2018-02-16 10:44:10',NULL,0),(334,'playerVirtual11','playerVirtual11_9f0ce36b71',3,'2018-02-16 10:44:10',NULL,0),(335,'playerVirtual11','playerVirtual11_2381571381',1,'2018-02-16 10:44:11',NULL,0),(336,'playerVirtual1','playerVirtual1_990694203',1,'2018-02-16 10:44:40',NULL,0),(337,'playerVirtual1','playerVirtual1_e9cf65c22a',4,'2018-02-16 10:44:40',NULL,0),(338,'playerVirtual1','playerVirtual1_990694203',1,'2018-02-16 10:44:41',NULL,0),(339,'playerVirtual8','playerVirtual8_6274355716',1,'2018-02-16 10:44:48',NULL,0),(340,'playerVirtual8','playerVirtual8_1d2696b3e6',3,'2018-02-16 10:44:48',NULL,0),(341,'playerVirtual8','playerVirtual8_6274355716',1,'2018-02-16 10:44:48',NULL,0),(342,'playerVirtual9','playerVirtual9_6301942525',0,'2018-02-16 10:45:11',NULL,0),(343,'playerVirtual9','playerVirtual9_6301942525',0,'2018-02-16 10:45:11',NULL,0),(344,'playerVirtual14','playerVirtual14_182859403',0,'2018-02-16 10:45:21',NULL,0),(345,'playerVirtual14','playerVirtual14_182859403',0,'2018-02-16 10:45:21',NULL,0),(346,'playerVirtual7','playerVirtual7_1436344784',1,'2018-02-16 10:45:35',NULL,0),(347,'playerVirtual7','playerVirtual7_57072ff8ce',3,'2018-02-16 10:45:35',NULL,0),(348,'playerVirtual7','playerVirtual7_1436344784',1,'2018-02-16 10:45:35',NULL,0),(349,'playerVirtual9','playerVirtual9_c6aff334c3',4,'2018-02-16 10:46:11',NULL,0),(350,'playerVirtual14','playerVirtual14_2098381114',4,'2018-02-16 10:46:21',NULL,0),(351,'playerVirtual2','playerVirtual2_908315',1,'2018-02-16 10:47:43',NULL,0),(352,'playerVirtual2','playerVirtual2_aa4b45a661',4,'2018-02-16 10:47:43',NULL,0),(353,'playerVirtual2','playerVirtual2_908315',1,'2018-02-16 10:47:43',NULL,0),(354,'playerVirtual14','playerVirtual14_182859403',1,'2018-02-16 10:48:04',NULL,0),(355,'playerVirtual14','playerVirtual14_26dd2df1ec',3,'2018-02-16 10:48:04',NULL,0),(356,'playerVirtual14','playerVirtual14_182859403',1,'2018-02-16 10:48:04',NULL,0),(357,'playerVirtual16','playerVirtual16_5297461910',0,'2018-02-16 10:48:21',NULL,0),(358,'playerVirtual16','playerVirtual16_5297461910',0,'2018-02-16 10:48:21',NULL,0),(359,'playerVirtual18','playerVirtual18_ee98a3e657',3,'2018-02-16 10:48:26',NULL,0),(360,'playerVirtual4','playerVirtual4_6289704471',0,'2018-02-16 10:48:50',NULL,0),(361,'playerVirtual4','playerVirtual4_6289704471',0,'2018-02-16 10:48:50',NULL,0),(362,'playerVirtual16','playerVirtual16_f6e43fbda4',4,'2018-02-16 10:49:21',NULL,0),(363,'playerVirtual4','playerVirtual4_c83b7a48d4',4,'2018-02-16 10:49:50',NULL,0),(364,'playerVirtual0','playerVirtual0_1095593',0,'2018-02-16 10:49:55',NULL,0),(365,'playerVirtual0','playerVirtual0_1095593',0,'2018-02-16 10:49:55',NULL,0),(366,'playerVirtual0','playerVirtual0_9a27a9096d',4,'2018-02-16 10:50:55',NULL,0),(367,'playerVirtual10','playerVirtual10_182859403',0,'2018-02-16 10:51:01',NULL,0),(368,'playerVirtual10','playerVirtual10_182859403',0,'2018-02-16 10:51:01',NULL,0),(369,'playerVirtual12','playerVirtual12_908315',0,'2018-02-16 10:51:08',NULL,0),(370,'playerVirtual12','playerVirtual12_908315',0,'2018-02-16 10:51:08',NULL,0),(371,'playerVirtual17','playerVirtual17_6274355716',0,'2018-02-16 10:51:25',NULL,0),(372,'playerVirtual17','playerVirtual17_6274355716',0,'2018-02-16 10:51:25',NULL,0),(373,'playerVirtual10','playerVirtual10_49a1900f94',4,'2018-02-16 10:52:01',NULL,0),(374,'playerVirtual12','playerVirtual12_be2ca00fef',4,'2018-02-16 10:52:08',NULL,0),(375,'playerVirtual17','playerVirtual17_6217d813df',3,'2018-02-16 10:52:25',NULL,0),(376,'playerVirtual13','playerVirtual13_539194189',0,'2018-02-16 10:54:22',NULL,0),(377,'playerVirtual13','playerVirtual13_539194189',0,'2018-02-16 10:54:22',NULL,0),(378,'playerVirtual13','playerVirtual13_5f1235f5bf',3,'2018-02-16 10:55:22',NULL,0),(379,'playerVirtual4','playerVirtual4_539194189',1,'2018-02-16 10:56:01',NULL,0),(380,'playerVirtual4','playerVirtual4_c07b9381b1',3,'2018-02-16 10:56:01',NULL,0),(381,'playerVirtual4','playerVirtual4_539194189',1,'2018-02-16 10:56:01',NULL,0),(382,'playerVirtual19','playerVirtual19_4246147567',0,'2018-02-16 10:56:17',NULL,0),(383,'playerVirtual19','playerVirtual19_4246147567',0,'2018-02-16 10:56:18',NULL,0),(384,'playerVirtual1','playerVirtual1_904011',1,'2018-02-16 10:56:38',NULL,0),(385,'playerVirtual1','playerVirtual1_3c96135c38',3,'2018-02-16 10:56:38',NULL,0),(386,'playerVirtual1','playerVirtual1_904011',1,'2018-02-16 10:56:38',NULL,0),(387,'playerVirtual0','playerVirtual0_1095593',1,'2018-02-16 10:57:02',NULL,0),(388,'playerVirtual0','playerVirtual0_4b709b0044',3,'2018-02-16 10:57:02',NULL,0),(389,'playerVirtual0','playerVirtual0_1095593',1,'2018-02-16 10:57:02',NULL,0),(390,'playerVirtual19','playerVirtual19_9fcf3ffa97',3,'2018-02-16 10:57:18',NULL,0),(391,'playerVirtual9','playerVirtual9_4246147567',0,'2018-02-16 10:57:34',NULL,0),(392,'playerVirtual9','playerVirtual9_4246147567',0,'2018-02-16 10:57:34',NULL,0),(393,'playerVirtual9','playerVirtual9_e508fab5ce',3,'2018-02-16 10:58:34',NULL,0),(394,'playerVirtual16','playerVirtual16_6316827871',0,'2018-02-16 10:58:39',NULL,0),(395,'playerVirtual16','playerVirtual16_6316827871',0,'2018-02-16 10:58:39',NULL,0),(396,'playerVirtual5','playerVirtual5_4246147567',0,'2018-02-16 10:58:40',NULL,0),(397,'playerVirtual5','playerVirtual5_4246147567',0,'2018-02-16 10:58:40',NULL,0),(398,'playerVirtual18','playerVirtual18_88d69db9ff',4,'2018-02-16 10:58:49',NULL,0),(399,'playerVirtual8','playerVirtual8_4246147567',0,'2018-02-16 10:59:33',NULL,0),(400,'playerVirtual8','playerVirtual8_4246147567',0,'2018-02-16 10:59:33',NULL,0),(401,'playerVirtual16','playerVirtual16_e8f00881b5',3,'2018-02-16 10:59:39',NULL,0),(402,'playerVirtual5','playerVirtual5_ccf709f147',3,'2018-02-16 10:59:40',NULL,0),(403,'playerVirtual8','playerVirtual8_8b1aef0b18',4,'2018-02-16 11:00:33',NULL,0),(404,'playerVirtual15','playerVirtual15_6289704471',0,'2018-02-16 11:00:59',NULL,0),(405,'playerVirtual15','playerVirtual15_6289704471',0,'2018-02-16 11:00:59',NULL,0),(406,'playerVirtual11','playerVirtual11_4246147567',0,'2018-02-16 11:01:02',NULL,0),(407,'playerVirtual11','playerVirtual11_4246147567',0,'2018-02-16 11:01:02',NULL,0),(408,'playerVirtual15','playerVirtual15_f8d07a9dda',4,'2018-02-16 11:01:59',NULL,0),(409,'playerVirtual11','playerVirtual11_8c051ee921',4,'2018-02-16 11:02:02',NULL,0),(410,'playerVirtual2','playerVirtual2_4246147567',0,'2018-02-16 11:02:27',NULL,0),(411,'playerVirtual2','playerVirtual2_4246147567',0,'2018-02-16 11:02:27',NULL,0),(412,'playerVirtual17','playerVirtual17_4246147567',0,'2018-02-16 11:02:32',NULL,0),(413,'playerVirtual17','playerVirtual17_4246147567',0,'2018-02-16 11:02:32',NULL,0),(414,'playerVirtual7','playerVirtual7_6315250734',0,'2018-02-16 11:02:48',NULL,0),(415,'playerVirtual7','playerVirtual7_6315250734',0,'2018-02-16 11:02:48',NULL,0),(416,'playerVirtual2','playerVirtual2_c01f97b0d4',3,'2018-02-16 11:03:27',NULL,0),(417,'playerVirtual17','playerVirtual17_419328ec45',4,'2018-02-16 11:03:32',NULL,0),(418,'playerVirtual10','playerVirtual10_990694203',0,'2018-02-16 11:03:34',NULL,0),(419,'playerVirtual10','playerVirtual10_990694203',0,'2018-02-16 11:03:34',NULL,0),(420,'playerVirtual7','playerVirtual7_171fd588bc',4,'2018-02-16 11:03:48',NULL,0),(421,'playerVirtual12','playerVirtual12_4246147567',0,'2018-02-16 11:03:59',NULL,0),(422,'playerVirtual12','playerVirtual12_4246147567',0,'2018-02-16 11:03:59',NULL,0),(423,'playerVirtual19','playerVirtual19_e393f3e858',4,'2018-02-16 11:04:29',NULL,0),(424,'playerVirtual10','playerVirtual10_5a9199c10d',3,'2018-02-16 11:04:34',NULL,0),(425,'playerVirtual12','playerVirtual12_bf4ede0bb8',3,'2018-02-16 11:04:59',NULL,0),(426,'playerVirtual5','playerVirtual5_4246147567',1,'2018-02-16 11:05:59',NULL,0),(427,'playerVirtual5','playerVirtual5_32ba419975',4,'2018-02-16 11:05:59',NULL,0),(428,'playerVirtual5','playerVirtual5_4246147567',1,'2018-02-16 11:05:59',NULL,0),(429,'playerVirtual13','playerVirtual13_4246147567',0,'2018-02-16 11:06:03',NULL,0),(430,'playerVirtual13','playerVirtual13_4246147567',0,'2018-02-16 11:06:03',NULL,0),(431,'playerVirtual11','playerVirtual11_4246147567',1,'2018-02-16 11:06:17',NULL,0),(432,'playerVirtual11','playerVirtual11_a795f5286c',3,'2018-02-16 11:06:17',NULL,0),(433,'playerVirtual11','playerVirtual11_4246147567',1,'2018-02-16 11:06:17',NULL,0),(434,'playerVirtual13','playerVirtual13_a1253df45c',4,'2018-02-16 11:07:03',NULL,0),(435,'playerVirtual8','playerVirtual8_4246147567',1,'2018-02-16 11:07:07',NULL,0),(436,'playerVirtual8','playerVirtual8_2d2a48bb14',3,'2018-02-16 11:07:07',NULL,0),(437,'playerVirtual8','playerVirtual8_4246147567',1,'2018-02-16 11:07:07',NULL,0),(438,'playerVirtual1','playerVirtual1_4246147567',0,'2018-02-16 11:07:47',NULL,0),(439,'playerVirtual1','playerVirtual1_4246147567',0,'2018-02-16 11:07:47',NULL,0),(440,'playerVirtual15','playerVirtual15_4246147567',0,'2018-02-16 11:08:04',NULL,0),(441,'playerVirtual15','playerVirtual15_4246147567',0,'2018-02-16 11:08:04',NULL,0),(442,'playerVirtual14','playerVirtual14_2378747961',0,'2018-02-16 11:08:16',NULL,0),(443,'playerVirtual14','playerVirtual14_2378747961',0,'2018-02-16 11:08:16',NULL,0),(444,'playerVirtual9','playerVirtual9_4246147567',1,'2018-02-16 11:08:44',NULL,0),(445,'playerVirtual9','playerVirtual9_5efa04520c',4,'2018-02-16 11:08:44',NULL,0),(446,'playerVirtual9','playerVirtual9_4246147567',1,'2018-02-16 11:08:44',NULL,0),(447,'playerVirtual1','playerVirtual1_01059d0a15',4,'2018-02-16 11:08:47',NULL,0),(448,'playerVirtual4','playerVirtual4_6289704471',1,'2018-02-16 11:08:59',NULL,0),(449,'playerVirtual4','playerVirtual4_e221f84adc',4,'2018-02-16 11:08:59',NULL,0),(450,'playerVirtual4','playerVirtual4_6289704471',1,'2018-02-16 11:08:59',NULL,0),(451,'playerVirtual15','playerVirtual15_b27a370112',3,'2018-02-16 11:09:04',NULL,0),(452,'playerVirtual14','playerVirtual14_ebd76aab10',4,'2018-02-16 11:09:17',NULL,0),(453,'playerVirtual7','playerVirtual7_359920779',0,'2018-02-16 11:10:17',NULL,0),(454,'playerVirtual7','playerVirtual7_359920779',0,'2018-02-16 11:10:17',NULL,0),(455,'playerVirtual2','playerVirtual2_4246147567',1,'2018-02-16 11:10:29',NULL,0),(456,'playerVirtual2','playerVirtual2_d2f873f3a9',4,'2018-02-16 11:10:29',NULL,0),(457,'playerVirtual2','playerVirtual2_4246147567',1,'2018-02-16 11:10:30',NULL,0),(458,'playerVirtual7','playerVirtual7_09a0de8346',3,'2018-02-16 11:11:17',NULL,0),(459,'playerVirtual18','playerVirtual18_1095593',0,'2018-02-16 11:11:51',NULL,0),(460,'playerVirtual18','playerVirtual18_1095593',0,'2018-02-16 11:11:51',NULL,0),(461,'playerVirtual18','playerVirtual18_06d4ee5083',3,'2018-02-16 11:12:51',NULL,0),(462,'playerVirtual16','playerVirtual16_6322213339',0,'2018-02-16 11:13:50',NULL,0),(463,'playerVirtual16','playerVirtual16_6322213339',0,'2018-02-16 11:13:50',NULL,0),(464,'playerVirtual14','playerVirtual14_4246147567',0,'2018-02-16 11:14:09',NULL,0),(465,'playerVirtual14','playerVirtual14_4246147567',0,'2018-02-16 11:14:09',NULL,0),(466,'playerVirtual0','playerVirtual0_4246147567',0,'2018-02-16 11:14:14',NULL,0),(467,'playerVirtual0','playerVirtual0_4246147567',0,'2018-02-16 11:14:14',NULL,0),(468,'playerVirtual16','playerVirtual16_6aeff9296c',4,'2018-02-16 11:14:50',NULL,0),(469,'playerVirtual14','playerVirtual14_8852cea05a',3,'2018-02-16 11:15:09',NULL,0),(470,'playerVirtual0','playerVirtual0_ec8722d24d',4,'2018-02-16 11:15:14',NULL,0),(471,'playerVirtual10','playerVirtual10_990694203',1,'2018-02-16 11:15:24',NULL,0),(472,'playerVirtual10','playerVirtual10_43de667ac9',4,'2018-02-16 11:15:24',NULL,0),(473,'playerVirtual10','playerVirtual10_990694203',1,'2018-02-16 11:15:24',NULL,0),(474,'playerVirtual12','playerVirtual12_4246147567',1,'2018-02-16 11:15:32',NULL,0),(475,'playerVirtual12','playerVirtual12_7f8bd7023b',4,'2018-02-16 11:15:32',NULL,0),(476,'playerVirtual12','playerVirtual12_4246147567',1,'2018-02-16 11:15:32',NULL,0),(477,'playerVirtual17','playerVirtual17_4246147567',1,'2018-02-16 11:16:02',NULL,0),(478,'playerVirtual17','playerVirtual17_634d3d1289',3,'2018-02-16 11:16:02',NULL,0),(479,'playerVirtual17','playerVirtual17_4246147567',1,'2018-02-16 11:16:02',NULL,0),(480,'playerVirtual13','playerVirtual13_4246147567',1,'2018-02-16 11:19:13',NULL,0),(481,'playerVirtual13','playerVirtual13_a527d1beb8',3,'2018-02-16 11:19:13',NULL,0),(482,'playerVirtual13','playerVirtual13_4246147567',1,'2018-02-16 11:19:14',NULL,0),(483,'playerVirtual1','playerVirtual1_4246147567',1,'2018-02-16 11:20:44',NULL,0),(484,'playerVirtual1','playerVirtual1_f0dc3066cc',3,'2018-02-16 11:20:44',NULL,0),(485,'playerVirtual1','playerVirtual1_4246147567',1,'2018-02-16 11:20:44',NULL,0),(486,'playerVirtual4','playerVirtual4_4246147567',0,'2018-02-16 11:20:53',NULL,0),(487,'playerVirtual4','playerVirtual4_4246147567',0,'2018-02-16 11:20:53',NULL,0),(488,'playerVirtual19','playerVirtual19_4246147567',0,'2018-02-16 11:21:05',NULL,0),(489,'playerVirtual19','playerVirtual19_06484104e1',3,'2018-02-16 11:21:05',NULL,0),(490,'playerVirtual19','playerVirtual19_4246147567',0,'2018-02-16 11:21:05',NULL,0),(491,'playerVirtual0','playerVirtual0_4246147567',1,'2018-02-16 11:21:20',NULL,0),(492,'playerVirtual0','playerVirtual0_752870f1e3',3,'2018-02-16 11:21:20',NULL,0),(493,'playerVirtual0','playerVirtual0_4246147567',1,'2018-02-16 11:21:20',NULL,0),(494,'playerVirtual4','playerVirtual4_0fe3c024ec',3,'2018-02-16 11:21:53',NULL,0),(495,'playerVirtual9','playerVirtual9_4246147567',0,'2018-02-16 11:23:13',NULL,0),(496,'playerVirtual9','playerVirtual9_5411075df9',3,'2018-02-16 11:23:13',NULL,0),(497,'playerVirtual9','playerVirtual9_4246147567',0,'2018-02-16 11:23:13',NULL,0),(498,'playerVirtual5','playerVirtual5_4246147567',0,'2018-02-16 11:23:40',NULL,0),(499,'playerVirtual5','playerVirtual5_35efd3ef8c',3,'2018-02-16 11:23:40',NULL,0),(500,'playerVirtual5','playerVirtual5_4246147567',0,'2018-02-16 11:23:41',NULL,0),(501,'playerVirtual8','playerVirtual8_4246147567',0,'2018-02-16 11:25:00',NULL,0),(502,'playerVirtual8','playerVirtual8_a1d7bb64d3',4,'2018-02-16 11:25:00',NULL,0),(503,'playerVirtual8','playerVirtual8_4246147567',0,'2018-02-16 11:25:01',NULL,0),(504,'playerVirtual18','playerVirtual18_4246147567',0,'2018-02-16 11:25:33',NULL,0),(505,'playerVirtual18','playerVirtual18_4246147567',0,'2018-02-16 11:25:33',NULL,0),(506,'playerVirtual11','playerVirtual11_4246147567',0,'2018-02-16 11:26:16',NULL,0),(507,'playerVirtual11','playerVirtual11_ec322d7b34',4,'2018-02-16 11:26:16',NULL,0),(508,'playerVirtual11','playerVirtual11_4246147567',0,'2018-02-16 11:26:16',NULL,0),(509,'playerVirtual15','playerVirtual15_4246147567',1,'2018-02-16 11:26:33',NULL,0),(510,'playerVirtual15','playerVirtual15_8566b1b912',4,'2018-02-16 11:26:33',NULL,0),(511,'playerVirtual15','playerVirtual15_4246147567',1,'2018-02-16 11:26:33',NULL,0),(512,'playerVirtual18','playerVirtual18_88248f6803',4,'2018-02-16 11:26:33',NULL,0),(513,'playerVirtual16','playerVirtual16_4246147567',0,'2018-02-16 11:26:49',NULL,0),(514,'playerVirtual16','playerVirtual16_4246147567',0,'2018-02-16 11:26:49',NULL,0),(515,'playerVirtual16','playerVirtual16_164b075713',3,'2018-02-16 11:27:49',NULL,0),(516,'playerVirtual19','playerVirtual19_8e2d19efa3',4,'2018-02-16 11:28:16',NULL,0),(517,'playerVirtual2','playerVirtual2_4246147567',0,'2018-02-16 11:28:58',NULL,0),(518,'playerVirtual2','playerVirtual2_8c2b8013f2',3,'2018-02-16 11:28:58',NULL,0),(519,'playerVirtual2','playerVirtual2_4246147567',0,'2018-02-16 11:28:58',NULL,0),(520,'playerVirtual5','playerVirtual5_4246147567',1,'2018-02-16 11:29:59',NULL,0),(521,'playerVirtual5','playerVirtual5_2b78f147b7',4,'2018-02-16 11:29:59',NULL,0),(522,'playerVirtual5','playerVirtual5_4246147567',1,'2018-02-16 11:29:59',NULL,0),(523,'playerVirtual17','playerVirtual17_4246147567',0,'2018-02-16 11:30:25',NULL,0),(524,'playerVirtual17','playerVirtual17_43e6c14881',4,'2018-02-16 11:30:25',NULL,0),(525,'playerVirtual17','playerVirtual17_4246147567',0,'2018-02-16 11:30:25',NULL,0),(526,'playerVirtual7','playerVirtual7_6335261139',0,'2018-02-16 11:30:30',NULL,0),(527,'playerVirtual7','playerVirtual7_6335261139',0,'2018-02-16 11:30:30',NULL,0),(528,'playerVirtual11','playerVirtual11_4246147567',1,'2018-02-16 11:30:31',NULL,0),(529,'playerVirtual11','playerVirtual11_bca33edbec',3,'2018-02-16 11:30:31',NULL,0),(530,'playerVirtual11','playerVirtual11_4246147567',1,'2018-02-16 11:30:31',NULL,0),(531,'playerVirtual10','playerVirtual10_4246147567',0,'2018-02-16 11:30:59',NULL,0),(532,'playerVirtual10','playerVirtual10_4246147567',0,'2018-02-16 11:30:59',NULL,0),(533,'playerVirtual7','playerVirtual7_b11ed87b52',4,'2018-02-16 11:31:30',NULL,0),(534,'playerVirtual8','playerVirtual8_4246147567',1,'2018-02-16 11:31:35',NULL,0),(535,'playerVirtual8','playerVirtual8_fa1568bac1',3,'2018-02-16 11:31:35',NULL,0),(536,'playerVirtual8','playerVirtual8_4246147567',1,'2018-02-16 11:31:35',NULL,0),(537,'playerVirtual12','playerVirtual12_4246147567',0,'2018-02-16 11:31:38',NULL,0),(538,'playerVirtual12','playerVirtual12_0031d0e68b',3,'2018-02-16 11:31:38',NULL,0),(539,'playerVirtual12','playerVirtual12_4246147567',0,'2018-02-16 11:31:38',NULL,0),(540,'playerVirtual10','playerVirtual10_6ef0bda98b',3,'2018-02-16 11:31:59',NULL,0),(541,'playerVirtual9','playerVirtual9_4246147567',1,'2018-02-16 11:33:24',NULL,0),(542,'playerVirtual9','playerVirtual9_8c1395377c',4,'2018-02-16 11:33:24',NULL,0),(543,'playerVirtual9','playerVirtual9_4246147567',1,'2018-02-16 11:33:24',NULL,0),(544,'playerVirtual13','playerVirtual13_4246147567',0,'2018-02-16 11:34:09',NULL,0),(545,'playerVirtual13','playerVirtual13_027dbfa49b',4,'2018-02-16 11:34:09',NULL,0),(546,'playerVirtual13','playerVirtual13_4246147567',0,'2018-02-16 11:34:09',NULL,0),(547,'playerVirtual4','playerVirtual4_4246147567',1,'2018-02-16 11:34:51',NULL,0),(548,'playerVirtual4','playerVirtual4_6726961b88',4,'2018-02-16 11:34:51',NULL,0),(549,'playerVirtual4','playerVirtual4_4246147567',1,'2018-02-16 11:34:51',NULL,0),(550,'playerVirtual14','playerVirtual14_4246147567',1,'2018-02-16 11:35:21',NULL,0),(551,'playerVirtual14','playerVirtual14_999056eca5',4,'2018-02-16 11:35:21',NULL,0),(552,'playerVirtual14','playerVirtual14_4246147567',1,'2018-02-16 11:35:21',NULL,0),(553,'playerVirtual2','playerVirtual2_4246147567',1,'2018-02-16 11:36:00',NULL,0),(554,'playerVirtual2','playerVirtual2_1e01eeb8a2',4,'2018-02-16 11:36:00',NULL,0),(555,'playerVirtual2','playerVirtual2_4246147567',1,'2018-02-16 11:36:00',NULL,0),(556,'playerVirtual1','playerVirtual1_4246147567',0,'2018-02-16 11:36:06',NULL,0),(557,'playerVirtual1','playerVirtual1_8af945e887',4,'2018-02-16 11:36:06',NULL,0),(558,'playerVirtual1','playerVirtual1_4246147567',0,'2018-02-16 11:36:06',NULL,0),(559,'playerVirtual15','playerVirtual15_6344084916',0,'2018-02-16 11:36:39',NULL,0),(560,'playerVirtual15','playerVirtual15_6344084916',0,'2018-02-16 11:36:39',NULL,0),(561,'playerVirtual15','playerVirtual15_3de296f04e',3,'2018-02-16 11:37:39',NULL,0),(562,'playerVirtual18','playerVirtual18_035dd1e359',3,'2018-02-16 11:39:35',NULL,0),(563,'playerVirtual0','playerVirtual0_1436344784',1,'2018-02-16 11:39:57',NULL,0),(564,'playerVirtual0','playerVirtual0_2f43fa0c72',4,'2018-02-16 11:39:57',NULL,0),(565,'playerVirtual0','playerVirtual0_1436344784',1,'2018-02-16 11:39:57',NULL,0),(566,'playerVirtual7','playerVirtual7_4246147567',0,'2018-02-16 11:40:30',NULL,0),(567,'playerVirtual7','playerVirtual7_4246147567',0,'2018-02-16 11:40:30',NULL,0),(568,'playerVirtual7','playerVirtual7_c987c4331b',3,'2018-02-16 11:41:30',NULL,0),(569,'playerVirtual16','playerVirtual16_4246147567',1,'2018-02-16 11:42:00',NULL,0),(570,'playerVirtual16','playerVirtual16_fa6c64f2a6',4,'2018-02-16 11:42:00',NULL,0),(571,'playerVirtual16','playerVirtual16_4246147567',1,'2018-02-16 11:42:00',NULL,0),(572,'playerVirtual12','playerVirtual12_4246147567',1,'2018-02-16 11:42:11',NULL,0),(573,'playerVirtual12','playerVirtual12_d9d01f7fd3',4,'2018-02-16 11:42:11',NULL,0),(574,'playerVirtual12','playerVirtual12_4246147567',1,'2018-02-16 11:42:11',NULL,0),(575,'playerVirtual10','playerVirtual10_4246147567',1,'2018-02-16 11:42:49',NULL,0),(576,'playerVirtual10','playerVirtual10_8f1ad6d817',4,'2018-02-16 11:42:49',NULL,0),(577,'playerVirtual10','playerVirtual10_4246147567',1,'2018-02-16 11:42:49',NULL,0),(578,'playerVirtual17','playerVirtual17_4246147567',1,'2018-02-16 11:42:55',NULL,0),(579,'playerVirtual17','playerVirtual17_50a4b97ee4',3,'2018-02-16 11:42:55',NULL,0),(580,'playerVirtual17','playerVirtual17_4246147567',1,'2018-02-16 11:42:55',NULL,0),(581,'playerVirtual14','playerVirtual14_4246147567',0,'2018-02-16 11:44:13',NULL,0),(582,'playerVirtual14','playerVirtual14_5a40b0d76a',3,'2018-02-16 11:44:13',NULL,0),(583,'playerVirtual14','playerVirtual14_4246147567',0,'2018-02-16 11:44:13',NULL,0),(584,'playerVirtual13','playerVirtual13_4246147567',1,'2018-02-16 11:46:19',NULL,0),(585,'playerVirtual13','playerVirtual13_59dbf08e40',3,'2018-02-16 11:46:19',NULL,0),(586,'playerVirtual13','playerVirtual13_4246147567',1,'2018-02-16 11:46:19',NULL,0),(587,'playerVirtual1','playerVirtual1_4246147567',1,'2018-02-16 11:48:03',NULL,0),(588,'playerVirtual1','playerVirtual1_698e236e05',3,'2018-02-16 11:48:03',NULL,0),(589,'playerVirtual1','playerVirtual1_4246147567',1,'2018-02-16 11:48:03',NULL,0),(590,'playerVirtual19','playerVirtual19_4246147567',0,'2018-02-16 11:48:52',NULL,0),(591,'playerVirtual19','playerVirtual19_8d54df3d1b',3,'2018-02-16 11:48:52',NULL,0),(592,'playerVirtual19','playerVirtual19_4246147567',0,'2018-02-16 11:48:52',NULL,0),(593,'playerVirtual4','playerVirtual4_6566788',0,'2018-02-16 11:50:57',NULL,0),(594,'playerVirtual4','playerVirtual4_6566788',0,'2018-02-16 11:50:57',NULL,0),(595,'playerVirtual0','playerVirtual0_6566788',0,'2018-02-16 11:51:05',NULL,0),(596,'playerVirtual0','playerVirtual0_6566788',0,'2018-02-16 11:51:05',NULL,0),(597,'playerVirtual5','playerVirtual5_990694203',0,'2018-02-16 11:51:27',NULL,0),(598,'playerVirtual5','playerVirtual5_990694203',0,'2018-02-16 11:51:27',NULL,0),(599,'playerVirtual4','playerVirtual4_f7188a26f3',3,'2018-02-16 11:51:57',NULL,0),(600,'playerVirtual0','playerVirtual0_56d5742971',3,'2018-02-16 11:52:05',NULL,0),(601,'playerVirtual9','playerVirtual9_4246147567',0,'2018-02-16 11:52:06',NULL,0),(602,'playerVirtual9','playerVirtual9_dd726fc723',3,'2018-02-16 11:52:06',NULL,0),(603,'playerVirtual9','playerVirtual9_4246147567',0,'2018-02-16 11:52:06',NULL,0),(604,'playerVirtual5','playerVirtual5_61f3789eff',3,'2018-02-16 11:52:27',NULL,0),(605,'playerVirtual8','playerVirtual8_272887063',0,'2018-02-16 11:53:21',NULL,0),(606,'playerVirtual8','playerVirtual8_272887063',0,'2018-02-16 11:53:21',NULL,0),(607,'playerVirtual11','playerVirtual11_4246147567',0,'2018-02-16 11:54:16',NULL,0),(608,'playerVirtual11','playerVirtual11_49dbe71a82',4,'2018-02-16 11:54:16',NULL,0),(609,'playerVirtual11','playerVirtual11_4246147567',0,'2018-02-16 11:54:16',NULL,0),(610,'playerVirtual8','playerVirtual8_e5ef6e016a',4,'2018-02-16 11:54:21',NULL,0),(611,'playerVirtual18','playerVirtual18_07ce9f56fd',4,'2018-02-16 11:55:46',NULL,0),(612,'playerVirtual19','playerVirtual19_4441fed566',4,'2018-02-16 11:56:03',NULL,0),(613,'playerVirtual15','playerVirtual15_4246147567',0,'2018-02-16 11:57:07',NULL,0),(614,'playerVirtual15','playerVirtual15_cd6114107f',4,'2018-02-16 11:57:07',NULL,0),(615,'playerVirtual15','playerVirtual15_4246147567',0,'2018-02-16 11:57:07',NULL,0),(616,'playerVirtual16','playerVirtual16_5297461910',1,'2018-02-16 11:57:26',NULL,0),(617,'playerVirtual16','playerVirtual16_0f7d67436b',3,'2018-02-16 11:57:26',NULL,0),(618,'playerVirtual16','playerVirtual16_5297461910',1,'2018-02-16 11:57:26',NULL,0),(619,'playerVirtual2','playerVirtual2_82730999',0,'2018-02-16 11:58:13',NULL,0),(620,'playerVirtual2','playerVirtual2_82730999',0,'2018-02-16 11:58:13',NULL,0),(621,'playerVirtual11','playerVirtual11_4246147567',1,'2018-02-16 11:58:31',NULL,0),(622,'playerVirtual11','playerVirtual11_e6c6268155',3,'2018-02-16 11:58:31',NULL,0),(623,'playerVirtual11','playerVirtual11_4246147567',1,'2018-02-16 11:58:31',NULL,0),(624,'playerVirtual5','playerVirtual5_990694203',1,'2018-02-16 11:58:47',NULL,0),(625,'playerVirtual5','playerVirtual5_2ed82f117c',4,'2018-02-16 11:58:47',NULL,0),(626,'playerVirtual5','playerVirtual5_990694203',1,'2018-02-16 11:58:47',NULL,0),(627,'playerVirtual2','playerVirtual2_0242115a2e',3,'2018-02-16 11:59:13',NULL,0),(628,'playerVirtual17','playerVirtual17_16917741',0,'2018-02-16 12:00:14',NULL,0),(629,'playerVirtual17','playerVirtual17_16917741',0,'2018-02-16 12:00:14',NULL,0),(630,'playerVirtual7','playerVirtual7_4246147567',1,'2018-02-16 12:00:43',NULL,0),(631,'playerVirtual7','playerVirtual7_f259dccb5c',4,'2018-02-16 12:00:43',NULL,0),(632,'playerVirtual7','playerVirtual7_4246147567',1,'2018-02-16 12:00:43',NULL,0),(633,'playerVirtual10','playerVirtual10_16917741',1,'2018-02-16 12:01:06',NULL,0),(634,'playerVirtual10','playerVirtual10_944f21677d',3,'2018-02-16 12:01:06',NULL,0),(635,'playerVirtual10','playerVirtual10_16917741',1,'2018-02-16 12:01:06',NULL,0),(636,'playerVirtual17','playerVirtual17_39f22cb177',4,'2018-02-16 12:01:14',NULL,0),(637,'playerVirtual12','playerVirtual12_4246147567',0,'2018-02-16 12:01:26',NULL,0),(638,'playerVirtual12','playerVirtual12_71d4ebbabd',3,'2018-02-16 12:01:26',NULL,0),(639,'playerVirtual12','playerVirtual12_4246147567',0,'2018-02-16 12:01:26',NULL,0),(640,'playerVirtual9','playerVirtual9_4246147567',1,'2018-02-16 12:02:16',NULL,0),(641,'playerVirtual9','playerVirtual9_c29a1e9250',4,'2018-02-16 12:02:16',NULL,0),(642,'playerVirtual9','playerVirtual9_4246147567',1,'2018-02-16 12:02:16',NULL,0),(643,'playerVirtual8','playerVirtual8_5297461910',0,'2018-02-16 12:02:30',NULL,0),(644,'playerVirtual8','playerVirtual8_5297461910',0,'2018-02-16 12:02:30',NULL,0),(645,'playerVirtual8','playerVirtual8_dd26493857',3,'2018-02-16 12:03:30',NULL,0),(646,'playerVirtual13','playerVirtual13_4820150269',0,'2018-02-16 12:03:59',NULL,0),(647,'playerVirtual13','playerVirtual13_4820150269',0,'2018-02-16 12:03:59',NULL,0),(648,'playerVirtual14','playerVirtual14_4246147567',1,'2018-02-16 12:04:26',NULL,0),(649,'playerVirtual14','playerVirtual14_6169426469',4,'2018-02-16 12:04:26',NULL,0),(650,'playerVirtual14','playerVirtual14_4246147567',1,'2018-02-16 12:04:26',NULL,0),(651,'playerVirtual13','playerVirtual13_493e27fb76',4,'2018-02-16 12:04:59',NULL,0),(652,'playerVirtual4','playerVirtual4_6566788',1,'2018-02-16 12:05:34',NULL,0),(653,'playerVirtual4','playerVirtual4_942bcd9fb8',4,'2018-02-16 12:05:34',NULL,0),(654,'playerVirtual4','playerVirtual4_6566788',1,'2018-02-16 12:05:34',NULL,0),(655,'playerVirtual1','playerVirtual1_4820150269',0,'2018-02-16 12:05:57',NULL,0),(656,'playerVirtual1','playerVirtual1_4820150269',0,'2018-02-16 12:05:57',NULL,0),(657,'playerVirtual1','playerVirtual1_f487f86c7f',4,'2018-02-16 12:06:57',NULL,0),(658,'playerVirtual15','playerVirtual15_4246147567',1,'2018-02-16 12:07:13',NULL,0),(659,'playerVirtual15','playerVirtual15_5159b7562b',3,'2018-02-16 12:07:13',NULL,0),(660,'playerVirtual15','playerVirtual15_4246147567',1,'2018-02-16 12:07:13',NULL,0),(661,'playerVirtual2','playerVirtual2_5068098508',0,'2018-02-16 12:07:40',NULL,0),(662,'playerVirtual2','playerVirtual2_5068098508',0,'2018-02-16 12:07:40',NULL,0),(663,'playerVirtual2','playerVirtual2_cdd97b9292',4,'2018-02-16 12:08:40',NULL,0),(664,'playerVirtual18','playerVirtual18_4246147567',0,'2018-02-16 12:09:36',NULL,0),(665,'playerVirtual18','playerVirtual18_a4aa1129f9',3,'2018-02-16 12:09:36',NULL,0),(666,'playerVirtual18','playerVirtual18_4246147567',0,'2018-02-16 12:09:36',NULL,0),(667,'playerVirtual0','playerVirtual0_3338579772',0,'2018-02-16 12:10:50',NULL,0),(668,'playerVirtual0','playerVirtual0_3338579772',0,'2018-02-16 12:10:50',NULL,0),(669,'playerVirtual0','playerVirtual0_64704bce23',4,'2018-02-16 12:11:50',NULL,0),(670,'playerVirtual12','playerVirtual12_4246147567',1,'2018-02-16 12:11:59',NULL,0),(671,'playerVirtual12','playerVirtual12_398232d857',4,'2018-02-16 12:11:59',NULL,0),(672,'playerVirtual12','playerVirtual12_4246147567',1,'2018-02-16 12:11:59',NULL,0),(673,'playerVirtual16','playerVirtual16_4246147567',0,'2018-02-16 12:12:15',NULL,0),(674,'playerVirtual16','playerVirtual16_d214d72d7f',4,'2018-02-16 12:12:15',NULL,0),(675,'playerVirtual16','playerVirtual16_4246147567',0,'2018-02-16 12:12:15',NULL,0),(676,'playerVirtual7','playerVirtual7_990694203',0,'2018-02-16 12:12:25',NULL,0),(677,'playerVirtual7','playerVirtual7_990694203',0,'2018-02-16 12:12:25',NULL,0),(678,'playerVirtual14','playerVirtual14_2378747961',1,'2018-02-16 12:13:19',NULL,0),(679,'playerVirtual14','playerVirtual14_ce3ff469d8',3,'2018-02-16 12:13:19',NULL,0),(680,'playerVirtual14','playerVirtual14_2378747961',1,'2018-02-16 12:13:19',NULL,0),(681,'playerVirtual7','playerVirtual7_b3a1fd2990',3,'2018-02-16 12:13:25',NULL,0),(682,'playerVirtual10','playerVirtual10_6280643141',0,'2018-02-16 12:13:48',NULL,0),(683,'playerVirtual10','playerVirtual10_6280643141',0,'2018-02-16 12:13:48',NULL,0),(684,'playerVirtual10','playerVirtual10_536bf9067f',4,'2018-02-16 12:14:49',NULL,0),(685,'playerVirtual17','playerVirtual17_4246147567',0,'2018-02-16 12:15:06',NULL,0),(686,'playerVirtual17','playerVirtual17_3a2c2672a5',3,'2018-02-16 12:15:06',NULL,0),(687,'playerVirtual17','playerVirtual17_4246147567',0,'2018-02-16 12:15:06',NULL,0),(688,'playerVirtual13','playerVirtual13_4820150269',1,'2018-02-16 12:17:10',NULL,0),(689,'playerVirtual13','playerVirtual13_f5fe415c57',3,'2018-02-16 12:17:10',NULL,0),(690,'playerVirtual13','playerVirtual13_4820150269',1,'2018-02-16 12:17:10',NULL,0),(691,'playerVirtual19','playerVirtual19_4fd8c8a0d9',3,'2018-02-16 12:19:03',NULL,0),(692,'playerVirtual1','playerVirtual1_4246147567',0,'2018-02-16 12:20:43',NULL,0),(693,'playerVirtual1','playerVirtual1_16337d9577',3,'2018-02-16 12:20:43',NULL,0),(694,'playerVirtual1','playerVirtual1_4246147567',0,'2018-02-16 12:20:43',NULL,0),(695,'playerVirtual4','playerVirtual4_3338579772',1,'2018-02-16 12:21:50',NULL,0),(696,'playerVirtual4','playerVirtual4_1ee0823711',3,'2018-02-16 12:21:50',NULL,0),(697,'playerVirtual4','playerVirtual4_3338579772',1,'2018-02-16 12:21:50',NULL,0),(698,'playerVirtual5','playerVirtual5_1436344784',0,'2018-02-16 12:23:04',NULL,0),(699,'playerVirtual5','playerVirtual5_1436344784',0,'2018-02-16 12:23:04',NULL,0),(700,'playerVirtual9','playerVirtual9_1438244924',0,'2018-02-16 12:23:28',NULL,0),(701,'playerVirtual9','playerVirtual9_1438244924',0,'2018-02-16 12:23:28',NULL,0),(702,'playerVirtual5','playerVirtual5_fab03e3a67',3,'2018-02-16 12:24:04',NULL,0),(703,'playerVirtual9','playerVirtual9_3ade333c18',3,'2018-02-16 12:24:28',NULL,0),(704,'playerVirtual11','playerVirtual11_4246147567',0,'2018-02-16 12:24:45',NULL,0),(705,'playerVirtual11','playerVirtual11_dc8674a559',4,'2018-02-16 12:24:45',NULL,0),(706,'playerVirtual11','playerVirtual11_4246147567',0,'2018-02-16 12:24:45',NULL,0),(707,'playerVirtual0','playerVirtual0_4246147567',0,'2018-02-16 12:25:28',NULL,0),(708,'playerVirtual0','playerVirtual0_3b00f7056b',3,'2018-02-16 12:25:28',NULL,0),(709,'playerVirtual0','playerVirtual0_4246147567',0,'2018-02-16 12:25:28',NULL,0),(710,'playerVirtual18','playerVirtual18_677b501188',4,'2018-02-16 12:25:47',NULL,0),(711,'playerVirtual8','playerVirtual8_4246147567',0,'2018-02-16 12:26:48',NULL,0),(712,'playerVirtual8','playerVirtual8_35602dcf66',4,'2018-02-16 12:26:48',NULL,0),(713,'playerVirtual8','playerVirtual8_4246147567',0,'2018-02-16 12:26:48',NULL,0),(714,'playerVirtual19','playerVirtual19_c5a5dd953f',4,'2018-02-16 12:27:25',NULL,0),(715,'playerVirtual16','playerVirtual16_4246147567',1,'2018-02-16 12:27:40',NULL,0),(716,'playerVirtual16','playerVirtual16_704ec2c297',3,'2018-02-16 12:27:40',NULL,0),(717,'playerVirtual16','playerVirtual16_4246147567',1,'2018-02-16 12:27:40',NULL,0),(718,'playerVirtual15','playerVirtual15_5792765',0,'2018-02-16 12:28:56',NULL,0),(719,'playerVirtual15','playerVirtual15_5792765',0,'2018-02-16 12:28:56',NULL,0),(720,'playerVirtual11','playerVirtual11_4246147567',1,'2018-02-16 12:29:00',NULL,0),(721,'playerVirtual11','playerVirtual11_8ce0eb26d4',3,'2018-02-16 12:29:00',NULL,0),(722,'playerVirtual11','playerVirtual11_4246147567',1,'2018-02-16 12:29:00',NULL,0),(723,'playerVirtual15','playerVirtual15_bcf262570d',4,'2018-02-16 12:29:56',NULL,0),(724,'playerVirtual2','playerVirtual2_4246147567',0,'2018-02-16 12:32:23',NULL,0),(725,'playerVirtual2','playerVirtual2_7aaba7c62e',3,'2018-02-16 12:32:23',NULL,0),(726,'playerVirtual2','playerVirtual2_4246147567',0,'2018-02-16 12:32:23',NULL,0),(727,'playerVirtual17','playerVirtual17_4246147567',1,'2018-02-16 12:32:26',NULL,0),(728,'playerVirtual17','playerVirtual17_4d8f431590',4,'2018-02-16 12:32:26',NULL,0),(729,'playerVirtual17','playerVirtual17_4246147567',1,'2018-02-16 12:32:26',NULL,0),(730,'playerVirtual7','playerVirtual7_990694203',1,'2018-02-16 12:32:40',NULL,0),(731,'playerVirtual7','playerVirtual7_b231dcfcaa',4,'2018-02-16 12:32:40',NULL,0),(732,'playerVirtual7','playerVirtual7_990694203',1,'2018-02-16 12:32:40',NULL,0),(733,'playerVirtual5','playerVirtual5_4246147567',0,'2018-02-16 12:33:45',NULL,0),(734,'playerVirtual5','playerVirtual5_586cf8bcdc',4,'2018-02-16 12:33:45',NULL,0),(735,'playerVirtual5','playerVirtual5_4246147567',0,'2018-02-16 12:33:45',NULL,0),(736,'playerVirtual12','playerVirtual12_4246147567',0,'2018-02-16 12:34:04',NULL,0),(737,'playerVirtual12','playerVirtual12_d2ae1e8739',3,'2018-02-16 12:34:04',NULL,0),(738,'playerVirtual12','playerVirtual12_4246147567',0,'2018-02-16 12:34:04',NULL,0),(739,'playerVirtual8','playerVirtual8_4246147567',1,'2018-02-16 12:34:57',NULL,0),(740,'playerVirtual8','playerVirtual8_07632b9521',3,'2018-02-16 12:34:57',NULL,0),(741,'playerVirtual8','playerVirtual8_4246147567',1,'2018-02-16 12:34:57',NULL,0),(742,'playerVirtual10','playerVirtual10_4246147567',0,'2018-02-16 12:35:12',NULL,0),(743,'playerVirtual10','playerVirtual10_3bef6bfaab',3,'2018-02-16 12:35:12',NULL,0),(744,'playerVirtual10','playerVirtual10_4246147567',0,'2018-02-16 12:35:12',NULL,0),(745,'playerVirtual14','playerVirtual14_4246147567',0,'2018-02-16 12:37:16',NULL,0),(746,'playerVirtual14','playerVirtual14_b4096e07ae',4,'2018-02-16 12:37:16',NULL,0),(747,'playerVirtual14','playerVirtual14_4246147567',0,'2018-02-16 12:37:16',NULL,0),(748,'playerVirtual9','playerVirtual9_4246147567',0,'2018-02-16 12:37:28',NULL,0),(749,'playerVirtual9','playerVirtual9_d170a7f3e8',4,'2018-02-16 12:37:28',NULL,0),(750,'playerVirtual9','playerVirtual9_4246147567',0,'2018-02-16 12:37:28',NULL,0),(751,'playerVirtual13','playerVirtual13_4246147567',0,'2018-02-16 12:38:17',NULL,0),(752,'playerVirtual13','playerVirtual13_1f76b81e02',4,'2018-02-16 12:38:17',NULL,0),(753,'playerVirtual13','playerVirtual13_4246147567',0,'2018-02-16 12:38:17',NULL,0),(754,'playerVirtual1','playerVirtual1_4246147567',1,'2018-02-16 12:38:38',NULL,0),(755,'playerVirtual1','playerVirtual1_49c5765628',4,'2018-02-16 12:38:38',NULL,0),(756,'playerVirtual1','playerVirtual1_4246147567',1,'2018-02-16 12:38:38',NULL,0),(757,'playerVirtual4','playerVirtual4_4246147567',0,'2018-02-16 12:39:18',NULL,0),(758,'playerVirtual4','playerVirtual4_23c8981cc4',4,'2018-02-16 12:39:18',NULL,0),(759,'playerVirtual4','playerVirtual4_4246147567',0,'2018-02-16 12:39:18',NULL,0),(760,'playerVirtual2','playerVirtual2_4246147567',1,'2018-02-16 12:40:50',NULL,0),(761,'playerVirtual2','playerVirtual2_913f073019',4,'2018-02-16 12:40:50',NULL,0),(762,'playerVirtual2','playerVirtual2_4246147567',1,'2018-02-16 12:40:50',NULL,0),(763,'playerVirtual15','playerVirtual15_2378747961',0,'2018-02-16 12:43:21',NULL,0),(764,'playerVirtual15','playerVirtual15_a21bcff3a3',3,'2018-02-16 12:43:21',NULL,0),(765,'playerVirtual15','playerVirtual15_2378747961',0,'2018-02-16 12:43:21',NULL,0),(766,'playerVirtual18','playerVirtual18_990694203',0,'2018-02-16 12:43:57',NULL,0),(767,'playerVirtual18','playerVirtual18_e541f3d99d',3,'2018-02-16 12:43:57',NULL,0),(768,'playerVirtual18','playerVirtual18_990694203',0,'2018-02-16 12:43:57',NULL,0),(769,'playerVirtual0','playerVirtual0_4246147567',1,'2018-02-16 12:44:14',NULL,0),(770,'playerVirtual0','playerVirtual0_8ed5917930',4,'2018-02-16 12:44:14',NULL,0),(771,'playerVirtual0','playerVirtual0_4246147567',1,'2018-02-16 12:44:14',NULL,0),(772,'playerVirtual12','playerVirtual12_4246147567',1,'2018-02-16 12:44:37',NULL,0),(773,'playerVirtual12','playerVirtual12_0c66dd828d',4,'2018-02-16 12:44:37',NULL,0),(774,'playerVirtual12','playerVirtual12_4246147567',1,'2018-02-16 12:44:37',NULL,0),(775,'playerVirtual14','playerVirtual14_4246147567',1,'2018-02-16 12:46:10',NULL,0),(776,'playerVirtual14','playerVirtual14_aaea70b3a3',3,'2018-02-16 12:46:10',NULL,0),(777,'playerVirtual14','playerVirtual14_4246147567',1,'2018-02-16 12:46:10',NULL,0),(778,'playerVirtual16','playerVirtual16_4246147567',0,'2018-02-16 12:46:53',NULL,0),(779,'playerVirtual16','playerVirtual16_b56947ba1f',4,'2018-02-16 12:46:53',NULL,0),(780,'playerVirtual16','playerVirtual16_4246147567',0,'2018-02-16 12:46:53',NULL,0),(781,'playerVirtual17','playerVirtual17_5792765',1,'2018-02-16 12:46:54',NULL,0),(782,'playerVirtual17','playerVirtual17_331f7f484c',3,'2018-02-16 12:46:54',NULL,0),(783,'playerVirtual17','playerVirtual17_5792765',1,'2018-02-16 12:46:54',NULL,0),(784,'playerVirtual10','playerVirtual10_4246147567',1,'2018-02-16 12:47:54',NULL,0),(785,'playerVirtual10','playerVirtual10_a1b8b0bb57',4,'2018-02-16 12:47:54',NULL,0),(786,'playerVirtual10','playerVirtual10_4246147567',1,'2018-02-16 12:47:54',NULL,0),(787,'playerVirtual7','playerVirtual7_904011',0,'2018-02-16 12:49:09',NULL,0),(788,'playerVirtual7','playerVirtual7_904011',0,'2018-02-16 12:49:09',NULL,0),(789,'playerVirtual7','playerVirtual7_05e81173bf',3,'2018-02-16 12:50:09',NULL,0),(790,'playerVirtual13','playerVirtual13_4246147567',1,'2018-02-16 12:50:28',NULL,0),(791,'playerVirtual13','playerVirtual13_e6f844fda2',3,'2018-02-16 12:50:28',NULL,0),(792,'playerVirtual13','playerVirtual13_4246147567',1,'2018-02-16 12:50:28',NULL,0),(793,'playerVirtual19','playerVirtual19_4246147567',0,'2018-02-16 12:53:27',NULL,0),(794,'playerVirtual19','playerVirtual19_ef367f0db5',3,'2018-02-16 12:53:27',NULL,0),(795,'playerVirtual19','playerVirtual19_4246147567',0,'2018-02-16 12:53:27',NULL,0),(796,'playerVirtual4','playerVirtual4_4246147567',1,'2018-02-16 12:55:34',NULL,0),(797,'playerVirtual4','playerVirtual4_498321fd87',3,'2018-02-16 12:55:34',NULL,0),(798,'playerVirtual4','playerVirtual4_4246147567',1,'2018-02-16 12:55:34',NULL,0),(799,'playerVirtual1','playerVirtual1_4820318661',0,'2018-02-16 12:56:41',NULL,0),(800,'playerVirtual1','playerVirtual1_4820318661',0,'2018-02-16 12:56:41',NULL,0),(801,'playerVirtual1','playerVirtual1_452a9b893a',3,'2018-02-16 12:57:41',NULL,0),(802,'playerVirtual5','playerVirtual5_4246147567',1,'2018-02-16 12:58:02',NULL,0),(803,'playerVirtual5','playerVirtual5_04581c406f',3,'2018-02-16 12:58:02',NULL,0),(804,'playerVirtual5','playerVirtual5_4246147567',1,'2018-02-16 12:58:02',NULL,0),(805,'playerVirtual9','playerVirtual9_4246147567',1,'2018-02-16 12:58:40',NULL,0),(806,'playerVirtual9','playerVirtual9_e92be06324',3,'2018-02-16 12:58:40',NULL,0),(807,'playerVirtual9','playerVirtual9_4246147567',1,'2018-02-16 12:58:40',NULL,0),(808,'playerVirtual11','playerVirtual11_4246147567',0,'2018-02-16 12:59:37',NULL,0),(809,'playerVirtual11','playerVirtual11_7ebc6bee22',4,'2018-02-16 12:59:37',NULL,0),(810,'playerVirtual11','playerVirtual11_4246147567',0,'2018-02-16 12:59:37',NULL,0),(811,'playerVirtual18','playerVirtual18_f15033c54f',4,'2018-02-16 13:00:08',NULL,0),(812,'playerVirtual0','playerVirtual0_4246147567',0,'2018-02-16 13:01:44',NULL,0),(813,'playerVirtual0','playerVirtual0_91231eb8b1',3,'2018-02-16 13:01:44',NULL,0),(814,'playerVirtual0','playerVirtual0_4246147567',0,'2018-02-16 13:01:44',NULL,0),(815,'playerVirtual19','playerVirtual19_fa43783c10',4,'2018-02-16 13:01:49',NULL,0),(816,'playerVirtual16','playerVirtual16_4246147567',1,'2018-02-16 13:02:19',NULL,0),(817,'playerVirtual16','playerVirtual16_843d62196d',3,'2018-02-16 13:02:19',NULL,0),(818,'playerVirtual16','playerVirtual16_4246147567',1,'2018-02-16 13:02:19',NULL,0),(819,'playerVirtual8','playerVirtual8_4246147567',0,'2018-02-16 13:02:34',NULL,0),(820,'playerVirtual8','playerVirtual8_6e3e09615b',4,'2018-02-16 13:02:34',NULL,0),(821,'playerVirtual8','playerVirtual8_4246147567',0,'2018-02-16 13:02:34',NULL,0),(822,'playerVirtual11','playerVirtual11_4246147567',1,'2018-02-16 13:03:52',NULL,0),(823,'playerVirtual11','playerVirtual11_0d5d854958',3,'2018-02-16 13:03:52',NULL,0),(824,'playerVirtual11','playerVirtual11_4246147567',1,'2018-02-16 13:03:52',NULL,0),(825,'playerVirtual17','playerVirtual17_16917741',1,'2018-02-16 13:05:41',NULL,0),(826,'playerVirtual17','playerVirtual17_8be40aaa74',4,'2018-02-16 13:05:41',NULL,0),(827,'playerVirtual17','playerVirtual17_16917741',1,'2018-02-16 13:05:41',NULL,0),(828,'playerVirtual15','playerVirtual15_990694203',0,'2018-02-16 13:06:03',NULL,0),(829,'playerVirtual15','playerVirtual15_990694203',0,'2018-02-16 13:06:03',NULL,0),(830,'playerVirtual15','playerVirtual15_75a7b225e9',4,'2018-02-16 13:07:03',NULL,0),(831,'playerVirtual2','playerVirtual2_4246147567',0,'2018-02-16 13:08:23',NULL,0),(832,'playerVirtual2','playerVirtual2_cfb8dc2661',3,'2018-02-16 13:08:23',NULL,0),(833,'playerVirtual2','playerVirtual2_4246147567',0,'2018-02-16 13:08:23',NULL,0),(834,'playerVirtual5','playerVirtual5_794070039',1,'2018-02-16 13:10:02',NULL,0),(835,'playerVirtual5','playerVirtual5_6b078072dc',4,'2018-02-16 13:10:02',NULL,0),(836,'playerVirtual5','playerVirtual5_794070039',1,'2018-02-16 13:10:02',NULL,0),(837,'playerVirtual8','playerVirtual8_4246147567',1,'2018-02-16 13:10:43',NULL,0),(838,'playerVirtual8','playerVirtual8_f7250a1da4',3,'2018-02-16 13:10:43',NULL,0),(839,'playerVirtual8','playerVirtual8_4246147567',1,'2018-02-16 13:10:43',NULL,0),(840,'playerVirtual12','playerVirtual12_2148750930',0,'2018-02-16 13:10:46',NULL,0),(841,'playerVirtual12','playerVirtual12_2148750930',0,'2018-02-16 13:10:46',NULL,0),(842,'playerVirtual7','playerVirtual7_4246147567',0,'2018-02-16 13:10:49',NULL,0),(843,'playerVirtual7','playerVirtual7_89281be4b1',4,'2018-02-16 13:10:49',NULL,0),(844,'playerVirtual7','playerVirtual7_4246147567',0,'2018-02-16 13:10:49',NULL,0),(845,'playerVirtual12','playerVirtual12_378695c76c',3,'2018-02-16 13:11:46',NULL,0),(846,'playerVirtual10','playerVirtual10_4246147567',0,'2018-02-16 13:12:07',NULL,0),(847,'playerVirtual10','playerVirtual10_8b54867fd0',3,'2018-02-16 13:12:07',NULL,0),(848,'playerVirtual10','playerVirtual10_4246147567',0,'2018-02-16 13:12:07',NULL,0),(849,'playerVirtual14','playerVirtual14_4246147567',0,'2018-02-16 13:14:00',NULL,0),(850,'playerVirtual14','playerVirtual14_f4383bf2b5',4,'2018-02-16 13:14:00',NULL,0),(851,'playerVirtual14','playerVirtual14_4246147567',0,'2018-02-16 13:14:00',NULL,0),(852,'playerVirtual9','playerVirtual9_4246147567',0,'2018-02-16 13:15:03',NULL,0),(853,'playerVirtual9','playerVirtual9_8cd8d44cc9',4,'2018-02-16 13:15:03',NULL,0),(854,'playerVirtual9','playerVirtual9_4246147567',0,'2018-02-16 13:15:03',NULL,0),(855,'playerVirtual13','playerVirtual13_6370662053',0,'2018-02-16 13:15:34',NULL,0),(856,'playerVirtual13','playerVirtual13_6370662053',0,'2018-02-16 13:15:34',NULL,0),(857,'playerVirtual13','playerVirtual13_f4ec1ba216',4,'2018-02-16 13:16:34',NULL,0),(858,'playerVirtual4','playerVirtual4_16917741',0,'2018-02-16 13:16:37',NULL,0),(859,'playerVirtual4','playerVirtual4_16917741',0,'2018-02-16 13:16:37',NULL,0),(860,'playerVirtual2','playerVirtual2_4246147567',1,'2018-02-16 13:16:50',NULL,0),(861,'playerVirtual2','playerVirtual2_ce65ec525b',4,'2018-02-16 13:16:50',NULL,0),(862,'playerVirtual2','playerVirtual2_4246147567',1,'2018-02-16 13:16:50',NULL,0),(863,'playerVirtual1','playerVirtual1_4246147567',0,'2018-02-16 13:17:00',NULL,0),(864,'playerVirtual1','playerVirtual1_801a0fa6a7',4,'2018-02-16 13:17:00',NULL,0),(865,'playerVirtual1','playerVirtual1_4246147567',0,'2018-02-16 13:17:00',NULL,0),(866,'playerVirtual4','playerVirtual4_e02237cc43',4,'2018-02-16 13:17:37',NULL,0),(867,'playerVirtual18','playerVirtual18_a8443a8975',3,'2018-02-16 13:19:53',NULL,0),(868,'playerVirtual0','playerVirtual0_4246147567',1,'2018-02-16 13:20:29',NULL,0),(869,'playerVirtual0','playerVirtual0_563550327f',4,'2018-02-16 13:20:29',NULL,0),(870,'playerVirtual0','playerVirtual0_4246147567',1,'2018-02-16 13:20:29',NULL,0),(871,'playerVirtual15','playerVirtual15_990694203',1,'2018-02-16 13:20:29',NULL,0),(872,'playerVirtual15','playerVirtual15_8db1d30536',3,'2018-02-16 13:20:29',NULL,0),(873,'playerVirtual15','playerVirtual15_990694203',1,'2018-02-16 13:20:30',NULL,0),(874,'playerVirtual14','playerVirtual14_4246147567',1,'2018-02-16 13:22:54',NULL,0),(875,'playerVirtual14','playerVirtual14_d9862b41d6',3,'2018-02-16 13:22:54',NULL,0),(876,'playerVirtual14','playerVirtual14_4246147567',1,'2018-02-16 13:22:54',NULL,0),(877,'playerVirtual12','playerVirtual12_539194189',0,'2018-02-16 13:24:29',NULL,0),(878,'playerVirtual12','playerVirtual12_539194189',0,'2018-02-16 13:24:29',NULL,0),(879,'playerVirtual10','playerVirtual10_4246147567',1,'2018-02-16 13:24:49',NULL,0),(880,'playerVirtual10','playerVirtual10_323ce779d1',4,'2018-02-16 13:24:50',NULL,0),(881,'playerVirtual10','playerVirtual10_4246147567',1,'2018-02-16 13:24:50',NULL,0),(882,'playerVirtual16','playerVirtual16_4246147567',0,'2018-02-16 13:24:56',NULL,0),(883,'playerVirtual16','playerVirtual16_dacedd953a',4,'2018-02-16 13:24:56',NULL,0),(884,'playerVirtual16','playerVirtual16_4246147567',0,'2018-02-16 13:24:56',NULL,0),(885,'playerVirtual17','playerVirtual17_4246147567',0,'2018-02-16 13:25:22',NULL,0),(886,'playerVirtual17','playerVirtual17_06e91e315f',3,'2018-02-16 13:25:22',NULL,0),(887,'playerVirtual17','playerVirtual17_4246147567',0,'2018-02-16 13:25:22',NULL,0),(888,'playerVirtual12','playerVirtual12_d6bc54cd4b',4,'2018-02-16 13:25:29',NULL,0),(889,'playerVirtual7','playerVirtual7_4246147567',1,'2018-02-16 13:27:18',NULL,0),(890,'playerVirtual7','playerVirtual7_98c66da1f2',3,'2018-02-16 13:27:18',NULL,0),(891,'playerVirtual7','playerVirtual7_4246147567',1,'2018-02-16 13:27:18',NULL,0),(892,'playerVirtual13','playerVirtual13_539194189',1,'2018-02-16 13:30:00',NULL,0),(893,'playerVirtual13','playerVirtual13_37dab2ad50',3,'2018-02-16 13:30:00',NULL,0),(894,'playerVirtual13','playerVirtual13_539194189',1,'2018-02-16 13:30:01',NULL,0),(895,'playerVirtual19','playerVirtual19_4246147567',0,'2018-02-16 13:31:16',NULL,0),(896,'playerVirtual19','playerVirtual19_dd18fbfb9f',3,'2018-02-16 13:31:16',NULL,0),(897,'playerVirtual19','playerVirtual19_4246147567',0,'2018-02-16 13:31:16',NULL,0),(898,'playerVirtual1','playerVirtual1_4246147567',1,'2018-02-16 13:35:03',NULL,0),(899,'playerVirtual1','playerVirtual1_7b881b0126',3,'2018-02-16 13:35:03',NULL,0),(900,'playerVirtual1','playerVirtual1_4246147567',1,'2018-02-16 13:35:03',NULL,0),(901,'playerVirtual4','playerVirtual4_4246147567',0,'2018-02-16 13:35:41',NULL,0),(902,'playerVirtual4','playerVirtual4_60f041e5b2',3,'2018-02-16 13:35:41',NULL,0),(903,'playerVirtual4','playerVirtual4_4246147567',0,'2018-02-16 13:35:41',NULL,0),(904,'playerVirtual9','playerVirtual9_4246147567',1,'2018-02-16 13:36:15',NULL,0),(905,'playerVirtual9','playerVirtual9_05c2e72ebd',3,'2018-02-16 13:36:15',NULL,0),(906,'playerVirtual9','playerVirtual9_4246147567',1,'2018-02-16 13:36:15',NULL,0),(907,'playerVirtual5','playerVirtual5_794070039',0,'2018-02-16 13:36:34',NULL,0),(908,'playerVirtual5','playerVirtual5_779b271c35',3,'2018-02-16 13:36:34',NULL,0),(909,'playerVirtual5','playerVirtual5_794070039',0,'2018-02-16 13:36:34',NULL,0),(910,'playerVirtual11','playerVirtual11_990694203',0,'2018-02-16 13:37:41',NULL,0),(911,'playerVirtual11','playerVirtual11_990694203',0,'2018-02-16 13:37:41',NULL,0),(912,'playerVirtual11','playerVirtual11_74baba6285',4,'2018-02-16 13:38:41',NULL,0),(913,'playerVirtual18','playerVirtual18_4246147567',0,'2018-02-16 13:39:29',NULL,0),(914,'playerVirtual18','playerVirtual18_8acf41d1b8',4,'2018-02-16 13:39:29',NULL,0),(915,'playerVirtual18','playerVirtual18_4246147567',0,'2018-02-16 13:39:29',NULL,0),(916,'playerVirtual19','playerVirtual19_3d7e8dfd57',4,'2018-02-16 13:39:38',NULL,0),(917,'playerVirtual16','playerVirtual16_4246147567',1,'2018-02-16 13:40:21',NULL,0),(918,'playerVirtual16','playerVirtual16_dc61f9eb75',3,'2018-02-16 13:40:21',NULL,0),(919,'playerVirtual16','playerVirtual16_4246147567',1,'2018-02-16 13:40:21',NULL,0),(920,'playerVirtual8','playerVirtual8_4246147567',0,'2018-02-16 13:41:16',NULL,0),(921,'playerVirtual8','playerVirtual8_4e2e4880e3',4,'2018-02-16 13:41:16',NULL,0),(922,'playerVirtual8','playerVirtual8_4246147567',0,'2018-02-16 13:41:16',NULL,0),(923,'playerVirtual0','playerVirtual0_4246147567',0,'2018-02-16 13:41:16',NULL,0),(924,'playerVirtual0','playerVirtual0_1bb8449620',3,'2018-02-16 13:41:16',NULL,0),(925,'playerVirtual0','playerVirtual0_4246147567',0,'2018-02-16 13:41:16',NULL,0),(926,'playerVirtual11','playerVirtual11_990694203',1,'2018-02-16 13:42:56',NULL,0),(927,'playerVirtual11','playerVirtual11_16238a68dd',3,'2018-02-16 13:42:56',NULL,0),(928,'playerVirtual11','playerVirtual11_990694203',1,'2018-02-16 13:42:56',NULL,0),(929,'playerVirtual17','playerVirtual17_4246147567',1,'2018-02-16 13:44:09',NULL,0),(930,'playerVirtual17','playerVirtual17_cb9acf7969',4,'2018-02-16 13:44:09',NULL,0),(931,'playerVirtual17','playerVirtual17_4246147567',1,'2018-02-16 13:44:10',NULL,0),(932,'playerVirtual15','playerVirtual15_5297461910',0,'2018-02-16 13:46:46',NULL,0),(933,'playerVirtual15','playerVirtual15_5297461910',0,'2018-02-16 13:46:46',NULL,0),(934,'playerVirtual2','playerVirtual2_4246147567',0,'2018-02-16 13:47:18',NULL,0),(935,'playerVirtual2','playerVirtual2_6d55500c86',3,'2018-02-16 13:47:18',NULL,0),(936,'playerVirtual2','playerVirtual2_4246147567',0,'2018-02-16 13:47:18',NULL,0),(937,'playerVirtual15','playerVirtual15_af2bf261ea',4,'2018-02-16 13:47:46',NULL,0),(938,'playerVirtual8','playerVirtual8_4246147567',1,'2018-02-16 13:49:25',NULL,0),(939,'playerVirtual8','playerVirtual8_71e99edd77',3,'2018-02-16 13:49:25',NULL,0),(940,'playerVirtual8','playerVirtual8_4246147567',1,'2018-02-16 13:49:25',NULL,0),(941,'playerVirtual7','playerVirtual7_4246147567',0,'2018-02-16 13:51:29',NULL,0),(942,'playerVirtual7','playerVirtual7_6b0955a8f2',4,'2018-02-16 13:51:29',NULL,0),(943,'playerVirtual7','playerVirtual7_4246147567',0,'2018-02-16 13:51:29',NULL,0),(944,'playerVirtual5','playerVirtual5_4246147567',0,'2018-02-16 13:51:37',NULL,0),(945,'playerVirtual5','playerVirtual5_4c2662c1c2',4,'2018-02-16 13:51:37',NULL,0),(946,'playerVirtual5','playerVirtual5_4246147567',0,'2018-02-16 13:51:37',NULL,0),(947,'playerVirtual10','playerVirtual10_4246147567',0,'2018-02-16 13:52:08',NULL,0),(948,'playerVirtual10','playerVirtual10_a5df45c5b9',3,'2018-02-16 13:52:08',NULL,0),(949,'playerVirtual10','playerVirtual10_4246147567',0,'2018-02-16 13:52:08',NULL,0),(950,'playerVirtual12','playerVirtual12_4246147567',0,'2018-02-16 13:53:12',NULL,0),(951,'playerVirtual12','playerVirtual12_3cd7edc396',3,'2018-02-16 13:53:12',NULL,0),(952,'playerVirtual12','playerVirtual12_4246147567',0,'2018-02-16 13:53:12',NULL,0),(953,'playerVirtual14','playerVirtual14_990694203',0,'2018-02-16 13:53:50',NULL,0),(954,'playerVirtual14','playerVirtual14_d9104e430d',4,'2018-02-16 13:53:50',NULL,0),(955,'playerVirtual14','playerVirtual14_990694203',0,'2018-02-16 13:53:50',NULL,0),(956,'playerVirtual2','playerVirtual2_4246147567',1,'2018-02-16 13:55:45',NULL,0),(957,'playerVirtual2','playerVirtual2_425565ff62',4,'2018-02-16 13:55:45',NULL,0),(958,'playerVirtual2','playerVirtual2_4246147567',1,'2018-02-16 13:55:45',NULL,0),(959,'playerVirtual9','playerVirtual9_4246147567',0,'2018-02-16 13:56:24',NULL,0),(960,'playerVirtual9','playerVirtual9_21fa049c99',4,'2018-02-16 13:56:24',NULL,0),(961,'playerVirtual9','playerVirtual9_4246147567',0,'2018-02-16 13:56:24',NULL,0),(962,'playerVirtual4','playerVirtual4_4246147567',1,'2018-02-16 13:56:43',NULL,0),(963,'playerVirtual4','playerVirtual4_6dbc6e680c',4,'2018-02-16 13:56:43',NULL,0),(964,'playerVirtual4','playerVirtual4_4246147567',1,'2018-02-16 13:56:43',NULL,0),(965,'playerVirtual13','playerVirtual13_4246147567',0,'2018-02-16 13:57:29',NULL,0),(966,'playerVirtual13','playerVirtual13_72a1a19683',4,'2018-02-16 13:57:29',NULL,0),(967,'playerVirtual13','playerVirtual13_4246147567',0,'2018-02-16 13:57:29',NULL,0),(968,'playerVirtual1','playerVirtual1_4246147567',0,'2018-02-16 13:58:08',NULL,0),(969,'playerVirtual1','playerVirtual1_d30e653480',4,'2018-02-16 13:58:08',NULL,0),(970,'playerVirtual1','playerVirtual1_4246147567',0,'2018-02-16 13:58:08',NULL,0),(971,'playerVirtual18','playerVirtual18_68fc1a290f',3,'2018-02-16 13:59:14',NULL,0),(972,'playerVirtual0','playerVirtual0_4246147567',1,'2018-02-16 14:00:02',NULL,0),(973,'playerVirtual0','playerVirtual0_0d77f2e2ae',4,'2018-02-16 14:00:02',NULL,0),(974,'playerVirtual0','playerVirtual0_4246147567',1,'2018-02-16 14:00:02',NULL,0),(975,'playerVirtual14','playerVirtual14_990694203',1,'2018-02-16 14:02:44',NULL,0),(976,'playerVirtual14','playerVirtual14_325127590c',3,'2018-02-16 14:02:44',NULL,0),(977,'playerVirtual14','playerVirtual14_990694203',1,'2018-02-16 14:02:44',NULL,0),(978,'playerVirtual15','playerVirtual15_4246147567',0,'2018-02-16 14:04:00',NULL,0),(979,'playerVirtual15','playerVirtual15_7387104079',3,'2018-02-16 14:04:00',NULL,0),(980,'playerVirtual15','playerVirtual15_4246147567',0,'2018-02-16 14:04:00',NULL,0),(981,'playerVirtual10','playerVirtual10_4246147567',1,'2018-02-16 14:04:50',NULL,0),(982,'playerVirtual10','playerVirtual10_42d8aa3463',4,'2018-02-16 14:04:50',NULL,0),(983,'playerVirtual10','playerVirtual10_4246147567',1,'2018-02-16 14:04:50',NULL,0),(984,'playerVirtual12','playerVirtual12_4246147567',1,'2018-02-16 14:05:54',NULL,0),(985,'playerVirtual12','playerVirtual12_b7cd7eb2e7',4,'2018-02-16 14:05:54',NULL,0),(986,'playerVirtual12','playerVirtual12_4246147567',1,'2018-02-16 14:05:54',NULL,0),(987,'playerVirtual16','playerVirtual16_990694203',0,'2018-02-16 14:06:47',NULL,0),(988,'playerVirtual16','playerVirtual16_990694203',0,'2018-02-16 14:06:47',NULL,0),(989,'playerVirtual17','playerVirtual17_4246147567',0,'2018-02-16 14:07:40',NULL,0),(990,'playerVirtual17','playerVirtual17_1140e6fa3e',3,'2018-02-16 14:07:40',NULL,0),(991,'playerVirtual17','playerVirtual17_4246147567',0,'2018-02-16 14:07:40',NULL,0),(992,'playerVirtual16','playerVirtual16_8f1ce86fde',4,'2018-02-16 14:07:48',NULL,0),(993,'playerVirtual7','playerVirtual7_4246147567',1,'2018-02-16 14:07:59',NULL,0),(994,'playerVirtual7','playerVirtual7_1fd85a1ba0',3,'2018-02-16 14:07:59',NULL,0),(995,'playerVirtual7','playerVirtual7_4246147567',1,'2018-02-16 14:07:59',NULL,0),(996,'playerVirtual13','playerVirtual13_4246147567',1,'2018-02-16 14:10:55',NULL,0),(997,'playerVirtual13','playerVirtual13_53281f2e2e',3,'2018-02-16 14:10:55',NULL,0),(998,'playerVirtual13','playerVirtual13_4246147567',1,'2018-02-16 14:10:55',NULL,0),(999,'playerVirtual19','playerVirtual19_4246147567',0,'2018-02-16 14:13:03',NULL,0),(1000,'playerVirtual19','playerVirtual19_203faf5708',3,'2018-02-16 14:13:03',NULL,0),(1001,'playerVirtual19','playerVirtual19_4246147567',0,'2018-02-16 14:13:03',NULL,0),(1002,'playerVirtual1','playerVirtual1_4246147567',1,'2018-02-16 14:16:11',NULL,0),(1003,'playerVirtual1','playerVirtual1_0304e55d31',3,'2018-02-16 14:16:11',NULL,0),(1004,'playerVirtual1','playerVirtual1_4246147567',1,'2018-02-16 14:16:11',NULL,0),(1005,'playerVirtual9','playerVirtual9_4246147567',1,'2018-02-16 14:17:36',NULL,0),(1006,'playerVirtual9','playerVirtual9_4d2685919a',3,'2018-02-16 14:17:36',NULL,0),(1007,'playerVirtual9','playerVirtual9_4246147567',1,'2018-02-16 14:17:36',NULL,0),(1008,'playerVirtual5','playerVirtual5_4246147567',1,'2018-02-16 14:18:09',NULL,0),(1009,'playerVirtual5','playerVirtual5_d6aa34a718',3,'2018-02-16 14:18:09',NULL,0),(1010,'playerVirtual5','playerVirtual5_4246147567',1,'2018-02-16 14:18:09',NULL,0),(1011,'playerVirtual4','playerVirtual4_4246147567',0,'2018-02-16 14:18:23',NULL,0),(1012,'playerVirtual4','playerVirtual4_383c83acd5',3,'2018-02-16 14:18:23',NULL,0),(1013,'playerVirtual4','playerVirtual4_4246147567',0,'2018-02-16 14:18:23',NULL,0),(1014,'playerVirtual18','playerVirtual18_ce7665dcf5',4,'2018-02-16 14:19:36',NULL,0),(1015,'playerVirtual8','playerVirtual8_5297461910',1,'2018-02-16 14:20:39',NULL,0),(1016,'playerVirtual8','playerVirtual8_305ea745e0',4,'2018-02-16 14:20:39',NULL,0),(1017,'playerVirtual8','playerVirtual8_5297461910',1,'2018-02-16 14:20:39',NULL,0),(1018,'playerVirtual11','playerVirtual11_359920779',0,'2018-02-16 14:20:48',NULL,0),(1019,'playerVirtual11','playerVirtual11_359920779',0,'2018-02-16 14:20:48',NULL,0),(1020,'playerVirtual19','playerVirtual19_5b9e719be8',4,'2018-02-16 14:21:25',NULL,0),(1021,'playerVirtual11','playerVirtual11_dca2ef7343',4,'2018-02-16 14:21:48',NULL,0);
/*!40000 ALTER TABLE `REQUEST` ENABLE KEYS */;
UNLOCK TABLES;

--
-- Table structure for table `STATUS`
--

DROP TABLE IF EXISTS `STATUS`;
/*!40101 SET @saved_cs_client     = @@character_set_client */;
/*!40101 SET character_set_client = utf8 */;
CREATE TABLE `STATUS` (
  `id` int(11) NOT NULL AUTO_INCREMENT,
  `players` int(11) DEFAULT '0',
  `all_requests` int(11) DEFAULT '0',
  `accepts` int(11) DEFAULT '0',
  `rejects` int(11) DEFAULT '0',
  `fairness` float DEFAULT '0',
  `timestamp` timestamp NULL DEFAULT NULL,
  PRIMARY KEY (`id`)
) ENGINE=InnoDB AUTO_INCREMENT=52 DEFAULT CHARSET=utf8;
/*!40101 SET character_set_client = @saved_cs_client */;

--
-- Dumping data for table `STATUS`
--

LOCK TABLES `STATUS` WRITE;
/*!40000 ALTER TABLE `STATUS` DISABLE KEYS */;
INSERT INTO `STATUS` VALUES (1,0,0,0,0,0,'2018-02-16 10:11:55'),(2,20,21,19,2,0.904762,'2018-02-16 10:16:55'),(3,20,50,44,6,0.88,'2018-02-16 10:21:55'),(4,20,60,54,6,0.9,'2018-02-16 10:26:55'),(5,20,75,65,10,0.866667,'2018-02-16 10:31:55'),(6,20,83,72,11,0.86747,'2018-02-16 10:36:55'),(7,20,89,77,12,0.865169,'2018-02-16 10:41:55'),(8,20,91,78,13,0.857143,'2018-02-16 10:46:56'),(9,20,97,83,14,0.85567,'2018-02-16 10:51:56'),(10,20,99,84,15,0.848485,'2018-02-16 10:56:56'),(11,20,105,90,15,0.857143,'2018-02-16 11:01:56'),(12,20,111,96,15,0.864865,'2018-02-16 11:06:56'),(13,20,116,100,16,0.862069,'2018-02-16 11:11:56'),(14,20,119,103,16,0.865546,'2018-02-16 11:16:56'),(15,20,121,104,17,0.859504,'2018-02-16 11:21:56'),(16,20,127,109,18,0.858268,'2018-02-16 11:26:56'),(17,20,132,113,19,0.856061,'2018-02-16 11:31:56'),(18,20,135,116,19,0.859259,'2018-02-16 11:36:56'),(19,20,136,117,19,0.860294,'2018-02-16 11:41:56'),(20,20,137,118,19,0.861314,'2018-02-16 11:46:56'),(21,20,141,121,20,0.858156,'2018-02-16 11:51:57'),(22,20,144,124,20,0.861111,'2018-02-16 11:56:57'),(23,20,148,128,20,0.864865,'2018-02-16 12:01:57'),(24,20,151,131,20,0.86755,'2018-02-16 12:06:57'),(25,20,154,133,21,0.863636,'2018-02-16 12:11:57'),(26,20,158,137,21,0.867089,'2018-02-16 12:16:57'),(27,20,159,138,21,0.867925,'2018-02-16 12:21:57'),(28,20,164,143,21,0.871951,'2018-02-16 12:26:57'),(29,20,165,144,21,0.872727,'2018-02-16 12:31:57'),(30,20,169,148,21,0.87574,'2018-02-16 12:36:57'),(31,20,173,152,21,0.878613,'2018-02-16 12:41:57'),(32,20,176,154,22,0.875,'2018-02-16 12:46:57'),(33,20,177,155,22,0.875706,'2018-02-16 12:51:58'),(34,20,179,156,23,0.871508,'2018-02-16 12:56:58'),(35,20,181,158,23,0.872928,'2018-02-16 13:01:58'),(36,20,183,160,23,0.874317,'2018-02-16 13:06:58'),(37,20,186,163,23,0.876344,'2018-02-16 13:11:58'),(38,20,191,168,23,0.879581,'2018-02-16 13:16:58'),(39,20,192,169,23,0.880208,'2018-02-16 13:21:58'),(40,20,195,172,23,0.882051,'2018-02-16 13:26:58'),(41,20,196,172,24,0.877551,'2018-02-16 13:31:58'),(42,20,198,174,24,0.878788,'2018-02-16 13:36:58'),(43,20,202,177,25,0.876238,'2018-02-16 13:41:59'),(44,20,203,178,25,0.876847,'2018-02-16 13:46:59'),(45,20,206,181,25,0.878641,'2018-02-16 13:51:59'),(46,20,210,185,25,0.880952,'2018-02-16 13:56:59'),(47,20,212,187,25,0.882075,'2018-02-16 14:01:59'),(48,20,214,190,24,0.88785,'2018-02-16 14:06:59'),(49,20,215,191,24,0.888372,'2018-02-16 14:11:59'),(50,20,216,191,25,0.884259,'2018-02-16 14:16:59'),(51,20,218,193,25,0.885321,'2018-02-16 14:21:59');
/*!40000 ALTER TABLE `STATUS` ENABLE KEYS */;
UNLOCK TABLES;

--
-- Table structure for table `THRESHOLD`
--

DROP TABLE IF EXISTS `THRESHOLD`;
/*!40101 SET @saved_cs_client     = @@character_set_client */;
/*!40101 SET character_set_client = utf8 */;
CREATE TABLE `THRESHOLD` (
  `division` int(11) NOT NULL,
  `botton` float DEFAULT '0',
  `top` float DEFAULT '0',
  PRIMARY KEY (`division`)
) ENGINE=InnoDB DEFAULT CHARSET=utf8;
/*!40101 SET character_set_client = @saved_cs_client */;

--
-- Dumping data for table `THRESHOLD`
--

LOCK TABLES `THRESHOLD` WRITE;
/*!40000 ALTER TABLE `THRESHOLD` DISABLE KEYS */;
INSERT INTO `THRESHOLD` VALUES (1,8.76,20),(2,4.38,8.76),(3,0,4.38);
/*!40000 ALTER TABLE `THRESHOLD` ENABLE KEYS */;
UNLOCK TABLES;

--
-- Table structure for table `VM`
--

DROP TABLE IF EXISTS `VM`;
/*!40101 SET @saved_cs_client     = @@character_set_client */;
/*!40101 SET character_set_client = utf8 */;
CREATE TABLE `VM` (
  `id` int(11) NOT NULL AUTO_INCREMENT,
  `origin_add` varchar(45) NOT NULL,
  `origin_id` varchar(45) NOT NULL,
  `origin_name` varchar(45) NOT NULL,
  `destiny_add` varchar(45) NOT NULL,
  `destiny_name` varchar(45) NOT NULL,
  `destiny_id` varchar(45) NOT NULL,
  `status` tinyint(1) NOT NULL,
  `vcpus` int(11) NOT NULL,
  `mem` bigint(20) NOT NULL,
  `disk` bigint(20) NOT NULL,
  `timestamp_received` timestamp NULL DEFAULT NULL,
  `timestamp_finished` timestamp NULL DEFAULT NULL,
  PRIMARY KEY (`id`)
) ENGINE=InnoDB AUTO_INCREMENT=219 DEFAULT CHARSET=utf8;
/*!40101 SET character_set_client = @saved_cs_client */;

--
-- Dumping data for table `VM`
--

LOCK TABLES `VM` WRITE;
/*!40000 ALTER TABLE `VM` DISABLE KEYS */;
INSERT INTO `VM` VALUES (1,'192.168.0.200','playerVirtual8_450512000','playerVirtual8','192.168.0.200','playerVirtual14','playerVirtual14_d02667915f',1,1,2048,20,'2018-02-16 10:13:10',NULL),(2,'192.168.0.200','playerVirtual17_1438244924','playerVirtual17','192.168.0.200','playerVirtual16','playerVirtual16_c83f323871',3,1,2048,20,'2018-02-16 10:13:12','2018-02-16 10:38:55'),(3,'192.168.0.200','playerVirtual15_640692267','playerVirtual15','192.168.0.200','playerVirtual19','playerVirtual19_0fa08ba702',1,1,512,1,'2018-02-16 10:13:15',NULL),(4,'192.168.0.200','playerVirtual11_2381571381','playerVirtual11','192.168.0.200','playerVirtual7','playerVirtual7_d42b76f147',3,1,2048,20,'2018-02-16 10:13:16','2018-02-16 10:44:11'),(5,'192.168.0.200','playerVirtual18_5297461910','playerVirtual18','192.168.0.200','playerVirtual3','playerVirtual18_5297461910',0,1,512,1,'2018-02-16 10:13:17','2018-02-16 10:13:17'),(6,'192.168.0.200','playerVirtual14_2790332778','playerVirtual14','192.168.0.200','playerVirtual0','playerVirtual0_ef37b7c916',1,2,4096,40,'2018-02-16 10:14:20',NULL),(7,'192.168.0.200','playerVirtual16_369721705','playerVirtual16','192.168.0.200','playerVirtual5','playerVirtual5_0749086eec',1,2,4096,40,'2018-02-16 10:14:21',NULL),(8,'192.168.0.200','playerVirtual19_317469422','playerVirtual19','192.168.0.200','playerVirtual6','playerVirtual19_317469422',0,2,4096,40,'2018-02-16 10:14:21','2018-02-16 10:14:21'),(9,'192.168.0.200','playerVirtual7_6955737','playerVirtual7','192.168.0.200','playerVirtual1','playerVirtual1_6153503a8d',3,1,2048,20,'2018-02-16 10:14:21','2018-02-16 10:33:49'),(10,'192.168.0.200','playerVirtual3_257338104','playerVirtual3','192.168.0.200','playerVirtual8','playerVirtual8_cef3b77b95',1,2,4096,40,'2018-02-16 10:14:22',NULL),(11,'192.168.0.200','playerVirtual0_3584940347','playerVirtual0','192.168.0.200','playerVirtual11','playerVirtual11_df50ef3cea',1,1,512,1,'2018-02-16 10:14:22',NULL),(12,'192.168.0.200','playerVirtual5_2433236783','playerVirtual5','192.168.0.200','playerVirtual15','playerVirtual15_d25ebb4447',1,1,2048,20,'2018-02-16 10:14:22',NULL),(13,'192.168.0.200','playerVirtual6_3338579772','playerVirtual6','192.168.0.200','playerVirtual17','playerVirtual17_ef9bb6381b',2,1,2048,20,'2018-02-16 10:14:23','2018-02-16 10:35:03'),(14,'192.168.0.200','playerVirtual1_257407216','playerVirtual1','192.168.0.200','playerVirtual18','playerVirtual18_65f92a1228',1,2,4096,40,'2018-02-16 10:14:23',NULL),(15,'192.168.0.200','playerVirtual9_182859403','playerVirtual9','192.168.0.200','playerVirtual10','playerVirtual10_f93393adf7',3,1,512,1,'2018-02-16 10:14:30','2018-02-16 10:27:51'),(16,'192.168.0.200','playerVirtual13_2359368952','playerVirtual13','192.168.0.200','playerVirtual9','playerVirtual9_61de660118',3,1,512,1,'2018-02-16 10:14:33','2018-02-16 10:22:45'),(17,'192.168.0.200','playerVirtual10_16917741','playerVirtual10','192.168.0.200','playerVirtual12','playerVirtual12_0abbc71801',3,1,512,1,'2018-02-16 10:14:36','2018-02-16 12:01:06'),(18,'192.168.0.200','playerVirtual12_2545640208','playerVirtual12','192.168.0.200','playerVirtual13','playerVirtual13_9e9ff88420',1,1,2048,20,'2018-02-16 10:14:45',NULL),(19,'192.168.0.200','playerVirtual2_908315','playerVirtual2','192.168.0.200','playerVirtual4','playerVirtual4_c5cc25d2bb',3,1,2048,20,'2018-02-16 10:14:47','2018-02-16 10:47:43'),(20,'192.168.0.200','playerVirtual4_539194189','playerVirtual4','192.168.0.200','playerVirtual2','playerVirtual2_33c209204e',3,1,2048,20,'2018-02-16 10:14:55','2018-02-16 10:56:01'),(21,'192.168.0.200','playerVirtual8_4820204870','playerVirtual8','192.168.0.200','playerVirtual14','playerVirtual14_9ac770c9d7',3,2,4096,40,'2018-02-16 10:16:35','2018-02-16 10:29:57'),(22,'192.168.0.200','playerVirtual17_8058564','playerVirtual17','192.168.0.200','playerVirtual16','playerVirtual16_7a1c6899d0',1,1,2048,20,'2018-02-16 10:17:26',NULL),(23,'192.168.0.200','playerVirtual15_1429160667','playerVirtual15','192.168.0.200','playerVirtual19','playerVirtual19_d93c985038',1,1,2048,20,'2018-02-16 10:17:27',NULL),(24,'192.168.0.200','playerVirtual11_3338010893','playerVirtual11','192.168.0.200','playerVirtual7','playerVirtual7_a62b147138',1,1,512,1,'2018-02-16 10:17:28',NULL),(25,'192.168.0.200','playerVirtual18_82730999','playerVirtual18','192.168.0.200','playerVirtual3','playerVirtual18_82730999',0,1,512,1,'2018-02-16 10:17:32','2018-02-16 10:17:32'),(26,'192.168.0.200','playerVirtual14_351652724','playerVirtual14','192.168.0.200','playerVirtual0','playerVirtual0_163753b9c1',1,1,2048,20,'2018-02-16 10:18:33',NULL),(27,'192.168.0.200','playerVirtual16_6571218','playerVirtual16','192.168.0.200','playerVirtual5','playerVirtual5_39c65872cc',1,1,2048,20,'2018-02-16 10:18:33',NULL),(28,'192.168.0.200','playerVirtual19_778566023','playerVirtual19','192.168.0.200','playerVirtual6','playerVirtual19_778566023',0,1,512,1,'2018-02-16 10:18:35','2018-02-16 10:18:35'),(29,'192.168.0.200','playerVirtual7_1436344784','playerVirtual7','192.168.0.200','playerVirtual1','playerVirtual1_0a842cfb51',3,1,2048,20,'2018-02-16 10:18:39','2018-02-16 10:45:35'),(30,'192.168.0.200','playerVirtual3_1339662','playerVirtual3','192.168.0.200','playerVirtual8','playerVirtual8_06a3b0fd45',1,1,2048,20,'2018-02-16 10:18:40',NULL),(31,'192.168.0.200','playerVirtual0_317497342','playerVirtual0','192.168.0.200','playerVirtual11','playerVirtual11_e3e0923fd7',1,1,512,1,'2018-02-16 10:18:41',NULL),(32,'192.168.0.200','playerVirtual5_284794223','playerVirtual5','192.168.0.200','playerVirtual15','playerVirtual15_d4c243900b',1,1,2048,20,'2018-02-16 10:18:41',NULL),(33,'192.168.0.200','playerVirtual6_359920779','playerVirtual6','192.168.0.200','playerVirtual17','playerVirtual17_ec78058814',2,1,512,1,'2018-02-16 10:18:41','2018-02-16 11:13:32'),(34,'192.168.0.200','playerVirtual1_904011','playerVirtual1','192.168.0.200','playerVirtual18','playerVirtual18_13fdb13c6f',3,1,2048,20,'2018-02-16 10:18:41','2018-02-16 10:56:38'),(35,'192.168.0.200','playerVirtual9_2904109077','playerVirtual9','192.168.0.200','playerVirtual10','playerVirtual10_a6622e3634',1,1,512,1,'2018-02-16 10:18:42',NULL),(36,'192.168.0.200','playerVirtual13_257338074','playerVirtual13','192.168.0.200','playerVirtual9','playerVirtual9_a2f7209ee7',1,2,4096,40,'2018-02-16 10:18:43',NULL),(37,'192.168.0.200','playerVirtual10_905614','playerVirtual10','192.168.0.200','playerVirtual12','playerVirtual12_2c4e542452',1,1,2048,20,'2018-02-16 10:18:43',NULL),(38,'192.168.0.200','playerVirtual12_1093460','playerVirtual12','192.168.0.200','playerVirtual13','playerVirtual13_762e7b8784',1,1,512,1,'2018-02-16 10:18:44',NULL),(39,'192.168.0.200','playerVirtual2_6569547','playerVirtual2','192.168.0.200','playerVirtual4','playerVirtual4_5209b743db',1,1,2048,20,'2018-02-16 10:18:45',NULL),(40,'192.168.0.200','playerVirtual4_470485660','playerVirtual4','192.168.0.200','playerVirtual2','playerVirtual2_b0e1cf1c0b',1,2,4096,40,'2018-02-16 10:18:46',NULL),(41,'192.168.0.200','playerVirtual8_30788568','playerVirtual8','192.168.0.200','playerVirtual14','playerVirtual14_e90829a1a3',1,1,512,1,'2018-02-16 10:19:50',NULL),(42,'192.168.0.200','playerVirtual17_5792765','playerVirtual17','192.168.0.200','playerVirtual16','playerVirtual16_e880594ea6',3,1,512,1,'2018-02-16 10:19:53','2018-02-16 12:46:54'),(43,'192.168.0.200','playerVirtual15_38671842','playerVirtual15','192.168.0.200','playerVirtual19','playerVirtual19_87b4cf9515',1,1,512,1,'2018-02-16 10:20:03',NULL),(44,'192.168.0.200','playerVirtual11_400453824','playerVirtual11','192.168.0.200','playerVirtual7','playerVirtual7_ade2a95200',1,1,512,1,'2018-02-16 10:20:04',NULL),(45,'192.168.0.200','playerVirtual18_4820318661','playerVirtual18','192.168.0.200','playerVirtual3','playerVirtual18_4820318661',0,2,4096,40,'2018-02-16 10:20:13','2018-02-16 10:20:13'),(46,'192.168.0.200','playerVirtual14_4819935267','playerVirtual14','192.168.0.200','playerVirtual0','playerVirtual0_44721ba13e',1,2,4096,40,'2018-02-16 10:21:16',NULL),(47,'192.168.0.200','playerVirtual16_4820217293','playerVirtual16','192.168.0.200','playerVirtual5','playerVirtual5_3815a7139a',1,2,4096,40,'2018-02-16 10:21:20',NULL),(48,'192.168.0.200','playerVirtual19_6264344062','playerVirtual19','192.168.0.200','playerVirtual6','playerVirtual19_6264344062',0,1,512,1,'2018-02-16 10:21:20','2018-02-16 10:21:20'),(49,'192.168.0.200','playerVirtual7_2378747961','playerVirtual7','192.168.0.200','playerVirtual1','playerVirtual1_7943dc9dae',3,1,512,1,'2018-02-16 10:21:30','2018-02-16 10:41:21'),(50,'192.168.0.200','playerVirtual3_5068098508','playerVirtual3','192.168.0.200','playerVirtual8','playerVirtual8_6aadf2b085',2,1,2048,20,'2018-02-16 10:21:35','2018-02-16 10:52:16'),(51,'192.168.0.200','playerVirtual0_227443932','playerVirtual0','192.168.0.200','playerVirtual11','playerVirtual11_46cf661ce7',1,1,2048,20,'2018-02-16 10:22:50',NULL),(52,'192.168.0.200','playerVirtual5_1095593','playerVirtual5','192.168.0.200','playerVirtual15','playerVirtual15_b838af105d',3,1,512,1,'2018-02-16 10:22:50','2018-02-16 10:44:04'),(53,'192.168.0.200','playerVirtual1_563574327','playerVirtual1','192.168.0.200','playerVirtual17','playerVirtual17_35d02fb1c3',1,1,2048,20,'2018-02-16 10:22:59',NULL),(54,'192.168.0.200','playerVirtual9_765651','playerVirtual9','192.168.0.200','playerVirtual18','playerVirtual18_6ee6ec01aa',1,1,2048,20,'2018-02-16 10:23:09',NULL),(55,'192.168.0.200','playerVirtual10_16915963','playerVirtual10','192.168.0.200','playerVirtual9','playerVirtual9_e3c67ab2cc',1,1,2048,20,'2018-02-16 10:23:18',NULL),(56,'192.168.0.200','playerVirtual12_5623125514','playerVirtual12','192.168.0.200','playerVirtual10','playerVirtual10_5840ea300f',1,1,2048,20,'2018-02-16 10:23:30',NULL),(57,'192.168.0.200','playerVirtual2_284757920','playerVirtual2','192.168.0.200','playerVirtual12','playerVirtual12_8bf15b3c94',1,1,2048,20,'2018-02-16 10:23:32',NULL),(58,'192.168.0.200','playerVirtual4_272887063','playerVirtual4','192.168.0.200','playerVirtual13','playerVirtual13_72d10471f8',3,1,2048,20,'2018-02-16 10:23:42','2018-02-16 10:29:45'),(59,'192.168.0.200','playerVirtual8_6274355716','playerVirtual8','192.168.0.200','playerVirtual4','playerVirtual4_ac7106319f',3,1,512,1,'2018-02-16 10:25:26','2018-02-16 10:44:48'),(60,'192.168.0.200','playerVirtual17_38676294','playerVirtual17','192.168.0.200','playerVirtual2','playerVirtual2_78cf9f5dff',1,1,512,1,'2018-02-16 10:26:17',NULL),(61,'192.168.0.200','playerVirtual15_182859403','playerVirtual15','192.168.0.200','playerVirtual14','playerVirtual14_28e2641629',3,1,512,1,'2018-02-16 10:27:20','2018-02-16 10:30:11'),(62,'192.168.0.200','playerVirtual11_4820204870','playerVirtual11','192.168.0.200','playerVirtual16','playerVirtual16_4053ac165e',1,2,4096,40,'2018-02-16 10:27:36',NULL),(63,'192.168.0.200','playerVirtual18_990694203','playerVirtual18','192.168.0.200','playerVirtual19','playerVirtual19_31b9ad93b3',3,1,2048,20,'2018-02-16 10:27:57','2018-02-16 10:30:39'),(64,'192.168.0.200','playerVirtual13_6282149131','playerVirtual13','192.168.0.200','playerVirtual7','playerVirtual7_66809c4b8e',1,1,512,1,'2018-02-16 10:28:44',NULL),(65,'192.168.0.200','playerVirtual14_990694203','playerVirtual14','192.168.0.200','playerVirtual0','playerVirtual0_cad24d615c',3,1,2048,20,'2018-02-16 10:29:11','2018-02-16 14:02:44'),(66,'192.168.0.200','playerVirtual16_6280638724','playerVirtual16','192.168.0.200','playerVirtual5','playerVirtual5_ca728391fa',1,1,512,1,'2018-02-16 10:29:17',NULL),(67,'192.168.0.200','playerVirtual19_6280643141','playerVirtual19','192.168.0.200','playerVirtual1','playerVirtual19_6280643141',0,1,512,1,'2018-02-16 10:29:19','2018-02-16 10:29:19'),(68,'192.168.0.200','playerVirtual7_4476462938','playerVirtual7','192.168.0.200','playerVirtual8','playerVirtual8_c41cd94142',1,1,2048,20,'2018-02-16 10:29:33',NULL),(69,'192.168.0.200','playerVirtual0_2359368952','playerVirtual0','192.168.0.200','playerVirtual11','playerVirtual11_af1880e369',1,1,512,1,'2018-02-16 10:29:44',NULL),(70,'192.168.0.200','playerVirtual5_1436323714','playerVirtual5','192.168.0.200','playerVirtual15','playerVirtual15_92456ffc5e',1,1,2048,20,'2018-02-16 10:29:56',NULL),(71,'192.168.0.200','playerVirtual1_214880781','playerVirtual1','192.168.0.200','playerVirtual17','playerVirtual17_6e5f72f600',1,1,2048,20,'2018-02-16 10:30:07',NULL),(72,'192.168.0.200','playerVirtual10_1094955','playerVirtual10','192.168.0.200','playerVirtual18','playerVirtual18_98a4a49bff',1,1,512,1,'2018-02-16 10:30:09',NULL),(73,'192.168.0.200','playerVirtual12_16914091','playerVirtual12','192.168.0.200','playerVirtual9','playerVirtual9_62e5653b87',1,1,2048,20,'2018-02-16 10:30:13',NULL),(74,'192.168.0.200','playerVirtual2_182859403','playerVirtual2','192.168.0.200','playerVirtual10','playerVirtual10_43ecbf0880',3,1,512,1,'2018-02-16 10:30:27','2018-02-16 10:40:41'),(75,'192.168.0.200','playerVirtual17_6641406','playerVirtual17','192.168.0.200','playerVirtual12','playerVirtual12_77b2fecd73',1,1,2048,20,'2018-02-16 10:31:39',NULL),(76,'192.168.0.200','playerVirtual11_6955737','playerVirtual11','192.168.0.200','playerVirtual13','playerVirtual13_e2126fcfe3',3,1,2048,20,'2018-02-16 10:32:22','2018-02-16 10:39:55'),(77,'192.168.0.200','playerVirtual9_6285257156','playerVirtual9','192.168.0.200','playerVirtual4','playerVirtual4_ab784cf527',1,1,512,1,'2018-02-16 10:34:00',NULL),(78,'192.168.0.200','playerVirtual13_1438244924','playerVirtual13','192.168.0.200','playerVirtual2','playerVirtual2_b7d53a39b0',3,1,2048,20,'2018-02-16 10:34:22','2018-02-16 10:42:12'),(79,'192.168.0.200','playerVirtual16_6289355687','playerVirtual16','192.168.0.200','playerVirtual19','playerVirtual19_d5bb8f8b84',1,1,512,1,'2018-02-16 10:34:43',NULL),(80,'192.168.0.200','playerVirtual19_1438244924','playerVirtual19','192.168.0.200','playerVirtual16','playerVirtual19_1438244924',0,1,2048,20,'2018-02-16 10:34:48','2018-02-16 10:34:48'),(81,'192.168.0.200','playerVirtual4_3338579772','playerVirtual4','192.168.0.200','playerVirtual7','playerVirtual7_933d63609c',3,1,2048,20,'2018-02-16 10:35:21','2018-02-16 12:21:50'),(82,'192.168.0.200','playerVirtual0_1436344784','playerVirtual0','192.168.0.200','playerVirtual1','playerVirtual1_1bc178d00a',3,1,2048,20,'2018-02-16 10:36:36','2018-02-16 11:39:57'),(83,'192.168.0.200','playerVirtual5_794070039','playerVirtual5','192.168.0.200','playerVirtual14','playerVirtual14_dcf5cf5d0f',3,1,512,1,'2018-02-16 10:36:45','2018-02-16 13:10:02'),(84,'192.168.0.200','playerVirtual8_2381571381','playerVirtual8','192.168.0.200','playerVirtual0','playerVirtual0_507d4117c8',1,1,2048,20,'2018-02-16 10:37:13',NULL),(85,'192.168.0.200','playerVirtual1_990694203','playerVirtual1','192.168.0.200','playerVirtual8','playerVirtual8_8f06080e8e',3,1,2048,20,'2018-02-16 10:37:32','2018-02-16 10:44:41'),(86,'192.168.0.200','playerVirtual15_2378747961','playerVirtual15','192.168.0.200','playerVirtual11','playerVirtual11_e782e595ef',3,1,512,1,'2018-02-16 10:39:10','2018-02-16 10:43:30'),(87,'192.168.0.200','playerVirtual10_6296268057','playerVirtual10','192.168.0.200','playerVirtual15','playerVirtual15_a69e429eaf',1,1,512,1,'2018-02-16 10:39:12',NULL),(88,'192.168.0.200','playerVirtual12_6296865278','playerVirtual12','192.168.0.200','playerVirtual17','playerVirtual17_3be78e3403',1,1,512,1,'2018-02-16 10:39:35',NULL),(89,'192.168.0.200','playerVirtual18_6289704471','playerVirtual18','192.168.0.200','playerVirtual9','playerVirtual18_6289704471',0,1,512,1,'2018-02-16 10:40:28','2018-02-16 10:40:28'),(90,'192.168.0.200','playerVirtual9_6301942525','playerVirtual9','192.168.0.200','playerVirtual18','playerVirtual18_a1daa8c510',1,1,512,1,'2018-02-16 10:45:11',NULL),(91,'192.168.0.200','playerVirtual14_182859403','playerVirtual14','192.168.0.200','playerVirtual5','playerVirtual5_a8e245ae70',3,1,512,1,'2018-02-16 10:45:21','2018-02-16 10:48:04'),(92,'192.168.0.200','playerVirtual16_5297461910','playerVirtual16','192.168.0.200','playerVirtual10','playerVirtual10_cd8f0dc310',3,1,512,1,'2018-02-16 10:48:21','2018-02-16 11:57:26'),(93,'192.168.0.200','playerVirtual4_6289704471','playerVirtual4','192.168.0.200','playerVirtual12','playerVirtual12_79a2016351',3,1,2048,20,'2018-02-16 10:48:50','2018-02-16 11:08:59'),(94,'192.168.0.200','playerVirtual0_1095593','playerVirtual0','192.168.0.200','playerVirtual13','playerVirtual13_24dd063084',3,1,512,1,'2018-02-16 10:49:55','2018-02-16 10:57:02'),(95,'192.168.0.200','playerVirtual10_182859403','playerVirtual10','192.168.0.200','playerVirtual4','playerVirtual4_a849feda6b',1,1,512,1,'2018-02-16 10:51:01',NULL),(96,'192.168.0.200','playerVirtual12_908315','playerVirtual12','192.168.0.200','playerVirtual2','playerVirtual2_051f7ba940',1,1,2048,20,'2018-02-16 10:51:08',NULL),(97,'192.168.0.200','playerVirtual17_6274355716','playerVirtual17','192.168.0.200','playerVirtual19','playerVirtual19_7e56e68792',1,1,512,1,'2018-02-16 10:51:25',NULL),(98,'192.168.0.200','playerVirtual13_539194189','playerVirtual13','192.168.0.200','playerVirtual16','playerVirtual16_28e498c108',3,1,2048,20,'2018-02-16 10:54:22','2018-02-16 13:30:01'),(99,'192.168.0.200','playerVirtual19_4246147567','playerVirtual19','192.168.0.200','playerVirtual7','playerVirtual19_4246147567',0,2,4096,40,'2018-02-16 10:56:18','2018-02-16 10:56:18'),(100,'192.168.0.200','playerVirtual9_4246147567','playerVirtual9','192.168.0.200','playerVirtual1','playerVirtual1_9483638c03',3,2,4096,40,'2018-02-16 10:57:34','2018-02-16 14:17:36'),(101,'192.168.0.200','playerVirtual16_6316827871','playerVirtual16','192.168.0.200','playerVirtual0','playerVirtual0_444bfda889',1,1,512,1,'2018-02-16 10:58:39',NULL),(102,'192.168.0.200','playerVirtual5_4246147567','playerVirtual5','192.168.0.200','playerVirtual14','playerVirtual14_bee528cb4b',3,2,4096,40,'2018-02-16 10:58:40','2018-02-16 14:18:09'),(103,'192.168.0.200','playerVirtual8_4246147567','playerVirtual8','192.168.0.200','playerVirtual15','playerVirtual15_2c65793d8d',3,2,4096,40,'2018-02-16 10:59:33','2018-02-16 13:49:25'),(104,'192.168.0.200','playerVirtual15_6289704471','playerVirtual15','192.168.0.200','playerVirtual8','playerVirtual8_8a3c9f9ea3',1,1,2048,20,'2018-02-16 11:00:59',NULL),(105,'192.168.0.200','playerVirtual11_4246147567','playerVirtual11','192.168.0.200','playerVirtual17','playerVirtual17_0d7e185fee',3,2,4096,40,'2018-02-16 11:01:02','2018-02-16 13:03:52'),(106,'192.168.0.200','playerVirtual2_4246147567','playerVirtual2','192.168.0.200','playerVirtual9','playerVirtual9_f42e867ee5',3,2,4096,40,'2018-02-16 11:02:27','2018-02-16 13:55:45'),(107,'192.168.0.200','playerVirtual17_4246147567','playerVirtual17','192.168.0.200','playerVirtual12','playerVirtual12_a259dc0023',3,2,4096,40,'2018-02-16 11:02:32','2018-02-16 13:44:10'),(108,'192.168.0.200','playerVirtual7_6315250734','playerVirtual7','192.168.0.200','playerVirtual13','playerVirtual13_8802c22fdd',1,1,512,1,'2018-02-16 11:02:48',NULL),(109,'192.168.0.200','playerVirtual10_990694203','playerVirtual10','192.168.0.200','playerVirtual11','playerVirtual11_2b5ee13480',3,1,2048,20,'2018-02-16 11:03:34','2018-02-16 11:15:24'),(110,'192.168.0.200','playerVirtual12_4246147567','playerVirtual12','192.168.0.200','playerVirtual4','playerVirtual4_c09eef8e80',3,2,4096,40,'2018-02-16 11:03:59','2018-02-16 14:05:54'),(111,'192.168.0.200','playerVirtual13_4246147567','playerVirtual13','192.168.0.200','playerVirtual2','playerVirtual2_c671c7d62d',3,2,4096,40,'2018-02-16 11:06:03','2018-02-16 14:10:55'),(112,'192.168.0.200','playerVirtual1_4246147567','playerVirtual1','192.168.0.200','playerVirtual16','playerVirtual16_3ddd369c83',3,2,4096,40,'2018-02-16 11:07:47','2018-02-16 14:16:11'),(113,'192.168.0.200','playerVirtual15_4246147567','playerVirtual15','192.168.0.200','playerVirtual18','playerVirtual18_e42c11544d',3,2,4096,40,'2018-02-16 11:08:04','2018-02-16 12:07:14'),(114,'192.168.0.200','playerVirtual14_2378747961','playerVirtual14','192.168.0.200','playerVirtual5','playerVirtual5_edcb77366a',3,1,512,1,'2018-02-16 11:08:17','2018-02-16 12:13:19'),(115,'192.168.0.200','playerVirtual7_359920779','playerVirtual7','192.168.0.200','playerVirtual1','playerVirtual1_3d1bfb3b16',1,1,512,1,'2018-02-16 11:10:17',NULL),(116,'192.168.0.200','playerVirtual18_1095593','playerVirtual18','192.168.0.200','playerVirtual10','playerVirtual18_1095593',0,1,512,1,'2018-02-16 11:11:51','2018-02-16 11:11:51'),(117,'192.168.0.200','playerVirtual16_6322213339','playerVirtual16','192.168.0.200','playerVirtual7','playerVirtual7_a89d096cd1',1,1,512,1,'2018-02-16 11:13:50',NULL),(118,'192.168.0.200','playerVirtual14_4246147567','playerVirtual14','192.168.0.200','playerVirtual19','playerVirtual19_e55ebb4b53',3,2,4096,40,'2018-02-16 11:14:09','2018-02-16 13:22:54'),(119,'192.168.0.200','playerVirtual0_4246147567','playerVirtual0','192.168.0.200','playerVirtual14','playerVirtual14_f4a92e1b67',3,2,4096,40,'2018-02-16 11:14:14','2018-02-16 14:00:02'),(120,'192.168.0.200','playerVirtual4_4246147567','playerVirtual4','192.168.0.200','playerVirtual0','playerVirtual0_e7a32a0605',3,2,4096,40,'2018-02-16 11:20:53','2018-02-16 13:56:43'),(121,'192.168.0.200','playerVirtual19_4246147567','playerVirtual19','192.168.0.200','playerVirtual15','playerVirtual19_4246147567',0,2,4096,40,'2018-02-16 11:21:05','2018-02-16 11:21:05'),(122,'192.168.0.200','playerVirtual9_4246147567','playerVirtual9','192.168.0.200','playerVirtual8','playerVirtual8_e580cc4541',3,2,4096,40,'2018-02-16 11:23:13','2018-02-16 14:17:36'),(123,'192.168.0.200','playerVirtual5_4246147567','playerVirtual5','192.168.0.200','playerVirtual17','playerVirtual17_e5d4ff636b',3,2,4096,40,'2018-02-16 11:23:41','2018-02-16 14:18:09'),(124,'192.168.0.200','playerVirtual8_4246147567','playerVirtual8','192.168.0.200','playerVirtual9','playerVirtual9_e1b2280dd2',3,2,4096,40,'2018-02-16 11:25:01','2018-02-16 13:49:25'),(125,'192.168.0.200','playerVirtual18_4246147567','playerVirtual18','192.168.0.200','playerVirtual12','playerVirtual18_4246147567',0,2,4096,40,'2018-02-16 11:25:33','2018-02-16 11:25:33'),(126,'192.168.0.200','playerVirtual11_4246147567','playerVirtual11','192.168.0.200','playerVirtual13','playerVirtual13_675b407052',3,2,4096,40,'2018-02-16 11:26:16','2018-02-16 13:03:52'),(127,'192.168.0.200','playerVirtual16_4246147567','playerVirtual16','192.168.0.200','playerVirtual1','playerVirtual1_6ba8c58d83',3,2,4096,40,'2018-02-16 11:26:49','2018-02-16 13:40:21'),(128,'192.168.0.200','playerVirtual2_4246147567','playerVirtual2','192.168.0.200','playerVirtual11','playerVirtual11_efe4ec6ff7',3,2,4096,40,'2018-02-16 11:28:58','2018-02-16 13:55:45'),(129,'192.168.0.200','playerVirtual17_4246147567','playerVirtual17','192.168.0.200','playerVirtual16','playerVirtual16_5875634de7',3,2,4096,40,'2018-02-16 11:30:25','2018-02-16 13:44:10'),(130,'192.168.0.200','playerVirtual7_6335261139','playerVirtual7','192.168.0.200','playerVirtual8','playerVirtual8_f5ab9199cf',1,1,512,1,'2018-02-16 11:30:30',NULL),(131,'192.168.0.200','playerVirtual10_4246147567','playerVirtual10','192.168.0.200','playerVirtual4','playerVirtual4_722ecbbbd1',3,2,4096,40,'2018-02-16 11:30:59','2018-02-16 14:04:50'),(132,'192.168.0.200','playerVirtual12_4246147567','playerVirtual12','192.168.0.200','playerVirtual7','playerVirtual7_315bddc072',3,2,4096,40,'2018-02-16 11:31:38','2018-02-16 14:05:54'),(133,'192.168.0.200','playerVirtual13_4246147567','playerVirtual13','192.168.0.200','playerVirtual2','playerVirtual2_044cc53996',3,2,4096,40,'2018-02-16 11:34:09','2018-02-16 14:10:55'),(134,'192.168.0.200','playerVirtual1_4246147567','playerVirtual1','192.168.0.200','playerVirtual18','playerVirtual18_25514eee50',3,2,4096,40,'2018-02-16 11:36:06','2018-02-16 14:16:11'),(135,'192.168.0.200','playerVirtual15_6344084916','playerVirtual15','192.168.0.200','playerVirtual5','playerVirtual5_0c6eac6621',1,1,512,1,'2018-02-16 11:36:39',NULL),(136,'192.168.0.200','playerVirtual7_4246147567','playerVirtual7','192.168.0.200','playerVirtual10','playerVirtual10_51077a298f',3,2,4096,40,'2018-02-16 11:40:30','2018-02-16 14:07:59'),(137,'192.168.0.200','playerVirtual14_4246147567','playerVirtual14','192.168.0.200','playerVirtual19','playerVirtual19_5660596b77',3,2,4096,40,'2018-02-16 11:44:13','2018-02-16 13:22:54'),(138,'192.168.0.200','playerVirtual19_4246147567','playerVirtual19','192.168.0.200','playerVirtual14','playerVirtual19_4246147567',0,2,4096,40,'2018-02-16 11:48:52','2018-02-16 11:48:52'),(139,'192.168.0.200','playerVirtual4_6566788','playerVirtual4','192.168.0.200','playerVirtual0','playerVirtual0_1976dd6408',3,1,2048,20,'2018-02-16 11:50:57','2018-02-16 12:05:34'),(140,'192.168.0.200','playerVirtual0_6566788','playerVirtual0','192.168.0.200','playerVirtual15','playerVirtual15_2543dc3760',1,1,2048,20,'2018-02-16 11:51:05',NULL),(141,'192.168.0.200','playerVirtual5_990694203','playerVirtual5','192.168.0.200','playerVirtual17','playerVirtual17_86412079a9',3,1,2048,20,'2018-02-16 11:51:27','2018-02-16 11:58:47'),(142,'192.168.0.200','playerVirtual9_4246147567','playerVirtual9','192.168.0.200','playerVirtual12','playerVirtual12_526a45fb8b',3,2,4096,40,'2018-02-16 11:52:06','2018-02-16 14:17:36'),(143,'192.168.0.200','playerVirtual8_272887063','playerVirtual8','192.168.0.200','playerVirtual17','playerVirtual17_05649bc595',1,1,2048,20,'2018-02-16 11:53:21',NULL),(144,'192.168.0.200','playerVirtual11_4246147567','playerVirtual11','192.168.0.200','playerVirtual9','playerVirtual9_d19a89e32a',3,2,4096,40,'2018-02-16 11:54:16','2018-02-16 13:03:52'),(145,'192.168.0.200','playerVirtual15_4246147567','playerVirtual15','192.168.0.200','playerVirtual13','playerVirtual13_0997e66e59',3,2,4096,40,'2018-02-16 11:57:07','2018-02-16 12:07:14'),(146,'192.168.0.200','playerVirtual2_82730999','playerVirtual2','192.168.0.200','playerVirtual1','playerVirtual1_508137811a',1,1,512,1,'2018-02-16 11:58:13',NULL),(147,'192.168.0.200','playerVirtual17_16917741','playerVirtual17','192.168.0.200','playerVirtual8','playerVirtual8_ec2c7af1b0',3,1,512,1,'2018-02-16 12:00:14','2018-02-16 13:05:41'),(148,'192.168.0.200','playerVirtual12_4246147567','playerVirtual12','192.168.0.200','playerVirtual17','playerVirtual17_f2717e6476',3,2,4096,40,'2018-02-16 12:01:26','2018-02-16 14:05:54'),(149,'192.168.0.200','playerVirtual8_5297461910','playerVirtual8','192.168.0.200','playerVirtual11','playerVirtual11_d3e0942314',3,1,512,1,'2018-02-16 12:02:30','2018-02-16 14:20:39'),(150,'192.168.0.200','playerVirtual13_4820150269','playerVirtual13','192.168.0.200','playerVirtual16','playerVirtual16_59520fa086',3,2,4096,40,'2018-02-16 12:03:59','2018-02-16 12:17:10'),(151,'192.168.0.200','playerVirtual1_4820150269','playerVirtual1','192.168.0.200','playerVirtual4','playerVirtual4_95b4714bee',1,2,4096,40,'2018-02-16 12:05:57',NULL),(152,'192.168.0.200','playerVirtual2_5068098508','playerVirtual2','192.168.0.200','playerVirtual7','playerVirtual7_682ca1ad4f',1,1,2048,20,'2018-02-16 12:07:40',NULL),(153,'192.168.0.200','playerVirtual18_4246147567','playerVirtual18','192.168.0.200','playerVirtual2','playerVirtual18_4246147567',0,2,4096,40,'2018-02-16 12:09:36','2018-02-16 12:09:36'),(154,'192.168.0.200','playerVirtual0_3338579772','playerVirtual0','192.168.0.200','playerVirtual18','playerVirtual18_42b80491a2',1,1,2048,20,'2018-02-16 12:10:50',NULL),(155,'192.168.0.200','playerVirtual16_4246147567','playerVirtual16','192.168.0.200','playerVirtual10','playerVirtual10_7282420554',3,2,4096,40,'2018-02-16 12:12:15','2018-02-16 13:40:21'),(156,'192.168.0.200','playerVirtual7_990694203','playerVirtual7','192.168.0.200','playerVirtual0','playerVirtual0_9c6232ec2f',3,1,2048,20,'2018-02-16 12:12:25','2018-02-16 12:32:40'),(157,'192.168.0.200','playerVirtual10_6280643141','playerVirtual10','192.168.0.200','playerVirtual15','playerVirtual15_368dfea05c',1,1,512,1,'2018-02-16 12:13:49',NULL),(158,'192.168.0.200','playerVirtual17_4246147567','playerVirtual17','192.168.0.200','playerVirtual12','playerVirtual12_7c601f8b4d',3,2,4096,40,'2018-02-16 12:15:06','2018-02-16 13:44:10'),(159,'192.168.0.200','playerVirtual1_4246147567','playerVirtual1','192.168.0.200','playerVirtual9','playerVirtual9_42901882c9',3,2,4096,40,'2018-02-16 12:20:43','2018-02-16 14:16:11'),(160,'192.168.0.200','playerVirtual5_1436344784','playerVirtual5','192.168.0.200','playerVirtual19','playerVirtual19_cdca7f1424',1,1,2048,20,'2018-02-16 12:23:04',NULL),(161,'192.168.0.200','playerVirtual9_1438244924','playerVirtual9','192.168.0.200','playerVirtual5','playerVirtual5_c0c8704929',1,1,2048,20,'2018-02-16 12:23:28',NULL),(162,'192.168.0.200','playerVirtual11_4246147567','playerVirtual11','192.168.0.200','playerVirtual13','playerVirtual13_83b26441c5',3,2,4096,40,'2018-02-16 12:24:45','2018-02-16 13:03:52'),(163,'192.168.0.200','playerVirtual0_4246147567','playerVirtual0','192.168.0.200','playerVirtual1','playerVirtual1_71dc41b925',3,2,4096,40,'2018-02-16 12:25:28','2018-02-16 14:00:02'),(164,'192.168.0.200','playerVirtual8_4246147567','playerVirtual8','192.168.0.200','playerVirtual17','playerVirtual17_256f768c76',3,2,4096,40,'2018-02-16 12:26:48','2018-02-16 13:49:25'),(165,'192.168.0.200','playerVirtual15_5792765','playerVirtual15','192.168.0.200','playerVirtual8','playerVirtual8_8a11f0597c',1,1,512,1,'2018-02-16 12:28:56',NULL),(166,'192.168.0.200','playerVirtual2_4246147567','playerVirtual2','192.168.0.200','playerVirtual11','playerVirtual11_b3b0ef69e2',3,2,4096,40,'2018-02-16 12:32:23','2018-02-16 13:55:45'),(167,'192.168.0.200','playerVirtual5_4246147567','playerVirtual5','192.168.0.200','playerVirtual14','playerVirtual14_9600f337be',3,2,4096,40,'2018-02-16 12:33:45','2018-02-16 14:18:09'),(168,'192.168.0.200','playerVirtual12_4246147567','playerVirtual12','192.168.0.200','playerVirtual16','playerVirtual16_0b6518fccd',3,2,4096,40,'2018-02-16 12:34:04','2018-02-16 14:05:54'),(169,'192.168.0.200','playerVirtual10_4246147567','playerVirtual10','192.168.0.200','playerVirtual7','playerVirtual7_3792c7647b',3,2,4096,40,'2018-02-16 12:35:12','2018-02-16 14:04:50'),(170,'192.168.0.200','playerVirtual14_4246147567','playerVirtual14','192.168.0.200','playerVirtual4','playerVirtual4_fd450dea7b',3,2,4096,40,'2018-02-16 12:37:16','2018-02-16 13:22:54'),(171,'192.168.0.200','playerVirtual9_4246147567','playerVirtual9','192.168.0.200','playerVirtual2','playerVirtual2_8b939dabc3',3,2,4096,40,'2018-02-16 12:37:28','2018-02-16 14:17:36'),(172,'192.168.0.200','playerVirtual13_4246147567','playerVirtual13','192.168.0.200','playerVirtual18','playerVirtual18_62e44834c4',3,2,4096,40,'2018-02-16 12:38:17','2018-02-16 14:10:55'),(173,'192.168.0.200','playerVirtual4_4246147567','playerVirtual4','192.168.0.200','playerVirtual10','playerVirtual10_add9a5816c',3,2,4096,40,'2018-02-16 12:39:18','2018-02-16 13:56:43'),(174,'192.168.0.200','playerVirtual15_2378747961','playerVirtual15','192.168.0.200','playerVirtual0','playerVirtual0_2062173295',1,1,512,1,'2018-02-16 12:43:21',NULL),(175,'192.168.0.200','playerVirtual18_990694203','playerVirtual18','192.168.0.200','playerVirtual15','playerVirtual18_990694203',0,1,2048,20,'2018-02-16 12:43:57','2018-02-16 12:43:57'),(176,'192.168.0.200','playerVirtual16_4246147567','playerVirtual16','192.168.0.200','playerVirtual12','playerVirtual12_ebe3b470ea',3,2,4096,40,'2018-02-16 12:46:53','2018-02-16 13:40:21'),(177,'192.168.0.200','playerVirtual7_904011','playerVirtual7','192.168.0.200','playerVirtual17','playerVirtual17_7d026596ba',1,1,2048,20,'2018-02-16 12:49:09',NULL),(178,'192.168.0.200','playerVirtual19_4246147567','playerVirtual19','192.168.0.200','playerVirtual9','playerVirtual19_4246147567',0,2,4096,40,'2018-02-16 12:53:27','2018-02-16 12:53:27'),(179,'192.168.0.200','playerVirtual1_4820318661','playerVirtual1','192.168.0.200','playerVirtual19','playerVirtual19_00c69256e7',1,2,4096,40,'2018-02-16 12:56:41',NULL),(180,'192.168.0.200','playerVirtual11_4246147567','playerVirtual11','192.168.0.200','playerVirtual5','playerVirtual5_4256d19468',3,2,4096,40,'2018-02-16 12:59:37','2018-02-16 13:03:52'),(181,'192.168.0.200','playerVirtual0_4246147567','playerVirtual0','192.168.0.200','playerVirtual8','playerVirtual8_2015a45358',3,2,4096,40,'2018-02-16 13:01:44','2018-02-16 14:00:02'),(182,'192.168.0.200','playerVirtual8_4246147567','playerVirtual8','192.168.0.200','playerVirtual13','playerVirtual13_621e4df67b',3,2,4096,40,'2018-02-16 13:02:34','2018-02-16 13:49:25'),(183,'192.168.0.200','playerVirtual15_990694203','playerVirtual15','192.168.0.200','playerVirtual7','playerVirtual7_0444757689',3,1,2048,20,'2018-02-16 13:06:03','2018-02-16 13:20:30'),(184,'192.168.0.200','playerVirtual2_4246147567','playerVirtual2','192.168.0.200','playerVirtual0','playerVirtual0_959a1d27b6',3,2,4096,40,'2018-02-16 13:08:23','2018-02-16 13:55:45'),(185,'192.168.0.200','playerVirtual12_2148750930','playerVirtual12','192.168.0.200','playerVirtual2','playerVirtual2_59bb296d43',1,1,2048,20,'2018-02-16 13:10:46',NULL),(186,'192.168.0.200','playerVirtual7_4246147567','playerVirtual7','192.168.0.200','playerVirtual15','playerVirtual15_c036bcbc35',3,2,4096,40,'2018-02-16 13:10:49','2018-02-16 14:07:59'),(187,'192.168.0.200','playerVirtual10_4246147567','playerVirtual10','192.168.0.200','playerVirtual1','playerVirtual1_5ed5fb81b1',3,2,4096,40,'2018-02-16 13:12:07','2018-02-16 14:04:50'),(188,'192.168.0.200','playerVirtual14_4246147567','playerVirtual14','192.168.0.200','playerVirtual11','playerVirtual11_f7f7508646',3,2,4096,40,'2018-02-16 13:14:00','2018-02-16 13:22:54'),(189,'192.168.0.200','playerVirtual9_4246147567','playerVirtual9','192.168.0.200','playerVirtual14','playerVirtual14_a3e3ec5815',3,2,4096,40,'2018-02-16 13:15:03','2018-02-16 14:17:36'),(190,'192.168.0.200','playerVirtual13_6370662053','playerVirtual13','192.168.0.200','playerVirtual16','playerVirtual16_f25c7d7f11',1,1,512,1,'2018-02-16 13:15:34',NULL),(191,'192.168.0.200','playerVirtual4_16917741','playerVirtual4','192.168.0.200','playerVirtual18','playerVirtual18_af3f1ee8c0',1,1,512,1,'2018-02-16 13:16:37',NULL),(192,'192.168.0.200','playerVirtual1_4246147567','playerVirtual1','192.168.0.200','playerVirtual4','playerVirtual4_e999da7a38',3,2,4096,40,'2018-02-16 13:17:00','2018-02-16 14:16:11'),(193,'192.168.0.200','playerVirtual12_539194189','playerVirtual12','192.168.0.200','playerVirtual17','playerVirtual17_aaa19f5b6d',1,1,2048,20,'2018-02-16 13:24:29',NULL),(194,'192.168.0.200','playerVirtual16_4246147567','playerVirtual16','192.168.0.200','playerVirtual10','playerVirtual10_0067ff9ad3',3,2,4096,40,'2018-02-16 13:24:56','2018-02-16 13:40:21'),(195,'192.168.0.200','playerVirtual17_4246147567','playerVirtual17','192.168.0.200','playerVirtual12','playerVirtual12_8e86a6c6ba',3,2,4096,40,'2018-02-16 13:25:22','2018-02-16 13:44:10'),(196,'192.168.0.200','playerVirtual19_4246147567','playerVirtual19','192.168.0.200','playerVirtual9','playerVirtual19_4246147567',0,2,4096,40,'2018-02-16 13:31:16','2018-02-16 13:31:16'),(197,'192.168.0.200','playerVirtual4_4246147567','playerVirtual4','192.168.0.200','playerVirtual19','playerVirtual19_5f16e125fa',3,2,4096,40,'2018-02-16 13:35:41','2018-02-16 13:56:43'),(198,'192.168.0.200','playerVirtual5_794070039','playerVirtual5','192.168.0.200','playerVirtual8','playerVirtual8_30778d9d1d',1,1,512,1,'2018-02-16 13:36:34',NULL),(199,'192.168.0.200','playerVirtual11_990694203','playerVirtual11','192.168.0.200','playerVirtual5','playerVirtual5_0e65400d2a',3,1,2048,20,'2018-02-16 13:37:41','2018-02-16 13:42:56'),(200,'192.168.0.200','playerVirtual18_4246147567','playerVirtual18','192.168.0.200','playerVirtual13','playerVirtual18_4246147567',0,2,4096,40,'2018-02-16 13:39:29','2018-02-16 13:39:29'),(201,'192.168.0.200','playerVirtual8_4246147567','playerVirtual8','192.168.0.200','playerVirtual7','playerVirtual7_11a9722bd6',3,2,4096,40,'2018-02-16 13:41:16','2018-02-16 13:49:25'),(202,'192.168.0.200','playerVirtual0_4246147567','playerVirtual0','192.168.0.200','playerVirtual2','playerVirtual2_88b2889385',3,2,4096,40,'2018-02-16 13:41:16','2018-02-16 14:00:02'),(203,'192.168.0.200','playerVirtual15_5297461910','playerVirtual15','192.168.0.200','playerVirtual17','playerVirtual17_6a18d34b0d',1,1,512,1,'2018-02-16 13:46:46',NULL),(204,'192.168.0.200','playerVirtual2_4246147567','playerVirtual2','192.168.0.200','playerVirtual0','playerVirtual0_94579527fd',3,2,4096,40,'2018-02-16 13:47:18','2018-02-16 13:55:45'),(205,'192.168.0.200','playerVirtual7_4246147567','playerVirtual7','192.168.0.200','playerVirtual15','playerVirtual15_beff7c0d3b',3,2,4096,40,'2018-02-16 13:51:29','2018-02-16 14:07:59'),(206,'192.168.0.200','playerVirtual5_4246147567','playerVirtual5','192.168.0.200','playerVirtual1','playerVirtual1_10c7da38e5',3,2,4096,40,'2018-02-16 13:51:37','2018-02-16 14:18:09'),(207,'192.168.0.200','playerVirtual10_4246147567','playerVirtual10','192.168.0.200','playerVirtual11','playerVirtual11_37c2bb563a',3,2,4096,40,'2018-02-16 13:52:08','2018-02-16 14:04:50'),(208,'192.168.0.200','playerVirtual12_4246147567','playerVirtual12','192.168.0.200','playerVirtual14','playerVirtual14_5b7b9da24b',3,2,4096,40,'2018-02-16 13:53:12','2018-02-16 14:05:54'),(209,'192.168.0.200','playerVirtual14_990694203','playerVirtual14','192.168.0.200','playerVirtual16','playerVirtual16_b495504ff0',3,1,2048,20,'2018-02-16 13:53:50','2018-02-16 14:02:44'),(210,'192.168.0.200','playerVirtual9_4246147567','playerVirtual9','192.168.0.200','playerVirtual18','playerVirtual18_dd1e8da32b',3,2,4096,40,'2018-02-16 13:56:24','2018-02-16 14:17:36'),(211,'192.168.0.200','playerVirtual13_4246147567','playerVirtual13','192.168.0.200','playerVirtual4','playerVirtual4_a578eccece',3,2,4096,40,'2018-02-16 13:57:29','2018-02-16 14:10:55'),(212,'192.168.0.200','playerVirtual1_4246147567','playerVirtual1','192.168.0.200','playerVirtual10','playerVirtual10_78d45be3b3',3,2,4096,40,'2018-02-16 13:58:08','2018-02-16 14:16:11'),(213,'192.168.0.200','playerVirtual15_4246147567','playerVirtual15','192.168.0.200','playerVirtual17','playerVirtual17_8b365a14c5',1,2,4096,40,'2018-02-16 14:04:00',NULL),(214,'192.168.0.200','playerVirtual16_990694203','playerVirtual16','192.168.0.200','playerVirtual12','playerVirtual12_1c14606486',1,1,2048,20,'2018-02-16 14:06:47',NULL),(215,'192.168.0.200','playerVirtual17_4246147567','playerVirtual17','192.168.0.200','playerVirtual9','playerVirtual9_7316fe27a3',1,2,4096,40,'2018-02-16 14:07:40',NULL),(216,'192.168.0.200','playerVirtual19_4246147567','playerVirtual19','192.168.0.200','playerVirtual8','playerVirtual19_4246147567',0,2,4096,40,'2018-02-16 14:13:03','2018-02-16 14:13:03'),(217,'192.168.0.200','playerVirtual4_4246147567','playerVirtual4','192.168.0.200','playerVirtual19','playerVirtual19_be508d3893',1,2,4096,40,'2018-02-16 14:18:23',NULL),(218,'192.168.0.200','playerVirtual11_359920779','playerVirtual11','192.168.0.200','playerVirtual5','playerVirtual5_b92158438b',1,1,512,1,'2018-02-16 14:20:48',NULL);
/*!40000 ALTER TABLE `VM` ENABLE KEYS */;
UNLOCK TABLES;
/*!40103 SET TIME_ZONE=@OLD_TIME_ZONE */;

/*!40101 SET SQL_MODE=@OLD_SQL_MODE */;
/*!40014 SET FOREIGN_KEY_CHECKS=@OLD_FOREIGN_KEY_CHECKS */;
/*!40014 SET UNIQUE_CHECKS=@OLD_UNIQUE_CHECKS */;
/*!40101 SET CHARACTER_SET_CLIENT=@OLD_CHARACTER_SET_CLIENT */;
/*!40101 SET CHARACTER_SET_RESULTS=@OLD_CHARACTER_SET_RESULTS */;
/*!40101 SET COLLATION_CONNECTION=@OLD_COLLATION_CONNECTION */;
/*!40111 SET SQL_NOTES=@OLD_SQL_NOTES */;

-- Dump completed on 2018-02-16  9:22:03
