-- MySQL dump 10.14  Distrib 5.5.58-MariaDB, for debian-linux-gnu (x86_64)
--
-- Host: localhost    Database: mct
-- ------------------------------------------------------
-- Server version	5.5.58-MariaDB-1ubuntu0.14.04.1

/*!40101 SET @OLD_CHARACTER_SET_CLIENT=@@CHARACTER_SET_CLIENT */;
/*!40101 SET @OLD_CHARACTER_SET_RESULTS=@@CHARACTER_SET_RESULTS */;
/*!40101 SET @OLD_COLLATION_CONNECTION=@@COLLATION_CONNECTION */;
/*!40101 SET NAMES utf8 */;
/*!40103 SET @OLD_TIME_ZONE=@@TIME_ZONE */;
/*!40103 SET TIME_ZONE='+00:00' */;
/*!40014 SET @OLD_UNIQUE_CHECKS=@@UNIQUE_CHECKS, UNIQUE_CHECKS=0 */;
/*!40014 SET @OLD_FOREIGN_KEY_CHECKS=@@FOREIGN_KEY_CHECKS, FOREIGN_KEY_CHECKS=0 */;
/*!40101 SET @OLD_SQL_MODE=@@SQL_MODE, SQL_MODE='NO_AUTO_VALUE_ON_ZERO' */;
/*!40111 SET @OLD_SQL_NOTES=@@SQL_NOTES, SQL_NOTES=0 */;

--
-- Table structure for table `FIELDS`
--

DROP TABLE IF EXISTS `FIELDS`;
/*!40101 SET @saved_cs_client     = @@character_set_client */;
/*!40101 SET character_set_client = utf8 */;
CREATE TABLE `FIELDS` (
  `operation` int(11) NOT NULL,
  `fields` varchar(45) NOT NULL,
  PRIMARY KEY (`operation`)
) ENGINE=InnoDB DEFAULT CHARSET=utf8;
/*!40101 SET character_set_client = @saved_cs_client */;

--
-- Dumping data for table `FIELDS`
--

LOCK TABLES `FIELDS` WRITE;
/*!40000 ALTER TABLE `FIELDS` DISABLE KEYS */;
INSERT INTO `FIELDS` VALUES (0,'name mem image vcpus disk uuid');
/*!40000 ALTER TABLE `FIELDS` ENABLE KEYS */;
UNLOCK TABLES;

--
-- Table structure for table `PLAYER`
--

DROP TABLE IF EXISTS `PLAYER`;
/*!40101 SET @saved_cs_client     = @@character_set_client */;
/*!40101 SET character_set_client = utf8 */;
CREATE TABLE `PLAYER` (
  `id` int(11) NOT NULL AUTO_INCREMENT,
  `name` varchar(45) NOT NULL,
  `address` varchar(45) NOT NULL,
  `division` int(11) DEFAULT NULL,
  `score` float DEFAULT '0',
  `history` int(11) DEFAULT '0',
  `fairness` float DEFAULT '0',
  `accepts` int(11) DEFAULT '0',
  `rejects` int(11) DEFAULT '0',
  `running` int(11) DEFAULT '0',
  `finished` int(11) DEFAULT '0',
  `problem_del` int(11) DEFAULT '0',
  `vcpus` int(11) DEFAULT '0',
  `memory` bigint(20) DEFAULT '0',
  `local_gb` bigint(20) DEFAULT '0',
  `vcpus_used` bigint(20) DEFAULT '0',
  `memory_used` bigint(20) DEFAULT '0',
  `local_gb_used` bigint(20) DEFAULT '0',
  `max_instance` int(11) DEFAULT '0',
  `token` varchar(45) DEFAULT NULL,
  `suspend` timestamp NULL DEFAULT NULL,
  `enabled` int(11) DEFAULT '0',
  `last_choice` timestamp NOT NULL DEFAULT '2018-01-01 02:00:00',
  `playoff` tinyint(1) DEFAULT '0',
  PRIMARY KEY (`id`)
) ENGINE=InnoDB AUTO_INCREMENT=29 DEFAULT CHARSET=utf8;
/*!40101 SET character_set_client = @saved_cs_client */;

--
-- Dumping data for table `PLAYER`
--

LOCK TABLES `PLAYER` WRITE;
/*!40000 ALTER TABLE `PLAYER` DISABLE KEYS */;
INSERT INTO `PLAYER` VALUES (1,'playerVirtual1','192.168.0.200',4,-2,0,1,1,2,0,1,0,1023,1047552,10230,0,0,0,1,'8735944e7189c6ac7850ab094b7fa80f561722dc',NULL,0,'2018-03-01 15:13:43',1),(2,'playerVirtual2','192.168.0.200',2,7.3,29,0.5625,9,0,9,0,0,1023,1047552,10230,12,23040,221,9,'808c9e0c685a831f1b8a36a0cc971b9b4e225e7c',NULL,1,'2018-03-01 15:59:10',0),(3,'playerVirtual3','192.168.0.200',3,2.32,28,0.933333,2,2,2,0,0,1023,1047552,10230,3,4608,41,2,'c5ac728e71ac8128caff79b60066eea3f4ebfe58',NULL,1,'2018-03-01 17:32:13',0),(4,'playerVirtual4','192.168.0.200',2,8.64,27,0.769231,13,0,9,4,0,1023,1047552,10230,10,14336,124,9,'25cfc3d50d91af621776bf44ec3e3fd7ef8862a6',NULL,1,'2018-03-01 17:32:50',0),(5,'playerVirtual0','192.168.0.200',4,-10,0,1,0,5,0,0,0,1023,1047552,10230,0,0,0,99,'675e836d90a7ab175f69ca91b1e8251fba4378e7',NULL,0,'2018-03-01 15:24:41',1),(6,'playerVirtual5','192.168.0.200',1,9.96,26,0.75,9,0,5,4,0,1023,1047552,10230,6,7680,63,5,'287cd39a72e4a5b2db358e1d4e67a7882b3e6688',NULL,1,'2018-03-01 17:32:26',0),(7,'playerVirtual6','192.168.0.200',1,11.29,25,1,10,0,7,3,0,1023,1047552,10230,10,17408,162,7,'2ca059de38fb39351fc38b2196d066018adfce8e',NULL,1,'2018-03-01 17:33:13',0),(8,'playerVirtual1959','192.168.0.200',4,-6,0,0,0,3,0,0,0,1023,1047552,10230,0,0,0,99,'2f9c1c4eef5165688f2dc1da4e230d03a4b951d4',NULL,0,'2018-03-01 15:33:48',1),(9,'playerVirtual7','192.168.0.200',3,1.33,24,0,1,1,1,0,0,1023,1047552,10230,1,512,1,1,'c6877f07878226e08e3def57b815468ef3f87f09',NULL,1,'2018-03-01 17:34:22',0),(10,'playerVirtual8','192.168.0.200',1,11.29,23,0.875,10,0,3,7,0,1023,1047552,10230,4,6656,61,9,'f7ae381b9e9c96954317fdc07f7ab7ecd447a10f',NULL,1,'2018-03-01 17:19:31',0),(11,'playerVirtual9','192.168.0.200',3,1.99,22,0.714286,2,0,2,0,0,1023,1047552,10230,3,6144,60,2,'cf71ccc105ce0ae216a2020ba0a5e01a2dc8c490',NULL,1,'2018-03-01 15:45:30',0),(12,'playerVirtual1033','192.168.0.200',4,-4,0,0,0,2,0,0,0,1023,1047552,10230,0,0,0,99,'39b05eb339f3db1f77b4bd567caa4a49f37a70ab',NULL,0,'2018-03-01 15:45:56',1),(13,'playerVirtual10','192.168.0.200',1,9.96,21,0.4,9,0,4,5,0,1023,1047552,10230,5,7168,62,8,'b8e1cff4b248eb019ba38081def130187c4c3110',NULL,1,'2018-03-01 17:21:50',0),(14,'playerVirtual11','192.168.0.200',3,1.33,20,1,3,0,3,0,0,1023,1047552,10230,3,4608,41,3,'6bef223e9c762c5ba61ac3ea495e834a4203b26f',NULL,1,'2018-03-01 16:01:10',0),(15,'playerVirtual1181','192.168.0.200',4,-4,0,0,0,2,0,0,0,1023,1047552,10230,0,0,0,99,'3fdd2dd313d6fb8d93eff673403a5ce91ac93aea',NULL,0,'2018-03-01 15:57:58',1),(16,'playerVirtual12','192.168.0.200',3,2.66,19,0.75,4,0,3,1,0,1023,1047552,10230,3,4608,41,3,'f9316ee2fdfafa0fc9e11bc3fff779ca19dfbd95',NULL,1,'2018-03-01 16:15:44',0),(17,'playerVirtual13','192.168.0.200',2,7.3,18,0.8,8,0,4,4,0,1023,1047552,10230,4,6656,61,5,'d5221c331aebc7d5ef6f1c9113831b295d5a2f4f',NULL,1,'2018-03-01 17:19:28',0),(18,'playerVirtual1699','192.168.0.200',4,-2,0,0,0,1,0,0,0,1023,1047552,10230,0,0,0,99,'445a3a0e4c90079c85f235355f81d46cb7d95da5',NULL,0,'2018-03-01 16:04:55',1),(19,'playerVirtual14','192.168.0.200',2,7.31,17,0.75,6,0,4,2,0,1023,1047552,10230,5,5632,43,5,'9c5994ffc17b7de0a660cc774a874a95373ce0f0',NULL,1,'2018-03-01 17:31:17',0),(20,'playerVirtual15','192.168.0.200',2,7.97,16,1,5,0,3,2,0,1023,1047552,10230,3,1536,3,5,'b0e4722893ef5d9b02d0f9c66d650a530e1ec450',NULL,1,'2018-03-01 17:14:06',0),(21,'playerVirtual16','192.168.0.200',2,7.3,15,1,5,0,1,4,0,1023,1047552,10230,1,512,1,3,'7bee68ae5ef9d4ada7ae216782eaa81cf77d757c',NULL,1,'2018-03-01 17:10:05',0),(22,'playerVirtual1030','192.168.0.200',4,-2,0,0,0,1,0,0,0,1023,1047552,10230,0,0,0,99,'c97e0a14bbba37753061ad257db42867e1dd4688',NULL,0,'2018-03-01 16:21:20',1),(23,'playerVirtual17','192.168.0.200',3,1.33,14,0,1,0,1,0,0,1023,1047552,10230,1,512,1,1,'e87863b2cce40dce001857237e6dec076498158d',NULL,1,'2018-03-01 16:22:32',0),(24,'playerVirtual18','192.168.0.200',2,5.31,13,0.666667,5,0,3,2,0,1023,1047552,10230,3,4608,41,3,'bbdea49f8b7384dd0fd866ff3a184062defd6497',NULL,1,'2018-03-01 17:29:54',0),(25,'playerVirtual19','192.168.0.200',2,5.97,12,0.5,4,0,0,4,0,1023,1047552,10230,0,0,0,7,'de03cbe18273240bf0a25eaf5ca1a1398adfff49',NULL,1,'2018-03-01 17:15:32',0),(26,'playerVirtual1828','192.168.0.200',4,-4,0,0,0,2,0,0,0,1023,1047552,10230,0,0,0,99,'20ca2c5f16a5b0a0a5f9975648dd2854a50fa0bc',NULL,0,'2018-03-01 16:53:42',1),(27,'playerVirtual1478','192.168.0.200',4,-2,0,0,0,1,0,0,0,1023,1047552,10230,0,0,0,99,'1fe60103f1de31cc280023b96fb4ccfecfdc84dc',NULL,0,'2018-03-01 17:06:16',1),(28,'playerVirtual1256','192.168.0.200',3,0,0,0,0,0,0,0,0,1023,1047552,10230,0,0,0,99,'4a5ef4dcfdc7246fcac380c7ffd844ff54eca6aa',NULL,1,'2018-01-01 02:00:00',0);
/*!40000 ALTER TABLE `PLAYER` ENABLE KEYS */;
UNLOCK TABLES;

--
-- Table structure for table `REQUEST`
--

DROP TABLE IF EXISTS `REQUEST`;
/*!40101 SET @saved_cs_client     = @@character_set_client */;
/*!40101 SET character_set_client = utf8 */;
CREATE TABLE `REQUEST` (
  `id` int(11) NOT NULL AUTO_INCREMENT,
  `player_id` varchar(45) NOT NULL,
  `request_id` varchar(45) NOT NULL,
  `action` int(11) NOT NULL,
  `timestamp_received` timestamp NULL DEFAULT NULL,
  `timestamp_finished` timestamp NULL DEFAULT NULL,
  `status` int(11) NOT NULL,
  PRIMARY KEY (`id`)
) ENGINE=InnoDB AUTO_INCREMENT=597 DEFAULT CHARSET=utf8;
/*!40101 SET character_set_client = @saved_cs_client */;

--
-- Dumping data for table `REQUEST`
--

LOCK TABLES `REQUEST` WRITE;
/*!40000 ALTER TABLE `REQUEST` DISABLE KEYS */;
INSERT INTO `REQUEST` VALUES (1,'playerVirtual1','playerVirtual1_efc0b1ebfc',4,'2018-03-01 15:06:22',NULL,0),(2,'playerVirtual2','playerVirtual2_f8481a8123',4,'2018-03-01 15:06:22',NULL,0),(3,'playerVirtual1','playerVirtual1_450512000',0,'2018-03-01 15:07:23',NULL,0),(4,'playerVirtual1','playerVirtual1_450512000',0,'2018-03-01 15:07:23',NULL,0),(5,'playerVirtual2','playerVirtual2_1438244924',0,'2018-03-01 15:07:25',NULL,0),(6,'playerVirtual2','playerVirtual2_1438244924',0,'2018-03-01 15:07:25',NULL,0),(7,'playerVirtual1','playerVirtual1_50ae7d739c',3,'2018-03-01 15:08:23',NULL,0),(8,'playerVirtual2','playerVirtual2_542e5e3929',3,'2018-03-01 15:08:25',NULL,0),(9,'playerVirtual1','playerVirtual1_640692267',0,'2018-03-01 15:09:28',NULL,0),(10,'playerVirtual1','playerVirtual1_640692267',0,'2018-03-01 15:09:29',NULL,0),(11,'playerVirtual2','playerVirtual2_2381571381',0,'2018-03-01 15:09:30',NULL,0),(12,'playerVirtual2','playerVirtual2_2381571381',0,'2018-03-01 15:09:30',NULL,0),(13,'playerVirtual1','playerVirtual1_e704038a37',4,'2018-03-01 15:10:29',NULL,0),(14,'playerVirtual2','playerVirtual2_ff1dad7f79',4,'2018-03-01 15:10:30',NULL,0),(15,'playerVirtual3','playerVirtual3_dc42100789',4,'2018-03-01 15:11:22',NULL,0),(16,'playerVirtual1','playerVirtual1_5297461910',0,'2018-03-01 15:11:32',NULL,0),(17,'playerVirtual1','playerVirtual1_5297461910',0,'2018-03-01 15:11:32',NULL,0),(18,'playerVirtual2','playerVirtual2_2790332778',0,'2018-03-01 15:11:37',NULL,0),(19,'playerVirtual2','playerVirtual2_2790332778',0,'2018-03-01 15:11:37',NULL,0),(20,'playerVirtual1','playerVirtual1_1b0ffb9f4f',3,'2018-03-01 15:12:32',NULL,0),(21,'playerVirtual3','playerVirtual3_369721705',0,'2018-03-01 15:12:34',NULL,0),(22,'playerVirtual3','playerVirtual3_369721705',0,'2018-03-01 15:12:35',NULL,0),(23,'playerVirtual2','playerVirtual2_4beb658df7',3,'2018-03-01 15:12:37',NULL,0),(24,'playerVirtual3','playerVirtual3_ee62b77b74',3,'2018-03-01 15:13:34',NULL,0),(25,'playerVirtual1','playerVirtual1_317469422',0,'2018-03-01 15:13:41',NULL,0),(26,'playerVirtual1','playerVirtual1_317469422',0,'2018-03-01 15:13:42',NULL,0),(27,'playerVirtual2','playerVirtual2_6955737',0,'2018-03-01 15:13:42',NULL,0),(28,'playerVirtual2','playerVirtual2_6955737',0,'2018-03-01 15:13:43',NULL,0),(29,'playerVirtual3','playerVirtual3_257338104',0,'2018-03-01 15:14:36',NULL,0),(30,'playerVirtual3','playerVirtual3_257338104',0,'2018-03-01 15:14:36',NULL,0),(31,'playerVirtual1','playerVirtual1_85f12424f9',4,'2018-03-01 15:14:41',NULL,0),(32,'playerVirtual2','playerVirtual2_eb9b9f6383',4,'2018-03-01 15:14:43',NULL,0),(33,'playerVirtual3','playerVirtual3_5da6e7dc6f',4,'2018-03-01 15:15:36',NULL,0),(34,'playerVirtual2','playerVirtual2_2433236783',0,'2018-03-01 15:15:51',NULL,0),(35,'playerVirtual2','playerVirtual2_2433236783',0,'2018-03-01 15:15:51',NULL,0),(36,'playerVirtual4','playerVirtual4_8a2b5c918c',4,'2018-03-01 15:16:26',NULL,0),(37,'playerVirtual0','playerVirtual0_39eb1629b8',4,'2018-03-01 15:16:31',NULL,0),(38,'playerVirtual3','playerVirtual3_3338579772',0,'2018-03-01 15:16:49',NULL,0),(39,'playerVirtual3','playerVirtual3_3338579772',0,'2018-03-01 15:16:49',NULL,0),(40,'playerVirtual2','playerVirtual2_fc7a6aefd2',3,'2018-03-01 15:16:51',NULL,0),(41,'playerVirtual4','playerVirtual4_257407216',0,'2018-03-01 15:17:40',NULL,0),(42,'playerVirtual3','playerVirtual3_483e783273',3,'2018-03-01 15:17:49',NULL,0),(43,'playerVirtual0','playerVirtual0_182859403',0,'2018-03-01 15:17:53',NULL,0),(44,'playerVirtual2','playerVirtual2_2359368952',0,'2018-03-01 15:18:08',NULL,0),(45,'playerVirtual2','playerVirtual2_2359368952',0,'2018-03-01 15:18:08',NULL,0),(46,'playerVirtual4','playerVirtual4_1e44627af9',3,'2018-03-01 15:18:40',NULL,0),(47,'playerVirtual0','playerVirtual0_7924104c55',3,'2018-03-01 15:18:53',NULL,0),(48,'playerVirtual3','playerVirtual3_16917741',0,'2018-03-01 15:19:03',NULL,0),(49,'playerVirtual3','playerVirtual3_16917741',0,'2018-03-01 15:19:04',NULL,0),(50,'playerVirtual2','playerVirtual2_f11df71729',4,'2018-03-01 15:19:08',NULL,0),(51,'playerVirtual4','playerVirtual4_2545640208',0,'2018-03-01 15:20:03',NULL,0),(52,'playerVirtual4','playerVirtual4_2545640208',0,'2018-03-01 15:20:03',NULL,0),(53,'playerVirtual3','playerVirtual3_2bc0826524',4,'2018-03-01 15:20:04',NULL,0),(54,'playerVirtual0','playerVirtual0_908315',0,'2018-03-01 15:20:09',NULL,0),(55,'playerVirtual0','playerVirtual0_908315',0,'2018-03-01 15:20:10',NULL,0),(56,'playerVirtual2','playerVirtual2_539194189',0,'2018-03-01 15:20:37',NULL,0),(57,'playerVirtual2','playerVirtual2_539194189',0,'2018-03-01 15:20:37',NULL,0),(58,'playerVirtual4','playerVirtual4_3309db5717',4,'2018-03-01 15:21:03',NULL,0),(59,'playerVirtual0','playerVirtual0_760f36104c',4,'2018-03-01 15:21:09',NULL,0),(60,'playerVirtual5','playerVirtual5_97248d7449',4,'2018-03-01 15:21:22',NULL,0),(61,'playerVirtual2','playerVirtual2_1f0ec38397',3,'2018-03-01 15:21:37',NULL,0),(62,'playerVirtual3','playerVirtual3_4820204870',0,'2018-03-01 15:22:16',NULL,0),(63,'playerVirtual3','playerVirtual3_4820204870',0,'2018-03-01 15:22:17',NULL,0),(64,'playerVirtual3','playerVirtual3_0e92a10176',3,'2018-03-01 15:23:16',NULL,0),(65,'playerVirtual4','playerVirtual4_8058564',0,'2018-03-01 15:23:57',NULL,0),(66,'playerVirtual4','playerVirtual4_8058564',0,'2018-03-01 15:23:58',NULL,0),(67,'playerVirtual0','playerVirtual0_1429160667',0,'2018-03-01 15:24:11',NULL,0),(68,'playerVirtual0','playerVirtual0_1429160667',0,'2018-03-01 15:24:11',NULL,0),(69,'playerVirtual2','playerVirtual2_82730999',0,'2018-03-01 15:24:30',NULL,0),(70,'playerVirtual2','playerVirtual2_82730999',0,'2018-03-01 15:24:31',NULL,0),(71,'playerVirtual5','playerVirtual5_3338010893',0,'2018-03-01 15:24:41',NULL,0),(72,'playerVirtual5','playerVirtual5_3338010893',0,'2018-03-01 15:24:41',NULL,0),(73,'playerVirtual4','playerVirtual4_a26bc64159',3,'2018-03-01 15:24:57',NULL,0),(74,'playerVirtual0','playerVirtual0_4d4b9fd7df',3,'2018-03-01 15:25:11',NULL,0),(75,'playerVirtual3','playerVirtual3_351652724',0,'2018-03-01 15:25:29',NULL,0),(76,'playerVirtual3','playerVirtual3_351652724',0,'2018-03-01 15:25:29',NULL,0),(77,'playerVirtual2','playerVirtual2_e9dafe04ee',4,'2018-03-01 15:25:31',NULL,0),(78,'playerVirtual5','playerVirtual5_733952bdec',3,'2018-03-01 15:25:41',NULL,0),(79,'playerVirtual6','playerVirtual6_135105ecbe',4,'2018-03-01 15:26:21',NULL,0),(80,'playerVirtual4','playerVirtual4_6571218',0,'2018-03-01 15:26:28',NULL,0),(81,'playerVirtual4','playerVirtual4_6571218',0,'2018-03-01 15:26:28',NULL,0),(82,'playerVirtual3','playerVirtual3_43cbb4cba9',4,'2018-03-01 15:26:29',NULL,0),(83,'playerVirtual5','playerVirtual5_1339662',0,'2018-03-01 15:26:54',NULL,0),(84,'playerVirtual5','playerVirtual5_1339662',0,'2018-03-01 15:26:54',NULL,0),(85,'playerVirtual2','playerVirtual2_1436344784',0,'2018-03-01 15:27:08',NULL,0),(86,'playerVirtual2','playerVirtual2_1436344784',0,'2018-03-01 15:27:08',NULL,0),(87,'playerVirtual4','playerVirtual4_acbfc85836',4,'2018-03-01 15:27:28',NULL,0),(88,'playerVirtual5','playerVirtual5_0abaf26004',4,'2018-03-01 15:27:54',NULL,0),(89,'playerVirtual2','playerVirtual2_468d87a1ba',3,'2018-03-01 15:28:08',NULL,0),(90,'playerVirtual1959','playerVirtual1959_cfea0f7c6a',4,'2018-03-01 15:28:42',NULL,0),(91,'playerVirtual3','playerVirtual3_284794223',0,'2018-03-01 15:28:49',NULL,0),(92,'playerVirtual3','playerVirtual3_284794223',0,'2018-03-01 15:28:49',NULL,0),(93,'playerVirtual3','playerVirtual3_3eb09f31f2',3,'2018-03-01 15:29:49',NULL,0),(94,'playerVirtual6','playerVirtual6_317497342',0,'2018-03-01 15:29:54',NULL,0),(95,'playerVirtual4','playerVirtual4_359920779',0,'2018-03-01 15:30:30',NULL,0),(96,'playerVirtual4','playerVirtual4_359920779',0,'2018-03-01 15:30:30',NULL,0),(97,'playerVirtual6','playerVirtual6_e85977b615',3,'2018-03-01 15:30:54',NULL,0),(98,'playerVirtual2','playerVirtual2_2904109077',0,'2018-03-01 15:31:04',NULL,0),(99,'playerVirtual2','playerVirtual2_2904109077',0,'2018-03-01 15:31:05',NULL,0),(100,'playerVirtual5','playerVirtual5_904011',0,'2018-03-01 15:31:14',NULL,0),(101,'playerVirtual5','playerVirtual5_904011',0,'2018-03-01 15:31:14',NULL,0),(102,'playerVirtual7','playerVirtual7_bf18100bcf',4,'2018-03-01 15:31:25',NULL,0),(103,'playerVirtual4','playerVirtual4_122caf84d0',3,'2018-03-01 15:31:30',NULL,0),(104,'playerVirtual6','playerVirtual6_1093460',0,'2018-03-01 15:31:56',NULL,0),(105,'playerVirtual6','playerVirtual6_1093460',0,'2018-03-01 15:31:57',NULL,0),(106,'playerVirtual3','playerVirtual3_905614',0,'2018-03-01 15:32:03',NULL,0),(107,'playerVirtual3','playerVirtual3_905614',0,'2018-03-01 15:32:03',NULL,0),(108,'playerVirtual2','playerVirtual2_4db4728784',4,'2018-03-01 15:32:04',NULL,0),(109,'playerVirtual5','playerVirtual5_a6f234c4e3',3,'2018-03-01 15:32:14',NULL,0),(110,'playerVirtual1959','playerVirtual1959_257338074',0,'2018-03-01 15:32:16',NULL,0),(111,'playerVirtual6','playerVirtual6_b03e299cbd',4,'2018-03-01 15:32:57',NULL,0),(112,'playerVirtual3','playerVirtual3_52593eec34',4,'2018-03-01 15:33:03',NULL,0),(113,'playerVirtual4','playerVirtual4_470485660',0,'2018-03-01 15:33:05',NULL,0),(114,'playerVirtual4','playerVirtual4_470485660',0,'2018-03-01 15:33:05',NULL,0),(115,'playerVirtual1959','playerVirtual1959_0444ada4d6',3,'2018-03-01 15:33:16',NULL,0),(116,'playerVirtual5','playerVirtual5_5792765',0,'2018-03-01 15:33:35',NULL,0),(117,'playerVirtual5','playerVirtual5_5792765',0,'2018-03-01 15:33:35',NULL,0),(118,'playerVirtual2','playerVirtual2_30788568',0,'2018-03-01 15:33:48',NULL,0),(119,'playerVirtual2','playerVirtual2_30788568',0,'2018-03-01 15:33:48',NULL,0),(120,'playerVirtual4','playerVirtual4_cf48722584',4,'2018-03-01 15:34:05',NULL,0),(121,'playerVirtual5','playerVirtual5_92338a1a7b',4,'2018-03-01 15:34:35',NULL,0),(122,'playerVirtual1959','playerVirtual1959_4820318661',0,'2018-03-01 15:34:38',NULL,0),(123,'playerVirtual2','playerVirtual2_75127aedad',3,'2018-03-01 15:34:48',NULL,0),(124,'playerVirtual7','playerVirtual7_6569547',0,'2018-03-01 15:35:00',NULL,0),(125,'playerVirtual3','playerVirtual3_400453824',0,'2018-03-01 15:35:37',NULL,0),(126,'playerVirtual3','playerVirtual3_400453824',0,'2018-03-01 15:35:37',NULL,0),(127,'playerVirtual7','playerVirtual7_4b659cef41',3,'2018-03-01 15:36:01',NULL,0),(128,'playerVirtual8','playerVirtual8_5a2becb766',4,'2018-03-01 15:36:21',NULL,0),(129,'playerVirtual3','playerVirtual3_6db8fd0013',3,'2018-03-01 15:36:37',NULL,0),(130,'playerVirtual6','playerVirtual6_38671842',0,'2018-03-01 15:36:42',NULL,0),(131,'playerVirtual6','playerVirtual6_38671842',0,'2018-03-01 15:36:43',NULL,0),(132,'playerVirtual4','playerVirtual4_4819935267',0,'2018-03-01 15:37:27',NULL,0),(133,'playerVirtual4','playerVirtual4_4819935267',0,'2018-03-01 15:37:27',NULL,0),(134,'playerVirtual7','playerVirtual7_5068098508',0,'2018-03-01 15:37:39',NULL,0),(135,'playerVirtual6','playerVirtual6_567452c931',3,'2018-03-01 15:37:42',NULL,0),(136,'playerVirtual2','playerVirtual2_6264344062',0,'2018-03-01 15:38:04',NULL,0),(137,'playerVirtual2','playerVirtual2_6264344062',0,'2018-03-01 15:38:05',NULL,0),(138,'playerVirtual5','playerVirtual5_4820217293',0,'2018-03-01 15:38:13',NULL,0),(139,'playerVirtual5','playerVirtual5_4820217293',0,'2018-03-01 15:38:14',NULL,0),(140,'playerVirtual4','playerVirtual4_34d453e03b',3,'2018-03-01 15:38:27',NULL,0),(141,'playerVirtual7','playerVirtual7_61e2811be0',4,'2018-03-01 15:38:39',NULL,0),(142,'playerVirtual2','playerVirtual2_7d79244828',4,'2018-03-01 15:39:04',NULL,0),(143,'playerVirtual5','playerVirtual5_c262ff07b0',3,'2018-03-01 15:39:14',NULL,0),(144,'playerVirtual6','playerVirtual6_2148750930',0,'2018-03-01 15:40:29',NULL,0),(145,'playerVirtual6','playerVirtual6_2148750930',0,'2018-03-01 15:40:29',NULL,0),(146,'playerVirtual3','playerVirtual3_1095593',0,'2018-03-01 15:40:31',NULL,0),(147,'playerVirtual3','playerVirtual3_1095593',0,'2018-03-01 15:40:31',NULL,0),(148,'playerVirtual9','playerVirtual9_4e22f655ad',4,'2018-03-01 15:41:25',NULL,0),(149,'playerVirtual6','playerVirtual6_cee09112c6',4,'2018-03-01 15:41:29',NULL,0),(150,'playerVirtual3','playerVirtual3_1e61b5e7c6',4,'2018-03-01 15:41:31',NULL,0),(151,'playerVirtual1033','playerVirtual1033_1bd367e92a',4,'2018-03-01 15:41:31',NULL,0),(152,'playerVirtual4','playerVirtual4_563574327',0,'2018-03-01 15:41:41',NULL,0),(153,'playerVirtual4','playerVirtual4_563574327',0,'2018-03-01 15:41:41',NULL,0),(154,'playerVirtual8','playerVirtual8_227443932',0,'2018-03-01 15:41:49',NULL,0),(155,'playerVirtual8','playerVirtual8_227443932',0,'2018-03-01 15:41:49',NULL,0),(156,'playerVirtual2','playerVirtual2_3ce827a07e',3,'2018-03-01 15:42:00',NULL,0),(157,'playerVirtual5','playerVirtual5_16915963',0,'2018-03-01 15:42:17',NULL,0),(158,'playerVirtual5','playerVirtual5_16915963',0,'2018-03-01 15:42:17',NULL,0),(159,'playerVirtual4','playerVirtual4_c5ab95193b',4,'2018-03-01 15:42:42',NULL,0),(160,'playerVirtual8','playerVirtual8_3005ae51cf',3,'2018-03-01 15:42:49',NULL,0),(161,'playerVirtual5','playerVirtual5_db5e6d2c30',4,'2018-03-01 15:43:17',NULL,0),(162,'playerVirtual7','playerVirtual7_765651',0,'2018-03-01 15:43:39',NULL,0),(163,'playerVirtual3','playerVirtual3_272887063',0,'2018-03-01 15:44:25',NULL,0),(164,'playerVirtual3','playerVirtual3_272887063',0,'2018-03-01 15:44:26',NULL,0),(165,'playerVirtual7','playerVirtual7_a65bb4e600',3,'2018-03-01 15:44:39',NULL,0),(166,'playerVirtual3','playerVirtual3_5cd0a388c9',3,'2018-03-01 15:45:25',NULL,0),(167,'playerVirtual6','playerVirtual6_284757920',0,'2018-03-01 15:45:28',NULL,0),(168,'playerVirtual6','playerVirtual6_284757920',0,'2018-03-01 15:45:28',NULL,0),(169,'playerVirtual8','playerVirtual8_4820204870',0,'2018-03-01 15:45:30',NULL,0),(170,'playerVirtual8','playerVirtual8_4820204870',0,'2018-03-01 15:45:31',NULL,0),(171,'playerVirtual2','playerVirtual2_38676294',0,'2018-03-01 15:45:56',NULL,0),(172,'playerVirtual2','playerVirtual2_38676294',0,'2018-03-01 15:45:56',NULL,0),(173,'playerVirtual10','playerVirtual10_c13ff313ef',4,'2018-03-01 15:46:20',NULL,0),(174,'playerVirtual6','playerVirtual6_d9f595097d',3,'2018-03-01 15:46:28',NULL,0),(175,'playerVirtual8','playerVirtual8_06b708aaec',4,'2018-03-01 15:46:31',NULL,0),(176,'playerVirtual2','playerVirtual2_b0fbebee8a',4,'2018-03-01 15:46:56',NULL,0),(177,'playerVirtual9','playerVirtual9_5623125514',0,'2018-03-01 15:47:09',NULL,0),(178,'playerVirtual9','playerVirtual9_5623125514',0,'2018-03-01 15:47:10',NULL,0),(179,'playerVirtual4','playerVirtual4_182859403',0,'2018-03-01 15:47:21',NULL,0),(180,'playerVirtual4','playerVirtual4_182859403',0,'2018-03-01 15:47:21',NULL,0),(181,'playerVirtual1033','playerVirtual1033_6274355716',0,'2018-03-01 15:47:21',NULL,0),(182,'playerVirtual9','playerVirtual9_af7a779695',3,'2018-03-01 15:48:10',NULL,0),(183,'playerVirtual7','playerVirtual7_990694203',0,'2018-03-01 15:48:18',NULL,0),(184,'playerVirtual4','playerVirtual4_5d84eb5cf1',3,'2018-03-01 15:48:21',NULL,0),(185,'playerVirtual1033','playerVirtual1033_bb3ba04a1f',3,'2018-03-01 15:48:22',NULL,0),(186,'playerVirtual5','playerVirtual5_990694203',0,'2018-03-01 15:48:40',NULL,0),(187,'playerVirtual5','playerVirtual5_990694203',0,'2018-03-01 15:48:40',NULL,0),(188,'playerVirtual7','playerVirtual7_aa4e0ab029',4,'2018-03-01 15:49:18',NULL,0),(189,'playerVirtual5','playerVirtual5_c2d68d42a2',3,'2018-03-01 15:49:40',NULL,0),(190,'playerVirtual3','playerVirtual3_4820204870',1,'2018-03-01 15:50:38',NULL,0),(191,'playerVirtual3','playerVirtual3_c4d1679885',4,'2018-03-01 15:50:39',NULL,0),(192,'playerVirtual3','playerVirtual3_4820204870',1,'2018-03-01 15:50:39',NULL,0),(193,'playerVirtual6','playerVirtual6_6280643141',0,'2018-03-01 15:51:13',NULL,0),(194,'playerVirtual6','playerVirtual6_6280643141',0,'2018-03-01 15:51:13',NULL,0),(195,'playerVirtual11','playerVirtual11_2400fd02c0',4,'2018-03-01 15:51:24',NULL,0),(196,'playerVirtual9','playerVirtual9_6282149131',0,'2018-03-01 15:51:27',NULL,0),(197,'playerVirtual9','playerVirtual9_6282149131',0,'2018-03-01 15:51:27',NULL,0),(198,'playerVirtual4','playerVirtual4_182859403',1,'2018-03-01 15:51:49',NULL,0),(199,'playerVirtual4','playerVirtual4_e8e6d8bf8c',4,'2018-03-01 15:51:50',NULL,0),(200,'playerVirtual4','playerVirtual4_182859403',1,'2018-03-01 15:51:50',NULL,0),(201,'playerVirtual2','playerVirtual2_272887063',0,'2018-03-01 15:52:02',NULL,0),(202,'playerVirtual2','playerVirtual2_272887063',0,'2018-03-01 15:52:03',NULL,0),(203,'playerVirtual6','playerVirtual6_b65f71ffc9',4,'2018-03-01 15:52:13',NULL,0),(204,'playerVirtual9','playerVirtual9_fdd2e48f26',4,'2018-03-01 15:52:27',NULL,0),(205,'playerVirtual8','playerVirtual8_4476462938',0,'2018-03-01 15:52:43',NULL,0),(206,'playerVirtual8','playerVirtual8_4476462938',0,'2018-03-01 15:52:43',NULL,0),(207,'playerVirtual5','playerVirtual5_990694203',1,'2018-03-01 15:52:44',NULL,0),(208,'playerVirtual5','playerVirtual5_ce96b705fa',4,'2018-03-01 15:52:44',NULL,0),(209,'playerVirtual5','playerVirtual5_990694203',1,'2018-03-01 15:52:44',NULL,0),(210,'playerVirtual2','playerVirtual2_19caa6c181',3,'2018-03-01 15:53:02',NULL,0),(211,'playerVirtual1181','playerVirtual1181_e85c3a5cfc',4,'2018-03-01 15:53:36',NULL,0),(212,'playerVirtual8','playerVirtual8_fdbd7e4645',3,'2018-03-01 15:53:43',NULL,0),(213,'playerVirtual10','playerVirtual10_6280638724',0,'2018-03-01 15:54:05',NULL,0),(214,'playerVirtual10','playerVirtual10_6280638724',0,'2018-03-01 15:54:09',NULL,0),(215,'playerVirtual7','playerVirtual7_b900433a61',3,'2018-03-01 15:54:18',NULL,0),(216,'playerVirtual3','playerVirtual3_272887063',1,'2018-03-01 15:54:25',NULL,0),(217,'playerVirtual3','playerVirtual3_98be6ac474',3,'2018-03-01 15:54:25',NULL,0),(218,'playerVirtual3','playerVirtual3_272887063',1,'2018-03-01 15:54:25',NULL,0),(219,'playerVirtual10','playerVirtual10_c31ae7bb8f',3,'2018-03-01 15:55:04',NULL,0),(220,'playerVirtual12','playerVirtual12_184ab80798',4,'2018-03-01 15:56:20',NULL,0),(221,'playerVirtual6','playerVirtual6_214880781',0,'2018-03-01 15:56:54',NULL,0),(222,'playerVirtual6','playerVirtual6_214880781',0,'2018-03-01 15:56:55',NULL,0),(223,'playerVirtual8','playerVirtual8_6285257156',0,'2018-03-01 15:57:22',NULL,0),(224,'playerVirtual8','playerVirtual8_6285257156',0,'2018-03-01 15:57:23',NULL,0),(225,'playerVirtual2','playerVirtual2_182859403',0,'2018-03-01 15:57:39',NULL,0),(226,'playerVirtual2','playerVirtual2_182859403',0,'2018-03-01 15:57:40',NULL,0),(227,'playerVirtual4','playerVirtual4_682797',0,'2018-03-01 15:57:44',NULL,0),(228,'playerVirtual4','playerVirtual4_682797',0,'2018-03-01 15:57:44',NULL,0),(229,'playerVirtual6','playerVirtual6_ecbd3eeb77',3,'2018-03-01 15:57:54',NULL,0),(230,'playerVirtual10','playerVirtual10_1438244924',0,'2018-03-01 15:57:58',NULL,0),(231,'playerVirtual10','playerVirtual10_1438244924',0,'2018-03-01 15:57:58',NULL,0),(232,'playerVirtual8','playerVirtual8_e73df12b77',4,'2018-03-01 15:58:22',NULL,0),(233,'playerVirtual9','playerVirtual9_1094955',0,'2018-03-01 15:58:37',NULL,0),(234,'playerVirtual9','playerVirtual9_1094955',0,'2018-03-01 15:58:37',NULL,0),(235,'playerVirtual2','playerVirtual2_7898db6ce9',4,'2018-03-01 15:58:40',NULL,0),(236,'playerVirtual4','playerVirtual4_0c181f4be0',3,'2018-03-01 15:58:44',NULL,0),(237,'playerVirtual10','playerVirtual10_ef95514018',4,'2018-03-01 15:58:58',NULL,0),(238,'playerVirtual5','playerVirtual5_16914091',0,'2018-03-01 15:59:10',NULL,0),(239,'playerVirtual5','playerVirtual5_16914091',0,'2018-03-01 15:59:10',NULL,0),(240,'playerVirtual7','playerVirtual7_6955737',0,'2018-03-01 15:59:37',NULL,0),(241,'playerVirtual9','playerVirtual9_ae50125a8b',3,'2018-03-01 15:59:37',NULL,0),(242,'playerVirtual11','playerVirtual11_1436323714',0,'2018-03-01 15:59:38',NULL,0),(243,'playerVirtual11','playerVirtual11_1436323714',0,'2018-03-01 15:59:39',NULL,0),(244,'playerVirtual5','playerVirtual5_8320501b94',3,'2018-03-01 16:00:10',NULL,0),(245,'playerVirtual7','playerVirtual7_08d5ad6e50',4,'2018-03-01 16:00:37',NULL,0),(246,'playerVirtual11','playerVirtual11_188e32bc56',3,'2018-03-01 16:00:38',NULL,0),(247,'playerVirtual3','playerVirtual3_6955737',0,'2018-03-01 16:01:09',NULL,0),(248,'playerVirtual3','playerVirtual3_6955737',0,'2018-03-01 16:01:10',NULL,0),(249,'playerVirtual13','playerVirtual13_60b45a612b',4,'2018-03-01 16:01:25',NULL,0),(250,'playerVirtual3','playerVirtual3_a01fb59a8b',4,'2018-03-01 16:02:10',NULL,0),(251,'playerVirtual6','playerVirtual6_2381571381',0,'2018-03-01 16:04:01',NULL,0),(252,'playerVirtual6','playerVirtual6_2381571381',0,'2018-03-01 16:04:02',NULL,0),(253,'playerVirtual11','playerVirtual11_1436344784',0,'2018-03-01 16:04:11',NULL,0),(254,'playerVirtual11','playerVirtual11_1436344784',0,'2018-03-01 16:04:11',NULL,0),(255,'playerVirtual4','playerVirtual4_6289355687',0,'2018-03-01 16:04:13',NULL,0),(256,'playerVirtual4','playerVirtual4_6289355687',0,'2018-03-01 16:04:13',NULL,0),(257,'playerVirtual2','playerVirtual2_fd05cbcb1e',3,'2018-03-01 16:04:20',NULL,0),(258,'playerVirtual1699','playerVirtual1699_a141eeaccc',4,'2018-03-01 16:04:33',NULL,0),(259,'playerVirtual9','playerVirtual9_1438244924',0,'2018-03-01 16:04:55',NULL,0),(260,'playerVirtual9','playerVirtual9_1438244924',0,'2018-03-01 16:04:56',NULL,0),(261,'playerVirtual6','playerVirtual6_2d6d3b4392',4,'2018-03-01 16:05:01',NULL,0),(262,'playerVirtual11','playerVirtual11_264bba79a7',4,'2018-03-01 16:05:11',NULL,0),(263,'playerVirtual4','playerVirtual4_7c18c41463',4,'2018-03-01 16:05:13',NULL,0),(264,'playerVirtual5','playerVirtual5_6289704471',0,'2018-03-01 16:05:15',NULL,0),(265,'playerVirtual5','playerVirtual5_6289704471',0,'2018-03-01 16:05:16',NULL,0),(266,'playerVirtual8','playerVirtual8_2378747961',0,'2018-03-01 16:05:36',NULL,0),(267,'playerVirtual8','playerVirtual8_2378747961',0,'2018-03-01 16:05:39',NULL,0),(268,'playerVirtual7','playerVirtual7_b88045cb69',3,'2018-03-01 16:05:39',NULL,0),(269,'playerVirtual9','playerVirtual9_edc713baf6',4,'2018-03-01 16:05:55',NULL,0),(270,'playerVirtual12','playerVirtual12_3338579772',0,'2018-03-01 16:05:59',NULL,0),(271,'playerVirtual12','playerVirtual12_3338579772',0,'2018-03-01 16:06:00',NULL,0),(272,'playerVirtual3','playerVirtual3_3338579772',1,'2018-03-01 16:06:04',NULL,0),(273,'playerVirtual3','playerVirtual3_b75dcbcd4a',3,'2018-03-01 16:06:04',NULL,0),(274,'playerVirtual3','playerVirtual3_3338579772',1,'2018-03-01 16:06:05',NULL,0),(275,'playerVirtual5','playerVirtual5_93cc5e8773',4,'2018-03-01 16:06:15',NULL,0),(276,'playerVirtual14','playerVirtual14_7b4f65e7a0',4,'2018-03-01 16:06:27',NULL,0),(277,'playerVirtual8','playerVirtual8_4537c28512',3,'2018-03-01 16:06:33',NULL,0),(278,'playerVirtual12','playerVirtual12_157658b8ce',3,'2018-03-01 16:06:59',NULL,0),(279,'playerVirtual10','playerVirtual10_4fe35dd56f',3,'2018-03-01 16:07:32',NULL,0),(280,'playerVirtual2','playerVirtual2_1438244924',1,'2018-03-01 16:09:17',NULL,0),(281,'playerVirtual2','playerVirtual2_aca173876a',4,'2018-03-01 16:09:18',NULL,0),(282,'playerVirtual2','playerVirtual2_1438244924',1,'2018-03-01 16:09:18',NULL,0),(283,'playerVirtual15','playerVirtual15_58eb2fd710',4,'2018-03-01 16:11:28',NULL,0),(284,'playerVirtual8','playerVirtual8_2378747961',1,'2018-03-01 16:11:41',NULL,0),(285,'playerVirtual8','playerVirtual8_d01bced56a',4,'2018-03-01 16:11:41',NULL,0),(286,'playerVirtual8','playerVirtual8_2378747961',1,'2018-03-01 16:11:42',NULL,0),(287,'playerVirtual13','playerVirtual13_794070039',0,'2018-03-01 16:12:19',NULL,0),(288,'playerVirtual13','playerVirtual13_794070039',0,'2018-03-01 16:12:19',NULL,0),(289,'playerVirtual6','playerVirtual6_6296268057',0,'2018-03-01 16:12:49',NULL,0),(290,'playerVirtual6','playerVirtual6_6296268057',0,'2018-03-01 16:12:49',NULL,0),(291,'playerVirtual13','playerVirtual13_f472d562fa',3,'2018-03-01 16:13:19',NULL,0),(292,'playerVirtual6','playerVirtual6_2f64fa4c37',3,'2018-03-01 16:13:49',NULL,0),(293,'playerVirtual3','playerVirtual3_1095593',1,'2018-03-01 16:14:19',NULL,0),(294,'playerVirtual3','playerVirtual3_bbcdf0831b',4,'2018-03-01 16:14:19',NULL,0),(295,'playerVirtual3','playerVirtual3_1095593',1,'2018-03-01 16:14:20',NULL,0),(296,'playerVirtual4','playerVirtual4_182859403',0,'2018-03-01 16:14:54',NULL,0),(297,'playerVirtual4','playerVirtual4_7a3ba9226a',3,'2018-03-01 16:14:54',NULL,0),(298,'playerVirtual4','playerVirtual4_182859403',0,'2018-03-01 16:14:55',NULL,0),(299,'playerVirtual2','playerVirtual2_69a1f4aefe',3,'2018-03-01 16:15:08',NULL,0),(300,'playerVirtual12','playerVirtual12_6289704471',0,'2018-03-01 16:15:26',NULL,0),(301,'playerVirtual12','playerVirtual12_6289704471',0,'2018-03-01 16:15:27',NULL,0),(302,'playerVirtual11','playerVirtual11_6296865278',0,'2018-03-01 16:15:44',NULL,0),(303,'playerVirtual11','playerVirtual11_6296865278',0,'2018-03-01 16:15:44',NULL,0),(304,'playerVirtual16','playerVirtual16_6d2f7477e3',4,'2018-03-01 16:16:24',NULL,0),(305,'playerVirtual7','playerVirtual7_6264344062',0,'2018-03-01 16:16:25',NULL,0),(306,'playerVirtual12','playerVirtual12_bacca689cd',4,'2018-03-01 16:16:27',NULL,0),(307,'playerVirtual9','playerVirtual9_990694203',0,'2018-03-01 16:16:36',NULL,0),(308,'playerVirtual9','playerVirtual9_990694203',0,'2018-03-01 16:16:36',NULL,0),(309,'playerVirtual11','playerVirtual11_58deeeb366',3,'2018-03-01 16:16:44',NULL,0),(310,'playerVirtual10','playerVirtual10_1095593',0,'2018-03-01 16:17:13',NULL,0),(311,'playerVirtual10','playerVirtual10_1095593',0,'2018-03-01 16:17:13',NULL,0),(312,'playerVirtual7','playerVirtual7_f7f4ea5b07',4,'2018-03-01 16:17:25',NULL,0),(313,'playerVirtual5','playerVirtual5_6301942525',0,'2018-03-01 16:17:30',NULL,0),(314,'playerVirtual5','playerVirtual5_6301942525',0,'2018-03-01 16:17:30',NULL,0),(315,'playerVirtual9','playerVirtual9_5ae0946c12',3,'2018-03-01 16:17:36',NULL,0),(316,'playerVirtual1030','playerVirtual1030_9e7ea455b8',4,'2018-03-01 16:18:10',NULL,0),(317,'playerVirtual10','playerVirtual10_7aae9f4251',4,'2018-03-01 16:18:14',NULL,0),(318,'playerVirtual5','playerVirtual5_764bb612db',3,'2018-03-01 16:18:30',NULL,0),(319,'playerVirtual4','playerVirtual4_182859403',1,'2018-03-01 16:20:24',NULL,0),(320,'playerVirtual4','playerVirtual4_d9bd457dd0',4,'2018-03-01 16:20:24',NULL,0),(321,'playerVirtual4','playerVirtual4_182859403',1,'2018-03-01 16:20:24',NULL,0),(322,'playerVirtual2','playerVirtual2_6264344062',1,'2018-03-01 16:20:58',NULL,0),(323,'playerVirtual2','playerVirtual2_9203562ae4',4,'2018-03-01 16:20:59',NULL,0),(324,'playerVirtual2','playerVirtual2_6264344062',1,'2018-03-01 16:20:59',NULL,0),(325,'playerVirtual13','playerVirtual13_908315',0,'2018-03-01 16:21:20',NULL,0),(326,'playerVirtual13','playerVirtual13_908315',0,'2018-03-01 16:21:26',NULL,0),(327,'playerVirtual17','playerVirtual17_8554be33c6',4,'2018-03-01 16:21:27',NULL,0),(328,'playerVirtual13','playerVirtual13_43e18d8888',4,'2018-03-01 16:22:19',NULL,0),(329,'playerVirtual14','playerVirtual14_5297461910',0,'2018-03-01 16:22:32',NULL,0),(330,'playerVirtual14','playerVirtual14_5297461910',0,'2018-03-01 16:22:32',NULL,0),(331,'playerVirtual9','playerVirtual9_990694203',1,'2018-03-01 16:22:54',NULL,0),(332,'playerVirtual9','playerVirtual9_9569b0441c',4,'2018-03-01 16:22:54',NULL,0),(333,'playerVirtual9','playerVirtual9_990694203',1,'2018-03-01 16:22:55',NULL,0),(334,'playerVirtual14','playerVirtual14_0e3bc8b9c1',3,'2018-03-01 16:23:32',NULL,0),(335,'playerVirtual7','playerVirtual7_26f61b510d',3,'2018-03-01 16:24:13',NULL,0),(336,'playerVirtual5','playerVirtual5_6289704471',1,'2018-03-01 16:24:38',NULL,0),(337,'playerVirtual5','playerVirtual5_b450d30a0b',4,'2018-03-01 16:24:38',NULL,0),(338,'playerVirtual5','playerVirtual5_6289704471',1,'2018-03-01 16:24:38',NULL,0),(339,'playerVirtual6','playerVirtual6_539194189',0,'2018-03-01 16:25:01',NULL,0),(340,'playerVirtual6','playerVirtual6_539194189',0,'2018-03-01 16:25:02',NULL,0),(341,'playerVirtual8','playerVirtual8_182859403',0,'2018-03-01 16:25:25',NULL,0),(342,'playerVirtual8','playerVirtual8_182859403',0,'2018-03-01 16:25:25',NULL,0),(343,'playerVirtual6','playerVirtual6_6b1170075c',4,'2018-03-01 16:26:02',NULL,0),(344,'playerVirtual18','playerVirtual18_863188d1d1',4,'2018-03-01 16:26:20',NULL,0),(345,'playerVirtual8','playerVirtual8_d3b8f925f5',3,'2018-03-01 16:26:25',NULL,0),(346,'playerVirtual3','playerVirtual3_4246147567',0,'2018-03-01 16:26:36',NULL,0),(347,'playerVirtual3','playerVirtual3_4246147567',0,'2018-03-01 16:26:41',NULL,0),(348,'playerVirtual2','playerVirtual2_1436344784',1,'2018-03-01 16:26:55',NULL,0),(349,'playerVirtual2','playerVirtual2_c922bf1608',3,'2018-03-01 16:26:55',NULL,0),(350,'playerVirtual2','playerVirtual2_1436344784',1,'2018-03-01 16:26:55',NULL,0),(351,'playerVirtual10','playerVirtual10_1095593',1,'2018-03-01 16:26:58',NULL,0),(352,'playerVirtual10','playerVirtual10_a8495fae92',3,'2018-03-01 16:26:58',NULL,0),(353,'playerVirtual10','playerVirtual10_1095593',1,'2018-03-01 16:26:58',NULL,0),(354,'playerVirtual11','playerVirtual11_4246147567',0,'2018-03-01 16:27:06',NULL,0),(355,'playerVirtual11','playerVirtual11_4246147567',0,'2018-03-01 16:27:07',NULL,0),(356,'playerVirtual12','playerVirtual12_6289704471',1,'2018-03-01 16:27:10',NULL,0),(357,'playerVirtual12','playerVirtual12_e612f14542',3,'2018-03-01 16:27:10',NULL,0),(358,'playerVirtual12','playerVirtual12_6289704471',1,'2018-03-01 16:27:11',NULL,0),(359,'playerVirtual3','playerVirtual3_a74be1e290',3,'2018-03-01 16:27:35',NULL,0),(360,'playerVirtual11','playerVirtual11_83d4409455',4,'2018-03-01 16:28:07',NULL,0),(361,'playerVirtual15','playerVirtual15_6274355716',0,'2018-03-01 16:29:14',NULL,0),(362,'playerVirtual15','playerVirtual15_6274355716',0,'2018-03-01 16:29:15',NULL,0),(363,'playerVirtual14','playerVirtual14_2378747961',0,'2018-03-01 16:29:24',NULL,0),(364,'playerVirtual14','playerVirtual14_2378747961',0,'2018-03-01 16:29:24',NULL,0),(365,'playerVirtual15','playerVirtual15_24064f8f4d',3,'2018-03-01 16:30:14',NULL,0),(366,'playerVirtual14','playerVirtual14_51b429b84e',4,'2018-03-01 16:30:24',NULL,0),(367,'playerVirtual19','playerVirtual19_2e720e137c',4,'2018-03-01 16:31:23',NULL,0),(368,'playerVirtual8','playerVirtual8_990694203',0,'2018-03-01 16:35:07',NULL,0),(369,'playerVirtual8','playerVirtual8_990694203',0,'2018-03-01 16:35:09',NULL,0),(370,'playerVirtual15','playerVirtual15_4246147567',0,'2018-03-01 16:35:21',NULL,0),(371,'playerVirtual15','playerVirtual15_4246147567',0,'2018-03-01 16:35:21',NULL,0),(372,'playerVirtual3','playerVirtual3_4246147567',1,'2018-03-01 16:35:50',NULL,0),(373,'playerVirtual3','playerVirtual3_c758d7fe3b',4,'2018-03-01 16:35:50',NULL,0),(374,'playerVirtual3','playerVirtual3_4246147567',1,'2018-03-01 16:35:50',NULL,0),(375,'playerVirtual13','playerVirtual13_4246147567',0,'2018-03-01 16:35:53',NULL,0),(376,'playerVirtual13','playerVirtual13_4246147567',0,'2018-03-01 16:35:54',NULL,0),(377,'playerVirtual8','playerVirtual8_4d1a1ff898',4,'2018-03-01 16:36:05',NULL,0),(378,'playerVirtual2','playerVirtual2_182859403',1,'2018-03-01 16:36:11',NULL,0),(379,'playerVirtual2','playerVirtual2_5a367b6a0e',4,'2018-03-01 16:36:11',NULL,0),(380,'playerVirtual2','playerVirtual2_182859403',1,'2018-03-01 16:36:14',NULL,0),(381,'playerVirtual4','playerVirtual4_4246147567',0,'2018-03-01 16:36:14',NULL,0),(382,'playerVirtual16','playerVirtual16_6289704471',0,'2018-03-01 16:36:15',NULL,0),(383,'playerVirtual4','playerVirtual4_4246147567',0,'2018-03-01 16:36:15',NULL,0),(384,'playerVirtual16','playerVirtual16_6289704471',0,'2018-03-01 16:36:16',NULL,0),(385,'playerVirtual15','playerVirtual15_2b95fca4e7',4,'2018-03-01 16:36:21',NULL,0),(386,'playerVirtual5','playerVirtual5_44408e6714',3,'2018-03-01 16:36:36',NULL,0),(387,'playerVirtual6','playerVirtual6_5068098508',0,'2018-03-01 16:36:48',NULL,0),(388,'playerVirtual6','playerVirtual6_5068098508',0,'2018-03-01 16:36:48',NULL,0),(389,'playerVirtual13','playerVirtual13_a499735b56',3,'2018-03-01 16:36:53',NULL,0),(390,'playerVirtual4','playerVirtual4_c00bde41a1',3,'2018-03-01 16:37:16',NULL,0),(391,'playerVirtual16','playerVirtual16_0684389b44',3,'2018-03-01 16:37:17',NULL,0),(392,'playerVirtual6','playerVirtual6_c0081c6a05',3,'2018-03-01 16:37:48',NULL,0),(393,'playerVirtual11','playerVirtual11_4246147567',1,'2018-03-01 16:38:39',NULL,0),(394,'playerVirtual11','playerVirtual11_1f37bfae31',3,'2018-03-01 16:38:39',NULL,0),(395,'playerVirtual11','playerVirtual11_4246147567',1,'2018-03-01 16:38:39',NULL,0),(396,'playerVirtual12','playerVirtual12_4246147567',0,'2018-03-01 16:39:04',NULL,0),(397,'playerVirtual12','playerVirtual12_4246147567',0,'2018-03-01 16:39:05',NULL,0),(398,'playerVirtual7','playerVirtual7_6316827871',0,'2018-03-01 16:39:23',NULL,0),(399,'playerVirtual9','playerVirtual9_4246147567',0,'2018-03-01 16:39:25',NULL,0),(400,'playerVirtual9','playerVirtual9_4246147567',0,'2018-03-01 16:39:25',NULL,0),(401,'playerVirtual12','playerVirtual12_b1ab778f5a',4,'2018-03-01 16:40:05',NULL,0),(402,'playerVirtual7','playerVirtual7_425627ab9e',4,'2018-03-01 16:40:24',NULL,0),(403,'playerVirtual1828','playerVirtual1828_7018b66635',4,'2018-03-01 16:40:26',NULL,0),(404,'playerVirtual9','playerVirtual9_64753ed8f3',3,'2018-03-01 16:40:27',NULL,0),(405,'playerVirtual10','playerVirtual10_4246147567',0,'2018-03-01 16:40:35',NULL,0),(406,'playerVirtual10','playerVirtual10_4246147567',0,'2018-03-01 16:40:36',NULL,0),(407,'playerVirtual16','playerVirtual16_4246147567',0,'2018-03-01 16:40:59',NULL,0),(408,'playerVirtual16','playerVirtual16_4246147567',0,'2018-03-01 16:41:00',NULL,0),(409,'playerVirtual10','playerVirtual10_d6fb851389',4,'2018-03-01 16:41:36',NULL,0),(410,'playerVirtual17','playerVirtual17_6315250734',0,'2018-03-01 16:41:51',NULL,0),(411,'playerVirtual16','playerVirtual16_f173d75be0',4,'2018-03-01 16:41:59',NULL,0),(412,'playerVirtual4','playerVirtual4_4246147567',1,'2018-03-01 16:42:43',NULL,0),(413,'playerVirtual4','playerVirtual4_312afc4b61',4,'2018-03-01 16:42:43',NULL,0),(414,'playerVirtual4','playerVirtual4_4246147567',1,'2018-03-01 16:42:43',NULL,0),(415,'playerVirtual17','playerVirtual17_88062a5797',3,'2018-03-01 16:42:51',NULL,0),(416,'playerVirtual13','playerVirtual13_4246147567',1,'2018-03-01 16:44:53',NULL,0),(417,'playerVirtual13','playerVirtual13_8b15bb8741',4,'2018-03-01 16:44:53',NULL,0),(418,'playerVirtual13','playerVirtual13_4246147567',1,'2018-03-01 16:44:53',NULL,0),(419,'playerVirtual2','playerVirtual2_6c8598f6ed',3,'2018-03-01 16:45:37',NULL,0),(420,'playerVirtual9','playerVirtual9_4246147567',1,'2018-03-01 16:45:45',NULL,0),(421,'playerVirtual9','playerVirtual9_9d32e45a4f',4,'2018-03-01 16:45:45',NULL,0),(422,'playerVirtual9','playerVirtual9_4246147567',1,'2018-03-01 16:45:47',NULL,0),(423,'playerVirtual17','playerVirtual17_4246147567',0,'2018-03-01 16:46:53',NULL,0),(424,'playerVirtual18','playerVirtual18_4246147567',0,'2018-03-01 16:47:21',NULL,0),(425,'playerVirtual18','playerVirtual18_4246147567',0,'2018-03-01 16:47:22',NULL,0),(426,'playerVirtual14','playerVirtual14_4246147567',0,'2018-03-01 16:47:39',NULL,0),(427,'playerVirtual14','playerVirtual14_4246147567',0,'2018-03-01 16:47:40',NULL,0),(428,'playerVirtual17','playerVirtual17_7355946d96',4,'2018-03-01 16:47:53',NULL,0),(429,'playerVirtual5','playerVirtual5_6322213339',0,'2018-03-01 16:48:07',NULL,0),(430,'playerVirtual5','playerVirtual5_6322213339',0,'2018-03-01 16:48:07',NULL,0),(431,'playerVirtual18','playerVirtual18_397d00bb2b',3,'2018-03-01 16:48:21',NULL,0),(432,'playerVirtual14','playerVirtual14_e33274c9a1',3,'2018-03-01 16:48:39',NULL,0),(433,'playerVirtual5','playerVirtual5_faadfeb9bc',4,'2018-03-01 16:49:07',NULL,0),(434,'playerVirtual7','playerVirtual7_4246147567',0,'2018-03-01 16:49:14',NULL,0),(435,'playerVirtual18','playerVirtual18_4246147567',1,'2018-03-01 16:49:23',NULL,0),(436,'playerVirtual18','playerVirtual18_7950cbcbd2',4,'2018-03-01 16:49:23',NULL,0),(437,'playerVirtual18','playerVirtual18_4246147567',1,'2018-03-01 16:49:23',NULL,0),(438,'playerVirtual8','playerVirtual8_990694203',1,'2018-03-01 16:49:49',NULL,0),(439,'playerVirtual8','playerVirtual8_a881a71f01',3,'2018-03-01 16:49:49',NULL,0),(440,'playerVirtual8','playerVirtual8_990694203',1,'2018-03-01 16:49:50',NULL,0),(441,'playerVirtual7','playerVirtual7_3f07547630',3,'2018-03-01 16:50:15',NULL,0),(442,'playerVirtual10','playerVirtual10_c4d6957fad',3,'2018-03-01 16:50:23',NULL,0),(443,'playerVirtual6','playerVirtual6_359920779',0,'2018-03-01 16:50:43',NULL,0),(444,'playerVirtual6','playerVirtual6_359920779',0,'2018-03-01 16:50:44',NULL,0),(445,'playerVirtual12','playerVirtual12_4246147567',1,'2018-03-01 16:50:48',NULL,0),(446,'playerVirtual12','playerVirtual12_de87725b2f',3,'2018-03-01 16:50:48',NULL,0),(447,'playerVirtual12','playerVirtual12_4246147567',1,'2018-03-01 16:50:48',NULL,0),(448,'playerVirtual3','playerVirtual3_1095593',0,'2018-03-01 16:51:04',NULL,0),(449,'playerVirtual3','playerVirtual3_41ea39104a',3,'2018-03-01 16:51:04',NULL,0),(450,'playerVirtual3','playerVirtual3_1095593',0,'2018-03-01 16:51:04',NULL,0),(451,'playerVirtual6','playerVirtual6_8562e79f13',4,'2018-03-01 16:51:44',NULL,0),(452,'playerVirtual11','playerVirtual11_4246147567',0,'2018-03-01 16:51:55',NULL,0),(453,'playerVirtual11','playerVirtual11_1d8eb0b4df',4,'2018-03-01 16:51:55',NULL,0),(454,'playerVirtual11','playerVirtual11_4246147567',0,'2018-03-01 16:51:55',NULL,0),(455,'playerVirtual19','playerVirtual19_4246147567',0,'2018-03-01 16:53:42',NULL,0),(456,'playerVirtual19','playerVirtual19_4246147567',0,'2018-03-01 16:53:42',NULL,0),(457,'playerVirtual15','playerVirtual15_4246147567',1,'2018-03-01 16:54:08',NULL,0),(458,'playerVirtual15','playerVirtual15_2b2cfc2695',3,'2018-03-01 16:54:10',NULL,0),(459,'playerVirtual15','playerVirtual15_4246147567',1,'2018-03-01 16:54:13',NULL,0),(460,'playerVirtual14','playerVirtual14_4246147567',1,'2018-03-01 16:54:31',NULL,0),(461,'playerVirtual14','playerVirtual14_c9d4709c1e',4,'2018-03-01 16:54:31',NULL,0),(462,'playerVirtual14','playerVirtual14_4246147567',1,'2018-03-01 16:54:31',NULL,0),(463,'playerVirtual19','playerVirtual19_cf5a11ad3e',3,'2018-03-01 16:54:42',NULL,0),(464,'playerVirtual19','playerVirtual19_6583ae1043',4,'2018-03-01 16:55:44',NULL,0),(465,'playerVirtual4','playerVirtual4_359920779',1,'2018-03-01 17:00:14',NULL,0),(466,'playerVirtual4','playerVirtual4_e531abaf5d',3,'2018-03-01 17:00:14',NULL,0),(467,'playerVirtual4','playerVirtual4_359920779',1,'2018-03-01 17:00:15',NULL,0),(468,'playerVirtual2','playerVirtual2_4246147567',0,'2018-03-01 17:01:01',NULL,0),(469,'playerVirtual2','playerVirtual2_4246147567',0,'2018-03-01 17:01:01',NULL,0),(470,'playerVirtual13','playerVirtual13_4246147567',0,'2018-03-01 17:01:36',NULL,0),(471,'playerVirtual13','playerVirtual13_68f4be8bd1',3,'2018-03-01 17:01:36',NULL,0),(472,'playerVirtual13','playerVirtual13_4246147567',0,'2018-03-01 17:01:40',NULL,0),(473,'playerVirtual8','playerVirtual8_4246147567',0,'2018-03-01 17:01:49',NULL,0),(474,'playerVirtual16','playerVirtual16_4246147567',1,'2018-03-01 17:01:49',NULL,0),(475,'playerVirtual16','playerVirtual16_2d4e84a01e',3,'2018-03-01 17:01:49',NULL,0),(476,'playerVirtual8','playerVirtual8_4246147567',0,'2018-03-01 17:01:49',NULL,0),(477,'playerVirtual16','playerVirtual16_4246147567',1,'2018-03-01 17:01:50',NULL,0),(478,'playerVirtual2','playerVirtual2_4581080ddd',4,'2018-03-01 17:02:01',NULL,0),(479,'playerVirtual3','playerVirtual3_4246147567',0,'2018-03-01 17:02:15',NULL,0),(480,'playerVirtual3','playerVirtual3_8d2858eb67',4,'2018-03-01 17:02:15',NULL,0),(481,'playerVirtual3','playerVirtual3_4246147567',0,'2018-03-01 17:02:15',NULL,0),(482,'playerVirtual11','playerVirtual11_4246147567',1,'2018-03-01 17:02:27',NULL,0),(483,'playerVirtual11','playerVirtual11_84ed2de897',3,'2018-03-01 17:02:27',NULL,0),(484,'playerVirtual11','playerVirtual11_4246147567',1,'2018-03-01 17:02:28',NULL,0),(485,'playerVirtual8','playerVirtual8_b502c85f32',4,'2018-03-01 17:02:49',NULL,0),(486,'playerVirtual15','playerVirtual15_4246147567',0,'2018-03-01 17:03:00',NULL,0),(487,'playerVirtual15','playerVirtual15_b7244c2451',4,'2018-03-01 17:03:00',NULL,0),(488,'playerVirtual15','playerVirtual15_4246147567',0,'2018-03-01 17:03:01',NULL,0),(489,'playerVirtual5','playerVirtual5_4246147567',0,'2018-03-01 17:03:07',NULL,0),(490,'playerVirtual5','playerVirtual5_4246147567',0,'2018-03-01 17:03:08',NULL,0),(491,'playerVirtual6','playerVirtual6_5068098508',1,'2018-03-01 17:03:29',NULL,0),(492,'playerVirtual6','playerVirtual6_59cdb59ebc',3,'2018-03-01 17:03:29',NULL,0),(493,'playerVirtual6','playerVirtual6_5068098508',1,'2018-03-01 17:03:29',NULL,0),(494,'playerVirtual5','playerVirtual5_8def74eac3',3,'2018-03-01 17:04:08',NULL,0),(495,'playerVirtual7','playerVirtual7_c22b91192c',4,'2018-03-01 17:05:22',NULL,0),(496,'playerVirtual9','playerVirtual9_4246147567',0,'2018-03-01 17:05:28',NULL,0),(497,'playerVirtual9','playerVirtual9_61e91ea918',3,'2018-03-01 17:05:29',NULL,0),(498,'playerVirtual9','playerVirtual9_4246147567',0,'2018-03-01 17:05:29',NULL,0),(499,'playerVirtual1478','playerVirtual1478_d033401c28',4,'2018-03-01 17:05:37',NULL,0),(500,'playerVirtual12','playerVirtual12_4246147567',0,'2018-03-01 17:06:16',NULL,0),(501,'playerVirtual12','playerVirtual12_bce609e105',4,'2018-03-01 17:06:16',NULL,0),(502,'playerVirtual12','playerVirtual12_4246147567',0,'2018-03-01 17:06:16',NULL,0),(503,'playerVirtual10','playerVirtual10_4246147567',0,'2018-03-01 17:07:34',NULL,0),(504,'playerVirtual10','playerVirtual10_00a85a7195',4,'2018-03-01 17:07:34',NULL,0),(505,'playerVirtual10','playerVirtual10_4246147567',0,'2018-03-01 17:07:34',NULL,0),(506,'playerVirtual17','playerVirtual17_348be72d62',3,'2018-03-01 17:08:19',NULL,0),(507,'playerVirtual13','playerVirtual13_4246147567',1,'2018-03-01 17:09:33',NULL,0),(508,'playerVirtual13','playerVirtual13_0e74bfc4f9',4,'2018-03-01 17:09:33',NULL,0),(509,'playerVirtual13','playerVirtual13_4246147567',1,'2018-03-01 17:09:33',NULL,0),(510,'playerVirtual16','playerVirtual16_6344084916',0,'2018-03-01 17:09:36',NULL,0),(511,'playerVirtual16','playerVirtual16_6344084916',0,'2018-03-01 17:09:36',NULL,0),(512,'playerVirtual4','playerVirtual4_4246147567',0,'2018-03-01 17:10:05',NULL,0),(513,'playerVirtual4','playerVirtual4_049abfdb83',4,'2018-03-01 17:10:06',NULL,0),(514,'playerVirtual4','playerVirtual4_4246147567',0,'2018-03-01 17:10:09',NULL,0),(515,'playerVirtual16','playerVirtual16_0c581dffaa',4,'2018-03-01 17:10:36',NULL,0),(516,'playerVirtual9','playerVirtual9_4246147567',1,'2018-03-01 17:10:47',NULL,0),(517,'playerVirtual9','playerVirtual9_e5184d0164',4,'2018-03-01 17:10:47',NULL,0),(518,'playerVirtual9','playerVirtual9_4246147567',1,'2018-03-01 17:10:47',NULL,0),(519,'playerVirtual2','playerVirtual2_4246147567',1,'2018-03-01 17:11:29',NULL,0),(520,'playerVirtual2','playerVirtual2_8f15debcdb',3,'2018-03-01 17:11:29',NULL,0),(521,'playerVirtual2','playerVirtual2_4246147567',1,'2018-03-01 17:11:29',NULL,0),(522,'playerVirtual18','playerVirtual18_6335261139',0,'2018-03-01 17:14:05',NULL,0),(523,'playerVirtual18','playerVirtual18_6335261139',0,'2018-03-01 17:14:06',NULL,0),(524,'playerVirtual18','playerVirtual18_35550a07b2',3,'2018-03-01 17:15:06',NULL,0),(525,'playerVirtual14','playerVirtual14_4246147567',0,'2018-03-01 17:15:32',NULL,0),(526,'playerVirtual14','playerVirtual14_694c190447',3,'2018-03-01 17:15:32',NULL,0),(527,'playerVirtual14','playerVirtual14_4246147567',0,'2018-03-01 17:15:33',NULL,0),(528,'playerVirtual5','playerVirtual5_4246147567',1,'2018-03-01 17:15:38',NULL,0),(529,'playerVirtual5','playerVirtual5_1835d10263',4,'2018-03-01 17:15:38',NULL,0),(530,'playerVirtual5','playerVirtual5_4246147567',1,'2018-03-01 17:15:38',NULL,0),(531,'playerVirtual17','playerVirtual17_4246147567',0,'2018-03-01 17:16:06',NULL,0),(532,'playerVirtual17','playerVirtual17_05e7faba95',4,'2018-03-01 17:16:06',NULL,0),(533,'playerVirtual10','playerVirtual10_6a23502bbf',3,'2018-03-01 17:16:21',NULL,0),(534,'playerVirtual8','playerVirtual8_4246147567',1,'2018-03-01 17:16:33',NULL,0),(535,'playerVirtual8','playerVirtual8_ecf209b3ff',3,'2018-03-01 17:16:33',NULL,0),(536,'playerVirtual8','playerVirtual8_4246147567',1,'2018-03-01 17:16:34',NULL,0),(537,'playerVirtual11','playerVirtual11_1436344784',1,'2018-03-01 17:16:39',NULL,0),(538,'playerVirtual11','playerVirtual11_46be33bcb4',4,'2018-03-01 17:16:39',NULL,0),(539,'playerVirtual11','playerVirtual11_1436344784',1,'2018-03-01 17:16:39',NULL,0),(540,'playerVirtual12','playerVirtual12_9515f1ed5f',3,'2018-03-01 17:16:59',NULL,0),(541,'playerVirtual3','playerVirtual3_4246147567',1,'2018-03-01 17:17:28',NULL,0),(542,'playerVirtual3','playerVirtual3_7578b183d2',3,'2018-03-01 17:17:29',NULL,0),(543,'playerVirtual3','playerVirtual3_4246147567',1,'2018-03-01 17:17:33',NULL,0),(544,'playerVirtual7','playerVirtual7_990694203',0,'2018-03-01 17:18:01',NULL,0),(545,'playerVirtual7','playerVirtual7_7b412d8a9b',3,'2018-03-01 17:18:02',NULL,0),(546,'playerVirtual18','playerVirtual18_6566788',0,'2018-03-01 17:19:28',NULL,0),(547,'playerVirtual18','playerVirtual18_6566788',0,'2018-03-01 17:19:28',NULL,0),(548,'playerVirtual6','playerVirtual6_4246147567',0,'2018-03-01 17:19:30',NULL,0),(549,'playerVirtual6','playerVirtual6_4246147567',0,'2018-03-01 17:19:31',NULL,0),(550,'playerVirtual18','playerVirtual18_087ebf5489',4,'2018-03-01 17:20:29',NULL,0),(551,'playerVirtual6','playerVirtual6_1d7afa15c9',4,'2018-03-01 17:20:31',NULL,0),(552,'playerVirtual15','playerVirtual15_4246147567',1,'2018-03-01 17:20:45',NULL,0),(553,'playerVirtual15','playerVirtual15_71862d1df5',3,'2018-03-01 17:20:46',NULL,0),(554,'playerVirtual15','playerVirtual15_4246147567',1,'2018-03-01 17:20:46',NULL,0),(555,'playerVirtual14','playerVirtual14_4246147567',1,'2018-03-01 17:21:24',NULL,0),(556,'playerVirtual14','playerVirtual14_7246bcac3d',4,'2018-03-01 17:21:24',NULL,0),(557,'playerVirtual14','playerVirtual14_4246147567',1,'2018-03-01 17:21:24',NULL,0),(558,'playerVirtual19','playerVirtual19_4246147567',0,'2018-03-01 17:21:49',NULL,0),(559,'playerVirtual19','playerVirtual19_91249f46e6',3,'2018-03-01 17:21:49',NULL,0),(560,'playerVirtual19','playerVirtual19_4246147567',0,'2018-03-01 17:21:50',NULL,0),(561,'playerVirtual19','playerVirtual19_8df6efcf9a',4,'2018-03-01 17:22:54',NULL,0),(562,'playerVirtual4','playerVirtual4_4246147567',1,'2018-03-01 17:27:33',NULL,0),(563,'playerVirtual4','playerVirtual4_ae165f2be9',3,'2018-03-01 17:27:33',NULL,0),(564,'playerVirtual4','playerVirtual4_4246147567',1,'2018-03-01 17:27:34',NULL,0),(565,'playerVirtual13','playerVirtual13_272887063',0,'2018-03-01 17:29:54',NULL,0),(566,'playerVirtual13','playerVirtual13_272887063',0,'2018-03-01 17:29:54',NULL,0),(567,'playerVirtual2','playerVirtual2_272887063',1,'2018-03-01 17:30:21',NULL,0),(568,'playerVirtual2','playerVirtual2_631c2df98c',4,'2018-03-01 17:30:21',NULL,0),(569,'playerVirtual2','playerVirtual2_272887063',1,'2018-03-01 17:30:21',NULL,0),(570,'playerVirtual13','playerVirtual13_5c5550067b',3,'2018-03-01 17:30:54',NULL,0),(571,'playerVirtual16','playerVirtual16_4246147567',0,'2018-03-01 17:31:16',NULL,0),(572,'playerVirtual16','playerVirtual16_3debeedbf7',3,'2018-03-01 17:31:17',NULL,0),(573,'playerVirtual16','playerVirtual16_4246147567',0,'2018-03-01 17:31:22',NULL,0),(574,'playerVirtual3','playerVirtual3_16917741',1,'2018-03-01 17:31:23',NULL,0),(575,'playerVirtual3','playerVirtual3_1b01a6763c',4,'2018-03-01 17:31:23',NULL,0),(576,'playerVirtual3','playerVirtual3_16917741',1,'2018-03-01 17:31:24',NULL,0),(577,'playerVirtual11','playerVirtual11_6566788',0,'2018-03-01 17:32:12',NULL,0),(578,'playerVirtual11','playerVirtual11_6566788',0,'2018-03-01 17:32:13',NULL,0),(579,'playerVirtual6','playerVirtual6_4246147567',1,'2018-03-01 17:32:16',NULL,0),(580,'playerVirtual6','playerVirtual6_cb5c2151a4',3,'2018-03-01 17:32:16',NULL,0),(581,'playerVirtual6','playerVirtual6_4246147567',1,'2018-03-01 17:32:16',NULL,0),(582,'playerVirtual8','playerVirtual8_4246147567',0,'2018-03-01 17:32:26',NULL,0),(583,'playerVirtual8','playerVirtual8_0e5f128ac0',4,'2018-03-01 17:32:27',NULL,0),(584,'playerVirtual8','playerVirtual8_4246147567',0,'2018-03-01 17:32:27',NULL,0),(585,'playerVirtual15','playerVirtual15_16917741',0,'2018-03-01 17:32:50',NULL,0),(586,'playerVirtual15','playerVirtual15_16917741',0,'2018-03-01 17:32:50',NULL,0),(587,'playerVirtual7','playerVirtual7_f94fec56d8',4,'2018-03-01 17:33:10',NULL,0),(588,'playerVirtual11','playerVirtual11_a3415acb9c',3,'2018-03-01 17:33:13',NULL,0),(589,'playerVirtual5','playerVirtual5_4246147567',0,'2018-03-01 17:33:13',NULL,0),(590,'playerVirtual5','playerVirtual5_6675894f1e',3,'2018-03-01 17:33:13',NULL,0),(591,'playerVirtual5','playerVirtual5_4246147567',0,'2018-03-01 17:33:13',NULL,0),(592,'playerVirtual15','playerVirtual15_2a151496ee',4,'2018-03-01 17:33:50',NULL,0),(593,'playerVirtual9','playerVirtual9_4246147567',0,'2018-03-01 17:34:22',NULL,0),(594,'playerVirtual9','playerVirtual9_45342e10f7',3,'2018-03-01 17:34:22',NULL,0),(595,'playerVirtual9','playerVirtual9_4246147567',0,'2018-03-01 17:34:22',NULL,0),(596,'playerVirtual1256','playerVirtual1256_fb30ffe9cd',4,'2018-03-01 17:34:45',NULL,0);
/*!40000 ALTER TABLE `REQUEST` ENABLE KEYS */;
UNLOCK TABLES;

--
-- Table structure for table `STATUS`
--

DROP TABLE IF EXISTS `STATUS`;
/*!40101 SET @saved_cs_client     = @@character_set_client */;
/*!40101 SET character_set_client = utf8 */;
CREATE TABLE `STATUS` (
  `id` int(11) NOT NULL AUTO_INCREMENT,
  `players` int(11) DEFAULT '0',
  `all_requests` int(11) DEFAULT '0',
  `accepts` int(11) DEFAULT '0',
  `rejects` int(11) DEFAULT '0',
  `fairness` float DEFAULT '0',
  `timestamp` timestamp NULL DEFAULT NULL,
  PRIMARY KEY (`id`)
) ENGINE=InnoDB AUTO_INCREMENT=32 DEFAULT CHARSET=utf8;
/*!40101 SET character_set_client = @saved_cs_client */;

--
-- Dumping data for table `STATUS`
--

LOCK TABLES `STATUS` WRITE;
/*!40000 ALTER TABLE `STATUS` DISABLE KEYS */;
INSERT INTO `STATUS` VALUES (1,0,0,0,0,0,'2018-03-01 15:05:12'),(2,2,4,3,1,0.75,'2018-03-01 15:10:12'),(3,3,10,8,2,0.8,'2018-03-01 15:15:12'),(4,5,16,11,5,0.6875,'2018-03-01 15:20:13'),(5,6,22,14,8,0.636364,'2018-03-01 15:25:13'),(6,8,27,18,9,0.666667,'2018-03-01 15:30:13'),(7,9,35,24,11,0.685714,'2018-03-01 15:35:13'),(8,10,40,29,11,0.725,'2018-03-01 15:40:13'),(9,12,46,34,12,0.73913,'2018-03-01 15:45:13'),(10,13,52,39,13,0.75,'2018-03-01 15:50:13'),(11,15,57,41,16,0.719298,'2018-03-01 15:55:13'),(12,16,65,48,17,0.738462,'2018-03-01 16:00:14'),(13,18,70,52,18,0.742857,'2018-03-01 16:05:14'),(14,19,73,55,18,0.753425,'2018-03-01 16:10:14'),(15,20,76,58,18,0.763158,'2018-03-01 16:15:14'),(16,22,81,63,18,0.777778,'2018-03-01 16:20:14'),(17,23,84,65,19,0.77381,'2018-03-01 16:25:14'),(18,24,89,70,19,0.786517,'2018-03-01 16:30:14'),(19,25,90,71,19,0.788889,'2018-03-01 16:35:14'),(20,26,97,78,19,0.804124,'2018-03-01 16:40:15'),(21,26,99,79,20,0.79798,'2018-03-01 16:45:15'),(22,26,102,81,21,0.794118,'2018-03-01 16:50:15'),(23,26,106,84,22,0.792453,'2018-03-01 16:55:15'),(24,26,106,84,22,0.792453,'2018-03-01 17:00:15'),(25,27,112,90,22,0.803571,'2018-03-01 17:05:15'),(26,27,117,94,23,0.803419,'2018-03-01 17:10:15'),(27,27,118,94,24,0.79661,'2018-03-01 17:15:16'),(28,27,121,97,24,0.801653,'2018-03-01 17:20:16'),(29,27,122,97,25,0.795082,'2018-03-01 17:25:16'),(30,27,123,98,25,0.796748,'2018-03-01 17:30:16'),(31,28,129,102,27,0.790698,'2018-03-01 17:35:16');
/*!40000 ALTER TABLE `STATUS` ENABLE KEYS */;
UNLOCK TABLES;

--
-- Table structure for table `THRESHOLD`
--

DROP TABLE IF EXISTS `THRESHOLD`;
/*!40101 SET @saved_cs_client     = @@character_set_client */;
/*!40101 SET character_set_client = utf8 */;
CREATE TABLE `THRESHOLD` (
  `division` int(11) NOT NULL,
  `botton` float DEFAULT '0',
  `top` float DEFAULT '0',
  PRIMARY KEY (`division`)
) ENGINE=InnoDB DEFAULT CHARSET=utf8;
/*!40101 SET character_set_client = @saved_cs_client */;

--
-- Dumping data for table `THRESHOLD`
--

LOCK TABLES `THRESHOLD` WRITE;
/*!40000 ALTER TABLE `THRESHOLD` DISABLE KEYS */;
INSERT INTO `THRESHOLD` VALUES (1,8.76,20),(2,4.38,8.76),(3,0,4.38);
/*!40000 ALTER TABLE `THRESHOLD` ENABLE KEYS */;
UNLOCK TABLES;

--
-- Table structure for table `VM`
--

DROP TABLE IF EXISTS `VM`;
/*!40101 SET @saved_cs_client     = @@character_set_client */;
/*!40101 SET character_set_client = utf8 */;
CREATE TABLE `VM` (
  `id` int(11) NOT NULL AUTO_INCREMENT,
  `origin_add` varchar(45) NOT NULL,
  `origin_id` varchar(45) NOT NULL,
  `origin_name` varchar(45) NOT NULL,
  `destiny_add` varchar(45) NOT NULL,
  `destiny_name` varchar(45) NOT NULL,
  `destiny_id` varchar(45) NOT NULL,
  `status` tinyint(1) NOT NULL,
  `has_resources` tinyint(1) NOT NULL,
  `vcpus` int(11) NOT NULL,
  `mem` bigint(20) NOT NULL,
  `disk` bigint(20) NOT NULL,
  `timestamp_received` timestamp NULL DEFAULT NULL,
  `timestamp_finished` timestamp NULL DEFAULT NULL,
  PRIMARY KEY (`id`)
) ENGINE=InnoDB AUTO_INCREMENT=130 DEFAULT CHARSET=utf8;
/*!40101 SET character_set_client = @saved_cs_client */;

--
-- Dumping data for table `VM`
--

LOCK TABLES `VM` WRITE;
/*!40000 ALTER TABLE `VM` DISABLE KEYS */;
INSERT INTO `VM` VALUES (1,'192.168.0.200','playerVirtual1_450512000','playerVirtual1','192.168.0.200','playerVirtual2','playerVirtual2_6077ddc378',1,1,1,2048,20,'2018-03-01 15:07:23',NULL),(2,'192.168.0.200','playerVirtual2_1438244924','playerVirtual2','192.168.0.200','playerVirtual1','playerVirtual1_6de6e3407e',3,1,1,2048,20,'2018-03-01 15:07:26','2018-03-01 16:09:18'),(3,'192.168.0.200','playerVirtual1_640692267','playerVirtual1','192.168.0.200','playerVirtual2','playerVirtual2_b1c152f1bf',1,1,1,512,1,'2018-03-01 15:09:29',NULL),(4,'192.168.0.200','playerVirtual2_2381571381','playerVirtual2','192.168.0.200','playerVirtual1','playerVirtual2_2381571381',0,0,1,2048,20,'2018-03-01 15:09:30','2018-03-01 15:09:30'),(5,'192.168.0.200','playerVirtual1_5297461910','playerVirtual1','192.168.0.200','playerVirtual3','playerVirtual3_f7a1506d76',1,1,1,512,1,'2018-03-01 15:11:32',NULL),(6,'192.168.0.200','playerVirtual2_2790332778','playerVirtual2','192.168.0.200','playerVirtual3','playerVirtual3_6419730333',1,1,2,4096,40,'2018-03-01 15:11:38',NULL),(7,'192.168.0.200','playerVirtual3_369721705','playerVirtual3','192.168.0.200','playerVirtual2','playerVirtual2_17681e9107',1,1,2,4096,40,'2018-03-01 15:12:35',NULL),(8,'192.168.0.200','playerVirtual1_317469422','playerVirtual1','192.168.0.200','playerVirtual2','playerVirtual2_49aee80da0',1,1,2,4096,40,'2018-03-01 15:13:42',NULL),(9,'192.168.0.200','playerVirtual2_6955737','playerVirtual2','192.168.0.200','playerVirtual1','playerVirtual2_6955737',0,0,1,2048,20,'2018-03-01 15:13:43','2018-03-01 15:13:43'),(10,'192.168.0.200','playerVirtual3_257338104','playerVirtual3','192.168.0.200','playerVirtual2','playerVirtual2_20718027fe',1,1,2,4096,40,'2018-03-01 15:14:36',NULL),(11,'192.168.0.200','playerVirtual2_2433236783','playerVirtual2','192.168.0.200','playerVirtual3','playerVirtual2_2433236783',0,0,1,2048,20,'2018-03-01 15:15:51','2018-03-01 15:15:51'),(12,'192.168.0.200','playerVirtual3_3338579772','playerVirtual3','192.168.0.200','playerVirtual4','playerVirtual4_123901d575',3,1,1,2048,20,'2018-03-01 15:16:50','2018-03-01 16:06:05'),(13,'192.168.0.200','playerVirtual2_2359368952','playerVirtual2','192.168.0.200','playerVirtual0','playerVirtual2_2359368952',0,1,1,512,1,'2018-03-01 15:18:08','2018-03-01 15:18:08'),(14,'192.168.0.200','playerVirtual3_16917741','playerVirtual3','192.168.0.200','playerVirtual4','playerVirtual4_de8330ecc3',3,1,1,512,1,'2018-03-01 15:19:04','2018-03-01 17:31:24'),(15,'192.168.0.200','playerVirtual4_2545640208','playerVirtual4','192.168.0.200','playerVirtual0','playerVirtual4_2545640208',0,1,1,2048,20,'2018-03-01 15:20:03','2018-03-01 15:20:03'),(16,'192.168.0.200','playerVirtual0_908315','playerVirtual0','192.168.0.200','playerVirtual4','playerVirtual4_6cc230ef88',1,1,1,2048,20,'2018-03-01 15:20:10',NULL),(17,'192.168.0.200','playerVirtual2_539194189','playerVirtual2','192.168.0.200','playerVirtual0','playerVirtual2_539194189',0,1,1,2048,20,'2018-03-01 15:20:38','2018-03-01 15:20:38'),(18,'192.168.0.200','playerVirtual3_4820204870','playerVirtual3','192.168.0.200','playerVirtual5','playerVirtual5_4ad47a7117',3,1,2,4096,40,'2018-03-01 15:22:17','2018-03-01 15:50:39'),(19,'192.168.0.200','playerVirtual4_8058564','playerVirtual4','192.168.0.200','playerVirtual0','playerVirtual4_8058564',0,1,1,2048,20,'2018-03-01 15:23:58','2018-03-01 15:23:58'),(20,'192.168.0.200','playerVirtual0_1429160667','playerVirtual0','192.168.0.200','playerVirtual4','playerVirtual4_9644810863',1,1,1,2048,20,'2018-03-01 15:24:11',NULL),(21,'192.168.0.200','playerVirtual2_82730999','playerVirtual2','192.168.0.200','playerVirtual5','playerVirtual5_24a28d35fe',1,1,1,512,1,'2018-03-01 15:24:31',NULL),(22,'192.168.0.200','playerVirtual5_3338010893','playerVirtual5','192.168.0.200','playerVirtual0','playerVirtual5_3338010893',0,1,1,512,1,'2018-03-01 15:24:41','2018-03-01 15:24:41'),(23,'192.168.0.200','playerVirtual3_351652724','playerVirtual3','192.168.0.200','playerVirtual4','playerVirtual4_1dec951276',1,1,1,2048,20,'2018-03-01 15:25:29',NULL),(24,'192.168.0.200','playerVirtual4_6571218','playerVirtual4','192.168.0.200','playerVirtual6','playerVirtual6_99cf463656',1,1,1,2048,20,'2018-03-01 15:26:28',NULL),(25,'192.168.0.200','playerVirtual5_1339662','playerVirtual5','192.168.0.200','playerVirtual4','playerVirtual4_c72b288db5',1,1,1,2048,20,'2018-03-01 15:26:54',NULL),(26,'192.168.0.200','playerVirtual2_1436344784','playerVirtual2','192.168.0.200','playerVirtual5','playerVirtual5_ab8218e1eb',3,1,1,2048,20,'2018-03-01 15:27:08','2018-03-01 16:26:55'),(27,'192.168.0.200','playerVirtual3_284794223','playerVirtual3','192.168.0.200','playerVirtual1959','playerVirtual3_284794223',0,1,1,2048,20,'2018-03-01 15:28:49','2018-03-01 15:28:49'),(28,'192.168.0.200','playerVirtual4_359920779','playerVirtual4','192.168.0.200','playerVirtual6','playerVirtual6_2eda5932c7',3,1,1,512,1,'2018-03-01 15:30:30','2018-03-01 17:00:15'),(29,'192.168.0.200','playerVirtual2_2904109077','playerVirtual2','192.168.0.200','playerVirtual4','playerVirtual4_2259e2416e',1,1,1,512,1,'2018-03-01 15:31:05',NULL),(30,'192.168.0.200','playerVirtual5_904011','playerVirtual5','192.168.0.200','playerVirtual1959','playerVirtual5_904011',0,1,1,2048,20,'2018-03-01 15:31:14','2018-03-01 15:31:14'),(31,'192.168.0.200','playerVirtual6_1093460','playerVirtual6','192.168.0.200','playerVirtual7','playerVirtual7_83fe30adfd',1,1,1,512,1,'2018-03-01 15:31:57',NULL),(32,'192.168.0.200','playerVirtual3_905614','playerVirtual3','192.168.0.200','playerVirtual5','playerVirtual5_12c1eb8fb9',1,1,1,2048,20,'2018-03-01 15:32:03',NULL),(33,'192.168.0.200','playerVirtual4_470485660','playerVirtual4','192.168.0.200','playerVirtual6','playerVirtual6_4d187df107',1,1,2,4096,40,'2018-03-01 15:33:05',NULL),(34,'192.168.0.200','playerVirtual5_5792765','playerVirtual5','192.168.0.200','playerVirtual4','playerVirtual4_2b79255d40',1,1,1,512,1,'2018-03-01 15:33:35',NULL),(35,'192.168.0.200','playerVirtual2_30788568','playerVirtual2','192.168.0.200','playerVirtual1959','playerVirtual2_30788568',0,1,1,512,1,'2018-03-01 15:33:48','2018-03-01 15:33:48'),(36,'192.168.0.200','playerVirtual3_400453824','playerVirtual3','192.168.0.200','playerVirtual5','playerVirtual5_ee18c1d1bc',1,1,1,512,1,'2018-03-01 15:35:38',NULL),(37,'192.168.0.200','playerVirtual6_38671842','playerVirtual6','192.168.0.200','playerVirtual8','playerVirtual8_1b9b1d0691',1,1,1,512,1,'2018-03-01 15:36:43',NULL),(38,'192.168.0.200','playerVirtual4_4819935267','playerVirtual4','192.168.0.200','playerVirtual6','playerVirtual6_992b62608e',1,1,2,4096,40,'2018-03-01 15:37:27',NULL),(39,'192.168.0.200','playerVirtual2_6264344062','playerVirtual2','192.168.0.200','playerVirtual4','playerVirtual4_8c72abcd2c',3,1,1,512,1,'2018-03-01 15:38:05','2018-03-01 16:20:59'),(40,'192.168.0.200','playerVirtual5_4820217293','playerVirtual5','192.168.0.200','playerVirtual8','playerVirtual8_b4697dc5e6',1,1,2,4096,40,'2018-03-01 15:38:14',NULL),(41,'192.168.0.200','playerVirtual6_2148750930','playerVirtual6','192.168.0.200','playerVirtual2','playerVirtual2_e9a06e4b11',1,1,1,2048,20,'2018-03-01 15:40:29',NULL),(42,'192.168.0.200','playerVirtual3_1095593','playerVirtual3','192.168.0.200','playerVirtual8','playerVirtual8_1f3ae9d2ca',3,1,1,512,1,'2018-03-01 15:40:31','2018-03-01 16:14:20'),(43,'192.168.0.200','playerVirtual4_563574327','playerVirtual4','192.168.0.200','playerVirtual9','playerVirtual9_9e272cabd0',1,1,1,2048,20,'2018-03-01 15:41:42',NULL),(44,'192.168.0.200','playerVirtual8_227443932','playerVirtual8','192.168.0.200','playerVirtual1033','playerVirtual8_227443932',0,1,1,2048,20,'2018-03-01 15:41:49','2018-03-01 15:41:49'),(45,'192.168.0.200','playerVirtual5_16915963','playerVirtual5','192.168.0.200','playerVirtual6','playerVirtual6_fb925f1fde',1,1,1,2048,20,'2018-03-01 15:42:17',NULL),(46,'192.168.0.200','playerVirtual3_272887063','playerVirtual3','192.168.0.200','playerVirtual8','playerVirtual8_703552db5e',3,1,1,2048,20,'2018-03-01 15:44:26','2018-03-01 15:54:25'),(47,'192.168.0.200','playerVirtual6_284757920','playerVirtual6','192.168.0.200','playerVirtual2','playerVirtual2_b0ac122f6e',1,1,1,2048,20,'2018-03-01 15:45:28',NULL),(48,'192.168.0.200','playerVirtual8_4820204870','playerVirtual8','192.168.0.200','playerVirtual9','playerVirtual9_02edfaa6b4',1,1,2,4096,40,'2018-03-01 15:45:31',NULL),(49,'192.168.0.200','playerVirtual2_38676294','playerVirtual2','192.168.0.200','playerVirtual1033','playerVirtual2_38676294',0,1,1,512,1,'2018-03-01 15:45:56','2018-03-01 15:45:56'),(50,'192.168.0.200','playerVirtual9_5623125514','playerVirtual9','192.168.0.200','playerVirtual10','playerVirtual10_d298314cbb',1,1,1,2048,20,'2018-03-01 15:47:10',NULL),(51,'192.168.0.200','playerVirtual4_182859403','playerVirtual4','192.168.0.200','playerVirtual6','playerVirtual6_01baf16650',3,1,1,512,1,'2018-03-01 15:47:21','2018-03-01 16:20:24'),(52,'192.168.0.200','playerVirtual5_990694203','playerVirtual5','192.168.0.200','playerVirtual8','playerVirtual8_a44acaee1e',3,1,1,2048,20,'2018-03-01 15:48:40','2018-03-01 15:52:44'),(53,'192.168.0.200','playerVirtual6_6280643141','playerVirtual6','192.168.0.200','playerVirtual5','playerVirtual5_084709970f',1,1,1,512,1,'2018-03-01 15:51:13',NULL),(54,'192.168.0.200','playerVirtual9_6282149131','playerVirtual9','192.168.0.200','playerVirtual11','playerVirtual11_5452a48f93',1,1,1,512,1,'2018-03-01 15:51:27',NULL),(55,'192.168.0.200','playerVirtual2_272887063','playerVirtual2','192.168.0.200','playerVirtual10','playerVirtual10_8f7d52a26d',3,1,1,2048,20,'2018-03-01 15:52:03','2018-03-01 17:30:21'),(56,'192.168.0.200','playerVirtual8_4476462938','playerVirtual8','192.168.0.200','playerVirtual2','playerVirtual2_9b95c39e44',1,1,1,2048,20,'2018-03-01 15:52:43',NULL),(57,'192.168.0.200','playerVirtual10_6280638724','playerVirtual10','192.168.0.200','playerVirtual1181','playerVirtual10_6280638724',0,1,1,512,1,'2018-03-01 15:54:09','2018-03-01 15:54:09'),(58,'192.168.0.200','playerVirtual6_214880781','playerVirtual6','192.168.0.200','playerVirtual12','playerVirtual12_8deca1aa2b',1,1,1,2048,20,'2018-03-01 15:56:55',NULL),(59,'192.168.0.200','playerVirtual8_6285257156','playerVirtual8','192.168.0.200','playerVirtual6','playerVirtual6_265256e74a',1,1,1,512,1,'2018-03-01 15:57:23',NULL),(60,'192.168.0.200','playerVirtual2_182859403','playerVirtual2','192.168.0.200','playerVirtual8','playerVirtual8_35e22244e4',3,1,1,512,1,'2018-03-01 15:57:40','2018-03-01 16:36:14'),(61,'192.168.0.200','playerVirtual4_682797','playerVirtual4','192.168.0.200','playerVirtual11','playerVirtual11_17f4c5d535',1,1,1,2048,20,'2018-03-01 15:57:44',NULL),(62,'192.168.0.200','playerVirtual10_1438244924','playerVirtual10','192.168.0.200','playerVirtual1181','playerVirtual10_1438244924',0,1,1,2048,20,'2018-03-01 15:57:58','2018-03-01 15:57:58'),(63,'192.168.0.200','playerVirtual9_1094955','playerVirtual9','192.168.0.200','playerVirtual10','playerVirtual10_4cc1089c87',1,1,1,512,1,'2018-03-01 15:58:37',NULL),(64,'192.168.0.200','playerVirtual5_16914091','playerVirtual5','192.168.0.200','playerVirtual2','playerVirtual2_5f762f9aa4',1,1,1,2048,20,'2018-03-01 15:59:10',NULL),(65,'192.168.0.200','playerVirtual11_1436323714','playerVirtual11','192.168.0.200','playerVirtual12','playerVirtual12_9f559fd723',1,1,1,2048,20,'2018-03-01 15:59:39',NULL),(66,'192.168.0.200','playerVirtual3_6955737','playerVirtual3','192.168.0.200','playerVirtual11','playerVirtual11_0fdaf0614e',1,1,1,2048,20,'2018-03-01 16:01:10',NULL),(67,'192.168.0.200','playerVirtual6_2381571381','playerVirtual6','192.168.0.200','playerVirtual13','playerVirtual13_8cbf4e7ea9',1,1,1,2048,20,'2018-03-01 16:04:02',NULL),(68,'192.168.0.200','playerVirtual11_1436344784','playerVirtual11','192.168.0.200','playerVirtual10','playerVirtual10_33458b59bf',3,1,1,2048,20,'2018-03-01 16:04:11','2018-03-01 17:16:39'),(69,'192.168.0.200','playerVirtual4_6289355687','playerVirtual4','192.168.0.200','playerVirtual6','playerVirtual6_c789279196',1,1,1,512,1,'2018-03-01 16:04:13',NULL),(70,'192.168.0.200','playerVirtual9_1438244924','playerVirtual9','192.168.0.200','playerVirtual1699','playerVirtual9_1438244924',0,1,1,2048,20,'2018-03-01 16:04:56','2018-03-01 16:04:56'),(71,'192.168.0.200','playerVirtual5_6289704471','playerVirtual5','192.168.0.200','playerVirtual8','playerVirtual8_97327c36f4',3,1,1,512,1,'2018-03-01 16:05:16','2018-03-01 16:24:38'),(72,'192.168.0.200','playerVirtual8_2378747961','playerVirtual8','192.168.0.200','playerVirtual12','playerVirtual12_5458520cc9',3,1,1,512,1,'2018-03-01 16:05:39','2018-03-01 16:11:42'),(73,'192.168.0.200','playerVirtual12_3338579772','playerVirtual12','192.168.0.200','playerVirtual13','playerVirtual13_ca928af08f',1,1,1,2048,20,'2018-03-01 16:06:00',NULL),(74,'192.168.0.200','playerVirtual13_794070039','playerVirtual13','192.168.0.200','playerVirtual14','playerVirtual14_a772e0df05',1,1,1,512,1,'2018-03-01 16:12:19',NULL),(75,'192.168.0.200','playerVirtual6_6296268057','playerVirtual6','192.168.0.200','playerVirtual15','playerVirtual15_39fafcaa92',1,1,1,512,1,'2018-03-01 16:12:49',NULL),(76,'192.168.0.200','playerVirtual4_182859403','playerVirtual4','192.168.0.200','playerVirtual10','playerVirtual10_32609a0172',3,1,1,512,1,'2018-03-01 16:14:55','2018-03-01 16:20:24'),(77,'192.168.0.200','playerVirtual12_6289704471','playerVirtual12','192.168.0.200','playerVirtual13','playerVirtual13_129c2d4287',3,1,1,2048,20,'2018-03-01 16:15:27','2018-03-01 16:27:11'),(78,'192.168.0.200','playerVirtual11_6296865278','playerVirtual11','192.168.0.200','playerVirtual12','playerVirtual12_e3f29c29fc',1,1,1,512,1,'2018-03-01 16:15:44',NULL),(79,'192.168.0.200','playerVirtual9_990694203','playerVirtual9','192.168.0.200','playerVirtual16','playerVirtual16_51f2375fb2',3,1,1,2048,20,'2018-03-01 16:16:36','2018-03-01 16:22:55'),(80,'192.168.0.200','playerVirtual10_1095593','playerVirtual10','192.168.0.200','playerVirtual14','playerVirtual14_df5b89d6a7',3,1,1,512,1,'2018-03-01 16:17:13','2018-03-01 16:26:58'),(81,'192.168.0.200','playerVirtual5_6301942525','playerVirtual5','192.168.0.200','playerVirtual4','playerVirtual4_ce31b0701b',1,1,1,512,1,'2018-03-01 16:17:31',NULL),(82,'192.168.0.200','playerVirtual13_908315','playerVirtual13','192.168.0.200','playerVirtual1030','playerVirtual13_908315',0,1,1,2048,20,'2018-03-01 16:21:26','2018-03-01 16:21:26'),(83,'192.168.0.200','playerVirtual14_5297461910','playerVirtual14','192.168.0.200','playerVirtual17','playerVirtual17_9f55e12165',1,1,1,512,1,'2018-03-01 16:22:32',NULL),(84,'192.168.0.200','playerVirtual6_539194189','playerVirtual6','192.168.0.200','playerVirtual8','playerVirtual8_308af838bc',1,1,1,2048,20,'2018-03-01 16:25:02',NULL),(85,'192.168.0.200','playerVirtual8_182859403','playerVirtual8','192.168.0.200','playerVirtual15','playerVirtual15_def3dda683',1,1,1,512,1,'2018-03-01 16:25:25',NULL),(86,'192.168.0.200','playerVirtual3_4246147567','playerVirtual3','192.168.0.200','playerVirtual18','playerVirtual18_1076804470',3,1,2,4096,40,'2018-03-01 16:26:41','2018-03-01 17:17:33'),(87,'192.168.0.200','playerVirtual11_4246147567','playerVirtual11','192.168.0.200','playerVirtual10','playerVirtual10_de692a8aff',3,1,2,4096,40,'2018-03-01 16:27:07','2018-03-01 17:02:28'),(88,'192.168.0.200','playerVirtual15_6274355716','playerVirtual15','192.168.0.200','playerVirtual13','playerVirtual13_269a6059dd',1,1,1,512,1,'2018-03-01 16:29:15',NULL),(89,'192.168.0.200','playerVirtual14_2378747961','playerVirtual14','192.168.0.200','playerVirtual16','playerVirtual16_b73f30a199',1,1,1,512,1,'2018-03-01 16:29:24',NULL),(90,'192.168.0.200','playerVirtual8_990694203','playerVirtual8','192.168.0.200','playerVirtual19','playerVirtual19_9557eb68ca',3,1,1,2048,20,'2018-03-01 16:35:10','2018-03-01 16:49:50'),(91,'192.168.0.200','playerVirtual15_4246147567','playerVirtual15','192.168.0.200','playerVirtual14','playerVirtual14_011db4dddb',3,1,2,4096,40,'2018-03-01 16:35:21','2018-03-01 17:20:46'),(92,'192.168.0.200','playerVirtual13_4246147567','playerVirtual13','192.168.0.200','playerVirtual15','playerVirtual15_66c560b0a7',3,1,2,4096,40,'2018-03-01 16:35:54','2018-03-01 17:09:33'),(93,'192.168.0.200','playerVirtual4_4246147567','playerVirtual4','192.168.0.200','playerVirtual5','playerVirtual5_e0d1f7d5ce',3,1,2,4096,40,'2018-03-01 16:36:15','2018-03-01 17:27:34'),(94,'192.168.0.200','playerVirtual16_6289704471','playerVirtual16','192.168.0.200','playerVirtual18','playerVirtual18_53ff41f5d1',1,1,1,2048,20,'2018-03-01 16:36:16',NULL),(95,'192.168.0.200','playerVirtual6_5068098508','playerVirtual6','192.168.0.200','playerVirtual4','playerVirtual4_fcf83ddcf2',3,1,1,2048,20,'2018-03-01 16:36:48','2018-03-01 17:03:29'),(96,'192.168.0.200','playerVirtual12_4246147567','playerVirtual12','192.168.0.200','playerVirtual13','playerVirtual13_f4c8226eee',3,1,2,4096,40,'2018-03-01 16:39:05','2018-03-01 16:50:48'),(97,'192.168.0.200','playerVirtual9_4246147567','playerVirtual9','192.168.0.200','playerVirtual16','playerVirtual16_06dab01a59',3,1,2,4096,40,'2018-03-01 16:39:25','2018-03-01 17:10:47'),(98,'192.168.0.200','playerVirtual10_4246147567','playerVirtual10','192.168.0.200','playerVirtual1828','playerVirtual10_4246147567',0,1,2,4096,40,'2018-03-01 16:40:36','2018-03-01 16:40:36'),(99,'192.168.0.200','playerVirtual16_4246147567','playerVirtual16','192.168.0.200','playerVirtual19','playerVirtual19_a25c20ca8f',3,1,2,4096,40,'2018-03-01 16:41:00','2018-03-01 17:01:50'),(100,'192.168.0.200','playerVirtual18_4246147567','playerVirtual18','192.168.0.200','playerVirtual13','playerVirtual13_423284f78e',3,1,2,4096,40,'2018-03-01 16:47:22','2018-03-01 16:49:23'),(101,'192.168.0.200','playerVirtual14_4246147567','playerVirtual14','192.168.0.200','playerVirtual8','playerVirtual8_4ac0c894b9',3,1,2,4096,40,'2018-03-01 16:47:40','2018-03-01 17:21:24'),(102,'192.168.0.200','playerVirtual5_6322213339','playerVirtual5','192.168.0.200','playerVirtual10','playerVirtual10_d5af9dfee9',1,1,1,512,1,'2018-03-01 16:48:07',NULL),(103,'192.168.0.200','playerVirtual6_359920779','playerVirtual6','192.168.0.200','playerVirtual14','playerVirtual14_54be30bd46',1,1,1,512,1,'2018-03-01 16:50:44',NULL),(104,'192.168.0.200','playerVirtual3_1095593','playerVirtual3','192.168.0.200','playerVirtual18','playerVirtual18_032658fc94',1,1,1,512,1,'2018-03-01 16:51:04',NULL),(105,'192.168.0.200','playerVirtual11_4246147567','playerVirtual11','192.168.0.200','playerVirtual16','playerVirtual16_bc0030f2f0',3,1,2,4096,40,'2018-03-01 16:51:55','2018-03-01 17:02:28'),(106,'192.168.0.200','playerVirtual19_4246147567','playerVirtual19','192.168.0.200','playerVirtual1828','playerVirtual19_4246147567',0,1,2,4096,40,'2018-03-01 16:53:43','2018-03-01 16:53:43'),(107,'192.168.0.200','playerVirtual2_4246147567','playerVirtual2','192.168.0.200','playerVirtual15','playerVirtual15_2393449172',3,1,2,4096,40,'2018-03-01 17:01:01','2018-03-01 17:11:29'),(108,'192.168.0.200','playerVirtual13_4246147567','playerVirtual13','192.168.0.200','playerVirtual5','playerVirtual5_374fb73fde',3,1,2,4096,40,'2018-03-01 17:01:40','2018-03-01 17:09:33'),(109,'192.168.0.200','playerVirtual8_4246147567','playerVirtual8','192.168.0.200','playerVirtual6','playerVirtual6_ca1534dc0b',3,1,2,4096,40,'2018-03-01 17:01:50','2018-03-01 17:16:34'),(110,'192.168.0.200','playerVirtual3_4246147567','playerVirtual3','192.168.0.200','playerVirtual19','playerVirtual19_12a51e05fa',3,1,2,4096,40,'2018-03-01 17:02:16','2018-03-01 17:17:33'),(111,'192.168.0.200','playerVirtual15_4246147567','playerVirtual15','192.168.0.200','playerVirtual13','playerVirtual13_8a7ff90c71',3,1,2,4096,40,'2018-03-01 17:03:01','2018-03-01 17:20:46'),(112,'192.168.0.200','playerVirtual5_4246147567','playerVirtual5','192.168.0.200','playerVirtual10','playerVirtual10_9d50c48c94',3,1,2,4096,40,'2018-03-01 17:03:08','2018-03-01 17:15:39'),(113,'192.168.0.200','playerVirtual9_4246147567','playerVirtual9','192.168.0.200','playerVirtual18','playerVirtual18_c9267cc7a4',3,1,2,4096,40,'2018-03-01 17:05:29','2018-03-01 17:10:47'),(114,'192.168.0.200','playerVirtual12_4246147567','playerVirtual12','192.168.0.200','playerVirtual1478','playerVirtual12_4246147567',0,1,2,4096,40,'2018-03-01 17:06:16','2018-03-01 17:06:16'),(115,'192.168.0.200','playerVirtual10_4246147567','playerVirtual10','192.168.0.200','playerVirtual4','playerVirtual4_494b5cae82',1,1,2,4096,40,'2018-03-01 17:07:34',NULL),(116,'192.168.0.200','playerVirtual16_6344084916','playerVirtual16','192.168.0.200','playerVirtual14','playerVirtual14_04fe0f3f3c',1,1,1,512,1,'2018-03-01 17:09:36',NULL),(117,'192.168.0.200','playerVirtual4_4246147567','playerVirtual4','192.168.0.200','playerVirtual16','playerVirtual16_728f5a835d',3,1,2,4096,40,'2018-03-01 17:10:09','2018-03-01 17:27:34'),(118,'192.168.0.200','playerVirtual18_6335261139','playerVirtual18','192.168.0.200','playerVirtual15','playerVirtual15_2d80d81066',1,1,1,512,1,'2018-03-01 17:14:06',NULL),(119,'192.168.0.200','playerVirtual14_4246147567','playerVirtual14','192.168.0.200','playerVirtual19','playerVirtual19_93e74b11fe',3,1,2,4096,40,'2018-03-01 17:15:33','2018-03-01 17:21:24'),(120,'192.168.0.200','playerVirtual18_6566788','playerVirtual18','192.168.0.200','playerVirtual13','playerVirtual13_5b9f5c33b9',1,1,1,2048,20,'2018-03-01 17:19:28',NULL),(121,'192.168.0.200','playerVirtual6_4246147567','playerVirtual6','192.168.0.200','playerVirtual8','playerVirtual8_c1fa3e1a8b',3,1,2,4096,40,'2018-03-01 17:19:31','2018-03-01 17:32:16'),(122,'192.168.0.200','playerVirtual19_4246147567','playerVirtual19','192.168.0.200','playerVirtual10','playerVirtual10_ae50e22257',1,1,2,4096,40,'2018-03-01 17:21:50',NULL),(123,'192.168.0.200','playerVirtual13_272887063','playerVirtual13','192.168.0.200','playerVirtual18','playerVirtual18_cd42ba54d7',1,1,1,2048,20,'2018-03-01 17:29:54',NULL),(124,'192.168.0.200','playerVirtual16_4246147567','playerVirtual16','192.168.0.200','playerVirtual14','playerVirtual14_19786f60f8',1,1,2,4096,40,'2018-03-01 17:31:22',NULL),(125,'192.168.0.200','playerVirtual11_6566788','playerVirtual11','192.168.0.200','playerVirtual3','playerVirtual11_6566788',0,0,1,2048,20,'2018-03-01 17:32:13','2018-03-01 17:32:13'),(126,'192.168.0.200','playerVirtual8_4246147567','playerVirtual8','192.168.0.200','playerVirtual5','playerVirtual5_9e89c5989d',1,1,2,4096,40,'2018-03-01 17:32:27',NULL),(127,'192.168.0.200','playerVirtual15_16917741','playerVirtual15','192.168.0.200','playerVirtual4','playerVirtual4_169e731c4f',1,1,1,512,1,'2018-03-01 17:32:50',NULL),(128,'192.168.0.200','playerVirtual5_4246147567','playerVirtual5','192.168.0.200','playerVirtual6','playerVirtual6_10e12f4a31',1,1,2,4096,40,'2018-03-01 17:33:13',NULL),(129,'192.168.0.200','playerVirtual9_4246147567','playerVirtual9','192.168.0.200','playerVirtual7','playerVirtual9_4246147567',0,0,2,4096,40,'2018-03-01 17:34:22','2018-03-01 17:34:22');
/*!40000 ALTER TABLE `VM` ENABLE KEYS */;
UNLOCK TABLES;
/*!40103 SET TIME_ZONE=@OLD_TIME_ZONE */;

/*!40101 SET SQL_MODE=@OLD_SQL_MODE */;
/*!40014 SET FOREIGN_KEY_CHECKS=@OLD_FOREIGN_KEY_CHECKS */;
/*!40014 SET UNIQUE_CHECKS=@OLD_UNIQUE_CHECKS */;
/*!40101 SET CHARACTER_SET_CLIENT=@OLD_CHARACTER_SET_CLIENT */;
/*!40101 SET CHARACTER_SET_RESULTS=@OLD_CHARACTER_SET_RESULTS */;
/*!40101 SET COLLATION_CONNECTION=@OLD_COLLATION_CONNECTION */;
/*!40111 SET SQL_NOTES=@OLD_SQL_NOTES */;

-- Dump completed on 2018-03-01 14:35:18
