-- MySQL dump 10.14  Distrib 5.5.58-MariaDB, for debian-linux-gnu (x86_64)
--
-- Host: localhost    Database: mct
-- ------------------------------------------------------
-- Server version	5.5.58-MariaDB-1ubuntu0.14.04.1

/*!40101 SET @OLD_CHARACTER_SET_CLIENT=@@CHARACTER_SET_CLIENT */;
/*!40101 SET @OLD_CHARACTER_SET_RESULTS=@@CHARACTER_SET_RESULTS */;
/*!40101 SET @OLD_COLLATION_CONNECTION=@@COLLATION_CONNECTION */;
/*!40101 SET NAMES utf8 */;
/*!40103 SET @OLD_TIME_ZONE=@@TIME_ZONE */;
/*!40103 SET TIME_ZONE='+00:00' */;
/*!40014 SET @OLD_UNIQUE_CHECKS=@@UNIQUE_CHECKS, UNIQUE_CHECKS=0 */;
/*!40014 SET @OLD_FOREIGN_KEY_CHECKS=@@FOREIGN_KEY_CHECKS, FOREIGN_KEY_CHECKS=0 */;
/*!40101 SET @OLD_SQL_MODE=@@SQL_MODE, SQL_MODE='NO_AUTO_VALUE_ON_ZERO' */;
/*!40111 SET @OLD_SQL_NOTES=@@SQL_NOTES, SQL_NOTES=0 */;

--
-- Table structure for table `FIELDS`
--

DROP TABLE IF EXISTS `FIELDS`;
/*!40101 SET @saved_cs_client     = @@character_set_client */;
/*!40101 SET character_set_client = utf8 */;
CREATE TABLE `FIELDS` (
  `operation` int(11) NOT NULL,
  `fields` varchar(45) NOT NULL,
  PRIMARY KEY (`operation`)
) ENGINE=InnoDB DEFAULT CHARSET=utf8;
/*!40101 SET character_set_client = @saved_cs_client */;

--
-- Dumping data for table `FIELDS`
--

LOCK TABLES `FIELDS` WRITE;
/*!40000 ALTER TABLE `FIELDS` DISABLE KEYS */;
INSERT INTO `FIELDS` VALUES (0,'name mem image vcpus disk uuid');
/*!40000 ALTER TABLE `FIELDS` ENABLE KEYS */;
UNLOCK TABLES;

--
-- Table structure for table `PLAYER`
--

DROP TABLE IF EXISTS `PLAYER`;
/*!40101 SET @saved_cs_client     = @@character_set_client */;
/*!40101 SET character_set_client = utf8 */;
CREATE TABLE `PLAYER` (
  `id` int(11) NOT NULL AUTO_INCREMENT,
  `name` varchar(45) NOT NULL,
  `address` varchar(45) NOT NULL,
  `division` int(11) DEFAULT NULL,
  `score` float DEFAULT '0',
  `history` int(11) DEFAULT '0',
  `fairness` float DEFAULT '0',
  `accepts` int(11) DEFAULT '0',
  `rejects` int(11) DEFAULT '0',
  `running` int(11) DEFAULT '0',
  `finished` int(11) DEFAULT '0',
  `problem_del` int(11) DEFAULT '0',
  `vcpus` int(11) DEFAULT '0',
  `memory` bigint(20) DEFAULT '0',
  `local_gb` bigint(20) DEFAULT '0',
  `vcpus_used` bigint(20) DEFAULT '0',
  `memory_used` bigint(20) DEFAULT '0',
  `local_gb_used` bigint(20) DEFAULT '0',
  `max_instance` int(11) DEFAULT '0',
  `token` varchar(45) DEFAULT NULL,
  `suspend` timestamp NULL DEFAULT NULL,
  `enabled` int(11) DEFAULT '0',
  `last_choice` timestamp NOT NULL DEFAULT '2018-01-01 02:00:00',
  `playoff` tinyint(1) DEFAULT '0',
  PRIMARY KEY (`id`)
) ENGINE=InnoDB AUTO_INCREMENT=17 DEFAULT CHARSET=utf8;
/*!40101 SET character_set_client = @saved_cs_client */;

--
-- Dumping data for table `PLAYER`
--

LOCK TABLES `PLAYER` WRITE;
/*!40000 ALTER TABLE `PLAYER` DISABLE KEYS */;
INSERT INTO `PLAYER` VALUES (1,'playerVirtual0','192.168.0.200',4,-8,0,1,0,4,0,0,0,1023,1047552,10230,0,0,0,7,'bcf0e8ce5ec10767faa3af7b96c856726dadc8f6',NULL,0,'2018-02-21 04:44:11',1),(2,'playerVirtual2','192.168.0.200',2,6.31,30,0.73913,10,1,9,1,0,1023,1047552,10230,10,15872,143,9,'72456428bccdea95494b52cfa8a7dcbc3f17107e',NULL,1,'2018-02-21 06:07:49',0),(3,'playerVirtual4','192.168.0.200',2,3.98,23,0.611111,12,2,9,3,0,1023,1047552,10230,9,15360,142,9,'890156bf794ea436e3e41af5c3d767f7fd5e6e9b',NULL,1,'2018-02-21 06:52:54',1),(4,'playerVirtual1237','192.168.0.200',4,-6,0,1,0,3,0,0,0,1023,1047552,10230,0,0,0,7,'ac5151d7c1c98c1f313b3b9a5adbfa7db9bc0106',NULL,0,'2018-02-21 04:54:49',1),(5,'playerVirtual6','192.168.0.200',2,5.97,26,0.333333,7,2,7,0,0,1023,1047552,10230,9,13824,123,7,'8c48d77fa95971b243fb1d1ee73a4e73372b1e04',NULL,1,'2018-02-21 06:38:50',0),(6,'playerVirtual1834','192.168.0.200',4,-4,0,1,0,2,0,0,0,1023,1047552,10230,0,0,0,7,'816ecd9056825f7ef262661063d6be13f81ee74a',NULL,0,'2018-02-21 05:02:18',1),(7,'playerVirtual8','192.168.0.200',1,9.63,24,0.533333,12,1,8,4,0,1023,1047552,10230,10,15872,143,9,'6affa10b65bd36b00003d7b3839374625b1c3493',NULL,1,'2018-02-21 06:37:46',0),(8,'playerVirtual1752','192.168.0.200',4,-6,0,1,0,3,0,0,0,1023,1047552,10230,0,0,0,7,'160b3ae545ed2804d502cc8bf5b52137f548ab2a',NULL,0,'2018-02-21 05:12:37',1),(9,'playerVirtual10','192.168.0.200',1,9.3,22,0.454545,12,0,8,4,0,1023,1047552,10230,10,15872,143,8,'8641318a31fd0d8f6198f07c2569461c2a8779b5',NULL,1,'2018-02-21 06:16:54',0),(10,'playerVirtual1374','192.168.0.200',4,-12,0,1,0,6,0,0,0,1023,1047552,10230,0,0,0,7,'f942517a4076113627515515def7d301780df049',NULL,0,'2018-02-21 05:35:19',1),(11,'playerVirtual1873','192.168.0.200',4,-4,0,0,0,2,0,0,0,1023,1047552,10230,0,0,0,7,'2c6e7315fd3361fbbed8c237bdf78f0e7021d90f',NULL,0,'2018-02-21 05:44:17',1),(12,'playerVirtual1908','192.168.0.200',4,-6,0,0,0,3,0,0,0,1023,1047552,10230,0,0,0,7,'89b09b2540dfc3e1584fe1e61d1d3a7233643bba',NULL,0,'2018-02-21 05:53:15',1),(13,'playerVirtual1791','192.168.0.200',4,-8,0,1,0,4,0,0,0,1023,1047552,10230,0,0,0,7,'31c041b29c103f6ab4f6bca8a8c723ae2a91e391',NULL,0,'2018-02-21 06:25:09',1),(14,'playerVirtual19','192.168.0.200',2,4.63,4,0,10,2,6,4,0,1023,1047552,10230,7,8192,64,7,'8160c5404bab24f8596d576bf087b5db782cd0c6',NULL,1,'2018-02-21 07:03:37',0),(15,'playerVirtual1077','192.168.0.200',4,-2,0,0,0,1,0,0,0,1023,1047552,10230,0,0,0,7,'6c8133266e11f6b250cd68b5423103c38d1446c4',NULL,0,'2018-02-21 06:40:13',1),(16,'playerVirtual1183','192.168.0.200',3,-2,1,0,0,1,0,0,0,1023,1047552,10230,0,0,0,7,'14a978a49885854eaf8ee4080be865de02017cd4',NULL,1,'2018-02-21 07:02:30',1);
/*!40000 ALTER TABLE `PLAYER` ENABLE KEYS */;
UNLOCK TABLES;

--
-- Table structure for table `REQUEST`
--

DROP TABLE IF EXISTS `REQUEST`;
/*!40101 SET @saved_cs_client     = @@character_set_client */;
/*!40101 SET character_set_client = utf8 */;
CREATE TABLE `REQUEST` (
  `id` int(11) NOT NULL AUTO_INCREMENT,
  `player_id` varchar(45) NOT NULL,
  `request_id` varchar(45) NOT NULL,
  `action` int(11) NOT NULL,
  `timestamp_received` timestamp NULL DEFAULT NULL,
  `timestamp_finished` timestamp NULL DEFAULT NULL,
  `status` int(11) NOT NULL,
  PRIMARY KEY (`id`)
) ENGINE=InnoDB AUTO_INCREMENT=378 DEFAULT CHARSET=utf8;
/*!40101 SET character_set_client = @saved_cs_client */;

--
-- Dumping data for table `REQUEST`
--

LOCK TABLES `REQUEST` WRITE;
/*!40000 ALTER TABLE `REQUEST` DISABLE KEYS */;
INSERT INTO `REQUEST` VALUES (1,'playerVirtual0','playerVirtual0_9793f79497',4,'2018-02-21 04:36:42',NULL,0),(2,'playerVirtual2','playerVirtual2_ea36aad196',4,'2018-02-21 04:36:50',NULL,0),(3,'playerVirtual0','playerVirtual0_450512000',0,'2018-02-21 04:37:44',NULL,0),(4,'playerVirtual0','playerVirtual0_450512000',0,'2018-02-21 04:37:44',NULL,0),(5,'playerVirtual2','playerVirtual2_1438244924',0,'2018-02-21 04:37:54',NULL,0),(6,'playerVirtual2','playerVirtual2_1438244924',0,'2018-02-21 04:37:54',NULL,0),(7,'playerVirtual0','playerVirtual0_61ff1488ca',3,'2018-02-21 04:38:44',NULL,0),(8,'playerVirtual2','playerVirtual2_e07f35455c',3,'2018-02-21 04:38:54',NULL,0),(9,'playerVirtual0','playerVirtual0_640692267',0,'2018-02-21 04:39:49',NULL,0),(10,'playerVirtual0','playerVirtual0_640692267',0,'2018-02-21 04:39:49',NULL,0),(11,'playerVirtual2','playerVirtual2_2381571381',0,'2018-02-21 04:39:58',NULL,0),(12,'playerVirtual2','playerVirtual2_2381571381',0,'2018-02-21 04:39:58',NULL,0),(13,'playerVirtual0','playerVirtual0_d103c68705',4,'2018-02-21 04:40:49',NULL,0),(14,'playerVirtual2','playerVirtual2_79b370958b',4,'2018-02-21 04:40:58',NULL,0),(15,'playerVirtual0','playerVirtual0_5297461910',0,'2018-02-21 04:41:52',NULL,0),(16,'playerVirtual0','playerVirtual0_5297461910',0,'2018-02-21 04:41:53',NULL,0),(17,'playerVirtual2','playerVirtual2_2790332778',0,'2018-02-21 04:42:06',NULL,0),(18,'playerVirtual2','playerVirtual2_2790332778',0,'2018-02-21 04:42:06',NULL,0),(19,'playerVirtual0','playerVirtual0_482e69f97b',3,'2018-02-21 04:42:53',NULL,0),(20,'playerVirtual2','playerVirtual2_7fac0eb826',3,'2018-02-21 04:43:06',NULL,0),(21,'playerVirtual0','playerVirtual0_369721705',0,'2018-02-21 04:44:02',NULL,0),(22,'playerVirtual0','playerVirtual0_369721705',0,'2018-02-21 04:44:02',NULL,0),(23,'playerVirtual2','playerVirtual2_317469422',0,'2018-02-21 04:44:11',NULL,0),(24,'playerVirtual2','playerVirtual2_317469422',0,'2018-02-21 04:44:11',NULL,0),(25,'playerVirtual0','playerVirtual0_8d3cfcedeb',4,'2018-02-21 04:45:02',NULL,0),(26,'playerVirtual2','playerVirtual2_b18f55ccae',4,'2018-02-21 04:45:11',NULL,0),(27,'playerVirtual2','playerVirtual2_257338104',0,'2018-02-21 04:46:19',NULL,0),(28,'playerVirtual4','playerVirtual4_9eab91b042',4,'2018-02-21 04:46:49',NULL,0),(29,'playerVirtual2','playerVirtual2_f9ff75a123',3,'2018-02-21 04:47:19',NULL,0),(30,'playerVirtual4','playerVirtual4_3584940347',0,'2018-02-21 04:48:02',NULL,0),(31,'playerVirtual1237','playerVirtual1237_57aab2882a',4,'2018-02-21 04:48:11',NULL,0),(32,'playerVirtual2','playerVirtual2_2433236783',0,'2018-02-21 04:48:25',NULL,0),(33,'playerVirtual2','playerVirtual2_2433236783',0,'2018-02-21 04:48:25',NULL,0),(34,'playerVirtual4','playerVirtual4_592f13555c',3,'2018-02-21 04:49:02',NULL,0),(35,'playerVirtual2','playerVirtual2_3cad0076ea',4,'2018-02-21 04:49:25',NULL,0),(36,'playerVirtual1237','playerVirtual1237_3338579772',0,'2018-02-21 04:49:25',NULL,0),(37,'playerVirtual1237','playerVirtual1237_3338579772',0,'2018-02-21 04:49:26',NULL,0),(38,'playerVirtual4','playerVirtual4_257407216',0,'2018-02-21 04:50:03',NULL,0),(39,'playerVirtual4','playerVirtual4_257407216',0,'2018-02-21 04:50:04',NULL,0),(40,'playerVirtual1237','playerVirtual1237_253ca45f45',3,'2018-02-21 04:50:26',NULL,0),(41,'playerVirtual2','playerVirtual2_182859403',0,'2018-02-21 04:50:41',NULL,0),(42,'playerVirtual2','playerVirtual2_182859403',0,'2018-02-21 04:50:41',NULL,0),(43,'playerVirtual4','playerVirtual4_9c06f27d7a',4,'2018-02-21 04:51:03',NULL,0),(44,'playerVirtual1237','playerVirtual1237_2359368952',0,'2018-02-21 04:51:36',NULL,0),(45,'playerVirtual1237','playerVirtual1237_2359368952',0,'2018-02-21 04:51:36',NULL,0),(46,'playerVirtual2','playerVirtual2_2c38bcfa8d',3,'2018-02-21 04:51:41',NULL,0),(47,'playerVirtual4','playerVirtual4_16917741',0,'2018-02-21 04:52:30',NULL,0),(48,'playerVirtual4','playerVirtual4_16917741',0,'2018-02-21 04:52:30',NULL,0),(49,'playerVirtual1237','playerVirtual1237_d2f0d0b3bf',4,'2018-02-21 04:52:36',NULL,0),(50,'playerVirtual2','playerVirtual2_2545640208',0,'2018-02-21 04:53:01',NULL,0),(51,'playerVirtual2','playerVirtual2_2545640208',0,'2018-02-21 04:53:02',NULL,0),(52,'playerVirtual4','playerVirtual4_377ef41847',3,'2018-02-21 04:53:30',NULL,0),(53,'playerVirtual2','playerVirtual2_0f16b94446',4,'2018-02-21 04:54:02',NULL,0),(54,'playerVirtual1237','playerVirtual1237_908315',0,'2018-02-21 04:54:03',NULL,0),(55,'playerVirtual1237','playerVirtual1237_908315',0,'2018-02-21 04:54:04',NULL,0),(56,'playerVirtual4','playerVirtual4_539194189',0,'2018-02-21 04:54:49',NULL,0),(57,'playerVirtual4','playerVirtual4_539194189',0,'2018-02-21 04:54:50',NULL,0),(58,'playerVirtual1237','playerVirtual1237_4252db5a2d',3,'2018-02-21 04:55:03',NULL,0),(59,'playerVirtual4','playerVirtual4_978c33aa67',4,'2018-02-21 04:55:49',NULL,0),(60,'playerVirtual2','playerVirtual2_4820204870',0,'2018-02-21 04:56:08',NULL,0),(61,'playerVirtual2','playerVirtual2_4820204870',0,'2018-02-21 04:56:08',NULL,0),(62,'playerVirtual6','playerVirtual6_118b053e2a',4,'2018-02-21 04:56:47',NULL,0),(63,'playerVirtual2','playerVirtual2_908c684341',3,'2018-02-21 04:57:08',NULL,0),(64,'playerVirtual4','playerVirtual4_1429160667',0,'2018-02-21 04:58:48',NULL,0),(65,'playerVirtual4','playerVirtual4_1429160667',0,'2018-02-21 04:58:48',NULL,0),(66,'playerVirtual2','playerVirtual2_82730999',0,'2018-02-21 04:59:25',NULL,0),(67,'playerVirtual2','playerVirtual2_82730999',0,'2018-02-21 04:59:25',NULL,0),(68,'playerVirtual4','playerVirtual4_669f45537e',3,'2018-02-21 04:59:48',NULL,0),(69,'playerVirtual1834','playerVirtual1834_da54a987ca',4,'2018-02-21 04:59:57',NULL,0),(70,'playerVirtual6','playerVirtual6_3338010893',0,'2018-02-21 05:00:06',NULL,0),(71,'playerVirtual6','playerVirtual6_3338010893',0,'2018-02-21 05:00:06',NULL,0),(72,'playerVirtual2','playerVirtual2_5f2f36ac29',4,'2018-02-21 05:00:25',NULL,0),(73,'playerVirtual6','playerVirtual6_87358d7ae3',3,'2018-02-21 05:01:06',NULL,0),(74,'playerVirtual4','playerVirtual4_351652724',0,'2018-02-21 05:01:14',NULL,0),(75,'playerVirtual4','playerVirtual4_351652724',0,'2018-02-21 05:01:14',NULL,0),(76,'playerVirtual4','playerVirtual4_22822cbf7e',4,'2018-02-21 05:02:14',NULL,0),(77,'playerVirtual6','playerVirtual6_1436344784',0,'2018-02-21 05:02:18',NULL,0),(78,'playerVirtual6','playerVirtual6_1436344784',0,'2018-02-21 05:02:19',NULL,0),(79,'playerVirtual2','playerVirtual2_778566023',0,'2018-02-21 05:02:35',NULL,0),(80,'playerVirtual2','playerVirtual2_778566023',0,'2018-02-21 05:02:35',NULL,0),(81,'playerVirtual6','playerVirtual6_f7a01ac9de',4,'2018-02-21 05:03:19',NULL,0),(82,'playerVirtual1834','playerVirtual1834_6571218',0,'2018-02-21 05:03:22',NULL,0),(83,'playerVirtual1834','playerVirtual1834_6571218',0,'2018-02-21 05:03:22',NULL,0),(84,'playerVirtual2','playerVirtual2_1aa833c04d',3,'2018-02-21 05:03:35',NULL,0),(85,'playerVirtual1834','playerVirtual1834_5acfac1779',3,'2018-02-21 05:04:22',NULL,0),(86,'playerVirtual4','playerVirtual4_1339662',0,'2018-02-21 05:05:20',NULL,0),(87,'playerVirtual4','playerVirtual4_1339662',0,'2018-02-21 05:05:20',NULL,0),(88,'playerVirtual2','playerVirtual2_284794223',0,'2018-02-21 05:05:57',NULL,0),(89,'playerVirtual2','playerVirtual2_284794223',0,'2018-02-21 05:05:58',NULL,0),(90,'playerVirtual4','playerVirtual4_4661cd096d',3,'2018-02-21 05:06:20',NULL,0),(91,'playerVirtual6','playerVirtual6_317497342',0,'2018-02-21 05:06:39',NULL,0),(92,'playerVirtual8','playerVirtual8_dbb9fe0d17',4,'2018-02-21 05:06:49',NULL,0),(93,'playerVirtual2','playerVirtual2_bd507dd61c',4,'2018-02-21 05:06:58',NULL,0),(94,'playerVirtual1752','playerVirtual1752_25d4f84adc',4,'2018-02-21 05:07:32',NULL,0),(95,'playerVirtual6','playerVirtual6_f8c5734c56',3,'2018-02-21 05:07:39',NULL,0),(96,'playerVirtual4','playerVirtual4_904011',0,'2018-02-21 05:07:47',NULL,0),(97,'playerVirtual4','playerVirtual4_904011',0,'2018-02-21 05:07:47',NULL,0),(98,'playerVirtual4','playerVirtual4_cc200f72f5',4,'2018-02-21 05:08:47',NULL,0),(99,'playerVirtual6','playerVirtual6_1093460',0,'2018-02-21 05:08:53',NULL,0),(100,'playerVirtual6','playerVirtual6_1093460',0,'2018-02-21 05:08:54',NULL,0),(101,'playerVirtual2','playerVirtual2_257338074',0,'2018-02-21 05:09:09',NULL,0),(102,'playerVirtual2','playerVirtual2_257338074',0,'2018-02-21 05:09:09',NULL,0),(103,'playerVirtual6','playerVirtual6_ff4df01b62',4,'2018-02-21 05:09:53',NULL,0),(104,'playerVirtual2','playerVirtual2_7e01c470a0',3,'2018-02-21 05:10:09',NULL,0),(105,'playerVirtual8','playerVirtual8_2904109077',0,'2018-02-21 05:10:22',NULL,0),(106,'playerVirtual8','playerVirtual8_2904109077',0,'2018-02-21 05:10:23',NULL,0),(107,'playerVirtual1752','playerVirtual1752_905614',0,'2018-02-21 05:11:06',NULL,0),(108,'playerVirtual1752','playerVirtual1752_905614',0,'2018-02-21 05:11:07',NULL,0),(109,'playerVirtual8','playerVirtual8_dc05ec84fd',3,'2018-02-21 05:11:23',NULL,0),(110,'playerVirtual4','playerVirtual4_6569547',0,'2018-02-21 05:11:56',NULL,0),(111,'playerVirtual4','playerVirtual4_6569547',0,'2018-02-21 05:11:56',NULL,0),(112,'playerVirtual1752','playerVirtual1752_0b2dfa7b33',3,'2018-02-21 05:12:06',NULL,0),(113,'playerVirtual8','playerVirtual8_5792765',0,'2018-02-21 05:12:30',NULL,0),(114,'playerVirtual8','playerVirtual8_5792765',0,'2018-02-21 05:12:30',NULL,0),(115,'playerVirtual2','playerVirtual2_30788568',0,'2018-02-21 05:12:37',NULL,0),(116,'playerVirtual2','playerVirtual2_30788568',0,'2018-02-21 05:12:38',NULL,0),(117,'playerVirtual4','playerVirtual4_5a2e919bc5',3,'2018-02-21 05:12:56',NULL,0),(118,'playerVirtual6','playerVirtual6_470485660',0,'2018-02-21 05:13:16',NULL,0),(119,'playerVirtual6','playerVirtual6_470485660',0,'2018-02-21 05:13:16',NULL,0),(120,'playerVirtual1752','playerVirtual1752_38671842',0,'2018-02-21 05:13:20',NULL,0),(121,'playerVirtual1752','playerVirtual1752_38671842',0,'2018-02-21 05:13:21',NULL,0),(122,'playerVirtual8','playerVirtual8_8830cf9668',4,'2018-02-21 05:13:30',NULL,0),(123,'playerVirtual2','playerVirtual2_44fb34dc80',4,'2018-02-21 05:13:37',NULL,0),(124,'playerVirtual6','playerVirtual6_46e58658a1',3,'2018-02-21 05:14:16',NULL,0),(125,'playerVirtual1752','playerVirtual1752_f1e22c1198',4,'2018-02-21 05:14:21',NULL,0),(126,'playerVirtual4','playerVirtual4_400453824',0,'2018-02-21 05:14:35',NULL,0),(127,'playerVirtual4','playerVirtual4_400453824',0,'2018-02-21 05:14:35',NULL,0),(128,'playerVirtual4','playerVirtual4_5bf6ebf732',4,'2018-02-21 05:15:35',NULL,0),(129,'playerVirtual6','playerVirtual6_4820217293',0,'2018-02-21 05:15:54',NULL,0),(130,'playerVirtual6','playerVirtual6_4820217293',0,'2018-02-21 05:15:55',NULL,0),(131,'playerVirtual2','playerVirtual2_4819935267',0,'2018-02-21 05:16:06',NULL,0),(132,'playerVirtual2','playerVirtual2_4819935267',0,'2018-02-21 05:16:06',NULL,0),(133,'playerVirtual10','playerVirtual10_9cd2a96d27',4,'2018-02-21 05:16:49',NULL,0),(134,'playerVirtual6','playerVirtual6_34b08828cb',4,'2018-02-21 05:16:55',NULL,0),(135,'playerVirtual2','playerVirtual2_3c8dc21e9b',3,'2018-02-21 05:17:06',NULL,0),(136,'playerVirtual8','playerVirtual8_4820318661',0,'2018-02-21 05:17:18',NULL,0),(137,'playerVirtual8','playerVirtual8_4820318661',0,'2018-02-21 05:17:19',NULL,0),(138,'playerVirtual8','playerVirtual8_60dca08cba',3,'2018-02-21 05:18:19',NULL,0),(139,'playerVirtual4','playerVirtual4_2378747961',0,'2018-02-21 05:19:05',NULL,0),(140,'playerVirtual4','playerVirtual4_2378747961',0,'2018-02-21 05:19:06',NULL,0),(141,'playerVirtual4','playerVirtual4_711975548b',3,'2018-02-21 05:20:06',NULL,0),(142,'playerVirtual1374','playerVirtual1374_0aae30dd2b',4,'2018-02-21 05:20:10',NULL,0),(143,'playerVirtual8','playerVirtual8_2148750930',0,'2018-02-21 05:21:03',NULL,0),(144,'playerVirtual10','playerVirtual10_5068098508',0,'2018-02-21 05:21:04',NULL,0),(145,'playerVirtual8','playerVirtual8_2148750930',0,'2018-02-21 05:21:04',NULL,0),(146,'playerVirtual10','playerVirtual10_5068098508',0,'2018-02-21 05:21:05',NULL,0),(147,'playerVirtual2','playerVirtual2_1095593',0,'2018-02-21 05:21:05',NULL,0),(148,'playerVirtual2','playerVirtual2_1095593',0,'2018-02-21 05:21:05',NULL,0),(149,'playerVirtual6','playerVirtual6_227443932',0,'2018-02-21 05:21:44',NULL,0),(150,'playerVirtual6','playerVirtual6_227443932',0,'2018-02-21 05:21:44',NULL,0),(151,'playerVirtual8','playerVirtual8_b6c4007fe8',4,'2018-02-21 05:22:04',NULL,0),(152,'playerVirtual10','playerVirtual10_5b6b513475',3,'2018-02-21 05:22:05',NULL,0),(153,'playerVirtual2','playerVirtual2_adeb3f68b0',4,'2018-02-21 05:22:07',NULL,0),(154,'playerVirtual6','playerVirtual6_629b03bb37',3,'2018-02-21 05:22:44',NULL,0),(155,'playerVirtual4','playerVirtual4_563574327',0,'2018-02-21 05:23:11',NULL,0),(156,'playerVirtual4','playerVirtual4_563574327',0,'2018-02-21 05:23:11',NULL,0),(157,'playerVirtual4','playerVirtual4_b98698edd6',4,'2018-02-21 05:24:11',NULL,0),(158,'playerVirtual10','playerVirtual10_5623125514',0,'2018-02-21 05:24:34',NULL,0),(159,'playerVirtual10','playerVirtual10_5623125514',0,'2018-02-21 05:24:35',NULL,0),(160,'playerVirtual6','playerVirtual6_272887063',0,'2018-02-21 05:24:41',NULL,0),(161,'playerVirtual6','playerVirtual6_272887063',0,'2018-02-21 05:24:42',NULL,0),(162,'playerVirtual2','playerVirtual2_284757920',0,'2018-02-21 05:24:52',NULL,0),(163,'playerVirtual2','playerVirtual2_284757920',0,'2018-02-21 05:24:52',NULL,0),(164,'playerVirtual10','playerVirtual10_efcdebdfd3',4,'2018-02-21 05:25:35',NULL,0),(165,'playerVirtual6','playerVirtual6_0d8f822bc7',4,'2018-02-21 05:25:42',NULL,0),(166,'playerVirtual1374','playerVirtual1374_765651',0,'2018-02-21 05:25:49',NULL,0),(167,'playerVirtual1374','playerVirtual1374_765651',0,'2018-02-21 05:25:49',NULL,0),(168,'playerVirtual2','playerVirtual2_bcb672990d',3,'2018-02-21 05:25:52',NULL,0),(169,'playerVirtual8','playerVirtual8_16915963',0,'2018-02-21 05:26:01',NULL,0),(170,'playerVirtual8','playerVirtual8_16915963',0,'2018-02-21 05:26:01',NULL,0),(171,'playerVirtual1374','playerVirtual1374_d44daed1df',3,'2018-02-21 05:26:49',NULL,0),(172,'playerVirtual8','playerVirtual8_7f3daa0544',3,'2018-02-21 05:27:01',NULL,0),(173,'playerVirtual4','playerVirtual4_6274355716',0,'2018-02-21 05:27:57',NULL,0),(174,'playerVirtual4','playerVirtual4_6274355716',0,'2018-02-21 05:27:57',NULL,0),(175,'playerVirtual4','playerVirtual4_35fd14a69b',3,'2018-02-21 05:28:57',NULL,0),(176,'playerVirtual1374','playerVirtual1374_4820204870',0,'2018-02-21 05:29:22',NULL,0),(177,'playerVirtual1374','playerVirtual1374_4820204870',0,'2018-02-21 05:29:25',NULL,0),(178,'playerVirtual10','playerVirtual10_38676294',0,'2018-02-21 05:29:55',NULL,0),(179,'playerVirtual10','playerVirtual10_38676294',0,'2018-02-21 05:29:55',NULL,0),(180,'playerVirtual2','playerVirtual2_182859403',1,'2018-02-21 05:30:14',NULL,0),(181,'playerVirtual2','playerVirtual2_1a681cebca',4,'2018-02-21 05:30:15',NULL,0),(182,'playerVirtual2','playerVirtual2_182859403',1,'2018-02-21 05:30:15',NULL,0),(183,'playerVirtual1374','playerVirtual1374_506f7ec5c4',4,'2018-02-21 05:30:21',NULL,0),(184,'playerVirtual10','playerVirtual10_6092ceb9e6',3,'2018-02-21 05:30:55',NULL,0),(185,'playerVirtual8','playerVirtual8_990694203',0,'2018-02-21 05:31:28',NULL,0),(186,'playerVirtual8','playerVirtual8_990694203',0,'2018-02-21 05:31:28',NULL,0),(187,'playerVirtual6','playerVirtual6_182859403',0,'2018-02-21 05:31:38',NULL,0),(188,'playerVirtual6','playerVirtual6_182859403',0,'2018-02-21 05:31:38',NULL,0),(189,'playerVirtual8','playerVirtual8_4362dd36c8',4,'2018-02-21 05:32:30',NULL,0),(190,'playerVirtual6','playerVirtual6_8851358e73',3,'2018-02-21 05:32:38',NULL,0),(191,'playerVirtual4','playerVirtual4_990694203',0,'2018-02-21 05:33:50',NULL,0),(192,'playerVirtual4','playerVirtual4_990694203',0,'2018-02-21 05:33:50',NULL,0),(193,'playerVirtual2','playerVirtual2_4820204870',1,'2018-02-21 05:34:00',NULL,0),(194,'playerVirtual2','playerVirtual2_0becfb2203',3,'2018-02-21 05:34:01',NULL,0),(195,'playerVirtual2','playerVirtual2_4820204870',1,'2018-02-21 05:34:01',NULL,0),(196,'playerVirtual4','playerVirtual4_4fa9f1c174',4,'2018-02-21 05:34:50',NULL,0),(197,'playerVirtual6','playerVirtual6_182859403',1,'2018-02-21 05:34:51',NULL,0),(198,'playerVirtual6','playerVirtual6_372330e5e4',4,'2018-02-21 05:34:51',NULL,0),(199,'playerVirtual6','playerVirtual6_182859403',1,'2018-02-21 05:34:51',NULL,0),(200,'playerVirtual10','playerVirtual10_6280643141',0,'2018-02-21 05:35:18',NULL,0),(201,'playerVirtual10','playerVirtual10_6280643141',0,'2018-02-21 05:35:19',NULL,0),(202,'playerVirtual10','playerVirtual10_2618ef4a75',4,'2018-02-21 05:36:19',NULL,0),(203,'playerVirtual8','playerVirtual8_990694203',1,'2018-02-21 05:36:28',NULL,0),(204,'playerVirtual8','playerVirtual8_65520346c0',3,'2018-02-21 05:36:28',NULL,0),(205,'playerVirtual8','playerVirtual8_990694203',1,'2018-02-21 05:36:28',NULL,0),(206,'playerVirtual4','playerVirtual4_990694203',1,'2018-02-21 05:38:36',NULL,0),(207,'playerVirtual4','playerVirtual4_20ba8d609e',3,'2018-02-21 05:38:36',NULL,0),(208,'playerVirtual4','playerVirtual4_990694203',1,'2018-02-21 05:38:36',NULL,0),(209,'playerVirtual1873','playerVirtual1873_a9bbcaf822',4,'2018-02-21 05:38:41',NULL,0),(210,'playerVirtual2','playerVirtual2_4476462938',0,'2018-02-21 05:39:09',NULL,0),(211,'playerVirtual2','playerVirtual2_4476462938',0,'2018-02-21 05:39:10',NULL,0),(212,'playerVirtual2','playerVirtual2_0ac9614179',4,'2018-02-21 05:40:09',NULL,0),(213,'playerVirtual10','playerVirtual10_272887063',0,'2018-02-21 05:40:56',NULL,0),(214,'playerVirtual10','playerVirtual10_272887063',0,'2018-02-21 05:40:56',NULL,0),(215,'playerVirtual8','playerVirtual8_6282149131',0,'2018-02-21 05:41:30',NULL,0),(216,'playerVirtual8','playerVirtual8_6282149131',0,'2018-02-21 05:41:30',NULL,0),(217,'playerVirtual6','playerVirtual6_272887063',1,'2018-02-21 05:41:38',NULL,0),(218,'playerVirtual6','playerVirtual6_8acbe31b29',3,'2018-02-21 05:41:38',NULL,0),(219,'playerVirtual6','playerVirtual6_272887063',1,'2018-02-21 05:41:38',NULL,0),(220,'playerVirtual10','playerVirtual10_6fd62a0106',3,'2018-02-21 05:41:56',NULL,0),(221,'playerVirtual8','playerVirtual8_02b4429f33',4,'2018-02-21 05:42:30',NULL,0),(222,'playerVirtual4','playerVirtual4_2359368952',0,'2018-02-21 05:43:53',NULL,0),(223,'playerVirtual4','playerVirtual4_2359368952',0,'2018-02-21 05:43:54',NULL,0),(224,'playerVirtual6','playerVirtual6_214880781',0,'2018-02-21 05:44:16',NULL,0),(225,'playerVirtual6','playerVirtual6_214880781',0,'2018-02-21 05:44:17',NULL,0),(226,'playerVirtual2','playerVirtual2_682797',0,'2018-02-21 05:44:24',NULL,0),(227,'playerVirtual2','playerVirtual2_682797',0,'2018-02-21 05:44:24',NULL,0),(228,'playerVirtual4','playerVirtual4_de4b3a6dca',4,'2018-02-21 05:44:55',NULL,0),(229,'playerVirtual6','playerVirtual6_0fffb7cf84',4,'2018-02-21 05:45:17',NULL,0),(230,'playerVirtual2','playerVirtual2_cddee07b51',3,'2018-02-21 05:45:24',NULL,0),(231,'playerVirtual10','playerVirtual10_1094955',0,'2018-02-21 05:46:45',NULL,0),(232,'playerVirtual10','playerVirtual10_1094955',0,'2018-02-21 05:46:46',NULL,0),(233,'playerVirtual8','playerVirtual8_16914091',0,'2018-02-21 05:46:59',NULL,0),(234,'playerVirtual8','playerVirtual8_16914091',0,'2018-02-21 05:47:01',NULL,0),(235,'playerVirtual10','playerVirtual10_874eac8bb8',4,'2018-02-21 05:47:46',NULL,0),(236,'playerVirtual8','playerVirtual8_d32610c2a7',3,'2018-02-21 05:47:59',NULL,0),(237,'playerVirtual1908','playerVirtual1908_2f99295956',4,'2018-02-21 05:48:56',NULL,0),(238,'playerVirtual4','playerVirtual4_182859403',0,'2018-02-21 05:49:19',NULL,0),(239,'playerVirtual4','playerVirtual4_182859403',0,'2018-02-21 05:49:19',NULL,0),(240,'playerVirtual4','playerVirtual4_df9f768be6',3,'2018-02-21 05:50:19',NULL,0),(241,'playerVirtual2','playerVirtual2_6285257156',0,'2018-02-21 05:51:01',NULL,0),(242,'playerVirtual2','playerVirtual2_6285257156',0,'2018-02-21 05:51:01',NULL,0),(243,'playerVirtual2','playerVirtual2_824597256a',4,'2018-02-21 05:52:01',NULL,0),(244,'playerVirtual6','playerVirtual6_6641406',0,'2018-02-21 05:52:25',NULL,0),(245,'playerVirtual6','playerVirtual6_6641406',0,'2018-02-21 05:52:25',NULL,0),(246,'playerVirtual10','playerVirtual10_6955737',0,'2018-02-21 05:53:15',NULL,0),(247,'playerVirtual10','playerVirtual10_6955737',0,'2018-02-21 05:53:15',NULL,0),(248,'playerVirtual6','playerVirtual6_0a6e97f2c5',3,'2018-02-21 05:53:25',NULL,0),(249,'playerVirtual8','playerVirtual8_6955737',0,'2018-02-21 05:54:01',NULL,0),(250,'playerVirtual8','playerVirtual8_6955737',0,'2018-02-21 05:54:02',NULL,0),(251,'playerVirtual10','playerVirtual10_d3623486d3',3,'2018-02-21 05:54:17',NULL,0),(252,'playerVirtual8','playerVirtual8_c38c86a47e',4,'2018-02-21 05:55:01',NULL,0),(253,'playerVirtual4','playerVirtual4_3338579772',0,'2018-02-21 05:56:32',NULL,0),(254,'playerVirtual4','playerVirtual4_3338579772',0,'2018-02-21 05:56:32',NULL,0),(255,'playerVirtual2','playerVirtual2_95f989433a',3,'2018-02-21 05:57:02',NULL,0),(256,'playerVirtual6','playerVirtual6_2381571381',0,'2018-02-21 05:57:04',NULL,0),(257,'playerVirtual6','playerVirtual6_2381571381',0,'2018-02-21 05:57:05',NULL,0),(258,'playerVirtual4','playerVirtual4_e87aa1ac81',4,'2018-02-21 05:57:32',NULL,0),(259,'playerVirtual6','playerVirtual6_e2ec472750',4,'2018-02-21 05:58:05',NULL,0),(260,'playerVirtual10','playerVirtual10_476d0d9941',4,'2018-02-21 05:59:05',NULL,0),(261,'playerVirtual8','playerVirtual8_2378747961',0,'2018-02-21 05:59:48',NULL,0),(262,'playerVirtual8','playerVirtual8_2378747961',0,'2018-02-21 05:59:48',NULL,0),(263,'playerVirtual1791','playerVirtual1791_21965b5770',4,'2018-02-21 06:00:39',NULL,0),(264,'playerVirtual8','playerVirtual8_b73509e756',3,'2018-02-21 06:00:48',NULL,0),(265,'playerVirtual19','playerVirtual19_8ab9e61017',4,'2018-02-21 06:01:50',NULL,0),(266,'playerVirtual4','playerVirtual4_2378747961',1,'2018-02-21 06:02:08',NULL,0),(267,'playerVirtual4','playerVirtual4_12b93ba48e',3,'2018-02-21 06:02:08',NULL,0),(268,'playerVirtual4','playerVirtual4_2378747961',1,'2018-02-21 06:02:08',NULL,0),(269,'playerVirtual2','playerVirtual2_6f9d539ff4',4,'2018-02-21 06:02:49',NULL,0),(270,'playerVirtual10','playerVirtual10_1438244924',0,'2018-02-21 06:05:44',NULL,0),(271,'playerVirtual10','playerVirtual10_1438244924',0,'2018-02-21 06:05:45',NULL,0),(272,'playerVirtual6','playerVirtual6_6289355687',0,'2018-02-21 06:05:48',NULL,0),(273,'playerVirtual6','playerVirtual6_6289355687',0,'2018-02-21 06:05:48',NULL,0),(274,'playerVirtual10','playerVirtual10_9f93c25e9d',3,'2018-02-21 06:06:45',NULL,0),(275,'playerVirtual6','playerVirtual6_48bab87eee',3,'2018-02-21 06:06:48',NULL,0),(276,'playerVirtual8','playerVirtual8_1436344784',0,'2018-02-21 06:07:49',NULL,0),(277,'playerVirtual8','playerVirtual8_1436344784',0,'2018-02-21 06:07:49',NULL,0),(278,'playerVirtual8','playerVirtual8_3f6c9d5ee9',4,'2018-02-21 06:08:51',NULL,0),(279,'playerVirtual2','playerVirtual2_1095593',1,'2018-02-21 06:09:11',NULL,0),(280,'playerVirtual2','playerVirtual2_6781744a72',3,'2018-02-21 06:09:11',NULL,0),(281,'playerVirtual2','playerVirtual2_1095593',1,'2018-02-21 06:09:11',NULL,0),(282,'playerVirtual4','playerVirtual4_990694203',0,'2018-02-21 06:10:06',NULL,0),(283,'playerVirtual4','playerVirtual4_f61eb66dd3',4,'2018-02-21 06:10:06',NULL,0),(284,'playerVirtual4','playerVirtual4_990694203',0,'2018-02-21 06:10:07',NULL,0),(285,'playerVirtual6','playerVirtual6_e928e36480',4,'2018-02-21 06:10:54',NULL,0),(286,'playerVirtual1791','playerVirtual1791_6289704471',0,'2018-02-21 06:11:10',NULL,0),(287,'playerVirtual1791','playerVirtual1791_6289704471',0,'2018-02-21 06:11:10',NULL,0),(288,'playerVirtual1791','playerVirtual1791_6ac467156c',3,'2018-02-21 06:12:10',NULL,0),(289,'playerVirtual19','playerVirtual19_794070039',0,'2018-02-21 06:12:46',NULL,0),(290,'playerVirtual19','playerVirtual19_794070039',0,'2018-02-21 06:12:46',NULL,0),(291,'playerVirtual19','playerVirtual19_07ee597990',3,'2018-02-21 06:13:46',NULL,0),(292,'playerVirtual10','playerVirtual10_6296268057',0,'2018-02-21 06:13:59',NULL,0),(293,'playerVirtual10','playerVirtual10_6296268057',0,'2018-02-21 06:14:02',NULL,0),(294,'playerVirtual8','playerVirtual8_2869a751bb',3,'2018-02-21 06:14:07',NULL,0),(295,'playerVirtual4','playerVirtual4_990694203',1,'2018-02-21 06:14:42',NULL,0),(296,'playerVirtual4','playerVirtual4_d5f8ae1f66',3,'2018-02-21 06:14:42',NULL,0),(297,'playerVirtual4','playerVirtual4_990694203',1,'2018-02-21 06:14:42',NULL,0),(298,'playerVirtual10','playerVirtual10_79d9a46d2b',4,'2018-02-21 06:14:59',NULL,0),(299,'playerVirtual2','playerVirtual2_6296865278',0,'2018-02-21 06:16:54',NULL,0),(300,'playerVirtual2','playerVirtual2_6296865278',0,'2018-02-21 06:16:54',NULL,0),(301,'playerVirtual1791','playerVirtual1791_6264344062',0,'2018-02-21 06:17:28',NULL,0),(302,'playerVirtual1791','playerVirtual1791_6264344062',0,'2018-02-21 06:17:28',NULL,0),(303,'playerVirtual2','playerVirtual2_768e4c40d6',4,'2018-02-21 06:17:54',NULL,0),(304,'playerVirtual1791','playerVirtual1791_384bb559f8',4,'2018-02-21 06:18:28',NULL,0),(305,'playerVirtual19','playerVirtual19_990694203',0,'2018-02-21 06:18:50',NULL,0),(306,'playerVirtual19','playerVirtual19_990694203',0,'2018-02-21 06:18:50',NULL,0),(307,'playerVirtual19','playerVirtual19_9fb365ee7f',4,'2018-02-21 06:19:50',NULL,0),(308,'playerVirtual6','playerVirtual6_182859403',0,'2018-02-21 06:21:58',NULL,0),(309,'playerVirtual6','playerVirtual6_79a037e25a',3,'2018-02-21 06:21:58',NULL,0),(310,'playerVirtual6','playerVirtual6_182859403',0,'2018-02-21 06:21:58',NULL,0),(311,'playerVirtual4','playerVirtual4_6274355716',1,'2018-02-21 06:23:57',NULL,0),(312,'playerVirtual4','playerVirtual4_870c673975',4,'2018-02-21 06:23:57',NULL,0),(313,'playerVirtual4','playerVirtual4_6274355716',1,'2018-02-21 06:23:57',NULL,0),(314,'playerVirtual10','playerVirtual10_5297461910',0,'2018-02-21 06:24:48',NULL,0),(315,'playerVirtual10','playerVirtual10_5297461910',0,'2018-02-21 06:24:49',NULL,0),(316,'playerVirtual8','playerVirtual8_6301942525',0,'2018-02-21 06:25:08',NULL,0),(317,'playerVirtual8','playerVirtual8_6301942525',0,'2018-02-21 06:25:09',NULL,0),(318,'playerVirtual10','playerVirtual10_00149b7163',3,'2018-02-21 06:25:48',NULL,0),(319,'playerVirtual6','playerVirtual6_182859403',1,'2018-02-21 06:26:02',NULL,0),(320,'playerVirtual6','playerVirtual6_edfc31db5e',4,'2018-02-21 06:26:02',NULL,0),(321,'playerVirtual6','playerVirtual6_182859403',1,'2018-02-21 06:26:02',NULL,0),(322,'playerVirtual8','playerVirtual8_3e356c7b16',4,'2018-02-21 06:26:09',NULL,0),(323,'playerVirtual2','playerVirtual2_6289704471',0,'2018-02-21 06:28:16',NULL,0),(324,'playerVirtual2','playerVirtual2_6289704471',0,'2018-02-21 06:28:16',NULL,0),(325,'playerVirtual2','playerVirtual2_41b2e9da48',3,'2018-02-21 06:29:16',NULL,0),(326,'playerVirtual4','playerVirtual4_d598dd4b84',3,'2018-02-21 06:29:51',NULL,0),(327,'playerVirtual19','playerVirtual19_68078605f7',3,'2018-02-21 06:30:49',NULL,0),(328,'playerVirtual10','playerVirtual10_5068098508',1,'2018-02-21 06:33:35',NULL,0),(329,'playerVirtual10','playerVirtual10_ef29e841d6',4,'2018-02-21 06:33:35',NULL,0),(330,'playerVirtual10','playerVirtual10_5068098508',1,'2018-02-21 06:33:35',NULL,0),(331,'playerVirtual8','playerVirtual8_6274355716',0,'2018-02-21 06:33:55',NULL,0),(332,'playerVirtual8','playerVirtual8_6274355716',0,'2018-02-21 06:33:56',NULL,0),(333,'playerVirtual8','playerVirtual8_f282fdeae6',3,'2018-02-21 06:34:55',NULL,0),(334,'playerVirtual2','playerVirtual2_182859403',0,'2018-02-21 06:37:46',NULL,0),(335,'playerVirtual2','playerVirtual2_ff7169784f',4,'2018-02-21 06:37:46',NULL,0),(336,'playerVirtual2','playerVirtual2_182859403',0,'2018-02-21 06:37:48',NULL,0),(337,'playerVirtual19','playerVirtual19_539194189',0,'2018-02-21 06:38:50',NULL,0),(338,'playerVirtual19','playerVirtual19_539194189',0,'2018-02-21 06:38:50',NULL,0),(339,'playerVirtual1077','playerVirtual1077_509ee9c02a',4,'2018-02-21 06:39:30',NULL,0),(340,'playerVirtual19','playerVirtual19_efeafae601',4,'2018-02-21 06:39:50',NULL,0),(341,'playerVirtual6','playerVirtual6_1095593',0,'2018-02-21 06:40:13',NULL,0),(342,'playerVirtual6','playerVirtual6_1095593',0,'2018-02-21 06:40:13',NULL,0),(343,'playerVirtual6','playerVirtual6_7771557393',3,'2018-02-21 06:41:13',NULL,0),(344,'playerVirtual4','playerVirtual4_904011',1,'2018-02-21 06:42:03',NULL,0),(345,'playerVirtual4','playerVirtual4_fd8fcc6cc5',4,'2018-02-21 06:42:03',NULL,0),(346,'playerVirtual4','playerVirtual4_904011',1,'2018-02-21 06:42:04',NULL,0),(347,'playerVirtual6','playerVirtual6_b0cd5dc344',4,'2018-02-21 06:45:28',NULL,0),(348,'playerVirtual10','playerVirtual10_4246147567',0,'2018-02-21 06:46:18',NULL,0),(349,'playerVirtual10','playerVirtual10_4246147567',0,'2018-02-21 06:46:18',NULL,0),(350,'playerVirtual10','playerVirtual10_d9d7f4f7c1',3,'2018-02-21 06:47:18',NULL,0),(351,'playerVirtual8','playerVirtual8_6289704471',0,'2018-02-21 06:47:59',NULL,0),(352,'playerVirtual8','playerVirtual8_6289704471',0,'2018-02-21 06:47:59',NULL,0),(353,'playerVirtual2','playerVirtual2_6289704471',1,'2018-02-21 06:48:26',NULL,0),(354,'playerVirtual2','playerVirtual2_cd3ff0dc94',3,'2018-02-21 06:48:26',NULL,0),(355,'playerVirtual2','playerVirtual2_6289704471',1,'2018-02-21 06:48:26',NULL,0),(356,'playerVirtual4','playerVirtual4_35f6be1ef8',3,'2018-02-21 06:48:34',NULL,0),(357,'playerVirtual8','playerVirtual8_db731dd930',4,'2018-02-21 06:48:59',NULL,0),(358,'playerVirtual19','playerVirtual19_4246147567',0,'2018-02-21 06:52:54',NULL,0),(359,'playerVirtual19','playerVirtual19_4246147567',0,'2018-02-21 06:52:54',NULL,0),(360,'playerVirtual19','playerVirtual19_edbc75eafb',3,'2018-02-21 06:53:54',NULL,0),(361,'playerVirtual10','playerVirtual10_4246147567',1,'2018-02-21 06:55:04',NULL,0),(362,'playerVirtual10','playerVirtual10_c97f2e2901',4,'2018-02-21 06:55:05',NULL,0),(363,'playerVirtual10','playerVirtual10_4246147567',1,'2018-02-21 06:55:05',NULL,0),(364,'playerVirtual8','playerVirtual8_4246147567',0,'2018-02-21 06:57:40',NULL,0),(365,'playerVirtual8','playerVirtual8_4246147567',0,'2018-02-21 06:57:41',NULL,0),(366,'playerVirtual8','playerVirtual8_6aca6bc4ba',3,'2018-02-21 06:58:40',NULL,0),(367,'playerVirtual2','playerVirtual2_6315250734',0,'2018-02-21 06:59:13',NULL,0),(368,'playerVirtual2','playerVirtual2_6315250734',0,'2018-02-21 06:59:14',NULL,0),(369,'playerVirtual2','playerVirtual2_3a534be137',4,'2018-02-21 07:00:14',NULL,0),(370,'playerVirtual1183','playerVirtual1183_29afbff8c9',4,'2018-02-21 07:01:34',NULL,0),(371,'playerVirtual19','playerVirtual19_f77c6f2c12',4,'2018-02-21 07:01:58',NULL,0),(372,'playerVirtual6','playerVirtual6_4246147567',0,'2018-02-21 07:02:30',NULL,0),(373,'playerVirtual6','playerVirtual6_4246147567',0,'2018-02-21 07:02:30',NULL,0),(374,'playerVirtual6','playerVirtual6_1ac3aedd1d',3,'2018-02-21 07:03:30',NULL,0),(375,'playerVirtual4','playerVirtual4_4246147567',0,'2018-02-21 07:03:37',NULL,0),(376,'playerVirtual4','playerVirtual4_4246147567',0,'2018-02-21 07:03:37',NULL,0),(377,'playerVirtual4','playerVirtual4_226f935c45',4,'2018-02-21 07:04:37',NULL,0);
/*!40000 ALTER TABLE `REQUEST` ENABLE KEYS */;
UNLOCK TABLES;

--
-- Table structure for table `STATUS`
--

DROP TABLE IF EXISTS `STATUS`;
/*!40101 SET @saved_cs_client     = @@character_set_client */;
/*!40101 SET character_set_client = utf8 */;
CREATE TABLE `STATUS` (
  `id` int(11) NOT NULL AUTO_INCREMENT,
  `players` int(11) DEFAULT '0',
  `all_requests` int(11) DEFAULT '0',
  `accepts` int(11) DEFAULT '0',
  `rejects` int(11) DEFAULT '0',
  `fairness` float DEFAULT '0',
  `timestamp` timestamp NULL DEFAULT NULL,
  PRIMARY KEY (`id`)
) ENGINE=InnoDB AUTO_INCREMENT=32 DEFAULT CHARSET=utf8;
/*!40101 SET character_set_client = @saved_cs_client */;

--
-- Dumping data for table `STATUS`
--

LOCK TABLES `STATUS` WRITE;
/*!40000 ALTER TABLE `STATUS` DISABLE KEYS */;
INSERT INTO `STATUS` VALUES (1,0,0,0,0,0,'2018-02-21 04:35:27'),(2,2,4,2,2,0.5,'2018-02-21 04:40:28'),(3,2,8,4,4,0.5,'2018-02-21 04:45:28'),(4,4,11,6,5,0.545455,'2018-02-21 04:50:28'),(5,4,17,10,7,0.588235,'2018-02-21 04:55:28'),(6,6,21,13,8,0.619048,'2018-02-21 05:00:28'),(7,6,26,17,9,0.653846,'2018-02-21 05:05:28'),(8,8,31,20,11,0.645161,'2018-02-21 05:10:29'),(9,8,38,26,12,0.684211,'2018-02-21 05:15:29'),(10,10,42,30,12,0.714286,'2018-02-21 05:20:29'),(11,10,50,35,15,0.7,'2018-02-21 05:25:29'),(12,10,55,38,17,0.690909,'2018-02-21 05:30:29'),(13,10,59,40,19,0.677966,'2018-02-21 05:35:29'),(14,11,60,38,22,0.633333,'2018-02-21 05:40:29'),(15,11,65,42,23,0.646154,'2018-02-21 05:45:29'),(16,12,68,43,25,0.632353,'2018-02-21 05:50:30'),(17,12,72,45,27,0.625,'2018-02-21 05:55:30'),(18,13,75,45,30,0.6,'2018-02-21 06:00:30'),(19,14,75,45,30,0.6,'2018-02-21 06:05:30'),(20,14,79,48,31,0.607595,'2018-02-21 06:10:30'),(21,14,82,50,32,0.609756,'2018-02-21 06:15:30'),(22,14,85,52,33,0.611765,'2018-02-21 06:20:30'),(23,14,88,54,34,0.613636,'2018-02-21 06:25:31'),(24,14,89,55,34,0.617977,'2018-02-21 06:30:31'),(25,14,90,56,34,0.622222,'2018-02-21 06:35:31'),(26,15,93,57,36,0.612903,'2018-02-21 06:40:31'),(27,15,93,57,36,0.612903,'2018-02-21 06:45:31'),(28,15,95,58,37,0.610526,'2018-02-21 06:50:31'),(29,15,96,58,38,0.604167,'2018-02-21 06:55:31'),(30,15,98,60,38,0.612245,'2018-02-21 07:00:32'),(31,16,100,60,40,0.6,'2018-02-21 07:05:32');
/*!40000 ALTER TABLE `STATUS` ENABLE KEYS */;
UNLOCK TABLES;

--
-- Table structure for table `THRESHOLD`
--

DROP TABLE IF EXISTS `THRESHOLD`;
/*!40101 SET @saved_cs_client     = @@character_set_client */;
/*!40101 SET character_set_client = utf8 */;
CREATE TABLE `THRESHOLD` (
  `division` int(11) NOT NULL,
  `botton` float DEFAULT '0',
  `top` float DEFAULT '0',
  PRIMARY KEY (`division`)
) ENGINE=InnoDB DEFAULT CHARSET=utf8;
/*!40101 SET character_set_client = @saved_cs_client */;

--
-- Dumping data for table `THRESHOLD`
--

LOCK TABLES `THRESHOLD` WRITE;
/*!40000 ALTER TABLE `THRESHOLD` DISABLE KEYS */;
INSERT INTO `THRESHOLD` VALUES (1,8.76,20),(2,4.38,8.76),(3,0,4.38);
/*!40000 ALTER TABLE `THRESHOLD` ENABLE KEYS */;
UNLOCK TABLES;

--
-- Table structure for table `VM`
--

DROP TABLE IF EXISTS `VM`;
/*!40101 SET @saved_cs_client     = @@character_set_client */;
/*!40101 SET character_set_client = utf8 */;
CREATE TABLE `VM` (
  `id` int(11) NOT NULL AUTO_INCREMENT,
  `origin_add` varchar(45) NOT NULL,
  `origin_id` varchar(45) NOT NULL,
  `origin_name` varchar(45) NOT NULL,
  `destiny_add` varchar(45) NOT NULL,
  `destiny_name` varchar(45) NOT NULL,
  `destiny_id` varchar(45) NOT NULL,
  `status` tinyint(1) NOT NULL,
  `has_resources` tinyint(1) NOT NULL,
  `vcpus` int(11) NOT NULL,
  `mem` bigint(20) NOT NULL,
  `disk` bigint(20) NOT NULL,
  `timestamp_received` timestamp NULL DEFAULT NULL,
  `timestamp_finished` timestamp NULL DEFAULT NULL,
  PRIMARY KEY (`id`)
) ENGINE=InnoDB AUTO_INCREMENT=101 DEFAULT CHARSET=utf8;
/*!40101 SET character_set_client = @saved_cs_client */;

--
-- Dumping data for table `VM`
--

LOCK TABLES `VM` WRITE;
/*!40000 ALTER TABLE `VM` DISABLE KEYS */;
INSERT INTO `VM` VALUES (1,'192.168.0.200','playerVirtual0_450512000','playerVirtual0','192.168.0.200','playerVirtual2','playerVirtual2_615a482529',1,1,1,2048,20,'2018-02-21 04:37:44',NULL),(2,'192.168.0.200','playerVirtual2_1438244924','playerVirtual2','192.168.0.200','playerVirtual0','playerVirtual2_1438244924',0,1,1,2048,20,'2018-02-21 04:37:54','2018-02-21 04:37:54'),(3,'192.168.0.200','playerVirtual0_640692267','playerVirtual0','192.168.0.200','playerVirtual2','playerVirtual2_79ba754090',1,1,1,512,1,'2018-02-21 04:39:50',NULL),(4,'192.168.0.200','playerVirtual2_2381571381','playerVirtual2','192.168.0.200','playerVirtual0','playerVirtual2_2381571381',0,1,1,2048,20,'2018-02-21 04:39:58','2018-02-21 04:39:58'),(5,'192.168.0.200','playerVirtual0_5297461910','playerVirtual0','192.168.0.200','playerVirtual2','playerVirtual2_2004b67983',1,1,1,512,1,'2018-02-21 04:41:53',NULL),(6,'192.168.0.200','playerVirtual2_2790332778','playerVirtual2','192.168.0.200','playerVirtual0','playerVirtual2_2790332778',0,1,2,4096,40,'2018-02-21 04:42:06','2018-02-21 04:42:06'),(7,'192.168.0.200','playerVirtual0_369721705','playerVirtual0','192.168.0.200','playerVirtual2','playerVirtual2_a7b9dfc0c5',1,1,2,4096,40,'2018-02-21 04:44:02',NULL),(8,'192.168.0.200','playerVirtual2_317469422','playerVirtual2','192.168.0.200','playerVirtual0','playerVirtual2_317469422',0,1,2,4096,40,'2018-02-21 04:44:11','2018-02-21 04:44:11'),(9,'192.168.0.200','playerVirtual2_2433236783','playerVirtual2','192.168.0.200','playerVirtual4','playerVirtual4_b6033351ca',1,1,1,2048,20,'2018-02-21 04:48:25',NULL),(10,'192.168.0.200','playerVirtual1237_3338579772','playerVirtual1237','192.168.0.200','playerVirtual4','playerVirtual4_830cfd5981',1,1,1,2048,20,'2018-02-21 04:49:26',NULL),(11,'192.168.0.200','playerVirtual4_257407216','playerVirtual4','192.168.0.200','playerVirtual1237','playerVirtual4_257407216',0,1,2,4096,40,'2018-02-21 04:50:04','2018-02-21 04:50:04'),(12,'192.168.0.200','playerVirtual2_182859403','playerVirtual2','192.168.0.200','playerVirtual4','playerVirtual4_8b180de709',3,1,1,512,1,'2018-02-21 04:50:42','2018-02-21 05:30:15'),(13,'192.168.0.200','playerVirtual1237_2359368952','playerVirtual1237','192.168.0.200','playerVirtual4','playerVirtual4_79d3ea683e',1,1,1,512,1,'2018-02-21 04:51:36',NULL),(14,'192.168.0.200','playerVirtual4_16917741','playerVirtual4','192.168.0.200','playerVirtual1237','playerVirtual4_16917741',0,1,1,512,1,'2018-02-21 04:52:31','2018-02-21 04:52:31'),(15,'192.168.0.200','playerVirtual2_2545640208','playerVirtual2','192.168.0.200','playerVirtual4','playerVirtual4_df6f6ad7a7',1,1,1,2048,20,'2018-02-21 04:53:02',NULL),(16,'192.168.0.200','playerVirtual1237_908315','playerVirtual1237','192.168.0.200','playerVirtual4','playerVirtual4_cdfa6a8d35',1,1,1,2048,20,'2018-02-21 04:54:04',NULL),(17,'192.168.0.200','playerVirtual4_539194189','playerVirtual4','192.168.0.200','playerVirtual1237','playerVirtual4_539194189',0,1,1,2048,20,'2018-02-21 04:54:50','2018-02-21 04:54:50'),(18,'192.168.0.200','playerVirtual2_4820204870','playerVirtual2','192.168.0.200','playerVirtual4','playerVirtual4_15c743621e',3,1,2,4096,40,'2018-02-21 04:56:08','2018-02-21 05:34:01'),(19,'192.168.0.200','playerVirtual4_1429160667','playerVirtual4','192.168.0.200','playerVirtual6','playerVirtual6_85f9aa8940',1,1,1,2048,20,'2018-02-21 04:58:48',NULL),(20,'192.168.0.200','playerVirtual2_82730999','playerVirtual2','192.168.0.200','playerVirtual4','playerVirtual4_c72688bfd0',1,1,1,512,1,'2018-02-21 04:59:25',NULL),(21,'192.168.0.200','playerVirtual6_3338010893','playerVirtual6','192.168.0.200','playerVirtual1834','playerVirtual6_3338010893',0,1,1,512,1,'2018-02-21 05:00:06','2018-02-21 05:00:06'),(22,'192.168.0.200','playerVirtual4_351652724','playerVirtual4','192.168.0.200','playerVirtual2','playerVirtual2_2feebdd7be',1,1,1,2048,20,'2018-02-21 05:01:15',NULL),(23,'192.168.0.200','playerVirtual6_1436344784','playerVirtual6','192.168.0.200','playerVirtual1834','playerVirtual6_1436344784',0,1,1,2048,20,'2018-02-21 05:02:19','2018-02-21 05:02:19'),(24,'192.168.0.200','playerVirtual2_778566023','playerVirtual2','192.168.0.200','playerVirtual6','playerVirtual6_81633288f3',1,1,1,512,1,'2018-02-21 05:02:35',NULL),(25,'192.168.0.200','playerVirtual1834_6571218','playerVirtual1834','192.168.0.200','playerVirtual6','playerVirtual6_adc5254c54',1,1,1,2048,20,'2018-02-21 05:03:22',NULL),(26,'192.168.0.200','playerVirtual4_1339662','playerVirtual4','192.168.0.200','playerVirtual2','playerVirtual2_e33f353d02',1,1,1,2048,20,'2018-02-21 05:05:20',NULL),(27,'192.168.0.200','playerVirtual2_284794223','playerVirtual2','192.168.0.200','playerVirtual4','playerVirtual4_dd8d3868ff',1,1,1,2048,20,'2018-02-21 05:05:58',NULL),(28,'192.168.0.200','playerVirtual4_904011','playerVirtual4','192.168.0.200','playerVirtual8','playerVirtual8_21b19a5640',3,1,1,2048,20,'2018-02-21 05:07:48','2018-02-21 06:42:04'),(29,'192.168.0.200','playerVirtual6_1093460','playerVirtual6','192.168.0.200','playerVirtual1752','playerVirtual6_1093460',0,1,1,512,1,'2018-02-21 05:08:54','2018-02-21 05:08:54'),(30,'192.168.0.200','playerVirtual2_257338074','playerVirtual2','192.168.0.200','playerVirtual6','playerVirtual6_b6e161a87b',1,1,2,4096,40,'2018-02-21 05:09:09',NULL),(31,'192.168.0.200','playerVirtual8_2904109077','playerVirtual8','192.168.0.200','playerVirtual1752','playerVirtual8_2904109077',0,1,1,512,1,'2018-02-21 05:10:23','2018-02-21 05:10:23'),(32,'192.168.0.200','playerVirtual1752_905614','playerVirtual1752','192.168.0.200','playerVirtual8','playerVirtual8_312b6fed97',1,1,1,2048,20,'2018-02-21 05:11:07',NULL),(33,'192.168.0.200','playerVirtual4_6569547','playerVirtual4','192.168.0.200','playerVirtual2','playerVirtual2_d80a9e20ba',1,1,1,2048,20,'2018-02-21 05:11:56',NULL),(34,'192.168.0.200','playerVirtual8_5792765','playerVirtual8','192.168.0.200','playerVirtual6','playerVirtual6_bcc6b3031f',1,1,1,512,1,'2018-02-21 05:12:30',NULL),(35,'192.168.0.200','playerVirtual2_30788568','playerVirtual2','192.168.0.200','playerVirtual1752','playerVirtual2_30788568',0,1,1,512,1,'2018-02-21 05:12:38','2018-02-21 05:12:38'),(36,'192.168.0.200','playerVirtual6_470485660','playerVirtual6','192.168.0.200','playerVirtual8','playerVirtual8_d58b4b47b3',1,1,2,4096,40,'2018-02-21 05:13:16',NULL),(37,'192.168.0.200','playerVirtual1752_38671842','playerVirtual1752','192.168.0.200','playerVirtual6','playerVirtual6_370dabcaea',1,1,1,512,1,'2018-02-21 05:13:21',NULL),(38,'192.168.0.200','playerVirtual4_400453824','playerVirtual4','192.168.0.200','playerVirtual2','playerVirtual2_32de9f6bd7',1,1,1,512,1,'2018-02-21 05:14:35',NULL),(39,'192.168.0.200','playerVirtual6_4820217293','playerVirtual6','192.168.0.200','playerVirtual8','playerVirtual8_8ac33e80ac',1,1,2,4096,40,'2018-02-21 05:15:55',NULL),(40,'192.168.0.200','playerVirtual2_4819935267','playerVirtual2','192.168.0.200','playerVirtual6','playerVirtual6_58d9ed3cc3',1,1,2,4096,40,'2018-02-21 05:16:06',NULL),(41,'192.168.0.200','playerVirtual8_4820318661','playerVirtual8','192.168.0.200','playerVirtual10','playerVirtual10_5a01f0c3a3',1,1,2,4096,40,'2018-02-21 05:17:19',NULL),(42,'192.168.0.200','playerVirtual4_2378747961','playerVirtual4','192.168.0.200','playerVirtual2','playerVirtual2_be682eb175',3,1,1,512,1,'2018-02-21 05:19:06','2018-02-21 06:02:08'),(43,'192.168.0.200','playerVirtual8_2148750930','playerVirtual8','192.168.0.200','playerVirtual1374','playerVirtual8_2148750930',0,1,1,2048,20,'2018-02-21 05:21:04','2018-02-21 05:21:04'),(44,'192.168.0.200','playerVirtual10_5068098508','playerVirtual10','192.168.0.200','playerVirtual8','playerVirtual8_1ae895fd8e',3,1,1,2048,20,'2018-02-21 05:21:05','2018-02-21 06:33:35'),(45,'192.168.0.200','playerVirtual2_1095593','playerVirtual2','192.168.0.200','playerVirtual10','playerVirtual10_c92bee205c',3,1,1,512,1,'2018-02-21 05:21:06','2018-02-21 06:09:11'),(46,'192.168.0.200','playerVirtual6_227443932','playerVirtual6','192.168.0.200','playerVirtual1374','playerVirtual6_227443932',0,1,1,2048,20,'2018-02-21 05:21:44','2018-02-21 05:21:44'),(47,'192.168.0.200','playerVirtual4_563574327','playerVirtual4','192.168.0.200','playerVirtual8','playerVirtual8_74f16b935a',1,1,1,2048,20,'2018-02-21 05:23:11',NULL),(48,'192.168.0.200','playerVirtual10_5623125514','playerVirtual10','192.168.0.200','playerVirtual1374','playerVirtual10_5623125514',0,1,1,2048,20,'2018-02-21 05:24:35','2018-02-21 05:24:35'),(49,'192.168.0.200','playerVirtual6_272887063','playerVirtual6','192.168.0.200','playerVirtual10','playerVirtual10_dac22133cd',3,1,1,2048,20,'2018-02-21 05:24:42','2018-02-21 05:41:38'),(50,'192.168.0.200','playerVirtual2_284757920','playerVirtual2','192.168.0.200','playerVirtual8','playerVirtual8_eeef160b8c',1,1,1,2048,20,'2018-02-21 05:24:53',NULL),(51,'192.168.0.200','playerVirtual1374_765651','playerVirtual1374','192.168.0.200','playerVirtual10','playerVirtual10_13d065524b',1,1,1,2048,20,'2018-02-21 05:25:49',NULL),(52,'192.168.0.200','playerVirtual8_16915963','playerVirtual8','192.168.0.200','playerVirtual1374','playerVirtual8_16915963',0,1,1,2048,20,'2018-02-21 05:26:01','2018-02-21 05:26:01'),(53,'192.168.0.200','playerVirtual4_6274355716','playerVirtual4','192.168.0.200','playerVirtual8','playerVirtual8_0ad8ab8cbf',3,1,1,512,1,'2018-02-21 05:27:57','2018-02-21 06:23:57'),(54,'192.168.0.200','playerVirtual1374_4820204870','playerVirtual1374','192.168.0.200','playerVirtual10','playerVirtual10_518191976b',1,1,2,4096,40,'2018-02-21 05:29:25',NULL),(55,'192.168.0.200','playerVirtual10_38676294','playerVirtual10','192.168.0.200','playerVirtual1374','playerVirtual10_38676294',0,1,1,512,1,'2018-02-21 05:29:55','2018-02-21 05:29:55'),(56,'192.168.0.200','playerVirtual8_990694203','playerVirtual8','192.168.0.200','playerVirtual4','playerVirtual4_e5b821c2ca',3,1,1,2048,20,'2018-02-21 05:31:29','2018-02-21 05:36:28'),(57,'192.168.0.200','playerVirtual6_182859403','playerVirtual6','192.168.0.200','playerVirtual8','playerVirtual8_90e6040f43',3,1,1,512,1,'2018-02-21 05:31:38','2018-02-21 06:26:02'),(58,'192.168.0.200','playerVirtual4_990694203','playerVirtual4','192.168.0.200','playerVirtual10','playerVirtual10_596978a16b',3,1,1,2048,20,'2018-02-21 05:33:51','2018-02-21 06:14:42'),(59,'192.168.0.200','playerVirtual10_6280643141','playerVirtual10','192.168.0.200','playerVirtual1374','playerVirtual10_6280643141',0,1,1,512,1,'2018-02-21 05:35:19','2018-02-21 05:35:19'),(60,'192.168.0.200','playerVirtual2_4476462938','playerVirtual2','192.168.0.200','playerVirtual1873','playerVirtual2_4476462938',0,1,1,2048,20,'2018-02-21 05:39:10','2018-02-21 05:39:10'),(61,'192.168.0.200','playerVirtual10_272887063','playerVirtual10','192.168.0.200','playerVirtual4','playerVirtual4_480a409d01',1,1,1,2048,20,'2018-02-21 05:40:56',NULL),(62,'192.168.0.200','playerVirtual8_6282149131','playerVirtual8','192.168.0.200','playerVirtual10','playerVirtual10_6917818f83',1,1,1,512,1,'2018-02-21 05:41:30',NULL),(63,'192.168.0.200','playerVirtual4_2359368952','playerVirtual4','192.168.0.200','playerVirtual8','playerVirtual8_b7611d1247',1,1,1,512,1,'2018-02-21 05:43:54',NULL),(64,'192.168.0.200','playerVirtual6_214880781','playerVirtual6','192.168.0.200','playerVirtual1873','playerVirtual6_214880781',0,1,1,2048,20,'2018-02-21 05:44:17','2018-02-21 05:44:17'),(65,'192.168.0.200','playerVirtual2_682797','playerVirtual2','192.168.0.200','playerVirtual4','playerVirtual4_b3816fe2f1',1,1,1,2048,20,'2018-02-21 05:44:24',NULL),(66,'192.168.0.200','playerVirtual10_1094955','playerVirtual10','192.168.0.200','playerVirtual6','playerVirtual10_1094955',0,0,1,512,1,'2018-02-21 05:46:46','2018-02-21 05:46:46'),(67,'192.168.0.200','playerVirtual8_16914091','playerVirtual8','192.168.0.200','playerVirtual10','playerVirtual10_9706a28b6a',1,1,1,2048,20,'2018-02-21 05:47:01',NULL),(68,'192.168.0.200','playerVirtual4_182859403','playerVirtual4','192.168.0.200','playerVirtual1908','playerVirtual4_182859403',0,1,1,512,1,'2018-02-21 05:49:19','2018-02-21 05:49:19'),(69,'192.168.0.200','playerVirtual2_6285257156','playerVirtual2','192.168.0.200','playerVirtual10','playerVirtual10_58eb59bf79',1,1,1,512,1,'2018-02-21 05:51:02',NULL),(70,'192.168.0.200','playerVirtual6_6641406','playerVirtual6','192.168.0.200','playerVirtual1908','playerVirtual6_6641406',0,1,1,2048,20,'2018-02-21 05:52:25','2018-02-21 05:52:25'),(71,'192.168.0.200','playerVirtual10_6955737','playerVirtual10','192.168.0.200','playerVirtual1908','playerVirtual10_6955737',0,1,1,2048,20,'2018-02-21 05:53:15','2018-02-21 05:53:15'),(72,'192.168.0.200','playerVirtual8_6955737','playerVirtual8','192.168.0.200','playerVirtual10','playerVirtual10_892573cac6',1,1,1,2048,20,'2018-02-21 05:54:02',NULL),(73,'192.168.0.200','playerVirtual4_3338579772','playerVirtual4','192.168.0.200','playerVirtual2','playerVirtual4_3338579772',0,0,1,2048,20,'2018-02-21 05:56:32','2018-02-21 05:56:32'),(74,'192.168.0.200','playerVirtual6_2381571381','playerVirtual6','192.168.0.200','playerVirtual8','playerVirtual6_2381571381',0,0,1,2048,20,'2018-02-21 05:57:05','2018-02-21 05:57:05'),(75,'192.168.0.200','playerVirtual8_2378747961','playerVirtual8','192.168.0.200','playerVirtual4','playerVirtual8_2378747961',0,0,1,512,1,'2018-02-21 05:59:48','2018-02-21 05:59:48'),(76,'192.168.0.200','playerVirtual10_1438244924','playerVirtual10','192.168.0.200','playerVirtual1791','playerVirtual10_1438244924',0,1,1,2048,20,'2018-02-21 06:05:45','2018-02-21 06:05:45'),(77,'192.168.0.200','playerVirtual6_6289355687','playerVirtual6','192.168.0.200','playerVirtual19','playerVirtual19_57332f28a8',1,1,1,512,1,'2018-02-21 06:05:48',NULL),(78,'192.168.0.200','playerVirtual8_1436344784','playerVirtual8','192.168.0.200','playerVirtual2','playerVirtual2_c9d9bd0a9b',1,1,1,2048,20,'2018-02-21 06:07:49',NULL),(79,'192.168.0.200','playerVirtual4_990694203','playerVirtual4','192.168.0.200','playerVirtual10','playerVirtual10_b79bd0677b',3,1,1,2048,20,'2018-02-21 06:10:07','2018-02-21 06:14:42'),(80,'192.168.0.200','playerVirtual1791_6289704471','playerVirtual1791','192.168.0.200','playerVirtual19','playerVirtual19_292367b311',2,1,1,512,1,'2018-02-21 06:11:10','2018-02-21 06:30:48'),(81,'192.168.0.200','playerVirtual19_794070039','playerVirtual19','192.168.0.200','playerVirtual1791','playerVirtual19_794070039',0,1,1,512,1,'2018-02-21 06:12:46','2018-02-21 06:12:46'),(82,'192.168.0.200','playerVirtual10_6296268057','playerVirtual10','192.168.0.200','playerVirtual19','playerVirtual19_04cf01fb2b',1,1,1,512,1,'2018-02-21 06:14:02',NULL),(83,'192.168.0.200','playerVirtual2_6296865278','playerVirtual2','192.168.0.200','playerVirtual10','playerVirtual10_84dce4e728',1,1,1,512,1,'2018-02-21 06:16:54',NULL),(84,'192.168.0.200','playerVirtual1791_6264344062','playerVirtual1791','192.168.0.200','playerVirtual19','playerVirtual19_772915e8b3',1,1,1,2048,20,'2018-02-21 06:17:28',NULL),(85,'192.168.0.200','playerVirtual19_990694203','playerVirtual19','192.168.0.200','playerVirtual1791','playerVirtual19_990694203',0,1,1,2048,20,'2018-02-21 06:18:50','2018-02-21 06:18:50'),(86,'192.168.0.200','playerVirtual6_182859403','playerVirtual6','192.168.0.200','playerVirtual19','playerVirtual19_9b38cd6f34',3,1,1,512,1,'2018-02-21 06:21:59','2018-02-21 06:26:02'),(87,'192.168.0.200','playerVirtual10_5297461910','playerVirtual10','192.168.0.200','playerVirtual8','playerVirtual8_aacc12d0ae',1,1,1,512,1,'2018-02-21 06:24:49',NULL),(88,'192.168.0.200','playerVirtual8_6301942525','playerVirtual8','192.168.0.200','playerVirtual1791','playerVirtual8_6301942525',0,1,1,512,1,'2018-02-21 06:25:09','2018-02-21 06:25:09'),(89,'192.168.0.200','playerVirtual2_6289704471','playerVirtual2','192.168.0.200','playerVirtual19','playerVirtual19_0c532ecde5',3,1,1,2048,20,'2018-02-21 06:28:16','2018-02-21 06:48:26'),(90,'192.168.0.200','playerVirtual8_6274355716','playerVirtual8','192.168.0.200','playerVirtual19','playerVirtual19_1c463e3b9c',1,1,1,512,1,'2018-02-21 06:33:56',NULL),(91,'192.168.0.200','playerVirtual2_182859403','playerVirtual2','192.168.0.200','playerVirtual8','playerVirtual8_247443b6dc',1,1,1,512,1,'2018-02-21 06:37:48',NULL),(92,'192.168.0.200','playerVirtual19_539194189','playerVirtual19','192.168.0.200','playerVirtual6','playerVirtual19_539194189',0,0,1,2048,20,'2018-02-21 06:38:50','2018-02-21 06:38:50'),(93,'192.168.0.200','playerVirtual6_1095593','playerVirtual6','192.168.0.200','playerVirtual1077','playerVirtual6_1095593',0,1,1,512,1,'2018-02-21 06:40:13','2018-02-21 06:40:13'),(94,'192.168.0.200','playerVirtual10_4246147567','playerVirtual10','192.168.0.200','playerVirtual19','playerVirtual19_3f4ece62f4',3,1,2,4096,40,'2018-02-21 06:46:19','2018-02-21 06:55:05'),(95,'192.168.0.200','playerVirtual8_6289704471','playerVirtual8','192.168.0.200','playerVirtual19','playerVirtual8_6289704471',0,1,1,2048,20,'2018-02-21 06:47:59','2018-02-21 06:47:59'),(96,'192.168.0.200','playerVirtual19_4246147567','playerVirtual19','192.168.0.200','playerVirtual4','playerVirtual19_4246147567',0,0,2,4096,40,'2018-02-21 06:52:54','2018-02-21 06:52:54'),(97,'192.168.0.200','playerVirtual8_4246147567','playerVirtual8','192.168.0.200','playerVirtual19','playerVirtual19_9d1e67d927',1,1,2,4096,40,'2018-02-21 06:57:41',NULL),(98,'192.168.0.200','playerVirtual2_6315250734','playerVirtual2','192.168.0.200','playerVirtual19','playerVirtual19_f6675648e8',1,1,1,512,1,'2018-02-21 06:59:14',NULL),(99,'192.168.0.200','playerVirtual6_4246147567','playerVirtual6','192.168.0.200','playerVirtual1183','playerVirtual6_4246147567',0,1,2,4096,40,'2018-02-21 07:02:30','2018-02-21 07:02:30'),(100,'192.168.0.200','playerVirtual4_4246147567','playerVirtual4','192.168.0.200','playerVirtual19','playerVirtual4_4246147567',0,1,2,4096,40,'2018-02-21 07:03:37','2018-02-21 07:03:37');
/*!40000 ALTER TABLE `VM` ENABLE KEYS */;
UNLOCK TABLES;
/*!40103 SET TIME_ZONE=@OLD_TIME_ZONE */;

/*!40101 SET SQL_MODE=@OLD_SQL_MODE */;
/*!40014 SET FOREIGN_KEY_CHECKS=@OLD_FOREIGN_KEY_CHECKS */;
/*!40014 SET UNIQUE_CHECKS=@OLD_UNIQUE_CHECKS */;
/*!40101 SET CHARACTER_SET_CLIENT=@OLD_CHARACTER_SET_CLIENT */;
/*!40101 SET CHARACTER_SET_RESULTS=@OLD_CHARACTER_SET_RESULTS */;
/*!40101 SET COLLATION_CONNECTION=@OLD_COLLATION_CONNECTION */;
/*!40111 SET SQL_NOTES=@OLD_SQL_NOTES */;

-- Dump completed on 2018-02-21  4:05:39
