-- MySQL dump 10.14  Distrib 5.5.58-MariaDB, for debian-linux-gnu (x86_64)
--
-- Host: localhost    Database: mct
-- ------------------------------------------------------
-- Server version	5.5.58-MariaDB-1ubuntu0.14.04.1

/*!40101 SET @OLD_CHARACTER_SET_CLIENT=@@CHARACTER_SET_CLIENT */;
/*!40101 SET @OLD_CHARACTER_SET_RESULTS=@@CHARACTER_SET_RESULTS */;
/*!40101 SET @OLD_COLLATION_CONNECTION=@@COLLATION_CONNECTION */;
/*!40101 SET NAMES utf8 */;
/*!40103 SET @OLD_TIME_ZONE=@@TIME_ZONE */;
/*!40103 SET TIME_ZONE='+00:00' */;
/*!40014 SET @OLD_UNIQUE_CHECKS=@@UNIQUE_CHECKS, UNIQUE_CHECKS=0 */;
/*!40014 SET @OLD_FOREIGN_KEY_CHECKS=@@FOREIGN_KEY_CHECKS, FOREIGN_KEY_CHECKS=0 */;
/*!40101 SET @OLD_SQL_MODE=@@SQL_MODE, SQL_MODE='NO_AUTO_VALUE_ON_ZERO' */;
/*!40111 SET @OLD_SQL_NOTES=@@SQL_NOTES, SQL_NOTES=0 */;

--
-- Table structure for table `FIELDS`
--

DROP TABLE IF EXISTS `FIELDS`;
/*!40101 SET @saved_cs_client     = @@character_set_client */;
/*!40101 SET character_set_client = utf8 */;
CREATE TABLE `FIELDS` (
  `operation` int(11) NOT NULL,
  `fields` varchar(45) NOT NULL,
  PRIMARY KEY (`operation`)
) ENGINE=InnoDB DEFAULT CHARSET=utf8;
/*!40101 SET character_set_client = @saved_cs_client */;

--
-- Dumping data for table `FIELDS`
--

LOCK TABLES `FIELDS` WRITE;
/*!40000 ALTER TABLE `FIELDS` DISABLE KEYS */;
INSERT INTO `FIELDS` VALUES (0,'name mem image vcpus disk uuid');
/*!40000 ALTER TABLE `FIELDS` ENABLE KEYS */;
UNLOCK TABLES;

--
-- Table structure for table `PLAYER`
--

DROP TABLE IF EXISTS `PLAYER`;
/*!40101 SET @saved_cs_client     = @@character_set_client */;
/*!40101 SET character_set_client = utf8 */;
CREATE TABLE `PLAYER` (
  `id` int(11) NOT NULL AUTO_INCREMENT,
  `name` varchar(45) NOT NULL,
  `address` varchar(45) NOT NULL,
  `division` int(11) DEFAULT NULL,
  `score` float DEFAULT '0',
  `history` int(11) DEFAULT '0',
  `fairness` float DEFAULT '0',
  `accepts` int(11) DEFAULT '0',
  `rejects` int(11) DEFAULT '0',
  `running` int(11) DEFAULT '0',
  `finished` int(11) DEFAULT '0',
  `problem_del` int(11) DEFAULT '0',
  `vcpus` int(11) DEFAULT '0',
  `memory` bigint(20) DEFAULT '0',
  `local_gb` bigint(20) DEFAULT '0',
  `vcpus_used` bigint(20) DEFAULT '0',
  `memory_used` bigint(20) DEFAULT '0',
  `local_gb_used` bigint(20) DEFAULT '0',
  `max_instance` int(11) DEFAULT '0',
  `token` varchar(45) DEFAULT NULL,
  `suspend` timestamp NULL DEFAULT NULL,
  `enabled` int(11) DEFAULT '0',
  `last_choice` timestamp NOT NULL DEFAULT '2018-01-01 02:00:00',
  `playoff` tinyint(1) DEFAULT '0',
  PRIMARY KEY (`id`)
) ENGINE=InnoDB AUTO_INCREMENT=29 DEFAULT CHARSET=utf8;
/*!40101 SET character_set_client = @saved_cs_client */;

--
-- Dumping data for table `PLAYER`
--

LOCK TABLES `PLAYER` WRITE;
/*!40000 ALTER TABLE `PLAYER` DISABLE KEYS */;
INSERT INTO `PLAYER` VALUES (1,'playerVirtual1','192.168.0.200',4,-2,0,1,1,2,0,1,0,1023,1047552,10230,0,0,0,1,'075446a12ba7edb255a4003a4694ae69f03ae125',NULL,0,'2018-03-05 17:50:57',1),(2,'playerVirtual2','192.168.0.200',1,13.27,29,0.625,8,0,7,1,0,1023,1047552,10230,12,23040,221,9,'0d284fd5671e2a8c26daf41e2c9c980a19e0cabf',NULL,1,'2018-03-05 20:06:21',0),(3,'playerVirtual3','192.168.0.200',3,1.32,28,0.8,2,2,2,0,0,1023,1047552,10230,3,4608,41,2,'3cacfcb3538492e0856919c81ed382ffccb8e11b',NULL,1,'2018-03-05 19:56:55',0),(4,'playerVirtual4','192.168.0.200',1,9.97,27,0.769231,14,0,9,5,0,1023,1047552,10230,10,12800,105,9,'fb6954f131e01647941731e008d076c53c3771b0',NULL,1,'2018-03-05 20:11:09',0),(5,'playerVirtual0','192.168.0.200',4,-6,0,0,0,3,0,0,0,1023,1047552,10230,0,0,0,99,'3893b1862c08853bf4c20f68b49b210963b5e0b2',NULL,0,'2018-03-05 18:01:12',1),(6,'playerVirtual5','192.168.0.200',2,4.65,26,0.818182,7,0,5,2,0,1023,1047552,10230,5,7168,62,5,'dfe09494818f92a57431e75e1fdbe53619cf2bf4',NULL,1,'2018-03-05 19:06:29',0),(7,'playerVirtual6','192.168.0.200',1,11.95,25,1,10,0,4,6,0,1023,1047552,10230,6,10752,101,7,'e1e82d3a8acb7d233062062dce09725816e22b4a',NULL,1,'2018-03-05 20:01:40',0),(8,'playerVirtual1930','192.168.0.200',4,-6,0,0,0,3,0,0,0,1023,1047552,10230,0,0,0,99,'156e6354ae04530e44534ccf67ab143a6c5c171b',NULL,0,'2018-03-05 18:11:02',1),(9,'playerVirtual7','192.168.0.200',3,1.33,24,0,1,1,1,0,0,1023,1047552,10230,1,512,1,1,'df87306e0a3b9406b84247c4344ad800061f3554',NULL,1,'2018-03-05 20:12:23',0),(10,'playerVirtual8','192.168.0.200',1,10.63,23,0.888889,11,0,7,4,0,1023,1047552,10230,9,15360,142,9,'18d344b2971dbbf8d514aee5c663b606db512718',NULL,1,'2018-03-05 20:09:00',0),(11,'playerVirtual9','192.168.0.200',2,7.3,22,1,6,0,2,4,0,1023,1047552,10230,2,4096,40,2,'7ff711f024b6a02acd8866c1442b1ba455e9b32b',NULL,1,'2018-03-05 19:56:51',0),(12,'playerVirtual1377','192.168.0.200',4,-6,0,0,0,3,0,0,0,1023,1047552,10230,0,0,0,99,'445b5a5627b8d4071bbbf96c35d2f8683cbb9eb3',NULL,0,'2018-03-05 18:25:57',1),(13,'playerVirtual10','192.168.0.200',1,9.3,21,0.714286,8,0,4,4,0,1023,1047552,10230,4,3584,23,8,'317796ba9c8acce629fd8709bb172d977d1d3d69',NULL,1,'2018-03-05 19:55:24',0),(14,'playerVirtual11','192.168.0.200',3,1.33,20,0.666667,3,0,3,0,0,1023,1047552,10230,3,4608,41,3,'64a817780780a4aa8ec84ddc62ad2201424a10d2',NULL,1,'2018-03-05 18:36:27',0),(15,'playerVirtual1200','192.168.0.200',4,-4,0,0,0,2,0,0,0,1023,1047552,10230,0,0,0,99,'5bab3460ff1fbe0eba093fc67a5e6a7716316ac3',NULL,0,'2018-03-05 18:35:10',1),(16,'playerVirtual12','192.168.0.200',3,2.66,19,0.75,4,0,3,1,0,1023,1047552,10230,3,4608,41,3,'6518b0994b25545c94a9438220bab98ebe00649c',NULL,1,'2018-03-05 18:54:50',0),(17,'playerVirtual13','192.168.0.200',1,9.29,18,0.75,7,0,1,6,0,1023,1047552,10230,2,4096,40,5,'16b2e6b18987e3617eedd37618ce0ba06fad3ef4',NULL,1,'2018-03-05 20:01:47',0),(18,'playerVirtual1338','192.168.0.200',4,-4,0,0,0,2,0,0,0,1023,1047552,10230,0,0,0,99,'b9e25463ea044f5473404662f3cda82c9a9bddc1',NULL,0,'2018-03-05 18:43:23',1),(19,'playerVirtual14','192.168.0.200',2,5.31,17,0.75,6,0,3,3,0,1023,1047552,10230,4,6656,61,5,'fafbb44146b3bc6da06610b5be61f22f230c5522',NULL,1,'2018-03-05 20:11:45',0),(20,'playerVirtual15','192.168.0.200',2,4.65,16,1,5,0,2,3,0,1023,1047552,10230,2,1024,2,5,'4a2659f5939066518b88ad099dac67a8a90a93be',NULL,1,'2018-03-05 19:55:22',0),(21,'playerVirtual16','192.168.0.200',2,5.98,15,1,4,0,3,1,0,1023,1047552,10230,3,1536,3,3,'37558f4968620b76fb031b1a0e868609cfdebaea',NULL,1,'2018-03-05 19:51:27',0),(22,'playerVirtual1142','192.168.0.200',4,-2,0,0,0,1,0,0,0,1023,1047552,10230,0,0,0,99,'6745db95574cd9925f2cb8f257c1253f804574f1',NULL,0,'2018-03-05 18:59:40',1),(23,'playerVirtual17','192.168.0.200',3,0,14,0,1,0,1,0,0,1023,1047552,10230,1,2048,20,1,'996723cb1f42791def005a46c9460f6fc290288c',NULL,1,'2018-03-05 19:01:26',0),(24,'playerVirtual18','192.168.0.200',2,7.96,13,0.666667,4,0,0,4,0,1023,1047552,10230,0,0,0,3,'9fcab7548d6b677b96f51bb1c0c7642c64e42d88',NULL,1,'2018-03-05 19:58:11',0),(25,'playerVirtual19','192.168.0.200',2,5.31,12,0.5,4,0,2,2,0,1023,1047552,10230,2,2560,21,7,'741a3bd40f1ad2b54746d8e2952d5ebe7a73f316',NULL,1,'2018-03-05 20:09:26',0),(26,'playerVirtual1256','192.168.0.200',4,-2,0,0,0,1,0,0,0,1023,1047552,10230,0,0,0,99,'3306987b254df7cecc2ae222e004b89729de5548',NULL,0,'2018-03-05 19:19:12',1),(27,'playerVirtual1755','192.168.0.200',4,-2,0,0,0,1,0,0,0,1023,1047552,10230,0,0,0,99,'ca81c0f9d080fe3b55e525637f2b8932f41af597',NULL,0,'2018-03-05 19:46:23',1),(28,'playerVirtual1184','192.168.0.200',3,0,0,0,0,0,0,0,0,0,0,0,0,0,0,0,'064b8a089d1324b3870e9445f3ffa4ee0bc1850c',NULL,1,'2018-01-01 02:00:00',0);
/*!40000 ALTER TABLE `PLAYER` ENABLE KEYS */;
UNLOCK TABLES;

--
-- Table structure for table `REQUEST`
--

DROP TABLE IF EXISTS `REQUEST`;
/*!40101 SET @saved_cs_client     = @@character_set_client */;
/*!40101 SET character_set_client = utf8 */;
CREATE TABLE `REQUEST` (
  `id` int(11) NOT NULL AUTO_INCREMENT,
  `player_id` varchar(45) NOT NULL,
  `request_id` varchar(45) NOT NULL,
  `action` int(11) NOT NULL,
  `timestamp_received` timestamp NULL DEFAULT NULL,
  `timestamp_finished` timestamp NULL DEFAULT NULL,
  `status` int(11) NOT NULL,
  PRIMARY KEY (`id`)
) ENGINE=InnoDB AUTO_INCREMENT=603 DEFAULT CHARSET=utf8;
/*!40101 SET character_set_client = @saved_cs_client */;

--
-- Dumping data for table `REQUEST`
--

LOCK TABLES `REQUEST` WRITE;
/*!40000 ALTER TABLE `REQUEST` DISABLE KEYS */;
INSERT INTO `REQUEST` VALUES (1,'playerVirtual1','playerVirtual1_0bf78a2d36',4,'2018-03-05 17:43:36',NULL,0),(2,'playerVirtual2','playerVirtual2_15ce85f645',4,'2018-03-05 17:43:37',NULL,0),(3,'playerVirtual1','playerVirtual1_450512000',0,'2018-03-05 17:44:38',NULL,0),(4,'playerVirtual1','playerVirtual1_450512000',0,'2018-03-05 17:44:38',NULL,0),(5,'playerVirtual2','playerVirtual2_1438244924',0,'2018-03-05 17:44:40',NULL,0),(6,'playerVirtual2','playerVirtual2_1438244924',0,'2018-03-05 17:44:40',NULL,0),(7,'playerVirtual1','playerVirtual1_52b097846a',3,'2018-03-05 17:45:38',NULL,0),(8,'playerVirtual2','playerVirtual2_4de578311e',3,'2018-03-05 17:45:40',NULL,0),(9,'playerVirtual1','playerVirtual1_640692267',0,'2018-03-05 17:46:43',NULL,0),(10,'playerVirtual1','playerVirtual1_640692267',0,'2018-03-05 17:46:44',NULL,0),(11,'playerVirtual2','playerVirtual2_2381571381',0,'2018-03-05 17:46:44',NULL,0),(12,'playerVirtual2','playerVirtual2_2381571381',0,'2018-03-05 17:46:45',NULL,0),(13,'playerVirtual1','playerVirtual1_30fbd6d981',4,'2018-03-05 17:47:43',NULL,0),(14,'playerVirtual2','playerVirtual2_4d29378aea',4,'2018-03-05 17:47:44',NULL,0),(15,'playerVirtual3','playerVirtual3_c6dd151075',4,'2018-03-05 17:48:37',NULL,0),(16,'playerVirtual1','playerVirtual1_5297461910',0,'2018-03-05 17:48:47',NULL,0),(17,'playerVirtual1','playerVirtual1_5297461910',0,'2018-03-05 17:48:47',NULL,0),(18,'playerVirtual2','playerVirtual2_2790332778',0,'2018-03-05 17:48:52',NULL,0),(19,'playerVirtual2','playerVirtual2_2790332778',0,'2018-03-05 17:48:52',NULL,0),(20,'playerVirtual1','playerVirtual1_1c52996791',3,'2018-03-05 17:49:47',NULL,0),(21,'playerVirtual3','playerVirtual3_369721705',0,'2018-03-05 17:49:49',NULL,0),(22,'playerVirtual3','playerVirtual3_369721705',0,'2018-03-05 17:49:50',NULL,0),(23,'playerVirtual2','playerVirtual2_e56564f7cd',3,'2018-03-05 17:49:52',NULL,0),(24,'playerVirtual3','playerVirtual3_8e7bc793f1',3,'2018-03-05 17:50:50',NULL,0),(25,'playerVirtual1','playerVirtual1_317469422',0,'2018-03-05 17:50:56',NULL,0),(26,'playerVirtual1','playerVirtual1_317469422',0,'2018-03-05 17:50:56',NULL,0),(27,'playerVirtual2','playerVirtual2_6955737',0,'2018-03-05 17:50:57',NULL,0),(28,'playerVirtual2','playerVirtual2_6955737',0,'2018-03-05 17:50:57',NULL,0),(29,'playerVirtual3','playerVirtual3_257338104',0,'2018-03-05 17:51:51',NULL,0),(30,'playerVirtual3','playerVirtual3_257338104',0,'2018-03-05 17:51:51',NULL,0),(31,'playerVirtual1','playerVirtual1_bfabeac2c2',4,'2018-03-05 17:51:56',NULL,0),(32,'playerVirtual2','playerVirtual2_be46ac93a3',4,'2018-03-05 17:51:57',NULL,0),(33,'playerVirtual3','playerVirtual3_93c8132d60',4,'2018-03-05 17:52:51',NULL,0),(34,'playerVirtual2','playerVirtual2_2433236783',0,'2018-03-05 17:53:05',NULL,0),(35,'playerVirtual2','playerVirtual2_2433236783',0,'2018-03-05 17:53:06',NULL,0),(36,'playerVirtual4','playerVirtual4_3da4e8b243',4,'2018-03-05 17:53:41',NULL,0),(37,'playerVirtual0','playerVirtual0_4f8348fb39',4,'2018-03-05 17:53:41',NULL,0),(38,'playerVirtual3','playerVirtual3_3338579772',0,'2018-03-05 17:54:04',NULL,0),(39,'playerVirtual3','playerVirtual3_3338579772',0,'2018-03-05 17:54:05',NULL,0),(40,'playerVirtual2','playerVirtual2_8df1a01c84',3,'2018-03-05 17:54:05',NULL,0),(41,'playerVirtual4','playerVirtual4_257407216',0,'2018-03-05 17:54:55',NULL,0),(42,'playerVirtual0','playerVirtual0_182859403',0,'2018-03-05 17:55:02',NULL,0),(43,'playerVirtual3','playerVirtual3_aa35832588',3,'2018-03-05 17:55:05',NULL,0),(44,'playerVirtual2','playerVirtual2_2359368952',0,'2018-03-05 17:55:22',NULL,0),(45,'playerVirtual2','playerVirtual2_2359368952',0,'2018-03-05 17:55:22',NULL,0),(46,'playerVirtual4','playerVirtual4_b9211a28f0',3,'2018-03-05 17:55:55',NULL,0),(47,'playerVirtual0','playerVirtual0_23118dcd03',3,'2018-03-05 17:56:02',NULL,0),(48,'playerVirtual3','playerVirtual3_16917741',0,'2018-03-05 17:56:19',NULL,0),(49,'playerVirtual3','playerVirtual3_16917741',0,'2018-03-05 17:56:19',NULL,0),(50,'playerVirtual2','playerVirtual2_3ffee21a03',4,'2018-03-05 17:56:22',NULL,0),(51,'playerVirtual4','playerVirtual4_2545640208',0,'2018-03-05 17:57:18',NULL,0),(52,'playerVirtual4','playerVirtual4_2545640208',0,'2018-03-05 17:57:18',NULL,0),(53,'playerVirtual0','playerVirtual0_908315',0,'2018-03-05 17:57:19',NULL,0),(54,'playerVirtual3','playerVirtual3_05ed942718',4,'2018-03-05 17:57:19',NULL,0),(55,'playerVirtual2','playerVirtual2_539194189',0,'2018-03-05 17:57:51',NULL,0),(56,'playerVirtual2','playerVirtual2_539194189',0,'2018-03-05 17:57:52',NULL,0),(57,'playerVirtual4','playerVirtual4_64d6cc8a77',4,'2018-03-05 17:58:18',NULL,0),(58,'playerVirtual0','playerVirtual0_207a15983c',4,'2018-03-05 17:58:19',NULL,0),(59,'playerVirtual5','playerVirtual5_c9de370415',4,'2018-03-05 17:58:39',NULL,0),(60,'playerVirtual2','playerVirtual2_f767c6cf1f',3,'2018-03-05 17:58:52',NULL,0),(61,'playerVirtual3','playerVirtual3_4820204870',0,'2018-03-05 17:59:31',NULL,0),(62,'playerVirtual3','playerVirtual3_4820204870',0,'2018-03-05 17:59:32',NULL,0),(63,'playerVirtual3','playerVirtual3_ddce88cc58',3,'2018-03-05 18:00:32',NULL,0),(64,'playerVirtual4','playerVirtual4_8058564',0,'2018-03-05 18:01:12',NULL,0),(65,'playerVirtual4','playerVirtual4_8058564',0,'2018-03-05 18:01:12',NULL,0),(66,'playerVirtual0','playerVirtual0_1429160667',0,'2018-03-05 18:01:20',NULL,0),(67,'playerVirtual2','playerVirtual2_82730999',0,'2018-03-05 18:01:45',NULL,0),(68,'playerVirtual2','playerVirtual2_82730999',0,'2018-03-05 18:01:45',NULL,0),(69,'playerVirtual5','playerVirtual5_3338010893',0,'2018-03-05 18:01:57',NULL,0),(70,'playerVirtual4','playerVirtual4_9457ead71b',3,'2018-03-05 18:02:12',NULL,0),(71,'playerVirtual0','playerVirtual0_4b11b46824',3,'2018-03-05 18:02:21',NULL,0),(72,'playerVirtual3','playerVirtual3_351652724',0,'2018-03-05 18:02:44',NULL,0),(73,'playerVirtual3','playerVirtual3_351652724',0,'2018-03-05 18:02:44',NULL,0),(74,'playerVirtual2','playerVirtual2_2213e13338',4,'2018-03-05 18:02:45',NULL,0),(75,'playerVirtual5','playerVirtual5_d6dcbae510',3,'2018-03-05 18:02:57',NULL,0),(76,'playerVirtual6','playerVirtual6_3d159a730d',4,'2018-03-05 18:03:36',NULL,0),(77,'playerVirtual4','playerVirtual4_6571218',0,'2018-03-05 18:03:43',NULL,0),(78,'playerVirtual4','playerVirtual4_6571218',0,'2018-03-05 18:03:43',NULL,0),(79,'playerVirtual3','playerVirtual3_84aa510fa0',4,'2018-03-05 18:03:44',NULL,0),(80,'playerVirtual5','playerVirtual5_1339662',0,'2018-03-05 18:04:11',NULL,0),(81,'playerVirtual5','playerVirtual5_1339662',0,'2018-03-05 18:04:11',NULL,0),(82,'playerVirtual2','playerVirtual2_1436344784',0,'2018-03-05 18:04:22',NULL,0),(83,'playerVirtual2','playerVirtual2_1436344784',0,'2018-03-05 18:04:23',NULL,0),(84,'playerVirtual4','playerVirtual4_e3674d1ca7',4,'2018-03-05 18:04:43',NULL,0),(85,'playerVirtual5','playerVirtual5_980e85ff93',4,'2018-03-05 18:05:11',NULL,0),(86,'playerVirtual2','playerVirtual2_e0c7213942',3,'2018-03-05 18:05:22',NULL,0),(87,'playerVirtual1930','playerVirtual1930_640a805db1',4,'2018-03-05 18:05:52',NULL,0),(88,'playerVirtual3','playerVirtual3_284794223',0,'2018-03-05 18:06:04',NULL,0),(89,'playerVirtual3','playerVirtual3_284794223',0,'2018-03-05 18:06:05',NULL,0),(90,'playerVirtual3','playerVirtual3_7a05ebaaff',3,'2018-03-05 18:07:05',NULL,0),(91,'playerVirtual6','playerVirtual6_317497342',0,'2018-03-05 18:07:08',NULL,0),(92,'playerVirtual4','playerVirtual4_359920779',0,'2018-03-05 18:07:45',NULL,0),(93,'playerVirtual4','playerVirtual4_359920779',0,'2018-03-05 18:07:46',NULL,0),(94,'playerVirtual6','playerVirtual6_ec2abd90a1',3,'2018-03-05 18:08:08',NULL,0),(95,'playerVirtual2','playerVirtual2_2904109077',0,'2018-03-05 18:08:19',NULL,0),(96,'playerVirtual2','playerVirtual2_2904109077',0,'2018-03-05 18:08:19',NULL,0),(97,'playerVirtual5','playerVirtual5_904011',0,'2018-03-05 18:08:30',NULL,0),(98,'playerVirtual5','playerVirtual5_904011',0,'2018-03-05 18:08:30',NULL,0),(99,'playerVirtual7','playerVirtual7_9b60a73413',4,'2018-03-05 18:08:35',NULL,0),(100,'playerVirtual4','playerVirtual4_7817dbc2f1',3,'2018-03-05 18:08:45',NULL,0),(101,'playerVirtual6','playerVirtual6_1093460',0,'2018-03-05 18:09:10',NULL,0),(102,'playerVirtual6','playerVirtual6_1093460',0,'2018-03-05 18:09:11',NULL,0),(103,'playerVirtual3','playerVirtual3_905614',0,'2018-03-05 18:09:18',NULL,0),(104,'playerVirtual3','playerVirtual3_905614',0,'2018-03-05 18:09:18',NULL,0),(105,'playerVirtual2','playerVirtual2_95d91d46b9',4,'2018-03-05 18:09:19',NULL,0),(106,'playerVirtual1930','playerVirtual1930_257338074',0,'2018-03-05 18:09:26',NULL,0),(107,'playerVirtual5','playerVirtual5_eac0a390e0',3,'2018-03-05 18:09:30',NULL,0),(108,'playerVirtual6','playerVirtual6_423772159f',4,'2018-03-05 18:10:11',NULL,0),(109,'playerVirtual3','playerVirtual3_ce0e8c6367',4,'2018-03-05 18:10:18',NULL,0),(110,'playerVirtual4','playerVirtual4_470485660',0,'2018-03-05 18:10:20',NULL,0),(111,'playerVirtual4','playerVirtual4_470485660',0,'2018-03-05 18:10:20',NULL,0),(112,'playerVirtual1930','playerVirtual1930_e88170ff2a',3,'2018-03-05 18:10:26',NULL,0),(113,'playerVirtual5','playerVirtual5_5792765',0,'2018-03-05 18:10:52',NULL,0),(114,'playerVirtual5','playerVirtual5_5792765',0,'2018-03-05 18:10:52',NULL,0),(115,'playerVirtual2','playerVirtual2_30788568',0,'2018-03-05 18:11:02',NULL,0),(116,'playerVirtual2','playerVirtual2_30788568',0,'2018-03-05 18:11:03',NULL,0),(117,'playerVirtual4','playerVirtual4_ea405baff4',4,'2018-03-05 18:11:20',NULL,0),(118,'playerVirtual1930','playerVirtual1930_4820318661',0,'2018-03-05 18:11:49',NULL,0),(119,'playerVirtual5','playerVirtual5_9cbded1de8',4,'2018-03-05 18:11:52',NULL,0),(120,'playerVirtual2','playerVirtual2_cace15e884',3,'2018-03-05 18:12:02',NULL,0),(121,'playerVirtual7','playerVirtual7_6569547',0,'2018-03-05 18:12:11',NULL,0),(122,'playerVirtual3','playerVirtual3_400453824',0,'2018-03-05 18:12:52',NULL,0),(123,'playerVirtual3','playerVirtual3_400453824',0,'2018-03-05 18:12:53',NULL,0),(124,'playerVirtual7','playerVirtual7_2b681755b9',3,'2018-03-05 18:13:11',NULL,0),(125,'playerVirtual8','playerVirtual8_daf936457c',4,'2018-03-05 18:13:34',NULL,0),(126,'playerVirtual3','playerVirtual3_e4b9644200',3,'2018-03-05 18:13:52',NULL,0),(127,'playerVirtual6','playerVirtual6_38671842',0,'2018-03-05 18:13:56',NULL,0),(128,'playerVirtual6','playerVirtual6_38671842',0,'2018-03-05 18:13:56',NULL,0),(129,'playerVirtual4','playerVirtual4_4819935267',0,'2018-03-05 18:14:42',NULL,0),(130,'playerVirtual4','playerVirtual4_4819935267',0,'2018-03-05 18:14:43',NULL,0),(131,'playerVirtual7','playerVirtual7_5068098508',0,'2018-03-05 18:14:49',NULL,0),(132,'playerVirtual6','playerVirtual6_acc22a2742',3,'2018-03-05 18:14:56',NULL,0),(133,'playerVirtual2','playerVirtual2_6264344062',0,'2018-03-05 18:15:19',NULL,0),(134,'playerVirtual2','playerVirtual2_6264344062',0,'2018-03-05 18:15:20',NULL,0),(135,'playerVirtual5','playerVirtual5_4820217293',0,'2018-03-05 18:15:31',NULL,0),(136,'playerVirtual5','playerVirtual5_4820217293',0,'2018-03-05 18:15:31',NULL,0),(137,'playerVirtual4','playerVirtual4_86a70704e6',3,'2018-03-05 18:15:42',NULL,0),(138,'playerVirtual7','playerVirtual7_40bcd36712',4,'2018-03-05 18:15:49',NULL,0),(139,'playerVirtual2','playerVirtual2_e594749a5d',4,'2018-03-05 18:16:19',NULL,0),(140,'playerVirtual5','playerVirtual5_33ffd9f5b6',3,'2018-03-05 18:16:31',NULL,0),(141,'playerVirtual6','playerVirtual6_2148750930',0,'2018-03-05 18:17:43',NULL,0),(142,'playerVirtual6','playerVirtual6_2148750930',0,'2018-03-05 18:17:43',NULL,0),(143,'playerVirtual3','playerVirtual3_1095593',0,'2018-03-05 18:17:46',NULL,0),(144,'playerVirtual3','playerVirtual3_1095593',0,'2018-03-05 18:17:46',NULL,0),(145,'playerVirtual9','playerVirtual9_36d640d3e0',4,'2018-03-05 18:18:38',NULL,0),(146,'playerVirtual1377','playerVirtual1377_1339352747',4,'2018-03-05 18:18:38',NULL,0),(147,'playerVirtual6','playerVirtual6_78d775a7a9',4,'2018-03-05 18:18:43',NULL,0),(148,'playerVirtual3','playerVirtual3_c537e8d2c0',4,'2018-03-05 18:18:46',NULL,0),(149,'playerVirtual4','playerVirtual4_563574327',0,'2018-03-05 18:18:56',NULL,0),(150,'playerVirtual4','playerVirtual4_563574327',0,'2018-03-05 18:18:59',NULL,0),(151,'playerVirtual8','playerVirtual8_227443932',0,'2018-03-05 18:19:02',NULL,0),(152,'playerVirtual8','playerVirtual8_227443932',0,'2018-03-05 18:19:02',NULL,0),(153,'playerVirtual2','playerVirtual2_cc0a881b2e',3,'2018-03-05 18:19:15',NULL,0),(154,'playerVirtual5','playerVirtual5_16915963',0,'2018-03-05 18:19:34',NULL,0),(155,'playerVirtual5','playerVirtual5_16915963',0,'2018-03-05 18:19:35',NULL,0),(156,'playerVirtual4','playerVirtual4_2283a985ff',4,'2018-03-05 18:19:56',NULL,0),(157,'playerVirtual8','playerVirtual8_e60e08ef01',3,'2018-03-05 18:20:03',NULL,0),(158,'playerVirtual5','playerVirtual5_6cf2312739',4,'2018-03-05 18:20:34',NULL,0),(159,'playerVirtual7','playerVirtual7_765651',0,'2018-03-05 18:20:50',NULL,0),(160,'playerVirtual3','playerVirtual3_6274355716',0,'2018-03-05 18:21:44',NULL,0),(161,'playerVirtual3','playerVirtual3_6274355716',0,'2018-03-05 18:21:44',NULL,0),(162,'playerVirtual7','playerVirtual7_24b3692b3f',3,'2018-03-05 18:21:50',NULL,0),(163,'playerVirtual8','playerVirtual8_4820204870',0,'2018-03-05 18:22:43',NULL,0),(164,'playerVirtual8','playerVirtual8_4820204870',0,'2018-03-05 18:22:44',NULL,0),(165,'playerVirtual3','playerVirtual3_ead3d193ad',3,'2018-03-05 18:22:44',NULL,0),(166,'playerVirtual6','playerVirtual6_272887063',0,'2018-03-05 18:22:44',NULL,0),(167,'playerVirtual6','playerVirtual6_272887063',0,'2018-03-05 18:22:45',NULL,0),(168,'playerVirtual2','playerVirtual2_38676294',0,'2018-03-05 18:23:11',NULL,0),(169,'playerVirtual2','playerVirtual2_38676294',0,'2018-03-05 18:23:11',NULL,0),(170,'playerVirtual10','playerVirtual10_2ecdc60624',4,'2018-03-05 18:23:38',NULL,0),(171,'playerVirtual8','playerVirtual8_3fa0b30e4a',4,'2018-03-05 18:23:43',NULL,0),(172,'playerVirtual6','playerVirtual6_8dd1c7d9f4',3,'2018-03-05 18:23:44',NULL,0),(173,'playerVirtual2','playerVirtual2_7d78c205f1',4,'2018-03-05 18:24:12',NULL,0),(174,'playerVirtual9','playerVirtual9_5623125514',0,'2018-03-05 18:24:22',NULL,0),(175,'playerVirtual9','playerVirtual9_5623125514',0,'2018-03-05 18:24:23',NULL,0),(176,'playerVirtual1377','playerVirtual1377_284757920',0,'2018-03-05 18:24:24',NULL,0),(177,'playerVirtual4','playerVirtual4_182859403',0,'2018-03-05 18:24:36',NULL,0),(178,'playerVirtual4','playerVirtual4_182859403',0,'2018-03-05 18:24:37',NULL,0),(179,'playerVirtual9','playerVirtual9_7afc38fd77',3,'2018-03-05 18:25:23',NULL,0),(180,'playerVirtual1377','playerVirtual1377_67f3d4b7ac',3,'2018-03-05 18:25:24',NULL,0),(181,'playerVirtual7','playerVirtual7_990694203',0,'2018-03-05 18:25:28',NULL,0),(182,'playerVirtual4','playerVirtual4_0c1cef93fc',3,'2018-03-05 18:25:37',NULL,0),(183,'playerVirtual5','playerVirtual5_990694203',0,'2018-03-05 18:25:57',NULL,0),(184,'playerVirtual5','playerVirtual5_990694203',0,'2018-03-05 18:25:57',NULL,0),(185,'playerVirtual7','playerVirtual7_183afeb7b6',4,'2018-03-05 18:26:29',NULL,0),(186,'playerVirtual5','playerVirtual5_7a283e3cf2',3,'2018-03-05 18:26:57',NULL,0),(187,'playerVirtual3','playerVirtual3_4820204870',1,'2018-03-05 18:27:54',NULL,0),(188,'playerVirtual3','playerVirtual3_64e8f15c0c',4,'2018-03-05 18:27:54',NULL,0),(189,'playerVirtual3','playerVirtual3_4820204870',1,'2018-03-05 18:27:54',NULL,0),(190,'playerVirtual6','playerVirtual6_4476462938',0,'2018-03-05 18:28:37',NULL,0),(191,'playerVirtual6','playerVirtual6_4476462938',0,'2018-03-05 18:28:37',NULL,0),(192,'playerVirtual11','playerVirtual11_0e4e6dcfed',4,'2018-03-05 18:28:39',NULL,0),(193,'playerVirtual9','playerVirtual9_6282149131',0,'2018-03-05 18:28:40',NULL,0),(194,'playerVirtual9','playerVirtual9_6282149131',0,'2018-03-05 18:28:40',NULL,0),(195,'playerVirtual4','playerVirtual4_182859403',1,'2018-03-05 18:29:05',NULL,0),(196,'playerVirtual4','playerVirtual4_a488d82801',4,'2018-03-05 18:29:05',NULL,0),(197,'playerVirtual4','playerVirtual4_182859403',1,'2018-03-05 18:29:05',NULL,0),(198,'playerVirtual2','playerVirtual2_272887063',0,'2018-03-05 18:29:16',NULL,0),(199,'playerVirtual2','playerVirtual2_272887063',0,'2018-03-05 18:29:17',NULL,0),(200,'playerVirtual6','playerVirtual6_fd6f1ddc65',4,'2018-03-05 18:29:37',NULL,0),(201,'playerVirtual9','playerVirtual9_80d400db8e',4,'2018-03-05 18:29:40',NULL,0),(202,'playerVirtual8','playerVirtual8_6280643141',0,'2018-03-05 18:29:46',NULL,0),(203,'playerVirtual8','playerVirtual8_6280643141',0,'2018-03-05 18:29:46',NULL,0),(204,'playerVirtual5','playerVirtual5_41a5593989',4,'2018-03-05 18:30:01',NULL,0),(205,'playerVirtual2','playerVirtual2_cc92fd6f16',3,'2018-03-05 18:30:16',NULL,0),(206,'playerVirtual1200','playerVirtual1200_9a106f29f3',4,'2018-03-05 18:30:43',NULL,0),(207,'playerVirtual8','playerVirtual8_bb6a76998c',3,'2018-03-05 18:30:46',NULL,0),(208,'playerVirtual10','playerVirtual10_6280638724',0,'2018-03-05 18:31:22',NULL,0),(209,'playerVirtual10','playerVirtual10_6280638724',0,'2018-03-05 18:31:23',NULL,0),(210,'playerVirtual7','playerVirtual7_f4e9976b2b',3,'2018-03-05 18:31:29',NULL,0),(211,'playerVirtual3','playerVirtual3_1436323714',0,'2018-03-05 18:31:59',NULL,0),(212,'playerVirtual3','playerVirtual3_1436323714',0,'2018-03-05 18:31:59',NULL,0),(213,'playerVirtual10','playerVirtual10_3998aebbcb',3,'2018-03-05 18:32:22',NULL,0),(214,'playerVirtual3','playerVirtual3_aaf23d2a23',3,'2018-03-05 18:32:59',NULL,0),(215,'playerVirtual12','playerVirtual12_f76dbdf5d7',4,'2018-03-05 18:33:44',NULL,0),(216,'playerVirtual6','playerVirtual6_272887063',1,'2018-03-05 18:33:44',NULL,0),(217,'playerVirtual6','playerVirtual6_bd5bc0a621',3,'2018-03-05 18:33:45',NULL,0),(218,'playerVirtual6','playerVirtual6_272887063',1,'2018-03-05 18:33:45',NULL,0),(219,'playerVirtual8','playerVirtual8_6285257156',0,'2018-03-05 18:34:36',NULL,0),(220,'playerVirtual8','playerVirtual8_6285257156',0,'2018-03-05 18:34:36',NULL,0),(221,'playerVirtual2','playerVirtual2_182859403',0,'2018-03-05 18:34:55',NULL,0),(222,'playerVirtual2','playerVirtual2_182859403',0,'2018-03-05 18:34:55',NULL,0),(223,'playerVirtual4','playerVirtual4_214880781',0,'2018-03-05 18:35:03',NULL,0),(224,'playerVirtual4','playerVirtual4_214880781',0,'2018-03-05 18:35:03',NULL,0),(225,'playerVirtual10','playerVirtual10_6955737',0,'2018-03-05 18:35:10',NULL,0),(226,'playerVirtual10','playerVirtual10_6955737',0,'2018-03-05 18:35:10',NULL,0),(227,'playerVirtual8','playerVirtual8_0382495d8f',4,'2018-03-05 18:35:37',NULL,0),(228,'playerVirtual9','playerVirtual9_1094955',0,'2018-03-05 18:35:50',NULL,0),(229,'playerVirtual9','playerVirtual9_1094955',0,'2018-03-05 18:35:50',NULL,0),(230,'playerVirtual2','playerVirtual2_6bd5b5b7df',4,'2018-03-05 18:35:55',NULL,0),(231,'playerVirtual4','playerVirtual4_a81d3cab3c',3,'2018-03-05 18:36:03',NULL,0),(232,'playerVirtual10','playerVirtual10_16d1d3335d',4,'2018-03-05 18:36:10',NULL,0),(233,'playerVirtual5','playerVirtual5_16914091',0,'2018-03-05 18:36:27',NULL,0),(234,'playerVirtual5','playerVirtual5_16914091',0,'2018-03-05 18:36:27',NULL,0),(235,'playerVirtual7','playerVirtual7_6955737',0,'2018-03-05 18:36:47',NULL,0),(236,'playerVirtual9','playerVirtual9_c43de9dab5',3,'2018-03-05 18:36:50',NULL,0),(237,'playerVirtual11','playerVirtual11_682797',0,'2018-03-05 18:37:02',NULL,0),(238,'playerVirtual11','playerVirtual11_682797',0,'2018-03-05 18:37:02',NULL,0),(239,'playerVirtual5','playerVirtual5_6b6dfc4eea',3,'2018-03-05 18:37:27',NULL,0),(240,'playerVirtual7','playerVirtual7_366acf072c',4,'2018-03-05 18:37:48',NULL,0),(241,'playerVirtual11','playerVirtual11_744975a44e',3,'2018-03-05 18:38:02',NULL,0),(242,'playerVirtual13','playerVirtual13_807e110a3a',4,'2018-03-05 18:38:40',NULL,0),(243,'playerVirtual3','playerVirtual3_1438244924',0,'2018-03-05 18:39:32',NULL,0),(244,'playerVirtual3','playerVirtual3_1438244924',0,'2018-03-05 18:39:33',NULL,0),(245,'playerVirtual6','playerVirtual6_2381571381',0,'2018-03-05 18:40:25',NULL,0),(246,'playerVirtual6','playerVirtual6_2381571381',0,'2018-03-05 18:40:25',NULL,0),(247,'playerVirtual3','playerVirtual3_749f6b5e50',4,'2018-03-05 18:40:32',NULL,0),(248,'playerVirtual6','playerVirtual6_9c359ae52f',4,'2018-03-05 18:41:25',NULL,0),(249,'playerVirtual4','playerVirtual4_6289355687',0,'2018-03-05 18:41:29',NULL,0),(250,'playerVirtual4','playerVirtual4_6289355687',0,'2018-03-05 18:41:29',NULL,0),(251,'playerVirtual1338','playerVirtual1338_7f41c63600',4,'2018-03-05 18:41:32',NULL,0),(252,'playerVirtual11','playerVirtual11_794070039',0,'2018-03-05 18:41:35',NULL,0),(253,'playerVirtual2','playerVirtual2_7e05bdd4c1',3,'2018-03-05 18:41:36',NULL,0),(254,'playerVirtual11','playerVirtual11_794070039',0,'2018-03-05 18:41:36',NULL,0),(255,'playerVirtual9','playerVirtual9_6289704471',0,'2018-03-05 18:42:11',NULL,0),(256,'playerVirtual9','playerVirtual9_6289704471',0,'2018-03-05 18:42:12',NULL,0),(257,'playerVirtual4','playerVirtual4_4f1cdac41a',4,'2018-03-05 18:42:29',NULL,0),(258,'playerVirtual11','playerVirtual11_ce0bebdc59',4,'2018-03-05 18:42:36',NULL,0),(259,'playerVirtual8','playerVirtual8_2378747961',0,'2018-03-05 18:42:36',NULL,0),(260,'playerVirtual8','playerVirtual8_2378747961',0,'2018-03-05 18:42:37',NULL,0),(261,'playerVirtual7','playerVirtual7_3c4cf9e57c',3,'2018-03-05 18:42:48',NULL,0),(262,'playerVirtual5','playerVirtual5_1436344784',0,'2018-03-05 18:42:49',NULL,0),(263,'playerVirtual5','playerVirtual5_1436344784',0,'2018-03-05 18:42:49',NULL,0),(264,'playerVirtual9','playerVirtual9_bb05f45249',4,'2018-03-05 18:43:11',NULL,0),(265,'playerVirtual12','playerVirtual12_3338579772',0,'2018-03-05 18:43:23',NULL,0),(266,'playerVirtual12','playerVirtual12_3338579772',0,'2018-03-05 18:43:23',NULL,0),(267,'playerVirtual14','playerVirtual14_9b7623c3a8',4,'2018-03-05 18:43:34',NULL,0),(268,'playerVirtual8','playerVirtual8_1d645bc9b9',3,'2018-03-05 18:43:36',NULL,0),(269,'playerVirtual5','playerVirtual5_01c4c7dd3a',4,'2018-03-05 18:43:49',NULL,0),(270,'playerVirtual12','playerVirtual12_0c3cd75228',3,'2018-03-05 18:44:23',NULL,0),(271,'playerVirtual3','playerVirtual3_3338579772',1,'2018-03-05 18:44:38',NULL,0),(272,'playerVirtual3','playerVirtual3_bcf86f16bb',3,'2018-03-05 18:44:38',NULL,0),(273,'playerVirtual3','playerVirtual3_3338579772',1,'2018-03-05 18:44:38',NULL,0),(274,'playerVirtual10','playerVirtual10_1438244924',0,'2018-03-05 18:44:50',NULL,0),(275,'playerVirtual10','playerVirtual10_1438244924',0,'2018-03-05 18:44:51',NULL,0),(276,'playerVirtual10','playerVirtual10_d294706068',3,'2018-03-05 18:45:50',NULL,0),(277,'playerVirtual2','playerVirtual2_1438244924',1,'2018-03-05 18:46:33',NULL,0),(278,'playerVirtual2','playerVirtual2_dc974ed6f1',4,'2018-03-05 18:46:33',NULL,0),(279,'playerVirtual2','playerVirtual2_1438244924',1,'2018-03-05 18:46:33',NULL,0),(280,'playerVirtual15','playerVirtual15_a6faed7fce',4,'2018-03-05 18:48:36',NULL,0),(281,'playerVirtual6','playerVirtual6_6296268057',0,'2018-03-05 18:48:39',NULL,0),(282,'playerVirtual6','playerVirtual6_6296268057',0,'2018-03-05 18:48:39',NULL,0),(283,'playerVirtual8','playerVirtual8_2378747961',1,'2018-03-05 18:48:55',NULL,0),(284,'playerVirtual8','playerVirtual8_e19ad305a4',4,'2018-03-05 18:48:55',NULL,0),(285,'playerVirtual8','playerVirtual8_2378747961',1,'2018-03-05 18:48:55',NULL,0),(286,'playerVirtual6','playerVirtual6_2dfaa4eedf',3,'2018-03-05 18:49:39',NULL,0),(287,'playerVirtual13','playerVirtual13_990694203',0,'2018-03-05 18:50:14',NULL,0),(288,'playerVirtual13','playerVirtual13_990694203',0,'2018-03-05 18:50:17',NULL,0),(289,'playerVirtual13','playerVirtual13_ba05249b48',3,'2018-03-05 18:51:14',NULL,0),(290,'playerVirtual3','playerVirtual3_1438244924',1,'2018-03-05 18:52:00',NULL,0),(291,'playerVirtual3','playerVirtual3_7b07f8b185',4,'2018-03-05 18:52:01',NULL,0),(292,'playerVirtual3','playerVirtual3_1438244924',1,'2018-03-05 18:52:01',NULL,0),(293,'playerVirtual4','playerVirtual4_182859403',0,'2018-03-05 18:52:13',NULL,0),(294,'playerVirtual4','playerVirtual4_2f4ead8a25',3,'2018-03-05 18:52:14',NULL,0),(295,'playerVirtual4','playerVirtual4_182859403',0,'2018-03-05 18:52:14',NULL,0),(296,'playerVirtual13','playerVirtual13_990694203',1,'2018-03-05 18:52:15',NULL,0),(297,'playerVirtual13','playerVirtual13_292b418723',4,'2018-03-05 18:52:15',NULL,0),(298,'playerVirtual13','playerVirtual13_990694203',1,'2018-03-05 18:52:16',NULL,0),(299,'playerVirtual2','playerVirtual2_a25650e0e6',3,'2018-03-05 18:52:26',NULL,0),(300,'playerVirtual12','playerVirtual12_1095593',0,'2018-03-05 18:52:57',NULL,0),(301,'playerVirtual12','playerVirtual12_1095593',0,'2018-03-05 18:52:57',NULL,0),(302,'playerVirtual16','playerVirtual16_df593918a4',4,'2018-03-05 18:53:40',NULL,0),(303,'playerVirtual7','playerVirtual7_990694203',0,'2018-03-05 18:53:46',NULL,0),(304,'playerVirtual7','playerVirtual7_de584da20d',4,'2018-03-05 18:53:47',NULL,0),(305,'playerVirtual12','playerVirtual12_2435196b5a',4,'2018-03-05 18:53:57',NULL,0),(306,'playerVirtual9','playerVirtual9_6301942525',0,'2018-03-05 18:54:10',NULL,0),(307,'playerVirtual9','playerVirtual9_6301942525',0,'2018-03-05 18:54:10',NULL,0),(308,'playerVirtual11','playerVirtual11_6264344062',0,'2018-03-05 18:54:50',NULL,0),(309,'playerVirtual11','playerVirtual11_6264344062',0,'2018-03-05 18:54:50',NULL,0),(310,'playerVirtual9','playerVirtual9_a7c192315c',3,'2018-03-05 18:55:10',NULL,0),(311,'playerVirtual11','playerVirtual11_3d4d622b19',3,'2018-03-05 18:55:50',NULL,0),(312,'playerVirtual10','playerVirtual10_6274355716',0,'2018-03-05 18:55:56',NULL,0),(313,'playerVirtual10','playerVirtual10_6274355716',0,'2018-03-05 18:55:56',NULL,0),(314,'playerVirtual5','playerVirtual5_6289704471',0,'2018-03-05 18:56:33',NULL,0),(315,'playerVirtual5','playerVirtual5_6289704471',0,'2018-03-05 18:56:37',NULL,0),(316,'playerVirtual1142','playerVirtual1142_4af8cce1de',4,'2018-03-05 18:56:44',NULL,0),(317,'playerVirtual3','playerVirtual3_1095593',1,'2018-03-05 18:56:47',NULL,0),(318,'playerVirtual3','playerVirtual3_29571bacf1',3,'2018-03-05 18:56:47',NULL,0),(319,'playerVirtual3','playerVirtual3_1095593',1,'2018-03-05 18:56:47',NULL,0),(320,'playerVirtual10','playerVirtual10_7a52d48d2a',4,'2018-03-05 18:56:56',NULL,0),(321,'playerVirtual5','playerVirtual5_bb9d4b5d5e',3,'2018-03-05 18:57:32',NULL,0),(322,'playerVirtual4','playerVirtual4_182859403',1,'2018-03-05 18:57:43',NULL,0),(323,'playerVirtual4','playerVirtual4_899896c665',4,'2018-03-05 18:57:43',NULL,0),(324,'playerVirtual4','playerVirtual4_182859403',1,'2018-03-05 18:57:44',NULL,0),(325,'playerVirtual2','playerVirtual2_6264344062',1,'2018-03-05 18:58:14',NULL,0),(326,'playerVirtual2','playerVirtual2_ebff551dcf',4,'2018-03-05 18:58:14',NULL,0),(327,'playerVirtual2','playerVirtual2_6264344062',1,'2018-03-05 18:58:14',NULL,0),(328,'playerVirtual17','playerVirtual17_d363d0036a',4,'2018-03-05 18:58:36',NULL,0),(329,'playerVirtual7','playerVirtual7_bda89a8792',3,'2018-03-05 18:58:47',NULL,0),(330,'playerVirtual14','playerVirtual14_5297461910',0,'2018-03-05 18:59:40',NULL,0),(331,'playerVirtual14','playerVirtual14_5297461910',0,'2018-03-05 18:59:40',NULL,0),(332,'playerVirtual14','playerVirtual14_a051d46fb1',3,'2018-03-05 19:00:40',NULL,0),(333,'playerVirtual6','playerVirtual6_539194189',0,'2018-03-05 19:01:25',NULL,0),(334,'playerVirtual6','playerVirtual6_539194189',0,'2018-03-05 19:01:26',NULL,0),(335,'playerVirtual9','playerVirtual9_6289704471',1,'2018-03-05 19:01:33',NULL,0),(336,'playerVirtual9','playerVirtual9_9beb55d415',4,'2018-03-05 19:01:33',NULL,0),(337,'playerVirtual9','playerVirtual9_6289704471',1,'2018-03-05 19:01:34',NULL,0),(338,'playerVirtual6','playerVirtual6_27f350a2d8',4,'2018-03-05 19:02:26',NULL,0),(339,'playerVirtual8','playerVirtual8_908315',0,'2018-03-05 19:02:31',NULL,0),(340,'playerVirtual8','playerVirtual8_908315',0,'2018-03-05 19:02:32',NULL,0),(341,'playerVirtual5','playerVirtual5_c8a744d16f',4,'2018-03-05 19:02:57',NULL,0),(342,'playerVirtual8','playerVirtual8_217425f1e0',3,'2018-03-05 19:03:32',NULL,0),(343,'playerVirtual18','playerVirtual18_b61da91725',4,'2018-03-05 19:03:41',NULL,0),(344,'playerVirtual12','playerVirtual12_1095593',1,'2018-03-05 19:03:49',NULL,0),(345,'playerVirtual12','playerVirtual12_9a7e3e769e',3,'2018-03-05 19:03:49',NULL,0),(346,'playerVirtual12','playerVirtual12_1095593',1,'2018-03-05 19:03:49',NULL,0),(347,'playerVirtual2','playerVirtual2_1436344784',1,'2018-03-05 19:04:10',NULL,0),(348,'playerVirtual2','playerVirtual2_30a7ffcf0e',3,'2018-03-05 19:04:10',NULL,0),(349,'playerVirtual2','playerVirtual2_1436344784',1,'2018-03-05 19:04:11',NULL,0),(350,'playerVirtual11','playerVirtual11_4246147567',0,'2018-03-05 19:04:31',NULL,0),(351,'playerVirtual11','playerVirtual11_4246147567',0,'2018-03-05 19:04:31',NULL,0),(352,'playerVirtual11','playerVirtual11_bc44d31a07',4,'2018-03-05 19:05:31',NULL,0),(353,'playerVirtual3','playerVirtual3_6274355716',1,'2018-03-05 19:05:51',NULL,0),(354,'playerVirtual3','playerVirtual3_cea1c99ce3',4,'2018-03-05 19:05:52',NULL,0),(355,'playerVirtual3','playerVirtual3_6274355716',1,'2018-03-05 19:05:52',NULL,0),(356,'playerVirtual14','playerVirtual14_4246147567',0,'2018-03-05 19:06:22',NULL,0),(357,'playerVirtual14','playerVirtual14_4246147567',0,'2018-03-05 19:06:22',NULL,0),(358,'playerVirtual15','playerVirtual15_182859403',0,'2018-03-05 19:06:29',NULL,0),(359,'playerVirtual15','playerVirtual15_182859403',0,'2018-03-05 19:06:29',NULL,0),(360,'playerVirtual14','playerVirtual14_a68ac6a106',4,'2018-03-05 19:07:22',NULL,0),(361,'playerVirtual15','playerVirtual15_82d06b5cd4',3,'2018-03-05 19:07:29',NULL,0),(362,'playerVirtual10','playerVirtual10_4246147567',0,'2018-03-05 19:08:13',NULL,0),(363,'playerVirtual10','playerVirtual10_4246147567',0,'2018-03-05 19:08:14',NULL,0),(364,'playerVirtual19','playerVirtual19_3545dbff4f',4,'2018-03-05 19:08:39',NULL,0),(365,'playerVirtual10','playerVirtual10_c652d83b69',3,'2018-03-05 19:09:13',NULL,0),(366,'playerVirtual7','playerVirtual7_dbee2c6745',4,'2018-03-05 19:11:25',NULL,0),(367,'playerVirtual13','playerVirtual13_4246147567',0,'2018-03-05 19:11:45',NULL,0),(368,'playerVirtual13','playerVirtual13_4246147567',0,'2018-03-05 19:11:45',NULL,0),(369,'playerVirtual8','playerVirtual8_5068098508',0,'2018-03-05 19:11:54',NULL,0),(370,'playerVirtual8','playerVirtual8_5068098508',0,'2018-03-05 19:11:54',NULL,0),(371,'playerVirtual15','playerVirtual15_4246147567',0,'2018-03-05 19:12:15',NULL,0),(372,'playerVirtual15','playerVirtual15_4246147567',0,'2018-03-05 19:12:16',NULL,0),(373,'playerVirtual6','playerVirtual6_6316827871',0,'2018-03-05 19:12:35',NULL,0),(374,'playerVirtual6','playerVirtual6_6316827871',0,'2018-03-05 19:12:35',NULL,0),(375,'playerVirtual13','playerVirtual13_0309139f27',3,'2018-03-05 19:12:45',NULL,0),(376,'playerVirtual8','playerVirtual8_d8e74e4447',4,'2018-03-05 19:12:54',NULL,0),(377,'playerVirtual15','playerVirtual15_483da25858',4,'2018-03-05 19:13:15',NULL,0),(378,'playerVirtual2','playerVirtual2_182859403',1,'2018-03-05 19:13:23',NULL,0),(379,'playerVirtual2','playerVirtual2_ef037230d9',4,'2018-03-05 19:13:24',NULL,0),(380,'playerVirtual2','playerVirtual2_182859403',1,'2018-03-05 19:13:27',NULL,0),(381,'playerVirtual16','playerVirtual16_6289704471',0,'2018-03-05 19:13:32',NULL,0),(382,'playerVirtual6','playerVirtual6_f5ed9b1dc7',3,'2018-03-05 19:13:35',NULL,0),(383,'playerVirtual4','playerVirtual4_6315250734',0,'2018-03-05 19:13:41',NULL,0),(384,'playerVirtual4','playerVirtual4_6315250734',0,'2018-03-05 19:13:41',NULL,0),(385,'playerVirtual13','playerVirtual13_4246147567',1,'2018-03-05 19:13:46',NULL,0),(386,'playerVirtual13','playerVirtual13_e69f81ca8f',4,'2018-03-05 19:13:46',NULL,0),(387,'playerVirtual13','playerVirtual13_4246147567',1,'2018-03-05 19:13:47',NULL,0),(388,'playerVirtual16','playerVirtual16_914f38873d',3,'2018-03-05 19:14:33',NULL,0),(389,'playerVirtual4','playerVirtual4_de723456a2',3,'2018-03-05 19:14:41',NULL,0),(390,'playerVirtual12','playerVirtual12_990694203',0,'2018-03-05 19:16:20',NULL,0),(391,'playerVirtual12','playerVirtual12_990694203',0,'2018-03-05 19:16:20',NULL,0),(392,'playerVirtual5','playerVirtual5_6289704471',1,'2018-03-05 19:16:42',NULL,0),(393,'playerVirtual5','playerVirtual5_ccb443989e',3,'2018-03-05 19:16:42',NULL,0),(394,'playerVirtual5','playerVirtual5_6289704471',1,'2018-03-05 19:16:42',NULL,0),(395,'playerVirtual9','playerVirtual9_2378747961',0,'2018-03-05 19:17:06',NULL,0),(396,'playerVirtual9','playerVirtual9_2378747961',0,'2018-03-05 19:17:06',NULL,0),(397,'playerVirtual12','playerVirtual12_beb79a90d9',4,'2018-03-05 19:17:20',NULL,0),(398,'playerVirtual11','playerVirtual11_4246147567',1,'2018-03-05 19:17:46',NULL,0),(399,'playerVirtual11','playerVirtual11_9ea12c81fb',3,'2018-03-05 19:17:46',NULL,0),(400,'playerVirtual11','playerVirtual11_4246147567',1,'2018-03-05 19:17:46',NULL,0),(401,'playerVirtual9','playerVirtual9_6b450e78e6',3,'2018-03-05 19:18:06',NULL,0),(402,'playerVirtual16','playerVirtual16_4246147567',0,'2018-03-05 19:18:15',NULL,0),(403,'playerVirtual16','playerVirtual16_4246147567',0,'2018-03-05 19:18:15',NULL,0),(404,'playerVirtual1256','playerVirtual1256_f334bd1309',4,'2018-03-05 19:18:54',NULL,0),(405,'playerVirtual17','playerVirtual17_4246147567',0,'2018-03-05 19:19:10',NULL,0),(406,'playerVirtual3','playerVirtual3_4246147567',0,'2018-03-05 19:19:12',NULL,0),(407,'playerVirtual3','playerVirtual3_4246147567',0,'2018-03-05 19:19:13',NULL,0),(408,'playerVirtual16','playerVirtual16_72a10a0345',4,'2018-03-05 19:19:15',NULL,0),(409,'playerVirtual10','playerVirtual10_4246147567',1,'2018-03-05 19:19:16',NULL,0),(410,'playerVirtual10','playerVirtual10_8942e515fd',4,'2018-03-05 19:19:16',NULL,0),(411,'playerVirtual10','playerVirtual10_4246147567',1,'2018-03-05 19:19:16',NULL,0),(412,'playerVirtual17','playerVirtual17_9bef971ac2',3,'2018-03-05 19:20:10',NULL,0),(413,'playerVirtual3','playerVirtual3_8d4eafd97b',3,'2018-03-05 19:20:12',NULL,0),(414,'playerVirtual17','playerVirtual17_b654778c34',4,'2018-03-05 19:21:11',NULL,0),(415,'playerVirtual4','playerVirtual4_359920779',1,'2018-03-05 19:21:40',NULL,0),(416,'playerVirtual4','playerVirtual4_b7443d7843',4,'2018-03-05 19:21:40',NULL,0),(417,'playerVirtual4','playerVirtual4_359920779',1,'2018-03-05 19:21:41',NULL,0),(418,'playerVirtual7','playerVirtual7_4246147567',0,'2018-03-05 19:21:56',NULL,0),(419,'playerVirtual2','playerVirtual2_539194189',1,'2018-03-05 19:22:51',NULL,0),(420,'playerVirtual2','playerVirtual2_1ae7e88f55',3,'2018-03-05 19:22:52',NULL,0),(421,'playerVirtual2','playerVirtual2_539194189',1,'2018-03-05 19:22:52',NULL,0),(422,'playerVirtual7','playerVirtual7_0b2b6b5cf6',3,'2018-03-05 19:22:56',NULL,0),(423,'playerVirtual14','playerVirtual14_4246147567',1,'2018-03-05 19:23:27',NULL,0),(424,'playerVirtual14','playerVirtual14_4dac72a519',3,'2018-03-05 19:23:27',NULL,0),(425,'playerVirtual14','playerVirtual14_4246147567',1,'2018-03-05 19:23:27',NULL,0),(426,'playerVirtual18','playerVirtual18_4246147567',0,'2018-03-05 19:24:42',NULL,0),(427,'playerVirtual18','playerVirtual18_4246147567',0,'2018-03-05 19:24:43',NULL,0),(428,'playerVirtual18','playerVirtual18_131251aa91',3,'2018-03-05 19:25:43',NULL,0),(429,'playerVirtual9','playerVirtual9_4246147567',0,'2018-03-05 19:26:34',NULL,0),(430,'playerVirtual9','playerVirtual9_4246147567',0,'2018-03-05 19:26:35',NULL,0),(431,'playerVirtual5','playerVirtual5_359920779',0,'2018-03-05 19:26:37',NULL,0),(432,'playerVirtual5','playerVirtual5_359920779',0,'2018-03-05 19:26:37',NULL,0),(433,'playerVirtual18','playerVirtual18_4246147567',1,'2018-03-05 19:26:44',NULL,0),(434,'playerVirtual18','playerVirtual18_44914f7d98',4,'2018-03-05 19:26:44',NULL,0),(435,'playerVirtual18','playerVirtual18_4246147567',1,'2018-03-05 19:26:44',NULL,0),(436,'playerVirtual6','playerVirtual6_1095593',0,'2018-03-05 19:26:52',NULL,0),(437,'playerVirtual6','playerVirtual6_1095593',0,'2018-03-05 19:26:52',NULL,0),(438,'playerVirtual12','playerVirtual12_990694203',1,'2018-03-05 19:27:14',NULL,0),(439,'playerVirtual12','playerVirtual12_c6b29d818e',3,'2018-03-05 19:27:15',NULL,0),(440,'playerVirtual12','playerVirtual12_990694203',1,'2018-03-05 19:27:15',NULL,0),(441,'playerVirtual9','playerVirtual9_d643567d0c',4,'2018-03-05 19:27:35',NULL,0),(442,'playerVirtual5','playerVirtual5_e5206594b2',4,'2018-03-05 19:27:37',NULL,0),(443,'playerVirtual8','playerVirtual8_4246147567',0,'2018-03-05 19:27:51',NULL,0),(444,'playerVirtual8','playerVirtual8_4246147567',0,'2018-03-05 19:27:51',NULL,0),(445,'playerVirtual6','playerVirtual6_1da4300a04',4,'2018-03-05 19:27:52',NULL,0),(446,'playerVirtual8','playerVirtual8_4957f6a6b8',3,'2018-03-05 19:28:51',NULL,0),(447,'playerVirtual3','playerVirtual3_3adbc90548',4,'2018-03-05 19:29:19',NULL,0),(448,'playerVirtual11','playerVirtual11_4246147567',0,'2018-03-05 19:29:21',NULL,0),(449,'playerVirtual11','playerVirtual11_4fe5434e59',4,'2018-03-05 19:29:21',NULL,0),(450,'playerVirtual11','playerVirtual11_4246147567',0,'2018-03-05 19:29:22',NULL,0),(451,'playerVirtual19','playerVirtual19_4246147567',0,'2018-03-05 19:30:31',NULL,0),(452,'playerVirtual19','playerVirtual19_4246147567',0,'2018-03-05 19:30:31',NULL,0),(453,'playerVirtual15','playerVirtual15_4246147567',1,'2018-03-05 19:31:07',NULL,0),(454,'playerVirtual15','playerVirtual15_ec5a78a88c',3,'2018-03-05 19:31:07',NULL,0),(455,'playerVirtual15','playerVirtual15_4246147567',1,'2018-03-05 19:31:07',NULL,0),(456,'playerVirtual19','playerVirtual19_d8620e548d',3,'2018-03-05 19:31:31',NULL,0),(457,'playerVirtual19','playerVirtual19_4246147567',1,'2018-03-05 19:32:33',NULL,0),(458,'playerVirtual19','playerVirtual19_bb4d13de0e',4,'2018-03-05 19:32:33',NULL,0),(459,'playerVirtual19','playerVirtual19_4246147567',1,'2018-03-05 19:32:33',NULL,0),(460,'playerVirtual14','playerVirtual14_4246147567',0,'2018-03-05 19:32:53',NULL,0),(461,'playerVirtual14','playerVirtual14_0439fc5cde',4,'2018-03-05 19:32:54',NULL,0),(462,'playerVirtual14','playerVirtual14_4246147567',0,'2018-03-05 19:32:54',NULL,0),(463,'playerVirtual10','playerVirtual10_4246147567',0,'2018-03-05 19:33:38',NULL,0),(464,'playerVirtual10','playerVirtual10_ef4c1bef6a',3,'2018-03-05 19:33:39',NULL,0),(465,'playerVirtual10','playerVirtual10_4246147567',0,'2018-03-05 19:33:39',NULL,0),(466,'playerVirtual7','playerVirtual7_d2543369b3',4,'2018-03-05 19:35:30',NULL,0),(467,'playerVirtual13','playerVirtual13_6322213339',0,'2018-03-05 19:36:15',NULL,0),(468,'playerVirtual13','playerVirtual13_6322213339',0,'2018-03-05 19:36:15',NULL,0),(469,'playerVirtual8','playerVirtual8_4246147567',1,'2018-03-05 19:37:13',NULL,0),(470,'playerVirtual8','playerVirtual8_7bd8c50918',4,'2018-03-05 19:37:13',NULL,0),(471,'playerVirtual8','playerVirtual8_4246147567',1,'2018-03-05 19:37:14',NULL,0),(472,'playerVirtual13','playerVirtual13_20248df240',3,'2018-03-05 19:37:15',NULL,0),(473,'playerVirtual2','playerVirtual2_4246147567',0,'2018-03-05 19:38:28',NULL,0),(474,'playerVirtual2','playerVirtual2_4246147567',0,'2018-03-05 19:38:28',NULL,0),(475,'playerVirtual16','playerVirtual16_4246147567',1,'2018-03-05 19:39:04',NULL,0),(476,'playerVirtual16','playerVirtual16_1a3c3a3e06',3,'2018-03-05 19:39:05',NULL,0),(477,'playerVirtual16','playerVirtual16_4246147567',1,'2018-03-05 19:39:05',NULL,0),(478,'playerVirtual2','playerVirtual2_cdfc9f951c',4,'2018-03-05 19:39:28',NULL,0),(479,'playerVirtual4','playerVirtual4_4246147567',0,'2018-03-05 19:39:33',NULL,0),(480,'playerVirtual4','playerVirtual4_4246147567',0,'2018-03-05 19:39:34',NULL,0),(481,'playerVirtual15','playerVirtual15_4246147567',0,'2018-03-05 19:39:40',NULL,0),(482,'playerVirtual15','playerVirtual15_0a9a7e0d36',4,'2018-03-05 19:39:41',NULL,0),(483,'playerVirtual15','playerVirtual15_4246147567',0,'2018-03-05 19:39:41',NULL,0),(484,'playerVirtual6','playerVirtual6_4246147567',0,'2018-03-05 19:40:33',NULL,0),(485,'playerVirtual4','playerVirtual4_a1fed883de',3,'2018-03-05 19:40:34',NULL,0),(486,'playerVirtual6','playerVirtual6_4246147567',0,'2018-03-05 19:40:34',NULL,0),(487,'playerVirtual11','playerVirtual11_4246147567',1,'2018-03-05 19:41:34',NULL,0),(488,'playerVirtual6','playerVirtual6_3356fd4823',3,'2018-03-05 19:41:34',NULL,0),(489,'playerVirtual11','playerVirtual11_2135d53680',3,'2018-03-05 19:41:34',NULL,0),(490,'playerVirtual11','playerVirtual11_4246147567',1,'2018-03-05 19:41:34',NULL,0),(491,'playerVirtual13','playerVirtual13_4246147567',0,'2018-03-05 19:41:52',NULL,0),(492,'playerVirtual13','playerVirtual13_2888a61038',4,'2018-03-05 19:41:53',NULL,0),(493,'playerVirtual13','playerVirtual13_4246147567',0,'2018-03-05 19:41:53',NULL,0),(494,'playerVirtual5','playerVirtual5_1436344784',1,'2018-03-05 19:42:26',NULL,0),(495,'playerVirtual5','playerVirtual5_6ec7c0fe13',3,'2018-03-05 19:42:26',NULL,0),(496,'playerVirtual5','playerVirtual5_1436344784',1,'2018-03-05 19:42:27',NULL,0),(497,'playerVirtual12','playerVirtual12_4246147567',0,'2018-03-05 19:43:07',NULL,0),(498,'playerVirtual9','playerVirtual9_4246147567',1,'2018-03-05 19:43:08',NULL,0),(499,'playerVirtual9','playerVirtual9_1d5930f8a8',3,'2018-03-05 19:43:08',NULL,0),(500,'playerVirtual12','playerVirtual12_4246147567',0,'2018-03-05 19:43:08',NULL,0),(501,'playerVirtual9','playerVirtual9_4246147567',1,'2018-03-05 19:43:08',NULL,0),(502,'playerVirtual10','playerVirtual10_4246147567',1,'2018-03-05 19:43:44',NULL,0),(503,'playerVirtual10','playerVirtual10_aa49567a04',4,'2018-03-05 19:43:44',NULL,0),(504,'playerVirtual10','playerVirtual10_4246147567',1,'2018-03-05 19:43:45',NULL,0),(505,'playerVirtual12','playerVirtual12_55303c9cb2',4,'2018-03-05 19:44:07',NULL,0),(506,'playerVirtual1755','playerVirtual1755_2caefab7f2',4,'2018-03-05 19:44:12',NULL,0),(507,'playerVirtual17','playerVirtual17_4246147567',0,'2018-03-05 19:44:51',NULL,0),(508,'playerVirtual17','playerVirtual17_e4a4dead9d',3,'2018-03-05 19:44:51',NULL,0),(509,'playerVirtual17','playerVirtual17_80d236b9eb',4,'2018-03-05 19:45:52',NULL,0),(510,'playerVirtual3','playerVirtual3_4246147567',0,'2018-03-05 19:46:23',NULL,0),(511,'playerVirtual3','playerVirtual3_443ed892f6',3,'2018-03-05 19:46:24',NULL,0),(512,'playerVirtual3','playerVirtual3_4246147567',0,'2018-03-05 19:46:24',NULL,0),(513,'playerVirtual16','playerVirtual16_4246147567',0,'2018-03-05 19:46:34',NULL,0),(514,'playerVirtual16','playerVirtual16_79b82b5c4e',4,'2018-03-05 19:46:35',NULL,0),(515,'playerVirtual16','playerVirtual16_4246147567',0,'2018-03-05 19:46:35',NULL,0),(516,'playerVirtual4','playerVirtual4_4246147567',1,'2018-03-05 19:47:32',NULL,0),(517,'playerVirtual4','playerVirtual4_77f2976eb9',4,'2018-03-05 19:47:32',NULL,0),(518,'playerVirtual4','playerVirtual4_4246147567',1,'2018-03-05 19:47:32',NULL,0),(519,'playerVirtual2','playerVirtual2_4246147567',1,'2018-03-05 19:48:57',NULL,0),(520,'playerVirtual2','playerVirtual2_92670b541f',3,'2018-03-05 19:48:57',NULL,0),(521,'playerVirtual2','playerVirtual2_4246147567',1,'2018-03-05 19:48:57',NULL,0),(522,'playerVirtual14','playerVirtual14_4246147567',1,'2018-03-05 19:48:58',NULL,0),(523,'playerVirtual14','playerVirtual14_706c7ddf74',3,'2018-03-05 19:48:58',NULL,0),(524,'playerVirtual14','playerVirtual14_4246147567',1,'2018-03-05 19:48:58',NULL,0),(525,'playerVirtual7','playerVirtual7_4246147567',0,'2018-03-05 19:49:47',NULL,0),(526,'playerVirtual7','playerVirtual7_11a111f606',3,'2018-03-05 19:49:47',NULL,0),(527,'playerVirtual18','playerVirtual18_6335261139',0,'2018-03-05 19:51:27',NULL,0),(528,'playerVirtual18','playerVirtual18_6335261139',0,'2018-03-05 19:51:27',NULL,0),(529,'playerVirtual18','playerVirtual18_970d8a2567',3,'2018-03-05 19:52:27',NULL,0),(530,'playerVirtual8','playerVirtual8_5068098508',1,'2018-03-05 19:53:32',NULL,0),(531,'playerVirtual8','playerVirtual8_35296a1da3',3,'2018-03-05 19:53:32',NULL,0),(532,'playerVirtual8','playerVirtual8_5068098508',1,'2018-03-05 19:53:32',NULL,0),(533,'playerVirtual12','playerVirtual12_4246147567',1,'2018-03-05 19:53:57',NULL,0),(534,'playerVirtual12','playerVirtual12_564e2b65cb',3,'2018-03-05 19:53:57',NULL,0),(535,'playerVirtual12','playerVirtual12_4246147567',1,'2018-03-05 19:53:58',NULL,0),(536,'playerVirtual6','playerVirtual6_4246147567',1,'2018-03-05 19:54:50',NULL,0),(537,'playerVirtual6','playerVirtual6_2749b3adcf',4,'2018-03-05 19:54:50',NULL,0),(538,'playerVirtual6','playerVirtual6_4246147567',1,'2018-03-05 19:54:51',NULL,0),(539,'playerVirtual9','playerVirtual9_990694203',0,'2018-03-05 19:55:22',NULL,0),(540,'playerVirtual9','playerVirtual9_990694203',0,'2018-03-05 19:55:22',NULL,0),(541,'playerVirtual5','playerVirtual5_4246147567',0,'2018-03-05 19:55:24',NULL,0),(542,'playerVirtual5','playerVirtual5_4246147567',0,'2018-03-05 19:55:24',NULL,0),(543,'playerVirtual3','playerVirtual3_08a0bbf1fc',4,'2018-03-05 19:55:28',NULL,0),(544,'playerVirtual9','playerVirtual9_e125cc8187',4,'2018-03-05 19:56:22',NULL,0),(545,'playerVirtual5','playerVirtual5_88deb1a3cd',4,'2018-03-05 19:56:24',NULL,0),(546,'playerVirtual18','playerVirtual18_6566788',0,'2018-03-05 19:56:51',NULL,0),(547,'playerVirtual18','playerVirtual18_6566788',0,'2018-03-05 19:56:52',NULL,0),(548,'playerVirtual11','playerVirtual11_6344084916',0,'2018-03-05 19:56:55',NULL,0),(549,'playerVirtual11','playerVirtual11_6344084916',0,'2018-03-05 19:56:56',NULL,0),(550,'playerVirtual15','playerVirtual15_4246147567',1,'2018-03-05 19:57:32',NULL,0),(551,'playerVirtual15','playerVirtual15_ebf2c114c3',3,'2018-03-05 19:57:32',NULL,0),(552,'playerVirtual15','playerVirtual15_4246147567',1,'2018-03-05 19:57:32',NULL,0),(553,'playerVirtual18','playerVirtual18_e11cbe2ba8',4,'2018-03-05 19:57:53',NULL,0),(554,'playerVirtual11','playerVirtual11_ec5c7f98b8',4,'2018-03-05 19:57:55',NULL,0),(555,'playerVirtual19','playerVirtual19_4246147567',0,'2018-03-05 19:58:11',NULL,0),(556,'playerVirtual19','playerVirtual19_b95fb57165',3,'2018-03-05 19:58:11',NULL,0),(557,'playerVirtual19','playerVirtual19_4246147567',0,'2018-03-05 19:58:12',NULL,0),(558,'playerVirtual19','playerVirtual19_4246147567',1,'2018-03-05 19:59:12',NULL,0),(559,'playerVirtual19','playerVirtual19_c25a56801a',4,'2018-03-05 19:59:13',NULL,0),(560,'playerVirtual19','playerVirtual19_4246147567',1,'2018-03-05 19:59:13',NULL,0),(561,'playerVirtual10','playerVirtual10_4246147567',0,'2018-03-05 20:01:40',NULL,0),(562,'playerVirtual10','playerVirtual10_9057851d9e',3,'2018-03-05 20:01:40',NULL,0),(563,'playerVirtual10','playerVirtual10_4246147567',0,'2018-03-05 20:01:40',NULL,0),(564,'playerVirtual14','playerVirtual14_4246147567',0,'2018-03-05 20:01:46',NULL,0),(565,'playerVirtual14','playerVirtual14_8cec213ae3',4,'2018-03-05 20:01:47',NULL,0),(566,'playerVirtual14','playerVirtual14_4246147567',0,'2018-03-05 20:01:47',NULL,0),(567,'playerVirtual7','playerVirtual7_d36e3e3756',4,'2018-03-05 20:02:23',NULL,0),(568,'playerVirtual13','playerVirtual13_4246147567',1,'2018-03-05 20:04:21',NULL,0),(569,'playerVirtual13','playerVirtual13_c1c4947dc5',3,'2018-03-05 20:04:21',NULL,0),(570,'playerVirtual13','playerVirtual13_4246147567',1,'2018-03-05 20:04:21',NULL,0),(571,'playerVirtual8','playerVirtual8_4246147567',0,'2018-03-05 20:06:21',NULL,0),(572,'playerVirtual8','playerVirtual8_f478575db5',4,'2018-03-05 20:06:21',NULL,0),(573,'playerVirtual8','playerVirtual8_4246147567',0,'2018-03-05 20:06:24',NULL,0),(574,'playerVirtual16','playerVirtual16_4246147567',1,'2018-03-05 20:06:24',NULL,0),(575,'playerVirtual16','playerVirtual16_8a37c60462',3,'2018-03-05 20:06:24',NULL,0),(576,'playerVirtual16','playerVirtual16_4246147567',1,'2018-03-05 20:06:25',NULL,0),(577,'playerVirtual2','playerVirtual2_272887063',1,'2018-03-05 20:07:48',NULL,0),(578,'playerVirtual2','playerVirtual2_3f5c5726ea',4,'2018-03-05 20:07:48',NULL,0),(579,'playerVirtual2','playerVirtual2_272887063',1,'2018-03-05 20:07:49',NULL,0),(580,'playerVirtual4','playerVirtual4_4246147567',0,'2018-03-05 20:09:00',NULL,0),(581,'playerVirtual4','playerVirtual4_0b1bb833b6',3,'2018-03-05 20:09:00',NULL,0),(582,'playerVirtual4','playerVirtual4_4246147567',0,'2018-03-05 20:09:00',NULL,0),(583,'playerVirtual15','playerVirtual15_6566788',0,'2018-03-05 20:09:26',NULL,0),(584,'playerVirtual15','playerVirtual15_6566788',0,'2018-03-05 20:09:26',NULL,0),(585,'playerVirtual15','playerVirtual15_236a27a29a',4,'2018-03-05 20:10:26',NULL,0),(586,'playerVirtual6','playerVirtual6_4246147567',0,'2018-03-05 20:11:09',NULL,0),(587,'playerVirtual6','playerVirtual6_51d06c1936',3,'2018-03-05 20:11:09',NULL,0),(588,'playerVirtual6','playerVirtual6_4246147567',0,'2018-03-05 20:11:09',NULL,0),(589,'playerVirtual5','playerVirtual5_4246147567',1,'2018-03-05 20:11:13',NULL,0),(590,'playerVirtual5','playerVirtual5_94210908f0',3,'2018-03-05 20:11:13',NULL,0),(591,'playerVirtual5','playerVirtual5_4246147567',1,'2018-03-05 20:11:14',NULL,0),(592,'playerVirtual13','playerVirtual13_4820150269',0,'2018-03-05 20:11:45',NULL,0),(593,'playerVirtual10','playerVirtual10_4246147567',1,'2018-03-05 20:11:45',NULL,0),(594,'playerVirtual13','playerVirtual13_4820150269',0,'2018-03-05 20:11:45',NULL,0),(595,'playerVirtual10','playerVirtual10_3c07c1cda5',4,'2018-03-05 20:11:45',NULL,0),(596,'playerVirtual10','playerVirtual10_4246147567',1,'2018-03-05 20:11:46',NULL,0),(597,'playerVirtual9','playerVirtual9_990694203',1,'2018-03-05 20:11:55',NULL,0),(598,'playerVirtual9','playerVirtual9_0ec53180c6',3,'2018-03-05 20:11:56',NULL,0),(599,'playerVirtual9','playerVirtual9_990694203',1,'2018-03-05 20:11:56',NULL,0),(600,'playerVirtual11','playerVirtual11_4246147567',0,'2018-03-05 20:12:23',NULL,0),(601,'playerVirtual11','playerVirtual11_40d63f1870',3,'2018-03-05 20:12:23',NULL,0),(602,'playerVirtual11','playerVirtual11_4246147567',0,'2018-03-05 20:12:23',NULL,0);
/*!40000 ALTER TABLE `REQUEST` ENABLE KEYS */;
UNLOCK TABLES;

--
-- Table structure for table `STATUS`
--

DROP TABLE IF EXISTS `STATUS`;
/*!40101 SET @saved_cs_client     = @@character_set_client */;
/*!40101 SET character_set_client = utf8 */;
CREATE TABLE `STATUS` (
  `id` int(11) NOT NULL AUTO_INCREMENT,
  `players` int(11) DEFAULT '0',
  `all_requests` int(11) DEFAULT '0',
  `accepts` int(11) DEFAULT '0',
  `rejects` int(11) DEFAULT '0',
  `fairness` float DEFAULT '0',
  `timestamp` timestamp NULL DEFAULT NULL,
  PRIMARY KEY (`id`)
) ENGINE=InnoDB AUTO_INCREMENT=32 DEFAULT CHARSET=utf8;
/*!40101 SET character_set_client = @saved_cs_client */;

--
-- Dumping data for table `STATUS`
--

LOCK TABLES `STATUS` WRITE;
/*!40000 ALTER TABLE `STATUS` DISABLE KEYS */;
INSERT INTO `STATUS` VALUES (1,0,0,0,0,0,'2018-03-05 17:42:28'),(2,2,4,3,1,0.75,'2018-03-05 17:47:28'),(3,3,10,8,2,0.8,'2018-03-05 17:52:29'),(4,5,15,10,5,0.666667,'2018-03-05 17:57:29'),(5,6,19,13,6,0.684211,'2018-03-05 18:02:29'),(6,8,24,17,7,0.708333,'2018-03-05 18:07:29'),(7,9,32,23,9,0.71875,'2018-03-05 18:12:29'),(8,10,37,28,9,0.756757,'2018-03-05 18:17:29'),(9,12,43,33,10,0.767442,'2018-03-05 18:22:29'),(10,13,49,37,12,0.755102,'2018-03-05 18:27:30'),(11,15,55,41,14,0.745455,'2018-03-05 18:32:30'),(12,16,62,47,15,0.758065,'2018-03-05 18:37:30'),(13,18,67,51,16,0.761194,'2018-03-05 18:42:30'),(14,19,71,54,17,0.760563,'2018-03-05 18:47:30'),(15,20,74,56,18,0.756757,'2018-03-05 18:52:30'),(16,22,79,61,18,0.772152,'2018-03-05 18:57:30'),(17,23,81,62,19,0.765432,'2018-03-05 19:02:30'),(18,24,85,66,19,0.776471,'2018-03-05 19:07:31'),(19,25,89,70,19,0.786517,'2018-03-05 19:12:31'),(20,25,93,73,20,0.784946,'2018-03-05 19:17:31'),(21,26,95,74,21,0.778947,'2018-03-05 19:22:31'),(22,26,99,77,22,0.777778,'2018-03-05 19:27:31'),(23,26,102,80,22,0.784314,'2018-03-05 19:32:31'),(24,26,105,82,23,0.780952,'2018-03-05 19:37:32'),(25,26,110,87,23,0.790909,'2018-03-05 19:42:32'),(26,27,113,89,24,0.787611,'2018-03-05 19:47:32'),(27,27,114,90,24,0.789474,'2018-03-05 19:52:32'),(28,27,118,93,25,0.788136,'2018-03-05 19:57:32'),(29,27,121,96,25,0.793388,'2018-03-05 20:02:32'),(30,27,122,98,24,0.803279,'2018-03-05 20:07:32'),(31,28,127,102,25,0.80315,'2018-03-05 20:12:33');
/*!40000 ALTER TABLE `STATUS` ENABLE KEYS */;
UNLOCK TABLES;

--
-- Table structure for table `THRESHOLD`
--

DROP TABLE IF EXISTS `THRESHOLD`;
/*!40101 SET @saved_cs_client     = @@character_set_client */;
/*!40101 SET character_set_client = utf8 */;
CREATE TABLE `THRESHOLD` (
  `division` int(11) NOT NULL,
  `botton` float DEFAULT '0',
  `top` float DEFAULT '0',
  PRIMARY KEY (`division`)
) ENGINE=InnoDB DEFAULT CHARSET=utf8;
/*!40101 SET character_set_client = @saved_cs_client */;

--
-- Dumping data for table `THRESHOLD`
--

LOCK TABLES `THRESHOLD` WRITE;
/*!40000 ALTER TABLE `THRESHOLD` DISABLE KEYS */;
INSERT INTO `THRESHOLD` VALUES (1,8.76,20),(2,4.38,8.76),(3,0,4.38);
/*!40000 ALTER TABLE `THRESHOLD` ENABLE KEYS */;
UNLOCK TABLES;

--
-- Table structure for table `VM`
--

DROP TABLE IF EXISTS `VM`;
/*!40101 SET @saved_cs_client     = @@character_set_client */;
/*!40101 SET character_set_client = utf8 */;
CREATE TABLE `VM` (
  `id` int(11) NOT NULL AUTO_INCREMENT,
  `origin_add` varchar(45) NOT NULL,
  `origin_id` varchar(45) NOT NULL,
  `origin_name` varchar(45) NOT NULL,
  `destiny_add` varchar(45) NOT NULL,
  `destiny_name` varchar(45) NOT NULL,
  `destiny_id` varchar(45) NOT NULL,
  `status` tinyint(1) NOT NULL,
  `has_resources` tinyint(1) NOT NULL,
  `vcpus` int(11) NOT NULL,
  `mem` bigint(20) NOT NULL,
  `disk` bigint(20) NOT NULL,
  `timestamp_received` timestamp NULL DEFAULT NULL,
  `timestamp_finished` timestamp NULL DEFAULT NULL,
  PRIMARY KEY (`id`)
) ENGINE=InnoDB AUTO_INCREMENT=128 DEFAULT CHARSET=utf8;
/*!40101 SET character_set_client = @saved_cs_client */;

--
-- Dumping data for table `VM`
--

LOCK TABLES `VM` WRITE;
/*!40000 ALTER TABLE `VM` DISABLE KEYS */;
INSERT INTO `VM` VALUES (1,'192.168.0.200','playerVirtual1_450512000','playerVirtual1','192.168.0.200','playerVirtual2','playerVirtual2_8edb3cb15c',1,1,1,2048,20,'2018-03-05 17:44:38',NULL),(2,'192.168.0.200','playerVirtual2_1438244924','playerVirtual2','192.168.0.200','playerVirtual1','playerVirtual1_cea56b7836',3,1,1,2048,20,'2018-03-05 17:44:40','2018-03-05 18:46:33'),(3,'192.168.0.200','playerVirtual1_640692267','playerVirtual1','192.168.0.200','playerVirtual2','playerVirtual2_85b955b926',1,1,1,512,1,'2018-03-05 17:46:44',NULL),(4,'192.168.0.200','playerVirtual2_2381571381','playerVirtual2','192.168.0.200','playerVirtual1','playerVirtual2_2381571381',0,0,1,2048,20,'2018-03-05 17:46:45','2018-03-05 17:46:45'),(5,'192.168.0.200','playerVirtual1_5297461910','playerVirtual1','192.168.0.200','playerVirtual3','playerVirtual3_57ad47d9f0',1,1,1,512,1,'2018-03-05 17:48:47',NULL),(6,'192.168.0.200','playerVirtual2_2790332778','playerVirtual2','192.168.0.200','playerVirtual3','playerVirtual3_f0b4146d5a',1,1,2,4096,40,'2018-03-05 17:48:52',NULL),(7,'192.168.0.200','playerVirtual3_369721705','playerVirtual3','192.168.0.200','playerVirtual2','playerVirtual2_64253f49bf',1,1,2,4096,40,'2018-03-05 17:49:50',NULL),(8,'192.168.0.200','playerVirtual1_317469422','playerVirtual1','192.168.0.200','playerVirtual2','playerVirtual2_686721aad2',1,1,2,4096,40,'2018-03-05 17:50:56',NULL),(9,'192.168.0.200','playerVirtual2_6955737','playerVirtual2','192.168.0.200','playerVirtual1','playerVirtual2_6955737',0,0,1,2048,20,'2018-03-05 17:50:57','2018-03-05 17:50:57'),(10,'192.168.0.200','playerVirtual3_257338104','playerVirtual3','192.168.0.200','playerVirtual2','playerVirtual2_b1de64e297',1,1,2,4096,40,'2018-03-05 17:51:51',NULL),(11,'192.168.0.200','playerVirtual2_2433236783','playerVirtual2','192.168.0.200','playerVirtual3','playerVirtual2_2433236783',0,0,1,2048,20,'2018-03-05 17:53:06','2018-03-05 17:53:06'),(12,'192.168.0.200','playerVirtual3_3338579772','playerVirtual3','192.168.0.200','playerVirtual4','playerVirtual4_8690132ce5',3,1,1,2048,20,'2018-03-05 17:54:05','2018-03-05 18:44:38'),(13,'192.168.0.200','playerVirtual2_2359368952','playerVirtual2','192.168.0.200','playerVirtual0','playerVirtual2_2359368952',0,1,1,512,1,'2018-03-05 17:55:22','2018-03-05 17:55:22'),(14,'192.168.0.200','playerVirtual3_16917741','playerVirtual3','192.168.0.200','playerVirtual4','playerVirtual4_23c48cc676',1,1,1,512,1,'2018-03-05 17:56:19',NULL),(15,'192.168.0.200','playerVirtual4_2545640208','playerVirtual4','192.168.0.200','playerVirtual0','playerVirtual4_2545640208',0,1,1,2048,20,'2018-03-05 17:57:18','2018-03-05 17:57:18'),(16,'192.168.0.200','playerVirtual2_539194189','playerVirtual2','192.168.0.200','playerVirtual4','playerVirtual4_7e89bd6812',3,1,1,2048,20,'2018-03-05 17:57:52','2018-03-05 19:22:52'),(17,'192.168.0.200','playerVirtual3_4820204870','playerVirtual3','192.168.0.200','playerVirtual5','playerVirtual5_fbad3f7302',3,1,2,4096,40,'2018-03-05 17:59:32','2018-03-05 18:27:54'),(18,'192.168.0.200','playerVirtual4_8058564','playerVirtual4','192.168.0.200','playerVirtual0','playerVirtual4_8058564',0,1,1,2048,20,'2018-03-05 18:01:12','2018-03-05 18:01:12'),(19,'192.168.0.200','playerVirtual2_82730999','playerVirtual2','192.168.0.200','playerVirtual4','playerVirtual4_bfcd8ed5f0',1,1,1,512,1,'2018-03-05 18:01:46',NULL),(20,'192.168.0.200','playerVirtual3_351652724','playerVirtual3','192.168.0.200','playerVirtual5','playerVirtual5_91d7887110',1,1,1,2048,20,'2018-03-05 18:02:44',NULL),(21,'192.168.0.200','playerVirtual4_6571218','playerVirtual4','192.168.0.200','playerVirtual6','playerVirtual6_fb048d9cc0',1,1,1,2048,20,'2018-03-05 18:03:43',NULL),(22,'192.168.0.200','playerVirtual5_1339662','playerVirtual5','192.168.0.200','playerVirtual4','playerVirtual4_53c85e8160',1,1,1,2048,20,'2018-03-05 18:04:11',NULL),(23,'192.168.0.200','playerVirtual2_1436344784','playerVirtual2','192.168.0.200','playerVirtual5','playerVirtual5_7c6ff14103',3,1,1,2048,20,'2018-03-05 18:04:23','2018-03-05 19:04:11'),(24,'192.168.0.200','playerVirtual3_284794223','playerVirtual3','192.168.0.200','playerVirtual1930','playerVirtual3_284794223',0,1,1,2048,20,'2018-03-05 18:06:05','2018-03-05 18:06:05'),(25,'192.168.0.200','playerVirtual4_359920779','playerVirtual4','192.168.0.200','playerVirtual6','playerVirtual6_d0824f0182',3,1,1,512,1,'2018-03-05 18:07:46','2018-03-05 19:21:41'),(26,'192.168.0.200','playerVirtual2_2904109077','playerVirtual2','192.168.0.200','playerVirtual4','playerVirtual4_38e347ba92',1,1,1,512,1,'2018-03-05 18:08:19',NULL),(27,'192.168.0.200','playerVirtual5_904011','playerVirtual5','192.168.0.200','playerVirtual1930','playerVirtual5_904011',0,1,1,2048,20,'2018-03-05 18:08:31','2018-03-05 18:08:31'),(28,'192.168.0.200','playerVirtual6_1093460','playerVirtual6','192.168.0.200','playerVirtual7','playerVirtual7_1763310172',1,1,1,512,1,'2018-03-05 18:09:11',NULL),(29,'192.168.0.200','playerVirtual3_905614','playerVirtual3','192.168.0.200','playerVirtual5','playerVirtual5_d4fa5716ce',1,1,1,2048,20,'2018-03-05 18:09:18',NULL),(30,'192.168.0.200','playerVirtual4_470485660','playerVirtual4','192.168.0.200','playerVirtual6','playerVirtual6_eb81ff102b',1,1,2,4096,40,'2018-03-05 18:10:20',NULL),(31,'192.168.0.200','playerVirtual5_5792765','playerVirtual5','192.168.0.200','playerVirtual4','playerVirtual4_c332d0e9ef',1,1,1,512,1,'2018-03-05 18:10:53',NULL),(32,'192.168.0.200','playerVirtual2_30788568','playerVirtual2','192.168.0.200','playerVirtual1930','playerVirtual2_30788568',0,1,1,512,1,'2018-03-05 18:11:03','2018-03-05 18:11:03'),(33,'192.168.0.200','playerVirtual3_400453824','playerVirtual3','192.168.0.200','playerVirtual5','playerVirtual5_2a25bd425d',1,1,1,512,1,'2018-03-05 18:12:53',NULL),(34,'192.168.0.200','playerVirtual6_38671842','playerVirtual6','192.168.0.200','playerVirtual8','playerVirtual8_98ff7004d5',1,1,1,512,1,'2018-03-05 18:13:56',NULL),(35,'192.168.0.200','playerVirtual4_4819935267','playerVirtual4','192.168.0.200','playerVirtual2','playerVirtual2_b317399f48',1,1,2,4096,40,'2018-03-05 18:14:43',NULL),(36,'192.168.0.200','playerVirtual2_6264344062','playerVirtual2','192.168.0.200','playerVirtual6','playerVirtual6_a46933a255',3,1,1,512,1,'2018-03-05 18:15:20','2018-03-05 18:58:14'),(37,'192.168.0.200','playerVirtual5_4820217293','playerVirtual5','192.168.0.200','playerVirtual8','playerVirtual8_f106a6a509',1,1,2,4096,40,'2018-03-05 18:15:31',NULL),(38,'192.168.0.200','playerVirtual6_2148750930','playerVirtual6','192.168.0.200','playerVirtual4','playerVirtual4_c0804571e4',1,1,1,2048,20,'2018-03-05 18:17:43',NULL),(39,'192.168.0.200','playerVirtual3_1095593','playerVirtual3','192.168.0.200','playerVirtual8','playerVirtual8_8ab993009c',3,1,1,512,1,'2018-03-05 18:17:47','2018-03-05 18:56:47'),(40,'192.168.0.200','playerVirtual4_563574327','playerVirtual4','192.168.0.200','playerVirtual9','playerVirtual9_07a2f136bf',1,1,1,2048,20,'2018-03-05 18:18:59',NULL),(41,'192.168.0.200','playerVirtual8_227443932','playerVirtual8','192.168.0.200','playerVirtual1377','playerVirtual8_227443932',0,1,1,2048,20,'2018-03-05 18:19:02','2018-03-05 18:19:02'),(42,'192.168.0.200','playerVirtual5_16915963','playerVirtual5','192.168.0.200','playerVirtual8','playerVirtual8_9776f5d26f',1,1,1,2048,20,'2018-03-05 18:19:35',NULL),(43,'192.168.0.200','playerVirtual3_6274355716','playerVirtual3','192.168.0.200','playerVirtual9','playerVirtual9_68d57e823d',3,1,1,512,1,'2018-03-05 18:21:44','2018-03-05 19:05:52'),(44,'192.168.0.200','playerVirtual8_4820204870','playerVirtual8','192.168.0.200','playerVirtual6','playerVirtual6_ce76a5dd4e',1,1,2,4096,40,'2018-03-05 18:22:44',NULL),(45,'192.168.0.200','playerVirtual6_272887063','playerVirtual6','192.168.0.200','playerVirtual4','playerVirtual4_12c758cfdf',3,1,1,2048,20,'2018-03-05 18:22:45','2018-03-05 18:33:45'),(46,'192.168.0.200','playerVirtual2_38676294','playerVirtual2','192.168.0.200','playerVirtual1377','playerVirtual2_38676294',0,1,1,512,1,'2018-03-05 18:23:11','2018-03-05 18:23:11'),(47,'192.168.0.200','playerVirtual9_5623125514','playerVirtual9','192.168.0.200','playerVirtual10','playerVirtual10_180e1a5ca2',1,1,1,2048,20,'2018-03-05 18:24:23',NULL),(48,'192.168.0.200','playerVirtual4_182859403','playerVirtual4','192.168.0.200','playerVirtual8','playerVirtual8_90335a7b2e',3,1,1,512,1,'2018-03-05 18:24:37','2018-03-05 18:57:44'),(49,'192.168.0.200','playerVirtual5_990694203','playerVirtual5','192.168.0.200','playerVirtual1377','playerVirtual5_990694203',0,1,1,2048,20,'2018-03-05 18:25:57','2018-03-05 18:25:57'),(50,'192.168.0.200','playerVirtual6_4476462938','playerVirtual6','192.168.0.200','playerVirtual5','playerVirtual5_9e754bbc18',1,1,1,2048,20,'2018-03-05 18:28:37',NULL),(51,'192.168.0.200','playerVirtual9_6282149131','playerVirtual9','192.168.0.200','playerVirtual11','playerVirtual11_1cc234cc0a',1,1,1,512,1,'2018-03-05 18:28:40',NULL),(52,'192.168.0.200','playerVirtual2_272887063','playerVirtual2','192.168.0.200','playerVirtual6','playerVirtual6_0d3a7d7259',3,1,1,2048,20,'2018-03-05 18:29:17','2018-03-05 20:07:49'),(53,'192.168.0.200','playerVirtual8_6280643141','playerVirtual8','192.168.0.200','playerVirtual10','playerVirtual10_de1f6922be',1,1,1,512,1,'2018-03-05 18:29:46',NULL),(54,'192.168.0.200','playerVirtual10_6280638724','playerVirtual10','192.168.0.200','playerVirtual1200','playerVirtual10_6280638724',0,1,1,512,1,'2018-03-05 18:31:23','2018-03-05 18:31:23'),(55,'192.168.0.200','playerVirtual3_1436323714','playerVirtual3','192.168.0.200','playerVirtual11','playerVirtual11_00e9b9951f',1,1,1,2048,20,'2018-03-05 18:31:59',NULL),(56,'192.168.0.200','playerVirtual8_6285257156','playerVirtual8','192.168.0.200','playerVirtual12','playerVirtual12_c975d81128',1,1,1,512,1,'2018-03-05 18:34:36',NULL),(57,'192.168.0.200','playerVirtual2_182859403','playerVirtual2','192.168.0.200','playerVirtual4','playerVirtual4_26f793b5fb',3,1,1,512,1,'2018-03-05 18:34:55','2018-03-05 19:13:27'),(58,'192.168.0.200','playerVirtual4_214880781','playerVirtual4','192.168.0.200','playerVirtual8','playerVirtual8_0bcd0b3c30',1,1,1,2048,20,'2018-03-05 18:35:03',NULL),(59,'192.168.0.200','playerVirtual10_6955737','playerVirtual10','192.168.0.200','playerVirtual1200','playerVirtual10_6955737',0,1,1,2048,20,'2018-03-05 18:35:10','2018-03-05 18:35:10'),(60,'192.168.0.200','playerVirtual9_1094955','playerVirtual9','192.168.0.200','playerVirtual10','playerVirtual10_9a10e05cd3',1,1,1,512,1,'2018-03-05 18:35:50',NULL),(61,'192.168.0.200','playerVirtual5_16914091','playerVirtual5','192.168.0.200','playerVirtual11','playerVirtual11_2b4519a543',1,1,1,2048,20,'2018-03-05 18:36:27',NULL),(62,'192.168.0.200','playerVirtual11_682797','playerVirtual11','192.168.0.200','playerVirtual12','playerVirtual12_4dbb94fa82',1,1,1,2048,20,'2018-03-05 18:37:02',NULL),(63,'192.168.0.200','playerVirtual3_1438244924','playerVirtual3','192.168.0.200','playerVirtual13','playerVirtual13_84614464f0',3,1,1,2048,20,'2018-03-05 18:39:33','2018-03-05 18:52:01'),(64,'192.168.0.200','playerVirtual6_2381571381','playerVirtual6','192.168.0.200','playerVirtual8','playerVirtual8_9530f1e581',1,1,1,2048,20,'2018-03-05 18:40:25',NULL),(65,'192.168.0.200','playerVirtual4_6289355687','playerVirtual4','192.168.0.200','playerVirtual6','playerVirtual6_6eafdb410b',1,1,1,512,1,'2018-03-05 18:41:29',NULL),(66,'192.168.0.200','playerVirtual11_794070039','playerVirtual11','192.168.0.200','playerVirtual1338','playerVirtual11_794070039',0,1,1,512,1,'2018-03-05 18:41:36','2018-03-05 18:41:36'),(67,'192.168.0.200','playerVirtual9_6289704471','playerVirtual9','192.168.0.200','playerVirtual10','playerVirtual10_fea4d2517b',3,1,1,512,1,'2018-03-05 18:42:12','2018-03-05 19:01:34'),(68,'192.168.0.200','playerVirtual8_2378747961','playerVirtual8','192.168.0.200','playerVirtual12','playerVirtual12_7ed7a1b8c9',3,1,1,512,1,'2018-03-05 18:42:37','2018-03-05 18:48:55'),(69,'192.168.0.200','playerVirtual5_1436344784','playerVirtual5','192.168.0.200','playerVirtual13','playerVirtual13_eb2712f164',3,1,1,2048,20,'2018-03-05 18:42:49','2018-03-05 19:42:27'),(70,'192.168.0.200','playerVirtual12_3338579772','playerVirtual12','192.168.0.200','playerVirtual1338','playerVirtual12_3338579772',0,1,1,2048,20,'2018-03-05 18:43:23','2018-03-05 18:43:23'),(71,'192.168.0.200','playerVirtual10_1438244924','playerVirtual10','192.168.0.200','playerVirtual14','playerVirtual14_9b9284678f',1,1,1,2048,20,'2018-03-05 18:44:51',NULL),(72,'192.168.0.200','playerVirtual6_6296268057','playerVirtual6','192.168.0.200','playerVirtual15','playerVirtual15_18702b3a9a',1,1,1,512,1,'2018-03-05 18:48:39',NULL),(73,'192.168.0.200','playerVirtual13_990694203','playerVirtual13','192.168.0.200','playerVirtual10','playerVirtual10_1e12c2d5b9',3,1,1,2048,20,'2018-03-05 18:50:17','2018-03-05 18:52:16'),(74,'192.168.0.200','playerVirtual4_182859403','playerVirtual4','192.168.0.200','playerVirtual8','playerVirtual8_6d331ff8e7',3,1,1,512,1,'2018-03-05 18:52:15','2018-03-05 18:57:44'),(75,'192.168.0.200','playerVirtual12_1095593','playerVirtual12','192.168.0.200','playerVirtual13','playerVirtual13_31e89431df',3,1,1,512,1,'2018-03-05 18:52:57','2018-03-05 19:03:49'),(76,'192.168.0.200','playerVirtual9_6301942525','playerVirtual9','192.168.0.200','playerVirtual16','playerVirtual16_4c66544f03',1,1,1,512,1,'2018-03-05 18:54:10',NULL),(77,'192.168.0.200','playerVirtual11_6264344062','playerVirtual11','192.168.0.200','playerVirtual12','playerVirtual12_0c045489d2',1,1,1,2048,20,'2018-03-05 18:54:51',NULL),(78,'192.168.0.200','playerVirtual10_6274355716','playerVirtual10','192.168.0.200','playerVirtual14','playerVirtual14_937c123324',1,1,1,512,1,'2018-03-05 18:55:56',NULL),(79,'192.168.0.200','playerVirtual5_6289704471','playerVirtual5','192.168.0.200','playerVirtual15','playerVirtual15_ebac5c7e9f',3,1,1,2048,20,'2018-03-05 18:56:37','2018-03-05 19:16:42'),(80,'192.168.0.200','playerVirtual14_5297461910','playerVirtual14','192.168.0.200','playerVirtual1142','playerVirtual14_5297461910',0,1,1,512,1,'2018-03-05 18:59:40','2018-03-05 18:59:40'),(81,'192.168.0.200','playerVirtual6_539194189','playerVirtual6','192.168.0.200','playerVirtual17','playerVirtual17_12b9204457',1,1,1,2048,20,'2018-03-05 19:01:26',NULL),(82,'192.168.0.200','playerVirtual8_908315','playerVirtual8','192.168.0.200','playerVirtual4','playerVirtual4_b9bc13b83b',1,1,1,2048,20,'2018-03-05 19:02:32',NULL),(83,'192.168.0.200','playerVirtual11_4246147567','playerVirtual11','192.168.0.200','playerVirtual18','playerVirtual18_ff65e1a79f',3,1,2,4096,40,'2018-03-05 19:04:31','2018-03-05 19:41:34'),(84,'192.168.0.200','playerVirtual14_4246147567','playerVirtual14','192.168.0.200','playerVirtual9','playerVirtual9_482b2e071f',3,1,2,4096,40,'2018-03-05 19:06:23','2018-03-05 19:48:58'),(85,'192.168.0.200','playerVirtual15_182859403','playerVirtual15','192.168.0.200','playerVirtual5','playerVirtual5_bbc0b16140',1,1,1,512,1,'2018-03-05 19:06:29',NULL),(86,'192.168.0.200','playerVirtual10_4246147567','playerVirtual10','192.168.0.200','playerVirtual13','playerVirtual13_f4cb5933d8',3,1,2,4096,40,'2018-03-05 19:08:14','2018-03-05 20:11:46'),(87,'192.168.0.200','playerVirtual13_4246147567','playerVirtual13','192.168.0.200','playerVirtual19','playerVirtual19_1011c87c07',3,1,2,4096,40,'2018-03-05 19:11:46','2018-03-05 20:04:21'),(88,'192.168.0.200','playerVirtual8_5068098508','playerVirtual8','192.168.0.200','playerVirtual6','playerVirtual6_522e9e545d',3,1,1,2048,20,'2018-03-05 19:11:54','2018-03-05 19:53:32'),(89,'192.168.0.200','playerVirtual15_4246147567','playerVirtual15','192.168.0.200','playerVirtual10','playerVirtual10_825852d145',3,1,2,4096,40,'2018-03-05 19:12:16','2018-03-05 19:57:32'),(90,'192.168.0.200','playerVirtual6_6316827871','playerVirtual6','192.168.0.200','playerVirtual8','playerVirtual8_0ce14bc097',1,1,1,512,1,'2018-03-05 19:12:35',NULL),(91,'192.168.0.200','playerVirtual4_6315250734','playerVirtual4','192.168.0.200','playerVirtual16','playerVirtual16_1806a4857d',1,1,1,512,1,'2018-03-05 19:13:41',NULL),(92,'192.168.0.200','playerVirtual12_990694203','playerVirtual12','192.168.0.200','playerVirtual14','playerVirtual14_3f68225519',3,1,1,2048,20,'2018-03-05 19:16:20','2018-03-05 19:27:15'),(93,'192.168.0.200','playerVirtual9_2378747961','playerVirtual9','192.168.0.200','playerVirtual15','playerVirtual15_5d646d5d20',1,1,1,512,1,'2018-03-05 19:17:06',NULL),(94,'192.168.0.200','playerVirtual16_4246147567','playerVirtual16','192.168.0.200','playerVirtual18','playerVirtual18_2635c2b603',3,1,2,4096,40,'2018-03-05 19:18:15','2018-03-05 20:06:25'),(95,'192.168.0.200','playerVirtual3_4246147567','playerVirtual3','192.168.0.200','playerVirtual1256','playerVirtual3_4246147567',0,1,2,4096,40,'2018-03-05 19:19:13','2018-03-05 19:19:13'),(96,'192.168.0.200','playerVirtual18_4246147567','playerVirtual18','192.168.0.200','playerVirtual9','playerVirtual9_97091deec2',3,1,2,4096,40,'2018-03-05 19:24:43','2018-03-05 19:26:44'),(97,'192.168.0.200','playerVirtual9_4246147567','playerVirtual9','192.168.0.200','playerVirtual13','playerVirtual13_e7ef01ec2a',3,1,2,4096,40,'2018-03-05 19:26:35','2018-03-05 19:43:08'),(98,'192.168.0.200','playerVirtual5_359920779','playerVirtual5','192.168.0.200','playerVirtual4','playerVirtual4_8e4d27e034',1,1,1,512,1,'2018-03-05 19:26:37',NULL),(99,'192.168.0.200','playerVirtual6_1095593','playerVirtual6','192.168.0.200','playerVirtual19','playerVirtual19_2761f176f3',1,1,1,512,1,'2018-03-05 19:26:52',NULL),(100,'192.168.0.200','playerVirtual8_4246147567','playerVirtual8','192.168.0.200','playerVirtual6','playerVirtual6_9472707342',3,1,2,4096,40,'2018-03-05 19:27:51','2018-03-05 19:37:14'),(101,'192.168.0.200','playerVirtual11_4246147567','playerVirtual11','192.168.0.200','playerVirtual16','playerVirtual16_71efee9dcc',3,1,2,4096,40,'2018-03-05 19:29:22','2018-03-05 19:41:34'),(102,'192.168.0.200','playerVirtual19_4246147567','playerVirtual19','192.168.0.200','playerVirtual14','playerVirtual14_07849769fa',3,1,2,4096,40,'2018-03-05 19:30:32','2018-03-05 19:59:13'),(103,'192.168.0.200','playerVirtual14_4246147567','playerVirtual14','192.168.0.200','playerVirtual15','playerVirtual15_054be533ce',3,1,2,4096,40,'2018-03-05 19:32:54','2018-03-05 19:48:58'),(104,'192.168.0.200','playerVirtual10_4246147567','playerVirtual10','192.168.0.200','playerVirtual8','playerVirtual8_020a5b804c',3,1,2,4096,40,'2018-03-05 19:33:39','2018-03-05 20:11:46'),(105,'192.168.0.200','playerVirtual13_6322213339','playerVirtual13','192.168.0.200','playerVirtual10','playerVirtual10_8d28c8ac7f',1,1,1,512,1,'2018-03-05 19:36:15',NULL),(106,'192.168.0.200','playerVirtual2_4246147567','playerVirtual2','192.168.0.200','playerVirtual18','playerVirtual18_605c1f3952',3,1,2,4096,40,'2018-03-05 19:38:29','2018-03-05 19:48:57'),(107,'192.168.0.200','playerVirtual4_4246147567','playerVirtual4','192.168.0.200','playerVirtual9','playerVirtual9_59c8bdea0f',3,1,2,4096,40,'2018-03-05 19:39:34','2018-03-05 19:47:32'),(108,'192.168.0.200','playerVirtual15_4246147567','playerVirtual15','192.168.0.200','playerVirtual13','playerVirtual13_78494385fd',3,1,2,4096,40,'2018-03-05 19:39:41','2018-03-05 19:57:32'),(109,'192.168.0.200','playerVirtual6_4246147567','playerVirtual6','192.168.0.200','playerVirtual2','playerVirtual2_caf282a282',3,1,2,4096,40,'2018-03-05 19:40:34','2018-03-05 19:54:51'),(110,'192.168.0.200','playerVirtual13_4246147567','playerVirtual13','192.168.0.200','playerVirtual4','playerVirtual4_e39fbd8378',3,1,2,4096,40,'2018-03-05 19:41:53','2018-03-05 20:04:21'),(111,'192.168.0.200','playerVirtual12_4246147567','playerVirtual12','192.168.0.200','playerVirtual19','playerVirtual19_ecd88564a6',3,1,2,4096,40,'2018-03-05 19:43:08','2018-03-05 19:53:58'),(112,'192.168.0.200','playerVirtual3_4246147567','playerVirtual3','192.168.0.200','playerVirtual1755','playerVirtual3_4246147567',0,1,2,4096,40,'2018-03-05 19:46:24','2018-03-05 19:46:24'),(113,'192.168.0.200','playerVirtual16_4246147567','playerVirtual16','192.168.0.200','playerVirtual14','playerVirtual14_895d066bd0',3,1,2,4096,40,'2018-03-05 19:46:35','2018-03-05 20:06:25'),(114,'192.168.0.200','playerVirtual18_6335261139','playerVirtual18','192.168.0.200','playerVirtual16','playerVirtual16_bc5432edc9',1,1,1,512,1,'2018-03-05 19:51:27',NULL),(115,'192.168.0.200','playerVirtual9_990694203','playerVirtual9','192.168.0.200','playerVirtual15','playerVirtual15_991730596f',3,1,1,2048,20,'2018-03-05 19:55:22','2018-03-05 20:11:56'),(116,'192.168.0.200','playerVirtual5_4246147567','playerVirtual5','192.168.0.200','playerVirtual10','playerVirtual10_341f3e9f74',3,1,2,4096,40,'2018-03-05 19:55:24','2018-03-05 20:11:14'),(117,'192.168.0.200','playerVirtual18_6566788','playerVirtual18','192.168.0.200','playerVirtual9','playerVirtual9_2734ace9f0',1,1,1,2048,20,'2018-03-05 19:56:52',NULL),(118,'192.168.0.200','playerVirtual11_6344084916','playerVirtual11','192.168.0.200','playerVirtual3','playerVirtual11_6344084916',0,0,1,512,1,'2018-03-05 19:56:56','2018-03-05 19:56:56'),(119,'192.168.0.200','playerVirtual19_4246147567','playerVirtual19','192.168.0.200','playerVirtual18','playerVirtual18_1fc64a39c3',3,1,2,4096,40,'2018-03-05 19:58:12','2018-03-05 19:59:13'),(120,'192.168.0.200','playerVirtual10_4246147567','playerVirtual10','192.168.0.200','playerVirtual6','playerVirtual6_481602fa7a',3,1,2,4096,40,'2018-03-05 20:01:40','2018-03-05 20:11:46'),(121,'192.168.0.200','playerVirtual14_4246147567','playerVirtual14','192.168.0.200','playerVirtual13','playerVirtual13_ddccaf82bd',1,1,2,4096,40,'2018-03-05 20:01:47',NULL),(122,'192.168.0.200','playerVirtual8_4246147567','playerVirtual8','192.168.0.200','playerVirtual2','playerVirtual2_08435734a4',1,1,2,4096,40,'2018-03-05 20:06:24',NULL),(123,'192.168.0.200','playerVirtual4_4246147567','playerVirtual4','192.168.0.200','playerVirtual8','playerVirtual8_b5e86629cc',1,1,2,4096,40,'2018-03-05 20:09:00',NULL),(124,'192.168.0.200','playerVirtual15_6566788','playerVirtual15','192.168.0.200','playerVirtual19','playerVirtual19_fdaf2a5087',1,1,1,2048,20,'2018-03-05 20:09:26',NULL),(125,'192.168.0.200','playerVirtual6_4246147567','playerVirtual6','192.168.0.200','playerVirtual4','playerVirtual4_a34eae0d07',1,1,2,4096,40,'2018-03-05 20:11:09',NULL),(126,'192.168.0.200','playerVirtual13_4820150269','playerVirtual13','192.168.0.200','playerVirtual14','playerVirtual14_25e82ea97a',1,1,2,4096,40,'2018-03-05 20:11:45',NULL),(127,'192.168.0.200','playerVirtual11_4246147567','playerVirtual11','192.168.0.200','playerVirtual7','playerVirtual11_4246147567',0,0,2,4096,40,'2018-03-05 20:12:23','2018-03-05 20:12:23');
/*!40000 ALTER TABLE `VM` ENABLE KEYS */;
UNLOCK TABLES;
/*!40103 SET TIME_ZONE=@OLD_TIME_ZONE */;

/*!40101 SET SQL_MODE=@OLD_SQL_MODE */;
/*!40014 SET FOREIGN_KEY_CHECKS=@OLD_FOREIGN_KEY_CHECKS */;
/*!40014 SET UNIQUE_CHECKS=@OLD_UNIQUE_CHECKS */;
/*!40101 SET CHARACTER_SET_CLIENT=@OLD_CHARACTER_SET_CLIENT */;
/*!40101 SET CHARACTER_SET_RESULTS=@OLD_CHARACTER_SET_RESULTS */;
/*!40101 SET COLLATION_CONNECTION=@OLD_COLLATION_CONNECTION */;
/*!40111 SET SQL_NOTES=@OLD_SQL_NOTES */;

-- Dump completed on 2018-03-05 17:12:33
