-- MySQL dump 10.14  Distrib 5.5.58-MariaDB, for debian-linux-gnu (x86_64)
--
-- Host: localhost    Database: mct
-- ------------------------------------------------------
-- Server version	5.5.58-MariaDB-1ubuntu0.14.04.1

/*!40101 SET @OLD_CHARACTER_SET_CLIENT=@@CHARACTER_SET_CLIENT */;
/*!40101 SET @OLD_CHARACTER_SET_RESULTS=@@CHARACTER_SET_RESULTS */;
/*!40101 SET @OLD_COLLATION_CONNECTION=@@COLLATION_CONNECTION */;
/*!40101 SET NAMES utf8 */;
/*!40103 SET @OLD_TIME_ZONE=@@TIME_ZONE */;
/*!40103 SET TIME_ZONE='+00:00' */;
/*!40014 SET @OLD_UNIQUE_CHECKS=@@UNIQUE_CHECKS, UNIQUE_CHECKS=0 */;
/*!40014 SET @OLD_FOREIGN_KEY_CHECKS=@@FOREIGN_KEY_CHECKS, FOREIGN_KEY_CHECKS=0 */;
/*!40101 SET @OLD_SQL_MODE=@@SQL_MODE, SQL_MODE='NO_AUTO_VALUE_ON_ZERO' */;
/*!40111 SET @OLD_SQL_NOTES=@@SQL_NOTES, SQL_NOTES=0 */;

--
-- Table structure for table `FIELDS`
--

DROP TABLE IF EXISTS `FIELDS`;
/*!40101 SET @saved_cs_client     = @@character_set_client */;
/*!40101 SET character_set_client = utf8 */;
CREATE TABLE `FIELDS` (
  `operation` int(11) NOT NULL,
  `fields` varchar(45) NOT NULL,
  PRIMARY KEY (`operation`)
) ENGINE=InnoDB DEFAULT CHARSET=utf8;
/*!40101 SET character_set_client = @saved_cs_client */;

--
-- Dumping data for table `FIELDS`
--

LOCK TABLES `FIELDS` WRITE;
/*!40000 ALTER TABLE `FIELDS` DISABLE KEYS */;
INSERT INTO `FIELDS` VALUES (0,'name mem image vcpus disk uuid');
/*!40000 ALTER TABLE `FIELDS` ENABLE KEYS */;
UNLOCK TABLES;

--
-- Table structure for table `PLAYER`
--

DROP TABLE IF EXISTS `PLAYER`;
/*!40101 SET @saved_cs_client     = @@character_set_client */;
/*!40101 SET character_set_client = utf8 */;
CREATE TABLE `PLAYER` (
  `id` int(11) NOT NULL AUTO_INCREMENT,
  `name` varchar(45) NOT NULL,
  `address` varchar(45) NOT NULL,
  `division` int(11) DEFAULT NULL,
  `score` float DEFAULT '0',
  `history` int(11) DEFAULT '0',
  `fairness` float DEFAULT '0',
  `accepts` int(11) DEFAULT '0',
  `rejects` int(11) DEFAULT '0',
  `running` int(11) DEFAULT '0',
  `finished` int(11) DEFAULT '0',
  `problem_del` int(11) DEFAULT '0',
  `vcpus` int(11) DEFAULT '0',
  `memory` bigint(20) DEFAULT '0',
  `local_gb` bigint(20) DEFAULT '0',
  `vcpus_used` bigint(20) DEFAULT '0',
  `memory_used` bigint(20) DEFAULT '0',
  `local_gb_used` bigint(20) DEFAULT '0',
  `max_instance` int(11) DEFAULT '0',
  `token` varchar(45) DEFAULT NULL,
  `suspend` timestamp NULL DEFAULT NULL,
  `enabled` int(11) DEFAULT '0',
  `last_choice` timestamp NOT NULL DEFAULT '2018-01-01 02:00:00',
  `playoff` tinyint(1) DEFAULT '0',
  PRIMARY KEY (`id`)
) ENGINE=InnoDB AUTO_INCREMENT=19 DEFAULT CHARSET=utf8;
/*!40101 SET character_set_client = @saved_cs_client */;

--
-- Dumping data for table `PLAYER`
--

LOCK TABLES `PLAYER` WRITE;
/*!40000 ALTER TABLE `PLAYER` DISABLE KEYS */;
INSERT INTO `PLAYER` VALUES (1,'playerVirtual2','192.168.0.200',2,6.64,30,0.714286,9,0,9,0,0,1023,1047552,10230,11,19456,182,9,'d2171587d0de391d282b149ef27e8479e6f983f2',NULL,1,'2018-02-20 20:32:08',0),(2,'playerVirtual0','192.168.0.200',4,-8,0,1,0,4,0,0,0,1023,1047552,10230,0,0,0,5,'c0d26561931c50f489036cd15ebe2f035ac4ba29',NULL,0,'2018-02-20 20:05:50',1),(3,'playerVirtual4','192.168.0.200',1,9.3,28,0.666667,12,0,8,4,0,1023,1047552,10230,9,15360,142,9,'921089b5872184a6e66db2fde908365b53ab4576',NULL,1,'2018-02-20 22:06:53',0),(4,'playerVirtual1778','192.168.0.200',4,-6,0,1,0,3,0,0,0,1023,1047552,10230,0,0,0,5,'ad3f631db3310f3d60d85cfad428b4827f8a0e6e',NULL,0,'2018-02-20 20:15:07',1),(5,'playerVirtual5','192.168.0.200',2,7.31,27,0.857143,8,0,5,3,0,1023,1047552,10230,5,5632,43,5,'7390bdb89dd11fde4e2db4775ccc87977ec40059',NULL,1,'2018-02-20 21:24:50',0),(6,'playerVirtual6','192.168.0.200',2,5.98,26,0.692308,8,0,7,1,0,1023,1047552,10230,8,11776,103,7,'d1d2e439f4ae0c9583b6e147cc0b9cb5a3e1aa3e',NULL,1,'2018-02-20 21:39:42',0),(7,'playerVirtual1050','192.168.0.200',4,-12,0,1,0,6,0,0,0,1023,1047552,10230,0,0,0,5,'8ff520f712d095a5bca1e011eaaa58ebb930186c',NULL,0,'2018-02-20 20:35:23',1),(8,'playerVirtual8','192.168.0.200',1,11.29,24,0.727273,13,0,8,5,0,1023,1047552,10230,9,13824,123,9,'ad9a26e9a56d5a96ae9e3fa0f298098748eeabf6',NULL,1,'2018-02-20 22:08:41',0),(9,'playerVirtual10','192.168.0.200',1,11.95,22,0.375,13,0,6,7,0,1023,1047552,10230,7,12800,121,8,'b91eae59379dd24d4ceccd97a9abca34093412c0',NULL,1,'2018-02-20 22:11:27',0),(10,'playerVirtual1550','192.168.0.200',4,-10,0,1,0,5,0,0,0,1023,1047552,10230,0,0,0,5,'907a89a68f84aa99ce89e3a77ad0603a31a10d3b',NULL,0,'2018-02-20 20:55:07',1),(11,'playerVirtual13','192.168.0.200',3,2.99,19,0.857143,5,1,5,0,0,1023,1047552,10230,5,5632,43,5,'3eb8807289414b3a4751f077dd40c592e8754dd6',NULL,1,'2018-02-20 21:46:30',0),(12,'playerVirtual14','192.168.0.200',2,8.63,19,1,9,0,4,5,0,1023,1047552,10230,4,8192,80,5,'c9f21e9aaefa0d4170caa9f3f8f7962d45e7dd9c',NULL,1,'2018-02-20 22:17:34',0),(13,'playerVirtual1226','192.168.0.200',4,-6,0,0,0,3,0,0,0,1023,1047552,10230,0,0,0,5,'fbac974cfcb58bd6ea77e22f03d1fd6260759ff9',NULL,0,'2018-02-20 21:13:55',1),(14,'playerVirtual15','192.168.0.200',2,8.64,17,0.666667,8,0,4,4,0,1023,1047552,10230,5,5632,43,5,'20d2839b8832307cb7d0f93e75cd5cca35b1e8aa',NULL,1,'2018-02-20 22:26:20',0),(15,'playerVirtual19','192.168.0.200',1,9.3,14,0.333333,8,0,5,3,0,1023,1047552,10230,5,4096,24,7,'b6292df35cd5072e70b9490158ee6b8ba25b5b7c',NULL,1,'2018-02-20 22:21:45',0),(16,'playerVirtual1762','192.168.0.200',4,-2,0,0,0,1,0,0,0,1023,1047552,10230,0,0,0,5,'d56bee1978b349d1f141d0f1084f13ad79036e87',NULL,0,'2018-02-20 21:32:16',1),(17,'playerVirtual1265','192.168.0.200',4,-2,0,0,0,1,0,0,0,1023,1047552,10230,0,0,0,5,'48ffbfa4d6890b983f73ee7e87a0541edbc57bd0',NULL,0,'2018-02-20 21:57:03',1),(18,'playerVirtual1192','192.168.0.200',3,-4,0,0,0,2,0,0,0,1023,1047552,10230,0,0,0,5,'07d72c288c055b977d879e79ca4689568ae9e91d',NULL,1,'2018-02-20 22:25:16',1);
/*!40000 ALTER TABLE `PLAYER` ENABLE KEYS */;
UNLOCK TABLES;

--
-- Table structure for table `REQUEST`
--

DROP TABLE IF EXISTS `REQUEST`;
/*!40101 SET @saved_cs_client     = @@character_set_client */;
/*!40101 SET character_set_client = utf8 */;
CREATE TABLE `REQUEST` (
  `id` int(11) NOT NULL AUTO_INCREMENT,
  `player_id` varchar(45) NOT NULL,
  `request_id` varchar(45) NOT NULL,
  `action` int(11) NOT NULL,
  `timestamp_received` timestamp NULL DEFAULT NULL,
  `timestamp_finished` timestamp NULL DEFAULT NULL,
  `status` int(11) NOT NULL,
  PRIMARY KEY (`id`)
) ENGINE=InnoDB AUTO_INCREMENT=483 DEFAULT CHARSET=utf8;
/*!40101 SET character_set_client = @saved_cs_client */;

--
-- Dumping data for table `REQUEST`
--

LOCK TABLES `REQUEST` WRITE;
/*!40000 ALTER TABLE `REQUEST` DISABLE KEYS */;
INSERT INTO `REQUEST` VALUES (1,'playerVirtual2','playerVirtual2_576f43c5a6',4,'2018-02-20 19:58:30',NULL,0),(2,'playerVirtual0','playerVirtual0_d23e81bbf5',4,'2018-02-20 19:58:31',NULL,0),(3,'playerVirtual2','playerVirtual2_450512000',0,'2018-02-20 19:59:31',NULL,0),(4,'playerVirtual2','playerVirtual2_450512000',0,'2018-02-20 19:59:32',NULL,0),(5,'playerVirtual0','playerVirtual0_1438244924',0,'2018-02-20 19:59:34',NULL,0),(6,'playerVirtual0','playerVirtual0_1438244924',0,'2018-02-20 19:59:34',NULL,0),(7,'playerVirtual2','playerVirtual2_f7bf7cdd57',3,'2018-02-20 20:00:32',NULL,0),(8,'playerVirtual0','playerVirtual0_9764ae466f',3,'2018-02-20 20:00:34',NULL,0),(9,'playerVirtual2','playerVirtual2_640692267',0,'2018-02-20 20:01:37',NULL,0),(10,'playerVirtual2','playerVirtual2_640692267',0,'2018-02-20 20:01:37',NULL,0),(11,'playerVirtual0','playerVirtual0_2381571381',0,'2018-02-20 20:01:38',NULL,0),(12,'playerVirtual0','playerVirtual0_2381571381',0,'2018-02-20 20:01:38',NULL,0),(13,'playerVirtual2','playerVirtual2_8431d55db9',4,'2018-02-20 20:02:37',NULL,0),(14,'playerVirtual0','playerVirtual0_d0aa110092',4,'2018-02-20 20:02:38',NULL,0),(15,'playerVirtual2','playerVirtual2_5297461910',0,'2018-02-20 20:03:40',NULL,0),(16,'playerVirtual2','playerVirtual2_5297461910',0,'2018-02-20 20:03:40',NULL,0),(17,'playerVirtual0','playerVirtual0_2790332778',0,'2018-02-20 20:03:46',NULL,0),(18,'playerVirtual0','playerVirtual0_2790332778',0,'2018-02-20 20:03:46',NULL,0),(19,'playerVirtual2','playerVirtual2_6ee8340ca1',3,'2018-02-20 20:04:40',NULL,0),(20,'playerVirtual0','playerVirtual0_3676a98af2',3,'2018-02-20 20:04:46',NULL,0),(21,'playerVirtual2','playerVirtual2_369721705',0,'2018-02-20 20:05:50',NULL,0),(22,'playerVirtual2','playerVirtual2_369721705',0,'2018-02-20 20:05:50',NULL,0),(23,'playerVirtual0','playerVirtual0_317469422',0,'2018-02-20 20:05:51',NULL,0),(24,'playerVirtual0','playerVirtual0_317469422',0,'2018-02-20 20:05:51',NULL,0),(25,'playerVirtual2','playerVirtual2_263e6e2515',4,'2018-02-20 20:06:50',NULL,0),(26,'playerVirtual0','playerVirtual0_49d5324958',4,'2018-02-20 20:06:51',NULL,0),(27,'playerVirtual2','playerVirtual2_6955737',0,'2018-02-20 20:07:53',NULL,0),(28,'playerVirtual4','playerVirtual4_c2f143bf46',4,'2018-02-20 20:08:34',NULL,0),(29,'playerVirtual2','playerVirtual2_90bbcd9d8d',3,'2018-02-20 20:08:54',NULL,0),(30,'playerVirtual4','playerVirtual4_3584940347',0,'2018-02-20 20:09:47',NULL,0),(31,'playerVirtual4','playerVirtual4_3584940347',0,'2018-02-20 20:09:48',NULL,0),(32,'playerVirtual2','playerVirtual2_2433236783',0,'2018-02-20 20:10:04',NULL,0),(33,'playerVirtual2','playerVirtual2_2433236783',0,'2018-02-20 20:10:04',NULL,0),(34,'playerVirtual1778','playerVirtual1778_b7f3e175d4',4,'2018-02-20 20:10:05',NULL,0),(35,'playerVirtual4','playerVirtual4_fc3e46efe2',3,'2018-02-20 20:10:47',NULL,0),(36,'playerVirtual2','playerVirtual2_b22310e32e',4,'2018-02-20 20:11:04',NULL,0),(37,'playerVirtual1778','playerVirtual1778_3338579772',0,'2018-02-20 20:11:19',NULL,0),(38,'playerVirtual1778','playerVirtual1778_3338579772',0,'2018-02-20 20:11:19',NULL,0),(39,'playerVirtual4','playerVirtual4_257407216',0,'2018-02-20 20:11:49',NULL,0),(40,'playerVirtual4','playerVirtual4_257407216',0,'2018-02-20 20:11:49',NULL,0),(41,'playerVirtual2','playerVirtual2_182859403',0,'2018-02-20 20:12:15',NULL,0),(42,'playerVirtual2','playerVirtual2_182859403',0,'2018-02-20 20:12:16',NULL,0),(43,'playerVirtual1778','playerVirtual1778_6b7a74801f',3,'2018-02-20 20:12:19',NULL,0),(44,'playerVirtual4','playerVirtual4_40a19e8d72',4,'2018-02-20 20:12:49',NULL,0),(45,'playerVirtual2','playerVirtual2_92af997294',3,'2018-02-20 20:13:15',NULL,0),(46,'playerVirtual5','playerVirtual5_6dcd6e1ab0',4,'2018-02-20 20:13:29',NULL,0),(47,'playerVirtual1778','playerVirtual1778_2359368952',0,'2018-02-20 20:13:29',NULL,0),(48,'playerVirtual1778','playerVirtual1778_2359368952',0,'2018-02-20 20:13:30',NULL,0),(49,'playerVirtual4','playerVirtual4_16917741',0,'2018-02-20 20:14:15',NULL,0),(50,'playerVirtual4','playerVirtual4_16917741',0,'2018-02-20 20:14:15',NULL,0),(51,'playerVirtual1778','playerVirtual1778_4e3d1cf3a8',4,'2018-02-20 20:14:30',NULL,0),(52,'playerVirtual2','playerVirtual2_2545640208',0,'2018-02-20 20:14:41',NULL,0),(53,'playerVirtual2','playerVirtual2_2545640208',0,'2018-02-20 20:14:41',NULL,0),(54,'playerVirtual5','playerVirtual5_908315',0,'2018-02-20 20:15:06',NULL,0),(55,'playerVirtual5','playerVirtual5_908315',0,'2018-02-20 20:15:07',NULL,0),(56,'playerVirtual4','playerVirtual4_4093098e34',3,'2018-02-20 20:15:16',NULL,0),(57,'playerVirtual2','playerVirtual2_b315d8615d',4,'2018-02-20 20:15:41',NULL,0),(58,'playerVirtual1778','playerVirtual1778_539194189',0,'2018-02-20 20:16:05',NULL,0),(59,'playerVirtual1778','playerVirtual1778_539194189',0,'2018-02-20 20:16:05',NULL,0),(60,'playerVirtual5','playerVirtual5_2efc217e14',3,'2018-02-20 20:16:07',NULL,0),(61,'playerVirtual1778','playerVirtual1778_2e473eb8b3',3,'2018-02-20 20:17:05',NULL,0),(62,'playerVirtual4','playerVirtual4_4820204870',0,'2018-02-20 20:17:16',NULL,0),(63,'playerVirtual4','playerVirtual4_4820204870',0,'2018-02-20 20:17:17',NULL,0),(64,'playerVirtual4','playerVirtual4_484eb248fb',4,'2018-02-20 20:18:16',NULL,0),(65,'playerVirtual6','playerVirtual6_1b968cd5d0',4,'2018-02-20 20:18:28',NULL,0),(66,'playerVirtual2','playerVirtual2_8058564',0,'2018-02-20 20:18:32',NULL,0),(67,'playerVirtual2','playerVirtual2_8058564',0,'2018-02-20 20:18:33',NULL,0),(68,'playerVirtual5','playerVirtual5_1429160667',0,'2018-02-20 20:18:47',NULL,0),(69,'playerVirtual5','playerVirtual5_1429160667',0,'2018-02-20 20:18:47',NULL,0),(70,'playerVirtual2','playerVirtual2_4a2285779c',3,'2018-02-20 20:19:33',NULL,0),(71,'playerVirtual5','playerVirtual5_a4c24567a3',4,'2018-02-20 20:19:47',NULL,0),(72,'playerVirtual4','playerVirtual4_82730999',0,'2018-02-20 20:20:38',NULL,0),(73,'playerVirtual4','playerVirtual4_82730999',0,'2018-02-20 20:20:38',NULL,0),(74,'playerVirtual2','playerVirtual2_6571218',0,'2018-02-20 20:21:06',NULL,0),(75,'playerVirtual2','playerVirtual2_6571218',0,'2018-02-20 20:21:06',NULL,0),(76,'playerVirtual5','playerVirtual5_778566023',0,'2018-02-20 20:21:33',NULL,0),(77,'playerVirtual5','playerVirtual5_778566023',0,'2018-02-20 20:21:34',NULL,0),(78,'playerVirtual4','playerVirtual4_7ed4281b16',3,'2018-02-20 20:21:38',NULL,0),(79,'playerVirtual6','playerVirtual6_351652724',0,'2018-02-20 20:21:52',NULL,0),(80,'playerVirtual6','playerVirtual6_351652724',0,'2018-02-20 20:21:53',NULL,0),(81,'playerVirtual1050','playerVirtual1050_eabd34b7ab',4,'2018-02-20 20:21:53',NULL,0),(82,'playerVirtual2','playerVirtual2_a878b153f7',4,'2018-02-20 20:22:06',NULL,0),(83,'playerVirtual5','playerVirtual5_0431b65ea5',3,'2018-02-20 20:22:34',NULL,0),(84,'playerVirtual6','playerVirtual6_74973ff6cd',3,'2018-02-20 20:22:53',NULL,0),(85,'playerVirtual4','playerVirtual4_1436344784',0,'2018-02-20 20:23:46',NULL,0),(86,'playerVirtual4','playerVirtual4_1436344784',0,'2018-02-20 20:23:47',NULL,0),(87,'playerVirtual6','playerVirtual6_359920779',0,'2018-02-20 20:24:01',NULL,0),(88,'playerVirtual6','playerVirtual6_359920779',0,'2018-02-20 20:24:01',NULL,0),(89,'playerVirtual4','playerVirtual4_8253efaa0e',4,'2018-02-20 20:24:47',NULL,0),(90,'playerVirtual6','playerVirtual6_874c44473e',4,'2018-02-20 20:25:01',NULL,0),(91,'playerVirtual2','playerVirtual2_317497342',0,'2018-02-20 20:25:05',NULL,0),(92,'playerVirtual2','playerVirtual2_317497342',0,'2018-02-20 20:25:06',NULL,0),(93,'playerVirtual5','playerVirtual5_284794223',0,'2018-02-20 20:25:20',NULL,0),(94,'playerVirtual5','playerVirtual5_284794223',0,'2018-02-20 20:25:20',NULL,0),(95,'playerVirtual1050','playerVirtual1050_1339662',0,'2018-02-20 20:25:26',NULL,0),(96,'playerVirtual1050','playerVirtual1050_1339662',0,'2018-02-20 20:25:27',NULL,0),(97,'playerVirtual2','playerVirtual2_412bf3df53',3,'2018-02-20 20:26:06',NULL,0),(98,'playerVirtual5','playerVirtual5_9f37a51a3c',4,'2018-02-20 20:26:20',NULL,0),(99,'playerVirtual1050','playerVirtual1050_767d2a4bb3',3,'2018-02-20 20:26:26',NULL,0),(100,'playerVirtual4','playerVirtual4_904011',0,'2018-02-20 20:27:11',NULL,0),(101,'playerVirtual4','playerVirtual4_904011',0,'2018-02-20 20:27:11',NULL,0),(102,'playerVirtual1050','playerVirtual1050_1093460',0,'2018-02-20 20:27:29',NULL,0),(103,'playerVirtual1050','playerVirtual1050_1093460',0,'2018-02-20 20:27:29',NULL,0),(104,'playerVirtual2','playerVirtual2_257338074',0,'2018-02-20 20:27:40',NULL,0),(105,'playerVirtual2','playerVirtual2_257338074',0,'2018-02-20 20:27:40',NULL,0),(106,'playerVirtual5','playerVirtual5_905614',0,'2018-02-20 20:28:07',NULL,0),(107,'playerVirtual5','playerVirtual5_905614',0,'2018-02-20 20:28:08',NULL,0),(108,'playerVirtual4','playerVirtual4_3b189efb77',3,'2018-02-20 20:28:11',NULL,0),(109,'playerVirtual6','playerVirtual6_2904109077',0,'2018-02-20 20:28:26',NULL,0),(110,'playerVirtual6','playerVirtual6_2904109077',0,'2018-02-20 20:28:27',NULL,0),(111,'playerVirtual1050','playerVirtual1050_39416b7e05',4,'2018-02-20 20:28:30',NULL,0),(112,'playerVirtual8','playerVirtual8_ff43a90ec5',4,'2018-02-20 20:28:30',NULL,0),(113,'playerVirtual2','playerVirtual2_f2128ee93f',4,'2018-02-20 20:28:40',NULL,0),(114,'playerVirtual5','playerVirtual5_47f9350d5e',3,'2018-02-20 20:29:08',NULL,0),(115,'playerVirtual6','playerVirtual6_fc256c4cd1',3,'2018-02-20 20:29:27',NULL,0),(116,'playerVirtual4','playerVirtual4_6569547',0,'2018-02-20 20:30:22',NULL,0),(117,'playerVirtual4','playerVirtual4_6569547',0,'2018-02-20 20:30:23',NULL,0),(118,'playerVirtual6','playerVirtual6_400453824',0,'2018-02-20 20:30:49',NULL,0),(119,'playerVirtual6','playerVirtual6_400453824',0,'2018-02-20 20:30:49',NULL,0),(120,'playerVirtual4','playerVirtual4_fb9d743998',4,'2018-02-20 20:31:23',NULL,0),(121,'playerVirtual2','playerVirtual2_5792765',0,'2018-02-20 20:31:46',NULL,0),(122,'playerVirtual2','playerVirtual2_5792765',0,'2018-02-20 20:31:47',NULL,0),(123,'playerVirtual6','playerVirtual6_2f3591e152',4,'2018-02-20 20:31:49',NULL,0),(124,'playerVirtual1050','playerVirtual1050_470485660',0,'2018-02-20 20:32:02',NULL,0),(125,'playerVirtual1050','playerVirtual1050_470485660',0,'2018-02-20 20:32:02',NULL,0),(126,'playerVirtual5','playerVirtual5_38671842',0,'2018-02-20 20:32:08',NULL,0),(127,'playerVirtual8','playerVirtual8_30788568',0,'2018-02-20 20:32:08',NULL,0),(128,'playerVirtual5','playerVirtual5_38671842',0,'2018-02-20 20:32:09',NULL,0),(129,'playerVirtual8','playerVirtual8_30788568',0,'2018-02-20 20:32:09',NULL,0),(130,'playerVirtual2','playerVirtual2_fa17c56345',3,'2018-02-20 20:32:46',NULL,0),(131,'playerVirtual1050','playerVirtual1050_d89ef533e4',3,'2018-02-20 20:33:02',NULL,0),(132,'playerVirtual5','playerVirtual5_977ce2ba8a',4,'2018-02-20 20:33:08',NULL,0),(133,'playerVirtual8','playerVirtual8_90fb3fd2bc',3,'2018-02-20 20:33:08',NULL,0),(134,'playerVirtual4','playerVirtual4_4820318661',0,'2018-02-20 20:34:07',NULL,0),(135,'playerVirtual4','playerVirtual4_4820318661',0,'2018-02-20 20:34:07',NULL,0),(136,'playerVirtual1050','playerVirtual1050_6264344062',0,'2018-02-20 20:34:28',NULL,0),(137,'playerVirtual1050','playerVirtual1050_6264344062',0,'2018-02-20 20:34:29',NULL,0),(138,'playerVirtual2','playerVirtual2_4820217293',0,'2018-02-20 20:34:41',NULL,0),(139,'playerVirtual2','playerVirtual2_4820217293',0,'2018-02-20 20:34:42',NULL,0),(140,'playerVirtual8','playerVirtual8_5068098508',0,'2018-02-20 20:34:43',NULL,0),(141,'playerVirtual8','playerVirtual8_5068098508',0,'2018-02-20 20:34:43',NULL,0),(142,'playerVirtual4','playerVirtual4_00d7f7f7a8',3,'2018-02-20 20:35:07',NULL,0),(143,'playerVirtual5','playerVirtual5_2378747961',0,'2018-02-20 20:35:18',NULL,0),(144,'playerVirtual5','playerVirtual5_2378747961',0,'2018-02-20 20:35:18',NULL,0),(145,'playerVirtual6','playerVirtual6_4819935267',0,'2018-02-20 20:35:23',NULL,0),(146,'playerVirtual6','playerVirtual6_4819935267',0,'2018-02-20 20:35:24',NULL,0),(147,'playerVirtual1050','playerVirtual1050_76cbfd230c',4,'2018-02-20 20:35:29',NULL,0),(148,'playerVirtual2','playerVirtual2_51a61b1096',4,'2018-02-20 20:35:42',NULL,0),(149,'playerVirtual8','playerVirtual8_ba01d824b1',4,'2018-02-20 20:35:44',NULL,0),(150,'playerVirtual5','playerVirtual5_0b8285a3b8',3,'2018-02-20 20:36:18',NULL,0),(151,'playerVirtual6','playerVirtual6_03026d8471',3,'2018-02-20 20:36:24',NULL,0),(152,'playerVirtual10','playerVirtual10_9b544227ad',4,'2018-02-20 20:38:28',NULL,0),(153,'playerVirtual4','playerVirtual4_227443932',0,'2018-02-20 20:38:50',NULL,0),(154,'playerVirtual4','playerVirtual4_227443932',0,'2018-02-20 20:38:51',NULL,0),(155,'playerVirtual6','playerVirtual6_16915963',0,'2018-02-20 20:39:31',NULL,0),(156,'playerVirtual6','playerVirtual6_16915963',0,'2018-02-20 20:39:31',NULL,0),(157,'playerVirtual4','playerVirtual4_9ea1dc57f4',4,'2018-02-20 20:39:51',NULL,0),(158,'playerVirtual2','playerVirtual2_2148750930',0,'2018-02-20 20:40:18',NULL,0),(159,'playerVirtual2','playerVirtual2_2148750930',0,'2018-02-20 20:40:19',NULL,0),(160,'playerVirtual6','playerVirtual6_b11fbbf5f5',4,'2018-02-20 20:40:31',NULL,0),(161,'playerVirtual8','playerVirtual8_563574327',0,'2018-02-20 20:40:44',NULL,0),(162,'playerVirtual8','playerVirtual8_563574327',0,'2018-02-20 20:40:45',NULL,0),(163,'playerVirtual5','playerVirtual5_765651',0,'2018-02-20 20:40:47',NULL,0),(164,'playerVirtual5','playerVirtual5_765651',0,'2018-02-20 20:40:47',NULL,0),(165,'playerVirtual2','playerVirtual2_b1e4c757cd',3,'2018-02-20 20:41:18',NULL,0),(166,'playerVirtual8','playerVirtual8_47732e4514',3,'2018-02-20 20:41:45',NULL,0),(167,'playerVirtual5','playerVirtual5_8ec6ff9660',4,'2018-02-20 20:41:47',NULL,0),(168,'playerVirtual1550','playerVirtual1550_de12733013',4,'2018-02-20 20:42:32',NULL,0),(169,'playerVirtual4','playerVirtual4_284757920',0,'2018-02-20 20:42:53',NULL,0),(170,'playerVirtual4','playerVirtual4_284757920',0,'2018-02-20 20:42:53',NULL,0),(171,'playerVirtual2','playerVirtual2_6274355716',0,'2018-02-20 20:43:31',NULL,0),(172,'playerVirtual2','playerVirtual2_6274355716',0,'2018-02-20 20:43:31',NULL,0),(173,'playerVirtual8','playerVirtual8_38676294',0,'2018-02-20 20:43:35',NULL,0),(174,'playerVirtual8','playerVirtual8_38676294',0,'2018-02-20 20:43:35',NULL,0),(175,'playerVirtual4','playerVirtual4_e6930952cb',3,'2018-02-20 20:43:53',NULL,0),(176,'playerVirtual6','playerVirtual6_272887063',0,'2018-02-20 20:44:11',NULL,0),(177,'playerVirtual6','playerVirtual6_272887063',0,'2018-02-20 20:44:12',NULL,0),(178,'playerVirtual10','playerVirtual10_5623125514',0,'2018-02-20 20:44:13',NULL,0),(179,'playerVirtual10','playerVirtual10_5623125514',0,'2018-02-20 20:44:13',NULL,0),(180,'playerVirtual2','playerVirtual2_c8360a915b',4,'2018-02-20 20:44:31',NULL,0),(181,'playerVirtual8','playerVirtual8_18e472f3cc',4,'2018-02-20 20:44:35',NULL,0),(182,'playerVirtual6','playerVirtual6_2055fa3375',3,'2018-02-20 20:45:11',NULL,0),(183,'playerVirtual5','playerVirtual5_182859403',0,'2018-02-20 20:45:12',NULL,0),(184,'playerVirtual5','playerVirtual5_182859403',0,'2018-02-20 20:45:12',NULL,0),(185,'playerVirtual10','playerVirtual10_84858468d1',3,'2018-02-20 20:45:13',NULL,0),(186,'playerVirtual5','playerVirtual5_7cb56c3883',3,'2018-02-20 20:46:12',NULL,0),(187,'playerVirtual10','playerVirtual10_6280638724',0,'2018-02-20 20:48:12',NULL,0),(188,'playerVirtual10','playerVirtual10_6280638724',0,'2018-02-20 20:48:12',NULL,0),(189,'playerVirtual4','playerVirtual4_4820204870',1,'2018-02-20 20:48:58',NULL,0),(190,'playerVirtual4','playerVirtual4_345353c511',4,'2018-02-20 20:48:58',NULL,0),(191,'playerVirtual4','playerVirtual4_4820204870',1,'2018-02-20 20:48:58',NULL,0),(192,'playerVirtual10','playerVirtual10_ad2ba7561a',4,'2018-02-20 20:49:13',NULL,0),(193,'playerVirtual2','playerVirtual2_182859403',1,'2018-02-20 20:49:27',NULL,0),(194,'playerVirtual2','playerVirtual2_95f1b56c3d',3,'2018-02-20 20:49:27',NULL,0),(195,'playerVirtual2','playerVirtual2_182859403',1,'2018-02-20 20:49:28',NULL,0),(196,'playerVirtual1550','playerVirtual1550_4820204870',0,'2018-02-20 20:49:41',NULL,0),(197,'playerVirtual1550','playerVirtual1550_4820204870',0,'2018-02-20 20:49:41',NULL,0),(198,'playerVirtual6','playerVirtual6_990694203',0,'2018-02-20 20:50:10',NULL,0),(199,'playerVirtual6','playerVirtual6_990694203',0,'2018-02-20 20:50:11',NULL,0),(200,'playerVirtual1550','playerVirtual1550_6c380c3258',3,'2018-02-20 20:50:41',NULL,0),(201,'playerVirtual5','playerVirtual5_182859403',1,'2018-02-20 20:50:56',NULL,0),(202,'playerVirtual5','playerVirtual5_7c12d30d87',4,'2018-02-20 20:50:56',NULL,0),(203,'playerVirtual5','playerVirtual5_182859403',1,'2018-02-20 20:50:56',NULL,0),(204,'playerVirtual6','playerVirtual6_83b7d393c9',4,'2018-02-20 20:51:10',NULL,0),(205,'playerVirtual8','playerVirtual8_990694203',0,'2018-02-20 20:51:11',NULL,0),(206,'playerVirtual8','playerVirtual8_990694203',0,'2018-02-20 20:51:11',NULL,0),(207,'playerVirtual8','playerVirtual8_dd3a5cfd0c',3,'2018-02-20 20:52:11',NULL,0),(208,'playerVirtual1550','playerVirtual1550_6282149131',0,'2018-02-20 20:52:34',NULL,0),(209,'playerVirtual4','playerVirtual4_6280643141',0,'2018-02-20 20:52:37',NULL,0),(210,'playerVirtual4','playerVirtual4_6280643141',0,'2018-02-20 20:52:37',NULL,0),(211,'playerVirtual13','playerVirtual13_6a0ae3d67f',4,'2018-02-20 20:53:27',NULL,0),(212,'playerVirtual2','playerVirtual2_272887063',0,'2018-02-20 20:53:32',NULL,0),(213,'playerVirtual2','playerVirtual2_272887063',0,'2018-02-20 20:53:32',NULL,0),(214,'playerVirtual1550','playerVirtual1550_167f3a88dc',4,'2018-02-20 20:53:34',NULL,0),(215,'playerVirtual4','playerVirtual4_fea7682cbb',3,'2018-02-20 20:53:37',NULL,0),(216,'playerVirtual8','playerVirtual8_990694203',1,'2018-02-20 20:54:02',NULL,0),(217,'playerVirtual8','playerVirtual8_e85ed6a446',4,'2018-02-20 20:54:03',NULL,0),(218,'playerVirtual8','playerVirtual8_990694203',1,'2018-02-20 20:54:03',NULL,0),(219,'playerVirtual2','playerVirtual2_2c6ed61bf3',4,'2018-02-20 20:54:32',NULL,0),(220,'playerVirtual6','playerVirtual6_990694203',1,'2018-02-20 20:54:50',NULL,0),(221,'playerVirtual6','playerVirtual6_e719de7774',3,'2018-02-20 20:54:50',NULL,0),(222,'playerVirtual6','playerVirtual6_990694203',1,'2018-02-20 20:54:50',NULL,0),(223,'playerVirtual10','playerVirtual10_4476462938',0,'2018-02-20 20:55:07',NULL,0),(224,'playerVirtual10','playerVirtual10_4476462938',0,'2018-02-20 20:55:07',NULL,0),(225,'playerVirtual5','playerVirtual5_2359368952',0,'2018-02-20 20:55:15',NULL,0),(226,'playerVirtual5','playerVirtual5_2359368952',0,'2018-02-20 20:55:15',NULL,0),(227,'playerVirtual10','playerVirtual10_f528b20250',3,'2018-02-20 20:56:07',NULL,0),(228,'playerVirtual5','playerVirtual5_be1e930030',3,'2018-02-20 20:56:15',NULL,0),(229,'playerVirtual14','playerVirtual14_ab48413547',4,'2018-02-20 20:58:28',NULL,0),(230,'playerVirtual4','playerVirtual4_214880781',0,'2018-02-20 20:59:24',NULL,0),(231,'playerVirtual4','playerVirtual4_214880781',0,'2018-02-20 20:59:25',NULL,0),(232,'playerVirtual10','playerVirtual10_182859403',0,'2018-02-20 20:59:55',NULL,0),(233,'playerVirtual10','playerVirtual10_182859403',0,'2018-02-20 20:59:56',NULL,0),(234,'playerVirtual2','playerVirtual2_16914091',0,'2018-02-20 20:59:57',NULL,0),(235,'playerVirtual2','playerVirtual2_16914091',0,'2018-02-20 20:59:58',NULL,0),(236,'playerVirtual6','playerVirtual6_272887063',1,'2018-02-20 21:00:10',NULL,0),(237,'playerVirtual6','playerVirtual6_e03dffcb6e',4,'2018-02-20 21:00:10',NULL,0),(238,'playerVirtual6','playerVirtual6_272887063',1,'2018-02-20 21:00:10',NULL,0),(239,'playerVirtual4','playerVirtual4_445c228f89',4,'2018-02-20 21:00:25',NULL,0),(240,'playerVirtual10','playerVirtual10_b7075af52e',4,'2018-02-20 21:00:56',NULL,0),(241,'playerVirtual2','playerVirtual2_8071488c7d',3,'2018-02-20 21:00:58',NULL,0),(242,'playerVirtual8','playerVirtual8_1094955',0,'2018-02-20 21:01:38',NULL,0),(243,'playerVirtual8','playerVirtual8_1094955',0,'2018-02-20 21:01:42',NULL,0),(244,'playerVirtual13','playerVirtual13_1436323714',0,'2018-02-20 21:01:44',NULL,0),(245,'playerVirtual5','playerVirtual5_6641406',0,'2018-02-20 21:01:44',NULL,0),(246,'playerVirtual13','playerVirtual13_1436323714',0,'2018-02-20 21:01:44',NULL,0),(247,'playerVirtual5','playerVirtual5_6641406',0,'2018-02-20 21:01:44',NULL,0),(248,'playerVirtual8','playerVirtual8_aa16eff498',3,'2018-02-20 21:02:38',NULL,0),(249,'playerVirtual13','playerVirtual13_e3f3812516',3,'2018-02-20 21:02:44',NULL,0),(250,'playerVirtual5','playerVirtual5_176a42e98c',4,'2018-02-20 21:02:45',NULL,0),(251,'playerVirtual1226','playerVirtual1226_9a7fcd1335',4,'2018-02-20 21:03:06',NULL,0),(252,'playerVirtual15','playerVirtual15_031bb3e636',4,'2018-02-20 21:03:32',NULL,0),(253,'playerVirtual4','playerVirtual4_6955737',0,'2018-02-20 21:05:08',NULL,0),(254,'playerVirtual4','playerVirtual4_6955737',0,'2018-02-20 21:05:08',NULL,0),(255,'playerVirtual6','playerVirtual6_6955737',0,'2018-02-20 21:05:09',NULL,0),(256,'playerVirtual6','playerVirtual6_6955737',0,'2018-02-20 21:05:09',NULL,0),(257,'playerVirtual13','playerVirtual13_2381571381',0,'2018-02-20 21:05:16',NULL,0),(258,'playerVirtual13','playerVirtual13_2381571381',0,'2018-02-20 21:05:16',NULL,0),(259,'playerVirtual8','playerVirtual8_3338579772',0,'2018-02-20 21:05:42',NULL,0),(260,'playerVirtual8','playerVirtual8_3338579772',0,'2018-02-20 21:05:42',NULL,0),(261,'playerVirtual2','playerVirtual2_63fdc1098c',4,'2018-02-20 21:05:53',NULL,0),(262,'playerVirtual4','playerVirtual4_7aa812660d',3,'2018-02-20 21:06:08',NULL,0),(263,'playerVirtual6','playerVirtual6_f91696bb67',3,'2018-02-20 21:06:09',NULL,0),(264,'playerVirtual13','playerVirtual13_5df55d9e4b',4,'2018-02-20 21:06:16',NULL,0),(265,'playerVirtual8','playerVirtual8_87035cb63f',4,'2018-02-20 21:06:42',NULL,0),(266,'playerVirtual14','playerVirtual14_6285257156',0,'2018-02-20 21:07:19',NULL,0),(267,'playerVirtual14','playerVirtual14_6285257156',0,'2018-02-20 21:07:20',NULL,0),(268,'playerVirtual10','playerVirtual10_1438244924',0,'2018-02-20 21:07:45',NULL,0),(269,'playerVirtual10','playerVirtual10_1438244924',0,'2018-02-20 21:07:45',NULL,0),(270,'playerVirtual5','playerVirtual5_2378747961',1,'2018-02-20 21:08:04',NULL,0),(271,'playerVirtual5','playerVirtual5_adb478b8d9',3,'2018-02-20 21:08:04',NULL,0),(272,'playerVirtual5','playerVirtual5_2378747961',1,'2018-02-20 21:08:04',NULL,0),(273,'playerVirtual14','playerVirtual14_a982d4c9b9',3,'2018-02-20 21:08:20',NULL,0),(274,'playerVirtual10','playerVirtual10_c5ce3eb833',3,'2018-02-20 21:08:45',NULL,0),(275,'playerVirtual6','playerVirtual6_6955737',1,'2018-02-20 21:11:28',NULL,0),(276,'playerVirtual6','playerVirtual6_ba75080136',4,'2018-02-20 21:11:29',NULL,0),(277,'playerVirtual6','playerVirtual6_6955737',1,'2018-02-20 21:11:29',NULL,0),(278,'playerVirtual2','playerVirtual2_1438244924',0,'2018-02-20 21:12:25',NULL,0),(279,'playerVirtual2','playerVirtual2_1438244924',0,'2018-02-20 21:12:26',NULL,0),(280,'playerVirtual1226','playerVirtual1226_2378747961',0,'2018-02-20 21:12:56',NULL,0),(281,'playerVirtual4','playerVirtual4_6289704471',0,'2018-02-20 21:12:56',NULL,0),(282,'playerVirtual1226','playerVirtual1226_2378747961',0,'2018-02-20 21:12:56',NULL,0),(283,'playerVirtual4','playerVirtual4_6289704471',0,'2018-02-20 21:12:56',NULL,0),(284,'playerVirtual14','playerVirtual14_6296268057',0,'2018-02-20 21:13:22',NULL,0),(285,'playerVirtual14','playerVirtual14_6296268057',0,'2018-02-20 21:13:22',NULL,0),(286,'playerVirtual10','playerVirtual10_1438244924',1,'2018-02-20 21:13:23',NULL,0),(287,'playerVirtual10','playerVirtual10_cd2875c685',4,'2018-02-20 21:13:24',NULL,0),(288,'playerVirtual10','playerVirtual10_1438244924',1,'2018-02-20 21:13:24',NULL,0),(289,'playerVirtual2','playerVirtual2_c3067bf146',3,'2018-02-20 21:13:26',NULL,0),(290,'playerVirtual15','playerVirtual15_6289355687',0,'2018-02-20 21:13:55',NULL,0),(291,'playerVirtual15','playerVirtual15_6289355687',0,'2018-02-20 21:13:55',NULL,0),(292,'playerVirtual1226','playerVirtual1226_874d13fa0a',3,'2018-02-20 21:13:56',NULL,0),(293,'playerVirtual4','playerVirtual4_4b37b3bc04',4,'2018-02-20 21:13:56',NULL,0),(294,'playerVirtual14','playerVirtual14_ca7e50ad8f',4,'2018-02-20 21:14:22',NULL,0),(295,'playerVirtual15','playerVirtual15_77ad2b0580',3,'2018-02-20 21:14:55',NULL,0),(296,'playerVirtual5','playerVirtual5_990694203',0,'2018-02-20 21:15:20',NULL,0),(297,'playerVirtual5','playerVirtual5_990694203',0,'2018-02-20 21:15:24',NULL,0),(298,'playerVirtual13','playerVirtual13_1436344784',0,'2018-02-20 21:15:29',NULL,0),(299,'playerVirtual13','playerVirtual13_1436344784',0,'2018-02-20 21:15:29',NULL,0),(300,'playerVirtual8','playerVirtual8_794070039',0,'2018-02-20 21:15:34',NULL,0),(301,'playerVirtual8','playerVirtual8_794070039',0,'2018-02-20 21:15:34',NULL,0),(302,'playerVirtual5','playerVirtual5_d16d39ef54',4,'2018-02-20 21:16:18',NULL,0),(303,'playerVirtual1226','playerVirtual1226_2378747961',1,'2018-02-20 21:16:27',NULL,0),(304,'playerVirtual1226','playerVirtual1226_1aa682087c',4,'2018-02-20 21:16:27',NULL,0),(305,'playerVirtual1226','playerVirtual1226_2378747961',1,'2018-02-20 21:16:27',NULL,0),(306,'playerVirtual13','playerVirtual13_4168858f11',3,'2018-02-20 21:16:29',NULL,0),(307,'playerVirtual8','playerVirtual8_5aca0a07ed',3,'2018-02-20 21:16:34',NULL,0),(308,'playerVirtual4','playerVirtual4_bf297f5b62',3,'2018-02-20 21:18:55',NULL,0),(309,'playerVirtual6','playerVirtual6_6296865278',0,'2018-02-20 21:20:14',NULL,0),(310,'playerVirtual6','playerVirtual6_6296865278',0,'2018-02-20 21:20:15',NULL,0),(311,'playerVirtual15','playerVirtual15_6264344062',0,'2018-02-20 21:20:20',NULL,0),(312,'playerVirtual15','playerVirtual15_6264344062',0,'2018-02-20 21:20:20',NULL,0),(313,'playerVirtual2','playerVirtual2_6274355716',1,'2018-02-20 21:20:42',NULL,0),(314,'playerVirtual2','playerVirtual2_3a62a25774',4,'2018-02-20 21:20:42',NULL,0),(315,'playerVirtual2','playerVirtual2_6274355716',1,'2018-02-20 21:20:43',NULL,0),(316,'playerVirtual6','playerVirtual6_e8123e251c',3,'2018-02-20 21:21:14',NULL,0),(317,'playerVirtual15','playerVirtual15_e814480c16',4,'2018-02-20 21:21:20',NULL,0),(318,'playerVirtual5','playerVirtual5_990694203',1,'2018-02-20 21:21:41',NULL,0),(319,'playerVirtual5','playerVirtual5_1036029465',3,'2018-02-20 21:21:41',NULL,0),(320,'playerVirtual5','playerVirtual5_990694203',1,'2018-02-20 21:21:43',NULL,0),(321,'playerVirtual19','playerVirtual19_937523a556',4,'2018-02-20 21:23:30',NULL,0),(322,'playerVirtual13','playerVirtual13_6301942525',0,'2018-02-20 21:23:36',NULL,0),(323,'playerVirtual13','playerVirtual13_6301942525',0,'2018-02-20 21:23:36',NULL,0),(324,'playerVirtual10','playerVirtual10_182859403',1,'2018-02-20 21:23:54',NULL,0),(325,'playerVirtual10','playerVirtual10_bca9755ba3',3,'2018-02-20 21:23:54',NULL,0),(326,'playerVirtual10','playerVirtual10_182859403',1,'2018-02-20 21:23:55',NULL,0),(327,'playerVirtual14','playerVirtual14_182859403',0,'2018-02-20 21:24:29',NULL,0),(328,'playerVirtual14','playerVirtual14_182859403',0,'2018-02-20 21:24:30',NULL,0),(329,'playerVirtual13','playerVirtual13_271c7ce30d',4,'2018-02-20 21:24:36',NULL,0),(330,'playerVirtual8','playerVirtual8_5297461910',0,'2018-02-20 21:24:50',NULL,0),(331,'playerVirtual8','playerVirtual8_5297461910',0,'2018-02-20 21:24:53',NULL,0),(332,'playerVirtual14','playerVirtual14_f1246b7457',3,'2018-02-20 21:25:30',NULL,0),(333,'playerVirtual8','playerVirtual8_9f47f344b9',4,'2018-02-20 21:25:47',NULL,0),(334,'playerVirtual2','playerVirtual2_601689be0b',3,'2018-02-20 21:30:13',NULL,0),(335,'playerVirtual14','playerVirtual14_182859403',1,'2018-02-20 21:30:32',NULL,0),(336,'playerVirtual14','playerVirtual14_1f3eaac347',4,'2018-02-20 21:30:32',NULL,0),(337,'playerVirtual14','playerVirtual14_182859403',1,'2018-02-20 21:30:32',NULL,0),(338,'playerVirtual6','playerVirtual6_6289704471',0,'2018-02-20 21:30:34',NULL,0),(339,'playerVirtual6','playerVirtual6_6289704471',0,'2018-02-20 21:30:34',NULL,0),(340,'playerVirtual4','playerVirtual4_6289704471',1,'2018-02-20 21:31:18',NULL,0),(341,'playerVirtual4','playerVirtual4_7bd788482d',4,'2018-02-20 21:31:18',NULL,0),(342,'playerVirtual4','playerVirtual4_6289704471',1,'2018-02-20 21:31:18',NULL,0),(343,'playerVirtual6','playerVirtual6_4035552824',4,'2018-02-20 21:31:34',NULL,0),(344,'playerVirtual1762','playerVirtual1762_433d0d8655',4,'2018-02-20 21:32:02',NULL,0),(345,'playerVirtual10','playerVirtual10_182859403',0,'2018-02-20 21:32:16',NULL,0),(346,'playerVirtual10','playerVirtual10_f80955cced',4,'2018-02-20 21:32:17',NULL,0),(347,'playerVirtual10','playerVirtual10_182859403',0,'2018-02-20 21:32:17',NULL,0),(348,'playerVirtual5','playerVirtual5_fa90fa11f2',4,'2018-02-20 21:32:34',NULL,0),(349,'playerVirtual15','playerVirtual15_1095593',0,'2018-02-20 21:34:07',NULL,0),(350,'playerVirtual15','playerVirtual15_1095593',0,'2018-02-20 21:34:07',NULL,0),(351,'playerVirtual15','playerVirtual15_999a66352a',3,'2018-02-20 21:35:07',NULL,0),(352,'playerVirtual8','playerVirtual8_5068098508',1,'2018-02-20 21:35:10',NULL,0),(353,'playerVirtual8','playerVirtual8_098e39ff16',3,'2018-02-20 21:35:10',NULL,0),(354,'playerVirtual8','playerVirtual8_5068098508',1,'2018-02-20 21:35:11',NULL,0),(355,'playerVirtual13','playerVirtual13_908315',0,'2018-02-20 21:36:27',NULL,0),(356,'playerVirtual13','playerVirtual13_908315',0,'2018-02-20 21:36:30',NULL,0),(357,'playerVirtual4','playerVirtual4_7e20c6a38d',3,'2018-02-20 21:37:01',NULL,0),(358,'playerVirtual13','playerVirtual13_b404a361e3',3,'2018-02-20 21:37:25',NULL,0),(359,'playerVirtual2','playerVirtual2_539194189',0,'2018-02-20 21:39:42',NULL,0),(360,'playerVirtual2','playerVirtual2_539194189',0,'2018-02-20 21:39:43',NULL,0),(361,'playerVirtual2','playerVirtual2_d8a631a33d',4,'2018-02-20 21:40:43',NULL,0),(362,'playerVirtual15','playerVirtual15_1095593',1,'2018-02-20 21:40:46',NULL,0),(363,'playerVirtual15','playerVirtual15_02c8dab945',4,'2018-02-20 21:40:47',NULL,0),(364,'playerVirtual15','playerVirtual15_1095593',1,'2018-02-20 21:40:47',NULL,0),(365,'playerVirtual19','playerVirtual19_6274355716',0,'2018-02-20 21:41:16',NULL,0),(366,'playerVirtual19','playerVirtual19_6274355716',0,'2018-02-20 21:41:17',NULL,0),(367,'playerVirtual6','playerVirtual6_6289704471',1,'2018-02-20 21:41:24',NULL,0),(368,'playerVirtual6','playerVirtual6_79174e8ab9',3,'2018-02-20 21:41:24',NULL,0),(369,'playerVirtual6','playerVirtual6_6289704471',1,'2018-02-20 21:41:24',NULL,0),(370,'playerVirtual19','playerVirtual19_6e0f8fbc7a',3,'2018-02-20 21:42:16',NULL,0),(371,'playerVirtual5','playerVirtual5_4246147567',0,'2018-02-20 21:42:48',NULL,0),(372,'playerVirtual5','playerVirtual5_4246147567',0,'2018-02-20 21:42:48',NULL,0),(373,'playerVirtual5','playerVirtual5_725b8cca9d',3,'2018-02-20 21:43:49',NULL,0),(374,'playerVirtual10','playerVirtual10_4246147567',0,'2018-02-20 21:44:52',NULL,0),(375,'playerVirtual10','playerVirtual10_4246147567',0,'2018-02-20 21:44:55',NULL,0),(376,'playerVirtual10','playerVirtual10_5baf1e0bbc',3,'2018-02-20 21:45:49',NULL,0),(377,'playerVirtual14','playerVirtual14_4246147567',0,'2018-02-20 21:45:59',NULL,0),(378,'playerVirtual14','playerVirtual14_4246147567',0,'2018-02-20 21:46:00',NULL,0),(379,'playerVirtual19','playerVirtual19_5068098508',0,'2018-02-20 21:46:30',NULL,0),(380,'playerVirtual19','playerVirtual19_5068098508',0,'2018-02-20 21:46:30',NULL,0),(381,'playerVirtual14','playerVirtual14_b5e3fa32db',3,'2018-02-20 21:47:02',NULL,0),(382,'playerVirtual8','playerVirtual8_4246147567',0,'2018-02-20 21:47:07',NULL,0),(383,'playerVirtual8','playerVirtual8_4246147567',0,'2018-02-20 21:47:07',NULL,0),(384,'playerVirtual13','playerVirtual13_4246147567',0,'2018-02-20 21:47:10',NULL,0),(385,'playerVirtual13','playerVirtual13_4246147567',0,'2018-02-20 21:47:10',NULL,0),(386,'playerVirtual19','playerVirtual19_c76b7777b4',4,'2018-02-20 21:47:30',NULL,0),(387,'playerVirtual8','playerVirtual8_e9180157de',4,'2018-02-20 21:48:07',NULL,0),(388,'playerVirtual13','playerVirtual13_fbc7904b5f',4,'2018-02-20 21:48:10',NULL,0),(389,'playerVirtual14','playerVirtual14_4246147567',1,'2018-02-20 21:52:02',NULL,0),(390,'playerVirtual14','playerVirtual14_689fccca7f',4,'2018-02-20 21:52:02',NULL,0),(391,'playerVirtual14','playerVirtual14_4246147567',1,'2018-02-20 21:52:03',NULL,0),(392,'playerVirtual4','playerVirtual4_6315250734',0,'2018-02-20 21:52:45',NULL,0),(393,'playerVirtual4','playerVirtual4_6315250734',0,'2018-02-20 21:52:46',NULL,0),(394,'playerVirtual2','playerVirtual2_4246147567',0,'2018-02-20 21:53:00',NULL,0),(395,'playerVirtual2','playerVirtual2_4246147567',0,'2018-02-20 21:53:00',NULL,0),(396,'playerVirtual6','playerVirtual6_6316827871',0,'2018-02-20 21:53:30',NULL,0),(397,'playerVirtual6','playerVirtual6_6316827871',0,'2018-02-20 21:53:30',NULL,0),(398,'playerVirtual4','playerVirtual4_d20bb256eb',4,'2018-02-20 21:53:46',NULL,0),(399,'playerVirtual1265','playerVirtual1265_df21351963',4,'2018-02-20 21:53:54',NULL,0),(400,'playerVirtual2','playerVirtual2_95b706a759',3,'2018-02-20 21:54:00',NULL,0),(401,'playerVirtual10','playerVirtual10_4246147567',1,'2018-02-20 21:54:11',NULL,0),(402,'playerVirtual10','playerVirtual10_3aba826b0c',4,'2018-02-20 21:54:11',NULL,0),(403,'playerVirtual10','playerVirtual10_4246147567',1,'2018-02-20 21:54:11',NULL,0),(404,'playerVirtual6','playerVirtual6_65a21aea9c',4,'2018-02-20 21:54:31',NULL,0),(405,'playerVirtual5','playerVirtual5_4246147567',1,'2018-02-20 21:54:41',NULL,0),(406,'playerVirtual5','playerVirtual5_02d6a26da8',4,'2018-02-20 21:54:42',NULL,0),(407,'playerVirtual5','playerVirtual5_4246147567',1,'2018-02-20 21:54:42',NULL,0),(408,'playerVirtual15','playerVirtual15_2378747961',0,'2018-02-20 21:57:03',NULL,0),(409,'playerVirtual15','playerVirtual15_2378747961',0,'2018-02-20 21:57:03',NULL,0),(410,'playerVirtual8','playerVirtual8_4246147567',1,'2018-02-20 21:57:32',NULL,0),(411,'playerVirtual8','playerVirtual8_ac4c30c354',3,'2018-02-20 21:57:37',NULL,0),(412,'playerVirtual8','playerVirtual8_4246147567',1,'2018-02-20 21:57:42',NULL,0),(413,'playerVirtual15','playerVirtual15_ed9d4d0403',3,'2018-02-20 21:58:03',NULL,0),(414,'playerVirtual13','playerVirtual13_4246147567',1,'2018-02-20 21:59:58',NULL,0),(415,'playerVirtual13','playerVirtual13_21ddfffb19',3,'2018-02-20 21:59:59',NULL,0),(416,'playerVirtual13','playerVirtual13_4246147567',1,'2018-02-20 21:59:59',NULL,0),(417,'playerVirtual4','playerVirtual4_4246147567',0,'2018-02-20 22:00:27',NULL,0),(418,'playerVirtual4','playerVirtual4_4246147567',0,'2018-02-20 22:00:28',NULL,0),(419,'playerVirtual4','playerVirtual4_5ed31e6242',3,'2018-02-20 22:01:27',NULL,0),(420,'playerVirtual2','playerVirtual2_4246147567',1,'2018-02-20 22:03:29',NULL,0),(421,'playerVirtual2','playerVirtual2_1ba7beace9',4,'2018-02-20 22:03:30',NULL,0),(422,'playerVirtual2','playerVirtual2_4246147567',1,'2018-02-20 22:03:30',NULL,0),(423,'playerVirtual15','playerVirtual15_1095593',0,'2018-02-20 22:05:12',NULL,0),(424,'playerVirtual15','playerVirtual15_321da10448',4,'2018-02-20 22:05:13',NULL,0),(425,'playerVirtual15','playerVirtual15_1095593',0,'2018-02-20 22:05:13',NULL,0),(426,'playerVirtual19','playerVirtual19_4246147567',0,'2018-02-20 22:05:17',NULL,0),(427,'playerVirtual19','playerVirtual19_4246147567',0,'2018-02-20 22:05:18',NULL,0),(428,'playerVirtual6','playerVirtual6_359920779',1,'2018-02-20 22:05:24',NULL,0),(429,'playerVirtual6','playerVirtual6_0944a4e397',3,'2018-02-20 22:05:24',NULL,0),(430,'playerVirtual6','playerVirtual6_359920779',1,'2018-02-20 22:05:25',NULL,0),(431,'playerVirtual19','playerVirtual19_f3ed1b40ae',3,'2018-02-20 22:06:17',NULL,0),(432,'playerVirtual5','playerVirtual5_4246147567',0,'2018-02-20 22:06:53',NULL,0),(433,'playerVirtual5','playerVirtual5_780f88a8e7',3,'2018-02-20 22:06:53',NULL,0),(434,'playerVirtual5','playerVirtual5_4246147567',0,'2018-02-20 22:06:53',NULL,0),(435,'playerVirtual10','playerVirtual10_4246147567',0,'2018-02-20 22:08:41',NULL,0),(436,'playerVirtual10','playerVirtual10_5d100b0d78',3,'2018-02-20 22:08:41',NULL,0),(437,'playerVirtual10','playerVirtual10_4246147567',0,'2018-02-20 22:08:42',NULL,0),(438,'playerVirtual14','playerVirtual14_990694203',0,'2018-02-20 22:09:23',NULL,0),(439,'playerVirtual14','playerVirtual14_990694203',0,'2018-02-20 22:09:23',NULL,0),(440,'playerVirtual14','playerVirtual14_102c6afe77',3,'2018-02-20 22:10:24',NULL,0),(441,'playerVirtual19','playerVirtual19_4246147567',1,'2018-02-20 22:10:31',NULL,0),(442,'playerVirtual19','playerVirtual19_701e57203b',4,'2018-02-20 22:10:31',NULL,0),(443,'playerVirtual19','playerVirtual19_4246147567',1,'2018-02-20 22:10:31',NULL,0),(444,'playerVirtual8','playerVirtual8_4246147567',0,'2018-02-20 22:11:27',NULL,0),(445,'playerVirtual8','playerVirtual8_602fd0fb00',4,'2018-02-20 22:11:28',NULL,0),(446,'playerVirtual8','playerVirtual8_4246147567',0,'2018-02-20 22:11:28',NULL,0),(447,'playerVirtual13','playerVirtual13_6322213339',0,'2018-02-20 22:11:39',NULL,0),(448,'playerVirtual13','playerVirtual13_002cd76b41',4,'2018-02-20 22:12:39',NULL,0),(449,'playerVirtual14','playerVirtual14_990694203',1,'2018-02-20 22:15:26',NULL,0),(450,'playerVirtual14','playerVirtual14_d7cb6e0d77',4,'2018-02-20 22:15:26',NULL,0),(451,'playerVirtual14','playerVirtual14_990694203',1,'2018-02-20 22:15:27',NULL,0),(452,'playerVirtual10','playerVirtual10_4246147567',1,'2018-02-20 22:17:02',NULL,0),(453,'playerVirtual10','playerVirtual10_0a7b9ad9f3',4,'2018-02-20 22:17:03',NULL,0),(454,'playerVirtual10','playerVirtual10_4246147567',1,'2018-02-20 22:17:03',NULL,0),(455,'playerVirtual4','playerVirtual4_4246147567',1,'2018-02-20 22:17:11',NULL,0),(456,'playerVirtual4','playerVirtual4_62d95e43fa',4,'2018-02-20 22:17:11',NULL,0),(457,'playerVirtual4','playerVirtual4_4246147567',1,'2018-02-20 22:17:11',NULL,0),(458,'playerVirtual2','playerVirtual2_4246147567',0,'2018-02-20 22:17:34',NULL,0),(459,'playerVirtual2','playerVirtual2_cc727e4d9c',3,'2018-02-20 22:17:34',NULL,0),(460,'playerVirtual2','playerVirtual2_4246147567',0,'2018-02-20 22:17:34',NULL,0),(461,'playerVirtual1192','playerVirtual1192_9fcb11fa85',4,'2018-02-20 22:17:39',NULL,0),(462,'playerVirtual5','playerVirtual5_4246147567',1,'2018-02-20 22:17:52',NULL,0),(463,'playerVirtual5','playerVirtual5_6acb47bd9c',4,'2018-02-20 22:17:52',NULL,0),(464,'playerVirtual5','playerVirtual5_4246147567',1,'2018-02-20 22:17:52',NULL,0),(465,'playerVirtual6','playerVirtual6_4246147567',0,'2018-02-20 22:18:18',NULL,0),(466,'playerVirtual6','playerVirtual6_4246147567',0,'2018-02-20 22:18:19',NULL,0),(467,'playerVirtual6','playerVirtual6_6d0304f425',4,'2018-02-20 22:19:18',NULL,0),(468,'playerVirtual8','playerVirtual8_4246147567',1,'2018-02-20 22:20:50',NULL,0),(469,'playerVirtual8','playerVirtual8_630dc656c3',3,'2018-02-20 22:20:51',NULL,0),(470,'playerVirtual8','playerVirtual8_4246147567',1,'2018-02-20 22:20:52',NULL,0),(471,'playerVirtual15','playerVirtual15_359920779',0,'2018-02-20 22:21:45',NULL,0),(472,'playerVirtual15','playerVirtual15_359920779',0,'2018-02-20 22:21:45',NULL,0),(473,'playerVirtual15','playerVirtual15_21c692a0a6',3,'2018-02-20 22:22:45',NULL,0),(474,'playerVirtual13','playerVirtual13_4246147567',0,'2018-02-20 22:25:16',NULL,0),(475,'playerVirtual13','playerVirtual13_2fb6e2ebd6',3,'2018-02-20 22:25:16',NULL,0),(476,'playerVirtual13','playerVirtual13_4246147567',0,'2018-02-20 22:25:16',NULL,0),(477,'playerVirtual4','playerVirtual4_4246147567',0,'2018-02-20 22:26:20',NULL,0),(478,'playerVirtual4','playerVirtual4_4db9b4daac',3,'2018-02-20 22:26:20',NULL,0),(479,'playerVirtual4','playerVirtual4_4246147567',0,'2018-02-20 22:26:20',NULL,0),(480,'playerVirtual2','playerVirtual2_4246147567',1,'2018-02-20 22:27:04',NULL,0),(481,'playerVirtual2','playerVirtual2_4307f243bb',4,'2018-02-20 22:27:04',NULL,0),(482,'playerVirtual2','playerVirtual2_4246147567',1,'2018-02-20 22:27:04',NULL,0);
/*!40000 ALTER TABLE `REQUEST` ENABLE KEYS */;
UNLOCK TABLES;

--
-- Table structure for table `STATUS`
--

DROP TABLE IF EXISTS `STATUS`;
/*!40101 SET @saved_cs_client     = @@character_set_client */;
/*!40101 SET character_set_client = utf8 */;
CREATE TABLE `STATUS` (
  `id` int(11) NOT NULL AUTO_INCREMENT,
  `players` int(11) DEFAULT '0',
  `all_requests` int(11) DEFAULT '0',
  `accepts` int(11) DEFAULT '0',
  `rejects` int(11) DEFAULT '0',
  `fairness` float DEFAULT '0',
  `timestamp` timestamp NULL DEFAULT NULL,
  PRIMARY KEY (`id`)
) ENGINE=InnoDB AUTO_INCREMENT=32 DEFAULT CHARSET=utf8;
/*!40101 SET character_set_client = @saved_cs_client */;

--
-- Dumping data for table `STATUS`
--

LOCK TABLES `STATUS` WRITE;
/*!40000 ALTER TABLE `STATUS` DISABLE KEYS */;
INSERT INTO `STATUS` VALUES (1,0,0,0,0,0,'2018-02-20 19:57:13'),(2,2,4,2,2,0.5,'2018-02-20 20:02:13'),(3,2,8,4,4,0.5,'2018-02-20 20:07:13'),(4,4,12,7,5,0.583333,'2018-02-20 20:12:13'),(5,5,18,11,7,0.611111,'2018-02-20 20:17:13'),(6,7,25,18,7,0.72,'2018-02-20 20:22:13'),(7,7,31,22,9,0.709677,'2018-02-20 20:27:13'),(8,8,41,30,11,0.731707,'2018-02-20 20:32:14'),(9,8,47,34,13,0.723404,'2018-02-20 20:37:14'),(10,10,52,39,13,0.75,'2018-02-20 20:42:14'),(11,10,58,42,16,0.724138,'2018-02-20 20:47:14'),(12,10,62,44,18,0.709677,'2018-02-20 20:52:14'),(13,11,66,45,21,0.681818,'2018-02-20 20:57:14'),(14,13,72,51,21,0.708333,'2018-02-20 21:02:14'),(15,14,76,54,22,0.710526,'2018-02-20 21:07:14'),(16,14,78,56,22,0.717949,'2018-02-20 21:12:15'),(17,14,86,60,26,0.697674,'2018-02-20 21:17:15'),(18,14,88,62,26,0.704545,'2018-02-20 21:22:15'),(19,15,91,65,26,0.714286,'2018-02-20 21:27:15'),(20,16,92,66,26,0.717391,'2018-02-20 21:32:15'),(21,16,95,68,27,0.715789,'2018-02-20 21:37:15'),(22,16,97,70,27,0.721649,'2018-02-20 21:42:15'),(23,16,103,75,28,0.728155,'2018-02-20 21:47:16'),(24,16,103,75,28,0.728155,'2018-02-20 21:52:16'),(25,17,107,78,29,0.728972,'2018-02-20 21:57:16'),(26,17,108,79,29,0.731481,'2018-02-20 22:02:16'),(27,17,111,82,29,0.738739,'2018-02-20 22:07:16'),(28,17,114,84,30,0.736842,'2018-02-20 22:12:16'),(29,18,114,84,30,0.736842,'2018-02-20 22:17:17'),(30,18,117,86,31,0.735043,'2018-02-20 22:22:17'),(31,18,119,87,32,0.731092,'2018-02-20 22:27:17');
/*!40000 ALTER TABLE `STATUS` ENABLE KEYS */;
UNLOCK TABLES;

--
-- Table structure for table `THRESHOLD`
--

DROP TABLE IF EXISTS `THRESHOLD`;
/*!40101 SET @saved_cs_client     = @@character_set_client */;
/*!40101 SET character_set_client = utf8 */;
CREATE TABLE `THRESHOLD` (
  `division` int(11) NOT NULL,
  `botton` float DEFAULT '0',
  `top` float DEFAULT '0',
  PRIMARY KEY (`division`)
) ENGINE=InnoDB DEFAULT CHARSET=utf8;
/*!40101 SET character_set_client = @saved_cs_client */;

--
-- Dumping data for table `THRESHOLD`
--

LOCK TABLES `THRESHOLD` WRITE;
/*!40000 ALTER TABLE `THRESHOLD` DISABLE KEYS */;
INSERT INTO `THRESHOLD` VALUES (1,8.76,20),(2,4.38,8.76),(3,0,4.38);
/*!40000 ALTER TABLE `THRESHOLD` ENABLE KEYS */;
UNLOCK TABLES;

--
-- Table structure for table `VM`
--

DROP TABLE IF EXISTS `VM`;
/*!40101 SET @saved_cs_client     = @@character_set_client */;
/*!40101 SET character_set_client = utf8 */;
CREATE TABLE `VM` (
  `id` int(11) NOT NULL AUTO_INCREMENT,
  `origin_add` varchar(45) NOT NULL,
  `origin_id` varchar(45) NOT NULL,
  `origin_name` varchar(45) NOT NULL,
  `destiny_add` varchar(45) NOT NULL,
  `destiny_name` varchar(45) NOT NULL,
  `destiny_id` varchar(45) NOT NULL,
  `status` tinyint(1) NOT NULL,
  `has_resources` tinyint(1) NOT NULL,
  `vcpus` int(11) NOT NULL,
  `mem` bigint(20) NOT NULL,
  `disk` bigint(20) NOT NULL,
  `timestamp_received` timestamp NULL DEFAULT NULL,
  `timestamp_finished` timestamp NULL DEFAULT NULL,
  PRIMARY KEY (`id`)
) ENGINE=InnoDB AUTO_INCREMENT=120 DEFAULT CHARSET=utf8;
/*!40101 SET character_set_client = @saved_cs_client */;

--
-- Dumping data for table `VM`
--

LOCK TABLES `VM` WRITE;
/*!40000 ALTER TABLE `VM` DISABLE KEYS */;
INSERT INTO `VM` VALUES (1,'192.168.0.200','playerVirtual2_450512000','playerVirtual2','192.168.0.200','playerVirtual0','playerVirtual2_450512000',0,1,1,2048,20,'2018-02-20 19:59:32','2018-02-20 19:59:32'),(2,'192.168.0.200','playerVirtual0_1438244924','playerVirtual0','192.168.0.200','playerVirtual2','playerVirtual2_dbca51ea91',1,1,1,2048,20,'2018-02-20 19:59:34',NULL),(3,'192.168.0.200','playerVirtual2_640692267','playerVirtual2','192.168.0.200','playerVirtual0','playerVirtual2_640692267',0,1,1,512,1,'2018-02-20 20:01:37','2018-02-20 20:01:37'),(4,'192.168.0.200','playerVirtual0_2381571381','playerVirtual0','192.168.0.200','playerVirtual2','playerVirtual2_947dcb8cd8',1,1,1,2048,20,'2018-02-20 20:01:39',NULL),(5,'192.168.0.200','playerVirtual2_5297461910','playerVirtual2','192.168.0.200','playerVirtual0','playerVirtual2_5297461910',0,1,1,512,1,'2018-02-20 20:03:41','2018-02-20 20:03:41'),(6,'192.168.0.200','playerVirtual0_2790332778','playerVirtual0','192.168.0.200','playerVirtual2','playerVirtual2_265dab3056',1,1,2,4096,40,'2018-02-20 20:03:46',NULL),(7,'192.168.0.200','playerVirtual2_369721705','playerVirtual2','192.168.0.200','playerVirtual0','playerVirtual2_369721705',0,1,2,4096,40,'2018-02-20 20:05:50','2018-02-20 20:05:50'),(8,'192.168.0.200','playerVirtual0_317469422','playerVirtual0','192.168.0.200','playerVirtual2','playerVirtual2_c810fbe2a2',1,1,2,4096,40,'2018-02-20 20:05:51',NULL),(9,'192.168.0.200','playerVirtual4_3584940347','playerVirtual4','192.168.0.200','playerVirtual2','playerVirtual2_ae2d38dbd6',1,1,1,512,1,'2018-02-20 20:09:48',NULL),(10,'192.168.0.200','playerVirtual2_2433236783','playerVirtual2','192.168.0.200','playerVirtual4','playerVirtual4_d06d5c0f78',1,1,1,2048,20,'2018-02-20 20:10:04',NULL),(11,'192.168.0.200','playerVirtual1778_3338579772','playerVirtual1778','192.168.0.200','playerVirtual2','playerVirtual2_2a79cf28c8',1,1,1,2048,20,'2018-02-20 20:11:19',NULL),(12,'192.168.0.200','playerVirtual4_257407216','playerVirtual4','192.168.0.200','playerVirtual1778','playerVirtual4_257407216',0,1,2,4096,40,'2018-02-20 20:11:49','2018-02-20 20:11:49'),(13,'192.168.0.200','playerVirtual2_182859403','playerVirtual2','192.168.0.200','playerVirtual4','playerVirtual4_2f38328509',3,1,1,512,1,'2018-02-20 20:12:16','2018-02-20 20:49:28'),(14,'192.168.0.200','playerVirtual1778_2359368952','playerVirtual1778','192.168.0.200','playerVirtual5','playerVirtual5_42bd59b915',1,1,1,512,1,'2018-02-20 20:13:30',NULL),(15,'192.168.0.200','playerVirtual4_16917741','playerVirtual4','192.168.0.200','playerVirtual1778','playerVirtual4_16917741',0,1,1,512,1,'2018-02-20 20:14:15','2018-02-20 20:14:15'),(16,'192.168.0.200','playerVirtual2_2545640208','playerVirtual2','192.168.0.200','playerVirtual4','playerVirtual4_bd80118c3f',1,1,1,2048,20,'2018-02-20 20:14:41',NULL),(17,'192.168.0.200','playerVirtual5_908315','playerVirtual5','192.168.0.200','playerVirtual1778','playerVirtual5_908315',0,1,1,2048,20,'2018-02-20 20:15:07','2018-02-20 20:15:07'),(18,'192.168.0.200','playerVirtual1778_539194189','playerVirtual1778','192.168.0.200','playerVirtual5','playerVirtual5_671689b4cb',1,1,1,2048,20,'2018-02-20 20:16:05',NULL),(19,'192.168.0.200','playerVirtual4_4820204870','playerVirtual4','192.168.0.200','playerVirtual5','playerVirtual5_1e9f771acf',3,1,2,4096,40,'2018-02-20 20:17:17','2018-02-20 20:48:59'),(20,'192.168.0.200','playerVirtual2_8058564','playerVirtual2','192.168.0.200','playerVirtual6','playerVirtual6_5efef2120c',1,1,1,2048,20,'2018-02-20 20:18:33',NULL),(21,'192.168.0.200','playerVirtual5_1429160667','playerVirtual5','192.168.0.200','playerVirtual4','playerVirtual4_b8fd2c27f6',1,1,1,2048,20,'2018-02-20 20:18:47',NULL),(22,'192.168.0.200','playerVirtual4_82730999','playerVirtual4','192.168.0.200','playerVirtual5','playerVirtual5_d47623fefc',1,1,1,512,1,'2018-02-20 20:20:39',NULL),(23,'192.168.0.200','playerVirtual2_6571218','playerVirtual2','192.168.0.200','playerVirtual6','playerVirtual6_5ab34bdbdc',1,1,1,2048,20,'2018-02-20 20:21:06',NULL),(24,'192.168.0.200','playerVirtual5_778566023','playerVirtual5','192.168.0.200','playerVirtual4','playerVirtual4_adb2400355',1,1,1,512,1,'2018-02-20 20:21:34',NULL),(25,'192.168.0.200','playerVirtual6_351652724','playerVirtual6','192.168.0.200','playerVirtual5','playerVirtual5_2aa33a3e32',1,1,1,2048,20,'2018-02-20 20:21:53',NULL),(26,'192.168.0.200','playerVirtual4_1436344784','playerVirtual4','192.168.0.200','playerVirtual1050','playerVirtual4_1436344784',0,1,1,2048,20,'2018-02-20 20:23:47','2018-02-20 20:23:47'),(27,'192.168.0.200','playerVirtual6_359920779','playerVirtual6','192.168.0.200','playerVirtual4','playerVirtual4_80f6e38445',3,1,1,512,1,'2018-02-20 20:24:01','2018-02-20 22:05:25'),(28,'192.168.0.200','playerVirtual2_317497342','playerVirtual2','192.168.0.200','playerVirtual6','playerVirtual6_cd9b29e07b',1,1,1,512,1,'2018-02-20 20:25:06',NULL),(29,'192.168.0.200','playerVirtual5_284794223','playerVirtual5','192.168.0.200','playerVirtual2','playerVirtual2_80f45e75b2',1,1,1,2048,20,'2018-02-20 20:25:20',NULL),(30,'192.168.0.200','playerVirtual1050_1339662','playerVirtual1050','192.168.0.200','playerVirtual4','playerVirtual4_885d116c2d',1,1,1,2048,20,'2018-02-20 20:25:27',NULL),(31,'192.168.0.200','playerVirtual4_904011','playerVirtual4','192.168.0.200','playerVirtual1050','playerVirtual4_904011',0,1,1,2048,20,'2018-02-20 20:27:11','2018-02-20 20:27:11'),(32,'192.168.0.200','playerVirtual1050_1093460','playerVirtual1050','192.168.0.200','playerVirtual6','playerVirtual6_5c9e7b238c',1,1,1,512,1,'2018-02-20 20:27:29',NULL),(33,'192.168.0.200','playerVirtual2_257338074','playerVirtual2','192.168.0.200','playerVirtual4','playerVirtual4_f5a4d02b36',1,1,2,4096,40,'2018-02-20 20:27:41',NULL),(34,'192.168.0.200','playerVirtual5_905614','playerVirtual5','192.168.0.200','playerVirtual2','playerVirtual2_cbf692ff0a',1,1,1,2048,20,'2018-02-20 20:28:08',NULL),(35,'192.168.0.200','playerVirtual6_2904109077','playerVirtual6','192.168.0.200','playerVirtual1050','playerVirtual6_2904109077',0,1,1,512,1,'2018-02-20 20:28:27','2018-02-20 20:28:27'),(36,'192.168.0.200','playerVirtual4_6569547','playerVirtual4','192.168.0.200','playerVirtual8','playerVirtual8_2f4964300c',1,1,1,2048,20,'2018-02-20 20:30:23',NULL),(37,'192.168.0.200','playerVirtual6_400453824','playerVirtual6','192.168.0.200','playerVirtual4','playerVirtual4_843abd1f95',1,1,1,512,1,'2018-02-20 20:30:49',NULL),(38,'192.168.0.200','playerVirtual2_5792765','playerVirtual2','192.168.0.200','playerVirtual6','playerVirtual6_6c35e7410b',1,1,1,512,1,'2018-02-20 20:31:47',NULL),(39,'192.168.0.200','playerVirtual1050_470485660','playerVirtual1050','192.168.0.200','playerVirtual8','playerVirtual8_2807994f91',1,1,2,4096,40,'2018-02-20 20:32:02',NULL),(40,'192.168.0.200','playerVirtual5_38671842','playerVirtual5','192.168.0.200','playerVirtual2','playerVirtual2_b1e9b4ace2',1,1,1,512,1,'2018-02-20 20:32:09',NULL),(41,'192.168.0.200','playerVirtual8_30788568','playerVirtual8','192.168.0.200','playerVirtual1050','playerVirtual8_30788568',0,1,1,512,1,'2018-02-20 20:32:09','2018-02-20 20:32:09'),(42,'192.168.0.200','playerVirtual4_4820318661','playerVirtual4','192.168.0.200','playerVirtual6','playerVirtual6_d750fb56c5',1,1,2,4096,40,'2018-02-20 20:34:07',NULL),(43,'192.168.0.200','playerVirtual1050_6264344062','playerVirtual1050','192.168.0.200','playerVirtual8','playerVirtual8_91a653220c',1,1,1,512,1,'2018-02-20 20:34:29',NULL),(44,'192.168.0.200','playerVirtual2_4820217293','playerVirtual2','192.168.0.200','playerVirtual1050','playerVirtual2_4820217293',0,1,2,4096,40,'2018-02-20 20:34:42','2018-02-20 20:34:42'),(45,'192.168.0.200','playerVirtual8_5068098508','playerVirtual8','192.168.0.200','playerVirtual6','playerVirtual6_a4594af525',3,1,1,2048,20,'2018-02-20 20:34:43','2018-02-20 21:35:11'),(46,'192.168.0.200','playerVirtual5_2378747961','playerVirtual5','192.168.0.200','playerVirtual8','playerVirtual8_e51e6cfed6',3,1,1,512,1,'2018-02-20 20:35:18','2018-02-20 21:08:04'),(47,'192.168.0.200','playerVirtual6_4819935267','playerVirtual6','192.168.0.200','playerVirtual1050','playerVirtual6_4819935267',0,1,2,4096,40,'2018-02-20 20:35:24','2018-02-20 20:35:24'),(48,'192.168.0.200','playerVirtual4_227443932','playerVirtual4','192.168.0.200','playerVirtual10','playerVirtual10_39e81111b8',1,1,1,2048,20,'2018-02-20 20:38:51',NULL),(49,'192.168.0.200','playerVirtual6_16915963','playerVirtual6','192.168.0.200','playerVirtual8','playerVirtual8_c07f937227',1,1,1,2048,20,'2018-02-20 20:39:31',NULL),(50,'192.168.0.200','playerVirtual2_2148750930','playerVirtual2','192.168.0.200','playerVirtual10','playerVirtual10_972557a476',1,1,1,2048,20,'2018-02-20 20:40:19',NULL),(51,'192.168.0.200','playerVirtual8_563574327','playerVirtual8','192.168.0.200','playerVirtual10','playerVirtual10_22e4d2ffbc',1,1,1,2048,20,'2018-02-20 20:40:45',NULL),(52,'192.168.0.200','playerVirtual5_765651','playerVirtual5','192.168.0.200','playerVirtual8','playerVirtual8_4625643512',1,1,1,2048,20,'2018-02-20 20:40:47',NULL),(53,'192.168.0.200','playerVirtual4_284757920','playerVirtual4','192.168.0.200','playerVirtual1550','playerVirtual4_284757920',0,1,1,2048,20,'2018-02-20 20:42:54','2018-02-20 20:42:54'),(54,'192.168.0.200','playerVirtual2_6274355716','playerVirtual2','192.168.0.200','playerVirtual10','playerVirtual10_bc91113546',3,1,1,512,1,'2018-02-20 20:43:31','2018-02-20 21:20:43'),(55,'192.168.0.200','playerVirtual8_38676294','playerVirtual8','192.168.0.200','playerVirtual1550','playerVirtual8_38676294',0,1,1,512,1,'2018-02-20 20:43:36','2018-02-20 20:43:36'),(56,'192.168.0.200','playerVirtual6_272887063','playerVirtual6','192.168.0.200','playerVirtual8','playerVirtual8_b374862f3d',3,1,1,2048,20,'2018-02-20 20:44:12','2018-02-20 21:00:10'),(57,'192.168.0.200','playerVirtual10_5623125514','playerVirtual10','192.168.0.200','playerVirtual1550','playerVirtual10_5623125514',0,1,1,2048,20,'2018-02-20 20:44:13','2018-02-20 20:44:13'),(58,'192.168.0.200','playerVirtual5_182859403','playerVirtual5','192.168.0.200','playerVirtual10','playerVirtual10_499530f5bc',3,1,1,512,1,'2018-02-20 20:45:12','2018-02-20 20:50:57'),(59,'192.168.0.200','playerVirtual10_6280638724','playerVirtual10','192.168.0.200','playerVirtual1550','playerVirtual10_6280638724',0,1,1,512,1,'2018-02-20 20:48:12','2018-02-20 20:48:12'),(60,'192.168.0.200','playerVirtual1550_4820204870','playerVirtual1550','192.168.0.200','playerVirtual10','playerVirtual10_3d0a65f8d4',1,1,2,4096,40,'2018-02-20 20:49:41',NULL),(61,'192.168.0.200','playerVirtual6_990694203','playerVirtual6','192.168.0.200','playerVirtual5','playerVirtual5_d0adc00683',3,1,1,2048,20,'2018-02-20 20:50:11','2018-02-20 20:54:51'),(62,'192.168.0.200','playerVirtual8_990694203','playerVirtual8','192.168.0.200','playerVirtual4','playerVirtual4_6940a249f9',3,1,1,2048,20,'2018-02-20 20:51:11','2018-02-20 20:54:03'),(63,'192.168.0.200','playerVirtual4_6280643141','playerVirtual4','192.168.0.200','playerVirtual8','playerVirtual8_2bfa7c458a',1,1,1,512,1,'2018-02-20 20:52:37',NULL),(64,'192.168.0.200','playerVirtual2_272887063','playerVirtual2','192.168.0.200','playerVirtual13','playerVirtual13_64e1909359',1,1,1,2048,20,'2018-02-20 20:53:32',NULL),(65,'192.168.0.200','playerVirtual10_4476462938','playerVirtual10','192.168.0.200','playerVirtual1550','playerVirtual10_4476462938',0,1,1,2048,20,'2018-02-20 20:55:07','2018-02-20 20:55:07'),(66,'192.168.0.200','playerVirtual5_2359368952','playerVirtual5','192.168.0.200','playerVirtual10','playerVirtual10_a91ddb8183',1,1,1,512,1,'2018-02-20 20:55:15',NULL),(67,'192.168.0.200','playerVirtual4_214880781','playerVirtual4','192.168.0.200','playerVirtual14','playerVirtual14_8899590376',1,1,1,2048,20,'2018-02-20 20:59:25',NULL),(68,'192.168.0.200','playerVirtual10_182859403','playerVirtual10','192.168.0.200','playerVirtual5','playerVirtual5_1b8f421ee4',3,1,1,512,1,'2018-02-20 20:59:56','2018-02-20 21:23:55'),(69,'192.168.0.200','playerVirtual2_16914091','playerVirtual2','192.168.0.200','playerVirtual4','playerVirtual4_1817af996b',1,1,1,2048,20,'2018-02-20 20:59:58',NULL),(70,'192.168.0.200','playerVirtual8_1094955','playerVirtual8','192.168.0.200','playerVirtual13','playerVirtual13_6e05b28e14',1,1,1,512,1,'2018-02-20 21:01:42',NULL),(71,'192.168.0.200','playerVirtual13_1436323714','playerVirtual13','192.168.0.200','playerVirtual14','playerVirtual14_aef0bcea92',1,1,1,2048,20,'2018-02-20 21:01:44',NULL),(72,'192.168.0.200','playerVirtual5_6641406','playerVirtual5','192.168.0.200','playerVirtual8','playerVirtual8_169158b2ea',1,1,1,2048,20,'2018-02-20 21:01:44',NULL),(73,'192.168.0.200','playerVirtual4_6955737','playerVirtual4','192.168.0.200','playerVirtual1226','playerVirtual4_6955737',0,1,1,2048,20,'2018-02-20 21:05:09','2018-02-20 21:05:09'),(74,'192.168.0.200','playerVirtual6_6955737','playerVirtual6','192.168.0.200','playerVirtual15','playerVirtual15_d2cfb31111',3,1,1,2048,20,'2018-02-20 21:05:10','2018-02-20 21:11:29'),(75,'192.168.0.200','playerVirtual13_2381571381','playerVirtual13','192.168.0.200','playerVirtual14','playerVirtual14_08f0a20c1a',1,1,1,2048,20,'2018-02-20 21:05:16',NULL),(76,'192.168.0.200','playerVirtual8_3338579772','playerVirtual8','192.168.0.200','playerVirtual10','playerVirtual10_1549d0e73f',1,1,1,2048,20,'2018-02-20 21:05:42',NULL),(77,'192.168.0.200','playerVirtual14_6285257156','playerVirtual14','192.168.0.200','playerVirtual13','playerVirtual13_fd31b2048a',1,1,1,512,1,'2018-02-20 21:07:20',NULL),(78,'192.168.0.200','playerVirtual10_1438244924','playerVirtual10','192.168.0.200','playerVirtual8','playerVirtual8_20d51fe4d4',3,1,1,2048,20,'2018-02-20 21:07:45','2018-02-20 21:13:24'),(79,'192.168.0.200','playerVirtual2_1438244924','playerVirtual2','192.168.0.200','playerVirtual1226','playerVirtual2_1438244924',0,1,1,2048,20,'2018-02-20 21:12:26','2018-02-20 21:12:26'),(80,'192.168.0.200','playerVirtual1226_2378747961','playerVirtual1226','192.168.0.200','playerVirtual15','playerVirtual15_599192e6f5',3,1,1,512,1,'2018-02-20 21:12:56','2018-02-20 21:16:27'),(81,'192.168.0.200','playerVirtual4_6289704471','playerVirtual4','192.168.0.200','playerVirtual14','playerVirtual14_3a07c11aa5',3,1,1,512,1,'2018-02-20 21:12:56','2018-02-20 21:31:18'),(82,'192.168.0.200','playerVirtual14_6296268057','playerVirtual14','192.168.0.200','playerVirtual13','playerVirtual13_3edb890971',1,1,1,512,1,'2018-02-20 21:13:23',NULL),(83,'192.168.0.200','playerVirtual15_6289355687','playerVirtual15','192.168.0.200','playerVirtual1226','playerVirtual15_6289355687',0,1,1,512,1,'2018-02-20 21:13:55','2018-02-20 21:13:55'),(84,'192.168.0.200','playerVirtual5_990694203','playerVirtual5','192.168.0.200','playerVirtual10','playerVirtual10_a898b1e1ef',3,1,1,2048,20,'2018-02-20 21:15:24','2018-02-20 21:21:43'),(85,'192.168.0.200','playerVirtual13_1436344784','playerVirtual13','192.168.0.200','playerVirtual14','playerVirtual14_70eeb9d6c6',1,1,1,2048,20,'2018-02-20 21:15:29',NULL),(86,'192.168.0.200','playerVirtual8_794070039','playerVirtual8','192.168.0.200','playerVirtual15','playerVirtual15_b7ed1239cb',1,1,1,512,1,'2018-02-20 21:15:34',NULL),(87,'192.168.0.200','playerVirtual6_6296865278','playerVirtual6','192.168.0.200','playerVirtual8','playerVirtual8_40223bdd1b',1,1,1,512,1,'2018-02-20 21:20:15',NULL),(88,'192.168.0.200','playerVirtual15_6264344062','playerVirtual15','192.168.0.200','playerVirtual13','playerVirtual13_3fe58c8e03',1,1,1,2048,20,'2018-02-20 21:20:21',NULL),(89,'192.168.0.200','playerVirtual13_6301942525','playerVirtual13','192.168.0.200','playerVirtual19','playerVirtual19_9c056ad324',1,1,1,512,1,'2018-02-20 21:23:36',NULL),(90,'192.168.0.200','playerVirtual14_182859403','playerVirtual14','192.168.0.200','playerVirtual15','playerVirtual15_db20c3deee',3,1,1,512,1,'2018-02-20 21:24:30','2018-02-20 21:30:32'),(91,'192.168.0.200','playerVirtual8_5297461910','playerVirtual8','192.168.0.200','playerVirtual5','playerVirtual5_7746af73c5',1,1,1,512,1,'2018-02-20 21:24:54',NULL),(92,'192.168.0.200','playerVirtual6_6289704471','playerVirtual6','192.168.0.200','playerVirtual10','playerVirtual10_42f8b685fd',3,1,1,2048,20,'2018-02-20 21:30:34','2018-02-20 21:41:25'),(93,'192.168.0.200','playerVirtual10_182859403','playerVirtual10','192.168.0.200','playerVirtual1762','playerVirtual10_182859403',0,1,1,512,1,'2018-02-20 21:32:17','2018-02-20 21:32:17'),(94,'192.168.0.200','playerVirtual15_1095593','playerVirtual15','192.168.0.200','playerVirtual14','playerVirtual14_11c94e9c55',3,1,1,512,1,'2018-02-20 21:34:07','2018-02-20 21:40:47'),(95,'192.168.0.200','playerVirtual13_908315','playerVirtual13','192.168.0.200','playerVirtual19','playerVirtual19_c3e3e3015b',1,1,1,2048,20,'2018-02-20 21:36:30',NULL),(96,'192.168.0.200','playerVirtual2_539194189','playerVirtual2','192.168.0.200','playerVirtual6','playerVirtual6_06b179138b',1,1,1,2048,20,'2018-02-20 21:39:43',NULL),(97,'192.168.0.200','playerVirtual19_6274355716','playerVirtual19','192.168.0.200','playerVirtual15','playerVirtual15_b90d4ed404',1,1,1,512,1,'2018-02-20 21:41:17',NULL),(98,'192.168.0.200','playerVirtual5_4246147567','playerVirtual5','192.168.0.200','playerVirtual8','playerVirtual8_481fbc4612',3,1,2,4096,40,'2018-02-20 21:42:49','2018-02-20 22:17:52'),(99,'192.168.0.200','playerVirtual10_4246147567','playerVirtual10','192.168.0.200','playerVirtual14','playerVirtual14_3aa3629982',3,1,2,4096,40,'2018-02-20 21:44:55','2018-02-20 22:17:03'),(100,'192.168.0.200','playerVirtual14_4246147567','playerVirtual14','192.168.0.200','playerVirtual19','playerVirtual19_0d35f34af6',3,1,2,4096,40,'2018-02-20 21:46:00','2018-02-20 21:52:03'),(101,'192.168.0.200','playerVirtual19_5068098508','playerVirtual19','192.168.0.200','playerVirtual13','playerVirtual19_5068098508',0,0,1,2048,20,'2018-02-20 21:46:30','2018-02-20 21:46:30'),(102,'192.168.0.200','playerVirtual8_4246147567','playerVirtual8','192.168.0.200','playerVirtual10','playerVirtual10_b05d915fb6',3,1,2,4096,40,'2018-02-20 21:47:07','2018-02-20 22:20:52'),(103,'192.168.0.200','playerVirtual13_4246147567','playerVirtual13','192.168.0.200','playerVirtual19','playerVirtual19_c46d87107f',3,1,2,4096,40,'2018-02-20 21:47:10','2018-02-20 21:59:59'),(104,'192.168.0.200','playerVirtual4_6315250734','playerVirtual4','192.168.0.200','playerVirtual15','playerVirtual15_1c3459a8cc',1,1,1,512,1,'2018-02-20 21:52:46',NULL),(105,'192.168.0.200','playerVirtual2_4246147567','playerVirtual2','192.168.0.200','playerVirtual10','playerVirtual10_26d9b6c399',3,1,2,4096,40,'2018-02-20 21:53:00','2018-02-20 22:27:04'),(106,'192.168.0.200','playerVirtual6_6316827871','playerVirtual6','192.168.0.200','playerVirtual19','playerVirtual19_2085658493',1,1,1,512,1,'2018-02-20 21:53:30',NULL),(107,'192.168.0.200','playerVirtual15_2378747961','playerVirtual15','192.168.0.200','playerVirtual1265','playerVirtual15_2378747961',0,1,1,512,1,'2018-02-20 21:57:03','2018-02-20 21:57:03'),(108,'192.168.0.200','playerVirtual4_4246147567','playerVirtual4','192.168.0.200','playerVirtual14','playerVirtual14_8f879f96f4',3,1,2,4096,40,'2018-02-20 22:00:28','2018-02-20 22:17:11'),(109,'192.168.0.200','playerVirtual15_1095593','playerVirtual15','192.168.0.200','playerVirtual19','playerVirtual19_cd5b2c2ca9',1,1,1,512,1,'2018-02-20 22:05:13',NULL),(110,'192.168.0.200','playerVirtual19_4246147567','playerVirtual19','192.168.0.200','playerVirtual15','playerVirtual15_7d07682374',3,1,2,4096,40,'2018-02-20 22:05:18','2018-02-20 22:10:32'),(111,'192.168.0.200','playerVirtual5_4246147567','playerVirtual5','192.168.0.200','playerVirtual4','playerVirtual4_35037942e7',3,1,2,4096,40,'2018-02-20 22:06:53','2018-02-20 22:17:52'),(112,'192.168.0.200','playerVirtual10_4246147567','playerVirtual10','192.168.0.200','playerVirtual8','playerVirtual8_18a0e13434',3,1,2,4096,40,'2018-02-20 22:08:42','2018-02-20 22:17:03'),(113,'192.168.0.200','playerVirtual14_990694203','playerVirtual14','192.168.0.200','playerVirtual19','playerVirtual19_031bb186ce',3,1,1,2048,20,'2018-02-20 22:09:23','2018-02-20 22:15:27'),(114,'192.168.0.200','playerVirtual8_4246147567','playerVirtual8','192.168.0.200','playerVirtual10','playerVirtual10_f8fbacd622',3,1,2,4096,40,'2018-02-20 22:11:28','2018-02-20 22:20:52'),(115,'192.168.0.200','playerVirtual2_4246147567','playerVirtual2','192.168.0.200','playerVirtual14','playerVirtual14_154e5a0d0b',3,1,2,4096,40,'2018-02-20 22:17:35','2018-02-20 22:27:04'),(116,'192.168.0.200','playerVirtual6_4246147567','playerVirtual6','192.168.0.200','playerVirtual1192','playerVirtual6_4246147567',0,1,2,4096,40,'2018-02-20 22:18:19','2018-02-20 22:18:19'),(117,'192.168.0.200','playerVirtual15_359920779','playerVirtual15','192.168.0.200','playerVirtual19','playerVirtual19_c56c3d22a7',1,1,1,512,1,'2018-02-20 22:21:45',NULL),(118,'192.168.0.200','playerVirtual13_4246147567','playerVirtual13','192.168.0.200','playerVirtual1192','playerVirtual13_4246147567',0,1,2,4096,40,'2018-02-20 22:25:16','2018-02-20 22:25:16'),(119,'192.168.0.200','playerVirtual4_4246147567','playerVirtual4','192.168.0.200','playerVirtual15','playerVirtual15_0ee8284d6a',1,1,2,4096,40,'2018-02-20 22:26:20',NULL);
/*!40000 ALTER TABLE `VM` ENABLE KEYS */;
UNLOCK TABLES;
/*!40103 SET TIME_ZONE=@OLD_TIME_ZONE */;

/*!40101 SET SQL_MODE=@OLD_SQL_MODE */;
/*!40014 SET FOREIGN_KEY_CHECKS=@OLD_FOREIGN_KEY_CHECKS */;
/*!40014 SET UNIQUE_CHECKS=@OLD_UNIQUE_CHECKS */;
/*!40101 SET CHARACTER_SET_CLIENT=@OLD_CHARACTER_SET_CLIENT */;
/*!40101 SET CHARACTER_SET_RESULTS=@OLD_CHARACTER_SET_RESULTS */;
/*!40101 SET COLLATION_CONNECTION=@OLD_COLLATION_CONNECTION */;
/*!40111 SET SQL_NOTES=@OLD_SQL_NOTES */;

-- Dump completed on 2018-02-20 19:27:24
