-- MySQL dump 10.14  Distrib 5.5.58-MariaDB, for debian-linux-gnu (x86_64)
--
-- Host: localhost    Database: mct
-- ------------------------------------------------------
-- Server version	5.5.58-MariaDB-1ubuntu0.14.04.1

/*!40101 SET @OLD_CHARACTER_SET_CLIENT=@@CHARACTER_SET_CLIENT */;
/*!40101 SET @OLD_CHARACTER_SET_RESULTS=@@CHARACTER_SET_RESULTS */;
/*!40101 SET @OLD_COLLATION_CONNECTION=@@COLLATION_CONNECTION */;
/*!40101 SET NAMES utf8 */;
/*!40103 SET @OLD_TIME_ZONE=@@TIME_ZONE */;
/*!40103 SET TIME_ZONE='+00:00' */;
/*!40014 SET @OLD_UNIQUE_CHECKS=@@UNIQUE_CHECKS, UNIQUE_CHECKS=0 */;
/*!40014 SET @OLD_FOREIGN_KEY_CHECKS=@@FOREIGN_KEY_CHECKS, FOREIGN_KEY_CHECKS=0 */;
/*!40101 SET @OLD_SQL_MODE=@@SQL_MODE, SQL_MODE='NO_AUTO_VALUE_ON_ZERO' */;
/*!40111 SET @OLD_SQL_NOTES=@@SQL_NOTES, SQL_NOTES=0 */;

--
-- Table structure for table `FIELDS`
--

DROP TABLE IF EXISTS `FIELDS`;
/*!40101 SET @saved_cs_client     = @@character_set_client */;
/*!40101 SET character_set_client = utf8 */;
CREATE TABLE `FIELDS` (
  `operation` int(11) NOT NULL,
  `fields` varchar(45) NOT NULL,
  PRIMARY KEY (`operation`)
) ENGINE=InnoDB DEFAULT CHARSET=utf8;
/*!40101 SET character_set_client = @saved_cs_client */;

--
-- Dumping data for table `FIELDS`
--

LOCK TABLES `FIELDS` WRITE;
/*!40000 ALTER TABLE `FIELDS` DISABLE KEYS */;
INSERT INTO `FIELDS` VALUES (0,'name mem image vcpus disk uuid');
/*!40000 ALTER TABLE `FIELDS` ENABLE KEYS */;
UNLOCK TABLES;

--
-- Table structure for table `PLAYER`
--

DROP TABLE IF EXISTS `PLAYER`;
/*!40101 SET @saved_cs_client     = @@character_set_client */;
/*!40101 SET character_set_client = utf8 */;
CREATE TABLE `PLAYER` (
  `id` int(11) NOT NULL AUTO_INCREMENT,
  `name` varchar(45) NOT NULL,
  `address` varchar(45) NOT NULL,
  `division` int(11) DEFAULT NULL,
  `score` float DEFAULT '0',
  `history` int(11) DEFAULT '0',
  `fairness` float DEFAULT '0',
  `accepts` int(11) DEFAULT '0',
  `rejects` int(11) DEFAULT '0',
  `running` int(11) DEFAULT '0',
  `finished` int(11) DEFAULT '0',
  `problem_del` int(11) DEFAULT '0',
  `vcpus` int(11) DEFAULT '0',
  `memory` bigint(20) DEFAULT '0',
  `local_gb` bigint(20) DEFAULT '0',
  `vcpus_used` bigint(20) DEFAULT '0',
  `memory_used` bigint(20) DEFAULT '0',
  `local_gb_used` bigint(20) DEFAULT '0',
  `max_instance` int(11) DEFAULT '0',
  `token` varchar(45) DEFAULT NULL,
  `suspend` timestamp NULL DEFAULT NULL,
  `enabled` int(11) DEFAULT '0',
  `last_choice` timestamp NOT NULL DEFAULT '2018-01-01 02:00:00',
  `playoff` tinyint(1) DEFAULT '0',
  PRIMARY KEY (`id`)
) ENGINE=InnoDB AUTO_INCREMENT=21 DEFAULT CHARSET=utf8;
/*!40101 SET character_set_client = @saved_cs_client */;

--
-- Dumping data for table `PLAYER`
--

LOCK TABLES `PLAYER` WRITE;
/*!40000 ALTER TABLE `PLAYER` DISABLE KEYS */;
INSERT INTO `PLAYER` VALUES (1,'playerVirtual1','192.168.0.200',3,0.98,35,1,9,5,5,4,0,1023,1047552,10230,5,5632,43,99,'aa14d8604776887134a952cf3fb74e419fe894b5',NULL,1,'2018-02-16 14:54:11',0),(2,'playerVirtual11','192.168.0.200',1,8.3,46,1,7,1,4,3,0,1023,1047552,10230,4,3584,23,99,'b3195dae6e1f30354f8077bccde013708cbe1b46',NULL,1,'2018-02-16 14:41:55',1),(3,'playerVirtual4','192.168.0.200',4,-3,0,1,0,3,0,0,0,1023,1047552,10230,0,0,0,99,'5f2637b2f069985e379d21e1f7a34e5cae1f7dd1',NULL,0,'2018-02-16 10:55:28',1),(4,'playerVirtual8','192.168.0.200',3,2.63,19,0.25,7,6,3,4,0,1023,1047552,10230,3,3072,22,99,'9367b517ca5794831f3ce21c86250b94bc9c064a',NULL,1,'2018-02-16 14:33:52',0),(5,'playerVirtual2','192.168.0.200',3,1.96,41,0.9,7,6,4,3,0,1023,1047552,10230,6,12288,120,99,'ceaa7e32485eb04707dba393a14be97f3910a3fb',NULL,1,'2018-02-16 14:21:11',0),(6,'playerVirtual13','192.168.0.200',3,3.97,7,1,6,4,2,4,0,1023,1047552,10230,2,2560,21,99,'a23049394ce9dba3d21ed4eece47ec8a05660bb0',NULL,1,'2018-02-16 14:18:41',0),(7,'playerVirtual3','192.168.0.200',2,2.63,0,1,6,6,3,3,0,1023,1047552,10230,4,6656,61,99,'1b35358e15319bd510de5aea94061e6a72125fbb',NULL,1,'2018-02-16 14:46:55',1),(8,'playerVirtual6','192.168.0.200',4,-0.02,0,0.428571,5,1,1,4,0,1023,1047552,10230,2,4096,40,99,'3e2b7f9bc2143d2e40c18e802b865f3b4df0290d',NULL,0,'2018-02-16 11:36:05',1),(9,'playerVirtual15','192.168.0.200',4,-3,0,1,0,3,0,0,0,1023,1047552,10230,0,0,0,99,'1e70d52197d76171080c83bee316f78239fa6b6f',NULL,0,'2018-02-16 10:56:01',1),(10,'playerVirtual17','192.168.0.200',1,10.95,49,0.111111,11,0,4,7,0,1023,1047552,10230,5,7168,62,99,'e41fb63b054f5c7d3279cc042b93e03671e7b2e6',NULL,1,'2018-02-16 14:03:38',0),(11,'playerVirtual19','192.168.0.200',1,10.29,49,0.181818,11,0,5,6,0,1023,1047552,10230,6,9216,82,99,'ef439b8fa2a492db7b97cf295dc2872556c9f2ed',NULL,1,'2018-02-16 14:11:23',0),(12,'playerVirtual5','192.168.0.200',4,-2,0,1,0,2,0,0,0,1023,1047552,10230,0,0,0,99,'4f778675eb768073f39dca85979e365645972f42',NULL,0,'2018-02-16 10:53:08',1),(13,'playerVirtual9','192.168.0.200',4,-2.01,0,1,3,3,2,1,0,1023,1047552,10230,3,6144,60,99,'a04dedbf96e0484cf4fc04ad8d6cc9cde2d9cec7',NULL,0,'2018-02-16 11:31:04',1),(14,'playerVirtual7','192.168.0.200',4,-0.67,0,1,3,2,1,2,0,1023,1047552,10230,1,2048,20,99,'ee5c3bb1aecf4704a42b93df18630dd4d4cffd5d',NULL,0,'2018-02-16 11:13:45',1),(15,'playerVirtual14','192.168.0.200',4,-2,0,0,0,2,0,0,0,1023,1047552,10230,0,0,0,99,'e4d4a072f471e94dd54a0182d3e2b445f5e394b5',NULL,0,'2018-02-16 10:53:10',1),(16,'playerVirtual12','192.168.0.200',4,-2,0,0,0,2,0,0,0,1023,1047552,10230,0,0,0,99,'ca5d96f80a2ab82baa9d1162724abce1dfd4cde6',NULL,0,'2018-02-16 10:53:11',1),(17,'playerVirtual0','192.168.0.200',4,-2,0,1,0,2,0,0,0,1023,1047552,10230,0,0,0,99,'a83d66719e1f2f7c21d1ae5c9c5bf6142b746ee8',NULL,0,'2018-02-16 10:53:12',1),(18,'playerVirtual16','192.168.0.200',1,11.61,49,0.333333,11,0,4,7,0,1023,1047552,10230,5,8704,81,99,'88d8cb863595d0b1a8fbc9a36ff2756244a1fd9f',NULL,1,'2018-02-16 14:42:03',0),(19,'playerVirtual18','192.168.0.200',1,10.28,49,0.384615,12,0,5,7,0,1023,1047552,10230,7,14336,140,99,'bd860a3fcb9b2e4fa771a463329b655193b164c3',NULL,1,'2018-02-16 14:25:48',0),(20,'playerVirtual10','192.168.0.200',4,-2,0,1,0,2,0,0,0,1023,1047552,10230,0,0,0,99,'5d7f907fa89c3c280f5620814a976723e03cd54b',NULL,0,'2018-02-16 10:53:13',1);
/*!40000 ALTER TABLE `PLAYER` ENABLE KEYS */;
UNLOCK TABLES;

--
-- Table structure for table `REQUEST`
--

DROP TABLE IF EXISTS `REQUEST`;
/*!40101 SET @saved_cs_client     = @@character_set_client */;
/*!40101 SET character_set_client = utf8 */;
CREATE TABLE `REQUEST` (
  `id` int(11) NOT NULL AUTO_INCREMENT,
  `player_id` varchar(45) NOT NULL,
  `request_id` varchar(45) NOT NULL,
  `action` int(11) NOT NULL,
  `timestamp_received` timestamp NULL DEFAULT NULL,
  `timestamp_finished` timestamp NULL DEFAULT NULL,
  `status` int(11) NOT NULL,
  PRIMARY KEY (`id`)
) ENGINE=InnoDB AUTO_INCREMENT=634 DEFAULT CHARSET=utf8;
/*!40101 SET character_set_client = @saved_cs_client */;

--
-- Dumping data for table `REQUEST`
--

LOCK TABLES `REQUEST` WRITE;
/*!40000 ALTER TABLE `REQUEST` DISABLE KEYS */;
INSERT INTO `REQUEST` VALUES (1,'playerVirtual1','playerVirtual1_8844d2cbbf',4,'2018-02-16 10:47:31',NULL,0),(2,'playerVirtual11','playerVirtual11_9d56616499',4,'2018-02-16 10:47:31',NULL,0),(3,'playerVirtual4','playerVirtual4_3184ac1dd2',4,'2018-02-16 10:47:31',NULL,0),(4,'playerVirtual8','playerVirtual8_f494da136d',4,'2018-02-16 10:47:32',NULL,0),(5,'playerVirtual2','playerVirtual2_45c6291cbe',4,'2018-02-16 10:47:32',NULL,0),(6,'playerVirtual13','playerVirtual13_87f475f999',4,'2018-02-16 10:47:32',NULL,0),(7,'playerVirtual3','playerVirtual3_49bac5b4e6',4,'2018-02-16 10:47:33',NULL,0),(8,'playerVirtual6','playerVirtual6_db5190e748',4,'2018-02-16 10:47:33',NULL,0),(9,'playerVirtual15','playerVirtual15_e1c8ac5a13',4,'2018-02-16 10:47:33',NULL,0),(10,'playerVirtual17','playerVirtual17_ddb63718d4',4,'2018-02-16 10:47:33',NULL,0),(11,'playerVirtual19','playerVirtual19_8314fd63ed',4,'2018-02-16 10:47:33',NULL,0),(12,'playerVirtual5','playerVirtual5_c1e0df4b95',4,'2018-02-16 10:47:36',NULL,0),(13,'playerVirtual9','playerVirtual9_c0ba06250b',4,'2018-02-16 10:47:36',NULL,0),(14,'playerVirtual7','playerVirtual7_7b2ec10f06',4,'2018-02-16 10:47:36',NULL,0),(15,'playerVirtual14','playerVirtual14_46db11ebe1',4,'2018-02-16 10:47:36',NULL,0),(16,'playerVirtual12','playerVirtual12_86e905a183',4,'2018-02-16 10:47:36',NULL,0),(17,'playerVirtual0','playerVirtual0_739913693a',4,'2018-02-16 10:47:37',NULL,0),(18,'playerVirtual16','playerVirtual16_8684c52a9e',4,'2018-02-16 10:47:37',NULL,0),(19,'playerVirtual18','playerVirtual18_34a298090c',4,'2018-02-16 10:47:37',NULL,0),(20,'playerVirtual10','playerVirtual10_8c6021f0dd',4,'2018-02-16 10:47:37',NULL,0),(21,'playerVirtual1','playerVirtual1_450512000',0,'2018-02-16 10:48:32',NULL,0),(22,'playerVirtual1','playerVirtual1_450512000',0,'2018-02-16 10:48:32',NULL,0),(23,'playerVirtual11','playerVirtual11_1438244924',0,'2018-02-16 10:48:34',NULL,0),(24,'playerVirtual11','playerVirtual11_1438244924',0,'2018-02-16 10:48:35',NULL,0),(25,'playerVirtual4','playerVirtual4_640692267',0,'2018-02-16 10:48:37',NULL,0),(26,'playerVirtual4','playerVirtual4_640692267',0,'2018-02-16 10:48:38',NULL,0),(27,'playerVirtual8','playerVirtual8_2381571381',0,'2018-02-16 10:48:39',NULL,0),(28,'playerVirtual8','playerVirtual8_2381571381',0,'2018-02-16 10:48:39',NULL,0),(29,'playerVirtual2','playerVirtual2_5297461910',0,'2018-02-16 10:48:40',NULL,0),(30,'playerVirtual2','playerVirtual2_5297461910',0,'2018-02-16 10:48:41',NULL,0),(31,'playerVirtual13','playerVirtual13_2790332778',0,'2018-02-16 10:48:43',NULL,0),(32,'playerVirtual13','playerVirtual13_2790332778',0,'2018-02-16 10:48:44',NULL,0),(33,'playerVirtual3','playerVirtual3_369721705',0,'2018-02-16 10:48:45',NULL,0),(34,'playerVirtual3','playerVirtual3_369721705',0,'2018-02-16 10:48:45',NULL,0),(35,'playerVirtual6','playerVirtual6_317469422',0,'2018-02-16 10:48:45',NULL,0),(36,'playerVirtual15','playerVirtual15_6955737',0,'2018-02-16 10:48:45',NULL,0),(37,'playerVirtual6','playerVirtual6_317469422',0,'2018-02-16 10:48:45',NULL,0),(38,'playerVirtual15','playerVirtual15_6955737',0,'2018-02-16 10:48:46',NULL,0),(39,'playerVirtual17','playerVirtual17_257338104',0,'2018-02-16 10:48:46',NULL,0),(40,'playerVirtual19','playerVirtual19_3584940347',0,'2018-02-16 10:48:46',NULL,0),(41,'playerVirtual5','playerVirtual5_2433236783',0,'2018-02-16 10:48:47',NULL,0),(42,'playerVirtual17','playerVirtual17_257338104',0,'2018-02-16 10:48:47',NULL,0),(43,'playerVirtual19','playerVirtual19_3584940347',0,'2018-02-16 10:48:47',NULL,0),(44,'playerVirtual5','playerVirtual5_2433236783',0,'2018-02-16 10:48:47',NULL,0),(45,'playerVirtual9','playerVirtual9_3338579772',0,'2018-02-16 10:48:48',NULL,0),(46,'playerVirtual9','playerVirtual9_3338579772',0,'2018-02-16 10:48:48',NULL,0),(47,'playerVirtual7','playerVirtual7_257407216',0,'2018-02-16 10:48:49',NULL,0),(48,'playerVirtual7','playerVirtual7_257407216',0,'2018-02-16 10:48:49',NULL,0),(49,'playerVirtual14','playerVirtual14_182859403',0,'2018-02-16 10:48:57',NULL,0),(50,'playerVirtual14','playerVirtual14_182859403',0,'2018-02-16 10:48:57',NULL,0),(51,'playerVirtual12','playerVirtual12_2359368952',0,'2018-02-16 10:49:00',NULL,0),(52,'playerVirtual12','playerVirtual12_2359368952',0,'2018-02-16 10:49:00',NULL,0),(53,'playerVirtual0','playerVirtual0_16917741',0,'2018-02-16 10:49:03',NULL,0),(54,'playerVirtual0','playerVirtual0_16917741',0,'2018-02-16 10:49:03',NULL,0),(55,'playerVirtual16','playerVirtual16_2545640208',0,'2018-02-16 10:49:12',NULL,0),(56,'playerVirtual16','playerVirtual16_2545640208',0,'2018-02-16 10:49:13',NULL,0),(57,'playerVirtual18','playerVirtual18_908315',0,'2018-02-16 10:49:13',NULL,0),(58,'playerVirtual18','playerVirtual18_908315',0,'2018-02-16 10:49:14',NULL,0),(59,'playerVirtual10','playerVirtual10_539194189',0,'2018-02-16 10:49:22',NULL,0),(60,'playerVirtual10','playerVirtual10_539194189',0,'2018-02-16 10:49:22',NULL,0),(61,'playerVirtual1','playerVirtual1_86fb15fd71',3,'2018-02-16 10:49:32',NULL,0),(62,'playerVirtual11','playerVirtual11_c4f7c1e597',3,'2018-02-16 10:49:34',NULL,0),(63,'playerVirtual4','playerVirtual4_9a57ec2acb',3,'2018-02-16 10:49:38',NULL,0),(64,'playerVirtual8','playerVirtual8_561a27fa2f',3,'2018-02-16 10:49:39',NULL,0),(65,'playerVirtual2','playerVirtual2_16d8ec662c',3,'2018-02-16 10:49:41',NULL,0),(66,'playerVirtual13','playerVirtual13_ec2561d273',3,'2018-02-16 10:49:44',NULL,0),(67,'playerVirtual3','playerVirtual3_ee19218ad6',3,'2018-02-16 10:49:45',NULL,0),(68,'playerVirtual6','playerVirtual6_c28cb29a41',3,'2018-02-16 10:49:45',NULL,0),(69,'playerVirtual15','playerVirtual15_8815f58db6',3,'2018-02-16 10:49:47',NULL,0),(70,'playerVirtual17','playerVirtual17_07fc04e096',3,'2018-02-16 10:49:48',NULL,0),(71,'playerVirtual19','playerVirtual19_9953822031',3,'2018-02-16 10:49:49',NULL,0),(72,'playerVirtual5','playerVirtual5_6349a28a8a',3,'2018-02-16 10:49:50',NULL,0),(73,'playerVirtual9','playerVirtual9_2247375a25',3,'2018-02-16 10:49:51',NULL,0),(74,'playerVirtual7','playerVirtual7_a74c552e88',3,'2018-02-16 10:49:52',NULL,0),(75,'playerVirtual14','playerVirtual14_208e54f519',3,'2018-02-16 10:49:57',NULL,0),(76,'playerVirtual12','playerVirtual12_542b630835',3,'2018-02-16 10:50:00',NULL,0),(77,'playerVirtual0','playerVirtual0_8401e888aa',3,'2018-02-16 10:50:03',NULL,0),(78,'playerVirtual16','playerVirtual16_836aedd8ac',3,'2018-02-16 10:50:12',NULL,0),(79,'playerVirtual18','playerVirtual18_078d8e32ee',3,'2018-02-16 10:50:14',NULL,0),(80,'playerVirtual10','playerVirtual10_d97a2934b1',3,'2018-02-16 10:50:23',NULL,0),(81,'playerVirtual1','playerVirtual1_4820204870',0,'2018-02-16 10:51:58',NULL,0),(82,'playerVirtual1','playerVirtual1_4820204870',0,'2018-02-16 10:51:58',NULL,0),(83,'playerVirtual11','playerVirtual11_8058564',0,'2018-02-16 10:52:48',NULL,0),(84,'playerVirtual11','playerVirtual11_8058564',0,'2018-02-16 10:52:48',NULL,0),(85,'playerVirtual4','playerVirtual4_1429160667',0,'2018-02-16 10:52:49',NULL,0),(86,'playerVirtual4','playerVirtual4_1429160667',0,'2018-02-16 10:52:50',NULL,0),(87,'playerVirtual8','playerVirtual8_3338010893',0,'2018-02-16 10:52:51',NULL,0),(88,'playerVirtual8','playerVirtual8_3338010893',0,'2018-02-16 10:52:51',NULL,0),(89,'playerVirtual2','playerVirtual2_82730999',0,'2018-02-16 10:52:55',NULL,0),(90,'playerVirtual2','playerVirtual2_82730999',0,'2018-02-16 10:52:55',NULL,0),(91,'playerVirtual3','playerVirtual3_6571218',0,'2018-02-16 10:52:57',NULL,0),(92,'playerVirtual13','playerVirtual13_351652724',0,'2018-02-16 10:52:57',NULL,0),(93,'playerVirtual3','playerVirtual3_6571218',0,'2018-02-16 10:52:58',NULL,0),(94,'playerVirtual13','playerVirtual13_351652724',0,'2018-02-16 10:52:58',NULL,0),(95,'playerVirtual1','playerVirtual1_7d9fa7b035',4,'2018-02-16 10:52:58',NULL,0),(96,'playerVirtual6','playerVirtual6_778566023',0,'2018-02-16 10:53:00',NULL,0),(97,'playerVirtual6','playerVirtual6_778566023',0,'2018-02-16 10:53:00',NULL,0),(98,'playerVirtual15','playerVirtual15_1436344784',0,'2018-02-16 10:53:04',NULL,0),(99,'playerVirtual15','playerVirtual15_1436344784',0,'2018-02-16 10:53:05',NULL,0),(100,'playerVirtual17','playerVirtual17_1339662',0,'2018-02-16 10:53:05',NULL,0),(101,'playerVirtual17','playerVirtual17_1339662',0,'2018-02-16 10:53:06',NULL,0),(102,'playerVirtual19','playerVirtual19_317497342',0,'2018-02-16 10:53:07',NULL,0),(103,'playerVirtual19','playerVirtual19_317497342',0,'2018-02-16 10:53:08',NULL,0),(104,'playerVirtual9','playerVirtual9_359920779',0,'2018-02-16 10:53:08',NULL,0),(105,'playerVirtual5','playerVirtual5_284794223',0,'2018-02-16 10:53:09',NULL,0),(106,'playerVirtual9','playerVirtual9_359920779',0,'2018-02-16 10:53:09',NULL,0),(107,'playerVirtual5','playerVirtual5_284794223',0,'2018-02-16 10:53:10',NULL,0),(108,'playerVirtual7','playerVirtual7_904011',0,'2018-02-16 10:53:10',NULL,0),(109,'playerVirtual12','playerVirtual12_257338074',0,'2018-02-16 10:53:10',NULL,0),(110,'playerVirtual14','playerVirtual14_2904109077',0,'2018-02-16 10:53:11',NULL,0),(111,'playerVirtual0','playerVirtual0_905614',0,'2018-02-16 10:53:11',NULL,0),(112,'playerVirtual7','playerVirtual7_904011',0,'2018-02-16 10:53:11',NULL,0),(113,'playerVirtual12','playerVirtual12_257338074',0,'2018-02-16 10:53:11',NULL,0),(114,'playerVirtual14','playerVirtual14_2904109077',0,'2018-02-16 10:53:11',NULL,0),(115,'playerVirtual0','playerVirtual0_905614',0,'2018-02-16 10:53:12',NULL,0),(116,'playerVirtual16','playerVirtual16_1093460',0,'2018-02-16 10:53:12',NULL,0),(117,'playerVirtual16','playerVirtual16_1093460',0,'2018-02-16 10:53:12',NULL,0),(118,'playerVirtual18','playerVirtual18_6569547',0,'2018-02-16 10:53:13',NULL,0),(119,'playerVirtual18','playerVirtual18_6569547',0,'2018-02-16 10:53:13',NULL,0),(120,'playerVirtual10','playerVirtual10_470485660',0,'2018-02-16 10:53:13',NULL,0),(121,'playerVirtual10','playerVirtual10_470485660',0,'2018-02-16 10:53:14',NULL,0),(122,'playerVirtual11','playerVirtual11_a88c7f3bf9',4,'2018-02-16 10:53:48',NULL,0),(123,'playerVirtual4','playerVirtual4_d670a2d382',4,'2018-02-16 10:53:50',NULL,0),(124,'playerVirtual8','playerVirtual8_b3b74ee9b9',4,'2018-02-16 10:53:51',NULL,0),(125,'playerVirtual2','playerVirtual2_a4d6e56296',4,'2018-02-16 10:53:55',NULL,0),(126,'playerVirtual3','playerVirtual3_a38739019e',4,'2018-02-16 10:53:57',NULL,0),(127,'playerVirtual13','playerVirtual13_40f4812db6',4,'2018-02-16 10:53:58',NULL,0),(128,'playerVirtual6','playerVirtual6_83262e0cc2',4,'2018-02-16 10:54:00',NULL,0),(129,'playerVirtual15','playerVirtual15_3d81346ab3',4,'2018-02-16 10:54:05',NULL,0),(130,'playerVirtual17','playerVirtual17_9fa10201d5',4,'2018-02-16 10:54:06',NULL,0),(131,'playerVirtual19','playerVirtual19_62ab61c7bb',4,'2018-02-16 10:54:08',NULL,0),(132,'playerVirtual9','playerVirtual9_c4cc7fbab2',4,'2018-02-16 10:54:09',NULL,0),(133,'playerVirtual5','playerVirtual5_8526d5215b',4,'2018-02-16 10:54:09',NULL,0),(134,'playerVirtual7','playerVirtual7_1f78b642c4',4,'2018-02-16 10:54:10',NULL,0),(135,'playerVirtual12','playerVirtual12_a9e44831da',4,'2018-02-16 10:54:10',NULL,0),(136,'playerVirtual14','playerVirtual14_30e4cd0f34',4,'2018-02-16 10:54:11',NULL,0),(137,'playerVirtual0','playerVirtual0_a419914755',4,'2018-02-16 10:54:11',NULL,0),(138,'playerVirtual16','playerVirtual16_8d5fd8b984',4,'2018-02-16 10:54:11',NULL,0),(139,'playerVirtual18','playerVirtual18_c04c219afb',4,'2018-02-16 10:54:13',NULL,0),(140,'playerVirtual10','playerVirtual10_359cf65727',4,'2018-02-16 10:54:14',NULL,0),(141,'playerVirtual1','playerVirtual1_30788568',0,'2018-02-16 10:55:12',NULL,0),(142,'playerVirtual1','playerVirtual1_30788568',0,'2018-02-16 10:55:13',NULL,0),(143,'playerVirtual11','playerVirtual11_5792765',0,'2018-02-16 10:55:15',NULL,0),(144,'playerVirtual11','playerVirtual11_5792765',0,'2018-02-16 10:55:16',NULL,0),(145,'playerVirtual4','playerVirtual4_38671842',0,'2018-02-16 10:55:27',NULL,0),(146,'playerVirtual4','playerVirtual4_38671842',0,'2018-02-16 10:55:27',NULL,0),(147,'playerVirtual8','playerVirtual8_400453824',0,'2018-02-16 10:55:28',NULL,0),(148,'playerVirtual8','playerVirtual8_400453824',0,'2018-02-16 10:55:28',NULL,0),(149,'playerVirtual2','playerVirtual2_4820318661',0,'2018-02-16 10:55:37',NULL,0),(150,'playerVirtual2','playerVirtual2_4820318661',0,'2018-02-16 10:55:37',NULL,0),(151,'playerVirtual3','playerVirtual3_4819935267',0,'2018-02-16 10:55:42',NULL,0),(152,'playerVirtual3','playerVirtual3_4819935267',0,'2018-02-16 10:55:42',NULL,0),(153,'playerVirtual13','playerVirtual13_4820217293',0,'2018-02-16 10:55:44',NULL,0),(154,'playerVirtual13','playerVirtual13_4820217293',0,'2018-02-16 10:55:44',NULL,0),(155,'playerVirtual6','playerVirtual6_6264344062',0,'2018-02-16 10:55:45',NULL,0),(156,'playerVirtual6','playerVirtual6_6264344062',0,'2018-02-16 10:55:46',NULL,0),(157,'playerVirtual15','playerVirtual15_2378747961',0,'2018-02-16 10:55:56',NULL,0),(158,'playerVirtual15','playerVirtual15_2378747961',0,'2018-02-16 10:55:56',NULL,0),(159,'playerVirtual17','playerVirtual17_5068098508',0,'2018-02-16 10:56:01',NULL,0),(160,'playerVirtual17','playerVirtual17_5068098508',0,'2018-02-16 10:56:01',NULL,0),(161,'playerVirtual1','playerVirtual1_c8d4d12429',3,'2018-02-16 10:56:12',NULL,0),(162,'playerVirtual11','playerVirtual11_9a1566dd4d',3,'2018-02-16 10:56:16',NULL,0),(163,'playerVirtual8','playerVirtual8_ce21b569e4',3,'2018-02-16 10:56:30',NULL,0),(164,'playerVirtual2','playerVirtual2_4379de1c27',3,'2018-02-16 10:56:37',NULL,0),(165,'playerVirtual3','playerVirtual3_b2cdec9e90',3,'2018-02-16 10:56:42',NULL,0),(166,'playerVirtual13','playerVirtual13_f5f096c6d3',3,'2018-02-16 10:56:44',NULL,0),(167,'playerVirtual6','playerVirtual6_d6e7fe0ae0',3,'2018-02-16 10:56:45',NULL,0),(168,'playerVirtual17','playerVirtual17_0920ea0f9b',3,'2018-02-16 10:57:01',NULL,0),(169,'playerVirtual19','playerVirtual19_227443932',0,'2018-02-16 10:57:16',NULL,0),(170,'playerVirtual19','playerVirtual19_227443932',0,'2018-02-16 10:57:16',NULL,0),(171,'playerVirtual9','playerVirtual9_1095593',0,'2018-02-16 10:57:18',NULL,0),(172,'playerVirtual9','playerVirtual9_1095593',0,'2018-02-16 10:57:18',NULL,0),(173,'playerVirtual7','playerVirtual7_563574327',0,'2018-02-16 10:57:29',NULL,0),(174,'playerVirtual7','playerVirtual7_563574327',0,'2018-02-16 10:57:32',NULL,0),(175,'playerVirtual16','playerVirtual16_5623125514',0,'2018-02-16 10:57:58',NULL,0),(176,'playerVirtual16','playerVirtual16_5623125514',0,'2018-02-16 10:57:58',NULL,0),(177,'playerVirtual18','playerVirtual18_284757920',0,'2018-02-16 10:58:00',NULL,0),(178,'playerVirtual18','playerVirtual18_284757920',0,'2018-02-16 10:58:01',NULL,0),(179,'playerVirtual19','playerVirtual19_dd1baf37af',3,'2018-02-16 10:58:16',NULL,0),(180,'playerVirtual9','playerVirtual9_b5dfa57723',3,'2018-02-16 10:58:18',NULL,0),(181,'playerVirtual7','playerVirtual7_fa87249de4',3,'2018-02-16 10:58:28',NULL,0),(182,'playerVirtual16','playerVirtual16_5bdac6b4ae',3,'2018-02-16 10:58:58',NULL,0),(183,'playerVirtual18','playerVirtual18_7d9aaba885',3,'2018-02-16 10:59:00',NULL,0),(184,'playerVirtual1','playerVirtual1_6274355716',0,'2018-02-16 11:00:49',NULL,0),(185,'playerVirtual1','playerVirtual1_6274355716',0,'2018-02-16 11:00:49',NULL,0),(186,'playerVirtual11','playerVirtual11_38676294',0,'2018-02-16 11:01:40',NULL,0),(187,'playerVirtual11','playerVirtual11_38676294',0,'2018-02-16 11:01:41',NULL,0),(188,'playerVirtual1','playerVirtual1_acc3cf3067',4,'2018-02-16 11:01:49',NULL,0),(189,'playerVirtual11','playerVirtual11_02a7b07914',4,'2018-02-16 11:02:42',NULL,0),(190,'playerVirtual8','playerVirtual8_4820204870',0,'2018-02-16 11:03:00',NULL,0),(191,'playerVirtual8','playerVirtual8_4820204870',0,'2018-02-16 11:03:01',NULL,0),(192,'playerVirtual2','playerVirtual2_990694203',0,'2018-02-16 11:03:21',NULL,0),(193,'playerVirtual2','playerVirtual2_990694203',0,'2018-02-16 11:03:22',NULL,0),(194,'playerVirtual3','playerVirtual3_990694203',0,'2018-02-16 11:03:36',NULL,0),(195,'playerVirtual3','playerVirtual3_990694203',0,'2018-02-16 11:03:37',NULL,0),(196,'playerVirtual13','playerVirtual13_6280638724',0,'2018-02-16 11:03:44',NULL,0),(197,'playerVirtual6','playerVirtual6_6280643141',0,'2018-02-16 11:03:46',NULL,0),(198,'playerVirtual13','playerVirtual13_6280638724',0,'2018-02-16 11:03:46',NULL,0),(199,'playerVirtual6','playerVirtual6_6280643141',0,'2018-02-16 11:03:46',NULL,0),(200,'playerVirtual8','playerVirtual8_3788dc5936',4,'2018-02-16 11:04:01',NULL,0),(201,'playerVirtual17','playerVirtual17_272887063',0,'2018-02-16 11:04:07',NULL,0),(202,'playerVirtual17','playerVirtual17_272887063',0,'2018-02-16 11:04:07',NULL,0),(203,'playerVirtual19','playerVirtual19_2359368952',0,'2018-02-16 11:04:11',NULL,0),(204,'playerVirtual19','playerVirtual19_2359368952',0,'2018-02-16 11:04:11',NULL,0),(205,'playerVirtual2','playerVirtual2_5eb276dc89',4,'2018-02-16 11:04:21',NULL,0),(206,'playerVirtual9','playerVirtual9_1436323714',0,'2018-02-16 11:04:24',NULL,0),(207,'playerVirtual9','playerVirtual9_1436323714',0,'2018-02-16 11:04:24',NULL,0),(208,'playerVirtual7','playerVirtual7_214880781',0,'2018-02-16 11:04:36',NULL,0),(209,'playerVirtual7','playerVirtual7_214880781',0,'2018-02-16 11:04:36',NULL,0),(210,'playerVirtual3','playerVirtual3_37211cb5b4',4,'2018-02-16 11:04:37',NULL,0),(211,'playerVirtual16','playerVirtual16_16914091',0,'2018-02-16 11:04:41',NULL,0),(212,'playerVirtual16','playerVirtual16_16914091',0,'2018-02-16 11:04:42',NULL,0),(213,'playerVirtual13','playerVirtual13_5fa1811a87',4,'2018-02-16 11:04:42',NULL,0),(214,'playerVirtual6','playerVirtual6_2876fc686d',4,'2018-02-16 11:04:47',NULL,0),(215,'playerVirtual18','playerVirtual18_182859403',0,'2018-02-16 11:04:56',NULL,0),(216,'playerVirtual18','playerVirtual18_182859403',0,'2018-02-16 11:04:56',NULL,0),(217,'playerVirtual17','playerVirtual17_11233c9f9d',4,'2018-02-16 11:05:07',NULL,0),(218,'playerVirtual19','playerVirtual19_d0b75f8d97',4,'2018-02-16 11:05:11',NULL,0),(219,'playerVirtual1','playerVirtual1_4820204870',1,'2018-02-16 11:05:20',NULL,0),(220,'playerVirtual1','playerVirtual1_39c001cfac',3,'2018-02-16 11:05:20',NULL,0),(221,'playerVirtual1','playerVirtual1_4820204870',1,'2018-02-16 11:05:21',NULL,0),(222,'playerVirtual9','playerVirtual9_482838f01a',4,'2018-02-16 11:05:24',NULL,0),(223,'playerVirtual7','playerVirtual7_fcec98c776',4,'2018-02-16 11:05:36',NULL,0),(224,'playerVirtual16','playerVirtual16_31df401f3d',4,'2018-02-16 11:05:42',NULL,0),(225,'playerVirtual18','playerVirtual18_ae18660354',4,'2018-02-16 11:05:56',NULL,0),(226,'playerVirtual2','playerVirtual2_990694203',1,'2018-02-16 11:06:04',NULL,0),(227,'playerVirtual2','playerVirtual2_3cafae1396',3,'2018-02-16 11:06:04',NULL,0),(228,'playerVirtual2','playerVirtual2_990694203',1,'2018-02-16 11:06:04',NULL,0),(229,'playerVirtual3','playerVirtual3_990694203',1,'2018-02-16 11:06:21',NULL,0),(230,'playerVirtual3','playerVirtual3_fe768e7ba3',3,'2018-02-16 11:06:21',NULL,0),(231,'playerVirtual3','playerVirtual3_990694203',1,'2018-02-16 11:06:21',NULL,0),(232,'playerVirtual11','playerVirtual11_6285257156',0,'2018-02-16 11:07:08',NULL,0),(233,'playerVirtual11','playerVirtual11_6285257156',0,'2018-02-16 11:07:08',NULL,0),(234,'playerVirtual8','playerVirtual8_1438244924',0,'2018-02-16 11:08:06',NULL,0),(235,'playerVirtual8','playerVirtual8_1438244924',0,'2018-02-16 11:08:06',NULL,0),(236,'playerVirtual11','playerVirtual11_c7f40a15b2',3,'2018-02-16 11:08:08',NULL,0),(237,'playerVirtual8','playerVirtual8_452e9ca486',3,'2018-02-16 11:09:06',NULL,0),(238,'playerVirtual13','playerVirtual13_6289355687',0,'2018-02-16 11:09:07',NULL,0),(239,'playerVirtual13','playerVirtual13_6289355687',0,'2018-02-16 11:09:08',NULL,0),(240,'playerVirtual6','playerVirtual6_1438244924',0,'2018-02-16 11:09:14',NULL,0),(241,'playerVirtual6','playerVirtual6_1438244924',0,'2018-02-16 11:09:14',NULL,0),(242,'playerVirtual17','playerVirtual17_6289704471',0,'2018-02-16 11:09:32',NULL,0),(243,'playerVirtual17','playerVirtual17_6289704471',0,'2018-02-16 11:09:33',NULL,0),(244,'playerVirtual9','playerVirtual9_3338579772',1,'2018-02-16 11:09:59',NULL,0),(245,'playerVirtual9','playerVirtual9_25cd7d452b',3,'2018-02-16 11:10:00',NULL,0),(246,'playerVirtual9','playerVirtual9_3338579772',1,'2018-02-16 11:10:01',NULL,0),(247,'playerVirtual13','playerVirtual13_4a65cf44f5',3,'2018-02-16 11:10:07',NULL,0),(248,'playerVirtual6','playerVirtual6_6b401b187e',3,'2018-02-16 11:10:14',NULL,0),(249,'playerVirtual17','playerVirtual17_7de4870553',3,'2018-02-16 11:10:33',NULL,0),(250,'playerVirtual19','playerVirtual19_1436344784',0,'2018-02-16 11:11:04',NULL,0),(251,'playerVirtual19','playerVirtual19_1436344784',0,'2018-02-16 11:11:04',NULL,0),(252,'playerVirtual7','playerVirtual7_990694203',0,'2018-02-16 11:12:04',NULL,0),(253,'playerVirtual19','playerVirtual19_fddfa2c54b',3,'2018-02-16 11:12:06',NULL,0),(254,'playerVirtual7','playerVirtual7_990694203',0,'2018-02-16 11:12:06',NULL,0),(255,'playerVirtual7','playerVirtual7_3fb76bda52',3,'2018-02-16 11:13:02',NULL,0),(256,'playerVirtual1','playerVirtual1_794070039',0,'2018-02-16 11:13:45',NULL,0),(257,'playerVirtual1','playerVirtual1_794070039',0,'2018-02-16 11:13:45',NULL,0),(258,'playerVirtual16','playerVirtual16_6296268057',0,'2018-02-16 11:13:52',NULL,0),(259,'playerVirtual16','playerVirtual16_6296268057',0,'2018-02-16 11:13:52',NULL,0),(260,'playerVirtual18','playerVirtual18_6296865278',0,'2018-02-16 11:14:08',NULL,0),(261,'playerVirtual18','playerVirtual18_6296865278',0,'2018-02-16 11:14:11',NULL,0),(262,'playerVirtual11','playerVirtual11_1438244924',1,'2018-02-16 11:14:18',NULL,0),(263,'playerVirtual11','playerVirtual11_d3743e6fab',4,'2018-02-16 11:14:19',NULL,0),(264,'playerVirtual11','playerVirtual11_1438244924',1,'2018-02-16 11:14:19',NULL,0),(265,'playerVirtual1','playerVirtual1_7fdbefe209',4,'2018-02-16 11:14:45',NULL,0),(266,'playerVirtual16','playerVirtual16_67be18489b',3,'2018-02-16 11:14:52',NULL,0),(267,'playerVirtual18','playerVirtual18_3519b01410',3,'2018-02-16 11:15:06',NULL,0),(268,'playerVirtual8','playerVirtual8_ca4268efbc',4,'2018-02-16 11:15:48',NULL,0),(269,'playerVirtual6','playerVirtual6_6264344062',1,'2018-02-16 11:17:25',NULL,0),(270,'playerVirtual6','playerVirtual6_5bcf9d2d0a',4,'2018-02-16 11:17:26',NULL,0),(271,'playerVirtual6','playerVirtual6_6264344062',1,'2018-02-16 11:17:26',NULL,0),(272,'playerVirtual9','playerVirtual9_1095593',1,'2018-02-16 11:17:33',NULL,0),(273,'playerVirtual9','playerVirtual9_85e0688656',4,'2018-02-16 11:17:33',NULL,0),(274,'playerVirtual9','playerVirtual9_1095593',1,'2018-02-16 11:17:34',NULL,0),(275,'playerVirtual2','playerVirtual2_182859403',0,'2018-02-16 11:19:31',NULL,0),(276,'playerVirtual2','playerVirtual2_182859403',0,'2018-02-16 11:19:32',NULL,0),(277,'playerVirtual1','playerVirtual1_6274355716',1,'2018-02-16 11:20:12',NULL,0),(278,'playerVirtual1','playerVirtual1_a291fa6399',3,'2018-02-16 11:20:12',NULL,0),(279,'playerVirtual1','playerVirtual1_6274355716',1,'2018-02-16 11:20:12',NULL,0),(280,'playerVirtual3','playerVirtual3_6264344062',0,'2018-02-16 11:20:26',NULL,0),(281,'playerVirtual3','playerVirtual3_6264344062',0,'2018-02-16 11:20:27',NULL,0),(282,'playerVirtual2','playerVirtual2_7ba295ec4c',4,'2018-02-16 11:20:32',NULL,0),(283,'playerVirtual8','playerVirtual8_7e1970772d',3,'2018-02-16 11:20:34',NULL,0),(284,'playerVirtual3','playerVirtual3_90a4cd5dde',4,'2018-02-16 11:21:27',NULL,0),(285,'playerVirtual18','playerVirtual18_182859403',1,'2018-02-16 11:22:05',NULL,0),(286,'playerVirtual18','playerVirtual18_ec5b4c4704',4,'2018-02-16 11:22:06',NULL,0),(287,'playerVirtual18','playerVirtual18_182859403',1,'2018-02-16 11:22:06',NULL,0),(288,'playerVirtual2','playerVirtual2_182859403',1,'2018-02-16 11:22:14',NULL,0),(289,'playerVirtual2','playerVirtual2_06697955cf',3,'2018-02-16 11:22:14',NULL,0),(290,'playerVirtual2','playerVirtual2_182859403',1,'2018-02-16 11:22:14',NULL,0),(291,'playerVirtual17','playerVirtual17_42231f0538',4,'2018-02-16 11:23:32',NULL,0),(292,'playerVirtual13','playerVirtual13_6289704471',0,'2018-02-16 11:23:47',NULL,0),(293,'playerVirtual13','playerVirtual13_6289704471',0,'2018-02-16 11:23:47',NULL,0),(294,'playerVirtual19','playerVirtual19_1095593',0,'2018-02-16 11:24:24',NULL,0),(295,'playerVirtual19','playerVirtual19_1095593',0,'2018-02-16 11:24:24',NULL,0),(296,'playerVirtual13','playerVirtual13_0fbae1d40d',4,'2018-02-16 11:24:47',NULL,0),(297,'playerVirtual19','playerVirtual19_02d8684785',4,'2018-02-16 11:25:24',NULL,0),(298,'playerVirtual16','playerVirtual16_539194189',0,'2018-02-16 11:25:42',NULL,0),(299,'playerVirtual16','playerVirtual16_539194189',0,'2018-02-16 11:25:42',NULL,0),(300,'playerVirtual16','playerVirtual16_7d4f1c56db',4,'2018-02-16 11:26:42',NULL,0),(301,'playerVirtual11','playerVirtual11_908315',0,'2018-02-16 11:27:03',NULL,0),(302,'playerVirtual11','playerVirtual11_908315',0,'2018-02-16 11:27:04',NULL,0),(303,'playerVirtual11','playerVirtual11_facfb0948e',3,'2018-02-16 11:28:03',NULL,0),(304,'playerVirtual17','playerVirtual17_82bef36444',3,'2018-02-16 11:28:08',NULL,0),(305,'playerVirtual3','playerVirtual3_4246147567',0,'2018-02-16 11:28:55',NULL,0),(306,'playerVirtual3','playerVirtual3_4246147567',0,'2018-02-16 11:28:56',NULL,0),(307,'playerVirtual3','playerVirtual3_fb39176375',3,'2018-02-16 11:29:56',NULL,0),(308,'playerVirtual13','playerVirtual13_6289704471',1,'2018-02-16 11:30:18',NULL,0),(309,'playerVirtual13','playerVirtual13_c2c7568fed',3,'2018-02-16 11:30:18',NULL,0),(310,'playerVirtual13','playerVirtual13_6289704471',1,'2018-02-16 11:30:18',NULL,0),(311,'playerVirtual9','playerVirtual9_4246147567',0,'2018-02-16 11:30:53',NULL,0),(312,'playerVirtual9','playerVirtual9_4246147567',0,'2018-02-16 11:30:53',NULL,0),(313,'playerVirtual6','playerVirtual6_6289704471',0,'2018-02-16 11:31:04',NULL,0),(314,'playerVirtual6','playerVirtual6_6289704471',0,'2018-02-16 11:31:04',NULL,0),(315,'playerVirtual18','playerVirtual18_77bbeb626e',3,'2018-02-16 11:31:22',NULL,0),(316,'playerVirtual19','playerVirtual19_26a4c7c5a9',3,'2018-02-16 11:31:30',NULL,0),(317,'playerVirtual9','playerVirtual9_0befba946b',3,'2018-02-16 11:31:53',NULL,0),(318,'playerVirtual6','playerVirtual6_751aa130bf',3,'2018-02-16 11:32:04',NULL,0),(319,'playerVirtual1','playerVirtual1_4246147567',0,'2018-02-16 11:36:05',NULL,0),(320,'playerVirtual1','playerVirtual1_4246147567',0,'2018-02-16 11:36:06',NULL,0),(321,'playerVirtual1','playerVirtual1_772a539c04',4,'2018-02-16 11:37:06',NULL,0),(322,'playerVirtual8','playerVirtual8_6315250734',0,'2018-02-16 11:37:15',NULL,0),(323,'playerVirtual8','playerVirtual8_6315250734',0,'2018-02-16 11:37:16',NULL,0),(324,'playerVirtual2','playerVirtual2_5297461910',1,'2018-02-16 11:37:18',NULL,0),(325,'playerVirtual2','playerVirtual2_b6877077dc',4,'2018-02-16 11:37:19',NULL,0),(326,'playerVirtual2','playerVirtual2_5297461910',1,'2018-02-16 11:37:19',NULL,0),(327,'playerVirtual11','playerVirtual11_990694203',0,'2018-02-16 11:37:42',NULL,0),(328,'playerVirtual11','playerVirtual11_990694203',0,'2018-02-16 11:37:42',NULL,0),(329,'playerVirtual16','playerVirtual16_5068098508',0,'2018-02-16 11:37:51',NULL,0),(330,'playerVirtual16','playerVirtual16_5068098508',0,'2018-02-16 11:37:52',NULL,0),(331,'playerVirtual8','playerVirtual8_5f918c940d',4,'2018-02-16 11:38:16',NULL,0),(332,'playerVirtual11','playerVirtual11_19211498cc',4,'2018-02-16 11:38:42',NULL,0),(333,'playerVirtual16','playerVirtual16_7b37181423',3,'2018-02-16 11:38:51',NULL,0),(334,'playerVirtual9','playerVirtual9_4246147567',1,'2018-02-16 11:39:28',NULL,0),(335,'playerVirtual9','playerVirtual9_b00fce466f',4,'2018-02-16 11:39:29',NULL,0),(336,'playerVirtual9','playerVirtual9_4246147567',1,'2018-02-16 11:39:29',NULL,0),(337,'playerVirtual6','playerVirtual6_6322213339',0,'2018-02-16 11:41:55',NULL,0),(338,'playerVirtual6','playerVirtual6_6322213339',0,'2018-02-16 11:41:55',NULL,0),(339,'playerVirtual1','playerVirtual1_4246147567',1,'2018-02-16 11:42:32',NULL,0),(340,'playerVirtual1','playerVirtual1_e65c1c359a',3,'2018-02-16 11:42:32',NULL,0),(341,'playerVirtual1','playerVirtual1_4246147567',1,'2018-02-16 11:42:32',NULL,0),(342,'playerVirtual6','playerVirtual6_bf96a3d141',4,'2018-02-16 11:42:55',NULL,0),(343,'playerVirtual3','playerVirtual3_4246147567',1,'2018-02-16 11:43:59',NULL,0),(344,'playerVirtual3','playerVirtual3_0e089945d2',4,'2018-02-16 11:43:59',NULL,0),(345,'playerVirtual3','playerVirtual3_4246147567',1,'2018-02-16 11:43:59',NULL,0),(346,'playerVirtual18','playerVirtual18_4246147567',0,'2018-02-16 11:45:24',NULL,0),(347,'playerVirtual18','playerVirtual18_4246147567',0,'2018-02-16 11:45:25',NULL,0),(348,'playerVirtual8','playerVirtual8_4246147567',0,'2018-02-16 11:45:35',NULL,0),(349,'playerVirtual8','playerVirtual8_4246147567',0,'2018-02-16 11:45:35',NULL,0),(350,'playerVirtual17','playerVirtual17_4246147567',0,'2018-02-16 11:45:54',NULL,0),(351,'playerVirtual17','playerVirtual17_4246147567',0,'2018-02-16 11:45:55',NULL,0),(352,'playerVirtual2','playerVirtual2_359920779',0,'2018-02-16 11:45:56',NULL,0),(353,'playerVirtual2','playerVirtual2_359920779',0,'2018-02-16 11:45:56',NULL,0),(354,'playerVirtual18','playerVirtual18_be5e61674e',4,'2018-02-16 11:46:25',NULL,0),(355,'playerVirtual8','playerVirtual8_cfa9b54412',3,'2018-02-16 11:46:35',NULL,0),(356,'playerVirtual17','playerVirtual17_94db0bbcde',4,'2018-02-16 11:46:54',NULL,0),(357,'playerVirtual2','playerVirtual2_76586796c6',3,'2018-02-16 11:46:56',NULL,0),(358,'playerVirtual13','playerVirtual13_4246147567',0,'2018-02-16 11:47:39',NULL,0),(359,'playerVirtual13','playerVirtual13_4246147567',0,'2018-02-16 11:47:39',NULL,0),(360,'playerVirtual13','playerVirtual13_315e8f46d8',4,'2018-02-16 11:48:39',NULL,0),(361,'playerVirtual19','playerVirtual19_1095593',0,'2018-02-16 11:48:49',NULL,0),(362,'playerVirtual19','playerVirtual19_81a75663f3',4,'2018-02-16 11:48:50',NULL,0),(363,'playerVirtual19','playerVirtual19_1095593',0,'2018-02-16 11:48:50',NULL,0),(364,'playerVirtual11','playerVirtual11_990694203',1,'2018-02-16 11:51:27',NULL,0),(365,'playerVirtual11','playerVirtual11_1a9e938a51',3,'2018-02-16 11:51:28',NULL,0),(366,'playerVirtual11','playerVirtual11_990694203',1,'2018-02-16 11:51:28',NULL,0),(367,'playerVirtual17','playerVirtual17_2a70b09b1e',3,'2018-02-16 11:51:35',NULL,0),(368,'playerVirtual16','playerVirtual16_4246147567',0,'2018-02-16 11:51:56',NULL,0),(369,'playerVirtual16','playerVirtual16_4246147567',0,'2018-02-16 11:51:56',NULL,0),(370,'playerVirtual16','playerVirtual16_3e14c47f05',4,'2018-02-16 11:52:56',NULL,0),(371,'playerVirtual13','playerVirtual13_4246147567',1,'2018-02-16 11:54:10',NULL,0),(372,'playerVirtual13','playerVirtual13_01d36d09f9',3,'2018-02-16 11:54:10',NULL,0),(373,'playerVirtual13','playerVirtual13_4246147567',1,'2018-02-16 11:54:10',NULL,0),(374,'playerVirtual3','playerVirtual3_4246147567',0,'2018-02-16 11:55:27',NULL,0),(375,'playerVirtual3','playerVirtual3_b04cfa1a1e',3,'2018-02-16 11:55:27',NULL,0),(376,'playerVirtual3','playerVirtual3_4246147567',0,'2018-02-16 11:55:27',NULL,0),(377,'playerVirtual18','playerVirtual18_0c4c091457',3,'2018-02-16 11:55:41',NULL,0),(378,'playerVirtual19','playerVirtual19_1436344784',1,'2018-02-16 11:56:14',NULL,0),(379,'playerVirtual19','playerVirtual19_82a3c611ff',3,'2018-02-16 11:56:14',NULL,0),(380,'playerVirtual19','playerVirtual19_1436344784',1,'2018-02-16 11:56:14',NULL,0),(381,'playerVirtual1','playerVirtual1_4246147567',0,'2018-02-16 12:01:59',NULL,0),(382,'playerVirtual1','playerVirtual1_a4eb02d8b3',4,'2018-02-16 12:01:59',NULL,0),(383,'playerVirtual1','playerVirtual1_4246147567',0,'2018-02-16 12:02:03',NULL,0),(384,'playerVirtual8','playerVirtual8_4246147567',1,'2018-02-16 12:03:16',NULL,0),(385,'playerVirtual8','playerVirtual8_effc7639a3',4,'2018-02-16 12:03:17',NULL,0),(386,'playerVirtual8','playerVirtual8_4246147567',1,'2018-02-16 12:03:17',NULL,0),(387,'playerVirtual2','playerVirtual2_4246147567',0,'2018-02-16 12:04:04',NULL,0),(388,'playerVirtual16','playerVirtual16_4246147567',1,'2018-02-16 12:04:07',NULL,0),(389,'playerVirtual16','playerVirtual16_79b22d651a',3,'2018-02-16 12:04:08',NULL,0),(390,'playerVirtual2','playerVirtual2_4246147567',0,'2018-02-16 12:04:08',NULL,0),(391,'playerVirtual16','playerVirtual16_4246147567',1,'2018-02-16 12:04:08',NULL,0),(392,'playerVirtual2','playerVirtual2_f527da6dcf',4,'2018-02-16 12:05:03',NULL,0),(393,'playerVirtual11','playerVirtual11_4246147567',0,'2018-02-16 12:05:09',NULL,0),(394,'playerVirtual11','playerVirtual11_4246147567',0,'2018-02-16 12:05:11',NULL,0),(395,'playerVirtual11','playerVirtual11_0d80d6c6e4',4,'2018-02-16 12:06:10',NULL,0),(396,'playerVirtual1','playerVirtual1_4246147567',1,'2018-02-16 12:07:24',NULL,0),(397,'playerVirtual1','playerVirtual1_9f5c5077c7',3,'2018-02-16 12:07:24',NULL,0),(398,'playerVirtual1','playerVirtual1_4246147567',1,'2018-02-16 12:07:24',NULL,0),(399,'playerVirtual3','playerVirtual3_4246147567',1,'2018-02-16 12:09:30',NULL,0),(400,'playerVirtual3','playerVirtual3_54ca199dc7',4,'2018-02-16 12:09:30',NULL,0),(401,'playerVirtual3','playerVirtual3_4246147567',1,'2018-02-16 12:09:30',NULL,0),(402,'playerVirtual17','playerVirtual17_4246147567',0,'2018-02-16 12:13:33',NULL,0),(403,'playerVirtual17','playerVirtual17_1616c08a9c',4,'2018-02-16 12:13:33',NULL,0),(404,'playerVirtual17','playerVirtual17_4246147567',0,'2018-02-16 12:13:33',NULL,0),(405,'playerVirtual2','playerVirtual2_4246147567',1,'2018-02-16 12:13:40',NULL,0),(406,'playerVirtual2','playerVirtual2_10c14eb803',3,'2018-02-16 12:13:40',NULL,0),(407,'playerVirtual2','playerVirtual2_4246147567',1,'2018-02-16 12:13:41',NULL,0),(408,'playerVirtual18','playerVirtual18_6344084916',0,'2018-02-16 12:14:01',NULL,0),(409,'playerVirtual18','playerVirtual18_6344084916',0,'2018-02-16 12:14:01',NULL,0),(410,'playerVirtual18','playerVirtual18_07a82a32c8',4,'2018-02-16 12:15:01',NULL,0),(411,'playerVirtual8','playerVirtual8_4246147567',0,'2018-02-16 12:15:01',NULL,0),(412,'playerVirtual8','playerVirtual8_355bce1005',3,'2018-02-16 12:15:01',NULL,0),(413,'playerVirtual8','playerVirtual8_4246147567',0,'2018-02-16 12:15:01',NULL,0),(414,'playerVirtual13','playerVirtual13_4246147567',0,'2018-02-16 12:15:34',NULL,0),(415,'playerVirtual13','playerVirtual13_0eaac80745',4,'2018-02-16 12:15:35',NULL,0),(416,'playerVirtual13','playerVirtual13_4246147567',0,'2018-02-16 12:15:35',NULL,0),(417,'playerVirtual19','playerVirtual19_4246147567',0,'2018-02-16 12:16:37',NULL,0),(418,'playerVirtual19','playerVirtual19_4246147567',0,'2018-02-16 12:16:38',NULL,0),(419,'playerVirtual19','playerVirtual19_b58ababb5b',4,'2018-02-16 12:17:39',NULL,0),(420,'playerVirtual16','playerVirtual16_bd5f8ff594',4,'2018-02-16 12:17:39',NULL,0),(421,'playerVirtual17','playerVirtual17_bbc9a534e9',3,'2018-02-16 12:18:12',NULL,0),(422,'playerVirtual11','playerVirtual11_4246147567',1,'2018-02-16 12:18:53',NULL,0),(423,'playerVirtual11','playerVirtual11_93b96aff7f',3,'2018-02-16 12:18:53',NULL,0),(424,'playerVirtual11','playerVirtual11_4246147567',1,'2018-02-16 12:18:53',NULL,0),(425,'playerVirtual13','playerVirtual13_4246147567',1,'2018-02-16 12:21:03',NULL,0),(426,'playerVirtual13','playerVirtual13_852d674940',3,'2018-02-16 12:21:03',NULL,0),(427,'playerVirtual13','playerVirtual13_4246147567',1,'2018-02-16 12:21:03',NULL,0),(428,'playerVirtual3','playerVirtual3_82730999',0,'2018-02-16 12:24:43',NULL,0),(429,'playerVirtual3','playerVirtual3_82730999',0,'2018-02-16 12:24:43',NULL,0),(430,'playerVirtual19','playerVirtual19_a4611a7cca',3,'2018-02-16 12:25:01',NULL,0),(431,'playerVirtual3','playerVirtual3_97c6cec1cf',3,'2018-02-16 12:25:43',NULL,0),(432,'playerVirtual18','playerVirtual18_6566788',0,'2018-02-16 12:26:26',NULL,0),(433,'playerVirtual18','playerVirtual18_6566788',0,'2018-02-16 12:26:27',NULL,0),(434,'playerVirtual18','playerVirtual18_e85acd6c81',3,'2018-02-16 12:27:27',NULL,0),(435,'playerVirtual1','playerVirtual1_6566788',0,'2018-02-16 12:31:03',NULL,0),(436,'playerVirtual1','playerVirtual1_6566788',0,'2018-02-16 12:31:03',NULL,0),(437,'playerVirtual8','playerVirtual8_4246147567',1,'2018-02-16 12:31:43',NULL,0),(438,'playerVirtual8','playerVirtual8_dfe0dbde01',4,'2018-02-16 12:31:43',NULL,0),(439,'playerVirtual8','playerVirtual8_4246147567',1,'2018-02-16 12:31:43',NULL,0),(440,'playerVirtual1','playerVirtual1_cd9c123b11',4,'2018-02-16 12:32:03',NULL,0),(441,'playerVirtual16','playerVirtual16_16917741',0,'2018-02-16 12:33:56',NULL,0),(442,'playerVirtual16','playerVirtual16_16917741',0,'2018-02-16 12:33:56',NULL,0),(443,'playerVirtual2','playerVirtual2_82730999',1,'2018-02-16 12:34:19',NULL,0),(444,'playerVirtual2','playerVirtual2_dcbf5c90be',4,'2018-02-16 12:34:20',NULL,0),(445,'playerVirtual2','playerVirtual2_82730999',1,'2018-02-16 12:34:20',NULL,0),(446,'playerVirtual16','playerVirtual16_7dfa28bbef',3,'2018-02-16 12:34:56',NULL,0),(447,'playerVirtual11','playerVirtual11_4820150269',0,'2018-02-16 12:35:59',NULL,0),(448,'playerVirtual11','playerVirtual11_4820150269',0,'2018-02-16 12:35:59',NULL,0),(449,'playerVirtual11','playerVirtual11_06551dab3f',4,'2018-02-16 12:36:59',NULL,0),(450,'playerVirtual1','playerVirtual1_6566788',1,'2018-02-16 12:38:07',NULL,0),(451,'playerVirtual1','playerVirtual1_efaec19d35',3,'2018-02-16 12:38:07',NULL,0),(452,'playerVirtual1','playerVirtual1_6566788',1,'2018-02-16 12:38:08',NULL,0),(453,'playerVirtual3','playerVirtual3_4246147567',0,'2018-02-16 12:40:45',NULL,0),(454,'playerVirtual3','playerVirtual3_5ce73f1958',4,'2018-02-16 12:40:46',NULL,0),(455,'playerVirtual3','playerVirtual3_4246147567',0,'2018-02-16 12:40:46',NULL,0),(456,'playerVirtual17','playerVirtual17_1fc9422ac8',4,'2018-02-16 12:41:53',NULL,0),(457,'playerVirtual2','playerVirtual2_990694203',0,'2018-02-16 12:44:37',NULL,0),(458,'playerVirtual2','playerVirtual2_0d41801a5d',3,'2018-02-16 12:44:37',NULL,0),(459,'playerVirtual2','playerVirtual2_990694203',0,'2018-02-16 12:44:37',NULL,0),(460,'playerVirtual13','playerVirtual13_3338579772',0,'2018-02-16 12:45:26',NULL,0),(461,'playerVirtual13','playerVirtual13_3338579772',0,'2018-02-16 12:45:26',NULL,0),(462,'playerVirtual8','playerVirtual8_5068098508',0,'2018-02-16 12:45:45',NULL,0),(463,'playerVirtual8','playerVirtual8_5068098508',0,'2018-02-16 12:45:49',NULL,0),(464,'playerVirtual13','playerVirtual13_ded564dc75',4,'2018-02-16 12:46:26',NULL,0),(465,'playerVirtual18','playerVirtual18_1436344784',0,'2018-02-16 12:46:39',NULL,0),(466,'playerVirtual18','playerVirtual18_1436344784',0,'2018-02-16 12:46:39',NULL,0),(467,'playerVirtual8','playerVirtual8_4c0bc5c749',3,'2018-02-16 12:46:43',NULL,0),(468,'playerVirtual19','playerVirtual19_4246147567',0,'2018-02-16 12:47:38',NULL,0),(469,'playerVirtual19','playerVirtual19_6d8c0092e9',4,'2018-02-16 12:47:38',NULL,0),(470,'playerVirtual19','playerVirtual19_4246147567',0,'2018-02-16 12:47:38',NULL,0),(471,'playerVirtual18','playerVirtual18_c6ec02ddbb',4,'2018-02-16 12:47:39',NULL,0),(472,'playerVirtual16','playerVirtual16_4246147567',0,'2018-02-16 12:49:35',NULL,0),(473,'playerVirtual16','playerVirtual16_66f3efdb00',4,'2018-02-16 12:49:35',NULL,0),(474,'playerVirtual16','playerVirtual16_4246147567',0,'2018-02-16 12:49:36',NULL,0),(475,'playerVirtual17','playerVirtual17_4246147567',0,'2018-02-16 12:49:39',NULL,0),(476,'playerVirtual17','playerVirtual17_32983be3ae',3,'2018-02-16 12:49:39',NULL,0),(477,'playerVirtual17','playerVirtual17_4246147567',0,'2018-02-16 12:49:40',NULL,0),(478,'playerVirtual11','playerVirtual11_4820150269',1,'2018-02-16 12:49:45',NULL,0),(479,'playerVirtual11','playerVirtual11_707293941f',3,'2018-02-16 12:49:45',NULL,0),(480,'playerVirtual11','playerVirtual11_4820150269',1,'2018-02-16 12:49:46',NULL,0),(481,'playerVirtual13','playerVirtual13_4246147567',0,'2018-02-16 12:54:28',NULL,0),(482,'playerVirtual13','playerVirtual13_26aeb9300e',3,'2018-02-16 12:54:28',NULL,0),(483,'playerVirtual13','playerVirtual13_4246147567',0,'2018-02-16 12:54:28',NULL,0),(484,'playerVirtual19','playerVirtual19_53f463520b',3,'2018-02-16 12:55:02',NULL,0),(485,'playerVirtual3','playerVirtual3_4246147567',1,'2018-02-16 12:55:58',NULL,0),(486,'playerVirtual3','playerVirtual3_59ed70739a',3,'2018-02-16 12:55:58',NULL,0),(487,'playerVirtual3','playerVirtual3_4246147567',1,'2018-02-16 12:55:58',NULL,0),(488,'playerVirtual18','playerVirtual18_4246147567',0,'2018-02-16 13:01:17',NULL,0),(489,'playerVirtual18','playerVirtual18_67178060b1',3,'2018-02-16 13:01:18',NULL,0),(490,'playerVirtual18','playerVirtual18_4246147567',0,'2018-02-16 13:01:18',NULL,0),(491,'playerVirtual1','playerVirtual1_4246147567',0,'2018-02-16 13:03:15',NULL,0),(492,'playerVirtual1','playerVirtual1_efdd050cbb',4,'2018-02-16 13:03:15',NULL,0),(493,'playerVirtual1','playerVirtual1_4246147567',0,'2018-02-16 13:03:15',NULL,0),(494,'playerVirtual2','playerVirtual2_990694203',1,'2018-02-16 13:05:14',NULL,0),(495,'playerVirtual2','playerVirtual2_c4c100a71f',4,'2018-02-16 13:05:14',NULL,0),(496,'playerVirtual2','playerVirtual2_990694203',1,'2018-02-16 13:05:15',NULL,0),(497,'playerVirtual8','playerVirtual8_4246147567',0,'2018-02-16 13:05:21',NULL,0),(498,'playerVirtual8','playerVirtual8_b9b48f0641',4,'2018-02-16 13:05:21',NULL,0),(499,'playerVirtual8','playerVirtual8_4246147567',0,'2018-02-16 13:05:22',NULL,0),(500,'playerVirtual16','playerVirtual16_a20ecea57c',3,'2018-02-16 13:05:54',NULL,0),(501,'playerVirtual11','playerVirtual11_5792765',1,'2018-02-16 13:08:47',NULL,0),(502,'playerVirtual11','playerVirtual11_cbe1a47fc6',4,'2018-02-16 13:08:47',NULL,0),(503,'playerVirtual11','playerVirtual11_5792765',1,'2018-02-16 13:08:47',NULL,0),(504,'playerVirtual1','playerVirtual1_4246147567',1,'2018-02-16 13:09:19',NULL,0),(505,'playerVirtual1','playerVirtual1_5538fe67f7',3,'2018-02-16 13:09:19',NULL,0),(506,'playerVirtual1','playerVirtual1_4246147567',1,'2018-02-16 13:09:20',NULL,0),(507,'playerVirtual17','playerVirtual17_616ba22aac',4,'2018-02-16 13:13:20',NULL,0),(508,'playerVirtual3','playerVirtual3_990694203',0,'2018-02-16 13:15:08',NULL,0),(509,'playerVirtual3','playerVirtual3_47679d849e',4,'2018-02-16 13:15:08',NULL,0),(510,'playerVirtual3','playerVirtual3_990694203',0,'2018-02-16 13:15:08',NULL,0),(511,'playerVirtual13','playerVirtual13_4246147567',1,'2018-02-16 13:18:50',NULL,0),(512,'playerVirtual13','playerVirtual13_d52f7cd981',4,'2018-02-16 13:18:50',NULL,0),(513,'playerVirtual13','playerVirtual13_4246147567',1,'2018-02-16 13:18:51',NULL,0),(514,'playerVirtual8','playerVirtual8_92878661ca',3,'2018-02-16 13:19:21',NULL,0),(515,'playerVirtual2','playerVirtual2_4246147567',0,'2018-02-16 13:19:43',NULL,0),(516,'playerVirtual2','playerVirtual2_0f2b9a0590',3,'2018-02-16 13:19:43',NULL,0),(517,'playerVirtual2','playerVirtual2_4246147567',0,'2018-02-16 13:19:43',NULL,0),(518,'playerVirtual18','playerVirtual18_452e434a1c',4,'2018-02-16 13:20:31',NULL,0),(519,'playerVirtual19','playerVirtual19_4246147567',0,'2018-02-16 13:21:36',NULL,0),(520,'playerVirtual19','playerVirtual19_ddf344ccf6',4,'2018-02-16 13:21:36',NULL,0),(521,'playerVirtual19','playerVirtual19_4246147567',0,'2018-02-16 13:21:36',NULL,0),(522,'playerVirtual16','playerVirtual16_16917741',1,'2018-02-16 13:22:51',NULL,0),(523,'playerVirtual16','playerVirtual16_0e81ffe293',4,'2018-02-16 13:22:52',NULL,0),(524,'playerVirtual16','playerVirtual16_16917741',1,'2018-02-16 13:22:52',NULL,0),(525,'playerVirtual11','playerVirtual11_4246147567',0,'2018-02-16 13:25:05',NULL,0),(526,'playerVirtual11','playerVirtual11_f4ed809ce9',3,'2018-02-16 13:25:05',NULL,0),(527,'playerVirtual11','playerVirtual11_4246147567',0,'2018-02-16 13:25:05',NULL,0),(528,'playerVirtual17','playerVirtual17_e479114a52',3,'2018-02-16 13:25:26',NULL,0),(529,'playerVirtual19','playerVirtual19_c1670c77bd',3,'2018-02-16 13:29:00',NULL,0),(530,'playerVirtual3','playerVirtual3_990694203',1,'2018-02-16 13:30:20',NULL,0),(531,'playerVirtual3','playerVirtual3_7e88b79272',3,'2018-02-16 13:30:20',NULL,0),(532,'playerVirtual3','playerVirtual3_990694203',1,'2018-02-16 13:30:21',NULL,0),(533,'playerVirtual13','playerVirtual13_990694203',0,'2018-02-16 13:30:37',NULL,0),(534,'playerVirtual13','playerVirtual13_990694203',0,'2018-02-16 13:30:37',NULL,0),(535,'playerVirtual13','playerVirtual13_f9cbd7a77e',3,'2018-02-16 13:31:38',NULL,0),(536,'playerVirtual18','playerVirtual18_2148750930',0,'2018-02-16 13:38:01',NULL,0),(537,'playerVirtual18','playerVirtual18_2148750930',0,'2018-02-16 13:38:01',NULL,0),(538,'playerVirtual1','playerVirtual1_904011',0,'2018-02-16 13:38:59',NULL,0),(539,'playerVirtual1','playerVirtual1_904011',0,'2018-02-16 13:38:59',NULL,0),(540,'playerVirtual18','playerVirtual18_37d0993759',3,'2018-02-16 13:39:01',NULL,0),(541,'playerVirtual1','playerVirtual1_fed8b118b4',4,'2018-02-16 13:40:01',NULL,0),(542,'playerVirtual2','playerVirtual2_4246147567',1,'2018-02-16 13:40:21',NULL,0),(543,'playerVirtual2','playerVirtual2_38655437bd',4,'2018-02-16 13:40:21',NULL,0),(544,'playerVirtual2','playerVirtual2_4246147567',1,'2018-02-16 13:40:21',NULL,0),(545,'playerVirtual8','playerVirtual8_4246147567',0,'2018-02-16 13:41:37',NULL,0),(546,'playerVirtual8','playerVirtual8_a054e6cd95',4,'2018-02-16 13:41:38',NULL,0),(547,'playerVirtual8','playerVirtual8_4246147567',0,'2018-02-16 13:41:38',NULL,0),(548,'playerVirtual16','playerVirtual16_4246147567',0,'2018-02-16 13:42:50',NULL,0),(549,'playerVirtual16','playerVirtual16_bf3bbdc7a7',3,'2018-02-16 13:42:50',NULL,0),(550,'playerVirtual16','playerVirtual16_4246147567',0,'2018-02-16 13:42:50',NULL,0),(551,'playerVirtual11','playerVirtual11_4246147567',1,'2018-02-16 13:44:06',NULL,0),(552,'playerVirtual11','playerVirtual11_ab3edcea2d',4,'2018-02-16 13:44:07',NULL,0),(553,'playerVirtual11','playerVirtual11_4246147567',1,'2018-02-16 13:44:09',NULL,0),(554,'playerVirtual1','playerVirtual1_794070039',1,'2018-02-16 13:46:37',NULL,0),(555,'playerVirtual1','playerVirtual1_1a2c6a7938',3,'2018-02-16 13:46:38',NULL,0),(556,'playerVirtual1','playerVirtual1_794070039',1,'2018-02-16 13:46:38',NULL,0),(557,'playerVirtual17','playerVirtual17_55443d83ec',4,'2018-02-16 13:49:07',NULL,0),(558,'playerVirtual3','playerVirtual3_4246147567',0,'2018-02-16 13:52:44',NULL,0),(559,'playerVirtual3','playerVirtual3_fdbc8513fe',4,'2018-02-16 13:52:44',NULL,0),(560,'playerVirtual3','playerVirtual3_4246147567',0,'2018-02-16 13:52:44',NULL,0),(561,'playerVirtual8','playerVirtual8_5a5fcb1c98',3,'2018-02-16 13:55:38',NULL,0),(562,'playerVirtual2','playerVirtual2_4820318661',1,'2018-02-16 13:55:42',NULL,0),(563,'playerVirtual2','playerVirtual2_491f55ae73',3,'2018-02-16 13:55:42',NULL,0),(564,'playerVirtual2','playerVirtual2_4820318661',1,'2018-02-16 13:55:43',NULL,0),(565,'playerVirtual13','playerVirtual13_990694203',1,'2018-02-16 13:55:59',NULL,0),(566,'playerVirtual13','playerVirtual13_b1091ca788',4,'2018-02-16 13:55:59',NULL,0),(567,'playerVirtual13','playerVirtual13_990694203',1,'2018-02-16 13:56:00',NULL,0),(568,'playerVirtual19','playerVirtual19_16917741',0,'2018-02-16 13:58:55',NULL,0),(569,'playerVirtual19','playerVirtual19_16917741',0,'2018-02-16 13:58:55',NULL,0),(570,'playerVirtual16','playerVirtual16_686cddb330',4,'2018-02-16 13:59:48',NULL,0),(571,'playerVirtual19','playerVirtual19_c1dff2617a',4,'2018-02-16 13:59:55',NULL,0),(572,'playerVirtual18','playerVirtual18_4246147567',0,'2018-02-16 14:00:00',NULL,0),(573,'playerVirtual18','playerVirtual18_808c2b02ff',4,'2018-02-16 14:00:00',NULL,0),(574,'playerVirtual18','playerVirtual18_4246147567',0,'2018-02-16 14:00:00',NULL,0),(575,'playerVirtual11','playerVirtual11_794070039',0,'2018-02-16 14:03:38',NULL,0),(576,'playerVirtual11','playerVirtual11_794070039',0,'2018-02-16 14:03:38',NULL,0),(577,'playerVirtual17','playerVirtual17_360cc21d0d',3,'2018-02-16 14:04:21',NULL,0),(578,'playerVirtual11','playerVirtual11_1f6016a642',3,'2018-02-16 14:04:38',NULL,0),(579,'playerVirtual3','playerVirtual3_4246147567',1,'2018-02-16 14:07:56',NULL,0),(580,'playerVirtual3','playerVirtual3_6683a803d0',3,'2018-02-16 14:07:56',NULL,0),(581,'playerVirtual3','playerVirtual3_4246147567',1,'2018-02-16 14:07:57',NULL,0),(582,'playerVirtual19','playerVirtual19_b0baef4b80',3,'2018-02-16 14:10:02',NULL,0),(583,'playerVirtual13','playerVirtual13_4246147567',0,'2018-02-16 14:11:23',NULL,0),(584,'playerVirtual13','playerVirtual13_764d170236',3,'2018-02-16 14:11:23',NULL,0),(585,'playerVirtual13','playerVirtual13_4246147567',0,'2018-02-16 14:11:23',NULL,0),(586,'playerVirtual18','playerVirtual18_2e65d5916a',3,'2018-02-16 14:17:30',NULL,0),(587,'playerVirtual1','playerVirtual1_4246147567',0,'2018-02-16 14:18:41',NULL,0),(588,'playerVirtual1','playerVirtual1_9b7fa86c02',4,'2018-02-16 14:18:41',NULL,0),(589,'playerVirtual1','playerVirtual1_4246147567',0,'2018-02-16 14:18:41',NULL,0),(590,'playerVirtual2','playerVirtual2_5297461910',0,'2018-02-16 14:20:04',NULL,0),(591,'playerVirtual2','playerVirtual2_7dd12702bf',4,'2018-02-16 14:20:04',NULL,0),(592,'playerVirtual2','playerVirtual2_5297461910',0,'2018-02-16 14:20:04',NULL,0),(593,'playerVirtual8','playerVirtual8_4246147567',0,'2018-02-16 14:21:10',NULL,0),(594,'playerVirtual8','playerVirtual8_6d27bbde04',4,'2018-02-16 14:21:11',NULL,0),(595,'playerVirtual8','playerVirtual8_4246147567',0,'2018-02-16 14:21:11',NULL,0),(596,'playerVirtual16','playerVirtual16_c252c7cb6e',3,'2018-02-16 14:21:23',NULL,0),(597,'playerVirtual1','playerVirtual1_4246147567',1,'2018-02-16 14:25:19',NULL,0),(598,'playerVirtual1','playerVirtual1_77bf2425d1',3,'2018-02-16 14:25:20',NULL,0),(599,'playerVirtual1','playerVirtual1_4246147567',1,'2018-02-16 14:25:20',NULL,0),(600,'playerVirtual11','playerVirtual11_4246147567',0,'2018-02-16 14:25:48',NULL,0),(601,'playerVirtual11','playerVirtual11_ffa31a08aa',4,'2018-02-16 14:25:48',NULL,0),(602,'playerVirtual11','playerVirtual11_4246147567',0,'2018-02-16 14:25:48',NULL,0),(603,'playerVirtual17','playerVirtual17_87395a4035',4,'2018-02-16 14:28:03',NULL,0),(604,'playerVirtual3','playerVirtual3_4246147567',0,'2018-02-16 14:33:52',NULL,0),(605,'playerVirtual3','playerVirtual3_1cc2eddc9e',4,'2018-02-16 14:33:52',NULL,0),(606,'playerVirtual3','playerVirtual3_4246147567',0,'2018-02-16 14:33:52',NULL,0),(607,'playerVirtual8','playerVirtual8_ff9c1949b6',3,'2018-02-16 14:35:10',NULL,0),(608,'playerVirtual13','playerVirtual13_4246147567',1,'2018-02-16 14:35:46',NULL,0),(609,'playerVirtual13','playerVirtual13_3f474793e4',4,'2018-02-16 14:35:46',NULL,0),(610,'playerVirtual13','playerVirtual13_4246147567',1,'2018-02-16 14:35:47',NULL,0),(611,'playerVirtual2','playerVirtual2_359920779',1,'2018-02-16 14:37:30',NULL,0),(612,'playerVirtual2','playerVirtual2_d086d1efe1',3,'2018-02-16 14:37:31',NULL,0),(613,'playerVirtual2','playerVirtual2_359920779',1,'2018-02-16 14:37:31',NULL,0),(614,'playerVirtual19','playerVirtual19_b7a15b613e',4,'2018-02-16 14:39:56',NULL,0),(615,'playerVirtual16','playerVirtual16_359920779',0,'2018-02-16 14:41:55',NULL,0),(616,'playerVirtual16','playerVirtual16_359920779',0,'2018-02-16 14:41:56',NULL,0),(617,'playerVirtual18','playerVirtual18_4246147567',0,'2018-02-16 14:42:03',NULL,0),(618,'playerVirtual18','playerVirtual18_60c94615db',4,'2018-02-16 14:42:03',NULL,0),(619,'playerVirtual18','playerVirtual18_4246147567',0,'2018-02-16 14:42:03',NULL,0),(620,'playerVirtual16','playerVirtual16_890e1d3a47',4,'2018-02-16 14:42:55',NULL,0),(621,'playerVirtual11','playerVirtual11_4246147567',1,'2018-02-16 14:45:19',NULL,0),(622,'playerVirtual11','playerVirtual11_f9f6e52a02',3,'2018-02-16 14:45:19',NULL,0),(623,'playerVirtual11','playerVirtual11_4246147567',1,'2018-02-16 14:45:19',NULL,0),(624,'playerVirtual17','playerVirtual17_6390664602',0,'2018-02-16 14:46:55',NULL,0),(625,'playerVirtual17','playerVirtual17_6390664602',0,'2018-02-16 14:46:55',NULL,0),(626,'playerVirtual17','playerVirtual17_efbfc4d5e9',3,'2018-02-16 14:47:57',NULL,0),(627,'playerVirtual3','playerVirtual3_4246147567',1,'2018-02-16 14:49:04',NULL,0),(628,'playerVirtual3','playerVirtual3_8859767c24',3,'2018-02-16 14:49:04',NULL,0),(629,'playerVirtual3','playerVirtual3_4246147567',1,'2018-02-16 14:49:05',NULL,0),(630,'playerVirtual19','playerVirtual19_025fa46410',3,'2018-02-16 14:50:09',NULL,0),(631,'playerVirtual13','playerVirtual13_6391374318',0,'2018-02-16 14:54:11',NULL,0),(632,'playerVirtual13','playerVirtual13_6391374318',0,'2018-02-16 14:54:14',NULL,0),(633,'playerVirtual13','playerVirtual13_6db22ca9ec',3,'2018-02-16 14:55:09',NULL,0);
/*!40000 ALTER TABLE `REQUEST` ENABLE KEYS */;
UNLOCK TABLES;

--
-- Table structure for table `STATUS`
--

DROP TABLE IF EXISTS `STATUS`;
/*!40101 SET @saved_cs_client     = @@character_set_client */;
/*!40101 SET character_set_client = utf8 */;
CREATE TABLE `STATUS` (
  `id` int(11) NOT NULL AUTO_INCREMENT,
  `players` int(11) DEFAULT '0',
  `all_requests` int(11) DEFAULT '0',
  `accepts` int(11) DEFAULT '0',
  `rejects` int(11) DEFAULT '0',
  `fairness` float DEFAULT '0',
  `timestamp` timestamp NULL DEFAULT NULL,
  PRIMARY KEY (`id`)
) ENGINE=InnoDB AUTO_INCREMENT=52 DEFAULT CHARSET=utf8;
/*!40101 SET character_set_client = @saved_cs_client */;

--
-- Dumping data for table `STATUS`
--

LOCK TABLES `STATUS` WRITE;
/*!40000 ALTER TABLE `STATUS` DISABLE KEYS */;
INSERT INTO `STATUS` VALUES (1,0,0,0,0,0,'2018-02-16 10:46:19'),(2,20,20,12,8,0.6,'2018-02-16 10:51:20'),(3,20,50,33,17,0.66,'2018-02-16 10:56:20'),(4,20,56,38,18,0.678571,'2018-02-16 11:01:20'),(5,20,68,44,24,0.647059,'2018-02-16 11:06:20'),(6,20,74,46,28,0.621622,'2018-02-16 11:11:20'),(7,20,78,49,29,0.628205,'2018-02-16 11:16:20'),(8,20,80,51,29,0.6375,'2018-02-16 11:21:20'),(9,20,83,51,32,0.614458,'2018-02-16 11:26:20'),(10,20,87,54,33,0.62069,'2018-02-16 11:31:20'),(11,20,88,55,33,0.625,'2018-02-16 11:36:20'),(12,20,91,57,34,0.626374,'2018-02-16 11:41:21'),(13,20,96,60,36,0.625,'2018-02-16 11:46:21'),(14,20,98,61,37,0.622449,'2018-02-16 11:51:21'),(15,20,100,63,37,0.63,'2018-02-16 11:56:21'),(16,20,100,63,37,0.63,'2018-02-16 12:01:21'),(17,20,103,66,37,0.640777,'2018-02-16 12:06:21'),(18,20,103,66,37,0.640777,'2018-02-16 12:11:21'),(19,20,107,68,39,0.635514,'2018-02-16 12:16:22'),(20,20,108,68,40,0.62963,'2018-02-16 12:21:22'),(21,20,109,69,40,0.633027,'2018-02-16 12:26:22'),(22,20,111,70,41,0.630631,'2018-02-16 12:31:22'),(23,20,113,72,41,0.637168,'2018-02-16 12:36:22'),(24,20,114,73,41,0.640351,'2018-02-16 12:41:22'),(25,20,117,75,42,0.641026,'2018-02-16 12:46:22'),(26,20,121,77,44,0.636364,'2018-02-16 12:51:22'),(27,20,122,78,44,0.639344,'2018-02-16 12:56:23'),(28,20,123,78,45,0.634146,'2018-02-16 13:01:23'),(29,20,125,80,45,0.64,'2018-02-16 13:06:23'),(30,20,125,80,45,0.64,'2018-02-16 13:11:23'),(31,20,126,81,45,0.642857,'2018-02-16 13:16:23'),(32,20,127,82,45,0.645669,'2018-02-16 13:21:23'),(33,20,129,84,45,0.651163,'2018-02-16 13:26:23'),(34,20,130,86,44,0.661538,'2018-02-16 13:31:24'),(35,20,130,86,44,0.661538,'2018-02-16 13:36:24'),(36,20,132,87,45,0.659091,'2018-02-16 13:41:24'),(37,20,134,88,46,0.656716,'2018-02-16 13:46:24'),(38,20,134,88,46,0.656716,'2018-02-16 13:51:24'),(39,20,135,89,46,0.659259,'2018-02-16 13:56:24'),(40,20,137,89,48,0.649635,'2018-02-16 14:01:24'),(41,20,138,90,48,0.652174,'2018-02-16 14:06:24'),(42,20,139,91,48,0.654676,'2018-02-16 14:11:24'),(43,20,139,91,48,0.654676,'2018-02-16 14:16:25'),(44,20,142,93,49,0.65493,'2018-02-16 14:21:25'),(45,20,143,94,49,0.657343,'2018-02-16 14:26:25'),(46,20,143,94,49,0.657343,'2018-02-16 14:31:25'),(47,20,144,95,49,0.659722,'2018-02-16 14:36:25'),(48,20,144,95,49,0.659722,'2018-02-16 14:41:25'),(49,20,146,96,50,0.657534,'2018-02-16 14:46:25'),(50,20,147,96,51,0.653061,'2018-02-16 14:51:26'),(51,20,148,97,51,0.655405,'2018-02-16 14:56:26');
/*!40000 ALTER TABLE `STATUS` ENABLE KEYS */;
UNLOCK TABLES;

--
-- Table structure for table `THRESHOLD`
--

DROP TABLE IF EXISTS `THRESHOLD`;
/*!40101 SET @saved_cs_client     = @@character_set_client */;
/*!40101 SET character_set_client = utf8 */;
CREATE TABLE `THRESHOLD` (
  `division` int(11) NOT NULL,
  `botton` float DEFAULT '0',
  `top` float DEFAULT '0',
  PRIMARY KEY (`division`)
) ENGINE=InnoDB DEFAULT CHARSET=utf8;
/*!40101 SET character_set_client = @saved_cs_client */;

--
-- Dumping data for table `THRESHOLD`
--

LOCK TABLES `THRESHOLD` WRITE;
/*!40000 ALTER TABLE `THRESHOLD` DISABLE KEYS */;
INSERT INTO `THRESHOLD` VALUES (1,8.76,20),(2,4.38,8.76),(3,0,4.38);
/*!40000 ALTER TABLE `THRESHOLD` ENABLE KEYS */;
UNLOCK TABLES;

--
-- Table structure for table `VM`
--

DROP TABLE IF EXISTS `VM`;
/*!40101 SET @saved_cs_client     = @@character_set_client */;
/*!40101 SET character_set_client = utf8 */;
CREATE TABLE `VM` (
  `id` int(11) NOT NULL AUTO_INCREMENT,
  `origin_add` varchar(45) NOT NULL,
  `origin_id` varchar(45) NOT NULL,
  `origin_name` varchar(45) NOT NULL,
  `destiny_add` varchar(45) NOT NULL,
  `destiny_name` varchar(45) NOT NULL,
  `destiny_id` varchar(45) NOT NULL,
  `status` tinyint(1) NOT NULL,
  `vcpus` int(11) NOT NULL,
  `mem` bigint(20) NOT NULL,
  `disk` bigint(20) NOT NULL,
  `timestamp_received` timestamp NULL DEFAULT NULL,
  `timestamp_finished` timestamp NULL DEFAULT NULL,
  PRIMARY KEY (`id`)
) ENGINE=InnoDB AUTO_INCREMENT=149 DEFAULT CHARSET=utf8;
/*!40101 SET character_set_client = @saved_cs_client */;

--
-- Dumping data for table `VM`
--

LOCK TABLES `VM` WRITE;
/*!40000 ALTER TABLE `VM` DISABLE KEYS */;
INSERT INTO `VM` VALUES (1,'192.168.0.200','playerVirtual1_450512000','playerVirtual1','192.168.0.200','playerVirtual11','playerVirtual11_1c2f54ef4c',1,1,2048,20,'2018-02-16 10:48:33',NULL),(2,'192.168.0.200','playerVirtual11_1438244924','playerVirtual11','192.168.0.200','playerVirtual1','playerVirtual1_f400ec71d1',3,1,2048,20,'2018-02-16 10:48:35','2018-02-16 11:14:19'),(3,'192.168.0.200','playerVirtual4_640692267','playerVirtual4','192.168.0.200','playerVirtual8','playerVirtual8_f2f70cf284',1,1,512,1,'2018-02-16 10:48:38',NULL),(4,'192.168.0.200','playerVirtual8_2381571381','playerVirtual8','192.168.0.200','playerVirtual4','playerVirtual8_2381571381',0,1,2048,20,'2018-02-16 10:48:40','2018-02-16 10:48:40'),(5,'192.168.0.200','playerVirtual2_5297461910','playerVirtual2','192.168.0.200','playerVirtual13','playerVirtual13_75a46deb49',3,1,512,1,'2018-02-16 10:48:41','2018-02-16 11:37:19'),(6,'192.168.0.200','playerVirtual13_2790332778','playerVirtual13','192.168.0.200','playerVirtual2','playerVirtual2_169db42858',1,2,4096,40,'2018-02-16 10:48:44',NULL),(7,'192.168.0.200','playerVirtual3_369721705','playerVirtual3','192.168.0.200','playerVirtual6','playerVirtual6_b8f4c76a67',1,2,4096,40,'2018-02-16 10:48:45',NULL),(8,'192.168.0.200','playerVirtual6_317469422','playerVirtual6','192.168.0.200','playerVirtual3','playerVirtual6_317469422',0,2,4096,40,'2018-02-16 10:48:46','2018-02-16 10:48:46'),(9,'192.168.0.200','playerVirtual15_6955737','playerVirtual15','192.168.0.200','playerVirtual17','playerVirtual17_65f7803ca3',2,1,2048,20,'2018-02-16 10:48:46','2018-02-16 11:07:51'),(10,'192.168.0.200','playerVirtual17_257338104','playerVirtual17','192.168.0.200','playerVirtual15','playerVirtual17_257338104',0,2,4096,40,'2018-02-16 10:48:47','2018-02-16 10:48:47'),(11,'192.168.0.200','playerVirtual19_3584940347','playerVirtual19','192.168.0.200','playerVirtual5','playerVirtual19_3584940347',0,1,512,1,'2018-02-16 10:48:47','2018-02-16 10:48:47'),(12,'192.168.0.200','playerVirtual5_2433236783','playerVirtual5','192.168.0.200','playerVirtual19','playerVirtual19_888f29bd86',1,1,2048,20,'2018-02-16 10:48:47',NULL),(13,'192.168.0.200','playerVirtual9_3338579772','playerVirtual9','192.168.0.200','playerVirtual7','playerVirtual7_66dc6f879c',3,1,2048,20,'2018-02-16 10:48:48','2018-02-16 11:10:01'),(14,'192.168.0.200','playerVirtual7_257407216','playerVirtual7','192.168.0.200','playerVirtual9','playerVirtual9_aa9fb618c3',1,2,4096,40,'2018-02-16 10:48:49',NULL),(15,'192.168.0.200','playerVirtual14_182859403','playerVirtual14','192.168.0.200','playerVirtual12','playerVirtual14_182859403',0,1,512,1,'2018-02-16 10:48:58','2018-02-16 10:48:58'),(16,'192.168.0.200','playerVirtual12_2359368952','playerVirtual12','192.168.0.200','playerVirtual14','playerVirtual12_2359368952',0,1,512,1,'2018-02-16 10:49:00','2018-02-16 10:49:00'),(17,'192.168.0.200','playerVirtual0_16917741','playerVirtual0','192.168.0.200','playerVirtual16','playerVirtual16_9a07f4bdaf',2,1,512,1,'2018-02-16 10:49:04','2018-02-16 12:49:53'),(18,'192.168.0.200','playerVirtual16_2545640208','playerVirtual16','192.168.0.200','playerVirtual0','playerVirtual16_2545640208',0,1,2048,20,'2018-02-16 10:49:13','2018-02-16 10:49:13'),(19,'192.168.0.200','playerVirtual18_908315','playerVirtual18','192.168.0.200','playerVirtual10','playerVirtual18_908315',0,1,2048,20,'2018-02-16 10:49:14','2018-02-16 10:49:14'),(20,'192.168.0.200','playerVirtual10_539194189','playerVirtual10','192.168.0.200','playerVirtual18','playerVirtual18_e87122c7b1',2,1,2048,20,'2018-02-16 10:49:22','2018-02-16 11:28:41'),(21,'192.168.0.200','playerVirtual1_4820204870','playerVirtual1','192.168.0.200','playerVirtual11','playerVirtual11_c7cd587dbb',3,2,4096,40,'2018-02-16 10:51:58','2018-02-16 11:05:21'),(22,'192.168.0.200','playerVirtual11_8058564','playerVirtual11','192.168.0.200','playerVirtual1','playerVirtual1_3b82408312',1,1,2048,20,'2018-02-16 10:52:48',NULL),(23,'192.168.0.200','playerVirtual4_1429160667','playerVirtual4','192.168.0.200','playerVirtual8','playerVirtual8_bac11dc6f8',1,1,2048,20,'2018-02-16 10:52:50',NULL),(24,'192.168.0.200','playerVirtual8_3338010893','playerVirtual8','192.168.0.200','playerVirtual4','playerVirtual8_3338010893',0,1,512,1,'2018-02-16 10:52:52','2018-02-16 10:52:52'),(25,'192.168.0.200','playerVirtual2_82730999','playerVirtual2','192.168.0.200','playerVirtual13','playerVirtual13_28e082766c',3,1,512,1,'2018-02-16 10:52:55','2018-02-16 12:34:20'),(26,'192.168.0.200','playerVirtual3_6571218','playerVirtual3','192.168.0.200','playerVirtual2','playerVirtual2_85f3128b47',1,1,2048,20,'2018-02-16 10:52:58',NULL),(27,'192.168.0.200','playerVirtual13_351652724','playerVirtual13','192.168.0.200','playerVirtual3','playerVirtual3_5d45df9e32',1,1,2048,20,'2018-02-16 10:52:58',NULL),(28,'192.168.0.200','playerVirtual6_778566023','playerVirtual6','192.168.0.200','playerVirtual17','playerVirtual17_3bb0e186ea',1,1,512,1,'2018-02-16 10:53:00',NULL),(29,'192.168.0.200','playerVirtual15_1436344784','playerVirtual15','192.168.0.200','playerVirtual6','playerVirtual6_9cdbf14ea0',2,1,2048,20,'2018-02-16 10:53:05','2018-02-16 11:18:19'),(30,'192.168.0.200','playerVirtual17_1339662','playerVirtual17','192.168.0.200','playerVirtual15','playerVirtual17_1339662',0,1,2048,20,'2018-02-16 10:53:06','2018-02-16 10:53:06'),(31,'192.168.0.200','playerVirtual19_317497342','playerVirtual19','192.168.0.200','playerVirtual5','playerVirtual19_317497342',0,1,512,1,'2018-02-16 10:53:08','2018-02-16 10:53:08'),(32,'192.168.0.200','playerVirtual9_359920779','playerVirtual9','192.168.0.200','playerVirtual19','playerVirtual19_6d45e44cc1',2,1,512,1,'2018-02-16 10:53:10','2018-02-16 11:55:45'),(33,'192.168.0.200','playerVirtual5_284794223','playerVirtual5','192.168.0.200','playerVirtual7','playerVirtual7_27ad766010',1,1,2048,20,'2018-02-16 10:53:10',NULL),(34,'192.168.0.200','playerVirtual7_904011','playerVirtual7','192.168.0.200','playerVirtual9','playerVirtual9_e8fc779713',2,1,2048,20,'2018-02-16 10:53:11','2018-02-16 11:31:49'),(35,'192.168.0.200','playerVirtual12_257338074','playerVirtual12','192.168.0.200','playerVirtual14','playerVirtual12_257338074',0,2,4096,40,'2018-02-16 10:53:11','2018-02-16 10:53:11'),(36,'192.168.0.200','playerVirtual14_2904109077','playerVirtual14','192.168.0.200','playerVirtual12','playerVirtual14_2904109077',0,1,512,1,'2018-02-16 10:53:11','2018-02-16 10:53:11'),(37,'192.168.0.200','playerVirtual0_905614','playerVirtual0','192.168.0.200','playerVirtual16','playerVirtual16_571da68dd5',1,1,2048,20,'2018-02-16 10:53:12',NULL),(38,'192.168.0.200','playerVirtual16_1093460','playerVirtual16','192.168.0.200','playerVirtual0','playerVirtual16_1093460',0,1,512,1,'2018-02-16 10:53:12','2018-02-16 10:53:12'),(39,'192.168.0.200','playerVirtual18_6569547','playerVirtual18','192.168.0.200','playerVirtual10','playerVirtual18_6569547',0,1,2048,20,'2018-02-16 10:53:13','2018-02-16 10:53:13'),(40,'192.168.0.200','playerVirtual10_470485660','playerVirtual10','192.168.0.200','playerVirtual18','playerVirtual18_51b8ff12a9',1,2,4096,40,'2018-02-16 10:53:14',NULL),(41,'192.168.0.200','playerVirtual1_30788568','playerVirtual1','192.168.0.200','playerVirtual11','playerVirtual11_43f1a28467',1,1,512,1,'2018-02-16 10:55:13',NULL),(42,'192.168.0.200','playerVirtual11_5792765','playerVirtual11','192.168.0.200','playerVirtual1','playerVirtual1_2cda88c306',3,1,512,1,'2018-02-16 10:55:16','2018-02-16 13:08:47'),(43,'192.168.0.200','playerVirtual4_38671842','playerVirtual4','192.168.0.200','playerVirtual8','playerVirtual8_b590c4960d',1,1,512,1,'2018-02-16 10:55:27',NULL),(44,'192.168.0.200','playerVirtual8_400453824','playerVirtual8','192.168.0.200','playerVirtual4','playerVirtual8_400453824',0,1,512,1,'2018-02-16 10:55:28','2018-02-16 10:55:28'),(45,'192.168.0.200','playerVirtual2_4820318661','playerVirtual2','192.168.0.200','playerVirtual13','playerVirtual13_0bac219435',3,2,4096,40,'2018-02-16 10:55:37','2018-02-16 13:55:43'),(46,'192.168.0.200','playerVirtual3_4819935267','playerVirtual3','192.168.0.200','playerVirtual2','playerVirtual2_336b394bf4',1,2,4096,40,'2018-02-16 10:55:42',NULL),(47,'192.168.0.200','playerVirtual13_4820217293','playerVirtual13','192.168.0.200','playerVirtual3','playerVirtual3_d03d990972',1,2,4096,40,'2018-02-16 10:55:44',NULL),(48,'192.168.0.200','playerVirtual6_6264344062','playerVirtual6','192.168.0.200','playerVirtual17','playerVirtual17_755ae8355c',3,1,512,1,'2018-02-16 10:55:46','2018-02-16 11:17:26'),(49,'192.168.0.200','playerVirtual15_2378747961','playerVirtual15','192.168.0.200','playerVirtual6','playerVirtual6_f4b3960a3e',2,1,512,1,'2018-02-16 10:55:56','2018-02-16 11:15:12'),(50,'192.168.0.200','playerVirtual17_5068098508','playerVirtual17','192.168.0.200','playerVirtual15','playerVirtual17_5068098508',0,1,2048,20,'2018-02-16 10:56:01','2018-02-16 10:56:01'),(51,'192.168.0.200','playerVirtual19_227443932','playerVirtual19','192.168.0.200','playerVirtual7','playerVirtual19_227443932',0,1,2048,20,'2018-02-16 10:57:16','2018-02-16 10:57:16'),(52,'192.168.0.200','playerVirtual9_1095593','playerVirtual9','192.168.0.200','playerVirtual19','playerVirtual19_301206e186',3,1,512,1,'2018-02-16 10:57:18','2018-02-16 11:17:34'),(53,'192.168.0.200','playerVirtual7_563574327','playerVirtual7','192.168.0.200','playerVirtual9','playerVirtual9_ce7b516491',1,1,2048,20,'2018-02-16 10:57:32',NULL),(54,'192.168.0.200','playerVirtual16_5623125514','playerVirtual16','192.168.0.200','playerVirtual18','playerVirtual18_3125dc16ea',1,1,2048,20,'2018-02-16 10:57:58',NULL),(55,'192.168.0.200','playerVirtual18_284757920','playerVirtual18','192.168.0.200','playerVirtual16','playerVirtual16_7fc5202aed',1,1,2048,20,'2018-02-16 10:58:01',NULL),(56,'192.168.0.200','playerVirtual1_6274355716','playerVirtual1','192.168.0.200','playerVirtual11','playerVirtual11_52f31e327b',3,1,512,1,'2018-02-16 11:00:49','2018-02-16 11:20:12'),(57,'192.168.0.200','playerVirtual11_38676294','playerVirtual11','192.168.0.200','playerVirtual1','playerVirtual1_98971501ad',1,1,512,1,'2018-02-16 11:01:41',NULL),(58,'192.168.0.200','playerVirtual8_4820204870','playerVirtual8','192.168.0.200','playerVirtual2','playerVirtual8_4820204870',0,2,4096,40,'2018-02-16 11:03:01','2018-02-16 11:03:01'),(59,'192.168.0.200','playerVirtual2_990694203','playerVirtual2','192.168.0.200','playerVirtual8','playerVirtual8_dd0d2804ff',3,1,2048,20,'2018-02-16 11:03:22','2018-02-16 13:05:15'),(60,'192.168.0.200','playerVirtual3_990694203','playerVirtual3','192.168.0.200','playerVirtual17','playerVirtual17_afedfcd3aa',3,1,2048,20,'2018-02-16 11:03:37','2018-02-16 13:30:21'),(61,'192.168.0.200','playerVirtual13_6280638724','playerVirtual13','192.168.0.200','playerVirtual3','playerVirtual3_b4ab6f650b',1,1,512,1,'2018-02-16 11:03:46',NULL),(62,'192.168.0.200','playerVirtual6_6280643141','playerVirtual6','192.168.0.200','playerVirtual7','playerVirtual6_6280643141',0,1,512,1,'2018-02-16 11:03:47','2018-02-16 11:03:47'),(63,'192.168.0.200','playerVirtual17_272887063','playerVirtual17','192.168.0.200','playerVirtual6','playerVirtual17_272887063',0,1,2048,20,'2018-02-16 11:04:07','2018-02-16 11:04:07'),(64,'192.168.0.200','playerVirtual19_2359368952','playerVirtual19','192.168.0.200','playerVirtual9','playerVirtual19_2359368952',0,1,512,1,'2018-02-16 11:04:11','2018-02-16 11:04:11'),(65,'192.168.0.200','playerVirtual9_1436323714','playerVirtual9','192.168.0.200','playerVirtual19','playerVirtual19_6f9a946f96',1,1,2048,20,'2018-02-16 11:04:24',NULL),(66,'192.168.0.200','playerVirtual7_214880781','playerVirtual7','192.168.0.200','playerVirtual18','playerVirtual18_118580d141',1,1,2048,20,'2018-02-16 11:04:37',NULL),(67,'192.168.0.200','playerVirtual16_16914091','playerVirtual16','192.168.0.200','playerVirtual1','playerVirtual16_16914091',0,1,2048,20,'2018-02-16 11:04:42','2018-02-16 11:04:42'),(68,'192.168.0.200','playerVirtual18_182859403','playerVirtual18','192.168.0.200','playerVirtual16','playerVirtual16_aa56ef710c',3,1,512,1,'2018-02-16 11:04:56','2018-02-16 11:22:06'),(69,'192.168.0.200','playerVirtual11_6285257156','playerVirtual11','192.168.0.200','playerVirtual13','playerVirtual13_b8e3cda603',1,1,512,1,'2018-02-16 11:07:08',NULL),(70,'192.168.0.200','playerVirtual8_1438244924','playerVirtual8','192.168.0.200','playerVirtual2','playerVirtual8_1438244924',0,1,2048,20,'2018-02-16 11:08:06','2018-02-16 11:08:06'),(71,'192.168.0.200','playerVirtual13_6289355687','playerVirtual13','192.168.0.200','playerVirtual11','playerVirtual11_6166aaf255',1,1,512,1,'2018-02-16 11:09:08',NULL),(72,'192.168.0.200','playerVirtual6_1438244924','playerVirtual6','192.168.0.200','playerVirtual8','playerVirtual6_1438244924',0,1,2048,20,'2018-02-16 11:09:14','2018-02-16 11:09:14'),(73,'192.168.0.200','playerVirtual17_6289704471','playerVirtual17','192.168.0.200','playerVirtual3','playerVirtual17_6289704471',0,1,512,1,'2018-02-16 11:09:33','2018-02-16 11:09:33'),(74,'192.168.0.200','playerVirtual19_1436344784','playerVirtual19','192.168.0.200','playerVirtual17','playerVirtual17_871793d7b2',3,1,2048,20,'2018-02-16 11:11:04','2018-02-16 11:56:14'),(75,'192.168.0.200','playerVirtual7_990694203','playerVirtual7','192.168.0.200','playerVirtual6','playerVirtual6_1c4525b5af',2,1,2048,20,'2018-02-16 11:12:06','2018-02-16 11:19:24'),(76,'192.168.0.200','playerVirtual1_794070039','playerVirtual1','192.168.0.200','playerVirtual7','playerVirtual7_3aaaa58a73',3,1,512,1,'2018-02-16 11:13:46','2018-02-16 13:46:38'),(77,'192.168.0.200','playerVirtual16_6296268057','playerVirtual16','192.168.0.200','playerVirtual9','playerVirtual16_6296268057',0,1,512,1,'2018-02-16 11:13:52','2018-02-16 11:13:52'),(78,'192.168.0.200','playerVirtual18_6296865278','playerVirtual18','192.168.0.200','playerVirtual19','playerVirtual19_688eebb8df',1,1,512,1,'2018-02-16 11:14:11',NULL),(79,'192.168.0.200','playerVirtual2_182859403','playerVirtual2','192.168.0.200','playerVirtual18','playerVirtual18_ce15fe224d',3,1,512,1,'2018-02-16 11:19:32','2018-02-16 11:22:14'),(80,'192.168.0.200','playerVirtual3_6264344062','playerVirtual3','192.168.0.200','playerVirtual1','playerVirtual1_060186e5be',1,1,2048,20,'2018-02-16 11:20:27',NULL),(81,'192.168.0.200','playerVirtual13_6289704471','playerVirtual13','192.168.0.200','playerVirtual16','playerVirtual16_60ea1b24ed',3,1,2048,20,'2018-02-16 11:23:48','2018-02-16 11:30:18'),(82,'192.168.0.200','playerVirtual19_1095593','playerVirtual19','192.168.0.200','playerVirtual2','playerVirtual19_1095593',0,1,512,1,'2018-02-16 11:24:24','2018-02-16 11:24:24'),(83,'192.168.0.200','playerVirtual16_539194189','playerVirtual16','192.168.0.200','playerVirtual8','playerVirtual16_539194189',0,1,2048,20,'2018-02-16 11:25:42','2018-02-16 11:25:42'),(84,'192.168.0.200','playerVirtual11_908315','playerVirtual11','192.168.0.200','playerVirtual13','playerVirtual13_263bd8055a',1,1,2048,20,'2018-02-16 11:27:04',NULL),(85,'192.168.0.200','playerVirtual3_4246147567','playerVirtual3','192.168.0.200','playerVirtual17','playerVirtual17_6579124866',3,2,4096,40,'2018-02-16 11:28:56','2018-02-16 14:49:05'),(86,'192.168.0.200','playerVirtual9_4246147567','playerVirtual9','192.168.0.200','playerVirtual3','playerVirtual3_a08044382e',3,2,4096,40,'2018-02-16 11:30:53','2018-02-16 11:39:29'),(87,'192.168.0.200','playerVirtual6_6289704471','playerVirtual6','192.168.0.200','playerVirtual9','playerVirtual6_6289704471',0,1,2048,20,'2018-02-16 11:31:05','2018-02-16 11:31:05'),(88,'192.168.0.200','playerVirtual1_4246147567','playerVirtual1','192.168.0.200','playerVirtual6','playerVirtual6_96b68b30d0',3,2,4096,40,'2018-02-16 11:36:06','2018-02-16 14:25:20'),(89,'192.168.0.200','playerVirtual8_6315250734','playerVirtual8','192.168.0.200','playerVirtual19','playerVirtual19_ab45ebeb2f',1,1,512,1,'2018-02-16 11:37:16',NULL),(90,'192.168.0.200','playerVirtual11_990694203','playerVirtual11','192.168.0.200','playerVirtual18','playerVirtual18_b77038250d',3,1,2048,20,'2018-02-16 11:37:42','2018-02-16 11:51:28'),(91,'192.168.0.200','playerVirtual16_5068098508','playerVirtual16','192.168.0.200','playerVirtual1','playerVirtual16_5068098508',0,1,2048,20,'2018-02-16 11:37:52','2018-02-16 11:37:52'),(92,'192.168.0.200','playerVirtual6_6322213339','playerVirtual6','192.168.0.200','playerVirtual16','playerVirtual16_3dfc48f43f',1,1,512,1,'2018-02-16 11:41:55',NULL),(93,'192.168.0.200','playerVirtual18_4246147567','playerVirtual18','192.168.0.200','playerVirtual2','playerVirtual18_4246147567',0,2,4096,40,'2018-02-16 11:45:25','2018-02-16 11:45:25'),(94,'192.168.0.200','playerVirtual8_4246147567','playerVirtual8','192.168.0.200','playerVirtual17','playerVirtual17_ef3db3d0a2',3,2,4096,40,'2018-02-16 11:45:35','2018-02-16 12:31:43'),(95,'192.168.0.200','playerVirtual17_4246147567','playerVirtual17','192.168.0.200','playerVirtual8','playerVirtual17_4246147567',0,2,4096,40,'2018-02-16 11:45:55','2018-02-16 11:45:55'),(96,'192.168.0.200','playerVirtual2_359920779','playerVirtual2','192.168.0.200','playerVirtual3','playerVirtual3_733a3ebb25',3,1,512,1,'2018-02-16 11:45:56','2018-02-16 14:37:31'),(97,'192.168.0.200','playerVirtual13_4246147567','playerVirtual13','192.168.0.200','playerVirtual11','playerVirtual11_1798c15324',3,2,4096,40,'2018-02-16 11:47:39','2018-02-16 14:35:47'),(98,'192.168.0.200','playerVirtual19_1095593','playerVirtual19','192.168.0.200','playerVirtual13','playerVirtual19_1095593',0,1,512,1,'2018-02-16 11:48:51','2018-02-16 11:48:51'),(99,'192.168.0.200','playerVirtual16_4246147567','playerVirtual16','192.168.0.200','playerVirtual18','playerVirtual18_c93b5038ba',3,2,4096,40,'2018-02-16 11:51:56','2018-02-16 12:04:08'),(100,'192.168.0.200','playerVirtual3_4246147567','playerVirtual3','192.168.0.200','playerVirtual19','playerVirtual19_4ef32f932e',3,2,4096,40,'2018-02-16 11:55:27','2018-02-16 14:49:05'),(101,'192.168.0.200','playerVirtual1_4246147567','playerVirtual1','192.168.0.200','playerVirtual16','playerVirtual16_87de67fda5',3,2,4096,40,'2018-02-16 12:02:03','2018-02-16 14:25:20'),(102,'192.168.0.200','playerVirtual2_4246147567','playerVirtual2','192.168.0.200','playerVirtual1','playerVirtual1_3d11ce4c3f',3,2,4096,40,'2018-02-16 12:04:08','2018-02-16 13:40:21'),(103,'192.168.0.200','playerVirtual11_4246147567','playerVirtual11','192.168.0.200','playerVirtual2','playerVirtual2_94f35f7cf9',3,2,4096,40,'2018-02-16 12:05:11','2018-02-16 14:45:19'),(104,'192.168.0.200','playerVirtual17_4246147567','playerVirtual17','192.168.0.200','playerVirtual8','playerVirtual17_4246147567',0,2,4096,40,'2018-02-16 12:13:33','2018-02-16 12:13:33'),(105,'192.168.0.200','playerVirtual18_6344084916','playerVirtual18','192.168.0.200','playerVirtual1','playerVirtual18_6344084916',0,1,512,1,'2018-02-16 12:14:01','2018-02-16 12:14:01'),(106,'192.168.0.200','playerVirtual8_4246147567','playerVirtual8','192.168.0.200','playerVirtual18','playerVirtual18_155938ec85',3,2,4096,40,'2018-02-16 12:15:02','2018-02-16 12:31:43'),(107,'192.168.0.200','playerVirtual13_4246147567','playerVirtual13','192.168.0.200','playerVirtual17','playerVirtual17_b12e4db266',3,2,4096,40,'2018-02-16 12:15:35','2018-02-16 14:35:47'),(108,'192.168.0.200','playerVirtual19_4246147567','playerVirtual19','192.168.0.200','playerVirtual3','playerVirtual19_4246147567',0,2,4096,40,'2018-02-16 12:16:38','2018-02-16 12:16:38'),(109,'192.168.0.200','playerVirtual3_82730999','playerVirtual3','192.168.0.200','playerVirtual11','playerVirtual11_b81c86a7bf',1,1,512,1,'2018-02-16 12:24:43',NULL),(110,'192.168.0.200','playerVirtual18_6566788','playerVirtual18','192.168.0.200','playerVirtual13','playerVirtual18_6566788',0,1,2048,20,'2018-02-16 12:26:27','2018-02-16 12:26:27'),(111,'192.168.0.200','playerVirtual1_6566788','playerVirtual1','192.168.0.200','playerVirtual2','playerVirtual2_794360685d',3,1,2048,20,'2018-02-16 12:31:03','2018-02-16 12:38:08'),(112,'192.168.0.200','playerVirtual16_16917741','playerVirtual16','192.168.0.200','playerVirtual19','playerVirtual19_1beb2a4e78',3,1,512,1,'2018-02-16 12:33:56','2018-02-16 13:22:52'),(113,'192.168.0.200','playerVirtual11_4820150269','playerVirtual11','192.168.0.200','playerVirtual16','playerVirtual16_a04e339490',3,2,4096,40,'2018-02-16 12:35:59','2018-02-16 12:49:46'),(114,'192.168.0.200','playerVirtual3_4246147567','playerVirtual3','192.168.0.200','playerVirtual8','playerVirtual8_7e0a1e8b36',3,2,4096,40,'2018-02-16 12:40:46','2018-02-16 14:49:05'),(115,'192.168.0.200','playerVirtual2_990694203','playerVirtual2','192.168.0.200','playerVirtual1','playerVirtual1_60733beebc',3,1,2048,20,'2018-02-16 12:44:37','2018-02-16 13:05:15'),(116,'192.168.0.200','playerVirtual13_3338579772','playerVirtual13','192.168.0.200','playerVirtual18','playerVirtual18_c4760b79c6',1,1,2048,20,'2018-02-16 12:45:26',NULL),(117,'192.168.0.200','playerVirtual8_5068098508','playerVirtual8','192.168.0.200','playerVirtual2','playerVirtual8_5068098508',0,1,2048,20,'2018-02-16 12:45:49','2018-02-16 12:45:49'),(118,'192.168.0.200','playerVirtual18_1436344784','playerVirtual18','192.168.0.200','playerVirtual17','playerVirtual17_a16b39820d',1,1,2048,20,'2018-02-16 12:46:39',NULL),(119,'192.168.0.200','playerVirtual19_4246147567','playerVirtual19','192.168.0.200','playerVirtual3','playerVirtual19_4246147567',0,2,4096,40,'2018-02-16 12:47:38','2018-02-16 12:47:38'),(120,'192.168.0.200','playerVirtual16_4246147567','playerVirtual16','192.168.0.200','playerVirtual13','playerVirtual16_4246147567',0,2,4096,40,'2018-02-16 12:49:36','2018-02-16 12:49:36'),(121,'192.168.0.200','playerVirtual17_4246147567','playerVirtual17','192.168.0.200','playerVirtual19','playerVirtual19_14130724de',1,2,4096,40,'2018-02-16 12:49:40',NULL),(122,'192.168.0.200','playerVirtual13_4246147567','playerVirtual13','192.168.0.200','playerVirtual16','playerVirtual16_9b31d5e9de',3,2,4096,40,'2018-02-16 12:54:29','2018-02-16 14:35:47'),(123,'192.168.0.200','playerVirtual18_4246147567','playerVirtual18','192.168.0.200','playerVirtual8','playerVirtual18_4246147567',0,2,4096,40,'2018-02-16 13:01:18','2018-02-16 13:01:18'),(124,'192.168.0.200','playerVirtual1_4246147567','playerVirtual1','192.168.0.200','playerVirtual2','playerVirtual2_df0e363fe3',3,2,4096,40,'2018-02-16 13:03:15','2018-02-16 14:25:20'),(125,'192.168.0.200','playerVirtual8_4246147567','playerVirtual8','192.168.0.200','playerVirtual1','playerVirtual8_4246147567',0,2,4096,40,'2018-02-16 13:05:22','2018-02-16 13:05:22'),(126,'192.168.0.200','playerVirtual3_990694203','playerVirtual3','192.168.0.200','playerVirtual18','playerVirtual18_f4a134e34b',3,1,2048,20,'2018-02-16 13:15:08','2018-02-16 13:30:21'),(127,'192.168.0.200','playerVirtual2_4246147567','playerVirtual2','192.168.0.200','playerVirtual8','playerVirtual8_fe92f746c9',3,2,4096,40,'2018-02-16 13:19:44','2018-02-16 13:40:21'),(128,'192.168.0.200','playerVirtual19_4246147567','playerVirtual19','192.168.0.200','playerVirtual17','playerVirtual17_872054e755',1,2,4096,40,'2018-02-16 13:21:36',NULL),(129,'192.168.0.200','playerVirtual11_4246147567','playerVirtual11','192.168.0.200','playerVirtual3','playerVirtual3_beb77d9564',3,2,4096,40,'2018-02-16 13:25:05','2018-02-16 14:45:19'),(130,'192.168.0.200','playerVirtual13_990694203','playerVirtual13','192.168.0.200','playerVirtual19','playerVirtual19_66163fdde3',3,1,2048,20,'2018-02-16 13:30:38','2018-02-16 13:56:00'),(131,'192.168.0.200','playerVirtual18_2148750930','playerVirtual18','192.168.0.200','playerVirtual13','playerVirtual18_2148750930',0,1,2048,20,'2018-02-16 13:38:01','2018-02-16 13:38:01'),(132,'192.168.0.200','playerVirtual1_904011','playerVirtual1','192.168.0.200','playerVirtual2','playerVirtual2_8787b2e30e',1,1,2048,20,'2018-02-16 13:38:59',NULL),(133,'192.168.0.200','playerVirtual8_4246147567','playerVirtual8','192.168.0.200','playerVirtual1','playerVirtual8_4246147567',0,2,4096,40,'2018-02-16 13:41:38','2018-02-16 13:41:38'),(134,'192.168.0.200','playerVirtual16_4246147567','playerVirtual16','192.168.0.200','playerVirtual18','playerVirtual18_fe7e7a80cb',1,2,4096,40,'2018-02-16 13:42:51',NULL),(135,'192.168.0.200','playerVirtual3_4246147567','playerVirtual3','192.168.0.200','playerVirtual16','playerVirtual16_c38ae821a1',3,2,4096,40,'2018-02-16 13:52:44','2018-02-16 14:49:05'),(136,'192.168.0.200','playerVirtual19_16917741','playerVirtual19','192.168.0.200','playerVirtual8','playerVirtual19_16917741',0,1,512,1,'2018-02-16 13:58:55','2018-02-16 13:58:55'),(137,'192.168.0.200','playerVirtual18_4246147567','playerVirtual18','192.168.0.200','playerVirtual3','playerVirtual18_4246147567',0,2,4096,40,'2018-02-16 14:00:01','2018-02-16 14:00:01'),(138,'192.168.0.200','playerVirtual11_794070039','playerVirtual11','192.168.0.200','playerVirtual17','playerVirtual17_e2ff81457a',1,1,512,1,'2018-02-16 14:03:38',NULL),(139,'192.168.0.200','playerVirtual13_4246147567','playerVirtual13','192.168.0.200','playerVirtual19','playerVirtual19_cb5c07ee5c',3,2,4096,40,'2018-02-16 14:11:23','2018-02-16 14:35:47'),(140,'192.168.0.200','playerVirtual1_4246147567','playerVirtual1','192.168.0.200','playerVirtual13','playerVirtual13_f679bd0df3',3,2,4096,40,'2018-02-16 14:18:41','2018-02-16 14:25:20'),(141,'192.168.0.200','playerVirtual2_5297461910','playerVirtual2','192.168.0.200','playerVirtual1','playerVirtual1_18abe637dd',1,1,512,1,'2018-02-16 14:20:04',NULL),(142,'192.168.0.200','playerVirtual8_4246147567','playerVirtual8','192.168.0.200','playerVirtual2','playerVirtual8_4246147567',0,2,4096,40,'2018-02-16 14:21:11','2018-02-16 14:21:11'),(143,'192.168.0.200','playerVirtual11_4246147567','playerVirtual11','192.168.0.200','playerVirtual18','playerVirtual18_ada6601729',3,2,4096,40,'2018-02-16 14:25:48','2018-02-16 14:45:19'),(144,'192.168.0.200','playerVirtual3_4246147567','playerVirtual3','192.168.0.200','playerVirtual8','playerVirtual8_4a485ab3e8',3,2,4096,40,'2018-02-16 14:33:52','2018-02-16 14:49:05'),(145,'192.168.0.200','playerVirtual16_359920779','playerVirtual16','192.168.0.200','playerVirtual11','playerVirtual16_359920779',0,1,512,1,'2018-02-16 14:41:56','2018-02-16 14:41:56'),(146,'192.168.0.200','playerVirtual18_4246147567','playerVirtual18','192.168.0.200','playerVirtual16','playerVirtual16_4a60a7ccda',1,2,4096,40,'2018-02-16 14:42:04',NULL),(147,'192.168.0.200','playerVirtual17_6390664602','playerVirtual17','192.168.0.200','playerVirtual3','playerVirtual17_6390664602',0,1,512,1,'2018-02-16 14:46:55','2018-02-16 14:46:55'),(148,'192.168.0.200','playerVirtual13_6391374318','playerVirtual13','192.168.0.200','playerVirtual1','playerVirtual1_c097a94cb6',1,1,512,1,'2018-02-16 14:54:14',NULL);
/*!40000 ALTER TABLE `VM` ENABLE KEYS */;
UNLOCK TABLES;
/*!40103 SET TIME_ZONE=@OLD_TIME_ZONE */;

/*!40101 SET SQL_MODE=@OLD_SQL_MODE */;
/*!40014 SET FOREIGN_KEY_CHECKS=@OLD_FOREIGN_KEY_CHECKS */;
/*!40014 SET UNIQUE_CHECKS=@OLD_UNIQUE_CHECKS */;
/*!40101 SET CHARACTER_SET_CLIENT=@OLD_CHARACTER_SET_CLIENT */;
/*!40101 SET CHARACTER_SET_RESULTS=@OLD_CHARACTER_SET_RESULTS */;
/*!40101 SET COLLATION_CONNECTION=@OLD_COLLATION_CONNECTION */;
/*!40111 SET SQL_NOTES=@OLD_SQL_NOTES */;

-- Dump completed on 2018-02-16 12:56:28
