-- MySQL dump 10.14  Distrib 5.5.58-MariaDB, for debian-linux-gnu (x86_64)
--
-- Host: localhost    Database: mct
-- ------------------------------------------------------
-- Server version	5.5.58-MariaDB-1ubuntu0.14.04.1

/*!40101 SET @OLD_CHARACTER_SET_CLIENT=@@CHARACTER_SET_CLIENT */;
/*!40101 SET @OLD_CHARACTER_SET_RESULTS=@@CHARACTER_SET_RESULTS */;
/*!40101 SET @OLD_COLLATION_CONNECTION=@@COLLATION_CONNECTION */;
/*!40101 SET NAMES utf8 */;
/*!40103 SET @OLD_TIME_ZONE=@@TIME_ZONE */;
/*!40103 SET TIME_ZONE='+00:00' */;
/*!40014 SET @OLD_UNIQUE_CHECKS=@@UNIQUE_CHECKS, UNIQUE_CHECKS=0 */;
/*!40014 SET @OLD_FOREIGN_KEY_CHECKS=@@FOREIGN_KEY_CHECKS, FOREIGN_KEY_CHECKS=0 */;
/*!40101 SET @OLD_SQL_MODE=@@SQL_MODE, SQL_MODE='NO_AUTO_VALUE_ON_ZERO' */;
/*!40111 SET @OLD_SQL_NOTES=@@SQL_NOTES, SQL_NOTES=0 */;

--
-- Table structure for table `DIVISION`
--

DROP TABLE IF EXISTS `DIVISION`;
/*!40101 SET @saved_cs_client     = @@character_set_client */;
/*!40101 SET character_set_client = utf8 */;
CREATE TABLE `DIVISION` (
  `division` int(11) NOT NULL,
  `wo` tinyint(1) DEFAULT '0',
  PRIMARY KEY (`division`)
) ENGINE=InnoDB DEFAULT CHARSET=utf8;
/*!40101 SET character_set_client = @saved_cs_client */;

--
-- Dumping data for table `DIVISION`
--

LOCK TABLES `DIVISION` WRITE;
/*!40000 ALTER TABLE `DIVISION` DISABLE KEYS */;
/*!40000 ALTER TABLE `DIVISION` ENABLE KEYS */;
UNLOCK TABLES;

--
-- Table structure for table `FIELDS`
--

DROP TABLE IF EXISTS `FIELDS`;
/*!40101 SET @saved_cs_client     = @@character_set_client */;
/*!40101 SET character_set_client = utf8 */;
CREATE TABLE `FIELDS` (
  `operation` int(11) NOT NULL,
  `fields` varchar(45) NOT NULL,
  PRIMARY KEY (`operation`)
) ENGINE=InnoDB DEFAULT CHARSET=utf8;
/*!40101 SET character_set_client = @saved_cs_client */;

--
-- Dumping data for table `FIELDS`
--

LOCK TABLES `FIELDS` WRITE;
/*!40000 ALTER TABLE `FIELDS` DISABLE KEYS */;
INSERT INTO `FIELDS` VALUES (0,'name mem image vcpus disk uuid');
/*!40000 ALTER TABLE `FIELDS` ENABLE KEYS */;
UNLOCK TABLES;

--
-- Table structure for table `PLAYER`
--

DROP TABLE IF EXISTS `PLAYER`;
/*!40101 SET @saved_cs_client     = @@character_set_client */;
/*!40101 SET character_set_client = utf8 */;
CREATE TABLE `PLAYER` (
  `id` int(11) NOT NULL AUTO_INCREMENT,
  `name` varchar(45) NOT NULL,
  `address` varchar(45) NOT NULL,
  `division` int(11) DEFAULT NULL,
  `score` double DEFAULT '0',
  `history` int(11) DEFAULT '0',
  `fairness` double DEFAULT '0',
  `accepts` int(11) DEFAULT '0',
  `rejects` int(11) DEFAULT '0',
  `running` int(11) DEFAULT '0',
  `finished` int(11) DEFAULT '0',
  `problem_del` int(11) DEFAULT '0',
  `vcpus` int(11) DEFAULT '0',
  `memory` bigint(20) DEFAULT '0',
  `local_gb` bigint(20) DEFAULT '0',
  `vcpus_used` bigint(20) DEFAULT '0',
  `memory_used` bigint(20) DEFAULT '0',
  `local_gb_used` bigint(20) DEFAULT '0',
  `max_instance` int(11) DEFAULT '0',
  `token` varchar(45) DEFAULT NULL,
  `suspend` timestamp NULL DEFAULT NULL,
  `enabled` int(11) DEFAULT '0',
  `last_choice` timestamp NOT NULL DEFAULT '2018-01-01 02:00:00',
  `playoff` tinyint(1) DEFAULT '0',
  `cushion` tinyint(1) DEFAULT '0',
  PRIMARY KEY (`id`)
) ENGINE=InnoDB AUTO_INCREMENT=40 DEFAULT CHARSET=utf8;
/*!40101 SET character_set_client = @saved_cs_client */;

--
-- Dumping data for table `PLAYER`
--

LOCK TABLES `PLAYER` WRITE;
/*!40000 ALTER TABLE `PLAYER` DISABLE KEYS */;
INSERT INTO `PLAYER` VALUES (1,'playerVirtual1','192.168.0.200',1,16.6,30,0.8333,10,0,4,6,0,1023,1047552,10230,4,3584,23,9,'e2a3dfc2da7ef6ab089f0d2b3d139744b1cd51ef',NULL,1,'2018-04-13 20:27:22',0,0),(2,'playerVirtual4','192.168.0.200',1,16.6,30,1,10,0,5,5,0,1023,1047552,10230,6,12288,120,6,'63aac1b201792f732e20424a6c06272d826c6e34',NULL,1,'2018-04-13 21:02:26',0,0),(3,'playerVirtual8','192.168.0.200',4,-0.34,0,0.8571,1,1,0,1,0,1023,1047552,10230,0,0,0,1,'f973afb2734f32e239b33aec1f7f258d2dcdac5d',NULL,0,'2018-04-13 19:02:42',1,0),(4,'playerVirtual2','192.168.0.200',4,-3.02,0,1,4,3,3,1,0,1023,1047552,10230,3,4608,41,4,'ab252c86bd2140f134fda3a2fc8c18b3d4ab1562',NULL,0,'2018-04-13 20:01:06',1,0),(5,'playerVirtual3','192.168.0.200',1,16.6,30,1,10,0,6,4,0,1023,1047552,10230,9,16896,161,6,'2b45ff981c7a93ecd038d0775d5982f42729210a',NULL,1,'2018-04-13 21:20:54',0,0),(6,'playerVirtual6','192.168.0.200',2,6.64,31,0.8333,4,0,1,3,0,1023,1047552,10230,2,4096,40,2,'ca82b2b049f8cb1230912ce7859c22e420b1c382',NULL,1,'2018-04-13 21:00:47',0,0),(7,'playerVirtual5','192.168.0.200',1,14.94,30,0.9091,9,0,5,4,0,1023,1047552,10230,7,11264,102,6,'8ba4b7e7ca6bcda5b8a9db29fdc82df85ef1bc62',NULL,1,'2018-04-13 21:09:45',0,0),(8,'playerVirtual9','192.168.0.200',1,13.28,30,0.9231,8,0,3,5,0,1023,1047552,10230,5,10240,100,5,'758a3fd54c5efbaae9725dc8a1c8f3ebc11b90e4',NULL,1,'2018-04-13 20:32:44',0,0),(9,'playerVirtual7','192.168.0.200',1,14.94,30,1,9,0,6,3,0,1023,1047552,10230,8,13312,122,6,'12764a0b1fe69edc4c853582c7a2317d850e8a5c',NULL,1,'2018-04-13 21:17:06',0,0),(10,'playerVirtual0','192.168.0.200',1,9.96,30,0.9091,6,0,4,2,0,1023,1047552,10230,5,10240,100,4,'88478eea7290b9813d8b281eff9757b221f3598d',NULL,1,'2018-04-13 19:48:58',0,0),(11,'playerVirtual10','192.168.0.200',1,8.94,17,0.8889,12,0,3,9,0,1023,1047552,10230,3,1536,3,99,'e872c4deed68e2675bf632ca35df3aa01486ec39',NULL,1,'2018-04-13 20:30:08',0,0),(12,'playerVirtual11','192.168.0.200',1,11.28,28,0.5,9,0,7,2,0,1023,1047552,10230,8,11776,103,99,'33965b00bed030270bfef5abc06fed85723db9b9',NULL,1,'2018-04-13 21:01:12',0,0),(13,'playerVirtual12','192.168.0.200',3,-1.7,5,0.7143,11,0,5,6,0,1023,1047552,10230,6,9216,82,99,'47ec96edc970f94aaea101e258d934a06ca35d5b',NULL,1,'2018-04-13 21:22:38',1,0),(14,'playerVirtual13','192.168.0.200',1,9.62,26,0.5,8,0,5,3,0,1023,1047552,10230,6,12288,120,99,'57c3f7964623baca143e2586f5ae0555afe7ed3e',NULL,1,'2018-04-13 20:42:57',0,0),(15,'playerVirtual14','192.168.0.200',1,11.62,26,1,7,0,3,4,0,1023,1047552,10230,4,5120,42,99,'a4fa2f924ef3773fb342918338a485162e71d07c',NULL,1,'2018-04-13 21:07:51',0,0),(16,'playerVirtual15','192.168.0.200',4,-0.34,0,0,2,0,1,1,0,1023,1047552,10230,1,2048,20,99,'c48b988032d9229bb57f2f70188e54a8bbe689b4',NULL,0,'2018-04-13 19:27:57',1,0),(17,'playerVirtual16','192.168.0.200',2,4.64,23,0.8,5,0,3,2,0,1023,1047552,10230,4,6656,61,99,'da6b04daca9530684bed1a12ccf3e947b63bc579',NULL,1,'2018-04-13 21:16:31',0,0),(18,'playerVirtual17','192.168.0.200',2,8.3,22,1,5,0,3,2,0,1023,1047552,10230,3,1536,3,99,'5b4c0ecf1368da4edf2066ac16bb06f2ef6e5209',NULL,1,'2018-04-13 21:02:58',0,0),(19,'playerVirtual18','192.168.0.200',4,-0.34,0,1,2,0,0,2,0,1023,1047552,10230,0,0,0,99,'b40be619b3b7a5e9a09a13a817b3240183cfc9c1',NULL,0,'2018-04-13 19:52:02',1,0),(20,'playerVirtual19','192.168.0.200',2,2.98,11,1,4,0,0,4,0,1023,1047552,10230,0,0,0,99,'2993c4b1611c1dafcf5a56e86bb9ef81e79931e8',NULL,1,'2018-04-13 21:01:22',1,0),(21,'playerVirtual20','192.168.0.200',4,-2,0,0,1,0,0,1,0,1023,1047552,10230,0,0,0,99,'db40d4d8891106129fd5e683c43d13c8841b820a',NULL,0,'2018-04-13 19:49:20',1,0),(22,'playerVirtual21','192.168.0.200',4,-2,0,0,1,0,0,1,0,1023,1047552,10230,0,0,0,99,'2d1ae30c2999daa3327cbf88393013ef1c43f39c',NULL,0,'2018-04-13 19:54:54',1,0),(23,'playerVirtual22','192.168.0.200',2,4.98,17,0,3,0,1,2,0,1023,1047552,10230,1,512,1,99,'d875e07b94b071766548ad43435c64c57f8be30a',NULL,1,'2018-04-13 21:00:10',0,0),(24,'playerVirtual23','192.168.0.200',2,1.32,13,1,3,0,0,3,0,1023,1047552,10230,0,0,0,99,'e7f63f17a0a62b03e2b322c5972e1c24fe4e78f6',NULL,1,'2018-04-13 21:12:32',1,0),(25,'playerVirtual24','192.168.0.200',2,4.98,15,1,3,0,0,3,0,1023,1047552,10230,0,0,0,99,'e50946b4cbbeaaacf7d0a760c3b06e783582b2b5',NULL,1,'2018-04-13 21:12:45',0,0),(26,'playerVirtual25','192.168.0.200',3,1.32,14,1,3,0,0,3,0,1023,1047552,10230,0,0,0,99,'7bc395e3e01e92674c2bafcf96e5f7ec614fbb19',NULL,1,'2018-04-13 21:18:15',0,0),(27,'playerVirtual26','192.168.0.200',3,3.32,13,1,2,0,0,2,0,1023,1047552,10230,0,0,0,99,'369eea7e649619d0f35d85cf66571b909cb3de68',NULL,1,'2018-04-13 20:52:41',0,0),(28,'playerVirtual27','192.168.0.200',3,3.32,12,1,2,0,1,1,0,1023,1047552,10230,1,512,1,99,'2bd9973d4ed1f9c40c16e9172f6a8dc50ed7374b',NULL,1,'2018-04-13 20:58:11',0,0),(29,'playerVirtual28','192.168.0.200',3,-0.34,2,0.5,2,0,0,2,0,1023,1047552,10230,0,0,0,99,'ad850b96a3f164a2f6b6e9ef7dd0d0bdcb400e89',NULL,1,'2018-04-13 21:00:07',1,0),(30,'playerVirtual29','192.168.0.200',3,3.32,10,0,2,0,0,2,0,1023,1047552,10230,0,0,0,99,'f9c8e186e6ab1f9b2848f33fa5a8a605fd6e17d1',NULL,1,'2018-04-13 21:06:46',0,0),(31,'playerVirtual30','192.168.0.200',3,-0.34,2,0.5,2,0,0,2,0,1023,1047552,10230,0,0,0,99,'494c9dcb88465ca5cde6f75fb671bbb0985fd4cb',NULL,1,'2018-04-13 21:03:49',1,0),(32,'playerVirtual31','192.168.0.200',4,-2,0,0,1,0,0,1,0,1023,1047552,10230,0,0,0,99,'2bdbca105b5a4452ce9f42e674b15ebbc5a63e2d',NULL,0,'2018-04-13 20:46:18',1,0),(33,'playerVirtual32','192.168.0.200',4,-2,0,0,1,0,0,1,0,1023,1047552,10230,0,0,0,99,'fdb60857fe5063cac592ec75446939da67d5e2ba',NULL,0,'2018-04-13 20:50:13',1,0),(34,'playerVirtual33','192.168.0.200',3,1.66,6,0,1,0,0,1,0,1023,1047552,10230,0,0,0,99,'2e419315073f9d073fd89a8b04948da2bfa6ac2c',NULL,1,'2018-04-13 20:58:03',0,0),(35,'playerVirtual34','192.168.0.200',3,1.66,5,0,1,0,1,0,0,1023,1047552,10230,1,2048,20,99,'8afc71280c104a1f3818429e079d754818ed5cda',NULL,1,'2018-04-13 20:59:46',0,0),(36,'playerVirtual35','192.168.0.200',4,-2,0,0,1,0,0,1,0,1023,1047552,10230,0,0,0,99,'f555bafcc4458c8fbe53aeea6858e4625bb177d9',NULL,0,'2018-04-13 21:06:18',1,0),(37,'playerVirtual36','192.168.0.200',3,1.66,3,0,1,0,1,0,0,1023,1047552,10230,1,512,1,99,'6cc9bd32d18a79f4343994155f1e8a17fc600274',NULL,1,'2018-04-13 21:09:15',0,0),(38,'playerVirtual37','192.168.0.200',3,1.66,2,0,1,0,0,1,0,1023,1047552,10230,0,0,0,99,'c5657ba3c91f1a64651203b05c02d48615cfe4d6',NULL,1,'2018-04-13 21:14:33',0,0),(39,'playerVirtual38','192.168.0.200',3,1.66,1,0,1,0,1,0,0,1023,1047552,10230,2,4096,40,99,'d6ef68a6514fd9279d497cbdc243939dfc05900c',NULL,1,'2018-04-13 21:20:05',0,0);
/*!40000 ALTER TABLE `PLAYER` ENABLE KEYS */;
UNLOCK TABLES;

--
-- Table structure for table `REQUEST`
--

DROP TABLE IF EXISTS `REQUEST`;
/*!40101 SET @saved_cs_client     = @@character_set_client */;
/*!40101 SET character_set_client = utf8 */;
CREATE TABLE `REQUEST` (
  `id` int(11) NOT NULL AUTO_INCREMENT,
  `player_id` varchar(45) NOT NULL,
  `request_id` varchar(45) NOT NULL,
  `action` int(11) NOT NULL,
  `timestamp_received` timestamp NULL DEFAULT NULL,
  `timestamp_finished` timestamp NULL DEFAULT NULL,
  `status` int(11) NOT NULL,
  PRIMARY KEY (`id`)
) ENGINE=InnoDB AUTO_INCREMENT=786 DEFAULT CHARSET=utf8;
/*!40101 SET character_set_client = @saved_cs_client */;

--
-- Dumping data for table `REQUEST`
--

LOCK TABLES `REQUEST` WRITE;
/*!40000 ALTER TABLE `REQUEST` DISABLE KEYS */;
INSERT INTO `REQUEST` VALUES (1,'playerVirtual4','playerVirtual4_b0fd72b397',4,'2018-04-13 18:53:56',NULL,0),(2,'playerVirtual1','playerVirtual1_515fea4302',4,'2018-04-13 18:53:56',NULL,0),(3,'playerVirtual8','playerVirtual8_dac577d09c',4,'2018-04-13 18:53:56',NULL,0),(4,'playerVirtual2','playerVirtual2_d30fa21f80',4,'2018-04-13 18:53:56',NULL,0),(5,'playerVirtual3','playerVirtual3_38c4e95944',4,'2018-04-13 18:53:57',NULL,0),(6,'playerVirtual6','playerVirtual6_9328f71193',4,'2018-04-13 18:53:57',NULL,0),(7,'playerVirtual5','playerVirtual5_498d046068',4,'2018-04-13 18:53:57',NULL,0),(8,'playerVirtual9','playerVirtual9_9f3c65513f',4,'2018-04-13 18:53:57',NULL,0),(9,'playerVirtual7','playerVirtual7_4b2c055461',4,'2018-04-13 18:53:57',NULL,0),(10,'playerVirtual0','playerVirtual0_2f1b764493',4,'2018-04-13 18:53:58',NULL,0),(11,'playerVirtual4','playerVirtual4_450512000',0,'2018-04-13 18:54:57',NULL,0),(12,'playerVirtual4','playerVirtual4_450512000',0,'2018-04-13 18:54:57',NULL,0),(13,'playerVirtual1','playerVirtual1_1438244924',0,'2018-04-13 18:54:59',NULL,0),(14,'playerVirtual1','playerVirtual1_1438244924',0,'2018-04-13 18:54:59',NULL,0),(15,'playerVirtual8','playerVirtual8_640692267',0,'2018-04-13 18:55:02',NULL,0),(16,'playerVirtual8','playerVirtual8_640692267',0,'2018-04-13 18:55:03',NULL,0),(17,'playerVirtual2','playerVirtual2_2381571381',0,'2018-04-13 18:55:03',NULL,0),(18,'playerVirtual2','playerVirtual2_2381571381',0,'2018-04-13 18:55:04',NULL,0),(19,'playerVirtual3','playerVirtual3_5297461910',0,'2018-04-13 18:55:04',NULL,0),(20,'playerVirtual3','playerVirtual3_5297461910',0,'2018-04-13 18:55:05',NULL,0),(21,'playerVirtual6','playerVirtual6_2790332778',0,'2018-04-13 18:55:08',NULL,0),(22,'playerVirtual6','playerVirtual6_2790332778',0,'2018-04-13 18:55:08',NULL,0),(23,'playerVirtual5','playerVirtual5_369721705',0,'2018-04-13 18:55:09',NULL,0),(24,'playerVirtual9','playerVirtual9_317469422',0,'2018-04-13 18:55:09',NULL,0),(25,'playerVirtual5','playerVirtual5_369721705',0,'2018-04-13 18:55:09',NULL,0),(26,'playerVirtual7','playerVirtual7_6955737',0,'2018-04-13 18:55:09',NULL,0),(27,'playerVirtual9','playerVirtual9_317469422',0,'2018-04-13 18:55:09',NULL,0),(28,'playerVirtual7','playerVirtual7_6955737',0,'2018-04-13 18:55:10',NULL,0),(29,'playerVirtual0','playerVirtual0_257338104',0,'2018-04-13 18:55:10',NULL,0),(30,'playerVirtual0','playerVirtual0_257338104',0,'2018-04-13 18:55:11',NULL,0),(31,'playerVirtual4','playerVirtual4_b620a6b183',3,'2018-04-13 18:55:57',NULL,0),(32,'playerVirtual1','playerVirtual1_eba4688f51',3,'2018-04-13 18:55:59',NULL,0),(33,'playerVirtual8','playerVirtual8_38a9d28be7',3,'2018-04-13 18:56:02',NULL,0),(34,'playerVirtual2','playerVirtual2_794fcb2315',3,'2018-04-13 18:56:03',NULL,0),(35,'playerVirtual3','playerVirtual3_efc122da72',3,'2018-04-13 18:56:05',NULL,0),(36,'playerVirtual6','playerVirtual6_30dfcd6d00',3,'2018-04-13 18:56:08',NULL,0),(37,'playerVirtual5','playerVirtual5_e82293f83c',3,'2018-04-13 18:56:09',NULL,0),(38,'playerVirtual9','playerVirtual9_86c0eac381',3,'2018-04-13 18:56:09',NULL,0),(39,'playerVirtual7','playerVirtual7_2ddec7b82d',3,'2018-04-13 18:56:09',NULL,0),(40,'playerVirtual0','playerVirtual0_77fec44c2f',3,'2018-04-13 18:56:10',NULL,0),(41,'playerVirtual1','playerVirtual1_2433236783',0,'2018-04-13 18:57:10',NULL,0),(42,'playerVirtual1','playerVirtual1_2433236783',0,'2018-04-13 18:57:10',NULL,0),(43,'playerVirtual4','playerVirtual4_3584940347',0,'2018-04-13 18:57:10',NULL,0),(44,'playerVirtual4','playerVirtual4_3584940347',0,'2018-04-13 18:57:11',NULL,0),(45,'playerVirtual2','playerVirtual2_257407216',0,'2018-04-13 18:57:11',NULL,0),(46,'playerVirtual8','playerVirtual8_3338579772',0,'2018-04-13 18:57:11',NULL,0),(47,'playerVirtual2','playerVirtual2_257407216',0,'2018-04-13 18:57:11',NULL,0),(48,'playerVirtual8','playerVirtual8_3338579772',0,'2018-04-13 18:57:12',NULL,0),(49,'playerVirtual3','playerVirtual3_182859403',0,'2018-04-13 18:57:18',NULL,0),(50,'playerVirtual3','playerVirtual3_182859403',0,'2018-04-13 18:57:19',NULL,0),(51,'playerVirtual6','playerVirtual6_2359368952',0,'2018-04-13 18:57:21',NULL,0),(52,'playerVirtual6','playerVirtual6_2359368952',0,'2018-04-13 18:57:22',NULL,0),(53,'playerVirtual5','playerVirtual5_16917741',0,'2018-04-13 18:57:24',NULL,0),(54,'playerVirtual5','playerVirtual5_16917741',0,'2018-04-13 18:57:26',NULL,0),(55,'playerVirtual9','playerVirtual9_2545640208',0,'2018-04-13 18:57:34',NULL,0),(56,'playerVirtual9','playerVirtual9_2545640208',0,'2018-04-13 18:57:34',NULL,0),(57,'playerVirtual7','playerVirtual7_908315',0,'2018-04-13 18:57:35',NULL,0),(58,'playerVirtual7','playerVirtual7_908315',0,'2018-04-13 18:57:35',NULL,0),(59,'playerVirtual0','playerVirtual0_539194189',0,'2018-04-13 18:57:43',NULL,0),(60,'playerVirtual0','playerVirtual0_539194189',0,'2018-04-13 18:57:43',NULL,0),(61,'playerVirtual1','playerVirtual1_e0ce5c94a9',4,'2018-04-13 18:58:10',NULL,0),(62,'playerVirtual4','playerVirtual4_4473cd6d81',4,'2018-04-13 18:58:10',NULL,0),(63,'playerVirtual2','playerVirtual2_3d6600f762',4,'2018-04-13 18:58:11',NULL,0),(64,'playerVirtual8','playerVirtual8_d22acca991',4,'2018-04-13 18:58:11',NULL,0),(65,'playerVirtual3','playerVirtual3_4dbaff5ee1',4,'2018-04-13 18:58:18',NULL,0),(66,'playerVirtual6','playerVirtual6_42f83af1d2',4,'2018-04-13 18:58:22',NULL,0),(67,'playerVirtual5','playerVirtual5_623b70bad5',4,'2018-04-13 18:58:24',NULL,0),(68,'playerVirtual9','playerVirtual9_54a1a565a5',4,'2018-04-13 18:58:34',NULL,0),(69,'playerVirtual7','playerVirtual7_bd525d5de5',4,'2018-04-13 18:58:35',NULL,0),(70,'playerVirtual0','playerVirtual0_251051413e',4,'2018-04-13 18:58:43',NULL,0),(71,'playerVirtual10','playerVirtual10_4d60aceb1b',4,'2018-04-13 18:59:10',NULL,0),(72,'playerVirtual1','playerVirtual1_4820204870',0,'2018-04-13 19:00:26',NULL,0),(73,'playerVirtual1','playerVirtual1_4820204870',0,'2018-04-13 19:00:27',NULL,0),(74,'playerVirtual4','playerVirtual4_8058564',0,'2018-04-13 19:01:14',NULL,0),(75,'playerVirtual4','playerVirtual4_8058564',0,'2018-04-13 19:01:15',NULL,0),(76,'playerVirtual2','playerVirtual2_1429160667',0,'2018-04-13 19:01:21',NULL,0),(77,'playerVirtual8','playerVirtual8_3338010893',0,'2018-04-13 19:01:21',NULL,0),(78,'playerVirtual2','playerVirtual2_1429160667',0,'2018-04-13 19:01:22',NULL,0),(79,'playerVirtual8','playerVirtual8_3338010893',0,'2018-04-13 19:01:22',NULL,0),(80,'playerVirtual1','playerVirtual1_f91a8d86a7',3,'2018-04-13 19:01:28',NULL,0),(81,'playerVirtual3','playerVirtual3_82730999',0,'2018-04-13 19:01:28',NULL,0),(82,'playerVirtual3','playerVirtual3_82730999',0,'2018-04-13 19:01:28',NULL,0),(83,'playerVirtual6','playerVirtual6_351652724',0,'2018-04-13 19:01:33',NULL,0),(84,'playerVirtual6','playerVirtual6_351652724',0,'2018-04-13 19:01:33',NULL,0),(85,'playerVirtual5','playerVirtual5_6571218',0,'2018-04-13 19:01:34',NULL,0),(86,'playerVirtual5','playerVirtual5_6571218',0,'2018-04-13 19:01:34',NULL,0),(87,'playerVirtual9','playerVirtual9_778566023',0,'2018-04-13 19:01:36',NULL,0),(88,'playerVirtual9','playerVirtual9_778566023',0,'2018-04-13 19:01:37',NULL,0),(89,'playerVirtual7','playerVirtual7_1436344784',0,'2018-04-13 19:01:40',NULL,0),(90,'playerVirtual7','playerVirtual7_1436344784',0,'2018-04-13 19:01:40',NULL,0),(91,'playerVirtual0','playerVirtual0_1339662',0,'2018-04-13 19:01:42',NULL,0),(92,'playerVirtual0','playerVirtual0_1339662',0,'2018-04-13 19:01:43',NULL,0),(93,'playerVirtual4','playerVirtual4_2b9e338e7d',3,'2018-04-13 19:02:15',NULL,0),(94,'playerVirtual2','playerVirtual2_eb6a7eac77',3,'2018-04-13 19:02:22',NULL,0),(95,'playerVirtual8','playerVirtual8_83e14dcc70',3,'2018-04-13 19:02:22',NULL,0),(96,'playerVirtual3','playerVirtual3_dfa7f06d69',3,'2018-04-13 19:02:29',NULL,0),(97,'playerVirtual6','playerVirtual6_446d4bad27',3,'2018-04-13 19:02:33',NULL,0),(98,'playerVirtual5','playerVirtual5_70dcb03d6e',3,'2018-04-13 19:02:34',NULL,0),(99,'playerVirtual9','playerVirtual9_adc5f2a826',3,'2018-04-13 19:02:36',NULL,0),(100,'playerVirtual7','playerVirtual7_cbb3389ffb',3,'2018-04-13 19:02:40',NULL,0),(101,'playerVirtual10','playerVirtual10_317497342',0,'2018-04-13 19:02:42',NULL,0),(102,'playerVirtual0','playerVirtual0_bcbd3e6a1e',3,'2018-04-13 19:02:43',NULL,0),(103,'playerVirtual10','playerVirtual10_317497342',0,'2018-04-13 19:02:43',NULL,0),(104,'playerVirtual10','playerVirtual10_b5d9f061cc',3,'2018-04-13 19:03:42',NULL,0),(105,'playerVirtual1','playerVirtual1_284794223',0,'2018-04-13 19:03:43',NULL,0),(106,'playerVirtual4','playerVirtual4_359920779',0,'2018-04-13 19:03:43',NULL,0),(107,'playerVirtual1','playerVirtual1_284794223',0,'2018-04-13 19:03:43',NULL,0),(108,'playerVirtual4','playerVirtual4_359920779',0,'2018-04-13 19:03:44',NULL,0),(109,'playerVirtual2','playerVirtual2_904011',0,'2018-04-13 19:03:44',NULL,0),(110,'playerVirtual2','playerVirtual2_904011',0,'2018-04-13 19:03:44',NULL,0),(111,'playerVirtual8','playerVirtual8_2904109077',0,'2018-04-13 19:03:45',NULL,0),(112,'playerVirtual8','playerVirtual8_2904109077',0,'2018-04-13 19:03:46',NULL,0),(113,'playerVirtual3','playerVirtual3_257338074',0,'2018-04-13 19:03:52',NULL,0),(114,'playerVirtual3','playerVirtual3_257338074',0,'2018-04-13 19:03:53',NULL,0),(115,'playerVirtual6','playerVirtual6_905614',0,'2018-04-13 19:03:55',NULL,0),(116,'playerVirtual6','playerVirtual6_905614',0,'2018-04-13 19:03:55',NULL,0),(117,'playerVirtual5','playerVirtual5_1093460',0,'2018-04-13 19:03:59',NULL,0),(118,'playerVirtual5','playerVirtual5_1093460',0,'2018-04-13 19:04:00',NULL,0),(119,'playerVirtual11','playerVirtual11_2d932b86f3',4,'2018-04-13 19:04:08',NULL,0),(120,'playerVirtual9','playerVirtual9_6569547',0,'2018-04-13 19:04:10',NULL,0),(121,'playerVirtual9','playerVirtual9_6569547',0,'2018-04-13 19:04:10',NULL,0),(122,'playerVirtual7','playerVirtual7_470485660',0,'2018-04-13 19:04:12',NULL,0),(123,'playerVirtual7','playerVirtual7_470485660',0,'2018-04-13 19:04:12',NULL,0),(124,'playerVirtual0','playerVirtual0_30788568',0,'2018-04-13 19:04:23',NULL,0),(125,'playerVirtual0','playerVirtual0_30788568',0,'2018-04-13 19:04:23',NULL,0),(126,'playerVirtual1','playerVirtual1_a7427cd69b',4,'2018-04-13 19:04:43',NULL,0),(127,'playerVirtual4','playerVirtual4_9064f2e203',4,'2018-04-13 19:04:43',NULL,0),(128,'playerVirtual2','playerVirtual2_0fb9296230',4,'2018-04-13 19:04:44',NULL,0),(129,'playerVirtual8','playerVirtual8_e6ce9b2d02',4,'2018-04-13 19:04:46',NULL,0),(130,'playerVirtual10','playerVirtual10_5792765',0,'2018-04-13 19:04:51',NULL,0),(131,'playerVirtual10','playerVirtual10_5792765',0,'2018-04-13 19:04:51',NULL,0),(132,'playerVirtual3','playerVirtual3_b499cfc286',4,'2018-04-13 19:04:53',NULL,0),(133,'playerVirtual6','playerVirtual6_434fe80f93',4,'2018-04-13 19:04:55',NULL,0),(134,'playerVirtual5','playerVirtual5_b89d5ba039',4,'2018-04-13 19:04:59',NULL,0),(135,'playerVirtual9','playerVirtual9_f9b05d200b',4,'2018-04-13 19:05:10',NULL,0),(136,'playerVirtual7','playerVirtual7_5be097f448',4,'2018-04-13 19:05:12',NULL,0),(137,'playerVirtual0','playerVirtual0_350e53c266',4,'2018-04-13 19:05:23',NULL,0),(138,'playerVirtual10','playerVirtual10_fd17292ecd',4,'2018-04-13 19:05:51',NULL,0),(139,'playerVirtual1','playerVirtual1_400453824',0,'2018-04-13 19:07:14',NULL,0),(140,'playerVirtual1','playerVirtual1_400453824',0,'2018-04-13 19:07:15',NULL,0),(141,'playerVirtual11','playerVirtual11_38671842',0,'2018-04-13 19:07:56',NULL,0),(142,'playerVirtual11','playerVirtual11_38671842',0,'2018-04-13 19:07:56',NULL,0),(143,'playerVirtual4','playerVirtual4_4820318661',0,'2018-04-13 19:08:11',NULL,0),(144,'playerVirtual4','playerVirtual4_4820318661',0,'2018-04-13 19:08:11',NULL,0),(145,'playerVirtual1','playerVirtual1_e08652ec1d',3,'2018-04-13 19:08:14',NULL,0),(146,'playerVirtual2','playerVirtual2_4819935267',0,'2018-04-13 19:08:19',NULL,0),(147,'playerVirtual2','playerVirtual2_4819935267',0,'2018-04-13 19:08:19',NULL,0),(148,'playerVirtual8','playerVirtual8_4820217293',0,'2018-04-13 19:08:22',NULL,0),(149,'playerVirtual8','playerVirtual8_4820217293',0,'2018-04-13 19:08:22',NULL,0),(150,'playerVirtual3','playerVirtual3_6264344062',0,'2018-04-13 19:08:28',NULL,0),(151,'playerVirtual3','playerVirtual3_6264344062',0,'2018-04-13 19:08:28',NULL,0),(152,'playerVirtual6','playerVirtual6_2378747961',0,'2018-04-13 19:08:46',NULL,0),(153,'playerVirtual6','playerVirtual6_2378747961',0,'2018-04-13 19:08:47',NULL,0),(154,'playerVirtual5','playerVirtual5_5068098508',0,'2018-04-13 19:08:48',NULL,0),(155,'playerVirtual5','playerVirtual5_5068098508',0,'2018-04-13 19:08:48',NULL,0),(156,'playerVirtual11','playerVirtual11_5e8f65cbf0',3,'2018-04-13 19:08:56',NULL,0),(157,'playerVirtual4','playerVirtual4_3bcfedab3b',3,'2018-04-13 19:09:11',NULL,0),(158,'playerVirtual12','playerVirtual12_8a422845cd',4,'2018-04-13 19:09:13',NULL,0),(159,'playerVirtual2','playerVirtual2_855915ebbd',3,'2018-04-13 19:09:19',NULL,0),(160,'playerVirtual8','playerVirtual8_81efb1eacc',3,'2018-04-13 19:09:22',NULL,0),(161,'playerVirtual3','playerVirtual3_366c61a06e',3,'2018-04-13 19:09:28',NULL,0),(162,'playerVirtual6','playerVirtual6_ae4b4db844',3,'2018-04-13 19:09:47',NULL,0),(163,'playerVirtual5','playerVirtual5_ccf8929d20',3,'2018-04-13 19:09:51',NULL,0),(164,'playerVirtual9','playerVirtual9_227443932',0,'2018-04-13 19:10:04',NULL,0),(165,'playerVirtual9','playerVirtual9_227443932',0,'2018-04-13 19:10:05',NULL,0),(166,'playerVirtual7','playerVirtual7_1095593',0,'2018-04-13 19:10:08',NULL,0),(167,'playerVirtual7','playerVirtual7_1095593',0,'2018-04-13 19:10:09',NULL,0),(168,'playerVirtual0','playerVirtual0_2148750930',0,'2018-04-13 19:10:15',NULL,0),(169,'playerVirtual0','playerVirtual0_2148750930',0,'2018-04-13 19:10:15',NULL,0),(170,'playerVirtual9','playerVirtual9_639cbaba30',3,'2018-04-13 19:11:04',NULL,0),(171,'playerVirtual7','playerVirtual7_3658307820',3,'2018-04-13 19:11:08',NULL,0),(172,'playerVirtual0','playerVirtual0_eb825174c1',3,'2018-04-13 19:11:15',NULL,0),(173,'playerVirtual10','playerVirtual10_563574327',0,'2018-04-13 19:11:18',NULL,0),(174,'playerVirtual10','playerVirtual10_563574327',0,'2018-04-13 19:11:19',NULL,0),(175,'playerVirtual11','playerVirtual11_16915963',0,'2018-04-13 19:11:53',NULL,0),(176,'playerVirtual11','playerVirtual11_16915963',0,'2018-04-13 19:11:55',NULL,0),(177,'playerVirtual6','playerVirtual6_2359368952',1,'2018-04-13 19:12:07',NULL,0),(178,'playerVirtual6','playerVirtual6_0afce6fcb6',4,'2018-04-13 19:12:07',NULL,0),(179,'playerVirtual6','playerVirtual6_2359368952',1,'2018-04-13 19:12:08',NULL,0),(180,'playerVirtual10','playerVirtual10_4ec1260ec5',3,'2018-04-13 19:12:18',NULL,0),(181,'playerVirtual1','playerVirtual1_765651',0,'2018-04-13 19:12:22',NULL,0),(182,'playerVirtual1','playerVirtual1_765651',0,'2018-04-13 19:12:22',NULL,0),(183,'playerVirtual4','playerVirtual4_5623125514',0,'2018-04-13 19:12:28',NULL,0),(184,'playerVirtual4','playerVirtual4_5623125514',0,'2018-04-13 19:12:28',NULL,0),(185,'playerVirtual2','playerVirtual2_272887063',0,'2018-04-13 19:12:32',NULL,0),(186,'playerVirtual2','playerVirtual2_272887063',0,'2018-04-13 19:12:33',NULL,0),(187,'playerVirtual8','playerVirtual8_6274355716',0,'2018-04-13 19:12:37',NULL,0),(188,'playerVirtual8','playerVirtual8_6274355716',0,'2018-04-13 19:12:37',NULL,0),(189,'playerVirtual3','playerVirtual3_38676294',0,'2018-04-13 19:12:45',NULL,0),(190,'playerVirtual3','playerVirtual3_38676294',0,'2018-04-13 19:12:45',NULL,0),(191,'playerVirtual11','playerVirtual11_82e91cb86d',4,'2018-04-13 19:12:51',NULL,0),(192,'playerVirtual1','playerVirtual1_dc18e1a400',4,'2018-04-13 19:13:22',NULL,0),(193,'playerVirtual4','playerVirtual4_efa299a1ad',4,'2018-04-13 19:13:28',NULL,0),(194,'playerVirtual2','playerVirtual2_45b84ad70e',4,'2018-04-13 19:13:33',NULL,0),(195,'playerVirtual8','playerVirtual8_bb1f43917d',4,'2018-04-13 19:13:37',NULL,0),(196,'playerVirtual3','playerVirtual3_d70c09a43b',4,'2018-04-13 19:13:45',NULL,0),(197,'playerVirtual5','playerVirtual5_182859403',0,'2018-04-13 19:13:53',NULL,0),(198,'playerVirtual5','playerVirtual5_182859403',0,'2018-04-13 19:13:54',NULL,0),(199,'playerVirtual13','playerVirtual13_0304719994',4,'2018-04-13 19:14:06',NULL,0),(200,'playerVirtual9','playerVirtual9_4820204870',0,'2018-04-13 19:14:19',NULL,0),(201,'playerVirtual9','playerVirtual9_4820204870',0,'2018-04-13 19:14:19',NULL,0),(202,'playerVirtual7','playerVirtual7_990694203',0,'2018-04-13 19:14:38',NULL,0),(203,'playerVirtual7','playerVirtual7_990694203',0,'2018-04-13 19:14:38',NULL,0),(204,'playerVirtual5','playerVirtual5_cd04f9f43b',4,'2018-04-13 19:14:54',NULL,0),(205,'playerVirtual12','playerVirtual12_284757920',0,'2018-04-13 19:15:01',NULL,0),(206,'playerVirtual0','playerVirtual0_990694203',0,'2018-04-13 19:15:06',NULL,0),(207,'playerVirtual12','playerVirtual12_284757920',0,'2018-04-13 19:15:06',NULL,0),(208,'playerVirtual0','playerVirtual0_990694203',0,'2018-04-13 19:15:07',NULL,0),(209,'playerVirtual9','playerVirtual9_c3916c6663',4,'2018-04-13 19:15:19',NULL,0),(210,'playerVirtual10','playerVirtual10_6280643141',0,'2018-04-13 19:15:35',NULL,0),(211,'playerVirtual10','playerVirtual10_6280643141',0,'2018-04-13 19:15:35',NULL,0),(212,'playerVirtual7','playerVirtual7_42dced7faf',4,'2018-04-13 19:15:38',NULL,0),(213,'playerVirtual12','playerVirtual12_ea829a20e8',3,'2018-04-13 19:15:59',NULL,0),(214,'playerVirtual0','playerVirtual0_be12ea0e06',4,'2018-04-13 19:16:05',NULL,0),(215,'playerVirtual10','playerVirtual10_b3a5704cd2',4,'2018-04-13 19:16:35',NULL,0),(216,'playerVirtual1','playerVirtual1_4820204870',1,'2018-04-13 19:17:23',NULL,0),(217,'playerVirtual1','playerVirtual1_2fc56a1502',3,'2018-04-13 19:17:23',NULL,0),(218,'playerVirtual1','playerVirtual1_4820204870',1,'2018-04-13 19:17:23',NULL,0),(219,'playerVirtual3','playerVirtual3_182859403',1,'2018-04-13 19:17:37',NULL,0),(220,'playerVirtual3','playerVirtual3_d0a58fa2ef',3,'2018-04-13 19:17:37',NULL,0),(221,'playerVirtual3','playerVirtual3_182859403',1,'2018-04-13 19:17:38',NULL,0),(222,'playerVirtual6','playerVirtual6_6280638724',0,'2018-04-13 19:18:27',NULL,0),(223,'playerVirtual6','playerVirtual6_6280638724',0,'2018-04-13 19:18:27',NULL,0),(224,'playerVirtual11','playerVirtual11_4476462938',0,'2018-04-13 19:18:50',NULL,0),(225,'playerVirtual11','playerVirtual11_4476462938',0,'2018-04-13 19:18:50',NULL,0),(226,'playerVirtual5','playerVirtual5_182859403',1,'2018-04-13 19:18:57',NULL,0),(227,'playerVirtual5','playerVirtual5_45003da94c',3,'2018-04-13 19:18:57',NULL,0),(228,'playerVirtual5','playerVirtual5_182859403',1,'2018-04-13 19:18:57',NULL,0),(229,'playerVirtual14','playerVirtual14_385a36e665',4,'2018-04-13 19:19:10',NULL,0),(230,'playerVirtual4','playerVirtual4_272887063',0,'2018-04-13 19:19:12',NULL,0),(231,'playerVirtual4','playerVirtual4_272887063',0,'2018-04-13 19:19:16',NULL,0),(232,'playerVirtual2','playerVirtual2_272887063',1,'2018-04-13 19:19:22',NULL,0),(233,'playerVirtual2','playerVirtual2_f4e115f2ea',3,'2018-04-13 19:19:22',NULL,0),(234,'playerVirtual2','playerVirtual2_272887063',1,'2018-04-13 19:19:22',NULL,0),(235,'playerVirtual8','playerVirtual8_6282149131',0,'2018-04-13 19:19:24',NULL,0),(236,'playerVirtual8','playerVirtual8_6282149131',0,'2018-04-13 19:19:25',NULL,0),(237,'playerVirtual6','playerVirtual6_eb3a79a8fb',3,'2018-04-13 19:19:27',NULL,0),(238,'playerVirtual12','playerVirtual12_682797',0,'2018-04-13 19:19:36',NULL,0),(239,'playerVirtual12','playerVirtual12_682797',0,'2018-04-13 19:19:37',NULL,0),(240,'playerVirtual11','playerVirtual11_03e4cc81e4',3,'2018-04-13 19:19:50',NULL,0),(241,'playerVirtual4','playerVirtual4_96f93fbdcb',3,'2018-04-13 19:20:12',NULL,0),(242,'playerVirtual8','playerVirtual8_3b35379996',3,'2018-04-13 19:20:25',NULL,0),(243,'playerVirtual7','playerVirtual7_990694203',1,'2018-04-13 19:20:35',NULL,0),(244,'playerVirtual7','playerVirtual7_04f4e4ab13',3,'2018-04-13 19:20:35',NULL,0),(245,'playerVirtual7','playerVirtual7_990694203',1,'2018-04-13 19:20:36',NULL,0),(246,'playerVirtual12','playerVirtual12_a2356c5fea',4,'2018-04-13 19:20:37',NULL,0),(247,'playerVirtual0','playerVirtual0_990694203',1,'2018-04-13 19:20:53',NULL,0),(248,'playerVirtual0','playerVirtual0_406d4024fb',3,'2018-04-13 19:20:54',NULL,0),(249,'playerVirtual0','playerVirtual0_990694203',1,'2018-04-13 19:20:54',NULL,0),(250,'playerVirtual9','playerVirtual9_1436323714',0,'2018-04-13 19:21:21',NULL,0),(251,'playerVirtual9','playerVirtual9_1436323714',0,'2018-04-13 19:21:27',NULL,0),(252,'playerVirtual13','playerVirtual13_2359368952',0,'2018-04-13 19:22:09',NULL,0),(253,'playerVirtual13','playerVirtual13_2359368952',0,'2018-04-13 19:22:09',NULL,0),(254,'playerVirtual9','playerVirtual9_61d5a8da33',3,'2018-04-13 19:22:20',NULL,0),(255,'playerVirtual10','playerVirtual10_214880781',0,'2018-04-13 19:22:44',NULL,0),(256,'playerVirtual10','playerVirtual10_214880781',0,'2018-04-13 19:22:46',NULL,0),(257,'playerVirtual1','playerVirtual1_1094955',0,'2018-04-13 19:22:49',NULL,0),(258,'playerVirtual1','playerVirtual1_1094955',0,'2018-04-13 19:22:49',NULL,0),(259,'playerVirtual13','playerVirtual13_482efce287',3,'2018-04-13 19:23:09',NULL,0),(260,'playerVirtual3','playerVirtual3_16914091',0,'2018-04-13 19:23:15',NULL,0),(261,'playerVirtual3','playerVirtual3_16914091',0,'2018-04-13 19:23:16',NULL,0),(262,'playerVirtual2','playerVirtual2_6285257156',0,'2018-04-13 19:23:25',NULL,0),(263,'playerVirtual2','playerVirtual2_6285257156',0,'2018-04-13 19:23:25',NULL,0),(264,'playerVirtual6','playerVirtual6_6955737',0,'2018-04-13 19:23:29',NULL,0),(265,'playerVirtual6','playerVirtual6_6955737',0,'2018-04-13 19:23:37',NULL,0),(266,'playerVirtual10','playerVirtual10_17d0ab2c75',3,'2018-04-13 19:23:45',NULL,0),(267,'playerVirtual1','playerVirtual1_4671a26afc',4,'2018-04-13 19:23:49',NULL,0),(268,'playerVirtual15','playerVirtual15_0d8d7113e6',4,'2018-04-13 19:24:04',NULL,0),(269,'playerVirtual3','playerVirtual3_f97e44d54a',4,'2018-04-13 19:24:15',NULL,0),(270,'playerVirtual11','playerVirtual11_6955737',0,'2018-04-13 19:24:22',NULL,0),(271,'playerVirtual11','playerVirtual11_6955737',0,'2018-04-13 19:24:22',NULL,0),(272,'playerVirtual2','playerVirtual2_6c3d8ad28f',4,'2018-04-13 19:24:25',NULL,0),(273,'playerVirtual6','playerVirtual6_101c472792',4,'2018-04-13 19:24:27',NULL,0),(274,'playerVirtual5','playerVirtual5_182859403',0,'2018-04-13 19:24:40',NULL,0),(275,'playerVirtual5','playerVirtual5_19641831b8',4,'2018-04-13 19:24:41',NULL,0),(276,'playerVirtual5','playerVirtual5_182859403',0,'2018-04-13 19:24:41',NULL,0),(277,'playerVirtual4','playerVirtual4_1438244924',0,'2018-04-13 19:25:06',NULL,0),(278,'playerVirtual4','playerVirtual4_1438244924',0,'2018-04-13 19:25:06',NULL,0),(279,'playerVirtual11','playerVirtual11_d3a6ee6803',4,'2018-04-13 19:25:22',NULL,0),(280,'playerVirtual7','playerVirtual7_6955737',1,'2018-04-13 19:25:57',NULL,0),(281,'playerVirtual7','playerVirtual7_2f8620db77',4,'2018-04-13 19:25:57',NULL,0),(282,'playerVirtual7','playerVirtual7_6955737',1,'2018-04-13 19:25:57',NULL,0),(283,'playerVirtual4','playerVirtual4_fc816591fa',4,'2018-04-13 19:26:06',NULL,0),(284,'playerVirtual13','playerVirtual13_6289355687',0,'2018-04-13 19:26:30',NULL,0),(285,'playerVirtual13','playerVirtual13_6289355687',0,'2018-04-13 19:26:30',NULL,0),(286,'playerVirtual0','playerVirtual0_2381571381',0,'2018-04-13 19:26:50',NULL,0),(287,'playerVirtual0','playerVirtual0_2381571381',0,'2018-04-13 19:26:50',NULL,0),(288,'playerVirtual9','playerVirtual9_2378747961',0,'2018-04-13 19:27:09',NULL,0),(289,'playerVirtual9','playerVirtual9_2378747961',0,'2018-04-13 19:27:10',NULL,0),(290,'playerVirtual13','playerVirtual13_52751aecac',4,'2018-04-13 19:27:30',NULL,0),(291,'playerVirtual12','playerVirtual12_3338579772',0,'2018-04-13 19:27:38',NULL,0),(292,'playerVirtual12','playerVirtual12_3338579772',0,'2018-04-13 19:27:38',NULL,0),(293,'playerVirtual0','playerVirtual0_74933d725e',4,'2018-04-13 19:27:52',NULL,0),(294,'playerVirtual14','playerVirtual14_6641406',0,'2018-04-13 19:27:57',NULL,0),(295,'playerVirtual14','playerVirtual14_6641406',0,'2018-04-13 19:27:58',NULL,0),(296,'playerVirtual9','playerVirtual9_a4680aed6a',4,'2018-04-13 19:28:10',NULL,0),(297,'playerVirtual12','playerVirtual12_91fc0607bf',3,'2018-04-13 19:28:38',NULL,0),(298,'playerVirtual14','playerVirtual14_1c1b0d4bf2',3,'2018-04-13 19:28:57',NULL,0),(299,'playerVirtual1','playerVirtual1_1438244924',1,'2018-04-13 19:29:01',NULL,0),(300,'playerVirtual1','playerVirtual1_fee9cd9104',3,'2018-04-13 19:29:01',NULL,0),(301,'playerVirtual1','playerVirtual1_1438244924',1,'2018-04-13 19:29:01',NULL,0),(302,'playerVirtual10','playerVirtual10_1438244924',0,'2018-04-13 19:29:04',NULL,0),(303,'playerVirtual10','playerVirtual10_1438244924',0,'2018-04-13 19:29:04',NULL,0),(304,'playerVirtual16','playerVirtual16_d43654770c',4,'2018-04-13 19:29:06',NULL,0),(305,'playerVirtual10','playerVirtual10_dc680b6c86',4,'2018-04-13 19:30:04',NULL,0),(306,'playerVirtual3','playerVirtual3_6264344062',1,'2018-04-13 19:30:19',NULL,0),(307,'playerVirtual3','playerVirtual3_5494871241',3,'2018-04-13 19:30:19',NULL,0),(308,'playerVirtual3','playerVirtual3_6264344062',1,'2018-04-13 19:30:19',NULL,0),(309,'playerVirtual5','playerVirtual5_1436344784',0,'2018-04-13 19:30:44',NULL,0),(310,'playerVirtual5','playerVirtual5_1436344784',0,'2018-04-13 19:30:45',NULL,0),(311,'playerVirtual6','playerVirtual6_6955737',1,'2018-04-13 19:30:46',NULL,0),(312,'playerVirtual6','playerVirtual6_c4a3446240',3,'2018-04-13 19:30:47',NULL,0),(313,'playerVirtual6','playerVirtual6_6955737',1,'2018-04-13 19:30:47',NULL,0),(314,'playerVirtual2','playerVirtual2_2381571381',1,'2018-04-13 19:31:07',NULL,0),(315,'playerVirtual2','playerVirtual2_84d2259381',3,'2018-04-13 19:31:08',NULL,0),(316,'playerVirtual2','playerVirtual2_2381571381',1,'2018-04-13 19:31:08',NULL,0),(317,'playerVirtual5','playerVirtual5_b37be62bc8',3,'2018-04-13 19:31:44',NULL,0),(318,'playerVirtual7','playerVirtual7_1436344784',1,'2018-04-13 19:32:23',NULL,0),(319,'playerVirtual7','playerVirtual7_a05b6f5633',3,'2018-04-13 19:32:23',NULL,0),(320,'playerVirtual7','playerVirtual7_1436344784',1,'2018-04-13 19:32:23',NULL,0),(321,'playerVirtual4','playerVirtual4_1438244924',1,'2018-04-13 19:32:40',NULL,0),(322,'playerVirtual4','playerVirtual4_900ce68dc6',3,'2018-04-13 19:32:40',NULL,0),(323,'playerVirtual4','playerVirtual4_1438244924',1,'2018-04-13 19:32:40',NULL,0),(324,'playerVirtual11','playerVirtual11_990694203',0,'2018-04-13 19:33:24',NULL,0),(325,'playerVirtual11','playerVirtual11_990694203',0,'2018-04-13 19:33:24',NULL,0),(326,'playerVirtual17','playerVirtual17_24c1bb65db',4,'2018-04-13 19:34:05',NULL,0),(327,'playerVirtual11','playerVirtual11_6aecfcbdd1',3,'2018-04-13 19:34:24',NULL,0),(328,'playerVirtual6','playerVirtual6_2378747961',1,'2018-04-13 19:35:19',NULL,0),(329,'playerVirtual6','playerVirtual6_2c462ed629',4,'2018-04-13 19:35:20',NULL,0),(330,'playerVirtual6','playerVirtual6_2378747961',1,'2018-04-13 19:35:20',NULL,0),(331,'playerVirtual9','playerVirtual9_2378747961',1,'2018-04-13 19:35:39',NULL,0),(332,'playerVirtual9','playerVirtual9_f465e16586',3,'2018-04-13 19:35:39',NULL,0),(333,'playerVirtual9','playerVirtual9_2378747961',1,'2018-04-13 19:35:39',NULL,0),(334,'playerVirtual0','playerVirtual0_6296865278',0,'2018-04-13 19:35:59',NULL,0),(335,'playerVirtual14','playerVirtual14_6264344062',0,'2018-04-13 19:35:59',NULL,0),(336,'playerVirtual0','playerVirtual0_6296865278',0,'2018-04-13 19:35:59',NULL,0),(337,'playerVirtual14','playerVirtual14_6264344062',0,'2018-04-13 19:35:59',NULL,0),(338,'playerVirtual12','playerVirtual12_182859403',0,'2018-04-13 19:36:47',NULL,0),(339,'playerVirtual12','playerVirtual12_182859403',0,'2018-04-13 19:36:47',NULL,0),(340,'playerVirtual0','playerVirtual0_b2805022dc',3,'2018-04-13 19:36:59',NULL,0),(341,'playerVirtual14','playerVirtual14_488b71ebd4',4,'2018-04-13 19:36:59',NULL,0),(342,'playerVirtual12','playerVirtual12_97087484c4',4,'2018-04-13 19:37:47',NULL,0),(343,'playerVirtual13','playerVirtual13_6296268057',0,'2018-04-13 19:38:03',NULL,0),(344,'playerVirtual13','playerVirtual13_6296268057',0,'2018-04-13 19:38:04',NULL,0),(345,'playerVirtual7','playerVirtual7_1095593',1,'2018-04-13 19:38:06',NULL,0),(346,'playerVirtual7','playerVirtual7_c26c3600e3',4,'2018-04-13 19:38:06',NULL,0),(347,'playerVirtual7','playerVirtual7_1095593',1,'2018-04-13 19:38:06',NULL,0),(348,'playerVirtual11','playerVirtual11_990694203',1,'2018-04-13 19:38:55',NULL,0),(349,'playerVirtual11','playerVirtual11_da73313c3d',4,'2018-04-13 19:38:56',NULL,0),(350,'playerVirtual11','playerVirtual11_990694203',1,'2018-04-13 19:38:56',NULL,0),(351,'playerVirtual13','playerVirtual13_5777f473d2',3,'2018-04-13 19:39:03',NULL,0),(352,'playerVirtual18','playerVirtual18_5cac93fafd',4,'2018-04-13 19:39:13',NULL,0),(353,'playerVirtual1','playerVirtual1_990694203',0,'2018-04-13 19:39:48',NULL,0),(354,'playerVirtual1','playerVirtual1_990694203',0,'2018-04-13 19:39:49',NULL,0),(355,'playerVirtual5','playerVirtual5_182859403',1,'2018-04-13 19:40:46',NULL,0),(356,'playerVirtual5','playerVirtual5_1bab5a3927',4,'2018-04-13 19:40:46',NULL,0),(357,'playerVirtual5','playerVirtual5_182859403',1,'2018-04-13 19:40:47',NULL,0),(358,'playerVirtual1','playerVirtual1_7dd0a27309',4,'2018-04-13 19:40:49',NULL,0),(359,'playerVirtual3','playerVirtual3_5297461910',1,'2018-04-13 19:41:02',NULL,0),(360,'playerVirtual3','playerVirtual3_134790b124',4,'2018-04-13 19:41:03',NULL,0),(361,'playerVirtual3','playerVirtual3_5297461910',1,'2018-04-13 19:41:03',NULL,0),(362,'playerVirtual10','playerVirtual10_5297461910',0,'2018-04-13 19:41:51',NULL,0),(363,'playerVirtual10','playerVirtual10_5297461910',0,'2018-04-13 19:41:51',NULL,0),(364,'playerVirtual2','playerVirtual2_6289704471',0,'2018-04-13 19:42:30',NULL,0),(365,'playerVirtual2','playerVirtual2_6289704471',0,'2018-04-13 19:42:30',NULL,0),(366,'playerVirtual10','playerVirtual10_7f30caa70c',3,'2018-04-13 19:42:51',NULL,0),(367,'playerVirtual2','playerVirtual2_a8bf7e7852',4,'2018-04-13 19:43:30',NULL,0),(368,'playerVirtual19','playerVirtual19_ef0a4ad6d9',4,'2018-04-13 19:44:14',NULL,0),(369,'playerVirtual4','playerVirtual4_1095593',0,'2018-04-13 19:44:19',NULL,0),(370,'playerVirtual4','playerVirtual4_1095593',0,'2018-04-13 19:44:19',NULL,0),(371,'playerVirtual16','playerVirtual16_6301942525',0,'2018-04-13 19:44:26',NULL,0),(372,'playerVirtual16','playerVirtual16_6301942525',0,'2018-04-13 19:44:26',NULL,0),(373,'playerVirtual12','playerVirtual12_3ef0feb6b2',3,'2018-04-13 19:44:52',NULL,0),(374,'playerVirtual4','playerVirtual4_86d61b99c8',4,'2018-04-13 19:45:19',NULL,0),(375,'playerVirtual16','playerVirtual16_74ecf796ba',3,'2018-04-13 19:45:26',NULL,0),(376,'playerVirtual1','playerVirtual1_990694203',1,'2018-04-13 19:46:00',NULL,0),(377,'playerVirtual1','playerVirtual1_f549d5f123',3,'2018-04-13 19:46:00',NULL,0),(378,'playerVirtual1','playerVirtual1_990694203',1,'2018-04-13 19:46:00',NULL,0),(379,'playerVirtual9','playerVirtual9_908315',0,'2018-04-13 19:47:05',NULL,0),(380,'playerVirtual9','playerVirtual9_908315',0,'2018-04-13 19:47:05',NULL,0),(381,'playerVirtual0','playerVirtual0_539194189',1,'2018-04-13 19:47:31',NULL,0),(382,'playerVirtual0','playerVirtual0_53e6a8ccd4',4,'2018-04-13 19:47:32',NULL,0),(383,'playerVirtual0','playerVirtual0_539194189',1,'2018-04-13 19:47:32',NULL,0),(384,'playerVirtual9','playerVirtual9_442d69d37d',4,'2018-04-13 19:48:08',NULL,0),(385,'playerVirtual7','playerVirtual7_908315',1,'2018-04-13 19:48:39',NULL,0),(386,'playerVirtual7','playerVirtual7_1d6f0cc1da',3,'2018-04-13 19:48:39',NULL,0),(387,'playerVirtual7','playerVirtual7_908315',1,'2018-04-13 19:48:39',NULL,0),(388,'playerVirtual14','playerVirtual14_539194189',0,'2018-04-13 19:48:58',NULL,0),(389,'playerVirtual14','playerVirtual14_539194189',0,'2018-04-13 19:48:58',NULL,0),(390,'playerVirtual20','playerVirtual20_6d614a2600',4,'2018-04-13 19:49:10',NULL,0),(391,'playerVirtual13','playerVirtual13_6289704471',0,'2018-04-13 19:49:20',NULL,0),(392,'playerVirtual5','playerVirtual5_5068098508',1,'2018-04-13 19:49:20',NULL,0),(393,'playerVirtual13','playerVirtual13_6289704471',0,'2018-04-13 19:49:20',NULL,0),(394,'playerVirtual5','playerVirtual5_7e04e56e13',3,'2018-04-13 19:49:21',NULL,0),(395,'playerVirtual5','playerVirtual5_5068098508',1,'2018-04-13 19:49:21',NULL,0),(396,'playerVirtual6','playerVirtual6_182859403',0,'2018-04-13 19:49:39',NULL,0),(397,'playerVirtual6','playerVirtual6_182859403',0,'2018-04-13 19:49:39',NULL,0),(398,'playerVirtual14','playerVirtual14_fcf5cf4279',3,'2018-04-13 19:49:58',NULL,0),(399,'playerVirtual2','playerVirtual2_904011',1,'2018-04-13 19:50:14',NULL,0),(400,'playerVirtual2','playerVirtual2_c5dbf9be10',3,'2018-04-13 19:50:14',NULL,0),(401,'playerVirtual2','playerVirtual2_904011',1,'2018-04-13 19:50:15',NULL,0),(402,'playerVirtual13','playerVirtual13_5b3806ba31',4,'2018-04-13 19:50:20',NULL,0),(403,'playerVirtual6','playerVirtual6_c8ca541ac9',3,'2018-04-13 19:50:39',NULL,0),(404,'playerVirtual3','playerVirtual3_4246147567',0,'2018-04-13 19:51:39',NULL,0),(405,'playerVirtual3','playerVirtual3_4246147567',0,'2018-04-13 19:51:39',NULL,0),(406,'playerVirtual17','playerVirtual17_6274355716',0,'2018-04-13 19:51:51',NULL,0),(407,'playerVirtual17','playerVirtual17_6274355716',0,'2018-04-13 19:51:52',NULL,0),(408,'playerVirtual16','playerVirtual16_6316827871',0,'2018-04-13 19:52:02',NULL,0),(409,'playerVirtual16','playerVirtual16_6316827871',0,'2018-04-13 19:52:03',NULL,0),(410,'playerVirtual4','playerVirtual4_1095593',1,'2018-04-13 19:52:06',NULL,0),(411,'playerVirtual4','playerVirtual4_5bf899c50f',3,'2018-04-13 19:52:06',NULL,0),(412,'playerVirtual4','playerVirtual4_1095593',1,'2018-04-13 19:52:06',NULL,0),(413,'playerVirtual10','playerVirtual10_4246147567',0,'2018-04-13 19:52:38',NULL,0),(414,'playerVirtual10','playerVirtual10_4246147567',0,'2018-04-13 19:52:39',NULL,0),(415,'playerVirtual3','playerVirtual3_f0b3233aa2',3,'2018-04-13 19:52:39',NULL,0),(416,'playerVirtual17','playerVirtual17_728bc40fad',3,'2018-04-13 19:52:52',NULL,0),(417,'playerVirtual16','playerVirtual16_f11567c5fb',4,'2018-04-13 19:53:02',NULL,0),(418,'playerVirtual10','playerVirtual10_2c6c684552',4,'2018-04-13 19:53:39',NULL,0),(419,'playerVirtual21','playerVirtual21_dfa1c36f8e',4,'2018-04-13 19:54:11',NULL,0),(420,'playerVirtual11','playerVirtual11_4246147567',0,'2018-04-13 19:54:54',NULL,0),(421,'playerVirtual11','playerVirtual11_4246147567',0,'2018-04-13 19:54:54',NULL,0),(422,'playerVirtual11','playerVirtual11_32664fba08',3,'2018-04-13 19:55:54',NULL,0),(423,'playerVirtual17','playerVirtual17_6322213339',0,'2018-04-13 19:58:35',NULL,0),(424,'playerVirtual17','playerVirtual17_6322213339',0,'2018-04-13 19:58:35',NULL,0),(425,'playerVirtual0','playerVirtual0_4246147567',0,'2018-04-13 19:59:00',NULL,0),(426,'playerVirtual0','playerVirtual0_4246147567',0,'2018-04-13 19:59:01',NULL,0),(427,'playerVirtual9','playerVirtual9_990694203',0,'2018-04-13 19:59:02',NULL,0),(428,'playerVirtual9','playerVirtual9_990694203',0,'2018-04-13 19:59:03',NULL,0),(429,'playerVirtual18','playerVirtual18_4246147567',0,'2018-04-13 19:59:08',NULL,0),(430,'playerVirtual18','playerVirtual18_4246147567',0,'2018-04-13 19:59:08',NULL,0),(431,'playerVirtual22','playerVirtual22_d90763310c',4,'2018-04-13 19:59:10',NULL,0),(432,'playerVirtual17','playerVirtual17_a28f6a0748',4,'2018-04-13 19:59:35',NULL,0),(433,'playerVirtual6','playerVirtual6_1095593',0,'2018-04-13 19:59:47',NULL,0),(434,'playerVirtual12','playerVirtual12_2378747961',0,'2018-04-13 19:59:47',NULL,0),(435,'playerVirtual6','playerVirtual6_1095593',0,'2018-04-13 19:59:51',NULL,0),(436,'playerVirtual12','playerVirtual12_2378747961',0,'2018-04-13 19:59:51',NULL,0),(437,'playerVirtual0','playerVirtual0_b087a43674',3,'2018-04-13 20:00:00',NULL,0),(438,'playerVirtual9','playerVirtual9_c558436a9c',3,'2018-04-13 20:00:03',NULL,0),(439,'playerVirtual18','playerVirtual18_9ae0d8d77d',3,'2018-04-13 20:00:08',NULL,0),(440,'playerVirtual11','playerVirtual11_559f3638b7',4,'2018-04-13 20:00:26',NULL,0),(441,'playerVirtual7','playerVirtual7_4246147567',0,'2018-04-13 20:00:31',NULL,0),(442,'playerVirtual7','playerVirtual7_4246147567',0,'2018-04-13 20:00:32',NULL,0),(443,'playerVirtual6','playerVirtual6_09ab11a99b',4,'2018-04-13 20:00:43',NULL,0),(444,'playerVirtual12','playerVirtual12_c6bd09b0ba',4,'2018-04-13 20:00:43',NULL,0),(445,'playerVirtual14','playerVirtual14_4246147567',0,'2018-04-13 20:01:06',NULL,0),(446,'playerVirtual14','playerVirtual14_4246147567',0,'2018-04-13 20:01:07',NULL,0),(447,'playerVirtual18','playerVirtual18_4246147567',1,'2018-04-13 20:01:09',NULL,0),(448,'playerVirtual18','playerVirtual18_dbb5af6141',4,'2018-04-13 20:01:10',NULL,0),(449,'playerVirtual18','playerVirtual18_4246147567',1,'2018-04-13 20:01:10',NULL,0),(450,'playerVirtual7','playerVirtual7_83ff93c5b9',4,'2018-04-13 20:01:32',NULL,0),(451,'playerVirtual14','playerVirtual14_c98746a081',4,'2018-04-13 20:02:07',NULL,0),(452,'playerVirtual2','playerVirtual2_6289704471',1,'2018-04-13 20:02:40',NULL,0),(453,'playerVirtual2','playerVirtual2_b22804e948',4,'2018-04-13 20:02:40',NULL,0),(454,'playerVirtual2','playerVirtual2_6289704471',1,'2018-04-13 20:02:41',NULL,0),(455,'playerVirtual1','playerVirtual1_5068098508',0,'2018-04-13 20:02:48',NULL,0),(456,'playerVirtual1','playerVirtual1_5068098508',0,'2018-04-13 20:02:48',NULL,0),(457,'playerVirtual13','playerVirtual13_4246147567',0,'2018-04-13 20:03:23',NULL,0),(458,'playerVirtual3','playerVirtual3_4246147567',1,'2018-04-13 20:03:23',NULL,0),(459,'playerVirtual3','playerVirtual3_36338f1285',4,'2018-04-13 20:03:23',NULL,0),(460,'playerVirtual13','playerVirtual13_4246147567',0,'2018-04-13 20:03:23',NULL,0),(461,'playerVirtual3','playerVirtual3_4246147567',1,'2018-04-13 20:03:23',NULL,0),(462,'playerVirtual5','playerVirtual5_4246147567',0,'2018-04-13 20:03:38',NULL,0),(463,'playerVirtual5','playerVirtual5_4246147567',0,'2018-04-13 20:03:38',NULL,0),(464,'playerVirtual1','playerVirtual1_2ec5644fcc',4,'2018-04-13 20:03:48',NULL,0),(465,'playerVirtual23','playerVirtual23_c63211a975',4,'2018-04-13 20:04:09',NULL,0),(466,'playerVirtual13','playerVirtual13_7828748585',3,'2018-04-13 20:04:23',NULL,0),(467,'playerVirtual5','playerVirtual5_966d9d7b79',4,'2018-04-13 20:04:38',NULL,0),(468,'playerVirtual19','playerVirtual19_4246147567',0,'2018-04-13 20:05:01',NULL,0),(469,'playerVirtual19','playerVirtual19_4246147567',0,'2018-04-13 20:05:01',NULL,0),(470,'playerVirtual10','playerVirtual10_4246147567',1,'2018-04-13 20:05:25',NULL,0),(471,'playerVirtual10','playerVirtual10_41cdb2a14d',3,'2018-04-13 20:05:25',NULL,0),(472,'playerVirtual10','playerVirtual10_4246147567',1,'2018-04-13 20:05:25',NULL,0),(473,'playerVirtual19','playerVirtual19_e5f10fe49b',3,'2018-04-13 20:06:01',NULL,0),(474,'playerVirtual19','playerVirtual19_4246147567',1,'2018-04-13 20:07:02',NULL,0),(475,'playerVirtual19','playerVirtual19_42cda3f716',4,'2018-04-13 20:07:03',NULL,0),(476,'playerVirtual19','playerVirtual19_4246147567',1,'2018-04-13 20:07:03',NULL,0),(477,'playerVirtual4','playerVirtual4_359920779',1,'2018-04-13 20:08:23',NULL,0),(478,'playerVirtual4','playerVirtual4_1191f53cf3',4,'2018-04-13 20:08:23',NULL,0),(479,'playerVirtual4','playerVirtual4_359920779',1,'2018-04-13 20:08:27',NULL,0),(480,'playerVirtual24','playerVirtual24_0449fb857f',4,'2018-04-13 20:09:07',NULL,0),(481,'playerVirtual16','playerVirtual16_4246147567',0,'2018-04-13 20:10:00',NULL,0),(482,'playerVirtual16','playerVirtual16_4246147567',0,'2018-04-13 20:10:00',NULL,0),(483,'playerVirtual0','playerVirtual0_4246147567',1,'2018-04-13 20:10:34',NULL,0),(484,'playerVirtual0','playerVirtual0_2639a9d7d9',4,'2018-04-13 20:10:35',NULL,0),(485,'playerVirtual0','playerVirtual0_4246147567',1,'2018-04-13 20:10:35',NULL,0),(486,'playerVirtual12','playerVirtual12_4246147567',0,'2018-04-13 20:10:41',NULL,0),(487,'playerVirtual12','playerVirtual12_4246147567',0,'2018-04-13 20:10:41',NULL,0),(488,'playerVirtual16','playerVirtual16_74f19e5848',3,'2018-04-13 20:11:00',NULL,0),(489,'playerVirtual9','playerVirtual9_f571d4111f',4,'2018-04-13 20:11:32',NULL,0),(490,'playerVirtual12','playerVirtual12_a01c87976c',3,'2018-04-13 20:11:41',NULL,0),(491,'playerVirtual1','playerVirtual1_5068098508',1,'2018-04-13 20:11:42',NULL,0),(492,'playerVirtual1','playerVirtual1_37ec440965',3,'2018-04-13 20:11:42',NULL,0),(493,'playerVirtual1','playerVirtual1_5068098508',1,'2018-04-13 20:11:42',NULL,0),(494,'playerVirtual7','playerVirtual7_4246147567',1,'2018-04-13 20:12:04',NULL,0),(495,'playerVirtual7','playerVirtual7_171d97fe00',3,'2018-04-13 20:12:04',NULL,0),(496,'playerVirtual7','playerVirtual7_4246147567',1,'2018-04-13 20:12:04',NULL,0),(497,'playerVirtual5','playerVirtual5_4246147567',1,'2018-04-13 20:13:13',NULL,0),(498,'playerVirtual5','playerVirtual5_19da2c9d20',3,'2018-04-13 20:13:13',NULL,0),(499,'playerVirtual5','playerVirtual5_4246147567',1,'2018-04-13 20:13:13',NULL,0),(500,'playerVirtual14','playerVirtual14_7b29d1d8c4',3,'2018-04-13 20:14:05',NULL,0),(501,'playerVirtual25','playerVirtual25_5106d64086',4,'2018-04-13 20:14:05',NULL,0),(502,'playerVirtual13','playerVirtual13_aa96bf42e8',4,'2018-04-13 20:14:39',NULL,0),(503,'playerVirtual6','playerVirtual6_4246147567',0,'2018-04-13 20:16:19',NULL,0),(504,'playerVirtual6','playerVirtual6_4246147567',0,'2018-04-13 20:16:20',NULL,0),(505,'playerVirtual6','playerVirtual6_9643620c75',3,'2018-04-13 20:17:20',NULL,0),(506,'playerVirtual16','playerVirtual16_4246147567',1,'2018-04-13 20:17:36',NULL,0),(507,'playerVirtual16','playerVirtual16_0af0bbd5f7',4,'2018-04-13 20:17:36',NULL,0),(508,'playerVirtual16','playerVirtual16_4246147567',1,'2018-04-13 20:17:37',NULL,0),(509,'playerVirtual17','playerVirtual17_4246147567',0,'2018-04-13 20:18:07',NULL,0),(510,'playerVirtual17','playerVirtual17_4246147567',0,'2018-04-13 20:18:07',NULL,0),(511,'playerVirtual3','playerVirtual3_4246147567',0,'2018-04-13 20:18:24',NULL,0),(512,'playerVirtual3','playerVirtual3_276fe194cf',3,'2018-04-13 20:18:24',NULL,0),(513,'playerVirtual3','playerVirtual3_4246147567',0,'2018-04-13 20:18:24',NULL,0),(514,'playerVirtual4','playerVirtual4_4246147567',0,'2018-04-13 20:18:47',NULL,0),(515,'playerVirtual4','playerVirtual4_4246147567',0,'2018-04-13 20:18:47',NULL,0),(516,'playerVirtual26','playerVirtual26_cbff3b25df',4,'2018-04-13 20:19:10',NULL,0),(517,'playerVirtual17','playerVirtual17_c5da4d2169',3,'2018-04-13 20:19:10',NULL,0),(518,'playerVirtual4','playerVirtual4_db8fb851a2',3,'2018-04-13 20:19:47',NULL,0),(519,'playerVirtual10','playerVirtual10_4246147567',0,'2018-04-13 20:19:50',NULL,0),(520,'playerVirtual10','playerVirtual10_7dd098595b',4,'2018-04-13 20:19:50',NULL,0),(521,'playerVirtual10','playerVirtual10_4246147567',0,'2018-04-13 20:19:51',NULL,0),(522,'playerVirtual11','playerVirtual11_4246147567',0,'2018-04-13 20:20:22',NULL,0),(523,'playerVirtual11','playerVirtual11_71807c91b7',3,'2018-04-13 20:20:23',NULL,0),(524,'playerVirtual11','playerVirtual11_4246147567',0,'2018-04-13 20:20:23',NULL,0),(525,'playerVirtual22','playerVirtual22_4246147567',0,'2018-04-13 20:22:14',NULL,0),(526,'playerVirtual22','playerVirtual22_4246147567',0,'2018-04-13 20:22:21',NULL,0),(527,'playerVirtual22','playerVirtual22_2de537eb6c',3,'2018-04-13 20:23:12',NULL,0),(528,'playerVirtual27','playerVirtual27_4efa268479',4,'2018-04-13 20:24:05',NULL,0),(529,'playerVirtual22','playerVirtual22_2d6d4af6c3',4,'2018-04-13 20:24:13',NULL,0),(530,'playerVirtual17','playerVirtual17_4246147567',1,'2018-04-13 20:24:50',NULL,0),(531,'playerVirtual17','playerVirtual17_663a57bd60',4,'2018-04-13 20:24:51',NULL,0),(532,'playerVirtual17','playerVirtual17_4246147567',1,'2018-04-13 20:24:51',NULL,0),(533,'playerVirtual11','playerVirtual11_2d9f28e321',4,'2018-04-13 20:24:54',NULL,0),(534,'playerVirtual6','playerVirtual6_4246147567',1,'2018-04-13 20:26:23',NULL,0),(535,'playerVirtual6','playerVirtual6_e6166a3f1b',4,'2018-04-13 20:26:23',NULL,0),(536,'playerVirtual6','playerVirtual6_4246147567',1,'2018-04-13 20:26:23',NULL,0),(537,'playerVirtual12','playerVirtual12_034bcde5f8',4,'2018-04-13 20:26:37',NULL,0),(538,'playerVirtual0','playerVirtual0_4246147567',0,'2018-04-13 20:27:06',NULL,0),(539,'playerVirtual0','playerVirtual0_3720220e56',3,'2018-04-13 20:27:06',NULL,0),(540,'playerVirtual0','playerVirtual0_4246147567',0,'2018-04-13 20:27:07',NULL,0),(541,'playerVirtual9','playerVirtual9_4246147567',0,'2018-04-13 20:27:22',NULL,0),(542,'playerVirtual9','playerVirtual9_4246147567',0,'2018-04-13 20:27:22',NULL,0),(543,'playerVirtual9','playerVirtual9_8767cb97eb',3,'2018-04-13 20:28:22',NULL,0),(544,'playerVirtual3','playerVirtual3_4246147567',1,'2018-04-13 20:29:07',NULL,0),(545,'playerVirtual3','playerVirtual3_942b3fae06',4,'2018-04-13 20:29:07',NULL,0),(546,'playerVirtual3','playerVirtual3_4246147567',1,'2018-04-13 20:29:08',NULL,0),(547,'playerVirtual23','playerVirtual23_4246147567',0,'2018-04-13 20:29:08',NULL,0),(548,'playerVirtual23','playerVirtual23_4246147567',0,'2018-04-13 20:29:08',NULL,0),(549,'playerVirtual28','playerVirtual28_40be97190a',4,'2018-04-13 20:29:13',NULL,0),(550,'playerVirtual7','playerVirtual7_990694203',0,'2018-04-13 20:29:19',NULL,0),(551,'playerVirtual7','playerVirtual7_1bbc224587',4,'2018-04-13 20:29:19',NULL,0),(552,'playerVirtual7','playerVirtual7_990694203',0,'2018-04-13 20:29:19',NULL,0),(553,'playerVirtual5','playerVirtual5_1436344784',1,'2018-04-13 20:29:22',NULL,0),(554,'playerVirtual5','playerVirtual5_93eb18bdfe',4,'2018-04-13 20:29:22',NULL,0),(555,'playerVirtual5','playerVirtual5_1436344784',1,'2018-04-13 20:29:22',NULL,0),(556,'playerVirtual14','playerVirtual14_4246147567',0,'2018-04-13 20:30:07',NULL,0),(557,'playerVirtual14','playerVirtual14_f695d4df08',4,'2018-04-13 20:30:08',NULL,0),(558,'playerVirtual14','playerVirtual14_4246147567',0,'2018-04-13 20:30:08',NULL,0),(559,'playerVirtual23','playerVirtual23_049b048ae8',3,'2018-04-13 20:30:08',NULL,0),(560,'playerVirtual23','playerVirtual23_4246147567',1,'2018-04-13 20:31:09',NULL,0),(561,'playerVirtual23','playerVirtual23_65f19d255b',4,'2018-04-13 20:31:09',NULL,0),(562,'playerVirtual23','playerVirtual23_4246147567',1,'2018-04-13 20:31:10',NULL,0),(563,'playerVirtual1','playerVirtual1_6344084916',0,'2018-04-13 20:31:24',NULL,0),(564,'playerVirtual1','playerVirtual1_6344084916',0,'2018-04-13 20:31:25',NULL,0),(565,'playerVirtual10','playerVirtual10_4246147567',1,'2018-04-13 20:31:36',NULL,0),(566,'playerVirtual10','playerVirtual10_af8af7b588',3,'2018-04-13 20:31:36',NULL,0),(567,'playerVirtual10','playerVirtual10_4246147567',1,'2018-04-13 20:31:36',NULL,0),(568,'playerVirtual1','playerVirtual1_dca62a3bc4',4,'2018-04-13 20:32:25',NULL,0),(569,'playerVirtual19','playerVirtual19_4246147567',0,'2018-04-13 20:32:27',NULL,0),(570,'playerVirtual19','playerVirtual19_35466ead7a',3,'2018-04-13 20:32:28',NULL,0),(571,'playerVirtual19','playerVirtual19_4246147567',0,'2018-04-13 20:32:28',NULL,0),(572,'playerVirtual13','playerVirtual13_272887063',0,'2018-04-13 20:32:44',NULL,0),(573,'playerVirtual13','playerVirtual13_272887063',0,'2018-04-13 20:32:44',NULL,0),(574,'playerVirtual19','playerVirtual19_4246147567',1,'2018-04-13 20:33:29',NULL,0),(575,'playerVirtual19','playerVirtual19_0e1ba3ea29',4,'2018-04-13 20:33:29',NULL,0),(576,'playerVirtual19','playerVirtual19_4246147567',1,'2018-04-13 20:33:30',NULL,0),(577,'playerVirtual13','playerVirtual13_209ef0ffad',3,'2018-04-13 20:33:44',NULL,0),(578,'playerVirtual29','playerVirtual29_8a8cae9bb7',4,'2018-04-13 20:34:11',NULL,0),(579,'playerVirtual24','playerVirtual24_4246147567',0,'2018-04-13 20:35:01',NULL,0),(580,'playerVirtual24','playerVirtual24_4246147567',0,'2018-04-13 20:35:01',NULL,0),(581,'playerVirtual4','playerVirtual4_4246147567',1,'2018-04-13 20:35:59',NULL,0),(582,'playerVirtual4','playerVirtual4_2250780e71',4,'2018-04-13 20:36:00',NULL,0),(583,'playerVirtual4','playerVirtual4_4246147567',1,'2018-04-13 20:36:00',NULL,0),(584,'playerVirtual24','playerVirtual24_458d877ef2',3,'2018-04-13 20:36:01',NULL,0),(585,'playerVirtual24','playerVirtual24_4246147567',1,'2018-04-13 20:37:02',NULL,0),(586,'playerVirtual24','playerVirtual24_f82f9d4cfd',4,'2018-04-13 20:37:02',NULL,0),(587,'playerVirtual24','playerVirtual24_4246147567',1,'2018-04-13 20:37:02',NULL,0),(588,'playerVirtual0','playerVirtual0_4246147567',1,'2018-04-13 20:37:39',NULL,0),(589,'playerVirtual0','playerVirtual0_aa326f391d',4,'2018-04-13 20:37:39',NULL,0),(590,'playerVirtual0','playerVirtual0_4246147567',1,'2018-04-13 20:37:39',NULL,0),(591,'playerVirtual30','playerVirtual30_93d8614bd9',4,'2018-04-13 20:39:10',NULL,0),(592,'playerVirtual9','playerVirtual9_4246147567',1,'2018-04-13 20:39:48',NULL,0),(593,'playerVirtual9','playerVirtual9_0e503dcc1c',4,'2018-04-13 20:39:49',NULL,0),(594,'playerVirtual9','playerVirtual9_4246147567',1,'2018-04-13 20:39:49',NULL,0),(595,'playerVirtual7','playerVirtual7_990694203',1,'2018-04-13 20:39:52',NULL,0),(596,'playerVirtual7','playerVirtual7_7ab826f1a3',3,'2018-04-13 20:39:52',NULL,0),(597,'playerVirtual7','playerVirtual7_990694203',1,'2018-04-13 20:39:52',NULL,0),(598,'playerVirtual16','playerVirtual16_4246147567',0,'2018-04-13 20:39:53',NULL,0),(599,'playerVirtual16','playerVirtual16_87fabda614',3,'2018-04-13 20:39:53',NULL,0),(600,'playerVirtual16','playerVirtual16_4246147567',0,'2018-04-13 20:39:54',NULL,0),(601,'playerVirtual12','playerVirtual12_2378747961',1,'2018-04-13 20:40:47',NULL,0),(602,'playerVirtual12','playerVirtual12_481c309e06',3,'2018-04-13 20:40:47',NULL,0),(603,'playerVirtual12','playerVirtual12_2378747961',1,'2018-04-13 20:40:47',NULL,0),(604,'playerVirtual25','playerVirtual25_4246147567',0,'2018-04-13 20:41:19',NULL,0),(605,'playerVirtual25','playerVirtual25_4246147567',0,'2018-04-13 20:41:19',NULL,0),(606,'playerVirtual14','playerVirtual14_5e507c19a1',3,'2018-04-13 20:42:06',NULL,0),(607,'playerVirtual25','playerVirtual25_61779aa5cc',3,'2018-04-13 20:42:19',NULL,0),(608,'playerVirtual5','playerVirtual5_16917741',1,'2018-04-13 20:42:21',NULL,0),(609,'playerVirtual5','playerVirtual5_15443dbe24',3,'2018-04-13 20:42:21',NULL,0),(610,'playerVirtual5','playerVirtual5_16917741',1,'2018-04-13 20:42:21',NULL,0),(611,'playerVirtual1','playerVirtual1_4246147567',0,'2018-04-13 20:42:57',NULL,0),(612,'playerVirtual1','playerVirtual1_4246147567',0,'2018-04-13 20:42:57',NULL,0),(613,'playerVirtual25','playerVirtual25_4246147567',1,'2018-04-13 20:43:20',NULL,0),(614,'playerVirtual25','playerVirtual25_8d5a09ea5a',4,'2018-04-13 20:43:21',NULL,0),(615,'playerVirtual25','playerVirtual25_4246147567',1,'2018-04-13 20:43:22',NULL,0),(616,'playerVirtual1','playerVirtual1_01137e50c5',3,'2018-04-13 20:43:57',NULL,0),(617,'playerVirtual31','playerVirtual31_060b8b28cb',4,'2018-04-13 20:44:11',NULL,0),(618,'playerVirtual13','playerVirtual13_1436344784',0,'2018-04-13 20:46:18',NULL,0),(619,'playerVirtual13','playerVirtual13_1436344784',0,'2018-04-13 20:46:18',NULL,0),(620,'playerVirtual16','playerVirtual16_4246147567',1,'2018-04-13 20:46:30',NULL,0),(621,'playerVirtual16','playerVirtual16_d09de57eef',4,'2018-04-13 20:46:30',NULL,0),(622,'playerVirtual16','playerVirtual16_4246147567',1,'2018-04-13 20:46:30',NULL,0),(623,'playerVirtual26','playerVirtual26_4246147567',0,'2018-04-13 20:47:11',NULL,0),(624,'playerVirtual26','playerVirtual26_4246147567',0,'2018-04-13 20:47:11',NULL,0),(625,'playerVirtual6','playerVirtual6_4820150269',0,'2018-04-13 20:47:13',NULL,0),(626,'playerVirtual6','playerVirtual6_4820150269',0,'2018-04-13 20:47:13',NULL,0),(627,'playerVirtual13','playerVirtual13_ab6735f859',4,'2018-04-13 20:47:18',NULL,0),(628,'playerVirtual3','playerVirtual3_82730999',1,'2018-04-13 20:47:38',NULL,0),(629,'playerVirtual3','playerVirtual3_b01cab83e1',3,'2018-04-13 20:47:38',NULL,0),(630,'playerVirtual3','playerVirtual3_82730999',1,'2018-04-13 20:47:38',NULL,0),(631,'playerVirtual4','playerVirtual4_272887063',1,'2018-04-13 20:48:07',NULL,0),(632,'playerVirtual4','playerVirtual4_c3a423f64c',3,'2018-04-13 20:48:07',NULL,0),(633,'playerVirtual4','playerVirtual4_272887063',1,'2018-04-13 20:48:07',NULL,0),(634,'playerVirtual26','playerVirtual26_1180714138',3,'2018-04-13 20:48:11',NULL,0),(635,'playerVirtual6','playerVirtual6_f270f90886',3,'2018-04-13 20:48:13',NULL,0),(636,'playerVirtual17','playerVirtual17_4246147567',0,'2018-04-13 20:48:59',NULL,0),(637,'playerVirtual17','playerVirtual17_dcd5b906d9',3,'2018-04-13 20:48:59',NULL,0),(638,'playerVirtual17','playerVirtual17_4246147567',0,'2018-04-13 20:49:06',NULL,0),(639,'playerVirtual32','playerVirtual32_db47fab41a',4,'2018-04-13 20:49:08',NULL,0),(640,'playerVirtual26','playerVirtual26_4246147567',1,'2018-04-13 20:49:13',NULL,0),(641,'playerVirtual26','playerVirtual26_fadc6e7e4c',4,'2018-04-13 20:49:13',NULL,0),(642,'playerVirtual26','playerVirtual26_4246147567',1,'2018-04-13 20:49:13',NULL,0),(643,'playerVirtual10','playerVirtual10_5297461910',1,'2018-04-13 20:49:27',NULL,0),(644,'playerVirtual10','playerVirtual10_89489946c6',4,'2018-04-13 20:49:27',NULL,0),(645,'playerVirtual10','playerVirtual10_5297461910',1,'2018-04-13 20:49:27',NULL,0),(646,'playerVirtual11','playerVirtual11_16917741',0,'2018-04-13 20:50:13',NULL,0),(647,'playerVirtual11','playerVirtual11_16917741',0,'2018-04-13 20:50:13',NULL,0),(648,'playerVirtual11','playerVirtual11_f1d14e4246',3,'2018-04-13 20:51:13',NULL,0),(649,'playerVirtual27','playerVirtual27_4246147567',0,'2018-04-13 20:52:41',NULL,0),(650,'playerVirtual27','playerVirtual27_4246147567',0,'2018-04-13 20:52:41',NULL,0),(651,'playerVirtual22','playerVirtual22_6566788',0,'2018-04-13 20:52:58',NULL,0),(652,'playerVirtual22','playerVirtual22_6566788',0,'2018-04-13 20:52:58',NULL,0),(653,'playerVirtual27','playerVirtual27_e62258795e',3,'2018-04-13 20:53:41',NULL,0),(654,'playerVirtual22','playerVirtual22_c8b1c5f467',3,'2018-04-13 20:53:58',NULL,0),(655,'playerVirtual33','playerVirtual33_2165098d4c',4,'2018-04-13 20:54:08',NULL,0),(656,'playerVirtual17','playerVirtual17_4246147567',1,'2018-04-13 20:54:40',NULL,0),(657,'playerVirtual17','playerVirtual17_b425d7f67b',4,'2018-04-13 20:54:40',NULL,0),(658,'playerVirtual17','playerVirtual17_4246147567',1,'2018-04-13 20:54:40',NULL,0),(659,'playerVirtual27','playerVirtual27_4246147567',1,'2018-04-13 20:54:42',NULL,0),(660,'playerVirtual27','playerVirtual27_56d39ac57c',4,'2018-04-13 20:54:42',NULL,0),(661,'playerVirtual27','playerVirtual27_4246147567',1,'2018-04-13 20:54:43',NULL,0),(662,'playerVirtual12','playerVirtual12_3338579772',1,'2018-04-13 20:56:31',NULL,0),(663,'playerVirtual12','playerVirtual12_07266c3fed',4,'2018-04-13 20:56:32',NULL,0),(664,'playerVirtual12','playerVirtual12_3338579772',1,'2018-04-13 20:56:32',NULL,0),(665,'playerVirtual0','playerVirtual0_990694203',0,'2018-04-13 20:58:03',NULL,0),(666,'playerVirtual0','playerVirtual0_74a580ee9e',3,'2018-04-13 20:58:03',NULL,0),(667,'playerVirtual0','playerVirtual0_990694203',0,'2018-04-13 20:58:03',NULL,0),(668,'playerVirtual28','playerVirtual28_5297461910',0,'2018-04-13 20:58:10',NULL,0),(669,'playerVirtual28','playerVirtual28_5297461910',0,'2018-04-13 20:58:11',NULL,0),(670,'playerVirtual34','playerVirtual34_1f65610973',4,'2018-04-13 20:59:10',NULL,0),(671,'playerVirtual28','playerVirtual28_ffa603f3ae',3,'2018-04-13 20:59:11',NULL,0),(672,'playerVirtual11','playerVirtual11_4f429e9e10',4,'2018-04-13 20:59:11',NULL,0),(673,'playerVirtual9','playerVirtual9_1438244924',0,'2018-04-13 20:59:46',NULL,0),(674,'playerVirtual9','playerVirtual9_1438244924',0,'2018-04-13 20:59:46',NULL,0),(675,'playerVirtual22','playerVirtual22_4246147567',0,'2018-04-13 21:00:06',NULL,0),(676,'playerVirtual22','playerVirtual22_e093653fd1',4,'2018-04-13 21:00:07',NULL,0),(677,'playerVirtual22','playerVirtual22_4246147567',0,'2018-04-13 21:00:07',NULL,0),(678,'playerVirtual23','playerVirtual23_4246147567',0,'2018-04-13 21:00:10',NULL,0),(679,'playerVirtual23','playerVirtual23_f5165f2d6b',3,'2018-04-13 21:00:10',NULL,0),(680,'playerVirtual23','playerVirtual23_4246147567',0,'2018-04-13 21:00:10',NULL,0),(681,'playerVirtual7','playerVirtual7_4246147567',0,'2018-04-13 21:00:47',NULL,0),(682,'playerVirtual9','playerVirtual9_6dbef10ff9',3,'2018-04-13 21:00:47',NULL,0),(683,'playerVirtual7','playerVirtual7_2444799691',4,'2018-04-13 21:00:47',NULL,0),(684,'playerVirtual7','playerVirtual7_4246147567',0,'2018-04-13 21:00:48',NULL,0),(685,'playerVirtual23','playerVirtual23_4246147567',1,'2018-04-13 21:01:11',NULL,0),(686,'playerVirtual5','playerVirtual5_5792765',0,'2018-04-13 21:01:12',NULL,0),(687,'playerVirtual23','playerVirtual23_0ad9a0c55e',4,'2018-04-13 21:01:12',NULL,0),(688,'playerVirtual23','playerVirtual23_4246147567',1,'2018-04-13 21:01:12',NULL,0),(689,'playerVirtual5','playerVirtual5_5792765',0,'2018-04-13 21:01:12',NULL,0),(690,'playerVirtual6','playerVirtual6_4246147567',0,'2018-04-13 21:01:22',NULL,0),(691,'playerVirtual6','playerVirtual6_0029c1e329',4,'2018-04-13 21:01:23',NULL,0),(692,'playerVirtual6','playerVirtual6_4246147567',0,'2018-04-13 21:01:23',NULL,0),(693,'playerVirtual10','playerVirtual10_6280643141',1,'2018-04-13 21:01:52',NULL,0),(694,'playerVirtual10','playerVirtual10_428d7eabf1',3,'2018-04-13 21:01:52',NULL,0),(695,'playerVirtual14','playerVirtual14_9d0ec10cfb',4,'2018-04-13 21:01:52',NULL,0),(696,'playerVirtual10','playerVirtual10_6280643141',1,'2018-04-13 21:01:52',NULL,0),(697,'playerVirtual5','playerVirtual5_d53f731a24',4,'2018-04-13 21:02:12',NULL,0),(698,'playerVirtual3','playerVirtual3_4246147567',0,'2018-04-13 21:02:26',NULL,0),(699,'playerVirtual3','playerVirtual3_2f1114c9ae',4,'2018-04-13 21:02:26',NULL,0),(700,'playerVirtual3','playerVirtual3_4246147567',0,'2018-04-13 21:02:26',NULL,0),(701,'playerVirtual19','playerVirtual19_4246147567',0,'2018-04-13 21:02:58',NULL,0),(702,'playerVirtual19','playerVirtual19_72a953a542',3,'2018-04-13 21:02:58',NULL,0),(703,'playerVirtual19','playerVirtual19_4246147567',0,'2018-04-13 21:02:58',NULL,0),(704,'playerVirtual1','playerVirtual1_63a4a98bc4',4,'2018-04-13 21:03:40',NULL,0),(705,'playerVirtual29','playerVirtual29_5068098508',0,'2018-04-13 21:03:49',NULL,0),(706,'playerVirtual29','playerVirtual29_5068098508',0,'2018-04-13 21:03:49',NULL,0),(707,'playerVirtual19','playerVirtual19_4246147567',1,'2018-04-13 21:04:00',NULL,0),(708,'playerVirtual19','playerVirtual19_9eacb2a13f',4,'2018-04-13 21:04:00',NULL,0),(709,'playerVirtual19','playerVirtual19_4246147567',1,'2018-04-13 21:04:00',NULL,0),(710,'playerVirtual35','playerVirtual35_0594df9f36',4,'2018-04-13 21:04:11',NULL,0),(711,'playerVirtual29','playerVirtual29_5731984ee7',3,'2018-04-13 21:04:49',NULL,0),(712,'playerVirtual28','playerVirtual28_4246147567',0,'2018-04-13 21:06:18',NULL,0),(713,'playerVirtual28','playerVirtual28_4246147567',0,'2018-04-13 21:06:18',NULL,0),(714,'playerVirtual24','playerVirtual24_4246147567',0,'2018-04-13 21:06:46',NULL,0),(715,'playerVirtual24','playerVirtual24_5fe9eee33a',3,'2018-04-13 21:06:46',NULL,0),(716,'playerVirtual24','playerVirtual24_4246147567',0,'2018-04-13 21:06:46',NULL,0),(717,'playerVirtual28','playerVirtual28_128e9b3734',4,'2018-04-13 21:07:18',NULL,0),(718,'playerVirtual24','playerVirtual24_4246147567',1,'2018-04-13 21:07:47',NULL,0),(719,'playerVirtual24','playerVirtual24_c099f69b3c',4,'2018-04-13 21:07:47',NULL,0),(720,'playerVirtual24','playerVirtual24_4246147567',1,'2018-04-13 21:07:48',NULL,0),(721,'playerVirtual13','playerVirtual13_4246147567',0,'2018-04-13 21:07:50',NULL,0),(722,'playerVirtual13','playerVirtual13_eb058efb2b',3,'2018-04-13 21:07:51',NULL,0),(723,'playerVirtual13','playerVirtual13_4246147567',0,'2018-04-13 21:07:51',NULL,0),(724,'playerVirtual0','playerVirtual0_990694203',1,'2018-04-13 21:08:36',NULL,0),(725,'playerVirtual0','playerVirtual0_01f56e0be9',4,'2018-04-13 21:08:36',NULL,0),(726,'playerVirtual0','playerVirtual0_990694203',1,'2018-04-13 21:08:36',NULL,0),(727,'playerVirtual36','playerVirtual36_c139783806',4,'2018-04-13 21:09:13',NULL,0),(728,'playerVirtual30','playerVirtual30_6280643141',0,'2018-04-13 21:09:15',NULL,0),(729,'playerVirtual30','playerVirtual30_6280643141',0,'2018-04-13 21:09:20',NULL,0),(730,'playerVirtual4','playerVirtual4_4246147567',0,'2018-04-13 21:09:45',NULL,0),(731,'playerVirtual4','playerVirtual4_59f0f411da',4,'2018-04-13 21:09:45',NULL,0),(732,'playerVirtual4','playerVirtual4_4246147567',0,'2018-04-13 21:09:45',NULL,0),(733,'playerVirtual30','playerVirtual30_dc970ae843',3,'2018-04-13 21:10:12',NULL,0),(734,'playerVirtual7','playerVirtual7_4246147567',1,'2018-04-13 21:11:24',NULL,0),(735,'playerVirtual7','playerVirtual7_8771d89f7a',3,'2018-04-13 21:11:24',NULL,0),(736,'playerVirtual7','playerVirtual7_4246147567',1,'2018-04-13 21:11:28',NULL,0),(737,'playerVirtual29','playerVirtual29_16917741',0,'2018-04-13 21:12:32',NULL,0),(738,'playerVirtual29','playerVirtual29_16917741',0,'2018-04-13 21:12:32',NULL,0),(739,'playerVirtual16','playerVirtual16_4246147567',0,'2018-04-13 21:12:44',NULL,0),(740,'playerVirtual16','playerVirtual16_979bc75a14',3,'2018-04-13 21:12:45',NULL,0),(741,'playerVirtual16','playerVirtual16_4246147567',0,'2018-04-13 21:12:45',NULL,0),(742,'playerVirtual29','playerVirtual29_a8fa819b64',4,'2018-04-13 21:13:31',NULL,0),(743,'playerVirtual14','playerVirtual14_4246147567',1,'2018-04-13 21:13:47',NULL,0),(744,'playerVirtual14','playerVirtual14_171bfa0c4b',3,'2018-04-13 21:13:47',NULL,0),(745,'playerVirtual14','playerVirtual14_4246147567',1,'2018-04-13 21:13:48',NULL,0),(746,'playerVirtual37','playerVirtual37_424222d209',4,'2018-04-13 21:14:06',NULL,0),(747,'playerVirtual25','playerVirtual25_4246147567',0,'2018-04-13 21:14:33',NULL,0),(748,'playerVirtual25','playerVirtual25_18aeb9d3ce',3,'2018-04-13 21:14:33',NULL,0),(749,'playerVirtual25','playerVirtual25_4246147567',0,'2018-04-13 21:14:40',NULL,0),(750,'playerVirtual25','playerVirtual25_4246147567',1,'2018-04-13 21:15:32',NULL,0),(751,'playerVirtual25','playerVirtual25_f29e548a0f',4,'2018-04-13 21:15:32',NULL,0),(752,'playerVirtual25','playerVirtual25_4246147567',1,'2018-04-13 21:15:32',NULL,0),(753,'playerVirtual12','playerVirtual12_904011',0,'2018-04-13 21:16:31',NULL,0),(754,'playerVirtual12','playerVirtual12_904011',0,'2018-04-13 21:16:32',NULL,0),(755,'playerVirtual9','playerVirtual9_4246147567',0,'2018-04-13 21:17:06',NULL,0),(756,'playerVirtual9','playerVirtual9_f7a0bf107a',4,'2018-04-13 21:17:06',NULL,0),(757,'playerVirtual9','playerVirtual9_4246147567',0,'2018-04-13 21:17:06',NULL,0),(758,'playerVirtual12','playerVirtual12_0aab876894',3,'2018-04-13 21:17:31',NULL,0),(759,'playerVirtual30','playerVirtual30_4246147567',0,'2018-04-13 21:18:15',NULL,0),(760,'playerVirtual30','playerVirtual30_4246147567',0,'2018-04-13 21:18:16',NULL,0),(761,'playerVirtual38','playerVirtual38_cd8f9537a2',4,'2018-04-13 21:19:07',NULL,0),(762,'playerVirtual30','playerVirtual30_d77368bdc5',4,'2018-04-13 21:19:16',NULL,0),(763,'playerVirtual16','playerVirtual16_4246147567',1,'2018-04-13 21:19:22',NULL,0),(764,'playerVirtual16','playerVirtual16_c27db3919c',4,'2018-04-13 21:19:22',NULL,0),(765,'playerVirtual16','playerVirtual16_4246147567',1,'2018-04-13 21:19:22',NULL,0),(766,'playerVirtual5','playerVirtual5_4246147567',0,'2018-04-13 21:20:05',NULL,0),(767,'playerVirtual5','playerVirtual5_1ebfad74f0',3,'2018-04-13 21:20:05',NULL,0),(768,'playerVirtual5','playerVirtual5_4246147567',0,'2018-04-13 21:20:05',NULL,0),(769,'playerVirtual13','playerVirtual13_bdb85048a9',4,'2018-04-13 21:20:24',NULL,0),(770,'playerVirtual10','playerVirtual10_1438244924',1,'2018-04-13 21:20:50',NULL,0),(771,'playerVirtual10','playerVirtual10_d3df9611d2',4,'2018-04-13 21:20:50',NULL,0),(772,'playerVirtual10','playerVirtual10_1438244924',1,'2018-04-13 21:20:51',NULL,0),(773,'playerVirtual1','playerVirtual1_4246147567',0,'2018-04-13 21:20:54',NULL,0),(774,'playerVirtual1','playerVirtual1_6f88c88f6f',3,'2018-04-13 21:20:54',NULL,0),(775,'playerVirtual1','playerVirtual1_4246147567',0,'2018-04-13 21:20:58',NULL,0),(776,'playerVirtual3','playerVirtual3_4246147567',1,'2018-04-13 21:21:00',NULL,0),(777,'playerVirtual3','playerVirtual3_1b929599e4',3,'2018-04-13 21:21:00',NULL,0),(778,'playerVirtual3','playerVirtual3_4246147567',1,'2018-04-13 21:21:05',NULL,0),(779,'playerVirtual4','playerVirtual4_4246147567',1,'2018-04-13 21:21:52',NULL,0),(780,'playerVirtual4','playerVirtual4_248feca5dc',3,'2018-04-13 21:21:53',NULL,0),(781,'playerVirtual4','playerVirtual4_4246147567',1,'2018-04-13 21:21:53',NULL,0),(782,'playerVirtual6','playerVirtual6_5637fb29cc',3,'2018-04-13 21:22:11',NULL,0),(783,'playerVirtual26','playerVirtual26_4246147567',0,'2018-04-13 21:22:38',NULL,0),(784,'playerVirtual26','playerVirtual26_dfda1e1bd1',3,'2018-04-13 21:22:38',NULL,0),(785,'playerVirtual26','playerVirtual26_4246147567',0,'2018-04-13 21:22:38',NULL,0);
/*!40000 ALTER TABLE `REQUEST` ENABLE KEYS */;
UNLOCK TABLES;

--
-- Table structure for table `STATUS`
--

DROP TABLE IF EXISTS `STATUS`;
/*!40101 SET @saved_cs_client     = @@character_set_client */;
/*!40101 SET character_set_client = utf8 */;
CREATE TABLE `STATUS` (
  `id` int(11) NOT NULL AUTO_INCREMENT,
  `players` int(11) DEFAULT '0',
  `all_requests` int(11) DEFAULT '0',
  `accepts` int(11) DEFAULT '0',
  `rejects` int(11) DEFAULT '0',
  `fairness` double DEFAULT '0',
  `timestamp` timestamp NULL DEFAULT NULL,
  PRIMARY KEY (`id`)
) ENGINE=InnoDB AUTO_INCREMENT=32 DEFAULT CHARSET=utf8;
/*!40101 SET character_set_client = @saved_cs_client */;

--
-- Dumping data for table `STATUS`
--

LOCK TABLES `STATUS` WRITE;
/*!40000 ALTER TABLE `STATUS` DISABLE KEYS */;
INSERT INTO `STATUS` VALUES (1,0,0,0,0,0,'2018-04-13 18:52:22'),(2,10,15,0,0,0,'2018-04-13 18:57:22'),(3,11,30,15,0,0.5,'2018-04-13 19:02:22'),(4,12,43,30,1,0.6977,'2018-04-13 19:07:22'),(5,13,55,41,1,0.7455,'2018-04-13 19:12:22'),(6,14,66,53,2,0.803,'2018-04-13 19:17:23'),(7,15,73,63,3,0.863,'2018-04-13 19:22:23'),(8,16,84,68,5,0.8095,'2018-04-13 19:27:23'),(9,17,88,76,6,0.8636,'2018-04-13 19:32:23'),(10,18,92,80,6,0.8696,'2018-04-13 19:37:23'),(11,19,95,82,7,0.8632,'2018-04-13 19:42:23'),(12,20,99,85,7,0.8586,'2018-04-13 19:47:23'),(13,21,105,89,9,0.8476,'2018-04-13 19:52:24'),(14,22,107,93,10,0.8692,'2018-04-13 19:57:24'),(15,23,115,95,11,0.8261,'2018-04-13 20:02:24'),(16,24,119,101,12,0.8487,'2018-04-13 20:07:24'),(17,25,121,103,13,0.8512,'2018-04-13 20:12:24'),(18,26,122,104,13,0.8525,'2018-04-13 20:17:24'),(19,27,128,105,13,0.8203,'2018-04-13 20:22:24'),(20,28,130,110,14,0.8462,'2018-04-13 20:27:24'),(21,29,134,113,14,0.8433,'2018-04-13 20:32:25'),(22,30,137,118,14,0.8613,'2018-04-13 20:37:25'),(23,31,139,119,14,0.8561,'2018-04-13 20:42:25'),(24,32,143,121,16,0.8462,'2018-04-13 20:47:25'),(25,33,145,123,17,0.8483,'2018-04-13 20:52:25'),(26,34,147,125,18,0.8503,'2018-04-13 20:57:25'),(27,35,155,126,20,0.8129,'2018-04-13 21:02:25'),(28,36,160,132,22,0.825,'2018-04-13 21:07:26'),(29,37,163,134,22,0.8221,'2018-04-13 21:12:26'),(30,38,168,139,23,0.8274,'2018-04-13 21:17:26'),(31,39,171,142,24,0.8304,'2018-04-13 21:22:26');
/*!40000 ALTER TABLE `STATUS` ENABLE KEYS */;
UNLOCK TABLES;

--
-- Table structure for table `THRESHOLD`
--

DROP TABLE IF EXISTS `THRESHOLD`;
/*!40101 SET @saved_cs_client     = @@character_set_client */;
/*!40101 SET character_set_client = utf8 */;
CREATE TABLE `THRESHOLD` (
  `division` int(11) NOT NULL,
  `botton` double DEFAULT '0',
  `top` double DEFAULT '0',
  PRIMARY KEY (`division`)
) ENGINE=InnoDB DEFAULT CHARSET=utf8;
/*!40101 SET character_set_client = @saved_cs_client */;

--
-- Dumping data for table `THRESHOLD`
--

LOCK TABLES `THRESHOLD` WRITE;
/*!40000 ALTER TABLE `THRESHOLD` DISABLE KEYS */;
INSERT INTO `THRESHOLD` VALUES (1,8.76,20),(2,4.38,8.76),(3,0,4.38);
/*!40000 ALTER TABLE `THRESHOLD` ENABLE KEYS */;
UNLOCK TABLES;

--
-- Table structure for table `VM`
--

DROP TABLE IF EXISTS `VM`;
/*!40101 SET @saved_cs_client     = @@character_set_client */;
/*!40101 SET character_set_client = utf8 */;
CREATE TABLE `VM` (
  `id` int(11) NOT NULL AUTO_INCREMENT,
  `origin_add` varchar(45) NOT NULL,
  `origin_id` varchar(45) NOT NULL,
  `origin_name` varchar(45) NOT NULL,
  `destiny_add` varchar(45) NOT NULL,
  `destiny_name` varchar(45) NOT NULL,
  `destiny_id` varchar(45) NOT NULL,
  `status` tinyint(1) NOT NULL,
  `has_resources` tinyint(1) NOT NULL,
  `vcpus` int(11) NOT NULL,
  `mem` bigint(20) NOT NULL,
  `disk` bigint(20) NOT NULL,
  `timestamp_received` timestamp NULL DEFAULT NULL,
  `timestamp_finished` timestamp NULL DEFAULT NULL,
  PRIMARY KEY (`id`)
) ENGINE=InnoDB AUTO_INCREMENT=173 DEFAULT CHARSET=utf8;
/*!40101 SET character_set_client = @saved_cs_client */;

--
-- Dumping data for table `VM`
--

LOCK TABLES `VM` WRITE;
/*!40000 ALTER TABLE `VM` DISABLE KEYS */;
INSERT INTO `VM` VALUES (1,'192.168.0.200','playerVirtual4_450512000','playerVirtual4','192.168.0.200','playerVirtual1','playerVirtual1_f7ef11a3e4',1,1,1,2048,20,'2018-04-13 18:54:57',NULL),(2,'192.168.0.200','playerVirtual1_1438244924','playerVirtual1','192.168.0.200','playerVirtual4','playerVirtual4_b3983c4bf2',3,1,1,2048,20,'2018-04-13 18:55:00','2018-04-13 19:29:01'),(3,'192.168.0.200','playerVirtual8_640692267','playerVirtual8','192.168.0.200','playerVirtual2','playerVirtual2_9496e8fbd9',1,1,1,512,1,'2018-04-13 18:55:03',NULL),(4,'192.168.0.200','playerVirtual2_2381571381','playerVirtual2','192.168.0.200','playerVirtual8','playerVirtual8_ab066f446d',3,1,1,2048,20,'2018-04-13 18:55:04','2018-04-13 19:31:08'),(5,'192.168.0.200','playerVirtual3_5297461910','playerVirtual3','192.168.0.200','playerVirtual6','playerVirtual6_d3ebae9bf4',3,1,1,512,1,'2018-04-13 18:55:05','2018-04-13 19:41:03'),(6,'192.168.0.200','playerVirtual6_2790332778','playerVirtual6','192.168.0.200','playerVirtual3','playerVirtual3_19841e6242',1,1,2,4096,40,'2018-04-13 18:55:08',NULL),(7,'192.168.0.200','playerVirtual5_369721705','playerVirtual5','192.168.0.200','playerVirtual9','playerVirtual9_fb3c80bf23',1,1,2,4096,40,'2018-04-13 18:55:09',NULL),(8,'192.168.0.200','playerVirtual9_317469422','playerVirtual9','192.168.0.200','playerVirtual5','playerVirtual5_a364bf065d',1,1,2,4096,40,'2018-04-13 18:55:10',NULL),(9,'192.168.0.200','playerVirtual7_6955737','playerVirtual7','192.168.0.200','playerVirtual0','playerVirtual0_e0fa2dd615',3,1,1,2048,20,'2018-04-13 18:55:10','2018-04-13 19:25:57'),(10,'192.168.0.200','playerVirtual0_257338104','playerVirtual0','192.168.0.200','playerVirtual7','playerVirtual7_96404e9d11',1,1,2,4096,40,'2018-04-13 18:55:11',NULL),(11,'192.168.0.200','playerVirtual1_2433236783','playerVirtual1','192.168.0.200','playerVirtual4','playerVirtual4_13d7e67ef4',1,1,1,2048,20,'2018-04-13 18:57:10',NULL),(12,'192.168.0.200','playerVirtual4_3584940347','playerVirtual4','192.168.0.200','playerVirtual1','playerVirtual1_d79ea2e2d5',1,1,1,512,1,'2018-04-13 18:57:11',NULL),(13,'192.168.0.200','playerVirtual2_257407216','playerVirtual2','192.168.0.200','playerVirtual6','playerVirtual6_4ddb9e91a5',1,1,2,4096,40,'2018-04-13 18:57:12',NULL),(14,'192.168.0.200','playerVirtual8_3338579772','playerVirtual8','192.168.0.200','playerVirtual2','playerVirtual2_8bcb98c787',2,1,1,2048,20,'2018-04-13 18:57:12','2018-04-13 19:25:37'),(15,'192.168.0.200','playerVirtual3_182859403','playerVirtual3','192.168.0.200','playerVirtual5','playerVirtual5_d52c068619',3,1,1,512,1,'2018-04-13 18:57:19','2018-04-13 19:17:38'),(16,'192.168.0.200','playerVirtual6_2359368952','playerVirtual6','192.168.0.200','playerVirtual3','playerVirtual3_0a18ff783e',3,1,1,512,1,'2018-04-13 18:57:22','2018-04-13 19:12:08'),(17,'192.168.0.200','playerVirtual5_16917741','playerVirtual5','192.168.0.200','playerVirtual9','playerVirtual9_73ceff0866',3,1,1,512,1,'2018-04-13 18:57:26','2018-04-13 20:42:21'),(18,'192.168.0.200','playerVirtual9_2545640208','playerVirtual9','192.168.0.200','playerVirtual0','playerVirtual0_29435944d8',1,1,1,2048,20,'2018-04-13 18:57:34',NULL),(19,'192.168.0.200','playerVirtual7_908315','playerVirtual7','192.168.0.200','playerVirtual1','playerVirtual1_51beb750f5',3,1,1,2048,20,'2018-04-13 18:57:35','2018-04-13 19:48:39'),(20,'192.168.0.200','playerVirtual0_539194189','playerVirtual0','192.168.0.200','playerVirtual7','playerVirtual7_279ff1f582',3,1,1,2048,20,'2018-04-13 18:57:43','2018-04-13 19:47:32'),(21,'192.168.0.200','playerVirtual1_4820204870','playerVirtual1','192.168.0.200','playerVirtual10','playerVirtual10_ee12a58094',3,1,2,4096,40,'2018-04-13 19:00:27','2018-04-13 19:17:23'),(22,'192.168.0.200','playerVirtual4_8058564','playerVirtual4','192.168.0.200','playerVirtual2','playerVirtual2_80960583e1',1,1,1,2048,20,'2018-04-13 19:01:15',NULL),(23,'192.168.0.200','playerVirtual2_1429160667','playerVirtual2','192.168.0.200','playerVirtual4','playerVirtual4_0157f09d84',1,1,1,2048,20,'2018-04-13 19:01:22',NULL),(24,'192.168.0.200','playerVirtual8_3338010893','playerVirtual8','192.168.0.200','playerVirtual5','playerVirtual5_2ed7f41335',1,1,1,512,1,'2018-04-13 19:01:22',NULL),(25,'192.168.0.200','playerVirtual3_82730999','playerVirtual3','192.168.0.200','playerVirtual9','playerVirtual9_37fe5467ab',3,1,1,512,1,'2018-04-13 19:01:28','2018-04-13 20:47:38'),(26,'192.168.0.200','playerVirtual6_351652724','playerVirtual6','192.168.0.200','playerVirtual3','playerVirtual3_76e15e406b',1,1,1,2048,20,'2018-04-13 19:01:33',NULL),(27,'192.168.0.200','playerVirtual5_6571218','playerVirtual5','192.168.0.200','playerVirtual0','playerVirtual0_f91961a55d',1,1,1,2048,20,'2018-04-13 19:01:34',NULL),(28,'192.168.0.200','playerVirtual9_778566023','playerVirtual9','192.168.0.200','playerVirtual1','playerVirtual1_3e09b07a05',1,1,1,512,1,'2018-04-13 19:01:37',NULL),(29,'192.168.0.200','playerVirtual7_1436344784','playerVirtual7','192.168.0.200','playerVirtual10','playerVirtual10_78e0868174',3,1,1,2048,20,'2018-04-13 19:01:40','2018-04-13 19:32:23'),(30,'192.168.0.200','playerVirtual0_1339662','playerVirtual0','192.168.0.200','playerVirtual7','playerVirtual7_11f9836ae5',1,1,1,2048,20,'2018-04-13 19:01:43',NULL),(31,'192.168.0.200','playerVirtual10_317497342','playerVirtual10','192.168.0.200','playerVirtual8','playerVirtual10_317497342',0,0,1,512,1,'2018-04-13 19:02:43','2018-04-13 19:02:43'),(32,'192.168.0.200','playerVirtual1_284794223','playerVirtual1','192.168.0.200','playerVirtual2','playerVirtual2_1ebfa5886b',1,1,1,2048,20,'2018-04-13 19:03:43',NULL),(33,'192.168.0.200','playerVirtual4_359920779','playerVirtual4','192.168.0.200','playerVirtual5','playerVirtual5_374810a52b',3,1,1,512,1,'2018-04-13 19:03:44','2018-04-13 20:08:27'),(34,'192.168.0.200','playerVirtual2_904011','playerVirtual2','192.168.0.200','playerVirtual4','playerVirtual4_6455b0ca40',3,1,1,2048,20,'2018-04-13 19:03:45','2018-04-13 19:50:15'),(35,'192.168.0.200','playerVirtual8_2904109077','playerVirtual8','192.168.0.200','playerVirtual10','playerVirtual10_454668dc89',1,1,1,512,1,'2018-04-13 19:03:46',NULL),(36,'192.168.0.200','playerVirtual3_257338074','playerVirtual3','192.168.0.200','playerVirtual9','playerVirtual9_a6671f77df',1,1,2,4096,40,'2018-04-13 19:03:53',NULL),(37,'192.168.0.200','playerVirtual6_905614','playerVirtual6','192.168.0.200','playerVirtual10','playerVirtual10_9ba9e5ea10',2,1,1,2048,20,'2018-04-13 19:03:56','2018-04-13 19:04:35'),(38,'192.168.0.200','playerVirtual5_1093460','playerVirtual5','192.168.0.200','playerVirtual3','playerVirtual3_d10f3413d6',1,1,1,512,1,'2018-04-13 19:04:00',NULL),(39,'192.168.0.200','playerVirtual9_6569547','playerVirtual9','192.168.0.200','playerVirtual11','playerVirtual11_067f2398a0',1,1,1,2048,20,'2018-04-13 19:04:10',NULL),(40,'192.168.0.200','playerVirtual7_470485660','playerVirtual7','192.168.0.200','playerVirtual0','playerVirtual0_69cc9511bd',1,1,2,4096,40,'2018-04-13 19:04:12',NULL),(41,'192.168.0.200','playerVirtual0_30788568','playerVirtual0','192.168.0.200','playerVirtual1','playerVirtual1_22e3a7b600',1,1,1,512,1,'2018-04-13 19:04:23',NULL),(42,'192.168.0.200','playerVirtual10_5792765','playerVirtual10','192.168.0.200','playerVirtual11','playerVirtual11_4ff4acc280',1,1,1,512,1,'2018-04-13 19:04:51',NULL),(43,'192.168.0.200','playerVirtual1_400453824','playerVirtual1','192.168.0.200','playerVirtual7','playerVirtual7_5f37e0664f',1,1,1,512,1,'2018-04-13 19:07:15',NULL),(44,'192.168.0.200','playerVirtual11_38671842','playerVirtual11','192.168.0.200','playerVirtual10','playerVirtual10_a11799d3f9',1,1,1,512,1,'2018-04-13 19:07:56',NULL),(45,'192.168.0.200','playerVirtual4_4820318661','playerVirtual4','192.168.0.200','playerVirtual5','playerVirtual5_445150906d',1,1,2,4096,40,'2018-04-13 19:08:11',NULL),(46,'192.168.0.200','playerVirtual2_4819935267','playerVirtual2','192.168.0.200','playerVirtual4','playerVirtual4_270ec8ba1f',1,1,2,4096,40,'2018-04-13 19:08:19',NULL),(47,'192.168.0.200','playerVirtual8_4820217293','playerVirtual8','192.168.0.200','playerVirtual11','playerVirtual11_cccc727de3',1,1,2,4096,40,'2018-04-13 19:08:22',NULL),(48,'192.168.0.200','playerVirtual3_6264344062','playerVirtual3','192.168.0.200','playerVirtual9','playerVirtual9_e7d43852cd',3,1,1,512,1,'2018-04-13 19:08:29','2018-04-13 19:30:19'),(49,'192.168.0.200','playerVirtual6_2378747961','playerVirtual6','192.168.0.200','playerVirtual10','playerVirtual10_e6fac71fcc',3,1,1,512,1,'2018-04-13 19:08:47','2018-04-13 19:35:20'),(50,'192.168.0.200','playerVirtual5_5068098508','playerVirtual5','192.168.0.200','playerVirtual3','playerVirtual3_82797765dc',3,1,1,2048,20,'2018-04-13 19:08:48','2018-04-13 19:49:21'),(51,'192.168.0.200','playerVirtual9_227443932','playerVirtual9','192.168.0.200','playerVirtual12','playerVirtual12_26ba497774',1,1,1,2048,20,'2018-04-13 19:10:05',NULL),(52,'192.168.0.200','playerVirtual7_1095593','playerVirtual7','192.168.0.200','playerVirtual1','playerVirtual1_f32d8b064f',3,1,1,512,1,'2018-04-13 19:10:09','2018-04-13 19:38:06'),(53,'192.168.0.200','playerVirtual0_2148750930','playerVirtual0','192.168.0.200','playerVirtual7','playerVirtual7_cefe880244',1,1,1,2048,20,'2018-04-13 19:10:15',NULL),(54,'192.168.0.200','playerVirtual10_563574327','playerVirtual10','192.168.0.200','playerVirtual11','playerVirtual11_6d42454bc4',1,1,1,2048,20,'2018-04-13 19:11:19',NULL),(55,'192.168.0.200','playerVirtual11_16915963','playerVirtual11','192.168.0.200','playerVirtual10','playerVirtual10_6f4bb0acd4',2,1,1,2048,20,'2018-04-13 19:11:55','2018-04-13 19:12:58'),(56,'192.168.0.200','playerVirtual1_765651','playerVirtual1','192.168.0.200','playerVirtual5','playerVirtual5_68f926debb',1,1,1,2048,20,'2018-04-13 19:12:22',NULL),(57,'192.168.0.200','playerVirtual4_5623125514','playerVirtual4','192.168.0.200','playerVirtual3','playerVirtual3_6258d7aa0b',1,1,1,2048,20,'2018-04-13 19:12:29',NULL),(58,'192.168.0.200','playerVirtual2_272887063','playerVirtual2','192.168.0.200','playerVirtual4','playerVirtual4_c0e162fc77',3,1,1,2048,20,'2018-04-13 19:12:33','2018-04-13 19:19:22'),(59,'192.168.0.200','playerVirtual8_6274355716','playerVirtual8','192.168.0.200','playerVirtual12','playerVirtual12_5066ed8452',2,1,1,512,1,'2018-04-13 19:12:37','2018-04-13 19:40:37'),(60,'192.168.0.200','playerVirtual3_38676294','playerVirtual3','192.168.0.200','playerVirtual7','playerVirtual7_1cfa8d9a04',1,1,1,512,1,'2018-04-13 19:12:45',NULL),(61,'192.168.0.200','playerVirtual5_182859403','playerVirtual5','192.168.0.200','playerVirtual1','playerVirtual1_5faf855f54',3,1,1,512,1,'2018-04-13 19:13:54','2018-04-13 19:40:48'),(62,'192.168.0.200','playerVirtual9_4820204870','playerVirtual9','192.168.0.200','playerVirtual13','playerVirtual13_15fe3ede02',1,1,2,4096,40,'2018-04-13 19:14:19',NULL),(63,'192.168.0.200','playerVirtual7_990694203','playerVirtual7','192.168.0.200','playerVirtual11','playerVirtual11_0a94a87325',3,1,1,2048,20,'2018-04-13 19:14:38','2018-04-13 20:39:52'),(64,'192.168.0.200','playerVirtual12_284757920','playerVirtual12','192.168.0.200','playerVirtual13','playerVirtual13_b5c6f39f34',1,1,1,2048,20,'2018-04-13 19:15:06',NULL),(65,'192.168.0.200','playerVirtual0_990694203','playerVirtual0','192.168.0.200','playerVirtual10','playerVirtual10_9e222dec4c',3,1,1,2048,20,'2018-04-13 19:15:07','2018-04-13 21:08:36'),(66,'192.168.0.200','playerVirtual10_6280643141','playerVirtual10','192.168.0.200','playerVirtual3','playerVirtual3_d86ea994c5',3,1,1,512,1,'2018-04-13 19:15:35','2018-04-13 21:01:53'),(67,'192.168.0.200','playerVirtual6_6280638724','playerVirtual6','192.168.0.200','playerVirtual12','playerVirtual12_ac6f7acd73',1,1,1,512,1,'2018-04-13 19:18:27',NULL),(68,'192.168.0.200','playerVirtual11_4476462938','playerVirtual11','192.168.0.200','playerVirtual13','playerVirtual13_d9fe08da49',1,1,1,2048,20,'2018-04-13 19:18:50',NULL),(69,'192.168.0.200','playerVirtual4_272887063','playerVirtual4','192.168.0.200','playerVirtual14','playerVirtual14_e76288b9ff',3,1,1,2048,20,'2018-04-13 19:19:17','2018-04-13 20:48:07'),(70,'192.168.0.200','playerVirtual8_6282149131','playerVirtual8','192.168.0.200','playerVirtual12','playerVirtual12_c1e6a1c1f2',2,1,1,512,1,'2018-04-13 19:19:25','2018-04-13 19:20:24'),(71,'192.168.0.200','playerVirtual12_682797','playerVirtual12','192.168.0.200','playerVirtual13','playerVirtual13_2e67a90c01',1,1,1,2048,20,'2018-04-13 19:19:37',NULL),(72,'192.168.0.200','playerVirtual9_1436323714','playerVirtual9','192.168.0.200','playerVirtual11','playerVirtual11_7c2dc8e717',1,1,1,2048,20,'2018-04-13 19:21:27',NULL),(73,'192.168.0.200','playerVirtual13_2359368952','playerVirtual13','192.168.0.200','playerVirtual14','playerVirtual14_2f46adbb59',1,1,1,512,1,'2018-04-13 19:22:09',NULL),(74,'192.168.0.200','playerVirtual10_214880781','playerVirtual10','192.168.0.200','playerVirtual12','playerVirtual12_075ced0525',1,1,1,2048,20,'2018-04-13 19:22:46',NULL),(75,'192.168.0.200','playerVirtual1_1094955','playerVirtual1','192.168.0.200','playerVirtual5','playerVirtual5_50fbaee140',1,1,1,512,1,'2018-04-13 19:22:49',NULL),(76,'192.168.0.200','playerVirtual3_16914091','playerVirtual3','192.168.0.200','playerVirtual4','playerVirtual4_d33fccada3',1,1,1,2048,20,'2018-04-13 19:23:16',NULL),(77,'192.168.0.200','playerVirtual2_6285257156','playerVirtual2','192.168.0.200','playerVirtual10','playerVirtual10_c01d3481c1',1,1,1,512,1,'2018-04-13 19:23:25',NULL),(78,'192.168.0.200','playerVirtual6_6955737','playerVirtual6','192.168.0.200','playerVirtual14','playerVirtual14_cf7482d1d9',3,1,1,2048,20,'2018-04-13 19:23:37','2018-04-13 19:30:47'),(79,'192.168.0.200','playerVirtual11_6955737','playerVirtual11','192.168.0.200','playerVirtual15','playerVirtual15_427ea54097',2,1,1,2048,20,'2018-04-13 19:24:22','2018-04-13 19:24:40'),(80,'192.168.0.200','playerVirtual5_182859403','playerVirtual5','192.168.0.200','playerVirtual1','playerVirtual1_4f9efcb81f',3,1,1,512,1,'2018-04-13 19:24:41','2018-04-13 19:40:48'),(81,'192.168.0.200','playerVirtual4_1438244924','playerVirtual4','192.168.0.200','playerVirtual13','playerVirtual13_b000512596',3,1,1,2048,20,'2018-04-13 19:25:07','2018-04-13 19:32:40'),(82,'192.168.0.200','playerVirtual13_6289355687','playerVirtual13','192.168.0.200','playerVirtual2','playerVirtual13_6289355687',0,1,1,512,1,'2018-04-13 19:26:30','2018-04-13 19:26:30'),(83,'192.168.0.200','playerVirtual0_2381571381','playerVirtual0','192.168.0.200','playerVirtual12','playerVirtual12_7fcf30facd',2,1,1,2048,20,'2018-04-13 19:26:51','2018-04-13 19:27:52'),(84,'192.168.0.200','playerVirtual9_2378747961','playerVirtual9','192.168.0.200','playerVirtual0','playerVirtual0_e9e894bc7b',3,1,1,512,1,'2018-04-13 19:27:10','2018-04-13 19:35:40'),(85,'192.168.0.200','playerVirtual12_3338579772','playerVirtual12','192.168.0.200','playerVirtual10','playerVirtual10_d834cc6b73',3,1,1,2048,20,'2018-04-13 19:27:39','2018-04-13 20:56:32'),(86,'192.168.0.200','playerVirtual14_6641406','playerVirtual14','192.168.0.200','playerVirtual15','playerVirtual15_f89a32146d',1,1,1,2048,20,'2018-04-13 19:27:58',NULL),(87,'192.168.0.200','playerVirtual10_1438244924','playerVirtual10','192.168.0.200','playerVirtual14','playerVirtual14_455528edb5',3,1,1,2048,20,'2018-04-13 19:29:04','2018-04-13 21:20:51'),(88,'192.168.0.200','playerVirtual5_1436344784','playerVirtual5','192.168.0.200','playerVirtual16','playerVirtual16_9cc33efe51',3,1,1,2048,20,'2018-04-13 19:30:45','2018-04-13 20:29:23'),(89,'192.168.0.200','playerVirtual11_990694203','playerVirtual11','192.168.0.200','playerVirtual9','playerVirtual9_b3e0174319',3,1,1,2048,20,'2018-04-13 19:33:24','2018-04-13 19:38:56'),(90,'192.168.0.200','playerVirtual0_6296865278','playerVirtual0','192.168.0.200','playerVirtual17','playerVirtual17_07fa74b499',1,1,1,512,1,'2018-04-13 19:35:59',NULL),(91,'192.168.0.200','playerVirtual14_6264344062','playerVirtual14','192.168.0.200','playerVirtual13','playerVirtual13_e5a68f773c',1,1,1,2048,20,'2018-04-13 19:35:59',NULL),(92,'192.168.0.200','playerVirtual12_182859403','playerVirtual12','192.168.0.200','playerVirtual2','playerVirtual12_182859403',0,1,1,512,1,'2018-04-13 19:36:47','2018-04-13 19:36:47'),(93,'192.168.0.200','playerVirtual13_6296268057','playerVirtual13','192.168.0.200','playerVirtual11','playerVirtual11_b656952273',1,1,1,512,1,'2018-04-13 19:38:04',NULL),(94,'192.168.0.200','playerVirtual1_990694203','playerVirtual1','192.168.0.200','playerVirtual18','playerVirtual18_7b279977f5',3,1,1,2048,20,'2018-04-13 19:39:49','2018-04-13 19:46:00'),(95,'192.168.0.200','playerVirtual10_5297461910','playerVirtual10','192.168.0.200','playerVirtual6','playerVirtual6_b1b6acbd81',3,1,1,512,1,'2018-04-13 19:41:51','2018-04-13 20:49:27'),(96,'192.168.0.200','playerVirtual2_6289704471','playerVirtual2','192.168.0.200','playerVirtual12','playerVirtual12_431248abee',3,1,1,2048,20,'2018-04-13 19:42:31','2018-04-13 20:02:41'),(97,'192.168.0.200','playerVirtual4_1095593','playerVirtual4','192.168.0.200','playerVirtual19','playerVirtual19_931a51b73d',3,1,1,512,1,'2018-04-13 19:44:19','2018-04-13 19:52:07'),(98,'192.168.0.200','playerVirtual16_6301942525','playerVirtual16','192.168.0.200','playerVirtual17','playerVirtual17_149221acbe',1,1,1,512,1,'2018-04-13 19:44:26',NULL),(99,'192.168.0.200','playerVirtual9_908315','playerVirtual9','192.168.0.200','playerVirtual4','playerVirtual4_a054a3bc9b',1,1,1,2048,20,'2018-04-13 19:47:05',NULL),(100,'192.168.0.200','playerVirtual14_539194189','playerVirtual14','192.168.0.200','playerVirtual0','playerVirtual0_3262010970',1,1,1,2048,20,'2018-04-13 19:48:58',NULL),(101,'192.168.0.200','playerVirtual13_6289704471','playerVirtual13','192.168.0.200','playerVirtual20','playerVirtual20_85cd7b4862',2,1,1,2048,20,'2018-04-13 19:49:20','2018-04-13 19:50:14'),(102,'192.168.0.200','playerVirtual6_182859403','playerVirtual6','192.168.0.200','playerVirtual14','playerVirtual14_9878c39736',1,1,1,512,1,'2018-04-13 19:49:39',NULL),(103,'192.168.0.200','playerVirtual3_4246147567','playerVirtual3','192.168.0.200','playerVirtual7','playerVirtual7_857ba7610c',3,1,2,4096,40,'2018-04-13 19:51:40','2018-04-13 21:21:05'),(104,'192.168.0.200','playerVirtual17_6274355716','playerVirtual17','192.168.0.200','playerVirtual16','playerVirtual16_3b4edd94ab',1,1,1,512,1,'2018-04-13 19:51:52',NULL),(105,'192.168.0.200','playerVirtual16_6316827871','playerVirtual16','192.168.0.200','playerVirtual18','playerVirtual18_48a6e259d7',2,1,1,512,1,'2018-04-13 19:52:03','2018-04-13 19:52:23'),(106,'192.168.0.200','playerVirtual10_4246147567','playerVirtual10','192.168.0.200','playerVirtual3','playerVirtual3_597197d5db',3,1,2,4096,40,'2018-04-13 19:52:39','2018-04-13 20:31:37'),(107,'192.168.0.200','playerVirtual11_4246147567','playerVirtual11','192.168.0.200','playerVirtual21','playerVirtual21_231e746fbc',2,1,2,4096,40,'2018-04-13 19:54:54','2018-04-13 19:55:35'),(108,'192.168.0.200','playerVirtual17_6322213339','playerVirtual17','192.168.0.200','playerVirtual12','playerVirtual12_cf898070f6',1,1,1,512,1,'2018-04-13 19:58:35',NULL),(109,'192.168.0.200','playerVirtual0_4246147567','playerVirtual0','192.168.0.200','playerVirtual1','playerVirtual1_8520a142ac',3,1,2,4096,40,'2018-04-13 19:59:01','2018-04-13 20:37:39'),(110,'192.168.0.200','playerVirtual9_990694203','playerVirtual9','192.168.0.200','playerVirtual10','playerVirtual10_201c5e2cbe',2,1,1,2048,20,'2018-04-13 19:59:03','2018-04-13 19:59:51'),(111,'192.168.0.200','playerVirtual18_4246147567','playerVirtual18','192.168.0.200','playerVirtual19','playerVirtual19_f76a9c7768',3,1,2,4096,40,'2018-04-13 19:59:08','2018-04-13 20:01:10'),(112,'192.168.0.200','playerVirtual6_1095593','playerVirtual6','192.168.0.200','playerVirtual22','playerVirtual22_63d6c8c6dd',1,1,1,512,1,'2018-04-13 19:59:51',NULL),(113,'192.168.0.200','playerVirtual12_2378747961','playerVirtual12','192.168.0.200','playerVirtual17','playerVirtual17_258171299c',3,1,1,512,1,'2018-04-13 19:59:51','2018-04-13 20:40:47'),(114,'192.168.0.200','playerVirtual7_4246147567','playerVirtual7','192.168.0.200','playerVirtual9','playerVirtual9_d2fcb64eb6',3,1,2,4096,40,'2018-04-13 20:00:32','2018-04-13 21:11:28'),(115,'192.168.0.200','playerVirtual14_4246147567','playerVirtual14','192.168.0.200','playerVirtual2','playerVirtual14_4246147567',3,1,2,4096,40,'2018-04-13 20:01:07','2018-04-13 21:13:48'),(116,'192.168.0.200','playerVirtual1_5068098508','playerVirtual1','192.168.0.200','playerVirtual13','playerVirtual13_619433cb7b',3,1,1,2048,20,'2018-04-13 20:02:48','2018-04-13 20:11:42'),(117,'192.168.0.200','playerVirtual13_4246147567','playerVirtual13','192.168.0.200','playerVirtual11','playerVirtual11_77942b47fd',2,1,2,4096,40,'2018-04-13 20:03:23','2018-04-13 20:04:09'),(118,'192.168.0.200','playerVirtual5_4246147567','playerVirtual5','192.168.0.200','playerVirtual4','playerVirtual4_18fb620e36',3,1,2,4096,40,'2018-04-13 20:03:38','2018-04-13 20:13:13'),(119,'192.168.0.200','playerVirtual19_4246147567','playerVirtual19','192.168.0.200','playerVirtual23','playerVirtual23_6f3b92b17b',3,1,2,4096,40,'2018-04-13 20:05:02','2018-04-13 21:04:00'),(120,'192.168.0.200','playerVirtual16_4246147567','playerVirtual16','192.168.0.200','playerVirtual24','playerVirtual24_495557a82d',3,1,2,4096,40,'2018-04-13 20:10:00','2018-04-13 21:19:22'),(121,'192.168.0.200','playerVirtual12_4246147567','playerVirtual12','192.168.0.200','playerVirtual16','playerVirtual16_f9852ad9e0',2,1,2,4096,40,'2018-04-13 20:10:41','2018-04-13 20:11:41'),(122,'192.168.0.200','playerVirtual6_4246147567','playerVirtual6','192.168.0.200','playerVirtual25','playerVirtual25_6e315671fd',3,1,2,4096,40,'2018-04-13 20:16:20','2018-04-13 20:26:24'),(123,'192.168.0.200','playerVirtual17_4246147567','playerVirtual17','192.168.0.200','playerVirtual14','playerVirtual14_194e609f98',3,1,2,4096,40,'2018-04-13 20:18:07','2018-04-13 20:54:40'),(124,'192.168.0.200','playerVirtual3_4246147567','playerVirtual3','192.168.0.200','playerVirtual5','playerVirtual5_c61f59528f',3,1,2,4096,40,'2018-04-13 20:18:24','2018-04-13 21:21:05'),(125,'192.168.0.200','playerVirtual4_4246147567','playerVirtual4','192.168.0.200','playerVirtual7','playerVirtual7_d787db5faf',3,1,2,4096,40,'2018-04-13 20:18:48','2018-04-13 21:21:53'),(126,'192.168.0.200','playerVirtual10_4246147567','playerVirtual10','192.168.0.200','playerVirtual26','playerVirtual26_89961f8ba3',3,1,2,4096,40,'2018-04-13 20:19:51','2018-04-13 20:31:37'),(127,'192.168.0.200','playerVirtual11_4246147567','playerVirtual11','192.168.0.200','playerVirtual3','playerVirtual3_5bd7ab2cb8',1,1,2,4096,40,'2018-04-13 20:20:23',NULL),(128,'192.168.0.200','playerVirtual22_4246147567','playerVirtual22','192.168.0.200','playerVirtual12','playerVirtual12_2e8240caea',2,1,2,4096,40,'2018-04-13 20:22:21','2018-04-13 20:23:25'),(129,'192.168.0.200','playerVirtual0_4246147567','playerVirtual0','192.168.0.200','playerVirtual27','playerVirtual27_cbed24d7ff',3,1,2,4096,40,'2018-04-13 20:27:07','2018-04-13 20:37:39'),(130,'192.168.0.200','playerVirtual9_4246147567','playerVirtual9','192.168.0.200','playerVirtual1','playerVirtual1_f5bee845b5',3,1,2,4096,40,'2018-04-13 20:27:22','2018-04-13 20:39:50'),(131,'192.168.0.200','playerVirtual23_4246147567','playerVirtual23','192.168.0.200','playerVirtual19','playerVirtual19_b32aa77636',3,1,2,4096,40,'2018-04-13 20:29:08','2018-04-13 21:01:12'),(132,'192.168.0.200','playerVirtual7_990694203','playerVirtual7','192.168.0.200','playerVirtual28','playerVirtual28_0282d10415',3,1,1,2048,20,'2018-04-13 20:29:19','2018-04-13 20:39:52'),(133,'192.168.0.200','playerVirtual14_4246147567','playerVirtual14','192.168.0.200','playerVirtual10','playerVirtual10_79ca8a0ce4',3,1,2,4096,40,'2018-04-13 20:30:08','2018-04-13 21:13:48'),(134,'192.168.0.200','playerVirtual1_6344084916','playerVirtual1','192.168.0.200','playerVirtual17','playerVirtual17_fe964c317d',1,1,1,512,1,'2018-04-13 20:31:25',NULL),(135,'192.168.0.200','playerVirtual19_4246147567','playerVirtual19','192.168.0.200','playerVirtual22','playerVirtual22_bf6722a712',3,1,2,4096,40,'2018-04-13 20:32:28','2018-04-13 21:04:00'),(136,'192.168.0.200','playerVirtual13_272887063','playerVirtual13','192.168.0.200','playerVirtual9','playerVirtual9_a8101b12e6',1,1,1,2048,20,'2018-04-13 20:32:44',NULL),(137,'192.168.0.200','playerVirtual24_4246147567','playerVirtual24','192.168.0.200','playerVirtual29','playerVirtual29_001d78a3cb',3,1,2,4096,40,'2018-04-13 20:35:01','2018-04-13 21:07:48'),(138,'192.168.0.200','playerVirtual16_4246147567','playerVirtual16','192.168.0.200','playerVirtual30','playerVirtual30_14d093fa2b',3,1,2,4096,40,'2018-04-13 20:39:54','2018-04-13 21:19:22'),(139,'192.168.0.200','playerVirtual25_4246147567','playerVirtual25','192.168.0.200','playerVirtual23','playerVirtual23_37cb8af2ed',3,1,2,4096,40,'2018-04-13 20:41:20','2018-04-13 21:15:32'),(140,'192.168.0.200','playerVirtual1_4246147567','playerVirtual1','192.168.0.200','playerVirtual13','playerVirtual13_2db722124a',2,1,2,4096,40,'2018-04-13 20:42:58','2018-04-13 20:43:45'),(141,'192.168.0.200','playerVirtual13_1436344784','playerVirtual13','192.168.0.200','playerVirtual31','playerVirtual31_1edcf89726',2,1,1,2048,20,'2018-04-13 20:46:18','2018-04-13 20:46:57'),(142,'192.168.0.200','playerVirtual26_4246147567','playerVirtual26','192.168.0.200','playerVirtual24','playerVirtual24_4237882be2',3,1,2,4096,40,'2018-04-13 20:47:12','2018-04-13 20:49:13'),(143,'192.168.0.200','playerVirtual6_4820150269','playerVirtual6','192.168.0.200','playerVirtual16','playerVirtual16_3a98a430f9',1,1,2,4096,40,'2018-04-13 20:47:13',NULL),(144,'192.168.0.200','playerVirtual17_4246147567','playerVirtual17','192.168.0.200','playerVirtual25','playerVirtual25_b87c585e2c',3,1,2,4096,40,'2018-04-13 20:49:06','2018-04-13 20:54:40'),(145,'192.168.0.200','playerVirtual11_16917741','playerVirtual11','192.168.0.200','playerVirtual32','playerVirtual32_f8c75c2dda',2,1,1,512,1,'2018-04-13 20:50:13','2018-04-13 20:51:13'),(146,'192.168.0.200','playerVirtual27_4246147567','playerVirtual27','192.168.0.200','playerVirtual26','playerVirtual26_9b773ff076',3,1,2,4096,40,'2018-04-13 20:52:41','2018-04-13 20:54:43'),(147,'192.168.0.200','playerVirtual22_6566788','playerVirtual22','192.168.0.200','playerVirtual12','playerVirtual12_b04016dd7e',2,1,1,2048,20,'2018-04-13 20:52:58','2018-04-13 20:53:21'),(148,'192.168.0.200','playerVirtual0_990694203','playerVirtual0','192.168.0.200','playerVirtual33','playerVirtual33_b4dea161b1',3,1,1,2048,20,'2018-04-13 20:58:03','2018-04-13 21:08:36'),(149,'192.168.0.200','playerVirtual28_5297461910','playerVirtual28','192.168.0.200','playerVirtual27','playerVirtual27_0eef1c2ace',1,1,1,512,1,'2018-04-13 20:58:11',NULL),(150,'192.168.0.200','playerVirtual9_1438244924','playerVirtual9','192.168.0.200','playerVirtual34','playerVirtual34_8882ad5d09',1,1,1,2048,20,'2018-04-13 20:59:46',NULL),(151,'192.168.0.200','playerVirtual22_4246147567','playerVirtual22','192.168.0.200','playerVirtual28','playerVirtual28_a980ca75b6',2,1,2,4096,40,'2018-04-13 21:00:07','2018-04-13 21:00:47'),(152,'192.168.0.200','playerVirtual23_4246147567','playerVirtual23','192.168.0.200','playerVirtual22','playerVirtual22_38aa79d4d4',3,1,2,4096,40,'2018-04-13 21:00:10','2018-04-13 21:01:12'),(153,'192.168.0.200','playerVirtual7_4246147567','playerVirtual7','192.168.0.200','playerVirtual6','playerVirtual6_5448b04e76',3,1,2,4096,40,'2018-04-13 21:00:48','2018-04-13 21:11:28'),(154,'192.168.0.200','playerVirtual5_5792765','playerVirtual5','192.168.0.200','playerVirtual11','playerVirtual11_0618c98f6e',1,1,1,512,1,'2018-04-13 21:01:12',NULL),(155,'192.168.0.200','playerVirtual6_4246147567','playerVirtual6','192.168.0.200','playerVirtual19','playerVirtual19_c4db7b7254',2,1,2,4096,40,'2018-04-13 21:01:23','2018-04-13 21:01:52'),(156,'192.168.0.200','playerVirtual3_4246147567','playerVirtual3','192.168.0.200','playerVirtual4','playerVirtual4_2fa567d355',3,1,2,4096,40,'2018-04-13 21:02:26','2018-04-13 21:21:05'),(157,'192.168.0.200','playerVirtual19_4246147567','playerVirtual19','192.168.0.200','playerVirtual17','playerVirtual17_f37d6e0b27',3,1,2,4096,40,'2018-04-13 21:02:58','2018-04-13 21:04:00'),(158,'192.168.0.200','playerVirtual29_5068098508','playerVirtual29','192.168.0.200','playerVirtual30','playerVirtual30_33c2499d74',2,1,1,2048,20,'2018-04-13 21:03:49','2018-04-13 21:05:03'),(159,'192.168.0.200','playerVirtual28_4246147567','playerVirtual28','192.168.0.200','playerVirtual35','playerVirtual35_c3139c8d8a',2,1,2,4096,40,'2018-04-13 21:06:18','2018-04-13 21:07:11'),(160,'192.168.0.200','playerVirtual24_4246147567','playerVirtual24','192.168.0.200','playerVirtual29','playerVirtual29_cdd027d5aa',3,1,2,4096,40,'2018-04-13 21:06:46','2018-04-13 21:07:48'),(161,'192.168.0.200','playerVirtual13_4246147567','playerVirtual13','192.168.0.200','playerVirtual14','playerVirtual14_4925e4ef8c',1,1,2,4096,40,'2018-04-13 21:07:51',NULL),(162,'192.168.0.200','playerVirtual30_6280643141','playerVirtual30','192.168.0.200','playerVirtual36','playerVirtual36_e0d5df3675',1,1,1,512,1,'2018-04-13 21:09:20',NULL),(163,'192.168.0.200','playerVirtual4_4246147567','playerVirtual4','192.168.0.200','playerVirtual5','playerVirtual5_0a9d035247',3,1,2,4096,40,'2018-04-13 21:09:45','2018-04-13 21:21:53'),(164,'192.168.0.200','playerVirtual29_16917741','playerVirtual29','192.168.0.200','playerVirtual23','playerVirtual23_82f3937b1f',2,1,1,512,1,'2018-04-13 21:12:32','2018-04-13 21:13:36'),(165,'192.168.0.200','playerVirtual16_4246147567','playerVirtual16','192.168.0.200','playerVirtual24','playerVirtual24_bff20ca3ab',3,1,2,4096,40,'2018-04-13 21:12:45','2018-04-13 21:19:22'),(166,'192.168.0.200','playerVirtual25_4246147567','playerVirtual25','192.168.0.200','playerVirtual37','playerVirtual37_6dbbcddc33',3,1,2,4096,40,'2018-04-13 21:14:40','2018-04-13 21:15:32'),(167,'192.168.0.200','playerVirtual12_904011','playerVirtual12','192.168.0.200','playerVirtual16','playerVirtual16_0ecb25ab96',1,1,1,2048,20,'2018-04-13 21:16:32',NULL),(168,'192.168.0.200','playerVirtual9_4246147567','playerVirtual9','192.168.0.200','playerVirtual7','playerVirtual7_5806bda726',1,1,2,4096,40,'2018-04-13 21:17:06',NULL),(169,'192.168.0.200','playerVirtual30_4246147567','playerVirtual30','192.168.0.200','playerVirtual25','playerVirtual25_e81a7dc5e5',2,1,2,4096,40,'2018-04-13 21:18:16','2018-04-13 21:18:55'),(170,'192.168.0.200','playerVirtual5_4246147567','playerVirtual5','192.168.0.200','playerVirtual38','playerVirtual38_0ddfe61357',1,1,2,4096,40,'2018-04-13 21:20:06',NULL),(171,'192.168.0.200','playerVirtual1_4246147567','playerVirtual1','192.168.0.200','playerVirtual3','playerVirtual3_1b929599e4',1,1,2,4096,40,'2018-04-13 21:20:59',NULL),(172,'192.168.0.200','playerVirtual26_4246147567','playerVirtual26','192.168.0.200','playerVirtual12','playerVirtual12_adb7ed4af9',1,1,2,4096,40,'2018-04-13 21:22:38',NULL);
/*!40000 ALTER TABLE `VM` ENABLE KEYS */;
UNLOCK TABLES;
/*!40103 SET TIME_ZONE=@OLD_TIME_ZONE */;

/*!40101 SET SQL_MODE=@OLD_SQL_MODE */;
/*!40014 SET FOREIGN_KEY_CHECKS=@OLD_FOREIGN_KEY_CHECKS */;
/*!40014 SET UNIQUE_CHECKS=@OLD_UNIQUE_CHECKS */;
/*!40101 SET CHARACTER_SET_CLIENT=@OLD_CHARACTER_SET_CLIENT */;
/*!40101 SET CHARACTER_SET_RESULTS=@OLD_CHARACTER_SET_RESULTS */;
/*!40101 SET COLLATION_CONNECTION=@OLD_COLLATION_CONNECTION */;
/*!40111 SET SQL_NOTES=@OLD_SQL_NOTES */;

-- Dump completed on 2018-04-13 18:22:57
