-- MySQL dump 10.14  Distrib 5.5.58-MariaDB, for debian-linux-gnu (x86_64)
--
-- Host: localhost    Database: mct
-- ------------------------------------------------------
-- Server version	5.5.58-MariaDB-1ubuntu0.14.04.1

/*!40101 SET @OLD_CHARACTER_SET_CLIENT=@@CHARACTER_SET_CLIENT */;
/*!40101 SET @OLD_CHARACTER_SET_RESULTS=@@CHARACTER_SET_RESULTS */;
/*!40101 SET @OLD_COLLATION_CONNECTION=@@COLLATION_CONNECTION */;
/*!40101 SET NAMES utf8 */;
/*!40103 SET @OLD_TIME_ZONE=@@TIME_ZONE */;
/*!40103 SET TIME_ZONE='+00:00' */;
/*!40014 SET @OLD_UNIQUE_CHECKS=@@UNIQUE_CHECKS, UNIQUE_CHECKS=0 */;
/*!40014 SET @OLD_FOREIGN_KEY_CHECKS=@@FOREIGN_KEY_CHECKS, FOREIGN_KEY_CHECKS=0 */;
/*!40101 SET @OLD_SQL_MODE=@@SQL_MODE, SQL_MODE='NO_AUTO_VALUE_ON_ZERO' */;
/*!40111 SET @OLD_SQL_NOTES=@@SQL_NOTES, SQL_NOTES=0 */;

--
-- Table structure for table `FIELDS`
--

DROP TABLE IF EXISTS `FIELDS`;
/*!40101 SET @saved_cs_client     = @@character_set_client */;
/*!40101 SET character_set_client = utf8 */;
CREATE TABLE `FIELDS` (
  `operation` int(11) NOT NULL,
  `fields` varchar(45) NOT NULL,
  PRIMARY KEY (`operation`)
) ENGINE=InnoDB DEFAULT CHARSET=utf8;
/*!40101 SET character_set_client = @saved_cs_client */;

--
-- Dumping data for table `FIELDS`
--

LOCK TABLES `FIELDS` WRITE;
/*!40000 ALTER TABLE `FIELDS` DISABLE KEYS */;
INSERT INTO `FIELDS` VALUES (0,'name mem image vcpus disk uuid');
/*!40000 ALTER TABLE `FIELDS` ENABLE KEYS */;
UNLOCK TABLES;

--
-- Table structure for table `PLAYER`
--

DROP TABLE IF EXISTS `PLAYER`;
/*!40101 SET @saved_cs_client     = @@character_set_client */;
/*!40101 SET character_set_client = utf8 */;
CREATE TABLE `PLAYER` (
  `id` int(11) NOT NULL AUTO_INCREMENT,
  `name` varchar(45) NOT NULL,
  `address` varchar(45) NOT NULL,
  `division` int(11) DEFAULT NULL,
  `score` float DEFAULT '0',
  `history` int(11) DEFAULT '0',
  `fairness` float DEFAULT '0',
  `accepts` int(11) DEFAULT '0',
  `rejects` int(11) DEFAULT '0',
  `running` int(11) DEFAULT '0',
  `finished` int(11) DEFAULT '0',
  `problem_del` int(11) DEFAULT '0',
  `vcpus` int(11) DEFAULT '0',
  `memory` bigint(20) DEFAULT '0',
  `local_gb` bigint(20) DEFAULT '0',
  `vcpus_used` bigint(20) DEFAULT '0',
  `memory_used` bigint(20) DEFAULT '0',
  `local_gb_used` bigint(20) DEFAULT '0',
  `max_instance` int(11) DEFAULT '0',
  `token` varchar(45) DEFAULT NULL,
  `suspend` timestamp NULL DEFAULT NULL,
  `enabled` int(11) DEFAULT '0',
  `last_choice` timestamp NOT NULL DEFAULT '2018-01-01 02:00:00',
  `playoff` tinyint(1) DEFAULT '0',
  PRIMARY KEY (`id`)
) ENGINE=InnoDB AUTO_INCREMENT=28 DEFAULT CHARSET=utf8;
/*!40101 SET character_set_client = @saved_cs_client */;

--
-- Dumping data for table `PLAYER`
--

LOCK TABLES `PLAYER` WRITE;
/*!40000 ALTER TABLE `PLAYER` DISABLE KEYS */;
INSERT INTO `PLAYER` VALUES (1,'playerVirtual1','192.168.0.200',4,-1,0,0.8,1,1,0,1,0,1023,1047552,10230,0,0,0,1,'a470091139104daa499ef1d6cd8d94d9cdad6915',NULL,0,'2018-02-22 02:10:28',1),(2,'playerVirtual2','192.168.0.200',1,14.61,30,0.733333,13,0,9,4,0,1023,1047552,10230,11,16384,144,9,'cddba949f621f531dc88935dcca4cba20e1b9107',NULL,1,'2018-02-22 04:21:11',0),(3,'playerVirtual0','192.168.0.200',4,-12,0,1,0,6,0,0,0,1023,1047552,10230,0,0,0,1,'135c113e418b64e3b9d8d2bcc5cc5eb37836b851',NULL,0,'2018-02-22 02:09:01',1),(4,'playerVirtual3','192.168.0.200',3,1.32,29,0.411765,2,2,2,0,0,1023,1047552,10230,3,4608,41,2,'da8dcc893a199650c0ec9b2e0bbcdf3bdd21a371',NULL,1,'2018-02-22 04:07:15',0),(5,'playerVirtual4','192.168.0.200',1,11.96,28,0.75,12,0,7,5,0,1023,1047552,10230,7,8192,64,9,'128133be4d5a0f0989e35559f19d0cf55ed71f9b',NULL,1,'2018-02-22 04:04:46',0),(6,'playerVirtual1899','192.168.0.200',4,-10,0,1,0,5,0,0,0,1023,1047552,10230,0,0,0,1,'4606547173c3af5bc22fbc29a03962d50ccb8024',NULL,0,'2018-02-22 02:19:09',1),(7,'playerVirtual5','192.168.0.200',3,0.33,27,0.692308,5,1,5,0,0,1023,1047552,10230,5,8704,81,5,'2f816f26dde7408485a3bea4d2df021e2e948997',NULL,1,'2018-02-22 04:09:50',0),(8,'playerVirtual6','192.168.0.200',1,11.95,26,0.4,11,0,6,5,0,1023,1047552,10230,9,16896,161,7,'561ab2fd20b4ea201fd43612e4e2687ca2e518a9',NULL,1,'2018-02-22 04:04:16',0),(9,'playerVirtual1879','192.168.0.200',4,-16,0,1,0,8,0,0,0,1023,1047552,10230,0,0,0,1,'70dcf3919aeee97fbd932332f82e86e610147520',NULL,0,'2018-02-22 02:38:45',1),(10,'playerVirtual7','192.168.0.200',3,0.33,25,0.666667,1,1,1,0,0,1023,1047552,10230,1,512,1,1,'ac57d5fd544d8fc9a40d1a1f9219549ce9d48c98',NULL,1,'2018-02-22 04:23:22',0),(11,'playerVirtual8','192.168.0.200',1,9.3,24,1,11,0,8,3,0,1023,1047552,10230,9,13824,123,9,'c90fed67002bc3b3117a33e986d0cc0e9cf5ba15',NULL,1,'2018-02-22 04:27:24',0),(12,'playerVirtual9','192.168.0.200',3,-1,16,0.285714,3,1,2,1,0,1023,1047552,10230,2,4096,40,2,'049bb57e32264c50ccf5dcc338bb2a19d379ec98',NULL,1,'2018-02-22 04:10:26',1),(13,'playerVirtual10','192.168.0.200',2,8.63,22,0.5,10,0,7,3,0,1023,1047552,10230,7,11264,102,8,'d82fb1bc7b4eeef8a4fd207709d7de47e7012897',NULL,1,'2018-02-22 04:11:47',0),(14,'playerVirtual1229','192.168.0.200',4,-6,0,1,0,3,0,0,0,1023,1047552,10230,0,0,0,1,'e3ee0266104288b1859bfdb4bf77ae2ade79541c',NULL,0,'2018-02-22 02:52:19',1),(15,'playerVirtual11','192.168.0.200',3,2.66,21,0.833333,5,0,3,2,0,1023,1047552,10230,3,4608,41,3,'fe33b4e0dc0b1c763cc8c6071d8c908aee85cd2f',NULL,1,'2018-02-22 03:18:45',0),(16,'playerVirtual12','192.168.0.200',3,1.66,20,0.25,4,1,3,1,0,1023,1047552,10230,3,3072,22,3,'ac845acc57ce1fa6a2087d6479b421562df0d555',NULL,1,'2018-02-22 04:26:13',0),(17,'playerVirtual13','192.168.0.200',2,6.65,19,1,7,0,5,2,0,1023,1047552,10230,5,2560,5,5,'b09a58c2ddbc5b7827fb3cce08c9f9ee457e1139',NULL,1,'2018-02-22 04:19:47',0),(18,'playerVirtual14','192.168.0.200',1,10.62,18,1,6,0,4,2,0,1023,1047552,10230,6,9216,82,5,'87103c2d6bd463093092eb927c54bd763b2bd544',NULL,1,'2018-02-22 04:25:39',0),(19,'playerVirtual1463','192.168.0.200',4,-2,0,0,0,1,0,0,0,1023,1047552,10230,0,0,0,1,'e8691ea09c89b333f418c89ee8a854919d3630d8',NULL,0,'2018-02-22 03:01:20',1),(20,'playerVirtual15','192.168.0.200',1,9.95,17,0.75,6,0,1,5,0,1023,1047552,10230,1,2048,20,5,'3b0331491871263562789f6b9f20800d12130ff6',NULL,1,'2018-02-22 04:10:12',0),(21,'playerVirtual16','192.168.0.200',2,4.65,16,0.333333,4,0,2,2,0,1023,1047552,10230,2,2560,21,3,'27c454c687471329c93124fe801ae7bb886ae9dc',NULL,1,'2018-02-22 04:16:32',0),(22,'playerVirtual17','192.168.0.200',3,0,15,1,1,0,1,0,0,1023,1047552,10230,1,2048,20,1,'dce13912ad1d61eba54458209f5dcf297959a8d9',NULL,1,'2018-02-22 03:15:50',0),(23,'playerVirtual1559','192.168.0.200',4,-4,0,0,0,2,0,0,0,1023,1047552,10230,0,0,0,1,'285da773ca92ba94e86a917e04c2aaf2560f0244',NULL,0,'2018-02-22 03:29:51',1),(24,'playerVirtual18','192.168.0.200',2,7.96,14,0.5,5,0,0,5,0,1023,1047552,10230,0,0,0,3,'00c0f0638b3bb31a4fca1841584b31e75421cf30',NULL,1,'2018-02-22 04:17:34',0),(25,'playerVirtual19','192.168.0.200',2,6.64,13,0.5,4,0,2,2,0,1023,1047552,10230,2,1024,2,7,'ef8824c12e209314370edc8da8904920d19fe9f7',NULL,1,'2018-02-22 04:07:14',0),(26,'playerVirtual1261','192.168.0.200',4,-6,0,0,0,3,0,0,0,1023,1047552,10230,0,0,0,1,'c9f5fcb01a91f09f1e1f7e03dc75fce805ec56a1',NULL,0,'2018-02-22 03:56:45',1),(27,'playerVirtual1237','192.168.0.200',4,-6,0,0,0,3,0,0,0,1023,1047552,10230,0,0,0,1,'b11476cb680215518b9b163897adb84459a77869',NULL,0,'2018-02-22 04:17:13',1);
/*!40000 ALTER TABLE `PLAYER` ENABLE KEYS */;
UNLOCK TABLES;

--
-- Table structure for table `REQUEST`
--

DROP TABLE IF EXISTS `REQUEST`;
/*!40101 SET @saved_cs_client     = @@character_set_client */;
/*!40101 SET character_set_client = utf8 */;
CREATE TABLE `REQUEST` (
  `id` int(11) NOT NULL AUTO_INCREMENT,
  `player_id` varchar(45) NOT NULL,
  `request_id` varchar(45) NOT NULL,
  `action` int(11) NOT NULL,
  `timestamp_received` timestamp NULL DEFAULT NULL,
  `timestamp_finished` timestamp NULL DEFAULT NULL,
  `status` int(11) NOT NULL,
  PRIMARY KEY (`id`)
) ENGINE=InnoDB AUTO_INCREMENT=619 DEFAULT CHARSET=utf8;
/*!40101 SET character_set_client = @saved_cs_client */;

--
-- Dumping data for table `REQUEST`
--

LOCK TABLES `REQUEST` WRITE;
/*!40000 ALTER TABLE `REQUEST` DISABLE KEYS */;
INSERT INTO `REQUEST` VALUES (1,'playerVirtual1','playerVirtual1_89159a7c76',4,'2018-02-22 02:00:47',NULL,0),(2,'playerVirtual2','playerVirtual2_9308bcfae5',4,'2018-02-22 02:00:47',NULL,0),(3,'playerVirtual0','playerVirtual0_f5a3c0a06f',4,'2018-02-22 02:00:47',NULL,0),(4,'playerVirtual1','playerVirtual1_450512000',0,'2018-02-22 02:01:48',NULL,0),(5,'playerVirtual1','playerVirtual1_450512000',0,'2018-02-22 02:01:49',NULL,0),(6,'playerVirtual2','playerVirtual2_1438244924',0,'2018-02-22 02:01:50',NULL,0),(7,'playerVirtual2','playerVirtual2_1438244924',0,'2018-02-22 02:01:51',NULL,0),(8,'playerVirtual0','playerVirtual0_640692267',0,'2018-02-22 02:01:53',NULL,0),(9,'playerVirtual0','playerVirtual0_640692267',0,'2018-02-22 02:01:54',NULL,0),(10,'playerVirtual1','playerVirtual1_7a49743ad0',3,'2018-02-22 02:02:49',NULL,0),(11,'playerVirtual2','playerVirtual2_db24c6d953',3,'2018-02-22 02:02:51',NULL,0),(12,'playerVirtual0','playerVirtual0_db64e2b140',3,'2018-02-22 02:02:54',NULL,0),(13,'playerVirtual1','playerVirtual1_2381571381',0,'2018-02-22 02:03:55',NULL,0),(14,'playerVirtual1','playerVirtual1_2381571381',0,'2018-02-22 02:03:55',NULL,0),(15,'playerVirtual2','playerVirtual2_5297461910',0,'2018-02-22 02:03:56',NULL,0),(16,'playerVirtual2','playerVirtual2_5297461910',0,'2018-02-22 02:03:56',NULL,0),(17,'playerVirtual0','playerVirtual0_2790332778',0,'2018-02-22 02:03:59',NULL,0),(18,'playerVirtual0','playerVirtual0_2790332778',0,'2018-02-22 02:03:59',NULL,0),(19,'playerVirtual1','playerVirtual1_ebd82b2f02',4,'2018-02-22 02:04:55',NULL,0),(20,'playerVirtual2','playerVirtual2_eab8ad2d96',4,'2018-02-22 02:04:56',NULL,0),(21,'playerVirtual0','playerVirtual0_d3b9cb3968',4,'2018-02-22 02:04:59',NULL,0),(22,'playerVirtual3','playerVirtual3_fe6169e28c',4,'2018-02-22 02:05:47',NULL,0),(23,'playerVirtual1','playerVirtual1_369721705',0,'2018-02-22 02:06:01',NULL,0),(24,'playerVirtual1','playerVirtual1_369721705',0,'2018-02-22 02:06:01',NULL,0),(25,'playerVirtual2','playerVirtual2_317469422',0,'2018-02-22 02:06:03',NULL,0),(26,'playerVirtual2','playerVirtual2_317469422',0,'2018-02-22 02:06:04',NULL,0),(27,'playerVirtual0','playerVirtual0_6955737',0,'2018-02-22 02:06:06',NULL,0),(28,'playerVirtual0','playerVirtual0_6955737',0,'2018-02-22 02:06:07',NULL,0),(29,'playerVirtual3','playerVirtual3_257338104',0,'2018-02-22 02:07:00',NULL,0),(30,'playerVirtual3','playerVirtual3_257338104',0,'2018-02-22 02:07:00',NULL,0),(31,'playerVirtual1','playerVirtual1_aaedbdc6f9',3,'2018-02-22 02:07:01',NULL,0),(32,'playerVirtual2','playerVirtual2_10f917e7c7',3,'2018-02-22 02:07:03',NULL,0),(33,'playerVirtual0','playerVirtual0_6632c209c5',3,'2018-02-22 02:07:06',NULL,0),(34,'playerVirtual3','playerVirtual3_1698c4912c',3,'2018-02-22 02:08:00',NULL,0),(35,'playerVirtual1','playerVirtual1_3584940347',0,'2018-02-22 02:08:09',NULL,0),(36,'playerVirtual1','playerVirtual1_3584940347',0,'2018-02-22 02:08:09',NULL,0),(37,'playerVirtual2','playerVirtual2_2433236783',0,'2018-02-22 02:08:10',NULL,0),(38,'playerVirtual2','playerVirtual2_2433236783',0,'2018-02-22 02:08:10',NULL,0),(39,'playerVirtual0','playerVirtual0_3338579772',0,'2018-02-22 02:08:14',NULL,0),(40,'playerVirtual0','playerVirtual0_3338579772',0,'2018-02-22 02:08:14',NULL,0),(41,'playerVirtual3','playerVirtual3_257407216',0,'2018-02-22 02:09:01',NULL,0),(42,'playerVirtual3','playerVirtual3_257407216',0,'2018-02-22 02:09:02',NULL,0),(43,'playerVirtual1','playerVirtual1_3f00d37b8e',4,'2018-02-22 02:09:09',NULL,0),(44,'playerVirtual2','playerVirtual2_971897ead0',4,'2018-02-22 02:09:10',NULL,0),(45,'playerVirtual0','playerVirtual0_3d73f96848',4,'2018-02-22 02:09:14',NULL,0),(46,'playerVirtual3','playerVirtual3_dda4d12e08',4,'2018-02-22 02:10:01',NULL,0),(47,'playerVirtual1','playerVirtual1_182859403',0,'2018-02-22 02:10:23',NULL,0),(48,'playerVirtual1','playerVirtual1_182859403',0,'2018-02-22 02:10:23',NULL,0),(49,'playerVirtual2','playerVirtual2_2359368952',0,'2018-02-22 02:10:28',NULL,0),(50,'playerVirtual2','playerVirtual2_2359368952',0,'2018-02-22 02:10:28',NULL,0),(51,'playerVirtual4','playerVirtual4_7d3fc04768',4,'2018-02-22 02:10:49',NULL,0),(52,'playerVirtual1','playerVirtual1_51ac3b3d69',3,'2018-02-22 02:11:23',NULL,0),(53,'playerVirtual2','playerVirtual2_d3287f374c',3,'2018-02-22 02:11:28',NULL,0),(54,'playerVirtual3','playerVirtual3_2545640208',0,'2018-02-22 02:11:37',NULL,0),(55,'playerVirtual3','playerVirtual3_2545640208',0,'2018-02-22 02:11:37',NULL,0),(56,'playerVirtual4','playerVirtual4_908315',0,'2018-02-22 02:12:26',NULL,0),(57,'playerVirtual4','playerVirtual4_908315',0,'2018-02-22 02:12:27',NULL,0),(58,'playerVirtual3','playerVirtual3_07016c8258',3,'2018-02-22 02:12:37',NULL,0),(59,'playerVirtual1899','playerVirtual1899_75e06dc8cc',4,'2018-02-22 02:12:42',NULL,0),(60,'playerVirtual1','playerVirtual1_539194189',0,'2018-02-22 02:12:54',NULL,0),(61,'playerVirtual1','playerVirtual1_539194189',0,'2018-02-22 02:12:55',NULL,0),(62,'playerVirtual4','playerVirtual4_c52baeeb78',3,'2018-02-22 02:13:27',NULL,0),(63,'playerVirtual2','playerVirtual2_4820204870',0,'2018-02-22 02:13:37',NULL,0),(64,'playerVirtual2','playerVirtual2_4820204870',0,'2018-02-22 02:13:37',NULL,0),(65,'playerVirtual1','playerVirtual1_e433f2b234',4,'2018-02-22 02:13:55',NULL,0),(66,'playerVirtual2','playerVirtual2_13de4531d8',4,'2018-02-22 02:14:37',NULL,0),(67,'playerVirtual3','playerVirtual3_8058564',0,'2018-02-22 02:15:18',NULL,0),(68,'playerVirtual3','playerVirtual3_8058564',0,'2018-02-22 02:15:19',NULL,0),(69,'playerVirtual5','playerVirtual5_110ab9fffc',4,'2018-02-22 02:15:44',NULL,0),(70,'playerVirtual1899','playerVirtual1899_1429160667',0,'2018-02-22 02:16:00',NULL,0),(71,'playerVirtual1899','playerVirtual1899_1429160667',0,'2018-02-22 02:16:00',NULL,0),(72,'playerVirtual4','playerVirtual4_3338010893',0,'2018-02-22 02:16:08',NULL,0),(73,'playerVirtual4','playerVirtual4_3338010893',0,'2018-02-22 02:16:08',NULL,0),(74,'playerVirtual3','playerVirtual3_ff4a0b4219',4,'2018-02-22 02:16:18',NULL,0),(75,'playerVirtual1','playerVirtual1_82730999',0,'2018-02-22 02:16:46',NULL,0),(76,'playerVirtual1','playerVirtual1_82730999',0,'2018-02-22 02:16:46',NULL,0),(77,'playerVirtual2','playerVirtual2_351652724',0,'2018-02-22 02:16:53',NULL,0),(78,'playerVirtual2','playerVirtual2_351652724',0,'2018-02-22 02:16:53',NULL,0),(79,'playerVirtual1899','playerVirtual1899_bbcf22aed6',3,'2018-02-22 02:17:00',NULL,0),(80,'playerVirtual4','playerVirtual4_897694be21',4,'2018-02-22 02:17:08',NULL,0),(81,'playerVirtual1','playerVirtual1_3e2f6910fe',3,'2018-02-22 02:17:46',NULL,0),(82,'playerVirtual2','playerVirtual2_dbc262e020',3,'2018-02-22 02:17:53',NULL,0),(83,'playerVirtual3','playerVirtual3_778566023',0,'2018-02-22 02:18:03',NULL,0),(84,'playerVirtual3','playerVirtual3_778566023',0,'2018-02-22 02:18:04',NULL,0),(85,'playerVirtual1899','playerVirtual1899_1436344784',0,'2018-02-22 02:18:13',NULL,0),(86,'playerVirtual1899','playerVirtual1899_1436344784',0,'2018-02-22 02:18:14',NULL,0),(87,'playerVirtual4','playerVirtual4_1339662',0,'2018-02-22 02:18:58',NULL,0),(88,'playerVirtual4','playerVirtual4_1339662',0,'2018-02-22 02:18:59',NULL,0),(89,'playerVirtual3','playerVirtual3_1374e48668',3,'2018-02-22 02:19:04',NULL,0),(90,'playerVirtual5','playerVirtual5_6571218',0,'2018-02-22 02:19:09',NULL,0),(91,'playerVirtual5','playerVirtual5_6571218',0,'2018-02-22 02:19:09',NULL,0),(92,'playerVirtual1899','playerVirtual1899_541ccf93cd',4,'2018-02-22 02:19:14',NULL,0),(93,'playerVirtual1','playerVirtual1_317497342',0,'2018-02-22 02:19:27',NULL,0),(94,'playerVirtual1','playerVirtual1_317497342',0,'2018-02-22 02:19:28',NULL,0),(95,'playerVirtual4','playerVirtual4_4fb8674390',3,'2018-02-22 02:19:59',NULL,0),(96,'playerVirtual5','playerVirtual5_43bd03c93a',3,'2018-02-22 02:20:09',NULL,0),(97,'playerVirtual2','playerVirtual2_284794223',0,'2018-02-22 02:20:09',NULL,0),(98,'playerVirtual2','playerVirtual2_284794223',0,'2018-02-22 02:20:10',NULL,0),(99,'playerVirtual1','playerVirtual1_6455f3e4f3',4,'2018-02-22 02:20:28',NULL,0),(100,'playerVirtual6','playerVirtual6_384bdb9b4e',4,'2018-02-22 02:20:45',NULL,0),(101,'playerVirtual2','playerVirtual2_71d6a1da79',4,'2018-02-22 02:21:10',NULL,0),(102,'playerVirtual5','playerVirtual5_257338074',0,'2018-02-22 02:21:18',NULL,0),(103,'playerVirtual5','playerVirtual5_257338074',0,'2018-02-22 02:21:19',NULL,0),(104,'playerVirtual3','playerVirtual3_359920779',0,'2018-02-22 02:21:51',NULL,0),(105,'playerVirtual3','playerVirtual3_359920779',0,'2018-02-22 02:21:51',NULL,0),(106,'playerVirtual5','playerVirtual5_c078ccdf96',4,'2018-02-22 02:22:18',NULL,0),(107,'playerVirtual4','playerVirtual4_2904109077',0,'2018-02-22 02:22:42',NULL,0),(108,'playerVirtual4','playerVirtual4_2904109077',0,'2018-02-22 02:22:42',NULL,0),(109,'playerVirtual3','playerVirtual3_1791fe90f1',4,'2018-02-22 02:22:51',NULL,0),(110,'playerVirtual1','playerVirtual1_905614',0,'2018-02-22 02:23:20',NULL,0),(111,'playerVirtual1','playerVirtual1_905614',0,'2018-02-22 02:23:21',NULL,0),(112,'playerVirtual2','playerVirtual2_6569547',0,'2018-02-22 02:23:30',NULL,0),(113,'playerVirtual2','playerVirtual2_6569547',0,'2018-02-22 02:23:30',NULL,0),(114,'playerVirtual4','playerVirtual4_05f178c6dc',4,'2018-02-22 02:23:42',NULL,0),(115,'playerVirtual6','playerVirtual6_1093460',0,'2018-02-22 02:24:19',NULL,0),(116,'playerVirtual6','playerVirtual6_1093460',0,'2018-02-22 02:24:19',NULL,0),(117,'playerVirtual1','playerVirtual1_f3491e0489',3,'2018-02-22 02:24:20',NULL,0),(118,'playerVirtual2','playerVirtual2_ab512fd793',3,'2018-02-22 02:24:30',NULL,0),(119,'playerVirtual1879','playerVirtual1879_b8915fee9f',4,'2018-02-22 02:24:39',NULL,0),(120,'playerVirtual3','playerVirtual3_30788568',0,'2018-02-22 02:24:43',NULL,0),(121,'playerVirtual3','playerVirtual3_30788568',0,'2018-02-22 02:24:44',NULL,0),(122,'playerVirtual6','playerVirtual6_c98737bb00',3,'2018-02-22 02:25:19',NULL,0),(123,'playerVirtual4','playerVirtual4_5792765',0,'2018-02-22 02:25:39',NULL,0),(124,'playerVirtual4','playerVirtual4_5792765',0,'2018-02-22 02:25:40',NULL,0),(125,'playerVirtual3','playerVirtual3_d4aeae7350',3,'2018-02-22 02:25:44',NULL,0),(126,'playerVirtual5','playerVirtual5_470485660',0,'2018-02-22 02:25:46',NULL,0),(127,'playerVirtual5','playerVirtual5_470485660',0,'2018-02-22 02:25:46',NULL,0),(128,'playerVirtual7','playerVirtual7_1e60a12f95',4,'2018-02-22 02:25:51',NULL,0),(129,'playerVirtual1','playerVirtual1_38671842',0,'2018-02-22 02:26:16',NULL,0),(130,'playerVirtual1','playerVirtual1_38671842',0,'2018-02-22 02:26:16',NULL,0),(131,'playerVirtual4','playerVirtual4_d11376c2ed',3,'2018-02-22 02:26:39',NULL,0),(132,'playerVirtual6','playerVirtual6_4819935267',0,'2018-02-22 02:26:42',NULL,0),(133,'playerVirtual6','playerVirtual6_4819935267',0,'2018-02-22 02:26:42',NULL,0),(134,'playerVirtual5','playerVirtual5_53073a122a',3,'2018-02-22 02:26:46',NULL,0),(135,'playerVirtual2','playerVirtual2_400453824',0,'2018-02-22 02:26:58',NULL,0),(136,'playerVirtual2','playerVirtual2_400453824',0,'2018-02-22 02:26:58',NULL,0),(137,'playerVirtual1','playerVirtual1_8cebb6ec04',4,'2018-02-22 02:27:16',NULL,0),(138,'playerVirtual6','playerVirtual6_de01d070a7',4,'2018-02-22 02:27:42',NULL,0),(139,'playerVirtual2','playerVirtual2_1853faafdd',4,'2018-02-22 02:27:58',NULL,0),(140,'playerVirtual5','playerVirtual5_5068098508',0,'2018-02-22 02:28:32',NULL,0),(141,'playerVirtual5','playerVirtual5_5068098508',0,'2018-02-22 02:28:33',NULL,0),(142,'playerVirtual1879','playerVirtual1879_4820318661',0,'2018-02-22 02:28:36',NULL,0),(143,'playerVirtual1879','playerVirtual1879_4820318661',0,'2018-02-22 02:28:38',NULL,0),(144,'playerVirtual3','playerVirtual3_4820217293',0,'2018-02-22 02:28:51',NULL,0),(145,'playerVirtual3','playerVirtual3_4820217293',0,'2018-02-22 02:28:51',NULL,0),(146,'playerVirtual5','playerVirtual5_cc58e369e9',4,'2018-02-22 02:29:32',NULL,0),(147,'playerVirtual1879','playerVirtual1879_a690db3cc1',3,'2018-02-22 02:29:36',NULL,0),(148,'playerVirtual7','playerVirtual7_6264344062',0,'2018-02-22 02:29:50',NULL,0),(149,'playerVirtual7','playerVirtual7_6264344062',0,'2018-02-22 02:29:51',NULL,0),(150,'playerVirtual3','playerVirtual3_cfd13226dd',4,'2018-02-22 02:29:51',NULL,0),(151,'playerVirtual4','playerVirtual4_2378747961',0,'2018-02-22 02:29:52',NULL,0),(152,'playerVirtual4','playerVirtual4_2378747961',0,'2018-02-22 02:29:52',NULL,0),(153,'playerVirtual7','playerVirtual7_97e215aaf6',3,'2018-02-22 02:30:51',NULL,0),(154,'playerVirtual8','playerVirtual8_5e8ce2d024',4,'2018-02-22 02:30:52',NULL,0),(155,'playerVirtual4','playerVirtual4_b4e925f1c2',4,'2018-02-22 02:30:52',NULL,0),(156,'playerVirtual2','playerVirtual2_c13ff61e16',3,'2018-02-22 02:31:43',NULL,0),(157,'playerVirtual1879','playerVirtual1879_563574327',0,'2018-02-22 02:32:16',NULL,0),(158,'playerVirtual1879','playerVirtual1879_563574327',0,'2018-02-22 02:32:16',NULL,0),(159,'playerVirtual6','playerVirtual6_1095593',0,'2018-02-22 02:32:47',NULL,0),(160,'playerVirtual6','playerVirtual6_1095593',0,'2018-02-22 02:32:47',NULL,0),(161,'playerVirtual1879','playerVirtual1879_db8722e7a6',4,'2018-02-22 02:33:16',NULL,0),(162,'playerVirtual3','playerVirtual3_765651',0,'2018-02-22 02:33:22',NULL,0),(163,'playerVirtual3','playerVirtual3_765651',0,'2018-02-22 02:33:23',NULL,0),(164,'playerVirtual7','playerVirtual7_16915963',0,'2018-02-22 02:33:33',NULL,0),(165,'playerVirtual7','playerVirtual7_16915963',0,'2018-02-22 02:33:33',NULL,0),(166,'playerVirtual6','playerVirtual6_9dfe4b778b',3,'2018-02-22 02:33:47',NULL,0),(167,'playerVirtual5','playerVirtual5_2148750930',0,'2018-02-22 02:34:18',NULL,0),(168,'playerVirtual5','playerVirtual5_2148750930',0,'2018-02-22 02:34:18',NULL,0),(169,'playerVirtual3','playerVirtual3_dfa77fd92e',3,'2018-02-22 02:34:22',NULL,0),(170,'playerVirtual4','playerVirtual4_284757920',0,'2018-02-22 02:34:25',NULL,0),(171,'playerVirtual4','playerVirtual4_284757920',0,'2018-02-22 02:34:26',NULL,0),(172,'playerVirtual7','playerVirtual7_e735f3ee7f',4,'2018-02-22 02:34:33',NULL,0),(173,'playerVirtual2','playerVirtual2_272887063',0,'2018-02-22 02:34:47',NULL,0),(174,'playerVirtual2','playerVirtual2_272887063',0,'2018-02-22 02:34:50',NULL,0),(175,'playerVirtual5','playerVirtual5_3705cf74be',3,'2018-02-22 02:35:18',NULL,0),(176,'playerVirtual4','playerVirtual4_a176a79199',3,'2018-02-22 02:35:26',NULL,0),(177,'playerVirtual6','playerVirtual6_38676294',0,'2018-02-22 02:35:34',NULL,0),(178,'playerVirtual6','playerVirtual6_38676294',0,'2018-02-22 02:35:34',NULL,0),(179,'playerVirtual2','playerVirtual2_a8d8b2cb98',4,'2018-02-22 02:35:46',NULL,0),(180,'playerVirtual9','playerVirtual9_6a533a273c',4,'2018-02-22 02:35:48',NULL,0),(181,'playerVirtual6','playerVirtual6_c6b957798d',4,'2018-02-22 02:36:34',NULL,0),(182,'playerVirtual8','playerVirtual8_5623125514',0,'2018-02-22 02:36:36',NULL,0),(183,'playerVirtual8','playerVirtual8_5623125514',0,'2018-02-22 02:36:37',NULL,0),(184,'playerVirtual1879','playerVirtual1879_6274355716',0,'2018-02-22 02:37:26',NULL,0),(185,'playerVirtual1879','playerVirtual1879_6274355716',0,'2018-02-22 02:37:26',NULL,0),(186,'playerVirtual8','playerVirtual8_858c61e912',3,'2018-02-22 02:37:36',NULL,0),(187,'playerVirtual1879','playerVirtual1879_81d9f3d878',3,'2018-02-22 02:38:26',NULL,0),(188,'playerVirtual3','playerVirtual3_182859403',0,'2018-02-22 02:38:45',NULL,0),(189,'playerVirtual3','playerVirtual3_182859403',0,'2018-02-22 02:38:45',NULL,0),(190,'playerVirtual5','playerVirtual5_990694203',0,'2018-02-22 02:38:59',NULL,0),(191,'playerVirtual5','playerVirtual5_990694203',0,'2018-02-22 02:38:59',NULL,0),(192,'playerVirtual3','playerVirtual3_798fac92ef',4,'2018-02-22 02:39:45',NULL,0),(193,'playerVirtual5','playerVirtual5_ed36381eda',4,'2018-02-22 02:40:01',NULL,0),(194,'playerVirtual7','playerVirtual7_4820204870',0,'2018-02-22 02:40:01',NULL,0),(195,'playerVirtual7','playerVirtual7_4820204870',0,'2018-02-22 02:40:01',NULL,0),(196,'playerVirtual4','playerVirtual4_990694203',0,'2018-02-22 02:40:31',NULL,0),(197,'playerVirtual4','playerVirtual4_990694203',0,'2018-02-22 02:40:31',NULL,0),(198,'playerVirtual10','playerVirtual10_d521e123cd',4,'2018-02-22 02:40:45',NULL,0),(199,'playerVirtual8','playerVirtual8_4476462938',0,'2018-02-22 02:40:46',NULL,0),(200,'playerVirtual8','playerVirtual8_4476462938',0,'2018-02-22 02:40:46',NULL,0),(201,'playerVirtual2','playerVirtual2_4820204870',1,'2018-02-22 02:40:49',NULL,0),(202,'playerVirtual2','playerVirtual2_7c233441a2',3,'2018-02-22 02:40:50',NULL,0),(203,'playerVirtual2','playerVirtual2_4820204870',1,'2018-02-22 02:40:50',NULL,0),(204,'playerVirtual7','playerVirtual7_e2920f036f',3,'2018-02-22 02:41:02',NULL,0),(205,'playerVirtual4','playerVirtual4_5d12c0af98',4,'2018-02-22 02:41:31',NULL,0),(206,'playerVirtual8','playerVirtual8_546e36b4cc',4,'2018-02-22 02:41:46',NULL,0),(207,'playerVirtual9','playerVirtual9_6280638724',0,'2018-02-22 02:43:31',NULL,0),(208,'playerVirtual9','playerVirtual9_6280638724',0,'2018-02-22 02:43:31',NULL,0),(209,'playerVirtual6','playerVirtual6_6280643141',0,'2018-02-22 02:43:31',NULL,0),(210,'playerVirtual6','playerVirtual6_6280643141',0,'2018-02-22 02:43:31',NULL,0),(211,'playerVirtual3','playerVirtual3_86c660551c',3,'2018-02-22 02:43:32',NULL,0),(212,'playerVirtual9','playerVirtual9_40f0961da4',3,'2018-02-22 02:44:31',NULL,0),(213,'playerVirtual6','playerVirtual6_9c20fa13cb',3,'2018-02-22 02:44:31',NULL,0),(214,'playerVirtual7','playerVirtual7_2359368952',0,'2018-02-22 02:44:36',NULL,0),(215,'playerVirtual7','playerVirtual7_2359368952',0,'2018-02-22 02:44:36',NULL,0),(216,'playerVirtual5','playerVirtual5_990694203',1,'2018-02-22 02:44:45',NULL,0),(217,'playerVirtual5','playerVirtual5_8778649646',3,'2018-02-22 02:44:45',NULL,0),(218,'playerVirtual5','playerVirtual5_990694203',1,'2018-02-22 02:44:45',NULL,0),(219,'playerVirtual2','playerVirtual2_272887063',1,'2018-02-22 02:44:46',NULL,0),(220,'playerVirtual2','playerVirtual2_b6c53c2f78',4,'2018-02-22 02:44:46',NULL,0),(221,'playerVirtual2','playerVirtual2_272887063',1,'2018-02-22 02:44:47',NULL,0),(222,'playerVirtual4','playerVirtual4_990694203',1,'2018-02-22 02:45:05',NULL,0),(223,'playerVirtual4','playerVirtual4_941035f124',3,'2018-02-22 02:45:05',NULL,0),(224,'playerVirtual4','playerVirtual4_990694203',1,'2018-02-22 02:45:05',NULL,0),(225,'playerVirtual1229','playerVirtual1229_a6ffee9c29',4,'2018-02-22 02:45:20',NULL,0),(226,'playerVirtual7','playerVirtual7_04f936fee4',4,'2018-02-22 02:45:36',NULL,0),(227,'playerVirtual11','playerVirtual11_952d44bec7',4,'2018-02-22 02:45:44',NULL,0),(228,'playerVirtual9','playerVirtual9_214880781',0,'2018-02-22 02:46:15',NULL,0),(229,'playerVirtual9','playerVirtual9_214880781',0,'2018-02-22 02:46:16',NULL,0),(230,'playerVirtual6','playerVirtual6_1094955',0,'2018-02-22 02:47:01',NULL,0),(231,'playerVirtual6','playerVirtual6_1094955',0,'2018-02-22 02:47:01',NULL,0),(232,'playerVirtual9','playerVirtual9_10980def45',4,'2018-02-22 02:47:15',NULL,0),(233,'playerVirtual8','playerVirtual8_1436323714',0,'2018-02-22 02:47:51',NULL,0),(234,'playerVirtual8','playerVirtual8_1436323714',0,'2018-02-22 02:47:52',NULL,0),(235,'playerVirtual6','playerVirtual6_35b7d5dc14',4,'2018-02-22 02:48:01',NULL,0),(236,'playerVirtual10','playerVirtual10_6282149131',0,'2018-02-22 02:48:47',NULL,0),(237,'playerVirtual10','playerVirtual10_6282149131',0,'2018-02-22 02:48:47',NULL,0),(238,'playerVirtual8','playerVirtual8_9a53c6e172',3,'2018-02-22 02:48:51',NULL,0),(239,'playerVirtual3','playerVirtual3_682797',0,'2018-02-22 02:49:08',NULL,0),(240,'playerVirtual3','playerVirtual3_682797',0,'2018-02-22 02:49:08',NULL,0),(241,'playerVirtual5','playerVirtual5_16914091',0,'2018-02-22 02:49:28',NULL,0),(242,'playerVirtual5','playerVirtual5_16914091',0,'2018-02-22 02:49:29',NULL,0),(243,'playerVirtual10','playerVirtual10_274ad0cc5c',3,'2018-02-22 02:49:47',NULL,0),(244,'playerVirtual3','playerVirtual3_e47ecbc534',4,'2018-02-22 02:50:08',NULL,0),(245,'playerVirtual5','playerVirtual5_568ab6f4f7',4,'2018-02-22 02:50:29',NULL,0),(246,'playerVirtual2','playerVirtual2_182859403',0,'2018-02-22 02:50:33',NULL,0),(247,'playerVirtual2','playerVirtual2_182859403',0,'2018-02-22 02:50:33',NULL,0),(248,'playerVirtual12','playerVirtual12_8e6289a191',4,'2018-02-22 02:50:49',NULL,0),(249,'playerVirtual4','playerVirtual4_6641406',0,'2018-02-22 02:51:18',NULL,0),(250,'playerVirtual4','playerVirtual4_6641406',0,'2018-02-22 02:51:18',NULL,0),(251,'playerVirtual2','playerVirtual2_c7d80f5acf',3,'2018-02-22 02:51:33',NULL,0),(252,'playerVirtual4','playerVirtual4_617e9f324a',4,'2018-02-22 02:52:18',NULL,0),(253,'playerVirtual7','playerVirtual7_6955737',0,'2018-02-22 02:52:19',NULL,0),(254,'playerVirtual7','playerVirtual7_6955737',0,'2018-02-22 02:52:19',NULL,0),(255,'playerVirtual10','playerVirtual10_2378747961',0,'2018-02-22 02:52:36',NULL,0),(256,'playerVirtual10','playerVirtual10_2378747961',0,'2018-02-22 02:52:36',NULL,0),(257,'playerVirtual7','playerVirtual7_6a0a89fb46',3,'2018-02-22 02:53:19',NULL,0),(258,'playerVirtual8','playerVirtual8_2381571381',0,'2018-02-22 02:53:34',NULL,0),(259,'playerVirtual8','playerVirtual8_2381571381',0,'2018-02-22 02:53:35',NULL,0),(260,'playerVirtual10','playerVirtual10_f9cbdad345',4,'2018-02-22 02:53:36',NULL,0),(261,'playerVirtual1229','playerVirtual1229_6285257156',0,'2018-02-22 02:54:12',NULL,0),(262,'playerVirtual1229','playerVirtual1229_6285257156',0,'2018-02-22 02:54:12',NULL,0),(263,'playerVirtual8','playerVirtual8_4ec5cf69fb',4,'2018-02-22 02:54:36',NULL,0),(264,'playerVirtual11','playerVirtual11_6955737',0,'2018-02-22 02:55:15',NULL,0),(265,'playerVirtual11','playerVirtual11_6955737',0,'2018-02-22 02:55:16',NULL,0),(266,'playerVirtual13','playerVirtual13_85499f659d',4,'2018-02-22 02:55:43',NULL,0),(267,'playerVirtual3','playerVirtual3_6289355687',0,'2018-02-22 02:55:54',NULL,0),(268,'playerVirtual3','playerVirtual3_6289355687',0,'2018-02-22 02:55:55',NULL,0),(269,'playerVirtual9','playerVirtual9_1438244924',0,'2018-02-22 02:56:09',NULL,0),(270,'playerVirtual9','playerVirtual9_1438244924',0,'2018-02-22 02:56:09',NULL,0),(271,'playerVirtual6','playerVirtual6_3338579772',0,'2018-02-22 02:56:10',NULL,0),(272,'playerVirtual6','playerVirtual6_3338579772',0,'2018-02-22 02:56:11',NULL,0),(273,'playerVirtual11','playerVirtual11_7a8f4f744b',3,'2018-02-22 02:56:15',NULL,0),(274,'playerVirtual2','playerVirtual2_1438244924',1,'2018-02-22 02:56:24',NULL,0),(275,'playerVirtual2','playerVirtual2_4f27dd4fc5',4,'2018-02-22 02:56:24',NULL,0),(276,'playerVirtual2','playerVirtual2_1438244924',1,'2018-02-22 02:56:25',NULL,0),(277,'playerVirtual4','playerVirtual4_2378747961',1,'2018-02-22 02:56:54',NULL,0),(278,'playerVirtual4','playerVirtual4_bd78d4f4bb',3,'2018-02-22 02:56:54',NULL,0),(279,'playerVirtual4','playerVirtual4_2378747961',1,'2018-02-22 02:56:54',NULL,0),(280,'playerVirtual3','playerVirtual3_11ef9cc166',3,'2018-02-22 02:56:54',NULL,0),(281,'playerVirtual7','playerVirtual7_301d0dbd0b',4,'2018-02-22 02:56:55',NULL,0),(282,'playerVirtual9','playerVirtual9_833dfd3d90',3,'2018-02-22 02:57:09',NULL,0),(283,'playerVirtual6','playerVirtual6_912c392c79',3,'2018-02-22 02:57:11',NULL,0),(284,'playerVirtual5','playerVirtual5_1438244924',0,'2018-02-22 02:57:13',NULL,0),(285,'playerVirtual5','playerVirtual5_1438244924',0,'2018-02-22 02:57:13',NULL,0),(286,'playerVirtual5','playerVirtual5_ffedd5015e',3,'2018-02-22 02:58:13',NULL,0),(287,'playerVirtual9','playerVirtual9_1438244924',1,'2018-02-22 02:59:41',NULL,0),(288,'playerVirtual9','playerVirtual9_6ce74ac17f',4,'2018-02-22 02:59:42',NULL,0),(289,'playerVirtual9','playerVirtual9_1438244924',1,'2018-02-22 02:59:42',NULL,0),(290,'playerVirtual14','playerVirtual14_d61f59d3a4',4,'2018-02-22 03:00:44',NULL,0),(291,'playerVirtual11','playerVirtual11_6296865278',0,'2018-02-22 03:00:51',NULL,0),(292,'playerVirtual11','playerVirtual11_6296865278',0,'2018-02-22 03:00:56',NULL,0),(293,'playerVirtual1463','playerVirtual1463_77fa028dcf',4,'2018-02-22 03:00:58',NULL,0),(294,'playerVirtual6','playerVirtual6_1095593',1,'2018-02-22 03:01:10',NULL,0),(295,'playerVirtual6','playerVirtual6_3f375c7463',4,'2018-02-22 03:01:10',NULL,0),(296,'playerVirtual6','playerVirtual6_1095593',1,'2018-02-22 03:01:10',NULL,0),(297,'playerVirtual12','playerVirtual12_6289704471',0,'2018-02-22 03:01:20',NULL,0),(298,'playerVirtual12','playerVirtual12_6289704471',0,'2018-02-22 03:01:21',NULL,0),(299,'playerVirtual8','playerVirtual8_794070039',0,'2018-02-22 03:01:47',NULL,0),(300,'playerVirtual8','playerVirtual8_794070039',0,'2018-02-22 03:01:48',NULL,0),(301,'playerVirtual11','playerVirtual11_dd37464d14',4,'2018-02-22 03:01:50',NULL,0),(302,'playerVirtual12','playerVirtual12_bcab59df27',3,'2018-02-22 03:02:20',NULL,0),(303,'playerVirtual10','playerVirtual10_1436344784',0,'2018-02-22 03:02:34',NULL,0),(304,'playerVirtual10','playerVirtual10_1436344784',0,'2018-02-22 03:02:34',NULL,0),(305,'playerVirtual8','playerVirtual8_2c4fe9275f',3,'2018-02-22 03:02:48',NULL,0),(306,'playerVirtual10','playerVirtual10_b7496af19b',3,'2018-02-22 03:03:34',NULL,0),(307,'playerVirtual7','playerVirtual7_e828c436d5',3,'2018-02-22 03:05:00',NULL,0),(308,'playerVirtual15','playerVirtual15_6cc6eb66e0',4,'2018-02-22 03:05:43',NULL,0),(309,'playerVirtual2','playerVirtual2_182859403',1,'2018-02-22 03:06:42',NULL,0),(310,'playerVirtual2','playerVirtual2_de67224fa7',3,'2018-02-22 03:06:42',NULL,0),(311,'playerVirtual2','playerVirtual2_182859403',1,'2018-02-22 03:06:42',NULL,0),(312,'playerVirtual10','playerVirtual10_2378747961',1,'2018-02-22 03:06:55',NULL,0),(313,'playerVirtual10','playerVirtual10_180d55c92f',4,'2018-02-22 03:06:55',NULL,0),(314,'playerVirtual10','playerVirtual10_2378747961',1,'2018-02-22 03:06:55',NULL,0),(315,'playerVirtual3','playerVirtual3_6264344062',0,'2018-02-22 03:06:56',NULL,0),(316,'playerVirtual3','playerVirtual3_6264344062',0,'2018-02-22 03:06:56',NULL,0),(317,'playerVirtual5','playerVirtual5_990694203',0,'2018-02-22 03:07:28',NULL,0),(318,'playerVirtual5','playerVirtual5_b6b5d9f14a',4,'2018-02-22 03:07:28',NULL,0),(319,'playerVirtual5','playerVirtual5_990694203',0,'2018-02-22 03:07:28',NULL,0),(320,'playerVirtual4','playerVirtual4_182859403',0,'2018-02-22 03:07:28',NULL,0),(321,'playerVirtual4','playerVirtual4_182859403',0,'2018-02-22 03:07:29',NULL,0),(322,'playerVirtual3','playerVirtual3_d8de67da95',4,'2018-02-22 03:07:56',NULL,0),(323,'playerVirtual4','playerVirtual4_47a38970bd',4,'2018-02-22 03:08:28',NULL,0),(324,'playerVirtual13','playerVirtual13_6296268057',0,'2018-02-22 03:08:38',NULL,0),(325,'playerVirtual13','playerVirtual13_6296268057',0,'2018-02-22 03:08:38',NULL,0),(326,'playerVirtual12','playerVirtual12_1f10e41f79',4,'2018-02-22 03:09:12',NULL,0),(327,'playerVirtual13','playerVirtual13_01c8b0ae90',3,'2018-02-22 03:09:38',NULL,0),(328,'playerVirtual16','playerVirtual16_b49d7cd5de',4,'2018-02-22 03:10:44',NULL,0),(329,'playerVirtual4','playerVirtual4_182859403',1,'2018-02-22 03:13:03',NULL,0),(330,'playerVirtual4','playerVirtual4_93441828ac',3,'2018-02-22 03:13:04',NULL,0),(331,'playerVirtual4','playerVirtual4_182859403',1,'2018-02-22 03:13:04',NULL,0),(332,'playerVirtual2','playerVirtual2_f90d269f41',4,'2018-02-22 03:13:11',NULL,0),(333,'playerVirtual9','playerVirtual9_6301942525',0,'2018-02-22 03:13:31',NULL,0),(334,'playerVirtual9','playerVirtual9_6301942525',0,'2018-02-22 03:13:36',NULL,0),(335,'playerVirtual5','playerVirtual5_990694203',1,'2018-02-22 03:14:12',NULL,0),(336,'playerVirtual5','playerVirtual5_30e4245589',3,'2018-02-22 03:14:12',NULL,0),(337,'playerVirtual5','playerVirtual5_990694203',1,'2018-02-22 03:14:12',NULL,0),(338,'playerVirtual8','playerVirtual8_182859403',0,'2018-02-22 03:14:26',NULL,0),(339,'playerVirtual8','playerVirtual8_182859403',0,'2018-02-22 03:14:26',NULL,0),(340,'playerVirtual9','playerVirtual9_62e7161492',3,'2018-02-22 03:14:29',NULL,0),(341,'playerVirtual6','playerVirtual6_1095593',0,'2018-02-22 03:15:23',NULL,0),(342,'playerVirtual6','playerVirtual6_7f19e9bea8',3,'2018-02-22 03:15:23',NULL,0),(343,'playerVirtual6','playerVirtual6_1095593',0,'2018-02-22 03:15:23',NULL,0),(344,'playerVirtual8','playerVirtual8_e36e6097af',4,'2018-02-22 03:15:26',NULL,0),(345,'playerVirtual17','playerVirtual17_5b128bbc2b',4,'2018-02-22 03:15:46',NULL,0),(346,'playerVirtual7','playerVirtual7_908315',0,'2018-02-22 03:15:50',NULL,0),(347,'playerVirtual7','playerVirtual7_908315',0,'2018-02-22 03:15:51',NULL,0),(348,'playerVirtual11','playerVirtual11_6274355716',0,'2018-02-22 03:16:02',NULL,0),(349,'playerVirtual11','playerVirtual11_6274355716',0,'2018-02-22 03:16:02',NULL,0),(350,'playerVirtual14','playerVirtual14_5297461910',0,'2018-02-22 03:16:50',NULL,0),(351,'playerVirtual14','playerVirtual14_5297461910',0,'2018-02-22 03:16:50',NULL,0),(352,'playerVirtual7','playerVirtual7_8c8a3597f0',4,'2018-02-22 03:16:50',NULL,0),(353,'playerVirtual11','playerVirtual11_d923ee9bff',3,'2018-02-22 03:17:02',NULL,0),(354,'playerVirtual14','playerVirtual14_1cd3083270',3,'2018-02-22 03:17:50',NULL,0),(355,'playerVirtual13','playerVirtual13_4246147567',0,'2018-02-22 03:17:52',NULL,0),(356,'playerVirtual13','playerVirtual13_4246147567',0,'2018-02-22 03:17:53',NULL,0),(357,'playerVirtual3','playerVirtual3_6289704471',0,'2018-02-22 03:18:45',NULL,0),(358,'playerVirtual3','playerVirtual3_6289704471',0,'2018-02-22 03:18:46',NULL,0),(359,'playerVirtual13','playerVirtual13_32c2aede3e',4,'2018-02-22 03:18:54',NULL,0),(360,'playerVirtual6','playerVirtual6_1095593',1,'2018-02-22 03:19:36',NULL,0),(361,'playerVirtual6','playerVirtual6_edbac10537',4,'2018-02-22 03:19:36',NULL,0),(362,'playerVirtual6','playerVirtual6_1095593',1,'2018-02-22 03:19:37',NULL,0),(363,'playerVirtual3','playerVirtual3_d29e41c499',3,'2018-02-22 03:19:45',NULL,0),(364,'playerVirtual1559','playerVirtual1559_be78c0c947',4,'2018-02-22 03:20:11',NULL,0),(365,'playerVirtual18','playerVirtual18_35370f7664',4,'2018-02-22 03:20:55',NULL,0),(366,'playerVirtual9','playerVirtual9_4246147567',0,'2018-02-22 03:22:16',NULL,0),(367,'playerVirtual9','playerVirtual9_4246147567',0,'2018-02-22 03:22:16',NULL,0),(368,'playerVirtual12','playerVirtual12_4246147567',0,'2018-02-22 03:23:15',NULL,0),(369,'playerVirtual12','playerVirtual12_4246147567',0,'2018-02-22 03:23:15',NULL,0),(370,'playerVirtual9','playerVirtual9_934f46ee37',4,'2018-02-22 03:23:16',NULL,0),(371,'playerVirtual15','playerVirtual15_539194189',0,'2018-02-22 03:23:44',NULL,0),(372,'playerVirtual15','playerVirtual15_539194189',0,'2018-02-22 03:23:44',NULL,0),(373,'playerVirtual14','playerVirtual14_4246147567',0,'2018-02-22 03:23:46',NULL,0),(374,'playerVirtual14','playerVirtual14_4246147567',0,'2018-02-22 03:23:47',NULL,0),(375,'playerVirtual10','playerVirtual10_4246147567',0,'2018-02-22 03:24:07',NULL,0),(376,'playerVirtual10','playerVirtual10_4246147567',0,'2018-02-22 03:24:13',NULL,0),(377,'playerVirtual12','playerVirtual12_24b618cd42',3,'2018-02-22 03:24:15',NULL,0),(378,'playerVirtual15','playerVirtual15_40e3e75fb9',3,'2018-02-22 03:24:44',NULL,0),(379,'playerVirtual4','playerVirtual4_908315',1,'2018-02-22 03:24:44',NULL,0),(380,'playerVirtual4','playerVirtual4_493e343223',4,'2018-02-22 03:24:44',NULL,0),(381,'playerVirtual4','playerVirtual4_908315',1,'2018-02-22 03:24:44',NULL,0),(382,'playerVirtual14','playerVirtual14_ff94c78f94',4,'2018-02-22 03:24:47',NULL,0),(383,'playerVirtual11','playerVirtual11_5068098508',0,'2018-02-22 03:24:49',NULL,0),(384,'playerVirtual11','playerVirtual11_5068098508',0,'2018-02-22 03:24:49',NULL,0),(385,'playerVirtual5','playerVirtual5_5068098508',1,'2018-02-22 03:25:04',NULL,0),(386,'playerVirtual5','playerVirtual5_8b7f4f8dfa',4,'2018-02-22 03:25:04',NULL,0),(387,'playerVirtual5','playerVirtual5_5068098508',1,'2018-02-22 03:25:04',NULL,0),(388,'playerVirtual10','playerVirtual10_77cb09e9db',3,'2018-02-22 03:25:04',NULL,0),(389,'playerVirtual8','playerVirtual8_4246147567',0,'2018-02-22 03:25:35',NULL,0),(390,'playerVirtual8','playerVirtual8_4246147567',0,'2018-02-22 03:25:35',NULL,0),(391,'playerVirtual11','playerVirtual11_cb872d8d2c',4,'2018-02-22 03:25:49',NULL,0),(392,'playerVirtual19','playerVirtual19_736ed428a4',4,'2018-02-22 03:25:51',NULL,0),(393,'playerVirtual8','playerVirtual8_d23dfc3523',3,'2018-02-22 03:26:35',NULL,0),(394,'playerVirtual7','playerVirtual7_6316827871',0,'2018-02-22 03:27:56',NULL,0),(395,'playerVirtual7','playerVirtual7_6316827871',0,'2018-02-22 03:27:56',NULL,0),(396,'playerVirtual2','playerVirtual2_6315250734',0,'2018-02-22 03:28:09',NULL,0),(397,'playerVirtual2','playerVirtual2_6315250734',0,'2018-02-22 03:28:09',NULL,0),(398,'playerVirtual10','playerVirtual10_4246147567',1,'2018-02-22 03:28:28',NULL,0),(399,'playerVirtual10','playerVirtual10_1ba635bba9',4,'2018-02-22 03:28:28',NULL,0),(400,'playerVirtual10','playerVirtual10_4246147567',1,'2018-02-22 03:28:28',NULL,0),(401,'playerVirtual7','playerVirtual7_b8a7422b8e',3,'2018-02-22 03:28:56',NULL,0),(402,'playerVirtual2','playerVirtual2_ec05b778d3',3,'2018-02-22 03:29:09',NULL,0),(403,'playerVirtual15','playerVirtual15_4246147567',0,'2018-02-22 03:29:51',NULL,0),(404,'playerVirtual15','playerVirtual15_4246147567',0,'2018-02-22 03:29:52',NULL,0),(405,'playerVirtual15','playerVirtual15_165c62b4b4',4,'2018-02-22 03:30:51',NULL,0),(406,'playerVirtual16','playerVirtual16_4246147567',0,'2018-02-22 03:31:04',NULL,0),(407,'playerVirtual16','playerVirtual16_4246147567',0,'2018-02-22 03:31:04',NULL,0),(408,'playerVirtual12','playerVirtual12_4246147567',1,'2018-02-22 03:31:07',NULL,0),(409,'playerVirtual12','playerVirtual12_53dab7b573',4,'2018-02-22 03:31:07',NULL,0),(410,'playerVirtual12','playerVirtual12_4246147567',1,'2018-02-22 03:31:07',NULL,0),(411,'playerVirtual3','playerVirtual3_4246147567',0,'2018-02-22 03:31:21',NULL,0),(412,'playerVirtual3','playerVirtual3_4246147567',0,'2018-02-22 03:31:21',NULL,0),(413,'playerVirtual13','playerVirtual13_4246147567',1,'2018-02-22 03:31:46',NULL,0),(414,'playerVirtual13','playerVirtual13_2bf1bfc42e',3,'2018-02-22 03:31:46',NULL,0),(415,'playerVirtual13','playerVirtual13_4246147567',1,'2018-02-22 03:31:46',NULL,0),(416,'playerVirtual16','playerVirtual16_8af9a306b4',3,'2018-02-22 03:32:04',NULL,0),(417,'playerVirtual3','playerVirtual3_4f15954bea',4,'2018-02-22 03:32:21',NULL,0),(418,'playerVirtual16','playerVirtual16_4246147567',1,'2018-02-22 03:33:05',NULL,0),(419,'playerVirtual16','playerVirtual16_fb29d5ebbc',4,'2018-02-22 03:33:06',NULL,0),(420,'playerVirtual16','playerVirtual16_4246147567',1,'2018-02-22 03:33:06',NULL,0),(421,'playerVirtual4','playerVirtual4_4246147567',0,'2018-02-22 03:36:23',NULL,0),(422,'playerVirtual4','playerVirtual4_4246147567',0,'2018-02-22 03:36:23',NULL,0),(423,'playerVirtual17','playerVirtual17_2378747961',0,'2018-02-22 03:36:42',NULL,0),(424,'playerVirtual17','playerVirtual17_2378747961',0,'2018-02-22 03:36:43',NULL,0),(425,'playerVirtual9','playerVirtual9_2c37e1c310',3,'2018-02-22 03:37:03',NULL,0),(426,'playerVirtual4','playerVirtual4_772bff5cf0',3,'2018-02-22 03:37:23',NULL,0),(427,'playerVirtual5','playerVirtual5_1095593',0,'2018-02-22 03:37:38',NULL,0),(428,'playerVirtual5','playerVirtual5_1095593',0,'2018-02-22 03:37:39',NULL,0),(429,'playerVirtual17','playerVirtual17_5f7b690058',3,'2018-02-22 03:37:42',NULL,0),(430,'playerVirtual6','playerVirtual6_990694203',0,'2018-02-22 03:37:46',NULL,0),(431,'playerVirtual6','playerVirtual6_990694203',0,'2018-02-22 03:37:46',NULL,0),(432,'playerVirtual2','playerVirtual2_4246147567',0,'2018-02-22 03:38:12',NULL,0),(433,'playerVirtual2','playerVirtual2_4246147567',0,'2018-02-22 03:38:13',NULL,0),(434,'playerVirtual8','playerVirtual8_4246147567',1,'2018-02-22 03:38:13',NULL,0),(435,'playerVirtual8','playerVirtual8_ae0e165e34',4,'2018-02-22 03:38:13',NULL,0),(436,'playerVirtual8','playerVirtual8_4246147567',1,'2018-02-22 03:38:14',NULL,0),(437,'playerVirtual5','playerVirtual5_0a48f72acb',3,'2018-02-22 03:38:39',NULL,0),(438,'playerVirtual6','playerVirtual6_84c7044ae7',3,'2018-02-22 03:38:46',NULL,0),(439,'playerVirtual2','playerVirtual2_b7d62405ae',4,'2018-02-22 03:39:13',NULL,0),(440,'playerVirtual14','playerVirtual14_4246147567',1,'2018-02-22 03:40:51',NULL,0),(441,'playerVirtual14','playerVirtual14_313d99d0ef',3,'2018-02-22 03:40:51',NULL,0),(442,'playerVirtual14','playerVirtual14_4246147567',1,'2018-02-22 03:40:51',NULL,0),(443,'playerVirtual11','playerVirtual11_6322213339',0,'2018-02-22 03:41:31',NULL,0),(444,'playerVirtual11','playerVirtual11_6322213339',0,'2018-02-22 03:41:31',NULL,0),(445,'playerVirtual7','playerVirtual7_4246147567',0,'2018-02-22 03:41:38',NULL,0),(446,'playerVirtual7','playerVirtual7_4246147567',0,'2018-02-22 03:41:39',NULL,0),(447,'playerVirtual17','playerVirtual17_4246147567',0,'2018-02-22 03:41:52',NULL,0),(448,'playerVirtual17','playerVirtual17_4246147567',0,'2018-02-22 03:41:52',NULL,0),(449,'playerVirtual11','playerVirtual11_d8e82eee16',3,'2018-02-22 03:42:31',NULL,0),(450,'playerVirtual7','playerVirtual7_39d52c01d9',4,'2018-02-22 03:42:39',NULL,0),(451,'playerVirtual18','playerVirtual18_4246147567',0,'2018-02-22 03:42:45',NULL,0),(452,'playerVirtual18','playerVirtual18_4246147567',0,'2018-02-22 03:42:46',NULL,0),(453,'playerVirtual17','playerVirtual17_762c3e8fd4',4,'2018-02-22 03:42:52',NULL,0),(454,'playerVirtual6','playerVirtual6_990694203',1,'2018-02-22 03:43:00',NULL,0),(455,'playerVirtual6','playerVirtual6_9f0b5fd5b7',4,'2018-02-22 03:43:00',NULL,0),(456,'playerVirtual6','playerVirtual6_990694203',1,'2018-02-22 03:43:01',NULL,0),(457,'playerVirtual3','playerVirtual3_4246147567',1,'2018-02-22 03:43:10',NULL,0),(458,'playerVirtual3','playerVirtual3_1edc2a78ee',3,'2018-02-22 03:43:10',NULL,0),(459,'playerVirtual3','playerVirtual3_4246147567',1,'2018-02-22 03:43:10',NULL,0),(460,'playerVirtual13','playerVirtual13_4246147567',0,'2018-02-22 03:43:23',NULL,0),(461,'playerVirtual13','playerVirtual13_cde85e83c3',4,'2018-02-22 03:43:24',NULL,0),(462,'playerVirtual13','playerVirtual13_4246147567',0,'2018-02-22 03:43:24',NULL,0),(463,'playerVirtual18','playerVirtual18_758c3a386c',3,'2018-02-22 03:43:46',NULL,0),(464,'playerVirtual1261','playerVirtual1261_b09e4aa7b0',4,'2018-02-22 03:43:52',NULL,0),(465,'playerVirtual18','playerVirtual18_4246147567',1,'2018-02-22 03:44:47',NULL,0),(466,'playerVirtual18','playerVirtual18_8095b95b47',4,'2018-02-22 03:44:47',NULL,0),(467,'playerVirtual18','playerVirtual18_4246147567',1,'2018-02-22 03:44:47',NULL,0),(468,'playerVirtual9','playerVirtual9_4246147567',0,'2018-02-22 03:48:08',NULL,0),(469,'playerVirtual9','playerVirtual9_033304fdc5',4,'2018-02-22 03:48:08',NULL,0),(470,'playerVirtual9','playerVirtual9_4246147567',0,'2018-02-22 03:48:09',NULL,0),(471,'playerVirtual19','playerVirtual19_4246147567',0,'2018-02-22 03:48:25',NULL,0),(472,'playerVirtual19','playerVirtual19_4246147567',0,'2018-02-22 03:48:25',NULL,0),(473,'playerVirtual12','playerVirtual12_4246147567',0,'2018-02-22 03:48:29',NULL,0),(474,'playerVirtual12','playerVirtual12_77ef1255bb',3,'2018-02-22 03:48:29',NULL,0),(475,'playerVirtual12','playerVirtual12_4246147567',0,'2018-02-22 03:48:30',NULL,0),(476,'playerVirtual10','playerVirtual10_359920779',0,'2018-02-22 03:48:47',NULL,0),(477,'playerVirtual10','playerVirtual10_359920779',0,'2018-02-22 03:48:47',NULL,0),(478,'playerVirtual15','playerVirtual15_037b83c683',3,'2018-02-22 03:48:51',NULL,0),(479,'playerVirtual4','playerVirtual4_4246147567',1,'2018-02-22 03:49:03',NULL,0),(480,'playerVirtual4','playerVirtual4_fa043525ee',4,'2018-02-22 03:49:03',NULL,0),(481,'playerVirtual4','playerVirtual4_4246147567',1,'2018-02-22 03:49:04',NULL,0),(482,'playerVirtual19','playerVirtual19_3263af0cf6',3,'2018-02-22 03:49:25',NULL,0),(483,'playerVirtual10','playerVirtual10_7cbdcb6162',3,'2018-02-22 03:49:49',NULL,0),(484,'playerVirtual19','playerVirtual19_4246147567',1,'2018-02-22 03:50:26',NULL,0),(485,'playerVirtual19','playerVirtual19_3c42d9ab6c',4,'2018-02-22 03:50:27',NULL,0),(486,'playerVirtual19','playerVirtual19_4246147567',1,'2018-02-22 03:50:27',NULL,0),(487,'playerVirtual14','playerVirtual14_4246147567',0,'2018-02-22 03:50:31',NULL,0),(488,'playerVirtual14','playerVirtual14_9ade84ea98',4,'2018-02-22 03:50:31',NULL,0),(489,'playerVirtual14','playerVirtual14_4246147567',0,'2018-02-22 03:50:31',NULL,0),(490,'playerVirtual11','playerVirtual11_5068098508',1,'2018-02-22 03:51:30',NULL,0),(491,'playerVirtual11','playerVirtual11_62831c1c62',4,'2018-02-22 03:51:30',NULL,0),(492,'playerVirtual11','playerVirtual11_5068098508',1,'2018-02-22 03:51:30',NULL,0),(493,'playerVirtual5','playerVirtual5_6335261139',0,'2018-02-22 03:51:47',NULL,0),(494,'playerVirtual5','playerVirtual5_6335261139',0,'2018-02-22 03:51:50',NULL,0),(495,'playerVirtual8','playerVirtual8_4246147567',0,'2018-02-22 03:52:06',NULL,0),(496,'playerVirtual8','playerVirtual8_3f0f98fd5a',3,'2018-02-22 03:52:06',NULL,0),(497,'playerVirtual8','playerVirtual8_4246147567',0,'2018-02-22 03:52:06',NULL,0),(498,'playerVirtual5','playerVirtual5_c060d2b2b1',4,'2018-02-22 03:52:47',NULL,0),(499,'playerVirtual7','playerVirtual7_4246147567',1,'2018-02-22 03:53:44',NULL,0),(500,'playerVirtual7','playerVirtual7_99ef0f15d0',3,'2018-02-22 03:53:44',NULL,0),(501,'playerVirtual7','playerVirtual7_4246147567',1,'2018-02-22 03:53:44',NULL,0),(502,'playerVirtual10','playerVirtual10_1436344784',1,'2018-02-22 03:54:09',NULL,0),(503,'playerVirtual10','playerVirtual10_96c97ffbe6',4,'2018-02-22 03:54:09',NULL,0),(504,'playerVirtual10','playerVirtual10_1436344784',1,'2018-02-22 03:54:09',NULL,0),(505,'playerVirtual2','playerVirtual2_4246147567',1,'2018-02-22 03:54:10',NULL,0),(506,'playerVirtual2','playerVirtual2_37b4521e43',3,'2018-02-22 03:54:10',NULL,0),(507,'playerVirtual2','playerVirtual2_4246147567',1,'2018-02-22 03:54:10',NULL,0),(508,'playerVirtual12','playerVirtual12_83818cc2bc',4,'2018-02-22 03:55:21',NULL,0),(509,'playerVirtual3','playerVirtual3_359920779',1,'2018-02-22 03:55:21',NULL,0),(510,'playerVirtual3','playerVirtual3_992cd5f539',4,'2018-02-22 03:55:21',NULL,0),(511,'playerVirtual3','playerVirtual3_359920779',1,'2018-02-22 03:55:21',NULL,0),(512,'playerVirtual13','playerVirtual13_4246147567',1,'2018-02-22 03:56:14',NULL,0),(513,'playerVirtual13','playerVirtual13_ab6534cdca',3,'2018-02-22 03:56:14',NULL,0),(514,'playerVirtual13','playerVirtual13_4246147567',1,'2018-02-22 03:56:14',NULL,0),(515,'playerVirtual16','playerVirtual16_4246147567',0,'2018-02-22 03:56:45',NULL,0),(516,'playerVirtual16','playerVirtual16_fd228a8ba4',3,'2018-02-22 03:56:45',NULL,0),(517,'playerVirtual16','playerVirtual16_4246147567',0,'2018-02-22 03:56:45',NULL,0),(518,'playerVirtual15','playerVirtual15_4246147567',0,'2018-02-22 03:57:30',NULL,0),(519,'playerVirtual15','playerVirtual15_04b4b79eea',4,'2018-02-22 03:57:31',NULL,0),(520,'playerVirtual15','playerVirtual15_4246147567',0,'2018-02-22 03:57:31',NULL,0),(521,'playerVirtual16','playerVirtual16_950a82230d',4,'2018-02-22 03:57:47',NULL,0),(522,'playerVirtual9','playerVirtual9_8771fe2913',3,'2018-02-22 04:01:55',NULL,0),(523,'playerVirtual8','playerVirtual8_4246147567',1,'2018-02-22 04:03:44',NULL,0),(524,'playerVirtual8','playerVirtual8_d834baf1d1',4,'2018-02-22 04:03:45',NULL,0),(525,'playerVirtual8','playerVirtual8_4246147567',1,'2018-02-22 04:03:45',NULL,0),(526,'playerVirtual17','playerVirtual17_4246147567',1,'2018-02-22 04:03:48',NULL,0),(527,'playerVirtual17','playerVirtual17_4a3688b8c1',3,'2018-02-22 04:03:48',NULL,0),(528,'playerVirtual17','playerVirtual17_4246147567',1,'2018-02-22 04:03:48',NULL,0),(529,'playerVirtual4','playerVirtual4_4246147567',0,'2018-02-22 04:04:16',NULL,0),(530,'playerVirtual4','playerVirtual4_d17f9ee331',3,'2018-02-22 04:04:16',NULL,0),(531,'playerVirtual4','playerVirtual4_4246147567',0,'2018-02-22 04:04:16',NULL,0),(532,'playerVirtual6','playerVirtual6_4246147567',0,'2018-02-22 04:04:46',NULL,0),(533,'playerVirtual6','playerVirtual6_4246147567',0,'2018-02-22 04:04:46',NULL,0),(534,'playerVirtual6','playerVirtual6_7187cc23c2',3,'2018-02-22 04:05:47',NULL,0),(535,'playerVirtual14','playerVirtual14_4246147567',1,'2018-02-22 04:06:35',NULL,0),(536,'playerVirtual14','playerVirtual14_206b53607f',3,'2018-02-22 04:06:35',NULL,0),(537,'playerVirtual14','playerVirtual14_4246147567',1,'2018-02-22 04:06:35',NULL,0),(538,'playerVirtual2','playerVirtual2_4246147567',0,'2018-02-22 04:07:13',NULL,0),(539,'playerVirtual2','playerVirtual2_5cb579c350',4,'2018-02-22 04:07:14',NULL,0),(540,'playerVirtual2','playerVirtual2_4246147567',0,'2018-02-22 04:07:14',NULL,0),(541,'playerVirtual5','playerVirtual5_6344084916',0,'2018-02-22 04:07:15',NULL,0),(542,'playerVirtual5','playerVirtual5_6344084916',0,'2018-02-22 04:07:15',NULL,0),(543,'playerVirtual5','playerVirtual5_dbd9a57794',3,'2018-02-22 04:08:15',NULL,0),(544,'playerVirtual11','playerVirtual11_4246147567',0,'2018-02-22 04:09:50',NULL,0),(545,'playerVirtual11','playerVirtual11_4246147567',0,'2018-02-22 04:09:50',NULL,0),(546,'playerVirtual6','playerVirtual6_4246147567',1,'2018-02-22 04:10:01',NULL,0),(547,'playerVirtual6','playerVirtual6_702dc4d70d',4,'2018-02-22 04:10:02',NULL,0),(548,'playerVirtual6','playerVirtual6_4246147567',1,'2018-02-22 04:10:05',NULL,0),(549,'playerVirtual18','playerVirtual18_4246147567',0,'2018-02-22 04:10:12',NULL,0),(550,'playerVirtual18','playerVirtual18_83c3134e85',3,'2018-02-22 04:10:12',NULL,0),(551,'playerVirtual18','playerVirtual18_4246147567',0,'2018-02-22 04:10:12',NULL,0),(552,'playerVirtual7','playerVirtual7_4246147567',0,'2018-02-22 04:10:26',NULL,0),(553,'playerVirtual7','playerVirtual7_fe8c5d23c1',4,'2018-02-22 04:10:26',NULL,0),(554,'playerVirtual7','playerVirtual7_4246147567',0,'2018-02-22 04:10:26',NULL,0),(555,'playerVirtual11','playerVirtual11_684c9ee88f',3,'2018-02-22 04:10:50',NULL,0),(556,'playerVirtual1237','playerVirtual1237_6628d5eb0e',4,'2018-02-22 04:11:09',NULL,0),(557,'playerVirtual18','playerVirtual18_4246147567',1,'2018-02-22 04:11:13',NULL,0),(558,'playerVirtual18','playerVirtual18_247077523f',4,'2018-02-22 04:11:13',NULL,0),(559,'playerVirtual18','playerVirtual18_4246147567',1,'2018-02-22 04:11:13',NULL,0),(560,'playerVirtual3','playerVirtual3_272887063',0,'2018-02-22 04:11:31',NULL,0),(561,'playerVirtual3','playerVirtual3_272887063',0,'2018-02-22 04:11:31',NULL,0),(562,'playerVirtual13','playerVirtual13_4246147567',0,'2018-02-22 04:11:47',NULL,0),(563,'playerVirtual13','playerVirtual13_bc056c9d5a',4,'2018-02-22 04:11:47',NULL,0),(564,'playerVirtual13','playerVirtual13_4246147567',0,'2018-02-22 04:11:47',NULL,0),(565,'playerVirtual17','playerVirtual17_2378747961',1,'2018-02-22 04:11:58',NULL,0),(566,'playerVirtual17','playerVirtual17_bba6ee3089',4,'2018-02-22 04:11:59',NULL,0),(567,'playerVirtual17','playerVirtual17_2378747961',1,'2018-02-22 04:11:59',NULL,0),(568,'playerVirtual3','playerVirtual3_842f428089',3,'2018-02-22 04:12:31',NULL,0),(569,'playerVirtual15','playerVirtual15_d5d27723f3',3,'2018-02-22 04:15:30',NULL,0),(570,'playerVirtual4','playerVirtual4_4246147567',1,'2018-02-22 04:15:56',NULL,0),(571,'playerVirtual4','playerVirtual4_84b5a58691',4,'2018-02-22 04:15:56',NULL,0),(572,'playerVirtual4','playerVirtual4_4246147567',1,'2018-02-22 04:15:57',NULL,0),(573,'playerVirtual19','playerVirtual19_4246147567',0,'2018-02-22 04:16:32',NULL,0),(574,'playerVirtual19','playerVirtual19_30eb4ea7b2',3,'2018-02-22 04:16:32',NULL,0),(575,'playerVirtual19','playerVirtual19_4246147567',0,'2018-02-22 04:16:32',NULL,0),(576,'playerVirtual12','playerVirtual12_4246147567',0,'2018-02-22 04:16:42',NULL,0),(577,'playerVirtual12','playerVirtual12_b8c1a8f4c4',3,'2018-02-22 04:16:42',NULL,0),(578,'playerVirtual12','playerVirtual12_4246147567',0,'2018-02-22 04:16:43',NULL,0),(579,'playerVirtual9','playerVirtual9_6566788',0,'2018-02-22 04:17:13',NULL,0),(580,'playerVirtual9','playerVirtual9_6566788',0,'2018-02-22 04:17:13',NULL,0),(581,'playerVirtual19','playerVirtual19_4246147567',1,'2018-02-22 04:17:33',NULL,0),(582,'playerVirtual19','playerVirtual19_7826c6359f',4,'2018-02-22 04:17:34',NULL,0),(583,'playerVirtual19','playerVirtual19_4246147567',1,'2018-02-22 04:17:34',NULL,0),(584,'playerVirtual10','playerVirtual10_990694203',0,'2018-02-22 04:17:34',NULL,0),(585,'playerVirtual10','playerVirtual10_990694203',0,'2018-02-22 04:17:34',NULL,0),(586,'playerVirtual9','playerVirtual9_c4973ef2c4',4,'2018-02-22 04:18:13',NULL,0),(587,'playerVirtual10','playerVirtual10_6bb0abd36a',3,'2018-02-22 04:18:35',NULL,0),(588,'playerVirtual14','playerVirtual14_82730999',0,'2018-02-22 04:19:47',NULL,0),(589,'playerVirtual14','playerVirtual14_82730999',0,'2018-02-22 04:19:47',NULL,0),(590,'playerVirtual11','playerVirtual11_1f4ae3388b',4,'2018-02-22 04:19:49',NULL,0),(591,'playerVirtual14','playerVirtual14_0362caf77e',4,'2018-02-22 04:20:47',NULL,0),(592,'playerVirtual8','playerVirtual8_4246147567',0,'2018-02-22 04:21:11',NULL,0),(593,'playerVirtual8','playerVirtual8_0b936a078c',3,'2018-02-22 04:21:11',NULL,0),(594,'playerVirtual8','playerVirtual8_4246147567',0,'2018-02-22 04:21:11',NULL,0),(595,'playerVirtual7','playerVirtual7_1420d0e1c2',3,'2018-02-22 04:21:31',NULL,0),(596,'playerVirtual2','playerVirtual2_4246147567',1,'2018-02-22 04:22:11',NULL,0),(597,'playerVirtual2','playerVirtual2_29333b63ff',3,'2018-02-22 04:22:11',NULL,0),(598,'playerVirtual2','playerVirtual2_4246147567',1,'2018-02-22 04:22:11',NULL,0),(599,'playerVirtual10','playerVirtual10_990694203',1,'2018-02-22 04:22:57',NULL,0),(600,'playerVirtual10','playerVirtual10_ef547c525f',4,'2018-02-22 04:22:57',NULL,0),(601,'playerVirtual10','playerVirtual10_990694203',1,'2018-02-22 04:22:58',NULL,0),(602,'playerVirtual5','playerVirtual5_4246147567',0,'2018-02-22 04:23:22',NULL,0),(603,'playerVirtual5','playerVirtual5_4246147567',0,'2018-02-22 04:23:23',NULL,0),(604,'playerVirtual12','playerVirtual12_b66799e5d4',4,'2018-02-22 04:23:34',NULL,0),(605,'playerVirtual5','playerVirtual5_59c73c0841',4,'2018-02-22 04:24:23',NULL,0),(606,'playerVirtual13','playerVirtual13_4246147567',1,'2018-02-22 04:24:40',NULL,0),(607,'playerVirtual13','playerVirtual13_a5ae00d652',3,'2018-02-22 04:24:40',NULL,0),(608,'playerVirtual13','playerVirtual13_4246147567',1,'2018-02-22 04:24:40',NULL,0),(609,'playerVirtual16','playerVirtual16_4246147567',0,'2018-02-22 04:25:39',NULL,0),(610,'playerVirtual16','playerVirtual16_50ef6e39bb',3,'2018-02-22 04:25:39',NULL,0),(611,'playerVirtual16','playerVirtual16_4246147567',0,'2018-02-22 04:25:40',NULL,0),(612,'playerVirtual3','playerVirtual3_4820150269',0,'2018-02-22 04:26:13',NULL,0),(613,'playerVirtual3','playerVirtual3_4820150269',0,'2018-02-22 04:26:13',NULL,0),(614,'playerVirtual16','playerVirtual16_b6e6cedb82',4,'2018-02-22 04:26:40',NULL,0),(615,'playerVirtual3','playerVirtual3_45bd5887fd',4,'2018-02-22 04:27:13',NULL,0),(616,'playerVirtual15','playerVirtual15_3338579772',0,'2018-02-22 04:27:23',NULL,0),(617,'playerVirtual15','playerVirtual15_3338579772',0,'2018-02-22 04:27:24',NULL,0),(618,'playerVirtual15','playerVirtual15_a1b8b76fb0',4,'2018-02-22 04:28:24',NULL,0);
/*!40000 ALTER TABLE `REQUEST` ENABLE KEYS */;
UNLOCK TABLES;

--
-- Table structure for table `STATUS`
--

DROP TABLE IF EXISTS `STATUS`;
/*!40101 SET @saved_cs_client     = @@character_set_client */;
/*!40101 SET character_set_client = utf8 */;
CREATE TABLE `STATUS` (
  `id` int(11) NOT NULL AUTO_INCREMENT,
  `players` int(11) DEFAULT '0',
  `all_requests` int(11) DEFAULT '0',
  `accepts` int(11) DEFAULT '0',
  `rejects` int(11) DEFAULT '0',
  `fairness` float DEFAULT '0',
  `timestamp` timestamp NULL DEFAULT NULL,
  PRIMARY KEY (`id`)
) ENGINE=InnoDB AUTO_INCREMENT=32 DEFAULT CHARSET=utf8;
/*!40101 SET character_set_client = @saved_cs_client */;

--
-- Dumping data for table `STATUS`
--

LOCK TABLES `STATUS` WRITE;
/*!40000 ALTER TABLE `STATUS` DISABLE KEYS */;
INSERT INTO `STATUS` VALUES (1,0,0,0,0,0,'2018-02-22 01:59:14'),(2,3,6,4,2,0.666667,'2018-02-22 02:04:15'),(3,4,14,8,6,0.571429,'2018-02-22 02:09:15'),(4,6,20,12,8,0.6,'2018-02-22 02:14:15'),(5,7,29,17,12,0.586207,'2018-02-22 02:19:15'),(6,9,36,24,12,0.666667,'2018-02-22 02:24:15'),(7,10,46,30,16,0.652174,'2018-02-22 02:29:15'),(8,11,52,34,18,0.653846,'2018-02-22 02:34:15'),(9,12,60,39,21,0.65,'2018-02-22 02:39:15'),(10,13,65,44,21,0.676923,'2018-02-22 02:44:15'),(11,15,71,46,25,0.647887,'2018-02-22 02:49:16'),(12,16,78,52,26,0.666667,'2018-02-22 02:54:16'),(13,17,83,57,26,0.686747,'2018-02-22 02:59:16'),(14,19,87,59,28,0.678161,'2018-02-22 03:04:16'),(15,20,91,63,28,0.692308,'2018-02-22 03:09:16'),(16,21,92,64,28,0.695652,'2018-02-22 03:14:16'),(17,23,99,71,28,0.717172,'2018-02-22 03:19:17'),(18,24,104,74,30,0.711538,'2018-02-22 03:24:17'),(19,25,108,77,31,0.712963,'2018-02-22 03:29:17'),(20,25,111,78,33,0.702703,'2018-02-22 03:34:17'),(21,25,116,83,33,0.715517,'2018-02-22 03:39:17'),(22,26,121,87,34,0.719008,'2018-02-22 03:44:17'),(23,26,125,88,37,0.704,'2018-02-22 03:49:17'),(24,26,128,90,38,0.703125,'2018-02-22 03:54:18'),(25,26,130,91,39,0.7,'2018-02-22 03:59:18'),(26,26,131,92,39,0.70229,'2018-02-22 04:04:18'),(27,26,134,94,40,0.701493,'2018-02-22 04:09:18'),(28,27,139,95,44,0.683453,'2018-02-22 04:14:18'),(29,27,143,97,46,0.678322,'2018-02-22 04:19:18'),(30,27,146,98,48,0.671233,'2018-02-22 04:24:18'),(31,27,149,100,49,0.671141,'2018-02-22 04:29:19');
/*!40000 ALTER TABLE `STATUS` ENABLE KEYS */;
UNLOCK TABLES;

--
-- Table structure for table `THRESHOLD`
--

DROP TABLE IF EXISTS `THRESHOLD`;
/*!40101 SET @saved_cs_client     = @@character_set_client */;
/*!40101 SET character_set_client = utf8 */;
CREATE TABLE `THRESHOLD` (
  `division` int(11) NOT NULL,
  `botton` float DEFAULT '0',
  `top` float DEFAULT '0',
  PRIMARY KEY (`division`)
) ENGINE=InnoDB DEFAULT CHARSET=utf8;
/*!40101 SET character_set_client = @saved_cs_client */;

--
-- Dumping data for table `THRESHOLD`
--

LOCK TABLES `THRESHOLD` WRITE;
/*!40000 ALTER TABLE `THRESHOLD` DISABLE KEYS */;
INSERT INTO `THRESHOLD` VALUES (1,8.76,20),(2,4.38,8.76),(3,0,4.38);
/*!40000 ALTER TABLE `THRESHOLD` ENABLE KEYS */;
UNLOCK TABLES;

--
-- Table structure for table `VM`
--

DROP TABLE IF EXISTS `VM`;
/*!40101 SET @saved_cs_client     = @@character_set_client */;
/*!40101 SET character_set_client = utf8 */;
CREATE TABLE `VM` (
  `id` int(11) NOT NULL AUTO_INCREMENT,
  `origin_add` varchar(45) NOT NULL,
  `origin_id` varchar(45) NOT NULL,
  `origin_name` varchar(45) NOT NULL,
  `destiny_add` varchar(45) NOT NULL,
  `destiny_name` varchar(45) NOT NULL,
  `destiny_id` varchar(45) NOT NULL,
  `status` tinyint(1) NOT NULL,
  `has_resources` tinyint(1) NOT NULL,
  `vcpus` int(11) NOT NULL,
  `mem` bigint(20) NOT NULL,
  `disk` bigint(20) NOT NULL,
  `timestamp_received` timestamp NULL DEFAULT NULL,
  `timestamp_finished` timestamp NULL DEFAULT NULL,
  PRIMARY KEY (`id`)
) ENGINE=InnoDB AUTO_INCREMENT=150 DEFAULT CHARSET=utf8;
/*!40101 SET character_set_client = @saved_cs_client */;

--
-- Dumping data for table `VM`
--

LOCK TABLES `VM` WRITE;
/*!40000 ALTER TABLE `VM` DISABLE KEYS */;
INSERT INTO `VM` VALUES (1,'192.168.0.200','playerVirtual1_450512000','playerVirtual1','192.168.0.200','playerVirtual2','playerVirtual2_95de44d83a',1,1,1,2048,20,'2018-02-22 02:01:49',NULL),(2,'192.168.0.200','playerVirtual2_1438244924','playerVirtual2','192.168.0.200','playerVirtual1','playerVirtual1_70c2679355',3,1,1,2048,20,'2018-02-22 02:01:51','2018-02-22 02:56:25'),(3,'192.168.0.200','playerVirtual0_640692267','playerVirtual0','192.168.0.200','playerVirtual2','playerVirtual2_f77cc5bbb3',1,1,1,512,1,'2018-02-22 02:01:54',NULL),(4,'192.168.0.200','playerVirtual1_2381571381','playerVirtual1','192.168.0.200','playerVirtual0','playerVirtual1_2381571381',0,1,1,2048,20,'2018-02-22 02:03:55','2018-02-22 02:03:55'),(5,'192.168.0.200','playerVirtual2_5297461910','playerVirtual2','192.168.0.200','playerVirtual0','playerVirtual2_5297461910',0,1,1,512,1,'2018-02-22 02:03:56','2018-02-22 02:03:56'),(6,'192.168.0.200','playerVirtual0_2790332778','playerVirtual0','192.168.0.200','playerVirtual2','playerVirtual2_e20f686a25',1,1,2,4096,40,'2018-02-22 02:03:59',NULL),(7,'192.168.0.200','playerVirtual1_369721705','playerVirtual1','192.168.0.200','playerVirtual3','playerVirtual3_b737558f51',1,1,2,4096,40,'2018-02-22 02:06:01',NULL),(8,'192.168.0.200','playerVirtual2_317469422','playerVirtual2','192.168.0.200','playerVirtual0','playerVirtual2_317469422',0,1,2,4096,40,'2018-02-22 02:06:04','2018-02-22 02:06:04'),(9,'192.168.0.200','playerVirtual0_6955737','playerVirtual0','192.168.0.200','playerVirtual2','playerVirtual2_766f19a3e6',1,1,1,2048,20,'2018-02-22 02:06:07',NULL),(10,'192.168.0.200','playerVirtual3_257338104','playerVirtual3','192.168.0.200','playerVirtual0','playerVirtual3_257338104',0,1,2,4096,40,'2018-02-22 02:07:00','2018-02-22 02:07:00'),(11,'192.168.0.200','playerVirtual1_3584940347','playerVirtual1','192.168.0.200','playerVirtual3','playerVirtual3_6003ad93fc',1,1,1,512,1,'2018-02-22 02:08:09',NULL),(12,'192.168.0.200','playerVirtual2_2433236783','playerVirtual2','192.168.0.200','playerVirtual0','playerVirtual2_2433236783',0,1,1,2048,20,'2018-02-22 02:08:10','2018-02-22 02:08:10'),(13,'192.168.0.200','playerVirtual0_3338579772','playerVirtual0','192.168.0.200','playerVirtual2','playerVirtual2_fdf2f9d0fd',1,1,1,2048,20,'2018-02-22 02:08:14',NULL),(14,'192.168.0.200','playerVirtual3_257407216','playerVirtual3','192.168.0.200','playerVirtual0','playerVirtual3_257407216',0,1,2,4096,40,'2018-02-22 02:09:02','2018-02-22 02:09:02'),(15,'192.168.0.200','playerVirtual1_182859403','playerVirtual1','192.168.0.200','playerVirtual2','playerVirtual2_f30dc735b3',1,1,1,512,1,'2018-02-22 02:10:23',NULL),(16,'192.168.0.200','playerVirtual2_2359368952','playerVirtual2','192.168.0.200','playerVirtual1','playerVirtual2_2359368952',0,0,1,512,1,'2018-02-22 02:10:28','2018-02-22 02:10:28'),(17,'192.168.0.200','playerVirtual3_2545640208','playerVirtual3','192.168.0.200','playerVirtual4','playerVirtual4_89a69e82bd',1,1,1,2048,20,'2018-02-22 02:11:37',NULL),(18,'192.168.0.200','playerVirtual4_908315','playerVirtual4','192.168.0.200','playerVirtual2','playerVirtual2_0af211b793',3,1,1,2048,20,'2018-02-22 02:12:27','2018-02-22 03:24:45'),(19,'192.168.0.200','playerVirtual1_539194189','playerVirtual1','192.168.0.200','playerVirtual1899','playerVirtual1_539194189',0,1,1,2048,20,'2018-02-22 02:12:55','2018-02-22 02:12:55'),(20,'192.168.0.200','playerVirtual2_4820204870','playerVirtual2','192.168.0.200','playerVirtual4','playerVirtual4_92272d422c',3,1,2,4096,40,'2018-02-22 02:13:37','2018-02-22 02:40:50'),(21,'192.168.0.200','playerVirtual3_8058564','playerVirtual3','192.168.0.200','playerVirtual1899','playerVirtual3_8058564',0,1,1,2048,20,'2018-02-22 02:15:19','2018-02-22 02:15:19'),(22,'192.168.0.200','playerVirtual1899_1429160667','playerVirtual1899','192.168.0.200','playerVirtual5','playerVirtual5_c0685a1c28',1,1,1,2048,20,'2018-02-22 02:16:00',NULL),(23,'192.168.0.200','playerVirtual4_3338010893','playerVirtual4','192.168.0.200','playerVirtual1899','playerVirtual4_3338010893',0,1,1,512,1,'2018-02-22 02:16:08','2018-02-22 02:16:08'),(24,'192.168.0.200','playerVirtual1_82730999','playerVirtual1','192.168.0.200','playerVirtual4','playerVirtual4_765200ffec',1,1,1,512,1,'2018-02-22 02:16:46',NULL),(25,'192.168.0.200','playerVirtual2_351652724','playerVirtual2','192.168.0.200','playerVirtual5','playerVirtual5_499d757501',1,1,1,2048,20,'2018-02-22 02:16:53',NULL),(26,'192.168.0.200','playerVirtual3_778566023','playerVirtual3','192.168.0.200','playerVirtual1899','playerVirtual3_778566023',0,1,1,512,1,'2018-02-22 02:18:04','2018-02-22 02:18:04'),(27,'192.168.0.200','playerVirtual1899_1436344784','playerVirtual1899','192.168.0.200','playerVirtual4','playerVirtual4_4bdc117afb',1,1,1,2048,20,'2018-02-22 02:18:14',NULL),(28,'192.168.0.200','playerVirtual4_1339662','playerVirtual4','192.168.0.200','playerVirtual5','playerVirtual5_d1b232fcf3',1,1,1,2048,20,'2018-02-22 02:18:59',NULL),(29,'192.168.0.200','playerVirtual5_6571218','playerVirtual5','192.168.0.200','playerVirtual1899','playerVirtual5_6571218',0,1,1,2048,20,'2018-02-22 02:19:09','2018-02-22 02:19:09'),(30,'192.168.0.200','playerVirtual1_317497342','playerVirtual1','192.168.0.200','playerVirtual4','playerVirtual4_4a4590a1b2',1,1,1,512,1,'2018-02-22 02:19:28',NULL),(31,'192.168.0.200','playerVirtual2_284794223','playerVirtual2','192.168.0.200','playerVirtual5','playerVirtual5_5650a63316',1,1,1,2048,20,'2018-02-22 02:20:10',NULL),(32,'192.168.0.200','playerVirtual5_257338074','playerVirtual5','192.168.0.200','playerVirtual6','playerVirtual6_a7a0a39777',1,1,2,4096,40,'2018-02-22 02:21:19',NULL),(33,'192.168.0.200','playerVirtual3_359920779','playerVirtual3','192.168.0.200','playerVirtual4','playerVirtual4_d10cbbe710',3,1,1,512,1,'2018-02-22 02:21:51','2018-02-22 03:55:22'),(34,'192.168.0.200','playerVirtual4_2904109077','playerVirtual4','192.168.0.200','playerVirtual5','playerVirtual5_125983211d',1,1,1,512,1,'2018-02-22 02:22:42',NULL),(35,'192.168.0.200','playerVirtual1_905614','playerVirtual1','192.168.0.200','playerVirtual6','playerVirtual6_81fe16fa8a',1,1,1,2048,20,'2018-02-22 02:23:21',NULL),(36,'192.168.0.200','playerVirtual2_6569547','playerVirtual2','192.168.0.200','playerVirtual4','playerVirtual4_bd6cf4bf20',1,1,1,2048,20,'2018-02-22 02:23:30',NULL),(37,'192.168.0.200','playerVirtual6_1093460','playerVirtual6','192.168.0.200','playerVirtual3','playerVirtual6_1093460',0,0,1,512,1,'2018-02-22 02:24:20','2018-02-22 02:24:20'),(38,'192.168.0.200','playerVirtual3_30788568','playerVirtual3','192.168.0.200','playerVirtual1879','playerVirtual3_30788568',0,1,1,512,1,'2018-02-22 02:24:44','2018-02-22 02:24:44'),(39,'192.168.0.200','playerVirtual4_5792765','playerVirtual4','192.168.0.200','playerVirtual2','playerVirtual2_70a29e77da',1,1,1,512,1,'2018-02-22 02:25:40',NULL),(40,'192.168.0.200','playerVirtual5_470485660','playerVirtual5','192.168.0.200','playerVirtual6','playerVirtual6_7620da7794',1,1,2,4096,40,'2018-02-22 02:25:46',NULL),(41,'192.168.0.200','playerVirtual1_38671842','playerVirtual1','192.168.0.200','playerVirtual7','playerVirtual7_00c3fb2bc3',1,1,1,512,1,'2018-02-22 02:26:16',NULL),(42,'192.168.0.200','playerVirtual6_4819935267','playerVirtual6','192.168.0.200','playerVirtual1879','playerVirtual6_4819935267',0,1,2,4096,40,'2018-02-22 02:26:42','2018-02-22 02:26:42'),(43,'192.168.0.200','playerVirtual2_400453824','playerVirtual2','192.168.0.200','playerVirtual4','playerVirtual4_ca54b06340',1,1,1,512,1,'2018-02-22 02:26:58',NULL),(44,'192.168.0.200','playerVirtual5_5068098508','playerVirtual5','192.168.0.200','playerVirtual6','playerVirtual6_4ff249ef2f',3,1,1,2048,20,'2018-02-22 02:28:33','2018-02-22 03:25:04'),(45,'192.168.0.200','playerVirtual1879_4820318661','playerVirtual1879','192.168.0.200','playerVirtual6','playerVirtual6_8a9c54d251',1,1,2,4096,40,'2018-02-22 02:28:38',NULL),(46,'192.168.0.200','playerVirtual3_4820217293','playerVirtual3','192.168.0.200','playerVirtual1879','playerVirtual3_4820217293',0,1,2,4096,40,'2018-02-22 02:28:51','2018-02-22 02:28:51'),(47,'192.168.0.200','playerVirtual7_6264344062','playerVirtual7','192.168.0.200','playerVirtual1879','playerVirtual7_6264344062',0,1,1,512,1,'2018-02-22 02:29:51','2018-02-22 02:29:51'),(48,'192.168.0.200','playerVirtual4_2378747961','playerVirtual4','192.168.0.200','playerVirtual2','playerVirtual2_40e8dfb7be',3,1,1,512,1,'2018-02-22 02:29:52','2018-02-22 02:56:54'),(49,'192.168.0.200','playerVirtual1879_563574327','playerVirtual1879','192.168.0.200','playerVirtual8','playerVirtual8_0c0da2aa90',1,1,1,2048,20,'2018-02-22 02:32:16',NULL),(50,'192.168.0.200','playerVirtual6_1095593','playerVirtual6','192.168.0.200','playerVirtual4','playerVirtual4_8b0189b18f',3,1,1,512,1,'2018-02-22 02:32:47','2018-02-22 03:19:37'),(51,'192.168.0.200','playerVirtual3_765651','playerVirtual3','192.168.0.200','playerVirtual1879','playerVirtual3_765651',0,1,1,2048,20,'2018-02-22 02:33:23','2018-02-22 02:33:23'),(52,'192.168.0.200','playerVirtual7_16915963','playerVirtual7','192.168.0.200','playerVirtual8','playerVirtual8_28043b7a0a',1,1,1,2048,20,'2018-02-22 02:33:33',NULL),(53,'192.168.0.200','playerVirtual5_2148750930','playerVirtual5','192.168.0.200','playerVirtual1879','playerVirtual5_2148750930',0,1,1,2048,20,'2018-02-22 02:34:18','2018-02-22 02:34:18'),(54,'192.168.0.200','playerVirtual4_284757920','playerVirtual4','192.168.0.200','playerVirtual6','playerVirtual6_ad6ef41be1',1,1,1,2048,20,'2018-02-22 02:34:26',NULL),(55,'192.168.0.200','playerVirtual2_272887063','playerVirtual2','192.168.0.200','playerVirtual8','playerVirtual8_590df83416',3,1,1,2048,20,'2018-02-22 02:34:50','2018-02-22 02:44:47'),(56,'192.168.0.200','playerVirtual6_38676294','playerVirtual6','192.168.0.200','playerVirtual1879','playerVirtual6_38676294',0,1,1,512,1,'2018-02-22 02:35:34','2018-02-22 02:35:34'),(57,'192.168.0.200','playerVirtual8_5623125514','playerVirtual8','192.168.0.200','playerVirtual9','playerVirtual9_a49680de51',1,1,1,2048,20,'2018-02-22 02:36:37',NULL),(58,'192.168.0.200','playerVirtual1879_6274355716','playerVirtual1879','192.168.0.200','playerVirtual8','playerVirtual8_28c35b46a8',1,1,1,512,1,'2018-02-22 02:37:26',NULL),(59,'192.168.0.200','playerVirtual3_182859403','playerVirtual3','192.168.0.200','playerVirtual1879','playerVirtual3_182859403',0,1,1,512,1,'2018-02-22 02:38:45','2018-02-22 02:38:45'),(60,'192.168.0.200','playerVirtual5_990694203','playerVirtual5','192.168.0.200','playerVirtual9','playerVirtual9_6c59a8a3ec',3,1,1,2048,20,'2018-02-22 02:39:00','2018-02-22 03:14:13'),(61,'192.168.0.200','playerVirtual7_4820204870','playerVirtual7','192.168.0.200','playerVirtual8','playerVirtual8_22492ee5f1',1,1,2,4096,40,'2018-02-22 02:40:02',NULL),(62,'192.168.0.200','playerVirtual4_990694203','playerVirtual4','192.168.0.200','playerVirtual6','playerVirtual6_4c359d566e',3,1,1,2048,20,'2018-02-22 02:40:31','2018-02-22 02:45:05'),(63,'192.168.0.200','playerVirtual8_4476462938','playerVirtual8','192.168.0.200','playerVirtual10','playerVirtual10_087b16b1c5',1,1,1,2048,20,'2018-02-22 02:40:46',NULL),(64,'192.168.0.200','playerVirtual9_6280638724','playerVirtual9','192.168.0.200','playerVirtual8','playerVirtual8_4e5cacc49e',1,1,1,512,1,'2018-02-22 02:43:31',NULL),(65,'192.168.0.200','playerVirtual6_6280643141','playerVirtual6','192.168.0.200','playerVirtual4','playerVirtual4_a17a5e42ae',1,1,1,512,1,'2018-02-22 02:43:32',NULL),(66,'192.168.0.200','playerVirtual7_2359368952','playerVirtual7','192.168.0.200','playerVirtual10','playerVirtual10_0ca00a0caf',1,1,1,512,1,'2018-02-22 02:44:36',NULL),(67,'192.168.0.200','playerVirtual9_214880781','playerVirtual9','192.168.0.200','playerVirtual1229','playerVirtual9_214880781',0,1,1,2048,20,'2018-02-22 02:46:16','2018-02-22 02:46:16'),(68,'192.168.0.200','playerVirtual6_1094955','playerVirtual6','192.168.0.200','playerVirtual11','playerVirtual11_fa26a9bf70',1,1,1,512,1,'2018-02-22 02:47:01',NULL),(69,'192.168.0.200','playerVirtual8_1436323714','playerVirtual8','192.168.0.200','playerVirtual9','playerVirtual9_5dcf0d18aa',1,1,1,2048,20,'2018-02-22 02:47:52',NULL),(70,'192.168.0.200','playerVirtual10_6282149131','playerVirtual10','192.168.0.200','playerVirtual1229','playerVirtual10_6282149131',0,1,1,512,1,'2018-02-22 02:48:47','2018-02-22 02:48:47'),(71,'192.168.0.200','playerVirtual3_682797','playerVirtual3','192.168.0.200','playerVirtual10','playerVirtual10_de21cad66b',1,1,1,2048,20,'2018-02-22 02:49:08',NULL),(72,'192.168.0.200','playerVirtual5_16914091','playerVirtual5','192.168.0.200','playerVirtual11','playerVirtual11_af183a6497',1,1,1,2048,20,'2018-02-22 02:49:29',NULL),(73,'192.168.0.200','playerVirtual2_182859403','playerVirtual2','192.168.0.200','playerVirtual6','playerVirtual6_10168f9fd2',3,1,1,512,1,'2018-02-22 02:50:33','2018-02-22 03:06:42'),(74,'192.168.0.200','playerVirtual4_6641406','playerVirtual4','192.168.0.200','playerVirtual12','playerVirtual12_6ea25aba6b',1,1,1,2048,20,'2018-02-22 02:51:18',NULL),(75,'192.168.0.200','playerVirtual7_6955737','playerVirtual7','192.168.0.200','playerVirtual1229','playerVirtual7_6955737',0,1,1,2048,20,'2018-02-22 02:52:19','2018-02-22 02:52:19'),(76,'192.168.0.200','playerVirtual10_2378747961','playerVirtual10','192.168.0.200','playerVirtual11','playerVirtual11_4f2a2df9eb',3,1,1,512,1,'2018-02-22 02:52:36','2018-02-22 03:06:55'),(77,'192.168.0.200','playerVirtual8_2381571381','playerVirtual8','192.168.0.200','playerVirtual10','playerVirtual10_3a93de7791',1,1,1,2048,20,'2018-02-22 02:53:35',NULL),(78,'192.168.0.200','playerVirtual1229_6285257156','playerVirtual1229','192.168.0.200','playerVirtual12','playerVirtual12_bd6f4c7f42',1,1,1,512,1,'2018-02-22 02:54:12',NULL),(79,'192.168.0.200','playerVirtual11_6955737','playerVirtual11','192.168.0.200','playerVirtual10','playerVirtual10_27e86e5a3c',1,1,1,2048,20,'2018-02-22 02:55:16',NULL),(80,'192.168.0.200','playerVirtual3_6289355687','playerVirtual3','192.168.0.200','playerVirtual13','playerVirtual13_47bf4b871a',1,1,1,512,1,'2018-02-22 02:55:55',NULL),(81,'192.168.0.200','playerVirtual9_1438244924','playerVirtual9','192.168.0.200','playerVirtual12','playerVirtual12_781abef14c',3,1,1,2048,20,'2018-02-22 02:56:09','2018-02-22 02:59:42'),(82,'192.168.0.200','playerVirtual6_3338579772','playerVirtual6','192.168.0.200','playerVirtual8','playerVirtual8_020c116199',1,1,1,2048,20,'2018-02-22 02:56:11',NULL),(83,'192.168.0.200','playerVirtual5_1438244924','playerVirtual5','192.168.0.200','playerVirtual10','playerVirtual10_a1f6fc73ad',1,1,1,2048,20,'2018-02-22 02:57:14',NULL),(84,'192.168.0.200','playerVirtual11_6296865278','playerVirtual11','192.168.0.200','playerVirtual14','playerVirtual14_a15c4d9b83',1,1,1,512,1,'2018-02-22 03:00:56',NULL),(85,'192.168.0.200','playerVirtual12_6289704471','playerVirtual12','192.168.0.200','playerVirtual1463','playerVirtual12_6289704471',0,1,1,512,1,'2018-02-22 03:01:21','2018-02-22 03:01:21'),(86,'192.168.0.200','playerVirtual8_794070039','playerVirtual8','192.168.0.200','playerVirtual2','playerVirtual2_ebb9a6b6ec',1,1,1,512,1,'2018-02-22 03:01:48',NULL),(87,'192.168.0.200','playerVirtual10_1436344784','playerVirtual10','192.168.0.200','playerVirtual13','playerVirtual13_9758944a7c',3,1,1,2048,20,'2018-02-22 03:02:35','2018-02-22 03:54:09'),(88,'192.168.0.200','playerVirtual3_6264344062','playerVirtual3','192.168.0.200','playerVirtual15','playerVirtual15_57668428e5',1,1,1,2048,20,'2018-02-22 03:06:56',NULL),(89,'192.168.0.200','playerVirtual5_990694203','playerVirtual5','192.168.0.200','playerVirtual11','playerVirtual11_c84cd355ce',3,1,1,2048,20,'2018-02-22 03:07:28','2018-02-22 03:14:13'),(90,'192.168.0.200','playerVirtual4_182859403','playerVirtual4','192.168.0.200','playerVirtual6','playerVirtual6_d6b8f199b9',3,1,1,512,1,'2018-02-22 03:07:29','2018-02-22 03:13:04'),(91,'192.168.0.200','playerVirtual13_6296268057','playerVirtual13','192.168.0.200','playerVirtual12','playerVirtual12_823dbcbd82',1,1,1,512,1,'2018-02-22 03:08:38',NULL),(92,'192.168.0.200','playerVirtual9_6301942525','playerVirtual9','192.168.0.200','playerVirtual16','playerVirtual16_4e85d6788a',1,1,1,512,1,'2018-02-22 03:13:36',NULL),(93,'192.168.0.200','playerVirtual8_182859403','playerVirtual8','192.168.0.200','playerVirtual10','playerVirtual10_37d4346ea5',1,1,1,512,1,'2018-02-22 03:14:27',NULL),(94,'192.168.0.200','playerVirtual6_1095593','playerVirtual6','192.168.0.200','playerVirtual8','playerVirtual8_595f710a35',3,1,1,512,1,'2018-02-22 03:15:23','2018-02-22 03:19:37'),(95,'192.168.0.200','playerVirtual7_908315','playerVirtual7','192.168.0.200','playerVirtual17','playerVirtual17_104f23ced2',1,1,1,2048,20,'2018-02-22 03:15:51',NULL),(96,'192.168.0.200','playerVirtual11_6274355716','playerVirtual11','192.168.0.200','playerVirtual14','playerVirtual14_80a2dfdc6b',1,1,1,512,1,'2018-02-22 03:16:02',NULL),(97,'192.168.0.200','playerVirtual14_5297461910','playerVirtual14','192.168.0.200','playerVirtual13','playerVirtual13_be7f34370d',1,1,1,512,1,'2018-02-22 03:16:50',NULL),(98,'192.168.0.200','playerVirtual13_4246147567','playerVirtual13','192.168.0.200','playerVirtual15','playerVirtual15_bf31c1cb0b',3,1,2,4096,40,'2018-02-22 03:17:53','2018-02-22 04:24:41'),(99,'192.168.0.200','playerVirtual3_6289704471','playerVirtual3','192.168.0.200','playerVirtual11','playerVirtual11_ba0d9d9549',1,1,1,2048,20,'2018-02-22 03:18:46',NULL),(100,'192.168.0.200','playerVirtual9_4246147567','playerVirtual9','192.168.0.200','playerVirtual1559','playerVirtual9_4246147567',0,1,2,4096,40,'2018-02-22 03:22:16','2018-02-22 03:22:16'),(101,'192.168.0.200','playerVirtual12_4246147567','playerVirtual12','192.168.0.200','playerVirtual18','playerVirtual18_943e6f976a',3,1,2,4096,40,'2018-02-22 03:23:16','2018-02-22 03:31:07'),(102,'192.168.0.200','playerVirtual15_539194189','playerVirtual15','192.168.0.200','playerVirtual16','playerVirtual16_571e42f529',1,1,1,2048,20,'2018-02-22 03:23:44',NULL),(103,'192.168.0.200','playerVirtual14_4246147567','playerVirtual14','192.168.0.200','playerVirtual10','playerVirtual10_727c3ed7f9',3,1,2,4096,40,'2018-02-22 03:23:47','2018-02-22 04:06:35'),(104,'192.168.0.200','playerVirtual10_4246147567','playerVirtual10','192.168.0.200','playerVirtual14','playerVirtual14_5ca351c8f3',3,1,2,4096,40,'2018-02-22 03:24:13','2018-02-22 03:28:29'),(105,'192.168.0.200','playerVirtual11_5068098508','playerVirtual11','192.168.0.200','playerVirtual13','playerVirtual13_e590677756',3,1,1,2048,20,'2018-02-22 03:24:50','2018-02-22 03:51:31'),(106,'192.168.0.200','playerVirtual8_4246147567','playerVirtual8','192.168.0.200','playerVirtual2','playerVirtual2_cefa460337',3,1,2,4096,40,'2018-02-22 03:25:35','2018-02-22 04:03:45'),(107,'192.168.0.200','playerVirtual7_6316827871','playerVirtual7','192.168.0.200','playerVirtual19','playerVirtual19_7dd5e6c696',1,1,1,512,1,'2018-02-22 03:27:56',NULL),(108,'192.168.0.200','playerVirtual2_6315250734','playerVirtual2','192.168.0.200','playerVirtual6','playerVirtual6_b8dcba7ae3',1,1,1,512,1,'2018-02-22 03:28:09',NULL),(109,'192.168.0.200','playerVirtual15_4246147567','playerVirtual15','192.168.0.200','playerVirtual1559','playerVirtual15_4246147567',0,1,2,4096,40,'2018-02-22 03:29:52','2018-02-22 03:29:52'),(110,'192.168.0.200','playerVirtual16_4246147567','playerVirtual16','192.168.0.200','playerVirtual15','playerVirtual15_9ed407b143',3,1,2,4096,40,'2018-02-22 03:31:05','2018-02-22 03:33:06'),(111,'192.168.0.200','playerVirtual3_4246147567','playerVirtual3','192.168.0.200','playerVirtual18','playerVirtual18_429f2fe6e5',3,1,2,4096,40,'2018-02-22 03:31:21','2018-02-22 03:43:10'),(112,'192.168.0.200','playerVirtual4_4246147567','playerVirtual4','192.168.0.200','playerVirtual8','playerVirtual8_d7b5827187',3,1,2,4096,40,'2018-02-22 03:36:23','2018-02-22 04:15:57'),(113,'192.168.0.200','playerVirtual17_2378747961','playerVirtual17','192.168.0.200','playerVirtual16','playerVirtual16_ebdf966d85',3,1,1,512,1,'2018-02-22 03:36:43','2018-02-22 04:11:59'),(114,'192.168.0.200','playerVirtual5_1095593','playerVirtual5','192.168.0.200','playerVirtual13','playerVirtual13_6c89e22208',1,1,1,512,1,'2018-02-22 03:37:39',NULL),(115,'192.168.0.200','playerVirtual6_990694203','playerVirtual6','192.168.0.200','playerVirtual4','playerVirtual4_eef275a038',3,1,1,2048,20,'2018-02-22 03:37:46','2018-02-22 03:43:01'),(116,'192.168.0.200','playerVirtual2_4246147567','playerVirtual2','192.168.0.200','playerVirtual14','playerVirtual14_a0e2498dc2',3,1,2,4096,40,'2018-02-22 03:38:13','2018-02-22 04:22:11'),(117,'192.168.0.200','playerVirtual11_6322213339','playerVirtual11','192.168.0.200','playerVirtual19','playerVirtual19_1b1e5d0af9',1,1,1,512,1,'2018-02-22 03:41:31',NULL),(118,'192.168.0.200','playerVirtual7_4246147567','playerVirtual7','192.168.0.200','playerVirtual15','playerVirtual15_c451ac9016',3,1,2,4096,40,'2018-02-22 03:41:39','2018-02-22 03:53:44'),(119,'192.168.0.200','playerVirtual17_4246147567','playerVirtual17','192.168.0.200','playerVirtual18','playerVirtual18_31923a0f3d',3,1,2,4096,40,'2018-02-22 03:41:53','2018-02-22 04:03:48'),(120,'192.168.0.200','playerVirtual18_4246147567','playerVirtual18','192.168.0.200','playerVirtual19','playerVirtual19_71bc6aae89',3,1,2,4096,40,'2018-02-22 03:42:46','2018-02-22 04:11:13'),(121,'192.168.0.200','playerVirtual13_4246147567','playerVirtual13','192.168.0.200','playerVirtual15','playerVirtual15_d53b8cf0a7',3,1,2,4096,40,'2018-02-22 03:43:24','2018-02-22 04:24:41'),(122,'192.168.0.200','playerVirtual9_4246147567','playerVirtual9','192.168.0.200','playerVirtual1261','playerVirtual9_4246147567',0,1,2,4096,40,'2018-02-22 03:48:09','2018-02-22 03:48:09'),(123,'192.168.0.200','playerVirtual19_4246147567','playerVirtual19','192.168.0.200','playerVirtual10','playerVirtual10_62aacea6c0',3,1,2,4096,40,'2018-02-22 03:48:25','2018-02-22 04:17:34'),(124,'192.168.0.200','playerVirtual12_4246147567','playerVirtual12','192.168.0.200','playerVirtual1261','playerVirtual12_4246147567',0,1,2,4096,40,'2018-02-22 03:48:30','2018-02-22 03:48:30'),(125,'192.168.0.200','playerVirtual10_359920779','playerVirtual10','192.168.0.200','playerVirtual8','playerVirtual8_c0ae47c45a',1,1,1,512,1,'2018-02-22 03:48:47',NULL),(126,'192.168.0.200','playerVirtual14_4246147567','playerVirtual14','192.168.0.200','playerVirtual18','playerVirtual18_7494cf846f',3,1,2,4096,40,'2018-02-22 03:50:31','2018-02-22 04:06:35'),(127,'192.168.0.200','playerVirtual5_6335261139','playerVirtual5','192.168.0.200','playerVirtual13','playerVirtual13_7d0582c85d',1,1,1,512,1,'2018-02-22 03:51:50',NULL),(128,'192.168.0.200','playerVirtual8_4246147567','playerVirtual8','192.168.0.200','playerVirtual2','playerVirtual2_8c84e2dc80',3,1,2,4096,40,'2018-02-22 03:52:06','2018-02-22 04:03:45'),(129,'192.168.0.200','playerVirtual16_4246147567','playerVirtual16','192.168.0.200','playerVirtual1261','playerVirtual16_4246147567',0,1,2,4096,40,'2018-02-22 03:56:46','2018-02-22 03:56:46'),(130,'192.168.0.200','playerVirtual15_4246147567','playerVirtual15','192.168.0.200','playerVirtual14','playerVirtual14_737e4ef813',1,1,2,4096,40,'2018-02-22 03:57:31',NULL),(131,'192.168.0.200','playerVirtual4_4246147567','playerVirtual4','192.168.0.200','playerVirtual6','playerVirtual6_21ec81ee52',3,1,2,4096,40,'2018-02-22 04:04:16','2018-02-22 04:15:57'),(132,'192.168.0.200','playerVirtual6_4246147567','playerVirtual6','192.168.0.200','playerVirtual4','playerVirtual4_4f37946757',3,1,2,4096,40,'2018-02-22 04:04:46','2018-02-22 04:10:06'),(133,'192.168.0.200','playerVirtual2_4246147567','playerVirtual2','192.168.0.200','playerVirtual19','playerVirtual19_bc32eeaed7',3,1,2,4096,40,'2018-02-22 04:07:14','2018-02-22 04:22:11'),(134,'192.168.0.200','playerVirtual5_6344084916','playerVirtual5','192.168.0.200','playerVirtual3','playerVirtual5_6344084916',0,0,1,512,1,'2018-02-22 04:07:15','2018-02-22 04:07:15'),(135,'192.168.0.200','playerVirtual11_4246147567','playerVirtual11','192.168.0.200','playerVirtual5','playerVirtual11_4246147567',0,0,2,4096,40,'2018-02-22 04:09:50','2018-02-22 04:09:50'),(136,'192.168.0.200','playerVirtual18_4246147567','playerVirtual18','192.168.0.200','playerVirtual15','playerVirtual15_57e5e07114',3,1,2,4096,40,'2018-02-22 04:10:12','2018-02-22 04:11:13'),(137,'192.168.0.200','playerVirtual7_4246147567','playerVirtual7','192.168.0.200','playerVirtual9','playerVirtual7_4246147567',0,0,2,4096,40,'2018-02-22 04:10:26','2018-02-22 04:10:26'),(138,'192.168.0.200','playerVirtual3_272887063','playerVirtual3','192.168.0.200','playerVirtual1237','playerVirtual3_272887063',0,1,1,2048,20,'2018-02-22 04:11:31','2018-02-22 04:11:31'),(139,'192.168.0.200','playerVirtual13_4246147567','playerVirtual13','192.168.0.200','playerVirtual10','playerVirtual10_be88dc4e5f',3,1,2,4096,40,'2018-02-22 04:11:47','2018-02-22 04:24:41'),(140,'192.168.0.200','playerVirtual19_4246147567','playerVirtual19','192.168.0.200','playerVirtual16','playerVirtual16_a3f3550d87',3,1,2,4096,40,'2018-02-22 04:16:32','2018-02-22 04:17:34'),(141,'192.168.0.200','playerVirtual12_4246147567','playerVirtual12','192.168.0.200','playerVirtual1237','playerVirtual12_4246147567',0,1,2,4096,40,'2018-02-22 04:16:43','2018-02-22 04:16:43'),(142,'192.168.0.200','playerVirtual9_6566788','playerVirtual9','192.168.0.200','playerVirtual1237','playerVirtual9_6566788',0,1,1,2048,20,'2018-02-22 04:17:13','2018-02-22 04:17:13'),(143,'192.168.0.200','playerVirtual10_990694203','playerVirtual10','192.168.0.200','playerVirtual18','playerVirtual18_ff3cbe2aa4',3,1,1,2048,20,'2018-02-22 04:17:34','2018-02-22 04:22:58'),(144,'192.168.0.200','playerVirtual14_82730999','playerVirtual14','192.168.0.200','playerVirtual13','playerVirtual13_0f5e45cbe0',1,1,1,512,1,'2018-02-22 04:19:47',NULL),(145,'192.168.0.200','playerVirtual8_4246147567','playerVirtual8','192.168.0.200','playerVirtual2','playerVirtual2_99465892df',1,1,2,4096,40,'2018-02-22 04:21:12',NULL),(146,'192.168.0.200','playerVirtual5_4246147567','playerVirtual5','192.168.0.200','playerVirtual7','playerVirtual5_4246147567',0,0,2,4096,40,'2018-02-22 04:23:23','2018-02-22 04:23:23'),(147,'192.168.0.200','playerVirtual16_4246147567','playerVirtual16','192.168.0.200','playerVirtual14','playerVirtual14_1b48346e14',1,1,2,4096,40,'2018-02-22 04:25:40',NULL),(148,'192.168.0.200','playerVirtual3_4820150269','playerVirtual3','192.168.0.200','playerVirtual12','playerVirtual3_4820150269',0,0,2,4096,40,'2018-02-22 04:26:14','2018-02-22 04:26:14'),(149,'192.168.0.200','playerVirtual15_3338579772','playerVirtual15','192.168.0.200','playerVirtual8','playerVirtual8_335ab901a8',1,1,1,2048,20,'2018-02-22 04:27:24',NULL);
/*!40000 ALTER TABLE `VM` ENABLE KEYS */;
UNLOCK TABLES;
/*!40103 SET TIME_ZONE=@OLD_TIME_ZONE */;

/*!40101 SET SQL_MODE=@OLD_SQL_MODE */;
/*!40014 SET FOREIGN_KEY_CHECKS=@OLD_FOREIGN_KEY_CHECKS */;
/*!40014 SET UNIQUE_CHECKS=@OLD_UNIQUE_CHECKS */;
/*!40101 SET CHARACTER_SET_CLIENT=@OLD_CHARACTER_SET_CLIENT */;
/*!40101 SET CHARACTER_SET_RESULTS=@OLD_CHARACTER_SET_RESULTS */;
/*!40101 SET COLLATION_CONNECTION=@OLD_COLLATION_CONNECTION */;
/*!40111 SET SQL_NOTES=@OLD_SQL_NOTES */;

-- Dump completed on 2018-02-22  1:29:42
