-- MySQL dump 10.14  Distrib 5.5.58-MariaDB, for debian-linux-gnu (x86_64)
--
-- Host: localhost    Database: mct
-- ------------------------------------------------------
-- Server version	5.5.58-MariaDB-1ubuntu0.14.04.1

/*!40101 SET @OLD_CHARACTER_SET_CLIENT=@@CHARACTER_SET_CLIENT */;
/*!40101 SET @OLD_CHARACTER_SET_RESULTS=@@CHARACTER_SET_RESULTS */;
/*!40101 SET @OLD_COLLATION_CONNECTION=@@COLLATION_CONNECTION */;
/*!40101 SET NAMES utf8 */;
/*!40103 SET @OLD_TIME_ZONE=@@TIME_ZONE */;
/*!40103 SET TIME_ZONE='+00:00' */;
/*!40014 SET @OLD_UNIQUE_CHECKS=@@UNIQUE_CHECKS, UNIQUE_CHECKS=0 */;
/*!40014 SET @OLD_FOREIGN_KEY_CHECKS=@@FOREIGN_KEY_CHECKS, FOREIGN_KEY_CHECKS=0 */;
/*!40101 SET @OLD_SQL_MODE=@@SQL_MODE, SQL_MODE='NO_AUTO_VALUE_ON_ZERO' */;
/*!40111 SET @OLD_SQL_NOTES=@@SQL_NOTES, SQL_NOTES=0 */;

--
-- Table structure for table `DIVISION`
--

DROP TABLE IF EXISTS `DIVISION`;
/*!40101 SET @saved_cs_client     = @@character_set_client */;
/*!40101 SET character_set_client = utf8 */;
CREATE TABLE `DIVISION` (
  `division` int(11) NOT NULL,
  `wo` tinyint(1) DEFAULT '0',
  PRIMARY KEY (`division`)
) ENGINE=InnoDB DEFAULT CHARSET=utf8;
/*!40101 SET character_set_client = @saved_cs_client */;

--
-- Dumping data for table `DIVISION`
--

LOCK TABLES `DIVISION` WRITE;
/*!40000 ALTER TABLE `DIVISION` DISABLE KEYS */;
/*!40000 ALTER TABLE `DIVISION` ENABLE KEYS */;
UNLOCK TABLES;

--
-- Table structure for table `FIELDS`
--

DROP TABLE IF EXISTS `FIELDS`;
/*!40101 SET @saved_cs_client     = @@character_set_client */;
/*!40101 SET character_set_client = utf8 */;
CREATE TABLE `FIELDS` (
  `operation` int(11) NOT NULL,
  `fields` varchar(45) NOT NULL,
  PRIMARY KEY (`operation`)
) ENGINE=InnoDB DEFAULT CHARSET=utf8;
/*!40101 SET character_set_client = @saved_cs_client */;

--
-- Dumping data for table `FIELDS`
--

LOCK TABLES `FIELDS` WRITE;
/*!40000 ALTER TABLE `FIELDS` DISABLE KEYS */;
INSERT INTO `FIELDS` VALUES (0,'name mem image vcpus disk uuid');
/*!40000 ALTER TABLE `FIELDS` ENABLE KEYS */;
UNLOCK TABLES;

--
-- Table structure for table `PLAYER`
--

DROP TABLE IF EXISTS `PLAYER`;
/*!40101 SET @saved_cs_client     = @@character_set_client */;
/*!40101 SET character_set_client = utf8 */;
CREATE TABLE `PLAYER` (
  `id` int(11) NOT NULL AUTO_INCREMENT,
  `name` varchar(45) NOT NULL,
  `address` varchar(45) NOT NULL,
  `division` int(11) DEFAULT NULL,
  `score` double DEFAULT '0',
  `history` int(11) DEFAULT '0',
  `fairness` double DEFAULT '0',
  `accepts` int(11) DEFAULT '0',
  `rejects` int(11) DEFAULT '0',
  `running` int(11) DEFAULT '0',
  `finished` int(11) DEFAULT '0',
  `problem_del` int(11) DEFAULT '0',
  `vcpus` int(11) DEFAULT '0',
  `memory` bigint(20) DEFAULT '0',
  `local_gb` bigint(20) DEFAULT '0',
  `vcpus_used` bigint(20) DEFAULT '0',
  `memory_used` bigint(20) DEFAULT '0',
  `local_gb_used` bigint(20) DEFAULT '0',
  `max_instance` int(11) DEFAULT '0',
  `token` varchar(45) DEFAULT NULL,
  `suspend` timestamp NULL DEFAULT NULL,
  `enabled` int(11) DEFAULT '0',
  `last_choice` timestamp NOT NULL DEFAULT '2018-01-01 02:00:00',
  `playoff` tinyint(1) DEFAULT '0',
  `cushion` tinyint(1) DEFAULT '0',
  PRIMARY KEY (`id`)
) ENGINE=InnoDB AUTO_INCREMENT=40 DEFAULT CHARSET=utf8;
/*!40101 SET character_set_client = @saved_cs_client */;

--
-- Dumping data for table `PLAYER`
--

LOCK TABLES `PLAYER` WRITE;
/*!40000 ALTER TABLE `PLAYER` DISABLE KEYS */;
INSERT INTO `PLAYER` VALUES (1,'playerVirtual4','192.168.0.200',1,14.94,29,0.6364,9,0,4,5,0,1023,1047552,10230,5,10240,100,6,'fe1ef65a948661ff2f1134c147ca8b3a2a63bf55',NULL,1,'2018-04-15 16:10:25',0,0),(2,'playerVirtual1','192.168.0.200',1,16.6,29,0.8182,10,0,7,3,0,1023,1047552,10230,7,6656,45,9,'c545a5fff35a213c018c8b05bbe851623f65bc1d',NULL,1,'2018-04-15 16:04:30',0,0),(3,'playerVirtual8','192.168.0.200',2,4.64,22,0.6364,4,1,0,4,0,1023,1047552,10230,0,0,0,1,'05928659ac89d931f2f770cba382d57a3ffa62b6',NULL,1,'2018-04-15 15:25:21',0,0),(4,'playerVirtual3','192.168.0.200',1,13.28,29,0.8333,8,0,4,4,0,1023,1047552,10230,5,8704,81,6,'c5d7bd2bd999c61aac336a695ccd91b11bb47311',NULL,1,'2018-04-15 15:56:48',0,0),(5,'playerVirtual2','192.168.0.200',2,8.3,30,0.7,5,0,4,1,0,1023,1047552,10230,5,8704,81,4,'bc6c44f69d4b53c84b8e4b9b18f838297a02c8ee',NULL,1,'2018-04-15 14:15:24',0,0),(6,'playerVirtual6','192.168.0.200',2,8.3,30,0.4167,5,0,1,4,0,1023,1047552,10230,2,4096,40,2,'6fa8f0a7ab1e923d13b337857e88a1b691e4eea7',NULL,1,'2018-04-15 15:49:38',0,0),(7,'playerVirtual5','192.168.0.200',1,13.28,29,0.8,8,0,6,2,0,1023,1047552,10230,8,13312,122,6,'7f89d079938fff0f8cd59b38a264ec1d55ea66e1',NULL,1,'2018-04-15 15:03:32',0,0),(8,'playerVirtual9','192.168.0.200',1,11.62,29,0.6154,7,0,3,4,0,1023,1047552,10230,5,8704,81,5,'8f54778399b018b11d383578c8a3b2ef4a7fcb4c',NULL,1,'2018-04-15 16:06:44',0,0),(9,'playerVirtual7','192.168.0.200',1,13.28,29,0.7778,8,0,6,2,0,1023,1047552,10230,7,8192,64,6,'d31e81abf89b81f2071964d9c4635ca78b9ec2db',NULL,1,'2018-04-15 15:41:08',0,0),(10,'playerVirtual0','192.168.0.200',1,11.62,30,0.7273,7,0,4,3,0,1023,1047552,10230,5,10240,100,4,'542919fbdd700850a4275fd6ff79d55765802d53',NULL,1,'2018-04-15 15:51:38',0,0),(11,'playerVirtual10','192.168.0.200',4,-4.34,0,0.5,4,0,0,4,0,1023,1047552,10230,0,0,0,99,'17ef500fc8c336d71b8fd694b07e2167984383d1',NULL,0,'2018-04-15 14:07:01',1,0),(12,'playerVirtual11','192.168.0.200',4,-2.68,0,0,5,0,1,4,0,1023,1047552,10230,2,4096,40,99,'35d2dfb7cb2eea98a95035119521e94922104c6f',NULL,0,'2018-04-15 14:15:34',1,0),(13,'playerVirtual12','192.168.0.200',4,-4.34,0,0,4,0,1,3,0,1023,1047552,10230,1,2048,20,99,'a1b22ef30898601b748baea960635a135a264172',NULL,0,'2018-04-15 14:18:05',1,0),(14,'playerVirtual13','192.168.0.200',4,-6.68,0,0.5,7,0,2,5,0,1023,1047552,10230,3,6144,60,99,'0180b379f216ae284fff65c7814fc55c903478e0',NULL,0,'2018-04-15 14:29:53',1,0),(15,'playerVirtual14','192.168.0.200',4,-4.34,0,0,4,0,1,3,0,1023,1047552,10230,1,512,1,99,'37c4863318c2a1cfcd59f1436b6ea9461b0adba9',NULL,0,'2018-04-15 14:29:33',1,0),(16,'playerVirtual15','192.168.0.200',4,-2,0,0,1,0,0,1,0,1023,1047552,10230,0,0,0,99,'4d1371d3637eb780b6dfb1a88a713977c2085f18',NULL,0,'2018-04-15 14:27:40',1,0),(17,'playerVirtual16','192.168.0.200',4,-2,0,0,1,0,0,1,0,1023,1047552,10230,0,0,0,99,'3481287cc5746189270b3057359b7c2e90928e12',NULL,0,'2018-04-15 14:32:54',1,0),(18,'playerVirtual17','192.168.0.200',4,-2,0,0,1,0,0,1,0,1023,1047552,10230,0,0,0,99,'048eb37f09c7d2d7ef02bba3a1c34e9e36b27096',NULL,0,'2018-04-15 14:40:07',1,0),(19,'playerVirtual18','192.168.0.200',4,-2,0,0,1,0,0,1,0,1023,1047552,10230,0,0,0,99,'cf217adef453d41149035286f12bdbf87a4ac9c9',NULL,0,'2018-04-15 14:44:57',1,0),(20,'playerVirtual19','192.168.0.200',4,-2,0,0,1,0,0,1,0,1023,1047552,10230,0,0,0,99,'c62255e81e54654779f6d4ad204aabba2b902201',NULL,0,'2018-04-15 14:50:07',1,0),(21,'playerVirtual20','192.168.0.200',4,-2,0,0,1,0,0,1,0,1023,1047552,10230,0,0,0,99,'105260c97292a4cd8820f7fecf1d7f37000abd19',NULL,0,'2018-04-15 14:52:41',1,0),(22,'playerVirtual21','192.168.0.200',4,-2,0,0,1,0,0,1,0,1023,1047552,10230,0,0,0,99,'77ae99b8f932ab10abff5f8c54a4889a248a6f65',NULL,0,'2018-04-15 14:57:45',1,0),(23,'playerVirtual22','192.168.0.200',4,-2.34,0,0.3333,3,0,0,3,0,1023,1047552,10230,0,0,0,99,'b66c313cd3e4027fa7703fca2e02e689f7a1dc8f',NULL,0,'2018-04-15 15:38:02',1,0),(24,'playerVirtual23','192.168.0.200',4,-2,0,0,1,0,0,1,0,1023,1047552,10230,0,0,0,99,'aecbfa5b9311658e666ba8e6bc1d0f4fecc45f43',NULL,0,'2018-04-15 15:07:52',1,0),(25,'playerVirtual24','192.168.0.200',4,-0.34,0,0,2,0,0,2,0,1023,1047552,10230,0,0,0,99,'ae9d51591d37a9230afeebac9e7a9ef118292a1c',NULL,0,'2018-04-15 15:36:44',1,0),(26,'playerVirtual25','192.168.0.200',4,-2,0,0,1,0,0,1,0,1023,1047552,10230,0,0,0,99,'4424531392f784991975b4f3808f30cd2bd0e7f1',NULL,0,'2018-04-15 15:21:39',1,0),(27,'playerVirtual26','192.168.0.200',4,-2,0,0,1,0,0,1,0,1023,1047552,10230,0,0,0,99,'9a4169b65ddfd27267590c95503c4c26e36f4419',NULL,0,'2018-04-15 15:24:54',1,0),(28,'playerVirtual27','192.168.0.200',4,-2,0,0,1,0,0,1,0,1023,1047552,10230,0,0,0,99,'7581d559ce85796c19c5b1efd748f9cd06f97465',NULL,0,'2018-04-15 15:30:19',1,0),(29,'playerVirtual28','192.168.0.200',4,-2,0,0,1,0,0,1,0,1023,1047552,10230,0,0,0,99,'3957aff11804bb7cf9e0fe50a39bef3afcf31fc4',NULL,0,'2018-04-15 15:35:43',1,0),(30,'playerVirtual29','192.168.0.200',4,-2,0,0,1,0,0,1,0,1023,1047552,10230,0,0,0,99,'a1dc7ade5d9eabd646a7b631ad945742db40a3a3',NULL,0,'2018-04-15 15:37:22',1,0),(31,'playerVirtual30','192.168.0.200',4,-2,0,0,1,0,0,1,0,1023,1047552,10230,0,0,0,99,'94fdb23c720c10fece4132db78dce40badca7d57',NULL,0,'2018-04-15 15:45:01',1,0),(32,'playerVirtual31','192.168.0.200',3,-0.34,7,0,2,0,0,2,0,1023,1047552,10230,0,0,0,99,'e31fd178bf851271495461990973761ffcb01661',NULL,1,'2018-04-15 16:25:36',1,0),(33,'playerVirtual32','192.168.0.200',4,-2,0,0,1,0,0,1,0,1023,1047552,10230,0,0,0,99,'d32eadea152f4872aefefde15f916295871b0fab',NULL,0,'2018-04-15 15:56:06',1,0),(34,'playerVirtual33','192.168.0.200',4,-2,0,0,1,0,0,1,0,1023,1047552,10230,0,0,0,99,'b5db8a93e679cbd4ade38139523dad90dc6158ac',NULL,0,'2018-04-15 16:03:01',1,0),(35,'playerVirtual34','192.168.0.200',4,-2,0,0,1,0,0,1,0,1023,1047552,10230,0,0,0,99,'42a57129a3fcc50862accb8e4f287189050b006b',NULL,0,'2018-04-15 16:03:19',1,0),(36,'playerVirtual35','192.168.0.200',4,-2,0,0,1,0,0,1,0,1023,1047552,10230,0,0,0,99,'fb8dd17fa7cddd8a2e8c17e93363e3a403d6a275',NULL,0,'2018-04-15 16:09:59',1,0),(37,'playerVirtual36','192.168.0.200',3,-2,0,0,1,0,0,1,0,1023,1047552,10230,0,0,0,99,'e471bf99c75f9c4bef7b1b7136a6334413b9e9e9',NULL,1,'2018-04-15 16:18:47',1,0),(38,'playerVirtual37','192.168.0.200',3,-2,1,0,1,0,0,1,0,1023,1047552,10230,0,0,0,99,'6bffb0f0f34fd55f6d5c0776c962aca147db8878',NULL,1,'2018-04-15 16:21:53',1,0),(39,'playerVirtual38','192.168.0.200',3,-2,0,0,1,0,0,1,0,1023,1047552,10230,0,0,0,99,'c1e70a876de1f0e0b07c0d1cb7b39b38f45a351c',NULL,1,'2018-04-15 16:25:05',1,0);
/*!40000 ALTER TABLE `PLAYER` ENABLE KEYS */;
UNLOCK TABLES;

--
-- Table structure for table `REQUEST`
--

DROP TABLE IF EXISTS `REQUEST`;
/*!40101 SET @saved_cs_client     = @@character_set_client */;
/*!40101 SET character_set_client = utf8 */;
CREATE TABLE `REQUEST` (
  `id` int(11) NOT NULL AUTO_INCREMENT,
  `player_id` varchar(45) NOT NULL,
  `request_id` varchar(45) NOT NULL,
  `action` int(11) NOT NULL,
  `timestamp_received` timestamp NULL DEFAULT NULL,
  `timestamp_finished` timestamp NULL DEFAULT NULL,
  `status` int(11) NOT NULL,
  PRIMARY KEY (`id`)
) ENGINE=InnoDB AUTO_INCREMENT=538 DEFAULT CHARSET=utf8;
/*!40101 SET character_set_client = @saved_cs_client */;

--
-- Dumping data for table `REQUEST`
--

LOCK TABLES `REQUEST` WRITE;
/*!40000 ALTER TABLE `REQUEST` DISABLE KEYS */;
INSERT INTO `REQUEST` VALUES (1,'playerVirtual4','playerVirtual4_e331569898',4,'2018-04-15 13:56:58',NULL,0),(2,'playerVirtual1','playerVirtual1_eb50f4081b',4,'2018-04-15 13:56:58',NULL,0),(3,'playerVirtual8','playerVirtual8_9203a00750',4,'2018-04-15 13:56:58',NULL,0),(4,'playerVirtual3','playerVirtual3_d2243a195d',4,'2018-04-15 13:56:59',NULL,0),(5,'playerVirtual2','playerVirtual2_626f6693cd',4,'2018-04-15 13:56:59',NULL,0),(6,'playerVirtual6','playerVirtual6_c2f742c0ca',4,'2018-04-15 13:56:59',NULL,0),(7,'playerVirtual5','playerVirtual5_2ab418459f',4,'2018-04-15 13:57:00',NULL,0),(8,'playerVirtual9','playerVirtual9_df620d57a8',4,'2018-04-15 13:57:00',NULL,0),(9,'playerVirtual7','playerVirtual7_368462fab1',4,'2018-04-15 13:57:00',NULL,0),(10,'playerVirtual0','playerVirtual0_77674b9c18',4,'2018-04-15 13:57:00',NULL,0),(11,'playerVirtual4','playerVirtual4_450512000',0,'2018-04-15 13:57:59',NULL,0),(12,'playerVirtual4','playerVirtual4_450512000',0,'2018-04-15 13:57:59',NULL,0),(13,'playerVirtual1','playerVirtual1_1438244924',0,'2018-04-15 13:58:01',NULL,0),(14,'playerVirtual1','playerVirtual1_1438244924',0,'2018-04-15 13:58:01',NULL,0),(15,'playerVirtual8','playerVirtual8_640692267',0,'2018-04-15 13:58:04',NULL,0),(16,'playerVirtual8','playerVirtual8_640692267',0,'2018-04-15 13:58:05',NULL,0),(17,'playerVirtual3','playerVirtual3_2381571381',0,'2018-04-15 13:58:06',NULL,0),(18,'playerVirtual3','playerVirtual3_2381571381',0,'2018-04-15 13:58:06',NULL,0),(19,'playerVirtual2','playerVirtual2_5297461910',0,'2018-04-15 13:58:07',NULL,0),(20,'playerVirtual2','playerVirtual2_5297461910',0,'2018-04-15 13:58:08',NULL,0),(21,'playerVirtual6','playerVirtual6_2790332778',0,'2018-04-15 13:58:10',NULL,0),(22,'playerVirtual6','playerVirtual6_2790332778',0,'2018-04-15 13:58:11',NULL,0),(23,'playerVirtual5','playerVirtual5_369721705',0,'2018-04-15 13:58:12',NULL,0),(24,'playerVirtual9','playerVirtual9_317469422',0,'2018-04-15 13:58:12',NULL,0),(25,'playerVirtual7','playerVirtual7_6955737',0,'2018-04-15 13:58:12',NULL,0),(26,'playerVirtual5','playerVirtual5_369721705',0,'2018-04-15 13:58:12',NULL,0),(27,'playerVirtual9','playerVirtual9_317469422',0,'2018-04-15 13:58:12',NULL,0),(28,'playerVirtual7','playerVirtual7_6955737',0,'2018-04-15 13:58:12',NULL,0),(29,'playerVirtual0','playerVirtual0_257338104',0,'2018-04-15 13:58:13',NULL,0),(30,'playerVirtual0','playerVirtual0_257338104',0,'2018-04-15 13:58:14',NULL,0),(31,'playerVirtual4','playerVirtual4_3b1a02df24',3,'2018-04-15 13:58:59',NULL,0),(32,'playerVirtual1','playerVirtual1_6f50ba1bea',3,'2018-04-15 13:59:01',NULL,0),(33,'playerVirtual8','playerVirtual8_645e578b19',3,'2018-04-15 13:59:04',NULL,0),(34,'playerVirtual3','playerVirtual3_28ac6efc34',3,'2018-04-15 13:59:06',NULL,0),(35,'playerVirtual2','playerVirtual2_3b71aa2c8f',3,'2018-04-15 13:59:07',NULL,0),(36,'playerVirtual6','playerVirtual6_c03aa80ae5',3,'2018-04-15 13:59:11',NULL,0),(37,'playerVirtual5','playerVirtual5_b643ccbd0a',3,'2018-04-15 13:59:12',NULL,0),(38,'playerVirtual9','playerVirtual9_2100bcf9ab',3,'2018-04-15 13:59:12',NULL,0),(39,'playerVirtual7','playerVirtual7_a19afc8c92',3,'2018-04-15 13:59:12',NULL,0),(40,'playerVirtual0','playerVirtual0_52c67fa1a9',3,'2018-04-15 13:59:13',NULL,0),(41,'playerVirtual4','playerVirtual4_3584940347',0,'2018-04-15 14:00:12',NULL,0),(42,'playerVirtual1','playerVirtual1_2433236783',0,'2018-04-15 14:00:12',NULL,0),(43,'playerVirtual4','playerVirtual4_3584940347',0,'2018-04-15 14:00:12',NULL,0),(44,'playerVirtual1','playerVirtual1_2433236783',0,'2018-04-15 14:00:12',NULL,0),(45,'playerVirtual8','playerVirtual8_3338579772',0,'2018-04-15 14:00:13',NULL,0),(46,'playerVirtual8','playerVirtual8_3338579772',0,'2018-04-15 14:00:13',NULL,0),(47,'playerVirtual3','playerVirtual3_257407216',0,'2018-04-15 14:00:14',NULL,0),(48,'playerVirtual3','playerVirtual3_257407216',0,'2018-04-15 14:00:14',NULL,0),(49,'playerVirtual2','playerVirtual2_182859403',0,'2018-04-15 14:00:21',NULL,0),(50,'playerVirtual2','playerVirtual2_182859403',0,'2018-04-15 14:00:21',NULL,0),(51,'playerVirtual6','playerVirtual6_2359368952',0,'2018-04-15 14:00:24',NULL,0),(52,'playerVirtual6','playerVirtual6_2359368952',0,'2018-04-15 14:00:24',NULL,0),(53,'playerVirtual5','playerVirtual5_16917741',0,'2018-04-15 14:00:27',NULL,0),(54,'playerVirtual5','playerVirtual5_16917741',0,'2018-04-15 14:00:27',NULL,0),(55,'playerVirtual9','playerVirtual9_2545640208',0,'2018-04-15 14:00:36',NULL,0),(56,'playerVirtual9','playerVirtual9_2545640208',0,'2018-04-15 14:00:37',NULL,0),(57,'playerVirtual7','playerVirtual7_908315',0,'2018-04-15 14:00:37',NULL,0),(58,'playerVirtual7','playerVirtual7_908315',0,'2018-04-15 14:00:38',NULL,0),(59,'playerVirtual0','playerVirtual0_539194189',0,'2018-04-15 14:00:46',NULL,0),(60,'playerVirtual0','playerVirtual0_539194189',0,'2018-04-15 14:00:46',NULL,0),(61,'playerVirtual4','playerVirtual4_21d83a018d',4,'2018-04-15 14:01:12',NULL,0),(62,'playerVirtual1','playerVirtual1_0442e8b57a',4,'2018-04-15 14:01:12',NULL,0),(63,'playerVirtual8','playerVirtual8_81f4085dea',4,'2018-04-15 14:01:13',NULL,0),(64,'playerVirtual3','playerVirtual3_d18c1ab0a5',4,'2018-04-15 14:01:14',NULL,0),(65,'playerVirtual2','playerVirtual2_0975da3331',4,'2018-04-15 14:01:21',NULL,0),(66,'playerVirtual6','playerVirtual6_e223105530',4,'2018-04-15 14:01:24',NULL,0),(67,'playerVirtual5','playerVirtual5_995379e281',4,'2018-04-15 14:01:27',NULL,0),(68,'playerVirtual9','playerVirtual9_1f661873c5',4,'2018-04-15 14:01:37',NULL,0),(69,'playerVirtual7','playerVirtual7_a177683619',4,'2018-04-15 14:01:38',NULL,0),(70,'playerVirtual0','playerVirtual0_b2680cab55',4,'2018-04-15 14:01:46',NULL,0),(71,'playerVirtual10','playerVirtual10_b040bf107c',4,'2018-04-15 14:02:05',NULL,0),(72,'playerVirtual4','playerVirtual4_4820204870',0,'2018-04-15 14:03:26',NULL,0),(73,'playerVirtual4','playerVirtual4_4820204870',0,'2018-04-15 14:03:26',NULL,0),(74,'playerVirtual1','playerVirtual1_8058564',0,'2018-04-15 14:04:18',NULL,0),(75,'playerVirtual1','playerVirtual1_8058564',0,'2018-04-15 14:04:18',NULL,0),(76,'playerVirtual8','playerVirtual8_1429160667',0,'2018-04-15 14:04:22',NULL,0),(77,'playerVirtual8','playerVirtual8_1429160667',0,'2018-04-15 14:04:23',NULL,0),(78,'playerVirtual3','playerVirtual3_3338010893',0,'2018-04-15 14:04:25',NULL,0),(79,'playerVirtual3','playerVirtual3_3338010893',0,'2018-04-15 14:04:26',NULL,0),(80,'playerVirtual4','playerVirtual4_4c21a4a708',3,'2018-04-15 14:04:26',NULL,0),(81,'playerVirtual2','playerVirtual2_82730999',0,'2018-04-15 14:04:30',NULL,0),(82,'playerVirtual2','playerVirtual2_82730999',0,'2018-04-15 14:04:31',NULL,0),(83,'playerVirtual6','playerVirtual6_351652724',0,'2018-04-15 14:04:35',NULL,0),(84,'playerVirtual6','playerVirtual6_351652724',0,'2018-04-15 14:04:36',NULL,0),(85,'playerVirtual5','playerVirtual5_6571218',0,'2018-04-15 14:04:37',NULL,0),(86,'playerVirtual5','playerVirtual5_6571218',0,'2018-04-15 14:04:37',NULL,0),(87,'playerVirtual9','playerVirtual9_778566023',0,'2018-04-15 14:04:39',NULL,0),(88,'playerVirtual9','playerVirtual9_778566023',0,'2018-04-15 14:04:39',NULL,0),(89,'playerVirtual7','playerVirtual7_1436344784',0,'2018-04-15 14:04:43',NULL,0),(90,'playerVirtual7','playerVirtual7_1436344784',0,'2018-04-15 14:04:43',NULL,0),(91,'playerVirtual0','playerVirtual0_1339662',0,'2018-04-15 14:04:45',NULL,0),(92,'playerVirtual0','playerVirtual0_1339662',0,'2018-04-15 14:04:45',NULL,0),(93,'playerVirtual1','playerVirtual1_f8e0b2712c',3,'2018-04-15 14:05:18',NULL,0),(94,'playerVirtual8','playerVirtual8_4385628629',3,'2018-04-15 14:05:23',NULL,0),(95,'playerVirtual3','playerVirtual3_53e78be7f3',3,'2018-04-15 14:05:25',NULL,0),(96,'playerVirtual2','playerVirtual2_3f33708ebe',3,'2018-04-15 14:05:31',NULL,0),(97,'playerVirtual6','playerVirtual6_5a57839908',3,'2018-04-15 14:05:36',NULL,0),(98,'playerVirtual5','playerVirtual5_809c1a5322',3,'2018-04-15 14:05:37',NULL,0),(99,'playerVirtual10','playerVirtual10_317497342',0,'2018-04-15 14:05:37',NULL,0),(100,'playerVirtual10','playerVirtual10_317497342',0,'2018-04-15 14:05:38',NULL,0),(101,'playerVirtual9','playerVirtual9_c94c74a8a5',3,'2018-04-15 14:05:39',NULL,0),(102,'playerVirtual7','playerVirtual7_7b426dda7d',3,'2018-04-15 14:05:43',NULL,0),(103,'playerVirtual0','playerVirtual0_d3a98946ac',3,'2018-04-15 14:05:45',NULL,0),(104,'playerVirtual10','playerVirtual10_6200c02c6d',3,'2018-04-15 14:06:38',NULL,0),(105,'playerVirtual4','playerVirtual4_284794223',0,'2018-04-15 14:06:45',NULL,0),(106,'playerVirtual1','playerVirtual1_359920779',0,'2018-04-15 14:06:45',NULL,0),(107,'playerVirtual4','playerVirtual4_284794223',0,'2018-04-15 14:06:45',NULL,0),(108,'playerVirtual1','playerVirtual1_359920779',0,'2018-04-15 14:06:45',NULL,0),(109,'playerVirtual8','playerVirtual8_904011',0,'2018-04-15 14:06:46',NULL,0),(110,'playerVirtual8','playerVirtual8_904011',0,'2018-04-15 14:06:46',NULL,0),(111,'playerVirtual3','playerVirtual3_2904109077',0,'2018-04-15 14:06:48',NULL,0),(112,'playerVirtual3','playerVirtual3_2904109077',0,'2018-04-15 14:06:48',NULL,0),(113,'playerVirtual2','playerVirtual2_257338074',0,'2018-04-15 14:06:55',NULL,0),(114,'playerVirtual2','playerVirtual2_257338074',0,'2018-04-15 14:06:55',NULL,0),(115,'playerVirtual6','playerVirtual6_905614',0,'2018-04-15 14:07:01',NULL,0),(116,'playerVirtual6','playerVirtual6_905614',0,'2018-04-15 14:07:02',NULL,0),(117,'playerVirtual5','playerVirtual5_1093460',0,'2018-04-15 14:07:02',NULL,0),(118,'playerVirtual5','playerVirtual5_1093460',0,'2018-04-15 14:07:02',NULL,0),(119,'playerVirtual11','playerVirtual11_0dfba71aef',4,'2018-04-15 14:07:11',NULL,0),(120,'playerVirtual9','playerVirtual9_6569547',0,'2018-04-15 14:07:12',NULL,0),(121,'playerVirtual9','playerVirtual9_6569547',0,'2018-04-15 14:07:13',NULL,0),(122,'playerVirtual7','playerVirtual7_470485660',0,'2018-04-15 14:07:14',NULL,0),(123,'playerVirtual7','playerVirtual7_470485660',0,'2018-04-15 14:07:15',NULL,0),(124,'playerVirtual0','playerVirtual0_30788568',0,'2018-04-15 14:07:26',NULL,0),(125,'playerVirtual0','playerVirtual0_30788568',0,'2018-04-15 14:07:26',NULL,0),(126,'playerVirtual4','playerVirtual4_532a7cd86c',4,'2018-04-15 14:07:45',NULL,0),(127,'playerVirtual1','playerVirtual1_d51e00c418',4,'2018-04-15 14:07:45',NULL,0),(128,'playerVirtual10','playerVirtual10_5792765',0,'2018-04-15 14:07:46',NULL,0),(129,'playerVirtual8','playerVirtual8_9256803244',4,'2018-04-15 14:07:46',NULL,0),(130,'playerVirtual10','playerVirtual10_5792765',0,'2018-04-15 14:07:46',NULL,0),(131,'playerVirtual3','playerVirtual3_907cb5fac2',4,'2018-04-15 14:07:48',NULL,0),(132,'playerVirtual2','playerVirtual2_575d7d5c0e',4,'2018-04-15 14:07:55',NULL,0),(133,'playerVirtual6','playerVirtual6_e940b64eab',4,'2018-04-15 14:08:00',NULL,0),(134,'playerVirtual5','playerVirtual5_bc6fe09fef',4,'2018-04-15 14:08:04',NULL,0),(135,'playerVirtual9','playerVirtual9_d3e5819a44',4,'2018-04-15 14:08:13',NULL,0),(136,'playerVirtual7','playerVirtual7_f71e63024c',4,'2018-04-15 14:08:14',NULL,0),(137,'playerVirtual0','playerVirtual0_2cc8639059',4,'2018-04-15 14:08:26',NULL,0),(138,'playerVirtual10','playerVirtual10_180e852f69',4,'2018-04-15 14:08:46',NULL,0),(139,'playerVirtual4','playerVirtual4_400453824',0,'2018-04-15 14:10:14',NULL,0),(140,'playerVirtual4','playerVirtual4_400453824',0,'2018-04-15 14:10:14',NULL,0),(141,'playerVirtual11','playerVirtual11_38671842',0,'2018-04-15 14:10:58',NULL,0),(142,'playerVirtual11','playerVirtual11_38671842',0,'2018-04-15 14:10:58',NULL,0),(143,'playerVirtual4','playerVirtual4_73bb9e8abb',3,'2018-04-15 14:11:14',NULL,0),(144,'playerVirtual1','playerVirtual1_4820318661',0,'2018-04-15 14:11:14',NULL,0),(145,'playerVirtual1','playerVirtual1_4820318661',0,'2018-04-15 14:11:15',NULL,0),(146,'playerVirtual8','playerVirtual8_4819935267',0,'2018-04-15 14:11:20',NULL,0),(147,'playerVirtual8','playerVirtual8_4819935267',0,'2018-04-15 14:11:20',NULL,0),(148,'playerVirtual3','playerVirtual3_4820217293',0,'2018-04-15 14:11:25',NULL,0),(149,'playerVirtual3','playerVirtual3_4820217293',0,'2018-04-15 14:11:26',NULL,0),(150,'playerVirtual2','playerVirtual2_6264344062',0,'2018-04-15 14:11:30',NULL,0),(151,'playerVirtual2','playerVirtual2_6264344062',0,'2018-04-15 14:11:31',NULL,0),(152,'playerVirtual6','playerVirtual6_2378747961',0,'2018-04-15 14:11:46',NULL,0),(153,'playerVirtual6','playerVirtual6_2378747961',0,'2018-04-15 14:11:46',NULL,0),(154,'playerVirtual5','playerVirtual5_5068098508',0,'2018-04-15 14:11:50',NULL,0),(155,'playerVirtual5','playerVirtual5_5068098508',0,'2018-04-15 14:11:51',NULL,0),(156,'playerVirtual11','playerVirtual11_98d4e1cad5',3,'2018-04-15 14:11:58',NULL,0),(157,'playerVirtual12','playerVirtual12_8dd13baf64',4,'2018-04-15 14:12:04',NULL,0),(158,'playerVirtual1','playerVirtual1_28e6cd0334',3,'2018-04-15 14:12:14',NULL,0),(159,'playerVirtual8','playerVirtual8_09526bb5eb',3,'2018-04-15 14:12:20',NULL,0),(160,'playerVirtual3','playerVirtual3_613d938fb1',3,'2018-04-15 14:12:26',NULL,0),(161,'playerVirtual2','playerVirtual2_6e11d787ff',3,'2018-04-15 14:12:31',NULL,0),(162,'playerVirtual6','playerVirtual6_39eceab128',3,'2018-04-15 14:12:46',NULL,0),(163,'playerVirtual5','playerVirtual5_1149e17dc9',3,'2018-04-15 14:12:51',NULL,0),(164,'playerVirtual9','playerVirtual9_227443932',0,'2018-04-15 14:13:07',NULL,0),(165,'playerVirtual9','playerVirtual9_227443932',0,'2018-04-15 14:13:07',NULL,0),(166,'playerVirtual7','playerVirtual7_1095593',0,'2018-04-15 14:13:13',NULL,0),(167,'playerVirtual7','playerVirtual7_1095593',0,'2018-04-15 14:13:15',NULL,0),(168,'playerVirtual0','playerVirtual0_2148750930',0,'2018-04-15 14:13:17',NULL,0),(169,'playerVirtual0','playerVirtual0_2148750930',0,'2018-04-15 14:13:18',NULL,0),(170,'playerVirtual9','playerVirtual9_71fe2e3499',3,'2018-04-15 14:14:07',NULL,0),(171,'playerVirtual7','playerVirtual7_8192e763b9',3,'2018-04-15 14:14:11',NULL,0),(172,'playerVirtual0','playerVirtual0_f1bb6351dc',3,'2018-04-15 14:14:18',NULL,0),(173,'playerVirtual11','playerVirtual11_16915963',0,'2018-04-15 14:14:53',NULL,0),(174,'playerVirtual11','playerVirtual11_16915963',0,'2018-04-15 14:14:53',NULL,0),(175,'playerVirtual6','playerVirtual6_2359368952',1,'2018-04-15 14:15:10',NULL,0),(176,'playerVirtual6','playerVirtual6_e5b8b04d53',4,'2018-04-15 14:15:11',NULL,0),(177,'playerVirtual6','playerVirtual6_2359368952',1,'2018-04-15 14:15:11',NULL,0),(178,'playerVirtual4','playerVirtual4_765651',0,'2018-04-15 14:15:24',NULL,0),(179,'playerVirtual4','playerVirtual4_765651',0,'2018-04-15 14:15:24',NULL,0),(180,'playerVirtual1','playerVirtual1_284757920',0,'2018-04-15 14:15:31',NULL,0),(181,'playerVirtual1','playerVirtual1_284757920',0,'2018-04-15 14:15:31',NULL,0),(182,'playerVirtual8','playerVirtual8_272887063',0,'2018-04-15 14:15:34',NULL,0),(183,'playerVirtual8','playerVirtual8_272887063',0,'2018-04-15 14:15:35',NULL,0),(184,'playerVirtual3','playerVirtual3_6274355716',0,'2018-04-15 14:15:39',NULL,0),(185,'playerVirtual3','playerVirtual3_6274355716',0,'2018-04-15 14:15:39',NULL,0),(186,'playerVirtual2','playerVirtual2_38676294',0,'2018-04-15 14:15:47',NULL,0),(187,'playerVirtual2','playerVirtual2_38676294',0,'2018-04-15 14:15:47',NULL,0),(188,'playerVirtual4','playerVirtual4_cb75447c0c',4,'2018-04-15 14:16:24',NULL,0),(189,'playerVirtual1','playerVirtual1_07e820bf1b',4,'2018-04-15 14:16:31',NULL,0),(190,'playerVirtual8','playerVirtual8_65b0916674',4,'2018-04-15 14:16:35',NULL,0),(191,'playerVirtual3','playerVirtual3_dc83eb5224',4,'2018-04-15 14:16:39',NULL,0),(192,'playerVirtual2','playerVirtual2_37ee608fd8',4,'2018-04-15 14:16:47',NULL,0),(193,'playerVirtual5','playerVirtual5_182859403',0,'2018-04-15 14:16:56',NULL,0),(194,'playerVirtual5','playerVirtual5_182859403',0,'2018-04-15 14:16:56',NULL,0),(195,'playerVirtual13','playerVirtual13_448c31a60b',4,'2018-04-15 14:17:10',NULL,0),(196,'playerVirtual9','playerVirtual9_4820204870',0,'2018-04-15 14:17:24',NULL,0),(197,'playerVirtual9','playerVirtual9_4820204870',0,'2018-04-15 14:17:27',NULL,0),(198,'playerVirtual7','playerVirtual7_990694203',0,'2018-04-15 14:17:41',NULL,0),(199,'playerVirtual7','playerVirtual7_990694203',0,'2018-04-15 14:17:41',NULL,0),(200,'playerVirtual12','playerVirtual12_5623125514',0,'2018-04-15 14:17:49',NULL,0),(201,'playerVirtual12','playerVirtual12_5623125514',0,'2018-04-15 14:17:49',NULL,0),(202,'playerVirtual5','playerVirtual5_71b1bd74d0',4,'2018-04-15 14:17:57',NULL,0),(203,'playerVirtual0','playerVirtual0_990694203',0,'2018-04-15 14:18:05',NULL,0),(204,'playerVirtual0','playerVirtual0_990694203',0,'2018-04-15 14:18:05',NULL,0),(205,'playerVirtual9','playerVirtual9_6ba8433bfd',4,'2018-04-15 14:18:22',NULL,0),(206,'playerVirtual7','playerVirtual7_257de50a92',4,'2018-04-15 14:18:41',NULL,0),(207,'playerVirtual12','playerVirtual12_9f357016c3',3,'2018-04-15 14:18:49',NULL,0),(208,'playerVirtual0','playerVirtual0_e9f6e6f693',4,'2018-04-15 14:19:05',NULL,0),(209,'playerVirtual4','playerVirtual4_d5dcb5d73c',3,'2018-04-15 14:20:22',NULL,0),(210,'playerVirtual2','playerVirtual2_182859403',1,'2018-04-15 14:20:40',NULL,0),(211,'playerVirtual2','playerVirtual2_ff1ba4f456',3,'2018-04-15 14:20:40',NULL,0),(212,'playerVirtual2','playerVirtual2_182859403',1,'2018-04-15 14:20:40',NULL,0),(213,'playerVirtual6','playerVirtual6_6280638724',0,'2018-04-15 14:21:30',NULL,0),(214,'playerVirtual6','playerVirtual6_6280638724',0,'2018-04-15 14:21:30',NULL,0),(215,'playerVirtual5','playerVirtual5_182859403',1,'2018-04-15 14:22:00',NULL,0),(216,'playerVirtual5','playerVirtual5_b05badb182',3,'2018-04-15 14:22:00',NULL,0),(217,'playerVirtual5','playerVirtual5_182859403',1,'2018-04-15 14:22:00',NULL,0),(218,'playerVirtual14','playerVirtual14_d35b92571d',4,'2018-04-15 14:22:09',NULL,0),(219,'playerVirtual1','playerVirtual1_272887063',0,'2018-04-15 14:22:15',NULL,0),(220,'playerVirtual1','playerVirtual1_272887063',0,'2018-04-15 14:22:16',NULL,0),(221,'playerVirtual8','playerVirtual8_80273eed93',3,'2018-04-15 14:22:20',NULL,0),(222,'playerVirtual3','playerVirtual3_6282149131',0,'2018-04-15 14:22:28',NULL,0),(223,'playerVirtual3','playerVirtual3_6282149131',0,'2018-04-15 14:22:28',NULL,0),(224,'playerVirtual6','playerVirtual6_c5dc7607ca',3,'2018-04-15 14:22:30',NULL,0),(225,'playerVirtual1','playerVirtual1_42e1cc2b1a',3,'2018-04-15 14:23:16',NULL,0),(226,'playerVirtual3','playerVirtual3_973c027f7f',3,'2018-04-15 14:23:28',NULL,0),(227,'playerVirtual7','playerVirtual7_afb84372b1',3,'2018-04-15 14:23:41',NULL,0),(228,'playerVirtual0','playerVirtual0_3cfb7d1e0e',3,'2018-04-15 14:23:57',NULL,0),(229,'playerVirtual9','playerVirtual9_1436323714',0,'2018-04-15 14:24:22',NULL,0),(230,'playerVirtual9','playerVirtual9_1436323714',0,'2018-04-15 14:24:22',NULL,0),(231,'playerVirtual13','playerVirtual13_2359368952',0,'2018-04-15 14:25:13',NULL,0),(232,'playerVirtual13','playerVirtual13_2359368952',0,'2018-04-15 14:25:13',NULL,0),(233,'playerVirtual9','playerVirtual9_998f8ea520',3,'2018-04-15 14:25:22',NULL,0),(234,'playerVirtual4','playerVirtual4_1094955',0,'2018-04-15 14:25:51',NULL,0),(235,'playerVirtual4','playerVirtual4_1094955',0,'2018-04-15 14:25:51',NULL,0),(236,'playerVirtual13','playerVirtual13_ec6bdd5078',3,'2018-04-15 14:26:13',NULL,0),(237,'playerVirtual2','playerVirtual2_16914091',0,'2018-04-15 14:26:17',NULL,0),(238,'playerVirtual2','playerVirtual2_16914091',0,'2018-04-15 14:26:17',NULL,0),(239,'playerVirtual8','playerVirtual8_6285257156',0,'2018-04-15 14:26:26',NULL,0),(240,'playerVirtual8','playerVirtual8_6285257156',0,'2018-04-15 14:26:27',NULL,0),(241,'playerVirtual6','playerVirtual6_6955737',0,'2018-04-15 14:26:29',NULL,0),(242,'playerVirtual6','playerVirtual6_6955737',0,'2018-04-15 14:26:30',NULL,0),(243,'playerVirtual4','playerVirtual4_39ad02cea3',4,'2018-04-15 14:26:55',NULL,0),(244,'playerVirtual15','playerVirtual15_63204232a1',4,'2018-04-15 14:27:08',NULL,0),(245,'playerVirtual2','playerVirtual2_52878e3240',4,'2018-04-15 14:27:18',NULL,0),(246,'playerVirtual8','playerVirtual8_4025704845',4,'2018-04-15 14:27:27',NULL,0),(247,'playerVirtual6','playerVirtual6_f813819a5e',4,'2018-04-15 14:27:30',NULL,0),(248,'playerVirtual5','playerVirtual5_182859403',0,'2018-04-15 14:27:40',NULL,0),(249,'playerVirtual5','playerVirtual5_8e9c144524',4,'2018-04-15 14:27:40',NULL,0),(250,'playerVirtual5','playerVirtual5_182859403',0,'2018-04-15 14:27:40',NULL,0),(251,'playerVirtual1','playerVirtual1_1438244924',1,'2018-04-15 14:28:09',NULL,0),(252,'playerVirtual1','playerVirtual1_3f0843bbf0',4,'2018-04-15 14:28:09',NULL,0),(253,'playerVirtual1','playerVirtual1_1438244924',1,'2018-04-15 14:28:09',NULL,0),(254,'playerVirtual3','playerVirtual3_3338579772',0,'2018-04-15 14:28:18',NULL,0),(255,'playerVirtual3','playerVirtual3_3338579772',0,'2018-04-15 14:28:18',NULL,0),(256,'playerVirtual7','playerVirtual7_6955737',1,'2018-04-15 14:29:00',NULL,0),(257,'playerVirtual7','playerVirtual7_dc2664dfec',4,'2018-04-15 14:29:00',NULL,0),(258,'playerVirtual7','playerVirtual7_6955737',1,'2018-04-15 14:29:00',NULL,0),(259,'playerVirtual3','playerVirtual3_b75dae6de4',4,'2018-04-15 14:29:18',NULL,0),(260,'playerVirtual13','playerVirtual13_6289355687',0,'2018-04-15 14:29:33',NULL,0),(261,'playerVirtual13','playerVirtual13_6289355687',0,'2018-04-15 14:29:34',NULL,0),(262,'playerVirtual0','playerVirtual0_2381571381',0,'2018-04-15 14:29:53',NULL,0),(263,'playerVirtual0','playerVirtual0_2381571381',0,'2018-04-15 14:29:53',NULL,0),(264,'playerVirtual9','playerVirtual9_2378747961',0,'2018-04-15 14:30:12',NULL,0),(265,'playerVirtual9','playerVirtual9_2378747961',0,'2018-04-15 14:30:12',NULL,0),(266,'playerVirtual13','playerVirtual13_937cfee94a',4,'2018-04-15 14:30:33',NULL,0),(267,'playerVirtual0','playerVirtual0_7d04f8ae73',4,'2018-04-15 14:30:53',NULL,0),(268,'playerVirtual9','playerVirtual9_f9becb44e2',4,'2018-04-15 14:31:12',NULL,0),(269,'playerVirtual16','playerVirtual16_88740db6ee',4,'2018-04-15 14:32:07',NULL,0),(270,'playerVirtual4','playerVirtual4_6289704471',0,'2018-04-15 14:32:54',NULL,0),(271,'playerVirtual4','playerVirtual4_6289704471',0,'2018-04-15 14:32:54',NULL,0),(272,'playerVirtual2','playerVirtual2_6264344062',1,'2018-04-15 14:33:21',NULL,0),(273,'playerVirtual2','playerVirtual2_9779061ee5',3,'2018-04-15 14:33:21',NULL,0),(274,'playerVirtual2','playerVirtual2_6264344062',1,'2018-04-15 14:33:21',NULL,0),(275,'playerVirtual6','playerVirtual6_f08b84076e',3,'2018-04-15 14:33:49',NULL,0),(276,'playerVirtual4','playerVirtual4_f5e8430cd7',3,'2018-04-15 14:33:54',NULL,0),(277,'playerVirtual5','playerVirtual5_794070039',0,'2018-04-15 14:33:56',NULL,0),(278,'playerVirtual5','playerVirtual5_794070039',0,'2018-04-15 14:33:57',NULL,0),(279,'playerVirtual8','playerVirtual8_3338579772',1,'2018-04-15 14:33:59',NULL,0),(280,'playerVirtual8','playerVirtual8_b5a5e8cf22',3,'2018-04-15 14:33:59',NULL,0),(281,'playerVirtual8','playerVirtual8_3338579772',1,'2018-04-15 14:34:00',NULL,0),(282,'playerVirtual5','playerVirtual5_d6d53f94b8',3,'2018-04-15 14:34:57',NULL,0),(283,'playerVirtual3','playerVirtual3_2381571381',1,'2018-04-15 14:35:17',NULL,0),(284,'playerVirtual3','playerVirtual3_9d2ce2ff79',3,'2018-04-15 14:35:17',NULL,0),(285,'playerVirtual3','playerVirtual3_2381571381',1,'2018-04-15 14:35:17',NULL,0),(286,'playerVirtual7','playerVirtual7_1436344784',1,'2018-04-15 14:35:25',NULL,0),(287,'playerVirtual7','playerVirtual7_697440171f',3,'2018-04-15 14:35:25',NULL,0),(288,'playerVirtual7','playerVirtual7_1436344784',1,'2018-04-15 14:35:26',NULL,0),(289,'playerVirtual1','playerVirtual1_990694203',0,'2018-04-15 14:35:50',NULL,0),(290,'playerVirtual1','playerVirtual1_990694203',0,'2018-04-15 14:35:50',NULL,0),(291,'playerVirtual1','playerVirtual1_ea2994f0dd',3,'2018-04-15 14:36:50',NULL,0),(292,'playerVirtual17','playerVirtual17_ee6c882593',4,'2018-04-15 14:37:08',NULL,0),(293,'playerVirtual6','playerVirtual6_b7e6d91209',4,'2018-04-15 14:38:20',NULL,0),(294,'playerVirtual9','playerVirtual9_2378747961',1,'2018-04-15 14:38:41',NULL,0),(295,'playerVirtual9','playerVirtual9_bed92b802e',3,'2018-04-15 14:38:41',NULL,0),(296,'playerVirtual9','playerVirtual9_2378747961',1,'2018-04-15 14:38:42',NULL,0),(297,'playerVirtual0','playerVirtual0_182859403',0,'2018-04-15 14:40:07',NULL,0),(298,'playerVirtual0','playerVirtual0_182859403',0,'2018-04-15 14:40:07',NULL,0),(299,'playerVirtual0','playerVirtual0_fe0336e1ca',3,'2018-04-15 14:41:07',NULL,0),(300,'playerVirtual7','playerVirtual7_1095593',1,'2018-04-15 14:41:09',NULL,0),(301,'playerVirtual7','playerVirtual7_d377868e8f',4,'2018-04-15 14:41:09',NULL,0),(302,'playerVirtual7','playerVirtual7_1095593',1,'2018-04-15 14:41:09',NULL,0),(303,'playerVirtual1','playerVirtual1_990694203',1,'2018-04-15 14:41:43',NULL,0),(304,'playerVirtual1','playerVirtual1_d297a1cd95',4,'2018-04-15 14:41:43',NULL,0),(305,'playerVirtual1','playerVirtual1_990694203',1,'2018-04-15 14:41:43',NULL,0),(306,'playerVirtual18','playerVirtual18_3355ba5fc3',4,'2018-04-15 14:42:09',NULL,0),(307,'playerVirtual3','playerVirtual3_6274355716',1,'2018-04-15 14:43:09',NULL,0),(308,'playerVirtual3','playerVirtual3_f4ed7f4ea6',4,'2018-04-15 14:43:09',NULL,0),(309,'playerVirtual3','playerVirtual3_6274355716',1,'2018-04-15 14:43:10',NULL,0),(310,'playerVirtual5','playerVirtual5_b5b3e5d33d',4,'2018-04-15 14:43:49',NULL,0),(311,'playerVirtual2','playerVirtual2_5297461910',1,'2018-04-15 14:44:04',NULL,0),(312,'playerVirtual2','playerVirtual2_1b9252f189',4,'2018-04-15 14:44:05',NULL,0),(313,'playerVirtual2','playerVirtual2_5297461910',1,'2018-04-15 14:44:05',NULL,0),(314,'playerVirtual4','playerVirtual4_5297461910',0,'2018-04-15 14:44:56',NULL,0),(315,'playerVirtual4','playerVirtual4_5297461910',0,'2018-04-15 14:44:57',NULL,0),(316,'playerVirtual8','playerVirtual8_6289704471',0,'2018-04-15 14:45:32',NULL,0),(317,'playerVirtual8','playerVirtual8_6289704471',0,'2018-04-15 14:45:32',NULL,0),(318,'playerVirtual4','playerVirtual4_fe57d95e9d',4,'2018-04-15 14:45:57',NULL,0),(319,'playerVirtual8','playerVirtual8_4eca797cb0',4,'2018-04-15 14:46:32',NULL,0),(320,'playerVirtual0','playerVirtual0_4d63c0b655',4,'2018-04-15 14:47:03',NULL,0),(321,'playerVirtual19','playerVirtual19_accc9169fd',4,'2018-04-15 14:47:10',NULL,0),(322,'playerVirtual9','playerVirtual9_908315',0,'2018-04-15 14:50:07',NULL,0),(323,'playerVirtual9','playerVirtual9_908315',0,'2018-04-15 14:50:07',NULL,0),(324,'playerVirtual9','playerVirtual9_f0b131be2a',4,'2018-04-15 14:51:07',NULL,0),(325,'playerVirtual7','playerVirtual7_908315',1,'2018-04-15 14:51:41',NULL,0),(326,'playerVirtual7','playerVirtual7_3ec695c4b0',3,'2018-04-15 14:51:41',NULL,0),(327,'playerVirtual7','playerVirtual7_908315',1,'2018-04-15 14:51:42',NULL,0),(328,'playerVirtual20','playerVirtual20_c88b5bf4a0',4,'2018-04-15 14:52:09',NULL,0),(329,'playerVirtual4','playerVirtual4_ff92c1fdec',3,'2018-04-15 14:52:16',NULL,0),(330,'playerVirtual5','playerVirtual5_5068098508',1,'2018-04-15 14:52:32',NULL,0),(331,'playerVirtual5','playerVirtual5_5f64e1954d',3,'2018-04-15 14:52:33',NULL,0),(332,'playerVirtual5','playerVirtual5_5068098508',1,'2018-04-15 14:52:33',NULL,0),(333,'playerVirtual6','playerVirtual6_182859403',0,'2018-04-15 14:52:41',NULL,0),(334,'playerVirtual6','playerVirtual6_182859403',0,'2018-04-15 14:52:41',NULL,0),(335,'playerVirtual8','playerVirtual8_af475dd3dc',3,'2018-04-15 14:53:05',NULL,0),(336,'playerVirtual6','playerVirtual6_7330335a23',3,'2018-04-15 14:53:41',NULL,0),(337,'playerVirtual2','playerVirtual2_4246147567',0,'2018-04-15 14:54:55',NULL,0),(338,'playerVirtual2','playerVirtual2_4246147567',0,'2018-04-15 14:54:56',NULL,0),(339,'playerVirtual2','playerVirtual2_1ea1bcd4d2',3,'2018-04-15 14:55:55',NULL,0),(340,'playerVirtual3','playerVirtual3_6315250734',0,'2018-04-15 14:56:43',NULL,0),(341,'playerVirtual3','playerVirtual3_6315250734',0,'2018-04-15 14:56:43',NULL,0),(342,'playerVirtual21','playerVirtual21_04fae5073e',4,'2018-04-15 14:57:05',NULL,0),(343,'playerVirtual3','playerVirtual3_b00d31dbc0',3,'2018-04-15 14:57:43',NULL,0),(344,'playerVirtual1','playerVirtual1_4246147567',0,'2018-04-15 14:57:45',NULL,0),(345,'playerVirtual1','playerVirtual1_4246147567',0,'2018-04-15 14:57:45',NULL,0),(346,'playerVirtual1','playerVirtual1_ec63a3bafe',3,'2018-04-15 14:58:45',NULL,0),(347,'playerVirtual0','playerVirtual0_539194189',1,'2018-04-15 14:59:48',NULL,0),(348,'playerVirtual0','playerVirtual0_740c0bfb93',3,'2018-04-15 14:59:48',NULL,0),(349,'playerVirtual0','playerVirtual0_539194189',1,'2018-04-15 14:59:48',NULL,0),(350,'playerVirtual9','playerVirtual9_4246147567',0,'2018-04-15 15:01:43',NULL,0),(351,'playerVirtual9','playerVirtual9_4246147567',0,'2018-04-15 15:01:43',NULL,0),(352,'playerVirtual22','playerVirtual22_11642278e0',4,'2018-04-15 15:02:05',NULL,0),(353,'playerVirtual6','playerVirtual6_4246147567',0,'2018-04-15 15:02:26',NULL,0),(354,'playerVirtual6','playerVirtual6_4246147567',0,'2018-04-15 15:02:26',NULL,0),(355,'playerVirtual9','playerVirtual9_7273f3935b',3,'2018-04-15 15:02:43',NULL,0),(356,'playerVirtual6','playerVirtual6_24ce66c897',4,'2018-04-15 15:03:28',NULL,0),(357,'playerVirtual7','playerVirtual7_990694203',0,'2018-04-15 15:03:32',NULL,0),(358,'playerVirtual7','playerVirtual7_4094a8b845',4,'2018-04-15 15:03:32',NULL,0),(359,'playerVirtual7','playerVirtual7_990694203',0,'2018-04-15 15:03:33',NULL,0),(360,'playerVirtual1','playerVirtual1_9e52f91c92',4,'2018-04-15 15:03:38',NULL,0),(361,'playerVirtual8','playerVirtual8_6289704471',1,'2018-04-15 15:05:42',NULL,0),(362,'playerVirtual8','playerVirtual8_96eb012e41',4,'2018-04-15 15:05:42',NULL,0),(363,'playerVirtual8','playerVirtual8_6289704471',1,'2018-04-15 15:05:43',NULL,0),(364,'playerVirtual2','playerVirtual2_4246147567',1,'2018-04-15 15:06:39',NULL,0),(365,'playerVirtual2','playerVirtual2_ab8de7c2e7',4,'2018-04-15 15:06:39',NULL,0),(366,'playerVirtual2','playerVirtual2_4246147567',1,'2018-04-15 15:06:39',NULL,0),(367,'playerVirtual5','playerVirtual5_4246147567',0,'2018-04-15 15:06:41',NULL,0),(368,'playerVirtual5','playerVirtual5_4246147567',0,'2018-04-15 15:06:42',NULL,0),(369,'playerVirtual23','playerVirtual23_cee7897f3b',4,'2018-04-15 15:07:10',NULL,0),(370,'playerVirtual5','playerVirtual5_fecee3c433',4,'2018-04-15 15:07:41',NULL,0),(371,'playerVirtual3','playerVirtual3_359920779',0,'2018-04-15 15:07:52',NULL,0),(372,'playerVirtual3','playerVirtual3_359920779',0,'2018-04-15 15:07:52',NULL,0),(373,'playerVirtual4','playerVirtual4_4246147567',0,'2018-04-15 15:08:34',NULL,0),(374,'playerVirtual4','playerVirtual4_4246147567',0,'2018-04-15 15:08:35',NULL,0),(375,'playerVirtual3','playerVirtual3_91d9b9b6a2',4,'2018-04-15 15:08:52',NULL,0),(376,'playerVirtual4','playerVirtual4_79cd0820af',4,'2018-04-15 15:09:35',NULL,0),(377,'playerVirtual0','playerVirtual0_4246147567',0,'2018-04-15 15:10:51',NULL,0),(378,'playerVirtual0','playerVirtual0_4246147567',0,'2018-04-15 15:10:52',NULL,0),(379,'playerVirtual0','playerVirtual0_491882f35a',4,'2018-04-15 15:11:52',NULL,0),(380,'playerVirtual24','playerVirtual24_9f3da53a90',4,'2018-04-15 15:12:08',NULL,0),(381,'playerVirtual7','playerVirtual7_375dd62fc2',3,'2018-04-15 15:14:06',NULL,0),(382,'playerVirtual9','playerVirtual9_4246147567',1,'2018-04-15 15:14:08',NULL,0),(383,'playerVirtual9','playerVirtual9_ed452ce5a0',4,'2018-04-15 15:14:09',NULL,0),(384,'playerVirtual9','playerVirtual9_4246147567',1,'2018-04-15 15:14:09',NULL,0),(385,'playerVirtual4','playerVirtual4_4246147567',1,'2018-04-15 15:15:54',NULL,0),(386,'playerVirtual4','playerVirtual4_0ede5f7e47',3,'2018-04-15 15:15:54',NULL,0),(387,'playerVirtual4','playerVirtual4_4246147567',1,'2018-04-15 15:15:54',NULL,0),(388,'playerVirtual5','playerVirtual5_4246147567',1,'2018-04-15 15:16:25',NULL,0),(389,'playerVirtual5','playerVirtual5_fcac60aa5e',3,'2018-04-15 15:16:25',NULL,0),(390,'playerVirtual5','playerVirtual5_4246147567',1,'2018-04-15 15:16:25',NULL,0),(391,'playerVirtual25','playerVirtual25_ac728d0a35',4,'2018-04-15 15:17:07',NULL,0),(392,'playerVirtual6','playerVirtual6_4246147567',1,'2018-04-15 15:17:48',NULL,0),(393,'playerVirtual6','playerVirtual6_70bd70f30e',3,'2018-04-15 15:17:48',NULL,0),(394,'playerVirtual6','playerVirtual6_4246147567',1,'2018-04-15 15:17:49',NULL,0),(395,'playerVirtual8','playerVirtual8_4246147567',0,'2018-04-15 15:18:36',NULL,0),(396,'playerVirtual8','playerVirtual8_4246147567',0,'2018-04-15 15:18:37',NULL,0),(397,'playerVirtual8','playerVirtual8_98ba1df35f',3,'2018-04-15 15:19:37',NULL,0),(398,'playerVirtual2','playerVirtual2_6335261139',0,'2018-04-15 15:21:39',NULL,0),(399,'playerVirtual2','playerVirtual2_6335261139',0,'2018-04-15 15:21:39',NULL,0),(400,'playerVirtual1','playerVirtual1_359920779',1,'2018-04-15 15:21:45',NULL,0),(401,'playerVirtual1','playerVirtual1_cc94b5099f',3,'2018-04-15 15:21:45',NULL,0),(402,'playerVirtual1','playerVirtual1_359920779',1,'2018-04-15 15:21:45',NULL,0),(403,'playerVirtual26','playerVirtual26_0084053506',4,'2018-04-15 15:22:08',NULL,0),(404,'playerVirtual2','playerVirtual2_9c60e75c8c',3,'2018-04-15 15:22:39',NULL,0),(405,'playerVirtual0','playerVirtual0_4246147567',1,'2018-04-15 15:24:36',NULL,0),(406,'playerVirtual0','playerVirtual0_b5ca3ad809',3,'2018-04-15 15:24:36',NULL,0),(407,'playerVirtual0','playerVirtual0_4246147567',1,'2018-04-15 15:24:36',NULL,0),(408,'playerVirtual3','playerVirtual3_4246147567',0,'2018-04-15 15:24:54',NULL,0),(409,'playerVirtual3','playerVirtual3_4246147567',0,'2018-04-15 15:24:55',NULL,0),(410,'playerVirtual22','playerVirtual22_4246147567',0,'2018-04-15 15:25:21',NULL,0),(411,'playerVirtual22','playerVirtual22_4246147567',0,'2018-04-15 15:25:24',NULL,0),(412,'playerVirtual3','playerVirtual3_f36b5f02ca',3,'2018-04-15 15:25:54',NULL,0),(413,'playerVirtual22','playerVirtual22_c5b099603b',3,'2018-04-15 15:26:20',NULL,0),(414,'playerVirtual27','playerVirtual27_fa0e8539ba',4,'2018-04-15 15:27:04',NULL,0),(415,'playerVirtual22','playerVirtual22_4246147567',1,'2018-04-15 15:27:21',NULL,0),(416,'playerVirtual22','playerVirtual22_412caa2d02',4,'2018-04-15 15:27:21',NULL,0),(417,'playerVirtual22','playerVirtual22_4246147567',1,'2018-04-15 15:27:22',NULL,0),(418,'playerVirtual9','playerVirtual9_6344084916',0,'2018-04-15 15:30:19',NULL,0),(419,'playerVirtual9','playerVirtual9_6344084916',0,'2018-04-15 15:30:20',NULL,0),(420,'playerVirtual7','playerVirtual7_4246147567',0,'2018-04-15 15:30:51',NULL,0),(421,'playerVirtual7','playerVirtual7_4246147567',0,'2018-04-15 15:30:52',NULL,0),(422,'playerVirtual9','playerVirtual9_13e37a6a36',3,'2018-04-15 15:31:19',NULL,0),(423,'playerVirtual6','playerVirtual6_272887063',0,'2018-04-15 15:31:47',NULL,0),(424,'playerVirtual6','playerVirtual6_272887063',0,'2018-04-15 15:31:47',NULL,0),(425,'playerVirtual7','playerVirtual7_0b8de96206',4,'2018-04-15 15:31:51',NULL,0),(426,'playerVirtual1','playerVirtual1_b85be9f43f',4,'2018-04-15 15:31:59',NULL,0),(427,'playerVirtual28','playerVirtual28_c59d6989ca',4,'2018-04-15 15:32:10',NULL,0),(428,'playerVirtual8','playerVirtual8_4246147567',1,'2018-04-15 15:32:13',NULL,0),(429,'playerVirtual8','playerVirtual8_efe4567f59',4,'2018-04-15 15:32:13',NULL,0),(430,'playerVirtual8','playerVirtual8_4246147567',1,'2018-04-15 15:32:14',NULL,0),(431,'playerVirtual6','playerVirtual6_6413ba0e94',4,'2018-04-15 15:32:47',NULL,0),(432,'playerVirtual5','playerVirtual5_4246147567',0,'2018-04-15 15:35:43',NULL,0),(433,'playerVirtual5','playerVirtual5_37491b4908',4,'2018-04-15 15:35:43',NULL,0),(434,'playerVirtual5','playerVirtual5_4246147567',0,'2018-04-15 15:35:43',NULL,0),(435,'playerVirtual3','playerVirtual3_6ba0ae04fa',4,'2018-04-15 15:36:03',NULL,0),(436,'playerVirtual2','playerVirtual2_4246147567',0,'2018-04-15 15:36:44',NULL,0),(437,'playerVirtual2','playerVirtual2_bdc05b824c',4,'2018-04-15 15:36:45',NULL,0),(438,'playerVirtual2','playerVirtual2_4246147567',0,'2018-04-15 15:36:45',NULL,0),(439,'playerVirtual29','playerVirtual29_56c7a79a7e',4,'2018-04-15 15:37:11',NULL,0),(440,'playerVirtual4','playerVirtual4_990694203',0,'2018-04-15 15:37:22',NULL,0),(441,'playerVirtual4','playerVirtual4_990694203',0,'2018-04-15 15:37:22',NULL,0),(442,'playerVirtual24','playerVirtual24_4246147567',0,'2018-04-15 15:38:02',NULL,0),(443,'playerVirtual24','playerVirtual24_4246147567',0,'2018-04-15 15:38:02',NULL,0),(444,'playerVirtual4','playerVirtual4_8d0f08e95c',4,'2018-04-15 15:38:22',NULL,0),(445,'playerVirtual24','playerVirtual24_bc52b14e33',3,'2018-04-15 15:39:02',NULL,0),(446,'playerVirtual24','playerVirtual24_6294b16dbb',4,'2018-04-15 15:40:04',NULL,0),(447,'playerVirtual0','playerVirtual0_82730999',0,'2018-04-15 15:41:07',NULL,0),(448,'playerVirtual0','playerVirtual0_82730999',0,'2018-04-15 15:41:08',NULL,0),(449,'playerVirtual30','playerVirtual30_bd864a6c36',4,'2018-04-15 15:42:07',NULL,0),(450,'playerVirtual0','playerVirtual0_1881284497',4,'2018-04-15 15:42:08',NULL,0),(451,'playerVirtual7','playerVirtual7_4246147567',1,'2018-04-15 15:42:25',NULL,0),(452,'playerVirtual7','playerVirtual7_2dc53bf574',3,'2018-04-15 15:42:25',NULL,0),(453,'playerVirtual7','playerVirtual7_4246147567',1,'2018-04-15 15:42:25',NULL,0),(454,'playerVirtual5','playerVirtual5_080e4310cc',3,'2018-04-15 15:44:26',NULL,0),(455,'playerVirtual4','playerVirtual4_fdb5b93d3c',3,'2018-04-15 15:44:43',NULL,0),(456,'playerVirtual9','playerVirtual9_4820150269',0,'2018-04-15 15:45:01',NULL,0),(457,'playerVirtual9','playerVirtual9_4820150269',0,'2018-04-15 15:45:01',NULL,0),(458,'playerVirtual9','playerVirtual9_d80f78b259',4,'2018-04-15 15:46:01',NULL,0),(459,'playerVirtual31','playerVirtual31_e4afdb7175',4,'2018-04-15 15:47:07',NULL,0),(460,'playerVirtual6','playerVirtual6_4246147567',0,'2018-04-15 15:49:04',NULL,0),(461,'playerVirtual6','playerVirtual6_b60ed33117',3,'2018-04-15 15:49:04',NULL,0),(462,'playerVirtual6','playerVirtual6_4246147567',0,'2018-04-15 15:49:04',NULL,0),(463,'playerVirtual8','playerVirtual8_4246147567',0,'2018-04-15 15:49:38',NULL,0),(464,'playerVirtual8','playerVirtual8_3c43b3a2d8',3,'2018-04-15 15:49:38',NULL,0),(465,'playerVirtual8','playerVirtual8_4246147567',0,'2018-04-15 15:49:38',NULL,0),(466,'playerVirtual1','playerVirtual1_3338579772',0,'2018-04-15 15:51:38',NULL,0),(467,'playerVirtual1','playerVirtual1_3338579772',0,'2018-04-15 15:51:39',NULL,0),(468,'playerVirtual2','playerVirtual2_d6f01c8ae7',3,'2018-04-15 15:51:44',NULL,0),(469,'playerVirtual32','playerVirtual32_3473525b73',4,'2018-04-15 15:52:08',NULL,0),(470,'playerVirtual1','playerVirtual1_2e7df7ff8a',3,'2018-04-15 15:52:38',NULL,0),(471,'playerVirtual3','playerVirtual3_3338579772',1,'2018-04-15 15:55:47',NULL,0),(472,'playerVirtual3','playerVirtual3_8be3ebe36a',3,'2018-04-15 15:55:48',NULL,0),(473,'playerVirtual3','playerVirtual3_3338579772',1,'2018-04-15 15:55:48',NULL,0),(474,'playerVirtual22','playerVirtual22_6566788',0,'2018-04-15 15:56:06',NULL,0),(475,'playerVirtual22','playerVirtual22_6566788',0,'2018-04-15 15:56:06',NULL,0),(476,'playerVirtual0','playerVirtual0_4246147567',0,'2018-04-15 15:56:48',NULL,0),(477,'playerVirtual0','playerVirtual0_b9cc503fbb',3,'2018-04-15 15:56:48',NULL,0),(478,'playerVirtual0','playerVirtual0_4246147567',0,'2018-04-15 15:56:49',NULL,0),(479,'playerVirtual22','playerVirtual22_a9e9ae1957',3,'2018-04-15 15:57:06',NULL,0),(480,'playerVirtual33','playerVirtual33_99fdee83fc',4,'2018-04-15 15:57:07',NULL,0),(481,'playerVirtual34','playerVirtual34_00d46c1e12',4,'2018-04-15 16:02:05',NULL,0),(482,'playerVirtual8','playerVirtual8_4246147567',1,'2018-04-15 16:02:14',NULL,0),(483,'playerVirtual8','playerVirtual8_5b9138b3c8',4,'2018-04-15 16:02:15',NULL,0),(484,'playerVirtual8','playerVirtual8_4246147567',1,'2018-04-15 16:02:15',NULL,0),(485,'playerVirtual22','playerVirtual22_4246147567',0,'2018-04-15 16:03:01',NULL,0),(486,'playerVirtual22','playerVirtual22_ed159f1083',4,'2018-04-15 16:03:01',NULL,0),(487,'playerVirtual22','playerVirtual22_4246147567',0,'2018-04-15 16:03:01',NULL,0),(488,'playerVirtual6','playerVirtual6_4246147567',1,'2018-04-15 16:03:02',NULL,0),(489,'playerVirtual6','playerVirtual6_2b04ad4da0',4,'2018-04-15 16:03:02',NULL,0),(490,'playerVirtual6','playerVirtual6_4246147567',1,'2018-04-15 16:03:02',NULL,0),(491,'playerVirtual7','playerVirtual7_4246147567',0,'2018-04-15 16:03:19',NULL,0),(492,'playerVirtual7','playerVirtual7_3c7a599e07',4,'2018-04-15 16:03:19',NULL,0),(493,'playerVirtual7','playerVirtual7_4246147567',0,'2018-04-15 16:03:19',NULL,0),(494,'playerVirtual9','playerVirtual9_4246147567',0,'2018-04-15 16:04:30',NULL,0),(495,'playerVirtual9','playerVirtual9_6189221392',3,'2018-04-15 16:04:30',NULL,0),(496,'playerVirtual9','playerVirtual9_4246147567',0,'2018-04-15 16:04:30',NULL,0),(497,'playerVirtual5','playerVirtual5_16917741',1,'2018-04-15 16:04:51',NULL,0),(498,'playerVirtual5','playerVirtual5_a17b06266c',4,'2018-04-15 16:04:51',NULL,0),(499,'playerVirtual5','playerVirtual5_16917741',1,'2018-04-15 16:04:51',NULL,0),(500,'playerVirtual2','playerVirtual2_82730999',1,'2018-04-15 16:05:58',NULL,0),(501,'playerVirtual2','playerVirtual2_18ec446e17',4,'2018-04-15 16:05:58',NULL,0),(502,'playerVirtual2','playerVirtual2_82730999',1,'2018-04-15 16:05:58',NULL,0),(503,'playerVirtual1','playerVirtual1_4246147567',0,'2018-04-15 16:06:44',NULL,0),(504,'playerVirtual1','playerVirtual1_3975bdf24b',4,'2018-04-15 16:06:44',NULL,0),(505,'playerVirtual1','playerVirtual1_4246147567',0,'2018-04-15 16:06:45',NULL,0),(506,'playerVirtual35','playerVirtual35_fb4e2a3e15',4,'2018-04-15 16:07:11',NULL,0),(507,'playerVirtual4','playerVirtual4_4736823438',4,'2018-04-15 16:07:59',NULL,0),(508,'playerVirtual24','playerVirtual24_990694203',0,'2018-04-15 16:09:59',NULL,0),(509,'playerVirtual24','playerVirtual24_990694203',0,'2018-04-15 16:10:00',NULL,0),(510,'playerVirtual3','playerVirtual3_990694203',0,'2018-04-15 16:10:25',NULL,0),(511,'playerVirtual3','playerVirtual3_990694203',0,'2018-04-15 16:10:25',NULL,0),(512,'playerVirtual3','playerVirtual3_ba150fb43c',4,'2018-04-15 16:11:25',NULL,0),(513,'playerVirtual36','playerVirtual36_35d9595eb2',4,'2018-04-15 16:12:06',NULL,0),(514,'playerVirtual0','playerVirtual0_4246147567',1,'2018-04-15 16:13:21',NULL,0),(515,'playerVirtual0','playerVirtual0_9142c805bc',4,'2018-04-15 16:13:21',NULL,0),(516,'playerVirtual0','playerVirtual0_4246147567',1,'2018-04-15 16:13:25',NULL,0),(517,'playerVirtual7','playerVirtual7_2cbd8e76bc',3,'2018-04-15 16:13:52',NULL,0),(518,'playerVirtual37','playerVirtual37_03298114d7',4,'2018-04-15 16:17:09',NULL,0),(519,'playerVirtual9','playerVirtual9_4246147567',1,'2018-04-15 16:18:11',NULL,0),(520,'playerVirtual9','playerVirtual9_7c792bf4e4',4,'2018-04-15 16:18:11',NULL,0),(521,'playerVirtual9','playerVirtual9_4246147567',1,'2018-04-15 16:18:12',NULL,0),(522,'playerVirtual31','playerVirtual31_4246147567',0,'2018-04-15 16:18:46',NULL,0),(523,'playerVirtual31','playerVirtual31_4246147567',0,'2018-04-15 16:18:47',NULL,0),(524,'playerVirtual31','playerVirtual31_84828de26a',3,'2018-04-15 16:19:47',NULL,0),(525,'playerVirtual5','playerVirtual5_794070039',1,'2018-04-15 16:20:45',NULL,0),(526,'playerVirtual5','playerVirtual5_1339c7567b',3,'2018-04-15 16:20:45',NULL,0),(527,'playerVirtual5','playerVirtual5_794070039',1,'2018-04-15 16:20:45',NULL,0),(528,'playerVirtual31','playerVirtual31_102766c920',4,'2018-04-15 16:20:48',NULL,0),(529,'playerVirtual4','playerVirtual4_4246147567',0,'2018-04-15 16:21:53',NULL,0),(530,'playerVirtual4','playerVirtual4_97b6df92c5',3,'2018-04-15 16:21:53',NULL,0),(531,'playerVirtual4','playerVirtual4_4246147567',0,'2018-04-15 16:21:53',NULL,0),(532,'playerVirtual38','playerVirtual38_8cafc888b1',4,'2018-04-15 16:22:10',NULL,0),(533,'playerVirtual6','playerVirtual6_4246147567',0,'2018-04-15 16:25:05',NULL,0),(534,'playerVirtual6','playerVirtual6_efcce14df3',3,'2018-04-15 16:25:05',NULL,0),(535,'playerVirtual6','playerVirtual6_4246147567',0,'2018-04-15 16:25:05',NULL,0),(536,'playerVirtual8','playerVirtual8_4820318661',0,'2018-04-15 16:25:36',NULL,0),(537,'playerVirtual8','playerVirtual8_4820318661',0,'2018-04-15 16:25:36',NULL,0);
/*!40000 ALTER TABLE `REQUEST` ENABLE KEYS */;
UNLOCK TABLES;

--
-- Table structure for table `STATUS`
--

DROP TABLE IF EXISTS `STATUS`;
/*!40101 SET @saved_cs_client     = @@character_set_client */;
/*!40101 SET character_set_client = utf8 */;
CREATE TABLE `STATUS` (
  `id` int(11) NOT NULL AUTO_INCREMENT,
  `players` int(11) DEFAULT '0',
  `all_requests` int(11) DEFAULT '0',
  `accepts` int(11) DEFAULT '0',
  `rejects` int(11) DEFAULT '0',
  `fairness` double DEFAULT '0',
  `timestamp` timestamp NULL DEFAULT NULL,
  PRIMARY KEY (`id`)
) ENGINE=InnoDB AUTO_INCREMENT=32 DEFAULT CHARSET=utf8;
/*!40101 SET character_set_client = @saved_cs_client */;

--
-- Dumping data for table `STATUS`
--

LOCK TABLES `STATUS` WRITE;
/*!40000 ALTER TABLE `STATUS` DISABLE KEYS */;
INSERT INTO `STATUS` VALUES (1,0,0,0,0,0,'2018-04-15 13:55:50'),(2,10,20,0,0,0,'2018-04-15 14:00:50'),(3,11,31,20,1,0.6452,'2018-04-15 14:05:50'),(4,12,43,30,5,0.6977,'2018-04-15 14:10:51'),(5,13,59,38,7,0.6441,'2018-04-15 14:15:51'),(6,14,64,50,10,0.7812,'2018-04-15 14:20:51'),(7,15,69,53,14,0.7681,'2018-04-15 14:25:51'),(8,16,78,54,19,0.6923,'2018-04-15 14:30:51'),(9,17,81,58,20,0.716,'2018-04-15 14:35:51'),(10,18,82,60,21,0.7317,'2018-04-15 14:40:51'),(11,19,84,60,22,0.7143,'2018-04-15 14:45:51'),(12,20,85,61,22,0.7176,'2018-04-15 14:50:52'),(13,21,87,61,24,0.7011,'2018-04-15 14:55:52'),(14,22,89,62,25,0.6966,'2018-04-15 15:00:52'),(15,23,92,63,25,0.6848,'2018-04-15 15:05:52'),(16,24,96,66,26,0.6875,'2018-04-15 15:10:52'),(17,25,96,68,26,0.7083,'2018-04-15 15:15:52'),(18,26,97,69,26,0.7113,'2018-04-15 15:20:52'),(19,27,100,70,28,0.7,'2018-04-15 15:25:52'),(20,28,102,71,29,0.6961,'2018-04-15 15:30:53'),(21,29,104,72,31,0.6923,'2018-04-15 15:35:53'),(22,30,107,72,34,0.6729,'2018-04-15 15:40:53'),(23,31,109,72,35,0.6606,'2018-04-15 15:45:53'),(24,32,111,73,35,0.6577,'2018-04-15 15:50:53'),(25,33,112,75,35,0.6696,'2018-04-15 15:55:53'),(26,34,114,76,36,0.6667,'2018-04-15 16:00:53'),(27,35,117,77,38,0.6581,'2018-04-15 16:05:53'),(28,36,120,78,39,0.65,'2018-04-15 16:10:54'),(29,37,120,80,39,0.6667,'2018-04-15 16:15:54'),(30,38,121,80,40,0.6612,'2018-04-15 16:20:54'),(31,39,124,80,41,0.6452,'2018-04-15 16:25:54');
/*!40000 ALTER TABLE `STATUS` ENABLE KEYS */;
UNLOCK TABLES;

--
-- Table structure for table `THRESHOLD`
--

DROP TABLE IF EXISTS `THRESHOLD`;
/*!40101 SET @saved_cs_client     = @@character_set_client */;
/*!40101 SET character_set_client = utf8 */;
CREATE TABLE `THRESHOLD` (
  `division` int(11) NOT NULL,
  `botton` double DEFAULT '0',
  `top` double DEFAULT '0',
  PRIMARY KEY (`division`)
) ENGINE=InnoDB DEFAULT CHARSET=utf8;
/*!40101 SET character_set_client = @saved_cs_client */;

--
-- Dumping data for table `THRESHOLD`
--

LOCK TABLES `THRESHOLD` WRITE;
/*!40000 ALTER TABLE `THRESHOLD` DISABLE KEYS */;
INSERT INTO `THRESHOLD` VALUES (1,8.76,20),(2,4.38,8.76),(3,0,4.38);
/*!40000 ALTER TABLE `THRESHOLD` ENABLE KEYS */;
UNLOCK TABLES;

--
-- Table structure for table `VM`
--

DROP TABLE IF EXISTS `VM`;
/*!40101 SET @saved_cs_client     = @@character_set_client */;
/*!40101 SET character_set_client = utf8 */;
CREATE TABLE `VM` (
  `id` int(11) NOT NULL AUTO_INCREMENT,
  `origin_add` varchar(45) NOT NULL,
  `origin_id` varchar(45) NOT NULL,
  `origin_name` varchar(45) NOT NULL,
  `destiny_add` varchar(45) NOT NULL,
  `destiny_name` varchar(45) NOT NULL,
  `destiny_id` varchar(45) NOT NULL,
  `status` tinyint(1) NOT NULL,
  `has_resources` tinyint(1) NOT NULL,
  `vcpus` int(11) NOT NULL,
  `mem` bigint(20) NOT NULL,
  `disk` bigint(20) NOT NULL,
  `timestamp_received` timestamp NULL DEFAULT NULL,
  `timestamp_finished` timestamp NULL DEFAULT NULL,
  PRIMARY KEY (`id`)
) ENGINE=InnoDB AUTO_INCREMENT=125 DEFAULT CHARSET=utf8;
/*!40101 SET character_set_client = @saved_cs_client */;

--
-- Dumping data for table `VM`
--

LOCK TABLES `VM` WRITE;
/*!40000 ALTER TABLE `VM` DISABLE KEYS */;
INSERT INTO `VM` VALUES (1,'192.168.0.200','playerVirtual4_450512000','playerVirtual4','192.168.0.200','playerVirtual1','playerVirtual1_112b5b96bd',1,1,1,2048,20,'2018-04-15 13:57:59',NULL),(2,'192.168.0.200','playerVirtual1_1438244924','playerVirtual1','192.168.0.200','playerVirtual4','playerVirtual4_641feb32bb',3,1,1,2048,20,'2018-04-15 13:58:02','2018-04-15 14:28:09'),(3,'192.168.0.200','playerVirtual8_640692267','playerVirtual8','192.168.0.200','playerVirtual3','playerVirtual3_18462a9570',1,1,1,512,1,'2018-04-15 13:58:05',NULL),(4,'192.168.0.200','playerVirtual3_2381571381','playerVirtual3','192.168.0.200','playerVirtual8','playerVirtual8_610c30326b',3,1,1,2048,20,'2018-04-15 13:58:07','2018-04-15 14:35:17'),(5,'192.168.0.200','playerVirtual2_5297461910','playerVirtual2','192.168.0.200','playerVirtual6','playerVirtual6_1e7b7ffb0c',3,1,1,512,1,'2018-04-15 13:58:08','2018-04-15 14:44:05'),(6,'192.168.0.200','playerVirtual6_2790332778','playerVirtual6','192.168.0.200','playerVirtual2','playerVirtual2_be01525d15',1,1,2,4096,40,'2018-04-15 13:58:11',NULL),(7,'192.168.0.200','playerVirtual5_369721705','playerVirtual5','192.168.0.200','playerVirtual9','playerVirtual9_87b3859b69',1,1,2,4096,40,'2018-04-15 13:58:12',NULL),(8,'192.168.0.200','playerVirtual9_317469422','playerVirtual9','192.168.0.200','playerVirtual5','playerVirtual5_c461ec4fc9',1,1,2,4096,40,'2018-04-15 13:58:12',NULL),(9,'192.168.0.200','playerVirtual7_6955737','playerVirtual7','192.168.0.200','playerVirtual0','playerVirtual0_e1b45b1b91',3,1,1,2048,20,'2018-04-15 13:58:12','2018-04-15 14:29:00'),(10,'192.168.0.200','playerVirtual0_257338104','playerVirtual0','192.168.0.200','playerVirtual7','playerVirtual7_fef7e3bbfd',1,1,2,4096,40,'2018-04-15 13:58:14',NULL),(11,'192.168.0.200','playerVirtual4_3584940347','playerVirtual4','192.168.0.200','playerVirtual1','playerVirtual1_a693b32045',1,1,1,512,1,'2018-04-15 14:00:12',NULL),(12,'192.168.0.200','playerVirtual1_2433236783','playerVirtual1','192.168.0.200','playerVirtual4','playerVirtual4_f805bf0dbf',1,1,1,2048,20,'2018-04-15 14:00:12',NULL),(13,'192.168.0.200','playerVirtual8_3338579772','playerVirtual8','192.168.0.200','playerVirtual3','playerVirtual3_b0e426506c',3,1,1,2048,20,'2018-04-15 14:00:13','2018-04-15 14:34:00'),(14,'192.168.0.200','playerVirtual3_257407216','playerVirtual3','192.168.0.200','playerVirtual6','playerVirtual6_1e3d6213f8',1,1,2,4096,40,'2018-04-15 14:00:14',NULL),(15,'192.168.0.200','playerVirtual2_182859403','playerVirtual2','192.168.0.200','playerVirtual5','playerVirtual5_d452734e30',3,1,1,512,1,'2018-04-15 14:00:21','2018-04-15 14:20:40'),(16,'192.168.0.200','playerVirtual6_2359368952','playerVirtual6','192.168.0.200','playerVirtual2','playerVirtual2_082e89b10c',3,1,1,512,1,'2018-04-15 14:00:25','2018-04-15 14:15:11'),(17,'192.168.0.200','playerVirtual5_16917741','playerVirtual5','192.168.0.200','playerVirtual9','playerVirtual9_ec05822a6d',3,1,1,512,1,'2018-04-15 14:00:28','2018-04-15 16:04:51'),(18,'192.168.0.200','playerVirtual9_2545640208','playerVirtual9','192.168.0.200','playerVirtual0','playerVirtual0_0efb9bad5f',1,1,1,2048,20,'2018-04-15 14:00:37',NULL),(19,'192.168.0.200','playerVirtual7_908315','playerVirtual7','192.168.0.200','playerVirtual4','playerVirtual4_4db63d4c41',3,1,1,2048,20,'2018-04-15 14:00:38','2018-04-15 14:51:42'),(20,'192.168.0.200','playerVirtual0_539194189','playerVirtual0','192.168.0.200','playerVirtual7','playerVirtual7_2a5ed0d183',3,1,1,2048,20,'2018-04-15 14:00:46','2018-04-15 14:59:48'),(21,'192.168.0.200','playerVirtual4_4820204870','playerVirtual4','192.168.0.200','playerVirtual10','playerVirtual10_62a39e0bb7',2,1,2,4096,40,'2018-04-15 14:03:26','2018-04-15 14:03:54'),(22,'192.168.0.200','playerVirtual1_8058564','playerVirtual1','192.168.0.200','playerVirtual3','playerVirtual3_3c60e1e4e5',1,1,1,2048,20,'2018-04-15 14:04:19',NULL),(23,'192.168.0.200','playerVirtual8_1429160667','playerVirtual8','192.168.0.200','playerVirtual1','playerVirtual1_4069d454b0',1,1,1,2048,20,'2018-04-15 14:04:23',NULL),(24,'192.168.0.200','playerVirtual3_3338010893','playerVirtual3','192.168.0.200','playerVirtual5','playerVirtual5_1ae45beff1',1,1,1,512,1,'2018-04-15 14:04:26',NULL),(25,'192.168.0.200','playerVirtual2_82730999','playerVirtual2','192.168.0.200','playerVirtual9','playerVirtual9_54939cf39d',3,1,1,512,1,'2018-04-15 14:04:31','2018-04-15 16:05:58'),(26,'192.168.0.200','playerVirtual6_351652724','playerVirtual6','192.168.0.200','playerVirtual2','playerVirtual2_a35ca049d4',1,1,1,2048,20,'2018-04-15 14:04:36',NULL),(27,'192.168.0.200','playerVirtual5_6571218','playerVirtual5','192.168.0.200','playerVirtual0','playerVirtual0_9170bf018c',1,1,1,2048,20,'2018-04-15 14:04:37',NULL),(28,'192.168.0.200','playerVirtual9_778566023','playerVirtual9','192.168.0.200','playerVirtual7','playerVirtual7_e954ab079e',1,1,1,512,1,'2018-04-15 14:04:39',NULL),(29,'192.168.0.200','playerVirtual7_1436344784','playerVirtual7','192.168.0.200','playerVirtual10','playerVirtual10_5dadb01573',3,1,1,2048,20,'2018-04-15 14:04:43','2018-04-15 14:35:26'),(30,'192.168.0.200','playerVirtual0_1339662','playerVirtual0','192.168.0.200','playerVirtual3','playerVirtual3_874ae1bcfc',1,1,1,2048,20,'2018-04-15 14:04:46',NULL),(31,'192.168.0.200','playerVirtual10_317497342','playerVirtual10','192.168.0.200','playerVirtual1','playerVirtual1_6e1e7d2d69',1,1,1,512,1,'2018-04-15 14:05:38',NULL),(32,'192.168.0.200','playerVirtual4_284794223','playerVirtual4','192.168.0.200','playerVirtual5','playerVirtual5_292281c027',1,1,1,2048,20,'2018-04-15 14:06:45',NULL),(33,'192.168.0.200','playerVirtual1_359920779','playerVirtual1','192.168.0.200','playerVirtual4','playerVirtual4_73111ae3a4',3,1,1,512,1,'2018-04-15 14:06:45','2018-04-15 15:21:45'),(34,'192.168.0.200','playerVirtual8_904011','playerVirtual8','192.168.0.200','playerVirtual10','playerVirtual10_7b1a9e61bd',2,1,1,2048,20,'2018-04-15 14:06:46','2018-04-15 14:07:01'),(35,'192.168.0.200','playerVirtual3_2904109077','playerVirtual3','192.168.0.200','playerVirtual9','playerVirtual9_97c9c6a34b',1,1,1,512,1,'2018-04-15 14:06:48',NULL),(36,'192.168.0.200','playerVirtual2_257338074','playerVirtual2','192.168.0.200','playerVirtual0','playerVirtual0_3d53803302',1,1,2,4096,40,'2018-04-15 14:06:55',NULL),(37,'192.168.0.200','playerVirtual6_905614','playerVirtual6','192.168.0.200','playerVirtual10','playerVirtual10_48ef045c9a',2,1,1,2048,20,'2018-04-15 14:07:02','2018-04-15 14:08:03'),(38,'192.168.0.200','playerVirtual5_1093460','playerVirtual5','192.168.0.200','playerVirtual2','playerVirtual2_d28b374cd8',1,1,1,512,1,'2018-04-15 14:07:02',NULL),(39,'192.168.0.200','playerVirtual9_6569547','playerVirtual9','192.168.0.200','playerVirtual11','playerVirtual11_99b5860146',2,1,1,2048,20,'2018-04-15 14:07:13','2018-04-15 14:08:03'),(40,'192.168.0.200','playerVirtual7_470485660','playerVirtual7','192.168.0.200','playerVirtual3','playerVirtual3_74da8eaa87',1,1,2,4096,40,'2018-04-15 14:07:15',NULL),(41,'192.168.0.200','playerVirtual0_30788568','playerVirtual0','192.168.0.200','playerVirtual7','playerVirtual7_66c844a527',1,1,1,512,1,'2018-04-15 14:07:26',NULL),(42,'192.168.0.200','playerVirtual10_5792765','playerVirtual10','192.168.0.200','playerVirtual11','playerVirtual11_ead76ce3a6',2,1,1,512,1,'2018-04-15 14:07:46','2018-04-15 14:08:04'),(43,'192.168.0.200','playerVirtual4_400453824','playerVirtual4','192.168.0.200','playerVirtual1','playerVirtual1_c2e566e4f0',1,1,1,512,1,'2018-04-15 14:10:14',NULL),(44,'192.168.0.200','playerVirtual11_38671842','playerVirtual11','192.168.0.200','playerVirtual8','playerVirtual11_38671842',0,0,1,512,1,'2018-04-15 14:10:59','2018-04-15 14:10:59'),(45,'192.168.0.200','playerVirtual1_4820318661','playerVirtual1','192.168.0.200','playerVirtual4','playerVirtual4_ba55c62430',1,1,2,4096,40,'2018-04-15 14:11:15',NULL),(46,'192.168.0.200','playerVirtual8_4819935267','playerVirtual8','192.168.0.200','playerVirtual11','playerVirtual11_aecc8b0183',1,1,2,4096,40,'2018-04-15 14:11:20',NULL),(47,'192.168.0.200','playerVirtual3_4820217293','playerVirtual3','192.168.0.200','playerVirtual5','playerVirtual5_4348794d1b',1,1,2,4096,40,'2018-04-15 14:11:26',NULL),(48,'192.168.0.200','playerVirtual2_6264344062','playerVirtual2','192.168.0.200','playerVirtual9','playerVirtual9_cbefc5b6a8',3,1,1,512,1,'2018-04-15 14:11:31','2018-04-15 14:33:21'),(49,'192.168.0.200','playerVirtual6_2378747961','playerVirtual6','192.168.0.200','playerVirtual11','playerVirtual11_f39dbf711a',2,1,1,512,1,'2018-04-15 14:11:46','2018-04-15 14:12:12'),(50,'192.168.0.200','playerVirtual5_5068098508','playerVirtual5','192.168.0.200','playerVirtual3','playerVirtual3_22447baa99',3,1,1,2048,20,'2018-04-15 14:11:51','2018-04-15 14:52:33'),(51,'192.168.0.200','playerVirtual9_227443932','playerVirtual9','192.168.0.200','playerVirtual12','playerVirtual12_63527b83eb',1,1,1,2048,20,'2018-04-15 14:13:07',NULL),(52,'192.168.0.200','playerVirtual7_1095593','playerVirtual7','192.168.0.200','playerVirtual1','playerVirtual1_ca8113d875',3,1,1,512,1,'2018-04-15 14:13:15','2018-04-15 14:41:09'),(53,'192.168.0.200','playerVirtual0_2148750930','playerVirtual0','192.168.0.200','playerVirtual7','playerVirtual7_3452dffc2d',1,1,1,2048,20,'2018-04-15 14:13:18',NULL),(54,'192.168.0.200','playerVirtual11_16915963','playerVirtual11','192.168.0.200','playerVirtual12','playerVirtual12_4266cf7716',2,1,1,2048,20,'2018-04-15 14:14:53','2018-04-15 14:15:21'),(55,'192.168.0.200','playerVirtual4_765651','playerVirtual4','192.168.0.200','playerVirtual2','playerVirtual2_1646b67809',1,1,1,2048,20,'2018-04-15 14:15:24',NULL),(56,'192.168.0.200','playerVirtual1_284757920','playerVirtual1','192.168.0.200','playerVirtual4','playerVirtual4_ba76e04562',1,1,1,2048,20,'2018-04-15 14:15:32',NULL),(57,'192.168.0.200','playerVirtual8_272887063','playerVirtual8','192.168.0.200','playerVirtual11','playerVirtual11_952e1db232',2,1,1,2048,20,'2018-04-15 14:15:35','2018-04-15 14:16:24'),(58,'192.168.0.200','playerVirtual3_6274355716','playerVirtual3','192.168.0.200','playerVirtual5','playerVirtual5_8efd520d4c',3,1,1,512,1,'2018-04-15 14:15:39','2018-04-15 14:43:10'),(59,'192.168.0.200','playerVirtual2_38676294','playerVirtual2','192.168.0.200','playerVirtual1','playerVirtual1_cb60d992a8',1,1,1,512,1,'2018-04-15 14:15:48',NULL),(60,'192.168.0.200','playerVirtual5_182859403','playerVirtual5','192.168.0.200','playerVirtual7','playerVirtual7_5b30b2bec3',3,1,1,512,1,'2018-04-15 14:16:57','2018-04-15 14:22:00'),(61,'192.168.0.200','playerVirtual9_4820204870','playerVirtual9','192.168.0.200','playerVirtual13','playerVirtual13_cdadbc9b05',1,1,2,4096,40,'2018-04-15 14:17:27',NULL),(62,'192.168.0.200','playerVirtual7_990694203','playerVirtual7','192.168.0.200','playerVirtual12','playerVirtual12_b19f583b0b',2,1,1,2048,20,'2018-04-15 14:17:41','2018-04-15 14:18:31'),(63,'192.168.0.200','playerVirtual12_5623125514','playerVirtual12','192.168.0.200','playerVirtual13','playerVirtual13_3ae7591bf8',1,1,1,2048,20,'2018-04-15 14:17:49',NULL),(64,'192.168.0.200','playerVirtual0_990694203','playerVirtual0','192.168.0.200','playerVirtual12','playerVirtual12_2874d3c0cc',2,1,1,2048,20,'2018-04-15 14:18:05','2018-04-15 14:18:31'),(65,'192.168.0.200','playerVirtual6_6280638724','playerVirtual6','192.168.0.200','playerVirtual13','playerVirtual13_6ab51b60d9',2,1,1,512,1,'2018-04-15 14:21:30','2018-04-15 14:21:39'),(66,'192.168.0.200','playerVirtual1_272887063','playerVirtual1','192.168.0.200','playerVirtual14','playerVirtual14_04b7d9d31c',2,1,1,2048,20,'2018-04-15 14:22:16','2018-04-15 14:22:42'),(67,'192.168.0.200','playerVirtual3_6282149131','playerVirtual3','192.168.0.200','playerVirtual5','playerVirtual5_956f43137b',1,1,1,512,1,'2018-04-15 14:22:28',NULL),(68,'192.168.0.200','playerVirtual9_1436323714','playerVirtual9','192.168.0.200','playerVirtual13','playerVirtual13_a2115a1af5',2,1,1,2048,20,'2018-04-15 14:24:22','2018-04-15 14:24:48'),(69,'192.168.0.200','playerVirtual13_2359368952','playerVirtual13','192.168.0.200','playerVirtual14','playerVirtual14_4a6ce99cab',2,1,1,512,1,'2018-04-15 14:25:13','2018-04-15 14:25:51'),(70,'192.168.0.200','playerVirtual4_1094955','playerVirtual4','192.168.0.200','playerVirtual1','playerVirtual1_4b756efbbb',1,1,1,512,1,'2018-04-15 14:25:51',NULL),(71,'192.168.0.200','playerVirtual2_16914091','playerVirtual2','192.168.0.200','playerVirtual13','playerVirtual13_2c0a564b30',2,1,1,2048,20,'2018-04-15 14:26:18','2018-04-15 14:26:54'),(72,'192.168.0.200','playerVirtual8_6285257156','playerVirtual8','192.168.0.200','playerVirtual14','playerVirtual14_b3adf2a9ce',2,1,1,512,1,'2018-04-15 14:26:27','2018-04-15 14:26:55'),(73,'192.168.0.200','playerVirtual6_6955737','playerVirtual6','192.168.0.200','playerVirtual13','playerVirtual13_28cd2faf7a',2,1,1,2048,20,'2018-04-15 14:26:30','2018-04-15 14:26:55'),(74,'192.168.0.200','playerVirtual5_182859403','playerVirtual5','192.168.0.200','playerVirtual15','playerVirtual15_1e321fc7b5',2,1,1,512,1,'2018-04-15 14:27:40','2018-04-15 14:27:58'),(75,'192.168.0.200','playerVirtual3_3338579772','playerVirtual3','192.168.0.200','playerVirtual4','playerVirtual4_b8a0913f93',3,1,1,2048,20,'2018-04-15 14:28:19','2018-04-15 15:55:48'),(76,'192.168.0.200','playerVirtual13_6289355687','playerVirtual13','192.168.0.200','playerVirtual14','playerVirtual14_aebd0cf41e',1,1,1,512,1,'2018-04-15 14:29:34',NULL),(77,'192.168.0.200','playerVirtual0_2381571381','playerVirtual0','192.168.0.200','playerVirtual13','playerVirtual13_07452a5186',2,1,1,2048,20,'2018-04-15 14:29:53','2018-04-15 14:30:02'),(78,'192.168.0.200','playerVirtual9_2378747961','playerVirtual9','192.168.0.200','playerVirtual0','playerVirtual0_ab8f16c67d',3,1,1,512,1,'2018-04-15 14:30:12','2018-04-15 14:38:42'),(79,'192.168.0.200','playerVirtual4_6289704471','playerVirtual4','192.168.0.200','playerVirtual16','playerVirtual16_852f031976',2,1,1,512,1,'2018-04-15 14:32:54','2018-04-15 14:33:12'),(80,'192.168.0.200','playerVirtual5_794070039','playerVirtual5','192.168.0.200','playerVirtual9','playerVirtual9_e8b328b799',3,1,1,512,1,'2018-04-15 14:33:57','2018-04-15 16:20:45'),(81,'192.168.0.200','playerVirtual1_990694203','playerVirtual1','192.168.0.200','playerVirtual8','playerVirtual8_0712d3cd0d',3,1,1,2048,20,'2018-04-15 14:35:50','2018-04-15 14:41:43'),(82,'192.168.0.200','playerVirtual0_182859403','playerVirtual0','192.168.0.200','playerVirtual17','playerVirtual17_910f9cd6a8',2,1,1,512,1,'2018-04-15 14:40:07','2018-04-15 14:40:32'),(83,'192.168.0.200','playerVirtual4_5297461910','playerVirtual4','192.168.0.200','playerVirtual18','playerVirtual18_41d79700c3',2,1,1,512,1,'2018-04-15 14:44:57','2018-04-15 14:45:44'),(84,'192.168.0.200','playerVirtual8_6289704471','playerVirtual8','192.168.0.200','playerVirtual6','playerVirtual6_053e17bebb',3,1,1,2048,20,'2018-04-15 14:45:32','2018-04-15 15:05:43'),(85,'192.168.0.200','playerVirtual9_908315','playerVirtual9','192.168.0.200','playerVirtual19','playerVirtual19_7b3493900a',2,1,1,2048,20,'2018-04-15 14:50:07','2018-04-15 14:50:59'),(86,'192.168.0.200','playerVirtual6_182859403','playerVirtual6','192.168.0.200','playerVirtual20','playerVirtual20_bd5c5e110a',2,1,1,512,1,'2018-04-15 14:52:41','2018-04-15 14:53:03'),(87,'192.168.0.200','playerVirtual2_4246147567','playerVirtual2','192.168.0.200','playerVirtual0','playerVirtual0_f51732c805',3,1,2,4096,40,'2018-04-15 14:54:56','2018-04-15 15:06:39'),(88,'192.168.0.200','playerVirtual3_6315250734','playerVirtual3','192.168.0.200','playerVirtual7','playerVirtual7_e42c4236ff',1,1,1,512,1,'2018-04-15 14:56:43',NULL),(89,'192.168.0.200','playerVirtual1_4246147567','playerVirtual1','192.168.0.200','playerVirtual21','playerVirtual21_6b89810341',2,1,2,4096,40,'2018-04-15 14:57:45','2018-04-15 14:58:16'),(90,'192.168.0.200','playerVirtual9_4246147567','playerVirtual9','192.168.0.200','playerVirtual3','playerVirtual3_052e673a25',3,1,2,4096,40,'2018-04-15 15:01:43','2018-04-15 16:18:12'),(91,'192.168.0.200','playerVirtual6_4246147567','playerVirtual6','192.168.0.200','playerVirtual22','playerVirtual22_809d770ca3',3,1,2,4096,40,'2018-04-15 15:02:26','2018-04-15 16:03:03'),(92,'192.168.0.200','playerVirtual7_990694203','playerVirtual7','192.168.0.200','playerVirtual5','playerVirtual5_fe85620064',1,1,1,2048,20,'2018-04-15 15:03:33',NULL),(93,'192.168.0.200','playerVirtual5_4246147567','playerVirtual5','192.168.0.200','playerVirtual1','playerVirtual1_90f7b05071',3,1,2,4096,40,'2018-04-15 15:06:42','2018-04-15 15:16:25'),(94,'192.168.0.200','playerVirtual3_359920779','playerVirtual3','192.168.0.200','playerVirtual23','playerVirtual23_7e4b93b2e8',2,1,1,512,1,'2018-04-15 15:07:52','2018-04-15 15:08:43'),(95,'192.168.0.200','playerVirtual4_4246147567','playerVirtual4','192.168.0.200','playerVirtual8','playerVirtual8_9a17f7fdc7',3,1,2,4096,40,'2018-04-15 15:08:35','2018-04-15 15:15:54'),(96,'192.168.0.200','playerVirtual0_4246147567','playerVirtual0','192.168.0.200','playerVirtual4','playerVirtual4_7acb11fd4f',3,1,2,4096,40,'2018-04-15 15:10:52','2018-04-15 16:13:25'),(97,'192.168.0.200','playerVirtual8_4246147567','playerVirtual8','192.168.0.200','playerVirtual24','playerVirtual24_15bf073bff',3,1,2,4096,40,'2018-04-15 15:18:37','2018-04-15 16:02:15'),(98,'192.168.0.200','playerVirtual2_6335261139','playerVirtual2','192.168.0.200','playerVirtual25','playerVirtual25_e75ae068f7',2,1,1,512,1,'2018-04-15 15:21:39','2018-04-15 15:22:18'),(99,'192.168.0.200','playerVirtual3_4246147567','playerVirtual3','192.168.0.200','playerVirtual26','playerVirtual26_bd587aa67b',2,1,2,4096,40,'2018-04-15 15:24:55','2018-04-15 15:25:26'),(100,'192.168.0.200','playerVirtual22_4246147567','playerVirtual22','192.168.0.200','playerVirtual8','playerVirtual8_14e44283e5',3,1,2,4096,40,'2018-04-15 15:25:24','2018-04-15 15:27:22'),(101,'192.168.0.200','playerVirtual9_6344084916','playerVirtual9','192.168.0.200','playerVirtual27','playerVirtual27_64da5684b5',2,1,1,512,1,'2018-04-15 15:30:20','2018-04-15 15:30:38'),(102,'192.168.0.200','playerVirtual7_4246147567','playerVirtual7','192.168.0.200','playerVirtual6','playerVirtual6_03c92406b4',3,1,2,4096,40,'2018-04-15 15:30:52','2018-04-15 15:42:25'),(103,'192.168.0.200','playerVirtual6_272887063','playerVirtual6','192.168.0.200','playerVirtual22','playerVirtual22_cbd695a2f6',2,1,1,2048,20,'2018-04-15 15:31:47','2018-04-15 15:32:44'),(104,'192.168.0.200','playerVirtual5_4246147567','playerVirtual5','192.168.0.200','playerVirtual28','playerVirtual28_5e2f50634e',2,1,2,4096,40,'2018-04-15 15:35:43','2018-04-15 15:35:52'),(105,'192.168.0.200','playerVirtual2_4246147567','playerVirtual2','192.168.0.200','playerVirtual24','playerVirtual24_7f0d922c94',2,1,2,4096,40,'2018-04-15 15:36:45','2018-04-15 15:36:54'),(106,'192.168.0.200','playerVirtual4_990694203','playerVirtual4','192.168.0.200','playerVirtual29','playerVirtual29_2cfe5b44b0',2,1,1,2048,20,'2018-04-15 15:37:22','2018-04-15 15:37:56'),(107,'192.168.0.200','playerVirtual24_4246147567','playerVirtual24','192.168.0.200','playerVirtual22','playerVirtual22_14791832c1',2,1,2,4096,40,'2018-04-15 15:38:03','2018-04-15 15:38:59'),(108,'192.168.0.200','playerVirtual0_82730999','playerVirtual0','192.168.0.200','playerVirtual7','playerVirtual7_a445f41d42',1,1,1,512,1,'2018-04-15 15:41:08',NULL),(109,'192.168.0.200','playerVirtual9_4820150269','playerVirtual9','192.168.0.200','playerVirtual30','playerVirtual30_83213f55bb',2,1,2,4096,40,'2018-04-15 15:45:01','2018-04-15 15:45:15'),(110,'192.168.0.200','playerVirtual6_4246147567','playerVirtual6','192.168.0.200','playerVirtual31','playerVirtual31_834d512a32',3,1,2,4096,40,'2018-04-15 15:49:04','2018-04-15 16:03:03'),(111,'192.168.0.200','playerVirtual8_4246147567','playerVirtual8','192.168.0.200','playerVirtual6','playerVirtual6_bc50af72eb',3,1,2,4096,40,'2018-04-15 15:49:38','2018-04-15 16:02:15'),(112,'192.168.0.200','playerVirtual1_3338579772','playerVirtual1','192.168.0.200','playerVirtual0','playerVirtual0_0de5c7a2f9',1,1,1,2048,20,'2018-04-15 15:51:39',NULL),(113,'192.168.0.200','playerVirtual22_6566788','playerVirtual22','192.168.0.200','playerVirtual32','playerVirtual32_c88deaf772',2,1,1,2048,20,'2018-04-15 15:56:06','2018-04-15 15:56:44'),(114,'192.168.0.200','playerVirtual0_4246147567','playerVirtual0','192.168.0.200','playerVirtual3','playerVirtual3_a67cb0cc3b',3,1,2,4096,40,'2018-04-15 15:56:49','2018-04-15 16:13:25'),(115,'192.168.0.200','playerVirtual22_4246147567','playerVirtual22','192.168.0.200','playerVirtual33','playerVirtual33_85fc64773b',2,1,2,4096,40,'2018-04-15 16:03:01','2018-04-15 16:04:02'),(116,'192.168.0.200','playerVirtual7_4246147567','playerVirtual7','192.168.0.200','playerVirtual34','playerVirtual34_2ae85a6665',2,1,2,4096,40,'2018-04-15 16:03:19','2018-04-15 16:04:02'),(117,'192.168.0.200','playerVirtual9_4246147567','playerVirtual9','192.168.0.200','playerVirtual1','playerVirtual1_6885888a55',3,1,2,4096,40,'2018-04-15 16:04:30','2018-04-15 16:18:12'),(118,'192.168.0.200','playerVirtual1_4246147567','playerVirtual1','192.168.0.200','playerVirtual9','playerVirtual9_da98584fe9',1,1,2,4096,40,'2018-04-15 16:06:45',NULL),(119,'192.168.0.200','playerVirtual24_990694203','playerVirtual24','192.168.0.200','playerVirtual35','playerVirtual35_2c63e74c9f',2,1,1,2048,20,'2018-04-15 16:10:00','2018-04-15 16:10:19'),(120,'192.168.0.200','playerVirtual3_990694203','playerVirtual3','192.168.0.200','playerVirtual4','playerVirtual4_c19c515797',1,1,1,2048,20,'2018-04-15 16:10:26',NULL),(121,'192.168.0.200','playerVirtual31_4246147567','playerVirtual31','192.168.0.200','playerVirtual36','playerVirtual36_c5e5775b2c',2,1,2,4096,40,'2018-04-15 16:18:47','2018-04-15 16:19:41'),(122,'192.168.0.200','playerVirtual4_4246147567','playerVirtual4','192.168.0.200','playerVirtual37','playerVirtual37_3b55e7c7ed',2,1,2,4096,40,'2018-04-15 16:21:53','2018-04-15 16:22:49'),(123,'192.168.0.200','playerVirtual6_4246147567','playerVirtual6','192.168.0.200','playerVirtual38','playerVirtual38_8da3cceb87',2,1,2,4096,40,'2018-04-15 16:25:05','2018-04-15 16:25:57'),(124,'192.168.0.200','playerVirtual8_4820318661','playerVirtual8','192.168.0.200','playerVirtual31','playerVirtual31_a289d0e0fb',2,1,2,4096,40,'2018-04-15 16:25:36','2018-04-15 16:25:58');
/*!40000 ALTER TABLE `VM` ENABLE KEYS */;
UNLOCK TABLES;
/*!40103 SET TIME_ZONE=@OLD_TIME_ZONE */;

/*!40101 SET SQL_MODE=@OLD_SQL_MODE */;
/*!40014 SET FOREIGN_KEY_CHECKS=@OLD_FOREIGN_KEY_CHECKS */;
/*!40014 SET UNIQUE_CHECKS=@OLD_UNIQUE_CHECKS */;
/*!40101 SET CHARACTER_SET_CLIENT=@OLD_CHARACTER_SET_CLIENT */;
/*!40101 SET CHARACTER_SET_RESULTS=@OLD_CHARACTER_SET_RESULTS */;
/*!40101 SET COLLATION_CONNECTION=@OLD_COLLATION_CONNECTION */;
/*!40111 SET SQL_NOTES=@OLD_SQL_NOTES */;

-- Dump completed on 2018-04-15 13:26:02
