-- MySQL dump 10.14  Distrib 5.5.58-MariaDB, for debian-linux-gnu (x86_64)
--
-- Host: localhost    Database: mct
-- ------------------------------------------------------
-- Server version	5.5.58-MariaDB-1ubuntu0.14.04.1

/*!40101 SET @OLD_CHARACTER_SET_CLIENT=@@CHARACTER_SET_CLIENT */;
/*!40101 SET @OLD_CHARACTER_SET_RESULTS=@@CHARACTER_SET_RESULTS */;
/*!40101 SET @OLD_COLLATION_CONNECTION=@@COLLATION_CONNECTION */;
/*!40101 SET NAMES utf8 */;
/*!40103 SET @OLD_TIME_ZONE=@@TIME_ZONE */;
/*!40103 SET TIME_ZONE='+00:00' */;
/*!40014 SET @OLD_UNIQUE_CHECKS=@@UNIQUE_CHECKS, UNIQUE_CHECKS=0 */;
/*!40014 SET @OLD_FOREIGN_KEY_CHECKS=@@FOREIGN_KEY_CHECKS, FOREIGN_KEY_CHECKS=0 */;
/*!40101 SET @OLD_SQL_MODE=@@SQL_MODE, SQL_MODE='NO_AUTO_VALUE_ON_ZERO' */;
/*!40111 SET @OLD_SQL_NOTES=@@SQL_NOTES, SQL_NOTES=0 */;

--
-- Table structure for table `DIVISION`
--

DROP TABLE IF EXISTS `DIVISION`;
/*!40101 SET @saved_cs_client     = @@character_set_client */;
/*!40101 SET character_set_client = utf8 */;
CREATE TABLE `DIVISION` (
  `division` int(11) NOT NULL,
  `wo` tinyint(1) DEFAULT '0',
  PRIMARY KEY (`division`)
) ENGINE=InnoDB DEFAULT CHARSET=utf8;
/*!40101 SET character_set_client = @saved_cs_client */;

--
-- Dumping data for table `DIVISION`
--

LOCK TABLES `DIVISION` WRITE;
/*!40000 ALTER TABLE `DIVISION` DISABLE KEYS */;
/*!40000 ALTER TABLE `DIVISION` ENABLE KEYS */;
UNLOCK TABLES;

--
-- Table structure for table `FIELDS`
--

DROP TABLE IF EXISTS `FIELDS`;
/*!40101 SET @saved_cs_client     = @@character_set_client */;
/*!40101 SET character_set_client = utf8 */;
CREATE TABLE `FIELDS` (
  `operation` int(11) NOT NULL,
  `fields` varchar(45) NOT NULL,
  PRIMARY KEY (`operation`)
) ENGINE=InnoDB DEFAULT CHARSET=utf8;
/*!40101 SET character_set_client = @saved_cs_client */;

--
-- Dumping data for table `FIELDS`
--

LOCK TABLES `FIELDS` WRITE;
/*!40000 ALTER TABLE `FIELDS` DISABLE KEYS */;
INSERT INTO `FIELDS` VALUES (0,'name mem image vcpus disk uuid');
/*!40000 ALTER TABLE `FIELDS` ENABLE KEYS */;
UNLOCK TABLES;

--
-- Table structure for table `PLAYER`
--

DROP TABLE IF EXISTS `PLAYER`;
/*!40101 SET @saved_cs_client     = @@character_set_client */;
/*!40101 SET character_set_client = utf8 */;
CREATE TABLE `PLAYER` (
  `id` int(11) NOT NULL AUTO_INCREMENT,
  `name` varchar(45) NOT NULL,
  `address` varchar(45) NOT NULL,
  `division` int(11) DEFAULT NULL,
  `score` double DEFAULT '0',
  `history` int(11) DEFAULT '0',
  `fairness` double DEFAULT '0',
  `accepts` int(11) DEFAULT '0',
  `rejects` int(11) DEFAULT '0',
  `running` int(11) DEFAULT '0',
  `finished` int(11) DEFAULT '0',
  `problem_del` int(11) DEFAULT '0',
  `vcpus` int(11) DEFAULT '0',
  `memory` bigint(20) DEFAULT '0',
  `local_gb` bigint(20) DEFAULT '0',
  `vcpus_used` bigint(20) DEFAULT '0',
  `memory_used` bigint(20) DEFAULT '0',
  `local_gb_used` bigint(20) DEFAULT '0',
  `max_instance` int(11) DEFAULT '0',
  `token` varchar(45) DEFAULT NULL,
  `suspend` timestamp NULL DEFAULT NULL,
  `enabled` int(11) DEFAULT '0',
  `last_choice` timestamp NOT NULL DEFAULT '2018-01-01 02:00:00',
  `playoff` tinyint(1) DEFAULT '0',
  `cushion` tinyint(1) DEFAULT '0',
  PRIMARY KEY (`id`)
) ENGINE=InnoDB AUTO_INCREMENT=40 DEFAULT CHARSET=utf8;
/*!40101 SET character_set_client = @saved_cs_client */;

--
-- Dumping data for table `PLAYER`
--

LOCK TABLES `PLAYER` WRITE;
/*!40000 ALTER TABLE `PLAYER` DISABLE KEYS */;
INSERT INTO `PLAYER` VALUES (1,'playerVirtual4','192.168.0.200',1,14.94,30,0.8333,9,0,4,5,0,1023,1047552,10230,4,5120,42,6,'1bac1530647a33aac503a820ead74ffcc916fc63',NULL,1,'2018-04-15 04:03:18',0,0),(2,'playerVirtual1','192.168.0.200',1,18.26,30,0.9091,11,0,7,4,0,1023,1047552,10230,8,13312,122,9,'f39b093f43d300c8664bab79f73dac35152d74f3',NULL,1,'2018-04-15 04:08:28',0,0),(3,'playerVirtual8','192.168.0.200',2,4.98,30,0.5455,3,0,1,2,0,1023,1047552,10230,1,2048,20,1,'cea3034705004d048b851f52799c4a8cc21e8a38',NULL,1,'2018-04-15 03:01:51',0,0),(4,'playerVirtual2','192.168.0.200',1,9.96,30,0.5833,6,0,4,2,0,1023,1047552,10230,4,6656,61,4,'9a8b0c1a4d8a8d18a5eef7ab246b01310bfc0c57',NULL,1,'2018-04-15 03:15:11',0,0),(5,'playerVirtual3','192.168.0.200',1,11.62,29,1,7,0,6,1,0,1023,1047552,10230,8,14848,141,6,'d5ef435bd45322db35d93d66e67cfb3c02e6022b',NULL,1,'2018-04-15 02:37:34',0,0),(6,'playerVirtual5','192.168.0.200',1,14.94,29,0.8182,9,0,5,4,0,1023,1047552,10230,6,7680,63,6,'49d84a52ef39f0d69556740023b4ee0949ead30f',NULL,1,'2018-04-15 03:52:47',0,0),(7,'playerVirtual7','192.168.0.200',1,11.62,29,0.9,7,0,5,2,0,1023,1047552,10230,7,11264,102,6,'a5d703c8b4f1566ca9684028b1fb7b9a5dceb317',NULL,1,'2018-04-15 02:33:09',0,0),(8,'playerVirtual6','192.168.0.200',2,4.98,30,0.5385,3,0,2,1,0,1023,1047552,10230,4,8192,80,2,'8cbfc7fd4192c9ac8026930b65cba8d567a9e043',NULL,1,'2018-04-15 04:18:24',0,0),(9,'playerVirtual0','192.168.0.200',2,6.64,30,0.6667,4,0,4,0,0,1023,1047552,10230,6,12288,120,4,'706c49f862d811a264f6cb0ae43ab543f5ab7855',NULL,1,'2018-04-15 02:18:34',0,0),(10,'playerVirtual9','192.168.0.200',1,13.28,29,0.8182,8,0,2,6,0,1023,1047552,10230,2,1024,2,5,'28f854e3ab0b4ff3a1893b92bff6645b01ef6beb',NULL,1,'2018-04-15 03:48:23',0,0),(11,'playerVirtual10','192.168.0.200',4,-2.38,0,0.4444,14,0,2,12,0,1023,1047552,10230,2,2560,21,99,'5dbb3b6681ac7304ecc3bee0390fadcc42e8316c',NULL,0,'2018-04-15 03:36:33',1,0),(12,'playerVirtual11','192.168.0.200',4,-3.36,0,0.25,9,0,4,5,0,1023,1047552,10230,4,5120,42,99,'afe2f041a85916b05bbe6648cc4df5ee133714fb',NULL,0,'2018-04-15 02:41:06',1,0),(13,'playerVirtual12','192.168.0.200',4,-4.34,0,0,4,0,0,4,0,1023,1047552,10230,0,0,0,99,'c36a94e43014f51e23bd3f3b316dea2bbe8a1e00',NULL,0,'2018-04-15 02:29:44',1,0),(14,'playerVirtual13','192.168.0.200',4,-2.68,0,0.5,5,0,1,4,0,1023,1047552,10230,1,2048,20,99,'726df30c1ff931a5b500795dab4490359f6d4352',NULL,0,'2018-04-15 02:41:32',1,0),(15,'playerVirtual14','192.168.0.200',4,-4.34,0,0,4,0,0,4,0,1023,1047552,10230,0,0,0,99,'d04d067c0e55ce47fe8f3fb817d0f60efae9b834',NULL,0,'2018-04-15 02:43:38',1,0),(16,'playerVirtual15','192.168.0.200',4,-4.68,0,0,6,0,1,5,0,1023,1047552,10230,1,2048,20,99,'cadde27f789f202a8f4a2ef0c2a20585fb44ed0b',NULL,0,'2018-04-15 03:37:03',1,0),(17,'playerVirtual16','192.168.0.200',4,-2.34,0,0,3,0,0,3,0,1023,1047552,10230,0,0,0,99,'1bb08c71817a0979841412a060570cbc7a8031b8',NULL,0,'2018-04-15 03:13:24',1,0),(18,'playerVirtual17','192.168.0.200',4,-2,0,0,1,0,0,1,0,1023,1047552,10230,0,0,0,99,'4b8d69ef162f28c26556653f73c057911fd979c2',NULL,0,'2018-04-15 02:49:31',1,0),(19,'playerVirtual18','192.168.0.200',4,-2,0,0,1,0,0,1,0,1023,1047552,10230,0,0,0,99,'acfb2797700f500650f2a792cd76180beb05ebc9',NULL,0,'2018-04-15 02:55:39',1,0),(20,'playerVirtual19','192.168.0.200',4,-2,0,0,1,0,0,1,0,1023,1047552,10230,0,0,0,99,'668a77a6a0f8ff76d024fd96cc0ed92fb9974e57',NULL,0,'2018-04-15 02:58:45',1,0),(21,'playerVirtual20','192.168.0.200',4,-2,0,0,1,0,0,1,0,1023,1047552,10230,0,0,0,99,'47a20beeb5c489b8a87cd0afda91e9cd883535ad',NULL,0,'2018-04-15 03:04:20',1,0),(22,'playerVirtual21','192.168.0.200',4,-2,0,0,1,0,0,1,0,1023,1047552,10230,0,0,0,99,'193da742816284fa09f89d76078b71eaff2d0cdc',NULL,0,'2018-04-15 03:09:25',1,0),(23,'playerVirtual22','192.168.0.200',4,-2.34,0,0.3333,3,0,0,3,0,1023,1047552,10230,0,0,0,99,'35b05c478ba6505ae13bee42ad4ef7daf16c047a',NULL,0,'2018-04-15 04:01:47',1,0),(24,'playerVirtual23','192.168.0.200',4,-2,0,0,1,0,0,1,0,1023,1047552,10230,0,0,0,99,'6005df813a3e5e185b0e9d21ec56ef77ad11774e',NULL,0,'2018-04-15 03:19:31',1,0),(25,'playerVirtual24','192.168.0.200',4,-2,0,0,1,0,0,1,0,1023,1047552,10230,0,0,0,99,'0b6bdfdbcf7870ba5c6dd877af9887c315a79ef1',NULL,0,'2018-04-15 03:25:16',1,0),(26,'playerVirtual25','192.168.0.200',4,-2,0,0,1,0,0,1,0,1023,1047552,10230,0,0,0,99,'9376001b61ec95f974cbf00a2638e6cdd9b87bb3',NULL,0,'2018-04-15 03:30:17',1,0),(27,'playerVirtual26','192.168.0.200',4,-0.34,0,0,2,0,1,1,0,1023,1047552,10230,2,4096,40,99,'25612dd8b67403d9c0e70a6ccab85bc45a948617',NULL,0,'2018-04-15 04:01:18',1,0),(28,'playerVirtual27','192.168.0.200',4,-2,0,0,1,0,0,1,0,1023,1047552,10230,0,0,0,99,'5df5d0ace831a34ab1404a4ae052d0f483c8407b',NULL,0,'2018-04-15 03:41:58',1,0),(29,'playerVirtual28','192.168.0.200',4,-2,0,0,1,0,0,1,0,1023,1047552,10230,0,0,0,99,'d0ad78843cc07cb771e0be95dfe000f6c346ac7e',NULL,0,'2018-04-15 03:47:21',1,0),(30,'playerVirtual29','192.168.0.200',4,-2,0,0,1,0,0,1,0,1023,1047552,10230,0,0,0,99,'9f41c01a343fd055889fb059d6a0e80f27f37c99',NULL,0,'2018-04-15 03:49:04',1,0),(31,'playerVirtual30','192.168.0.200',4,-2,0,0,1,0,0,1,0,1023,1047552,10230,0,0,0,99,'348b34d07971fe9969467f287c66d8c7c25d1c73',NULL,0,'2018-04-15 03:56:44',1,0),(32,'playerVirtual31','192.168.0.200',3,-0.34,0,1,2,0,0,2,0,1023,1047552,10230,0,0,0,99,'458df3cb373f9fc7db136d07dfe802ff31f4a248',NULL,1,'2018-04-15 04:16:08',1,0),(33,'playerVirtual32','192.168.0.200',4,-2,0,0,1,0,0,1,0,1023,1047552,10230,0,0,0,99,'74325c740a6f926dbdca9f80baf1cecff94ff640',NULL,0,'2018-04-15 04:07:49',1,0),(34,'playerVirtual33','192.168.0.200',3,1.66,5,0,2,0,1,1,0,1023,1047552,10230,2,4096,40,99,'bffd8db9540682e88511cb169e5a8c80982c7024',NULL,1,'2018-04-15 04:37:16',0,0),(35,'playerVirtual34','192.168.0.200',3,1.66,4,0,1,0,1,0,0,1023,1047552,10230,2,4096,40,99,'648d64e34655f7683ff69b2c3f28793b4c6833de',NULL,1,'2018-04-15 04:14:58',0,0),(36,'playerVirtual35','192.168.0.200',3,-2,0,0,1,0,0,1,0,1023,1047552,10230,0,0,0,99,'75601fb79409d765a9788f30a34216a84f6e1728',NULL,1,'2018-04-15 04:22:04',1,0),(37,'playerVirtual36','192.168.0.200',3,1.66,2,0,1,0,0,1,0,1023,1047552,10230,0,0,0,99,'ea0642fabaac8e64006dae64789737a1f5a7e3f8',NULL,1,'2018-04-15 04:30:28',0,0),(38,'playerVirtual37','192.168.0.200',3,0,1,0,1,0,1,0,0,1023,1047552,10230,2,4096,40,99,'7ca41ac19862c88a576b2fdf3ee3ad8058533abb',NULL,1,'2018-04-15 04:33:33',0,0),(39,'playerVirtual38','192.168.0.200',3,0,0,0,1,0,1,0,0,1023,1047552,10230,2,4096,40,99,'d28267d2aebf69986485a5992618bb8b5485ef49',NULL,1,'2018-04-15 04:36:44',0,0);
/*!40000 ALTER TABLE `PLAYER` ENABLE KEYS */;
UNLOCK TABLES;

--
-- Table structure for table `REQUEST`
--

DROP TABLE IF EXISTS `REQUEST`;
/*!40101 SET @saved_cs_client     = @@character_set_client */;
/*!40101 SET character_set_client = utf8 */;
CREATE TABLE `REQUEST` (
  `id` int(11) NOT NULL AUTO_INCREMENT,
  `player_id` varchar(45) NOT NULL,
  `request_id` varchar(45) NOT NULL,
  `action` int(11) NOT NULL,
  `timestamp_received` timestamp NULL DEFAULT NULL,
  `timestamp_finished` timestamp NULL DEFAULT NULL,
  `status` int(11) NOT NULL,
  PRIMARY KEY (`id`)
) ENGINE=InnoDB AUTO_INCREMENT=595 DEFAULT CHARSET=utf8;
/*!40101 SET character_set_client = @saved_cs_client */;

--
-- Dumping data for table `REQUEST`
--

LOCK TABLES `REQUEST` WRITE;
/*!40000 ALTER TABLE `REQUEST` DISABLE KEYS */;
INSERT INTO `REQUEST` VALUES (1,'playerVirtual4','playerVirtual4_0ebf409e5e',4,'2018-04-15 02:08:38',NULL,0),(2,'playerVirtual1','playerVirtual1_a9495efa98',4,'2018-04-15 02:08:38',NULL,0),(3,'playerVirtual8','playerVirtual8_aa91eeb4f1',4,'2018-04-15 02:08:38',NULL,0),(4,'playerVirtual2','playerVirtual2_e71a40ba0b',4,'2018-04-15 02:08:38',NULL,0),(5,'playerVirtual3','playerVirtual3_a939abe310',4,'2018-04-15 02:08:38',NULL,0),(6,'playerVirtual5','playerVirtual5_66c17a4bb3',4,'2018-04-15 02:08:39',NULL,0),(7,'playerVirtual7','playerVirtual7_3a9fa2d1ab',4,'2018-04-15 02:08:39',NULL,0),(8,'playerVirtual6','playerVirtual6_ff5c1c261c',4,'2018-04-15 02:08:39',NULL,0),(9,'playerVirtual0','playerVirtual0_6416837eb0',4,'2018-04-15 02:08:39',NULL,0),(10,'playerVirtual9','playerVirtual9_9013360130',4,'2018-04-15 02:08:39',NULL,0),(11,'playerVirtual4','playerVirtual4_450512000',0,'2018-04-15 02:09:39',NULL,0),(12,'playerVirtual4','playerVirtual4_450512000',0,'2018-04-15 02:09:39',NULL,0),(13,'playerVirtual1','playerVirtual1_1438244924',0,'2018-04-15 02:09:41',NULL,0),(14,'playerVirtual1','playerVirtual1_1438244924',0,'2018-04-15 02:09:42',NULL,0),(15,'playerVirtual8','playerVirtual8_640692267',0,'2018-04-15 02:09:44',NULL,0),(16,'playerVirtual8','playerVirtual8_640692267',0,'2018-04-15 02:09:45',NULL,0),(17,'playerVirtual2','playerVirtual2_2381571381',0,'2018-04-15 02:09:45',NULL,0),(18,'playerVirtual2','playerVirtual2_2381571381',0,'2018-04-15 02:09:46',NULL,0),(19,'playerVirtual3','playerVirtual3_5297461910',0,'2018-04-15 02:09:47',NULL,0),(20,'playerVirtual3','playerVirtual3_5297461910',0,'2018-04-15 02:09:47',NULL,0),(21,'playerVirtual5','playerVirtual5_2790332778',0,'2018-04-15 02:09:50',NULL,0),(22,'playerVirtual5','playerVirtual5_2790332778',0,'2018-04-15 02:09:50',NULL,0),(23,'playerVirtual7','playerVirtual7_369721705',0,'2018-04-15 02:09:51',NULL,0),(24,'playerVirtual6','playerVirtual6_317469422',0,'2018-04-15 02:09:51',NULL,0),(25,'playerVirtual7','playerVirtual7_369721705',0,'2018-04-15 02:09:51',NULL,0),(26,'playerVirtual0','playerVirtual0_6955737',0,'2018-04-15 02:09:51',NULL,0),(27,'playerVirtual6','playerVirtual6_317469422',0,'2018-04-15 02:09:52',NULL,0),(28,'playerVirtual0','playerVirtual0_6955737',0,'2018-04-15 02:09:52',NULL,0),(29,'playerVirtual9','playerVirtual9_257338104',0,'2018-04-15 02:09:52',NULL,0),(30,'playerVirtual9','playerVirtual9_257338104',0,'2018-04-15 02:09:53',NULL,0),(31,'playerVirtual4','playerVirtual4_15665bd22d',3,'2018-04-15 02:10:39',NULL,0),(32,'playerVirtual1','playerVirtual1_c7c293b989',3,'2018-04-15 02:10:41',NULL,0),(33,'playerVirtual8','playerVirtual8_8ff756af7c',3,'2018-04-15 02:10:45',NULL,0),(34,'playerVirtual2','playerVirtual2_58c1a6f871',3,'2018-04-15 02:10:46',NULL,0),(35,'playerVirtual3','playerVirtual3_f5e8f0062d',3,'2018-04-15 02:10:47',NULL,0),(36,'playerVirtual5','playerVirtual5_5833649b27',3,'2018-04-15 02:10:50',NULL,0),(37,'playerVirtual7','playerVirtual7_ecc9233510',3,'2018-04-15 02:10:51',NULL,0),(38,'playerVirtual6','playerVirtual6_83f6221edb',3,'2018-04-15 02:10:51',NULL,0),(39,'playerVirtual0','playerVirtual0_a4170e69e6',3,'2018-04-15 02:10:51',NULL,0),(40,'playerVirtual9','playerVirtual9_50494e0aeb',3,'2018-04-15 02:10:52',NULL,0),(41,'playerVirtual4','playerVirtual4_3584940347',0,'2018-04-15 02:11:52',NULL,0),(42,'playerVirtual1','playerVirtual1_2433236783',0,'2018-04-15 02:11:52',NULL,0),(43,'playerVirtual4','playerVirtual4_3584940347',0,'2018-04-15 02:11:52',NULL,0),(44,'playerVirtual1','playerVirtual1_2433236783',0,'2018-04-15 02:11:52',NULL,0),(45,'playerVirtual8','playerVirtual8_3338579772',0,'2018-04-15 02:11:53',NULL,0),(46,'playerVirtual2','playerVirtual2_257407216',0,'2018-04-15 02:11:53',NULL,0),(47,'playerVirtual8','playerVirtual8_3338579772',0,'2018-04-15 02:11:53',NULL,0),(48,'playerVirtual2','playerVirtual2_257407216',0,'2018-04-15 02:11:53',NULL,0),(49,'playerVirtual3','playerVirtual3_182859403',0,'2018-04-15 02:12:00',NULL,0),(50,'playerVirtual3','playerVirtual3_182859403',0,'2018-04-15 02:12:00',NULL,0),(51,'playerVirtual5','playerVirtual5_2359368952',0,'2018-04-15 02:12:03',NULL,0),(52,'playerVirtual5','playerVirtual5_2359368952',0,'2018-04-15 02:12:03',NULL,0),(53,'playerVirtual7','playerVirtual7_16917741',0,'2018-04-15 02:12:06',NULL,0),(54,'playerVirtual7','playerVirtual7_16917741',0,'2018-04-15 02:12:07',NULL,0),(55,'playerVirtual6','playerVirtual6_2545640208',0,'2018-04-15 02:12:15',NULL,0),(56,'playerVirtual6','playerVirtual6_2545640208',0,'2018-04-15 02:12:16',NULL,0),(57,'playerVirtual0','playerVirtual0_908315',0,'2018-04-15 02:12:17',NULL,0),(58,'playerVirtual0','playerVirtual0_908315',0,'2018-04-15 02:12:17',NULL,0),(59,'playerVirtual9','playerVirtual9_539194189',0,'2018-04-15 02:12:25',NULL,0),(60,'playerVirtual9','playerVirtual9_539194189',0,'2018-04-15 02:12:25',NULL,0),(61,'playerVirtual4','playerVirtual4_0f2119da29',4,'2018-04-15 02:12:52',NULL,0),(62,'playerVirtual1','playerVirtual1_ed577c607c',4,'2018-04-15 02:12:52',NULL,0),(63,'playerVirtual8','playerVirtual8_15cfcddd7d',4,'2018-04-15 02:12:53',NULL,0),(64,'playerVirtual2','playerVirtual2_a88f978e37',4,'2018-04-15 02:12:53',NULL,0),(65,'playerVirtual3','playerVirtual3_eb0472fb47',4,'2018-04-15 02:13:00',NULL,0),(66,'playerVirtual5','playerVirtual5_00e540a301',4,'2018-04-15 02:13:03',NULL,0),(67,'playerVirtual7','playerVirtual7_1651a56660',4,'2018-04-15 02:13:06',NULL,0),(68,'playerVirtual6','playerVirtual6_424dfc3338',4,'2018-04-15 02:13:16',NULL,0),(69,'playerVirtual0','playerVirtual0_b7f91574fa',4,'2018-04-15 02:13:17',NULL,0),(70,'playerVirtual9','playerVirtual9_adf4ecca2f',4,'2018-04-15 02:13:25',NULL,0),(71,'playerVirtual10','playerVirtual10_7c9b2affec',4,'2018-04-15 02:13:44',NULL,0),(72,'playerVirtual4','playerVirtual4_4820204870',0,'2018-04-15 02:15:06',NULL,0),(73,'playerVirtual4','playerVirtual4_4820204870',0,'2018-04-15 02:15:06',NULL,0),(74,'playerVirtual1','playerVirtual1_8058564',0,'2018-04-15 02:15:58',NULL,0),(75,'playerVirtual1','playerVirtual1_8058564',0,'2018-04-15 02:15:58',NULL,0),(76,'playerVirtual8','playerVirtual8_1429160667',0,'2018-04-15 02:16:02',NULL,0),(77,'playerVirtual8','playerVirtual8_1429160667',0,'2018-04-15 02:16:03',NULL,0),(78,'playerVirtual2','playerVirtual2_3338010893',0,'2018-04-15 02:16:04',NULL,0),(79,'playerVirtual2','playerVirtual2_3338010893',0,'2018-04-15 02:16:05',NULL,0),(80,'playerVirtual4','playerVirtual4_e0a81de4c5',3,'2018-04-15 02:16:06',NULL,0),(81,'playerVirtual3','playerVirtual3_82730999',0,'2018-04-15 02:16:10',NULL,0),(82,'playerVirtual3','playerVirtual3_82730999',0,'2018-04-15 02:16:10',NULL,0),(83,'playerVirtual5','playerVirtual5_351652724',0,'2018-04-15 02:16:15',NULL,0),(84,'playerVirtual5','playerVirtual5_351652724',0,'2018-04-15 02:16:15',NULL,0),(85,'playerVirtual7','playerVirtual7_6571218',0,'2018-04-15 02:16:16',NULL,0),(86,'playerVirtual7','playerVirtual7_6571218',0,'2018-04-15 02:16:16',NULL,0),(87,'playerVirtual6','playerVirtual6_778566023',0,'2018-04-15 02:16:18',NULL,0),(88,'playerVirtual6','playerVirtual6_778566023',0,'2018-04-15 02:16:18',NULL,0),(89,'playerVirtual0','playerVirtual0_1436344784',0,'2018-04-15 02:16:22',NULL,0),(90,'playerVirtual0','playerVirtual0_1436344784',0,'2018-04-15 02:16:22',NULL,0),(91,'playerVirtual9','playerVirtual9_1339662',0,'2018-04-15 02:16:24',NULL,0),(92,'playerVirtual9','playerVirtual9_1339662',0,'2018-04-15 02:16:25',NULL,0),(93,'playerVirtual1','playerVirtual1_ad784050c5',3,'2018-04-15 02:16:58',NULL,0),(94,'playerVirtual8','playerVirtual8_1a03af4d22',3,'2018-04-15 02:17:02',NULL,0),(95,'playerVirtual2','playerVirtual2_5803fb06fd',3,'2018-04-15 02:17:05',NULL,0),(96,'playerVirtual3','playerVirtual3_1a7fc9795e',3,'2018-04-15 02:17:10',NULL,0),(97,'playerVirtual5','playerVirtual5_a5ce70b5ad',3,'2018-04-15 02:17:15',NULL,0),(98,'playerVirtual7','playerVirtual7_645772dc3b',3,'2018-04-15 02:17:16',NULL,0),(99,'playerVirtual10','playerVirtual10_317497342',0,'2018-04-15 02:17:17',NULL,0),(100,'playerVirtual10','playerVirtual10_317497342',0,'2018-04-15 02:17:17',NULL,0),(101,'playerVirtual6','playerVirtual6_cf13bffabb',3,'2018-04-15 02:17:18',NULL,0),(102,'playerVirtual0','playerVirtual0_244d35e8d6',3,'2018-04-15 02:17:22',NULL,0),(103,'playerVirtual9','playerVirtual9_63ea6212b5',3,'2018-04-15 02:17:24',NULL,0),(104,'playerVirtual10','playerVirtual10_736461d647',3,'2018-04-15 02:18:17',NULL,0),(105,'playerVirtual4','playerVirtual4_284794223',0,'2018-04-15 02:18:24',NULL,0),(106,'playerVirtual1','playerVirtual1_359920779',0,'2018-04-15 02:18:25',NULL,0),(107,'playerVirtual4','playerVirtual4_284794223',0,'2018-04-15 02:18:25',NULL,0),(108,'playerVirtual1','playerVirtual1_359920779',0,'2018-04-15 02:18:25',NULL,0),(109,'playerVirtual8','playerVirtual8_904011',0,'2018-04-15 02:18:26',NULL,0),(110,'playerVirtual8','playerVirtual8_904011',0,'2018-04-15 02:18:26',NULL,0),(111,'playerVirtual2','playerVirtual2_2904109077',0,'2018-04-15 02:18:27',NULL,0),(112,'playerVirtual2','playerVirtual2_2904109077',0,'2018-04-15 02:18:27',NULL,0),(113,'playerVirtual3','playerVirtual3_257338074',0,'2018-04-15 02:18:34',NULL,0),(114,'playerVirtual3','playerVirtual3_257338074',0,'2018-04-15 02:18:34',NULL,0),(115,'playerVirtual5','playerVirtual5_905614',0,'2018-04-15 02:18:39',NULL,0),(116,'playerVirtual5','playerVirtual5_905614',0,'2018-04-15 02:18:41',NULL,0),(117,'playerVirtual7','playerVirtual7_1093460',0,'2018-04-15 02:18:42',NULL,0),(118,'playerVirtual11','playerVirtual11_32150bf30a',4,'2018-04-15 02:18:42',NULL,0),(119,'playerVirtual7','playerVirtual7_1093460',0,'2018-04-15 02:18:43',NULL,0),(120,'playerVirtual6','playerVirtual6_6569547',0,'2018-04-15 02:18:51',NULL,0),(121,'playerVirtual6','playerVirtual6_6569547',0,'2018-04-15 02:18:52',NULL,0),(122,'playerVirtual0','playerVirtual0_470485660',0,'2018-04-15 02:18:54',NULL,0),(123,'playerVirtual0','playerVirtual0_470485660',0,'2018-04-15 02:18:54',NULL,0),(124,'playerVirtual9','playerVirtual9_30788568',0,'2018-04-15 02:19:05',NULL,0),(125,'playerVirtual9','playerVirtual9_30788568',0,'2018-04-15 02:19:05',NULL,0),(126,'playerVirtual4','playerVirtual4_ec2b99624c',4,'2018-04-15 02:19:25',NULL,0),(127,'playerVirtual1','playerVirtual1_23d87a4c21',4,'2018-04-15 02:19:25',NULL,0),(128,'playerVirtual10','playerVirtual10_5792765',0,'2018-04-15 02:19:25',NULL,0),(129,'playerVirtual10','playerVirtual10_5792765',0,'2018-04-15 02:19:26',NULL,0),(130,'playerVirtual8','playerVirtual8_58899672ee',4,'2018-04-15 02:19:26',NULL,0),(131,'playerVirtual2','playerVirtual2_3ea64af50d',4,'2018-04-15 02:19:27',NULL,0),(132,'playerVirtual3','playerVirtual3_783ae6dfa4',4,'2018-04-15 02:19:34',NULL,0),(133,'playerVirtual5','playerVirtual5_cced249e08',4,'2018-04-15 02:19:38',NULL,0),(134,'playerVirtual7','playerVirtual7_6b3b642088',4,'2018-04-15 02:19:43',NULL,0),(135,'playerVirtual6','playerVirtual6_fad3e02063',4,'2018-04-15 02:19:52',NULL,0),(136,'playerVirtual0','playerVirtual0_94a8eaffb6',4,'2018-04-15 02:19:54',NULL,0),(137,'playerVirtual9','playerVirtual9_a0cb5b50d5',4,'2018-04-15 02:20:05',NULL,0),(138,'playerVirtual10','playerVirtual10_6e4840b25c',4,'2018-04-15 02:20:25',NULL,0),(139,'playerVirtual4','playerVirtual4_400453824',0,'2018-04-15 02:21:54',NULL,0),(140,'playerVirtual4','playerVirtual4_400453824',0,'2018-04-15 02:21:54',NULL,0),(141,'playerVirtual11','playerVirtual11_38671842',0,'2018-04-15 02:22:29',NULL,0),(142,'playerVirtual11','playerVirtual11_38671842',0,'2018-04-15 02:22:29',NULL,0),(143,'playerVirtual4','playerVirtual4_0e21084790',3,'2018-04-15 02:22:54',NULL,0),(144,'playerVirtual1','playerVirtual1_4820318661',0,'2018-04-15 02:22:54',NULL,0),(145,'playerVirtual1','playerVirtual1_4820318661',0,'2018-04-15 02:22:55',NULL,0),(146,'playerVirtual8','playerVirtual8_4819935267',0,'2018-04-15 02:22:59',NULL,0),(147,'playerVirtual8','playerVirtual8_4819935267',0,'2018-04-15 02:23:00',NULL,0),(148,'playerVirtual2','playerVirtual2_4820217293',0,'2018-04-15 02:23:05',NULL,0),(149,'playerVirtual2','playerVirtual2_4820217293',0,'2018-04-15 02:23:05',NULL,0),(150,'playerVirtual3','playerVirtual3_6264344062',0,'2018-04-15 02:23:10',NULL,0),(151,'playerVirtual3','playerVirtual3_6264344062',0,'2018-04-15 02:23:10',NULL,0),(152,'playerVirtual5','playerVirtual5_2378747961',0,'2018-04-15 02:23:25',NULL,0),(153,'playerVirtual5','playerVirtual5_2378747961',0,'2018-04-15 02:23:25',NULL,0),(154,'playerVirtual11','playerVirtual11_4ecf612831',3,'2018-04-15 02:23:29',NULL,0),(155,'playerVirtual7','playerVirtual7_5068098508',0,'2018-04-15 02:23:30',NULL,0),(156,'playerVirtual7','playerVirtual7_5068098508',0,'2018-04-15 02:23:30',NULL,0),(157,'playerVirtual12','playerVirtual12_626b202810',4,'2018-04-15 02:23:43',NULL,0),(158,'playerVirtual1','playerVirtual1_bc78a43d7a',3,'2018-04-15 02:23:54',NULL,0),(159,'playerVirtual8','playerVirtual8_462cb98da9',3,'2018-04-15 02:23:59',NULL,0),(160,'playerVirtual2','playerVirtual2_e685216f4a',3,'2018-04-15 02:24:05',NULL,0),(161,'playerVirtual3','playerVirtual3_cfe4b7b65d',3,'2018-04-15 02:24:10',NULL,0),(162,'playerVirtual5','playerVirtual5_885398cc03',3,'2018-04-15 02:24:25',NULL,0),(163,'playerVirtual7','playerVirtual7_14562ed568',3,'2018-04-15 02:24:30',NULL,0),(164,'playerVirtual6','playerVirtual6_227443932',0,'2018-04-15 02:24:46',NULL,0),(165,'playerVirtual6','playerVirtual6_227443932',0,'2018-04-15 02:24:46',NULL,0),(166,'playerVirtual0','playerVirtual0_1095593',0,'2018-04-15 02:24:50',NULL,0),(167,'playerVirtual0','playerVirtual0_1095593',0,'2018-04-15 02:24:50',NULL,0),(168,'playerVirtual9','playerVirtual9_2148750930',0,'2018-04-15 02:24:58',NULL,0),(169,'playerVirtual9','playerVirtual9_2148750930',0,'2018-04-15 02:24:58',NULL,0),(170,'playerVirtual6','playerVirtual6_535454f15e',3,'2018-04-15 02:25:46',NULL,0),(171,'playerVirtual0','playerVirtual0_3bdb2f2f45',3,'2018-04-15 02:25:50',NULL,0),(172,'playerVirtual10','playerVirtual10_563574327',0,'2018-04-15 02:25:53',NULL,0),(173,'playerVirtual10','playerVirtual10_563574327',0,'2018-04-15 02:25:54',NULL,0),(174,'playerVirtual9','playerVirtual9_101c46a191',3,'2018-04-15 02:26:00',NULL,0),(175,'playerVirtual11','playerVirtual11_16915963',0,'2018-04-15 02:26:24',NULL,0),(176,'playerVirtual11','playerVirtual11_16915963',0,'2018-04-15 02:26:24',NULL,0),(177,'playerVirtual5','playerVirtual5_2359368952',1,'2018-04-15 02:26:49',NULL,0),(178,'playerVirtual5','playerVirtual5_28d2a91a47',4,'2018-04-15 02:26:50',NULL,0),(179,'playerVirtual5','playerVirtual5_2359368952',1,'2018-04-15 02:26:50',NULL,0),(180,'playerVirtual10','playerVirtual10_d74981a6a4',3,'2018-04-15 02:26:53',NULL,0),(181,'playerVirtual4','playerVirtual4_765651',0,'2018-04-15 02:27:04',NULL,0),(182,'playerVirtual4','playerVirtual4_765651',0,'2018-04-15 02:27:04',NULL,0),(183,'playerVirtual1','playerVirtual1_284757920',0,'2018-04-15 02:27:11',NULL,0),(184,'playerVirtual1','playerVirtual1_284757920',0,'2018-04-15 02:27:11',NULL,0),(185,'playerVirtual8','playerVirtual8_272887063',0,'2018-04-15 02:27:14',NULL,0),(186,'playerVirtual8','playerVirtual8_272887063',0,'2018-04-15 02:27:14',NULL,0),(187,'playerVirtual2','playerVirtual2_6274355716',0,'2018-04-15 02:27:18',NULL,0),(188,'playerVirtual2','playerVirtual2_6274355716',0,'2018-04-15 02:27:18',NULL,0),(189,'playerVirtual11','playerVirtual11_5fa3329eb1',4,'2018-04-15 02:27:24',NULL,0),(190,'playerVirtual3','playerVirtual3_38676294',0,'2018-04-15 02:27:26',NULL,0),(191,'playerVirtual3','playerVirtual3_38676294',0,'2018-04-15 02:27:27',NULL,0),(192,'playerVirtual4','playerVirtual4_eeb341e624',4,'2018-04-15 02:28:06',NULL,0),(193,'playerVirtual1','playerVirtual1_fad4e392ff',4,'2018-04-15 02:28:11',NULL,0),(194,'playerVirtual8','playerVirtual8_aa9ecf5969',4,'2018-04-15 02:28:14',NULL,0),(195,'playerVirtual2','playerVirtual2_e462fb5421',4,'2018-04-15 02:28:18',NULL,0),(196,'playerVirtual3','playerVirtual3_b24c335afc',4,'2018-04-15 02:28:27',NULL,0),(197,'playerVirtual7','playerVirtual7_182859403',0,'2018-04-15 02:28:35',NULL,0),(198,'playerVirtual7','playerVirtual7_182859403',0,'2018-04-15 02:28:36',NULL,0),(199,'playerVirtual13','playerVirtual13_f06807c1b2',4,'2018-04-15 02:28:43',NULL,0),(200,'playerVirtual6','playerVirtual6_4820204870',0,'2018-04-15 02:29:01',NULL,0),(201,'playerVirtual6','playerVirtual6_4820204870',0,'2018-04-15 02:29:01',NULL,0),(202,'playerVirtual0','playerVirtual0_990694203',0,'2018-04-15 02:29:20',NULL,0),(203,'playerVirtual0','playerVirtual0_990694203',0,'2018-04-15 02:29:20',NULL,0),(204,'playerVirtual12','playerVirtual12_5623125514',0,'2018-04-15 02:29:27',NULL,0),(205,'playerVirtual12','playerVirtual12_5623125514',0,'2018-04-15 02:29:28',NULL,0),(206,'playerVirtual7','playerVirtual7_91c1727357',4,'2018-04-15 02:29:36',NULL,0),(207,'playerVirtual9','playerVirtual9_990694203',0,'2018-04-15 02:29:44',NULL,0),(208,'playerVirtual9','playerVirtual9_990694203',0,'2018-04-15 02:29:44',NULL,0),(209,'playerVirtual6','playerVirtual6_cec579fec2',4,'2018-04-15 02:30:01',NULL,0),(210,'playerVirtual10','playerVirtual10_6280643141',0,'2018-04-15 02:30:12',NULL,0),(211,'playerVirtual10','playerVirtual10_6280643141',0,'2018-04-15 02:30:13',NULL,0),(212,'playerVirtual0','playerVirtual0_acf59cfcca',4,'2018-04-15 02:30:20',NULL,0),(213,'playerVirtual12','playerVirtual12_827c297ee7',3,'2018-04-15 02:30:28',NULL,0),(214,'playerVirtual9','playerVirtual9_e1ab975c52',4,'2018-04-15 02:30:44',NULL,0),(215,'playerVirtual10','playerVirtual10_5eeae428bc',4,'2018-04-15 02:31:13',NULL,0),(216,'playerVirtual4','playerVirtual4_4820204870',1,'2018-04-15 02:32:02',NULL,0),(217,'playerVirtual4','playerVirtual4_9d698cafd5',3,'2018-04-15 02:32:02',NULL,0),(218,'playerVirtual4','playerVirtual4_4820204870',1,'2018-04-15 02:32:03',NULL,0),(219,'playerVirtual3','playerVirtual3_182859403',1,'2018-04-15 02:32:20',NULL,0),(220,'playerVirtual3','playerVirtual3_ce735dadb1',3,'2018-04-15 02:32:20',NULL,0),(221,'playerVirtual3','playerVirtual3_182859403',1,'2018-04-15 02:32:20',NULL,0),(222,'playerVirtual5','playerVirtual5_6280638724',0,'2018-04-15 02:33:09',NULL,0),(223,'playerVirtual5','playerVirtual5_6280638724',0,'2018-04-15 02:33:09',NULL,0),(224,'playerVirtual11','playerVirtual11_4476462938',0,'2018-04-15 02:33:23',NULL,0),(225,'playerVirtual11','playerVirtual11_4476462938',0,'2018-04-15 02:33:24',NULL,0),(226,'playerVirtual7','playerVirtual7_182859403',1,'2018-04-15 02:33:39',NULL,0),(227,'playerVirtual7','playerVirtual7_0a2effc9dd',3,'2018-04-15 02:33:39',NULL,0),(228,'playerVirtual7','playerVirtual7_182859403',1,'2018-04-15 02:33:39',NULL,0),(229,'playerVirtual14','playerVirtual14_9b30305fdc',4,'2018-04-15 02:33:40',NULL,0),(230,'playerVirtual1','playerVirtual1_272887063',0,'2018-04-15 02:33:55',NULL,0),(231,'playerVirtual1','playerVirtual1_272887063',0,'2018-04-15 02:33:56',NULL,0),(232,'playerVirtual8','playerVirtual8_272887063',1,'2018-04-15 02:34:00',NULL,0),(233,'playerVirtual8','playerVirtual8_9eb12ca6ec',3,'2018-04-15 02:34:00',NULL,0),(234,'playerVirtual8','playerVirtual8_272887063',1,'2018-04-15 02:34:00',NULL,0),(235,'playerVirtual2','playerVirtual2_6282149131',0,'2018-04-15 02:34:07',NULL,0),(236,'playerVirtual2','playerVirtual2_6282149131',0,'2018-04-15 02:34:07',NULL,0),(237,'playerVirtual5','playerVirtual5_420c8a8e4e',3,'2018-04-15 02:34:09',NULL,0),(238,'playerVirtual11','playerVirtual11_eabc397640',3,'2018-04-15 02:34:25',NULL,0),(239,'playerVirtual1','playerVirtual1_ee9cf8b71c',3,'2018-04-15 02:34:55',NULL,0),(240,'playerVirtual2','playerVirtual2_9fa6b6b1c3',3,'2018-04-15 02:35:07',NULL,0),(241,'playerVirtual0','playerVirtual0_3dea550967',3,'2018-04-15 02:35:17',NULL,0),(242,'playerVirtual9','playerVirtual9_f4730a9d42',3,'2018-04-15 02:35:36',NULL,0),(243,'playerVirtual6','playerVirtual6_1436323714',0,'2018-04-15 02:36:01',NULL,0),(244,'playerVirtual6','playerVirtual6_1436323714',0,'2018-04-15 02:36:01',NULL,0),(245,'playerVirtual13','playerVirtual13_2359368952',0,'2018-04-15 02:36:46',NULL,0),(246,'playerVirtual13','playerVirtual13_2359368952',0,'2018-04-15 02:36:46',NULL,0),(247,'playerVirtual6','playerVirtual6_2a475ab870',3,'2018-04-15 02:37:01',NULL,0),(248,'playerVirtual10','playerVirtual10_214880781',0,'2018-04-15 02:37:19',NULL,0),(249,'playerVirtual10','playerVirtual10_214880781',0,'2018-04-15 02:37:19',NULL,0),(250,'playerVirtual4','playerVirtual4_1094955',0,'2018-04-15 02:37:34',NULL,0),(251,'playerVirtual4','playerVirtual4_1094955',0,'2018-04-15 02:37:36',NULL,0),(252,'playerVirtual13','playerVirtual13_814b03be44',3,'2018-04-15 02:37:46',NULL,0),(253,'playerVirtual3','playerVirtual3_16914091',0,'2018-04-15 02:37:56',NULL,0),(254,'playerVirtual3','playerVirtual3_16914091',0,'2018-04-15 02:37:57',NULL,0),(255,'playerVirtual8','playerVirtual8_6285257156',0,'2018-04-15 02:38:06',NULL,0),(256,'playerVirtual8','playerVirtual8_6285257156',0,'2018-04-15 02:38:07',NULL,0),(257,'playerVirtual5','playerVirtual5_6955737',0,'2018-04-15 02:38:09',NULL,0),(258,'playerVirtual5','playerVirtual5_6955737',0,'2018-04-15 02:38:09',NULL,0),(259,'playerVirtual10','playerVirtual10_0f9b85e154',3,'2018-04-15 02:38:19',NULL,0),(260,'playerVirtual4','playerVirtual4_f610a20fb7',4,'2018-04-15 02:38:33',NULL,0),(261,'playerVirtual15','playerVirtual15_7afa8a36c9',4,'2018-04-15 02:38:44',NULL,0),(262,'playerVirtual11','playerVirtual11_6955737',0,'2018-04-15 02:38:55',NULL,0),(263,'playerVirtual11','playerVirtual11_6955737',0,'2018-04-15 02:38:55',NULL,0),(264,'playerVirtual3','playerVirtual3_bb8ad8f718',4,'2018-04-15 02:38:57',NULL,0),(265,'playerVirtual8','playerVirtual8_d81a19c431',4,'2018-04-15 02:39:06',NULL,0),(266,'playerVirtual5','playerVirtual5_4be2930da0',4,'2018-04-15 02:39:09',NULL,0),(267,'playerVirtual7','playerVirtual7_182859403',0,'2018-04-15 02:39:18',NULL,0),(268,'playerVirtual7','playerVirtual7_6525d4c325',4,'2018-04-15 02:39:19',NULL,0),(269,'playerVirtual7','playerVirtual7_182859403',0,'2018-04-15 02:39:19',NULL,0),(270,'playerVirtual1','playerVirtual1_1438244924',1,'2018-04-15 02:39:49',NULL,0),(271,'playerVirtual1','playerVirtual1_be473f414e',4,'2018-04-15 02:39:49',NULL,0),(272,'playerVirtual1','playerVirtual1_1438244924',1,'2018-04-15 02:39:49',NULL,0),(273,'playerVirtual11','playerVirtual11_f95b7c9018',4,'2018-04-15 02:39:55',NULL,0),(274,'playerVirtual2','playerVirtual2_3338579772',0,'2018-04-15 02:39:57',NULL,0),(275,'playerVirtual2','playerVirtual2_3338579772',0,'2018-04-15 02:39:58',NULL,0),(276,'playerVirtual0','playerVirtual0_6955737',1,'2018-04-15 02:40:41',NULL,0),(277,'playerVirtual0','playerVirtual0_13813b6958',4,'2018-04-15 02:40:42',NULL,0),(278,'playerVirtual0','playerVirtual0_6955737',1,'2018-04-15 02:40:45',NULL,0),(279,'playerVirtual2','playerVirtual2_d8972ee73c',4,'2018-04-15 02:40:58',NULL,0),(280,'playerVirtual13','playerVirtual13_6289355687',0,'2018-04-15 02:41:06',NULL,0),(281,'playerVirtual13','playerVirtual13_6289355687',0,'2018-04-15 02:41:06',NULL,0),(282,'playerVirtual9','playerVirtual9_2381571381',0,'2018-04-15 02:41:32',NULL,0),(283,'playerVirtual9','playerVirtual9_2381571381',0,'2018-04-15 02:41:32',NULL,0),(284,'playerVirtual6','playerVirtual6_2378747961',0,'2018-04-15 02:41:51',NULL,0),(285,'playerVirtual6','playerVirtual6_2378747961',0,'2018-04-15 02:41:51',NULL,0),(286,'playerVirtual13','playerVirtual13_89df477493',4,'2018-04-15 02:42:06',NULL,0),(287,'playerVirtual14','playerVirtual14_6641406',0,'2018-04-15 02:42:27',NULL,0),(288,'playerVirtual14','playerVirtual14_6641406',0,'2018-04-15 02:42:27',NULL,0),(289,'playerVirtual9','playerVirtual9_2daf07db73',4,'2018-04-15 02:42:32',NULL,0),(290,'playerVirtual6','playerVirtual6_1f17cc2cb2',4,'2018-04-15 02:42:53',NULL,0),(291,'playerVirtual14','playerVirtual14_ad672926de',3,'2018-04-15 02:43:27',NULL,0),(292,'playerVirtual10','playerVirtual10_1438244924',0,'2018-04-15 02:43:38',NULL,0),(293,'playerVirtual10','playerVirtual10_1438244924',0,'2018-04-15 02:43:38',NULL,0),(294,'playerVirtual16','playerVirtual16_f076cbf963',4,'2018-04-15 02:43:46',NULL,0),(295,'playerVirtual4','playerVirtual4_6289704471',0,'2018-04-15 02:44:33',NULL,0),(296,'playerVirtual4','playerVirtual4_6289704471',0,'2018-04-15 02:44:34',NULL,0),(297,'playerVirtual10','playerVirtual10_f20c7fe544',4,'2018-04-15 02:44:38',NULL,0),(298,'playerVirtual3','playerVirtual3_6264344062',1,'2018-04-15 02:45:00',NULL,0),(299,'playerVirtual3','playerVirtual3_cad3279324',3,'2018-04-15 02:45:00',NULL,0),(300,'playerVirtual3','playerVirtual3_6264344062',1,'2018-04-15 02:45:00',NULL,0),(301,'playerVirtual5','playerVirtual5_b8640e490f',3,'2018-04-15 02:45:28',NULL,0),(302,'playerVirtual4','playerVirtual4_f6e31739c2',3,'2018-04-15 02:45:34',NULL,0),(303,'playerVirtual7','playerVirtual7_794070039',0,'2018-04-15 02:45:35',NULL,0),(304,'playerVirtual7','playerVirtual7_794070039',0,'2018-04-15 02:45:36',NULL,0),(305,'playerVirtual8','playerVirtual8_3338579772',1,'2018-04-15 02:45:39',NULL,0),(306,'playerVirtual8','playerVirtual8_eded8a7a1b',3,'2018-04-15 02:45:39',NULL,0),(307,'playerVirtual8','playerVirtual8_3338579772',1,'2018-04-15 02:45:39',NULL,0),(308,'playerVirtual7','playerVirtual7_9d0bd24bd9',3,'2018-04-15 02:46:35',NULL,0),(309,'playerVirtual2','playerVirtual2_2381571381',1,'2018-04-15 02:46:55',NULL,0),(310,'playerVirtual2','playerVirtual2_a5443aedf4',3,'2018-04-15 02:46:55',NULL,0),(311,'playerVirtual2','playerVirtual2_2381571381',1,'2018-04-15 02:46:55',NULL,0),(312,'playerVirtual0','playerVirtual0_f6e6d5c5c6',3,'2018-04-15 02:47:06',NULL,0),(313,'playerVirtual1','playerVirtual1_990694203',0,'2018-04-15 02:47:30',NULL,0),(314,'playerVirtual1','playerVirtual1_990694203',0,'2018-04-15 02:47:30',NULL,0),(315,'playerVirtual1','playerVirtual1_4e99780e9b',3,'2018-04-15 02:48:30',NULL,0),(316,'playerVirtual17','playerVirtual17_24808808aa',4,'2018-04-15 02:48:49',NULL,0),(317,'playerVirtual15','playerVirtual15_1436344784',0,'2018-04-15 02:49:31',NULL,0),(318,'playerVirtual15','playerVirtual15_1436344784',0,'2018-04-15 02:49:31',NULL,0),(319,'playerVirtual5','playerVirtual5_2378747961',1,'2018-04-15 02:49:57',NULL,0),(320,'playerVirtual5','playerVirtual5_52a1c3bffe',4,'2018-04-15 02:49:58',NULL,0),(321,'playerVirtual5','playerVirtual5_2378747961',1,'2018-04-15 02:49:58',NULL,0),(322,'playerVirtual6','playerVirtual6_2378747961',1,'2018-04-15 02:50:20',NULL,0),(323,'playerVirtual6','playerVirtual6_d52179c63d',3,'2018-04-15 02:50:20',NULL,0),(324,'playerVirtual6','playerVirtual6_2378747961',1,'2018-04-15 02:50:21',NULL,0),(325,'playerVirtual14','playerVirtual14_6264344062',0,'2018-04-15 02:50:29',NULL,0),(326,'playerVirtual14','playerVirtual14_6264344062',0,'2018-04-15 02:50:29',NULL,0),(327,'playerVirtual15','playerVirtual15_12269521b0',3,'2018-04-15 02:50:31',NULL,0),(328,'playerVirtual14','playerVirtual14_7195aa2407',4,'2018-04-15 02:51:29',NULL,0),(329,'playerVirtual9','playerVirtual9_182859403',0,'2018-04-15 02:51:46',NULL,0),(330,'playerVirtual9','playerVirtual9_182859403',0,'2018-04-15 02:51:46',NULL,0),(331,'playerVirtual9','playerVirtual9_0ac3fc33e1',3,'2018-04-15 02:52:46',NULL,0),(332,'playerVirtual0','playerVirtual0_1095593',1,'2018-04-15 02:52:48',NULL,0),(333,'playerVirtual0','playerVirtual0_558dcd8c0a',4,'2018-04-15 02:52:48',NULL,0),(334,'playerVirtual0','playerVirtual0_1095593',1,'2018-04-15 02:52:48',NULL,0),(335,'playerVirtual1','playerVirtual1_990694203',1,'2018-04-15 02:53:26',NULL,0),(336,'playerVirtual1','playerVirtual1_aa6417bef2',4,'2018-04-15 02:53:26',NULL,0),(337,'playerVirtual1','playerVirtual1_990694203',1,'2018-04-15 02:53:27',NULL,0),(338,'playerVirtual18','playerVirtual18_99b8082225',4,'2018-04-15 02:53:45',NULL,0),(339,'playerVirtual2','playerVirtual2_6274355716',1,'2018-04-15 02:54:48',NULL,0),(340,'playerVirtual2','playerVirtual2_4042351bfc',4,'2018-04-15 02:54:48',NULL,0),(341,'playerVirtual2','playerVirtual2_6274355716',1,'2018-04-15 02:54:49',NULL,0),(342,'playerVirtual7','playerVirtual7_182859403',1,'2018-04-15 02:55:30',NULL,0),(343,'playerVirtual7','playerVirtual7_f3078d3781',4,'2018-04-15 02:55:31',NULL,0),(344,'playerVirtual7','playerVirtual7_182859403',1,'2018-04-15 02:55:33',NULL,0),(345,'playerVirtual10','playerVirtual10_6301942525',0,'2018-04-15 02:55:39',NULL,0),(346,'playerVirtual10','playerVirtual10_6301942525',0,'2018-04-15 02:55:39',NULL,0),(347,'playerVirtual3','playerVirtual3_5297461910',1,'2018-04-15 02:55:44',NULL,0),(348,'playerVirtual3','playerVirtual3_d4ba7a8983',4,'2018-04-15 02:55:44',NULL,0),(349,'playerVirtual3','playerVirtual3_5297461910',1,'2018-04-15 02:55:44',NULL,0),(350,'playerVirtual4','playerVirtual4_5297461910',0,'2018-04-15 02:56:36',NULL,0),(351,'playerVirtual4','playerVirtual4_5297461910',0,'2018-04-15 02:56:36',NULL,0),(352,'playerVirtual10','playerVirtual10_266071447d',3,'2018-04-15 02:56:39',NULL,0),(353,'playerVirtual8','playerVirtual8_6289704471',0,'2018-04-15 02:57:12',NULL,0),(354,'playerVirtual8','playerVirtual8_6289704471',0,'2018-04-15 02:57:12',NULL,0),(355,'playerVirtual4','playerVirtual4_8be39edfc7',4,'2018-04-15 02:57:39',NULL,0),(356,'playerVirtual8','playerVirtual8_1f26bd043f',4,'2018-04-15 02:58:12',NULL,0),(357,'playerVirtual19','playerVirtual19_e507beeedb',4,'2018-04-15 02:58:41',NULL,0),(358,'playerVirtual9','playerVirtual9_182859403',1,'2018-04-15 02:58:42',NULL,0),(359,'playerVirtual9','playerVirtual9_20adfefc6e',4,'2018-04-15 02:58:43',NULL,0),(360,'playerVirtual9','playerVirtual9_182859403',1,'2018-04-15 02:58:43',NULL,0),(361,'playerVirtual16','playerVirtual16_990694203',0,'2018-04-15 02:58:45',NULL,0),(362,'playerVirtual16','playerVirtual16_990694203',0,'2018-04-15 02:58:45',NULL,0),(363,'playerVirtual16','playerVirtual16_dc4b27a27b',3,'2018-04-15 02:59:45',NULL,0),(364,'playerVirtual15','playerVirtual15_4246147567',0,'2018-04-15 03:00:15',NULL,0),(365,'playerVirtual15','playerVirtual15_4246147567',0,'2018-04-15 03:00:15',NULL,0),(366,'playerVirtual16','playerVirtual16_a25e80e8ac',4,'2018-04-15 03:00:47',NULL,0),(367,'playerVirtual15','playerVirtual15_c3632971c7',4,'2018-04-15 03:01:15',NULL,0),(368,'playerVirtual6','playerVirtual6_539194189',0,'2018-04-15 03:01:51',NULL,0),(369,'playerVirtual6','playerVirtual6_539194189',0,'2018-04-15 03:01:51',NULL,0),(370,'playerVirtual6','playerVirtual6_aa3e74ccb4',4,'2018-04-15 03:02:54',NULL,0),(371,'playerVirtual0','playerVirtual0_908315',1,'2018-04-15 03:03:20',NULL,0),(372,'playerVirtual0','playerVirtual0_863c9dcab0',3,'2018-04-15 03:03:20',NULL,0),(373,'playerVirtual0','playerVirtual0_908315',1,'2018-04-15 03:03:20',NULL,0),(374,'playerVirtual20','playerVirtual20_370cc81fe9',4,'2018-04-15 03:03:48',NULL,0),(375,'playerVirtual4','playerVirtual4_6289704471',1,'2018-04-15 03:03:57',NULL,0),(376,'playerVirtual4','playerVirtual4_959c6214cd',3,'2018-04-15 03:03:57',NULL,0),(377,'playerVirtual4','playerVirtual4_6289704471',1,'2018-04-15 03:03:58',NULL,0),(378,'playerVirtual7','playerVirtual7_5068098508',1,'2018-04-15 03:04:11',NULL,0),(379,'playerVirtual7','playerVirtual7_110938d23d',3,'2018-04-15 03:04:11',NULL,0),(380,'playerVirtual7','playerVirtual7_5068098508',1,'2018-04-15 03:04:12',NULL,0),(381,'playerVirtual5','playerVirtual5_182859403',0,'2018-04-15 03:04:20',NULL,0),(382,'playerVirtual5','playerVirtual5_182859403',0,'2018-04-15 03:04:20',NULL,0),(383,'playerVirtual8','playerVirtual8_904011',1,'2018-04-15 03:04:45',NULL,0),(384,'playerVirtual8','playerVirtual8_7f7202d99b',3,'2018-04-15 03:04:45',NULL,0),(385,'playerVirtual8','playerVirtual8_904011',1,'2018-04-15 03:04:45',NULL,0),(386,'playerVirtual5','playerVirtual5_88e92f3bbf',3,'2018-04-15 03:05:20',NULL,0),(387,'playerVirtual3','playerVirtual3_4246147567',0,'2018-04-15 03:06:34',NULL,0),(388,'playerVirtual3','playerVirtual3_4246147567',0,'2018-04-15 03:06:35',NULL,0),(389,'playerVirtual10','playerVirtual10_4246147567',0,'2018-04-15 03:07:25',NULL,0),(390,'playerVirtual10','playerVirtual10_4246147567',0,'2018-04-15 03:07:25',NULL,0),(391,'playerVirtual3','playerVirtual3_117733042d',3,'2018-04-15 03:07:35',NULL,0),(392,'playerVirtual2','playerVirtual2_6315250734',0,'2018-04-15 03:08:22',NULL,0),(393,'playerVirtual2','playerVirtual2_6315250734',0,'2018-04-15 03:08:22',NULL,0),(394,'playerVirtual10','playerVirtual10_f7bd7c0d19',4,'2018-04-15 03:08:25',NULL,0),(395,'playerVirtual21','playerVirtual21_774143de7f',4,'2018-04-15 03:08:48',NULL,0),(396,'playerVirtual2','playerVirtual2_626f57f351',3,'2018-04-15 03:09:22',NULL,0),(397,'playerVirtual1','playerVirtual1_4246147567',0,'2018-04-15 03:09:25',NULL,0),(398,'playerVirtual1','playerVirtual1_4246147567',0,'2018-04-15 03:09:25',NULL,0),(399,'playerVirtual1','playerVirtual1_1d57b75224',3,'2018-04-15 03:10:25',NULL,0),(400,'playerVirtual9','playerVirtual9_539194189',1,'2018-04-15 03:11:27',NULL,0),(401,'playerVirtual9','playerVirtual9_24e97aa496',3,'2018-04-15 03:11:27',NULL,0),(402,'playerVirtual9','playerVirtual9_539194189',1,'2018-04-15 03:11:27',NULL,0),(403,'playerVirtual15','playerVirtual15_bda8f29ddc',3,'2018-04-15 03:12:01',NULL,0),(404,'playerVirtual6','playerVirtual6_4246147567',0,'2018-04-15 03:13:24',NULL,0),(405,'playerVirtual6','playerVirtual6_4246147567',0,'2018-04-15 03:13:24',NULL,0),(406,'playerVirtual22','playerVirtual22_280c683191',4,'2018-04-15 03:13:48',NULL,0),(407,'playerVirtual5','playerVirtual5_4246147567',0,'2018-04-15 03:14:05',NULL,0),(408,'playerVirtual5','playerVirtual5_4246147567',0,'2018-04-15 03:14:05',NULL,0),(409,'playerVirtual6','playerVirtual6_8f6cda3337',3,'2018-04-15 03:14:24',NULL,0),(410,'playerVirtual5','playerVirtual5_f64549aa86',4,'2018-04-15 03:15:05',NULL,0),(411,'playerVirtual0','playerVirtual0_990694203',0,'2018-04-15 03:15:11',NULL,0),(412,'playerVirtual0','playerVirtual0_fc63d24d65',4,'2018-04-15 03:15:11',NULL,0),(413,'playerVirtual0','playerVirtual0_990694203',0,'2018-04-15 03:15:11',NULL,0),(414,'playerVirtual1','playerVirtual1_bfb76760cc',4,'2018-04-15 03:15:18',NULL,0),(415,'playerVirtual8','playerVirtual8_6289704471',1,'2018-04-15 03:17:22',NULL,0),(416,'playerVirtual8','playerVirtual8_ab0b68347e',4,'2018-04-15 03:17:22',NULL,0),(417,'playerVirtual8','playerVirtual8_6289704471',1,'2018-04-15 03:17:22',NULL,0),(418,'playerVirtual3','playerVirtual3_4246147567',1,'2018-04-15 03:18:18',NULL,0),(419,'playerVirtual3','playerVirtual3_bafe95a9e2',4,'2018-04-15 03:18:18',NULL,0),(420,'playerVirtual3','playerVirtual3_4246147567',1,'2018-04-15 03:18:18',NULL,0),(421,'playerVirtual7','playerVirtual7_4246147567',0,'2018-04-15 03:18:20',NULL,0),(422,'playerVirtual7','playerVirtual7_4246147567',0,'2018-04-15 03:18:21',NULL,0),(423,'playerVirtual23','playerVirtual23_ca4356e2a6',4,'2018-04-15 03:18:44',NULL,0),(424,'playerVirtual7','playerVirtual7_f09606a700',4,'2018-04-15 03:19:20',NULL,0),(425,'playerVirtual10','playerVirtual10_4f3521cbf2',3,'2018-04-15 03:19:27',NULL,0),(426,'playerVirtual2','playerVirtual2_359920779',0,'2018-04-15 03:19:31',NULL,0),(427,'playerVirtual2','playerVirtual2_359920779',0,'2018-04-15 03:19:31',NULL,0),(428,'playerVirtual4','playerVirtual4_4246147567',0,'2018-04-15 03:20:14',NULL,0),(429,'playerVirtual4','playerVirtual4_4246147567',0,'2018-04-15 03:20:14',NULL,0),(430,'playerVirtual2','playerVirtual2_97c1cc6d2f',4,'2018-04-15 03:20:31',NULL,0),(431,'playerVirtual4','playerVirtual4_7f8a942001',4,'2018-04-15 03:21:14',NULL,0),(432,'playerVirtual16','playerVirtual16_6316827871',0,'2018-04-15 03:21:45',NULL,0),(433,'playerVirtual16','playerVirtual16_6316827871',0,'2018-04-15 03:21:50',NULL,0),(434,'playerVirtual9','playerVirtual9_4246147567',0,'2018-04-15 03:22:31',NULL,0),(435,'playerVirtual9','playerVirtual9_4246147567',0,'2018-04-15 03:22:31',NULL,0),(436,'playerVirtual9','playerVirtual9_6b89fef038',4,'2018-04-15 03:23:31',NULL,0),(437,'playerVirtual24','playerVirtual24_1e483a9fba',4,'2018-04-15 03:23:45',NULL,0),(438,'playerVirtual15','playerVirtual15_4246147567',0,'2018-04-15 03:25:16',NULL,0),(439,'playerVirtual15','playerVirtual15_096eff6cf9',4,'2018-04-15 03:25:16',NULL,0),(440,'playerVirtual15','playerVirtual15_4246147567',0,'2018-04-15 03:25:16',NULL,0),(441,'playerVirtual0','playerVirtual0_806459e405',3,'2018-04-15 03:25:45',NULL,0),(442,'playerVirtual6','playerVirtual6_dd8cd6b254',4,'2018-04-15 03:25:52',NULL,0),(443,'playerVirtual4','playerVirtual4_4246147567',1,'2018-04-15 03:27:34',NULL,0),(444,'playerVirtual4','playerVirtual4_6517ea14f4',3,'2018-04-15 03:27:34',NULL,0),(445,'playerVirtual4','playerVirtual4_4246147567',1,'2018-04-15 03:27:34',NULL,0),(446,'playerVirtual7','playerVirtual7_4246147567',1,'2018-04-15 03:28:07',NULL,0),(447,'playerVirtual7','playerVirtual7_b716d09374',3,'2018-04-15 03:28:07',NULL,0),(448,'playerVirtual7','playerVirtual7_4246147567',1,'2018-04-15 03:28:07',NULL,0),(449,'playerVirtual25','playerVirtual25_123c5f5e9b',4,'2018-04-15 03:28:47',NULL,0),(450,'playerVirtual5','playerVirtual5_4246147567',1,'2018-04-15 03:29:27',NULL,0),(451,'playerVirtual5','playerVirtual5_a8dac82d5e',3,'2018-04-15 03:29:27',NULL,0),(452,'playerVirtual5','playerVirtual5_4246147567',1,'2018-04-15 03:29:27',NULL,0),(453,'playerVirtual8','playerVirtual8_4246147567',0,'2018-04-15 03:30:16',NULL,0),(454,'playerVirtual8','playerVirtual8_4246147567',0,'2018-04-15 03:30:17',NULL,0),(455,'playerVirtual8','playerVirtual8_8f471fa94b',3,'2018-04-15 03:31:17',NULL,0),(456,'playerVirtual3','playerVirtual3_6335261139',0,'2018-04-15 03:33:20',NULL,0),(457,'playerVirtual3','playerVirtual3_6335261139',0,'2018-04-15 03:33:21',NULL,0),(458,'playerVirtual1','playerVirtual1_359920779',1,'2018-04-15 03:33:25',NULL,0),(459,'playerVirtual1','playerVirtual1_f0bfad6543',3,'2018-04-15 03:33:25',NULL,0),(460,'playerVirtual1','playerVirtual1_359920779',1,'2018-04-15 03:33:25',NULL,0),(461,'playerVirtual26','playerVirtual26_3d13d98178',4,'2018-04-15 03:33:41',NULL,0),(462,'playerVirtual3','playerVirtual3_357b74bc55',3,'2018-04-15 03:34:20',NULL,0),(463,'playerVirtual10','playerVirtual10_4246147567',0,'2018-04-15 03:34:24',NULL,0),(464,'playerVirtual10','playerVirtual10_4209750c93',4,'2018-04-15 03:34:25',NULL,0),(465,'playerVirtual10','playerVirtual10_4246147567',0,'2018-04-15 03:34:25',NULL,0),(466,'playerVirtual15','playerVirtual15_04b0d6dfec',3,'2018-04-15 03:36:02',NULL,0),(467,'playerVirtual9','playerVirtual9_4246147567',1,'2018-04-15 03:36:15',NULL,0),(468,'playerVirtual9','playerVirtual9_1330fe99a4',3,'2018-04-15 03:36:15',NULL,0),(469,'playerVirtual9','playerVirtual9_4246147567',1,'2018-04-15 03:36:16',NULL,0),(470,'playerVirtual2','playerVirtual2_4246147567',0,'2018-04-15 03:36:33',NULL,0),(471,'playerVirtual2','playerVirtual2_4246147567',0,'2018-04-15 03:36:34',NULL,0),(472,'playerVirtual22','playerVirtual22_4246147567',0,'2018-04-15 03:37:03',NULL,0),(473,'playerVirtual22','playerVirtual22_4246147567',0,'2018-04-15 03:37:03',NULL,0),(474,'playerVirtual2','playerVirtual2_722ef05671',3,'2018-04-15 03:37:34',NULL,0),(475,'playerVirtual22','playerVirtual22_fa87888d74',3,'2018-04-15 03:38:03',NULL,0),(476,'playerVirtual27','playerVirtual27_50dbbd2103',4,'2018-04-15 03:38:44',NULL,0),(477,'playerVirtual22','playerVirtual22_8ee10125e2',4,'2018-04-15 03:39:04',NULL,0),(478,'playerVirtual6','playerVirtual6_6344084916',0,'2018-04-15 03:41:58',NULL,0),(479,'playerVirtual6','playerVirtual6_6344084916',0,'2018-04-15 03:41:58',NULL,0),(480,'playerVirtual0','playerVirtual0_4246147567',0,'2018-04-15 03:42:30',NULL,0),(481,'playerVirtual0','playerVirtual0_4246147567',0,'2018-04-15 03:42:30',NULL,0),(482,'playerVirtual6','playerVirtual6_8ff1d43e7d',3,'2018-04-15 03:42:58',NULL,0),(483,'playerVirtual5','playerVirtual5_272887063',0,'2018-04-15 03:43:26',NULL,0),(484,'playerVirtual5','playerVirtual5_272887063',0,'2018-04-15 03:43:26',NULL,0),(485,'playerVirtual0','playerVirtual0_1003136ade',4,'2018-04-15 03:43:30',NULL,0),(486,'playerVirtual1','playerVirtual1_272887063',1,'2018-04-15 03:43:38',NULL,0),(487,'playerVirtual1','playerVirtual1_34c6dcb6ff',4,'2018-04-15 03:43:38',NULL,0),(488,'playerVirtual1','playerVirtual1_272887063',1,'2018-04-15 03:43:39',NULL,0),(489,'playerVirtual28','playerVirtual28_677430294b',4,'2018-04-15 03:43:41',NULL,0),(490,'playerVirtual8','playerVirtual8_3322138c52',4,'2018-04-15 03:43:53',NULL,0),(491,'playerVirtual5','playerVirtual5_3a406dc33a',4,'2018-04-15 03:44:26',NULL,0),(492,'playerVirtual7','playerVirtual7_4246147567',0,'2018-04-15 03:47:21',NULL,0),(493,'playerVirtual7','playerVirtual7_087dfefae8',4,'2018-04-15 03:47:22',NULL,0),(494,'playerVirtual7','playerVirtual7_4246147567',0,'2018-04-15 03:47:22',NULL,0),(495,'playerVirtual2','playerVirtual2_295d19f582',4,'2018-04-15 03:47:42',NULL,0),(496,'playerVirtual3','playerVirtual3_4246147567',0,'2018-04-15 03:48:23',NULL,0),(497,'playerVirtual3','playerVirtual3_651c72eb7b',4,'2018-04-15 03:48:24',NULL,0),(498,'playerVirtual3','playerVirtual3_4246147567',0,'2018-04-15 03:48:24',NULL,0),(499,'playerVirtual29','playerVirtual29_5179df66ef',4,'2018-04-15 03:48:41',NULL,0),(500,'playerVirtual4','playerVirtual4_990694203',0,'2018-04-15 03:49:04',NULL,0),(501,'playerVirtual4','playerVirtual4_990694203',0,'2018-04-15 03:49:06',NULL,0),(502,'playerVirtual15','playerVirtual15_ca81c39934',4,'2018-04-15 03:50:00',NULL,0),(503,'playerVirtual4','playerVirtual4_fc58d3f966',4,'2018-04-15 03:50:03',NULL,0),(504,'playerVirtual9','playerVirtual9_82730999',0,'2018-04-15 03:52:47',NULL,0),(505,'playerVirtual9','playerVirtual9_82730999',0,'2018-04-15 03:52:47',NULL,0),(506,'playerVirtual30','playerVirtual30_d60318a79e',4,'2018-04-15 03:53:45',NULL,0),(507,'playerVirtual9','playerVirtual9_099b3098a1',4,'2018-04-15 03:53:47',NULL,0),(508,'playerVirtual0','playerVirtual0_73c509711d',3,'2018-04-15 03:54:04',NULL,0),(509,'playerVirtual7','playerVirtual7_8f31b33da8',3,'2018-04-15 03:56:05',NULL,0),(510,'playerVirtual4','playerVirtual4_153c874348',3,'2018-04-15 03:56:25',NULL,0),(511,'playerVirtual6','playerVirtual6_4820150269',0,'2018-04-15 03:56:44',NULL,0),(512,'playerVirtual6','playerVirtual6_4820150269',0,'2018-04-15 03:56:45',NULL,0),(513,'playerVirtual6','playerVirtual6_1eaa42a4e6',4,'2018-04-15 03:57:44',NULL,0),(514,'playerVirtual31','playerVirtual31_58f59ce7e1',4,'2018-04-15 03:58:49',NULL,0),(515,'playerVirtual5','playerVirtual5_4246147567',0,'2018-04-15 04:00:42',NULL,0),(516,'playerVirtual5','playerVirtual5_c7fdcb4cf6',3,'2018-04-15 04:00:43',NULL,0),(517,'playerVirtual5','playerVirtual5_4246147567',0,'2018-04-15 04:00:43',NULL,0),(518,'playerVirtual8','playerVirtual8_4246147567',0,'2018-04-15 04:01:18',NULL,0),(519,'playerVirtual8','playerVirtual8_785a66a8d1',3,'2018-04-15 04:01:18',NULL,0),(520,'playerVirtual8','playerVirtual8_4246147567',0,'2018-04-15 04:01:19',NULL,0),(521,'playerVirtual26','playerVirtual26_6566788',0,'2018-04-15 04:01:47',NULL,0),(522,'playerVirtual26','playerVirtual26_6566788',0,'2018-04-15 04:01:47',NULL,0),(523,'playerVirtual26','playerVirtual26_79479b83c2',3,'2018-04-15 04:02:47',NULL,0),(524,'playerVirtual1','playerVirtual1_3338579772',0,'2018-04-15 04:03:18',NULL,0),(525,'playerVirtual1','playerVirtual1_3338579772',0,'2018-04-15 04:03:18',NULL,0),(526,'playerVirtual3','playerVirtual3_4246147567',1,'2018-04-15 04:03:23',NULL,0),(527,'playerVirtual3','playerVirtual3_a45e8918b4',3,'2018-04-15 04:03:23',NULL,0),(528,'playerVirtual3','playerVirtual3_4246147567',1,'2018-04-15 04:03:23',NULL,0),(529,'playerVirtual32','playerVirtual32_e441850466',4,'2018-04-15 04:03:49',NULL,0),(530,'playerVirtual1','playerVirtual1_9edec42532',3,'2018-04-15 04:04:18',NULL,0),(531,'playerVirtual26','playerVirtual26_905587d984',4,'2018-04-15 04:04:25',NULL,0),(532,'playerVirtual2','playerVirtual2_6a9e7dab5a',3,'2018-04-15 04:07:27',NULL,0),(533,'playerVirtual22','playerVirtual22_6566788',0,'2018-04-15 04:07:49',NULL,0),(534,'playerVirtual22','playerVirtual22_6566788',0,'2018-04-15 04:07:49',NULL,0),(535,'playerVirtual9','playerVirtual9_4246147567',0,'2018-04-15 04:08:28',NULL,0),(536,'playerVirtual9','playerVirtual9_cdebd3f794',3,'2018-04-15 04:08:28',NULL,0),(537,'playerVirtual9','playerVirtual9_4246147567',0,'2018-04-15 04:08:28',NULL,0),(538,'playerVirtual33','playerVirtual33_28b200302f',4,'2018-04-15 04:08:45',NULL,0),(539,'playerVirtual22','playerVirtual22_1f297102ed',3,'2018-04-15 04:08:49',NULL,0),(540,'playerVirtual34','playerVirtual34_605586440f',4,'2018-04-15 04:13:49',NULL,0),(541,'playerVirtual8','playerVirtual8_695965449a',4,'2018-04-15 04:13:54',NULL,0),(542,'playerVirtual5','playerVirtual5_4246147567',1,'2018-04-15 04:14:41',NULL,0),(543,'playerVirtual5','playerVirtual5_357ff6d6e5',4,'2018-04-15 04:14:41',NULL,0),(544,'playerVirtual5','playerVirtual5_4246147567',1,'2018-04-15 04:14:41',NULL,0),(545,'playerVirtual0','playerVirtual0_4246147567',0,'2018-04-15 04:14:57',NULL,0),(546,'playerVirtual22','playerVirtual22_4246147567',0,'2018-04-15 04:14:58',NULL,0),(547,'playerVirtual0','playerVirtual0_baa4ad0812',4,'2018-04-15 04:14:58',NULL,0),(548,'playerVirtual0','playerVirtual0_4246147567',0,'2018-04-15 04:14:58',NULL,0),(549,'playerVirtual22','playerVirtual22_903dfe32e3',4,'2018-04-15 04:14:58',NULL,0),(550,'playerVirtual22','playerVirtual22_4246147567',0,'2018-04-15 04:14:58',NULL,0),(551,'playerVirtual6','playerVirtual6_4246147567',0,'2018-04-15 04:16:08',NULL,0),(552,'playerVirtual6','playerVirtual6_33e5e43630',3,'2018-04-15 04:16:08',NULL,0),(553,'playerVirtual6','playerVirtual6_4246147567',0,'2018-04-15 04:16:09',NULL,0),(554,'playerVirtual7','playerVirtual7_16917741',1,'2018-04-15 04:16:29',NULL,0),(555,'playerVirtual7','playerVirtual7_c2a0bbc4a9',4,'2018-04-15 04:16:29',NULL,0),(556,'playerVirtual7','playerVirtual7_16917741',1,'2018-04-15 04:16:30',NULL,0),(557,'playerVirtual3','playerVirtual3_82730999',1,'2018-04-15 04:17:37',NULL,0),(558,'playerVirtual3','playerVirtual3_17976f9b32',4,'2018-04-15 04:17:37',NULL,0),(559,'playerVirtual3','playerVirtual3_82730999',1,'2018-04-15 04:17:38',NULL,0),(560,'playerVirtual1','playerVirtual1_4246147567',0,'2018-04-15 04:18:24',NULL,0),(561,'playerVirtual1','playerVirtual1_b5cc0cfcad',4,'2018-04-15 04:18:24',NULL,0),(562,'playerVirtual1','playerVirtual1_4246147567',0,'2018-04-15 04:18:24',NULL,0),(563,'playerVirtual35','playerVirtual35_54fece8f29',4,'2018-04-15 04:18:46',NULL,0),(564,'playerVirtual4','playerVirtual4_5297461910',1,'2018-04-15 04:19:39',NULL,0),(565,'playerVirtual4','playerVirtual4_ed128c2a76',4,'2018-04-15 04:19:39',NULL,0),(566,'playerVirtual4','playerVirtual4_5297461910',1,'2018-04-15 04:19:39',NULL,0),(567,'playerVirtual2','playerVirtual2_990694203',0,'2018-04-15 04:22:04',NULL,0),(568,'playerVirtual2','playerVirtual2_990694203',0,'2018-04-15 04:22:05',NULL,0),(569,'playerVirtual2','playerVirtual2_f875be32b6',4,'2018-04-15 04:23:05',NULL,0),(570,'playerVirtual36','playerVirtual36_4ee73cfa2f',4,'2018-04-15 04:23:49',NULL,0),(571,'playerVirtual9','playerVirtual9_4246147567',1,'2018-04-15 04:24:59',NULL,0),(572,'playerVirtual9','playerVirtual9_cee60db5e0',4,'2018-04-15 04:24:59',NULL,0),(573,'playerVirtual9','playerVirtual9_4246147567',1,'2018-04-15 04:24:59',NULL,0),(574,'playerVirtual0','playerVirtual0_ba1da70b70',3,'2018-04-15 04:25:31',NULL,0),(575,'playerVirtual37','playerVirtual37_a4d87980bc',4,'2018-04-15 04:28:42',NULL,0),(576,'playerVirtual6','playerVirtual6_7864d3cc18',4,'2018-04-15 04:29:54',NULL,0),(577,'playerVirtual31','playerVirtual31_4246147567',0,'2018-04-15 04:30:28',NULL,0),(578,'playerVirtual31','playerVirtual31_4246147567',0,'2018-04-15 04:30:28',NULL,0),(579,'playerVirtual31','playerVirtual31_714e82a1dc',3,'2018-04-15 04:31:28',NULL,0),(580,'playerVirtual7','playerVirtual7_794070039',1,'2018-04-15 04:32:23',NULL,0),(581,'playerVirtual7','playerVirtual7_e0ff02633d',3,'2018-04-15 04:32:23',NULL,0),(582,'playerVirtual7','playerVirtual7_794070039',1,'2018-04-15 04:32:24',NULL,0),(583,'playerVirtual31','playerVirtual31_4246147567',1,'2018-04-15 04:32:29',NULL,0),(584,'playerVirtual31','playerVirtual31_0901612471',4,'2018-04-15 04:32:30',NULL,0),(585,'playerVirtual31','playerVirtual31_4246147567',1,'2018-04-15 04:32:30',NULL,0),(586,'playerVirtual4','playerVirtual4_4246147567',0,'2018-04-15 04:33:33',NULL,0),(587,'playerVirtual4','playerVirtual4_c911ec6429',3,'2018-04-15 04:33:33',NULL,0),(588,'playerVirtual4','playerVirtual4_4246147567',0,'2018-04-15 04:33:33',NULL,0),(589,'playerVirtual38','playerVirtual38_f09f598d1e',4,'2018-04-15 04:33:50',NULL,0),(590,'playerVirtual5','playerVirtual5_4246147567',0,'2018-04-15 04:36:44',NULL,0),(591,'playerVirtual5','playerVirtual5_4f290df774',3,'2018-04-15 04:36:44',NULL,0),(592,'playerVirtual5','playerVirtual5_4246147567',0,'2018-04-15 04:36:44',NULL,0),(593,'playerVirtual8','playerVirtual8_4820318661',0,'2018-04-15 04:37:16',NULL,0),(594,'playerVirtual8','playerVirtual8_4820318661',0,'2018-04-15 04:37:16',NULL,0);
/*!40000 ALTER TABLE `REQUEST` ENABLE KEYS */;
UNLOCK TABLES;

--
-- Table structure for table `STATUS`
--

DROP TABLE IF EXISTS `STATUS`;
/*!40101 SET @saved_cs_client     = @@character_set_client */;
/*!40101 SET character_set_client = utf8 */;
CREATE TABLE `STATUS` (
  `id` int(11) NOT NULL AUTO_INCREMENT,
  `players` int(11) DEFAULT '0',
  `all_requests` int(11) DEFAULT '0',
  `accepts` int(11) DEFAULT '0',
  `rejects` int(11) DEFAULT '0',
  `fairness` double DEFAULT '0',
  `timestamp` timestamp NULL DEFAULT NULL,
  PRIMARY KEY (`id`)
) ENGINE=InnoDB AUTO_INCREMENT=32 DEFAULT CHARSET=utf8;
/*!40101 SET character_set_client = @saved_cs_client */;

--
-- Dumping data for table `STATUS`
--

LOCK TABLES `STATUS` WRITE;
/*!40000 ALTER TABLE `STATUS` DISABLE KEYS */;
INSERT INTO `STATUS` VALUES (1,0,0,0,0,0,'2018-04-15 02:07:29'),(2,10,20,0,0,0,'2018-04-15 02:12:29'),(3,11,31,20,1,0.6452,'2018-04-15 02:17:30'),(4,12,44,30,2,0.6818,'2018-04-15 02:22:30'),(5,13,60,41,6,0.6833,'2018-04-15 02:27:30'),(6,14,66,54,10,0.8182,'2018-04-15 02:32:30'),(7,15,73,56,11,0.7671,'2018-04-15 02:37:30'),(8,16,84,61,17,0.7262,'2018-04-15 02:42:30'),(9,17,88,66,19,0.75,'2018-04-15 02:47:31'),(10,18,91,69,21,0.7582,'2018-04-15 02:52:31'),(11,19,94,70,22,0.7447,'2018-04-15 02:57:31'),(12,20,97,72,24,0.7423,'2018-04-15 03:02:31'),(13,21,100,73,25,0.73,'2018-04-15 03:07:32'),(14,22,102,74,28,0.7255,'2018-04-15 03:12:32'),(15,23,105,74,29,0.7048,'2018-04-15 03:17:32'),(16,24,110,76,30,0.6909,'2018-04-15 03:22:32'),(17,25,111,79,32,0.7117,'2018-04-15 03:27:32'),(18,26,112,79,33,0.7054,'2018-04-15 03:32:32'),(19,27,116,79,33,0.681,'2018-04-15 03:37:32'),(20,28,118,81,35,0.6864,'2018-04-15 03:42:33'),(21,29,120,81,37,0.675,'2018-04-15 03:47:33'),(22,30,122,82,39,0.6721,'2018-04-15 03:52:33'),(23,31,124,83,40,0.6694,'2018-04-15 03:57:33'),(24,32,127,84,41,0.6614,'2018-04-15 04:02:33'),(25,33,128,84,43,0.6562,'2018-04-15 04:07:33'),(26,34,130,85,44,0.6538,'2018-04-15 04:12:33'),(27,35,133,86,45,0.6466,'2018-04-15 04:17:34'),(28,36,135,88,45,0.6519,'2018-04-15 04:22:34'),(29,37,135,89,46,0.6593,'2018-04-15 04:27:34'),(30,38,136,90,46,0.6618,'2018-04-15 04:32:34'),(31,39,139,90,47,0.6475,'2018-04-15 04:37:34');
/*!40000 ALTER TABLE `STATUS` ENABLE KEYS */;
UNLOCK TABLES;

--
-- Table structure for table `THRESHOLD`
--

DROP TABLE IF EXISTS `THRESHOLD`;
/*!40101 SET @saved_cs_client     = @@character_set_client */;
/*!40101 SET character_set_client = utf8 */;
CREATE TABLE `THRESHOLD` (
  `division` int(11) NOT NULL,
  `botton` double DEFAULT '0',
  `top` double DEFAULT '0',
  PRIMARY KEY (`division`)
) ENGINE=InnoDB DEFAULT CHARSET=utf8;
/*!40101 SET character_set_client = @saved_cs_client */;

--
-- Dumping data for table `THRESHOLD`
--

LOCK TABLES `THRESHOLD` WRITE;
/*!40000 ALTER TABLE `THRESHOLD` DISABLE KEYS */;
INSERT INTO `THRESHOLD` VALUES (1,8.76,20),(2,4.38,8.76),(3,0,4.38);
/*!40000 ALTER TABLE `THRESHOLD` ENABLE KEYS */;
UNLOCK TABLES;

--
-- Table structure for table `VM`
--

DROP TABLE IF EXISTS `VM`;
/*!40101 SET @saved_cs_client     = @@character_set_client */;
/*!40101 SET character_set_client = utf8 */;
CREATE TABLE `VM` (
  `id` int(11) NOT NULL AUTO_INCREMENT,
  `origin_add` varchar(45) NOT NULL,
  `origin_id` varchar(45) NOT NULL,
  `origin_name` varchar(45) NOT NULL,
  `destiny_add` varchar(45) NOT NULL,
  `destiny_name` varchar(45) NOT NULL,
  `destiny_id` varchar(45) NOT NULL,
  `status` tinyint(1) NOT NULL,
  `has_resources` tinyint(1) NOT NULL,
  `vcpus` int(11) NOT NULL,
  `mem` bigint(20) NOT NULL,
  `disk` bigint(20) NOT NULL,
  `timestamp_received` timestamp NULL DEFAULT NULL,
  `timestamp_finished` timestamp NULL DEFAULT NULL,
  PRIMARY KEY (`id`)
) ENGINE=InnoDB AUTO_INCREMENT=140 DEFAULT CHARSET=utf8;
/*!40101 SET character_set_client = @saved_cs_client */;

--
-- Dumping data for table `VM`
--

LOCK TABLES `VM` WRITE;
/*!40000 ALTER TABLE `VM` DISABLE KEYS */;
INSERT INTO `VM` VALUES (1,'192.168.0.200','playerVirtual4_450512000','playerVirtual4','192.168.0.200','playerVirtual1','playerVirtual1_174878b08c',1,1,1,2048,20,'2018-04-15 02:09:39',NULL),(2,'192.168.0.200','playerVirtual1_1438244924','playerVirtual1','192.168.0.200','playerVirtual4','playerVirtual4_cf02e16512',3,1,1,2048,20,'2018-04-15 02:09:42','2018-04-15 02:39:49'),(3,'192.168.0.200','playerVirtual8_640692267','playerVirtual8','192.168.0.200','playerVirtual2','playerVirtual2_92c951216f',1,1,1,512,1,'2018-04-15 02:09:45',NULL),(4,'192.168.0.200','playerVirtual2_2381571381','playerVirtual2','192.168.0.200','playerVirtual8','playerVirtual8_e3d61eb085',3,1,1,2048,20,'2018-04-15 02:09:46','2018-04-15 02:46:55'),(5,'192.168.0.200','playerVirtual3_5297461910','playerVirtual3','192.168.0.200','playerVirtual5','playerVirtual5_4e320b75d1',3,1,1,512,1,'2018-04-15 02:09:47','2018-04-15 02:55:44'),(6,'192.168.0.200','playerVirtual5_2790332778','playerVirtual5','192.168.0.200','playerVirtual3','playerVirtual3_760a5e4be6',1,1,2,4096,40,'2018-04-15 02:09:50',NULL),(7,'192.168.0.200','playerVirtual7_369721705','playerVirtual7','192.168.0.200','playerVirtual6','playerVirtual6_23a77a7e31',1,1,2,4096,40,'2018-04-15 02:09:51',NULL),(8,'192.168.0.200','playerVirtual6_317469422','playerVirtual6','192.168.0.200','playerVirtual7','playerVirtual7_d9d32e4284',1,1,2,4096,40,'2018-04-15 02:09:52',NULL),(9,'192.168.0.200','playerVirtual0_6955737','playerVirtual0','192.168.0.200','playerVirtual9','playerVirtual9_b81069a6f5',3,1,1,2048,20,'2018-04-15 02:09:52','2018-04-15 02:40:46'),(10,'192.168.0.200','playerVirtual9_257338104','playerVirtual9','192.168.0.200','playerVirtual0','playerVirtual0_2bea96ecaa',1,1,2,4096,40,'2018-04-15 02:09:53',NULL),(11,'192.168.0.200','playerVirtual4_3584940347','playerVirtual4','192.168.0.200','playerVirtual1','playerVirtual1_7ebc53d6ba',1,1,1,512,1,'2018-04-15 02:11:52',NULL),(12,'192.168.0.200','playerVirtual1_2433236783','playerVirtual1','192.168.0.200','playerVirtual4','playerVirtual4_0151f82e53',1,1,1,2048,20,'2018-04-15 02:11:52',NULL),(13,'192.168.0.200','playerVirtual8_3338579772','playerVirtual8','192.168.0.200','playerVirtual2','playerVirtual2_4c9e0ba847',3,1,1,2048,20,'2018-04-15 02:11:53','2018-04-15 02:45:39'),(14,'192.168.0.200','playerVirtual2_257407216','playerVirtual2','192.168.0.200','playerVirtual5','playerVirtual5_20c0f309ae',1,1,2,4096,40,'2018-04-15 02:11:53',NULL),(15,'192.168.0.200','playerVirtual3_182859403','playerVirtual3','192.168.0.200','playerVirtual7','playerVirtual7_d27872dc28',3,1,1,512,1,'2018-04-15 02:12:00','2018-04-15 02:32:20'),(16,'192.168.0.200','playerVirtual5_2359368952','playerVirtual5','192.168.0.200','playerVirtual3','playerVirtual3_b851a0d11c',3,1,1,512,1,'2018-04-15 02:12:04','2018-04-15 02:26:50'),(17,'192.168.0.200','playerVirtual7_16917741','playerVirtual7','192.168.0.200','playerVirtual6','playerVirtual6_7440d1460d',3,1,1,512,1,'2018-04-15 02:12:07','2018-04-15 04:16:30'),(18,'192.168.0.200','playerVirtual6_2545640208','playerVirtual6','192.168.0.200','playerVirtual0','playerVirtual0_b771262aca',1,1,1,2048,20,'2018-04-15 02:12:16',NULL),(19,'192.168.0.200','playerVirtual0_908315','playerVirtual0','192.168.0.200','playerVirtual9','playerVirtual9_afcc2bd6c7',3,1,1,2048,20,'2018-04-15 02:12:17','2018-04-15 03:03:20'),(20,'192.168.0.200','playerVirtual9_539194189','playerVirtual9','192.168.0.200','playerVirtual4','playerVirtual4_3ae9954f7b',3,1,1,2048,20,'2018-04-15 02:12:25','2018-04-15 03:11:28'),(21,'192.168.0.200','playerVirtual4_4820204870','playerVirtual4','192.168.0.200','playerVirtual10','playerVirtual10_e5158b2fda',3,1,2,4096,40,'2018-04-15 02:15:06','2018-04-15 02:32:03'),(22,'192.168.0.200','playerVirtual1_8058564','playerVirtual1','192.168.0.200','playerVirtual2','playerVirtual2_36f349131a',1,1,1,2048,20,'2018-04-15 02:15:59',NULL),(23,'192.168.0.200','playerVirtual8_1429160667','playerVirtual8','192.168.0.200','playerVirtual1','playerVirtual1_5069f95d48',1,1,1,2048,20,'2018-04-15 02:16:03',NULL),(24,'192.168.0.200','playerVirtual2_3338010893','playerVirtual2','192.168.0.200','playerVirtual5','playerVirtual5_25a715af8a',1,1,1,512,1,'2018-04-15 02:16:05',NULL),(25,'192.168.0.200','playerVirtual3_82730999','playerVirtual3','192.168.0.200','playerVirtual7','playerVirtual7_b7f88dd1c3',3,1,1,512,1,'2018-04-15 02:16:10','2018-04-15 04:17:38'),(26,'192.168.0.200','playerVirtual5_351652724','playerVirtual5','192.168.0.200','playerVirtual3','playerVirtual3_40d017b300',1,1,1,2048,20,'2018-04-15 02:16:15',NULL),(27,'192.168.0.200','playerVirtual7_6571218','playerVirtual7','192.168.0.200','playerVirtual0','playerVirtual0_9820d947e2',1,1,1,2048,20,'2018-04-15 02:16:16',NULL),(28,'192.168.0.200','playerVirtual6_778566023','playerVirtual6','192.168.0.200','playerVirtual9','playerVirtual9_cff2a32eab',1,1,1,512,1,'2018-04-15 02:16:18',NULL),(29,'192.168.0.200','playerVirtual0_1436344784','playerVirtual0','192.168.0.200','playerVirtual10','playerVirtual10_06433b9f64',2,1,1,2048,20,'2018-04-15 02:16:22','2018-04-15 02:16:37'),(30,'192.168.0.200','playerVirtual9_1339662','playerVirtual9','192.168.0.200','playerVirtual2','playerVirtual2_f4ff2daf85',1,1,1,2048,20,'2018-04-15 02:16:25',NULL),(31,'192.168.0.200','playerVirtual10_317497342','playerVirtual10','192.168.0.200','playerVirtual1','playerVirtual1_2bc3c2ee5d',1,1,1,512,1,'2018-04-15 02:17:17',NULL),(32,'192.168.0.200','playerVirtual4_284794223','playerVirtual4','192.168.0.200','playerVirtual5','playerVirtual5_ecd18ff1d7',1,1,1,2048,20,'2018-04-15 02:18:25',NULL),(33,'192.168.0.200','playerVirtual1_359920779','playerVirtual1','192.168.0.200','playerVirtual4','playerVirtual4_749b9f6367',3,1,1,512,1,'2018-04-15 02:18:25','2018-04-15 03:33:25'),(34,'192.168.0.200','playerVirtual8_904011','playerVirtual8','192.168.0.200','playerVirtual10','playerVirtual10_8349c4d6a1',3,1,1,2048,20,'2018-04-15 02:18:26','2018-04-15 03:04:45'),(35,'192.168.0.200','playerVirtual2_2904109077','playerVirtual2','192.168.0.200','playerVirtual7','playerVirtual7_80026cb4a2',1,1,1,512,1,'2018-04-15 02:18:27',NULL),(36,'192.168.0.200','playerVirtual3_257338074','playerVirtual3','192.168.0.200','playerVirtual0','playerVirtual0_234fd9a92e',1,1,2,4096,40,'2018-04-15 02:18:35',NULL),(37,'192.168.0.200','playerVirtual5_905614','playerVirtual5','192.168.0.200','playerVirtual3','playerVirtual3_8a92374668',1,1,1,2048,20,'2018-04-15 02:18:42',NULL),(38,'192.168.0.200','playerVirtual7_1093460','playerVirtual7','192.168.0.200','playerVirtual9','playerVirtual9_a1f4861a74',1,1,1,512,1,'2018-04-15 02:18:43',NULL),(39,'192.168.0.200','playerVirtual6_6569547','playerVirtual6','192.168.0.200','playerVirtual11','playerVirtual11_8305f7d4f3',1,1,1,2048,20,'2018-04-15 02:18:52',NULL),(40,'192.168.0.200','playerVirtual0_470485660','playerVirtual0','192.168.0.200','playerVirtual1','playerVirtual1_380bd15b22',1,1,2,4096,40,'2018-04-15 02:18:54',NULL),(41,'192.168.0.200','playerVirtual9_30788568','playerVirtual9','192.168.0.200','playerVirtual4','playerVirtual4_9fc412e824',1,1,1,512,1,'2018-04-15 02:19:05',NULL),(42,'192.168.0.200','playerVirtual10_5792765','playerVirtual10','192.168.0.200','playerVirtual11','playerVirtual11_a5af34d2c9',2,1,1,512,1,'2018-04-15 02:19:26','2018-04-15 02:19:44'),(43,'192.168.0.200','playerVirtual4_400453824','playerVirtual4','192.168.0.200','playerVirtual5','playerVirtual5_d6c9587ba8',1,1,1,512,1,'2018-04-15 02:21:54',NULL),(44,'192.168.0.200','playerVirtual11_38671842','playerVirtual11','192.168.0.200','playerVirtual10','playerVirtual10_d92c2b31bd',2,1,1,512,1,'2018-04-15 02:22:29','2018-04-15 02:22:50'),(45,'192.168.0.200','playerVirtual1_4820318661','playerVirtual1','192.168.0.200','playerVirtual7','playerVirtual7_9324cfc840',1,1,2,4096,40,'2018-04-15 02:22:55',NULL),(46,'192.168.0.200','playerVirtual8_4819935267','playerVirtual8','192.168.0.200','playerVirtual11','playerVirtual11_abe936b1d1',2,1,2,4096,40,'2018-04-15 02:23:00','2018-04-15 02:23:54'),(47,'192.168.0.200','playerVirtual2_4820217293','playerVirtual2','192.168.0.200','playerVirtual3','playerVirtual3_b6ef9f2484',1,1,2,4096,40,'2018-04-15 02:23:05',NULL),(48,'192.168.0.200','playerVirtual3_6264344062','playerVirtual3','192.168.0.200','playerVirtual9','playerVirtual9_36242a027a',3,1,1,512,1,'2018-04-15 02:23:10','2018-04-15 02:45:01'),(49,'192.168.0.200','playerVirtual5_2378747961','playerVirtual5','192.168.0.200','playerVirtual1','playerVirtual1_46fe607f66',3,1,1,512,1,'2018-04-15 02:23:25','2018-04-15 02:49:58'),(50,'192.168.0.200','playerVirtual7_5068098508','playerVirtual7','192.168.0.200','playerVirtual4','playerVirtual4_1d1e3d96c2',3,1,1,2048,20,'2018-04-15 02:23:30','2018-04-15 03:04:12'),(51,'192.168.0.200','playerVirtual6_227443932','playerVirtual6','192.168.0.200','playerVirtual12','playerVirtual12_ea5c7357f2',2,1,1,2048,20,'2018-04-15 02:24:46','2018-04-15 02:24:57'),(52,'192.168.0.200','playerVirtual0_1095593','playerVirtual0','192.168.0.200','playerVirtual5','playerVirtual5_39157139e6',3,1,1,512,1,'2018-04-15 02:24:51','2018-04-15 02:52:48'),(53,'192.168.0.200','playerVirtual9_2148750930','playerVirtual9','192.168.0.200','playerVirtual10','playerVirtual10_91db428af8',1,1,1,2048,20,'2018-04-15 02:24:58',NULL),(54,'192.168.0.200','playerVirtual10_563574327','playerVirtual10','192.168.0.200','playerVirtual11','playerVirtual11_fb80530fe7',1,1,1,2048,20,'2018-04-15 02:25:54',NULL),(55,'192.168.0.200','playerVirtual11_16915963','playerVirtual11','192.168.0.200','playerVirtual12','playerVirtual12_87c176bfe0',2,1,1,2048,20,'2018-04-15 02:26:24','2018-04-15 02:27:03'),(56,'192.168.0.200','playerVirtual4_765651','playerVirtual4','192.168.0.200','playerVirtual7','playerVirtual7_fe9d949d4c',1,1,1,2048,20,'2018-04-15 02:27:04',NULL),(57,'192.168.0.200','playerVirtual1_284757920','playerVirtual1','192.168.0.200','playerVirtual3','playerVirtual3_b3e45c81fd',1,1,1,2048,20,'2018-04-15 02:27:11',NULL),(58,'192.168.0.200','playerVirtual8_272887063','playerVirtual8','192.168.0.200','playerVirtual10','playerVirtual10_62aa837beb',3,1,1,2048,20,'2018-04-15 02:27:14','2018-04-15 02:34:00'),(59,'192.168.0.200','playerVirtual2_6274355716','playerVirtual2','192.168.0.200','playerVirtual1','playerVirtual1_49228cd44d',3,1,1,512,1,'2018-04-15 02:27:19','2018-04-15 02:54:49'),(60,'192.168.0.200','playerVirtual3_38676294','playerVirtual3','192.168.0.200','playerVirtual11','playerVirtual11_eba2c35094',1,1,1,512,1,'2018-04-15 02:27:27',NULL),(61,'192.168.0.200','playerVirtual7_182859403','playerVirtual7','192.168.0.200','playerVirtual12','playerVirtual12_081b5c8965',3,1,1,512,1,'2018-04-15 02:28:36','2018-04-15 02:55:33'),(62,'192.168.0.200','playerVirtual6_4820204870','playerVirtual6','192.168.0.200','playerVirtual13','playerVirtual13_d7c426a052',2,1,2,4096,40,'2018-04-15 02:29:01','2018-04-15 02:29:09'),(63,'192.168.0.200','playerVirtual0_990694203','playerVirtual0','192.168.0.200','playerVirtual10','playerVirtual10_ba74dfd38b',2,1,1,2048,20,'2018-04-15 02:29:20','2018-04-15 02:30:12'),(64,'192.168.0.200','playerVirtual12_5623125514','playerVirtual12','192.168.0.200','playerVirtual11','playerVirtual11_d9363c6e7b',2,1,1,2048,20,'2018-04-15 02:29:28','2018-04-15 02:30:12'),(65,'192.168.0.200','playerVirtual9_990694203','playerVirtual9','192.168.0.200','playerVirtual12','playerVirtual12_1023bda168',2,1,1,2048,20,'2018-04-15 02:29:45','2018-04-15 02:30:13'),(66,'192.168.0.200','playerVirtual10_6280643141','playerVirtual10','192.168.0.200','playerVirtual13','playerVirtual13_725c1f18f0',2,1,1,512,1,'2018-04-15 02:30:13','2018-04-15 04:04:50'),(67,'192.168.0.200','playerVirtual5_6280638724','playerVirtual5','192.168.0.200','playerVirtual7','playerVirtual7_5c1f23e4a3',1,1,1,512,1,'2018-04-15 02:33:09',NULL),(68,'192.168.0.200','playerVirtual11_4476462938','playerVirtual11','192.168.0.200','playerVirtual10','playerVirtual10_550d3ddf37',2,1,1,2048,20,'2018-04-15 02:33:24','2018-04-15 02:34:25'),(69,'192.168.0.200','playerVirtual1_272887063','playerVirtual1','192.168.0.200','playerVirtual14','playerVirtual14_d7fae9e60f',3,1,1,2048,20,'2018-04-15 02:33:56','2018-04-15 03:43:39'),(70,'192.168.0.200','playerVirtual2_6282149131','playerVirtual2','192.168.0.200','playerVirtual11','playerVirtual11_709a38a4aa',1,1,1,512,1,'2018-04-15 02:34:07',NULL),(71,'192.168.0.200','playerVirtual6_1436323714','playerVirtual6','192.168.0.200','playerVirtual13','playerVirtual13_97cb2083c0',1,1,1,2048,20,'2018-04-15 02:36:01',NULL),(72,'192.168.0.200','playerVirtual13_2359368952','playerVirtual13','192.168.0.200','playerVirtual10','playerVirtual10_b5f415ac00',1,1,1,512,1,'2018-04-15 02:36:46',NULL),(73,'192.168.0.200','playerVirtual10_214880781','playerVirtual10','192.168.0.200','playerVirtual14','playerVirtual14_1438462b1b',2,1,1,2048,20,'2018-04-15 02:37:19','2018-04-15 02:37:36'),(74,'192.168.0.200','playerVirtual4_1094955','playerVirtual4','192.168.0.200','playerVirtual3','playerVirtual3_75fc86ffb7',1,1,1,512,1,'2018-04-15 02:37:36',NULL),(75,'192.168.0.200','playerVirtual3_16914091','playerVirtual3','192.168.0.200','playerVirtual1','playerVirtual1_ed43b57420',1,1,1,2048,20,'2018-04-15 02:37:57',NULL),(76,'192.168.0.200','playerVirtual8_6285257156','playerVirtual8','192.168.0.200','playerVirtual11','playerVirtual11_378dc119ce',2,1,1,512,1,'2018-04-15 02:38:07','2018-04-15 02:38:38'),(77,'192.168.0.200','playerVirtual5_6955737','playerVirtual5','192.168.0.200','playerVirtual13','playerVirtual13_25a9605e51',2,1,1,2048,20,'2018-04-15 02:38:09','2018-04-15 02:38:39'),(78,'192.168.0.200','playerVirtual11_6955737','playerVirtual11','192.168.0.200','playerVirtual15','playerVirtual15_1478035265',1,1,1,2048,20,'2018-04-15 02:38:55',NULL),(79,'192.168.0.200','playerVirtual7_182859403','playerVirtual7','192.168.0.200','playerVirtual10','playerVirtual10_2b2a74a3d5',3,1,1,512,1,'2018-04-15 02:39:19','2018-04-15 02:55:33'),(80,'192.168.0.200','playerVirtual2_3338579772','playerVirtual2','192.168.0.200','playerVirtual14','playerVirtual14_3aef40eab7',2,1,1,2048,20,'2018-04-15 02:39:58','2018-04-15 02:40:45'),(81,'192.168.0.200','playerVirtual13_6289355687','playerVirtual13','192.168.0.200','playerVirtual11','playerVirtual11_4ac6f4bf1a',2,1,1,512,1,'2018-04-15 02:41:06','2018-04-15 02:41:48'),(82,'192.168.0.200','playerVirtual9_2381571381','playerVirtual9','192.168.0.200','playerVirtual13','playerVirtual13_163b5abc6f',2,1,1,2048,20,'2018-04-15 02:41:33','2018-04-15 02:41:48'),(83,'192.168.0.200','playerVirtual6_2378747961','playerVirtual6','192.168.0.200','playerVirtual15','playerVirtual15_5efadef387',3,1,1,512,1,'2018-04-15 02:41:51','2018-04-15 02:50:21'),(84,'192.168.0.200','playerVirtual14_6641406','playerVirtual14','192.168.0.200','playerVirtual10','playerVirtual10_832992d81f',2,1,1,2048,20,'2018-04-15 02:42:28','2018-04-15 02:42:53'),(85,'192.168.0.200','playerVirtual10_1438244924','playerVirtual10','192.168.0.200','playerVirtual14','playerVirtual14_d6f77af8a9',2,1,1,2048,20,'2018-04-15 02:43:38','2018-04-15 02:43:56'),(86,'192.168.0.200','playerVirtual4_6289704471','playerVirtual4','192.168.0.200','playerVirtual16','playerVirtual16_6c0dd40bed',3,1,1,512,1,'2018-04-15 02:44:34','2018-04-15 03:03:58'),(87,'192.168.0.200','playerVirtual7_794070039','playerVirtual7','192.168.0.200','playerVirtual9','playerVirtual9_4097a97641',3,1,1,512,1,'2018-04-15 02:45:36','2018-04-15 04:32:24'),(88,'192.168.0.200','playerVirtual1_990694203','playerVirtual1','192.168.0.200','playerVirtual8','playerVirtual8_4901a2e127',3,1,1,2048,20,'2018-04-15 02:47:30','2018-04-15 02:53:27'),(89,'192.168.0.200','playerVirtual15_1436344784','playerVirtual15','192.168.0.200','playerVirtual17','playerVirtual17_8cd1bd66bb',2,1,1,2048,20,'2018-04-15 02:49:31','2018-04-15 02:50:17'),(90,'192.168.0.200','playerVirtual14_6264344062','playerVirtual14','192.168.0.200','playerVirtual15','playerVirtual15_5dd70e0df3',2,1,1,2048,20,'2018-04-15 02:50:29','2018-04-15 02:51:20'),(91,'192.168.0.200','playerVirtual9_182859403','playerVirtual9','192.168.0.200','playerVirtual2','playerVirtual2_0d02526f61',3,1,1,512,1,'2018-04-15 02:51:46','2018-04-15 02:58:43'),(92,'192.168.0.200','playerVirtual10_6301942525','playerVirtual10','192.168.0.200','playerVirtual18','playerVirtual18_ffb63fd765',2,1,1,512,1,'2018-04-15 02:55:39','2018-04-15 02:56:36'),(93,'192.168.0.200','playerVirtual4_5297461910','playerVirtual4','192.168.0.200','playerVirtual5','playerVirtual5_44270a9d4e',3,1,1,512,1,'2018-04-15 02:56:37','2018-04-15 04:19:39'),(94,'192.168.0.200','playerVirtual8_6289704471','playerVirtual8','192.168.0.200','playerVirtual10','playerVirtual10_b59c669983',3,1,1,2048,20,'2018-04-15 02:57:12','2018-04-15 03:17:22'),(95,'192.168.0.200','playerVirtual16_990694203','playerVirtual16','192.168.0.200','playerVirtual19','playerVirtual19_500519fe31',2,1,1,2048,20,'2018-04-15 02:58:45','2018-04-15 02:59:44'),(96,'192.168.0.200','playerVirtual15_4246147567','playerVirtual15','192.168.0.200','playerVirtual16','playerVirtual16_d367d65e47',2,1,2,4096,40,'2018-04-15 03:00:15','2018-04-15 03:00:47'),(97,'192.168.0.200','playerVirtual6_539194189','playerVirtual6','192.168.0.200','playerVirtual8','playerVirtual8_5826e1d391',1,1,1,2048,20,'2018-04-15 03:01:51',NULL),(98,'192.168.0.200','playerVirtual5_182859403','playerVirtual5','192.168.0.200','playerVirtual20','playerVirtual20_baca715a1c',2,1,1,512,1,'2018-04-15 03:04:20','2018-04-15 03:05:00'),(99,'192.168.0.200','playerVirtual3_4246147567','playerVirtual3','192.168.0.200','playerVirtual4','playerVirtual4_5b80969bd2',3,1,2,4096,40,'2018-04-15 03:06:35','2018-04-15 04:03:23'),(100,'192.168.0.200','playerVirtual10_4246147567','playerVirtual10','192.168.0.200','playerVirtual15','playerVirtual15_6daaf56b30',2,1,2,4096,40,'2018-04-15 03:07:25','2018-04-15 03:08:08'),(101,'192.168.0.200','playerVirtual2_6315250734','playerVirtual2','192.168.0.200','playerVirtual10','playerVirtual10_4eb4bfe36b',2,1,1,512,1,'2018-04-15 03:08:22','2018-04-15 03:09:11'),(102,'192.168.0.200','playerVirtual1_4246147567','playerVirtual1','192.168.0.200','playerVirtual21','playerVirtual21_71e03c757d',2,1,2,4096,40,'2018-04-15 03:09:25','2018-04-15 03:10:15'),(103,'192.168.0.200','playerVirtual6_4246147567','playerVirtual6','192.168.0.200','playerVirtual16','playerVirtual16_fb2293b16d',2,1,2,4096,40,'2018-04-15 03:13:24','2018-04-15 03:14:27'),(104,'192.168.0.200','playerVirtual5_4246147567','playerVirtual5','192.168.0.200','playerVirtual22','playerVirtual22_49498c5b20',3,1,2,4096,40,'2018-04-15 03:14:05','2018-04-15 04:14:41'),(105,'192.168.0.200','playerVirtual0_990694203','playerVirtual0','192.168.0.200','playerVirtual2','playerVirtual2_380d8b4095',1,1,1,2048,20,'2018-04-15 03:15:11',NULL),(106,'192.168.0.200','playerVirtual7_4246147567','playerVirtual7','192.168.0.200','playerVirtual1','playerVirtual1_db3ff96785',3,1,2,4096,40,'2018-04-15 03:18:21','2018-04-15 03:28:07'),(107,'192.168.0.200','playerVirtual2_359920779','playerVirtual2','192.168.0.200','playerVirtual23','playerVirtual23_3c6b3b36e8',2,1,1,512,1,'2018-04-15 03:19:31','2018-04-15 03:19:43'),(108,'192.168.0.200','playerVirtual4_4246147567','playerVirtual4','192.168.0.200','playerVirtual9','playerVirtual9_18b1a35f41',3,1,2,4096,40,'2018-04-15 03:20:15','2018-04-15 03:27:34'),(109,'192.168.0.200','playerVirtual16_6316827871','playerVirtual16','192.168.0.200','playerVirtual15','playerVirtual15_7a8bfe51b0',2,1,1,512,1,'2018-04-15 03:21:50','2018-04-15 03:22:51'),(110,'192.168.0.200','playerVirtual9_4246147567','playerVirtual9','192.168.0.200','playerVirtual5','playerVirtual5_16ef0bbc37',3,1,2,4096,40,'2018-04-15 03:22:31','2018-04-15 04:25:00'),(111,'192.168.0.200','playerVirtual15_4246147567','playerVirtual15','192.168.0.200','playerVirtual24','playerVirtual24_2011aa8650',2,1,2,4096,40,'2018-04-15 03:25:16','2018-04-15 03:26:01'),(112,'192.168.0.200','playerVirtual8_4246147567','playerVirtual8','192.168.0.200','playerVirtual25','playerVirtual25_1840411326',2,1,2,4096,40,'2018-04-15 03:30:17','2018-04-15 03:31:16'),(113,'192.168.0.200','playerVirtual3_6335261139','playerVirtual3','192.168.0.200','playerVirtual4','playerVirtual4_530099ed00',1,1,1,512,1,'2018-04-15 03:33:21',NULL),(114,'192.168.0.200','playerVirtual10_4246147567','playerVirtual10','192.168.0.200','playerVirtual26','playerVirtual26_d46188eadf',1,1,2,4096,40,'2018-04-15 03:34:25',NULL),(115,'192.168.0.200','playerVirtual2_4246147567','playerVirtual2','192.168.0.200','playerVirtual10','playerVirtual10_8d96708c40',2,1,2,4096,40,'2018-04-15 03:36:34','2018-04-15 03:37:34'),(116,'192.168.0.200','playerVirtual22_4246147567','playerVirtual22','192.168.0.200','playerVirtual15','playerVirtual15_0d500cc518',2,1,2,4096,40,'2018-04-15 03:37:03','2018-04-15 03:37:34'),(117,'192.168.0.200','playerVirtual6_6344084916','playerVirtual6','192.168.0.200','playerVirtual27','playerVirtual27_a27d8dcc96',2,1,1,512,1,'2018-04-15 03:41:58','2018-04-15 03:42:49'),(118,'192.168.0.200','playerVirtual0_4246147567','playerVirtual0','192.168.0.200','playerVirtual22','playerVirtual22_1218e591c2',2,1,2,4096,40,'2018-04-15 03:42:31','2018-04-15 03:42:49'),(119,'192.168.0.200','playerVirtual5_272887063','playerVirtual5','192.168.0.200','playerVirtual1','playerVirtual1_0094cf7cfc',1,1,1,2048,20,'2018-04-15 03:43:26',NULL),(120,'192.168.0.200','playerVirtual7_4246147567','playerVirtual7','192.168.0.200','playerVirtual28','playerVirtual28_498a8aebd7',2,1,2,4096,40,'2018-04-15 03:47:22','2018-04-15 03:48:03'),(121,'192.168.0.200','playerVirtual3_4246147567','playerVirtual3','192.168.0.200','playerVirtual9','playerVirtual9_cf4d1c81aa',3,1,2,4096,40,'2018-04-15 03:48:24','2018-04-15 04:03:23'),(122,'192.168.0.200','playerVirtual4_990694203','playerVirtual4','192.168.0.200','playerVirtual29','playerVirtual29_2396c3a9f7',2,1,1,2048,20,'2018-04-15 03:49:06','2018-04-15 03:50:09'),(123,'192.168.0.200','playerVirtual9_82730999','playerVirtual9','192.168.0.200','playerVirtual5','playerVirtual5_65c3bc2ba7',1,1,1,512,1,'2018-04-15 03:52:47',NULL),(124,'192.168.0.200','playerVirtual6_4820150269','playerVirtual6','192.168.0.200','playerVirtual30','playerVirtual30_dc974eb510',2,1,2,4096,40,'2018-04-15 03:56:45','2018-04-15 03:57:32'),(125,'192.168.0.200','playerVirtual5_4246147567','playerVirtual5','192.168.0.200','playerVirtual31','playerVirtual31_7c6c573941',3,1,2,4096,40,'2018-04-15 04:00:43','2018-04-15 04:14:41'),(126,'192.168.0.200','playerVirtual8_4246147567','playerVirtual8','192.168.0.200','playerVirtual26','playerVirtual26_7be8a27233',2,1,2,4096,40,'2018-04-15 04:01:19','2018-04-15 04:01:43'),(127,'192.168.0.200','playerVirtual26_6566788','playerVirtual26','192.168.0.200','playerVirtual22','playerVirtual22_b3ab33bd05',2,1,1,2048,20,'2018-04-15 04:01:47','2018-04-15 04:02:46'),(128,'192.168.0.200','playerVirtual1_3338579772','playerVirtual1','192.168.0.200','playerVirtual4','playerVirtual4_247530dd31',1,1,1,2048,20,'2018-04-15 04:03:18',NULL),(129,'192.168.0.200','playerVirtual22_6566788','playerVirtual22','192.168.0.200','playerVirtual32','playerVirtual32_132d4d0a06',2,1,1,2048,20,'2018-04-15 04:07:49','2018-04-15 04:08:02'),(130,'192.168.0.200','playerVirtual9_4246147567','playerVirtual9','192.168.0.200','playerVirtual1','playerVirtual1_e8be9e3b70',3,1,2,4096,40,'2018-04-15 04:08:28','2018-04-15 04:25:00'),(131,'192.168.0.200','playerVirtual0_4246147567','playerVirtual0','192.168.0.200','playerVirtual33','playerVirtual33_2aea9074ea',1,1,2,4096,40,'2018-04-15 04:14:58',NULL),(132,'192.168.0.200','playerVirtual22_4246147567','playerVirtual22','192.168.0.200','playerVirtual34','playerVirtual34_8cf28b3462',1,1,2,4096,40,'2018-04-15 04:14:58',NULL),(133,'192.168.0.200','playerVirtual6_4246147567','playerVirtual6','192.168.0.200','playerVirtual31','playerVirtual31_0b97b8ed3d',2,1,2,4096,40,'2018-04-15 04:16:09','2018-04-15 04:16:27'),(134,'192.168.0.200','playerVirtual1_4246147567','playerVirtual1','192.168.0.200','playerVirtual6','playerVirtual6_8b8711c34c',1,1,2,4096,40,'2018-04-15 04:18:24',NULL),(135,'192.168.0.200','playerVirtual2_990694203','playerVirtual2','192.168.0.200','playerVirtual35','playerVirtual35_6329793d1c',2,1,1,2048,20,'2018-04-15 04:22:05','2018-04-15 04:22:46'),(136,'192.168.0.200','playerVirtual31_4246147567','playerVirtual31','192.168.0.200','playerVirtual36','playerVirtual36_7a6338a1ed',3,1,2,4096,40,'2018-04-15 04:30:28','2018-04-15 04:32:30'),(137,'192.168.0.200','playerVirtual4_4246147567','playerVirtual4','192.168.0.200','playerVirtual37','playerVirtual37_c94b560acc',1,1,2,4096,40,'2018-04-15 04:33:33',NULL),(138,'192.168.0.200','playerVirtual5_4246147567','playerVirtual5','192.168.0.200','playerVirtual38','playerVirtual38_92fc3ca627',1,1,2,4096,40,'2018-04-15 04:36:44',NULL),(139,'192.168.0.200','playerVirtual8_4820318661','playerVirtual8','192.168.0.200','playerVirtual33','playerVirtual33_0f1803355a',2,1,2,4096,40,'2018-04-15 04:37:16','2018-04-15 04:37:26');
/*!40000 ALTER TABLE `VM` ENABLE KEYS */;
UNLOCK TABLES;
/*!40103 SET TIME_ZONE=@OLD_TIME_ZONE */;

/*!40101 SET SQL_MODE=@OLD_SQL_MODE */;
/*!40014 SET FOREIGN_KEY_CHECKS=@OLD_FOREIGN_KEY_CHECKS */;
/*!40014 SET UNIQUE_CHECKS=@OLD_UNIQUE_CHECKS */;
/*!40101 SET CHARACTER_SET_CLIENT=@OLD_CHARACTER_SET_CLIENT */;
/*!40101 SET CHARACTER_SET_RESULTS=@OLD_CHARACTER_SET_RESULTS */;
/*!40101 SET COLLATION_CONNECTION=@OLD_COLLATION_CONNECTION */;
/*!40111 SET SQL_NOTES=@OLD_SQL_NOTES */;

-- Dump completed on 2018-04-15  1:37:41
