-- MySQL dump 10.14  Distrib 5.5.58-MariaDB, for debian-linux-gnu (x86_64)
--
-- Host: localhost    Database: mct
-- ------------------------------------------------------
-- Server version	5.5.58-MariaDB-1ubuntu0.14.04.1

/*!40101 SET @OLD_CHARACTER_SET_CLIENT=@@CHARACTER_SET_CLIENT */;
/*!40101 SET @OLD_CHARACTER_SET_RESULTS=@@CHARACTER_SET_RESULTS */;
/*!40101 SET @OLD_COLLATION_CONNECTION=@@COLLATION_CONNECTION */;
/*!40101 SET NAMES utf8 */;
/*!40103 SET @OLD_TIME_ZONE=@@TIME_ZONE */;
/*!40103 SET TIME_ZONE='+00:00' */;
/*!40014 SET @OLD_UNIQUE_CHECKS=@@UNIQUE_CHECKS, UNIQUE_CHECKS=0 */;
/*!40014 SET @OLD_FOREIGN_KEY_CHECKS=@@FOREIGN_KEY_CHECKS, FOREIGN_KEY_CHECKS=0 */;
/*!40101 SET @OLD_SQL_MODE=@@SQL_MODE, SQL_MODE='NO_AUTO_VALUE_ON_ZERO' */;
/*!40111 SET @OLD_SQL_NOTES=@@SQL_NOTES, SQL_NOTES=0 */;

--
-- Table structure for table `FIELDS`
--

DROP TABLE IF EXISTS `FIELDS`;
/*!40101 SET @saved_cs_client     = @@character_set_client */;
/*!40101 SET character_set_client = utf8 */;
CREATE TABLE `FIELDS` (
  `operation` int(11) NOT NULL,
  `fields` varchar(45) NOT NULL,
  PRIMARY KEY (`operation`)
) ENGINE=InnoDB DEFAULT CHARSET=utf8;
/*!40101 SET character_set_client = @saved_cs_client */;

--
-- Dumping data for table `FIELDS`
--

LOCK TABLES `FIELDS` WRITE;
/*!40000 ALTER TABLE `FIELDS` DISABLE KEYS */;
INSERT INTO `FIELDS` VALUES (0,'name mem image vcpus disk uuid');
/*!40000 ALTER TABLE `FIELDS` ENABLE KEYS */;
UNLOCK TABLES;

--
-- Table structure for table `PLAYER`
--

DROP TABLE IF EXISTS `PLAYER`;
/*!40101 SET @saved_cs_client     = @@character_set_client */;
/*!40101 SET character_set_client = utf8 */;
CREATE TABLE `PLAYER` (
  `id` int(11) NOT NULL AUTO_INCREMENT,
  `name` varchar(45) NOT NULL,
  `address` varchar(45) NOT NULL,
  `division` int(11) DEFAULT NULL,
  `score` float DEFAULT '0',
  `history` int(11) DEFAULT '0',
  `fairness` float DEFAULT '0',
  `accepts` int(11) DEFAULT '0',
  `rejects` int(11) DEFAULT '0',
  `running` int(11) DEFAULT '0',
  `finished` int(11) DEFAULT '0',
  `problem_del` int(11) DEFAULT '0',
  `vcpus` int(11) DEFAULT '0',
  `memory` bigint(20) DEFAULT '0',
  `local_gb` bigint(20) DEFAULT '0',
  `vcpus_used` bigint(20) DEFAULT '0',
  `memory_used` bigint(20) DEFAULT '0',
  `local_gb_used` bigint(20) DEFAULT '0',
  `max_instance` int(11) DEFAULT '0',
  `token` varchar(45) DEFAULT NULL,
  `suspend` timestamp NULL DEFAULT NULL,
  `enabled` int(11) DEFAULT '0',
  `last_choice` timestamp NOT NULL DEFAULT '2018-01-01 02:00:00',
  `playoff` tinyint(1) DEFAULT '0',
  PRIMARY KEY (`id`)
) ENGINE=InnoDB AUTO_INCREMENT=15 DEFAULT CHARSET=utf8;
/*!40101 SET character_set_client = @saved_cs_client */;

--
-- Dumping data for table `PLAYER`
--

LOCK TABLES `PLAYER` WRITE;
/*!40000 ALTER TABLE `PLAYER` DISABLE KEYS */;
INSERT INTO `PLAYER` VALUES (1,'playerVirtual2','192.168.0.200',2,4.97,30,0.545455,9,3,9,0,0,1023,1047552,10230,11,17920,163,9,'2e279623ab49aef4b8265e40bfe90b57ff134c15',NULL,1,'2018-02-21 12:36:22',0),(2,'playerVirtual0','192.168.0.200',4,-8,0,1,0,4,0,0,0,1023,1047552,10230,0,0,0,9,'8c45b3acbb765c0ac7f46c4933a18c4375f50d33',NULL,0,'2018-02-21 10:43:09',1),(3,'playerVirtual4','192.168.0.200',1,8.3,3,0.571429,11,1,8,3,0,1023,1047552,10230,9,13824,123,9,'df2fc5cca4e7920fc51166636f20a21a3e770371',NULL,1,'2018-02-21 12:00:42',1),(4,'playerVirtual1959','192.168.0.200',4,-6,0,1,0,3,0,0,0,1023,1047552,10230,0,0,0,9,'3111561d34078583a3a93bdfff42847b3c6f40f4',NULL,0,'2018-02-21 10:53:43',1),(5,'playerVirtual1127','192.168.0.200',4,-10,0,1,0,5,0,0,0,1023,1047552,10230,0,0,0,9,'67f1fb87f011aed5ea529a441ee003d16f848df5',NULL,0,'2018-02-21 11:11:24',1),(6,'playerVirtual8','192.168.0.200',2,8.64,1,0.3125,11,2,8,3,0,1023,1047552,10230,8,8704,65,9,'f8b0e1732d8201d0e2547647cf7a943cf371929d',NULL,1,'2018-02-21 12:54:36',0),(7,'playerVirtual10','192.168.0.200',1,12.95,22,0.214286,12,1,8,4,0,1023,1047552,10230,11,17920,163,8,'3ac2f10ca31167b4e1dfff2dfb3db28cf5ff808d',NULL,1,'2018-02-21 13:00:56',0),(8,'playerVirtual1371','192.168.0.200',4,-8,0,1,0,4,0,0,0,1023,1047552,10230,0,0,0,9,'83a87a7e55f6e6164a6d25d93be41df94adabcf2',NULL,0,'2018-02-21 11:23:13',1),(9,'playerVirtual1577','192.168.0.200',4,-4,0,0,0,2,0,0,0,1023,1047552,10230,0,0,0,9,'cf102204597d09b47eb6609a41abb71d124d6022',NULL,0,'2018-02-21 11:31:58',1),(10,'playerVirtual1163','192.168.0.200',4,-10,0,0,0,5,0,0,0,1023,1047552,10230,0,0,0,9,'858113765d0138735b2521d6e803795aadbf82fd',NULL,0,'2018-02-21 11:54:08',1),(11,'playerVirtual1055','192.168.0.200',4,-12,0,0,0,6,0,0,0,1023,1047552,10230,0,0,0,9,'68f16d8b4ce7ec3d7883882f00afedfb2c57d919',NULL,0,'2018-02-21 12:19:23',1),(12,'playerVirtual1220','192.168.0.200',4,-2,0,0,0,1,0,0,0,1023,1047552,10230,0,0,0,9,'189f0517aa210941788ef0157104715b9accaf5d',NULL,0,'2018-02-21 12:26:51',1),(13,'playerVirtual1026','192.168.0.200',4,-2,0,0,0,1,0,0,0,1023,1047552,10230,0,0,0,9,'d54eb283d76c0b4ba2f2bf4185b261c146107727',NULL,0,'2018-02-21 12:45:11',1),(14,'playerVirtual1875','192.168.0.200',3,-4,0,0,0,2,0,0,0,1023,1047552,10230,0,0,0,9,'20ca84d1b14a874411aa9c1a34ae81289fddc0c0',NULL,1,'2018-02-21 13:04:23',1);
/*!40000 ALTER TABLE `PLAYER` ENABLE KEYS */;
UNLOCK TABLES;

--
-- Table structure for table `REQUEST`
--

DROP TABLE IF EXISTS `REQUEST`;
/*!40101 SET @saved_cs_client     = @@character_set_client */;
/*!40101 SET character_set_client = utf8 */;
CREATE TABLE `REQUEST` (
  `id` int(11) NOT NULL AUTO_INCREMENT,
  `player_id` varchar(45) NOT NULL,
  `request_id` varchar(45) NOT NULL,
  `action` int(11) NOT NULL,
  `timestamp_received` timestamp NULL DEFAULT NULL,
  `timestamp_finished` timestamp NULL DEFAULT NULL,
  `status` int(11) NOT NULL,
  PRIMARY KEY (`id`)
) ENGINE=InnoDB AUTO_INCREMENT=328 DEFAULT CHARSET=utf8;
/*!40101 SET character_set_client = @saved_cs_client */;

--
-- Dumping data for table `REQUEST`
--

LOCK TABLES `REQUEST` WRITE;
/*!40000 ALTER TABLE `REQUEST` DISABLE KEYS */;
INSERT INTO `REQUEST` VALUES (1,'playerVirtual2','playerVirtual2_096d4b218a',4,'2018-02-21 10:35:50',NULL,0),(2,'playerVirtual0','playerVirtual0_5c8acf69cb',4,'2018-02-21 10:35:50',NULL,0),(3,'playerVirtual2','playerVirtual2_450512000',0,'2018-02-21 10:36:51',NULL,0),(4,'playerVirtual2','playerVirtual2_450512000',0,'2018-02-21 10:36:51',NULL,0),(5,'playerVirtual0','playerVirtual0_1438244924',0,'2018-02-21 10:36:53',NULL,0),(6,'playerVirtual0','playerVirtual0_1438244924',0,'2018-02-21 10:36:53',NULL,0),(7,'playerVirtual2','playerVirtual2_54b3d21574',3,'2018-02-21 10:37:51',NULL,0),(8,'playerVirtual0','playerVirtual0_2b225e7561',3,'2018-02-21 10:37:53',NULL,0),(9,'playerVirtual2','playerVirtual2_640692267',0,'2018-02-21 10:38:56',NULL,0),(10,'playerVirtual2','playerVirtual2_640692267',0,'2018-02-21 10:38:57',NULL,0),(11,'playerVirtual0','playerVirtual0_2381571381',0,'2018-02-21 10:38:57',NULL,0),(12,'playerVirtual0','playerVirtual0_2381571381',0,'2018-02-21 10:38:58',NULL,0),(13,'playerVirtual2','playerVirtual2_baf70c1261',4,'2018-02-21 10:39:57',NULL,0),(14,'playerVirtual0','playerVirtual0_cb188ea9d3',4,'2018-02-21 10:39:57',NULL,0),(15,'playerVirtual2','playerVirtual2_5297461910',0,'2018-02-21 10:41:00',NULL,0),(16,'playerVirtual2','playerVirtual2_5297461910',0,'2018-02-21 10:41:00',NULL,0),(17,'playerVirtual0','playerVirtual0_2790332778',0,'2018-02-21 10:41:05',NULL,0),(18,'playerVirtual0','playerVirtual0_2790332778',0,'2018-02-21 10:41:05',NULL,0),(19,'playerVirtual2','playerVirtual2_02398a68fe',3,'2018-02-21 10:42:00',NULL,0),(20,'playerVirtual0','playerVirtual0_86e7e7b7e2',3,'2018-02-21 10:42:05',NULL,0),(21,'playerVirtual2','playerVirtual2_369721705',0,'2018-02-21 10:43:09',NULL,0),(22,'playerVirtual2','playerVirtual2_369721705',0,'2018-02-21 10:43:09',NULL,0),(23,'playerVirtual0','playerVirtual0_317469422',0,'2018-02-21 10:43:10',NULL,0),(24,'playerVirtual0','playerVirtual0_317469422',0,'2018-02-21 10:43:11',NULL,0),(25,'playerVirtual2','playerVirtual2_f904766bd9',4,'2018-02-21 10:44:09',NULL,0),(26,'playerVirtual0','playerVirtual0_1dce240c73',4,'2018-02-21 10:44:11',NULL,0),(27,'playerVirtual2','playerVirtual2_6955737',0,'2018-02-21 10:45:13',NULL,0),(28,'playerVirtual4','playerVirtual4_9e7fab3ac6',4,'2018-02-21 10:45:43',NULL,0),(29,'playerVirtual2','playerVirtual2_14f97abec8',3,'2018-02-21 10:46:13',NULL,0),(30,'playerVirtual4','playerVirtual4_3584940347',0,'2018-02-21 10:46:56',NULL,0),(31,'playerVirtual4','playerVirtual4_3584940347',0,'2018-02-21 10:46:56',NULL,0),(32,'playerVirtual2','playerVirtual2_2433236783',0,'2018-02-21 10:47:23',NULL,0),(33,'playerVirtual2','playerVirtual2_2433236783',0,'2018-02-21 10:47:23',NULL,0),(34,'playerVirtual1959','playerVirtual1959_c71b5b6349',4,'2018-02-21 10:47:24',NULL,0),(35,'playerVirtual4','playerVirtual4_9a1faa1c14',3,'2018-02-21 10:47:56',NULL,0),(36,'playerVirtual2','playerVirtual2_3f55d1e186',4,'2018-02-21 10:48:23',NULL,0),(37,'playerVirtual1959','playerVirtual1959_3338579772',0,'2018-02-21 10:48:39',NULL,0),(38,'playerVirtual1959','playerVirtual1959_3338579772',0,'2018-02-21 10:48:39',NULL,0),(39,'playerVirtual4','playerVirtual4_257407216',0,'2018-02-21 10:48:57',NULL,0),(40,'playerVirtual4','playerVirtual4_257407216',0,'2018-02-21 10:48:58',NULL,0),(41,'playerVirtual2','playerVirtual2_182859403',0,'2018-02-21 10:49:34',NULL,0),(42,'playerVirtual2','playerVirtual2_182859403',0,'2018-02-21 10:49:35',NULL,0),(43,'playerVirtual1959','playerVirtual1959_f565322abe',3,'2018-02-21 10:49:39',NULL,0),(44,'playerVirtual4','playerVirtual4_ca6842ef32',4,'2018-02-21 10:49:58',NULL,0),(45,'playerVirtual2','playerVirtual2_05e074d45f',3,'2018-02-21 10:50:35',NULL,0),(46,'playerVirtual1959','playerVirtual1959_2359368952',0,'2018-02-21 10:50:49',NULL,0),(47,'playerVirtual1959','playerVirtual1959_2359368952',0,'2018-02-21 10:50:49',NULL,0),(48,'playerVirtual4','playerVirtual4_16917741',0,'2018-02-21 10:51:24',NULL,0),(49,'playerVirtual4','playerVirtual4_16917741',0,'2018-02-21 10:51:25',NULL,0),(50,'playerVirtual1959','playerVirtual1959_26d47eb919',4,'2018-02-21 10:51:49',NULL,0),(51,'playerVirtual2','playerVirtual2_2545640208',0,'2018-02-21 10:52:00',NULL,0),(52,'playerVirtual2','playerVirtual2_2545640208',0,'2018-02-21 10:52:00',NULL,0),(53,'playerVirtual4','playerVirtual4_b65c162965',3,'2018-02-21 10:52:24',NULL,0),(54,'playerVirtual2','playerVirtual2_46264d74a3',4,'2018-02-21 10:53:00',NULL,0),(55,'playerVirtual1959','playerVirtual1959_908315',0,'2018-02-21 10:53:16',NULL,0),(56,'playerVirtual1959','playerVirtual1959_908315',0,'2018-02-21 10:53:17',NULL,0),(57,'playerVirtual4','playerVirtual4_539194189',0,'2018-02-21 10:53:43',NULL,0),(58,'playerVirtual4','playerVirtual4_539194189',0,'2018-02-21 10:53:43',NULL,0),(59,'playerVirtual1959','playerVirtual1959_32ab60520a',3,'2018-02-21 10:54:17',NULL,0),(60,'playerVirtual4','playerVirtual4_a388df875c',4,'2018-02-21 10:54:43',NULL,0),(61,'playerVirtual2','playerVirtual2_4820204870',0,'2018-02-21 10:55:02',NULL,0),(62,'playerVirtual2','playerVirtual2_4820204870',0,'2018-02-21 10:55:02',NULL,0),(63,'playerVirtual2','playerVirtual2_892f1ebd9b',3,'2018-02-21 10:56:02',NULL,0),(64,'playerVirtual4','playerVirtual4_1429160667',0,'2018-02-21 10:57:42',NULL,0),(65,'playerVirtual2','playerVirtual2_3338010893',0,'2018-02-21 10:58:19',NULL,0),(66,'playerVirtual2','playerVirtual2_3338010893',0,'2018-02-21 10:58:19',NULL,0),(67,'playerVirtual4','playerVirtual4_ee0763ee76',3,'2018-02-21 10:58:42',NULL,0),(68,'playerVirtual1127','playerVirtual1127_6b681145a1',4,'2018-02-21 10:59:14',NULL,0),(69,'playerVirtual2','playerVirtual2_fc038e683b',4,'2018-02-21 10:59:19',NULL,0),(70,'playerVirtual4','playerVirtual4_82730999',0,'2018-02-21 11:00:06',NULL,0),(71,'playerVirtual4','playerVirtual4_82730999',0,'2018-02-21 11:00:06',NULL,0),(72,'playerVirtual4','playerVirtual4_5b2883b4aa',4,'2018-02-21 11:01:06',NULL,0),(73,'playerVirtual2','playerVirtual2_6571218',0,'2018-02-21 11:01:27',NULL,0),(74,'playerVirtual2','playerVirtual2_6571218',0,'2018-02-21 11:01:27',NULL,0),(75,'playerVirtual2','playerVirtual2_c1cb351c48',3,'2018-02-21 11:02:27',NULL,0),(76,'playerVirtual1127','playerVirtual1127_351652724',0,'2018-02-21 11:02:38',NULL,0),(77,'playerVirtual1127','playerVirtual1127_11d350f931',3,'2018-02-21 11:03:38',NULL,0),(78,'playerVirtual4','playerVirtual4_778566023',0,'2018-02-21 11:04:09',NULL,0),(79,'playerVirtual4','playerVirtual4_778566023',0,'2018-02-21 11:04:09',NULL,0),(80,'playerVirtual1127','playerVirtual1127_1339662',0,'2018-02-21 11:04:46',NULL,0),(81,'playerVirtual2','playerVirtual2_1436344784',0,'2018-02-21 11:04:50',NULL,0),(82,'playerVirtual2','playerVirtual2_1436344784',0,'2018-02-21 11:04:50',NULL,0),(83,'playerVirtual4','playerVirtual4_b6779218f0',3,'2018-02-21 11:05:09',NULL,0),(84,'playerVirtual8','playerVirtual8_0bc02c4e39',4,'2018-02-21 11:05:44',NULL,0),(85,'playerVirtual1127','playerVirtual1127_db718f7668',4,'2018-02-21 11:05:46',NULL,0),(86,'playerVirtual2','playerVirtual2_6a627f4281',4,'2018-02-21 11:05:50',NULL,0),(87,'playerVirtual4','playerVirtual4_317497342',0,'2018-02-21 11:06:39',NULL,0),(88,'playerVirtual4','playerVirtual4_317497342',0,'2018-02-21 11:06:40',NULL,0),(89,'playerVirtual4','playerVirtual4_672e3be700',4,'2018-02-21 11:07:39',NULL,0),(90,'playerVirtual2','playerVirtual2_904011',0,'2018-02-21 11:07:59',NULL,0),(91,'playerVirtual2','playerVirtual2_904011',0,'2018-02-21 11:08:00',NULL,0),(92,'playerVirtual2','playerVirtual2_84a351dbf6',3,'2018-02-21 11:09:00',NULL,0),(93,'playerVirtual1127','playerVirtual1127_359920779',0,'2018-02-21 11:09:11',NULL,0),(94,'playerVirtual1127','playerVirtual1127_359920779',0,'2018-02-21 11:09:12',NULL,0),(95,'playerVirtual8','playerVirtual8_284794223',0,'2018-02-21 11:09:16',NULL,0),(96,'playerVirtual8','playerVirtual8_284794223',0,'2018-02-21 11:09:17',NULL,0),(97,'playerVirtual1127','playerVirtual1127_f7dc780753',3,'2018-02-21 11:10:12',NULL,0),(98,'playerVirtual8','playerVirtual8_afda57a049',3,'2018-02-21 11:10:16',NULL,0),(99,'playerVirtual4','playerVirtual4_2904109077',0,'2018-02-21 11:10:43',NULL,0),(100,'playerVirtual4','playerVirtual4_2904109077',0,'2018-02-21 11:10:43',NULL,0),(101,'playerVirtual8','playerVirtual8_1093460',0,'2018-02-21 11:11:19',NULL,0),(102,'playerVirtual8','playerVirtual8_1093460',0,'2018-02-21 11:11:19',NULL,0),(103,'playerVirtual1127','playerVirtual1127_905614',0,'2018-02-21 11:11:20',NULL,0),(104,'playerVirtual1127','playerVirtual1127_905614',0,'2018-02-21 11:11:21',NULL,0),(105,'playerVirtual2','playerVirtual2_257338074',0,'2018-02-21 11:11:24',NULL,0),(106,'playerVirtual2','playerVirtual2_257338074',0,'2018-02-21 11:11:24',NULL,0),(107,'playerVirtual4','playerVirtual4_5de3257a0e',3,'2018-02-21 11:11:43',NULL,0),(108,'playerVirtual8','playerVirtual8_8154faddfd',4,'2018-02-21 11:12:19',NULL,0),(109,'playerVirtual1127','playerVirtual1127_ec237f150b',4,'2018-02-21 11:12:20',NULL,0),(110,'playerVirtual2','playerVirtual2_f480f12054',4,'2018-02-21 11:12:24',NULL,0),(111,'playerVirtual4','playerVirtual4_6569547',0,'2018-02-21 11:13:15',NULL,0),(112,'playerVirtual4','playerVirtual4_6569547',0,'2018-02-21 11:13:15',NULL,0),(113,'playerVirtual4','playerVirtual4_a453ecce71',4,'2018-02-21 11:14:15',NULL,0),(114,'playerVirtual2','playerVirtual2_5792765',0,'2018-02-21 11:14:41',NULL,0),(115,'playerVirtual2','playerVirtual2_5792765',0,'2018-02-21 11:14:41',NULL,0),(116,'playerVirtual2','playerVirtual2_fc7cc2023c',3,'2018-02-21 11:15:41',NULL,0),(117,'playerVirtual10','playerVirtual10_31179683e5',4,'2018-02-21 11:15:46',NULL,0),(118,'playerVirtual8','playerVirtual8_470485660',0,'2018-02-21 11:15:53',NULL,0),(119,'playerVirtual8','playerVirtual8_470485660',0,'2018-02-21 11:15:54',NULL,0),(120,'playerVirtual8','playerVirtual8_7e3262d1d6',3,'2018-02-21 11:16:53',NULL,0),(121,'playerVirtual4','playerVirtual4_38671842',0,'2018-02-21 11:17:31',NULL,0),(122,'playerVirtual4','playerVirtual4_38671842',0,'2018-02-21 11:17:31',NULL,0),(123,'playerVirtual1371','playerVirtual1371_4a9668f881',4,'2018-02-21 11:17:57',NULL,0),(124,'playerVirtual2','playerVirtual2_400453824',0,'2018-02-21 11:18:12',NULL,0),(125,'playerVirtual2','playerVirtual2_400453824',0,'2018-02-21 11:18:12',NULL,0),(126,'playerVirtual8','playerVirtual8_4819935267',0,'2018-02-21 11:18:16',NULL,0),(127,'playerVirtual8','playerVirtual8_4819935267',0,'2018-02-21 11:18:16',NULL,0),(128,'playerVirtual4','playerVirtual4_bfe4e3d8fe',3,'2018-02-21 11:18:31',NULL,0),(129,'playerVirtual2','playerVirtual2_e35ad0ff6a',4,'2018-02-21 11:19:12',NULL,0),(130,'playerVirtual8','playerVirtual8_7c8b981fda',4,'2018-02-21 11:19:16',NULL,0),(131,'playerVirtual10','playerVirtual10_4820318661',0,'2018-02-21 11:19:41',NULL,0),(132,'playerVirtual10','playerVirtual10_4820318661',0,'2018-02-21 11:19:41',NULL,0),(133,'playerVirtual4','playerVirtual4_6264344062',0,'2018-02-21 11:20:15',NULL,0),(134,'playerVirtual4','playerVirtual4_6264344062',0,'2018-02-21 11:20:15',NULL,0),(135,'playerVirtual10','playerVirtual10_e8d729bc01',3,'2018-02-21 11:20:41',NULL,0),(136,'playerVirtual4','playerVirtual4_0e448e4780',4,'2018-02-21 11:21:15',NULL,0),(137,'playerVirtual2','playerVirtual2_2378747961',0,'2018-02-21 11:21:50',NULL,0),(138,'playerVirtual2','playerVirtual2_2378747961',0,'2018-02-21 11:21:51',NULL,0),(139,'playerVirtual1371','playerVirtual1371_4820217293',0,'2018-02-21 11:21:57',NULL,0),(140,'playerVirtual1371','playerVirtual1371_4820217293',0,'2018-02-21 11:21:58',NULL,0),(141,'playerVirtual2','playerVirtual2_b39f9021c5',3,'2018-02-21 11:22:50',NULL,0),(142,'playerVirtual1371','playerVirtual1371_aa816fc94b',3,'2018-02-21 11:22:58',NULL,0),(143,'playerVirtual8','playerVirtual8_5068098508',0,'2018-02-21 11:23:07',NULL,0),(144,'playerVirtual8','playerVirtual8_5068098508',0,'2018-02-21 11:23:07',NULL,0),(145,'playerVirtual10','playerVirtual10_227443932',0,'2018-02-21 11:23:13',NULL,0),(146,'playerVirtual10','playerVirtual10_227443932',0,'2018-02-21 11:23:13',NULL,0),(147,'playerVirtual8','playerVirtual8_54d8eb7659',3,'2018-02-21 11:24:07',NULL,0),(148,'playerVirtual10','playerVirtual10_b705f5ee4c',4,'2018-02-21 11:24:13',NULL,0),(149,'playerVirtual4','playerVirtual4_1095593',0,'2018-02-21 11:25:59',NULL,0),(150,'playerVirtual4','playerVirtual4_1095593',0,'2018-02-21 11:25:59',NULL,0),(151,'playerVirtual2','playerVirtual2_2148750930',0,'2018-02-21 11:26:44',NULL,0),(152,'playerVirtual2','playerVirtual2_2148750930',0,'2018-02-21 11:26:44',NULL,0),(153,'playerVirtual8','playerVirtual8_765651',0,'2018-02-21 11:26:55',NULL,0),(154,'playerVirtual8','playerVirtual8_765651',0,'2018-02-21 11:26:55',NULL,0),(155,'playerVirtual4','playerVirtual4_5694efbef5',3,'2018-02-21 11:26:59',NULL,0),(156,'playerVirtual1577','playerVirtual1577_ef723d2fba',4,'2018-02-21 11:27:37',NULL,0),(157,'playerVirtual2','playerVirtual2_7debdcb0d9',4,'2018-02-21 11:27:44',NULL,0),(158,'playerVirtual8','playerVirtual8_1bb3d2d073',4,'2018-02-21 11:27:55',NULL,0),(159,'playerVirtual10','playerVirtual10_16915963',0,'2018-02-21 11:28:23',NULL,0),(160,'playerVirtual10','playerVirtual10_16915963',0,'2018-02-21 11:28:23',NULL,0),(161,'playerVirtual4','playerVirtual4_5623125514',0,'2018-02-21 11:29:00',NULL,0),(162,'playerVirtual4','playerVirtual4_5623125514',0,'2018-02-21 11:29:00',NULL,0),(163,'playerVirtual10','playerVirtual10_d8de0ed31e',3,'2018-02-21 11:29:23',NULL,0),(164,'playerVirtual4','playerVirtual4_f574052123',4,'2018-02-21 11:30:00',NULL,0),(165,'playerVirtual2','playerVirtual2_272887063',0,'2018-02-21 11:30:38',NULL,0),(166,'playerVirtual2','playerVirtual2_272887063',0,'2018-02-21 11:30:38',NULL,0),(167,'playerVirtual2','playerVirtual2_61a4c9628f',3,'2018-02-21 11:31:38',NULL,0),(168,'playerVirtual8','playerVirtual8_6274355716',0,'2018-02-21 11:31:58',NULL,0),(169,'playerVirtual8','playerVirtual8_6274355716',0,'2018-02-21 11:31:58',NULL,0),(170,'playerVirtual10','playerVirtual10_38676294',0,'2018-02-21 11:32:05',NULL,0),(171,'playerVirtual10','playerVirtual10_38676294',0,'2018-02-21 11:32:05',NULL,0),(172,'playerVirtual8','playerVirtual8_58c5504b40',3,'2018-02-21 11:32:58',NULL,0),(173,'playerVirtual10','playerVirtual10_ef7d990c03',4,'2018-02-21 11:33:05',NULL,0),(174,'playerVirtual1577','playerVirtual1577_284757920',0,'2018-02-21 11:33:23',NULL,0),(175,'playerVirtual1577','playerVirtual1577_02720a77e8',3,'2018-02-21 11:34:23',NULL,0),(176,'playerVirtual2','playerVirtual2_182859403',1,'2018-02-21 11:35:53',NULL,0),(177,'playerVirtual4','playerVirtual4_182859403',0,'2018-02-21 11:35:53',NULL,0),(178,'playerVirtual2','playerVirtual2_9cbf7244f7',4,'2018-02-21 11:35:53',NULL,0),(179,'playerVirtual2','playerVirtual2_182859403',1,'2018-02-21 11:35:53',NULL,0),(180,'playerVirtual4','playerVirtual4_182859403',0,'2018-02-21 11:35:53',NULL,0),(181,'playerVirtual4','playerVirtual4_d4b387c488',3,'2018-02-21 11:36:53',NULL,0),(182,'playerVirtual8','playerVirtual8_4820204870',0,'2018-02-21 11:37:03',NULL,0),(183,'playerVirtual8','playerVirtual8_4820204870',0,'2018-02-21 11:37:04',NULL,0),(184,'playerVirtual8','playerVirtual8_2e906e732b',4,'2018-02-21 11:38:04',NULL,0),(185,'playerVirtual10','playerVirtual10_990694203',0,'2018-02-21 11:38:48',NULL,0),(186,'playerVirtual10','playerVirtual10_990694203',0,'2018-02-21 11:38:49',NULL,0),(187,'playerVirtual4','playerVirtual4_182859403',1,'2018-02-21 11:39:09',NULL,0),(188,'playerVirtual4','playerVirtual4_d8b3fead7b',4,'2018-02-21 11:39:10',NULL,0),(189,'playerVirtual4','playerVirtual4_182859403',1,'2018-02-21 11:39:10',NULL,0),(190,'playerVirtual1163','playerVirtual1163_086c1cb920',4,'2018-02-21 11:39:22',NULL,0),(191,'playerVirtual2','playerVirtual2_4820204870',1,'2018-02-21 11:39:46',NULL,0),(192,'playerVirtual2','playerVirtual2_6443f9a6e3',3,'2018-02-21 11:39:47',NULL,0),(193,'playerVirtual2','playerVirtual2_4820204870',1,'2018-02-21 11:39:47',NULL,0),(194,'playerVirtual10','playerVirtual10_f43ee11266',3,'2018-02-21 11:39:49',NULL,0),(195,'playerVirtual10','playerVirtual10_17bb3c0ad9',4,'2018-02-21 11:42:33',NULL,0),(196,'playerVirtual8','playerVirtual8_6280638724',0,'2018-02-21 11:42:42',NULL,0),(197,'playerVirtual8','playerVirtual8_6280638724',0,'2018-02-21 11:42:42',NULL,0),(198,'playerVirtual8','playerVirtual8_780689a316',3,'2018-02-21 11:43:42',NULL,0),(199,'playerVirtual2','playerVirtual2_272887063',1,'2018-02-21 11:44:53',NULL,0),(200,'playerVirtual2','playerVirtual2_31f3e271ab',4,'2018-02-21 11:44:53',NULL,0),(201,'playerVirtual2','playerVirtual2_272887063',1,'2018-02-21 11:44:53',NULL,0),(202,'playerVirtual4','playerVirtual4_6280643141',0,'2018-02-21 11:45:37',NULL,0),(203,'playerVirtual4','playerVirtual4_6280643141',0,'2018-02-21 11:45:37',NULL,0),(204,'playerVirtual4','playerVirtual4_03eba17424',3,'2018-02-21 11:46:37',NULL,0),(205,'playerVirtual1163','playerVirtual1163_4476462938',0,'2018-02-21 11:47:16',NULL,0),(206,'playerVirtual8','playerVirtual8_6282149131',0,'2018-02-21 11:48:05',NULL,0),(207,'playerVirtual8','playerVirtual8_6282149131',0,'2018-02-21 11:48:06',NULL,0),(208,'playerVirtual1163','playerVirtual1163_f61645ef8d',3,'2018-02-21 11:48:16',NULL,0),(209,'playerVirtual10','playerVirtual10_272887063',0,'2018-02-21 11:48:49',NULL,0),(210,'playerVirtual2','playerVirtual2_2359368952',0,'2018-02-21 11:48:49',NULL,0),(211,'playerVirtual10','playerVirtual10_272887063',0,'2018-02-21 11:48:50',NULL,0),(212,'playerVirtual2','playerVirtual2_2359368952',0,'2018-02-21 11:48:50',NULL,0),(213,'playerVirtual8','playerVirtual8_7de2d3abe2',4,'2018-02-21 11:49:06',NULL,0),(214,'playerVirtual4','playerVirtual4_1436323714',0,'2018-02-21 11:49:24',NULL,0),(215,'playerVirtual4','playerVirtual4_1436323714',0,'2018-02-21 11:49:25',NULL,0),(216,'playerVirtual1163','playerVirtual1163_682797',0,'2018-02-21 11:49:47',NULL,0),(217,'playerVirtual10','playerVirtual10_18d1a64855',3,'2018-02-21 11:49:50',NULL,0),(218,'playerVirtual2','playerVirtual2_493e8ad27c',3,'2018-02-21 11:49:50',NULL,0),(219,'playerVirtual4','playerVirtual4_be36025e6e',4,'2018-02-21 11:50:25',NULL,0),(220,'playerVirtual1163','playerVirtual1163_ceaa7800e0',4,'2018-02-21 11:50:46',NULL,0),(221,'playerVirtual10','playerVirtual10_1094955',0,'2018-02-21 11:52:59',NULL,0),(222,'playerVirtual10','playerVirtual10_1094955',0,'2018-02-21 11:52:59',NULL,0),(223,'playerVirtual10','playerVirtual10_30c707271e',4,'2018-02-21 11:53:59',NULL,0),(224,'playerVirtual8','playerVirtual8_214880781',0,'2018-02-21 11:54:08',NULL,0),(225,'playerVirtual8','playerVirtual8_214880781',0,'2018-02-21 11:54:08',NULL,0),(226,'playerVirtual8','playerVirtual8_f91f0eaebc',3,'2018-02-21 11:55:08',NULL,0),(227,'playerVirtual2','playerVirtual2_16914091',0,'2018-02-21 11:55:23',NULL,0),(228,'playerVirtual2','playerVirtual2_9b4f53c81e',4,'2018-02-21 11:56:23',NULL,0),(229,'playerVirtual4','playerVirtual4_182859403',0,'2018-02-21 11:57:20',NULL,0),(230,'playerVirtual4','playerVirtual4_715ee0bd13',3,'2018-02-21 11:57:20',NULL,0),(231,'playerVirtual4','playerVirtual4_182859403',0,'2018-02-21 11:57:20',NULL,0),(232,'playerVirtual8','playerVirtual8_6955737',0,'2018-02-21 12:00:24',NULL,0),(233,'playerVirtual8','playerVirtual8_6955737',0,'2018-02-21 12:00:25',NULL,0),(234,'playerVirtual10','playerVirtual10_6285257156',0,'2018-02-21 12:00:42',NULL,0),(235,'playerVirtual10','playerVirtual10_6285257156',0,'2018-02-21 12:00:42',NULL,0),(236,'playerVirtual4','playerVirtual4_6955737',0,'2018-02-21 12:00:55',NULL,0),(237,'playerVirtual4','playerVirtual4_6955737',0,'2018-02-21 12:00:56',NULL,0),(238,'playerVirtual1055','playerVirtual1055_45a52d3f43',4,'2018-02-21 12:01:06',NULL,0),(239,'playerVirtual2','playerVirtual2_c0c90749f2',3,'2018-02-21 12:01:10',NULL,0),(240,'playerVirtual8','playerVirtual8_b49e7bde9a',4,'2018-02-21 12:01:24',NULL,0),(241,'playerVirtual10','playerVirtual10_74d67a0436',3,'2018-02-21 12:01:42',NULL,0),(242,'playerVirtual4','playerVirtual4_9bf03fa08f',4,'2018-02-21 12:01:56',NULL,0),(243,'playerVirtual10','playerVirtual10_2381571381',0,'2018-02-21 12:05:47',NULL,0),(244,'playerVirtual10','playerVirtual10_2381571381',0,'2018-02-21 12:05:47',NULL,0),(245,'playerVirtual8','playerVirtual8_887b99fd3c',3,'2018-02-21 12:06:27',NULL,0),(246,'playerVirtual10','playerVirtual10_81cf89ca71',4,'2018-02-21 12:06:47',NULL,0),(247,'playerVirtual2','playerVirtual2_3338579772',0,'2018-02-21 12:07:02',NULL,0),(248,'playerVirtual2','playerVirtual2_3338579772',0,'2018-02-21 12:07:02',NULL,0),(249,'playerVirtual2','playerVirtual2_90ed175655',4,'2018-02-21 12:08:02',NULL,0),(250,'playerVirtual4','playerVirtual4_2378747961',0,'2018-02-21 12:09:10',NULL,0),(251,'playerVirtual4','playerVirtual4_2378747961',0,'2018-02-21 12:09:10',NULL,0),(252,'playerVirtual4','playerVirtual4_9ee8856935',3,'2018-02-21 12:10:10',NULL,0),(253,'playerVirtual1055','playerVirtual1055_1438244924',0,'2018-02-21 12:10:44',NULL,0),(254,'playerVirtual1055','playerVirtual1055_9f2d3213fe',3,'2018-02-21 12:11:44',NULL,0),(255,'playerVirtual8','playerVirtual8_6289355687',0,'2018-02-21 12:12:47',NULL,0),(256,'playerVirtual8','playerVirtual8_6289355687',0,'2018-02-21 12:12:48',NULL,0),(257,'playerVirtual2','playerVirtual2_2378747961',1,'2018-02-21 12:12:57',NULL,0),(258,'playerVirtual2','playerVirtual2_29a9ae491d',3,'2018-02-21 12:12:58',NULL,0),(259,'playerVirtual2','playerVirtual2_2378747961',1,'2018-02-21 12:12:58',NULL,0),(260,'playerVirtual1055','playerVirtual1055_8d653b7dea',4,'2018-02-21 12:13:36',NULL,0),(261,'playerVirtual8','playerVirtual8_7f47dba970',4,'2018-02-21 12:13:47',NULL,0),(262,'playerVirtual10','playerVirtual10_1438244924',0,'2018-02-21 12:14:10',NULL,0),(263,'playerVirtual10','playerVirtual10_1438244924',0,'2018-02-21 12:14:10',NULL,0),(264,'playerVirtual4','playerVirtual4_6289704471',0,'2018-02-21 12:14:27',NULL,0),(265,'playerVirtual4','playerVirtual4_6289704471',0,'2018-02-21 12:14:27',NULL,0),(266,'playerVirtual10','playerVirtual10_d6bb43ea90',3,'2018-02-21 12:15:10',NULL,0),(267,'playerVirtual4','playerVirtual4_9fd4fc6b41',4,'2018-02-21 12:15:27',NULL,0),(268,'playerVirtual8','playerVirtual8_794070039',0,'2018-02-21 12:19:23',NULL,0),(269,'playerVirtual8','playerVirtual8_794070039',0,'2018-02-21 12:19:23',NULL,0),(270,'playerVirtual2','playerVirtual2_a04ce828f4',4,'2018-02-21 12:19:49',NULL,0),(271,'playerVirtual10','playerVirtual10_990694203',0,'2018-02-21 12:20:21',NULL,0),(272,'playerVirtual10','playerVirtual10_4c852abc67',4,'2018-02-21 12:20:21',NULL,0),(273,'playerVirtual10','playerVirtual10_990694203',0,'2018-02-21 12:20:21',NULL,0),(274,'playerVirtual8','playerVirtual8_ab1af628fd',3,'2018-02-21 12:20:23',NULL,0),(275,'playerVirtual4','playerVirtual4_6264344062',1,'2018-02-21 12:22:52',NULL,0),(276,'playerVirtual4','playerVirtual4_4246fa6214',3,'2018-02-21 12:22:52',NULL,0),(277,'playerVirtual4','playerVirtual4_6264344062',1,'2018-02-21 12:22:55',NULL,0),(278,'playerVirtual1220','playerVirtual1220_58dffa8f29',4,'2018-02-21 12:25:32',NULL,0),(279,'playerVirtual2','playerVirtual2_6296268057',0,'2018-02-21 12:26:51',NULL,0),(280,'playerVirtual2','playerVirtual2_6296268057',0,'2018-02-21 12:26:51',NULL,0),(281,'playerVirtual4','playerVirtual4_1095593',1,'2018-02-21 12:27:36',NULL,0),(282,'playerVirtual4','playerVirtual4_1b2e5f2a8c',4,'2018-02-21 12:27:36',NULL,0),(283,'playerVirtual4','playerVirtual4_1095593',1,'2018-02-21 12:27:36',NULL,0),(284,'playerVirtual10','playerVirtual10_9b1a99c7de',3,'2018-02-21 12:27:44',NULL,0),(285,'playerVirtual2','playerVirtual2_576cdf3b52',3,'2018-02-21 12:27:51',NULL,0),(286,'playerVirtual8','playerVirtual8_2d79b62984',4,'2018-02-21 12:28:38',NULL,0),(287,'playerVirtual4','playerVirtual4_ac4a623d9c',3,'2018-02-21 12:35:10',NULL,0),(288,'playerVirtual10','playerVirtual10_182859403',0,'2018-02-21 12:35:31',NULL,0),(289,'playerVirtual10','playerVirtual10_182859403',0,'2018-02-21 12:35:31',NULL,0),(290,'playerVirtual8','playerVirtual8_990694203',0,'2018-02-21 12:36:22',NULL,0),(291,'playerVirtual8','playerVirtual8_990694203',0,'2018-02-21 12:36:22',NULL,0),(292,'playerVirtual10','playerVirtual10_a3f0de56e3',4,'2018-02-21 12:36:31',NULL,0),(293,'playerVirtual2','playerVirtual2_6264344062',0,'2018-02-21 12:36:37',NULL,0),(294,'playerVirtual8','playerVirtual8_58dd6297a1',3,'2018-02-21 12:37:22',NULL,0),(295,'playerVirtual2','playerVirtual2_c23da14a30',4,'2018-02-21 12:37:37',NULL,0),(296,'playerVirtual1026','playerVirtual1026_27f98ec889',4,'2018-02-21 12:40:44',NULL,0),(297,'playerVirtual4','playerVirtual4_b8552a975b',4,'2018-02-21 12:42:44',NULL,0),(298,'playerVirtual10','playerVirtual10_182859403',1,'2018-02-21 12:43:53',NULL,0),(299,'playerVirtual10','playerVirtual10_917ea22c5a',3,'2018-02-21 12:43:54',NULL,0),(300,'playerVirtual10','playerVirtual10_182859403',1,'2018-02-21 12:43:54',NULL,0),(301,'playerVirtual2','playerVirtual2_6301942525',0,'2018-02-21 12:45:11',NULL,0),(302,'playerVirtual2','playerVirtual2_6301942525',0,'2018-02-21 12:45:11',NULL,0),(303,'playerVirtual8','playerVirtual8_ee6a7e46d6',4,'2018-02-21 12:45:39',NULL,0),(304,'playerVirtual2','playerVirtual2_cd4cf7c449',3,'2018-02-21 12:46:11',NULL,0),(305,'playerVirtual4','playerVirtual4_6289704471',1,'2018-02-21 12:52:32',NULL,0),(306,'playerVirtual4','playerVirtual4_66c6174873',3,'2018-02-21 12:52:32',NULL,0),(307,'playerVirtual4','playerVirtual4_6289704471',1,'2018-02-21 12:52:32',NULL,0),(308,'playerVirtual10','playerVirtual10_6289704471',0,'2018-02-21 12:54:36',NULL,0),(309,'playerVirtual10','playerVirtual10_6289704471',0,'2018-02-21 12:54:36',NULL,0),(310,'playerVirtual8','playerVirtual8_51742bf91e',3,'2018-02-21 12:54:58',NULL,0),(311,'playerVirtual2','playerVirtual2_9c9138bf6b',4,'2018-02-21 12:55:23',NULL,0),(312,'playerVirtual10','playerVirtual10_80e71cd70d',4,'2018-02-21 12:55:36',NULL,0),(313,'playerVirtual1026','playerVirtual1026_5297461910',0,'2018-02-21 12:56:50',NULL,0),(314,'playerVirtual1026','playerVirtual1026_200cb4ee69',3,'2018-02-21 12:57:50',NULL,0),(315,'playerVirtual4','playerVirtual4_1095593',0,'2018-02-21 13:00:56',NULL,0),(316,'playerVirtual4','playerVirtual4_295cea4b7d',4,'2018-02-21 13:00:56',NULL,0),(317,'playerVirtual4','playerVirtual4_1095593',0,'2018-02-21 13:00:57',NULL,0),(318,'playerVirtual1875','playerVirtual1875_502e4db0ac',4,'2018-02-21 13:02:43',NULL,0),(319,'playerVirtual10','playerVirtual10_182859403',0,'2018-02-21 13:03:45',NULL,0),(320,'playerVirtual10','playerVirtual10_83376db2b3',3,'2018-02-21 13:03:46',NULL,0),(321,'playerVirtual10','playerVirtual10_182859403',0,'2018-02-21 13:03:46',NULL,0),(322,'playerVirtual2','playerVirtual2_904011',1,'2018-02-21 13:04:17',NULL,0),(323,'playerVirtual2','playerVirtual2_8249ca0cbf',3,'2018-02-21 13:04:17',NULL,0),(324,'playerVirtual2','playerVirtual2_904011',1,'2018-02-21 13:04:17',NULL,0),(325,'playerVirtual8','playerVirtual8_6274355716',0,'2018-02-21 13:04:23',NULL,0),(326,'playerVirtual8','playerVirtual8_56c9a9d649',4,'2018-02-21 13:04:23',NULL,0),(327,'playerVirtual8','playerVirtual8_6274355716',0,'2018-02-21 13:04:24',NULL,0);
/*!40000 ALTER TABLE `REQUEST` ENABLE KEYS */;
UNLOCK TABLES;

--
-- Table structure for table `STATUS`
--

DROP TABLE IF EXISTS `STATUS`;
/*!40101 SET @saved_cs_client     = @@character_set_client */;
/*!40101 SET character_set_client = utf8 */;
CREATE TABLE `STATUS` (
  `id` int(11) NOT NULL AUTO_INCREMENT,
  `players` int(11) DEFAULT '0',
  `all_requests` int(11) DEFAULT '0',
  `accepts` int(11) DEFAULT '0',
  `rejects` int(11) DEFAULT '0',
  `fairness` float DEFAULT '0',
  `timestamp` timestamp NULL DEFAULT NULL,
  PRIMARY KEY (`id`)
) ENGINE=InnoDB AUTO_INCREMENT=32 DEFAULT CHARSET=utf8;
/*!40101 SET character_set_client = @saved_cs_client */;

--
-- Dumping data for table `STATUS`
--

LOCK TABLES `STATUS` WRITE;
/*!40000 ALTER TABLE `STATUS` DISABLE KEYS */;
INSERT INTO `STATUS` VALUES (1,0,0,0,0,0,'2018-02-21 10:34:22'),(2,2,4,2,2,0.5,'2018-02-21 10:39:22'),(3,2,8,4,4,0.5,'2018-02-21 10:44:22'),(4,4,12,7,5,0.583333,'2018-02-21 10:49:22'),(5,4,18,11,7,0.611111,'2018-02-21 10:54:22'),(6,5,20,13,7,0.65,'2018-02-21 10:59:22'),(7,5,23,15,8,0.652174,'2018-02-21 11:04:23'),(8,6,28,18,10,0.642857,'2018-02-21 11:09:23'),(9,6,33,21,12,0.636364,'2018-02-21 11:14:23'),(10,8,38,25,13,0.657895,'2018-02-21 11:19:23'),(11,8,44,28,16,0.636364,'2018-02-21 11:24:23'),(12,9,49,32,17,0.653061,'2018-02-21 11:29:23'),(13,9,52,34,18,0.653846,'2018-02-21 11:34:23'),(14,10,55,35,20,0.636364,'2018-02-21 11:39:23'),(15,10,56,35,21,0.625,'2018-02-21 11:44:23'),(16,10,60,38,22,0.633333,'2018-02-21 11:49:23'),(17,10,63,38,25,0.603175,'2018-02-21 11:54:24'),(18,10,64,38,26,0.59375,'2018-02-21 11:59:24'),(19,11,67,38,29,0.567164,'2018-02-21 12:04:24'),(20,11,70,38,32,0.542857,'2018-02-21 12:09:24'),(21,11,72,38,34,0.527778,'2018-02-21 12:14:24'),(22,11,74,39,35,0.527027,'2018-02-21 12:19:24'),(23,11,75,39,36,0.52,'2018-02-21 12:24:24'),(24,12,76,39,37,0.513158,'2018-02-21 12:29:24'),(25,12,76,39,37,0.513158,'2018-02-21 12:34:24'),(26,12,78,40,38,0.512821,'2018-02-21 12:39:25'),(27,13,78,40,38,0.512821,'2018-02-21 12:44:25'),(28,13,79,40,39,0.506329,'2018-02-21 12:49:25'),(29,13,79,40,39,0.506329,'2018-02-21 12:54:25'),(30,13,80,41,39,0.5125,'2018-02-21 12:59:25'),(31,14,83,42,41,0.506024,'2018-02-21 13:04:25');
/*!40000 ALTER TABLE `STATUS` ENABLE KEYS */;
UNLOCK TABLES;

--
-- Table structure for table `THRESHOLD`
--

DROP TABLE IF EXISTS `THRESHOLD`;
/*!40101 SET @saved_cs_client     = @@character_set_client */;
/*!40101 SET character_set_client = utf8 */;
CREATE TABLE `THRESHOLD` (
  `division` int(11) NOT NULL,
  `botton` float DEFAULT '0',
  `top` float DEFAULT '0',
  PRIMARY KEY (`division`)
) ENGINE=InnoDB DEFAULT CHARSET=utf8;
/*!40101 SET character_set_client = @saved_cs_client */;

--
-- Dumping data for table `THRESHOLD`
--

LOCK TABLES `THRESHOLD` WRITE;
/*!40000 ALTER TABLE `THRESHOLD` DISABLE KEYS */;
INSERT INTO `THRESHOLD` VALUES (1,8.76,20),(2,4.38,8.76),(3,0,4.38);
/*!40000 ALTER TABLE `THRESHOLD` ENABLE KEYS */;
UNLOCK TABLES;

--
-- Table structure for table `VM`
--

DROP TABLE IF EXISTS `VM`;
/*!40101 SET @saved_cs_client     = @@character_set_client */;
/*!40101 SET character_set_client = utf8 */;
CREATE TABLE `VM` (
  `id` int(11) NOT NULL AUTO_INCREMENT,
  `origin_add` varchar(45) NOT NULL,
  `origin_id` varchar(45) NOT NULL,
  `origin_name` varchar(45) NOT NULL,
  `destiny_add` varchar(45) NOT NULL,
  `destiny_name` varchar(45) NOT NULL,
  `destiny_id` varchar(45) NOT NULL,
  `status` tinyint(1) NOT NULL,
  `has_resources` tinyint(1) NOT NULL,
  `vcpus` int(11) NOT NULL,
  `mem` bigint(20) NOT NULL,
  `disk` bigint(20) NOT NULL,
  `timestamp_received` timestamp NULL DEFAULT NULL,
  `timestamp_finished` timestamp NULL DEFAULT NULL,
  PRIMARY KEY (`id`)
) ENGINE=InnoDB AUTO_INCREMENT=84 DEFAULT CHARSET=utf8;
/*!40101 SET character_set_client = @saved_cs_client */;

--
-- Dumping data for table `VM`
--

LOCK TABLES `VM` WRITE;
/*!40000 ALTER TABLE `VM` DISABLE KEYS */;
INSERT INTO `VM` VALUES (1,'192.168.0.200','playerVirtual2_450512000','playerVirtual2','192.168.0.200','playerVirtual0','playerVirtual2_450512000',0,1,1,2048,20,'2018-02-21 10:36:51','2018-02-21 10:36:51'),(2,'192.168.0.200','playerVirtual0_1438244924','playerVirtual0','192.168.0.200','playerVirtual2','playerVirtual2_fe0589e9ab',1,1,1,2048,20,'2018-02-21 10:36:53',NULL),(3,'192.168.0.200','playerVirtual2_640692267','playerVirtual2','192.168.0.200','playerVirtual0','playerVirtual2_640692267',0,1,1,512,1,'2018-02-21 10:38:57','2018-02-21 10:38:57'),(4,'192.168.0.200','playerVirtual0_2381571381','playerVirtual0','192.168.0.200','playerVirtual2','playerVirtual2_de297d60c5',1,1,1,2048,20,'2018-02-21 10:38:58',NULL),(5,'192.168.0.200','playerVirtual2_5297461910','playerVirtual2','192.168.0.200','playerVirtual0','playerVirtual2_5297461910',0,1,1,512,1,'2018-02-21 10:41:00','2018-02-21 10:41:00'),(6,'192.168.0.200','playerVirtual0_2790332778','playerVirtual0','192.168.0.200','playerVirtual2','playerVirtual2_277c21b07d',1,1,2,4096,40,'2018-02-21 10:41:05',NULL),(7,'192.168.0.200','playerVirtual2_369721705','playerVirtual2','192.168.0.200','playerVirtual0','playerVirtual2_369721705',0,1,2,4096,40,'2018-02-21 10:43:10','2018-02-21 10:43:10'),(8,'192.168.0.200','playerVirtual0_317469422','playerVirtual0','192.168.0.200','playerVirtual2','playerVirtual2_3679e621e7',1,1,2,4096,40,'2018-02-21 10:43:11',NULL),(9,'192.168.0.200','playerVirtual4_3584940347','playerVirtual4','192.168.0.200','playerVirtual2','playerVirtual2_d2fdaf1682',1,1,1,512,1,'2018-02-21 10:46:56',NULL),(10,'192.168.0.200','playerVirtual2_2433236783','playerVirtual2','192.168.0.200','playerVirtual4','playerVirtual4_a633a1ad9d',1,1,1,2048,20,'2018-02-21 10:47:23',NULL),(11,'192.168.0.200','playerVirtual1959_3338579772','playerVirtual1959','192.168.0.200','playerVirtual2','playerVirtual2_3659aff952',1,1,1,2048,20,'2018-02-21 10:48:39',NULL),(12,'192.168.0.200','playerVirtual4_257407216','playerVirtual4','192.168.0.200','playerVirtual1959','playerVirtual4_257407216',0,1,2,4096,40,'2018-02-21 10:48:58','2018-02-21 10:48:58'),(13,'192.168.0.200','playerVirtual2_182859403','playerVirtual2','192.168.0.200','playerVirtual4','playerVirtual4_c87d475888',3,1,1,512,1,'2018-02-21 10:49:35','2018-02-21 11:35:53'),(14,'192.168.0.200','playerVirtual1959_2359368952','playerVirtual1959','192.168.0.200','playerVirtual4','playerVirtual4_945c9e8a7e',1,1,1,512,1,'2018-02-21 10:50:49',NULL),(15,'192.168.0.200','playerVirtual4_16917741','playerVirtual4','192.168.0.200','playerVirtual1959','playerVirtual4_16917741',0,1,1,512,1,'2018-02-21 10:51:25','2018-02-21 10:51:25'),(16,'192.168.0.200','playerVirtual2_2545640208','playerVirtual2','192.168.0.200','playerVirtual4','playerVirtual4_d4c33e2f7e',1,1,1,2048,20,'2018-02-21 10:52:01',NULL),(17,'192.168.0.200','playerVirtual1959_908315','playerVirtual1959','192.168.0.200','playerVirtual4','playerVirtual4_8d6f31e60e',1,1,1,2048,20,'2018-02-21 10:53:17',NULL),(18,'192.168.0.200','playerVirtual4_539194189','playerVirtual4','192.168.0.200','playerVirtual1959','playerVirtual4_539194189',0,1,1,2048,20,'2018-02-21 10:53:44','2018-02-21 10:53:44'),(19,'192.168.0.200','playerVirtual2_4820204870','playerVirtual2','192.168.0.200','playerVirtual4','playerVirtual4_e94d34d9ab',3,1,2,4096,40,'2018-02-21 10:55:02','2018-02-21 11:39:47'),(20,'192.168.0.200','playerVirtual2_3338010893','playerVirtual2','192.168.0.200','playerVirtual4','playerVirtual4_cb74d04dae',1,1,1,512,1,'2018-02-21 10:58:20',NULL),(21,'192.168.0.200','playerVirtual4_82730999','playerVirtual4','192.168.0.200','playerVirtual1127','playerVirtual4_82730999',0,1,1,512,1,'2018-02-21 11:00:07','2018-02-21 11:00:07'),(22,'192.168.0.200','playerVirtual2_6571218','playerVirtual2','192.168.0.200','playerVirtual4','playerVirtual4_cff4054d16',1,1,1,2048,20,'2018-02-21 11:01:27',NULL),(23,'192.168.0.200','playerVirtual4_778566023','playerVirtual4','192.168.0.200','playerVirtual2','playerVirtual2_c8d7790eef',1,1,1,512,1,'2018-02-21 11:04:09',NULL),(24,'192.168.0.200','playerVirtual2_1436344784','playerVirtual2','192.168.0.200','playerVirtual1127','playerVirtual2_1436344784',0,1,1,2048,20,'2018-02-21 11:04:50','2018-02-21 11:04:50'),(25,'192.168.0.200','playerVirtual4_317497342','playerVirtual4','192.168.0.200','playerVirtual8','playerVirtual8_1805ac4a5a',1,1,1,512,1,'2018-02-21 11:06:40',NULL),(26,'192.168.0.200','playerVirtual2_904011','playerVirtual2','192.168.0.200','playerVirtual4','playerVirtual4_549765f7dd',3,1,1,2048,20,'2018-02-21 11:08:00','2018-02-21 13:04:17'),(27,'192.168.0.200','playerVirtual1127_359920779','playerVirtual1127','192.168.0.200','playerVirtual8','playerVirtual8_a6b8ed3e58',1,1,1,512,1,'2018-02-21 11:09:12',NULL),(28,'192.168.0.200','playerVirtual8_284794223','playerVirtual8','192.168.0.200','playerVirtual1127','playerVirtual8_284794223',0,1,1,2048,20,'2018-02-21 11:09:17','2018-02-21 11:09:17'),(29,'192.168.0.200','playerVirtual4_2904109077','playerVirtual4','192.168.0.200','playerVirtual2','playerVirtual2_021da61436',1,1,1,512,1,'2018-02-21 11:10:43',NULL),(30,'192.168.0.200','playerVirtual8_1093460','playerVirtual8','192.168.0.200','playerVirtual1127','playerVirtual8_1093460',0,1,1,512,1,'2018-02-21 11:11:19','2018-02-21 11:11:19'),(31,'192.168.0.200','playerVirtual1127_905614','playerVirtual1127','192.168.0.200','playerVirtual8','playerVirtual8_e336a72140',1,1,1,2048,20,'2018-02-21 11:11:21',NULL),(32,'192.168.0.200','playerVirtual2_257338074','playerVirtual2','192.168.0.200','playerVirtual1127','playerVirtual2_257338074',0,1,2,4096,40,'2018-02-21 11:11:24','2018-02-21 11:11:24'),(33,'192.168.0.200','playerVirtual4_6569547','playerVirtual4','192.168.0.200','playerVirtual2','playerVirtual2_69800999b7',1,1,1,2048,20,'2018-02-21 11:13:15',NULL),(34,'192.168.0.200','playerVirtual2_5792765','playerVirtual2','192.168.0.200','playerVirtual8','playerVirtual8_eca2b38675',1,1,1,512,1,'2018-02-21 11:14:41',NULL),(35,'192.168.0.200','playerVirtual8_470485660','playerVirtual8','192.168.0.200','playerVirtual10','playerVirtual10_71a7d435c8',1,1,2,4096,40,'2018-02-21 11:15:54',NULL),(36,'192.168.0.200','playerVirtual4_38671842','playerVirtual4','192.168.0.200','playerVirtual8','playerVirtual8_6be6fd8ac7',1,1,1,512,1,'2018-02-21 11:17:31',NULL),(37,'192.168.0.200','playerVirtual2_400453824','playerVirtual2','192.168.0.200','playerVirtual1371','playerVirtual2_400453824',0,1,1,512,1,'2018-02-21 11:18:12','2018-02-21 11:18:12'),(38,'192.168.0.200','playerVirtual8_4819935267','playerVirtual8','192.168.0.200','playerVirtual10','playerVirtual10_3f635419ff',1,1,2,4096,40,'2018-02-21 11:18:16',NULL),(39,'192.168.0.200','playerVirtual10_4820318661','playerVirtual10','192.168.0.200','playerVirtual1371','playerVirtual10_4820318661',0,1,2,4096,40,'2018-02-21 11:19:41','2018-02-21 11:19:41'),(40,'192.168.0.200','playerVirtual4_6264344062','playerVirtual4','192.168.0.200','playerVirtual8','playerVirtual8_aaacb931de',3,1,1,512,1,'2018-02-21 11:20:15','2018-02-21 12:22:55'),(41,'192.168.0.200','playerVirtual2_2378747961','playerVirtual2','192.168.0.200','playerVirtual10','playerVirtual10_8fb4de1ec3',3,1,1,512,1,'2018-02-21 11:21:51','2018-02-21 12:12:58'),(42,'192.168.0.200','playerVirtual1371_4820217293','playerVirtual1371','192.168.0.200','playerVirtual10','playerVirtual10_f87d61605c',1,1,2,4096,40,'2018-02-21 11:21:58',NULL),(43,'192.168.0.200','playerVirtual8_5068098508','playerVirtual8','192.168.0.200','playerVirtual1371','playerVirtual8_5068098508',0,1,1,2048,20,'2018-02-21 11:23:07','2018-02-21 11:23:07'),(44,'192.168.0.200','playerVirtual10_227443932','playerVirtual10','192.168.0.200','playerVirtual1371','playerVirtual10_227443932',0,1,1,2048,20,'2018-02-21 11:23:13','2018-02-21 11:23:13'),(45,'192.168.0.200','playerVirtual4_1095593','playerVirtual4','192.168.0.200','playerVirtual8','playerVirtual8_9f013c1b39',3,1,1,512,1,'2018-02-21 11:25:59','2018-02-21 12:27:36'),(46,'192.168.0.200','playerVirtual2_2148750930','playerVirtual2','192.168.0.200','playerVirtual10','playerVirtual10_197a132833',1,1,1,2048,20,'2018-02-21 11:26:44',NULL),(47,'192.168.0.200','playerVirtual8_765651','playerVirtual8','192.168.0.200','playerVirtual10','playerVirtual10_fda98b9d89',1,1,1,2048,20,'2018-02-21 11:26:55',NULL),(48,'192.168.0.200','playerVirtual10_16915963','playerVirtual10','192.168.0.200','playerVirtual1577','playerVirtual10_16915963',0,1,1,2048,20,'2018-02-21 11:28:23','2018-02-21 11:28:23'),(49,'192.168.0.200','playerVirtual4_5623125514','playerVirtual4','192.168.0.200','playerVirtual8','playerVirtual8_ade6e9ae61',1,1,1,2048,20,'2018-02-21 11:29:01',NULL),(50,'192.168.0.200','playerVirtual2_272887063','playerVirtual2','192.168.0.200','playerVirtual10','playerVirtual10_a5af350b84',3,1,1,2048,20,'2018-02-21 11:30:39','2018-02-21 11:44:53'),(51,'192.168.0.200','playerVirtual8_6274355716','playerVirtual8','192.168.0.200','playerVirtual1577','playerVirtual8_6274355716',0,1,1,512,1,'2018-02-21 11:31:58','2018-02-21 11:31:58'),(52,'192.168.0.200','playerVirtual10_38676294','playerVirtual10','192.168.0.200','playerVirtual8','playerVirtual8_7d8ac773a1',1,1,1,512,1,'2018-02-21 11:32:05',NULL),(53,'192.168.0.200','playerVirtual4_182859403','playerVirtual4','192.168.0.200','playerVirtual10','playerVirtual10_87914bca6f',3,1,1,512,1,'2018-02-21 11:35:54','2018-02-21 11:39:10'),(54,'192.168.0.200','playerVirtual8_4820204870','playerVirtual8','192.168.0.200','playerVirtual4','playerVirtual4_c8ac94ae6c',1,1,2,4096,40,'2018-02-21 11:37:04',NULL),(55,'192.168.0.200','playerVirtual10_990694203','playerVirtual10','192.168.0.200','playerVirtual2','playerVirtual10_990694203',0,0,1,2048,20,'2018-02-21 11:38:49','2018-02-21 11:38:49'),(56,'192.168.0.200','playerVirtual8_6280638724','playerVirtual8','192.168.0.200','playerVirtual1163','playerVirtual8_6280638724',0,1,1,512,1,'2018-02-21 11:42:42','2018-02-21 11:42:42'),(57,'192.168.0.200','playerVirtual4_6280643141','playerVirtual4','192.168.0.200','playerVirtual10','playerVirtual10_f8ae25f0fa',1,1,1,512,1,'2018-02-21 11:45:37',NULL),(58,'192.168.0.200','playerVirtual8_6282149131','playerVirtual8','192.168.0.200','playerVirtual4','playerVirtual4_d77c2e85b5',1,1,1,512,1,'2018-02-21 11:48:06',NULL),(59,'192.168.0.200','playerVirtual10_272887063','playerVirtual10','192.168.0.200','playerVirtual1163','playerVirtual10_272887063',0,1,1,2048,20,'2018-02-21 11:48:50','2018-02-21 11:48:50'),(60,'192.168.0.200','playerVirtual2_2359368952','playerVirtual2','192.168.0.200','playerVirtual10','playerVirtual10_17f5dd4215',1,1,1,512,1,'2018-02-21 11:48:50',NULL),(61,'192.168.0.200','playerVirtual4_1436323714','playerVirtual4','192.168.0.200','playerVirtual1163','playerVirtual4_1436323714',0,1,1,2048,20,'2018-02-21 11:49:25','2018-02-21 11:49:25'),(62,'192.168.0.200','playerVirtual10_1094955','playerVirtual10','192.168.0.200','playerVirtual1163','playerVirtual10_1094955',0,1,1,512,1,'2018-02-21 11:52:59','2018-02-21 11:52:59'),(63,'192.168.0.200','playerVirtual8_214880781','playerVirtual8','192.168.0.200','playerVirtual1163','playerVirtual8_214880781',0,1,1,2048,20,'2018-02-21 11:54:08','2018-02-21 11:54:08'),(64,'192.168.0.200','playerVirtual4_182859403','playerVirtual4','192.168.0.200','playerVirtual8','playerVirtual4_182859403',0,0,1,512,1,'2018-02-21 11:57:20','2018-02-21 11:57:20'),(65,'192.168.0.200','playerVirtual8_6955737','playerVirtual8','192.168.0.200','playerVirtual2','playerVirtual8_6955737',0,0,1,2048,20,'2018-02-21 12:00:25','2018-02-21 12:00:25'),(66,'192.168.0.200','playerVirtual10_6285257156','playerVirtual10','192.168.0.200','playerVirtual4','playerVirtual10_6285257156',0,0,1,512,1,'2018-02-21 12:00:42','2018-02-21 12:00:42'),(67,'192.168.0.200','playerVirtual4_6955737','playerVirtual4','192.168.0.200','playerVirtual10','playerVirtual4_6955737',0,0,1,2048,20,'2018-02-21 12:00:56','2018-02-21 12:00:56'),(68,'192.168.0.200','playerVirtual10_2381571381','playerVirtual10','192.168.0.200','playerVirtual1055','playerVirtual10_2381571381',0,1,1,2048,20,'2018-02-21 12:05:47','2018-02-21 12:05:47'),(69,'192.168.0.200','playerVirtual2_3338579772','playerVirtual2','192.168.0.200','playerVirtual1055','playerVirtual2_3338579772',0,1,1,2048,20,'2018-02-21 12:07:02','2018-02-21 12:07:02'),(70,'192.168.0.200','playerVirtual4_2378747961','playerVirtual4','192.168.0.200','playerVirtual1055','playerVirtual4_2378747961',0,1,1,512,1,'2018-02-21 12:09:10','2018-02-21 12:09:10'),(71,'192.168.0.200','playerVirtual8_6289355687','playerVirtual8','192.168.0.200','playerVirtual1055','playerVirtual8_6289355687',0,1,1,512,1,'2018-02-21 12:12:48','2018-02-21 12:12:48'),(72,'192.168.0.200','playerVirtual10_1438244924','playerVirtual10','192.168.0.200','playerVirtual1055','playerVirtual10_1438244924',0,1,1,2048,20,'2018-02-21 12:14:10','2018-02-21 12:14:10'),(73,'192.168.0.200','playerVirtual4_6289704471','playerVirtual4','192.168.0.200','playerVirtual10','playerVirtual10_31eb2528c1',3,1,1,512,1,'2018-02-21 12:14:27','2018-02-21 12:52:32'),(74,'192.168.0.200','playerVirtual8_794070039','playerVirtual8','192.168.0.200','playerVirtual1055','playerVirtual8_794070039',0,1,1,512,1,'2018-02-21 12:19:23','2018-02-21 12:19:23'),(75,'192.168.0.200','playerVirtual10_990694203','playerVirtual10','192.168.0.200','playerVirtual8','playerVirtual10_990694203',0,0,1,2048,20,'2018-02-21 12:20:21','2018-02-21 12:20:21'),(76,'192.168.0.200','playerVirtual2_6296268057','playerVirtual2','192.168.0.200','playerVirtual1220','playerVirtual2_6296268057',0,1,1,512,1,'2018-02-21 12:26:51','2018-02-21 12:26:51'),(77,'192.168.0.200','playerVirtual10_182859403','playerVirtual10','192.168.0.200','playerVirtual8','playerVirtual8_bebd92f50c',3,1,1,512,1,'2018-02-21 12:35:31','2018-02-21 12:43:54'),(78,'192.168.0.200','playerVirtual8_990694203','playerVirtual8','192.168.0.200','playerVirtual2','playerVirtual8_990694203',0,0,1,2048,20,'2018-02-21 12:36:22','2018-02-21 12:36:22'),(79,'192.168.0.200','playerVirtual2_6301942525','playerVirtual2','192.168.0.200','playerVirtual1026','playerVirtual2_6301942525',0,1,1,512,1,'2018-02-21 12:45:11','2018-02-21 12:45:11'),(80,'192.168.0.200','playerVirtual10_6289704471','playerVirtual10','192.168.0.200','playerVirtual8','playerVirtual8_88fc97ddc1',1,1,1,2048,20,'2018-02-21 12:54:36',NULL),(81,'192.168.0.200','playerVirtual4_1095593','playerVirtual4','192.168.0.200','playerVirtual10','playerVirtual10_1291bdde5c',1,1,1,512,1,'2018-02-21 13:00:57',NULL),(82,'192.168.0.200','playerVirtual10_182859403','playerVirtual10','192.168.0.200','playerVirtual1875','playerVirtual10_182859403',0,1,1,512,1,'2018-02-21 13:03:46','2018-02-21 13:03:46'),(83,'192.168.0.200','playerVirtual8_6274355716','playerVirtual8','192.168.0.200','playerVirtual1875','playerVirtual8_6274355716',0,1,1,512,1,'2018-02-21 13:04:24','2018-02-21 13:04:24');
/*!40000 ALTER TABLE `VM` ENABLE KEYS */;
UNLOCK TABLES;
/*!40103 SET TIME_ZONE=@OLD_TIME_ZONE */;

/*!40101 SET SQL_MODE=@OLD_SQL_MODE */;
/*!40014 SET FOREIGN_KEY_CHECKS=@OLD_FOREIGN_KEY_CHECKS */;
/*!40014 SET UNIQUE_CHECKS=@OLD_UNIQUE_CHECKS */;
/*!40101 SET CHARACTER_SET_CLIENT=@OLD_CHARACTER_SET_CLIENT */;
/*!40101 SET CHARACTER_SET_RESULTS=@OLD_CHARACTER_SET_RESULTS */;
/*!40101 SET COLLATION_CONNECTION=@OLD_COLLATION_CONNECTION */;
/*!40111 SET SQL_NOTES=@OLD_SQL_NOTES */;

-- Dump completed on 2018-02-21 10:04:42
