-- MySQL dump 10.14  Distrib 5.5.58-MariaDB, for debian-linux-gnu (x86_64)
--
-- Host: localhost    Database: mct
-- ------------------------------------------------------
-- Server version	5.5.58-MariaDB-1ubuntu0.14.04.1

/*!40101 SET @OLD_CHARACTER_SET_CLIENT=@@CHARACTER_SET_CLIENT */;
/*!40101 SET @OLD_CHARACTER_SET_RESULTS=@@CHARACTER_SET_RESULTS */;
/*!40101 SET @OLD_COLLATION_CONNECTION=@@COLLATION_CONNECTION */;
/*!40101 SET NAMES utf8 */;
/*!40103 SET @OLD_TIME_ZONE=@@TIME_ZONE */;
/*!40103 SET TIME_ZONE='+00:00' */;
/*!40014 SET @OLD_UNIQUE_CHECKS=@@UNIQUE_CHECKS, UNIQUE_CHECKS=0 */;
/*!40014 SET @OLD_FOREIGN_KEY_CHECKS=@@FOREIGN_KEY_CHECKS, FOREIGN_KEY_CHECKS=0 */;
/*!40101 SET @OLD_SQL_MODE=@@SQL_MODE, SQL_MODE='NO_AUTO_VALUE_ON_ZERO' */;
/*!40111 SET @OLD_SQL_NOTES=@@SQL_NOTES, SQL_NOTES=0 */;

--
-- Table structure for table `FIELDS`
--

DROP TABLE IF EXISTS `FIELDS`;
/*!40101 SET @saved_cs_client     = @@character_set_client */;
/*!40101 SET character_set_client = utf8 */;
CREATE TABLE `FIELDS` (
  `operation` int(11) NOT NULL,
  `fields` varchar(45) NOT NULL,
  PRIMARY KEY (`operation`)
) ENGINE=InnoDB DEFAULT CHARSET=utf8;
/*!40101 SET character_set_client = @saved_cs_client */;

--
-- Dumping data for table `FIELDS`
--

LOCK TABLES `FIELDS` WRITE;
/*!40000 ALTER TABLE `FIELDS` DISABLE KEYS */;
INSERT INTO `FIELDS` VALUES (0,'name mem image vcpus disk uuid');
/*!40000 ALTER TABLE `FIELDS` ENABLE KEYS */;
UNLOCK TABLES;

--
-- Table structure for table `PLAYER`
--

DROP TABLE IF EXISTS `PLAYER`;
/*!40101 SET @saved_cs_client     = @@character_set_client */;
/*!40101 SET character_set_client = utf8 */;
CREATE TABLE `PLAYER` (
  `id` int(11) NOT NULL AUTO_INCREMENT,
  `name` varchar(45) NOT NULL,
  `address` varchar(45) NOT NULL,
  `division` int(11) DEFAULT NULL,
  `score` float DEFAULT '0',
  `history` int(11) DEFAULT '0',
  `fairness` float DEFAULT '0',
  `accepts` int(11) DEFAULT '0',
  `rejects` int(11) DEFAULT '0',
  `running` int(11) DEFAULT '0',
  `finished` int(11) DEFAULT '0',
  `problem_del` int(11) DEFAULT '0',
  `vcpus` int(11) DEFAULT '0',
  `memory` bigint(20) DEFAULT '0',
  `local_gb` bigint(20) DEFAULT '0',
  `vcpus_used` bigint(20) DEFAULT '0',
  `memory_used` bigint(20) DEFAULT '0',
  `local_gb_used` bigint(20) DEFAULT '0',
  `max_instance` int(11) DEFAULT '0',
  `token` varchar(45) DEFAULT NULL,
  `suspend` timestamp NULL DEFAULT NULL,
  `enabled` int(11) DEFAULT '0',
  `last_choice` timestamp NOT NULL DEFAULT '2018-01-01 02:00:00',
  `playoff` tinyint(1) DEFAULT '0',
  PRIMARY KEY (`id`)
) ENGINE=InnoDB AUTO_INCREMENT=25 DEFAULT CHARSET=utf8;
/*!40101 SET character_set_client = @saved_cs_client */;

--
-- Dumping data for table `PLAYER`
--

LOCK TABLES `PLAYER` WRITE;
/*!40000 ALTER TABLE `PLAYER` DISABLE KEYS */;
INSERT INTO `PLAYER` VALUES (1,'playerVirtual2','192.168.0.200',2,7.3,29,0.736842,9,0,9,0,0,1023,1047552,10230,12,23040,221,9,'36e06d36eea8db515f838cae243159b88bc7ec06',NULL,1,'2018-02-20 12:06:58',0),(2,'playerVirtual0','192.168.0.200',4,-8,0,1,0,4,0,0,0,1023,1047552,10230,0,0,0,4,'628eaf5fbd324a4f0908151dbf1053a0fe9750b3',NULL,0,'2018-02-20 11:29:57',1),(3,'playerVirtual4','192.168.0.200',1,12.62,28,0.875,12,0,8,4,0,1023,1047552,10230,10,15872,143,9,'ed20c7572f618b9afcd8c318325ccd0574c2c3a1',NULL,1,'2018-02-20 13:37:05',0),(4,'playerVirtual1033','192.168.0.200',4,-6,0,1,0,3,0,0,0,1023,1047552,10230,0,0,0,4,'2e42d71f7bfcaefbff75c08975dd2d2e6721a784',NULL,0,'2018-02-20 11:41:20',1),(5,'playerVirtual5','192.168.0.200',3,2.99,26,0.714286,6,1,5,1,0,1023,1047552,10230,5,5632,43,5,'3eba1a629dcba3da1a21f7cd10a9cd4074aa2ea1',NULL,1,'2018-02-20 12:40:33',0),(6,'playerVirtual6','192.168.0.200',1,9.96,26,0.538462,9,0,6,3,0,1023,1047552,10230,7,9728,83,7,'9c1e884328bdbe6bc502c50c7ea3a66f86f14468',NULL,1,'2018-02-20 13:18:18',0),(7,'playerVirtual1550','192.168.0.200',4,-4,0,1,0,2,0,0,0,1023,1047552,10230,0,0,0,4,'90049ef953f8e72f0352d5b6d03665f546f289ac',NULL,0,'2018-02-20 11:49:29',1),(8,'playerVirtual8','192.168.0.200',1,11.96,24,0.6,12,0,8,4,0,1023,1047552,10230,9,12288,104,9,'dccf3ce80796262582308ec54ab23420398af568',NULL,1,'2018-02-20 13:50:42',0),(9,'playerVirtual1166','192.168.0.200',4,-8,0,1,0,4,0,0,0,1023,1047552,10230,0,0,0,4,'26fcd9d696ab8268b6e309e5f38fc18f4ed2a649',NULL,0,'2018-02-20 11:59:30',1),(10,'playerVirtual10','192.168.0.200',2,4.65,21,0.875,9,0,8,1,0,1023,1047552,10230,9,16896,161,8,'21b42b3da448b6f2876a13fdef92807ea15e67aa',NULL,1,'2018-02-20 12:31:55',0),(11,'playerVirtual11','192.168.0.200',3,3.99,20,0.625,6,0,3,3,0,1023,1047552,10230,3,3072,22,3,'b3f54ac3804b1621b5fbda88c26f5a2c6732b0b8',NULL,1,'2018-02-20 13:05:35',0),(12,'playerVirtual1692','192.168.0.200',4,-4,0,1,0,2,0,0,0,1023,1047552,10230,0,0,0,4,'22dd3c674e4648e14a13838fdb881aa3858bc150',NULL,0,'2018-02-20 12:12:25',1),(13,'playerVirtual12','192.168.0.200',4,-1.34,0,1,3,1,1,2,0,1023,1047552,10230,1,512,1,3,'4e247244c106cef1afc7327360968cc3fabf2139',NULL,0,'2018-02-20 12:26:12',1),(14,'playerVirtual13','192.168.0.200',3,2.66,18,0.571429,6,0,5,1,0,1023,1047552,10230,5,7168,62,5,'c32ab1acda4ab263d0cf482aa3d9152d81597c2f',NULL,1,'2018-02-20 12:47:25',0),(15,'playerVirtual14','192.168.0.200',3,-4.01,4,0.8,7,4,4,3,0,1023,1047552,10230,4,6656,61,5,'801fe80405a7ae1c28be979576657b54a67831ca',NULL,1,'2018-02-20 13:49:00',1),(16,'playerVirtual15','192.168.0.200',2,7.97,16,1,5,0,2,3,0,1023,1047552,10230,2,1024,2,5,'abc102e4d0ced5a671e870782058cda87226cd0a',NULL,1,'2018-02-20 13:24:25',0),(17,'playerVirtual1974','192.168.0.200',4,-2,0,0,0,1,0,0,0,1023,1047552,10230,0,0,0,4,'faa1fffc35eb9c8aa651da6da9f89dc305fc1080',NULL,0,'2018-02-20 12:30:08',1),(18,'playerVirtual16','192.168.0.200',2,5.31,15,0.75,5,0,2,3,0,1023,1047552,10230,2,2560,21,3,'d42c88921cdc8e606d9d5532a75cf54c141fabdf',NULL,1,'2018-02-20 13:31:37',0),(19,'playerVirtual1682','192.168.0.200',4,-4,0,0,0,2,0,0,0,1023,1047552,10230,0,0,0,4,'1c9205b4153107f5148e993e6a517eff435e31b1',NULL,0,'2018-02-20 12:54:46',1),(20,'playerVirtual18','192.168.0.200',2,7.96,13,0.666667,5,0,1,4,0,1023,1047552,10230,2,4096,40,3,'faad9675df5e6f3271f4412d7dba4e5b8aa2de9b',NULL,1,'2018-02-20 13:43:23',0),(21,'playerVirtual19','192.168.0.200',2,5.31,12,0,5,0,1,4,0,1023,1047552,10230,2,4096,40,7,'e70d8812cd2b573f7cb257f54b5fa16df79c0b29',NULL,1,'2018-02-20 13:36:02',0),(22,'playerVirtual1376','192.168.0.200',4,-4,0,0,0,2,0,0,0,1023,1047552,10230,0,0,0,4,'c360397be1f64d8af49c152b19b91a1b949eab1a',NULL,0,'2018-02-20 13:10:31',1),(23,'playerVirtual1590','192.168.0.200',4,-4,0,0,0,2,0,0,0,1023,1047552,10230,0,0,0,4,'0021141c70678194035897c666f74dd4c38a71a0',NULL,0,'2018-02-20 13:31:56',1),(24,'playerVirtual1215','192.168.0.200',3,0,0,0,0,1,0,0,0,1023,1047552,10230,0,0,0,4,'bb3a355713a407717ad0eadbfae3a10029ab3987',NULL,1,'2018-02-20 13:51:27',0);
/*!40000 ALTER TABLE `PLAYER` ENABLE KEYS */;
UNLOCK TABLES;

--
-- Table structure for table `REQUEST`
--

DROP TABLE IF EXISTS `REQUEST`;
/*!40101 SET @saved_cs_client     = @@character_set_client */;
/*!40101 SET character_set_client = utf8 */;
CREATE TABLE `REQUEST` (
  `id` int(11) NOT NULL AUTO_INCREMENT,
  `player_id` varchar(45) NOT NULL,
  `request_id` varchar(45) NOT NULL,
  `action` int(11) NOT NULL,
  `timestamp_received` timestamp NULL DEFAULT NULL,
  `timestamp_finished` timestamp NULL DEFAULT NULL,
  `status` int(11) NOT NULL,
  PRIMARY KEY (`id`)
) ENGINE=InnoDB AUTO_INCREMENT=521 DEFAULT CHARSET=utf8;
/*!40101 SET character_set_client = @saved_cs_client */;

--
-- Dumping data for table `REQUEST`
--

LOCK TABLES `REQUEST` WRITE;
/*!40000 ALTER TABLE `REQUEST` DISABLE KEYS */;
INSERT INTO `REQUEST` VALUES (1,'playerVirtual2','playerVirtual2_dd4c1efd37',4,'2018-02-20 11:22:38',NULL,0),(2,'playerVirtual0','playerVirtual0_f5ead46ad1',4,'2018-02-20 11:22:38',NULL,0),(3,'playerVirtual2','playerVirtual2_450512000',0,'2018-02-20 11:23:39',NULL,0),(4,'playerVirtual2','playerVirtual2_450512000',0,'2018-02-20 11:23:39',NULL,0),(5,'playerVirtual0','playerVirtual0_1438244924',0,'2018-02-20 11:23:41',NULL,0),(6,'playerVirtual0','playerVirtual0_1438244924',0,'2018-02-20 11:23:41',NULL,0),(7,'playerVirtual2','playerVirtual2_9b337a55a3',3,'2018-02-20 11:24:39',NULL,0),(8,'playerVirtual0','playerVirtual0_33021f749d',3,'2018-02-20 11:24:41',NULL,0),(9,'playerVirtual2','playerVirtual2_640692267',0,'2018-02-20 11:25:44',NULL,0),(10,'playerVirtual2','playerVirtual2_640692267',0,'2018-02-20 11:25:45',NULL,0),(11,'playerVirtual0','playerVirtual0_2381571381',0,'2018-02-20 11:25:45',NULL,0),(12,'playerVirtual0','playerVirtual0_2381571381',0,'2018-02-20 11:25:46',NULL,0),(13,'playerVirtual2','playerVirtual2_38c8a656f3',4,'2018-02-20 11:26:45',NULL,0),(14,'playerVirtual0','playerVirtual0_045dde38e5',4,'2018-02-20 11:26:46',NULL,0),(15,'playerVirtual2','playerVirtual2_5297461910',0,'2018-02-20 11:27:48',NULL,0),(16,'playerVirtual2','playerVirtual2_5297461910',0,'2018-02-20 11:27:48',NULL,0),(17,'playerVirtual0','playerVirtual0_2790332778',0,'2018-02-20 11:27:53',NULL,0),(18,'playerVirtual0','playerVirtual0_2790332778',0,'2018-02-20 11:27:53',NULL,0),(19,'playerVirtual2','playerVirtual2_d95c3a97b6',3,'2018-02-20 11:28:48',NULL,0),(20,'playerVirtual0','playerVirtual0_fbc62047fc',3,'2018-02-20 11:28:53',NULL,0),(21,'playerVirtual2','playerVirtual2_369721705',0,'2018-02-20 11:29:57',NULL,0),(22,'playerVirtual2','playerVirtual2_369721705',0,'2018-02-20 11:29:57',NULL,0),(23,'playerVirtual0','playerVirtual0_317469422',0,'2018-02-20 11:29:58',NULL,0),(24,'playerVirtual0','playerVirtual0_317469422',0,'2018-02-20 11:29:59',NULL,0),(25,'playerVirtual2','playerVirtual2_952dac8a2d',4,'2018-02-20 11:30:57',NULL,0),(26,'playerVirtual0','playerVirtual0_37e82856ad',4,'2018-02-20 11:30:59',NULL,0),(27,'playerVirtual2','playerVirtual2_6955737',0,'2018-02-20 11:32:01',NULL,0),(28,'playerVirtual4','playerVirtual4_50d272f492',4,'2018-02-20 11:32:38',NULL,0),(29,'playerVirtual2','playerVirtual2_4630523185',3,'2018-02-20 11:33:01',NULL,0),(30,'playerVirtual4','playerVirtual4_3584940347',0,'2018-02-20 11:33:52',NULL,0),(31,'playerVirtual4','playerVirtual4_3584940347',0,'2018-02-20 11:33:52',NULL,0),(32,'playerVirtual1033','playerVirtual1033_81a24e2a22',4,'2018-02-20 11:34:10',NULL,0),(33,'playerVirtual2','playerVirtual2_2433236783',0,'2018-02-20 11:34:11',NULL,0),(34,'playerVirtual2','playerVirtual2_2433236783',0,'2018-02-20 11:34:11',NULL,0),(35,'playerVirtual4','playerVirtual4_a0df21aae1',3,'2018-02-20 11:34:52',NULL,0),(36,'playerVirtual2','playerVirtual2_7196059a2b',4,'2018-02-20 11:35:11',NULL,0),(37,'playerVirtual1033','playerVirtual1033_3338579772',0,'2018-02-20 11:35:24',NULL,0),(38,'playerVirtual1033','playerVirtual1033_3338579772',0,'2018-02-20 11:35:25',NULL,0),(39,'playerVirtual4','playerVirtual4_257407216',0,'2018-02-20 11:35:53',NULL,0),(40,'playerVirtual4','playerVirtual4_257407216',0,'2018-02-20 11:35:53',NULL,0),(41,'playerVirtual2','playerVirtual2_182859403',0,'2018-02-20 11:36:22',NULL,0),(42,'playerVirtual2','playerVirtual2_182859403',0,'2018-02-20 11:36:23',NULL,0),(43,'playerVirtual1033','playerVirtual1033_d15358e93b',3,'2018-02-20 11:36:24',NULL,0),(44,'playerVirtual4','playerVirtual4_6a369419a5',4,'2018-02-20 11:36:53',NULL,0),(45,'playerVirtual2','playerVirtual2_6c4b17c994',3,'2018-02-20 11:37:23',NULL,0),(46,'playerVirtual1033','playerVirtual1033_2359368952',0,'2018-02-20 11:37:34',NULL,0),(47,'playerVirtual1033','playerVirtual1033_2359368952',0,'2018-02-20 11:37:35',NULL,0),(48,'playerVirtual5','playerVirtual5_10d0007f44',4,'2018-02-20 11:37:38',NULL,0),(49,'playerVirtual4','playerVirtual4_16917741',0,'2018-02-20 11:38:19',NULL,0),(50,'playerVirtual4','playerVirtual4_16917741',0,'2018-02-20 11:38:20',NULL,0),(51,'playerVirtual1033','playerVirtual1033_124ba0f0a7',4,'2018-02-20 11:38:35',NULL,0),(52,'playerVirtual2','playerVirtual2_2545640208',0,'2018-02-20 11:38:48',NULL,0),(53,'playerVirtual2','playerVirtual2_2545640208',0,'2018-02-20 11:38:48',NULL,0),(54,'playerVirtual5','playerVirtual5_908315',0,'2018-02-20 11:39:15',NULL,0),(55,'playerVirtual5','playerVirtual5_908315',0,'2018-02-20 11:39:16',NULL,0),(56,'playerVirtual4','playerVirtual4_d3fba657f1',3,'2018-02-20 11:39:20',NULL,0),(57,'playerVirtual2','playerVirtual2_633f0a00d1',4,'2018-02-20 11:39:48',NULL,0),(58,'playerVirtual1033','playerVirtual1033_539194189',0,'2018-02-20 11:40:10',NULL,0),(59,'playerVirtual1033','playerVirtual1033_539194189',0,'2018-02-20 11:40:10',NULL,0),(60,'playerVirtual5','playerVirtual5_342d14dd17',3,'2018-02-20 11:40:15',NULL,0),(61,'playerVirtual1033','playerVirtual1033_5c000d5c26',3,'2018-02-20 11:41:10',NULL,0),(62,'playerVirtual4','playerVirtual4_4820204870',0,'2018-02-20 11:41:20',NULL,0),(63,'playerVirtual4','playerVirtual4_4820204870',0,'2018-02-20 11:41:20',NULL,0),(64,'playerVirtual4','playerVirtual4_71456ec58b',4,'2018-02-20 11:42:20',NULL,0),(65,'playerVirtual6','playerVirtual6_87b3f3d5a5',4,'2018-02-20 11:42:35',NULL,0),(66,'playerVirtual2','playerVirtual2_8058564',0,'2018-02-20 11:42:39',NULL,0),(67,'playerVirtual2','playerVirtual2_8058564',0,'2018-02-20 11:42:40',NULL,0),(68,'playerVirtual5','playerVirtual5_1429160667',0,'2018-02-20 11:42:56',NULL,0),(69,'playerVirtual5','playerVirtual5_1429160667',0,'2018-02-20 11:42:56',NULL,0),(70,'playerVirtual2','playerVirtual2_12e5002ea2',3,'2018-02-20 11:43:39',NULL,0),(71,'playerVirtual5','playerVirtual5_edcd83cdee',4,'2018-02-20 11:43:56',NULL,0),(72,'playerVirtual4','playerVirtual4_82730999',0,'2018-02-20 11:44:42',NULL,0),(73,'playerVirtual4','playerVirtual4_82730999',0,'2018-02-20 11:44:43',NULL,0),(74,'playerVirtual2','playerVirtual2_6571218',0,'2018-02-20 11:45:13',NULL,0),(75,'playerVirtual2','playerVirtual2_6571218',0,'2018-02-20 11:45:13',NULL,0),(76,'playerVirtual5','playerVirtual5_778566023',0,'2018-02-20 11:45:42',NULL,0),(77,'playerVirtual5','playerVirtual5_778566023',0,'2018-02-20 11:45:43',NULL,0),(78,'playerVirtual4','playerVirtual4_fdbaae1133',3,'2018-02-20 11:45:43',NULL,0),(79,'playerVirtual1550','playerVirtual1550_af352ef1f1',4,'2018-02-20 11:45:55',NULL,0),(80,'playerVirtual6','playerVirtual6_351652724',0,'2018-02-20 11:45:59',NULL,0),(81,'playerVirtual6','playerVirtual6_351652724',0,'2018-02-20 11:46:00',NULL,0),(82,'playerVirtual2','playerVirtual2_8806c15ff6',4,'2018-02-20 11:46:13',NULL,0),(83,'playerVirtual5','playerVirtual5_7875739008',3,'2018-02-20 11:46:43',NULL,0),(84,'playerVirtual6','playerVirtual6_3e524c53bb',3,'2018-02-20 11:47:00',NULL,0),(85,'playerVirtual4','playerVirtual4_1436344784',0,'2018-02-20 11:47:51',NULL,0),(86,'playerVirtual4','playerVirtual4_1436344784',0,'2018-02-20 11:47:51',NULL,0),(87,'playerVirtual6','playerVirtual6_359920779',0,'2018-02-20 11:48:08',NULL,0),(88,'playerVirtual6','playerVirtual6_359920779',0,'2018-02-20 11:48:08',NULL,0),(89,'playerVirtual4','playerVirtual4_67c9173069',4,'2018-02-20 11:48:51',NULL,0),(90,'playerVirtual6','playerVirtual6_606f8d2403',4,'2018-02-20 11:49:08',NULL,0),(91,'playerVirtual2','playerVirtual2_317497342',0,'2018-02-20 11:49:12',NULL,0),(92,'playerVirtual2','playerVirtual2_317497342',0,'2018-02-20 11:49:12',NULL,0),(93,'playerVirtual1550','playerVirtual1550_1339662',0,'2018-02-20 11:49:26',NULL,0),(94,'playerVirtual1550','playerVirtual1550_1339662',0,'2018-02-20 11:49:27',NULL,0),(95,'playerVirtual5','playerVirtual5_284794223',0,'2018-02-20 11:49:29',NULL,0),(96,'playerVirtual5','playerVirtual5_284794223',0,'2018-02-20 11:49:29',NULL,0),(97,'playerVirtual2','playerVirtual2_55bb04660f',3,'2018-02-20 11:50:12',NULL,0),(98,'playerVirtual1550','playerVirtual1550_e741e3b83e',3,'2018-02-20 11:50:27',NULL,0),(99,'playerVirtual5','playerVirtual5_5e0f529426',4,'2018-02-20 11:50:29',NULL,0),(100,'playerVirtual4','playerVirtual4_904011',0,'2018-02-20 11:51:15',NULL,0),(101,'playerVirtual4','playerVirtual4_904011',0,'2018-02-20 11:51:16',NULL,0),(102,'playerVirtual2','playerVirtual2_257338074',0,'2018-02-20 11:51:46',NULL,0),(103,'playerVirtual2','playerVirtual2_257338074',0,'2018-02-20 11:51:47',NULL,0),(104,'playerVirtual4','playerVirtual4_2fe810a206',3,'2018-02-20 11:52:16',NULL,0),(105,'playerVirtual5','playerVirtual5_1093460',0,'2018-02-20 11:52:17',NULL,0),(106,'playerVirtual5','playerVirtual5_1093460',0,'2018-02-20 11:52:18',NULL,0),(107,'playerVirtual6','playerVirtual6_2904109077',0,'2018-02-20 11:52:33',NULL,0),(108,'playerVirtual6','playerVirtual6_2904109077',0,'2018-02-20 11:52:34',NULL,0),(109,'playerVirtual8','playerVirtual8_968b353c10',4,'2018-02-20 11:52:38',NULL,0),(110,'playerVirtual2','playerVirtual2_805378ff89',4,'2018-02-20 11:52:47',NULL,0),(111,'playerVirtual5','playerVirtual5_9b338df015',3,'2018-02-20 11:53:17',NULL,0),(112,'playerVirtual6','playerVirtual6_3ef1ce4857',3,'2018-02-20 11:53:33',NULL,0),(113,'playerVirtual1166','playerVirtual1166_d97897c521',4,'2018-02-20 11:53:38',NULL,0),(114,'playerVirtual4','playerVirtual4_6569547',0,'2018-02-20 11:54:27',NULL,0),(115,'playerVirtual4','playerVirtual4_6569547',0,'2018-02-20 11:54:27',NULL,0),(116,'playerVirtual6','playerVirtual6_38671842',0,'2018-02-20 11:54:56',NULL,0),(117,'playerVirtual6','playerVirtual6_38671842',0,'2018-02-20 11:54:56',NULL,0),(118,'playerVirtual4','playerVirtual4_370a91af50',4,'2018-02-20 11:55:27',NULL,0),(119,'playerVirtual2','playerVirtual2_30788568',0,'2018-02-20 11:55:52',NULL,0),(120,'playerVirtual2','playerVirtual2_30788568',0,'2018-02-20 11:55:52',NULL,0),(121,'playerVirtual6','playerVirtual6_88b084f817',4,'2018-02-20 11:55:56',NULL,0),(122,'playerVirtual5','playerVirtual5_5792765',0,'2018-02-20 11:56:10',NULL,0),(123,'playerVirtual5','playerVirtual5_5792765',0,'2018-02-20 11:56:10',NULL,0),(124,'playerVirtual8','playerVirtual8_470485660',0,'2018-02-20 11:56:14',NULL,0),(125,'playerVirtual8','playerVirtual8_470485660',0,'2018-02-20 11:56:14',NULL,0),(126,'playerVirtual2','playerVirtual2_148bbd5bc5',3,'2018-02-20 11:56:52',NULL,0),(127,'playerVirtual5','playerVirtual5_708d568c52',4,'2018-02-20 11:57:10',NULL,0),(128,'playerVirtual8','playerVirtual8_41d777f12e',3,'2018-02-20 11:57:14',NULL,0),(129,'playerVirtual1166','playerVirtual1166_400453824',0,'2018-02-20 11:57:26',NULL,0),(130,'playerVirtual1166','playerVirtual1166_400453824',0,'2018-02-20 11:57:26',NULL,0),(131,'playerVirtual4','playerVirtual4_4820318661',0,'2018-02-20 11:58:11',NULL,0),(132,'playerVirtual4','playerVirtual4_4820318661',0,'2018-02-20 11:58:12',NULL,0),(133,'playerVirtual1166','playerVirtual1166_6f27f4ef84',3,'2018-02-20 11:58:26',NULL,0),(134,'playerVirtual2','playerVirtual2_4820217293',0,'2018-02-20 11:58:46',NULL,0),(135,'playerVirtual2','playerVirtual2_4820217293',0,'2018-02-20 11:58:47',NULL,0),(136,'playerVirtual8','playerVirtual8_2378747961',0,'2018-02-20 11:58:48',NULL,0),(137,'playerVirtual8','playerVirtual8_2378747961',0,'2018-02-20 11:58:52',NULL,0),(138,'playerVirtual4','playerVirtual4_2a1cebebd1',3,'2018-02-20 11:59:11',NULL,0),(139,'playerVirtual5','playerVirtual5_6264344062',0,'2018-02-20 11:59:17',NULL,0),(140,'playerVirtual5','playerVirtual5_6264344062',0,'2018-02-20 11:59:18',NULL,0),(141,'playerVirtual6','playerVirtual6_4819935267',0,'2018-02-20 11:59:30',NULL,0),(142,'playerVirtual6','playerVirtual6_4819935267',0,'2018-02-20 11:59:31',NULL,0),(143,'playerVirtual2','playerVirtual2_027070ecd2',4,'2018-02-20 11:59:47',NULL,0),(144,'playerVirtual8','playerVirtual8_5dbeec33cf',4,'2018-02-20 11:59:48',NULL,0),(145,'playerVirtual1166','playerVirtual1166_5068098508',0,'2018-02-20 11:59:53',NULL,0),(146,'playerVirtual1166','playerVirtual1166_5068098508',0,'2018-02-20 11:59:53',NULL,0),(147,'playerVirtual5','playerVirtual5_b555c37971',3,'2018-02-20 12:00:17',NULL,0),(148,'playerVirtual6','playerVirtual6_1bc32096c5',3,'2018-02-20 12:00:31',NULL,0),(149,'playerVirtual1166','playerVirtual1166_afef79f3cf',4,'2018-02-20 12:00:54',NULL,0),(150,'playerVirtual10','playerVirtual10_719aea3d31',4,'2018-02-20 12:02:41',NULL,0),(151,'playerVirtual4','playerVirtual4_227443932',0,'2018-02-20 12:02:56',NULL,0),(152,'playerVirtual4','playerVirtual4_227443932',0,'2018-02-20 12:02:58',NULL,0),(153,'playerVirtual6','playerVirtual6_765651',0,'2018-02-20 12:03:35',NULL,0),(154,'playerVirtual6','playerVirtual6_765651',0,'2018-02-20 12:03:35',NULL,0),(155,'playerVirtual4','playerVirtual4_1541216428',4,'2018-02-20 12:03:55',NULL,0),(156,'playerVirtual2','playerVirtual2_1095593',0,'2018-02-20 12:04:20',NULL,0),(157,'playerVirtual2','playerVirtual2_1095593',0,'2018-02-20 12:04:20',NULL,0),(158,'playerVirtual6','playerVirtual6_b1a6b08316',4,'2018-02-20 12:04:35',NULL,0),(159,'playerVirtual5','playerVirtual5_563574327',0,'2018-02-20 12:04:46',NULL,0),(160,'playerVirtual5','playerVirtual5_563574327',0,'2018-02-20 12:04:46',NULL,0),(161,'playerVirtual8','playerVirtual8_2148750930',0,'2018-02-20 12:04:46',NULL,0),(162,'playerVirtual8','playerVirtual8_2148750930',0,'2018-02-20 12:04:46',NULL,0),(163,'playerVirtual2','playerVirtual2_ee657dfc7c',3,'2018-02-20 12:05:20',NULL,0),(164,'playerVirtual5','playerVirtual5_ca714cd2a7',4,'2018-02-20 12:05:46',NULL,0),(165,'playerVirtual8','playerVirtual8_8414e386ab',3,'2018-02-20 12:05:46',NULL,0),(166,'playerVirtual4','playerVirtual4_284757920',0,'2018-02-20 12:06:58',NULL,0),(167,'playerVirtual4','playerVirtual4_284757920',0,'2018-02-20 12:06:58',NULL,0),(168,'playerVirtual11','playerVirtual11_3eef1f55e5',4,'2018-02-20 12:07:35',NULL,0),(169,'playerVirtual2','playerVirtual2_6274355716',0,'2018-02-20 12:07:37',NULL,0),(170,'playerVirtual2','playerVirtual2_6274355716',0,'2018-02-20 12:07:38',NULL,0),(171,'playerVirtual4','playerVirtual4_25944ceaec',3,'2018-02-20 12:07:58',NULL,0),(172,'playerVirtual5','playerVirtual5_38676294',0,'2018-02-20 12:08:11',NULL,0),(173,'playerVirtual5','playerVirtual5_38676294',0,'2018-02-20 12:08:11',NULL,0),(174,'playerVirtual1692','playerVirtual1692_a79d6775bf',4,'2018-02-20 12:08:13',NULL,0),(175,'playerVirtual6','playerVirtual6_272887063',0,'2018-02-20 12:08:19',NULL,0),(176,'playerVirtual6','playerVirtual6_272887063',0,'2018-02-20 12:08:19',NULL,0),(177,'playerVirtual10','playerVirtual10_5623125514',0,'2018-02-20 12:08:25',NULL,0),(178,'playerVirtual10','playerVirtual10_5623125514',0,'2018-02-20 12:08:26',NULL,0),(179,'playerVirtual2','playerVirtual2_4418780251',4,'2018-02-20 12:08:38',NULL,0),(180,'playerVirtual8','playerVirtual8_182859403',0,'2018-02-20 12:08:42',NULL,0),(181,'playerVirtual8','playerVirtual8_182859403',0,'2018-02-20 12:08:42',NULL,0),(182,'playerVirtual5','playerVirtual5_a839c8c4ab',3,'2018-02-20 12:09:11',NULL,0),(183,'playerVirtual6','playerVirtual6_5bea3d2a2c',3,'2018-02-20 12:09:19',NULL,0),(184,'playerVirtual10','playerVirtual10_2598ae1725',3,'2018-02-20 12:09:25',NULL,0),(185,'playerVirtual8','playerVirtual8_63bb67bb58',4,'2018-02-20 12:09:42',NULL,0),(186,'playerVirtual10','playerVirtual10_6280643141',0,'2018-02-20 12:12:25',NULL,0),(187,'playerVirtual10','playerVirtual10_6280643141',0,'2018-02-20 12:12:25',NULL,0),(188,'playerVirtual12','playerVirtual12_85e347aa2b',4,'2018-02-20 12:12:35',NULL,0),(189,'playerVirtual4','playerVirtual4_45d23bbe5a',4,'2018-02-20 12:13:03',NULL,0),(190,'playerVirtual10','playerVirtual10_30b2694fd0',4,'2018-02-20 12:13:25',NULL,0),(191,'playerVirtual2','playerVirtual2_182859403',1,'2018-02-20 12:13:29',NULL,0),(192,'playerVirtual2','playerVirtual2_dcb490af6b',3,'2018-02-20 12:13:29',NULL,0),(193,'playerVirtual2','playerVirtual2_182859403',1,'2018-02-20 12:13:29',NULL,0),(194,'playerVirtual6','playerVirtual6_6280638724',0,'2018-02-20 12:14:19',NULL,0),(195,'playerVirtual6','playerVirtual6_6280638724',0,'2018-02-20 12:14:20',NULL,0),(196,'playerVirtual11','playerVirtual11_4820204870',0,'2018-02-20 12:14:44',NULL,0),(197,'playerVirtual11','playerVirtual11_4820204870',0,'2018-02-20 12:14:44',NULL,0),(198,'playerVirtual8','playerVirtual8_182859403',1,'2018-02-20 12:14:55',NULL,0),(199,'playerVirtual8','playerVirtual8_c90cf59285',3,'2018-02-20 12:14:55',NULL,0),(200,'playerVirtual8','playerVirtual8_182859403',1,'2018-02-20 12:14:56',NULL,0),(201,'playerVirtual6','playerVirtual6_e152628ccc',4,'2018-02-20 12:15:20',NULL,0),(202,'playerVirtual5','playerVirtual5_990694203',0,'2018-02-20 12:15:26',NULL,0),(203,'playerVirtual5','playerVirtual5_990694203',0,'2018-02-20 12:15:28',NULL,0),(204,'playerVirtual1692','playerVirtual1692_990694203',0,'2018-02-20 12:15:39',NULL,0),(205,'playerVirtual1692','playerVirtual1692_990694203',0,'2018-02-20 12:15:39',NULL,0),(206,'playerVirtual11','playerVirtual11_f7c95068ed',3,'2018-02-20 12:15:44',NULL,0),(207,'playerVirtual5','playerVirtual5_6fe5e855ca',4,'2018-02-20 12:16:26',NULL,0),(208,'playerVirtual4','playerVirtual4_272887063',0,'2018-02-20 12:16:58',NULL,0),(209,'playerVirtual4','playerVirtual4_272887063',0,'2018-02-20 12:16:59',NULL,0),(210,'playerVirtual13','playerVirtual13_a13a4ddf33',4,'2018-02-20 12:17:37',NULL,0),(211,'playerVirtual2','playerVirtual2_2359368952',0,'2018-02-20 12:17:40',NULL,0),(212,'playerVirtual2','playerVirtual2_2359368952',0,'2018-02-20 12:17:41',NULL,0),(213,'playerVirtual11','playerVirtual11_682797',0,'2018-02-20 12:17:58',NULL,0),(214,'playerVirtual11','playerVirtual11_682797',0,'2018-02-20 12:17:59',NULL,0),(215,'playerVirtual4','playerVirtual4_888fdfca81',3,'2018-02-20 12:17:59',NULL,0),(216,'playerVirtual2','playerVirtual2_024674bce0',4,'2018-02-20 12:18:41',NULL,0),(217,'playerVirtual5','playerVirtual5_990694203',1,'2018-02-20 12:18:48',NULL,0),(218,'playerVirtual5','playerVirtual5_4d41ca6a88',3,'2018-02-20 12:18:48',NULL,0),(219,'playerVirtual5','playerVirtual5_990694203',1,'2018-02-20 12:18:48',NULL,0),(220,'playerVirtual8','playerVirtual8_1436323714',0,'2018-02-20 12:18:57',NULL,0),(221,'playerVirtual8','playerVirtual8_1436323714',0,'2018-02-20 12:18:57',NULL,0),(222,'playerVirtual11','playerVirtual11_a54064ec19',4,'2018-02-20 12:18:58',NULL,0),(223,'playerVirtual6','playerVirtual6_324a204d50',3,'2018-02-20 12:19:19',NULL,0),(224,'playerVirtual10','playerVirtual10_6282149131',0,'2018-02-20 12:19:27',NULL,0),(225,'playerVirtual10','playerVirtual10_6282149131',0,'2018-02-20 12:19:28',NULL,0),(226,'playerVirtual8','playerVirtual8_70b482d0d2',4,'2018-02-20 12:19:57',NULL,0),(227,'playerVirtual10','playerVirtual10_a8fb9ff315',3,'2018-02-20 12:20:27',NULL,0),(228,'playerVirtual12','playerVirtual12_4476462938',0,'2018-02-20 12:20:29',NULL,0),(229,'playerVirtual12','playerVirtual12_4476462938',0,'2018-02-20 12:20:29',NULL,0),(230,'playerVirtual12','playerVirtual12_49aeca893d',3,'2018-02-20 12:21:29',NULL,0),(231,'playerVirtual14','playerVirtual14_da163e95a8',4,'2018-02-20 12:22:35',NULL,0),(232,'playerVirtual4','playerVirtual4_16914091',0,'2018-02-20 12:23:33',NULL,0),(233,'playerVirtual4','playerVirtual4_16914091',0,'2018-02-20 12:23:33',NULL,0),(234,'playerVirtual2','playerVirtual2_182859403',0,'2018-02-20 12:24:12',NULL,0),(235,'playerVirtual2','playerVirtual2_2fce2dff8a',3,'2018-02-20 12:24:12',NULL,0),(236,'playerVirtual2','playerVirtual2_182859403',0,'2018-02-20 12:24:12',NULL,0),(237,'playerVirtual12','playerVirtual12_3338579772',0,'2018-02-20 12:24:14',NULL,0),(238,'playerVirtual12','playerVirtual12_3338579772',0,'2018-02-20 12:24:15',NULL,0),(239,'playerVirtual4','playerVirtual4_c7770d68b5',4,'2018-02-20 12:24:33',NULL,0),(240,'playerVirtual10','playerVirtual10_1438244924',0,'2018-02-20 12:25:03',NULL,0),(241,'playerVirtual10','playerVirtual10_1438244924',0,'2018-02-20 12:25:03',NULL,0),(242,'playerVirtual12','playerVirtual12_5699a3d471',4,'2018-02-20 12:25:15',NULL,0),(243,'playerVirtual6','playerVirtual6_6955737',0,'2018-02-20 12:25:38',NULL,0),(244,'playerVirtual6','playerVirtual6_6955737',0,'2018-02-20 12:25:39',NULL,0),(245,'playerVirtual13','playerVirtual13_214880781',0,'2018-02-20 12:26:02',NULL,0),(246,'playerVirtual13','playerVirtual13_214880781',0,'2018-02-20 12:26:03',NULL,0),(247,'playerVirtual10','playerVirtual10_4f16b218cc',4,'2018-02-20 12:26:03',NULL,0),(248,'playerVirtual5','playerVirtual5_6641406',0,'2018-02-20 12:26:11',NULL,0),(249,'playerVirtual5','playerVirtual5_6641406',0,'2018-02-20 12:26:12',NULL,0),(250,'playerVirtual8','playerVirtual8_6955737',0,'2018-02-20 12:26:26',NULL,0),(251,'playerVirtual8','playerVirtual8_6955737',0,'2018-02-20 12:26:27',NULL,0),(252,'playerVirtual11','playerVirtual11_6285257156',0,'2018-02-20 12:26:36',NULL,0),(253,'playerVirtual11','playerVirtual11_6285257156',0,'2018-02-20 12:26:36',NULL,0),(254,'playerVirtual6','playerVirtual6_3246174032',4,'2018-02-20 12:26:38',NULL,0),(255,'playerVirtual13','playerVirtual13_7ec1adb738',3,'2018-02-20 12:27:02',NULL,0),(256,'playerVirtual5','playerVirtual5_48e0c7487f',4,'2018-02-20 12:27:12',NULL,0),(257,'playerVirtual8','playerVirtual8_619648eb33',3,'2018-02-20 12:27:26',NULL,0),(258,'playerVirtual15','playerVirtual15_d8f3a69687',4,'2018-02-20 12:27:35',NULL,0),(259,'playerVirtual11','playerVirtual11_f6d28b8563',3,'2018-02-20 12:27:36',NULL,0),(260,'playerVirtual1974','playerVirtual1974_c4193a4a15',4,'2018-02-20 12:28:10',NULL,0),(261,'playerVirtual2','playerVirtual2_b473ea63d9',4,'2018-02-20 12:29:00',NULL,0),(262,'playerVirtual4','playerVirtual4_2378747961',0,'2018-02-20 12:29:49',NULL,0),(263,'playerVirtual4','playerVirtual4_2378747961',0,'2018-02-20 12:29:49',NULL,0),(264,'playerVirtual13','playerVirtual13_1438244924',0,'2018-02-20 12:30:08',NULL,0),(265,'playerVirtual13','playerVirtual13_1438244924',0,'2018-02-20 12:30:11',NULL,0),(266,'playerVirtual6','playerVirtual6_6955737',1,'2018-02-20 12:30:38',NULL,0),(267,'playerVirtual6','playerVirtual6_9834fd927a',3,'2018-02-20 12:30:38',NULL,0),(268,'playerVirtual6','playerVirtual6_6955737',1,'2018-02-20 12:30:38',NULL,0),(269,'playerVirtual4','playerVirtual4_c4742b43b6',3,'2018-02-20 12:30:49',NULL,0),(270,'playerVirtual13','playerVirtual13_4089ed5aaa',4,'2018-02-20 12:31:05',NULL,0),(271,'playerVirtual5','playerVirtual5_6289704471',0,'2018-02-20 12:31:19',NULL,0),(272,'playerVirtual5','playerVirtual5_6289704471',0,'2018-02-20 12:31:19',NULL,0),(273,'playerVirtual8','playerVirtual8_5d3b2314e1',4,'2018-02-20 12:31:46',NULL,0),(274,'playerVirtual11','playerVirtual11_794070039',0,'2018-02-20 12:31:55',NULL,0),(275,'playerVirtual11','playerVirtual11_794070039',0,'2018-02-20 12:31:55',NULL,0),(276,'playerVirtual5','playerVirtual5_295be3133e',3,'2018-02-20 12:32:19',NULL,0),(277,'playerVirtual14','playerVirtual14_2381571381',0,'2018-02-20 12:32:23',NULL,0),(278,'playerVirtual14','playerVirtual14_2381571381',0,'2018-02-20 12:32:23',NULL,0),(279,'playerVirtual16','playerVirtual16_2914147e32',4,'2018-02-20 12:32:37',NULL,0),(280,'playerVirtual11','playerVirtual11_a095119526',4,'2018-02-20 12:32:55',NULL,0),(281,'playerVirtual10','playerVirtual10_1438244924',1,'2018-02-20 12:32:55',NULL,0),(282,'playerVirtual10','playerVirtual10_56121dfba7',3,'2018-02-20 12:32:56',NULL,0),(283,'playerVirtual10','playerVirtual10_1438244924',1,'2018-02-20 12:32:56',NULL,0),(284,'playerVirtual14','playerVirtual14_238d37559b',3,'2018-02-20 12:33:23',NULL,0),(285,'playerVirtual2','playerVirtual2_1095593',1,'2018-02-20 12:36:21',NULL,0),(286,'playerVirtual2','playerVirtual2_d2ddcfb155',3,'2018-02-20 12:36:21',NULL,0),(287,'playerVirtual2','playerVirtual2_1095593',1,'2018-02-20 12:36:21',NULL,0),(288,'playerVirtual4','playerVirtual4_1436344784',1,'2018-02-20 12:37:20',NULL,0),(289,'playerVirtual4','playerVirtual4_20d7e881d3',4,'2018-02-20 12:37:21',NULL,0),(290,'playerVirtual4','playerVirtual4_1436344784',1,'2018-02-20 12:37:21',NULL,0),(291,'playerVirtual15','playerVirtual15_1436344784',0,'2018-02-20 12:38:23',NULL,0),(292,'playerVirtual15','playerVirtual15_1436344784',0,'2018-02-20 12:38:23',NULL,0),(293,'playerVirtual15','playerVirtual15_db0c107a93',3,'2018-02-20 12:39:23',NULL,0),(294,'playerVirtual5','playerVirtual5_6264344062',1,'2018-02-20 12:39:53',NULL,0),(295,'playerVirtual5','playerVirtual5_d23103340a',4,'2018-02-20 12:39:53',NULL,0),(296,'playerVirtual5','playerVirtual5_6264344062',1,'2018-02-20 12:39:53',NULL,0),(297,'playerVirtual6','playerVirtual6_6296268057',0,'2018-02-20 12:40:32',NULL,0),(298,'playerVirtual6','playerVirtual6_6296268057',0,'2018-02-20 12:40:33',NULL,0),(299,'playerVirtual14','playerVirtual14_5297461910',0,'2018-02-20 12:40:43',NULL,0),(300,'playerVirtual14','playerVirtual14_5297461910',0,'2018-02-20 12:40:44',NULL,0),(301,'playerVirtual6','playerVirtual6_d440272d9d',4,'2018-02-20 12:41:33',NULL,0),(302,'playerVirtual14','playerVirtual14_06e168fbc3',4,'2018-02-20 12:41:44',NULL,0),(303,'playerVirtual1682','playerVirtual1682_8259985344',4,'2018-02-20 12:41:51',NULL,0),(304,'playerVirtual13','playerVirtual13_6296865278',0,'2018-02-20 12:42:07',NULL,0),(305,'playerVirtual13','playerVirtual13_6296865278',0,'2018-02-20 12:42:08',NULL,0),(306,'playerVirtual10','playerVirtual10_6301942525',0,'2018-02-20 12:42:23',NULL,0),(307,'playerVirtual10','playerVirtual10_6301942525',0,'2018-02-20 12:42:23',NULL,0),(308,'playerVirtual8','playerVirtual8_182859403',0,'2018-02-20 12:42:36',NULL,0),(309,'playerVirtual8','playerVirtual8_d4cc96a288',3,'2018-02-20 12:42:36',NULL,0),(310,'playerVirtual8','playerVirtual8_182859403',0,'2018-02-20 12:42:37',NULL,0),(311,'playerVirtual18','playerVirtual18_23ac986755',4,'2018-02-20 12:42:39',NULL,0),(312,'playerVirtual2','playerVirtual2_6274355716',1,'2018-02-20 12:42:51',NULL,0),(313,'playerVirtual2','playerVirtual2_bbf620c366',4,'2018-02-20 12:42:51',NULL,0),(314,'playerVirtual2','playerVirtual2_6274355716',1,'2018-02-20 12:42:51',NULL,0),(315,'playerVirtual13','playerVirtual13_e5bfb0231d',3,'2018-02-20 12:43:08',NULL,0),(316,'playerVirtual4','playerVirtual4_2378747961',1,'2018-02-20 12:43:08',NULL,0),(317,'playerVirtual4','playerVirtual4_60bc3d8450',3,'2018-02-20 12:43:08',NULL,0),(318,'playerVirtual4','playerVirtual4_2378747961',1,'2018-02-20 12:43:08',NULL,0),(319,'playerVirtual10','playerVirtual10_2cb35a40a0',4,'2018-02-20 12:43:23',NULL,0),(320,'playerVirtual11','playerVirtual11_990694203',0,'2018-02-20 12:44:35',NULL,0),(321,'playerVirtual11','playerVirtual11_990694203',0,'2018-02-20 12:44:36',NULL,0),(322,'playerVirtual11','playerVirtual11_d6e4104298',3,'2018-02-20 12:45:35',NULL,0),(323,'playerVirtual15','playerVirtual15_6289704471',0,'2018-02-20 12:46:41',NULL,0),(324,'playerVirtual15','playerVirtual15_6289704471',0,'2018-02-20 12:46:41',NULL,0),(325,'playerVirtual8','playerVirtual8_182859403',1,'2018-02-20 12:46:56',NULL,0),(326,'playerVirtual8','playerVirtual8_b49bc14c31',4,'2018-02-20 12:46:56',NULL,0),(327,'playerVirtual8','playerVirtual8_182859403',1,'2018-02-20 12:46:57',NULL,0),(328,'playerVirtual16','playerVirtual16_6264344062',0,'2018-02-20 12:47:25',NULL,0),(329,'playerVirtual16','playerVirtual16_6264344062',0,'2018-02-20 12:47:25',NULL,0),(330,'playerVirtual19','playerVirtual19_ae406f60c7',4,'2018-02-20 12:47:41',NULL,0),(331,'playerVirtual15','playerVirtual15_0566787b3c',4,'2018-02-20 12:47:41',NULL,0),(332,'playerVirtual16','playerVirtual16_e26d6c1f83',3,'2018-02-20 12:48:25',NULL,0),(333,'playerVirtual5','playerVirtual5_908315',1,'2018-02-20 12:48:35',NULL,0),(334,'playerVirtual5','playerVirtual5_d3e74b832a',3,'2018-02-20 12:48:35',NULL,0),(335,'playerVirtual5','playerVirtual5_908315',1,'2018-02-20 12:48:35',NULL,0),(336,'playerVirtual6','playerVirtual6_1095593',0,'2018-02-20 12:49:50',NULL,0),(337,'playerVirtual6','playerVirtual6_1095593',0,'2018-02-20 12:49:50',NULL,0),(338,'playerVirtual11','playerVirtual11_990694203',1,'2018-02-20 12:49:54',NULL,0),(339,'playerVirtual11','playerVirtual11_3e1005e456',4,'2018-02-20 12:49:54',NULL,0),(340,'playerVirtual11','playerVirtual11_990694203',1,'2018-02-20 12:49:54',NULL,0),(341,'playerVirtual6','playerVirtual6_59a300c3bb',3,'2018-02-20 12:50:50',NULL,0),(342,'playerVirtual13','playerVirtual13_539194189',0,'2018-02-20 12:51:05',NULL,0),(343,'playerVirtual13','playerVirtual13_539194189',0,'2018-02-20 12:51:06',NULL,0),(344,'playerVirtual2','playerVirtual2_182859403',1,'2018-02-20 12:51:30',NULL,0),(345,'playerVirtual2','playerVirtual2_2b0ac708b4',3,'2018-02-20 12:51:30',NULL,0),(346,'playerVirtual2','playerVirtual2_182859403',1,'2018-02-20 12:51:30',NULL,0),(347,'playerVirtual13','playerVirtual13_ecd74b4b48',4,'2018-02-20 12:52:06',NULL,0),(348,'playerVirtual14','playerVirtual14_6274355716',0,'2018-02-20 12:53:09',NULL,0),(349,'playerVirtual14','playerVirtual14_6274355716',0,'2018-02-20 12:53:09',NULL,0),(350,'playerVirtual14','playerVirtual14_b005335307',3,'2018-02-20 12:54:09',NULL,0),(351,'playerVirtual10','playerVirtual10_4246147567',0,'2018-02-20 12:54:29',NULL,0),(352,'playerVirtual10','playerVirtual10_4246147567',0,'2018-02-20 12:54:29',NULL,0),(353,'playerVirtual16','playerVirtual16_4246147567',0,'2018-02-20 12:54:46',NULL,0),(354,'playerVirtual16','playerVirtual16_4246147567',0,'2018-02-20 12:54:46',NULL,0),(355,'playerVirtual10','playerVirtual10_387bbbe524',3,'2018-02-20 12:55:29',NULL,0),(356,'playerVirtual4','playerVirtual4_904011',1,'2018-02-20 12:55:30',NULL,0),(357,'playerVirtual4','playerVirtual4_2cf79585d4',4,'2018-02-20 12:55:30',NULL,0),(358,'playerVirtual4','playerVirtual4_904011',1,'2018-02-20 12:55:33',NULL,0),(359,'playerVirtual16','playerVirtual16_e5b9a2ba8f',4,'2018-02-20 12:55:46',NULL,0),(360,'playerVirtual5','playerVirtual5_6289704471',1,'2018-02-20 12:57:15',NULL,0),(361,'playerVirtual5','playerVirtual5_ab5dfb031a',4,'2018-02-20 12:57:15',NULL,0),(362,'playerVirtual5','playerVirtual5_6289704471',1,'2018-02-20 12:57:15',NULL,0),(363,'playerVirtual15','playerVirtual15_6289704471',1,'2018-02-20 12:59:33',NULL,0),(364,'playerVirtual15','playerVirtual15_484d3220fe',3,'2018-02-20 12:59:33',NULL,0),(365,'playerVirtual15','playerVirtual15_6289704471',1,'2018-02-20 12:59:33',NULL,0),(366,'playerVirtual2','playerVirtual2_5d608cc223',4,'2018-02-20 12:59:37',NULL,0),(367,'playerVirtual18','playerVirtual18_908315',0,'2018-02-20 13:00:34',NULL,0),(368,'playerVirtual18','playerVirtual18_908315',0,'2018-02-20 13:00:34',NULL,0),(369,'playerVirtual6','playerVirtual6_1095593',1,'2018-02-20 13:00:59',NULL,0),(370,'playerVirtual6','playerVirtual6_4dccdbce56',4,'2018-02-20 13:00:59',NULL,0),(371,'playerVirtual6','playerVirtual6_1095593',1,'2018-02-20 13:00:59',NULL,0),(372,'playerVirtual18','playerVirtual18_b7549f8408',3,'2018-02-20 13:01:34',NULL,0),(373,'playerVirtual1376','playerVirtual1376_24c4dd2a12',4,'2018-02-20 13:01:51',NULL,0),(374,'playerVirtual8','playerVirtual8_6289704471',0,'2018-02-20 13:03:26',NULL,0),(375,'playerVirtual8','playerVirtual8_6289704471',0,'2018-02-20 13:03:27',NULL,0),(376,'playerVirtual14','playerVirtual14_4246147567',0,'2018-02-20 13:04:15',NULL,0),(377,'playerVirtual14','playerVirtual14_4246147567',0,'2018-02-20 13:04:15',NULL,0),(378,'playerVirtual8','playerVirtual8_363fcd4956',3,'2018-02-20 13:04:27',NULL,0),(379,'playerVirtual10','playerVirtual10_4246147567',1,'2018-02-20 13:04:53',NULL,0),(380,'playerVirtual10','playerVirtual10_72413d64f3',4,'2018-02-20 13:04:53',NULL,0),(381,'playerVirtual10','playerVirtual10_4246147567',1,'2018-02-20 13:04:54',NULL,0),(382,'playerVirtual4','playerVirtual4_4246147567',0,'2018-02-20 13:04:56',NULL,0),(383,'playerVirtual4','playerVirtual4_4246147567',0,'2018-02-20 13:05:01',NULL,0),(384,'playerVirtual14','playerVirtual14_0a98263e43',4,'2018-02-20 13:05:15',NULL,0),(385,'playerVirtual13','playerVirtual13_6315250734',0,'2018-02-20 13:05:35',NULL,0),(386,'playerVirtual13','playerVirtual13_6315250734',0,'2018-02-20 13:05:35',NULL,0),(387,'playerVirtual4','playerVirtual4_9e68fab98e',3,'2018-02-20 13:05:55',NULL,0),(388,'playerVirtual18','playerVirtual18_990694203',0,'2018-02-20 13:06:05',NULL,0),(389,'playerVirtual18','playerVirtual18_990694203',0,'2018-02-20 13:06:06',NULL,0),(390,'playerVirtual13','playerVirtual13_df2965503f',3,'2018-02-20 13:06:35',NULL,0),(391,'playerVirtual11','playerVirtual11_4246147567',0,'2018-02-20 13:06:55',NULL,0),(392,'playerVirtual11','playerVirtual11_4246147567',0,'2018-02-20 13:06:56',NULL,0),(393,'playerVirtual18','playerVirtual18_1ce232accc',4,'2018-02-20 13:07:05',NULL,0),(394,'playerVirtual19','playerVirtual19_4246147567',0,'2018-02-20 13:07:36',NULL,0),(395,'playerVirtual19','playerVirtual19_4246147567',0,'2018-02-20 13:07:36',NULL,0),(396,'playerVirtual11','playerVirtual11_f1507468f7',3,'2018-02-20 13:07:55',NULL,0),(397,'playerVirtual19','playerVirtual19_055d845eba',3,'2018-02-20 13:08:36',NULL,0),(398,'playerVirtual19','playerVirtual19_4246147567',1,'2018-02-20 13:09:37',NULL,0),(399,'playerVirtual19','playerVirtual19_42410c75a5',4,'2018-02-20 13:09:37',NULL,0),(400,'playerVirtual19','playerVirtual19_4246147567',1,'2018-02-20 13:09:38',NULL,0),(401,'playerVirtual15','playerVirtual15_6316827871',0,'2018-02-20 13:09:38',NULL,0),(402,'playerVirtual15','playerVirtual15_6316827871',0,'2018-02-20 13:09:38',NULL,0),(403,'playerVirtual5','playerVirtual5_2378747961',0,'2018-02-20 13:10:31',NULL,0),(404,'playerVirtual5','playerVirtual5_2378747961',0,'2018-02-20 13:10:31',NULL,0),(405,'playerVirtual16','playerVirtual16_e6088637a9',3,'2018-02-20 13:10:33',NULL,0),(406,'playerVirtual8','playerVirtual8_4246147567',0,'2018-02-20 13:10:34',NULL,0),(407,'playerVirtual8','playerVirtual8_4246147567',0,'2018-02-20 13:10:34',NULL,0),(408,'playerVirtual15','playerVirtual15_a0024d81c6',4,'2018-02-20 13:10:38',NULL,0),(409,'playerVirtual5','playerVirtual5_1a7e54818f',3,'2018-02-20 13:11:31',NULL,0),(410,'playerVirtual8','playerVirtual8_7c5c6a6645',4,'2018-02-20 13:11:34',NULL,0),(411,'playerVirtual11','playerVirtual11_4246147567',1,'2018-02-20 13:12:14',NULL,0),(412,'playerVirtual11','playerVirtual11_42574cfe5b',4,'2018-02-20 13:12:14',NULL,0),(413,'playerVirtual11','playerVirtual11_4246147567',1,'2018-02-20 13:12:14',NULL,0),(414,'playerVirtual6','playerVirtual6_4246147567',0,'2018-02-20 13:12:51',NULL,0),(415,'playerVirtual6','playerVirtual6_4246147567',0,'2018-02-20 13:12:51',NULL,0),(416,'playerVirtual2','playerVirtual2_5068098508',0,'2018-02-20 13:13:32',NULL,0),(417,'playerVirtual2','playerVirtual2_5068098508',0,'2018-02-20 13:13:33',NULL,0),(418,'playerVirtual6','playerVirtual6_8bfad063c1',3,'2018-02-20 13:13:51',NULL,0),(419,'playerVirtual2','playerVirtual2_2c23654eeb',3,'2018-02-20 13:14:33',NULL,0),(420,'playerVirtual13','playerVirtual13_4246147567',0,'2018-02-20 13:16:13',NULL,0),(421,'playerVirtual13','playerVirtual13_4246147567',0,'2018-02-20 13:16:13',NULL,0),(422,'playerVirtual14','playerVirtual14_4246147567',1,'2018-02-20 13:16:44',NULL,0),(423,'playerVirtual14','playerVirtual14_4507fa0555',3,'2018-02-20 13:16:44',NULL,0),(424,'playerVirtual14','playerVirtual14_4246147567',1,'2018-02-20 13:16:44',NULL,0),(425,'playerVirtual13','playerVirtual13_b0d3090d85',4,'2018-02-20 13:17:13',NULL,0),(426,'playerVirtual4','playerVirtual4_4246147567',1,'2018-02-20 13:18:14',NULL,0),(427,'playerVirtual4','playerVirtual4_b56e3fe377',4,'2018-02-20 13:18:14',NULL,0),(428,'playerVirtual4','playerVirtual4_4246147567',1,'2018-02-20 13:18:14',NULL,0),(429,'playerVirtual10','playerVirtual10_4246147567',0,'2018-02-20 13:18:18',NULL,0),(430,'playerVirtual10','playerVirtual10_00d3e90187',3,'2018-02-20 13:18:18',NULL,0),(431,'playerVirtual10','playerVirtual10_4246147567',0,'2018-02-20 13:18:18',NULL,0),(432,'playerVirtual16','playerVirtual16_1095593',0,'2018-02-20 13:19:12',NULL,0),(433,'playerVirtual16','playerVirtual16_1095593',0,'2018-02-20 13:19:12',NULL,0),(434,'playerVirtual16','playerVirtual16_06e6edb5a2',4,'2018-02-20 13:20:12',NULL,0),(435,'playerVirtual5','playerVirtual5_4246147567',0,'2018-02-20 13:21:49',NULL,0),(436,'playerVirtual5','playerVirtual5_4246147567',0,'2018-02-20 13:21:49',NULL,0),(437,'playerVirtual5','playerVirtual5_b792430e2e',4,'2018-02-20 13:22:49',NULL,0),(438,'playerVirtual6','playerVirtual6_4246147567',1,'2018-02-20 13:24:00',NULL,0),(439,'playerVirtual6','playerVirtual6_543b75819e',4,'2018-02-20 13:24:00',NULL,0),(440,'playerVirtual6','playerVirtual6_4246147567',1,'2018-02-20 13:24:00',NULL,0),(441,'playerVirtual15','playerVirtual15_6322213339',0,'2018-02-20 13:24:04',NULL,0),(442,'playerVirtual15','playerVirtual15_6322213339',0,'2018-02-20 13:24:11',NULL,0),(443,'playerVirtual2','playerVirtual2_4246147567',0,'2018-02-20 13:24:25',NULL,0),(444,'playerVirtual2','playerVirtual2_4246147567',0,'2018-02-20 13:24:25',NULL,0),(445,'playerVirtual18','playerVirtual18_990694203',1,'2018-02-20 13:24:58',NULL,0),(446,'playerVirtual18','playerVirtual18_316336dd3e',3,'2018-02-20 13:24:58',NULL,0),(447,'playerVirtual18','playerVirtual18_990694203',1,'2018-02-20 13:24:58',NULL,0),(448,'playerVirtual15','playerVirtual15_bbafefc738',3,'2018-02-20 13:25:02',NULL,0),(449,'playerVirtual1590','playerVirtual1590_3386c43151',4,'2018-02-20 13:25:17',NULL,0),(450,'playerVirtual2','playerVirtual2_da6b5b6961',4,'2018-02-20 13:25:25',NULL,0),(451,'playerVirtual10','playerVirtual10_4246147567',1,'2018-02-20 13:27:45',NULL,0),(452,'playerVirtual10','playerVirtual10_d5654bb83e',4,'2018-02-20 13:27:45',NULL,0),(453,'playerVirtual10','playerVirtual10_4246147567',1,'2018-02-20 13:27:46',NULL,0),(454,'playerVirtual8','playerVirtual8_4246147567',1,'2018-02-20 13:28:04',NULL,0),(455,'playerVirtual8','playerVirtual8_cc8ba10367',3,'2018-02-20 13:28:05',NULL,0),(456,'playerVirtual8','playerVirtual8_4246147567',1,'2018-02-20 13:28:05',NULL,0),(457,'playerVirtual14','playerVirtual14_4246147567',0,'2018-02-20 13:29:16',NULL,0),(458,'playerVirtual14','playerVirtual14_ed7f671449',4,'2018-02-20 13:29:16',NULL,0),(459,'playerVirtual14','playerVirtual14_4246147567',0,'2018-02-20 13:29:16',NULL,0),(460,'playerVirtual4','playerVirtual4_4246147567',0,'2018-02-20 13:30:09',NULL,0),(461,'playerVirtual4','playerVirtual4_bd3e5ddca8',3,'2018-02-20 13:30:09',NULL,0),(462,'playerVirtual4','playerVirtual4_4246147567',0,'2018-02-20 13:30:10',NULL,0),(463,'playerVirtual13','playerVirtual13_4246147567',1,'2018-02-20 13:30:42',NULL,0),(464,'playerVirtual13','playerVirtual13_88f2350c52',3,'2018-02-20 13:30:43',NULL,0),(465,'playerVirtual13','playerVirtual13_4246147567',1,'2018-02-20 13:30:43',NULL,0),(466,'playerVirtual11','playerVirtual11_359920779',0,'2018-02-20 13:31:37',NULL,0),(467,'playerVirtual11','playerVirtual11_359920779',0,'2018-02-20 13:31:38',NULL,0),(468,'playerVirtual18','playerVirtual18_4246147567',0,'2018-02-20 13:31:42',NULL,0),(469,'playerVirtual18','playerVirtual18_4246147567',0,'2018-02-20 13:31:43',NULL,0),(470,'playerVirtual19','playerVirtual19_4246147567',0,'2018-02-20 13:31:56',NULL,0),(471,'playerVirtual19','playerVirtual19_7b69af0449',3,'2018-02-20 13:31:56',NULL,0),(472,'playerVirtual19','playerVirtual19_4246147567',0,'2018-02-20 13:31:56',NULL,0),(473,'playerVirtual11','playerVirtual11_299df1a3bd',3,'2018-02-20 13:32:41',NULL,0),(474,'playerVirtual18','playerVirtual18_081d5b0d62',4,'2018-02-20 13:32:43',NULL,0),(475,'playerVirtual19','playerVirtual19_604bb4a9d4',4,'2018-02-20 13:32:57',NULL,0),(476,'playerVirtual16','playerVirtual16_4246147567',0,'2018-02-20 13:36:01',NULL,0),(477,'playerVirtual16','playerVirtual16_e016659a64',3,'2018-02-20 13:36:02',NULL,0),(478,'playerVirtual16','playerVirtual16_4246147567',0,'2018-02-20 13:36:02',NULL,0),(479,'playerVirtual5','playerVirtual5_4246147567',1,'2018-02-20 13:36:05',NULL,0),(480,'playerVirtual5','playerVirtual5_7a23457024',3,'2018-02-20 13:36:05',NULL,0),(481,'playerVirtual5','playerVirtual5_4246147567',1,'2018-02-20 13:36:06',NULL,0),(482,'playerVirtual15','playerVirtual15_1436344784',1,'2018-02-20 13:36:22',NULL,0),(483,'playerVirtual15','playerVirtual15_c363b58e34',4,'2018-02-20 13:36:22',NULL,0),(484,'playerVirtual15','playerVirtual15_1436344784',1,'2018-02-20 13:36:22',NULL,0),(485,'playerVirtual6','playerVirtual6_359920779',1,'2018-02-20 13:36:54',NULL,0),(486,'playerVirtual6','playerVirtual6_64a254b411',3,'2018-02-20 13:36:54',NULL,0),(487,'playerVirtual6','playerVirtual6_359920779',1,'2018-02-20 13:36:57',NULL,0),(488,'playerVirtual8','playerVirtual8_4246147567',0,'2018-02-20 13:37:05',NULL,0),(489,'playerVirtual8','playerVirtual8_f2fe81b93c',4,'2018-02-20 13:37:05',NULL,0),(490,'playerVirtual8','playerVirtual8_4246147567',0,'2018-02-20 13:37:05',NULL,0),(491,'playerVirtual11','playerVirtual11_4246147567',0,'2018-02-20 13:39:01',NULL,0),(492,'playerVirtual11','playerVirtual11_71c25872ca',4,'2018-02-20 13:39:01',NULL,0),(493,'playerVirtual11','playerVirtual11_4246147567',0,'2018-02-20 13:39:04',NULL,0),(494,'playerVirtual2','playerVirtual2_4246147567',1,'2018-02-20 13:39:17',NULL,0),(495,'playerVirtual2','playerVirtual2_3e4781cce3',3,'2018-02-20 13:39:17',NULL,0),(496,'playerVirtual2','playerVirtual2_4246147567',1,'2018-02-20 13:39:17',NULL,0),(497,'playerVirtual14','playerVirtual14_3c70f68b06',3,'2018-02-20 13:40:44',NULL,0),(498,'playerVirtual4','playerVirtual4_4246147567',1,'2018-02-20 13:42:28',NULL,0),(499,'playerVirtual4','playerVirtual4_573be77eef',4,'2018-02-20 13:42:28',NULL,0),(500,'playerVirtual4','playerVirtual4_4246147567',1,'2018-02-20 13:42:28',NULL,0),(501,'playerVirtual13','playerVirtual13_6335261139',0,'2018-02-20 13:42:56',NULL,0),(502,'playerVirtual13','playerVirtual13_6335261139',0,'2018-02-20 13:42:56',NULL,0),(503,'playerVirtual10','playerVirtual10_4246147567',0,'2018-02-20 13:43:23',NULL,0),(504,'playerVirtual10','playerVirtual10_bf95c6384d',3,'2018-02-20 13:43:23',NULL,0),(505,'playerVirtual10','playerVirtual10_4246147567',0,'2018-02-20 13:43:23',NULL,0),(506,'playerVirtual13','playerVirtual13_2cd1df123a',4,'2018-02-20 13:43:56',NULL,0),(507,'playerVirtual16','playerVirtual16_0ce793f49c',4,'2018-02-20 13:44:40',NULL,0),(508,'playerVirtual5','playerVirtual5_4246147567',0,'2018-02-20 13:49:00',NULL,0),(509,'playerVirtual5','playerVirtual5_260be8d8a4',4,'2018-02-20 13:49:00',NULL,0),(510,'playerVirtual5','playerVirtual5_4246147567',0,'2018-02-20 13:49:00',NULL,0),(511,'playerVirtual2','playerVirtual2_5068098508',1,'2018-02-20 13:50:06',NULL,0),(512,'playerVirtual2','playerVirtual2_c0081cbb61',4,'2018-02-20 13:50:06',NULL,0),(513,'playerVirtual2','playerVirtual2_5068098508',1,'2018-02-20 13:50:07',NULL,0),(514,'playerVirtual18','playerVirtual18_4a5a223312',3,'2018-02-20 13:50:41',NULL,0),(515,'playerVirtual6','playerVirtual6_4246147567',0,'2018-02-20 13:50:42',NULL,0),(516,'playerVirtual6','playerVirtual6_8ba1c01325',4,'2018-02-20 13:50:42',NULL,0),(517,'playerVirtual6','playerVirtual6_4246147567',0,'2018-02-20 13:50:46',NULL,0),(518,'playerVirtual1215','playerVirtual1215_29a3b904e2',4,'2018-02-20 13:51:12',NULL,0),(519,'playerVirtual15','playerVirtual15_4246147567',0,'2018-02-20 13:51:27',NULL,0),(520,'playerVirtual15','playerVirtual15_4246147567',0,'2018-02-20 13:51:28',NULL,0);
/*!40000 ALTER TABLE `REQUEST` ENABLE KEYS */;
UNLOCK TABLES;

--
-- Table structure for table `STATUS`
--

DROP TABLE IF EXISTS `STATUS`;
/*!40101 SET @saved_cs_client     = @@character_set_client */;
/*!40101 SET character_set_client = utf8 */;
CREATE TABLE `STATUS` (
  `id` int(11) NOT NULL AUTO_INCREMENT,
  `players` int(11) DEFAULT '0',
  `all_requests` int(11) DEFAULT '0',
  `accepts` int(11) DEFAULT '0',
  `rejects` int(11) DEFAULT '0',
  `fairness` float DEFAULT '0',
  `timestamp` timestamp NULL DEFAULT NULL,
  PRIMARY KEY (`id`)
) ENGINE=InnoDB AUTO_INCREMENT=32 DEFAULT CHARSET=utf8;
/*!40101 SET character_set_client = @saved_cs_client */;

--
-- Dumping data for table `STATUS`
--

LOCK TABLES `STATUS` WRITE;
/*!40000 ALTER TABLE `STATUS` DISABLE KEYS */;
INSERT INTO `STATUS` VALUES (1,0,0,0,0,0,'2018-02-20 11:21:26'),(2,2,4,2,2,0.5,'2018-02-20 11:26:26'),(3,2,8,4,4,0.5,'2018-02-20 11:31:26'),(4,4,13,8,5,0.615385,'2018-02-20 11:36:26'),(5,5,19,12,7,0.631579,'2018-02-20 11:41:26'),(6,7,25,17,8,0.68,'2018-02-20 11:46:26'),(7,7,31,22,9,0.709677,'2018-02-20 11:51:27'),(8,9,39,27,12,0.692308,'2018-02-20 11:56:27'),(9,9,46,32,14,0.695652,'2018-02-20 12:01:27'),(10,10,51,37,14,0.72549,'2018-02-20 12:06:27'),(11,12,57,42,15,0.736842,'2018-02-20 12:11:27'),(12,13,62,46,16,0.741935,'2018-02-20 12:16:27'),(13,14,68,50,18,0.735294,'2018-02-20 12:21:27'),(14,15,76,57,19,0.75,'2018-02-20 12:26:28'),(15,17,80,59,21,0.7375,'2018-02-20 12:31:28'),(16,18,82,61,21,0.743902,'2018-02-20 12:36:28'),(17,19,85,64,21,0.752941,'2018-02-20 12:41:28'),(18,20,89,67,22,0.752809,'2018-02-20 12:46:28'),(19,21,93,69,24,0.741935,'2018-02-20 12:51:28'),(20,21,96,71,25,0.739583,'2018-02-20 12:56:28'),(21,22,97,72,25,0.742268,'2018-02-20 13:01:28'),(22,22,102,76,26,0.745098,'2018-02-20 13:06:28'),(23,22,107,79,28,0.738318,'2018-02-20 13:11:29'),(24,22,110,81,29,0.736364,'2018-02-20 13:16:29'),(25,22,112,83,29,0.741071,'2018-02-20 13:21:29'),(26,23,115,86,29,0.747826,'2018-02-20 13:26:29'),(27,23,117,87,30,0.74359,'2018-02-20 13:31:29'),(28,23,121,89,32,0.735537,'2018-02-20 13:36:29'),(29,23,123,90,33,0.731707,'2018-02-20 13:41:29'),(30,23,125,91,34,0.728,'2018-02-20 13:46:29'),(31,24,128,92,36,0.71875,'2018-02-20 13:51:29');
/*!40000 ALTER TABLE `STATUS` ENABLE KEYS */;
UNLOCK TABLES;

--
-- Table structure for table `THRESHOLD`
--

DROP TABLE IF EXISTS `THRESHOLD`;
/*!40101 SET @saved_cs_client     = @@character_set_client */;
/*!40101 SET character_set_client = utf8 */;
CREATE TABLE `THRESHOLD` (
  `division` int(11) NOT NULL,
  `botton` float DEFAULT '0',
  `top` float DEFAULT '0',
  PRIMARY KEY (`division`)
) ENGINE=InnoDB DEFAULT CHARSET=utf8;
/*!40101 SET character_set_client = @saved_cs_client */;

--
-- Dumping data for table `THRESHOLD`
--

LOCK TABLES `THRESHOLD` WRITE;
/*!40000 ALTER TABLE `THRESHOLD` DISABLE KEYS */;
INSERT INTO `THRESHOLD` VALUES (1,8.76,20),(2,4.38,8.76),(3,0,4.38);
/*!40000 ALTER TABLE `THRESHOLD` ENABLE KEYS */;
UNLOCK TABLES;

--
-- Table structure for table `VM`
--

DROP TABLE IF EXISTS `VM`;
/*!40101 SET @saved_cs_client     = @@character_set_client */;
/*!40101 SET character_set_client = utf8 */;
CREATE TABLE `VM` (
  `id` int(11) NOT NULL AUTO_INCREMENT,
  `origin_add` varchar(45) NOT NULL,
  `origin_id` varchar(45) NOT NULL,
  `origin_name` varchar(45) NOT NULL,
  `destiny_add` varchar(45) NOT NULL,
  `destiny_name` varchar(45) NOT NULL,
  `destiny_id` varchar(45) NOT NULL,
  `status` tinyint(1) NOT NULL,
  `has_resources` tinyint(1) NOT NULL,
  `vcpus` int(11) NOT NULL,
  `mem` bigint(20) NOT NULL,
  `disk` bigint(20) NOT NULL,
  `timestamp_received` timestamp NULL DEFAULT NULL,
  `timestamp_finished` timestamp NULL DEFAULT NULL,
  PRIMARY KEY (`id`)
) ENGINE=InnoDB AUTO_INCREMENT=129 DEFAULT CHARSET=utf8;
/*!40101 SET character_set_client = @saved_cs_client */;

--
-- Dumping data for table `VM`
--

LOCK TABLES `VM` WRITE;
/*!40000 ALTER TABLE `VM` DISABLE KEYS */;
INSERT INTO `VM` VALUES (1,'192.168.0.200','playerVirtual2_450512000','playerVirtual2','192.168.0.200','playerVirtual0','playerVirtual2_450512000',0,1,1,2048,20,'2018-02-20 11:23:39','2018-02-20 11:23:39'),(2,'192.168.0.200','playerVirtual0_1438244924','playerVirtual0','192.168.0.200','playerVirtual2','playerVirtual2_27fc38c092',1,1,1,2048,20,'2018-02-20 11:23:42',NULL),(3,'192.168.0.200','playerVirtual2_640692267','playerVirtual2','192.168.0.200','playerVirtual0','playerVirtual2_640692267',0,1,1,512,1,'2018-02-20 11:25:45','2018-02-20 11:25:45'),(4,'192.168.0.200','playerVirtual0_2381571381','playerVirtual0','192.168.0.200','playerVirtual2','playerVirtual2_8566c04d9d',1,1,1,2048,20,'2018-02-20 11:25:46',NULL),(5,'192.168.0.200','playerVirtual2_5297461910','playerVirtual2','192.168.0.200','playerVirtual0','playerVirtual2_5297461910',0,1,1,512,1,'2018-02-20 11:27:48','2018-02-20 11:27:48'),(6,'192.168.0.200','playerVirtual0_2790332778','playerVirtual0','192.168.0.200','playerVirtual2','playerVirtual2_5091abd3f2',1,1,2,4096,40,'2018-02-20 11:27:53',NULL),(7,'192.168.0.200','playerVirtual2_369721705','playerVirtual2','192.168.0.200','playerVirtual0','playerVirtual2_369721705',0,1,2,4096,40,'2018-02-20 11:29:58','2018-02-20 11:29:58'),(8,'192.168.0.200','playerVirtual0_317469422','playerVirtual0','192.168.0.200','playerVirtual2','playerVirtual2_d7e2dbbb95',1,1,2,4096,40,'2018-02-20 11:29:59',NULL),(9,'192.168.0.200','playerVirtual4_3584940347','playerVirtual4','192.168.0.200','playerVirtual2','playerVirtual2_314b721f29',1,1,1,512,1,'2018-02-20 11:33:52',NULL),(10,'192.168.0.200','playerVirtual2_2433236783','playerVirtual2','192.168.0.200','playerVirtual4','playerVirtual4_ae7e9c9a6c',1,1,1,2048,20,'2018-02-20 11:34:11',NULL),(11,'192.168.0.200','playerVirtual1033_3338579772','playerVirtual1033','192.168.0.200','playerVirtual2','playerVirtual2_ff0fc7051c',1,1,1,2048,20,'2018-02-20 11:35:25',NULL),(12,'192.168.0.200','playerVirtual4_257407216','playerVirtual4','192.168.0.200','playerVirtual1033','playerVirtual4_257407216',0,1,2,4096,40,'2018-02-20 11:35:53','2018-02-20 11:35:53'),(13,'192.168.0.200','playerVirtual2_182859403','playerVirtual2','192.168.0.200','playerVirtual4','playerVirtual4_5511935b85',3,1,1,512,1,'2018-02-20 11:36:23','2018-02-20 12:51:30'),(14,'192.168.0.200','playerVirtual1033_2359368952','playerVirtual1033','192.168.0.200','playerVirtual4','playerVirtual4_fb503d2214',1,1,1,512,1,'2018-02-20 11:37:35',NULL),(15,'192.168.0.200','playerVirtual4_16917741','playerVirtual4','192.168.0.200','playerVirtual5','playerVirtual5_e54fc66465',1,1,1,512,1,'2018-02-20 11:38:20',NULL),(16,'192.168.0.200','playerVirtual2_2545640208','playerVirtual2','192.168.0.200','playerVirtual1033','playerVirtual2_2545640208',0,1,1,2048,20,'2018-02-20 11:38:48','2018-02-20 11:38:48'),(17,'192.168.0.200','playerVirtual5_908315','playerVirtual5','192.168.0.200','playerVirtual4','playerVirtual4_8613a0ab0a',3,1,1,2048,20,'2018-02-20 11:39:16','2018-02-20 12:48:35'),(18,'192.168.0.200','playerVirtual1033_539194189','playerVirtual1033','192.168.0.200','playerVirtual5','playerVirtual5_54b4f76dd2',1,1,1,2048,20,'2018-02-20 11:40:10',NULL),(19,'192.168.0.200','playerVirtual4_4820204870','playerVirtual4','192.168.0.200','playerVirtual1033','playerVirtual4_4820204870',0,1,2,4096,40,'2018-02-20 11:41:20','2018-02-20 11:41:20'),(20,'192.168.0.200','playerVirtual2_8058564','playerVirtual2','192.168.0.200','playerVirtual6','playerVirtual6_1f598665a9',1,1,1,2048,20,'2018-02-20 11:42:40',NULL),(21,'192.168.0.200','playerVirtual5_1429160667','playerVirtual5','192.168.0.200','playerVirtual4','playerVirtual4_24f023e675',1,1,1,2048,20,'2018-02-20 11:42:56',NULL),(22,'192.168.0.200','playerVirtual4_82730999','playerVirtual4','192.168.0.200','playerVirtual5','playerVirtual5_5f103d9e78',1,1,1,512,1,'2018-02-20 11:44:43',NULL),(23,'192.168.0.200','playerVirtual2_6571218','playerVirtual2','192.168.0.200','playerVirtual6','playerVirtual6_d28c1b3c29',1,1,1,2048,20,'2018-02-20 11:45:13',NULL),(24,'192.168.0.200','playerVirtual5_778566023','playerVirtual5','192.168.0.200','playerVirtual4','playerVirtual4_677b6ee384',1,1,1,512,1,'2018-02-20 11:45:43',NULL),(25,'192.168.0.200','playerVirtual6_351652724','playerVirtual6','192.168.0.200','playerVirtual1550','playerVirtual6_351652724',0,1,1,2048,20,'2018-02-20 11:46:00','2018-02-20 11:46:00'),(26,'192.168.0.200','playerVirtual4_1436344784','playerVirtual4','192.168.0.200','playerVirtual5','playerVirtual5_7bfae9475f',3,1,1,2048,20,'2018-02-20 11:47:52','2018-02-20 12:37:21'),(27,'192.168.0.200','playerVirtual6_359920779','playerVirtual6','192.168.0.200','playerVirtual4','playerVirtual4_3419a34103',3,1,1,512,1,'2018-02-20 11:48:08','2018-02-20 13:36:57'),(28,'192.168.0.200','playerVirtual2_317497342','playerVirtual2','192.168.0.200','playerVirtual6','playerVirtual6_583dae6d0c',1,1,1,512,1,'2018-02-20 11:49:12',NULL),(29,'192.168.0.200','playerVirtual1550_1339662','playerVirtual1550','192.168.0.200','playerVirtual5','playerVirtual5_8f0890c1cc',1,1,1,2048,20,'2018-02-20 11:49:27',NULL),(30,'192.168.0.200','playerVirtual5_284794223','playerVirtual5','192.168.0.200','playerVirtual1550','playerVirtual5_284794223',0,1,1,2048,20,'2018-02-20 11:49:29','2018-02-20 11:49:29'),(31,'192.168.0.200','playerVirtual4_904011','playerVirtual4','192.168.0.200','playerVirtual6','playerVirtual6_daa5ab6e34',3,1,1,2048,20,'2018-02-20 11:51:16','2018-02-20 12:55:33'),(32,'192.168.0.200','playerVirtual2_257338074','playerVirtual2','192.168.0.200','playerVirtual4','playerVirtual4_957a79cacc',1,1,2,4096,40,'2018-02-20 11:51:47',NULL),(33,'192.168.0.200','playerVirtual5_1093460','playerVirtual5','192.168.0.200','playerVirtual6','playerVirtual6_8fdd38a2cc',1,1,1,512,1,'2018-02-20 11:52:18',NULL),(34,'192.168.0.200','playerVirtual6_2904109077','playerVirtual6','192.168.0.200','playerVirtual5','playerVirtual6_2904109077',0,0,1,512,1,'2018-02-20 11:52:34','2018-02-20 11:52:34'),(35,'192.168.0.200','playerVirtual4_6569547','playerVirtual4','192.168.0.200','playerVirtual8','playerVirtual8_4036080143',1,1,1,2048,20,'2018-02-20 11:54:27',NULL),(36,'192.168.0.200','playerVirtual6_38671842','playerVirtual6','192.168.0.200','playerVirtual1166','playerVirtual6_38671842',0,1,1,512,1,'2018-02-20 11:54:56','2018-02-20 11:54:56'),(37,'192.168.0.200','playerVirtual2_30788568','playerVirtual2','192.168.0.200','playerVirtual4','playerVirtual4_c22997b339',1,1,1,512,1,'2018-02-20 11:55:52',NULL),(38,'192.168.0.200','playerVirtual5_5792765','playerVirtual5','192.168.0.200','playerVirtual6','playerVirtual6_ce0404af1a',1,1,1,512,1,'2018-02-20 11:56:10',NULL),(39,'192.168.0.200','playerVirtual8_470485660','playerVirtual8','192.168.0.200','playerVirtual1166','playerVirtual8_470485660',0,1,2,4096,40,'2018-02-20 11:56:15','2018-02-20 11:56:15'),(40,'192.168.0.200','playerVirtual1166_400453824','playerVirtual1166','192.168.0.200','playerVirtual8','playerVirtual8_0e6be54648',1,1,1,512,1,'2018-02-20 11:57:26',NULL),(41,'192.168.0.200','playerVirtual4_4820318661','playerVirtual4','192.168.0.200','playerVirtual2','playerVirtual2_643b062540',1,1,2,4096,40,'2018-02-20 11:58:12',NULL),(42,'192.168.0.200','playerVirtual2_4820217293','playerVirtual2','192.168.0.200','playerVirtual6','playerVirtual6_6c6c8c41e3',1,1,2,4096,40,'2018-02-20 11:58:47',NULL),(43,'192.168.0.200','playerVirtual8_2378747961','playerVirtual8','192.168.0.200','playerVirtual1166','playerVirtual8_2378747961',0,1,1,512,1,'2018-02-20 11:58:52','2018-02-20 11:58:52'),(44,'192.168.0.200','playerVirtual5_6264344062','playerVirtual5','192.168.0.200','playerVirtual8','playerVirtual8_307b82d00f',3,1,1,512,1,'2018-02-20 11:59:18','2018-02-20 12:39:53'),(45,'192.168.0.200','playerVirtual6_4819935267','playerVirtual6','192.168.0.200','playerVirtual1166','playerVirtual6_4819935267',0,1,2,4096,40,'2018-02-20 11:59:31','2018-02-20 11:59:31'),(46,'192.168.0.200','playerVirtual1166_5068098508','playerVirtual1166','192.168.0.200','playerVirtual8','playerVirtual8_b95d7a5316',1,1,1,2048,20,'2018-02-20 11:59:54',NULL),(47,'192.168.0.200','playerVirtual4_227443932','playerVirtual4','192.168.0.200','playerVirtual10','playerVirtual10_9cd98c5f36',1,1,1,2048,20,'2018-02-20 12:02:58',NULL),(48,'192.168.0.200','playerVirtual6_765651','playerVirtual6','192.168.0.200','playerVirtual2','playerVirtual2_82e1ac7a3f',1,1,1,2048,20,'2018-02-20 12:03:35',NULL),(49,'192.168.0.200','playerVirtual2_1095593','playerVirtual2','192.168.0.200','playerVirtual8','playerVirtual8_2147b2c2fe',3,1,1,512,1,'2018-02-20 12:04:20','2018-02-20 12:36:21'),(50,'192.168.0.200','playerVirtual5_563574327','playerVirtual5','192.168.0.200','playerVirtual10','playerVirtual10_edab169ae4',1,1,1,2048,20,'2018-02-20 12:04:46',NULL),(51,'192.168.0.200','playerVirtual8_2148750930','playerVirtual8','192.168.0.200','playerVirtual10','playerVirtual10_36ae2e33f3',1,1,1,2048,20,'2018-02-20 12:04:47',NULL),(52,'192.168.0.200','playerVirtual4_284757920','playerVirtual4','192.168.0.200','playerVirtual2','playerVirtual2_3114ec3ac0',1,1,1,2048,20,'2018-02-20 12:06:58',NULL),(53,'192.168.0.200','playerVirtual2_6274355716','playerVirtual2','192.168.0.200','playerVirtual11','playerVirtual11_13a5e5c518',3,1,1,512,1,'2018-02-20 12:07:38','2018-02-20 12:42:51'),(54,'192.168.0.200','playerVirtual5_38676294','playerVirtual5','192.168.0.200','playerVirtual8','playerVirtual8_fcc854909b',1,1,1,512,1,'2018-02-20 12:08:11',NULL),(55,'192.168.0.200','playerVirtual6_272887063','playerVirtual6','192.168.0.200','playerVirtual1692','playerVirtual6_272887063',0,1,1,2048,20,'2018-02-20 12:08:19','2018-02-20 12:08:19'),(56,'192.168.0.200','playerVirtual10_5623125514','playerVirtual10','192.168.0.200','playerVirtual11','playerVirtual11_a338b73007',1,1,1,2048,20,'2018-02-20 12:08:26',NULL),(57,'192.168.0.200','playerVirtual8_182859403','playerVirtual8','192.168.0.200','playerVirtual10','playerVirtual10_ca3cd23479',3,1,1,512,1,'2018-02-20 12:08:42','2018-02-20 12:46:57'),(58,'192.168.0.200','playerVirtual10_6280643141','playerVirtual10','192.168.0.200','playerVirtual1692','playerVirtual10_6280643141',0,1,1,512,1,'2018-02-20 12:12:25','2018-02-20 12:12:25'),(59,'192.168.0.200','playerVirtual6_6280638724','playerVirtual6','192.168.0.200','playerVirtual12','playerVirtual12_bc542067dc',1,1,1,512,1,'2018-02-20 12:14:20',NULL),(60,'192.168.0.200','playerVirtual11_4820204870','playerVirtual11','192.168.0.200','playerVirtual10','playerVirtual10_bf6910b769',1,1,2,4096,40,'2018-02-20 12:14:44',NULL),(61,'192.168.0.200','playerVirtual5_990694203','playerVirtual5','192.168.0.200','playerVirtual11','playerVirtual11_df878df78d',3,1,1,2048,20,'2018-02-20 12:15:28','2018-02-20 12:18:48'),(62,'192.168.0.200','playerVirtual1692_990694203','playerVirtual1692','192.168.0.200','playerVirtual12','playerVirtual12_d387fcbbd4',2,1,1,2048,20,'2018-02-20 12:15:40','2018-02-20 12:18:36'),(63,'192.168.0.200','playerVirtual4_272887063','playerVirtual4','192.168.0.200','playerVirtual8','playerVirtual8_b1d0da8c39',1,1,1,2048,20,'2018-02-20 12:16:59',NULL),(64,'192.168.0.200','playerVirtual2_2359368952','playerVirtual2','192.168.0.200','playerVirtual13','playerVirtual13_8934fe48b9',1,1,1,512,1,'2018-02-20 12:17:41',NULL),(65,'192.168.0.200','playerVirtual11_682797','playerVirtual11','192.168.0.200','playerVirtual10','playerVirtual10_d360d9463b',1,1,1,2048,20,'2018-02-20 12:17:59',NULL),(66,'192.168.0.200','playerVirtual8_1436323714','playerVirtual8','192.168.0.200','playerVirtual4','playerVirtual4_291ebb055b',1,1,1,2048,20,'2018-02-20 12:18:57',NULL),(67,'192.168.0.200','playerVirtual10_6282149131','playerVirtual10','192.168.0.200','playerVirtual11','playerVirtual11_d885c23935',1,1,1,512,1,'2018-02-20 12:19:28',NULL),(68,'192.168.0.200','playerVirtual12_4476462938','playerVirtual12','192.168.0.200','playerVirtual13','playerVirtual13_c55a579c64',1,1,1,2048,20,'2018-02-20 12:20:29',NULL),(69,'192.168.0.200','playerVirtual4_16914091','playerVirtual4','192.168.0.200','playerVirtual14','playerVirtual14_5b4b86ef59',1,1,1,2048,20,'2018-02-20 12:23:34',NULL),(70,'192.168.0.200','playerVirtual2_182859403','playerVirtual2','192.168.0.200','playerVirtual12','playerVirtual12_ace888ba0c',3,1,1,512,1,'2018-02-20 12:24:13','2018-02-20 12:51:30'),(71,'192.168.0.200','playerVirtual12_3338579772','playerVirtual12','192.168.0.200','playerVirtual10','playerVirtual10_668e252460',1,1,1,2048,20,'2018-02-20 12:24:15',NULL),(72,'192.168.0.200','playerVirtual10_1438244924','playerVirtual10','192.168.0.200','playerVirtual13','playerVirtual13_04ed7978e1',3,1,1,2048,20,'2018-02-20 12:25:03','2018-02-20 12:32:56'),(73,'192.168.0.200','playerVirtual6_6955737','playerVirtual6','192.168.0.200','playerVirtual8','playerVirtual8_989064ce95',3,1,1,2048,20,'2018-02-20 12:25:39','2018-02-20 12:30:38'),(74,'192.168.0.200','playerVirtual13_214880781','playerVirtual13','192.168.0.200','playerVirtual14','playerVirtual14_4a58b71c45',1,1,1,2048,20,'2018-02-20 12:26:03',NULL),(75,'192.168.0.200','playerVirtual5_6641406','playerVirtual5','192.168.0.200','playerVirtual12','playerVirtual5_6641406',0,1,1,2048,20,'2018-02-20 12:26:12','2018-02-20 12:26:12'),(76,'192.168.0.200','playerVirtual8_6955737','playerVirtual8','192.168.0.200','playerVirtual10','playerVirtual10_cfdd2d3b2e',1,1,1,2048,20,'2018-02-20 12:26:27',NULL),(77,'192.168.0.200','playerVirtual11_6285257156','playerVirtual11','192.168.0.200','playerVirtual13','playerVirtual13_7c7f243505',1,1,1,512,1,'2018-02-20 12:26:36',NULL),(78,'192.168.0.200','playerVirtual4_2378747961','playerVirtual4','192.168.0.200','playerVirtual15','playerVirtual15_f3ea595770',3,1,1,512,1,'2018-02-20 12:29:49','2018-02-20 12:43:08'),(79,'192.168.0.200','playerVirtual13_1438244924','playerVirtual13','192.168.0.200','playerVirtual1974','playerVirtual13_1438244924',0,1,1,2048,20,'2018-02-20 12:30:11','2018-02-20 12:30:11'),(80,'192.168.0.200','playerVirtual5_6289704471','playerVirtual5','192.168.0.200','playerVirtual14','playerVirtual14_435252d491',3,1,1,512,1,'2018-02-20 12:31:19','2018-02-20 12:57:15'),(81,'192.168.0.200','playerVirtual11_794070039','playerVirtual11','192.168.0.200','playerVirtual10','playerVirtual10_420a51de27',1,1,1,512,1,'2018-02-20 12:31:55',NULL),(82,'192.168.0.200','playerVirtual14_2381571381','playerVirtual14','192.168.0.200','playerVirtual13','playerVirtual13_a01dd20d39',1,1,1,2048,20,'2018-02-20 12:32:23',NULL),(83,'192.168.0.200','playerVirtual15_1436344784','playerVirtual15','192.168.0.200','playerVirtual16','playerVirtual16_339c8bb842',3,1,1,2048,20,'2018-02-20 12:38:23','2018-02-20 13:36:22'),(84,'192.168.0.200','playerVirtual6_6296268057','playerVirtual6','192.168.0.200','playerVirtual5','playerVirtual5_d848661c21',1,1,1,512,1,'2018-02-20 12:40:33',NULL),(85,'192.168.0.200','playerVirtual14_5297461910','playerVirtual14','192.168.0.200','playerVirtual15','playerVirtual15_ad461e409f',1,1,1,512,1,'2018-02-20 12:40:44',NULL),(86,'192.168.0.200','playerVirtual13_6296865278','playerVirtual13','192.168.0.200','playerVirtual1682','playerVirtual13_6296865278',0,1,1,512,1,'2018-02-20 12:42:08','2018-02-20 12:42:08'),(87,'192.168.0.200','playerVirtual10_6301942525','playerVirtual10','192.168.0.200','playerVirtual8','playerVirtual8_9e8646d944',1,1,1,512,1,'2018-02-20 12:42:23',NULL),(88,'192.168.0.200','playerVirtual8_182859403','playerVirtual8','192.168.0.200','playerVirtual14','playerVirtual14_33af4636bb',2,1,1,512,1,'2018-02-20 12:42:37','2018-02-20 12:47:05'),(89,'192.168.0.200','playerVirtual11_990694203','playerVirtual11','192.168.0.200','playerVirtual18','playerVirtual18_c388ad2953',3,1,1,2048,20,'2018-02-20 12:44:36','2018-02-20 12:49:54'),(90,'192.168.0.200','playerVirtual15_6289704471','playerVirtual15','192.168.0.200','playerVirtual11','playerVirtual11_760aa98955',3,1,1,2048,20,'2018-02-20 12:46:42','2018-02-20 12:59:33'),(91,'192.168.0.200','playerVirtual16_6264344062','playerVirtual16','192.168.0.200','playerVirtual13','playerVirtual13_0ebb2adf65',1,1,1,2048,20,'2018-02-20 12:47:25',NULL),(92,'192.168.0.200','playerVirtual6_1095593','playerVirtual6','192.168.0.200','playerVirtual19','playerVirtual19_11aea7c300',3,1,1,512,1,'2018-02-20 12:49:51','2018-02-20 13:00:59'),(93,'192.168.0.200','playerVirtual13_539194189','playerVirtual13','192.168.0.200','playerVirtual16','playerVirtual16_ac56b92b1b',1,1,1,2048,20,'2018-02-20 12:51:06',NULL),(94,'192.168.0.200','playerVirtual14_6274355716','playerVirtual14','192.168.0.200','playerVirtual15','playerVirtual15_36e756ff52',1,1,1,512,1,'2018-02-20 12:53:10',NULL),(95,'192.168.0.200','playerVirtual10_4246147567','playerVirtual10','192.168.0.200','playerVirtual4','playerVirtual4_62da11083b',3,1,2,4096,40,'2018-02-20 12:54:30','2018-02-20 13:27:46'),(96,'192.168.0.200','playerVirtual16_4246147567','playerVirtual16','192.168.0.200','playerVirtual1682','playerVirtual16_4246147567',0,1,2,4096,40,'2018-02-20 12:54:46','2018-02-20 12:54:46'),(97,'192.168.0.200','playerVirtual18_908315','playerVirtual18','192.168.0.200','playerVirtual14','playerVirtual14_af53933d34',1,1,1,2048,20,'2018-02-20 13:00:34',NULL),(98,'192.168.0.200','playerVirtual8_6289704471','playerVirtual8','192.168.0.200','playerVirtual1376','playerVirtual8_6289704471',0,1,1,2048,20,'2018-02-20 13:03:27','2018-02-20 13:03:27'),(99,'192.168.0.200','playerVirtual14_4246147567','playerVirtual14','192.168.0.200','playerVirtual18','playerVirtual18_d0d7d25a66',3,1,2,4096,40,'2018-02-20 13:04:15','2018-02-20 13:16:44'),(100,'192.168.0.200','playerVirtual4_4246147567','playerVirtual4','192.168.0.200','playerVirtual6','playerVirtual6_5ac1b4e7e1',3,1,2,4096,40,'2018-02-20 13:05:01','2018-02-20 13:42:28'),(101,'192.168.0.200','playerVirtual13_6315250734','playerVirtual13','192.168.0.200','playerVirtual11','playerVirtual11_dc7f1bebee',1,1,1,512,1,'2018-02-20 13:05:35',NULL),(102,'192.168.0.200','playerVirtual18_990694203','playerVirtual18','192.168.0.200','playerVirtual19','playerVirtual19_af9ae8dee3',3,1,1,2048,20,'2018-02-20 13:06:07','2018-02-20 13:24:58'),(103,'192.168.0.200','playerVirtual11_4246147567','playerVirtual11','192.168.0.200','playerVirtual16','playerVirtual16_70d51d1432',3,1,2,4096,40,'2018-02-20 13:06:56','2018-02-20 13:12:14'),(104,'192.168.0.200','playerVirtual19_4246147567','playerVirtual19','192.168.0.200','playerVirtual15','playerVirtual15_9b9cac4f6c',3,1,2,4096,40,'2018-02-20 13:07:36','2018-02-20 13:09:38'),(105,'192.168.0.200','playerVirtual15_6316827871','playerVirtual15','192.168.0.200','playerVirtual14','playerVirtual14_c0965f37f6',1,1,1,512,1,'2018-02-20 13:09:38',NULL),(106,'192.168.0.200','playerVirtual5_2378747961','playerVirtual5','192.168.0.200','playerVirtual1376','playerVirtual5_2378747961',0,1,1,512,1,'2018-02-20 13:10:32','2018-02-20 13:10:32'),(107,'192.168.0.200','playerVirtual8_4246147567','playerVirtual8','192.168.0.200','playerVirtual18','playerVirtual18_8ddb98f6dd',3,1,2,4096,40,'2018-02-20 13:10:34','2018-02-20 13:28:05'),(108,'192.168.0.200','playerVirtual6_4246147567','playerVirtual6','192.168.0.200','playerVirtual8','playerVirtual8_ce72ab5209',3,1,2,4096,40,'2018-02-20 13:12:52','2018-02-20 13:24:00'),(109,'192.168.0.200','playerVirtual2_5068098508','playerVirtual2','192.168.0.200','playerVirtual19','playerVirtual19_9a5af5cc83',3,1,1,2048,20,'2018-02-20 13:13:33','2018-02-20 13:50:07'),(110,'192.168.0.200','playerVirtual13_4246147567','playerVirtual13','192.168.0.200','playerVirtual16','playerVirtual16_803734db30',3,1,2,4096,40,'2018-02-20 13:16:13','2018-02-20 13:30:43'),(111,'192.168.0.200','playerVirtual10_4246147567','playerVirtual10','192.168.0.200','playerVirtual6','playerVirtual6_d826fc0693',3,1,2,4096,40,'2018-02-20 13:18:18','2018-02-20 13:27:46'),(112,'192.168.0.200','playerVirtual16_1095593','playerVirtual16','192.168.0.200','playerVirtual14','playerVirtual14_01586fbf5b',1,1,1,512,1,'2018-02-20 13:19:12',NULL),(113,'192.168.0.200','playerVirtual5_4246147567','playerVirtual5','192.168.0.200','playerVirtual18','playerVirtual18_4ddb2320f5',3,1,2,4096,40,'2018-02-20 13:21:49','2018-02-20 13:36:06'),(114,'192.168.0.200','playerVirtual15_6322213339','playerVirtual15','192.168.0.200','playerVirtual8','playerVirtual8_73c8d3da40',1,1,1,512,1,'2018-02-20 13:24:11',NULL),(115,'192.168.0.200','playerVirtual2_4246147567','playerVirtual2','192.168.0.200','playerVirtual15','playerVirtual15_e0e8711e44',3,1,2,4096,40,'2018-02-20 13:24:26','2018-02-20 13:39:17'),(116,'192.168.0.200','playerVirtual14_4246147567','playerVirtual14','192.168.0.200','playerVirtual1590','playerVirtual14_4246147567',0,1,2,4096,40,'2018-02-20 13:29:16','2018-02-20 13:29:16'),(117,'192.168.0.200','playerVirtual4_4246147567','playerVirtual4','192.168.0.200','playerVirtual19','playerVirtual19_6d9f26c489',3,1,2,4096,40,'2018-02-20 13:30:10','2018-02-20 13:42:28'),(118,'192.168.0.200','playerVirtual11_359920779','playerVirtual11','192.168.0.200','playerVirtual16','playerVirtual16_14722bdfe9',1,1,1,512,1,'2018-02-20 13:31:38',NULL),(119,'192.168.0.200','playerVirtual18_4246147567','playerVirtual18','192.168.0.200','playerVirtual14','playerVirtual18_4246147567',0,1,2,4096,40,'2018-02-20 13:31:43','2018-02-20 13:31:43'),(120,'192.168.0.200','playerVirtual19_4246147567','playerVirtual19','192.168.0.200','playerVirtual1590','playerVirtual19_4246147567',0,1,2,4096,40,'2018-02-20 13:31:56','2018-02-20 13:31:56'),(121,'192.168.0.200','playerVirtual16_4246147567','playerVirtual16','192.168.0.200','playerVirtual19','playerVirtual19_c537163e8a',1,1,2,4096,40,'2018-02-20 13:36:02',NULL),(122,'192.168.0.200','playerVirtual8_4246147567','playerVirtual8','192.168.0.200','playerVirtual4','playerVirtual4_4afdc6aab8',1,1,2,4096,40,'2018-02-20 13:37:05',NULL),(123,'192.168.0.200','playerVirtual11_4246147567','playerVirtual11','192.168.0.200','playerVirtual14','playerVirtual11_4246147567',0,1,2,4096,40,'2018-02-20 13:39:04','2018-02-20 13:39:04'),(124,'192.168.0.200','playerVirtual13_6335261139','playerVirtual13','192.168.0.200','playerVirtual14','playerVirtual13_6335261139',0,1,1,512,1,'2018-02-20 13:42:56','2018-02-20 13:42:56'),(125,'192.168.0.200','playerVirtual10_4246147567','playerVirtual10','192.168.0.200','playerVirtual18','playerVirtual18_dec33fe690',1,1,2,4096,40,'2018-02-20 13:43:23',NULL),(126,'192.168.0.200','playerVirtual5_4246147567','playerVirtual5','192.168.0.200','playerVirtual14','playerVirtual5_4246147567',0,1,2,4096,40,'2018-02-20 13:49:00','2018-02-20 13:49:00'),(127,'192.168.0.200','playerVirtual6_4246147567','playerVirtual6','192.168.0.200','playerVirtual8','playerVirtual8_7b1d7956c9',1,1,2,4096,40,'2018-02-20 13:50:46',NULL),(128,'192.168.0.200','playerVirtual15_4246147567','playerVirtual15','192.168.0.200','playerVirtual1215','playerVirtual15_4246147567',0,1,2,4096,40,'2018-02-20 13:51:28','2018-02-20 13:51:28');
/*!40000 ALTER TABLE `VM` ENABLE KEYS */;
UNLOCK TABLES;
/*!40103 SET TIME_ZONE=@OLD_TIME_ZONE */;

/*!40101 SET SQL_MODE=@OLD_SQL_MODE */;
/*!40014 SET FOREIGN_KEY_CHECKS=@OLD_FOREIGN_KEY_CHECKS */;
/*!40014 SET UNIQUE_CHECKS=@OLD_UNIQUE_CHECKS */;
/*!40101 SET CHARACTER_SET_CLIENT=@OLD_CHARACTER_SET_CLIENT */;
/*!40101 SET CHARACTER_SET_RESULTS=@OLD_CHARACTER_SET_RESULTS */;
/*!40101 SET COLLATION_CONNECTION=@OLD_COLLATION_CONNECTION */;
/*!40111 SET SQL_NOTES=@OLD_SQL_NOTES */;

-- Dump completed on 2018-02-20 10:51:33
