-- MySQL dump 10.14  Distrib 5.5.58-MariaDB, for debian-linux-gnu (x86_64)
--
-- Host: localhost    Database: mct
-- ------------------------------------------------------
-- Server version	5.5.58-MariaDB-1ubuntu0.14.04.1

/*!40101 SET @OLD_CHARACTER_SET_CLIENT=@@CHARACTER_SET_CLIENT */;
/*!40101 SET @OLD_CHARACTER_SET_RESULTS=@@CHARACTER_SET_RESULTS */;
/*!40101 SET @OLD_COLLATION_CONNECTION=@@COLLATION_CONNECTION */;
/*!40101 SET NAMES utf8 */;
/*!40103 SET @OLD_TIME_ZONE=@@TIME_ZONE */;
/*!40103 SET TIME_ZONE='+00:00' */;
/*!40014 SET @OLD_UNIQUE_CHECKS=@@UNIQUE_CHECKS, UNIQUE_CHECKS=0 */;
/*!40014 SET @OLD_FOREIGN_KEY_CHECKS=@@FOREIGN_KEY_CHECKS, FOREIGN_KEY_CHECKS=0 */;
/*!40101 SET @OLD_SQL_MODE=@@SQL_MODE, SQL_MODE='NO_AUTO_VALUE_ON_ZERO' */;
/*!40111 SET @OLD_SQL_NOTES=@@SQL_NOTES, SQL_NOTES=0 */;

--
-- Table structure for table `FIELDS`
--

DROP TABLE IF EXISTS `FIELDS`;
/*!40101 SET @saved_cs_client     = @@character_set_client */;
/*!40101 SET character_set_client = utf8 */;
CREATE TABLE `FIELDS` (
  `operation` int(11) NOT NULL,
  `fields` varchar(45) NOT NULL,
  PRIMARY KEY (`operation`)
) ENGINE=InnoDB DEFAULT CHARSET=utf8;
/*!40101 SET character_set_client = @saved_cs_client */;

--
-- Dumping data for table `FIELDS`
--

LOCK TABLES `FIELDS` WRITE;
/*!40000 ALTER TABLE `FIELDS` DISABLE KEYS */;
INSERT INTO `FIELDS` VALUES (0,'name mem image vcpus disk uuid');
/*!40000 ALTER TABLE `FIELDS` ENABLE KEYS */;
UNLOCK TABLES;

--
-- Table structure for table `PLAYER`
--

DROP TABLE IF EXISTS `PLAYER`;
/*!40101 SET @saved_cs_client     = @@character_set_client */;
/*!40101 SET character_set_client = utf8 */;
CREATE TABLE `PLAYER` (
  `id` int(11) NOT NULL AUTO_INCREMENT,
  `name` varchar(45) NOT NULL,
  `address` varchar(45) NOT NULL,
  `division` int(11) DEFAULT NULL,
  `score` float DEFAULT '0',
  `history` int(11) DEFAULT '0',
  `fairness` float DEFAULT '0',
  `accepts` int(11) DEFAULT '0',
  `rejects` int(11) DEFAULT '0',
  `running` int(11) DEFAULT '0',
  `finished` int(11) DEFAULT '0',
  `problem_del` int(11) DEFAULT '0',
  `vcpus` int(11) DEFAULT '0',
  `memory` bigint(20) DEFAULT '0',
  `local_gb` bigint(20) DEFAULT '0',
  `vcpus_used` bigint(20) DEFAULT '0',
  `memory_used` bigint(20) DEFAULT '0',
  `local_gb_used` bigint(20) DEFAULT '0',
  `max_instance` int(11) DEFAULT '0',
  `token` varchar(45) DEFAULT NULL,
  `suspend` timestamp NULL DEFAULT NULL,
  `enabled` int(11) DEFAULT '0',
  `last_choice` timestamp NOT NULL DEFAULT '2018-01-01 02:00:00',
  `playoff` tinyint(1) DEFAULT '0',
  PRIMARY KEY (`id`)
) ENGINE=InnoDB AUTO_INCREMENT=27 DEFAULT CHARSET=utf8;
/*!40101 SET character_set_client = @saved_cs_client */;

--
-- Dumping data for table `PLAYER`
--

LOCK TABLES `PLAYER` WRITE;
/*!40000 ALTER TABLE `PLAYER` DISABLE KEYS */;
INSERT INTO `PLAYER` VALUES (1,'playerVirtual1','192.168.0.200',4,-2,0,1,1,2,0,1,0,1023,1047552,10230,0,0,0,1,'f0bf140d1775bc4f189e076e492234afd76a37df',NULL,0,'2018-03-04 13:36:05',1),(2,'playerVirtual2','192.168.0.200',1,11.28,30,0.6875,7,0,6,1,0,1023,1047552,10230,10,18944,181,9,'a66a8c4946c89edeffc044faa2bcf63a223ee52a',NULL,1,'2018-03-04 15:40:20',0),(3,'playerVirtual3','192.168.0.200',3,1.32,28,0.866667,2,2,2,0,0,1023,1047552,10230,3,4608,41,2,'b10f255d02fbb4d3cc103c5abef50b2f0c469ab4',NULL,1,'2018-03-04 15:29:19',0),(4,'playerVirtual4','192.168.0.200',1,10.63,28,0.785714,13,0,8,5,0,1023,1047552,10230,9,12288,104,9,'e993258df3239dd7ee4f1a0ea807c701c5572491',NULL,1,'2018-03-04 15:36:53',0),(5,'playerVirtual0','192.168.0.200',4,-10,0,1,0,5,0,0,0,1023,1047552,10230,0,0,0,99,'301f7a6e22ff0060a79bd55b9306235d713b444f',NULL,0,'2018-03-04 13:47:01',1),(6,'playerVirtual5','192.168.0.200',1,10.62,27,0.75,8,0,4,4,0,1023,1047552,10230,6,10752,101,5,'a8387c0e2363bb8be8e38cd5756b7ee51a200fd7',NULL,1,'2018-03-04 15:53:15',0),(7,'playerVirtual6','192.168.0.200',2,7.31,26,0.916667,7,0,7,0,0,1023,1047552,10230,8,10240,84,7,'5f94c0b27e27ffed917a468425e61ead7b48603b',NULL,1,'2018-03-04 14:08:19',0),(8,'playerVirtual1146','192.168.0.200',4,-4,0,0,0,2,0,0,0,1023,1047552,10230,0,0,0,99,'6a9857a2b795907024f2ca3fb2fab94bbb58912c',NULL,0,'2018-03-04 13:54:25',1),(9,'playerVirtual7','192.168.0.200',3,0.33,24,0,1,1,1,0,0,1023,1047552,10230,1,512,1,1,'2a7d171491cb80f1d40081885fae775adbc4eb39',NULL,1,'2018-03-04 15:43:24',0),(10,'playerVirtual8','192.168.0.200',1,11.29,24,0.888889,12,0,6,6,0,1023,1047552,10230,7,12800,121,9,'0e0ea0152f51a1d7a24434d2cc4acc35368cf116',NULL,1,'2018-03-04 15:54:16',0),(11,'playerVirtual9','192.168.0.200',3,1.99,22,0.75,2,1,2,0,0,1023,1047552,10230,3,6144,60,2,'6ea29210b4804013de9fbc9be885d495ad13b0cb',NULL,1,'2018-03-04 15:54:50',0),(12,'playerVirtual1130','192.168.0.200',4,-6,0,0,0,3,0,0,0,1023,1047552,10230,0,0,0,99,'b7820861a2306a22e84b9a5fca8e2a6a010b1381',NULL,0,'2018-03-04 14:11:00',1),(13,'playerVirtual10','192.168.0.200',1,10.63,22,0.6,10,0,7,3,0,1023,1047552,10230,7,8192,64,8,'93042b8b9fd26071f1e39117b963eadf1d3e3859',NULL,1,'2018-03-04 15:50:07',0),(14,'playerVirtual11','192.168.0.200',3,1.33,20,1,3,0,3,0,0,1023,1047552,10230,3,4608,41,3,'c11cc0a78528be02c7399a6a0cd29c52ce19def8',NULL,1,'2018-03-04 14:21:33',0),(15,'playerVirtual1772','192.168.0.200',4,-4,0,0,0,2,0,0,0,1023,1047552,10230,0,0,0,99,'b6c2fb37640afab46dfc413de00bac7c3ae53df6',NULL,0,'2018-03-04 14:20:20',1),(16,'playerVirtual12','192.168.0.200',3,3.32,19,0.8,5,0,3,2,0,1023,1047552,10230,4,6656,61,3,'3062e0ba85bb93a413fa112847f10953daf9a350',NULL,1,'2018-03-04 15:54:21',0),(17,'playerVirtual13','192.168.0.200',2,7.97,19,0.8,7,0,4,3,0,1023,1047552,10230,4,5120,42,5,'31de32fdeed057f904b3fc2e9918bbff7a00c4f5',NULL,1,'2018-03-04 15:53:46',0),(18,'playerVirtual1450','192.168.0.200',4,-4,0,0,0,2,0,0,0,1023,1047552,10230,0,0,0,99,'125d5e705b6063d59e2f2e3d7d4f8b4851e9806f',NULL,0,'2018-03-04 14:28:27',1),(19,'playerVirtual14','192.168.0.200',2,7.3,18,0.666667,6,0,3,3,0,1023,1047552,10230,3,4608,41,5,'21b7aac7f6a09f5c3d4aa87ddeeb90cad35da6d0',NULL,1,'2018-03-04 15:36:58',0),(20,'playerVirtual15','192.168.0.200',2,7.31,17,0.333333,6,0,5,1,0,1023,1047552,10230,6,6144,44,5,'8bd610825278a704644d5c8a08a42dfa63d390fe',NULL,1,'2018-03-04 15:44:29',0),(21,'playerVirtual16','192.168.0.200',2,5.97,16,0.5,5,0,0,5,0,1023,1047552,10230,0,0,0,3,'3e275ffadc31c45019f503a732a3b59afcc95818',NULL,1,'2018-03-04 15:29:12',0),(22,'playerVirtual1656','192.168.0.200',4,-4,0,0,0,2,0,0,0,1023,1047552,10230,0,0,0,99,'171d62addff062e8876e734e7f119d71c63a37ce',NULL,0,'2018-03-04 14:51:00',1),(23,'playerVirtual17','192.168.0.200',3,1.33,14,0,1,0,1,0,0,1023,1047552,10230,1,512,1,1,'099721faf9663dc3faff76aabeaee3346784c7dd',NULL,1,'2018-03-04 14:46:29',0),(24,'playerVirtual18','192.168.0.200',2,7.96,14,0,4,0,0,4,0,1023,1047552,10230,0,0,0,3,'1e0cd4afc005a6939e3f052e0b16bc07411466b0',NULL,1,'2018-03-04 15:30:16',0),(25,'playerVirtual19','192.168.0.200',2,7.3,13,0.5,4,0,1,3,0,1023,1047552,10230,1,512,1,7,'313bd379fcbe907e1b787cd02e0621f37d8e3c77',NULL,1,'2018-03-04 15:57:02',0),(26,'playerVirtual1068','192.168.0.200',4,-4,0,0,0,2,0,0,0,1023,1047552,10230,0,0,0,99,'49d80b8035ed366012de947167fe82f737ca0636',NULL,0,'2018-03-04 15:16:08',1);
/*!40000 ALTER TABLE `PLAYER` ENABLE KEYS */;
UNLOCK TABLES;

--
-- Table structure for table `REQUEST`
--

DROP TABLE IF EXISTS `REQUEST`;
/*!40101 SET @saved_cs_client     = @@character_set_client */;
/*!40101 SET character_set_client = utf8 */;
CREATE TABLE `REQUEST` (
  `id` int(11) NOT NULL AUTO_INCREMENT,
  `player_id` varchar(45) NOT NULL,
  `request_id` varchar(45) NOT NULL,
  `action` int(11) NOT NULL,
  `timestamp_received` timestamp NULL DEFAULT NULL,
  `timestamp_finished` timestamp NULL DEFAULT NULL,
  `status` int(11) NOT NULL,
  PRIMARY KEY (`id`)
) ENGINE=InnoDB AUTO_INCREMENT=591 DEFAULT CHARSET=utf8;
/*!40101 SET character_set_client = @saved_cs_client */;

--
-- Dumping data for table `REQUEST`
--

LOCK TABLES `REQUEST` WRITE;
/*!40000 ALTER TABLE `REQUEST` DISABLE KEYS */;
INSERT INTO `REQUEST` VALUES (1,'playerVirtual1','playerVirtual1_c5b2204c28',4,'2018-03-04 13:28:44',NULL,0),(2,'playerVirtual2','playerVirtual2_a7e0e37cf2',4,'2018-03-04 13:28:44',NULL,0),(3,'playerVirtual1','playerVirtual1_450512000',0,'2018-03-04 13:29:45',NULL,0),(4,'playerVirtual1','playerVirtual1_450512000',0,'2018-03-04 13:29:46',NULL,0),(5,'playerVirtual2','playerVirtual2_1438244924',0,'2018-03-04 13:29:47',NULL,0),(6,'playerVirtual2','playerVirtual2_1438244924',0,'2018-03-04 13:29:48',NULL,0),(7,'playerVirtual1','playerVirtual1_425754e6f5',3,'2018-03-04 13:30:45',NULL,0),(8,'playerVirtual2','playerVirtual2_6ef96553ec',3,'2018-03-04 13:30:48',NULL,0),(9,'playerVirtual1','playerVirtual1_640692267',0,'2018-03-04 13:31:51',NULL,0),(10,'playerVirtual1','playerVirtual1_640692267',0,'2018-03-04 13:31:51',NULL,0),(11,'playerVirtual2','playerVirtual2_2381571381',0,'2018-03-04 13:31:52',NULL,0),(12,'playerVirtual2','playerVirtual2_2381571381',0,'2018-03-04 13:31:52',NULL,0),(13,'playerVirtual1','playerVirtual1_b2287872e4',4,'2018-03-04 13:32:51',NULL,0),(14,'playerVirtual2','playerVirtual2_2961592657',4,'2018-03-04 13:32:52',NULL,0),(15,'playerVirtual3','playerVirtual3_7e5e62d7ac',4,'2018-03-04 13:33:45',NULL,0),(16,'playerVirtual1','playerVirtual1_5297461910',0,'2018-03-04 13:33:54',NULL,0),(17,'playerVirtual1','playerVirtual1_5297461910',0,'2018-03-04 13:33:55',NULL,0),(18,'playerVirtual2','playerVirtual2_2790332778',0,'2018-03-04 13:33:59',NULL,0),(19,'playerVirtual2','playerVirtual2_2790332778',0,'2018-03-04 13:34:00',NULL,0),(20,'playerVirtual1','playerVirtual1_4cfe577bd9',3,'2018-03-04 13:34:54',NULL,0),(21,'playerVirtual3','playerVirtual3_369721705',0,'2018-03-04 13:34:57',NULL,0),(22,'playerVirtual3','playerVirtual3_369721705',0,'2018-03-04 13:34:57',NULL,0),(23,'playerVirtual2','playerVirtual2_a157faa4c9',3,'2018-03-04 13:34:59',NULL,0),(24,'playerVirtual3','playerVirtual3_e5e0877c85',3,'2018-03-04 13:35:57',NULL,0),(25,'playerVirtual1','playerVirtual1_317469422',0,'2018-03-04 13:36:04',NULL,0),(26,'playerVirtual1','playerVirtual1_317469422',0,'2018-03-04 13:36:04',NULL,0),(27,'playerVirtual2','playerVirtual2_6955737',0,'2018-03-04 13:36:05',NULL,0),(28,'playerVirtual2','playerVirtual2_6955737',0,'2018-03-04 13:36:05',NULL,0),(29,'playerVirtual3','playerVirtual3_257338104',0,'2018-03-04 13:36:58',NULL,0),(30,'playerVirtual3','playerVirtual3_257338104',0,'2018-03-04 13:36:59',NULL,0),(31,'playerVirtual1','playerVirtual1_22f201a60e',4,'2018-03-04 13:37:04',NULL,0),(32,'playerVirtual2','playerVirtual2_1c01293cf6',4,'2018-03-04 13:37:05',NULL,0),(33,'playerVirtual3','playerVirtual3_aa300da00d',4,'2018-03-04 13:37:59',NULL,0),(34,'playerVirtual2','playerVirtual2_2433236783',0,'2018-03-04 13:38:13',NULL,0),(35,'playerVirtual2','playerVirtual2_2433236783',0,'2018-03-04 13:38:14',NULL,0),(36,'playerVirtual4','playerVirtual4_b4714fbc60',4,'2018-03-04 13:38:45',NULL,0),(37,'playerVirtual0','playerVirtual0_a63be4d8e5',4,'2018-03-04 13:38:45',NULL,0),(38,'playerVirtual3','playerVirtual3_3338579772',0,'2018-03-04 13:39:12',NULL,0),(39,'playerVirtual3','playerVirtual3_3338579772',0,'2018-03-04 13:39:12',NULL,0),(40,'playerVirtual2','playerVirtual2_07b066e2cf',3,'2018-03-04 13:39:13',NULL,0),(41,'playerVirtual4','playerVirtual4_257407216',0,'2018-03-04 13:39:59',NULL,0),(42,'playerVirtual0','playerVirtual0_182859403',0,'2018-03-04 13:40:06',NULL,0),(43,'playerVirtual3','playerVirtual3_f08a308d89',3,'2018-03-04 13:40:12',NULL,0),(44,'playerVirtual2','playerVirtual2_2359368952',0,'2018-03-04 13:40:30',NULL,0),(45,'playerVirtual2','playerVirtual2_2359368952',0,'2018-03-04 13:40:30',NULL,0),(46,'playerVirtual4','playerVirtual4_efc6791b76',3,'2018-03-04 13:40:59',NULL,0),(47,'playerVirtual0','playerVirtual0_0646efabef',3,'2018-03-04 13:41:06',NULL,0),(48,'playerVirtual3','playerVirtual3_16917741',0,'2018-03-04 13:41:26',NULL,0),(49,'playerVirtual3','playerVirtual3_16917741',0,'2018-03-04 13:41:27',NULL,0),(50,'playerVirtual2','playerVirtual2_f24969b707',4,'2018-03-04 13:41:30',NULL,0),(51,'playerVirtual4','playerVirtual4_2545640208',0,'2018-03-04 13:42:21',NULL,0),(52,'playerVirtual4','playerVirtual4_2545640208',0,'2018-03-04 13:42:22',NULL,0),(53,'playerVirtual0','playerVirtual0_908315',0,'2018-03-04 13:42:22',NULL,0),(54,'playerVirtual0','playerVirtual0_908315',0,'2018-03-04 13:42:23',NULL,0),(55,'playerVirtual3','playerVirtual3_f5c0ffdc3d',4,'2018-03-04 13:42:27',NULL,0),(56,'playerVirtual2','playerVirtual2_539194189',0,'2018-03-04 13:42:59',NULL,0),(57,'playerVirtual2','playerVirtual2_539194189',0,'2018-03-04 13:43:00',NULL,0),(58,'playerVirtual4','playerVirtual4_4ccda8c025',4,'2018-03-04 13:43:22',NULL,0),(59,'playerVirtual0','playerVirtual0_a62cc1d5d7',4,'2018-03-04 13:43:23',NULL,0),(60,'playerVirtual5','playerVirtual5_357c8a6323',4,'2018-03-04 13:43:42',NULL,0),(61,'playerVirtual2','playerVirtual2_f98aa6210f',3,'2018-03-04 13:43:59',NULL,0),(62,'playerVirtual3','playerVirtual3_4820204870',0,'2018-03-04 13:44:39',NULL,0),(63,'playerVirtual3','playerVirtual3_4820204870',0,'2018-03-04 13:44:39',NULL,0),(64,'playerVirtual3','playerVirtual3_1543c24e75',3,'2018-03-04 13:45:39',NULL,0),(65,'playerVirtual4','playerVirtual4_8058564',0,'2018-03-04 13:46:16',NULL,0),(66,'playerVirtual4','playerVirtual4_8058564',0,'2018-03-04 13:46:17',NULL,0),(67,'playerVirtual0','playerVirtual0_1429160667',0,'2018-03-04 13:46:24',NULL,0),(68,'playerVirtual0','playerVirtual0_1429160667',0,'2018-03-04 13:46:24',NULL,0),(69,'playerVirtual2','playerVirtual2_82730999',0,'2018-03-04 13:46:53',NULL,0),(70,'playerVirtual2','playerVirtual2_82730999',0,'2018-03-04 13:46:53',NULL,0),(71,'playerVirtual5','playerVirtual5_3338010893',0,'2018-03-04 13:47:01',NULL,0),(72,'playerVirtual5','playerVirtual5_3338010893',0,'2018-03-04 13:47:01',NULL,0),(73,'playerVirtual4','playerVirtual4_1e04f194f6',3,'2018-03-04 13:47:16',NULL,0),(74,'playerVirtual0','playerVirtual0_7fb58705c9',3,'2018-03-04 13:47:24',NULL,0),(75,'playerVirtual3','playerVirtual3_351652724',0,'2018-03-04 13:47:51',NULL,0),(76,'playerVirtual3','playerVirtual3_351652724',0,'2018-03-04 13:47:52',NULL,0),(77,'playerVirtual2','playerVirtual2_dda898626a',4,'2018-03-04 13:47:53',NULL,0),(78,'playerVirtual5','playerVirtual5_89105baa25',3,'2018-03-04 13:48:01',NULL,0),(79,'playerVirtual4','playerVirtual4_6571218',0,'2018-03-04 13:48:47',NULL,0),(80,'playerVirtual4','playerVirtual4_6571218',0,'2018-03-04 13:48:47',NULL,0),(81,'playerVirtual6','playerVirtual6_dbe04032d8',4,'2018-03-04 13:48:47',NULL,0),(82,'playerVirtual3','playerVirtual3_bc97f30455',4,'2018-03-04 13:48:52',NULL,0),(83,'playerVirtual5','playerVirtual5_1339662',0,'2018-03-04 13:49:14',NULL,0),(84,'playerVirtual5','playerVirtual5_1339662',0,'2018-03-04 13:49:14',NULL,0),(85,'playerVirtual2','playerVirtual2_1436344784',0,'2018-03-04 13:49:31',NULL,0),(86,'playerVirtual2','playerVirtual2_1436344784',0,'2018-03-04 13:49:32',NULL,0),(87,'playerVirtual4','playerVirtual4_6b6bdd2cb7',4,'2018-03-04 13:49:47',NULL,0),(88,'playerVirtual5','playerVirtual5_5443fb62d0',4,'2018-03-04 13:50:14',NULL,0),(89,'playerVirtual2','playerVirtual2_9532276ffb',3,'2018-03-04 13:50:31',NULL,0),(90,'playerVirtual1146','playerVirtual1146_f646a835a4',4,'2018-03-04 13:50:59',NULL,0),(91,'playerVirtual3','playerVirtual3_284794223',0,'2018-03-04 13:51:12',NULL,0),(92,'playerVirtual3','playerVirtual3_284794223',0,'2018-03-04 13:51:12',NULL,0),(93,'playerVirtual3','playerVirtual3_abc74718f6',3,'2018-03-04 13:52:12',NULL,0),(94,'playerVirtual6','playerVirtual6_317497342',0,'2018-03-04 13:52:20',NULL,0),(95,'playerVirtual4','playerVirtual4_359920779',0,'2018-03-04 13:52:50',NULL,0),(96,'playerVirtual4','playerVirtual4_359920779',0,'2018-03-04 13:52:50',NULL,0),(97,'playerVirtual6','playerVirtual6_69f33e762f',3,'2018-03-04 13:53:20',NULL,0),(98,'playerVirtual2','playerVirtual2_2904109077',0,'2018-03-04 13:53:27',NULL,0),(99,'playerVirtual2','playerVirtual2_2904109077',0,'2018-03-04 13:53:27',NULL,0),(100,'playerVirtual5','playerVirtual5_904011',0,'2018-03-04 13:53:34',NULL,0),(101,'playerVirtual5','playerVirtual5_904011',0,'2018-03-04 13:53:36',NULL,0),(102,'playerVirtual7','playerVirtual7_e17410f488',4,'2018-03-04 13:53:41',NULL,0),(103,'playerVirtual4','playerVirtual4_62b2babc71',3,'2018-03-04 13:53:50',NULL,0),(104,'playerVirtual6','playerVirtual6_1093460',0,'2018-03-04 13:54:22',NULL,0),(105,'playerVirtual6','playerVirtual6_1093460',0,'2018-03-04 13:54:23',NULL,0),(106,'playerVirtual3','playerVirtual3_905614',0,'2018-03-04 13:54:25',NULL,0),(107,'playerVirtual3','playerVirtual3_905614',0,'2018-03-04 13:54:26',NULL,0),(108,'playerVirtual2','playerVirtual2_ed16b91c47',4,'2018-03-04 13:54:27',NULL,0),(109,'playerVirtual1146','playerVirtual1146_257338074',0,'2018-03-04 13:54:32',NULL,0),(110,'playerVirtual5','playerVirtual5_98ddfffdf7',3,'2018-03-04 13:54:34',NULL,0),(111,'playerVirtual6','playerVirtual6_701ad889ce',4,'2018-03-04 13:55:23',NULL,0),(112,'playerVirtual4','playerVirtual4_470485660',0,'2018-03-04 13:55:24',NULL,0),(113,'playerVirtual4','playerVirtual4_470485660',0,'2018-03-04 13:55:25',NULL,0),(114,'playerVirtual3','playerVirtual3_09f29973bb',4,'2018-03-04 13:55:25',NULL,0),(115,'playerVirtual1146','playerVirtual1146_3e79be7280',3,'2018-03-04 13:55:33',NULL,0),(116,'playerVirtual5','playerVirtual5_5792765',0,'2018-03-04 13:55:55',NULL,0),(117,'playerVirtual5','playerVirtual5_5792765',0,'2018-03-04 13:55:55',NULL,0),(118,'playerVirtual2','playerVirtual2_30788568',0,'2018-03-04 13:56:10',NULL,0),(119,'playerVirtual2','playerVirtual2_30788568',0,'2018-03-04 13:56:10',NULL,0),(120,'playerVirtual4','playerVirtual4_92c154bf57',4,'2018-03-04 13:56:25',NULL,0),(121,'playerVirtual1146','playerVirtual1146_4820318661',0,'2018-03-04 13:56:55',NULL,0),(122,'playerVirtual5','playerVirtual5_df8edfb629',4,'2018-03-04 13:56:55',NULL,0),(123,'playerVirtual2','playerVirtual2_477abfd7cb',3,'2018-03-04 13:57:10',NULL,0),(124,'playerVirtual7','playerVirtual7_6569547',0,'2018-03-04 13:57:17',NULL,0),(125,'playerVirtual3','playerVirtual3_400453824',0,'2018-03-04 13:58:00',NULL,0),(126,'playerVirtual3','playerVirtual3_400453824',0,'2018-03-04 13:58:00',NULL,0),(127,'playerVirtual7','playerVirtual7_89fbb91ece',3,'2018-03-04 13:58:17',NULL,0),(128,'playerVirtual8','playerVirtual8_dcc3ae4ed9',4,'2018-03-04 13:58:44',NULL,0),(129,'playerVirtual3','playerVirtual3_8ef8a23370',3,'2018-03-04 13:59:00',NULL,0),(130,'playerVirtual6','playerVirtual6_38671842',0,'2018-03-04 13:59:08',NULL,0),(131,'playerVirtual6','playerVirtual6_38671842',0,'2018-03-04 13:59:08',NULL,0),(132,'playerVirtual4','playerVirtual4_4819935267',0,'2018-03-04 13:59:47',NULL,0),(133,'playerVirtual4','playerVirtual4_4819935267',0,'2018-03-04 13:59:47',NULL,0),(134,'playerVirtual7','playerVirtual7_5068098508',0,'2018-03-04 13:59:55',NULL,0),(135,'playerVirtual6','playerVirtual6_91d90a2ca6',3,'2018-03-04 14:00:08',NULL,0),(136,'playerVirtual2','playerVirtual2_6264344062',0,'2018-03-04 14:00:27',NULL,0),(137,'playerVirtual2','playerVirtual2_6264344062',0,'2018-03-04 14:00:27',NULL,0),(138,'playerVirtual5','playerVirtual5_4820217293',0,'2018-03-04 14:00:33',NULL,0),(139,'playerVirtual5','playerVirtual5_4820217293',0,'2018-03-04 14:00:34',NULL,0),(140,'playerVirtual4','playerVirtual4_5e326bdf1a',3,'2018-03-04 14:00:48',NULL,0),(141,'playerVirtual7','playerVirtual7_0b1a8ff854',4,'2018-03-04 14:00:56',NULL,0),(142,'playerVirtual2','playerVirtual2_96f701646d',4,'2018-03-04 14:01:27',NULL,0),(143,'playerVirtual5','playerVirtual5_c4075f94c3',3,'2018-03-04 14:01:34',NULL,0),(144,'playerVirtual3','playerVirtual3_1095593',0,'2018-03-04 14:02:53',NULL,0),(145,'playerVirtual3','playerVirtual3_1095593',0,'2018-03-04 14:02:54',NULL,0),(146,'playerVirtual6','playerVirtual6_2148750930',0,'2018-03-04 14:02:54',NULL,0),(147,'playerVirtual6','playerVirtual6_2148750930',0,'2018-03-04 14:02:55',NULL,0),(148,'playerVirtual9','playerVirtual9_cb09d17758',4,'2018-03-04 14:03:44',NULL,0),(149,'playerVirtual1130','playerVirtual1130_3d8b7ea881',4,'2018-03-04 14:03:44',NULL,0),(150,'playerVirtual3','playerVirtual3_d16c3dcff6',4,'2018-03-04 14:03:53',NULL,0),(151,'playerVirtual6','playerVirtual6_e1b9c878bc',4,'2018-03-04 14:03:55',NULL,0),(152,'playerVirtual4','playerVirtual4_563574327',0,'2018-03-04 14:04:01',NULL,0),(153,'playerVirtual4','playerVirtual4_563574327',0,'2018-03-04 14:04:01',NULL,0),(154,'playerVirtual8','playerVirtual8_227443932',0,'2018-03-04 14:04:11',NULL,0),(155,'playerVirtual8','playerVirtual8_227443932',0,'2018-03-04 14:04:11',NULL,0),(156,'playerVirtual2','playerVirtual2_4792fef875',3,'2018-03-04 14:04:22',NULL,0),(157,'playerVirtual5','playerVirtual5_16915963',0,'2018-03-04 14:04:37',NULL,0),(158,'playerVirtual5','playerVirtual5_16915963',0,'2018-03-04 14:04:37',NULL,0),(159,'playerVirtual4','playerVirtual4_5a3fc746f9',4,'2018-03-04 14:05:01',NULL,0),(160,'playerVirtual8','playerVirtual8_e456006791',3,'2018-03-04 14:05:11',NULL,0),(161,'playerVirtual5','playerVirtual5_f71c938d06',4,'2018-03-04 14:05:37',NULL,0),(162,'playerVirtual7','playerVirtual7_765651',0,'2018-03-04 14:05:58',NULL,0),(163,'playerVirtual3','playerVirtual3_272887063',0,'2018-03-04 14:06:48',NULL,0),(164,'playerVirtual3','playerVirtual3_272887063',0,'2018-03-04 14:06:48',NULL,0),(165,'playerVirtual7','playerVirtual7_91cdadd938',3,'2018-03-04 14:06:58',NULL,0),(166,'playerVirtual3','playerVirtual3_da88c6ffea',3,'2018-03-04 14:07:48',NULL,0),(167,'playerVirtual8','playerVirtual8_4820204870',0,'2018-03-04 14:07:52',NULL,0),(168,'playerVirtual8','playerVirtual8_4820204870',0,'2018-03-04 14:07:53',NULL,0),(169,'playerVirtual6','playerVirtual6_6274355716',0,'2018-03-04 14:08:00',NULL,0),(170,'playerVirtual6','playerVirtual6_6274355716',0,'2018-03-04 14:08:02',NULL,0),(171,'playerVirtual2','playerVirtual2_38676294',0,'2018-03-04 14:08:19',NULL,0),(172,'playerVirtual2','playerVirtual2_38676294',0,'2018-03-04 14:08:19',NULL,0),(173,'playerVirtual10','playerVirtual10_7d22185f20',4,'2018-03-04 14:08:41',NULL,0),(174,'playerVirtual8','playerVirtual8_2230493d95',4,'2018-03-04 14:08:52',NULL,0),(175,'playerVirtual6','playerVirtual6_228aba5fb0',3,'2018-03-04 14:08:59',NULL,0),(176,'playerVirtual2','playerVirtual2_5fd0d69f03',4,'2018-03-04 14:09:19',NULL,0),(177,'playerVirtual9','playerVirtual9_5623125514',0,'2018-03-04 14:09:28',NULL,0),(178,'playerVirtual9','playerVirtual9_5623125514',0,'2018-03-04 14:09:29',NULL,0),(179,'playerVirtual1130','playerVirtual1130_284757920',0,'2018-03-04 14:09:30',NULL,0),(180,'playerVirtual4','playerVirtual4_182859403',0,'2018-03-04 14:09:41',NULL,0),(181,'playerVirtual4','playerVirtual4_182859403',0,'2018-03-04 14:09:41',NULL,0),(182,'playerVirtual9','playerVirtual9_9d7ff1237d',3,'2018-03-04 14:10:29',NULL,0),(183,'playerVirtual1130','playerVirtual1130_8dfcd1fe8b',3,'2018-03-04 14:10:30',NULL,0),(184,'playerVirtual7','playerVirtual7_990694203',0,'2018-03-04 14:10:34',NULL,0),(185,'playerVirtual4','playerVirtual4_e7f58c170d',3,'2018-03-04 14:10:41',NULL,0),(186,'playerVirtual5','playerVirtual5_990694203',0,'2018-03-04 14:11:00',NULL,0),(187,'playerVirtual5','playerVirtual5_990694203',0,'2018-03-04 14:11:00',NULL,0),(188,'playerVirtual7','playerVirtual7_5e7eaf7368',4,'2018-03-04 14:11:35',NULL,0),(189,'playerVirtual5','playerVirtual5_e356100087',3,'2018-03-04 14:12:00',NULL,0),(190,'playerVirtual3','playerVirtual3_4820204870',1,'2018-03-04 14:13:01',NULL,0),(191,'playerVirtual3','playerVirtual3_f5afaa8021',4,'2018-03-04 14:13:02',NULL,0),(192,'playerVirtual3','playerVirtual3_4820204870',1,'2018-03-04 14:13:02',NULL,0),(193,'playerVirtual9','playerVirtual9_6282149131',0,'2018-03-04 14:13:46',NULL,0),(194,'playerVirtual11','playerVirtual11_a35f372f85',4,'2018-03-04 14:13:47',NULL,0),(195,'playerVirtual9','playerVirtual9_6282149131',0,'2018-03-04 14:13:47',NULL,0),(196,'playerVirtual6','playerVirtual6_4476462938',0,'2018-03-04 14:13:48',NULL,0),(197,'playerVirtual6','playerVirtual6_4476462938',0,'2018-03-04 14:13:49',NULL,0),(198,'playerVirtual4','playerVirtual4_182859403',1,'2018-03-04 14:14:10',NULL,0),(199,'playerVirtual4','playerVirtual4_3367c72a48',4,'2018-03-04 14:14:10',NULL,0),(200,'playerVirtual4','playerVirtual4_182859403',1,'2018-03-04 14:14:10',NULL,0),(201,'playerVirtual2','playerVirtual2_272887063',0,'2018-03-04 14:14:23',NULL,0),(202,'playerVirtual2','playerVirtual2_272887063',0,'2018-03-04 14:14:23',NULL,0),(203,'playerVirtual9','playerVirtual9_1aaf6d2ceb',4,'2018-03-04 14:14:47',NULL,0),(204,'playerVirtual6','playerVirtual6_4a9c6fc1ee',4,'2018-03-04 14:14:49',NULL,0),(205,'playerVirtual8','playerVirtual8_6280643141',0,'2018-03-04 14:14:55',NULL,0),(206,'playerVirtual8','playerVirtual8_6280643141',0,'2018-03-04 14:14:55',NULL,0),(207,'playerVirtual5','playerVirtual5_ca6f1fc91b',4,'2018-03-04 14:15:04',NULL,0),(208,'playerVirtual2','playerVirtual2_dc7380cc42',3,'2018-03-04 14:15:23',NULL,0),(209,'playerVirtual1772','playerVirtual1772_4a19627b66',4,'2018-03-04 14:15:53',NULL,0),(210,'playerVirtual8','playerVirtual8_46594659c7',3,'2018-03-04 14:15:55',NULL,0),(211,'playerVirtual10','playerVirtual10_6280638724',0,'2018-03-04 14:16:25',NULL,0),(212,'playerVirtual10','playerVirtual10_6280638724',0,'2018-03-04 14:16:25',NULL,0),(213,'playerVirtual7','playerVirtual7_eddb496e36',3,'2018-03-04 14:16:35',NULL,0),(214,'playerVirtual3','playerVirtual3_272887063',1,'2018-03-04 14:16:48',NULL,0),(215,'playerVirtual3','playerVirtual3_049eba563f',3,'2018-03-04 14:16:48',NULL,0),(216,'playerVirtual3','playerVirtual3_272887063',1,'2018-03-04 14:16:48',NULL,0),(217,'playerVirtual10','playerVirtual10_93390f839c',3,'2018-03-04 14:17:25',NULL,0),(218,'playerVirtual12','playerVirtual12_43dc428c98',4,'2018-03-04 14:18:48',NULL,0),(219,'playerVirtual6','playerVirtual6_1094955',0,'2018-03-04 14:19:28',NULL,0),(220,'playerVirtual6','playerVirtual6_1094955',0,'2018-03-04 14:19:30',NULL,0),(221,'playerVirtual8','playerVirtual8_6285257156',0,'2018-03-04 14:19:44',NULL,0),(222,'playerVirtual8','playerVirtual8_6285257156',0,'2018-03-04 14:19:45',NULL,0),(223,'playerVirtual2','playerVirtual2_182859403',0,'2018-03-04 14:20:02',NULL,0),(224,'playerVirtual2','playerVirtual2_182859403',0,'2018-03-04 14:20:02',NULL,0),(225,'playerVirtual4','playerVirtual4_682797',0,'2018-03-04 14:20:04',NULL,0),(226,'playerVirtual4','playerVirtual4_682797',0,'2018-03-04 14:20:05',NULL,0),(227,'playerVirtual10','playerVirtual10_1438244924',0,'2018-03-04 14:20:20',NULL,0),(228,'playerVirtual10','playerVirtual10_1438244924',0,'2018-03-04 14:20:20',NULL,0),(229,'playerVirtual6','playerVirtual6_9ca06f6280',3,'2018-03-04 14:20:27',NULL,0),(230,'playerVirtual8','playerVirtual8_f4ef0a4180',4,'2018-03-04 14:20:45',NULL,0),(231,'playerVirtual9','playerVirtual9_214880781',0,'2018-03-04 14:20:55',NULL,0),(232,'playerVirtual9','playerVirtual9_214880781',0,'2018-03-04 14:20:55',NULL,0),(233,'playerVirtual2','playerVirtual2_572f9e94cc',4,'2018-03-04 14:21:02',NULL,0),(234,'playerVirtual4','playerVirtual4_89e4501ef8',3,'2018-03-04 14:21:05',NULL,0),(235,'playerVirtual10','playerVirtual10_e8066c4caf',4,'2018-03-04 14:21:20',NULL,0),(236,'playerVirtual5','playerVirtual5_16914091',0,'2018-03-04 14:21:32',NULL,0),(237,'playerVirtual5','playerVirtual5_16914091',0,'2018-03-04 14:21:36',NULL,0),(238,'playerVirtual7','playerVirtual7_6955737',0,'2018-03-04 14:21:53',NULL,0),(239,'playerVirtual9','playerVirtual9_de60f5605b',3,'2018-03-04 14:21:55',NULL,0),(240,'playerVirtual11','playerVirtual11_1436323714',0,'2018-03-04 14:22:01',NULL,0),(241,'playerVirtual11','playerVirtual11_1436323714',0,'2018-03-04 14:22:02',NULL,0),(242,'playerVirtual5','playerVirtual5_5c09dd6302',3,'2018-03-04 14:22:30',NULL,0),(243,'playerVirtual7','playerVirtual7_85e95a9138',4,'2018-03-04 14:22:54',NULL,0),(244,'playerVirtual11','playerVirtual11_b34b28539c',3,'2018-03-04 14:23:02',NULL,0),(245,'playerVirtual3','playerVirtual3_6955737',0,'2018-03-04 14:23:32',NULL,0),(246,'playerVirtual3','playerVirtual3_6955737',0,'2018-03-04 14:23:33',NULL,0),(247,'playerVirtual13','playerVirtual13_6bf5dd78fe',4,'2018-03-04 14:23:46',NULL,0),(248,'playerVirtual3','playerVirtual3_ea902a703f',4,'2018-03-04 14:24:33',NULL,0),(249,'playerVirtual4','playerVirtual4_6289355687',0,'2018-03-04 14:26:33',NULL,0),(250,'playerVirtual4','playerVirtual4_6289355687',0,'2018-03-04 14:26:33',NULL,0),(251,'playerVirtual11','playerVirtual11_1436344784',0,'2018-03-04 14:26:34',NULL,0),(252,'playerVirtual11','playerVirtual11_1436344784',0,'2018-03-04 14:26:35',NULL,0),(253,'playerVirtual6','playerVirtual6_2381571381',0,'2018-03-04 14:26:37',NULL,0),(254,'playerVirtual6','playerVirtual6_2381571381',0,'2018-03-04 14:26:37',NULL,0),(255,'playerVirtual2','playerVirtual2_75a8075c9b',3,'2018-03-04 14:26:42',NULL,0),(256,'playerVirtual1450','playerVirtual1450_51cbd75719',4,'2018-03-04 14:26:49',NULL,0),(257,'playerVirtual9','playerVirtual9_1438244924',0,'2018-03-04 14:27:15',NULL,0),(258,'playerVirtual9','playerVirtual9_1438244924',0,'2018-03-04 14:27:15',NULL,0),(259,'playerVirtual4','playerVirtual4_fe9abc0a3b',4,'2018-03-04 14:27:33',NULL,0),(260,'playerVirtual11','playerVirtual11_fd92184d80',4,'2018-03-04 14:27:35',NULL,0),(261,'playerVirtual5','playerVirtual5_6289704471',0,'2018-03-04 14:27:35',NULL,0),(262,'playerVirtual5','playerVirtual5_6289704471',0,'2018-03-04 14:27:36',NULL,0),(263,'playerVirtual6','playerVirtual6_ee64e82ee1',4,'2018-03-04 14:27:37',NULL,0),(264,'playerVirtual8','playerVirtual8_2378747961',0,'2018-03-04 14:27:45',NULL,0),(265,'playerVirtual8','playerVirtual8_2378747961',0,'2018-03-04 14:27:45',NULL,0),(266,'playerVirtual7','playerVirtual7_3fc99a4690',3,'2018-03-04 14:27:54',NULL,0),(267,'playerVirtual9','playerVirtual9_d0fa3caafc',4,'2018-03-04 14:28:15',NULL,0),(268,'playerVirtual12','playerVirtual12_3338579772',0,'2018-03-04 14:28:27',NULL,0),(269,'playerVirtual3','playerVirtual3_3338579772',1,'2018-03-04 14:28:27',NULL,0),(270,'playerVirtual12','playerVirtual12_3338579772',0,'2018-03-04 14:28:27',NULL,0),(271,'playerVirtual3','playerVirtual3_6e9e767fc3',3,'2018-03-04 14:28:27',NULL,0),(272,'playerVirtual3','playerVirtual3_3338579772',1,'2018-03-04 14:28:27',NULL,0),(273,'playerVirtual5','playerVirtual5_a30c0b8030',4,'2018-03-04 14:28:35',NULL,0),(274,'playerVirtual8','playerVirtual8_a27e11726e',3,'2018-03-04 14:28:45',NULL,0),(275,'playerVirtual14','playerVirtual14_6f49d6c425',4,'2018-03-04 14:28:45',NULL,0),(276,'playerVirtual12','playerVirtual12_9017d6f72d',3,'2018-03-04 14:29:27',NULL,0),(277,'playerVirtual10','playerVirtual10_2d421af4b5',3,'2018-03-04 14:29:55',NULL,0),(278,'playerVirtual2','playerVirtual2_1438244924',1,'2018-03-04 14:31:39',NULL,0),(279,'playerVirtual2','playerVirtual2_b502253360',4,'2018-03-04 14:31:40',NULL,0),(280,'playerVirtual2','playerVirtual2_1438244924',1,'2018-03-04 14:31:40',NULL,0),(281,'playerVirtual15','playerVirtual15_def3be2169',4,'2018-03-04 14:33:48',NULL,0),(282,'playerVirtual8','playerVirtual8_2378747961',1,'2018-03-04 14:34:04',NULL,0),(283,'playerVirtual8','playerVirtual8_d113e1a97b',4,'2018-03-04 14:34:04',NULL,0),(284,'playerVirtual8','playerVirtual8_2378747961',1,'2018-03-04 14:34:04',NULL,0),(285,'playerVirtual13','playerVirtual13_794070039',0,'2018-03-04 14:34:42',NULL,0),(286,'playerVirtual13','playerVirtual13_794070039',0,'2018-03-04 14:34:42',NULL,0),(287,'playerVirtual6','playerVirtual6_d7323ea980',3,'2018-03-04 14:35:17',NULL,0),(288,'playerVirtual13','playerVirtual13_9428f3e1f7',3,'2018-03-04 14:35:42',NULL,0),(289,'playerVirtual4','playerVirtual4_6296268057',0,'2018-03-04 14:35:59',NULL,0),(290,'playerVirtual4','playerVirtual4_6296268057',0,'2018-03-04 14:35:59',NULL,0),(291,'playerVirtual3','playerVirtual3_1095593',1,'2018-03-04 14:36:41',NULL,0),(292,'playerVirtual3','playerVirtual3_05c93fbe66',4,'2018-03-04 14:36:42',NULL,0),(293,'playerVirtual3','playerVirtual3_1095593',1,'2018-03-04 14:36:42',NULL,0),(294,'playerVirtual12','playerVirtual12_5297461910',0,'2018-03-04 14:36:53',NULL,0),(295,'playerVirtual12','playerVirtual12_5297461910',0,'2018-03-04 14:36:54',NULL,0),(296,'playerVirtual4','playerVirtual4_6c8a2168fa',3,'2018-03-04 14:36:59',NULL,0),(297,'playerVirtual2','playerVirtual2_dbd67a2a1f',3,'2018-03-04 14:37:30',NULL,0),(298,'playerVirtual12','playerVirtual12_b0b54c09f4',4,'2018-03-04 14:37:53',NULL,0),(299,'playerVirtual7','playerVirtual7_182859403',0,'2018-03-04 14:38:03',NULL,0),(300,'playerVirtual11','playerVirtual11_6296865278',0,'2018-03-04 14:38:07',NULL,0),(301,'playerVirtual11','playerVirtual11_6296865278',0,'2018-03-04 14:38:07',NULL,0),(302,'playerVirtual9','playerVirtual9_6264344062',0,'2018-03-04 14:38:43',NULL,0),(303,'playerVirtual9','playerVirtual9_6264344062',0,'2018-03-04 14:38:44',NULL,0),(304,'playerVirtual16','playerVirtual16_de95298b91',4,'2018-03-04 14:38:46',NULL,0),(305,'playerVirtual7','playerVirtual7_c63af935a3',4,'2018-03-04 14:39:04',NULL,0),(306,'playerVirtual11','playerVirtual11_006efb75da',3,'2018-03-04 14:39:07',NULL,0),(307,'playerVirtual10','playerVirtual10_6289704471',0,'2018-03-04 14:39:28',NULL,0),(308,'playerVirtual10','playerVirtual10_6289704471',0,'2018-03-04 14:39:32',NULL,0),(309,'playerVirtual5','playerVirtual5_990694203',0,'2018-03-04 14:39:32',NULL,0),(310,'playerVirtual5','playerVirtual5_262441d331',3,'2018-03-04 14:39:33',NULL,0),(311,'playerVirtual5','playerVirtual5_990694203',0,'2018-03-04 14:39:33',NULL,0),(312,'playerVirtual9','playerVirtual9_50009db9e0',3,'2018-03-04 14:39:43',NULL,0),(313,'playerVirtual1656','playerVirtual1656_5b92abdf8c',4,'2018-03-04 14:40:26',NULL,0),(314,'playerVirtual10','playerVirtual10_5200a335fe',4,'2018-03-04 14:40:27',NULL,0),(315,'playerVirtual2','playerVirtual2_6264344062',1,'2018-03-04 14:43:20',NULL,0),(316,'playerVirtual2','playerVirtual2_283f2f2b95',4,'2018-03-04 14:43:21',NULL,0),(317,'playerVirtual2','playerVirtual2_6264344062',1,'2018-03-04 14:43:21',NULL,0),(318,'playerVirtual13','playerVirtual13_908315',0,'2018-03-04 14:43:44',NULL,0),(319,'playerVirtual13','playerVirtual13_908315',0,'2018-03-04 14:43:44',NULL,0),(320,'playerVirtual17','playerVirtual17_2ef3ab1770',4,'2018-03-04 14:43:47',NULL,0),(321,'playerVirtual7','playerVirtual7_dde1e8118f',3,'2018-03-04 14:44:04',NULL,0),(322,'playerVirtual14','playerVirtual14_6301942525',0,'2018-03-04 14:44:06',NULL,0),(323,'playerVirtual5','playerVirtual5_3faf679c6f',4,'2018-03-04 14:44:34',NULL,0),(324,'playerVirtual13','playerVirtual13_193fe63118',4,'2018-03-04 14:44:46',NULL,0),(325,'playerVirtual14','playerVirtual14_6e80b4192e',3,'2018-03-04 14:45:06',NULL,0),(326,'playerVirtual6','playerVirtual6_182859403',0,'2018-03-04 14:46:29',NULL,0),(327,'playerVirtual6','playerVirtual6_182859403',0,'2018-03-04 14:46:29',NULL,0),(328,'playerVirtual3','playerVirtual3_539194189',0,'2018-03-04 14:47:27',NULL,0),(329,'playerVirtual3','playerVirtual3_539194189',0,'2018-03-04 14:47:27',NULL,0),(330,'playerVirtual6','playerVirtual6_d90edce9c9',4,'2018-03-04 14:47:29',NULL,0),(331,'playerVirtual8','playerVirtual8_6274355716',0,'2018-03-04 14:47:31',NULL,0),(332,'playerVirtual8','playerVirtual8_6274355716',0,'2018-03-04 14:47:32',NULL,0),(333,'playerVirtual3','playerVirtual3_6ee6b0381c',3,'2018-03-04 14:48:27',NULL,0),(334,'playerVirtual8','playerVirtual8_1adcebb221',3,'2018-03-04 14:48:31',NULL,0),(335,'playerVirtual18','playerVirtual18_5cb5157e3b',4,'2018-03-04 14:48:46',NULL,0),(336,'playerVirtual4','playerVirtual4_4246147567',0,'2018-03-04 14:49:03',NULL,0),(337,'playerVirtual4','playerVirtual4_4246147567',0,'2018-03-04 14:49:04',NULL,0),(338,'playerVirtual2','playerVirtual2_1436344784',1,'2018-03-04 14:49:17',NULL,0),(339,'playerVirtual2','playerVirtual2_4824d983c3',3,'2018-03-04 14:49:18',NULL,0),(340,'playerVirtual2','playerVirtual2_1436344784',1,'2018-03-04 14:49:18',NULL,0),(341,'playerVirtual11','playerVirtual11_4246147567',0,'2018-03-04 14:49:43',NULL,0),(342,'playerVirtual11','playerVirtual11_4246147567',0,'2018-03-04 14:49:43',NULL,0),(343,'playerVirtual4','playerVirtual4_26b11d5dd4',4,'2018-03-04 14:50:07',NULL,0),(344,'playerVirtual10','playerVirtual10_6289704471',1,'2018-03-04 14:50:08',NULL,0),(345,'playerVirtual10','playerVirtual10_8c2a9938f8',3,'2018-03-04 14:50:08',NULL,0),(346,'playerVirtual10','playerVirtual10_6289704471',1,'2018-03-04 14:50:08',NULL,0),(347,'playerVirtual9','playerVirtual9_4246147567',0,'2018-03-04 14:50:35',NULL,0),(348,'playerVirtual9','playerVirtual9_4246147567',0,'2018-03-04 14:50:36',NULL,0),(349,'playerVirtual11','playerVirtual11_3fac66ca78',4,'2018-03-04 14:50:43',NULL,0),(350,'playerVirtual15','playerVirtual15_1095593',0,'2018-03-04 14:51:00',NULL,0),(351,'playerVirtual15','playerVirtual15_1095593',0,'2018-03-04 14:51:00',NULL,0),(352,'playerVirtual12','playerVirtual12_6289704471',0,'2018-03-04 14:51:17',NULL,0),(353,'playerVirtual12','playerVirtual12_6289704471',0,'2018-03-04 14:51:17',NULL,0),(354,'playerVirtual9','playerVirtual9_01a00d97e5',4,'2018-03-04 14:51:35',NULL,0),(355,'playerVirtual14','playerVirtual14_2378747961',0,'2018-03-04 14:51:43',NULL,0),(356,'playerVirtual14','playerVirtual14_2378747961',0,'2018-03-04 14:51:43',NULL,0),(357,'playerVirtual15','playerVirtual15_ba2854977b',3,'2018-03-04 14:52:00',NULL,0),(358,'playerVirtual12','playerVirtual12_2b7864c6f8',3,'2018-03-04 14:52:17',NULL,0),(359,'playerVirtual14','playerVirtual14_2f3a0ab52a',4,'2018-03-04 14:52:43',NULL,0),(360,'playerVirtual15','playerVirtual15_c171f008d0',4,'2018-03-04 14:53:17',NULL,0),(361,'playerVirtual19','playerVirtual19_99b7f3a984',4,'2018-03-04 14:53:48',NULL,0),(362,'playerVirtual7','playerVirtual7_57a574fec1',4,'2018-03-04 14:56:39',NULL,0),(363,'playerVirtual5','playerVirtual5_6289704471',1,'2018-03-04 14:56:51',NULL,0),(364,'playerVirtual5','playerVirtual5_856278050f',3,'2018-03-04 14:56:51',NULL,0),(365,'playerVirtual5','playerVirtual5_6289704471',1,'2018-03-04 14:56:51',NULL,0),(366,'playerVirtual8','playerVirtual8_4246147567',0,'2018-03-04 14:57:05',NULL,0),(367,'playerVirtual8','playerVirtual8_4246147567',0,'2018-03-04 14:57:05',NULL,0),(368,'playerVirtual8','playerVirtual8_ec222891bc',4,'2018-03-04 14:58:05',NULL,0),(369,'playerVirtual6','playerVirtual6_6316827871',0,'2018-03-04 14:58:14',NULL,0),(370,'playerVirtual6','playerVirtual6_6316827871',0,'2018-03-04 14:58:15',NULL,0),(371,'playerVirtual4','playerVirtual4_4246147567',1,'2018-03-04 14:58:33',NULL,0),(372,'playerVirtual13','playerVirtual13_4246147567',0,'2018-03-04 14:58:33',NULL,0),(373,'playerVirtual4','playerVirtual4_0285c68ec6',3,'2018-03-04 14:58:33',NULL,0),(374,'playerVirtual2','playerVirtual2_182859403',1,'2018-03-04 14:58:34',NULL,0),(375,'playerVirtual2','playerVirtual2_d9350ce20a',4,'2018-03-04 14:58:34',NULL,0),(376,'playerVirtual4','playerVirtual4_4246147567',1,'2018-03-04 14:58:41',NULL,0),(377,'playerVirtual13','playerVirtual13_4246147567',0,'2018-03-04 14:58:41',NULL,0),(378,'playerVirtual2','playerVirtual2_182859403',1,'2018-03-04 14:58:42',NULL,0),(379,'playerVirtual16','playerVirtual16_4246147567',0,'2018-03-04 14:58:43',NULL,0),(380,'playerVirtual16','playerVirtual16_4246147567',0,'2018-03-04 14:58:43',NULL,0),(381,'playerVirtual6','playerVirtual6_df054fd844',3,'2018-03-04 14:59:14',NULL,0),(382,'playerVirtual13','playerVirtual13_144a9691d9',3,'2018-03-04 14:59:30',NULL,0),(383,'playerVirtual3','playerVirtual3_5068098508',0,'2018-03-04 14:59:41',NULL,0),(384,'playerVirtual3','playerVirtual3_5068098508',0,'2018-03-04 14:59:41',NULL,0),(385,'playerVirtual16','playerVirtual16_0566265ecf',3,'2018-03-04 14:59:41',NULL,0),(386,'playerVirtual3','playerVirtual3_6a040d2953',4,'2018-03-04 15:00:45',NULL,0),(387,'playerVirtual16','playerVirtual16_4246147567',1,'2018-03-04 15:00:46',NULL,0),(388,'playerVirtual16','playerVirtual16_42caa60a5a',4,'2018-03-04 15:00:46',NULL,0),(389,'playerVirtual16','playerVirtual16_4246147567',1,'2018-03-04 15:00:46',NULL,0),(390,'playerVirtual11','playerVirtual11_4246147567',1,'2018-03-04 15:01:15',NULL,0),(391,'playerVirtual11','playerVirtual11_85c1425974',3,'2018-03-04 15:01:16',NULL,0),(392,'playerVirtual11','playerVirtual11_4246147567',1,'2018-03-04 15:01:16',NULL,0),(393,'playerVirtual12','playerVirtual12_4246147567',0,'2018-03-04 15:01:31',NULL,0),(394,'playerVirtual12','playerVirtual12_4246147567',0,'2018-03-04 15:01:32',NULL,0),(395,'playerVirtual9','playerVirtual9_4246147567',1,'2018-03-04 15:02:04',NULL,0),(396,'playerVirtual9','playerVirtual9_87cb9284bd',3,'2018-03-04 15:02:04',NULL,0),(397,'playerVirtual9','playerVirtual9_4246147567',1,'2018-03-04 15:02:04',NULL,0),(398,'playerVirtual12','playerVirtual12_ec71a0aa19',4,'2018-03-04 15:02:32',NULL,0),(399,'playerVirtual5','playerVirtual5_904011',1,'2018-03-04 15:02:40',NULL,0),(400,'playerVirtual5','playerVirtual5_9b32f217ef',4,'2018-03-04 15:02:41',NULL,0),(401,'playerVirtual5','playerVirtual5_904011',1,'2018-03-04 15:02:41',NULL,0),(402,'playerVirtual10','playerVirtual10_4246147567',0,'2018-03-04 15:02:53',NULL,0),(403,'playerVirtual10','playerVirtual10_4246147567',0,'2018-03-04 15:02:53',NULL,0),(404,'playerVirtual1068','playerVirtual1068_118514ebea',4,'2018-03-04 15:02:57',NULL,0),(405,'playerVirtual10','playerVirtual10_ff716b54e6',4,'2018-03-04 15:03:55',NULL,0),(406,'playerVirtual17','playerVirtual17_4246147567',0,'2018-03-04 15:04:22',NULL,0),(407,'playerVirtual17','playerVirtual17_d8af18b275',3,'2018-03-04 15:05:22',NULL,0),(408,'playerVirtual17','playerVirtual17_102b8333f2',4,'2018-03-04 15:06:23',NULL,0),(409,'playerVirtual13','playerVirtual13_4246147567',1,'2018-03-04 15:07:29',NULL,0),(410,'playerVirtual13','playerVirtual13_0787ddffc1',4,'2018-03-04 15:07:29',NULL,0),(411,'playerVirtual13','playerVirtual13_4246147567',1,'2018-03-04 15:07:29',NULL,0),(412,'playerVirtual7','playerVirtual7_1095593',0,'2018-03-04 15:07:30',NULL,0),(413,'playerVirtual2','playerVirtual2_12fae65ccc',3,'2018-03-04 15:07:59',NULL,0),(414,'playerVirtual7','playerVirtual7_c18cd128f3',3,'2018-03-04 15:08:30',NULL,0),(415,'playerVirtual14','playerVirtual14_4246147567',0,'2018-03-04 15:08:58',NULL,0),(416,'playerVirtual14','playerVirtual14_4246147567',0,'2018-03-04 15:08:59',NULL,0),(417,'playerVirtual14','playerVirtual14_e7ce73a7ea',3,'2018-03-04 15:09:59',NULL,0),(418,'playerVirtual18','playerVirtual18_990694203',0,'2018-03-04 15:10:10',NULL,0),(419,'playerVirtual18','playerVirtual18_990694203',0,'2018-03-04 15:10:10',NULL,0),(420,'playerVirtual18','playerVirtual18_048aa6316b',3,'2018-03-04 15:11:10',NULL,0),(421,'playerVirtual8','playerVirtual8_4246147567',1,'2018-03-04 15:11:32',NULL,0),(422,'playerVirtual8','playerVirtual8_9c5a115bba',3,'2018-03-04 15:11:33',NULL,0),(423,'playerVirtual8','playerVirtual8_4246147567',1,'2018-03-04 15:11:33',NULL,0),(424,'playerVirtual6','playerVirtual6_6322213339',0,'2018-03-04 15:11:58',NULL,0),(425,'playerVirtual6','playerVirtual6_6322213339',0,'2018-03-04 15:11:58',NULL,0),(426,'playerVirtual18','playerVirtual18_990694203',1,'2018-03-04 15:12:11',NULL,0),(427,'playerVirtual18','playerVirtual18_6bc1562f25',4,'2018-03-04 15:12:11',NULL,0),(428,'playerVirtual18','playerVirtual18_990694203',1,'2018-03-04 15:12:12',NULL,0),(429,'playerVirtual6','playerVirtual6_bb725388c4',4,'2018-03-04 15:12:58',NULL,0),(430,'playerVirtual3','playerVirtual3_4246147567',0,'2018-03-04 15:13:01',NULL,0),(431,'playerVirtual3','playerVirtual3_4246147567',0,'2018-03-04 15:13:02',NULL,0),(432,'playerVirtual4','playerVirtual4_359920779',1,'2018-03-04 15:13:04',NULL,0),(433,'playerVirtual4','playerVirtual4_7379e517c9',4,'2018-03-04 15:13:04',NULL,0),(434,'playerVirtual4','playerVirtual4_359920779',1,'2018-03-04 15:13:04',NULL,0),(435,'playerVirtual10','playerVirtual10_4246147567',1,'2018-03-04 15:13:33',NULL,0),(436,'playerVirtual10','playerVirtual10_98a724ab4a',3,'2018-03-04 15:13:33',NULL,0),(437,'playerVirtual10','playerVirtual10_4246147567',1,'2018-03-04 15:13:33',NULL,0),(438,'playerVirtual3','playerVirtual3_0d628770de',3,'2018-03-04 15:14:02',NULL,0),(439,'playerVirtual11','playerVirtual11_4246147567',0,'2018-03-04 15:14:36',NULL,0),(440,'playerVirtual11','playerVirtual11_2af3807219',4,'2018-03-04 15:14:36',NULL,0),(441,'playerVirtual11','playerVirtual11_4246147567',0,'2018-03-04 15:14:39',NULL,0),(442,'playerVirtual15','playerVirtual15_4246147567',0,'2018-03-04 15:15:07',NULL,0),(443,'playerVirtual15','playerVirtual15_4246147567',0,'2018-03-04 15:15:07',NULL,0),(444,'playerVirtual9','playerVirtual9_4246147567',0,'2018-03-04 15:15:40',NULL,0),(445,'playerVirtual9','playerVirtual9_8f1730dcb9',4,'2018-03-04 15:15:40',NULL,0),(446,'playerVirtual9','playerVirtual9_4246147567',0,'2018-03-04 15:15:40',NULL,0),(447,'playerVirtual12','playerVirtual12_4246147567',1,'2018-03-04 15:15:55',NULL,0),(448,'playerVirtual12','playerVirtual12_4246147567',1,'2018-03-04 15:15:55',NULL,0),(449,'playerVirtual12','playerVirtual12_dccb16789b',3,'2018-03-04 15:15:56',NULL,0),(450,'playerVirtual15','playerVirtual15_d4107b9e19',3,'2018-03-04 15:16:07',NULL,0),(451,'playerVirtual19','playerVirtual19_4246147567',0,'2018-03-04 15:16:08',NULL,0),(452,'playerVirtual19','playerVirtual19_4246147567',0,'2018-03-04 15:16:08',NULL,0),(453,'playerVirtual14','playerVirtual14_4a5ae9dfc0',4,'2018-03-04 15:16:37',NULL,0),(454,'playerVirtual19','playerVirtual19_8063b67a9e',3,'2018-03-04 15:17:08',NULL,0),(455,'playerVirtual15','playerVirtual15_4246147567',1,'2018-03-04 15:17:21',NULL,0),(456,'playerVirtual15','playerVirtual15_13d92b0dbe',4,'2018-03-04 15:17:22',NULL,0),(457,'playerVirtual15','playerVirtual15_4246147567',1,'2018-03-04 15:17:23',NULL,0),(458,'playerVirtual19','playerVirtual19_dad0cc34a1',4,'2018-03-04 15:18:10',NULL,0),(459,'playerVirtual5','playerVirtual5_4246147567',0,'2018-03-04 15:21:05',NULL,0),(460,'playerVirtual5','playerVirtual5_4246147567',0,'2018-03-04 15:21:05',NULL,0),(461,'playerVirtual5','playerVirtual5_f58f66c044',3,'2018-03-04 15:22:05',NULL,0),(462,'playerVirtual7','playerVirtual7_4246147567',0,'2018-03-04 15:23:11',NULL,0),(463,'playerVirtual16','playerVirtual16_359920779',0,'2018-03-04 15:23:25',NULL,0),(464,'playerVirtual16','playerVirtual16_359920779',0,'2018-03-04 15:23:25',NULL,0),(465,'playerVirtual2','playerVirtual2_4246147567',0,'2018-03-04 15:23:35',NULL,0),(466,'playerVirtual2','playerVirtual2_4246147567',0,'2018-03-04 15:23:36',NULL,0),(467,'playerVirtual8','playerVirtual8_6335261139',0,'2018-03-04 15:23:48',NULL,0),(468,'playerVirtual8','playerVirtual8_6335261139',0,'2018-03-04 15:23:48',NULL,0),(469,'playerVirtual7','playerVirtual7_bea67f4d04',4,'2018-03-04 15:24:11',NULL,0),(470,'playerVirtual13','playerVirtual13_4246147567',0,'2018-03-04 15:24:22',NULL,0),(471,'playerVirtual13','playerVirtual13_82723010bf',3,'2018-03-04 15:24:22',NULL,0),(472,'playerVirtual13','playerVirtual13_4246147567',0,'2018-03-04 15:24:22',NULL,0),(473,'playerVirtual16','playerVirtual16_452698064e',3,'2018-03-04 15:24:25',NULL,0),(474,'playerVirtual2','playerVirtual2_5b890bb785',4,'2018-03-04 15:24:36',NULL,0),(475,'playerVirtual4','playerVirtual4_4246147567',0,'2018-03-04 15:24:41',NULL,0),(476,'playerVirtual4','playerVirtual4_83a90b9e6b',3,'2018-03-04 15:24:41',NULL,0),(477,'playerVirtual4','playerVirtual4_4246147567',0,'2018-03-04 15:24:41',NULL,0),(478,'playerVirtual8','playerVirtual8_15a63ff14d',4,'2018-03-04 15:24:49',NULL,0),(479,'playerVirtual11','playerVirtual11_4246147567',1,'2018-03-04 15:25:04',NULL,0),(480,'playerVirtual11','playerVirtual11_132fb330a7',3,'2018-03-04 15:25:05',NULL,0),(481,'playerVirtual11','playerVirtual11_4246147567',1,'2018-03-04 15:25:05',NULL,0),(482,'playerVirtual3','playerVirtual3_4246147567',1,'2018-03-04 15:25:16',NULL,0),(483,'playerVirtual3','playerVirtual3_b3960d5fbd',4,'2018-03-04 15:25:16',NULL,0),(484,'playerVirtual3','playerVirtual3_4246147567',1,'2018-03-04 15:25:16',NULL,0),(485,'playerVirtual9','playerVirtual9_4246147567',1,'2018-03-04 15:26:05',NULL,0),(486,'playerVirtual9','playerVirtual9_ae3fc17c9f',3,'2018-03-04 15:26:05',NULL,0),(487,'playerVirtual9','playerVirtual9_4246147567',1,'2018-03-04 15:26:05',NULL,0),(488,'playerVirtual6','playerVirtual6_4246147567',0,'2018-03-04 15:26:16',NULL,0),(489,'playerVirtual6','playerVirtual6_4246147567',0,'2018-03-04 15:26:21',NULL,0),(490,'playerVirtual1068','playerVirtual1068_4246147567',0,'2018-03-04 15:26:26',NULL,0),(491,'playerVirtual6','playerVirtual6_98b81fb87c',3,'2018-03-04 15:27:12',NULL,0),(492,'playerVirtual1068','playerVirtual1068_ee0be09691',3,'2018-03-04 15:27:26',NULL,0),(493,'playerVirtual5','playerVirtual5_4246147567',1,'2018-03-04 15:27:55',NULL,0),(494,'playerVirtual5','playerVirtual5_eb178e9b49',4,'2018-03-04 15:27:55',NULL,0),(495,'playerVirtual5','playerVirtual5_4246147567',1,'2018-03-04 15:27:55',NULL,0),(496,'playerVirtual12','playerVirtual12_4246147567',0,'2018-03-04 15:29:12',NULL,0),(497,'playerVirtual12','playerVirtual12_bd1b6447ba',4,'2018-03-04 15:29:12',NULL,0),(498,'playerVirtual12','playerVirtual12_4246147567',0,'2018-03-04 15:29:12',NULL,0),(499,'playerVirtual16','playerVirtual16_6344084916',0,'2018-03-04 15:29:19',NULL,0),(500,'playerVirtual16','playerVirtual16_6344084916',0,'2018-03-04 15:29:20',NULL,0),(501,'playerVirtual17','playerVirtual17_4246147567',0,'2018-03-04 15:30:02',NULL,0),(502,'playerVirtual17','playerVirtual17_4cd026e977',3,'2018-03-04 15:30:03',NULL,0),(503,'playerVirtual10','playerVirtual10_4246147567',0,'2018-03-04 15:30:16',NULL,0),(504,'playerVirtual10','playerVirtual10_837d14b345',4,'2018-03-04 15:30:16',NULL,0),(505,'playerVirtual10','playerVirtual10_4246147567',0,'2018-03-04 15:30:17',NULL,0),(506,'playerVirtual16','playerVirtual16_7c90318ddb',4,'2018-03-04 15:30:19',NULL,0),(507,'playerVirtual17','playerVirtual17_d37b6e41fd',4,'2018-03-04 15:31:04',NULL,0),(508,'playerVirtual13','playerVirtual13_4246147567',1,'2018-03-04 15:32:21',NULL,0),(509,'playerVirtual13','playerVirtual13_26bb9d41e9',4,'2018-03-04 15:32:21',NULL,0),(510,'playerVirtual13','playerVirtual13_4246147567',1,'2018-03-04 15:32:21',NULL,0),(511,'playerVirtual2','playerVirtual2_4246147567',1,'2018-03-04 15:34:04',NULL,0),(512,'playerVirtual2','playerVirtual2_a3fd77692d',3,'2018-03-04 15:34:04',NULL,0),(513,'playerVirtual2','playerVirtual2_4246147567',1,'2018-03-04 15:34:04',NULL,0),(514,'playerVirtual7','playerVirtual7_faced3b27c',3,'2018-03-04 15:35:01',NULL,0),(515,'playerVirtual14','playerVirtual14_4246147567',0,'2018-03-04 15:36:53',NULL,0),(516,'playerVirtual14','playerVirtual14_c311ab001a',3,'2018-03-04 15:36:54',NULL,0),(517,'playerVirtual18','playerVirtual18_4246147567',0,'2018-03-04 15:36:58',NULL,0),(518,'playerVirtual14','playerVirtual14_4246147567',0,'2018-03-04 15:36:59',NULL,0),(519,'playerVirtual18','playerVirtual18_4246147567',0,'2018-03-04 15:37:05',NULL,0),(520,'playerVirtual18','playerVirtual18_3ae85e41f4',3,'2018-03-04 15:37:56',NULL,0),(521,'playerVirtual3','playerVirtual3_5068098508',1,'2018-03-04 15:38:43',NULL,0),(522,'playerVirtual3','playerVirtual3_29189322ab',3,'2018-03-04 15:38:43',NULL,0),(523,'playerVirtual3','playerVirtual3_5068098508',1,'2018-03-04 15:38:43',NULL,0),(524,'playerVirtual18','playerVirtual18_4246147567',1,'2018-03-04 15:38:56',NULL,0),(525,'playerVirtual18','playerVirtual18_d626ce5f21',4,'2018-03-04 15:38:56',NULL,0),(526,'playerVirtual18','playerVirtual18_4246147567',1,'2018-03-04 15:38:56',NULL,0),(527,'playerVirtual4','playerVirtual4_4246147567',1,'2018-03-04 15:39:16',NULL,0),(528,'playerVirtual4','playerVirtual4_10ab3d3247',4,'2018-03-04 15:39:16',NULL,0),(529,'playerVirtual4','playerVirtual4_4246147567',1,'2018-03-04 15:39:16',NULL,0),(530,'playerVirtual11','playerVirtual11_1436344784',1,'2018-03-04 15:39:16',NULL,0),(531,'playerVirtual11','playerVirtual11_3cbd633a03',4,'2018-03-04 15:39:16',NULL,0),(532,'playerVirtual11','playerVirtual11_1436344784',1,'2018-03-04 15:39:17',NULL,0),(533,'playerVirtual10','playerVirtual10_4246147567',1,'2018-03-04 15:39:55',NULL,0),(534,'playerVirtual10','playerVirtual10_d1977cc7a8',3,'2018-03-04 15:39:55',NULL,0),(535,'playerVirtual10','playerVirtual10_4246147567',1,'2018-03-04 15:39:55',NULL,0),(536,'playerVirtual6','playerVirtual6_4246147567',1,'2018-03-04 15:39:56',NULL,0),(537,'playerVirtual6','playerVirtual6_82441c3fcc',4,'2018-03-04 15:39:57',NULL,0),(538,'playerVirtual6','playerVirtual6_4246147567',1,'2018-03-04 15:39:57',NULL,0),(539,'playerVirtual8','playerVirtual8_4246147567',0,'2018-03-04 15:40:20',NULL,0),(540,'playerVirtual8','playerVirtual8_4ed9824582',3,'2018-03-04 15:40:20',NULL,0),(541,'playerVirtual8','playerVirtual8_4246147567',0,'2018-03-04 15:40:20',NULL,0),(542,'playerVirtual12','playerVirtual12_4246147567',1,'2018-03-04 15:42:35',NULL,0),(543,'playerVirtual12','playerVirtual12_75b99f1e8d',3,'2018-03-04 15:42:35',NULL,0),(544,'playerVirtual12','playerVirtual12_4246147567',1,'2018-03-04 15:42:36',NULL,0),(545,'playerVirtual15','playerVirtual15_4246147567',0,'2018-03-04 15:43:14',NULL,0),(546,'playerVirtual15','playerVirtual15_636564ef73',3,'2018-03-04 15:43:14',NULL,0),(547,'playerVirtual15','playerVirtual15_4246147567',0,'2018-03-04 15:43:14',NULL,0),(548,'playerVirtual9','playerVirtual9_990694203',0,'2018-03-04 15:43:24',NULL,0),(549,'playerVirtual9','playerVirtual9_990694203',0,'2018-03-04 15:43:25',NULL,0),(550,'playerVirtual14','playerVirtual14_3d067e83d8',4,'2018-03-04 15:43:28',NULL,0),(551,'playerVirtual9','playerVirtual9_ac60ab1b50',4,'2018-03-04 15:44:27',NULL,0),(552,'playerVirtual15','playerVirtual15_4246147567',1,'2018-03-04 15:44:29',NULL,0),(553,'playerVirtual15','playerVirtual15_19122fa25f',4,'2018-03-04 15:44:29',NULL,0),(554,'playerVirtual19','playerVirtual19_4246147567',0,'2018-03-04 15:44:29',NULL,0),(555,'playerVirtual19','playerVirtual19_02db952938',3,'2018-03-04 15:44:29',NULL,0),(556,'playerVirtual15','playerVirtual15_4246147567',1,'2018-03-04 15:44:30',NULL,0),(557,'playerVirtual19','playerVirtual19_4246147567',0,'2018-03-04 15:44:30',NULL,0),(558,'playerVirtual19','playerVirtual19_e4afee9c58',4,'2018-03-04 15:45:32',NULL,0),(559,'playerVirtual5','playerVirtual5_4246147567',0,'2018-03-04 15:50:06',NULL,0),(560,'playerVirtual5','playerVirtual5_143de2f04e',3,'2018-03-04 15:50:07',NULL,0),(561,'playerVirtual5','playerVirtual5_4246147567',0,'2018-03-04 15:50:07',NULL,0),(562,'playerVirtual8','playerVirtual8_4246147567',1,'2018-03-04 15:52:36',NULL,0),(563,'playerVirtual8','playerVirtual8_1b6e40bad4',4,'2018-03-04 15:52:36',NULL,0),(564,'playerVirtual8','playerVirtual8_4246147567',1,'2018-03-04 15:52:36',NULL,0),(565,'playerVirtual2','playerVirtual2_272887063',1,'2018-03-04 15:52:58',NULL,0),(566,'playerVirtual2','playerVirtual2_8782cd3986',4,'2018-03-04 15:52:58',NULL,0),(567,'playerVirtual2','playerVirtual2_272887063',1,'2018-03-04 15:52:59',NULL,0),(568,'playerVirtual13','playerVirtual13_4246147567',0,'2018-03-04 15:53:15',NULL,0),(569,'playerVirtual13','playerVirtual13_85fbb5e844',3,'2018-03-04 15:53:15',NULL,0),(570,'playerVirtual13','playerVirtual13_4246147567',0,'2018-03-04 15:53:15',NULL,0),(571,'playerVirtual7','playerVirtual7_6566788',0,'2018-03-04 15:53:16',NULL,0),(572,'playerVirtual16','playerVirtual16_272887063',0,'2018-03-04 15:53:46',NULL,0),(573,'playerVirtual16','playerVirtual16_272887063',0,'2018-03-04 15:53:46',NULL,0),(574,'playerVirtual7','playerVirtual7_7c15178117',4,'2018-03-04 15:54:16',NULL,0),(575,'playerVirtual4','playerVirtual4_4246147567',0,'2018-03-04 15:54:16',NULL,0),(576,'playerVirtual4','playerVirtual4_250602dfdd',3,'2018-03-04 15:54:16',NULL,0),(577,'playerVirtual4','playerVirtual4_4246147567',0,'2018-03-04 15:54:17',NULL,0),(578,'playerVirtual3','playerVirtual3_4246147567',0,'2018-03-04 15:54:20',NULL,0),(579,'playerVirtual3','playerVirtual3_c043a0ee8f',4,'2018-03-04 15:54:21',NULL,0),(580,'playerVirtual3','playerVirtual3_4246147567',0,'2018-03-04 15:54:21',NULL,0),(581,'playerVirtual16','playerVirtual16_0f26317969',3,'2018-03-04 15:54:46',NULL,0),(582,'playerVirtual11','playerVirtual11_6566788',0,'2018-03-04 15:54:50',NULL,0),(583,'playerVirtual11','playerVirtual11_6566788',0,'2018-03-04 15:54:50',NULL,0),(584,'playerVirtual9','playerVirtual9_b3b48fb300',3,'2018-03-04 15:54:54',NULL,0),(585,'playerVirtual11','playerVirtual11_bf1ef4907d',3,'2018-03-04 15:55:50',NULL,0),(586,'playerVirtual5','playerVirtual5_4246147567',1,'2018-03-04 15:55:56',NULL,0),(587,'playerVirtual5','playerVirtual5_76b3db6f0b',4,'2018-03-04 15:55:56',NULL,0),(588,'playerVirtual5','playerVirtual5_4246147567',1,'2018-03-04 15:55:56',NULL,0),(589,'playerVirtual6','playerVirtual6_16917741',0,'2018-03-04 15:57:02',NULL,0),(590,'playerVirtual6','playerVirtual6_16917741',0,'2018-03-04 15:57:02',NULL,0);
/*!40000 ALTER TABLE `REQUEST` ENABLE KEYS */;
UNLOCK TABLES;

--
-- Table structure for table `STATUS`
--

DROP TABLE IF EXISTS `STATUS`;
/*!40101 SET @saved_cs_client     = @@character_set_client */;
/*!40101 SET character_set_client = utf8 */;
CREATE TABLE `STATUS` (
  `id` int(11) NOT NULL AUTO_INCREMENT,
  `players` int(11) DEFAULT '0',
  `all_requests` int(11) DEFAULT '0',
  `accepts` int(11) DEFAULT '0',
  `rejects` int(11) DEFAULT '0',
  `fairness` float DEFAULT '0',
  `timestamp` timestamp NULL DEFAULT NULL,
  PRIMARY KEY (`id`)
) ENGINE=InnoDB AUTO_INCREMENT=32 DEFAULT CHARSET=utf8;
/*!40101 SET character_set_client = @saved_cs_client */;

--
-- Dumping data for table `STATUS`
--

LOCK TABLES `STATUS` WRITE;
/*!40000 ALTER TABLE `STATUS` DISABLE KEYS */;
INSERT INTO `STATUS` VALUES (1,0,0,0,0,0,'2018-03-04 13:27:26'),(2,2,4,3,1,0.75,'2018-03-04 13:32:26'),(3,3,10,8,2,0.8,'2018-03-04 13:37:26'),(4,5,16,11,5,0.6875,'2018-03-04 13:42:27'),(5,6,22,14,8,0.636364,'2018-03-04 13:47:27'),(6,8,27,18,9,0.666667,'2018-03-04 13:52:27'),(7,9,35,25,10,0.714286,'2018-03-04 13:57:27'),(8,10,40,30,10,0.75,'2018-03-04 14:02:27'),(9,12,46,35,11,0.76087,'2018-03-04 14:07:27'),(10,13,52,39,13,0.75,'2018-03-04 14:12:27'),(11,15,57,42,15,0.736842,'2018-03-04 14:17:27'),(12,16,65,49,16,0.753846,'2018-03-04 14:22:28'),(13,18,70,53,17,0.757143,'2018-03-04 14:27:28'),(14,19,73,55,18,0.753425,'2018-03-04 14:32:28'),(15,20,76,58,18,0.763158,'2018-03-04 14:37:28'),(16,22,80,62,18,0.775,'2018-03-04 14:42:28'),(17,23,83,64,19,0.771084,'2018-03-04 14:47:28'),(18,24,90,70,20,0.777778,'2018-03-04 14:52:28'),(19,25,91,71,20,0.78022,'2018-03-04 14:57:29'),(20,26,96,75,21,0.78125,'2018-03-04 15:02:29'),(21,26,97,76,21,0.783505,'2018-03-04 15:07:29'),(22,26,100,77,23,0.77,'2018-03-04 15:12:29'),(23,26,105,80,25,0.761905,'2018-03-04 15:17:29'),(24,26,106,81,25,0.764151,'2018-03-04 15:22:29'),(25,26,112,87,25,0.776786,'2018-03-04 15:27:29'),(26,26,115,89,26,0.773913,'2018-03-04 15:32:29'),(27,26,117,91,26,0.777778,'2018-03-04 15:37:30'),(28,26,118,91,27,0.771186,'2018-03-04 15:42:30'),(29,26,121,93,28,0.768595,'2018-03-04 15:47:30'),(30,26,122,94,28,0.770492,'2018-03-04 15:52:30'),(31,26,128,98,30,0.765625,'2018-03-04 15:57:30');
/*!40000 ALTER TABLE `STATUS` ENABLE KEYS */;
UNLOCK TABLES;

--
-- Table structure for table `THRESHOLD`
--

DROP TABLE IF EXISTS `THRESHOLD`;
/*!40101 SET @saved_cs_client     = @@character_set_client */;
/*!40101 SET character_set_client = utf8 */;
CREATE TABLE `THRESHOLD` (
  `division` int(11) NOT NULL,
  `botton` float DEFAULT '0',
  `top` float DEFAULT '0',
  PRIMARY KEY (`division`)
) ENGINE=InnoDB DEFAULT CHARSET=utf8;
/*!40101 SET character_set_client = @saved_cs_client */;

--
-- Dumping data for table `THRESHOLD`
--

LOCK TABLES `THRESHOLD` WRITE;
/*!40000 ALTER TABLE `THRESHOLD` DISABLE KEYS */;
INSERT INTO `THRESHOLD` VALUES (1,8.76,20),(2,4.38,8.76),(3,0,4.38);
/*!40000 ALTER TABLE `THRESHOLD` ENABLE KEYS */;
UNLOCK TABLES;

--
-- Table structure for table `VM`
--

DROP TABLE IF EXISTS `VM`;
/*!40101 SET @saved_cs_client     = @@character_set_client */;
/*!40101 SET character_set_client = utf8 */;
CREATE TABLE `VM` (
  `id` int(11) NOT NULL AUTO_INCREMENT,
  `origin_add` varchar(45) NOT NULL,
  `origin_id` varchar(45) NOT NULL,
  `origin_name` varchar(45) NOT NULL,
  `destiny_add` varchar(45) NOT NULL,
  `destiny_name` varchar(45) NOT NULL,
  `destiny_id` varchar(45) NOT NULL,
  `status` tinyint(1) NOT NULL,
  `has_resources` tinyint(1) NOT NULL,
  `vcpus` int(11) NOT NULL,
  `mem` bigint(20) NOT NULL,
  `disk` bigint(20) NOT NULL,
  `timestamp_received` timestamp NULL DEFAULT NULL,
  `timestamp_finished` timestamp NULL DEFAULT NULL,
  PRIMARY KEY (`id`)
) ENGINE=InnoDB AUTO_INCREMENT=129 DEFAULT CHARSET=utf8;
/*!40101 SET character_set_client = @saved_cs_client */;

--
-- Dumping data for table `VM`
--

LOCK TABLES `VM` WRITE;
/*!40000 ALTER TABLE `VM` DISABLE KEYS */;
INSERT INTO `VM` VALUES (1,'192.168.0.200','playerVirtual1_450512000','playerVirtual1','192.168.0.200','playerVirtual2','playerVirtual2_e45dae7ff0',1,1,1,2048,20,'2018-03-04 13:29:46',NULL),(2,'192.168.0.200','playerVirtual2_1438244924','playerVirtual2','192.168.0.200','playerVirtual1','playerVirtual1_1d4a057696',3,1,1,2048,20,'2018-03-04 13:29:48','2018-03-04 14:31:40'),(3,'192.168.0.200','playerVirtual1_640692267','playerVirtual1','192.168.0.200','playerVirtual2','playerVirtual2_8ec313abca',1,1,1,512,1,'2018-03-04 13:31:51',NULL),(4,'192.168.0.200','playerVirtual2_2381571381','playerVirtual2','192.168.0.200','playerVirtual1','playerVirtual2_2381571381',0,0,1,2048,20,'2018-03-04 13:31:52','2018-03-04 13:31:52'),(5,'192.168.0.200','playerVirtual1_5297461910','playerVirtual1','192.168.0.200','playerVirtual3','playerVirtual3_ec1e9072ad',1,1,1,512,1,'2018-03-04 13:33:55',NULL),(6,'192.168.0.200','playerVirtual2_2790332778','playerVirtual2','192.168.0.200','playerVirtual3','playerVirtual3_bb1ecaf584',1,1,2,4096,40,'2018-03-04 13:34:00',NULL),(7,'192.168.0.200','playerVirtual3_369721705','playerVirtual3','192.168.0.200','playerVirtual2','playerVirtual2_8e36a216ad',1,1,2,4096,40,'2018-03-04 13:34:57',NULL),(8,'192.168.0.200','playerVirtual1_317469422','playerVirtual1','192.168.0.200','playerVirtual2','playerVirtual2_9df8453eae',1,1,2,4096,40,'2018-03-04 13:36:04',NULL),(9,'192.168.0.200','playerVirtual2_6955737','playerVirtual2','192.168.0.200','playerVirtual1','playerVirtual2_6955737',0,0,1,2048,20,'2018-03-04 13:36:05','2018-03-04 13:36:05'),(10,'192.168.0.200','playerVirtual3_257338104','playerVirtual3','192.168.0.200','playerVirtual2','playerVirtual2_b53830e11b',1,1,2,4096,40,'2018-03-04 13:36:59',NULL),(11,'192.168.0.200','playerVirtual2_2433236783','playerVirtual2','192.168.0.200','playerVirtual3','playerVirtual2_2433236783',0,0,1,2048,20,'2018-03-04 13:38:14','2018-03-04 13:38:14'),(12,'192.168.0.200','playerVirtual3_3338579772','playerVirtual3','192.168.0.200','playerVirtual4','playerVirtual4_99f80902f4',3,1,1,2048,20,'2018-03-04 13:39:12','2018-03-04 14:28:28'),(13,'192.168.0.200','playerVirtual2_2359368952','playerVirtual2','192.168.0.200','playerVirtual0','playerVirtual2_2359368952',0,1,1,512,1,'2018-03-04 13:40:30','2018-03-04 13:40:30'),(14,'192.168.0.200','playerVirtual3_16917741','playerVirtual3','192.168.0.200','playerVirtual4','playerVirtual4_dfee0446c1',1,1,1,512,1,'2018-03-04 13:41:27',NULL),(15,'192.168.0.200','playerVirtual4_2545640208','playerVirtual4','192.168.0.200','playerVirtual0','playerVirtual4_2545640208',0,1,1,2048,20,'2018-03-04 13:42:22','2018-03-04 13:42:22'),(16,'192.168.0.200','playerVirtual0_908315','playerVirtual0','192.168.0.200','playerVirtual4','playerVirtual4_2d1458969d',1,1,1,2048,20,'2018-03-04 13:42:23',NULL),(17,'192.168.0.200','playerVirtual2_539194189','playerVirtual2','192.168.0.200','playerVirtual0','playerVirtual2_539194189',0,1,1,2048,20,'2018-03-04 13:43:00','2018-03-04 13:43:00'),(18,'192.168.0.200','playerVirtual3_4820204870','playerVirtual3','192.168.0.200','playerVirtual5','playerVirtual5_8fa9be5898',3,1,2,4096,40,'2018-03-04 13:44:39','2018-03-04 14:13:02'),(19,'192.168.0.200','playerVirtual4_8058564','playerVirtual4','192.168.0.200','playerVirtual0','playerVirtual4_8058564',0,1,1,2048,20,'2018-03-04 13:46:17','2018-03-04 13:46:17'),(20,'192.168.0.200','playerVirtual0_1429160667','playerVirtual0','192.168.0.200','playerVirtual4','playerVirtual4_3deffcd54e',1,1,1,2048,20,'2018-03-04 13:46:24',NULL),(21,'192.168.0.200','playerVirtual2_82730999','playerVirtual2','192.168.0.200','playerVirtual5','playerVirtual5_6343b55e5a',1,1,1,512,1,'2018-03-04 13:46:53',NULL),(22,'192.168.0.200','playerVirtual5_3338010893','playerVirtual5','192.168.0.200','playerVirtual0','playerVirtual5_3338010893',0,1,1,512,1,'2018-03-04 13:47:01','2018-03-04 13:47:01'),(23,'192.168.0.200','playerVirtual3_351652724','playerVirtual3','192.168.0.200','playerVirtual4','playerVirtual4_e8d828fe94',1,1,1,2048,20,'2018-03-04 13:47:52',NULL),(24,'192.168.0.200','playerVirtual4_6571218','playerVirtual4','192.168.0.200','playerVirtual5','playerVirtual5_84f91ca683',1,1,1,2048,20,'2018-03-04 13:48:47',NULL),(25,'192.168.0.200','playerVirtual5_1339662','playerVirtual5','192.168.0.200','playerVirtual6','playerVirtual6_6289903446',1,1,1,2048,20,'2018-03-04 13:49:14',NULL),(26,'192.168.0.200','playerVirtual2_1436344784','playerVirtual2','192.168.0.200','playerVirtual4','playerVirtual4_907a3a61b1',3,1,1,2048,20,'2018-03-04 13:49:32','2018-03-04 14:49:18'),(27,'192.168.0.200','playerVirtual3_284794223','playerVirtual3','192.168.0.200','playerVirtual1146','playerVirtual3_284794223',0,1,1,2048,20,'2018-03-04 13:51:12','2018-03-04 13:51:12'),(28,'192.168.0.200','playerVirtual4_359920779','playerVirtual4','192.168.0.200','playerVirtual5','playerVirtual5_f5e24b3b5e',3,1,1,512,1,'2018-03-04 13:52:50','2018-03-04 15:13:04'),(29,'192.168.0.200','playerVirtual2_2904109077','playerVirtual2','192.168.0.200','playerVirtual6','playerVirtual6_e0e47ea177',1,1,1,512,1,'2018-03-04 13:53:27',NULL),(30,'192.168.0.200','playerVirtual5_904011','playerVirtual5','192.168.0.200','playerVirtual4','playerVirtual4_814ee01646',3,1,1,2048,20,'2018-03-04 13:53:36','2018-03-04 15:02:41'),(31,'192.168.0.200','playerVirtual6_1093460','playerVirtual6','192.168.0.200','playerVirtual7','playerVirtual7_02baa2f224',1,1,1,512,1,'2018-03-04 13:54:23',NULL),(32,'192.168.0.200','playerVirtual3_905614','playerVirtual3','192.168.0.200','playerVirtual1146','playerVirtual3_905614',0,1,1,2048,20,'2018-03-04 13:54:26','2018-03-04 13:54:26'),(33,'192.168.0.200','playerVirtual4_470485660','playerVirtual4','192.168.0.200','playerVirtual5','playerVirtual5_d67f9b52e4',1,1,2,4096,40,'2018-03-04 13:55:25',NULL),(34,'192.168.0.200','playerVirtual5_5792765','playerVirtual5','192.168.0.200','playerVirtual6','playerVirtual6_0374987d00',1,1,1,512,1,'2018-03-04 13:55:55',NULL),(35,'192.168.0.200','playerVirtual2_30788568','playerVirtual2','192.168.0.200','playerVirtual4','playerVirtual4_6b08833584',1,1,1,512,1,'2018-03-04 13:56:11',NULL),(36,'192.168.0.200','playerVirtual3_400453824','playerVirtual3','192.168.0.200','playerVirtual6','playerVirtual6_cdf39fd014',1,1,1,512,1,'2018-03-04 13:58:00',NULL),(37,'192.168.0.200','playerVirtual6_38671842','playerVirtual6','192.168.0.200','playerVirtual8','playerVirtual8_94a9074457',1,1,1,512,1,'2018-03-04 13:59:08',NULL),(38,'192.168.0.200','playerVirtual4_4819935267','playerVirtual4','192.168.0.200','playerVirtual6','playerVirtual6_adb26bac96',1,1,2,4096,40,'2018-03-04 13:59:47',NULL),(39,'192.168.0.200','playerVirtual2_6264344062','playerVirtual2','192.168.0.200','playerVirtual4','playerVirtual4_92e76af7b8',3,1,1,512,1,'2018-03-04 14:00:27','2018-03-04 14:43:21'),(40,'192.168.0.200','playerVirtual5_4820217293','playerVirtual5','192.168.0.200','playerVirtual2','playerVirtual2_a525079965',1,1,2,4096,40,'2018-03-04 14:00:34',NULL),(41,'192.168.0.200','playerVirtual3_1095593','playerVirtual3','192.168.0.200','playerVirtual8','playerVirtual8_19af83567f',3,1,1,512,1,'2018-03-04 14:02:54','2018-03-04 14:36:42'),(42,'192.168.0.200','playerVirtual6_2148750930','playerVirtual6','192.168.0.200','playerVirtual8','playerVirtual8_35b9aaf3be',1,1,1,2048,20,'2018-03-04 14:02:55',NULL),(43,'192.168.0.200','playerVirtual4_563574327','playerVirtual4','192.168.0.200','playerVirtual9','playerVirtual9_3280deb28b',1,1,1,2048,20,'2018-03-04 14:04:01',NULL),(44,'192.168.0.200','playerVirtual8_227443932','playerVirtual8','192.168.0.200','playerVirtual1130','playerVirtual8_227443932',0,1,1,2048,20,'2018-03-04 14:04:12','2018-03-04 14:04:12'),(45,'192.168.0.200','playerVirtual5_16915963','playerVirtual5','192.168.0.200','playerVirtual6','playerVirtual6_305f02e262',1,1,1,2048,20,'2018-03-04 14:04:37',NULL),(46,'192.168.0.200','playerVirtual3_272887063','playerVirtual3','192.168.0.200','playerVirtual8','playerVirtual8_9b5acdced9',3,1,1,2048,20,'2018-03-04 14:06:48','2018-03-04 14:16:48'),(47,'192.168.0.200','playerVirtual8_4820204870','playerVirtual8','192.168.0.200','playerVirtual9','playerVirtual9_7ec9819846',1,1,2,4096,40,'2018-03-04 14:07:53',NULL),(48,'192.168.0.200','playerVirtual6_6274355716','playerVirtual6','192.168.0.200','playerVirtual1130','playerVirtual6_6274355716',0,1,1,512,1,'2018-03-04 14:08:02','2018-03-04 14:08:02'),(49,'192.168.0.200','playerVirtual2_38676294','playerVirtual2','192.168.0.200','playerVirtual6','playerVirtual6_62b25fde37',1,1,1,512,1,'2018-03-04 14:08:19',NULL),(50,'192.168.0.200','playerVirtual9_5623125514','playerVirtual9','192.168.0.200','playerVirtual10','playerVirtual10_ea9b3a96d7',1,1,1,2048,20,'2018-03-04 14:09:29',NULL),(51,'192.168.0.200','playerVirtual4_182859403','playerVirtual4','192.168.0.200','playerVirtual8','playerVirtual8_a0bbcf3e00',3,1,1,512,1,'2018-03-04 14:09:41','2018-03-04 14:14:10'),(52,'192.168.0.200','playerVirtual5_990694203','playerVirtual5','192.168.0.200','playerVirtual1130','playerVirtual5_990694203',0,1,1,2048,20,'2018-03-04 14:11:00','2018-03-04 14:11:00'),(53,'192.168.0.200','playerVirtual9_6282149131','playerVirtual9','192.168.0.200','playerVirtual10','playerVirtual10_d5c483cfbd',1,1,1,512,1,'2018-03-04 14:13:47',NULL),(54,'192.168.0.200','playerVirtual6_4476462938','playerVirtual6','192.168.0.200','playerVirtual11','playerVirtual11_466965461b',1,1,1,2048,20,'2018-03-04 14:13:49',NULL),(55,'192.168.0.200','playerVirtual2_272887063','playerVirtual2','192.168.0.200','playerVirtual5','playerVirtual5_89bc2d59a9',3,1,1,2048,20,'2018-03-04 14:14:24','2018-03-04 15:52:59'),(56,'192.168.0.200','playerVirtual8_6280643141','playerVirtual8','192.168.0.200','playerVirtual10','playerVirtual10_d506f0a1a8',1,1,1,512,1,'2018-03-04 14:14:55',NULL),(57,'192.168.0.200','playerVirtual10_6280638724','playerVirtual10','192.168.0.200','playerVirtual1772','playerVirtual10_6280638724',0,1,1,512,1,'2018-03-04 14:16:25','2018-03-04 14:16:25'),(58,'192.168.0.200','playerVirtual6_1094955','playerVirtual6','192.168.0.200','playerVirtual12','playerVirtual12_320ee61524',1,1,1,512,1,'2018-03-04 14:19:30',NULL),(59,'192.168.0.200','playerVirtual8_6285257156','playerVirtual8','192.168.0.200','playerVirtual11','playerVirtual11_11dd79fef5',1,1,1,512,1,'2018-03-04 14:19:45',NULL),(60,'192.168.0.200','playerVirtual2_182859403','playerVirtual2','192.168.0.200','playerVirtual8','playerVirtual8_15c6c8a94a',3,1,1,512,1,'2018-03-04 14:20:02','2018-03-04 14:58:43'),(61,'192.168.0.200','playerVirtual4_682797','playerVirtual4','192.168.0.200','playerVirtual10','playerVirtual10_2b3cc45377',1,1,1,2048,20,'2018-03-04 14:20:05',NULL),(62,'192.168.0.200','playerVirtual10_1438244924','playerVirtual10','192.168.0.200','playerVirtual1772','playerVirtual10_1438244924',0,1,1,2048,20,'2018-03-04 14:20:20','2018-03-04 14:20:20'),(63,'192.168.0.200','playerVirtual9_214880781','playerVirtual9','192.168.0.200','playerVirtual12','playerVirtual12_cb58e90ddc',1,1,1,2048,20,'2018-03-04 14:20:56',NULL),(64,'192.168.0.200','playerVirtual5_16914091','playerVirtual5','192.168.0.200','playerVirtual11','playerVirtual11_b9111315f8',1,1,1,2048,20,'2018-03-04 14:21:36',NULL),(65,'192.168.0.200','playerVirtual11_1436323714','playerVirtual11','192.168.0.200','playerVirtual8','playerVirtual8_e59375ebaf',1,1,1,2048,20,'2018-03-04 14:22:02',NULL),(66,'192.168.0.200','playerVirtual3_6955737','playerVirtual3','192.168.0.200','playerVirtual10','playerVirtual10_7eae8bb137',1,1,1,2048,20,'2018-03-04 14:23:33',NULL),(67,'192.168.0.200','playerVirtual4_6289355687','playerVirtual4','192.168.0.200','playerVirtual13','playerVirtual13_a745fdc6d7',1,1,1,512,1,'2018-03-04 14:26:33',NULL),(68,'192.168.0.200','playerVirtual11_1436344784','playerVirtual11','192.168.0.200','playerVirtual12','playerVirtual12_f0be7bd9fc',3,1,1,2048,20,'2018-03-04 14:26:35','2018-03-04 15:39:17'),(69,'192.168.0.200','playerVirtual6_2381571381','playerVirtual6','192.168.0.200','playerVirtual8','playerVirtual8_21cfd0757f',1,1,1,2048,20,'2018-03-04 14:26:37',NULL),(70,'192.168.0.200','playerVirtual9_1438244924','playerVirtual9','192.168.0.200','playerVirtual1450','playerVirtual9_1438244924',0,1,1,2048,20,'2018-03-04 14:27:16','2018-03-04 14:27:16'),(71,'192.168.0.200','playerVirtual5_6289704471','playerVirtual5','192.168.0.200','playerVirtual10','playerVirtual10_ead20f5843',3,1,1,512,1,'2018-03-04 14:27:36','2018-03-04 14:56:51'),(72,'192.168.0.200','playerVirtual8_2378747961','playerVirtual8','192.168.0.200','playerVirtual13','playerVirtual13_1c17d21627',3,1,1,512,1,'2018-03-04 14:27:45','2018-03-04 14:34:04'),(73,'192.168.0.200','playerVirtual12_3338579772','playerVirtual12','192.168.0.200','playerVirtual1450','playerVirtual12_3338579772',0,1,1,2048,20,'2018-03-04 14:28:27','2018-03-04 14:28:27'),(74,'192.168.0.200','playerVirtual13_794070039','playerVirtual13','192.168.0.200','playerVirtual14','playerVirtual14_bdd486edf3',1,1,1,512,1,'2018-03-04 14:34:43',NULL),(75,'192.168.0.200','playerVirtual4_6296268057','playerVirtual4','192.168.0.200','playerVirtual15','playerVirtual15_0a5b5ec234',1,1,1,512,1,'2018-03-04 14:35:59',NULL),(76,'192.168.0.200','playerVirtual12_5297461910','playerVirtual12','192.168.0.200','playerVirtual4','playerVirtual4_502970d33c',1,1,1,512,1,'2018-03-04 14:36:54',NULL),(77,'192.168.0.200','playerVirtual11_6296865278','playerVirtual11','192.168.0.200','playerVirtual10','playerVirtual10_efa5b6022d',1,1,1,512,1,'2018-03-04 14:38:07',NULL),(78,'192.168.0.200','playerVirtual9_6264344062','playerVirtual9','192.168.0.200','playerVirtual13','playerVirtual13_34ed67608e',1,1,1,2048,20,'2018-03-04 14:38:44',NULL),(79,'192.168.0.200','playerVirtual10_6289704471','playerVirtual10','192.168.0.200','playerVirtual16','playerVirtual16_a887569915',3,1,1,2048,20,'2018-03-04 14:39:32','2018-03-04 14:50:08'),(80,'192.168.0.200','playerVirtual5_990694203','playerVirtual5','192.168.0.200','playerVirtual8','playerVirtual8_6982bed74c',1,1,1,2048,20,'2018-03-04 14:39:33',NULL),(81,'192.168.0.200','playerVirtual13_908315','playerVirtual13','192.168.0.200','playerVirtual1656','playerVirtual13_908315',0,1,1,2048,20,'2018-03-04 14:43:44','2018-03-04 14:43:44'),(82,'192.168.0.200','playerVirtual6_182859403','playerVirtual6','192.168.0.200','playerVirtual17','playerVirtual17_45720a9162',1,1,1,512,1,'2018-03-04 14:46:30',NULL),(83,'192.168.0.200','playerVirtual3_539194189','playerVirtual3','192.168.0.200','playerVirtual14','playerVirtual14_ab1da7abaa',1,1,1,2048,20,'2018-03-04 14:47:28',NULL),(84,'192.168.0.200','playerVirtual8_6274355716','playerVirtual8','192.168.0.200','playerVirtual15','playerVirtual15_54ca131055',1,1,1,512,1,'2018-03-04 14:47:32',NULL),(85,'192.168.0.200','playerVirtual4_4246147567','playerVirtual4','192.168.0.200','playerVirtual18','playerVirtual18_3eb918be01',3,1,2,4096,40,'2018-03-04 14:49:04','2018-03-04 15:39:16'),(86,'192.168.0.200','playerVirtual11_4246147567','playerVirtual11','192.168.0.200','playerVirtual13','playerVirtual13_da460195ba',3,1,2,4096,40,'2018-03-04 14:49:44','2018-03-04 15:25:05'),(87,'192.168.0.200','playerVirtual9_4246147567','playerVirtual9','192.168.0.200','playerVirtual16','playerVirtual16_63d757e4bd',3,1,2,4096,40,'2018-03-04 14:50:36','2018-03-04 15:26:05'),(88,'192.168.0.200','playerVirtual15_1095593','playerVirtual15','192.168.0.200','playerVirtual1656','playerVirtual15_1095593',0,1,1,512,1,'2018-03-04 14:51:00','2018-03-04 14:51:00'),(89,'192.168.0.200','playerVirtual12_6289704471','playerVirtual12','192.168.0.200','playerVirtual14','playerVirtual14_101d91b31f',1,1,1,2048,20,'2018-03-04 14:51:18',NULL),(90,'192.168.0.200','playerVirtual14_2378747961','playerVirtual14','192.168.0.200','playerVirtual15','playerVirtual15_fd55f2aab9',1,1,1,512,1,'2018-03-04 14:51:43',NULL),(91,'192.168.0.200','playerVirtual8_4246147567','playerVirtual8','192.168.0.200','playerVirtual19','playerVirtual19_f871eee0ea',3,1,2,4096,40,'2018-03-04 14:57:05','2018-03-04 15:52:36'),(92,'192.168.0.200','playerVirtual6_6316827871','playerVirtual6','192.168.0.200','playerVirtual4','playerVirtual4_51ab413858',1,1,1,512,1,'2018-03-04 14:58:15',NULL),(93,'192.168.0.200','playerVirtual13_4246147567','playerVirtual13','192.168.0.200','playerVirtual10','playerVirtual10_9da33dcc75',3,1,2,4096,40,'2018-03-04 14:58:41','2018-03-04 15:32:22'),(94,'192.168.0.200','playerVirtual16_4246147567','playerVirtual16','192.168.0.200','playerVirtual18','playerVirtual18_853c31e568',3,1,2,4096,40,'2018-03-04 14:58:43','2018-03-04 15:00:46'),(95,'192.168.0.200','playerVirtual3_5068098508','playerVirtual3','192.168.0.200','playerVirtual16','playerVirtual16_98b4779eb5',3,1,1,2048,20,'2018-03-04 14:59:41','2018-03-04 15:38:43'),(96,'192.168.0.200','playerVirtual12_4246147567','playerVirtual12','192.168.0.200','playerVirtual14','playerVirtual14_2a8e62f38e',3,1,2,4096,40,'2018-03-04 15:01:32','2018-03-04 15:42:36'),(97,'192.168.0.200','playerVirtual10_4246147567','playerVirtual10','192.168.0.200','playerVirtual8','playerVirtual8_7595faeafd',3,1,2,4096,40,'2018-03-04 15:02:53','2018-03-04 15:39:55'),(98,'192.168.0.200','playerVirtual14_4246147567','playerVirtual14','192.168.0.200','playerVirtual1068','playerVirtual14_4246147567',0,1,2,4096,40,'2018-03-04 15:08:59','2018-03-04 15:08:59'),(99,'192.168.0.200','playerVirtual18_990694203','playerVirtual18','192.168.0.200','playerVirtual15','playerVirtual15_9843898dc6',3,1,1,2048,20,'2018-03-04 15:10:10','2018-03-04 15:12:12'),(100,'192.168.0.200','playerVirtual6_6322213339','playerVirtual6','192.168.0.200','playerVirtual13','playerVirtual13_23d7835a1c',1,1,1,512,1,'2018-03-04 15:11:59',NULL),(101,'192.168.0.200','playerVirtual3_4246147567','playerVirtual3','192.168.0.200','playerVirtual19','playerVirtual19_0a29d9dc38',3,1,2,4096,40,'2018-03-04 15:13:02','2018-03-04 15:25:16'),(102,'192.168.0.200','playerVirtual11_4246147567','playerVirtual11','192.168.0.200','playerVirtual18','playerVirtual18_340d35f8a2',3,1,2,4096,40,'2018-03-04 15:14:39','2018-03-04 15:25:05'),(103,'192.168.0.200','playerVirtual15_4246147567','playerVirtual15','192.168.0.200','playerVirtual16','playerVirtual16_44639d2775',3,1,2,4096,40,'2018-03-04 15:15:07','2018-03-04 15:44:30'),(104,'192.168.0.200','playerVirtual9_4246147567','playerVirtual9','192.168.0.200','playerVirtual14','playerVirtual14_7ec6aebad8',3,1,2,4096,40,'2018-03-04 15:15:40','2018-03-04 15:26:05'),(105,'192.168.0.200','playerVirtual19_4246147567','playerVirtual19','192.168.0.200','playerVirtual1068','playerVirtual19_4246147567',0,1,2,4096,40,'2018-03-04 15:16:09','2018-03-04 15:16:09'),(106,'192.168.0.200','playerVirtual5_4246147567','playerVirtual5','192.168.0.200','playerVirtual4','playerVirtual4_0bc1a25cbb',3,1,2,4096,40,'2018-03-04 15:21:05','2018-03-04 15:55:56'),(107,'192.168.0.200','playerVirtual16_359920779','playerVirtual16','192.168.0.200','playerVirtual15','playerVirtual15_c0acc89092',1,1,1,512,1,'2018-03-04 15:23:25',NULL),(108,'192.168.0.200','playerVirtual2_4246147567','playerVirtual2','192.168.0.200','playerVirtual5','playerVirtual5_c2606e6c05',3,1,2,4096,40,'2018-03-04 15:23:36','2018-03-04 15:34:04'),(109,'192.168.0.200','playerVirtual8_6335261139','playerVirtual8','192.168.0.200','playerVirtual10','playerVirtual10_5e791b8397',1,1,1,512,1,'2018-03-04 15:23:48',NULL),(110,'192.168.0.200','playerVirtual13_4246147567','playerVirtual13','192.168.0.200','playerVirtual8','playerVirtual8_be1d4708cb',3,1,2,4096,40,'2018-03-04 15:24:22','2018-03-04 15:32:22'),(111,'192.168.0.200','playerVirtual4_4246147567','playerVirtual4','192.168.0.200','playerVirtual13','playerVirtual13_07937b4b03',3,1,2,4096,40,'2018-03-04 15:24:41','2018-03-04 15:39:16'),(112,'192.168.0.200','playerVirtual6_4246147567','playerVirtual6','192.168.0.200','playerVirtual19','playerVirtual19_069142f2e6',3,1,2,4096,40,'2018-03-04 15:26:21','2018-03-04 15:39:57'),(113,'192.168.0.200','playerVirtual12_4246147567','playerVirtual12','192.168.0.200','playerVirtual16','playerVirtual16_740740e565',3,1,2,4096,40,'2018-03-04 15:29:12','2018-03-04 15:42:36'),(114,'192.168.0.200','playerVirtual16_6344084916','playerVirtual16','192.168.0.200','playerVirtual3','playerVirtual16_6344084916',0,0,1,512,1,'2018-03-04 15:29:20','2018-03-04 15:29:20'),(115,'192.168.0.200','playerVirtual10_4246147567','playerVirtual10','192.168.0.200','playerVirtual18','playerVirtual18_7f2d764e98',3,1,2,4096,40,'2018-03-04 15:30:17','2018-03-04 15:39:55'),(116,'192.168.0.200','playerVirtual14_4246147567','playerVirtual14','192.168.0.200','playerVirtual4','playerVirtual4_8806c0e342',1,1,2,4096,40,'2018-03-04 15:36:59',NULL),(117,'192.168.0.200','playerVirtual18_4246147567','playerVirtual18','192.168.0.200','playerVirtual14','playerVirtual14_fb57bb64d5',3,1,2,4096,40,'2018-03-04 15:37:05','2018-03-04 15:38:56'),(118,'192.168.0.200','playerVirtual8_4246147567','playerVirtual8','192.168.0.200','playerVirtual2','playerVirtual2_9666eec15d',3,1,2,4096,40,'2018-03-04 15:40:20','2018-03-04 15:52:36'),(119,'192.168.0.200','playerVirtual15_4246147567','playerVirtual15','192.168.0.200','playerVirtual12','playerVirtual12_2a69ca8944',3,1,2,4096,40,'2018-03-04 15:43:14','2018-03-04 15:44:30'),(120,'192.168.0.200','playerVirtual9_990694203','playerVirtual9','192.168.0.200','playerVirtual7','playerVirtual9_990694203',0,0,1,2048,20,'2018-03-04 15:43:25','2018-03-04 15:43:25'),(121,'192.168.0.200','playerVirtual19_4246147567','playerVirtual19','192.168.0.200','playerVirtual15','playerVirtual15_6c5975fcc7',1,1,2,4096,40,'2018-03-04 15:44:30',NULL),(122,'192.168.0.200','playerVirtual5_4246147567','playerVirtual5','192.168.0.200','playerVirtual10','playerVirtual10_c2e24aa39c',3,1,2,4096,40,'2018-03-04 15:50:07','2018-03-04 15:55:56'),(123,'192.168.0.200','playerVirtual13_4246147567','playerVirtual13','192.168.0.200','playerVirtual5','playerVirtual5_73eee35cac',1,1,2,4096,40,'2018-03-04 15:53:15',NULL),(124,'192.168.0.200','playerVirtual16_272887063','playerVirtual16','192.168.0.200','playerVirtual13','playerVirtual13_2a7d4986a0',1,1,1,2048,20,'2018-03-04 15:53:46',NULL),(125,'192.168.0.200','playerVirtual4_4246147567','playerVirtual4','192.168.0.200','playerVirtual8','playerVirtual8_946effdd21',1,1,2,4096,40,'2018-03-04 15:54:17',NULL),(126,'192.168.0.200','playerVirtual3_4246147567','playerVirtual3','192.168.0.200','playerVirtual12','playerVirtual12_21bc10d5dd',1,1,2,4096,40,'2018-03-04 15:54:21',NULL),(127,'192.168.0.200','playerVirtual11_6566788','playerVirtual11','192.168.0.200','playerVirtual9','playerVirtual11_6566788',0,0,1,2048,20,'2018-03-04 15:54:50','2018-03-04 15:54:50'),(128,'192.168.0.200','playerVirtual6_16917741','playerVirtual6','192.168.0.200','playerVirtual19','playerVirtual19_f3ce7b4709',1,1,1,512,1,'2018-03-04 15:57:02',NULL);
/*!40000 ALTER TABLE `VM` ENABLE KEYS */;
UNLOCK TABLES;
/*!40103 SET TIME_ZONE=@OLD_TIME_ZONE */;

/*!40101 SET SQL_MODE=@OLD_SQL_MODE */;
/*!40014 SET FOREIGN_KEY_CHECKS=@OLD_FOREIGN_KEY_CHECKS */;
/*!40014 SET UNIQUE_CHECKS=@OLD_UNIQUE_CHECKS */;
/*!40101 SET CHARACTER_SET_CLIENT=@OLD_CHARACTER_SET_CLIENT */;
/*!40101 SET CHARACTER_SET_RESULTS=@OLD_CHARACTER_SET_RESULTS */;
/*!40101 SET COLLATION_CONNECTION=@OLD_COLLATION_CONNECTION */;
/*!40111 SET SQL_NOTES=@OLD_SQL_NOTES */;

-- Dump completed on 2018-03-04 12:57:41
