-- MySQL dump 10.14  Distrib 5.5.58-MariaDB, for debian-linux-gnu (x86_64)
--
-- Host: localhost    Database: mct
-- ------------------------------------------------------
-- Server version	5.5.58-MariaDB-1ubuntu0.14.04.1

/*!40101 SET @OLD_CHARACTER_SET_CLIENT=@@CHARACTER_SET_CLIENT */;
/*!40101 SET @OLD_CHARACTER_SET_RESULTS=@@CHARACTER_SET_RESULTS */;
/*!40101 SET @OLD_COLLATION_CONNECTION=@@COLLATION_CONNECTION */;
/*!40101 SET NAMES utf8 */;
/*!40103 SET @OLD_TIME_ZONE=@@TIME_ZONE */;
/*!40103 SET TIME_ZONE='+00:00' */;
/*!40014 SET @OLD_UNIQUE_CHECKS=@@UNIQUE_CHECKS, UNIQUE_CHECKS=0 */;
/*!40014 SET @OLD_FOREIGN_KEY_CHECKS=@@FOREIGN_KEY_CHECKS, FOREIGN_KEY_CHECKS=0 */;
/*!40101 SET @OLD_SQL_MODE=@@SQL_MODE, SQL_MODE='NO_AUTO_VALUE_ON_ZERO' */;
/*!40111 SET @OLD_SQL_NOTES=@@SQL_NOTES, SQL_NOTES=0 */;

--
-- Table structure for table `FIELDS`
--

DROP TABLE IF EXISTS `FIELDS`;
/*!40101 SET @saved_cs_client     = @@character_set_client */;
/*!40101 SET character_set_client = utf8 */;
CREATE TABLE `FIELDS` (
  `operation` int(11) NOT NULL,
  `fields` varchar(45) NOT NULL,
  PRIMARY KEY (`operation`)
) ENGINE=InnoDB DEFAULT CHARSET=utf8;
/*!40101 SET character_set_client = @saved_cs_client */;

--
-- Dumping data for table `FIELDS`
--

LOCK TABLES `FIELDS` WRITE;
/*!40000 ALTER TABLE `FIELDS` DISABLE KEYS */;
INSERT INTO `FIELDS` VALUES (0,'name mem image vcpus disk uuid');
/*!40000 ALTER TABLE `FIELDS` ENABLE KEYS */;
UNLOCK TABLES;

--
-- Table structure for table `PLAYER`
--

DROP TABLE IF EXISTS `PLAYER`;
/*!40101 SET @saved_cs_client     = @@character_set_client */;
/*!40101 SET character_set_client = utf8 */;
CREATE TABLE `PLAYER` (
  `id` int(11) NOT NULL AUTO_INCREMENT,
  `name` varchar(45) NOT NULL,
  `address` varchar(45) NOT NULL,
  `division` int(11) DEFAULT NULL,
  `score` float DEFAULT '0',
  `history` int(11) DEFAULT '0',
  `fairness` float DEFAULT '0',
  `accepts` int(11) DEFAULT '0',
  `rejects` int(11) DEFAULT '0',
  `running` int(11) DEFAULT '0',
  `finished` int(11) DEFAULT '0',
  `problem_del` int(11) DEFAULT '0',
  `vcpus` int(11) DEFAULT '0',
  `memory` bigint(20) DEFAULT '0',
  `local_gb` bigint(20) DEFAULT '0',
  `vcpus_used` bigint(20) DEFAULT '0',
  `memory_used` bigint(20) DEFAULT '0',
  `local_gb_used` bigint(20) DEFAULT '0',
  `max_instance` int(11) DEFAULT '0',
  `token` varchar(45) DEFAULT NULL,
  `suspend` timestamp NULL DEFAULT NULL,
  `enabled` int(11) DEFAULT '0',
  `last_choice` timestamp NOT NULL DEFAULT '2018-01-01 02:00:00',
  `playoff` tinyint(1) DEFAULT '0',
  PRIMARY KEY (`id`)
) ENGINE=InnoDB AUTO_INCREMENT=29 DEFAULT CHARSET=utf8;
/*!40101 SET character_set_client = @saved_cs_client */;

--
-- Dumping data for table `PLAYER`
--

LOCK TABLES `PLAYER` WRITE;
/*!40000 ALTER TABLE `PLAYER` DISABLE KEYS */;
INSERT INTO `PLAYER` VALUES (1,'playerVirtual1','192.168.0.200',4,-2,0,1,1,2,0,1,0,1023,1047552,10230,0,0,0,1,'1a8aa7dad190fc96717885ceeebf666889189e74',NULL,0,'2018-02-28 22:39:01',1),(2,'playerVirtual2','192.168.0.200',1,11.28,29,0.6875,7,0,6,1,0,1023,1047552,10230,10,18944,181,9,'218e67c6cd83e4afe65477d4375ad42c4f6925cc',NULL,1,'2018-03-01 00:24:06',0),(3,'playerVirtual3','192.168.0.200',3,1.32,28,0.866667,2,2,2,0,0,1023,1047552,10230,3,4608,41,2,'5c5aeb2b65c5f1a75f588862c9d94406bf7dbdf5',NULL,1,'2018-03-01 00:46:21',0),(4,'playerVirtual4','192.168.0.200',1,10.63,27,0.769231,13,0,7,6,0,1023,1047552,10230,7,8192,64,9,'cfa7e6da8e14e78d8b710fbf7b229b6ad91a4d42',NULL,1,'2018-03-01 00:46:08',0),(5,'playerVirtual0','192.168.0.200',4,-10,0,1,0,5,0,0,0,1023,1047552,10230,0,0,0,99,'73338cd6d34af45559f4f64d6cc65365d7e63c06',NULL,0,'2018-02-28 22:50:01',1),(6,'playerVirtual5','192.168.0.200',1,9.96,26,0.818182,8,0,5,3,0,1023,1047552,10230,7,11264,102,5,'5e01df4093bace968a7dab6a14c7b2fdc98a4d37',NULL,1,'2018-03-01 00:57:08',0),(7,'playerVirtual6','192.168.0.200',2,7.31,25,1,7,0,7,0,0,1023,1047552,10230,8,10240,84,7,'1f082c8f883f298041c2a328b62280dcd61e8c35',NULL,1,'2018-02-28 23:11:16',0),(8,'playerVirtual1693','192.168.0.200',4,-4,0,0,0,2,0,0,0,1023,1047552,10230,0,0,0,99,'b00deda7e1133fc519e4942a001c5ec8ac2f7552',NULL,0,'2018-02-28 22:57:20',1),(9,'playerVirtual7','192.168.0.200',3,1.33,24,0,1,1,1,0,0,1023,1047552,10230,1,512,1,1,'a53296d92ea7378c5d300b011537d05769f999d5',NULL,1,'2018-03-01 00:56:40',0),(10,'playerVirtual8','192.168.0.200',2,8.64,23,0.625,13,0,7,6,0,1023,1047552,10230,8,13312,122,9,'5fb0db00cd5298b03293d64175feb8f217054037',NULL,1,'2018-03-01 00:33:24',0),(11,'playerVirtual9','192.168.0.200',3,2.66,22,0.75,3,0,2,1,0,1023,1047552,10230,2,2560,21,2,'ee4943522ceaae35fd64529bdcfe4fb94ee40206',NULL,1,'2018-02-28 23:41:01',0),(12,'playerVirtual1917','192.168.0.200',4,-6,0,0,0,3,0,0,0,1023,1047552,10230,0,0,0,99,'fb31cfb3749e4b6cab10038eb8185bb459b67033',NULL,0,'2018-02-28 23:14:00',1),(13,'playerVirtual10','192.168.0.200',1,9.96,21,0.4,10,0,5,5,0,1023,1047552,10230,5,7168,62,8,'d43e899c6c42c0b247a266f395e8f3928f6857e6',NULL,1,'2018-03-01 00:47:23',0),(14,'playerVirtual11','192.168.0.200',2,8.63,20,1,6,0,3,3,0,1023,1047552,10230,4,6656,61,3,'db66fb33fcf9f4614624a00705f7f19fd7909ae0',NULL,1,'2018-03-01 00:55:43',0),(15,'playerVirtual1632','192.168.0.200',4,-4,0,0,0,2,0,0,0,1023,1047552,10230,0,0,0,99,'f6c561ed134962be56f368456a86ac1263fe28e6',NULL,0,'2018-02-28 23:23:25',1),(16,'playerVirtual12','192.168.0.200',3,1.33,19,0.8,3,1,3,0,0,1023,1047552,10230,3,4608,41,3,'3f07a90f8ddaf0cd4ab59767039333d4aa84aa4f',NULL,1,'2018-03-01 00:57:17',0),(17,'playerVirtual13','192.168.0.200',2,7.3,18,0.8,7,0,3,4,0,1023,1047552,10230,3,6144,60,5,'e464ce2d9e8e059fa64cccfc9a0f32f3aeb8ea48',NULL,1,'2018-03-01 00:57:46',0),(18,'playerVirtual1137','192.168.0.200',4,-2,0,0,0,1,0,0,0,1023,1047552,10230,0,0,0,99,'6240dd7b120dadfda65015397ab5d736ed6ea35c',NULL,0,'2018-02-28 23:30:12',1),(19,'playerVirtual14','192.168.0.200',2,0.66,6,0.666667,5,0,2,3,0,1023,1047552,10230,1,-1024,-18,5,'1e393fe1c831a9fdd2efb9b52e63b8914f966794',NULL,1,'2018-03-01 00:44:51',1),(20,'playerVirtual15','192.168.0.200',2,7.3,16,0.333333,5,0,2,3,0,1023,1047552,10230,2,1024,2,5,'a09d64d7382ba2555e2931fa8afd81da984e7984',NULL,1,'2018-03-01 00:57:33',0),(21,'playerVirtual16','192.168.0.200',3,3.32,15,0.666667,4,0,3,1,0,1023,1047552,10230,3,4608,41,3,'89776e389c2e1ff0880f846bbd427b56a7b22caf',NULL,1,'2018-03-01 00:39:29',0),(22,'playerVirtual1189','192.168.0.200',4,-4,0,0,0,2,0,0,0,1023,1047552,10230,0,0,0,99,'af1021146d403e72a0e3baf84ab0f7b693181346',NULL,0,'2018-02-28 23:54:35',1),(23,'playerVirtual17','192.168.0.200',3,1.33,14,0,1,0,1,0,0,1023,1047552,10230,1,512,1,1,'3c8777f3c09cdcf43c79bcb2669339fcf08614ae',NULL,1,'2018-02-28 23:49:14',0),(24,'playerVirtual18','192.168.0.200',2,7.96,13,0.666667,4,0,0,4,0,1023,1047552,10230,0,0,0,3,'380d265281fb07543f776de7133f61764b3f9348',NULL,1,'2018-03-01 00:39:47',0),(25,'playerVirtual19','192.168.0.200',2,4.65,12,0.5,5,0,3,2,0,1023,1047552,10230,4,5120,42,7,'75db8509d45cd5c0a9c18e417574e9899106f267',NULL,1,'2018-03-01 00:59:57',0),(26,'playerVirtual1525','192.168.0.200',4,-2,0,0,0,1,0,0,0,1023,1047552,10230,0,0,0,99,'2bc4af0b03452dff2908ee970c97f7db3789d016',NULL,0,'2018-03-01 00:05:58',1),(27,'playerVirtual1502','192.168.0.200',4,-2,0,0,0,1,0,0,0,1023,1047552,10230,0,0,0,99,'1659ea069e1349a53075e28597395f3fdd9e3ae0',NULL,0,'2018-03-01 00:32:07',1),(28,'playerVirtual1114','192.168.0.200',3,0,0,0,0,0,0,0,0,1023,1047552,10230,0,0,0,99,'8b0f072c1c3a2e395fc288c58de051c2383487ea',NULL,1,'2018-01-01 02:00:00',0);
/*!40000 ALTER TABLE `PLAYER` ENABLE KEYS */;
UNLOCK TABLES;

--
-- Table structure for table `REQUEST`
--

DROP TABLE IF EXISTS `REQUEST`;
/*!40101 SET @saved_cs_client     = @@character_set_client */;
/*!40101 SET character_set_client = utf8 */;
CREATE TABLE `REQUEST` (
  `id` int(11) NOT NULL AUTO_INCREMENT,
  `player_id` varchar(45) NOT NULL,
  `request_id` varchar(45) NOT NULL,
  `action` int(11) NOT NULL,
  `timestamp_received` timestamp NULL DEFAULT NULL,
  `timestamp_finished` timestamp NULL DEFAULT NULL,
  `status` int(11) NOT NULL,
  PRIMARY KEY (`id`)
) ENGINE=InnoDB AUTO_INCREMENT=594 DEFAULT CHARSET=utf8;
/*!40101 SET character_set_client = @saved_cs_client */;

--
-- Dumping data for table `REQUEST`
--

LOCK TABLES `REQUEST` WRITE;
/*!40000 ALTER TABLE `REQUEST` DISABLE KEYS */;
INSERT INTO `REQUEST` VALUES (1,'playerVirtual1','playerVirtual1_9bedb32d9d',4,'2018-02-28 22:31:41',NULL,0),(2,'playerVirtual2','playerVirtual2_8cb8c19fec',4,'2018-02-28 22:31:41',NULL,0),(3,'playerVirtual1','playerVirtual1_450512000',0,'2018-02-28 22:32:42',NULL,0),(4,'playerVirtual1','playerVirtual1_450512000',0,'2018-02-28 22:32:42',NULL,0),(5,'playerVirtual2','playerVirtual2_1438244924',0,'2018-02-28 22:32:44',NULL,0),(6,'playerVirtual2','playerVirtual2_1438244924',0,'2018-02-28 22:32:44',NULL,0),(7,'playerVirtual1','playerVirtual1_eb804893f9',3,'2018-02-28 22:33:42',NULL,0),(8,'playerVirtual2','playerVirtual2_539f86355c',3,'2018-02-28 22:33:44',NULL,0),(9,'playerVirtual1','playerVirtual1_640692267',0,'2018-02-28 22:34:47',NULL,0),(10,'playerVirtual1','playerVirtual1_640692267',0,'2018-02-28 22:34:47',NULL,0),(11,'playerVirtual2','playerVirtual2_2381571381',0,'2018-02-28 22:34:48',NULL,0),(12,'playerVirtual2','playerVirtual2_2381571381',0,'2018-02-28 22:34:49',NULL,0),(13,'playerVirtual1','playerVirtual1_5dbd0f1767',4,'2018-02-28 22:35:47',NULL,0),(14,'playerVirtual2','playerVirtual2_34bcbd8099',4,'2018-02-28 22:35:49',NULL,0),(15,'playerVirtual3','playerVirtual3_4773c63b27',4,'2018-02-28 22:36:40',NULL,0),(16,'playerVirtual1','playerVirtual1_5297461910',0,'2018-02-28 22:36:51',NULL,0),(17,'playerVirtual1','playerVirtual1_5297461910',0,'2018-02-28 22:36:51',NULL,0),(18,'playerVirtual2','playerVirtual2_2790332778',0,'2018-02-28 22:36:56',NULL,0),(19,'playerVirtual2','playerVirtual2_2790332778',0,'2018-02-28 22:36:56',NULL,0),(20,'playerVirtual1','playerVirtual1_5408be7cf2',3,'2018-02-28 22:37:51',NULL,0),(21,'playerVirtual3','playerVirtual3_369721705',0,'2018-02-28 22:37:53',NULL,0),(22,'playerVirtual3','playerVirtual3_369721705',0,'2018-02-28 22:37:53',NULL,0),(23,'playerVirtual2','playerVirtual2_51b1d7787b',3,'2018-02-28 22:37:56',NULL,0),(24,'playerVirtual3','playerVirtual3_cd36968dcb',3,'2018-02-28 22:38:53',NULL,0),(25,'playerVirtual1','playerVirtual1_317469422',0,'2018-02-28 22:39:00',NULL,0),(26,'playerVirtual1','playerVirtual1_317469422',0,'2018-02-28 22:39:00',NULL,0),(27,'playerVirtual2','playerVirtual2_6955737',0,'2018-02-28 22:39:01',NULL,0),(28,'playerVirtual2','playerVirtual2_6955737',0,'2018-02-28 22:39:02',NULL,0),(29,'playerVirtual3','playerVirtual3_257338104',0,'2018-02-28 22:39:54',NULL,0),(30,'playerVirtual3','playerVirtual3_257338104',0,'2018-02-28 22:39:54',NULL,0),(31,'playerVirtual1','playerVirtual1_41054cb4d1',4,'2018-02-28 22:40:00',NULL,0),(32,'playerVirtual2','playerVirtual2_f170ec20df',4,'2018-02-28 22:40:02',NULL,0),(33,'playerVirtual3','playerVirtual3_f977e917e1',4,'2018-02-28 22:40:54',NULL,0),(34,'playerVirtual2','playerVirtual2_2433236783',0,'2018-02-28 22:41:10',NULL,0),(35,'playerVirtual2','playerVirtual2_2433236783',0,'2018-02-28 22:41:10',NULL,0),(36,'playerVirtual4','playerVirtual4_d147cf1eb7',4,'2018-02-28 22:41:39',NULL,0),(37,'playerVirtual0','playerVirtual0_bc95e75e5b',4,'2018-02-28 22:41:48',NULL,0),(38,'playerVirtual3','playerVirtual3_3338579772',0,'2018-02-28 22:42:07',NULL,0),(39,'playerVirtual3','playerVirtual3_3338579772',0,'2018-02-28 22:42:08',NULL,0),(40,'playerVirtual2','playerVirtual2_bfd1f0acdc',3,'2018-02-28 22:42:10',NULL,0),(41,'playerVirtual4','playerVirtual4_257407216',0,'2018-02-28 22:42:53',NULL,0),(42,'playerVirtual3','playerVirtual3_46f6a538d9',3,'2018-02-28 22:43:07',NULL,0),(43,'playerVirtual0','playerVirtual0_182859403',0,'2018-02-28 22:43:09',NULL,0),(44,'playerVirtual2','playerVirtual2_2359368952',0,'2018-02-28 22:43:27',NULL,0),(45,'playerVirtual2','playerVirtual2_2359368952',0,'2018-02-28 22:43:27',NULL,0),(46,'playerVirtual4','playerVirtual4_0649549e60',3,'2018-02-28 22:43:54',NULL,0),(47,'playerVirtual0','playerVirtual0_66738add84',3,'2018-02-28 22:44:09',NULL,0),(48,'playerVirtual3','playerVirtual3_16917741',0,'2018-02-28 22:44:22',NULL,0),(49,'playerVirtual3','playerVirtual3_16917741',0,'2018-02-28 22:44:22',NULL,0),(50,'playerVirtual2','playerVirtual2_b93652544a',4,'2018-02-28 22:44:27',NULL,0),(51,'playerVirtual4','playerVirtual4_2545640208',0,'2018-02-28 22:45:16',NULL,0),(52,'playerVirtual4','playerVirtual4_2545640208',0,'2018-02-28 22:45:16',NULL,0),(53,'playerVirtual3','playerVirtual3_bde4627913',4,'2018-02-28 22:45:22',NULL,0),(54,'playerVirtual0','playerVirtual0_908315',0,'2018-02-28 22:45:25',NULL,0),(55,'playerVirtual0','playerVirtual0_908315',0,'2018-02-28 22:45:26',NULL,0),(56,'playerVirtual2','playerVirtual2_539194189',0,'2018-02-28 22:45:56',NULL,0),(57,'playerVirtual2','playerVirtual2_539194189',0,'2018-02-28 22:45:56',NULL,0),(58,'playerVirtual4','playerVirtual4_a048fea881',4,'2018-02-28 22:46:16',NULL,0),(59,'playerVirtual0','playerVirtual0_0333377822',4,'2018-02-28 22:46:25',NULL,0),(60,'playerVirtual5','playerVirtual5_8d902a7116',4,'2018-02-28 22:46:43',NULL,0),(61,'playerVirtual2','playerVirtual2_4d08ef402d',3,'2018-02-28 22:46:56',NULL,0),(62,'playerVirtual3','playerVirtual3_4820204870',0,'2018-02-28 22:47:34',NULL,0),(63,'playerVirtual3','playerVirtual3_4820204870',0,'2018-02-28 22:47:34',NULL,0),(64,'playerVirtual3','playerVirtual3_24f434b9bb',3,'2018-02-28 22:48:34',NULL,0),(65,'playerVirtual4','playerVirtual4_8058564',0,'2018-02-28 22:49:11',NULL,0),(66,'playerVirtual4','playerVirtual4_8058564',0,'2018-02-28 22:49:11',NULL,0),(67,'playerVirtual0','playerVirtual0_1429160667',0,'2018-02-28 22:49:27',NULL,0),(68,'playerVirtual0','playerVirtual0_1429160667',0,'2018-02-28 22:49:27',NULL,0),(69,'playerVirtual2','playerVirtual2_82730999',0,'2018-02-28 22:49:50',NULL,0),(70,'playerVirtual2','playerVirtual2_82730999',0,'2018-02-28 22:49:50',NULL,0),(71,'playerVirtual5','playerVirtual5_3338010893',0,'2018-02-28 22:50:01',NULL,0),(72,'playerVirtual5','playerVirtual5_3338010893',0,'2018-02-28 22:50:01',NULL,0),(73,'playerVirtual4','playerVirtual4_d4f598f461',3,'2018-02-28 22:50:11',NULL,0),(74,'playerVirtual0','playerVirtual0_fa20d70e06',3,'2018-02-28 22:50:27',NULL,0),(75,'playerVirtual3','playerVirtual3_351652724',0,'2018-02-28 22:50:47',NULL,0),(76,'playerVirtual3','playerVirtual3_351652724',0,'2018-02-28 22:50:47',NULL,0),(77,'playerVirtual2','playerVirtual2_9731eda3fe',4,'2018-02-28 22:50:50',NULL,0),(78,'playerVirtual5','playerVirtual5_50dc688de5',3,'2018-02-28 22:51:01',NULL,0),(79,'playerVirtual4','playerVirtual4_6571218',0,'2018-02-28 22:51:42',NULL,0),(80,'playerVirtual4','playerVirtual4_6571218',0,'2018-02-28 22:51:42',NULL,0),(81,'playerVirtual6','playerVirtual6_bd15e69d79',4,'2018-02-28 22:51:43',NULL,0),(82,'playerVirtual3','playerVirtual3_f613cd9493',4,'2018-02-28 22:51:47',NULL,0),(83,'playerVirtual5','playerVirtual5_1339662',0,'2018-02-28 22:52:14',NULL,0),(84,'playerVirtual5','playerVirtual5_1339662',0,'2018-02-28 22:52:15',NULL,0),(85,'playerVirtual2','playerVirtual2_1436344784',0,'2018-02-28 22:52:27',NULL,0),(86,'playerVirtual2','playerVirtual2_1436344784',0,'2018-02-28 22:52:27',NULL,0),(87,'playerVirtual4','playerVirtual4_1e7f1c5bc4',4,'2018-02-28 22:52:42',NULL,0),(88,'playerVirtual5','playerVirtual5_66b9095bcb',4,'2018-02-28 22:53:15',NULL,0),(89,'playerVirtual2','playerVirtual2_87c584004b',3,'2018-02-28 22:53:27',NULL,0),(90,'playerVirtual1693','playerVirtual1693_480c3a248f',4,'2018-02-28 22:53:57',NULL,0),(91,'playerVirtual3','playerVirtual3_284794223',0,'2018-02-28 22:54:07',NULL,0),(92,'playerVirtual3','playerVirtual3_284794223',0,'2018-02-28 22:54:07',NULL,0),(93,'playerVirtual3','playerVirtual3_1dff9d4c42',3,'2018-02-28 22:55:07',NULL,0),(94,'playerVirtual6','playerVirtual6_317497342',0,'2018-02-28 22:55:15',NULL,0),(95,'playerVirtual4','playerVirtual4_359920779',0,'2018-02-28 22:55:44',NULL,0),(96,'playerVirtual4','playerVirtual4_359920779',0,'2018-02-28 22:55:44',NULL,0),(97,'playerVirtual6','playerVirtual6_56de326a0a',3,'2018-02-28 22:56:15',NULL,0),(98,'playerVirtual2','playerVirtual2_2904109077',0,'2018-02-28 22:56:24',NULL,0),(99,'playerVirtual2','playerVirtual2_2904109077',0,'2018-02-28 22:56:24',NULL,0),(100,'playerVirtual5','playerVirtual5_904011',0,'2018-02-28 22:56:34',NULL,0),(101,'playerVirtual5','playerVirtual5_904011',0,'2018-02-28 22:56:34',NULL,0),(102,'playerVirtual7','playerVirtual7_0d9e355088',4,'2018-02-28 22:56:39',NULL,0),(103,'playerVirtual4','playerVirtual4_5a32488ebe',3,'2018-02-28 22:56:44',NULL,0),(104,'playerVirtual6','playerVirtual6_1093460',0,'2018-02-28 22:57:17',NULL,0),(105,'playerVirtual6','playerVirtual6_1093460',0,'2018-02-28 22:57:18',NULL,0),(106,'playerVirtual3','playerVirtual3_905614',0,'2018-02-28 22:57:20',NULL,0),(107,'playerVirtual3','playerVirtual3_905614',0,'2018-02-28 22:57:21',NULL,0),(108,'playerVirtual2','playerVirtual2_d2f35dabda',4,'2018-02-28 22:57:24',NULL,0),(109,'playerVirtual1693','playerVirtual1693_257338074',0,'2018-02-28 22:57:30',NULL,0),(110,'playerVirtual5','playerVirtual5_3c57a8dc51',3,'2018-02-28 22:57:34',NULL,0),(111,'playerVirtual6','playerVirtual6_8f45e64e47',4,'2018-02-28 22:58:18',NULL,0),(112,'playerVirtual4','playerVirtual4_470485660',0,'2018-02-28 22:58:18',NULL,0),(113,'playerVirtual4','playerVirtual4_470485660',0,'2018-02-28 22:58:18',NULL,0),(114,'playerVirtual3','playerVirtual3_716953edb8',4,'2018-02-28 22:58:21',NULL,0),(115,'playerVirtual1693','playerVirtual1693_c28def3a14',3,'2018-02-28 22:58:30',NULL,0),(116,'playerVirtual5','playerVirtual5_5792765',0,'2018-02-28 22:58:55',NULL,0),(117,'playerVirtual5','playerVirtual5_5792765',0,'2018-02-28 22:58:56',NULL,0),(118,'playerVirtual2','playerVirtual2_30788568',0,'2018-02-28 22:59:07',NULL,0),(119,'playerVirtual2','playerVirtual2_30788568',0,'2018-02-28 22:59:07',NULL,0),(120,'playerVirtual4','playerVirtual4_e00712e6ef',4,'2018-02-28 22:59:18',NULL,0),(121,'playerVirtual1693','playerVirtual1693_4820318661',0,'2018-02-28 22:59:53',NULL,0),(122,'playerVirtual5','playerVirtual5_cbf99e19c6',4,'2018-02-28 22:59:55',NULL,0),(123,'playerVirtual2','playerVirtual2_b0860987d6',3,'2018-02-28 23:00:07',NULL,0),(124,'playerVirtual7','playerVirtual7_6569547',0,'2018-02-28 23:00:15',NULL,0),(125,'playerVirtual3','playerVirtual3_400453824',0,'2018-02-28 23:00:55',NULL,0),(126,'playerVirtual3','playerVirtual3_400453824',0,'2018-02-28 23:00:55',NULL,0),(127,'playerVirtual7','playerVirtual7_af46669dc1',3,'2018-02-28 23:01:15',NULL,0),(128,'playerVirtual8','playerVirtual8_1080988081',4,'2018-02-28 23:01:48',NULL,0),(129,'playerVirtual3','playerVirtual3_e0a4e6f007',3,'2018-02-28 23:01:56',NULL,0),(130,'playerVirtual6','playerVirtual6_38671842',0,'2018-02-28 23:02:03',NULL,0),(131,'playerVirtual6','playerVirtual6_38671842',0,'2018-02-28 23:02:03',NULL,0),(132,'playerVirtual4','playerVirtual4_4819935267',0,'2018-02-28 23:02:41',NULL,0),(133,'playerVirtual4','playerVirtual4_4819935267',0,'2018-02-28 23:02:41',NULL,0),(134,'playerVirtual7','playerVirtual7_5068098508',0,'2018-02-28 23:02:53',NULL,0),(135,'playerVirtual6','playerVirtual6_494f2b99e7',3,'2018-02-28 23:03:03',NULL,0),(136,'playerVirtual2','playerVirtual2_6264344062',0,'2018-02-28 23:03:24',NULL,0),(137,'playerVirtual2','playerVirtual2_6264344062',0,'2018-02-28 23:03:24',NULL,0),(138,'playerVirtual5','playerVirtual5_4820217293',0,'2018-02-28 23:03:34',NULL,0),(139,'playerVirtual5','playerVirtual5_4820217293',0,'2018-02-28 23:03:34',NULL,0),(140,'playerVirtual4','playerVirtual4_bf27bb6556',3,'2018-02-28 23:03:41',NULL,0),(141,'playerVirtual7','playerVirtual7_5ccfbe75db',4,'2018-02-28 23:03:54',NULL,0),(142,'playerVirtual2','playerVirtual2_3c59f03374',4,'2018-02-28 23:04:24',NULL,0),(143,'playerVirtual5','playerVirtual5_0b6b58721b',3,'2018-02-28 23:04:34',NULL,0),(144,'playerVirtual3','playerVirtual3_1095593',0,'2018-02-28 23:05:49',NULL,0),(145,'playerVirtual6','playerVirtual6_2148750930',0,'2018-02-28 23:05:49',NULL,0),(146,'playerVirtual3','playerVirtual3_1095593',0,'2018-02-28 23:05:50',NULL,0),(147,'playerVirtual6','playerVirtual6_2148750930',0,'2018-02-28 23:05:50',NULL,0),(148,'playerVirtual9','playerVirtual9_fdbfadef54',4,'2018-02-28 23:06:42',NULL,0),(149,'playerVirtual1917','playerVirtual1917_46d10df315',4,'2018-02-28 23:06:42',NULL,0),(150,'playerVirtual3','playerVirtual3_891631592d',4,'2018-02-28 23:06:49',NULL,0),(151,'playerVirtual6','playerVirtual6_427acfaeeb',4,'2018-02-28 23:06:50',NULL,0),(152,'playerVirtual4','playerVirtual4_563574327',0,'2018-02-28 23:06:54',NULL,0),(153,'playerVirtual4','playerVirtual4_563574327',0,'2018-02-28 23:06:54',NULL,0),(154,'playerVirtual8','playerVirtual8_227443932',0,'2018-02-28 23:07:15',NULL,0),(155,'playerVirtual8','playerVirtual8_227443932',0,'2018-02-28 23:07:16',NULL,0),(156,'playerVirtual2','playerVirtual2_112c8b30b7',3,'2018-02-28 23:07:19',NULL,0),(157,'playerVirtual5','playerVirtual5_16915963',0,'2018-02-28 23:07:37',NULL,0),(158,'playerVirtual5','playerVirtual5_16915963',0,'2018-02-28 23:07:38',NULL,0),(159,'playerVirtual4','playerVirtual4_66f0428c51',4,'2018-02-28 23:07:54',NULL,0),(160,'playerVirtual8','playerVirtual8_f194d11050',3,'2018-02-28 23:08:15',NULL,0),(161,'playerVirtual5','playerVirtual5_fb48015a3a',4,'2018-02-28 23:08:38',NULL,0),(162,'playerVirtual7','playerVirtual7_765651',0,'2018-02-28 23:08:54',NULL,0),(163,'playerVirtual3','playerVirtual3_272887063',0,'2018-02-28 23:09:44',NULL,0),(164,'playerVirtual3','playerVirtual3_272887063',0,'2018-02-28 23:09:44',NULL,0),(165,'playerVirtual7','playerVirtual7_408333d53c',3,'2018-02-28 23:09:54',NULL,0),(166,'playerVirtual3','playerVirtual3_e4cfc037a0',3,'2018-02-28 23:10:44',NULL,0),(167,'playerVirtual6','playerVirtual6_6274355716',0,'2018-02-28 23:10:54',NULL,0),(168,'playerVirtual6','playerVirtual6_6274355716',0,'2018-02-28 23:10:54',NULL,0),(169,'playerVirtual8','playerVirtual8_4820204870',0,'2018-02-28 23:10:57',NULL,0),(170,'playerVirtual8','playerVirtual8_4820204870',0,'2018-02-28 23:10:57',NULL,0),(171,'playerVirtual2','playerVirtual2_38676294',0,'2018-02-28 23:11:16',NULL,0),(172,'playerVirtual2','playerVirtual2_38676294',0,'2018-02-28 23:11:16',NULL,0),(173,'playerVirtual10','playerVirtual10_606fc22b4d',4,'2018-02-28 23:11:47',NULL,0),(174,'playerVirtual6','playerVirtual6_e878fd86d4',3,'2018-02-28 23:11:54',NULL,0),(175,'playerVirtual8','playerVirtual8_6275b54322',4,'2018-02-28 23:11:57',NULL,0),(176,'playerVirtual2','playerVirtual2_7397ecd812',4,'2018-02-28 23:12:17',NULL,0),(177,'playerVirtual9','playerVirtual9_5623125514',0,'2018-02-28 23:12:26',NULL,0),(178,'playerVirtual9','playerVirtual9_5623125514',0,'2018-02-28 23:12:27',NULL,0),(179,'playerVirtual1917','playerVirtual1917_284757920',0,'2018-02-28 23:12:28',NULL,0),(180,'playerVirtual4','playerVirtual4_182859403',0,'2018-02-28 23:12:35',NULL,0),(181,'playerVirtual4','playerVirtual4_182859403',0,'2018-02-28 23:12:35',NULL,0),(182,'playerVirtual9','playerVirtual9_fb451c7bc0',3,'2018-02-28 23:13:26',NULL,0),(183,'playerVirtual1917','playerVirtual1917_8f33abc2f9',3,'2018-02-28 23:13:28',NULL,0),(184,'playerVirtual7','playerVirtual7_990694203',0,'2018-02-28 23:13:32',NULL,0),(185,'playerVirtual4','playerVirtual4_173365b39b',3,'2018-02-28 23:13:35',NULL,0),(186,'playerVirtual5','playerVirtual5_990694203',0,'2018-02-28 23:14:00',NULL,0),(187,'playerVirtual5','playerVirtual5_990694203',0,'2018-02-28 23:14:00',NULL,0),(188,'playerVirtual7','playerVirtual7_8d9182481b',4,'2018-02-28 23:14:33',NULL,0),(189,'playerVirtual5','playerVirtual5_3b16b65e19',3,'2018-02-28 23:15:00',NULL,0),(190,'playerVirtual3','playerVirtual3_4820204870',1,'2018-02-28 23:15:57',NULL,0),(191,'playerVirtual3','playerVirtual3_fce38a75d2',4,'2018-02-28 23:15:58',NULL,0),(192,'playerVirtual3','playerVirtual3_4820204870',1,'2018-02-28 23:15:58',NULL,0),(193,'playerVirtual6','playerVirtual6_6280643141',0,'2018-02-28 23:16:33',NULL,0),(194,'playerVirtual6','playerVirtual6_6280643141',0,'2018-02-28 23:16:34',NULL,0),(195,'playerVirtual11','playerVirtual11_bfd254b0a7',4,'2018-02-28 23:16:41',NULL,0),(196,'playerVirtual9','playerVirtual9_6282149131',0,'2018-02-28 23:16:44',NULL,0),(197,'playerVirtual9','playerVirtual9_6282149131',0,'2018-02-28 23:16:44',NULL,0),(198,'playerVirtual4','playerVirtual4_182859403',1,'2018-02-28 23:17:03',NULL,0),(199,'playerVirtual4','playerVirtual4_e473a3b20c',4,'2018-02-28 23:17:03',NULL,0),(200,'playerVirtual4','playerVirtual4_182859403',1,'2018-02-28 23:17:03',NULL,0),(201,'playerVirtual2','playerVirtual2_272887063',0,'2018-02-28 23:17:20',NULL,0),(202,'playerVirtual2','playerVirtual2_272887063',0,'2018-02-28 23:17:20',NULL,0),(203,'playerVirtual6','playerVirtual6_96e9d83bed',4,'2018-02-28 23:17:34',NULL,0),(204,'playerVirtual9','playerVirtual9_665990fb59',4,'2018-02-28 23:17:44',NULL,0),(205,'playerVirtual5','playerVirtual5_4a97566188',4,'2018-02-28 23:18:04',NULL,0),(206,'playerVirtual8','playerVirtual8_4476462938',0,'2018-02-28 23:18:09',NULL,0),(207,'playerVirtual8','playerVirtual8_4476462938',0,'2018-02-28 23:18:10',NULL,0),(208,'playerVirtual2','playerVirtual2_2d1bde0b52',3,'2018-02-28 23:18:20',NULL,0),(209,'playerVirtual1632','playerVirtual1632_8e934de0cf',4,'2018-02-28 23:18:51',NULL,0),(210,'playerVirtual8','playerVirtual8_3d11c4210b',3,'2018-02-28 23:19:09',NULL,0),(211,'playerVirtual10','playerVirtual10_6280638724',0,'2018-02-28 23:19:32',NULL,0),(212,'playerVirtual10','playerVirtual10_6280638724',0,'2018-02-28 23:19:33',NULL,0),(213,'playerVirtual7','playerVirtual7_e86eda694f',3,'2018-02-28 23:19:33',NULL,0),(214,'playerVirtual3','playerVirtual3_272887063',1,'2018-02-28 23:19:44',NULL,0),(215,'playerVirtual3','playerVirtual3_b3bba7377d',3,'2018-02-28 23:19:44',NULL,0),(216,'playerVirtual3','playerVirtual3_272887063',1,'2018-02-28 23:19:44',NULL,0),(217,'playerVirtual10','playerVirtual10_820b7df4fc',3,'2018-02-28 23:20:32',NULL,0),(218,'playerVirtual12','playerVirtual12_43c2a5bbfa',4,'2018-02-28 23:21:42',NULL,0),(219,'playerVirtual6','playerVirtual6_214880781',0,'2018-02-28 23:22:20',NULL,0),(220,'playerVirtual6','playerVirtual6_214880781',0,'2018-02-28 23:22:20',NULL,0),(221,'playerVirtual8','playerVirtual8_6285257156',0,'2018-02-28 23:22:49',NULL,0),(222,'playerVirtual8','playerVirtual8_6285257156',0,'2018-02-28 23:22:49',NULL,0),(223,'playerVirtual4','playerVirtual4_682797',0,'2018-02-28 23:22:58',NULL,0),(224,'playerVirtual4','playerVirtual4_682797',0,'2018-02-28 23:22:58',NULL,0),(225,'playerVirtual2','playerVirtual2_182859403',0,'2018-02-28 23:22:59',NULL,0),(226,'playerVirtual2','playerVirtual2_182859403',0,'2018-02-28 23:22:59',NULL,0),(227,'playerVirtual6','playerVirtual6_a95106a993',3,'2018-02-28 23:23:20',NULL,0),(228,'playerVirtual10','playerVirtual10_1438244924',0,'2018-02-28 23:23:25',NULL,0),(229,'playerVirtual10','playerVirtual10_1438244924',0,'2018-02-28 23:23:26',NULL,0),(230,'playerVirtual8','playerVirtual8_4dee85844a',4,'2018-02-28 23:23:49',NULL,0),(231,'playerVirtual9','playerVirtual9_1094955',0,'2018-02-28 23:23:53',NULL,0),(232,'playerVirtual9','playerVirtual9_1094955',0,'2018-02-28 23:23:54',NULL,0),(233,'playerVirtual4','playerVirtual4_cf77b29e03',3,'2018-02-28 23:23:58',NULL,0),(234,'playerVirtual2','playerVirtual2_f0fd731cc8',4,'2018-02-28 23:23:59',NULL,0),(235,'playerVirtual10','playerVirtual10_f3c0a18737',4,'2018-02-28 23:24:25',NULL,0),(236,'playerVirtual5','playerVirtual5_16914091',0,'2018-02-28 23:24:30',NULL,0),(237,'playerVirtual5','playerVirtual5_16914091',0,'2018-02-28 23:24:30',NULL,0),(238,'playerVirtual7','playerVirtual7_6955737',0,'2018-02-28 23:24:51',NULL,0),(239,'playerVirtual9','playerVirtual9_b415713cbd',3,'2018-02-28 23:24:54',NULL,0),(240,'playerVirtual11','playerVirtual11_1436323714',0,'2018-02-28 23:24:55',NULL,0),(241,'playerVirtual11','playerVirtual11_1436323714',0,'2018-02-28 23:24:56',NULL,0),(242,'playerVirtual5','playerVirtual5_b6449f12a8',3,'2018-02-28 23:25:30',NULL,0),(243,'playerVirtual7','playerVirtual7_8af5711ee2',4,'2018-02-28 23:25:52',NULL,0),(244,'playerVirtual11','playerVirtual11_f3395dbe98',3,'2018-02-28 23:25:56',NULL,0),(245,'playerVirtual3','playerVirtual3_6955737',0,'2018-02-28 23:26:28',NULL,0),(246,'playerVirtual3','playerVirtual3_6955737',0,'2018-02-28 23:26:29',NULL,0),(247,'playerVirtual13','playerVirtual13_02c7afd4ff',4,'2018-02-28 23:26:41',NULL,0),(248,'playerVirtual3','playerVirtual3_0541d1191e',4,'2018-02-28 23:27:29',NULL,0),(249,'playerVirtual6','playerVirtual6_2381571381',0,'2018-02-28 23:29:22',NULL,0),(250,'playerVirtual6','playerVirtual6_2381571381',0,'2018-02-28 23:29:22',NULL,0),(251,'playerVirtual4','playerVirtual4_6289355687',0,'2018-02-28 23:29:26',NULL,0),(252,'playerVirtual4','playerVirtual4_6289355687',0,'2018-02-28 23:29:26',NULL,0),(253,'playerVirtual11','playerVirtual11_1436344784',0,'2018-02-28 23:29:28',NULL,0),(254,'playerVirtual11','playerVirtual11_1436344784',0,'2018-02-28 23:29:29',NULL,0),(255,'playerVirtual2','playerVirtual2_d8080a3546',3,'2018-02-28 23:29:39',NULL,0),(256,'playerVirtual1137','playerVirtual1137_094dd2de81',4,'2018-02-28 23:29:45',NULL,0),(257,'playerVirtual9','playerVirtual9_1438244924',0,'2018-02-28 23:30:12',NULL,0),(258,'playerVirtual9','playerVirtual9_1438244924',0,'2018-02-28 23:30:12',NULL,0),(259,'playerVirtual6','playerVirtual6_85542f2e6b',4,'2018-02-28 23:30:22',NULL,0),(260,'playerVirtual4','playerVirtual4_7534889ac4',4,'2018-02-28 23:30:26',NULL,0),(261,'playerVirtual11','playerVirtual11_8b490558bd',4,'2018-02-28 23:30:29',NULL,0),(262,'playerVirtual5','playerVirtual5_6289704471',0,'2018-02-28 23:30:35',NULL,0),(263,'playerVirtual5','playerVirtual5_6289704471',0,'2018-02-28 23:30:36',NULL,0),(264,'playerVirtual7','playerVirtual7_ed877dca4a',3,'2018-02-28 23:30:52',NULL,0),(265,'playerVirtual8','playerVirtual8_2378747961',0,'2018-02-28 23:31:05',NULL,0),(266,'playerVirtual8','playerVirtual8_2378747961',0,'2018-02-28 23:31:10',NULL,0),(267,'playerVirtual9','playerVirtual9_7a4062d87d',4,'2018-02-28 23:31:12',NULL,0),(268,'playerVirtual12','playerVirtual12_3338579772',0,'2018-02-28 23:31:21',NULL,0),(269,'playerVirtual12','playerVirtual12_3338579772',0,'2018-02-28 23:31:22',NULL,0),(270,'playerVirtual3','playerVirtual3_3338579772',1,'2018-02-28 23:31:23',NULL,0),(271,'playerVirtual3','playerVirtual3_e28076191e',3,'2018-02-28 23:31:23',NULL,0),(272,'playerVirtual3','playerVirtual3_3338579772',1,'2018-02-28 23:31:23',NULL,0),(273,'playerVirtual5','playerVirtual5_c0364df5bf',4,'2018-02-28 23:31:36',NULL,0),(274,'playerVirtual14','playerVirtual14_5b791eff5d',4,'2018-02-28 23:31:38',NULL,0),(275,'playerVirtual8','playerVirtual8_580499b62d',3,'2018-02-28 23:32:02',NULL,0),(276,'playerVirtual12','playerVirtual12_4bd21b56d0',3,'2018-02-28 23:32:21',NULL,0),(277,'playerVirtual10','playerVirtual10_88695fcb48',3,'2018-02-28 23:32:58',NULL,0),(278,'playerVirtual2','playerVirtual2_1438244924',1,'2018-02-28 23:34:37',NULL,0),(279,'playerVirtual2','playerVirtual2_0c7e136059',4,'2018-02-28 23:34:37',NULL,0),(280,'playerVirtual2','playerVirtual2_1438244924',1,'2018-02-28 23:34:37',NULL,0),(281,'playerVirtual15','playerVirtual15_f92f5da9f1',4,'2018-02-28 23:36:40',NULL,0),(282,'playerVirtual8','playerVirtual8_2378747961',1,'2018-02-28 23:37:09',NULL,0),(283,'playerVirtual8','playerVirtual8_04ff29e563',4,'2018-02-28 23:37:09',NULL,0),(284,'playerVirtual8','playerVirtual8_2378747961',1,'2018-02-28 23:37:09',NULL,0),(285,'playerVirtual13','playerVirtual13_794070039',0,'2018-02-28 23:37:37',NULL,0),(286,'playerVirtual13','playerVirtual13_794070039',0,'2018-02-28 23:37:37',NULL,0),(287,'playerVirtual6','playerVirtual6_6274355716',1,'2018-02-28 23:38:11',NULL,0),(288,'playerVirtual6','playerVirtual6_30cc6a4649',3,'2018-02-28 23:38:11',NULL,0),(289,'playerVirtual6','playerVirtual6_6274355716',1,'2018-02-28 23:38:12',NULL,0),(290,'playerVirtual13','playerVirtual13_97262f3907',3,'2018-02-28 23:38:37',NULL,0),(291,'playerVirtual4','playerVirtual4_6296268057',0,'2018-02-28 23:38:52',NULL,0),(292,'playerVirtual4','playerVirtual4_6296268057',0,'2018-02-28 23:38:52',NULL,0),(293,'playerVirtual3','playerVirtual3_1095593',1,'2018-02-28 23:39:38',NULL,0),(294,'playerVirtual3','playerVirtual3_4ee5b68173',4,'2018-02-28 23:39:38',NULL,0),(295,'playerVirtual3','playerVirtual3_1095593',1,'2018-02-28 23:39:38',NULL,0),(296,'playerVirtual12','playerVirtual12_5297461910',0,'2018-02-28 23:39:48',NULL,0),(297,'playerVirtual12','playerVirtual12_5297461910',0,'2018-02-28 23:39:48',NULL,0),(298,'playerVirtual4','playerVirtual4_5cf187bff0',3,'2018-02-28 23:39:52',NULL,0),(299,'playerVirtual2','playerVirtual2_8874f8f5f5',3,'2018-02-28 23:40:30',NULL,0),(300,'playerVirtual12','playerVirtual12_dc2224b85e',4,'2018-02-28 23:40:48',NULL,0),(301,'playerVirtual11','playerVirtual11_6296865278',0,'2018-02-28 23:41:01',NULL,0),(302,'playerVirtual11','playerVirtual11_6296865278',0,'2018-02-28 23:41:01',NULL,0),(303,'playerVirtual7','playerVirtual7_182859403',0,'2018-02-28 23:41:02',NULL,0),(304,'playerVirtual9','playerVirtual9_6264344062',0,'2018-02-28 23:41:42',NULL,0),(305,'playerVirtual9','playerVirtual9_6264344062',0,'2018-02-28 23:41:42',NULL,0),(306,'playerVirtual16','playerVirtual16_57e201e4fe',4,'2018-02-28 23:41:45',NULL,0),(307,'playerVirtual11','playerVirtual11_13cdc72cd7',3,'2018-02-28 23:42:01',NULL,0),(308,'playerVirtual7','playerVirtual7_42b6980bda',4,'2018-02-28 23:42:03',NULL,0),(309,'playerVirtual5','playerVirtual5_990694203',0,'2018-02-28 23:42:30',NULL,0),(310,'playerVirtual5','playerVirtual5_a988bcd218',3,'2018-02-28 23:42:30',NULL,0),(311,'playerVirtual5','playerVirtual5_990694203',0,'2018-02-28 23:42:30',NULL,0),(312,'playerVirtual10','playerVirtual10_6289704471',0,'2018-02-28 23:42:30',NULL,0),(313,'playerVirtual10','playerVirtual10_6289704471',0,'2018-02-28 23:42:31',NULL,0),(314,'playerVirtual9','playerVirtual9_0afcc7d1cd',3,'2018-02-28 23:42:42',NULL,0),(315,'playerVirtual1189','playerVirtual1189_0d68bd61ed',4,'2018-02-28 23:43:23',NULL,0),(316,'playerVirtual10','playerVirtual10_cadebc4559',4,'2018-02-28 23:43:30',NULL,0),(317,'playerVirtual2','playerVirtual2_6264344062',1,'2018-02-28 23:46:18',NULL,0),(318,'playerVirtual2','playerVirtual2_56b51e8963',4,'2018-02-28 23:46:19',NULL,0),(319,'playerVirtual2','playerVirtual2_6264344062',1,'2018-02-28 23:46:19',NULL,0),(320,'playerVirtual13','playerVirtual13_908315',0,'2018-02-28 23:46:37',NULL,0),(321,'playerVirtual13','playerVirtual13_908315',0,'2018-02-28 23:46:37',NULL,0),(322,'playerVirtual17','playerVirtual17_d77869c6bd',4,'2018-02-28 23:46:42',NULL,0),(323,'playerVirtual14','playerVirtual14_6301942525',0,'2018-02-28 23:46:58',NULL,0),(324,'playerVirtual7','playerVirtual7_ff742cbb32',3,'2018-02-28 23:47:03',NULL,0),(325,'playerVirtual5','playerVirtual5_8fe7deb4cb',4,'2018-02-28 23:47:35',NULL,0),(326,'playerVirtual13','playerVirtual13_1b06787cf1',4,'2018-02-28 23:47:37',NULL,0),(327,'playerVirtual14','playerVirtual14_7d2c1926cc',3,'2018-02-28 23:47:59',NULL,0),(328,'playerVirtual6','playerVirtual6_182859403',0,'2018-02-28 23:49:14',NULL,0),(329,'playerVirtual6','playerVirtual6_182859403',0,'2018-02-28 23:49:14',NULL,0),(330,'playerVirtual6','playerVirtual6_1c3152a989',4,'2018-02-28 23:50:14',NULL,0),(331,'playerVirtual3','playerVirtual3_539194189',0,'2018-02-28 23:50:24',NULL,0),(332,'playerVirtual3','playerVirtual3_539194189',0,'2018-02-28 23:50:25',NULL,0),(333,'playerVirtual8','playerVirtual8_6274355716',0,'2018-02-28 23:50:46',NULL,0),(334,'playerVirtual8','playerVirtual8_6274355716',0,'2018-02-28 23:50:47',NULL,0),(335,'playerVirtual3','playerVirtual3_3c667e2111',3,'2018-02-28 23:51:24',NULL,0),(336,'playerVirtual18','playerVirtual18_8471d516ba',4,'2018-02-28 23:51:43',NULL,0),(337,'playerVirtual8','playerVirtual8_b94943aa7d',3,'2018-02-28 23:51:46',NULL,0),(338,'playerVirtual4','playerVirtual4_4246147567',0,'2018-02-28 23:51:56',NULL,0),(339,'playerVirtual4','playerVirtual4_4246147567',0,'2018-02-28 23:51:57',NULL,0),(340,'playerVirtual2','playerVirtual2_1436344784',1,'2018-02-28 23:52:14',NULL,0),(341,'playerVirtual2','playerVirtual2_bd28039d68',3,'2018-02-28 23:52:15',NULL,0),(342,'playerVirtual2','playerVirtual2_1436344784',1,'2018-02-28 23:52:15',NULL,0),(343,'playerVirtual11','playerVirtual11_4246147567',0,'2018-02-28 23:52:37',NULL,0),(344,'playerVirtual11','playerVirtual11_4246147567',0,'2018-02-28 23:52:37',NULL,0),(345,'playerVirtual4','playerVirtual4_890f04fb22',4,'2018-02-28 23:52:57',NULL,0),(346,'playerVirtual10','playerVirtual10_6289704471',1,'2018-02-28 23:53:15',NULL,0),(347,'playerVirtual10','playerVirtual10_e726e52ba2',3,'2018-02-28 23:53:15',NULL,0),(348,'playerVirtual10','playerVirtual10_6289704471',1,'2018-02-28 23:53:18',NULL,0),(349,'playerVirtual9','playerVirtual9_4246147567',0,'2018-02-28 23:53:33',NULL,0),(350,'playerVirtual9','playerVirtual9_4246147567',0,'2018-02-28 23:53:33',NULL,0),(351,'playerVirtual11','playerVirtual11_14e938dbf4',4,'2018-02-28 23:53:37',NULL,0),(352,'playerVirtual15','playerVirtual15_1095593',0,'2018-02-28 23:53:52',NULL,0),(353,'playerVirtual15','playerVirtual15_1095593',0,'2018-02-28 23:53:53',NULL,0),(354,'playerVirtual12','playerVirtual12_6289704471',0,'2018-02-28 23:54:16',NULL,0),(355,'playerVirtual12','playerVirtual12_6289704471',0,'2018-02-28 23:54:20',NULL,0),(356,'playerVirtual9','playerVirtual9_634b6099be',4,'2018-02-28 23:54:33',NULL,0),(357,'playerVirtual14','playerVirtual14_2378747961',0,'2018-02-28 23:54:35',NULL,0),(358,'playerVirtual14','playerVirtual14_2378747961',0,'2018-02-28 23:54:36',NULL,0),(359,'playerVirtual15','playerVirtual15_02a49f7a5d',3,'2018-02-28 23:54:53',NULL,0),(360,'playerVirtual12','playerVirtual12_b1ed9f266e',3,'2018-02-28 23:55:16',NULL,0),(361,'playerVirtual14','playerVirtual14_8ce59ab172',4,'2018-02-28 23:55:36',NULL,0),(362,'playerVirtual15','playerVirtual15_1095593',1,'2018-02-28 23:56:07',NULL,0),(363,'playerVirtual15','playerVirtual15_c55b17c656',4,'2018-02-28 23:56:07',NULL,0),(364,'playerVirtual15','playerVirtual15_1095593',1,'2018-02-28 23:56:07',NULL,0),(365,'playerVirtual19','playerVirtual19_28e23b8c14',4,'2018-02-28 23:56:43',NULL,0),(366,'playerVirtual7','playerVirtual7_6dcc34fe4f',4,'2018-02-28 23:59:39',NULL,0),(367,'playerVirtual5','playerVirtual5_6289704471',1,'2018-02-28 23:59:52',NULL,0),(368,'playerVirtual5','playerVirtual5_428d8b2858',3,'2018-02-28 23:59:52',NULL,0),(369,'playerVirtual5','playerVirtual5_6289704471',1,'2018-02-28 23:59:52',NULL,0),(370,'playerVirtual8','playerVirtual8_990694203',0,'2018-03-01 00:00:35',NULL,0),(371,'playerVirtual8','playerVirtual8_990694203',0,'2018-03-01 00:00:39',NULL,0),(372,'playerVirtual6','playerVirtual6_6316827871',0,'2018-03-01 00:01:08',NULL,0),(373,'playerVirtual6','playerVirtual6_6316827871',0,'2018-03-01 00:01:08',NULL,0),(374,'playerVirtual4','playerVirtual4_4246147567',1,'2018-03-01 00:01:22',NULL,0),(375,'playerVirtual4','playerVirtual4_df41591fcc',3,'2018-03-01 00:01:22',NULL,0),(376,'playerVirtual4','playerVirtual4_4246147567',1,'2018-03-01 00:01:22',NULL,0),(377,'playerVirtual13','playerVirtual13_4246147567',0,'2018-03-01 00:01:24',NULL,0),(378,'playerVirtual13','playerVirtual13_4246147567',0,'2018-03-01 00:01:25',NULL,0),(379,'playerVirtual2','playerVirtual2_182859403',1,'2018-03-01 00:01:27',NULL,0),(380,'playerVirtual2','playerVirtual2_d308f77593',4,'2018-03-01 00:01:27',NULL,0),(381,'playerVirtual2','playerVirtual2_182859403',1,'2018-03-01 00:01:27',NULL,0),(382,'playerVirtual8','playerVirtual8_03eb45da99',4,'2018-03-01 00:01:32',NULL,0),(383,'playerVirtual16','playerVirtual16_4246147567',0,'2018-03-01 00:01:43',NULL,0),(384,'playerVirtual16','playerVirtual16_4246147567',0,'2018-03-01 00:01:43',NULL,0),(385,'playerVirtual6','playerVirtual6_d8c2c65e54',3,'2018-03-01 00:02:08',NULL,0),(386,'playerVirtual13','playerVirtual13_a075aef53b',3,'2018-03-01 00:02:24',NULL,0),(387,'playerVirtual3','playerVirtual3_5068098508',0,'2018-03-01 00:02:39',NULL,0),(388,'playerVirtual3','playerVirtual3_5068098508',0,'2018-03-01 00:02:45',NULL,0),(389,'playerVirtual16','playerVirtual16_b627dc774f',3,'2018-03-01 00:02:45',NULL,0),(390,'playerVirtual3','playerVirtual3_1f76890cc2',4,'2018-03-01 00:03:38',NULL,0),(391,'playerVirtual16','playerVirtual16_4246147567',1,'2018-03-01 00:03:47',NULL,0),(392,'playerVirtual16','playerVirtual16_c569d51e2e',4,'2018-03-01 00:03:47',NULL,0),(393,'playerVirtual16','playerVirtual16_4246147567',1,'2018-03-01 00:03:52',NULL,0),(394,'playerVirtual11','playerVirtual11_4246147567',1,'2018-03-01 00:04:09',NULL,0),(395,'playerVirtual11','playerVirtual11_23c93ab3f5',3,'2018-03-01 00:04:09',NULL,0),(396,'playerVirtual11','playerVirtual11_4246147567',1,'2018-03-01 00:04:10',NULL,0),(397,'playerVirtual12','playerVirtual12_4246147567',0,'2018-03-01 00:04:28',NULL,0),(398,'playerVirtual12','playerVirtual12_4246147567',0,'2018-03-01 00:04:28',NULL,0),(399,'playerVirtual9','playerVirtual9_4246147567',1,'2018-03-01 00:05:02',NULL,0),(400,'playerVirtual9','playerVirtual9_5256c2e764',3,'2018-03-01 00:05:03',NULL,0),(401,'playerVirtual9','playerVirtual9_4246147567',1,'2018-03-01 00:05:03',NULL,0),(402,'playerVirtual12','playerVirtual12_29f8452c57',4,'2018-03-01 00:05:28',NULL,0),(403,'playerVirtual5','playerVirtual5_904011',1,'2018-03-01 00:05:41',NULL,0),(404,'playerVirtual5','playerVirtual5_11c6d40df0',4,'2018-03-01 00:05:41',NULL,0),(405,'playerVirtual5','playerVirtual5_904011',1,'2018-03-01 00:05:41',NULL,0),(406,'playerVirtual1525','playerVirtual1525_253b1a155f',4,'2018-03-01 00:05:55',NULL,0),(407,'playerVirtual10','playerVirtual10_4246147567',0,'2018-03-01 00:05:58',NULL,0),(408,'playerVirtual10','playerVirtual10_4246147567',0,'2018-03-01 00:05:58',NULL,0),(409,'playerVirtual10','playerVirtual10_ffd1cdf873',4,'2018-03-01 00:06:58',NULL,0),(410,'playerVirtual17','playerVirtual17_4246147567',0,'2018-03-01 00:07:17',NULL,0),(411,'playerVirtual17','playerVirtual17_9136f1eab8',3,'2018-03-01 00:08:17',NULL,0),(412,'playerVirtual17','playerVirtual17_4ef9387fe5',4,'2018-03-01 00:09:18',NULL,0),(413,'playerVirtual13','playerVirtual13_4246147567',1,'2018-03-01 00:10:24',NULL,0),(414,'playerVirtual13','playerVirtual13_57a5f3182e',4,'2018-03-01 00:10:24',NULL,0),(415,'playerVirtual13','playerVirtual13_4246147567',1,'2018-03-01 00:10:24',NULL,0),(416,'playerVirtual7','playerVirtual7_1095593',0,'2018-03-01 00:10:29',NULL,0),(417,'playerVirtual2','playerVirtual2_5f11879447',3,'2018-03-01 00:10:56',NULL,0),(418,'playerVirtual7','playerVirtual7_8d76ee17fa',3,'2018-03-01 00:11:29',NULL,0),(419,'playerVirtual14','playerVirtual14_4246147567',0,'2018-03-01 00:11:51',NULL,0),(420,'playerVirtual14','playerVirtual14_4246147567',0,'2018-03-01 00:11:51',NULL,0),(421,'playerVirtual18','playerVirtual18_4246147567',0,'2018-03-01 00:12:45',NULL,0),(422,'playerVirtual18','playerVirtual18_4246147567',0,'2018-03-01 00:12:45',NULL,0),(423,'playerVirtual14','playerVirtual14_5c2f1b4b0c',3,'2018-03-01 00:12:51',NULL,0),(424,'playerVirtual18','playerVirtual18_4543c851ad',3,'2018-03-01 00:13:45',NULL,0),(425,'playerVirtual6','playerVirtual6_6322213339',0,'2018-03-01 00:14:43',NULL,0),(426,'playerVirtual6','playerVirtual6_6322213339',0,'2018-03-01 00:14:44',NULL,0),(427,'playerVirtual18','playerVirtual18_4246147567',1,'2018-03-01 00:14:46',NULL,0),(428,'playerVirtual18','playerVirtual18_a3c14c2cf4',4,'2018-03-01 00:14:46',NULL,0),(429,'playerVirtual18','playerVirtual18_4246147567',1,'2018-03-01 00:14:46',NULL,0),(430,'playerVirtual8','playerVirtual8_990694203',1,'2018-03-01 00:15:11',NULL,0),(431,'playerVirtual8','playerVirtual8_3216efa75d',3,'2018-03-01 00:15:11',NULL,0),(432,'playerVirtual8','playerVirtual8_990694203',1,'2018-03-01 00:15:11',NULL,0),(433,'playerVirtual6','playerVirtual6_7c4457c4ec',4,'2018-03-01 00:15:43',NULL,0),(434,'playerVirtual4','playerVirtual4_359920779',1,'2018-03-01 00:15:56',NULL,0),(435,'playerVirtual4','playerVirtual4_3b638e9361',4,'2018-03-01 00:15:57',NULL,0),(436,'playerVirtual4','playerVirtual4_359920779',1,'2018-03-01 00:15:57',NULL,0),(437,'playerVirtual3','playerVirtual3_4246147567',0,'2018-03-01 00:15:58',NULL,0),(438,'playerVirtual3','playerVirtual3_4246147567',0,'2018-03-01 00:15:58',NULL,0),(439,'playerVirtual10','playerVirtual10_6ff705de84',3,'2018-03-01 00:16:34',NULL,0),(440,'playerVirtual3','playerVirtual3_1bae7b9c42',3,'2018-03-01 00:16:58',NULL,0),(441,'playerVirtual11','playerVirtual11_4246147567',0,'2018-03-01 00:17:25',NULL,0),(442,'playerVirtual11','playerVirtual11_5871510ccb',4,'2018-03-01 00:17:25',NULL,0),(443,'playerVirtual11','playerVirtual11_4246147567',0,'2018-03-01 00:17:25',NULL,0),(444,'playerVirtual15','playerVirtual15_4246147567',0,'2018-03-01 00:17:59',NULL,0),(445,'playerVirtual15','playerVirtual15_4246147567',0,'2018-03-01 00:18:00',NULL,0),(446,'playerVirtual9','playerVirtual9_4246147567',0,'2018-03-01 00:18:38',NULL,0),(447,'playerVirtual9','playerVirtual9_d1ce41cb0f',4,'2018-03-01 00:18:38',NULL,0),(448,'playerVirtual9','playerVirtual9_4246147567',0,'2018-03-01 00:18:40',NULL,0),(449,'playerVirtual12','playerVirtual12_4246147567',1,'2018-03-01 00:18:51',NULL,0),(450,'playerVirtual12','playerVirtual12_6363e196eb',3,'2018-03-01 00:18:51',NULL,0),(451,'playerVirtual12','playerVirtual12_4246147567',1,'2018-03-01 00:18:52',NULL,0),(452,'playerVirtual15','playerVirtual15_3b8f4e90da',3,'2018-03-01 00:19:00',NULL,0),(453,'playerVirtual19','playerVirtual19_4246147567',0,'2018-03-01 00:19:02',NULL,0),(454,'playerVirtual19','playerVirtual19_4246147567',0,'2018-03-01 00:19:03',NULL,0),(455,'playerVirtual14','playerVirtual14_4246147567',1,'2018-03-01 00:19:27',NULL,0),(456,'playerVirtual14','playerVirtual14_109fe6660f',4,'2018-03-01 00:19:28',NULL,0),(457,'playerVirtual14','playerVirtual14_4246147567',1,'2018-03-01 00:19:28',NULL,0),(458,'playerVirtual19','playerVirtual19_2c72da8826',3,'2018-03-01 00:20:03',NULL,0),(459,'playerVirtual15','playerVirtual15_4246147567',1,'2018-03-01 00:20:14',NULL,0),(460,'playerVirtual15','playerVirtual15_c8b11e035e',4,'2018-03-01 00:20:14',NULL,0),(461,'playerVirtual15','playerVirtual15_4246147567',1,'2018-03-01 00:20:14',NULL,0),(462,'playerVirtual19','playerVirtual19_4246147567',1,'2018-03-01 00:21:04',NULL,0),(463,'playerVirtual19','playerVirtual19_efbdc52de2',4,'2018-03-01 00:21:04',NULL,0),(464,'playerVirtual19','playerVirtual19_4246147567',1,'2018-03-01 00:21:05',NULL,0),(465,'playerVirtual5','playerVirtual5_4246147567',0,'2018-03-01 00:24:06',NULL,0),(466,'playerVirtual5','playerVirtual5_4246147567',0,'2018-03-01 00:24:06',NULL,0),(467,'playerVirtual5','playerVirtual5_3cb7837729',3,'2018-03-01 00:25:06',NULL,0),(468,'playerVirtual7','playerVirtual7_4246147567',0,'2018-03-01 00:26:10',NULL,0),(469,'playerVirtual16','playerVirtual16_359920779',0,'2018-03-01 00:26:24',NULL,0),(470,'playerVirtual16','playerVirtual16_359920779',0,'2018-03-01 00:26:25',NULL,0),(471,'playerVirtual2','playerVirtual2_4246147567',0,'2018-03-01 00:26:32',NULL,0),(472,'playerVirtual2','playerVirtual2_4246147567',0,'2018-03-01 00:26:33',NULL,0),(473,'playerVirtual7','playerVirtual7_061ab16fa5',4,'2018-03-01 00:27:10',NULL,0),(474,'playerVirtual8','playerVirtual8_4246147567',0,'2018-03-01 00:27:16',NULL,0),(475,'playerVirtual13','playerVirtual13_4246147567',0,'2018-03-01 00:27:16',NULL,0),(476,'playerVirtual13','playerVirtual13_b415c5be1d',3,'2018-03-01 00:27:17',NULL,0),(477,'playerVirtual8','playerVirtual8_4246147567',0,'2018-03-01 00:27:17',NULL,0),(478,'playerVirtual13','playerVirtual13_4246147567',0,'2018-03-01 00:27:17',NULL,0),(479,'playerVirtual16','playerVirtual16_4ed700179e',3,'2018-03-01 00:27:25',NULL,0),(480,'playerVirtual2','playerVirtual2_c232ec410f',4,'2018-03-01 00:27:33',NULL,0),(481,'playerVirtual4','playerVirtual4_4246147567',0,'2018-03-01 00:27:33',NULL,0),(482,'playerVirtual4','playerVirtual4_fae75e93c4',3,'2018-03-01 00:27:33',NULL,0),(483,'playerVirtual4','playerVirtual4_4246147567',0,'2018-03-01 00:27:34',NULL,0),(484,'playerVirtual11','playerVirtual11_4246147567',1,'2018-03-01 00:27:57',NULL,0),(485,'playerVirtual11','playerVirtual11_e68c193555',3,'2018-03-01 00:27:57',NULL,0),(486,'playerVirtual11','playerVirtual11_4246147567',1,'2018-03-01 00:27:58',NULL,0),(487,'playerVirtual3','playerVirtual3_4246147567',1,'2018-03-01 00:28:12',NULL,0),(488,'playerVirtual3','playerVirtual3_22f46c11b3',4,'2018-03-01 00:28:12',NULL,0),(489,'playerVirtual3','playerVirtual3_4246147567',1,'2018-03-01 00:28:12',NULL,0),(490,'playerVirtual8','playerVirtual8_d8a31dc70a',4,'2018-03-01 00:28:16',NULL,0),(491,'playerVirtual9','playerVirtual9_4246147567',1,'2018-03-01 00:29:03',NULL,0),(492,'playerVirtual9','playerVirtual9_04958b182b',3,'2018-03-01 00:29:04',NULL,0),(493,'playerVirtual9','playerVirtual9_4246147567',1,'2018-03-01 00:29:04',NULL,0),(494,'playerVirtual6','playerVirtual6_4246147567',0,'2018-03-01 00:29:10',NULL,0),(495,'playerVirtual6','playerVirtual6_4246147567',0,'2018-03-01 00:29:14',NULL,0),(496,'playerVirtual6','playerVirtual6_55b2896eb9',3,'2018-03-01 00:30:06',NULL,0),(497,'playerVirtual5','playerVirtual5_4246147567',1,'2018-03-01 00:30:55',NULL,0),(498,'playerVirtual5','playerVirtual5_2117e55c62',4,'2018-03-01 00:30:55',NULL,0),(499,'playerVirtual5','playerVirtual5_4246147567',1,'2018-03-01 00:30:56',NULL,0),(500,'playerVirtual1502','playerVirtual1502_6878af7180',4,'2018-03-01 00:31:29',NULL,0),(501,'playerVirtual12','playerVirtual12_4246147567',0,'2018-03-01 00:32:07',NULL,0),(502,'playerVirtual12','playerVirtual12_7823492b5f',4,'2018-03-01 00:32:07',NULL,0),(503,'playerVirtual12','playerVirtual12_4246147567',0,'2018-03-01 00:32:07',NULL,0),(504,'playerVirtual16','playerVirtual16_6344084916',0,'2018-03-01 00:32:22',NULL,0),(505,'playerVirtual16','playerVirtual16_6344084916',0,'2018-03-01 00:32:24',NULL,0),(506,'playerVirtual17','playerVirtual17_4246147567',0,'2018-03-01 00:32:58',NULL,0),(507,'playerVirtual17','playerVirtual17_7caf01525d',3,'2018-03-01 00:32:58',NULL,0),(508,'playerVirtual16','playerVirtual16_cd473713ec',4,'2018-03-01 00:33:21',NULL,0),(509,'playerVirtual10','playerVirtual10_4246147567',0,'2018-03-01 00:33:24',NULL,0),(510,'playerVirtual10','playerVirtual10_ce712ffe42',4,'2018-03-01 00:33:24',NULL,0),(511,'playerVirtual10','playerVirtual10_4246147567',0,'2018-03-01 00:33:29',NULL,0),(512,'playerVirtual17','playerVirtual17_b691e6f7d0',4,'2018-03-01 00:33:59',NULL,0),(513,'playerVirtual13','playerVirtual13_4246147567',1,'2018-03-01 00:35:16',NULL,0),(514,'playerVirtual13','playerVirtual13_3ad37950e8',4,'2018-03-01 00:35:16',NULL,0),(515,'playerVirtual13','playerVirtual13_4246147567',1,'2018-03-01 00:35:16',NULL,0),(516,'playerVirtual2','playerVirtual2_4246147567',1,'2018-03-01 00:37:01',NULL,0),(517,'playerVirtual2','playerVirtual2_2d5124cdaf',3,'2018-03-01 00:37:01',NULL,0),(518,'playerVirtual2','playerVirtual2_4246147567',1,'2018-03-01 00:37:01',NULL,0),(519,'playerVirtual7','playerVirtual7_40f7bb0386',3,'2018-03-01 00:38:00',NULL,0),(520,'playerVirtual18','playerVirtual18_6335261139',0,'2018-03-01 00:39:29',NULL,0),(521,'playerVirtual18','playerVirtual18_6335261139',0,'2018-03-01 00:39:29',NULL,0),(522,'playerVirtual14','playerVirtual14_4246147567',0,'2018-03-01 00:39:47',NULL,0),(523,'playerVirtual14','playerVirtual14_4484130350',3,'2018-03-01 00:39:47',NULL,0),(524,'playerVirtual14','playerVirtual14_4246147567',0,'2018-03-01 00:39:50',NULL,0),(525,'playerVirtual18','playerVirtual18_8ab4639605',3,'2018-03-01 00:40:29',NULL,0),(526,'playerVirtual3','playerVirtual3_5068098508',1,'2018-03-01 00:41:39',NULL,0),(527,'playerVirtual3','playerVirtual3_13b2c7a66e',3,'2018-03-01 00:41:40',NULL,0),(528,'playerVirtual3','playerVirtual3_5068098508',1,'2018-03-01 00:41:40',NULL,0),(529,'playerVirtual8','playerVirtual8_4246147567',1,'2018-03-01 00:41:57',NULL,0),(530,'playerVirtual8','playerVirtual8_27664d58de',3,'2018-03-01 00:41:57',NULL,0),(531,'playerVirtual8','playerVirtual8_4246147567',1,'2018-03-01 00:41:58',NULL,0),(532,'playerVirtual4','playerVirtual4_4246147567',1,'2018-03-01 00:42:08',NULL,0),(533,'playerVirtual4','playerVirtual4_8d6b1f6e9f',4,'2018-03-01 00:42:08',NULL,0),(534,'playerVirtual4','playerVirtual4_4246147567',1,'2018-03-01 00:42:08',NULL,0),(535,'playerVirtual11','playerVirtual11_1436344784',1,'2018-03-01 00:42:09',NULL,0),(536,'playerVirtual11','playerVirtual11_d038de76f1',4,'2018-03-01 00:42:09',NULL,0),(537,'playerVirtual11','playerVirtual11_1436344784',1,'2018-03-01 00:42:09',NULL,0),(538,'playerVirtual6','playerVirtual6_4246147567',1,'2018-03-01 00:42:41',NULL,0),(539,'playerVirtual6','playerVirtual6_c889e032bf',4,'2018-03-01 00:42:42',NULL,0),(540,'playerVirtual6','playerVirtual6_4246147567',1,'2018-03-01 00:42:42',NULL,0),(541,'playerVirtual10','playerVirtual10_f029e6ebd3',3,'2018-03-01 00:43:00',NULL,0),(542,'playerVirtual18','playerVirtual18_6566788',0,'2018-03-01 00:44:51',NULL,0),(543,'playerVirtual18','playerVirtual18_6566788',0,'2018-03-01 00:44:52',NULL,0),(544,'playerVirtual12','playerVirtual12_3fd470ba3b',3,'2018-03-01 00:45:31',NULL,0),(545,'playerVirtual18','playerVirtual18_e117b0ce63',4,'2018-03-01 00:45:51',NULL,0),(546,'playerVirtual15','playerVirtual15_4246147567',0,'2018-03-01 00:46:08',NULL,0),(547,'playerVirtual15','playerVirtual15_ecb9de1b4a',3,'2018-03-01 00:46:08',NULL,0),(548,'playerVirtual15','playerVirtual15_4246147567',0,'2018-03-01 00:46:11',NULL,0),(549,'playerVirtual14','playerVirtual14_4246147567',1,'2018-03-01 00:46:20',NULL,0),(550,'playerVirtual14','playerVirtual14_c6c829a946',4,'2018-03-01 00:46:21',NULL,0),(551,'playerVirtual14','playerVirtual14_4246147567',1,'2018-03-01 00:46:21',NULL,0),(552,'playerVirtual9','playerVirtual9_4246147567',0,'2018-03-01 00:46:21',NULL,0),(553,'playerVirtual9','playerVirtual9_ec9bc735ae',4,'2018-03-01 00:46:22',NULL,0),(554,'playerVirtual9','playerVirtual9_4246147567',0,'2018-03-01 00:46:22',NULL,0),(555,'playerVirtual15','playerVirtual15_4246147567',1,'2018-03-01 00:47:20',NULL,0),(556,'playerVirtual15','playerVirtual15_792adb83af',4,'2018-03-01 00:47:20',NULL,0),(557,'playerVirtual15','playerVirtual15_4246147567',1,'2018-03-01 00:47:20',NULL,0),(558,'playerVirtual19','playerVirtual19_4246147567',0,'2018-03-01 00:47:23',NULL,0),(559,'playerVirtual19','playerVirtual19_4e906ac75e',3,'2018-03-01 00:47:23',NULL,0),(560,'playerVirtual19','playerVirtual19_4246147567',0,'2018-03-01 00:47:23',NULL,0),(561,'playerVirtual19','playerVirtual19_4246147567',1,'2018-03-01 00:48:24',NULL,0),(562,'playerVirtual19','playerVirtual19_3ac756acdc',4,'2018-03-01 00:48:24',NULL,0),(563,'playerVirtual19','playerVirtual19_4246147567',1,'2018-03-01 00:48:25',NULL,0),(564,'playerVirtual5','playerVirtual5_11c073ef4f',3,'2018-03-01 00:52:53',NULL,0),(565,'playerVirtual13','playerVirtual13_4246147567',0,'2018-03-01 00:55:43',NULL,0),(566,'playerVirtual13','playerVirtual13_09daa63ade',3,'2018-03-01 00:55:43',NULL,0),(567,'playerVirtual13','playerVirtual13_4246147567',0,'2018-03-01 00:55:43',NULL,0),(568,'playerVirtual2','playerVirtual2_272887063',1,'2018-03-01 00:55:53',NULL,0),(569,'playerVirtual2','playerVirtual2_578180ce42',4,'2018-03-01 00:55:53',NULL,0),(570,'playerVirtual2','playerVirtual2_272887063',1,'2018-03-01 00:55:54',NULL,0),(571,'playerVirtual7','playerVirtual7_4246147567',0,'2018-03-01 00:56:03',NULL,0),(572,'playerVirtual7','playerVirtual7_5035a52d13',4,'2018-03-01 00:56:04',NULL,0),(573,'playerVirtual16','playerVirtual16_4246147567',0,'2018-03-01 00:56:40',NULL,0),(574,'playerVirtual16','playerVirtual16_7901c18534',3,'2018-03-01 00:56:40',NULL,0),(575,'playerVirtual16','playerVirtual16_4246147567',0,'2018-03-01 00:56:45',NULL,0),(576,'playerVirtual9','playerVirtual9_85e4a60bab',3,'2018-03-01 00:56:51',NULL,0),(577,'playerVirtual4','playerVirtual4_4246147567',0,'2018-03-01 00:57:08',NULL,0),(578,'playerVirtual4','playerVirtual4_d46e14f9b4',3,'2018-03-01 00:57:08',NULL,0),(579,'playerVirtual4','playerVirtual4_4246147567',0,'2018-03-01 00:57:09',NULL,0),(580,'playerVirtual3','playerVirtual3_4246147567',0,'2018-03-01 00:57:17',NULL,0),(581,'playerVirtual3','playerVirtual3_c315eb0793',4,'2018-03-01 00:57:17',NULL,0),(582,'playerVirtual3','playerVirtual3_4246147567',0,'2018-03-01 00:57:17',NULL,0),(583,'playerVirtual8','playerVirtual8_82730999',0,'2018-03-01 00:57:32',NULL,0),(584,'playerVirtual8','playerVirtual8_82730999',0,'2018-03-01 00:57:33',NULL,0),(585,'playerVirtual11','playerVirtual11_6566788',0,'2018-03-01 00:57:46',NULL,0),(586,'playerVirtual11','playerVirtual11_6566788',0,'2018-03-01 00:57:50',NULL,0),(587,'playerVirtual8','playerVirtual8_da2b63f1e4',4,'2018-03-01 00:58:33',NULL,0),(588,'playerVirtual11','playerVirtual11_0276e2c0e1',3,'2018-03-01 00:58:43',NULL,0),(589,'playerVirtual5','playerVirtual5_34624a39c3',4,'2018-03-01 00:58:43',NULL,0),(590,'playerVirtual6','playerVirtual6_4246147567',0,'2018-03-01 00:59:57',NULL,0),(591,'playerVirtual6','playerVirtual6_806d5f686c',3,'2018-03-01 00:59:57',NULL,0),(592,'playerVirtual6','playerVirtual6_4246147567',0,'2018-03-01 00:59:57',NULL,0),(593,'playerVirtual1114','playerVirtual1114_02d2de935f',4,'2018-03-01 01:00:32',NULL,0);
/*!40000 ALTER TABLE `REQUEST` ENABLE KEYS */;
UNLOCK TABLES;

--
-- Table structure for table `STATUS`
--

DROP TABLE IF EXISTS `STATUS`;
/*!40101 SET @saved_cs_client     = @@character_set_client */;
/*!40101 SET character_set_client = utf8 */;
CREATE TABLE `STATUS` (
  `id` int(11) NOT NULL AUTO_INCREMENT,
  `players` int(11) DEFAULT '0',
  `all_requests` int(11) DEFAULT '0',
  `accepts` int(11) DEFAULT '0',
  `rejects` int(11) DEFAULT '0',
  `fairness` float DEFAULT '0',
  `timestamp` timestamp NULL DEFAULT NULL,
  PRIMARY KEY (`id`)
) ENGINE=InnoDB AUTO_INCREMENT=32 DEFAULT CHARSET=utf8;
/*!40101 SET character_set_client = @saved_cs_client */;

--
-- Dumping data for table `STATUS`
--

LOCK TABLES `STATUS` WRITE;
/*!40000 ALTER TABLE `STATUS` DISABLE KEYS */;
INSERT INTO `STATUS` VALUES (1,0,0,0,0,0,'2018-02-28 22:30:33'),(2,2,4,3,1,0.75,'2018-02-28 22:35:33'),(3,3,10,8,2,0.8,'2018-02-28 22:40:33'),(4,5,16,11,5,0.6875,'2018-02-28 22:45:33'),(5,6,22,14,8,0.636364,'2018-02-28 22:50:33'),(6,8,27,18,9,0.666667,'2018-02-28 22:55:33'),(7,9,35,25,10,0.714286,'2018-02-28 23:00:34'),(8,10,40,30,10,0.75,'2018-02-28 23:05:34'),(9,12,46,35,11,0.76087,'2018-02-28 23:10:34'),(10,13,52,39,13,0.75,'2018-02-28 23:15:34'),(11,15,57,42,15,0.736842,'2018-02-28 23:20:34'),(12,16,65,49,16,0.753846,'2018-02-28 23:25:34'),(13,18,70,53,17,0.757143,'2018-02-28 23:30:35'),(14,19,73,56,17,0.767123,'2018-02-28 23:35:35'),(15,20,76,58,18,0.763158,'2018-02-28 23:40:35'),(16,22,80,62,18,0.775,'2018-02-28 23:45:35'),(17,23,83,64,19,0.771084,'2018-02-28 23:50:35'),(18,24,90,70,20,0.777778,'2018-02-28 23:55:35'),(19,25,90,69,21,0.766667,'2018-03-01 00:00:35'),(20,26,96,74,22,0.770833,'2018-03-01 00:05:35'),(21,26,97,74,23,0.762887,'2018-03-01 00:10:36'),(22,26,100,76,24,0.76,'2018-03-01 00:15:36'),(23,26,105,80,25,0.761905,'2018-03-01 00:20:36'),(24,26,106,80,26,0.754717,'2018-03-01 00:25:36'),(25,27,112,86,26,0.767857,'2018-03-01 00:30:36'),(26,27,115,88,27,0.765217,'2018-03-01 00:35:36'),(27,27,117,90,27,0.769231,'2018-03-01 00:40:36'),(28,27,118,91,27,0.771186,'2018-03-01 00:45:36'),(29,27,121,93,28,0.768595,'2018-03-01 00:50:37'),(30,27,121,93,28,0.768595,'2018-03-01 00:55:37'),(31,28,128,98,30,0.765625,'2018-03-01 01:00:37');
/*!40000 ALTER TABLE `STATUS` ENABLE KEYS */;
UNLOCK TABLES;

--
-- Table structure for table `THRESHOLD`
--

DROP TABLE IF EXISTS `THRESHOLD`;
/*!40101 SET @saved_cs_client     = @@character_set_client */;
/*!40101 SET character_set_client = utf8 */;
CREATE TABLE `THRESHOLD` (
  `division` int(11) NOT NULL,
  `botton` float DEFAULT '0',
  `top` float DEFAULT '0',
  PRIMARY KEY (`division`)
) ENGINE=InnoDB DEFAULT CHARSET=utf8;
/*!40101 SET character_set_client = @saved_cs_client */;

--
-- Dumping data for table `THRESHOLD`
--

LOCK TABLES `THRESHOLD` WRITE;
/*!40000 ALTER TABLE `THRESHOLD` DISABLE KEYS */;
INSERT INTO `THRESHOLD` VALUES (1,8.76,20),(2,4.38,8.76),(3,0,4.38);
/*!40000 ALTER TABLE `THRESHOLD` ENABLE KEYS */;
UNLOCK TABLES;

--
-- Table structure for table `VM`
--

DROP TABLE IF EXISTS `VM`;
/*!40101 SET @saved_cs_client     = @@character_set_client */;
/*!40101 SET character_set_client = utf8 */;
CREATE TABLE `VM` (
  `id` int(11) NOT NULL AUTO_INCREMENT,
  `origin_add` varchar(45) NOT NULL,
  `origin_id` varchar(45) NOT NULL,
  `origin_name` varchar(45) NOT NULL,
  `destiny_add` varchar(45) NOT NULL,
  `destiny_name` varchar(45) NOT NULL,
  `destiny_id` varchar(45) NOT NULL,
  `status` tinyint(1) NOT NULL,
  `has_resources` tinyint(1) NOT NULL,
  `vcpus` int(11) NOT NULL,
  `mem` bigint(20) NOT NULL,
  `disk` bigint(20) NOT NULL,
  `timestamp_received` timestamp NULL DEFAULT NULL,
  `timestamp_finished` timestamp NULL DEFAULT NULL,
  PRIMARY KEY (`id`)
) ENGINE=InnoDB AUTO_INCREMENT=129 DEFAULT CHARSET=utf8;
/*!40101 SET character_set_client = @saved_cs_client */;

--
-- Dumping data for table `VM`
--

LOCK TABLES `VM` WRITE;
/*!40000 ALTER TABLE `VM` DISABLE KEYS */;
INSERT INTO `VM` VALUES (1,'192.168.0.200','playerVirtual1_450512000','playerVirtual1','192.168.0.200','playerVirtual2','playerVirtual2_58925bd418',1,1,1,2048,20,'2018-02-28 22:32:42',NULL),(2,'192.168.0.200','playerVirtual2_1438244924','playerVirtual2','192.168.0.200','playerVirtual1','playerVirtual1_90ebafc1aa',3,1,1,2048,20,'2018-02-28 22:32:45','2018-02-28 23:34:37'),(3,'192.168.0.200','playerVirtual1_640692267','playerVirtual1','192.168.0.200','playerVirtual2','playerVirtual2_beceb27605',1,1,1,512,1,'2018-02-28 22:34:48',NULL),(4,'192.168.0.200','playerVirtual2_2381571381','playerVirtual2','192.168.0.200','playerVirtual1','playerVirtual2_2381571381',0,0,1,2048,20,'2018-02-28 22:34:49','2018-02-28 22:34:49'),(5,'192.168.0.200','playerVirtual1_5297461910','playerVirtual1','192.168.0.200','playerVirtual3','playerVirtual3_6427af1055',1,1,1,512,1,'2018-02-28 22:36:51',NULL),(6,'192.168.0.200','playerVirtual2_2790332778','playerVirtual2','192.168.0.200','playerVirtual3','playerVirtual3_f4e44c46ef',1,1,2,4096,40,'2018-02-28 22:36:56',NULL),(7,'192.168.0.200','playerVirtual3_369721705','playerVirtual3','192.168.0.200','playerVirtual2','playerVirtual2_d24903feb9',1,1,2,4096,40,'2018-02-28 22:37:53',NULL),(8,'192.168.0.200','playerVirtual1_317469422','playerVirtual1','192.168.0.200','playerVirtual2','playerVirtual2_a9d2939f64',1,1,2,4096,40,'2018-02-28 22:39:00',NULL),(9,'192.168.0.200','playerVirtual2_6955737','playerVirtual2','192.168.0.200','playerVirtual1','playerVirtual2_6955737',0,0,1,2048,20,'2018-02-28 22:39:02','2018-02-28 22:39:02'),(10,'192.168.0.200','playerVirtual3_257338104','playerVirtual3','192.168.0.200','playerVirtual2','playerVirtual2_f1cadfaeb6',1,1,2,4096,40,'2018-02-28 22:39:54',NULL),(11,'192.168.0.200','playerVirtual2_2433236783','playerVirtual2','192.168.0.200','playerVirtual3','playerVirtual2_2433236783',0,0,1,2048,20,'2018-02-28 22:41:10','2018-02-28 22:41:10'),(12,'192.168.0.200','playerVirtual3_3338579772','playerVirtual3','192.168.0.200','playerVirtual4','playerVirtual4_b74095f08a',3,1,1,2048,20,'2018-02-28 22:42:08','2018-02-28 23:31:24'),(13,'192.168.0.200','playerVirtual2_2359368952','playerVirtual2','192.168.0.200','playerVirtual0','playerVirtual2_2359368952',0,1,1,512,1,'2018-02-28 22:43:27','2018-02-28 22:43:27'),(14,'192.168.0.200','playerVirtual3_16917741','playerVirtual3','192.168.0.200','playerVirtual4','playerVirtual4_7fef317220',1,1,1,512,1,'2018-02-28 22:44:22',NULL),(15,'192.168.0.200','playerVirtual4_2545640208','playerVirtual4','192.168.0.200','playerVirtual0','playerVirtual4_2545640208',0,1,1,2048,20,'2018-02-28 22:45:16','2018-02-28 22:45:16'),(16,'192.168.0.200','playerVirtual0_908315','playerVirtual0','192.168.0.200','playerVirtual4','playerVirtual4_57ad54e325',1,1,1,2048,20,'2018-02-28 22:45:26',NULL),(17,'192.168.0.200','playerVirtual2_539194189','playerVirtual2','192.168.0.200','playerVirtual0','playerVirtual2_539194189',0,1,1,2048,20,'2018-02-28 22:45:56','2018-02-28 22:45:56'),(18,'192.168.0.200','playerVirtual3_4820204870','playerVirtual3','192.168.0.200','playerVirtual5','playerVirtual5_8bc1a538a8',3,1,2,4096,40,'2018-02-28 22:47:35','2018-02-28 23:15:58'),(19,'192.168.0.200','playerVirtual4_8058564','playerVirtual4','192.168.0.200','playerVirtual0','playerVirtual4_8058564',0,1,1,2048,20,'2018-02-28 22:49:11','2018-02-28 22:49:11'),(20,'192.168.0.200','playerVirtual0_1429160667','playerVirtual0','192.168.0.200','playerVirtual4','playerVirtual4_a3230dfc71',1,1,1,2048,20,'2018-02-28 22:49:27',NULL),(21,'192.168.0.200','playerVirtual2_82730999','playerVirtual2','192.168.0.200','playerVirtual5','playerVirtual5_2572be98b1',1,1,1,512,1,'2018-02-28 22:49:50',NULL),(22,'192.168.0.200','playerVirtual5_3338010893','playerVirtual5','192.168.0.200','playerVirtual0','playerVirtual5_3338010893',0,1,1,512,1,'2018-02-28 22:50:01','2018-02-28 22:50:01'),(23,'192.168.0.200','playerVirtual3_351652724','playerVirtual3','192.168.0.200','playerVirtual4','playerVirtual4_1199dd86df',1,1,1,2048,20,'2018-02-28 22:50:47',NULL),(24,'192.168.0.200','playerVirtual4_6571218','playerVirtual4','192.168.0.200','playerVirtual5','playerVirtual5_79fdff2fe1',1,1,1,2048,20,'2018-02-28 22:51:43',NULL),(25,'192.168.0.200','playerVirtual5_1339662','playerVirtual5','192.168.0.200','playerVirtual6','playerVirtual6_4bb04b1d68',1,1,1,2048,20,'2018-02-28 22:52:15',NULL),(26,'192.168.0.200','playerVirtual2_1436344784','playerVirtual2','192.168.0.200','playerVirtual4','playerVirtual4_88c0b9b521',3,1,1,2048,20,'2018-02-28 22:52:28','2018-02-28 23:52:15'),(27,'192.168.0.200','playerVirtual3_284794223','playerVirtual3','192.168.0.200','playerVirtual1693','playerVirtual3_284794223',0,1,1,2048,20,'2018-02-28 22:54:07','2018-02-28 22:54:07'),(28,'192.168.0.200','playerVirtual4_359920779','playerVirtual4','192.168.0.200','playerVirtual5','playerVirtual5_87c2a50945',3,1,1,512,1,'2018-02-28 22:55:44','2018-03-01 00:15:57'),(29,'192.168.0.200','playerVirtual2_2904109077','playerVirtual2','192.168.0.200','playerVirtual6','playerVirtual6_fe8f125633',1,1,1,512,1,'2018-02-28 22:56:24',NULL),(30,'192.168.0.200','playerVirtual5_904011','playerVirtual5','192.168.0.200','playerVirtual4','playerVirtual4_90f57e18fc',3,1,1,2048,20,'2018-02-28 22:56:34','2018-03-01 00:05:41'),(31,'192.168.0.200','playerVirtual6_1093460','playerVirtual6','192.168.0.200','playerVirtual7','playerVirtual7_81e53863b1',1,1,1,512,1,'2018-02-28 22:57:18',NULL),(32,'192.168.0.200','playerVirtual3_905614','playerVirtual3','192.168.0.200','playerVirtual1693','playerVirtual3_905614',0,1,1,2048,20,'2018-02-28 22:57:21','2018-02-28 22:57:21'),(33,'192.168.0.200','playerVirtual4_470485660','playerVirtual4','192.168.0.200','playerVirtual5','playerVirtual5_2157d141b1',1,1,2,4096,40,'2018-02-28 22:58:19',NULL),(34,'192.168.0.200','playerVirtual5_5792765','playerVirtual5','192.168.0.200','playerVirtual6','playerVirtual6_2fe91207b6',1,1,1,512,1,'2018-02-28 22:58:56',NULL),(35,'192.168.0.200','playerVirtual2_30788568','playerVirtual2','192.168.0.200','playerVirtual4','playerVirtual4_431a5e9e5a',1,1,1,512,1,'2018-02-28 22:59:07',NULL),(36,'192.168.0.200','playerVirtual3_400453824','playerVirtual3','192.168.0.200','playerVirtual6','playerVirtual6_3ae7048938',1,1,1,512,1,'2018-02-28 23:00:56',NULL),(37,'192.168.0.200','playerVirtual6_38671842','playerVirtual6','192.168.0.200','playerVirtual8','playerVirtual8_ce5f716c30',1,1,1,512,1,'2018-02-28 23:02:03',NULL),(38,'192.168.0.200','playerVirtual4_4819935267','playerVirtual4','192.168.0.200','playerVirtual6','playerVirtual6_bb410de7e6',1,1,2,4096,40,'2018-02-28 23:02:41',NULL),(39,'192.168.0.200','playerVirtual2_6264344062','playerVirtual2','192.168.0.200','playerVirtual4','playerVirtual4_fe887533f0',3,1,1,512,1,'2018-02-28 23:03:24','2018-02-28 23:46:19'),(40,'192.168.0.200','playerVirtual5_4820217293','playerVirtual5','192.168.0.200','playerVirtual2','playerVirtual2_af6866f7a9',1,1,2,4096,40,'2018-02-28 23:03:34',NULL),(41,'192.168.0.200','playerVirtual3_1095593','playerVirtual3','192.168.0.200','playerVirtual8','playerVirtual8_c2df3437c9',3,1,1,512,1,'2018-02-28 23:05:50','2018-02-28 23:39:38'),(42,'192.168.0.200','playerVirtual6_2148750930','playerVirtual6','192.168.0.200','playerVirtual8','playerVirtual8_8979bd7da7',1,1,1,2048,20,'2018-02-28 23:05:50',NULL),(43,'192.168.0.200','playerVirtual4_563574327','playerVirtual4','192.168.0.200','playerVirtual9','playerVirtual9_012f9745de',1,1,1,2048,20,'2018-02-28 23:06:55',NULL),(44,'192.168.0.200','playerVirtual8_227443932','playerVirtual8','192.168.0.200','playerVirtual1917','playerVirtual8_227443932',0,1,1,2048,20,'2018-02-28 23:07:16','2018-02-28 23:07:16'),(45,'192.168.0.200','playerVirtual5_16915963','playerVirtual5','192.168.0.200','playerVirtual6','playerVirtual6_1e7ce76f4c',1,1,1,2048,20,'2018-02-28 23:07:38',NULL),(46,'192.168.0.200','playerVirtual3_272887063','playerVirtual3','192.168.0.200','playerVirtual8','playerVirtual8_ec7d8fdb02',3,1,1,2048,20,'2018-02-28 23:09:44','2018-02-28 23:19:44'),(47,'192.168.0.200','playerVirtual6_6274355716','playerVirtual6','192.168.0.200','playerVirtual9','playerVirtual9_51e835c1c8',3,1,1,512,1,'2018-02-28 23:10:54','2018-02-28 23:38:12'),(48,'192.168.0.200','playerVirtual8_4820204870','playerVirtual8','192.168.0.200','playerVirtual1917','playerVirtual8_4820204870',0,1,2,4096,40,'2018-02-28 23:10:57','2018-02-28 23:10:57'),(49,'192.168.0.200','playerVirtual2_38676294','playerVirtual2','192.168.0.200','playerVirtual6','playerVirtual6_9f7cc4f9c2',1,1,1,512,1,'2018-02-28 23:11:16',NULL),(50,'192.168.0.200','playerVirtual9_5623125514','playerVirtual9','192.168.0.200','playerVirtual10','playerVirtual10_2d2f9009c0',1,1,1,2048,20,'2018-02-28 23:12:27',NULL),(51,'192.168.0.200','playerVirtual4_182859403','playerVirtual4','192.168.0.200','playerVirtual8','playerVirtual8_fd3dab4528',3,1,1,512,1,'2018-02-28 23:12:35','2018-02-28 23:17:03'),(52,'192.168.0.200','playerVirtual5_990694203','playerVirtual5','192.168.0.200','playerVirtual1917','playerVirtual5_990694203',0,1,1,2048,20,'2018-02-28 23:14:00','2018-02-28 23:14:00'),(53,'192.168.0.200','playerVirtual6_6280643141','playerVirtual6','192.168.0.200','playerVirtual5','playerVirtual5_97c3ee75ff',1,1,1,512,1,'2018-02-28 23:16:34',NULL),(54,'192.168.0.200','playerVirtual9_6282149131','playerVirtual9','192.168.0.200','playerVirtual11','playerVirtual11_c737cc2262',1,1,1,512,1,'2018-02-28 23:16:44',NULL),(55,'192.168.0.200','playerVirtual2_272887063','playerVirtual2','192.168.0.200','playerVirtual10','playerVirtual10_49ee74094e',3,1,1,2048,20,'2018-02-28 23:17:21','2018-03-01 00:55:54'),(56,'192.168.0.200','playerVirtual8_4476462938','playerVirtual8','192.168.0.200','playerVirtual11','playerVirtual11_ec6699994e',1,1,1,2048,20,'2018-02-28 23:18:10',NULL),(57,'192.168.0.200','playerVirtual10_6280638724','playerVirtual10','192.168.0.200','playerVirtual1632','playerVirtual10_6280638724',0,1,1,512,1,'2018-02-28 23:19:33','2018-02-28 23:19:33'),(58,'192.168.0.200','playerVirtual6_214880781','playerVirtual6','192.168.0.200','playerVirtual12','playerVirtual12_2993503e1d',1,1,1,2048,20,'2018-02-28 23:22:20',NULL),(59,'192.168.0.200','playerVirtual8_6285257156','playerVirtual8','192.168.0.200','playerVirtual10','playerVirtual10_56d2ea1c77',1,1,1,512,1,'2018-02-28 23:22:49',NULL),(60,'192.168.0.200','playerVirtual4_682797','playerVirtual4','192.168.0.200','playerVirtual8','playerVirtual8_2239a20078',1,1,1,2048,20,'2018-02-28 23:22:58',NULL),(61,'192.168.0.200','playerVirtual2_182859403','playerVirtual2','192.168.0.200','playerVirtual11','playerVirtual11_d999de104d',3,1,1,512,1,'2018-02-28 23:22:59','2018-03-01 00:01:27'),(62,'192.168.0.200','playerVirtual10_1438244924','playerVirtual10','192.168.0.200','playerVirtual1632','playerVirtual10_1438244924',0,1,1,2048,20,'2018-02-28 23:23:26','2018-02-28 23:23:26'),(63,'192.168.0.200','playerVirtual9_1094955','playerVirtual9','192.168.0.200','playerVirtual12','playerVirtual12_dc0e5aa78f',1,1,1,512,1,'2018-02-28 23:23:54',NULL),(64,'192.168.0.200','playerVirtual5_16914091','playerVirtual5','192.168.0.200','playerVirtual10','playerVirtual10_bcf055cbc9',1,1,1,2048,20,'2018-02-28 23:24:30',NULL),(65,'192.168.0.200','playerVirtual11_1436323714','playerVirtual11','192.168.0.200','playerVirtual8','playerVirtual8_b5a2063b8a',1,1,1,2048,20,'2018-02-28 23:24:56',NULL),(66,'192.168.0.200','playerVirtual3_6955737','playerVirtual3','192.168.0.200','playerVirtual12','playerVirtual12_80c9af204e',1,1,1,2048,20,'2018-02-28 23:26:29',NULL),(67,'192.168.0.200','playerVirtual6_2381571381','playerVirtual6','192.168.0.200','playerVirtual13','playerVirtual13_1262a4ac1c',1,1,1,2048,20,'2018-02-28 23:29:22',NULL),(68,'192.168.0.200','playerVirtual4_6289355687','playerVirtual4','192.168.0.200','playerVirtual10','playerVirtual10_4a0602edeb',1,1,1,512,1,'2018-02-28 23:29:27',NULL),(69,'192.168.0.200','playerVirtual11_1436344784','playerVirtual11','192.168.0.200','playerVirtual8','playerVirtual8_b74ff49cbb',3,1,1,2048,20,'2018-02-28 23:29:29','2018-03-01 00:42:09'),(70,'192.168.0.200','playerVirtual9_1438244924','playerVirtual9','192.168.0.200','playerVirtual1137','playerVirtual9_1438244924',0,1,1,2048,20,'2018-02-28 23:30:12','2018-02-28 23:30:12'),(71,'192.168.0.200','playerVirtual5_6289704471','playerVirtual5','192.168.0.200','playerVirtual13','playerVirtual13_6d02324c0a',3,1,1,512,1,'2018-02-28 23:30:36','2018-02-28 23:59:52'),(72,'192.168.0.200','playerVirtual8_2378747961','playerVirtual8','192.168.0.200','playerVirtual10','playerVirtual10_a3d3ddd06f',3,1,1,512,1,'2018-02-28 23:31:10','2018-02-28 23:37:09'),(73,'192.168.0.200','playerVirtual12_3338579772','playerVirtual12','192.168.0.200','playerVirtual8','playerVirtual8_598bd84fc6',1,1,1,2048,20,'2018-02-28 23:31:22',NULL),(74,'192.168.0.200','playerVirtual13_794070039','playerVirtual13','192.168.0.200','playerVirtual14','playerVirtual14_bdfe3a7f33',1,1,1,512,1,'2018-02-28 23:37:37',NULL),(75,'192.168.0.200','playerVirtual4_6296268057','playerVirtual4','192.168.0.200','playerVirtual15','playerVirtual15_fe7f84af22',1,1,1,512,1,'2018-02-28 23:38:52',NULL),(76,'192.168.0.200','playerVirtual12_5297461910','playerVirtual12','192.168.0.200','playerVirtual4','playerVirtual4_0684862de2',1,1,1,512,1,'2018-02-28 23:39:48',NULL),(77,'192.168.0.200','playerVirtual11_6296865278','playerVirtual11','192.168.0.200','playerVirtual9','playerVirtual9_5516b1425a',1,1,1,512,1,'2018-02-28 23:41:01',NULL),(78,'192.168.0.200','playerVirtual9_6264344062','playerVirtual9','192.168.0.200','playerVirtual13','playerVirtual13_d46aeb7cb6',1,1,1,2048,20,'2018-02-28 23:41:42',NULL),(79,'192.168.0.200','playerVirtual5_990694203','playerVirtual5','192.168.0.200','playerVirtual16','playerVirtual16_e589c8b7ce',1,1,1,2048,20,'2018-02-28 23:42:30',NULL),(80,'192.168.0.200','playerVirtual10_6289704471','playerVirtual10','192.168.0.200','playerVirtual8','playerVirtual8_abcbb2cf2e',3,1,1,2048,20,'2018-02-28 23:42:31','2018-02-28 23:53:18'),(81,'192.168.0.200','playerVirtual13_908315','playerVirtual13','192.168.0.200','playerVirtual1189','playerVirtual13_908315',0,1,1,2048,20,'2018-02-28 23:46:37','2018-02-28 23:46:37'),(82,'192.168.0.200','playerVirtual6_182859403','playerVirtual6','192.168.0.200','playerVirtual17','playerVirtual17_16dfcf3b82',1,1,1,512,1,'2018-02-28 23:49:14',NULL),(83,'192.168.0.200','playerVirtual3_539194189','playerVirtual3','192.168.0.200','playerVirtual10','playerVirtual10_147a69864f',1,1,1,2048,20,'2018-02-28 23:50:25',NULL),(84,'192.168.0.200','playerVirtual8_6274355716','playerVirtual8','192.168.0.200','playerVirtual14','playerVirtual14_117f1c3aa4',1,1,1,512,1,'2018-02-28 23:50:47',NULL),(85,'192.168.0.200','playerVirtual4_4246147567','playerVirtual4','192.168.0.200','playerVirtual18','playerVirtual18_98ef7d295f',3,1,2,4096,40,'2018-02-28 23:51:57','2018-03-01 00:42:08'),(86,'192.168.0.200','playerVirtual11_4246147567','playerVirtual11','192.168.0.200','playerVirtual15','playerVirtual15_4acddca071',3,1,2,4096,40,'2018-02-28 23:52:37','2018-03-01 00:27:58'),(87,'192.168.0.200','playerVirtual9_4246147567','playerVirtual9','192.168.0.200','playerVirtual13','playerVirtual13_8f066ade51',3,1,2,4096,40,'2018-02-28 23:53:33','2018-03-01 00:29:04'),(88,'192.168.0.200','playerVirtual15_1095593','playerVirtual15','192.168.0.200','playerVirtual8','playerVirtual8_c1577c4f36',3,1,1,512,1,'2018-02-28 23:53:53','2018-02-28 23:56:07'),(89,'192.168.0.200','playerVirtual12_6289704471','playerVirtual12','192.168.0.200','playerVirtual16','playerVirtual16_5c5d1f2843',1,1,1,2048,20,'2018-02-28 23:54:20',NULL),(90,'192.168.0.200','playerVirtual14_2378747961','playerVirtual14','192.168.0.200','playerVirtual1189','playerVirtual14_2378747961',0,1,1,512,1,'2018-02-28 23:54:36','2018-02-28 23:54:36'),(91,'192.168.0.200','playerVirtual8_990694203','playerVirtual8','192.168.0.200','playerVirtual19','playerVirtual19_d54f36c371',3,1,1,2048,20,'2018-03-01 00:00:39','2018-03-01 00:15:11'),(92,'192.168.0.200','playerVirtual6_6316827871','playerVirtual6','192.168.0.200','playerVirtual4','playerVirtual4_077af42b81',1,1,1,512,1,'2018-03-01 00:01:08',NULL),(93,'192.168.0.200','playerVirtual13_4246147567','playerVirtual13','192.168.0.200','playerVirtual10','playerVirtual10_0af8122c3d',3,1,2,4096,40,'2018-03-01 00:01:25','2018-03-01 00:35:17'),(94,'192.168.0.200','playerVirtual16_4246147567','playerVirtual16','192.168.0.200','playerVirtual11','playerVirtual11_f8bf557a0a',3,1,2,4096,40,'2018-03-01 00:01:43','2018-03-01 00:03:52'),(95,'192.168.0.200','playerVirtual3_5068098508','playerVirtual3','192.168.0.200','playerVirtual14','playerVirtual14_76c350cfc6',3,1,1,2048,20,'2018-03-01 00:02:45','2018-03-01 00:41:40'),(96,'192.168.0.200','playerVirtual12_4246147567','playerVirtual12','192.168.0.200','playerVirtual18','playerVirtual18_3b9a1fb318',3,1,2,4096,40,'2018-03-01 00:04:28','2018-03-01 00:18:52'),(97,'192.168.0.200','playerVirtual10_4246147567','playerVirtual10','192.168.0.200','playerVirtual1525','playerVirtual10_4246147567',0,1,2,4096,40,'2018-03-01 00:05:58','2018-03-01 00:05:58'),(98,'192.168.0.200','playerVirtual14_4246147567','playerVirtual14','192.168.0.200','playerVirtual15','playerVirtual15_7249e4676c',3,1,2,4096,40,'2018-03-01 00:11:51','2018-03-01 00:46:21'),(99,'192.168.0.200','playerVirtual18_4246147567','playerVirtual18','192.168.0.200','playerVirtual13','playerVirtual13_c097058956',3,1,2,4096,40,'2018-03-01 00:12:45','2018-03-01 00:14:46'),(100,'192.168.0.200','playerVirtual6_6322213339','playerVirtual6','192.168.0.200','playerVirtual8','playerVirtual8_4bcbc48b18',1,1,1,512,1,'2018-03-01 00:14:44',NULL),(101,'192.168.0.200','playerVirtual3_4246147567','playerVirtual3','192.168.0.200','playerVirtual16','playerVirtual16_a302bda759',3,1,2,4096,40,'2018-03-01 00:15:58','2018-03-01 00:28:12'),(102,'192.168.0.200','playerVirtual11_4246147567','playerVirtual11','192.168.0.200','playerVirtual5','playerVirtual5_9ddd92a72a',3,1,2,4096,40,'2018-03-01 00:17:25','2018-03-01 00:27:58'),(103,'192.168.0.200','playerVirtual15_4246147567','playerVirtual15','192.168.0.200','playerVirtual19','playerVirtual19_9aea6d6a37',3,1,2,4096,40,'2018-03-01 00:18:00','2018-03-01 00:47:21'),(104,'192.168.0.200','playerVirtual9_4246147567','playerVirtual9','192.168.0.200','playerVirtual14','playerVirtual14_2d847578ff',2,1,2,4096,40,'2018-03-01 00:18:40','2018-03-01 00:29:13'),(105,'192.168.0.200','playerVirtual19_4246147567','playerVirtual19','192.168.0.200','playerVirtual18','playerVirtual18_14159d9f82',3,1,2,4096,40,'2018-03-01 00:19:03','2018-03-01 00:48:25'),(106,'192.168.0.200','playerVirtual5_4246147567','playerVirtual5','192.168.0.200','playerVirtual2','playerVirtual2_2406d6a126',3,1,2,4096,40,'2018-03-01 00:24:06','2018-03-01 00:30:56'),(107,'192.168.0.200','playerVirtual16_359920779','playerVirtual16','192.168.0.200','playerVirtual19','playerVirtual19_97ad5be13a',1,1,1,512,1,'2018-03-01 00:26:25',NULL),(108,'192.168.0.200','playerVirtual2_4246147567','playerVirtual2','192.168.0.200','playerVirtual4','playerVirtual4_6af0ddcc7f',3,1,2,4096,40,'2018-03-01 00:26:33','2018-03-01 00:37:01'),(109,'192.168.0.200','playerVirtual8_4246147567','playerVirtual8','192.168.0.200','playerVirtual10','playerVirtual10_599881618f',3,1,2,4096,40,'2018-03-01 00:27:17','2018-03-01 00:41:58'),(110,'192.168.0.200','playerVirtual13_4246147567','playerVirtual13','192.168.0.200','playerVirtual11','playerVirtual11_7733268436',3,1,2,4096,40,'2018-03-01 00:27:17','2018-03-01 00:35:17'),(111,'192.168.0.200','playerVirtual4_4246147567','playerVirtual4','192.168.0.200','playerVirtual15','playerVirtual15_c1ab3cab4c',3,1,2,4096,40,'2018-03-01 00:27:34','2018-03-01 00:42:08'),(112,'192.168.0.200','playerVirtual6_4246147567','playerVirtual6','192.168.0.200','playerVirtual13','playerVirtual13_1a59cae921',3,1,2,4096,40,'2018-03-01 00:29:14','2018-03-01 00:42:42'),(113,'192.168.0.200','playerVirtual12_4246147567','playerVirtual12','192.168.0.200','playerVirtual1502','playerVirtual12_4246147567',0,1,2,4096,40,'2018-03-01 00:32:07','2018-03-01 00:32:07'),(114,'192.168.0.200','playerVirtual16_6344084916','playerVirtual16','192.168.0.200','playerVirtual19','playerVirtual19_853c8856ce',1,1,1,512,1,'2018-03-01 00:32:24',NULL),(115,'192.168.0.200','playerVirtual10_4246147567','playerVirtual10','192.168.0.200','playerVirtual8','playerVirtual8_a832699589',1,1,2,4096,40,'2018-03-01 00:33:29',NULL),(116,'192.168.0.200','playerVirtual18_6335261139','playerVirtual18','192.168.0.200','playerVirtual16','playerVirtual16_04e49fb557',1,1,1,512,1,'2018-03-01 00:39:29',NULL),(117,'192.168.0.200','playerVirtual14_4246147567','playerVirtual14','192.168.0.200','playerVirtual18','playerVirtual18_d340e5e79e',3,1,2,4096,40,'2018-03-01 00:39:50','2018-03-01 00:46:21'),(118,'192.168.0.200','playerVirtual18_6566788','playerVirtual18','192.168.0.200','playerVirtual14','playerVirtual14_cd4a296d37',1,1,1,2048,20,'2018-03-01 00:44:52',NULL),(119,'192.168.0.200','playerVirtual15_4246147567','playerVirtual15','192.168.0.200','playerVirtual4','playerVirtual4_95a7d70e56',3,1,2,4096,40,'2018-03-01 00:46:11','2018-03-01 00:47:21'),(120,'192.168.0.200','playerVirtual9_4246147567','playerVirtual9','192.168.0.200','playerVirtual3','playerVirtual9_4246147567',0,0,2,4096,40,'2018-03-01 00:46:22','2018-03-01 00:46:22'),(121,'192.168.0.200','playerVirtual19_4246147567','playerVirtual19','192.168.0.200','playerVirtual10','playerVirtual10_081206470a',3,1,2,4096,40,'2018-03-01 00:47:23','2018-03-01 00:48:25'),(122,'192.168.0.200','playerVirtual13_4246147567','playerVirtual13','192.168.0.200','playerVirtual11','playerVirtual11_6abc9e3dbe',1,1,2,4096,40,'2018-03-01 00:55:43',NULL),(123,'192.168.0.200','playerVirtual16_4246147567','playerVirtual16','192.168.0.200','playerVirtual7','playerVirtual16_4246147567',0,0,2,4096,40,'2018-03-01 00:56:45','2018-03-01 00:56:45'),(124,'192.168.0.200','playerVirtual4_4246147567','playerVirtual4','192.168.0.200','playerVirtual5','playerVirtual5_072f7716f1',1,1,2,4096,40,'2018-03-01 00:57:09',NULL),(125,'192.168.0.200','playerVirtual3_4246147567','playerVirtual3','192.168.0.200','playerVirtual12','playerVirtual3_4246147567',0,0,2,4096,40,'2018-03-01 00:57:18','2018-03-01 00:57:18'),(126,'192.168.0.200','playerVirtual8_82730999','playerVirtual8','192.168.0.200','playerVirtual15','playerVirtual15_00631fb893',1,1,1,512,1,'2018-03-01 00:57:33',NULL),(127,'192.168.0.200','playerVirtual11_6566788','playerVirtual11','192.168.0.200','playerVirtual13','playerVirtual13_a6f91bc424',1,1,1,2048,20,'2018-03-01 00:57:50',NULL),(128,'192.168.0.200','playerVirtual6_4246147567','playerVirtual6','192.168.0.200','playerVirtual19','playerVirtual19_c7f17b0715',1,1,2,4096,40,'2018-03-01 00:59:57',NULL);
/*!40000 ALTER TABLE `VM` ENABLE KEYS */;
UNLOCK TABLES;
/*!40103 SET TIME_ZONE=@OLD_TIME_ZONE */;

/*!40101 SET SQL_MODE=@OLD_SQL_MODE */;
/*!40014 SET FOREIGN_KEY_CHECKS=@OLD_FOREIGN_KEY_CHECKS */;
/*!40014 SET UNIQUE_CHECKS=@OLD_UNIQUE_CHECKS */;
/*!40101 SET CHARACTER_SET_CLIENT=@OLD_CHARACTER_SET_CLIENT */;
/*!40101 SET CHARACTER_SET_RESULTS=@OLD_CHARACTER_SET_RESULTS */;
/*!40101 SET COLLATION_CONNECTION=@OLD_COLLATION_CONNECTION */;
/*!40111 SET SQL_NOTES=@OLD_SQL_NOTES */;

-- Dump completed on 2018-02-28 22:00:38
