-- MySQL dump 10.14  Distrib 5.5.58-MariaDB, for debian-linux-gnu (x86_64)
--
-- Host: localhost    Database: mct
-- ------------------------------------------------------
-- Server version	5.5.58-MariaDB-1ubuntu0.14.04.1

/*!40101 SET @OLD_CHARACTER_SET_CLIENT=@@CHARACTER_SET_CLIENT */;
/*!40101 SET @OLD_CHARACTER_SET_RESULTS=@@CHARACTER_SET_RESULTS */;
/*!40101 SET @OLD_COLLATION_CONNECTION=@@COLLATION_CONNECTION */;
/*!40101 SET NAMES utf8 */;
/*!40103 SET @OLD_TIME_ZONE=@@TIME_ZONE */;
/*!40103 SET TIME_ZONE='+00:00' */;
/*!40014 SET @OLD_UNIQUE_CHECKS=@@UNIQUE_CHECKS, UNIQUE_CHECKS=0 */;
/*!40014 SET @OLD_FOREIGN_KEY_CHECKS=@@FOREIGN_KEY_CHECKS, FOREIGN_KEY_CHECKS=0 */;
/*!40101 SET @OLD_SQL_MODE=@@SQL_MODE, SQL_MODE='NO_AUTO_VALUE_ON_ZERO' */;
/*!40111 SET @OLD_SQL_NOTES=@@SQL_NOTES, SQL_NOTES=0 */;

--
-- Table structure for table `FIELDS`
--

DROP TABLE IF EXISTS `FIELDS`;
/*!40101 SET @saved_cs_client     = @@character_set_client */;
/*!40101 SET character_set_client = utf8 */;
CREATE TABLE `FIELDS` (
  `operation` int(11) NOT NULL,
  `fields` varchar(45) NOT NULL,
  PRIMARY KEY (`operation`)
) ENGINE=InnoDB DEFAULT CHARSET=utf8;
/*!40101 SET character_set_client = @saved_cs_client */;

--
-- Dumping data for table `FIELDS`
--

LOCK TABLES `FIELDS` WRITE;
/*!40000 ALTER TABLE `FIELDS` DISABLE KEYS */;
INSERT INTO `FIELDS` VALUES (0,'name mem image vcpus disk uuid');
/*!40000 ALTER TABLE `FIELDS` ENABLE KEYS */;
UNLOCK TABLES;

--
-- Table structure for table `PLAYER`
--

DROP TABLE IF EXISTS `PLAYER`;
/*!40101 SET @saved_cs_client     = @@character_set_client */;
/*!40101 SET character_set_client = utf8 */;
CREATE TABLE `PLAYER` (
  `id` int(11) NOT NULL AUTO_INCREMENT,
  `name` varchar(45) NOT NULL,
  `address` varchar(45) NOT NULL,
  `division` int(11) DEFAULT NULL,
  `score` float DEFAULT '0',
  `history` int(11) DEFAULT '0',
  `fairness` float DEFAULT '0',
  `accepts` int(11) DEFAULT '0',
  `rejects` int(11) DEFAULT '0',
  `running` int(11) DEFAULT '0',
  `finished` int(11) DEFAULT '0',
  `problem_del` int(11) DEFAULT '0',
  `vcpus` int(11) DEFAULT '0',
  `memory` bigint(20) DEFAULT '0',
  `local_gb` bigint(20) DEFAULT '0',
  `vcpus_used` bigint(20) DEFAULT '0',
  `memory_used` bigint(20) DEFAULT '0',
  `local_gb_used` bigint(20) DEFAULT '0',
  `max_instance` int(11) DEFAULT '0',
  `token` varchar(45) DEFAULT NULL,
  `suspend` timestamp NULL DEFAULT NULL,
  `enabled` int(11) DEFAULT '0',
  `last_choice` timestamp NOT NULL DEFAULT '2018-01-01 02:00:00',
  `playoff` tinyint(1) DEFAULT '0',
  PRIMARY KEY (`id`)
) ENGINE=InnoDB AUTO_INCREMENT=28 DEFAULT CHARSET=utf8;
/*!40101 SET character_set_client = @saved_cs_client */;

--
-- Dumping data for table `PLAYER`
--

LOCK TABLES `PLAYER` WRITE;
/*!40000 ALTER TABLE `PLAYER` DISABLE KEYS */;
INSERT INTO `PLAYER` VALUES (1,'playerVirtual1','192.168.0.200',4,-2,0,1,1,2,0,1,0,1023,1047552,10230,0,0,0,1,'20a87ac52ad86f2b62f6bd93d38a8e54853c4e59',NULL,0,'2018-03-05 12:54:14',1),(2,'playerVirtual2','192.168.0.200',1,10.62,30,0.764706,8,0,7,1,0,1023,1047552,10230,11,19456,182,9,'338d245cb72de7a324f1068fa6af87240ce04647',NULL,1,'2018-03-05 14:59:30',0),(3,'playerVirtual3','192.168.0.200',3,2.32,28,0.875,2,1,2,0,0,1023,1047552,10230,3,4608,41,2,'be4d326bd88b1ec03f331255503af4014906726a',NULL,1,'2018-03-05 12:56:23',0),(4,'playerVirtual4','192.168.0.200',1,10.63,28,0.8,11,0,5,6,0,1023,1047552,10230,6,7680,63,9,'afb93d00f2c05c250521705c92fe389c091e47a6',NULL,1,'2018-03-05 14:42:51',0),(5,'playerVirtual0','192.168.0.200',4,-6,0,0,0,3,0,0,0,1023,1047552,10230,0,0,0,99,'2d40f92cc59f8009216a481096b76e417f4c091c',NULL,0,'2018-03-05 13:04:29',1),(6,'playerVirtual5','192.168.0.200',2,7.31,26,0.7,6,0,5,1,0,1023,1047552,10230,6,6144,44,5,'4543360111b70b6072bf4456724617934d7cb322',NULL,1,'2018-03-05 14:19:49',0),(7,'playerVirtual6','192.168.0.200',2,4.65,25,1,7,0,7,0,0,1023,1047552,10230,8,13312,122,7,'8aad76f0d0c2304313424ad03b72064f5d22e237',NULL,1,'2018-03-05 13:33:10',0),(8,'playerVirtual1004','192.168.0.200',4,-6,0,0,0,3,0,0,0,1023,1047552,10230,0,0,0,99,'d8559452571a70469fea8b97e3632405f14b4263',NULL,0,'2018-03-05 13:14:05',1),(9,'playerVirtual7','192.168.0.200',3,0,24,0,1,0,1,0,0,1023,1047552,10230,1,2048,20,1,'b7ce04077006f3d9fa4747c8a3279b6fbfd3ad4f',NULL,1,'2018-03-05 13:12:28',0),(10,'playerVirtual8','192.168.0.200',1,13.95,24,0.8,11,0,6,5,0,1023,1047552,10230,7,8192,64,9,'e78382eb67771a99a2f95529f920e23302bb7cf4',NULL,1,'2018-03-05 14:54:12',0),(11,'playerVirtual1289','192.168.0.200',4,-8,0,0,0,4,0,0,0,1023,1047552,10230,0,0,0,99,'d8dd3d4b09a2c6b1c96c0e745bc8c16ec8924cfa',NULL,0,'2018-03-05 13:34:41',1),(12,'playerVirtual9','192.168.0.200',3,1.33,22,0.571429,3,0,2,1,0,1023,1047552,10230,2,4096,40,2,'42093f6f4ee6a3cfc891a75896136bb08c666898',NULL,1,'2018-03-05 14:07:36',0),(13,'playerVirtual10','192.168.0.200',1,9.96,22,0.8,9,0,5,4,0,1023,1047552,10230,5,5632,43,8,'f716a58927e6eea785cf868fa220fc3a14cee8ac',NULL,1,'2018-03-05 14:49:24',0),(14,'playerVirtual11','192.168.0.200',3,0,20,0.666667,4,0,3,1,0,1023,1047552,10230,3,6144,60,3,'8bd62b538b49f96fab540b14a9025c034a341625',NULL,1,'2018-03-05 13:46:34',0),(15,'playerVirtual12','192.168.0.200',3,2.66,19,0.8,4,0,3,1,0,1023,1047552,10230,3,3072,22,3,'97e74dcf6fdbc0c41d4b941f37928019b4a84cf2',NULL,1,'2018-03-05 13:52:50',0),(16,'playerVirtual1901','192.168.0.200',4,-4,0,0,0,2,0,0,0,1023,1047552,10230,0,0,0,99,'86636f94d8ad0f5898613180df839b335c29f9e8',NULL,0,'2018-03-05 13:44:46',1),(17,'playerVirtual13','192.168.0.200',2,7.96,18,1,7,0,3,4,0,1023,1047552,10230,3,6144,60,5,'791dcf545400760a6bc7a78fb31ebef4c18edd74',NULL,1,'2018-03-05 15:01:55',0),(18,'playerVirtual14','192.168.0.200',2,7.3,17,0.5,6,0,3,3,0,1023,1047552,10230,3,4608,41,5,'908f11490205b4eaef5ecffb315a8b6a802556e1',NULL,1,'2018-03-05 15:11:22',0),(19,'playerVirtual15','192.168.0.200',3,3.98,16,0.5,5,0,1,4,0,1023,1047552,10230,1,2048,20,5,'c2e4c776635d9a0987f48d8b0e2a4a0bc503d843',NULL,1,'2018-03-05 15:00:11',0),(20,'playerVirtual1713','192.168.0.200',4,-2,0,0,0,1,0,0,0,1023,1047552,10230,0,0,0,99,'97fbeeb5936869cc0e1b9f3dda049870e170f01e',NULL,0,'2018-03-05 13:54:16',1),(21,'playerVirtual16','192.168.0.200',2,7.96,15,1,6,0,0,6,0,1023,1047552,10230,0,0,0,3,'1a2931ad86003aeceb35886c4054a0f480761d93',NULL,1,'2018-03-05 15:00:38',0),(22,'playerVirtual17','192.168.0.200',3,1.33,14,0,1,0,1,0,0,1023,1047552,10230,1,512,1,1,'bffbed400892a94c11808d6c91df1c157b6a6925',NULL,1,'2018-03-05 14:05:14',0),(23,'playerVirtual18','192.168.0.200',2,7.3,13,0,5,0,3,2,0,1023,1047552,10230,4,6656,61,3,'10487185d5c01acbcada21e3e284c53a6f2fc503',NULL,1,'2018-03-05 15:08:37',0),(24,'playerVirtual19','192.168.0.200',2,7.3,12,0.5,4,0,1,3,0,1023,1047552,10230,1,512,1,7,'a57e984ffd6fa2ca706d433e316b5e7cff5c8e46',NULL,1,'2018-03-05 15:02:36',0),(25,'playerVirtual1488','192.168.0.200',4,-2,0,0,0,1,0,0,0,1023,1047552,10230,0,0,0,99,'c45a3a7b6a342b390218c0d9a2267f2141064449',NULL,0,'2018-03-05 14:15:08',1),(26,'playerVirtual1881','192.168.0.200',4,-2,0,0,0,1,0,0,0,1023,1047552,10230,0,0,0,99,'0b7dbf0ba6656a7ad98dc01494d4374517afd31a',NULL,0,'2018-03-05 14:40:09',1),(27,'playerVirtual1368','192.168.0.200',3,-2,1,0,0,1,0,0,0,1023,1047552,10230,0,0,0,99,'3b612b22a288261ac5293702c1479c47faf950ab',NULL,1,'2018-03-05 15:08:23',1);
/*!40000 ALTER TABLE `PLAYER` ENABLE KEYS */;
UNLOCK TABLES;

--
-- Table structure for table `REQUEST`
--

DROP TABLE IF EXISTS `REQUEST`;
/*!40101 SET @saved_cs_client     = @@character_set_client */;
/*!40101 SET character_set_client = utf8 */;
CREATE TABLE `REQUEST` (
  `id` int(11) NOT NULL AUTO_INCREMENT,
  `player_id` varchar(45) NOT NULL,
  `request_id` varchar(45) NOT NULL,
  `action` int(11) NOT NULL,
  `timestamp_received` timestamp NULL DEFAULT NULL,
  `timestamp_finished` timestamp NULL DEFAULT NULL,
  `status` int(11) NOT NULL,
  PRIMARY KEY (`id`)
) ENGINE=InnoDB AUTO_INCREMENT=585 DEFAULT CHARSET=utf8;
/*!40101 SET character_set_client = @saved_cs_client */;

--
-- Dumping data for table `REQUEST`
--

LOCK TABLES `REQUEST` WRITE;
/*!40000 ALTER TABLE `REQUEST` DISABLE KEYS */;
INSERT INTO `REQUEST` VALUES (1,'playerVirtual1','playerVirtual1_f1ab56a087',4,'2018-03-05 12:46:53',NULL,0),(2,'playerVirtual2','playerVirtual2_40c01cca02',4,'2018-03-05 12:46:54',NULL,0),(3,'playerVirtual1','playerVirtual1_450512000',0,'2018-03-05 12:47:55',NULL,0),(4,'playerVirtual1','playerVirtual1_450512000',0,'2018-03-05 12:47:55',NULL,0),(5,'playerVirtual2','playerVirtual2_1438244924',0,'2018-03-05 12:47:57',NULL,0),(6,'playerVirtual2','playerVirtual2_1438244924',0,'2018-03-05 12:47:57',NULL,0),(7,'playerVirtual1','playerVirtual1_0c9b7c5cc5',3,'2018-03-05 12:48:55',NULL,0),(8,'playerVirtual2','playerVirtual2_4c3f9b5d79',3,'2018-03-05 12:48:57',NULL,0),(9,'playerVirtual1','playerVirtual1_640692267',0,'2018-03-05 12:50:00',NULL,0),(10,'playerVirtual1','playerVirtual1_640692267',0,'2018-03-05 12:50:01',NULL,0),(11,'playerVirtual2','playerVirtual2_2381571381',0,'2018-03-05 12:50:01',NULL,0),(12,'playerVirtual2','playerVirtual2_2381571381',0,'2018-03-05 12:50:01',NULL,0),(13,'playerVirtual1','playerVirtual1_8f5cf38b3d',4,'2018-03-05 12:51:00',NULL,0),(14,'playerVirtual2','playerVirtual2_651837034c',4,'2018-03-05 12:51:01',NULL,0),(15,'playerVirtual3','playerVirtual3_5aa24080e1',4,'2018-03-05 12:51:58',NULL,0),(16,'playerVirtual1','playerVirtual1_5297461910',0,'2018-03-05 12:52:04',NULL,0),(17,'playerVirtual1','playerVirtual1_5297461910',0,'2018-03-05 12:52:04',NULL,0),(18,'playerVirtual2','playerVirtual2_2790332778',0,'2018-03-05 12:52:08',NULL,0),(19,'playerVirtual2','playerVirtual2_2790332778',0,'2018-03-05 12:52:09',NULL,0),(20,'playerVirtual1','playerVirtual1_71a2e89985',3,'2018-03-05 12:53:04',NULL,0),(21,'playerVirtual2','playerVirtual2_aabfd085fe',3,'2018-03-05 12:53:09',NULL,0),(22,'playerVirtual3','playerVirtual3_369721705',0,'2018-03-05 12:53:11',NULL,0),(23,'playerVirtual3','playerVirtual3_369721705',0,'2018-03-05 12:53:11',NULL,0),(24,'playerVirtual3','playerVirtual3_0acbf51e30',3,'2018-03-05 12:54:11',NULL,0),(25,'playerVirtual1','playerVirtual1_317469422',0,'2018-03-05 12:54:13',NULL,0),(26,'playerVirtual1','playerVirtual1_317469422',0,'2018-03-05 12:54:13',NULL,0),(27,'playerVirtual2','playerVirtual2_6955737',0,'2018-03-05 12:54:14',NULL,0),(28,'playerVirtual2','playerVirtual2_6955737',0,'2018-03-05 12:54:14',NULL,0),(29,'playerVirtual3','playerVirtual3_257338104',0,'2018-03-05 12:55:12',NULL,0),(30,'playerVirtual3','playerVirtual3_257338104',0,'2018-03-05 12:55:12',NULL,0),(31,'playerVirtual1','playerVirtual1_f24905e6f0',4,'2018-03-05 12:55:13',NULL,0),(32,'playerVirtual2','playerVirtual2_3acbea5aef',4,'2018-03-05 12:55:14',NULL,0),(33,'playerVirtual3','playerVirtual3_a71b0c35c1',4,'2018-03-05 12:56:12',NULL,0),(34,'playerVirtual2','playerVirtual2_2433236783',0,'2018-03-05 12:56:22',NULL,0),(35,'playerVirtual2','playerVirtual2_2433236783',0,'2018-03-05 12:56:23',NULL,0),(36,'playerVirtual4','playerVirtual4_5ce4cfdf82',4,'2018-03-05 12:56:58',NULL,0),(37,'playerVirtual2','playerVirtual2_d50f61480d',3,'2018-03-05 12:57:22',NULL,0),(38,'playerVirtual3','playerVirtual3_3338579772',0,'2018-03-05 12:57:25',NULL,0),(39,'playerVirtual3','playerVirtual3_3338579772',0,'2018-03-05 12:57:26',NULL,0),(40,'playerVirtual4','playerVirtual4_257407216',0,'2018-03-05 12:58:12',NULL,0),(41,'playerVirtual0','playerVirtual0_487c7a70aa',4,'2018-03-05 12:58:24',NULL,0),(42,'playerVirtual3','playerVirtual3_4a3f9a9e72',3,'2018-03-05 12:58:26',NULL,0),(43,'playerVirtual2','playerVirtual2_182859403',0,'2018-03-05 12:58:36',NULL,0),(44,'playerVirtual2','playerVirtual2_182859403',0,'2018-03-05 12:58:36',NULL,0),(45,'playerVirtual4','playerVirtual4_4e842ec52b',3,'2018-03-05 12:59:12',NULL,0),(46,'playerVirtual2','playerVirtual2_b5f2377a6d',4,'2018-03-05 12:59:36',NULL,0),(47,'playerVirtual3','playerVirtual3_16917741',0,'2018-03-05 12:59:40',NULL,0),(48,'playerVirtual3','playerVirtual3_16917741',0,'2018-03-05 12:59:40',NULL,0),(49,'playerVirtual0','playerVirtual0_2359368952',0,'2018-03-05 12:59:48',NULL,0),(50,'playerVirtual4','playerVirtual4_2545640208',0,'2018-03-05 13:00:34',NULL,0),(51,'playerVirtual4','playerVirtual4_2545640208',0,'2018-03-05 13:00:35',NULL,0),(52,'playerVirtual3','playerVirtual3_f008a3cb3a',4,'2018-03-05 13:00:40',NULL,0),(53,'playerVirtual0','playerVirtual0_6b4ad96fc1',3,'2018-03-05 13:00:49',NULL,0),(54,'playerVirtual2','playerVirtual2_908315',0,'2018-03-05 13:01:00',NULL,0),(55,'playerVirtual2','playerVirtual2_908315',0,'2018-03-05 13:01:00',NULL,0),(56,'playerVirtual4','playerVirtual4_9a44035e3c',4,'2018-03-05 13:01:34',NULL,0),(57,'playerVirtual5','playerVirtual5_8a22917263',4,'2018-03-05 13:01:54',NULL,0),(58,'playerVirtual2','playerVirtual2_1916791007',3,'2018-03-05 13:02:00',NULL,0),(59,'playerVirtual3','playerVirtual3_539194189',0,'2018-03-05 13:02:11',NULL,0),(60,'playerVirtual3','playerVirtual3_539194189',0,'2018-03-05 13:02:12',NULL,0),(61,'playerVirtual0','playerVirtual0_4820204870',0,'2018-03-05 13:02:51',NULL,0),(62,'playerVirtual3','playerVirtual3_b6e6904c74',3,'2018-03-05 13:03:11',NULL,0),(63,'playerVirtual0','playerVirtual0_3291fbfa01',4,'2018-03-05 13:03:51',NULL,0),(64,'playerVirtual4','playerVirtual4_8058564',0,'2018-03-05 13:04:29',NULL,0),(65,'playerVirtual4','playerVirtual4_8058564',0,'2018-03-05 13:04:29',NULL,0),(66,'playerVirtual2','playerVirtual2_3338010893',0,'2018-03-05 13:04:54',NULL,0),(67,'playerVirtual2','playerVirtual2_3338010893',0,'2018-03-05 13:04:55',NULL,0),(68,'playerVirtual5','playerVirtual5_1429160667',0,'2018-03-05 13:05:11',NULL,0),(69,'playerVirtual4','playerVirtual4_5125f4707b',3,'2018-03-05 13:05:29',NULL,0),(70,'playerVirtual2','playerVirtual2_2ccdd0928a',4,'2018-03-05 13:05:55',NULL,0),(71,'playerVirtual3','playerVirtual3_82730999',0,'2018-03-05 13:06:03',NULL,0),(72,'playerVirtual3','playerVirtual3_82730999',0,'2018-03-05 13:06:03',NULL,0),(73,'playerVirtual5','playerVirtual5_2980e3df5e',3,'2018-03-05 13:06:12',NULL,0),(74,'playerVirtual6','playerVirtual6_a918a838a4',4,'2018-03-05 13:06:54',NULL,0),(75,'playerVirtual4','playerVirtual4_6571218',0,'2018-03-05 13:06:59',NULL,0),(76,'playerVirtual4','playerVirtual4_6571218',0,'2018-03-05 13:07:00',NULL,0),(77,'playerVirtual3','playerVirtual3_a2e4b6ae18',4,'2018-03-05 13:07:03',NULL,0),(78,'playerVirtual5','playerVirtual5_1436344784',0,'2018-03-05 13:07:25',NULL,0),(79,'playerVirtual5','playerVirtual5_1436344784',0,'2018-03-05 13:07:25',NULL,0),(80,'playerVirtual2','playerVirtual2_778566023',0,'2018-03-05 13:07:27',NULL,0),(81,'playerVirtual2','playerVirtual2_778566023',0,'2018-03-05 13:07:27',NULL,0),(82,'playerVirtual4','playerVirtual4_e831d35615',4,'2018-03-05 13:08:00',NULL,0),(83,'playerVirtual1004','playerVirtual1004_ad062396e5',4,'2018-03-05 13:08:22',NULL,0),(84,'playerVirtual5','playerVirtual5_4c0de5d7a6',4,'2018-03-05 13:08:25',NULL,0),(85,'playerVirtual2','playerVirtual2_8667c0d41e',3,'2018-03-05 13:08:27',NULL,0),(86,'playerVirtual3','playerVirtual3_317497342',0,'2018-03-05 13:08:44',NULL,0),(87,'playerVirtual3','playerVirtual3_317497342',0,'2018-03-05 13:08:45',NULL,0),(88,'playerVirtual3','playerVirtual3_075fe10dce',3,'2018-03-05 13:09:44',NULL,0),(89,'playerVirtual6','playerVirtual6_1339662',0,'2018-03-05 13:10:26',NULL,0),(90,'playerVirtual4','playerVirtual4_284794223',0,'2018-03-05 13:11:02',NULL,0),(91,'playerVirtual4','playerVirtual4_284794223',0,'2018-03-05 13:11:02',NULL,0),(92,'playerVirtual6','playerVirtual6_20d5c5ef03',3,'2018-03-05 13:11:26',NULL,0),(93,'playerVirtual2','playerVirtual2_2904109077',0,'2018-03-05 13:11:28',NULL,0),(94,'playerVirtual2','playerVirtual2_2904109077',0,'2018-03-05 13:11:29',NULL,0),(95,'playerVirtual5','playerVirtual5_904011',0,'2018-03-05 13:11:45',NULL,0),(96,'playerVirtual5','playerVirtual5_904011',0,'2018-03-05 13:11:45',NULL,0),(97,'playerVirtual7','playerVirtual7_83c6e60f38',4,'2018-03-05 13:11:52',NULL,0),(98,'playerVirtual1004','playerVirtual1004_359920779',0,'2018-03-05 13:11:54',NULL,0),(99,'playerVirtual4','playerVirtual4_5c8f760e07',3,'2018-03-05 13:12:02',NULL,0),(100,'playerVirtual6','playerVirtual6_905614',0,'2018-03-05 13:12:28',NULL,0),(101,'playerVirtual6','playerVirtual6_905614',0,'2018-03-05 13:12:29',NULL,0),(102,'playerVirtual2','playerVirtual2_18d728efe4',4,'2018-03-05 13:12:29',NULL,0),(103,'playerVirtual3','playerVirtual3_257338074',0,'2018-03-05 13:12:37',NULL,0),(104,'playerVirtual3','playerVirtual3_257338074',0,'2018-03-05 13:12:37',NULL,0),(105,'playerVirtual5','playerVirtual5_a4d0433a1c',3,'2018-03-05 13:12:45',NULL,0),(106,'playerVirtual1004','playerVirtual1004_04720c68bc',3,'2018-03-05 13:12:54',NULL,0),(107,'playerVirtual6','playerVirtual6_501132806a',4,'2018-03-05 13:13:28',NULL,0),(108,'playerVirtual4','playerVirtual4_6569547',0,'2018-03-05 13:13:35',NULL,0),(109,'playerVirtual4','playerVirtual4_6569547',0,'2018-03-05 13:13:36',NULL,0),(110,'playerVirtual3','playerVirtual3_65176fb6d8',4,'2018-03-05 13:13:37',NULL,0),(111,'playerVirtual1004','playerVirtual1004_5792765',0,'2018-03-05 13:14:03',NULL,0),(112,'playerVirtual2','playerVirtual2_470485660',0,'2018-03-05 13:14:04',NULL,0),(113,'playerVirtual2','playerVirtual2_470485660',0,'2018-03-05 13:14:05',NULL,0),(114,'playerVirtual5','playerVirtual5_30788568',0,'2018-03-05 13:14:05',NULL,0),(115,'playerVirtual5','playerVirtual5_30788568',0,'2018-03-05 13:14:06',NULL,0),(116,'playerVirtual4','playerVirtual4_1482649ce7',4,'2018-03-05 13:14:36',NULL,0),(117,'playerVirtual1004','playerVirtual1004_28adc19769',4,'2018-03-05 13:15:03',NULL,0),(118,'playerVirtual2','playerVirtual2_5463ca922b',3,'2018-03-05 13:15:04',NULL,0),(119,'playerVirtual5','playerVirtual5_c710f27364',4,'2018-03-05 13:15:05',NULL,0),(120,'playerVirtual7','playerVirtual7_1093460',0,'2018-03-05 13:15:27',NULL,0),(121,'playerVirtual3','playerVirtual3_400453824',0,'2018-03-05 13:15:32',NULL,0),(122,'playerVirtual3','playerVirtual3_400453824',0,'2018-03-05 13:15:33',NULL,0),(123,'playerVirtual7','playerVirtual7_2a1cdd9ba3',3,'2018-03-05 13:16:27',NULL,0),(124,'playerVirtual3','playerVirtual3_7c873fdbf9',3,'2018-03-05 13:16:32',NULL,0),(125,'playerVirtual8','playerVirtual8_7fdfc08c53',4,'2018-03-05 13:16:56',NULL,0),(126,'playerVirtual6','playerVirtual6_38671842',0,'2018-03-05 13:17:13',NULL,0),(127,'playerVirtual6','playerVirtual6_38671842',0,'2018-03-05 13:17:14',NULL,0),(128,'playerVirtual4','playerVirtual4_4820318661',0,'2018-03-05 13:17:58',NULL,0),(129,'playerVirtual4','playerVirtual4_4820318661',0,'2018-03-05 13:17:58',NULL,0),(130,'playerVirtual7','playerVirtual7_2378747961',0,'2018-03-05 13:18:02',NULL,0),(131,'playerVirtual6','playerVirtual6_4cd6cace79',3,'2018-03-05 13:18:14',NULL,0),(132,'playerVirtual2','playerVirtual2_4820217293',0,'2018-03-05 13:18:29',NULL,0),(133,'playerVirtual2','playerVirtual2_4820217293',0,'2018-03-05 13:18:29',NULL,0),(134,'playerVirtual5','playerVirtual5_6264344062',0,'2018-03-05 13:18:44',NULL,0),(135,'playerVirtual5','playerVirtual5_6264344062',0,'2018-03-05 13:18:45',NULL,0),(136,'playerVirtual4','playerVirtual4_cfe6791599',3,'2018-03-05 13:18:58',NULL,0),(137,'playerVirtual7','playerVirtual7_1b0c4c1780',4,'2018-03-05 13:19:02',NULL,0),(138,'playerVirtual2','playerVirtual2_5d185034a4',4,'2018-03-05 13:19:29',NULL,0),(139,'playerVirtual5','playerVirtual5_3c416b6d48',3,'2018-03-05 13:19:45',NULL,0),(140,'playerVirtual3','playerVirtual3_5068098508',0,'2018-03-05 13:19:51',NULL,0),(141,'playerVirtual3','playerVirtual3_5068098508',0,'2018-03-05 13:19:51',NULL,0),(142,'playerVirtual3','playerVirtual3_bd8e24b637',4,'2018-03-05 13:20:51',NULL,0),(143,'playerVirtual6','playerVirtual6_1095593',0,'2018-03-05 13:20:56',NULL,0),(144,'playerVirtual6','playerVirtual6_1095593',0,'2018-03-05 13:20:56',NULL,0),(145,'playerVirtual1289','playerVirtual1289_2f54daa7aa',4,'2018-03-05 13:20:59',NULL,0),(146,'playerVirtual9','playerVirtual9_17145e046a',4,'2018-03-05 13:21:56',NULL,0),(147,'playerVirtual6','playerVirtual6_d5ef93a681',4,'2018-03-05 13:21:56',NULL,0),(148,'playerVirtual4','playerVirtual4_2148750930',0,'2018-03-05 13:22:07',NULL,0),(149,'playerVirtual4','playerVirtual4_2148750930',0,'2018-03-05 13:22:08',NULL,0),(150,'playerVirtual8','playerVirtual8_227443932',0,'2018-03-05 13:22:23',NULL,0),(151,'playerVirtual8','playerVirtual8_227443932',0,'2018-03-05 13:22:24',NULL,0),(152,'playerVirtual2','playerVirtual2_765651',0,'2018-03-05 13:22:43',NULL,0),(153,'playerVirtual2','playerVirtual2_765651',0,'2018-03-05 13:22:44',NULL,0),(154,'playerVirtual5','playerVirtual5_16915963',0,'2018-03-05 13:22:47',NULL,0),(155,'playerVirtual5','playerVirtual5_16915963',0,'2018-03-05 13:22:47',NULL,0),(156,'playerVirtual4','playerVirtual4_4238350605',4,'2018-03-05 13:23:07',NULL,0),(157,'playerVirtual8','playerVirtual8_c1ae1f48e9',3,'2018-03-05 13:23:24',NULL,0),(158,'playerVirtual2','playerVirtual2_1acc33df89',3,'2018-03-05 13:23:44',NULL,0),(159,'playerVirtual5','playerVirtual5_17600b7976',4,'2018-03-05 13:23:47',NULL,0),(160,'playerVirtual7','playerVirtual7_563574327',0,'2018-03-05 13:24:03',NULL,0),(161,'playerVirtual3','playerVirtual3_5623125514',0,'2018-03-05 13:24:18',NULL,0),(162,'playerVirtual3','playerVirtual3_5623125514',0,'2018-03-05 13:24:18',NULL,0),(163,'playerVirtual7','playerVirtual7_cfb44e59f3',3,'2018-03-05 13:25:03',NULL,0),(164,'playerVirtual3','playerVirtual3_66c2d0da55',3,'2018-03-05 13:25:19',NULL,0),(165,'playerVirtual8','playerVirtual8_182859403',0,'2018-03-05 13:25:50',NULL,0),(166,'playerVirtual8','playerVirtual8_182859403',0,'2018-03-05 13:25:50',NULL,0),(167,'playerVirtual6','playerVirtual6_6274355716',0,'2018-03-05 13:26:05',NULL,0),(168,'playerVirtual6','playerVirtual6_6274355716',0,'2018-03-05 13:26:05',NULL,0),(169,'playerVirtual1289','playerVirtual1289_284757920',0,'2018-03-05 13:26:44',NULL,0),(170,'playerVirtual4','playerVirtual4_38676294',0,'2018-03-05 13:26:50',NULL,0),(171,'playerVirtual4','playerVirtual4_38676294',0,'2018-03-05 13:26:50',NULL,0),(172,'playerVirtual8','playerVirtual8_a32f3b16f3',4,'2018-03-05 13:26:50',NULL,0),(173,'playerVirtual10','playerVirtual10_35cff0b2ae',4,'2018-03-05 13:26:57',NULL,0),(174,'playerVirtual6','playerVirtual6_2cf8a33d09',3,'2018-03-05 13:27:05',NULL,0),(175,'playerVirtual2','playerVirtual2_ddb5f7a256',4,'2018-03-05 13:27:38',NULL,0),(176,'playerVirtual9','playerVirtual9_272887063',0,'2018-03-05 13:27:43',NULL,0),(177,'playerVirtual9','playerVirtual9_272887063',0,'2018-03-05 13:27:44',NULL,0),(178,'playerVirtual1289','playerVirtual1289_f66a8bb08d',3,'2018-03-05 13:27:44',NULL,0),(179,'playerVirtual4','playerVirtual4_6f65f2fcb1',3,'2018-03-05 13:27:50',NULL,0),(180,'playerVirtual7','playerVirtual7_990694203',0,'2018-03-05 13:28:28',NULL,0),(181,'playerVirtual9','playerVirtual9_6160cf80a0',3,'2018-03-05 13:28:44',NULL,0),(182,'playerVirtual5','playerVirtual5_4820204870',0,'2018-03-05 13:28:54',NULL,0),(183,'playerVirtual5','playerVirtual5_4820204870',0,'2018-03-05 13:28:54',NULL,0),(184,'playerVirtual7','playerVirtual7_70fc47fd8e',4,'2018-03-05 13:29:29',NULL,0),(185,'playerVirtual5','playerVirtual5_a7f088c4eb',3,'2018-03-05 13:29:54',NULL,0),(186,'playerVirtual3','playerVirtual3_990694203',0,'2018-03-05 13:30:32',NULL,0),(187,'playerVirtual3','playerVirtual3_990694203',0,'2018-03-05 13:30:32',NULL,0),(188,'playerVirtual1289','playerVirtual1289_272887063',0,'2018-03-05 13:31:00',NULL,0),(189,'playerVirtual3','playerVirtual3_fd694e762e',4,'2018-03-05 13:31:32',NULL,0),(190,'playerVirtual6','playerVirtual6_6280643141',0,'2018-03-05 13:31:40',NULL,0),(191,'playerVirtual6','playerVirtual6_6280643141',0,'2018-03-05 13:31:41',NULL,0),(192,'playerVirtual9','playerVirtual9_272887063',1,'2018-03-05 13:31:56',NULL,0),(193,'playerVirtual9','playerVirtual9_ce0598f6b7',4,'2018-03-05 13:31:56',NULL,0),(194,'playerVirtual9','playerVirtual9_272887063',1,'2018-03-05 13:31:57',NULL,0),(195,'playerVirtual11','playerVirtual11_46b44e1e22',4,'2018-03-05 13:31:58',NULL,0),(196,'playerVirtual1289','playerVirtual1289_1865953ba4',4,'2018-03-05 13:32:00',NULL,0),(197,'playerVirtual8','playerVirtual8_cc79dd295c',3,'2018-03-05 13:32:35',NULL,0),(198,'playerVirtual2','playerVirtual2_4476462938',0,'2018-03-05 13:32:37',NULL,0),(199,'playerVirtual2','playerVirtual2_4476462938',0,'2018-03-05 13:32:38',NULL,0),(200,'playerVirtual6','playerVirtual6_cfe0f1edc2',4,'2018-03-05 13:32:40',NULL,0),(201,'playerVirtual4','playerVirtual4_6282149131',0,'2018-03-05 13:33:09',NULL,0),(202,'playerVirtual4','playerVirtual4_6282149131',0,'2018-03-05 13:33:10',NULL,0),(203,'playerVirtual2','playerVirtual2_6f253162e4',3,'2018-03-05 13:33:39',NULL,0),(204,'playerVirtual5','playerVirtual5_2359368952',0,'2018-03-05 13:33:50',NULL,0),(205,'playerVirtual5','playerVirtual5_2359368952',0,'2018-03-05 13:33:51',NULL,0),(206,'playerVirtual4','playerVirtual4_7e024975d5',4,'2018-03-05 13:34:10',NULL,0),(207,'playerVirtual7','playerVirtual7_1815019e51',3,'2018-03-05 13:34:30',NULL,0),(208,'playerVirtual10','playerVirtual10_6280638724',0,'2018-03-05 13:34:41',NULL,0),(209,'playerVirtual10','playerVirtual10_6280638724',0,'2018-03-05 13:34:42',NULL,0),(210,'playerVirtual5','playerVirtual5_2b87a86d39',4,'2018-03-05 13:34:51',NULL,0),(211,'playerVirtual3','playerVirtual3_9dfbfa5f91',3,'2018-03-05 13:34:56',NULL,0),(212,'playerVirtual10','playerVirtual10_a7172249f5',3,'2018-03-05 13:35:43',NULL,0),(213,'playerVirtual8','playerVirtual8_1094955',0,'2018-03-05 13:36:18',NULL,0),(214,'playerVirtual8','playerVirtual8_1094955',0,'2018-03-05 13:36:18',NULL,0),(215,'playerVirtual12','playerVirtual12_6d0da288c5',4,'2018-03-05 13:36:55',NULL,0),(216,'playerVirtual8','playerVirtual8_14201828ce',4,'2018-03-05 13:37:18',NULL,0),(217,'playerVirtual6','playerVirtual6_16914091',0,'2018-03-05 13:37:35',NULL,0),(218,'playerVirtual6','playerVirtual6_16914091',0,'2018-03-05 13:37:35',NULL,0),(219,'playerVirtual9','playerVirtual9_1436323714',0,'2018-03-05 13:37:58',NULL,0),(220,'playerVirtual9','playerVirtual9_1436323714',0,'2018-03-05 13:37:59',NULL,0),(221,'playerVirtual2','playerVirtual2_182859403',0,'2018-03-05 13:38:21',NULL,0),(222,'playerVirtual2','playerVirtual2_6c78a9d88a',4,'2018-03-05 13:38:21',NULL,0),(223,'playerVirtual2','playerVirtual2_182859403',0,'2018-03-05 13:38:22',NULL,0),(224,'playerVirtual6','playerVirtual6_7a2c739729',3,'2018-03-05 13:38:35',NULL,0),(225,'playerVirtual10','playerVirtual10_1438244924',0,'2018-03-05 13:38:36',NULL,0),(226,'playerVirtual10','playerVirtual10_1438244924',0,'2018-03-05 13:38:36',NULL,0),(227,'playerVirtual4','playerVirtual4_6641406',0,'2018-03-05 13:38:37',NULL,0),(228,'playerVirtual4','playerVirtual4_6641406',0,'2018-03-05 13:38:37',NULL,0),(229,'playerVirtual9','playerVirtual9_e4bb221ea8',3,'2018-03-05 13:38:59',NULL,0),(230,'playerVirtual7','playerVirtual7_6285257156',0,'2018-03-05 13:39:20',NULL,0),(231,'playerVirtual10','playerVirtual10_20f5d44db2',4,'2018-03-05 13:39:36',NULL,0),(232,'playerVirtual4','playerVirtual4_f20b5c79a9',3,'2018-03-05 13:39:37',NULL,0),(233,'playerVirtual1901','playerVirtual1901_9c1ed10a40',4,'2018-03-05 13:40:13',NULL,0),(234,'playerVirtual7','playerVirtual7_b3a9769abe',4,'2018-03-05 13:40:20',NULL,0),(235,'playerVirtual11','playerVirtual11_682797',0,'2018-03-05 13:40:21',NULL,0),(236,'playerVirtual11','playerVirtual11_682797',0,'2018-03-05 13:40:21',NULL,0),(237,'playerVirtual5','playerVirtual5_6955737',0,'2018-03-05 13:41:13',NULL,0),(238,'playerVirtual5','playerVirtual5_6955737',0,'2018-03-05 13:41:13',NULL,0),(239,'playerVirtual11','playerVirtual11_35b7be95ed',3,'2018-03-05 13:41:21',NULL,0),(240,'playerVirtual13','playerVirtual13_450c095cab',4,'2018-03-05 13:41:56',NULL,0),(241,'playerVirtual3','playerVirtual3_6955737',0,'2018-03-05 13:42:01',NULL,0),(242,'playerVirtual3','playerVirtual3_6955737',0,'2018-03-05 13:42:02',NULL,0),(243,'playerVirtual5','playerVirtual5_a917bea877',3,'2018-03-05 13:42:13',NULL,0),(244,'playerVirtual3','playerVirtual3_89cc3427fa',4,'2018-03-05 13:43:03',NULL,0),(245,'playerVirtual2','playerVirtual2_22aa8902e0',3,'2018-03-05 13:43:57',NULL,0),(246,'playerVirtual9','playerVirtual9_6289355687',0,'2018-03-05 13:44:19',NULL,0),(247,'playerVirtual9','playerVirtual9_6289355687',0,'2018-03-05 13:44:20',NULL,0),(248,'playerVirtual8','playerVirtual8_2381571381',0,'2018-03-05 13:44:21',NULL,0),(249,'playerVirtual8','playerVirtual8_2381571381',0,'2018-03-05 13:44:22',NULL,0),(250,'playerVirtual6','playerVirtual6_2378747961',0,'2018-03-05 13:44:31',NULL,0),(251,'playerVirtual6','playerVirtual6_2378747961',0,'2018-03-05 13:44:31',NULL,0),(252,'playerVirtual11','playerVirtual11_1436344784',0,'2018-03-05 13:44:45',NULL,0),(253,'playerVirtual11','playerVirtual11_1436344784',0,'2018-03-05 13:44:46',NULL,0),(254,'playerVirtual9','playerVirtual9_11a002d50a',4,'2018-03-05 13:45:20',NULL,0),(255,'playerVirtual8','playerVirtual8_08d59b2213',3,'2018-03-05 13:45:22',NULL,0),(256,'playerVirtual6','playerVirtual6_91c3c8284e',4,'2018-03-05 13:45:31',NULL,0),(257,'playerVirtual11','playerVirtual11_fc58d800d0',4,'2018-03-05 13:45:46',NULL,0),(258,'playerVirtual5','playerVirtual5_6955737',1,'2018-03-05 13:46:11',NULL,0),(259,'playerVirtual5','playerVirtual5_682abf0dd7',4,'2018-03-05 13:46:12',NULL,0),(260,'playerVirtual5','playerVirtual5_6955737',1,'2018-03-05 13:46:12',NULL,0),(261,'playerVirtual7','playerVirtual7_432da57708',3,'2018-03-05 13:46:19',NULL,0),(262,'playerVirtual12','playerVirtual12_3338579772',0,'2018-03-05 13:46:34',NULL,0),(263,'playerVirtual12','playerVirtual12_3338579772',0,'2018-03-05 13:46:34',NULL,0),(264,'playerVirtual3','playerVirtual3_3338579772',1,'2018-03-05 13:46:35',NULL,0),(265,'playerVirtual3','playerVirtual3_0de4e3f91d',3,'2018-03-05 13:46:35',NULL,0),(266,'playerVirtual3','playerVirtual3_3338579772',1,'2018-03-05 13:46:36',NULL,0),(267,'playerVirtual4','playerVirtual4_1438244924',0,'2018-03-05 13:46:38',NULL,0),(268,'playerVirtual4','playerVirtual4_1438244924',0,'2018-03-05 13:46:38',NULL,0),(269,'playerVirtual14','playerVirtual14_e2f9cf2335',4,'2018-03-05 13:46:55',NULL,0),(270,'playerVirtual12','playerVirtual12_7cfbfc9b16',3,'2018-03-05 13:47:34',NULL,0),(271,'playerVirtual4','playerVirtual4_ee7d1ea048',4,'2018-03-05 13:47:38',NULL,0),(272,'playerVirtual10','playerVirtual10_1438244924',1,'2018-03-05 13:48:09',NULL,0),(273,'playerVirtual10','playerVirtual10_ac755e0ad4',3,'2018-03-05 13:48:09',NULL,0),(274,'playerVirtual10','playerVirtual10_1438244924',1,'2018-03-05 13:48:09',NULL,0),(275,'playerVirtual2','playerVirtual2_1438244924',1,'2018-03-05 13:48:59',NULL,0),(276,'playerVirtual2','playerVirtual2_390a2b3164',4,'2018-03-05 13:48:59',NULL,0),(277,'playerVirtual2','playerVirtual2_1438244924',1,'2018-03-05 13:49:00',NULL,0),(278,'playerVirtual6','playerVirtual6_1095593',1,'2018-03-05 13:51:44',NULL,0),(279,'playerVirtual6','playerVirtual6_6c90ea063f',3,'2018-03-05 13:51:44',NULL,0),(280,'playerVirtual6','playerVirtual6_1095593',1,'2018-03-05 13:51:45',NULL,0),(281,'playerVirtual15','playerVirtual15_5220ad893f',4,'2018-03-05 13:51:55',NULL,0),(282,'playerVirtual8','playerVirtual8_6296268057',0,'2018-03-05 13:52:12',NULL,0),(283,'playerVirtual8','playerVirtual8_6296268057',0,'2018-03-05 13:52:12',NULL,0),(284,'playerVirtual9','playerVirtual9_990694203',0,'2018-03-05 13:52:33',NULL,0),(285,'playerVirtual9','playerVirtual9_990694203',0,'2018-03-05 13:52:33',NULL,0),(286,'playerVirtual13','playerVirtual13_794070039',0,'2018-03-05 13:52:50',NULL,0),(287,'playerVirtual13','playerVirtual13_794070039',0,'2018-03-05 13:52:50',NULL,0),(288,'playerVirtual1713','playerVirtual1713_cc8c544454',4,'2018-03-05 13:52:53',NULL,0),(289,'playerVirtual8','playerVirtual8_73651b2e2f',4,'2018-03-05 13:53:12',NULL,0),(290,'playerVirtual9','playerVirtual9_80f9a9a67e',3,'2018-03-05 13:53:33',NULL,0),(291,'playerVirtual13','playerVirtual13_aaccb3713d',3,'2018-03-05 13:53:50',NULL,0),(292,'playerVirtual5','playerVirtual5_6264344062',1,'2018-03-05 13:53:54',NULL,0),(293,'playerVirtual5','playerVirtual5_0781908658',3,'2018-03-05 13:53:54',NULL,0),(294,'playerVirtual5','playerVirtual5_6264344062',1,'2018-03-05 13:53:54',NULL,0),(295,'playerVirtual12','playerVirtual12_6301942525',0,'2018-03-05 13:54:15',NULL,0),(296,'playerVirtual12','playerVirtual12_6301942525',0,'2018-03-05 13:54:16',NULL,0),(297,'playerVirtual2','playerVirtual2_1809f8eb8d',3,'2018-03-05 13:54:44',NULL,0),(298,'playerVirtual12','playerVirtual12_bcaf5642cb',4,'2018-03-05 13:55:16',NULL,0),(299,'playerVirtual7','playerVirtual7_182859403',0,'2018-03-05 13:55:30',NULL,0),(300,'playerVirtual11','playerVirtual11_6296865278',0,'2018-03-05 13:56:26',NULL,0),(301,'playerVirtual11','playerVirtual11_6296865278',0,'2018-03-05 13:56:26',NULL,0),(302,'playerVirtual7','playerVirtual7_0c39d0b653',4,'2018-03-05 13:56:30',NULL,0),(303,'playerVirtual16','playerVirtual16_7693190ae1',4,'2018-03-05 13:56:54',NULL,0),(304,'playerVirtual11','playerVirtual11_d26e2e55d3',3,'2018-03-05 13:57:26',NULL,0),(305,'playerVirtual10','playerVirtual10_6289704471',0,'2018-03-05 13:57:44',NULL,0),(306,'playerVirtual4','playerVirtual4_5297461910',0,'2018-03-05 13:57:45',NULL,0),(307,'playerVirtual10','playerVirtual10_6289704471',0,'2018-03-05 13:57:46',NULL,0),(308,'playerVirtual4','playerVirtual4_5297461910',0,'2018-03-05 13:57:46',NULL,0),(309,'playerVirtual6','playerVirtual6_2378747961',1,'2018-03-05 13:57:50',NULL,0),(310,'playerVirtual6','playerVirtual6_6c9f9fd9a8',4,'2018-03-05 13:57:50',NULL,0),(311,'playerVirtual6','playerVirtual6_2378747961',1,'2018-03-05 13:57:50',NULL,0),(312,'playerVirtual5','playerVirtual5_1436344784',1,'2018-03-05 13:57:57',NULL,0),(313,'playerVirtual5','playerVirtual5_71b1204570',4,'2018-03-05 13:57:57',NULL,0),(314,'playerVirtual5','playerVirtual5_1436344784',1,'2018-03-05 13:57:57',NULL,0),(315,'playerVirtual10','playerVirtual10_e10f7aef39',4,'2018-03-05 13:58:44',NULL,0),(316,'playerVirtual4','playerVirtual4_01a30c0734',3,'2018-03-05 13:58:45',NULL,0),(317,'playerVirtual3','playerVirtual3_6264344062',0,'2018-03-05 13:58:49',NULL,0),(318,'playerVirtual3','playerVirtual3_6264344062',0,'2018-03-05 13:58:50',NULL,0),(319,'playerVirtual9','playerVirtual9_990694203',1,'2018-03-05 13:58:53',NULL,0),(320,'playerVirtual9','playerVirtual9_04c765ec91',4,'2018-03-05 13:58:54',NULL,0),(321,'playerVirtual9','playerVirtual9_990694203',1,'2018-03-05 13:58:54',NULL,0),(322,'playerVirtual3','playerVirtual3_98709e3914',4,'2018-03-05 13:59:51',NULL,0),(323,'playerVirtual13','playerVirtual13_908315',0,'2018-03-05 14:01:53',NULL,0),(324,'playerVirtual14','playerVirtual14_990694203',0,'2018-03-05 14:01:58',NULL,0),(325,'playerVirtual13','playerVirtual13_908315',0,'2018-03-05 14:01:59',NULL,0),(326,'playerVirtual17','playerVirtual17_172fc4baab',4,'2018-03-05 14:01:59',NULL,0),(327,'playerVirtual7','playerVirtual7_ce7d89e6c0',3,'2018-03-05 14:02:29',NULL,0),(328,'playerVirtual13','playerVirtual13_4e1dda93fd',4,'2018-03-05 14:02:50',NULL,0),(329,'playerVirtual14','playerVirtual14_26bc2a5dbc',3,'2018-03-05 14:02:57',NULL,0),(330,'playerVirtual14','playerVirtual14_57e466fe15',4,'2018-03-05 14:03:56',NULL,0),(331,'playerVirtual2','playerVirtual2_54ff378deb',4,'2018-03-05 14:04:08',NULL,0),(332,'playerVirtual3','playerVirtual3_5068098508',1,'2018-03-05 14:05:12',NULL,0),(333,'playerVirtual3','playerVirtual3_1e27dcce97',3,'2018-03-05 14:05:12',NULL,0),(334,'playerVirtual3','playerVirtual3_5068098508',1,'2018-03-05 14:05:12',NULL,0),(335,'playerVirtual8','playerVirtual8_182859403',0,'2018-03-05 14:05:14',NULL,0),(336,'playerVirtual8','playerVirtual8_80ef01ffc8',3,'2018-03-05 14:05:14',NULL,0),(337,'playerVirtual8','playerVirtual8_182859403',0,'2018-03-05 14:05:14',NULL,0),(338,'playerVirtual6','playerVirtual6_6274355716',1,'2018-03-05 14:05:35',NULL,0),(339,'playerVirtual6','playerVirtual6_7000adf6fd',3,'2018-03-05 14:05:36',NULL,0),(340,'playerVirtual6','playerVirtual6_6274355716',1,'2018-03-05 14:05:36',NULL,0),(341,'playerVirtual18','playerVirtual18_f5f36e6239',4,'2018-03-05 14:06:55',NULL,0),(342,'playerVirtual12','playerVirtual12_539194189',0,'2018-03-05 14:07:34',NULL,0),(343,'playerVirtual12','playerVirtual12_539194189',0,'2018-03-05 14:07:34',NULL,0),(344,'playerVirtual11','playerVirtual11_6289704471',0,'2018-03-05 14:07:36',NULL,0),(345,'playerVirtual11','playerVirtual11_6289704471',0,'2018-03-05 14:07:36',NULL,0),(346,'playerVirtual10','playerVirtual10_6289704471',1,'2018-03-05 14:08:19',NULL,0),(347,'playerVirtual10','playerVirtual10_b9b13b3fff',3,'2018-03-05 14:08:19',NULL,0),(348,'playerVirtual10','playerVirtual10_6289704471',1,'2018-03-05 14:08:20',NULL,0),(349,'playerVirtual12','playerVirtual12_d222c3ea52',3,'2018-03-05 14:08:34',NULL,0),(350,'playerVirtual11','playerVirtual11_c27e5ecd02',4,'2018-03-05 14:08:36',NULL,0),(351,'playerVirtual15','playerVirtual15_1095593',0,'2018-03-05 14:09:07',NULL,0),(352,'playerVirtual4','playerVirtual4_4246147567',0,'2018-03-05 14:09:33',NULL,0),(353,'playerVirtual4','playerVirtual4_4246147567',0,'2018-03-05 14:09:33',NULL,0),(354,'playerVirtual15','playerVirtual15_6c33c48241',3,'2018-03-05 14:10:07',NULL,0),(355,'playerVirtual4','playerVirtual4_ba6e49c1d8',4,'2018-03-05 14:10:33',NULL,0),(356,'playerVirtual2','playerVirtual2_908315',1,'2018-03-05 14:11:00',NULL,0),(357,'playerVirtual2','playerVirtual2_aefecea97b',3,'2018-03-05 14:11:00',NULL,0),(358,'playerVirtual2','playerVirtual2_908315',1,'2018-03-05 14:11:01',NULL,0),(359,'playerVirtual15','playerVirtual15_e899de7d43',4,'2018-03-05 14:11:24',NULL,0),(360,'playerVirtual19','playerVirtual19_beb5132256',4,'2018-03-05 14:11:54',NULL,0),(361,'playerVirtual5','playerVirtual5_f368539d6a',3,'2018-03-05 14:12:00',NULL,0),(362,'playerVirtual1488','playerVirtual1488_e2b110d2e3',4,'2018-03-05 14:12:42',NULL,0),(363,'playerVirtual9','playerVirtual9_4246147567',0,'2018-03-05 14:14:41',NULL,0),(364,'playerVirtual9','playerVirtual9_4246147567',0,'2018-03-05 14:14:41',NULL,0),(365,'playerVirtual8','playerVirtual8_2378747961',0,'2018-03-05 14:15:08',NULL,0),(366,'playerVirtual8','playerVirtual8_2378747961',0,'2018-03-05 14:15:09',NULL,0),(367,'playerVirtual9','playerVirtual9_74bd06d88c',3,'2018-03-05 14:15:41',NULL,0),(368,'playerVirtual8','playerVirtual8_4903a26309',4,'2018-03-05 14:16:08',NULL,0),(369,'playerVirtual13','playerVirtual13_4246147567',0,'2018-03-05 14:16:24',NULL,0),(370,'playerVirtual13','playerVirtual13_4246147567',0,'2018-03-05 14:16:25',NULL,0),(371,'playerVirtual16','playerVirtual16_4246147567',0,'2018-03-05 14:16:25',NULL,0),(372,'playerVirtual13','playerVirtual13_1f12cf5721',3,'2018-03-05 14:17:24',NULL,0),(373,'playerVirtual16','playerVirtual16_e35d673030',3,'2018-03-05 14:17:25',NULL,0),(374,'playerVirtual7','playerVirtual7_6315250734',0,'2018-03-05 14:17:57',NULL,0),(375,'playerVirtual16','playerVirtual16_77174c5f4d',4,'2018-03-05 14:18:26',NULL,0),(376,'playerVirtual3','playerVirtual3_539194189',1,'2018-03-05 14:18:30',NULL,0),(377,'playerVirtual3','playerVirtual3_69c0eef416',4,'2018-03-05 14:18:30',NULL,0),(378,'playerVirtual3','playerVirtual3_539194189',1,'2018-03-05 14:18:31',NULL,0),(379,'playerVirtual12','playerVirtual12_990694203',0,'2018-03-05 14:18:38',NULL,0),(380,'playerVirtual12','playerVirtual12_990694203',0,'2018-03-05 14:18:39',NULL,0),(381,'playerVirtual7','playerVirtual7_088ea04df1',4,'2018-03-05 14:18:57',NULL,0),(382,'playerVirtual12','playerVirtual12_c374e76ba9',4,'2018-03-05 14:19:39',NULL,0),(383,'playerVirtual6','playerVirtual6_6316827871',0,'2018-03-05 14:19:49',NULL,0),(384,'playerVirtual6','playerVirtual6_6316827871',0,'2018-03-05 14:19:52',NULL,0),(385,'playerVirtual4','playerVirtual4_4246147567',1,'2018-03-05 14:20:38',NULL,0),(386,'playerVirtual4','playerVirtual4_b2a8253073',3,'2018-03-05 14:20:38',NULL,0),(387,'playerVirtual4','playerVirtual4_4246147567',1,'2018-03-05 14:20:38',NULL,0),(388,'playerVirtual10','playerVirtual10_4246147567',0,'2018-03-05 14:20:42',NULL,0),(389,'playerVirtual10','playerVirtual10_4246147567',0,'2018-03-05 14:20:42',NULL,0),(390,'playerVirtual6','playerVirtual6_ecc10ec0ba',4,'2018-03-05 14:20:48',NULL,0),(391,'playerVirtual11','playerVirtual11_4246147567',0,'2018-03-05 14:20:55',NULL,0),(392,'playerVirtual11','playerVirtual11_4246147567',0,'2018-03-05 14:20:55',NULL,0),(393,'playerVirtual9','playerVirtual9_4246147567',1,'2018-03-05 14:21:02',NULL,0),(394,'playerVirtual9','playerVirtual9_18fb8fb54d',4,'2018-03-05 14:21:02',NULL,0),(395,'playerVirtual9','playerVirtual9_4246147567',1,'2018-03-05 14:21:02',NULL,0),(396,'playerVirtual5','playerVirtual5_4246147567',0,'2018-03-05 14:21:16',NULL,0),(397,'playerVirtual5','playerVirtual5_4246147567',0,'2018-03-05 14:21:16',NULL,0),(398,'playerVirtual10','playerVirtual10_e98c7bfbe8',4,'2018-03-05 14:21:42',NULL,0),(399,'playerVirtual11','playerVirtual11_e9bc0b8ecd',3,'2018-03-05 14:21:55',NULL,0),(400,'playerVirtual5','playerVirtual5_94e411cdcf',4,'2018-03-05 14:22:16',NULL,0),(401,'playerVirtual17','playerVirtual17_4246147567',0,'2018-03-05 14:22:17',NULL,0),(402,'playerVirtual17','playerVirtual17_37f42624e7',3,'2018-03-05 14:23:18',NULL,0),(403,'playerVirtual17','playerVirtual17_c061212721',4,'2018-03-05 14:24:19',NULL,0),(404,'playerVirtual14','playerVirtual14_4246147567',0,'2018-03-05 14:24:42',NULL,0),(405,'playerVirtual14','playerVirtual14_4246147567',0,'2018-03-05 14:24:43',NULL,0),(406,'playerVirtual13','playerVirtual13_4246147567',1,'2018-03-05 14:25:24',NULL,0),(407,'playerVirtual13','playerVirtual13_e2e9f3f098',4,'2018-03-05 14:25:24',NULL,0),(408,'playerVirtual13','playerVirtual13_4246147567',1,'2018-03-05 14:25:24',NULL,0),(409,'playerVirtual14','playerVirtual14_cc5b315ca3',3,'2018-03-05 14:25:42',NULL,0),(410,'playerVirtual14','playerVirtual14_4246147567',1,'2018-03-05 14:26:44',NULL,0),(411,'playerVirtual14','playerVirtual14_b959249460',4,'2018-03-05 14:26:44',NULL,0),(412,'playerVirtual14','playerVirtual14_4246147567',1,'2018-03-05 14:26:44',NULL,0),(413,'playerVirtual2','playerVirtual2_4246147567',0,'2018-03-05 14:26:46',NULL,0),(414,'playerVirtual2','playerVirtual2_4246147567',0,'2018-03-05 14:26:46',NULL,0),(415,'playerVirtual7','playerVirtual7_4246147567',0,'2018-03-05 14:27:17',NULL,0),(416,'playerVirtual2','playerVirtual2_a9a44326f9',4,'2018-03-05 14:27:46',NULL,0),(417,'playerVirtual18','playerVirtual18_5068098508',0,'2018-03-05 14:27:54',NULL,0),(418,'playerVirtual18','playerVirtual18_5068098508',0,'2018-03-05 14:27:54',NULL,0),(419,'playerVirtual7','playerVirtual7_cc6aaac0c9',3,'2018-03-05 14:28:19',NULL,0),(420,'playerVirtual3','playerVirtual3_359920779',0,'2018-03-05 14:28:54',NULL,0),(421,'playerVirtual3','playerVirtual3_359920779',0,'2018-03-05 14:28:54',NULL,0),(422,'playerVirtual18','playerVirtual18_82a7c97aa7',3,'2018-03-05 14:28:54',NULL,0),(423,'playerVirtual8','playerVirtual8_6322213339',0,'2018-03-05 14:29:43',NULL,0),(424,'playerVirtual8','playerVirtual8_6322213339',0,'2018-03-05 14:29:43',NULL,0),(425,'playerVirtual3','playerVirtual3_0a365c63b8',3,'2018-03-05 14:29:54',NULL,0),(426,'playerVirtual8','playerVirtual8_f51b42a19c',3,'2018-03-05 14:30:43',NULL,0),(427,'playerVirtual6','playerVirtual6_4246147567',0,'2018-03-05 14:30:50',NULL,0),(428,'playerVirtual6','playerVirtual6_4246147567',0,'2018-03-05 14:30:50',NULL,0),(429,'playerVirtual10','playerVirtual10_4246147567',1,'2018-03-05 14:31:21',NULL,0),(430,'playerVirtual10','playerVirtual10_4483b21c6c',3,'2018-03-05 14:31:21',NULL,0),(431,'playerVirtual10','playerVirtual10_4246147567',1,'2018-03-05 14:31:25',NULL,0),(432,'playerVirtual6','playerVirtual6_a66b217592',3,'2018-03-05 14:31:50',NULL,0),(433,'playerVirtual12','playerVirtual12_990694203',1,'2018-03-05 14:31:58',NULL,0),(434,'playerVirtual12','playerVirtual12_249a52f499',3,'2018-03-05 14:31:58',NULL,0),(435,'playerVirtual12','playerVirtual12_990694203',1,'2018-03-05 14:31:58',NULL,0),(436,'playerVirtual11','playerVirtual11_4246147567',1,'2018-03-05 14:32:01',NULL,0),(437,'playerVirtual11','playerVirtual11_7a16a65c07',4,'2018-03-05 14:32:01',NULL,0),(438,'playerVirtual11','playerVirtual11_4246147567',1,'2018-03-05 14:32:02',NULL,0),(439,'playerVirtual18','playerVirtual18_5068098508',1,'2018-03-05 14:32:37',NULL,0),(440,'playerVirtual18','playerVirtual18_bcc17d9c50',4,'2018-03-05 14:32:37',NULL,0),(441,'playerVirtual18','playerVirtual18_5068098508',1,'2018-03-05 14:32:37',NULL,0),(442,'playerVirtual15','playerVirtual15_4246147567',0,'2018-03-05 14:32:59',NULL,0),(443,'playerVirtual15','playerVirtual15_4246147567',0,'2018-03-05 14:32:59',NULL,0),(444,'playerVirtual15','playerVirtual15_acadc4a990',3,'2018-03-05 14:33:59',NULL,0),(445,'playerVirtual19','playerVirtual19_4246147567',0,'2018-03-05 14:34:01',NULL,0),(446,'playerVirtual19','playerVirtual19_4246147567',0,'2018-03-05 14:34:01',NULL,0),(447,'playerVirtual4','playerVirtual4_4246147567',0,'2018-03-05 14:34:37',NULL,0),(448,'playerVirtual4','playerVirtual4_30c7254851',4,'2018-03-05 14:34:38',NULL,0),(449,'playerVirtual4','playerVirtual4_4246147567',0,'2018-03-05 14:34:39',NULL,0),(450,'playerVirtual2','playerVirtual2_4246147567',1,'2018-03-05 14:34:39',NULL,0),(451,'playerVirtual2','playerVirtual2_b6e419435e',3,'2018-03-05 14:34:40',NULL,0),(452,'playerVirtual2','playerVirtual2_4246147567',1,'2018-03-05 14:34:41',NULL,0),(453,'playerVirtual19','playerVirtual19_7f8575bb80',3,'2018-03-05 14:35:01',NULL,0),(454,'playerVirtual15','playerVirtual15_4246147567',1,'2018-03-05 14:35:13',NULL,0),(455,'playerVirtual15','playerVirtual15_8c0d620b9f',4,'2018-03-05 14:35:13',NULL,0),(456,'playerVirtual15','playerVirtual15_4246147567',1,'2018-03-05 14:35:14',NULL,0),(457,'playerVirtual19','playerVirtual19_4246147567',1,'2018-03-05 14:36:03',NULL,0),(458,'playerVirtual19','playerVirtual19_79fd9de0ee',4,'2018-03-05 14:36:03',NULL,0),(459,'playerVirtual19','playerVirtual19_4246147567',1,'2018-03-05 14:36:03',NULL,0),(460,'playerVirtual5','playerVirtual5_4246147567',1,'2018-03-05 14:36:19',NULL,0),(461,'playerVirtual5','playerVirtual5_c066140c20',3,'2018-03-05 14:36:19',NULL,0),(462,'playerVirtual5','playerVirtual5_4246147567',1,'2018-03-05 14:36:19',NULL,0),(463,'playerVirtual1881','playerVirtual1881_df8b791a17',4,'2018-03-05 14:37:11',NULL,0),(464,'playerVirtual9','playerVirtual9_4246147567',0,'2018-03-05 14:40:09',NULL,0),(465,'playerVirtual9','playerVirtual9_16908810f4',3,'2018-03-05 14:40:10',NULL,0),(466,'playerVirtual9','playerVirtual9_4246147567',0,'2018-03-05 14:40:10',NULL,0),(467,'playerVirtual16','playerVirtual16_4246147567',0,'2018-03-05 14:41:00',NULL,0),(468,'playerVirtual16','playerVirtual16_a89388da4e',3,'2018-03-05 14:41:00',NULL,0),(469,'playerVirtual16','playerVirtual16_4246147567',0,'2018-03-05 14:41:00',NULL,0),(470,'playerVirtual16','playerVirtual16_275f4fda75',4,'2018-03-05 14:42:02',NULL,0),(471,'playerVirtual13','playerVirtual13_4246147567',0,'2018-03-05 14:42:16',NULL,0),(472,'playerVirtual13','playerVirtual13_804d266826',3,'2018-03-05 14:42:16',NULL,0),(473,'playerVirtual13','playerVirtual13_4246147567',0,'2018-03-05 14:42:17',NULL,0),(474,'playerVirtual8','playerVirtual8_6335261139',0,'2018-03-05 14:42:51',NULL,0),(475,'playerVirtual8','playerVirtual8_6335261139',0,'2018-03-05 14:42:52',NULL,0),(476,'playerVirtual7','playerVirtual7_0920004666',4,'2018-03-05 14:43:45',NULL,0),(477,'playerVirtual8','playerVirtual8_99d0471e36',4,'2018-03-05 14:43:51',NULL,0),(478,'playerVirtual4','playerVirtual4_4246147567',1,'2018-03-05 14:44:39',NULL,0),(479,'playerVirtual4','playerVirtual4_96828fa8d1',3,'2018-03-05 14:44:39',NULL,0),(480,'playerVirtual4','playerVirtual4_4246147567',1,'2018-03-05 14:44:39',NULL,0),(481,'playerVirtual3','playerVirtual3_4246147567',0,'2018-03-05 14:45:01',NULL,0),(482,'playerVirtual3','playerVirtual3_4246147567',0,'2018-03-05 14:45:02',NULL,0),(483,'playerVirtual9','playerVirtual9_ce8f7ec7c9',4,'2018-03-05 14:45:30',NULL,0),(484,'playerVirtual12','playerVirtual12_4246147567',0,'2018-03-05 14:45:37',NULL,0),(485,'playerVirtual12','playerVirtual12_4246147567',0,'2018-03-05 14:45:37',NULL,0),(486,'playerVirtual6','playerVirtual6_4246147567',1,'2018-03-05 14:46:00',NULL,0),(487,'playerVirtual6','playerVirtual6_e46a0ff9d5',4,'2018-03-05 14:46:00',NULL,0),(488,'playerVirtual6','playerVirtual6_4246147567',1,'2018-03-05 14:46:01',NULL,0),(489,'playerVirtual3','playerVirtual3_155ffb0d4d',4,'2018-03-05 14:46:02',NULL,0),(490,'playerVirtual11','playerVirtual11_229e1a314c',3,'2018-03-05 14:46:36',NULL,0),(491,'playerVirtual12','playerVirtual12_1af94ca2d9',4,'2018-03-05 14:46:37',NULL,0),(492,'playerVirtual10','playerVirtual10_4246147567',0,'2018-03-05 14:47:26',NULL,0),(493,'playerVirtual10','playerVirtual10_9416200fe9',4,'2018-03-05 14:47:26',NULL,0),(494,'playerVirtual10','playerVirtual10_4246147567',0,'2018-03-05 14:47:26',NULL,0),(495,'playerVirtual17','playerVirtual17_4246147567',0,'2018-03-05 14:47:58',NULL,0),(496,'playerVirtual17','playerVirtual17_ac122e0579',3,'2018-03-05 14:47:59',NULL,0),(497,'playerVirtual17','playerVirtual17_6da62b796a',4,'2018-03-05 14:49:00',NULL,0),(498,'playerVirtual5','playerVirtual5_4246147567',0,'2018-03-05 14:49:24',NULL,0),(499,'playerVirtual5','playerVirtual5_c84d79a1f8',4,'2018-03-05 14:49:24',NULL,0),(500,'playerVirtual5','playerVirtual5_4246147567',0,'2018-03-05 14:49:27',NULL,0),(501,'playerVirtual13','playerVirtual13_4246147567',1,'2018-03-05 14:50:16',NULL,0),(502,'playerVirtual13','playerVirtual13_41561f2319',4,'2018-03-05 14:50:16',NULL,0),(503,'playerVirtual13','playerVirtual13_4246147567',1,'2018-03-05 14:50:17',NULL,0),(504,'playerVirtual14','playerVirtual14_4246147567',0,'2018-03-05 14:50:48',NULL,0),(505,'playerVirtual14','playerVirtual14_7c1235a83d',3,'2018-03-05 14:50:48',NULL,0),(506,'playerVirtual14','playerVirtual14_4246147567',0,'2018-03-05 14:50:49',NULL,0),(507,'playerVirtual14','playerVirtual14_4246147567',1,'2018-03-05 14:51:50',NULL,0),(508,'playerVirtual14','playerVirtual14_c30b837457',4,'2018-03-05 14:51:50',NULL,0),(509,'playerVirtual14','playerVirtual14_4246147567',1,'2018-03-05 14:51:50',NULL,0),(510,'playerVirtual2','playerVirtual2_4246147567',0,'2018-03-05 14:54:11',NULL,0),(511,'playerVirtual2','playerVirtual2_710a1580ac',4,'2018-03-05 14:54:12',NULL,0),(512,'playerVirtual2','playerVirtual2_4246147567',0,'2018-03-05 14:54:12',NULL,0),(513,'playerVirtual18','playerVirtual18_4246147567',0,'2018-03-05 14:55:05',NULL,0),(514,'playerVirtual18','playerVirtual18_4246147567',0,'2018-03-05 14:55:06',NULL,0),(515,'playerVirtual7','playerVirtual7_4246147567',0,'2018-03-05 14:56:04',NULL,0),(516,'playerVirtual7','playerVirtual7_c579482ea2',3,'2018-03-05 14:56:04',NULL,0),(517,'playerVirtual18','playerVirtual18_eca7e1f11a',3,'2018-03-05 14:56:05',NULL,0),(518,'playerVirtual3','playerVirtual3_4246147567',1,'2018-03-05 14:56:25',NULL,0),(519,'playerVirtual3','playerVirtual3_da95cec0cc',3,'2018-03-05 14:56:25',NULL,0),(520,'playerVirtual3','playerVirtual3_4246147567',1,'2018-03-05 14:56:25',NULL,0),(521,'playerVirtual10','playerVirtual10_4246147567',1,'2018-03-05 14:57:04',NULL,0),(522,'playerVirtual10','playerVirtual10_036ebb89b1',3,'2018-03-05 14:57:04',NULL,0),(523,'playerVirtual10','playerVirtual10_4246147567',1,'2018-03-05 14:57:05',NULL,0),(524,'playerVirtual12','playerVirtual12_4246147567',1,'2018-03-05 14:58:59',NULL,0),(525,'playerVirtual12','playerVirtual12_2d44ebe609',3,'2018-03-05 14:58:59',NULL,0),(526,'playerVirtual12','playerVirtual12_4246147567',1,'2018-03-05 14:58:59',NULL,0),(527,'playerVirtual8','playerVirtual8_990694203',0,'2018-03-05 14:59:30',NULL,0),(528,'playerVirtual8','playerVirtual8_990694203',0,'2018-03-05 14:59:30',NULL,0),(529,'playerVirtual18','playerVirtual18_4246147567',1,'2018-03-05 14:59:48',NULL,0),(530,'playerVirtual18','playerVirtual18_2ab4545df2',4,'2018-03-05 14:59:48',NULL,0),(531,'playerVirtual18','playerVirtual18_4246147567',1,'2018-03-05 14:59:48',NULL,0),(532,'playerVirtual6','playerVirtual6_272887063',0,'2018-03-05 15:00:11',NULL,0),(533,'playerVirtual6','playerVirtual6_272887063',0,'2018-03-05 15:00:11',NULL,0),(534,'playerVirtual11','playerVirtual11_4246147567',0,'2018-03-05 15:00:27',NULL,0),(535,'playerVirtual11','playerVirtual11_c619f7f15d',4,'2018-03-05 15:00:28',NULL,0),(536,'playerVirtual11','playerVirtual11_4246147567',0,'2018-03-05 15:00:28',NULL,0),(537,'playerVirtual8','playerVirtual8_abe03188b7',3,'2018-03-05 15:00:30',NULL,0),(538,'playerVirtual15','playerVirtual15_4246147567',0,'2018-03-05 15:00:38',NULL,0),(539,'playerVirtual15','playerVirtual15_6884c0ecb9',3,'2018-03-05 15:00:38',NULL,0),(540,'playerVirtual15','playerVirtual15_4246147567',0,'2018-03-05 15:00:38',NULL,0),(541,'playerVirtual2','playerVirtual2_4246147567',1,'2018-03-05 15:01:07',NULL,0),(542,'playerVirtual2','playerVirtual2_2d7f4d7b01',3,'2018-03-05 15:01:08',NULL,0),(543,'playerVirtual2','playerVirtual2_4246147567',1,'2018-03-05 15:01:08',NULL,0),(544,'playerVirtual6','playerVirtual6_112ebc2d80',3,'2018-03-05 15:01:11',NULL,0),(545,'playerVirtual15','playerVirtual15_4246147567',1,'2018-03-05 15:01:52',NULL,0),(546,'playerVirtual15','playerVirtual15_e9cae77a60',4,'2018-03-05 15:01:53',NULL,0),(547,'playerVirtual15','playerVirtual15_4246147567',1,'2018-03-05 15:01:53',NULL,0),(548,'playerVirtual19','playerVirtual19_4246147567',0,'2018-03-05 15:01:55',NULL,0),(549,'playerVirtual19','playerVirtual19_27a0d47c33',3,'2018-03-05 15:01:56',NULL,0),(550,'playerVirtual19','playerVirtual19_4246147567',0,'2018-03-05 15:01:56',NULL,0),(551,'playerVirtual4','playerVirtual4_4246147567',0,'2018-03-05 15:02:36',NULL,0),(552,'playerVirtual4','playerVirtual4_aee22ac3ff',4,'2018-03-05 15:02:36',NULL,0),(553,'playerVirtual4','playerVirtual4_4246147567',0,'2018-03-05 15:02:36',NULL,0),(554,'playerVirtual19','playerVirtual19_4246147567',1,'2018-03-05 15:02:57',NULL,0),(555,'playerVirtual19','playerVirtual19_bddeef4c20',4,'2018-03-05 15:02:57',NULL,0),(556,'playerVirtual19','playerVirtual19_4246147567',1,'2018-03-05 15:02:57',NULL,0),(557,'playerVirtual5','playerVirtual5_4246147567',1,'2018-03-05 15:03:25',NULL,0),(558,'playerVirtual5','playerVirtual5_f2c1bfd502',3,'2018-03-05 15:03:25',NULL,0),(559,'playerVirtual5','playerVirtual5_4246147567',1,'2018-03-05 15:03:25',NULL,0),(560,'playerVirtual1368','playerVirtual1368_b2357c16de',4,'2018-03-05 15:05:32',NULL,0),(561,'playerVirtual9','playerVirtual9_4246147567',0,'2018-03-05 15:08:23',NULL,0),(562,'playerVirtual9','playerVirtual9_b9a38b20f4',3,'2018-03-05 15:08:24',NULL,0),(563,'playerVirtual9','playerVirtual9_4246147567',0,'2018-03-05 15:08:28',NULL,0),(564,'playerVirtual16','playerVirtual16_6344084916',0,'2018-03-05 15:08:37',NULL,0),(565,'playerVirtual16','playerVirtual16_6344084916',0,'2018-03-05 15:08:37',NULL,0),(566,'playerVirtual16','playerVirtual16_a5fa256654',3,'2018-03-05 15:09:37',NULL,0),(567,'playerVirtual13','playerVirtual13_6566788',0,'2018-03-05 15:11:22',NULL,0),(568,'playerVirtual13','playerVirtual13_6566788',0,'2018-03-05 15:11:22',NULL,0),(569,'playerVirtual7','playerVirtual7_2e641f1796',4,'2018-03-05 15:11:32',NULL,0),(570,'playerVirtual13','playerVirtual13_c000d23dc0',3,'2018-03-05 15:12:22',NULL,0),(571,'playerVirtual8','playerVirtual8_990694203',1,'2018-03-05 15:12:43',NULL,0),(572,'playerVirtual8','playerVirtual8_5a1c3274ea',4,'2018-03-05 15:12:43',NULL,0),(573,'playerVirtual4','playerVirtual4_4246147567',1,'2018-03-05 15:12:44',NULL,0),(574,'playerVirtual4','playerVirtual4_33901243c7',3,'2018-03-05 15:12:44',NULL,0),(575,'playerVirtual8','playerVirtual8_990694203',1,'2018-03-05 15:12:47',NULL,0),(576,'playerVirtual4','playerVirtual4_4246147567',1,'2018-03-05 15:12:47',NULL,0),(577,'playerVirtual16','playerVirtual16_ff6c38a92a',4,'2018-03-05 15:13:03',NULL,0),(578,'playerVirtual9','playerVirtual9_cae771fc83',4,'2018-03-05 15:13:46',NULL,0),(579,'playerVirtual11','playerVirtual11_4246147567',1,'2018-03-05 15:15:02',NULL,0),(580,'playerVirtual11','playerVirtual11_8325c77412',3,'2018-03-05 15:15:02',NULL,0),(581,'playerVirtual11','playerVirtual11_4246147567',1,'2018-03-05 15:15:02',NULL,0),(582,'playerVirtual3','playerVirtual3_16917741',1,'2018-03-05 15:15:10',NULL,0),(583,'playerVirtual3','playerVirtual3_9047c02100',4,'2018-03-05 15:15:10',NULL,0),(584,'playerVirtual3','playerVirtual3_16917741',1,'2018-03-05 15:15:10',NULL,0);
/*!40000 ALTER TABLE `REQUEST` ENABLE KEYS */;
UNLOCK TABLES;

--
-- Table structure for table `STATUS`
--

DROP TABLE IF EXISTS `STATUS`;
/*!40101 SET @saved_cs_client     = @@character_set_client */;
/*!40101 SET character_set_client = utf8 */;
CREATE TABLE `STATUS` (
  `id` int(11) NOT NULL AUTO_INCREMENT,
  `players` int(11) DEFAULT '0',
  `all_requests` int(11) DEFAULT '0',
  `accepts` int(11) DEFAULT '0',
  `rejects` int(11) DEFAULT '0',
  `fairness` float DEFAULT '0',
  `timestamp` timestamp NULL DEFAULT NULL,
  PRIMARY KEY (`id`)
) ENGINE=InnoDB AUTO_INCREMENT=32 DEFAULT CHARSET=utf8;
/*!40101 SET character_set_client = @saved_cs_client */;

--
-- Dumping data for table `STATUS`
--

LOCK TABLES `STATUS` WRITE;
/*!40000 ALTER TABLE `STATUS` DISABLE KEYS */;
INSERT INTO `STATUS` VALUES (1,0,0,0,0,0,'2018-03-05 12:45:42'),(2,2,4,3,1,0.75,'2018-03-05 12:50:43'),(3,3,10,8,2,0.8,'2018-03-05 12:55:43'),(4,5,15,10,5,0.666667,'2018-03-05 13:00:43'),(5,6,19,13,6,0.684211,'2018-03-05 13:05:43'),(6,8,24,17,7,0.708333,'2018-03-05 13:10:43'),(7,9,33,24,9,0.727273,'2018-03-05 13:15:43'),(8,11,38,29,9,0.763158,'2018-03-05 13:20:43'),(9,12,44,34,10,0.772727,'2018-03-05 13:25:43'),(10,13,50,38,12,0.76,'2018-03-05 13:30:44'),(11,14,55,41,14,0.745455,'2018-03-05 13:35:44'),(12,16,62,47,15,0.758065,'2018-03-05 13:40:44'),(13,17,68,52,16,0.764706,'2018-03-05 13:45:44'),(14,18,70,53,17,0.757143,'2018-03-05 13:50:44'),(15,20,74,56,18,0.756757,'2018-03-05 13:55:44'),(16,21,78,60,18,0.769231,'2018-03-05 14:00:44'),(17,22,80,62,18,0.775,'2018-03-05 14:05:45'),(18,23,83,65,18,0.783133,'2018-03-05 14:10:45'),(19,25,85,66,19,0.776471,'2018-03-05 14:15:45'),(20,25,89,70,19,0.786517,'2018-03-05 14:20:45'),(21,25,92,73,19,0.793478,'2018-03-05 14:25:45'),(22,25,96,76,20,0.791667,'2018-03-05 14:30:45'),(23,25,100,78,22,0.78,'2018-03-05 14:35:45'),(24,26,101,77,24,0.762376,'2018-03-05 14:40:46'),(25,26,106,82,24,0.773585,'2018-03-05 14:45:46'),(26,26,108,84,24,0.777778,'2018-03-05 14:50:46'),(27,26,111,87,24,0.783784,'2018-03-05 14:55:46'),(28,26,115,90,25,0.782609,'2018-03-05 15:00:47'),(29,27,117,92,25,0.786325,'2018-03-05 15:05:47'),(30,27,119,93,26,0.781513,'2018-03-05 15:10:47'),(31,27,120,94,26,0.783333,'2018-03-05 15:15:47');
/*!40000 ALTER TABLE `STATUS` ENABLE KEYS */;
UNLOCK TABLES;

--
-- Table structure for table `THRESHOLD`
--

DROP TABLE IF EXISTS `THRESHOLD`;
/*!40101 SET @saved_cs_client     = @@character_set_client */;
/*!40101 SET character_set_client = utf8 */;
CREATE TABLE `THRESHOLD` (
  `division` int(11) NOT NULL,
  `botton` float DEFAULT '0',
  `top` float DEFAULT '0',
  PRIMARY KEY (`division`)
) ENGINE=InnoDB DEFAULT CHARSET=utf8;
/*!40101 SET character_set_client = @saved_cs_client */;

--
-- Dumping data for table `THRESHOLD`
--

LOCK TABLES `THRESHOLD` WRITE;
/*!40000 ALTER TABLE `THRESHOLD` DISABLE KEYS */;
INSERT INTO `THRESHOLD` VALUES (1,8.76,20),(2,4.38,8.76),(3,0,4.38);
/*!40000 ALTER TABLE `THRESHOLD` ENABLE KEYS */;
UNLOCK TABLES;

--
-- Table structure for table `VM`
--

DROP TABLE IF EXISTS `VM`;
/*!40101 SET @saved_cs_client     = @@character_set_client */;
/*!40101 SET character_set_client = utf8 */;
CREATE TABLE `VM` (
  `id` int(11) NOT NULL AUTO_INCREMENT,
  `origin_add` varchar(45) NOT NULL,
  `origin_id` varchar(45) NOT NULL,
  `origin_name` varchar(45) NOT NULL,
  `destiny_add` varchar(45) NOT NULL,
  `destiny_name` varchar(45) NOT NULL,
  `destiny_id` varchar(45) NOT NULL,
  `status` tinyint(1) NOT NULL,
  `has_resources` tinyint(1) NOT NULL,
  `vcpus` int(11) NOT NULL,
  `mem` bigint(20) NOT NULL,
  `disk` bigint(20) NOT NULL,
  `timestamp_received` timestamp NULL DEFAULT NULL,
  `timestamp_finished` timestamp NULL DEFAULT NULL,
  PRIMARY KEY (`id`)
) ENGINE=InnoDB AUTO_INCREMENT=121 DEFAULT CHARSET=utf8;
/*!40101 SET character_set_client = @saved_cs_client */;

--
-- Dumping data for table `VM`
--

LOCK TABLES `VM` WRITE;
/*!40000 ALTER TABLE `VM` DISABLE KEYS */;
INSERT INTO `VM` VALUES (1,'192.168.0.200','playerVirtual1_450512000','playerVirtual1','192.168.0.200','playerVirtual2','playerVirtual2_3174aa542a',1,1,1,2048,20,'2018-03-05 12:47:55',NULL),(2,'192.168.0.200','playerVirtual2_1438244924','playerVirtual2','192.168.0.200','playerVirtual1','playerVirtual1_211628218f',3,1,1,2048,20,'2018-03-05 12:47:57','2018-03-05 13:49:00'),(3,'192.168.0.200','playerVirtual1_640692267','playerVirtual1','192.168.0.200','playerVirtual2','playerVirtual2_eb3d72800a',1,1,1,512,1,'2018-03-05 12:50:01',NULL),(4,'192.168.0.200','playerVirtual2_2381571381','playerVirtual2','192.168.0.200','playerVirtual1','playerVirtual2_2381571381',0,0,1,2048,20,'2018-03-05 12:50:02','2018-03-05 12:50:02'),(5,'192.168.0.200','playerVirtual1_5297461910','playerVirtual1','192.168.0.200','playerVirtual3','playerVirtual3_441d7c9def',1,1,1,512,1,'2018-03-05 12:52:04',NULL),(6,'192.168.0.200','playerVirtual2_2790332778','playerVirtual2','192.168.0.200','playerVirtual3','playerVirtual3_30347a704e',1,1,2,4096,40,'2018-03-05 12:52:09',NULL),(7,'192.168.0.200','playerVirtual3_369721705','playerVirtual3','192.168.0.200','playerVirtual2','playerVirtual2_d8c73d645d',1,1,2,4096,40,'2018-03-05 12:53:11',NULL),(8,'192.168.0.200','playerVirtual1_317469422','playerVirtual1','192.168.0.200','playerVirtual2','playerVirtual2_46669a365e',1,1,2,4096,40,'2018-03-05 12:54:13',NULL),(9,'192.168.0.200','playerVirtual2_6955737','playerVirtual2','192.168.0.200','playerVirtual1','playerVirtual2_6955737',0,0,1,2048,20,'2018-03-05 12:54:14','2018-03-05 12:54:14'),(10,'192.168.0.200','playerVirtual3_257338104','playerVirtual3','192.168.0.200','playerVirtual2','playerVirtual2_374260d693',1,1,2,4096,40,'2018-03-05 12:55:12',NULL),(11,'192.168.0.200','playerVirtual2_2433236783','playerVirtual2','192.168.0.200','playerVirtual3','playerVirtual2_2433236783',0,0,1,2048,20,'2018-03-05 12:56:23','2018-03-05 12:56:23'),(12,'192.168.0.200','playerVirtual3_3338579772','playerVirtual3','192.168.0.200','playerVirtual4','playerVirtual4_e3a2c25d1a',3,1,1,2048,20,'2018-03-05 12:57:26','2018-03-05 13:46:36'),(13,'192.168.0.200','playerVirtual2_182859403','playerVirtual2','192.168.0.200','playerVirtual0','playerVirtual2_182859403',0,1,1,512,1,'2018-03-05 12:58:36','2018-03-05 12:58:36'),(14,'192.168.0.200','playerVirtual3_16917741','playerVirtual3','192.168.0.200','playerVirtual4','playerVirtual4_3cc7280b36',3,1,1,512,1,'2018-03-05 12:59:40','2018-03-05 15:15:10'),(15,'192.168.0.200','playerVirtual4_2545640208','playerVirtual4','192.168.0.200','playerVirtual0','playerVirtual4_2545640208',0,1,1,2048,20,'2018-03-05 13:00:35','2018-03-05 13:00:35'),(16,'192.168.0.200','playerVirtual2_908315','playerVirtual2','192.168.0.200','playerVirtual4','playerVirtual4_11f1d59795',3,1,1,2048,20,'2018-03-05 13:01:00','2018-03-05 14:11:01'),(17,'192.168.0.200','playerVirtual3_539194189','playerVirtual3','192.168.0.200','playerVirtual5','playerVirtual5_86b9636f45',3,1,1,2048,20,'2018-03-05 13:02:12','2018-03-05 14:18:31'),(18,'192.168.0.200','playerVirtual4_8058564','playerVirtual4','192.168.0.200','playerVirtual0','playerVirtual4_8058564',0,1,1,2048,20,'2018-03-05 13:04:29','2018-03-05 13:04:29'),(19,'192.168.0.200','playerVirtual2_3338010893','playerVirtual2','192.168.0.200','playerVirtual4','playerVirtual4_c7dd48d420',1,1,1,512,1,'2018-03-05 13:04:55',NULL),(20,'192.168.0.200','playerVirtual3_82730999','playerVirtual3','192.168.0.200','playerVirtual5','playerVirtual5_fc28d3520c',1,1,1,512,1,'2018-03-05 13:06:03',NULL),(21,'192.168.0.200','playerVirtual4_6571218','playerVirtual4','192.168.0.200','playerVirtual6','playerVirtual6_1a9c72dc10',1,1,1,2048,20,'2018-03-05 13:07:00',NULL),(22,'192.168.0.200','playerVirtual5_1436344784','playerVirtual5','192.168.0.200','playerVirtual4','playerVirtual4_850f64adfa',3,1,1,2048,20,'2018-03-05 13:07:25','2018-03-05 13:57:57'),(23,'192.168.0.200','playerVirtual2_778566023','playerVirtual2','192.168.0.200','playerVirtual5','playerVirtual5_5f93d8b5f9',1,1,1,512,1,'2018-03-05 13:07:27',NULL),(24,'192.168.0.200','playerVirtual3_317497342','playerVirtual3','192.168.0.200','playerVirtual1004','playerVirtual3_317497342',0,1,1,512,1,'2018-03-05 13:08:45','2018-03-05 13:08:45'),(25,'192.168.0.200','playerVirtual4_284794223','playerVirtual4','192.168.0.200','playerVirtual6','playerVirtual6_727f886f9c',1,1,1,2048,20,'2018-03-05 13:11:02',NULL),(26,'192.168.0.200','playerVirtual2_2904109077','playerVirtual2','192.168.0.200','playerVirtual4','playerVirtual4_b040e97f1a',1,1,1,512,1,'2018-03-05 13:11:29',NULL),(27,'192.168.0.200','playerVirtual5_904011','playerVirtual5','192.168.0.200','playerVirtual1004','playerVirtual5_904011',0,1,1,2048,20,'2018-03-05 13:11:46','2018-03-05 13:11:46'),(28,'192.168.0.200','playerVirtual6_905614','playerVirtual6','192.168.0.200','playerVirtual7','playerVirtual7_7241e371a8',1,1,1,2048,20,'2018-03-05 13:12:29',NULL),(29,'192.168.0.200','playerVirtual3_257338074','playerVirtual3','192.168.0.200','playerVirtual5','playerVirtual5_93a26210e1',1,1,2,4096,40,'2018-03-05 13:12:37',NULL),(30,'192.168.0.200','playerVirtual4_6569547','playerVirtual4','192.168.0.200','playerVirtual6','playerVirtual6_b3646afb30',1,1,1,2048,20,'2018-03-05 13:13:36',NULL),(31,'192.168.0.200','playerVirtual2_470485660','playerVirtual2','192.168.0.200','playerVirtual4','playerVirtual4_5cac7e9af9',1,1,2,4096,40,'2018-03-05 13:14:05',NULL),(32,'192.168.0.200','playerVirtual5_30788568','playerVirtual5','192.168.0.200','playerVirtual1004','playerVirtual5_30788568',0,1,1,512,1,'2018-03-05 13:14:06','2018-03-05 13:14:06'),(33,'192.168.0.200','playerVirtual3_400453824','playerVirtual3','192.168.0.200','playerVirtual5','playerVirtual5_f0bf26b146',1,1,1,512,1,'2018-03-05 13:15:33',NULL),(34,'192.168.0.200','playerVirtual6_38671842','playerVirtual6','192.168.0.200','playerVirtual8','playerVirtual8_8d99f9fb76',1,1,1,512,1,'2018-03-05 13:17:14',NULL),(35,'192.168.0.200','playerVirtual4_4820318661','playerVirtual4','192.168.0.200','playerVirtual2','playerVirtual2_ecef1f4cba',1,1,2,4096,40,'2018-03-05 13:17:58',NULL),(36,'192.168.0.200','playerVirtual2_4820217293','playerVirtual2','192.168.0.200','playerVirtual6','playerVirtual6_9495a945ea',1,1,2,4096,40,'2018-03-05 13:18:29',NULL),(37,'192.168.0.200','playerVirtual5_6264344062','playerVirtual5','192.168.0.200','playerVirtual4','playerVirtual4_b2cd059e1a',3,1,1,512,1,'2018-03-05 13:18:45','2018-03-05 13:53:55'),(38,'192.168.0.200','playerVirtual3_5068098508','playerVirtual3','192.168.0.200','playerVirtual8','playerVirtual8_7988c4ac11',3,1,1,2048,20,'2018-03-05 13:19:51','2018-03-05 14:05:12'),(39,'192.168.0.200','playerVirtual6_1095593','playerVirtual6','192.168.0.200','playerVirtual8','playerVirtual8_54ed42c4ca',3,1,1,512,1,'2018-03-05 13:20:57','2018-03-05 13:51:45'),(40,'192.168.0.200','playerVirtual4_2148750930','playerVirtual4','192.168.0.200','playerVirtual1289','playerVirtual4_2148750930',0,1,1,2048,20,'2018-03-05 13:22:08','2018-03-05 13:22:08'),(41,'192.168.0.200','playerVirtual8_227443932','playerVirtual8','192.168.0.200','playerVirtual9','playerVirtual9_c7d60c1e2b',1,1,1,2048,20,'2018-03-05 13:22:24',NULL),(42,'192.168.0.200','playerVirtual2_765651','playerVirtual2','192.168.0.200','playerVirtual6','playerVirtual6_6f8f6c744b',1,1,1,2048,20,'2018-03-05 13:22:44',NULL),(43,'192.168.0.200','playerVirtual5_16915963','playerVirtual5','192.168.0.200','playerVirtual4','playerVirtual4_e9571d9951',1,1,1,2048,20,'2018-03-05 13:22:47',NULL),(44,'192.168.0.200','playerVirtual3_5623125514','playerVirtual3','192.168.0.200','playerVirtual8','playerVirtual8_8ef40e5085',1,1,1,2048,20,'2018-03-05 13:24:18',NULL),(45,'192.168.0.200','playerVirtual8_182859403','playerVirtual8','192.168.0.200','playerVirtual1289','playerVirtual8_182859403',0,1,1,512,1,'2018-03-05 13:25:50','2018-03-05 13:25:50'),(46,'192.168.0.200','playerVirtual6_6274355716','playerVirtual6','192.168.0.200','playerVirtual9','playerVirtual9_90dca28220',3,1,1,512,1,'2018-03-05 13:26:05','2018-03-05 14:05:36'),(47,'192.168.0.200','playerVirtual4_38676294','playerVirtual4','192.168.0.200','playerVirtual6','playerVirtual6_a536cf28c2',1,1,1,512,1,'2018-03-05 13:26:50',NULL),(48,'192.168.0.200','playerVirtual9_272887063','playerVirtual9','192.168.0.200','playerVirtual10','playerVirtual10_4e32a789a0',3,1,1,2048,20,'2018-03-05 13:27:44','2018-03-05 13:31:57'),(49,'192.168.0.200','playerVirtual5_4820204870','playerVirtual5','192.168.0.200','playerVirtual8','playerVirtual8_833b3f563a',1,1,2,4096,40,'2018-03-05 13:28:54',NULL),(50,'192.168.0.200','playerVirtual3_990694203','playerVirtual3','192.168.0.200','playerVirtual1289','playerVirtual3_990694203',0,1,1,2048,20,'2018-03-05 13:30:32','2018-03-05 13:30:32'),(51,'192.168.0.200','playerVirtual6_6280643141','playerVirtual6','192.168.0.200','playerVirtual10','playerVirtual10_9fd3dfd93c',1,1,1,512,1,'2018-03-05 13:31:41',NULL),(52,'192.168.0.200','playerVirtual2_4476462938','playerVirtual2','192.168.0.200','playerVirtual11','playerVirtual11_24a0fde29a',1,1,1,2048,20,'2018-03-05 13:32:38',NULL),(53,'192.168.0.200','playerVirtual4_6282149131','playerVirtual4','192.168.0.200','playerVirtual6','playerVirtual6_0da0accf0d',1,1,1,512,1,'2018-03-05 13:33:10',NULL),(54,'192.168.0.200','playerVirtual5_2359368952','playerVirtual5','192.168.0.200','playerVirtual8','playerVirtual8_688c8a78f6',1,1,1,512,1,'2018-03-05 13:33:51',NULL),(55,'192.168.0.200','playerVirtual10_6280638724','playerVirtual10','192.168.0.200','playerVirtual1289','playerVirtual10_6280638724',0,1,1,512,1,'2018-03-05 13:34:42','2018-03-05 13:34:42'),(56,'192.168.0.200','playerVirtual8_1094955','playerVirtual8','192.168.0.200','playerVirtual10','playerVirtual10_5ec5c1ce25',1,1,1,512,1,'2018-03-05 13:36:18',NULL),(57,'192.168.0.200','playerVirtual6_16914091','playerVirtual6','192.168.0.200','playerVirtual12','playerVirtual12_c43a52528c',1,1,1,2048,20,'2018-03-05 13:37:36',NULL),(58,'192.168.0.200','playerVirtual9_1436323714','playerVirtual9','192.168.0.200','playerVirtual11','playerVirtual11_41ba985251',1,1,1,2048,20,'2018-03-05 13:37:59',NULL),(59,'192.168.0.200','playerVirtual2_182859403','playerVirtual2','192.168.0.200','playerVirtual8','playerVirtual8_08bac512f5',1,1,1,512,1,'2018-03-05 13:38:22',NULL),(60,'192.168.0.200','playerVirtual10_1438244924','playerVirtual10','192.168.0.200','playerVirtual12','playerVirtual12_96ca953cc3',3,1,1,2048,20,'2018-03-05 13:38:36','2018-03-05 13:48:09'),(61,'192.168.0.200','playerVirtual4_6641406','playerVirtual4','192.168.0.200','playerVirtual10','playerVirtual10_10ea9456c0',1,1,1,2048,20,'2018-03-05 13:38:37',NULL),(62,'192.168.0.200','playerVirtual11_682797','playerVirtual11','192.168.0.200','playerVirtual1901','playerVirtual11_682797',0,1,1,2048,20,'2018-03-05 13:40:21','2018-03-05 13:40:21'),(63,'192.168.0.200','playerVirtual5_6955737','playerVirtual5','192.168.0.200','playerVirtual11','playerVirtual11_fd17186d5c',3,1,1,2048,20,'2018-03-05 13:41:13','2018-03-05 13:46:12'),(64,'192.168.0.200','playerVirtual3_6955737','playerVirtual3','192.168.0.200','playerVirtual13','playerVirtual13_cd1d62b966',1,1,1,2048,20,'2018-03-05 13:42:02',NULL),(65,'192.168.0.200','playerVirtual9_6289355687','playerVirtual9','192.168.0.200','playerVirtual12','playerVirtual12_d58a48663b',1,1,1,512,1,'2018-03-05 13:44:20',NULL),(66,'192.168.0.200','playerVirtual8_2381571381','playerVirtual8','192.168.0.200','playerVirtual10','playerVirtual10_08fde129d8',1,1,1,2048,20,'2018-03-05 13:44:22',NULL),(67,'192.168.0.200','playerVirtual6_2378747961','playerVirtual6','192.168.0.200','playerVirtual8','playerVirtual8_4a16e5b331',3,1,1,512,1,'2018-03-05 13:44:31','2018-03-05 13:57:50'),(68,'192.168.0.200','playerVirtual11_1436344784','playerVirtual11','192.168.0.200','playerVirtual1901','playerVirtual11_1436344784',0,1,1,2048,20,'2018-03-05 13:44:46','2018-03-05 13:44:46'),(69,'192.168.0.200','playerVirtual12_3338579772','playerVirtual12','192.168.0.200','playerVirtual11','playerVirtual11_3cf9b57deb',1,1,1,2048,20,'2018-03-05 13:46:34',NULL),(70,'192.168.0.200','playerVirtual4_1438244924','playerVirtual4','192.168.0.200','playerVirtual13','playerVirtual13_58039ac316',1,1,1,2048,20,'2018-03-05 13:46:38',NULL),(71,'192.168.0.200','playerVirtual8_6296268057','playerVirtual8','192.168.0.200','playerVirtual14','playerVirtual14_60a10d9126',1,1,1,512,1,'2018-03-05 13:52:12',NULL),(72,'192.168.0.200','playerVirtual9_990694203','playerVirtual9','192.168.0.200','playerVirtual15','playerVirtual15_af2cf07c44',3,1,1,2048,20,'2018-03-05 13:52:33','2018-03-05 13:58:54'),(73,'192.168.0.200','playerVirtual13_794070039','playerVirtual13','192.168.0.200','playerVirtual12','playerVirtual12_7a0edb08dc',1,1,1,512,1,'2018-03-05 13:52:50',NULL),(74,'192.168.0.200','playerVirtual12_6301942525','playerVirtual12','192.168.0.200','playerVirtual1713','playerVirtual12_6301942525',0,1,1,512,1,'2018-03-05 13:54:16','2018-03-05 13:54:16'),(75,'192.168.0.200','playerVirtual11_6296865278','playerVirtual11','192.168.0.200','playerVirtual10','playerVirtual10_bd63daeb23',1,1,1,512,1,'2018-03-05 13:56:27',NULL),(76,'192.168.0.200','playerVirtual10_6289704471','playerVirtual10','192.168.0.200','playerVirtual16','playerVirtual16_bc531ede58',3,1,1,2048,20,'2018-03-05 13:57:46','2018-03-05 14:08:20'),(77,'192.168.0.200','playerVirtual4_5297461910','playerVirtual4','192.168.0.200','playerVirtual8','playerVirtual8_edb2d35e9a',1,1,1,512,1,'2018-03-05 13:57:46',NULL),(78,'192.168.0.200','playerVirtual3_6264344062','playerVirtual3','192.168.0.200','playerVirtual13','playerVirtual13_388fb64e43',1,1,1,2048,20,'2018-03-05 13:58:50',NULL),(79,'192.168.0.200','playerVirtual13_908315','playerVirtual13','192.168.0.200','playerVirtual14','playerVirtual14_0067212148',1,1,1,2048,20,'2018-03-05 14:01:59',NULL),(80,'192.168.0.200','playerVirtual8_182859403','playerVirtual8','192.168.0.200','playerVirtual17','playerVirtual17_d660abb070',1,1,1,512,1,'2018-03-05 14:05:14',NULL),(81,'192.168.0.200','playerVirtual12_539194189','playerVirtual12','192.168.0.200','playerVirtual18','playerVirtual18_e4b037cf01',1,1,1,2048,20,'2018-03-05 14:07:34',NULL),(82,'192.168.0.200','playerVirtual11_6289704471','playerVirtual11','192.168.0.200','playerVirtual9','playerVirtual9_6b3cb32933',1,1,1,2048,20,'2018-03-05 14:07:36',NULL),(83,'192.168.0.200','playerVirtual4_4246147567','playerVirtual4','192.168.0.200','playerVirtual15','playerVirtual15_6945521172',3,1,2,4096,40,'2018-03-05 14:09:33','2018-03-05 15:12:47'),(84,'192.168.0.200','playerVirtual9_4246147567','playerVirtual9','192.168.0.200','playerVirtual19','playerVirtual19_da89e7344d',3,1,2,4096,40,'2018-03-05 14:14:41','2018-03-05 14:21:02'),(85,'192.168.0.200','playerVirtual8_2378747961','playerVirtual8','192.168.0.200','playerVirtual1488','playerVirtual8_2378747961',0,1,1,512,1,'2018-03-05 14:15:09','2018-03-05 14:15:09'),(86,'192.168.0.200','playerVirtual13_4246147567','playerVirtual13','192.168.0.200','playerVirtual10','playerVirtual10_171cb4c7ad',3,1,2,4096,40,'2018-03-05 14:16:25','2018-03-05 14:50:17'),(87,'192.168.0.200','playerVirtual12_990694203','playerVirtual12','192.168.0.200','playerVirtual16','playerVirtual16_bdb588b94f',3,1,1,2048,20,'2018-03-05 14:18:39','2018-03-05 14:31:58'),(88,'192.168.0.200','playerVirtual6_6316827871','playerVirtual6','192.168.0.200','playerVirtual5','playerVirtual5_aecbad76eb',1,1,1,512,1,'2018-03-05 14:19:52',NULL),(89,'192.168.0.200','playerVirtual10_4246147567','playerVirtual10','192.168.0.200','playerVirtual13','playerVirtual13_d4389caa6e',3,1,2,4096,40,'2018-03-05 14:20:42','2018-03-05 14:57:05'),(90,'192.168.0.200','playerVirtual11_4246147567','playerVirtual11','192.168.0.200','playerVirtual14','playerVirtual14_493fb18a02',3,1,2,4096,40,'2018-03-05 14:20:56','2018-03-05 15:15:02'),(91,'192.168.0.200','playerVirtual5_4246147567','playerVirtual5','192.168.0.200','playerVirtual4','playerVirtual4_ee1712fa2a',3,1,2,4096,40,'2018-03-05 14:21:16','2018-03-05 15:03:26'),(92,'192.168.0.200','playerVirtual14_4246147567','playerVirtual14','192.168.0.200','playerVirtual18','playerVirtual18_c6b8c244fc',3,1,2,4096,40,'2018-03-05 14:24:43','2018-03-05 14:51:50'),(93,'192.168.0.200','playerVirtual2_4246147567','playerVirtual2','192.168.0.200','playerVirtual8','playerVirtual8_bf8bd7d314',3,1,2,4096,40,'2018-03-05 14:26:46','2018-03-05 15:01:08'),(94,'192.168.0.200','playerVirtual18_5068098508','playerVirtual18','192.168.0.200','playerVirtual15','playerVirtual15_0771c6b066',3,1,1,2048,20,'2018-03-05 14:27:55','2018-03-05 14:32:37'),(95,'192.168.0.200','playerVirtual3_359920779','playerVirtual3','192.168.0.200','playerVirtual19','playerVirtual19_5871d03955',1,1,1,512,1,'2018-03-05 14:28:54',NULL),(96,'192.168.0.200','playerVirtual8_6322213339','playerVirtual8','192.168.0.200','playerVirtual2','playerVirtual2_b69947ddd5',1,1,1,512,1,'2018-03-05 14:29:43',NULL),(97,'192.168.0.200','playerVirtual6_4246147567','playerVirtual6','192.168.0.200','playerVirtual10','playerVirtual10_e643ab14fd',3,1,2,4096,40,'2018-03-05 14:30:50','2018-03-05 14:46:01'),(98,'192.168.0.200','playerVirtual15_4246147567','playerVirtual15','192.168.0.200','playerVirtual16','playerVirtual16_d1d76c9b87',3,1,2,4096,40,'2018-03-05 14:32:59','2018-03-05 15:01:53'),(99,'192.168.0.200','playerVirtual19_4246147567','playerVirtual19','192.168.0.200','playerVirtual13','playerVirtual13_0a95a89828',3,1,2,4096,40,'2018-03-05 14:34:02','2018-03-05 15:02:57'),(100,'192.168.0.200','playerVirtual4_4246147567','playerVirtual4','192.168.0.200','playerVirtual14','playerVirtual14_52406c8a69',3,1,2,4096,40,'2018-03-05 14:34:39','2018-03-05 15:12:47'),(101,'192.168.0.200','playerVirtual9_4246147567','playerVirtual9','192.168.0.200','playerVirtual1881','playerVirtual9_4246147567',0,1,2,4096,40,'2018-03-05 14:40:10','2018-03-05 14:40:10'),(102,'192.168.0.200','playerVirtual16_4246147567','playerVirtual16','192.168.0.200','playerVirtual18','playerVirtual18_d7f9f73f2d',1,1,2,4096,40,'2018-03-05 14:41:00',NULL),(103,'192.168.0.200','playerVirtual13_4246147567','playerVirtual13','192.168.0.200','playerVirtual15','playerVirtual15_e17632f474',3,1,2,4096,40,'2018-03-05 14:42:17','2018-03-05 14:50:17'),(104,'192.168.0.200','playerVirtual8_6335261139','playerVirtual8','192.168.0.200','playerVirtual4','playerVirtual4_cf761a2290',1,1,1,512,1,'2018-03-05 14:42:52',NULL),(105,'192.168.0.200','playerVirtual3_4246147567','playerVirtual3','192.168.0.200','playerVirtual19','playerVirtual19_7d2785e16f',3,1,2,4096,40,'2018-03-05 14:45:02','2018-03-05 14:56:25'),(106,'192.168.0.200','playerVirtual12_4246147567','playerVirtual12','192.168.0.200','playerVirtual16','playerVirtual16_f597dbf49d',3,1,2,4096,40,'2018-03-05 14:45:37','2018-03-05 14:58:59'),(107,'192.168.0.200','playerVirtual10_4246147567','playerVirtual10','192.168.0.200','playerVirtual13','playerVirtual13_589c5c0e55',3,1,2,4096,40,'2018-03-05 14:47:26','2018-03-05 14:57:05'),(108,'192.168.0.200','playerVirtual5_4246147567','playerVirtual5','192.168.0.200','playerVirtual10','playerVirtual10_aa0aef8cff',3,1,2,4096,40,'2018-03-05 14:49:27','2018-03-05 15:03:26'),(109,'192.168.0.200','playerVirtual14_4246147567','playerVirtual14','192.168.0.200','playerVirtual18','playerVirtual18_86e2168c17',3,1,2,4096,40,'2018-03-05 14:50:49','2018-03-05 14:51:50'),(110,'192.168.0.200','playerVirtual2_4246147567','playerVirtual2','192.168.0.200','playerVirtual8','playerVirtual8_870d3647dd',3,1,2,4096,40,'2018-03-05 14:54:12','2018-03-05 15:01:08'),(111,'192.168.0.200','playerVirtual18_4246147567','playerVirtual18','192.168.0.200','playerVirtual14','playerVirtual14_c381ac559e',3,1,2,4096,40,'2018-03-05 14:55:06','2018-03-05 14:59:48'),(112,'192.168.0.200','playerVirtual8_990694203','playerVirtual8','192.168.0.200','playerVirtual2','playerVirtual2_539d856401',3,1,1,2048,20,'2018-03-05 14:59:30','2018-03-05 15:12:47'),(113,'192.168.0.200','playerVirtual6_272887063','playerVirtual6','192.168.0.200','playerVirtual15','playerVirtual15_aaa1fd0722',1,1,1,2048,20,'2018-03-05 15:00:11',NULL),(114,'192.168.0.200','playerVirtual11_4246147567','playerVirtual11','192.168.0.200','playerVirtual16','playerVirtual16_714b43508d',3,1,2,4096,40,'2018-03-05 15:00:28','2018-03-05 15:15:02'),(115,'192.168.0.200','playerVirtual15_4246147567','playerVirtual15','192.168.0.200','playerVirtual16','playerVirtual16_affd682ae9',3,1,2,4096,40,'2018-03-05 15:00:38','2018-03-05 15:01:53'),(116,'192.168.0.200','playerVirtual19_4246147567','playerVirtual19','192.168.0.200','playerVirtual13','playerVirtual13_0a26a88e7b',3,1,2,4096,40,'2018-03-05 15:01:56','2018-03-05 15:02:57'),(117,'192.168.0.200','playerVirtual4_4246147567','playerVirtual4','192.168.0.200','playerVirtual19','playerVirtual19_8bf9f3be16',3,1,2,4096,40,'2018-03-05 15:02:36','2018-03-05 15:12:47'),(118,'192.168.0.200','playerVirtual9_4246147567','playerVirtual9','192.168.0.200','playerVirtual1368','playerVirtual9_4246147567',0,1,2,4096,40,'2018-03-05 15:08:28','2018-03-05 15:08:28'),(119,'192.168.0.200','playerVirtual16_6344084916','playerVirtual16','192.168.0.200','playerVirtual18','playerVirtual18_6b08f3394e',1,1,1,512,1,'2018-03-05 15:08:37',NULL),(120,'192.168.0.200','playerVirtual13_6566788','playerVirtual13','192.168.0.200','playerVirtual14','playerVirtual14_492cee4d95',1,1,1,2048,20,'2018-03-05 15:11:22',NULL);
/*!40000 ALTER TABLE `VM` ENABLE KEYS */;
UNLOCK TABLES;
/*!40103 SET TIME_ZONE=@OLD_TIME_ZONE */;

/*!40101 SET SQL_MODE=@OLD_SQL_MODE */;
/*!40014 SET FOREIGN_KEY_CHECKS=@OLD_FOREIGN_KEY_CHECKS */;
/*!40014 SET UNIQUE_CHECKS=@OLD_UNIQUE_CHECKS */;
/*!40101 SET CHARACTER_SET_CLIENT=@OLD_CHARACTER_SET_CLIENT */;
/*!40101 SET CHARACTER_SET_RESULTS=@OLD_CHARACTER_SET_RESULTS */;
/*!40101 SET COLLATION_CONNECTION=@OLD_COLLATION_CONNECTION */;
/*!40111 SET SQL_NOTES=@OLD_SQL_NOTES */;

-- Dump completed on 2018-03-05 12:15:51
