-- MySQL dump 10.14  Distrib 5.5.58-MariaDB, for debian-linux-gnu (x86_64)
--
-- Host: localhost    Database: mct
-- ------------------------------------------------------
-- Server version	5.5.58-MariaDB-1ubuntu0.14.04.1

/*!40101 SET @OLD_CHARACTER_SET_CLIENT=@@CHARACTER_SET_CLIENT */;
/*!40101 SET @OLD_CHARACTER_SET_RESULTS=@@CHARACTER_SET_RESULTS */;
/*!40101 SET @OLD_COLLATION_CONNECTION=@@COLLATION_CONNECTION */;
/*!40101 SET NAMES utf8 */;
/*!40103 SET @OLD_TIME_ZONE=@@TIME_ZONE */;
/*!40103 SET TIME_ZONE='+00:00' */;
/*!40014 SET @OLD_UNIQUE_CHECKS=@@UNIQUE_CHECKS, UNIQUE_CHECKS=0 */;
/*!40014 SET @OLD_FOREIGN_KEY_CHECKS=@@FOREIGN_KEY_CHECKS, FOREIGN_KEY_CHECKS=0 */;
/*!40101 SET @OLD_SQL_MODE=@@SQL_MODE, SQL_MODE='NO_AUTO_VALUE_ON_ZERO' */;
/*!40111 SET @OLD_SQL_NOTES=@@SQL_NOTES, SQL_NOTES=0 */;

--
-- Table structure for table `FIELDS`
--

DROP TABLE IF EXISTS `FIELDS`;
/*!40101 SET @saved_cs_client     = @@character_set_client */;
/*!40101 SET character_set_client = utf8 */;
CREATE TABLE `FIELDS` (
  `operation` int(11) NOT NULL,
  `fields` varchar(45) NOT NULL,
  PRIMARY KEY (`operation`)
) ENGINE=InnoDB DEFAULT CHARSET=utf8;
/*!40101 SET character_set_client = @saved_cs_client */;

--
-- Dumping data for table `FIELDS`
--

LOCK TABLES `FIELDS` WRITE;
/*!40000 ALTER TABLE `FIELDS` DISABLE KEYS */;
INSERT INTO `FIELDS` VALUES (0,'name mem image vcpus disk uuid');
/*!40000 ALTER TABLE `FIELDS` ENABLE KEYS */;
UNLOCK TABLES;

--
-- Table structure for table `PLAYER`
--

DROP TABLE IF EXISTS `PLAYER`;
/*!40101 SET @saved_cs_client     = @@character_set_client */;
/*!40101 SET character_set_client = utf8 */;
CREATE TABLE `PLAYER` (
  `id` int(11) NOT NULL AUTO_INCREMENT,
  `name` varchar(45) NOT NULL,
  `address` varchar(45) NOT NULL,
  `division` int(11) DEFAULT NULL,
  `score` float DEFAULT '0',
  `history` int(11) DEFAULT '0',
  `fairness` float DEFAULT '0',
  `accepts` int(11) DEFAULT '0',
  `rejects` int(11) DEFAULT '0',
  `running` int(11) DEFAULT '0',
  `finished` int(11) DEFAULT '0',
  `problem_del` int(11) DEFAULT '0',
  `vcpus` int(11) DEFAULT '0',
  `memory` bigint(20) DEFAULT '0',
  `local_gb` bigint(20) DEFAULT '0',
  `vcpus_used` bigint(20) DEFAULT '0',
  `memory_used` bigint(20) DEFAULT '0',
  `local_gb_used` bigint(20) DEFAULT '0',
  `max_instance` int(11) DEFAULT '0',
  `token` varchar(45) DEFAULT NULL,
  `suspend` timestamp NULL DEFAULT NULL,
  `enabled` int(11) DEFAULT '0',
  `last_choice` timestamp NOT NULL DEFAULT '2018-01-01 02:00:00',
  `playoff` tinyint(1) DEFAULT '0',
  PRIMARY KEY (`id`)
) ENGINE=InnoDB AUTO_INCREMENT=21 DEFAULT CHARSET=utf8;
/*!40101 SET character_set_client = @saved_cs_client */;

--
-- Dumping data for table `PLAYER`
--

LOCK TABLES `PLAYER` WRITE;
/*!40000 ALTER TABLE `PLAYER` DISABLE KEYS */;
INSERT INTO `PLAYER` VALUES (1,'playerVirtual1','192.168.0.200',4,-3,0,1,0,3,0,0,0,1023,1047552,10230,0,0,0,99,'1ac50ea31451eb75c0588b2b2b2ca757d3959774',NULL,0,'2018-02-13 06:13:12',1),(2,'playerVirtual11','192.168.0.200',1,13.6,49,0.75,12,0,5,7,0,1023,1047552,10230,6,10752,101,99,'16b90ddf9b05e182c0873886101e79860aebac4d',NULL,1,'2018-02-13 09:48:12',0),(3,'playerVirtual4','192.168.0.200',4,-3,0,1,0,3,0,0,0,1023,1047552,10230,0,0,0,99,'0158a6ee5227aab6b24b5fce123a6b8f64116891',NULL,0,'2018-02-13 06:13:27',1),(4,'playerVirtual8','192.168.0.200',1,11.3,49,0.75,12,0,9,3,0,1023,1047552,10230,9,9216,66,99,'0f06f3ca8117baa849537fa5cc4a56785f02062e',NULL,1,'2018-02-13 09:29:32',0),(5,'playerVirtual2','192.168.0.200',4,-1.01,0,0.8,3,2,2,1,0,1023,1047552,10230,3,6144,60,99,'835fbbebf3fca310afde7f275df569adc5771166',NULL,0,'2018-02-13 06:27:12',1),(6,'playerVirtual13','192.168.0.200',1,11.27,47,0.666667,10,0,0,10,0,1023,1047552,10230,0,0,0,99,'b802166a1f52a7c07992412e63d0913cfd6623b1',NULL,1,'2018-02-13 09:49:29',0),(7,'playerVirtual3','192.168.0.200',4,-0.01,0,1,2,2,1,1,0,1023,1047552,10230,2,4096,40,99,'81a39300bfdc7c77d5471401769545d02ba26c2f',NULL,0,'2018-02-13 06:21:18',1),(8,'playerVirtual6','192.168.0.200',4,-1.01,0,1,1,3,1,0,0,1023,1047552,10230,2,4096,40,99,'0014345a81e88b39f1f10e8e39204ba79eadcbbb',NULL,0,'2018-02-13 06:21:54',1),(9,'playerVirtual15','192.168.0.200',1,13.6,47,0.727273,12,0,4,8,0,1023,1047552,10230,5,7168,62,99,'8236dc1c7ec561cd9d81b6a5359402ba6c6b2274',NULL,1,'2018-02-13 09:55:14',0),(10,'playerVirtual17','192.168.0.200',1,14.27,49,1,12,0,4,8,0,1023,1047552,10230,4,2048,4,99,'e3ab2f41e8ad47c1df596fe11e30ddf92e505cb7',NULL,1,'2018-02-13 09:50:47',0),(11,'playerVirtual19','192.168.0.200',1,11.28,49,0.8,12,0,6,6,0,1023,1047552,10230,7,12800,121,99,'b98e2431eeb6590b7215b5f71a13cdad6a77e7cd',NULL,1,'2018-02-13 10:12:02',0),(12,'playerVirtual5','192.168.0.200',4,-2,0,1,0,2,0,0,0,1023,1047552,10230,0,0,0,99,'6139b6d2e6fe66652a89a015fb6343e2baeeaeb6',NULL,0,'2018-02-13 06:11:02',1),(13,'playerVirtual9','192.168.0.200',1,12.94,49,0.818182,12,0,4,8,0,1023,1047552,10230,7,14336,140,99,'b18fbe19d4de5c553db5222344e5f9e9f83c3ef5',NULL,1,'2018-02-13 10:12:05',0),(14,'playerVirtual7','192.168.0.200',4,-2,0,1,0,2,0,0,0,1023,1047552,10230,0,0,0,99,'cc50561538d34e9946cef0e5e9c1b481cefbe8c9',NULL,0,'2018-02-13 06:11:03',1),(15,'playerVirtual14','192.168.0.200',1,11.29,49,1,11,0,6,5,0,1023,1047552,10230,7,11264,102,99,'55fee90ee523d323820af64c0b75adcdcf2e2de0',NULL,1,'2018-02-13 09:28:07',0),(16,'playerVirtual12','192.168.0.200',1,13.95,49,1,12,0,6,6,0,1023,1047552,10230,6,4608,25,99,'554b156be1d9476873763e4c53395b43e9c21f90',NULL,1,'2018-02-13 09:57:04',0),(17,'playerVirtual0','192.168.0.200',4,-2,0,1,0,2,0,0,0,1023,1047552,10230,0,0,0,99,'060bc36249eab72bbe98aff2e3f035dbc620e3b5',NULL,0,'2018-02-13 06:11:07',1),(18,'playerVirtual16','192.168.0.200',2,8.29,49,0.818182,11,0,4,7,0,1023,1047552,10230,4,8192,80,99,'67dada76355659c21ca0b9754d7baef8cb7e563c',NULL,1,'2018-02-13 09:30:58',0),(19,'playerVirtual18','192.168.0.200',1,11.95,49,1,11,0,5,6,0,1023,1047552,10230,6,7680,63,99,'81e4f661646893b52c2879240c95fafeea740a59',NULL,1,'2018-02-13 09:41:30',0),(20,'playerVirtual10','192.168.0.200',1,14.6,49,1,11,0,3,8,0,1023,1047552,10230,4,6656,61,99,'ef79c049fecdea213bf1228e16011e651553e61d',NULL,1,'2018-02-13 09:36:31',0);
/*!40000 ALTER TABLE `PLAYER` ENABLE KEYS */;
UNLOCK TABLES;

--
-- Table structure for table `REQUEST`
--

DROP TABLE IF EXISTS `REQUEST`;
/*!40101 SET @saved_cs_client     = @@character_set_client */;
/*!40101 SET character_set_client = utf8 */;
CREATE TABLE `REQUEST` (
  `id` int(11) NOT NULL AUTO_INCREMENT,
  `player_id` varchar(45) NOT NULL,
  `request_id` varchar(45) NOT NULL,
  `action` int(11) NOT NULL,
  `timestamp_received` timestamp NULL DEFAULT NULL,
  `timestamp_finished` timestamp NULL DEFAULT NULL,
  `status` int(11) NOT NULL,
  PRIMARY KEY (`id`)
) ENGINE=InnoDB AUTO_INCREMENT=754 DEFAULT CHARSET=utf8;
/*!40101 SET character_set_client = @saved_cs_client */;

--
-- Dumping data for table `REQUEST`
--

LOCK TABLES `REQUEST` WRITE;
/*!40000 ALTER TABLE `REQUEST` DISABLE KEYS */;
INSERT INTO `REQUEST` VALUES (1,'playerVirtual1','playerVirtual1_945adca57f',4,'2018-02-13 06:05:28',NULL,0),(2,'playerVirtual11','playerVirtual11_942cf4b49a',4,'2018-02-13 06:05:28',NULL,0),(3,'playerVirtual4','playerVirtual4_54ec42f4d4',4,'2018-02-13 06:05:28',NULL,0),(4,'playerVirtual8','playerVirtual8_7b84bae1d0',4,'2018-02-13 06:05:28',NULL,0),(5,'playerVirtual2','playerVirtual2_4bd54fca32',4,'2018-02-13 06:05:29',NULL,0),(6,'playerVirtual13','playerVirtual13_d83a24ff48',4,'2018-02-13 06:05:29',NULL,0),(7,'playerVirtual3','playerVirtual3_d8968e459f',4,'2018-02-13 06:05:29',NULL,0),(8,'playerVirtual6','playerVirtual6_aa22d4311d',4,'2018-02-13 06:05:29',NULL,0),(9,'playerVirtual15','playerVirtual15_c56f68b65f',4,'2018-02-13 06:05:30',NULL,0),(10,'playerVirtual17','playerVirtual17_705fd41d52',4,'2018-02-13 06:05:30',NULL,0),(11,'playerVirtual19','playerVirtual19_df2015262c',4,'2018-02-13 06:05:30',NULL,0),(12,'playerVirtual5','playerVirtual5_2e1f239660',4,'2018-02-13 06:05:30',NULL,0),(13,'playerVirtual9','playerVirtual9_c4c069ffc7',4,'2018-02-13 06:05:30',NULL,0),(14,'playerVirtual7','playerVirtual7_679fb4a1c0',4,'2018-02-13 06:05:31',NULL,0),(15,'playerVirtual14','playerVirtual14_6d22155590',4,'2018-02-13 06:05:31',NULL,0),(16,'playerVirtual12','playerVirtual12_2ccee6e393',4,'2018-02-13 06:05:31',NULL,0),(17,'playerVirtual0','playerVirtual0_00dead2a0a',4,'2018-02-13 06:05:31',NULL,0),(18,'playerVirtual16','playerVirtual16_6fc44cf556',4,'2018-02-13 06:05:32',NULL,0),(19,'playerVirtual18','playerVirtual18_2a172ea56d',4,'2018-02-13 06:05:32',NULL,0),(20,'playerVirtual10','playerVirtual10_39e4dcfd24',4,'2018-02-13 06:05:32',NULL,0),(21,'playerVirtual1','playerVirtual1_450512000',0,'2018-02-13 06:06:29',NULL,0),(22,'playerVirtual1','playerVirtual1_450512000',0,'2018-02-13 06:06:29',NULL,0),(23,'playerVirtual11','playerVirtual11_1438244924',0,'2018-02-13 06:06:31',NULL,0),(24,'playerVirtual11','playerVirtual11_1438244924',0,'2018-02-13 06:06:31',NULL,0),(25,'playerVirtual4','playerVirtual4_640692267',0,'2018-02-13 06:06:34',NULL,0),(26,'playerVirtual4','playerVirtual4_640692267',0,'2018-02-13 06:06:35',NULL,0),(27,'playerVirtual8','playerVirtual8_2381571381',0,'2018-02-13 06:06:35',NULL,0),(28,'playerVirtual8','playerVirtual8_2381571381',0,'2018-02-13 06:06:36',NULL,0),(29,'playerVirtual2','playerVirtual2_5297461910',0,'2018-02-13 06:06:37',NULL,0),(30,'playerVirtual2','playerVirtual2_5297461910',0,'2018-02-13 06:06:38',NULL,0),(31,'playerVirtual13','playerVirtual13_2790332778',0,'2018-02-13 06:06:40',NULL,0),(32,'playerVirtual13','playerVirtual13_2790332778',0,'2018-02-13 06:06:40',NULL,0),(33,'playerVirtual3','playerVirtual3_369721705',0,'2018-02-13 06:06:41',NULL,0),(34,'playerVirtual6','playerVirtual6_317469422',0,'2018-02-13 06:06:41',NULL,0),(35,'playerVirtual15','playerVirtual15_6955737',0,'2018-02-13 06:06:41',NULL,0),(36,'playerVirtual3','playerVirtual3_369721705',0,'2018-02-13 06:06:42',NULL,0),(37,'playerVirtual6','playerVirtual6_317469422',0,'2018-02-13 06:06:42',NULL,0),(38,'playerVirtual15','playerVirtual15_6955737',0,'2018-02-13 06:06:42',NULL,0),(39,'playerVirtual17','playerVirtual17_257338104',0,'2018-02-13 06:06:42',NULL,0),(40,'playerVirtual19','playerVirtual19_3584940347',0,'2018-02-13 06:06:43',NULL,0),(41,'playerVirtual17','playerVirtual17_257338104',0,'2018-02-13 06:06:43',NULL,0),(42,'playerVirtual19','playerVirtual19_3584940347',0,'2018-02-13 06:06:43',NULL,0),(43,'playerVirtual5','playerVirtual5_2433236783',0,'2018-02-13 06:06:44',NULL,0),(44,'playerVirtual9','playerVirtual9_3338579772',0,'2018-02-13 06:06:44',NULL,0),(45,'playerVirtual5','playerVirtual5_2433236783',0,'2018-02-13 06:06:44',NULL,0),(46,'playerVirtual7','playerVirtual7_257407216',0,'2018-02-13 06:06:44',NULL,0),(47,'playerVirtual9','playerVirtual9_3338579772',0,'2018-02-13 06:06:44',NULL,0),(48,'playerVirtual7','playerVirtual7_257407216',0,'2018-02-13 06:06:45',NULL,0),(49,'playerVirtual14','playerVirtual14_182859403',0,'2018-02-13 06:06:51',NULL,0),(50,'playerVirtual14','playerVirtual14_182859403',0,'2018-02-13 06:06:52',NULL,0),(51,'playerVirtual12','playerVirtual12_2359368952',0,'2018-02-13 06:06:54',NULL,0),(52,'playerVirtual12','playerVirtual12_2359368952',0,'2018-02-13 06:06:55',NULL,0),(53,'playerVirtual0','playerVirtual0_16917741',0,'2018-02-13 06:06:58',NULL,0),(54,'playerVirtual0','playerVirtual0_16917741',0,'2018-02-13 06:06:58',NULL,0),(55,'playerVirtual16','playerVirtual16_2545640208',0,'2018-02-13 06:07:07',NULL,0),(56,'playerVirtual16','playerVirtual16_2545640208',0,'2018-02-13 06:07:07',NULL,0),(57,'playerVirtual18','playerVirtual18_908315',0,'2018-02-13 06:07:08',NULL,0),(58,'playerVirtual18','playerVirtual18_908315',0,'2018-02-13 06:07:09',NULL,0),(59,'playerVirtual10','playerVirtual10_539194189',0,'2018-02-13 06:07:16',NULL,0),(60,'playerVirtual10','playerVirtual10_539194189',0,'2018-02-13 06:07:17',NULL,0),(61,'playerVirtual1','playerVirtual1_1a7414f5b0',3,'2018-02-13 06:07:29',NULL,0),(62,'playerVirtual11','playerVirtual11_ea32564aa4',3,'2018-02-13 06:07:31',NULL,0),(63,'playerVirtual4','playerVirtual4_0927948e73',3,'2018-02-13 06:07:34',NULL,0),(64,'playerVirtual8','playerVirtual8_b60eafc637',3,'2018-02-13 06:07:36',NULL,0),(65,'playerVirtual2','playerVirtual2_d8c2fbc96f',3,'2018-02-13 06:07:37',NULL,0),(66,'playerVirtual13','playerVirtual13_c84f391d0f',3,'2018-02-13 06:07:40',NULL,0),(67,'playerVirtual3','playerVirtual3_071c0fbf92',3,'2018-02-13 06:07:41',NULL,0),(68,'playerVirtual6','playerVirtual6_903d03136c',3,'2018-02-13 06:07:41',NULL,0),(69,'playerVirtual15','playerVirtual15_7dcd2bfcf9',3,'2018-02-13 06:07:42',NULL,0),(70,'playerVirtual17','playerVirtual17_446924f637',3,'2018-02-13 06:07:43',NULL,0),(71,'playerVirtual19','playerVirtual19_ffba79e9ed',3,'2018-02-13 06:07:43',NULL,0),(72,'playerVirtual5','playerVirtual5_0fd8c90801',3,'2018-02-13 06:07:43',NULL,0),(73,'playerVirtual9','playerVirtual9_87c0f20c59',3,'2018-02-13 06:07:44',NULL,0),(74,'playerVirtual7','playerVirtual7_df2748db54',3,'2018-02-13 06:07:44',NULL,0),(75,'playerVirtual14','playerVirtual14_246cf9562d',3,'2018-02-13 06:07:51',NULL,0),(76,'playerVirtual12','playerVirtual12_6868faa693',3,'2018-02-13 06:07:55',NULL,0),(77,'playerVirtual0','playerVirtual0_d54c032b6e',3,'2018-02-13 06:07:58',NULL,0),(78,'playerVirtual16','playerVirtual16_0dc49f219f',3,'2018-02-13 06:08:07',NULL,0),(79,'playerVirtual18','playerVirtual18_2111d70bda',3,'2018-02-13 06:08:08',NULL,0),(80,'playerVirtual10','playerVirtual10_9c1a90708f',3,'2018-02-13 06:08:16',NULL,0),(81,'playerVirtual1','playerVirtual1_4820204870',0,'2018-02-13 06:09:55',NULL,0),(82,'playerVirtual1','playerVirtual1_4820204870',0,'2018-02-13 06:09:55',NULL,0),(83,'playerVirtual11','playerVirtual11_8058564',0,'2018-02-13 06:10:45',NULL,0),(84,'playerVirtual11','playerVirtual11_8058564',0,'2018-02-13 06:10:45',NULL,0),(85,'playerVirtual4','playerVirtual4_1429160667',0,'2018-02-13 06:10:46',NULL,0),(86,'playerVirtual4','playerVirtual4_1429160667',0,'2018-02-13 06:10:46',NULL,0),(87,'playerVirtual8','playerVirtual8_3338010893',0,'2018-02-13 06:10:47',NULL,0),(88,'playerVirtual8','playerVirtual8_3338010893',0,'2018-02-13 06:10:47',NULL,0),(89,'playerVirtual2','playerVirtual2_82730999',0,'2018-02-13 06:10:52',NULL,0),(90,'playerVirtual2','playerVirtual2_82730999',0,'2018-02-13 06:10:52',NULL,0),(91,'playerVirtual3','playerVirtual3_6571218',0,'2018-02-13 06:10:53',NULL,0),(92,'playerVirtual13','playerVirtual13_351652724',0,'2018-02-13 06:10:54',NULL,0),(93,'playerVirtual3','playerVirtual3_6571218',0,'2018-02-13 06:10:54',NULL,0),(94,'playerVirtual13','playerVirtual13_351652724',0,'2018-02-13 06:10:54',NULL,0),(95,'playerVirtual1','playerVirtual1_3131900131',4,'2018-02-13 06:10:55',NULL,0),(96,'playerVirtual6','playerVirtual6_778566023',0,'2018-02-13 06:10:56',NULL,0),(97,'playerVirtual6','playerVirtual6_778566023',0,'2018-02-13 06:10:56',NULL,0),(98,'playerVirtual15','playerVirtual15_1436344784',0,'2018-02-13 06:11:00',NULL,0),(99,'playerVirtual15','playerVirtual15_1436344784',0,'2018-02-13 06:11:00',NULL,0),(100,'playerVirtual17','playerVirtual17_1339662',0,'2018-02-13 06:11:01',NULL,0),(101,'playerVirtual17','playerVirtual17_1339662',0,'2018-02-13 06:11:02',NULL,0),(102,'playerVirtual19','playerVirtual19_317497342',0,'2018-02-13 06:11:02',NULL,0),(103,'playerVirtual5','playerVirtual5_284794223',0,'2018-02-13 06:11:02',NULL,0),(104,'playerVirtual19','playerVirtual19_317497342',0,'2018-02-13 06:11:03',NULL,0),(105,'playerVirtual5','playerVirtual5_284794223',0,'2018-02-13 06:11:03',NULL,0),(106,'playerVirtual9','playerVirtual9_359920779',0,'2018-02-13 06:11:03',NULL,0),(107,'playerVirtual7','playerVirtual7_904011',0,'2018-02-13 06:11:03',NULL,0),(108,'playerVirtual9','playerVirtual9_359920779',0,'2018-02-13 06:11:03',NULL,0),(109,'playerVirtual7','playerVirtual7_904011',0,'2018-02-13 06:11:04',NULL,0),(110,'playerVirtual14','playerVirtual14_2904109077',0,'2018-02-13 06:11:04',NULL,0),(111,'playerVirtual14','playerVirtual14_2904109077',0,'2018-02-13 06:11:04',NULL,0),(112,'playerVirtual12','playerVirtual12_257338074',0,'2018-02-13 06:11:04',NULL,0),(113,'playerVirtual0','playerVirtual0_905614',0,'2018-02-13 06:11:05',NULL,0),(114,'playerVirtual12','playerVirtual12_257338074',0,'2018-02-13 06:11:07',NULL,0),(115,'playerVirtual16','playerVirtual16_1093460',0,'2018-02-13 06:11:07',NULL,0),(116,'playerVirtual0','playerVirtual0_905614',0,'2018-02-13 06:11:07',NULL,0),(117,'playerVirtual18','playerVirtual18_6569547',0,'2018-02-13 06:11:07',NULL,0),(118,'playerVirtual16','playerVirtual16_1093460',0,'2018-02-13 06:11:08',NULL,0),(119,'playerVirtual10','playerVirtual10_470485660',0,'2018-02-13 06:11:08',NULL,0),(120,'playerVirtual18','playerVirtual18_6569547',0,'2018-02-13 06:11:08',NULL,0),(121,'playerVirtual10','playerVirtual10_470485660',0,'2018-02-13 06:11:08',NULL,0),(122,'playerVirtual11','playerVirtual11_1856e5221e',4,'2018-02-13 06:11:45',NULL,0),(123,'playerVirtual4','playerVirtual4_3cc4b37811',4,'2018-02-13 06:11:46',NULL,0),(124,'playerVirtual8','playerVirtual8_8807940324',4,'2018-02-13 06:11:47',NULL,0),(125,'playerVirtual2','playerVirtual2_f293133fe6',4,'2018-02-13 06:11:52',NULL,0),(126,'playerVirtual3','playerVirtual3_8a77261f86',4,'2018-02-13 06:11:54',NULL,0),(127,'playerVirtual13','playerVirtual13_4a30b5a7a9',4,'2018-02-13 06:11:55',NULL,0),(128,'playerVirtual6','playerVirtual6_c4fa42c09a',4,'2018-02-13 06:11:56',NULL,0),(129,'playerVirtual15','playerVirtual15_bc0d7f8224',4,'2018-02-13 06:12:00',NULL,0),(130,'playerVirtual17','playerVirtual17_b5d93ee8ed',4,'2018-02-13 06:12:01',NULL,0),(131,'playerVirtual19','playerVirtual19_4906e07c86',4,'2018-02-13 06:12:02',NULL,0),(132,'playerVirtual5','playerVirtual5_5e88859430',4,'2018-02-13 06:12:03',NULL,0),(133,'playerVirtual9','playerVirtual9_65126e4c5e',4,'2018-02-13 06:12:03',NULL,0),(134,'playerVirtual7','playerVirtual7_f90da8cf6d',4,'2018-02-13 06:12:03',NULL,0),(135,'playerVirtual14','playerVirtual14_3addc30657',4,'2018-02-13 06:12:04',NULL,0),(136,'playerVirtual12','playerVirtual12_b7dff45f16',4,'2018-02-13 06:12:04',NULL,0),(137,'playerVirtual0','playerVirtual0_749373fd61',4,'2018-02-13 06:12:05',NULL,0),(138,'playerVirtual16','playerVirtual16_8a46de5f73',4,'2018-02-13 06:12:07',NULL,0),(139,'playerVirtual18','playerVirtual18_e982a10904',4,'2018-02-13 06:12:07',NULL,0),(140,'playerVirtual10','playerVirtual10_805dd69cc8',4,'2018-02-13 06:12:08',NULL,0),(141,'playerVirtual1','playerVirtual1_30788568',0,'2018-02-13 06:13:10',NULL,0),(142,'playerVirtual1','playerVirtual1_30788568',0,'2018-02-13 06:13:10',NULL,0),(143,'playerVirtual11','playerVirtual11_5792765',0,'2018-02-13 06:13:12',NULL,0),(144,'playerVirtual11','playerVirtual11_5792765',0,'2018-02-13 06:13:13',NULL,0),(145,'playerVirtual4','playerVirtual4_38671842',0,'2018-02-13 06:13:27',NULL,0),(146,'playerVirtual8','playerVirtual8_400453824',0,'2018-02-13 06:13:27',NULL,0),(147,'playerVirtual4','playerVirtual4_38671842',0,'2018-02-13 06:13:27',NULL,0),(148,'playerVirtual8','playerVirtual8_400453824',0,'2018-02-13 06:13:28',NULL,0),(149,'playerVirtual2','playerVirtual2_4820318661',0,'2018-02-13 06:13:33',NULL,0),(150,'playerVirtual2','playerVirtual2_4820318661',0,'2018-02-13 06:13:34',NULL,0),(151,'playerVirtual3','playerVirtual3_4819935267',0,'2018-02-13 06:13:38',NULL,0),(152,'playerVirtual3','playerVirtual3_4819935267',0,'2018-02-13 06:13:38',NULL,0),(153,'playerVirtual13','playerVirtual13_4820217293',0,'2018-02-13 06:13:40',NULL,0),(154,'playerVirtual13','playerVirtual13_4820217293',0,'2018-02-13 06:13:41',NULL,0),(155,'playerVirtual6','playerVirtual6_6264344062',0,'2018-02-13 06:13:41',NULL,0),(156,'playerVirtual6','playerVirtual6_6264344062',0,'2018-02-13 06:13:42',NULL,0),(157,'playerVirtual15','playerVirtual15_2378747961',0,'2018-02-13 06:13:51',NULL,0),(158,'playerVirtual15','playerVirtual15_2378747961',0,'2018-02-13 06:13:52',NULL,0),(159,'playerVirtual17','playerVirtual17_5068098508',0,'2018-02-13 06:13:57',NULL,0),(160,'playerVirtual17','playerVirtual17_5068098508',0,'2018-02-13 06:13:57',NULL,0),(161,'playerVirtual1','playerVirtual1_40c61ed393',3,'2018-02-13 06:14:10',NULL,0),(162,'playerVirtual11','playerVirtual11_39e8961df7',3,'2018-02-13 06:14:13',NULL,0),(163,'playerVirtual8','playerVirtual8_68b4fab26e',3,'2018-02-13 06:14:26',NULL,0),(164,'playerVirtual2','playerVirtual2_7034db767a',3,'2018-02-13 06:14:33',NULL,0),(165,'playerVirtual3','playerVirtual3_788c7c6a2d',3,'2018-02-13 06:14:38',NULL,0),(166,'playerVirtual13','playerVirtual13_0ce56aed23',3,'2018-02-13 06:14:41',NULL,0),(167,'playerVirtual6','playerVirtual6_c1fee6a8db',3,'2018-02-13 06:14:41',NULL,0),(168,'playerVirtual15','playerVirtual15_826c6e983a',3,'2018-02-13 06:14:52',NULL,0),(169,'playerVirtual17','playerVirtual17_d3785c1b54',3,'2018-02-13 06:14:57',NULL,0),(170,'playerVirtual12','playerVirtual12_2359368952',1,'2018-02-13 06:15:07',NULL,0),(171,'playerVirtual12','playerVirtual12_84f729039f',3,'2018-02-13 06:15:07',NULL,0),(172,'playerVirtual12','playerVirtual12_2359368952',1,'2018-02-13 06:15:07',NULL,0),(173,'playerVirtual19','playerVirtual19_227443932',0,'2018-02-13 06:15:11',NULL,0),(174,'playerVirtual19','playerVirtual19_227443932',0,'2018-02-13 06:15:11',NULL,0),(175,'playerVirtual9','playerVirtual9_2148750930',0,'2018-02-13 06:15:16',NULL,0),(176,'playerVirtual9','playerVirtual9_2148750930',0,'2018-02-13 06:15:17',NULL,0),(177,'playerVirtual14','playerVirtual14_765651',0,'2018-02-13 06:15:30',NULL,0),(178,'playerVirtual14','playerVirtual14_765651',0,'2018-02-13 06:15:31',NULL,0),(179,'playerVirtual16','playerVirtual16_5623125514',0,'2018-02-13 06:15:53',NULL,0),(180,'playerVirtual16','playerVirtual16_5623125514',0,'2018-02-13 06:15:54',NULL,0),(181,'playerVirtual18','playerVirtual18_284757920',0,'2018-02-13 06:15:54',NULL,0),(182,'playerVirtual18','playerVirtual18_284757920',0,'2018-02-13 06:15:55',NULL,0),(183,'playerVirtual10','playerVirtual10_272887063',0,'2018-02-13 06:16:04',NULL,0),(184,'playerVirtual10','playerVirtual10_272887063',0,'2018-02-13 06:16:05',NULL,0),(185,'playerVirtual19','playerVirtual19_275258e514',3,'2018-02-13 06:16:11',NULL,0),(186,'playerVirtual9','playerVirtual9_9e2724ddcc',3,'2018-02-13 06:16:16',NULL,0),(187,'playerVirtual14','playerVirtual14_9fdcca4fd6',3,'2018-02-13 06:16:32',NULL,0),(188,'playerVirtual16','playerVirtual16_c5ff961d65',3,'2018-02-13 06:16:54',NULL,0),(189,'playerVirtual18','playerVirtual18_d4cba24a0b',3,'2018-02-13 06:16:55',NULL,0),(190,'playerVirtual10','playerVirtual10_7a2a17c3a1',3,'2018-02-13 06:17:04',NULL,0),(191,'playerVirtual11','playerVirtual11_38676294',0,'2018-02-13 06:19:39',NULL,0),(192,'playerVirtual11','playerVirtual11_38676294',0,'2018-02-13 06:19:40',NULL,0),(193,'playerVirtual14','playerVirtual14_182859403',1,'2018-02-13 06:20:13',NULL,0),(194,'playerVirtual14','playerVirtual14_b4896dc550',4,'2018-02-13 06:20:13',NULL,0),(195,'playerVirtual14','playerVirtual14_182859403',1,'2018-02-13 06:20:13',NULL,0),(196,'playerVirtual11','playerVirtual11_7580aed197',4,'2018-02-13 06:20:40',NULL,0),(197,'playerVirtual8','playerVirtual8_4820204870',0,'2018-02-13 06:20:56',NULL,0),(198,'playerVirtual8','playerVirtual8_4820204870',0,'2018-02-13 06:20:57',NULL,0),(199,'playerVirtual12','playerVirtual12_6282149131',0,'2018-02-13 06:21:07',NULL,0),(200,'playerVirtual12','playerVirtual12_6282149131',0,'2018-02-13 06:21:07',NULL,0),(201,'playerVirtual2','playerVirtual2_990694203',0,'2018-02-13 06:21:18',NULL,0),(202,'playerVirtual2','playerVirtual2_990694203',0,'2018-02-13 06:21:18',NULL,0),(203,'playerVirtual3','playerVirtual3_990694203',0,'2018-02-13 06:21:33',NULL,0),(204,'playerVirtual3','playerVirtual3_990694203',0,'2018-02-13 06:21:33',NULL,0),(205,'playerVirtual13','playerVirtual13_6280638724',0,'2018-02-13 06:21:38',NULL,0),(206,'playerVirtual13','playerVirtual13_6280638724',0,'2018-02-13 06:21:39',NULL,0),(207,'playerVirtual6','playerVirtual6_6280643141',0,'2018-02-13 06:21:42',NULL,0),(208,'playerVirtual6','playerVirtual6_6280643141',0,'2018-02-13 06:21:46',NULL,0),(209,'playerVirtual15','playerVirtual15_4476462938',0,'2018-02-13 06:21:54',NULL,0),(210,'playerVirtual15','playerVirtual15_4476462938',0,'2018-02-13 06:21:55',NULL,0),(211,'playerVirtual8','playerVirtual8_f9839c4c44',4,'2018-02-13 06:21:57',NULL,0),(212,'playerVirtual17','playerVirtual17_272887063',0,'2018-02-13 06:22:03',NULL,0),(213,'playerVirtual17','playerVirtual17_272887063',0,'2018-02-13 06:22:03',NULL,0),(214,'playerVirtual19','playerVirtual19_2359368952',0,'2018-02-13 06:22:05',NULL,0),(215,'playerVirtual19','playerVirtual19_2359368952',0,'2018-02-13 06:22:06',NULL,0),(216,'playerVirtual12','playerVirtual12_de1254d841',4,'2018-02-13 06:22:07',NULL,0),(217,'playerVirtual10','playerVirtual10_272887063',1,'2018-02-13 06:22:08',NULL,0),(218,'playerVirtual10','playerVirtual10_56fc28a557',4,'2018-02-13 06:22:08',NULL,0),(219,'playerVirtual10','playerVirtual10_272887063',1,'2018-02-13 06:22:08',NULL,0),(220,'playerVirtual2','playerVirtual2_77d975c1ef',4,'2018-02-13 06:22:19',NULL,0),(221,'playerVirtual9','playerVirtual9_682797',0,'2018-02-13 06:22:26',NULL,0),(222,'playerVirtual9','playerVirtual9_682797',0,'2018-02-13 06:22:26',NULL,0),(223,'playerVirtual3','playerVirtual3_adf80366bf',4,'2018-02-13 06:22:33',NULL,0),(224,'playerVirtual16','playerVirtual16_16914091',0,'2018-02-13 06:22:37',NULL,0),(225,'playerVirtual16','playerVirtual16_16914091',0,'2018-02-13 06:22:37',NULL,0),(226,'playerVirtual13','playerVirtual13_4405faf1ad',4,'2018-02-13 06:22:38',NULL,0),(227,'playerVirtual6','playerVirtual6_6875c13063',4,'2018-02-13 06:22:40',NULL,0),(228,'playerVirtual18','playerVirtual18_182859403',0,'2018-02-13 06:22:50',NULL,0),(229,'playerVirtual18','playerVirtual18_182859403',0,'2018-02-13 06:22:50',NULL,0),(230,'playerVirtual15','playerVirtual15_582bac08cd',4,'2018-02-13 06:22:54',NULL,0),(231,'playerVirtual17','playerVirtual17_f081b78827',4,'2018-02-13 06:23:03',NULL,0),(232,'playerVirtual19','playerVirtual19_c59782ae81',4,'2018-02-13 06:23:05',NULL,0),(233,'playerVirtual9','playerVirtual9_edc703deda',4,'2018-02-13 06:23:26',NULL,0),(234,'playerVirtual16','playerVirtual16_238edab451',4,'2018-02-13 06:23:37',NULL,0),(235,'playerVirtual18','playerVirtual18_1beb8b663f',4,'2018-02-13 06:23:52',NULL,0),(236,'playerVirtual2','playerVirtual2_990694203',1,'2018-02-13 06:24:01',NULL,0),(237,'playerVirtual2','playerVirtual2_10d3d1c3cb',3,'2018-02-13 06:24:01',NULL,0),(238,'playerVirtual2','playerVirtual2_990694203',1,'2018-02-13 06:24:01',NULL,0),(239,'playerVirtual11','playerVirtual11_6285257156',0,'2018-02-13 06:25:05',NULL,0),(240,'playerVirtual11','playerVirtual11_6285257156',0,'2018-02-13 06:25:06',NULL,0),(241,'playerVirtual8','playerVirtual8_6955737',0,'2018-02-13 06:25:43',NULL,0),(242,'playerVirtual8','playerVirtual8_6955737',0,'2018-02-13 06:25:44',NULL,0),(243,'playerVirtual11','playerVirtual11_9698b84df3',3,'2018-02-13 06:26:05',NULL,0),(244,'playerVirtual15','playerVirtual15_6955737',1,'2018-02-13 06:26:11',NULL,0),(245,'playerVirtual15','playerVirtual15_efdca7d811',3,'2018-02-13 06:26:11',NULL,0),(246,'playerVirtual15','playerVirtual15_6955737',1,'2018-02-13 06:26:11',NULL,0),(247,'playerVirtual14','playerVirtual14_6641406',0,'2018-02-13 06:26:17',NULL,0),(248,'playerVirtual14','playerVirtual14_6641406',0,'2018-02-13 06:26:18',NULL,0),(249,'playerVirtual12','playerVirtual12_6955737',0,'2018-02-13 06:26:38',NULL,0),(250,'playerVirtual12','playerVirtual12_6955737',0,'2018-02-13 06:26:39',NULL,0),(251,'playerVirtual8','playerVirtual8_3404a5debc',3,'2018-02-13 06:26:43',NULL,0),(252,'playerVirtual13','playerVirtual13_6289704471',0,'2018-02-13 06:27:12',NULL,0),(253,'playerVirtual13','playerVirtual13_6289704471',0,'2018-02-13 06:27:12',NULL,0),(254,'playerVirtual14','playerVirtual14_2af1597e10',3,'2018-02-13 06:27:18',NULL,0),(255,'playerVirtual12','playerVirtual12_c7fdbb110e',3,'2018-02-13 06:27:39',NULL,0),(256,'playerVirtual10','playerVirtual10_1438244924',0,'2018-02-13 06:27:43',NULL,0),(257,'playerVirtual10','playerVirtual10_1438244924',0,'2018-02-13 06:27:43',NULL,0),(258,'playerVirtual17','playerVirtual17_1436344784',0,'2018-02-13 06:27:45',NULL,0),(259,'playerVirtual17','playerVirtual17_1436344784',0,'2018-02-13 06:27:46',NULL,0),(260,'playerVirtual9','playerVirtual9_acf69811b5',3,'2018-02-13 06:27:56',NULL,0),(261,'playerVirtual13','playerVirtual13_d90f1c0d87',3,'2018-02-13 06:28:12',NULL,0),(262,'playerVirtual10','playerVirtual10_78f28a240a',3,'2018-02-13 06:28:43',NULL,0),(263,'playerVirtual17','playerVirtual17_db1efd8c1b',3,'2018-02-13 06:28:45',NULL,0),(264,'playerVirtual19','playerVirtual19_794070039',0,'2018-02-13 06:29:09',NULL,0),(265,'playerVirtual19','playerVirtual19_794070039',0,'2018-02-13 06:29:09',NULL,0),(266,'playerVirtual19','playerVirtual19_964237e805',3,'2018-02-13 06:30:10',NULL,0),(267,'playerVirtual16','playerVirtual16_990694203',0,'2018-02-13 06:30:28',NULL,0),(268,'playerVirtual16','playerVirtual16_990694203',0,'2018-02-13 06:30:28',NULL,0),(269,'playerVirtual16','playerVirtual16_87b41d6f61',3,'2018-02-13 06:31:28',NULL,0),(270,'playerVirtual18','playerVirtual18_6296268057',0,'2018-02-13 06:31:49',NULL,0),(271,'playerVirtual18','playerVirtual18_6296268057',0,'2018-02-13 06:31:49',NULL,0),(272,'playerVirtual11','playerVirtual11_795d8b3c16',4,'2018-02-13 06:32:18',NULL,0),(273,'playerVirtual18','playerVirtual18_2db785086b',3,'2018-02-13 06:32:49',NULL,0),(274,'playerVirtual8','playerVirtual8_6955737',1,'2018-02-13 06:33:19',NULL,0),(275,'playerVirtual8','playerVirtual8_6a6b114d9d',4,'2018-02-13 06:33:19',NULL,0),(276,'playerVirtual8','playerVirtual8_6955737',1,'2018-02-13 06:33:23',NULL,0),(277,'playerVirtual15','playerVirtual15_059f26d979',4,'2018-02-13 06:33:43',NULL,0),(278,'playerVirtual10','playerVirtual10_1438244924',1,'2018-02-13 06:34:36',NULL,0),(279,'playerVirtual10','playerVirtual10_01a97a7ec2',4,'2018-02-13 06:34:36',NULL,0),(280,'playerVirtual10','playerVirtual10_1438244924',1,'2018-02-13 06:34:36',NULL,0),(281,'playerVirtual2','playerVirtual2_6296865278',0,'2018-02-13 06:36:24',NULL,0),(282,'playerVirtual2','playerVirtual2_6296865278',0,'2018-02-13 06:36:24',NULL,0),(283,'playerVirtual14','playerVirtual14_6264344062',0,'2018-02-13 06:37:01',NULL,0),(284,'playerVirtual14','playerVirtual14_6264344062',0,'2018-02-13 06:37:02',NULL,0),(285,'playerVirtual16','playerVirtual16_990694203',1,'2018-02-13 06:37:11',NULL,0),(286,'playerVirtual16','playerVirtual16_59873d4558',4,'2018-02-13 06:37:12',NULL,0),(287,'playerVirtual16','playerVirtual16_990694203',1,'2018-02-13 06:37:13',NULL,0),(288,'playerVirtual2','playerVirtual2_200f22c6ea',4,'2018-02-13 06:37:24',NULL,0),(289,'playerVirtual8','playerVirtual8_df836ee611',3,'2018-02-13 06:37:34',NULL,0),(290,'playerVirtual15','playerVirtual15_6eef95cf00',3,'2018-02-13 06:37:58',NULL,0),(291,'playerVirtual14','playerVirtual14_dbe83de6bb',4,'2018-02-13 06:38:01',NULL,0),(292,'playerVirtual12','playerVirtual12_6301942525',0,'2018-02-13 06:39:27',NULL,0),(293,'playerVirtual12','playerVirtual12_6301942525',0,'2018-02-13 06:39:28',NULL,0),(294,'playerVirtual18','playerVirtual18_182859403',1,'2018-02-13 06:40:00',NULL,0),(295,'playerVirtual18','playerVirtual18_bde5d071cd',4,'2018-02-13 06:40:00',NULL,0),(296,'playerVirtual18','playerVirtual18_182859403',1,'2018-02-13 06:40:00',NULL,0),(297,'playerVirtual12','playerVirtual12_20d139e738',4,'2018-02-13 06:40:27',NULL,0),(298,'playerVirtual9','playerVirtual9_5297461910',0,'2018-02-13 06:40:31',NULL,0),(299,'playerVirtual9','playerVirtual9_5297461910',0,'2018-02-13 06:40:32',NULL,0),(300,'playerVirtual13','playerVirtual13_659e279d42',4,'2018-02-13 06:41:01',NULL,0),(301,'playerVirtual9','playerVirtual9_76ca56c886',4,'2018-02-13 06:41:32',NULL,0),(302,'playerVirtual17','playerVirtual17_5068098508',1,'2018-02-13 06:41:39',NULL,0),(303,'playerVirtual17','playerVirtual17_28da23c067',4,'2018-02-13 06:41:39',NULL,0),(304,'playerVirtual17','playerVirtual17_5068098508',1,'2018-02-13 06:41:40',NULL,0),(305,'playerVirtual2','playerVirtual2_5297461910',1,'2018-02-13 06:41:50',NULL,0),(306,'playerVirtual2','playerVirtual2_a000c45065',3,'2018-02-13 06:41:50',NULL,0),(307,'playerVirtual2','playerVirtual2_5297461910',1,'2018-02-13 06:41:50',NULL,0),(308,'playerVirtual19','playerVirtual19_1095593',0,'2018-02-13 06:42:18',NULL,0),(309,'playerVirtual19','playerVirtual19_1095593',0,'2018-02-13 06:42:19',NULL,0),(310,'playerVirtual19','playerVirtual19_66e21fdb27',4,'2018-02-13 06:43:18',NULL,0),(311,'playerVirtual11','playerVirtual11_182859403',0,'2018-02-13 06:45:00',NULL,0),(312,'playerVirtual11','playerVirtual11_182859403',0,'2018-02-13 06:45:00',NULL,0),(313,'playerVirtual11','playerVirtual11_6c794c7bcd',3,'2018-02-13 06:46:01',NULL,0),(314,'playerVirtual10','playerVirtual10_539194189',1,'2018-02-13 06:47:24',NULL,0),(315,'playerVirtual10','playerVirtual10_89e5719ae4',3,'2018-02-13 06:47:24',NULL,0),(316,'playerVirtual10','playerVirtual10_539194189',1,'2018-02-13 06:47:24',NULL,0),(317,'playerVirtual18','playerVirtual18_908315',1,'2018-02-13 06:49:05',NULL,0),(318,'playerVirtual18','playerVirtual18_23eaf2a1ca',3,'2018-02-13 06:49:06',NULL,0),(319,'playerVirtual18','playerVirtual18_908315',1,'2018-02-13 06:49:07',NULL,0),(320,'playerVirtual14','playerVirtual14_4246147567',0,'2018-02-13 06:49:26',NULL,0),(321,'playerVirtual14','playerVirtual14_4246147567',0,'2018-02-13 06:49:27',NULL,0),(322,'playerVirtual19','playerVirtual19_1095593',1,'2018-02-13 06:49:34',NULL,0),(323,'playerVirtual19','playerVirtual19_2ce75963e0',3,'2018-02-13 06:49:34',NULL,0),(324,'playerVirtual19','playerVirtual19_1095593',1,'2018-02-13 06:49:34',NULL,0),(325,'playerVirtual13','playerVirtual13_4246147567',0,'2018-02-13 06:49:46',NULL,0),(326,'playerVirtual13','playerVirtual13_4246147567',0,'2018-02-13 06:49:47',NULL,0),(327,'playerVirtual12','playerVirtual12_6315250734',0,'2018-02-13 06:50:06',NULL,0),(328,'playerVirtual12','playerVirtual12_6315250734',0,'2018-02-13 06:50:06',NULL,0),(329,'playerVirtual14','playerVirtual14_5edd952e07',3,'2018-02-13 06:50:27',NULL,0),(330,'playerVirtual17','playerVirtual17_2378747961',0,'2018-02-13 06:50:41',NULL,0),(331,'playerVirtual17','playerVirtual17_2378747961',0,'2018-02-13 06:50:41',NULL,0),(332,'playerVirtual9','playerVirtual9_4246147567',0,'2018-02-13 06:50:43',NULL,0),(333,'playerVirtual9','playerVirtual9_4246147567',0,'2018-02-13 06:50:44',NULL,0),(334,'playerVirtual13','playerVirtual13_0f1b2d7527',3,'2018-02-13 06:50:46',NULL,0),(335,'playerVirtual12','playerVirtual12_8875e9371d',3,'2018-02-13 06:51:06',NULL,0),(336,'playerVirtual17','playerVirtual17_a9df75332d',3,'2018-02-13 06:51:41',NULL,0),(337,'playerVirtual9','playerVirtual9_aacba77f97',3,'2018-02-13 06:51:43',NULL,0),(338,'playerVirtual16','playerVirtual16_4246147567',0,'2018-02-13 06:51:59',NULL,0),(339,'playerVirtual16','playerVirtual16_4246147567',0,'2018-02-13 06:51:59',NULL,0),(340,'playerVirtual16','playerVirtual16_317f1adbd0',3,'2018-02-13 06:52:59',NULL,0),(341,'playerVirtual8','playerVirtual8_6289704471',0,'2018-02-13 06:54:06',NULL,0),(342,'playerVirtual8','playerVirtual8_6289704471',0,'2018-02-13 06:54:07',NULL,0),(343,'playerVirtual15','playerVirtual15_4246147567',0,'2018-02-13 06:54:38',NULL,0),(344,'playerVirtual15','playerVirtual15_4246147567',0,'2018-02-13 06:54:39',NULL,0),(345,'playerVirtual8','playerVirtual8_3b000a8fe9',4,'2018-02-13 06:55:06',NULL,0),(346,'playerVirtual15','playerVirtual15_494c956735',4,'2018-02-13 06:55:39',NULL,0),(347,'playerVirtual11','playerVirtual11_4246147567',0,'2018-02-13 06:55:41',NULL,0),(348,'playerVirtual11','playerVirtual11_4246147567',0,'2018-02-13 06:55:42',NULL,0),(349,'playerVirtual11','playerVirtual11_85c698fe36',4,'2018-02-13 06:56:41',NULL,0),(350,'playerVirtual10','playerVirtual10_4246147567',0,'2018-02-13 06:57:28',NULL,0),(351,'playerVirtual10','playerVirtual10_4246147567',0,'2018-02-13 06:57:29',NULL,0),(352,'playerVirtual10','playerVirtual10_b7c70b90a2',4,'2018-02-13 06:58:29',NULL,0),(353,'playerVirtual16','playerVirtual16_4246147567',1,'2018-02-13 06:58:45',NULL,0),(354,'playerVirtual16','playerVirtual16_aa8bd8f74f',4,'2018-02-13 06:58:45',NULL,0),(355,'playerVirtual16','playerVirtual16_4246147567',1,'2018-02-13 06:58:48',NULL,0),(356,'playerVirtual15','playerVirtual15_4246147567',1,'2018-02-13 07:00:12',NULL,0),(357,'playerVirtual15','playerVirtual15_0f5cbbfeab',3,'2018-02-13 07:00:18',NULL,0),(358,'playerVirtual14','playerVirtual14_4246147567',1,'2018-02-13 07:00:32',NULL,0),(359,'playerVirtual14','playerVirtual14_2b91e639f7',4,'2018-02-13 07:00:32',NULL,0),(360,'playerVirtual15','playerVirtual15_4246147567',1,'2018-02-13 07:00:33',NULL,0),(361,'playerVirtual14','playerVirtual14_4246147567',1,'2018-02-13 07:00:34',NULL,0),(362,'playerVirtual8','playerVirtual8_4246147567',0,'2018-02-13 07:02:33',NULL,0),(363,'playerVirtual8','playerVirtual8_4246147567',0,'2018-02-13 07:02:33',NULL,0),(364,'playerVirtual18','playerVirtual18_1095593',0,'2018-02-13 07:03:26',NULL,0),(365,'playerVirtual18','playerVirtual18_1095593',0,'2018-02-13 07:03:27',NULL,0),(366,'playerVirtual8','playerVirtual8_7a25ff58fb',3,'2018-02-13 07:03:33',NULL,0),(367,'playerVirtual13','playerVirtual13_4246147567',1,'2018-02-13 07:03:35',NULL,0),(368,'playerVirtual13','playerVirtual13_cfa937c83c',4,'2018-02-13 07:03:35',NULL,0),(369,'playerVirtual13','playerVirtual13_4246147567',1,'2018-02-13 07:03:35',NULL,0),(370,'playerVirtual9','playerVirtual9_4246147567',1,'2018-02-13 07:04:19',NULL,0),(371,'playerVirtual9','playerVirtual9_d09cc6f39f',4,'2018-02-13 07:04:19',NULL,0),(372,'playerVirtual9','playerVirtual9_4246147567',1,'2018-02-13 07:04:19',NULL,0),(373,'playerVirtual18','playerVirtual18_802f00a1de',4,'2018-02-13 07:04:26',NULL,0),(374,'playerVirtual12','playerVirtual12_4246147567',0,'2018-02-13 07:05:02',NULL,0),(375,'playerVirtual12','playerVirtual12_4246147567',0,'2018-02-13 07:05:02',NULL,0),(376,'playerVirtual12','playerVirtual12_8adc439648',4,'2018-02-13 07:06:02',NULL,0),(377,'playerVirtual17','playerVirtual17_359920779',0,'2018-02-13 07:06:21',NULL,0),(378,'playerVirtual17','playerVirtual17_359920779',0,'2018-02-13 07:06:22',NULL,0),(379,'playerVirtual19','playerVirtual19_6322213339',0,'2018-02-13 07:06:47',NULL,0),(380,'playerVirtual19','playerVirtual19_6322213339',0,'2018-02-13 07:06:48',NULL,0),(381,'playerVirtual17','playerVirtual17_842d2aa83d',4,'2018-02-13 07:07:23',NULL,0),(382,'playerVirtual19','playerVirtual19_5641e23059',4,'2018-02-13 07:07:48',NULL,0),(383,'playerVirtual11','playerVirtual11_4246147567',1,'2018-02-13 07:09:24',NULL,0),(384,'playerVirtual11','playerVirtual11_d78b829be1',3,'2018-02-13 07:09:25',NULL,0),(385,'playerVirtual11','playerVirtual11_4246147567',1,'2018-02-13 07:09:28',NULL,0),(386,'playerVirtual10','playerVirtual10_4246147567',1,'2018-02-13 07:11:16',NULL,0),(387,'playerVirtual10','playerVirtual10_073a19ad7d',3,'2018-02-13 07:11:16',NULL,0),(388,'playerVirtual10','playerVirtual10_4246147567',1,'2018-02-13 07:11:16',NULL,0),(389,'playerVirtual9','playerVirtual9_8910f5cdb8',3,'2018-02-13 07:14:46',NULL,0),(390,'playerVirtual14','playerVirtual14_4246147567',0,'2018-02-13 07:15:19',NULL,0),(391,'playerVirtual14','playerVirtual14_848a874233',3,'2018-02-13 07:15:19',NULL,0),(392,'playerVirtual14','playerVirtual14_4246147567',0,'2018-02-13 07:15:19',NULL,0),(393,'playerVirtual12','playerVirtual12_4246147567',1,'2018-02-13 07:15:40',NULL,0),(394,'playerVirtual12','playerVirtual12_dfa7209565',3,'2018-02-13 07:15:41',NULL,0),(395,'playerVirtual12','playerVirtual12_4246147567',1,'2018-02-13 07:15:41',NULL,0),(396,'playerVirtual18','playerVirtual18_6335261139',0,'2018-02-13 07:15:51',NULL,0),(397,'playerVirtual18','playerVirtual18_6335261139',0,'2018-02-13 07:15:51',NULL,0),(398,'playerVirtual13','playerVirtual13_4246147567',0,'2018-02-13 07:16:18',NULL,0),(399,'playerVirtual13','playerVirtual13_4084af0dd8',3,'2018-02-13 07:16:18',NULL,0),(400,'playerVirtual13','playerVirtual13_4246147567',0,'2018-02-13 07:16:18',NULL,0),(401,'playerVirtual19','playerVirtual19_4246147567',0,'2018-02-13 07:16:45',NULL,0),(402,'playerVirtual18','playerVirtual18_2bb7fad8c0',3,'2018-02-13 07:16:52',NULL,0),(403,'playerVirtual16','playerVirtual16_4246147567',0,'2018-02-13 07:17:14',NULL,0),(404,'playerVirtual16','playerVirtual16_f3c8bcb2c5',3,'2018-02-13 07:17:14',NULL,0),(405,'playerVirtual16','playerVirtual16_4246147567',0,'2018-02-13 07:17:14',NULL,0),(406,'playerVirtual17','playerVirtual17_1436344784',1,'2018-02-13 07:17:25',NULL,0),(407,'playerVirtual17','playerVirtual17_b42856ce4b',3,'2018-02-13 07:17:25',NULL,0),(408,'playerVirtual17','playerVirtual17_1436344784',1,'2018-02-13 07:17:25',NULL,0),(409,'playerVirtual19','playerVirtual19_998dd5de3a',3,'2018-02-13 07:17:45',NULL,0),(410,'playerVirtual8','playerVirtual8_4246147567',1,'2018-02-13 07:20:07',NULL,0),(411,'playerVirtual8','playerVirtual8_e98d2bc90e',4,'2018-02-13 07:20:08',NULL,0),(412,'playerVirtual8','playerVirtual8_4246147567',1,'2018-02-13 07:20:08',NULL,0),(413,'playerVirtual15','playerVirtual15_4246147567',0,'2018-02-13 07:20:20',NULL,0),(414,'playerVirtual15','playerVirtual15_68f59bc6dd',4,'2018-02-13 07:20:20',NULL,0),(415,'playerVirtual15','playerVirtual15_4246147567',0,'2018-02-13 07:20:20',NULL,0),(416,'playerVirtual16','playerVirtual16_4246147567',1,'2018-02-13 07:22:58',NULL,0),(417,'playerVirtual16','playerVirtual16_fa38e2d442',4,'2018-02-13 07:22:58',NULL,0),(418,'playerVirtual16','playerVirtual16_4246147567',1,'2018-02-13 07:22:58',NULL,0),(419,'playerVirtual11','playerVirtual11_4246147567',0,'2018-02-13 07:23:07',NULL,0),(420,'playerVirtual11','playerVirtual11_73c99a0021',4,'2018-02-13 07:23:07',NULL,0),(421,'playerVirtual11','playerVirtual11_4246147567',0,'2018-02-13 07:23:07',NULL,0),(422,'playerVirtual15','playerVirtual15_4246147567',1,'2018-02-13 07:24:34',NULL,0),(423,'playerVirtual15','playerVirtual15_2d98a429fd',3,'2018-02-13 07:24:34',NULL,0),(424,'playerVirtual15','playerVirtual15_4246147567',1,'2018-02-13 07:24:34',NULL,0),(425,'playerVirtual14','playerVirtual14_4246147567',1,'2018-02-13 07:25:02',NULL,0),(426,'playerVirtual14','playerVirtual14_f5afae3f9e',4,'2018-02-13 07:25:03',NULL,0),(427,'playerVirtual14','playerVirtual14_4246147567',1,'2018-02-13 07:25:03',NULL,0),(428,'playerVirtual10','playerVirtual10_4246147567',0,'2018-02-13 07:25:24',NULL,0),(429,'playerVirtual10','playerVirtual10_19287a5f3e',4,'2018-02-13 07:25:25',NULL,0),(430,'playerVirtual10','playerVirtual10_4246147567',0,'2018-02-13 07:25:25',NULL,0),(431,'playerVirtual13','playerVirtual13_4246147567',1,'2018-02-13 07:29:06',NULL,0),(432,'playerVirtual13','playerVirtual13_27fceac2b1',4,'2018-02-13 07:29:06',NULL,0),(433,'playerVirtual13','playerVirtual13_4246147567',1,'2018-02-13 07:29:07',NULL,0),(434,'playerVirtual8','playerVirtual8_4246147567',0,'2018-02-13 07:31:46',NULL,0),(435,'playerVirtual8','playerVirtual8_b9fcf3afdc',3,'2018-02-13 07:31:47',NULL,0),(436,'playerVirtual8','playerVirtual8_4246147567',0,'2018-02-13 07:31:47',NULL,0),(437,'playerVirtual9','playerVirtual9_6344084916',0,'2018-02-13 07:31:55',NULL,0),(438,'playerVirtual9','playerVirtual9_6344084916',0,'2018-02-13 07:31:56',NULL,0),(439,'playerVirtual9','playerVirtual9_d489475531',4,'2018-02-13 07:32:55',NULL,0),(440,'playerVirtual18','playerVirtual18_990694203',0,'2018-02-13 07:33:14',NULL,0),(441,'playerVirtual18','playerVirtual18_990694203',0,'2018-02-13 07:33:14',NULL,0),(442,'playerVirtual12','playerVirtual12_4246147567',0,'2018-02-13 07:33:52',NULL,0),(443,'playerVirtual12','playerVirtual12_d72ff707b1',4,'2018-02-13 07:33:52',NULL,0),(444,'playerVirtual12','playerVirtual12_4246147567',0,'2018-02-13 07:33:54',NULL,0),(445,'playerVirtual18','playerVirtual18_a5ccc5071b',4,'2018-02-13 07:34:14',NULL,0),(446,'playerVirtual19','playerVirtual19_2add232f59',4,'2018-02-13 07:34:59',NULL,0),(447,'playerVirtual17','playerVirtual17_4246147567',0,'2018-02-13 07:35:23',NULL,0),(448,'playerVirtual17','playerVirtual17_4246147567',0,'2018-02-13 07:35:23',NULL,0),(449,'playerVirtual11','playerVirtual11_4246147567',1,'2018-02-13 07:35:48',NULL,0),(450,'playerVirtual11','playerVirtual11_807a18bfc0',3,'2018-02-13 07:35:49',NULL,0),(451,'playerVirtual11','playerVirtual11_4246147567',1,'2018-02-13 07:35:49',NULL,0),(452,'playerVirtual17','playerVirtual17_cb7dc0475e',4,'2018-02-13 07:36:23',NULL,0),(453,'playerVirtual10','playerVirtual10_4246147567',1,'2018-02-13 07:38:09',NULL,0),(454,'playerVirtual10','playerVirtual10_9dbdc92df5',3,'2018-02-13 07:38:09',NULL,0),(455,'playerVirtual10','playerVirtual10_4246147567',1,'2018-02-13 07:38:09',NULL,0),(456,'playerVirtual12','playerVirtual12_4246147567',1,'2018-02-13 07:43:28',NULL,0),(457,'playerVirtual12','playerVirtual12_9c1a09efd0',3,'2018-02-13 07:43:28',NULL,0),(458,'playerVirtual12','playerVirtual12_4246147567',1,'2018-02-13 07:43:28',NULL,0),(459,'playerVirtual14','playerVirtual14_4246147567',0,'2018-02-13 07:44:26',NULL,0),(460,'playerVirtual14','playerVirtual14_1feac8677c',3,'2018-02-13 07:44:27',NULL,0),(461,'playerVirtual14','playerVirtual14_4246147567',0,'2018-02-13 07:44:31',NULL,0),(462,'playerVirtual9','playerVirtual9_5297461910',1,'2018-02-13 07:45:21',NULL,0),(463,'playerVirtual9','playerVirtual9_8c46169680',3,'2018-02-13 07:45:21',NULL,0),(464,'playerVirtual9','playerVirtual9_5297461910',1,'2018-02-13 07:45:21',NULL,0),(465,'playerVirtual13','playerVirtual13_82730999',0,'2018-02-13 07:45:35',NULL,0),(466,'playerVirtual16','playerVirtual16_272887063',0,'2018-02-13 07:45:36',NULL,0),(467,'playerVirtual13','playerVirtual13_82730999',0,'2018-02-13 07:45:36',NULL,0),(468,'playerVirtual16','playerVirtual16_272887063',0,'2018-02-13 07:45:36',NULL,0),(469,'playerVirtual18','playerVirtual18_990694203',1,'2018-02-13 07:45:37',NULL,0),(470,'playerVirtual18','playerVirtual18_0012130a3b',3,'2018-02-13 07:45:37',NULL,0),(471,'playerVirtual18','playerVirtual18_990694203',1,'2018-02-13 07:45:37',NULL,0),(472,'playerVirtual17','playerVirtual17_4246147567',1,'2018-02-13 07:46:26',NULL,0),(473,'playerVirtual17','playerVirtual17_c763355ace',3,'2018-02-13 07:46:27',NULL,0),(474,'playerVirtual17','playerVirtual17_4246147567',1,'2018-02-13 07:46:27',NULL,0),(475,'playerVirtual13','playerVirtual13_7c600c0bab',3,'2018-02-13 07:46:37',NULL,0),(476,'playerVirtual16','playerVirtual16_fd2990878c',3,'2018-02-13 07:46:38',NULL,0),(477,'playerVirtual19','playerVirtual19_16917741',0,'2018-02-13 07:47:38',NULL,0),(478,'playerVirtual19','playerVirtual19_16917741',0,'2018-02-13 07:47:42',NULL,0),(479,'playerVirtual8','playerVirtual8_4246147567',1,'2018-02-13 07:48:21',NULL,0),(480,'playerVirtual8','playerVirtual8_58d81bb32e',4,'2018-02-13 07:48:21',NULL,0),(481,'playerVirtual8','playerVirtual8_4246147567',1,'2018-02-13 07:48:21',NULL,0),(482,'playerVirtual19','playerVirtual19_ee1f02cb3e',3,'2018-02-13 07:48:35',NULL,0),(483,'playerVirtual15','playerVirtual15_4246147567',0,'2018-02-13 07:49:13',NULL,0),(484,'playerVirtual15','playerVirtual15_096eca49bd',4,'2018-02-13 07:49:13',NULL,0),(485,'playerVirtual15','playerVirtual15_4246147567',0,'2018-02-13 07:49:13',NULL,0),(486,'playerVirtual11','playerVirtual11_4820150269',0,'2018-02-13 07:53:00',NULL,0),(487,'playerVirtual11','playerVirtual11_4820150269',0,'2018-02-13 07:53:00',NULL,0),(488,'playerVirtual15','playerVirtual15_4246147567',1,'2018-02-13 07:53:27',NULL,0),(489,'playerVirtual15','playerVirtual15_892040dd5d',3,'2018-02-13 07:53:27',NULL,0),(490,'playerVirtual15','playerVirtual15_4246147567',1,'2018-02-13 07:53:28',NULL,0),(491,'playerVirtual11','playerVirtual11_259be78194',4,'2018-02-13 07:54:03',NULL,0),(492,'playerVirtual14','playerVirtual14_4246147567',1,'2018-02-13 07:54:07',NULL,0),(493,'playerVirtual14','playerVirtual14_f015afa34c',4,'2018-02-13 07:54:08',NULL,0),(494,'playerVirtual14','playerVirtual14_4246147567',1,'2018-02-13 07:54:08',NULL,0),(495,'playerVirtual16','playerVirtual16_5068098508',0,'2018-02-13 07:54:39',NULL,0),(496,'playerVirtual16','playerVirtual16_5068098508',0,'2018-02-13 07:54:39',NULL,0),(497,'playerVirtual10','playerVirtual10_3338579772',0,'2018-02-13 07:55:15',NULL,0),(498,'playerVirtual10','playerVirtual10_3338579772',0,'2018-02-13 07:55:15',NULL,0),(499,'playerVirtual16','playerVirtual16_a18c65f55f',4,'2018-02-13 07:55:39',NULL,0),(500,'playerVirtual10','playerVirtual10_beda74e05d',4,'2018-02-13 07:56:15',NULL,0),(501,'playerVirtual13','playerVirtual13_1436344784',0,'2018-02-13 08:00:45',NULL,0),(502,'playerVirtual13','playerVirtual13_1436344784',0,'2018-02-13 08:00:45',NULL,0),(503,'playerVirtual13','playerVirtual13_099f0920d9',4,'2018-02-13 08:01:45',NULL,0),(504,'playerVirtual8','playerVirtual8_4246147567',0,'2018-02-13 08:02:33',NULL,0),(505,'playerVirtual8','playerVirtual8_7406f6b369',3,'2018-02-13 08:02:34',NULL,0),(506,'playerVirtual8','playerVirtual8_4246147567',0,'2018-02-13 08:02:34',NULL,0),(507,'playerVirtual9','playerVirtual9_4246147567',0,'2018-02-13 08:03:10',NULL,0),(508,'playerVirtual9','playerVirtual9_f7ad624792',4,'2018-02-13 08:03:11',NULL,0),(509,'playerVirtual9','playerVirtual9_4246147567',0,'2018-02-13 08:03:11',NULL,0),(510,'playerVirtual12','playerVirtual12_4246147567',0,'2018-02-13 08:03:50',NULL,0),(511,'playerVirtual12','playerVirtual12_5b7b543f69',4,'2018-02-13 08:03:50',NULL,0),(512,'playerVirtual12','playerVirtual12_4246147567',0,'2018-02-13 08:03:51',NULL,0),(513,'playerVirtual18','playerVirtual18_4246147567',0,'2018-02-13 08:04:43',NULL,0),(514,'playerVirtual17','playerVirtual17_272887063',1,'2018-02-13 08:04:43',NULL,0),(515,'playerVirtual17','playerVirtual17_6d9bc6e885',4,'2018-02-13 08:04:43',NULL,0),(516,'playerVirtual18','playerVirtual18_4246147567',0,'2018-02-13 08:04:43',NULL,0),(517,'playerVirtual17','playerVirtual17_272887063',1,'2018-02-13 08:04:44',NULL,0),(518,'playerVirtual18','playerVirtual18_2d75859820',4,'2018-02-13 08:05:45',NULL,0),(519,'playerVirtual19','playerVirtual19_990694203',0,'2018-02-13 08:06:55',NULL,0),(520,'playerVirtual19','playerVirtual19_990694203',0,'2018-02-13 08:06:55',NULL,0),(521,'playerVirtual19','playerVirtual19_52c04bb8da',4,'2018-02-13 08:07:55',NULL,0),(522,'playerVirtual11','playerVirtual11_4246147567',0,'2018-02-13 08:08:01',NULL,0),(523,'playerVirtual11','playerVirtual11_c9fcbc5e5a',3,'2018-02-13 08:08:01',NULL,0),(524,'playerVirtual11','playerVirtual11_4246147567',0,'2018-02-13 08:08:01',NULL,0),(525,'playerVirtual10','playerVirtual10_5792765',0,'2018-02-13 08:11:02',NULL,0),(526,'playerVirtual10','playerVirtual10_5792765',0,'2018-02-13 08:11:03',NULL,0),(527,'playerVirtual10','playerVirtual10_e2494f67e3',3,'2018-02-13 08:12:02',NULL,0),(528,'playerVirtual12','playerVirtual12_4246147567',1,'2018-02-13 08:13:29',NULL,0),(529,'playerVirtual12','playerVirtual12_aba785d6a0',3,'2018-02-13 08:13:29',NULL,0),(530,'playerVirtual12','playerVirtual12_4246147567',1,'2018-02-13 08:13:29',NULL,0),(531,'playerVirtual17','playerVirtual17_2378747961',1,'2018-02-13 08:15:32',NULL,0),(532,'playerVirtual17','playerVirtual17_aef5c3b32e',3,'2018-02-13 08:15:33',NULL,0),(533,'playerVirtual17','playerVirtual17_2378747961',1,'2018-02-13 08:15:33',NULL,0),(534,'playerVirtual9','playerVirtual9_4246147567',1,'2018-02-13 08:15:36',NULL,0),(535,'playerVirtual9','playerVirtual9_4e4c7e9859',3,'2018-02-13 08:15:36',NULL,0),(536,'playerVirtual9','playerVirtual9_4246147567',1,'2018-02-13 08:15:36',NULL,0),(537,'playerVirtual14','playerVirtual14_1438244924',0,'2018-02-13 08:15:47',NULL,0),(538,'playerVirtual14','playerVirtual14_1438244924',0,'2018-02-13 08:15:48',NULL,0),(539,'playerVirtual14','playerVirtual14_d05f6cd341',3,'2018-02-13 08:16:47',NULL,0),(540,'playerVirtual18','playerVirtual18_4246147567',1,'2018-02-13 08:17:07',NULL,0),(541,'playerVirtual18','playerVirtual18_0a53cae9f5',3,'2018-02-13 08:17:07',NULL,0),(542,'playerVirtual18','playerVirtual18_4246147567',1,'2018-02-13 08:17:07',NULL,0),(543,'playerVirtual8','playerVirtual8_4246147567',1,'2018-02-13 08:19:05',NULL,0),(544,'playerVirtual8','playerVirtual8_0d6332e709',4,'2018-02-13 08:19:05',NULL,0),(545,'playerVirtual8','playerVirtual8_4246147567',1,'2018-02-13 08:19:05',NULL,0),(546,'playerVirtual16','playerVirtual16_4246147567',0,'2018-02-13 08:19:17',NULL,0),(547,'playerVirtual16','playerVirtual16_3d4975ddea',3,'2018-02-13 08:19:17',NULL,0),(548,'playerVirtual16','playerVirtual16_4246147567',0,'2018-02-13 08:19:17',NULL,0),(549,'playerVirtual13','playerVirtual13_4246147567',0,'2018-02-13 08:19:58',NULL,0),(550,'playerVirtual13','playerVirtual13_a8ba7d8195',3,'2018-02-13 08:19:59',NULL,0),(551,'playerVirtual13','playerVirtual13_4246147567',0,'2018-02-13 08:19:59',NULL,0),(552,'playerVirtual15','playerVirtual15_6280643141',0,'2018-02-13 08:20:13',NULL,0),(553,'playerVirtual15','playerVirtual15_6280643141',0,'2018-02-13 08:20:13',NULL,0),(554,'playerVirtual19','playerVirtual19_990694203',1,'2018-02-13 08:20:35',NULL,0),(555,'playerVirtual19','playerVirtual19_3fbc1be790',3,'2018-02-13 08:20:36',NULL,0),(556,'playerVirtual19','playerVirtual19_990694203',1,'2018-02-13 08:20:36',NULL,0),(557,'playerVirtual15','playerVirtual15_a44659bc93',4,'2018-02-13 08:21:13',NULL,0),(558,'playerVirtual11','playerVirtual11_4246147567',1,'2018-02-13 08:25:11',NULL,0),(559,'playerVirtual11','playerVirtual11_ef68304b01',4,'2018-02-13 08:25:12',NULL,0),(560,'playerVirtual11','playerVirtual11_4246147567',1,'2018-02-13 08:25:12',NULL,0),(561,'playerVirtual16','playerVirtual16_4246147567',1,'2018-02-13 08:27:20',NULL,0),(562,'playerVirtual16','playerVirtual16_db374271bd',4,'2018-02-13 08:27:20',NULL,0),(563,'playerVirtual16','playerVirtual16_4246147567',1,'2018-02-13 08:27:20',NULL,0),(564,'playerVirtual14','playerVirtual14_990694203',0,'2018-02-13 08:29:30',NULL,0),(565,'playerVirtual14','playerVirtual14_990694203',0,'2018-02-13 08:29:30',NULL,0),(566,'playerVirtual15','playerVirtual15_4246147567',0,'2018-02-13 08:29:34',NULL,0),(567,'playerVirtual15','playerVirtual15_f9a38db6f6',3,'2018-02-13 08:29:34',NULL,0),(568,'playerVirtual15','playerVirtual15_4246147567',0,'2018-02-13 08:29:34',NULL,0),(569,'playerVirtual14','playerVirtual14_f27519086f',4,'2018-02-13 08:30:30',NULL,0),(570,'playerVirtual10','playerVirtual10_4246147567',0,'2018-02-13 08:30:33',NULL,0),(571,'playerVirtual10','playerVirtual10_2cb59bb505',4,'2018-02-13 08:30:34',NULL,0),(572,'playerVirtual10','playerVirtual10_4246147567',0,'2018-02-13 08:30:34',NULL,0),(573,'playerVirtual13','playerVirtual13_4246147567',1,'2018-02-13 08:34:09',NULL,0),(574,'playerVirtual13','playerVirtual13_70ef59426e',4,'2018-02-13 08:34:09',NULL,0),(575,'playerVirtual13','playerVirtual13_4246147567',1,'2018-02-13 08:34:09',NULL,0),(576,'playerVirtual9','playerVirtual9_4246147567',0,'2018-02-13 08:37:34',NULL,0),(577,'playerVirtual9','playerVirtual9_2e317ea53c',4,'2018-02-13 08:37:34',NULL,0),(578,'playerVirtual8','playerVirtual8_4246147567',0,'2018-02-13 08:37:34',NULL,0),(579,'playerVirtual8','playerVirtual8_8489d8ff39',3,'2018-02-13 08:37:35',NULL,0),(580,'playerVirtual12','playerVirtual12_4246147567',0,'2018-02-13 08:37:40',NULL,0),(581,'playerVirtual12','playerVirtual12_10c42462de',4,'2018-02-13 08:37:41',NULL,0),(582,'playerVirtual9','playerVirtual9_4246147567',0,'2018-02-13 08:37:41',NULL,0),(583,'playerVirtual8','playerVirtual8_4246147567',0,'2018-02-13 08:37:41',NULL,0),(584,'playerVirtual12','playerVirtual12_4246147567',0,'2018-02-13 08:37:41',NULL,0),(585,'playerVirtual17','playerVirtual17_4246147567',0,'2018-02-13 08:38:41',NULL,0),(586,'playerVirtual17','playerVirtual17_b593eadc94',4,'2018-02-13 08:38:42',NULL,0),(587,'playerVirtual17','playerVirtual17_4246147567',0,'2018-02-13 08:38:42',NULL,0),(588,'playerVirtual11','playerVirtual11_3cbeeb27f0',3,'2018-02-13 08:39:49',NULL,0),(589,'playerVirtual18','playerVirtual18_4246147567',0,'2018-02-13 08:40:09',NULL,0),(590,'playerVirtual18','playerVirtual18_f91a1e3192',4,'2018-02-13 08:40:09',NULL,0),(591,'playerVirtual18','playerVirtual18_4246147567',0,'2018-02-13 08:40:09',NULL,0),(592,'playerVirtual19','playerVirtual19_16917741',1,'2018-02-13 08:41:11',NULL,0),(593,'playerVirtual19','playerVirtual19_aaac77ff9e',4,'2018-02-13 08:41:11',NULL,0),(594,'playerVirtual19','playerVirtual19_16917741',1,'2018-02-13 08:41:12',NULL,0),(595,'playerVirtual10','playerVirtual10_4246147567',1,'2018-02-13 08:45:17',NULL,0),(596,'playerVirtual10','playerVirtual10_3f68b38c75',3,'2018-02-13 08:45:18',NULL,0),(597,'playerVirtual10','playerVirtual10_4246147567',1,'2018-02-13 08:45:19',NULL,0),(598,'playerVirtual12','playerVirtual12_4246147567',1,'2018-02-13 08:47:14',NULL,0),(599,'playerVirtual12','playerVirtual12_050104d618',3,'2018-02-13 08:47:14',NULL,0),(600,'playerVirtual12','playerVirtual12_4246147567',1,'2018-02-13 08:47:14',NULL,0),(601,'playerVirtual17','playerVirtual17_4246147567',1,'2018-02-13 08:49:31',NULL,0),(602,'playerVirtual17','playerVirtual17_b1ea972229',3,'2018-02-13 08:49:31',NULL,0),(603,'playerVirtual17','playerVirtual17_4246147567',1,'2018-02-13 08:49:31',NULL,0),(604,'playerVirtual9','playerVirtual9_4246147567',1,'2018-02-13 08:49:49',NULL,0),(605,'playerVirtual9','playerVirtual9_0aef085c7f',3,'2018-02-13 08:49:49',NULL,0),(606,'playerVirtual9','playerVirtual9_4246147567',1,'2018-02-13 08:49:49',NULL,0),(607,'playerVirtual18','playerVirtual18_4246147567',1,'2018-02-13 08:51:47',NULL,0),(608,'playerVirtual18','playerVirtual18_5961e4c568',3,'2018-02-13 08:51:47',NULL,0),(609,'playerVirtual18','playerVirtual18_4246147567',1,'2018-02-13 08:51:48',NULL,0),(610,'playerVirtual14','playerVirtual14_990694203',1,'2018-02-13 08:52:09',NULL,0),(611,'playerVirtual14','playerVirtual14_00c8b60e0a',3,'2018-02-13 08:52:10',NULL,0),(612,'playerVirtual14','playerVirtual14_990694203',1,'2018-02-13 08:52:10',NULL,0),(613,'playerVirtual8','playerVirtual8_4246147567',1,'2018-02-13 08:53:59',NULL,0),(614,'playerVirtual8','playerVirtual8_4246147567',1,'2018-02-13 08:54:00',NULL,0),(615,'playerVirtual8','playerVirtual8_5058f7820d',4,'2018-02-13 08:54:01',NULL,0),(616,'playerVirtual16','playerVirtual16_4246147567',0,'2018-02-13 08:55:04',NULL,0),(617,'playerVirtual16','playerVirtual16_20f3da6e30',3,'2018-02-13 08:55:04',NULL,0),(618,'playerVirtual16','playerVirtual16_4246147567',0,'2018-02-13 08:55:04',NULL,0),(619,'playerVirtual13','playerVirtual13_990694203',0,'2018-02-13 08:56:06',NULL,0),(620,'playerVirtual13','playerVirtual13_990694203',0,'2018-02-13 08:56:07',NULL,0),(621,'playerVirtual15','playerVirtual15_4246147567',1,'2018-02-13 08:56:19',NULL,0),(622,'playerVirtual15','playerVirtual15_f548ce76bc',4,'2018-02-13 08:56:19',NULL,0),(623,'playerVirtual15','playerVirtual15_4246147567',1,'2018-02-13 08:56:19',NULL,0),(624,'playerVirtual19','playerVirtual19_794070039',1,'2018-02-13 08:56:51',NULL,0),(625,'playerVirtual19','playerVirtual19_fb7ff2ca4c',3,'2018-02-13 08:56:51',NULL,0),(626,'playerVirtual19','playerVirtual19_794070039',1,'2018-02-13 08:56:51',NULL,0),(627,'playerVirtual13','playerVirtual13_39695b7b18',3,'2018-02-13 08:57:07',NULL,0),(628,'playerVirtual11','playerVirtual11_4246147567',0,'2018-02-13 09:01:28',NULL,0),(629,'playerVirtual11','playerVirtual11_f58faa498b',4,'2018-02-13 09:01:28',NULL,0),(630,'playerVirtual11','playerVirtual11_4246147567',0,'2018-02-13 09:01:28',NULL,0),(631,'playerVirtual16','playerVirtual16_4246147567',1,'2018-02-13 09:03:07',NULL,0),(632,'playerVirtual16','playerVirtual16_489e814bcb',4,'2018-02-13 09:03:08',NULL,0),(633,'playerVirtual16','playerVirtual16_4246147567',1,'2018-02-13 09:03:08',NULL,0),(634,'playerVirtual10','playerVirtual10_4246147567',0,'2018-02-13 09:07:30',NULL,0),(635,'playerVirtual10','playerVirtual10_b19736f5ce',4,'2018-02-13 09:07:30',NULL,0),(636,'playerVirtual10','playerVirtual10_4246147567',0,'2018-02-13 09:07:31',NULL,0),(637,'playerVirtual15','playerVirtual15_990694203',0,'2018-02-13 09:07:38',NULL,0),(638,'playerVirtual15','playerVirtual15_990694203',0,'2018-02-13 09:07:38',NULL,0),(639,'playerVirtual14','playerVirtual14_4246147567',0,'2018-02-13 09:08:11',NULL,0),(640,'playerVirtual14','playerVirtual14_05f0f4f65e',4,'2018-02-13 09:08:11',NULL,0),(641,'playerVirtual14','playerVirtual14_4246147567',0,'2018-02-13 09:08:14',NULL,0),(642,'playerVirtual15','playerVirtual15_ba527b63fb',3,'2018-02-13 09:08:38',NULL,0),(643,'playerVirtual13','playerVirtual13_990694203',1,'2018-02-13 09:11:33',NULL,0),(644,'playerVirtual13','playerVirtual13_f0175c7931',4,'2018-02-13 09:11:33',NULL,0),(645,'playerVirtual13','playerVirtual13_990694203',1,'2018-02-13 09:11:49',NULL,0),(646,'playerVirtual9','playerVirtual9_2148750930',1,'2018-02-13 09:14:06',NULL,0),(647,'playerVirtual9','playerVirtual9_2cf35abf78',4,'2018-02-13 09:14:06',NULL,0),(648,'playerVirtual9','playerVirtual9_2148750930',1,'2018-02-13 09:14:06',NULL,0),(649,'playerVirtual12','playerVirtual12_6370662053',0,'2018-02-13 09:14:54',NULL,0),(650,'playerVirtual12','playerVirtual12_6370662053',0,'2018-02-13 09:14:54',NULL,0),(651,'playerVirtual8','playerVirtual8_4246147567',0,'2018-02-13 09:15:40',NULL,0),(652,'playerVirtual8','playerVirtual8_4e850ab3da',3,'2018-02-13 09:15:40',NULL,0),(653,'playerVirtual8','playerVirtual8_4246147567',0,'2018-02-13 09:15:46',NULL,0),(654,'playerVirtual12','playerVirtual12_a7d74a468e',4,'2018-02-13 09:15:54',NULL,0),(655,'playerVirtual17','playerVirtual17_16917741',0,'2018-02-13 09:16:00',NULL,0),(656,'playerVirtual17','playerVirtual17_16917741',0,'2018-02-13 09:16:02',NULL,0),(657,'playerVirtual11','playerVirtual11_4246147567',1,'2018-02-13 09:16:05',NULL,0),(658,'playerVirtual11','playerVirtual11_87aa7a3c9f',3,'2018-02-13 09:16:07',NULL,0),(659,'playerVirtual11','playerVirtual11_4246147567',1,'2018-02-13 09:16:07',NULL,0),(660,'playerVirtual17','playerVirtual17_a0aa7d3c94',4,'2018-02-13 09:17:01',NULL,0),(661,'playerVirtual18','playerVirtual18_4246147567',0,'2018-02-13 09:17:37',NULL,0),(662,'playerVirtual18','playerVirtual18_062395d407',4,'2018-02-13 09:17:37',NULL,0),(663,'playerVirtual18','playerVirtual18_4246147567',0,'2018-02-13 09:17:40',NULL,0),(664,'playerVirtual19','playerVirtual19_4246147567',0,'2018-02-13 09:19:28',NULL,0),(665,'playerVirtual19','playerVirtual19_488eba9158',4,'2018-02-13 09:19:30',NULL,0),(666,'playerVirtual19','playerVirtual19_4246147567',0,'2018-02-13 09:19:31',NULL,0),(667,'playerVirtual10','playerVirtual10_4246147567',1,'2018-02-13 09:22:13',NULL,0),(668,'playerVirtual10','playerVirtual10_3ecfeaea9a',3,'2018-02-13 09:22:14',NULL,0),(669,'playerVirtual10','playerVirtual10_4246147567',1,'2018-02-13 09:22:14',NULL,0),(670,'playerVirtual12','playerVirtual12_990694203',0,'2018-02-13 09:28:07',NULL,0),(671,'playerVirtual12','playerVirtual12_990694203',0,'2018-02-13 09:28:11',NULL,0),(672,'playerVirtual18','playerVirtual18_4246147567',1,'2018-02-13 09:28:57',NULL,0),(673,'playerVirtual18','playerVirtual18_38e95920e2',3,'2018-02-13 09:28:57',NULL,0),(674,'playerVirtual18','playerVirtual18_4246147567',1,'2018-02-13 09:28:57',NULL,0),(675,'playerVirtual12','playerVirtual12_ea1f6d37b5',3,'2018-02-13 09:29:06',NULL,0),(676,'playerVirtual9','playerVirtual9_5297461910',0,'2018-02-13 09:29:32',NULL,0),(677,'playerVirtual9','playerVirtual9_d0a5d2f1e7',3,'2018-02-13 09:29:32',NULL,0),(678,'playerVirtual9','playerVirtual9_5297461910',0,'2018-02-13 09:29:33',NULL,0),(679,'playerVirtual14','playerVirtual14_4246147567',1,'2018-02-13 09:29:47',NULL,0),(680,'playerVirtual14','playerVirtual14_6848254d50',3,'2018-02-13 09:29:48',NULL,0),(681,'playerVirtual14','playerVirtual14_4246147567',1,'2018-02-13 09:29:48',NULL,0),(682,'playerVirtual17','playerVirtual17_4246147567',0,'2018-02-13 09:30:58',NULL,0),(683,'playerVirtual17','playerVirtual17_ccbe4258ed',3,'2018-02-13 09:30:58',NULL,0),(684,'playerVirtual17','playerVirtual17_4246147567',0,'2018-02-13 09:30:58',NULL,0),(685,'playerVirtual8','playerVirtual8_4246147567',1,'2018-02-13 09:32:03',NULL,0),(686,'playerVirtual8','playerVirtual8_cef093e529',4,'2018-02-13 09:32:04',NULL,0),(687,'playerVirtual8','playerVirtual8_4246147567',1,'2018-02-13 09:32:04',NULL,0),(688,'playerVirtual16','playerVirtual16_539194189',0,'2018-02-13 09:33:56',NULL,0),(689,'playerVirtual16','playerVirtual16_7a6191c0c9',3,'2018-02-13 09:34:56',NULL,0),(690,'playerVirtual19','playerVirtual19_5b2f030cd8',3,'2018-02-13 09:35:08',NULL,0),(691,'playerVirtual15','playerVirtual15_990694203',1,'2018-02-13 09:35:24',NULL,0),(692,'playerVirtual15','playerVirtual15_0e77ce0cae',4,'2018-02-13 09:35:24',NULL,0),(693,'playerVirtual15','playerVirtual15_990694203',1,'2018-02-13 09:35:24',NULL,0),(694,'playerVirtual13','playerVirtual13_4246147567',0,'2018-02-13 09:36:31',NULL,0),(695,'playerVirtual13','playerVirtual13_dc317f0a56',3,'2018-02-13 09:36:31',NULL,0),(696,'playerVirtual13','playerVirtual13_4246147567',0,'2018-02-13 09:36:31',NULL,0),(697,'playerVirtual11','playerVirtual11_4246147567',0,'2018-02-13 09:41:30',NULL,0),(698,'playerVirtual11','playerVirtual11_e77ad533ea',4,'2018-02-13 09:41:30',NULL,0),(699,'playerVirtual11','playerVirtual11_4246147567',0,'2018-02-13 09:41:30',NULL,0),(700,'playerVirtual16','playerVirtual16_4246147567',0,'2018-02-13 09:45:56',NULL,0),(701,'playerVirtual16','playerVirtual16_a2ef31db55',4,'2018-02-13 09:45:56',NULL,0),(702,'playerVirtual10','playerVirtual10_4246147567',0,'2018-02-13 09:48:12',NULL,0),(703,'playerVirtual10','playerVirtual10_c7cfb70eee',4,'2018-02-13 09:48:12',NULL,0),(704,'playerVirtual10','playerVirtual10_4246147567',0,'2018-02-13 09:48:12',NULL,0),(705,'playerVirtual14','playerVirtual14_4246147567',0,'2018-02-13 09:49:29',NULL,0),(706,'playerVirtual14','playerVirtual14_2ecc063677',4,'2018-02-13 09:49:29',NULL,0),(707,'playerVirtual14','playerVirtual14_4246147567',0,'2018-02-13 09:49:30',NULL,0),(708,'playerVirtual13','playerVirtual13_4246147567',1,'2018-02-13 09:50:42',NULL,0),(709,'playerVirtual13','playerVirtual13_51e3c395b5',4,'2018-02-13 09:50:42',NULL,0),(710,'playerVirtual13','playerVirtual13_4246147567',1,'2018-02-13 09:50:42',NULL,0),(711,'playerVirtual15','playerVirtual15_359920779',0,'2018-02-13 09:50:47',NULL,0),(712,'playerVirtual15','playerVirtual15_359920779',0,'2018-02-13 09:50:47',NULL,0),(713,'playerVirtual15','playerVirtual15_8ab46ab6ed',3,'2018-02-13 09:51:47',NULL,0),(714,'playerVirtual9','playerVirtual9_4246147567',0,'2018-02-13 09:55:14',NULL,0),(715,'playerVirtual9','playerVirtual9_141f3993e0',4,'2018-02-13 09:55:14',NULL,0),(716,'playerVirtual9','playerVirtual9_4246147567',0,'2018-02-13 09:55:14',NULL,0),(717,'playerVirtual11','playerVirtual11_4246147567',1,'2018-02-13 09:56:08',NULL,0),(718,'playerVirtual11','playerVirtual11_cf9fc6bd17',3,'2018-02-13 09:56:08',NULL,0),(719,'playerVirtual11','playerVirtual11_4246147567',1,'2018-02-13 09:56:08',NULL,0),(720,'playerVirtual12','playerVirtual12_990694203',1,'2018-02-13 09:56:49',NULL,0),(721,'playerVirtual12','playerVirtual12_ee92913310',4,'2018-02-13 09:56:49',NULL,0),(722,'playerVirtual12','playerVirtual12_990694203',1,'2018-02-13 09:56:53',NULL,0),(723,'playerVirtual8','playerVirtual8_4246147567',0,'2018-02-13 09:57:04',NULL,0),(724,'playerVirtual8','playerVirtual8_e29db63608',3,'2018-02-13 09:57:04',NULL,0),(725,'playerVirtual8','playerVirtual8_4246147567',0,'2018-02-13 09:57:04',NULL,0),(726,'playerVirtual17','playerVirtual17_4246147567',1,'2018-02-13 09:57:27',NULL,0),(727,'playerVirtual17','playerVirtual17_9dd8450dcc',4,'2018-02-13 09:57:27',NULL,0),(728,'playerVirtual17','playerVirtual17_4246147567',1,'2018-02-13 09:57:28',NULL,0),(729,'playerVirtual18','playerVirtual18_1095593',1,'2018-02-13 09:57:42',NULL,0),(730,'playerVirtual18','playerVirtual18_b5d74a5d36',4,'2018-02-13 09:57:42',NULL,0),(731,'playerVirtual18','playerVirtual18_1095593',1,'2018-02-13 09:57:42',NULL,0),(732,'playerVirtual19','playerVirtual19_7db176b6ea',4,'2018-02-13 10:01:32',NULL,0),(733,'playerVirtual10','playerVirtual10_4246147567',1,'2018-02-13 10:02:55',NULL,0),(734,'playerVirtual10','playerVirtual10_a5830c14fb',3,'2018-02-13 10:02:55',NULL,0),(735,'playerVirtual10','playerVirtual10_4246147567',1,'2018-02-13 10:02:55',NULL,0),(736,'playerVirtual9','playerVirtual9_4246147567',1,'2018-02-13 10:10:40',NULL,0),(737,'playerVirtual9','playerVirtual9_4a7176e5ed',3,'2018-02-13 10:10:40',NULL,0),(738,'playerVirtual9','playerVirtual9_4246147567',1,'2018-02-13 10:10:41',NULL,0),(739,'playerVirtual14','playerVirtual14_4246147567',1,'2018-02-13 10:11:09',NULL,0),(740,'playerVirtual14','playerVirtual14_82e3d83ab9',3,'2018-02-13 10:11:09',NULL,0),(741,'playerVirtual14','playerVirtual14_4246147567',1,'2018-02-13 10:11:09',NULL,0),(742,'playerVirtual12','playerVirtual12_4246147567',0,'2018-02-13 10:12:02',NULL,0),(743,'playerVirtual12','playerVirtual12_28c25cf3d0',3,'2018-02-13 10:12:02',NULL,0),(744,'playerVirtual12','playerVirtual12_4246147567',0,'2018-02-13 10:12:03',NULL,0),(745,'playerVirtual18','playerVirtual18_4246147567',0,'2018-02-13 10:12:05',NULL,0),(746,'playerVirtual18','playerVirtual18_e778524fe0',3,'2018-02-13 10:12:06',NULL,0),(747,'playerVirtual18','playerVirtual18_4246147567',0,'2018-02-13 10:12:06',NULL,0),(748,'playerVirtual17','playerVirtual17_359920779',1,'2018-02-13 10:12:48',NULL,0),(749,'playerVirtual17','playerVirtual17_4ebc5eb565',3,'2018-02-13 10:12:48',NULL,0),(750,'playerVirtual17','playerVirtual17_359920779',1,'2018-02-13 10:12:48',NULL,0),(751,'playerVirtual8','playerVirtual8_4246147567',1,'2018-02-13 10:13:39',NULL,0),(752,'playerVirtual8','playerVirtual8_fbc25226e2',4,'2018-02-13 10:13:40',NULL,0),(753,'playerVirtual8','playerVirtual8_4246147567',1,'2018-02-13 10:13:42',NULL,0);
/*!40000 ALTER TABLE `REQUEST` ENABLE KEYS */;
UNLOCK TABLES;

--
-- Table structure for table `STATUS`
--

DROP TABLE IF EXISTS `STATUS`;
/*!40101 SET @saved_cs_client     = @@character_set_client */;
/*!40101 SET character_set_client = utf8 */;
CREATE TABLE `STATUS` (
  `id` int(11) NOT NULL AUTO_INCREMENT,
  `players` int(11) DEFAULT '0',
  `all_requests` int(11) DEFAULT '0',
  `accepts` int(11) DEFAULT '0',
  `rejects` int(11) DEFAULT '0',
  `fairness` float DEFAULT '0',
  `timestamp` timestamp NULL DEFAULT NULL,
  PRIMARY KEY (`id`)
) ENGINE=InnoDB AUTO_INCREMENT=52 DEFAULT CHARSET=utf8;
/*!40101 SET character_set_client = @saved_cs_client */;

--
-- Dumping data for table `STATUS`
--

LOCK TABLES `STATUS` WRITE;
/*!40000 ALTER TABLE `STATUS` DISABLE KEYS */;
INSERT INTO `STATUS` VALUES (1,0,0,0,0,0,'2018-02-13 06:04:14'),(2,20,20,14,6,0.7,'2018-02-13 06:09:14'),(3,20,50,33,17,0.66,'2018-02-13 06:14:14'),(4,20,56,39,17,0.696429,'2018-02-13 06:19:14'),(5,20,69,50,19,0.724638,'2018-02-13 06:24:14'),(6,20,77,56,21,0.727273,'2018-02-13 06:29:15'),(7,20,79,58,21,0.734177,'2018-02-13 06:34:15'),(8,20,81,60,21,0.740741,'2018-02-13 06:39:15'),(9,20,84,63,21,0.75,'2018-02-13 06:44:15'),(10,20,85,64,21,0.752941,'2018-02-13 06:49:15'),(11,20,92,71,21,0.771739,'2018-02-13 06:54:15'),(12,20,95,74,21,0.778947,'2018-02-13 06:59:15'),(13,20,97,76,21,0.783505,'2018-02-13 07:04:15'),(14,20,100,79,21,0.79,'2018-02-13 07:09:15'),(15,20,100,79,21,0.79,'2018-02-13 07:14:16'),(16,20,104,83,21,0.798077,'2018-02-13 07:19:16'),(17,20,106,85,21,0.801887,'2018-02-13 07:24:16'),(18,20,107,85,22,0.794393,'2018-02-13 07:29:16'),(19,20,111,89,22,0.801802,'2018-02-13 07:34:16'),(20,20,112,90,22,0.803571,'2018-02-13 07:39:16'),(21,20,112,90,22,0.803571,'2018-02-13 07:44:16'),(22,20,117,95,22,0.811966,'2018-02-13 07:49:16'),(23,20,118,96,22,0.813559,'2018-02-13 07:54:17'),(24,20,120,98,22,0.816667,'2018-02-13 07:59:17'),(25,20,124,102,22,0.822581,'2018-02-13 08:04:17'),(26,20,127,105,22,0.826772,'2018-02-13 08:09:17'),(27,20,128,106,22,0.828125,'2018-02-13 08:14:17'),(28,20,130,108,22,0.830769,'2018-02-13 08:19:17'),(29,20,132,110,22,0.833333,'2018-02-13 08:24:18'),(30,20,132,110,22,0.833333,'2018-02-13 08:29:18'),(31,20,135,113,22,0.837037,'2018-02-13 08:34:18'),(32,20,139,117,22,0.841727,'2018-02-13 08:39:19'),(33,20,140,118,22,0.842857,'2018-02-13 08:44:19'),(34,20,140,118,22,0.842857,'2018-02-13 08:49:19'),(35,20,140,118,22,0.842857,'2018-02-13 08:54:20'),(36,20,142,121,21,0.852113,'2018-02-13 08:59:20'),(37,20,143,122,21,0.853147,'2018-02-13 09:04:20'),(38,20,146,125,21,0.856164,'2018-02-13 09:09:20'),(39,20,146,125,21,0.856164,'2018-02-13 09:14:20'),(40,20,150,129,21,0.86,'2018-02-13 09:19:21'),(41,20,151,130,21,0.860927,'2018-02-13 09:24:21'),(42,20,152,131,21,0.861842,'2018-02-13 09:29:21'),(43,20,154,133,21,0.863636,'2018-02-13 09:34:21'),(44,20,155,134,21,0.864516,'2018-02-13 09:39:21'),(45,20,156,135,21,0.865385,'2018-02-13 09:44:21'),(46,20,157,136,21,0.866242,'2018-02-13 09:49:22'),(47,20,159,138,21,0.867925,'2018-02-13 09:54:22'),(48,20,161,140,21,0.869565,'2018-02-13 09:59:22'),(49,20,161,140,21,0.869565,'2018-02-13 10:04:22'),(50,20,161,140,21,0.869565,'2018-02-13 10:09:22'),(51,20,163,142,21,0.871166,'2018-02-13 10:14:22');
/*!40000 ALTER TABLE `STATUS` ENABLE KEYS */;
UNLOCK TABLES;

--
-- Table structure for table `THRESHOLD`
--

DROP TABLE IF EXISTS `THRESHOLD`;
/*!40101 SET @saved_cs_client     = @@character_set_client */;
/*!40101 SET character_set_client = utf8 */;
CREATE TABLE `THRESHOLD` (
  `division` int(11) NOT NULL,
  `botton` float DEFAULT '0',
  `top` float DEFAULT '0',
  PRIMARY KEY (`division`)
) ENGINE=InnoDB DEFAULT CHARSET=utf8;
/*!40101 SET character_set_client = @saved_cs_client */;

--
-- Dumping data for table `THRESHOLD`
--

LOCK TABLES `THRESHOLD` WRITE;
/*!40000 ALTER TABLE `THRESHOLD` DISABLE KEYS */;
INSERT INTO `THRESHOLD` VALUES (1,8.76,20),(2,4.38,8.76),(3,0,4.38);
/*!40000 ALTER TABLE `THRESHOLD` ENABLE KEYS */;
UNLOCK TABLES;

--
-- Table structure for table `VM`
--

DROP TABLE IF EXISTS `VM`;
/*!40101 SET @saved_cs_client     = @@character_set_client */;
/*!40101 SET character_set_client = utf8 */;
CREATE TABLE `VM` (
  `id` int(11) NOT NULL AUTO_INCREMENT,
  `origin_add` varchar(45) NOT NULL,
  `origin_id` varchar(45) NOT NULL,
  `origin_name` varchar(45) NOT NULL,
  `destiny_add` varchar(45) NOT NULL,
  `destiny_name` varchar(45) NOT NULL,
  `destiny_id` varchar(45) NOT NULL,
  `status` tinyint(1) NOT NULL,
  `vcpus` int(11) NOT NULL,
  `mem` bigint(20) NOT NULL,
  `disk` bigint(20) NOT NULL,
  `timestamp_received` timestamp NULL DEFAULT NULL,
  `timestamp_finished` timestamp NULL DEFAULT NULL,
  PRIMARY KEY (`id`)
) ENGINE=InnoDB AUTO_INCREMENT=164 DEFAULT CHARSET=utf8;
/*!40101 SET character_set_client = @saved_cs_client */;

--
-- Dumping data for table `VM`
--

LOCK TABLES `VM` WRITE;
/*!40000 ALTER TABLE `VM` DISABLE KEYS */;
INSERT INTO `VM` VALUES (1,'192.168.0.200','playerVirtual1_450512000','playerVirtual1','192.168.0.200','playerVirtual11','playerVirtual11_769bd57456',1,1,2048,20,'2018-02-13 06:06:29',NULL),(2,'192.168.0.200','playerVirtual11_1438244924','playerVirtual11','192.168.0.200','playerVirtual1','playerVirtual11_1438244924',0,1,2048,20,'2018-02-13 06:06:31','2018-02-13 06:06:31'),(3,'192.168.0.200','playerVirtual4_640692267','playerVirtual4','192.168.0.200','playerVirtual8','playerVirtual8_7a57564e6b',1,1,512,1,'2018-02-13 06:06:35',NULL),(4,'192.168.0.200','playerVirtual8_2381571381','playerVirtual8','192.168.0.200','playerVirtual4','playerVirtual8_2381571381',0,1,2048,20,'2018-02-13 06:06:36','2018-02-13 06:06:36'),(5,'192.168.0.200','playerVirtual2_5297461910','playerVirtual2','192.168.0.200','playerVirtual13','playerVirtual13_38cf41170f',3,1,512,1,'2018-02-13 06:06:38','2018-02-13 06:41:50'),(6,'192.168.0.200','playerVirtual13_2790332778','playerVirtual13','192.168.0.200','playerVirtual2','playerVirtual13_2790332778',0,2,4096,40,'2018-02-13 06:06:40','2018-02-13 06:06:40'),(7,'192.168.0.200','playerVirtual3_369721705','playerVirtual3','192.168.0.200','playerVirtual6','playerVirtual6_ace4fa32c3',1,2,4096,40,'2018-02-13 06:06:42',NULL),(8,'192.168.0.200','playerVirtual6_317469422','playerVirtual6','192.168.0.200','playerVirtual3','playerVirtual3_5b491bc7f3',1,2,4096,40,'2018-02-13 06:06:42',NULL),(9,'192.168.0.200','playerVirtual15_6955737','playerVirtual15','192.168.0.200','playerVirtual17','playerVirtual17_2bf46b2d40',3,1,2048,20,'2018-02-13 06:06:42','2018-02-13 06:26:11'),(10,'192.168.0.200','playerVirtual17_257338104','playerVirtual17','192.168.0.200','playerVirtual15','playerVirtual15_131810c07b',1,2,4096,40,'2018-02-13 06:06:43',NULL),(11,'192.168.0.200','playerVirtual19_3584940347','playerVirtual19','192.168.0.200','playerVirtual5','playerVirtual19_3584940347',0,1,512,1,'2018-02-13 06:06:44','2018-02-13 06:06:44'),(12,'192.168.0.200','playerVirtual5_2433236783','playerVirtual5','192.168.0.200','playerVirtual19','playerVirtual19_2122d0b465',1,1,2048,20,'2018-02-13 06:06:44',NULL),(13,'192.168.0.200','playerVirtual9_3338579772','playerVirtual9','192.168.0.200','playerVirtual7','playerVirtual9_3338579772',0,1,2048,20,'2018-02-13 06:06:44','2018-02-13 06:06:44'),(14,'192.168.0.200','playerVirtual7_257407216','playerVirtual7','192.168.0.200','playerVirtual9','playerVirtual9_1102918af1',1,2,4096,40,'2018-02-13 06:06:45',NULL),(15,'192.168.0.200','playerVirtual14_182859403','playerVirtual14','192.168.0.200','playerVirtual12','playerVirtual12_61886190b5',3,1,512,1,'2018-02-13 06:06:52','2018-02-13 06:20:13'),(16,'192.168.0.200','playerVirtual12_2359368952','playerVirtual12','192.168.0.200','playerVirtual14','playerVirtual14_bb8c034a2b',3,1,512,1,'2018-02-13 06:06:55','2018-02-13 06:15:07'),(17,'192.168.0.200','playerVirtual0_16917741','playerVirtual0','192.168.0.200','playerVirtual16','playerVirtual16_15a30f9cd1',2,1,512,1,'2018-02-13 06:06:58','2018-02-13 08:00:19'),(18,'192.168.0.200','playerVirtual16_2545640208','playerVirtual16','192.168.0.200','playerVirtual0','playerVirtual16_2545640208',0,1,2048,20,'2018-02-13 06:07:07','2018-02-13 06:07:07'),(19,'192.168.0.200','playerVirtual18_908315','playerVirtual18','192.168.0.200','playerVirtual10','playerVirtual10_79293f3f0b',3,1,2048,20,'2018-02-13 06:07:10','2018-02-13 06:49:07'),(20,'192.168.0.200','playerVirtual10_539194189','playerVirtual10','192.168.0.200','playerVirtual18','playerVirtual18_52d90f6860',3,1,2048,20,'2018-02-13 06:07:17','2018-02-13 06:47:24'),(21,'192.168.0.200','playerVirtual1_4820204870','playerVirtual1','192.168.0.200','playerVirtual11','playerVirtual11_af17775b40',2,2,4096,40,'2018-02-13 06:09:55','2018-02-13 06:22:44'),(22,'192.168.0.200','playerVirtual11_8058564','playerVirtual11','192.168.0.200','playerVirtual1','playerVirtual11_8058564',0,1,2048,20,'2018-02-13 06:10:45','2018-02-13 06:10:45'),(23,'192.168.0.200','playerVirtual4_1429160667','playerVirtual4','192.168.0.200','playerVirtual8','playerVirtual8_e7696db919',1,1,2048,20,'2018-02-13 06:10:46',NULL),(24,'192.168.0.200','playerVirtual8_3338010893','playerVirtual8','192.168.0.200','playerVirtual4','playerVirtual8_3338010893',0,1,512,1,'2018-02-13 06:10:48','2018-02-13 06:10:48'),(25,'192.168.0.200','playerVirtual2_82730999','playerVirtual2','192.168.0.200','playerVirtual13','playerVirtual13_c50185d288',2,1,512,1,'2018-02-13 06:10:52','2018-02-13 08:03:30'),(26,'192.168.0.200','playerVirtual3_6571218','playerVirtual3','192.168.0.200','playerVirtual2','playerVirtual2_0577cf1c13',1,1,2048,20,'2018-02-13 06:10:54',NULL),(27,'192.168.0.200','playerVirtual13_351652724','playerVirtual13','192.168.0.200','playerVirtual3','playerVirtual13_351652724',0,1,2048,20,'2018-02-13 06:10:54','2018-02-13 06:10:54'),(28,'192.168.0.200','playerVirtual6_778566023','playerVirtual6','192.168.0.200','playerVirtual17','playerVirtual17_05da07e213',1,1,512,1,'2018-02-13 06:10:57',NULL),(29,'192.168.0.200','playerVirtual15_1436344784','playerVirtual15','192.168.0.200','playerVirtual6','playerVirtual15_1436344784',0,1,2048,20,'2018-02-13 06:11:00','2018-02-13 06:11:00'),(30,'192.168.0.200','playerVirtual17_1339662','playerVirtual17','192.168.0.200','playerVirtual15','playerVirtual15_57ca75b902',1,1,2048,20,'2018-02-13 06:11:02',NULL),(31,'192.168.0.200','playerVirtual19_317497342','playerVirtual19','192.168.0.200','playerVirtual5','playerVirtual19_317497342',0,1,512,1,'2018-02-13 06:11:03','2018-02-13 06:11:03'),(32,'192.168.0.200','playerVirtual5_284794223','playerVirtual5','192.168.0.200','playerVirtual19','playerVirtual19_e7c7292308',1,1,2048,20,'2018-02-13 06:11:03',NULL),(33,'192.168.0.200','playerVirtual9_359920779','playerVirtual9','192.168.0.200','playerVirtual7','playerVirtual9_359920779',0,1,512,1,'2018-02-13 06:11:04','2018-02-13 06:11:04'),(34,'192.168.0.200','playerVirtual7_904011','playerVirtual7','192.168.0.200','playerVirtual9','playerVirtual9_9f61a33cbd',2,1,2048,20,'2018-02-13 06:11:04','2018-02-13 06:46:01'),(35,'192.168.0.200','playerVirtual14_2904109077','playerVirtual14','192.168.0.200','playerVirtual12','playerVirtual12_0a2db42a01',1,1,512,1,'2018-02-13 06:11:04',NULL),(36,'192.168.0.200','playerVirtual12_257338074','playerVirtual12','192.168.0.200','playerVirtual14','playerVirtual14_c498e8faba',1,2,4096,40,'2018-02-13 06:11:07',NULL),(37,'192.168.0.200','playerVirtual0_905614','playerVirtual0','192.168.0.200','playerVirtual16','playerVirtual16_e3c59aa49d',1,1,2048,20,'2018-02-13 06:11:07',NULL),(38,'192.168.0.200','playerVirtual16_1093460','playerVirtual16','192.168.0.200','playerVirtual0','playerVirtual16_1093460',0,1,512,1,'2018-02-13 06:11:08','2018-02-13 06:11:08'),(39,'192.168.0.200','playerVirtual18_6569547','playerVirtual18','192.168.0.200','playerVirtual10','playerVirtual10_33fd8f9882',1,1,2048,20,'2018-02-13 06:11:08',NULL),(40,'192.168.0.200','playerVirtual10_470485660','playerVirtual10','192.168.0.200','playerVirtual18','playerVirtual18_7b0879ca4d',1,2,4096,40,'2018-02-13 06:11:08',NULL),(41,'192.168.0.200','playerVirtual1_30788568','playerVirtual1','192.168.0.200','playerVirtual11','playerVirtual11_b367b95aa5',1,1,512,1,'2018-02-13 06:13:10',NULL),(42,'192.168.0.200','playerVirtual11_5792765','playerVirtual11','192.168.0.200','playerVirtual1','playerVirtual11_5792765',0,1,512,1,'2018-02-13 06:13:13','2018-02-13 06:13:13'),(43,'192.168.0.200','playerVirtual4_38671842','playerVirtual4','192.168.0.200','playerVirtual8','playerVirtual8_29d85303ee',1,1,512,1,'2018-02-13 06:13:27',NULL),(44,'192.168.0.200','playerVirtual8_400453824','playerVirtual8','192.168.0.200','playerVirtual4','playerVirtual8_400453824',0,1,512,1,'2018-02-13 06:13:28','2018-02-13 06:13:28'),(45,'192.168.0.200','playerVirtual2_4820318661','playerVirtual2','192.168.0.200','playerVirtual13','playerVirtual13_9a5e63b98c',2,2,4096,40,'2018-02-13 06:13:34','2018-02-13 08:59:52'),(46,'192.168.0.200','playerVirtual3_4819935267','playerVirtual3','192.168.0.200','playerVirtual2','playerVirtual2_0b59b53eda',1,2,4096,40,'2018-02-13 06:13:38',NULL),(47,'192.168.0.200','playerVirtual13_4820217293','playerVirtual13','192.168.0.200','playerVirtual3','playerVirtual13_4820217293',0,2,4096,40,'2018-02-13 06:13:41','2018-02-13 06:13:41'),(48,'192.168.0.200','playerVirtual6_6264344062','playerVirtual6','192.168.0.200','playerVirtual17','playerVirtual17_47cdb0653e',2,1,512,1,'2018-02-13 06:13:42','2018-02-13 06:28:03'),(49,'192.168.0.200','playerVirtual15_2378747961','playerVirtual15','192.168.0.200','playerVirtual6','playerVirtual15_2378747961',0,1,512,1,'2018-02-13 06:13:52','2018-02-13 06:13:52'),(50,'192.168.0.200','playerVirtual17_5068098508','playerVirtual17','192.168.0.200','playerVirtual15','playerVirtual15_8092e4dc39',3,1,2048,20,'2018-02-13 06:13:57','2018-02-13 06:41:40'),(51,'192.168.0.200','playerVirtual19_227443932','playerVirtual19','192.168.0.200','playerVirtual9','playerVirtual9_111eff71d7',1,1,2048,20,'2018-02-13 06:15:11',NULL),(52,'192.168.0.200','playerVirtual9_2148750930','playerVirtual9','192.168.0.200','playerVirtual19','playerVirtual19_8ee57e6bf6',3,1,2048,20,'2018-02-13 06:15:17','2018-02-13 09:14:06'),(53,'192.168.0.200','playerVirtual14_765651','playerVirtual14','192.168.0.200','playerVirtual12','playerVirtual12_8ae17a7f31',1,1,2048,20,'2018-02-13 06:15:31',NULL),(54,'192.168.0.200','playerVirtual16_5623125514','playerVirtual16','192.168.0.200','playerVirtual14','playerVirtual14_ac220631f1',1,1,2048,20,'2018-02-13 06:15:54',NULL),(55,'192.168.0.200','playerVirtual18_284757920','playerVirtual18','192.168.0.200','playerVirtual16','playerVirtual16_478b91185a',1,1,2048,20,'2018-02-13 06:15:55',NULL),(56,'192.168.0.200','playerVirtual10_272887063','playerVirtual10','192.168.0.200','playerVirtual18','playerVirtual18_59c4730e59',3,1,2048,20,'2018-02-13 06:16:05','2018-02-13 06:22:09'),(57,'192.168.0.200','playerVirtual11_38676294','playerVirtual11','192.168.0.200','playerVirtual10','playerVirtual10_2d0780cc27',1,1,512,1,'2018-02-13 06:19:40',NULL),(58,'192.168.0.200','playerVirtual8_4820204870','playerVirtual8','192.168.0.200','playerVirtual11','playerVirtual11_3293cc6681',1,2,4096,40,'2018-02-13 06:20:57',NULL),(59,'192.168.0.200','playerVirtual12_6282149131','playerVirtual12','192.168.0.200','playerVirtual8','playerVirtual8_f0aca79ec1',1,1,512,1,'2018-02-13 06:21:07',NULL),(60,'192.168.0.200','playerVirtual2_990694203','playerVirtual2','192.168.0.200','playerVirtual3','playerVirtual3_5dae963b2a',3,1,2048,20,'2018-02-13 06:21:18','2018-02-13 06:24:01'),(61,'192.168.0.200','playerVirtual3_990694203','playerVirtual3','192.168.0.200','playerVirtual2','playerVirtual2_efdc037ead',2,1,2048,20,'2018-02-13 06:21:33','2018-02-13 06:24:53'),(62,'192.168.0.200','playerVirtual13_6280638724','playerVirtual13','192.168.0.200','playerVirtual17','playerVirtual17_774caaa5d0',1,1,512,1,'2018-02-13 06:21:39',NULL),(63,'192.168.0.200','playerVirtual6_6280643141','playerVirtual6','192.168.0.200','playerVirtual15','playerVirtual15_c02bd83a83',2,1,512,1,'2018-02-13 06:21:46','2018-02-13 08:24:49'),(64,'192.168.0.200','playerVirtual15_4476462938','playerVirtual15','192.168.0.200','playerVirtual6','playerVirtual15_4476462938',0,1,2048,20,'2018-02-13 06:21:55','2018-02-13 06:21:55'),(65,'192.168.0.200','playerVirtual17_272887063','playerVirtual17','192.168.0.200','playerVirtual9','playerVirtual9_a49a88b6e4',3,1,2048,20,'2018-02-13 06:22:03','2018-02-13 08:04:44'),(66,'192.168.0.200','playerVirtual19_2359368952','playerVirtual19','192.168.0.200','playerVirtual12','playerVirtual12_31de8903d5',1,1,512,1,'2018-02-13 06:22:06',NULL),(67,'192.168.0.200','playerVirtual9_682797','playerVirtual9','192.168.0.200','playerVirtual19','playerVirtual19_2ed3104925',1,1,2048,20,'2018-02-13 06:22:26',NULL),(68,'192.168.0.200','playerVirtual16_16914091','playerVirtual16','192.168.0.200','playerVirtual14','playerVirtual14_4d3c10f659',1,1,2048,20,'2018-02-13 06:22:37',NULL),(69,'192.168.0.200','playerVirtual18_182859403','playerVirtual18','192.168.0.200','playerVirtual16','playerVirtual16_e7b625b433',3,1,512,1,'2018-02-13 06:22:51','2018-02-13 06:40:00'),(70,'192.168.0.200','playerVirtual11_6285257156','playerVirtual11','192.168.0.200','playerVirtual18','playerVirtual18_a65f54a9d1',1,1,512,1,'2018-02-13 06:25:06',NULL),(71,'192.168.0.200','playerVirtual8_6955737','playerVirtual8','192.168.0.200','playerVirtual10','playerVirtual10_709e7e7c47',3,1,2048,20,'2018-02-13 06:25:44','2018-02-13 06:33:23'),(72,'192.168.0.200','playerVirtual14_6641406','playerVirtual14','192.168.0.200','playerVirtual11','playerVirtual11_f1c2f8df7f',1,1,2048,20,'2018-02-13 06:26:18',NULL),(73,'192.168.0.200','playerVirtual12_6955737','playerVirtual12','192.168.0.200','playerVirtual8','playerVirtual8_64fb6afe1c',1,1,2048,20,'2018-02-13 06:26:39',NULL),(74,'192.168.0.200','playerVirtual13_6289704471','playerVirtual13','192.168.0.200','playerVirtual2','playerVirtual13_6289704471',0,1,512,1,'2018-02-13 06:27:12','2018-02-13 06:27:12'),(75,'192.168.0.200','playerVirtual10_1438244924','playerVirtual10','192.168.0.200','playerVirtual17','playerVirtual17_6928e0e183',3,1,2048,20,'2018-02-13 06:27:43','2018-02-13 06:34:37'),(76,'192.168.0.200','playerVirtual17_1436344784','playerVirtual17','192.168.0.200','playerVirtual15','playerVirtual15_73d595768c',3,1,2048,20,'2018-02-13 06:27:46','2018-02-13 07:17:26'),(77,'192.168.0.200','playerVirtual19_794070039','playerVirtual19','192.168.0.200','playerVirtual9','playerVirtual9_3ea73e08a8',3,1,512,1,'2018-02-13 06:29:10','2018-02-13 08:56:51'),(78,'192.168.0.200','playerVirtual16_990694203','playerVirtual16','192.168.0.200','playerVirtual12','playerVirtual12_84100ddf88',3,1,2048,20,'2018-02-13 06:30:28','2018-02-13 06:37:13'),(79,'192.168.0.200','playerVirtual18_6296268057','playerVirtual18','192.168.0.200','playerVirtual19','playerVirtual19_52fafcfa14',1,1,512,1,'2018-02-13 06:31:49',NULL),(80,'192.168.0.200','playerVirtual2_6296865278','playerVirtual2','192.168.0.200','playerVirtual14','playerVirtual14_1743044ece',1,1,512,1,'2018-02-13 06:36:24',NULL),(81,'192.168.0.200','playerVirtual14_6264344062','playerVirtual14','192.168.0.200','playerVirtual16','playerVirtual16_b74da09ae0',1,1,2048,20,'2018-02-13 06:37:02',NULL),(82,'192.168.0.200','playerVirtual12_6301942525','playerVirtual12','192.168.0.200','playerVirtual18','playerVirtual18_5df6fcf617',1,1,512,1,'2018-02-13 06:39:28',NULL),(83,'192.168.0.200','playerVirtual9_5297461910','playerVirtual9','192.168.0.200','playerVirtual10','playerVirtual10_e235d51104',3,1,512,1,'2018-02-13 06:40:32','2018-02-13 07:45:21'),(84,'192.168.0.200','playerVirtual19_1095593','playerVirtual19','192.168.0.200','playerVirtual11','playerVirtual11_c5a57bca81',3,1,512,1,'2018-02-13 06:42:19','2018-02-13 06:49:34'),(85,'192.168.0.200','playerVirtual11_182859403','playerVirtual11','192.168.0.200','playerVirtual8','playerVirtual8_c4e8303092',1,1,512,1,'2018-02-13 06:45:01',NULL),(86,'192.168.0.200','playerVirtual14_4246147567','playerVirtual14','192.168.0.200','playerVirtual13','playerVirtual13_e10b6b433e',3,2,4096,40,'2018-02-13 06:49:27','2018-02-13 10:11:09'),(87,'192.168.0.200','playerVirtual13_4246147567','playerVirtual13','192.168.0.200','playerVirtual17','playerVirtual17_54f767ffa3',3,2,4096,40,'2018-02-13 06:49:47','2018-02-13 09:50:42'),(88,'192.168.0.200','playerVirtual12_6315250734','playerVirtual12','192.168.0.200','playerVirtual15','playerVirtual15_cc917b6270',1,1,512,1,'2018-02-13 06:50:06',NULL),(89,'192.168.0.200','playerVirtual17_2378747961','playerVirtual17','192.168.0.200','playerVirtual9','playerVirtual9_0afd229c7f',3,1,512,1,'2018-02-13 06:50:41','2018-02-13 08:15:33'),(90,'192.168.0.200','playerVirtual9_4246147567','playerVirtual9','192.168.0.200','playerVirtual12','playerVirtual12_de1e088b8c',3,2,4096,40,'2018-02-13 06:50:44','2018-02-13 10:10:41'),(91,'192.168.0.200','playerVirtual16_4246147567','playerVirtual16','192.168.0.200','playerVirtual19','playerVirtual19_cce05c9a21',3,2,4096,40,'2018-02-13 06:51:59','2018-02-13 09:03:08'),(92,'192.168.0.200','playerVirtual8_6289704471','playerVirtual8','192.168.0.200','playerVirtual14','playerVirtual14_ccd57fae3c',1,1,2048,20,'2018-02-13 06:54:07',NULL),(93,'192.168.0.200','playerVirtual15_4246147567','playerVirtual15','192.168.0.200','playerVirtual16','playerVirtual16_a8d5b4b44d',3,2,4096,40,'2018-02-13 06:54:39','2018-02-13 08:56:20'),(94,'192.168.0.200','playerVirtual11_4246147567','playerVirtual11','192.168.0.200','playerVirtual10','playerVirtual10_d0ca41b3bc',3,2,4096,40,'2018-02-13 06:55:42','2018-02-13 09:56:08'),(95,'192.168.0.200','playerVirtual10_4246147567','playerVirtual10','192.168.0.200','playerVirtual11','playerVirtual11_078773403f',3,2,4096,40,'2018-02-13 06:57:29','2018-02-13 10:02:55'),(96,'192.168.0.200','playerVirtual8_4246147567','playerVirtual8','192.168.0.200','playerVirtual18','playerVirtual18_e0fff39942',3,2,4096,40,'2018-02-13 07:02:33','2018-02-13 10:13:42'),(97,'192.168.0.200','playerVirtual18_1095593','playerVirtual18','192.168.0.200','playerVirtual8','playerVirtual8_4b1696fbdd',3,1,512,1,'2018-02-13 07:03:27','2018-02-13 09:57:42'),(98,'192.168.0.200','playerVirtual12_4246147567','playerVirtual12','192.168.0.200','playerVirtual13','playerVirtual13_3f8dcd933f',3,2,4096,40,'2018-02-13 07:05:02','2018-02-13 08:47:15'),(99,'192.168.0.200','playerVirtual17_359920779','playerVirtual17','192.168.0.200','playerVirtual9','playerVirtual9_2c63d018b4',3,1,512,1,'2018-02-13 07:06:22','2018-02-13 10:12:48'),(100,'192.168.0.200','playerVirtual19_6322213339','playerVirtual19','192.168.0.200','playerVirtual17','playerVirtual17_2c5d092696',1,1,512,1,'2018-02-13 07:06:48',NULL),(101,'192.168.0.200','playerVirtual14_4246147567','playerVirtual14','192.168.0.200','playerVirtual15','playerVirtual15_0236748eff',3,2,4096,40,'2018-02-13 07:15:19','2018-02-13 10:11:09'),(102,'192.168.0.200','playerVirtual18_6335261139','playerVirtual18','192.168.0.200','playerVirtual12','playerVirtual12_cccc018ef7',1,1,512,1,'2018-02-13 07:15:51',NULL),(103,'192.168.0.200','playerVirtual13_4246147567','playerVirtual13','192.168.0.200','playerVirtual19','playerVirtual19_ac071af431',3,2,4096,40,'2018-02-13 07:16:18','2018-02-13 09:50:42'),(104,'192.168.0.200','playerVirtual16_4246147567','playerVirtual16','192.168.0.200','playerVirtual14','playerVirtual14_d00c1b9b13',3,2,4096,40,'2018-02-13 07:17:15','2018-02-13 09:03:08'),(105,'192.168.0.200','playerVirtual15_4246147567','playerVirtual15','192.168.0.200','playerVirtual16','playerVirtual16_5d4542ae37',3,2,4096,40,'2018-02-13 07:20:20','2018-02-13 08:56:20'),(106,'192.168.0.200','playerVirtual11_4246147567','playerVirtual11','192.168.0.200','playerVirtual10','playerVirtual10_1000024a67',3,2,4096,40,'2018-02-13 07:23:07','2018-02-13 09:56:08'),(107,'192.168.0.200','playerVirtual10_4246147567','playerVirtual10','192.168.0.200','playerVirtual11','playerVirtual11_372f219c68',3,2,4096,40,'2018-02-13 07:25:25','2018-02-13 10:02:55'),(108,'192.168.0.200','playerVirtual8_4246147567','playerVirtual8','192.168.0.200','playerVirtual18','playerVirtual18_ec090fda3f',3,2,4096,40,'2018-02-13 07:31:47','2018-02-13 10:13:42'),(109,'192.168.0.200','playerVirtual9_6344084916','playerVirtual9','192.168.0.200','playerVirtual8','playerVirtual8_b3e7f7b125',1,1,512,1,'2018-02-13 07:31:56',NULL),(110,'192.168.0.200','playerVirtual18_990694203','playerVirtual18','192.168.0.200','playerVirtual13','playerVirtual13_a2ebf2a5c1',3,1,2048,20,'2018-02-13 07:33:14','2018-02-13 07:45:37'),(111,'192.168.0.200','playerVirtual12_4246147567','playerVirtual12','192.168.0.200','playerVirtual9','playerVirtual9_f85bc5e6c8',3,2,4096,40,'2018-02-13 07:33:54','2018-02-13 08:47:15'),(112,'192.168.0.200','playerVirtual17_4246147567','playerVirtual17','192.168.0.200','playerVirtual15','playerVirtual15_4870e5bd49',3,2,4096,40,'2018-02-13 07:35:23','2018-02-13 09:57:28'),(113,'192.168.0.200','playerVirtual14_4246147567','playerVirtual14','192.168.0.200','playerVirtual17','playerVirtual17_1294fa1bb1',3,2,4096,40,'2018-02-13 07:44:31','2018-02-13 10:11:09'),(114,'192.168.0.200','playerVirtual13_82730999','playerVirtual13','192.168.0.200','playerVirtual12','playerVirtual12_e1956c37c0',1,1,512,1,'2018-02-13 07:45:36',NULL),(115,'192.168.0.200','playerVirtual16_272887063','playerVirtual16','192.168.0.200','playerVirtual19','playerVirtual19_ad70c4340b',1,1,2048,20,'2018-02-13 07:45:36',NULL),(116,'192.168.0.200','playerVirtual19_16917741','playerVirtual19','192.168.0.200','playerVirtual14','playerVirtual14_f18b179e13',3,1,512,1,'2018-02-13 07:47:42','2018-02-13 08:41:12'),(117,'192.168.0.200','playerVirtual15_4246147567','playerVirtual15','192.168.0.200','playerVirtual16','playerVirtual16_d01cc0d89f',3,2,4096,40,'2018-02-13 07:49:13','2018-02-13 08:56:20'),(118,'192.168.0.200','playerVirtual11_4820150269','playerVirtual11','192.168.0.200','playerVirtual10','playerVirtual10_d5119c1526',1,2,4096,40,'2018-02-13 07:53:00',NULL),(119,'192.168.0.200','playerVirtual16_5068098508','playerVirtual16','192.168.0.200','playerVirtual11','playerVirtual11_f4a965f7af',1,1,2048,20,'2018-02-13 07:54:39',NULL),(120,'192.168.0.200','playerVirtual10_3338579772','playerVirtual10','192.168.0.200','playerVirtual18','playerVirtual18_039f9ca930',1,1,2048,20,'2018-02-13 07:55:15',NULL),(121,'192.168.0.200','playerVirtual13_1436344784','playerVirtual13','192.168.0.200','playerVirtual8','playerVirtual8_c5b2ff2b02',1,1,2048,20,'2018-02-13 08:00:45',NULL),(122,'192.168.0.200','playerVirtual8_4246147567','playerVirtual8','192.168.0.200','playerVirtual13','playerVirtual13_dc7e5115b9',3,2,4096,40,'2018-02-13 08:02:34','2018-02-13 10:13:42'),(123,'192.168.0.200','playerVirtual9_4246147567','playerVirtual9','192.168.0.200','playerVirtual15','playerVirtual15_15a73550fe',3,2,4096,40,'2018-02-13 08:03:11','2018-02-13 10:10:41'),(124,'192.168.0.200','playerVirtual12_4246147567','playerVirtual12','192.168.0.200','playerVirtual9','playerVirtual9_c2bdb86aa9',3,2,4096,40,'2018-02-13 08:03:51','2018-02-13 08:47:15'),(125,'192.168.0.200','playerVirtual18_4246147567','playerVirtual18','192.168.0.200','playerVirtual17','playerVirtual17_f4cbcb5c61',3,2,4096,40,'2018-02-13 08:04:43','2018-02-13 09:28:57'),(126,'192.168.0.200','playerVirtual19_990694203','playerVirtual19','192.168.0.200','playerVirtual12','playerVirtual12_1fa4f46b7e',3,1,2048,20,'2018-02-13 08:06:55','2018-02-13 08:20:36'),(127,'192.168.0.200','playerVirtual11_4246147567','playerVirtual11','192.168.0.200','playerVirtual19','playerVirtual19_598f1743cf',3,2,4096,40,'2018-02-13 08:08:01','2018-02-13 09:56:08'),(128,'192.168.0.200','playerVirtual10_5792765','playerVirtual10','192.168.0.200','playerVirtual14','playerVirtual14_10628862a0',1,1,512,1,'2018-02-13 08:11:03',NULL),(129,'192.168.0.200','playerVirtual14_1438244924','playerVirtual14','192.168.0.200','playerVirtual16','playerVirtual16_bdbf62179f',1,1,2048,20,'2018-02-13 08:15:48',NULL),(130,'192.168.0.200','playerVirtual16_4246147567','playerVirtual16','192.168.0.200','playerVirtual10','playerVirtual10_ba8435055b',3,2,4096,40,'2018-02-13 08:19:17','2018-02-13 09:03:08'),(131,'192.168.0.200','playerVirtual13_4246147567','playerVirtual13','192.168.0.200','playerVirtual11','playerVirtual11_977ab0b725',3,2,4096,40,'2018-02-13 08:19:59','2018-02-13 09:50:42'),(132,'192.168.0.200','playerVirtual15_6280643141','playerVirtual15','192.168.0.200','playerVirtual18','playerVirtual18_667319448f',1,1,512,1,'2018-02-13 08:20:13',NULL),(133,'192.168.0.200','playerVirtual14_990694203','playerVirtual14','192.168.0.200','playerVirtual8','playerVirtual8_628b2ecadb',3,1,2048,20,'2018-02-13 08:29:30','2018-02-13 08:52:10'),(134,'192.168.0.200','playerVirtual15_4246147567','playerVirtual15','192.168.0.200','playerVirtual13','playerVirtual13_f30c4d307b',3,2,4096,40,'2018-02-13 08:29:34','2018-02-13 08:56:20'),(135,'192.168.0.200','playerVirtual10_4246147567','playerVirtual10','192.168.0.200','playerVirtual15','playerVirtual15_8e2f25d7f0',3,2,4096,40,'2018-02-13 08:30:34','2018-02-13 10:02:55'),(136,'192.168.0.200','playerVirtual9_4246147567','playerVirtual9','192.168.0.200','playerVirtual17','playerVirtual17_d6b7bc5276',3,2,4096,40,'2018-02-13 08:37:41','2018-02-13 10:10:41'),(137,'192.168.0.200','playerVirtual8_4246147567','playerVirtual8','192.168.0.200','playerVirtual12','playerVirtual12_92f962f06f',3,2,4096,40,'2018-02-13 08:37:41','2018-02-13 10:13:42'),(138,'192.168.0.200','playerVirtual12_4246147567','playerVirtual12','192.168.0.200','playerVirtual19','playerVirtual19_92b3f18236',3,2,4096,40,'2018-02-13 08:37:41','2018-02-13 08:47:15'),(139,'192.168.0.200','playerVirtual17_4246147567','playerVirtual17','192.168.0.200','playerVirtual9','playerVirtual9_b11319e7ee',3,2,4096,40,'2018-02-13 08:38:43','2018-02-13 09:57:28'),(140,'192.168.0.200','playerVirtual18_4246147567','playerVirtual18','192.168.0.200','playerVirtual14','playerVirtual14_8a633a249b',3,2,4096,40,'2018-02-13 08:40:09','2018-02-13 09:28:57'),(141,'192.168.0.200','playerVirtual16_4246147567','playerVirtual16','192.168.0.200','playerVirtual8','playerVirtual8_30774115f1',3,2,4096,40,'2018-02-13 08:55:04','2018-02-13 09:03:08'),(142,'192.168.0.200','playerVirtual13_990694203','playerVirtual13','192.168.0.200','playerVirtual16','playerVirtual16_93341cee3b',3,1,2048,20,'2018-02-13 08:56:07','2018-02-13 09:11:49'),(143,'192.168.0.200','playerVirtual11_4246147567','playerVirtual11','192.168.0.200','playerVirtual10','playerVirtual10_b1238577fe',3,2,4096,40,'2018-02-13 09:01:28','2018-02-13 09:56:08'),(144,'192.168.0.200','playerVirtual10_4246147567','playerVirtual10','192.168.0.200','playerVirtual11','playerVirtual11_2046d1f22a',3,2,4096,40,'2018-02-13 09:07:31','2018-02-13 10:02:55'),(145,'192.168.0.200','playerVirtual15_990694203','playerVirtual15','192.168.0.200','playerVirtual18','playerVirtual18_1c524b7d1b',3,1,2048,20,'2018-02-13 09:07:38','2018-02-13 09:35:24'),(146,'192.168.0.200','playerVirtual14_4246147567','playerVirtual14','192.168.0.200','playerVirtual13','playerVirtual13_ec39e3443f',3,2,4096,40,'2018-02-13 09:08:14','2018-02-13 10:11:09'),(147,'192.168.0.200','playerVirtual12_6370662053','playerVirtual12','192.168.0.200','playerVirtual15','playerVirtual15_57ed894dc9',1,1,512,1,'2018-02-13 09:14:54',NULL),(148,'192.168.0.200','playerVirtual8_4246147567','playerVirtual8','192.168.0.200','playerVirtual17','playerVirtual17_b6102d3182',3,2,4096,40,'2018-02-13 09:15:47','2018-02-13 10:13:42'),(149,'192.168.0.200','playerVirtual17_16917741','playerVirtual17','192.168.0.200','playerVirtual12','playerVirtual12_5ab5ed4876',1,1,512,1,'2018-02-13 09:16:02',NULL),(150,'192.168.0.200','playerVirtual18_4246147567','playerVirtual18','192.168.0.200','playerVirtual19','playerVirtual19_23a2e15d32',3,2,4096,40,'2018-02-13 09:17:40','2018-02-13 09:28:57'),(151,'192.168.0.200','playerVirtual19_4246147567','playerVirtual19','192.168.0.200','playerVirtual9','playerVirtual9_e9e9bbdbce',1,2,4096,40,'2018-02-13 09:19:32',NULL),(152,'192.168.0.200','playerVirtual12_990694203','playerVirtual12','192.168.0.200','playerVirtual14','playerVirtual14_9dd42a7eed',3,1,2048,20,'2018-02-13 09:28:11','2018-02-13 09:56:53'),(153,'192.168.0.200','playerVirtual9_5297461910','playerVirtual9','192.168.0.200','playerVirtual8','playerVirtual8_6a35ff1f2a',1,1,512,1,'2018-02-13 09:29:33',NULL),(154,'192.168.0.200','playerVirtual17_4246147567','playerVirtual17','192.168.0.200','playerVirtual16','playerVirtual16_3985d75b67',3,2,4096,40,'2018-02-13 09:30:58','2018-02-13 09:57:28'),(155,'192.168.0.200','playerVirtual13_4246147567','playerVirtual13','192.168.0.200','playerVirtual10','playerVirtual10_21a068329d',3,2,4096,40,'2018-02-13 09:36:31','2018-02-13 09:50:42'),(156,'192.168.0.200','playerVirtual11_4246147567','playerVirtual11','192.168.0.200','playerVirtual18','playerVirtual18_90a3e6a9f3',3,2,4096,40,'2018-02-13 09:41:31','2018-02-13 09:56:08'),(157,'192.168.0.200','playerVirtual10_4246147567','playerVirtual10','192.168.0.200','playerVirtual11','playerVirtual11_d45a73e8aa',3,2,4096,40,'2018-02-13 09:48:12','2018-02-13 10:02:55'),(158,'192.168.0.200','playerVirtual14_4246147567','playerVirtual14','192.168.0.200','playerVirtual13','playerVirtual13_f78b622db8',3,2,4096,40,'2018-02-13 09:49:30','2018-02-13 10:11:09'),(159,'192.168.0.200','playerVirtual15_359920779','playerVirtual15','192.168.0.200','playerVirtual17','playerVirtual17_cc4929bf51',1,1,512,1,'2018-02-13 09:50:47',NULL),(160,'192.168.0.200','playerVirtual9_4246147567','playerVirtual9','192.168.0.200','playerVirtual15','playerVirtual15_288f64d652',3,2,4096,40,'2018-02-13 09:55:14','2018-02-13 10:10:41'),(161,'192.168.0.200','playerVirtual8_4246147567','playerVirtual8','192.168.0.200','playerVirtual12','playerVirtual12_22b74999de',3,2,4096,40,'2018-02-13 09:57:05','2018-02-13 10:13:42'),(162,'192.168.0.200','playerVirtual12_4246147567','playerVirtual12','192.168.0.200','playerVirtual19','playerVirtual19_2d15474945',1,2,4096,40,'2018-02-13 10:12:03',NULL),(163,'192.168.0.200','playerVirtual18_4246147567','playerVirtual18','192.168.0.200','playerVirtual9','playerVirtual9_21135f4ece',1,2,4096,40,'2018-02-13 10:12:06',NULL);
/*!40000 ALTER TABLE `VM` ENABLE KEYS */;
UNLOCK TABLES;
/*!40103 SET TIME_ZONE=@OLD_TIME_ZONE */;

/*!40101 SET SQL_MODE=@OLD_SQL_MODE */;
/*!40014 SET FOREIGN_KEY_CHECKS=@OLD_FOREIGN_KEY_CHECKS */;
/*!40014 SET UNIQUE_CHECKS=@OLD_UNIQUE_CHECKS */;
/*!40101 SET CHARACTER_SET_CLIENT=@OLD_CHARACTER_SET_CLIENT */;
/*!40101 SET CHARACTER_SET_RESULTS=@OLD_CHARACTER_SET_RESULTS */;
/*!40101 SET COLLATION_CONNECTION=@OLD_COLLATION_CONNECTION */;
/*!40111 SET SQL_NOTES=@OLD_SQL_NOTES */;

-- Dump completed on 2018-02-13  8:14:29
